Sexe, Macroregiuni  regiuni de dezvoltare si judete, Ani, UM: Numar persoane, Valoare
Masculin, MACROREGIUNEA UNU, Anul 1991, Numar persoane, 11189
Masculin, MACROREGIUNEA UNU, Anul 1992, Numar persoane, 8484
Masculin, MACROREGIUNEA UNU, Anul 1993, Numar persoane, 3927
Masculin, MACROREGIUNEA UNU, Anul 1994, Numar persoane, 2994
Masculin, MACROREGIUNEA UNU, Anul 1995, Numar persoane, 4506
Masculin, MACROREGIUNEA UNU, Anul 1996, Numar persoane, 3438
Masculin, MACROREGIUNEA UNU, Anul 1997, Numar persoane, 3379
Masculin, MACROREGIUNEA UNU, Anul 1998, Numar persoane, 2256
Masculin, MACROREGIUNEA UNU, Anul 1999, Numar persoane, 1643
Masculin, MACROREGIUNEA UNU, Anul 2000, Numar persoane, 2298
Masculin, MACROREGIUNEA UNU, Anul 2001, Numar persoane, 1652
Masculin, MACROREGIUNEA UNU, Anul 2002, Numar persoane, 1398
Masculin, MACROREGIUNEA UNU, Anul 2003, Numar persoane, 1708
Masculin, MACROREGIUNEA UNU, Anul 2004, Numar persoane, 1960
Masculin, MACROREGIUNEA UNU, Anul 2005, Numar persoane, 1360
Masculin, MACROREGIUNEA UNU, Anul 2006, Numar persoane, 1680
Masculin, MACROREGIUNEA UNU, Anul 2007, Numar persoane, 860
Masculin, MACROREGIUNEA UNU, Anul 2008, Numar persoane, 956
Masculin, MACROREGIUNEA UNU, Anul 2009, Numar persoane, 1110
Masculin, MACROREGIUNEA UNU, Anul 2010, Numar persoane, 772
Masculin, MACROREGIUNEA UNU, Anul 2011, Numar persoane, 1599
Masculin, MACROREGIUNEA UNU, Anul 2012, Numar persoane, 1570
Masculin, MACROREGIUNEA UNU, Anul 2013, Numar persoane, 1560
Masculin, MACROREGIUNEA UNU, Anul 2014, Numar persoane, 1170
Masculin, MACROREGIUNEA UNU, Anul 2015, Numar persoane, 1510
Masculin, MACROREGIUNEA UNU, Anul 2016, Numar persoane, 2276
Masculin, MACROREGIUNEA UNU, Anul 2017, Numar persoane, 2209
Masculin, MACROREGIUNEA UNU, Anul 2018, Numar persoane, 2654
Masculin, MACROREGIUNEA UNU, Anul 2019, Numar persoane, 2462
Masculin, MACROREGIUNEA UNU, Anul 2020, Numar persoane, 1840
Masculin, MACROREGIUNEA UNU, Anul 2021, Numar persoane, 3092
Masculin, MACROREGIUNEA UNU, Anul 2022, Numar persoane, 4121
Masculin, MACROREGIUNEA UNU, Anul 2023, Numar persoane, 3739
Masculin, MACROREGIUNEA UNU, Anul 2024, Numar persoane, 3076
Masculin, Regiunea NORD-VEST, Anul 1991, Numar persoane, 3238
Masculin, Regiunea NORD-VEST, Anul 1992, Numar persoane, 3032
Masculin, Regiunea NORD-VEST, Anul 1993, Numar persoane, 1345
Masculin, Regiunea NORD-VEST, Anul 1994, Numar persoane, 1234
Masculin, Regiunea NORD-VEST, Anul 1995, Numar persoane, 1920
Masculin, Regiunea NORD-VEST, Anul 1996, Numar persoane, 1688
Masculin, Regiunea NORD-VEST, Anul 1997, Numar persoane, 1490
Masculin, Regiunea NORD-VEST, Anul 1998, Numar persoane, 1024
Masculin, Regiunea NORD-VEST, Anul 1999, Numar persoane, 771
Masculin, Regiunea NORD-VEST, Anul 2000, Numar persoane, 1107
Masculin, Regiunea NORD-VEST, Anul 2001, Numar persoane, 830
Masculin, Regiunea NORD-VEST, Anul 2002, Numar persoane, 718
Masculin, Regiunea NORD-VEST, Anul 2003, Numar persoane, 895
Masculin, Regiunea NORD-VEST, Anul 2004, Numar persoane, 927
Masculin, Regiunea NORD-VEST, Anul 2005, Numar persoane, 611
Masculin, Regiunea NORD-VEST, Anul 2006, Numar persoane, 710
Masculin, Regiunea NORD-VEST, Anul 2007, Numar persoane, 356
Masculin, Regiunea NORD-VEST, Anul 2008, Numar persoane, 438
Masculin, Regiunea NORD-VEST, Anul 2009, Numar persoane, 504
Masculin, Regiunea NORD-VEST, Anul 2010, Numar persoane, 375
Masculin, Regiunea NORD-VEST, Anul 2011, Numar persoane, 780
Masculin, Regiunea NORD-VEST, Anul 2012, Numar persoane, 789
Masculin, Regiunea NORD-VEST, Anul 2013, Numar persoane, 820
Masculin, Regiunea NORD-VEST, Anul 2014, Numar persoane, 577
Masculin, Regiunea NORD-VEST, Anul 2015, Numar persoane, 750
Masculin, Regiunea NORD-VEST, Anul 2016, Numar persoane, 1100
Masculin, Regiunea NORD-VEST, Anul 2017, Numar persoane, 1084
Masculin, Regiunea NORD-VEST, Anul 2018, Numar persoane, 1301
Masculin, Regiunea NORD-VEST, Anul 2019, Numar persoane, 1174
Masculin, Regiunea NORD-VEST, Anul 2020, Numar persoane, 868
Masculin, Regiunea NORD-VEST, Anul 2021, Numar persoane, 1535
Masculin, Regiunea NORD-VEST, Anul 2022, Numar persoane, 1994
Masculin, Regiunea NORD-VEST, Anul 2023, Numar persoane, 1827
Masculin, Regiunea NORD-VEST, Anul 2024, Numar persoane, 1449
Masculin, Bihor, Anul 1991, Numar persoane, 883
Masculin, Bihor, Anul 1992, Numar persoane, 882
Masculin, Bihor, Anul 1993, Numar persoane, 364
Masculin, Bihor, Anul 1994, Numar persoane, 278
Masculin, Bihor, Anul 1995, Numar persoane, 468
Masculin, Bihor, Anul 1996, Numar persoane, 309
Masculin, Bihor, Anul 1997, Numar persoane, 362
Masculin, Bihor, Anul 1998, Numar persoane, 202
Masculin, Bihor, Anul 1999, Numar persoane, 128
Masculin, Bihor, Anul 2000, Numar persoane, 247
Masculin, Bihor, Anul 2001, Numar persoane, 176
Masculin, Bihor, Anul 2002, Numar persoane, 182
Masculin, Bihor, Anul 2003, Numar persoane, 198
Masculin, Bihor, Anul 2004, Numar persoane, 225
Masculin, Bihor, Anul 2005, Numar persoane, 116
Masculin, Bihor, Anul 2006, Numar persoane, 126
Masculin, Bihor, Anul 2007, Numar persoane, 66
Masculin, Bihor, Anul 2008, Numar persoane, 76
Masculin, Bihor, Anul 2009, Numar persoane, 97
Masculin, Bihor, Anul 2010, Numar persoane, 46
Masculin, Bihor, Anul 2011, Numar persoane, 120
Masculin, Bihor, Anul 2012, Numar persoane, 121
Masculin, Bihor, Anul 2013, Numar persoane, 126
Masculin, Bihor, Anul 2014, Numar persoane, 84
Masculin, Bihor, Anul 2015, Numar persoane, 92
Masculin, Bihor, Anul 2016, Numar persoane, 170
Masculin, Bihor, Anul 2017, Numar persoane, 132
Masculin, Bihor, Anul 2018, Numar persoane, 208
Masculin, Bihor, Anul 2019, Numar persoane, 172
Masculin, Bihor, Anul 2020, Numar persoane, 124
Masculin, Bihor, Anul 2021, Numar persoane, 248
Masculin, Bihor, Anul 2022, Numar persoane, 298
Masculin, Bihor, Anul 2023, Numar persoane, 303
Masculin, Bihor, Anul 2024, Numar persoane, 260
Masculin, Bistrita-Nasaud, Anul 1991, Numar persoane, 180
Masculin, Bistrita-Nasaud, Anul 1992, Numar persoane, 196
Masculin, Bistrita-Nasaud, Anul 1993, Numar persoane, 71
Masculin, Bistrita-Nasaud, Anul 1994, Numar persoane, 78
Masculin, Bistrita-Nasaud, Anul 1995, Numar persoane, 143
Masculin, Bistrita-Nasaud, Anul 1996, Numar persoane, 102
Masculin, Bistrita-Nasaud, Anul 1997, Numar persoane, 108
Masculin, Bistrita-Nasaud, Anul 1998, Numar persoane, 69
Masculin, Bistrita-Nasaud, Anul 1999, Numar persoane, 64
Masculin, Bistrita-Nasaud, Anul 2000, Numar persoane, 58
Masculin, Bistrita-Nasaud, Anul 2001, Numar persoane, 63
Masculin, Bistrita-Nasaud, Anul 2002, Numar persoane, 55
Masculin, Bistrita-Nasaud, Anul 2003, Numar persoane, 37
Masculin, Bistrita-Nasaud, Anul 2004, Numar persoane, 52
Masculin, Bistrita-Nasaud, Anul 2005, Numar persoane, 37
Masculin, Bistrita-Nasaud, Anul 2006, Numar persoane, 62
Masculin, Bistrita-Nasaud, Anul 2007, Numar persoane, 33
Masculin, Bistrita-Nasaud, Anul 2008, Numar persoane, 40
Masculin, Bistrita-Nasaud, Anul 2009, Numar persoane, 43
Masculin, Bistrita-Nasaud, Anul 2010, Numar persoane, 45
Masculin, Bistrita-Nasaud, Anul 2011, Numar persoane, 127
Masculin, Bistrita-Nasaud, Anul 2012, Numar persoane, 169
Masculin, Bistrita-Nasaud, Anul 2013, Numar persoane, 157
Masculin, Bistrita-Nasaud, Anul 2014, Numar persoane, 96
Masculin, Bistrita-Nasaud, Anul 2015, Numar persoane, 138
Masculin, Bistrita-Nasaud, Anul 2016, Numar persoane, 180
Masculin, Bistrita-Nasaud, Anul 2017, Numar persoane, 175
Masculin, Bistrita-Nasaud, Anul 2018, Numar persoane, 212
Masculin, Bistrita-Nasaud, Anul 2019, Numar persoane, 169
Masculin, Bistrita-Nasaud, Anul 2020, Numar persoane, 122
Masculin, Bistrita-Nasaud, Anul 2021, Numar persoane, 232
Masculin, Bistrita-Nasaud, Anul 2022, Numar persoane, 270
Masculin, Bistrita-Nasaud, Anul 2023, Numar persoane, 254
Masculin, Bistrita-Nasaud, Anul 2024, Numar persoane, 234
Masculin, Cluj, Anul 1991, Numar persoane, 761
Masculin, Cluj, Anul 1992, Numar persoane, 665
Masculin, Cluj, Anul 1993, Numar persoane, 312
Masculin, Cluj, Anul 1994, Numar persoane, 256
Masculin, Cluj, Anul 1995, Numar persoane, 452
Masculin, Cluj, Anul 1996, Numar persoane, 400
Masculin, Cluj, Anul 1997, Numar persoane, 337
Masculin, Cluj, Anul 1998, Numar persoane, 265
Masculin, Cluj, Anul 1999, Numar persoane, 266
Masculin, Cluj, Anul 2000, Numar persoane, 315
Masculin, Cluj, Anul 2001, Numar persoane, 275
Masculin, Cluj, Anul 2002, Numar persoane, 240
Masculin, Cluj, Anul 2003, Numar persoane, 325
Masculin, Cluj, Anul 2004, Numar persoane, 264
Masculin, Cluj, Anul 2005, Numar persoane, 184
Masculin, Cluj, Anul 2006, Numar persoane, 206
Masculin, Cluj, Anul 2007, Numar persoane, 109
Masculin, Cluj, Anul 2008, Numar persoane, 143
Masculin, Cluj, Anul 2009, Numar persoane, 172
Masculin, Cluj, Anul 2010, Numar persoane, 129
Masculin, Cluj, Anul 2011, Numar persoane, 209
Masculin, Cluj, Anul 2012, Numar persoane, 210
Masculin, Cluj, Anul 2013, Numar persoane, 208
Masculin, Cluj, Anul 2014, Numar persoane, 156
Masculin, Cluj, Anul 2015, Numar persoane, 209
Masculin, Cluj, Anul 2016, Numar persoane, 302
Masculin, Cluj, Anul 2017, Numar persoane, 348
Masculin, Cluj, Anul 2018, Numar persoane, 346
Masculin, Cluj, Anul 2019, Numar persoane, 343
Masculin, Cluj, Anul 2020, Numar persoane, 228
Masculin, Cluj, Anul 2021, Numar persoane, 435
Masculin, Cluj, Anul 2022, Numar persoane, 583
Masculin, Cluj, Anul 2023, Numar persoane, 475
Masculin, Cluj, Anul 2024, Numar persoane, 364
Masculin, Maramures, Anul 1991, Numar persoane, 451
Masculin, Maramures, Anul 1992, Numar persoane, 405
Masculin, Maramures, Anul 1993, Numar persoane, 199
Masculin, Maramures, Anul 1994, Numar persoane, 194
Masculin, Maramures, Anul 1995, Numar persoane, 323
Masculin, Maramures, Anul 1996, Numar persoane, 321
Masculin, Maramures, Anul 1997, Numar persoane, 236
Masculin, Maramures, Anul 1998, Numar persoane, 149
Masculin, Maramures, Anul 1999, Numar persoane, 93
Masculin, Maramures, Anul 2000, Numar persoane, 153
Masculin, Maramures, Anul 2001, Numar persoane, 105
Masculin, Maramures, Anul 2002, Numar persoane, 76
Masculin, Maramures, Anul 2003, Numar persoane, 130
Masculin, Maramures, Anul 2004, Numar persoane, 136
Masculin, Maramures, Anul 2005, Numar persoane, 114
Masculin, Maramures, Anul 2006, Numar persoane, 132
Masculin, Maramures, Anul 2007, Numar persoane, 66
Masculin, Maramures, Anul 2008, Numar persoane, 79
Masculin, Maramures, Anul 2009, Numar persoane, 116
Masculin, Maramures, Anul 2010, Numar persoane, 79
Masculin, Maramures, Anul 2011, Numar persoane, 131
Masculin, Maramures, Anul 2012, Numar persoane, 139
Masculin, Maramures, Anul 2013, Numar persoane, 164
Masculin, Maramures, Anul 2014, Numar persoane, 123
Masculin, Maramures, Anul 2015, Numar persoane, 139
Masculin, Maramures, Anul 2016, Numar persoane, 204
Masculin, Maramures, Anul 2017, Numar persoane, 197
Masculin, Maramures, Anul 2018, Numar persoane, 241
Masculin, Maramures, Anul 2019, Numar persoane, 210
Masculin, Maramures, Anul 2020, Numar persoane, 198
Masculin, Maramures, Anul 2021, Numar persoane, 302
Masculin, Maramures, Anul 2022, Numar persoane, 432
Masculin, Maramures, Anul 2023, Numar persoane, 409
Masculin, Maramures, Anul 2024, Numar persoane, 290
Masculin, Satu Mare, Anul 1991, Numar persoane, 838
Masculin, Satu Mare, Anul 1992, Numar persoane, 722
Masculin, Satu Mare, Anul 1993, Numar persoane, 330
Masculin, Satu Mare, Anul 1994, Numar persoane, 376
Masculin, Satu Mare, Anul 1995, Numar persoane, 426
Masculin, Satu Mare, Anul 1996, Numar persoane, 475
Masculin, Satu Mare, Anul 1997, Numar persoane, 355
Masculin, Satu Mare, Anul 1998, Numar persoane, 249
Masculin, Satu Mare, Anul 1999, Numar persoane, 160
Masculin, Satu Mare, Anul 2000, Numar persoane, 270
Masculin, Satu Mare, Anul 2001, Numar persoane, 139
Masculin, Satu Mare, Anul 2002, Numar persoane, 102
Masculin, Satu Mare, Anul 2003, Numar persoane, 147
Masculin, Satu Mare, Anul 2004, Numar persoane, 202
Masculin, Satu Mare, Anul 2005, Numar persoane, 136
Masculin, Satu Mare, Anul 2006, Numar persoane, 153
Masculin, Satu Mare, Anul 2007, Numar persoane, 65
Masculin, Satu Mare, Anul 2008, Numar persoane, 79
Masculin, Satu Mare, Anul 2009, Numar persoane, 54
Masculin, Satu Mare, Anul 2010, Numar persoane, 53
Masculin, Satu Mare, Anul 2011, Numar persoane, 144
Masculin, Satu Mare, Anul 2012, Numar persoane, 107
Masculin, Satu Mare, Anul 2013, Numar persoane, 114
Masculin, Satu Mare, Anul 2014, Numar persoane, 90
Masculin, Satu Mare, Anul 2015, Numar persoane, 148
Masculin, Satu Mare, Anul 2016, Numar persoane, 186
Masculin, Satu Mare, Anul 2017, Numar persoane, 180
Masculin, Satu Mare, Anul 2018, Numar persoane, 218
Masculin, Satu Mare, Anul 2019, Numar persoane, 218
Masculin, Satu Mare, Anul 2020, Numar persoane, 134
Masculin, Satu Mare, Anul 2021, Numar persoane, 229
Masculin, Satu Mare, Anul 2022, Numar persoane, 287
Masculin, Satu Mare, Anul 2023, Numar persoane, 277
Masculin, Satu Mare, Anul 2024, Numar persoane, 214
Masculin, Salaj, Anul 1991, Numar persoane, 125
Masculin, Salaj, Anul 1992, Numar persoane, 162
Masculin, Salaj, Anul 1993, Numar persoane, 69
Masculin, Salaj, Anul 1994, Numar persoane, 52
Masculin, Salaj, Anul 1995, Numar persoane, 108
Masculin, Salaj, Anul 1996, Numar persoane, 81
Masculin, Salaj, Anul 1997, Numar persoane, 92
Masculin, Salaj, Anul 1998, Numar persoane, 90
Masculin, Salaj, Anul 1999, Numar persoane, 60
Masculin, Salaj, Anul 2000, Numar persoane, 64
Masculin, Salaj, Anul 2001, Numar persoane, 72
Masculin, Salaj, Anul 2002, Numar persoane, 63
Masculin, Salaj, Anul 2003, Numar persoane, 58
Masculin, Salaj, Anul 2004, Numar persoane, 48
Masculin, Salaj, Anul 2005, Numar persoane, 24
Masculin, Salaj, Anul 2006, Numar persoane, 31
Masculin, Salaj, Anul 2007, Numar persoane, 17
Masculin, Salaj, Anul 2008, Numar persoane, 21
Masculin, Salaj, Anul 2009, Numar persoane, 22
Masculin, Salaj, Anul 2010, Numar persoane, 23
Masculin, Salaj, Anul 2011, Numar persoane, 49
Masculin, Salaj, Anul 2012, Numar persoane, 43
Masculin, Salaj, Anul 2013, Numar persoane, 51
Masculin, Salaj, Anul 2014, Numar persoane, 28
Masculin, Salaj, Anul 2015, Numar persoane, 24
Masculin, Salaj, Anul 2016, Numar persoane, 58
Masculin, Salaj, Anul 2017, Numar persoane, 52
Masculin, Salaj, Anul 2018, Numar persoane, 76
Masculin, Salaj, Anul 2019, Numar persoane, 62
Masculin, Salaj, Anul 2020, Numar persoane, 62
Masculin, Salaj, Anul 2021, Numar persoane, 89
Masculin, Salaj, Anul 2022, Numar persoane, 124
Masculin, Salaj, Anul 2023, Numar persoane, 109
Masculin, Salaj, Anul 2024, Numar persoane, 87
Masculin, Regiunea CENTRU, Anul 1991, Numar persoane, 7951
Masculin, Regiunea CENTRU, Anul 1992, Numar persoane, 5452
Masculin, Regiunea CENTRU, Anul 1993, Numar persoane, 2582
Masculin, Regiunea CENTRU, Anul 1994, Numar persoane, 1760
Masculin, Regiunea CENTRU, Anul 1995, Numar persoane, 2586
Masculin, Regiunea CENTRU, Anul 1996, Numar persoane, 1750
Masculin, Regiunea CENTRU, Anul 1997, Numar persoane, 1889
Masculin, Regiunea CENTRU, Anul 1998, Numar persoane, 1232
Masculin, Regiunea CENTRU, Anul 1999, Numar persoane, 872
Masculin, Regiunea CENTRU, Anul 2000, Numar persoane, 1191
Masculin, Regiunea CENTRU, Anul 2001, Numar persoane, 822
Masculin, Regiunea CENTRU, Anul 2002, Numar persoane, 680
Masculin, Regiunea CENTRU, Anul 2003, Numar persoane, 813
Masculin, Regiunea CENTRU, Anul 2004, Numar persoane, 1033
Masculin, Regiunea CENTRU, Anul 2005, Numar persoane, 749
Masculin, Regiunea CENTRU, Anul 2006, Numar persoane, 970
Masculin, Regiunea CENTRU, Anul 2007, Numar persoane, 504
Masculin, Regiunea CENTRU, Anul 2008, Numar persoane, 518
Masculin, Regiunea CENTRU, Anul 2009, Numar persoane, 606
Masculin, Regiunea CENTRU, Anul 2010, Numar persoane, 397
Masculin, Regiunea CENTRU, Anul 2011, Numar persoane, 819
Masculin, Regiunea CENTRU, Anul 2012, Numar persoane, 781
Masculin, Regiunea CENTRU, Anul 2013, Numar persoane, 740
Masculin, Regiunea CENTRU, Anul 2014, Numar persoane, 593
Masculin, Regiunea CENTRU, Anul 2015, Numar persoane, 760
Masculin, Regiunea CENTRU, Anul 2016, Numar persoane, 1176
Masculin, Regiunea CENTRU, Anul 2017, Numar persoane, 1125
Masculin, Regiunea CENTRU, Anul 2018, Numar persoane, 1353
Masculin, Regiunea CENTRU, Anul 2019, Numar persoane, 1288
Masculin, Regiunea CENTRU, Anul 2020, Numar persoane, 972
Masculin, Regiunea CENTRU, Anul 2021, Numar persoane, 1557
Masculin, Regiunea CENTRU, Anul 2022, Numar persoane, 2127
Masculin, Regiunea CENTRU, Anul 2023, Numar persoane, 1912
Masculin, Regiunea CENTRU, Anul 2024, Numar persoane, 1627
Masculin, Alba, Anul 1991, Numar persoane, 616
Masculin, Alba, Anul 1992, Numar persoane, 320
Masculin, Alba, Anul 1993, Numar persoane, 290
Masculin, Alba, Anul 1994, Numar persoane, 130
Masculin, Alba, Anul 1995, Numar persoane, 233
Masculin, Alba, Anul 1996, Numar persoane, 148
Masculin, Alba, Anul 1997, Numar persoane, 147
Masculin, Alba, Anul 1998, Numar persoane, 67
Masculin, Alba, Anul 1999, Numar persoane, 72
Masculin, Alba, Anul 2000, Numar persoane, 84
Masculin, Alba, Anul 2001, Numar persoane, 68
Masculin, Alba, Anul 2002, Numar persoane, 37
Masculin, Alba, Anul 2003, Numar persoane, 61
Masculin, Alba, Anul 2004, Numar persoane, 66
Masculin, Alba, Anul 2005, Numar persoane, 44
Masculin, Alba, Anul 2006, Numar persoane, 89
Masculin, Alba, Anul 2007, Numar persoane, 46
Masculin, Alba, Anul 2008, Numar persoane, 59
Masculin, Alba, Anul 2009, Numar persoane, 44
Masculin, Alba, Anul 2010, Numar persoane, 40
Masculin, Alba, Anul 2011, Numar persoane, 107
Masculin, Alba, Anul 2012, Numar persoane, 143
Masculin, Alba, Anul 2013, Numar persoane, 104
Masculin, Alba, Anul 2014, Numar persoane, 77
Masculin, Alba, Anul 2015, Numar persoane, 84
Masculin, Alba, Anul 2016, Numar persoane, 127
Masculin, Alba, Anul 2017, Numar persoane, 121
Masculin, Alba, Anul 2018, Numar persoane, 184
Masculin, Alba, Anul 2019, Numar persoane, 183
Masculin, Alba, Anul 2020, Numar persoane, 117
Masculin, Alba, Anul 2021, Numar persoane, 208
Masculin, Alba, Anul 2022, Numar persoane, 268
Masculin, Alba, Anul 2023, Numar persoane, 235
Masculin, Alba, Anul 2024, Numar persoane, 184
Masculin, Brasov, Anul 1991, Numar persoane, 1727
Masculin, Brasov, Anul 1992, Numar persoane, 1000
Masculin, Brasov, Anul 1993, Numar persoane, 589
Masculin, Brasov, Anul 1994, Numar persoane, 480
Masculin, Brasov, Anul 1995, Numar persoane, 708
Masculin, Brasov, Anul 1996, Numar persoane, 516
Masculin, Brasov, Anul 1997, Numar persoane, 628
Masculin, Brasov, Anul 1998, Numar persoane, 427
Masculin, Brasov, Anul 1999, Numar persoane, 326
Masculin, Brasov, Anul 2000, Numar persoane, 454
Masculin, Brasov, Anul 2001, Numar persoane, 316
Masculin, Brasov, Anul 2002, Numar persoane, 225
Masculin, Brasov, Anul 2003, Numar persoane, 256
Masculin, Brasov, Anul 2004, Numar persoane, 271
Masculin, Brasov, Anul 2005, Numar persoane, 256
Masculin, Brasov, Anul 2006, Numar persoane, 324
Masculin, Brasov, Anul 2007, Numar persoane, 207
Masculin, Brasov, Anul 2008, Numar persoane, 180
Masculin, Brasov, Anul 2009, Numar persoane, 239
Masculin, Brasov, Anul 2010, Numar persoane, 127
Masculin, Brasov, Anul 2011, Numar persoane, 230
Masculin, Brasov, Anul 2012, Numar persoane, 202
Masculin, Brasov, Anul 2013, Numar persoane, 221
Masculin, Brasov, Anul 2014, Numar persoane, 169
Masculin, Brasov, Anul 2015, Numar persoane, 270
Masculin, Brasov, Anul 2016, Numar persoane, 424
Masculin, Brasov, Anul 2017, Numar persoane, 423
Masculin, Brasov, Anul 2018, Numar persoane, 480
Masculin, Brasov, Anul 2019, Numar persoane, 444
Masculin, Brasov, Anul 2020, Numar persoane, 345
Masculin, Brasov, Anul 2021, Numar persoane, 494
Masculin, Brasov, Anul 2022, Numar persoane, 761
Masculin, Brasov, Anul 2023, Numar persoane, 655
Masculin, Brasov, Anul 2024, Numar persoane, 624
Masculin, Covasna, Anul 1991, Numar persoane, 252
Masculin, Covasna, Anul 1992, Numar persoane, 253
Masculin, Covasna, Anul 1993, Numar persoane, 83
Masculin, Covasna, Anul 1994, Numar persoane, 90
Masculin, Covasna, Anul 1995, Numar persoane, 134
Masculin, Covasna, Anul 1996, Numar persoane, 90
Masculin, Covasna, Anul 1997, Numar persoane, 88
Masculin, Covasna, Anul 1998, Numar persoane, 46
Masculin, Covasna, Anul 1999, Numar persoane, 40
Masculin, Covasna, Anul 2000, Numar persoane, 52
Masculin, Covasna, Anul 2001, Numar persoane, 35
Masculin, Covasna, Anul 2002, Numar persoane, 30
Masculin, Covasna, Anul 2003, Numar persoane, 34
Masculin, Covasna, Anul 2004, Numar persoane, 46
Masculin, Covasna, Anul 2005, Numar persoane, 27
Masculin, Covasna, Anul 2006, Numar persoane, 49
Masculin, Covasna, Anul 2007, Numar persoane, 18
Masculin, Covasna, Anul 2008, Numar persoane, 21
Masculin, Covasna, Anul 2009, Numar persoane, 28
Masculin, Covasna, Anul 2010, Numar persoane, 23
Masculin, Covasna, Anul 2011, Numar persoane, 50
Masculin, Covasna, Anul 2012, Numar persoane, 32
Masculin, Covasna, Anul 2013, Numar persoane, 37
Masculin, Covasna, Anul 2014, Numar persoane, 21
Masculin, Covasna, Anul 2015, Numar persoane, 37
Masculin, Covasna, Anul 2016, Numar persoane, 55
Masculin, Covasna, Anul 2017, Numar persoane, 46
Masculin, Covasna, Anul 2018, Numar persoane, 50
Masculin, Covasna, Anul 2019, Numar persoane, 55
Masculin, Covasna, Anul 2020, Numar persoane, 28
Masculin, Covasna, Anul 2021, Numar persoane, 53
Masculin, Covasna, Anul 2022, Numar persoane, 79
Masculin, Covasna, Anul 2023, Numar persoane, 71
Masculin, Covasna, Anul 2024, Numar persoane, 65
Masculin, Harghita, Anul 1991, Numar persoane, 484
Masculin, Harghita, Anul 1992, Numar persoane, 494
Masculin, Harghita, Anul 1993, Numar persoane, 196
Masculin, Harghita, Anul 1994, Numar persoane, 166
Masculin, Harghita, Anul 1995, Numar persoane, 302
Masculin, Harghita, Anul 1996, Numar persoane, 160
Masculin, Harghita, Anul 1997, Numar persoane, 147
Masculin, Harghita, Anul 1998, Numar persoane, 101
Masculin, Harghita, Anul 1999, Numar persoane, 64
Masculin, Harghita, Anul 2000, Numar persoane, 83
Masculin, Harghita, Anul 2001, Numar persoane, 76
Masculin, Harghita, Anul 2002, Numar persoane, 73
Masculin, Harghita, Anul 2003, Numar persoane, 80
Masculin, Harghita, Anul 2004, Numar persoane, 164
Masculin, Harghita, Anul 2005, Numar persoane, 115
Masculin, Harghita, Anul 2006, Numar persoane, 103
Masculin, Harghita, Anul 2007, Numar persoane, 30
Masculin, Harghita, Anul 2008, Numar persoane, 25
Masculin, Harghita, Anul 2009, Numar persoane, 32
Masculin, Harghita, Anul 2010, Numar persoane, 25
Masculin, Harghita, Anul 2011, Numar persoane, 59
Masculin, Harghita, Anul 2012, Numar persoane, 48
Masculin, Harghita, Anul 2013, Numar persoane, 48
Masculin, Harghita, Anul 2014, Numar persoane, 48
Masculin, Harghita, Anul 2015, Numar persoane, 39
Masculin, Harghita, Anul 2016, Numar persoane, 48
Masculin, Harghita, Anul 2017, Numar persoane, 46
Masculin, Harghita, Anul 2018, Numar persoane, 46
Masculin, Harghita, Anul 2019, Numar persoane, 46
Masculin, Harghita, Anul 2020, Numar persoane, 36
Masculin, Harghita, Anul 2021, Numar persoane, 69
Masculin, Harghita, Anul 2022, Numar persoane, 101
Masculin, Harghita, Anul 2023, Numar persoane, 96
Masculin, Harghita, Anul 2024, Numar persoane, 84
Masculin, Mures, Anul 1991, Numar persoane, 1138
Masculin, Mures, Anul 1992, Numar persoane, 855
Masculin, Mures, Anul 1993, Numar persoane, 560
Masculin, Mures, Anul 1994, Numar persoane, 343
Masculin, Mures, Anul 1995, Numar persoane, 499
Masculin, Mures, Anul 1996, Numar persoane, 293
Masculin, Mures, Anul 1997, Numar persoane, 349
Masculin, Mures, Anul 1998, Numar persoane, 247
Masculin, Mures, Anul 1999, Numar persoane, 161
Masculin, Mures, Anul 2000, Numar persoane, 245
Masculin, Mures, Anul 2001, Numar persoane, 199
Masculin, Mures, Anul 2002, Numar persoane, 198
Masculin, Mures, Anul 2003, Numar persoane, 197
Masculin, Mures, Anul 2004, Numar persoane, 277
Masculin, Mures, Anul 2005, Numar persoane, 166
Masculin, Mures, Anul 2006, Numar persoane, 144
Masculin, Mures, Anul 2007, Numar persoane, 89
Masculin, Mures, Anul 2008, Numar persoane, 95
Masculin, Mures, Anul 2009, Numar persoane, 91
Masculin, Mures, Anul 2010, Numar persoane, 80
Masculin, Mures, Anul 2011, Numar persoane, 148
Masculin, Mures, Anul 2012, Numar persoane, 127
Masculin, Mures, Anul 2013, Numar persoane, 137
Masculin, Mures, Anul 2014, Numar persoane, 113
Masculin, Mures, Anul 2015, Numar persoane, 125
Masculin, Mures, Anul 2016, Numar persoane, 213
Masculin, Mures, Anul 2017, Numar persoane, 184
Masculin, Mures, Anul 2018, Numar persoane, 235
Masculin, Mures, Anul 2019, Numar persoane, 208
Masculin, Mures, Anul 2020, Numar persoane, 168
Masculin, Mures, Anul 2021, Numar persoane, 283
Masculin, Mures, Anul 2022, Numar persoane, 362
Masculin, Mures, Anul 2023, Numar persoane, 323
Masculin, Mures, Anul 2024, Numar persoane, 273
Masculin, Sibiu, Anul 1991, Numar persoane, 3734
Masculin, Sibiu, Anul 1992, Numar persoane, 2530
Masculin, Sibiu, Anul 1993, Numar persoane, 864
Masculin, Sibiu, Anul 1994, Numar persoane, 551
Masculin, Sibiu, Anul 1995, Numar persoane, 710
Masculin, Sibiu, Anul 1996, Numar persoane, 543
Masculin, Sibiu, Anul 1997, Numar persoane, 530
Masculin, Sibiu, Anul 1998, Numar persoane, 344
Masculin, Sibiu, Anul 1999, Numar persoane, 209
Masculin, Sibiu, Anul 2000, Numar persoane, 273
Masculin, Sibiu, Anul 2001, Numar persoane, 128
Masculin, Sibiu, Anul 2002, Numar persoane, 117
Masculin, Sibiu, Anul 2003, Numar persoane, 185
Masculin, Sibiu, Anul 2004, Numar persoane, 209
Masculin, Sibiu, Anul 2005, Numar persoane, 141
Masculin, Sibiu, Anul 2006, Numar persoane, 261
Masculin, Sibiu, Anul 2007, Numar persoane, 114
Masculin, Sibiu, Anul 2008, Numar persoane, 138
Masculin, Sibiu, Anul 2009, Numar persoane, 172
Masculin, Sibiu, Anul 2010, Numar persoane, 102
Masculin, Sibiu, Anul 2011, Numar persoane, 225
Masculin, Sibiu, Anul 2012, Numar persoane, 229
Masculin, Sibiu, Anul 2013, Numar persoane, 193
Masculin, Sibiu, Anul 2014, Numar persoane, 165
Masculin, Sibiu, Anul 2015, Numar persoane, 205
Masculin, Sibiu, Anul 2016, Numar persoane, 309
Masculin, Sibiu, Anul 2017, Numar persoane, 305
Masculin, Sibiu, Anul 2018, Numar persoane, 358
Masculin, Sibiu, Anul 2019, Numar persoane, 352
Masculin, Sibiu, Anul 2020, Numar persoane, 278
Masculin, Sibiu, Anul 2021, Numar persoane, 450
Masculin, Sibiu, Anul 2022, Numar persoane, 556
Masculin, Sibiu, Anul 2023, Numar persoane, 532
Masculin, Sibiu, Anul 2024, Numar persoane, 397
Masculin, MACROREGIUNEA DOI, Anul 1991, Numar persoane, 1750
Masculin, MACROREGIUNEA DOI, Anul 1992, Numar persoane, 1057
Masculin, MACROREGIUNEA DOI, Anul 1993, Numar persoane, 606
Masculin, MACROREGIUNEA DOI, Anul 1994, Numar persoane, 729
Masculin, MACROREGIUNEA DOI, Anul 1995, Numar persoane, 1052
Masculin, MACROREGIUNEA DOI, Anul 1996, Numar persoane, 1164
Masculin, MACROREGIUNEA DOI, Anul 1997, Numar persoane, 1342
Masculin, MACROREGIUNEA DOI, Anul 1998, Numar persoane, 1181
Masculin, MACROREGIUNEA DOI, Anul 1999, Numar persoane, 997
Masculin, MACROREGIUNEA DOI, Anul 2000, Numar persoane, 1433
Masculin, MACROREGIUNEA DOI, Anul 2001, Numar persoane, 1330
Masculin, MACROREGIUNEA DOI, Anul 2002, Numar persoane, 893
Masculin, MACROREGIUNEA DOI, Anul 2003, Numar persoane, 958
Masculin, MACROREGIUNEA DOI, Anul 2004, Numar persoane, 1168
Masculin, MACROREGIUNEA DOI, Anul 2005, Numar persoane, 1211
Masculin, MACROREGIUNEA DOI, Anul 2006, Numar persoane, 1511
Masculin, MACROREGIUNEA DOI, Anul 2007, Numar persoane, 822
Masculin, MACROREGIUNEA DOI, Anul 2008, Numar persoane, 787
Masculin, MACROREGIUNEA DOI, Anul 2009, Numar persoane, 965
Masculin, MACROREGIUNEA DOI, Anul 2010, Numar persoane, 807
Masculin, MACROREGIUNEA DOI, Anul 2011, Numar persoane, 2116
Masculin, MACROREGIUNEA DOI, Anul 2012, Numar persoane, 2115
Masculin, MACROREGIUNEA DOI, Anul 2013, Numar persoane, 2014
Masculin, MACROREGIUNEA DOI, Anul 2014, Numar persoane, 1405
Masculin, MACROREGIUNEA DOI, Anul 2015, Numar persoane, 1987
Masculin, MACROREGIUNEA DOI, Anul 2016, Numar persoane, 3109
Masculin, MACROREGIUNEA DOI, Anul 2017, Numar persoane, 3261
Masculin, MACROREGIUNEA DOI, Anul 2018, Numar persoane, 3975
Masculin, MACROREGIUNEA DOI, Anul 2019, Numar persoane, 4208
Masculin, MACROREGIUNEA DOI, Anul 2020, Numar persoane, 3481
Masculin, MACROREGIUNEA DOI, Anul 2021, Numar persoane, 6066
Masculin, MACROREGIUNEA DOI, Anul 2022, Numar persoane, 9494
Masculin, MACROREGIUNEA DOI, Anul 2023, Numar persoane, 10656
Masculin, MACROREGIUNEA DOI, Anul 2024, Numar persoane, 13451
Masculin, Regiunea NORD-EST, Anul 1991, Numar persoane, 924
Masculin, Regiunea NORD-EST, Anul 1992, Numar persoane, 575
Masculin, Regiunea NORD-EST, Anul 1993, Numar persoane, 281
Masculin, Regiunea NORD-EST, Anul 1994, Numar persoane, 371
Masculin, Regiunea NORD-EST, Anul 1995, Numar persoane, 553
Masculin, Regiunea NORD-EST, Anul 1996, Numar persoane, 651
Masculin, Regiunea NORD-EST, Anul 1997, Numar persoane, 758
Masculin, Regiunea NORD-EST, Anul 1998, Numar persoane, 733
Masculin, Regiunea NORD-EST, Anul 1999, Numar persoane, 590
Masculin, Regiunea NORD-EST, Anul 2000, Numar persoane, 879
Masculin, Regiunea NORD-EST, Anul 2001, Numar persoane, 906
Masculin, Regiunea NORD-EST, Anul 2002, Numar persoane, 597
Masculin, Regiunea NORD-EST, Anul 2003, Numar persoane, 611
Masculin, Regiunea NORD-EST, Anul 2004, Numar persoane, 767
Masculin, Regiunea NORD-EST, Anul 2005, Numar persoane, 734
Masculin, Regiunea NORD-EST, Anul 2006, Numar persoane, 981
Masculin, Regiunea NORD-EST, Anul 2007, Numar persoane, 526
Masculin, Regiunea NORD-EST, Anul 2008, Numar persoane, 488
Masculin, Regiunea NORD-EST, Anul 2009, Numar persoane, 582
Masculin, Regiunea NORD-EST, Anul 2010, Numar persoane, 492
Masculin, Regiunea NORD-EST, Anul 2011, Numar persoane, 1458
Masculin, Regiunea NORD-EST, Anul 2012, Numar persoane, 1434
Masculin, Regiunea NORD-EST, Anul 2013, Numar persoane, 1183
Masculin, Regiunea NORD-EST, Anul 2014, Numar persoane, 815
Masculin, Regiunea NORD-EST, Anul 2015, Numar persoane, 1208
Masculin, Regiunea NORD-EST, Anul 2016, Numar persoane, 1835
Masculin, Regiunea NORD-EST, Anul 2017, Numar persoane, 1947
Masculin, Regiunea NORD-EST, Anul 2018, Numar persoane, 2445
Masculin, Regiunea NORD-EST, Anul 2019, Numar persoane, 2664
Masculin, Regiunea NORD-EST, Anul 2020, Numar persoane, 2279
Masculin, Regiunea NORD-EST, Anul 2021, Numar persoane, 4005
Masculin, Regiunea NORD-EST, Anul 2022, Numar persoane, 6543
Masculin, Regiunea NORD-EST, Anul 2023, Numar persoane, 7714
Masculin, Regiunea NORD-EST, Anul 2024, Numar persoane, 10599
Masculin, Bacau, Anul 1991, Numar persoane, 95
Masculin, Bacau, Anul 1992, Numar persoane, 122
Masculin, Bacau, Anul 1993, Numar persoane, 69
Masculin, Bacau, Anul 1994, Numar persoane, 81
Masculin, Bacau, Anul 1995, Numar persoane, 103
Masculin, Bacau, Anul 1996, Numar persoane, 123
Masculin, Bacau, Anul 1997, Numar persoane, 136
Masculin, Bacau, Anul 1998, Numar persoane, 129
Masculin, Bacau, Anul 1999, Numar persoane, 123
Masculin, Bacau, Anul 2000, Numar persoane, 145
Masculin, Bacau, Anul 2001, Numar persoane, 166
Masculin, Bacau, Anul 2002, Numar persoane, 85
Masculin, Bacau, Anul 2003, Numar persoane, 133
Masculin, Bacau, Anul 2004, Numar persoane, 162
Masculin, Bacau, Anul 2005, Numar persoane, 217
Masculin, Bacau, Anul 2006, Numar persoane, 257
Masculin, Bacau, Anul 2007, Numar persoane, 99
Masculin, Bacau, Anul 2008, Numar persoane, 106
Masculin, Bacau, Anul 2009, Numar persoane, 125
Masculin, Bacau, Anul 2010, Numar persoane, 106
Masculin, Bacau, Anul 2011, Numar persoane, 182
Masculin, Bacau, Anul 2012, Numar persoane, 181
Masculin, Bacau, Anul 2013, Numar persoane, 177
Masculin, Bacau, Anul 2014, Numar persoane, 181
Masculin, Bacau, Anul 2015, Numar persoane, 251
Masculin, Bacau, Anul 2016, Numar persoane, 375
Masculin, Bacau, Anul 2017, Numar persoane, 359
Masculin, Bacau, Anul 2018, Numar persoane, 498
Masculin, Bacau, Anul 2019, Numar persoane, 536
Masculin, Bacau, Anul 2020, Numar persoane, 342
Masculin, Bacau, Anul 2021, Numar persoane, 633
Masculin, Bacau, Anul 2022, Numar persoane, 1096
Masculin, Bacau, Anul 2023, Numar persoane, 1139
Masculin, Bacau, Anul 2024, Numar persoane, 1363
Masculin, Botosani, Anul 1991, Numar persoane, 79
Masculin, Botosani, Anul 1992, Numar persoane, 40
Masculin, Botosani, Anul 1993, Numar persoane, 15
Masculin, Botosani, Anul 1994, Numar persoane, 24
Masculin, Botosani, Anul 1995, Numar persoane, 32
Masculin, Botosani, Anul 1996, Numar persoane, 58
Masculin, Botosani, Anul 1997, Numar persoane, 77
Masculin, Botosani, Anul 1998, Numar persoane, 65
Masculin, Botosani, Anul 1999, Numar persoane, 61
Masculin, Botosani, Anul 2000, Numar persoane, 68
Masculin, Botosani, Anul 2001, Numar persoane, 55
Masculin, Botosani, Anul 2002, Numar persoane, 56
Masculin, Botosani, Anul 2003, Numar persoane, 43
Masculin, Botosani, Anul 2004, Numar persoane, 47
Masculin, Botosani, Anul 2005, Numar persoane, 35
Masculin, Botosani, Anul 2006, Numar persoane, 47
Masculin, Botosani, Anul 2007, Numar persoane, 29
Masculin, Botosani, Anul 2008, Numar persoane, 39
Masculin, Botosani, Anul 2009, Numar persoane, 47
Masculin, Botosani, Anul 2010, Numar persoane, 39
Masculin, Botosani, Anul 2011, Numar persoane, 103
Masculin, Botosani, Anul 2012, Numar persoane, 101
Masculin, Botosani, Anul 2013, Numar persoane, 105
Masculin, Botosani, Anul 2014, Numar persoane, 84
Masculin, Botosani, Anul 2015, Numar persoane, 119
Masculin, Botosani, Anul 2016, Numar persoane, 152
Masculin, Botosani, Anul 2017, Numar persoane, 149
Masculin, Botosani, Anul 2018, Numar persoane, 192
Masculin, Botosani, Anul 2019, Numar persoane, 200
Masculin, Botosani, Anul 2020, Numar persoane, 158
Masculin, Botosani, Anul 2021, Numar persoane, 289
Masculin, Botosani, Anul 2022, Numar persoane, 479
Masculin, Botosani, Anul 2023, Numar persoane, 518
Masculin, Botosani, Anul 2024, Numar persoane, 766
Masculin, Iasi, Anul 1991, Numar persoane, 156
Masculin, Iasi, Anul 1992, Numar persoane, 116
Masculin, Iasi, Anul 1993, Numar persoane, 61
Masculin, Iasi, Anul 1994, Numar persoane, 72
Masculin, Iasi, Anul 1995, Numar persoane, 140
Masculin, Iasi, Anul 1996, Numar persoane, 131
Masculin, Iasi, Anul 1997, Numar persoane, 212
Masculin, Iasi, Anul 1998, Numar persoane, 201
Masculin, Iasi, Anul 1999, Numar persoane, 130
Masculin, Iasi, Anul 2000, Numar persoane, 186
Masculin, Iasi, Anul 2001, Numar persoane, 161
Masculin, Iasi, Anul 2002, Numar persoane, 57
Masculin, Iasi, Anul 2003, Numar persoane, 124
Masculin, Iasi, Anul 2004, Numar persoane, 139
Masculin, Iasi, Anul 2005, Numar persoane, 135
Masculin, Iasi, Anul 2006, Numar persoane, 195
Masculin, Iasi, Anul 2007, Numar persoane, 135
Masculin, Iasi, Anul 2008, Numar persoane, 109
Masculin, Iasi, Anul 2009, Numar persoane, 171
Masculin, Iasi, Anul 2010, Numar persoane, 128
Masculin, Iasi, Anul 2011, Numar persoane, 359
Masculin, Iasi, Anul 2012, Numar persoane, 301
Masculin, Iasi, Anul 2013, Numar persoane, 285
Masculin, Iasi, Anul 2014, Numar persoane, 222
Masculin, Iasi, Anul 2015, Numar persoane, 367
Masculin, Iasi, Anul 2016, Numar persoane, 565
Masculin, Iasi, Anul 2017, Numar persoane, 702
Masculin, Iasi, Anul 2018, Numar persoane, 805
Masculin, Iasi, Anul 2019, Numar persoane, 862
Masculin, Iasi, Anul 2020, Numar persoane, 840
Masculin, Iasi, Anul 2021, Numar persoane, 1461
Masculin, Iasi, Anul 2022, Numar persoane, 2473
Masculin, Iasi, Anul 2023, Numar persoane, 3064
Masculin, Iasi, Anul 2024, Numar persoane, 4485
Masculin, Neamt, Anul 1991, Numar persoane, 103
Masculin, Neamt, Anul 1992, Numar persoane, 87
Masculin, Neamt, Anul 1993, Numar persoane, 50
Masculin, Neamt, Anul 1994, Numar persoane, 73
Masculin, Neamt, Anul 1995, Numar persoane, 88
Masculin, Neamt, Anul 1996, Numar persoane, 116
Masculin, Neamt, Anul 1997, Numar persoane, 132
Masculin, Neamt, Anul 1998, Numar persoane, 132
Masculin, Neamt, Anul 1999, Numar persoane, 101
Masculin, Neamt, Anul 2000, Numar persoane, 173
Masculin, Neamt, Anul 2001, Numar persoane, 208
Masculin, Neamt, Anul 2002, Numar persoane, 165
Masculin, Neamt, Anul 2003, Numar persoane, 107
Masculin, Neamt, Anul 2004, Numar persoane, 155
Masculin, Neamt, Anul 2005, Numar persoane, 208
Masculin, Neamt, Anul 2006, Numar persoane, 287
Masculin, Neamt, Anul 2007, Numar persoane, 147
Masculin, Neamt, Anul 2008, Numar persoane, 112
Masculin, Neamt, Anul 2009, Numar persoane, 111
Masculin, Neamt, Anul 2010, Numar persoane, 80
Masculin, Neamt, Anul 2011, Numar persoane, 161
Masculin, Neamt, Anul 2012, Numar persoane, 141
Masculin, Neamt, Anul 2013, Numar persoane, 134
Masculin, Neamt, Anul 2014, Numar persoane, 109
Masculin, Neamt, Anul 2015, Numar persoane, 161
Masculin, Neamt, Anul 2016, Numar persoane, 277
Masculin, Neamt, Anul 2017, Numar persoane, 265
Masculin, Neamt, Anul 2018, Numar persoane, 300
Masculin, Neamt, Anul 2019, Numar persoane, 334
Masculin, Neamt, Anul 2020, Numar persoane, 248
Masculin, Neamt, Anul 2021, Numar persoane, 395
Masculin, Neamt, Anul 2022, Numar persoane, 606
Masculin, Neamt, Anul 2023, Numar persoane, 587
Masculin, Neamt, Anul 2024, Numar persoane, 544
Masculin, Suceava, Anul 1991, Numar persoane, 404
Masculin, Suceava, Anul 1992, Numar persoane, 174
Masculin, Suceava, Anul 1993, Numar persoane, 75
Masculin, Suceava, Anul 1994, Numar persoane, 98
Masculin, Suceava, Anul 1995, Numar persoane, 146
Masculin, Suceava, Anul 1996, Numar persoane, 171
Masculin, Suceava, Anul 1997, Numar persoane, 153
Masculin, Suceava, Anul 1998, Numar persoane, 161
Masculin, Suceava, Anul 1999, Numar persoane, 131
Masculin, Suceava, Anul 2000, Numar persoane, 245
Masculin, Suceava, Anul 2001, Numar persoane, 290
Masculin, Suceava, Anul 2002, Numar persoane, 219
Masculin, Suceava, Anul 2003, Numar persoane, 175
Masculin, Suceava, Anul 2004, Numar persoane, 215
Masculin, Suceava, Anul 2005, Numar persoane, 105
Masculin, Suceava, Anul 2006, Numar persoane, 155
Masculin, Suceava, Anul 2007, Numar persoane, 87
Masculin, Suceava, Anul 2008, Numar persoane, 92
Masculin, Suceava, Anul 2009, Numar persoane, 86
Masculin, Suceava, Anul 2010, Numar persoane, 88
Masculin, Suceava, Anul 2011, Numar persoane, 562
Masculin, Suceava, Anul 2012, Numar persoane, 609
Masculin, Suceava, Anul 2013, Numar persoane, 368
Masculin, Suceava, Anul 2014, Numar persoane, 108
Masculin, Suceava, Anul 2015, Numar persoane, 169
Masculin, Suceava, Anul 2016, Numar persoane, 233
Masculin, Suceava, Anul 2017, Numar persoane, 233
Masculin, Suceava, Anul 2018, Numar persoane, 298
Masculin, Suceava, Anul 2019, Numar persoane, 311
Masculin, Suceava, Anul 2020, Numar persoane, 263
Masculin, Suceava, Anul 2021, Numar persoane, 476
Masculin, Suceava, Anul 2022, Numar persoane, 626
Masculin, Suceava, Anul 2023, Numar persoane, 663
Masculin, Suceava, Anul 2024, Numar persoane, 748
Masculin, Vaslui, Anul 1991, Numar persoane, 87
Masculin, Vaslui, Anul 1992, Numar persoane, 36
Masculin, Vaslui, Anul 1993, Numar persoane, 11
Masculin, Vaslui, Anul 1994, Numar persoane, 23
Masculin, Vaslui, Anul 1995, Numar persoane, 44
Masculin, Vaslui, Anul 1996, Numar persoane, 52
Masculin, Vaslui, Anul 1997, Numar persoane, 48
Masculin, Vaslui, Anul 1998, Numar persoane, 45
Masculin, Vaslui, Anul 1999, Numar persoane, 44
Masculin, Vaslui, Anul 2000, Numar persoane, 62
Masculin, Vaslui, Anul 2001, Numar persoane, 26
Masculin, Vaslui, Anul 2002, Numar persoane, 15
Masculin, Vaslui, Anul 2003, Numar persoane, 29
Masculin, Vaslui, Anul 2004, Numar persoane, 49
Masculin, Vaslui, Anul 2005, Numar persoane, 34
Masculin, Vaslui, Anul 2006, Numar persoane, 40
Masculin, Vaslui, Anul 2007, Numar persoane, 29
Masculin, Vaslui, Anul 2008, Numar persoane, 30
Masculin, Vaslui, Anul 2009, Numar persoane, 42
Masculin, Vaslui, Anul 2010, Numar persoane, 51
Masculin, Vaslui, Anul 2011, Numar persoane, 91
Masculin, Vaslui, Anul 2012, Numar persoane, 101
Masculin, Vaslui, Anul 2013, Numar persoane, 114
Masculin, Vaslui, Anul 2014, Numar persoane, 111
Masculin, Vaslui, Anul 2015, Numar persoane, 141
Masculin, Vaslui, Anul 2016, Numar persoane, 233
Masculin, Vaslui, Anul 2017, Numar persoane, 239
Masculin, Vaslui, Anul 2018, Numar persoane, 352
Masculin, Vaslui, Anul 2019, Numar persoane, 421
Masculin, Vaslui, Anul 2020, Numar persoane, 428
Masculin, Vaslui, Anul 2021, Numar persoane, 751
Masculin, Vaslui, Anul 2022, Numar persoane, 1263
Masculin, Vaslui, Anul 2023, Numar persoane, 1743
Masculin, Vaslui, Anul 2024, Numar persoane, 2693
Masculin, Regiunea SUD-EST, Anul 1991, Numar persoane, 825
Masculin, Regiunea SUD-EST, Anul 1992, Numar persoane, 482
Masculin, Regiunea SUD-EST, Anul 1993, Numar persoane, 325
Masculin, Regiunea SUD-EST, Anul 1994, Numar persoane, 358
Masculin, Regiunea SUD-EST, Anul 1995, Numar persoane, 499
Masculin, Regiunea SUD-EST, Anul 1996, Numar persoane, 513
Masculin, Regiunea SUD-EST, Anul 1997, Numar persoane, 584
Masculin, Regiunea SUD-EST, Anul 1998, Numar persoane, 448
Masculin, Regiunea SUD-EST, Anul 1999, Numar persoane, 407
Masculin, Regiunea SUD-EST, Anul 2000, Numar persoane, 554
Masculin, Regiunea SUD-EST, Anul 2001, Numar persoane, 424
Masculin, Regiunea SUD-EST, Anul 2002, Numar persoane, 296
Masculin, Regiunea SUD-EST, Anul 2003, Numar persoane, 347
Masculin, Regiunea SUD-EST, Anul 2004, Numar persoane, 401
Masculin, Regiunea SUD-EST, Anul 2005, Numar persoane, 477
Masculin, Regiunea SUD-EST, Anul 2006, Numar persoane, 530
Masculin, Regiunea SUD-EST, Anul 2007, Numar persoane, 296
Masculin, Regiunea SUD-EST, Anul 2008, Numar persoane, 299
Masculin, Regiunea SUD-EST, Anul 2009, Numar persoane, 383
Masculin, Regiunea SUD-EST, Anul 2010, Numar persoane, 315
Masculin, Regiunea SUD-EST, Anul 2011, Numar persoane, 658
Masculin, Regiunea SUD-EST, Anul 2012, Numar persoane, 681
Masculin, Regiunea SUD-EST, Anul 2013, Numar persoane, 831
Masculin, Regiunea SUD-EST, Anul 2014, Numar persoane, 590
Masculin, Regiunea SUD-EST, Anul 2015, Numar persoane, 779
Masculin, Regiunea SUD-EST, Anul 2016, Numar persoane, 1274
Masculin, Regiunea SUD-EST, Anul 2017, Numar persoane, 1314
Masculin, Regiunea SUD-EST, Anul 2018, Numar persoane, 1530
Masculin, Regiunea SUD-EST, Anul 2019, Numar persoane, 1544
Masculin, Regiunea SUD-EST, Anul 2020, Numar persoane, 1202
Masculin, Regiunea SUD-EST, Anul 2021, Numar persoane, 2061
Masculin, Regiunea SUD-EST, Anul 2022, Numar persoane, 2951
Masculin, Regiunea SUD-EST, Anul 2023, Numar persoane, 2942
Masculin, Regiunea SUD-EST, Anul 2024, Numar persoane, 2852
Masculin, Braila, Anul 1991, Numar persoane, 80
Masculin, Braila, Anul 1992, Numar persoane, 26
Masculin, Braila, Anul 1993, Numar persoane, 20
Masculin, Braila, Anul 1994, Numar persoane, 29
Masculin, Braila, Anul 1995, Numar persoane, 39
Masculin, Braila, Anul 1996, Numar persoane, 53
Masculin, Braila, Anul 1997, Numar persoane, 51
Masculin, Braila, Anul 1998, Numar persoane, 38
Masculin, Braila, Anul 1999, Numar persoane, 31
Masculin, Braila, Anul 2000, Numar persoane, 66
Masculin, Braila, Anul 2001, Numar persoane, 44
Masculin, Braila, Anul 2002, Numar persoane, 26
Masculin, Braila, Anul 2003, Numar persoane, 34
Masculin, Braila, Anul 2004, Numar persoane, 28
Masculin, Braila, Anul 2005, Numar persoane, 37
Masculin, Braila, Anul 2006, Numar persoane, 37
Masculin, Braila, Anul 2007, Numar persoane, 31
Masculin, Braila, Anul 2008, Numar persoane, 32
Masculin, Braila, Anul 2009, Numar persoane, 48
Masculin, Braila, Anul 2010, Numar persoane, 38
Masculin, Braila, Anul 2011, Numar persoane, 67
Masculin, Braila, Anul 2012, Numar persoane, 78
Masculin, Braila, Anul 2013, Numar persoane, 77
Masculin, Braila, Anul 2014, Numar persoane, 67
Masculin, Braila, Anul 2015, Numar persoane, 93
Masculin, Braila, Anul 2016, Numar persoane, 148
Masculin, Braila, Anul 2017, Numar persoane, 160
Masculin, Braila, Anul 2018, Numar persoane, 157
Masculin, Braila, Anul 2019, Numar persoane, 164
Masculin, Braila, Anul 2020, Numar persoane, 151
Masculin, Braila, Anul 2021, Numar persoane, 210
Masculin, Braila, Anul 2022, Numar persoane, 312
Masculin, Braila, Anul 2023, Numar persoane, 267
Masculin, Braila, Anul 2024, Numar persoane, 181
Masculin, Buzau, Anul 1991, Numar persoane, 214
Masculin, Buzau, Anul 1992, Numar persoane, 29
Masculin, Buzau, Anul 1993, Numar persoane, 24
Masculin, Buzau, Anul 1994, Numar persoane, 32
Masculin, Buzau, Anul 1995, Numar persoane, 32
Masculin, Buzau, Anul 1996, Numar persoane, 60
Masculin, Buzau, Anul 1997, Numar persoane, 49
Masculin, Buzau, Anul 1998, Numar persoane, 56
Masculin, Buzau, Anul 1999, Numar persoane, 32
Masculin, Buzau, Anul 2000, Numar persoane, 49
Masculin, Buzau, Anul 2001, Numar persoane, 47
Masculin, Buzau, Anul 2002, Numar persoane, 39
Masculin, Buzau, Anul 2003, Numar persoane, 30
Masculin, Buzau, Anul 2004, Numar persoane, 33
Masculin, Buzau, Anul 2005, Numar persoane, 38
Masculin, Buzau, Anul 2006, Numar persoane, 30
Masculin, Buzau, Anul 2007, Numar persoane, 35
Masculin, Buzau, Anul 2008, Numar persoane, 34
Masculin, Buzau, Anul 2009, Numar persoane, 30
Masculin, Buzau, Anul 2010, Numar persoane, 28
Masculin, Buzau, Anul 2011, Numar persoane, 63
Masculin, Buzau, Anul 2012, Numar persoane, 63
Masculin, Buzau, Anul 2013, Numar persoane, 114
Masculin, Buzau, Anul 2014, Numar persoane, 48
Masculin, Buzau, Anul 2015, Numar persoane, 73
Masculin, Buzau, Anul 2016, Numar persoane, 124
Masculin, Buzau, Anul 2017, Numar persoane, 133
Masculin, Buzau, Anul 2018, Numar persoane, 137
Masculin, Buzau, Anul 2019, Numar persoane, 142
Masculin, Buzau, Anul 2020, Numar persoane, 111
Masculin, Buzau, Anul 2021, Numar persoane, 182
Masculin, Buzau, Anul 2022, Numar persoane, 277
Masculin, Buzau, Anul 2023, Numar persoane, 263
Masculin, Buzau, Anul 2024, Numar persoane, 205
Masculin, Constanta, Anul 1991, Numar persoane, 286
Masculin, Constanta, Anul 1992, Numar persoane, 254
Masculin, Constanta, Anul 1993, Numar persoane, 158
Masculin, Constanta, Anul 1994, Numar persoane, 174
Masculin, Constanta, Anul 1995, Numar persoane, 204
Masculin, Constanta, Anul 1996, Numar persoane, 171
Masculin, Constanta, Anul 1997, Numar persoane, 223
Masculin, Constanta, Anul 1998, Numar persoane, 161
Masculin, Constanta, Anul 1999, Numar persoane, 172
Masculin, Constanta, Anul 2000, Numar persoane, 229
Masculin, Constanta, Anul 2001, Numar persoane, 134
Masculin, Constanta, Anul 2002, Numar persoane, 110
Masculin, Constanta, Anul 2003, Numar persoane, 77
Masculin, Constanta, Anul 2004, Numar persoane, 95
Masculin, Constanta, Anul 2005, Numar persoane, 111
Masculin, Constanta, Anul 2006, Numar persoane, 120
Masculin, Constanta, Anul 2007, Numar persoane, 79
Masculin, Constanta, Anul 2008, Numar persoane, 82
Masculin, Constanta, Anul 2009, Numar persoane, 120
Masculin, Constanta, Anul 2010, Numar persoane, 96
Masculin, Constanta, Anul 2011, Numar persoane, 185
Masculin, Constanta, Anul 2012, Numar persoane, 200
Masculin, Constanta, Anul 2013, Numar persoane, 248
Masculin, Constanta, Anul 2014, Numar persoane, 171
Masculin, Constanta, Anul 2015, Numar persoane, 222
Masculin, Constanta, Anul 2016, Numar persoane, 371
Masculin, Constanta, Anul 2017, Numar persoane, 371
Masculin, Constanta, Anul 2018, Numar persoane, 448
Masculin, Constanta, Anul 2019, Numar persoane, 418
Masculin, Constanta, Anul 2020, Numar persoane, 323
Masculin, Constanta, Anul 2021, Numar persoane, 584
Masculin, Constanta, Anul 2022, Numar persoane, 708
Masculin, Constanta, Anul 2023, Numar persoane, 601
Masculin, Constanta, Anul 2024, Numar persoane, 430
Masculin, Galati, Anul 1991, Numar persoane, 135
Masculin, Galati, Anul 1992, Numar persoane, 108
Masculin, Galati, Anul 1993, Numar persoane, 72
Masculin, Galati, Anul 1994, Numar persoane, 72
Masculin, Galati, Anul 1995, Numar persoane, 137
Masculin, Galati, Anul 1996, Numar persoane, 120
Masculin, Galati, Anul 1997, Numar persoane, 113
Masculin, Galati, Anul 1998, Numar persoane, 88
Masculin, Galati, Anul 1999, Numar persoane, 73
Masculin, Galati, Anul 2000, Numar persoane, 70
Masculin, Galati, Anul 2001, Numar persoane, 82
Masculin, Galati, Anul 2002, Numar persoane, 48
Masculin, Galati, Anul 2003, Numar persoane, 69
Masculin, Galati, Anul 2004, Numar persoane, 140
Masculin, Galati, Anul 2005, Numar persoane, 137
Masculin, Galati, Anul 2006, Numar persoane, 157
Masculin, Galati, Anul 2007, Numar persoane, 85
Masculin, Galati, Anul 2008, Numar persoane, 93
Masculin, Galati, Anul 2009, Numar persoane, 113
Masculin, Galati, Anul 2010, Numar persoane, 89
Masculin, Galati, Anul 2011, Numar persoane, 213
Masculin, Galati, Anul 2012, Numar persoane, 210
Masculin, Galati, Anul 2013, Numar persoane, 221
Masculin, Galati, Anul 2014, Numar persoane, 168
Masculin, Galati, Anul 2015, Numar persoane, 237
Masculin, Galati, Anul 2016, Numar persoane, 360
Masculin, Galati, Anul 2017, Numar persoane, 394
Masculin, Galati, Anul 2018, Numar persoane, 457
Masculin, Galati, Anul 2019, Numar persoane, 508
Masculin, Galati, Anul 2020, Numar persoane, 396
Masculin, Galati, Anul 2021, Numar persoane, 690
Masculin, Galati, Anul 2022, Numar persoane, 1123
Masculin, Galati, Anul 2023, Numar persoane, 1226
Masculin, Galati, Anul 2024, Numar persoane, 1582
Masculin, Tulcea, Anul 1991, Numar persoane, 71
Masculin, Tulcea, Anul 1992, Numar persoane, 39
Masculin, Tulcea, Anul 1993, Numar persoane, 28
Masculin, Tulcea, Anul 1994, Numar persoane, 29
Masculin, Tulcea, Anul 1995, Numar persoane, 34
Masculin, Tulcea, Anul 1996, Numar persoane, 33
Masculin, Tulcea, Anul 1997, Numar persoane, 36
Masculin, Tulcea, Anul 1998, Numar persoane, 32
Masculin, Tulcea, Anul 1999, Numar persoane, 39
Masculin, Tulcea, Anul 2000, Numar persoane, 36
Masculin, Tulcea, Anul 2001, Numar persoane, 33
Masculin, Tulcea, Anul 2002, Numar persoane, 21
Masculin, Tulcea, Anul 2003, Numar persoane, 27
Masculin, Tulcea, Anul 2004, Numar persoane, 23
Masculin, Tulcea, Anul 2005, Numar persoane, 16
Masculin, Tulcea, Anul 2006, Numar persoane, 24
Masculin, Tulcea, Anul 2007, Numar persoane, 17
Masculin, Tulcea, Anul 2008, Numar persoane, 20
Masculin, Tulcea, Anul 2009, Numar persoane, 22
Masculin, Tulcea, Anul 2010, Numar persoane, 24
Masculin, Tulcea, Anul 2011, Numar persoane, 41
Masculin, Tulcea, Anul 2012, Numar persoane, 67
Masculin, Tulcea, Anul 2013, Numar persoane, 85
Masculin, Tulcea, Anul 2014, Numar persoane, 72
Masculin, Tulcea, Anul 2015, Numar persoane, 59
Masculin, Tulcea, Anul 2016, Numar persoane, 133
Masculin, Tulcea, Anul 2017, Numar persoane, 124
Masculin, Tulcea, Anul 2018, Numar persoane, 146
Masculin, Tulcea, Anul 2019, Numar persoane, 145
Masculin, Tulcea, Anul 2020, Numar persoane, 101
Masculin, Tulcea, Anul 2021, Numar persoane, 176
Masculin, Tulcea, Anul 2022, Numar persoane, 207
Masculin, Tulcea, Anul 2023, Numar persoane, 226
Masculin, Tulcea, Anul 2024, Numar persoane, 165
Masculin, Vrancea, Anul 1991, Numar persoane, 39
Masculin, Vrancea, Anul 1992, Numar persoane, 26
Masculin, Vrancea, Anul 1993, Numar persoane, 23
Masculin, Vrancea, Anul 1994, Numar persoane, 22
Masculin, Vrancea, Anul 1995, Numar persoane, 53
Masculin, Vrancea, Anul 1996, Numar persoane, 76
Masculin, Vrancea, Anul 1997, Numar persoane, 112
Masculin, Vrancea, Anul 1998, Numar persoane, 73
Masculin, Vrancea, Anul 1999, Numar persoane, 60
Masculin, Vrancea, Anul 2000, Numar persoane, 104
Masculin, Vrancea, Anul 2001, Numar persoane, 84
Masculin, Vrancea, Anul 2002, Numar persoane, 52
Masculin, Vrancea, Anul 2003, Numar persoane, 110
Masculin, Vrancea, Anul 2004, Numar persoane, 82
Masculin, Vrancea, Anul 2005, Numar persoane, 138
Masculin, Vrancea, Anul 2006, Numar persoane, 162
Masculin, Vrancea, Anul 2007, Numar persoane, 49
Masculin, Vrancea, Anul 2008, Numar persoane, 38
Masculin, Vrancea, Anul 2009, Numar persoane, 50
Masculin, Vrancea, Anul 2010, Numar persoane, 40
Masculin, Vrancea, Anul 2011, Numar persoane, 89
Masculin, Vrancea, Anul 2012, Numar persoane, 63
Masculin, Vrancea, Anul 2013, Numar persoane, 86
Masculin, Vrancea, Anul 2014, Numar persoane, 64
Masculin, Vrancea, Anul 2015, Numar persoane, 95
Masculin, Vrancea, Anul 2016, Numar persoane, 138
Masculin, Vrancea, Anul 2017, Numar persoane, 132
Masculin, Vrancea, Anul 2018, Numar persoane, 185
Masculin, Vrancea, Anul 2019, Numar persoane, 167
Masculin, Vrancea, Anul 2020, Numar persoane, 120
Masculin, Vrancea, Anul 2021, Numar persoane, 219
Masculin, Vrancea, Anul 2022, Numar persoane, 324
Masculin, Vrancea, Anul 2023, Numar persoane, 359
Masculin, Vrancea, Anul 2024, Numar persoane, 289
Masculin, MACROREGIUNEA TREI, Anul 1991, Numar persoane, 2934
Masculin, MACROREGIUNEA TREI, Anul 1992, Numar persoane, 2563
Masculin, MACROREGIUNEA TREI, Anul 1993, Numar persoane, 1348
Masculin, MACROREGIUNEA TREI, Anul 1994, Numar persoane, 1807
Masculin, MACROREGIUNEA TREI, Anul 1995, Numar persoane, 2994
Masculin, MACROREGIUNEA TREI, Anul 1996, Numar persoane, 2858
Masculin, MACROREGIUNEA TREI, Anul 1997, Numar persoane, 2306
Masculin, MACROREGIUNEA TREI, Anul 1998, Numar persoane, 3513
Masculin, MACROREGIUNEA TREI, Anul 1999, Numar persoane, 2233
Masculin, MACROREGIUNEA TREI, Anul 2000, Numar persoane, 1787
Masculin, MACROREGIUNEA TREI, Anul 2001, Numar persoane, 1237
Masculin, MACROREGIUNEA TREI, Anul 2002, Numar persoane, 785
Masculin, MACROREGIUNEA TREI, Anul 2003, Numar persoane, 975
Masculin, MACROREGIUNEA TREI, Anul 2004, Numar persoane, 959
Masculin, MACROREGIUNEA TREI, Anul 2005, Numar persoane, 878
Masculin, MACROREGIUNEA TREI, Anul 2006, Numar persoane, 1200
Masculin, MACROREGIUNEA TREI, Anul 2007, Numar persoane, 795
Masculin, MACROREGIUNEA TREI, Anul 2008, Numar persoane, 759
Masculin, MACROREGIUNEA TREI, Anul 2009, Numar persoane, 983
Masculin, MACROREGIUNEA TREI, Anul 2010, Numar persoane, 787
Masculin, MACROREGIUNEA TREI, Anul 2011, Numar persoane, 3571
Masculin, MACROREGIUNEA TREI, Anul 2012, Numar persoane, 3218
Masculin, MACROREGIUNEA TREI, Anul 2013, Numar persoane, 3667
Masculin, MACROREGIUNEA TREI, Anul 2014, Numar persoane, 1286
Masculin, MACROREGIUNEA TREI, Anul 2015, Numar persoane, 1882
Masculin, MACROREGIUNEA TREI, Anul 2016, Numar persoane, 2750
Masculin, MACROREGIUNEA TREI, Anul 2017, Numar persoane, 2870
Masculin, MACROREGIUNEA TREI, Anul 2018, Numar persoane, 3208
Masculin, MACROREGIUNEA TREI, Anul 2019, Numar persoane, 3167
Masculin, MACROREGIUNEA TREI, Anul 2020, Numar persoane, 2545
Masculin, MACROREGIUNEA TREI, Anul 2021, Numar persoane, 4065
Masculin, MACROREGIUNEA TREI, Anul 2022, Numar persoane, 5810
Masculin, MACROREGIUNEA TREI, Anul 2023, Numar persoane, 5530
Masculin, MACROREGIUNEA TREI, Anul 2024, Numar persoane, 6154
Masculin, Regiunea SUD-MUNTENIA, Anul 1991, Numar persoane, 1084
Masculin, Regiunea SUD-MUNTENIA, Anul 1992, Numar persoane, 320
Masculin, Regiunea SUD-MUNTENIA, Anul 1993, Numar persoane, 197
Masculin, Regiunea SUD-MUNTENIA, Anul 1994, Numar persoane, 234
Masculin, Regiunea SUD-MUNTENIA, Anul 1995, Numar persoane, 462
Masculin, Regiunea SUD-MUNTENIA, Anul 1996, Numar persoane, 496
Masculin, Regiunea SUD-MUNTENIA, Anul 1997, Numar persoane, 446
Masculin, Regiunea SUD-MUNTENIA, Anul 1998, Numar persoane, 346
Masculin, Regiunea SUD-MUNTENIA, Anul 1999, Numar persoane, 319
Masculin, Regiunea SUD-MUNTENIA, Anul 2000, Numar persoane, 504
Masculin, Regiunea SUD-MUNTENIA, Anul 2001, Numar persoane, 351
Masculin, Regiunea SUD-MUNTENIA, Anul 2002, Numar persoane, 169
Masculin, Regiunea SUD-MUNTENIA, Anul 2003, Numar persoane, 234
Masculin, Regiunea SUD-MUNTENIA, Anul 2004, Numar persoane, 206
Masculin, Regiunea SUD-MUNTENIA, Anul 2005, Numar persoane, 168
Masculin, Regiunea SUD-MUNTENIA, Anul 2006, Numar persoane, 239
Masculin, Regiunea SUD-MUNTENIA, Anul 2007, Numar persoane, 167
Masculin, Regiunea SUD-MUNTENIA, Anul 2008, Numar persoane, 173
Masculin, Regiunea SUD-MUNTENIA, Anul 2009, Numar persoane, 212
Masculin, Regiunea SUD-MUNTENIA, Anul 2010, Numar persoane, 213
Masculin, Regiunea SUD-MUNTENIA, Anul 2011, Numar persoane, 441
Masculin, Regiunea SUD-MUNTENIA, Anul 2012, Numar persoane, 605
Masculin, Regiunea SUD-MUNTENIA, Anul 2013, Numar persoane, 739
Masculin, Regiunea SUD-MUNTENIA, Anul 2014, Numar persoane, 521
Masculin, Regiunea SUD-MUNTENIA, Anul 2015, Numar persoane, 698
Masculin, Regiunea SUD-MUNTENIA, Anul 2016, Numar persoane, 1049
Masculin, Regiunea SUD-MUNTENIA, Anul 2017, Numar persoane, 1045
Masculin, Regiunea SUD-MUNTENIA, Anul 2018, Numar persoane, 1221
Masculin, Regiunea SUD-MUNTENIA, Anul 2019, Numar persoane, 1168
Masculin, Regiunea SUD-MUNTENIA, Anul 2020, Numar persoane, 948
Masculin, Regiunea SUD-MUNTENIA, Anul 2021, Numar persoane, 1376
Masculin, Regiunea SUD-MUNTENIA, Anul 2022, Numar persoane, 1956
Masculin, Regiunea SUD-MUNTENIA, Anul 2023, Numar persoane, 1761
Masculin, Regiunea SUD-MUNTENIA, Anul 2024, Numar persoane, 1430
Masculin, Arges, Anul 1991, Numar persoane, 173
Masculin, Arges, Anul 1992, Numar persoane, 49
Masculin, Arges, Anul 1993, Numar persoane, 45
Masculin, Arges, Anul 1994, Numar persoane, 58
Masculin, Arges, Anul 1995, Numar persoane, 132
Masculin, Arges, Anul 1996, Numar persoane, 111
Masculin, Arges, Anul 1997, Numar persoane, 115
Masculin, Arges, Anul 1998, Numar persoane, 109
Masculin, Arges, Anul 1999, Numar persoane, 86
Masculin, Arges, Anul 2000, Numar persoane, 82
Masculin, Arges, Anul 2001, Numar persoane, 76
Masculin, Arges, Anul 2002, Numar persoane, 51
Masculin, Arges, Anul 2003, Numar persoane, 26
Masculin, Arges, Anul 2004, Numar persoane, 32
Masculin, Arges, Anul 2005, Numar persoane, 32
Masculin, Arges, Anul 2006, Numar persoane, 45
Masculin, Arges, Anul 2007, Numar persoane, 28
Masculin, Arges, Anul 2008, Numar persoane, 32
Masculin, Arges, Anul 2009, Numar persoane, 41
Masculin, Arges, Anul 2010, Numar persoane, 55
Masculin, Arges, Anul 2011, Numar persoane, 79
Masculin, Arges, Anul 2012, Numar persoane, 96
Masculin, Arges, Anul 2013, Numar persoane, 87
Masculin, Arges, Anul 2014, Numar persoane, 79
Masculin, Arges, Anul 2015, Numar persoane, 104
Masculin, Arges, Anul 2016, Numar persoane, 149
Masculin, Arges, Anul 2017, Numar persoane, 134
Masculin, Arges, Anul 2018, Numar persoane, 156
Masculin, Arges, Anul 2019, Numar persoane, 182
Masculin, Arges, Anul 2020, Numar persoane, 149
Masculin, Arges, Anul 2021, Numar persoane, 205
Masculin, Arges, Anul 2022, Numar persoane, 313
Masculin, Arges, Anul 2023, Numar persoane, 278
Masculin, Arges, Anul 2024, Numar persoane, 213
Masculin, Calarasi, Anul 1991, Numar persoane, 140
Masculin, Calarasi, Anul 1992, Numar persoane, 16
Masculin, Calarasi, Anul 1993, Numar persoane, 11
Masculin, Calarasi, Anul 1994, Numar persoane, 19
Masculin, Calarasi, Anul 1995, Numar persoane, 30
Masculin, Calarasi, Anul 1996, Numar persoane, 42
Masculin, Calarasi, Anul 1997, Numar persoane, 37
Masculin, Calarasi, Anul 1998, Numar persoane, 27
Masculin, Calarasi, Anul 1999, Numar persoane, 20
Masculin, Calarasi, Anul 2000, Numar persoane, 37
Masculin, Calarasi, Anul 2001, Numar persoane, 29
Masculin, Calarasi, Anul 2002, Numar persoane, 8
Masculin, Calarasi, Anul 2003, Numar persoane, 21
Masculin, Calarasi, Anul 2004, Numar persoane, 8
Masculin, Calarasi, Anul 2005, Numar persoane, 8
Masculin, Calarasi, Anul 2006, Numar persoane, 10
Masculin, Calarasi, Anul 2007, Numar persoane, 13
Masculin, Calarasi, Anul 2008, Numar persoane, 11
Masculin, Calarasi, Anul 2009, Numar persoane, 14
Masculin, Calarasi, Anul 2010, Numar persoane, 12
Masculin, Calarasi, Anul 2011, Numar persoane, 38
Masculin, Calarasi, Anul 2012, Numar persoane, 36
Masculin, Calarasi, Anul 2013, Numar persoane, 68
Masculin, Calarasi, Anul 2014, Numar persoane, 50
Masculin, Calarasi, Anul 2015, Numar persoane, 83
Masculin, Calarasi, Anul 2016, Numar persoane, 74
Masculin, Calarasi, Anul 2017, Numar persoane, 92
Masculin, Calarasi, Anul 2018, Numar persoane, 94
Masculin, Calarasi, Anul 2019, Numar persoane, 117
Masculin, Calarasi, Anul 2020, Numar persoane, 97
Masculin, Calarasi, Anul 2021, Numar persoane, 121
Masculin, Calarasi, Anul 2022, Numar persoane, 182
Masculin, Calarasi, Anul 2023, Numar persoane, 157
Masculin, Calarasi, Anul 2024, Numar persoane, 138
Masculin, Dambovita, Anul 1991, Numar persoane, 218
Masculin, Dambovita, Anul 1992, Numar persoane, 49
Masculin, Dambovita, Anul 1993, Numar persoane, 16
Masculin, Dambovita, Anul 1994, Numar persoane, 30
Masculin, Dambovita, Anul 1995, Numar persoane, 55
Masculin, Dambovita, Anul 1996, Numar persoane, 56
Masculin, Dambovita, Anul 1997, Numar persoane, 63
Masculin, Dambovita, Anul 1998, Numar persoane, 35
Masculin, Dambovita, Anul 1999, Numar persoane, 32
Masculin, Dambovita, Anul 2000, Numar persoane, 79
Masculin, Dambovita, Anul 2001, Numar persoane, 39
Masculin, Dambovita, Anul 2002, Numar persoane, 14
Masculin, Dambovita, Anul 2003, Numar persoane, 41
Masculin, Dambovita, Anul 2004, Numar persoane, 46
Masculin, Dambovita, Anul 2005, Numar persoane, 29
Masculin, Dambovita, Anul 2006, Numar persoane, 39
Masculin, Dambovita, Anul 2007, Numar persoane, 35
Masculin, Dambovita, Anul 2008, Numar persoane, 27
Masculin, Dambovita, Anul 2009, Numar persoane, 42
Masculin, Dambovita, Anul 2010, Numar persoane, 37
Masculin, Dambovita, Anul 2011, Numar persoane, 54
Masculin, Dambovita, Anul 2012, Numar persoane, 88
Masculin, Dambovita, Anul 2013, Numar persoane, 123
Masculin, Dambovita, Anul 2014, Numar persoane, 98
Masculin, Dambovita, Anul 2015, Numar persoane, 101
Masculin, Dambovita, Anul 2016, Numar persoane, 157
Masculin, Dambovita, Anul 2017, Numar persoane, 185
Masculin, Dambovita, Anul 2018, Numar persoane, 213
Masculin, Dambovita, Anul 2019, Numar persoane, 228
Masculin, Dambovita, Anul 2020, Numar persoane, 184
Masculin, Dambovita, Anul 2021, Numar persoane, 269
Masculin, Dambovita, Anul 2022, Numar persoane, 359
Masculin, Dambovita, Anul 2023, Numar persoane, 317
Masculin, Dambovita, Anul 2024, Numar persoane, 300
Masculin, Giurgiu, Anul 1991, Numar persoane, 171
Masculin, Giurgiu, Anul 1992, Numar persoane, 13
Masculin, Giurgiu, Anul 1993, Numar persoane, 10
Masculin, Giurgiu, Anul 1994, Numar persoane, 5
Masculin, Giurgiu, Anul 1995, Numar persoane, 10
Masculin, Giurgiu, Anul 1996, Numar persoane, 13
Masculin, Giurgiu, Anul 1997, Numar persoane, 18
Masculin, Giurgiu, Anul 1998, Numar persoane, 13
Masculin, Giurgiu, Anul 1999, Numar persoane, 24
Masculin, Giurgiu, Anul 2000, Numar persoane, 28
Masculin, Giurgiu, Anul 2001, Numar persoane, 16
Masculin, Giurgiu, Anul 2002, Numar persoane, 4
Masculin, Giurgiu, Anul 2003, Numar persoane, 11
Masculin, Giurgiu, Anul 2004, Numar persoane, 9
Masculin, Giurgiu, Anul 2005, Numar persoane, 4
Masculin, Giurgiu, Anul 2006, Numar persoane, 10
Masculin, Giurgiu, Anul 2007, Numar persoane, 6
Masculin, Giurgiu, Anul 2008, Numar persoane, 2
Masculin, Giurgiu, Anul 2009, Numar persoane, 6
Masculin, Giurgiu, Anul 2010, Numar persoane, 9
Masculin, Giurgiu, Anul 2011, Numar persoane, 28
Masculin, Giurgiu, Anul 2012, Numar persoane, 35
Masculin, Giurgiu, Anul 2013, Numar persoane, 56
Masculin, Giurgiu, Anul 2014, Numar persoane, 41
Masculin, Giurgiu, Anul 2015, Numar persoane, 45
Masculin, Giurgiu, Anul 2016, Numar persoane, 68
Masculin, Giurgiu, Anul 2017, Numar persoane, 84
Masculin, Giurgiu, Anul 2018, Numar persoane, 96
Masculin, Giurgiu, Anul 2019, Numar persoane, 67
Masculin, Giurgiu, Anul 2020, Numar persoane, 64
Masculin, Giurgiu, Anul 2021, Numar persoane, 81
Masculin, Giurgiu, Anul 2022, Numar persoane, 154
Masculin, Giurgiu, Anul 2023, Numar persoane, 125
Masculin, Giurgiu, Anul 2024, Numar persoane, 85
Masculin, Ialomita, Anul 1991, Numar persoane, 58
Masculin, Ialomita, Anul 1992, Numar persoane, 21
Masculin, Ialomita, Anul 1993, Numar persoane, 15
Masculin, Ialomita, Anul 1994, Numar persoane, 8
Masculin, Ialomita, Anul 1995, Numar persoane, 22
Masculin, Ialomita, Anul 1996, Numar persoane, 30
Masculin, Ialomita, Anul 1997, Numar persoane, 26
Masculin, Ialomita, Anul 1998, Numar persoane, 24
Masculin, Ialomita, Anul 1999, Numar persoane, 28
Masculin, Ialomita, Anul 2000, Numar persoane, 45
Masculin, Ialomita, Anul 2001, Numar persoane, 24
Masculin, Ialomita, Anul 2002, Numar persoane, 12
Masculin, Ialomita, Anul 2003, Numar persoane, 25
Masculin, Ialomita, Anul 2004, Numar persoane, 21
Masculin, Ialomita, Anul 2005, Numar persoane, 11
Masculin, Ialomita, Anul 2006, Numar persoane, 12
Masculin, Ialomita, Anul 2007, Numar persoane, 8
Masculin, Ialomita, Anul 2008, Numar persoane, 3
Masculin, Ialomita, Anul 2009, Numar persoane, 13
Masculin, Ialomita, Anul 2010, Numar persoane, 14
Masculin, Ialomita, Anul 2011, Numar persoane, 30
Masculin, Ialomita, Anul 2012, Numar persoane, 40
Masculin, Ialomita, Anul 2013, Numar persoane, 60
Masculin, Ialomita, Anul 2014, Numar persoane, 34
Masculin, Ialomita, Anul 2015, Numar persoane, 55
Masculin, Ialomita, Anul 2016, Numar persoane, 115
Masculin, Ialomita, Anul 2017, Numar persoane, 93
Masculin, Ialomita, Anul 2018, Numar persoane, 113
Masculin, Ialomita, Anul 2019, Numar persoane, 88
Masculin, Ialomita, Anul 2020, Numar persoane, 63
Masculin, Ialomita, Anul 2021, Numar persoane, 119
Masculin, Ialomita, Anul 2022, Numar persoane, 154
Masculin, Ialomita, Anul 2023, Numar persoane, 151
Masculin, Ialomita, Anul 2024, Numar persoane, 174
Masculin, Prahova, Anul 1991, Numar persoane, 246
Masculin, Prahova, Anul 1992, Numar persoane, 148
Masculin, Prahova, Anul 1993, Numar persoane, 85
Masculin, Prahova, Anul 1994, Numar persoane, 100
Masculin, Prahova, Anul 1995, Numar persoane, 201
Masculin, Prahova, Anul 1996, Numar persoane, 219
Masculin, Prahova, Anul 1997, Numar persoane, 159
Masculin, Prahova, Anul 1998, Numar persoane, 122
Masculin, Prahova, Anul 1999, Numar persoane, 99
Masculin, Prahova, Anul 2000, Numar persoane, 183
Masculin, Prahova, Anul 2001, Numar persoane, 134
Masculin, Prahova, Anul 2002, Numar persoane, 73
Masculin, Prahova, Anul 2003, Numar persoane, 100
Masculin, Prahova, Anul 2004, Numar persoane, 78
Masculin, Prahova, Anul 2005, Numar persoane, 70
Masculin, Prahova, Anul 2006, Numar persoane, 99
Masculin, Prahova, Anul 2007, Numar persoane, 66
Masculin, Prahova, Anul 2008, Numar persoane, 78
Masculin, Prahova, Anul 2009, Numar persoane, 82
Masculin, Prahova, Anul 2010, Numar persoane, 64
Masculin, Prahova, Anul 2011, Numar persoane, 135
Masculin, Prahova, Anul 2012, Numar persoane, 171
Masculin, Prahova, Anul 2013, Numar persoane, 177
Masculin, Prahova, Anul 2014, Numar persoane, 109
Masculin, Prahova, Anul 2015, Numar persoane, 188
Masculin, Prahova, Anul 2016, Numar persoane, 286
Masculin, Prahova, Anul 2017, Numar persoane, 282
Masculin, Prahova, Anul 2018, Numar persoane, 325
Masculin, Prahova, Anul 2019, Numar persoane, 293
Masculin, Prahova, Anul 2020, Numar persoane, 229
Masculin, Prahova, Anul 2021, Numar persoane, 383
Masculin, Prahova, Anul 2022, Numar persoane, 539
Masculin, Prahova, Anul 2023, Numar persoane, 481
Masculin, Prahova, Anul 2024, Numar persoane, 336
Masculin, Teleorman, Anul 1991, Numar persoane, 78
Masculin, Teleorman, Anul 1992, Numar persoane, 24
Masculin, Teleorman, Anul 1993, Numar persoane, 15
Masculin, Teleorman, Anul 1994, Numar persoane, 14
Masculin, Teleorman, Anul 1995, Numar persoane, 12
Masculin, Teleorman, Anul 1996, Numar persoane, 25
Masculin, Teleorman, Anul 1997, Numar persoane, 28
Masculin, Teleorman, Anul 1998, Numar persoane, 16
Masculin, Teleorman, Anul 1999, Numar persoane, 30
Masculin, Teleorman, Anul 2000, Numar persoane, 50
Masculin, Teleorman, Anul 2001, Numar persoane, 33
Masculin, Teleorman, Anul 2002, Numar persoane, 7
Masculin, Teleorman, Anul 2003, Numar persoane, 10
Masculin, Teleorman, Anul 2004, Numar persoane, 12
Masculin, Teleorman, Anul 2005, Numar persoane, 14
Masculin, Teleorman, Anul 2006, Numar persoane, 24
Masculin, Teleorman, Anul 2007, Numar persoane, 11
Masculin, Teleorman, Anul 2008, Numar persoane, 20
Masculin, Teleorman, Anul 2009, Numar persoane, 14
Masculin, Teleorman, Anul 2010, Numar persoane, 22
Masculin, Teleorman, Anul 2011, Numar persoane, 77
Masculin, Teleorman, Anul 2012, Numar persoane, 139
Masculin, Teleorman, Anul 2013, Numar persoane, 168
Masculin, Teleorman, Anul 2014, Numar persoane, 110
Masculin, Teleorman, Anul 2015, Numar persoane, 122
Masculin, Teleorman, Anul 2016, Numar persoane, 200
Masculin, Teleorman, Anul 2017, Numar persoane, 175
Masculin, Teleorman, Anul 2018, Numar persoane, 224
Masculin, Teleorman, Anul 2019, Numar persoane, 193
Masculin, Teleorman, Anul 2020, Numar persoane, 162
Masculin, Teleorman, Anul 2021, Numar persoane, 198
Masculin, Teleorman, Anul 2022, Numar persoane, 255
Masculin, Teleorman, Anul 2023, Numar persoane, 252
Masculin, Teleorman, Anul 2024, Numar persoane, 184
Masculin, Regiunea BUCURESTI - ILFOV, Anul 1991, Numar persoane, 1850
Masculin, Regiunea BUCURESTI - ILFOV, Anul 1992, Numar persoane, 2243
Masculin, Regiunea BUCURESTI - ILFOV, Anul 1993, Numar persoane, 1151
Masculin, Regiunea BUCURESTI - ILFOV, Anul 1994, Numar persoane, 1573
Masculin, Regiunea BUCURESTI - ILFOV, Anul 1995, Numar persoane, 2532
Masculin, Regiunea BUCURESTI - ILFOV, Anul 1996, Numar persoane, 2362
Masculin, Regiunea BUCURESTI - ILFOV, Anul 1997, Numar persoane, 1860
Masculin, Regiunea BUCURESTI - ILFOV, Anul 1998, Numar persoane, 3167
Masculin, Regiunea BUCURESTI - ILFOV, Anul 1999, Numar persoane, 1914
Masculin, Regiunea BUCURESTI - ILFOV, Anul 2000, Numar persoane, 1283
Masculin, Regiunea BUCURESTI - ILFOV, Anul 2001, Numar persoane, 886
Masculin, Regiunea BUCURESTI - ILFOV, Anul 2002, Numar persoane, 616
Masculin, Regiunea BUCURESTI - ILFOV, Anul 2003, Numar persoane, 741
Masculin, Regiunea BUCURESTI - ILFOV, Anul 2004, Numar persoane, 753
Masculin, Regiunea BUCURESTI - ILFOV, Anul 2005, Numar persoane, 710
Masculin, Regiunea BUCURESTI - ILFOV, Anul 2006, Numar persoane, 961
Masculin, Regiunea BUCURESTI - ILFOV, Anul 2007, Numar persoane, 628
Masculin, Regiunea BUCURESTI - ILFOV, Anul 2008, Numar persoane, 586
Masculin, Regiunea BUCURESTI - ILFOV, Anul 2009, Numar persoane, 771
Masculin, Regiunea BUCURESTI - ILFOV, Anul 2010, Numar persoane, 574
Masculin, Regiunea BUCURESTI - ILFOV, Anul 2011, Numar persoane, 3130
Masculin, Regiunea BUCURESTI - ILFOV, Anul 2012, Numar persoane, 2613
Masculin, Regiunea BUCURESTI - ILFOV, Anul 2013, Numar persoane, 2928
Masculin, Regiunea BUCURESTI - ILFOV, Anul 2014, Numar persoane, 765
Masculin, Regiunea BUCURESTI - ILFOV, Anul 2015, Numar persoane, 1184
Masculin, Regiunea BUCURESTI - ILFOV, Anul 2016, Numar persoane, 1701
Masculin, Regiunea BUCURESTI - ILFOV, Anul 2017, Numar persoane, 1825
Masculin, Regiunea BUCURESTI - ILFOV, Anul 2018, Numar persoane, 1987
Masculin, Regiunea BUCURESTI - ILFOV, Anul 2019, Numar persoane, 1999
Masculin, Regiunea BUCURESTI - ILFOV, Anul 2020, Numar persoane, 1597
Masculin, Regiunea BUCURESTI - ILFOV, Anul 2021, Numar persoane, 2689
Masculin, Regiunea BUCURESTI - ILFOV, Anul 2022, Numar persoane, 3854
Masculin, Regiunea BUCURESTI - ILFOV, Anul 2023, Numar persoane, 3769
Masculin, Regiunea BUCURESTI - ILFOV, Anul 2024, Numar persoane, 4724
Masculin, Ilfov, Anul 1991, Numar persoane, 43
Masculin, Ilfov, Anul 1992, Numar persoane, 60
Masculin, Ilfov, Anul 1993, Numar persoane, 22
Masculin, Ilfov, Anul 1994, Numar persoane, 38
Masculin, Ilfov, Anul 1995, Numar persoane, 56
Masculin, Ilfov, Anul 1996, Numar persoane, 47
Masculin, Ilfov, Anul 1997, Numar persoane, 31
Masculin, Ilfov, Anul 1998, Numar persoane, 23
Masculin, Ilfov, Anul 1999, Numar persoane, 20
Masculin, Ilfov, Anul 2000, Numar persoane, 31
Masculin, Ilfov, Anul 2001, Numar persoane, 22
Masculin, Ilfov, Anul 2002, Numar persoane, 5
Masculin, Ilfov, Anul 2003, Numar persoane, 8
Masculin, Ilfov, Anul 2004, Numar persoane, 14
Masculin, Ilfov, Anul 2005, Numar persoane, 6
Masculin, Ilfov, Anul 2006, Numar persoane, 15
Masculin, Ilfov, Anul 2007, Numar persoane, 3
Masculin, Ilfov, Anul 2008, Numar persoane, 10
Masculin, Ilfov, Anul 2009, Numar persoane, 19
Masculin, Ilfov, Anul 2010, Numar persoane, 6
Masculin, Ilfov, Anul 2011, Numar persoane, 31
Masculin, Ilfov, Anul 2012, Numar persoane, 21
Masculin, Ilfov, Anul 2013, Numar persoane, 36
Masculin, Ilfov, Anul 2014, Numar persoane, 56
Masculin, Ilfov, Anul 2015, Numar persoane, 77
Masculin, Ilfov, Anul 2016, Numar persoane, 78
Masculin, Ilfov, Anul 2017, Numar persoane, 114
Masculin, Ilfov, Anul 2018, Numar persoane, 124
Masculin, Ilfov, Anul 2019, Numar persoane, 137
Masculin, Ilfov, Anul 2020, Numar persoane, 127
Masculin, Ilfov, Anul 2021, Numar persoane, 186
Masculin, Ilfov, Anul 2022, Numar persoane, 289
Masculin, Ilfov, Anul 2023, Numar persoane, 306
Masculin, Ilfov, Anul 2024, Numar persoane, 266
Masculin, Municipiul Bucuresti, Anul 1991, Numar persoane, 1807
Masculin, Municipiul Bucuresti, Anul 1992, Numar persoane, 2183
Masculin, Municipiul Bucuresti, Anul 1993, Numar persoane, 1129
Masculin, Municipiul Bucuresti, Anul 1994, Numar persoane, 1535
Masculin, Municipiul Bucuresti, Anul 1995, Numar persoane, 2476
Masculin, Municipiul Bucuresti, Anul 1996, Numar persoane, 2315
Masculin, Municipiul Bucuresti, Anul 1997, Numar persoane, 1829
Masculin, Municipiul Bucuresti, Anul 1998, Numar persoane, 3144
Masculin, Municipiul Bucuresti, Anul 1999, Numar persoane, 1894
Masculin, Municipiul Bucuresti, Anul 2000, Numar persoane, 1252
Masculin, Municipiul Bucuresti, Anul 2001, Numar persoane, 864
Masculin, Municipiul Bucuresti, Anul 2002, Numar persoane, 611
Masculin, Municipiul Bucuresti, Anul 2003, Numar persoane, 733
Masculin, Municipiul Bucuresti, Anul 2004, Numar persoane, 739
Masculin, Municipiul Bucuresti, Anul 2005, Numar persoane, 704
Masculin, Municipiul Bucuresti, Anul 2006, Numar persoane, 946
Masculin, Municipiul Bucuresti, Anul 2007, Numar persoane, 625
Masculin, Municipiul Bucuresti, Anul 2008, Numar persoane, 576
Masculin, Municipiul Bucuresti, Anul 2009, Numar persoane, 752
Masculin, Municipiul Bucuresti, Anul 2010, Numar persoane, 568
Masculin, Municipiul Bucuresti, Anul 2011, Numar persoane, 3099
Masculin, Municipiul Bucuresti, Anul 2012, Numar persoane, 2592
Masculin, Municipiul Bucuresti, Anul 2013, Numar persoane, 2892
Masculin, Municipiul Bucuresti, Anul 2014, Numar persoane, 709
Masculin, Municipiul Bucuresti, Anul 2015, Numar persoane, 1107
Masculin, Municipiul Bucuresti, Anul 2016, Numar persoane, 1623
Masculin, Municipiul Bucuresti, Anul 2017, Numar persoane, 1711
Masculin, Municipiul Bucuresti, Anul 2018, Numar persoane, 1863
Masculin, Municipiul Bucuresti, Anul 2019, Numar persoane, 1862
Masculin, Municipiul Bucuresti, Anul 2020, Numar persoane, 1470
Masculin, Municipiul Bucuresti, Anul 2021, Numar persoane, 2503
Masculin, Municipiul Bucuresti, Anul 2022, Numar persoane, 3565
Masculin, Municipiul Bucuresti, Anul 2023, Numar persoane, 3463
Masculin, Municipiul Bucuresti, Anul 2024, Numar persoane, 4458
Masculin, MACROREGIUNEA PATRU, Anul 1991, Numar persoane, 5338
Masculin, MACROREGIUNEA PATRU, Anul 1992, Numar persoane, 3981
Masculin, MACROREGIUNEA PATRU, Anul 1993, Numar persoane, 2870
Masculin, MACROREGIUNEA PATRU, Anul 1994, Numar persoane, 2356
Masculin, MACROREGIUNEA PATRU, Anul 1995, Numar persoane, 2926
Masculin, MACROREGIUNEA PATRU, Anul 1996, Numar persoane, 2619
Masculin, MACROREGIUNEA PATRU, Anul 1997, Numar persoane, 2396
Masculin, MACROREGIUNEA PATRU, Anul 1998, Numar persoane, 1510
Masculin, MACROREGIUNEA PATRU, Anul 1999, Numar persoane, 985
Masculin, MACROREGIUNEA PATRU, Anul 2000, Numar persoane, 1280
Masculin, MACROREGIUNEA PATRU, Anul 2001, Numar persoane, 792
Masculin, MACROREGIUNEA PATRU, Anul 2002, Numar persoane, 624
Masculin, MACROREGIUNEA PATRU, Anul 2003, Numar persoane, 772
Masculin, MACROREGIUNEA PATRU, Anul 2004, Numar persoane, 847
Masculin, MACROREGIUNEA PATRU, Anul 2005, Numar persoane, 661
Masculin, MACROREGIUNEA PATRU, Anul 2006, Numar persoane, 950
Masculin, MACROREGIUNEA PATRU, Anul 2007, Numar persoane, 611
Masculin, MACROREGIUNEA PATRU, Anul 2008, Numar persoane, 567
Masculin, MACROREGIUNEA PATRU, Anul 2009, Numar persoane, 710
Masculin, MACROREGIUNEA PATRU, Anul 2010, Numar persoane, 551
Masculin, MACROREGIUNEA PATRU, Anul 2011, Numar persoane, 1241
Masculin, MACROREGIUNEA PATRU, Anul 2012, Numar persoane, 1271
Masculin, MACROREGIUNEA PATRU, Anul 2013, Numar persoane, 1285
Masculin, MACROREGIUNEA PATRU, Anul 2014, Numar persoane, 915
Masculin, MACROREGIUNEA PATRU, Anul 2015, Numar persoane, 1142
Masculin, MACROREGIUNEA PATRU, Anul 2016, Numar persoane, 1872
Masculin, MACROREGIUNEA PATRU, Anul 2017, Numar persoane, 1858
Masculin, MACROREGIUNEA PATRU, Anul 2018, Numar persoane, 2152
Masculin, MACROREGIUNEA PATRU, Anul 2019, Numar persoane, 2036
Masculin, MACROREGIUNEA PATRU, Anul 2020, Numar persoane, 1744
Masculin, MACROREGIUNEA PATRU, Anul 2021, Numar persoane, 2732
Masculin, MACROREGIUNEA PATRU, Anul 2022, Numar persoane, 3770
Masculin, MACROREGIUNEA PATRU, Anul 2023, Numar persoane, 3351
Masculin, MACROREGIUNEA PATRU, Anul 2024, Numar persoane, 2620
Masculin, Regiunea SUD-VEST OLTENIA, Anul 1991, Numar persoane, 448
Masculin, Regiunea SUD-VEST OLTENIA, Anul 1992, Numar persoane, 320
Masculin, Regiunea SUD-VEST OLTENIA, Anul 1993, Numar persoane, 175
Masculin, Regiunea SUD-VEST OLTENIA, Anul 1994, Numar persoane, 198
Masculin, Regiunea SUD-VEST OLTENIA, Anul 1995, Numar persoane, 361
Masculin, Regiunea SUD-VEST OLTENIA, Anul 1996, Numar persoane, 387
Masculin, Regiunea SUD-VEST OLTENIA, Anul 1997, Numar persoane, 420
Masculin, Regiunea SUD-VEST OLTENIA, Anul 1998, Numar persoane, 299
Masculin, Regiunea SUD-VEST OLTENIA, Anul 1999, Numar persoane, 266
Masculin, Regiunea SUD-VEST OLTENIA, Anul 2000, Numar persoane, 370
Masculin, Regiunea SUD-VEST OLTENIA, Anul 2001, Numar persoane, 250
Masculin, Regiunea SUD-VEST OLTENIA, Anul 2002, Numar persoane, 136
Masculin, Regiunea SUD-VEST OLTENIA, Anul 2003, Numar persoane, 213
Masculin, Regiunea SUD-VEST OLTENIA, Anul 2004, Numar persoane, 251
Masculin, Regiunea SUD-VEST OLTENIA, Anul 2005, Numar persoane, 182
Masculin, Regiunea SUD-VEST OLTENIA, Anul 2006, Numar persoane, 226
Masculin, Regiunea SUD-VEST OLTENIA, Anul 2007, Numar persoane, 175
Masculin, Regiunea SUD-VEST OLTENIA, Anul 2008, Numar persoane, 140
Masculin, Regiunea SUD-VEST OLTENIA, Anul 2009, Numar persoane, 197
Masculin, Regiunea SUD-VEST OLTENIA, Anul 2010, Numar persoane, 148
Masculin, Regiunea SUD-VEST OLTENIA, Anul 2011, Numar persoane, 335
Masculin, Regiunea SUD-VEST OLTENIA, Anul 2012, Numar persoane, 356
Masculin, Regiunea SUD-VEST OLTENIA, Anul 2013, Numar persoane, 339
Masculin, Regiunea SUD-VEST OLTENIA, Anul 2014, Numar persoane, 275
Masculin, Regiunea SUD-VEST OLTENIA, Anul 2015, Numar persoane, 332
Masculin, Regiunea SUD-VEST OLTENIA, Anul 2016, Numar persoane, 599
Masculin, Regiunea SUD-VEST OLTENIA, Anul 2017, Numar persoane, 535
Masculin, Regiunea SUD-VEST OLTENIA, Anul 2018, Numar persoane, 641
Masculin, Regiunea SUD-VEST OLTENIA, Anul 2019, Numar persoane, 669
Masculin, Regiunea SUD-VEST OLTENIA, Anul 2020, Numar persoane, 517
Masculin, Regiunea SUD-VEST OLTENIA, Anul 2021, Numar persoane, 900
Masculin, Regiunea SUD-VEST OLTENIA, Anul 2022, Numar persoane, 1187
Masculin, Regiunea SUD-VEST OLTENIA, Anul 2023, Numar persoane, 1086
Masculin, Regiunea SUD-VEST OLTENIA, Anul 2024, Numar persoane, 835
Masculin, Dolj, Anul 1991, Numar persoane, 193
Masculin, Dolj, Anul 1992, Numar persoane, 124
Masculin, Dolj, Anul 1993, Numar persoane, 88
Masculin, Dolj, Anul 1994, Numar persoane, 86
Masculin, Dolj, Anul 1995, Numar persoane, 202
Masculin, Dolj, Anul 1996, Numar persoane, 207
Masculin, Dolj, Anul 1997, Numar persoane, 187
Masculin, Dolj, Anul 1998, Numar persoane, 119
Masculin, Dolj, Anul 1999, Numar persoane, 113
Masculin, Dolj, Anul 2000, Numar persoane, 147
Masculin, Dolj, Anul 2001, Numar persoane, 125
Masculin, Dolj, Anul 2002, Numar persoane, 57
Masculin, Dolj, Anul 2003, Numar persoane, 78
Masculin, Dolj, Anul 2004, Numar persoane, 122
Masculin, Dolj, Anul 2005, Numar persoane, 99
Masculin, Dolj, Anul 2006, Numar persoane, 123
Masculin, Dolj, Anul 2007, Numar persoane, 89
Masculin, Dolj, Anul 2008, Numar persoane, 64
Masculin, Dolj, Anul 2009, Numar persoane, 99
Masculin, Dolj, Anul 2010, Numar persoane, 65
Masculin, Dolj, Anul 2011, Numar persoane, 143
Masculin, Dolj, Anul 2012, Numar persoane, 139
Masculin, Dolj, Anul 2013, Numar persoane, 115
Masculin, Dolj, Anul 2014, Numar persoane, 119
Masculin, Dolj, Anul 2015, Numar persoane, 131
Masculin, Dolj, Anul 2016, Numar persoane, 247
Masculin, Dolj, Anul 2017, Numar persoane, 210
Masculin, Dolj, Anul 2018, Numar persoane, 217
Masculin, Dolj, Anul 2019, Numar persoane, 230
Masculin, Dolj, Anul 2020, Numar persoane, 195
Masculin, Dolj, Anul 2021, Numar persoane, 316
Masculin, Dolj, Anul 2022, Numar persoane, 435
Masculin, Dolj, Anul 2023, Numar persoane, 359
Masculin, Dolj, Anul 2024, Numar persoane, 265
Masculin, Gorj, Anul 1991, Numar persoane, 52
Masculin, Gorj, Anul 1992, Numar persoane, 47
Masculin, Gorj, Anul 1993, Numar persoane, 21
Masculin, Gorj, Anul 1994, Numar persoane, 23
Masculin, Gorj, Anul 1995, Numar persoane, 32
Masculin, Gorj, Anul 1996, Numar persoane, 41
Masculin, Gorj, Anul 1997, Numar persoane, 47
Masculin, Gorj, Anul 1998, Numar persoane, 28
Masculin, Gorj, Anul 1999, Numar persoane, 14
Masculin, Gorj, Anul 2000, Numar persoane, 27
Masculin, Gorj, Anul 2001, Numar persoane, 16
Masculin, Gorj, Anul 2002, Numar persoane, 15
Masculin, Gorj, Anul 2003, Numar persoane, 26
Masculin, Gorj, Anul 2004, Numar persoane, 16
Masculin, Gorj, Anul 2005, Numar persoane, 15
Masculin, Gorj, Anul 2006, Numar persoane, 19
Masculin, Gorj, Anul 2007, Numar persoane, 19
Masculin, Gorj, Anul 2008, Numar persoane, 15
Masculin, Gorj, Anul 2009, Numar persoane, 15
Masculin, Gorj, Anul 2010, Numar persoane, 20
Masculin, Gorj, Anul 2011, Numar persoane, 29
Masculin, Gorj, Anul 2012, Numar persoane, 32
Masculin, Gorj, Anul 2013, Numar persoane, 27
Masculin, Gorj, Anul 2014, Numar persoane, 24
Masculin, Gorj, Anul 2015, Numar persoane, 44
Masculin, Gorj, Anul 2016, Numar persoane, 56
Masculin, Gorj, Anul 2017, Numar persoane, 62
Masculin, Gorj, Anul 2018, Numar persoane, 76
Masculin, Gorj, Anul 2019, Numar persoane, 96
Masculin, Gorj, Anul 2020, Numar persoane, 67
Masculin, Gorj, Anul 2021, Numar persoane, 125
Masculin, Gorj, Anul 2022, Numar persoane, 182
Masculin, Gorj, Anul 2023, Numar persoane, 158
Masculin, Gorj, Anul 2024, Numar persoane, 127
Masculin, Mehedinti, Anul 1991, Numar persoane, 86
Masculin, Mehedinti, Anul 1992, Numar persoane, 70
Masculin, Mehedinti, Anul 1993, Numar persoane, 37
Masculin, Mehedinti, Anul 1994, Numar persoane, 40
Masculin, Mehedinti, Anul 1995, Numar persoane, 46
Masculin, Mehedinti, Anul 1996, Numar persoane, 55
Masculin, Mehedinti, Anul 1997, Numar persoane, 86
Masculin, Mehedinti, Anul 1998, Numar persoane, 54
Masculin, Mehedinti, Anul 1999, Numar persoane, 45
Masculin, Mehedinti, Anul 2000, Numar persoane, 51
Masculin, Mehedinti, Anul 2001, Numar persoane, 25
Masculin, Mehedinti, Anul 2002, Numar persoane, 17
Masculin, Mehedinti, Anul 2003, Numar persoane, 18
Masculin, Mehedinti, Anul 2004, Numar persoane, 17
Masculin, Mehedinti, Anul 2005, Numar persoane, 13
Masculin, Mehedinti, Anul 2006, Numar persoane, 27
Masculin, Mehedinti, Anul 2007, Numar persoane, 22
Masculin, Mehedinti, Anul 2008, Numar persoane, 15
Masculin, Mehedinti, Anul 2009, Numar persoane, 19
Masculin, Mehedinti, Anul 2010, Numar persoane, 15
Masculin, Mehedinti, Anul 2011, Numar persoane, 45
Masculin, Mehedinti, Anul 2012, Numar persoane, 33
Masculin, Mehedinti, Anul 2013, Numar persoane, 43
Masculin, Mehedinti, Anul 2014, Numar persoane, 32
Masculin, Mehedinti, Anul 2015, Numar persoane, 42
Masculin, Mehedinti, Anul 2016, Numar persoane, 63
Masculin, Mehedinti, Anul 2017, Numar persoane, 64
Masculin, Mehedinti, Anul 2018, Numar persoane, 81
Masculin, Mehedinti, Anul 2019, Numar persoane, 94
Masculin, Mehedinti, Anul 2020, Numar persoane, 65
Masculin, Mehedinti, Anul 2021, Numar persoane, 122
Masculin, Mehedinti, Anul 2022, Numar persoane, 147
Masculin, Mehedinti, Anul 2023, Numar persoane, 159
Masculin, Mehedinti, Anul 2024, Numar persoane, 108
Masculin, Olt, Anul 1991, Numar persoane, 45
Masculin, Olt, Anul 1992, Numar persoane, 26
Masculin, Olt, Anul 1993, Numar persoane, 5
Masculin, Olt, Anul 1994, Numar persoane, 17
Masculin, Olt, Anul 1995, Numar persoane, 28
Masculin, Olt, Anul 1996, Numar persoane, 20
Masculin, Olt, Anul 1997, Numar persoane, 35
Masculin, Olt, Anul 1998, Numar persoane, 34
Masculin, Olt, Anul 1999, Numar persoane, 24
Masculin, Olt, Anul 2000, Numar persoane, 41
Masculin, Olt, Anul 2001, Numar persoane, 21
Masculin, Olt, Anul 2002, Numar persoane, 7
Masculin, Olt, Anul 2003, Numar persoane, 15
Masculin, Olt, Anul 2004, Numar persoane, 21
Masculin, Olt, Anul 2005, Numar persoane, 20
Masculin, Olt, Anul 2006, Numar persoane, 23
Masculin, Olt, Anul 2007, Numar persoane, 15
Masculin, Olt, Anul 2008, Numar persoane, 22
Masculin, Olt, Anul 2009, Numar persoane, 24
Masculin, Olt, Anul 2010, Numar persoane, 21
Masculin, Olt, Anul 2011, Numar persoane, 51
Masculin, Olt, Anul 2012, Numar persoane, 89
Masculin, Olt, Anul 2013, Numar persoane, 103
Masculin, Olt, Anul 2014, Numar persoane, 64
Masculin, Olt, Anul 2015, Numar persoane, 70
Masculin, Olt, Anul 2016, Numar persoane, 125
Masculin, Olt, Anul 2017, Numar persoane, 106
Masculin, Olt, Anul 2018, Numar persoane, 167
Masculin, Olt, Anul 2019, Numar persoane, 135
Masculin, Olt, Anul 2020, Numar persoane, 109
Masculin, Olt, Anul 2021, Numar persoane, 186
Masculin, Olt, Anul 2022, Numar persoane, 238
Masculin, Olt, Anul 2023, Numar persoane, 214
Masculin, Olt, Anul 2024, Numar persoane, 190
Masculin, Valcea, Anul 1991, Numar persoane, 72
Masculin, Valcea, Anul 1992, Numar persoane, 53
Masculin, Valcea, Anul 1993, Numar persoane, 24
Masculin, Valcea, Anul 1994, Numar persoane, 32
Masculin, Valcea, Anul 1995, Numar persoane, 53
Masculin, Valcea, Anul 1996, Numar persoane, 64
Masculin, Valcea, Anul 1997, Numar persoane, 65
Masculin, Valcea, Anul 1998, Numar persoane, 64
Masculin, Valcea, Anul 1999, Numar persoane, 70
Masculin, Valcea, Anul 2000, Numar persoane, 104
Masculin, Valcea, Anul 2001, Numar persoane, 63
Masculin, Valcea, Anul 2002, Numar persoane, 40
Masculin, Valcea, Anul 2003, Numar persoane, 76
Masculin, Valcea, Anul 2004, Numar persoane, 75
Masculin, Valcea, Anul 2005, Numar persoane, 35
Masculin, Valcea, Anul 2006, Numar persoane, 34
Masculin, Valcea, Anul 2007, Numar persoane, 30
Masculin, Valcea, Anul 2008, Numar persoane, 24
Masculin, Valcea, Anul 2009, Numar persoane, 40
Masculin, Valcea, Anul 2010, Numar persoane, 27
Masculin, Valcea, Anul 2011, Numar persoane, 67
Masculin, Valcea, Anul 2012, Numar persoane, 63
Masculin, Valcea, Anul 2013, Numar persoane, 51
Masculin, Valcea, Anul 2014, Numar persoane, 36
Masculin, Valcea, Anul 2015, Numar persoane, 45
Masculin, Valcea, Anul 2016, Numar persoane, 108
Masculin, Valcea, Anul 2017, Numar persoane, 93
Masculin, Valcea, Anul 2018, Numar persoane, 100
Masculin, Valcea, Anul 2019, Numar persoane, 114
Masculin, Valcea, Anul 2020, Numar persoane, 81
Masculin, Valcea, Anul 2021, Numar persoane, 151
Masculin, Valcea, Anul 2022, Numar persoane, 185
Masculin, Valcea, Anul 2023, Numar persoane, 196
Masculin, Valcea, Anul 2024, Numar persoane, 145
Masculin, Regiunea VEST, Anul 1991, Numar persoane, 4890
Masculin, Regiunea VEST, Anul 1992, Numar persoane, 3661
Masculin, Regiunea VEST, Anul 1993, Numar persoane, 2695
Masculin, Regiunea VEST, Anul 1994, Numar persoane, 2158
Masculin, Regiunea VEST, Anul 1995, Numar persoane, 2565
Masculin, Regiunea VEST, Anul 1996, Numar persoane, 2232
Masculin, Regiunea VEST, Anul 1997, Numar persoane, 1976
Masculin, Regiunea VEST, Anul 1998, Numar persoane, 1211
Masculin, Regiunea VEST, Anul 1999, Numar persoane, 719
Masculin, Regiunea VEST, Anul 2000, Numar persoane, 910
Masculin, Regiunea VEST, Anul 2001, Numar persoane, 542
Masculin, Regiunea VEST, Anul 2002, Numar persoane, 488
Masculin, Regiunea VEST, Anul 2003, Numar persoane, 559
Masculin, Regiunea VEST, Anul 2004, Numar persoane, 596
Masculin, Regiunea VEST, Anul 2005, Numar persoane, 479
Masculin, Regiunea VEST, Anul 2006, Numar persoane, 724
Masculin, Regiunea VEST, Anul 2007, Numar persoane, 436
Masculin, Regiunea VEST, Anul 2008, Numar persoane, 427
Masculin, Regiunea VEST, Anul 2009, Numar persoane, 513
Masculin, Regiunea VEST, Anul 2010, Numar persoane, 403
Masculin, Regiunea VEST, Anul 2011, Numar persoane, 906
Masculin, Regiunea VEST, Anul 2012, Numar persoane, 915
Masculin, Regiunea VEST, Anul 2013, Numar persoane, 946
Masculin, Regiunea VEST, Anul 2014, Numar persoane, 640
Masculin, Regiunea VEST, Anul 2015, Numar persoane, 810
Masculin, Regiunea VEST, Anul 2016, Numar persoane, 1273
Masculin, Regiunea VEST, Anul 2017, Numar persoane, 1323
Masculin, Regiunea VEST, Anul 2018, Numar persoane, 1511
Masculin, Regiunea VEST, Anul 2019, Numar persoane, 1367
Masculin, Regiunea VEST, Anul 2020, Numar persoane, 1227
Masculin, Regiunea VEST, Anul 2021, Numar persoane, 1832
Masculin, Regiunea VEST, Anul 2022, Numar persoane, 2583
Masculin, Regiunea VEST, Anul 2023, Numar persoane, 2265
Masculin, Regiunea VEST, Anul 2024, Numar persoane, 1785
Masculin, Arad, Anul 1991, Numar persoane, 1288
Masculin, Arad, Anul 1992, Numar persoane, 721
Masculin, Arad, Anul 1993, Numar persoane, 1018
Masculin, Arad, Anul 1994, Numar persoane, 363
Masculin, Arad, Anul 1995, Numar persoane, 467
Masculin, Arad, Anul 1996, Numar persoane, 415
Masculin, Arad, Anul 1997, Numar persoane, 469
Masculin, Arad, Anul 1998, Numar persoane, 248
Masculin, Arad, Anul 1999, Numar persoane, 174
Masculin, Arad, Anul 2000, Numar persoane, 197
Masculin, Arad, Anul 2001, Numar persoane, 126
Masculin, Arad, Anul 2002, Numar persoane, 103
Masculin, Arad, Anul 2003, Numar persoane, 113
Masculin, Arad, Anul 2004, Numar persoane, 117
Masculin, Arad, Anul 2005, Numar persoane, 70
Masculin, Arad, Anul 2006, Numar persoane, 124
Masculin, Arad, Anul 2007, Numar persoane, 70
Masculin, Arad, Anul 2008, Numar persoane, 81
Masculin, Arad, Anul 2009, Numar persoane, 91
Masculin, Arad, Anul 2010, Numar persoane, 85
Masculin, Arad, Anul 2011, Numar persoane, 149
Masculin, Arad, Anul 2012, Numar persoane, 214
Masculin, Arad, Anul 2013, Numar persoane, 166
Masculin, Arad, Anul 2014, Numar persoane, 112
Masculin, Arad, Anul 2015, Numar persoane, 150
Masculin, Arad, Anul 2016, Numar persoane, 227
Masculin, Arad, Anul 2017, Numar persoane, 241
Masculin, Arad, Anul 2018, Numar persoane, 263
Masculin, Arad, Anul 2019, Numar persoane, 228
Masculin, Arad, Anul 2020, Numar persoane, 270
Masculin, Arad, Anul 2021, Numar persoane, 362
Masculin, Arad, Anul 2022, Numar persoane, 531
Masculin, Arad, Anul 2023, Numar persoane, 423
Masculin, Arad, Anul 2024, Numar persoane, 358
Masculin, Caras-Severin, Anul 1991, Numar persoane, 881
Masculin, Caras-Severin, Anul 1992, Numar persoane, 620
Masculin, Caras-Severin, Anul 1993, Numar persoane, 333
Masculin, Caras-Severin, Anul 1994, Numar persoane, 360
Masculin, Caras-Severin, Anul 1995, Numar persoane, 506
Masculin, Caras-Severin, Anul 1996, Numar persoane, 419
Masculin, Caras-Severin, Anul 1997, Numar persoane, 403
Masculin, Caras-Severin, Anul 1998, Numar persoane, 212
Masculin, Caras-Severin, Anul 1999, Numar persoane, 122
Masculin, Caras-Severin, Anul 2000, Numar persoane, 210
Masculin, Caras-Severin, Anul 2001, Numar persoane, 66
Masculin, Caras-Severin, Anul 2002, Numar persoane, 90
Masculin, Caras-Severin, Anul 2003, Numar persoane, 78
Masculin, Caras-Severin, Anul 2004, Numar persoane, 89
Masculin, Caras-Severin, Anul 2005, Numar persoane, 81
Masculin, Caras-Severin, Anul 2006, Numar persoane, 113
Masculin, Caras-Severin, Anul 2007, Numar persoane, 69
Masculin, Caras-Severin, Anul 2008, Numar persoane, 61
Masculin, Caras-Severin, Anul 2009, Numar persoane, 81
Masculin, Caras-Severin, Anul 2010, Numar persoane, 65
Masculin, Caras-Severin, Anul 2011, Numar persoane, 149
Masculin, Caras-Severin, Anul 2012, Numar persoane, 125
Masculin, Caras-Severin, Anul 2013, Numar persoane, 170
Masculin, Caras-Severin, Anul 2014, Numar persoane, 131
Masculin, Caras-Severin, Anul 2015, Numar persoane, 159
Masculin, Caras-Severin, Anul 2016, Numar persoane, 223
Masculin, Caras-Severin, Anul 2017, Numar persoane, 239
Masculin, Caras-Severin, Anul 2018, Numar persoane, 320
Masculin, Caras-Severin, Anul 2019, Numar persoane, 265
Masculin, Caras-Severin, Anul 2020, Numar persoane, 220
Masculin, Caras-Severin, Anul 2021, Numar persoane, 336
Masculin, Caras-Severin, Anul 2022, Numar persoane, 435
Masculin, Caras-Severin, Anul 2023, Numar persoane, 404
Masculin, Caras-Severin, Anul 2024, Numar persoane, 325
Masculin, Hunedoara, Anul 1991, Numar persoane, 429
Masculin, Hunedoara, Anul 1992, Numar persoane, 324
Masculin, Hunedoara, Anul 1993, Numar persoane, 159
Masculin, Hunedoara, Anul 1994, Numar persoane, 162
Masculin, Hunedoara, Anul 1995, Numar persoane, 255
Masculin, Hunedoara, Anul 1996, Numar persoane, 199
Masculin, Hunedoara, Anul 1997, Numar persoane, 174
Masculin, Hunedoara, Anul 1998, Numar persoane, 140
Masculin, Hunedoara, Anul 1999, Numar persoane, 115
Masculin, Hunedoara, Anul 2000, Numar persoane, 109
Masculin, Hunedoara, Anul 2001, Numar persoane, 72
Masculin, Hunedoara, Anul 2002, Numar persoane, 72
Masculin, Hunedoara, Anul 2003, Numar persoane, 101
Masculin, Hunedoara, Anul 2004, Numar persoane, 96
Masculin, Hunedoara, Anul 2005, Numar persoane, 70
Masculin, Hunedoara, Anul 2006, Numar persoane, 133
Masculin, Hunedoara, Anul 2007, Numar persoane, 91
Masculin, Hunedoara, Anul 2008, Numar persoane, 82
Masculin, Hunedoara, Anul 2009, Numar persoane, 119
Masculin, Hunedoara, Anul 2010, Numar persoane, 71
Masculin, Hunedoara, Anul 2011, Numar persoane, 150
Masculin, Hunedoara, Anul 2012, Numar persoane, 160
Masculin, Hunedoara, Anul 2013, Numar persoane, 182
Masculin, Hunedoara, Anul 2014, Numar persoane, 135
Masculin, Hunedoara, Anul 2015, Numar persoane, 158
Masculin, Hunedoara, Anul 2016, Numar persoane, 255
Masculin, Hunedoara, Anul 2017, Numar persoane, 297
Masculin, Hunedoara, Anul 2018, Numar persoane, 298
Masculin, Hunedoara, Anul 2019, Numar persoane, 266
Masculin, Hunedoara, Anul 2020, Numar persoane, 230
Masculin, Hunedoara, Anul 2021, Numar persoane, 351
Masculin, Hunedoara, Anul 2022, Numar persoane, 530
Masculin, Hunedoara, Anul 2023, Numar persoane, 497
Masculin, Hunedoara, Anul 2024, Numar persoane, 390
Masculin, Timis, Anul 1991, Numar persoane, 2292
Masculin, Timis, Anul 1992, Numar persoane, 1996
Masculin, Timis, Anul 1993, Numar persoane, 1185
Masculin, Timis, Anul 1994, Numar persoane, 1273
Masculin, Timis, Anul 1995, Numar persoane, 1337
Masculin, Timis, Anul 1996, Numar persoane, 1199
Masculin, Timis, Anul 1997, Numar persoane, 930
Masculin, Timis, Anul 1998, Numar persoane, 611
Masculin, Timis, Anul 1999, Numar persoane, 308
Masculin, Timis, Anul 2000, Numar persoane, 394
Masculin, Timis, Anul 2001, Numar persoane, 278
Masculin, Timis, Anul 2002, Numar persoane, 223
Masculin, Timis, Anul 2003, Numar persoane, 267
Masculin, Timis, Anul 2004, Numar persoane, 294
Masculin, Timis, Anul 2005, Numar persoane, 258
Masculin, Timis, Anul 2006, Numar persoane, 354
Masculin, Timis, Anul 2007, Numar persoane, 206
Masculin, Timis, Anul 2008, Numar persoane, 203
Masculin, Timis, Anul 2009, Numar persoane, 222
Masculin, Timis, Anul 2010, Numar persoane, 182
Masculin, Timis, Anul 2011, Numar persoane, 458
Masculin, Timis, Anul 2012, Numar persoane, 416
Masculin, Timis, Anul 2013, Numar persoane, 428
Masculin, Timis, Anul 2014, Numar persoane, 262
Masculin, Timis, Anul 2015, Numar persoane, 343
Masculin, Timis, Anul 2016, Numar persoane, 568
Masculin, Timis, Anul 2017, Numar persoane, 546
Masculin, Timis, Anul 2018, Numar persoane, 630
Masculin, Timis, Anul 2019, Numar persoane, 608
Masculin, Timis, Anul 2020, Numar persoane, 507
Masculin, Timis, Anul 2021, Numar persoane, 783
Masculin, Timis, Anul 2022, Numar persoane, 1087
Masculin, Timis, Anul 2023, Numar persoane, 941
Masculin, Timis, Anul 2024, Numar persoane, 712
Feminin, MACROREGIUNEA UNU, Anul 1991, Numar persoane, 11472
Feminin, MACROREGIUNEA UNU, Anul 1992, Numar persoane, 8100
Feminin, MACROREGIUNEA UNU, Anul 1993, Numar persoane, 4163
Feminin, MACROREGIUNEA UNU, Anul 1994, Numar persoane, 3357
Feminin, MACROREGIUNEA UNU, Anul 1995, Numar persoane, 5273
Feminin, MACROREGIUNEA UNU, Anul 1996, Numar persoane, 3844
Feminin, MACROREGIUNEA UNU, Anul 1997, Numar persoane, 3695
Feminin, MACROREGIUNEA UNU, Anul 1998, Numar persoane, 2569
Feminin, MACROREGIUNEA UNU, Anul 1999, Numar persoane, 1978
Feminin, MACROREGIUNEA UNU, Anul 2000, Numar persoane, 2613
Feminin, MACROREGIUNEA UNU, Anul 2001, Numar persoane, 1620
Feminin, MACROREGIUNEA UNU, Anul 2002, Numar persoane, 1766
Feminin, MACROREGIUNEA UNU, Anul 2003, Numar persoane, 2404
Feminin, MACROREGIUNEA UNU, Anul 2004, Numar persoane, 3268
Feminin, MACROREGIUNEA UNU, Anul 2005, Numar persoane, 2399
Feminin, MACROREGIUNEA UNU, Anul 2006, Numar persoane, 2935
Feminin, MACROREGIUNEA UNU, Anul 2007, Numar persoane, 1755
Feminin, MACROREGIUNEA UNU, Anul 2008, Numar persoane, 1685
Feminin, MACROREGIUNEA UNU, Anul 2009, Numar persoane, 1863
Feminin, MACROREGIUNEA UNU, Anul 2010, Numar persoane, 1383
Feminin, MACROREGIUNEA UNU, Anul 2011, Numar persoane, 2079
Feminin, MACROREGIUNEA UNU, Anul 2012, Numar persoane, 1972
Feminin, MACROREGIUNEA UNU, Anul 2013, Numar persoane, 2158
Feminin, MACROREGIUNEA UNU, Anul 2014, Numar persoane, 1476
Feminin, MACROREGIUNEA UNU, Anul 2015, Numar persoane, 2115
Feminin, MACROREGIUNEA UNU, Anul 2016, Numar persoane, 2837
Feminin, MACROREGIUNEA UNU, Anul 2017, Numar persoane, 2875
Feminin, MACROREGIUNEA UNU, Anul 2018, Numar persoane, 3285
Feminin, MACROREGIUNEA UNU, Anul 2019, Numar persoane, 3043
Feminin, MACROREGIUNEA UNU, Anul 2020, Numar persoane, 2153
Feminin, MACROREGIUNEA UNU, Anul 2021, Numar persoane, 3627
Feminin, MACROREGIUNEA UNU, Anul 2022, Numar persoane, 4601
Feminin, MACROREGIUNEA UNU, Anul 2023, Numar persoane, 4271
Feminin, MACROREGIUNEA UNU, Anul 2024, Numar persoane, 3290
Feminin, Regiunea NORD-VEST, Anul 1991, Numar persoane, 3516
Feminin, Regiunea NORD-VEST, Anul 1992, Numar persoane, 2561
Feminin, Regiunea NORD-VEST, Anul 1993, Numar persoane, 1407
Feminin, Regiunea NORD-VEST, Anul 1994, Numar persoane, 1298
Feminin, Regiunea NORD-VEST, Anul 1995, Numar persoane, 2150
Feminin, Regiunea NORD-VEST, Anul 1996, Numar persoane, 1623
Feminin, Regiunea NORD-VEST, Anul 1997, Numar persoane, 1513
Feminin, Regiunea NORD-VEST, Anul 1998, Numar persoane, 1118
Feminin, Regiunea NORD-VEST, Anul 1999, Numar persoane, 886
Feminin, Regiunea NORD-VEST, Anul 2000, Numar persoane, 1164
Feminin, Regiunea NORD-VEST, Anul 2001, Numar persoane, 739
Feminin, Regiunea NORD-VEST, Anul 2002, Numar persoane, 818
Feminin, Regiunea NORD-VEST, Anul 2003, Numar persoane, 998
Feminin, Regiunea NORD-VEST, Anul 2004, Numar persoane, 1343
Feminin, Regiunea NORD-VEST, Anul 2005, Numar persoane, 984
Feminin, Regiunea NORD-VEST, Anul 2006, Numar persoane, 1166
Feminin, Regiunea NORD-VEST, Anul 2007, Numar persoane, 689
Feminin, Regiunea NORD-VEST, Anul 2008, Numar persoane, 699
Feminin, Regiunea NORD-VEST, Anul 2009, Numar persoane, 780
Feminin, Regiunea NORD-VEST, Anul 2010, Numar persoane, 617
Feminin, Regiunea NORD-VEST, Anul 2011, Numar persoane, 977
Feminin, Regiunea NORD-VEST, Anul 2012, Numar persoane, 977
Feminin, Regiunea NORD-VEST, Anul 2013, Numar persoane, 1028
Feminin, Regiunea NORD-VEST, Anul 2014, Numar persoane, 724
Feminin, Regiunea NORD-VEST, Anul 2015, Numar persoane, 1081
Feminin, Regiunea NORD-VEST, Anul 2016, Numar persoane, 1423
Feminin, Regiunea NORD-VEST, Anul 2017, Numar persoane, 1398
Feminin, Regiunea NORD-VEST, Anul 2018, Numar persoane, 1595
Feminin, Regiunea NORD-VEST, Anul 2019, Numar persoane, 1521
Feminin, Regiunea NORD-VEST, Anul 2020, Numar persoane, 1038
Feminin, Regiunea NORD-VEST, Anul 2021, Numar persoane, 1766
Feminin, Regiunea NORD-VEST, Anul 2022, Numar persoane, 2278
Feminin, Regiunea NORD-VEST, Anul 2023, Numar persoane, 2039
Feminin, Regiunea NORD-VEST, Anul 2024, Numar persoane, 1581
Feminin, Bihor, Anul 1991, Numar persoane, 906
Feminin, Bihor, Anul 1992, Numar persoane, 764
Feminin, Bihor, Anul 1993, Numar persoane, 429
Feminin, Bihor, Anul 1994, Numar persoane, 274
Feminin, Bihor, Anul 1995, Numar persoane, 550
Feminin, Bihor, Anul 1996, Numar persoane, 349
Feminin, Bihor, Anul 1997, Numar persoane, 372
Feminin, Bihor, Anul 1998, Numar persoane, 264
Feminin, Bihor, Anul 1999, Numar persoane, 161
Feminin, Bihor, Anul 2000, Numar persoane, 250
Feminin, Bihor, Anul 2001, Numar persoane, 141
Feminin, Bihor, Anul 2002, Numar persoane, 152
Feminin, Bihor, Anul 2003, Numar persoane, 227
Feminin, Bihor, Anul 2004, Numar persoane, 296
Feminin, Bihor, Anul 2005, Numar persoane, 181
Feminin, Bihor, Anul 2006, Numar persoane, 209
Feminin, Bihor, Anul 2007, Numar persoane, 112
Feminin, Bihor, Anul 2008, Numar persoane, 105
Feminin, Bihor, Anul 2009, Numar persoane, 122
Feminin, Bihor, Anul 2010, Numar persoane, 97
Feminin, Bihor, Anul 2011, Numar persoane, 161
Feminin, Bihor, Anul 2012, Numar persoane, 142
Feminin, Bihor, Anul 2013, Numar persoane, 133
Feminin, Bihor, Anul 2014, Numar persoane, 92
Feminin, Bihor, Anul 2015, Numar persoane, 134
Feminin, Bihor, Anul 2016, Numar persoane, 199
Feminin, Bihor, Anul 2017, Numar persoane, 173
Feminin, Bihor, Anul 2018, Numar persoane, 213
Feminin, Bihor, Anul 2019, Numar persoane, 220
Feminin, Bihor, Anul 2020, Numar persoane, 158
Feminin, Bihor, Anul 2021, Numar persoane, 284
Feminin, Bihor, Anul 2022, Numar persoane, 383
Feminin, Bihor, Anul 2023, Numar persoane, 313
Feminin, Bihor, Anul 2024, Numar persoane, 260
Feminin, Bistrita-Nasaud, Anul 1991, Numar persoane, 176
Feminin, Bistrita-Nasaud, Anul 1992, Numar persoane, 122
Feminin, Bistrita-Nasaud, Anul 1993, Numar persoane, 65
Feminin, Bistrita-Nasaud, Anul 1994, Numar persoane, 71
Feminin, Bistrita-Nasaud, Anul 1995, Numar persoane, 169
Feminin, Bistrita-Nasaud, Anul 1996, Numar persoane, 117
Feminin, Bistrita-Nasaud, Anul 1997, Numar persoane, 124
Feminin, Bistrita-Nasaud, Anul 1998, Numar persoane, 60
Feminin, Bistrita-Nasaud, Anul 1999, Numar persoane, 81
Feminin, Bistrita-Nasaud, Anul 2000, Numar persoane, 89
Feminin, Bistrita-Nasaud, Anul 2001, Numar persoane, 51
Feminin, Bistrita-Nasaud, Anul 2002, Numar persoane, 66
Feminin, Bistrita-Nasaud, Anul 2003, Numar persoane, 59
Feminin, Bistrita-Nasaud, Anul 2004, Numar persoane, 99
Feminin, Bistrita-Nasaud, Anul 2005, Numar persoane, 84
Feminin, Bistrita-Nasaud, Anul 2006, Numar persoane, 114
Feminin, Bistrita-Nasaud, Anul 2007, Numar persoane, 87
Feminin, Bistrita-Nasaud, Anul 2008, Numar persoane, 71
Feminin, Bistrita-Nasaud, Anul 2009, Numar persoane, 86
Feminin, Bistrita-Nasaud, Anul 2010, Numar persoane, 60
Feminin, Bistrita-Nasaud, Anul 2011, Numar persoane, 144
Feminin, Bistrita-Nasaud, Anul 2012, Numar persoane, 165
Feminin, Bistrita-Nasaud, Anul 2013, Numar persoane, 164
Feminin, Bistrita-Nasaud, Anul 2014, Numar persoane, 123
Feminin, Bistrita-Nasaud, Anul 2015, Numar persoane, 129
Feminin, Bistrita-Nasaud, Anul 2016, Numar persoane, 205
Feminin, Bistrita-Nasaud, Anul 2017, Numar persoane, 187
Feminin, Bistrita-Nasaud, Anul 2018, Numar persoane, 230
Feminin, Bistrita-Nasaud, Anul 2019, Numar persoane, 200
Feminin, Bistrita-Nasaud, Anul 2020, Numar persoane, 159
Feminin, Bistrita-Nasaud, Anul 2021, Numar persoane, 221
Feminin, Bistrita-Nasaud, Anul 2022, Numar persoane, 309
Feminin, Bistrita-Nasaud, Anul 2023, Numar persoane, 274
Feminin, Bistrita-Nasaud, Anul 2024, Numar persoane, 253
Feminin, Cluj, Anul 1991, Numar persoane, 843
Feminin, Cluj, Anul 1992, Numar persoane, 612
Feminin, Cluj, Anul 1993, Numar persoane, 306
Feminin, Cluj, Anul 1994, Numar persoane, 275
Feminin, Cluj, Anul 1995, Numar persoane, 534
Feminin, Cluj, Anul 1996, Numar persoane, 423
Feminin, Cluj, Anul 1997, Numar persoane, 356
Feminin, Cluj, Anul 1998, Numar persoane, 337
Feminin, Cluj, Anul 1999, Numar persoane, 327
Feminin, Cluj, Anul 2000, Numar persoane, 332
Feminin, Cluj, Anul 2001, Numar persoane, 260
Feminin, Cluj, Anul 2002, Numar persoane, 298
Feminin, Cluj, Anul 2003, Numar persoane, 336
Feminin, Cluj, Anul 2004, Numar persoane, 401
Feminin, Cluj, Anul 2005, Numar persoane, 295
Feminin, Cluj, Anul 2006, Numar persoane, 351
Feminin, Cluj, Anul 2007, Numar persoane, 216
Feminin, Cluj, Anul 2008, Numar persoane, 248
Feminin, Cluj, Anul 2009, Numar persoane, 275
Feminin, Cluj, Anul 2010, Numar persoane, 216
Feminin, Cluj, Anul 2011, Numar persoane, 297
Feminin, Cluj, Anul 2012, Numar persoane, 293
Feminin, Cluj, Anul 2013, Numar persoane, 293
Feminin, Cluj, Anul 2014, Numar persoane, 195
Feminin, Cluj, Anul 2015, Numar persoane, 320
Feminin, Cluj, Anul 2016, Numar persoane, 422
Feminin, Cluj, Anul 2017, Numar persoane, 435
Feminin, Cluj, Anul 2018, Numar persoane, 492
Feminin, Cluj, Anul 2019, Numar persoane, 491
Feminin, Cluj, Anul 2020, Numar persoane, 308
Feminin, Cluj, Anul 2021, Numar persoane, 496
Feminin, Cluj, Anul 2022, Numar persoane, 671
Feminin, Cluj, Anul 2023, Numar persoane, 596
Feminin, Cluj, Anul 2024, Numar persoane, 437
Feminin, Maramures, Anul 1991, Numar persoane, 551
Feminin, Maramures, Anul 1992, Numar persoane, 342
Feminin, Maramures, Anul 1993, Numar persoane, 214
Feminin, Maramures, Anul 1994, Numar persoane, 189
Feminin, Maramures, Anul 1995, Numar persoane, 335
Feminin, Maramures, Anul 1996, Numar persoane, 256
Feminin, Maramures, Anul 1997, Numar persoane, 225
Feminin, Maramures, Anul 1998, Numar persoane, 136
Feminin, Maramures, Anul 1999, Numar persoane, 86
Feminin, Maramures, Anul 2000, Numar persoane, 144
Feminin, Maramures, Anul 2001, Numar persoane, 99
Feminin, Maramures, Anul 2002, Numar persoane, 97
Feminin, Maramures, Anul 2003, Numar persoane, 159
Feminin, Maramures, Anul 2004, Numar persoane, 212
Feminin, Maramures, Anul 2005, Numar persoane, 168
Feminin, Maramures, Anul 2006, Numar persoane, 198
Feminin, Maramures, Anul 2007, Numar persoane, 129
Feminin, Maramures, Anul 2008, Numar persoane, 100
Feminin, Maramures, Anul 2009, Numar persoane, 157
Feminin, Maramures, Anul 2010, Numar persoane, 104
Feminin, Maramures, Anul 2011, Numar persoane, 165
Feminin, Maramures, Anul 2012, Numar persoane, 171
Feminin, Maramures, Anul 2013, Numar persoane, 210
Feminin, Maramures, Anul 2014, Numar persoane, 150
Feminin, Maramures, Anul 2015, Numar persoane, 191
Feminin, Maramures, Anul 2016, Numar persoane, 262
Feminin, Maramures, Anul 2017, Numar persoane, 285
Feminin, Maramures, Anul 2018, Numar persoane, 309
Feminin, Maramures, Anul 2019, Numar persoane, 238
Feminin, Maramures, Anul 2020, Numar persoane, 195
Feminin, Maramures, Anul 2021, Numar persoane, 360
Feminin, Maramures, Anul 2022, Numar persoane, 465
Feminin, Maramures, Anul 2023, Numar persoane, 440
Feminin, Maramures, Anul 2024, Numar persoane, 296
Feminin, Satu Mare, Anul 1991, Numar persoane, 825
Feminin, Satu Mare, Anul 1992, Numar persoane, 616
Feminin, Satu Mare, Anul 1993, Numar persoane, 335
Feminin, Satu Mare, Anul 1994, Numar persoane, 430
Feminin, Satu Mare, Anul 1995, Numar persoane, 445
Feminin, Satu Mare, Anul 1996, Numar persoane, 393
Feminin, Satu Mare, Anul 1997, Numar persoane, 353
Feminin, Satu Mare, Anul 1998, Numar persoane, 248
Feminin, Satu Mare, Anul 1999, Numar persoane, 184
Feminin, Satu Mare, Anul 2000, Numar persoane, 274
Feminin, Satu Mare, Anul 2001, Numar persoane, 128
Feminin, Satu Mare, Anul 2002, Numar persoane, 143
Feminin, Satu Mare, Anul 2003, Numar persoane, 175
Feminin, Satu Mare, Anul 2004, Numar persoane, 261
Feminin, Satu Mare, Anul 2005, Numar persoane, 202
Feminin, Satu Mare, Anul 2006, Numar persoane, 245
Feminin, Satu Mare, Anul 2007, Numar persoane, 123
Feminin, Satu Mare, Anul 2008, Numar persoane, 129
Feminin, Satu Mare, Anul 2009, Numar persoane, 104
Feminin, Satu Mare, Anul 2010, Numar persoane, 102
Feminin, Satu Mare, Anul 2011, Numar persoane, 152
Feminin, Satu Mare, Anul 2012, Numar persoane, 147
Feminin, Satu Mare, Anul 2013, Numar persoane, 159
Feminin, Satu Mare, Anul 2014, Numar persoane, 128
Feminin, Satu Mare, Anul 2015, Numar persoane, 262
Feminin, Satu Mare, Anul 2016, Numar persoane, 261
Feminin, Satu Mare, Anul 2017, Numar persoane, 253
Feminin, Satu Mare, Anul 2018, Numar persoane, 261
Feminin, Satu Mare, Anul 2019, Numar persoane, 281
Feminin, Satu Mare, Anul 2020, Numar persoane, 150
Feminin, Satu Mare, Anul 2021, Numar persoane, 281
Feminin, Satu Mare, Anul 2022, Numar persoane, 322
Feminin, Satu Mare, Anul 2023, Numar persoane, 286
Feminin, Satu Mare, Anul 2024, Numar persoane, 243
Feminin, Salaj, Anul 1991, Numar persoane, 215
Feminin, Salaj, Anul 1992, Numar persoane, 105
Feminin, Salaj, Anul 1993, Numar persoane, 58
Feminin, Salaj, Anul 1994, Numar persoane, 59
Feminin, Salaj, Anul 1995, Numar persoane, 117
Feminin, Salaj, Anul 1996, Numar persoane, 85
Feminin, Salaj, Anul 1997, Numar persoane, 83
Feminin, Salaj, Anul 1998, Numar persoane, 73
Feminin, Salaj, Anul 1999, Numar persoane, 47
Feminin, Salaj, Anul 2000, Numar persoane, 75
Feminin, Salaj, Anul 2001, Numar persoane, 60
Feminin, Salaj, Anul 2002, Numar persoane, 62
Feminin, Salaj, Anul 2003, Numar persoane, 42
Feminin, Salaj, Anul 2004, Numar persoane, 74
Feminin, Salaj, Anul 2005, Numar persoane, 54
Feminin, Salaj, Anul 2006, Numar persoane, 49
Feminin, Salaj, Anul 2007, Numar persoane, 22
Feminin, Salaj, Anul 2008, Numar persoane, 46
Feminin, Salaj, Anul 2009, Numar persoane, 36
Feminin, Salaj, Anul 2010, Numar persoane, 38
Feminin, Salaj, Anul 2011, Numar persoane, 58
Feminin, Salaj, Anul 2012, Numar persoane, 59
Feminin, Salaj, Anul 2013, Numar persoane, 69
Feminin, Salaj, Anul 2014, Numar persoane, 36
Feminin, Salaj, Anul 2015, Numar persoane, 45
Feminin, Salaj, Anul 2016, Numar persoane, 74
Feminin, Salaj, Anul 2017, Numar persoane, 65
Feminin, Salaj, Anul 2018, Numar persoane, 90
Feminin, Salaj, Anul 2019, Numar persoane, 91
Feminin, Salaj, Anul 2020, Numar persoane, 68
Feminin, Salaj, Anul 2021, Numar persoane, 124
Feminin, Salaj, Anul 2022, Numar persoane, 128
Feminin, Salaj, Anul 2023, Numar persoane, 130
Feminin, Salaj, Anul 2024, Numar persoane, 92
Feminin, Regiunea CENTRU, Anul 1991, Numar persoane, 7956
Feminin, Regiunea CENTRU, Anul 1992, Numar persoane, 5539
Feminin, Regiunea CENTRU, Anul 1993, Numar persoane, 2756
Feminin, Regiunea CENTRU, Anul 1994, Numar persoane, 2059
Feminin, Regiunea CENTRU, Anul 1995, Numar persoane, 3123
Feminin, Regiunea CENTRU, Anul 1996, Numar persoane, 2221
Feminin, Regiunea CENTRU, Anul 1997, Numar persoane, 2182
Feminin, Regiunea CENTRU, Anul 1998, Numar persoane, 1451
Feminin, Regiunea CENTRU, Anul 1999, Numar persoane, 1092
Feminin, Regiunea CENTRU, Anul 2000, Numar persoane, 1449
Feminin, Regiunea CENTRU, Anul 2001, Numar persoane, 881
Feminin, Regiunea CENTRU, Anul 2002, Numar persoane, 948
Feminin, Regiunea CENTRU, Anul 2003, Numar persoane, 1406
Feminin, Regiunea CENTRU, Anul 2004, Numar persoane, 1925
Feminin, Regiunea CENTRU, Anul 2005, Numar persoane, 1415
Feminin, Regiunea CENTRU, Anul 2006, Numar persoane, 1769
Feminin, Regiunea CENTRU, Anul 2007, Numar persoane, 1066
Feminin, Regiunea CENTRU, Anul 2008, Numar persoane, 986
Feminin, Regiunea CENTRU, Anul 2009, Numar persoane, 1083
Feminin, Regiunea CENTRU, Anul 2010, Numar persoane, 766
Feminin, Regiunea CENTRU, Anul 2011, Numar persoane, 1102
Feminin, Regiunea CENTRU, Anul 2012, Numar persoane, 995
Feminin, Regiunea CENTRU, Anul 2013, Numar persoane, 1130
Feminin, Regiunea CENTRU, Anul 2014, Numar persoane, 752
Feminin, Regiunea CENTRU, Anul 2015, Numar persoane, 1034
Feminin, Regiunea CENTRU, Anul 2016, Numar persoane, 1414
Feminin, Regiunea CENTRU, Anul 2017, Numar persoane, 1477
Feminin, Regiunea CENTRU, Anul 2018, Numar persoane, 1690
Feminin, Regiunea CENTRU, Anul 2019, Numar persoane, 1522
Feminin, Regiunea CENTRU, Anul 2020, Numar persoane, 1115
Feminin, Regiunea CENTRU, Anul 2021, Numar persoane, 1861
Feminin, Regiunea CENTRU, Anul 2022, Numar persoane, 2323
Feminin, Regiunea CENTRU, Anul 2023, Numar persoane, 2232
Feminin, Regiunea CENTRU, Anul 2024, Numar persoane, 1709
Feminin, Alba, Anul 1991, Numar persoane, 581
Feminin, Alba, Anul 1992, Numar persoane, 305
Feminin, Alba, Anul 1993, Numar persoane, 255
Feminin, Alba, Anul 1994, Numar persoane, 142
Feminin, Alba, Anul 1995, Numar persoane, 233
Feminin, Alba, Anul 1996, Numar persoane, 182
Feminin, Alba, Anul 1997, Numar persoane, 162
Feminin, Alba, Anul 1998, Numar persoane, 117
Feminin, Alba, Anul 1999, Numar persoane, 86
Feminin, Alba, Anul 2000, Numar persoane, 103
Feminin, Alba, Anul 2001, Numar persoane, 57
Feminin, Alba, Anul 2002, Numar persoane, 49
Feminin, Alba, Anul 2003, Numar persoane, 107
Feminin, Alba, Anul 2004, Numar persoane, 123
Feminin, Alba, Anul 2005, Numar persoane, 102
Feminin, Alba, Anul 2006, Numar persoane, 150
Feminin, Alba, Anul 2007, Numar persoane, 96
Feminin, Alba, Anul 2008, Numar persoane, 94
Feminin, Alba, Anul 2009, Numar persoane, 111
Feminin, Alba, Anul 2010, Numar persoane, 65
Feminin, Alba, Anul 2011, Numar persoane, 134
Feminin, Alba, Anul 2012, Numar persoane, 144
Feminin, Alba, Anul 2013, Numar persoane, 158
Feminin, Alba, Anul 2014, Numar persoane, 84
Feminin, Alba, Anul 2015, Numar persoane, 109
Feminin, Alba, Anul 2016, Numar persoane, 161
Feminin, Alba, Anul 2017, Numar persoane, 193
Feminin, Alba, Anul 2018, Numar persoane, 212
Feminin, Alba, Anul 2019, Numar persoane, 191
Feminin, Alba, Anul 2020, Numar persoane, 150
Feminin, Alba, Anul 2021, Numar persoane, 236
Feminin, Alba, Anul 2022, Numar persoane, 305
Feminin, Alba, Anul 2023, Numar persoane, 278
Feminin, Alba, Anul 2024, Numar persoane, 195
Feminin, Brasov, Anul 1991, Numar persoane, 1772
Feminin, Brasov, Anul 1992, Numar persoane, 993
Feminin, Brasov, Anul 1993, Numar persoane, 642
Feminin, Brasov, Anul 1994, Numar persoane, 557
Feminin, Brasov, Anul 1995, Numar persoane, 813
Feminin, Brasov, Anul 1996, Numar persoane, 655
Feminin, Brasov, Anul 1997, Numar persoane, 676
Feminin, Brasov, Anul 1998, Numar persoane, 478
Feminin, Brasov, Anul 1999, Numar persoane, 377
Feminin, Brasov, Anul 2000, Numar persoane, 520
Feminin, Brasov, Anul 2001, Numar persoane, 321
Feminin, Brasov, Anul 2002, Numar persoane, 292
Feminin, Brasov, Anul 2003, Numar persoane, 384
Feminin, Brasov, Anul 2004, Numar persoane, 483
Feminin, Brasov, Anul 2005, Numar persoane, 411
Feminin, Brasov, Anul 2006, Numar persoane, 507
Feminin, Brasov, Anul 2007, Numar persoane, 350
Feminin, Brasov, Anul 2008, Numar persoane, 322
Feminin, Brasov, Anul 2009, Numar persoane, 341
Feminin, Brasov, Anul 2010, Numar persoane, 247
Feminin, Brasov, Anul 2011, Numar persoane, 325
Feminin, Brasov, Anul 2012, Numar persoane, 272
Feminin, Brasov, Anul 2013, Numar persoane, 329
Feminin, Brasov, Anul 2014, Numar persoane, 252
Feminin, Brasov, Anul 2015, Numar persoane, 371
Feminin, Brasov, Anul 2016, Numar persoane, 510
Feminin, Brasov, Anul 2017, Numar persoane, 577
Feminin, Brasov, Anul 2018, Numar persoane, 646
Feminin, Brasov, Anul 2019, Numar persoane, 586
Feminin, Brasov, Anul 2020, Numar persoane, 377
Feminin, Brasov, Anul 2021, Numar persoane, 641
Feminin, Brasov, Anul 2022, Numar persoane, 861
Feminin, Brasov, Anul 2023, Numar persoane, 797
Feminin, Brasov, Anul 2024, Numar persoane, 614
Feminin, Covasna, Anul 1991, Numar persoane, 288
Feminin, Covasna, Anul 1992, Numar persoane, 233
Feminin, Covasna, Anul 1993, Numar persoane, 94
Feminin, Covasna, Anul 1994, Numar persoane, 84
Feminin, Covasna, Anul 1995, Numar persoane, 174
Feminin, Covasna, Anul 1996, Numar persoane, 113
Feminin, Covasna, Anul 1997, Numar persoane, 95
Feminin, Covasna, Anul 1998, Numar persoane, 67
Feminin, Covasna, Anul 1999, Numar persoane, 35
Feminin, Covasna, Anul 2000, Numar persoane, 59
Feminin, Covasna, Anul 2001, Numar persoane, 37
Feminin, Covasna, Anul 2002, Numar persoane, 35
Feminin, Covasna, Anul 2003, Numar persoane, 40
Feminin, Covasna, Anul 2004, Numar persoane, 75
Feminin, Covasna, Anul 2005, Numar persoane, 77
Feminin, Covasna, Anul 2006, Numar persoane, 76
Feminin, Covasna, Anul 2007, Numar persoane, 60
Feminin, Covasna, Anul 2008, Numar persoane, 35
Feminin, Covasna, Anul 2009, Numar persoane, 41
Feminin, Covasna, Anul 2010, Numar persoane, 42
Feminin, Covasna, Anul 2011, Numar persoane, 60
Feminin, Covasna, Anul 2012, Numar persoane, 41
Feminin, Covasna, Anul 2013, Numar persoane, 62
Feminin, Covasna, Anul 2014, Numar persoane, 44
Feminin, Covasna, Anul 2015, Numar persoane, 43
Feminin, Covasna, Anul 2016, Numar persoane, 58
Feminin, Covasna, Anul 2017, Numar persoane, 42
Feminin, Covasna, Anul 2018, Numar persoane, 58
Feminin, Covasna, Anul 2019, Numar persoane, 65
Feminin, Covasna, Anul 2020, Numar persoane, 32
Feminin, Covasna, Anul 2021, Numar persoane, 73
Feminin, Covasna, Anul 2022, Numar persoane, 79
Feminin, Covasna, Anul 2023, Numar persoane, 103
Feminin, Covasna, Anul 2024, Numar persoane, 67
Feminin, Harghita, Anul 1991, Numar persoane, 592
Feminin, Harghita, Anul 1992, Numar persoane, 422
Feminin, Harghita, Anul 1993, Numar persoane, 211
Feminin, Harghita, Anul 1994, Numar persoane, 213
Feminin, Harghita, Anul 1995, Numar persoane, 420
Feminin, Harghita, Anul 1996, Numar persoane, 202
Feminin, Harghita, Anul 1997, Numar persoane, 175
Feminin, Harghita, Anul 1998, Numar persoane, 112
Feminin, Harghita, Anul 1999, Numar persoane, 82
Feminin, Harghita, Anul 2000, Numar persoane, 96
Feminin, Harghita, Anul 2001, Numar persoane, 78
Feminin, Harghita, Anul 2002, Numar persoane, 87
Feminin, Harghita, Anul 2003, Numar persoane, 102
Feminin, Harghita, Anul 2004, Numar persoane, 238
Feminin, Harghita, Anul 2005, Numar persoane, 193
Feminin, Harghita, Anul 2006, Numar persoane, 187
Feminin, Harghita, Anul 2007, Numar persoane, 73
Feminin, Harghita, Anul 2008, Numar persoane, 83
Feminin, Harghita, Anul 2009, Numar persoane, 79
Feminin, Harghita, Anul 2010, Numar persoane, 57
Feminin, Harghita, Anul 2011, Numar persoane, 71
Feminin, Harghita, Anul 2012, Numar persoane, 66
Feminin, Harghita, Anul 2013, Numar persoane, 63
Feminin, Harghita, Anul 2014, Numar persoane, 41
Feminin, Harghita, Anul 2015, Numar persoane, 61
Feminin, Harghita, Anul 2016, Numar persoane, 67
Feminin, Harghita, Anul 2017, Numar persoane, 50
Feminin, Harghita, Anul 2018, Numar persoane, 53
Feminin, Harghita, Anul 2019, Numar persoane, 59
Feminin, Harghita, Anul 2020, Numar persoane, 45
Feminin, Harghita, Anul 2021, Numar persoane, 69
Feminin, Harghita, Anul 2022, Numar persoane, 99
Feminin, Harghita, Anul 2023, Numar persoane, 104
Feminin, Harghita, Anul 2024, Numar persoane, 90
Feminin, Mures, Anul 1991, Numar persoane, 1148
Feminin, Mures, Anul 1992, Numar persoane, 860
Feminin, Mures, Anul 1993, Numar persoane, 603
Feminin, Mures, Anul 1994, Numar persoane, 431
Feminin, Mures, Anul 1995, Numar persoane, 596
Feminin, Mures, Anul 1996, Numar persoane, 413
Feminin, Mures, Anul 1997, Numar persoane, 396
Feminin, Mures, Anul 1998, Numar persoane, 276
Feminin, Mures, Anul 1999, Numar persoane, 227
Feminin, Mures, Anul 2000, Numar persoane, 283
Feminin, Mures, Anul 2001, Numar persoane, 232
Feminin, Mures, Anul 2002, Numar persoane, 256
Feminin, Mures, Anul 2003, Numar persoane, 313
Feminin, Mures, Anul 2004, Numar persoane, 495
Feminin, Mures, Anul 2005, Numar persoane, 269
Feminin, Mures, Anul 2006, Numar persoane, 342
Feminin, Mures, Anul 2007, Numar persoane, 188
Feminin, Mures, Anul 2008, Numar persoane, 160
Feminin, Mures, Anul 2009, Numar persoane, 177
Feminin, Mures, Anul 2010, Numar persoane, 142
Feminin, Mures, Anul 2011, Numar persoane, 228
Feminin, Mures, Anul 2012, Numar persoane, 172
Feminin, Mures, Anul 2013, Numar persoane, 202
Feminin, Mures, Anul 2014, Numar persoane, 141
Feminin, Mures, Anul 2015, Numar persoane, 153
Feminin, Mures, Anul 2016, Numar persoane, 222
Feminin, Mures, Anul 2017, Numar persoane, 231
Feminin, Mures, Anul 2018, Numar persoane, 276
Feminin, Mures, Anul 2019, Numar persoane, 245
Feminin, Mures, Anul 2020, Numar persoane, 187
Feminin, Mures, Anul 2021, Numar persoane, 315
Feminin, Mures, Anul 2022, Numar persoane, 377
Feminin, Mures, Anul 2023, Numar persoane, 362
Feminin, Mures, Anul 2024, Numar persoane, 318
Feminin, Sibiu, Anul 1991, Numar persoane, 3575
Feminin, Sibiu, Anul 1992, Numar persoane, 2726
Feminin, Sibiu, Anul 1993, Numar persoane, 951
Feminin, Sibiu, Anul 1994, Numar persoane, 632
Feminin, Sibiu, Anul 1995, Numar persoane, 887
Feminin, Sibiu, Anul 1996, Numar persoane, 656
Feminin, Sibiu, Anul 1997, Numar persoane, 678
Feminin, Sibiu, Anul 1998, Numar persoane, 401
Feminin, Sibiu, Anul 1999, Numar persoane, 285
Feminin, Sibiu, Anul 2000, Numar persoane, 388
Feminin, Sibiu, Anul 2001, Numar persoane, 156
Feminin, Sibiu, Anul 2002, Numar persoane, 229
Feminin, Sibiu, Anul 2003, Numar persoane, 460
Feminin, Sibiu, Anul 2004, Numar persoane, 511
Feminin, Sibiu, Anul 2005, Numar persoane, 363
Feminin, Sibiu, Anul 2006, Numar persoane, 507
Feminin, Sibiu, Anul 2007, Numar persoane, 299
Feminin, Sibiu, Anul 2008, Numar persoane, 292
Feminin, Sibiu, Anul 2009, Numar persoane, 334
Feminin, Sibiu, Anul 2010, Numar persoane, 213
Feminin, Sibiu, Anul 2011, Numar persoane, 284
Feminin, Sibiu, Anul 2012, Numar persoane, 300
Feminin, Sibiu, Anul 2013, Numar persoane, 316
Feminin, Sibiu, Anul 2014, Numar persoane, 190
Feminin, Sibiu, Anul 2015, Numar persoane, 297
Feminin, Sibiu, Anul 2016, Numar persoane, 396
Feminin, Sibiu, Anul 2017, Numar persoane, 384
Feminin, Sibiu, Anul 2018, Numar persoane, 445
Feminin, Sibiu, Anul 2019, Numar persoane, 376
Feminin, Sibiu, Anul 2020, Numar persoane, 324
Feminin, Sibiu, Anul 2021, Numar persoane, 527
Feminin, Sibiu, Anul 2022, Numar persoane, 602
Feminin, Sibiu, Anul 2023, Numar persoane, 588
Feminin, Sibiu, Anul 2024, Numar persoane, 425
Feminin, MACROREGIUNEA DOI, Anul 1991, Numar persoane, 1975
Feminin, MACROREGIUNEA DOI, Anul 1992, Numar persoane, 831
Feminin, MACROREGIUNEA DOI, Anul 1993, Numar persoane, 604
Feminin, MACROREGIUNEA DOI, Anul 1994, Numar persoane, 760
Feminin, MACROREGIUNEA DOI, Anul 1995, Numar persoane, 1375
Feminin, MACROREGIUNEA DOI, Anul 1996, Numar persoane, 1264
Feminin, MACROREGIUNEA DOI, Anul 1997, Numar persoane, 1456
Feminin, MACROREGIUNEA DOI, Anul 1998, Numar persoane, 1274
Feminin, MACROREGIUNEA DOI, Anul 1999, Numar persoane, 1076
Feminin, MACROREGIUNEA DOI, Anul 2000, Numar persoane, 1617
Feminin, MACROREGIUNEA DOI, Anul 2001, Numar persoane, 1150
Feminin, MACROREGIUNEA DOI, Anul 2002, Numar persoane, 879
Feminin, MACROREGIUNEA DOI, Anul 2003, Numar persoane, 1363
Feminin, MACROREGIUNEA DOI, Anul 2004, Numar persoane, 1724
Feminin, MACROREGIUNEA DOI, Anul 2005, Numar persoane, 1801
Feminin, MACROREGIUNEA DOI, Anul 2006, Numar persoane, 2405
Feminin, MACROREGIUNEA DOI, Anul 2007, Numar persoane, 1563
Feminin, MACROREGIUNEA DOI, Anul 2008, Numar persoane, 1506
Feminin, MACROREGIUNEA DOI, Anul 2009, Numar persoane, 1666
Feminin, MACROREGIUNEA DOI, Anul 2010, Numar persoane, 1325
Feminin, MACROREGIUNEA DOI, Anul 2011, Numar persoane, 2407
Feminin, MACROREGIUNEA DOI, Anul 2012, Numar persoane, 2532
Feminin, MACROREGIUNEA DOI, Anul 2013, Numar persoane, 2622
Feminin, MACROREGIUNEA DOI, Anul 2014, Numar persoane, 2040
Feminin, MACROREGIUNEA DOI, Anul 2015, Numar persoane, 2565
Feminin, MACROREGIUNEA DOI, Anul 2016, Numar persoane, 4034
Feminin, MACROREGIUNEA DOI, Anul 2017, Numar persoane, 4181
Feminin, MACROREGIUNEA DOI, Anul 2018, Numar persoane, 5150
Feminin, MACROREGIUNEA DOI, Anul 2019, Numar persoane, 5301
Feminin, MACROREGIUNEA DOI, Anul 2020, Numar persoane, 4208
Feminin, MACROREGIUNEA DOI, Anul 2021, Numar persoane, 6893
Feminin, MACROREGIUNEA DOI, Anul 2022, Numar persoane, 10128
Feminin, MACROREGIUNEA DOI, Anul 2023, Numar persoane, 11247
Feminin, MACROREGIUNEA DOI, Anul 2024, Numar persoane, 13392
Feminin, Regiunea NORD-EST, Anul 1991, Numar persoane, 1025
Feminin, Regiunea NORD-EST, Anul 1992, Numar persoane, 440
Feminin, Regiunea NORD-EST, Anul 1993, Numar persoane, 277
Feminin, Regiunea NORD-EST, Anul 1994, Numar persoane, 340
Feminin, Regiunea NORD-EST, Anul 1995, Numar persoane, 688
Feminin, Regiunea NORD-EST, Anul 1996, Numar persoane, 664
Feminin, Regiunea NORD-EST, Anul 1997, Numar persoane, 838
Feminin, Regiunea NORD-EST, Anul 1998, Numar persoane, 717
Feminin, Regiunea NORD-EST, Anul 1999, Numar persoane, 626
Feminin, Regiunea NORD-EST, Anul 2000, Numar persoane, 958
Feminin, Regiunea NORD-EST, Anul 2001, Numar persoane, 761
Feminin, Regiunea NORD-EST, Anul 2002, Numar persoane, 543
Feminin, Regiunea NORD-EST, Anul 2003, Numar persoane, 884
Feminin, Regiunea NORD-EST, Anul 2004, Numar persoane, 1086
Feminin, Regiunea NORD-EST, Anul 2005, Numar persoane, 1118
Feminin, Regiunea NORD-EST, Anul 2006, Numar persoane, 1575
Feminin, Regiunea NORD-EST, Anul 2007, Numar persoane, 996
Feminin, Regiunea NORD-EST, Anul 2008, Numar persoane, 924
Feminin, Regiunea NORD-EST, Anul 2009, Numar persoane, 1011
Feminin, Regiunea NORD-EST, Anul 2010, Numar persoane, 810
Feminin, Regiunea NORD-EST, Anul 2011, Numar persoane, 1514
Feminin, Regiunea NORD-EST, Anul 2012, Numar persoane, 1593
Feminin, Regiunea NORD-EST, Anul 2013, Numar persoane, 1559
Feminin, Regiunea NORD-EST, Anul 2014, Numar persoane, 1149
Feminin, Regiunea NORD-EST, Anul 2015, Numar persoane, 1521
Feminin, Regiunea NORD-EST, Anul 2016, Numar persoane, 2362
Feminin, Regiunea NORD-EST, Anul 2017, Numar persoane, 2461
Feminin, Regiunea NORD-EST, Anul 2018, Numar persoane, 3041
Feminin, Regiunea NORD-EST, Anul 2019, Numar persoane, 3281
Feminin, Regiunea NORD-EST, Anul 2020, Numar persoane, 2697
Feminin, Regiunea NORD-EST, Anul 2021, Numar persoane, 4487
Feminin, Regiunea NORD-EST, Anul 2022, Numar persoane, 6799
Feminin, Regiunea NORD-EST, Anul 2023, Numar persoane, 7837
Feminin, Regiunea NORD-EST, Anul 2024, Numar persoane, 10368
Feminin, Bacau, Anul 1991, Numar persoane, 145
Feminin, Bacau, Anul 1992, Numar persoane, 78
Feminin, Bacau, Anul 1993, Numar persoane, 47
Feminin, Bacau, Anul 1994, Numar persoane, 70
Feminin, Bacau, Anul 1995, Numar persoane, 136
Feminin, Bacau, Anul 1996, Numar persoane, 139
Feminin, Bacau, Anul 1997, Numar persoane, 158
Feminin, Bacau, Anul 1998, Numar persoane, 140
Feminin, Bacau, Anul 1999, Numar persoane, 141
Feminin, Bacau, Anul 2000, Numar persoane, 206
Feminin, Bacau, Anul 2001, Numar persoane, 148
Feminin, Bacau, Anul 2002, Numar persoane, 111
Feminin, Bacau, Anul 2003, Numar persoane, 222
Feminin, Bacau, Anul 2004, Numar persoane, 295
Feminin, Bacau, Anul 2005, Numar persoane, 262
Feminin, Bacau, Anul 2006, Numar persoane, 397
Feminin, Bacau, Anul 2007, Numar persoane, 234
Feminin, Bacau, Anul 2008, Numar persoane, 214
Feminin, Bacau, Anul 2009, Numar persoane, 244
Feminin, Bacau, Anul 2010, Numar persoane, 187
Feminin, Bacau, Anul 2011, Numar persoane, 233
Feminin, Bacau, Anul 2012, Numar persoane, 257
Feminin, Bacau, Anul 2013, Numar persoane, 302
Feminin, Bacau, Anul 2014, Numar persoane, 253
Feminin, Bacau, Anul 2015, Numar persoane, 341
Feminin, Bacau, Anul 2016, Numar persoane, 481
Feminin, Bacau, Anul 2017, Numar persoane, 521
Feminin, Bacau, Anul 2018, Numar persoane, 564
Feminin, Bacau, Anul 2019, Numar persoane, 636
Feminin, Bacau, Anul 2020, Numar persoane, 440
Feminin, Bacau, Anul 2021, Numar persoane, 750
Feminin, Bacau, Anul 2022, Numar persoane, 1170
Feminin, Bacau, Anul 2023, Numar persoane, 1226
Feminin, Bacau, Anul 2024, Numar persoane, 1332
Feminin, Botosani, Anul 1991, Numar persoane, 78
Feminin, Botosani, Anul 1992, Numar persoane, 37
Feminin, Botosani, Anul 1993, Numar persoane, 30
Feminin, Botosani, Anul 1994, Numar persoane, 26
Feminin, Botosani, Anul 1995, Numar persoane, 29
Feminin, Botosani, Anul 1996, Numar persoane, 51
Feminin, Botosani, Anul 1997, Numar persoane, 67
Feminin, Botosani, Anul 1998, Numar persoane, 58
Feminin, Botosani, Anul 1999, Numar persoane, 52
Feminin, Botosani, Anul 2000, Numar persoane, 69
Feminin, Botosani, Anul 2001, Numar persoane, 34
Feminin, Botosani, Anul 2002, Numar persoane, 36
Feminin, Botosani, Anul 2003, Numar persoane, 54
Feminin, Botosani, Anul 2004, Numar persoane, 43
Feminin, Botosani, Anul 2005, Numar persoane, 61
Feminin, Botosani, Anul 2006, Numar persoane, 79
Feminin, Botosani, Anul 2007, Numar persoane, 62
Feminin, Botosani, Anul 2008, Numar persoane, 86
Feminin, Botosani, Anul 2009, Numar persoane, 88
Feminin, Botosani, Anul 2010, Numar persoane, 78
Feminin, Botosani, Anul 2011, Numar persoane, 132
Feminin, Botosani, Anul 2012, Numar persoane, 138
Feminin, Botosani, Anul 2013, Numar persoane, 165
Feminin, Botosani, Anul 2014, Numar persoane, 102
Feminin, Botosani, Anul 2015, Numar persoane, 158
Feminin, Botosani, Anul 2016, Numar persoane, 226
Feminin, Botosani, Anul 2017, Numar persoane, 236
Feminin, Botosani, Anul 2018, Numar persoane, 240
Feminin, Botosani, Anul 2019, Numar persoane, 274
Feminin, Botosani, Anul 2020, Numar persoane, 208
Feminin, Botosani, Anul 2021, Numar persoane, 349
Feminin, Botosani, Anul 2022, Numar persoane, 551
Feminin, Botosani, Anul 2023, Numar persoane, 592
Feminin, Botosani, Anul 2024, Numar persoane, 748
Feminin, Iasi, Anul 1991, Numar persoane, 166
Feminin, Iasi, Anul 1992, Numar persoane, 98
Feminin, Iasi, Anul 1993, Numar persoane, 51
Feminin, Iasi, Anul 1994, Numar persoane, 67
Feminin, Iasi, Anul 1995, Numar persoane, 179
Feminin, Iasi, Anul 1996, Numar persoane, 178
Feminin, Iasi, Anul 1997, Numar persoane, 245
Feminin, Iasi, Anul 1998, Numar persoane, 203
Feminin, Iasi, Anul 1999, Numar persoane, 155
Feminin, Iasi, Anul 2000, Numar persoane, 237
Feminin, Iasi, Anul 2001, Numar persoane, 179
Feminin, Iasi, Anul 2002, Numar persoane, 71
Feminin, Iasi, Anul 2003, Numar persoane, 158
Feminin, Iasi, Anul 2004, Numar persoane, 247
Feminin, Iasi, Anul 2005, Numar persoane, 262
Feminin, Iasi, Anul 2006, Numar persoane, 355
Feminin, Iasi, Anul 2007, Numar persoane, 206
Feminin, Iasi, Anul 2008, Numar persoane, 219
Feminin, Iasi, Anul 2009, Numar persoane, 282
Feminin, Iasi, Anul 2010, Numar persoane, 203
Feminin, Iasi, Anul 2011, Numar persoane, 410
Feminin, Iasi, Anul 2012, Numar persoane, 377
Feminin, Iasi, Anul 2013, Numar persoane, 324
Feminin, Iasi, Anul 2014, Numar persoane, 320
Feminin, Iasi, Anul 2015, Numar persoane, 462
Feminin, Iasi, Anul 2016, Numar persoane, 724
Feminin, Iasi, Anul 2017, Numar persoane, 789
Feminin, Iasi, Anul 2018, Numar persoane, 1071
Feminin, Iasi, Anul 2019, Numar persoane, 1063
Feminin, Iasi, Anul 2020, Numar persoane, 991
Feminin, Iasi, Anul 2021, Numar persoane, 1566
Feminin, Iasi, Anul 2022, Numar persoane, 2480
Feminin, Iasi, Anul 2023, Numar persoane, 2921
Feminin, Iasi, Anul 2024, Numar persoane, 4246
Feminin, Neamt, Anul 1991, Numar persoane, 137
Feminin, Neamt, Anul 1992, Numar persoane, 45
Feminin, Neamt, Anul 1993, Numar persoane, 44
Feminin, Neamt, Anul 1994, Numar persoane, 66
Feminin, Neamt, Anul 1995, Numar persoane, 106
Feminin, Neamt, Anul 1996, Numar persoane, 118
Feminin, Neamt, Anul 1997, Numar persoane, 142
Feminin, Neamt, Anul 1998, Numar persoane, 103
Feminin, Neamt, Anul 1999, Numar persoane, 91
Feminin, Neamt, Anul 2000, Numar persoane, 166
Feminin, Neamt, Anul 2001, Numar persoane, 168
Feminin, Neamt, Anul 2002, Numar persoane, 148
Feminin, Neamt, Anul 2003, Numar persoane, 187
Feminin, Neamt, Anul 2004, Numar persoane, 219
Feminin, Neamt, Anul 2005, Numar persoane, 325
Feminin, Neamt, Anul 2006, Numar persoane, 454
Feminin, Neamt, Anul 2007, Numar persoane, 275
Feminin, Neamt, Anul 2008, Numar persoane, 207
Feminin, Neamt, Anul 2009, Numar persoane, 176
Feminin, Neamt, Anul 2010, Numar persoane, 140
Feminin, Neamt, Anul 2011, Numar persoane, 184
Feminin, Neamt, Anul 2012, Numar persoane, 220
Feminin, Neamt, Anul 2013, Numar persoane, 192
Feminin, Neamt, Anul 2014, Numar persoane, 180
Feminin, Neamt, Anul 2015, Numar persoane, 214
Feminin, Neamt, Anul 2016, Numar persoane, 331
Feminin, Neamt, Anul 2017, Numar persoane, 313
Feminin, Neamt, Anul 2018, Numar persoane, 403
Feminin, Neamt, Anul 2019, Numar persoane, 438
Feminin, Neamt, Anul 2020, Numar persoane, 311
Feminin, Neamt, Anul 2021, Numar persoane, 496
Feminin, Neamt, Anul 2022, Numar persoane, 677
Feminin, Neamt, Anul 2023, Numar persoane, 740
Feminin, Neamt, Anul 2024, Numar persoane, 667
Feminin, Suceava, Anul 1991, Numar persoane, 400
Feminin, Suceava, Anul 1992, Numar persoane, 156
Feminin, Suceava, Anul 1993, Numar persoane, 89
Feminin, Suceava, Anul 1994, Numar persoane, 93
Feminin, Suceava, Anul 1995, Numar persoane, 198
Feminin, Suceava, Anul 1996, Numar persoane, 134
Feminin, Suceava, Anul 1997, Numar persoane, 168
Feminin, Suceava, Anul 1998, Numar persoane, 156
Feminin, Suceava, Anul 1999, Numar persoane, 145
Feminin, Suceava, Anul 2000, Numar persoane, 224
Feminin, Suceava, Anul 2001, Numar persoane, 208
Feminin, Suceava, Anul 2002, Numar persoane, 164
Feminin, Suceava, Anul 2003, Numar persoane, 233
Feminin, Suceava, Anul 2004, Numar persoane, 224
Feminin, Suceava, Anul 2005, Numar persoane, 163
Feminin, Suceava, Anul 2006, Numar persoane, 234
Feminin, Suceava, Anul 2007, Numar persoane, 148
Feminin, Suceava, Anul 2008, Numar persoane, 134
Feminin, Suceava, Anul 2009, Numar persoane, 142
Feminin, Suceava, Anul 2010, Numar persoane, 148
Feminin, Suceava, Anul 2011, Numar persoane, 425
Feminin, Suceava, Anul 2012, Numar persoane, 463
Feminin, Suceava, Anul 2013, Numar persoane, 392
Feminin, Suceava, Anul 2014, Numar persoane, 145
Feminin, Suceava, Anul 2015, Numar persoane, 176
Feminin, Suceava, Anul 2016, Numar persoane, 306
Feminin, Suceava, Anul 2017, Numar persoane, 297
Feminin, Suceava, Anul 2018, Numar persoane, 360
Feminin, Suceava, Anul 2019, Numar persoane, 380
Feminin, Suceava, Anul 2020, Numar persoane, 306
Feminin, Suceava, Anul 2021, Numar persoane, 568
Feminin, Suceava, Anul 2022, Numar persoane, 664
Feminin, Suceava, Anul 2023, Numar persoane, 723
Feminin, Suceava, Anul 2024, Numar persoane, 730
Feminin, Vaslui, Anul 1991, Numar persoane, 99
Feminin, Vaslui, Anul 1992, Numar persoane, 26
Feminin, Vaslui, Anul 1993, Numar persoane, 16
Feminin, Vaslui, Anul 1994, Numar persoane, 18
Feminin, Vaslui, Anul 1995, Numar persoane, 40
Feminin, Vaslui, Anul 1996, Numar persoane, 44
Feminin, Vaslui, Anul 1997, Numar persoane, 58
Feminin, Vaslui, Anul 1998, Numar persoane, 57
Feminin, Vaslui, Anul 1999, Numar persoane, 42
Feminin, Vaslui, Anul 2000, Numar persoane, 56
Feminin, Vaslui, Anul 2001, Numar persoane, 24
Feminin, Vaslui, Anul 2002, Numar persoane, 13
Feminin, Vaslui, Anul 2003, Numar persoane, 30
Feminin, Vaslui, Anul 2004, Numar persoane, 58
Feminin, Vaslui, Anul 2005, Numar persoane, 45
Feminin, Vaslui, Anul 2006, Numar persoane, 56
Feminin, Vaslui, Anul 2007, Numar persoane, 71
Feminin, Vaslui, Anul 2008, Numar persoane, 64
Feminin, Vaslui, Anul 2009, Numar persoane, 79
Feminin, Vaslui, Anul 2010, Numar persoane, 54
Feminin, Vaslui, Anul 2011, Numar persoane, 130
Feminin, Vaslui, Anul 2012, Numar persoane, 138
Feminin, Vaslui, Anul 2013, Numar persoane, 184
Feminin, Vaslui, Anul 2014, Numar persoane, 149
Feminin, Vaslui, Anul 2015, Numar persoane, 170
Feminin, Vaslui, Anul 2016, Numar persoane, 294
Feminin, Vaslui, Anul 2017, Numar persoane, 305
Feminin, Vaslui, Anul 2018, Numar persoane, 403
Feminin, Vaslui, Anul 2019, Numar persoane, 490
Feminin, Vaslui, Anul 2020, Numar persoane, 441
Feminin, Vaslui, Anul 2021, Numar persoane, 758
Feminin, Vaslui, Anul 2022, Numar persoane, 1257
Feminin, Vaslui, Anul 2023, Numar persoane, 1635
Feminin, Vaslui, Anul 2024, Numar persoane, 2645
Feminin, Regiunea SUD-EST, Anul 1991, Numar persoane, 951
Feminin, Regiunea SUD-EST, Anul 1992, Numar persoane, 391
Feminin, Regiunea SUD-EST, Anul 1993, Numar persoane, 327
Feminin, Regiunea SUD-EST, Anul 1994, Numar persoane, 420
Feminin, Regiunea SUD-EST, Anul 1995, Numar persoane, 687
Feminin, Regiunea SUD-EST, Anul 1996, Numar persoane, 600
Feminin, Regiunea SUD-EST, Anul 1997, Numar persoane, 618
Feminin, Regiunea SUD-EST, Anul 1998, Numar persoane, 557
Feminin, Regiunea SUD-EST, Anul 1999, Numar persoane, 450
Feminin, Regiunea SUD-EST, Anul 2000, Numar persoane, 659
Feminin, Regiunea SUD-EST, Anul 2001, Numar persoane, 389
Feminin, Regiunea SUD-EST, Anul 2002, Numar persoane, 336
Feminin, Regiunea SUD-EST, Anul 2003, Numar persoane, 479
Feminin, Regiunea SUD-EST, Anul 2004, Numar persoane, 638
Feminin, Regiunea SUD-EST, Anul 2005, Numar persoane, 683
Feminin, Regiunea SUD-EST, Anul 2006, Numar persoane, 830
Feminin, Regiunea SUD-EST, Anul 2007, Numar persoane, 567
Feminin, Regiunea SUD-EST, Anul 2008, Numar persoane, 582
Feminin, Regiunea SUD-EST, Anul 2009, Numar persoane, 655
Feminin, Regiunea SUD-EST, Anul 2010, Numar persoane, 515
Feminin, Regiunea SUD-EST, Anul 2011, Numar persoane, 893
Feminin, Regiunea SUD-EST, Anul 2012, Numar persoane, 939
Feminin, Regiunea SUD-EST, Anul 2013, Numar persoane, 1063
Feminin, Regiunea SUD-EST, Anul 2014, Numar persoane, 891
Feminin, Regiunea SUD-EST, Anul 2015, Numar persoane, 1044
Feminin, Regiunea SUD-EST, Anul 2016, Numar persoane, 1672
Feminin, Regiunea SUD-EST, Anul 2017, Numar persoane, 1720
Feminin, Regiunea SUD-EST, Anul 2018, Numar persoane, 2109
Feminin, Regiunea SUD-EST, Anul 2019, Numar persoane, 2020
Feminin, Regiunea SUD-EST, Anul 2020, Numar persoane, 1511
Feminin, Regiunea SUD-EST, Anul 2021, Numar persoane, 2406
Feminin, Regiunea SUD-EST, Anul 2022, Numar persoane, 3329
Feminin, Regiunea SUD-EST, Anul 2023, Numar persoane, 3410
Feminin, Regiunea SUD-EST, Anul 2024, Numar persoane, 3024
Feminin, Braila, Anul 1991, Numar persoane, 62
Feminin, Braila, Anul 1992, Numar persoane, 41
Feminin, Braila, Anul 1993, Numar persoane, 23
Feminin, Braila, Anul 1994, Numar persoane, 32
Feminin, Braila, Anul 1995, Numar persoane, 82
Feminin, Braila, Anul 1996, Numar persoane, 57
Feminin, Braila, Anul 1997, Numar persoane, 57
Feminin, Braila, Anul 1998, Numar persoane, 54
Feminin, Braila, Anul 1999, Numar persoane, 35
Feminin, Braila, Anul 2000, Numar persoane, 71
Feminin, Braila, Anul 2001, Numar persoane, 38
Feminin, Braila, Anul 2002, Numar persoane, 29
Feminin, Braila, Anul 2003, Numar persoane, 43
Feminin, Braila, Anul 2004, Numar persoane, 60
Feminin, Braila, Anul 2005, Numar persoane, 51
Feminin, Braila, Anul 2006, Numar persoane, 76
Feminin, Braila, Anul 2007, Numar persoane, 62
Feminin, Braila, Anul 2008, Numar persoane, 62
Feminin, Braila, Anul 2009, Numar persoane, 87
Feminin, Braila, Anul 2010, Numar persoane, 54
Feminin, Braila, Anul 2011, Numar persoane, 116
Feminin, Braila, Anul 2012, Numar persoane, 133
Feminin, Braila, Anul 2013, Numar persoane, 141
Feminin, Braila, Anul 2014, Numar persoane, 100
Feminin, Braila, Anul 2015, Numar persoane, 117
Feminin, Braila, Anul 2016, Numar persoane, 186
Feminin, Braila, Anul 2017, Numar persoane, 210
Feminin, Braila, Anul 2018, Numar persoane, 263
Feminin, Braila, Anul 2019, Numar persoane, 237
Feminin, Braila, Anul 2020, Numar persoane, 193
Feminin, Braila, Anul 2021, Numar persoane, 288
Feminin, Braila, Anul 2022, Numar persoane, 330
Feminin, Braila, Anul 2023, Numar persoane, 309
Feminin, Braila, Anul 2024, Numar persoane, 247
Feminin, Buzau, Anul 1991, Numar persoane, 279
Feminin, Buzau, Anul 1992, Numar persoane, 28
Feminin, Buzau, Anul 1993, Numar persoane, 53
Feminin, Buzau, Anul 1994, Numar persoane, 57
Feminin, Buzau, Anul 1995, Numar persoane, 48
Feminin, Buzau, Anul 1996, Numar persoane, 63
Feminin, Buzau, Anul 1997, Numar persoane, 68
Feminin, Buzau, Anul 1998, Numar persoane, 77
Feminin, Buzau, Anul 1999, Numar persoane, 48
Feminin, Buzau, Anul 2000, Numar persoane, 50
Feminin, Buzau, Anul 2001, Numar persoane, 45
Feminin, Buzau, Anul 2002, Numar persoane, 34
Feminin, Buzau, Anul 2003, Numar persoane, 40
Feminin, Buzau, Anul 2004, Numar persoane, 46
Feminin, Buzau, Anul 2005, Numar persoane, 51
Feminin, Buzau, Anul 2006, Numar persoane, 64
Feminin, Buzau, Anul 2007, Numar persoane, 62
Feminin, Buzau, Anul 2008, Numar persoane, 49
Feminin, Buzau, Anul 2009, Numar persoane, 59
Feminin, Buzau, Anul 2010, Numar persoane, 54
Feminin, Buzau, Anul 2011, Numar persoane, 94
Feminin, Buzau, Anul 2012, Numar persoane, 70
Feminin, Buzau, Anul 2013, Numar persoane, 129
Feminin, Buzau, Anul 2014, Numar persoane, 86
Feminin, Buzau, Anul 2015, Numar persoane, 104
Feminin, Buzau, Anul 2016, Numar persoane, 188
Feminin, Buzau, Anul 2017, Numar persoane, 164
Feminin, Buzau, Anul 2018, Numar persoane, 206
Feminin, Buzau, Anul 2019, Numar persoane, 219
Feminin, Buzau, Anul 2020, Numar persoane, 163
Feminin, Buzau, Anul 2021, Numar persoane, 236
Feminin, Buzau, Anul 2022, Numar persoane, 308
Feminin, Buzau, Anul 2023, Numar persoane, 311
Feminin, Buzau, Anul 2024, Numar persoane, 242
Feminin, Constanta, Anul 1991, Numar persoane, 373
Feminin, Constanta, Anul 1992, Numar persoane, 206
Feminin, Constanta, Anul 1993, Numar persoane, 145
Feminin, Constanta, Anul 1994, Numar persoane, 209
Feminin, Constanta, Anul 1995, Numar persoane, 258
Feminin, Constanta, Anul 1996, Numar persoane, 244
Feminin, Constanta, Anul 1997, Numar persoane, 256
Feminin, Constanta, Anul 1998, Numar persoane, 208
Feminin, Constanta, Anul 1999, Numar persoane, 197
Feminin, Constanta, Anul 2000, Numar persoane, 287
Feminin, Constanta, Anul 2001, Numar persoane, 123
Feminin, Constanta, Anul 2002, Numar persoane, 100
Feminin, Constanta, Anul 2003, Numar persoane, 127
Feminin, Constanta, Anul 2004, Numar persoane, 181
Feminin, Constanta, Anul 2005, Numar persoane, 189
Feminin, Constanta, Anul 2006, Numar persoane, 205
Feminin, Constanta, Anul 2007, Numar persoane, 138
Feminin, Constanta, Anul 2008, Numar persoane, 166
Feminin, Constanta, Anul 2009, Numar persoane, 211
Feminin, Constanta, Anul 2010, Numar persoane, 162
Feminin, Constanta, Anul 2011, Numar persoane, 238
Feminin, Constanta, Anul 2012, Numar persoane, 287
Feminin, Constanta, Anul 2013, Numar persoane, 320
Feminin, Constanta, Anul 2014, Numar persoane, 273
Feminin, Constanta, Anul 2015, Numar persoane, 305
Feminin, Constanta, Anul 2016, Numar persoane, 481
Feminin, Constanta, Anul 2017, Numar persoane, 512
Feminin, Constanta, Anul 2018, Numar persoane, 615
Feminin, Constanta, Anul 2019, Numar persoane, 546
Feminin, Constanta, Anul 2020, Numar persoane, 404
Feminin, Constanta, Anul 2021, Numar persoane, 662
Feminin, Constanta, Anul 2022, Numar persoane, 827
Feminin, Constanta, Anul 2023, Numar persoane, 707
Feminin, Constanta, Anul 2024, Numar persoane, 507
Feminin, Galati, Anul 1991, Numar persoane, 102
Feminin, Galati, Anul 1992, Numar persoane, 74
Feminin, Galati, Anul 1993, Numar persoane, 65
Feminin, Galati, Anul 1994, Numar persoane, 69
Feminin, Galati, Anul 1995, Numar persoane, 202
Feminin, Galati, Anul 1996, Numar persoane, 141
Feminin, Galati, Anul 1997, Numar persoane, 126
Feminin, Galati, Anul 1998, Numar persoane, 116
Feminin, Galati, Anul 1999, Numar persoane, 81
Feminin, Galati, Anul 2000, Numar persoane, 106
Feminin, Galati, Anul 2001, Numar persoane, 79
Feminin, Galati, Anul 2002, Numar persoane, 80
Feminin, Galati, Anul 2003, Numar persoane, 133
Feminin, Galati, Anul 2004, Numar persoane, 207
Feminin, Galati, Anul 2005, Numar persoane, 194
Feminin, Galati, Anul 2006, Numar persoane, 270
Feminin, Galati, Anul 2007, Numar persoane, 145
Feminin, Galati, Anul 2008, Numar persoane, 176
Feminin, Galati, Anul 2009, Numar persoane, 178
Feminin, Galati, Anul 2010, Numar persoane, 146
Feminin, Galati, Anul 2011, Numar persoane, 277
Feminin, Galati, Anul 2012, Numar persoane, 270
Feminin, Galati, Anul 2013, Numar persoane, 283
Feminin, Galati, Anul 2014, Numar persoane, 250
Feminin, Galati, Anul 2015, Numar persoane, 300
Feminin, Galati, Anul 2016, Numar persoane, 471
Feminin, Galati, Anul 2017, Numar persoane, 484
Feminin, Galati, Anul 2018, Numar persoane, 639
Feminin, Galati, Anul 2019, Numar persoane, 633
Feminin, Galati, Anul 2020, Numar persoane, 464
Feminin, Galati, Anul 2021, Numar persoane, 787
Feminin, Galati, Anul 2022, Numar persoane, 1244
Feminin, Galati, Anul 2023, Numar persoane, 1367
Feminin, Galati, Anul 2024, Numar persoane, 1512
Feminin, Tulcea, Anul 1991, Numar persoane, 64
Feminin, Tulcea, Anul 1992, Numar persoane, 23
Feminin, Tulcea, Anul 1993, Numar persoane, 21
Feminin, Tulcea, Anul 1994, Numar persoane, 25
Feminin, Tulcea, Anul 1995, Numar persoane, 49
Feminin, Tulcea, Anul 1996, Numar persoane, 37
Feminin, Tulcea, Anul 1997, Numar persoane, 39
Feminin, Tulcea, Anul 1998, Numar persoane, 42
Feminin, Tulcea, Anul 1999, Numar persoane, 29
Feminin, Tulcea, Anul 2000, Numar persoane, 37
Feminin, Tulcea, Anul 2001, Numar persoane, 24
Feminin, Tulcea, Anul 2002, Numar persoane, 21
Feminin, Tulcea, Anul 2003, Numar persoane, 25
Feminin, Tulcea, Anul 2004, Numar persoane, 25
Feminin, Tulcea, Anul 2005, Numar persoane, 34
Feminin, Tulcea, Anul 2006, Numar persoane, 28
Feminin, Tulcea, Anul 2007, Numar persoane, 37
Feminin, Tulcea, Anul 2008, Numar persoane, 43
Feminin, Tulcea, Anul 2009, Numar persoane, 38
Feminin, Tulcea, Anul 2010, Numar persoane, 35
Feminin, Tulcea, Anul 2011, Numar persoane, 61
Feminin, Tulcea, Anul 2012, Numar persoane, 81
Feminin, Tulcea, Anul 2013, Numar persoane, 98
Feminin, Tulcea, Anul 2014, Numar persoane, 75
Feminin, Tulcea, Anul 2015, Numar persoane, 101
Feminin, Tulcea, Anul 2016, Numar persoane, 152
Feminin, Tulcea, Anul 2017, Numar persoane, 166
Feminin, Tulcea, Anul 2018, Numar persoane, 158
Feminin, Tulcea, Anul 2019, Numar persoane, 168
Feminin, Tulcea, Anul 2020, Numar persoane, 145
Feminin, Tulcea, Anul 2021, Numar persoane, 202
Feminin, Tulcea, Anul 2022, Numar persoane, 249
Feminin, Tulcea, Anul 2023, Numar persoane, 275
Feminin, Tulcea, Anul 2024, Numar persoane, 209
Feminin, Vrancea, Anul 1991, Numar persoane, 71
Feminin, Vrancea, Anul 1992, Numar persoane, 19
Feminin, Vrancea, Anul 1993, Numar persoane, 20
Feminin, Vrancea, Anul 1994, Numar persoane, 28
Feminin, Vrancea, Anul 1995, Numar persoane, 48
Feminin, Vrancea, Anul 1996, Numar persoane, 58
Feminin, Vrancea, Anul 1997, Numar persoane, 72
Feminin, Vrancea, Anul 1998, Numar persoane, 60
Feminin, Vrancea, Anul 1999, Numar persoane, 60
Feminin, Vrancea, Anul 2000, Numar persoane, 108
Feminin, Vrancea, Anul 2001, Numar persoane, 80
Feminin, Vrancea, Anul 2002, Numar persoane, 72
Feminin, Vrancea, Anul 2003, Numar persoane, 111
Feminin, Vrancea, Anul 2004, Numar persoane, 119
Feminin, Vrancea, Anul 2005, Numar persoane, 164
Feminin, Vrancea, Anul 2006, Numar persoane, 187
Feminin, Vrancea, Anul 2007, Numar persoane, 123
Feminin, Vrancea, Anul 2008, Numar persoane, 86
Feminin, Vrancea, Anul 2009, Numar persoane, 82
Feminin, Vrancea, Anul 2010, Numar persoane, 64
Feminin, Vrancea, Anul 2011, Numar persoane, 107
Feminin, Vrancea, Anul 2012, Numar persoane, 98
Feminin, Vrancea, Anul 2013, Numar persoane, 92
Feminin, Vrancea, Anul 2014, Numar persoane, 107
Feminin, Vrancea, Anul 2015, Numar persoane, 117
Feminin, Vrancea, Anul 2016, Numar persoane, 194
Feminin, Vrancea, Anul 2017, Numar persoane, 184
Feminin, Vrancea, Anul 2018, Numar persoane, 228
Feminin, Vrancea, Anul 2019, Numar persoane, 217
Feminin, Vrancea, Anul 2020, Numar persoane, 142
Feminin, Vrancea, Anul 2021, Numar persoane, 231
Feminin, Vrancea, Anul 2022, Numar persoane, 371
Feminin, Vrancea, Anul 2023, Numar persoane, 441
Feminin, Vrancea, Anul 2024, Numar persoane, 307
Feminin, MACROREGIUNEA TREI, Anul 1991, Numar persoane, 3286
Feminin, MACROREGIUNEA TREI, Anul 1992, Numar persoane, 2432
Feminin, MACROREGIUNEA TREI, Anul 1993, Numar persoane, 1595
Feminin, MACROREGIUNEA TREI, Anul 1994, Numar persoane, 2411
Feminin, MACROREGIUNEA TREI, Anul 1995, Numar persoane, 3974
Feminin, MACROREGIUNEA TREI, Anul 1996, Numar persoane, 3495
Feminin, MACROREGIUNEA TREI, Anul 1997, Numar persoane, 2710
Feminin, MACROREGIUNEA TREI, Anul 1998, Numar persoane, 3613
Feminin, MACROREGIUNEA TREI, Anul 1999, Numar persoane, 2471
Feminin, MACROREGIUNEA TREI, Anul 2000, Numar persoane, 2165
Feminin, MACROREGIUNEA TREI, Anul 2001, Numar persoane, 1272
Feminin, MACROREGIUNEA TREI, Anul 2002, Numar persoane, 1006
Feminin, MACROREGIUNEA TREI, Anul 2003, Numar persoane, 1355
Feminin, MACROREGIUNEA TREI, Anul 2004, Numar persoane, 1676
Feminin, MACROREGIUNEA TREI, Anul 2005, Numar persoane, 1383
Feminin, MACROREGIUNEA TREI, Anul 2006, Numar persoane, 1903
Feminin, MACROREGIUNEA TREI, Anul 2007, Numar persoane, 1355
Feminin, MACROREGIUNEA TREI, Anul 2008, Numar persoane, 1357
Feminin, MACROREGIUNEA TREI, Anul 2009, Numar persoane, 1597
Feminin, MACROREGIUNEA TREI, Anul 2010, Numar persoane, 1271
Feminin, MACROREGIUNEA TREI, Anul 2011, Numar persoane, 3642
Feminin, MACROREGIUNEA TREI, Anul 2012, Numar persoane, 3675
Feminin, MACROREGIUNEA TREI, Anul 2013, Numar persoane, 4127
Feminin, MACROREGIUNEA TREI, Anul 2014, Numar persoane, 1725
Feminin, MACROREGIUNEA TREI, Anul 2015, Numar persoane, 2413
Feminin, MACROREGIUNEA TREI, Anul 2016, Numar persoane, 3491
Feminin, MACROREGIUNEA TREI, Anul 2017, Numar persoane, 3540
Feminin, MACROREGIUNEA TREI, Anul 2018, Numar persoane, 4157
Feminin, MACROREGIUNEA TREI, Anul 2019, Numar persoane, 3908
Feminin, MACROREGIUNEA TREI, Anul 2020, Numar persoane, 3073
Feminin, MACROREGIUNEA TREI, Anul 2021, Numar persoane, 4674
Feminin, MACROREGIUNEA TREI, Anul 2022, Numar persoane, 6206
Feminin, MACROREGIUNEA TREI, Anul 2023, Numar persoane, 6006
Feminin, MACROREGIUNEA TREI, Anul 2024, Numar persoane, 6083
Feminin, Regiunea SUD-MUNTENIA, Anul 1991, Numar persoane, 1104
Feminin, Regiunea SUD-MUNTENIA, Anul 1992, Numar persoane, 294
Feminin, Regiunea SUD-MUNTENIA, Anul 1993, Numar persoane, 223
Feminin, Regiunea SUD-MUNTENIA, Anul 1994, Numar persoane, 306
Feminin, Regiunea SUD-MUNTENIA, Anul 1995, Numar persoane, 590
Feminin, Regiunea SUD-MUNTENIA, Anul 1996, Numar persoane, 591
Feminin, Regiunea SUD-MUNTENIA, Anul 1997, Numar persoane, 525
Feminin, Regiunea SUD-MUNTENIA, Anul 1998, Numar persoane, 404
Feminin, Regiunea SUD-MUNTENIA, Anul 1999, Numar persoane, 371
Feminin, Regiunea SUD-MUNTENIA, Anul 2000, Numar persoane, 535
Feminin, Regiunea SUD-MUNTENIA, Anul 2001, Numar persoane, 317
Feminin, Regiunea SUD-MUNTENIA, Anul 2002, Numar persoane, 191
Feminin, Regiunea SUD-MUNTENIA, Anul 2003, Numar persoane, 304
Feminin, Regiunea SUD-MUNTENIA, Anul 2004, Numar persoane, 372
Feminin, Regiunea SUD-MUNTENIA, Anul 2005, Numar persoane, 285
Feminin, Regiunea SUD-MUNTENIA, Anul 2006, Numar persoane, 424
Feminin, Regiunea SUD-MUNTENIA, Anul 2007, Numar persoane, 340
Feminin, Regiunea SUD-MUNTENIA, Anul 2008, Numar persoane, 376
Feminin, Regiunea SUD-MUNTENIA, Anul 2009, Numar persoane, 432
Feminin, Regiunea SUD-MUNTENIA, Anul 2010, Numar persoane, 389
Feminin, Regiunea SUD-MUNTENIA, Anul 2011, Numar persoane, 666
Feminin, Regiunea SUD-MUNTENIA, Anul 2012, Numar persoane, 809
Feminin, Regiunea SUD-MUNTENIA, Anul 2013, Numar persoane, 907
Feminin, Regiunea SUD-MUNTENIA, Anul 2014, Numar persoane, 693
Feminin, Regiunea SUD-MUNTENIA, Anul 2015, Numar persoane, 892
Feminin, Regiunea SUD-MUNTENIA, Anul 2016, Numar persoane, 1344
Feminin, Regiunea SUD-MUNTENIA, Anul 2017, Numar persoane, 1306
Feminin, Regiunea SUD-MUNTENIA, Anul 2018, Numar persoane, 1595
Feminin, Regiunea SUD-MUNTENIA, Anul 2019, Numar persoane, 1496
Feminin, Regiunea SUD-MUNTENIA, Anul 2020, Numar persoane, 1132
Feminin, Regiunea SUD-MUNTENIA, Anul 2021, Numar persoane, 1624
Feminin, Regiunea SUD-MUNTENIA, Anul 2022, Numar persoane, 2251
Feminin, Regiunea SUD-MUNTENIA, Anul 2023, Numar persoane, 2041
Feminin, Regiunea SUD-MUNTENIA, Anul 2024, Numar persoane, 1614
Feminin, Arges, Anul 1991, Numar persoane, 148
Feminin, Arges, Anul 1992, Numar persoane, 67
Feminin, Arges, Anul 1993, Numar persoane, 49
Feminin, Arges, Anul 1994, Numar persoane, 82
Feminin, Arges, Anul 1995, Numar persoane, 181
Feminin, Arges, Anul 1996, Numar persoane, 140
Feminin, Arges, Anul 1997, Numar persoane, 147
Feminin, Arges, Anul 1998, Numar persoane, 113
Feminin, Arges, Anul 1999, Numar persoane, 99
Feminin, Arges, Anul 2000, Numar persoane, 119
Feminin, Arges, Anul 2001, Numar persoane, 71
Feminin, Arges, Anul 2002, Numar persoane, 48
Feminin, Arges, Anul 2003, Numar persoane, 53
Feminin, Arges, Anul 2004, Numar persoane, 67
Feminin, Arges, Anul 2005, Numar persoane, 53
Feminin, Arges, Anul 2006, Numar persoane, 72
Feminin, Arges, Anul 2007, Numar persoane, 69
Feminin, Arges, Anul 2008, Numar persoane, 80
Feminin, Arges, Anul 2009, Numar persoane, 107
Feminin, Arges, Anul 2010, Numar persoane, 86
Feminin, Arges, Anul 2011, Numar persoane, 115
Feminin, Arges, Anul 2012, Numar persoane, 118
Feminin, Arges, Anul 2013, Numar persoane, 121
Feminin, Arges, Anul 2014, Numar persoane, 96
Feminin, Arges, Anul 2015, Numar persoane, 146
Feminin, Arges, Anul 2016, Numar persoane, 218
Feminin, Arges, Anul 2017, Numar persoane, 226
Feminin, Arges, Anul 2018, Numar persoane, 250
Feminin, Arges, Anul 2019, Numar persoane, 254
Feminin, Arges, Anul 2020, Numar persoane, 199
Feminin, Arges, Anul 2021, Numar persoane, 286
Feminin, Arges, Anul 2022, Numar persoane, 387
Feminin, Arges, Anul 2023, Numar persoane, 329
Feminin, Arges, Anul 2024, Numar persoane, 229
Feminin, Calarasi, Anul 1991, Numar persoane, 180
Feminin, Calarasi, Anul 1992, Numar persoane, 18
Feminin, Calarasi, Anul 1993, Numar persoane, 11
Feminin, Calarasi, Anul 1994, Numar persoane, 18
Feminin, Calarasi, Anul 1995, Numar persoane, 44
Feminin, Calarasi, Anul 1996, Numar persoane, 45
Feminin, Calarasi, Anul 1997, Numar persoane, 45
Feminin, Calarasi, Anul 1998, Numar persoane, 37
Feminin, Calarasi, Anul 1999, Numar persoane, 19
Feminin, Calarasi, Anul 2000, Numar persoane, 44
Feminin, Calarasi, Anul 2001, Numar persoane, 18
Feminin, Calarasi, Anul 2002, Numar persoane, 9
Feminin, Calarasi, Anul 2003, Numar persoane, 25
Feminin, Calarasi, Anul 2004, Numar persoane, 15
Feminin, Calarasi, Anul 2005, Numar persoane, 22
Feminin, Calarasi, Anul 2006, Numar persoane, 25
Feminin, Calarasi, Anul 2007, Numar persoane, 20
Feminin, Calarasi, Anul 2008, Numar persoane, 24
Feminin, Calarasi, Anul 2009, Numar persoane, 24
Feminin, Calarasi, Anul 2010, Numar persoane, 28
Feminin, Calarasi, Anul 2011, Numar persoane, 77
Feminin, Calarasi, Anul 2012, Numar persoane, 71
Feminin, Calarasi, Anul 2013, Numar persoane, 84
Feminin, Calarasi, Anul 2014, Numar persoane, 82
Feminin, Calarasi, Anul 2015, Numar persoane, 84
Feminin, Calarasi, Anul 2016, Numar persoane, 125
Feminin, Calarasi, Anul 2017, Numar persoane, 147
Feminin, Calarasi, Anul 2018, Numar persoane, 140
Feminin, Calarasi, Anul 2019, Numar persoane, 183
Feminin, Calarasi, Anul 2020, Numar persoane, 118
Feminin, Calarasi, Anul 2021, Numar persoane, 156
Feminin, Calarasi, Anul 2022, Numar persoane, 219
Feminin, Calarasi, Anul 2023, Numar persoane, 200
Feminin, Calarasi, Anul 2024, Numar persoane, 185
Feminin, Dambovita, Anul 1991, Numar persoane, 247
Feminin, Dambovita, Anul 1992, Numar persoane, 37
Feminin, Dambovita, Anul 1993, Numar persoane, 30
Feminin, Dambovita, Anul 1994, Numar persoane, 34
Feminin, Dambovita, Anul 1995, Numar persoane, 45
Feminin, Dambovita, Anul 1996, Numar persoane, 61
Feminin, Dambovita, Anul 1997, Numar persoane, 69
Feminin, Dambovita, Anul 1998, Numar persoane, 40
Feminin, Dambovita, Anul 1999, Numar persoane, 48
Feminin, Dambovita, Anul 2000, Numar persoane, 80
Feminin, Dambovita, Anul 2001, Numar persoane, 51
Feminin, Dambovita, Anul 2002, Numar persoane, 24
Feminin, Dambovita, Anul 2003, Numar persoane, 46
Feminin, Dambovita, Anul 2004, Numar persoane, 74
Feminin, Dambovita, Anul 2005, Numar persoane, 50
Feminin, Dambovita, Anul 2006, Numar persoane, 77
Feminin, Dambovita, Anul 2007, Numar persoane, 70
Feminin, Dambovita, Anul 2008, Numar persoane, 74
Feminin, Dambovita, Anul 2009, Numar persoane, 81
Feminin, Dambovita, Anul 2010, Numar persoane, 75
Feminin, Dambovita, Anul 2011, Numar persoane, 119
Feminin, Dambovita, Anul 2012, Numar persoane, 123
Feminin, Dambovita, Anul 2013, Numar persoane, 148
Feminin, Dambovita, Anul 2014, Numar persoane, 113
Feminin, Dambovita, Anul 2015, Numar persoane, 159
Feminin, Dambovita, Anul 2016, Numar persoane, 226
Feminin, Dambovita, Anul 2017, Numar persoane, 217
Feminin, Dambovita, Anul 2018, Numar persoane, 290
Feminin, Dambovita, Anul 2019, Numar persoane, 254
Feminin, Dambovita, Anul 2020, Numar persoane, 197
Feminin, Dambovita, Anul 2021, Numar persoane, 272
Feminin, Dambovita, Anul 2022, Numar persoane, 397
Feminin, Dambovita, Anul 2023, Numar persoane, 365
Feminin, Dambovita, Anul 2024, Numar persoane, 322
Feminin, Giurgiu, Anul 1991, Numar persoane, 164
Feminin, Giurgiu, Anul 1992, Numar persoane, 7
Feminin, Giurgiu, Anul 1993, Numar persoane, 12
Feminin, Giurgiu, Anul 1994, Numar persoane, 1
Feminin, Giurgiu, Anul 1995, Numar persoane, 27
Feminin, Giurgiu, Anul 1996, Numar persoane, 22
Feminin, Giurgiu, Anul 1997, Numar persoane, 18
Feminin, Giurgiu, Anul 1998, Numar persoane, 11
Feminin, Giurgiu, Anul 1999, Numar persoane, 29
Feminin, Giurgiu, Anul 2000, Numar persoane, 24
Feminin, Giurgiu, Anul 2001, Numar persoane, 8
Feminin, Giurgiu, Anul 2002, Numar persoane, 12
Feminin, Giurgiu, Anul 2003, Numar persoane, 14
Feminin, Giurgiu, Anul 2004, Numar persoane, 6
Feminin, Giurgiu, Anul 2005, Numar persoane, 13
Feminin, Giurgiu, Anul 2006, Numar persoane, 17
Feminin, Giurgiu, Anul 2007, Numar persoane, 15
Feminin, Giurgiu, Anul 2008, Numar persoane, 13
Feminin, Giurgiu, Anul 2009, Numar persoane, 16
Feminin, Giurgiu, Anul 2010, Numar persoane, 19
Feminin, Giurgiu, Anul 2011, Numar persoane, 37
Feminin, Giurgiu, Anul 2012, Numar persoane, 47
Feminin, Giurgiu, Anul 2013, Numar persoane, 66
Feminin, Giurgiu, Anul 2014, Numar persoane, 51
Feminin, Giurgiu, Anul 2015, Numar persoane, 63
Feminin, Giurgiu, Anul 2016, Numar persoane, 75
Feminin, Giurgiu, Anul 2017, Numar persoane, 75
Feminin, Giurgiu, Anul 2018, Numar persoane, 114
Feminin, Giurgiu, Anul 2019, Numar persoane, 99
Feminin, Giurgiu, Anul 2020, Numar persoane, 80
Feminin, Giurgiu, Anul 2021, Numar persoane, 106
Feminin, Giurgiu, Anul 2022, Numar persoane, 152
Feminin, Giurgiu, Anul 2023, Numar persoane, 167
Feminin, Giurgiu, Anul 2024, Numar persoane, 98
Feminin, Ialomita, Anul 1991, Numar persoane, 66
Feminin, Ialomita, Anul 1992, Numar persoane, 18
Feminin, Ialomita, Anul 1993, Numar persoane, 12
Feminin, Ialomita, Anul 1994, Numar persoane, 20
Feminin, Ialomita, Anul 1995, Numar persoane, 24
Feminin, Ialomita, Anul 1996, Numar persoane, 33
Feminin, Ialomita, Anul 1997, Numar persoane, 30
Feminin, Ialomita, Anul 1998, Numar persoane, 24
Feminin, Ialomita, Anul 1999, Numar persoane, 29
Feminin, Ialomita, Anul 2000, Numar persoane, 40
Feminin, Ialomita, Anul 2001, Numar persoane, 23
Feminin, Ialomita, Anul 2002, Numar persoane, 10
Feminin, Ialomita, Anul 2003, Numar persoane, 21
Feminin, Ialomita, Anul 2004, Numar persoane, 21
Feminin, Ialomita, Anul 2005, Numar persoane, 20
Feminin, Ialomita, Anul 2006, Numar persoane, 20
Feminin, Ialomita, Anul 2007, Numar persoane, 17
Feminin, Ialomita, Anul 2008, Numar persoane, 20
Feminin, Ialomita, Anul 2009, Numar persoane, 23
Feminin, Ialomita, Anul 2010, Numar persoane, 26
Feminin, Ialomita, Anul 2011, Numar persoane, 42
Feminin, Ialomita, Anul 2012, Numar persoane, 43
Feminin, Ialomita, Anul 2013, Numar persoane, 96
Feminin, Ialomita, Anul 2014, Numar persoane, 58
Feminin, Ialomita, Anul 2015, Numar persoane, 71
Feminin, Ialomita, Anul 2016, Numar persoane, 140
Feminin, Ialomita, Anul 2017, Numar persoane, 113
Feminin, Ialomita, Anul 2018, Numar persoane, 138
Feminin, Ialomita, Anul 2019, Numar persoane, 110
Feminin, Ialomita, Anul 2020, Numar persoane, 97
Feminin, Ialomita, Anul 2021, Numar persoane, 115
Feminin, Ialomita, Anul 2022, Numar persoane, 233
Feminin, Ialomita, Anul 2023, Numar persoane, 185
Feminin, Ialomita, Anul 2024, Numar persoane, 190
Feminin, Prahova, Anul 1991, Numar persoane, 209
Feminin, Prahova, Anul 1992, Numar persoane, 137
Feminin, Prahova, Anul 1993, Numar persoane, 95
Feminin, Prahova, Anul 1994, Numar persoane, 138
Feminin, Prahova, Anul 1995, Numar persoane, 244
Feminin, Prahova, Anul 1996, Numar persoane, 242
Feminin, Prahova, Anul 1997, Numar persoane, 183
Feminin, Prahova, Anul 1998, Numar persoane, 153
Feminin, Prahova, Anul 1999, Numar persoane, 109
Feminin, Prahova, Anul 2000, Numar persoane, 176
Feminin, Prahova, Anul 2001, Numar persoane, 121
Feminin, Prahova, Anul 2002, Numar persoane, 80
Feminin, Prahova, Anul 2003, Numar persoane, 128
Feminin, Prahova, Anul 2004, Numar persoane, 157
Feminin, Prahova, Anul 2005, Numar persoane, 99
Feminin, Prahova, Anul 2006, Numar persoane, 173
Feminin, Prahova, Anul 2007, Numar persoane, 124
Feminin, Prahova, Anul 2008, Numar persoane, 125
Feminin, Prahova, Anul 2009, Numar persoane, 148
Feminin, Prahova, Anul 2010, Numar persoane, 112
Feminin, Prahova, Anul 2011, Numar persoane, 162
Feminin, Prahova, Anul 2012, Numar persoane, 242
Feminin, Prahova, Anul 2013, Numar persoane, 232
Feminin, Prahova, Anul 2014, Numar persoane, 174
Feminin, Prahova, Anul 2015, Numar persoane, 225
Feminin, Prahova, Anul 2016, Numar persoane, 357
Feminin, Prahova, Anul 2017, Numar persoane, 324
Feminin, Prahova, Anul 2018, Numar persoane, 437
Feminin, Prahova, Anul 2019, Numar persoane, 374
Feminin, Prahova, Anul 2020, Numar persoane, 270
Feminin, Prahova, Anul 2021, Numar persoane, 456
Feminin, Prahova, Anul 2022, Numar persoane, 597
Feminin, Prahova, Anul 2023, Numar persoane, 510
Feminin, Prahova, Anul 2024, Numar persoane, 386
Feminin, Teleorman, Anul 1991, Numar persoane, 90
Feminin, Teleorman, Anul 1992, Numar persoane, 10
Feminin, Teleorman, Anul 1993, Numar persoane, 14
Feminin, Teleorman, Anul 1994, Numar persoane, 13
Feminin, Teleorman, Anul 1995, Numar persoane, 25
Feminin, Teleorman, Anul 1996, Numar persoane, 48
Feminin, Teleorman, Anul 1997, Numar persoane, 33
Feminin, Teleorman, Anul 1998, Numar persoane, 26
Feminin, Teleorman, Anul 1999, Numar persoane, 38
Feminin, Teleorman, Anul 2000, Numar persoane, 52
Feminin, Teleorman, Anul 2001, Numar persoane, 25
Feminin, Teleorman, Anul 2002, Numar persoane, 8
Feminin, Teleorman, Anul 2003, Numar persoane, 17
Feminin, Teleorman, Anul 2004, Numar persoane, 32
Feminin, Teleorman, Anul 2005, Numar persoane, 28
Feminin, Teleorman, Anul 2006, Numar persoane, 40
Feminin, Teleorman, Anul 2007, Numar persoane, 25
Feminin, Teleorman, Anul 2008, Numar persoane, 40
Feminin, Teleorman, Anul 2009, Numar persoane, 33
Feminin, Teleorman, Anul 2010, Numar persoane, 43
Feminin, Teleorman, Anul 2011, Numar persoane, 114
Feminin, Teleorman, Anul 2012, Numar persoane, 165
Feminin, Teleorman, Anul 2013, Numar persoane, 160
Feminin, Teleorman, Anul 2014, Numar persoane, 119
Feminin, Teleorman, Anul 2015, Numar persoane, 144
Feminin, Teleorman, Anul 2016, Numar persoane, 203
Feminin, Teleorman, Anul 2017, Numar persoane, 204
Feminin, Teleorman, Anul 2018, Numar persoane, 226
Feminin, Teleorman, Anul 2019, Numar persoane, 222
Feminin, Teleorman, Anul 2020, Numar persoane, 171
Feminin, Teleorman, Anul 2021, Numar persoane, 233
Feminin, Teleorman, Anul 2022, Numar persoane, 266
Feminin, Teleorman, Anul 2023, Numar persoane, 285
Feminin, Teleorman, Anul 2024, Numar persoane, 204
Feminin, Regiunea BUCURESTI - ILFOV, Anul 1991, Numar persoane, 2182
Feminin, Regiunea BUCURESTI - ILFOV, Anul 1992, Numar persoane, 2138
Feminin, Regiunea BUCURESTI - ILFOV, Anul 1993, Numar persoane, 1372
Feminin, Regiunea BUCURESTI - ILFOV, Anul 1994, Numar persoane, 2105
Feminin, Regiunea BUCURESTI - ILFOV, Anul 1995, Numar persoane, 3384
Feminin, Regiunea BUCURESTI - ILFOV, Anul 1996, Numar persoane, 2904
Feminin, Regiunea BUCURESTI - ILFOV, Anul 1997, Numar persoane, 2185
Feminin, Regiunea BUCURESTI - ILFOV, Anul 1998, Numar persoane, 3209
Feminin, Regiunea BUCURESTI - ILFOV, Anul 1999, Numar persoane, 2100
Feminin, Regiunea BUCURESTI - ILFOV, Anul 2000, Numar persoane, 1630
Feminin, Regiunea BUCURESTI - ILFOV, Anul 2001, Numar persoane, 955
Feminin, Regiunea BUCURESTI - ILFOV, Anul 2002, Numar persoane, 815
Feminin, Regiunea BUCURESTI - ILFOV, Anul 2003, Numar persoane, 1051
Feminin, Regiunea BUCURESTI - ILFOV, Anul 2004, Numar persoane, 1304
Feminin, Regiunea BUCURESTI - ILFOV, Anul 2005, Numar persoane, 1098
Feminin, Regiunea BUCURESTI - ILFOV, Anul 2006, Numar persoane, 1479
Feminin, Regiunea BUCURESTI - ILFOV, Anul 2007, Numar persoane, 1015
Feminin, Regiunea BUCURESTI - ILFOV, Anul 2008, Numar persoane, 981
Feminin, Regiunea BUCURESTI - ILFOV, Anul 2009, Numar persoane, 1165
Feminin, Regiunea BUCURESTI - ILFOV, Anul 2010, Numar persoane, 882
Feminin, Regiunea BUCURESTI - ILFOV, Anul 2011, Numar persoane, 2976
Feminin, Regiunea BUCURESTI - ILFOV, Anul 2012, Numar persoane, 2866
Feminin, Regiunea BUCURESTI - ILFOV, Anul 2013, Numar persoane, 3220
Feminin, Regiunea BUCURESTI - ILFOV, Anul 2014, Numar persoane, 1032
Feminin, Regiunea BUCURESTI - ILFOV, Anul 2015, Numar persoane, 1521
Feminin, Regiunea BUCURESTI - ILFOV, Anul 2016, Numar persoane, 2147
Feminin, Regiunea BUCURESTI - ILFOV, Anul 2017, Numar persoane, 2234
Feminin, Regiunea BUCURESTI - ILFOV, Anul 2018, Numar persoane, 2562
Feminin, Regiunea BUCURESTI - ILFOV, Anul 2019, Numar persoane, 2412
Feminin, Regiunea BUCURESTI - ILFOV, Anul 2020, Numar persoane, 1941
Feminin, Regiunea BUCURESTI - ILFOV, Anul 2021, Numar persoane, 3050
Feminin, Regiunea BUCURESTI - ILFOV, Anul 2022, Numar persoane, 3955
Feminin, Regiunea BUCURESTI - ILFOV, Anul 2023, Numar persoane, 3965
Feminin, Regiunea BUCURESTI - ILFOV, Anul 2024, Numar persoane, 4469
Feminin, Ilfov, Anul 1991, Numar persoane, 58
Feminin, Ilfov, Anul 1992, Numar persoane, 49
Feminin, Ilfov, Anul 1993, Numar persoane, 27
Feminin, Ilfov, Anul 1994, Numar persoane, 61
Feminin, Ilfov, Anul 1995, Numar persoane, 100
Feminin, Ilfov, Anul 1996, Numar persoane, 76
Feminin, Ilfov, Anul 1997, Numar persoane, 35
Feminin, Ilfov, Anul 1998, Numar persoane, 27
Feminin, Ilfov, Anul 1999, Numar persoane, 18
Feminin, Ilfov, Anul 2000, Numar persoane, 21
Feminin, Ilfov, Anul 2001, Numar persoane, 14
Feminin, Ilfov, Anul 2002, Numar persoane, 17
Feminin, Ilfov, Anul 2003, Numar persoane, 26
Feminin, Ilfov, Anul 2004, Numar persoane, 25
Feminin, Ilfov, Anul 2005, Numar persoane, 11
Feminin, Ilfov, Anul 2006, Numar persoane, 22
Feminin, Ilfov, Anul 2007, Numar persoane, 15
Feminin, Ilfov, Anul 2008, Numar persoane, 30
Feminin, Ilfov, Anul 2009, Numar persoane, 31
Feminin, Ilfov, Anul 2010, Numar persoane, 17
Feminin, Ilfov, Anul 2011, Numar persoane, 41
Feminin, Ilfov, Anul 2012, Numar persoane, 36
Feminin, Ilfov, Anul 2013, Numar persoane, 69
Feminin, Ilfov, Anul 2014, Numar persoane, 77
Feminin, Ilfov, Anul 2015, Numar persoane, 97
Feminin, Ilfov, Anul 2016, Numar persoane, 136
Feminin, Ilfov, Anul 2017, Numar persoane, 162
Feminin, Ilfov, Anul 2018, Numar persoane, 181
Feminin, Ilfov, Anul 2019, Numar persoane, 182
Feminin, Ilfov, Anul 2020, Numar persoane, 151
Feminin, Ilfov, Anul 2021, Numar persoane, 248
Feminin, Ilfov, Anul 2022, Numar persoane, 301
Feminin, Ilfov, Anul 2023, Numar persoane, 320
Feminin, Ilfov, Anul 2024, Numar persoane, 316
Feminin, Municipiul Bucuresti, Anul 1991, Numar persoane, 2124
Feminin, Municipiul Bucuresti, Anul 1992, Numar persoane, 2089
Feminin, Municipiul Bucuresti, Anul 1993, Numar persoane, 1345
Feminin, Municipiul Bucuresti, Anul 1994, Numar persoane, 2044
Feminin, Municipiul Bucuresti, Anul 1995, Numar persoane, 3284
Feminin, Municipiul Bucuresti, Anul 1996, Numar persoane, 2828
Feminin, Municipiul Bucuresti, Anul 1997, Numar persoane, 2150
Feminin, Municipiul Bucuresti, Anul 1998, Numar persoane, 3182
Feminin, Municipiul Bucuresti, Anul 1999, Numar persoane, 2082
Feminin, Municipiul Bucuresti, Anul 2000, Numar persoane, 1609
Feminin, Municipiul Bucuresti, Anul 2001, Numar persoane, 941
Feminin, Municipiul Bucuresti, Anul 2002, Numar persoane, 798
Feminin, Municipiul Bucuresti, Anul 2003, Numar persoane, 1025
Feminin, Municipiul Bucuresti, Anul 2004, Numar persoane, 1279
Feminin, Municipiul Bucuresti, Anul 2005, Numar persoane, 1087
Feminin, Municipiul Bucuresti, Anul 2006, Numar persoane, 1457
Feminin, Municipiul Bucuresti, Anul 2007, Numar persoane, 1000
Feminin, Municipiul Bucuresti, Anul 2008, Numar persoane, 951
Feminin, Municipiul Bucuresti, Anul 2009, Numar persoane, 1134
Feminin, Municipiul Bucuresti, Anul 2010, Numar persoane, 865
Feminin, Municipiul Bucuresti, Anul 2011, Numar persoane, 2935
Feminin, Municipiul Bucuresti, Anul 2012, Numar persoane, 2830
Feminin, Municipiul Bucuresti, Anul 2013, Numar persoane, 3151
Feminin, Municipiul Bucuresti, Anul 2014, Numar persoane, 955
Feminin, Municipiul Bucuresti, Anul 2015, Numar persoane, 1424
Feminin, Municipiul Bucuresti, Anul 2016, Numar persoane, 2011
Feminin, Municipiul Bucuresti, Anul 2017, Numar persoane, 2072
Feminin, Municipiul Bucuresti, Anul 2018, Numar persoane, 2381
Feminin, Municipiul Bucuresti, Anul 2019, Numar persoane, 2230
Feminin, Municipiul Bucuresti, Anul 2020, Numar persoane, 1790
Feminin, Municipiul Bucuresti, Anul 2021, Numar persoane, 2802
Feminin, Municipiul Bucuresti, Anul 2022, Numar persoane, 3654
Feminin, Municipiul Bucuresti, Anul 2023, Numar persoane, 3645
Feminin, Municipiul Bucuresti, Anul 2024, Numar persoane, 4153
Feminin, MACROREGIUNEA PATRU, Anul 1991, Numar persoane, 6216
Feminin, MACROREGIUNEA PATRU, Anul 1992, Numar persoane, 3704
Feminin, MACROREGIUNEA PATRU, Anul 1993, Numar persoane, 3333
Feminin, MACROREGIUNEA PATRU, Anul 1994, Numar persoane, 2732
Feminin, MACROREGIUNEA PATRU, Anul 1995, Numar persoane, 3575
Feminin, MACROREGIUNEA PATRU, Anul 1996, Numar persoane, 2844
Feminin, MACROREGIUNEA PATRU, Anul 1997, Numar persoane, 2661
Feminin, MACROREGIUNEA PATRU, Anul 1998, Numar persoane, 1620
Feminin, MACROREGIUNEA PATRU, Anul 1999, Numar persoane, 1211
Feminin, MACROREGIUNEA PATRU, Anul 2000, Numar persoane, 1560
Feminin, MACROREGIUNEA PATRU, Anul 2001, Numar persoane, 868
Feminin, MACROREGIUNEA PATRU, Anul 2002, Numar persoane, 803
Feminin, MACROREGIUNEA PATRU, Anul 2003, Numar persoane, 1138
Feminin, MACROREGIUNEA PATRU, Anul 2004, Numar persoane, 1480
Feminin, MACROREGIUNEA PATRU, Anul 2005, Numar persoane, 1245
Feminin, MACROREGIUNEA PATRU, Anul 2006, Numar persoane, 1613
Feminin, MACROREGIUNEA PATRU, Anul 2007, Numar persoane, 1069
Feminin, MACROREGIUNEA PATRU, Anul 2008, Numar persoane, 1122
Feminin, MACROREGIUNEA PATRU, Anul 2009, Numar persoane, 1317
Feminin, MACROREGIUNEA PATRU, Anul 2010, Numar persoane, 1010
Feminin, MACROREGIUNEA PATRU, Anul 2011, Numar persoane, 1652
Feminin, MACROREGIUNEA PATRU, Anul 2012, Numar persoane, 1648
Feminin, MACROREGIUNEA PATRU, Anul 2013, Numar persoane, 1623
Feminin, MACROREGIUNEA PATRU, Anul 2014, Numar persoane, 1234
Feminin, MACROREGIUNEA PATRU, Anul 2015, Numar persoane, 1621
Feminin, MACROREGIUNEA PATRU, Anul 2016, Numar persoane, 2438
Feminin, MACROREGIUNEA PATRU, Anul 2017, Numar persoane, 2362
Feminin, MACROREGIUNEA PATRU, Anul 2018, Numar persoane, 2648
Feminin, MACROREGIUNEA PATRU, Anul 2019, Numar persoane, 2650
Feminin, MACROREGIUNEA PATRU, Anul 2020, Numar persoane, 1987
Feminin, MACROREGIUNEA PATRU, Anul 2021, Numar persoane, 3192
Feminin, MACROREGIUNEA PATRU, Anul 2022, Numar persoane, 4308
Feminin, MACROREGIUNEA PATRU, Anul 2023, Numar persoane, 3812
Feminin, MACROREGIUNEA PATRU, Anul 2024, Numar persoane, 2996
Feminin, Regiunea SUD-VEST OLTENIA, Anul 1991, Numar persoane, 592
Feminin, Regiunea SUD-VEST OLTENIA, Anul 1992, Numar persoane, 261
Feminin, Regiunea SUD-VEST OLTENIA, Anul 1993, Numar persoane, 176
Feminin, Regiunea SUD-VEST OLTENIA, Anul 1994, Numar persoane, 198
Feminin, Regiunea SUD-VEST OLTENIA, Anul 1995, Numar persoane, 430
Feminin, Regiunea SUD-VEST OLTENIA, Anul 1996, Numar persoane, 380
Feminin, Regiunea SUD-VEST OLTENIA, Anul 1997, Numar persoane, 415
Feminin, Regiunea SUD-VEST OLTENIA, Anul 1998, Numar persoane, 315
Feminin, Regiunea SUD-VEST OLTENIA, Anul 1999, Numar persoane, 308
Feminin, Regiunea SUD-VEST OLTENIA, Anul 2000, Numar persoane, 402
Feminin, Regiunea SUD-VEST OLTENIA, Anul 2001, Numar persoane, 218
Feminin, Regiunea SUD-VEST OLTENIA, Anul 2002, Numar persoane, 170
Feminin, Regiunea SUD-VEST OLTENIA, Anul 2003, Numar persoane, 276
Feminin, Regiunea SUD-VEST OLTENIA, Anul 2004, Numar persoane, 338
Feminin, Regiunea SUD-VEST OLTENIA, Anul 2005, Numar persoane, 306
Feminin, Regiunea SUD-VEST OLTENIA, Anul 2006, Numar persoane, 391
Feminin, Regiunea SUD-VEST OLTENIA, Anul 2007, Numar persoane, 276
Feminin, Regiunea SUD-VEST OLTENIA, Anul 2008, Numar persoane, 279
Feminin, Regiunea SUD-VEST OLTENIA, Anul 2009, Numar persoane, 410
Feminin, Regiunea SUD-VEST OLTENIA, Anul 2010, Numar persoane, 301
Feminin, Regiunea SUD-VEST OLTENIA, Anul 2011, Numar persoane, 424
Feminin, Regiunea SUD-VEST OLTENIA, Anul 2012, Numar persoane, 435
Feminin, Regiunea SUD-VEST OLTENIA, Anul 2013, Numar persoane, 458
Feminin, Regiunea SUD-VEST OLTENIA, Anul 2014, Numar persoane, 406
Feminin, Regiunea SUD-VEST OLTENIA, Anul 2015, Numar persoane, 501
Feminin, Regiunea SUD-VEST OLTENIA, Anul 2016, Numar persoane, 764
Feminin, Regiunea SUD-VEST OLTENIA, Anul 2017, Numar persoane, 699
Feminin, Regiunea SUD-VEST OLTENIA, Anul 2018, Numar persoane, 829
Feminin, Regiunea SUD-VEST OLTENIA, Anul 2019, Numar persoane, 828
Feminin, Regiunea SUD-VEST OLTENIA, Anul 2020, Numar persoane, 597
Feminin, Regiunea SUD-VEST OLTENIA, Anul 2021, Numar persoane, 1048
Feminin, Regiunea SUD-VEST OLTENIA, Anul 2022, Numar persoane, 1331
Feminin, Regiunea SUD-VEST OLTENIA, Anul 2023, Numar persoane, 1251
Feminin, Regiunea SUD-VEST OLTENIA, Anul 2024, Numar persoane, 1001
Feminin, Dolj, Anul 1991, Numar persoane, 241
Feminin, Dolj, Anul 1992, Numar persoane, 98
Feminin, Dolj, Anul 1993, Numar persoane, 72
Feminin, Dolj, Anul 1994, Numar persoane, 77
Feminin, Dolj, Anul 1995, Numar persoane, 234
Feminin, Dolj, Anul 1996, Numar persoane, 178
Feminin, Dolj, Anul 1997, Numar persoane, 161
Feminin, Dolj, Anul 1998, Numar persoane, 126
Feminin, Dolj, Anul 1999, Numar persoane, 133
Feminin, Dolj, Anul 2000, Numar persoane, 149
Feminin, Dolj, Anul 2001, Numar persoane, 99
Feminin, Dolj, Anul 2002, Numar persoane, 72
Feminin, Dolj, Anul 2003, Numar persoane, 118
Feminin, Dolj, Anul 2004, Numar persoane, 184
Feminin, Dolj, Anul 2005, Numar persoane, 163
Feminin, Dolj, Anul 2006, Numar persoane, 174
Feminin, Dolj, Anul 2007, Numar persoane, 121
Feminin, Dolj, Anul 2008, Numar persoane, 101
Feminin, Dolj, Anul 2009, Numar persoane, 184
Feminin, Dolj, Anul 2010, Numar persoane, 127
Feminin, Dolj, Anul 2011, Numar persoane, 156
Feminin, Dolj, Anul 2012, Numar persoane, 152
Feminin, Dolj, Anul 2013, Numar persoane, 162
Feminin, Dolj, Anul 2014, Numar persoane, 141
Feminin, Dolj, Anul 2015, Numar persoane, 172
Feminin, Dolj, Anul 2016, Numar persoane, 279
Feminin, Dolj, Anul 2017, Numar persoane, 258
Feminin, Dolj, Anul 2018, Numar persoane, 298
Feminin, Dolj, Anul 2019, Numar persoane, 289
Feminin, Dolj, Anul 2020, Numar persoane, 215
Feminin, Dolj, Anul 2021, Numar persoane, 358
Feminin, Dolj, Anul 2022, Numar persoane, 479
Feminin, Dolj, Anul 2023, Numar persoane, 411
Feminin, Dolj, Anul 2024, Numar persoane, 353
Feminin, Gorj, Anul 1991, Numar persoane, 59
Feminin, Gorj, Anul 1992, Numar persoane, 26
Feminin, Gorj, Anul 1993, Numar persoane, 25
Feminin, Gorj, Anul 1994, Numar persoane, 14
Feminin, Gorj, Anul 1995, Numar persoane, 32
Feminin, Gorj, Anul 1996, Numar persoane, 45
Feminin, Gorj, Anul 1997, Numar persoane, 30
Feminin, Gorj, Anul 1998, Numar persoane, 24
Feminin, Gorj, Anul 1999, Numar persoane, 26
Feminin, Gorj, Anul 2000, Numar persoane, 31
Feminin, Gorj, Anul 2001, Numar persoane, 12
Feminin, Gorj, Anul 2002, Numar persoane, 18
Feminin, Gorj, Anul 2003, Numar persoane, 26
Feminin, Gorj, Anul 2004, Numar persoane, 22
Feminin, Gorj, Anul 2005, Numar persoane, 28
Feminin, Gorj, Anul 2006, Numar persoane, 27
Feminin, Gorj, Anul 2007, Numar persoane, 26
Feminin, Gorj, Anul 2008, Numar persoane, 35
Feminin, Gorj, Anul 2009, Numar persoane, 42
Feminin, Gorj, Anul 2010, Numar persoane, 35
Feminin, Gorj, Anul 2011, Numar persoane, 55
Feminin, Gorj, Anul 2012, Numar persoane, 39
Feminin, Gorj, Anul 2013, Numar persoane, 57
Feminin, Gorj, Anul 2014, Numar persoane, 45
Feminin, Gorj, Anul 2015, Numar persoane, 69
Feminin, Gorj, Anul 2016, Numar persoane, 87
Feminin, Gorj, Anul 2017, Numar persoane, 86
Feminin, Gorj, Anul 2018, Numar persoane, 95
Feminin, Gorj, Anul 2019, Numar persoane, 108
Feminin, Gorj, Anul 2020, Numar persoane, 73
Feminin, Gorj, Anul 2021, Numar persoane, 152
Feminin, Gorj, Anul 2022, Numar persoane, 195
Feminin, Gorj, Anul 2023, Numar persoane, 197
Feminin, Gorj, Anul 2024, Numar persoane, 148
Feminin, Mehedinti, Anul 1991, Numar persoane, 159
Feminin, Mehedinti, Anul 1992, Numar persoane, 68
Feminin, Mehedinti, Anul 1993, Numar persoane, 41
Feminin, Mehedinti, Anul 1994, Numar persoane, 60
Feminin, Mehedinti, Anul 1995, Numar persoane, 52
Feminin, Mehedinti, Anul 1996, Numar persoane, 58
Feminin, Mehedinti, Anul 1997, Numar persoane, 83
Feminin, Mehedinti, Anul 1998, Numar persoane, 51
Feminin, Mehedinti, Anul 1999, Numar persoane, 43
Feminin, Mehedinti, Anul 2000, Numar persoane, 60
Feminin, Mehedinti, Anul 2001, Numar persoane, 28
Feminin, Mehedinti, Anul 2002, Numar persoane, 19
Feminin, Mehedinti, Anul 2003, Numar persoane, 26
Feminin, Mehedinti, Anul 2004, Numar persoane, 32
Feminin, Mehedinti, Anul 2005, Numar persoane, 33
Feminin, Mehedinti, Anul 2006, Numar persoane, 57
Feminin, Mehedinti, Anul 2007, Numar persoane, 37
Feminin, Mehedinti, Anul 2008, Numar persoane, 41
Feminin, Mehedinti, Anul 2009, Numar persoane, 60
Feminin, Mehedinti, Anul 2010, Numar persoane, 36
Feminin, Mehedinti, Anul 2011, Numar persoane, 63
Feminin, Mehedinti, Anul 2012, Numar persoane, 46
Feminin, Mehedinti, Anul 2013, Numar persoane, 68
Feminin, Mehedinti, Anul 2014, Numar persoane, 60
Feminin, Mehedinti, Anul 2015, Numar persoane, 61
Feminin, Mehedinti, Anul 2016, Numar persoane, 105
Feminin, Mehedinti, Anul 2017, Numar persoane, 84
Feminin, Mehedinti, Anul 2018, Numar persoane, 99
Feminin, Mehedinti, Anul 2019, Numar persoane, 119
Feminin, Mehedinti, Anul 2020, Numar persoane, 79
Feminin, Mehedinti, Anul 2021, Numar persoane, 153
Feminin, Mehedinti, Anul 2022, Numar persoane, 163
Feminin, Mehedinti, Anul 2023, Numar persoane, 180
Feminin, Mehedinti, Anul 2024, Numar persoane, 147
Feminin, Olt, Anul 1991, Numar persoane, 44
Feminin, Olt, Anul 1992, Numar persoane, 31
Feminin, Olt, Anul 1993, Numar persoane, 14
Feminin, Olt, Anul 1994, Numar persoane, 21
Feminin, Olt, Anul 1995, Numar persoane, 41
Feminin, Olt, Anul 1996, Numar persoane, 31
Feminin, Olt, Anul 1997, Numar persoane, 67
Feminin, Olt, Anul 1998, Numar persoane, 50
Feminin, Olt, Anul 1999, Numar persoane, 32
Feminin, Olt, Anul 2000, Numar persoane, 55
Feminin, Olt, Anul 2001, Numar persoane, 26
Feminin, Olt, Anul 2002, Numar persoane, 13
Feminin, Olt, Anul 2003, Numar persoane, 28
Feminin, Olt, Anul 2004, Numar persoane, 25
Feminin, Olt, Anul 2005, Numar persoane, 38
Feminin, Olt, Anul 2006, Numar persoane, 54
Feminin, Olt, Anul 2007, Numar persoane, 44
Feminin, Olt, Anul 2008, Numar persoane, 41
Feminin, Olt, Anul 2009, Numar persoane, 52
Feminin, Olt, Anul 2010, Numar persoane, 41
Feminin, Olt, Anul 2011, Numar persoane, 71
Feminin, Olt, Anul 2012, Numar persoane, 106
Feminin, Olt, Anul 2013, Numar persoane, 107
Feminin, Olt, Anul 2014, Numar persoane, 98
Feminin, Olt, Anul 2015, Numar persoane, 120
Feminin, Olt, Anul 2016, Numar persoane, 141
Feminin, Olt, Anul 2017, Numar persoane, 136
Feminin, Olt, Anul 2018, Numar persoane, 191
Feminin, Olt, Anul 2019, Numar persoane, 154
Feminin, Olt, Anul 2020, Numar persoane, 126
Feminin, Olt, Anul 2021, Numar persoane, 214
Feminin, Olt, Anul 2022, Numar persoane, 255
Feminin, Olt, Anul 2023, Numar persoane, 264
Feminin, Olt, Anul 2024, Numar persoane, 180
Feminin, Valcea, Anul 1991, Numar persoane, 89
Feminin, Valcea, Anul 1992, Numar persoane, 38
Feminin, Valcea, Anul 1993, Numar persoane, 24
Feminin, Valcea, Anul 1994, Numar persoane, 26
Feminin, Valcea, Anul 1995, Numar persoane, 71
Feminin, Valcea, Anul 1996, Numar persoane, 68
Feminin, Valcea, Anul 1997, Numar persoane, 74
Feminin, Valcea, Anul 1998, Numar persoane, 64
Feminin, Valcea, Anul 1999, Numar persoane, 74
Feminin, Valcea, Anul 2000, Numar persoane, 107
Feminin, Valcea, Anul 2001, Numar persoane, 53
Feminin, Valcea, Anul 2002, Numar persoane, 48
Feminin, Valcea, Anul 2003, Numar persoane, 78
Feminin, Valcea, Anul 2004, Numar persoane, 75
Feminin, Valcea, Anul 2005, Numar persoane, 44
Feminin, Valcea, Anul 2006, Numar persoane, 79
Feminin, Valcea, Anul 2007, Numar persoane, 48
Feminin, Valcea, Anul 2008, Numar persoane, 61
Feminin, Valcea, Anul 2009, Numar persoane, 72
Feminin, Valcea, Anul 2010, Numar persoane, 62
Feminin, Valcea, Anul 2011, Numar persoane, 79
Feminin, Valcea, Anul 2012, Numar persoane, 92
Feminin, Valcea, Anul 2013, Numar persoane, 64
Feminin, Valcea, Anul 2014, Numar persoane, 62
Feminin, Valcea, Anul 2015, Numar persoane, 79
Feminin, Valcea, Anul 2016, Numar persoane, 152
Feminin, Valcea, Anul 2017, Numar persoane, 135
Feminin, Valcea, Anul 2018, Numar persoane, 146
Feminin, Valcea, Anul 2019, Numar persoane, 158
Feminin, Valcea, Anul 2020, Numar persoane, 104
Feminin, Valcea, Anul 2021, Numar persoane, 171
Feminin, Valcea, Anul 2022, Numar persoane, 239
Feminin, Valcea, Anul 2023, Numar persoane, 199
Feminin, Valcea, Anul 2024, Numar persoane, 173
Feminin, Regiunea VEST, Anul 1991, Numar persoane, 5624
Feminin, Regiunea VEST, Anul 1992, Numar persoane, 3443
Feminin, Regiunea VEST, Anul 1993, Numar persoane, 3157
Feminin, Regiunea VEST, Anul 1994, Numar persoane, 2534
Feminin, Regiunea VEST, Anul 1995, Numar persoane, 3145
Feminin, Regiunea VEST, Anul 1996, Numar persoane, 2464
Feminin, Regiunea VEST, Anul 1997, Numar persoane, 2246
Feminin, Regiunea VEST, Anul 1998, Numar persoane, 1305
Feminin, Regiunea VEST, Anul 1999, Numar persoane, 903
Feminin, Regiunea VEST, Anul 2000, Numar persoane, 1158
Feminin, Regiunea VEST, Anul 2001, Numar persoane, 650
Feminin, Regiunea VEST, Anul 2002, Numar persoane, 633
Feminin, Regiunea VEST, Anul 2003, Numar persoane, 862
Feminin, Regiunea VEST, Anul 2004, Numar persoane, 1142
Feminin, Regiunea VEST, Anul 2005, Numar persoane, 939
Feminin, Regiunea VEST, Anul 2006, Numar persoane, 1222
Feminin, Regiunea VEST, Anul 2007, Numar persoane, 793
Feminin, Regiunea VEST, Anul 2008, Numar persoane, 843
Feminin, Regiunea VEST, Anul 2009, Numar persoane, 907
Feminin, Regiunea VEST, Anul 2010, Numar persoane, 709
Feminin, Regiunea VEST, Anul 2011, Numar persoane, 1228
Feminin, Regiunea VEST, Anul 2012, Numar persoane, 1213
Feminin, Regiunea VEST, Anul 2013, Numar persoane, 1165
Feminin, Regiunea VEST, Anul 2014, Numar persoane, 828
Feminin, Regiunea VEST, Anul 2015, Numar persoane, 1120
Feminin, Regiunea VEST, Anul 2016, Numar persoane, 1674
Feminin, Regiunea VEST, Anul 2017, Numar persoane, 1663
Feminin, Regiunea VEST, Anul 2018, Numar persoane, 1819
Feminin, Regiunea VEST, Anul 2019, Numar persoane, 1822
Feminin, Regiunea VEST, Anul 2020, Numar persoane, 1390
Feminin, Regiunea VEST, Anul 2021, Numar persoane, 2144
Feminin, Regiunea VEST, Anul 2022, Numar persoane, 2977
Feminin, Regiunea VEST, Anul 2023, Numar persoane, 2561
Feminin, Regiunea VEST, Anul 2024, Numar persoane, 1995
Feminin, Arad, Anul 1991, Numar persoane, 1520
Feminin, Arad, Anul 1992, Numar persoane, 701
Feminin, Arad, Anul 1993, Numar persoane, 1208
Feminin, Arad, Anul 1994, Numar persoane, 457
Feminin, Arad, Anul 1995, Numar persoane, 609
Feminin, Arad, Anul 1996, Numar persoane, 445
Feminin, Arad, Anul 1997, Numar persoane, 502
Feminin, Arad, Anul 1998, Numar persoane, 253
Feminin, Arad, Anul 1999, Numar persoane, 183
Feminin, Arad, Anul 2000, Numar persoane, 240
Feminin, Arad, Anul 2001, Numar persoane, 147
Feminin, Arad, Anul 2002, Numar persoane, 137
Feminin, Arad, Anul 2003, Numar persoane, 151
Feminin, Arad, Anul 2004, Numar persoane, 228
Feminin, Arad, Anul 2005, Numar persoane, 179
Feminin, Arad, Anul 2006, Numar persoane, 206
Feminin, Arad, Anul 2007, Numar persoane, 130
Feminin, Arad, Anul 2008, Numar persoane, 145
Feminin, Arad, Anul 2009, Numar persoane, 160
Feminin, Arad, Anul 2010, Numar persoane, 121
Feminin, Arad, Anul 2011, Numar persoane, 217
Feminin, Arad, Anul 2012, Numar persoane, 247
Feminin, Arad, Anul 2013, Numar persoane, 207
Feminin, Arad, Anul 2014, Numar persoane, 174
Feminin, Arad, Anul 2015, Numar persoane, 228
Feminin, Arad, Anul 2016, Numar persoane, 334
Feminin, Arad, Anul 2017, Numar persoane, 311
Feminin, Arad, Anul 2018, Numar persoane, 327
Feminin, Arad, Anul 2019, Numar persoane, 330
Feminin, Arad, Anul 2020, Numar persoane, 287
Feminin, Arad, Anul 2021, Numar persoane, 426
Feminin, Arad, Anul 2022, Numar persoane, 591
Feminin, Arad, Anul 2023, Numar persoane, 514
Feminin, Arad, Anul 2024, Numar persoane, 408
Feminin, Caras-Severin, Anul 1991, Numar persoane, 963
Feminin, Caras-Severin, Anul 1992, Numar persoane, 534
Feminin, Caras-Severin, Anul 1993, Numar persoane, 415
Feminin, Caras-Severin, Anul 1994, Numar persoane, 355
Feminin, Caras-Severin, Anul 1995, Numar persoane, 562
Feminin, Caras-Severin, Anul 1996, Numar persoane, 438
Feminin, Caras-Severin, Anul 1997, Numar persoane, 348
Feminin, Caras-Severin, Anul 1998, Numar persoane, 221
Feminin, Caras-Severin, Anul 1999, Numar persoane, 140
Feminin, Caras-Severin, Anul 2000, Numar persoane, 222
Feminin, Caras-Severin, Anul 2001, Numar persoane, 87
Feminin, Caras-Severin, Anul 2002, Numar persoane, 105
Feminin, Caras-Severin, Anul 2003, Numar persoane, 129
Feminin, Caras-Severin, Anul 2004, Numar persoane, 151
Feminin, Caras-Severin, Anul 2005, Numar persoane, 148
Feminin, Caras-Severin, Anul 2006, Numar persoane, 235
Feminin, Caras-Severin, Anul 2007, Numar persoane, 149
Feminin, Caras-Severin, Anul 2008, Numar persoane, 143
Feminin, Caras-Severin, Anul 2009, Numar persoane, 161
Feminin, Caras-Severin, Anul 2010, Numar persoane, 97
Feminin, Caras-Severin, Anul 2011, Numar persoane, 183
Feminin, Caras-Severin, Anul 2012, Numar persoane, 194
Feminin, Caras-Severin, Anul 2013, Numar persoane, 211
Feminin, Caras-Severin, Anul 2014, Numar persoane, 162
Feminin, Caras-Severin, Anul 2015, Numar persoane, 200
Feminin, Caras-Severin, Anul 2016, Numar persoane, 285
Feminin, Caras-Severin, Anul 2017, Numar persoane, 278
Feminin, Caras-Severin, Anul 2018, Numar persoane, 380
Feminin, Caras-Severin, Anul 2019, Numar persoane, 368
Feminin, Caras-Severin, Anul 2020, Numar persoane, 265
Feminin, Caras-Severin, Anul 2021, Numar persoane, 391
Feminin, Caras-Severin, Anul 2022, Numar persoane, 545
Feminin, Caras-Severin, Anul 2023, Numar persoane, 459
Feminin, Caras-Severin, Anul 2024, Numar persoane, 366
Feminin, Hunedoara, Anul 1991, Numar persoane, 395
Feminin, Hunedoara, Anul 1992, Numar persoane, 246
Feminin, Hunedoara, Anul 1993, Numar persoane, 152
Feminin, Hunedoara, Anul 1994, Numar persoane, 161
Feminin, Hunedoara, Anul 1995, Numar persoane, 290
Feminin, Hunedoara, Anul 1996, Numar persoane, 197
Feminin, Hunedoara, Anul 1997, Numar persoane, 237
Feminin, Hunedoara, Anul 1998, Numar persoane, 151
Feminin, Hunedoara, Anul 1999, Numar persoane, 112
Feminin, Hunedoara, Anul 2000, Numar persoane, 149
Feminin, Hunedoara, Anul 2001, Numar persoane, 96
Feminin, Hunedoara, Anul 2002, Numar persoane, 86
Feminin, Hunedoara, Anul 2003, Numar persoane, 138
Feminin, Hunedoara, Anul 2004, Numar persoane, 175
Feminin, Hunedoara, Anul 2005, Numar persoane, 124
Feminin, Hunedoara, Anul 2006, Numar persoane, 175
Feminin, Hunedoara, Anul 2007, Numar persoane, 156
Feminin, Hunedoara, Anul 2008, Numar persoane, 164
Feminin, Hunedoara, Anul 2009, Numar persoane, 181
Feminin, Hunedoara, Anul 2010, Numar persoane, 149
Feminin, Hunedoara, Anul 2011, Numar persoane, 214
Feminin, Hunedoara, Anul 2012, Numar persoane, 179
Feminin, Hunedoara, Anul 2013, Numar persoane, 213
Feminin, Hunedoara, Anul 2014, Numar persoane, 155
Feminin, Hunedoara, Anul 2015, Numar persoane, 196
Feminin, Hunedoara, Anul 2016, Numar persoane, 300
Feminin, Hunedoara, Anul 2017, Numar persoane, 335
Feminin, Hunedoara, Anul 2018, Numar persoane, 335
Feminin, Hunedoara, Anul 2019, Numar persoane, 305
Feminin, Hunedoara, Anul 2020, Numar persoane, 267
Feminin, Hunedoara, Anul 2021, Numar persoane, 433
Feminin, Hunedoara, Anul 2022, Numar persoane, 619
Feminin, Hunedoara, Anul 2023, Numar persoane, 540
Feminin, Hunedoara, Anul 2024, Numar persoane, 387
Feminin, Timis, Anul 1991, Numar persoane, 2746
Feminin, Timis, Anul 1992, Numar persoane, 1962
Feminin, Timis, Anul 1993, Numar persoane, 1382
Feminin, Timis, Anul 1994, Numar persoane, 1561
Feminin, Timis, Anul 1995, Numar persoane, 1684
Feminin, Timis, Anul 1996, Numar persoane, 1384
Feminin, Timis, Anul 1997, Numar persoane, 1159
Feminin, Timis, Anul 1998, Numar persoane, 680
Feminin, Timis, Anul 1999, Numar persoane, 468
Feminin, Timis, Anul 2000, Numar persoane, 547
Feminin, Timis, Anul 2001, Numar persoane, 320
Feminin, Timis, Anul 2002, Numar persoane, 305
Feminin, Timis, Anul 2003, Numar persoane, 444
Feminin, Timis, Anul 2004, Numar persoane, 588
Feminin, Timis, Anul 2005, Numar persoane, 488
Feminin, Timis, Anul 2006, Numar persoane, 606
Feminin, Timis, Anul 2007, Numar persoane, 358
Feminin, Timis, Anul 2008, Numar persoane, 391
Feminin, Timis, Anul 2009, Numar persoane, 405
Feminin, Timis, Anul 2010, Numar persoane, 342
Feminin, Timis, Anul 2011, Numar persoane, 614
Feminin, Timis, Anul 2012, Numar persoane, 593
Feminin, Timis, Anul 2013, Numar persoane, 534
Feminin, Timis, Anul 2014, Numar persoane, 337
Feminin, Timis, Anul 2015, Numar persoane, 496
Feminin, Timis, Anul 2016, Numar persoane, 755
Feminin, Timis, Anul 2017, Numar persoane, 739
Feminin, Timis, Anul 2018, Numar persoane, 777
Feminin, Timis, Anul 2019, Numar persoane, 819
Feminin, Timis, Anul 2020, Numar persoane, 571
Feminin, Timis, Anul 2021, Numar persoane, 894
Feminin, Timis, Anul 2022, Numar persoane, 1222
Feminin, Timis, Anul 2023, Numar persoane, 1048
Feminin, Timis, Anul 2024, Numar persoane, 834
