freq,sex,wstatus,age,unit,geo\TIME_PERIOD	1992 	1993 	1994 	1995 	1996 	1997 	1998 	1999 	2000 	2001 	2002 	2003 	2004 	2005 	2006 	2007 	2008 	2009 	2010 	2011 	2012 	2013 	2014 	2015 	2016 	2017 	2018 	2019 	2020 	2021 	2022 	2023 	2024 	2025 
A,F,EMP,Y18-24,PC,AT	: 	: 	: 	: 	: 	: 	: 	: 	: 	: 	: 	: 	: 	4.3 	5.2 b	5.7 b	5.3 	4.3 	4.1 	3.9 	3.4 	3.0 	3.1 b	2.8 	2.5 	2.7 	3.0 	2.7 	2.8 	2.8 b	3.6 	3.9 	3.2 	3.0 
A,F,EMP,Y18-24,PC,BA	: 	: 	: 	: 	: 	: 	: 	: 	: 	: 	: 	: 	: 	: 	: 	: 	: 	: 	: 	: 	: 	: 	: 	: 	: 	: 	: 	: 	: 	: bu	: u	: u	: u	0.8 u
A,F,EMP,Y18-24,PC,BE	: 	: 	: 	: 	: 	: 	: 	: 	: 	: 	: 	: 	: 	4.0 	3.7 b	3.8 	4.1 b	3.3 	4.0 	3.3 b	3.5 	2.6 	2.7 b	2.5 	2.7 	2.5 b	2.6 	2.4 	2.0 	1.7 b	1.5 	1.4 	1.7 b	1.4 
A,F,EMP,Y18-24,PC,BG	: 	: 	: 	: 	: 	: 	: 	: 	: 	: 	: 	: 	: 	3.6 	2.8 b	3.4 	3.6 b	2.9 	2.0 bu	1.7 bu	2.1 u	1.9 u	1.3 bu	1.7 u	2.0 u	2.5 u	2.2 u	2.9 bu	2.4 u	2.2 bu	2.5 u	1.7 u	: bu	: u
A,F,EMP,Y18-24,PC,CH	: 	: 	: 	: 	: 	: 	: 	: 	: 	: 	: 	: 	: 	4.9 	5.6 	3.9 	5.1 	5.7 	4.1 b	3.5 	3.1 	2.8 	3.0 b	2.6 	2.8 	1.9 	1.9 	2.3 	1.9 	2.2 b	2.2 	2.2 	2.2 	2.4 
A,F,EMP,Y18-24,PC,CY	: 	: 	: 	: 	: 	: 	: 	: 	: 	: 	: 	: 	: 	6.2 	4.8 b	4.3 u	5.5 	5.5 b	6.8 	5.2 	3.7 u	2.3 u	1.9 bu	: u	1.8 u	3.8 u	3.4 u	3.6 u	4.4 u	3.2 bu	2.7 u	3.6 u	2.7 u	3.0 u
A,F,EMP,Y18-24,PC,CZ	: 	: 	: 	: 	: 	: 	: 	: 	: 	: 	: 	: 	: 	1.4 	1.1 b	1.3 	1.4 	1.4 	0.9 	1.0 b	1.1 	1.3 	1.1 b	1.2 	2.0 	2.0 	2.1 	2.6 	2.3 	1.7 b	1.8 b	2.3 	1.9 	2.6 
A,F,EMP,Y18-24,PC,DE	: 	: 	: 	: 	: 	: 	: 	: 	: 	: 	: 	: 	: 	4.7 b	5.1 	4.4 	4.1 b	3.8 	4.4 b	4.4 b	3.6 b	3.5 	3.2 b	3.6 	3.6 	3.6 	3.8 	3.6 	3.3 b	4.4 b	5.1 	4.8 	5.4 b	5.2 
A,F,EMP,Y18-24,PC,DK	: 	: 	: 	: 	: 	: 	: 	: 	: 	: 	: 	: 	: 	4.3 	5.5 	6.6 b	6.3 b	4.6 	3.7 	3.1 	2.8 	2.6 	2.3 b	1.9 	2.3 b	2.3 b	3.7 	2.9 	2.9 	4.4 b	4.4 	4.8 b	4.9 	4.0 b
A,F,EMP,Y18-24,PC,EA21	: 	: 	: 	: 	: 	: 	: 	: 	: 	: 	: 	: 	: 	6.5 	6.5 	6.2 	6.1 	5.2 	4.9 	4.5 	3.9 	3.4 	3.1 b	3.2 	3.0 	3.1 	3.2 	3.0 	2.5 	2.7 b	3.1 	3.0 	3.1 	2.8 
A,F,EMP,Y18-24,PC,EE	: 	: 	: 	: 	: 	: 	: 	: 	: 	: 	: 	: 	: 	4.3 	3.4 u	3.1 u	4.6 	2.7 bu	: u	3.5 u	2.1 u	: u	3.5 bu	3.8 u	2.9 u	4.5 u	4.4 u	3.3 u	: u	3.8 bu	4.7 u	4.7 u	4.6 u	: u
A,F,EMP,Y18-24,PC,EL	: 	: 	: 	: 	: 	: 	: 	: 	: 	: 	: 	: 	: 	3.3 	4.0 b	4.2 	4.3 b	3.8 b	3.4 	2.6 	2.3 	1.7 	1.4 b	1.5 	1.2 	1.0 u	0.5 u	0.6 u	0.5 u	0.4 bu	0.6 u	0.8 u	: bu	: u
A,F,EMP,Y18-24,PC,ES	: 	: 	: 	: 	: 	: 	: 	: 	: 	: 	: 	: 	: 	14.3 b	14.5 b	14.6 	14.1 	10.9 	9.5 	8.6 	6.9 	6.0 	5.6 b	5.4 	4.9 	5.8 	5.8 	5.4 	3.8 	3.5 bd	4.3 d	4.9 d	4.4 d	4.4 d
A,F,EMP,Y18-24,PC,EU27_2020	: 	: 	: 	: 	: 	: 	: 	: 	: 	: 	: 	: 	: 	5.7 	5.6 b	5.4 	5.3 	4.6 	4.4 	4.1 	3.6 	3.2 	2.9 b	3.0 	2.9 	3.0 	3.1 	2.9 	2.5 	2.6 b	2.9 	2.9 	3.0 	2.7 
A,F,EMP,Y18-24,PC,FI	: 	: 	: 	: 	: 	: 	: 	: 	: 	: 	: 	: 	: 	4.0 	3.4 	3.1 	3.7 	3.7 	3.9 	3.9 	3.4 	3.1 	3.0 b	3.0 	2.6 	2.8 	3.0 	2.0 	2.5 	3.0 b	2.4 	2.5 u	2.7 u	2.8 u
A,F,EMP,Y18-24,PC,FR	: 	: 	: 	: 	: 	: 	: 	: 	: 	: 	: 	: 	: 	3.8 	3.9 	3.8 	4.0 	4.0 	3.3 	3.8 	3.5 	2.6 b	2.3 b	2.6 	2.0 	2.1 	2.3 	2.0 	1.5 	1.8 bd	2.1 d	1.6 d	1.7 d	1.2 d
A,F,EMP,Y18-24,PC,HR	: 	: 	: 	: 	: 	: 	: 	: 	: 	: 	: 	: 	: 	1.7 bu	: bu	1.3 bu	1.4 u	1.3 u	1.1 bu	0.8 u	0.9 u	: u	: bu	: u	: u	: u	0.8 u	0.7 u	: u	: bu	: u	: u	: u	: u
A,F,EMP,Y18-24,PC,HU	: 	: 	: 	: 	: 	: 	: 	: 	: 	: 	: 	: 	: 	2.6 	2.7 b	2.4 	2.6 	2.0 	2.2 	2.0 	1.9 	1.8 	2.4 b	3.2 	3.0 	3.6 	2.8 b	2.4 	2.4 	3.3 b	3.3 	3.2 	2.9 	2.5 
A,F,EMP,Y18-24,PC,IE	: 	: 	: 	: 	: 	: 	: 	: 	: 	: 	: 	: 	: 	4.0 	4.1 b	4.1 b	3.5 	3.5 	3.7 	2.6 	2.2 	2.1 	1.2 bu	1.4 u	1.5 u	: bu	1.0 u	: u	: u	: bu	: u	: u	: bu	: u
A,F,EMP,Y18-24,PC,IS	: 	: 	: 	: 	: 	: 	: 	: 	: 	: 	: 	: 	: 	15.7 	: u	14.3 	18.9 	12.9 b	12.9 	12.0 	12.3 	13.3 	10.3 b	9.7 	13.0 	10.2 	10.6 	8.7 	7.1 b	5.9 b	9.4 	7.7 	8.4 	: 
A,F,EMP,Y18-24,PC,IT	: 	: 	: 	: 	: 	: 	: 	: 	: 	: 	: 	: 	: 	7.0 	6.1 b	6.1 	6.0 	5.2 	4.9 	4.4 	4.0 	3.3 	2.8 b	2.7 	2.7 	2.5 	3.0 b	2.9 	2.5 	2.2 b	2.3 	2.1 	2.2 	1.8 
A,F,EMP,Y18-24,PC,LT	: 	: 	: 	: 	: 	: 	: 	: 	: 	: 	: 	: 	: 	: u	: bu	: u	: u	: u	: u	: u	: u	: u	: bu	: u	1.2 u	: u	: u	: u	: u	: bu	: u	1.8 u	2.5 u	1.3 u
A,F,EMP,Y18-24,PC,LU	: 	: 	: 	: 	: 	: 	: 	: 	: 	: 	: 	: 	: 	5.5 u	5.3 bu	5.1 bu	5.3 u	2.8 bu	3.1 u	: u	2.6 u	: u	: bu	4.7 b	2.8 u	2.9 u	: u	: u	2.8 u	5.3 b	3.7 u	: u	: u	: u
A,F,EMP,Y18-24,PC,LV	: 	: 	: 	: 	: 	: 	: 	: 	: 	: 	: 	: 	: 	5.1 	4.4 b	3.7 	4.0 	3.4 	2.7 u	2.5 u	1.8 u	2.0 u	: bu	2.7 u	2.4 u	: u	: u	: u	: u	: bu	: u	: u	: u	: u
A,F,EMP,Y18-24,PC,ME	: 	: 	: 	: 	: 	: 	: 	: 	: 	: 	: 	: 	: 	: 	: 	: 	: 	: 	: 	: u	: u	: u	: bu	: u	: u	: u	: u	: u	: u	: 	: 	: 	: 	: 
A,F,EMP,Y18-24,PC,MK	: 	: 	: 	: 	: 	: 	: 	: 	: 	: 	: 	: 	: 	: 	2.9 	2.6 b	2.3 	1.6 	2.1 	1.3 	0.8 u	2.3 	2.2 b	1.4 	1.1 u	0.9 u	0.8 u	1.0 u	0.6 u	0.7 bu	0.9 u	0.8 u	1.7 	2.5 
A,F,EMP,Y18-24,PC,MT	: 	: 	: 	: 	: 	: 	: 	: 	: 	: 	: 	: 	: 	18.4 b	20.2 b	18.0 	16.9 	12.1 	8.0 	7.5 b	6.7 	8.4 	8.3 b	5.9 	6.5 	6.0 	10.1 	7.7 	7.0 	5.0 bu	6.9 u	: u	4.4 u	3.7 u
A,F,EMP,Y18-24,PC,NL	: 	: 	: 	: 	: 	: 	: 	: 	: 	: 	: 	: 	: 	6.9 b	6.2 b	5.7 	5.6 	5.3 	4.6 	4.3 	4.0 	3.9 b	3.2 b	3.6 	3.2 	2.6 	2.7 	3.0 b	2.8 	2.4 b	2.7 	3.1 	3.3 	3.2 
A,F,EMP,Y18-24,PC,NO	: 	: 	: 	: 	: 	: 	: 	: 	: 	: 	: 	: 	: 	: 	9.5 	10.5 	9.6 	9.9 	9.7 	8.7 	8.4 	7.0 	6.2 b	4.9 	5.7 	5.0 	4.2 u	4.4 u	5.0 	4.8 b	: u	: u	: u	: u
A,F,EMP,Y18-24,PC,PL	: 	: 	: 	: 	: 	: 	: 	: 	: 	: 	: 	: 	: 	0.6 u	0.7 	0.9 	0.9 b	0.7 u	0.7 bu	0.7 u	0.7 u	0.5 u	0.5 bu	0.6 u	0.8 u	0.8 u	0.8 u	0.9 bu	0.8 u	0.8 bu	: u	: u	1.4 u	0.9 u
A,F,EMP,Y18-24,PC,PT	: 	: 	: 	: 	: 	: 	: 	: 	: 	: 	: 	: 	: 	21.1 	22.1 b	20.0 	19.2 	16.8 	14.6 	9.7 b	7.2 	6.9 	6.7 b	5.1 	5.0 	5.1 	5.2 	4.2 	2.7 	1.9 bu	2.1 u	3.3 	2.5 	1.8 u
A,F,EMP,Y18-24,PC,RO	: 	: 	: 	: 	: 	: 	: 	: 	: 	: 	: 	: 	: 	7.9 	7.7 b	7.5 	6.6 	7.1 	7.7 b	6.7 	7.2 	6.4 	6.5 b	6.6 	5.9 	6.4 	5.7 	5.3 	5.6 	3.3 b	2.9 	2.3 	3.8 	2.5 
A,F,EMP,Y18-24,PC,RS	: 	: 	: 	: 	: 	: 	: 	: 	: 	: 	: 	: 	: 	: 	: 	: 	: 	: 	1.7 u	: u	1.0 u	1.5 u	1.6 b	1.6 	1.6 	1.1 u	1.5 u	1.4 u	1.1 u	2.0 b	0.9 u	0.8 u	1.0 u	0.7 u
A,F,EMP,Y18-24,PC,SE	: 	: 	: 	: 	: 	: 	: 	: 	: 	: 	: 	: 	: 	5.3 b	3.5 b	3.4 b	3.1 b	2.2 	2.3 	2.4 	2.8 	2.7 	2.8 b	3.2 	3.2 	3.4 	2.9 b	2.1 	2.5 	3.6 b	4.1 	3.8 	2.9 	3.1 
A,F,EMP,Y18-24,PC,SI	: 	: 	: 	: 	: 	: 	: 	: 	: 	: 	: 	: 	: 	0.7 u	1.2 bu	0.6 u	1.2 u	1.3 u	1.1 u	: u	: u	: u	0.7 bu	1.0 u	: u	: u	: u	0.9 u	1.0 u	: bu	: u	: bu	: u	: u
A,F,EMP,Y18-24,PC,SK	: 	: 	: 	: 	: 	: 	: 	: 	: 	: 	: 	: 	: 	0.7 u	: bu	0.7 u	: u	: u	: u	: bu	: u	1.1 u	1.0 bu	1.2 u	1.1 u	2.2 	1.8 u	: u	: u	: bu	: bu	: u	: u	: u
A,F,EMP,Y18-24,PC,TR	: 	: 	: 	: 	: 	: 	: 	: 	: 	: 	: 	: 	: 	: 	11.4 	10.8 	11.0 	10.3 	10.9 	11.2 	10.3 	9.8 	10.3 b	9.6 	8.8 	8.7 	7.7 	6.8 	5.4 	4.7 b	4.5 	4.5 	4.4 	3.9 
A,F,EMP,Y18-24,PC,UK	: 	: 	: 	: 	: 	: 	: 	: 	: 	: 	: 	: 	: 	4.8 	4.5 	6.5 b	6.2 b	5.7 	4.9 b	4.9 b	3.9 	3.9 	4.2 b	3.9 	4.4 	4.5 	4.8 	4.5 	: 	: 	: 	: 	: 	: 
A,F,NEMP,Y18-24,PC,AT	: 	: 	: 	: 	: 	: 	: 	: 	: 	: 	: 	: 	: 	4.6 	4.6 b	4.5 b	4.6 	4.6 	4.2 	4.1 	4.1 	4.1 	3.4 b	4.0 	3.5 	3.2 	2.7 	3.4 	3.4 	3.5 b	3.8 	4.0 	3.8 	5.0 
A,F,NEMP,Y18-24,PC,BA	: 	: 	: 	: 	: 	: 	: 	: 	: 	: 	: 	: 	: 	: 	: 	: 	: 	: 	: 	: 	: 	: 	: 	: 	: 	: 	: 	: 	: 	3.9 b	3.3 	2.9 	2.1 u	2.2 u
A,F,NEMP,Y18-24,PC,BE	: 	: 	: 	: 	: 	: 	: 	: 	: 	: 	: 	: 	: 	6.5 	6.3 b	6.5 	6.4 b	6.1 	6.0 	6.4 b	6.1 	6.2 	5.0 b	6.1 	4.7 	4.8 b	4.0 	3.7 	3.9 	2.8 b	3.3 	3.0 	3.1 b	3.5 
A,F,NEMP,Y18-24,PC,BG	: 	: 	: 	: 	: 	: 	: 	: 	: 	: 	: 	: 	: 	16.7 	14.1 b	11.4 	11.8 b	13.0 	10.9 b	10.9 b	10.9 	10.8 	11.5 b	11.7 	11.9 	11.0 	10.5 	10.2 b	9.6 	10.6 b	8.9 	7.5 	7.3 b	8.3 
A,F,NEMP,Y18-24,PC,CH	: 	: 	: 	: 	: 	: 	: 	: 	: 	: 	: 	: 	: 	4.4 	2.8 	2.8 	2.5 	3.7 	2.8 b	2.1 	2.3 	2.6 	2.6 b	2.3 	2.2 	2.0 	1.4 u	1.5 u	1.4 u	2.9 b	3.8 	2.9 	2.9 	2.5 
A,F,NEMP,Y18-24,PC,CY	: 	: 	: 	: 	: 	: 	: 	: 	: 	: 	: 	: 	: 	4.1 u	3.4 bu	2.4 u	4.0 u	3.2 bu	3.0 u	2.9 u	3.3 u	2.0 u	: bu	2.0 u	2.5 u	3.9 u	2.5 u	3.8 u	4.4 u	4.7 bu	4.6 u	6.0 	5.5 u	4.8 u
A,F,NEMP,Y18-24,PC,CZ	: 	: 	: 	: 	: 	: 	: 	: 	: 	: 	: 	: 	: 	4.9 	3.8 b	3.4 	3.9 	3.8 	3.9 	3.4 b	3.9 	4.1 	4.1 b	4.7 	4.6 	4.6 	4.0 	4.2 	5.2 	4.1 b	3.4 b	4.1 	3.5 	3.5 
A,F,NEMP,Y18-24,PC,DE	: 	: 	: 	: 	: 	: 	: 	: 	: 	: 	: 	: 	: 	9.0 b	8.3 	7.6 	7.1 b	6.9 	6.6 b	6.4 b	6.3 b	5.8 	5.7 b	6.1 	5.9 	5.5 	5.3 	5.2 	5.1 b	5.8 b	5.9 	5.6 	5.4 b	6.0 
A,F,NEMP,Y18-24,PC,DK	: 	: 	: 	: 	: 	: 	: 	: 	: 	: 	: 	: 	: 	2.7 	2.2 	2.9 b	4.0 b	3.8 	4.7 	4.8 	5.2 	3.9 	4.1 b	4.3 	3.9 b	4.0 b	4.3 	4.7 	3.9 	3.7 b	3.4 	4.2 b	4.8 	4.7 b
A,F,NEMP,Y18-24,PC,EA21	: 	: 	: 	: 	: 	: 	: 	: 	: 	: 	: 	: 	: 	8.4 	7.9 	7.6 	7.4 	7.9 	7.8 	7.6 	7.6 	7.4 	6.9 b	6.7 	6.3 	5.9 	5.7 	5.5 	5.5 	5.2 b	5.0 	4.7 	4.5 	4.6 
A,F,NEMP,Y18-24,PC,EE	: 	: 	: 	: 	: 	: 	: 	: 	: 	: 	: 	: 	: 	6.8 	3.6 u	4.0 u	3.7 u	6.4 b	6.1 	4.9 	5.1 	4.0 u	4.4 bu	7.1 	4.6 u	3.2 u	3.5 u	4.7 u	4.0 u	3.8 bu	2.7 u	: u	: u	5.6 u
A,F,NEMP,Y18-24,PC,EL	: 	: 	: 	: 	: 	: 	: 	: 	: 	: 	: 	: 	: 	6.2 	6.6 b	6.1 	6.3 b	6.7 b	7.2 	7.4 	6.7 	5.7 	5.2 b	4.9 	4.2 	3.9 	3.0 	2.6 	2.6 	2.5 b	3.9 	2.8 	2.1 b	2.2 
A,F,NEMP,Y18-24,PC,ES	: 	: 	: 	: 	: 	: 	: 	: 	: 	: 	: 	: 	: 	10.4 b	9.1 b	10.2 	11.0 	13.2 	13.1 	12.9 	13.5 	13.8 	12.5 b	10.4 	10.1 	8.7 	8.2 	7.6 	7.9 	6.2 bd	6.7 d	6.3 d	5.6 d	5.1 d
A,F,NEMP,Y18-24,PC,EU27_2020	: 	: 	: 	: 	: 	: 	: 	: 	: 	: 	: 	: 	: 	7.8 	7.3 b	7.0 	6.9 	7.4 	7.2 	7.1 	7.0 	6.9 	6.5 b	6.4 	6.2 	5.9 	5.6 	5.5 	5.5 	5.3 b	5.1 	4.8 	4.8 	4.8 
A,F,NEMP,Y18-24,PC,FI	: 	: 	: 	: 	: 	: 	: 	: 	: 	: 	: 	: 	: 	4.1 	4.4 	4.1 	4.1 	5.4 	5.1 	4.5 	4.7 	5.2 	4.2 b	4.9 	4.3 	4.1 	4.4 	4.0 	4.5 	4.0 b	3.9 	4.8 	4.7 	5.9 
A,F,NEMP,Y18-24,PC,FR	: 	: 	: 	: 	: 	: 	: 	: 	: 	: 	: 	: 	: 	6.9 	7.0 	6.7 	5.9 	6.3 	6.8 	6.6 	6.4 	6.0 b	5.5 b	5.8 	5.5 	5.0 	4.5 	4.9 	4.8 	4.2 bd	3.8 d	3.9 d	4.3 d	4.2 d
A,F,NEMP,Y18-24,PC,HR	: 	: 	: 	: 	: 	: 	: 	: 	: 	: 	: 	: 	: 	2.4 bu	2.7 bu	1.4 bu	2.0 u	2.9 u	1.9 bu	2.8 u	3.3 u	3.0 u	2.0 bu	1.4 u	1.9 u	1.8 u	2.3 u	2.3 u	1.9 u	1.3 bu	1.2 u	1.2 u	1.4 u	1.4 u
A,F,NEMP,Y18-24,PC,HU	: 	: 	: 	: 	: 	: 	: 	: 	: 	: 	: 	: 	: 	8.7 	8.6 b	7.8 	8.5 	8.8 	7.9 	8.6 	9.3 	9.6 	8.0 b	8.0 	8.8 	9.3 	9.5 b	8.6 	8.8 	8.4 b	8.3 	7.2 	7.0 	6.4 
A,F,NEMP,Y18-24,PC,IE	: 	: 	: 	: 	: 	: 	: 	: 	: 	: 	: 	: 	: 	5.5 	4.9 b	3.8 b	4.0 	4.4 	5.6 	5.7 	5.5 	4.5 	3.9 b	3.5 	2.8 	3.0 b	2.9 	3.2 u	3.3 u	: bu	: u	: u	: bu	: u
A,F,NEMP,Y18-24,PC,IS	: 	: 	: 	: 	: 	: 	: 	: 	: 	: 	: 	: 	: 	4.2 	: u	4.4 	3.5 	4.5 b	6.1 	5.1 	4.2 	: u	3.3 b	: u	: u	: u	3.8 	: u	4.4 b	: bu	: u	: u	: u	: 
A,F,NEMP,Y18-24,PC,IT	: 	: 	: 	: 	: 	: 	: 	: 	: 	: 	: 	: 	: 	11.4 	10.8 b	10.3 	10.7 	11.1 	10.5 	10.6 	10.3 	10.2 	9.4 b	9.1 	8.7 	8.7 	9.1 b	8.3 	8.9 	8.3 b	6.8 	5.5 	4.9 	4.4 
A,F,NEMP,Y18-24,PC,LT	: 	: 	: 	: 	: 	: 	: 	: 	: 	: 	: 	: 	: 	3.6 u	: bu	: u	: u	4.5 u	5.0 	3.6 u	: u	3.9 	4.0 b	3.1 u	2.4 u	2.8 u	2.0 u	2.2 u	2.6 u	3.5 bu	3.3 u	4.3 u	4.3 u	3.9 u
A,F,NEMP,Y18-24,PC,LU	: 	: 	: 	: 	: 	: 	: 	: 	: 	: 	: 	: 	: 	4.1 u	5.1 bu	3.3 bu	5.7 	3.7 bu	2.9 u	2.7 u	2.9 u	: u	: bu	3.4 bu	: u	: u	3.5 u	3.7 u	2.8 u	2.8 bu	3.6 u	: u	: u	: u
A,F,NEMP,Y18-24,PC,LV	: 	: 	: 	: 	: 	: 	: 	: 	: 	: 	: 	: 	: 	6.6 	7.1 b	6.9 	6.8 	7.7 	6.3 	5.0 	4.5 	3.8 	3.5 b	3.5 	3.8 	3.2 u	2.8 u	3.6 u	: u	: bu	: u	3.8 u	4.3 u	3.8 u
A,F,NEMP,Y18-24,PC,ME	: 	: 	: 	: 	: 	: 	: 	: 	: 	: 	: 	: 	: 	: 	: 	: 	: 	: 	: 	5.8 u	5.6 u	4.7 u	: bu	5.4 u	5.6 u	: u	: u	4.4 u	: u	: 	: 	: 	: 	: 
A,F,NEMP,Y18-24,PC,MK	: 	: 	: 	: 	: 	: 	: 	: 	: 	: 	: 	: 	: 	: 	23.0 	19.4 b	19.4 	16.9 	15.4 	13.8 	11.5 	11.6 	11.8 b	11.5 	9.7 	7.8 	7.8 	7.4 	5.2 	6.2 b	6.0 	7.3 	5.3 	6.0 
A,F,NEMP,Y18-24,PC,MT	: 	: 	: 	: 	: 	: 	: 	: 	: 	: 	: 	: 	: 	10.0 b	7.9 b	7.3 	6.3 	8.9 	6.1 	5.7 b	6.7 	6.2 	6.8 b	7.2 	5.4 	5.5 	3.7 u	6.5 	3.6 u	4.6 bu	: u	: u	2.8 u	: u
A,F,NEMP,Y18-24,PC,NL	: 	: 	: 	: 	: 	: 	: 	: 	: 	: 	: 	: 	: 	4.7 b	4.0 b	3.6 	3.3 	3.8 	3.2 	2.9 	3.2 	3.5 b	3.6 b	2.7 	2.7 	2.1 	2.5 	2.5 b	2.5 	1.4 b	1.6 	2.1 	1.9 	2.1 
A,F,NEMP,Y18-24,PC,NO	: 	: 	: 	: 	: 	: 	: 	: 	: 	: 	: 	: 	: 	: 	3.6 	3.6 	3.3 	3.6 	3.5 	4.5 	3.5 	4.6 	4.2 b	3.1 	3.2 	2.9 u	3.0 u	3.7 u	3.0 u	2.7 bu	: u	: u	: u	: u
A,F,NEMP,Y18-24,PC,PL	: 	: 	: 	: 	: 	: 	: 	: 	: 	: 	: 	: 	: 	3.0 	3.2 	2.8 	3.0 b	3.2 	2.8 b	3.0 	2.8 	2.7 	2.7 b	2.6 	3.1 	3.1 	2.9 	2.8 b	2.9 	3.5 b	3.0 	1.6 u	2.0 	2.1 
A,F,NEMP,Y18-24,PC,PT	: 	: 	: 	: 	: 	: 	: 	: 	: 	: 	: 	: 	: 	9.2 	8.6 b	9.9 	9.0 	9.0 	9.4 	7.9 b	6.9 	7.4 	7.4 b	5.8 	5.6 	4.7 	3.5 	3.2 	2.5 	2.1 bu	2.0 u	2.8 	2.8 	2.6 
A,F,NEMP,Y18-24,PC,RO	: 	: 	: 	: 	: 	: 	: 	: 	: 	: 	: 	: 	: 	11.3 	10.3 b	10.0 	9.4 	10.1 	11.4 b	10.4 	9.8 	9.5 	10.2 b	11.9 	12.8 	11.7 	10.4 	10.5 	11.0 	12.2 b	12.1 	14.4 	14.5 	14.7 
A,F,NEMP,Y18-24,PC,RS	: 	: 	: 	: 	: 	: 	: 	: 	: 	: 	: 	: 	: 	: 	: 	: 	: 	: 	5.6 	6.2 	6.4 	8.1 	6.9 b	5.6 	5.1 	5.0 	5.4 	5.3 	4.7 	4.6 b	4.1 	5.0 	4.8 	4.3 
A,F,NEMP,Y18-24,PC,SE	: 	: 	: 	: 	: 	: 	: 	: 	: 	: 	: 	: 	: 	4.4 b	3.6 b	3.1 b	3.7 b	3.8 	3.2 	3.0 	3.5 	3.5 	3.2 b	3.3 	3.2 	3.7 	3.1 b	3.3 	3.8 	2.9 b	2.6 	2.3 	2.9 	3.1 
A,F,NEMP,Y18-24,PC,SI	: 	: 	: 	: 	: 	: 	: 	: 	: 	: 	: 	: 	: 	2.5 u	2.8 bu	1.6 u	1.3 u	1.9 u	2.2 u	2.0 u	3.0 u	2.3 u	2.0 bu	2.5 u	2.6 u	1.8 u	2.5 u	2.9 u	2.5 u	: bu	3.1 u	3.5 bu	2.4 u	2.1 u
A,F,NEMP,Y18-24,PC,SK	: 	: 	: 	: 	: 	: 	: 	: 	: 	: 	: 	: 	: 	5.2 	5.4 b	5.1 	4.4 	3.8 	4.3 	4.1 b	3.9 	5.0 	5.6 b	5.7 	6.1 	8.0 	7.0 	6.8 	6.6 	6.9 b	6.8 b	5.6 	6.6 	6.0 
A,F,NEMP,Y18-24,PC,TR	: 	: 	: 	: 	: 	: 	: 	: 	: 	: 	: 	: 	: 	: 	44.2 	43.3 	41.5 	39.9 	37.0 	34.4 	32.8 	30.1 	30.6 b	28.0 	27.0 	25.2 	23.9 	21.8 	20.4 	17.5 b	15.7 	14.5 	13.4 	13.0 
A,F,NEMP,Y18-24,PC,UK	: 	: 	: 	: 	: 	: 	: 	: 	: 	: 	: 	: 	: 	5.7 	5.7 	9.1 b	9.4 b	8.8 	9.0 b	8.9 b	8.3 	7.2 	6.6 b	5.9 	5.2 	4.5 	4.3 	4.9 	: 	: 	: 	: 	: 	: 
A,F,NWANT,Y18-24,PC,AT	: 	: 	: 	: 	: 	: 	: 	: 	: 	: 	: 	: 	: 	1.6 u	1.9 b	1.8 b	1.8 	1.6 u	1.6 u	1.6 u	1.6 u	1.5 u	1.2 bu	1.8 	1.2 u	1.3 u	1.3 u	1.3 u	1.0 u	1.2 bu	1.7 u	1.4 u	1.6 u	1.5 u
A,F,NWANT,Y18-24,PC,BA	: 	: 	: 	: 	: 	: 	: 	: 	: 	: 	: 	: 	: 	: 	: 	: 	: 	: 	: 	: 	: 	: 	: 	: 	: 	: 	: 	: 	: 	2.7 b	2.0 u	2.2 u	2.0 u	2.0 u
A,F,NWANT,Y18-24,PC,BE	: 	: 	: 	: 	: 	: 	: 	: 	: 	: 	: 	: 	: 	3.0 	2.9 b	3.2 	3.3 b	3.0 	2.8 	2.5 b	2.7 	2.9 	2.1 b	2.5 	2.2 	2.4 b	2.1 	1.8 	2.2 	1.5 b	1.8 	1.6 	1.8 b	2.1 
A,F,NWANT,Y18-24,PC,BG	: 	: 	: 	: 	: 	: 	: 	: 	: 	: 	: 	: 	: 	8.8 	7.6 b	6.9 	7.7 b	8.8 	6.7 b	6.8 b	6.9 	6.8 	7.5 b	8.0 	8.7 	8.6 	8.3 	8.1 b	7.7 	7.9 b	6.1 	5.7 	6.2 b	7.4 
A,F,NWANT,Y18-24,PC,CH	: 	: 	: 	: 	: 	: 	: 	: 	: 	: 	: 	: 	: 	0.8 u	0.8 u	0.7 u	0.7 u	: u	0.6 bu	0.7 u	0.8 u	0.9 u	0.7 bu	0.6 u	: u	0.5 u	0.3 u	: u	0.3 u	0.6 bu	1.2 u	0.9 u	0.6 u	0.6 u
A,F,NWANT,Y18-24,PC,CY	: 	: 	: 	: 	: 	: 	: 	: 	: 	: 	: 	: 	: 	2.2 u	1.9 bu	: u	3.1 u	2.6 bu	1.8 u	2.1 u	1.5 u	: u	: bu	: u	1.6 u	2.4 u	1.7 u	3.3 u	3.7 u	3.5 bu	3.1 u	3.5 u	2.9 u	3.3 u
A,F,NWANT,Y18-24,PC,CZ	: 	: 	: 	: 	: 	: 	: 	: 	: 	: 	: 	: 	: 	3.3 	2.4 b	2.5 	2.8 	2.3 	2.5 	2.4 b	2.5 	2.5 	3.1 b	3.4 	3.4 	3.5 	3.2 	3.5 	4.2 	3.2 b	2.6 b	2.8 	2.3 	1.8 
A,F,NWANT,Y18-24,PC,DE	: 	: 	: 	: 	: 	: 	: 	: 	: 	: 	: 	: 	: 	3.6 b	3.1 	2.9 	2.5 b	2.9 	3.0 b	2.9 b	2.8 b	2.5 	2.6 b	2.9 	2.8 	2.6 	2.6 	2.6 	2.2 b	2.6 b	2.8 	2.7 	2.6 b	2.6 
A,F,NWANT,Y18-24,PC,DK	: 	: 	: 	: 	: 	: 	: 	: 	: 	: 	: 	: 	: 	1.3 u	: u	: bu	1.1 bu	1.3 u	2.2 	1.9 	2.6 	1.9 	1.8 b	2.1 	1.2 bu	1.8 b	2.0 	1.9 	2.1 	2.0 b	1.8 	2.0 b	2.0 	2.0 b
A,F,NWANT,Y18-24,PC,EA21	: 	: 	: 	: 	: 	: 	: 	: 	: 	: 	: 	: 	: 	3.4 	3.1 	3.1 	3.0 	3.1 	3.0 	2.8 	2.7 	2.6 	2.4 b	2.5 	2.6 	2.5 	2.4 	2.4 	2.4 	2.2 b	2.2 	2.1 	2.1 	2.0 
A,F,NWANT,Y18-24,PC,EE	: 	: 	: 	: 	: 	: 	: 	: 	: 	: 	: 	: 	: 	4.0 u	: u	2.1 u	2.1 u	2.9 bu	3.2 u	1.8 u	2.5 u	2.8 u	2.7 bu	4.3 u	2.6 u	: u	: u	: u	: u	: bu	: u	: u	: u	: u
A,F,NWANT,Y18-24,PC,EL	: 	: 	: 	: 	: 	: 	: 	: 	: 	: 	: 	: 	: 	4.4 	3.4 b	3.6 	3.6 b	3.7 b	4.2 	3.6 	3.1 	2.4 	1.9 b	1.8 	1.8 	1.7 	0.9 u	1.1 	1.4 	1.3 b	1.8 	1.8 	1.2 b	1.2 
A,F,NWANT,Y18-24,PC,ES	: 	: 	: 	: 	: 	: 	: 	: 	: 	: 	: 	: 	: 	3.6 b	3.3 b	4.0 	3.6 	3.4 	3.0 	2.9 	2.9 	2.7 	2.7 b	2.5 	2.8 	2.6 	2.7 	2.5 	2.5 	2.0 bd	2.0 d	2.3 d	2.0 d	1.9 d
A,F,NWANT,Y18-24,PC,EU27_2020	: 	: 	: 	: 	: 	: 	: 	: 	: 	: 	: 	: 	: 	3.3 	3.1 b	3.0 	3.0 	3.1 	3.0 	2.8 	2.8 	2.7 	2.6 b	2.7 	2.8 	2.8 	2.7 	2.7 	2.7 	2.7 b	2.6 	2.5 	2.5 	2.4 
A,F,NWANT,Y18-24,PC,FI	: 	: 	: 	: 	: 	: 	: 	: 	: 	: 	: 	: 	: 	2.3 	2.6 	2.4 	2.6 	2.7 	2.7 	2.4 	2.6 	2.9 	2.3 b	2.5 	2.2 	2.0 	2.3 	2.7 	2.9 	2.9 b	2.8 	3.3 u	3.2 u	3.8 
A,F,NWANT,Y18-24,PC,FR	: 	: 	: 	: 	: 	: 	: 	: 	: 	: 	: 	: 	: 	2.9 	2.6 	2.9 	2.6 	2.5 	2.6 	2.4 	2.5 	2.4 b	2.3 b	2.5 	2.5 	2.4 	2.0 	2.3 	2.1 	1.9 bd	2.0 d	2.1 d	2.3 d	2.0 d
A,F,NWANT,Y18-24,PC,HR	: 	: 	: 	: 	: 	: 	: 	: 	: 	: 	: 	: 	: 	: bu	1.5 bu	0.7 bu	1.2 u	1.8 u	1.1 bu	0.9 u	1.1 u	1.1 u	: bu	: u	0.9 u	: u	1.5 u	1.7 u	1.4 u	0.7 bu	: u	: u	0.9 u	1.3 u
A,F,NWANT,Y18-24,PC,HU	: 	: 	: 	: 	: 	: 	: 	: 	: 	: 	: 	: 	: 	5.6 	5.4 b	5.1 	6.0 	5.7 	5.1 	5.2 	5.4 	5.3 	4.4 b	4.5 	5.4 	6.0 	6.1 b	5.1 	5.6 	5.4 b	6.2 	5.1 	4.6 	4.7 
A,F,NWANT,Y18-24,PC,IE	: 	: 	: 	: 	: 	: 	: 	: 	: 	: 	: 	: 	: 	3.5 	3.0 b	2.2 b	2.3 	2.2 	2.9 	3.0 	2.7 	2.3 	2.2 b	1.7 	1.8 	2.0 b	1.6 	: u	: u	: bu	: u	: u	: bu	: u
A,F,NWANT,Y18-24,PC,IS	: 	: 	: 	: 	: 	: 	: 	: 	: 	: 	: 	: 	: 	: u	: u	: u	: u	: bu	: u	: u	: u	: u	: bu	: u	: u	: u	: u	: u	: bu	: bu	: u	: u	: u	: 
A,F,NWANT,Y18-24,PC,IT	: 	: 	: 	: 	: 	: 	: 	: 	: 	: 	: 	: 	: 	3.8 	4.0 b	3.3 	3.7 	4.0 	3.5 	3.5 	3.4 	3.1 	2.6 b	2.6 	2.8 	3.0 	3.0 b	2.9 	3.3 	3.3 b	2.7 	2.0 	2.0 	1.7 
A,F,NWANT,Y18-24,PC,LT	: 	: 	: 	: 	: 	: 	: 	: 	: 	: 	: 	: 	: 	: u	: bu	: u	: u	: u	: u	: u	: u	1.8 u	2.4 bu	2.2 u	1.9 u	2.3 u	1.6 u	1.7 u	1.5 u	2.3 bu	2.6 u	3.6 u	3.7 u	2.7 u
A,F,NWANT,Y18-24,PC,LU	: 	: 	: 	: 	: 	: 	: 	: 	: 	: 	: 	: 	: 	: u	: bu	: bu	: u	: bu	: u	: u	: u	: u	: bu	: bu	: u	: u	: u	: u	: u	: bu	: u	: u	: u	: u
A,F,NWANT,Y18-24,PC,LV	: 	: 	: 	: 	: 	: 	: 	: 	: 	: 	: 	: 	: 	2.2 u	2.5 bu	3.3 	3.6 	1.9 u	: u	1.9 u	: u	: u	: bu	1.8 u	2.7 u	: u	: u	: u	: u	: bu	: u	: u	3.3 u	: u
A,F,NWANT,Y18-24,PC,ME	: 	: 	: 	: 	: 	: 	: 	: 	: 	: 	: 	: 	: 	: 	: 	: 	: 	: 	: 	: u	: u	: u	: bu	: u	: u	: u	: u	: u	: u	: 	: 	: 	: 	: 
A,F,NWANT,Y18-24,PC,MK	: 	: 	: 	: 	: 	: 	: 	: 	: 	: 	: 	: 	: 	: 	12.6 	11.3 b	11.7 	10.4 	11.6 	9.1 	7.8 	8.2 	6.6 b	8.5 	7.1 	6.2 	5.6 	5.3 	3.8 	3.9 b	3.2 	4.8 	3.2 	4.1 
A,F,NWANT,Y18-24,PC,MT	: 	: 	: 	: 	: 	: 	: 	: 	: 	: 	: 	: 	: 	6.5 b	3.6 bu	3.8 u	3.9 	5.0 	3.1 u	3.0 bu	3.1 u	3.0 u	2.8 bu	3.5 u	1.8 u	2.1 u	2.1 u	3.3 u	: u	4.0 bu	: u	: u	: u	: u
A,F,NWANT,Y18-24,PC,NL	: 	: 	: 	: 	: 	: 	: 	: 	: 	: 	: 	: 	: 	2.0 b	1.9 b	1.6 	1.8 	1.9 	1.6 	1.3 	1.6 	1.5 b	1.5 b	1.3 	1.3 	1.1 	1.6 	1.5 b	1.6 	0.3 bu	0.4 	0.6 	0.5 	0.5 
A,F,NWANT,Y18-24,PC,NO	: 	: 	: 	: 	: 	: 	: 	: 	: 	: 	: 	: 	: 	: 	1.3 	1.8 	1.5 	1.5 	1.5 	2.0 	1.2 	1.9 	2.3 b	1.7 	1.8 	: u	: u	: u	: u	: bu	: u	: u	: u	: u
A,F,NWANT,Y18-24,PC,PL	: 	: 	: 	: 	: 	: 	: 	: 	: 	: 	: 	: 	: 	1.1 	1.3 	1.3 	1.5 b	1.6 	1.4 b	1.5 	1.4 	1.4 	1.4 b	1.5 	2.0 	1.9 	2.1 	1.9 b	2.1 	2.9 b	2.5 	1.3 u	1.4 u	1.4 u
A,F,NWANT,Y18-24,PC,PT	: 	: 	: 	: 	: 	: 	: 	: 	: 	: 	: 	: 	: 	3.6 	3.2 b	3.6 	3.5 	3.6 	4.1 	2.2 b	1.5 	1.6 	1.3 b	: u	1.4 	: u	: u	: u	: u	: bu	: u	: u	0.9 u	: u
A,F,NWANT,Y18-24,PC,RO	: 	: 	: 	: 	: 	: 	: 	: 	: 	: 	: 	: 	: 	6.3 	5.8 b	5.2 	5.3 	5.2 	6.2 b	5.9 	6.3 	6.3 	6.8 b	8.4 	9.1 	8.4 	8.1 	8.9 	9.1 	10.5 b	9.9 	11.8 	11.9 	11.9 
A,F,NWANT,Y18-24,PC,RS	: 	: 	: 	: 	: 	: 	: 	: 	: 	: 	: 	: 	: 	: 	: 	: 	: 	: 	1.9 u	2.6 u	2.6 u	2.6 u	2.4 b	2.3 	2.4 	2.4 	2.6 	2.7 	3.0 	3.3 b	2.9 	3.5 	2.9 	3.2 
A,F,NWANT,Y18-24,PC,SE	: 	: 	: 	: 	: 	: 	: 	: 	: 	: 	: 	: 	: 	1.5 b	1.3 b	1.3 b	1.7 b	1.7 	1.4 	1.5 	1.8 	1.8 	1.5 b	1.5 	1.7 	2.0 	2.0 b	1.9 	1.6 u	1.3 bu	0.9 u	0.9 u	: u	0.9 u
A,F,NWANT,Y18-24,PC,SI	: 	: 	: 	: 	: 	: 	: 	: 	: 	: 	: 	: 	: 	0.9 u	1.3 bu	0.9 u	0.8 u	0.9 u	1.2 u	: u	1.4 u	0.8 u	: bu	1.3 u	1.0 u	1.4 u	1.2 u	1.7 u	1.2 u	: bu	2.5 u	2.4 bu	2.0 u	1.8 u
A,F,NWANT,Y18-24,PC,SK	: 	: 	: 	: 	: 	: 	: 	: 	: 	: 	: 	: 	: 	2.5 	2.9 b	2.8 	2.5 	2.2 	2.5 	2.0 b	2.5 	3.3 	3.2 b	3.2 	4.2 	5.7 	4.8 	4.6 	5.1 	4.8 bu	3.9 bu	3.4 u	4.1 u	4.2 
A,F,NWANT,Y18-24,PC,TR	: 	: 	: 	: 	: 	: 	: 	: 	: 	: 	: 	: 	: 	: 	40.0 	39.4 	37.6 	35.1 	32.8 	31.0 	29.5 	26.5 	26.5 b	24.0 	23.1 	21.9 	20.8 	18.3 	16.6 	14.1 b	12.8 	11.6 	10.1 	8.6 
A,F,NWANT,Y18-24,PC,UK	: 	: 	: 	: 	: 	: 	: 	: 	: 	: 	: 	: 	: 	3.1 	3.1 	5.1 b	4.8 b	4.7 	4.6 b	4.3 b	4.2 	3.2 	3.1 b	2.8 	2.7 	2.6 	2.5 	2.8 	: 	: 	: 	: 	: 	: 
A,F,POP,Y18-24,PC,AT	: 	: 	: 	17.3 	14.9 	12.5 	: 	11.9 	10.7 	10.7 	10.2 	9.8 	9.1 b	8.9 	9.8 b	10.2 	9.9 	8.9 	8.3 	8.0 	7.6 	7.1 	6.5 b	6.8 	6.0 	5.8 	5.7 	6.1 	6.3 	6.3 b	7.4 	7.9 	7.0 	8.1 
A,F,POP,Y18-24,PC,BA	: 	: 	: 	: 	: 	: 	: 	: 	: 	: 	: 	: 	: 	: 	: 	: 	: 	: 	: 	: 	: 	: 	: 	: 	: 	: 	: 	: 	: 	4.4 b	3.3 	3.1 	2.5 u	3.0 
A,F,POP,Y18-24,PC,BE	16.5 	16.3 	14.2 	13.5 	11.0 	11.2 	12.3 	12.7 b	11.0 	11.3 	11.0 	11.6 	10.8 b	10.5 	10.0 b	10.3 	10.6 b	9.3 	10.0 	9.7 b	9.5 	8.7 	7.7 b	8.6 	7.4 	7.3 b	6.5 	6.2 	5.9 	4.5 b	4.8 	4.4 	4.8 b	4.9 
A,F,POP,Y18-24,PC,BG	: 	: 	: 	: 	: 	: 	: 	: 	: 	20.0 b	19.4 	21.3 b	20.6 	20.3 	17.0 b	14.7 	15.5 	15.8 	12.9 b	12.6 b	13.0 	12.7 	12.9 b	13.4 	13.9 	13.5 	12.8 	13.1 b	12.0 	12.8 b	11.4 	9.2 	8.2 b	9.4 
A,F,POP,Y18-24,PC,CH	: 	: 	: 	: 	8.0 	7.5 	4.5 	6.2 	7.1 	6.5 	7.1 	9.1 b	9.1 	9.3 	8.4 	6.7 	7.5 	9.4 	6.9 b	5.6 	5.5 	5.5 	5.6 b	5.0 	5.0 	3.9 	3.3 	3.8 	3.3 	5.1 b	5.9 	5.1 	5.1 	4.9 
A,F,POP,Y18-24,PC,CY	: 	: 	: 	: 	: 	: 	: 	12.3 	13.9 	13.1 	11.0 	11.8 b	14.9 	10.4 	8.2 b	6.8 	9.5 	8.7 b	9.8 	8.1 	7.0 	4.2 	2.9 bu	3.1 u	4.3 u	7.7 	6.0 	7.4 	8.7 	7.9 b	7.4 	9.6 	8.2 	7.7 
A,F,POP,Y18-24,PC,CZ	: 	: 	: 	: 	: 	: 	: 	: 	: 	: 	5.9 	7.0 b	6.6 	6.3 	4.9 b	4.7 	5.4 	5.2 	4.8 	4.4 b	4.9 	5.5 	5.2 b	6.0 	6.6 	6.7 	6.1 	6.8 	7.6 	5.8 b	5.2 b	6.4 	5.4 	6.0 
A,F,POP,Y18-24,PC,DE	: 	: 	: 	: 	14.2 	13.5 	: 	15.6 	14.9 u	12.6 	12.5 	12.8 b	11.9 	13.7 b	13.4 	11.9 	11.2 b	10.7 	11.0 b	10.7 	9.9 b	9.3 	8.9 b	9.8 	9.5 	9.0 	9.1 	8.7 	8.3 b	10.2 b	11.0 	10.5 	10.7 b	11.3 
A,F,POP,Y18-24,PC,DK	12.2 	7.9 	7.9 	6.9 	12.1 b	10.3 	10.0 	9.1 	10.4 	7.7 	8.2 	10.0 b	7.1 	6.9 	7.7 	9.5 b	10.3 b	8.4 	8.4 	8.0 	7.9 	6.5 	6.4 b	6.2 	6.3 b	6.3 b	8.0 	7.6 	6.7 	8.1 b	7.8 	9.0 	9.6 	8.7 b
A,F,POP,Y18-24,PC,EA21	: 	: 	: 	: 	: 	: 	: 	: 	: 	: 	16.0 	15.6 	14.9 	14.9 	14.4 	13.8 	13.5 	13.2 	12.7 	12.2 	11.5 	10.8 	9.9 b	9.9 	9.3 	8.9 	8.9 	8.5 	8.0 	7.8 b	8.0 	7.7 	7.6 	7.4 
A,F,POP,Y18-24,PC,EE	: 	: 	: 	: 	: 	: 	10.1 	9.2 	11.1 b	11.6 	10.3 	8.8 b	7.9 	11.2 	6.9 	7.2 	8.3 	9.1 b	7.6 	8.4 	7.3 	5.8 	7.9 b	10.9 	7.5 	7.7 	7.8 	8.0 	6.3 	7.6 b	7.5 	8.0 	8.6 	9.2 
A,F,POP,Y18-24,PC,EL	22.0 	21.8 	20.2 	18.8 	17.8 	16.7 	16.1 	15.4 	13.6 	13.1 b	12.3 	11.7 b	11.3 b	9.5 	10.6 b	10.3 	10.6 b	10.5 b	10.6 	10.0 	8.9 	7.5 	6.6 b	6.4 	5.3 	4.9 	3.6 	3.2 	3.1 	2.9 b	4.5 	3.6 	2.4 b	2.4 
A,F,POP,Y18-24,PC,ES	36.1 	32.9 	31.4 	29.2 	26.1 	24.8 	24.1 	23.6 	23.2 	23.1 	24.3 	24.8 b	25.0 	24.7 b	23.6 b	24.7 	25.1 	24.1 	22.6 	21.5 	20.5 	19.8 	18.1 b	15.8 	15.1 	14.5 	14.0 	13.0 	11.6 	9.7 bd	11.1 d	11.3 d	10.0 d	9.5 d
A,F,POP,Y18-24,PC,EU27_2020	: 	: 	: 	: 	: 	: 	: 	: 	: 	: 	14.6 	14.2 b	13.5 	13.4 	12.9 b	12.4 	12.2 	12.0 	11.6 	11.1 	10.6 	10.0 	9.4 b	9.4 	9.1 	8.9 	8.7 	8.4 	8.1 	7.9 b	8.0 	7.7 	7.7 	7.5 
A,F,POP,Y18-24,PC,FI	: 	: 	: 	: 	10.8 	7.0 	7.2 	7.9 	6.5 b	7.1 	7.6 	8.2 b	7.5 	8.2 	7.8 	7.2 	7.7 	9.0 	9.0 	8.4 	8.1 	8.3 	7.2 b	7.9 	6.9 	6.9 	7.4 	6.0 	7.0 	7.1 b	6.4 	7.3 	7.4 	8.7 
A,F,POP,Y18-24,PC,FR	: 	15.7 	14.8 	14.2 	13.6 	13.0 	13.6 	13.4 	11.9 	12.0 	11.9 	11.2 b	10.5 	10.6 	10.8 	10.5 	9.9 	10.3 	10.2 	10.4 	10.0 	8.6 b	7.8 b	8.4 	7.5 	7.1 	6.8 	6.9 	6.3 	6.1 bd	6.0 d	5.6 d	6.1 d	5.4 d
A,F,POP,Y18-24,PC,HR	: 	: 	: 	: 	: 	: 	: 	: 	: 	: 	6.9 u	6.4 u	4.6 u	4.2 bu	4.1 bu	2.7 bu	3.4 u	4.2 u	3.0 bu	3.6 u	4.2 u	3.2 u	2.5 bu	1.9 u	2.1 u	2.1 u	3.0 u	3.0 u	2.1 u	1.8 bu	1.4 u	1.2 u	1.4 u	1.5 u
A,F,POP,Y18-24,PC,HU	: 	: 	: 	: 	: 	17.6 	15.4 	12.7 	13.4 	12.6 b	11.9 	11.3 b	11.5 	11.3 	11.3 b	10.2 	11.0 	10.8 	10.1 	10.6 	11.2 	11.4 	10.3 b	11.2 	11.8 	13.0 	12.3 b	11.0 	11.2 	11.7 b	11.6 	10.4 	9.9 	9.0 
A,F,POP,Y18-24,PC,IE	22.7 	19.9 	18.8 	17.1 	14.2 	15.1 	: 	: 	: 	: 	11.2 	9.8 	10.0 b	9.5 	8.9 b	7.9 b	7.5 	7.9 	9.3 	8.3 	7.8 	6.6 	5.1 b	4.9 	4.3 	3.9 b	3.9 	4.3 	4.7 	: bu	2.7 u	2.9 u	: bu	2.9 u
A,F,POP,Y18-24,PC,IS	: 	: 	: 	: 	: 	: 	: 	32.7 	29.6 	26.5 	24.8 	17.4 b	21.4 	19.8 	: u	18.7 	22.4 	17.4 b	19.0 	17.1 	16.5 	16.4 	13.6 b	12.4 	15.6 	12.7 	14.5 	10.8 	11.6 b	8.9 b	10.8 	9.0 	10.1 	: 
A,F,POP,Y18-24,PC,IT	35.2 	34.5 b	32.8 	30.2 	29.0 	27.3 	24.5 	24.2 	21.7 	22.2 	20.5 	19.6 	19.2 b	18.4 	17.0 b	16.4 	16.7 	16.2 	15.3 	14.9 	14.3 	13.6 	12.2 b	11.8 	11.3 	11.2 	12.1 b	11.3 	11.3 	10.5 b	9.1 	7.6 	7.1 	6.2 
A,F,POP,Y18-24,PC,LT	: 	: 	: 	: 	: 	: 	: 	: 	12.8 b	11.0 	11.4 bu	9.1 u	8.6 bu	5.7 u	6.0 bu	5.5 u	4.7 u	5.8 	6.0 	4.6 u	4.6 u	4.7 	4.6 b	4.0 	3.6 	3.8 	3.0 u	2.8 u	3.4 u	4.2 b	4.0 u	6.1 	6.8 	5.2 
A,F,POP,Y18-24,PC,LU	41.1 	41.7 	35.5 	33.9 	37.9 	30.5 	: 	19.4 b	17.6 	17.2 	19.6 	10.2 b	12.7 	9.6 	10.4 b	8.4 b	10.9 	6.6 b	6.0 	4.8 u	5.5 	3.7 u	3.7 bu	8.1 b	4.2 u	4.6 u	5.9 	5.5 	5.7 	8.1 b	7.3 	: u	: u	: u
A,F,POP,Y18-24,PC,LV	: 	: 	: 	: 	: 	: 	: 	: 	: 	: 	11.2 b	15.9 b	10.8 	11.8 	11.5 b	10.5 	10.8 	11.0 	9.0 	7.5 	6.3 	5.8 	5.1 b	6.2 	6.2 	5.0 	5.0 	6.8 	4.7 	5.6 b	4.0 u	5.5 	6.1 	5.9 
A,F,POP,Y18-24,PC,ME	: 	: 	: 	: 	: 	: 	: 	: 	: 	: 	: 	: 	: 	: 	: 	: 	: 	: 	: 	6.6 	6.9 	5.1 u	4.2 bu	6.6 	6.8 	5.2 u	4.9 u	4.9 u	: u	: 	: 	: 	: 	: 
A,F,POP,Y18-24,PC,MK	: 	: 	: 	: 	: 	: 	: 	: 	: 	: 	: 	: 	: 	: 	25.9 	22.0 b	21.7 	18.5 	17.5 	15.2 	12.3 	13.9 	14.0 b	12.9 	10.9 	8.7 	8.5 	8.4 	5.8 	6.9 b	6.9 	8.2 	7.0 	8.5 
A,F,POP,Y18-24,PC,MT	: 	: 	: 	: 	: 	: 	: 	: 	56.1 d	53.5 d	49.7 d	48.0 d	39.8 d	28.3 b	28.1 b	25.3 	23.2 	21.1 	14.1 	13.1 b	13.4 	14.6 	15.1 b	13.0 	11.9 	11.4 	13.8 	14.2 	10.6 	9.6 b	8.4 	7.6 u	7.2 	5.7 u
A,F,POP,Y18-24,PC,NL	: 	: 	: 	: 	17.1 	15.2 	14.0 	14.9 	14.1 	13.8 	13.8 	12.9 b	11.7 	11.6 b	10.2 b	9.2 	8.9 	9.0 	7.7 	7.2 	7.2 	7.4 b	6.8 b	6.4 	5.8 	4.6 	5.3 	5.5 b	5.3 	3.8 b	4.3 	5.2 	5.2 	5.3 
A,F,POP,Y18-24,PC,NO	: 	: 	: 	: 	: 	: 	: 	: 	: 	: 	: 	: 	: 	: 	13.1 	14.1 	12.9 	13.4 	13.2 	13.1 	11.9 	11.6 	10.4 b	8.0 	8.9 	7.9 	7.3 	8.1 	8.0 	7.5 b	3.1 u	3.2 u	3.6 u	3.0 u
A,F,POP,Y18-24,PC,PL	: 	: 	: 	: 	: 	: 	: 	: 	: 	5.9 	5.6 	4.4 b	3.9 b	3.7 	3.9 	3.8 	3.9 b	3.9 	3.5 b	3.7 	3.5 	3.2 	3.3 b	3.2 	3.9 	3.9 	3.7 	3.6 b	3.7 	4.3 b	3.7 	2.4 	3.4 	3.0 
A,F,POP,Y18-24,PC,PT	44.2 	40.7 	39.2 	35.5 	34.4 	34.4 	41.2 b	38.9 	36.5 	37.0 	37.3 	33.6 	30.9 b	30.2 	30.7 b	30.0 	28.2 	25.8 	24.0 	17.6 b	14.1 	14.3 	14.1 b	11.0 	10.6 	9.8 	8.7 	7.4 	5.2 	4.0 b	4.1 	6.1 	5.3 	4.5 
A,F,POP,Y18-24,PC,RO	: 	: 	: 	: 	: 	20.0 	18.4 	20.0 	22.0 	21.4 	22.1 	21.5 b	21.1 	19.1 	18.0 b	17.4 	16.0 	17.2 	19.0 b	17.2 	16.9 	15.9 	16.7 b	18.5 	18.7 	18.1 	16.1 	15.8 	16.6 	15.5 b	15.0 	16.7 	18.3 	17.2 
A,F,POP,Y18-24,PC,RS	: 	: 	: 	: 	: 	: 	: 	: 	: 	: 	: 	: 	: 	: 	: 	: 	: 	: 	7.3 	7.2 	7.4 	9.7 	8.4 b	7.2 	6.7 	6.1 	6.8 	6.7 	5.8 	6.6 b	5.0 	5.9 	5.7 	5.0 
A,F,POP,Y18-24,PC,SE	: 	: 	: 	: 	6.0 	6.2 	: 	6.1 	5.8 	9.3 b	8.9 	8.1 b	7.8 	9.7 b	7.1 b	6.5 b	6.8 b	6.0 	5.5 	5.4 	6.3 	6.2 	6.0 b	6.4 	6.4 	7.2 	6.0 b	5.5 	6.3 	6.4 b	6.8 	6.2 	5.9 	6.2 
A,F,POP,Y18-24,PC,SI	: 	: 	: 	: 	: 	: 	: 	: 	: 	4.8 	3.2 u	2.4 bu	2.5 u	3.2 u	4.0 bu	2.2 u	2.6 u	3.2 u	3.3 u	2.5 u	3.2 u	2.6 u	2.7 bu	3.4 u	3.1 u	2.5 u	3.0 u	3.8 u	3.4 u	1.9 bu	3.9 u	4.9 bu	3.5 u	2.7 u
A,F,POP,Y18-24,PC,SK	: 	: 	: 	: 	: 	: 	: 	: 	: 	: 	5.8 	4.8 b	6.3 	5.9 	5.8 b	5.8 	4.9 	4.1 	4.9 	4.6 b	4.6 	6.1 	6.6 b	6.8 	7.2 	10.3 	8.8 	7.9 	7.4 	7.5 b	7.3 b	6.0 	7.1 	6.4 
A,F,POP,Y18-24,PC,TR	: 	: 	: 	: 	: 	: 	: 	: 	: 	: 	: 	: 	: 	: 	55.6 	54.1 	52.5 	50.2 	47.9 	45.7 	43.0 	39.9 	41.0 b	37.6 	35.8 	34.0 	31.6 	28.6 	25.8 	22.2 b	20.2 	19.0 	17.8 	16.9 
A,F,POP,Y18-24,PC,UK	36.7 	38.5 	33.6 	: 	: 	: 	: 	19.4 b	17.5 	17.0 	17.1 	11.6 b	11.2 	10.5 	10.2 	15.6 b	15.6 b	14.5 	13.9 b	13.8 b	12.2 	11.1 	10.8 b	9.9 	9.6 	9.0 	9.1 	9.4 	: 	: 	: 	: 	: 	: 
A,F,WANT,Y18-24,PC,AT	: 	: 	: 	: 	: 	: 	: 	: 	: 	: 	: 	: 	: 	3.1 	2.6 b	2.6 b	2.8 	3.0 	2.6 	2.5 	2.6 	2.6 	2.2 b	2.2 	2.3 	1.9 	1.4 u	2.1 	2.4 	2.3 b	2.1 	2.6 	2.1 	3.5 
A,F,WANT,Y18-24,PC,BA	: 	: 	: 	: 	: 	: 	: 	: 	: 	: 	: 	: 	: 	: 	: 	: 	: 	: 	: 	: 	: 	: 	: 	: 	: 	: 	: 	: 	: 	1.3 bu	1.4 u	0.7 u	: u	: u
A,F,WANT,Y18-24,PC,BE	: 	: 	: 	: 	: 	: 	: 	: 	: 	: 	: 	: 	: 	3.5 	3.4 b	3.3 	3.1 b	3.1 	3.2 	3.9 b	3.4 	3.3 	2.9 b	3.5 	2.5 	2.4 b	1.9 	2.0 	1.8 	1.3 b	1.5 	1.4 	1.3 b	1.4 
A,F,WANT,Y18-24,PC,BG	: 	: 	: 	: 	: 	: 	: 	: 	: 	: 	: 	: 	: 	7.9 	6.5 b	4.5 	4.1 b	4.2 	4.3 b	4.1 b	4.0 	4.0 	4.0 b	3.7 	3.2 	2.4 u	2.2 u	2.1 bu	: u	2.7 bu	2.9 u	1.8 u	: bu	: u
A,F,WANT,Y18-24,PC,CH	: 	: 	: 	: 	: 	: 	: 	: 	: 	: 	: 	: 	: 	3.6 	2.0 u	2.1 u	1.7 u	3.1 	2.2 b	1.4 u	1.6 	1.8 	1.9 b	1.8 	1.9 	1.5 u	1.1 u	1.2 u	1.1 u	2.3 b	2.6 	2.0 	2.2 	1.9 
A,F,WANT,Y18-24,PC,CY	: 	: 	: 	: 	: 	: 	: 	: 	: 	: 	: 	: 	: 	1.9 u	: bu	: u	: u	: bu	: u	: u	1.8 u	: u	: bu	: u	: u	1.6 u	: u	: u	: u	: bu	: u	2.5 u	2.5 u	: u
A,F,WANT,Y18-24,PC,CZ	: 	: 	: 	: 	: 	: 	: 	: 	: 	: 	: 	: 	: 	1.6 	1.4 b	0.9 	1.1 	1.5 	1.3 	1.0 b	1.4 	1.6 	1.0 b	1.3 	1.2 	1.2 	0.8 u	0.8 u	1.1 	0.8 bu	0.9 bu	1.3 	1.3 	1.7 
A,F,WANT,Y18-24,PC,DE	: 	: 	: 	: 	: 	: 	: 	: 	: 	: 	: 	: 	: 	5.4 b	5.2 	4.7 	4.5 b	4.0 	3.6 b	3.5 b	3.5 b	3.3 	3.1 b	3.2 	3.1 	2.9 	2.7 	2.5 	2.8 b	3.2 b	3.1 	2.9 	2.8 b	3.4 
A,F,WANT,Y18-24,PC,DK	: 	: 	: 	: 	: 	: 	: 	: 	: 	: 	: 	: 	: 	1.3 u	1.3 u	2.2 b	3.0 b	2.5 	2.5 	3.0 	2.6 	2.0 	2.3 b	2.2 	2.7 b	2.3 b	2.3 	2.7 	1.8 	1.7 b	1.6 u	2.2 b	2.8 	2.7 b
A,F,WANT,Y18-24,PC,EA21	: 	: 	: 	: 	: 	: 	: 	: 	: 	: 	: 	: 	: 	5.0 	4.7 	4.5 	4.5 	4.8 	4.8 	4.8 	4.8 	4.8 	4.4 b	4.1 	3.8 	3.4 	3.3 	3.0 	3.2 	2.9 b	2.8 	2.6 	2.4 	2.5 
A,F,WANT,Y18-24,PC,EE	: 	: 	: 	: 	: 	: 	: 	: 	: 	: 	: 	: 	: 	2.8 u	: u	2.0 u	: u	3.5 bu	2.9 u	3.1 u	2.6 u	: u	: bu	2.8 u	: u	: u	: u	2.6 u	2.5 u	: bu	: u	: u	: u	: u
A,F,WANT,Y18-24,PC,EL	: 	: 	: 	: 	: 	: 	: 	: 	: 	: 	: 	: 	: 	1.9 	3.2 b	2.5 	2.7 b	3.0 b	3.0 	3.8 	3.6 	3.3 	3.3 b	3.0 	2.4 	2.3 	2.1 	1.5 	1.2 	1.2 b	2.0 	1.0 u	0.9 bu	1.0 u
A,F,WANT,Y18-24,PC,ES	: 	: 	: 	: 	: 	: 	: 	: 	: 	: 	: 	: 	: 	6.8 b	5.8 b	6.2 	7.4 	9.8 	10.1 	10.0 	10.7 	11.1 	9.8 b	7.9 	7.3 	6.1 	5.5 	5.1 	5.3 	4.2 bd	4.7 d	4.0 d	3.6 d	3.2 d
A,F,WANT,Y18-24,PC,EU27_2020	: 	: 	: 	: 	: 	: 	: 	: 	: 	: 	: 	: 	: 	4.5 	4.2 b	4.0 	3.9 	4.3 	4.3 	4.3 	4.2 	4.2 	3.9 b	3.7 	3.4 	3.1 	2.9 	2.7 	2.8 	2.6 b	2.5 	2.3 	2.2 	2.4 
A,F,WANT,Y18-24,PC,FI	: 	: 	: 	: 	: 	: 	: 	: 	: 	: 	: 	: 	: 	1.9 	1.7 u	1.7 u	1.5 u	2.6 	2.3 	2.1 	2.1 	2.3 	1.9 b	2.3 	2.1 	2.2 	2.1 	1.2 u	1.7 u	1.2 bu	1.2 u	: u	: u	2.0 u
A,F,WANT,Y18-24,PC,FR	: 	: 	: 	: 	: 	: 	: 	: 	: 	: 	: 	: 	: 	4.0 	4.4 	3.9 	3.3 	3.8 	4.2 	4.2 	3.9 	3.6 b	3.2 b	3.3 	3.0 	2.6 	2.5 	2.6 	2.7 	2.4 bd	1.8 d	1.9 d	2.0 d	2.2 d
A,F,WANT,Y18-24,PC,HR	: 	: 	: 	: 	: 	: 	: 	: 	: 	: 	: 	: 	: 	: bu	: bu	0.7 bu	0.9 u	1.2 u	0.7 bu	1.9 u	2.3 u	1.9 u	1.4 bu	1.0 u	0.9 u	1.3 u	0.8 u	: u	: u	: bu	: u	: u	: u	: u
A,F,WANT,Y18-24,PC,HU	: 	: 	: 	: 	: 	: 	: 	: 	: 	: 	: 	: 	: 	3.1 	3.2 b	2.7 	2.5 	3.2 	2.8 	3.3 	3.9 	4.3 	3.6 b	3.5 	3.4 	3.4 	3.4 b	3.6 	3.3 	3.0 b	2.1 	2.1 	2.4 	1.8 
A,F,WANT,Y18-24,PC,IE	: 	: 	: 	: 	: 	: 	: 	: 	: 	: 	: 	: 	: 	2.0 	1.9 b	1.6 b	1.7 	2.2 	2.8 	2.7 	2.8 	2.2 	1.7 b	1.8 	1.0 u	1.1 bu	1.3 u	: u	: u	: bu	: u	: u	: bu	: u
A,F,WANT,Y18-24,PC,IS	: 	: 	: 	: 	: 	: 	: 	: 	: 	: 	: 	: 	: 	: u	: u	: u	: u	: bu	3.6 	: u	: u	: u	: bu	: u	: u	: u	: u	: u	: bu	: bu	: u	: u	: u	: 
A,F,WANT,Y18-24,PC,IT	: 	: 	: 	: 	: 	: 	: 	: 	: 	: 	: 	: 	: 	7.6 	6.8 b	7.0 	6.9 	7.1 	7.0 	7.0 	6.9 	7.1 	6.8 b	6.5 	5.9 	5.7 	6.1 b	5.5 	5.6 	5.0 b	4.2 	3.5 	2.9 	2.7 
A,F,WANT,Y18-24,PC,LT	: 	: 	: 	: 	: 	: 	: 	: 	: 	: 	: 	: 	: 	: u	: bu	: u	: u	: u	: u	: u	: u	2.1 u	1.6 bu	: u	: u	: u	: u	: u	1.1 u	1.3 bu	: u	: u	: u	: u
A,F,WANT,Y18-24,PC,LU	: 	: 	: 	: 	: 	: 	: 	: 	: 	: 	: 	: 	: 	: u	: bu	: bu	4.3 u	3.2 bu	: u	: u	: u	: u	: bu	2.5 bu	: u	: u	2.6 u	2.8 u	2.6 u	2.3 bu	2.6 u	: u	: u	: u
A,F,WANT,Y18-24,PC,LV	: 	: 	: 	: 	: 	: 	: 	: 	: 	: 	: 	: 	: 	4.4 	4.6 b	3.5 	3.2 	5.7 	4.5 	3.1 	3.5 	2.7 u	2.0 bu	1.7 u	: u	: u	: u	: u	: u	: bu	: u	: u	: u	: u
A,F,WANT,Y18-24,PC,ME	: 	: 	: 	: 	: 	: 	: 	: 	: 	: 	: 	: 	: 	: 	: 	: 	: 	: 	: 	: u	: u	: u	: bu	4.0 u	: u	: u	: u	: u	: u	: 	: 	: 	: 	: 
A,F,WANT,Y18-24,PC,MK	: 	: 	: 	: 	: 	: 	: 	: 	: 	: 	: 	: 	: 	: 	10.5 	8.2 b	7.7 	6.5 	3.8 	4.8 	3.7 	3.3 	5.2 b	3.0 	2.6 	1.6 	2.1 	2.1 	1.4 	2.3 b	2.7 	2.5 	2.1 	2.0 
A,F,WANT,Y18-24,PC,MT	: 	: 	: 	: 	: 	: 	: 	: 	: 	: 	: 	: 	: 	3.5 bu	4.2 bu	3.5 u	2.4 u	3.9 	2.9 u	2.7 bu	3.6 u	3.2 u	4.1 bu	3.7 u	3.6 u	3.3 u	: u	3.2 u	: u	: bu	: u	: u	: u	: u
A,F,WANT,Y18-24,PC,NL	: 	: 	: 	: 	: 	: 	: 	: 	: 	: 	: 	: 	: 	2.7 b	2.1 b	2.0 	1.5 	1.8 	1.6 	1.5 	1.7 	2.0 b	2.1 b	1.5 	1.4 	1.0 	1.0 	1.0 b	0.8 	1.1 b	1.1 	1.4 	1.4 	1.6 
A,F,WANT,Y18-24,PC,NO	: 	: 	: 	: 	: 	: 	: 	: 	: 	: 	: 	: 	: 	: 	2.3 	1.9 	1.8 	2.1 	2.0 	2.5 	2.3 	2.8 	1.9 b	1.4 	1.4 	: u	: u	: u	: u	: bu	: u	: u	: u	: u
A,F,WANT,Y18-24,PC,PL	: 	: 	: 	: 	: 	: 	: 	: 	: 	: 	: 	: 	: 	2.0 	1.9 	1.5 	1.5 b	1.6 	1.4 b	1.5 	1.5 	1.3 	1.4 b	1.1 	1.2 	1.2 	0.9 u	0.9 bu	: u	: bu	: u	: u	: u	: u
A,F,WANT,Y18-24,PC,PT	: 	: 	: 	: 	: 	: 	: 	: 	: 	: 	: 	: 	: 	5.5 	5.4 b	6.3 	5.5 	5.4 	5.3 	5.7 b	5.4 	5.8 	6.1 b	4.8 	4.2 	3.6 	2.7 	2.2 	1.7 	1.6 bu	1.5 u	2.0 u	1.9 u	2.0 u
A,F,WANT,Y18-24,PC,RO	: 	: 	: 	: 	: 	: 	: 	: 	: 	: 	: 	: 	: 	5.0 	4.5 b	4.8 	4.1 	4.8 	5.1 b	4.5 	3.4 	3.2 	3.4 b	3.6 	3.7 	3.3 	2.3 	1.6 u	1.8 	1.7 b	2.2 	2.6 	2.6 	2.8 
A,F,WANT,Y18-24,PC,RS	: 	: 	: 	: 	: 	: 	: 	: 	: 	: 	: 	: 	: 	: 	: 	: 	: 	: 	3.7 	3.6 	3.8 	5.6 	4.5 b	3.3 	2.7 	2.6 	2.8 	2.6 	1.8 	1.4 bu	1.2 u	1.6 u	1.8 u	1.1 u
A,F,WANT,Y18-24,PC,SE	: 	: 	: 	: 	: 	: 	: 	: 	: 	: 	: 	: 	: 	2.9 b	2.3 b	1.8 b	1.9 b	2.1 	1.7 	1.5 	1.7 	1.7 	1.7 b	1.8 	1.5 	1.8 	1.1 b	1.4 u	2.2 	1.5 bu	1.7 u	1.4 u	2.1 	2.2 
A,F,WANT,Y18-24,PC,SI	: 	: 	: 	: 	: 	: 	: 	: 	: 	: 	: 	: 	: 	1.6 u	1.4 bu	0.7 u	: u	1.0 u	0.9 u	1.5 u	1.5 u	1.4 u	1.4 bu	1.1 u	1.6 u	: u	1.3 u	1.2 u	1.3 u	: bu	: u	: bu	: u	: u
A,F,WANT,Y18-24,PC,SK	: 	: 	: 	: 	: 	: 	: 	: 	: 	: 	: 	: 	: 	2.7 	2.4 b	2.2 	1.9 	1.5 	1.9 	2.1 b	1.4 	1.7 	2.4 b	2.5 	2.0 	2.3 	2.2 	2.2 	1.5 u	: bu	: bu	: u	: u	: u
A,F,WANT,Y18-24,PC,TR	: 	: 	: 	: 	: 	: 	: 	: 	: 	: 	: 	: 	: 	: 	4.2 	3.9 	4.0 	4.7 	4.2 	3.5 	3.3 	3.7 	4.1 b	4.0 	3.9 	3.4 	3.2 	3.5 	3.8 	3.4 b	2.9 	2.9 	3.3 	4.4 
A,F,WANT,Y18-24,PC,UK	: 	: 	: 	: 	: 	: 	: 	: 	: 	: 	: 	: 	: 	2.6 	2.6 	4.0 b	4.7 b	4.1 	4.4 b	4.6 b	4.1 	4.0 	3.5 b	3.1 	2.5 	1.9 	1.8 	2.1 	: 	: 	: 	: 	: 	: 
A,M,EMP,Y18-24,PC,AT	: 	: 	: 	: 	: 	: 	: 	: 	: 	: 	: 	: 	: 	6.1 	6.2 b	7.2 b	6.8 	4.9 	5.2 	5.1 	4.7 	3.8 	3.5 b	4.3 	3.9 	4.7 	5.2 	5.4 	4.8 	5.6 b	5.8 	5.6 	5.4 	6.4 
A,M,EMP,Y18-24,PC,BA	: 	: 	: 	: 	: 	: 	: 	: 	: 	: 	: 	: 	: 	: 	: 	: 	: 	: 	: 	: 	: 	: 	: 	: 	: 	: 	: 	: 	: 	2.1 bu	1.4 u	1.4 u	1.2 u	: u
A,M,EMP,Y18-24,PC,BE	: 	: 	: 	: 	: 	: 	: 	: 	: 	: 	: 	: 	: 	8.7 	9.0 b	8.0 	7.7 b	7.0 	6.7 	8.0 b	7.2 	5.6 	5.1 b	4.9 	4.6 	5.2 b	5.3 	4.3 	4.6 	4.5 b	4.2 	3.8 	4.0 b	4.0 
A,M,EMP,Y18-24,PC,BG	: 	: 	: 	: 	: 	: 	: 	: 	: 	: 	: 	: 	: 	6.1 	6.3 b	6.0 	5.6 b	5.0 	3.9 b	2.8 b	3.2 	3.1 	3.5 b	3.9 	4.3 	5.0 	5.7 	7.2 b	5.7 	4.1 b	3.6 	4.1 	3.5 bu	2.9 
A,M,EMP,Y18-24,PC,CH	: 	: 	: 	: 	: 	: 	: 	: 	: 	: 	: 	: 	: 	7.4 	7.6 	6.6 	6.1 	6.1 	4.1 b	4.9 	3.5 	4.0 	3.2 b	3.1 	2.5 	2.6 	2.6 	2.6 	2.5 	2.1 b	3.2 	3.0 	3.4 	3.1 
A,M,EMP,Y18-24,PC,CY	: 	: 	: 	: 	: 	: 	: 	: 	: 	: 	: 	: 	: 	22.0 	19.4 b	15.6 	14.9 	12.5 b	12.4 	10.8 	8.8 	6.5 	6.4 b	3.7 u	6.6 	4.0 u	4.8 u	5.9 	8.9 	9.0 b	5.2 u	5.2 u	8.6 	8.0 
A,M,EMP,Y18-24,PC,CZ	: 	: 	: 	: 	: 	: 	: 	: 	: 	: 	: 	: 	: 	2.1 	2.7 b	3.2 	2.9 	2.5 	2.4 	2.3 b	2.3 	2.6 	3.4 b	3.1 	3.4 	4.3 	3.9 	4.4 	4.9 	4.2 b	3.5 b	3.7 	3.2 	3.4 
A,M,EMP,Y18-24,PC,DE	: 	: 	: 	: 	: 	: 	: 	: 	: 	: 	: 	: 	: 	6.0 b	7.0 	6.5 	6.5 b	5.5 	6.8 b	7.1 b	5.9 b	5.6 	5.1 b	5.4 	5.6 	5.9 	6.6 	7.1 	6.7 b	7.8 b	8.7 	9.3 	8.8 b	8.4 
A,M,EMP,Y18-24,PC,DK	: 	: 	: 	: 	: 	: 	: 	: 	: 	: 	: 	: 	: 	7.9 	8.6 	12.5 b	10.4 b	9.2 	8.2 	7.1 	5.8 	5.0 	4.5 b	4.9 	3.8 b	5.8 b	7.0 	6.7 	6.7 	7.2 b	7.6 	7.3 b	6.8 	6.5 b
A,M,EMP,Y18-24,PC,EA21	: 	: 	: 	: 	: 	: 	: 	: 	: 	: 	: 	: 	: 	12.8 	12.8 	12.5 	11.6 	9.5 	9.1 	8.3 	7.2 	6.4 	5.7 b	5.7 	5.7 	5.9 	6.2 	6.3 	5.9 	5.6 b	6.0 	6.3 	6.1 	6.0 
A,M,EMP,Y18-24,PC,EE	: 	: 	: 	: 	: 	: 	: 	: 	: 	: 	: 	: 	: 	11.6 	14.5 	14.4 	14.7 	8.8 b	6.2 	7.4 	8.2 	8.8 	10.6 b	11.7 	11.6 	10.8 	10.1 	9.8 	5.9 	6.1 b	7.0 	5.7 u	7.3 	6.0 u
A,M,EMP,Y18-24,PC,EL	: 	: 	: 	: 	: 	: 	: 	: 	: 	: 	: 	: 	: 	13.3 	15.7 b	14.7 	14.2 b	13.5 b	10.8 	8.9 	6.3 	4.8 	5.2 b	4.4 	3.5 	3.5 	2.6 	2.0 	2.1 	1.5 b	2.3 	2.2 	1.8 b	1.8 
A,M,EMP,Y18-24,PC,ES	: 	: 	: 	: 	: 	: 	: 	: 	: 	: 	: 	: 	: 	28.5 b	28.8 b	28.8 	25.8 	19.6 	16.1 	13.8 	11.6 	10.0 	9.4 b	10.2 	10.1 	10.5 	11.0 	11.7 	8.9 	8.1 bd	8.6 d	8.2 d	8.6 d	9.3 d
A,M,EMP,Y18-24,PC,EU27_2020	: 	: 	: 	: 	: 	: 	: 	: 	: 	: 	: 	: 	: 	11.0 	11.0 b	10.9 	10.3 	8.6 	8.2 	7.6 	6.8 	6.1 	5.7 b	5.7 	5.7 	5.9 	6.2 	6.2 	5.9 	5.6 b	5.9 	6.0 	5.8 	5.6 
A,M,EMP,Y18-24,PC,FI	: 	: 	: 	: 	: 	: 	: 	: 	: 	: 	: 	: 	: 	8.3 	7.5 	7.4 	7.5 	5.3 	5.8 	5.6 	4.9 	4.4 	4.7 b	4.1 	3.6 	4.1 	4.2 	3.8 	4.2 	4.7 b	4.7 	6.1 	4.7 	4.6 
A,M,EMP,Y18-24,PC,FR	: 	: 	: 	: 	: 	: 	: 	: 	: 	: 	: 	: 	: 	7.9 	7.7 	8.4 	7.3 	6.4 	7.2 	6.6 	6.1 	4.9 b	3.9 b	3.5 	3.7 	3.9 	4.1 	3.7 	4.0 	3.3 bd	3.6 d	3.5 d	3.4 d	3.3 d
A,M,EMP,Y18-24,PC,HR	: 	: 	: 	: 	: 	: 	: 	: 	: 	: 	: 	: 	: 	2.9 bu	2.1 bu	2.9 bu	2.3 u	1.7 u	1.6 bu	1.5 u	1.6 u	1.0 u	: bu	0.6 u	1.2 u	1.2 u	1.0 u	: u	: u	0.9 bu	1.3 u	1.2 u	0.8 u	1.0 u
A,M,EMP,Y18-24,PC,HU	: 	: 	: 	: 	: 	: 	: 	: 	: 	: 	: 	: 	: 	6.6 	6.7 b	6.3 	5.9 	4.6 	4.7 	4.8 	4.7 	4.8 	6.1 b	6.1 	7.3 	7.0 	7.8 b	7.7 	7.8 	7.7 b	7.3 	7.8 	5.8 	5.2 
A,M,EMP,Y18-24,PC,IE	: 	: 	: 	: 	: 	: 	: 	: 	: 	: 	: 	: 	: 	10.3 	11.0 b	11.1 b	8.9 	6.4 	4.9 	4.0 	3.3 	4.2 	3.0 b	3.0 	3.4 	2.2 b	2.0 	: u	: u	: bu	2.5 u	2.5 u	: bu	: u
A,M,EMP,Y18-24,PC,IS	: 	: 	: 	: 	: 	: 	: 	: 	: 	: 	: 	: 	: 	25.5 	: u	24.5 	22.4 	16.9 b	20.0 	16.4 	17.8 	18.5 	18.8 b	20.0 	20.3 	19.1 	23.5 	19.4 	13.7 b	14.9 b	18.0 	18.2 	16.8 	: 
A,M,EMP,Y18-24,PC,IT	: 	: 	: 	: 	: 	: 	: 	: 	: 	: 	: 	: 	: 	16.5 	15.1 b	14.2 	13.8 	12.4 	11.2 	10.1 	8.8 	8.0 	6.6 b	6.7 	6.0 	6.2 	6.4 b	6.3 	6.8 	6.2 b	6.5 	7.0 	6.8 	5.6 
A,M,EMP,Y18-24,PC,LT	: 	: 	: 	: 	: 	: 	: 	: 	: 	: 	: 	: 	: 	7.4 u	6.5 bu	6.9 u	5.3 u	4.6 u	3.1 u	3.6 u	3.1 u	2.9 u	3.8 b	3.1 u	2.2 u	3.3 	3.3 u	2.5 u	3.6 u	3.4 bu	2.5 u	1.9 u	: u	: u
A,M,EMP,Y18-24,PC,LU	: 	: 	: 	: 	: 	: 	: 	: 	: 	: 	: 	: 	: 	13.3 	12.8 b	12.1 b	12.1 	5.9 b	3.9 u	5.1 	6.3 	4.4 u	5.8 b	6.5 b	: u	4.9 u	4.4 u	5.7 	5.8 	4.6 b	5.1 	: u	: u	: u
A,M,EMP,Y18-24,PC,LV	: 	: 	: 	: 	: 	: 	: 	: 	: 	: 	: 	: 	: 	13.1 	14.6 b	15.5 	13.8 	7.3 	8.0 	8.3 	8.0 	7.0 	6.4 b	9.4 	6.3 	7.2 	7.7 	6.3 	5.7 	5.7 b	5.6 	5.6 	5.7 	6.9 
A,M,EMP,Y18-24,PC,ME	: 	: 	: 	: 	: 	: 	: 	: 	: 	: 	: 	: 	: 	: 	: 	: 	: 	: 	: 	: u	: u	: u	: bu	: u	: u	: u	: u	: u	: u	: 	: 	: 	: 	: 
A,M,EMP,Y18-24,PC,MK	: 	: 	: 	: 	: 	: 	: 	: 	: 	: 	: 	: 	: 	: 	6.4 	6.4 b	6.8 	6.0 	4.2 	3.7 	3.0 	2.7 	4.0 b	5.0 	3.4 	2.6 	2.2 	3.6 	2.1 	2.0 b	2.6 	4.0 	3.3 	4.4 
A,M,EMP,Y18-24,PC,MT	: 	: 	: 	: 	: 	: 	: 	: 	: 	: 	: 	: 	: 	28.5 b	30.3 b	27.2 	26.4 	22.4 	21.8 	18.6 b	16.9 	14.4 	14.1 b	15.2 	15.3 	12.6 	10.6 	10.4 	10.1 	8.2 b	6.8 	8.8 u	9.4 	7.7 
A,M,EMP,Y18-24,PC,NL	: 	: 	: 	: 	: 	: 	: 	: 	: 	: 	: 	: 	: 	12.0 b	11.3 b	11.3 	10.7 	9.5 	8.3 	7.8 	7.4 	7.2 b	6.8 b	6.2 	6.5 	6.1 	6.2 	6.2 b	5.6 	4.8 b	5.2 	5.3 	6.5 	7.1 
A,M,EMP,Y18-24,PC,NO	: 	: 	: 	: 	: 	: 	: 	: 	: 	: 	: 	: 	: 	: 	18.2 	18.4 	17.2 	16.7 	16.7 	15.8 	13.3 	10.8 	8.5 b	8.7 	8.7 	9.5 	8.7 	8.3 	8.2 	7.9 b	: u	: u	: u	2.4 u
A,M,EMP,Y18-24,PC,PL	: 	: 	: 	: 	: 	: 	: 	: 	: 	: 	: 	: 	: 	2.4 	2.5 	3.0 	3.4 b	3.5 	3.3 b	3.3 	3.6 	3.6 	3.3 b	3.3 	3.0 	3.2 	3.2 	4.2 b	3.8 	3.3 b	2.9 	2.4 	1.9 	2.3 
A,M,EMP,Y18-24,PC,PT	: 	: 	: 	: 	: 	: 	: 	: 	: 	: 	: 	: 	: 	37.1 	37.2 b	34.3 	33.5 	26.4 	23.6 	17.8 b	15.1 	12.5 	11.5 b	9.5 	9.9 	9.6 	9.8 	9.0 	7.8 	5.2 b	5.3 	6.3 	4.5 	4.9 
A,M,EMP,Y18-24,PC,RO	: 	: 	: 	: 	: 	: 	: 	: 	: 	: 	: 	: 	: 	12.9 	11.5 b	11.7 	11.4 	11.1 	12.4 b	10.5 	11.0 	11.0 	11.5 b	11.9 	11.4 	12.1 	11.0 	10.1 	9.8 	7.5 b	8.5 	8.6 	7.5 	6.0 
A,M,EMP,Y18-24,PC,RS	: 	: 	: 	: 	: 	: 	: 	: 	: 	: 	: 	: 	: 	: 	: 	: 	: 	: 	4.3 	3.9 	3.4 	3.9 	3.9 b	3.3 	3.2 	3.0 	2.6 	2.5 	1.9 	3.8 b	3.2 	2.3 	3.4 	2.4 
A,M,EMP,Y18-24,PC,SE	: 	: 	: 	: 	: 	: 	: 	: 	: 	: 	: 	: 	: 	6.4 b	5.7 b	6.2 b	5.5 b	4.4 	4.0 	4.4 	4.7 	4.4 	4.1 b	4.6 	4.9 	5.2 	5.6 b	4.7 	5.4 	6.5 b	7.0 	5.3 	4.9 	4.5 
A,M,EMP,Y18-24,PC,SI	: 	: 	: 	: 	: 	: 	: 	: 	: 	: 	: 	: 	: 	3.3 u	3.9 b	3.7 u	4.9 	4.0 	2.9 u	2.2 u	1.9 u	1.6 u	2.1 bu	2.3 u	2.9 u	3.2 u	3.1 u	2.8 u	2.2 u	2.0 bu	1.5 u	3.3 bu	2.9 u	3.4 u
A,M,EMP,Y18-24,PC,SK	: 	: 	: 	: 	: 	: 	: 	: 	: 	: 	: 	: 	: 	1.4 	1.8 b	2.0 	2.1 	1.6 	1.5 	2.0 b	1.8 	2.4 	2.6 b	2.0 	2.8 	3.1 	3.0 	2.7 	2.1 	: bu	: bu	: u	: u	2.7 u
A,M,EMP,Y18-24,PC,TR	: 	: 	: 	: 	: 	: 	: 	: 	: 	: 	: 	: 	: 	: 	28.1 	26.4 	25.3 	23.7 	25.2 	27.0 	24.8 	24.6 	25.4 b	25.0 	23.1 	22.1 	21.6 	19.0 	16.7 	16.2 b	15.8 	13.8 	13.6 	13.1 
A,M,EMP,Y18-24,PC,UK	: 	: 	: 	: 	: 	: 	: 	: 	: 	: 	: 	: 	: 	8.5 	8.1 	11.4 b	11.7 b	9.7 	8.6 b	8.6 b	7.5 	7.5 	7.2 b	7.1 	7.3 	7.0 	7.3 	7.1 	: 	: 	: 	: 	: 	: 
A,M,NEMP,Y18-24,PC,AT	: 	: 	: 	: 	: 	: 	: 	: 	: 	: 	: 	: 	: 	3.6 	4.1 b	4.2 b	3.7 	3.7 	3.2 	3.9 	3.4 	4.1 	4.1 b	3.6 	3.8 	4.3 	3.7 	4.2 	5.2 	4.0 b	3.7 	3.7 	3.8 	5.6 
A,M,NEMP,Y18-24,PC,BA	: 	: 	: 	: 	: 	: 	: 	: 	: 	: 	: 	: 	: 	: 	: 	: 	: 	: 	: 	: 	: 	: 	: 	: 	: 	: 	: 	: 	: 	2.8 b	2.5 	3.7 	3.8 	2.5 u
A,M,NEMP,Y18-24,PC,BE	: 	: 	: 	: 	: 	: 	: 	: 	: 	: 	: 	: 	: 	6.6 	6.1 b	5.9 	5.7 b	5.9 	7.2 	6.9 b	7.2 	7.6 	6.7 b	6.7 	5.6 	5.2 b	5.2 	6.2 	5.6 	4.4 b	3.8 	4.1 	5.2 b	5.5 
A,M,NEMP,Y18-24,PC,BG	: 	: 	: 	: 	: 	: 	: 	: 	: 	: 	: 	: 	: 	14.5 	11.4 b	9.2 	8.5 b	8.7 	8.5 b	8.4 b	8.9 	9.3 	9.4 b	9.4 	9.3 	7.0 	6.9 	7.4 b	7.8 	7.2 b	5.5 	5.4 	4.7 b	5.0 
A,M,NEMP,Y18-24,PC,CH	: 	: 	: 	: 	: 	: 	: 	: 	: 	: 	: 	: 	: 	2.6 	3.1 	1.9 u	1.7 u	2.7 	2.3 b	2.2 	2.2 	1.8 	2.4 b	2.3 	2.4 	2.4 	2.8 	2.5 	2.2 	2.9 b	3.8 	3.2 	2.9 	3.0 
A,M,NEMP,Y18-24,PC,CY	: 	: 	: 	: 	: 	: 	: 	: 	: 	: 	: 	: 	: 	5.1 u	3.0 bu	3.9 u	4.0 u	2.7 bu	3.8 u	4.3 u	7.7 	8.3 	4.8 b	4.0 u	4.8 u	5.3 	5.1 	4.5 u	5.5 u	2.7 bu	4.0 u	6.1 	5.9 	3.9 u
A,M,NEMP,Y18-24,PC,CZ	: 	: 	: 	: 	: 	: 	: 	: 	: 	: 	: 	: 	: 	4.0 	2.7 b	2.5 	2.9 	3.0 	2.5 	3.1 b	3.7 	2.9 	2.4 b	3.3 	3.3 	2.5 	2.5 	2.2 	2.6 	2.8 b	3.6 b	2.7 	2.1 	2.8 
A,M,NEMP,Y18-24,PC,DE	: 	: 	: 	: 	: 	: 	: 	: 	: 	: 	: 	: 	: 	7.3 b	7.0 	6.7 	5.9 b	6.0 	5.8 b	5.4 b	5.2 b	4.7 	4.9 b	5.0 	5.3 	5.1 	4.9 	4.7 	5.0 b	6.4 b	5.2 	6.1 	6.1 b	6.5 
A,M,NEMP,Y18-24,PC,DK	: 	: 	: 	: 	: 	: 	: 	: 	: 	: 	: 	: 	: 	2.6 	1.9 	3.8 b	4.6 b	5.1 	6.2 	5.5 	5.4 	4.9 	5.2 b	5.0 	4.8 b	5.4 b	5.6 	5.4 	5.0 	4.4 b	4.5 	4.5 b	4.3 	4.7 b
A,M,NEMP,Y18-24,PC,EA21	: 	: 	: 	: 	: 	: 	: 	: 	: 	: 	: 	: 	: 	7.2 	6.9 	6.6 	7.0 	8.4 	8.5 	8.3 	8.5 	8.1 	7.7 b	7.4 	7.0 	6.8 	6.5 	6.1 	6.6 	6.2 b	5.4 	5.6 	5.5 	5.2 
A,M,NEMP,Y18-24,PC,EE	: 	: 	: 	: 	: 	: 	: 	: 	: 	: 	: 	: 	: 	5.1 	5.0 u	7.0 	5.1 	9.1 b	8.1 	5.4 	5.1 	4.8 	5.5 b	4.7 u	3.9 u	5.1 u	6.0 	4.6 u	4.8 u	5.9 b	7.3 	5.7 u	6.0 u	5.1 u
A,M,NEMP,Y18-24,PC,EL	: 	: 	: 	: 	: 	: 	: 	: 	: 	: 	: 	: 	: 	3.8 	3.9 b	3.4 	3.8 b	4.4 b	5.6 	6.9 	7.4 	7.9 	6.3 b	5.0 	3.6 	3.6 	3.1 	2.9 	2.4 	1.9 b	1.6 	1.6 	1.9 b	1.8 
A,M,NEMP,Y18-24,PC,ES	: 	: 	: 	: 	: 	: 	: 	: 	: 	: 	: 	: 	: 	8.4 b	7.9 b	7.8 	12.3 	17.8 	17.5 	17.2 	17.3 	17.2 	16.2 b	13.9 	12.6 	11.4 	10.8 	9.7 	11.4 	8.6 bd	8.1 d	7.8 d	7.1 d	6.6 d
A,M,NEMP,Y18-24,PC,EU27_2020	: 	: 	: 	: 	: 	: 	: 	: 	: 	: 	: 	: 	: 	6.7 	6.4 b	6.0 	6.2 	7.4 	7.6 	7.6 	7.7 	7.4 	7.1 b	6.8 	6.5 	6.2 	5.9 	5.6 	6.0 	5.9 b	5.2 	5.3 	5.2 	5.0 
A,M,NEMP,Y18-24,PC,FI	: 	: 	: 	: 	: 	: 	: 	: 	: 	: 	: 	: 	: 	4.2 	4.3 	3.7 	4.6 	5.5 	5.7 	5.6 	4.8 	6.0 	7.1 b	6.5 	5.4 	5.5 	5.0 	4.7 	5.1 	4.6 b	5.6 	5.8 	7.1 	6.5 
A,M,NEMP,Y18-24,PC,FR	: 	: 	: 	: 	: 	: 	: 	: 	: 	: 	: 	: 	: 	6.4 	6.9 	6.8 	6.6 	8.1 	8.1 	7.5 	7.6 	5.8 b	6.0 b	6.5 	6.3 	6.5 	6.5 	5.9 	5.7 	6.3 bd	5.6 d	6.0 d	6.0 d	5.2 d
A,M,NEMP,Y18-24,PC,HR	: 	: 	: 	: 	: 	: 	: 	: 	: 	: 	: 	: 	: 	3.1 bu	3.1 bu	2.4 bu	1.9 u	2.7 u	3.2 bu	3.4 u	4.2 u	4.4 u	2.6 bu	2.8 u	2.3 u	2.5 u	2.3 u	2.4 u	1.9 u	2.0 bu	1.5 u	1.5 u	1.7 u	1.7 u
A,M,NEMP,Y18-24,PC,HU	: 	: 	: 	: 	: 	: 	: 	: 	: 	: 	: 	: 	: 	7.1 	7.0 b	6.3 	6.5 	7.6 	6.9 	7.5 	7.7 	7.6 	6.4 b	5.9 	5.7 	5.0 	4.8 b	5.0 	5.0 	4.6 b	5.5 	4.8 	4.9 	4.4 
A,M,NEMP,Y18-24,PC,IE	: 	: 	: 	: 	: 	: 	: 	: 	: 	: 	: 	: 	: 	5.1 	4.5 b	5.0 b	6.9 	9.3 	9.6 	9.9 	8.7 	6.5 	5.3 b	5.7 	4.3 	3.9 b	4.1 	4.2 	3.8 	2.6 bu	: u	2.6 u	: bu	2.7 u
A,M,NEMP,Y18-24,PC,IS	: 	: 	: 	: 	: 	: 	: 	: 	: 	: 	: 	: 	: 	4.2 	: u	: u	3.8 	8.2 b	6.0 	5.9 	5.7 	5.9 	5.5 b	5.0 	3.2 	3.4 	4.1 	5.0 	4.1 b	4.7 b	3.7 	4.0 	3.3 	: 
A,M,NEMP,Y18-24,PC,IT	: 	: 	: 	: 	: 	: 	: 	: 	: 	: 	: 	: 	: 	9.3 	8.7 b	8.4 	8.6 	9.4 	10.6 	10.6 	11.4 	12.0 	11.1 b	10.8 	10.1 	10.4 	9.9 b	8.9 	10.1 	8.6 b	7.1 	6.1 	5.4 	4.5 
A,M,NEMP,Y18-24,PC,LT	: 	: 	: 	: 	: 	: 	: 	: 	: 	: 	: 	: 	: 	3.6 u	5.0 bu	: u	4.9 u	7.0 	6.7 	6.4 	5.0 u	4.9 	3.3 b	3.7 	3.8 	3.6 	2.8 u	2.7 u	4.0 	2.9 bu	3.1 u	4.7 	9.2 	6.1 
A,M,NEMP,Y18-24,PC,LU	: 	: 	: 	: 	: 	: 	: 	: 	: 	: 	: 	: 	: 	3.6 u	4.9 bu	4.5 bu	3.7 u	2.9 bu	4.1 u	: u	4.4 u	4.1 u	2.6 bu	4.0 bu	4.3 u	5.0 u	: u	3.2 u	4.9 	5.8 b	3.9 u	: u	: u	: u
A,M,NEMP,Y18-24,PC,LV	: 	: 	: 	: 	: 	: 	: 	: 	: 	: 	: 	: 	: 	5.9 	4.8 b	5.1 	6.2 	10.3 	8.8 	7.5 	6.7 	6.6 	5.3 b	4.0 	7.4 	4.8 	3.7 u	4.1 u	3.8 u	: bu	3.7 u	4.4 u	3.8 u	4.6 u
A,M,NEMP,Y18-24,PC,ME	: 	: 	: 	: 	: 	: 	: 	: 	: 	: 	: 	: 	: 	: 	: 	: 	: 	: 	: 	4.1 u	4.0 u	4.4 u	: bu	: u	: u	: u	: u	: u	: u	: 	: 	: 	: 	: 
A,M,NEMP,Y18-24,PC,MK	: 	: 	: 	: 	: 	: 	: 	: 	: 	: 	: 	: 	: 	: 	13.5 	11.5 b	10.8 	8.1 	9.4 	8.1 	8.1 	6.4 	7.1 b	5.1 	5.6 	5.8 	3.4 	2.4 	3.6 	3.4 b	2.9 	4.6 	5.6 	6.0 
A,M,NEMP,Y18-24,PC,MT	: 	: 	: 	: 	: 	: 	: 	: 	: 	: 	: 	: 	: 	8.9 b	5.9 b	7.6 	4.7 	7.6 	6.5 	5.6 b	5.7 	5.1 	4.7 b	4.0 	3.8 u	3.8 u	3.5 u	3.8 u	4.8 u	3.7 bu	5.1 u	: u	: u	3.5 u
A,M,NEMP,Y18-24,PC,NL	: 	: 	: 	: 	: 	: 	: 	: 	: 	: 	: 	: 	: 	4.9 b	4.1 b	3.2 	3.1 	4.1 	4.1 	3.3 	3.2 	4.0 b	3.7 b	3.7 	3.6 	3.3 	3.0 	3.3 b	3.1 	1.6 b	1.6 	1.9 	2.2 	2.3 
A,M,NEMP,Y18-24,PC,NO	: 	: 	: 	: 	: 	: 	: 	: 	: 	: 	: 	: 	: 	: 	4.3 	4.3 	3.8 	5.0 	4.8 	4.1 	4.3 	4.9 	4.4 b	3.7 	4.2 	3.2 u	3.5 u	3.3 u	3.4 u	4.2 bu	: u	: u	: u	2.2 u
A,M,NEMP,Y18-24,PC,PL	: 	: 	: 	: 	: 	: 	: 	: 	: 	: 	: 	: 	: 	4.4 	4.4 	3.2 	2.6 b	3.1 	3.9 b	4.1 	4.2 	4.4 	4.1 b	3.9 	3.3 	2.7 	2.6 	2.4 b	3.1 	4.0 b	2.9 	2.4 	2.8 	2.7 
A,M,NEMP,Y18-24,PC,PT	: 	: 	: 	: 	: 	: 	: 	: 	: 	: 	: 	: 	: 	9.1 	8.9 b	8.5 	7.9 	9.4 	8.9 	10.2 b	11.6 	10.6 	9.0 b	6.6 	7.3 	5.6 	4.6 	4.5 	5.1 	3.4 b	3.1 	3.7 	3.4 	2.7 
A,M,NEMP,Y18-24,PC,RO	: 	: 	: 	: 	: 	: 	: 	: 	: 	: 	: 	: 	: 	7.2 	6.2 b	5.4 	4.5 	5.0 	7.1 b	8.6 	7.5 	7.6 	7.9 b	7.6 	7.0 	5.9 	5.7 	4.8 	4.9 	7.6 b	7.6 	7.9 	8.0 	7.8 
A,M,NEMP,Y18-24,PC,RS	: 	: 	: 	: 	: 	: 	: 	: 	: 	: 	: 	: 	: 	: 	: 	: 	: 	: 	4.8 	5.7 	5.3 	4.3 	4.4 b	4.5 	4.0 	3.3 	4.2 	4.0 	3.4 	4.9 b	3.3 	3.5 	3.4 	2.9 
A,M,NEMP,Y18-24,PC,SE	: 	: 	: 	: 	: 	: 	: 	: 	: 	: 	: 	: 	: 	5.4 b	4.3 b	3.3 b	3.5 b	3.6 	3.5 	3.3 	3.8 	3.5 	3.2 b	3.0 	3.3 	3.0 	3.3 b	2.7 	3.6 	3.6 b	3.5 	3.2 	3.5 	2.6 
A,M,NEMP,Y18-24,PC,SI	: 	: 	: 	: 	: 	: 	: 	: 	: 	: 	: 	: 	: 	3.1 u	3.2 bu	2.1 u	2.3 u	3.2 u	3.5 u	3.5 u	3.5 u	3.4 u	3.8 bu	4.1 u	3.9 u	2.6 u	2.2 u	2.4 u	2.5 u	2.2 bu	2.6 u	2.5 bu	3.3 u	4.4 u
A,M,NEMP,Y18-24,PC,SK	: 	: 	: 	: 	: 	: 	: 	: 	: 	: 	: 	: 	: 	5.2 	5.5 b	5.2 	5.0 	4.1 	3.1 	3.4 b	4.2 	4.3 	4.3 b	4.9 	4.7 	5.4 	5.3 	6.1 	5.7 	6.7 b	5.8 b	4.8 	5.9 	4.5 
A,M,NEMP,Y18-24,PC,TR	: 	: 	: 	: 	: 	: 	: 	: 	: 	: 	: 	: 	: 	: 	13.2 	12.6 	12.6 	14.2 	12.6 	10.7 	11.3 	10.4 	10.2 b	10.1 	9.6 	8.9 	8.8 	9.9 	10.9 	7.8 b	6.4 	6.2 	5.9 	5.6 
A,M,NEMP,Y18-24,PC,UK	: 	: 	: 	: 	: 	: 	: 	: 	: 	: 	: 	: 	: 	4.0 	4.2 	6.1 b	6.6 b	7.3 	7.0 b	7.5 b	7.0 	6.1 	5.7 b	4.6 	5.5 	5.2 	4.9 	5.2 	: 	: 	: 	: 	: 	: 
A,M,NWANT,Y18-24,PC,AT	: 	: 	: 	: 	: 	: 	: 	: 	: 	: 	: 	: 	: 	: u	: bu	: bu	: u	: u	: u	0.9 u	: u	1.0 u	: bu	: u	0.9 u	: u	: u	: u	: u	: bu	: u	: u	: u	1.2 u
A,M,NWANT,Y18-24,PC,BA	: 	: 	: 	: 	: 	: 	: 	: 	: 	: 	: 	: 	: 	: 	: 	: 	: 	: 	: 	: 	: 	: 	: 	: 	: 	: 	: 	: 	: 	1.4 bu	1.8 u	2.4 u	2.3 u	2.0 u
A,M,NWANT,Y18-24,PC,BE	: 	: 	: 	: 	: 	: 	: 	: 	: 	: 	: 	: 	: 	2.1 	2.0 b	2.1 	1.9 b	1.6 	1.7 	2.2 b	1.9 	1.7 	1.9 b	1.7 	1.7 	1.6 b	2.2 	2.7 	2.2 	1.8 b	1.4 	2.0 	2.1 b	2.3 
A,M,NWANT,Y18-24,PC,BG	: 	: 	: 	: 	: 	: 	: 	: 	: 	: 	: 	: 	: 	3.2 	2.6 b	2.7 	3.1 b	3.2 	2.7 b	2.9 b	2.4 u	2.6 	3.2 b	4.4 	4.7 	3.4 	3.2 	4.1 b	4.3 u	3.2 bu	3.2 u	3.1 u	2.6 bu	3.1 
A,M,NWANT,Y18-24,PC,CH	: 	: 	: 	: 	: 	: 	: 	: 	: 	: 	: 	: 	: 	: u	: u	: u	: u	: u	0.6 bu	0.4 u	0.4 u	: u	0.4 bu	0.3 u	0.5 u	0.5 u	0.6 u	0.6 u	0.5 u	0.6 bu	0.9 u	0.7 u	0.5 u	0.8 u
A,M,NWANT,Y18-24,PC,CY	: 	: 	: 	: 	: 	: 	: 	: 	: 	: 	: 	: 	: 	: u	2.0 bu	2.0 u	2.1 u	: bu	: u	: u	2.3 u	: u	: bu	: u	2.3 u	2.5 u	2.2 u	2.5 u	2.7 u	: bu	: u	3.3 u	3.7 u	: u
A,M,NWANT,Y18-24,PC,CZ	: 	: 	: 	: 	: 	: 	: 	: 	: 	: 	: 	: 	: 	1.6 	0.5 bu	0.7 	1.1 	0.8 	0.7 	0.9 b	0.9 	0.7 	0.5 bu	1.3 	1.3 	1.3 	1.2 	1.2 	1.3 	1.6 b	2.3 b	1.2 	0.9 	1.4 
A,M,NWANT,Y18-24,PC,DE	: 	: 	: 	: 	: 	: 	: 	: 	: 	: 	: 	: 	: 	1.2 b	1.1 	1.2 	1.1 b	1.0 	1.4 b	1.3 b	1.2 b	1.0 	1.1 b	1.2 	1.5 	1.4 	1.4 	1.3 	1.3 b	2.0 b	1.3 	1.8 	1.7 b	1.9 
A,M,NWANT,Y18-24,PC,DK	: 	: 	: 	: 	: 	: 	: 	: 	: 	: 	: 	: 	: 	: u	0.9 u	: bu	1.2 bu	1.1 u	1.6 u	1.4 u	2.1 	2.1 	2.3 b	2.3 	1.3 bu	2.2 b	2.5 	2.3 	2.2 	1.9 b	2.0 	2.1 b	1.6 u	1.6 bu
A,M,NWANT,Y18-24,PC,EA21	: 	: 	: 	: 	: 	: 	: 	: 	: 	: 	: 	: 	: 	1.4 	1.4 	1.4 	1.4 	1.4 	1.5 	1.5 	1.4 	1.3 	1.3 b	1.4 	1.5 	1.6 	1.6 	1.6 	1.7 	1.8 b	1.5 	1.7 	1.7 	1.6 
A,M,NWANT,Y18-24,PC,EE	: 	: 	: 	: 	: 	: 	: 	: 	: 	: 	: 	: 	: 	: u	: u	2.2 u	: u	: bu	: u	: u	: u	: u	: bu	: u	: u	: u	: u	: u	: u	3.0 bu	3.2 u	: u	: u	: u
A,M,NWANT,Y18-24,PC,EL	: 	: 	: 	: 	: 	: 	: 	: 	: 	: 	: 	: 	: 	1.4 	1.1 b	1.1 	1.2 b	1.2 b	1.3 	1.2 	1.1 	0.9 	1.2 b	1.3 	1.0 u	1.1 	0.8 u	0.8 u	1.1 	0.6 bu	0.7 u	0.8 u	1.4 b	1.0 u
A,M,NWANT,Y18-24,PC,ES	: 	: 	: 	: 	: 	: 	: 	: 	: 	: 	: 	: 	: 	1.7 b	1.8 b	1.9 	2.1 	1.7 	1.6 	1.5 	1.4 	1.6 	1.8 b	1.9 	1.8 	1.8 	1.9 	2.0 	2.7 	2.0 bd	1.7 d	1.7 d	1.9 d	1.6 d
A,M,NWANT,Y18-24,PC,EU27_2020	: 	: 	: 	: 	: 	: 	: 	: 	: 	: 	: 	: 	: 	1.4 	1.4 b	1.3 	1.3 	1.3 	1.5 	1.4 	1.4 	1.4 	1.4 b	1.5 	1.5 	1.6 	1.6 	1.6 	1.7 	1.9 b	1.7 	1.7 	1.8 	1.7 
A,M,NWANT,Y18-24,PC,FI	: 	: 	: 	: 	: 	: 	: 	: 	: 	: 	: 	: 	: 	1.5 u	1.4 u	1.2 u	1.5 u	1.6 u	2.0 	1.8 u	1.7 u	2.2 	3.2 b	2.3 	2.5 	2.7 	2.5 	1.9 u	1.8 u	2.7 b	3.3 	3.3 u	3.5 	3.3 u
A,M,NWANT,Y18-24,PC,FR	: 	: 	: 	: 	: 	: 	: 	: 	: 	: 	: 	: 	: 	1.2 	1.1 	1.1 	1.1 	1.4 	1.7 	1.3 	1.2 	1.0 b	1.0 b	1.3 	1.3 	1.5 	1.6 	1.5 	1.6 	2.0 bd	1.8 d	2.2 d	2.1 d	1.9 d
A,M,NWANT,Y18-24,PC,HR	: 	: 	: 	: 	: 	: 	: 	: 	: 	: 	: 	: 	: 	: bu	: bu	0.8 bu	: u	: u	: bu	0.8 u	1.1 u	0.8 u	: bu	0.9 u	0.7 u	0.8 u	1.2 u	1.5 u	1.2 u	1.5 bu	0.9 u	: u	0.8 u	1.0 u
A,M,NWANT,Y18-24,PC,HU	: 	: 	: 	: 	: 	: 	: 	: 	: 	: 	: 	: 	: 	2.0 	2.1 b	2.0 	2.2 	1.9 	1.5 	1.6 	1.8 	1.8 	2.0 b	1.5 	1.4 	1.7 	1.6 b	1.7 	1.5 	1.4 bu	2.3 	1.9 	1.8 	2.0 
A,M,NWANT,Y18-24,PC,IE	: 	: 	: 	: 	: 	: 	: 	: 	: 	: 	: 	: 	: 	1.9 	1.5 b	0.9 bu	1.2 u	1.4 	1.3 u	1.6 	1.4 u	1.2 u	1.4 bu	1.6 	1.7 	2.0 b	1.7 	: u	: u	: bu	: u	: u	: bu	: u
A,M,NWANT,Y18-24,PC,IS	: 	: 	: 	: 	: 	: 	: 	: 	: 	: 	: 	: 	: 	: u	: u	: u	: u	: bu	: u	: u	: u	: u	: bu	: u	: u	: u	: u	: u	: bu	: bu	: u	: u	: u	: 
A,M,NWANT,Y18-24,PC,IT	: 	: 	: 	: 	: 	: 	: 	: 	: 	: 	: 	: 	: 	1.2 	1.7 b	1.3 	1.5 	1.4 	1.7 	1.8 	1.7 	2.0 	1.5 b	1.4 	1.3 	2.0 	2.0 b	1.6 	1.8 	1.8 b	1.8 	1.2 	1.2 	1.0 
A,M,NWANT,Y18-24,PC,LT	: 	: 	: 	: 	: 	: 	: 	: 	: 	: 	: 	: 	: 	: u	: bu	: u	: u	: u	: u	: u	: u	2.3 u	1.3 bu	1.6 u	1.5 u	1.6 u	1.7 u	1.8 u	2.3 u	2.0 bu	2.4 u	3.9 u	6.3 	4.2 
A,M,NWANT,Y18-24,PC,LU	: 	: 	: 	: 	: 	: 	: 	: 	: 	: 	: 	: 	: 	: u	: bu	: bu	: u	: bu	: u	: u	: u	: u	: bu	: bu	: u	: u	: u	: u	: u	: bu	: u	: u	: u	: u
A,M,NWANT,Y18-24,PC,LV	: 	: 	: 	: 	: 	: 	: 	: 	: 	: 	: 	: 	: 	: u	: bu	1.4 	1.2 u	: u	: u	: u	: u	: u	1.7 bu	: u	: u	: u	: u	: u	: u	: bu	: u	: u	: u	: u
A,M,NWANT,Y18-24,PC,ME	: 	: 	: 	: 	: 	: 	: 	: 	: 	: 	: 	: 	: 	: 	: 	: 	: 	: 	: 	: u	: u	: u	: bu	: u	: u	: u	: u	: u	: u	: 	: 	: 	: 	: 
A,M,NWANT,Y18-24,PC,MK	: 	: 	: 	: 	: 	: 	: 	: 	: 	: 	: 	: 	: 	: 	2.1 	0.9 b	1.3 	0.7 u	1.3 	1.0 	0.6 u	1.1 	1.1 b	0.7 u	0.8 u	0.6 u	: u	1.0 u	0.7 u	0.8 bu	0.7 u	1.4 	1.3 u	1.2 u
A,M,NWANT,Y18-24,PC,MT	: 	: 	: 	: 	: 	: 	: 	: 	: 	: 	: 	: 	: 	: bu	: bu	: u	: u	1.9 u	: u	: bu	: u	: u	: bu	: u	: u	: u	: u	: u	: u	2.2 bu	: u	: u	: u	: u
A,M,NWANT,Y18-24,PC,NL	: 	: 	: 	: 	: 	: 	: 	: 	: 	: 	: 	: 	: 	1.3 b	1.1 b	1.0 	0.8 	0.9 	1.2 	0.9 	0.9 	1.0 b	1.0 b	1.1 	1.4 	1.3 	1.2 	1.4 b	1.4 	0.3 b	0.3 	0.4 	0.5 	0.4 
A,M,NWANT,Y18-24,PC,NO	: 	: 	: 	: 	: 	: 	: 	: 	: 	: 	: 	: 	: 	: 	1.3 	1.1 	1.1 	1.0 	0.8 u	1.1 	1.1 	1.4 	1.5 b	1.0 	1.5 	: u	: u	: u	: u	: bu	: u	: u	: u	: u
A,M,NWANT,Y18-24,PC,PL	: 	: 	: 	: 	: 	: 	: 	: 	: 	: 	: 	: 	: 	0.8 	1.0 	1.0 	0.8 b	1.0 	1.2 b	1.2 	1.2 	1.4 	1.5 b	1.5 	1.3 	1.0 u	1.1 u	1.5 b	1.9 	2.9 b	1.9 	1.8 	2.0 	1.7 
A,M,NWANT,Y18-24,PC,PT	: 	: 	: 	: 	: 	: 	: 	: 	: 	: 	: 	: 	: 	3.0 	2.6 b	2.6 	2.1 	2.4 	1.7 	1.7 b	1.6 	1.2 	1.3 b	: u	1.3 	: u	: u	: u	: u	: bu	: u	1.0 u	: u	: u
A,M,NWANT,Y18-24,PC,RO	: 	: 	: 	: 	: 	: 	: 	: 	: 	: 	: 	: 	: 	1.9 	1.9 b	1.5 	1.1 	1.3 	2.3 b	2.2 	1.6 	1.5 	1.9 b	2.4 	2.1 	1.9 	2.6 	2.0 	2.5 	3.9 b	4.0 	3.8 	3.8 	4.1 
A,M,NWANT,Y18-24,PC,RS	: 	: 	: 	: 	: 	: 	: 	: 	: 	: 	: 	: 	: 	: 	: 	: 	: 	: 	: u	: u	1.0 u	1.0 u	1.0 bu	0.7 u	0.8 u	0.9 u	1.4 u	1.2 u	0.8 u	2.2 b	1.3 u	1.2 u	1.1 u	1.2 u
A,M,NWANT,Y18-24,PC,SE	: 	: 	: 	: 	: 	: 	: 	: 	: 	: 	: 	: 	: 	1.4 b	0.9 b	0.9 b	1.0 b	0.8 	0.8 	0.8 	0.9 	1.1 	1.0 b	0.8 	1.2 	1.4 	1.4 b	0.9 u	0.8 u	0.9 bu	0.9 u	: u	: u	: u
A,M,NWANT,Y18-24,PC,SI	: 	: 	: 	: 	: 	: 	: 	: 	: 	: 	: 	: 	: 	1.3 u	1.1 bu	0.7 u	0.8 u	1.2 u	0.9 u	1.2 u	1.3 u	0.8 u	1.2 bu	1.0 u	1.8 u	1.1 u	1.2 u	1.5 u	0.9 u	1.3 bu	1.9 u	1.4 bu	1.9 u	3.7 u
A,M,NWANT,Y18-24,PC,SK	: 	: 	: 	: 	: 	: 	: 	: 	: 	: 	: 	: 	: 	0.8 u	0.8 bu	1.0 	1.4 	1.3 	: u	: bu	0.8 u	0.9 u	0.9 bu	1.1 u	1.6 	1.7 	1.6 u	2.1 	2.5 	: bu	3.1 bu	: u	: u	2.6 u
A,M,NWANT,Y18-24,PC,TR	: 	: 	: 	: 	: 	: 	: 	: 	: 	: 	: 	: 	: 	: 	5.2 	4.8 	5.0 	4.5 	4.2 	4.2 	4.7 	3.9 	3.4 b	3.6 	3.5 	3.4 	3.3 	3.5 	3.6 	2.2 b	2.0 	2.4 	2.1 	1.9 
A,M,NWANT,Y18-24,PC,UK	: 	: 	: 	: 	: 	: 	: 	: 	: 	: 	: 	: 	: 	0.8 	0.8 	1.2 b	1.1 b	1.5 	1.2 b	1.3 b	1.3 	1.4 	1.3 b	1.4 	2.0 	2.3 	2.2 	2.3 	: 	: 	: 	: 	: 	: 
A,M,POP,Y18-24,PC,AT	: 	: 	: 	9.9 	9.2 	9.0 	: 	9.6 	9.6 	9.7 	8.7 	8.3 	10.5 b	9.7 	10.3 b	11.5 	10.4 	8.6 	8.4 	9.0 	8.0 	7.9 	7.6 b	7.8 	7.7 	9.0 	8.9 	9.5 	10.0 	9.6 b	9.5 	9.3 	9.2 	12.0 
A,M,POP,Y18-24,PC,BA	: 	: 	: 	: 	: 	: 	: 	: 	: 	: 	: 	: 	: 	: 	: 	: 	: 	: 	: 	: 	: 	: 	: 	: 	: 	: 	: 	: 	: 	4.9 b	3.9 	5.2 	5.0 	2.9 
A,M,POP,Y18-24,PC,BE	19.8 	18.5 	18.0 	16.6 	14.7 	14.2 	16.7 	17.7 b	16.4 	16.2 	17.1 	16.9 	15.4 b	15.3 	15.1 b	13.9 	13.4 b	12.8 	13.8 	14.9 b	14.4 	13.2 	11.8 b	11.6 	10.2 	10.4 b	10.6 	10.5 	10.2 	8.9 b	8.0 	7.9 	9.2 b	9.6 
A,M,POP,Y18-24,PC,BG	: 	: 	: 	: 	: 	: 	: 	: 	: 	21.0 b	22.0 	22.5 b	22.2 	20.6 	17.7 b	15.2 	14.1 	13.7 	12.4 b	11.2 b	12.1 	12.3 	12.8 b	13.3 	13.7 	12.0 	12.6 	14.6 b	13.5 	11.3 b	9.1 	9.4 	8.1 b	7.8 
A,M,POP,Y18-24,PC,CH	: 	: 	: 	: 	4.3 	5.6 	5.3 	3.9 	7.4 	6.7 	6.3 	10.4 b	9.9 	10.0 	10.7 	8.5 	7.8 	8.8 	6.5 b	7.0 	5.6 	5.8 	5.7 b	5.4 	4.9 	5.0 	5.4 	5.1 	4.7 	5.0 b	7.0 	6.2 	6.3 	6.2 
A,M,POP,Y18-24,PC,CY	: 	: 	: 	: 	: 	: 	: 	24.6 	25.0 	23.9 	22.3 	24.1 b	27.2 	27.2 	22.5 b	19.5 	19.0 	15.2 b	16.2 	15.1 	16.5 	14.8 	11.2 b	7.7 	11.4 	9.4 	9.9 	10.4 	14.5 	11.8 b	9.2 	11.3 	14.5 	11.9 
A,M,POP,Y18-24,PC,CZ	: 	: 	: 	: 	: 	: 	: 	: 	: 	: 	5.4 	5.9 b	6.1 	6.1 	5.4 b	5.7 	5.8 	5.5 	4.9 	5.4 b	6.1 	5.4 	5.8 b	6.4 	6.6 	6.8 	6.4 	6.6 	7.5 	7.0 b	7.1 b	6.4 	5.3 	6.2 
A,M,POP,Y18-24,PC,DE	: 	: 	: 	: 	12.5 	12.3 	: 	14.2 	14.4 u	12.0 	12.5 	12.9 b	12.2 	13.3 b	14.0 	13.1 	12.4 b	11.5 	12.5 b	12.5 	11.1 b	10.2 	10.0 b	10.4 	11.0 	11.1 	11.5 	11.8 	11.7 b	14.2 b	13.9 	15.4 	14.9 b	14.9 
A,M,POP,Y18-24,PC,DK	18.1 	9.0 	9.3 	5.2 	12.2 b	11.0 	9.5 	14.2 	12.8 	10.8 	9.9 	10.7 b	10.5 	10.5 	10.5 	16.2 b	15.0 b	14.3 	14.5 	12.5 	11.2 	10.0 	9.7 b	9.9 	8.6 b	11.2 b	12.7 	12.1 	11.7 	11.6 b	12.1 	11.8 	11.1 	11.3 b
A,M,POP,Y18-24,PC,EA21	: 	: 	: 	: 	: 	: 	: 	: 	: 	: 	21.4 	20.9 	20.6 	20.0 	19.8 	19.1 	18.6 	18.0 	17.6 	16.6 	15.7 	14.5 	13.4 b	13.1 	12.7 	12.7 	12.7 	12.4 	12.5 	11.8 b	11.4 	11.8 	11.6 	11.2 
A,M,POP,Y18-24,PC,EE	: 	: 	: 	: 	: 	: 	15.0 	19.0 	19.2 b	17.8 	16.9 	18.3 b	20.0 	16.7 	19.5 	21.4 	19.8 	17.9 b	14.4 	12.8 	13.3 	13.6 	16.0 b	16.4 	15.5 	15.9 	16.1 	14.4 	10.7 	12.0 b	14.3 	11.4 	13.3 	11.1 
A,M,POP,Y18-24,PC,EL	28.8 	28.6 	26.6 	26.6 	24.2 	23.7 	25.5 	22.1 	22.9 	20.8 b	20.1 	19.4 b	17.7 b	17.1 	19.6 b	18.2 	18.0 b	17.9 b	16.4 	15.9 	13.7 	12.7 	11.5 b	9.4 	7.1 	7.1 	5.7 	4.9 	4.4 	3.4 b	3.8 	3.8 	3.7 b	3.6 
A,M,POP,Y18-24,PC,ES	44.9 	42.7 	41.4 	38.4 	36.7 	35.3 	35.3 	35.3 	35.0 	36.0 	37.2 	38.4 b	39.0 	37.0 b	36.7 b	36.6 	38.0 	37.4 	33.6 	31.0 	28.9 	27.2 	25.6 b	24.0 	22.7 	21.8 	21.7 	21.4 	20.2 	16.7 bd	16.7 d	16.0 d	15.8 d	15.9 d
A,M,POP,Y18-24,PC,EU27_2020	: 	: 	: 	: 	: 	: 	: 	: 	: 	: 	19.1 	18.6 b	18.4 	17.7 	17.4 b	16.9 	16.4 	16.0 	15.8 	15.1 	14.5 	13.6 	12.7 b	12.5 	12.1 	12.1 	12.1 	11.8 	11.9 	11.5 b	11.1 	11.3 	11.0 	10.6 
A,M,POP,Y18-24,PC,FI	: 	: 	: 	: 	11.4 	9.1 	8.6 	12.0 	11.5 b	12.1 	11.8 	12.0 b	12.5 	12.4 	11.8 	11.2 	12.1 	10.7 	11.6 	11.2 	9.8 	10.4 	11.9 b	10.6 	9.0 	9.5 	9.2 	8.5 	9.4 	9.3 b	10.3 	11.9 	11.8 	11.1 
A,M,POP,Y18-24,PC,FR	: 	18.9 	18.2 	16.7 	16.9 	15.3 	16.2 	16.0 	14.8 	15.0 	14.9 	14.3 b	14.2 	14.3 	14.6 	15.2 	13.8 	14.5 	15.3 	14.1 	13.7 	10.7 b	9.9 b	10.0 	10.1 	10.4 	10.6 	9.6 	9.7 	9.6 bd	9.2 d	9.5 d	9.4 d	8.6 d
A,M,POP,Y18-24,PC,HR	: 	: 	: 	: 	: 	: 	: 	: 	: 	: 	9.2 u	9.2 u	6.2 u	6.0 bu	5.3 bu	5.4 b	4.2 u	4.4 u	4.8 bu	4.9 u	5.8 	5.4 u	3.2 bu	3.4 u	3.4 u	3.7 u	3.3 u	3.0 u	2.3 u	2.9 bu	2.9 u	2.7 u	2.6 u	2.6 u
A,M,POP,Y18-24,PC,HU	: 	: 	: 	: 	: 	18.1 	16.4 	13.3 	14.4 	13.6 b	12.5 	12.7 b	13.6 	13.7 	13.7 b	12.5 	12.4 	12.2 	11.5 	12.3 	12.3 	12.5 	12.5 b	12.0 	12.9 	12.0 	12.6 b	12.7 	12.8 	12.3 b	12.8 	12.7 	10.7 	9.5 
A,M,POP,Y18-24,PC,IE	31.3 	27.9 	26.9 	25.7 	23.5 	22.6 	: 	: 	: 	: 	18.0 	16.2 	16.0 b	15.4 	15.5 b	16.1 b	15.8 	15.7 	14.5 	13.8 	12.0 	10.7 	8.3 b	8.6 	7.7 	6.1 b	6.1 	5.9 	5.4 	4.4 b	4.6 	5.1 	3.5 bu	4.3 
A,M,POP,Y18-24,PC,IS	: 	: 	: 	: 	: 	: 	: 	28.1 	29.9 	35.0 	32.7 	23.0 b	28.3 	29.7 	: u	27.2 	26.2 	25.1 b	26.0 	22.2 	23.6 	24.4 	24.4 b	24.9 	23.6 	22.5 	27.6 	24.5 	17.8 b	19.6 b	21.7 	22.1 	20.0 	: 
A,M,POP,Y18-24,PC,IT	40.0 	39.7 b	37.5 	35.5 	34.5 	33.1 	32.3 	30.3 	28.5 	29.6 	27.8 	26.5 	27.0 b	25.8 	23.8 b	22.6 	22.4 	21.8 	21.8 	20.6 	20.2 	20.0 	17.7 b	17.5 	16.1 	16.6 	16.3 b	15.2 	16.9 	14.8 b	13.6 	13.1 	12.2 	10.1 
A,M,POP,Y18-24,PC,LT	: 	: 	: 	: 	: 	: 	: 	: 	20.0 b	19.0 	15.4 b	13.6 	11.9 bu	11.0 u	11.5 bu	10.1 u	10.2 u	11.6 	9.8 	10.0 	8.1 	7.8 	7.0 b	6.9 	6.0 	7.0 	6.1 	5.1 	7.7 	6.3 b	5.5 	6.6 	10.0 	6.6 
A,M,POP,Y18-24,PC,LU	43.2 	32.1 	33.3 	32.9 	32.8 	30.9 	: 	18.9 b	15.9 	19.0 	14.4 	14.3 b	12.6 	17.0 	17.6 b	16.6 b	15.8 	8.9 b	8.0 	7.6 	10.7 	8.4 	8.3 b	10.5 b	6.8 	9.8 	6.8 	8.9 	10.7 	10.4 b	9.0 	8.5 u	10.7 u	: u
A,M,POP,Y18-24,PC,LV	: 	: 	: 	: 	: 	: 	: 	: 	: 	: 	21.8 b	21.8 b	21.0 	19.0 	19.3 b	20.6 	20.0 	17.6 	16.7 	15.8 	14.7 	13.6 	11.7 b	13.4 	13.7 	12.0 	11.4 	10.5 	9.5 	8.9 b	9.3 	10.0 	9.6 	11.6 
A,M,POP,Y18-24,PC,ME	: 	: 	: 	: 	: 	: 	: 	: 	: 	: 	: 	: 	: 	: 	: 	: 	: 	: 	: 	7.6 	6.6 	6.0 	5.8 bu	4.9 u	4.3 u	5.6 u	4.4 u	5.2 u	: u	: 	: 	: 	: 	: 
A,M,POP,Y18-24,PC,MK	: 	: 	: 	: 	: 	: 	: 	: 	: 	: 	: 	: 	: 	: 	19.9 	17.9 b	17.6 	14.1 	13.7 	11.9 	11.1 	9.1 	11.0 b	10.0 	8.9 	8.3 	5.6 	5.9 	5.7 	5.4 b	5.5 	8.6 	8.9 	10.4 
A,M,POP,Y18-24,PC,MT	: 	: 	: 	: 	: 	: 	: 	: 	52.5 d	55.3 d	56.5 d	51.7 d	44.3 d	37.4 b	36.1 b	34.8 	31.1 	30.1 	28.3 	24.2 b	22.6 	19.6 	18.7 b	19.2 	19.1 	16.4 	14.1 	14.2 	14.9 	11.9 b	11.9 	12.5 	11.4 	11.2 
A,M,POP,Y18-24,PC,NL	: 	: 	: 	: 	18.1 	16.8 	17.0 	17.5 	16.6 	16.3 	16.8 	15.6 b	16.4 	16.9 b	15.5 b	14.5 	13.8 	13.6 	12.4 	11.1 	10.5 	11.2 b	10.6 b	9.9 	10.1 	9.4 	9.3 	9.5 b	8.7 	6.5 b	6.8 	7.2 	8.8 	9.4 
A,M,POP,Y18-24,PC,NO	: 	: 	: 	: 	: 	: 	: 	: 	: 	: 	: 	: 	: 	: 	22.5 	22.7 	21.0 	21.8 	21.4 	19.9 	17.6 	15.7 	12.9 b	12.4 	12.9 	12.8 	12.3 	11.6 	11.6 	12.1 b	3.1 u	3.6 u	3.4 u	4.6 
A,M,POP,Y18-24,PC,PL	: 	: 	: 	: 	: 	: 	: 	: 	: 	9.0 	8.9 	7.6 b	7.3 b	6.8 	6.9 	6.2 	6.1 b	6.6 	7.2 b	7.4 	7.8 	7.9 	7.3 b	7.2 	6.4 	6.0 	5.8 	6.6 b	6.9 	7.2 b	5.8 	4.9 	4.8 	5.0 
A,M,POP,Y18-24,PC,PT	56.2 	52.9 	49.4 	47.1 	45.6 	46.8 	52.0 b	50.8 	50.9 	51.6 	52.7 	48.7 	47.6 b	46.2 	46.1 b	42.8 	41.4 	35.8 	32.4 	28.0 b	26.7 	23.1 	20.5 b	16.0 	17.2 	15.2 	14.4 	13.5 	12.9 	8.6 b	8.4 	10.0 	7.8 	7.6 
A,M,POP,Y18-24,PC,RO	: 	: 	: 	: 	: 	19.4 	19.8 	23.0 	23.8 	22.1 	23.9 	23.6 b	23.7 	20.1 	17.8 b	17.1 	15.9 	16.1 	19.5 b	19.1 	18.5 	18.7 	19.5 b	19.5 	18.4 	18.0 	16.7 	14.9 	14.7 	15.1 b	16.2 	16.5 	15.4 	13.8 
A,M,POP,Y18-24,PC,RS	: 	: 	: 	: 	: 	: 	: 	: 	: 	: 	: 	: 	: 	: 	: 	: 	: 	: 	9.2 	9.6 	8.7 	8.2 	8.3 b	7.7 	7.3 	6.3 	6.8 	6.5 	5.4 	8.7 b	6.5 	5.8 	6.8 	5.2 
A,M,POP,Y18-24,PC,SE	: 	: 	: 	: 	9.0 	7.3 	: 	7.7 	8.7 	11.0 b	11.0 	10.2 b	10.6 	11.9 b	10.1 b	9.5 b	9.0 b	8.0 	7.5 	7.8 	8.5 	7.9 	7.3 b	7.6 	8.2 	8.2 	8.8 b	7.4 	9.0 	10.1 b	10.5 	8.6 	8.4 	7.1 
A,M,POP,Y18-24,PC,SI	: 	: 	: 	: 	: 	: 	: 	: 	: 	8.1 	6.8 	6.6 b	6.0 	6.5 	7.1 b	5.8 	7.2 	7.2 	6.4 	5.7 	5.4 	5.0 	6.0 b	6.4 	6.7 	5.8 	5.3 u	5.2 u	4.6 u	4.2 bu	4.1 u	5.8 bu	6.2 	7.9 
A,M,POP,Y18-24,PC,SK	: 	: 	: 	: 	: 	: 	: 	: 	: 	: 	7.6 	5.7 b	7.3 	6.7 	7.3 b	7.2 	7.1 	5.7 	4.6 	5.4 b	6.0 	6.7 	6.9 b	6.9 	7.6 	8.5 	8.3 	8.8 	7.7 	8.1 b	7.5 b	6.8 	7.8 	7.2 
A,M,POP,Y18-24,PC,TR	: 	: 	: 	: 	: 	: 	: 	: 	: 	: 	: 	: 	: 	: 	41.3 	39.0 	37.9 	37.9 	37.8 	37.7 	36.1 	35.0 	35.5 b	35.0 	32.7 	31.0 	30.4 	28.9 	27.5 	23.9 b	22.2 	20.1 	19.6 	18.7 
A,M,POP,Y18-24,PC,UK	32.8 	34.1 	31.0 	: 	: 	: 	: 	20.2 b	18.8 	18.6 	18.1 	12.6 b	12.9 	12.6 	12.3 	17.6 b	18.2 b	16.9 	15.6 b	16.1 b	14.5 	13.6 	12.9 b	11.7 	12.8 	12.2 	12.2 	12.3 	: 	: 	: 	: 	: 	: 
A,M,WANT,Y18-24,PC,AT	: 	: 	: 	: 	: 	: 	: 	: 	: 	: 	: 	: 	: 	3.1 	3.4 b	3.5 b	3.1 	3.2 	2.8 	3.0 	2.7 	3.1 	3.4 b	2.8 	3.0 	3.5 	3.1 	3.5 	4.4 	3.1 b	2.9 	2.8 	3.0 	4.4 
A,M,WANT,Y18-24,PC,BA	: 	: 	: 	: 	: 	: 	: 	: 	: 	: 	: 	: 	: 	: 	: 	: 	: 	: 	: 	: 	: 	: 	: 	: 	: 	: 	: 	: 	: 	1.4 bu	0.7 u	1.3 u	1.4 u	: u
A,M,WANT,Y18-24,PC,BE	: 	: 	: 	: 	: 	: 	: 	: 	: 	: 	: 	: 	: 	4.5 	4.1 b	3.8 	3.8 b	4.2 	5.4 	4.7 b	5.3 	6.0 	4.9 b	5.0 	3.9 	3.7 b	3.1 	3.5 	3.4 	2.7 b	2.4 	2.2 	3.0 b	3.3 
A,M,WANT,Y18-24,PC,BG	: 	: 	: 	: 	: 	: 	: 	: 	: 	: 	: 	: 	: 	11.3 	8.8 b	6.4 	5.4 b	5.5 	5.8 b	5.5 b	6.5 	6.7 	6.2 b	5.0 	4.7 	3.6 	3.7 	3.3 bu	3.5 u	4.0 b	2.3 u	2.2 u	2.0 bu	1.9 u
A,M,WANT,Y18-24,PC,CH	: 	: 	: 	: 	: 	: 	: 	: 	: 	: 	: 	: 	: 	2.2 	2.7 	1.9 u	1.5 u	2.4 	1.7 b	1.7 	1.8 	1.7 	2.1 b	1.9 	1.9 	2.0 	2.2 	1.9 	1.6 	2.3 b	2.9 	2.5 	2.4 	2.2 
A,M,WANT,Y18-24,PC,CY	: 	: 	: 	: 	: 	: 	: 	: 	: 	: 	: 	: 	: 	3.6 u	: bu	1.9 u	1.9 u	: bu	2.6 u	3.0 u	5.4 	6.9 	3.7 bu	3.2 u	2.5 u	2.8 u	2.9 u	2.0 u	2.8 u	2.0 bu	2.5 u	2.9 u	2.2 u	2.9 u
A,M,WANT,Y18-24,PC,CZ	: 	: 	: 	: 	: 	: 	: 	: 	: 	: 	: 	: 	: 	2.4 	2.2 b	1.7 	1.8 	2.2 	1.8 	2.3 b	2.8 	2.1 	1.9 b	2.1 	2.0 	1.2 	1.3 	1.0 	1.3 	1.2 b	1.3 b	1.5 	1.1 	1.4 
A,M,WANT,Y18-24,PC,DE	: 	: 	: 	: 	: 	: 	: 	: 	: 	: 	: 	: 	: 	6.1 b	5.9 	5.4 	4.8 b	4.9 	4.4 b	4.1 b	4.0 b	3.6 	3.8 b	3.8 	3.8 	3.7 	3.5 	3.3 	3.7 b	4.4 b	3.9 	4.4 	4.4 b	4.6 
A,M,WANT,Y18-24,PC,DK	: 	: 	: 	: 	: 	: 	: 	: 	: 	: 	: 	: 	: 	1.7 u	1.0 u	3.1 b	3.4 b	4.1 	4.6 	4.0 	3.4 	2.8 	2.9 b	2.7 	3.5 b	3.3 b	3.1 	3.1 	2.8 	2.5 b	2.5 	2.4 b	2.7 	3.1 b
A,M,WANT,Y18-24,PC,EA21	: 	: 	: 	: 	: 	: 	: 	: 	: 	: 	: 	: 	: 	5.8 	5.5 	5.2 	5.6 	7.0 	7.0 	6.8 	7.1 	6.8 	6.4 b	5.9 	5.5 	5.2 	4.9 	4.5 	4.9 	4.4 b	3.9 	3.9 	3.8 	3.6 
A,M,WANT,Y18-24,PC,EE	: 	: 	: 	: 	: 	: 	: 	: 	: 	: 	: 	: 	: 	3.9 u	3.5 u	4.8 	3.6 u	8.5 b	7.0 	4.7 	4.6 	3.9 u	4.1 bu	3.3 u	3.1 u	3.1 u	4.0 u	2.5 u	2.9 u	2.9 bu	4.0 u	: u	: u	: u
A,M,WANT,Y18-24,PC,EL	: 	: 	: 	: 	: 	: 	: 	: 	: 	: 	: 	: 	: 	2.4 	2.8 b	2.3 	2.6 b	3.2 b	4.3 	5.7 	6.3 	7.0 	5.2 b	3.7 	2.6 	2.5 	2.3 	2.1 	1.3 	1.3 b	0.8 u	0.8 u	0.5 bu	0.8 u
A,M,WANT,Y18-24,PC,ES	: 	: 	: 	: 	: 	: 	: 	: 	: 	: 	: 	: 	: 	6.8 b	6.1 b	5.9 	10.2 	16.1 	15.9 	15.7 	15.9 	15.6 	14.4 b	11.9 	10.9 	9.6 	8.9 	7.7 	8.7 	6.6 bd	6.4 d	6.1 d	5.3 d	5.1 d
A,M,WANT,Y18-24,PC,EU27_2020	: 	: 	: 	: 	: 	: 	: 	: 	: 	: 	: 	: 	: 	5.3 	5.0 b	4.6 	4.9 	6.0 	6.1 	6.1 	6.3 	6.1 	5.7 b	5.3 	5.0 	4.6 	4.3 	4.0 	4.3 	4.0 b	3.5 	3.5 	3.5 	3.3 
A,M,WANT,Y18-24,PC,FI	: 	: 	: 	: 	: 	: 	: 	: 	: 	: 	: 	: 	: 	2.6 	2.9 	2.5 	3.1 	3.8 	3.7 	3.8 	3.1 	3.8 	4.0 b	4.2 	2.9 	2.8 	2.5 	2.7 	3.3 	1.9 bu	2.3 	2.5 u	3.6 	3.2 u
A,M,WANT,Y18-24,PC,FR	: 	: 	: 	: 	: 	: 	: 	: 	: 	: 	: 	: 	: 	5.3 	5.9 	5.7 	5.4 	6.7 	6.4 	6.2 	6.4 	4.8 b	5.0 b	5.2 	5.0 	5.0 	4.9 	4.4 	4.1 	4.2 bd	3.7 d	3.8 d	3.8 d	3.4 d
A,M,WANT,Y18-24,PC,HR	: 	: 	: 	: 	: 	: 	: 	: 	: 	: 	: 	: 	: 	2.1 bu	2.5 bu	1.7 bu	1.4 u	2.2 u	2.7 bu	2.6 u	3.1 u	3.6 u	2.1 bu	1.9 u	1.6 u	1.8 u	1.1 u	0.9 u	0.7 u	: bu	: u	0.8 u	0.9 u	: u
A,M,WANT,Y18-24,PC,HU	: 	: 	: 	: 	: 	: 	: 	: 	: 	: 	: 	: 	: 	5.2 	4.9 b	4.3 	4.3 	5.7 	5.4 	5.8 	5.8 	5.8 	4.4 b	4.4 	4.3 	3.4 	3.2 b	3.3 	3.4 	3.2 b	3.2 	2.9 	3.1 	2.4 
A,M,WANT,Y18-24,PC,IE	: 	: 	: 	: 	: 	: 	: 	: 	: 	: 	: 	: 	: 	3.1 	3.1 b	4.1 b	5.7 	8.0 	8.3 	8.3 	7.2 	5.3 	3.9 b	4.1 	2.6 	2.0 b	2.4 	2.3 u	: u	: bu	: u	: u	: bu	: u
A,M,WANT,Y18-24,PC,IS	: 	: 	: 	: 	: 	: 	: 	: 	: 	: 	: 	: 	: 	: u	: u	: u	3.2 	6.7 b	5.0 	4.8 	5.1 	5.0 	4.7 b	3.2 	: u	: u	: u	3.9 	: bu	3.4 b	: u	3.0 	: u	: 
A,M,WANT,Y18-24,PC,IT	: 	: 	: 	: 	: 	: 	: 	: 	: 	: 	: 	: 	: 	8.1 	7.0 b	7.1 	7.1 	8.0 	8.9 	8.8 	9.7 	10.0 	9.7 b	9.4 	8.8 	8.4 	7.9 b	7.3 	8.3 	6.8 b	5.4 	4.9 	4.2 	3.4 
A,M,WANT,Y18-24,PC,LT	: 	: 	: 	: 	: 	: 	: 	: 	: 	: 	: 	: 	: 	: u	: bu	: u	: u	4.3 u	4.3 u	3.9 u	: u	2.6 u	1.9 bu	2.1 u	2.3 u	2.0 u	1.1 u	: u	1.7 u	: bu	: u	: u	2.9 u	1.9 u
A,M,WANT,Y18-24,PC,LU	: 	: 	: 	: 	: 	: 	: 	: 	: 	: 	: 	: 	: 	3.2 u	4.0 bu	4.0 bu	: u	2.7 bu	3.3 u	: u	3.2 u	3.2 u	: bu	3.3 bu	3.2 u	4.8 u	: u	2.8 u	4.8 	3.8 bu	2.0 u	: u	: u	: u
A,M,WANT,Y18-24,PC,LV	: 	: 	: 	: 	: 	: 	: 	: 	: 	: 	: 	: 	: 	4.7 	4.0 b	3.7 	5.0 	9.1 	7.9 	5.9 	5.5 	5.3 	3.6 b	2.9 	5.8 	3.0 u	: u	: u	: u	: bu	: u	: u	: u	: u
A,M,WANT,Y18-24,PC,ME	: 	: 	: 	: 	: 	: 	: 	: 	: 	: 	: 	: 	: 	: 	: 	: 	: 	: 	: 	: u	: u	: u	: bu	: u	: u	: u	: u	: u	: u	: 	: 	: 	: 	: 
A,M,WANT,Y18-24,PC,MK	: 	: 	: 	: 	: 	: 	: 	: 	: 	: 	: 	: 	: 	: 	11.4 	10.6 b	9.4 	7.5 	8.1 	7.1 	7.5 	5.3 	6.0 b	4.4 	4.8 	5.2 	3.1 	1.4 	2.8 	2.6 b	2.2 	3.1 	4.3 	4.8 
A,M,WANT,Y18-24,PC,MT	: 	: 	: 	: 	: 	: 	: 	: 	: 	: 	: 	: 	: 	7.2 b	5.0 b	5.7 	3.7 	5.8 	4.8 	4.1 b	4.5 	4.6 	4.0 bu	3.7 u	2.3 u	2.7 u	3.3 u	2.8 u	3.0 u	: bu	3.4 u	: u	: u	: u
A,M,WANT,Y18-24,PC,NL	: 	: 	: 	: 	: 	: 	: 	: 	: 	: 	: 	: 	: 	3.7 b	3.0 b	2.2 	2.3 	3.2 	2.8 	2.4 	2.2 	3.0 b	2.7 b	2.6 	2.2 	2.0 	1.8 	1.9 b	1.7 	1.3 b	1.2 	1.5 	1.7 	1.9 
A,M,WANT,Y18-24,PC,NO	: 	: 	: 	: 	: 	: 	: 	: 	: 	: 	: 	: 	: 	: 	3.1 	3.1 	2.7 	4.0 	3.9 	3.0 	3.2 	3.5 	2.9 b	2.7 	2.7 	2.2 u	2.2 u	2.2 u	2.3 u	2.7 bu	: u	: u	: u	: u
A,M,WANT,Y18-24,PC,PL	: 	: 	: 	: 	: 	: 	: 	: 	: 	: 	: 	: 	: 	3.5 	3.3 	2.2 	1.8 b	2.0 	2.7 b	2.9 	3.0 	3.0 	2.5 b	2.5 	2.0 	1.7 	1.5 	0.9 bu	1.2 u	1.1 bu	1.0 u	: u	0.8 u	0.9 u
A,M,WANT,Y18-24,PC,PT	: 	: 	: 	: 	: 	: 	: 	: 	: 	: 	: 	: 	: 	6.1 	6.4 b	5.9 	5.7 	7.0 	7.1 	8.5 b	10.0 	9.4 	7.7 b	5.4 	6.0 	4.5 	3.8 	3.6 	4.2 	2.8 b	2.6 	2.7 	2.6 	1.9 u
A,M,WANT,Y18-24,PC,RO	: 	: 	: 	: 	: 	: 	: 	: 	: 	: 	: 	: 	: 	5.3 	4.3 b	3.9 	3.3 	3.7 	4.9 b	6.4 	6.0 	6.1 	6.1 b	5.3 	4.9 	4.0 	3.1 	2.8 	2.3 	3.7 b	3.7 	4.0 	4.1 	3.7 
A,M,WANT,Y18-24,PC,RS	: 	: 	: 	: 	: 	: 	: 	: 	: 	: 	: 	: 	: 	: 	: 	: 	: 	: 	4.2 	5.0 	4.2 	3.2 	3.4 b	3.8 	3.2 	2.4 	2.8 	2.8 	2.6 	2.7 b	2.1 	2.3 	2.3 	1.6 
A,M,WANT,Y18-24,PC,SE	: 	: 	: 	: 	: 	: 	: 	: 	: 	: 	: 	: 	: 	4.1 b	3.4 b	2.4 b	2.5 b	2.7 	2.6 	2.5 	2.9 	2.5 	2.2 b	2.2 	2.1 	1.7 	1.9 b	1.7 	2.7 	2.8 b	2.6 	2.5 	2.7 	2.2 
A,M,WANT,Y18-24,PC,SI	: 	: 	: 	: 	: 	: 	: 	: 	: 	: 	: 	: 	: 	1.9 u	2.1 bu	1.4 u	1.5 u	2.0 u	2.5 u	2.4 u	2.3 u	2.6 u	2.7 bu	3.1 u	2.0 u	1.5 u	1.0 u	0.9 u	1.5 u	: bu	: u	: bu	1.4 u	: u
A,M,WANT,Y18-24,PC,SK	: 	: 	: 	: 	: 	: 	: 	: 	: 	: 	: 	: 	: 	4.4 	4.7 b	4.2 	3.6 	2.8 	2.6 	2.8 b	3.5 	3.4 	3.4 b	3.8 	3.2 	3.7 	3.7 	4.0 	3.2 	4.0 bu	: bu	2.9 u	3.6 u	: u
A,M,WANT,Y18-24,PC,TR	: 	: 	: 	: 	: 	: 	: 	: 	: 	: 	: 	: 	: 	: 	8.0 	7.7 	7.7 	9.7 	8.4 	6.5 	6.6 	6.4 	6.8 b	6.5 	6.1 	5.5 	5.5 	6.4 	7.3 	5.6 b	4.4 	3.8 	3.9 	3.7 
A,M,WANT,Y18-24,PC,UK	: 	: 	: 	: 	: 	: 	: 	: 	: 	: 	: 	: 	: 	3.2 	3.3 	4.9 b	5.4 b	5.8 	5.9 b	6.2 b	5.7 	4.8 	4.3 b	3.3 	3.5 	3.0 	2.7 	2.9 	: 	: 	: 	: 	: 	: 
A,T,EMP,Y18-24,PC,AT	: 	: 	: 	: 	: 	: 	: 	: 	: 	: 	: 	: 	: 	5.2 	5.7 b	6.5 b	6.0 	4.6 	4.7 	4.5 	4.0 	3.4 	3.3 b	3.5 	3.2 	3.7 	4.1 	4.0 	3.8 	4.2 b	4.7 	4.8 	4.3 	4.7 
A,T,EMP,Y18-24,PC,BA	: 	: 	: 	: 	: 	: 	: 	: 	: 	: 	: 	: 	: 	: 	: 	: 	: 	: 	: 	: 	: 	: 	: 	: 	: 	: 	: 	: 	: 	1.3 b	0.7 u	0.8 u	0.8 u	0.6 u
A,T,EMP,Y18-24,PC,BE	: 	: 	: 	: 	: 	: 	: 	: 	: 	: 	: 	: 	: 	6.4 	6.3 b	5.9 	5.9 b	5.1 	5.3 	5.7 b	5.3 	4.1 	3.9 b	3.7 	3.7 	3.9 b	4.0 	3.4 	3.3 	3.1 b	2.9 	2.6 	2.9 b	2.7 
A,T,EMP,Y18-24,PC,BG	: 	: 	: 	: 	: 	: 	: 	: 	: 	: 	: 	: 	: 	4.8 	4.6 b	4.7 	4.6 b	4.0 	2.9 b	2.2 b	2.7 	2.5 	2.4 b	2.9 	3.2 	3.8 	4.0 	5.1 b	4.1 	3.2 b	3.0 	2.9 	2.2 b	2.0 
A,T,EMP,Y18-24,PC,CH	: 	: 	: 	: 	: 	: 	: 	: 	: 	: 	: 	: 	: 	6.2 	6.6 	5.3 	5.6 	5.9 	4.1 b	4.2 	3.3 	3.4 	3.1 b	2.9 	2.7 	2.3 	2.3 	2.4 	2.2 	2.1 b	2.7 	2.6 	2.8 	2.8 
A,T,EMP,Y18-24,PC,CY	: 	: 	: 	: 	: 	: 	: 	: 	: 	: 	: 	: 	: 	13.6 	11.7 b	9.4 	9.7 	8.8 b	9.4 	7.8 	6.0 	4.2 	4.0 b	2.3 u	4.0 	3.9 	4.1 	4.8 	6.7 	6.1 b	3.9 	4.4 	5.6 	5.5 
A,T,EMP,Y18-24,PC,CZ	: 	: 	: 	: 	: 	: 	: 	: 	: 	: 	: 	: 	: 	1.8 	1.9 b	2.3 	2.2 	2.0 	1.7 	1.6 b	1.7 	2.0 	2.3 b	2.2 	2.7 	3.2 	3.0 	3.6 	3.6 	3.0 b	2.7 b	3.0 	2.5 	3.0 
A,T,EMP,Y18-24,PC,DE	: 	: 	: 	: 	: 	: 	: 	: 	: 	: 	: 	: 	: 	5.3 b	6.1 	5.4 	5.3 b	4.7 	5.6 b	5.7 b	4.8 b	4.6 	4.2 b	4.5 	4.7 	4.8 	5.3 	5.4 	5.0 b	6.1 b	6.9 	7.1 	7.1 b	6.9 
A,T,EMP,Y18-24,PC,DK	: 	: 	: 	: 	: 	: 	: 	: 	: 	: 	: 	: 	: 	6.1 	7.1 	9.6 b	8.4 b	7.0 	6.0 	5.1 	4.3 	3.8 	3.4 b	3.4 	3.1 b	4.1 b	5.4 	4.8 	4.8 	5.8 b	6.0 	6.1 b	5.8 	5.3 b
A,T,EMP,Y18-24,PC,EA21	: 	: 	: 	: 	: 	: 	: 	: 	: 	: 	: 	: 	: 	9.7 	9.7 	9.4 	8.9 	7.4 	7.0 	6.5 	5.6 	4.9 	4.4 b	4.5 	4.4 	4.5 	4.8 	4.7 	4.2 	4.2 b	4.6 	4.7 	4.6 	4.4 
A,T,EMP,Y18-24,PC,EE	: 	: 	: 	: 	: 	: 	: 	: 	: 	: 	: 	: 	: 	8.1 	9.1 	8.8 	9.7 	5.8 b	3.9 	5.5 	5.2 	5.3 	7.0 b	7.8 	7.2 	7.6 	7.3 	6.5 	4.1 	5.0 b	5.8 	5.2 	6.0 	4.8 
A,T,EMP,Y18-24,PC,EL	: 	: 	: 	: 	: 	: 	: 	: 	: 	: 	: 	: 	: 	8.3 	9.9 b	9.5 	9.3 b	8.6 b	7.1 	5.7 	4.3 	3.3 	3.3 b	3.0 	2.4 	2.3 	1.6 	1.3 	1.3 	1.0 b	1.4 	1.5 	1.1 b	1.0 
A,T,EMP,Y18-24,PC,ES	: 	: 	: 	: 	: 	: 	: 	: 	: 	: 	: 	: 	: 	21.6 b	21.8 b	21.9 	20.0 	15.3 	12.8 	11.3 	9.3 	8.0 	7.5 b	7.8 	7.6 	8.2 	8.4 	8.6 	6.4 	5.9 bd	6.5 d	6.6 d	6.6 d	6.9 d
A,T,EMP,Y18-24,PC,EU27_2020	: 	: 	: 	: 	: 	: 	: 	: 	: 	: 	: 	: 	: 	8.4 	8.3 b	8.2 	7.8 	6.6 	6.3 	5.8 	5.2 	4.7 	4.3 b	4.4 	4.3 	4.5 	4.7 	4.6 	4.2 	4.1 b	4.4 	4.5 	4.4 	4.2 
A,T,EMP,Y18-24,PC,FI	: 	: 	: 	: 	: 	: 	: 	: 	: 	: 	: 	: 	: 	6.1 	5.4 	5.2 	5.5 	4.5 	4.9 	4.7 	4.2 	3.7 	3.9 b	3.5 	3.1 	3.4 	3.6 	3.0 	3.4 	3.9 b	3.6 	4.3 	3.7 	3.7 
A,T,EMP,Y18-24,PC,FR	: 	: 	: 	: 	: 	: 	: 	: 	: 	: 	: 	: 	: 	5.8 	5.7 	6.0 	5.6 	5.2 	5.3 	5.2 	4.8 	3.8 b	3.1 b	3.1 	2.9 	3.0 	3.2 	2.9 	2.8 	2.6 bd	2.9 d	2.6 d	2.6 d	2.3 d
A,T,EMP,Y18-24,PC,HR	: 	: 	: 	: 	: 	: 	: 	: 	: 	: 	: 	: 	: 	2.3 bu	1.8 bu	2.1 bu	1.9 u	1.5 u	1.4 bu	1.2 u	1.3 u	0.6 u	0.5 bu	0.6 u	0.8 u	0.8 u	0.9 u	0.7 u	0.4 u	0.7 bu	0.8 u	0.7 u	0.5 u	0.5 u
A,T,EMP,Y18-24,PC,HU	: 	: 	: 	: 	: 	: 	: 	: 	: 	: 	: 	: 	: 	4.6 	4.7 b	4.4 	4.2 	3.3 	3.5 	3.4 	3.3 	3.3 	4.3 b	4.7 	5.2 	5.4 	5.4 b	5.1 	5.2 	5.6 b	5.3 	5.6 	4.4 	3.9 
A,T,EMP,Y18-24,PC,IE	: 	: 	: 	: 	: 	: 	: 	: 	: 	: 	: 	: 	: 	7.2 	7.6 b	7.6 b	6.2 	4.9 	4.3 	3.3 	2.8 	3.1 	2.1 b	2.2 	2.4 	1.5 b	1.5 	1.5 u	1.5 u	: bu	1.7 u	1.7 u	: bu	1.4 u
A,T,EMP,Y18-24,PC,IS	: 	: 	: 	: 	: 	: 	: 	: 	: 	: 	: 	: 	: 	20.8 	: u	19.6 	20.7 	14.9 b	16.5 	14.2 	15.2 	16.0 	14.6 b	14.9 	16.8 	14.9 	17.5 	14.3 	10.5 b	10.5 b	13.8 	13.1 	12.8 	: 
A,T,EMP,Y18-24,PC,IT	: 	: 	: 	: 	: 	: 	: 	: 	: 	: 	: 	: 	: 	11.8 	10.7 b	10.2 	10.0 	8.8 	8.1 	7.3 	6.4 	5.7 	4.7 b	4.7 	4.4 	4.4 	4.8 b	4.7 	4.7 	4.3 b	4.5 	4.6 	4.6 	3.8 
A,T,EMP,Y18-24,PC,LT	: 	: 	: 	: 	: 	: 	: 	: 	: 	: 	: 	: 	: 	4.8 u	4.4 bu	4.7 u	3.6 u	2.9 	2.1 u	2.3 u	2.4 u	1.9 	2.2 b	2.1 	1.7 	2.2 	2.2 	1.6 u	2.3 	2.1 b	1.6 u	1.9 u	1.6 u	0.9 u
A,T,EMP,Y18-24,PC,LU	: 	: 	: 	: 	: 	: 	: 	: 	: 	: 	: 	: 	: 	9.5 	9.0 b	8.6 b	8.8 	4.4 b	3.5 	3.7 	4.5 	3.0 	3.8 b	5.6 b	2.6 	3.9 	3.4 	3.8 	4.3 	5.0 b	4.5 	: u	4.4 u	: u
A,T,EMP,Y18-24,PC,LV	: 	: 	: 	: 	: 	: 	: 	: 	: 	: 	: 	: 	: 	9.2 	9.6 b	9.7 	9.0 	5.3 	5.3 	5.4 	5.0 	4.6 	4.0 b	6.2 	4.4 	4.6 	5.0 	4.8 	4.2 	4.0 b	3.5 	3.6 	3.8 	4.5 
A,T,EMP,Y18-24,PC,ME	: 	: 	: 	: 	: 	: 	: 	: 	: 	: 	: 	: 	: 	: 	: 	: 	: 	: 	: 	2.3 u	2.0 u	: u	: bu	: u	: u	2.1 u	: u	: u	: u	: 	: 	: 	: 	: 
A,T,EMP,Y18-24,PC,MK	: 	: 	: 	: 	: 	: 	: 	: 	: 	: 	: 	: 	: 	: 	4.7 	4.6 b	4.6 	3.9 	3.2 	2.6 	1.9 	2.5 	3.1 b	3.2 	2.3 	1.7 	1.5 	2.3 	1.4 	1.4 b	1.8 	2.5 	2.5 	3.5 
A,T,EMP,Y18-24,PC,MT	: 	: 	: 	: 	: 	: 	: 	: 	: 	: 	: 	: 	: 	23.6 b	25.3 b	22.7 	21.8 	17.4 	15.1 	13.2 b	11.9 	11.5 	11.3 b	10.7 	11.1 	9.5 	10.4 	9.2 	8.7 	6.7 b	6.8 	6.9 	7.1 	5.8 
A,T,EMP,Y18-24,PC,NL	: 	: 	: 	: 	: 	: 	: 	: 	: 	: 	: 	: 	: 	9.5 b	8.8 b	8.5 	8.2 	7.4 	6.5 	6.1 	5.7 	5.5 b	5.1 b	5.0 	4.8 	4.4 	4.5 	4.6 b	4.2 	3.6 b	4.0 	4.2 	4.9 	5.2 
A,T,EMP,Y18-24,PC,NO	: 	: 	: 	: 	: 	: 	: 	: 	: 	: 	: 	: 	: 	: 	13.8 	14.4 	13.4 	13.3 	13.3 	12.3 	10.9 	9.0 	7.4 b	6.8 	7.2 	7.3 	6.6 	6.4 	6.7 	6.4 b	1.4 u	1.9 u	1.6 u	1.9 u
A,T,EMP,Y18-24,PC,PL	: 	: 	: 	: 	: 	: 	: 	: 	: 	: 	: 	: 	: 	1.6 	1.6 	2.0 	2.2 b	2.1 	2.0 b	2.1 	2.2 	2.1 	1.9 b	2.0 	1.9 	2.0 	2.0 	2.6 b	2.3 	2.1 b	1.8 	1.6 	1.7 	1.6 
A,T,EMP,Y18-24,PC,PT	: 	: 	: 	: 	: 	: 	: 	: 	: 	: 	: 	: 	: 	29.2 	29.8 b	27.3 	26.5 	21.7 	19.1 	13.8 b	11.2 	9.7 	9.1 b	7.3 	7.5 	7.4 	7.6 	6.7 	5.3 	3.6 b	3.7 	4.8 	3.5 	3.4 
A,T,EMP,Y18-24,PC,RO	: 	: 	: 	: 	: 	: 	: 	: 	: 	: 	: 	: 	: 	10.4 	9.6 b	9.6 	9.1 	9.1 	10.1 b	8.7 	9.1 	8.8 	9.1 b	9.3 	8.7 	9.4 	8.5 	7.8 	7.8 	5.4 b	5.8 	5.5 	5.7 	4.3 
A,T,EMP,Y18-24,PC,RS	: 	: 	: 	: 	: 	: 	: 	: 	: 	: 	: 	: 	: 	: 	: 	: 	: 	: 	3.1 	2.5 	2.3 	2.8 	2.8 b	2.5 	2.4 	2.1 	2.1 	2.0 	1.5 	2.9 b	2.0 	1.6 	2.2 	1.5 
A,T,EMP,Y18-24,PC,SE	: 	: 	: 	: 	: 	: 	: 	: 	: 	: 	: 	: 	: 	5.9 b	4.6 b	4.9 b	4.3 b	3.3 	3.2 	3.5 	3.8 	3.5 	3.5 b	3.9 	4.1 	4.3 	4.3 b	3.5 	4.0 	5.1 b	5.7 	4.6 	4.0 	3.8 
A,T,EMP,Y18-24,PC,SI	: 	: 	: 	: 	: 	: 	: 	: 	: 	: 	: 	: 	: 	2.1 	2.6 b	2.2 	3.2 	2.7 	2.1 u	1.4 u	1.1 u	1.0 u	1.5 bu	1.7 u	1.7 u	2.0 u	1.9 u	1.9 u	1.6 u	1.4 bu	1.2 u	2.4 bu	2.1 u	2.1 u
A,T,EMP,Y18-24,PC,SK	: 	: 	: 	: 	: 	: 	: 	: 	: 	: 	: 	: 	: 	1.1 	1.2 b	1.4 	1.3 	1.0 	1.0 	1.3 b	1.2 	1.8 	1.8 b	1.6 	2.0 	2.7 	2.5 	1.9 	1.5 	: bu	: bu	: u	: u	1.6 u
A,T,EMP,Y18-24,PC,TR	: 	: 	: 	: 	: 	: 	: 	: 	: 	: 	: 	: 	: 	: 	19.3 	18.2 	17.8 	16.7 	17.7 	18.7 	17.3 	17.0 	17.8 b	17.2 	16.0 	15.5 	14.7 	12.9 	11.1 	10.5 b	10.3 	9.3 	9.2 	8.7 
A,T,EMP,Y18-24,PC,UK	: 	: 	: 	: 	: 	: 	: 	: 	: 	: 	: 	: 	: 	6.7 	6.3 	9.0 b	8.9 b	7.7 	6.8 b	6.7 b	5.7 	5.7 	5.7 b	5.5 	5.9 	5.8 	6.1 	5.9 	: 	: 	: 	: 	: 	: 
A,T,NEMP,Y18-24,PC,AT	: 	: 	: 	: 	: 	: 	: 	: 	: 	: 	: 	: 	: 	4.1 	4.3 b	4.3 b	4.2 	4.2 	3.7 	4.0 	3.8 	4.1 	3.7 b	3.8 	3.7 	3.7 	3.2 	3.8 	4.3 	3.8 b	3.8 	3.8 	3.8 	5.3 
A,T,NEMP,Y18-24,PC,BA	: 	: 	: 	: 	: 	: 	: 	: 	: 	: 	: 	: 	: 	: 	: 	: 	: 	: 	: 	: 	: 	: 	: 	: 	: 	: 	: 	: 	: 	3.4 b	2.9 	3.3 	3.0 	2.4 
A,T,NEMP,Y18-24,PC,BE	: 	: 	: 	: 	: 	: 	: 	: 	: 	: 	: 	: 	: 	6.5 	6.2 b	6.2 	6.0 b	6.0 	6.6 	6.6 b	6.6 	6.9 	5.9 b	6.4 	5.2 	5.0 b	4.6 	5.0 	4.8 	3.6 b	3.5 	3.6 	4.2 b	4.5 
A,T,NEMP,Y18-24,PC,BG	: 	: 	: 	: 	: 	: 	: 	: 	: 	: 	: 	: 	: 	15.6 	12.8 b	10.3 	10.1 b	10.8 	9.7 b	9.6 b	9.9 	10.0 	10.4 b	10.5 	10.6 	8.9 	8.6 	8.8 b	8.7 	8.9 b	7.2 	6.4 	5.9 b	6.6 
A,T,NEMP,Y18-24,PC,CH	: 	: 	: 	: 	: 	: 	: 	: 	: 	: 	: 	: 	: 	3.5 	3.0 	2.3 	2.1 	3.2 	2.6 b	2.1 	2.2 	2.2 	2.5 b	2.3 	2.3 	2.2 	2.1 	2.0 	1.8 	2.9 b	3.8 	3.0 	2.9 	2.8 
A,T,NEMP,Y18-24,PC,CY	: 	: 	: 	: 	: 	: 	: 	: 	: 	: 	: 	: 	: 	4.6 	3.2 b	3.1 	4.0 	3.0 b	3.3 	3.5 	5.3 	4.9 	2.8 b	2.9 	3.6 	4.6 	3.7 	4.2 	5.0 	3.7 b	4.3 	6.0 	5.7 	4.3 
A,T,NEMP,Y18-24,PC,CZ	: 	: 	: 	: 	: 	: 	: 	: 	: 	: 	: 	: 	: 	4.4 	3.2 b	2.9 	3.4 	3.4 	3.2 	3.3 b	3.8 	3.5 	3.2 b	4.0 	3.9 	3.5 	3.2 	3.2 	3.9 	3.4 b	3.5 b	3.4 	2.8 	3.1 
A,T,NEMP,Y18-24,PC,DE	: 	: 	: 	: 	: 	: 	: 	: 	: 	: 	: 	: 	: 	8.2 b	7.6 	7.1 	6.5 b	6.4 	6.2 b	5.9 b	5.8 b	5.2 	5.3 b	5.6 	5.6 	5.3 	5.1 	4.9 	5.1 b	6.1 b	5.6 	5.9 	5.7 b	6.3 
A,T,NEMP,Y18-24,PC,DK	: 	: 	: 	: 	: 	: 	: 	: 	: 	: 	: 	: 	: 	2.6 	2.0 	3.4 b	4.3 b	4.5 	5.5 	5.2 	5.3 	4.4 	4.6 b	4.7 	4.4 b	4.7 b	5.0 	5.0 	4.4 	4.0 b	3.9 	4.4 b	4.5 	4.7 b
A,T,NEMP,Y18-24,PC,EA21	: 	: 	: 	: 	: 	: 	: 	: 	: 	: 	: 	: 	: 	7.8 	7.4 	7.1 	7.2 	8.2 	8.2 	8.0 	8.0 	7.8 	7.3 b	7.0 	6.7 	6.4 	6.1 	5.8 	6.1 	5.7 b	5.2 	5.1 	5.0 	4.9 
A,T,NEMP,Y18-24,PC,EE	: 	: 	: 	: 	: 	: 	: 	: 	: 	: 	: 	: 	: 	5.9 	4.3 	5.5 	4.4 	7.7 b	7.1 	5.2 	5.1 	4.4 	4.9 b	5.9 	4.2 	4.2 	4.7 	4.7 	4.4 	4.8 b	5.0 	4.5 	5.0 	5.3 
A,T,NEMP,Y18-24,PC,EL	: 	: 	: 	: 	: 	: 	: 	: 	: 	: 	: 	: 	: 	5.0 	5.2 b	4.8 	5.0 b	5.6 b	6.4 	7.2 	7.0 	6.8 	5.8 b	4.9 	3.9 	3.8 	3.1 	2.8 	2.5 	2.2 b	2.7 	2.2 	2.0 b	2.0 
A,T,NEMP,Y18-24,PC,ES	: 	: 	: 	: 	: 	: 	: 	: 	: 	: 	: 	: 	: 	9.4 b	8.5 b	9.0 	11.7 	15.6 	15.4 	15.1 	15.5 	15.5 	14.4 b	12.1 	11.4 	10.1 	9.5 	8.7 	9.7 	7.5 bd	7.4 d	7.1 d	6.4 d	5.9 d
A,T,NEMP,Y18-24,PC,EU27_2020	: 	: 	: 	: 	: 	: 	: 	: 	: 	: 	: 	: 	: 	7.2 	6.8 b	6.5 	6.5 	7.4 	7.4 	7.3 	7.4 	7.2 	6.8 b	6.6 	6.4 	6.0 	5.8 	5.5 	5.8 	5.6 b	5.2 	5.1 	5.0 	4.9 
A,T,NEMP,Y18-24,PC,FI	: 	: 	: 	: 	: 	: 	: 	: 	: 	: 	: 	: 	: 	4.1 	4.3 	3.9 	4.3 	5.4 	5.4 	5.1 	4.8 	5.6 	5.7 b	5.7 	4.8 	4.8 	4.7 	4.3 	4.8 	4.3 b	4.8 	5.3 	5.9 	6.2 
A,T,NEMP,Y18-24,PC,FR	: 	: 	: 	: 	: 	: 	: 	: 	: 	: 	: 	: 	: 	6.7 	6.9 	6.8 	6.2 	7.2 	7.5 	7.1 	7.0 	5.9 b	5.7 b	6.2 	5.9 	5.7 	5.5 	5.4 	5.2 	5.2 bd	4.7 d	5.0 d	5.2 d	4.7 d
A,T,NEMP,Y18-24,PC,HR	: 	: 	: 	: 	: 	: 	: 	: 	: 	: 	: 	: 	: 	2.8 bu	2.9 bu	1.9 bu	2.0 u	2.8 	2.5 bu	3.1 	3.7 	3.8 	2.3 bu	2.1 u	2.1 u	2.2 u	2.3 u	2.4 u	1.9 u	1.6 bu	1.4 u	1.3 u	1.6 u	1.6 u
A,T,NEMP,Y18-24,PC,HU	: 	: 	: 	: 	: 	: 	: 	: 	: 	: 	: 	: 	: 	7.9 	7.8 b	7.0 	7.5 	8.2 	7.4 	8.0 	8.5 	8.6 	7.2 b	6.9 	7.2 	7.1 	7.1 b	6.8 	6.8 	6.4 b	6.9 	6.0 	5.9 	5.4 
A,T,NEMP,Y18-24,PC,IE	: 	: 	: 	: 	: 	: 	: 	: 	: 	: 	: 	: 	: 	5.3 	4.7 b	4.4 b	5.5 	6.9 	7.6 	7.8 	7.1 	5.6 	4.6 b	4.6 	3.6 	3.5 b	3.5 	3.7 	3.5 	2.0 bu	2.0 	2.4 	1.7 bu	2.2 
A,T,NEMP,Y18-24,PC,IS	: 	: 	: 	: 	: 	: 	: 	: 	: 	: 	: 	: 	: 	4.2 	: u	3.5 	3.7 	6.4 b	6.1 	5.5 	5.0 	4.5 	4.4 b	3.9 	2.9 	3.0 	4.0 	3.7 	4.3 b	3.9 b	2.6 	2.7 	2.5 	: 
A,T,NEMP,Y18-24,PC,IT	: 	: 	: 	: 	: 	: 	: 	: 	: 	: 	: 	: 	: 	10.3 	9.7 b	9.3 	9.6 	10.2 	10.5 	10.6 	10.9 	11.1 	10.3 b	10.0 	9.4 	9.6 	9.5 b	8.6 	9.5 	8.5 b	7.0 	5.8 	5.2 	4.4 
A,T,NEMP,Y18-24,PC,LT	: 	: 	: 	: 	: 	: 	: 	: 	: 	: 	: 	: 	: 	3.6 u	4.4 bu	3.1 u	3.9 u	5.8 	5.9 	5.0 	4.1 	4.4 	3.6 b	3.4 	3.1 	3.3 	2.4 	2.4 	3.3 	3.2 b	3.2 	4.5 	6.8 	5.1 
A,T,NEMP,Y18-24,PC,LU	: 	: 	: 	: 	: 	: 	: 	: 	: 	: 	: 	: 	: 	3.9 	5.0 b	3.9 b	4.6 	3.3 b	3.5 	2.5 	3.7 	3.1 	2.3 bu	3.7 b	2.8 	3.4 	2.9 	3.4 	3.9 	4.3 b	3.7 	: u	: u	: u
A,T,NEMP,Y18-24,PC,LV	: 	: 	: 	: 	: 	: 	: 	: 	: 	: 	: 	: 	: 	6.3 	5.9 b	6.0 	6.5 	9.0 	7.5 	6.2 	5.6 	5.2 	4.4 b	3.8 	5.6 	4.0 	3.3 	3.9 	3.0 	3.3 b	3.2 	4.1 	4.1 	4.2 
A,T,NEMP,Y18-24,PC,ME	: 	: 	: 	: 	: 	: 	: 	: 	: 	: 	: 	: 	: 	: 	: 	: 	: 	: 	: 	4.9 	4.7 	4.6 	3.8 b	4.2 	4.1 	3.3 	2.8 u	3.4 	2.8 u	: 	: 	: 	: 	: 
A,T,NEMP,Y18-24,PC,MK	: 	: 	: 	: 	: 	: 	: 	: 	: 	: 	: 	: 	: 	: 	18.1 	15.3 b	15.0 	12.4 	12.3 	10.9 	9.7 	8.9 	9.3 b	8.2 	7.6 	6.8 	5.5 	4.8 	4.3 	4.7 b	4.4 	5.9 	5.5 	6.0 
A,T,NEMP,Y18-24,PC,MT	: 	: 	: 	: 	: 	: 	: 	: 	: 	: 	: 	: 	: 	9.4 b	6.9 b	7.4 	5.5 	8.3 	6.3 	5.6 b	6.2 	5.6 	5.7 b	5.5 	4.6 	4.6 	3.6 	5.1 	4.3 	4.1 b	3.4 	3.4 u	2.4 u	2.8 u
A,T,NEMP,Y18-24,PC,NL	: 	: 	: 	: 	: 	: 	: 	: 	: 	: 	: 	: 	: 	4.8 b	4.1 b	3.4 	3.2 	3.9 	3.6 	3.1 	3.2 	3.8 b	3.7 b	3.2 	3.2 	2.7 	2.8 	2.9 b	2.8 	1.5 b	1.6 	2.0 	2.1 	2.2 
A,T,NEMP,Y18-24,PC,NO	: 	: 	: 	: 	: 	: 	: 	: 	: 	: 	: 	: 	: 	: 	4.0 	3.9 	3.5 	4.3 	4.1 	4.3 	3.9 	4.8 	4.3 b	3.4 	3.7 	3.1 	3.3 	3.5 	3.2 	3.5 b	1.8 u	1.5 u	1.9 u	1.9 u
A,T,NEMP,Y18-24,PC,PL	: 	: 	: 	: 	: 	: 	: 	: 	: 	: 	: 	: 	: 	3.7 	3.8 	3.0 	2.8 b	3.1 	3.4 b	3.5 	3.5 	3.6 	3.4 b	3.3 	3.2 	2.9 	2.8 	2.6 b	3.0 	3.7 b	2.9 	2.0 	2.4 	2.4 
A,T,NEMP,Y18-24,PC,PT	: 	: 	: 	: 	: 	: 	: 	: 	: 	: 	: 	: 	: 	9.1 	8.7 b	9.2 	8.5 	9.2 	9.2 	9.0 b	9.3 	9.0 	8.2 b	6.2 	6.5 	5.1 	4.1 	3.8 	3.8 	2.8 b	2.6 	3.2 	3.1 	2.7 
A,T,NEMP,Y18-24,PC,RO	: 	: 	: 	: 	: 	: 	: 	: 	: 	: 	: 	: 	: 	9.2 	8.2 b	7.6 	6.8 	7.5 	9.2 b	9.5 	8.6 	8.5 	9.0 b	9.7 	9.8 	8.7 	8.0 	7.6 	7.9 	9.9 b	9.8 	11.1 	11.1 	11.2 
A,T,NEMP,Y18-24,PC,RS	: 	: 	: 	: 	: 	: 	: 	: 	: 	: 	: 	: 	: 	: 	: 	: 	: 	: 	5.2 	6.0 	5.8 	6.1 	5.6 b	5.0 	4.5 	4.1 	4.8 	4.6 	4.0 	4.8 b	3.7 	4.2 	4.0 	3.6 
A,T,NEMP,Y18-24,PC,SE	: 	: 	: 	: 	: 	: 	: 	: 	: 	: 	: 	: 	: 	4.9 b	4.0 b	3.2 b	3.6 b	3.7 	3.3 	3.2 	3.7 	3.5 	3.2 b	3.1 	3.3 	3.4 	3.2 b	3.0 	3.7 	3.3 b	3.1 	2.8 	3.2 	2.9 
A,T,NEMP,Y18-24,PC,SI	: 	: 	: 	: 	: 	: 	: 	: 	: 	: 	: 	: 	: 	2.8 	3.0 b	1.9 u	1.9 u	2.6 	2.9 	2.8 	3.3 	2.9 	2.9 b	3.3 	3.2 	2.3 u	2.4 u	2.7 u	2.5 u	1.7 bu	2.9 u	3.0 bu	2.9 u	3.3 
A,T,NEMP,Y18-24,PC,SK	: 	: 	: 	: 	: 	: 	: 	: 	: 	: 	: 	: 	: 	5.2 	5.4 b	5.1 	4.7 	3.9 	3.7 	3.8 b	4.1 	4.6 	4.9 b	5.3 	5.4 	6.7 	6.1 	6.5 	6.1 	6.8 b	6.3 b	5.2 	6.2 	5.2 
A,T,NEMP,Y18-24,PC,TR	: 	: 	: 	: 	: 	: 	: 	: 	: 	: 	: 	: 	: 	: 	29.4 	28.7 	27.8 	27.6 	25.3 	23.1 	22.3 	20.5 	20.5 b	19.2 	18.3 	17.0 	16.3 	15.8 	15.6 	12.5 b	11.0 	10.2 	9.5 	9.1 
A,T,NEMP,Y18-24,PC,UK	: 	: 	: 	: 	: 	: 	: 	: 	: 	: 	: 	: 	: 	4.9 	4.9 	7.6 b	8.0 b	8.0 	8.0 b	8.2 b	7.7 	6.7 	6.1 b	5.3 	5.3 	4.9 	4.6 	5.0 	: 	: 	: 	: 	: 	: 
A,T,NWANT,Y18-24,PC,AT	: 	: 	: 	: 	: 	: 	: 	: 	: 	: 	: 	: 	: 	1.1 	1.3 b	1.3 b	1.2 	1.1 	1.0 	1.3 	1.1 	1.2 	0.9 b	1.3 	1.0 	1.0 	0.9 	1.0 	0.9 u	1.1 b	1.2 	1.1 	1.2 	1.3 
A,T,NWANT,Y18-24,PC,BA	: 	: 	: 	: 	: 	: 	: 	: 	: 	: 	: 	: 	: 	: 	: 	: 	: 	: 	: 	: 	: 	: 	: 	: 	: 	: 	: 	: 	: 	2.0 b	1.9 	2.3 	2.2 	2.0 
A,T,NWANT,Y18-24,PC,BE	: 	: 	: 	: 	: 	: 	: 	: 	: 	: 	: 	: 	: 	2.5 	2.5 b	2.6 	2.6 b	2.3 	2.3 	2.3 b	2.3 	2.2 	2.0 b	2.1 	2.0 	2.0 b	2.1 	2.3 	2.2 	1.6 b	1.6 	1.8 	2.0 b	2.2 
A,T,NWANT,Y18-24,PC,BG	: 	: 	: 	: 	: 	: 	: 	: 	: 	: 	: 	: 	: 	6.0 	5.1 b	4.8 	5.4 b	5.9 	4.7 b	4.8 b	4.6 	4.6 	5.3 b	6.1 	6.6 	5.9 	5.7 	6.1 b	6.0 	5.5 b	4.6 	4.4 	4.4 b	5.2 
A,T,NWANT,Y18-24,PC,CH	: 	: 	: 	: 	: 	: 	: 	: 	: 	: 	: 	: 	: 	0.6 u	0.6 u	0.4 u	0.4 u	0.4 u	0.6 bu	0.6 u	0.6 u	0.5 u	0.5 bu	0.4 u	0.4 u	0.5 u	0.5 u	0.4 u	0.4 u	0.6 bu	1.0 	0.8 u	0.6 u	0.7 u
A,T,NWANT,Y18-24,PC,CY	: 	: 	: 	: 	: 	: 	: 	: 	: 	: 	: 	: 	: 	1.9 u	1.9 bu	1.5 u	2.7 	1.9 bu	1.5 u	1.7 u	1.9 u	1.1 u	0.8 bu	0.8 u	2.0 u	2.4 	1.9 u	2.9 	3.2 	2.1 bu	2.3 u	3.4 	3.3 	2.2 u
A,T,NWANT,Y18-24,PC,CZ	: 	: 	: 	: 	: 	: 	: 	: 	: 	: 	: 	: 	: 	2.4 	1.4 b	1.6 	1.9 	1.5 	1.6 	1.6 b	1.7 	1.6 	1.8 b	2.3 	2.3 	2.3 	2.1 	2.3 	2.7 	2.4 b	2.4 b	2.0 	1.6 	1.6 
A,T,NWANT,Y18-24,PC,DE	: 	: 	: 	: 	: 	: 	: 	: 	: 	: 	: 	: 	: 	2.4 b	2.1 	2.0 	1.8 b	2.0 	2.2 b	2.1 b	2.0 b	1.8 	1.8 b	2.1 	2.1 	2.0 	2.0 	2.0 	1.8 b	2.3 b	2.0 	2.2 	2.1 b	2.3 
A,T,NWANT,Y18-24,PC,DK	: 	: 	: 	: 	: 	: 	: 	: 	: 	: 	: 	: 	: 	1.1 	0.9 u	0.7 bu	1.1 b	1.2 	1.9 	1.6 	2.3 	2.0 	2.1 b	2.2 	1.2 b	2.0 b	2.3 	2.1 	2.1 	1.9 b	1.9 	2.1 b	1.8 	1.8 b
A,T,NWANT,Y18-24,PC,EA21	: 	: 	: 	: 	: 	: 	: 	: 	: 	: 	: 	: 	: 	2.4 	2.3 	2.2 	2.2 	2.2 	2.2 	2.1 	2.0 	2.0 	1.9 b	2.0 	2.0 	2.0 	2.0 	2.0 	2.0 	2.0 b	1.9 	1.9 	1.9 	1.8 
A,T,NWANT,Y18-24,PC,EE	: 	: 	: 	: 	: 	: 	: 	: 	: 	: 	: 	: 	: 	2.6 	1.8 u	2.1 u	1.8 u	1.7 bu	2.1 u	1.2 u	1.5 u	1.8 u	2.0 bu	2.9 	1.7 u	2.0 u	2.0 u	2.1 u	1.7 u	2.5 bu	2.1 u	2.0 u	2.1 u	2.6 u
A,T,NWANT,Y18-24,PC,EL	: 	: 	: 	: 	: 	: 	: 	: 	: 	: 	: 	: 	: 	2.9 	2.3 b	2.4 	2.4 b	2.4 b	2.8 	2.4 	2.1 	1.7 	1.5 b	1.5 	1.4 	1.4 	0.9 	0.9 	1.2 	1.0 b	1.3 	1.3 	1.3 b	1.1 
A,T,NWANT,Y18-24,PC,ES	: 	: 	: 	: 	: 	: 	: 	: 	: 	: 	: 	: 	: 	2.6 b	2.6 b	2.9 	2.8 	2.6 	2.3 	2.2 	2.1 	2.1 	2.2 b	2.2 	2.3 	2.2 	2.3 	2.2 	2.6 	2.0 bd	1.9 d	2.0 d	1.9 d	1.7 d
A,T,NWANT,Y18-24,PC,EU27_2020	: 	: 	: 	: 	: 	: 	: 	: 	: 	: 	: 	: 	: 	2.3 	2.2 b	2.1 	2.1 	2.2 	2.2 	2.1 	2.1 	2.0 	2.0 b	2.1 	2.2 	2.2 	2.1 	2.1 	2.2 	2.3 b	2.1 	2.1 	2.1 	2.1 
A,T,NWANT,Y18-24,PC,FI	: 	: 	: 	: 	: 	: 	: 	: 	: 	: 	: 	: 	: 	1.9 	2.0 	1.8 	2.0 	2.2 	2.4 	2.1 	2.2 	2.5 	2.7 b	2.4 	2.4 	2.3 	2.4 	2.3 	2.3 	2.8 b	3.0 	3.3 	3.4 	3.6 
A,T,NWANT,Y18-24,PC,FR	: 	: 	: 	: 	: 	: 	: 	: 	: 	: 	: 	: 	: 	2.1 	1.8 	2.0 	1.8 	2.0 	2.1 	1.9 	1.9 	1.7 b	1.7 b	1.9 	1.9 	1.9 	1.8 	1.9 	1.9 	1.9 bd	1.9 d	2.1 d	2.2 d	1.9 d
A,T,NWANT,Y18-24,PC,HR	: 	: 	: 	: 	: 	: 	: 	: 	: 	: 	: 	: 	: 	1.2 bu	1.0 bu	0.7 bu	0.8 u	1.1 u	0.8 bu	0.8 u	1.1 u	1.0 u	0.5 bu	0.7 u	0.8 u	0.6 u	1.3 u	1.6 u	1.3 u	1.1 bu	0.7 u	0.7 u	0.9 u	1.1 u
A,T,NWANT,Y18-24,PC,HU	: 	: 	: 	: 	: 	: 	: 	: 	: 	: 	: 	: 	: 	3.8 	3.7 b	3.5 	4.1 	3.7 	3.3 	3.4 	3.6 	3.5 	3.2 b	2.9 	3.3 	3.7 	3.8 b	3.3 	3.5 	3.3 b	4.2 	3.4 	3.2 	3.3 
A,T,NWANT,Y18-24,PC,IE	: 	: 	: 	: 	: 	: 	: 	: 	: 	: 	: 	: 	: 	2.7 	2.2 b	1.5 b	1.8 	1.8 	2.1 	2.3 	2.0 	1.8 	1.8 b	1.6 	1.8 	2.0 b	1.6 	1.9 	1.9 	: bu	: u	1.3 u	: bu	1.4 u
A,T,NWANT,Y18-24,PC,IS	: 	: 	: 	: 	: 	: 	: 	: 	: 	: 	: 	: 	: 	: u	: u	: u	: u	: bu	1.8 	: u	: u	: u	: bu	: u	: u	: u	: u	: u	: bu	: bu	: u	: u	: u	: 
A,T,NWANT,Y18-24,PC,IT	: 	: 	: 	: 	: 	: 	: 	: 	: 	: 	: 	: 	: 	2.5 	2.8 b	2.3 	2.6 	2.7 	2.6 	2.6 	2.5 	2.6 	2.0 b	2.0 	2.0 	2.5 	2.5 b	2.2 	2.5 	2.5 b	2.2 	1.6 	1.6 	1.3 
A,T,NWANT,Y18-24,PC,LT	: 	: 	: 	: 	: 	: 	: 	: 	: 	: 	: 	: 	: 	2.3 u	3.4 bu	2.0 u	2.0 u	2.7 	2.4 u	2.3 u	2.1 u	2.1 	1.8 b	1.9 	1.7 	1.9 	1.7 u	1.7 u	1.9 	2.1 b	2.5 	3.8 	5.0 	3.5 
A,T,NWANT,Y18-24,PC,LU	: 	: 	: 	: 	: 	: 	: 	: 	: 	: 	: 	: 	: 	1.6 u	1.8 bu	: bu	: u	: bu	: u	: u	: u	: u	: bu	: bu	: u	: u	: u	: u	: u	1.3 bu	1.4 u	: u	: u	: u
A,T,NWANT,Y18-24,PC,LV	: 	: 	: 	: 	: 	: 	: 	: 	: 	: 	: 	: 	: 	1.7 	1.6 b	2.3 	2.4 	1.6 	1.3 u	1.7 	1.1 u	1.2 u	1.6 b	1.4 	2.1 	1.6 	1.6 u	2.7 	1.9 u	2.0 bu	: u	2.3 u	2.8 	2.4 u
A,T,NWANT,Y18-24,PC,ME	: 	: 	: 	: 	: 	: 	: 	: 	: 	: 	: 	: 	: 	: 	: 	: 	: 	: 	: 	: u	: u	: u	: bu	: u	: u	: u	: u	: u	: u	: 	: 	: 	: 	: 
A,T,NWANT,Y18-24,PC,MK	: 	: 	: 	: 	: 	: 	: 	: 	: 	: 	: 	: 	: 	: 	7.2 	5.8 b	6.4 	5.4 	6.3 	4.9 	4.1 	4.6 	3.7 b	4.5 	3.9 	3.3 	2.9 	3.1 	2.2 	2.3 b	1.9 	3.1 	2.2 	2.6 
A,T,NWANT,Y18-24,PC,MT	: 	: 	: 	: 	: 	: 	: 	: 	: 	: 	: 	: 	: 	4.0 b	2.2 b	2.8 	2.4 	3.4 	2.4 	2.2 b	2.1 	1.7 u	1.7 bu	1.8 u	1.7 u	1.6 u	1.1 u	2.1 u	1.6 u	3.0 b	1.5 u	: u	1.7 u	1.4 u
A,T,NWANT,Y18-24,PC,NL	: 	: 	: 	: 	: 	: 	: 	: 	: 	: 	: 	: 	: 	1.6 b	1.5 b	1.3 	1.3 	1.4 	1.4 	1.1 	1.3 	1.2 b	1.3 b	1.2 	1.3 	1.2 	1.4 	1.5 b	1.5 	0.3 b	0.4 	0.5 	0.5 	0.5 
A,T,NWANT,Y18-24,PC,NO	: 	: 	: 	: 	: 	: 	: 	: 	: 	: 	: 	: 	: 	: 	1.3 	1.5 	1.3 	1.2 	1.1 	1.5 	1.2 	1.6 	1.9 b	1.3 	1.6 	1.4 u	1.4 u	1.4 u	1.2 u	1.4 bu	: u	: u	: u	: u
A,T,NWANT,Y18-24,PC,PL	: 	: 	: 	: 	: 	: 	: 	: 	: 	: 	: 	: 	: 	1.0 	1.2 	1.2 	1.2 b	1.3 	1.3 b	1.3 	1.3 	1.4 	1.5 b	1.5 	1.6 	1.5 	1.5 	1.7 b	2.0 	2.9 b	2.2 	1.6 	1.7 	1.6 
A,T,NWANT,Y18-24,PC,PT	: 	: 	: 	: 	: 	: 	: 	: 	: 	: 	: 	: 	: 	3.3 	2.9 b	3.1 	2.8 	3.0 	2.9 	1.9 b	1.5 	1.4 	1.3 b	1.1 	1.4 	1.1 	0.8 	0.9 	0.8 	0.6 bu	0.5 u	0.9 u	0.8 u	0.7 u
A,T,NWANT,Y18-24,PC,RO	: 	: 	: 	: 	: 	: 	: 	: 	: 	: 	: 	: 	: 	4.1 	3.8 b	3.3 	3.2 	3.2 	4.2 b	4.0 	3.9 	3.8 	4.3 b	5.3 	5.5 	5.0 	5.3 	5.3 	5.8 	7.1 b	6.9 	7.7 	7.8 	7.9 
A,T,NWANT,Y18-24,PC,RS	: 	: 	: 	: 	: 	: 	: 	: 	: 	: 	: 	: 	: 	: 	: 	: 	: 	: 	1.3 u	1.6 	1.8 	1.7 	1.7 b	1.5 	1.6 	1.6 	2.0 	1.9 	1.9 	2.7 b	2.0 	2.3 	2.0 	2.2 
A,T,NWANT,Y18-24,PC,SE	: 	: 	: 	: 	: 	: 	: 	: 	: 	: 	: 	: 	: 	1.4 b	1.1 b	1.1 b	1.3 b	1.3 	1.1 	1.1 	1.4 	1.4 	1.2 b	1.1 	1.4 	1.7 	1.7 b	1.4 	1.2 	1.1 b	0.9 	0.8 u	0.8 u	0.7 u
A,T,NWANT,Y18-24,PC,SI	: 	: 	: 	: 	: 	: 	: 	: 	: 	: 	: 	: 	: 	1.1 u	1.2 bu	0.8 u	0.8 u	1.1 u	1.1 u	0.9 u	1.4 u	0.8 u	0.9 bu	1.2 u	1.4 u	1.3 u	1.2 u	1.6 u	1.0 u	1.1 bu	2.2 u	1.9 bu	1.9 u	2.8 u
A,T,NWANT,Y18-24,PC,SK	: 	: 	: 	: 	: 	: 	: 	: 	: 	: 	: 	: 	: 	1.7 	1.8 b	1.9 	1.9 	1.8 	1.5 	1.3 b	1.6 	2.1 	2.0 b	2.1 	2.8 	3.6 	3.1 	3.3 	3.7 	3.7 b	3.5 b	2.6 	3.1 	3.4 
A,T,NWANT,Y18-24,PC,TR	: 	: 	: 	: 	: 	: 	: 	: 	: 	: 	: 	: 	: 	: 	23.4 	22.9 	22.0 	20.5 	19.2 	18.2 	17.4 	15.5 	15.1 b	13.9 	13.3 	12.6 	11.9 	10.9 	10.0 	8.0 b	7.3 	6.9 	5.9 	5.1 
A,T,NWANT,Y18-24,PC,UK	: 	: 	: 	: 	: 	: 	: 	: 	: 	: 	: 	: 	: 	2.0 	2.0 	3.2 b	3.0 b	3.1 	2.9 b	2.8 b	2.8 	2.3 	2.2 b	2.1 	2.3 	2.4 	2.3 	2.5 	: 	: 	: 	: 	: 	: 
A,T,POP,Y18-24,PC,AT	: 	: 	: 	13.6 	12.1 	10.8 	: 	10.7 	10.2 	10.2 	9.5 	9.0 	9.8 b	9.3 	10.0 b	10.8 	10.2 	8.8 	8.3 	8.5 	7.8 	7.5 	7.0 b	7.3 	6.9 	7.4 	7.3 	7.8 	8.1 	8.0 b	8.4 	8.6 	8.1 	10.0 
A,T,POP,Y18-24,PC,BA	: 	: 	: 	: 	: 	: 	: 	: 	: 	: 	: 	: 	: 	: 	: 	: 	: 	: 	: 	: 	: 	: 	: 	: 	: 	: 	: 	: 	: 	4.7 b	3.6 	4.2 	3.8 	3.0 
A,T,POP,Y18-24,PC,BE	18.1 	17.4 	16.1 	15.1 	12.9 	12.7 	14.5 	15.2 b	13.8 	13.8 	14.1 	14.3 	13.1 b	12.9 	12.6 b	12.1 	12.0 b	11.1 	11.9 	12.3 b	12.0 	11.0 	9.8 b	10.1 	8.8 	8.9 b	8.6 	8.4 	8.1 	6.7 b	6.4 	6.2 	7.0 b	7.3 
A,T,POP,Y18-24,PC,BG	: 	: 	: 	: 	: 	: 	: 	: 	: 	20.5 b	20.7 	21.9 b	21.4 	20.4 	17.3 b	14.9 	14.8 	14.7 	12.6 b	11.8 b	12.5 	12.5 	12.9 b	13.4 	13.8 	12.7 	12.7 	13.9 b	12.8 	12.0 b	10.3 	9.3 	8.2 b	8.6 
A,T,POP,Y18-24,PC,CH	: 	: 	: 	: 	6.1 	6.5 	4.9 	5.0 	7.3 	6.6 	6.7 	9.7 b	9.5 	9.7 	9.6 	7.6 	7.7 	9.1 	6.7 b	6.3 	5.5 	5.6 	5.6 b	5.2 	4.9 	4.5 	4.4 	4.4 	4.0 	5.1 b	6.5 	5.7 	5.7 	5.5 
A,T,POP,Y18-24,PC,CY	: 	: 	: 	: 	: 	: 	: 	17.5 	18.5 	17.9 	15.9 	17.3 b	20.6 	18.2 	14.9 b	12.5 	13.7 	11.7 b	12.7 	11.3 	11.4 	9.1 	6.8 b	5.2 	7.6 	8.5 	7.8 	9.0 	11.6 	9.8 b	8.2 	10.4 	11.3 	9.8 
A,T,POP,Y18-24,PC,CZ	: 	: 	: 	: 	: 	: 	: 	: 	: 	: 	5.7 	6.5 b	6.3 	6.2 	5.1 b	5.2 	5.6 	5.4 	4.9 	4.9 b	5.5 	5.4 	5.5 b	6.2 	6.6 	6.7 	6.2 	6.7 	7.6 	6.4 b	6.2 b	6.4 	5.4 	6.1 
A,T,POP,Y18-24,PC,DE	: 	: 	: 	: 	13.3 	12.9 	: 	14.9 	14.6 u	12.3 	12.5 	12.8 b	12.1 	13.5 b	13.7 	12.5 	11.8 b	11.1 	11.8 b	11.6 	10.5 b	9.8 	9.5 b	10.1 	10.3 	10.1 	10.3 	10.3 	10.1 b	12.3 b	12.5 	13.0 	12.9 b	13.1 
A,T,POP,Y18-24,PC,DK	15.2 	8.5 	8.6 	6.1 	12.1 b	10.7 	9.8 	11.5 	11.7 	9.2 	9.0 	10.4 b	8.8 	8.7 	9.1 	12.9 b	12.7 b	11.5 	11.5 	10.3 	9.6 	8.2 	8.1 b	8.1 	7.5 b	8.8 b	10.4 	9.9 	9.3 	9.8 b	10.0 	10.4 	10.4 	10.0 b
A,T,POP,Y18-24,PC,EA21	: 	: 	: 	: 	: 	: 	: 	: 	: 	: 	18.7 	18.3 	17.8 	17.5 	17.1 	16.5 	16.1 	15.6 	15.2 	14.4 	13.6 	12.7 	11.7 b	11.5 	11.0 	10.9 	10.9 	10.5 	10.3 	9.9 b	9.8 	9.8 	9.6 	9.3 
A,T,POP,Y18-24,PC,EE	: 	: 	: 	: 	: 	: 	12.6 	14.0 	15.1 b	14.7 	13.6 	13.7 b	13.9 	14.0 	13.4 	14.4 	14.0 	13.5 b	11.0 	10.6 	10.3 	9.7 	12.0 b	13.7 	11.4 	11.8 	12.0 	11.2 	8.5 	9.8 b	10.8 	9.7 	11.0 	10.2 
A,T,POP,Y18-24,PC,EL	25.2 	25.0 	23.2 	22.4 	20.7 	19.9 	20.7 	18.6 	18.2 	16.9 b	16.2 	15.6 b	14.5 b	13.3 	15.1 b	14.3 	14.4 b	14.2 b	13.5 	12.9 	11.3 	10.1 	9.0 b	7.9 	6.2 	6.0 	4.7 	4.1 	3.8 	3.2 b	4.1 	3.7 	3.0 b	3.0 
A,T,POP,Y18-24,PC,ES	40.4 	37.7 	36.4 	33.8 	31.4 	30.0 	29.6 	29.5 	29.1 	29.7 	30.9 	31.7 b	32.2 	31.0 b	30.3 b	30.8 	31.7 	30.9 	28.2 	26.3 	24.7 	23.6 	21.9 b	20.0 	19.0 	18.3 	17.9 	17.3 	16.0 	13.3 bd	13.9 d	13.7 d	13.0 d	12.8 d
A,T,POP,Y18-24,PC,EU27_2020	: 	: 	: 	: 	: 	: 	: 	: 	: 	: 	16.9 	16.4 b	16.0 	15.6 	15.2 b	14.7 	14.3 	14.0 	13.8 	13.2 	12.6 	11.8 	11.1 b	11.0 	10.6 	10.5 	10.5 	10.1 	10.0 	9.7 b	9.6 	9.6 	9.4 	9.1 
A,T,POP,Y18-24,PC,FI	: 	: 	: 	: 	11.1 	8.1 	7.9 	9.9 	9.0 b	9.5 	9.7 	10.1 b	10.0 	10.3 	9.7 	9.1 	9.8 	9.9 	10.3 	9.8 	8.9 	9.3 	9.5 b	9.2 	7.9 	8.2 	8.3 	7.3 	8.2 	8.2 b	8.4 	9.6 	9.6 	9.9 
A,T,POP,Y18-24,PC,FR	: 	17.2 	16.4 	15.4 	15.2 	14.1 	14.9 	14.7 	13.3 	13.5 	13.4 	12.7 b	12.3 	12.5 	12.7 	12.8 	11.8 	12.4 	12.7 	12.3 	11.8 	9.7 b	8.8 b	9.2 	8.8 	8.8 	8.7 	8.2 	8.0 	7.8 bd	7.6 d	7.6 d	7.7 d	7.0 d
A,T,POP,Y18-24,PC,HR	: 	: 	: 	: 	: 	: 	: 	: 	: 	: 	8.0 	7.9 	5.4 u	5.1 bu	4.7 bu	4.0 b	3.8 	4.3 	3.9 b	4.3 	5.0 	4.3 	2.8 bu	2.7 u	2.8 u	2.9 u	3.1 u	3.0 u	2.2 u	2.4 bu	2.1 u	2.0 u	2.0 u	2.1 u
A,T,POP,Y18-24,PC,HU	: 	: 	: 	: 	: 	17.8 	15.9 	13.0 	13.9 	13.1 b	12.2 	12.0 b	12.6 	12.5 	12.5 b	11.4 	11.7 	11.5 	10.8 	11.4 	11.8 	11.9 	11.4 b	11.6 	12.4 	12.5 	12.4 b	11.9 	12.0 	12.0 b	12.2 	11.6 	10.3 	9.3 
A,T,POP,Y18-24,PC,IE	27.1 	24.0 	22.9 	21.4 	18.9 	18.9 	: 	: 	: 	: 	14.6 	13.1 	13.1 b	12.5 	12.3 b	12.0 b	11.7 	11.8 	11.9 	11.1 	9.9 	8.7 	6.7 b	6.8 	6.0 	5.0 b	5.0 	5.1 	5.0 	3.3 b	3.7 	4.0 	2.8 b	3.6 
A,T,POP,Y18-24,PC,IS	: 	: 	: 	: 	: 	: 	: 	30.3 	29.8 	30.9 	28.8 	20.3 b	24.9 	24.9 	: u	23.2 	24.4 	21.3 b	22.6 	19.7 	20.1 	20.5 	19.1 b	18.8 	19.8 	17.8 	21.5 	17.9 	14.8 b	14.4 b	16.5 	15.8 	15.3 	: 
A,T,POP,Y18-24,PC,IT	37.5 	37.1 b	35.1 	32.8 	31.7 	30.1 	28.4 	27.2 	25.1 	25.9 	24.2 	23.0 	23.1 b	22.1 	20.4 b	19.5 	19.6 	19.1 	18.6 	17.8 	17.3 	16.8 	15.0 b	14.7 	13.8 	14.0 	14.3 b	13.3 	14.2 	12.7 b	11.5 	10.5 	9.8 	8.2 
A,T,POP,Y18-24,PC,LT	: 	: 	: 	: 	: 	: 	: 	: 	16.5 b	14.9 	13.4 b	11.4 	10.3 b	8.4 	8.8 b	7.8 	7.5 	8.7 	7.9 	7.4 	6.5 	6.3 	5.9 b	5.5 	4.8 	5.4 	4.6 	4.0 	5.6 	5.3 b	4.8 	6.4 	8.4 	5.9 
A,T,POP,Y18-24,PC,LU	42.2 	36.8 	34.4 	33.4 	35.3 	30.7 	: 	19.1 b	16.8 	18.1 	17.0 	12.3 b	12.7 	13.3 	14.0 b	12.5 b	13.4 	7.7 b	7.1 	6.2 	8.1 	6.1 	6.1 b	9.3 b	5.5 	7.3 	6.3 	7.2 	8.2 	9.3 b	8.2 	6.8 u	7.8 u	: u
A,T,POP,Y18-24,PC,LV	: 	: 	: 	: 	: 	: 	: 	: 	: 	: 	16.5 b	18.8 b	15.9 	15.4 	15.6 b	15.6 	15.5 	14.3 	12.9 	11.6 	10.6 	9.8 	8.5 b	9.9 	10.0 	8.6 	8.3 	8.7 	7.2 	7.3 b	6.7 	7.7 	7.9 	8.8 
A,T,POP,Y18-24,PC,ME	: 	: 	: 	: 	: 	: 	: 	: 	: 	: 	: 	: 	: 	: 	: 	: 	: 	: 	: 	7.2 	6.7 	5.6 	5.1 b	5.7 	5.5 	5.4 	4.6 	5.0 	3.6 	: 	: 	: 	: 	: 
A,T,POP,Y18-24,PC,MK	: 	: 	: 	: 	: 	: 	: 	: 	: 	: 	: 	: 	: 	: 	22.8 	19.9 b	19.6 	16.2 	15.5 	13.5 	11.7 	11.4 	12.5 b	11.4 	9.9 	8.5 	7.1 	7.1 	5.7 	6.1 b	6.2 	8.4 	8.0 	9.5 
A,T,POP,Y18-24,PC,MT	: 	: 	: 	: 	: 	: 	: 	: 	54.2 d	54.4 d	53.2 d	49.9 d	42.1 d	33.0 b	32.2 b	30.2 	27.2 	25.7 	21.4 	18.8 b	18.1 	17.1 	17.0 b	16.3 	15.6 	14.0 	14.0 	14.2 	13.0 	10.9 b	10.3 	10.2 	9.5 	8.6 
A,T,POP,Y18-24,PC,NL	: 	: 	: 	: 	17.6 	16.0 	15.5 	16.2 	15.4 	15.1 	15.3 	14.3 b	14.1 	14.3 b	12.9 b	11.9 	11.4 	11.3 	10.1 	9.2 	8.9 	9.3 b	8.7 b	8.2 	8.0 	7.1 	7.3 	7.5 b	7.0 	5.1 b	5.6 	6.2 	7.0 	7.4 
A,T,POP,Y18-24,PC,NO	: 	: 	: 	: 	: 	: 	: 	: 	: 	: 	: 	: 	: 	: 	17.8 	18.4 	17.0 	17.6 	17.4 	16.6 	14.8 	13.7 	11.7 b	10.2 	10.9 	10.4 	9.9 	9.9 	9.9 	9.8 b	3.1 	3.4 	3.5 	3.8 
A,T,POP,Y18-24,PC,PL	: 	: 	: 	: 	: 	: 	: 	: 	: 	7.4 	7.2 	6.0 b	5.6 b	5.3 	5.4 	5.0 	5.0 b	5.3 	5.4 b	5.6 	5.7 	5.6 	5.4 b	5.3 	5.2 	5.0 	4.8 	5.1 b	5.3 	5.8 b	4.7 	3.7 	4.1 	4.0 
A,T,POP,Y18-24,PC,PT	50.0 	46.7 	44.3 	41.4 	40.1 	40.6 	46.6 b	44.9 	43.7 	44.3 	45.0 	41.2 	39.3 b	38.3 	38.5 b	36.5 	34.9 	30.9 	28.3 	22.8 b	20.5 	18.7 	17.3 b	13.5 	13.9 	12.6 	11.6 	10.5 	9.1 	6.4 b	6.3 	8.1 	6.6 	6.1 
A,T,POP,Y18-24,PC,RO	: 	: 	: 	: 	: 	19.7 	19.1 	21.5 	22.9 	21.7 	23.0 	22.5 b	22.4 	19.6 	17.9 b	17.3 	15.9 	16.6 	19.3 b	18.1 	17.8 	17.3 	18.1 b	19.1 	18.5 	18.1 	16.4 	15.3 	15.6 	15.3 b	15.6 	16.6 	16.8 	15.5 
A,T,POP,Y18-24,PC,RS	: 	: 	: 	: 	: 	: 	: 	: 	: 	: 	: 	: 	: 	: 	: 	: 	: 	: 	8.3 	8.5 	8.1 	8.9 	8.4 b	7.5 	7.0 	6.2 	6.8 	6.6 	5.6 	7.7 b	5.7 	5.8 	6.2 	5.1 
A,T,POP,Y18-24,PC,SE	: 	: 	: 	: 	7.5 	6.8 	: 	6.9 	7.3 	10.2 b	10.0 	9.2 b	9.2 	10.8 b	8.6 b	8.0 b	7.9 b	7.0 	6.5 	6.6 	7.5 	7.1 	6.7 b	7.0 	7.4 	7.7 	7.5 b	6.5 	7.7 	8.4 b	8.8 	7.4 	7.2 	6.7 
A,T,POP,Y18-24,PC,SI	: 	: 	: 	: 	: 	: 	: 	: 	: 	6.4 	5.1 	4.6 b	4.3 	4.9 	5.6 b	4.1 	5.1 	5.3 	5.0 	4.2 	4.4 	3.9 	4.4 b	5.0 	4.9 	4.3 	4.2 	4.6 	4.1 	3.1 bu	4.0 	5.4 b	5.0 	5.5 
A,T,POP,Y18-24,PC,SK	: 	: 	: 	: 	: 	: 	: 	: 	: 	: 	6.7 	5.3 b	6.8 	6.3 	6.6 b	6.5 	6.0 	4.9 	4.7 	5.1 b	5.3 	6.4 	6.7 b	6.9 	7.4 	9.3 	8.6 	8.3 	7.6 	7.8 b	7.4 b	6.4 	7.5 	6.8 
A,T,POP,Y18-24,PC,TR	: 	: 	: 	: 	: 	: 	: 	: 	: 	: 	: 	: 	: 	: 	48.8 	46.9 	45.5 	44.3 	43.1 	41.9 	39.6 	37.5 	38.3 b	36.4 	34.3 	32.5 	31.0 	28.7 	26.7 	23.1 b	21.2 	19.5 	18.7 	17.9 
A,T,POP,Y18-24,PC,UK	34.7 	36.3 	32.3 	: 	: 	: 	: 	19.8 b	18.2 	17.8 	17.6 	12.1 b	12.1 	11.5 	11.2 	16.6 b	16.9 b	15.7 	14.8 b	14.9 b	13.4 	12.4 	11.8 b	10.8 	11.2 	10.6 	10.7 	10.9 	: 	: 	: 	: 	: 	: 
A,T,WANT,Y18-24,PC,AT	: 	: 	: 	: 	: 	: 	: 	: 	: 	: 	: 	: 	: 	3.1 	3.0 b	3.1 b	2.9 	3.1 	2.7 	2.8 	2.6 	2.9 	2.8 b	2.5 	2.6 	2.7 	2.3 	2.8 	3.4 	2.7 b	2.5 	2.7 	2.6 	4.0 
A,T,WANT,Y18-24,PC,BA	: 	: 	: 	: 	: 	: 	: 	: 	: 	: 	: 	: 	: 	: 	: 	: 	: 	: 	: 	: 	: 	: 	: 	: 	: 	: 	: 	: 	: 	1.3 b	1.0 u	1.0 u	0.8 u	0.4 u
A,T,WANT,Y18-24,PC,BE	: 	: 	: 	: 	: 	: 	: 	: 	: 	: 	: 	: 	: 	4.0 	3.8 b	3.6 	3.5 b	3.7 	4.3 	4.3 b	4.4 	4.7 	3.9 b	4.3 	3.2 	3.0 b	2.5 	2.7 	2.6 	2.0 b	1.9 	1.8 	2.2 b	2.3 
A,T,WANT,Y18-24,PC,BG	: 	: 	: 	: 	: 	: 	: 	: 	: 	: 	: 	: 	: 	9.6 	7.7 b	5.4 	4.8 b	4.9 	5.0 b	4.8 b	5.3 	5.4 	5.1 b	4.4 	4.0 	3.0 	3.0 	2.7 b	2.7 	3.3 b	2.6 	2.0 	1.6 bu	1.4 
A,T,WANT,Y18-24,PC,CH	: 	: 	: 	: 	: 	: 	: 	: 	: 	: 	: 	: 	: 	2.9 	2.3 	2.0 	1.6 	2.8 	2.0 b	1.6 	1.7 	1.7 	2.0 b	1.8 	1.9 	1.7 	1.7 	1.6 	1.4 	2.3 b	2.8 	2.3 	2.3 	2.1 
A,T,WANT,Y18-24,PC,CY	: 	: 	: 	: 	: 	: 	: 	: 	: 	: 	: 	: 	: 	2.7 	1.3 bu	1.5 u	1.4 u	1.1 bu	1.8 u	1.8 u	3.5 	3.8 	1.9 bu	2.1 u	1.6 u	2.1 u	1.8 u	1.2 u	1.7 u	1.6 bu	2.0 u	2.7 u	2.4 u	2.2 u
A,T,WANT,Y18-24,PC,CZ	: 	: 	: 	: 	: 	: 	: 	: 	: 	: 	: 	: 	: 	2.0 	1.8 b	1.3 	1.5 	1.9 	1.6 	1.7 b	2.1 	1.9 	1.4 b	1.7 	1.6 	1.2 	1.1 	0.9 	1.2 	1.0 b	1.1 b	1.4 	1.2 	1.5 
A,T,WANT,Y18-24,PC,DE	: 	: 	: 	: 	: 	: 	: 	: 	: 	: 	: 	: 	: 	5.8 b	5.6 	5.1 	4.7 b	4.5 	4.0 b	3.8 b	3.8 b	3.4 	3.4 b	3.5 	3.5 	3.3 	3.1 	3.0 	3.3 b	3.8 b	3.5 	3.7 	3.6 b	4.0 
A,T,WANT,Y18-24,PC,DK	: 	: 	: 	: 	: 	: 	: 	: 	: 	: 	: 	: 	: 	1.5 	1.1 	2.6 b	3.2 b	3.3 	3.6 	3.5 	3.0 	2.4 	2.6 b	2.4 	3.1 b	2.8 b	2.7 	2.9 	2.3 	2.1 b	2.1 	2.3 b	2.7 	2.9 b
A,T,WANT,Y18-24,PC,EA21	: 	: 	: 	: 	: 	: 	: 	: 	: 	: 	: 	: 	: 	5.4 	5.1 	4.9 	5.0 	5.9 	5.9 	5.8 	6.0 	5.8 	5.4 b	5.0 	4.7 	4.3 	4.1 	3.8 	4.0 	3.7 b	3.3 	3.2 	3.1 	3.1 
A,T,WANT,Y18-24,PC,EE	: 	: 	: 	: 	: 	: 	: 	: 	: 	: 	: 	: 	: 	3.4 	2.5 u	3.4 	2.6 	6.0 b	5.0 	4.0 	3.6 	2.6 	2.9 b	3.0 	2.5 u	2.2 u	2.8 	2.5 u	2.7 u	2.3 bu	2.9 	2.4 u	2.9 u	2.7 u
A,T,WANT,Y18-24,PC,EL	: 	: 	: 	: 	: 	: 	: 	: 	: 	: 	: 	: 	: 	2.1 	3.0 b	2.4 	2.6 b	3.1 b	3.7 	4.8 	4.9 	5.1 	4.2 b	3.4 	2.5 	2.4 	2.2 	1.8 	1.3 	1.2 b	1.4 	0.9 	0.7 b	0.9 
A,T,WANT,Y18-24,PC,ES	: 	: 	: 	: 	: 	: 	: 	: 	: 	: 	: 	: 	: 	6.8 b	5.9 b	6.0 	8.8 	13.0 	13.1 	12.9 	13.3 	13.4 	12.2 b	9.9 	9.1 	7.9 	7.2 	6.4 	7.1 	5.5 bd	5.6 d	5.1 d	4.5 d	4.2 d
A,T,WANT,Y18-24,PC,EU27_2020	: 	: 	: 	: 	: 	: 	: 	: 	: 	: 	: 	: 	: 	4.9 	4.6 b	4.3 	4.4 	5.2 	5.2 	5.2 	5.3 	5.1 	4.8 b	4.5 	4.2 	3.9 	3.6 	3.4 	3.6 	3.3 b	3.0 	2.9 	2.9 	2.8 
A,T,WANT,Y18-24,PC,FI	: 	: 	: 	: 	: 	: 	: 	: 	: 	: 	: 	: 	: 	2.2 	2.3 	2.1 	2.3 	3.2 	3.0 	3.0 	2.6 	3.0 	2.9 b	3.2 	2.5 	2.5 	2.3 	2.0 	2.5 	1.5 b	1.7 	2.0 	2.5 	2.6 
A,T,WANT,Y18-24,PC,FR	: 	: 	: 	: 	: 	: 	: 	: 	: 	: 	: 	: 	: 	4.6 	5.1 	4.8 	4.4 	5.3 	5.3 	5.2 	5.2 	4.2 b	4.1 b	4.3 	4.0 	3.8 	3.7 	3.5 	3.4 	3.3 bd	2.8 d	2.9 d	2.9 d	2.8 d
A,T,WANT,Y18-24,PC,HR	: 	: 	: 	: 	: 	: 	: 	: 	: 	: 	: 	: 	: 	1.6 bu	1.9 bu	1.2 bu	1.1 u	1.7 u	1.7 bu	2.3 u	2.7 u	2.8 u	1.8 bu	1.5 u	1.3 u	1.5 u	1.0 u	0.7 u	0.6 u	0.5 bu	0.6 u	0.7 u	0.7 u	0.5 u
A,T,WANT,Y18-24,PC,HU	: 	: 	: 	: 	: 	: 	: 	: 	: 	: 	: 	: 	: 	4.1 	4.1 b	3.5 	3.4 	4.5 	4.1 	4.6 	4.9 	5.1 	4.0 b	4.0 	3.9 	3.4 	3.3 b	3.4 	3.4 	3.1 b	2.7 	2.5 	2.8 	2.1 
A,T,WANT,Y18-24,PC,IE	: 	: 	: 	: 	: 	: 	: 	: 	: 	: 	: 	: 	: 	2.6 	2.5 b	2.9 b	3.7 	5.1 	5.5 	5.5 	5.1 	3.8 	2.8 b	3.0 	1.8 	1.5 b	1.9 	1.8 	1.6 u	: bu	: u	: u	: bu	: u
A,T,WANT,Y18-24,PC,IS	: 	: 	: 	: 	: 	: 	: 	: 	: 	: 	: 	: 	: 	2.6 	: u	1.9 	2.2 	4.9 b	4.3 	4.0 	4.2 	3.6 	3.3 b	2.6 	2.3 	2.4 	2.4 	2.5 	2.7 b	2.6 b	: u	2.0 	2.0 	: 
A,T,WANT,Y18-24,PC,IT	: 	: 	: 	: 	: 	: 	: 	: 	: 	: 	: 	: 	: 	7.9 	6.9 b	7.0 	7.0 	7.6 	7.9 	7.9 	8.4 	8.6 	8.3 b	8.0 	7.4 	7.1 	7.0 b	6.4 	7.0 	5.9 b	4.8 	4.2 	3.6 	3.1 
A,T,WANT,Y18-24,PC,LT	: 	: 	: 	: 	: 	: 	: 	: 	: 	: 	: 	: 	: 	: u	: bu	: u	1.9 u	3.1 	3.4 	2.7 	1.9 u	2.3 	1.8 b	1.5 u	1.4 u	1.3 u	0.7 u	0.7 u	1.4 u	1.1 bu	0.7 u	0.8 u	1.8 u	1.6 u
A,T,WANT,Y18-24,PC,LU	: 	: 	: 	: 	: 	: 	: 	: 	: 	: 	: 	: 	: 	2.3 u	3.2 b	2.9 b	3.4 	3.0 b	2.6 u	2.0 u	2.8 	2.0 u	1.9 bu	2.9 b	2.2 u	3.3 	2.3 u	2.8 	3.7 	3.1 b	2.3 	: u	: u	: u
A,T,WANT,Y18-24,PC,LV	: 	: 	: 	: 	: 	: 	: 	: 	: 	: 	: 	: 	: 	4.5 	4.3 b	3.6 	4.1 	7.4 	6.2 	4.5 	4.6 	4.1 	2.8 b	2.3 	3.5 	2.4 	1.6 u	: u	: u	: bu	: u	1.8 u	: u	1.8 u
A,T,WANT,Y18-24,PC,ME	: 	: 	: 	: 	: 	: 	: 	: 	: 	: 	: 	: 	: 	: 	: 	: 	: 	: 	: 	3.0 u	2.9 u	3.3 	2.2 bu	3.0 u	2.7 u	2.1 u	: u	2.3 u	2.1 u	: 	: 	: 	: 	: 
A,T,WANT,Y18-24,PC,MK	: 	: 	: 	: 	: 	: 	: 	: 	: 	: 	: 	: 	: 	: 	11.0 	9.5 b	8.6 	7.0 	6.0 	6.0 	5.6 	4.3 	5.6 b	3.7 	3.7 	3.4 	2.6 	1.8 	2.1 	2.4 b	2.5 	2.8 	3.2 	3.4 
A,T,WANT,Y18-24,PC,MT	: 	: 	: 	: 	: 	: 	: 	: 	: 	: 	: 	: 	: 	5.4 b	4.6 b	4.6 	3.0 	4.9 	3.9 	3.4 b	4.1 	3.9 	4.1 b	3.7 	2.9 	3.0 	2.5 	3.0 	2.7 u	1.1 bu	1.9 u	: u	: u	1.5 u
A,T,WANT,Y18-24,PC,NL	: 	: 	: 	: 	: 	: 	: 	: 	: 	: 	: 	: 	: 	3.2 b	2.6 b	2.1 	1.9 	2.5 	2.2 	2.0 	1.9 	2.5 b	2.4 b	2.0 	1.8 	1.5 	1.4 	1.5 b	1.3 	1.2 b	1.2 	1.5 	1.6 	1.8 
A,T,WANT,Y18-24,PC,NO	: 	: 	: 	: 	: 	: 	: 	: 	: 	: 	: 	: 	: 	: 	2.7 	2.5 	2.3 	3.0 	3.0 	2.8 	2.8 	3.1 	2.4 b	2.1 	2.0 	1.7 u	1.9 u	2.1 u	2.0 u	2.1 bu	: u	: u	: u	1.3 u
A,T,WANT,Y18-24,PC,PL	: 	: 	: 	: 	: 	: 	: 	: 	: 	: 	: 	: 	: 	2.7 	2.6 	1.8 	1.6 b	1.8 	2.1 b	2.2 	2.3 	2.2 	2.0 b	1.8 	1.6 	1.4 	1.2 	0.9 b	1.0 	0.9 b	0.8 u	0.5 u	0.7 u	0.9 
A,T,WANT,Y18-24,PC,PT	: 	: 	: 	: 	: 	: 	: 	: 	: 	: 	: 	: 	: 	5.8 	5.9 b	6.1 	5.6 	6.2 	6.2 	7.1 b	7.7 	7.6 	6.9 b	5.1 	5.1 	4.0 	3.2 	2.9 	3.0 	2.2 b	2.1 	2.3 	2.3 	1.9 
A,T,WANT,Y18-24,PC,RO	: 	: 	: 	: 	: 	: 	: 	: 	: 	: 	: 	: 	: 	5.1 	4.4 b	4.3 	3.7 	4.3 	5.0 b	5.5 	4.7 	4.7 	4.8 b	4.4 	4.3 	3.7 	2.7 	2.2 	2.1 	2.7 b	2.9 	3.3 	3.4 	3.3 
A,T,WANT,Y18-24,PC,RS	: 	: 	: 	: 	: 	: 	: 	: 	: 	: 	: 	: 	: 	: 	: 	: 	: 	: 	4.0 	4.4 	4.1 	4.3 	3.9 b	3.5 	3.0 	2.5 	2.8 	2.7 	2.2 	2.1 b	1.6 	2.0 	2.0 	1.4 
A,T,WANT,Y18-24,PC,SE	: 	: 	: 	: 	: 	: 	: 	: 	: 	: 	: 	: 	: 	3.5 b	2.8 b	2.1 b	2.2 b	2.4 	2.2 	2.0 	2.3 	2.1 	2.0 b	2.0 	1.9 	1.7 	1.5 b	1.6 	2.5 	2.2 b	2.2 	2.0 	2.4 	2.2 
A,T,WANT,Y18-24,PC,SI	: 	: 	: 	: 	: 	: 	: 	: 	: 	: 	: 	: 	: 	1.7 u	1.8 bu	1.1 u	1.1 u	1.5 u	1.8 u	2.0 u	1.9 u	2.1 u	2.1 bu	2.1 u	1.8 u	1.0 u	1.1 u	1.1 u	1.4 u	: bu	0.7 u	1.1 bu	1.0 u	: u
A,T,WANT,Y18-24,PC,SK	: 	: 	: 	: 	: 	: 	: 	: 	: 	: 	: 	: 	: 	3.6 	3.6 b	3.3 	2.8 	2.2 	2.2 	2.5 b	2.4 	2.6 	2.9 b	3.2 	2.6 	3.0 	3.0 	3.1 	2.4 	3.1 b	2.8 b	2.6 	3.1 	1.9 u
A,T,WANT,Y18-24,PC,TR	: 	: 	: 	: 	: 	: 	: 	: 	: 	: 	: 	: 	: 	: 	6.0 	5.7 	5.7 	7.1 	6.2 	4.9 	4.9 	5.0 	5.4 b	5.2 	5.0 	4.5 	4.3 	4.9 	5.5 	4.5 b	3.7 	3.4 	3.6 	4.0 
A,T,WANT,Y18-24,PC,UK	: 	: 	: 	: 	: 	: 	: 	: 	: 	: 	: 	: 	: 	2.9 	2.9 	4.4 b	5.0 b	4.9 	5.1 b	5.4 b	4.9 	4.4 	3.9 b	3.2 	3.0 	2.4 	2.3 	2.5 	: 	: 	: 	: 	: 	: 
