freq,unit,sex,age,geo\TIME_PERIOD	2000 	2001 	2002 	2003 	2004 	2005 	2006 	2007 	2008 	2009 	2010 	2011 	2012 	2013 	2014 	2015 	2016 	2017 	2018 	2019 	2020 	2021 	2022 	2023 	2024 	2025 
A,PC,F,Y18-24,AT	10.7 	10.7 	10.2 	9.8 	9.1 b	8.9 	9.8 b	10.2 	9.9 	8.9 	8.3 	8.0 	7.6 	7.1 	6.5 b	6.8 	6.0 	5.8 	5.7 	6.1 	6.3 	6.3 b	7.4 	7.9 	7.0 	8.1 
A,PC,F,Y18-24,AT1	10.6 	10.0 	10.6 	10.6 	11.1 b	10.4 	11.0 b	12.2 	10.5 	10.9 	8.4 	8.5 	8.7 	8.2 	7.2 b	7.7 	6.4 	6.7 	6.1 	7.3 	7.7 	7.1 b	8.0 	8.5 	7.5 	9.6 
A,PC,F,Y18-24,AT11	: u	: u	: u	: u	: bu	: u	: bu	: u	: u	: u	: u	: u	: u	: u	: bu	: u	: u	: u	: u	: u	: u	: bu	: u	: u	: u	: u
A,PC,F,Y18-24,AT12	10.7 	10.9 	8.3 u	8.8 u	7.3 bu	9.7 	10.0 b	9.0 u	9.2 u	9.6 u	6.1 u	6.4 u	7.1 u	6.2 u	6.7 bu	5.6 u	5.1 u	5.9 u	: u	: u	6.3 u	6.3 bu	6.5 u	6.1 u	: u	5.7 u
A,PC,F,Y18-24,AT13	9.6 u	8.7 u	13.0 	12.8 	15.2 b	11.1 	12.5 b	15.8 	12.1 	12.3 	10.6 	10.5 	10.1 	10.3 	7.9 b	9.5 	7.4 	7.2 	7.3 u	10.6 	8.9 	7.9 b	9.5 	10.6 	9.8 	12.8 
A,PC,F,Y18-24,AT2	10.3 	11.2 	8.9 	7.4 u	7.1 bu	5.6 u	6.0 bu	7.1 u	7.3 u	6.0 u	8.2 u	6.7 u	6.1 u	5.7 u	: bu	5.5 u	5.6 u	5.0 u	: u	: u	: u	5.5 bu	6.7 u	7.2 u	6.2 u	: u
A,PC,F,Y18-24,AT21	: u	: u	: u	: u	: bu	: u	: bu	: u	: u	: u	: u	: u	: u	: u	: bu	: u	: u	: u	: u	: u	: u	: bu	: u	: u	: u	: u
A,PC,F,Y18-24,AT22	12.2 u	11.8 u	9.9 u	7.4 u	7.7 bu	5.9 u	6.4 bu	8.5 u	7.5 u	6.1 u	8.1 u	6.5 u	: u	: u	: bu	: u	: u	: u	: u	: u	: u	: bu	7.6 u	7.7 u	: u	: u
A,PC,F,Y18-24,AT3	11.1 	11.1 	10.5 	10.3 	8.1 b	9.1 	10.6 b	9.7 	10.8 	8.4 	8.2 	8.1 	7.1 	6.5 	7.0 b	6.4 	5.7 	5.3 	6.5 	5.7 	5.8 	5.8 b	7.0 	7.6 	6.7 	7.7 
A,PC,F,Y18-24,AT31	10.9 	8.7 u	8.8 u	9.5 u	7.5 bu	8.8 u	10.1 b	9.1 u	12.6 	8.5 u	8.7 u	8.6 u	5.4 u	7.0 u	7.3 bu	6.1 u	5.1 u	7.2 u	7.7 u	: u	: u	6.3 bu	8.7 u	7.5 u	7.2 u	8.8 u
A,PC,F,Y18-24,AT32	: u	: u	: u	: u	: bu	: u	: bu	: u	: u	: u	: u	: u	: u	: u	: bu	: u	: u	: u	: u	: u	: u	: bu	: u	: u	: u	: u
A,PC,F,Y18-24,AT33	: u	14.8 u	: u	: u	: bu	: u	11.5 bu	: u	: u	: u	: u	: u	: u	: u	: bu	: u	: u	: u	: u	: u	: u	: bu	: u	: u	: u	: u
A,PC,F,Y18-24,AT34	: u	: u	: u	: u	: bu	: u	: bu	: u	: u	: u	: u	: u	: u	: u	: bu	: u	: u	: u	: u	: u	: u	: bu	: u	: u	: u	: u
A,PC,F,Y18-24,BA	: 	: 	: 	: 	: 	: 	: 	: 	: 	: 	: 	: 	: 	: 	: 	: 	: 	: 	: 	: 	: 	4.4 b	3.3 	3.1 	2.5 u	3.0 
A,PC,F,Y18-24,BE	11.0 	11.3 	11.0 	11.6 	10.8 b	10.5 	10.0 b	10.3 	10.6 b	9.3 	10.0 	9.7 	9.5 	8.7 	7.7 b	8.6 	7.4 	7.3 b	6.5 	6.2 	5.9 	4.5 b	4.8 	4.4 	4.8 b	4.9 
A,PC,F,Y18-24,BE1	16.1 	19.3 	18.7 	15.8 	16.9 b	18.5 	16.7 b	17.3 	17.9 b	13.2 	16.5 	16.8 	16.3 	16.1 	11.2 b	14.8 	13.5 	11.9 b	9.1 u	8.7 u	9.4 u	6.7 bu	6.0 u	5.9 u	6.1 bu	5.8 u
A,PC,F,Y18-24,BE10	16.1 	19.3 	18.7 	15.8 	16.9 b	18.5 	16.7 b	17.3 	17.9 b	13.2 	16.5 	16.8 	16.3 	16.1 	11.2 b	14.8 	13.5 	11.9 b	9.1 u	8.7 u	9.4 u	6.7 bu	6.0 u	5.9 u	6.1 bu	5.8 u
A,PC,F,Y18-24,BE2	9.2 	9.4 	8.8 	10.2 	8.7 b	8.1 	8.1 b	7.6 	7.5 b	7.2 	7.7 	7.0 	6.8 	5.7 	5.7 b	5.8 	5.1 	5.3 b	5.1 	4.8 	4.4 	3.5 b	4.2 	4.1 	4.0 b	3.3 
A,PC,F,Y18-24,BE21	11.9 	11.4 	8.8 	11.2 	9.5 b	9.5 	6.6 bu	9.5 	8.5 b	6.8 u	8.5 	7.8 	6.7 u	6.3 u	5.8 bu	6.3 u	5.2 u	4.2 bu	5.7 u	5.4 u	4.8 u	3.1 bu	3.0 u	5.6 u	5.9 bu	3.0 u
A,PC,F,Y18-24,BE22	10.2 u	9.1 u	11.2 u	10.2 u	8.1 bu	12.1 u	7.9 bu	6.3 u	6.8 bu	6.7 u	8.6 u	7.6 u	8.8 u	7.5 u	: bu	: u	: u	: bu	: u	: u	: u	: bu	: u	: u	: bu	: u
A,PC,F,Y18-24,BE23	9.6 	10.1 	9.4 	10.7 	12.7 b	7.2 u	7.2 bu	8.2 u	7.9 bu	7.9 u	9.5 	8.8 	7.0 u	5.2 u	6.8 bu	5.8 u	6.1 u	6.3 bu	5.4 u	4.2 u	: u	4.2 bu	5.3 u	: u	: bu	3.7 u
A,PC,F,Y18-24,BE24	7.5 u	5.8 u	7.3 u	9.1 u	6.9 bu	: u	10.1 bu	: u	: bu	7.0 u	: u	: u	: u	: u	: bu	: u	4.7 u	: bu	5.8 u	6.2 u	5.0 u	: bu	5.3 u	4.3 u	: bu	: u
A,PC,F,Y18-24,BE25	5.9 u	9.0 u	7.5 u	8.9 u	5.0 bu	7.1 u	9.8 bu	7.8 u	8.3 bu	7.7 u	6.1 u	6.8 u	7.1 u	5.6 u	7.4 bu	6.6 u	: u	6.4 bu	: u	: u	4.8 u	: bu	: u	5.0 u	6.4 bu	: u
A,PC,F,Y18-24,BE3	12.6 	12.1 	12.6 	12.8 	12.4 b	12.1 	11.0 b	12.5 	13.3 b	11.4 	11.5 	11.7 	11.7 	11.4 	9.9 b	11.1 	9.4 	9.0 b	8.0 	7.6 	7.2 	5.3 b	5.4 	4.2 	5.8 b	7.3 
A,PC,F,Y18-24,BE31	: u	: u	: u	: u	: bu	: u	: bu	: u	: bu	: u	: u	: u	: u	: u	: bu	: u	: u	: bu	: u	: u	: u	: bu	: u	: u	: bu	: u
A,PC,F,Y18-24,BE32	13.1 	15.7 	13.2 	15.3 	15.3 b	13.5 	14.1 b	12.9 	16.9 b	13.9 	15.7 	11.5 	16.7 	13.2 	11.2 b	14.0 	11.8 	10.6 b	9.0 u	8.6 u	9.0 u	8.0 bu	9.4 	5.7 u	6.7 bu	8.1 u
A,PC,F,Y18-24,BE33	16.4 	12.6 	15.3 	13.3 	12.1 b	12.6 	9.4 bu	15.1 	14.3 b	12.3 	11.1 	14.2 	9.1 u	12.1 	11.1 b	12.7 	11.4 	9.4 bu	9.8 u	8.5 u	5.3 u	: bu	: u	: u	6.2 bu	10.5 u
A,PC,F,Y18-24,BE34	: u	: u	: u	: u	: bu	: u	: bu	: u	: bu	: u	: u	: u	: u	: u	: bu	: u	: u	: bu	: u	: u	: u	: bu	: u	: u	: bu	: u
A,PC,F,Y18-24,BE35	10.8 u	: u	11.2 u	: u	11.2 bu	10.9 u	11.6 bu	11.4 u	: bu	9.8 u	: u	9.3 u	9.9 u	: u	: bu	: u	: u	12.0 bu	: u	: u	: u	: bu	: u	: u	: bu	: u
A,PC,F,Y18-24,BG	: 	20.0 b	19.4 	21.3 b	20.6 	20.3 	17.0 b	14.7 	15.5 	15.8 	12.9 b	12.6 b	13.0 	12.7 	12.9 b	13.4 	13.9 	13.5 	12.8 	13.1 b	12.0 	12.8 b	11.4 	9.2 	8.2 b	9.4 
A,PC,F,Y18-24,BG3	: 	: 	: 	25.2 b	25.1 	25.1 	21.7 b	19.8 	21.8 	21.3 	18.5 b	18.6 b	19.1 	18.1 	18.1 b	18.6 	19.7 	19.0 	17.5 	19.2 b	18.0 	17.7 b	14.9 	14.2 	13.4 b	15.5 
A,PC,F,Y18-24,BG31	: 	: 	: 	24.9 b	22.0 	22.1 u	15.8 bu	16.2 u	17.3 u	18.0 u	18.7 bu	20.3 bu	25.8 u	21.7 u	22.4 bu	23.4 u	29.0 u	21.6 u	16.0 u	21.4 bu	: u	20.7 bu	: u	: u	: bu	16.7 u
A,PC,F,Y18-24,BG32	: 	: 	: 	23.8 b	26.5 	24.3 	23.9 b	21.5 	25.4 	21.7 	18.2 bu	15.9 bu	16.0 u	18.2 u	19.6 bu	16.4 u	14.3 u	16.8 u	: u	: bu	: u	: bu	: u	: u	: bu	13.7 u
A,PC,F,Y18-24,BG33	: 	: 	: 	24.1 b	24.9 	25.0 	19.8 b	19.3 u	22.8 	20.9 	17.0 b	15.6 bu	13.9 u	12.4 u	14.7 bu	16.2 u	14.9 u	15.8 u	16.6 u	18.1 bu	: u	: bu	: u	13.9 u	14.8 bu	11.8 u
A,PC,F,Y18-24,BG34	: 	: 	: 	27.9 b	26.4 	28.1 	25.8 b	21.3 	20.9 	23.5 	20.5 b	22.5 b	23.3 u	21.5 	17.4 bu	19.1 u	22.4 u	21.6 u	22.9 	26.1 bu	23.1 u	23.5 bu	22.4 u	19.7 u	17.2 bu	21.3 u
A,PC,F,Y18-24,BG4	: 	: 	: 	17.2 b	16.1 	15.7 	12.3 b	9.8 	8.9 	10.3 	8.3 b	7.6 b	7.6 	7.8 	8.0 b	9.0 	9.1 	8.8 	8.9 	8.4 b	6.8 u	8.8 b	8.8 	5.3 u	4.8 bu	5.2 
A,PC,F,Y18-24,BG41	: 	9.0 b	7.4 	10.3 b	9.1 	9.2 	6.8 bu	6.1 u	4.6 u	4.6 u	4.3 bu	3.6 bu	3.9 u	4.1 u	6.0 bu	6.1 u	5.4 u	5.1 u	5.0 u	5.5 bu	: u	7.8 bu	7.8 u	: u	: bu	3.1 u
A,PC,F,Y18-24,BG42	: 	: 	: 	27.2 b	26.4 	25.8 	21.6 b	15.3 	15.1 	18.2 	15.9 b	14.9 b	15.0 u	14.6 	11.4 bu	13.9 u	15.5 	15.8 	16.4 	14.6 bu	: u	10.7 bu	10.4 u	: u	: bu	9.9 u
A,PC,F,Y18-24,CH	7.1 	6.5 	7.1 	9.1 b	9.1 	9.3 	8.4 	6.7 	7.5 	9.4 	6.9 b	5.6 	5.5 	5.5 	5.6 b	5.0 	5.0 	3.9 	3.3 	3.8 	3.3 	5.1 b	5.9 	5.1 	5.1 	4.9 
A,PC,F,Y18-24,CH0	7.1 	6.5 	7.1 	9.1 b	9.1 	9.3 	8.4 	6.7 	7.5 	9.4 	6.9 b	5.6 	5.5 	5.5 	5.6 b	5.0 	5.0 	3.9 	3.3 	3.8 	3.3 	5.1 b	5.9 	5.1 	5.1 	4.9 
A,PC,F,Y18-24,CH01	: 	: u	4.8 u	6.6 bu	7.8 u	7.6 u	6.7 u	5.5 u	7.7 u	9.9 u	5.8 bu	7.2 u	4.2 u	4.2 u	5.3 bu	7.1 u	7.3 u	6.8 u	5.8 u	3.9 u	1.8 u	6.1 bu	7.7 	5.1 u	5.3 u	5.4 u
A,PC,F,Y18-24,CH02	: 	: u	4.8 u	8.3 bu	6.1 u	9.6 	11.8 	5.1 u	5.5 u	8.7 u	6.3 bu	3.1 u	4.7 u	4.3 u	6.3 bu	3.6 u	4.0 u	2.5 u	2.4 u	4.0 u	3.7 u	6.2 bu	5.3 u	6.5 u	6.3 u	5.2 u
A,PC,F,Y18-24,CH03	: 	9.2 u	11.4 u	9.8 bu	11.1 u	9.7 u	7.2 u	10.5 u	9.1 u	9.6 u	8.3 bu	5.9 u	5.3 u	7.0 u	4.2 bu	3.6 u	4.6 u	4.2 u	4.6 u	3.2 u	7.2 u	7.4 bu	6.6 u	6.0 u	4.7 u	2.9 u
A,PC,F,Y18-24,CH04	: 	: u	7.1 u	10.7 bu	11.3 u	10.8 u	8.3 u	4.9 u	7.9 u	10.1 u	7.0 bu	6.1 u	7.6 u	7.1 u	5.9 bu	5.0 u	4.5 u	3.4 u	3.0 u	5.7 u	2.7 u	3.4 bu	5.2 u	3.2 u	5.4 u	4.8 u
A,PC,F,Y18-24,CH05	: 	11.2 u	7.5 u	11.6 bu	13.4 u	10.5 u	6.9 u	7.0 u	8.8 u	9.4 u	9.0 bu	7.5 u	5.9 u	6.2 u	6.2 bu	4.9 u	3.7 u	2.6 u	2.8 u	3.3 u	: u	3.8 bu	4.0 u	2.8 u	2.9 u	3.7 u
A,PC,F,Y18-24,CH06	: 	12.0 u	9.4 u	8.7 bu	: u	8.3 u	9.5 u	8.9 u	: u	9.8 u	6.1 bu	4.7 u	4.9 u	4.7 u	4.7 bu	6.2 u	7.2 u	4.4 u	: u	: u	4.5 u	: bu	6.6 u	6.2 u	4.7 u	8.0 u
A,PC,F,Y18-24,CH07	: 	: u	: u	: bu	: u	: u	: u	: u	: u	: u	: bu	: u	: u	: u	: bu	: u	: u	: u	: u	: u	: u	: bu	: u	: u	: u	: u
A,PC,F,Y18-24,CY	13.9 	13.1 	11.0 	11.8 b	14.9 	10.4 	8.2 b	6.8 	9.5 	8.7 b	9.8 	8.1 	7.0 	4.2 	2.9 bu	3.1 u	4.3 u	7.7 	6.0 	7.4 	8.7 	7.9 b	7.4 	9.6 	8.2 	7.7 
A,PC,F,Y18-24,CY0	13.9 	13.1 	11.0 	11.8 b	14.9 	10.4 	8.2 b	6.8 	9.5 	8.7 b	9.8 	8.1 	7.0 	4.2 	2.9 bu	3.1 u	4.3 u	7.7 	6.0 	7.4 	8.7 	7.9 b	7.4 	9.6 	8.2 	7.7 
A,PC,F,Y18-24,CY00	13.9 	13.1 	11.0 	11.8 b	14.9 	10.4 	8.2 b	6.8 	9.5 	8.7 b	9.8 	8.1 	7.0 	4.2 	2.9 bu	3.1 u	4.3 u	7.7 	6.0 	7.4 	8.7 	7.9 b	7.4 	9.6 	8.2 	7.7 
A,PC,F,Y18-24,CZ	: 	: 	5.9 	7.0 b	6.6 	6.3 	4.9 b	4.7 	5.4 	5.2 	4.8 	4.4 b	4.9 	5.5 	5.2 b	6.0 	6.6 	6.7 	6.1 	6.8 	7.6 	5.8 b	5.2 	6.4 	5.4 	6.0 
A,PC,F,Y18-24,CZ0	: 	: 	5.9 	7.0 b	6.6 	6.3 	4.9 b	4.7 	5.4 	5.2 	4.8 	4.4 b	4.9 	5.5 	5.2 b	6.0 	6.6 	6.7 	6.1 	6.8 	7.6 	5.8 b	5.2 	6.4 	5.4 	6.0 
A,PC,F,Y18-24,CZ01	: 	: 	1.4 u	3.7 bu	4.8 u	5.9 u	1.5 bu	1.5 u	1.9 u	2.9 u	2.4 u	: bu	1.6 u	2.5 u	: bu	4.3 u	4.2 u	: u	: u	: u	3.3 u	1.5 bu	2.2 u	1.3 u	: u	: u
A,PC,F,Y18-24,CZ02	: 	: 	7.4 	7.4 b	8.3 	8.2 	4.2 bu	3.9 u	4.0 u	4.4 u	3.9 u	3.4 bu	3.8 u	5.7 u	5.1 bu	6.1 u	3.7 u	6.8 u	6.0 u	6.2 u	3.6 u	1.3 bu	2.2 u	4.1 u	3.9 u	: u
A,PC,F,Y18-24,CZ03	: 	: 	5.4 	7.2 b	5.7 	6.0 	5.3 bu	3.5 u	5.0 u	6.5 	5.8 	5.6 bu	5.6 u	6.2 	5.5 bu	5.0 u	6.1 u	7.5 u	5.1 u	6.9 u	9.5 	8.5 b	7.5 u	10.2 	6.9 u	: u
A,PC,F,Y18-24,CZ04	: 	: 	13.3 	17.5 b	14.7 	10.4 	10.4 b	11.4 	15.7 	14.9 	13.0 	11.2 b	12.6 	11.5 	12.2 b	13.0 	16.4 	17.6 	18.5 	19.1 	20.9 	16.7 b	12.9 	15.6 	14.5 	14.9 
A,PC,F,Y18-24,CZ05	: 	: 	6.3 	5.3 b	6.2 	4.7 	4.6 b	3.8 u	5.4 	6.0 	3.9 u	3.7 bu	5.7 	5.8 	4.9 bu	5.4 	5.8 	4.6 u	5.4 u	5.2 u	6.7 	4.9 bu	5.6 u	6.4 	5.7 	6.7 u
A,PC,F,Y18-24,CZ06	: 	: 	3.7 	4.6 b	3.8 	4.2 	3.7 bu	3.9 u	2.5 u	2.6 u	3.0 u	2.7 bu	2.5 u	3.1 u	3.1 bu	2.1 u	3.4 u	5.2 u	4.0 u	4.3 u	3.8 u	2.7 bu	2.0 u	2.6 u	2.4 u	: u
A,PC,F,Y18-24,CZ07	: 	: 	5.6 	4.3 bu	4.6 u	4.0 u	3.2 bu	4.2 u	3.7 u	2.0 u	2.8 u	4.3 bu	3.3 u	3.6 u	4.0 bu	4.0 u	6.7 u	6.3 u	4.4 u	5.4 u	7.1 u	4.9 bu	4.9 u	3.7 u	4.6 u	: u
A,PC,F,Y18-24,CZ08	: 	: 	4.8 	8.3 b	6.1 	8.4 	6.3 b	5.7 	6.0 	3.6 u	4.8 u	4.3 bu	5.4 	6.6 	6.9 b	9.8 	8.8 	6.2 u	5.5 u	8.4 	7.9 	7.8 bu	6.0 u	10.1 	7.2 u	7.7 u
A,PC,F,Y18-24,DE	14.9 u	12.6 	12.5 	12.8 b	11.9 	13.7 b	13.4 	11.9 	11.2 b	10.7 	11.0 b	10.7 	9.9 b	9.3 	8.9 b	9.8 	9.5 	9.0 	9.1 	8.7 	8.3 b	10.2 b	11.0 	10.5 	10.7 b	11.3 
A,PC,F,Y18-24,DE1	16.3 u	12.6 	14.1 	12.4 b	11.6 	14.1 b	12.8 	11.7 	10.4 b	9.5 	9.9 b	10.1 	8.4 b	7.2 	7.2 b	8.7 	8.8 	7.7 	8.5 	7.7 	8.2 bu	9.9 b	9.8 	9.3 	8.9 b	9.4 
A,PC,F,Y18-24,DE11	19.6 u	13.1 	12.7 	12.1 b	13.7 	13.2 b	12.5 	13.3 	12.1 b	10.0 	10.3 b	10.5 	8.5 b	7.5 	7.0 b	8.5 	8.3 	7.6 	8.2 	8.0 	: bu	11.1 bu	10.9 u	11.3 u	10.6 bu	11.1 u
A,PC,F,Y18-24,DE12	11.8 u	12.6 	15.7 	11.5 b	10.2 	16.1 b	14.3 	9.7 	9.3 b	9.0 	11.9 b	11.2 	10.1 b	7.6 	7.2 b	8.5 	9.2 	8.3 	9.1 	7.5 	: bu	: bu	: u	: u	11.8 bu	: u
A,PC,F,Y18-24,DE13	16.9 u	14.7 	14.6 	12.4 b	9.3 	14.6 b	12.4 	11.6 	11.0 b	10.4 	8.3 b	10.3 	7.9 b	7.6 	9.7 b	10.1 	10.3 	8.4 	10.8 	8.4 	: bu	: bu	: u	: u	: bu	: u
A,PC,F,Y18-24,DE14	15.1 u	9.8 	13.7 	14.4 b	11.8 	12.1 b	11.5 	11.2 	7.7 b	8.0 	8.6 b	7.3 	6.5 b	: u	: bu	7.7 	7.1 	: u	: u	: u	: bu	: bu	: u	: u	: bu	: u
A,PC,F,Y18-24,DE2	12.8 u	12.0 	11.4 	12.5 b	10.2 	11.8 b	12.5 	9.7 	9.0 b	8.2 	8.9 b	7.9 	6.7 b	6.8 	6.1 b	5.7 	6.8 	6.4 	6.3 	6.5 	8.4 bu	7.3 b	8.6 	8.5 	8.7 b	8.5 
A,PC,F,Y18-24,DE21	14.3 u	12.0 	10.8 	12.6 b	9.9 	12.4 b	11.5 	9.5 	7.7 b	7.3 	8.3 b	7.3 	6.3 b	6.1 	6.4 b	5.9 	7.3 	5.8 	5.4 	5.7 	: bu	: bu	: u	: u	8.1 bu	: u
A,PC,F,Y18-24,DE22	14.0 	13.1 	: u	11.3 b	: u	: bu	12.2 	9.6 	11.6 b	: u	: bu	: u	: bu	: u	: bu	: u	: u	: u	: u	: u	: bu	: bu	: u	: u	: bu	: u
A,PC,F,Y18-24,DE23	: u	: u	: u	: bu	: u	: bu	: u	: u	: bu	: u	: bu	: u	: bu	: u	: bu	: u	: u	: u	: u	: u	: bu	: bu	: u	: u	: bu	: u
A,PC,F,Y18-24,DE24	: u	14.0 	16.9 	: bu	: u	14.7 b	12.8 	: u	: bu	: u	: bu	: u	: bu	: u	: bu	: u	: u	: u	: u	: u	: bu	: bu	: u	: u	: bu	: u
A,PC,F,Y18-24,DE25	10.6 u	: u	9.5 	16.2 b	11.1 	14.9 b	13.9 	10.8 	11.1 b	10.5 	11.3 b	11.4 	9.3 b	8.2 	: bu	: u	: u	8.2 	8.0 	: u	: bu	: bu	: u	: u	: bu	: u
A,PC,F,Y18-24,DE26	13.1 u	10.2 	: u	: bu	10.6 	13.2 b	11.7 	9.8 	: bu	: u	: bu	: u	: bu	: u	: bu	: u	: u	: u	: u	: u	: bu	: bu	: u	: u	: bu	: u
A,PC,F,Y18-24,DE27	11.4 u	17.4 	16.1 	17.4 b	12.5 	9.2 b	14.9 	9.2 	8.5 b	7.9 	9.8 b	8.4 	7.8 b	: u	7.4 b	7.9 	: u	7.8 	: u	7.2 	: bu	: bu	: u	: u	: bu	: u
A,PC,F,Y18-24,DE3	19.9 u	15.1 	17.1 	13.7 b	14.9 	16.6 b	17.0 	12.8 	14.0 b	12.9 	12.4 b	11.6 	11.2 b	9.5 	11.9 b	11.0 	10.9 	11.0 	10.4 	8.1 	: bu	: bu	: u	13.7 u	14.9 bu	14.9 u
A,PC,F,Y18-24,DE30	19.9 u	15.1 	17.1 	13.7 b	14.9 	16.6 b	17.0 	12.8 	14.0 b	12.9 	12.4 b	11.6 	11.2 b	9.5 	11.9 b	11.0 	10.9 	11.0 	10.4 	8.1 	: bu	: bu	: u	13.7 u	14.9 bu	14.9 u
A,PC,F,Y18-24,DE4	9.1 u	5.9 	5.5 	9.0 b	10.9 	10.3 b	8.8 	8.1 	7.1 b	7.5 	7.1 b	8.6 	10.8 b	10.1 	: bu	11.3 	: u	: u	10.4 	: u	: bu	: bu	: u	: u	: bu	: u
A,PC,F,Y18-24,DE40	9.1 u	5.9 	5.5 	9.0 b	10.9 	10.3 b	8.8 	8.1 	7.1 b	7.5 	7.1 b	8.6 	10.8 b	10.1 	: bu	11.3 	: u	: u	10.4 	: u	: bu	: bu	: u	: u	: bu	: u
A,PC,F,Y18-24,DE5	: u	: u	: u	20.3 b	20.0 	18.4 b	18.0 	: u	: bu	: u	: bu	: u	: bu	: u	: bu	: u	: u	: u	: u	: u	: bu	: bu	: u	: u	: bu	: u
A,PC,F,Y18-24,DE50	: u	: u	: u	20.3 b	20.0 	18.4 b	18.0 	: u	: bu	: u	: bu	: u	: bu	: u	: bu	: u	: u	: u	: u	: u	: bu	: bu	: u	: u	: bu	: u
A,PC,F,Y18-24,DE6	17.7 u	17.9 	17.9 	15.8 b	18.3 	18.5 b	15.6 	16.5 	11.9 b	10.1 	11.3 b	10.8 	10.8 b	11.7 	9.5 b	11.4 	12.2 	10.4 	11.5 	12.8 	: bu	: bu	: u	: u	: bu	: u
A,PC,F,Y18-24,DE60	17.7 u	17.9 	17.9 	15.8 b	18.3 	18.5 b	15.6 	16.5 	11.9 b	10.1 	11.3 b	10.8 	10.8 b	11.7 	9.5 b	11.4 	12.2 	10.4 	11.5 	12.8 	: bu	: bu	: u	: u	: bu	: u
A,PC,F,Y18-24,DE7	18.5 u	14.0 	13.6 	12.7 b	10.7 	14.0 b	14.4 	12.9 	11.6 b	10.4 	10.5 b	9.8 	8.7 b	9.4 	8.9 b	9.7 	9.4 	8.3 	8.8 	8.7 	: bu	11.9 b	11.9 	12.1 	11.6 b	10.7 u
A,PC,F,Y18-24,DE71	20.8 u	14.1 	15.1 	13.6 b	10.1 	15.3 b	14.8 	12.7 	12.3 b	11.0 	11.3 b	11.7 	9.3 b	10.3 	10.0 b	9.7 	9.3 	8.8 	9.3 	8.7 	: bu	13.2 bu	12.5 u	11.5 u	10.4 bu	10.0 u
A,PC,F,Y18-24,DE72	16.6 u	: u	12.4 	12.6 b	12.5 	12.5 b	13.1 	13.3 	: bu	: u	: bu	: u	: bu	: u	: bu	: u	: u	: u	: u	: u	: bu	: bu	: u	: u	: bu	: u
A,PC,F,Y18-24,DE73	13.7 u	15.5 	10.9 	: bu	: u	11.8 b	14.5 	12.8 	13.1 b	11.2 	: bu	: u	: bu	: u	: bu	: u	: u	: u	: u	: u	: bu	: bu	: u	: u	: bu	: u
A,PC,F,Y18-24,DE8	9.3 	9.4 	7.5 	8.7 b	8.4 	11.2 b	11.7 	9.1 	8.0 b	8.7 	: bu	9.2 	11.3 b	: u	: bu	: u	: u	: u	: u	: u	: bu	: bu	: u	: u	: bu	: u
A,PC,F,Y18-24,DE80	9.3 	9.4 	7.5 	8.7 b	8.4 	11.2 b	11.7 	9.1 	8.0 b	8.7 	: bu	9.2 	11.3 b	: u	: bu	: u	: u	: u	: u	: u	: bu	: bu	: u	: u	: bu	: u
A,PC,F,Y18-24,DE9	13.5 u	13.8 	13.2 	13.6 b	13.4 	15.5 b	14.2 	12.2 	12.1 b	12.4 	12.7 b	13.8 	10.0 b	10.5 	9.8 b	10.9 	11.5 	10.3 	9.8 	10.7 	: bu	11.9 b	12.7 	13.1 	13.0 b	12.3 
A,PC,F,Y18-24,DE91	10.6 u	13.7 	11.1 	15.5 b	10.0 	17.1 b	14.6 	10.6 	8.8 b	10.4 	11.6 b	13.4 	9.1 b	10.1 	11.6 b	: u	9.7 	10.4 	9.0 	9.2 	: bu	: bu	: u	: u	: bu	: u
A,PC,F,Y18-24,DE92	14.1 u	14.5 	16.0 	13.1 b	14.2 	14.1 b	15.0 	13.2 	12.2 b	11.3 	13.0 b	13.4 	11.7 b	13.6 	9.6 b	10.7 	12.5 	11.6 	8.9 	11.2 	: bu	: bu	: u	: u	: bu	14.9 u
A,PC,F,Y18-24,DE93	15.4 u	11.1 	11.1 	12.6 b	15.7 	14.4 b	12.3 	13.5 	15.0 b	14.6 	14.0 b	13.4 	10.1 b	: u	: bu	11.0 	13.1 	10.9 	11.3 	11.2 	: bu	: bu	: u	: u	: bu	: u
A,PC,F,Y18-24,DE94	13.9 u	14.8 	13.4 	13.0 b	13.6 	16.2 b	14.3 	11.7 	12.7 b	13.3 	12.5 b	14.6 	9.2 b	9.0 	9.8 b	13.3 	11.1 	8.7 	10.3 	10.9 	: bu	13.1 bu	13.0 u	15.0 u	15.3 bu	: u
A,PC,F,Y18-24,DEA	18.7 u	15.1 	15.4 	16.0 b	14.3 	15.4 b	15.5 	14.8 	14.5 b	13.5 	13.3 b	12.5 	12.5 b	10.8 	11.0 b	11.7 	10.7 	10.7 	11.2 	9.4 	9.0 b	10.4 b	11.5 	9.7 	10.1 b	12.7 
A,PC,F,Y18-24,DEA1	21.7 u	18.1 	16.8 	18.6 b	17.0 	15.8 b	18.8 	15.0 	16.3 b	15.9 	15.4 b	14.2 	13.5 b	12.3 	13.2 b	12.7 	11.3 	12.3 	12.0 	9.9 	: bu	12.1 bu	13.2 u	11.4 u	12.0 bu	14.1 u
A,PC,F,Y18-24,DEA2	17.7 u	13.9 	14.1 	15.0 b	10.9 	14.0 b	12.9 	13.7 	14.1 b	11.0 	12.4 b	10.9 	10.8 b	9.5 	10.5 b	11.5 	9.5 	9.4 	11.7 	8.9 	: bu	9.0 bu	11.6 u	: u	10.5 bu	11.2 u
A,PC,F,Y18-24,DEA3	14.9 u	9.4 	11.9 	15.6 b	16.8 	17.3 b	15.5 	12.6 	12.6 b	12.8 	12.3 b	11.2 	11.7 b	9.3 	10.6 b	10.7 	11.6 	9.7 	9.8 	8.8 	: bu	: bu	: u	: u	: bu	: u
A,PC,F,Y18-24,DEA4	15.7 u	17.8 	20.7 	14.7 b	14.8 	13.7 b	11.3 	13.4 	13.2 b	10.9 	14.1 b	13.4 	12.4 b	10.2 	8.4 b	12.1 	11.1 	10.5 	10.1 	8.3 	: bu	: bu	: u	: u	: bu	: u
A,PC,F,Y18-24,DEA5	20.4 u	15.3 	14.7 	14.4 b	12.1 	16.1 b	16.8 	17.9 	14.7 b	15.1 	12.0 b	12.4 	13.8 b	11.7 	10.7 b	11.3 	10.5 	10.9 	11.2 	10.5 	: bu	11.4 bu	12.6 u	11.4 u	10.0 bu	15.9 u
A,PC,F,Y18-24,DEB	17.2 u	14.4 	11.5 	16.4 b	13.6 	18.0 b	16.3 	14.9 	11.7 b	13.6 	14.4 b	12.3 	13.3 b	12.8 	9.9 b	12.7 	10.2 	10.1 	9.6 	10.5 	: bu	12.2 bu	14.2 u	11.8 u	11.5 bu	10.9 u
A,PC,F,Y18-24,DEB1	: 	: 	: u	17.3 b	15.9 	18.3 b	15.7 	14.0 	13.3 b	13.0 	14.0 b	10.4 	12.0 b	12.5 	10.6 b	15.7 	10.2 	11.7 	12.6 	10.5 	: bu	: bu	: u	: u	: bu	: u
A,PC,F,Y18-24,DEB2	: 	: 	: u	: bu	: u	: bu	: u	: u	: bu	: u	: bu	: u	: bu	: u	: bu	: u	: u	: u	: u	: u	: bu	: bu	: u	: u	: bu	: u
A,PC,F,Y18-24,DEB3	: 	: 	13.9 	18.1 b	13.6 	19.9 b	18.2 	16.8 	11.3 b	14.7 	15.1 b	12.3 	13.8 b	14.6 	9.8 b	12.1 	9.9 	9.5 	8.6 	10.7 	: bu	: bu	: u	: u	: bu	: u
A,PC,F,Y18-24,DEC	: u	: u	: u	15.5 b	: u	18.1 b	18.3 	: u	: bu	14.0 	: bu	: u	: bu	: u	: bu	16.2 	: u	: u	: u	: u	: bu	: bu	: u	: u	: bu	: u
A,PC,F,Y18-24,DEC0	: u	: u	: u	15.5 b	: u	18.1 b	18.3 	: u	: bu	14.0 	: bu	: u	: bu	: u	: bu	16.2 	: u	: u	: u	: u	: bu	: bu	: u	: u	: bu	: u
A,PC,F,Y18-24,DED	5.8 u	6.4 	6.9 	6.9 b	6.3 	7.9 b	7.4 	7.5 	5.8 b	6.6 	7.8 b	7.7 	7.5 b	6.9 	6.6 b	7.4 	7.0 	9.9 	7.0 	7.1 	: bu	: bu	: u	: u	11.0 bu	11.2 u
A,PC,F,Y18-24,DED2	: u	: u	8.4 	8.1 b	: u	: bu	: u	7.8 	: bu	: u	: bu	: u	: bu	: u	: bu	: u	: u	: u	: u	: u	: bu	: bu	: u	: u	: bu	: u
A,PC,F,Y18-24,DED4	: 	: 	: 	: 	: 	9.0 b	: u	: u	: bu	: u	: bu	: u	: bu	: u	: bu	: u	: u	: u	: u	: u	: bu	: bu	: u	: u	: bu	: u
A,PC,F,Y18-24,DED5	: 	: 	: 	: 	: 	: bu	: u	10.1 	: bu	: u	: bu	: u	: bu	: u	: bu	: u	: u	: u	: u	: u	: bu	: bu	: u	: u	: bu	: u
A,PC,F,Y18-24,DEE	9.9 u	8.8 	7.4 	7.4 b	8.8 	9.5 b	10.4 	9.8 	11.2 b	9.8 	9.3 b	12.0 	10.1 b	: u	: bu	12.1 	: u	12.1 	: u	9.9 	: bu	: bu	: u	: u	: bu	: u
A,PC,F,Y18-24,DEE0	9.9 u	8.8 	7.4 	7.4 b	8.8 	9.5 b	10.4 	9.8 	11.2 b	9.8 	9.3 b	12.0 	10.1 b	: u	: bu	12.1 	: u	12.1 	: u	9.9 	: bu	: bu	: u	: u	: bu	: u
A,PC,F,Y18-24,DEF	17.6 u	13.3 	12.0 	14.1 b	13.6 	14.7 b	13.5 	12.2 	13.4 b	13.1 	12.7 b	12.2 	11.8 b	10.0 	12.4 b	9.5 	9.9 	7.4 	8.8 	8.6 	: bu	13.2 bu	16.0 u	14.8 u	14.2 bu	12.5 u
A,PC,F,Y18-24,DEF0	17.6 u	13.3 	12.0 	14.1 b	13.6 	14.7 b	13.5 	12.2 	13.4 b	13.1 	12.7 b	12.2 	11.8 b	10.0 	12.4 b	9.5 	9.9 	7.4 	8.8 	8.6 	: bu	13.2 bu	16.0 u	14.8 u	14.2 bu	12.5 u
A,PC,F,Y18-24,DEG	6.6 u	7.3 	5.8 	: bu	7.2 	6.2 b	8.0 	7.8 	7.1 b	6.0 	6.5 b	: u	: bu	: u	: bu	: u	: u	: u	: u	: u	: bu	: bu	: u	: u	: bu	: u
A,PC,F,Y18-24,DEG0	6.6 u	7.3 	5.8 	: bu	7.2 	6.2 b	8.0 	7.8 	7.1 b	6.0 	6.5 b	: u	: bu	: u	: bu	: u	: u	: u	: u	: u	: bu	: bu	: u	: u	: bu	: u
A,PC,F,Y18-24,DK	10.4 	7.7 	8.2 	10.0 b	7.1 	6.9 	7.7 	9.5 b	10.3 b	8.4 	8.4 	8.0 	7.9 	6.5 	6.4 b	6.2 	6.3 b	6.3 b	8.0 	7.6 	6.7 	8.1 b	7.8 	9.0 	9.6 	8.7 b
A,PC,F,Y18-24,DK0	10.4 	7.7 	8.2 	10.0 b	7.1 	6.9 	7.7 	9.5 b	10.3 b	8.4 	8.4 	8.0 	7.9 	6.5 	6.4 b	6.2 	6.3 b	6.3 b	8.0 	7.6 	6.7 	8.1 b	7.8 	9.0 	9.6 	8.7 b
A,PC,F,Y18-24,DK01	: 	: 	: 	: 	: 	: 	: 	7.9 b	9.2 b	6.2 u	7.5 	7.3 	7.0 	5.2 	5.2 b	5.0 	4.4 bu	5.0 b	6.4 	6.5 	5.5 	6.8 b	6.6 	8.1 	7.7 	6.1 b
A,PC,F,Y18-24,DK02	: 	: 	: 	: 	: 	: 	: 	12.2 bu	10.4 bu	9.9 u	9.0 u	8.8 u	9.2 u	: u	: bu	7.2 u	7.7 bu	8.9 bu	10.3 u	8.0 u	8.1 u	12.2 bu	6.8 u	11.2 u	10.9 u	11.4 bu
A,PC,F,Y18-24,DK03	: 	: 	: 	: 	: 	: 	: 	8.5 bu	8.9 bu	11.2 	10.4 	8.0 u	7.6 u	7.0 u	8.7 bu	7.2 u	9.3 b	7.0 bu	10.0 	9.0 	6.7 u	8.8 b	8.6 	11.1 	10.1 	8.3 bu
A,PC,F,Y18-24,DK04	: 	: 	: 	: 	: 	: 	: 	11.1 b	11.6 b	9.0 	8.1 	8.5 	8.3 	6.8 u	5.6 bu	6.8 	6.1 bu	6.5 bu	7.1 	7.5 	6.7 	5.9 bu	8.4 	8.3 	11.0 	9.8 b
A,PC,F,Y18-24,DK05	: 	: 	: 	: 	: 	: 	: 	: bu	14.0 bu	: u	: u	: u	9.5 u	: u	: bu	: u	: bu	: bu	8.9 u	8.0 u	9.4 u	11.3 bu	10.3 u	: u	10.5 u	11.9 bu
A,PC,F,Y18-24,EA21	: 	: 	16.0 	15.6 	14.9 	14.9 	14.4 	13.8 	13.5 	13.2 	12.7 	12.2 	11.5 	10.8 	9.9 b	9.9 	9.3 	8.9 	8.9 	8.5 	8.0 	7.8 b	8.0 	7.7 	7.6 	7.4 
A,PC,F,Y18-24,EE	11.1 b	11.6 	10.3 	8.8 b	7.9 	11.2 	6.9 	7.2 	8.3 	9.1 b	7.6 	8.4 	7.3 	5.8 	7.9 b	10.9 	7.5 	7.7 	7.8 	8.0 	6.3 	7.6 b	7.5 	8.0 	8.6 	9.2 
A,PC,F,Y18-24,EE0	11.1 b	11.6 	10.3 	8.8 b	7.9 	11.2 	6.9 	7.2 	8.3 	9.1 b	7.6 	8.4 	7.3 	5.8 	7.9 b	10.9 	7.5 	7.7 	7.8 	8.0 	6.3 	7.6 b	7.5 	8.0 	8.6 	9.2 
A,PC,F,Y18-24,EE00	11.1 b	11.6 	10.3 	8.8 b	7.9 	11.2 	6.9 	7.2 	8.3 	9.1 b	7.6 	8.4 	7.3 	5.8 	7.9 b	10.9 	7.5 	7.7 	7.8 	8.0 	6.3 	7.6 b	7.5 	8.0 	8.6 	9.2 
A,PC,F,Y18-24,EL	13.6 	13.1 b	12.3 	11.7 b	11.3 b	9.5 	10.6 b	10.3 	10.6 b	10.5 b	10.6 	10.0 	8.9 	7.5 	6.6 b	6.4 	5.3 	4.9 	3.6 	3.2 	3.1 	2.9 b	4.5 	3.6 	2.4 b	2.4 
A,PC,F,Y18-24,EL3	8.6 	9.7 b	8.2 	7.6 b	9.2 b	7.8 	7.6 b	7.2 	8.1 b	8.5 b	8.4 	7.5 	6.1 	4.9 	4.7 b	4.3 	4.3 	3.2 	3.2 	3.7 	2.8 	2.3 bu	4.5 	3.1 	2.9 bu	2.7 u
A,PC,F,Y18-24,EL30	8.6 	9.7 b	8.2 	7.6 b	9.2 b	7.8 	7.6 b	7.2 	8.1 b	8.5 b	8.4 	7.5 	6.1 	4.9 	4.7 b	4.3 	4.3 	3.2 	3.2 	3.7 	2.8 	2.3 bu	4.5 	3.1 	2.9 bu	2.7 u
A,PC,F,Y18-24,EL4	21.8 	20.6 b	20.3 	20.3 b	11.7 b	10.3 	14.1 b	15.4 	15.9 b	16.0 b	18.2 	14.4 	10.5 	10.0 	10.3 b	10.2 	8.8 u	9.1 	4.5 u	4.4 u	7.3 u	: bu	5.2 u	5.4 u	4.0 bu	: u
A,PC,F,Y18-24,EL41	21.3 u	: bu	27.6 u	26.5 bu	: bu	21.2 u	: bu	: u	: bu	: bu	: u	: u	: u	: u	: bu	: u	: u	: u	: u	: u	: u	: bu	: u	: u	: bu	: u
A,PC,F,Y18-24,EL42	24.2 u	25.3 bu	27.0 	32.4 b	15.6 bu	: u	: bu	: u	: bu	13.8 bu	23.2 u	14.7 u	: u	13.3 u	: bu	12.8 u	: u	: u	: u	: u	: u	: bu	: u	: u	: bu	: u
A,PC,F,Y18-24,EL43	20.7 	18.6 b	14.7 	12.5 bu	9.7 bu	8.0 u	14.2 b	16.7 	17.7 b	17.4 b	15.5 	13.6 u	11.5 u	9.4 u	10.3 bu	8.3 u	8.0 u	7.5 u	5.8 u	: u	: u	: bu	7.0 u	6.5 u	: bu	: u
A,PC,F,Y18-24,EL5	15.0 	13.9 b	13.6 	13.2 b	11.7 b	9.7 	11.7 b	11.1 	9.9 b	10.3 b	9.3 	10.1 	10.4 	9.0 	6.9 b	7.2 	4.7 	4.6 	3.1 u	2.4 u	2.3 u	2.2 bu	2.0 u	2.2 u	1.4 bu	: u
A,PC,F,Y18-24,EL51	32.9 	34.0 b	31.3 	25.4 b	20.9 b	18.0 	20.6 b	24.7 	23.6 b	25.7 b	19.7 	20.9 	24.9 	22.5 	18.8 b	12.4 u	10.0 u	11.1 u	: u	8.4 u	7.6 u	: bu	8.0 u	9.4 u	: bu	: u
A,PC,F,Y18-24,EL52	11.6 	9.7 b	9.5 	10.0 b	10.0 b	8.8 	10.3 b	8.7 	6.8 b	7.2 b	6.7 	7.3 	6.8 	5.0 	4.7 bu	6.4 	3.7 u	3.5 u	2.6 u	: u	: u	: bu	: u	: u	: bu	: u
A,PC,F,Y18-24,EL53	11.3 u	: bu	13.9 u	16.1 bu	: bu	: u	: bu	: u	: bu	: bu	: u	: u	: u	: u	: bu	: u	: u	: u	: u	: u	: u	: bu	: u	: u	: bu	: u
A,PC,F,Y18-24,EL54	8.4 u	: bu	: u	9.9 bu	: bu	: u	10.0 bu	: u	: bu	: bu	: u	11.4 u	: u	: u	: bu	: u	: u	: u	: u	: u	: u	: bu	: u	: u	: bu	: u
A,PC,F,Y18-24,EL6	17.3 	15.4 b	15.1 	13.9 b	14.4 b	12.3 	13.2 b	12.8 	14.0 b	11.8 b	12.7 	12.1 	10.8 	8.5 	7.8 b	6.7 	6.2 	6.0 	4.4 u	3.2 u	2.6 u	4.9 b	7.3 	5.4 	2.1 bu	3.5 u
A,PC,F,Y18-24,EL61	17.0 	15.9 b	14.1 	10.9 bu	10.0 bu	10.1 u	13.1 bu	9.4 u	9.8 bu	7.7 bu	12.3 u	10.7 u	7.4 u	: u	: bu	6.5 u	: u	: u	: u	: u	: u	: bu	: u	: u	: bu	: u
A,PC,F,Y18-24,EL62	: u	: bu	18.5 u	: bu	25.9 bu	: u	: bu	24.9 u	23.5 bu	: bu	: u	: u	: u	: u	: bu	: u	: u	: u	: u	: u	: u	: bu	: u	: u	: bu	: u
A,PC,F,Y18-24,EL63	15.5 	11.8 b	11.2 	10.5 b	12.5 b	7.9 u	9.8 bu	7.3 u	9.2 bu	11.0 bu	11.6 	10.9 u	8.1 u	6.3 u	5.3 bu	: u	5.7 u	8.4 u	5.4 u	: u	: u	6.9 bu	7.9 u	: u	: bu	: u
A,PC,F,Y18-24,EL64	18.7 	18.1 b	17.5 u	13.6 bu	16.1 bu	18.2 u	18.3 bu	21.2 	25.4 b	20.0 bu	16.7 u	18.9 u	16.0 u	15.1 u	12.7 bu	: u	10.1 u	11.2 u	: u	: u	: u	11.1 bu	25.0 u	15.6 u	: bu	: u
A,PC,F,Y18-24,EL65	19.8 	19.1 b	20.3 	25.9 b	17.9 bu	17.1 u	13.2 bu	14.5 u	14.4 bu	11.3 bu	14.6 u	12.3 u	14.0 u	11.7 u	13.8 bu	13.6 u	: u	: u	: u	: u	: u	: bu	: u	: u	: bu	: u
A,PC,F,Y18-24,ES	23.2 	23.1 	24.3 	24.8 b	25.0 	24.7 b	23.6 b	24.7 	25.1 	24.1 	22.6 	21.5 	20.5 	19.8 	18.1 b	15.8 	15.1 	14.5 	14.0 	13.0 	11.6 	9.7 b	11.1 	11.3 	10.0 	9.5 
A,PC,F,Y18-24,ES1	19.2 	17.4 	17.9 	19.9 b	17.6 	15.9 b	14.6 b	14.9 	14.4 	18.5 	17.6 	15.5 	16.6 	14.7 	13.2 b	12.6 	12.1 	10.7 	11.1 	9.0 	7.6 	6.5 b	8.8 	6.5 	6.4 	7.1 
A,PC,F,Y18-24,ES11	21.1 	18.8 	18.4 	17.7 b	15.5 	16.0 b	14.5 b	13.9 	15.0 	19.5 	17.7 	15.3 	18.5 	15.1 	15.2 b	11.9 	11.2 	11.8 	11.4 	8.2 	8.2 	5.7 bu	8.3 	6.1 u	6.5 	7.2 
A,PC,F,Y18-24,ES12	15.5 	13.0 	17.5 	26.1 b	21.4 	15.2 b	13.9 b	15.5 	12.4 u	17.4 	17.5 	16.5 	14.6 u	16.3 u	11.1 bu	17.7 u	17.2 u	10.8 u	10.3 u	10.0 u	6.8 u	9.6 bu	11.1 u	8.2 u	8.4 u	7.5 u
A,PC,F,Y18-24,ES13	16.7 u	17.9 u	16.4 u	19.9 bu	20.9 u	16.9 bu	16.8 bu	18.7 u	15.0 u	16.3 u	17.4 u	14.8 u	10.9 u	10.6 u	7.0 bu	7.8 u	8.3 u	: u	10.7 u	11.1 u	6.5 u	5.7 bu	7.7 u	5.7 u	: u	5.8 u
A,PC,F,Y18-24,ES2	13.2 	12.1 	14.8 	13.9 b	12.3 	13.4 b	12.7 b	14.5 	15.7 	16.3 	15.6 	15.0 	15.0 	12.9 	11.5 b	11.4 	9.3 	9.1 	8.9 	6.8 	6.8 	7.0 b	6.0 	6.5 	6.3 	6.2 
A,PC,F,Y18-24,ES21	9.5 	9.0 	9.3 	11.0 b	8.5 	9.9 b	8.7 b	9.8 	11.3 	11.5 	12.6 	13.4 	11.8 	7.3 u	7.0 bu	7.4 u	5.0 u	5.5 u	4.5 u	4.3 u	4.3 u	5.3 bu	5.0 u	5.7 u	2.9 u	2.7 u
A,PC,F,Y18-24,ES22	12.7 u	11.9 u	20.1 	16.2 bu	11.8 u	17.6 bu	11.5 bu	13.1 u	14.0 u	17.6 u	10.2 u	8.6 u	9.4 u	11.8 u	9.5 bu	8.5 u	9.8 u	8.3 u	10.3 u	10.1 u	7.8 u	5.8 bu	: u	3.6 u	6.2 u	7.1 u
A,PC,F,Y18-24,ES23	22.6 u	20.4 u	18.6 u	30.7 bu	28.2 u	19.6 bu	21.1 bu	26.0 u	31.6 u	28.5 u	26.8 u	25.4 u	21.3 u	18.4 u	14.2 bu	10.8 u	17.8 u	: u	16.1 u	10.2 u	10.9 u	12.8 bu	: u	: u	9.9 u	9.4 u
A,PC,F,Y18-24,ES24	18.0 	15.7 	21.2 	13.6 b	15.0 	15.5 b	17.7 b	19.4 	19.3 	19.8 	19.9 	17.8 	20.7 	20.4 	18.2 b	18.9 	13.5 	15.0 	13.2 	8.0 u	9.1 u	8.9 bu	8.8 u	10.2 u	11.0 	11.0 
A,PC,F,Y18-24,ES3	16.2 	15.1 	18.7 	18.7 b	20.8 	23.9 b	21.8 b	22.5 	21.4 	19.4 	18.1 	16.9 	18.1 	19.0 	15.7 b	11.2 	11.7 	11.5 	11.0 	9.9 	7.2 	6.9 b	8.9 	10.8 	9.7 	8.8 
A,PC,F,Y18-24,ES30	16.2 	15.1 	18.7 	18.7 b	20.8 	23.9 b	21.8 b	22.5 	21.4 	19.4 	18.1 	16.9 	18.1 	19.0 	15.7 b	11.2 	11.7 	11.5 	11.0 	9.9 	7.2 	6.9 b	8.9 	10.8 	9.7 	8.8 
A,PC,F,Y18-24,ES4	22.7 	22.9 	23.2 	21.6 b	23.3 	24.5 b	23.1 b	23.5 	25.5 	24.2 	21.4 	21.8 	18.8 	18.5 	15.4 b	15.8 	16.9 	13.4 	12.8 	12.9 	12.8 	9.5 b	10.5 	9.7 	9.9 	10.2 
A,PC,F,Y18-24,ES41	13.5 	15.3 	16.8 	15.8 b	17.0 	19.3 b	16.8 b	16.8 	20.2 	20.9 	19.0 	21.2 	14.7 	12.7 	12.4 b	11.9 	14.4 	11.4 	9.6 	11.3 	12.1 	8.4 b	8.4 	8.6 	9.0 	7.5 
A,PC,F,Y18-24,ES42	28.6 	28.4 	26.8 	25.7 b	27.7 	28.3 b	28.9 b	28.7 	29.9 	25.9 	22.7 	22.2 	20.6 	22.3 	18.5 b	17.7 	19.7 	16.3 	15.5 	14.4 	13.9 	10.7 b	14.5 	11.9 	10.8 	12.0 
A,PC,F,Y18-24,ES43	33.2 	30.7 	31.0 	27.1 b	29.0 	28.5 b	25.6 b	27.1 	27.8 	27.4 	23.7 	22.0 	22.7 	21.5 	15.5 b	19.4 	16.4 	11.5 u	13.9 	13.0 u	12.0 u	9.2 bu	6.7 u	7.5 u	9.9 u	12.1 u
A,PC,F,Y18-24,ES5	25.2 	27.1 	27.6 	27.6 b	27.2 	25.0 b	23.0 b	26.1 	27.0 	25.7 	23.7 	21.6 	21.4 	18.6 	18.5 b	16.2 	15.0 	15.3 	14.6 	13.6 	11.4 	10.2 b	14.1 	13.0 	10.7 	10.2 
A,PC,F,Y18-24,ES51	23.3 	25.4 	26.0 	26.3 b	26.7 	24.7 b	22.3 b	25.1 	25.7 	25.1 	22.8 	21.1 	19.7 	18.6 	17.5 b	15.8 	14.2 	14.4 	12.5 	13.0 	11.1 	9.8 b	14.6 	12.3 	10.6 	9.8 
A,PC,F,Y18-24,ES52	26.6 	29.1 	29.4 	29.0 b	26.7 	24.0 b	23.1 b	25.5 	26.8 	24.7 	23.5 	21.3 	22.3 	17.0 	18.0 b	15.4 	15.5 	15.4 	16.1 	12.8 	11.6 	10.4 b	13.4 	13.7 	10.4 	11.5 
A,PC,F,Y18-24,ES53	32.3 	29.8 	29.4 	30.3 b	33.3 	31.4 b	27.4 b	35.0 	36.7 	34.3 	30.3 	26.0 	28.1 	25.8 	26.2 b	21.6 	18.1 	20.5 	21.7 	20.3 	12.4 u	11.8 bu	13.4 	15.4 	11.9 	7.5 u
A,PC,F,Y18-24,ES6	29.8 	28.8 	30.6 	33.0 b	33.3 	32.2 b	31.9 b	31.8 	32.3 	30.1 	28.9 	26.9 	23.4 	25.1 	23.4 b	20.1 	19.5 	19.0 	17.7 	16.9 	16.6 	13.9 b	12.2 	13.3 	12.1 	10.5 
A,PC,F,Y18-24,ES61	29.5 	28.9 	30.3 	32.2 b	32.9 	31.9 b	31.2 b	31.2 	32.4 	29.7 	28.5 	26.8 	23.7 	25.5 	24.2 b	20.8 	19.0 	18.0 	17.6 	16.9 	16.8 	14.3 b	12.0 	12.6 	11.3 	9.8 
A,PC,F,Y18-24,ES62	31.1 	28.6 	32.2 	37.9 b	35.7 	33.1 b	34.5 b	33.2 	31.3 	32.2 	30.4 	27.4 	21.0 	21.8 	19.6 b	16.4 	21.7 	23.4 	16.7 	16.3 	14.5 	12.0 b	12.8 	16.0 	16.1 	14.3 
A,PC,F,Y18-24,ES63	34.0 u	32.7 u	39.3 u	42.8 bu	31.4 u	45.6 bu	46.0 bu	53.8 u	47.9 u	: u	39.5 u	36.4 u	38.3 u	30.9 u	: bu	29.4 u	: u	: u	: u	: u	: u	: bu	: u	: u	: u	: u
A,PC,F,Y18-24,ES64	28.4 u	: u	27.0 u	30.5 bu	38.0 u	35.6 bu	45.3 bu	44.4 u	: u	: u	32.7 u	: u	26.8 u	35.5 u	: bu	: u	: u	32.6 u	: u	: u	: u	: bu	: u	: u	: u	: u
A,PC,F,Y18-24,ES7	27.9 	29.5 	25.1 	22.9 b	26.6 	26.4 b	29.7 b	27.9 	24.3 	22.7 	22.9 	27.1 	26.5 	25.1 	21.1 b	17.5 	13.1 	15.3 	18.1 	16.7 	14.7 	6.4 bu	7.1 	11.7 	10.0 	11.1 
A,PC,F,Y18-24,ES70	27.9 	29.5 	25.1 	22.9 b	26.6 	26.4 b	29.7 b	27.9 	24.3 	22.7 	22.9 	27.1 	26.5 	25.1 	21.1 b	17.5 	13.1 	15.3 	18.1 	16.7 	14.7 	6.4 bu	7.1 	11.7 	10.0 	11.1 
A,PC,F,Y18-24,EU27_2020	: 	: 	14.6 	14.2 b	13.5 	13.4 	12.9 b	12.4 	12.2 	12.0 	11.6 	11.1 	10.6 	10.0 	9.4 b	9.4 	9.1 	8.9 	8.7 	8.4 	8.1 	7.9 b	8.0 	7.7 	7.7 	7.5 
A,PC,F,Y18-24,FI	6.5 b	7.1 	7.6 	8.2 b	7.5 	8.2 	7.8 	7.2 	7.7 	9.0 	9.0 	8.4 	8.1 	8.3 	7.2 b	7.9 	6.9 	6.9 	7.4 	6.0 	7.0 	7.1 b	6.4 	7.3 	7.4 	8.7 
A,PC,F,Y18-24,FI1	6.5 b	7.1 	7.6 	8.2 b	7.5 	8.1 	7.7 	7.2 	7.7 	9.1 	9.0 	8.5 	8.0 	8.2 	7.2 b	7.8 	6.9 	7.0 	7.4 	6.0 	7.0 	7.1 b	6.4 	7.3 	7.4 	8.7 
A,PC,F,Y18-24,FI19	5.9 bu	6.6 u	6.7 u	7.2 b	5.3 u	6.3 u	5.6 u	6.4 u	7.9 	9.0 	9.5 	8.6 	7.9 	7.0 u	5.3 bu	8.4 	7.4 u	7.3 u	7.0 u	7.3 u	8.4 	6.5 bu	6.1 u	6.0 u	7.3 u	6.7 u
A,PC,F,Y18-24,FI1B	: 	: 	: 	: 	: 	8.5 	7.7 	6.8 	7.4 	8.3 	8.5 	7.9 	7.8 	8.1 	7.9 b	7.0 	8.1 	7.1 	6.1 	4.7 u	6.3 	5.3 bu	6.9 	7.6 u	5.4 u	7.0 u
A,PC,F,Y18-24,FI1C	: 	: 	: 	: 	: 	8.3 u	9.3 	8.5 u	7.7 u	9.2 u	7.7 u	8.8 u	8.8 u	9.5 	9.2 b	9.8 	5.1 u	6.3 u	10.0 	4.9 u	6.6 u	11.0 bu	7.1 u	: u	: u	11.2 u
A,PC,F,Y18-24,FI1D	: 	: 	: 	: 	: 	9.4 	8.7 	7.5 	7.9 	10.0 	10.2 	8.8 	8.0 	8.8 	6.6 bu	6.8 u	6.3 u	6.9 u	7.4 u	7.4 u	6.8 u	7.4 bu	5.2 u	8.2 u	9.8 u	11.3 u
A,PC,F,Y18-24,FI2	: bu	: u	: u	: bu	: u	: u	: u	: u	: u	: u	: u	: u	: u	: u	: bu	: u	: u	: u	: u	: u	: u	: bu	: u	: u	: u	: u
A,PC,F,Y18-24,FI20	: bu	: u	: u	: bu	: u	: u	: u	: u	: u	: u	: u	: u	: u	: u	: bu	: u	: u	: u	: u	: u	: u	: bu	: u	: u	: u	: u
A,PC,F,Y18-24,FR	11.9 	12.0 	11.9 	11.2 b	10.5 	10.6 	10.8 	10.5 	9.9 	10.3 	10.2 	10.4 	10.0 	8.6 b	7.8 b	8.4 	7.5 	7.1 	6.8 	6.9 	6.3 	6.1 b	6.0 	5.6 	6.1 	5.4 
A,PC,F,Y18-24,FR1	10.2 	10.9 	10.0 	10.3 b	9.1 	9.6 	8.8 	9.0 	10.1 	8.9 	8.2 	9.9 	9.8 	8.1 b	6.3 b	7.4 	6.5 	5.3 	5.5 	5.4 	3.0 	3.8 b	4.8 	4.1 	4.5 	3.3 
A,PC,F,Y18-24,FR10	10.2 	10.9 	10.0 	10.3 b	9.1 	9.6 	8.8 	9.0 	10.1 	8.9 	8.2 	9.9 	9.8 	8.1 b	6.3 b	7.4 	6.5 	5.3 	5.5 	5.4 	3.0 	3.8 b	4.8 	4.1 	4.5 	3.3 
A,PC,F,Y18-24,FRB	13.8 u	: u	12.4 u	: bu	10.5 u	17.7 	15.4 u	10.5 u	11.9 u	10.9 u	9.3 u	7.0 u	8.1 u	7.7 bu	5.9 bu	4.2 u	4.5 u	5.3 u	6.7 u	10.5 u	10.5 u	5.7 bu	6.6 u	7.7 u	: u	5.5 u
A,PC,F,Y18-24,FRB0	13.8 u	: u	12.4 u	: bu	10.5 u	17.7 	15.4 u	10.5 u	11.9 u	10.9 u	9.3 u	7.0 u	8.1 u	7.7 bu	5.9 bu	4.2 u	4.5 u	5.3 u	6.7 u	10.5 u	10.5 u	5.7 bu	6.6 u	7.7 u	: u	5.5 u
A,PC,F,Y18-24,FRC	9.8 u	11.0 u	14.1 u	10.7 bu	16.1 	12.6 u	14.7 	14.8 	10.7 u	8.1 u	11.2 	11.8 	8.7 u	7.2 bu	8.9 bu	10.1 	6.0 u	6.7 u	5.6 u	10.3 u	6.6 u	6.1 bu	: u	7.3 u	7.6 u	: u
A,PC,F,Y18-24,FRC1	: u	: u	: u	: bu	13.7 u	: u	13.6 u	16.9 u	: u	: u	11.8 u	11.7 u	: u	7.9 bu	8.1 bu	6.2 u	4.0 u	7.0 u	: u	11.3 u	: u	: bu	: u	: u	9.6 u	: u
A,PC,F,Y18-24,FRC2	: u	: u	: u	: bu	18.8 u	15.0 u	16.1 u	: u	: u	: u	: u	: u	: u	6.3 bu	10.3 bu	15.5 u	9.4 u	6.2 u	: u	: u	: u	: bu	: u	: u	: u	: u
A,PC,F,Y18-24,FRD	10.7 u	11.8 u	12.2 u	8.3 bu	8.7 u	9.7 u	8.8 u	8.6 u	10.7 	11.3 	8.6 	8.8 	8.3 	8.0 b	8.5 b	8.8 	7.2 u	7.6 	6.2 u	6.6 u	6.2 u	6.0 bu	4.4 u	5.6 u	9.7 	8.8 
A,PC,F,Y18-24,FRD1	: u	: u	: u	: bu	: u	: u	: u	: u	: u	: u	: u	9.3 u	: u	6.3 bu	11.5 bu	11.9 u	9.3 u	6.5 u	: u	: u	: u	: bu	: u	: u	: u	: u
A,PC,F,Y18-24,FRD2	: u	: u	: u	: bu	: u	10.6 u	9.9 u	10.4 u	10.5 u	12.3 u	9.0 u	8.5 u	9.9 u	9.2 bu	6.2 bu	6.6 u	5.9 u	8.5 u	: u	: u	8.6 u	8.6 bu	: u	7.7 u	12.4 u	9.2 u
A,PC,F,Y18-24,FRE	18.3 	15.6 	15.4 	13.8 b	13.7 	14.3 	16.1 	14.5 	14.5 	12.8 	15.5 	12.4 	11.9 	11.6 b	11.4 b	11.3 	11.8 	10.8 	9.6 	9.9 	9.4 	10.4 b	8.6 	7.7 	8.0 	5.2 
A,PC,F,Y18-24,FRE1	17.9 	15.6 	15.6 	13.7 b	12.5 	14.7 	15.7 	15.0 	12.9 	11.2 	13.2 	11.6 	11.1 	11.2 b	10.0 b	10.7 	12.3 	10.1 	10.5 	10.5 	10.3 	12.0 b	9.6 	8.0 	7.7 	5.7 u
A,PC,F,Y18-24,FRE2	19.4 u	15.6 u	14.8 u	14.0 bu	16.4 u	13.2 u	17.1 u	13.3 u	19.0 u	17.4 	21.7 	14.6 u	14.1 u	12.5 bu	14.5 b	12.7 	10.5 u	12.7 u	: u	8.3 u	7.2 u	: bu	: u	7.1 u	8.8 u	: u
A,PC,F,Y18-24,FRF	12.0 	12.2 	12.9 	11.5 b	10.4 	10.9 	10.1 	8.0 	5.6 u	9.6 	11.3 	10.1 	10.2 	10.3 b	8.8 b	10.1 	7.9 	6.5 	6.8 	5.9 	7.8 	5.5 b	8.8 	6.7 	6.3 	7.0 
A,PC,F,Y18-24,FRF1	: u	: u	: u	10.1 bu	10.6 u	9.3 u	: u	11.1 u	: u	: u	8.0 u	8.5 u	11.0 u	9.8 bu	7.6 bu	8.5 u	5.8 u	6.8 u	: u	: u	7.0 u	: bu	6.7 u	: u	: u	6.4 u
A,PC,F,Y18-24,FRF2	: u	: u	: u	15.1 bu	13.2 u	: u	: u	: u	: u	: u	11.3 u	10.3 u	: u	11.6 bu	11.2 bu	11.9 u	9.0 u	9.6 u	: u	: u	9.7 u	: bu	: u	: u	: u	: u
A,PC,F,Y18-24,FRF3	: u	10.6 u	11.2 u	10.4 bu	8.5 u	12.5 u	11.0 u	: u	: u	13.9 	14.1 	11.4 	10.9 u	10.0 bu	8.7 bu	10.4 	8.9 u	4.6 u	8.0 u	: u	7.2 u	6.5 bu	11.4 u	7.9 u	9.9 u	: u
A,PC,F,Y18-24,FRG	12.8 u	12.9 u	8.7 u	10.9 bu	9.9 u	11.3 u	10.5 u	13.9 	10.8 u	8.8 u	8.9 	7.8 u	9.0 	6.4 bu	4.9 bu	7.5 u	6.5 u	3.7 u	4.2 u	4.3 u	7.5 	4.8 bu	7.5 	5.0 u	7.9 	6.2 u
A,PC,F,Y18-24,FRG0	12.8 u	12.9 u	8.7 u	10.9 bu	9.9 u	11.3 u	10.5 u	13.9 	10.8 u	8.8 u	8.9 	7.8 u	9.0 	6.4 bu	4.9 bu	7.5 u	6.5 u	3.7 u	4.2 u	4.3 u	7.5 	4.8 bu	7.5 	5.0 u	7.9 	6.2 u
A,PC,F,Y18-24,FRH	: u	: u	: u	: bu	: u	: u	: u	: u	: u	: u	: u	5.3 u	5.6 u	2.8 bu	2.7 bu	4.6 u	2.2 u	4.9 u	6.0 u	5.1 u	: u	6.9 bu	4.2 u	5.6 u	7.8 u	: u
A,PC,F,Y18-24,FRH0	: u	: u	: u	: bu	: u	: u	: u	: u	: u	: u	: u	5.3 u	5.6 u	2.8 bu	2.7 bu	4.6 u	2.2 u	4.9 u	6.0 u	5.1 u	: u	6.9 bu	4.2 u	5.6 u	7.8 u	: u
A,PC,F,Y18-24,FRI	11.7 u	12.5 	11.0 u	10.4 b	8.7 	9.5 	10.4 	11.4 	9.7 	10.1 	7.2 	9.0 	10.4 	8.8 b	7.1 b	5.3 	4.7 	6.3 	8.1 	8.9 	6.1 	4.9 b	5.0 	6.3 	6.6 	7.9 
A,PC,F,Y18-24,FRI1	12.4 u	13.1 u	10.9 u	12.1 b	10.0 u	11.4 u	10.1 u	9.6 u	8.1 u	10.5 u	7.1 u	9.5 	10.1 	8.4 b	6.2 bu	5.4 u	2.0 u	6.2 u	8.3 	10.0 	: u	4.4 bu	4.1 u	4.0 u	4.8 u	10.2 
A,PC,F,Y18-24,FRI2	: u	: u	: u	: bu	: u	: u	: u	: u	: u	: u	: u	: u	: u	8.7 bu	8.2 bu	8.2 u	3.6 u	3.4 u	: u	: u	: u	: bu	: u	: u	: u	: u
A,PC,F,Y18-24,FRI3	: u	: u	: u	: bu	: u	: u	: u	13.9 u	13.4 u	: u	: u	: u	10.0 u	9.7 bu	8.2 bu	3.9 u	10.8 u	7.8 u	8.4 u	: u	: u	: bu	: u	10.1 u	10.7 u	: u
A,PC,F,Y18-24,FRJ	10.4 u	11.1 u	12.3 	14.3 b	12.7 	14.1 	10.2 	11.5 	8.6 	13.0 	13.6 	14.6 	11.3 	9.4 b	7.0 b	7.6 	8.4 	7.0 	6.2 	6.4 	5.4 	6.4 b	4.5 	3.3 u	3.6 u	5.1 
A,PC,F,Y18-24,FRJ1	15.6 u	14.2 u	14.5 u	13.0 bu	13.9 u	17.3 	13.8 u	16.1 	12.6 u	12.6 	16.6 	15.3 	15.0 	13.5 b	10.3 b	10.3 u	7.0 u	10.1 u	9.0 u	7.9 u	7.9 u	7.9 bu	5.7 u	: u	: u	7.7 u
A,PC,F,Y18-24,FRJ2	: u	: u	10.2 u	15.5 b	11.9 u	10.9 u	7.1 u	7.5 u	: u	13.3 	10.1 u	13.8 	7.8 u	5.2 bu	4.0 bu	5.0 u	9.7 u	4.6 u	: u	5.1 u	4.0 u	5.3 bu	: u	: u	4.0 u	: u
A,PC,F,Y18-24,FRK	9.5 	11.9 	11.0 	11.4 b	9.7 	8.5 	10.5 	10.2 	8.5 	12.0 	10.8 	12.0 	9.9 	7.5 b	5.9 b	6.6 	6.2 	7.1 	5.7 	6.3 	7.0 	6.3 b	5.8 	4.8 	3.6 	4.3 
A,PC,F,Y18-24,FRK1	: u	: u	: u	: bu	: u	: u	: u	13.7 u	: u	: u	: u	16.8 u	14.7 u	8.9 bu	4.5 bu	6.8 u	7.2 u	4.5 u	: u	: u	: u	: bu	: u	: u	: u	: u
A,PC,F,Y18-24,FRK2	9.4 u	12.3 	11.1 	12.1 b	10.0 	8.3 	11.3 	9.4 	8.6 	13.3 	11.8 	10.9 	8.9 	7.3 b	6.1 b	6.6 	6.0 	7.5 	6.1 	6.7 	7.1 	6.1 b	6.2 	4.9 	3.8 	4.8 
A,PC,F,Y18-24,FRL	15.2 	15.4 	17.2 	14.7 b	13.5 	9.2 	13.3 	12.6 	12.6 	10.8 	10.6 	10.8 	12.8 	11.7 b	10.2 b	11.7 	11.8 	10.5 	7.5 	4.0 u	5.9 	5.7 b	5.4 u	5.1 u	7.7 	8.7 
A,PC,F,Y18-24,FRL0	15.2 	15.4 	17.2 	14.7 b	13.5 	9.2 	13.3 	12.6 	12.6 	10.8 	10.6 	10.8 	12.8 	11.7 b	10.2 b	11.7 	11.8 	10.5 	7.5 	4.0 u	5.9 	5.7 b	5.4 u	5.1 u	7.7 	8.7 
A,PC,F,Y18-24,FRM	: u	: 	: u	: bu	: u	: u	: u	: u	: u	: u	: u	: u	: u	: bu	: bu	: u	: u	: u	: u	: u	: u	: bu	: u	: u	: u	: u
A,PC,F,Y18-24,FRM0	: u	: 	: u	: bu	: u	: u	: u	: u	: u	: u	: u	: u	: u	: bu	: bu	: u	: u	: u	: u	: u	: u	: bu	: u	: u	: u	: u
A,PC,F,Y18-24,FRY	: 	: 	: 	: 	: 	: 	: 	: 	: 	: 	: 	: 	: 	: 	19.1 b	18.7 	19.3 	18.5 	17.1 	16.2 	12.4 	11.9 b	11.0 	9.8 	11.2 	9.8 
A,PC,F,Y18-24,FRY1	: 	: 	: 	: 	: 	: 	: 	: 	: 	: 	: 	: 	: 	: 	: bu	: u	: u	: u	: u	: u	: u	: bu	: u	: u	: u	: u
A,PC,F,Y18-24,FRY2	: 	: 	: 	: 	: 	: 	: 	: 	: 	: 	: 	: 	: 	: 	: bu	: u	: u	: u	: u	: u	: u	: bu	: u	: u	: u	: u
A,PC,F,Y18-24,FRY3	: 	: 	: 	: 	: 	: 	: 	: 	: 	: 	: 	: 	: 	: 	31.2 bu	35.6 u	33.6 u	37.8 u	29.1 u	21.6 u	25.2 u	24.7 bu	24.1 u	19.9 u	24.4 u	: u
A,PC,F,Y18-24,FRY4	: 	: 	: 	: 	: 	: 	: 	: 	: 	: 	: 	: 	: 	: 	23.3 b	19.8 	18.8 	18.7 	17.6 	16.4 	12.4 u	10.5 bu	9.4 u	: u	7.9 u	8.9 u
A,PC,F,Y18-24,HR	: 	: 	6.9 u	6.4 u	4.6 u	4.2 bu	4.1 bu	2.7 bu	3.4 u	4.2 u	3.0 bu	3.6 u	4.2 u	3.2 u	2.5 bu	1.9 u	2.1 u	2.1 u	3.0 u	3.0 u	2.1 u	1.8 bu	1.4 u	1.2 u	1.4 u	1.5 u
A,PC,F,Y18-24,HR0	: 	: 	6.9 u	6.4 u	4.6 u	4.2 bu	4.1 bu	2.7 bu	3.4 u	4.2 u	3.0 bu	3.6 u	4.2 u	3.2 u	2.5 bu	1.9 u	2.1 u	2.1 u	3.0 u	3.0 u	2.1 u	1.8 bu	1.4 u	1.2 u	1.4 u	1.5 u
A,PC,F,Y18-24,HR02	: 	: 	: 	: 	: 	: 	: 	: 	: 	: 	: 	: 	: 	: 	: 	: 	3.7 u	3.4 u	4.4 u	4.1 u	3.6 u	: bu	2.9 u	2.8 u	: u	: u
A,PC,F,Y18-24,HR03	: 	: 	: 	: 	: 	: 	: 	: bu	: u	2.2 u	1.8 bu	1.8 u	4.1 u	2.2 u	: bu	: u	: u	: u	3.1 u	: u	: u	: bu	: u	: u	: u	: u
A,PC,F,Y18-24,HR04	: 	: 	: 	: 	: 	: 	: 	3.8 bu	4.8 u	5.1 u	3.5 bu	4.5 u	4.2 u	3.6 u	3.0 bu	2.7 u	: 	: 	: 	: 	: 	: 	: 	: 	: 	: 
A,PC,F,Y18-24,HR05	: 	: 	: 	: 	: 	: 	: 	: 	: 	: 	: 	: 	: 	: 	: 	: 	4.0 u	: u	: u	: u	: u	: bu	: u	: u	: u	: u
A,PC,F,Y18-24,HR06	: 	: 	: 	: 	: 	: 	: 	: 	: 	: 	: 	: 	: 	: 	: 	: 	: u	: u	3.2 u	5.2 u	: u	: bu	: u	: u	: u	: u
A,PC,F,Y18-24,HU	13.4 	12.6 b	11.9 	11.3 b	11.5 	11.3 	11.3 b	10.2 	11.0 	10.8 	10.1 	10.6 	11.2 	11.4 	10.3 b	11.2 	11.8 	13.0 	12.3 b	11.0 	11.2 	11.7 b	11.6 	10.4 	9.9 	9.0 
A,PC,F,Y18-24,HU1	11.3 	9.3 b	8.1 	8.1 b	8.8 	9.2 	8.4 b	8.5 	10.9 	8.8 	6.7 	9.1 	8.1 	7.0 	6.4 b	9.3 	8.3 	7.0 	4.5 bu	2.9 u	6.8 	5.4 b	4.7 u	5.7 	6.0 	3.9 u
A,PC,F,Y18-24,HU10	11.3 	9.3 b	8.1 	8.1 b	8.8 	9.2 	8.4 b	8.5 	10.9 	8.8 	6.7 	9.1 	8.1 	: 	: 	: 	: 	: 	: 	: 	: 	: 	: 	: 	: 	: 
A,PC,F,Y18-24,HU11	: 	: 	: 	: 	: 	: 	: 	: 	: 	: 	: 	: 	: 	4.5 u	4.8 bu	8.8 	8.0 u	6.7 u	: bu	: u	: u	: bu	: u	: u	5.2 u	: u
A,PC,F,Y18-24,HU12	: 	: 	: 	: 	: 	: 	: 	: 	: 	: 	: 	: 	: 	10.0 	8.4 bu	9.9 	8.6 u	7.4 u	: bu	: u	11.0 u	7.4 bu	7.1 u	9.2 u	7.2 u	: u
A,PC,F,Y18-24,HU2	11.9 	12.5 b	11.9 	12.2 b	12.0 	10.5 	9.8 b	9.7 	9.0 	10.0 	10.4 	10.8 	10.3 	10.1 	10.4 b	10.3 	10.4 	13.5 	12.9 b	12.7 	12.0 	9.7 b	9.0 	7.9 	8.5 	8.6 
A,PC,F,Y18-24,HU21	11.2 	12.1 b	11.6 	10.6 b	11.4 	11.1 	9.1 bu	8.0 u	8.9 u	13.5 	12.1 	12.7 	10.0 u	9.3 u	10.4 bu	8.7 u	9.8 u	11.8 u	13.4 b	14.6 	13.2 u	8.5 bu	9.2 u	9.8 u	: u	9.9 u
A,PC,F,Y18-24,HU22	10.5 	10.2 b	8.9 u	10.0 bu	11.1 	9.7 u	6.4 bu	7.7 u	7.9 u	6.5 u	7.9 u	8.1 u	11.2 u	6.8 u	7.4 bu	8.0 u	: u	10.7 u	10.4 bu	: u	: u	: bu	: u	: u	8.8 u	: u
A,PC,F,Y18-24,HU23	14.3 	15.5 b	15.4 	16.3 b	13.5 	10.5 u	14.2 b	13.6 	10.3 u	9.8 u	10.9 u	11.5 u	9.6 u	14.7 	13.4 b	14.5 	14.5 	18.6 	15.0 bu	16.2 	17.8 	12.8 bu	12.5 u	11.6 u	9.9 u	10.5 u
A,PC,F,Y18-24,HU3	16.2 	14.9 b	14.4 	12.8 b	12.9 	13.3 	14.1 b	11.7 	12.6 	12.6 	12.0 	11.3 	13.8 	15.0 	12.8 b	13.1 	15.1 	16.5 	17.1 b	15.4 	13.8 	17.4 b	18.6 	15.7 	14.2 	13.3 
A,PC,F,Y18-24,HU31	18.6 	16.6 b	16.3 	14.6 b	13.8 	16.5 	17.8 b	15.8 	16.0 	14.8 	16.8 	13.6 	14.9 	17.2 	17.6 b	17.7 	21.7 	23.6 	22.6 b	20.9 	18.1 	24.1 b	24.8 	16.9 	22.0 	19.5 
A,PC,F,Y18-24,HU32	15.8 	15.8 b	16.3 	13.5 b	13.5 	15.0 	15.7 b	11.0 	13.7 	14.5 	11.6 	11.5 	16.3 	15.9 	13.0 b	11.9 	13.6 	14.2 	17.3 b	17.2 	15.9 	18.9 b	19.8 	18.1 	14.8 	13.4 
A,PC,F,Y18-24,HU33	14.5 	12.5 b	10.3 	10.4 b	11.5 	8.3 	8.7 b	8.6 	7.9 u	8.1 u	7.8 u	8.9 	9.6 	11.8 	8.3 bu	10.5 	11.0 	12.3 	11.4 b	7.9 u	7.0 u	9.2 bu	11.0 u	11.3 u	: u	7.0 u
A,PC,F,Y18-24,IE	: 	: 	11.2 	9.8 	10.0 b	9.5 	8.9 b	7.9 b	7.5 	7.9 	9.3 	8.3 	7.8 	6.6 	5.1 b	4.9 	4.3 	3.9 b	3.9 	4.3 	4.7 	: bu	2.7 u	2.9 u	: bu	2.9 u
A,PC,F,Y18-24,IE0	: 	: 	11.2 	9.8 	10.0 b	9.5 	8.9 b	7.9 b	7.5 	7.9 	9.3 	8.3 	7.8 	6.6 	5.1 b	4.9 	4.3 	3.9 b	3.9 	4.3 	4.7 	: bu	2.7 u	2.9 u	: bu	2.9 u
A,PC,F,Y18-24,IE01	: 	: 	12.8 	10.3 	10.4 b	9.9 	10.6 b	9.0 b	7.9 	7.1 	9.5 	9.6 	: 	: 	: 	: 	: 	: 	: 	: 	: 	: 	: 	: 	: 	: 
A,PC,F,Y18-24,IE02	: 	: 	10.7 	9.7 	9.9 b	9.4 	8.4 b	7.5 b	7.3 	8.1 	9.3 	7.9 	: 	: 	: 	: 	: 	: 	: 	: 	: 	: 	: 	: 	: 	: 
A,PC,F,Y18-24,IE04	: 	: 	: 	: 	: 	: 	: 	: 	: 	: 	: 	: 	6.4 u	6.4 u	6.8 bu	6.6 u	: u	: bu	: u	: u	: u	: bu	: u	: u	: bu	: u
A,PC,F,Y18-24,IE05	: 	: 	: 	: 	: 	: 	: 	: 	: 	: 	: 	: 	8.1 	6.5 	5.0 b	5.0 u	3.7 u	3.5 bu	4.5 u	: u	: u	: bu	: u	: u	: bu	: u
A,PC,F,Y18-24,IE06	: 	: 	: 	: 	: 	: 	: 	: 	: 	: 	: 	: 	8.0 	6.7 	4.6 b	4.3 	4.5 	4.2 b	3.8 	3.9 u	5.0 u	: bu	: u	: u	: bu	: u
A,PC,F,Y18-24,IS	29.6 	26.5 	24.8 	17.4 b	21.4 	19.8 	: u	18.7 	22.4 	17.4 b	19.0 	17.1 	16.5 	16.4 	13.6 b	12.4 	15.6 	12.7 	14.5 	10.8 	11.6 b	8.9 b	10.8 	9.0 	10.1 	: 
A,PC,F,Y18-24,IS0	29.6 	26.5 	24.8 	17.4 b	21.4 	19.8 	: u	18.7 	22.4 	17.4 b	19.0 	17.1 	16.5 	16.4 	13.6 b	12.4 	15.6 	12.7 	14.5 	10.8 	11.6 b	8.9 b	10.8 	9.0 	10.1 	: 
A,PC,F,Y18-24,IS00	29.6 	26.5 	24.8 	17.4 b	21.4 	19.8 	: u	18.7 	22.4 	17.4 b	19.0 	17.1 	16.5 	16.4 	13.6 b	12.4 	15.6 	12.7 	14.5 	10.8 	11.6 b	8.9 b	10.8 	9.0 	10.1 	: 
A,PC,F,Y18-24,IT	21.7 	22.2 	20.5 	19.6 	19.2 b	18.4 	17.0 b	16.4 	16.7 	16.2 	15.3 	14.9 	14.3 	13.6 	12.2 b	11.8 	11.3 	11.2 	12.1 b	11.3 	11.3 	10.5 b	9.1 	7.6 	7.1 	6.2 
A,PC,F,Y18-24,ITC	19.3 	20.0 	19.1 	18.0 	17.4 b	17.0 	14.1 b	13.3 	15.3 	16.5 	14.5 	13.4 	12.2 	12.3 	10.0 b	9.9 	9.8 	8.5 	10.4 b	9.6 	10.0 	10.4 b	7.9 	5.0 	5.0 	4.9 
A,PC,F,Y18-24,ITC1	19.4 	22.7 	19.7 	18.3 	18.5 b	16.0 	15.8 b	14.3 	17.3 	17.1 	13.9 	13.3 	12.8 	13.8 	9.0 b	8.4 	6.4 	7.6 	11.4 b	10.1 	10.2 	12.2 b	8.5 	4.5 	7.3 	6.3 
A,PC,F,Y18-24,ITC2	: u	: u	: u	: u	: bu	: u	: bu	: u	: u	: u	: u	: u	: u	: u	: bu	: u	: u	: u	: bu	: u	: u	: bu	: u	: u	: u	: u
A,PC,F,Y18-24,ITC3	19.5 	20.6 	19.9 	18.0 	11.1 b	14.7 	14.7 b	13.8 	9.8 	10.7 	15.2 	10.4 	15.5 	16.0 	11.5 b	10.7 	12.7 	13.5 	12.4 b	6.4 	5.6 u	10.0 b	7.6 u	8.6 	: u	5.6 u
A,PC,F,Y18-24,ITC4	19.2 	18.7 	18.8 	17.9 	17.7 b	17.8 	13.3 b	12.7 	15.1 	17.0 	14.6 	13.8 	11.5 	11.1 	10.2 b	10.3 	10.8 	8.2 	9.7 b	9.8 	10.5 	9.6 b	7.6 	4.7 	4.4 	4.3 
A,PC,F,Y18-24,ITF	26.3 	25.9 	23.5 	23.0 	22.9 b	21.9 	21.3 b	22.4 	20.5 	18.8 	17.7 	16.9 	15.9 	15.2 	13.8 b	14.5 	14.1 	14.4 	14.9 b	14.0 	14.3 	12.7 b	12.2 	10.6 	9.3 	7.3 
A,PC,F,Y18-24,ITF1	14.2 	15.2 	12.1 	9.5 	10.8 b	13.4 	11.6 b	10.4 	15.0 	11.7 	8.9 	10.1 	9.7 	6.2 	4.8 bu	4.8 u	7.4 	7.7 	6.5 b	4.3 u	4.8 u	4.1 bu	6.6 u	4.4 u	: u	4.3 u
A,PC,F,Y18-24,ITF2	14.5 u	15.6 u	14.0 u	14.8 u	: bu	: u	: bu	: u	12.6 u	13.6 u	: u	: u	: u	: u	: bu	: u	: u	: u	: bu	: u	: u	: bu	: u	: u	: u	: u
A,PC,F,Y18-24,ITF3	30.5 	28.1 	25.6 	27.1 	25.5 b	24.8 	25.4 b	28.4 	25.8 	23.2 	22.3 	21.0 	18.2 	17.6 	16.9 b	18.2 	17.3 	17.7 	18.4 b	15.6 	15.9 	14.3 b	15.3 	12.5 	10.8 	9.8 
A,PC,F,Y18-24,ITF4	26.4 	27.8 	25.6 	23.7 	26.5 b	24.7 	22.4 b	21.4 	18.7 	18.9 	16.9 	14.7 	16.0 	16.2 	13.5 b	12.7 	12.3 	13.6 	13.2 b	14.2 	16.1 	15.6 b	12.0 	10.6 	7.9 	5.8 
A,PC,F,Y18-24,ITF5	21.1 	24.7 	19.0 	18.4 	12.7 b	13.8 	9.4 bu	9.3 u	8.7 u	9.2 u	13.4 	10.4 u	8.9 u	12.9 	10.4 bu	8.7 u	9.5 u	11.5 u	7.9 bu	8.4 u	9.8 u	: bu	: u	: u	: u	: u
A,PC,F,Y18-24,ITF6	23.4 	23.2 	21.9 	19.2 	18.9 b	16.5 	17.4 b	18.1 	15.5 	12.7 	12.8 	15.1 	14.8 	12.2 	11.7 b	14.1 	13.5 	10.4 	14.6 b	16.5 	13.1 	9.0 b	9.1 	9.9 	12.2 	5.0 u
A,PC,F,Y18-24,ITG	27.9 	29.6 	27.1 	24.4 	24.6 b	25.4 	24.0 b	21.3 	21.9 	22.1 	20.6 	20.2 	20.0 	21.6 	19.7 b	18.6 	17.6 	17.0 	19.7 b	18.5 	15.8 	15.8 b	15.1 	14.5 	12.4 	10.3 
A,PC,F,Y18-24,ITG1	28.0 	30.3 	28.0 	25.2 	25.7 b	26.0 	24.5 b	22.7 	23.0 	23.6 	22.1 	20.8 	20.1 	21.7 	20.5 b	19.6 	19.1 	17.4 	20.5 b	20.0 	17.7 	17.5 b	16.9 	15.5 	13.0 	10.7 
A,PC,F,Y18-24,ITG2	27.6 	27.5 	24.4 	21.9 	21.0 b	23.4 	22.2 b	16.7 	18.3 	16.9 	15.4 	18.1 	19.7 	21.2 	17.0 b	14.8 	12.1 	15.6 	16.5 b	12.9 	8.4 	9.3 b	8.2 	10.8 	10.4 	9.0 
A,PC,F,Y18-24,ITH	17.0 	18.0 	16.0 	15.7 	15.9 b	15.0 	12.9 b	11.9 	12.6 	12.2 	12.7 	12.5 	12.7 	9.4 	8.8 b	7.9 	8.0 	9.5 	9.4 b	7.8 	8.6 	7.9 b	7.0 	6.5 	5.8 	4.6 
A,PC,F,Y18-24,ITH1	13.5 	20.3 	22.7 	23.5 	23.1 b	18.7 	15.7 b	18.0 	17.6 	18.1 	16.2 	12.8 u	15.8 	15.0 	10.3 bu	10.0 u	: u	13.0 	11.3 bu	9.1 u	10.8 u	9.8 bu	11.2 u	11.6 u	11.4 u	: u
A,PC,F,Y18-24,ITH2	: u	10.9 u	9.2 u	: u	10.3 bu	: u	: bu	: u	: u	9.4 u	10.0 u	: u	: u	8.3 u	: bu	8.7 u	: u	: u	: bu	: u	: u	: bu	: u	: u	: u	: u
A,PC,F,Y18-24,ITH3	20.2 	20.0 	16.4 	14.8 	14.5 b	15.0 	12.3 b	11.5 	13.3 	12.7 	13.6 	13.3 	11.8 	7.1 	7.9 b	6.6 	7.1 	10.7 	10.6 b	7.5 	8.9 	7.2 b	6.0 	5.9 	4.6 	4.5 
A,PC,F,Y18-24,ITH4	11.0 	12.1 	12.3 	12.2 	13.3 b	12.0 	17.6 b	8.8 	12.2 	12.3 	10.5 	11.8 	12.9 	6.4 u	6.1 bu	4.5 u	6.6 u	7.3 	7.0 bu	7.5 	7.0 u	7.5 bu	5.3 u	5.3 u	4.5 u	: u
A,PC,F,Y18-24,ITH5	: 	: 	: 	: 	: 	16.2 	12.6 b	13.0 	11.8 	11.2 	12.2 	12.6 	14.2 	12.3 	10.6 b	10.0 	9.8 	8.7 	8.9 b	8.2 	8.7 	8.5 b	8.4 	6.9 	7.0 	5.1 
A,PC,F,Y18-24,ITI	16.5 	17.0 	16.1 	15.7 	14.1 b	11.7 	11.5 b	10.4 	11.9 	11.0 	11.1 	12.2 	11.7 	10.9 	10.7 b	9.1 	8.3 	8.0 	8.3 b	8.7 	9.1 	7.1 b	5.5 	4.2 	5.2 	5.6 
A,PC,F,Y18-24,ITI1	21.0 	22.1 	18.4 	15.3 	15.3 b	10.7 	12.9 b	12.7 	13.0 	15.6 	14.7 	13.4 	14.7 	11.9 	10.8 b	10.0 	8.7 	8.6 	9.5 b	8.1 	10.6 	9.4 b	6.1 	5.3 	4.9 	8.0 
A,PC,F,Y18-24,ITI2	10.6 	9.0 	9.7 	12.7 	11.2 b	14.0 	12.2 b	9.7 	12.6 	7.4 u	9.7 	11.0 	13.3 	11.9 	9.3 b	8.1 u	5.8 u	8.5 u	7.0 bu	8.2 u	12.7 	12.4 bu	: u	: u	6.6 u	: u
A,PC,F,Y18-24,ITI3	: 	: 	: 	: 	: 	17.8 	15.2 b	13.2 	13.8 	15.3 	10.6 	11.4 	12.0 	11.1 	9.4 b	7.9 	8.9 	5.0 u	6.6 b	5.5 	6.1 	3.9 bu	4.4 u	3.6 u	6.7 u	4.5 u
A,PC,F,Y18-24,ITI4	15.5 	15.7 	15.5 	16.8 	13.6 b	10.3 	9.5 b	8.3 	10.6 	7.7 	9.4 	11.8 	9.5 	10.1 	11.2 b	9.1 	8.3 	8.4 	8.1 b	9.9 	8.4 	5.9 b	5.6 	3.8 	4.7 	4.7 
A,PC,F,Y18-24,LT	12.8 b	11.0 	11.4 bu	9.1 u	8.6 bu	5.7 u	6.0 bu	5.5 u	4.7 u	5.8 	6.0 	4.6 u	4.6 u	4.7 	4.6 b	4.0 	3.6 	3.8 	3.0 u	2.8 u	3.4 u	4.2 b	4.0 u	6.1 	6.8 	5.2 
A,PC,F,Y18-24,LT0	12.8 b	11.0 	11.4 bu	9.1 u	8.6 bu	5.7 u	6.0 bu	5.5 u	4.7 u	5.8 	6.0 	4.6 u	4.6 u	4.7 	4.6 b	4.0 	3.6 	3.8 	3.0 u	2.8 u	3.4 u	4.2 b	4.0 u	6.1 	6.8 	5.2 
A,PC,F,Y18-24,LT00	12.8 b	11.0 	11.4 bu	9.1 u	8.6 bu	5.7 u	6.0 bu	5.5 u	4.7 u	5.8 	6.0 	4.6 u	4.6 u	: 	: 	: 	: 	: 	: 	: 	: 	: 	: 	: 	: 	: 
A,PC,F,Y18-24,LT01	: 	: 	: 	: 	: 	: 	: 	: 	: 	: 	: 	: 	: 	: u	: bu	: u	: u	4.0 u	: u	: u	: u	: bu	: u	: u	: u	: u
A,PC,F,Y18-24,LT02	: 	: 	: 	: 	: 	: 	: 	: 	: 	: 	: 	: 	: 	6.0 	5.8 b	4.9 	4.0 u	3.7 u	3.9 u	3.8 u	4.4 u	5.4 bu	5.0 u	6.9 	9.1 	7.2 
A,PC,F,Y18-24,LU	17.6 	17.2 	19.6 	10.2 b	12.7 	9.6 	10.4 b	8.4 b	10.9 	6.6 b	6.0 	4.8 u	5.5 	3.7 u	3.7 bu	8.1 b	4.2 u	4.6 u	5.9 	5.5 	5.7 	8.1 b	7.3 	: u	: u	: u
A,PC,F,Y18-24,LU0	17.6 	17.2 	19.6 	10.2 b	12.7 	9.6 	10.4 b	8.4 b	10.9 	6.6 b	6.0 	4.8 u	5.5 	3.7 u	3.7 bu	8.1 b	4.2 u	4.6 u	5.9 	5.5 	5.7 	8.1 b	7.3 	: u	: u	: u
A,PC,F,Y18-24,LU00	17.6 	17.2 	19.6 	10.2 b	12.7 	9.6 	10.4 b	8.4 b	10.9 	6.6 b	6.0 	4.8 u	5.5 	3.7 u	3.7 bu	8.1 b	4.2 u	4.6 u	5.9 	5.5 	5.7 	8.1 b	7.3 	: u	: u	: u
A,PC,F,Y18-24,LV	: 	: 	11.2 b	15.9 b	10.8 	11.8 	11.5 b	10.5 	10.8 	11.0 	9.0 	7.5 	6.3 	5.8 	5.1 b	6.2 	6.2 	5.0 	5.0 	6.8 	4.7 	5.6 b	4.0 u	5.5 	6.1 	5.9 
A,PC,F,Y18-24,LV0	: 	: 	11.2 b	15.9 b	10.8 	11.8 	11.5 b	10.5 	10.8 	11.0 	9.0 	7.5 	6.3 	5.8 	5.1 b	6.2 	6.2 	5.0 	5.0 	6.8 	4.7 	5.6 b	4.0 u	5.5 	6.1 	5.9 
A,PC,F,Y18-24,LV00	: 	: 	11.2 b	15.9 b	10.8 	11.8 	11.5 b	10.5 	10.8 	11.0 	9.0 	7.5 	6.3 	5.8 	5.1 b	6.2 	6.2 	5.0 	5.0 	6.8 	4.7 	5.6 b	4.0 u	5.5 	6.1 	5.9 
A,PC,F,Y18-24,ME	: 	: 	: 	: 	: 	: 	: 	: 	: 	: 	: 	6.6 	6.9 	5.1 u	4.2 bu	6.6 	6.8 	5.2 u	4.9 u	4.9 u	: u	: 	: 	: 	: 	: 
A,PC,F,Y18-24,ME0	: 	: 	: 	: 	: 	: 	: 	: 	: 	: 	: 	6.6 	6.9 	5.1 u	4.2 bu	6.6 	6.8 	5.2 u	4.9 u	4.9 u	: u	: 	: 	: 	: 	: 
A,PC,F,Y18-24,ME00	: 	: 	: 	: 	: 	: 	: 	: 	: 	: 	: 	6.6 	6.9 	5.1 u	4.2 bu	6.6 	6.8 	5.2 u	4.9 u	4.9 u	: u	: 	: 	: 	: 	: 
A,PC,F,Y18-24,MK	: 	: 	: 	: 	: 	: 	25.9 	22.0 b	21.7 	18.5 	17.5 	15.2 	12.3 	13.9 	14.0 b	12.9 	10.9 	8.7 	8.5 	8.4 	5.8 	6.9 b	6.9 	8.2 	7.0 	8.5 
A,PC,F,Y18-24,MK0	: 	: 	: 	: 	: 	: 	25.9 	22.0 b	21.7 	18.5 	17.5 	15.2 	12.3 	13.9 	14.0 b	12.9 	10.9 	8.7 	8.5 	8.4 	5.8 	6.9 b	6.9 	8.2 	7.0 	8.5 
A,PC,F,Y18-24,MK00	: 	: 	: 	: 	: 	: 	25.9 	22.0 b	21.7 	18.5 	17.5 	15.2 	12.3 	13.9 	14.0 b	12.9 	10.9 	8.7 	8.5 	8.4 	5.8 	6.9 b	6.9 	8.2 	7.0 	8.5 
A,PC,F,Y18-24,MT	56.1 d	53.5 d	49.7 d	48.0 d	39.8 d	28.3 b	28.1 b	25.3 	23.2 	21.1 	14.1 	13.1 b	13.4 	14.6 	15.1 b	13.0 	11.9 	11.4 	13.8 	14.2 	10.6 	9.6 b	8.4 	7.6 u	7.2 	5.7 u
A,PC,F,Y18-24,MT0	56.1 d	53.5 d	49.7 d	48.0 d	39.8 d	28.3 b	28.1 b	25.3 	23.2 	21.1 	14.1 	13.1 b	13.4 	14.6 	15.1 b	13.0 	11.9 	11.4 	13.8 	14.2 	10.6 	9.6 b	8.4 	7.6 u	7.2 	5.7 u
A,PC,F,Y18-24,MT00	56.1 d	53.5 d	49.7 d	48.0 d	39.8 d	28.3 b	28.1 b	25.3 	23.2 	21.1 	14.1 	13.1 b	13.4 	14.6 	15.1 b	13.0 	11.9 	11.4 	13.8 	14.2 	10.6 	9.6 b	8.4 	7.6 u	7.2 	5.7 u
A,PC,F,Y18-24,NL	14.1 	13.8 	13.8 	12.9 b	11.7 	11.6 b	10.2 b	9.2 	8.9 	9.0 	7.7 	7.2 	7.2 	7.4 b	6.8 b	6.4 	5.8 	4.6 	5.3 	5.5 b	5.3 	3.8 b	4.3 	5.2 	5.2 	5.3 
A,PC,F,Y18-24,NL1	10.6 	11.4 	11.0 	12.8 b	10.7 	10.0 b	7.6 b	8.0 	6.7 	8.1 	7.5 	6.5 	7.9 	6.3 b	6.7 b	5.1 	6.2 	3.9 	3.9 	4.7 b	5.5 	3.2 b	4.7 	5.2 	6.6 	5.8 
A,PC,F,Y18-24,NL11	10.2 u	9.0 	8.7 	11.5 b	8.3 u	7.9 b	6.0 bu	5.8 u	5.4 u	5.1 u	: u	: u	6.6 u	6.5 bu	: bu	5.1 u	5.9 u	: u	: u	: bu	5.3 u	: bu	: u	5.2 u	7.1 	: u
A,PC,F,Y18-24,NL12	11.9 u	13.1 	11.3 	12.1 b	9.8 	7.7 bu	5.7 bu	9.8 u	7.3 u	9.6 	9.4 u	7.9 u	7.5 u	: bu	7.4 bu	: u	6.5 u	: u	: u	8.0 bu	: u	5.1 bu	6.0 u	5.5 u	7.5 u	7.5 u
A,PC,F,Y18-24,NL13	9.3 u	13.3 u	14.8 u	16.7 bu	16.6 	18.5 b	14.3 bu	10.3 u	: u	12.4 u	11.7 u	10.0 u	11.3 u	: bu	10.9 bu	: u	: u	: u	: u	: bu	: u	: bu	: u	: u	: u	8.2 u
A,PC,F,Y18-24,NL2	12.7 	12.1 	13.1 	14.2 b	12.5 	10.8 b	9.7 b	8.6 	10.6 	9.3 	7.6 	6.0 	6.8 	8.3 b	6.8 b	7.1 	5.4 	5.3 	5.1 	4.1 b	5.5 	3.5 b	4.2 	5.0 	5.5 	6.7 
A,PC,F,Y18-24,NL21	12.3 u	10.6 	12.3 	11.8 b	10.1 	9.7 b	8.7 b	5.2 u	6.4 	10.7 	5.9 	4.6 u	6.1 	5.8 b	6.2 b	5.4 	4.6 u	5.2 u	5.3 u	: bu	6.6 	: bu	3.9 u	4.7 u	5.2 	7.0 
A,PC,F,Y18-24,NL22	13.3 	12.1 	13.1 	14.2 b	12.7 	11.1 b	9.8 b	9.7 	12.2 	7.5 	8.1 	6.9 	7.2 	9.9 b	6.6 b	7.3 	5.7 	5.2 	5.2 	4.4 b	5.1 	3.8 b	4.6 	4.8 	5.4 	6.7 
A,PC,F,Y18-24,NL23	: u	17.3 u	15.9 u	23.0 b	18.0 	12.7 bu	12.0 bu	13.2 u	14.4 u	13.9 u	10.4 u	: u	: u	: bu	: bu	11.1 u	: u	: u	: u	: bu	: u	: bu	: u	: u	: u	: u
A,PC,F,Y18-24,NL3	15.4 	14.9 	14.6 	12.7 b	11.5 	11.5 b	10.1 b	9.1 	8.0 	8.4 	7.5 	7.0 	6.8 	7.0 b	6.9 b	6.1 	6.0 	3.8 	5.2 	5.7 b	5.2 	3.7 b	3.5 	5.1 	4.3 	4.4 
A,PC,F,Y18-24,NL31	7.2 u	10.6 	10.8 	8.0 b	10.2 	6.9 b	7.3 b	6.3 	6.6 	7.6 	4.9 	4.4 u	5.3 	5.4 b	6.3 b	6.3 	4.3 	3.0 u	3.9 u	: 	: 	: 	: 	: 	: 	: 
A,PC,F,Y18-24,NL32	15.3 	16.0 	16.5 	13.4 b	10.2 	10.7 b	10.3 b	9.5 	8.2 	8.9 	6.5 	6.0 	5.8 	6.4 b	4.4 b	4.7 	6.0 	4.1 	5.5 	5.2 b	5.7 	3.8 b	4.8 	6.9 	4.8 	4.0 
A,PC,F,Y18-24,NL33	18.3 	16.1 	14.5 	13.2 b	12.5 	13.3 b	11.1 b	9.4 	8.4 	8.2 	8.5 	8.3 	7.4 	7.8 b	8.7 b	6.0 	6.1 	3.4 	4.9 	: 	: 	: 	: 	: 	: 	: 
A,PC,F,Y18-24,NL34	15.9 u	: u	16.4 u	19.4 b	16.5 u	15.8 bu	: bu	: u	: u	: u	15.9 u	12.0 u	13.8 u	: bu	: bu	18.4 	12.0 u	: u	: u	: bu	: u	: bu	: u	: u	: u	: u
A,PC,F,Y18-24,NL35	: 	: 	: 	: 	: 	: 	: 	: 	: 	: 	: 	: 	: 	: 	: 	: 	: 	: 	: 	4.2 bu	3.6 u	2.8 bu	2.6 u	: u	4.4 	4.2 
A,PC,F,Y18-24,NL36	: 	: 	: 	: 	: 	: 	: 	: 	: 	: 	: 	: 	: 	: 	: 	: 	: 	: 	: 	6.2 b	5.5 	3.6 b	2.6 	4.6 	4.1 	4.7 
A,PC,F,Y18-24,NL4	14.6 	14.2 	14.4 	12.1 b	11.9 	13.8 b	12.3 b	11.1 	10.4 	10.8 	8.5 	9.0 	8.4 	7.8 b	6.8 b	7.1 	5.6 	6.2 	6.6 	6.9 b	5.2 	4.7 b	5.9 	5.5 	6.1 	5.6 
A,PC,F,Y18-24,NL41	13.0 	13.7 	14.8 	11.7 b	11.4 	13.9 b	12.7 b	11.0 	10.5 	11.0 	8.2 	9.4 	9.5 	7.7 b	6.6 b	6.9 	5.6 	6.4 	5.5 	6.8 b	5.6 	3.0 b	5.2 	5.6 	6.6 	5.8 
A,PC,F,Y18-24,NL42	18.4 	15.5 	13.6 	13.0 b	13.0 	13.6 b	11.5 b	11.3 	10.3 	10.3 	9.1 	8.3 	6.3 	8.2 b	7.2 b	7.4 	5.7 	6.0 	8.6 	7.0 b	4.1 u	9.4 b	7.5 	5.4 	5.0 u	4.8 u
A,PC,F,Y18-24,NO	: 	: 	: 	: 	: 	: 	13.1 	14.1 	12.9 	13.4 	13.2 	13.1 	11.9 	11.6 	10.4 b	8.0 	8.9 	7.9 	7.3 	8.1 	8.0 	7.5 b	3.1 u	3.2 u	3.6 u	3.0 u
A,PC,F,Y18-24,NO0	: 	: 	: 	: 	: 	: 	13.1 	14.1 	12.9 	13.4 	13.2 	13.1 	11.9 	11.6 	10.4 b	8.0 	8.9 	7.9 	7.3 	8.1 	8.0 	7.5 b	3.1 u	3.2 u	3.6 u	3.0 u
A,PC,F,Y18-24,NO01	: 	: 	: 	: 	: 	: 	13.1 	13.0 	10.2 	9.4 	10.8 	11.1 	7.9 	9.6 	8.4 b	5.2 	: 	: 	: 	: 	: 	: 	: 	: 	: 	: 
A,PC,F,Y18-24,NO02	: 	: 	: 	: 	: 	: 	16.4 	12.6 u	9.1 u	13.5 u	17.2 	15.2 	12.6 	8.7 u	8.9 bu	8.2 u	9.6 	: u	: u	: u	: u	: bu	: u	: u	: u	: u
A,PC,F,Y18-24,NO03	: 	: 	: 	: 	: 	: 	14.0 	16.7 	14.4 	13.9 	14.1 	13.6 	11.4 	11.8 	8.5 b	8.7 	: 	: 	: 	: 	: 	: 	: 	: 	: 	: 
A,PC,F,Y18-24,NO04	: 	: 	: 	: 	: 	: 	14.0 	15.0 	14.4 	15.9 	13.2 	13.8 	17.5 	15.6 	12.5 b	8.7 	: 	: 	: 	: 	: 	: 	: 	: 	: 	: 
A,PC,F,Y18-24,NO05	: 	: 	: 	: 	: 	: 	10.0 	12.5 	13.8 	15.0 	12.7 	12.1 	10.3 	8.8 	8.2 b	7.4 	: 	: 	: 	: 	: 	: 	: 	: 	: 	: 
A,PC,F,Y18-24,NO06	: 	: 	: 	: 	: 	: 	10.0 u	12.2 	14.1 	10.4 u	11.1 	11.1 	11.1 	11.4 	11.7 b	5.4 u	7.9 	: u	: u	: u	: u	: bu	: u	: u	: u	: u
A,PC,F,Y18-24,NO07	: 	: 	: 	: 	: 	: 	16.2 	16.7 	14.3 	17.9 	17.3 	18.6 	18.0 	17.8 	19.1 b	15.7 	12.9 	: u	: u	: u	: u	: bu	: u	: u	: u	: u
A,PC,F,Y18-24,NO08	: 	: 	: 	: 	: 	: 	: 	: 	: 	: 	: 	: 	: 	: 	: 	: 	6.9 	7.7 u	: u	6.8 u	7.5 u	7.7 bu	: u	: u	: u	: u
A,PC,F,Y18-24,NO09	: 	: 	: 	: 	: 	: 	: 	: 	: 	: 	: 	: 	: 	: 	: 	: 	11.0 	: u	: u	: u	: u	: bu	: u	: u	: u	: u
A,PC,F,Y18-24,NO0A	: 	: 	: 	: 	: 	: 	: 	: 	: 	: 	: 	: 	: 	: 	: 	: 	9.0 	: u	: u	: u	9.4 u	: bu	: u	: u	: u	: u
A,PC,F,Y18-24,PL	: 	5.9 	5.6 	4.4 b	3.9 b	3.7 	3.9 	3.8 	3.9 b	3.9 	3.5 b	3.7 	3.5 	3.2 	3.3 b	3.2 	3.9 b	3.9 	3.7 	3.6 b	3.7 	4.3 b	3.7 	2.4 	3.4 	3.0 
A,PC,F,Y18-24,PL2	: 	5.6 	4.5 	3.0 bu	3.6 b	3.3 u	3.6 	2.5 u	2.9 bu	3.9 	2.7 bu	3.1 u	2.7 u	2.3 u	2.9 bu	3.1 u	3.2 bu	3.4 u	2.3 u	2.5 bu	: u	4.2 bu	: u	: u	: u	: u
A,PC,F,Y18-24,PL21	: 	5.2 u	4.3 u	: bu	: bu	3.0 u	: u	: u	: bu	: u	: bu	: u	: u	: u	: bu	: u	: bu	: u	: u	: bu	: u	: bu	: u	: u	: u	: u
A,PC,F,Y18-24,PL22	: 	5.9 u	4.7 u	3.8 bu	4.8 bu	3.5 u	4.7 u	3.2 u	4.2 bu	5.2 u	3.4 bu	3.6 u	3.2 u	3.2 u	3.3 bu	4.3 u	4.1 bu	4.3 u	: u	: bu	: u	: bu	: u	: u	: u	: u
A,PC,F,Y18-24,PL4	: 	5.3 	6.1 	5.2 b	5.0 b	4.8 	4.7 	4.2 u	5.1 b	4.4 u	4.3 bu	4.5 u	3.9 u	4.2 u	4.4 bu	3.9 u	5.5 bu	5.7 u	5.4 u	4.6 bu	5.3 u	5.2 bu	: u	: u	5.9 u	: u
A,PC,F,Y18-24,PL41	: 	4.8 u	5.8 u	4.0 bu	4.4 bu	3.7 u	2.9 u	2.8 u	3.5 bu	3.1 u	: bu	3.3 u	: u	: u	: bu	: u	: bu	: u	: u	: bu	: u	: bu	: u	: u	: u	: u
A,PC,F,Y18-24,PL42	: 	6.5 u	6.6 u	6.9 bu	6.2 bu	6.7 u	8.1 u	: u	7.4 bu	: u	: bu	: u	: u	: u	: bu	: u	10.3 bu	8.6 u	: u	: bu	: u	: bu	: u	: u	: u	: u
A,PC,F,Y18-24,PL43	: 	: u	: u	: bu	: bu	: u	: u	: u	: bu	: u	: bu	: u	: u	: u	: bu	: u	: bu	: u	: u	: bu	: u	: bu	: u	: u	: u	: u
A,PC,F,Y18-24,PL5	: 	6.1 u	6.6 u	5.1 bu	3.6 bu	2.5 u	3.4 u	6.1 u	5.1 bu	3.5 u	3.6 bu	3.8 u	4.4 u	4.3 u	5.0 bu	6.9 u	6.8 bu	: u	: u	4.1 bu	: u	: bu	: u	: u	: u	: u
A,PC,F,Y18-24,PL51	: 	7.0 u	7.5 u	5.5 bu	3.3 bu	: u	: u	6.0 u	5.5 bu	: u	: bu	: u	4.2 u	: u	5.3 bu	8.1 u	8.2 bu	: u	: u	: bu	: u	: bu	: u	: u	: u	: u
A,PC,F,Y18-24,PL52	: 	: u	: u	: bu	: bu	: u	: u	: u	: bu	: u	: bu	: u	: u	: u	: bu	: u	: bu	: u	: u	: bu	: u	: bu	: u	: u	: u	: u
A,PC,F,Y18-24,PL6	: 	7.9 	8.1 	5.4 b	4.3 bu	4.4 u	4.2 u	5.4 u	5.3 bu	5.6 	5.5 bu	5.1 u	5.5 u	5.2 u	4.8 bu	4.4 u	4.8 bu	4.6 u	6.0 u	4.8 bu	: u	: bu	5.7 u	: u	: u	: u
A,PC,F,Y18-24,PL61	: 	8.9 u	6.1 u	4.9 bu	3.7 bu	: u	: u	: u	: bu	6.9 u	5.9 bu	: u	: u	: u	: bu	: u	: bu	: u	: u	: bu	: u	: bu	: u	: u	: u	: u
A,PC,F,Y18-24,PL62	: 	10.5 u	11.4 u	7.6 bu	7.2 bu	7.0 u	: u	7.4 u	7.9 bu	: u	: bu	: u	: u	: u	: bu	: u	: bu	: u	: u	: bu	: u	: bu	: u	: u	: u	: u
A,PC,F,Y18-24,PL63	: 	5.3 u	7.8 u	4.5 bu	: bu	: u	: u	: u	5.3 bu	: u	: bu	: u	: u	: u	: bu	: u	: bu	: u	: u	: bu	: u	: bu	: u	: u	: u	: u
A,PC,F,Y18-24,PL7	: 	5.7 u	4.6 u	4.7 bu	3.1 bu	2.9 u	3.8 u	2.7 u	2.4 bu	2.9 u	3.2 bu	3.5 u	3.9 u	: u	: bu	: u	: bu	4.1 u	: u	: bu	: u	: bu	: u	: u	: u	: u
A,PC,F,Y18-24,PL71	: 	5.6 u	4.5 u	5.6 bu	3.5 bu	: u	4.3 u	: u	: bu	: u	: bu	: u	4.5 u	: u	: bu	: u	: bu	: u	: u	: bu	: u	: bu	: u	: u	: u	: u
A,PC,F,Y18-24,PL72	: 	: u	: u	: bu	: bu	: u	: u	: u	: bu	: u	: bu	: u	: u	: u	: bu	: u	: bu	: u	: u	: bu	: u	: bu	: u	: u	: u	: u
A,PC,F,Y18-24,PL8	: 	4.6 u	4.3 u	3.5 bu	3.5 bu	3.4 u	3.0 u	3.1 u	2.9 bu	2.2 u	2.5 bu	3.5 u	2.6 u	2.5 u	2.3 bu	: u	: bu	2.5 u	2.6 u	: bu	: u	: bu	: u	: u	: u	: u
A,PC,F,Y18-24,PL81	: 	4.8 u	3.9 u	: bu	: bu	: u	4.2 u	: u	: bu	: u	: bu	: u	: u	: u	: bu	: u	: bu	: u	: u	: bu	: u	: bu	: u	: u	: u	: u
A,PC,F,Y18-24,PL82	: 	: u	: u	: bu	: bu	: u	: u	: u	: bu	: u	: bu	: u	: u	: u	: bu	: u	: bu	: u	: u	: bu	: u	: bu	: u	: u	: u	: u
A,PC,F,Y18-24,PL84	: 	: u	: u	: bu	: bu	: u	: u	: u	: bu	: u	: bu	: u	: u	: u	: bu	: u	: bu	: u	: u	: bu	: u	: bu	: u	: u	: u	: u
A,PC,F,Y18-24,PL9	: 	6.0 	5.7 	4.5 bu	4.0 bu	3.9 u	4.4 u	3.4 u	4.5 bu	4.7 u	2.9 bu	3.1 u	2.3 u	: u	: bu	: u	: bu	3.2 u	2.9 u	4.9 bu	: u	: bu	: u	: u	: u	: u
A,PC,F,Y18-24,PL91	: 	: 	: 	: 	: 	: 	: 	: 	: 	: 	: 	: 	: 	: u	: bu	: u	: bu	: u	: u	: bu	: u	: bu	: u	: u	: u	: u
A,PC,F,Y18-24,PL92	: 	: 	: 	: 	: 	: 	: 	: 	: 	: 	: 	: 	: 	: u	: bu	: u	: bu	: u	: u	6.9 bu	: u	: bu	: u	: u	: u	: u
A,PC,F,Y18-24,PT	36.5 	37.0 	37.3 	33.6 	30.9 b	30.2 	30.7 b	30.0 	28.2 	25.8 	24.0 	17.6 b	14.1 	14.3 	14.1 b	11.0 	10.6 	9.8 	8.7 	7.4 	5.2 	4.0 b	4.1 	6.1 	5.3 	4.5 
A,PC,F,Y18-24,PT1	36.2 	36.7 	36.9 	32.9 	30.1 b	29.5 	30.1 b	29.5 	27.6 	25.4 	23.5 	16.9 b	13.5 	13.8 	13.6 b	10.4 	10.0 	9.6 	8.4 	7.0 	4.7 	3.6 b	3.7 	5.9 	4.9 	4.2 
A,PC,F,Y18-24,PT11	42.2 	43.5 	42.2 	40.7 	38.0 b	36.7 	36.2 b	33.2 	31.2 	27.8 	23.0 	16.6 b	13.6 	13.0 	14.5 b	11.1 	8.7 	9.3 	7.4 	4.2 	: u	: bu	3.4 u	4.8 u	4.4 u	3.3 u
A,PC,F,Y18-24,PT15	40.1 	38.6 	37.3 	30.9 	24.8 b	30.6 	31.4 b	28.7 	30.7 	: u	: u	: bu	: u	: u	: bu	: u	: u	: u	: u	: u	: u	: bu	: u	: u	: u	: u
A,PC,F,Y18-24,PT16	34.9 	34.2 	34.5 	27.2 	27.6 b	24.3 	24.6 b	25.1 	21.9 	21.8 	27.3 	14.3 b	12.4 	12.2 	9.2 b	7.9 	9.6 	7.4 	6.5 	: 	: 	: 	: 	: 	: 	: 
A,PC,F,Y18-24,PT17	29.5 	30.1 	31.3 	27.0 	21.6 b	23.7 	25.6 b	28.9 	28.5 	26.1 	21.8 	19.7 b	13.7 	14.6 	14.7 b	11.2 	12.2 	11.5 	9.5 	: 	: 	: 	: 	: 	: 	: 
A,PC,F,Y18-24,PT18	31.0 	30.3 	35.5 	30.7 	29.2 b	27.2 	29.3 b	25.5 	19.6 	22.6 	22.0 	: bu	: u	: u	: bu	: u	: u	: u	: u	: 	: 	: 	: 	: 	: 	: 
A,PC,F,Y18-24,PT19	: 	: 	: 	: 	: 	: 	: 	: 	: 	: 	: 	: 	: 	: 	: 	: 	: 	: 	: 	: u	: u	6.3 bu	: u	: u	: u	: u
A,PC,F,Y18-24,PT1A	: 	: 	: 	: 	: 	: 	: 	: 	: 	: 	: 	: 	: 	: 	: 	: 	: 	: 	: 	9.5 	: u	4.8 bu	: u	7.6 u	5.5 u	4.5 u
A,PC,F,Y18-24,PT1B	: 	: 	: 	: 	: 	: 	: 	: 	: 	: 	: 	: 	: 	: 	: 	: 	: 	: 	: 	: u	: u	: bu	: u	: u	: u	: u
A,PC,F,Y18-24,PT1C	: 	: 	: 	: 	: 	: 	: 	: 	: 	: 	: 	: 	: 	: 	: 	: 	: 	: 	: 	: u	: u	: bu	: u	: u	: u	: u
A,PC,F,Y18-24,PT1D	: 	: 	: 	: 	: 	: 	: 	: 	: 	: 	: 	: 	: 	: 	: 	: 	: 	: 	: 	: u	: u	: bu	: u	: u	: u	: u
A,PC,F,Y18-24,PT2	49.6 	48.4 	51.0 	49.4 	47.9 b	46.0 	46.4 b	40.5 	40.7 	: u	: u	: bu	: u	: u	: bu	: u	: u	: u	: u	: u	: u	: bu	: u	: u	: u	: u
A,PC,F,Y18-24,PT20	49.6 	48.4 	51.0 	49.4 	47.9 b	46.0 	46.4 b	40.5 	40.7 	: u	: u	: bu	: u	: u	: bu	: u	: u	: u	: u	: u	: u	: bu	: u	: u	: u	: u
A,PC,F,Y18-24,PT3	36.6 	38.1 	40.4 	44.0 	39.6 b	38.0 	36.2 b	: u	: u	: u	: u	: bu	: u	: u	: bu	: u	: u	: u	: u	: u	: u	: bu	: u	: u	: u	: u
A,PC,F,Y18-24,PT30	36.6 	38.1 	40.4 	44.0 	39.6 b	38.0 	36.2 b	: u	: u	: u	: u	: bu	: u	: u	: bu	: u	: u	: u	: u	: u	: u	: bu	: u	: u	: u	: u
A,PC,F,Y18-24,RO	22.0 	21.4 	22.1 	21.5 b	21.1 	19.1 	18.0 b	17.4 	16.0 	17.2 	19.0 b	17.2 	16.9 	15.9 	16.7 b	18.5 	18.7 	18.1 	16.1 	15.8 	16.6 	15.5 b	15.0 	16.7 	18.3 	17.2 
A,PC,F,Y18-24,RO1	20.7 	22.2 	22.0 	21.6 b	18.6 	16.2 	14.6 b	13.8 	12.2 	14.8 	20.2 b	17.9 	17.2 	14.7 	15.3 b	19.7 	19.5 	18.8 	16.3 	18.0 	18.1 	17.3 b	17.9 	17.4 	19.0 	18.1 
A,PC,F,Y18-24,RO11	20.9 	24.8 	25.8 	23.2 b	18.8 	16.2 	14.6 b	13.0 	11.8 	14.3 	18.3 b	14.7 	15.9 	14.0 	15.8 b	17.3 	19.4 	16.3 	12.9 	13.5 	12.5 	15.0 b	13.5 	13.2 	15.6 	15.0 
A,PC,F,Y18-24,RO12	20.5 	19.4 	17.9 	20.1 b	18.4 	16.2 	14.7 b	14.7 	12.6 	15.3 	22.5 b	22.0 	18.8 	15.7 	14.6 b	22.7 	19.6 	21.7 	20.2 	23.1 	24.3 	19.8 b	22.9 	22.2 	22.7 	21.6 
A,PC,F,Y18-24,RO2	24.8 	22.9 	24.4 	22.6 b	23.6 	22.3 	20.9 b	20.0 	18.5 	18.7 	21.9 b	21.2 	20.1 	18.7 	20.9 b	24.4 	23.6 	21.7 	18.1 	18.1 	19.4 	16.5 b	15.7 	17.7 	20.1 	19.2 
A,PC,F,Y18-24,RO21	24.1 	21.9 	27.0 	23.7 b	23.0 	21.5 	19.8 b	19.4 	17.5 	18.8 	23.9 b	21.9 	20.9 	19.4 	19.8 b	23.6 	23.3 	21.0 	16.8 	17.0 	18.5 	13.0 b	12.5 	13.0 	13.4 	11.6 
A,PC,F,Y18-24,RO22	25.6 	24.2 	21.1 	21.3 b	24.4 	23.3 	22.3 b	20.8 	19.9 	18.5 	19.0 b	20.1 	19.0 	17.6 	22.4 b	25.5 	24.1 	22.7 	20.2 	19.6 	20.7 	21.7 b	20.5 	24.8 	30.3 	31.3 
A,PC,F,Y18-24,RO3	18.3 	18.6 	19.5 	19.7 b	19.6 	17.9 	17.2 b	17.5 	16.7 	17.9 	17.2 b	15.4 	14.0 	13.9 	16.4 b	15.2 	15.9 	13.6 	15.7 	15.6 	16.4 	15.3 b	11.5 	13.6 	17.4 	16.1 
A,PC,F,Y18-24,RO31	23.2 	23.8 	24.6 	25.2 b	26.6 	23.6 	22.3 b	21.6 	21.7 	23.9 	23.0 b	21.1 	20.2 	19.6 	21.5 b	18.7 	19.0 	18.5 	20.5 	19.2 	19.1 	18.0 b	16.2 	20.1 	23.8 	21.7 
A,PC,F,Y18-24,RO32	11.5 	11.1 	12.5 	12.7 b	9.9 	10.0 	9.9 b	11.5 	9.5 u	9.0 u	10.5 b	8.7 u	7.0 u	7.1 u	10.1 bu	9.9 u	10.7 u	: u	: u	: u	11.5 u	10.9 bu	: u	: u	: u	: u
A,PC,F,Y18-24,RO4	24.3 	21.5 	21.7 	21.6 b	22.4 	19.6 	18.9 b	18.0 	15.7 	16.7 	16.0 b	12.8 	16.2 	16.3 	12.9 b	12.4 	13.5 	17.2 	13.2 	9.4 	10.2 	11.7 b	14.3 	18.0 	15.3 	13.7 
A,PC,F,Y18-24,RO41	23.5 	20.7 	21.5 	21.2 b	22.9 	23.5 	21.6 b	19.6 	18.8 	19.9 	22.2 b	20.0 	20.0 	18.0 	14.7 bu	17.5 	15.8 	18.9 	14.3 u	11.0 u	13.1 u	12.1 bu	15.4 u	21.7 	19.6 	19.9 
A,PC,F,Y18-24,RO42	25.2 	22.3 	22.0 	22.0 b	21.9 	14.9 	15.8 b	16.2 	11.8 	12.9 	9.8 bu	: u	12.7 u	14.7 	11.2 bu	: u	10.9 u	15.1 u	11.8 u	: u	: u	11.3 bu	13.1 u	13.6 u	: u	: u
A,PC,F,Y18-24,RS	: 	: 	: 	: 	: 	: 	: 	: 	: 	: 	7.3 	7.2 	7.4 	9.7 	8.4 b	7.2 	6.7 	6.1 	6.8 	6.7 	5.8 	6.6 b	5.0 	5.9 	5.7 	5.0 
A,PC,F,Y18-24,RS1	: 	: 	: 	: 	: 	: 	: 	: 	: 	: 	: 	: 	: 	9.3 	8.8 b	7.2 	6.3 	5.8 	5.9 	6.2 	4.4 	6.3 b	4.4 	6.9 	7.1 	5.9 
A,PC,F,Y18-24,RS11	: 	: 	: 	: 	: 	: 	: 	: 	: 	: 	: 	: 	: 	4.2 u	3.9 bu	4.5 u	4.5 u	3.5 u	3.9 u	6.2 u	4.6 u	5.2 bu	3.5 u	6.3 u	6.9 u	5.1 u
A,PC,F,Y18-24,RS12	: 	: 	: 	: 	: 	: 	: 	: 	: 	: 	: 	: 	: 	13.2 	13.0 b	9.5 	7.8 	7.6 	7.5 	6.3 	4.2 u	7.3 b	5.2 u	7.4 	7.3 	6.6 
A,PC,F,Y18-24,RS2	: 	: 	: 	: 	: 	: 	: 	: 	: 	: 	: 	: 	: 	10.0 	8.0 b	7.2 	7.0 	6.5 	7.7 	7.2 	7.2 	6.9 b	5.6 	4.8 	4.3 	4.0 
A,PC,F,Y18-24,RS21	: 	: 	: 	: 	: 	: 	: 	: 	: 	: 	: 	: 	: 	7.9 u	7.6 b	7.4 	7.2 	6.2 	7.3 	7.5 	6.7 	4.6 bu	4.3 u	4.3 u	2.4 u	2.6 u
A,PC,F,Y18-24,RS22	: 	: 	: 	: 	: 	: 	: 	: 	: 	: 	: 	: 	: 	12.6 	8.7 b	7.0 	6.8 	6.9 	8.3 	6.7 u	7.9 	9.9 b	7.3 u	5.6 u	6.9 u	5.8 u
A,PC,F,Y18-24,SE	5.8 	9.3 b	8.9 	8.1 b	7.8 	9.7 b	7.1 b	6.5 b	6.8 b	6.0 	5.5 	5.4 	6.3 	6.2 	6.0 b	6.4 	6.4 	7.2 	6.0 b	5.5 	6.3 	6.4 b	6.8 	6.2 	5.9 	6.2 
A,PC,F,Y18-24,SE1	: u	11.7 b	9.3 	8.5 b	8.4 	11.1 b	8.0 b	8.2 b	8.0 b	6.4 	6.2 	6.0 	6.7 	6.6 	5.9 b	7.2 	7.2 	6.8 	5.3 b	3.5 u	5.7 	5.5 b	5.7 	5.2 	6.5 	7.3 
A,PC,F,Y18-24,SE11	: u	13.4 b	9.5 	9.7 b	9.7 	13.1 b	8.9 b	9.5 b	9.0 b	6.6 	6.0 	5.9 	6.8 	6.5 	5.7 b	8.0 	8.1 	7.0 	5.2 b	4.6 u	5.4 u	5.1 bu	4.8 u	5.8 u	6.2 u	6.0 u
A,PC,F,Y18-24,SE12	: u	9.6 b	9.1 	7.3 b	7.1 	9.0 b	7.0 b	6.7 b	6.9 b	6.2 	6.4 	6.0 	6.7 	6.6 	6.0 b	6.2 	6.1 	6.5 	5.5 b	: u	6.0 u	5.9 bu	6.6 u	4.7 u	6.8 u	9.0 
A,PC,F,Y18-24,SE2	6.9 	7.5 b	9.7 	7.9 b	7.5 	8.8 b	6.5 b	5.3 b	5.7 b	5.3 	4.9 	4.8 	5.7 	5.6 	5.6 b	6.2 	5.0 	7.2 	6.4 b	6.2 	6.4 	7.3 b	8.0 	7.0 	5.1 	5.0 
A,PC,F,Y18-24,SE21	: u	8.5 bu	8.0 u	: bu	: u	9.4 bu	7.4 bu	: bu	: bu	: u	4.9 u	5.1 	5.8 	4.4 u	5.1 bu	5.9 	4.6 u	6.6 	6.0 bu	: u	: u	: bu	: u	: u	: u	: u
A,PC,F,Y18-24,SE22	: u	7.6 b	9.9 	6.7 bu	7.6 	8.3 b	6.7 b	5.1 bu	6.1 b	5.6 	4.7 	4.8 	5.0 	5.6 	5.8 b	5.6 	5.2 	6.9 	5.8 b	5.6 u	6.4 u	: bu	7.2 u	6.2 u	: u	: u
A,PC,F,Y18-24,SE23	: u	7.0 b	10.3 	8.8 b	7.7 	8.9 b	6.0 b	5.2 b	5.1 b	4.9 	5.0 	4.7 	6.2 	6.2 	5.8 b	6.7 	5.1 	7.7 	7.0 b	5.6 u	6.8 u	7.9 bu	8.3 u	7.7 u	4.7 u	6.2 u
A,PC,F,Y18-24,SE3	: u	8.5 b	6.3 	8.0 b	7.5 	9.0 b	6.9 b	6.1 b	7.0 b	6.8 	5.6 	5.6 	7.0 	6.7 	7.0 b	5.3 	8.2 	7.8 	6.6 b	8.7 u	7.5 u	6.8 bu	6.3 u	6.5 u	5.9 u	6.1 u
A,PC,F,Y18-24,SE31	: u	11.3 b	: u	: bu	8.7 u	11.2 b	7.8 bu	: bu	7.6 bu	8.8 u	6.2 	5.8 	8.2 	8.6 	8.8 b	6.1 	9.0 	9.5 	6.7 bu	: u	: u	: bu	: u	: u	: u	: u
A,PC,F,Y18-24,SE32	: u	: bu	: u	: bu	: u	: bu	: bu	: bu	: bu	: u	: u	: u	7.6 u	: u	: bu	: u	: u	10.1 u	11.6 bu	: u	: u	: bu	: u	: u	: u	: u
A,PC,F,Y18-24,SE33	: u	: bu	: u	: bu	: u	: bu	: bu	: bu	: bu	: u	4.8 u	5.4 u	5.0 u	5.3 u	5.8 bu	4.6 u	7.6 u	: u	: bu	: u	: u	: bu	: u	: u	: u	: u
A,PC,F,Y18-24,SI	: 	4.8 	3.2 u	2.4 bu	2.5 u	3.2 u	4.0 bu	2.2 u	2.6 u	3.2 u	3.3 u	2.5 u	3.2 u	2.6 u	2.7 bu	3.4 u	3.1 u	2.5 u	3.0 u	3.8 u	3.4 u	1.9 bu	3.9 u	4.9 bu	3.5 u	2.7 u
A,PC,F,Y18-24,SI0	: 	4.8 	3.2 u	2.4 bu	2.5 u	3.2 u	4.0 bu	2.2 u	2.6 u	3.2 u	3.3 u	2.5 u	3.2 u	2.6 u	2.7 bu	3.4 u	3.1 u	2.5 u	3.0 u	3.8 u	3.4 u	1.9 bu	3.9 u	4.9 bu	3.5 u	2.7 u
A,PC,F,Y18-24,SI01	: 	4.9 u	3.3 u	2.7 bu	2.8 u	4.2 u	4.8 bu	2.2 u	1.9 u	3.6 u	: 	: 	: 	: 	: 	: 	: 	: 	: 	: 	: 	: 	: 	: 	: 	: 
A,PC,F,Y18-24,SI02	: 	4.6 u	3.2 u	2.1 bu	2.0 u	2.0 u	3.2 bu	2.3 u	3.3 u	2.7 u	: 	: 	: 	: 	: 	: 	: 	: 	: 	: 	: 	: 	: 	: 	: 	: 
A,PC,F,Y18-24,SI03	: 	: 	: 	: 	: 	: 	: 	: 	: 	: 	2.6 u	2.1 u	3.1 u	2.9 u	3.1 bu	4.4 u	3.5 u	2.3 u	3.7 u	4.4 u	3.9 u	: bu	4.2 u	6.1 bu	3.7 u	3.3 u
A,PC,F,Y18-24,SI04	: 	: 	: 	: 	: 	: 	: 	: 	: 	: 	4.0 u	2.9 u	3.3 u	2.3 u	2.3 bu	2.5 u	2.7 u	2.6 u	2.4 u	3.4 u	3.0 u	: bu	3.6 u	3.8 bu	3.3 u	: u
A,PC,F,Y18-24,SK	: 	: 	5.8 	4.8 b	6.3 	5.9 	5.8 b	5.8 	4.9 	4.1 	4.9 	4.6 b	4.6 	6.1 	6.6 b	6.8 	7.2 	10.3 	8.8 	7.9 	7.4 	7.5 b	7.3 b	6.0 	7.1 	6.4 
A,PC,F,Y18-24,SK0	: 	: 	5.8 	4.8 b	6.3 	5.9 	5.8 b	5.8 	4.9 	4.1 	4.9 	4.6 b	4.6 	6.1 	6.6 b	6.8 	7.2 	10.3 	8.8 	7.9 	7.4 	7.5 b	7.3 b	6.0 	7.1 	6.4 
A,PC,F,Y18-24,SK01	: 	: 	7.7 u	6.2 bu	: u	: u	: bu	: u	: u	: u	: u	: bu	: u	: u	: bu	: u	: u	: u	: u	: u	: u	: bu	: bu	: u	: u	: u
A,PC,F,Y18-24,SK02	: 	: 	5.3 	3.5 b	3.6 	2.6 u	3.7 b	3.7 	: u	2.4 u	2.1 u	: bu	: u	3.8 	3.9 b	3.7 u	3.4 u	8.2 	6.1 	5.3 u	4.9 u	: bu	: bu	: u	: u	: u
A,PC,F,Y18-24,SK03	: 	: 	5.2 	5.1 b	4.8 	4.5 	4.5 b	6.2 	6.1 	3.7 u	4.2 u	3.2 bu	5.8 	6.8 	5.7 b	6.7 	7.7 	9.1 	7.6 	: u	6.0 u	: bu	: bu	: u	: u	: u
A,PC,F,Y18-24,SK04	: 	: 	6.1 	5.6 b	11.0 	11.1 	10.0 b	8.3 	8.1 	7.4 	9.2 	9.2 b	7.2 	8.2 	10.1 b	10.5 	11.4 	14.4 	13.5 	14.3 	11.9 	12.6 bu	10.9 bu	11.5 u	14.6 u	12.3 
A,PC,F,Y18-24,TR	: 	: 	: 	: 	: 	: 	55.6 	54.1 	52.5 	50.2 	47.9 	45.7 	43.0 	39.9 	41.0 b	37.6 	35.8 	34.0 	31.6 	28.6 	25.8 	22.2 b	20.2 	19.0 	17.8 	16.9 
A,PC,F,Y18-24,TR1	: 	: 	: 	: 	: 	: 	48.3 	46.2 	43.5 	39.6 	40.9 	39.8 	34.8 	31.9 	32.8 b	32.2 	28.8 	27.1 	25.9 	21.5 	16.9 	14.4 b	12.1 	9.6 	8.7 	9.3 
A,PC,F,Y18-24,TR10	: 	: 	: 	: 	: 	: 	48.3 	46.2 	43.5 	39.6 	40.9 	39.8 	34.8 	31.9 	32.8 b	32.2 	28.8 	27.1 	25.9 	21.5 	16.9 	14.4 b	12.1 	9.6 	8.7 	9.3 
A,PC,F,Y18-24,TR2	: 	: 	: 	: 	: 	: 	52.8 	46.9 	35.5 	34.4 	38.0 	36.6 	30.8 	30.5 	32.9 b	30.7 	29.0 	27.7 	26.5 	24.9 	19.9 	16.5 b	19.0 	18.8 	19.4 	16.9 
A,PC,F,Y18-24,TR21	: 	: 	: 	: 	: 	: 	50.3 	42.5 	30.0 	30.0 	39.6 	37.1 	30.2 	34.0 	34.5 b	32.2 	29.5 	29.9 	32.2 	29.5 	21.5 	20.2 b	24.6 	21.3 	24.0 	22.0 
A,PC,F,Y18-24,TR22	: 	: 	: 	: 	: 	: 	55.3 	52.0 	42.0 	39.1 	36.6 	36.1 	31.6 	26.7 	31.1 b	29.1 	28.6 	25.1 	20.5 	19.8 	18.0 	11.6 b	12.1 	15.6 	13.5 	11.3 
A,PC,F,Y18-24,TR3	: 	: 	: 	: 	: 	: 	53.2 	49.3 	46.5 	45.1 	40.1 	36.0 	35.0 	35.0 	34.7 b	31.7 	30.0 	29.9 	26.1 	23.3 	21.5 	18.8 b	17.4 	17.1 	12.7 	14.6 
A,PC,F,Y18-24,TR31	: 	: 	: 	: 	: 	: 	45.1 	37.9 	34.8 	33.7 	32.9 	28.2 	25.8 	27.3 	29.3 b	26.3 	25.4 	24.2 	22.2 	21.0 	21.4 	17.1 b	16.4 	17.9 	13.3 	12.4 
A,PC,F,Y18-24,TR32	: 	: 	: 	: 	: 	: 	51.5 	50.9 	45.1 	45.8 	37.5 	33.2 	31.2 	36.7 	37.2 b	32.0 	31.5 	31.2 	26.5 	22.9 	19.8 	17.2 b	17.4 	11.3 	9.4 	10.5 
A,PC,F,Y18-24,TR33	: 	: 	: 	: 	: 	: 	64.4 	62.0 	61.1 	59.4 	52.4 	50.3 	52.6 	46.2 	41.0 b	38.9 	35.0 	37.1 	31.9 	27.6 	23.2 	22.9 b	18.8 	21.0 	15.1 	21.3 
A,PC,F,Y18-24,TR4	: 	: 	: 	: 	: 	: 	47.0 	47.0 	44.2 	42.8 	40.7 	38.5 	33.2 	28.7 	30.4 b	27.2 	28.2 	29.0 	26.4 	21.9 	21.8 	19.4 b	17.1 	15.7 	14.9 	15.0 
A,PC,F,Y18-24,TR41	: 	: 	: 	: 	: 	: 	46.5 	46.1 	41.7 	41.0 	39.1 	38.6 	33.3 	29.1 	30.8 b	27.9 	28.9 	28.5 	26.3 	22.0 	22.3 	19.7 b	16.3 	16.0 	18.0 	18.2 
A,PC,F,Y18-24,TR42	: 	: 	: 	: 	: 	: 	47.6 	48.1 	46.9 	44.8 	42.3 	38.4 	33.0 	28.3 	29.9 b	26.5 	27.6 	29.5 	26.5 	21.8 	21.4 	19.2 b	17.7 	15.4 	12.1 	11.9 
A,PC,F,Y18-24,TR5	: 	: 	: 	: 	: 	: 	39.4 	41.6 	36.5 	35.0 	35.1 	33.0 	34.2 	28.7 	29.0 b	27.6 	24.3 	25.5 	23.5 	19.8 	15.5 	15.3 b	15.8 	16.5 	14.6 	9.6 
A,PC,F,Y18-24,TR51	: 	: 	: 	: 	: 	: 	30.9 	32.4 	27.4 	27.0 	28.9 	25.2 	27.0 	21.4 	21.8 b	23.5 	20.3 	20.3 	17.9 	15.9 	12.6 	11.6 b	11.5 	13.1 	12.3 	6.0 
A,PC,F,Y18-24,TR52	: 	: 	: 	: 	: 	: 	56.5 	59.9 	54.3 	51.1 	46.9 	48.8 	50.2 	46.5 	42.6 b	36.9 	33.4 	35.2 	33.7 	27.7 	21.4 	22.7 b	24.2 	23.9 	19.6 	17.0 
A,PC,F,Y18-24,TR6	: 	: 	: 	: 	: 	: 	54.1 	50.9 	53.6 	52.2 	48.6 	46.0 	41.7 	40.2 	40.2 b	37.2 	37.8 	32.6 	29.7 	27.5 	27.1 	19.7 b	18.8 	17.2 	15.3 	13.1 
A,PC,F,Y18-24,TR61	: 	: 	: 	: 	: 	: 	48.6 	49.2 	48.2 	41.0 	39.0 	37.7 	28.9 	33.2 	30.8 b	24.3 	30.3 	28.7 	23.5 	19.0 	15.6 	16.1 b	12.6 	10.9 	8.9 	10.1 
A,PC,F,Y18-24,TR62	: 	: 	: 	: 	: 	: 	52.9 	47.6 	52.2 	49.1 	45.9 	45.1 	44.0 	41.6 	40.4 b	40.6 	45.2 	33.1 	31.3 	30.2 	32.4 	18.6 b	20.3 	20.1 	18.7 	12.0 
A,PC,F,Y18-24,TR63	: 	: 	: 	: 	: 	: 	59.7 	56.6 	59.1 	64.4 	59.5 	53.8 	48.4 	44.2 	46.5 b	41.8 	33.9 	35.6 	32.7 	30.1 	29.0 	24.0 b	22.0 	18.7 	16.6 	17.2 
A,PC,F,Y18-24,TR7	: 	: 	: 	: 	: 	: 	56.1 	53.6 	53.4 	51.2 	45.9 	47.8 	48.1 	41.0 	38.9 b	36.8 	34.4 	33.9 	29.8 	24.5 	21.5 	20.5 b	17.8 	14.1 	13.5 	14.0 
A,PC,F,Y18-24,TR71	: 	: 	: 	: 	: 	: 	58.7 	57.5 	56.4 	52.7 	43.6 	47.4 	45.8 	42.1 	40.3 b	37.5 	33.9 	35.6 	34.4 	26.2 	23.0 	22.0 b	19.9 	16.5 	15.5 	15.9 
A,PC,F,Y18-24,TR72	: 	: 	: 	: 	: 	: 	54.5 	51.1 	51.7 	50.3 	47.4 	47.9 	49.6 	40.4 	38.2 b	36.4 	34.7 	32.9 	27.2 	23.5 	20.7 	19.6 b	16.4 	12.7 	12.4 	12.9 
A,PC,F,Y18-24,TR8	: 	: 	: 	: 	: 	: 	57.6 	56.2 	57.6 	54.5 	50.5 	46.9 	45.5 	40.4 	40.5 b	33.6 	32.0 	29.7 	27.2 	26.2 	21.2 	16.3 b	15.5 	11.4 	9.7 	8.1 
A,PC,F,Y18-24,TR81	: 	: 	: 	: 	: 	: 	55.3 	56.4 	56.2 	52.4 	42.8 	42.5 	38.3 	30.6 	36.7 b	34.7 	26.8 	24.2 	21.2 	19.5 	16.9 	16.1 b	14.0 	12.2 	7.1 u	5.7 u
A,PC,F,Y18-24,TR82	: 	: 	: 	: 	: 	: 	57.0 	61.8 	60.8 	50.9 	55.3 	58.4 	53.4 	39.9 	43.2 b	39.6 	34.6 	25.6 	17.4 	17.2 	21.9 	14.0 b	20.6 	14.7 	9.7 u	: u
A,PC,F,Y18-24,TR83	: 	: 	: 	: 	: 	: 	58.5 	54.6 	57.2 	56.1 	51.9 	44.9 	45.7 	44.0 	41.4 b	32.2 	33.1 	32.3 	31.0 	30.5 	22.5 	16.8 b	14.5 	10.3 	10.8 	9.7 
A,PC,F,Y18-24,TR9	: 	: 	: 	: 	: 	: 	45.5 	43.0 	45.0 	41.7 	43.9 	39.9 	37.3 	30.3 	30.0 b	24.5 	24.3 	24.0 	20.1 	19.9 	20.0 	12.9 b	8.5 	9.9 	8.1 	6.8 
A,PC,F,Y18-24,TR90	: 	: 	: 	: 	: 	: 	45.5 	43.0 	45.0 	41.7 	43.9 	39.9 	37.3 	30.3 	30.0 b	24.5 	24.3 	24.0 	20.1 	19.9 	20.0 	12.9 b	8.5 	9.9 	8.1 	6.8 
A,PC,F,Y18-24,TRA	: 	: 	: 	: 	: 	: 	73.0 	72.9 	72.1 	69.9 	67.0 	62.0 	54.2 	56.3 	60.2 b	54.7 	47.5 	45.9 	44.1 	42.9 	33.2 	27.5 b	29.7 	26.4 	26.3 	25.8 
A,PC,F,Y18-24,TRA1	: 	: 	: 	: 	: 	: 	67.8 	62.6 	58.5 	59.2 	57.2 	55.4 	50.0 	45.3 	48.9 b	48.1 	35.6 	32.3 	30.5 	26.1 	24.3 	17.9 b	20.9 	16.0 	13.0 	15.6 
A,PC,F,Y18-24,TRA2	: 	: 	: 	: 	: 	: 	78.5 	82.8 	85.7 	79.7 	76.0 	67.9 	57.8 	66.0 	70.9 b	60.1 	57.2 	57.5 	57.1 	58.5 	41.4 	37.3 b	39.1 	37.2 	39.6 	35.9 
A,PC,F,Y18-24,TRB	: 	: 	: 	: 	: 	: 	73.8 	70.4 	68.9 	69.9 	67.5 	63.2 	57.5 	57.3 	56.0 b	54.8 	50.7 	48.5 	43.0 	39.7 	37.4 	35.6 b	30.7 	29.0 	29.6 	29.3 
A,PC,F,Y18-24,TRB1	: 	: 	: 	: 	: 	: 	55.3 	51.7 	51.4 	58.4 	52.8 	46.7 	41.3 	38.2 	31.5 b	30.1 	21.9 	21.3 	19.4 	23.1 	20.1 	14.9 b	11.7 	15.5 	14.1 	15.9 
A,PC,F,Y18-24,TRB2	: 	: 	: 	: 	: 	: 	87.4 	84.7 	81.9 	78.8 	79.7 	76.4 	68.6 	71.5 	71.7 b	69.3 	66.9 	63.6 	57.5 	50.4 	48.2 	47.3 b	41.1 	37.1 	38.6 	37.1 
A,PC,F,Y18-24,TRC	: 	: 	: 	: 	: 	: 	79.0 	80.4 	81.1 	76.8 	68.3 	65.3 	66.0 	62.0 	64.5 b	57.5 	56.8 	52.6 	50.7 	50.0 	48.2 	42.5 b	38.7 	38.3 	38.6 	35.7 
A,PC,F,Y18-24,TRC1	: 	: 	: 	: 	: 	: 	78.3 	80.9 	79.4 	73.2 	62.3 	64.3 	61.5 	53.9 	48.7 b	37.2 	41.6 	42.7 	42.5 	40.8 	35.0 	32.3 b	31.1 	27.5 	26.6 	20.5 
A,PC,F,Y18-24,TRC2	: 	: 	: 	: 	: 	: 	80.4 	79.5 	82.3 	79.5 	70.6 	64.9 	67.0 	66.1 	69.7 b	68.1 	63.2 	56.6 	55.6 	55.6 	58.2 	49.7 b	45.9 	46.1 	51.7 	46.6 
A,PC,F,Y18-24,TRC3	: 	: 	: 	: 	: 	: 	77.5 	80.9 	81.2 	76.7 	71.0 	66.9 	68.3 	63.0 	70.1 b	61.1 	61.2 	55.1 	50.1 	50.2 	44.4 	39.7 b	35.4 	36.7 	28.7 	32.5 
A,PC,F,Y18-24,UK	17.5 	17.0 	17.1 	11.6 b	11.2 	10.5 	10.2 	15.6 b	15.6 b	14.5 	13.9 b	13.8 b	12.2 	11.1 	10.8 b	9.9 	9.6 	9.0 	9.1 	9.4 	: 	: 	: 	: 	: 	: 
A,PC,F,Y18-24,UKC	20.3 	18.0 	18.1 	12.7 b	14.5 	12.6 	12.3 	17.9 b	17.6 b	15.0 	14.2 b	13.7 b	13.9 	12.3 	14.7 b	11.6 	12.1 	8.9 	7.6 u	13.4 	: 	: 	: 	: 	: 	: 
A,PC,F,Y18-24,UKC1	22.6 u	19.8 u	21.8 	18.1 u	17.1 u	14.6 u	16.2 u	21.4 b	18.2 bu	16.6 u	14.9 bu	13.3 bu	16.3 u	10.9 u	16.6 bu	13.7 u	14.8 u	11.1 u	: u	18.7 u	: 	: 	: 	: 	: 	: 
A,PC,F,Y18-24,UKC2	18.6 	16.6 	15.2 u	8.4 u	12.6 u	11.0 u	9.1 u	15.4 b	17.2 b	13.9 u	13.5 bu	14.1 bu	12.3 u	13.4 u	13.1 bu	9.9 u	10.1 u	7.4 u	8.0 u	9.7 u	: 	: 	: 	: 	: 	: 
A,PC,F,Y18-24,UKD	19.7 	20.9 	21.8 	14.5 b	10.9 	10.9 	12.3 	16.9 b	17.1 b	16.0 	15.2 b	15.4 b	12.1 	10.3 	11.4 b	11.9 	10.5 	8.9 	9.2 	9.4 	: 	: 	: 	: 	: 	: 
A,PC,F,Y18-24,UKD1	24.7 u	: u	: u	: u	: u	: u	: u	: bu	: bu	: u	: bu	22.1 bu	: u	: u	: bu	: u	: u	: u	: u	: u	: 	: 	: 	: 	: 	: 
A,PC,F,Y18-24,UKD3	17.9 	21.9 	22.9 	13.6 b	11.9 	11.2 	11.7 	18.7 b	18.4 b	17.0 	16.6 b	13.5 b	11.6 	10.5 	11.4 b	11.5 	11.8 	9.3 	10.0 	7.6 u	: 	: 	: 	: 	: 	: 
A,PC,F,Y18-24,UKD4	23.7 	23.8 	24.7 	15.8 u	9.6 u	13.2 u	12.7 u	12.0 bu	19.1 b	17.9 u	14.3 bu	17.4 b	11.8 u	10.7 u	13.1 bu	11.5 u	7.0 u	: u	7.0 u	11.9 u	: 	: 	: 	: 	: 	: 
A,PC,F,Y18-24,UKD6	: 	: 	: 	: 	: u	: u	13.6 u	15.3 bu	11.8 bu	14.1 u	14.8 bu	19.7 bu	: u	: u	: bu	: u	: u	: u	: u	: u	: 	: 	: 	: 	: 	: 
A,PC,F,Y18-24,UKD7	: 	: 	: 	: 	: u	10.8 u	11.2 u	18.3 b	17.2 b	12.8 u	11.6 bu	13.8 bu	12.8 u	11.6 u	11.1 bu	15.4 	11.2 u	12.0 u	10.7 u	10.6 u	: 	: 	: 	: 	: 	: 
A,PC,F,Y18-24,UKE	20.3 	19.2 	20.1 	15.9 b	11.4 	12.1 	12.4 	18.0 b	16.7 b	15.0 	16.4 b	16.3 b	14.6 	16.1 	15.2 b	11.0 	10.8 	11.4 	12.1 	11.2 	: 	: 	: 	: 	: 	: 
A,PC,F,Y18-24,UKE1	25.0 u	23.3 u	22.2 u	11.9 u	16.9 u	18.7 u	16.0 u	17.7 bu	20.1 bu	12.0 u	16.6 bu	19.8 bu	18.0 u	17.7 u	: bu	: u	16.9 u	: u	15.0 u	: u	: 	: 	: 	: 	: 	: 
A,PC,F,Y18-24,UKE2	: u	: u	: u	: u	: u	: u	: u	: bu	: bu	: u	: bu	: bu	: u	13.3 u	13.3 bu	: u	: u	14.1 u	: u	: u	: 	: 	: 	: 	: 	: 
A,PC,F,Y18-24,UKE3	23.1 	18.8 u	22.9 	18.0 b	10.9 u	15.1 u	14.7 u	25.4 b	19.3 b	16.8 	15.5 bu	22.1 b	11.5 u	12.8 u	19.0 b	14.9 u	12.8 u	12.7 u	17.7 	14.0 u	: 	: 	: 	: 	: 	: 
A,PC,F,Y18-24,UKE4	18.9 	19.0 	19.8 	16.7 b	10.4 	9.3 	9.7 	16.4 b	16.2 b	16.2 	18.3 b	12.3 b	15.4 	18.2 	15.9 b	9.5 	9.3 	10.5 	10.5 	11.2 	: 	: 	: 	: 	: 	: 
A,PC,F,Y18-24,UKF	18.6 	18.3 	18.0 	13.4 b	13.1 	11.6 	10.6 	18.5 b	16.7 b	16.8 	17.0 b	13.6 b	13.5 	10.9 	10.6 b	9.5 	11.1 	12.0 	9.6 	9.9 	: 	: 	: 	: 	: 	: 
A,PC,F,Y18-24,UKF1	21.4 	21.0 	20.3 	11.4 u	14.0 	11.8 	9.9 u	18.4 b	16.9 b	14.4 	16.9 b	12.8 b	14.3 	11.3 	12.9 b	8.6 u	13.8 	14.5 	10.1 u	9.7 u	: 	: 	: 	: 	: 	: 
A,PC,F,Y18-24,UKF2	10.5 u	12.5 u	14.5 u	15.2 b	10.1 u	11.8 u	11.5 u	18.3 b	14.0 bu	19.5 	18.1 b	14.7 bu	13.8 u	12.5 u	8.1 bu	10.2 u	8.3 u	10.0 u	8.4 u	10.1 u	: 	: 	: 	: 	: 	: 
A,PC,F,Y18-24,UKF3	31.4 u	23.9 u	: u	: u	17.0 u	: u	: u	19.3 bu	21.1 bu	17.3 u	: bu	14.2 bu	: u	: u	: bu	: u	: u	: u	: u	: u	: 	: 	: 	: 	: 	: 
A,PC,F,Y18-24,UKG	19.9 	19.8 	20.0 	11.2 b	10.7 	11.2 	10.8 	17.5 b	17.7 b	18.4 	17.3 b	18.0 b	14.5 	15.9 	15.0 b	12.7 	11.5 	9.8 	12.5 	11.0 	: 	: 	: 	: 	: 	: 
A,PC,F,Y18-24,UKG1	19.7 u	12.6 u	12.1 u	9.3 u	: u	: u	9.2 u	12.2 bu	15.9 bu	22.3 u	18.8 bu	13.6 bu	: u	14.8 u	13.9 bu	15.1 u	9.7 u	: u	16.9 u	9.9 u	: 	: 	: 	: 	: 	: 
A,PC,F,Y18-24,UKG2	17.2 u	18.2 u	22.2 	10.1 u	10.5 u	14.9 u	11.7 u	14.0 bu	15.9 b	11.9 u	15.0 bu	17.5 b	13.2 u	9.4 u	14.5 bu	11.8 u	9.4 u	8.3 u	10.7 u	11.8 u	: 	: 	: 	: 	: 	: 
A,PC,F,Y18-24,UKG3	21.3 	23.1 	21.9 	12.3 b	11.7 	11.8 	11.0 	20.7 b	19.2 b	20.3 	17.8 b	19.7 b	16.3 	19.2 	15.6 b	12.4 	12.9 	11.7 	11.7 	11.0 	: 	: 	: 	: 	: 	: 
A,PC,F,Y18-24,UKH	18.2 	16.1 	20.2 	9.0 b	13.5 	12.3 	11.2 	16.5 b	15.1 b	16.7 	15.0 b	14.6 b	10.4 	10.2 	10.3 b	10.1 	11.2 	13.2 	10.4 	12.8 	: 	: 	: 	: 	: 	: 
A,PC,F,Y18-24,UKH1	19.7 	16.7 	18.6 	11.9 u	16.3 	15.1 	13.1 	17.0 b	13.3 b	18.3 	16.3 b	15.1 b	11.1 u	9.8 u	11.7 b	12.3 	17.8 	18.9 	12.7 	11.1 u	: 	: 	: 	: 	: 	: 
A,PC,F,Y18-24,UKH2	17.9 u	17.5 u	20.8 	: u	10.4 u	9.6 u	9.4 u	15.2 bu	10.6 bu	16.4 	13.5 bu	15.0 bu	: u	10.5 u	6.9 bu	6.3 u	7.2 u	10.7 u	7.2 u	17.2 	: 	: 	: 	: 	: 	: 
A,PC,F,Y18-24,UKH3	16.4 u	13.7 u	21.7 	8.1 u	13.0 u	10.6 u	10.3 u	17.1 b	22.1 b	15.0 	14.6 bu	13.5 bu	13.6 u	10.7 u	11.4 bu	10.8 u	: u	7.9 u	10.6 u	10.4 u	: 	: 	: 	: 	: 	: 
A,PC,F,Y18-24,UKI	14.6 u	13.6 u	15.1 u	10.6 b	12.2 	8.3 	7.7 	12.9 b	13.5 b	9.5 	8.8 b	9.6 b	9.9 	7.5 	5.6 b	6.6 	4.5 	5.2 	6.1 	5.2 	: 	: 	: 	: 	: 	: 
A,PC,F,Y18-24,UKI1	16.7 u	14.4 u	15.1 u	12.1 b	12.2 	7.3 	8.0 	12.2 b	12.0 b	7.8 	: 	: 	: 	: 	: 	: 	: 	: 	: 	: 	: 	: 	: 	: 	: 	: 
A,PC,F,Y18-24,UKI2	12.8 u	13.0 	15.1 u	9.4 b	12.2 	9.1 	7.5 	13.5 b	14.7 b	10.8 	: 	: 	: 	: 	: 	: 	: 	: 	: 	: 	: 	: 	: 	: 	: 	: 
A,PC,F,Y18-24,UKI3	: 	: 	: 	: 	: 	: 	: 	: 	: 	: 	: bu	12.4 bu	: u	: u	: bu	: u	: u	: u	: u	: u	: 	: 	: 	: 	: 	: 
A,PC,F,Y18-24,UKI4	: 	: 	: 	: 	: 	: 	: 	: 	: 	: 	8.5 bu	10.6 b	10.7 	5.3 u	4.1 bu	7.0 u	4.0 u	: u	5.5 u	4.4 u	: 	: 	: 	: 	: 	: 
A,PC,F,Y18-24,UKI5	: 	: 	: 	: 	: 	: 	: 	: 	: 	: 	10.1 bu	10.2 bu	14.4 u	12.1 u	11.7 bu	8.8 u	6.9 u	8.1 u	11.2 u	11.0 u	: 	: 	: 	: 	: 	: 
A,PC,F,Y18-24,UKI6	: 	: 	: 	: 	: 	: 	: 	: 	: 	: 	10.0 bu	: bu	: u	8.1 u	: bu	: u	: u	: u	: u	: u	: 	: 	: 	: 	: 	: 
A,PC,F,Y18-24,UKI7	: 	: 	: 	: 	: 	: 	: 	: 	: 	: 	10.4 bu	7.8 bu	6.4 u	8.1 u	: bu	: u	5.7 u	6.4 u	4.9 u	: u	: 	: 	: 	: 	: 	: 
A,PC,F,Y18-24,UKJ	13.5 	15.8 	12.7 	9.3 b	8.9 	9.8 	10.0 	13.6 b	12.9 b	14.4 	13.3 b	12.9 b	10.1 	8.6 	9.4 b	9.1 	8.2 	7.8 	6.9 	7.4 	: 	: 	: 	: 	: 	: 
A,PC,F,Y18-24,UKJ1	14.7 	17.5 	10.8 u	8.9 u	10.2 u	12.0 	8.4 u	13.9 b	12.8 b	13.1 	13.7 b	13.2 b	7.6 u	7.2 u	9.4 bu	12.0 	9.2 u	6.2 u	8.8 u	8.6 u	: 	: 	: 	: 	: 	: 
A,PC,F,Y18-24,UKJ2	8.7 u	13.3 	9.6 u	6.1 u	6.2 u	5.8 u	9.5 u	11.6 b	10.1 b	14.4 	9.7 bu	10.4 b	10.6 	11.1 	7.2 bu	7.8 u	9.5 	4.7 u	: u	7.3 u	: 	: 	: 	: 	: 	: 
A,PC,F,Y18-24,UKJ3	13.5 u	11.7 u	16.6 	12.5 u	9.4 u	10.0 u	12.2 	13.2 b	11.8 bu	14.8 	10.4 bu	8.7 bu	9.6 u	6.9 u	6.4 bu	7.4 u	6.4 u	8.4 u	5.6 u	8.6 u	: 	: 	: 	: 	: 	: 
A,PC,F,Y18-24,UKJ4	19.1 u	22.2 	15.2 u	11.5 u	10.0 u	11.9 u	10.0 u	16.3 b	19.7 b	15.6 	19.4 b	21.3 b	12.7 u	8.1 u	15.2 b	9.1 u	7.0 u	13.8 u	11.9 u	: u	: 	: 	: 	: 	: 	: 
A,PC,F,Y18-24,UKK	15.1 	14.4 	15.2 	9.1 b	11.6 	9.6 	7.5 	13.1 b	16.5 b	12.2 	9.4 b	10.3 b	9.8 	10.6 	8.9 b	7.1 	7.5 	7.6 	7.6 	10.4 	: 	: 	: 	: 	: 	: 
A,PC,F,Y18-24,UKK1	15.6 	15.9 	15.2 	9.0 u	8.1 u	10.4 u	6.5 u	13.0 b	21.7 b	12.6 	9.1 bu	10.0 bu	12.6 	14.6 	9.7 bu	7.5 u	6.0 u	7.6 u	7.4 u	10.5 u	: 	: 	: 	: 	: 	: 
A,PC,F,Y18-24,UKK2	10.9 u	14.7 u	18.0 u	: u	11.3 u	9.5 u	11.8 u	13.9 bu	11.0 bu	9.8 u	11.6 bu	9.9 bu	: u	: u	: bu	: u	: u	: u	9.0 u	13.2 u	: 	: 	: 	: 	: 	: 
A,PC,F,Y18-24,UKK3	22.0 u	: u	: u	: u	: u	: u	: u	: bu	: bu	: u	: bu	: bu	: u	: u	: bu	: u	: u	: u	: u	: u	: 	: 	: 	: 	: 	: 
A,PC,F,Y18-24,UKK4	15.2 u	: u	16.5 u	10.9 u	17.3 u	: u	: u	12.9 bu	8.8 bu	12.3 u	: bu	12.2 bu	9.5 u	: u	: bu	8.6 u	11.7 u	8.0 u	8.9 u	10.1 u	: 	: 	: 	: 	: 	: 
A,PC,F,Y18-24,UKL	22.2 	19.4 	17.0 	12.4 b	11.1 	11.4 	11.1 	19.2 b	17.6 b	16.9 	20.1 b	18.6 b	17.9 	12.6 	12.2 b	10.7 	9.3 	8.8 	11.8 	12.9 	: 	: 	: 	: 	: 	: 
A,PC,F,Y18-24,UKL1	24.3 	21.7 	19.3 	13.6 b	11.2 u	12.3 u	10.5 u	21.7 b	19.9 b	18.9 	20.7 b	20.2 b	22.1 	13.4 	15.6 b	12.8 u	11.6 u	9.4 u	15.2 	17.7 	: 	: 	: 	: 	: 	: 
A,PC,F,Y18-24,UKL2	18.5 u	15.6 u	12.7 u	10.6 u	11.0 u	9.8 u	12.0 u	14.8 bu	13.2 bu	12.7 u	19.1 bu	15.9 bu	12.6 u	11.3 u	: bu	7.7 u	: u	8.1 u	: u	: u	: 	: 	: 	: 	: 	: 
A,PC,F,Y18-24,UKM	16.6 	15.0 	13.2 	11.3 b	8.9 	9.5 	8.6 	12.6 b	14.1 b	11.7 	12.5 b	13.5 b	12.6 	10.9 	10.2 b	10.7 	12.8 	8.5 	9.7 	7.5 	: 	: 	: 	: 	: 	: 
A,PC,F,Y18-24,UKM2	15.4 	11.9 u	13.4 	10.9 u	9.0 u	9.0 u	9.0 u	13.2 b	14.0 b	11.8 	10.3 b	14.4 b	12.5 	: 	: 	: 	: 	: 	: 	: 	: 	: 	: 	: 	: 	: 
A,PC,F,Y18-24,UKM3	19.4 	17.0 	15.8 	11.3 b	10.6 	10.9 	7.5 u	13.6 b	16.1 b	12.0 	14.6 b	12.9 b	14.2 	: 	: 	: 	: 	: 	: 	: 	: 	: 	: 	: 	: 	: 
A,PC,F,Y18-24,UKM5	: u	: u	: u	: u	: u	: u	: u	: bu	: bu	: u	: bu	: bu	: u	: u	: bu	: u	: u	: u	: u	: u	: 	: 	: 	: 	: 	: 
A,PC,F,Y18-24,UKM6	: u	23.3 u	: u	: u	: u	: u	: u	: bu	: bu	: u	: bu	22.6 bu	: u	: u	: bu	: u	: u	: u	: u	: u	: 	: 	: 	: 	: 	: 
A,PC,F,Y18-24,UKM7	: 	: 	: 	: 	: 	: 	: 	: 	: 	: 	: 	: 	: 	12.0 	9.3 bu	10.8 u	11.1 	8.4 u	11.9 	10.3 u	: 	: 	: 	: 	: 	: 
A,PC,F,Y18-24,UKM8	: 	: 	: 	: 	: 	: 	: 	: 	: 	: 	: 	: 	: 	9.8 u	14.9 b	12.1 u	12.5 u	7.6 u	8.0 u	: u	: 	: 	: 	: 	: 	: 
A,PC,F,Y18-24,UKM9	: 	: 	: 	: 	: 	: 	: 	: 	: 	: 	: 	: 	: 	13.6 u	: bu	11.1 u	19.1 u	: u	: u	: u	: 	: 	: 	: 	: 	: 
A,PC,F,Y18-24,UKN	16.7 	13.1 u	13.4 	10.3 u	9.3 u	9.3 u	8.2 u	15.3 b	15.4 b	15.6 	13.3 b	10.4 bu	13.6 	11.6 u	11.6 bu	8.9 u	8.3 u	7.2 u	6.2 u	7.6 u	: 	: 	: 	: 	: 	: 
A,PC,F,Y18-24,UKN0	16.7 	13.1 u	13.4 	10.3 u	9.3 u	9.3 u	8.2 u	15.3 b	15.4 b	15.6 	13.3 b	10.4 bu	13.6 	11.6 u	11.6 bu	8.9 u	8.3 u	7.2 u	6.2 u	7.6 u	: 	: 	: 	: 	: 	: 
A,PC,M,Y18-24,AT	9.6 	9.7 	8.7 	8.3 	10.5 b	9.7 	10.3 b	11.5 	10.4 	8.6 	8.4 	9.0 	8.0 	7.9 	7.6 b	7.8 	7.7 	9.0 	8.9 	9.5 	10.0 	9.6 b	9.5 	9.3 	9.2 	12.0 
A,PC,M,Y18-24,AT1	9.7 	9.3 	8.9 	9.6 	12.3 b	11.8 	11.2 b	12.3 	11.2 	8.6 	9.1 	10.8 	8.9 	9.1 	8.2 b	9.4 	8.3 	11.0 	10.1 	10.0 	10.5 	10.5 b	11.1 	10.6 	10.9 	14.1 
A,PC,M,Y18-24,AT11	: u	: u	: u	: u	: bu	: u	: bu	: u	: u	: u	: u	: u	: u	: u	: bu	: u	: u	: u	: u	: u	: u	: bu	: u	: u	: u	: u
A,PC,M,Y18-24,AT12	5.9 u	10.1 u	8.8 u	7.1 u	9.4 bu	9.3 u	9.4 bu	7.9 u	9.8 	5.9 u	5.3 u	9.1 u	6.4 u	5.2 u	6.2 bu	8.1 u	6.7 u	10.5 	5.4 u	5.6 u	9.1 u	9.3 bu	6.5 u	6.6 u	6.3 u	13.7 
A,PC,M,Y18-24,AT13	14.0 	8.0 u	8.9 u	12.5 	15.6 b	14.5 	13.7 b	17.4 	13.4 	11.5 	12.7 	13.0 	11.7 	13.1 	10.1 b	11.0 	10.0 	12.0 	14.3 	14.0 	12.5 	12.0 b	14.9 	13.7 	14.0 	15.5 
A,PC,M,Y18-24,AT2	5.7 u	9.5 	8.4 u	7.0 u	7.9 bu	7.5 u	8.6 b	10.3 	9.5 	8.5 	6.1 u	: u	5.6 u	5.7 u	5.4 bu	4.5 u	5.6 u	4.6 u	6.5 u	9.0 u	8.2 u	9.0 bu	7.7 u	6.7 u	: u	9.0 u
A,PC,M,Y18-24,AT21	: u	: u	: u	: u	: bu	: u	: bu	: u	: u	: u	: u	: u	: u	: u	: bu	: u	: u	: u	: u	: u	: u	: bu	: u	: u	: u	: u
A,PC,M,Y18-24,AT22	: u	10.4 u	7.1 u	7.7 u	8.5 bu	8.9 u	10.1 bu	11.5 u	9.1 u	9.3 u	6.3 u	: u	: u	: u	: bu	: u	: u	: u	6.6 u	9.7 u	8.6 u	8.9 bu	8.5 u	: u	: u	8.9 u
A,PC,M,Y18-24,AT3	11.8 	10.4 	8.7 	7.6 	10.0 b	8.8 	10.1 b	11.2 	10.1 	8.6 	9.0 	9.8 	8.4 	7.8 	8.0 b	8.0 	8.1 	9.1 	8.8 	9.4 	10.3 	8.8 b	8.5 	9.0 	9.2 	11.0 
A,PC,M,Y18-24,AT31	11.8 	8.9 u	5.7 u	5.6 u	10.2 b	8.5 u	8.3 bu	9.5 u	9.6 u	8.7 u	9.0 u	8.7 u	7.4 u	7.8 u	8.7 bu	8.7 u	7.2 u	9.5 u	10.2 u	9.6 u	10.1 u	6.8 bu	6.1 u	9.9 u	9.6 u	12.8 
A,PC,M,Y18-24,AT32	: u	: u	: u	: u	: bu	: u	: bu	: u	: u	: u	: u	: u	: u	: u	: bu	: u	: u	: u	: u	: u	: u	: bu	: u	: u	: u	: u
A,PC,M,Y18-24,AT33	11.3 u	: u	: u	: u	11.2 bu	: u	11.9 bu	12.7 u	: u	10.8 u	: u	13.7 u	11.1 u	: u	: bu	: u	9.4 u	10.1 u	: u	: u	: u	11.2 bu	12.9 u	: u	: u	: u
A,PC,M,Y18-24,AT34	: u	: u	: u	: u	: bu	: u	: bu	: u	: u	: u	: u	: u	: u	: u	: bu	: u	: u	: u	: u	: u	: u	: bu	: u	: u	: u	: u
A,PC,M,Y18-24,BA	: 	: 	: 	: 	: 	: 	: 	: 	: 	: 	: 	: 	: 	: 	: 	: 	: 	: 	: 	: 	: 	4.9 b	3.9 	5.2 	5.0 	2.9 
A,PC,M,Y18-24,BE	16.4 	16.2 	17.1 	16.9 	15.4 b	15.3 	15.1 b	13.9 	13.4 b	12.8 	13.8 	14.9 	14.4 	13.2 	11.8 b	11.6 	10.2 	10.4 b	10.6 	10.5 	10.2 	8.9 b	8.0 	7.9 	9.2 b	9.6 
A,PC,M,Y18-24,BE1	25.2 	22.9 	26.4 	21.9 	19.4 b	20.4 	22.1 b	23.4 	22.2 b	18.2 	20.4 	21.3 	24.1 	19.4 	17.5 b	16.9 	16.3 	13.8 b	12.3 	15.2 	10.0 	11.6 b	8.8 u	11.5 	13.6 b	11.9 
A,PC,M,Y18-24,BE10	25.2 	22.9 	26.4 	21.9 	19.4 b	20.4 	22.1 b	23.4 	22.2 b	18.2 	20.4 	21.3 	24.1 	19.4 	17.5 b	16.9 	16.3 	13.8 b	12.3 	15.2 	10.0 	11.6 b	8.8 u	11.5 	13.6 b	11.9 
A,PC,M,Y18-24,BE2	13.9 	13.5 	14.4 	14.8 	13.3 b	13.3 	11.9 b	10.9 	9.6 b	9.9 	11.4 	12.1 	10.5 	9.3 	8.3 b	8.6 	8.5 	9.0 b	9.5 	7.6 	9.0 	7.0 b	5.5 	6.6 	7.6 b	7.6 
A,PC,M,Y18-24,BE21	13.9 	13.6 	15.5 	14.6 	14.8 b	14.0 	12.4 b	10.8 	11.2 b	11.6 	13.6 	14.8 	11.6 	14.0 	6.1 bu	8.3 	11.2 	11.0 b	12.2 	9.0 	11.6 	9.1 b	8.1 	8.5 	9.9 b	8.8 
A,PC,M,Y18-24,BE22	14.3 	18.1 	16.5 	14.5 	11.7 bu	15.7 	14.8 b	11.6 u	9.4 bu	11.2 u	16.3 	14.3 	8.4 u	11.6 u	7.8 bu	11.3 u	: u	: bu	9.8 u	8.6 u	10.1 u	8.9 bu	: u	7.1 u	7.3 bu	: u
A,PC,M,Y18-24,BE23	16.5 	14.1 	15.5 	18.2 	16.2 b	14.2 	12.3 b	12.7 	11.7 b	7.1 u	10.9 	11.1 	13.1 	5.8 u	12.1 b	10.1 	10.0 	12.5 b	11.1 	8.3 u	8.3 	7.8 bu	5.2 u	5.4 u	6.7 bu	8.4 
A,PC,M,Y18-24,BE24	10.0 u	12.7 	12.8 	11.9 	11.7 bu	11.5 u	10.2 bu	8.4 u	8.7 bu	10.1 u	8.7 u	7.7 u	9.0 u	7.7 u	6.5 bu	5.2 u	6.3 u	4.9 bu	5.3 u	5.7 u	5.6 u	: bu	: u	4.9 u	5.2 bu	7.6 u
A,PC,M,Y18-24,BE25	13.8 	9.5 u	11.3 	13.6 	10.2 b	10.7 	10.1 bu	10.7 	5.9 bu	9.2 u	7.6 u	11.5 	8.6 u	5.9 u	9.3 bu	8.4 u	7.2 u	8.5 bu	7.0 u	5.5 u	8.3 u	5.9 bu	6.5 u	6.4 u	7.9 bu	6.9 u
A,PC,M,Y18-24,BE3	18.3 	19.3 	19.4 	19.2 	18.1 b	17.2 	18.4 b	16.1 	16.9 b	16.2 	15.9 	17.7 	17.9 	17.8 	15.9 b	15.0 	11.3 	11.8 b	11.9 	13.9 	12.4 	11.3 b	11.7 	9.0 	10.4 b	12.1 
A,PC,M,Y18-24,BE31	: u	: u	14.5 u	: u	13.2 bu	: u	12.2 bu	12.6 u	12.5 bu	: u	: u	: u	: u	: u	: bu	: u	: u	: bu	: u	11.1 u	: u	: bu	: u	: u	10.8 bu	: u
A,PC,M,Y18-24,BE32	17.5 	19.8 	19.2 	23.6 	18.7 b	20.7 	22.3 b	17.6 	18.7 b	19.7 	18.7 	17.7 	21.9 	22.2 	17.0 b	17.6 	13.5 	13.8 b	14.7 	14.8 	16.3 	14.7 b	12.5 	8.4 u	10.4 b	12.0 
A,PC,M,Y18-24,BE33	23.1 	23.8 	22.6 	20.0 	20.4 b	17.5 	19.0 b	19.2 	17.8 b	16.5 	15.3 	21.9 	18.3 	17.3 	19.4 b	18.3 	11.8 	13.0 b	12.4 	15.3 	12.6 	11.1 b	15.1 	9.1 u	8.4 bu	14.6 
A,PC,M,Y18-24,BE34	17.3 u	: u	20.7 u	: u	: bu	: u	: bu	: u	16.4 bu	: u	16.7 u	: u	: u	: u	: bu	: u	: u	: bu	: u	: u	: u	: bu	: u	: u	: bu	: u
A,PC,M,Y18-24,BE35	16.8 u	17.1 u	16.4 u	14.0 u	15.8 bu	13.6 u	13.5 bu	10.1 u	14.4 bu	12.8 u	13.9 u	17.8 u	15.9 u	16.7 u	12.6 bu	12.2 u	10.5 u	11.4 bu	11.2 u	13.5 u	: u	: bu	: u	11.4 u	13.8 bu	12.0 u
A,PC,M,Y18-24,BG	: 	21.0 b	22.0 	22.5 b	22.2 	20.6 	17.7 b	15.2 	14.1 	13.7 	12.4 b	11.2 b	12.1 	12.3 	12.8 b	13.3 	13.7 	12.0 	12.6 	14.6 b	13.5 	11.3 b	9.1 	9.4 	8.1 b	7.8 
A,PC,M,Y18-24,BG3	: 	: 	: 	25.5 b	25.5 	22.6 	21.2 b	20.0 	17.8 	17.3 	16.8 b	15.1 b	15.7 	15.8 	16.8 b	17.8 	17.6 	16.0 	18.1 	20.6 b	17.2 	15.1 b	11.6 	13.3 	13.4 b	12.0 
A,PC,M,Y18-24,BG31	: 	: 	: 	25.8 b	26.7 	22.8 u	20.2 bu	17.8 u	13.6 u	12.5 u	14.7 bu	13.3 bu	16.4 u	14.6 u	19.1 bu	22.8 u	26.4 u	21.6 u	23.2 u	24.2 bu	: u	: bu	: u	14.9 u	: bu	13.9 u
A,PC,M,Y18-24,BG32	: 	: 	: 	26.8 b	26.4 	22.2 	17.8 bu	17.2 u	14.5 u	13.4 u	18.2 bu	18.2 bu	13.9 u	13.8 u	16.3 bu	14.2 u	13.7 u	12.1 u	: u	: bu	: u	: bu	: u	: u	: bu	: u
A,PC,M,Y18-24,BG33	: 	: 	: 	22.8 b	24.4 	21.3 	21.0 b	19.6 	20.9 	20.8 	17.2 b	13.0 bu	13.2 u	16.0 u	16.4 bu	15.9 u	13.4 u	10.2 u	16.4 u	19.5 bu	: u	15.3 bu	12.0 u	14.3 u	: bu	: u
A,PC,M,Y18-24,BG34	: 	: 	: 	26.6 b	24.8 	24.1 	25.0 b	24.2 	20.7 	20.7 	16.8 bu	16.2 bu	19.3 u	18.2 	16.3 bu	19.5 u	20.2 u	22.4 u	22.2 	28.3 b	25.8 u	19.4 bu	14.9 u	17.4 u	19.0 bu	16.9 u
A,PC,M,Y18-24,BG4	: 	: 	: 	19.5 b	18.9 	18.5 	14.4 b	10.3 	10.2 	10.0 	8.6 b	7.7 b	8.8 	9.2 	9.1 b	9.5 	10.4 	8.5 	7.8 	9.8 b	10.3 	8.2 b	7.1 	6.2 	4.3 bu	4.9 
A,PC,M,Y18-24,BG41	: 	11.1 b	10.5 	11.9 b	11.0 	12.0 	7.9 b	6.6 u	5.3 u	4.5 u	3.7 bu	3.2 bu	4.1 u	5.5 u	5.8 bu	5.3 u	5.9 u	4.4 u	4.3 u	6.0 bu	5.8 u	5.4 bu	6.2 u	5.1 u	: bu	: u
A,PC,M,Y18-24,BG42	: 	: 	: 	30.1 b	30.7 	28.4 	24.1 b	15.6 	17.4 	17.6 	16.9 b	15.1 b	16.7 	15.4 	14.7 bu	16.6 	17.1 	16.0 	15.2 	18.1 bu	18.6 u	13.3 bu	8.8 u	: u	: bu	11.9 u
A,PC,M,Y18-24,CH	7.4 	6.7 	6.3 	10.4 b	9.9 	10.0 	10.7 	8.5 	7.8 	8.8 	6.5 b	7.0 	5.6 	5.8 	5.7 b	5.4 	4.9 	5.0 	5.4 	5.1 	4.7 	5.0 b	7.0 	6.2 	6.3 	6.2 
A,PC,M,Y18-24,CH0	7.4 	6.7 	6.3 	10.4 b	9.9 	10.0 	10.7 	8.5 	7.8 	8.8 	6.5 b	7.0 	5.6 	5.8 	5.7 b	5.4 	4.9 	5.0 	5.4 	5.1 	4.7 	5.0 b	7.0 	6.2 	6.3 	6.2 
A,PC,M,Y18-24,CH01	: 	: u	4.4 u	10.0 bu	11.5 	10.5 	11.7 u	9.1 u	6.6 u	7.0 u	6.4 bu	8.7 	6.7 u	7.6 	7.9 b	6.6 u	6.6 u	7.0 u	9.6 	6.9 u	5.7 u	7.5 b	7.9 	7.3 u	9.1 	8.4 
A,PC,M,Y18-24,CH02	: 	6.4 u	6.9 u	12.0 b	8.2 u	10.1 	9.0 u	6.9 u	7.6 u	6.8 u	6.4 bu	5.7 u	4.6 u	3.8 u	4.3 bu	5.2 u	4.2 u	5.2 u	4.4 u	4.0 u	5.5 u	5.9 bu	8.3 	6.2 u	6.3 u	5.7 u
A,PC,M,Y18-24,CH03	: 	17.1 u	7.7 u	9.5 bu	11.5 u	12.7 u	16.6 	9.3 u	9.8 u	8.8 u	8.1 bu	6.2 u	7.2 u	8.0 u	8.8 bu	3.7 u	2.8 u	4.7 u	3.6 u	5.3 u	4.4 u	4.7 bu	8.5 u	11.8 	5.4 u	7.7 u
A,PC,M,Y18-24,CH04	: 	: u	5.5 u	13.0 b	9.3 u	8.1 u	13.5 u	10.3 u	9.1 u	14.7 	9.4 bu	8.8 u	4.8 u	6.4 u	3.4 bu	7.4 u	5.0 u	4.0 u	5.1 u	4.1 u	5.5 u	4.5 bu	6.3 u	4.3 u	6.0 u	5.6 u
A,PC,M,Y18-24,CH05	: 	: u	: u	8.7 bu	9.4 u	9.2 u	7.6 u	8.3 u	7.0 u	7.5 u	4.2 bu	7.9 u	6.2 u	3.7 u	3.2 bu	4.5 u	4.0 u	4.4 u	4.3 u	3.3 u	: u	2.3 bu	5.1 u	4.0 u	4.8 u	4.4 u
A,PC,M,Y18-24,CH06	: 	: 	15.9 u	9.1 bu	10.2 u	10.0 u	: u	8.3 u	: u	8.3 u	4.1 bu	4.6 u	5.4 u	5.6 u	5.8 bu	4.0 u	6.0 u	: u	: u	5.3 u	4.8 u	3.5 bu	4.6 u	: u	3.6 u	: u
A,PC,M,Y18-24,CH07	: 	: u	: u	: bu	: u	: u	: u	: u	: u	: u	: bu	: u	: u	: u	9.6 bu	: u	6.9 u	7.0 u	: u	10.3 u	: u	: bu	: u	: u	: u	: u
A,PC,M,Y18-24,CY	25.0 	23.9 	22.3 	24.1 b	27.2 	27.2 	22.5 b	19.5 	19.0 	15.2 b	16.2 	15.1 	16.5 	14.8 	11.2 b	7.7 	11.4 	9.4 	9.9 	10.4 	14.5 	11.8 b	9.2 	11.3 	14.5 	11.9 
A,PC,M,Y18-24,CY0	25.0 	23.9 	22.3 	24.1 b	27.2 	27.2 	22.5 b	19.5 	19.0 	15.2 b	16.2 	15.1 	16.5 	14.8 	11.2 b	7.7 	11.4 	9.4 	9.9 	10.4 	14.5 	11.8 b	9.2 	11.3 	14.5 	11.9 
A,PC,M,Y18-24,CY00	25.0 	23.9 	22.3 	24.1 b	27.2 	27.2 	22.5 b	19.5 	19.0 	15.2 b	16.2 	15.1 	16.5 	14.8 	11.2 b	7.7 	11.4 	9.4 	9.9 	10.4 	14.5 	11.8 b	9.2 	11.3 	14.5 	11.9 
A,PC,M,Y18-24,CZ	: 	: 	5.4 	5.9 b	6.1 	6.1 	5.4 b	5.7 	5.8 	5.5 	4.9 	5.4 b	6.1 	5.4 	5.8 b	6.4 	6.6 	6.8 	6.4 	6.6 	7.5 	7.0 b	7.1 	6.4 	5.3 	6.2 
A,PC,M,Y18-24,CZ0	: 	: 	5.4 	5.9 b	6.1 	6.1 	5.4 b	5.7 	5.8 	5.5 	4.9 	5.4 b	6.1 	5.4 	5.8 b	6.4 	6.6 	6.8 	6.4 	6.6 	7.5 	7.0 b	7.1 	6.4 	5.3 	6.2 
A,PC,M,Y18-24,CZ01	: 	: 	: u	1.4 bu	3.5 u	3.9 u	2.0 bu	3.3 u	2.3 u	3.4 u	3.2 u	3.7 bu	3.2 u	4.0 u	3.9 bu	2.9 u	2.9 u	2.6 u	4.3 u	3.0 u	1.4 u	: bu	2.7 u	2.1 u	2.3 u	: u
A,PC,M,Y18-24,CZ02	: 	: 	5.1 u	6.2 b	6.3 	4.7 u	4.6 bu	6.6 	5.5 	7.5 	5.2 u	3.0 bu	3.4 u	4.0 u	3.0 bu	2.4 u	4.9 u	6.5 u	3.4 u	2.7 u	8.8 	11.0 b	6.4 u	5.4 u	8.2 	6.4 u
A,PC,M,Y18-24,CZ03	: 	: 	5.2 	7.5 b	5.4 	5.4 	6.7 b	4.3 u	5.1 u	5.1 u	4.2 u	4.5 bu	5.7 	5.6 u	6.4 b	6.4 u	8.8 	7.7 	5.0 u	7.5 	5.7 u	8.6 b	7.9 	6.6 u	9.0 	7.0 u
A,PC,M,Y18-24,CZ04	: 	: 	9.3 	10.4 b	11.1 	10.2 	11.0 b	11.6 	13.6 	10.4 	9.7 	11.2 b	11.4 	7.6 	13.3 b	16.0 	11.4 	13.6 	15.6 	11.9 	14.0 	11.7 b	10.6 	14.0 	8.3 u	9.9 u
A,PC,M,Y18-24,CZ05	: 	: 	5.8 	7.5 b	4.5 	4.6 	5.1 b	4.4 	4.1 u	4.6 	4.4 	6.4 b	9.0 	6.9 	6.7 b	6.4 	7.9 	7.4 	6.1 	7.9 	7.8 	6.3 b	6.6 	5.6 u	5.3 u	5.5 u
A,PC,M,Y18-24,CZ06	: 	: 	4.6 	4.6 b	6.3 	5.9 	3.9 b	4.0 	2.2 u	2.6 u	2.7 u	4.7 b	4.6 	4.3 	4.8 b	3.2 u	3.1 u	4.1 u	5.6 	5.3 u	4.7 u	4.9 bu	6.8 	6.6 	3.1 u	6.9 u
A,PC,M,Y18-24,CZ07	: 	: 	6.2 	4.5 bu	4.2 u	4.3 u	4.1 bu	3.5 u	4.1 u	5.7 	5.2 	3.6 bu	5.0 u	6.2 	3.1 bu	7.9 	7.4 	6.4 u	4.4 u	4.5 u	7.5 u	6.7 bu	7.3 u	5.2 u	4.1 u	8.2 u
A,PC,M,Y18-24,CZ08	: 	: 	5.8 	5.6 b	7.4 	9.7 	6.2 b	8.3 	10.9 	6.3 	5.9 	6.2 b	6.3 	4.9 u	5.6 bu	7.6 	7.6 	7.0 	7.3 	11.1 	11.3 	7.1 bu	8.7 	6.9 u	3.0 u	: u
A,PC,M,Y18-24,DE	14.4 u	12.0 	12.5 	12.9 b	12.2 	13.3 b	14.0 	13.1 	12.4 b	11.5 	12.5 b	12.5 	11.1 b	10.2 	10.0 b	10.4 	11.0 	11.1 	11.5 	11.8 	11.7 b	14.2 b	13.9 	15.4 	14.9 b	14.9 
A,PC,M,Y18-24,DE1	13.8 u	12.8 	13.2 	11.9 b	10.9 	10.8 b	10.3 	10.9 	9.8 b	9.5 	9.5 b	9.9 	8.4 b	7.8 	8.4 b	8.3 	9.8 	9.5 	10.8 	10.6 	8.3 bu	13.0 b	12.6 	13.9 	13.9 b	12.8 
A,PC,M,Y18-24,DE11	15.8 u	14.6 	15.2 	14.3 b	10.6 	10.6 b	10.3 	10.8 	10.7 b	10.2 	9.9 b	9.8 	9.0 b	9.3 	9.6 b	8.6 	10.6 	9.5 	11.3 	14.0 	: bu	11.4 bu	12.2 u	16.2 	15.4 bu	14.0 u
A,PC,M,Y18-24,DE12	9.6 u	11.2 	13.1 	8.7 b	11.4 	11.9 b	10.1 	9.3 	9.2 b	10.4 	11.8 b	11.3 	8.2 b	6.6 	7.0 b	7.6 	9.4 	9.6 	11.0 	9.1 	: bu	11.0 bu	14.1 u	11.5 u	12.6 bu	: u
A,PC,M,Y18-24,DE13	14.6 u	14.5 	13.3 	13.1 b	11.7 	11.5 b	11.9 	13.3 	10.4 b	8.8 	8.2 b	10.0 	8.8 b	8.5 	9.8 b	9.6 	11.5 	11.4 	11.9 	8.0 	: bu	13.8 bu	: u	: u	15.0 bu	13.5 u
A,PC,M,Y18-24,DE14	15.2 u	9.5 	8.8 	9.7 b	10.0 	8.9 b	8.7 	10.5 	8.4 b	7.3 	7.3 b	7.6 	7.0 b	: u	: bu	6.8 	6.6 	7.2 	8.0 	9.2 	: bu	17.8 bu	: u	: u	: bu	: u
A,PC,M,Y18-24,DE2	12.7 u	10.9 	12.3 	12.6 b	9.7 	10.6 b	12.9 	11.3 	10.1 b	9.5 	9.5 b	10.1 	7.9 b	7.4 	6.5 b	6.7 	8.3 	7.8 	8.0 	8.6 	10.5 b	11.4 b	10.1 	12.5 	11.3 b	11.5 
A,PC,M,Y18-24,DE21	13.8 u	11.4 	11.9 	12.5 b	9.3 	10.7 b	13.5 	10.6 	8.4 b	8.7 	8.9 b	10.0 	7.3 b	7.1 	5.5 b	6.1 	6.8 	7.5 	7.3 	8.4 	: bu	11.0 bu	8.2 u	11.5 u	8.8 bu	8.4 u
A,PC,M,Y18-24,DE22	: u	: u	11.7 	12.0 b	: u	: bu	10.5 	12.3 	: bu	10.8 	: bu	9.1 	: bu	: u	: bu	: u	: u	: u	: u	: u	: bu	: bu	: u	: u	: bu	: u
A,PC,M,Y18-24,DE23	: u	: u	13.0 	13.1 b	: u	13.5 b	12.3 	: u	: bu	: u	: bu	: u	: bu	: u	: bu	: u	10.9 	: u	: u	: u	: bu	: bu	: u	: u	: bu	: u
A,PC,M,Y18-24,DE24	14.3 u	17.6 	15.9 	12.0 b	: u	14.1 b	18.6 	13.1 	14.3 b	12.7 	: bu	: u	: bu	: u	: bu	: u	: u	: u	: u	: u	: bu	: bu	: u	: u	: bu	: u
A,PC,M,Y18-24,DE25	11.5 u	10.3 	13.5 	14.2 b	10.9 	9.3 b	13.3 	12.5 	11.1 b	11.1 	12.1 b	14.3 	10.5 b	10.7 	9.6 b	7.7 	11.1 	10.4 	10.8 	11.5 	: bu	20.5 bu	: u	16.5 u	: bu	: u
A,PC,M,Y18-24,DE26	11.4 u	10.0 	13.4 	13.3 b	: u	: bu	10.2 	11.5 	: bu	: u	: bu	8.6 	: bu	: u	: bu	: u	10.3 	: u	: u	: u	: bu	: bu	: u	: u	: bu	: u
A,PC,M,Y18-24,DE27	13.8 u	10.1 	9.3 	11.2 b	11.3 	9.9 b	11.8 	10.4 	12.4 b	9.1 	9.2 b	9.7 	8.2 b	: u	6.9 b	: u	7.8 	8.7 	8.1 	6.7 	: bu	: bu	: u	: u	: bu	: u
A,PC,M,Y18-24,DE3	19.4 u	15.9 	16.4 	17.0 b	18.3 	17.2 b	19.7 	17.7 	17.5 b	15.4 	16.6 b	15.0 	15.6 b	15.0 	15.3 b	17.1 	12.5 	15.5 	17.1 	15.0 	: bu	14.3 bu	16.3 u	16.3 u	16.1 bu	16.5 u
A,PC,M,Y18-24,DE30	19.4 u	15.9 	16.4 	17.0 b	18.3 	17.2 b	19.7 	17.7 	17.5 b	15.4 	16.6 b	15.0 	15.6 b	15.0 	15.3 b	17.1 	12.5 	15.5 	17.1 	15.0 	: bu	14.3 bu	16.3 u	16.3 u	16.1 bu	16.5 u
A,PC,M,Y18-24,DE4	11.4 u	8.2 	8.8 	10.2 b	10.7 	11.1 b	12.4 	13.5 	11.1 b	10.5 	11.7 b	11.9 	9.8 b	11.0 	9.2 b	12.4 	12.6 	15.2 	12.5 	13.6 	: bu	20.7 bu	: u	: u	16.8 bu	19.1 u
A,PC,M,Y18-24,DE40	11.4 u	8.2 	8.8 	10.2 b	10.7 	11.1 b	12.4 	13.5 	11.1 b	10.5 	11.7 b	11.9 	9.8 b	11.0 	9.2 b	12.4 	12.6 	15.2 	12.5 	13.6 	: bu	20.7 bu	: u	: u	16.8 bu	19.1 u
A,PC,M,Y18-24,DE5	: u	: u	: u	: bu	21.4 	: bu	: u	: u	: bu	: u	: bu	: u	: bu	: u	: bu	: u	: u	: u	17.7 	17.7 	: bu	: bu	: u	: u	: bu	: u
A,PC,M,Y18-24,DE50	: u	: u	: u	: bu	21.4 	: bu	: u	: u	: bu	: u	: bu	: u	: bu	: u	: bu	: u	: u	: u	17.7 	17.7 	: bu	: bu	: u	: u	: bu	: u
A,PC,M,Y18-24,DE6	21.5 u	15.5 	20.2 	16.7 b	20.3 	22.0 b	18.3 	18.8 	17.6 b	14.1 	14.9 b	15.3 	14.3 b	11.6 	13.9 b	14.9 	13.2 	12.0 	10.5 	13.6 	: bu	: bu	: u	: u	: bu	: u
A,PC,M,Y18-24,DE60	21.5 u	15.5 	20.2 	16.7 b	20.3 	22.0 b	18.3 	18.8 	17.6 b	14.1 	14.9 b	15.3 	14.3 b	11.6 	13.9 b	14.9 	13.2 	12.0 	10.5 	13.6 	: bu	: bu	: u	: u	: bu	: u
A,PC,M,Y18-24,DE7	16.7 u	13.5 	12.0 	10.9 b	13.0 	14.6 b	14.9 	12.7 	13.0 b	12.3 	13.2 b	12.0 	10.3 b	10.9 	10.4 b	10.1 	11.4 	11.8 	12.6 	11.7 	13.2 bu	17.2 b	17.2 	17.6 	15.8 b	15.7 
A,PC,M,Y18-24,DE71	17.7 u	14.5 	13.5 	10.4 b	14.6 	15.4 b	15.8 	12.1 	13.0 b	13.1 	14.4 b	13.3 	11.0 b	11.3 	10.5 b	10.7 	13.2 	12.4 	11.8 	11.8 	: bu	16.9 b	18.1 	17.8 	16.5 bu	15.4 u
A,PC,M,Y18-24,DE72	: u	: u	: u	: bu	: u	13.0 b	14.4 	11.6 	13.9 b	: u	: bu	: u	: bu	: u	: bu	: u	: u	10.8 	14.0 	: u	: bu	: bu	: u	: u	: bu	: u
A,PC,M,Y18-24,DE73	16.4 u	14.2 	: u	12.9 b	: u	13.8 b	12.7 	15.3 	12.3 b	11.8 	12.5 b	10.2 	: bu	: u	12.1 b	: u	: u	10.8 	14.0 	13.1 	: bu	: bu	: u	: u	: bu	: u
A,PC,M,Y18-24,DE8	12.3 	8.6 	10.8 	11.1 b	: u	13.8 b	11.5 	12.0 	9.3 b	9.4 	11.4 b	11.0 	11.1 b	: u	: bu	: u	14.3 	: u	12.7 	11.8 	: bu	: bu	: u	: u	: bu	: u
A,PC,M,Y18-24,DE80	12.3 	8.6 	10.8 	11.1 b	: u	13.8 b	11.5 	12.0 	9.3 b	9.4 	11.4 b	11.0 	11.1 b	: u	: bu	: u	14.3 	: u	12.7 	11.8 	: bu	: bu	: u	: u	: bu	: u
A,PC,M,Y18-24,DE9	16.0 u	9.7 	13.2 	14.2 b	13.8 	14.4 b	14.1 	15.1 	13.8 b	12.8 	14.7 b	14.4 	13.6 b	11.0 	11.3 b	11.1 	12.5 	12.2 	12.3 	13.1 	11.7 bu	14.9 b	16.2 	20.4 	19.0 b	16.2 
A,PC,M,Y18-24,DE91	11.9 u	: u	12.4 	11.4 b	11.0 	15.3 b	11.6 	12.7 	12.9 b	12.1 	13.7 b	12.6 	13.8 b	10.1 	12.6 b	: u	9.6 	10.6 	10.9 	11.0 	: bu	: bu	: u	: u	: bu	: u
A,PC,M,Y18-24,DE92	15.2 u	12.0 	14.0 	13.5 b	13.6 	12.7 b	14.9 	13.3 	13.9 b	15.6 	15.3 b	16.4 	14.8 b	12.8 	11.3 b	12.1 	15.7 	13.8 	12.5 	14.5 	: bu	: bu	17.3 u	19.0 u	17.0 bu	15.2 u
A,PC,M,Y18-24,DE93	16.8 u	: u	13.5 	15.6 b	16.5 	18.5 b	18.6 	20.7 	18.3 b	14.4 	18.0 b	18.2 	17.0 b	11.9 	13.2 b	11.5 	12.7 	13.4 	11.2 	13.4 	: bu	: bu	: u	23.4 u	19.7 bu	: u
A,PC,M,Y18-24,DE94	18.4 u	10.7 	13.0 	15.8 b	13.9 	12.8 b	12.5 	14.9 	11.7 b	10.1 	12.8 b	11.5 	10.3 b	9.6 	9.3 b	11.8 	11.6 	11.1 	13.4 	13.1 	: bu	16.4 bu	14.9 u	20.8 u	20.9 bu	17.7 u
A,PC,M,Y18-24,DEA	17.1 u	15.4 	14.7 	15.6 b	14.8 	16.0 b	16.8 	14.7 	14.7 b	14.1 	15.4 b	14.8 	13.4 b	12.3 	11.4 b	11.7 	12.0 	12.5 	12.8 	12.8 	12.3 b	14.5 b	14.2 	14.4 	15.4 b	16.2 
A,PC,M,Y18-24,DEA1	21.9 u	18.4 	15.6 	21.1 b	15.4 	18.5 b	20.3 	15.2 	16.4 b	14.4 	17.6 b	15.5 	15.1 b	14.9 	14.0 b	12.1 	12.2 	14.9 	14.8 	14.3 	: bu	15.7 b	16.5 	16.1 	17.0 b	18.2 
A,PC,M,Y18-24,DEA2	15.0 u	12.4 	13.9 	13.1 b	12.6 	13.9 b	16.5 	14.6 	13.0 b	13.5 	15.0 b	15.5 	12.4 b	11.2 	11.5 b	10.3 	10.3 	12.5 	12.8 	12.2 	: bu	10.9 bu	11.4 u	12.8 u	13.0 bu	15.4 
A,PC,M,Y18-24,DEA3	11.7 u	14.3 	13.2 	12.9 b	17.7 	16.0 b	13.3 	12.8 	15.0 b	12.8 	14.0 b	11.5 	11.0 b	10.0 	8.9 b	13.1 	13.1 	11.3 	12.0 	10.6 	: bu	15.5 bu	12.7 u	12.0 u	16.5 bu	17.3 u
A,PC,M,Y18-24,DEA4	18.2 u	16.9 	13.5 	12.7 b	14.8 	12.5 b	15.4 	15.3 	15.3 b	13.6 	12.8 b	12.0 	12.9 b	10.8 	9.1 b	10.0 	12.2 	10.2 	10.0 	10.5 	: bu	: bu	: u	16.2 u	14.5 bu	: u
A,PC,M,Y18-24,DEA5	16.7 u	15.3 	15.9 	14.7 b	14.6 	16.9 b	15.5 	15.1 	13.9 b	15.3 	15.7 b	16.8 	14.6 b	12.9 	11.3 b	12.6 	12.9 	11.7 	12.5 	14.6 	: bu	17.5 bu	15.6 u	14.8 u	15.8 bu	15.8 u
A,PC,M,Y18-24,DEB	15.9 u	11.9 	12.0 	12.6 b	12.6 	15.0 b	14.2 	15.8 	13.1 b	13.9 	16.3 b	14.6 	11.7 b	13.2 	10.9 b	12.4 	13.2 	13.3 	13.2 	12.6 	: bu	16.2 b	15.4 u	18.2 	17.8 b	16.6 u
A,PC,M,Y18-24,DEB1	: 	: 	13.8 	14.3 b	: u	16.3 b	13.9 	16.5 	14.4 b	15.6 	16.1 b	16.0 	12.0 b	14.0 	11.3 b	11.0 	14.7 	13.5 	14.9 	8.9 	: bu	: bu	: u	: u	: bu	: u
A,PC,M,Y18-24,DEB2	: 	: 	: u	: bu	: u	: bu	: u	: u	: bu	: u	: bu	: u	: bu	: u	: bu	: u	: u	: u	: u	: u	: bu	: bu	: u	: u	: bu	: u
A,PC,M,Y18-24,DEB3	: 	: 	13.0 	13.2 b	16.0 	14.7 b	15.5 	15.1 	12.3 b	14.3 	18.2 b	14.6 	11.6 b	13.4 	10.9 b	13.7 	12.3 	14.3 	13.4 	14.1 	: bu	15.5 bu	: u	18.3 u	17.3 bu	17.6 u
A,PC,M,Y18-24,DEC	: u	: u	: u	: bu	19.4 u	24.0 b	23.8 	13.6 	14.0 b	14.8 	14.8 b	18.2 	14.6 b	: u	: bu	: u	: u	13.0 	: u	: u	: bu	: bu	: u	: u	: bu	: u
A,PC,M,Y18-24,DEC0	: u	: u	: u	: bu	19.4 u	24.0 b	23.8 	13.6 	14.0 b	14.8 	14.8 b	18.2 	14.6 b	: u	: bu	: u	: u	13.0 	: u	: u	: bu	: bu	: u	: u	: bu	: u
A,PC,M,Y18-24,DED	8.9 	6.8 	7.6 	9.1 b	6.1 	7.8 b	9.8 	8.4 	8.8 b	6.7 	7.5 b	8.0 	8.7 b	6.4 	7.0 b	9.8 	8.3 	7.5 	7.9 	9.4 	: bu	: bu	: u	11.9 u	: bu	13.1 u
A,PC,M,Y18-24,DED2	: u	7.1 	7.1 	7.6 b	: u	8.2 b	8.8 	9.1 	8.3 b	: u	: bu	7.8 	9.7 b	: u	: bu	: u	: u	: u	: u	: u	: bu	: bu	: u	: u	: bu	: u
A,PC,M,Y18-24,DED4	: 	: 	: 	: 	: 	: bu	9.5 	: u	: bu	: u	: bu	: u	: bu	: u	: bu	: u	: u	: u	: u	: u	: bu	: bu	: u	: u	: bu	: u
A,PC,M,Y18-24,DED5	: 	: 	: 	: 	: 	10.0 b	12.0 	: u	12.2 b	: u	: bu	: u	: bu	: u	: bu	: u	: u	: u	: u	: u	: bu	: bu	: u	: u	: bu	: u
A,PC,M,Y18-24,DEE	9.1 	8.4 	5.6 	9.3 b	8.8 	12.6 b	13.1 	14.5 	13.0 b	11.6 	14.0 b	14.1 	12.0 b	10.8 	9.4 b	12.8 	13.0 	15.0 	10.4 	14.8 	: bu	: bu	: u	: u	: bu	18.6 u
A,PC,M,Y18-24,DEE0	9.1 	8.4 	5.6 	9.3 b	8.8 	12.6 b	13.1 	14.5 	13.0 b	11.6 	14.0 b	14.1 	12.0 b	10.8 	9.4 b	12.8 	13.0 	15.0 	10.4 	14.8 	: bu	: bu	: u	: u	: bu	18.6 u
A,PC,M,Y18-24,DEF	14.7 u	15.1 	16.2 	17.8 b	16.0 	15.2 b	17.2 	14.1 	13.7 b	11.1 	12.6 b	13.7 	13.3 b	10.1 	13.1 b	12.2 	10.4 	10.0 	11.1 	13.0 	: bu	15.3 bu	18.2 u	19.8 u	17.6 bu	16.8 u
A,PC,M,Y18-24,DEF0	14.7 u	15.1 	16.2 	17.8 b	16.0 	15.2 b	17.2 	14.1 	13.7 b	11.1 	12.6 b	13.7 	13.3 b	10.1 	13.1 b	12.2 	10.4 	10.0 	11.1 	13.0 	: bu	15.3 bu	18.2 u	19.8 u	17.6 bu	16.8 u
A,PC,M,Y18-24,DEG	8.1 u	6.2 	5.4 	4.9 b	7.0 	7.5 b	8.5 	8.5 	7.7 b	4.8 	6.2 b	8.6 	8.6 b	8.6 	: bu	9.3 	10.0 	10.6 	9.9 	10.5 	: bu	: bu	: u	: u	: bu	: u
A,PC,M,Y18-24,DEG0	8.1 u	6.2 	5.4 	4.9 b	7.0 	7.5 b	8.5 	8.5 	7.7 b	4.8 	6.2 b	8.6 	8.6 b	8.6 	: bu	9.3 	10.0 	10.6 	9.9 	10.5 	: bu	: bu	: u	: u	: bu	: u
A,PC,M,Y18-24,DK	12.8 	10.8 	9.9 	10.7 b	10.5 	10.5 	10.5 	16.2 b	15.0 b	14.3 	14.5 	12.5 	11.2 	10.0 	9.7 b	9.9 	8.6 b	11.2 b	12.7 	12.1 	11.7 	11.6 b	12.1 	11.8 	11.1 	11.3 b
A,PC,M,Y18-24,DK0	12.8 	10.8 	9.9 	10.7 b	10.5 	10.5 	10.5 	16.2 b	15.0 b	14.3 	14.5 	12.5 	11.2 	10.0 	9.7 b	9.9 	8.6 b	11.2 b	12.7 	12.1 	11.7 	11.6 b	12.1 	11.8 	11.1 	11.3 b
A,PC,M,Y18-24,DK01	: 	: 	: 	: 	: 	: 	: 	14.4 b	14.0 b	13.3 	14.2 	11.7 	11.5 	10.0 	8.8 b	8.3 	7.2 b	9.2 b	12.0 	12.5 	10.2 	10.6 b	10.2 	8.5 	8.8 	6.9 b
A,PC,M,Y18-24,DK02	: 	: 	: 	: 	: 	: 	: 	18.9 b	19.5 b	21.2 	14.7 	15.1 	12.3 u	12.3 u	11.6 bu	13.7 	9.4 bu	15.3 b	16.0 	12.3 u	15.1 	15.4 b	13.7 u	13.9 u	13.4 u	13.9 b
A,PC,M,Y18-24,DK03	: 	: 	: 	: 	: 	: 	: 	17.9 b	15.3 b	15.6 	15.7 	12.1 	11.2 	8.4 	9.3 b	9.0 	8.8 b	13.1 b	14.0 	14.0 	13.4 	11.9 b	14.9 	13.2 	11.0 	15.3 b
A,PC,M,Y18-24,DK04	: 	: 	: 	: 	: 	: 	: 	16.5 b	13.7 b	10.8 	14.7 	12.4 	9.3 	10.3 	10.5 b	10.4 	9.9 b	10.8 b	10.9 	10.5 	12.2 	12.7 b	11.8 	14.3 	12.9 	12.5 b
A,PC,M,Y18-24,DK05	: 	: 	: 	: 	: 	: 	: 	13.8 bu	15.1 bu	14.2 u	11.6 u	12.9 u	12.8 u	9.5 u	9.4 bu	10.4 u	8.8 bu	10.4 bu	12.2 u	11.0 u	: u	7.1 bu	11.1 u	11.0 u	11.1 u	10.4 bu
A,PC,M,Y18-24,EA21	: 	: 	21.4 	20.9 	20.6 	20.0 	19.8 	19.1 	18.6 	18.0 	17.6 	16.6 	15.7 	14.5 	13.4 b	13.1 	12.7 	12.7 	12.7 	12.4 	12.5 	11.8 b	11.4 	11.8 	11.6 	11.2 
A,PC,M,Y18-24,EE	19.2 b	17.8 	16.9 	18.3 b	20.0 	16.7 	19.5 	21.4 	19.8 	17.9 b	14.4 	12.8 	13.3 	13.6 	16.0 b	16.4 	15.5 	15.9 	16.1 	14.4 	10.7 	12.0 b	14.3 	11.4 	13.3 	11.1 
A,PC,M,Y18-24,EE0	19.2 b	17.8 	16.9 	18.3 b	20.0 	16.7 	19.5 	21.4 	19.8 	17.9 b	14.4 	12.8 	13.3 	13.6 	16.0 b	16.4 	15.5 	15.9 	16.1 	14.4 	10.7 	12.0 b	14.3 	11.4 	13.3 	11.1 
A,PC,M,Y18-24,EE00	19.2 b	17.8 	16.9 	18.3 b	20.0 	16.7 	19.5 	21.4 	19.8 	17.9 b	14.4 	12.8 	13.3 	13.6 	16.0 b	16.4 	15.5 	15.9 	16.1 	14.4 	10.7 	12.0 b	14.3 	11.4 	13.3 	11.1 
A,PC,M,Y18-24,EL	22.9 	20.8 b	20.1 	19.4 b	17.7 b	17.1 	19.6 b	18.2 	18.0 b	17.9 b	16.4 	15.9 	13.7 	12.7 	11.5 b	9.4 	7.1 	7.1 	5.7 	4.9 	4.4 	3.4 b	3.8 	3.8 	3.7 b	3.6 
A,PC,M,Y18-24,EL3	13.6 	14.5 b	14.5 	13.4 b	13.8 b	13.9 	13.4 b	13.3 	15.1 b	15.9 b	14.3 	13.6 	12.1 	8.8 	7.9 b	7.0 	4.0 	2.5 u	3.3 	4.5 	5.1 	2.7 bu	3.4 	2.7 	2.8 bu	2.1 u
A,PC,M,Y18-24,EL30	13.6 	14.5 b	14.5 	13.4 b	13.8 b	13.9 	13.4 b	13.3 	15.1 b	15.9 b	14.3 	13.6 	12.1 	8.8 	7.9 b	7.0 	4.0 	2.5 u	3.3 	4.5 	5.1 	2.7 bu	3.4 	2.7 	2.8 bu	2.1 u
A,PC,M,Y18-24,EL4	41.8 	34.3 b	32.1 	32.1 b	24.2 b	22.9 	27.8 b	27.0 	24.6 b	27.5 b	25.3 	22.9 	21.0 	21.3 	15.7 b	13.2 	12.4 	13.5 	9.4 	8.3 u	5.5 u	4.8 bu	3.9 u	7.2 u	6.1 bu	6.1 u
A,PC,M,Y18-24,EL41	37.1 u	25.4 bu	30.2 u	29.3 bu	24.0 bu	26.1 u	40.5 bu	40.1 u	: bu	: bu	: u	: u	: u	: u	: bu	20.8 u	25.8 u	20.5 u	: u	: u	: u	: bu	: u	: u	: bu	: u
A,PC,M,Y18-24,EL42	50.1 	44.4 b	35.1 	32.4 b	24.1 bu	19.9 u	27.6 bu	32.5 	27.9 bu	39.9 b	27.3 u	24.4 u	25.8 u	33.1 u	: bu	: u	: u	: u	: u	: u	: u	: bu	: u	: u	: bu	: u
A,PC,M,Y18-24,EL43	39.3 	31.9 b	31.0 	32.7 b	24.2 b	23.5 	24.9 b	22.3 	22.7 b	23.1 b	25.0 	25.3 	23.1 	19.3 	17.8 b	13.2 u	10.1 u	11.6 u	8.7 u	7.5 u	: u	6.8 bu	: u	7.3 u	: bu	6.9 u
A,PC,M,Y18-24,EL5	22.9 	20.3 b	18.8 	20.5 b	17.7 b	17.4 	21.8 b	19.5 	18.3 b	14.9 b	14.2 	13.5 	11.9 	13.4 	12.9 b	11.0 	7.1 	7.7 	7.0 	3.7 	2.6 u	2.5 bu	3.6 u	3.5 u	3.4 bu	3.0 u
A,PC,M,Y18-24,EL51	43.2 	36.8 b	30.3 	29.4 b	24.6 b	23.3 	30.7 b	31.4 	31.2 b	24.2 b	21.2 	19.4 	18.7 	21.3 	20.6 b	21.8 	12.2 u	13.7 u	11.9 u	7.0 u	6.8 u	: bu	6.5 u	8.1 u	: bu	: u
A,PC,M,Y18-24,EL52	19.0 	17.7 b	16.4 	17.7 b	15.9 b	16.3 	19.8 b	17.0 	14.7 b	11.1 b	11.6 	10.4 	9.0 	11.4 	12.1 b	9.4 	6.4 	6.6 	5.7 	3.4 u	: u	: bu	: u	: u	: bu	: u
A,PC,M,Y18-24,EL53	20.9 u	11.5 bu	12.8 u	18.4 bu	12.3 bu	12.7 u	15.2 bu	: u	13.9 bu	15.4 bu	13.8 u	17.2 u	: u	: u	: bu	: u	: u	: u	: u	: u	: u	: bu	: u	: u	: bu	: u
A,PC,M,Y18-24,EL54	16.1 u	14.9 bu	18.0 u	23.7 bu	22.3 bu	18.0 u	23.4 bu	21.8 u	23.2 bu	23.2 bu	18.0 u	18.5 u	15.9 u	: u	: bu	: u	: u	: u	: u	: u	: u	: bu	: u	: u	: bu	: u
A,PC,M,Y18-24,EL6	30.2 	27.4 b	27.7 	24.1 b	22.3 b	20.6 	25.1 b	21.8 	20.3 b	20.8 b	18.8 	19.6 	15.5 	14.6 	13.8 b	9.7 	9.7 	10.9 	6.1 	5.5 	5.1 	5.1 b	4.6 	4.4 u	4.4 bu	6.3 
A,PC,M,Y18-24,EL61	28.1 	27.3 b	22.8 	17.5 b	19.4 b	17.3 	28.4 b	21.7 	14.9 b	16.1 b	21.2 	20.7 	16.3 	11.4 u	8.9 bu	9.3 u	: u	: u	: u	: u	: u	: bu	: u	: u	: bu	: u
A,PC,M,Y18-24,EL62	43.6 u	41.2 bu	50.6 u	28.3 bu	37.2 bu	33.9 u	31.9 bu	30.3 u	36.0 bu	32.7 bu	: u	: u	: u	: u	: bu	: u	: u	: u	: u	: u	: u	: bu	: u	: u	: bu	: u
A,PC,M,Y18-24,EL63	29.1 	26.1 b	28.2 	23.3 b	19.0 b	16.9 	19.3 b	15.7 	16.2 b	16.6 b	15.3 	16.3 	14.3 	12.9 	13.6 b	6.4 u	11.1 u	15.4 	6.5 u	4.9 u	6.9 u	6.9 bu	5.9 u	: u	: bu	: u
A,PC,M,Y18-24,EL64	27.6 	27.1 b	27.0 	30.5 b	23.8 b	25.5 	29.2 b	28.8 	23.1 b	24.4 b	20.0 	21.2 	15.0 u	17.9 u	16.5 bu	12.8 u	9.4 u	11.6 u	10.8 u	11.4 u	: u	11.0 bu	: u	11.7 u	: bu	: u
A,PC,M,Y18-24,EL65	33.2 	25.1 bu	25.9 u	27.2 b	27.1 b	23.7 u	24.5 bu	23.5 u	30.8 b	30.3 b	21.5 u	28.9 u	16.8 u	17.0 u	16.1 bu	15.6 u	17.5 u	13.6 u	: u	: u	: u	: bu	: u	: u	: bu	18.4 u
A,PC,M,Y18-24,ES	35.0 	36.0 	37.2 	38.4 b	39.0 	37.0 b	36.7 b	36.6 	38.0 	37.4 	33.6 	31.0 	28.9 	27.2 	25.6 b	24.0 	22.7 	21.8 	21.7 	21.4 	20.2 	16.7 b	16.7 	16.0 	15.8 	15.9 
A,PC,M,Y18-24,ES1	34.0 	33.1 	34.1 	32.9 b	32.4 	28.4 b	33.1 b	32.2 	30.7 	30.3 	27.8 	26.0 	25.0 	22.7 	19.1 b	19.3 	17.0 	17.3 	15.3 	16.0 	13.9 	11.6 b	11.4 	11.5 	13.3 	13.2 
A,PC,M,Y18-24,ES11	37.3 	36.0 	36.0 	32.1 b	32.5 	29.8 b	34.2 b	33.0 	32.0 	31.9 	27.6 	25.3 	26.7 	24.9 	21.7 b	21.9 	19.1 	17.9 	17.0 	16.7 	15.5 	11.6 b	11.3 	11.7 	15.0 	13.5 
A,PC,M,Y18-24,ES12	28.2 	26.5 	27.9 	32.5 b	32.3 	25.6 b	32.2 b	30.1 	27.3 	24.9 	26.8 	27.1 	25.1 	21.6 	15.9 bu	16.0 u	16.0 u	18.9 u	14.8 u	14.7 u	11.0 u	14.7 bu	12.6 u	12.5 u	12.4 u	13.4 u
A,PC,M,Y18-24,ES13	28.7 	30.6 	36.1 	37.4 b	32.1 	26.6 b	29.5 b	32.2 	30.9 	32.2 	30.1 	27.5 	17.2 u	13.6 u	12.1 bu	12.6 u	8.8 u	12.3 u	8.9 u	14.4 u	11.8 u	6.8 bu	10.1 u	8.8 u	7.9 u	11.7 u
A,PC,M,Y18-24,ES2	22.1 	23.1 	23.9 	26.2 b	26.2 	24.0 b	23.6 b	23.9 	25.0 	25.1 	20.6 	20.4 	16.9 	15.3 	15.6 b	16.1 	16.4 	12.7 	13.2 	14.6 	13.2 	10.1 b	10.4 	9.5 	11.0 	8.9 
A,PC,M,Y18-24,ES21	19.8 	20.1 	17.3 	20.5 b	18.7 	19.2 b	20.3 b	18.7 	18.1 	21.7 	13.7 	14.2 	13.0 	12.4 	11.8 b	11.9 	10.7 	8.5 	9.4 	9.1 	8.5 	5.3 bu	7.2 	7.5 	7.1 	4.5 u
A,PC,M,Y18-24,ES22	19.8 	23.5 	23.3 	25.5 b	30.3 	18.2 bu	14.4 bu	19.2 u	23.4 	19.8 u	23.4 	15.5 u	16.5 u	13.9 u	13.9 bu	13.1 u	16.9 u	14.1 u	12.4 u	17.8 u	13.9 u	11.1 bu	7.3 u	9.4 u	13.4 u	8.6 u
A,PC,M,Y18-24,ES23	29.4 u	33.1 u	36.5 u	39.1 b	43.8 	39.6 bu	31.7 bu	34.8 u	42.3 	35.3 u	27.7 u	36.1 u	27.3 u	24.8 u	28.0 bu	32.4 u	17.7 u	15.9 u	18.2 u	17.7 u	17.9 u	13.5 bu	15.9 u	15.1 u	23.6 u	22.0 u
A,PC,M,Y18-24,ES24	25.7 	25.7 	32.7 	33.4 b	32.3 	30.7 b	31.3 b	31.4 	31.8 	30.2 	27.7 	27.8 	20.2 	17.5 	18.6 b	20.0 	24.4 	17.6 	18.1 	20.7 	19.1 	16.5 b	15.8 	11.3 	12.8 	13.4 
A,PC,M,Y18-24,ES3	22.9 	26.3 	29.7 	27.2 b	30.3 	28.7 b	29.7 b	29.1 	32.9 	32.9 	26.5 	22.2 	25.0 	20.5 	21.0 b	20.0 	17.5 	16.1 	17.8 	13.8 	12.6 	12.5 b	13.5 	11.9 	11.3 	10.3 
A,PC,M,Y18-24,ES30	22.9 	26.3 	29.7 	27.2 b	30.3 	28.7 b	29.7 b	29.1 	32.9 	32.9 	26.5 	22.2 	25.0 	20.5 	21.0 b	20.0 	17.5 	16.1 	17.8 	13.8 	12.6 	12.5 b	13.5 	11.9 	11.3 	10.3 
A,PC,M,Y18-24,ES4	38.0 	37.9 	38.0 	39.8 b	39.5 	38.8 b	40.0 b	38.3 	39.3 	38.3 	36.3 	37.1 	33.7 	30.5 	24.9 b	23.9 	23.6 	25.1 	22.9 	22.8 	21.7 	18.6 b	15.2 	15.7 	15.5 	16.4 
A,PC,M,Y18-24,ES41	29.5 	30.1 	28.6 	32.0 b	29.4 	31.0 b	30.1 b	30.2 	32.3 	32.9 	27.6 	33.4 	28.3 	25.4 	21.0 b	21.2 	20.0 	21.8 	18.1 	17.2 	18.6 	16.7 b	12.8 	12.0 	12.4 	12.9 
A,PC,M,Y18-24,ES42	42.8 	44.0 	46.0 	46.2 b	46.0 	44.5 b	47.9 b	45.4 	46.3 	42.7 	43.4 	40.5 	34.2 	32.2 	25.8 b	23.7 	26.7 	27.5 	24.8 	25.7 	23.1 	20.2 b	17.9 	20.8 	18.1 	19.0 
A,PC,M,Y18-24,ES43	48.9 	44.8 	44.9 	45.4 b	49.2 	44.4 b	45.5 b	41.2 	39.4 	40.4 	38.9 	37.6 	42.1 	36.3 	29.9 b	29.4 	24.3 	26.7 	27.7 	27.5 	24.4 	19.1 b	14.5 	12.1 u	16.2 	17.8 
A,PC,M,Y18-24,ES5	37.4 	38.8 	39.6 	42.9 b	43.1 	41.3 b	37.0 b	37.9 	39.9 	39.2 	34.8 	31.6 	28.9 	29.2 	28.3 b	24.7 	23.9 	22.6 	22.9 	23.2 	22.2 	18.2 b	19.7 	17.1 	16.9 	17.4 
A,PC,M,Y18-24,ES51	34.7 	34.7 	36.3 	42.0 b	41.1 	41.2 b	34.5 b	37.2 	39.8 	38.4 	34.8 	31.1 	28.5 	30.5 	26.7 b	21.8 	21.6 	19.6 	21.5 	24.7 	23.2 	19.7 b	20.2 	17.1 	16.5 	16.8 
A,PC,M,Y18-24,ES52	38.9 	42.4 	42.4 	42.2 b	44.4 	40.0 b	39.0 b	36.6 	38.2 	38.9 	33.1 	32.0 	29.4 	26.2 	28.3 b	27.3 	24.4 	24.9 	24.2 	19.7 	19.0 	15.8 b	18.4 	16.2 	15.1 	17.1 
A,PC,M,Y18-24,ES53	51.7 	51.3 	49.3 	52.0 b	50.5 	47.6 b	43.9 b	48.8 	48.1 	45.9 	42.5 	33.2 	29.7 	33.6 	37.6 b	31.5 	34.9 	32.4 	27.0 	28.1 	29.4 	18.7 b	21.1 	20.5 	27.9 	23.0 
A,PC,M,Y18-24,ES6	42.2 	42.1 	43.8 	44.9 b	46.3 	44.3 b	44.3 b	43.2 	44.2 	43.7 	40.4 	36.5 	33.6 	31.7 	30.7 b	29.2 	27.5 	27.7 	26.8 	26.5 	26.0 	20.7 b	19.5 	21.0 	19.8 	20.1 
A,PC,M,Y18-24,ES61	41.4 	41.5 	43.5 	44.5 b	45.5 	43.9 b	44.6 b	42.8 	43.2 	44.2 	40.5 	37.2 	33.7 	31.9 	31.0 b	28.9 	27.0 	28.7 	26.0 	26.1 	26.7 	20.8 b	18.7 	20.8 	19.6 	18.9 
A,PC,M,Y18-24,ES62	46.8 	46.0 	46.0 	47.4 b	50.5 	45.8 b	42.2 b	44.9 	49.7 	41.3 	39.2 	33.0 	32.5 	30.6 	28.3 b	30.5 	30.9 	22.8 	30.8 	28.5 	22.4 	20.9 b	23.6 	22.1 	20.1 	26.6 
A,PC,M,Y18-24,ES63	42.7 u	40.8 u	47.0 u	48.5 bu	52.0 u	63.7 bu	63.9 bu	45.1 u	37.0 u	38.9 u	50.8 u	41.1 u	38.6 u	35.9 u	38.4 bu	30.4 u	: u	: u	: u	27.8 u	26.1 u	: bu	26.1 u	: u	: u	: u
A,PC,M,Y18-24,ES64	43.8 u	31.6 u	29.1 u	39.5 bu	43.7 u	31.0 bu	35.6 bu	49.7 u	48.7 u	45.2 u	38.6 u	: u	38.0 u	30.7 u	: bu	34.4 u	26.8 u	22.6 u	31.9 u	: u	: u	: bu	: u	22.1 u	30.0 u	: u
A,PC,M,Y18-24,ES7	40.4 	44.4 	42.2 	43.3 b	39.7 	35.0 b	40.0 b	44.6 	44.0 	38.7 	36.4 	34.5 	29.5 	29.8 	26.4 b	26.4 	24.5 	19.9 	23.9 	24.8 	21.8 	16.9 b	17.4 	17.6 	16.0 	20.5 
A,PC,M,Y18-24,ES70	40.4 	44.4 	42.2 	43.3 b	39.7 	35.0 b	40.0 b	44.6 	44.0 	38.7 	36.4 	34.5 	29.5 	29.8 	26.4 b	26.4 	24.5 	19.9 	23.9 	24.8 	21.8 	16.9 b	17.4 	17.6 	16.0 	20.5 
A,PC,M,Y18-24,EU27_2020	: 	: 	19.1 	18.6 b	18.4 	17.7 	17.4 b	16.9 	16.4 	16.0 	15.8 	15.1 	14.5 	13.6 	12.7 b	12.5 	12.1 	12.1 	12.1 	11.8 	11.9 	11.5 b	11.1 	11.3 	11.0 	10.6 
A,PC,M,Y18-24,FI	11.5 b	12.1 	11.8 	12.0 b	12.5 	12.4 	11.8 	11.2 	12.1 	10.7 	11.6 	11.2 	9.8 	10.4 	11.9 b	10.6 	9.0 	9.5 	9.2 	8.5 	9.4 	9.3 b	10.3 	11.9 	11.8 	11.1 
A,PC,M,Y18-24,FI1	11.6 b	12.1 	11.8 	12.0 b	12.5 	12.5 	11.9 	11.2 	12.0 	10.7 	11.5 	11.2 	9.8 	10.3 	11.8 b	10.6 	9.0 	9.5 	9.2 	8.5 	9.4 	9.3 b	10.3 	11.9 	11.8 	11.2 
A,PC,M,Y18-24,FI19	11.0 b	12.1 	12.3 	11.4 b	10.5 	10.6 	9.8 	10.6 	10.7 	11.1 	10.3 	12.1 	9.4 	9.8 	10.4 b	11.0 	8.4 	6.9 u	7.9 	7.2 u	7.9 	9.3 b	10.2 	11.0 u	10.1 u	8.6 u
A,PC,M,Y18-24,FI1B	: 	: 	: 	: 	: 	13.3 	11.4 	11.6 	11.7 	11.2 	12.2 	11.0 	10.1 	10.4 	12.6 b	11.1 	8.3 	9.2 	9.6 	9.8 	9.8 	7.3 b	9.5 	9.6 u	9.2 u	11.0 u
A,PC,M,Y18-24,FI1C	: 	: 	: 	: 	: 	13.3 	13.5 	13.4 	13.7 	11.6 	12.0 	10.8 	9.9 	11.6 	15.6 b	11.1 	12.9 	12.2 	10.9 	8.5 u	9.9 u	11.9 b	9.4 u	12.1 u	17.8 	13.0 u
A,PC,M,Y18-24,FI1D	: 	: 	: 	: 	: 	12.9 	13.1 	9.7 	12.5 	9.0 	11.6 	10.6 	9.7 	9.7 	9.3 b	9.1 	7.4 u	10.5 	9.0 	8.4 u	10.2 	10.1 b	11.9 	15.3 	11.8 u	12.9 u
A,PC,M,Y18-24,FI2	: bu	: u	: u	: bu	: u	: u	: u	: u	: u	: u	: u	: u	: u	: u	: bu	: u	: u	: u	: u	: u	: u	: bu	: u	: u	: u	: u
A,PC,M,Y18-24,FI20	: bu	: u	: u	: bu	: u	: u	: u	: u	: u	: u	: u	: u	: u	: u	: bu	: u	: u	: u	: u	: u	: u	: bu	: u	: u	: u	: u
A,PC,M,Y18-24,FR	14.8 	15.0 	14.9 	14.3 b	14.2 	14.3 	14.6 	15.2 	13.8 	14.5 	15.3 	14.1 	13.7 	10.7 b	9.9 b	10.0 	10.1 	10.4 	10.6 	9.6 	9.7 	9.6 b	9.2 	9.5 	9.4 	8.6 
A,PC,M,Y18-24,FR1	14.2 	15.0 	15.2 	13.5 b	16.1 	12.9 	12.0 	14.7 	16.3 	15.3 	15.2 	12.7 	14.1 	11.8 b	10.2 b	10.3 	8.9 	9.8 	9.4 	7.9 	8.9 	8.8 b	7.5 	7.1 	9.0 	6.7 
A,PC,M,Y18-24,FR10	14.2 	15.0 	15.2 	13.5 b	16.1 	12.9 	12.0 	14.7 	16.3 	15.3 	15.2 	12.7 	14.1 	11.8 b	10.2 b	10.3 	8.9 	9.8 	9.4 	7.9 	8.9 	8.8 b	7.5 	7.1 	9.0 	6.7 
A,PC,M,Y18-24,FRB	14.3 u	15.4 u	15.0 u	15.9 b	15.2 u	11.0 u	16.8 	16.3 u	16.8 u	9.5 u	8.6 u	9.0 u	10.6 u	8.3 bu	9.4 b	9.4 u	9.2 u	11.4 u	10.0 u	11.7 	7.6 u	9.7 bu	10.5 	8.3 u	9.6 u	7.8 u
A,PC,M,Y18-24,FRB0	14.3 u	15.4 u	15.0 u	15.9 b	15.2 u	11.0 u	16.8 	16.3 u	16.8 u	9.5 u	8.6 u	9.0 u	10.6 u	8.3 bu	9.4 b	9.4 u	9.2 u	11.4 u	10.0 u	11.7 	7.6 u	9.7 bu	10.5 	8.3 u	9.6 u	7.8 u
A,PC,M,Y18-24,FRC	15.3 u	13.1 u	15.4 u	17.0 b	14.3 	15.5 	17.8 	15.6 	14.1 u	14.1 	17.9 	12.0 	11.3 	11.9 b	10.1 b	8.5 u	10.3 	12.4 	14.3 	9.8 u	12.0 	8.9 bu	7.1 u	12.7 	8.9 u	7.8 u
A,PC,M,Y18-24,FRC1	: u	: u	: u	15.3 bu	16.0 u	13.8 u	18.6 u	17.0 u	16.7 u	17.4 u	21.7 	11.7 u	8.9 u	13.2 bu	10.8 bu	6.8 u	9.9 u	10.3 u	17.2 u	11.0 u	12.4 u	: bu	: u	15.3 u	9.5 u	: u
A,PC,M,Y18-24,FRC2	: u	: u	: u	18.9 bu	: u	17.7 u	16.8 u	: u	: u	: u	13.6 u	: u	14.7 u	10.4 bu	9.2 bu	10.9 u	11.0 u	16.6 u	: u	: u	11.5 u	: bu	: u	: u	: u	: u
A,PC,M,Y18-24,FRD	14.0 u	16.8 u	15.5 u	16.8 b	13.5 	14.4 	14.0 	15.3 	16.5 	17.5 	15.2 	13.6 	17.3 	9.3 b	8.8 b	7.2 u	7.9 u	8.6 	12.6 	14.6 	8.9 	12.4 b	11.4 	12.8 	11.8 	15.5 
A,PC,M,Y18-24,FRD1	: u	: u	: u	17.2 bu	: u	13.5 u	: u	: u	: u	16.4 u	12.0 u	10.8 u	14.8 u	8.3 bu	7.0 bu	5.8 u	4.8 u	8.1 u	10.0 u	15.1 u	: u	12.0 bu	13.5 u	12.3 u	10.3 u	22.9 
A,PC,M,Y18-24,FRD2	: u	16.6 u	17.4 u	16.4 bu	17.1 u	15.1 u	16.1 u	19.2 	20.8 	18.0 	17.7 	15.6 	19.0 	9.9 bu	10.0 bu	8.2 u	10.4 u	9.2 u	14.5 	14.3 	10.2 u	12.7 bu	9.8 u	13.2 	12.9 u	10.4 u
A,PC,M,Y18-24,FRE	20.3 	19.0 	17.9 	14.7 b	17.1 	19.6 	19.5 	18.6 	16.1 	17.8 	18.1 	19.3 	17.9 	14.1 b	12.5 b	13.4 	12.0 	11.7 	13.8 	12.3 	12.5 	11.6 b	12.7 	13.0 	9.3 	9.8 
A,PC,M,Y18-24,FRE1	18.8 	19.0 	17.6 	13.3 b	15.7 	19.3 	18.6 	17.1 	17.3 	17.2 	16.2 	18.7 	16.6 	13.0 b	11.3 b	13.2 	12.0 	10.4 	13.1 	12.7 	13.2 	10.9 b	10.5 	10.1 	8.2 	10.4 
A,PC,M,Y18-24,FRE2	24.4 u	19.0 u	18.7 u	18.3 bu	20.3 	20.6 u	21.7 	22.0 	13.3 u	19.6 	23.2 	20.7 	20.9 	16.7 b	15.1 b	13.9 	11.9 u	16.0 u	15.6 	11.6 u	10.9 u	13.3 b	17.9 	19.7 	11.9 u	8.4 u
A,PC,M,Y18-24,FRF	16.2 	15.3 	16.2 	14.8 b	15.2 	15.0 	12.4 	14.7 	13.7 	13.5 	14.2 	12.6 	15.5 	10.8 b	9.1 b	10.1 	9.7 	10.5 	12.2 	9.6 	15.0 	8.6 b	8.3 	9.9 	10.9 	8.8 
A,PC,M,Y18-24,FRF1	17.3 u	16.1 u	15.3 u	12.3 bu	15.7 u	16.5 u	12.6 u	13.7 u	10.8 u	: u	12.8 u	12.8 u	12.9 u	9.1 bu	5.7 bu	8.8 u	9.2 u	10.2 u	10.4 u	9.6 u	16.7 	7.4 bu	: u	7.8 u	: u	: u
A,PC,M,Y18-24,FRF2	: u	: u	: u	16.5 bu	15.4 u	12.9 u	: u	19.8 u	17.8 u	19.4 u	15.1 u	14.0 u	19.1 u	12.3 bu	10.3 bu	14.8 u	14.0 u	12.0 u	13.3 u	12.2 u	15.4 u	11.1 bu	11.4 u	14.1 u	17.3 u	15.5 u
A,PC,M,Y18-24,FRF3	13.0 u	14.2 u	15.7 u	15.5 b	14.7 	15.0 	12.7 	12.6 u	13.5 u	13.1 	14.7 	11.7 	15.5 	11.1 b	11.3 bu	8.5 u	7.8 u	9.8 u	13.1 	8.0 u	13.5 	7.9 bu	7.9 u	9.2 u	12.3 	6.8 u
A,PC,M,Y18-24,FRG	12.6 u	12.6 u	10.7 u	9.5 bu	9.5 u	12.4 	14.5 	13.7 	10.3 u	11.2 	11.5 	10.2 	10.5 	7.1 b	7.6 b	6.6 u	9.4 	9.3 	9.8 	9.0 	8.9 	8.9 b	7.8 	8.9 	6.2 u	8.6 
A,PC,M,Y18-24,FRG0	12.6 u	12.6 u	10.7 u	9.5 bu	9.5 u	12.4 	14.5 	13.7 	10.3 u	11.2 	11.5 	10.2 	10.5 	7.1 b	7.6 b	6.6 u	9.4 	9.3 	9.8 	9.0 	8.9 	8.9 b	7.8 	8.9 	6.2 u	8.6 
A,PC,M,Y18-24,FRH	: u	: u	10.4 u	11.1 bu	6.8 u	6.7 u	10.3 u	: u	: u	6.0 u	11.4 	11.2 	9.7 u	8.7 bu	5.5 bu	7.3 u	5.5 u	6.8 u	6.0 u	6.5 u	6.6 u	4.9 bu	4.4 u	9.1 	4.1 u	6.9 u
A,PC,M,Y18-24,FRH0	: u	: u	10.4 u	11.1 bu	6.8 u	6.7 u	10.3 u	: u	: u	6.0 u	11.4 	11.2 	9.7 u	8.7 bu	5.5 bu	7.3 u	5.5 u	6.8 u	6.0 u	6.5 u	6.6 u	4.9 bu	4.4 u	9.1 	4.1 u	6.9 u
A,PC,M,Y18-24,FRI	13.8 	15.1 	13.8 	11.2 b	12.4 	13.8 	10.1 	13.4 	13.5 	12.7 	12.8 	12.9 	12.5 	9.8 b	9.8 b	7.8 	11.0 	7.5 	7.9 	7.5 	8.2 	8.0 b	10.0 	7.1 	8.2 	8.4 
A,PC,M,Y18-24,FRI1	16.4 u	16.7 u	13.9 u	9.7 bu	13.3 	15.8 	10.5 u	13.8 	11.7 u	14.2 	12.7 	13.8 	13.6 	9.8 b	8.3 bu	6.6 u	9.4 	7.9 	7.9 u	7.4 u	10.0 	8.5 b	8.2 	4.2 u	7.7 u	7.7 u
A,PC,M,Y18-24,FRI2	: u	: u	: u	: bu	: u	: u	: u	: u	: u	: u	: u	: u	: u	10.1 bu	10.9 bu	11.3 u	6.8 u	3.7 u	: u	: u	: u	: bu	: u	: u	: u	: u
A,PC,M,Y18-24,FRI3	: u	: u	: u	11.6 bu	: u	: u	: u	12.2 u	16.5 u	: u	15.5 u	12.9 u	9.4 u	9.7 bu	11.9 bu	9.0 u	16.3 u	8.2 u	: u	8.9 u	: u	8.2 bu	14.0 	12.0 u	7.8 u	8.9 u
A,PC,M,Y18-24,FRJ	16.2 	15.8 	15.2 	15.2 b	14.0 	14.4 	17.3 	17.7 	11.8 	15.0 	16.3 	17.4 	13.5 	10.9 b	8.1 b	9.8 	10.0 	12.0 	7.7 	10.3 	6.4 	10.8 b	10.8 	8.4 	8.2 	7.7 
A,PC,M,Y18-24,FRJ1	21.1 u	22.1 u	17.1 u	18.0 b	16.8 	20.9 	26.0 	23.6 	15.1 	21.1 	25.0 	18.7 	16.9 	16.2 b	8.5 bu	11.5 	12.7 	18.5 	9.3 u	10.4 	: u	13.8 b	12.7 	10.4 	10.9 	10.5 
A,PC,M,Y18-24,FRJ2	12.0 u	10.6 u	13.7 u	12.8 bu	11.2 u	8.7 u	9.8 u	12.4 u	9.0 u	10.5 	9.0 	16.2 	9.7 u	6.5 bu	7.8 bu	8.2 u	7.1 u	6.5 u	6.3 u	10.2 	7.5 	8.2 b	9.2 	6.8 u	5.5 u	5.2 u
A,PC,M,Y18-24,FRK	13.0 	12.3 	11.9 	14.4 b	12.6 	13.2 	13.1 	15.4 	11.5 	14.1 	15.6 	12.9 	11.0 	9.6 b	8.2 b	9.7 	9.0 	9.3 	8.7 	6.6 	8.5 	9.5 b	8.9 	9.7 	10.6 	6.6 
A,PC,M,Y18-24,FRK1	: u	: u	: u	: bu	: u	: u	: u	: u	: u	: u	10.3 u	13.8 u	13.1 u	10.3 bu	10.8 bu	7.3 u	5.9 u	11.0 u	: u	: u	: u	14.1 bu	12.7 u	10.4 u	13.7 u	: u
A,PC,M,Y18-24,FRK2	13.1 	12.5 	12.0 	15.4 b	13.8 	13.7 	14.2 	16.7 	12.6 	15.3 	16.6 	12.7 	10.6 	9.5 b	7.7 b	10.2 	9.5 	9.1 	8.9 	7.0 	8.8 	8.7 b	8.3 	9.5 	10.1 	6.1 
A,PC,M,Y18-24,FRL	15.2 u	18.2 	19.3 	19.2 b	16.4 	19.4 	21.6 	16.3 	15.9 	18.8 	21.3 	21.6 	16.2 	11.6 b	12.4 b	10.1 	11.9 	12.9 	12.9 	9.8 	10.5 	10.5 b	8.3 	9.0 	10.8 	9.7 
A,PC,M,Y18-24,FRL0	15.2 u	18.2 	19.3 	19.2 b	16.4 	19.4 	21.6 	16.3 	15.9 	18.8 	21.3 	21.6 	16.2 	11.6 b	12.4 b	10.1 	11.9 	12.9 	12.9 	9.8 	10.5 	10.5 b	8.3 	9.0 	10.8 	9.7 
A,PC,M,Y18-24,FRM	: u	: u	: u	: bu	: u	: u	: u	: u	: u	: u	: u	: u	: u	: bu	9.3 bu	33.1 u	10.7 u	: u	: u	: u	: u	: bu	: u	: u	: u	: u
A,PC,M,Y18-24,FRM0	: u	: u	: u	: bu	: u	: u	: u	: u	: u	: u	: u	: u	: u	: bu	9.3 bu	33.1 u	10.7 u	: u	: u	: u	: u	: bu	: u	: u	: u	: u
A,PC,M,Y18-24,FRY	: 	: 	: 	: 	: 	: 	: 	: 	: 	: 	: 	: 	: 	: 	21.3 b	20.5 	22.2 	21.9 	24.0 	20.1 	19.0 	15.4 b	17.8 	16.9 	17.3 	18.2 
A,PC,M,Y18-24,FRY1	: 	: 	: 	: 	: 	: 	: 	: 	: 	: 	: 	: 	: 	: 	18.5 bu	20.0 u	21.9 u	18.7 u	23.6 u	: u	: u	: bu	: u	: u	: u	: u
A,PC,M,Y18-24,FRY2	: 	: 	: 	: 	: 	: 	: 	: 	: 	: 	: 	: 	: 	: 	: bu	: u	: u	: u	: u	: u	: u	: bu	: u	: u	: u	: u
A,PC,M,Y18-24,FRY3	: 	: 	: 	: 	: 	: 	: 	: 	: 	: 	: 	: 	: 	: 	36.5 bu	35.0 u	38.1 u	30.8 u	32.0 u	29.1 u	28.8 u	: bu	32.0 u	23.7 u	35.7 u	31.9 u
A,PC,M,Y18-24,FRY4	: 	: 	: 	: 	: 	: 	: 	: 	: 	: 	: 	: 	: 	: 	19.9 b	17.7 	19.5 	22.2 	26.3 	20.1 	20.6 	14.0 bu	17.0 	14.7 u	15.5 	17.0 
A,PC,M,Y18-24,HR	: 	: 	9.2 u	9.2 u	6.2 u	6.0 bu	5.3 bu	5.4 b	4.2 u	4.4 u	4.8 bu	4.9 u	5.8 	5.4 u	3.2 bu	3.4 u	3.4 u	3.7 u	3.3 u	3.0 u	2.3 u	2.9 bu	2.9 u	2.7 u	2.6 u	2.6 u
A,PC,M,Y18-24,HR0	: 	: 	9.2 u	9.2 u	6.2 u	6.0 bu	5.3 bu	5.4 b	4.2 u	4.4 u	4.8 bu	4.9 u	5.8 	5.4 u	3.2 bu	3.4 u	3.4 u	3.7 u	3.3 u	3.0 u	2.3 u	2.9 bu	2.9 u	2.7 u	2.6 u	2.6 u
A,PC,M,Y18-24,HR02	: 	: 	: 	: 	: 	: 	: 	: 	: 	: 	: 	: 	: 	: 	: 	: 	7.3 u	6.0 u	5.4 u	4.8 u	4.1 u	3.2 bu	3.1 u	3.2 u	3.0 u	3.1 u
A,PC,M,Y18-24,HR03	: 	: 	: 	: 	: 	: 	: 	4.3 bu	3.8 u	4.0 u	5.8 bu	4.1 u	6.0 u	7.2 u	2.5 bu	: u	: u	1.9 u	: u	: u	: u	2.9 bu	2.5 u	: u	2.2 u	3.1 u
A,PC,M,Y18-24,HR04	: 	: 	: 	: 	: 	: 	: 	5.8 bu	4.4 u	4.5 u	4.3 bu	5.3 u	5.7 u	4.6 u	3.5 bu	4.3 u	: 	: 	: 	: 	: 	: 	: 	: 	: 	: 
A,PC,M,Y18-24,HR05	: 	: 	: 	: 	: 	: 	: 	: 	: 	: 	: 	: 	: 	: 	: 	: 	: u	: u	: u	3.9 u	: u	: bu	: u	: u	: u	: u
A,PC,M,Y18-24,HR06	: 	: 	: 	: 	: 	: 	: 	: 	: 	: 	: 	: 	: 	: 	: 	: 	: u	4.9 u	3.4 u	: u	: u	: bu	3.8 u	5.3 u	4.6 u	: u
A,PC,M,Y18-24,HU	14.4 	13.6 b	12.5 	12.7 b	13.6 	13.7 	13.7 b	12.5 	12.4 	12.2 	11.5 	12.3 	12.3 	12.5 	12.5 b	12.0 	12.9 	12.0 	12.6 b	12.7 	12.8 	12.3 b	12.8 	12.7 	10.7 	9.5 
A,PC,M,Y18-24,HU1	12.0 	11.0 b	9.4 	8.7 b	12.7 	11.7 	10.6 b	8.9 	8.3 	7.3 	9.1 	10.4 	9.5 	8.2 	7.9 b	8.6 	10.8 	8.1 	7.9 b	7.0 	7.2 	8.2 b	9.5 	10.2 	5.7 	4.9 
A,PC,M,Y18-24,HU10	12.0 	11.0 b	9.4 	8.7 b	12.7 	11.7 	10.6 b	8.9 	8.3 	7.3 	9.1 	10.4 	9.5 	: 	: 	: 	: 	: 	: 	: 	: 	: 	: 	: 	: 	: 
A,PC,M,Y18-24,HU11	: 	: 	: 	: 	: 	: 	: 	: 	: 	: 	: 	: 	: 	4.8 u	4.8 bu	5.1 u	10.6 	7.6 u	: bu	: u	: u	6.9 bu	9.3 	9.0 	4.7 u	: u
A,PC,M,Y18-24,HU12	: 	: 	: 	: 	: 	: 	: 	: 	: 	: 	: 	: 	: 	12.1 	11.3 b	12.5 	11.1 	8.7 u	12.5 b	12.7 	12.8 	9.6 bu	9.8 u	11.8 	6.9 u	6.1 u
A,PC,M,Y18-24,HU2	12.3 	12.9 b	12.2 	12.8 b	13.2 	14.1 	14.4 b	14.2 	13.6 	14.4 	10.9 	10.0 	11.3 	13.4 	13.6 b	11.3 	11.4 	12.1 	12.7 b	13.1 	12.5 	10.8 b	11.3 	11.6 	10.2 	8.2 
A,PC,M,Y18-24,HU21	11.6 	12.6 b	12.6 	11.8 b	16.3 	16.2 	15.4 b	13.6 	10.9 	14.6 	10.3 	12.0 	12.6 	11.0 	13.6 b	11.7 	10.9 u	14.1 	11.8 bu	10.9 u	12.9 	13.3 b	9.9 u	11.3 u	10.5 u	8.0 u
A,PC,M,Y18-24,HU22	11.0 	10.6 b	8.9 u	12.7 b	10.3 	11.2 	9.2 bu	11.4 	13.7 	12.1 	7.3 u	6.5 u	9.7 u	13.3 	11.8 bu	8.4 u	8.4 u	9.2 u	10.5 bu	10.9 u	: u	: bu	: u	8.1 u	: u	: u
A,PC,M,Y18-24,HU23	14.3 	15.7 b	15.2 	14.1 b	12.8 	14.6 	18.6 b	17.7 	16.7 	16.7 	15.4 	11.2 u	11.5 u	16.3 	15.3 b	13.6 	14.9 	13.0 u	16.0 b	18.3 	17.1 	13.3 bu	17.3 	15.8 	12.7 u	12.3 u
A,PC,M,Y18-24,HU3	17.6 	15.7 b	14.7 	15.1 b	14.6 	14.6 	15.2 b	13.7 	14.0 	13.6 	13.5 	15.0 	14.8 	14.5 	14.5 b	14.5 	15.3 	14.5 	15.6 b	16.1 	16.8 	16.0 b	16.2 	15.2 	15.1 	14.2 
A,PC,M,Y18-24,HU31	18.6 	15.4 b	14.9 	14.2 b	15.5 	17.7 	18.9 b	16.5 	13.5 	14.9 	16.2 	17.9 	16.1 	20.6 	19.1 b	16.0 	17.0 	19.7 	21.6 b	21.4 	22.4 	21.5 b	22.7 	19.6 	21.3 	18.1 
A,PC,M,Y18-24,HU32	18.6 	16.3 b	15.5 	17.8 b	17.1 	15.4 	16.4 b	14.9 	16.5 	15.5 	15.3 	16.5 	18.4 	14.2 	15.8 b	15.3 	16.6 	14.3 	15.7 b	15.3 	14.7 	15.1 b	14.2 	15.0 	14.9 	15.9 
A,PC,M,Y18-24,HU33	15.7 	15.3 b	13.6 	12.7 b	10.5 	10.5 	9.8 b	9.2 	11.2 	9.9 	8.8 	10.1 	9.1 	8.9 	8.6 bu	12.1 	12.0 	9.9 	9.4 bu	11.9 	13.8 	11.8 b	12.3 	11.1 u	9.3 u	8.4 u
A,PC,M,Y18-24,IE	: 	: 	18.0 	16.2 	16.0 b	15.4 	15.5 b	16.1 b	15.8 	15.7 	14.5 	13.8 	12.0 	10.7 	8.3 b	8.6 	7.7 	6.1 b	6.1 	5.9 	5.4 	4.4 b	4.6 	5.1 	3.5 bu	4.3 
A,PC,M,Y18-24,IE0	: 	: 	18.0 	16.2 	16.0 b	15.4 	15.5 b	16.1 b	15.8 	15.7 	14.5 	13.8 	12.0 	10.7 	8.3 b	8.6 	7.7 	6.1 b	6.1 	5.9 	5.4 	4.4 b	4.6 	5.1 	3.5 bu	4.3 
A,PC,M,Y18-24,IE01	: 	: 	21.8 	18.8 	18.0 b	18.3 	18.5 b	18.3 b	18.7 	18.2 	16.3 	16.0 	: 	: 	: 	: 	: 	: 	: 	: 	: 	: 	: 	: 	: 	: 
A,PC,M,Y18-24,IE02	: 	: 	16.7 	15.4 	15.3 b	14.4 	14.5 b	15.3 b	14.8 	14.8 	13.9 	13.1 	: 	: 	: 	: 	: 	: 	: 	: 	: 	: 	: 	: 	: 	: 
A,PC,M,Y18-24,IE04	: 	: 	: 	: 	: 	: 	: 	: 	: 	: 	: 	: 	12.4 	13.3 	10.0 b	9.1 u	8.1 u	6.0 bu	8.0 u	: u	: u	: bu	: u	: u	: bu	: u
A,PC,M,Y18-24,IE05	: 	: 	: 	: 	: 	: 	: 	: 	: 	: 	: 	: 	12.5 	12.2 	9.1 b	9.2 	7.4 	5.7 b	6.9 	: u	: u	: bu	: u	: u	: bu	: u
A,PC,M,Y18-24,IE06	: 	: 	: 	: 	: 	: 	: 	: 	: 	: 	: 	: 	11.4 	8.8 	7.3 b	8.1 	7.8 	6.4 b	4.9 	5.4 u	5.2 u	5.2 bu	: u	: u	: bu	4.7 u
A,PC,M,Y18-24,IS	29.9 	35.0 	32.7 	23.0 b	28.3 	29.7 	: u	27.2 	26.2 	25.1 b	26.0 	22.2 	23.6 	24.4 	24.4 b	24.9 	23.6 	22.5 	27.6 	24.5 	17.8 b	19.6 b	21.7 	22.1 	20.0 	: 
A,PC,M,Y18-24,IS0	29.9 	35.0 	32.7 	23.0 b	28.3 	29.7 	: u	27.2 	26.2 	25.1 b	26.0 	22.2 	23.6 	24.4 	24.4 b	24.9 	23.6 	22.5 	27.6 	24.5 	17.8 b	19.6 b	21.7 	22.1 	20.0 	: 
A,PC,M,Y18-24,IS00	29.9 	35.0 	32.7 	23.0 b	28.3 	29.7 	: u	27.2 	26.2 	25.1 b	26.0 	22.2 	23.6 	24.4 	24.4 b	24.9 	23.6 	22.5 	27.6 	24.5 	17.8 b	19.6 b	21.7 	22.1 	20.0 	: 
A,PC,M,Y18-24,IT	28.5 	29.6 	27.8 	26.5 	27.0 b	25.8 	23.8 b	22.6 	22.4 	21.8 	21.8 	20.6 	20.2 	20.0 	17.7 b	17.5 	16.1 	16.6 	16.3 b	15.2 	16.9 	14.8 b	13.6 	13.1 	12.2 	10.1 
A,PC,M,Y18-24,ITC	28.2 	29.9 	27.1 	26.7 	26.8 b	24.4 	22.6 b	22.1 	21.8 	21.6 	20.8 	19.3 	18.9 	18.3 	15.7 b	15.7 	14.0 	15.1 	15.8 b	12.3 	14.9 	12.6 b	12.4 	11.4 	11.0 	8.9 
A,PC,M,Y18-24,ITC1	30.9 	32.8 	30.6 	27.5 	27.1 b	25.6 	23.1 b	20.2 	19.5 	21.9 	21.2 	18.4 	19.4 	17.5 	16.2 b	16.6 	13.7 	14.7 	15.4 b	11.2 	13.8 	10.6 b	13.3 	12.9 	10.1 	8.1 
A,PC,M,Y18-24,ITC2	: u	: u	: u	: u	: bu	: u	: bu	: u	: u	: u	: u	: u	: u	: u	: bu	: u	: u	: u	: bu	: u	: u	: bu	: u	: u	: u	: u
A,PC,M,Y18-24,ITC3	23.7 	24.8 	25.0 	27.7 	24.5 b	18.3 	16.4 b	18.8 	15.0 	14.2 	16.8 	18.3 	19.1 	13.7 	15.7 b	13.3 	10.2 	12.7 	13.1 b	12.7 	14.2 	15.6 b	12.8 	11.8 	14.5 	12.8 
A,PC,M,Y18-24,ITC4	27.7 	29.2 	25.8 	26.2 	26.9 b	24.7 	23.3 b	23.2 	23.7 	22.5 	21.2 	19.6 	18.6 	19.2 	15.4 b	15.7 	14.6 	15.6 	16.3 b	12.6 	15.5 	12.9 b	11.9 	10.8 	10.8 	8.6 
A,PC,M,Y18-24,ITF	29.8 	31.1 	29.0 	27.7 	29.8 b	28.0 	27.0 b	26.7 	25.4 	24.3 	24.0 	21.6 	22.3 	23.0 	20.5 b	19.4 	19.1 	20.0 	19.2 b	19.2 	20.5 	17.7 b	15.3 	16.3 	13.1 	9.5 
A,PC,M,Y18-24,ITF1	18.5 	21.7 	15.2 	10.9 	21.3 b	17.3 	17.8 b	18.8 	18.3 	16.8 	17.2 	13.9 	14.6 	15.2 	14.1 b	23.2 	17.1 	7.1 	10.3 b	15.1 	15.1 	11.6 b	11.8 	13.4 	12.1 	6.2 u
A,PC,M,Y18-24,ITF2	21.3 	24.4 	24.2 	23.2 	20.4 b	20.5 	20.2 b	20.5 	19.4 u	19.4 u	17.2 u	16.5 u	: u	18.6 u	18.1 bu	12.8 u	14.4 u	13.9 u	: bu	14.2 u	: u	: bu	: u	: u	: u	: u
A,PC,M,Y18-24,ITF3	32.2 	33.2 	31.2 	29.9 	31.3 b	30.3 	28.5 b	29.0 	26.8 	23.8 	24.0 	22.5 	24.9 	26.0 	22.3 b	19.4 	18.9 	20.3 	18.3 b	18.7 	22.0 	18.4 b	16.9 	19.3 	15.7 	9.6 
A,PC,M,Y18-24,ITF4	32.3 	31.9 	31.7 	31.3 	34.3 b	33.2 	31.3 b	28.4 	28.9 	30.6 	30.0 	23.8 	23.5 	23.3 	20.1 b	20.5 	21.1 	23.3 	21.7 b	21.1 	20.9 	19.6 b	17.1 	14.8 	11.9 	11.3 
A,PC,M,Y18-24,ITF5	28.0 	32.2 	27.9 	24.7 	20.9 b	22.2 	20.7 b	18.6 	18.8 	14.6 	16.6 	18.4 	18.1 	16.7 	14.0 b	11.8 	17.5 	15.9 	13.7 b	14.7 	17.1 	11.2 bu	7.9 u	10.4 u	10.6 u	9.9 u
A,PC,M,Y18-24,ITF6	25.4 	28.4 	25.6 	24.5 	25.0 b	19.7 	21.7 b	23.8 	21.5 	21.5 	19.2 	20.8 	18.8 	20.1 	21.8 b	17.9 	17.7 	21.8 	25.0 b	21.2 	20.5 	18.6 b	11.5 	13.6 	9.5 	7.8 
A,PC,M,Y18-24,ITG	36.2 	37.3 	36.7 	33.9 	36.3 b	35.5 	32.2 b	28.5 	28.6 	28.8 	29.5 	28.6 	28.7 	28.6 	27.9 b	29.2 	26.9 	24.7 	24.5 b	23.9 	23.8 	23.0 b	20.6 	19.6 	17.5 	16.8 
A,PC,M,Y18-24,ITG1	36.0 	36.1 	35.0 	33.4 	35.5 b	33.7 	31.8 b	29.0 	29.2 	29.0 	29.1 	27.7 	28.3 	28.9 	27.4 b	28.8 	27.7 	24.3 	23.4 b	24.4 	25.6 	24.8 b	20.6 	18.6 	17.3 	16.5 
A,PC,M,Y18-24,ITG2	36.8 	41.0 	42.0 	35.3 	39.0 b	41.3 	33.4 b	26.8 	26.6 	28.0 	31.3 	31.8 	30.1 	27.2 	29.6 b	30.5 	23.6 	26.3 	28.4 b	22.0 	16.9 	16.7 b	20.7 	23.4 	18.2 	18.0 
A,PC,M,Y18-24,ITH	24.9 	25.9 	24.4 	23.7 	22.0 b	22.0 	19.9 b	17.6 	18.9 	19.0 	17.4 	17.0 	15.8 	15.2 	12.4 b	12.3 	9.7 	11.1 	11.5 b	11.1 	12.3 	11.2 b	11.7 	11.0 	11.4 	8.8 
A,PC,M,Y18-24,ITH1	24.4 	39.5 	38.3 	41.0 	37.7 b	33.7 	30.9 b	28.1 	25.2 	23.7 	28.6 	23.0 	23.2 	17.8 	15.8 b	16.0 	15.1 	14.6 	10.6 bu	13.9 	16.4 	15.9 bu	15.7 u	20.6 	17.8 	10.8 u
A,PC,M,Y18-24,ITH2	20.0 	17.6 	13.0 u	18.9 	14.3 bu	15.8 	12.1 bu	12.8 u	16.4 	15.2 	13.5 u	11.9 u	17.3 	13.2 	9.7 bu	8.7 u	9.1 u	10.4 u	9.1 bu	: u	9.4 u	10.1 bu	11.1 u	11.2 u	8.9 u	8.4 u
A,PC,M,Y18-24,ITH3	25.5 	24.9 	24.5 	21.4 	22.2 b	21.0 	17.1 b	14.6 	17.6 	20.2 	17.3 	19.6 	15.8 	12.8 	8.9 b	9.4 	6.7 	10.4 	11.1 b	9.1 	13.4 	11.2 b	12.8 	13.3 	13.1 	10.5 
A,PC,M,Y18-24,ITH4	20.6 	21.0 	19.0 	22.1 	14.8 b	20.8 	22.6 b	16.2 	18.1 	17.0 	13.7 	14.2 	13.2 	15.7 	16.0 b	9.3 	9.4 	13.1 	10.6 b	9.8 	10.5 	9.6 b	9.9 	7.8 u	11.5 	7.6 u
A,PC,M,Y18-24,ITH5	: 	: 	: 	: 	: 	22.7 	22.0 b	20.8 	20.0 	17.8 	17.4 	14.5 	15.2 	17.8 	15.6 b	16.4 	12.6 	11.1 	12.5 b	13.8 	11.3 	11.2 b	10.5 	7.7 	8.8 	6.9 
A,PC,M,Y18-24,ITI	24.3 	24.1 	23.1 	21.3 	20.4 b	20.1 	17.0 b	16.5 	16.6 	15.4 	17.9 	18.3 	16.8 	15.9 	14.1 b	13.8 	13.2 	13.3 	12.4 b	12.4 	14.7 	12.3 b	10.7 	9.7 	10.5 	9.7 
A,PC,M,Y18-24,ITI1	31.1 	27.9 	26.3 	25.3 	26.7 b	22.5 	20.2 b	22.3 	20.2 	17.4 	20.2 	22.8 	20.2 	20.3 	16.7 b	16.6 	14.2 	13.0 	11.1 b	12.0 	14.9 	12.7 b	15.0 	12.9 	12.5 	11.5 
A,PC,M,Y18-24,ITI2	20.8 	17.2 	17.9 	16.3 	15.4 b	16.6 	16.3 b	14.9 	16.2 	16.5 	16.0 	10.7 	12.7 	11.1 	8.8 b	8.1 u	7.6 u	10.0 	9.5 b	10.3 	12.5 	11.6 bu	10.0 u	7.3 u	: u	6.1 u
A,PC,M,Y18-24,ITI3	: 	: 	: 	: 	: 	20.5 	19.6 b	18.3 	14.9 	15.5 	18.9 	13.6 	18.3 	15.3 	12.4 b	11.9 	13.0 	14.8 	12.6 b	11.4 	12.0 	11.7 b	7.1 	8.3 	11.2 	10.5 
A,PC,M,Y18-24,ITI4	20.7 	23.4 	22.0 	19.8 	17.8 b	19.1 	14.4 b	12.8 	15.0 	13.9 	16.6 	18.1 	15.0 	14.2 	13.8 b	13.5 	13.4 	13.4 	13.6 b	13.2 	15.7 	12.3 b	9.1 	8.3 	10.0 	8.9 
A,PC,M,Y18-24,LT	20.0 b	19.0 	15.4 b	13.6 	11.9 bu	11.0 u	11.5 bu	10.1 u	10.2 u	11.6 	9.8 	10.0 	8.1 	7.8 	7.0 b	6.9 	6.0 	7.0 	6.1 	5.1 	7.7 	6.3 b	5.5 	6.6 	10.0 	6.6 
A,PC,M,Y18-24,LT0	20.0 b	19.0 	15.4 b	13.6 	11.9 bu	11.0 u	11.5 bu	10.1 u	10.2 u	11.6 	9.8 	10.0 	8.1 	7.8 	7.0 b	6.9 	6.0 	7.0 	6.1 	5.1 	7.7 	6.3 b	5.5 	6.6 	10.0 	6.6 
A,PC,M,Y18-24,LT00	20.0 b	19.0 	15.4 b	13.6 	11.9 bu	11.0 u	11.5 bu	10.1 u	10.2 u	11.6 	9.8 	10.0 	8.1 	: 	: 	: 	: 	: 	: 	: 	: 	: 	: 	: 	: 	: 
A,PC,M,Y18-24,LT01	: 	: 	: 	: 	: 	: 	: 	: 	: 	: 	: 	: 	: 	4.4 u	7.2 bu	6.1 u	: u	3.9 u	: u	: u	5.1 u	: bu	: u	5.1 u	6.6 u	3.2 u
A,PC,M,Y18-24,LT02	: 	: 	: 	: 	: 	: 	: 	: 	: 	: 	: 	: 	: 	9.0 	6.9 b	7.2 	7.4 	8.1 	7.2 	6.1 	8.6 	8.0 b	7.2 	7.5 	11.7 	8.6 
A,PC,M,Y18-24,LU	15.9 	19.0 	14.4 	14.3 b	12.6 	17.0 	17.6 b	16.6 b	15.8 	8.9 b	8.0 	7.6 	10.7 	8.4 	8.3 b	10.5 b	6.8 	9.8 	6.8 	8.9 	10.7 	10.4 b	9.0 	8.5 u	10.7 u	: u
A,PC,M,Y18-24,LU0	15.9 	19.0 	14.4 	14.3 b	12.6 	17.0 	17.6 b	16.6 b	15.8 	8.9 b	8.0 	7.6 	10.7 	8.4 	8.3 b	10.5 b	6.8 	9.8 	6.8 	8.9 	10.7 	10.4 b	9.0 	8.5 u	10.7 u	: u
A,PC,M,Y18-24,LU00	15.9 	19.0 	14.4 	14.3 b	12.6 	17.0 	17.6 b	16.6 b	15.8 	8.9 b	8.0 	7.6 	10.7 	8.4 	8.3 b	10.5 b	6.8 	9.8 	6.8 	8.9 	10.7 	10.4 b	9.0 	8.5 u	10.7 u	: u
A,PC,M,Y18-24,LV	: 	: 	21.8 b	21.8 b	21.0 	19.0 	19.3 b	20.6 	20.0 	17.6 	16.7 	15.8 	14.7 	13.6 	11.7 b	13.4 	13.7 	12.0 	11.4 	10.5 	9.5 	8.9 b	9.3 	10.0 	9.6 	11.6 
A,PC,M,Y18-24,LV0	: 	: 	21.8 b	21.8 b	21.0 	19.0 	19.3 b	20.6 	20.0 	17.6 	16.7 	15.8 	14.7 	13.6 	11.7 b	13.4 	13.7 	12.0 	11.4 	10.5 	9.5 	8.9 b	9.3 	10.0 	9.6 	11.6 
A,PC,M,Y18-24,LV00	: 	: 	21.8 b	21.8 b	21.0 	19.0 	19.3 b	20.6 	20.0 	17.6 	16.7 	15.8 	14.7 	13.6 	11.7 b	13.4 	13.7 	12.0 	11.4 	10.5 	9.5 	8.9 b	9.3 	10.0 	9.6 	11.6 
A,PC,M,Y18-24,ME	: 	: 	: 	: 	: 	: 	: 	: 	: 	: 	: 	7.6 	6.6 	6.0 	5.8 bu	4.9 u	4.3 u	5.6 u	4.4 u	5.2 u	: u	: 	: 	: 	: 	: 
A,PC,M,Y18-24,ME0	: 	: 	: 	: 	: 	: 	: 	: 	: 	: 	: 	7.6 	6.6 	6.0 	5.8 bu	4.9 u	4.3 u	5.6 u	4.4 u	5.2 u	: u	: 	: 	: 	: 	: 
A,PC,M,Y18-24,ME00	: 	: 	: 	: 	: 	: 	: 	: 	: 	: 	: 	7.6 	6.6 	6.0 	5.8 bu	4.9 u	4.3 u	5.6 u	4.4 u	5.2 u	: u	: 	: 	: 	: 	: 
A,PC,M,Y18-24,MK	: 	: 	: 	: 	: 	: 	19.9 	17.9 b	17.6 	14.1 	13.7 	11.9 	11.1 	9.1 	11.0 b	10.0 	8.9 	8.3 	5.6 	5.9 	5.7 	5.4 b	5.5 	8.6 	8.9 	10.4 
A,PC,M,Y18-24,MK0	: 	: 	: 	: 	: 	: 	19.9 	17.9 b	17.6 	14.1 	13.7 	11.9 	11.1 	9.1 	11.0 b	10.0 	8.9 	8.3 	5.6 	5.9 	5.7 	5.4 b	5.5 	8.6 	8.9 	10.4 
A,PC,M,Y18-24,MK00	: 	: 	: 	: 	: 	: 	19.9 	17.9 b	17.6 	14.1 	13.7 	11.9 	11.1 	9.1 	11.0 b	10.0 	8.9 	8.3 	5.6 	5.9 	5.7 	5.4 b	5.5 	8.6 	8.9 	10.4 
A,PC,M,Y18-24,MT	52.5 d	55.3 d	56.5 d	51.7 d	44.3 d	37.4 b	36.1 b	34.8 	31.1 	30.1 	28.3 	24.2 b	22.6 	19.6 	18.7 b	19.2 	19.1 	16.4 	14.1 	14.2 	14.9 	11.9 b	11.9 	12.5 	11.4 	11.2 
A,PC,M,Y18-24,MT0	52.5 d	55.3 d	56.5 d	51.7 d	44.3 d	37.4 b	36.1 b	34.8 	31.1 	30.1 	28.3 	24.2 b	22.6 	19.6 	18.7 b	19.2 	19.1 	16.4 	14.1 	14.2 	14.9 	11.9 b	11.9 	12.5 	11.4 	11.2 
A,PC,M,Y18-24,MT00	52.5 d	55.3 d	56.5 d	51.7 d	44.3 d	37.4 b	36.1 b	34.8 	31.1 	30.1 	28.3 	24.2 b	22.6 	19.6 	18.7 b	19.2 	19.1 	16.4 	14.1 	14.2 	14.9 	11.9 b	11.9 	12.5 	11.4 	11.2 
A,PC,M,Y18-24,NL	16.6 	16.3 	16.8 	15.6 b	16.4 	16.9 b	15.5 b	14.5 	13.8 	13.6 	12.4 	11.1 	10.5 	11.2 b	10.6 b	9.9 	10.1 	9.4 	9.3 	9.5 b	8.7 	6.5 b	6.8 	7.2 	8.8 	9.4 
A,PC,M,Y18-24,NL1	12.6 	13.5 	15.6 	14.3 b	15.2 	15.4 b	15.5 b	13.8 	13.4 	13.4 	12.8 	9.8 	9.7 	11.3 b	11.5 b	9.2 	8.3 	8.3 	8.1 	9.7 b	7.1 	5.0 b	5.9 	7.2 	8.9 	9.3 
A,PC,M,Y18-24,NL11	7.9 u	10.7 	12.1 	9.8 b	10.5 	11.0 b	13.1 b	8.7 	12.4 	9.0 	7.1 u	7.3 u	9.6 	8.1 bu	7.9 bu	6.5 u	5.7 u	4.8 u	4.6 u	7.2 b	7.0 	: bu	: u	: u	7.5 u	5.8 u
A,PC,M,Y18-24,NL12	17.5 u	12.9 	16.1 	15.1 b	14.4 	19.0 b	16.3 b	19.0 	13.4 	16.1 	17.1 	11.1 	9.3 	14.8 b	14.8 b	12.2 	10.4 	10.9 	8.8 	12.5 b	7.7 u	: bu	8.3 u	8.3 u	7.8 u	12.0 
A,PC,M,Y18-24,NL13	13.7 u	20.2 	20.7 	20.4 b	23.0 	18.4 b	18.8 b	16.0 	15.8 	18.3 	17.8 	12.4 u	10.3 u	11.2 bu	12.7 bu	10.1 u	10.0 u	11.2 u	13.9 	9.7 bu	: u	: bu	: u	9.0 u	12.6 u	11.7 u
A,PC,M,Y18-24,NL2	19.3 	16.4 	15.5 	15.1 b	17.6 	18.4 b	16.3 b	13.9 	13.0 	11.7 	10.5 	9.7 	10.0 	11.3 b	10.1 b	9.2 	10.3 	10.8 	10.2 	7.8 b	7.7 	7.3 b	6.9 	7.5 	8.6 	9.2 
A,PC,M,Y18-24,NL21	15.0 	15.5 	16.6 	13.1 b	16.2 	17.1 b	13.7 b	9.6 	11.5 	11.4 	8.8 	9.0 	8.0 	8.7 b	9.1 b	8.3 	11.0 	9.7 	11.1 	6.2 b	7.0 	5.3 b	7.2 	7.6 	10.0 	9.8 
A,PC,M,Y18-24,NL22	21.9 	16.7 	15.1 	16.3 b	18.7 	18.7 b	18.5 b	15.8 	13.2 	11.1 	11.1 	9.8 	11.0 	12.7 b	10.4 b	8.5 	9.6 	11.5 	9.1 	7.7 b	7.1 	7.7 b	6.0 	7.0 	8.0 	8.1 
A,PC,M,Y18-24,NL23	18.7 u	17.9 u	13.8 u	15.6 bu	16.2 u	21.4 b	13.6 bu	17.9 	15.7 	15.0 	13.1 u	11.6 u	10.8 u	12.0 bu	11.9 bu	15.6 	11.5 u	10.4 u	13.8 u	13.4 bu	12.9 	12.4 bu	10.9 u	9.8 u	7.2 u	12.5 u
A,PC,M,Y18-24,NL3	15.9 	16.2 	17.5 	16.2 b	16.5 	16.3 b	14.9 b	14.2 	14.0 	14.7 	12.9 	11.8 	10.4 	10.7 b	10.7 b	9.9 	10.0 	9.0 	8.5 	9.3 b	8.8 	6.8 b	6.6 	7.3 	8.6 	8.7 
A,PC,M,Y18-24,NL31	11.8 u	17.0 	18.1 	12.2 b	13.8 	11.4 b	11.9 b	10.2 	9.7 	10.9 	9.4 	9.2 	8.6 	9.0 b	7.6 b	8.6 	8.8 	7.2 	8.0 	: 	: 	: 	: 	: 	: 	: 
A,PC,M,Y18-24,NL32	20.0 	16.1 	15.9 	14.7 b	17.1 	14.8 b	14.4 b	15.0 	12.9 	15.6 	13.2 	12.6 	9.6 	8.8 b	8.8 b	9.6 	9.5 	8.3 	7.6 	8.3 b	9.2 	6.2 b	7.0 	8.1 	8.7 	10.5 
A,PC,M,Y18-24,NL33	14.1 	16.2 	18.8 	18.3 b	17.1 	18.8 b	16.3 b	15.3 	15.8 	14.9 	13.5 	11.9 	11.1 	11.6 b	12.6 b	10.3 	10.2 	9.8 	9.2 	: 	: 	: 	: 	: 	: 	: 
A,PC,M,Y18-24,NL34	19.8 u	15.0 u	14.0 u	16.7 bu	15.1 u	14.8 bu	12.5 bu	: u	18.9 u	20.4 	17.5 	13.9 u	13.9 u	22.0 b	16.2 bu	12.1 u	16.4 u	13.1 u	: u	: bu	: u	12.6 bu	: u	: u	13.7 u	11.3 u
A,PC,M,Y18-24,NL35	: 	: 	: 	: 	: 	: 	: 	: 	: 	: 	: 	: 	: 	: 	: 	: 	: 	: 	: 	8.6 b	8.7 	5.4 b	2.7 u	5.0 	8.0 	7.5 
A,PC,M,Y18-24,NL36	: 	: 	: 	: 	: 	: 	: 	: 	: 	: 	: 	: 	: 	: 	: 	: 	: 	: 	: 	10.2 b	8.5 	7.2 b	7.7 	7.7 	8.4 	7.8 
A,PC,M,Y18-24,NL4	17.7 	17.6 	17.0 	15.4 b	15.7 	17.4 b	15.9 b	16.0 	14.5 	12.9 	13.0 	11.5 	11.8 	12.0 b	10.2 b	11.0 	11.1 	9.5 	10.4 	11.8 b	10.4 	5.6 b	7.5 	6.6 	9.3 	11.5 
A,PC,M,Y18-24,NL41	17.0 	16.8 	16.6 	15.5 b	15.4 	17.7 b	15.5 b	15.1 	15.0 	13.2 	12.4 	11.1 	11.8 	12.1 b	10.0 b	11.3 	10.8 	9.3 	10.0 	11.8 b	10.1 	5.2 b	6.3 	6.0 	8.0 	10.5 
A,PC,M,Y18-24,NL42	19.4 	19.7 	18.0 	15.3 b	16.4 	16.6 b	16.8 b	18.0 	13.3 	12.3 	14.2 	12.4 	11.8 	11.8 b	10.5 b	10.2 	11.6 	9.9 	11.5 	12.0 b	11.2 	6.5 b	10.4 	8.2 	12.4 	14.1 
A,PC,M,Y18-24,NO	: 	: 	: 	: 	: 	: 	22.5 	22.7 	21.0 	21.8 	21.4 	19.9 	17.6 	15.7 	12.9 b	12.4 	12.9 	12.8 	12.3 	11.6 	11.6 	12.1 b	3.1 u	3.6 u	3.4 u	4.6 
A,PC,M,Y18-24,NO0	: 	: 	: 	: 	: 	: 	22.5 	22.7 	21.0 	21.8 	21.4 	19.9 	17.6 	15.7 	12.9 b	12.4 	12.9 	12.8 	12.3 	11.6 	11.6 	12.1 b	3.1 u	3.6 u	3.4 u	4.6 
A,PC,M,Y18-24,NO01	: 	: 	: 	: 	: 	: 	20.9 	22.5 	20.3 	21.2 	20.4 	11.7 	12.0 	13.3 	9.7 b	8.0 	: 	: 	: 	: 	: 	: 	: 	: 	: 	: 
A,PC,M,Y18-24,NO02	: 	: 	: 	: 	: 	: 	23.9 	27.2 	26.7 	24.7 	24.2 	28.3 	26.2 	16.5 	18.3 b	15.5 	9.3 u	: u	: u	: u	: u	: bu	: u	: u	: u	: u
A,PC,M,Y18-24,NO03	: 	: 	: 	: 	: 	: 	23.9 	23.4 	20.6 	20.8 	17.5 	21.2 	20.2 	18.3 	15.6 b	14.8 	: 	: 	: 	: 	: 	: 	: 	: 	: 	: 
A,PC,M,Y18-24,NO04	: 	: 	: 	: 	: 	: 	21.9 	23.1 	25.1 	24.5 	24.3 	21.0 	19.5 	16.3 	13.5 b	10.1 	: 	: 	: 	: 	: 	: 	: 	: 	: 	: 
A,PC,M,Y18-24,NO05	: 	: 	: 	: 	: 	: 	19.9 	19.7 	18.0 	19.7 	20.2 	22.1 	15.2 	14.3 	10.0 b	10.7 	: 	: 	: 	: 	: 	: 	: 	: 	: 	: 
A,PC,M,Y18-24,NO06	: 	: 	: 	: 	: 	: 	18.8 	17.8 	17.1 	19.5 	20.5 	18.6 	18.6 	13.8 	10.4 b	14.3 	16.0 	: u	: u	: u	: u	: bu	: u	: u	: u	: u
A,PC,M,Y18-24,NO07	: 	: 	: 	: 	: 	: 	30.2 	27.2 	21.8 	23.6 	27.3 	27.1 	19.5 	18.6 	18.4 b	20.2 	17.6 	: u	: u	: u	: u	: bu	: u	: u	: u	: u
A,PC,M,Y18-24,NO08	: 	: 	: 	: 	: 	: 	: 	: 	: 	: 	: 	: 	: 	: 	: 	: 	11.5 	12.9 	10.8 u	10.9 u	11.9 u	13.4 b	: u	: u	: u	: u
A,PC,M,Y18-24,NO09	: 	: 	: 	: 	: 	: 	: 	: 	: 	: 	: 	: 	: 	: 	: 	: 	12.6 	: u	: u	: u	: u	: bu	: u	: u	: u	: u
A,PC,M,Y18-24,NO0A	: 	: 	: 	: 	: 	: 	: 	: 	: 	: 	: 	: 	: 	: 	: 	: 	12.7 	13.4 u	15.3 u	12.1 u	9.9 u	9.8 bu	: u	: u	: u	: u
A,PC,M,Y18-24,PL	: 	9.0 	8.9 	7.6 b	7.3 b	6.8 	6.9 	6.2 	6.1 b	6.6 	7.2 b	7.4 	7.8 	7.9 	7.3 b	7.2 	6.4 b	6.0 	5.8 	6.6 b	6.9 	7.2 b	5.8 	4.9 	4.8 	5.0 
A,PC,M,Y18-24,PL2	: 	7.8 	8.1 	6.0 b	5.3 b	5.9 	5.4 	4.1 	4.6 b	4.7 	4.8 b	6.2 	6.4 	5.2 	4.1 bu	5.6 	4.2 bu	4.4 u	3.4 u	4.6 bu	5.3 u	6.6 bu	4.4 u	: u	: u	4.2 u
A,PC,M,Y18-24,PL21	: 	9.1 	9.5 	6.2 bu	5.8 bu	4.7 u	4.0 u	3.6 u	5.3 bu	3.9 u	3.6 bu	4.3 u	3.6 u	3.2 u	4.1 bu	4.9 u	: bu	4.3 u	: u	: bu	: u	: bu	: u	: u	: u	: u
A,PC,M,Y18-24,PL22	: 	6.9 	7.1 	5.9 b	5.1 bu	6.6 	6.5 	4.5 u	4.0 bu	5.2 u	5.8 bu	7.7 	8.9 	6.9 u	4.2 bu	6.2 u	4.7 bu	4.5 u	4.3 u	5.4 bu	7.9 u	7.8 bu	: u	: u	: u	: u
A,PC,M,Y18-24,PL4	: 	7.9 	9.0 	8.4 b	9.3 b	7.9 	6.7 	6.7 	6.4 b	8.5 	8.9 b	8.3 	9.1 	9.7 	8.7 b	10.2 	7.8 b	6.8 	6.5 u	5.8 bu	7.0 u	8.5 bu	6.1 u	6.1 u	5.7 u	7.3 u
A,PC,M,Y18-24,PL41	: 	8.0 	7.4 u	6.7 bu	7.9 b	5.8 u	4.3 u	4.4 u	4.0 bu	6.4 u	7.3 bu	5.9 u	7.9 u	8.5 u	7.1 bu	8.8 u	6.3 bu	4.4 u	4.2 u	: bu	: u	: bu	: u	: u	: u	: u
A,PC,M,Y18-24,PL42	: 	8.8 u	13.1 u	11.9 bu	11.0 bu	10.7 u	11.3 u	11.7 u	10.1 bu	10.7 u	11.6 bu	13.8 u	11.7 u	11.1 u	11.2 bu	13.4 u	10.2 bu	11.4 u	10.1 u	10.0 bu	: u	: bu	: u	: u	: u	: u
A,PC,M,Y18-24,PL43	: 	: u	: u	8.5 bu	11.9 bu	11.5 u	: u	: u	: bu	12.0 u	: bu	: u	: u	: u	: bu	: u	: bu	: u	: u	: bu	: u	: bu	: u	: u	: u	: u
A,PC,M,Y18-24,PL5	: 	9.3 	7.6 	8.5 b	8.6 b	7.1 	6.4 u	6.5 u	6.3 bu	7.1 u	7.9 bu	8.0 u	8.4 u	8.3 u	8.7 bu	7.6 u	9.0 bu	4.7 u	: u	7.9 bu	: u	9.1 bu	: u	: u	: u	: u
A,PC,M,Y18-24,PL51	: 	9.8 	8.4 u	9.9 b	9.6 b	7.7 u	6.8 u	6.9 u	6.1 bu	6.9 u	7.9 bu	8.0 u	9.0 u	9.0 u	9.2 bu	8.3 u	10.3 bu	: u	: u	9.4 bu	: u	: bu	: u	: u	: u	: u
A,PC,M,Y18-24,PL52	: 	: u	: u	: bu	: bu	: u	: u	: u	: bu	: u	: bu	: u	: u	: u	: bu	: u	: bu	: u	: u	: bu	: u	: bu	: u	: u	: u	: u
A,PC,M,Y18-24,PL6	: 	10.1 	10.1 	8.5 b	7.7 b	8.1 	9.3 	9.0 	7.6 b	9.0 	10.3 b	10.2 	9.9 	11.2 	9.7 b	9.1 	10.7 b	10.7 	10.9 	10.0 b	9.1 u	6.2 bu	6.1 u	: u	: u	6.0 u
A,PC,M,Y18-24,PL61	: 	9.3 u	9.1 u	8.8 bu	7.0 bu	6.3 u	9.6 u	9.1 u	8.1 bu	11.9 u	10.3 bu	7.6 u	7.1 u	9.6 u	9.0 bu	7.6 u	10.6 bu	12.8 u	11.1 u	9.1 bu	: u	: bu	: u	: u	: u	: u
A,PC,M,Y18-24,PL62	: 	14.6 u	13.5 u	11.6 bu	12.5 bu	11.3 u	8.0 u	10.3 u	8.0 bu	7.7 u	13.4 bu	13.8 u	13.2 u	13.6 u	14.2 bu	13.2 u	12.0 bu	12.4 u	14.5 u	14.1 bu	: u	: bu	: u	: u	: u	: u
A,PC,M,Y18-24,PL63	: 	7.9 u	8.7 u	6.1 bu	5.8 bu	8.1 u	10.0 u	8.0 u	6.9 bu	6.9 u	8.0 bu	10.1 u	10.5 u	10.8 u	7.8 bu	8.1 u	9.9 bu	7.6 u	8.3 u	8.3 bu	: u	: bu	: u	: u	: u	: u
A,PC,M,Y18-24,PL7	: 	11.2 	9.3 	7.7 b	7.7 b	7.6 	7.7 	7.0 	6.7 b	6.1 u	8.0 b	7.3 	8.0 	7.7 u	8.5 b	6.8 u	4.5 bu	4.9 u	4.5 u	4.0 bu	: u	: bu	: u	: u	: u	: u
A,PC,M,Y18-24,PL71	: 	13.1 	11.1 	8.0 bu	8.5 bu	8.5 u	7.3 u	7.3 u	7.4 bu	6.7 u	8.9 bu	7.5 u	9.4 u	8.9 u	9.4 bu	7.7 u	: bu	: u	: u	: bu	: u	: bu	: u	: u	: u	: u
A,PC,M,Y18-24,PL72	: 	7.5 u	: u	7.0 bu	: bu	: u	8.3 u	: u	: bu	: u	6.7 bu	6.9 u	: u	: u	: bu	: u	: bu	: u	: u	: bu	: u	: bu	: u	: u	: u	: u
A,PC,M,Y18-24,PL8	: 	8.9 	7.9 	7.6 b	6.5 b	5.6 	5.8 	5.3 	6.3 b	6.6 	6.9 b	7.6 	7.5 	7.5 	6.0 bu	5.5 u	4.7 bu	4.8 u	5.2 u	7.4 bu	7.9 u	7.1 bu	: u	: u	: u	: u
A,PC,M,Y18-24,PL81	: 	10.0 u	8.3 u	8.0 bu	6.5 bu	5.8 u	5.1 u	6.7 u	7.5 bu	7.2 u	8.4 bu	8.5 u	7.8 u	7.9 u	6.8 bu	6.5 u	: bu	: u	: u	8.6 bu	: u	: bu	: u	: u	: u	: u
A,PC,M,Y18-24,PL82	: 	7.4 u	7.4 u	7.2 bu	5.8 bu	4.5 u	5.7 u	: u	: bu	5.6 u	5.7 bu	7.2 u	7.8 u	7.8 u	6.3 bu	: u	: bu	: u	: u	6.4 bu	: u	: bu	: u	: u	: u	: u
A,PC,M,Y18-24,PL84	: 	8.8 u	: u	: bu	8.1 bu	: u	: u	: u	: bu	: u	: bu	: u	: u	: u	: bu	: u	: bu	: u	: u	: bu	: u	: bu	: u	: u	: u	: u
A,PC,M,Y18-24,PL9	: 	9.1 	10.0 	7.1 b	6.7 b	5.6 u	5.9 	5.7 	5.4 bu	5.2 u	5.0 bu	5.0 u	6.3 u	7.2 	7.8 b	6.5 	4.4 bu	4.6 u	5.4 u	6.5 bu	6.2 u	6.1 bu	6.5 u	6.4 u	6.1 u	: u
A,PC,M,Y18-24,PL91	: 	: 	: 	: 	: 	: 	: 	: 	: 	: 	: 	: 	: 	: u	6.8 bu	: u	: bu	: u	: u	: bu	: u	: bu	: u	: u	: u	: u
A,PC,M,Y18-24,PL92	: 	: 	: 	: 	: 	: 	: 	: 	: 	: 	: 	: 	: 	9.4 u	8.6 bu	8.4 u	5.9 bu	5.8 u	7.7 u	9.4 bu	: u	: bu	: u	: u	: u	: u
A,PC,M,Y18-24,PT	50.9 	51.6 	52.7 	48.7 	47.6 b	46.2 	46.1 b	42.8 	41.4 	35.8 	32.4 	28.0 b	26.7 	23.1 	20.5 b	16.0 	17.2 	15.2 	14.4 	13.5 	12.9 	8.6 b	8.4 	10.0 	7.8 	7.6 
A,PC,M,Y18-24,PT1	50.3 	51.3 	52.1 	48.0 	46.9 b	45.3 	45.0 b	41.7 	40.2 	34.7 	31.4 	26.9 b	26.0 	22.1 	19.8 b	15.2 	16.6 	14.4 	13.8 	13.0 	12.5 	7.9 b	7.6 	9.4 	7.3 	6.9 
A,PC,M,Y18-24,PT11	58.5 	59.4 	58.3 	56.1 	54.7 b	52.9 	51.9 b	47.6 	47.3 	42.4 	37.9 	28.4 b	27.9 	25.8 	23.5 b	17.6 	19.3 	16.4 	12.9 	14.7 	17.9 	7.0 b	7.3 	7.4 	6.0 u	6.6 
A,PC,M,Y18-24,PT15	49.4 	48.0 	54.7 	52.0 	47.7 b	43.4 	40.3 b	43.6 	44.4 	36.7 	38.0 	29.7 b	: u	: u	: bu	: u	: u	: u	: u	: u	: u	: bu	: u	: u	: u	: u
A,PC,M,Y18-24,PT16	47.9 	47.9 	51.2 	48.6 	45.2 b	43.1 	42.9 b	39.3 	40.7 	33.3 	28.5 	25.6 b	24.2 	16.0 	18.1 b	16.9 	15.2 	13.4 	13.1 	: 	: 	: 	: 	: 	: 	: 
A,PC,M,Y18-24,PT17	38.8 	41.8 	43.0 	37.2 	35.6 b	34.9 	35.9 b	34.5 	30.3 	23.6 	22.8 	25.5 b	25.8 	21.6 	14.6 b	10.1 	12.8 	10.2 	12.9 	: 	: 	: 	: 	: 	: 	: 
A,PC,M,Y18-24,PT18	57.8 	55.6 	52.5 	39.0 	49.5 b	48.7 	48.1 b	41.4 	32.4 	35.0 	32.1 	25.8 b	24.3 	21.3 	20.3 b	: u	: u	19.4 	: u	: 	: 	: 	: 	: 	: 	: 
A,PC,M,Y18-24,PT19	: 	: 	: 	: 	: 	: 	: 	: 	: 	: 	: 	: 	: 	: 	: 	: 	: 	: 	: 	7.8 	: u	6.4 bu	6.8 u	10.1 u	8.7 u	: u
A,PC,M,Y18-24,PT1A	: 	: 	: 	: 	: 	: 	: 	: 	: 	: 	: 	: 	: 	: 	: 	: 	: 	: 	: 	10.7 	11.7 	8.1 bu	6.5 u	9.6 u	7.8 u	6.1 u
A,PC,M,Y18-24,PT1B	: 	: 	: 	: 	: 	: 	: 	: 	: 	: 	: 	: 	: 	: 	: 	: 	: 	: 	: 	: u	: u	: bu	: u	: u	: u	: u
A,PC,M,Y18-24,PT1C	: 	: 	: 	: 	: 	: 	: 	: 	: 	: 	: 	: 	: 	: 	: 	: 	: 	: 	: 	: u	: u	: bu	: u	: u	: u	: u
A,PC,M,Y18-24,PT1D	: 	: 	: 	: 	: 	: 	: 	: 	: 	: 	: 	: 	: 	: 	: 	: 	: 	: 	: 	: u	: u	11.4 bu	: u	14.1 u	: u	: u
A,PC,M,Y18-24,PT2	65.0 	59.5 	66.3 	64.3 	63.8 b	62.0 	66.0 b	58.0 	65.1 	58.0 	55.4 	52.1 b	40.2 	44.2 	39.4 b	: u	: u	: u	: u	: u	: u	: bu	35.3 u	: u	: u	: u
A,PC,M,Y18-24,PT20	65.0 	59.5 	66.3 	64.3 	63.8 b	62.0 	66.0 b	58.0 	65.1 	58.0 	55.4 	52.1 b	40.2 	44.2 	39.4 b	: u	: u	: u	: u	: u	: u	: bu	35.3 u	: u	: u	: u
A,PC,M,Y18-24,PT3	56.4 	52.7 	59.9 	58.2 	54.4 b	57.9 	60.4 b	60.5 	55.3 	47.7 	43.1 	38.9 b	: u	: u	: bu	: u	: u	: u	: u	: u	: u	: bu	: u	: u	: u	: u
A,PC,M,Y18-24,PT30	56.4 	52.7 	59.9 	58.2 	54.4 b	57.9 	60.4 b	60.5 	55.3 	47.7 	43.1 	38.9 b	: u	: u	: bu	: u	: u	: u	: u	: u	: u	: bu	: u	: u	: u	: u
A,PC,M,Y18-24,RO	23.8 	22.1 	23.9 	23.6 b	23.7 	20.1 	17.8 b	17.1 	15.9 	16.1 	19.5 b	19.1 	18.5 	18.7 	19.5 b	19.5 	18.4 	18.0 	16.7 	14.9 	14.7 	15.1 b	16.2 	16.5 	15.4 	13.8 
A,PC,M,Y18-24,RO1	25.0 	21.4 	24.0 	25.0 b	21.0 	17.5 	16.1 b	13.4 	13.5 	16.2 	19.4 b	18.9 	16.7 	18.3 	20.2 b	20.6 	18.9 	18.2 	17.1 	15.4 	18.1 	18.9 b	20.9 	18.1 	17.2 	13.8 
A,PC,M,Y18-24,RO11	26.3 	25.3 	30.3 	27.4 b	22.0 	16.9 	16.0 b	12.0 	12.6 	15.9 	18.0 b	15.1 	14.0 	16.9 	19.6 b	16.4 	17.3 	16.3 	16.8 	13.5 	17.4 	17.4 b	18.3 	16.7 	14.2 	12.5 
A,PC,M,Y18-24,RO12	23.7 	17.2 	17.2 	22.3 b	19.9 	18.1 	16.2 b	14.8 	14.6 	16.6 	21.0 b	23.6 	20.0 	20.0 	21.0 b	25.5 	20.9 	20.5 	17.4 	17.4 	19.0 	20.6 b	23.9 	19.7 	20.5 	15.1 
A,PC,M,Y18-24,RO2	28.9 	26.9 	29.6 	28.8 b	29.1 	22.8 	19.5 b	20.8 	19.0 	18.9 	25.5 b	22.9 	23.6 	24.5 	24.9 b	25.9 	25.4 	24.4 	22.1 	19.5 	19.1 	20.0 b	20.0 	21.3 	19.9 	15.9 
A,PC,M,Y18-24,RO21	34.0 	30.5 	31.4 	32.2 b	28.1 	21.3 	18.7 b	20.1 	19.2 	19.5 	25.4 b	22.2 	23.5 	25.2 	23.4 b	26.8 	25.9 	25.9 	21.9 	17.8 	18.2 	17.4 b	16.4 	19.3 	18.5 	13.9 
A,PC,M,Y18-24,RO22	21.9 	21.9 	27.0 	24.1 b	30.5 	24.9 	20.6 b	21.9 	18.6 	18.0 	25.6 b	23.9 	23.8 	23.4 	27.3 b	24.4 	24.6 	22.0 	22.3 	22.1 	20.4 	24.0 b	25.7 	24.4 	22.2 	19.1 
A,PC,M,Y18-24,RO3	17.3 	18.6 	21.8 	20.1 b	21.4 	20.5 	18.8 b	18.4 	16.4 	14.8 	16.8 b	17.9 	17.4 	16.6 	16.6 b	16.0 	14.3 	14.3 	13.8 	12.2 	10.5 	9.8 b	8.2 	10.3 	10.7 	11.8 
A,PC,M,Y18-24,RO31	21.0 	23.1 	25.8 	23.6 b	25.5 	24.4 	23.8 b	22.1 	19.4 	17.3 	21.5 b	23.6 	25.2 	23.8 	22.4 b	18.7 	16.7 	19.1 	16.4 	14.7 	15.1 	12.6 b	11.5 	14.7 	14.3 	14.7 
A,PC,M,Y18-24,RO32	11.6 u	12.0 	16.1 	15.5 b	15.7 	15.0 	10.9 b	12.5 	11.6 	10.8 	11.1 b	10.5 u	7.5 u	6.8 u	: bu	11.6 u	10.3 u	: u	: u	: u	: u	: bu	: u	: u	: u	: u
A,PC,M,Y18-24,RO4	21.9 	19.3 	16.8 	17.8 b	21.3 	18.2 	15.7 b	13.9 	13.0 	13.2 	14.6 b	15.3 	15.2 	13.3 	13.7 b	12.7 	12.0 	12.3 	11.0 	10.4 	8.2 	9.2 b	13.7 	14.4 	12.0 	13.4 
A,PC,M,Y18-24,RO41	21.7 	18.6 	14.6 	13.8 b	19.5 	18.7 	17.2 b	13.4 	12.6 	16.1 	19.1 b	17.2 	15.7 	14.5 	17.0 b	15.1 	16.1 	16.3 	12.0 u	: u	9.7 u	9.0 bu	17.0 	17.4 	16.2 	16.3 
A,PC,M,Y18-24,RO42	22.2 	20.2 	19.7 	22.7 b	23.6 	17.5 	14.0 b	14.5 	13.4 	9.8 u	9.9 bu	13.4 	14.6 	12.2 u	10.3 bu	9.9 u	: u	: u	9.8 u	12.9 u	: u	: bu	: u	: u	: u	10.2 u
A,PC,M,Y18-24,RS	: 	: 	: 	: 	: 	: 	: 	: 	: 	: 	9.2 	9.6 	8.7 	8.2 	8.3 b	7.7 	7.3 	6.3 	6.8 	6.5 	5.4 	8.7 b	6.5 	5.8 	6.8 	5.2 
A,PC,M,Y18-24,RS1	: 	: 	: 	: 	: 	: 	: 	: 	: 	: 	: 	: 	: 	7.3 	9.1 b	7.7 	7.5 	6.6 	7.0 	7.2 	5.3 	8.6 b	8.0 	6.9 	8.5 	5.3 
A,PC,M,Y18-24,RS11	: 	: 	: 	: 	: 	: 	: 	: 	: 	: 	: 	: 	: 	4.6 u	5.8 bu	5.1 u	4.7 u	2.8 u	3.6 u	5.1 u	4.4 u	6.2 bu	6.4 	6.2 u	7.8 	5.7 u
A,PC,M,Y18-24,RS12	: 	: 	: 	: 	: 	: 	: 	: 	: 	: 	: 	: 	: 	9.5 	11.7 b	9.6 	9.6 	9.6 	9.7 	8.9 	6.0 	10.7 b	9.4 	7.4 	9.2 	5.0 u
A,PC,M,Y18-24,RS2	: 	: 	: 	: 	: 	: 	: 	: 	: 	: 	: 	: 	: 	9.0 	7.6 b	7.8 	7.0 	6.0 	6.7 	5.8 	5.4 	8.8 b	4.9 	4.7 	5.0 	5.2 
A,PC,M,Y18-24,RS21	: 	: 	: 	: 	: 	: 	: 	: 	: 	: 	: 	: 	: 	7.6 u	6.6 b	8.4 	7.2 	4.4 u	5.8 	4.8 u	5.1 u	8.2 b	4.9 u	5.2 u	4.5 u	3.8 u
A,PC,M,Y18-24,RS22	: 	: 	: 	: 	: 	: 	: 	: 	: 	: 	: 	: 	: 	11.0 u	8.9 b	7.0 	6.8 	8.1 	7.8 	7.2 	5.8 u	9.6 b	5.0 u	4.1 u	5.7 u	7.0 u
A,PC,M,Y18-24,SE	8.7 	11.0 b	11.0 	10.2 b	10.6 	11.9 b	10.1 b	9.5 b	9.0 b	8.0 	7.5 	7.8 	8.5 	7.9 	7.3 b	7.6 	8.2 	8.2 	8.8 b	7.4 	9.0 	10.1 b	10.5 	8.6 	8.4 	7.1 
A,PC,M,Y18-24,SE1	7.7 	12.7 b	12.0 	11.6 b	11.9 	13.3 b	11.4 b	10.3 b	10.1 b	8.3 	8.1 	8.1 	8.9 	8.9 	7.5 b	7.6 	8.6 	8.4 	8.6 b	7.2 	8.7 	9.4 b	10.1 	8.7 	6.9 	6.0 
A,PC,M,Y18-24,SE11	: u	13.4 b	12.5 	13.1 b	12.7 	14.5 b	12.6 b	11.6 b	12.2 b	9.5 	8.5 	7.9 	8.4 	8.5 	8.0 b	8.2 	9.0 	9.1 	8.6 b	7.2 u	9.2 	9.7 b	10.0 	7.7 	5.7 u	7.3 
A,PC,M,Y18-24,SE12	: u	11.8 b	11.3 	9.9 b	11.0 	12.0 b	10.2 b	9.0 b	7.8 b	7.0 	7.6 	8.3 	9.5 	9.3 	7.0 b	7.0 	8.2 	7.7 	8.5 b	7.2 u	8.2 u	9.0 b	10.2 	10.0 	8.5 u	4.4 u
A,PC,M,Y18-24,SE2	9.7 	11.3 b	10.4 	9.9 b	10.2 	11.4 b	9.4 b	9.5 b	8.6 b	7.3 	6.4 	7.7 	8.0 	7.4 	7.3 b	7.8 	7.8 	8.2 	8.9 b	7.2 	8.9 	11.0 b	9.8 	8.8 	8.9 	7.6 
A,PC,M,Y18-24,SE21	: u	13.1 b	10.5 	10.3 bu	10.1 u	10.5 b	9.0 bu	10.0 b	10.3 b	8.0 u	7.4 	7.0 	8.4 	8.5 	7.7 b	8.4 	9.8 	9.6 	12.1 b	11.2 u	13.2 u	12.8 bu	10.7 u	10.2 u	13.0 u	: u
A,PC,M,Y18-24,SE22	: u	10.8 b	9.5 	11.1 b	9.8 	12.9 b	13.0 b	10.9 b	8.3 b	7.9 	6.7 	8.7 	8.6 	6.6 	6.9 b	7.3 	7.2 	6.9 	6.7 b	5.0 u	8.0 u	9.9 bu	5.2 u	7.0 u	7.9 u	8.5 u
A,PC,M,Y18-24,SE23	11.2 	10.8 b	10.9 	8.9 b	10.5 	10.6 b	7.1 b	8.2 b	7.9 b	6.6 	5.8 	7.2 	7.5 	7.4 	7.3 b	7.9 	7.4 	8.6 	9.2 b	7.3 u	8.0 	11.2 b	13.4 	9.5 	7.7 u	6.2 u
A,PC,M,Y18-24,SE3	: u	7.2 b	10.9 	8.0 b	8.9 	10.3 b	9.1 b	8.1 b	7.8 b	8.8 	8.9 	7.4 	8.8 	7.3 	7.1 b	7.2 	8.5 	7.9 	9.5 b	8.4 u	9.8 	9.5 b	13.0 	7.6 u	10.6 	8.8 u
A,PC,M,Y18-24,SE31	: u	6.6 bu	12.1 	: bu	: u	11.7 b	9.4 bu	8.8 bu	9.1 bu	10.2 	8.9 	6.3 	9.3 	7.5 	7.1 b	8.0 	10.7 	9.5 	9.0 bu	10.3 u	12.7 u	9.8 bu	15.6 u	: u	12.5 u	: u
A,PC,M,Y18-24,SE32	: u	: bu	: u	: bu	: u	: bu	: bu	: bu	: bu	: u	12.3 	9.3 u	7.6 u	: u	9.8 bu	9.4 u	7.6 u	7.2 u	12.0 bu	: u	: u	: bu	: u	: u	: u	: u
A,PC,M,Y18-24,SE33	: u	: bu	11.0 u	: bu	: u	10.4 bu	: bu	: bu	: bu	: u	6.7 u	7.8 	8.7 	7.7 	5.5 bu	4.7 u	6.2 u	6.1 u	8.7 bu	: u	: u	: bu	: u	: u	: u	: u
A,PC,M,Y18-24,SI	: 	8.1 	6.8 	6.6 b	6.0 	6.5 	7.1 b	5.8 	7.2 	7.2 	6.4 	5.7 	5.4 	5.0 	6.0 b	6.4 	6.7 	5.8 	5.3 u	5.2 u	4.6 u	4.2 bu	4.1 u	5.8 bu	6.2 	7.9 
A,PC,M,Y18-24,SI0	: 	8.1 	6.8 	6.6 b	6.0 	6.5 	7.1 b	5.8 	7.2 	7.2 	6.4 	5.7 	5.4 	5.0 	6.0 b	6.4 	6.7 	5.8 	5.3 u	5.2 u	4.6 u	4.2 bu	4.1 u	5.8 bu	6.2 	7.9 
A,PC,M,Y18-24,SI01	: 	8.0 	7.7 	7.1 b	5.4 u	7.0 u	6.3 bu	5.4 u	7.4 	7.4 u	: 	: 	: 	: 	: 	: 	: 	: 	: 	: 	: 	: 	: 	: 	: 	: 
A,PC,M,Y18-24,SI02	: 	8.1 	5.8 u	6.1 bu	6.6 u	5.9 u	8.0 bu	6.2 u	7.0 u	7.1 u	: 	: 	: 	: 	: 	: 	: 	: 	: 	: 	: 	: 	: 	: 	: 	: 
A,PC,M,Y18-24,SI03	: 	: 	: 	: 	: 	: 	: 	: 	: 	: 	7.4 u	6.7 u	6.6 u	4.5 u	6.1 bu	6.4 u	7.1 u	4.6 u	4.9 u	5.1 u	4.3 u	3.6 bu	3.5 u	5.1 bu	7.4 u	8.6 u
A,PC,M,Y18-24,SI04	: 	: 	: 	: 	: 	: 	: 	: 	: 	: 	5.4 u	4.5 u	4.2 u	5.6 u	5.8 bu	6.5 u	6.3 u	7.1 u	5.8 u	5.4 u	5.0 u	4.7 bu	4.8 u	6.5 bu	4.9 u	7.1 u
A,PC,M,Y18-24,SK	: 	: 	7.6 	5.7 b	7.3 	6.7 	7.3 b	7.2 	7.1 	5.7 	4.6 	5.4 b	6.0 	6.7 	6.9 b	6.9 	7.6 	8.5 	8.3 	8.8 	7.7 	8.1 b	7.5 b	6.8 	7.8 	7.2 
A,PC,M,Y18-24,SK0	: 	: 	7.6 	5.7 b	7.3 	6.7 	7.3 b	7.2 	7.1 	5.7 	4.6 	5.4 b	6.0 	6.7 	6.9 b	6.9 	7.6 	8.5 	8.3 	8.8 	7.7 	8.1 b	7.5 b	6.8 	7.8 	7.2 
A,PC,M,Y18-24,SK01	: 	: 	10.6 	: bu	: u	: u	: bu	: u	: u	: u	: u	: bu	: u	: u	: bu	: u	: u	: u	: u	: u	: u	: bu	: bu	: u	: u	: u
A,PC,M,Y18-24,SK02	: 	: 	7.2 	5.6 b	5.7 	3.3 	2.8 bu	4.1 	5.0 	3.5 	2.5 u	: bu	4.2 	6.6 	5.7 b	3.4 u	5.1 	4.0 u	6.5 	7.3 	: u	: bu	: bu	: u	: u	: u
A,PC,M,Y18-24,SK03	: 	: 	7.4 	3.7 bu	4.6 	6.4 	8.4 b	8.6 	7.9 	7.1 	4.7 	5.6 b	6.0 	6.4 	8.1 b	8.8 	6.9 	6.2 	5.0 u	5.6 u	8.7 	: bu	: bu	: u	: u	: u
A,PC,M,Y18-24,SK04	: 	: 	7.1 	8.3 b	13.2 	11.8 	11.8 b	10.3 	10.5 	8.4 	7.3 	9.5 b	8.5 	7.5 	8.1 b	10.2 	11.5 	15.0 	14.2 	13.3 	12.1 	16.1 b	10.8 bu	11.7 	13.7 u	11.3 
A,PC,M,Y18-24,TR	: 	: 	: 	: 	: 	: 	41.3 	39.0 	37.9 	37.9 	37.8 	37.7 	36.1 	35.0 	35.5 b	35.0 	32.7 	31.0 	30.4 	28.9 	27.5 	23.9 b	22.2 	20.1 	19.6 	18.7 
A,PC,M,Y18-24,TR1	: 	: 	: 	: 	: 	: 	40.8 	35.3 	35.3 	35.6 	37.0 	37.2 	32.3 	31.7 	33.4 b	32.9 	29.8 	27.8 	26.2 	27.5 	23.4 	16.9 b	15.8 	13.7 	13.8 	14.5 
A,PC,M,Y18-24,TR10	: 	: 	: 	: 	: 	: 	40.8 	35.3 	35.3 	35.6 	37.0 	37.2 	32.3 	31.7 	33.4 b	32.9 	29.8 	27.8 	26.2 	27.5 	23.4 	16.9 b	15.8 	13.7 	13.8 	14.5 
A,PC,M,Y18-24,TR2	: 	: 	: 	: 	: 	: 	37.0 	34.6 	29.7 	29.0 	33.6 	35.7 	29.6 	23.7 	31.1 b	25.6 	28.8 	31.3 	30.7 	24.7 	19.1 	18.5 b	20.5 	20.0 	19.4 	20.2 
A,PC,M,Y18-24,TR21	: 	: 	: 	: 	: 	: 	33.1 	31.8 	26.6 	23.7 	33.5 	35.0 	26.8 	21.3 	30.4 b	25.8 	29.5 	33.3 	34.0 	24.7 	20.0 	22.6 b	22.7 	26.4 	25.4 	26.2 
A,PC,M,Y18-24,TR22	: 	: 	: 	: 	: 	: 	41.2 	37.5 	32.9 	36.0 	33.6 	36.5 	32.4 	26.1 	32.1 b	25.4 	28.0 	29.0 	27.0 	24.7 	18.1 	13.8 b	17.7 	11.9 	11.3 	11.9 
A,PC,M,Y18-24,TR3	: 	: 	: 	: 	: 	: 	43.2 	41.4 	36.7 	37.0 	37.8 	35.5 	34.0 	34.4 	34.3 b	30.1 	31.3 	30.2 	28.1 	27.8 	26.0 	25.2 b	22.6 	18.6 	18.8 	17.5 
A,PC,M,Y18-24,TR31	: 	: 	: 	: 	: 	: 	39.3 	35.7 	31.7 	31.6 	32.4 	28.8 	28.3 	30.1 	33.9 b	27.3 	33.0 	27.4 	26.9 	29.7 	27.4 	22.7 b	19.0 	17.7 	18.9 	17.8 
A,PC,M,Y18-24,TR32	: 	: 	: 	: 	: 	: 	46.4 	44.5 	36.0 	39.9 	40.9 	39.5 	37.0 	37.3 	38.4 b	35.3 	32.2 	35.4 	29.4 	28.5 	24.0 	29.8 b	28.8 	20.4 	16.9 	13.6 
A,PC,M,Y18-24,TR33	: 	: 	: 	: 	: 	: 	46.4 	46.7 	43.7 	42.2 	43.4 	42.1 	39.8 	38.5 	30.7 b	29.0 	27.8 	29.4 	28.7 	24.3 	26.1 	24.7 b	21.4 	17.9 	20.4 	20.6 
A,PC,M,Y18-24,TR4	: 	: 	: 	: 	: 	: 	33.3 	33.4 	32.5 	31.1 	29.9 	29.5 	27.7 	23.7 	26.7 b	29.1 	26.6 	26.5 	26.1 	23.1 	21.0 	17.7 b	16.3 	15.1 	14.6 	17.1 
A,PC,M,Y18-24,TR41	: 	: 	: 	: 	: 	: 	33.0 	32.1 	31.8 	29.5 	31.7 	33.2 	27.9 	25.2 	27.9 b	29.5 	26.4 	28.6 	29.0 	25.6 	22.0 	18.7 b	14.7 	15.4 	15.2 	19.1 
A,PC,M,Y18-24,TR42	: 	: 	: 	: 	: 	: 	33.6 	34.9 	33.2 	32.8 	27.9 	25.5 	27.4 	22.1 	25.5 b	28.7 	26.9 	24.2 	23.4 	20.7 	20.2 	16.8 b	17.8 	14.9 	14.0 	15.4 
A,PC,M,Y18-24,TR5	: 	: 	: 	: 	: 	: 	31.2 	29.6 	29.3 	26.9 	29.1 	28.2 	27.8 	27.2 	27.5 b	30.1 	28.6 	25.8 	23.5 	22.5 	20.9 	18.1 b	18.5 	20.8 	16.4 	13.7 
A,PC,M,Y18-24,TR51	: 	: 	: 	: 	: 	: 	26.3 	23.4 	21.6 	22.9 	23.9 	21.1 	20.8 	21.5 	22.4 b	26.6 	23.9 	20.6 	19.1 	18.0 	17.9 	14.8 b	14.7 	15.6 	12.8 	9.8 
A,PC,M,Y18-24,TR52	: 	: 	: 	: 	: 	: 	43.8 	43.1 	44.1 	34.3 	39.6 	41.9 	42.9 	40.6 	38.4 b	36.9 	38.5 	35.4 	33.6 	32.2 	27.6 	25.2 b	26.3 	31.7 	24.6 	21.3 
A,PC,M,Y18-24,TR6	: 	: 	: 	: 	: 	: 	45.9 	41.8 	40.4 	38.8 	36.2 	37.2 	37.0 	37.9 	36.0 b	37.2 	33.1 	31.1 	31.2 	27.4 	28.1 	23.8 b	21.0 	17.4 	18.1 	18.0 
A,PC,M,Y18-24,TR61	: 	: 	: 	: 	: 	: 	42.6 	43.4 	37.7 	33.0 	25.8 	29.5 	34.4 	38.7 	27.8 b	31.1 	29.8 	29.7 	25.7 	20.4 	21.7 	20.4 b	15.9 	15.0 	15.6 	15.2 
A,PC,M,Y18-24,TR62	: 	: 	: 	: 	: 	: 	44.8 	37.7 	38.8 	37.3 	37.2 	40.0 	37.6 	36.9 	36.9 b	39.3 	36.6 	30.2 	35.2 	30.7 	29.8 	26.0 b	20.3 	18.1 	20.9 	18.7 
A,PC,M,Y18-24,TR63	: 	: 	: 	: 	: 	: 	49.9 	46.0 	44.7 	45.7 	43.5 	39.5 	38.5 	38.6 	41.3 b	39.2 	30.5 	33.5 	31.5 	29.7 	32.1 	24.2 b	27.1 	19.1 	16.6 	19.8 
A,PC,M,Y18-24,TR7	: 	: 	: 	: 	: 	: 	39.3 	41.2 	41.3 	43.6 	38.3 	37.4 	38.5 	35.7 	33.4 b	36.5 	31.4 	28.4 	26.8 	23.0 	21.6 	24.5 b	20.3 	16.6 	16.1 	15.8 
A,PC,M,Y18-24,TR71	: 	: 	: 	: 	: 	: 	48.4 	44.3 	43.4 	45.6 	42.4 	40.4 	38.4 	36.0 	37.5 b	39.9 	33.9 	26.4 	27.6 	28.1 	25.3 	26.9 b	26.6 	19.6 	17.2 	16.0 
A,PC,M,Y18-24,TR72	: 	: 	: 	: 	: 	: 	33.6 	39.1 	39.8 	42.2 	35.7 	35.5 	38.5 	35.4 	31.0 b	34.2 	29.7 	29.6 	26.2 	19.4 	19.5 	22.8 b	16.4 	14.6 	15.4 	15.7 
A,PC,M,Y18-24,TR8	: 	: 	: 	: 	: 	: 	40.8 	39.7 	39.4 	38.6 	39.1 	36.6 	31.3 	33.6 	32.2 b	29.1 	26.9 	26.6 	27.0 	23.5 	21.0 	16.0 b	15.3 	16.4 	13.5 	10.1 
A,PC,M,Y18-24,TR81	: 	: 	: 	: 	: 	: 	36.1 	37.8 	32.8 	28.3 	30.2 	24.4 	22.8 	22.7 	28.9 b	25.1 	19.1 	23.4 	22.3 	13.0 	15.2 	12.1 b	12.4 	15.5 	11.4 	8.4 u
A,PC,M,Y18-24,TR82	: 	: 	: 	: 	: 	: 	40.8 	36.4 	46.1 	43.1 	39.9 	36.2 	35.5 	27.9 	33.6 b	28.4 	22.5 	21.3 	22.8 	23.0 	24.3 	19.4 b	15.5 	14.0 	11.4 u	14.1 u
A,PC,M,Y18-24,TR83	: 	: 	: 	: 	: 	: 	42.5 	41.4 	40.1 	41.9 	42.4 	41.3 	33.4 	39.2 	33.0 b	30.7 	31.0 	29.0 	29.4 	27.9 	22.0 	16.3 b	16.3 	17.2 	14.9 	9.6 
A,PC,M,Y18-24,TR9	: 	: 	: 	: 	: 	: 	33.1 	29.7 	28.2 	33.3 	30.0 	27.5 	27.1 	25.4 	29.1 b	27.3 	22.8 	19.4 	19.5 	17.7 	21.1 	16.3 b	15.1 	15.1 	12.2 	9.0 
A,PC,M,Y18-24,TR90	: 	: 	: 	: 	: 	: 	33.1 	29.7 	28.2 	33.3 	30.0 	27.5 	27.1 	25.4 	29.1 b	27.3 	22.8 	19.4 	19.5 	17.7 	21.1 	16.3 b	15.1 	15.1 	12.2 	9.0 
A,PC,M,Y18-24,TRA	: 	: 	: 	: 	: 	: 	48.6 	43.2 	40.9 	45.3 	46.8 	45.2 	43.8 	47.1 	48.8 b	44.2 	37.1 	33.7 	36.3 	37.3 	33.9 	30.5 b	26.2 	22.8 	24.8 	25.2 
A,PC,M,Y18-24,TRA1	: 	: 	: 	: 	: 	: 	41.7 	34.7 	24.9 	25.5 	33.0 	35.7 	28.8 	28.6 	38.9 b	32.3 	21.1 	16.2 	17.6 	16.1 	18.3 	15.3 b	8.6 	10.3 	10.9 	17.1 
A,PC,M,Y18-24,TRA2	: 	: 	: 	: 	: 	: 	56.7 	54.4 	60.6 	64.2 	60.4 	53.9 	56.4 	61.9 	57.5 b	53.5 	49.9 	48.6 	52.4 	55.5 	47.5 	44.1 b	45.3 	35.9 	37.6 	34.9 
A,PC,M,Y18-24,TRB	: 	: 	: 	: 	: 	: 	43.8 	42.7 	40.0 	41.8 	46.1 	50.7 	45.6 	44.5 	41.0 b	41.3 	42.1 	41.9 	40.5 	34.2 	36.5 	36.8 b	31.8 	28.9 	31.1 	23.7 
A,PC,M,Y18-24,TRB1	: 	: 	: 	: 	: 	: 	33.4 	32.4 	34.9 	34.5 	34.6 	41.7 	30.3 	24.9 	21.6 b	22.7 	19.9 	21.0 	19.6 	16.4 	21.4 	20.7 b	16.3 	15.9 	17.1 	19.3 
A,PC,M,Y18-24,TRB2	: 	: 	: 	: 	: 	: 	55.5 	53.1 	44.4 	48.2 	55.4 	58.0 	55.9 	58.3 	53.4 b	53.6 	55.2 	54.0 	52.9 	45.3 	46.1 	45.5 b	41.0 	37.8 	40.8 	27.7 
A,PC,M,Y18-24,TRC	: 	: 	: 	: 	: 	: 	55.0 	54.8 	56.6 	53.4 	50.3 	50.2 	53.4 	50.1 	50.7 b	48.9 	45.8 	42.9 	44.5 	45.3 	45.8 	40.3 b	40.1 	36.4 	35.2 	34.6 
A,PC,M,Y18-24,TRC1	: 	: 	: 	: 	: 	: 	61.9 	64.5 	59.0 	49.6 	47.5 	51.0 	49.5 	48.3 	45.8 b	42.9 	40.3 	40.9 	45.8 	42.4 	41.6 	35.0 b	33.3 	30.6 	24.2 	19.4 
A,PC,M,Y18-24,TRC2	: 	: 	: 	: 	: 	: 	57.5 	52.7 	59.4 	59.5 	55.2 	52.9 	58.5 	52.9 	57.4 b	55.1 	53.2 	48.0 	47.7 	49.7 	51.5 	45.6 b	47.1 	46.1 	46.0 	45.9 
A,PC,M,Y18-24,TRC3	: 	: 	: 	: 	: 	: 	43.3 	46.5 	47.3 	47.6 	45.1 	44.6 	49.0 	46.9 	45.3 b	45.0 	38.1 	35.9 	38.3 	40.3 	41.5 	37.3 b	35.6 	25.9 	24.9 	31.1 
A,PC,M,Y18-24,UK	18.8 	18.6 	18.1 	12.6 b	12.9 	12.6 	12.3 	17.6 b	18.2 b	16.9 	15.6 b	16.1 b	14.5 	13.6 	12.9 b	11.7 	12.8 	12.2 	12.2 	12.3 	: 	: 	: 	: 	: 	: 
A,PC,M,Y18-24,UKC	22.0 	18.2 	23.0 	13.0 b	11.5 	14.0 	10.7 	14.7 b	17.4 b	16.7 	15.9 b	18.8 b	16.9 	10.4 	9.7 b	12.4 	15.2 	13.3 	12.6 	14.1 	: 	: 	: 	: 	: 	: 
A,PC,M,Y18-24,UKC1	27.9 	18.9 u	28.0 	15.6 u	13.5 u	18.8 u	14.2 u	15.5 bu	20.8 b	16.1 u	17.8 bu	19.7 b	19.5 	12.5 u	13.2 bu	14.7 u	21.2 	17.9 u	8.0 u	13.9 u	: 	: 	: 	: 	: 	: 
A,PC,M,Y18-24,UKC2	17.4 u	17.7 	19.4 	11.2 u	9.9 u	10.2 u	7.7 u	14.1 b	14.7 bu	17.2 	14.5 bu	18.0 b	15.2 	9.0 u	7.1 bu	10.9 u	11.3 u	10.3 u	16.0 	14.2 u	: 	: 	: 	: 	: 	: 
A,PC,M,Y18-24,UKD	16.6 	18.8 	19.1 	13.7 b	15.3 	13.0 	12.0 	20.9 b	20.2 b	18.8 	16.6 b	16.1 b	13.3 	12.5 	15.4 b	13.3 	10.1 	12.2 	12.6 	15.4 	: 	: 	: 	: 	: 	: 
A,PC,M,Y18-24,UKD1	: u	: u	: u	: u	: u	: u	: u	23.6 bu	: bu	: u	34.3 bu	22.6 bu	: u	: u	: bu	21.7 u	: u	: u	: u	: u	: 	: 	: 	: 	: 	: 
A,PC,M,Y18-24,UKD3	16.4 	19.1 	21.7 	15.1 b	13.9 	12.1 	11.8 	22.5 b	20.3 b	20.2 	17.5 b	17.2 b	13.6 	13.4 	15.2 b	11.5 	9.8 	11.9 	11.7 	15.6 	: 	: 	: 	: 	: 	: 
A,PC,M,Y18-24,UKD4	16.2 u	20.2 	16.2 u	: u	19.2 	16.7 u	10.5 u	17.3 b	17.7 b	15.1 	12.5 bu	15.9 bu	11.3 u	11.6 u	19.7 b	17.9 	8.8 u	11.8 u	11.0 u	11.6 u	: 	: 	: 	: 	: 	: 
A,PC,M,Y18-24,UKD6	: 	: 	: 	: 	: u	: u	24.0 u	21.2 bu	23.5 bu	23.7 u	12.6 bu	: bu	14.6 u	14.7 u	: bu	: u	: u	: u	16.1 u	19.7 u	: 	: 	: 	: 	: 	: 
A,PC,M,Y18-24,UKD7	: 	: 	: 	: 	17.4 u	12.8 u	9.5 u	20.6 b	21.4 b	16.0 	16.2 b	15.9 b	15.6 	10.6 u	15.7 bu	11.7 u	12.4 u	14.8 u	14.6 u	16.6 	: 	: 	: 	: 	: 	: 
A,PC,M,Y18-24,UKE	19.4 	20.7 	19.7 	15.1 b	16.1 	13.8 	14.7 	18.5 b	19.9 b	19.6 	19.7 b	18.3 b	16.7 	16.1 	14.7 b	14.7 	12.3 	16.3 	16.5 	13.8 	: 	: 	: 	: 	: 	: 
A,PC,M,Y18-24,UKE1	24.4 u	21.7 u	16.6 u	14.0 u	16.9 u	: u	17.7 u	19.8 bu	18.1 bu	19.6 u	18.9 bu	25.3 b	25.6 	23.1 u	11.3 bu	15.2 u	11.3 u	21.0 u	21.7 u	: u	: 	: 	: 	: 	: 	: 
A,PC,M,Y18-24,UKE2	: u	: u	: u	: u	: u	: u	: u	16.1 bu	18.4 bu	: u	18.2 bu	14.8 bu	16.1 u	: u	: bu	: u	: u	: u	: u	: u	: 	: 	: 	: 	: 	: 
A,PC,M,Y18-24,UKE3	23.4 	27.6 	29.1 	17.3 b	14.8 u	17.2 	17.4 	19.7 b	22.2 b	18.6 	18.5 b	18.2 b	13.3 	18.4 	20.1 b	13.9 u	8.1 u	16.4 	17.4 	16.0 u	: 	: 	: 	: 	: 	: 
A,PC,M,Y18-24,UKE4	18.2 	18.5 	16.7 	14.8 b	16.9 	14.8 	12.9 	17.8 b	19.8 b	21.9 	21.0 b	16.5 b	15.5 	14.7 	15.5 b	15.9 	16.4 	17.9 	18.2 	15.4 	: 	: 	: 	: 	: 	: 
A,PC,M,Y18-24,UKF	23.2 	21.5 	19.0 	16.9 b	15.2 	14.1 	12.3 	23.4 b	22.0 b	20.2 	15.8 b	15.1 b	18.1 	15.6 	11.2 b	11.7 	16.1 	10.6 	11.5 	12.9 	: 	: 	: 	: 	: 	: 
A,PC,M,Y18-24,UKF1	26.3 	21.9 	19.4 	13.4 b	19.2 	15.2 	13.7 	23.8 b	22.2 b	18.1 	15.6 b	15.1 b	20.2 	16.9 	11.9 b	10.3 u	16.9 	12.2 	13.4 	14.8 	: 	: 	: 	: 	: 	: 
A,PC,M,Y18-24,UKF2	20.2 	20.5 	19.4 	22.9 b	12.5 u	14.0 u	11.3 u	22.0 b	23.7 b	24.1 	15.2 b	12.8 b	14.1 	13.2 	9.8 bu	11.1 u	14.6 	6.2 u	8.1 u	12.3 u	: 	: 	: 	: 	: 	: 
A,PC,M,Y18-24,UKF3	22.2 u	23.0 u	16.6 u	: u	: u	: u	: u	26.1 bu	17.8 bu	17.2 u	18.2 bu	22.0 bu	23.4 u	16.9 u	12.7 bu	19.3 u	18.3 u	18.5 u	15.5 u	: u	: 	: 	: 	: 	: 	: 
A,PC,M,Y18-24,UKG	23.0 	20.9 	19.7 	14.1 b	14.0 	14.8 	13.5 	18.5 b	19.9 b	20.6 	18.8 b	17.5 b	19.0 	19.0 	18.3 b	13.8 	17.3 	17.2 	13.8 	11.0 	: 	: 	: 	: 	: 	: 
A,PC,M,Y18-24,UKG1	20.9 u	22.4 u	19.2 u	9.1 u	: u	15.3 u	14.3 u	15.4 bu	17.5 bu	19.9 u	20.1 b	20.9 bu	18.3 u	13.1 u	18.5 b	16.8 u	18.9 	13.2 u	13.9 u	11.9 u	: 	: 	: 	: 	: 	: 
A,PC,M,Y18-24,UKG2	23.0 	20.0 	18.6 	17.4 u	16.1 u	19.4 	13.6 u	26.4 b	19.3 b	19.6 	22.9 b	17.3 b	17.3 	11.6 u	14.4 bu	11.0 u	16.9 u	16.7 	15.9 u	10.9 u	: 	: 	: 	: 	: 	: 
A,PC,M,Y18-24,UKG3	23.8 	20.7 	20.4 	14.5 b	15.7 	12.7 	13.2 	15.2 b	21.0 b	21.4 	16.5 b	16.5 b	20.2 	25.0 	19.9 b	13.9 	16.9 	18.8 	13.0 	10.8 	: 	: 	: 	: 	: 	: 
A,PC,M,Y18-24,UKH	21.5 	21.9 	19.3 	11.6 b	14.7 	12.1 	15.7 	20.8 b	21.2 b	18.6 	17.4 b	19.0 b	15.6 	13.9 	14.7 b	12.2 	14.0 	14.5 	15.1 	14.0 	: 	: 	: 	: 	: 	: 
A,PC,M,Y18-24,UKH1	25.5 	25.0 	22.1 	17.1 b	13.5 	13.5 	20.3 	16.7 b	20.7 b	19.0 	16.4 b	20.6 b	18.2 	16.0 	16.3 b	12.6 	15.2 	16.3 	15.0 	14.6 	: 	: 	: 	: 	: 	: 
A,PC,M,Y18-24,UKH2	15.0 u	19.0 	15.1 u	: u	16.2 u	12.2 u	13.8 u	17.0 b	17.1 b	16.8 	15.7 b	14.3 bu	9.8 u	8.1 u	12.4 bu	10.1 u	11.4 u	11.2 u	16.7 	13.1 u	: 	: 	: 	: 	: 	: 
A,PC,M,Y18-24,UKH3	23.7 	20.8 	19.7 	9.3 u	14.8 u	9.9 u	12.1 u	29.4 b	25.7 b	19.9 	20.6 b	20.8 b	17.3 	16.4 	14.7 bu	14.2 u	14.9 u	15.4 	13.9 u	14.3 u	: 	: 	: 	: 	: 	: 
A,PC,M,Y18-24,UKI	15.5 u	14.7 u	13.0 u	8.6 b	9.2 	11.4 	11.8 	14.5 b	14.7 b	10.7 	9.9 b	10.7 b	8.8 	8.4 	6.4 b	6.0 	8.4 	6.8 	7.8 	9.6 	: 	: 	: 	: 	: 	: 
A,PC,M,Y18-24,UKI1	14.1 u	11.8 u	10.6 u	6.1 u	10.1 	10.1 	10.9 	13.4 b	11.4 b	10.4 	: 	: 	: 	: 	: 	: 	: 	: 	: 	: 	: 	: 	: 	: 	: 	: 
A,PC,M,Y18-24,UKI2	16.5 	16.7 	14.8 	10.6 b	8.6 	12.4 	12.5 	15.3 b	17.5 b	11.0 	: 	: 	: 	: 	: 	: 	: 	: 	: 	: 	: 	: 	: 	: 	: 	: 
A,PC,M,Y18-24,UKI3	: 	: 	: 	: 	: 	: 	: 	: 	: 	: 	: bu	: bu	: u	: u	: bu	: u	: u	: u	: u	: u	: 	: 	: 	: 	: 	: 
A,PC,M,Y18-24,UKI4	: 	: 	: 	: 	: 	: 	: 	: 	: 	: 	8.4 bu	8.1 bu	7.7 u	7.9 u	8.1 bu	4.0 u	5.4 u	6.5 u	10.6 	12.5 	: 	: 	: 	: 	: 	: 
A,PC,M,Y18-24,UKI5	: 	: 	: 	: 	: 	: 	: 	: 	: 	: 	15.5 b	16.9 b	12.3 u	10.3 u	9.3 bu	10.1 u	12.3 u	12.4 u	11.8 u	10.8 u	: 	: 	: 	: 	: 	: 
A,PC,M,Y18-24,UKI6	: 	: 	: 	: 	: 	: 	: 	: 	: 	: 	13.8 bu	15.5 bu	: u	: u	: bu	9.1 u	11.2 u	: u	9.9 u	9.8 u	: 	: 	: 	: 	: 	: 
A,PC,M,Y18-24,UKI7	: 	: 	: 	: 	: 	: 	: 	: 	: 	: 	6.3 bu	8.6 bu	6.8 u	8.4 u	6.0 bu	6.0 u	10.4 u	: u	: u	6.7 u	: 	: 	: 	: 	: 	: 
A,PC,M,Y18-24,UKJ	16.4 	17.5 	17.7 	12.8 b	10.0 	11.3 	13.6 	15.5 b	19.6 b	18.3 	14.4 b	16.5 b	13.9 	14.0 	11.8 b	11.6 	13.4 	11.0 	10.7 	9.0 	: 	: 	: 	: 	: 	: 
A,PC,M,Y18-24,UKJ1	18.7 	18.5 	20.3 	13.4 b	8.6 u	9.6 u	13.0 	13.4 b	16.4 b	18.6 	13.1 b	16.5 b	10.5 u	13.8 	11.0 b	9.0 u	14.6 	11.0 	5.6 u	8.0 u	: 	: 	: 	: 	: 	: 
A,PC,M,Y18-24,UKJ2	12.8 u	16.0 	16.5 	9.0 u	9.4 u	9.8 u	10.0 u	15.5 b	20.1 b	18.8 	12.0 b	15.7 b	14.3 	10.9 	12.6 b	12.7 	8.7 u	9.1 	7.7 u	9.9 u	: 	: 	: 	: 	: 	: 
A,PC,M,Y18-24,UKJ3	17.2 	14.1 	13.0 u	12.5 u	13.1 	10.1 u	14.7 	13.6 b	18.3 b	16.9 	16.9 b	13.3 b	13.6 	17.3 	8.0 bu	11.6 u	10.0 u	11.4 	11.8 	4.9 u	: 	: 	: 	: 	: 	: 
A,PC,M,Y18-24,UKJ4	17.2 u	22.4 	21.9 	19.4 b	9.3 u	17.3 	19.3 	21.3 b	25.7 b	18.8 	17.0 b	20.6 b	17.3 	15.2 	15.7 b	12.9 	21.9 	14.3 u	20.8 	15.2 u	: 	: 	: 	: 	: 	: 
A,PC,M,Y18-24,UKK	17.4 	17.3 	17.1 	12.8 b	12.5 	13.2 	11.0 	17.1 b	15.7 b	12.2 	11.9 b	14.8 b	14.3 	13.1 	10.0 b	9.2 	10.3 	10.5 	10.2 	13.8 	: 	: 	: 	: 	: 	: 
A,PC,M,Y18-24,UKK1	17.4 	14.3 	17.0 	15.5 b	12.6 	16.8 	11.3 u	16.0 b	12.8 b	11.7 	12.7 b	15.3 b	15.2 	13.0 	10.6 b	9.4 u	11.7 	11.6 	10.6 	17.1 	: 	: 	: 	: 	: 	: 
A,PC,M,Y18-24,UKK2	22.2 u	22.3 u	16.8 u	: u	10.5 u	10.7 u	14.4 u	20.4 b	17.1 bu	16.1 u	9.9 bu	15.4 bu	10.3 u	14.9 u	8.2 bu	8.7 u	9.8 u	10.6 u	12.2 u	14.1 u	: 	: 	: 	: 	: 	: 
A,PC,M,Y18-24,UKK3	: u	: u	: u	: u	: u	: u	: u	: bu	21.9 bu	: u	: bu	: bu	26.2 u	: u	: bu	: u	: u	: u	: u	: u	: 	: 	: 	: 	: 	: 
A,PC,M,Y18-24,UKK4	13.8 u	15.6 u	19.4 u	13.6 u	12.7 u	8.6 u	: u	14.8 bu	17.3 bu	: u	12.0 bu	13.0 bu	11.0 u	13.1 u	11.9 bu	9.4 u	9.7 u	10.8 u	: u	8.0 u	: 	: 	: 	: 	: 	: 
A,PC,M,Y18-24,UKL	21.0 	18.9 	23.6 	12.6 b	13.4 	13.5 	12.2 	19.6 b	19.2 b	18.2 	19.2 b	18.1 b	15.8 	15.7 	14.0 b	16.5 	13.3 	11.2 	12.9 	15.0 	: 	: 	: 	: 	: 	: 
A,PC,M,Y18-24,UKL1	22.8 	18.5 	22.0 	11.9 u	12.5 u	15.2 	10.9 u	19.7 b	22.0 b	16.8 	20.6 b	19.8 b	13.4 	15.9 	15.4 b	16.9 	12.6 	14.6 	14.5 	15.6 	: 	: 	: 	: 	: 	: 
A,PC,M,Y18-24,UKL2	18.2 u	19.6 u	26.3 	13.5 u	14.6 u	11.1 u	14.4 u	19.3 b	13.9 bu	20.5 u	16.7 bu	15.1 bu	19.5 	15.3 u	11.7 bu	15.7 u	14.6 u	: u	10.5 u	14.0 u	: 	: 	: 	: 	: 	: 
A,PC,M,Y18-24,UKM	18.1 	16.9 	15.4 	8.2 b	12.2 	10.2 	7.2 	12.3 b	11.8 b	14.1 	15.2 b	15.6 b	12.7 	11.0 	13.9 b	10.5 	13.4 	12.1 	13.8 	11.7 	: 	: 	: 	: 	: 	: 
A,PC,M,Y18-24,UKM2	21.4 	14.6 	12.6 u	8.7 u	12.8 	8.7 u	6.0 u	10.1 bu	11.3 bu	14.3 	12.6 b	13.5 b	11.3 	: 	: 	: 	: 	: 	: 	: 	: 	: 	: 	: 	: 	: 
A,PC,M,Y18-24,UKM3	19.1 	19.9 	17.9 	9.1 u	12.0 	11.6 	9.1 u	15.7 b	13.8 b	14.8 	16.4 b	17.6 b	13.7 	: 	: 	: 	: 	: 	: 	: 	: 	: 	: 	: 	: 	: 
A,PC,M,Y18-24,UKM5	: u	: u	: u	: u	: u	: u	: u	: bu	: bu	: u	: bu	: bu	: u	: u	20.4 bu	16.4 u	: u	14.1 u	: u	: u	: 	: 	: 	: 	: 	: 
A,PC,M,Y18-24,UKM6	: u	: u	: u	: u	: u	: u	: u	: bu	: bu	: u	21.6 bu	23.5 bu	: u	: u	: bu	: u	: u	: u	: u	: u	: 	: 	: 	: 	: 	: 
A,PC,M,Y18-24,UKM7	: 	: 	: 	: 	: 	: 	: 	: 	: 	: 	: 	: 	: 	11.8 	10.3 bu	8.1 u	14.7 	12.4 	18.1 	13.6 	: 	: 	: 	: 	: 	: 
A,PC,M,Y18-24,UKM8	: 	: 	: 	: 	: 	: 	: 	: 	: 	: 	: 	: 	: 	8.9 u	17.6 b	8.9 u	13.4 u	12.0 u	8.8 u	7.8 u	: 	: 	: 	: 	: 	: 
A,PC,M,Y18-24,UKM9	: 	: 	: 	: 	: 	: 	: 	: 	: 	: 	: 	: 	: 	15.2 u	14.9 bu	12.8 u	12.4 u	11.6 u	17.4 u	22.2 u	: 	: 	: 	: 	: 	: 
A,PC,M,Y18-24,UKN	18.2 	18.4 	17.8 	17.0 b	14.2 	9.5 u	9.9 u	15.6 b	17.1 b	17.6 	19.1 b	20.0 b	14.7 	20.0 	20.6 b	14.8 	14.3 	14.9 	12.4 u	10.0 u	: 	: 	: 	: 	: 	: 
A,PC,M,Y18-24,UKN0	18.2 	18.4 	17.8 	17.0 b	14.2 	9.5 u	9.9 u	15.6 b	17.1 b	17.6 	19.1 b	20.0 b	14.7 	20.0 	20.6 b	14.8 	14.3 	14.9 	12.4 u	10.0 u	: 	: 	: 	: 	: 	: 
A,PC,T,Y18-24,AT	10.2 	10.2 	9.5 	9.0 	9.8 b	9.3 	10.0 b	10.8 	10.2 	8.8 	8.3 	8.5 	7.8 	7.5 	7.0 b	7.3 	6.9 	7.4 	7.3 	7.8 	8.1 	8.0 b	8.4 	8.6 	8.1 	10.0 
A,PC,T,Y18-24,AT1	10.2 	9.6 	9.7 	10.1 	11.7 b	11.1 	11.1 b	12.3 	10.8 	9.8 	8.7 	9.6 	8.8 	8.6 	7.6 b	8.5 	7.4 	8.8 	8.1 	8.6 	9.1 	8.8 b	9.6 	9.5 	9.2 	11.8 
A,PC,T,Y18-24,AT11	: u	: u	: u	: u	: bu	: u	: bu	: u	: u	: u	: u	: u	: u	: u	: bu	: u	: u	: u	: u	: u	: u	: bu	: u	: u	: u	: u
A,PC,T,Y18-24,AT12	8.4 	10.5 	8.6 	7.9 	8.3 b	9.5 	9.7 b	8.5 	9.5 	7.8 	5.7 	7.7 	6.7 	5.7 	6.4 b	6.9 	5.9 	8.3 	5.1 u	4.6 u	7.7 	7.8 b	6.5 	6.4 	5.6 	9.6 
A,PC,T,Y18-24,AT13	11.8 	8.4 	10.9 	12.6 	15.4 b	12.8 	13.1 b	16.5 	12.7 	11.9 	11.6 	11.8 	10.9 	11.6 	9.0 b	10.2 	8.7 	9.6 	10.8 	12.3 	10.6 	9.9 b	12.2 	12.1 	11.9 	14.1 
A,PC,T,Y18-24,AT2	8.1 	10.4 	8.7 	7.2 	7.5 b	6.5 	7.3 b	8.7 	8.4 	7.2 	7.1 	5.4 	5.8 	5.7 	4.6 b	5.0 	5.6 	4.8 	5.0 	6.4 	6.0 	7.2 b	7.2 	6.9 	5.5 	6.9 
A,PC,T,Y18-24,AT21	6.7 u	8.8 u	9.0 u	: u	6.4 bu	: u	: bu	: u	8.5 u	: u	: u	7.5 u	7.2 u	: u	: bu	: u	: u	: u	: u	: u	: u	: bu	: u	: u	: u	: u
A,PC,T,Y18-24,AT22	8.7 	11.1 	8.5 	7.5 	8.0 b	7.4 	8.2 b	9.9 	8.3 	7.6 	7.2 	4.5 u	5.3 u	5.6 u	4.7 bu	5.0 u	5.4 u	4.5 u	5.0 u	6.7 	5.7 u	7.9 b	8.0 	7.0 u	5.2 u	7.1 u
A,PC,T,Y18-24,AT3	11.4 	10.8 	9.6 	9.0 	9.0 b	8.9 	10.4 b	10.4 	10.5 	8.5 	8.6 	8.9 	7.7 	7.1 	7.5 b	7.2 	6.9 	7.2 	7.6 	7.5 	8.1 	7.3 b	7.7 	8.3 	7.9 	9.4 
A,PC,T,Y18-24,AT31	11.3 	8.8 	7.3 	7.6 	8.8 b	8.7 	9.2 b	9.3 	11.1 	8.6 	8.8 	8.6 	6.4 	7.4 	8.0 b	7.4 	6.2 	8.4 	8.9 	7.5 	7.5 	6.5 b	7.4 	8.7 	8.4 	10.8 
A,PC,T,Y18-24,AT32	10.3 u	11.3 u	11.9 u	8.4 u	: bu	7.4 u	8.8 bu	10.4 u	7.5 u	: u	7.8 u	: u	: u	: u	: bu	: u	: u	: u	: u	7.5 u	9.6 u	: bu	: u	: u	: u	: u
A,PC,T,Y18-24,AT33	10.0 u	12.7 	9.2 u	9.3 u	9.8 bu	8.6 u	11.7 b	10.5 	9.2 u	9.2 u	9.0 u	10.9 	9.6 	6.4 u	7.1 bu	6.2 u	8.6 u	7.0 u	6.8 u	7.2 u	7.8 u	7.9 bu	9.0 u	8.5 u	6.4 u	8.8 u
A,PC,T,Y18-24,AT34	16.1 u	13.4 u	15.8 u	14.2 u	11.6 bu	12.6 u	14.3 bu	14.7 u	14.6 u	10.3 u	: u	11.8 u	11.0 u	: u	: bu	: u	: u	: u	: u	: u	: u	: bu	: u	10.6 u	11.7 u	: u
A,PC,T,Y18-24,BA	: 	: 	: 	: 	: 	: 	: 	: 	: 	: 	: 	: 	: 	: 	: 	: 	: 	: 	: 	: 	: 	4.7 b	3.6 	4.2 	3.8 	3.0 
A,PC,T,Y18-24,BE	13.8 	13.8 	14.1 	14.3 	13.1 b	12.9 	12.6 b	12.1 	12.0 b	11.1 	11.9 	12.3 	12.0 	11.0 	9.8 b	10.1 	8.8 	8.9 b	8.6 	8.4 	8.1 	6.7 b	6.4 	6.2 	7.0 b	7.3 
A,PC,T,Y18-24,BE1	20.7 	21.0 	22.4 	18.8 	18.1 b	19.4 	19.3 b	20.2 	19.9 b	15.6 	18.4 	18.9 	20.1 	17.7 	14.4 b	15.8 	14.8 	12.9 b	10.7 	11.8 	9.7 	9.1 b	7.4 	8.7 	9.8 b	8.8 
A,PC,T,Y18-24,BE10	20.7 	21.0 	22.4 	18.8 	18.1 b	19.4 	19.3 b	20.2 	19.9 b	15.6 	18.4 	18.9 	20.1 	17.7 	14.4 b	15.8 	14.8 	12.9 b	10.7 	11.8 	9.7 	9.1 b	7.4 	8.7 	9.8 b	8.8 
A,PC,T,Y18-24,BE2	11.6 	11.5 	11.7 	12.5 	11.0 b	10.7 	10.0 b	9.3 	8.6 b	8.6 	9.6 	9.6 	8.7 	7.5 	7.0 b	7.2 	6.8 	7.2 b	7.3 	6.2 	6.7 	5.3 b	4.9 	5.4 	5.8 b	5.5 
A,PC,T,Y18-24,BE21	12.9 	12.5 	12.2 	13.0 	12.2 b	11.8 	9.5 b	10.2 	9.8 b	9.2 	11.1 	11.3 	9.2 	10.2 	5.9 b	7.3 	8.3 	7.7 b	9.0 	7.3 	8.3 	6.2 b	5.6 	7.1 	7.9 b	6.0 
A,PC,T,Y18-24,BE22	12.3 	13.7 	14.0 	12.4 	9.9 b	14.0 	11.4 b	9.0 	8.1 b	8.9 	12.5 	11.0 	8.6 	9.6 	5.6 bu	8.6 	4.5 u	5.4 bu	7.6 u	6.3 u	7.5 u	6.8 bu	4.8 u	4.6 u	4.5 bu	4.3 u
A,PC,T,Y18-24,BE23	13.1 	12.2 	12.5 	14.5 	14.5 b	10.8 	9.8 b	10.5 	9.8 b	7.5 	10.2 	9.9 	10.0 	5.5 	9.5 b	7.9 	8.1 	9.4 b	8.2 	6.2 	5.7 	6.1 b	5.2 	4.1 u	4.7 b	6.1 
A,PC,T,Y18-24,BE24	8.7 	9.4 	10.1 	10.5 	9.4 b	8.0 	10.1 b	6.3 	6.7 b	8.6 	6.6 	5.4 u	6.8 	5.9 	5.4 bu	4.7 u	5.5 	4.5 bu	5.5 	5.9 	5.3 u	: bu	3.8 u	4.6 u	3.6 bu	5.9 
A,PC,T,Y18-24,BE25	9.9 	9.3 	9.4 	11.3 	7.6 b	8.9 	9.9 b	9.3 	7.1 b	8.4 	6.9 	9.2 	7.9 	5.7 	8.4 b	7.5 	5.8 	7.5 b	5.2 u	4.7 u	6.6 	5.1 bu	4.6 u	5.7 	7.1 b	4.4 u
A,PC,T,Y18-24,BE3	15.5 	15.8 	16.1 	16.1 	15.3 b	14.7 	14.8 b	14.3 	15.2 b	13.8 	13.7 	14.7 	14.8 	14.7 	12.9 b	13.1 	10.3 	10.5 b	9.9 	10.9 	9.8 	8.3 b	8.6 	6.7 	8.1 b	9.8 
A,PC,T,Y18-24,BE31	7.8 u	7.7 u	10.7 u	9.7 u	9.6 bu	9.1 u	9.4 bu	9.8 u	9.2 bu	7.9 u	7.1 u	8.7 u	8.4 u	8.5 u	8.8 bu	: u	: u	: bu	: u	7.8 u	: u	: bu	: u	: u	7.3 bu	: u
A,PC,T,Y18-24,BE32	15.3 	17.8 	16.3 	19.4 	17.0 b	17.2 	18.2 b	15.3 	17.8 b	16.8 	17.2 	14.6 	19.3 	17.9 	14.1 b	15.9 	12.7 	12.2 b	11.9 	11.8 	12.7 	11.4 b	11.0 	7.1 	8.6 b	10.1 
A,PC,T,Y18-24,BE33	19.9 	18.4 	19.0 	16.7 	16.4 b	15.1 	14.2 b	17.1 	16.1 b	14.4 	13.2 	18.1 	13.6 	14.7 	15.2 b	15.5 	11.6 	11.3 b	11.1 	11.9 	9.0 	7.4 b	9.2 	6.7 	7.3 b	12.6 
A,PC,T,Y18-24,BE34	12.6 u	12.7 u	15.6 u	13.0 u	13.7 bu	13.3 u	11.9 bu	11.5 u	14.8 bu	9.4 u	13.7 u	13.1 u	10.7 u	11.3 u	9.1 bu	8.7 u	: u	: bu	: u	8.7 u	10.5 u	9.1 bu	: u	8.3 u	9.4 bu	: u
A,PC,T,Y18-24,BE35	13.8 	12.8 u	13.8 	12.2 u	13.5 b	12.2 u	12.6 b	10.7 u	11.2 bu	11.3 u	11.1 u	13.6 	13.0 	13.2 	10.1 bu	10.3 u	7.9 u	11.7 b	8.9 u	10.1 u	8.6 u	6.3 bu	6.2 u	6.6 u	8.6 bu	8.3 u
A,PC,T,Y18-24,BG	: 	20.5 b	20.7 	21.9 b	21.4 	20.4 	17.3 b	14.9 	14.8 	14.7 	12.6 b	11.8 b	12.5 	12.5 	12.9 b	13.4 	13.8 	12.7 	12.7 	13.9 b	12.8 	12.0 b	10.3 	9.3 	8.2 b	8.6 
A,PC,T,Y18-24,BG3	: 	: 	: 	25.3 b	25.3 	23.9 	21.5 b	19.9 	19.8 	19.2 	17.6 b	16.8 b	17.3 	16.9 	17.5 b	18.2 	18.6 	17.4 	17.8 	19.9 b	17.6 	16.4 b	13.2 	13.7 	13.4 b	13.7 
A,PC,T,Y18-24,BG31	: 	: 	: 	25.3 b	24.3 	22.5 	18.0 b	17.1 	15.4 	15.2 	16.6 b	16.6 b	20.8 	18.2 	20.8 b	23.1 	27.7 	21.6 	19.8 	22.8 b	20.0 u	19.2 bu	13.4 u	12.6 u	11.2 bu	15.2 
A,PC,T,Y18-24,BG32	: 	: 	: 	25.3 b	26.5 	23.2 	20.9 b	19.4 	19.9 	17.5 	18.2 b	17.1 b	14.9 	15.9 	17.9 b	15.2 	14.0 	14.3 	11.0 u	: bu	12.9 u	10.0 bu	: u	: u	9.9 bu	11.1 u
A,PC,T,Y18-24,BG33	: 	: 	: 	23.5 b	24.7 	23.2 	20.4 b	19.5 	21.8 	20.9 	17.1 b	14.3 b	13.6 	14.3 	15.6 b	16.0 	14.1 	12.7 	16.5 	18.8 b	12.5 u	14.4 bu	12.2 u	14.1 	13.9 bu	10.1 
A,PC,T,Y18-24,BG34	: 	: 	: 	27.2 b	25.6 	26.1 	25.4 b	22.7 	20.8 	22.1 	18.6 b	19.3 b	21.1 	19.8 	16.8 b	19.3 	21.2 	22.0 	22.6 	27.3 b	24.4 	21.4 b	18.7 	18.5 	18.1 b	18.9 
A,PC,T,Y18-24,BG4	: 	: 	: 	18.4 b	17.6 	17.1 	13.4 b	10.1 	9.6 	10.1 	8.5 b	7.6 b	8.2 	8.5 	8.5 b	9.3 	9.8 	8.7 	8.3 	9.1 b	8.6 	8.5 b	7.9 	5.8 	4.5 b	5.0 
A,PC,T,Y18-24,BG41	: 	10.0 b	8.9 	11.1 b	10.1 	10.6 	7.3 b	6.3 	5.0 	4.5 	4.0 b	3.4 b	4.0 	4.8 	5.9 b	5.7 	5.7 	4.7 	4.7 	5.7 b	5.3 u	6.6 b	7.0 	4.6 	2.9 bu	2.6 u
A,PC,T,Y18-24,BG42	: 	: 	: 	28.7 b	28.6 	27.1 	22.9 b	15.4 	16.3 	17.9 	16.4 b	15.0 b	15.9 	15.0 	13.0 b	15.3 	16.4 	15.9 	15.8 	16.4 b	15.2 	12.1 b	9.6 	8.5 u	9.0 bu	10.9 
A,PC,T,Y18-24,CH	7.3 	6.6 	6.7 	9.7 b	9.5 	9.7 	9.6 	7.6 	7.7 	9.1 	6.7 b	6.3 	5.5 	5.6 	5.6 b	5.2 	4.9 	4.5 	4.4 	4.4 	4.0 	5.1 b	6.5 	5.7 	5.7 	5.5 
A,PC,T,Y18-24,CH0	7.3 	6.6 	6.7 	9.7 b	9.5 	9.7 	9.6 	7.6 	7.7 	9.1 	6.7 b	6.3 	5.5 	5.6 	5.6 b	5.2 	4.9 	4.5 	4.4 	4.4 	4.0 	5.1 b	6.5 	5.7 	5.7 	5.5 
A,PC,T,Y18-24,CH01	: 	4.4 u	4.6 u	8.3 b	9.6 	9.1 	9.3 	7.3 	7.2 	8.4 	6.1 b	8.0 	5.5 	6.0 	6.6 b	6.9 	6.9 	6.9 	7.7 	5.4 	3.7 	6.8 b	7.8 	6.2 	7.3 	6.9 
A,PC,T,Y18-24,CH02	: 	4.5 u	5.9 	10.2 b	7.2 	9.9 	10.4 	6.1 	6.6 	7.8 	6.4 b	4.4 	4.6 	4.1 	5.3 b	4.4 	4.1 	3.9 	3.4 u	4.0 	4.6 	6.1 b	6.9 	6.3 	6.3 	5.4 
A,PC,T,Y18-24,CH03	: 	13.2 	9.6 	9.7 b	11.3 	11.2 	11.7 	9.9 	9.4 	9.2 	8.2 b	6.0 	6.3 	7.5 	6.6 b	3.6 u	3.7 u	4.4 u	4.1 u	4.3 u	5.7 u	6.0 bu	7.5 	9.0 	5.1 u	5.4 u
A,PC,T,Y18-24,CH04	: 	3.6 u	6.3 	11.9 b	10.3 	9.4 	10.9 	7.7 	8.5 	12.5 	8.2 b	7.5 	6.2 	6.7 	4.6 bu	6.2 	4.7 u	3.7 u	4.1 u	4.9 	4.1 u	3.9 bu	5.8 	3.8 u	5.7 	5.2 
A,PC,T,Y18-24,CH05	: 	8.8 u	4.9 u	10.1 b	11.3 	9.8 	7.3 u	7.7 u	7.8 	8.4 	6.5 b	7.7 	6.0 	4.9 	4.7 bu	4.7 u	3.9 u	3.5 u	3.6 u	3.3 u	1.4 u	3.0 bu	4.6 u	3.4 u	3.9 u	4.1 u
A,PC,T,Y18-24,CH06	: 	5.6 u	12.8 	8.9 bu	8.1 u	9.2 u	8.1 u	8.6 u	6.4 u	9.0 u	5.1 bu	4.7 u	5.1 u	5.1 u	5.2 bu	5.1 u	6.6 u	3.6 u	2.1 u	3.5 u	4.6 u	3.2 bu	5.5 u	4.7 u	4.1 u	5.7 u
A,PC,T,Y18-24,CH07	: 	: u	: u	: bu	9.5 u	: u	: u	: u	9.5 u	8.6 u	4.7 bu	4.2 u	4.7 u	6.2 u	7.7 bu	4.3 u	4.1 u	4.5 u	: u	6.3 u	4.1 u	: bu	5.6 u	5.7 u	6.2 u	5.3 u
A,PC,T,Y18-24,CY	18.5 	17.9 	15.9 	17.3 b	20.6 	18.2 	14.9 b	12.5 	13.7 	11.7 b	12.7 	11.3 	11.4 	9.1 	6.8 b	5.2 	7.6 	8.5 	7.8 	9.0 	11.6 	9.8 b	8.2 	10.4 	11.3 	9.8 
A,PC,T,Y18-24,CY0	18.5 	17.9 	15.9 	17.3 b	20.6 	18.2 	14.9 b	12.5 	13.7 	11.7 b	12.7 	11.3 	11.4 	9.1 	6.8 b	5.2 	7.6 	8.5 	7.8 	9.0 	11.6 	9.8 b	8.2 	10.4 	11.3 	9.8 
A,PC,T,Y18-24,CY00	18.5 	17.9 	15.9 	17.3 b	20.6 	18.2 	14.9 b	12.5 	13.7 	11.7 b	12.7 	11.3 	11.4 	9.1 	6.8 b	5.2 	7.6 	8.5 	7.8 	9.0 	11.6 	9.8 b	8.2 	10.4 	11.3 	9.8 
A,PC,T,Y18-24,CZ	: 	: 	5.7 	6.5 b	6.3 	6.2 	5.1 b	5.2 	5.6 	5.4 	4.9 	4.9 b	5.5 	5.4 	5.5 b	6.2 	6.6 	6.7 	6.2 	6.7 	7.6 	6.4 b	6.2 	6.4 	5.4 	6.1 
A,PC,T,Y18-24,CZ0	: 	: 	5.7 	6.5 b	6.3 	6.2 	5.1 b	5.2 	5.6 	5.4 	4.9 	4.9 b	5.5 	5.4 	5.5 b	6.2 	6.6 	6.7 	6.2 	6.7 	7.6 	6.4 b	6.2 	6.4 	5.4 	6.1 
A,PC,T,Y18-24,CZ01	: 	: 	1.4 u	2.5 bu	4.2 	4.9 	1.8 bu	2.4 u	2.1 u	3.2 	2.8 	2.3 bu	2.4 u	3.2 u	2.5 bu	3.6 	3.5 u	1.6 u	2.7 u	1.9 u	2.4 u	0.8 bu	2.5 u	1.7 u	1.3 u	: u
A,PC,T,Y18-24,CZ02	: 	: 	6.3 	6.8 b	7.3 	6.4 	4.4 b	5.3 	4.8 	6.0 	4.6 	3.2 b	3.6 	4.8 	4.0 b	4.3 	4.3 	6.6 	4.7 	4.3 	6.4 	6.3 b	4.3 	4.8 	6.1 	5.7 
A,PC,T,Y18-24,CZ03	: 	: 	5.3 	7.4 b	5.6 	5.7 	6.0 b	3.9 	5.1 	5.8 	5.0 	5.1 b	5.6 	5.9 	5.9 b	5.7 	7.5 	7.6 	5.0 	7.2 	7.5 	8.6 b	7.7 	8.4 	7.9 	6.3 
A,PC,T,Y18-24,CZ04	: 	: 	11.3 	14.0 b	12.9 	10.3 	10.7 b	11.5 	14.6 	12.6 	11.3 	11.2 b	12.0 	9.4 	12.8 b	14.5 	13.8 	15.6 	17.1 	15.5 	17.4 	14.1 b	11.7 	14.8 	11.6 	12.4 
A,PC,T,Y18-24,CZ05	: 	: 	6.1 	6.3 b	5.3 	4.6 	4.9 b	4.1 	4.7 	5.3 	4.2 	5.1 b	7.4 	6.4 	5.8 b	5.9 	6.9 	6.0 	5.8 	6.6 	7.3 	5.6 b	6.1 	6.0 	5.5 	6.0 
A,PC,T,Y18-24,CZ06	: 	: 	4.2 	4.6 b	5.1 	5.1 	3.8 b	4.0 	2.3 	2.6 	2.9 	3.7 b	3.6 	3.7 	4.0 b	2.7 	3.2 	4.6 	4.9 	4.8 	4.2 	3.8 b	4.5 	4.7 	2.7 	6.0 
A,PC,T,Y18-24,CZ07	: 	: 	5.9 	4.4 b	4.4 	4.1 	3.7 b	3.9 	3.9 	3.9 	4.1 	3.9 b	4.1 	4.9 	3.6 b	6.0 	7.1 	6.4 	4.4 	4.9 	7.3 	5.8 b	6.2 	4.4 	4.3 	5.4 
A,PC,T,Y18-24,CZ08	: 	: 	5.3 	7.0 b	6.8 	9.1 	6.2 b	7.0 	8.5 	5.0 	5.4 	5.2 b	5.9 	5.7 	6.3 b	8.7 	8.2 	6.6 	6.4 	9.8 	9.6 	7.5 b	7.4 	8.5 	5.1 	6.5 
A,PC,T,Y18-24,DE	14.6 u	12.3 	12.5 	12.8 b	12.1 	13.5 b	13.7 	12.5 	11.8 b	11.1 	11.8 b	11.6 	10.5 b	9.8 	9.5 b	10.1 	10.3 	10.1 	10.3 	10.3 	10.1 b	12.3 b	12.5 	13.0 	12.9 b	13.1 
A,PC,T,Y18-24,DE1	15.1 u	12.7 	13.6 	12.1 b	11.3 	12.5 b	11.5 	11.3 	10.1 b	9.5 	9.7 b	10.0 	8.4 b	7.5 	7.8 b	8.5 	9.3 	8.7 	9.7 	9.2 	8.2 b	11.5 b	11.3 	11.7 	11.5 b	11.1 
A,PC,T,Y18-24,DE11	17.7 u	13.9 	14.0 	13.2 b	12.1 	11.9 b	11.4 	12.1 	11.4 b	10.1 	10.1 b	10.1 	8.8 b	8.4 	8.3 b	8.6 	9.6 	8.6 	9.9 	11.1 	9.7 bu	11.2 b	11.6 	14.0 	13.1 b	12.6 
A,PC,T,Y18-24,DE12	10.7 u	11.9 	14.4 	10.1 b	10.8 	14.0 b	12.1 	9.5 	9.3 b	9.8 	11.8 b	11.2 	9.1 b	7.1 	7.1 b	8.0 	9.3 	9.0 	10.1 	8.3 	: bu	10.5 bu	11.4 u	11.2 u	12.2 b	11.1 u
A,PC,T,Y18-24,DE13	15.8 u	14.6 	13.9 	12.8 b	10.6 	13.1 b	12.1 	12.4 	10.7 b	9.6 	8.2 b	10.2 	8.3 b	8.1 	9.8 b	9.8 	10.9 	9.9 	11.4 	8.2 	: bu	11.5 bu	11.9 u	10.6 u	11.2 bu	11.7 u
A,PC,T,Y18-24,DE14	15.1 u	9.7 	11.4 	12.0 b	10.9 	10.5 b	10.1 	10.9 	8.0 b	7.6 	8.0 b	7.5 	6.8 b	5.8 	5.4 b	7.3 	6.9 	6.7 	6.8 	7.9 	: bu	13.3 bu	9.9 u	8.9 u	7.8 bu	: u
A,PC,T,Y18-24,DE2	12.8 u	11.5 	11.9 	12.6 b	9.9 	11.2 b	12.7 	10.5 	9.6 b	8.8 	9.2 b	9.0 	7.3 b	7.1 	6.3 b	6.2 	7.6 	7.1 	7.2 	7.6 	9.5 b	9.4 b	9.4 	10.6 	10.0 b	10.1 
A,PC,T,Y18-24,DE21	14.0 u	11.7 	11.3 	12.6 b	9.6 	11.5 b	12.5 	10.0 	8.0 b	8.0 	8.6 b	8.7 	6.8 b	6.6 	6.0 b	6.0 	7.1 	6.7 	6.4 	7.1 	11.1 bu	8.4 b	7.8 	9.3 	8.5 b	7.8 
A,PC,T,Y18-24,DE22	12.1 	11.1 	10.6 	11.6 b	8.6 	8.2 b	11.4 	11.0 	10.6 b	10.5 	8.6 b	7.2 	6.9 b	8.3 	5.4 b	8.3 	8.1 	5.4 	5.2 	7.2 	: bu	: bu	: u	: u	13.8 bu	: u
A,PC,T,Y18-24,DE23	12.1 u	8.8 	10.3 	10.1 b	7.9 	11.9 b	11.7 	10.0 	9.5 b	8.3 	7.1 b	8.9 	5.8 b	6.0 	: bu	: u	9.0 	: u	7.9 	7.7 	: bu	: bu	: u	: u	: bu	: u
A,PC,T,Y18-24,DE24	13.2 u	15.8 	16.4 	11.2 b	9.6 	14.4 b	15.6 	11.5 	11.6 b	10.7 	10.6 b	8.3 	8.0 b	7.1 	7.0 b	6.7 	5.9 	6.8 	8.5 	7.8 	: bu	: bu	: u	: u	: bu	: u
A,PC,T,Y18-24,DE25	11.0 u	8.8 	11.6 	15.2 b	11.0 	12.0 b	13.6 	11.6 	11.1 b	10.8 	11.7 b	12.8 	9.9 b	9.5 	8.6 b	7.0 	8.9 	9.3 	9.4 	10.1 	: bu	14.9 bu	12.7 u	13.9 u	12.8 bu	10.3 u
A,PC,T,Y18-24,DE26	12.3 u	10.1 	11.6 	11.5 b	10.1 	11.0 b	10.9 	10.6 	8.4 b	7.0 	8.9 b	7.8 	6.0 b	6.2 	5.8 b	5.1 	8.2 	7.5 	6.7 	7.2 	: bu	11.5 bu	13.4 u	: u	13.7 bu	12.1 u
A,PC,T,Y18-24,DE27	12.6 u	13.8 	12.8 	14.2 b	11.9 	9.5 b	13.3 	9.8 	10.5 b	8.5 	9.5 b	9.1 	8.0 b	6.5 	7.1 b	6.4 	7.1 	8.3 	7.3 	6.9 	: bu	9.3 bu	: u	10.7 u	: bu	13.1 u
A,PC,T,Y18-24,DE3	19.7 u	15.5 	16.7 	15.3 b	16.5 	16.9 b	18.4 	15.3 	15.7 b	14.1 	14.4 b	13.2 	13.4 b	12.2 	13.5 b	13.9 	11.7 	13.2 	13.6 	11.6 	10.4 bu	10.9 b	12.4 	15.0 	15.5 b	15.7 
A,PC,T,Y18-24,DE30	19.7 u	15.5 	16.7 	15.3 b	16.5 	16.9 b	18.4 	15.3 	15.7 b	14.1 	14.4 b	13.2 	13.4 b	12.2 	13.5 b	13.9 	11.7 	13.2 	13.6 	11.6 	10.4 bu	10.9 b	12.4 	15.0 	15.5 b	15.7 
A,PC,T,Y18-24,DE4	10.4 u	7.1 	7.2 	9.6 b	10.8 	10.7 b	10.6 	10.9 	9.2 b	9.0 	9.6 b	10.3 	10.2 b	10.6 	9.0 b	11.9 	11.0 	12.4 	11.6 	10.8 	: bu	16.2 bu	11.7 u	10.5 u	14.3 bu	17.6 
A,PC,T,Y18-24,DE40	10.4 u	7.1 	7.2 	9.6 b	10.8 	10.7 b	10.6 	10.9 	9.2 b	9.0 	9.6 b	10.3 	10.2 b	10.6 	9.0 b	11.9 	11.0 	12.4 	11.6 	10.8 	: bu	16.2 bu	11.7 u	10.5 u	14.3 bu	17.6 
A,PC,T,Y18-24,DE5	21.3 u	17.4 	16.9 	21.5 b	20.7 	17.9 b	16.8 	15.0 	14.5 b	14.5 	14.1 b	17.8 	13.1 b	14.9 	14.0 b	12.4 	10.9 	11.1 	14.6 	16.0 	: bu	: bu	: u	: u	: bu	: u
A,PC,T,Y18-24,DE50	21.3 u	17.4 	16.9 	21.5 b	20.7 	17.9 b	16.8 	15.0 	14.5 b	14.5 	14.1 b	17.8 	13.1 b	14.9 	14.0 b	12.4 	10.9 	11.1 	14.6 	16.0 	: bu	: bu	: u	: u	: bu	: u
A,PC,T,Y18-24,DE6	19.5 u	16.8 	19.1 	16.3 b	19.2 	20.1 b	16.9 	17.7 	14.7 b	12.1 	13.0 b	13.0 	12.4 b	11.6 	11.7 b	13.2 	12.7 	11.2 	11.0 	13.2 	: bu	10.2 bu	12.1 u	14.0 u	12.6 bu	9.6 u
A,PC,T,Y18-24,DE60	19.5 u	16.8 	19.1 	16.3 b	19.2 	20.1 b	16.9 	17.7 	14.7 b	12.1 	13.0 b	13.0 	12.4 b	11.6 	11.7 b	13.2 	12.7 	11.2 	11.0 	13.2 	: bu	10.2 bu	12.1 u	14.0 u	12.6 bu	9.6 u
A,PC,T,Y18-24,DE7	17.6 u	13.8 	12.8 	11.8 b	11.8 	14.3 b	14.6 	12.8 	12.3 b	11.3 	11.8 b	10.9 	9.5 b	10.1 	9.7 b	9.9 	10.5 	10.1 	10.8 	10.3 	11.5 b	14.7 b	14.7 	14.9 	13.8 b	13.3 
A,PC,T,Y18-24,DE71	19.3 u	14.3 	14.3 	12.0 b	12.3 	15.3 b	15.3 	12.4 	12.6 b	12.0 	12.8 b	12.5 	10.2 b	10.8 	10.2 b	10.2 	11.4 	10.7 	10.6 	10.3 	11.6 bu	15.2 b	15.5 	14.8 	13.5 b	12.8 
A,PC,T,Y18-24,DE72	15.2 u	11.1 	10.8 	11.3 b	11.4 	12.8 b	13.7 	12.5 	11.1 b	9.3 	10.3 b	8.0 	8.3 b	8.7 	6.7 b	8.9 	8.4 	9.4 	11.3 	8.8 	: bu	: bu	: u	: u	14.2 bu	15.3 u
A,PC,T,Y18-24,DE73	15.0 u	14.9 	10.6 	11.8 b	11.0 	12.8 b	13.6 	14.1 	12.7 b	11.5 	10.5 b	8.9 	8.8 b	9.7 	10.9 b	9.9 	9.8 	8.9 	11.0 	11.6 	: bu	16.2 bu	17.1 u	14.5 u	14.2 bu	: u
A,PC,T,Y18-24,DE8	10.8 	9.0 	9.2 	9.9 b	6.7 	12.6 b	11.6 	10.7 	8.7 b	9.1 	9.3 b	10.2 	11.2 b	9.7 	9.9 b	11.1 	13.5 	9.7 	11.1 	11.5 	: bu	14.6 bu	14.6 u	14.0 u	13.4 bu	14.5 u
A,PC,T,Y18-24,DE80	10.8 	9.0 	9.2 	9.9 b	6.7 	12.6 b	11.6 	10.7 	8.7 b	9.1 	9.3 b	10.2 	11.2 b	9.7 	9.9 b	11.1 	13.5 	9.7 	11.1 	11.5 	: bu	14.6 bu	14.6 u	14.0 u	13.4 bu	14.5 u
A,PC,T,Y18-24,DE9	14.8 u	11.7 	13.2 	13.9 b	13.6 	15.0 b	14.2 	13.7 	13.0 b	12.6 	13.7 b	14.1 	11.9 b	10.8 	10.6 b	11.0 	12.1 	11.3 	11.1 	11.9 	9.8 b	13.4 b	14.4 	16.9 	16.1 b	14.3 
A,PC,T,Y18-24,DE91	11.2 u	9.5 	11.7 	13.7 b	10.5 	16.2 b	13.1 	11.7 	10.8 b	11.3 	12.7 b	13.0 	11.7 b	10.1 	12.1 b	7.7 	9.7 	10.5 	10.0 	10.1 	: bu	12.2 bu	14.6 u	16.1 u	15.3 bu	15.0 u
A,PC,T,Y18-24,DE92	14.7 u	13.2 	15.1 	13.3 b	13.9 	13.4 b	14.9 	13.2 	13.1 b	13.4 	14.2 b	14.9 	13.3 b	13.2 	10.5 b	11.5 	14.2 	12.8 	10.8 	12.9 	: bu	12.0 bu	14.8 u	15.3 u	14.6 bu	15.0 u
A,PC,T,Y18-24,DE93	16.1 u	10.4 	12.2 	14.1 b	16.1 	16.6 b	15.6 	17.2 	16.7 b	14.5 	16.1 b	15.8 	13.7 b	10.7 	10.9 b	11.3 	12.9 	12.2 	11.2 	12.4 	: bu	14.4 bu	14.5 u	18.0 u	15.7 bu	12.8 u
A,PC,T,Y18-24,DE94	16.3 u	12.9 	13.2 	14.3 b	13.7 	14.5 b	13.4 	13.3 	12.2 b	11.6 	12.6 b	13.1 	9.8 b	9.3 	9.5 b	12.5 	11.4 	10.0 	12.0 	12.0 	: bu	14.7 b	14.0 	17.9 	18.1 b	14.3 
A,PC,T,Y18-24,DEA	17.9 u	15.3 	15.0 	15.8 b	14.6 	15.7 b	16.2 	14.7 	14.6 b	13.8 	14.4 b	13.6 	12.9 b	11.6 	11.2 b	11.7 	11.4 	11.6 	12.0 	11.2 	10.7 b	12.5 b	12.9 	12.1 	12.8 b	14.5 
A,PC,T,Y18-24,DEA1	21.8 u	18.2 	16.2 	19.8 b	16.2 	17.2 b	19.6 	15.1 	16.3 b	15.2 	16.5 b	14.8 	14.3 b	13.6 	13.6 b	12.4 	11.8 	13.6 	13.4 	12.1 	10.3 bu	13.9 b	14.9 	13.8 	14.7 b	16.2 
A,PC,T,Y18-24,DEA2	16.4 u	13.1 	14.0 	14.0 b	11.8 	14.0 b	14.8 	14.2 	13.6 b	12.3 	13.7 b	13.3 	11.6 b	10.4 	11.0 b	10.9 	9.9 	11.0 	12.3 	10.7 	10.0 bu	10.0 b	11.5 	9.8 	11.8 b	13.4 
A,PC,T,Y18-24,DEA3	13.4 u	11.9 	12.5 	14.3 b	17.2 	16.7 b	14.3 	12.7 	13.9 b	12.8 	13.1 b	11.4 	11.3 b	9.6 	9.7 b	12.0 	12.4 	10.6 	10.9 	9.7 	: bu	12.5 b	11.2 u	11.0 u	12.0 bu	14.6 
A,PC,T,Y18-24,DEA4	16.9 u	17.4 	17.1 	13.7 b	14.8 	13.1 b	13.3 	14.4 	14.2 b	12.2 	13.5 b	12.7 	12.6 b	10.5 	8.8 b	11.0 	11.7 	10.4 	10.0 	9.5 	: bu	10.3 bu	10.9 u	12.5 u	11.7 bu	11.2 u
A,PC,T,Y18-24,DEA5	18.5 u	15.3 	15.3 	14.6 b	13.3 	16.5 b	16.2 	16.5 	14.3 b	15.2 	13.8 b	14.5 	14.2 b	12.3 	11.0 b	12.0 	11.8 	11.3 	11.9 	12.7 	13.2 bu	14.6 b	14.1 	13.1 	13.0 b	15.8 
A,PC,T,Y18-24,DEB	16.5 u	13.2 	11.8 	14.5 b	13.1 	16.5 b	15.3 	15.3 	12.4 b	13.7 	15.4 b	13.5 	12.5 b	13.0 	10.4 b	12.5 	11.7 	11.8 	11.5 	11.6 	9.7 bu	14.4 b	14.8 	15.0 	14.7 b	13.8 
A,PC,T,Y18-24,DEB1	: 	: 	11.3 	15.8 b	12.1 	17.3 b	14.8 	15.4 	13.9 b	14.3 	15.1 b	13.3 	12.0 b	13.3 	11.0 b	13.3 	12.7 	12.6 	13.9 	9.6 	: bu	16.7 bu	18.7 u	18.5 u	16.8 bu	15.7 u
A,PC,T,Y18-24,DEB2	: 	: 	: u	: bu	: u	12.9 b	: u	12.9 	10.8 b	: u	12.0 b	13.7 	13.1 b	: u	: bu	: u	11.6 	: u	: u	13.4 	: bu	: bu	: u	: u	: bu	: u
A,PC,T,Y18-24,DEB3	: 	: 	13.5 	15.6 b	14.8 	17.1 b	16.9 	16.0 	11.8 b	14.5 	16.7 b	13.5 	12.7 b	14.0 	10.3 b	13.0 	11.2 	12.0 	11.1 	12.5 	: bu	13.7 bu	12.9 u	14.4 u	14.7 bu	13.0 u
A,PC,T,Y18-24,DEC	12.0 u	8.0 	7.6 	13.2 b	15.7 	21.0 b	21.0 	13.0 	14.2 b	14.4 	13.2 b	15.3 	12.8 b	13.6 	11.9 b	12.5 	10.3 	11.7 	12.0 	11.7 	: bu	: bu	: u	: u	: bu	: u
A,PC,T,Y18-24,DEC0	12.0 u	8.0 	7.6 	13.2 b	15.7 	21.0 b	21.0 	13.0 	14.2 b	14.4 	13.2 b	15.3 	12.8 b	13.6 	11.9 b	12.5 	10.3 	11.7 	12.0 	11.7 	: bu	: bu	: u	: u	: bu	: u
A,PC,T,Y18-24,DED	7.5 u	6.6 	7.3 	8.0 b	6.2 	7.9 b	8.7 	8.0 	7.4 b	6.7 	7.7 b	7.9 	8.1 b	6.6 	6.8 b	8.7 	7.7 	8.6 	7.5 	8.3 	: bu	8.9 bu	8.8 u	9.5 u	10.0 b	12.2 
A,PC,T,Y18-24,DED2	6.1 u	6.7 	7.7 	7.9 b	5.4 	7.2 b	7.9 	8.5 	7.2 b	6.5 	6.9 b	7.0 	8.0 b	6.1 	5.8 b	7.1 	6.7 	9.0 	: u	7.8 	: bu	: bu	: u	: u	: bu	: u
A,PC,T,Y18-24,DED4	: 	: 	: 	: 	: 	7.3 b	8.3 	6.1 	6.0 b	4.5 	7.6 b	8.5 	8.3 b	: u	7.6 b	10.7 	: u	: u	8.3 	9.0 	: bu	: bu	: u	: u	: bu	: u
A,PC,T,Y18-24,DED5	: 	: 	: 	: 	: 	9.7 b	10.3 	9.6 	9.4 b	9.9 	8.9 b	8.5 	8.0 b	7.6 	7.4 b	8.9 	9.1 	9.2 	8.7 	8.4 	: bu	: bu	: u	: u	: bu	: u
A,PC,T,Y18-24,DEE	9.5 u	8.6 	6.5 	8.4 b	8.8 	11.1 b	11.8 	12.2 	12.1 b	10.7 	11.9 b	13.1 	11.2 b	9.9 	9.3 b	12.5 	11.0 	13.6 	9.3 	12.7 	: bu	17.2 bu	14.9 u	13.4 u	13.2 bu	15.1 u
A,PC,T,Y18-24,DEE0	9.5 u	8.6 	6.5 	8.4 b	8.8 	11.1 b	11.8 	12.2 	12.1 b	10.7 	11.9 b	13.1 	11.2 b	9.9 	9.3 b	12.5 	11.0 	13.6 	9.3 	12.7 	: bu	17.2 bu	14.9 u	13.4 u	13.2 bu	15.1 u
A,PC,T,Y18-24,DEF	16.2 u	14.1 	14.0 	15.9 b	14.7 	14.9 b	15.4 	13.2 	13.6 b	12.1 	12.6 b	13.0 	12.6 b	10.1 	12.7 b	10.9 	10.2 	8.8 	10.0 	10.8 	14.1 bu	14.3 b	17.2 	17.4 	16.0 b	14.7 
A,PC,T,Y18-24,DEF0	16.2 u	14.1 	14.0 	15.9 b	14.7 	14.9 b	15.4 	13.2 	13.6 b	12.1 	12.6 b	13.0 	12.6 b	10.1 	12.7 b	10.9 	10.2 	8.8 	10.0 	10.8 	14.1 bu	14.3 b	17.2 	17.4 	16.0 b	14.7 
A,PC,T,Y18-24,DEG	7.4 u	6.8 	5.6 	4.3 b	7.1 	6.9 b	8.3 	8.1 	7.4 b	5.4 	6.4 b	7.8 	7.6 b	7.8 	6.1 b	8.5 	8.8 	8.7 	8.4 	9.6 	: bu	12.6 bu	12.4 u	13.9 u	13.1 bu	13.6 u
A,PC,T,Y18-24,DEG0	7.4 u	6.8 	5.6 	4.3 b	7.1 	6.9 b	8.3 	8.1 	7.4 b	5.4 	6.4 b	7.8 	7.6 b	7.8 	6.1 b	8.5 	8.8 	8.7 	8.4 	9.6 	: bu	12.6 bu	12.4 u	13.9 u	13.1 bu	13.6 u
A,PC,T,Y18-24,DK	11.7 	9.2 	9.0 	10.4 b	8.8 	8.7 	9.1 	12.9 b	12.7 b	11.5 	11.5 	10.3 	9.6 	8.2 	8.1 b	8.1 	7.5 b	8.8 b	10.4 	9.9 	9.3 	9.8 b	10.0 	10.4 	10.4 	10.0 b
A,PC,T,Y18-24,DK0	11.7 	9.2 	9.0 	10.4 b	8.8 	8.7 	9.1 	12.9 b	12.7 b	11.5 	11.5 	10.3 	9.6 	8.2 	8.1 b	8.1 	7.5 b	8.8 b	10.4 	9.9 	9.3 	9.8 b	10.0 	10.4 	10.4 	10.0 b
A,PC,T,Y18-24,DK01	: 	: 	: 	: 	: 	: 	: 	11.0 b	11.7 b	9.9 	10.9 	9.5 	9.2 	7.6 	7.0 b	6.7 	5.8 b	7.1 b	9.0 	9.4 	7.8 	8.6 b	8.4 	8.3 	8.2 	6.5 b
A,PC,T,Y18-24,DK02	: 	: 	: 	: 	: 	: 	: 	15.8 b	14.8 b	15.6 	12.0 	12.3 	10.9 	10.3 	9.5 b	10.7 	8.6 b	12.3 b	13.3 	10.2 	11.8 	13.8 b	10.0 	12.5 	12.2 	12.7 b
A,PC,T,Y18-24,DK03	: 	: 	: 	: 	: 	: 	: 	13.5 b	12.2 b	13.6 	13.2 	10.1 	9.4 	7.7 	9.0 b	8.1 	9.0 b	10.2 b	12.1 	11.6 	10.2 	10.4 b	11.7 	12.2 	10.6 	12.1 b
A,PC,T,Y18-24,DK04	: 	: 	: 	: 	: 	: 	: 	13.9 b	12.7 b	9.9 	11.4 	10.5 	8.8 	8.6 	8.1 b	8.5 	8.0 b	8.7 b	9.1 	9.1 	9.5 	9.6 b	10.2 	11.4 	12.0 	11.1 b
A,PC,T,Y18-24,DK05	: 	: 	: 	: 	: 	: 	: 	11.8 b	14.6 b	10.6 	9.8 	10.5 	11.2 	8.4 	8.2 b	8.5 	6.9 bu	8.3 b	10.5 	9.5 	8.3 	8.9 b	10.8 	9.1 	10.8 	11.1 b
A,PC,T,Y18-24,EA21	: 	: 	18.7 	18.3 	17.8 	17.5 	17.1 	16.5 	16.1 	15.6 	15.2 	14.4 	13.6 	12.7 	11.7 b	11.5 	11.0 	10.9 	10.9 	10.5 	10.3 	9.9 b	9.8 	9.8 	9.6 	9.3 
A,PC,T,Y18-24,EE	15.1 b	14.7 	13.6 	13.7 b	13.9 	14.0 	13.4 	14.4 	14.0 	13.5 b	11.0 	10.6 	10.3 	9.7 	12.0 b	13.7 	11.4 	11.8 	12.0 	11.2 	8.5 	9.8 b	10.8 	9.7 	11.0 	10.2 
A,PC,T,Y18-24,EE0	15.1 b	14.7 	13.6 	13.7 b	13.9 	14.0 	13.4 	14.4 	14.0 	13.5 b	11.0 	10.6 	10.3 	9.7 	12.0 b	13.7 	11.4 	11.8 	12.0 	11.2 	8.5 	9.8 b	10.8 	9.7 	11.0 	10.2 
A,PC,T,Y18-24,EE00	15.1 b	14.7 	13.6 	13.7 b	13.9 	14.0 	13.4 	14.4 	14.0 	13.5 b	11.0 	10.6 	10.3 	9.7 	12.0 b	13.7 	11.4 	11.8 	12.0 	11.2 	8.5 	9.8 b	10.8 	9.7 	11.0 	10.2 
A,PC,T,Y18-24,EL	18.2 	16.9 b	16.2 	15.6 b	14.5 b	13.3 	15.1 b	14.3 	14.4 b	14.2 b	13.5 	12.9 	11.3 	10.1 	9.0 b	7.9 	6.2 	6.0 	4.7 	4.1 	3.8 	3.2 b	4.1 	3.7 	3.0 b	3.0 
A,PC,T,Y18-24,EL3	11.0 	12.0 b	11.4 	10.6 b	11.6 b	10.9 	10.6 b	10.3 	11.7 b	12.2 b	11.4 	10.6 	9.1 	6.8 	6.3 b	5.7 	4.1 	2.8 	3.3 	4.1 	4.0 	2.5 b	3.9 	2.9 	2.8 b	2.4 
A,PC,T,Y18-24,EL30	11.0 	12.0 b	11.4 	10.6 b	11.6 b	10.9 	10.6 b	10.3 	11.7 b	12.2 b	11.4 	10.6 	9.1 	6.8 	6.3 b	5.7 	4.1 	2.8 	3.3 	4.1 	4.0 	2.5 b	3.9 	2.9 	2.8 b	2.4 
A,PC,T,Y18-24,EL4	32.3 	27.7 b	26.2 	26.2 b	17.8 b	16.6 	21.0 b	21.4 	20.4 b	21.7 b	21.7 	18.4 	15.9 	15.6 	13.0 b	11.7 	10.6 	11.3 	6.9 	6.3 	6.3 	3.7 bu	4.5 u	6.3 	5.1 b	4.7 u
A,PC,T,Y18-24,EL41	29.3 	22.3 bu	28.8 	27.8 b	17.6 bu	23.5 u	29.1 b	26.2 u	25.7 bu	19.7 bu	21.5 u	14.2 u	9.1 u	10.9 u	14.2 bu	17.3 u	16.9 u	17.7 u	: u	: u	: u	: bu	: u	: u	: bu	: u
A,PC,T,Y18-24,EL42	37.3 	35.0 b	31.0 	32.4 b	19.8 b	14.5 u	19.8 b	24.0 	18.3 b	26.4 b	25.3 	18.9 	17.0 u	22.1 	9.5 bu	10.4 u	10.7 u	11.8 u	: u	: u	8.2 u	: bu	: u	: u	: bu	: u
A,PC,T,Y18-24,EL43	30.7 	25.5 b	22.9 	22.7 b	17.0 b	15.9 	19.6 b	19.5 	20.3 b	20.3 b	20.2 	19.2 	17.5 	14.4 	14.0 b	10.8 	9.0 	9.5 	7.2 u	5.9 u	4.7 u	4.4 bu	6.6 u	6.9 u	3.9 bu	4.6 u
A,PC,T,Y18-24,EL5	18.8 	17.0 b	16.1 	16.7 b	14.6 b	13.5 	16.6 b	15.1 	14.0 b	12.6 b	11.7 	11.7 	11.1 	11.1 	9.9 b	9.1 	5.9 	6.1 	5.0 	3.0 	2.5 	2.3 b	2.8 	2.8 	2.4 b	2.1 
A,PC,T,Y18-24,EL51	37.7 	35.3 b	30.8 	27.4 b	22.7 b	20.6 	25.6 b	27.9 	27.3 b	24.9 b	20.5 	20.2 	21.6 	21.8 	19.7 b	17.2 	11.1 	12.4 	8.5 u	7.7 u	7.2 u	4.9 bu	7.2 u	8.8 u	6.4 bu	: u
A,PC,T,Y18-24,EL52	15.2 	13.7 b	12.9 	13.7 b	12.9 b	12.4 	15.0 b	12.6 	10.7 b	9.1 b	9.1 	8.8 	7.8 	8.1 	8.4 b	7.8 	5.0 	5.0 	4.1 	2.0 u	1.3 u	1.7 bu	1.3 u	1.3 u	1.2 bu	1.4 u
A,PC,T,Y18-24,EL53	16.0 	10.1 bu	13.4 u	17.3 b	10.0 bu	8.8 u	9.9 bu	7.6 u	11.5 bu	13.1 bu	11.4 u	11.5 u	9.1 u	8.9 u	: bu	7.2 u	: u	: u	: u	: u	: u	: bu	: u	: u	: bu	: u
A,PC,T,Y18-24,EL54	12.0 	11.1 bu	12.4 	16.4 b	15.2 b	11.3 u	16.3 b	13.5 	14.7 b	13.5 b	12.5 u	14.6 	12.1 u	10.4 u	: bu	: u	: u	: u	: u	: u	: u	: bu	: u	: u	: bu	: u
A,PC,T,Y18-24,EL6	23.7 	21.2 b	21.4 	19.1 b	18.3 b	16.5 	19.3 b	17.4 	17.2 b	16.5 b	15.8 	15.9 	13.1 	11.5 	10.8 b	8.2 	7.9 	8.5 	5.2 	4.4 	3.9 	5.0 b	5.9 	4.9 	3.2 b	4.8 
A,PC,T,Y18-24,EL61	22.2 	21.2 b	18.3 	14.2 b	14.7 b	13.8 	20.8 b	15.8 	12.3 b	11.9 b	16.6 	15.8 	11.7 	7.7 u	5.9 bu	7.9 	4.1 u	: u	: u	: u	: u	: bu	: u	: u	: bu	: u
A,PC,T,Y18-24,EL62	29.0 	25.7 b	34.2 	20.0 bu	31.3 b	24.0 u	25.6 bu	27.6 u	29.5 b	23.3 bu	12.4 u	: u	15.9 u	14.7 u	16.3 bu	: u	: u	: u	: u	: u	: u	: bu	: u	: u	: bu	: u
A,PC,T,Y18-24,EL63	22.4 	19.2 b	20.1 	17.2 b	15.9 b	12.6 	14.8 b	11.8 	13.0 b	14.0 b	13.5 	13.6 	11.2 	9.6 	9.5 b	5.4 u	8.5 	12.1 	6.0 u	3.7 u	5.4 u	6.9 bu	6.9 u	: u	: bu	4.1 u
A,PC,T,Y18-24,EL64	23.3 	22.7 b	22.7 	23.3 b	20.2 b	22.2 	24.4 b	25.3 	24.1 b	22.5 b	18.6 	20.2 	15.5 	16.6 	14.7 b	9.7 u	9.7 u	11.4 u	10.1 u	10.2 u	7.0 u	11.1 bu	16.9 	13.6 	: bu	: u
A,PC,T,Y18-24,EL65	26.5 	21.6 b	22.7 	26.4 b	21.9 b	19.8 	18.0 b	18.4 	21.9 b	19.9 b	17.6 	19.3 	15.2 	14.0 	14.8 b	14.6 	12.5 u	8.3 u	: u	: u	: u	: bu	: u	6.7 u	12.0 bu	10.4 u
A,PC,T,Y18-24,ES	29.1 	29.7 	30.9 	31.7 b	32.2 	31.0 b	30.3 b	30.8 	31.7 	30.9 	28.2 	26.3 	24.7 	23.6 	21.9 b	20.0 	19.0 	18.3 	17.9 	17.3 	16.0 	13.3 b	13.9 	13.7 	13.0 	12.8 
A,PC,T,Y18-24,ES1	26.6 	25.3 	26.1 	26.5 b	25.2 	22.2 b	24.1 b	23.7 	22.7 	24.6 	22.8 	20.9 	20.9 	18.9 	16.3 b	16.1 	14.6 	14.1 	13.3 	12.6 	10.9 	9.1 b	10.2 	9.1 	9.9 	10.2 
A,PC,T,Y18-24,ES11	29.2 	27.5 	27.3 	25.0 b	24.3 	22.9 b	24.5 b	23.5 	23.6 	25.8 	22.8 	20.4 	22.7 	20.2 	18.5 b	17.0 	15.2 	14.9 	14.3 	12.6 	12.0 	8.7 b	9.9 	9.1 	10.8 	10.4 
A,PC,T,Y18-24,ES12	21.8 	19.8 	22.9 	29.3 b	26.9 	20.5 b	23.1 b	23.1 	20.0 	21.3 	22.2 	21.9 	19.8 	19.1 	13.6 b	16.8 	16.6 	14.8 	12.6 	12.4 	8.9 u	12.2 b	11.9 	10.5 	10.5 	10.6 
A,PC,T,Y18-24,ES13	22.8 	24.2 	26.5 	28.9 b	26.7 	21.9 b	23.5 b	25.5 	22.9 	24.2 	23.9 	21.4 	14.2 	12.1 u	9.7 bu	10.3 u	8.6 u	8.9 u	9.8 u	12.8 u	9.1 u	6.3 bu	9.0 u	7.3 u	5.5 u	8.9 u
A,PC,T,Y18-24,ES2	17.7 	17.7 	19.5 	20.3 b	19.4 	18.8 b	18.3 b	19.4 	20.5 	20.7 	18.1 	17.7 	16.0 	14.1 	13.6 b	13.8 	12.9 	11.0 	11.1 	10.8 	10.1 	8.6 b	8.3 	8.0 	8.7 	7.6 
A,PC,T,Y18-24,ES21	14.7 	14.7 	13.4 	15.9 b	13.8 	14.7 b	14.6 b	14.3 	14.8 	16.6 	13.1 	13.8 	12.4 	9.9 	9.4 b	9.7 	7.9 	7.0 	6.9 	6.7 	6.5 	5.3 b	6.1 	6.7 	5.0 	3.6 
A,PC,T,Y18-24,ES22	16.4 	17.9 	21.8 	21.0 b	21.0 	17.9 b	13.0 b	16.3 	18.8 	18.7 	16.8 	12.0 	13.0 	12.9 	11.8 bu	10.8 u	13.4 	11.3 u	11.4 	13.9 	10.8 	8.4 bu	5.2 u	6.5 u	9.9 	7.8 u
A,PC,T,Y18-24,ES23	26.1 	27.0 	28.0 	35.1 b	36.3 	29.7 b	26.6 b	30.6 	37.0 	31.9 	27.2 	30.6 	24.3 	21.7 u	21.1 bu	21.5 u	17.8 u	12.9 u	17.1 u	13.9 u	14.6 u	13.1 bu	11.8 u	9.7 u	17.0 u	15.5 u
A,PC,T,Y18-24,ES24	21.9 	20.8 	27.3 	23.6 b	23.8 	23.4 b	24.6 b	25.5 	25.8 	25.0 	23.8 	22.8 	20.4 	18.9 	18.4 b	19.5 	19.1 	16.4 	15.8 	14.6 	14.2 	13.0 b	12.5 	10.8 	11.9 	12.3 
A,PC,T,Y18-24,ES3	19.6 	20.8 	24.3 	23.0 b	25.6 	26.4 b	25.8 b	25.8 	27.1 	26.2 	22.3 	19.5 	21.5 	19.7 	18.3 b	15.6 	14.6 	13.9 	14.4 	11.9 	10.0 	9.8 b	11.2 	11.4 	10.5 	9.6 
A,PC,T,Y18-24,ES30	19.6 	20.8 	24.3 	23.0 b	25.6 	26.4 b	25.8 b	25.8 	27.1 	26.2 	22.3 	19.5 	21.5 	19.7 	18.3 b	15.6 	14.6 	13.9 	14.4 	11.9 	10.0 	9.8 b	11.2 	11.4 	10.5 	9.6 
A,PC,T,Y18-24,ES4	30.4 	30.6 	30.9 	30.9 b	31.6 	31.9 b	31.8 b	31.1 	32.6 	31.4 	29.1 	29.7 	26.4 	24.7 	20.3 b	20.0 	20.3 	19.4 	18.1 	17.9 	17.3 	14.2 b	12.9 	12.8 	12.8 	13.4 
A,PC,T,Y18-24,ES41	21.6 	22.9 	22.9 	24.0 b	23.3 	25.4 b	23.6 b	23.7 	26.4 	26.9 	23.4 	27.5 	21.7 	19.2 	16.8 b	16.7 	17.3 	16.7 	13.9 	14.3 	15.4 	12.7 b	10.7 	10.3 	10.8 	10.2 
A,PC,T,Y18-24,ES42	35.8 	36.4 	36.7 	36.3 b	37.4 	36.8 b	38.8 b	37.3 	38.4 	34.6 	33.4 	31.5 	27.5 	27.4 	22.2 b	20.8 	23.2 	22.1 	20.5 	20.2 	18.7 	15.5 b	16.2 	16.6 	14.6 	15.7 
A,PC,T,Y18-24,ES43	41.0 	37.9 	38.1 	36.3 b	39.2 	36.8 b	35.8 b	34.4 	33.8 	34.1 	31.6 	30.1 	32.6 	29.2 	22.9 b	24.5 	20.4 	19.2 	20.9 	20.5 	18.4 	14.3 b	10.6 	9.9 	13.0 	15.0 
A,PC,T,Y18-24,ES5	31.4 	33.0 	33.8 	35.4 b	35.3 	33.3 b	30.1 b	32.1 	33.6 	32.6 	29.4 	26.7 	25.2 	24.0 	23.5 b	20.5 	19.6 	19.1 	18.8 	18.5 	17.0 	14.3 b	17.0 	15.1 	14.0 	13.9 
A,PC,T,Y18-24,ES51	29.1 	30.1 	31.3 	34.3 b	34.1 	33.1 b	28.5 b	31.2 	32.9 	31.9 	28.9 	26.2 	24.2 	24.7 	22.2 b	18.9 	18.0 	17.0 	17.0 	19.0 	17.4 	14.9 b	17.5 	14.8 	13.7 	13.5 
A,PC,T,Y18-24,ES52	32.7 	35.8 	36.0 	35.8 b	35.7 	32.2 b	31.1 b	31.2 	32.6 	31.9 	28.4 	26.7 	25.9 	21.7 	23.4 b	21.4 	20.2 	20.3 	20.2 	16.4 	15.5 	13.2 b	16.0 	15.0 	12.9 	14.4 
A,PC,T,Y18-24,ES53	42.0 	40.7 	39.9 	41.4 b	42.2 	39.7 b	36.0 b	42.1 	42.5 	40.3 	36.5 	29.7 	28.9 	29.8 	32.1 b	26.7 	26.8 	26.5 	24.4 	24.2 	21.3 	15.4 b	17.3 	18.0 	20.1 	15.2 
A,PC,T,Y18-24,ES6	36.0 	35.6 	37.4 	39.1 b	40.0 	38.4 b	38.2 b	37.6 	38.3 	37.1 	34.8 	31.8 	28.6 	28.5 	27.1 b	24.8 	23.6 	23.4 	22.3 	21.8 	21.4 	17.4 b	16.0 	17.3 	16.1 	15.4 
A,PC,T,Y18-24,ES61	35.5 	35.3 	37.0 	38.4 b	39.4 	38.0 b	38.0 b	37.1 	37.9 	37.2 	34.6 	32.1 	28.8 	28.7 	27.7 b	24.9 	23.1 	23.5 	21.9 	21.6 	21.8 	17.7 b	15.5 	16.9 	15.5 	14.5 
A,PC,T,Y18-24,ES62	39.2 	37.7 	39.4 	42.8 b	43.6 	39.8 b	38.6 b	39.2 	40.6 	36.8 	34.9 	30.3 	26.9 	26.3 	24.1 b	23.6 	26.4 	23.1 	24.1 	22.6 	18.7 	16.6 b	18.4 	19.2 	18.2 	20.6 
A,PC,T,Y18-24,ES63	38.5 u	36.8 u	43.5 u	46.0 bu	41.9 u	55.2 bu	54.9 bu	49.1 u	42.7 u	34.1 u	45.8 u	38.9 u	38.5 u	33.5 u	29.5 bu	29.8 u	21.5 u	20.1 u	23.4 u	24.7 u	25.5 u	14.6 bu	19.5 u	21.2 u	14.6 u	: u
A,PC,T,Y18-24,ES64	36.5 u	26.6 u	28.0 u	34.7 bu	40.8 u	33.5 bu	40.3 bu	46.8 u	35.5 u	36.7 u	35.4 u	19.3 u	32.6 u	33.1 u	19.6 bu	24.1 u	24.4 u	27.5 u	29.5 u	24.1 u	22.8 u	: bu	15.0 u	20.4 u	26.0 u	14.2 u
A,PC,T,Y18-24,ES7	34.1 	36.9 	33.6 	33.1 b	33.3 	30.8 b	34.9 b	36.4 	34.1 	30.7 	29.8 	30.9 	28.0 	27.5 	23.8 b	21.9 	18.9 	17.5 	20.9 	20.8 	18.2 	12.0 b	12.3 	14.7 	13.1 	15.9 
A,PC,T,Y18-24,ES70	34.1 	36.9 	33.6 	33.1 b	33.3 	30.8 b	34.9 b	36.4 	34.1 	30.7 	29.8 	30.9 	28.0 	27.5 	23.8 b	21.9 	18.9 	17.5 	20.9 	20.8 	18.2 	12.0 b	12.3 	14.7 	13.1 	15.9 
A,PC,T,Y18-24,EU27_2020	: 	: 	16.9 	16.4 b	16.0 	15.6 	15.2 b	14.7 	14.3 	14.0 	13.8 	13.2 	12.6 	11.8 	11.1 b	11.0 	10.6 	10.5 	10.5 	10.1 	10.0 	9.7 b	9.6 	9.6 	9.4 	9.1 
A,PC,T,Y18-24,FI	9.0 b	9.5 	9.7 	10.1 b	10.0 	10.3 	9.7 	9.1 	9.8 	9.9 	10.3 	9.8 	8.9 	9.3 	9.5 b	9.2 	7.9 	8.2 	8.3 	7.3 	8.2 	8.2 b	8.4 	9.6 	9.6 	9.9 
A,PC,T,Y18-24,FI1	9.0 b	9.6 	9.7 	10.1 b	10.0 	10.3 	9.7 	9.1 	9.8 	9.9 	10.3 	9.8 	8.9 	9.3 	9.5 b	9.2 	8.0 	8.2 	8.3 	7.3 	8.2 	8.2 b	8.3 	9.6 	9.6 	9.9 
A,PC,T,Y18-24,FI19	8.4 b	9.3 	9.4 	9.3 b	7.8 	8.4 	7.6 	8.5 	9.3 	10.0 	9.9 	10.3 	8.6 	8.4 	7.9 b	9.7 	7.9 	7.1 	7.5 	7.2 	8.1 	8.0 b	8.2 	8.6 	8.7 	7.6 
A,PC,T,Y18-24,FI1B	: 	: 	: 	: 	: 	10.8 	9.4 	9.0 	9.4 	9.6 	10.3 	9.4 	8.9 	9.2 	10.2 b	8.9 	8.2 	8.1 	7.7 	7.2 	8.0 	6.3 b	8.2 	8.6 	7.2 	8.9 
A,PC,T,Y18-24,FI1C	: 	: 	: 	: 	: 	10.9 	11.3 	10.8 	10.6 	10.4 	9.8 	9.8 	9.3 	10.6 	12.4 b	10.4 	9.0 	9.4 	10.4 	6.7 	8.2 	11.4 b	8.2 	9.9 	13.2 	12.1 
A,PC,T,Y18-24,FI1D	: 	: 	: 	: 	: 	11.2 	10.8 	8.6 	10.2 	9.5 	10.9 	9.7 	8.9 	9.3 	7.9 b	8.0 	6.9 	8.7 	8.2 	7.9 	8.6 	8.8 b	8.8 	12.0 	10.8 	12.1 
A,PC,T,Y18-24,FI2	: bu	: u	: u	: bu	: u	: u	: u	: u	: u	: u	: u	: u	: u	: u	: bu	: u	: u	: u	: u	: u	: u	: bu	: u	: u	: u	: u
A,PC,T,Y18-24,FI20	: bu	: u	: u	: bu	: u	: u	: u	: u	: u	: u	: u	: u	: u	: u	: bu	: u	: u	: u	: u	: u	: u	: bu	: u	: u	: u	: u
A,PC,T,Y18-24,FR	13.3 	13.5 	13.4 	12.7 b	12.3 	12.5 	12.7 	12.8 	11.8 	12.4 	12.7 	12.3 	11.8 	9.7 b	8.8 b	9.2 	8.8 	8.8 	8.7 	8.2 	8.0 	7.8 b	7.6 	7.6 	7.7 	7.0 
A,PC,T,Y18-24,FR1	12.1 	12.9 	12.6 	11.9 b	12.5 	11.2 	10.3 	11.7 	13.0 	12.0 	11.6 	11.3 	11.8 	9.9 b	8.2 b	8.8 	7.7 	7.5 	7.4 	6.6 	5.9 	6.2 b	6.1 	5.6 	6.7 	5.0 
A,PC,T,Y18-24,FR10	12.1 	12.9 	12.6 	11.9 b	12.5 	11.2 	10.3 	11.7 	13.0 	12.0 	11.6 	11.3 	11.8 	9.9 b	8.2 b	8.8 	7.7 	7.5 	7.4 	6.6 	5.9 	6.2 b	6.1 	5.6 	6.7 	5.0 
A,PC,T,Y18-24,FRB	14.0 u	13.0 u	13.6 	12.8 b	12.9 	14.3 	16.1 	13.2 	14.3 	10.1 	8.9 	8.0 	9.3 	8.0 b	7.8 b	7.0 	7.0 	8.2 	8.4 	11.2 	9.0 	7.7 b	8.7 	8.0 	7.0 	6.6 
A,PC,T,Y18-24,FRB0	14.0 u	13.0 u	13.6 	12.8 b	12.9 	14.3 	16.1 	13.2 	14.3 	10.1 	8.9 	8.0 	9.3 	8.0 b	7.8 b	7.0 	7.0 	8.2 	8.4 	11.2 	9.0 	7.7 b	8.7 	8.0 	7.0 	6.6 
A,PC,T,Y18-24,FRC	12.5 	12.0 u	14.8 	14.1 b	15.2 	14.0 	16.3 	15.2 	12.4 	11.0 	14.5 	11.9 	10.0 	9.6 b	9.6 b	9.3 	8.2 	9.7 	9.9 	10.0 	9.6 	7.5 b	5.9 	10.2 	8.2 	6.1 
A,PC,T,Y18-24,FRC1	11.7 u	12.7 u	16.8 u	11.3 bu	14.9 	11.9 u	16.1 	17.0 	14.4 	12.5 	16.4 	11.7 	7.7 u	10.6 b	9.5 b	6.5 u	7.0 u	8.8 	10.6 	11.2 	10.2 	7.1 bu	7.5 u	11.7 	9.6 	5.0 u
A,PC,T,Y18-24,FRC2	13.7 u	11.2 u	12.7 u	17.7 b	15.5 	16.3 	16.5 	13.3 u	9.7 u	9.4 u	12.1 	12.3 u	13.1 	8.4 bu	9.7 bu	13.1 	10.2 u	11.5 u	8.5 u	8.3 u	9.0 u	7.9 bu	: u	8.0 u	6.4 u	7.9 u
A,PC,T,Y18-24,FRD	12.3 	14.3 	13.8 	12.3 b	11.2 	11.9 	11.3 	11.8 	13.4 	14.3 	12.0 	11.2 	12.6 	8.7 b	8.6 b	8.0 	7.6 	8.1 	9.6 	10.9 	7.6 	9.1 b	8.1 	9.5 	10.8 	12.1 
A,PC,T,Y18-24,FRD1	: u	13.3 u	12.0 u	12.7 bu	8.4 u	10.8 u	8.5 u	7.4 u	10.4 u	12.8 	10.1 	10.0 	10.3 	7.3 bu	9.3 b	8.8 u	6.9 u	7.3 u	7.9 u	11.0 	5.2 u	7.3 bu	8.2 u	7.7 u	7.9 u	15.5 
A,PC,T,Y18-24,FRD2	13.2 u	15.0 u	15.0 u	12.0 b	13.3 	12.7 	12.9 	14.6 	15.4 	15.1 	13.4 	12.2 	14.4 	9.6 b	8.2 b	7.4 	8.0 	8.8 	10.9 	10.9 	9.5 	10.5 b	7.9 	10.5 	12.6 	9.8 
A,PC,T,Y18-24,FRE	19.4 	17.4 	16.7 	14.3 b	15.3 	16.9 	17.8 	16.7 	15.3 	15.2 	16.8 	15.9 	15.0 	12.9 b	12.0 b	12.4 	11.9 	11.3 	11.9 	11.1 	10.9 	11.0 b	10.7 	10.4 	8.7 	7.6 
A,PC,T,Y18-24,FRE1	18.4 	17.4 	16.6 	13.5 b	14.0 	17.0 	17.2 	16.1 	15.0 	14.2 	14.7 	15.1 	13.9 	12.1 b	10.7 b	12.0 	12.2 	10.3 	11.8 	11.6 	11.7 	11.4 b	10.0 	9.2 	8.0 	8.1 
A,PC,T,Y18-24,FRE2	21.9 	17.4 	16.8 	16.1 b	18.2 	16.7 	19.5 	18.1 	16.0 	18.4 	22.4 	17.8 	17.7 	14.5 b	14.9 b	13.3 	11.2 	14.3 	12.0 	10.0 	9.0 	9.9 b	12.1 	13.2 	10.4 	6.2 u
A,PC,T,Y18-24,FRF	14.0 	13.7 	14.6 	13.0 b	12.7 	13.0 	11.2 	11.3 	9.7 	11.5 	12.7 	11.3 	12.9 	10.5 b	8.9 b	10.1 	8.8 	8.5 	9.5 	7.7 	11.3 	7.0 b	8.5 	8.4 	8.7 	7.9 
A,PC,T,Y18-24,FRF1	14.8 u	14.1 u	14.2 u	11.1 b	13.0 	13.0 	11.3 	12.5 	7.5 u	7.3 u	10.1 	10.4 	12.0 	9.4 b	6.7 b	8.6 	7.4 	8.4 	7.6 	7.2 	11.3 	6.1 bu	6.6 	6.1 u	4.0 u	6.4 
A,PC,T,Y18-24,FRF2	17.0 u	15.7 u	17.5 u	15.8 b	14.3 	11.7 	9.8 u	13.5 	13.0 	13.4 	13.2 	12.1 	13.4 	12.0 b	10.7 b	13.3 	11.6 	10.8 	10.6 	10.1 	12.5 	7.9 bu	9.9 	11.9 	11.8 	12.5 
A,PC,T,Y18-24,FRF3	11.6 u	12.4 	13.5 	12.8 b	11.5 	13.9 	11.9 	9.3 	9.4 	13.5 	14.4 	11.5 	13.2 	10.5 b	9.9 b	9.4 	8.4 	7.3 	10.5 	6.6 	10.5 	7.2 b	9.5 	8.6 	11.2 	6.4 u
A,PC,T,Y18-24,FRG	12.7 	12.8 	9.7 	10.2 b	9.7 	11.9 	12.5 	13.8 	10.6 	10.0 	10.2 	9.0 	9.7 	6.8 b	6.3 b	7.0 	7.9 	6.5 	7.1 	6.6 	8.2 	6.9 b	7.6 	6.9 	7.0 	7.5 
A,PC,T,Y18-24,FRG0	12.7 	12.8 	9.7 	10.2 b	9.7 	11.9 	12.5 	13.8 	10.6 	10.0 	10.2 	9.0 	9.7 	6.8 b	6.3 b	7.0 	7.9 	6.5 	7.1 	6.6 	8.2 	6.9 b	7.6 	6.9 	7.0 	7.5 
A,PC,T,Y18-24,FRH	6.7 u	6.6 u	8.1 u	6.9 b	5.4 u	5.1 u	7.5 	4.7 u	4.1 u	4.9 u	7.6 	8.3 	7.7 	5.7 b	4.1 bu	6.0 	3.7 u	5.8 	6.0 	5.9 	4.5 	5.9 b	4.3 	7.5 	5.8 	4.7 
A,PC,T,Y18-24,FRH0	6.7 u	6.6 u	8.1 u	6.9 b	5.4 u	5.1 u	7.5 	4.7 u	4.1 u	4.9 u	7.6 	8.3 	7.7 	5.7 b	4.1 bu	6.0 	3.7 u	5.8 	6.0 	5.9 	4.5 	5.9 b	4.3 	7.5 	5.8 	4.7 
A,PC,T,Y18-24,FRI	12.8 	13.8 	12.4 	10.8 b	10.6 	11.6 	10.3 	12.4 	11.6 	11.4 	10.0 	10.9 	11.4 	9.3 b	8.5 b	6.6 	7.9 	6.9 	8.0 	8.2 	7.3 	6.4 b	7.4 	6.7 	7.4 	8.2 
A,PC,T,Y18-24,FRI1	14.3 	14.9 	12.4 	10.9 b	11.7 	13.6 	10.3 	11.7 	9.9 	12.5 	9.8 	11.6 	11.8 	9.1 b	7.3 b	6.0 	5.8 	7.1 	8.1 	8.7 	7.5 	6.4 b	6.0 	4.1 	6.2 	9.0 
A,PC,T,Y18-24,FRI2	: u	: u	: u	12.6 bu	12.9 u	13.6 u	: u	14.1 u	: u	: u	: u	: u	14.1 u	9.5 bu	9.6 bu	9.7 u	5.1 u	3.5 u	: u	: u	: u	: bu	: u	: u	: u	: u
A,PC,T,Y18-24,FRI3	9.9 u	12.5 u	12.7 u	9.7 bu	7.6 u	7.1 u	8.8 u	13.0 	14.9 	10.5 u	11.2 	9.8 	9.7 	9.7 b	10.0 b	6.4 u	13.5 	8.0 	7.9 u	7.4 u	6.9 u	7.2 bu	10.0 	11.1 	9.0 	6.6 u
A,PC,T,Y18-24,FRJ	13.3 	13.4 	13.7 	14.8 b	13.3 	14.3 	13.6 	14.5 	10.2 	14.0 	15.0 	16.1 	12.5 	10.1 b	7.6 b	8.7 	9.2 	9.6 	6.9 	8.4 	5.9 	8.6 b	7.7 	5.8 	5.9 	6.4 
A,PC,T,Y18-24,FRJ1	18.4 	18.1 	15.7 	15.4 b	15.5 	19.0 	19.6 	19.7 	13.9 	16.8 	20.6 	17.2 	16.0 	14.8 b	9.5 b	10.9 	10.1 	14.6 	9.2 	9.2 	6.3 	10.9 b	9.1 	7.4 	7.0 	9.0 
A,PC,T,Y18-24,FRJ2	9.0 u	9.5 u	12.0 	14.2 b	11.6 	9.8 	8.4 	9.9 	7.0 	11.8 	9.5 	15.1 	8.8 	5.9 b	5.8 b	6.6 	8.4 	5.5 	5.2 	7.7 	5.7 	6.7 b	6.4 	4.6 	4.7 	4.0 
A,PC,T,Y18-24,FRK	11.3 	12.1 	11.5 	12.9 b	11.1 	10.8 	11.8 	12.7 	10.0 	13.1 	13.2 	12.4 	10.4 	8.6 b	7.0 b	8.3 	7.6 	8.2 	7.2 	6.4 	7.7 	7.9 b	7.3 	7.3 	7.2 	5.4 
A,PC,T,Y18-24,FRK1	11.6 u	: u	: u	8.9 bu	7.7 u	10.1 u	7.5 u	11.1 u	: u	: u	8.1 u	15.5 	13.9 	9.6 bu	7.8 bu	7.1 u	6.6 u	7.6 u	5.5 u	: u	6.7 u	10.8 bu	7.8 u	7.3 u	8.1 u	5.4 u
A,PC,T,Y18-24,FRK2	11.2 	12.4 	11.5 	13.7 b	11.8 	10.9 	12.7 	13.1 	10.6 	14.3 	14.2 	11.8 	9.8 	8.4 b	6.9 b	8.5 	7.8 	8.3 	7.5 	6.9 	7.9 	7.4 b	7.2 	7.3 	7.0 	5.4 
A,PC,T,Y18-24,FRL	15.2 	16.8 	18.3 	16.9 b	15.0 	14.3 	17.3 	14.5 	14.2 	14.7 	16.0 	16.3 	14.5 	11.6 b	11.2 b	10.9 	11.9 	11.7 	10.0 	7.0 	8.2 	8.1 b	6.9 	7.2 	9.3 	9.2 
A,PC,T,Y18-24,FRL0	15.2 	16.8 	18.3 	16.9 b	15.0 	14.3 	17.3 	14.5 	14.2 	14.7 	16.0 	16.3 	14.5 	11.6 b	11.2 b	10.9 	11.9 	11.7 	10.0 	7.0 	8.2 	8.1 b	6.9 	7.2 	9.3 	9.2 
A,PC,T,Y18-24,FRM	: u	: u	: u	: bu	: u	: u	: u	: u	: u	: u	: u	: u	: u	: bu	12.1 bu	28.7 u	6.9 u	: u	: u	: u	: u	: bu	: u	21.5 u	: u	: u
A,PC,T,Y18-24,FRM0	: u	: u	: u	: bu	: u	: u	: u	: u	: u	: u	: u	: u	: u	: bu	12.1 bu	28.7 u	6.9 u	: u	: u	: u	: u	: bu	: u	21.5 u	: u	: u
A,PC,T,Y18-24,FRY	: 	: 	: 	: 	: 	: 	: 	: 	: 	: 	: 	: 	: 	: 	20.2 b	19.6 	20.8 	20.2 	20.5 	18.2 	15.6 	13.7 b	14.3 	13.2 	14.2 	14.0 
A,PC,T,Y18-24,FRY1	: 	: 	: 	: 	: 	: 	: 	: 	: 	: 	: 	: 	: 	: 	13.8 bu	15.3 u	18.3 u	12.7 u	15.9 u	14.4 u	12.2 u	: bu	: u	13.0 u	: u	: u
A,PC,T,Y18-24,FRY2	: 	: 	: 	: 	: 	: 	: 	: 	: 	: 	: 	: 	: 	: 	11.9 bu	13.9 u	15.0 u	14.1 u	11.5 u	14.8 u	: u	12.4 bu	: u	13.0 u	: u	: u
A,PC,T,Y18-24,FRY3	: 	: 	: 	: 	: 	: 	: 	: 	: 	: 	: 	: 	: 	: 	33.7 b	35.3 	35.6 	34.5 	30.4 	25.1 	26.8 	23.3 b	28.0 	21.7 	29.4 	25.5 
A,PC,T,Y18-24,FRY4	: 	: 	: 	: 	: 	: 	: 	: 	: 	: 	: 	: 	: 	: 	21.6 b	18.7 	19.2 	20.4 	21.8 	18.3 	16.4 	12.3 b	13.2 	10.2 	11.8 	13.2 
A,PC,T,Y18-24,HR	: 	: 	8.0 	7.9 	5.4 u	5.1 bu	4.7 bu	4.0 b	3.8 	4.3 	3.9 b	4.3 	5.0 	4.3 	2.8 bu	2.7 u	2.8 u	2.9 u	3.1 u	3.0 u	2.2 u	2.4 bu	2.1 u	2.0 u	2.0 u	2.1 u
A,PC,T,Y18-24,HR0	: 	: 	8.0 	7.9 	5.4 u	5.1 bu	4.7 bu	4.0 b	3.8 	4.3 	3.9 b	4.3 	5.0 	4.3 	2.8 bu	2.7 u	2.8 u	2.9 u	3.1 u	3.0 u	2.2 u	2.4 bu	2.1 u	2.0 u	2.0 u	2.1 u
A,PC,T,Y18-24,HR02	: 	: 	: 	: 	: 	: 	: 	: 	: 	: 	: 	: 	: 	: 	: 	: 	5.6 u	4.8 u	4.9 u	4.5 u	3.9 u	2.2 bu	3.0 u	3.0 u	2.4 u	2.7 u
A,PC,T,Y18-24,HR03	: 	: 	: 	: 	: 	: 	: 	2.3 bu	2.2 u	3.1 u	3.9 bu	2.9 u	5.1 u	4.7 u	1.9 bu	: u	1.0 u	1.7 u	2.4 u	1.7 u	1.4 u	1.9 bu	1.3 u	: u	1.5 u	2.0 u
A,PC,T,Y18-24,HR04	: 	: 	: 	: 	: 	: 	: 	4.8 b	4.6 	4.8 	3.9 bu	4.9 	5.0 	4.1 u	3.3 bu	3.5 u	: 	: 	: 	: 	: 	: 	: 	: 	: 	: 
A,PC,T,Y18-24,HR05	: 	: 	: 	: 	: 	: 	: 	: 	: 	: 	: 	: 	: 	: 	: 	: 	2.4 u	: u	: u	2.3 u	: u	3.4 bu	: u	: u	: u	: u
A,PC,T,Y18-24,HR06	: 	: 	: 	: 	: 	: 	: 	: 	: 	: 	: 	: 	: 	: 	: 	: 	1.9 u	3.6 u	3.3 u	3.7 u	2.2 u	2.5 bu	3.1 u	3.8 u	3.4 u	2.3 u
A,PC,T,Y18-24,HU	13.9 	13.1 b	12.2 	12.0 b	12.6 	12.5 	12.5 b	11.4 	11.7 	11.5 	10.8 	11.4 	11.8 	11.9 	11.4 b	11.6 	12.4 	12.5 	12.4 b	11.9 	12.0 	12.0 b	12.2 	11.6 	10.3 	9.3 
A,PC,T,Y18-24,HU1	11.6 	10.2 b	8.7 	8.4 b	10.7 	10.4 	9.5 b	8.7 	9.6 	8.0 	7.9 	9.8 	8.8 	7.6 	7.2 b	8.9 	9.6 	7.6 	6.2 b	5.0 	7.0 	6.8 b	7.1 	8.0 	5.8 	4.4 
A,PC,T,Y18-24,HU10	11.6 	10.2 b	8.7 	8.4 b	10.7 	10.4 	9.5 b	8.7 	9.6 	8.0 	7.9 	9.8 	8.8 	: 	: 	: 	: 	: 	: 	: 	: 	: 	: 	: 	: 	: 
A,PC,T,Y18-24,HU11	: 	: 	: 	: 	: 	: 	: 	: 	: 	: 	: 	: 	: 	4.7 	4.8 b	7.0 	9.3 	7.2 	4.1 bu	: u	: u	5.3 b	6.0 	6.0 	4.9 	3.5 u
A,PC,T,Y18-24,HU12	: 	: 	: 	: 	: 	: 	: 	: 	: 	: 	: 	: 	: 	11.1 	9.9 b	11.2 	9.9 	8.1 	8.6 b	9.1 	11.9 	8.5 b	8.5 	10.5 	7.0 	5.5 
A,PC,T,Y18-24,HU2	12.1 	12.7 b	12.0 	12.5 b	12.6 	12.3 	12.2 b	12.0 	11.3 	12.3 	10.7 	10.4 	10.8 	11.8 	12.0 b	10.8 	10.9 	12.8 	12.8 b	12.9 	12.2 	10.3 b	10.2 	9.8 	9.3 	8.4 
A,PC,T,Y18-24,HU21	11.4 	12.4 b	12.1 	11.2 b	13.8 	13.7 	12.2 b	10.9 	9.9 	14.0 	11.2 	12.3 	11.3 	10.1 	12.1 b	10.2 	10.4 	12.9 	12.6 b	12.7 	13.0 	11.0 b	9.5 	10.6 	8.8 	8.9 
A,PC,T,Y18-24,HU22	10.8 	10.4 b	8.9 	11.4 b	10.7 	10.5 	7.8 b	9.6 	10.8 	9.3 	7.6 	7.3 	10.5 	10.1 	9.6 b	8.2 	7.6 	9.9 	10.5 b	9.1 	6.5 u	6.6 bu	6.3 u	5.3 u	8.0 	4.7 u
A,PC,T,Y18-24,HU23	14.3 	15.6 b	15.3 	15.2 b	13.2 	12.6 	16.5 b	15.7 	13.6 	13.4 	13.1 	11.3 	10.6 	15.6 	14.4 b	14.1 	14.7 	15.7 	15.5 b	17.3 	17.4 	13.1 b	15.0 	13.8 	11.4 	11.5 
A,PC,T,Y18-24,HU3	16.9 	15.3 b	14.5 	14.0 b	13.8 	14.0 	14.6 b	12.7 	13.3 	13.1 	12.8 	13.2 	14.3 	14.8 	13.7 b	13.9 	15.2 	15.4 	16.3 b	15.8 	15.4 	16.7 b	17.4 	15.5 	14.7 	13.8 
A,PC,T,Y18-24,HU31	18.6 	16.0 b	15.6 	14.4 b	14.6 	17.1 	18.4 b	16.2 	14.7 	14.8 	16.5 	15.8 	15.5 	19.0 	18.4 b	16.8 	19.3 	21.6 	22.1 b	21.1 	20.4 	22.7 b	23.7 	18.3 	21.6 	18.8 
A,PC,T,Y18-24,HU32	17.2 	16.0 b	15.9 	15.6 b	15.3 	15.2 	16.0 b	12.9 	15.1 	15.0 	13.5 	14.0 	17.4 	15.1 	14.4 b	13.7 	15.1 	14.2 	16.5 b	16.2 	15.3 	16.9 b	16.9 	16.5 	14.9 	14.7 
A,PC,T,Y18-24,HU33	15.1 	13.9 b	12.0 	11.5 b	11.0 	9.4 	9.3 b	8.9 	9.6 	9.0 	8.3 	9.5 	9.4 	10.4 	8.4 b	11.3 	11.5 	11.0 	10.3 b	9.9 	10.5 	10.5 b	11.7 	11.2 	7.4 	7.8 
A,PC,T,Y18-24,IE	: 	: 	14.6 	13.1 	13.1 b	12.5 	12.3 b	12.0 b	11.7 	11.8 	11.9 	11.1 	9.9 	8.7 	6.7 b	6.8 	6.0 	5.0 b	5.0 	5.1 	5.0 	3.3 b	3.7 	4.0 	2.8 b	3.6 
A,PC,T,Y18-24,IE0	: 	: 	14.6 	13.1 	13.1 b	12.5 	12.3 b	12.0 b	11.7 	11.8 	11.9 	11.1 	9.9 	8.7 	6.7 b	6.8 	6.0 	5.0 b	5.0 	5.1 	5.0 	3.3 b	3.7 	4.0 	2.8 b	3.6 
A,PC,T,Y18-24,IE01	: 	: 	17.4 	14.6 	14.3 b	14.3 	14.7 b	13.8 b	13.5 	12.8 	13.0 	12.9 	: 	: 	: 	: 	: 	: 	: 	: 	: 	: 	: 	: 	: 	: 
A,PC,T,Y18-24,IE02	: 	: 	13.7 	12.6 	12.6 b	11.9 	11.5 b	11.5 b	11.1 	11.5 	11.6 	10.5 	: 	: 	: 	: 	: 	: 	: 	: 	: 	: 	: 	: 	: 	: 
A,PC,T,Y18-24,IE04	: 	: 	: 	: 	: 	: 	: 	: 	: 	: 	: 	: 	9.5 	9.9 	8.4 b	8.0 	6.4 	4.8 b	5.5 	6.2 u	: u	: bu	: u	: u	: bu	: u
A,PC,T,Y18-24,IE05	: 	: 	: 	: 	: 	: 	: 	: 	: 	: 	: 	: 	10.4 	9.5 	7.1 b	7.2 	5.6 	4.6 b	5.7 	5.2 	4.9 u	: bu	4.4 u	4.7 u	: bu	: u
A,PC,T,Y18-24,IE06	: 	: 	: 	: 	: 	: 	: 	: 	: 	: 	: 	: 	9.7 	7.7 	5.9 b	6.2 	6.2 	5.4 b	4.3 	4.7 	5.1 	3.4 bu	3.2 u	3.7 u	3.0 bu	3.8 u
A,PC,T,Y18-24,IS	29.8 	30.9 	28.8 	20.3 b	24.9 	24.9 	: u	23.2 	24.4 	21.3 b	22.6 	19.7 	20.1 	20.5 	19.1 b	18.8 	19.8 	17.8 	21.5 	17.9 	14.8 b	14.4 b	16.5 	15.8 	15.3 	: 
A,PC,T,Y18-24,IS0	29.8 	30.9 	28.8 	20.3 b	24.9 	24.9 	: u	23.2 	24.4 	21.3 b	22.6 	19.7 	20.1 	20.5 	19.1 b	18.8 	19.8 	17.8 	21.5 	17.9 	14.8 b	14.4 b	16.5 	15.8 	15.3 	: 
A,PC,T,Y18-24,IS00	29.8 	30.9 	28.8 	20.3 b	24.9 	24.9 	: u	23.2 	24.4 	21.3 b	22.6 	19.7 	20.1 	20.5 	19.1 b	18.8 	19.8 	17.8 	21.5 	17.9 	14.8 b	14.4 b	16.5 	15.8 	15.3 	: 
A,PC,T,Y18-24,IT	25.1 	25.9 	24.2 	23.0 	23.1 b	22.1 	20.4 b	19.5 	19.6 	19.1 	18.6 	17.8 	17.3 	16.8 	15.0 b	14.7 	13.8 	14.0 	14.3 b	13.3 	14.2 	12.7 b	11.5 	10.5 	9.8 	8.2 
A,PC,T,Y18-24,ITC	23.7 	24.9 	23.1 	22.4 	22.1 b	20.8 	18.5 b	17.8 	18.6 	19.1 	17.7 	16.4 	15.7 	15.4 	12.9 b	12.9 	12.0 	11.9 	13.2 b	11.0 	12.6 	11.5 b	10.2 	8.3 	8.1 	7.0 
A,PC,T,Y18-24,ITC1	25.1 	27.7 	25.2 	22.9 	22.8 b	20.8 	19.5 b	17.3 	18.5 	19.6 	17.6 	15.9 	16.2 	15.7 	12.7 b	12.6 	10.2 	11.3 	13.5 b	10.7 	12.1 	11.4 b	11.0 	8.8 	8.7 	7.2 
A,PC,T,Y18-24,ITC2	24.4 u	27.7 u	25.1 u	23.8 u	21.9 bu	21.4 u	21.4 bu	23.9 u	26.1 u	21.6 u	21.3 u	22.9 u	21.4 u	19.6 u	: bu	: u	: u	: u	: bu	: u	: u	: bu	: u	: u	: u	: u
A,PC,T,Y18-24,ITC3	21.6 	22.7 	22.5 	22.8 	17.8 b	16.5 	15.5 b	16.3 	12.5 	12.5 	16.1 	14.5 	17.4 	14.8 	13.6 b	12.0 	11.4 	13.1 	12.8 b	9.7 	10.0 	12.9 b	10.3 	10.2 	9.0 	9.3 
A,PC,T,Y18-24,ITC4	23.4 	24.0 	22.3 	22.0 	22.4 b	21.3 	18.4 b	18.1 	19.5 	19.8 	18.0 	16.8 	15.1 	15.3 	12.9 b	13.1 	12.7 	12.0 	13.1 b	11.3 	13.1 	11.3 b	9.9 	7.8 	7.7 	6.6 
A,PC,T,Y18-24,ITF	28.1 	28.5 	26.2 	25.3 	26.3 b	24.9 	24.2 b	24.6 	23.0 	21.6 	20.9 	19.3 	19.2 	19.2 	17.2 b	17.0 	16.6 	17.3 	17.1 b	16.7 	17.5 	15.3 b	13.8 	13.5 	11.3 	8.4 
A,PC,T,Y18-24,ITF1	16.3 	18.4 	13.7 	10.2 	16.0 b	15.4 	14.8 b	14.7 	16.7 	14.3 	13.1 	12.0 	12.2 	10.8 	9.6 b	14.2 	12.4 	7.4 	8.4 b	9.9 	10.1 	8.0 b	9.3 	9.1 	7.9 	5.3 
A,PC,T,Y18-24,ITF2	17.9 	20.0 	19.1 	19.0 	15.2 b	15.4 	15.9 b	16.2 	16.1 	16.5 	13.4 	12.7 	9.9 u	15.3 	12.1 b	10.1 u	10.3 u	12.0 	10.2 bu	10.7 u	9.2 u	7.6 bu	8.3 u	: u	: u	: u
A,PC,T,Y18-24,ITF3	31.3 	30.7 	28.4 	28.5 	28.4 b	27.5 	26.9 b	28.7 	26.3 	23.5 	23.2 	21.8 	21.7 	21.9 	19.7 b	18.8 	18.1 	19.1 	18.4 b	17.2 	19.0 	16.4 b	16.1 	16.0 	13.3 	9.7 
A,PC,T,Y18-24,ITF4	29.3 	29.8 	28.6 	27.5 	30.3 b	28.9 	26.9 b	25.0 	23.9 	24.9 	23.6 	19.4 	19.8 	19.9 	16.9 b	16.7 	16.9 	18.6 	17.6 b	17.8 	18.5 	17.6 b	14.6 	12.8 	9.9 	8.6 
A,PC,T,Y18-24,ITF5	24.6 	28.5 	23.5 	21.6 	16.8 b	18.0 	15.2 b	14.0 	13.9 	12.0 	15.0 	14.5 	13.6 	14.9 	12.3 b	10.3 	13.6 	13.8 	11.0 b	11.7 	13.6 	8.7 bu	5.3 u	8.6 u	9.1 u	7.7 u
A,PC,T,Y18-24,ITF6	24.4 	25.8 	23.8 	21.8 	21.9 b	18.1 	19.6 b	21.0 	18.5 	17.2 	16.0 	18.0 	16.9 	16.2 	16.8 b	16.1 	15.7 	16.3 	20.0 b	18.9 	16.9 	14.0 b	10.3 	11.8 	10.8 	6.5 
A,PC,T,Y18-24,ITG	32.0 	33.4 	31.9 	29.2 	30.4 b	30.5 	28.1 b	24.9 	25.3 	25.5 	25.2 	24.5 	24.5 	25.2 	23.9 b	24.0 	22.4 	21.0 	22.2 b	21.3 	19.9 	19.5 b	17.9 	17.2 	15.0 	13.7 
A,PC,T,Y18-24,ITG1	32.0 	33.1 	31.5 	29.3 	30.5 b	29.8 	28.2 b	25.9 	26.2 	26.3 	25.6 	24.4 	24.3 	25.4 	24.0 b	24.3 	23.5 	20.9 	22.0 b	22.3 	21.8 	21.2 b	18.8 	17.1 	15.2 	13.7 
A,PC,T,Y18-24,ITG2	32.1 	34.3 	33.0 	28.7 	30.1 b	32.4 	28.0 b	21.9 	22.5 	22.6 	23.6 	25.1 	25.0 	24.3 	23.5 b	22.9 	18.1 	21.2 	22.8 b	17.7 	12.9 	13.2 b	14.7 	17.3 	14.5 	13.6 
A,PC,T,Y18-24,ITH	20.9 	22.0 	20.2 	19.7 	19.0 b	18.5 	16.5 b	14.8 	15.8 	15.7 	15.1 	14.8 	14.3 	12.3 	10.6 b	10.1 	8.9 	10.3 	10.5 b	9.5 	10.5 	9.6 b	9.4 	8.8 	8.7 	6.8 
A,PC,T,Y18-24,ITH1	18.7 	29.0 	30.1 	32.5 	30.5 b	26.3 	23.5 b	23.2 	21.5 	21.0 	22.6 	18.1 	19.6 	16.4 	13.1 b	13.1 	11.1 	13.8 	11.0 b	11.6 	13.6 	12.9 b	13.5 	16.2 	14.7 	9.0 
A,PC,T,Y18-24,ITH2	13.8 	14.5 	11.2 	12.1 	12.3 b	12.2 	10.5 b	10.5 	12.5 	12.3 	11.8 	9.4 	11.7 	10.8 	8.5 b	8.7 	7.9 	7.8 	6.8 b	6.7 	7.8 	8.8 bu	7.3 u	8.2 u	6.5 u	5.2 u
A,PC,T,Y18-24,ITH3	22.9 	22.4 	20.5 	18.1 	18.4 b	18.1 	14.7 b	13.1 	15.5 	16.5 	15.5 	16.5 	13.8 	10.0 	8.4 b	8.1 	6.9 	10.5 	10.9 b	8.3 	11.2 	9.3 b	9.5 	9.8 	9.0 	7.6 
A,PC,T,Y18-24,ITH4	15.7 	16.4 	15.6 	17.2 	14.0 b	16.4 	20.1 b	12.5 	15.2 	14.7 	12.1 	13.0 	13.0 	11.1 	11.1 b	6.9 	8.0 	10.3 	8.9 b	8.7 	8.8 	8.6 b	7.7 	6.6 	8.2 	5.5 
A,PC,T,Y18-24,ITH5	: 	: 	: 	: 	: 	19.5 	17.4 b	17.0 	16.0 	14.5 	14.8 	13.6 	14.7 	15.1 	13.2 b	13.3 	11.3 	9.9 	10.8 b	11.1 	10.1 	9.9 b	9.5 	7.3 	7.9 	6.0 
A,PC,T,Y18-24,ITI	20.4 	20.5 	19.7 	18.5 	17.3 b	16.0 	14.3 b	13.5 	14.3 	13.2 	14.6 	15.3 	14.3 	13.5 	12.4 b	11.5 	10.8 	10.7 	10.4 b	10.6 	12.0 	9.8 b	8.2 	7.0 	8.0 	7.7 
A,PC,T,Y18-24,ITI1	26.0 	25.0 	22.4 	20.4 	21.0 b	16.7 	16.6 b	17.6 	16.7 	16.5 	17.5 	18.2 	17.5 	16.2 	13.8 b	13.4 	11.5 	10.9 	10.3 b	10.1 	12.9 	11.1 b	10.7 	9.3 	8.8 	9.8 
A,PC,T,Y18-24,ITI2	15.8 	13.0 	13.8 	14.5 	13.3 b	15.3 	14.3 b	12.4 	14.5 	12.0 	12.9 	10.9 	13.0 	11.5 	9.1 b	8.1 	6.7 	9.3 	8.3 b	9.3 	12.6 	12.0 b	7.3 	5.6 u	5.9 u	4.9 u
A,PC,T,Y18-24,ITI3	: 	: 	: 	: 	: 	19.2 	17.5 b	15.8 	14.4 	15.4 	14.8 	12.5 	15.3 	13.2 	10.9 b	10.0 	11.0 	10.1 	9.7 b	8.5 	9.2 	7.9 b	5.8 	6.1 	9.1 	7.7 
A,PC,T,Y18-24,ITI4	18.1 	19.5 	18.8 	18.3 	15.7 b	14.7 	12.0 b	10.6 	12.8 	10.9 	13.0 	15.0 	12.3 	12.2 	12.5 b	11.3 	10.9 	11.0 	11.0 b	11.6 	12.2 	9.2 b	7.4 	6.1 	7.4 	6.9 
A,PC,T,Y18-24,LT	16.5 b	14.9 	13.4 b	11.4 	10.3 b	8.4 	8.8 b	7.8 	7.5 	8.7 	7.9 	7.4 	6.5 	6.3 	5.9 b	5.5 	4.8 	5.4 	4.6 	4.0 	5.6 	5.3 b	4.8 	6.4 	8.4 	5.9 
A,PC,T,Y18-24,LT0	16.5 b	14.9 	13.4 b	11.4 	10.3 b	8.4 	8.8 b	7.8 	7.5 	8.7 	7.9 	7.4 	6.5 	6.3 	5.9 b	5.5 	4.8 	5.4 	4.6 	4.0 	5.6 	5.3 b	4.8 	6.4 	8.4 	5.9 
A,PC,T,Y18-24,LT00	16.5 b	14.9 	13.4 b	11.4 	10.3 b	8.4 	8.8 b	7.8 	7.5 	8.7 	7.9 	7.4 	6.5 	: 	: 	: 	: 	: 	: 	: 	: 	: 	: 	: 	: 	: 
A,PC,T,Y18-24,LT01	: 	: 	: 	: 	: 	: 	: 	: 	: 	: 	: 	: 	: 	2.9 u	4.4 bu	4.1 u	2.3 u	3.9 u	1.9 u	: u	3.0 u	: bu	: u	4.6 u	3.9 u	2.3 u
A,PC,T,Y18-24,LT02	: 	: 	: 	: 	: 	: 	: 	: 	: 	: 	: 	: 	: 	7.6 	6.4 b	6.0 	5.8 	6.0 	5.6 	5.0 	6.5 	6.8 b	6.1 	7.1 	10.3 	7.9 
A,PC,T,Y18-24,LU	16.8 	18.1 	17.0 	12.3 b	12.7 	13.3 	14.0 b	12.5 b	13.4 	7.7 b	7.1 	6.2 	8.1 	6.1 	6.1 b	9.3 b	5.5 	7.3 	6.3 	7.2 	8.2 	9.3 b	8.2 	6.8 u	7.8 u	: u
A,PC,T,Y18-24,LU0	16.8 	18.1 	17.0 	12.3 b	12.7 	13.3 	14.0 b	12.5 b	13.4 	7.7 b	7.1 	6.2 	8.1 	6.1 	6.1 b	9.3 b	5.5 	7.3 	6.3 	7.2 	8.2 	9.3 b	8.2 	6.8 u	7.8 u	: u
A,PC,T,Y18-24,LU00	16.8 	18.1 	17.0 	12.3 b	12.7 	13.3 	14.0 b	12.5 b	13.4 	7.7 b	7.1 	6.2 	8.1 	6.1 	6.1 b	9.3 b	5.5 	7.3 	6.3 	7.2 	8.2 	9.3 b	8.2 	6.8 u	7.8 u	: u
A,PC,T,Y18-24,LV	: 	: 	16.5 b	18.8 b	15.9 	15.4 	15.6 b	15.6 	15.5 	14.3 	12.9 	11.6 	10.6 	9.8 	8.5 b	9.9 	10.0 	8.6 	8.3 	8.7 	7.2 	7.3 b	6.7 	7.7 	7.9 	8.8 
A,PC,T,Y18-24,LV0	: 	: 	16.5 b	18.8 b	15.9 	15.4 	15.6 b	15.6 	15.5 	14.3 	12.9 	11.6 	10.6 	9.8 	8.5 b	9.9 	10.0 	8.6 	8.3 	8.7 	7.2 	7.3 b	6.7 	7.7 	7.9 	8.8 
A,PC,T,Y18-24,LV00	: 	: 	16.5 b	18.8 b	15.9 	15.4 	15.6 b	15.6 	15.5 	14.3 	12.9 	11.6 	10.6 	9.8 	8.5 b	9.9 	10.0 	8.6 	8.3 	8.7 	7.2 	7.3 b	6.7 	7.7 	7.9 	8.8 
A,PC,T,Y18-24,ME	: 	: 	: 	: 	: 	: 	: 	: 	: 	: 	: 	7.2 	6.7 	5.6 	5.1 b	5.7 	5.5 	5.4 	4.6 	5.0 	3.6 	: 	: 	: 	: 	: 
A,PC,T,Y18-24,ME0	: 	: 	: 	: 	: 	: 	: 	: 	: 	: 	: 	7.2 	6.7 	5.6 	5.1 b	5.7 	5.5 	5.4 	4.6 	5.0 	3.6 	: 	: 	: 	: 	: 
A,PC,T,Y18-24,ME00	: 	: 	: 	: 	: 	: 	: 	: 	: 	: 	: 	7.2 	6.7 	5.6 	5.1 b	5.7 	5.5 	5.4 	4.6 	5.0 	3.6 	: 	: 	: 	: 	: 
A,PC,T,Y18-24,MK	: 	: 	: 	: 	: 	: 	22.8 	19.9 b	19.6 	16.2 	15.5 	13.5 	11.7 	11.4 	12.5 b	11.4 	9.9 	8.5 	7.1 	7.1 	5.7 	6.1 b	6.2 	8.4 	8.0 	9.5 
A,PC,T,Y18-24,MK0	: 	: 	: 	: 	: 	: 	22.8 	19.9 b	19.6 	16.2 	15.5 	13.5 	11.7 	11.4 	12.5 b	11.4 	9.9 	8.5 	7.1 	7.1 	5.7 	6.1 b	6.2 	8.4 	8.0 	9.5 
A,PC,T,Y18-24,MK00	: 	: 	: 	: 	: 	: 	22.8 	19.9 b	19.6 	16.2 	15.5 	13.5 	11.7 	11.4 	12.5 b	11.4 	9.9 	8.5 	7.1 	7.1 	5.7 	6.1 b	6.2 	8.4 	8.0 	9.5 
A,PC,T,Y18-24,MT	54.2 d	54.4 d	53.2 d	49.9 d	42.1 d	33.0 b	32.2 b	30.2 	27.2 	25.7 	21.4 	18.8 b	18.1 	17.1 	17.0 b	16.3 	15.6 	14.0 	14.0 	14.2 	13.0 	10.9 b	10.3 	10.2 	9.5 	8.6 
A,PC,T,Y18-24,MT0	54.2 d	54.4 d	53.2 d	49.9 d	42.1 d	33.0 b	32.2 b	30.2 	27.2 	25.7 	21.4 	18.8 b	18.1 	17.1 	17.0 b	16.3 	15.6 	14.0 	14.0 	14.2 	13.0 	10.9 b	10.3 	10.2 	9.5 	8.6 
A,PC,T,Y18-24,MT00	54.2 d	54.4 d	53.2 d	49.9 d	42.1 d	33.0 b	32.2 b	30.2 	27.2 	25.7 	21.4 	18.8 b	18.1 	17.1 	17.0 b	16.3 	15.6 	14.0 	14.0 	14.2 	13.0 	10.9 b	10.3 	10.2 	9.5 	8.6 
A,PC,T,Y18-24,NL	15.4 	15.1 	15.3 	14.3 b	14.1 	14.3 b	12.9 b	11.9 	11.4 	11.3 	10.1 	9.2 	8.9 	9.3 b	8.7 b	8.2 	8.0 	7.1 	7.3 	7.5 b	7.0 	5.1 b	5.6 	6.2 	7.0 	7.4 
A,PC,T,Y18-24,NL1	11.6 	12.5 	13.4 	13.6 b	13.0 	12.8 b	11.7 b	10.9 	10.1 	10.8 	10.3 	8.1 	8.8 	8.8 b	9.1 b	7.1 	7.2 	6.1 	6.0 	7.2 b	6.3 	4.1 b	5.3 	6.3 	7.7 	7.6 
A,PC,T,Y18-24,NL11	9.0 u	9.9 	10.4 	10.6 b	9.4 	9.5 b	9.7 b	7.2 	8.8 	7.1 	5.7 	5.5 	8.0 	7.2 b	6.0 b	5.8 	5.8 	3.8 	3.5 	4.9 b	6.1 	3.4 bu	4.0 	5.1 	7.2 	4.6 
A,PC,T,Y18-24,NL12	14.8 	13.0 	13.9 	13.6 b	12.1 	13.4 b	11.0 b	14.6 	10.4 	12.9 	13.4 	9.5 	8.4 	10.7 b	11.2 b	8.8 	8.5 	7.7 	6.9 	10.5 b	6.4 	5.2 b	7.2 	6.9 	7.6 	9.9 
A,PC,T,Y18-24,NL13	11.5 u	16.7 	17.9 	18.7 b	20.2 	18.4 b	16.7 b	13.3 	12.5 	15.6 	14.9 	11.2 	10.8 	8.9 b	11.8 b	7.4 u	8.1 	8.7 	9.7 	6.9 bu	6.5 	3.7 bu	4.7 u	7.0 	8.5 	10.0 
A,PC,T,Y18-24,NL2	16.0 	14.3 	14.3 	14.7 b	15.1 	14.6 b	13.1 b	11.3 	11.8 	10.5 	9.1 	7.9 	8.4 	9.8 b	8.5 b	8.2 	7.9 	8.1 	7.7 	6.0 b	6.7 	5.4 b	5.6 	6.3 	7.1 	8.0 
A,PC,T,Y18-24,NL21	13.7 	13.2 	14.5 	12.5 b	13.4 	13.5 b	11.3 b	7.5 	9.1 	11.1 	7.4 	6.8 	7.1 	7.3 b	7.7 b	6.9 	7.9 	7.7 	8.3 	4.7 b	6.8 	3.7 b	5.5 	6.3 	7.8 	8.5 
A,PC,T,Y18-24,NL22	17.6 	14.4 	14.1 	15.2 b	15.8 	14.8 b	14.2 b	12.8 	12.7 	9.3 	9.6 	8.4 	9.1 	11.3 b	8.6 b	7.9 	7.7 	8.3 	7.2 	6.1 b	6.1 	5.7 b	5.3 	5.9 	6.7 	7.4 
A,PC,T,Y18-24,NL23	14.9 u	17.6 	14.8 	19.1 b	17.1 	17.1 b	12.8 b	15.6 	15.1 	14.5 	11.8 	9.0 	9.0 	9.9 b	10.6 b	13.5 	9.1 	8.3 	8.9 	9.6 b	9.0 	9.8 b	7.3 	8.2 	6.8 	9.1 
A,PC,T,Y18-24,NL3	15.6 	15.6 	16.1 	14.4 b	14.0 	13.9 b	12.5 b	11.7 	11.0 	11.5 	10.2 	9.5 	8.6 	8.9 b	8.8 b	8.0 	8.0 	6.4 	6.8 	7.5 b	7.0 	5.2 b	5.1 	6.2 	6.5 	6.6 
A,PC,T,Y18-24,NL31	9.5 	13.7 	14.2 	10.0 b	11.9 	9.0 b	9.4 b	8.2 	8.1 	9.1 	7.1 	6.7 	6.8 	7.1 b	6.9 b	7.4 	6.5 	5.0 	5.9 	: 	: 	: 	: 	: 	: 	: 
A,PC,T,Y18-24,NL32	17.6 	16.1 	16.2 	14.0 b	13.5 	12.7 b	12.4 b	12.3 	10.6 	12.1 	9.7 	9.4 	7.7 	7.6 b	6.5 b	7.2 	7.8 	6.2 	6.6 	6.7 b	7.4 	4.9 b	5.9 	7.4 	6.7 	7.2 
A,PC,T,Y18-24,NL33	16.2 	16.1 	16.7 	15.8 b	14.8 	16.1 b	13.7 b	12.4 	12.2 	11.7 	11.0 	10.1 	9.3 	9.8 b	10.7 b	8.2 	8.2 	6.6 	7.0 	: 	: 	: 	: 	: 	: 	: 
A,PC,T,Y18-24,NL34	17.9 u	13.1 	15.1 	18.0 b	15.8 	15.2 b	11.7 b	12.1 	14.2 	16.0 	16.8 	13.0 	13.8 	17.1 b	14.2 b	15.1 	14.1 	11.2 	9.6 	8.5 bu	7.4 u	9.4 b	8.5 u	6.7 u	8.5 u	8.9 u
A,PC,T,Y18-24,NL35	: 	: 	: 	: 	: 	: 	: 	: 	: 	: 	: 	: 	: 	: 	: 	: 	: 	: 	: 	6.4 b	6.0 	4.1 b	2.7 	3.4 	6.1 	5.8 
A,PC,T,Y18-24,NL36	: 	: 	: 	: 	: 	: 	: 	: 	: 	: 	: 	: 	: 	: 	: 	: 	: 	: 	: 	8.2 b	7.0 	5.5 b	5.2 	6.2 	6.2 	6.3 
A,PC,T,Y18-24,NL4	16.3 	16.0 	15.8 	13.8 b	13.9 	15.6 b	14.2 b	13.6 	12.5 	11.9 	10.8 	10.3 	10.2 	10.0 b	8.5 b	9.1 	8.4 	7.9 	8.6 	9.4 b	7.9 	5.2 b	6.7 	6.1 	7.9 	8.6 
A,PC,T,Y18-24,NL41	15.1 	15.3 	15.7 	13.6 b	13.5 	15.9 b	14.2 b	13.1 	12.8 	12.1 	10.4 	10.3 	10.7 	9.9 b	8.4 b	9.1 	8.3 	7.9 	8.0 	9.4 b	8.0 	4.2 b	5.8 	5.8 	7.4 	8.3 
A,PC,T,Y18-24,NL42	18.9 	17.6 	15.9 	14.2 b	14.7 	15.1 b	14.2 b	14.6 	11.9 	11.3 	11.6 	10.4 	9.1 	10.0 b	8.9 b	8.9 	8.7 	7.9 	10.0 	9.4 b	7.5 	7.8 b	9.0 	6.9 	9.0 	9.4 
A,PC,T,Y18-24,NO	: 	: 	: 	: 	: 	: 	17.8 	18.4 	17.0 	17.6 	17.4 	16.6 	14.8 	13.7 	11.7 b	10.2 	10.9 	10.4 	9.9 	9.9 	9.9 	9.8 b	3.1 	3.4 	3.5 	3.8 
A,PC,T,Y18-24,NO0	: 	: 	: 	: 	: 	: 	17.8 	18.4 	17.0 	17.6 	17.4 	16.6 	14.8 	13.7 	11.7 b	10.2 	10.9 	10.4 	9.9 	9.9 	9.9 	9.8 b	3.1 	3.4 	3.5 	3.8 
A,PC,T,Y18-24,NO01	: 	: 	: 	: 	: 	: 	16.9 	17.6 	15.2 	15.0 	15.7 	11.4 	9.9 	11.3 	9.0 b	6.6 	: 	: 	: 	: 	: 	: 	: 	: 	: 	: 
A,PC,T,Y18-24,NO02	: 	: 	: 	: 	: 	: 	19.7 	19.1 	17.7 	19.5 	20.9 	21.6 	19.6 	12.9 	13.9 b	12.4 	9.5 	: u	: u	: u	: u	: bu	: u	: u	: u	: u
A,PC,T,Y18-24,NO03	: 	: 	: 	: 	: 	: 	19.2 	20.2 	17.4 	17.5 	15.8 	17.2 	15.9 	15.2 	11.9 b	11.5 	: 	: 	: 	: 	: 	: 	: 	: 	: 	: 
A,PC,T,Y18-24,NO04	: 	: 	: 	: 	: 	: 	18.0 	19.1 	20.1 	20.5 	18.5 	17.2 	18.5 	16.0 	13.0 b	9.4 	: 	: 	: 	: 	: 	: 	: 	: 	: 	: 
A,PC,T,Y18-24,NO05	: 	: 	: 	: 	: 	: 	15.0 	16.1 	16.0 	17.3 	16.4 	17.3 	13.0 	11.7 	9.1 b	9.1 	: 	: 	: 	: 	: 	: 	: 	: 	: 	: 
A,PC,T,Y18-24,NO06	: 	: 	: 	: 	: 	: 	14.1 	14.9 	15.6 	15.2 	16.1 	15.0 	14.8 	12.6 	11.1 b	9.8 	11.8 	: u	: u	: u	10.2 u	: bu	: u	: u	: u	: u
A,PC,T,Y18-24,NO07	: 	: 	: 	: 	: 	: 	23.5 	22.4 	18.1 	20.8 	23.0 	23.3 	18.9 	18.2 	18.8 b	18.2 	15.5 	11.6 u	13.1 u	14.7 u	: u	: bu	: u	: u	: u	: u
A,PC,T,Y18-24,NO08	: 	: 	: 	: 	: 	: 	: 	: 	: 	: 	: 	: 	: 	: 	: 	: 	9.1 	10.3 	8.7 	8.9 	9.8 	10.7 b	: u	3.8 u	: u	3.5 u
A,PC,T,Y18-24,NO09	: 	: 	: 	: 	: 	: 	: 	: 	: 	: 	: 	: 	: 	: 	: 	: 	11.8 	10.9 u	9.6 u	9.4 u	9.7 u	8.6 bu	: u	: u	: u	: u
A,PC,T,Y18-24,NO0A	: 	: 	: 	: 	: 	: 	: 	: 	: 	: 	: 	: 	: 	: 	: 	: 	10.9 	10.6 	11.3 	9.9 	9.7 	8.8 b	: u	: u	: u	4.5 u
A,PC,T,Y18-24,PL	: 	7.4 	7.2 	6.0 b	5.6 b	5.3 	5.4 	5.0 	5.0 b	5.3 	5.4 b	5.6 	5.7 	5.6 	5.4 b	5.3 	5.2 b	5.0 	4.8 	5.1 b	5.3 	5.8 b	4.7 	3.7 	4.1 	4.0 
A,PC,T,Y18-24,PL2	: 	6.7 	6.2 	4.5 b	4.5 b	4.6 	4.5 	3.3 	3.7 b	4.3 	3.8 b	4.6 	4.6 	3.8 	3.5 b	4.4 	3.7 b	3.9 	2.8 	3.6 b	4.3 	5.4 b	3.7 u	2.1 u	3.1 u	3.3 u
A,PC,T,Y18-24,PL21	: 	7.1 	6.7 	4.0 b	3.8 bu	3.8 u	3.1 u	2.6 u	3.2 bu	3.1 u	2.8 bu	3.4 u	2.8 u	2.3 u	3.3 bu	3.4 u	2.7 bu	3.3 u	: u	2.9 bu	: u	: bu	: u	: u	: u	: u
A,PC,T,Y18-24,PL22	: 	6.4 	5.9 	4.9 b	4.9 b	5.1 	5.6 	3.8 	4.1 b	5.2 	4.7 b	5.7 	6.1 	5.2 	3.7 bu	5.3 	4.4 bu	4.4 u	3.6 u	4.2 bu	6.5 u	6.8 bu	5.3 u	: u	4.1 u	: u
A,PC,T,Y18-24,PL4	: 	6.6 	7.5 	6.8 b	7.2 b	6.4 	5.7 	5.5 	5.7 b	6.3 	6.6 b	6.4 	6.5 	6.9 	6.6 b	7.1 	6.6 b	6.3 	6.0 	5.2 b	6.2 	6.9 b	5.4 	5.1 	5.8 	6.1 
A,PC,T,Y18-24,PL41	: 	6.4 	6.6 	5.4 b	6.2 b	4.8 	3.6 u	3.6 u	3.7 bu	4.6 	4.9 b	4.6 u	5.4 	5.5 	4.5 bu	5.7 u	4.5 bu	4.1 u	3.5 u	3.3 bu	5.6 u	4.1 bu	: u	: u	4.7 u	5.3 u
A,PC,T,Y18-24,PL42	: 	7.6 u	9.8 	9.4 b	8.6 b	8.6 	9.7 	9.2 u	8.7 bu	8.2 u	9.1 bu	10.1 u	8.6 u	8.9 u	9.7 bu	9.7 u	10.2 bu	10.0 u	9.1 u	7.4 bu	: u	12.2 bu	: u	: u	: u	: u
A,PC,T,Y18-24,PL43	: 	5.6 u	7.0 u	7.4 bu	8.7 bu	8.5 u	7.2 u	6.6 u	8.3 bu	9.4 u	8.7 bu	8.0 u	7.6 u	9.3 u	9.5 bu	8.4 u	8.3 bu	8.1 u	9.8 u	9.2 bu	: u	: bu	: u	: u	: u	: u
A,PC,T,Y18-24,PL5	: 	7.7 	7.1 	6.9 b	6.1 b	4.8 	4.9 	6.3 	5.6 b	5.3 	5.8 b	6.0 	6.4 	6.4 	6.8 b	7.3 	7.9 b	4.1 u	3.4 u	6.0 b	4.6 u	7.8 bu	6.9 u	: u	4.8 u	: u
A,PC,T,Y18-24,PL51	: 	8.4 	7.9 	7.8 b	6.5 b	5.1 	4.6 u	6.4 	5.8 b	5.2 u	5.6 b	5.9 	6.6 	6.7 u	7.3 bu	8.2 	9.3 b	4.5 u	3.7 u	6.8 bu	: u	8.5 bu	7.1 u	: u	: u	: u
A,PC,T,Y18-24,PL52	: 	5.3 u	: u	: bu	: bu	: u	5.9 u	5.8 u	5.2 bu	5.8 u	6.5 bu	6.2 u	: u	: u	: bu	: u	: bu	: u	: u	: bu	: u	: bu	: u	: u	: u	: u
A,PC,T,Y18-24,PL6	: 	9.0 	9.1 	7.0 b	6.0 b	6.3 	6.9 	7.3 	6.4 b	7.3 	7.9 b	7.6 	7.8 	8.2 	7.3 b	6.9 	7.8 b	7.7 	8.5 	7.4 b	6.9 	4.8 bu	5.9 	4.4 u	4.7 u	4.8 u
A,PC,T,Y18-24,PL61	: 	9.1 	7.7 	6.9 b	5.3 bu	5.3 u	7.1 	6.8 u	5.6 bu	9.4 	8.1 b	6.5 u	6.1 u	7.0 u	7.0 bu	6.3 u	7.3 bu	9.3 u	8.9 u	6.7 bu	8.9 u	: bu	: u	: u	: u	: u
A,PC,T,Y18-24,PL62	: 	12.5 	12.5 	9.7 bu	9.7 bu	9.0 u	6.8 u	8.9 u	7.9 bu	6.4 u	9.8 bu	10.4 u	10.7 u	10.3 u	10.7 bu	10.2 u	9.9 bu	9.2 u	10.7 u	10.7 bu	: u	: bu	: u	: u	: u	: u
A,PC,T,Y18-24,PL63	: 	6.6 	8.2 	5.3 bu	4.5 bu	5.6 u	6.8 u	6.6 u	6.1 bu	5.7 u	6.3 bu	6.7 u	7.5 u	8.0 	5.7 bu	5.6 u	6.9 bu	5.3 u	6.7 u	6.2 bu	: u	: bu	7.3 u	: u	: u	: u
A,PC,T,Y18-24,PL7	: 	8.4 	6.9 	6.2 b	5.4 b	5.3 	5.7 	4.8 	4.7 b	4.6 	5.8 b	5.5 	6.1 	5.2 	5.7 b	4.8 	3.7 bu	4.5 u	4.0 u	3.0 bu	4.9 u	5.8 bu	5.1 u	5.3 u	5.2 u	: u
A,PC,T,Y18-24,PL71	: 	9.2 	7.7 	6.8 b	6.1 b	5.9 	5.7 	4.9 u	5.2 bu	5.0 u	6.2 b	5.6 u	7.1 	6.2 	6.6 b	5.3 u	3.9 bu	5.0 u	3.9 u	: bu	: u	6.8 bu	: u	6.8 u	: u	: u
A,PC,T,Y18-24,PL72	: 	6.7 u	5.3 u	5.0 bu	4.2 bu	4.2 u	5.6 u	4.8 u	3.7 bu	3.7 u	5.1 bu	5.4 u	4.2 u	: u	: bu	: u	: bu	: u	: u	: bu	: u	: bu	: u	: u	: u	: u
A,PC,T,Y18-24,PL8	: 	6.7 	6.0 	5.6 b	5.0 b	4.5 	4.4 	4.2 	4.6 b	4.3 	4.8 b	5.6 	5.1 	5.1 	4.2 b	3.6 	3.5 b	3.7 	3.9 	5.0 b	5.4 	5.5 b	3.2 u	: u	: u	: u
A,PC,T,Y18-24,PL81	: 	7.5 	6.1 	5.8 bu	4.8 bu	4.2 u	4.7 u	5.2 u	5.7 bu	4.9 u	5.6 bu	6.1 u	5.2 u	5.0 u	4.5 bu	3.9 u	3.4 bu	4.4 u	4.5 u	5.7 bu	: u	: bu	: u	: u	: u	: u
A,PC,T,Y18-24,PL82	: 	5.5 u	5.7 u	4.9 bu	4.1 bu	3.9 u	3.7 u	3.1 u	3.4 bu	3.6 u	4.3 bu	5.4 u	5.5 u	5.3 u	4.1 bu	3.2 u	3.2 bu	3.0 u	: u	3.8 bu	: u	: bu	: u	: u	: u	: u
A,PC,T,Y18-24,PL84	: 	7.3 u	6.7 u	6.3 bu	7.3 bu	6.2 u	5.5 u	4.2 u	4.7 bu	4.3 u	4.1 bu	5.3 u	: u	: u	: bu	: u	: bu	: u	: u	: bu	: u	: bu	: u	: u	: u	: u
A,PC,T,Y18-24,PL9	: 	7.6 	7.9 	5.9 b	5.3 b	4.8 	5.1 	4.6 	4.9 b	4.9 	4.0 b	4.1 	4.3 	4.6 	4.7 b	4.1 	3.5 bu	3.9 u	4.2 u	5.7 b	4.8 u	5.3 bu	4.2 u	3.7 u	3.8 u	2.8 u
A,PC,T,Y18-24,PL91	: 	: 	: 	: 	: 	: 	: 	: 	: 	: 	: 	: 	: 	3.1 u	3.9 bu	2.7 u	: bu	: u	: u	3.7 bu	: u	5.9 bu	: u	: u	: u	: u
A,PC,T,Y18-24,PL92	: 	: 	: 	: 	: 	: 	: 	: 	: 	: 	: 	: 	: 	6.0 u	5.5 bu	5.3 u	4.7 bu	4.8 u	5.7 u	8.2 bu	6.5 u	: bu	: u	: u	: u	: u
A,PC,T,Y18-24,PT	43.7 	44.3 	45.0 	41.2 	39.3 b	38.3 	38.5 b	36.5 	34.9 	30.9 	28.3 	22.8 b	20.5 	18.7 	17.3 b	13.5 	13.9 	12.6 	11.6 	10.5 	9.1 	6.4 b	6.3 	8.1 	6.6 	6.1 
A,PC,T,Y18-24,PT1	43.2 	44.0 	44.5 	40.5 	38.6 b	37.5 	37.6 b	35.7 	34.0 	30.1 	27.5 	21.9 b	19.8 	18.0 	16.7 b	12.8 	13.4 	12.0 	11.1 	10.1 	8.7 	5.8 b	5.7 	7.7 	6.2 	5.6 
A,PC,T,Y18-24,PT11	50.3 	51.5 	50.3 	48.4 	46.5 b	45.0 	44.2 b	40.6 	39.4 	35.2 	30.5 	22.5 b	20.8 	19.5 	19.1 b	14.4 	14.1 	12.9 	10.2 	9.5 	10.7 	4.7 b	5.4 	6.1 	5.2 	5.0 
A,PC,T,Y18-24,PT15	44.8 	43.4 	46.0 	41.4 	36.3 b	37.1 	35.9 b	36.2 	37.7 	29.3 	29.9 	25.0 b	19.5 	20.5 	21.9 b	15.8 	16.7 	17.0 	20.1 	19.9 	: u	: bu	11.8 u	16.0 u	11.6 u	13.2 u
A,PC,T,Y18-24,PT16	41.4 	41.1 	42.9 	38.0 	36.5 b	33.9 	33.9 b	32.4 	31.5 	27.6 	27.9 	20.0 b	18.4 	14.1 	13.7 b	12.5 	12.5 	10.5 	9.9 	: 	: 	: 	: 	: 	: 	: 
A,PC,T,Y18-24,PT17	34.1 	35.9 	37.1 	32.1 	28.6 b	29.3 	30.7 b	31.7 	29.4 	24.9 	22.3 	22.6 b	19.8 	18.1 	14.7 b	10.6 	12.5 	10.9 	11.2 	: 	: 	: 	: 	: 	: 	: 
A,PC,T,Y18-24,PT18	44.7 	43.2 	44.1 	34.9 	39.6 b	38.3 	39.1 b	33.8 	26.3 	29.1 	27.3 	20.1 b	19.3 	19.9 	18.1 b	12.5 	13.6 	13.5 	14.6 	: 	: 	: 	: 	: 	: 	: 
A,PC,T,Y18-24,PT19	: 	: 	: 	: 	: 	: 	: 	: 	: 	: 	: 	: 	: 	: 	: 	: 	: 	: 	: 	6.6 	5.9 	6.3 bu	4.9 u	7.2 u	6.2 u	4.0 u
A,PC,T,Y18-24,PT1A	: 	: 	: 	: 	: 	: 	: 	: 	: 	: 	: 	: 	: 	: 	: 	: 	: 	: 	: 	10.1 	8.5 	6.5 b	5.1 u	8.7 	6.6 	5.3 u
A,PC,T,Y18-24,PT1B	: 	: 	: 	: 	: 	: 	: 	: 	: 	: 	: 	: 	: 	: 	: 	: 	: 	: 	: 	10.2 	: u	: bu	: u	: u	: u	5.9 u
A,PC,T,Y18-24,PT1C	: 	: 	: 	: 	: 	: 	: 	: 	: 	: 	: 	: 	: 	: 	: 	: 	: 	: 	: 	: u	: u	: bu	: u	: u	: u	: u
A,PC,T,Y18-24,PT1D	: 	: 	: 	: 	: 	: 	: 	: 	: 	: 	: 	: 	: 	: 	: 	: 	: 	: 	: 	12.6 	: u	7.9 bu	7.8 u	10.6 u	5.5 u	5.9 u
A,PC,T,Y18-24,PT2	57.4 	54.1 	58.8 	57.0 	56.0 b	54.2 	56.5 b	49.5 	53.3 	46.8 	44.8 	43.7 b	34.0 	35.7 	32.5 b	28.1 	26.4 	27.8 	28.4 	26.5 	26.3 	22.5 bu	27.0 u	22.9 u	19.8 u	21.1 u
A,PC,T,Y18-24,PT20	57.4 	54.1 	58.8 	57.0 	56.0 b	54.2 	56.5 b	49.5 	53.3 	46.8 	44.8 	43.7 b	34.0 	35.7 	32.5 b	28.1 	26.4 	27.8 	28.4 	26.5 	26.3 	22.5 bu	27.0 u	22.9 u	19.8 u	21.1 u
A,PC,T,Y18-24,PT3	46.7 	45.6 	50.2 	51.2 	47.2 b	48.2 	48.7 b	47.7 	46.1 	39.0 	36.6 	30.7 b	27.6 	26.1 	22.3 b	23.3 	: u	: u	: u	: u	: u	: bu	: u	: u	: u	: u
A,PC,T,Y18-24,PT30	46.7 	45.6 	50.2 	51.2 	47.2 b	48.2 	48.7 b	47.7 	46.1 	39.0 	36.6 	30.7 b	27.6 	26.1 	22.3 b	23.3 	: u	: u	: u	: u	: u	: bu	: u	: u	: u	: u
A,PC,T,Y18-24,RO	22.9 	21.7 	23.0 	22.5 b	22.4 	19.6 	17.9 b	17.3 	15.9 	16.6 	19.3 b	18.1 	17.8 	17.3 	18.1 b	19.1 	18.5 	18.1 	16.4 	15.3 	15.6 	15.3 b	15.6 	16.6 	16.8 	15.5 
A,PC,T,Y18-24,RO1	22.9 	21.8 	23.0 	23.3 b	19.8 	16.8 	15.4 b	13.6 	12.9 	15.5 	19.8 b	18.4 	16.9 	16.5 	17.8 b	20.1 	19.2 	18.5 	16.7 	16.7 	18.1 	18.1 b	19.4 	17.7 	18.1 	15.9 
A,PC,T,Y18-24,RO11	23.7 	25.0 	28.0 	25.3 b	20.4 	16.5 	15.3 b	12.5 	12.2 	15.1 	18.2 b	14.9 	14.9 	15.4 	17.7 b	16.9 	18.3 	16.3 	14.9 	13.5 	14.9 	16.3 b	15.9 	15.0 	14.9 	13.8 
A,PC,T,Y18-24,RO12	22.1 	18.3 	17.6 	21.1 b	19.1 	17.1 	15.4 b	14.8 	13.6 	16.0 	21.7 b	22.8 	19.4 	17.9 	17.9 b	24.2 	20.3 	21.1 	18.8 	20.2 	21.7 	20.2 b	23.4 	21.0 	21.6 	18.3 
A,PC,T,Y18-24,RO2	26.8 	24.9 	27.0 	25.7 b	26.4 	22.6 	20.2 b	20.4 	18.8 	18.8 	23.8 b	22.1 	21.9 	21.8 	23.1 b	25.2 	24.5 	23.1 	20.2 	18.8 	19.2 	18.3 b	17.9 	19.5 	20.0 	17.5 
A,PC,T,Y18-24,RO21	29.0 	26.3 	29.2 	28.0 b	25.6 	21.4 	19.2 b	19.7 	18.4 	19.2 	24.7 b	22.1 	22.2 	22.5 	21.7 b	25.3 	24.7 	23.6 	19.5 	17.4 	18.4 	15.3 b	14.6 	16.3 	16.1 	12.8 
A,PC,T,Y18-24,RO22	23.8 	23.1 	23.9 	22.7 b	27.5 	24.1 	21.4 b	21.4 	19.2 	18.3 	22.5 b	22.1 	21.5 	20.7 	25.0 b	24.9 	24.4 	22.4 	21.3 	20.9 	20.6 	22.9 b	23.1 	24.6 	26.2 	25.1 
A,PC,T,Y18-24,RO3	17.8 	18.6 	20.6 	19.9 b	20.5 	19.2 	18.0 b	17.9 	16.5 	16.3 	17.0 b	16.7 	15.7 	15.3 	16.5 b	15.6 	15.1 	14.0 	14.7 	13.8 	13.3 	12.4 b	9.8 	11.8 	14.0 	13.9 
A,PC,T,Y18-24,RO31	22.1 	23.5 	25.2 	24.4 b	26.0 	24.0 	23.1 b	21.8 	20.5 	20.5 	22.2 b	22.4 	22.7 	21.8 	22.0 b	18.7 	17.8 	18.8 	18.3 	16.9 	17.0 	15.1 b	13.7 	17.3 	19.0 	18.1 
A,PC,T,Y18-24,RO32	11.6 	11.6 	14.3 	14.1 b	12.8 	12.5 	10.3 b	12.0 	10.6 	9.9 	10.8 b	9.6 	7.2 	7.0 	9.0 b	10.8 	10.5 	5.5 u	8.0 u	8.3 u	6.7 u	7.9 bu	: u	: u	6.6 u	7.9 
A,PC,T,Y18-24,RO4	23.1 	20.4 	19.3 	19.7 b	21.9 	18.9 	17.3 b	15.9 	14.3 	14.9 	15.3 b	14.1 	15.7 	14.8 	13.3 b	12.6 	12.7 	14.7 	12.0 	9.9 	9.2 	10.4 b	14.0 	16.2 	13.6 	13.6 
A,PC,T,Y18-24,RO41	22.6 	19.6 	18.0 	17.6 b	21.2 	21.0 	19.3 b	16.4 	15.7 	18.0 	20.6 b	18.5 	17.7 	16.1 	15.9 b	16.2 	16.0 	17.6 	13.2 	9.5 	11.4 	10.5 b	16.2 	19.5 	17.9 	18.0 
A,PC,T,Y18-24,RO42	23.7 	21.3 	20.9 	22.4 b	22.8 	16.2 	14.9 b	15.3 	12.6 	11.3 	9.8 b	9.6 	13.7 	13.5 	10.7 b	8.5 	9.1 	11.3 	10.7 	10.3 	6.6 u	10.3 b	11.4 	12.3 	8.7 u	8.7 u
A,PC,T,Y18-24,RS	: 	: 	: 	: 	: 	: 	: 	: 	: 	: 	8.3 	8.5 	8.1 	8.9 	8.4 b	7.5 	7.0 	6.2 	6.8 	6.6 	5.6 	7.7 b	5.7 	5.8 	6.2 	5.1 
A,PC,T,Y18-24,RS1	: 	: 	: 	: 	: 	: 	: 	: 	: 	: 	: 	: 	: 	8.3 	9.0 b	7.5 	6.9 	6.2 	6.4 	6.8 	4.9 	7.5 b	6.2 	6.9 	7.8 	5.6 
A,PC,T,Y18-24,RS11	: 	: 	: 	: 	: 	: 	: 	: 	: 	: 	: 	: 	: 	4.4 u	4.9 b	4.8 	4.6 	3.2 u	3.8 	5.6 	4.5 	5.7 b	4.9 	6.3 	7.4 	5.4 
A,PC,T,Y18-24,RS12	: 	: 	: 	: 	: 	: 	: 	: 	: 	: 	: 	: 	: 	11.3 	12.3 b	9.6 	8.7 	8.6 	8.6 	7.7 	5.2 	9.1 b	7.4 	7.4 	8.3 	5.8 
A,PC,T,Y18-24,RS2	: 	: 	: 	: 	: 	: 	: 	: 	: 	: 	: 	: 	: 	9.5 	7.8 b	7.5 	7.0 	6.2 	7.2 	6.5 	6.3 	7.9 b	5.3 	4.8 	4.6 	4.6 
A,PC,T,Y18-24,RS21	: 	: 	: 	: 	: 	: 	: 	: 	: 	: 	: 	: 	: 	7.7 	7.1 b	7.9 	7.2 	5.3 	6.5 	6.1 	5.9 	6.4 b	4.6 	4.7 	3.4 	3.2 
A,PC,T,Y18-24,RS22	: 	: 	: 	: 	: 	: 	: 	: 	: 	: 	: 	: 	: 	11.8 	8.8 b	7.0 	6.8 	7.5 	8.1 	7.0 	6.8 	9.8 b	6.1 	4.8 	6.3 	6.4 
A,PC,T,Y18-24,SE	7.3 	10.2 b	10.0 	9.2 b	9.2 	10.8 b	8.6 b	8.0 b	7.9 b	7.0 	6.5 	6.6 	7.5 	7.1 	6.7 b	7.0 	7.4 	7.7 	7.5 b	6.5 	7.7 	8.4 b	8.8 	7.4 	7.2 	6.7 
A,PC,T,Y18-24,SE1	6.4 	12.2 b	10.7 	10.1 b	10.2 	12.2 b	9.7 b	9.3 b	9.1 b	7.4 	7.1 	7.1 	7.8 	7.7 	6.7 b	7.4 	7.9 	7.6 	7.0 b	5.4 	7.2 	7.5 b	7.9 	7.0 	6.7 	6.7 
A,PC,T,Y18-24,SE11	6.7 	13.4 b	11.1 	11.4 b	11.3 	13.8 b	10.8 b	10.6 b	10.6 b	8.1 	7.3 	7.0 	7.6 	7.5 	6.9 b	8.1 	8.6 	8.1 	7.0 b	5.9 	7.4 	7.5 b	7.5 	6.8 	5.9 	6.6 
A,PC,T,Y18-24,SE12	6.0 	10.7 b	10.2 	8.6 b	9.1 	10.5 b	8.6 b	7.9 b	7.4 b	6.6 	7.0 	7.2 	8.1 	8.0 	6.5 b	6.6 	7.1 	7.1 	7.1 b	4.8 	7.1 	7.5 b	8.4 	7.2 	7.6 	6.7 
A,PC,T,Y18-24,SE2	8.3 	9.4 b	10.0 	8.9 b	8.9 	10.1 b	8.0 b	7.4 b	7.2 b	6.3 	5.7 	6.3 	6.9 	6.5 	6.5 b	7.0 	6.5 	7.7 	7.7 b	6.7 	7.7 	9.3 b	9.0 	7.9 	7.1 	6.3 
A,PC,T,Y18-24,SE21	: u	10.9 b	9.3 	9.1 b	8.5 	10.0 b	8.2 b	8.2 b	8.6 b	6.8 	6.2 	6.1 	7.2 	6.6 	6.5 b	7.3 	7.4 	8.2 	9.1 b	10.1 u	9.4 u	12.1 b	10.0 	8.8 u	9.8 u	7.7 u
A,PC,T,Y18-24,SE22	8.5 	9.2 b	9.7 	8.9 b	8.7 	10.7 b	9.8 b	7.9 b	7.2 b	6.8 	5.7 	6.8 	6.8 	6.1 	6.4 b	6.5 	6.2 	6.9 	6.3 b	5.2 	7.3 	7.3 b	6.1 	6.6 	6.8 	5.8 
A,PC,T,Y18-24,SE23	8.8 	8.9 b	10.6 	8.9 b	9.1 	9.8 b	6.6 b	6.7 b	6.5 b	5.8 	5.4 	6.0 	6.9 	6.8 	6.6 b	7.4 	6.3 	8.1 	8.1 b	6.5 	7.5 	9.7 b	10.9 	8.6 	6.2 	6.2 
A,PC,T,Y18-24,SE3	6.8 	7.8 b	8.6 	8.0 b	8.2 	9.7 b	8.1 b	7.1 b	7.4 b	7.9 	7.4 	6.5 	7.9 	7.0 	7.1 b	6.3 	8.4 	7.8 	8.1 b	8.6 	8.7 	8.3 b	10.1 	7.1 	8.5 	7.6 
A,PC,T,Y18-24,SE31	: u	8.9 b	8.5 	8.1 b	8.4 	11.5 b	8.6 b	7.1 b	8.4 b	9.6 	7.6 	6.1 	8.8 	8.1 	7.9 b	7.1 	9.9 	9.5 	8.0 b	10.6 u	11.5 	8.7 bu	13.0 	8.6 u	9.4 u	8.9 u
A,PC,T,Y18-24,SE32	: u	: bu	8.8 u	: bu	: u	: bu	10.4 bu	11.4 bu	: bu	: u	9.2 	7.5 	7.6 	5.0 u	7.2 b	7.2 	7.5 	8.7 	11.8 b	: u	: u	: bu	: u	: u	: u	: u
A,PC,T,Y18-24,SE33	: u	6.8 b	8.7 	7.8 bu	8.1 	8.8 b	5.8 bu	: bu	5.5 bu	5.9 u	5.8 	6.6 	6.9 	6.6 	5.6 b	4.6 	6.8 	4.9 	5.8 bu	: u	: u	7.6 bu	7.3 u	: u	: u	: u
A,PC,T,Y18-24,SI	: 	6.4 	5.1 	4.6 b	4.3 	4.9 	5.6 b	4.1 	5.1 	5.3 	5.0 	4.2 	4.4 	3.9 	4.4 b	5.0 	4.9 	4.3 	4.2 	4.6 	4.1 	3.1 bu	4.0 	5.4 b	5.0 	5.5 
A,PC,T,Y18-24,SI0	: 	6.4 	5.1 	4.6 b	4.3 	4.9 	5.6 b	4.1 	5.1 	5.3 	5.0 	4.2 	4.4 	3.9 	4.4 b	5.0 	4.9 	4.3 	4.2 	4.6 	4.1 	3.1 bu	4.0 	5.4 b	5.0 	5.5 
A,PC,T,Y18-24,SI01	: 	6.5 	5.6 	5.0 b	4.2 	5.6 	5.6 b	3.9 u	4.8 	5.6 	: 	: 	: 	: 	: 	: 	: 	: 	: 	: 	: 	: 	: 	: 	: 	: 
A,PC,T,Y18-24,SI02	: 	6.4 	4.6 	4.1 b	4.4 	4.0 u	5.7 b	4.3 	5.3 	5.1 	: 	: 	: 	: 	: 	: 	: 	: 	: 	: 	: 	: 	: 	: 	: 	: 
A,PC,T,Y18-24,SI03	: 	: 	: 	: 	: 	: 	: 	: 	: 	: 	5.2 	4.6 	5.0 	3.8 u	4.7 bu	5.5 	5.3 u	3.6 u	4.4 u	4.7 u	4.1 u	2.8 bu	3.8 u	5.6 bu	5.9 u	6.2 u
A,PC,T,Y18-24,SI04	: 	: 	: 	: 	: 	: 	: 	: 	: 	: 	4.8 	3.7 u	3.8 u	4.0 u	4.1 bu	4.4 u	4.5 u	5.0 u	4.1 u	4.4 u	4.0 u	3.4 bu	4.2 u	5.2 bu	4.2 u	4.8 u
A,PC,T,Y18-24,SK	: 	: 	6.7 	5.3 b	6.8 	6.3 	6.6 b	6.5 	6.0 	4.9 	4.7 	5.1 b	5.3 	6.4 	6.7 b	6.9 	7.4 	9.3 	8.6 	8.3 	7.6 	7.8 b	7.4 b	6.4 	7.5 	6.8 
A,PC,T,Y18-24,SK0	: 	: 	6.7 	5.3 b	6.8 	6.3 	6.6 b	6.5 	6.0 	4.9 	4.7 	5.1 b	5.3 	6.4 	6.7 b	6.9 	7.4 	9.3 	8.6 	8.3 	7.6 	7.8 b	7.4 b	6.4 	7.5 	6.8 
A,PC,T,Y18-24,SK01	: 	: 	9.1 	5.2 b	3.8 u	4.2 u	4.9 b	4.3 u	: u	: u	: u	: bu	: u	4.7 u	: bu	: u	: u	: u	: u	: u	: u	: bu	: bu	: u	: u	: u
A,PC,T,Y18-24,SK02	: 	: 	6.3 	4.6 b	4.7 	3.0 	3.2 b	3.9 	3.3 	2.9 	2.3 	2.0 b	3.0 	5.2 	4.8 b	3.6 	4.2 	6.1 	6.3 	6.3 	4.1 	: bu	5.9 bu	: u	: u	: u
A,PC,T,Y18-24,SK03	: 	: 	6.3 	4.4 b	4.7 	5.5 	6.5 b	7.4 	7.0 	5.4 	4.4 	4.4 b	5.9 	6.5 	7.0 b	7.7 	7.3 	7.6 	6.2 	5.1 	7.4 	7.5 bu	: bu	: u	: u	5.9 u
A,PC,T,Y18-24,SK04	: 	: 	6.6 	7.0 b	12.1 	11.5 	11.0 b	9.3 	9.4 	7.9 	8.2 	9.3 b	7.9 	7.9 	9.1 b	10.4 	11.5 	14.7 	13.9 	13.8 	12.0 	14.4 b	10.9 b	11.6 	14.1 	11.8 
A,PC,T,Y18-24,TR	: 	: 	: 	: 	: 	: 	48.8 	46.9 	45.5 	44.3 	43.1 	41.9 	39.6 	37.5 	38.3 b	36.4 	34.3 	32.5 	31.0 	28.7 	26.7 	23.1 b	21.2 	19.5 	18.7 	17.9 
A,PC,T,Y18-24,TR1	: 	: 	: 	: 	: 	: 	44.5 	40.7 	39.4 	37.7 	39.0 	38.6 	33.6 	31.8 	33.1 b	32.6 	29.2 	27.5 	26.0 	24.6 	20.2 	15.7 b	14.0 	11.7 	11.4 	12.1 
A,PC,T,Y18-24,TR10	: 	: 	: 	: 	: 	: 	44.5 	40.7 	39.4 	37.7 	39.0 	38.6 	33.6 	31.8 	33.1 b	32.6 	29.2 	27.5 	26.0 	24.6 	20.2 	15.7 b	14.0 	11.7 	11.4 	12.1 
A,PC,T,Y18-24,TR2	: 	: 	: 	: 	: 	: 	45.3 	41.2 	32.6 	31.7 	35.7 	36.2 	30.2 	27.0 	31.9 b	28.0 	28.9 	29.6 	28.7 	24.8 	19.5 	17.5 b	19.8 	19.5 	19.4 	18.8 
A,PC,T,Y18-24,TR21	: 	: 	: 	: 	: 	: 	41.9 	37.7 	28.4 	26.7 	36.3 	36.0 	28.6 	27.6 	32.2 b	28.7 	29.5 	31.7 	33.1 	26.9 	20.7 	21.5 b	23.6 	24.2 	24.8 	24.5 
A,PC,T,Y18-24,TR22	: 	: 	: 	: 	: 	: 	48.8 	45.0 	37.4 	37.6 	35.1 	36.3 	32.0 	26.4 	31.6 b	27.1 	28.3 	27.1 	23.9 	22.3 	18.0 	12.8 b	15.1 	13.6 	12.3 	11.6 
A,PC,T,Y18-24,TR3	: 	: 	: 	: 	: 	: 	48.3 	45.4 	41.5 	41.1 	39.0 	35.8 	34.5 	34.7 	34.5 b	30.8 	30.7 	30.1 	27.2 	25.6 	23.9 	22.1 b	20.1 	17.8 	16.0 	16.2 
A,PC,T,Y18-24,TR31	: 	: 	: 	: 	: 	: 	42.1 	36.8 	33.2 	32.7 	32.6 	28.5 	27.1 	28.7 	31.7 b	26.8 	29.4 	25.9 	24.7 	25.4 	24.4 	19.9 b	17.8 	17.8 	16.3 	15.2 
A,PC,T,Y18-24,TR32	: 	: 	: 	: 	: 	: 	49.0 	47.9 	40.5 	42.9 	39.1 	36.3 	34.2 	37.0 	37.8 b	33.9 	31.9 	33.3 	28.0 	25.7 	22.1 	23.7 b	23.5 	16.2 	13.5 	12.2 
A,PC,T,Y18-24,TR33	: 	: 	: 	: 	: 	: 	55.9 	54.5 	52.5 	51.2 	48.2 	46.5 	46.3 	42.3 	36.0 b	34.2 	31.4 	33.0 	30.2 	25.8 	24.8 	23.9 b	20.1 	19.4 	18.0 	20.9 
A,PC,T,Y18-24,TR4	: 	: 	: 	: 	: 	: 	40.2 	40.4 	38.5 	37.3 	35.4 	34.1 	30.4 	26.1 	28.5 b	28.2 	27.4 	27.7 	26.3 	22.5 	21.4 	18.5 b	16.7 	15.4 	14.7 	16.1 
A,PC,T,Y18-24,TR41	: 	: 	: 	: 	: 	: 	39.8 	39.2 	36.9 	35.6 	35.4 	35.9 	30.5 	27.2 	29.3 b	28.7 	27.6 	28.5 	27.7 	23.8 	22.1 	19.2 b	15.5 	15.7 	16.5 	18.7 
A,PC,T,Y18-24,TR42	: 	: 	: 	: 	: 	: 	40.6 	41.7 	40.3 	39.2 	35.4 	32.2 	30.2 	25.1 	27.7 b	27.6 	27.2 	26.8 	24.8 	21.2 	20.8 	17.9 b	17.8 	15.1 	13.1 	13.8 
A,PC,T,Y18-24,TR5	: 	: 	: 	: 	: 	: 	35.3 	35.5 	33.0 	31.1 	32.2 	30.7 	31.1 	28.0 	28.2 b	28.8 	26.4 	25.6 	23.5 	21.1 	18.2 	16.7 b	17.2 	18.7 	15.5 	11.7 
A,PC,T,Y18-24,TR51	: 	: 	: 	: 	: 	: 	28.5 	27.7 	24.6 	25.1 	26.4 	23.3 	24.0 	21.5 	22.1 b	25.0 	22.1 	20.4 	18.5 	16.9 	15.3 	13.3 b	13.2 	14.4 	12.5 	7.9 
A,PC,T,Y18-24,TR52	: 	: 	: 	: 	: 	: 	50.6 	51.7 	49.3 	42.8 	43.5 	45.5 	46.6 	43.6 	40.5 b	36.9 	35.9 	35.3 	33.6 	29.9 	24.5 	23.9 b	25.3 	28.0 	22.1 	19.3 
A,PC,T,Y18-24,TR6	: 	: 	: 	: 	: 	: 	50.2 	46.7 	47.5 	45.7 	42.5 	41.7 	39.4 	39.1 	38.1 b	37.2 	35.4 	31.8 	30.5 	27.4 	27.7 	21.8 b	19.9 	17.3 	16.8 	15.7 
A,PC,T,Y18-24,TR61	: 	: 	: 	: 	: 	: 	45.5 	46.3 	43.1 	36.9 	32.3 	33.7 	31.7 	36.0 	29.2 b	27.7 	30.0 	29.2 	24.7 	19.8 	19.0 	18.4 b	14.3 	13.2 	12.6 	12.9 
A,PC,T,Y18-24,TR62	: 	: 	: 	: 	: 	: 	49.2 	43.0 	45.9 	43.4 	41.7 	42.6 	40.8 	39.3 	38.7 b	39.9 	40.6 	31.6 	33.2 	30.4 	31.1 	22.3 b	20.3 	19.0 	19.8 	15.5 
A,PC,T,Y18-24,TR63	: 	: 	: 	: 	: 	: 	55.0 	51.7 	52.8 	55.5 	51.9 	46.8 	43.6 	41.4 	44.0 b	40.6 	32.2 	34.5 	32.1 	29.9 	30.5 	24.1 b	24.5 	18.9 	16.6 	18.6 
A,PC,T,Y18-24,TR7	: 	: 	: 	: 	: 	: 	48.3 	47.7 	47.8 	47.4 	42.4 	42.7 	43.4 	38.5 	36.2 b	36.7 	32.8 	31.2 	28.3 	23.7 	21.6 	22.5 b	19.1 	15.4 	14.9 	15.0 
A,PC,T,Y18-24,TR71	: 	: 	: 	: 	: 	: 	53.9 	51.2 	50.1 	49.1 	43.0 	43.9 	42.2 	39.1 	38.9 b	38.7 	33.9 	30.9 	31.0 	27.2 	24.2 	24.6 b	23.3 	18.2 	16.4 	15.9 
A,PC,T,Y18-24,TR72	: 	: 	: 	: 	: 	: 	44.8 	45.4 	46.4 	46.3 	41.9 	41.8 	44.1 	38.1 	34.7 b	35.4 	32.2 	31.4 	26.7 	21.6 	20.1 	21.1 b	16.4 	13.7 	13.9 	14.4 
A,PC,T,Y18-24,TR8	: 	: 	: 	: 	: 	: 	50.0 	48.4 	49.4 	47.4 	45.2 	42.0 	38.7 	37.2 	36.8 b	31.5 	29.6 	28.1 	27.1 	24.8 	21.1 	16.1 b	15.4 	14.0 	11.7 	9.1 
A,PC,T,Y18-24,TR81	: 	: 	: 	: 	: 	: 	46.7 	47.3 	44.2 	39.9 	36.5 	33.6 	30.3 	26.9 	33.4 b	30.0 	22.8 	23.8 	21.8 	15.9 	16.0 	14.1 b	13.2 	13.9 	9.3 	7.1 
A,PC,T,Y18-24,TR82	: 	: 	: 	: 	: 	: 	48.9 	49.8 	54.1 	47.4 	48.3 	48.2 	45.1 	34.2 	38.5 b	34.0 	28.3 	23.4 	20.1 	20.2 	23.3 	16.9 b	18.2 	14.4 	10.6 	10.2 
A,PC,T,Y18-24,TR83	: 	: 	: 	: 	: 	: 	51.5 	48.4 	49.9 	50.1 	47.5 	43.2 	39.9 	41.8 	37.6 b	31.5 	32.1 	30.7 	30.2 	29.2 	22.3 	16.6 b	15.5 	14.0 	12.9 	9.6 
A,PC,T,Y18-24,TR9	: 	: 	: 	: 	: 	: 	39.4 	36.5 	36.8 	37.5 	36.8 	33.9 	32.3 	28.1 	29.5 b	26.0 	23.5 	21.6 	19.8 	18.8 	20.6 	14.6 b	11.8 	12.6 	10.2 	8.0 
A,PC,T,Y18-24,TR90	: 	: 	: 	: 	: 	: 	39.4 	36.5 	36.8 	37.5 	36.8 	33.9 	32.3 	28.1 	29.5 b	26.0 	23.5 	21.6 	19.8 	18.8 	20.6 	14.6 b	11.8 	12.6 	10.2 	8.0 
A,PC,T,Y18-24,TRA	: 	: 	: 	: 	: 	: 	63.2 	61.9 	59.4 	59.4 	58.1 	54.2 	49.2 	51.8 	54.8 b	49.6 	42.7 	40.0 	40.2 	40.1 	33.5 	29.0 b	28.0 	24.6 	25.6 	25.5 
A,PC,T,Y18-24,TRA1	: 	: 	: 	: 	: 	: 	56.9 	51.2 	44.0 	44.6 	46.4 	46.1 	40.0 	37.4 	44.3 b	40.6 	29.0 	24.4 	24.2 	21.2 	21.5 	16.7 b	14.9 	13.1 	12.0 	16.4 
A,PC,T,Y18-24,TRA2	: 	: 	: 	: 	: 	: 	70.1 	73.4 	76.1 	73.1 	69.3 	61.5 	57.1 	64.0 	64.5 b	56.8 	53.9 	53.2 	54.7 	57.0 	44.4 	40.7 b	42.1 	36.6 	38.6 	35.5 
A,PC,T,Y18-24,TRB	: 	: 	: 	: 	: 	: 	61.7 	58.3 	56.1 	57.0 	57.9 	57.6 	52.1 	51.3 	49.0 b	48.2 	46.6 	45.3 	41.8 	37.0 	37.0 	36.2 b	31.2 	29.0 	30.3 	26.9 
A,PC,T,Y18-24,TRB1	: 	: 	: 	: 	: 	: 	45.3 	42.6 	43.7 	46.9 	44.7 	44.4 	36.3 	32.0 	26.9 b	26.3 	20.9 	21.1 	19.5 	19.9 	20.7 	17.8 b	14.0 	15.7 	15.6 	17.5 
A,PC,T,Y18-24,TRB2	: 	: 	: 	: 	: 	: 	76.0 	71.9 	66.0 	65.3 	68.7 	68.1 	62.8 	65.2 	63.1 b	61.8 	61.4 	59.0 	55.3 	47.9 	47.2 	46.4 b	41.0 	37.4 	39.6 	33.5 
A,PC,T,Y18-24,TRC	: 	: 	: 	: 	: 	: 	68.4 	69.2 	70.0 	65.8 	60.0 	58.4 	60.1 	56.4 	58.0 b	53.4 	51.6 	47.9 	47.7 	47.8 	47.0 	41.4 b	39.4 	37.4 	36.9 	35.2 
A,PC,T,Y18-24,TRC1	: 	: 	: 	: 	: 	: 	71.2 	73.6 	69.3 	61.3 	55.2 	57.9 	55.6 	51.1 	47.2 b	40.0 	40.9 	41.7 	44.2 	41.6 	38.5 	33.8 b	32.2 	29.1 	25.3 	20.0 
A,PC,T,Y18-24,TRC2	: 	: 	: 	: 	: 	: 	70.3 	68.0 	72.2 	70.2 	63.6 	59.5 	63.0 	59.7 	64.1 b	62.0 	58.4 	52.4 	51.8 	52.6 	55.0 	47.7 b	46.5 	46.1 	48.7 	46.3 
A,PC,T,Y18-24,TRC3	: 	: 	: 	: 	: 	: 	62.2 	65.9 	67.1 	63.7 	59.2 	57.2 	59.8 	55.9 	58.9 b	53.4 	50.6 	46.2 	44.7 	46.0 	43.0 	38.6 b	35.5 	32.1 	27.1 	31.8 
A,PC,T,Y18-24,UK	18.2 	17.8 	17.6 	12.1 b	12.1 	11.5 	11.2 	16.6 b	16.9 b	15.7 	14.8 b	14.9 b	13.4 	12.4 	11.8 b	10.8 	11.2 	10.6 	10.7 	10.9 	: 	: 	: 	: 	: 	: 
A,PC,T,Y18-24,UKC	21.1 	18.1 	20.5 	12.9 b	13.0 	13.3 	11.5 	16.3 b	17.5 b	15.9 	15.0 b	16.3 b	15.5 	11.3 	12.1 b	12.0 	13.7 	11.2 	10.2 	13.7 	: 	: 	: 	: 	: 	: 
A,PC,T,Y18-24,UKC1	25.2 	19.4 	24.9 	16.9 b	15.3 	16.7 	15.2 	18.5 b	19.4 b	16.3 	16.3 b	16.7 b	17.9 	11.6 	15.0 b	14.2 	18.0 	14.5 	7.5 u	16.2 	: 	: 	: 	: 	: 	: 
A,PC,T,Y18-24,UKC2	18.0 	17.2 	17.3 	9.8 b	11.3 	10.6 	8.4 	14.7 b	16.0 b	15.6 	14.0 b	16.0 b	13.8 	11.1 	10.0 b	10.4 	10.8 	8.9 	12.1 	12.0 	: 	: 	: 	: 	: 	: 
A,PC,T,Y18-24,UKD	18.2 	19.9 	20.5 	14.1 b	13.1 	12.0 	12.1 	18.9 b	18.6 b	17.4 	15.9 b	15.7 b	12.7 	11.3 	13.4 b	12.6 	10.3 	10.5 	10.9 	12.4 	: 	: 	: 	: 	: 	: 
A,PC,T,Y18-24,UKD1	20.7 u	18.9 u	18.8 u	: u	14.3 u	11.5 u	14.0 u	21.7 bu	13.2 bu	21.3 u	28.1 bu	22.4 bu	: u	: u	11.9 bu	19.8 u	: u	: u	11.7 u	: u	: 	: 	: 	: 	: 	: 
A,PC,T,Y18-24,UKD3	17.2 	20.5 	22.3 	14.4 b	12.8 	11.6 	11.8 	20.6 b	19.4 b	18.5 	17.0 b	15.3 b	12.6 	11.9 	13.4 b	11.5 	10.7 	10.6 	10.8 	11.6 	: 	: 	: 	: 	: 	: 
A,PC,T,Y18-24,UKD4	19.9 	22.0 	20.6 	12.2 b	14.6 	14.9 	11.7 	14.6 b	18.4 b	16.3 	13.5 b	16.7 b	11.6 	11.1 	16.4 b	14.8 	7.9 u	9.3 	9.0 	11.8 	: 	: 	: 	: 	: 	: 
A,PC,T,Y18-24,UKD6	: 	: 	: 	: 	: u	8.0 u	18.4 u	18.3 b	17.4 b	18.2 	13.6 bu	13.9 bu	13.3 u	11.1 u	8.6 bu	6.6 u	11.6 u	7.2 u	11.0 u	15.7 u	: 	: 	: 	: 	: 	: 
A,PC,T,Y18-24,UKD7	: 	: 	: 	: 	15.2 u	11.9 	10.4 	19.5 b	19.3 b	14.4 	14.0 b	14.9 b	14.1 	11.1 	13.1 b	13.6 	11.7 	13.3 	12.6 	13.7 	: 	: 	: 	: 	: 	: 
A,PC,T,Y18-24,UKE	19.9 	19.9 	19.9 	15.5 b	13.7 	13.0 	13.5 	18.2 b	18.3 b	17.3 	18.0 b	17.3 b	15.6 	16.1 	14.9 b	12.9 	11.6 	13.9 	14.3 	12.6 	: 	: 	: 	: 	: 	: 
A,PC,T,Y18-24,UKE1	24.7 	22.6 	19.2 	13.0 u	16.9 	13.9 	16.8 	18.7 b	19.1 b	15.8 	17.7 b	22.5 b	21.7 	20.4 	9.5 bu	12.2 u	14.1 	15.3 	18.5 	10.7 u	: 	: 	: 	: 	: 	: 
A,PC,T,Y18-24,UKE2	11.1 u	14.2 u	14.0 u	12.3 u	11.4 u	8.9 u	11.8 u	12.3 bu	13.5 bu	12.0 u	14.0 bu	14.3 bu	14.6 u	10.3 u	9.1 bu	11.1 u	: u	10.3 u	: u	: u	: 	: 	: 	: 	: 	: 
A,PC,T,Y18-24,UKE3	23.3 	22.8 	25.7 	17.7 b	12.7 	16.2 	16.1 	22.4 b	20.7 b	17.6 	17.0 b	20.1 b	12.4 	15.7 	19.5 b	14.4 	10.2 	14.7 	17.5 	15.1 	: 	: 	: 	: 	: 	: 
A,PC,T,Y18-24,UKE4	18.5 	18.8 	18.2 	15.8 b	13.7 	11.9 	11.3 	17.1 b	18.0 b	19.1 	19.6 b	14.4 b	15.5 	16.5 	15.7 b	12.8 	12.7 	14.0 	14.2 	13.3 	: 	: 	: 	: 	: 	: 
A,PC,T,Y18-24,UKF	21.0 	19.9 	18.5 	15.2 b	14.1 	12.9 	11.4 	20.9 b	19.3 b	18.5 	16.4 b	14.4 b	15.9 	13.3 	10.9 b	10.6 	13.6 	11.3 	10.6 	11.5 	: 	: 	: 	: 	: 	: 
A,PC,T,Y18-24,UKF1	23.8 	21.5 	19.8 	12.5 b	16.6 	13.4 	11.7 	21.1 b	19.3 b	16.3 	16.3 b	13.9 b	17.2 	14.2 	12.4 b	9.4 	15.3 	13.3 	11.7 	12.3 	: 	: 	: 	: 	: 	: 
A,PC,T,Y18-24,UKF2	15.5 	16.6 	16.9 	19.0 b	11.3 	12.9 	11.4 	20.1 b	19.1 b	21.8 	16.6 b	13.6 b	14.0 	12.9 	9.0 b	10.7 	11.6 	8.1 	8.3 	11.2 	: 	: 	: 	: 	: 	: 
A,PC,T,Y18-24,UKF3	26.6 	23.4 	17.5 u	14.0 u	13.1 u	11.0 u	10.6 u	22.6 b	19.5 b	17.3 	16.1 bu	17.9 b	16.8 u	11.2 u	11.7 bu	14.9 u	14.1 u	14.5 u	13.5 u	9.5 u	: 	: 	: 	: 	: 	: 
A,PC,T,Y18-24,UKG	21.4 	20.3 	19.9 	12.6 b	12.3 	13.0 	12.2 	18.0 b	18.9 b	19.5 	18.1 b	17.7 b	16.8 	17.5 	16.6 b	13.3 	14.4 	13.6 	13.2 	11.0 	: 	: 	: 	: 	: 	: 
A,PC,T,Y18-24,UKG1	20.4 	17.5 	15.6 	9.2 u	7.4 u	10.6 	11.7 	13.8 b	16.7 b	21.1 	19.5 b	17.1 b	14.5 	13.9 	16.3 b	16.0 	14.4 	9.6 u	15.4 	10.9 u	: 	: 	: 	: 	: 	: 
A,PC,T,Y18-24,UKG2	20.0 	19.1 	20.3 	13.8 b	13.3 	17.2 	12.7 	20.4 b	17.6 b	15.8 	18.9 b	17.4 b	15.3 	10.6 	14.4 b	11.4 	13.2 	12.4 	13.5 	11.4 	: 	: 	: 	: 	: 	: 
A,PC,T,Y18-24,UKG3	22.5 	21.9 	21.2 	13.4 b	13.7 	12.2 	12.1 	18.0 b	20.1 b	20.8 	17.2 b	18.1 b	18.3 	22.0 	17.7 b	13.2 	14.9 	15.3 	12.3 	10.9 	: 	: 	: 	: 	: 	: 
A,PC,T,Y18-24,UKH	19.9 	19.0 	19.7 	10.3 b	14.1 	12.2 	13.5 	18.6 b	18.1 b	17.7 	16.2 b	16.8 b	13.1 	12.1 	12.6 b	11.2 	12.7 	13.9 	12.8 	13.4 	: 	: 	: 	: 	: 	: 
A,PC,T,Y18-24,UKH1	22.5 	20.7 	20.3 	14.6 b	14.8 	14.3 	16.6 	16.9 b	17.0 b	18.7 	16.4 b	17.7 b	14.8 	12.9 	14.0 b	12.4 	16.4 	17.6 	13.9 	12.8 	: 	: 	: 	: 	: 	: 
A,PC,T,Y18-24,UKH2	16.4 	18.3 	17.9 	6.0 u	13.3 	11.0 	11.7 	16.1 b	13.8 b	16.6 	14.7 b	14.6 b	7.9 	9.3 	9.8 b	8.3 	9.3 	11.0 	11.9 	15.0 	: 	: 	: 	: 	: 	: 
A,PC,T,Y18-24,UKH3	20.3 	17.3 	20.7 	8.8 b	13.8 	10.2 	11.2 	23.4 b	23.9 b	17.4 	17.6 b	17.4 b	15.5 	13.7 	13.1 b	12.5 	10.4 	11.9 	12.3 	12.4 	: 	: 	: 	: 	: 	: 
A,PC,T,Y18-24,UKI	15.1 u	14.1 u	14.1 u	9.6 b	10.7 	9.8 	9.7 	13.7 b	14.1 b	10.1 	9.3 b	10.2 b	9.4 	7.9 	6.0 b	6.3 	6.4 	6.0 	7.0 	7.4 	: 	: 	: 	: 	: 	: 
A,PC,T,Y18-24,UKI1	15.5 u	13.1 u	12.9 u	9.2 b	11.2 	8.7 	9.4 	12.8 b	11.7 b	9.1 	: 	: 	: 	: 	: 	: 	: 	: 	: 	: 	: 	: 	: 	: 	: 	: 
A,PC,T,Y18-24,UKI2	14.7 	14.9 	15.0 	10.0 b	10.4 	10.7 	10.0 	14.4 b	16.1 b	10.9 	: 	: 	: 	: 	: 	: 	: 	: 	: 	: 	: 	: 	: 	: 	: 	: 
A,PC,T,Y18-24,UKI3	: 	: 	: 	: 	: 	: 	: 	: 	: 	: 	5.3 bu	9.5 bu	10.0 u	6.6 u	: bu	: u	: u	: u	: u	4.4 u	: 	: 	: 	: 	: 	: 
A,PC,T,Y18-24,UKI4	: 	: 	: 	: 	: 	: 	: 	: 	: 	: 	8.4 b	9.5 b	9.3 	6.6 	6.0 b	5.5 	4.6 	4.7 	7.9 	8.4 	: 	: 	: 	: 	: 	: 
A,PC,T,Y18-24,UKI5	: 	: 	: 	: 	: 	: 	: 	: 	: 	: 	12.6 b	13.5 b	13.3 	11.2 	10.5 b	9.4 	9.5 	10.3 	11.5 	10.9 	: 	: 	: 	: 	: 	: 
A,PC,T,Y18-24,UKI6	: 	: 	: 	: 	: 	: 	: 	: 	: 	: 	11.9 b	10.5 bu	8.3 u	7.0 u	5.6 bu	8.3 u	7.3 u	7.1 u	8.7 u	7.9 u	: 	: 	: 	: 	: 	: 
A,PC,T,Y18-24,UKI7	: 	: 	: 	: 	: 	: 	: 	: 	: 	: 	8.1 b	8.2 b	6.6 	8.2 	5.0 bu	5.8 u	8.2 	4.9 u	3.5 u	4.5 u	: 	: 	: 	: 	: 	: 
A,PC,T,Y18-24,UKJ	14.9 	16.6 	15.2 	11.1 b	9.5 	10.5 	11.8 	14.6 b	16.2 b	16.3 	13.8 b	14.7 b	12.0 	11.3 	10.6 b	10.4 	10.9 	9.4 	8.9 	8.2 	: 	: 	: 	: 	: 	: 
A,PC,T,Y18-24,UKJ1	16.7 	18.0 	15.6 	11.2 b	9.4 	10.8 	10.9 	13.7 b	14.6 b	15.8 	13.4 b	14.9 b	9.0 	10.7 	10.2 b	10.5 	12.2 	8.8 	7.3 	8.3 	: 	: 	: 	: 	: 	: 
A,PC,T,Y18-24,UKJ2	10.7 	14.6 	13.1 	7.6 b	7.9 	7.9 	9.8 	13.6 b	14.9 b	16.5 	10.9 b	13.0 b	12.5 	11.0 	10.1 b	10.3 	9.1 	7.0 	5.2 	8.6 	: 	: 	: 	: 	: 	: 
A,PC,T,Y18-24,UKJ3	15.3 	12.9 	14.7 	12.5 b	11.3 	10.0 	13.4 	13.4 b	15.1 b	15.9 	13.7 b	10.9 b	11.6 	12.0 	7.2 b	9.5 	8.2 	10.1 	8.9 	6.6 	: 	: 	: 	: 	: 	: 
A,PC,T,Y18-24,UKJ4	18.1 	22.3 	18.4 	15.2 b	9.6 	14.6 	14.1 	18.5 b	22.6 b	17.2 	18.3 b	20.9 b	15.1 	11.9 	15.5 b	11.2 	15.6 	14.0 	16.1 	9.7 	: 	: 	: 	: 	: 	: 
A,PC,T,Y18-24,UKK	16.3 	15.9 	16.2 	11.0 b	12.1 	11.4 	9.3 	15.1 b	16.1 b	12.2 	10.7 b	12.6 b	12.0 	11.9 	9.5 b	8.2 	9.0 	9.1 	9.0 	12.2 	: 	: 	: 	: 	: 	: 
A,PC,T,Y18-24,UKK1	16.5 	15.1 	16.1 	12.3 b	10.3 	13.5 	8.7 	14.4 b	17.4 b	12.1 	10.9 b	12.8 b	14.0 	13.8 	10.2 b	8.5 	8.9 	9.7 	9.2 	14.2 	: 	: 	: 	: 	: 	: 
A,PC,T,Y18-24,UKK2	16.5 	18.7 	17.3 	6.8 u	10.9 	10.1 u	13.2 	17.5 b	14.3 b	13.1 	10.8 b	12.4 b	6.1 u	10.9 	7.8 bu	7.2 u	7.9 u	8.6 u	10.6 	13.6 	: 	: 	: 	: 	: 	: 
A,PC,T,Y18-24,UKK3	18.4 u	16.5 u	: u	: u	16.9 u	12.8 u	: u	15.9 bu	21.3 bu	14.0 u	11.9 bu	11.9 bu	20.3 u	: u	: bu	: u	: u	: u	: u	: u	: 	: 	: 	: 	: 	: 
A,PC,T,Y18-24,UKK4	14.4 u	14.4 u	18.1 	12.3 b	14.9 	7.5 u	6.7 u	13.9 b	12.9 b	10.4 u	9.6 bu	12.6 b	10.3 u	10.2 u	9.9 bu	9.0 u	10.6 	9.3 	9.5 u	9.0 u	: 	: 	: 	: 	: 	: 
A,PC,T,Y18-24,UKL	21.6 	19.1 	20.3 	12.5 b	12.3 	12.5 	11.6 	19.4 b	18.4 b	17.6 	19.6 b	18.3 b	16.8 	14.2 	13.1 b	13.7 	11.4 	10.1 	12.4 	14.0 	: 	: 	: 	: 	: 	: 
A,PC,T,Y18-24,UKL1	23.6 	20.0 	20.7 	12.8 b	11.8 	13.7 	10.7 	20.7 b	21.0 b	17.9 	20.7 b	20.0 b	17.5 	14.7 	15.5 b	15.0 	12.1 	12.3 	14.9 	16.6 	: 	: 	: 	: 	: 	: 
A,PC,T,Y18-24,UKL2	18.4 	17.7 	19.5 	12.1 b	12.9 	10.5 	13.1 	17.2 b	13.6 b	16.9 	17.8 b	15.5 b	15.9 	13.3 	9.3 bu	11.7 	10.0 u	6.9 u	8.6 u	9.9 u	: 	: 	: 	: 	: 	: 
A,PC,T,Y18-24,UKM	17.3 	15.9 	14.3 	9.8 b	10.5 	9.8 	7.9 	12.4 b	13.0 b	12.9 	13.8 b	14.6 b	12.7 	11.0 	12.0 b	10.6 	13.1 	10.3 	11.7 	9.6 	: 	: 	: 	: 	: 	: 
A,PC,T,Y18-24,UKM2	18.3 	13.2 	13.0 	9.9 b	10.8 	8.9 	7.5 	11.7 b	12.7 b	13.0 	11.4 b	14.0 b	11.9 	: 	: 	: 	: 	: 	: 	: 	: 	: 	: 	: 	: 	: 
A,PC,T,Y18-24,UKM3	19.3 	18.4 	16.9 	10.3 b	11.3 	11.2 	8.3 	14.6 b	15.0 b	13.4 	15.4 b	15.2 b	13.9 	: 	: 	: 	: 	: 	: 	: 	: 	: 	: 	: 	: 	: 
A,PC,T,Y18-24,UKM5	12.3 u	11.0 u	8.3 u	: u	: u	: u	: u	: bu	: bu	9.5 u	11.4 bu	: bu	10.6 u	: u	13.2 bu	11.6 u	10.4 u	11.7 u	: u	: u	: 	: 	: 	: 	: 	: 
A,PC,T,Y18-24,UKM6	10.3 u	20.9 u	15.2 u	: u	: u	: u	: u	: bu	: bu	: u	20.5 bu	23.0 bu	12.5 u	: u	: bu	12.3 u	: u	: u	: u	: u	: 	: 	: 	: 	: 	: 
A,PC,T,Y18-24,UKM7	: 	: 	: 	: 	: 	: 	: 	: 	: 	: 	: 	: 	: 	11.9 	9.8 b	9.4 	12.8 	10.4 	15.0 	11.9 	: 	: 	: 	: 	: 	: 
A,PC,T,Y18-24,UKM8	: 	: 	: 	: 	: 	: 	: 	: 	: 	: 	: 	: 	: 	9.3 	16.3 b	10.5 	13.0 	9.8 	8.4 	6.3 u	: 	: 	: 	: 	: 	: 
A,PC,T,Y18-24,UKM9	: 	: 	: 	: 	: 	: 	: 	: 	: 	: 	: 	: 	: 	14.5 	10.1 bu	11.9 u	15.5 	11.4 u	13.3 u	16.9 u	: 	: 	: 	: 	: 	: 
A,PC,T,Y18-24,UKN	17.4 	15.7 	15.6 	13.7 b	11.8 	9.4 	9.1 	15.4 b	16.3 b	16.6 	16.2 b	15.3 b	14.2 	15.9 	16.2 b	11.9 	11.4 	11.2 	9.4 	8.8 	: 	: 	: 	: 	: 	: 
A,PC,T,Y18-24,UKN0	17.4 	15.7 	15.6 	13.7 b	11.8 	9.4 	9.1 	15.4 b	16.3 b	16.6 	16.2 b	15.3 b	14.2 	15.9 	16.2 b	11.9 	11.4 	11.2 	9.4 	8.8 	: 	: 	: 	: 	: 	: 
