freq,indic_is,unit,geo\TIME_PERIOD	2006 	2007 	2008 	2009 	2010 	2011 	2012 	2013 	2014 	2015 	2016 	2017 	2018 	2019 	2020 	2021 	2022 	2023 	2024 	2025 
A,I_IDAY,PC_IND,AL	: 	: 	: 	: 	: 	: 	: 	: 	: 	: 	: 	: 	53.46 	59.68 	63.69 	72.78 	81.51 	82.99 	85.89 	86.87 
A,I_IDAY,PC_IND,AT	39.14 	44.52 	48.19 	48.38 	53.01 	58.87 	60.15 	63.01 	64.19 	68.44 	71.95 	73.67 	75.63 	79.90 	81.38 	81.17 	81.89 	84.40 	84.46 	84.97 
A,I_IDAY,PC_IND,AT1	: 	: 	: 	: 	: 	63.94 	63.11 	65.56 	66.15 	72.36 	74.73 	76.72 	78.60 	82.15 	84.68 	84.36 	83.78 	86.26 	84.84 	86.38 
A,I_IDAY,PC_IND,AT11	: 	: 	: 	: 	: 	56.94 	58.19 	60.05 	57.14 	: 	68.35 	70.72 	74.01 	73.08 	77.80 	77.54 	74.10 	79.28 	81.91 	84.57 
A,I_IDAY,PC_IND,AT12	: 	: 	: 	: 	: 	59.55 	57.64 	59.62 	60.65 	: 	71.20 	72.03 	75.20 	80.91 	82.26 	83.78 	80.52 	82.60 	82.79 	85.13 
A,I_IDAY,PC_IND,AT13	: 	: 	: 	: 	: 	69.09 	68.91 	71.85 	72.51 	: 	78.81 	81.68 	82.24 	84.60 	87.82 	85.90 	88.04 	90.40 	86.99 	87.69 
A,I_IDAY,PC_IND,AT2	: 	: 	: 	: 	: 	53.39 	54.79 	58.68 	58.41 	63.61 	67.32 	69.32 	72.06 	76.29 	76.38 	75.00 	78.00 	80.91 	80.46 	83.25 
A,I_IDAY,PC_IND,AT21	: 	: 	: 	: 	: 	53.54 	51.84 	58.17 	54.94 	: 	68.52 	68.01 	71.17 	74.77 	74.56 	74.74 	77.93 	79.06 	84.09 	78.77 
A,I_IDAY,PC_IND,AT22	: 	: 	: 	: 	: 	53.33 	56.14 	58.91 	59.97 	: 	66.78 	69.91 	72.47 	76.97 	77.19 	75.12 	78.04 	81.73 	78.85 	85.24 
A,I_IDAY,PC_IND,AT3	: 	: 	: 	: 	: 	55.97 	59.71 	62.44 	65.17 	66.46 	71.23 	72.42 	74.01 	79.20 	80.18 	80.76 	81.77 	84.08 	86.22 	84.19 
A,I_IDAY,PC_IND,AT31	: 	: 	: 	: 	: 	52.72 	57.82 	62.41 	64.37 	: 	72.51 	70.90 	72.13 	78.26 	77.79 	81.13 	80.41 	82.63 	88.00 	83.70 
A,I_IDAY,PC_IND,AT32	: 	: 	: 	: 	: 	53.88 	62.95 	61.72 	65.79 	: 	68.76 	74.19 	75.89 	78.33 	80.35 	81.17 	82.30 	87.30 	84.47 	84.96 
A,I_IDAY,PC_IND,AT33	: 	: 	: 	: 	: 	60.00 	58.19 	62.72 	63.73 	: 	68.84 	73.56 	74.46 	81.63 	82.94 	80.93 	83.12 	84.27 	85.03 	83.94 
A,I_IDAY,PC_IND,AT34	: 	: 	: 	: 	: 	63.57 	65.16 	63.04 	70.21 	: 	74.56 	73.41 	77.55 	79.26 	83.64 	78.50 	83.61 	84.69 	84.24 	85.45 
A,I_IDAY,PC_IND,BA	: 	: 	: 	: 	: 	: 	: 	: 	: 	: 	: 	: 	61.20 	64.98 	67.44 	71.42 	: 	80.38 	84.72 	88.24 
A,I_IDAY,PC_IND,BE	44.60 	48.98 	51.19 	55.97 	59.48 	64.77 	64.54 	68.32 	71.15 	73.32 	74.14 	76.20 	82.17 	84.58 	84.48 	86.20 	88.65 	89.75 	92.55 	93.51 
A,I_IDAY,PC_IND,BE1	: 	: 	: 	: 	: 	65.32 	67.02 	65.97 	69.73 	72.87 	76.13 	77.15 	83.36 	84.79 	83.28 	88.75 	89.91 	91.10 	93.74 	91.57 
A,I_IDAY,PC_IND,BE10	: 	: 	: 	: 	: 	65.32 	67.02 	65.97 	69.73 	72.87 	76.13 	77.15 	83.36 	84.79 	83.28 	88.75 	89.91 	91.10 	93.74 	91.57 
A,I_IDAY,PC_IND,BE2	: 	: 	: 	: 	: 	66.79 	67.06 	71.07 	74.58 	74.78 	76.10 	78.18 	84.15 	86.18 	86.33 	88.18 	89.77 	90.98 	93.51 	94.23 
A,I_IDAY,PC_IND,BE21	: 	: 	: 	: 	: 	67.45 	66.63 	72.29 	74.27 	72.94 	76.19 	78.90 	86.11 	85.70 	84.68 	85.54 	90.24 	90.81 	94.06 	96.26 
A,I_IDAY,PC_IND,BE22	: 	: 	: 	: 	: 	66.67 	64.80 	69.43 	76.20 	75.33 	77.65 	77.24 	80.90 	87.27 	83.21 	87.31 	90.62 	91.27 	94.74 	93.65 
A,I_IDAY,PC_IND,BE23	: 	: 	: 	: 	: 	64.82 	65.05 	71.33 	74.55 	75.12 	76.17 	76.61 	83.58 	84.33 	89.38 	89.76 	88.97 	91.56 	93.75 	93.78 
A,I_IDAY,PC_IND,BE24	: 	: 	: 	: 	: 	70.42 	75.66 	74.80 	77.21 	79.48 	76.53 	82.60 	85.98 	89.47 	88.76 	90.51 	90.43 	94.14 	94.54 	92.49 
A,I_IDAY,PC_IND,BE25	: 	: 	: 	: 	: 	64.98 	63.90 	66.63 	71.42 	72.34 	74.30 	75.58 	82.52 	85.32 	85.00 	88.84 	89.00 	87.83 	90.60 	93.92 
A,I_IDAY,PC_IND,BE3	: 	: 	: 	: 	: 	60.91 	59.18 	64.10 	65.40 	70.85 	69.96 	72.31 	78.19 	81.61 	81.53 	81.78 	86.20 	87.06 	90.40 	92.85 
A,I_IDAY,PC_IND,BE31	: 	: 	: 	: 	: 	80.39 	83.10 	73.57 	76.72 	79.69 	81.66 	82.25 	86.85 	89.63 	91.26 	91.71 	93.27 	90.49 	94.53 	97.29 
A,I_IDAY,PC_IND,BE32	: 	: 	: 	: 	: 	58.76 	53.21 	59.22 	59.27 	70.67 	64.60 	66.81 	75.96 	77.40 	79.42 	77.28 	85.97 	85.54 	90.46 	91.21 
A,I_IDAY,PC_IND,BE33	: 	: 	: 	: 	: 	54.91 	57.63 	66.64 	66.23 	67.73 	72.64 	73.91 	77.50 	83.11 	83.40 	84.03 	85.45 	87.96 	88.57 	92.50 
A,I_IDAY,PC_IND,BE34	: 	: 	: 	: 	: 	56.32 	57.74 	61.46 	68.35 	71.03 	69.87 	76.39 	78.28 	84.03 	78.74 	85.13 	81.71 	86.27 	92.30 	93.41 
A,I_IDAY,PC_IND,BE35	: 	: 	: 	: 	: 	67.34 	60.56 	65.58 	69.49 	71.07 	69.09 	73.32 	78.72 	81.77 	76.74 	79.98 	85.21 	86.50 	89.27 	93.62 
A,I_IDAY,PC_IND,BG	14.18 	19.84 	22.94 	30.60 	32.59 	37.44 	40.38 	42.51 	45.52 	46.48 	48.59 	54.04 	55.31 	59.77 	61.76 	67.42 	74.87 	76.74 	78.79 	82.70 
A,I_IDAY,PC_IND,BG3	: 	: 	: 	: 	: 	31.55 	35.52 	37.25 	41.15 	41.85 	45.48 	51.80 	52.53 	57.17 	56.83 	67.15 	73.00 	73.58 	77.93 	81.35 
A,I_IDAY,PC_IND,BG31	: 	: 	: 	: 	: 	28.15 	29.02 	33.95 	36.22 	32.88 	44.69 	49.07 	51.47 	53.16 	52.63 	61.93 	70.85 	70.51 	76.49 	80.37 
A,I_IDAY,PC_IND,BG32	: 	: 	: 	: 	: 	33.53 	36.30 	38.15 	45.49 	46.10 	45.64 	55.63 	50.23 	60.02 	55.41 	70.32 	73.29 	74.49 	78.73 	78.82 
A,I_IDAY,PC_IND,BG33	: 	: 	: 	: 	: 	29.74 	35.31 	37.69 	43.98 	42.77 	48.92 	53.11 	57.00 	58.03 	61.77 	70.88 	75.91 	75.53 	80.50 	87.51 
A,I_IDAY,PC_IND,BG34	: 	: 	: 	: 	: 	34.26 	40.11 	38.63 	38.78 	44.35 	42.77 	49.57 	51.01 	57.05 	56.34 	64.94 	71.57 	73.37 	76.05 	78.36 
A,I_IDAY,PC_IND,BG4	: 	: 	: 	: 	: 	43.55 	45.33 	47.84 	49.93 	51.12 	51.70 	56.27 	58.05 	62.32 	66.57 	67.69 	76.67 	79.68 	79.60 	83.94 
A,I_IDAY,PC_IND,BG41	: 	: 	: 	: 	: 	51.84 	52.28 	55.76 	58.26 	57.95 	55.53 	60.42 	62.69 	68.89 	73.32 	70.85 	82.06 	83.96 	83.82 	87.44 
A,I_IDAY,PC_IND,BG42	: 	: 	: 	: 	: 	31.79 	35.09 	36.11 	37.52 	40.89 	45.93 	49.99 	51.02 	52.34 	56.36 	62.94 	68.53 	72.98 	73.00 	78.48 
A,I_IDAY,PC_IND,CH	: 	: 	: 	: 	: 	: 	: 	: 	75.91 	: 	: 	82.04 b	: 	89.02 	: 	91.35 	: 	94.83 	: 	94.99 
A,I_IDAY,PC_IND,CH0	: 	: 	: 	: 	: 	: 	: 	: 	75.91 	: 	: 	82.04 b	: 	89.02 	: 	91.35 	: 	94.83 	: 	94.99 
A,I_IDAY,PC_IND,CH01	: 	: 	: 	: 	: 	: 	: 	: 	75.37 	: 	: 	81.03 b	: 	89.42 	: 	90.45 	: 	94.22 	: 	95.75 
A,I_IDAY,PC_IND,CH02	: 	: 	: 	: 	: 	: 	: 	: 	72.80 	: 	: 	82.60 b	: 	86.63 	: 	90.47 	: 	94.59 	: 	93.10 
A,I_IDAY,PC_IND,CH03	: 	: 	: 	: 	: 	: 	: 	: 	77.92 	: 	: 	83.73 b	: 	91.53 	: 	91.54 	: 	94.75 	: 	93.72 
A,I_IDAY,PC_IND,CH04	: 	: 	: 	: 	: 	: 	: 	: 	82.64 	: 	: 	85.19 b	: 	92.76 	: 	93.66 	: 	95.75 	: 	97.37 
A,I_IDAY,PC_IND,CH05	: 	: 	: 	: 	: 	: 	: 	: 	73.50 	: 	: 	81.23 b	: 	85.87 	: 	92.01 	: 	94.82 	: 	95.35 
A,I_IDAY,PC_IND,CH06	: 	: 	: 	: 	: 	: 	: 	: 	75.69 	: 	: 	77.19 b	: 	88.85 	: 	89.72 	: 	96.30 	: 	94.87 
A,I_IDAY,PC_IND,CH07	: 	: 	: 	: 	: 	: 	: 	: 	68.47 	: 	: 	78.86 b	: 	87.28 	: 	90.69 	: 	91.63 	: 	94.37 
A,I_IDAY,PC_IND,CY	18.78 	23.27 	24.15 	34.17 	40.34 	44.63 	46.64 	53.14 	55.91 	62.77 	68.52 	74.15 	76.79 	79.19 	88.36 	88.56 	88.06 	90.77 	93.92 	93.34 
A,I_IDAY,PC_IND,CY0	: 	: 	: 	: 	: 	44.63 	46.64 	53.14 	55.91 	62.77 	68.52 	74.15 	76.79 	79.19 	88.36 	88.56 	88.06 	90.77 	93.92 	93.34 
A,I_IDAY,PC_IND,CY00	: 	: 	: 	: 	: 	44.63 	46.64 	53.14 	55.91 	62.77 	68.52 	74.15 	76.79 	79.19 	88.36 	88.56 	88.06 	90.77 	93.92 	93.34 
A,I_IDAY,PC_IND,CZ	18.08 	24.34 	30.32 	34.07 	37.58 	40.84 	43.59 	54.34 	60.35 	62.72 	65.13 	68.27 	75.45 b	76.10 	79.35 	80.54 	84.15 	84.66 	86.58 	87.53 
A,I_IDAY,PC_IND,CZ0	: 	: 	: 	: 	: 	40.84 	43.59 	54.34 	60.35 	62.72 	65.13 	68.27 	75.45 b	76.10 	79.35 	80.54 	84.15 	84.66 	86.58 	87.53 
A,I_IDAY,PC_IND,CZ01	: 	: 	: 	: 	: 	53.20 	47.42 	61.16 	73.45 	81.32 	77.24 	80.28 	88.50 b	88.91 	92.55 	88.05 	94.81 	92.38 	92.15 	95.27 
A,I_IDAY,PC_IND,CZ02	: 	: 	: 	: 	: 	45.37 	48.92 	61.66 	61.49 	63.75 	68.19 	73.55 	74.54 b	80.29 	77.20 	78.92 	83.74 	83.36 	86.81 	88.05 
A,I_IDAY,PC_IND,CZ03	: 	: 	: 	: 	: 	35.60 	41.01 	49.68 	58.17 	63.64 	64.33 	69.43 	75.19 b	76.74 	77.95 	79.63 	80.39 	85.67 	89.95 	87.86 
A,I_IDAY,PC_IND,CZ04	: 	: 	: 	: 	: 	34.82 	37.71 	47.12 	50.64 	50.40 	55.91 	55.69 	67.75 b	66.00 	76.58 	76.43 	81.78 	86.27 	84.56 	85.43 
A,I_IDAY,PC_IND,CZ05	: 	: 	: 	: 	: 	42.08 	40.68 	55.09 	60.69 	61.55 	64.90 	62.36 	72.93 b	72.97 	75.78 	76.98 	78.88 	77.43 	83.76 	86.34 
A,I_IDAY,PC_IND,CZ06	: 	: 	: 	: 	: 	39.43 	46.92 	53.97 	58.06 	61.30 	62.38 	67.49 	73.55 b	73.59 	77.19 	80.42 	84.19 	83.19 	84.34 	85.63 
A,I_IDAY,PC_IND,CZ07	: 	: 	: 	: 	: 	36.13 	41.39 	52.32 	59.94 	58.53 	63.86 	65.54 	73.81 b	74.76 	81.89 	81.00 	83.01 	84.76 	82.10 	85.30 
A,I_IDAY,PC_IND,CZ08	: 	: 	: 	: 	: 	39.65 	43.27 	52.59 	60.48 	60.96 	64.54 	72.12 	77.69 b	75.56 	78.04 	83.65 	87.77 	87.02 	89.96 	87.32 
A,I_IDAY,PC_IND,DE	39.61 	45.59 	50.94 	55.38 	60.22 	62.97 	64.59 	68.55 	72.09 	75.43 	77.79 	79.48 	83.54 	85.11 	88.08 	81.77 b	85.00 	86.30 	88.00 	89.41 
A,I_IDAY,PC_IND,DE1	: 	: 	: 	: 	: 	61.21 	65.62 	69.37 	71.94 	73.60 	77.41 	78.45 	81.92 	82.60 	85.55 	81.12 b	86.83 	89.24 	90.96 	92.91 
A,I_IDAY,PC_IND,DE2	: 	: 	: 	: 	: 	64.15 	62.76 	66.74 	70.41 	78.68 	79.19 	78.16 	81.20 	86.26 	88.70 	78.31 b	82.65 	83.55 	85.27 	86.05 
A,I_IDAY,PC_IND,DE3	: 	: 	: 	: 	: 	63.98 	66.09 	71.83 	76.34 	75.71 	78.61 	83.77 	85.69 	85.49 	89.77 	87.55 b	89.06 	87.23 	88.09 	88.56 
A,I_IDAY,PC_IND,DE4	: 	: 	: 	: 	: 	49.33 	51.55 	54.59 	56.90 	63.78 	62.96 	66.19 	71.77 	73.18 	77.44 	80.65 b	76.06 	79.05 	81.66 	84.08 
A,I_IDAY,PC_IND,DE5	: 	: 	: 	: 	: 	77.11 	65.21 	67.70 	77.44 	82.65 	80.87 	77.20 	89.48 	85.73 	89.85 	75.90 b	78.30 	85.09 	82.83 	85.68 
A,I_IDAY,PC_IND,DE6	: 	: 	: 	: 	: 	73.11 	69.62 	72.21 	85.84 	80.70 	86.33 	85.90 	83.16 	84.63 	89.82 	87.57 b	88.02 	92.03 	94.70 	93.90 
A,I_IDAY,PC_IND,DE7	: 	: 	: 	: 	: 	67.16 	69.84 	72.06 	75.20 	79.61 	82.39 	83.39 	87.24 	87.27 	91.34 	86.67 b	87.76 	89.06 	89.55 	91.04 
A,I_IDAY,PC_IND,DE8	: 	: 	: 	: 	: 	50.45 	52.71 	53.45 	57.07 	65.02 	67.88 	69.81 	74.10 	80.88 	87.74 	78.12 b	78.34 	75.09 	84.86 	86.37 
A,I_IDAY,PC_IND,DE9	: 	: 	: 	: 	: 	64.80 	67.76 	68.83 	76.17 	79.64 	80.11 	82.99 	86.21 	87.93 	90.26 	81.03 b	84.72 	85.86 	89.93 	90.69 
A,I_IDAY,PC_IND,DEA	: 	: 	: 	: 	: 	65.89 	68.24 	71.38 	73.62 	75.67 	78.74 	81.78 	87.07 	87.23 	89.50 	83.34 b	86.60 	88.29 	89.33 	91.48 
A,I_IDAY,PC_IND,DEB	: 	: 	: 	: 	: 	63.83 	65.79 	74.26 	75.96 	81.03 	81.89 	84.85 	88.39 	87.28 	88.93 	84.25 b	86.85 	86.57 	89.13 	90.96 
A,I_IDAY,PC_IND,DEC	: 	: 	: 	: 	: 	62.40 	62.67 	71.90 	73.11 	78.01 	76.42 	78.02 	85.49 	84.60 	88.21 	78.29 b	87.73 	89.13 	85.57 	83.35 
A,I_IDAY,PC_IND,DED	: 	: 	: 	: 	: 	52.56 	56.18 	63.56 	64.55 	62.81 	68.75 	71.82 	76.50 	79.14 	82.62 	83.23 b	84.77 	87.71 	87.41 	87.69 
A,I_IDAY,PC_IND,DEE	: 	: 	: 	: 	: 	55.98 	55.63 	62.26 	64.55 	66.54 	73.84 	72.68 	79.93 	84.35 	88.45 	73.60 b	77.00 	79.21 	79.49 	76.38 
A,I_IDAY,PC_IND,DEF	: 	: 	: 	: 	: 	66.36 	63.56 	65.84 	77.54 	75.96 	76.14 	77.28 	82.71 	83.43 	88.13 	80.70 b	84.53 	82.19 	87.54 	90.88 
A,I_IDAY,PC_IND,DEG	: 	: 	: 	: 	: 	58.28 	59.10 	68.91 	63.83 	70.48 	73.34 	74.71 	80.14 	82.51 	83.27 	76.94 b	81.44 	83.15 	80.60 	85.80 
A,I_IDAY,PC_IND,DK	65.27 	66.23 	70.95 	72.12 	76.16 	78.04 	80.51 	84.33 	85.00 	87.29 	89.34 	91.36 	91.69 	92.09 	93.79 	94.68 	93.54 	95.19 	96.52 	96.64 
A,I_IDAY,PC_IND,DK0	: 	: 	: 	: 	: 	78.04 	80.51 	84.33 	85.00 	87.29 	89.34 	91.36 	91.69 	92.09 	93.79 	94.68 	93.54 	95.19 	96.52 	96.64 
A,I_IDAY,PC_IND,DK01	: 	: 	: 	: 	: 	81.80 	85.23 	88.45 	88.54 	89.24 	91.33 	94.25 	93.33 	94.47 	95.17 	95.24 	95.18 	96.34 	97.58 	97.78 
A,I_IDAY,PC_IND,DK02	: 	: 	: 	: 	: 	76.60 	77.59 	81.54 	84.15 	85.12 	87.20 	88.33 	89.57 	90.26 	91.67 	93.53 	92.98 	94.48 	96.93 	94.47 
A,I_IDAY,PC_IND,DK03	: 	: 	: 	: 	: 	73.75 	76.86 	81.35 	81.32 	87.40 	87.14 	92.20 	90.00 	89.61 	94.22 	93.78 	92.36 	94.99 	95.03 	97.03 
A,I_IDAY,PC_IND,DK04	: 	: 	: 	: 	: 	78.77 	81.74 	83.89 	85.48 	87.68 	90.25 	90.35 	92.99 	93.33 	93.64 	95.90 	93.21 	96.17 	96.71 	96.10 
A,I_IDAY,PC_IND,DK05	: 	: 	: 	: 	: 	76.21 	76.70 	83.45 	82.46 	83.21 	88.77 	87.01 	90.36 	89.64 	92.06 	93.49 	92.62 	90.81 	95.08 	96.29 
A,I_IDAY,PC_IND,EE	39.88 	42.52 	44.72 	53.85 	56.92 	58.84 	59.44 	62.67 	72.60 b	77.38 	77.08 	79.39 	81.83 	83.20 	83.89 	84.94 	86.71 	89.02 	88.64 	90.77 
A,I_IDAY,PC_IND,EE0	: 	: 	: 	: 	: 	58.84 	59.44 	62.67 	72.60 b	77.38 	77.08 	79.39 	81.83 	83.20 	83.89 	84.94 	86.71 	89.02 	88.64 	90.77 
A,I_IDAY,PC_IND,EE00	: 	: 	: 	: 	: 	58.84 	59.44 	62.67 	72.60 b	77.38 	77.08 	79.39 	81.83 	83.20 	83.89 	84.94 	86.71 	89.02 	88.64 	90.77 
A,I_IDAY,PC_IND,EL	12.76 	18.69 	23.05 	27.30 	31.17 	37.20 	40.64 	46.69 	48.85 	54.59 	56.67 	59.43 	61.01 	64.50 	68.70 	70.16 	77.27 	80.02 	82.53 	87.18 
A,I_IDAY,PC_IND,EL1	: 	: 	: 	: 	: 	32.83 	: 	: 	: 	: 	: 	: 	: 	: 	: 	: 	: 	: 	: 	: 
A,I_IDAY,PC_IND,EL2	: 	: 	: 	: 	: 	26.07 	: 	: 	: 	: 	: 	: 	: 	: 	: 	: 	: 	: 	: 	: 
A,I_IDAY,PC_IND,EL3	: 	: 	: 	: 	: 	45.40 	52.18 	57.00 	55.03 	61.73 	65.92 	67.31 	72.99 	71.20 	75.90 	77.73 	83.49 	84.10 	85.52 	91.71 
A,I_IDAY,PC_IND,EL4	: 	: 	: 	: 	: 	30.70 	35.76 	40.45 	51.74 	55.48 	53.53 	60.22 	60.09 	62.03 	70.76 	65.82 	75.24 	82.62 	88.42 	84.84 
A,I_IDAY,PC_IND,EL5	: 	: 	: 	: 	: 	: 	36.06 	41.02 	44.89 	51.79 	52.37 	59.29 	58.27 	64.97 	66.06 	66.55 	76.37 	79.38 	82.90 	87.12 
A,I_IDAY,PC_IND,EL6	: 	: 	: 	: 	: 	: 	27.63 	37.42 	43.06 	46.85 	49.33 	48.05 	47.68 	56.47 	60.65 	65.53 	70.02 	73.35 	74.88 	81.26 
A,I_IDAY,PC_IND,ES	24.04 	29.14 	33.55 	38.13 	43.61 	46.98 	49.78 	53.85 	59.96 	64.25 	66.79 	68.98 	72.08 	77.61 	83.07 	85.83 	87.11 	89.98 	91.54 	92.49 
A,I_IDAY,PC_IND,ES1	: 	: 	: 	: 	: 	43.48 	46.98 	52.31 	55.78 	55.97 	61.22 	61.30 	66.35 	70.07 	76.97 	82.45 	82.55 	86.42 	87.38 	89.43 
A,I_IDAY,PC_IND,ES11	: 	: 	: 	: 	: 	40.60 	46.04 	50.32 	54.71 	52.59 	59.20 	58.57 	64.53 	67.10 	75.20 	81.37 	81.68 	85.94 	86.97 	88.63 
A,I_IDAY,PC_IND,ES12	: 	: 	: 	: 	: 	46.79 	46.23 	53.45 	57.18 	60.29 	63.07 	66.14 	71.57 	75.03 	80.42 	85.33 	83.84 	87.31 	86.93 	89.41 
A,I_IDAY,PC_IND,ES13	: 	: 	: 	: 	: 	50.89 	52.70 	59.47 	58.20 	63.86 	67.25 	65.26 	65.41 	74.93 	79.00 	82.34 	84.24 	87.07 	89.97 	92.99 
A,I_IDAY,PC_IND,ES2	: 	: 	: 	: 	: 	51.64 	52.21 	57.35 	61.52 	65.62 	71.67 	70.07 	73.20 	78.22 	81.47 	84.20 	87.82 	88.74 	91.03 	92.10 
A,I_IDAY,PC_IND,ES21	: 	: 	: 	: 	: 	51.93 	54.21 	61.01 	63.98 	67.90 	74.34 	70.59 	73.24 	77.83 	79.38 	83.69 	88.17 	88.51 	89.75 	90.64 
A,I_IDAY,PC_IND,ES22	: 	: 	: 	: 	: 	51.64 	52.60 	52.18 	56.16 	63.43 	71.54 	71.65 	75.36 	80.23 	82.64 	86.07 	88.27 	90.28 	92.31 	94.34 
A,I_IDAY,PC_IND,ES23	: 	: 	: 	: 	: 	47.97 	48.50 	51.50 	58.65 	65.06 	66.11 	63.76 	65.87 	75.02 	80.95 	82.01 	84.39 	88.36 	89.82 	93.52 
A,I_IDAY,PC_IND,ES24	: 	: 	: 	: 	: 	52.04 	49.59 	55.18 	60.71 	63.05 	68.62 	69.94 	73.81 	78.62 	84.47 	84.65 	87.84 	88.44 	92.78 	93.03 
A,I_IDAY,PC_IND,ES3	: 	: 	: 	: 	: 	55.01 	61.44 	63.63 	67.12 	71.30 	73.52 	74.73 	77.79 	83.05 	87.64 	89.81 	90.15 	93.45 	93.54 	94.27 
A,I_IDAY,PC_IND,ES30	: 	: 	: 	: 	: 	55.01 	61.44 	63.63 	67.12 	71.30 	73.52 	74.73 	77.79 	83.05 	87.64 	89.81 	90.15 	93.45 	93.54 	94.27 
A,I_IDAY,PC_IND,ES4	: 	: 	: 	: 	: 	42.63 	45.22 	50.48 	53.29 	60.63 	62.96 	63.71 	66.96 	73.40 	79.79 	82.88 	84.04 	87.41 	89.45 	90.75 
A,I_IDAY,PC_IND,ES41	: 	: 	: 	: 	: 	44.78 	48.27 	51.58 	52.52 	59.36 	60.61 	64.01 	65.63 	73.13 	81.52 	82.99 	84.46 	88.04 	88.66 	89.78 
A,I_IDAY,PC_IND,ES42	: 	: 	: 	: 	: 	42.25 	42.96 	49.88 	55.43 	61.07 	63.50 	62.93 	66.07 	72.80 	78.94 	83.66 	84.25 	88.24 	90.91 	91.76 
A,I_IDAY,PC_IND,ES43	: 	: 	: 	: 	: 	38.42 	42.55 	49.13 	51.03 	62.62 	67.18 	64.50 	71.57 	75.13 	77.59 	81.15 	82.73 	84.36 	88.32 	90.83 
A,I_IDAY,PC_IND,ES5	: 	: 	: 	: 	: 	49.40 	50.36 	54.13 	62.41 	66.88 	66.42 	71.66 	72.78 	78.78 	84.06 	87.64 	88.76 	91.60 	92.68 	93.81 
A,I_IDAY,PC_IND,ES51	: 	: 	: 	: 	: 	52.09 	54.73 	56.79 	65.48 	69.75 	67.03 	71.75 	71.65 	81.03 	85.48 	87.61 	88.34 	92.86 	92.71 	93.61 
A,I_IDAY,PC_IND,ES52	: 	: 	: 	: 	: 	45.04 	43.70 	49.59 	57.35 	62.09 	65.09 	70.30 	73.26 	75.51 	81.51 	87.43 	88.69 	89.41 	92.49 	94.04 
A,I_IDAY,PC_IND,ES53	: 	: 	: 	: 	: 	51.09 	51.27 	56.86 	64.74 	69.28 	68.26 	76.85 	77.84 	78.33 	85.71 	88.68 	91.56 	92.82 	93.28 	94.06 
A,I_IDAY,PC_IND,ES6	: 	: 	: 	: 	: 	41.28 	44.59 	48.71 	56.72 	61.36 	64.98 	67.73 	71.75 	78.05 	83.86 	84.78 	86.61 	88.90 	91.36 	91.79 
A,I_IDAY,PC_IND,ES61	: 	: 	: 	: 	: 	41.12 	44.71 	49.03 	56.64 	60.93 	64.69 	67.16 	71.21 	77.44 	83.95 	84.28 	86.69 	88.72 	91.59 	91.97 
A,I_IDAY,PC_IND,ES62	: 	: 	: 	: 	: 	41.76 	43.53 	46.44 	56.51 	63.73 	65.95 	70.44 	75.11 	81.49 	83.23 	87.32 	85.70 	89.45 	90.12 	90.81 
A,I_IDAY,PC_IND,ES63	: 	: 	: 	: 	: 	55.05 	53.90 	64.60 	69.21 	59.22 	69.07 	71.09 	68.84 	81.88 u	84.61 u	88.19 	88.76 	90.72 	89.70 	86.91 
A,I_IDAY,PC_IND,ES64	: 	: 	: 	: 	: 	35.89 	41.11 	39.75 	55.71 	66.10 	73.78 	75.88 	69.58 	75.09 	85.32 	86.77 	92.47 	96.63 	92.23 	96.06 
A,I_IDAY,PC_IND,ES7	: 	: 	: 	: 	: 	42.74 	47.72 	51.44 	61.11 	63.66 	68.51 	67.41 	73.71 	75.72 	82.32 	84.28 	84.77 	89.49 	92.48 	92.18 
A,I_IDAY,PC_IND,ES70	: 	: 	: 	: 	: 	42.74 	47.72 	51.44 	61.11 	63.66 	68.51 	67.41 	73.71 	75.72 	82.32 	84.28 	84.77 	89.49 	92.48 	92.18 
A,I_IDAY,PC_IND,FI	56.33 	61.70 	66.38 	67.64 	72.32 	76.19 	78.48 	79.76 	81.26 	84.05 	85.21 	87.19 	87.93 	89.82 	91.94 	92.54 	91.71 	92.84 	87.66 	95.45 
A,I_IDAY,PC_IND,FI1	: 	: 	: 	: 	: 	76.19 	78.48 	79.76 	81.26 	84.05 	85.21 	87.19 	87.93 	89.82 	91.94 	92.54 	91.71 	92.84 	87.66 	95.45 
A,I_IDAY,PC_IND,FI19	: 	: 	: 	: 	: 	74.65 	77.08 	76.93 	80.42 	82.84 	82.64 	83.58 	85.95 	87.51 	91.63 	92.52 	90.09 	92.41 	86.54 	95.36 
A,I_IDAY,PC_IND,FI1B	: 	: 	: 	: 	: 	: 	86.36 	87.65 	86.06 	90.09 	89.50 	93.38 	92.20 	93.60 	95.58 	94.84 	95.33 	94.71 	88.41 	97.11 
A,I_IDAY,PC_IND,FI1C	: 	: 	: 	: 	: 	: 	73.98 	77.31 	80.17 	81.31 	85.01 	86.10 	86.49 	90.23 	90.93 	90.94 	90.75 	91.63 	86.09 	94.19 
A,I_IDAY,PC_IND,FI1D	: 	: 	: 	: 	: 	73.74 	74.46 	75.40 	77.18 	80.21 	82.54 	83.93 	85.70 	86.75 	88.22 	90.91 	89.34 	91.78 	89.35 	94.23 
A,I_IDAY,PC_IND,FR	26.04 	39.61 	47.45 	51.53 	60.26 	61.74 	65.00 	66.28 	67.79 	67.84 	70.40 	70.25 	75.24 	77.32 	: 	77.69 	82.46 	84.08 	87.87 	89.01 
A,I_IDAY,PC_IND,FR1	: 	: 	: 	: 	: 	69.34 	72.89 	76.24 	73.58 	73.67 	74.94 	77.29 	79.21 	82.17 	: 	83.06 	86.63 	89.02 	90.71 	91.66 u
A,I_IDAY,PC_IND,FR10	: 	: 	: 	: 	: 	: 	: 	: 	73.58 	73.67 	74.94 	77.29 	79.21 	82.17 	: 	83.06 	86.63 	89.02 	90.71 	91.66 u
A,I_IDAY,PC_IND,FRB	: 	: 	: 	: 	: 	: 	: 	: 	65.52 	67.44 	64.94 	72.10 	70.22 	76.71 	: 	76.13 	77.34 	80.98 	84.37 	89.95 u
A,I_IDAY,PC_IND,FRB0	: 	: 	: 	: 	: 	: 	: 	: 	65.52 	67.44 	64.94 	72.10 	70.22 	76.71 	: 	76.13 	77.34 	80.98 	84.37 	89.95 u
A,I_IDAY,PC_IND,FRC	: 	: 	: 	: 	: 	: 	: 	: 	70.99 	66.55 	68.90 	67.16 	72.08 	73.04 	: 	77.56 	73.25 	79.94 	85.42 	85.69 u
A,I_IDAY,PC_IND,FRC1	: 	: 	: 	: 	: 	: 	: 	: 	68.72 	64.09 	70.00 	74.25 	71.05 	73.57 	: 	76.76 	74.32 	81.41 	88.10 	86.60 u
A,I_IDAY,PC_IND,FRC2	: 	: 	: 	: 	: 	: 	: 	: 	74.32 	69.90 	67.32 	57.94 	73.57 	72.27 	: 	78.48 	71.82 	78.17 	81.59 	84.44 u
A,I_IDAY,PC_IND,FRD	: 	: 	: 	: 	: 	: 	: 	: 	62.81 	64.44 	68.68 	67.76 	78.99 	73.47 	: 	75.36 	78.57 	78.87 	87.31 	86.97 u
A,I_IDAY,PC_IND,FRD1	: 	: 	: 	: 	: 	: 	: 	: 	60.83 	67.79 	64.74 	64.43 	78.06 	69.98 	: 	78.77 	78.66 	79.70 	83.21 	85.95 u
A,I_IDAY,PC_IND,FRD2	: 	: 	: 	: 	: 	: 	: 	: 	64.25 	62.16 	71.84 	70.42 	79.64 	76.67 	: 	72.99 	78.50 	78.07 	90.52 	87.83 u
A,I_IDAY,PC_IND,FRE	: 	: 	: 	: 	: 	: 	: 	: 	64.11 	62.11 	66.81 	64.40 	74.97 	74.73 	: 	75.99 	80.94 	82.27 	84.77 	87.09 u
A,I_IDAY,PC_IND,FRE1	: 	: 	: 	: 	: 	: 	: 	: 	65.08 	60.08 	67.56 	65.70 	72.97 	73.95 	: 	75.70 	82.59 	84.21 	84.71 	87.65 u
A,I_IDAY,PC_IND,FRE2	: 	: 	: 	: 	: 	: 	: 	: 	62.16 	66.53 	65.39 	62.06 	79.19 	76.19 	: 	76.56 	77.52 	77.94 	84.90 	85.95 u
A,I_IDAY,PC_IND,FRF	: 	: 	: 	: 	: 	: 	: 	: 	66.89 	68.13 	69.46 	68.11 	72.99 	72.07 	: 	76.19 	80.11 	82.58 	87.80 	86.74 u
A,I_IDAY,PC_IND,FRF1	: 	: 	: 	: 	: 	: 	: 	: 	64.89 	63.58 	69.44 	72.02 	74.54 	73.94 	: 	75.10 	84.01 	84.59 	90.49 	86.98 u
A,I_IDAY,PC_IND,FRF2	: 	: 	: 	: 	: 	: 	: 	: 	65.36 	71.45 	66.22 	62.00 	72.06 	64.73 	: 	76.11 	75.14 	83.08 	82.80 	86.58 u
A,I_IDAY,PC_IND,FRF3	: 	: 	: 	: 	: 	: 	: 	: 	69.48 	69.58 	70.99 	68.12 	72.37 	74.94 	: 	77.24 	79.15 	80.63 	88.19 	86.61 u
A,I_IDAY,PC_IND,FRG	: 	: 	: 	: 	: 	: 	: 	: 	72.84 	70.82 	71.57 	69.28 	75.71 	80.24 	: 	77.89 	83.53 	83.82 	87.27 	90.95 u
A,I_IDAY,PC_IND,FRG0	: 	: 	: 	: 	: 	: 	: 	: 	72.84 	70.82 	71.57 	69.28 	75.71 	80.24 	: 	77.89 	83.53 	83.82 	87.27 	90.95 u
A,I_IDAY,PC_IND,FRH	: 	: 	: 	: 	: 	: 	: 	: 	64.33 	68.38 	70.40 	72.60 	75.53 	79.46 	: 	80.13 	81.34 	84.28 	87.54 	87.85 u
A,I_IDAY,PC_IND,FRH0	: 	: 	: 	: 	: 	: 	: 	: 	64.33 	68.38 	70.40 	72.60 	75.53 	79.46 	: 	80.13 	81.34 	84.28 	87.54 	87.85 u
A,I_IDAY,PC_IND,FRI	: 	: 	: 	: 	: 	: 	: 	: 	69.20 	67.92 	72.55 	68.13 	74.45 	79.17 	: 	80.16 	83.05 	84.32 	89.33 	90.10 u
A,I_IDAY,PC_IND,FRI1	: 	: 	: 	: 	: 	: 	: 	: 	71.86 	69.11 	75.66 	70.48 	77.27 	80.03 	: 	80.96 	83.71 	88.15 	89.55 	92.29 u
A,I_IDAY,PC_IND,FRI2	: 	: 	: 	: 	: 	: 	: 	: 	62.66 	62.69 	58.39 	62.31 	67.79 	75.54 	: 	76.44 	79.42 	77.82 	87.34 	82.37 u
A,I_IDAY,PC_IND,FRI3	: 	: 	: 	: 	: 	: 	: 	: 	66.58 	67.71 	72.83 	66.12 	72.53 	78.87 	: 	80.34 	83.30 	79.95 	89.62 	89.47 u
A,I_IDAY,PC_IND,FRJ	: 	: 	: 	: 	: 	: 	: 	: 	66.55 	66.30 	71.34 	70.03 	74.37 	75.82 	: 	75.36 	82.63 	84.71 	87.38 	88.62 u
A,I_IDAY,PC_IND,FRJ1	: 	: 	: 	: 	: 	: 	: 	: 	67.70 	64.99 	65.97 	68.72 	69.00 	74.01 	: 	73.49 	85.86 	85.22 	85.46 	87.61 u
A,I_IDAY,PC_IND,FRJ2	: 	: 	: 	: 	: 	: 	: 	: 	65.46 	67.53 	76.28 	71.30 	79.57 	77.53 	: 	77.20 	79.89 	84.26 	89.11 	89.57 u
A,I_IDAY,PC_IND,FRK	: 	: 	: 	: 	: 	62.31 	64.60 	64.78 	69.25 	68.68 	71.33 	70.91 	75.96 	79.11 	: 	76.14 	83.28 	83.47 	88.72 	88.81 u
A,I_IDAY,PC_IND,FRK1	: 	: 	: 	: 	: 	: 	: 	: 	65.61 	61.50 	67.99 	68.97 	68.31 	69.55 	: 	67.66 	75.98 	76.89 	86.31 	82.68 u
A,I_IDAY,PC_IND,FRK2	: 	: 	: 	: 	: 	: 	: 	: 	70.01 	70.19 	72.08 	71.34 	77.55 	80.95 	: 	77.78 	84.83 	84.90 	89.21 	89.98 u
A,I_IDAY,PC_IND,FRL	: 	: 	: 	: 	: 	: 	: 	: 	64.59 	66.53 	70.33 	71.72 	75.66 	79.12 	: 	75.71 	86.56 	86.00 	88.90 	90.69 u
A,I_IDAY,PC_IND,FRL0	: 	: 	: 	: 	: 	: 	: 	: 	64.59 	66.53 	70.33 	71.72 	75.66 	79.12 	: 	75.71 	86.56 	86.00 	88.90 	90.69 u
A,I_IDAY,PC_IND,FRM	: 	: 	: 	: 	: 	: 	: 	: 	59.73 u	51.36 u	50.62 u	55.70 u	61.26 u	75.60 u	: 	74.35 u	82.71 u	72.20 u	85.50 u	92.44 u
A,I_IDAY,PC_IND,FRM0	: 	: 	: 	: 	: 	: 	: 	: 	59.73 u	51.36 u	50.62 u	55.70 u	61.26 u	75.60 u	: 	74.35 u	82.71 u	72.20 u	85.50 u	92.44 u
A,I_IDAY,PC_IND,FRY	: 	: 	: 	: 	: 	: 	: 	: 	: 	54.80 	54.81 	57.70 	62.91 	59.92 	: 	65.73 	75.59 	76.60 	80.44 	82.44 u
A,I_IDAY,PC_IND,FRY1	: 	: 	: 	: 	: 	: 	: 	: 	: 	62.63 	53.81 	57.88 	47.52 	58.95 	: 	65.50 	72.31 	75.54 	82.89 	78.77 u
A,I_IDAY,PC_IND,FRY2	: 	: 	: 	: 	: 	: 	: 	: 	: 	46.58 	55.86 	53.93 	61.95 	69.82 	: 	68.35 	75.52 	73.50 	80.99 	83.68 u
A,I_IDAY,PC_IND,FRY3	: 	: 	: 	: 	: 	: 	: 	: 	: 	50.83 	41.28 	65.80 	77.29 	74.57 	: 	78.93 	78.18 	74.04 	77.26 	85.67 u
A,I_IDAY,PC_IND,FRY4	: 	: 	: 	: 	: 	: 	: 	: 	: 	55.86 	58.31 	57.19 	66.28 	51.46 	: 	61.03 	76.42 	78.08 	79.04 	82.63 u
A,I_IDAY,PC_IND,HR	: 	20.99 	26.67 	36.71 	40.38 	44.26 	47.68 	53.41 	55.74 	59.51 	63.41 	57.51 	66.10 	71.39 	73.66 	76.34 	76.89 	78.61 	79.96 	82.63 
A,I_IDAY,PC_IND,HR0	: 	: 	: 	: 	: 	44.26 	47.68 	53.41 	55.74 	59.51 	63.41 	57.51 	66.10 	71.39 	73.66 	76.34 	76.89 	78.61 	79.96 	82.63 
A,I_IDAY,PC_IND,HR03	: 	: 	: 	: 	: 	47.19 	51.58 	54.86 	56.38 	64.28 	63.16 	55.87 	71.55 	76.39 	74.40 	78.25 	75.23 	78.80 	82.73 	81.13 
A,I_IDAY,PC_IND,HR04	: 	: 	: 	: 	: 	42.94 	45.93 	52.72 	55.42 	57.34 	63.52 	58.20 	63.54 	68.91 	73.29 	: 	: 	: 	: 	: 
A,I_IDAY,PC_IND,HR05	: 	: 	: 	: 	: 	: 	: 	: 	: 	: 	: 	: 	: 	: 	: 	87.82 	84.68 	88.16 	87.72 	90.14 
A,I_IDAY,PC_IND,HR06	: 	: 	: 	: 	: 	: 	: 	: 	: 	: 	: 	: 	: 	: 	: 	70.25 	73.00 	76.37 	75.93 	79.32 
A,I_IDAY,PC_IND,HU	28.45 	36.61 	41.99 	44.91 	48.16 	55.04 	57.63 	61.70 	65.61 	63.14 	70.68 	68.68 	68.69 	75.21 	78.58 	82.29 	85.00 	88.28 	90.36 	86.51 
A,I_IDAY,PC_IND,HU1	: 	: 	: 	: 	: 	64.72 	67.73 	72.02 	74.80 	70.57 	80.18 	75.47 	75.67 	80.78 	85.59 	89.64 	91.38 	93.37 	94.87 	90.08 
A,I_IDAY,PC_IND,HU10	: 	: 	: 	: 	: 	64.72 	67.73 	72.02 	74.80 	70.57 	80.18 	75.47 	: 	: 	: 	: 	: 	: 	: 	: 
A,I_IDAY,PC_IND,HU11	: 	: 	: 	: 	: 	: 	: 	: 	: 	: 	: 	: 	80.59 	83.05 	89.14 	92.14 	94.01 	95.40 	96.43 	92.15 
A,I_IDAY,PC_IND,HU12	: 	: 	: 	: 	: 	: 	: 	: 	: 	: 	: 	: 	68.90 	77.69 	80.85 	86.47 	88.16 	90.79 	92.88 	87.43 
A,I_IDAY,PC_IND,HU2	: 	: 	: 	: 	: 	53.09 	55.67 	60.04 	65.72 	63.50 	68.96 	68.34 	67.56 	74.63 	78.28 	81.24 	84.10 	87.72 	90.28 	86.48 
A,I_IDAY,PC_IND,HU21	: 	: 	: 	: 	: 	55.46 	58.03 	63.43 	67.60 	65.04 	72.06 	73.52 	74.66 	79.58 	78.54 	80.22 	85.36 	89.10 	92.00 	89.06 
A,I_IDAY,PC_IND,HU22	: 	: 	: 	: 	: 	53.91 	54.59 	60.11 	68.07 	64.70 	68.68 	65.25 	63.25 	71.39 	78.15 	81.97 	83.21 	87.49 	89.80 	85.01 
A,I_IDAY,PC_IND,HU23	: 	: 	: 	: 	: 	49.43 	54.06 	55.98 	60.95 	60.37 	65.58 	65.63 	63.89 	72.30 	78.10 	81.68 	83.58 	86.26 	88.72 	84.98 
A,I_IDAY,PC_IND,HU3	: 	: 	: 	: 	: 	49.45 	51.63 	55.22 	58.56 	57.18 	64.69 	63.66 	64.09 	71.23 	73.20 	77.19 	80.52 	84.57 	86.69 	83.51 
A,I_IDAY,PC_IND,HU31	: 	: 	: 	: 	: 	49.11 	50.08 	55.28 	55.59 	58.60 	65.70 	62.90 	62.61 	70.82 	71.54 	76.34 	78.76 	85.67 	85.71 	84.17 
A,I_IDAY,PC_IND,HU32	: 	: 	: 	: 	: 	48.56 	49.66 	52.79 	57.97 	54.47 	62.73 	61.87 	64.36 	70.56 	74.31 	75.99 	80.38 	82.94 	87.67 	82.95 
A,I_IDAY,PC_IND,HU33	: 	: 	: 	: 	: 	50.76 	55.27 	57.93 	61.94 	59.02 	66.06 	66.45 	65.10 	72.38 	73.40 	79.36 	82.24 	85.51 	86.43 	83.58 
A,I_IDAY,PC_IND,IE	25.34 	32.41 	38.80 	40.44 	47.05 	55.12 	58.24 	61.27 	64.64 	66.97 	69.57 	70.18 	73.84 	82.51 	83.72 	94.65 b	89.80 	90.93 	98.26 	99.29 
A,I_IDAY,PC_IND,IE0	: 	: 	: 	: 	: 	55.12 	58.24 	61.27 	64.64 	66.97 	69.57 	70.18 	73.84 	82.51 	83.72 	94.65 b	89.80 	90.93 	98.26 	99.29 
A,I_IDAY,PC_IND,IE01	: 	: 	: 	: 	: 	48.04 	52.66 	54.79 	58.60 	60.81 	59.70 	61.15 	: 	: 	: 	: 	: 	: 	: 	: 
A,I_IDAY,PC_IND,IE02	: 	: 	: 	: 	: 	57.69 	60.27 	63.60 	66.78 	69.11 	72.88 	73.24 	: 	: 	: 	: 	: 	: 	: 	: 
A,I_IDAY,PC_IND,IE04	: 	: 	: 	: 	: 	: 	: 	: 	: 	: 	: 	: 	70.63 	75.60 	60.44 	96.64 b	88.47 	90.70 	98.64 	99.46 
A,I_IDAY,PC_IND,IE05	: 	: 	: 	: 	: 	: 	: 	: 	: 	: 	: 	: 	74.85 	83.27 	88.28 	92.43 b	84.44 	88.74 	97.21 	98.93 
A,I_IDAY,PC_IND,IE06	: 	: 	: 	: 	: 	: 	: 	: 	: 	: 	: 	: 	74.70 	84.43 	92.41 	95.38 b	93.32 	92.57 	98.82 	99.46 
A,I_IDAY,PC_IND,IS	70.68 	73.80 	78.14 	82.08 	84.50 	87.83 	87.86 	90.67 	93.52 	: 	: 	95.78 	96.09 	96.97 	97.64 	97.71 	: 	: 	: 	: 
A,I_IDAY,PC_IND,IS0	: 	: 	: 	: 	: 	87.83 	87.86 	90.67 	93.52 	: 	: 	95.78 	96.09 	96.97 	97.64 	97.71 	: 	: 	: 	: 
A,I_IDAY,PC_IND,IS00	: 	: 	: 	: 	: 	: 	: 	: 	: 	: 	: 	95.78 	96.09 	96.97 	97.64 	97.71 	: 	: 	: 	: 
A,I_IDAY,PC_IND,IT	29.18 	31.42 	35.37 	40.41 	45.74 	48.87 	50.91 	54.44 	58.11 	62.14 	65.87 	68.00 	71.49 	72.79 	75.58 	78.93 	81.93 	84.46 	87.37 	88.50 
A,I_IDAY,PC_IND,ITC	: 	: 	: 	: 	: 	53.86 	56.07 	58.30 	62.28 	66.72 	72.21 	72.20 	75.72 	76.80 	78.76 	81.97 	85.42 	87.41 	90.11 	91.12 
A,I_IDAY,PC_IND,ITC1	: 	: 	: 	: 	: 	51.31 	52.21 	55.00 	58.02 	63.33 	69.03 	70.92 	74.00 	75.76 	78.34 	80.04 	82.44 	86.16 	87.25 	89.29 
A,I_IDAY,PC_IND,ITC2	: 	: 	: 	: 	: 	52.75 	57.46 	59.14 	59.83 	67.87 	68.35 	67.87 	72.63 	74.89 	76.63 	83.86 	81.85 	85.47 	87.12 	91.67 
A,I_IDAY,PC_IND,ITC3	: 	: 	: 	: 	: 	51.16 	57.35 	58.42 	63.82 	66.94 	69.12 	75.59 	75.75 	74.75 	79.09 	84.16 	83.94 	86.76 	89.96 	91.70 
A,I_IDAY,PC_IND,ITC4	: 	: 	: 	: 	: 	55.42 	57.57 	59.72 	63.98 	68.16 	74.08 	72.29 	76.49 	77.59 	78.92 	82.44 	86.94 	88.05 	91.37 	91.80 
A,I_IDAY,PC_IND,ITF	: 	: 	: 	: 	: 	40.79 	40.80 	45.30 	49.17 	54.05 	56.87 	59.72 	63.77 	64.29 	67.84 	72.99 	75.02 	78.55 	81.43 	82.93 
A,I_IDAY,PC_IND,ITF1	: 	: 	: 	: 	: 	50.08 	46.25 	53.31 	53.15 	62.90 	66.48 	67.57 	69.63 	70.06 	71.89 	77.58 	81.10 	85.79 	87.39 	88.17 
A,I_IDAY,PC_IND,ITF2	: 	: 	: 	: 	: 	45.22 	45.16 	47.49 	52.79 	54.18 	62.96 	65.41 	65.19 	63.60 	68.19 	71.59 	79.18 	82.43 	82.25 	85.78 
A,I_IDAY,PC_IND,ITF3	: 	: 	: 	: 	: 	41.97 	39.32 	42.51 	49.48 	53.35 	55.69 	60.20 	62.03 	64.23 	68.48 	74.34 	75.23 	76.54 	78.30 	82.36 
A,I_IDAY,PC_IND,ITF4	: 	: 	: 	: 	: 	36.35 	40.42 	46.10 	47.91 	53.48 	55.69 	57.65 	64.87 	63.22 	66.75 	70.08 	75.53 	81.09 	85.08 	83.71 
A,I_IDAY,PC_IND,ITF5	: 	: 	: 	: 	: 	38.58 	38.06 	49.40 	47.58 	53.55 	59.88 	60.83 	67.04 	64.82 	66.30 	73.79 	76.34 	77.40 	84.42 	82.70 
A,I_IDAY,PC_IND,ITF6	: 	: 	: 	: 	: 	40.24 	42.37 	44.85 	48.08 	51.53 	54.56 	56.24 	61.61 	62.76 	65.79 	71.84 	67.95 	74.07 	78.27 	78.96 
A,I_IDAY,PC_IND,ITG	: 	: 	: 	: 	: 	40.24 	45.48 	46.89 	52.43 	54.84 	56.64 	61.55 	65.85 	68.86 	69.00 	72.75 	76.69 	79.16 	82.65 	84.93 
A,I_IDAY,PC_IND,ITG1	: 	: 	: 	: 	: 	38.58 	43.85 	44.25 	49.66 	52.64 	54.35 	60.22 	63.26 	68.96 	67.83 	70.25 	75.92 	78.25 	81.62 	83.50 
A,I_IDAY,PC_IND,ITG2	: 	: 	: 	: 	: 	45.02 	50.14 	54.70 	60.45 	61.43 	63.43 	65.46 	73.66 	68.54 	72.50 	80.18 	79.01 	81.85 	85.77 	89.28 
A,I_IDAY,PC_IND,ITH	: 	: 	: 	: 	: 	52.58 	55.96 	60.00 	61.97 	66.87 	69.60 	72.43 	75.67 	77.10 	80.42 	81.99 	86.13 	87.52 	90.62 	90.43 
A,I_IDAY,PC_IND,ITH1	: 	: 	: 	: 	: 	54.13 	55.95 	61.11 	64.53 	62.79 	67.80 	71.05 	77.31 	75.18 	83.74 	82.17 	85.57 	86.14 	88.66 	88.71 
A,I_IDAY,PC_IND,ITH2	: 	: 	: 	: 	: 	56.53 	54.29 	55.98 	63.32 	69.26 	72.67 	71.04 	74.41 	79.73 	80.34 	83.00 	87.15 	87.76 	90.45 	92.64 
A,I_IDAY,PC_IND,ITH3	: 	: 	: 	: 	: 	51.68 	55.73 	58.56 	59.66 	65.98 	70.08 	71.49 	74.55 	74.27 	78.88 	81.03 	85.72 	86.91 	91.07 	88.87 
A,I_IDAY,PC_IND,ITH4	: 	: 	: 	: 	: 	52.44 	54.80 	59.99 	64.76 	68.51 	69.81 	72.43 	74.33 	79.49 	80.11 	81.51 	87.23 	86.38 	91.63 	92.72 
A,I_IDAY,PC_IND,ITH5	: 	: 	: 	: 	: 	: 	56.73 	61.99 	63.32 	67.60 	68.85 	73.82 	77.22 	79.59 	81.84 	83.05 	86.23 	88.61 	90.11 	91.46 
A,I_IDAY,PC_IND,ITI	: 	: 	: 	: 	: 	52.99 	54.02 	58.78 	62.41 	65.24 	69.72 	71.64 	74.15 	75.60 	79.46 	82.29 	83.98 	87.32 	89.98 	91.46 
A,I_IDAY,PC_IND,ITI1	: 	: 	: 	: 	: 	53.99 	53.66 	60.29 	63.29 	66.39 	68.88 	70.32 	76.46 	78.20 	81.38 	82.53 	84.67 	87.62 	90.67 	91.14 
A,I_IDAY,PC_IND,ITI2	: 	: 	: 	: 	: 	51.08 	52.81 	54.10 	58.10 	63.88 	65.79 	69.42 	69.57 	72.91 	77.25 	82.89 	85.26 	86.49 	89.58 	88.15 
A,I_IDAY,PC_IND,ITI3	: 	: 	: 	: 	: 	: 	52.23 	58.75 	58.79 	64.79 	68.50 	72.42 	72.88 	74.79 	75.68 	79.74 	83.78 	84.49 	88.47 	91.01 
A,I_IDAY,PC_IND,ITI4	: 	: 	: 	: 	: 	53.93 	54.94 	58.55 	63.46 	64.84 	71.15 	72.58 	73.68 	74.57 	79.56 	82.69 	83.39 	87.96 	89.99 	92.27 
A,I_IDAY,PC_IND,LT	23.33 	29.57 	38.12 	42.50 	44.91 	46.69 	48.80 	53.06 	56.55 	55.91 	60.40 	63.80 	68.19 	72.60 	74.34 	77.88 	82.30 	83.23 	85.11 	85.03 
A,I_IDAY,PC_IND,LT0	: 	: 	: 	: 	: 	46.69 	48.80 	53.06 	56.55 	55.91 	60.40 	63.80 	68.19 	72.60 	74.34 	77.88 	82.30 	83.23 	85.11 	85.03 
A,I_IDAY,PC_IND,LT00	: 	: 	: 	: 	: 	46.69 	48.80 	53.06 	56.55 	55.91 	60.40 	63.80 	: 	: 	: 	: 	: 	: 	: 	: 
A,I_IDAY,PC_IND,LT01	: 	: 	: 	: 	: 	: 	: 	: 	: 	: 	: 	: 	72.75 	75.35 	80.83 	81.24 	86.51 	88.52 	89.58 	89.16 
A,I_IDAY,PC_IND,LT02	: 	: 	: 	: 	: 	: 	: 	: 	: 	: 	: 	: 	66.34 	71.46 	71.62 	76.45 	80.58 	81.02 	83.19 	83.23 
A,I_IDAY,PC_IND,LU	46.81 	56.32 	65.19 	70.92 	73.84 	75.96 	80.86 	81.60 	87.09 	91.88 	92.72 	90.93 	86.34 b	87.06 	91.73 	93.63 	91.72 	93.13 	94.19 	94.49 
A,I_IDAY,PC_IND,LU0	: 	: 	: 	: 	: 	75.96 	80.86 	81.60 	87.09 	91.88 	92.72 	90.93 	86.34 b	87.06 	91.73 	93.63 	91.72 	93.13 	94.19 	94.49 
A,I_IDAY,PC_IND,LU00	: 	: 	: 	: 	: 	75.96 	80.86 	81.60 	87.09 	91.88 	92.72 	90.93 	86.34 b	87.06 	91.73 	93.63 	91.72 	93.13 	94.19 	94.49 
A,I_IDAY,PC_IND,LV	31.24 	37.18 	42.35 	46.95 	49.44 	53.31 	57.41 	60.18 	61.44 	66.17 	68.17 b	69.82 	73.35 	75.49 	79.50 	83.55 	85.99 	87.44 	89.38 	90.92 
A,I_IDAY,PC_IND,LV0	: 	: 	: 	: 	: 	53.31 	57.41 	60.18 	61.44 	66.17 	68.17 b	69.82 	73.35 	75.49 	79.50 	83.55 	85.99 	87.44 	89.38 	90.92 
A,I_IDAY,PC_IND,LV00	: 	: 	: 	: 	: 	53.31 	57.41 	60.18 	61.44 	66.17 	68.17 b	69.82 	73.35 	75.49 	79.50 	83.55 	85.99 	87.44 	89.38 	90.92 
A,I_IDAY,PC_IND,ME	: 	: 	: 	: 	: 	: 	45.92 	: 	: 	: 	: 	61.56 	62.67 	64.59 	69.09 	74.20 	85.02 	86.40 	87.16 	92.81 
A,I_IDAY,PC_IND,ME0	: 	: 	: 	: 	: 	: 	: 	: 	: 	: 	: 	: 	: 	: 	: 	: 	: 	86.40 	87.16 	92.81 
A,I_IDAY,PC_IND,MK	10.97 	: 	26.90 	37.05 	38.64 	: 	43.93 	52.33 	53.12 	59.62 	61.13 	62.00 	68.67 	72.77 	70.77 	80.48 	: 	: 	88.02 	89.24 
A,I_IDAY,PC_IND,MK0	: 	: 	: 	: 	: 	: 	43.93 	52.33 	53.12 	59.62 	61.13 	62.00 	68.67 	72.77 	70.77 	80.48 	: 	: 	88.02 	89.24 
A,I_IDAY,PC_IND,MK00	: 	: 	: 	: 	: 	: 	43.93 	52.33 	53.12 	59.62 	61.13 	62.00 	68.67 	72.77 	70.77 	: 	: 	: 	: 	: 
A,I_IDAY,PC_IND,MT	25.86 	33.86 	36.40 	45.35 	49.31 	54.95 	57.13 	59.25 	63.29 	69.93 	71.12 	75.95 	77.08 	82.20 	83.22 	84.35 	89.51 	90.40 	92.61 	94.99 
A,I_IDAY,PC_IND,MT0	: 	: 	: 	: 	: 	54.95 	57.13 	59.25 	63.29 	69.93 	71.12 	75.95 	77.08 	82.20 	83.22 	84.35 	89.51 	90.40 	92.61 	94.99 
A,I_IDAY,PC_IND,MT00	: 	: 	: 	: 	: 	54.95 	57.13 	59.25 	63.29 	69.93 	71.12 	75.95 	77.08 	82.20 	83.22 	84.35 	89.51 	90.40 	92.61 	94.99 
A,I_IDAY,PC_IND,NL	61.06 	66.29 	66.62 	72.79 	76.33 	78.75 	80.80 	82.98 	83.99 	85.14 	86.49 	89.72 	90.23 	91.86 	90.71 	91.49 	92.63 	97.67 	98.30 	98.42 
A,I_IDAY,PC_IND,NL1	: 	: 	: 	: 	: 	79.12 	80.10 	81.43 	84.92 	81.06 	88.36 	90.42 	91.57 	89.26 	89.86 	91.63 	92.06 	95.81 	97.34 	99.01 
A,I_IDAY,PC_IND,NL11	: 	: 	: 	: 	: 	80.90 	79.78 	83.97 	87.28 	79.79 	86.88 	91.31 	93.16 	87.13 	90.77 	90.19 	92.60 	94.76 	98.73 	99.20 
A,I_IDAY,PC_IND,NL12	: 	: 	: 	: 	: 	71.44 	77.09 	79.72 	85.05 	83.74 	90.21 	89.64 	93.72 	91.51 	89.97 	91.21 	91.26 	95.30 	97.96 	98.89 
A,I_IDAY,PC_IND,NL13	: 	: 	: 	: 	: 	86.83 	84.49 	80.59 	81.80 	79.11 	87.75 	90.35 	86.74 	88.87 	88.58 	93.95 	92.44 	97.78 	94.80 	98.91 
A,I_IDAY,PC_IND,NL2	: 	: 	: 	: 	: 	76.77 	79.49 	79.82 	82.60 	86.50 	87.74 	87.31 	90.21 	90.94 	92.57 	90.59 	93.02 	97.55 	97.98 	98.39 
A,I_IDAY,PC_IND,NL21	: 	: 	: 	: 	: 	74.30 	79.05 	82.16 	85.57 	86.59 	86.34 	87.53 	91.69 	91.34 	92.05 	90.40 	91.99 	97.26 	98.08 	98.29 
A,I_IDAY,PC_IND,NL22	: 	: 	: 	: 	: 	76.63 	78.57 	77.29 	82.42 	85.65 	87.18 	85.60 	89.04 	91.12 	92.77 	90.42 	93.26 	97.41 	98.16 	98.09 
A,I_IDAY,PC_IND,NL23	: 	: 	: 	: 	: 	84.96 	85.43 	86.04 	75.01 	90.51 	94.41 	95.23 	92.00 	89.00 	92.99 	91.92 	94.60 	98.96 	96.88 	100.00 
A,I_IDAY,PC_IND,NL3	: 	: 	: 	: 	: 	80.32 	82.96 	85.28 	85.99 	85.48 	86.79 	91.20 	90.82 	93.03 	90.59 	92.53 	92.56 	98.00 	98.70 	98.52 
A,I_IDAY,PC_IND,NL31	: 	: 	: 	: 	: 	81.54 	87.65 	89.62 	90.09 	86.80 	93.61 	92.81 	92.32 	96.48 	92.68 	92.92 	92.95 	98.71 	: 	: 
A,I_IDAY,PC_IND,NL32	: 	: 	: 	: 	: 	84.60 	85.68 	87.48 	86.85 	86.20 	85.50 	92.39 	91.37 	94.15 	92.09 	92.71 	93.63 	98.09 	99.00 	98.28 
A,I_IDAY,PC_IND,NL33	: 	: 	: 	: 	: 	77.13 	79.32 	82.06 	84.29 	84.90 	85.99 	89.69 	89.81 	91.60 	88.80 	91.83 	91.23 	97.69 	: 	: 
A,I_IDAY,PC_IND,NL34	: 	: 	: 	: 	: 	76.12 	82.14 	85.48 	82.23 	81.32 	81.13 	91.39 	91.27 	86.55 	89.50 	96.55 	95.95 	97.83 	99.28 	98.86 
A,I_IDAY,PC_IND,NL35	: 	: 	: 	: 	: 	: 	: 	: 	: 	: 	: 	: 	: 	: 	: 	: 	: 	: 	99.23 	98.79 
A,I_IDAY,PC_IND,NL36	: 	: 	: 	: 	: 	: 	: 	: 	: 	: 	: 	: 	: 	: 	: 	: 	: 	: 	98.20 	98.57 
A,I_IDAY,PC_IND,NL4	: 	: 	: 	: 	: 	77.05 	77.69 	81.73 	80.49 	84.97 	83.73 	88.46 	88.30 	91.36 	89.52 	89.96 	92.66 	97.87 	98.15 	97.96 
A,I_IDAY,PC_IND,NL41	: 	: 	: 	: 	: 	75.92 	78.54 	82.02 	81.78 	85.03 	84.81 	89.01 	88.84 	91.37 	89.23 	91.00 	93.20 	97.96 	98.45 	98.25 
A,I_IDAY,PC_IND,NL42	: 	: 	: 	: 	: 	79.40 	75.84 	81.10 	77.70 	84.83 	81.35 	87.22 	87.06 	91.35 	90.17 	87.58 	91.40 	97.66 	97.45 	97.29 
A,I_IDAY,PC_IND,NO	58.74 	65.87 	72.21 	76.27 	81.48 	82.49 	86.44 	85.09 	89.23 	88.66 	92.27 	91.60 	93.43 	94.81 	94.14 	95.36 	96.30 	95.48 	95.41 	94.98 
A,I_IDAY,PC_IND,NO0	: 	: 	: 	: 	: 	82.49 	86.44 	85.09 	89.23 	88.66 	92.27 	91.60 	93.43 	94.81 	94.14 	95.36 	96.30 	95.48 	95.41 	94.98 
A,I_IDAY,PC_IND,NO01	: 	: 	: 	: 	: 	88.54 	87.07 	88.73 	92.48 	90.54 	94.19 	96.29 	96.23 	97.77 	97.36 	: 	: 	: 	: 	: 
A,I_IDAY,PC_IND,NO02	: 	: 	: 	: 	: 	79.06 	78.20 	78.14 	79.42 	87.57 	90.09 	93.00 	92.73 	95.34 	86.61 	93.12 	95.17 	92.24 	92.39 	95.05 
A,I_IDAY,PC_IND,NO03	: 	: 	: 	: 	: 	79.07 	85.40 	83.73 	89.40 	87.78 	88.31 	91.04 	90.39 	92.44 	93.37 	: 	: 	: 	: 	: 
A,I_IDAY,PC_IND,NO04	: 	: 	: 	: 	: 	79.88 	89.62 	84.26 	90.26 	85.39 	92.38 	89.02 	93.77 	97.07 	91.56 	: 	: 	: 	: 	: 
A,I_IDAY,PC_IND,NO05	: 	: 	: 	: 	: 	78.94 	87.27 	87.18 	86.62 	90.29 	92.73 	91.51 	92.75 	94.55 	94.34 	: 	: 	: 	: 	: 
A,I_IDAY,PC_IND,NO06	: 	: 	: 	: 	: 	90.19 	89.24 	83.25 	84.58 	90.74 	96.99 	90.19 	92.80 	90.96 	94.85 	96.50 	94.92 	95.26 	97.34 	94.20 
A,I_IDAY,PC_IND,NO07	: 	: 	: 	: 	: 	75.98 	85.23 	83.72 	94.36 	85.84 	91.80 	83.63 	93.00 	91.47 	93.80 	94.19 	96.24 	91.86 	94.00 	94.64 
A,I_IDAY,PC_IND,NO08	: 	: 	: 	: 	: 	: 	: 	: 	: 	: 	: 	: 	: 	: 	: 	96.99 	97.33 	96.31 	96.75 	96.21 
A,I_IDAY,PC_IND,NO09	: 	: 	: 	: 	: 	: 	: 	: 	: 	: 	: 	: 	: 	: 	: 	95.30 	94.78 	95.75 	92.91 	95.06 
A,I_IDAY,PC_IND,NO0A	: 	: 	: 	: 	: 	: 	: 	: 	: 	: 	: 	: 	: 	: 	: 	93.52 	96.45 	96.37 	95.35 	93.46 
A,I_IDAY,PC_IND,PL	21.95 	26.87 	32.10 	39.00 	42.11 	45.49 	46.42 	47.23 	50.73 	52.31 	57.16 	61.13 	63.91 	68.18 	72.34 	73.67 	80.32 	79.51 	83.91 	84.85 
A,I_IDAY,PC_IND,PL1	: 	: 	: 	: 	: 	49.66 	51.63 	49.21 	53.12 	55.70 	59.62 	63.92 	: 	: 	: 	: 	: 	: 	: 	: 
A,I_IDAY,PC_IND,PL2	: 	: 	: 	: 	: 	46.34 	48.56 	48.60 	49.77 	51.65 	59.40 	62.58 	65.09 	68.43 	72.90 	72.46 	82.00 	84.23 	86.59 	86.30 
A,I_IDAY,PC_IND,PL21	: 	: 	: 	: 	: 	: 	: 	: 	: 	: 	: 	: 	: 	: 	: 	: 	: 	82.86 	81.68 	85.65 
A,I_IDAY,PC_IND,PL22	: 	: 	: 	: 	: 	: 	: 	: 	: 	: 	: 	: 	: 	: 	: 	: 	: 	85.34 	90.05 	86.86 
A,I_IDAY,PC_IND,PL3	: 	: 	: 	: 	: 	39.08 	38.73 	41.38 	45.38 	47.52 	50.98 	54.22 	: 	: 	: 	: 	: 	: 	: 	: 
A,I_IDAY,PC_IND,PL4	: 	: 	: 	: 	: 	44.72 	43.11 	44.75 	48.20 	53.71 	58.49 	59.79 	63.53 	66.86 	70.21 	72.59 	79.27 	77.29 	84.47 	85.23 
A,I_IDAY,PC_IND,PL41	: 	: 	: 	: 	: 	: 	: 	: 	: 	: 	: 	: 	: 	: 	: 	: 	: 	78.39 	85.54 	86.16 
A,I_IDAY,PC_IND,PL42	: 	: 	: 	: 	: 	: 	: 	: 	: 	: 	: 	: 	: 	: 	: 	: 	: 	74.25 	80.78 	81.22 
A,I_IDAY,PC_IND,PL43	: 	: 	: 	: 	: 	: 	: 	: 	: 	: 	: 	: 	: 	: 	: 	: 	: 	76.96 	85.10 	86.88 
A,I_IDAY,PC_IND,PL5	: 	: 	: 	: 	: 	49.11 	45.83 	47.57 	55.59 	56.37 	59.31 	64.43 	64.64 	72.40 	76.23 	79.46 	82.54 	82.04 	84.00 	89.66 
A,I_IDAY,PC_IND,PL51	: 	: 	: 	: 	: 	: 	: 	: 	: 	: 	: 	: 	: 	: 	: 	: 	: 	83.94 	85.31 	91.75 
A,I_IDAY,PC_IND,PL52	: 	: 	: 	: 	: 	: 	: 	: 	: 	: 	: 	: 	: 	: 	: 	: 	: 	74.23 	78.43 	82.83 
A,I_IDAY,PC_IND,PL6	: 	: 	: 	: 	: 	44.40 	48.54 	52.04 	55.12 	49.56 	55.63 	63.02 	67.54 	68.18 	74.75 	79.07 	83.98 	78.43 	83.89 	85.64 
A,I_IDAY,PC_IND,PL61	: 	: 	: 	: 	: 	: 	: 	: 	: 	: 	: 	: 	: 	: 	: 	: 	: 	78.10 	85.22 	86.72 
A,I_IDAY,PC_IND,PL62	: 	: 	: 	: 	: 	: 	: 	: 	: 	: 	: 	: 	: 	: 	: 	: 	: 	72.00 	78.39 	81.15 
A,I_IDAY,PC_IND,PL63	: 	: 	: 	: 	: 	: 	: 	: 	: 	: 	: 	: 	: 	: 	: 	: 	: 	83.58 	85.73 	87.02 
A,I_IDAY,PC_IND,PL7	: 	: 	: 	: 	: 	: 	: 	: 	: 	: 	: 	: 	58.65 	66.80 	67.62 	67.67 	77.80 	73.95 	82.45 	80.45 
A,I_IDAY,PC_IND,PL71	: 	: 	: 	: 	: 	: 	: 	: 	: 	: 	: 	: 	: 	: 	: 	: 	: 	78.25 	85.92 	81.63 
A,I_IDAY,PC_IND,PL72	: 	: 	: 	: 	: 	: 	: 	: 	: 	: 	: 	: 	: 	: 	: 	: 	: 	67.97 	76.46 	78.57 
A,I_IDAY,PC_IND,PL8	: 	: 	: 	: 	: 	: 	: 	: 	: 	: 	: 	: 	58.48 	62.93 	64.15 	65.10 	72.84 	74.21 	78.11 	78.97 
A,I_IDAY,PC_IND,PL81	: 	: 	: 	: 	: 	: 	: 	: 	: 	: 	: 	: 	: 	: 	: 	: 	: 	74.97 	79.51 	78.78 
A,I_IDAY,PC_IND,PL82	: 	: 	: 	: 	: 	: 	: 	: 	: 	: 	: 	: 	: 	: 	: 	: 	: 	75.26 	78.99 	79.96 
A,I_IDAY,PC_IND,PL84	: 	: 	: 	: 	: 	: 	: 	: 	: 	: 	: 	: 	: 	: 	: 	: 	: 	70.61 	73.59 	77.25 
A,I_IDAY,PC_IND,PL9	: 	: 	: 	: 	: 	: 	: 	: 	: 	: 	: 	: 	67.90 	72.65 	79.77 	81.52 	83.57 	84.91 	87.37 	88.07 
A,I_IDAY,PC_IND,PL91	: 	: 	: 	: 	: 	: 	: 	: 	: 	: 	: 	: 	: 	: 	: 	: 	: 	92.47 	92.70 	94.59 
A,I_IDAY,PC_IND,PL92	: 	: 	: 	: 	: 	: 	: 	: 	: 	: 	: 	: 	: 	: 	: 	: 	: 	77.09 	83.11 	83.92 
A,I_IDAY,PC_IND,PT	22.21 	26.54 	29.47 	33.32 	38.16 	41.56 	44.87 	47.59 	50.99 	55.47 	59.53 	62.62 	63.91 	65.42 	70.44 	74.56 	79.61 	81.11 	84.22 	85.52 
A,I_IDAY,PC_IND,PT1	: 	: 	: 	: 	: 	41.74 	45.03 	47.69 	50.93 	55.56 	59.46 	62.56 	63.86 	65.37 	70.55 	74.62 	79.51 	81.08 	84.30 	85.59 
A,I_IDAY,PC_IND,PT11	: 	: 	: 	: 	: 	36.58 	38.75 	40.77 	45.74 	49.60 	53.77 	56.75 	58.13 	59.38 	66.77 	70.29 	75.13 	76.69 	80.87 	82.80 
A,I_IDAY,PC_IND,PT15	: 	: 	: 	: 	: 	47.15 	46.74 	48.93 	51.04 	58.12 	57.77 	59.15 	64.17 	65.24 	70.47 	75.99 	82.23 	84.39 	87.06 	88.65 
A,I_IDAY,PC_IND,PT16	: 	: 	: 	: 	: 	35.90 	39.53 	42.67 	46.88 	51.48 	53.99 	59.42 	62.43 	64.38 	67.96 	71.96 	77.92 	79.50 	: 	: 
A,I_IDAY,PC_IND,PT17	: 	: 	: 	: 	: 	54.20 	59.06 	61.97 	62.66 	67.90 	72.02 	74.19 	73.04 	75.44 	78.25 	83.37 	86.68 	88.13 	: 	: 
A,I_IDAY,PC_IND,PT18	: 	: 	: 	: 	: 	36.09 	40.10 	43.12 	45.05 	49.89 	58.10 	59.00 	61.84 	59.76 	68.02 	70.06 	77.42 	79.17 	: 	: 
A,I_IDAY,PC_IND,PT19	: 	: 	: 	: 	: 	: 	: 	: 	: 	: 	: 	: 	: 	: 	: 	: 	: 	: 	80.98 	81.50 
A,I_IDAY,PC_IND,PT1A	: 	: 	: 	: 	: 	: 	: 	: 	: 	: 	: 	: 	: 	: 	: 	: 	: 	: 	90.76 	91.37 
A,I_IDAY,PC_IND,PT1B	: 	: 	: 	: 	: 	: 	: 	: 	: 	: 	: 	: 	: 	: 	: 	: 	: 	: 	91.46 	90.41 
A,I_IDAY,PC_IND,PT1C	: 	: 	: 	: 	: 	: 	: 	: 	: 	: 	: 	: 	: 	: 	: 	: 	: 	: 	82.21 	83.79 
A,I_IDAY,PC_IND,PT1D	: 	: 	: 	: 	: 	: 	: 	: 	: 	: 	: 	: 	: 	: 	: 	: 	: 	: 	82.63 	86.09 
A,I_IDAY,PC_IND,PT2	: 	: 	: 	: 	: 	36.82 	41.63 	46.00 	53.91 	56.46 	60.98 	61.73 	64.51 	66.74 	67.73 	71.04 	81.50 	80.90 	83.06 	83.90 
A,I_IDAY,PC_IND,PT20	: 	: 	: 	: 	: 	36.82 	41.63 	46.00 	53.91 	56.46 	60.98 	61.73 	64.51 	66.74 	67.73 	71.04 	81.50 	80.90 	83.06 	83.90 
A,I_IDAY,PC_IND,PT3	: 	: 	: 	: 	: 	39.07 	41.36 	45.19 	50.44 	50.92 	60.73 	65.81 	64.93 	65.85 	68.95 	75.70 	81.26 	82.58 	82.31 	84.64 
A,I_IDAY,PC_IND,PT30	: 	: 	: 	: 	: 	39.07 	41.36 	45.19 	50.44 	50.92 	60.73 	65.81 	64.93 	65.85 	68.95 	75.70 	81.26 	82.58 	82.31 	84.64 
A,I_IDAY,PC_IND,RO	8.76 	11.98 	15.37 	18.67 	20.71 	23.77 	28.70 	32.20 	32.46 b	36.63 	42.41 	46.73 	53.38 	56.70 	62.09 	68.81 	77.17 	82.07 	85.31 	88.18 
A,I_IDAY,PC_IND,RO1	: 	: 	: 	: 	: 	21.98 	26.18 	29.95 	31.89 b	37.93 	44.23 	48.13 	55.90 	61.08 	65.90 	73.78 	81.17 	82.77 	88.85 	89.55 
A,I_IDAY,PC_IND,RO11	: 	: 	: 	: 	: 	21.40 	27.96 	31.43 	31.86 b	38.09 	44.62 	50.31 	61.35 	64.86 	66.34 	75.13 	81.68 	84.25 	91.26 	89.98 
A,I_IDAY,PC_IND,RO12	: 	: 	: 	: 	: 	22.62 	24.26 	28.34 	31.91 b	37.76 	43.80 	45.68 	49.83 	56.86 	65.41 	72.28 	80.60 	81.10 	86.17 	89.07 
A,I_IDAY,PC_IND,RO2	: 	: 	: 	: 	: 	22.69 	26.73 	29.63 	30.12 b	30.63 	36.47 	41.55 	45.20 	50.92 	56.91 	64.14 	72.11 	80.53 	82.11 	87.59 
A,I_IDAY,PC_IND,RO21	: 	: 	: 	: 	: 	22.13 	25.25 	27.35 	30.10 b	30.21 	33.31 	39.58 	44.65 	49.36 	54.77 	64.27 	70.87 	81.55 	83.26 	88.75 
A,I_IDAY,PC_IND,RO22	: 	: 	: 	: 	: 	23.41 	28.64 	32.56 	30.13 b	31.16 	40.51 	44.07 	45.92 	52.95 	59.69 	63.96 	73.73 	79.18 	80.60 	86.02 
A,I_IDAY,PC_IND,RO3	: 	: 	: 	: 	: 	28.29 	33.80 	37.38 	38.09 b	42.59 	46.63 	50.81 	58.92 	58.21 	63.04 	70.55 	79.52 	82.40 	85.41 	87.56 
A,I_IDAY,PC_IND,RO31	: 	: 	: 	: 	: 	21.38 	26.20 	24.07 	25.72 b	33.33 	35.91 	40.80 	48.59 	54.08 	59.39 	64.85 	72.11 	76.11 	82.62 	86.39 
A,I_IDAY,PC_IND,RO32	: 	: 	: 	: 	: 	38.02 	44.46 	55.95 	54.08 b	54.52 	60.32 	63.47 	70.94 	63.28 	67.19 	77.42 	87.51 	90.11 	88.69 	88.98 
A,I_IDAY,PC_IND,RO4	: 	: 	: 	: 	: 	21.67 	28.14 	32.11 	28.75 b	35.41 	42.80 	46.72 	54.00 	57.31 	63.23 	66.64 	75.85 	83.02 	85.17 	88.12 
A,I_IDAY,PC_IND,RO41	: 	: 	: 	: 	: 	20.03 	23.97 	31.11 	26.24 b	30.64 	38.36 	42.04 	48.90 	54.78 	57.44 	62.16 	74.70 	81.71 	81.20 	87.73 
A,I_IDAY,PC_IND,RO42	: 	: 	: 	: 	: 	23.57 	32.94 	33.25 	31.49 b	40.60 	47.63 	51.79 	59.49 	60.01 	68.67 	71.42 	77.06 	84.48 	89.38 	88.56 
A,I_IDAY,PC_IND,RS	: 	14.97 	: 	25.04 	: 	: 	: 	: 	: 	54.56 	: 	62.02 	67.67 	72.19 	72.71 	74.95 	81.51 	82.78 	84.47 	87.14 
A,I_IDAY,PC_IND,RS1	: 	: 	: 	: 	: 	: 	: 	: 	: 	: 	: 	: 	: 	77.10 	75.60 	74.27 	90.41 	86.47 	88.14 	89.28 
A,I_IDAY,PC_IND,RS11	: 	: 	: 	: 	: 	: 	: 	: 	: 	: 	: 	: 	: 	84.26 	84.77 	72.91 	93.42 	90.03 	91.30 	92.90 
A,I_IDAY,PC_IND,RS12	: 	: 	: 	: 	: 	: 	: 	: 	: 	: 	: 	: 	: 	71.98 	68.09 	75.19 	87.69 	83.58 	85.56 	85.87 
A,I_IDAY,PC_IND,RS2	: 	: 	: 	: 	: 	: 	: 	: 	: 	: 	: 	: 	: 	67.75 	70.27 	75.55 	75.09 	79.28 	80.62 	84.85 
A,I_IDAY,PC_IND,RS21	: 	: 	: 	: 	: 	: 	: 	: 	: 	: 	: 	: 	: 	68.45 	70.76 	78.41 	79.26 	80.11 	80.36 	83.53 
A,I_IDAY,PC_IND,RS22	: 	: 	: 	: 	: 	: 	: 	: 	: 	: 	: 	: 	: 	66.90 	69.58 	72.26 	69.23 	78.31 	80.97 	86.50 
A,I_IDAY,PC_IND,SE	60.99 	58.22 	68.65 	73.04 	76.42 	80.39 	79.72 	81.03 	82.58 	81.98 	85.06 b	90.07 	87.84 	91.42 	92.23 	92.03 	94.56 	95.21 	95.92 	96.44 
A,I_IDAY,PC_IND,SE1	: 	: 	: 	: 	: 	84.42 	82.08 	85.37 	85.18 	84.58 	85.52 b	91.56 	89.47 	91.69 	93.18 	93.21 	95.21 	96.40 	96.08 	95.69 
A,I_IDAY,PC_IND,SE11	: 	: 	: 	: 	: 	87.56 	83.78 	88.05 	84.98 	86.81 	88.00 b	92.28 	90.73 	92.67 	94.84 	93.84 	96.23 	96.99 	95.59 	95.59 
A,I_IDAY,PC_IND,SE12	: 	: 	: 	: 	: 	80.20 	79.77 	81.49 	85.43 	81.65 	82.58 b	90.78 	87.84 	90.13 	90.94 	92.29 	93.91 	95.59 	96.78 	95.81 
A,I_IDAY,PC_IND,SE2	: 	: 	: 	: 	: 	77.41 	77.54 	79.11 	83.29 	81.12 	85.63 b	88.79 	87.74 	90.74 	92.63 	91.76 	95.77 	94.13 	96.20 	97.21 
A,I_IDAY,PC_IND,SE21	: 	: 	: 	: 	: 	74.29 	70.90 	74.83 	80.98 	79.22 	81.63 b	85.38 	85.51 	93.62 	93.29 	90.01 	96.64 	93.14 	94.63 	97.23 
A,I_IDAY,PC_IND,SE22	: 	: 	: 	: 	: 	81.26 	77.30 	81.82 	80.56 	83.06 	86.92 b	88.74 	92.13 	90.24 	92.01 	90.55 	96.71 	92.71 	96.75 	96.03 
A,I_IDAY,PC_IND,SE23	: 	: 	: 	: 	: 	76.22 	80.45 	79.11 	85.99 	80.71 	86.31 b	90.62 	85.75 	89.96 	92.75 	93.31 	94.75 	95.76 	96.54 	97.99 
A,I_IDAY,PC_IND,SE3	: 	: 	: 	: 	: 	79.12 	79.46 	76.36 	75.58 	78.22 	82.37 b	89.81 	84.19 	92.42 	88.76 	89.98 	89.58 	95.30 	94.84 	96.36 
A,I_IDAY,PC_IND,SE31	: 	: 	: 	: 	: 	79.24 	75.37 	73.09 	72.28 	73.72 	82.66 b	85.44 	82.98 	89.45 	86.51 	90.61 	91.30 	96.10 	92.89 	96.96 
A,I_IDAY,PC_IND,SE32	: 	: 	: 	: 	: 	77.54 	76.35 	78.70 u	83.07 	79.47 	82.41 b	93.03 u	86.62 u	94.87 u	90.65 	92.48 	84.04 	93.31 	95.30 	94.70 
A,I_IDAY,PC_IND,SE33	: 	: 	: 	: 	: 	80.06 	87.86 	79.96 	74.36 	85.23 	81.96 b	94.12 	84.30 	94.32 	91.26 	87.31 	90.90 	95.56 	97.26 	96.69 
A,I_IDAY,PC_IND,SI	36.41 	38.26 	40.13 	46.97 	54.46 	54.09 	52.81 	57.98 	57.83 	60.79 	64.42 	68.25 	71.08 	74.17 	76.32 	84.75 	85.64 	86.70 	87.34 	87.97 
A,I_IDAY,PC_IND,SI0	: 	: 	: 	: 	: 	54.09 	52.81 	57.98 	57.83 	60.79 	64.42 	68.25 	71.08 	74.17 	76.32 	84.75 	85.64 	86.70 	87.34 	87.97 
A,I_IDAY,PC_IND,SI01	: 	: 	: 	: 	: 	: 	: 	: 	53.26 	: 	: 	: 	: 	: 	: 	: 	: 	: 	: 	: 
A,I_IDAY,PC_IND,SI02	: 	: 	: 	: 	: 	: 	: 	: 	62.96 	: 	: 	: 	: 	: 	: 	: 	: 	: 	: 	: 
A,I_IDAY,PC_IND,SI03	: 	: 	: 	: 	: 	: 	: 	: 	: 	55.21 	60.32 	63.08 	68.47 	69.97 	72.93 	81.22 	83.31 	83.73 	83.99 	85.20 
A,I_IDAY,PC_IND,SI04	: 	: 	: 	: 	: 	: 	: 	: 	: 	67.17 	69.17 	74.16 	74.03 	78.90 	80.11 	88.68 	88.24 	89.99 	91.06 	91.04 
A,I_IDAY,PC_IND,SK	26.38 	32.81 	44.34 	49.37 	57.61 	56.38 	59.78 	61.17 	62.44 	60.42 	67.52 	69.37 	67.85 	75.76 	79.88 	80.01 	82.82 	82.15 	84.98 	87.43 
A,I_IDAY,PC_IND,SK0	: 	: 	: 	: 	: 	56.38 	59.78 	61.17 	62.44 	60.42 	67.52 	69.37 	67.85 	75.76 	79.88 	80.01 	82.82 	82.15 	84.98 	87.43 
A,I_IDAY,PC_IND,SK01	: 	: 	: 	: 	: 	64.18 	68.23 	67.13 	68.26 	67.06 	67.89 	68.51 	68.21 	75.32 	84.55 	89.51 	88.20 	87.70 	88.10 	92.93 
A,I_IDAY,PC_IND,SK02	: 	: 	: 	: 	: 	54.55 	59.60 	60.57 	62.03 	61.80 	68.25 	69.85 	69.61 	79.45 	79.76 	79.26 	82.34 	79.26 	84.57 	85.90 
A,I_IDAY,PC_IND,SK03	: 	: 	: 	: 	: 	54.32 	51.38 	54.88 	59.83 	54.45 	64.23 	66.39 	66.04 	71.32 	79.19 	78.65 	80.86 	82.78 	86.56 	88.14 
A,I_IDAY,PC_IND,SK04	: 	: 	: 	: 	: 	57.04 	64.12 	65.38 	62.87 	61.26 	69.34 	71.69 	67.17 	75.39 	78.67 	78.11 	82.58 	82.47 	82.69 	86.07 
A,I_IDAY,PC_IND,TR	: 	15.98 	19.14 	20.15 	22.29 	: 	26.71 	29.74 	34.54 	40.06 	48.69 	56.85 	62.97 	67.18 	70.84 	76.51 	80.02 	82.31 	84.24 	87.13 
A,I_IDAY,PC_IND,TR1	: 	: 	: 	: 	: 	: 	38.09 	42.74 	46.33 	52.92 	61.25 	71.56 	75.46 	82.06 	82.43 	87.48 	90.15 	91.37 	92.91 	95.13 
A,I_IDAY,PC_IND,TR2	: 	: 	: 	: 	: 	: 	23.88 	30.51 	34.18 	43.19 	48.43 	54.36 	60.49 	63.87 	70.17 	70.54 	78.55 	80.81 	82.90 	85.17 
A,I_IDAY,PC_IND,TR3	: 	: 	: 	: 	: 	: 	29.34 	30.32 	35.22 	42.76 	48.87 	56.20 	65.44 	68.88 	72.81 	77.10 	78.19 	83.79 	83.68 	85.30 
A,I_IDAY,PC_IND,TR4	: 	: 	: 	: 	: 	: 	31.39 	34.19 	38.70 	44.48 	52.29 	59.41 	66.88 	69.98 	75.16 	79.74 	84.28 	84.67 	88.89 	91.63 
A,I_IDAY,PC_IND,TR5	: 	: 	: 	: 	: 	: 	35.94 	38.87 	37.15 	45.09 	54.35 	66.04 	71.68 	75.85 	79.17 	82.26 	84.25 	85.20 	87.56 	88.57 
A,I_IDAY,PC_IND,TR6	: 	: 	: 	: 	: 	: 	21.57 	25.07 	33.96 	36.18 	48.41 	58.08 	61.29 	64.59 	69.15 	72.90 	80.00 	80.98 	84.44 	85.64 
A,I_IDAY,PC_IND,TR7	: 	: 	: 	: 	: 	: 	20.71 	25.27 	29.07 	34.86 	46.65 	55.69 	58.36 	68.36 	70.92 	72.10 	77.76 	80.56 	80.53 	85.92 
A,I_IDAY,PC_IND,TR8	: 	: 	: 	: 	: 	: 	19.21 	22.06 	27.05 	31.34 	41.23 	50.18 	54.04 	60.82 	62.26 	69.98 	75.11 	73.83 	78.49 	82.26 
A,I_IDAY,PC_IND,TR9	: 	: 	: 	: 	: 	: 	15.39 	23.75 	33.32 	38.48 	42.05 	50.31 	57.87 	56.69 	59.60 	77.11 	74.16 	77.37 	76.84 	80.89 
A,I_IDAY,PC_IND,TRA	: 	: 	: 	: 	: 	: 	13.92 	16.99 	20.63 	17.42 	36.53 	34.40 	37.23 	49.96 	55.56 	57.91 	61.05 	67.22 	67.56 	81.57 
A,I_IDAY,PC_IND,TRB	: 	: 	: 	: 	: 	: 	15.49 	13.91 	20.18 	24.17 	29.79 	36.65 	44.53 	52.05 	55.73 	65.33 	68.99 	70.26 	70.73 	74.65 
A,I_IDAY,PC_IND,TRC	: 	: 	: 	: 	: 	: 	14.69 	15.19 	20.97 	25.26 	32.33 	35.03 	46.60 	45.00 	52.62 	66.85 	68.83 	74.78 	76.72 	82.49 
A,I_IDAY,PC_IND,UK	38.93 	48.05 	53.28 	60.11 	65.63 	69.65 	73.26 	77.96 	81.47 	82.53 	87.73 	85.12 	90.54 	91.46 	93.53 	: 	: 	: 	: 	: 
A,I_IDAY,PC_IND,UKC	: 	: 	: 	: 	: 	53.16 	62.50 	67.03 	79.09 	68.84 	80.25 	77.75 	86.06 	87.89 	86.73 	: 	: 	: 	: 	: 
A,I_IDAY,PC_IND,UKD	: 	: 	: 	: 	: 	70.24 	65.88 	71.64 	77.95 	73.61 	86.91 	82.37 	88.49 	91.38 	91.65 	: 	: 	: 	: 	: 
A,I_IDAY,PC_IND,UKE	: 	: 	: 	: 	: 	65.13 	76.33 	74.96 	77.88 	84.14 	85.11 	82.74 	88.03 	92.57 	91.67 	: 	: 	: 	: 	: 
A,I_IDAY,PC_IND,UKF	: 	: 	: 	: 	: 	68.30 	73.76 	76.37 	80.70 	87.66 	84.74 	83.97 	94.47 	86.15 	89.26 	: 	: 	: 	: 	: 
A,I_IDAY,PC_IND,UKG	: 	: 	: 	: 	: 	68.78 	68.81 	74.96 	81.35 	74.27 	84.90 	80.47 	90.47 	92.00 	93.85 	: 	: 	: 	: 	: 
A,I_IDAY,PC_IND,UKH	: 	: 	: 	: 	: 	70.22 	70.37 	78.87 	78.76 	88.98 	88.98 	86.92 	87.30 	93.19 	94.49 	: 	: 	: 	: 	: 
A,I_IDAY,PC_IND,UKI	: 	: 	: 	: 	: 	77.20 	80.60 	86.87 	87.72 	85.39 	91.84 	89.32 	92.37 	94.62 	98.06 	: 	: 	: 	: 	: 
A,I_IDAY,PC_IND,UKJ	: 	: 	: 	: 	: 	75.59 	78.13 	86.01 	86.10 	87.92 	92.16 	90.09 	91.65 	93.52 	96.09 	: 	: 	: 	: 	: 
A,I_IDAY,PC_IND,UKK	: 	: 	: 	: 	: 	73.69 	77.52 	82.14 	83.85 	81.45 	93.05 	85.58 	94.88 	93.17 	93.69 	: 	: 	: 	: 	: 
A,I_IDAY,PC_IND,UKL	: 	: 	: 	: 	: 	58.07 	67.26 	72.20 	78.25 	78.47 	79.12 	80.60 	92.30 	85.82 	91.40 	: 	: 	: 	: 	: 
A,I_IDAY,PC_IND,UKM	: 	: 	: 	: 	: 	64.83 	72.80 	72.68 	77.62 	78.51 	86.63 	88.09 	89.05 	87.36 	92.89 	: 	: 	: 	: 	: 
A,I_IDAY,PC_IND,UKN	: 	: 	: 	: 	: 	: 	: 	72.54 	78.44 	82.07 	82.62 	78.97 	88.12 	89.84 	: 	: 	: 	: 	: 	: 
A,I_IDAY,PC_IND,XK	: 	: 	: 	: 	: 	: 	: 	: 	: 	: 	: 	75.70 	82.23 	87.46 	92.88 	: 	: 	: 	96.29 	98.04 
A,I_IDAY,PC_IND_IU3,AL	: 	: 	: 	: 	: 	: 	: 	: 	: 	: 	: 	: 	85.37 	87.06 	88.16 	91.69 	98.61 	99.82 	99.67 	99.65 
A,I_IDAY,PC_IND_IU3,AT	64.04 	66.57 	67.67 	67.55 	71.48 	74.76 	75.15 	78.16 	79.24 	81.55 	85.33 	83.77 	86.45 	91.05 	92.97 	87.73 	87.48 	88.53 	88.98 	89.16 
A,I_IDAY,PC_IND_IU3,AT1	: 	: 	: 	: 	: 	79.39 	77.76 	82.65 	80.68 	84.85 	86.73 	86.35 	89.05 	92.84 	95.01 	89.99 	89.18 	90.08 	89.68 	89.32 
A,I_IDAY,PC_IND_IU3,AT11	: 	: 	: 	: 	: 	80.29 	77.17 	79.97 	70.42 	: 	84.02 	82.54 	85.99 	90.88 	91.64 	86.75 	82.60 	84.17 	87.96 	88.61 
A,I_IDAY,PC_IND_IU3,AT12	: 	: 	: 	: 	: 	75.42 	73.46 	77.19 	78.91 	: 	84.15 	83.57 	87.82 	91.42 	94.68 	89.67 	87.93 	87.10 	88.25 	89.22 
A,I_IDAY,PC_IND_IU3,AT13	: 	: 	: 	: 	: 	82.70 	81.48 	87.73 	83.61 	: 	89.27 	89.15 	90.50 	94.33 	95.75 	90.74 	91.13 	93.41 	91.11 	89.51 
A,I_IDAY,PC_IND_IU3,AT2	: 	: 	: 	: 	: 	71.92 	70.35 	73.63 	76.06 	78.78 	84.03 	80.00 	83.78 	89.38 	91.33 	83.47 	84.43 	85.67 	85.68 	88.92 
A,I_IDAY,PC_IND_IU3,AT21	: 	: 	: 	: 	: 	70.42 	67.82 	75.82 	72.11 	: 	83.62 	80.67 	83.71 	86.99 	88.69 	83.92 	84.71 	84.21 	88.84 	86.04 
A,I_IDAY,PC_IND_IU3,AT22	: 	: 	: 	: 	: 	72.63 	71.47 	72.69 	77.83 	: 	84.22 	79.71 	83.81 	90.46 	92.51 	83.26 	84.31 	86.32 	84.25 	90.16 
A,I_IDAY,PC_IND_IU3,AT3	: 	: 	: 	: 	: 	70.65 	74.71 	75.47 	79.22 	79.00 	84.30 	82.72 	84.72 	89.77 	91.34 	87.26 	87.08 	88.22 	89.93 	89.09 
A,I_IDAY,PC_IND_IU3,AT31	: 	: 	: 	: 	: 	67.94 	72.96 	75.33 	78.57 	: 	85.57 	82.86 	83.18 	90.21 	90.45 	87.68 	86.19 	87.07 	92.11 	89.35 
A,I_IDAY,PC_IND_IU3,AT32	: 	: 	: 	: 	: 	67.14 	75.17 	75.12 	78.86 	: 	82.35 	81.80 	86.31 	87.57 	91.30 	87.77 	87.22 	90.68 	87.47 	89.82 
A,I_IDAY,PC_IND_IU3,AT33	: 	: 	: 	: 	: 	76.12 	77.28 	76.79 	78.61 	: 	82.46 	82.78 	84.69 	90.82 	92.73 	87.10 	87.72 	88.97 	88.21 	88.54 
A,I_IDAY,PC_IND_IU3,AT34	: 	: 	: 	: 	: 	75.06 	75.79 	74.00 	83.34 	: 	85.78 	83.38 	88.28 	89.25 	91.90 	85.23 	88.98 	87.60 	88.51 	88.16 
A,I_IDAY,PC_IND_IU3,BA	: 	: 	: 	: 	: 	: 	: 	: 	: 	: 	: 	: 	87.28 	92.89 	92.12 	94.37 	: 	96.41 	98.40 	97.92 
A,I_IDAY,PC_IND_IU3,BE	71.95 	73.37 	74.34 	75.08 	76.61 	79.36 	79.96 	83.14 	83.70 	86.21 	85.70 	86.91 	92.68 	93.69 	92.30 	92.90 	94.30 	94.85 	96.64 	96.94 
A,I_IDAY,PC_IND_IU3,BE1	: 	: 	: 	: 	: 	78.04 	81.54 	81.56 	84.84 	85.02 	85.27 	87.51 	93.69 	94.92 	92.78 	94.40 	95.00 	96.28 	97.42 	96.88 
A,I_IDAY,PC_IND_IU3,BE10	: 	: 	: 	: 	: 	78.04 	81.54 	81.56 	84.84 	85.02 	85.27 	87.51 	93.69 	94.92 	92.78 	94.40 	95.00 	96.28 	97.42 	96.88 
A,I_IDAY,PC_IND_IU3,BE2	: 	: 	: 	: 	: 	80.96 	81.22 	83.95 	84.56 	87.00 	86.70 	87.50 	93.37 	94.02 	92.71 	93.11 	94.54 	95.08 	96.65 	97.18 
A,I_IDAY,PC_IND_IU3,BE21	: 	: 	: 	: 	: 	80.99 	81.21 	83.34 	83.67 	85.39 	86.14 	86.25 	93.42 	92.64 	91.51 	90.51 	94.07 	94.42 	97.38 	98.25 
A,I_IDAY,PC_IND_IU3,BE22	: 	: 	: 	: 	: 	81.29 	80.88 	84.40 	84.38 	87.12 	89.41 	87.76 	92.23 	94.45 	90.77 	94.40 	93.90 	95.53 	97.36 	96.54 
A,I_IDAY,PC_IND_IU3,BE23	: 	: 	: 	: 	: 	79.56 	78.36 	84.79 	85.83 	87.72 	86.43 	88.39 	93.44 	94.31 	94.63 	94.47 	95.87 	95.70 	96.38 	96.34 
A,I_IDAY,PC_IND_IU3,BE24	: 	: 	: 	: 	: 	83.75 	87.24 	87.01 	87.64 	90.29 	86.59 	91.13 	94.37 	94.82 	92.68 	94.53 	95.59 	96.20 	97.67 	96.66 
A,I_IDAY,PC_IND_IU3,BE25	: 	: 	: 	: 	: 	79.74 	79.12 	80.54 	81.61 	85.26 	86.01 	84.70 	93.07 	94.72 	93.53 	93.27 	93.05 	94.07 	94.54 	97.70 
A,I_IDAY,PC_IND_IU3,BE3	: 	: 	: 	: 	: 	76.78 	76.97 	82.10 	81.60 	85.14 	83.93 	85.57 	91.02 	92.65 	91.37 	91.95 	93.63 	93.93 	96.33 	96.53 
A,I_IDAY,PC_IND_IU3,BE31	: 	: 	: 	: 	: 	92.15 	91.11 	83.79 	88.11 	86.56 	89.86 	92.95 	92.70 	96.78 	94.68 	96.49 	96.60 	98.00 	98.74 	98.53 
A,I_IDAY,PC_IND_IU3,BE32	: 	: 	: 	: 	: 	74.08 	73.23 	78.72 	77.33 	86.72 	81.71 	81.19 	91.13 	91.39 	90.18 	89.24 	92.72 	92.10 	97.00 	94.76 
A,I_IDAY,PC_IND_IU3,BE33	: 	: 	: 	: 	: 	74.67 	76.28 	85.92 	83.44 	82.76 	85.04 	87.82 	89.17 	92.13 	92.52 	92.54 	94.83 	93.64 	93.81 	96.92 
A,I_IDAY,PC_IND_IU3,BE34	: 	: 	: 	: 	: 	72.19 	72.80 	79.83 	83.62 	83.76 	82.61 	86.45 	91.29 	94.37 	91.55 	93.29 	91.69 	95.61 	98.70 	97.64 
A,I_IDAY,PC_IND_IU3,BE35	: 	: 	: 	: 	: 	77.53 	77.07 	82.20 	81.79 	85.73 	82.66 	85.33 	93.32 	92.63 	88.89 	93.29 	92.33 	94.76 	96.11 	98.02 
A,I_IDAY,PC_IND_IU3,BG	58.23 	64.46 	65.79 	73.22 	75.15 	78.02 	77.80 	80.11 	82.03 	82.04 	81.70 	85.22 	85.37 	87.96 	88.03 	89.57 	94.61 	95.46 	95.58 	95.23 
A,I_IDAY,PC_IND_IU3,BG3	: 	: 	: 	: 	: 	75.51 	75.04 	76.81 	80.17 	79.97 	80.92 	84.52 	82.95 	86.87 	87.29 	90.51 	94.92 	94.97 	95.12 	94.69 
A,I_IDAY,PC_IND_IU3,BG31	: 	: 	: 	: 	: 	70.68 	73.02 	74.14 	77.35 	77.80 	81.05 	85.24 	86.13 	83.61 	85.73 	89.49 	93.58 	94.23 	95.00 	95.47 
A,I_IDAY,PC_IND_IU3,BG32	: 	: 	: 	: 	: 	75.85 	73.49 	74.42 	78.56 	81.63 	80.32 	84.78 	79.23 	85.79 	84.80 	90.53 	93.15 	92.94 	91.74 	93.01 
A,I_IDAY,PC_IND_IU3,BG33	: 	: 	: 	: 	: 	78.60 	74.47 	76.41 	82.68 	79.08 	81.07 	84.81 	84.94 	88.87 	90.15 	92.25 	95.97 	96.69 	96.63 	96.74 
A,I_IDAY,PC_IND_IU3,BG34	: 	: 	: 	: 	: 	76.22 	77.95 	81.24 	81.28 	80.65 	81.16 	83.48 	81.75 	88.20 	87.49 	89.49 	96.25 	95.46 	96.46 	93.40 
A,I_IDAY,PC_IND_IU3,BG4	: 	: 	: 	: 	: 	80.03 	80.16 	82.92 	83.65 	83.82 	82.41 	85.88 	87.66 	88.98 	88.65 	88.68 	94.34 	95.89 	96.00 	95.72 
A,I_IDAY,PC_IND_IU3,BG41	: 	: 	: 	: 	: 	82.35 	84.31 	86.17 	88.86 	86.38 	85.10 	87.65 	89.62 	92.37 	90.97 	89.43 	96.59 	97.54 	97.38 	96.97 
A,I_IDAY,PC_IND_IU3,BG42	: 	: 	: 	: 	: 	75.13 	72.34 	76.34 	73.66 	78.85 	77.92 	82.83 	84.22 	82.90 	84.41 	87.45 	90.52 	93.07 	93.62 	93.61 
A,I_IDAY,PC_IND_IU3,CH	: 	: 	: 	: 	: 	: 	: 	: 	84.60 	: 	: 	87.54 b	: 	92.24 	: 	93.08 	: 	95.55 	: 	96.03 
A,I_IDAY,PC_IND_IU3,CH0	: 	: 	: 	: 	: 	: 	: 	: 	84.60 	: 	: 	87.54 b	: 	92.24 	: 	93.08 	: 	95.55 	: 	96.03 
A,I_IDAY,PC_IND_IU3,CH01	: 	: 	: 	: 	: 	: 	: 	: 	84.49 	: 	: 	87.72 b	: 	92.08 	: 	91.46 	: 	94.98 	: 	96.16 
A,I_IDAY,PC_IND_IU3,CH02	: 	: 	: 	: 	: 	: 	: 	: 	82.88 	: 	: 	88.67 b	: 	91.13 	: 	92.84 	: 	95.20 	: 	94.25 
A,I_IDAY,PC_IND_IU3,CH03	: 	: 	: 	: 	: 	: 	: 	: 	86.94 	: 	: 	88.89 b	: 	93.03 	: 	93.71 	: 	94.75 	: 	95.23 
A,I_IDAY,PC_IND_IU3,CH04	: 	: 	: 	: 	: 	: 	: 	: 	88.70 	: 	: 	90.10 b	: 	94.57 	: 	94.37 	: 	96.32 	: 	98.20 
A,I_IDAY,PC_IND_IU3,CH05	: 	: 	: 	: 	: 	: 	: 	: 	81.37 	: 	: 	86.08 b	: 	89.36 	: 	93.70 	: 	96.42 	: 	96.10 
A,I_IDAY,PC_IND_IU3,CH06	: 	: 	: 	: 	: 	: 	: 	: 	83.38 	: 	: 	80.48 b	: 	94.16 	: 	92.32 	: 	96.92 	: 	96.55 
A,I_IDAY,PC_IND_IU3,CH07	: 	: 	: 	: 	: 	: 	: 	: 	82.00 	: 	: 	87.29 b	: 	91.77 	: 	93.63 	: 	93.01 	: 	96.34 
A,I_IDAY,PC_IND_IU3,CY	55.51 	61.04 	62.27 	71.38 	77.22 	78.49 	76.85 	81.19 	80.64 	87.53 	90.28 	91.84 	90.95 	92.02 	97.31 	97.58 	98.28 	99.50 	99.28 	99.52 
A,I_IDAY,PC_IND_IU3,CY0	: 	: 	: 	: 	: 	78.49 	76.85 	81.19 	80.64 	87.53 	90.28 	91.84 	90.95 	92.02 	97.31 	97.58 	98.28 	99.50 	99.28 	99.52 
A,I_IDAY,PC_IND_IU3,CY00	: 	: 	: 	: 	: 	78.49 	76.85 	81.19 	80.64 	87.53 	90.28 	91.84 	90.95 	92.02 	97.31 	97.58 	98.28 	99.50 	99.28 	99.52 
A,I_IDAY,PC_IND_IU3,CZ	40.85 	50.04 	51.91 	56.44 	56.63 	57.94 	58.77 	73.32 	75.72 	77.15 	79.26 	80.66 	87.22 b	87.44 	90.59 	90.64 	92.84 	91.98 	92.41 	92.60 
A,I_IDAY,PC_IND_IU3,CZ0	: 	: 	: 	: 	: 	57.94 	58.77 	73.32 	75.72 	77.15 	79.26 	80.66 	87.22 b	87.44 	90.59 	90.64 	92.84 	91.98 	92.41 	92.60 
A,I_IDAY,PC_IND_IU3,CZ01	: 	: 	: 	: 	: 	70.22 	58.24 	77.58 	81.65 	88.46 	85.00 	87.35 	94.26 b	93.22 	97.27 	94.03 	97.86 	95.14 	93.76 	96.48 
A,I_IDAY,PC_IND_IU3,CZ02	: 	: 	: 	: 	: 	62.18 	62.73 	77.13 	75.74 	76.61 	79.02 	82.91 	85.18 b	88.94 	90.52 	90.78 	92.62 	90.63 	92.54 	93.16 
A,I_IDAY,PC_IND_IU3,CZ03	: 	: 	: 	: 	: 	51.29 	56.85 	68.36 	72.77 	75.70 	77.09 	81.06 	86.87 b	86.53 	89.24 	88.32 	89.56 	92.04 	94.03 	90.94 
A,I_IDAY,PC_IND_IU3,CZ04	: 	: 	: 	: 	: 	54.80 	58.44 	70.41 	71.75 	68.07 	73.61 	68.52 	81.62 b	81.95 	92.30 	88.03 	92.43 	93.67 	89.55 	91.38 
A,I_IDAY,PC_IND_IU3,CZ05	: 	: 	: 	: 	: 	58.58 	54.01 	72.77 	76.23 	74.50 	81.16 	75.64 	86.23 b	84.15 	88.17 	88.59 	89.01 	87.49 	90.26 	93.15 
A,I_IDAY,PC_IND_IU3,CZ06	: 	: 	: 	: 	: 	54.64 	61.04 	72.00 	73.74 	77.51 	77.33 	81.04 	85.64 b	87.15 	86.56 	89.97 	93.26 	90.54 	92.24 	91.98 
A,I_IDAY,PC_IND_IU3,CZ07	: 	: 	: 	: 	: 	55.29 	58.89 	71.88 	78.15 	75.66 	81.12 	80.23 	88.60 b	89.38 	93.61 	92.08 	94.58 	93.65 	90.76 	92.37 
A,I_IDAY,PC_IND_IU3,CZ08	: 	: 	: 	: 	: 	55.48 	59.73 	75.65 	75.05 	78.27 	78.89 	87.42 	88.92 b	87.43 	89.36 	93.72 	93.92 	94.40 	95.93 	91.41 
A,I_IDAY,PC_IND_IU3,DE	57.19 	62.96 	67.62 	71.78 	75.30 	77.48 	78.43 	81.44 	83.64 	86.11 	86.77 	88.06 	90.46 	91.54 	93.40 	89.43 b	92.77 	93.32 	94.12 	94.53 
A,I_IDAY,PC_IND_IU3,DE1	: 	: 	: 	: 	: 	76.49 	77.97 	81.04 	81.97 	83.99 	86.14 	86.73 	88.62 	89.55 	91.71 	89.40 b	93.73 	95.55 	95.78 	96.85 
A,I_IDAY,PC_IND_IU3,DE2	: 	: 	: 	: 	: 	77.71 	76.82 	79.74 	82.57 	87.58 	87.01 	87.32 	89.13 	91.77 	93.67 	87.67 b	91.53 	92.62 	92.57 	90.85 
A,I_IDAY,PC_IND_IU3,DE3	: 	: 	: 	: 	: 	78.77 	80.85 	84.13 	86.85 	85.28 	87.17 	90.69 	91.33 	91.51 	93.48 	92.14 b	94.03 	94.37 	94.10 	95.17 
A,I_IDAY,PC_IND_IU3,DE4	: 	: 	: 	: 	: 	67.52 	69.40 	75.14 	74.71 	80.99 	79.20 	78.70 	84.94 	84.98 	85.23 	88.05 b	85.95 	85.93 	88.97 	93.01 
A,I_IDAY,PC_IND_IU3,DE5	: 	: 	: 	: 	: 	82.71 	76.57 	79.07 	90.00 	87.37 	89.49 	83.74 	94.46 	91.43 	94.53 	87.22 b	88.91 	94.75 	98.31 	94.51 
A,I_IDAY,PC_IND_IU3,DE6	: 	: 	: 	: 	: 	87.48 	84.11 	83.25 	91.80 	89.61 	92.11 	91.76 	90.68 	89.23 	94.34 	94.00 b	95.19 	97.20 	98.27 	97.35 
A,I_IDAY,PC_IND_IU3,DE7	: 	: 	: 	: 	: 	78.00 	80.25 	84.12 	85.35 	89.56 	89.31 	90.68 	92.75 	92.64 	94.78 	91.67 b	94.99 	93.54 	94.62 	95.31 
A,I_IDAY,PC_IND_IU3,DE8	: 	: 	: 	: 	: 	70.64 	71.98 	73.41 	73.78 	79.75 	79.59 	86.54 	87.78 	90.30 	93.99 	87.79 b	85.73 	82.98 	91.64 	92.29 
A,I_IDAY,PC_IND_IU3,DE9	: 	: 	: 	: 	: 	78.29 	79.73 	80.45 	86.28 	88.23 	87.55 	89.04 	91.31 	92.53 	94.80 	90.15 b	93.36 	93.59 	95.45 	95.36 
A,I_IDAY,PC_IND_IU3,DEA	: 	: 	: 	: 	: 	79.80 	81.39 	83.76 	85.53 	86.64 	88.72 	90.30 	92.67 	93.37 	94.79 	89.51 b	94.19 	94.52 	95.20 	96.61 
A,I_IDAY,PC_IND_IU3,DEB	: 	: 	: 	: 	: 	77.49 	78.33 	84.11 	86.29 	90.41 	88.91 	90.71 	94.71 	93.91 	94.60 	90.88 b	91.62 	92.59 	94.08 	95.05 
A,I_IDAY,PC_IND_IU3,DEC	: 	: 	: 	: 	: 	78.49 	79.62 	82.42 	82.46 	89.07 	83.83 	88.17 	91.74 	93.41 	94.33 	89.00 b	97.09 	93.54 	88.16 	91.95 
A,I_IDAY,PC_IND_IU3,DED	: 	: 	: 	: 	: 	71.04 	76.12 	80.85 	79.21 	79.18 	79.52 	82.84 	85.54 	88.55 	90.12 	89.48 b	93.16 	93.16 	93.70 	92.25 
A,I_IDAY,PC_IND_IU3,DEE	: 	: 	: 	: 	: 	72.46 	71.98 	77.07 	78.48 	81.99 	85.80 	83.94 	87.75 	89.29 	92.43 	86.15 b	85.70 	88.13 	89.19 	84.96 
A,I_IDAY,PC_IND_IU3,DEF	: 	: 	: 	: 	: 	80.83 	78.03 	78.49 	85.20 	82.93 	83.24 	85.55 	88.87 	90.03 	92.92 	87.63 b	92.35 	93.35 	94.69 	95.96 
A,I_IDAY,PC_IND_IU3,DEG	: 	: 	: 	: 	: 	73.04 	72.79 	80.78 	76.35 	83.74 	85.09 	85.57 	89.03 	91.82 	91.43 	87.90 b	91.04 	90.56 	89.20 	93.20 
A,I_IDAY,PC_IND_IU3,DK	78.91 	81.40 	84.59 	83.89 	86.66 	86.90 	87.26 	89.12 	88.55 	90.61 	92.14 	94.09 	93.94 	94.87 	95.07 	95.74 	95.59 	96.35 	96.74 	96.92 
A,I_IDAY,PC_IND_IU3,DK0	: 	: 	: 	: 	: 	86.90 	87.26 	89.12 	88.55 	90.61 	92.14 	94.09 	93.94 	94.87 	95.07 	95.74 	95.59 	96.35 	96.74 	96.92 
A,I_IDAY,PC_IND_IU3,DK01	: 	: 	: 	: 	: 	89.27 	89.87 	91.12 	91.04 	92.05 	93.11 	95.39 	95.24 	96.97 	96.01 	96.41 	96.82 	97.30 	97.80 	98.18 
A,I_IDAY,PC_IND_IU3,DK02	: 	: 	: 	: 	: 	87.14 	85.92 	87.58 	87.80 	88.43 	90.33 	92.46 	93.30 	93.74 	93.14 	95.15 	95.41 	96.05 	97.29 	94.57 
A,I_IDAY,PC_IND_IU3,DK03	: 	: 	: 	: 	: 	84.47 	84.99 	88.19 	84.96 	90.62 	91.53 	94.92 	92.61 	92.68 	95.62 	94.94 	94.08 	96.35 	95.34 	97.03 
A,I_IDAY,PC_IND_IU3,DK04	: 	: 	: 	: 	: 	86.70 	87.67 	88.26 	89.10 	91.03 	92.81 	93.78 	94.62 	95.94 	95.03 	96.67 	95.33 	96.86 	96.78 	96.72 
A,I_IDAY,PC_IND_IU3,DK05	: 	: 	: 	: 	: 	84.69 	85.55 	89.16 	88.55 	88.18 	91.27 	91.13 	92.07 	92.09 	93.82 	94.02 	95.78 	92.61 	95.29 	96.29 
A,I_IDAY,PC_IND_IU3,EE	65.57 	67.22 	68.01 	76.15 	77.05 	77.46 	76.30 	78.93 	86.18 b	87.52 	88.35 	90.11 	91.57 	92.21 	94.20 	93.35 	94.76 	95.52 	96.08 	95.69 
A,I_IDAY,PC_IND_IU3,EE0	: 	: 	: 	: 	: 	77.46 	76.30 	78.93 	86.18 b	87.52 	88.35 	90.11 	91.57 	92.21 	94.20 	93.35 	94.76 	95.52 	96.08 	95.69 
A,I_IDAY,PC_IND_IU3,EE00	: 	: 	: 	: 	: 	77.46 	76.30 	78.93 	86.18 b	87.52 	88.35 	90.11 	91.57 	92.21 	94.20 	93.35 	94.76 	95.52 	96.08 	95.69 
A,I_IDAY,PC_IND_IU3,EL	44.17 	55.96 	60.36 	64.40 	70.12 	72.03 	73.80 	77.99 	77.28 	81.68 	82.03 	85.03 	84.46 	85.24 	87.95 	89.39 	92.90 	94.13 	95.64 	97.78 
A,I_IDAY,PC_IND_IU3,EL1	: 	: 	: 	: 	: 	67.58 	: 	: 	: 	: 	: 	: 	: 	: 	: 	: 	: 	: 	: 	: 
A,I_IDAY,PC_IND_IU3,EL2	: 	: 	: 	: 	: 	64.30 	: 	: 	: 	: 	: 	: 	: 	: 	: 	: 	: 	: 	: 	: 
A,I_IDAY,PC_IND_IU3,EL3	: 	: 	: 	: 	: 	77.13 	80.00 	82.05 	79.92 	82.49 	84.62 	86.60 	89.78 	87.54 	89.46 	91.22 	94.10 	93.96 	96.00 	97.24 
A,I_IDAY,PC_IND_IU3,EL4	: 	: 	: 	: 	: 	66.27 	65.97 	74.19 	77.97 	85.10 	78.27 	83.85 	83.67 	85.48 	89.07 	85.48 	95.86 	95.96 	97.57 	98.51 
A,I_IDAY,PC_IND_IU3,EL5	: 	: 	: 	: 	: 	: 	75.34 	75.47 	73.50 	81.72 	80.31 	86.29 	83.39 	85.94 	85.25 	88.11 	91.93 	94.92 	95.64 	97.45 
A,I_IDAY,PC_IND_IU3,EL6	: 	: 	: 	: 	: 	: 	60.02 	72.90 	76.89 	78.50 	81.09 	81.04 	76.46 	80.97 	88.22 	89.74 	90.85 	92.59 	94.03 	98.85 
A,I_IDAY,PC_IND_IU3,ES	50.82 	56.61 	59.98 	64.61 	68.65 	70.68 	71.65 	75.17 	78.70 	81.65 	82.91 	81.54 	83.70 	85.55 	89.13 	91.41 	92.20 	94.28 	95.57 	96.01 
A,I_IDAY,PC_IND_IU3,ES1	: 	: 	: 	: 	: 	70.66 	73.82 	77.25 	78.33 	75.27 	80.71 	76.12 	80.94 	81.55 	86.57 	90.54 	89.85 	92.77 	94.10 	94.96 
A,I_IDAY,PC_IND_IU3,ES11	: 	: 	: 	: 	: 	70.01 	72.56 	76.67 	78.91 	73.18 	79.35 	73.79 	80.21 	79.91 	86.00 	90.24 	89.12 	93.23 	93.97 	94.40 
A,I_IDAY,PC_IND_IU3,ES12	: 	: 	: 	: 	: 	70.71 	76.59 	76.79 	77.24 	77.00 	82.23 	80.37 	83.51 	84.11 	88.24 	92.18 	90.90 	91.53 	93.70 	95.68 
A,I_IDAY,PC_IND_IU3,ES13	: 	: 	: 	: 	: 	73.12 	74.83 	80.43 	77.77 	81.03 	83.97 	78.87 	79.46 	84.08 	86.18 	89.05 	91.34 	92.89 	95.34 	96.20 
A,I_IDAY,PC_IND_IU3,ES2	: 	: 	: 	: 	: 	73.22 	71.11 	76.50 	78.34 	81.48 	85.57 	81.54 	83.99 	85.06 	86.77 	89.82 	92.46 	93.07 	94.84 	95.60 
A,I_IDAY,PC_IND_IU3,ES21	: 	: 	: 	: 	: 	73.05 	71.34 	79.53 	79.00 	83.30 	87.71 	82.35 	84.90 	85.08 	84.95 	89.67 	92.50 	92.90 	93.48 	94.89 
A,I_IDAY,PC_IND_IU3,ES22	: 	: 	: 	: 	: 	73.73 	73.56 	72.38 	73.44 	79.74 	87.36 	82.66 	85.56 	84.50 	86.61 	91.92 	92.57 	94.08 	96.28 	97.11 
A,I_IDAY,PC_IND_IU3,ES23	: 	: 	: 	: 	: 	71.96 	75.04 	72.52 	77.50 	82.72 	82.58 	77.76 	79.58 	83.70 	87.28 	88.69 	90.37 	94.25 	95.20 	96.98 
A,I_IDAY,PC_IND_IU3,ES24	: 	: 	: 	: 	: 	73.55 	68.71 	74.13 	79.74 	78.96 	81.81 	80.54 	82.73 	85.63 	89.71 	89.28 	92.82 	92.56 	96.29 	95.65 
A,I_IDAY,PC_IND_IU3,ES3	: 	: 	: 	: 	: 	73.56 	79.96 	79.13 	79.72 	83.04 	84.65 	82.98 	85.50 	88.25 	91.32 	93.70 	93.08 	95.99 	95.71 	96.13 
A,I_IDAY,PC_IND_IU3,ES30	: 	: 	: 	: 	: 	73.56 	79.96 	79.13 	79.72 	83.04 	84.65 	82.98 	85.50 	88.25 	91.32 	93.70 	93.08 	95.99 	95.71 	96.13 
A,I_IDAY,PC_IND_IU3,ES4	: 	: 	: 	: 	: 	68.95 	69.16 	73.87 	73.28 	80.42 	81.63 	79.63 	81.88 	83.33 	87.07 	89.97 	90.89 	93.37 	94.51 	95.38 
A,I_IDAY,PC_IND_IU3,ES41	: 	: 	: 	: 	: 	69.46 	72.47 	71.97 	70.13 	76.54 	78.69 	78.69 	79.53 	82.56 	89.83 	89.48 	90.95 	93.49 	93.61 	94.67 
A,I_IDAY,PC_IND_IU3,ES42	: 	: 	: 	: 	: 	70.20 	65.77 	75.91 	76.47 	82.24 	81.42 	80.33 	82.04 	83.47 	85.14 	90.87 	91.23 	93.54 	94.83 	95.59 
A,I_IDAY,PC_IND_IU3,ES43	: 	: 	: 	: 	: 	65.22 	67.87 	74.70 	74.70 	86.22 	88.69 	80.45 	86.78 	84.79 	84.75 	89.32 	90.07 	92.76 	95.89 	96.55 
A,I_IDAY,PC_IND_IU3,ES5	: 	: 	: 	: 	: 	71.56 	71.31 	73.95 	79.79 	82.72 	81.93 	83.97 	83.13 	85.39 	88.85 	92.07 	92.70 	95.31 	96.06 	96.15 
A,I_IDAY,PC_IND_IU3,ES51	: 	: 	: 	: 	: 	73.74 	73.37 	75.85 	81.35 	83.94 	80.98 	83.71 	81.43 	86.49 	89.35 	91.78 	92.26 	95.90 	95.60 	95.74 
A,I_IDAY,PC_IND_IU3,ES52	: 	: 	: 	: 	: 	67.71 	68.19 	70.79 	77.27 	80.51 	83.04 	83.66 	84.85 	84.21 	87.58 	92.22 	92.94 	94.36 	96.58 	96.64 
A,I_IDAY,PC_IND_IU3,ES53	: 	: 	: 	: 	: 	73.39 	69.60 	74.57 	79.85 	83.88 	83.50 	86.81 	86.65 	83.27 	90.87 	93.25 	94.33 	95.49 	96.83 	96.67 
A,I_IDAY,PC_IND_IU3,ES6	: 	: 	: 	: 	: 	67.05 	66.81 	72.49 	79.18 	82.07 	82.47 	80.62 	84.43 	87.18 	90.99 	90.99 	92.88 	93.56 	96.09 	96.71 
A,I_IDAY,PC_IND_IU3,ES61	: 	: 	: 	: 	: 	66.67 	67.02 	73.20 	79.51 	82.18 	82.11 	80.02 	83.97 	86.58 	90.88 	90.78 	93.08 	93.60 	96.40 	97.08 
A,I_IDAY,PC_IND_IU3,ES62	: 	: 	: 	: 	: 	69.31 	64.47 	67.76 	77.36 	81.73 	83.42 	83.39 	87.65 	90.73 	91.91 	92.10 	91.69 	92.99 	94.46 	94.78 
A,I_IDAY,PC_IND_IU3,ES63	: 	: 	: 	: 	: 	77.72 u	80.98 	83.60 	81.65 	71.45 	92.46 	87.35 	80.18 	86.32 u	88.74 u	93.84 	94.14 	95.95 	94.25 	94.84 
A,I_IDAY,PC_IND_IU3,ES64	: 	: 	: 	: 	: 	53.60 u	74.48 u	73.19 u	75.33 	88.99 	92.94 	86.25 	78.38 	85.76 	88.22 	89.09 	93.41 	97.30 	95.74 	97.63 
A,I_IDAY,PC_IND_IU3,ES7	: 	: 	: 	: 	: 	69.20 	70.84 	77.96 	81.10 	84.07 	87.06 	80.74 	87.14 	84.39 	89.84 	90.30 	90.25 	93.02 	96.19 	95.65 
A,I_IDAY,PC_IND_IU3,ES70	: 	: 	: 	: 	: 	69.20 	70.84 	77.96 	81.10 	84.07 	87.06 	80.74 	87.14 	84.39 	89.84 	90.30 	90.25 	93.02 	96.19 	95.65 
A,I_IDAY,PC_IND_IU3,FI	72.96 	78.03 	80.34 	82.00 	84.22 	85.89 	87.32 	87.16 	87.96 	91.08 	90.73 	93.08 	93.14 	94.25 	94.79 	95.69 	94.30 	95.02 	89.50 	97.32 
A,I_IDAY,PC_IND_IU3,FI1	: 	: 	: 	: 	: 	85.89 	87.32 	87.16 	87.96 	91.08 	90.73 	93.08 	93.14 	94.25 	94.79 	95.69 	94.30 	95.02 	89.50 	97.32 
A,I_IDAY,PC_IND_IU3,FI19	: 	: 	: 	: 	: 	85.93 	85.92 	86.63 	86.74 	91.28 	89.17 	90.97 	92.02 	93.05 	94.08 	95.50 	93.03 	94.79 	88.57 	97.57 
A,I_IDAY,PC_IND_IU3,FI1B	: 	: 	: 	: 	: 	: 	91.27 	92.04 	89.55 	92.55 	92.43 	95.53 	94.82 	95.99 	96.73 	96.05 	97.05 	95.87 	89.64 	97.42 
A,I_IDAY,PC_IND_IU3,FI1C	: 	: 	: 	: 	: 	: 	85.20 	84.61 	88.23 	89.02 	90.58 	93.31 	93.28 	94.77 	93.76 	95.60 	93.06 	94.27 	88.95 	97.11 
A,I_IDAY,PC_IND_IU3,FI1D	: 	: 	: 	: 	: 	83.23 	85.53 	83.81 	86.93 	90.79 	90.21 	91.68 	91.89 	92.61 	93.79 	95.47 	92.94 	94.76 	90.83 	97.06 
A,I_IDAY,PC_IND_IU3,FR	55.55 	64.21 	69.57 	72.32 	79.98 	79.33 	79.81 	80.91 	80.94 	80.10 	82.23 	81.16 	85.33 	86.50 	: 	84.86 	91.01 	90.58 	93.33 	93.72 
A,I_IDAY,PC_IND_IU3,FR1	: 	: 	: 	: 	: 	82.76 	84.87 	86.06 	83.08 	83.57 	85.09 	84.73 	88.53 	89.83 	: 	89.08 	92.95 	93.05 	95.08 	94.99 u
A,I_IDAY,PC_IND_IU3,FR10	: 	: 	: 	: 	: 	: 	: 	: 	83.08 	83.57 	85.09 	84.73 	88.53 	89.83 	: 	89.08 	92.95 	93.05 	95.08 	94.99 u
A,I_IDAY,PC_IND_IU3,FRB	: 	: 	: 	: 	: 	: 	: 	: 	80.14 	79.07 	78.66 	83.88 	78.66 	88.18 	: 	82.62 	89.69 	88.02 	90.85 	94.23 u
A,I_IDAY,PC_IND_IU3,FRB0	: 	: 	: 	: 	: 	: 	: 	: 	80.14 	79.07 	78.66 	83.88 	78.66 	88.18 	: 	82.62 	89.69 	88.02 	90.85 	94.23 u
A,I_IDAY,PC_IND_IU3,FRC	: 	: 	: 	: 	: 	: 	: 	: 	85.09 	81.87 	79.96 	78.76 	84.87 	82.66 	: 	84.91 	87.23 	87.72 	92.73 	92.65 u
A,I_IDAY,PC_IND_IU3,FRC1	: 	: 	: 	: 	: 	: 	: 	: 	84.19 	80.40 	80.56 	83.82 	84.61 	83.53 	: 	84.81 	90.59 	90.17 	94.39 	93.03 u
A,I_IDAY,PC_IND_IU3,FRC2	: 	: 	: 	: 	: 	: 	: 	: 	86.34 	83.79 	79.09 	71.56 	85.24 	81.39 	: 	85.02 	82.97 	84.85 	90.29 	92.11 u
A,I_IDAY,PC_IND_IU3,FRD	: 	: 	: 	: 	: 	: 	: 	: 	80.60 	77.30 	80.84 	79.54 	88.47 	83.68 	: 	85.48 	89.09 	88.45 	93.27 	91.54 u
A,I_IDAY,PC_IND_IU3,FRD1	: 	: 	: 	: 	: 	: 	: 	: 	84.28 	79.93 	78.58 	77.92 	89.36 	80.04 	: 	87.46 	90.71 	88.57 	90.74 	91.36 u
A,I_IDAY,PC_IND_IU3,FRD2	: 	: 	: 	: 	: 	: 	: 	: 	78.25 	75.47 	82.56 	80.77 	87.86 	86.97 	: 	84.05 	87.80 	88.33 	95.18 	91.68 u
A,I_IDAY,PC_IND_IU3,FRE	: 	: 	: 	: 	: 	: 	: 	: 	78.85 	78.40 	80.41 	77.61 	85.74 	85.92 	: 	85.48 	90.41 	91.34 	91.85 	93.15 u
A,I_IDAY,PC_IND_IU3,FRE1	: 	: 	: 	: 	: 	: 	: 	: 	80.47 	78.26 	82.10 	79.61 	84.64 	85.54 	: 	85.19 	92.01 	92.60 	92.36 	93.96 u
A,I_IDAY,PC_IND_IU3,FRE2	: 	: 	: 	: 	: 	: 	: 	: 	75.65 	78.68 	77.33 	74.06 	87.96 	86.61 	: 	86.06 	87.07 	88.43 	90.72 	91.49 u
A,I_IDAY,PC_IND_IU3,FRF	: 	: 	: 	: 	: 	: 	: 	: 	82.04 	78.67 	82.56 	79.34 	81.96 	81.93 	: 	82.77 	90.58 	89.59 	93.37 	92.57 u
A,I_IDAY,PC_IND_IU3,FRF1	: 	: 	: 	: 	: 	: 	: 	: 	76.33 	72.64 	82.15 	80.22 	84.07 	85.46 	: 	81.38 	91.31 	91.13 	94.94 	92.66 u
A,I_IDAY,PC_IND_IU3,FRF2	: 	: 	: 	: 	: 	: 	: 	: 	84.62 	82.78 	81.60 	73.29 	82.45 	73.48 	: 	86.46 	86.97 	92.47 	91.10 	91.66 u
A,I_IDAY,PC_IND_IU3,FRF3	: 	: 	: 	: 	: 	: 	: 	: 	85.59 	80.81 	83.30 	81.43 	80.02 	84.03 	: 	82.21 	91.52 	86.69 	93.19 	92.98 u
A,I_IDAY,PC_IND_IU3,FRG	: 	: 	: 	: 	: 	: 	: 	: 	82.96 	82.35 	82.98 	80.17 	84.76 	86.86 	: 	83.03 	89.41 	89.05 	93.37 	94.48 u
A,I_IDAY,PC_IND_IU3,FRG0	: 	: 	: 	: 	: 	: 	: 	: 	82.96 	82.35 	82.98 	80.17 	84.76 	86.86 	: 	83.03 	89.41 	89.05 	93.37 	94.48 u
A,I_IDAY,PC_IND_IU3,FRH	: 	: 	: 	: 	: 	: 	: 	: 	81.66 	81.60 	80.78 	83.51 	84.97 	85.84 	: 	87.19 	90.37 	90.14 	93.15 	92.17 u
A,I_IDAY,PC_IND_IU3,FRH0	: 	: 	: 	: 	: 	: 	: 	: 	81.66 	81.60 	80.78 	83.51 	84.97 	85.84 	: 	87.19 	90.37 	90.14 	93.15 	92.17 u
A,I_IDAY,PC_IND_IU3,FRI	: 	: 	: 	: 	: 	: 	: 	: 	80.51 	80.92 	84.30 	79.51 	86.07 	86.70 	: 	87.09 	91.70 	92.03 	93.63 	94.39 u
A,I_IDAY,PC_IND_IU3,FRI1	: 	: 	: 	: 	: 	: 	: 	: 	81.74 	81.08 	86.41 	79.49 	86.72 	87.80 	: 	86.68 	91.56 	93.68 	93.51 	95.38 u
A,I_IDAY,PC_IND_IU3,FRI2	: 	: 	: 	: 	: 	: 	: 	: 	74.50 	74.79 	73.75 	78.38 	82.00 	82.44 	: 	86.33 	92.81 	88.81 	93.03 	89.72 u
A,I_IDAY,PC_IND_IU3,FRI3	: 	: 	: 	: 	: 	: 	: 	: 	80.62 	83.22 	84.47 	80.11 	86.65 	86.16 	: 	88.24 	91.53 	90.12 	94.08 	94.52 u
A,I_IDAY,PC_IND_IU3,FRJ	: 	: 	: 	: 	: 	: 	: 	: 	78.52 	80.15 	81.17 	81.15 	85.17 	87.01 	: 	81.82 	90.15 	90.32 	92.37 	93.44 u
A,I_IDAY,PC_IND_IU3,FRJ1	: 	: 	: 	: 	: 	: 	: 	: 	77.56 	79.65 	78.37 	79.24 	82.00 	86.52 	: 	78.54 	93.02 	90.40 	91.36 	93.33 u
A,I_IDAY,PC_IND_IU3,FRJ2	: 	: 	: 	: 	: 	: 	: 	: 	79.48 	80.61 	83.55 	83.02 	88.02 	87.45 	: 	85.15 	87.67 	90.25 	93.26 	93.53 u
A,I_IDAY,PC_IND_IU3,FRK	: 	: 	: 	: 	: 	79.98 	80.83 	78.96 	82.18 	79.09 	82.56 	81.64 	85.15 	87.68 	: 	83.78 	91.27 	89.77 	93.24 	93.29 u
A,I_IDAY,PC_IND_IU3,FRK1	: 	: 	: 	: 	: 	: 	: 	: 	80.62 	75.90 	78.22 	81.15 	77.58 	82.83 	: 	78.85 	85.50 	88.41 	92.08 	90.06 u
A,I_IDAY,PC_IND_IU3,FRK2	: 	: 	: 	: 	: 	: 	: 	: 	82.50 	79.70 	83.54 	81.74 	86.70 	88.54 	: 	84.67 	92.45 	90.04 	93.47 	93.88 u
A,I_IDAY,PC_IND_IU3,FRL	: 	: 	: 	: 	: 	: 	: 	: 	77.75 	76.55 	80.25 	81.49 	85.90 	87.02 	: 	82.65 	93.25 	91.15 	93.57 	94.67 u
A,I_IDAY,PC_IND_IU3,FRL0	: 	: 	: 	: 	: 	: 	: 	: 	77.75 	76.55 	80.25 	81.49 	85.90 	87.02 	: 	82.65 	93.25 	91.15 	93.57 	94.67 u
A,I_IDAY,PC_IND_IU3,FRM	: 	: 	: 	: 	: 	: 	: 	: 	: u	: u	76.41 u	66.45 u	72.29 u	93.28 u	: 	77.77 u	86.62 u	88.32 u	90.78 u	100.00 u
A,I_IDAY,PC_IND_IU3,FRM0	: 	: 	: 	: 	: 	: 	: 	: 	: u	: u	76.41 u	66.45 u	72.29 u	93.28 u	: 	77.77 u	86.62 u	88.32 u	90.78 u	100.00 u
A,I_IDAY,PC_IND_IU3,FRY	: 	: 	: 	: 	: 	: 	: 	: 	: 	73.18 	79.75 	78.06 	77.15 	76.99 	: 	75.77 	89.09 	87.12 	92.67 	92.91 u
A,I_IDAY,PC_IND_IU3,FRY1	: 	: 	: 	: 	: 	: 	: 	: 	: 	78.31 	72.40 	82.62 	61.12 	76.04 	: 	76.91 	84.67 	90.23 	91.60 	90.70 u
A,I_IDAY,PC_IND_IU3,FRY2	: 	: 	: 	: 	: 	: 	: 	: 	: 	67.15 	83.98 	75.05 	77.23 	80.18 	: 	79.60 	87.16 	82.69 	89.89 	94.21 u
A,I_IDAY,PC_IND_IU3,FRY3	: 	: 	: 	: 	: 	: 	: 	: 	: 	70.10 	72.25 	79.05 	89.62 	91.54 	: 	86.17 	92.10 	93.19 	92.06 	95.04 u
A,I_IDAY,PC_IND_IU3,FRY4	: 	: 	: 	: 	: 	: 	: 	: 	: 	73.88 	83.28 	76.96 	80.29 	70.85 	: 	70.55 	91.31 	85.07 	94.18 	92.75 u
A,I_IDAY,PC_IND_IU3,HR	: 	55.18 	62.76 	78.52 	74.27 	76.58 	76.98 	80.02 	81.29 	85.25 	87.22 	85.71 	87.79 	90.27 	94.05 	93.95 	93.69 	94.25 	95.60 	96.20 
A,I_IDAY,PC_IND_IU3,HR0	: 	: 	: 	: 	: 	76.58 	76.98 	80.02 	81.29 	85.25 	87.22 	85.71 	87.79 	90.27 	94.05 	93.95 	93.69 	94.25 	95.60 	96.20 
A,I_IDAY,PC_IND_IU3,HR03	: 	: 	: 	: 	: 	77.36 	82.30 	83.27 	81.99 	87.62 	87.09 	89.98 	90.97 	91.47 	94.68 	93.93 	95.54 	94.74 	96.11 	95.31 
A,I_IDAY,PC_IND_IU3,HR04	: 	: 	: 	: 	: 	76.20 	74.56 	78.50 	80.94 	84.10 	87.29 	84.09 	86.20 	89.63 	93.73 	: 	: 	: 	: 	: 
A,I_IDAY,PC_IND_IU3,HR05	: 	: 	: 	: 	: 	: 	: 	: 	: 	: 	: 	: 	: 	: 	: 	96.97 	94.79 	95.60 	98.60 	98.46 
A,I_IDAY,PC_IND_IU3,HR06	: 	: 	: 	: 	: 	: 	: 	: 	: 	: 	: 	: 	: 	: 	: 	92.38 	93.77 	94.53 	93.75 	94.91 
A,I_IDAY,PC_IND_IU3,HU	64.16 	71.64 	72.83 	76.71 	78.51 	81.77 	82.00 	85.20 	86.72 	86.68 	89.18 	89.49 	90.29 	93.57 	92.70 	92.84 	95.36 	96.54 	96.36 	93.21 
A,I_IDAY,PC_IND_IU3,HU1	: 	: 	: 	: 	: 	85.27 	85.11 	89.12 	89.97 	87.45 	91.57 	90.02 	92.53 	94.51 	94.32 	95.24 	97.43 	97.47 	97.51 	94.62 
A,I_IDAY,PC_IND_IU3,HU10	: 	: 	: 	: 	: 	85.27 	85.11 	89.12 	89.97 	87.45 	91.57 	90.02 	: 	: 	: 	: 	: 	: 	: 	: 
A,I_IDAY,PC_IND_IU3,HU11	: 	: 	: 	: 	: 	: 	: 	: 	: 	: 	: 	: 	95.23 	96.11 	95.04 	96.06 	97.89 	98.06 	97.68 	95.45 
A,I_IDAY,PC_IND_IU3,HU12	: 	: 	: 	: 	: 	: 	: 	: 	: 	: 	: 	: 	88.50 	92.28 	93.28 	94.15 	96.84 	96.69 	97.30 	93.52 
A,I_IDAY,PC_IND_IU3,HU2	: 	: 	: 	: 	: 	80.13 	80.14 	83.51 	86.46 	87.07 	87.76 	88.63 	87.42 	92.85 	93.90 	92.69 	94.88 	96.63 	96.69 	93.36 
A,I_IDAY,PC_IND_IU3,HU21	: 	: 	: 	: 	: 	80.46 	79.40 	84.62 	85.49 	85.82 	89.13 	89.82 	91.38 	92.85 	92.57 	91.27 	95.71 	96.17 	97.65 	94.44 
A,I_IDAY,PC_IND_IU3,HU22	: 	: 	: 	: 	: 	80.18 	78.94 	82.73 	90.30 	90.50 	87.73 	88.66 	84.58 	93.03 	94.76 	93.47 	94.35 	97.11 	95.84 	91.96 
A,I_IDAY,PC_IND_IU3,HU23	: 	: 	: 	: 	: 	79.63 	82.49 	82.95 	83.39 	84.85 	86.05 	87.05 	85.43 	92.64 	94.58 	93.56 	94.45 	96.65 	96.51 	93.61 
A,I_IDAY,PC_IND_IU3,HU3	: 	: 	: 	: 	: 	79.96 	80.67 	83.03 	84.00 	85.66 	88.15 	89.71 	90.70 	93.34 	90.28 	90.82 	93.90 	95.63 	95.06 	91.85 
A,I_IDAY,PC_IND_IU3,HU31	: 	: 	: 	: 	: 	78.39 	80.23 	83.52 	78.78 	85.04 	89.33 	88.47 	88.59 	93.67 	90.95 	90.14 	92.78 	95.30 	93.52 	91.66 
A,I_IDAY,PC_IND_IU3,HU32	: 	: 	: 	: 	: 	80.68 	78.30 	80.73 	84.18 	83.26 	85.63 	89.25 	90.12 	92.42 	89.82 	89.42 	94.12 	95.19 	96.37 	91.39 
A,I_IDAY,PC_IND_IU3,HU33	: 	: 	: 	: 	: 	80.61 	83.63 	85.11 	88.59 	88.97 	89.99 	91.34 	93.30 	94.11 	90.26 	93.08 	94.60 	96.45 	94.90 	92.57 
A,I_IDAY,PC_IND_IU3,IE	49.74 	56.27 	62.05 	62.30 	69.76 	73.61 	75.71 	78.31 	81.12 	83.58 	84.66 	86.39 	89.82 	91.33 	91.98 	95.67 b	97.60 	97.49 	99.65 	99.51 
A,I_IDAY,PC_IND_IU3,IE0	: 	: 	: 	: 	: 	73.61 	75.71 	78.31 	81.12 	83.58 	84.66 	86.39 	89.82 	91.33 	91.98 	95.67 b	97.60 	97.49 	99.65 	99.51 
A,I_IDAY,PC_IND_IU3,IE01	: 	: 	: 	: 	: 	68.80 	73.05 	74.79 	78.33 	79.37 	78.68 	80.21 	: 	: 	: 	: 	: 	: 	: 	: 
A,I_IDAY,PC_IND_IU3,IE02	: 	: 	: 	: 	: 	75.19 	76.59 	79.46 	82.03 	84.96 	86.47 	88.31 	: 	: 	: 	: 	: 	: 	: 	: 
A,I_IDAY,PC_IND_IU3,IE04	: 	: 	: 	: 	: 	: 	: 	: 	: 	: 	: 	: 	89.64 	88.63 	88.92 	97.19 b	96.40 	97.17 	99.92 	99.60 
A,I_IDAY,PC_IND_IU3,IE05	: 	: 	: 	: 	: 	: 	: 	: 	: 	: 	: 	: 	90.18 	92.70 	91.44 	93.83 b	96.61 	97.14 	99.27 	99.19 
A,I_IDAY,PC_IND_IU3,IE06	: 	: 	: 	: 	: 	: 	: 	: 	: 	: 	: 	: 	89.62 	91.32 	93.43 	96.32 b	98.39 	97.84 	99.79 	99.70 
A,I_IDAY,PC_IND_IU3,IS	80.08 	82.10 	86.28 	88.66 	90.48 	92.63 	91.32 	93.91 	95.27 	: 	: 	97.47 	97.04 	97.92 	98.16 	98.25 	: 	: 	: 	: 
A,I_IDAY,PC_IND_IU3,IS0	: 	: 	: 	: 	: 	92.63 	91.32 	93.91 	95.27 	: 	: 	97.47 	97.04 	97.92 	98.16 	98.25 	: 	: 	: 	: 
A,I_IDAY,PC_IND_IU3,IS00	: 	: 	: 	: 	: 	: 	: 	: 	: 	: 	: 	97.47 	97.04 	97.92 	98.16 	98.25 	: 	: 	: 	: 
A,I_IDAY,PC_IND_IU3,IT	80.71 	82.06 	84.36 	87.22 	89.13 	89.85 	91.19 	93.12 	93.79 	94.77 	95.62 	95.81 	96.42 	96.33 	96.97 	96.74 	96.31 	97.17 	97.91 	97.98 
A,I_IDAY,PC_IND_IU3,ITC	: 	: 	: 	: 	: 	89.93 	91.02 	93.20 	93.50 	94.37 	96.23 	95.07 	96.29 	96.89 	96.79 	96.88 	96.43 	97.59 	97.92 	98.07 
A,I_IDAY,PC_IND_IU3,ITC1	: 	: 	: 	: 	: 	88.03 	90.09 	93.10 	92.50 	94.55 	95.56 	94.74 	96.58 	96.64 	96.94 	96.96 	95.65 	97.51 	97.55 	97.48 
A,I_IDAY,PC_IND_IU3,ITC2	: 	: 	: 	: 	: 	91.34 	91.02 	91.27 	91.65 	94.70 	94.42 	93.78 	96.70 	97.36 	96.21 	96.58 	95.36 	97.21 	97.07 	98.78 
A,I_IDAY,PC_IND_IU3,ITC3	: 	: 	: 	: 	: 	90.97 	92.40 	93.98 	94.19 	95.65 	96.45 	96.06 	96.93 	96.12 	96.91 	97.54 	95.43 	97.24 	97.52 	98.90 
A,I_IDAY,PC_IND_IU3,ITC4	: 	: 	: 	: 	: 	90.56 	91.19 	93.15 	93.82 	94.11 	96.49 	95.07 	96.07 	97.11 	96.71 	96.75 	96.90 	97.69 	98.13 	98.19 
A,I_IDAY,PC_IND_IU3,ITF	: 	: 	: 	: 	: 	90.44 	91.73 	93.72 	94.35 	95.26 	95.59 	95.23 	96.38 	95.52 	96.28 	96.15 	94.57 	96.70 	97.72 	97.91 
A,I_IDAY,PC_IND_IU3,ITF1	: 	: 	: 	: 	: 	91.95 	89.78 	93.26 	92.85 	95.17 	96.35 	95.12 	96.12 	95.06 	96.42 	96.66 	97.02 	97.83 	97.95 	97.99 
A,I_IDAY,PC_IND_IU3,ITF2	: 	: 	: 	: 	: 	89.41 	90.36 	93.95 	91.84 	94.34 	95.17 	96.32 	97.11 	94.19 	95.14 	97.06 	96.00 	97.45 	98.31 	98.10 
A,I_IDAY,PC_IND_IU3,ITF3	: 	: 	: 	: 	: 	92.03 	91.46 	94.07 	94.53 	95.45 	96.18 	95.69 	96.24 	95.50 	96.43 	96.28 	94.29 	96.16 	97.40 	97.89 
A,I_IDAY,PC_IND_IU3,ITF4	: 	: 	: 	: 	: 	87.61 	92.72 	92.76 	95.12 	95.61 	94.71 	94.23 	96.78 	96.32 	95.86 	95.57 	94.77 	97.27 	97.87 	98.09 
A,I_IDAY,PC_IND_IU3,ITF5	: 	: 	: 	: 	: 	87.70 	89.53 	92.83 	93.34 	94.42 	95.63 	94.03 	96.31 	95.65 	97.64 	95.70 	94.76 	96.74 	98.82 	98.43 
A,I_IDAY,PC_IND_IU3,ITF6	: 	: 	: 	: 	: 	90.89 	92.92 	95.48 	94.10 	94.41 	95.14 	96.25 	96.00 	94.43 	96.36 	96.56 	92.72 	96.09 	97.76 	97.31 
A,I_IDAY,PC_IND_IU3,ITG	: 	: 	: 	: 	: 	88.12 	92.01 	91.47 	93.31 	95.66 	94.61 	96.27 	96.74 	96.70 	97.07 	96.17 	96.13 	96.39 	97.20 	97.97 
A,I_IDAY,PC_IND_IU3,ITG1	: 	: 	: 	: 	: 	88.84 	92.31 	91.79 	93.23 	96.00 	94.56 	96.44 	96.79 	97.16 	97.00 	95.67 	96.15 	96.79 	96.99 	98.07 
A,I_IDAY,PC_IND_IU3,ITG2	: 	: 	: 	: 	: 	86.39 	91.27 	90.71 	93.51 	94.80 	94.74 	95.81 	96.60 	95.34 	97.28 	97.50 	96.08 	95.30 	97.81 	97.72 
A,I_IDAY,PC_IND_IU3,ITH	: 	: 	: 	: 	: 	88.80 	90.68 	92.81 	92.87 	93.95 	95.44 	96.27 	96.15 	96.30 	97.39 	97.10 	97.18 	96.91 	97.77 	97.76 
A,I_IDAY,PC_IND_IU3,ITH1	: 	: 	: 	: 	: 	85.52 	85.08 	89.14 	91.85 	91.11 	93.88 	94.99 	96.20 	93.22 	97.25 	95.00 	96.96 	96.17 	96.92 	97.69 
A,I_IDAY,PC_IND_IU3,ITH2	: 	: 	: 	: 	: 	90.93 	88.43 	91.13 	92.87 	92.67 	94.13 	96.09 	94.27 	96.57 	97.15 	96.88 	97.26 	96.74 	98.40 	98.07 
A,I_IDAY,PC_IND_IU3,ITH3	: 	: 	: 	: 	: 	88.46 	91.23 	91.75 	92.35 	93.91 	95.11 	96.83 	96.08 	95.56 	97.21 	96.99 	96.82 	97.00 	98.02 	97.38 
A,I_IDAY,PC_IND_IU3,ITH4	: 	: 	: 	: 	: 	89.81 	92.52 	93.73 	93.84 	94.32 	95.54 	95.38 	94.32 	97.02 	96.77 	96.80 	97.11 	97.33 	98.11 	98.33 
A,I_IDAY,PC_IND_IU3,ITH5	: 	: 	: 	: 	: 	: 	90.54 	94.33 	93.27 	94.36 	96.14 	96.07 	96.93 	97.25 	97.79 	97.58 	97.60 	96.82 	97.42 	97.99 
A,I_IDAY,PC_IND_IU3,ITI	: 	: 	: 	: 	: 	91.01 	91.07 	93.52 	94.79 	95.25 	95.48 	96.72 	96.75 	96.22 	97.44 	97.10 	97.20 	97.75 	98.62 	98.17 
A,I_IDAY,PC_IND_IU3,ITI1	: 	: 	: 	: 	: 	91.31 	90.32 	93.17 	95.13 	96.52 	95.16 	95.18 	96.50 	96.66 	97.89 	96.77 	97.53 	97.74 	98.39 	98.40 
A,I_IDAY,PC_IND_IU3,ITI2	: 	: 	: 	: 	: 	91.40 	91.75 	90.86 	94.29 	94.08 	94.80 	96.17 	95.18 	95.62 	95.93 	96.89 	97.76 	97.74 	98.51 	97.55 
A,I_IDAY,PC_IND_IU3,ITI3	: 	: 	: 	: 	: 	: 	91.37 	94.72 	94.11 	94.20 	94.56 	96.31 	96.06 	96.88 	96.98 	97.52 	96.29 	97.10 	98.47 	98.15 
A,I_IDAY,PC_IND_IU3,ITI4	: 	: 	: 	: 	: 	91.24 	91.37 	93.82 	94.81 	94.90 	96.01 	97.84 	97.31 	95.85 	97.48 	97.23 	97.14 	97.92 	98.82 	98.13 
A,I_IDAY,PC_IND_IU3,LT	55.60 	60.73 	71.86 	73.22 	74.27 	74.66 	73.74 	77.51 	78.40 	78.33 	81.21 	82.20 	85.53 	88.99 	89.51 	89.59 	93.82 	94.05 	95.45 	95.22 
A,I_IDAY,PC_IND_IU3,LT0	: 	: 	: 	: 	: 	74.66 	73.74 	77.51 	78.40 	78.33 	81.21 	82.20 	85.53 	88.99 	89.51 	89.59 	93.82 	94.05 	95.45 	95.22 
A,I_IDAY,PC_IND_IU3,LT00	: 	: 	: 	: 	: 	74.66 	73.74 	77.51 	78.40 	78.33 	81.21 	82.20 	: 	: 	: 	: 	: 	: 	: 	: 
A,I_IDAY,PC_IND_IU3,LT01	: 	: 	: 	: 	: 	: 	: 	: 	: 	: 	: 	: 	88.65 	91.82 	93.11 	92.37 	95.83 	95.89 	97.16 	95.65 
A,I_IDAY,PC_IND_IU3,LT02	: 	: 	: 	: 	: 	: 	: 	: 	: 	: 	: 	: 	84.21 	87.81 	87.90 	88.38 	92.96 	93.22 	94.68 	95.02 
A,I_IDAY,PC_IND_IU3,LU	65.92 	72.08 	80.95 	82.09 	82.48 	84.37 	87.94 	87.02 	91.99 	94.40 	95.11 	93.39 	89.45 b	90.29 	93.17 	94.90 	93.36 	93.74 	95.38 	95.32 
A,I_IDAY,PC_IND_IU3,LU0	: 	: 	: 	: 	: 	84.37 	87.94 	87.02 	91.99 	94.40 	95.11 	93.39 	89.45 b	90.29 	93.17 	94.90 	93.36 	93.74 	95.38 	95.32 
A,I_IDAY,PC_IND_IU3,LU00	: 	: 	: 	: 	: 	84.37 	87.94 	87.02 	91.99 	94.40 	95.11 	93.39 	89.45 b	90.29 	93.17 	94.90 	93.36 	93.74 	95.38 	95.32 
A,I_IDAY,PC_IND_IU3,LV	61.92 	67.01 	69.85 	73.21 	74.61 	76.44 	78.52 	79.99 	81.03 	83.55 	85.38 b	85.87 	87.76 	87.64 	89.43 	91.51 	94.17 	94.70 	95.91 	96.18 
A,I_IDAY,PC_IND_IU3,LV0	: 	: 	: 	: 	: 	76.44 	78.52 	79.99 	81.03 	83.55 	85.38 b	85.87 	87.76 	87.64 	89.43 	91.51 	94.17 	94.70 	95.91 	96.18 
A,I_IDAY,PC_IND_IU3,LV00	: 	: 	: 	: 	: 	76.44 	78.52 	79.99 	81.03 	83.55 	85.38 b	85.87 	87.76 	87.64 	89.43 	91.51 	94.17 	94.70 	95.91 	96.18 
A,I_IDAY,PC_IND_IU3,ME	: 	: 	: 	: 	: 	: 	80.79 	: 	: 	: 	: 	86.37 	87.63 	87.91 	89.03 	90.24 	96.37 	97.78 	98.06 	98.51 
A,I_IDAY,PC_IND_IU3,ME0	: 	: 	: 	: 	: 	: 	: 	: 	: 	: 	: 	: 	: 	: 	: 	: 	: 	97.78 	98.06 	98.51 
A,I_IDAY,PC_IND_IU3,MK	43.51 	: 	64.75 	74.13 	74.39 	: 	76.46 	80.22 	78.05 	84.71 	84.73 	83.07 	86.66 	89.46 	87.02 	93.14 	: 	: 	96.59 	96.85 
A,I_IDAY,PC_IND_IU3,MK0	: 	: 	: 	: 	: 	: 	76.46 	80.22 	78.05 	84.71 	84.73 	83.07 	86.66 	89.46 	87.02 	93.14 	: 	: 	96.59 	96.85 
A,I_IDAY,PC_IND_IU3,MK00	: 	: 	: 	: 	: 	: 	76.46 	80.22 	78.05 	84.71 	84.73 	83.07 	86.66 	89.46 	87.02 	: 	: 	: 	: 	: 
A,I_IDAY,PC_IND_IU3,MT	67.61 	74.70 	74.60 	78.60 	79.49 	80.77 	83.33 	85.61 	85.97 	91.10 	91.09 	94.06 	94.39 	95.83 	95.81 	96.43 	97.79 	97.40 	98.55 	98.94 
A,I_IDAY,PC_IND_IU3,MT0	: 	: 	: 	: 	: 	80.77 	83.33 	85.61 	85.97 	91.10 	91.09 	94.06 	94.39 	95.83 	95.81 	96.43 	97.79 	97.40 	98.55 	98.94 
A,I_IDAY,PC_IND_IU3,MT00	: 	: 	: 	: 	: 	80.77 	83.33 	85.61 	85.97 	91.10 	91.09 	94.06 	94.39 	95.83 	95.81 	96.43 	97.79 	97.40 	98.55 	98.94 
A,I_IDAY,PC_IND_IU3,NL	75.39 	78.56 	76.97 	81.89 	84.53 	86.13 	87.02 	88.32 	90.15 	91.45 	92.72 	94.12 	95.31 	95.64 	96.48 	96.80 	97.77 	98.50 	98.77 	98.71 
A,I_IDAY,PC_IND_IU3,NL1	: 	: 	: 	: 	: 	86.03 	86.46 	87.52 	91.06 	89.40 	93.94 	94.10 	94.67 	95.31 	95.31 	95.90 	97.31 	97.85 	98.27 	99.15 
A,I_IDAY,PC_IND_IU3,NL11	: 	: 	: 	: 	: 	87.22 	87.39 	89.79 	93.12 	88.39 	91.99 	94.22 	96.27 	96.67 	96.07 	95.45 	97.85 	96.50 	98.73 	99.60 
A,I_IDAY,PC_IND_IU3,NL12	: 	: 	: 	: 	: 	80.24 	83.70 	89.03 	89.19 	91.65 	96.20 	95.37 	94.61 	96.31 	95.05 	94.84 	97.28 	97.86 	99.25 	98.89 
A,I_IDAY,PC_IND_IU3,NL13	: 	: 	: 	: 	: 	91.60 	88.94 	83.06 	91.04 	87.63 	93.40 	92.35 	92.70 	92.45 	94.71 	97.84 	96.67 	99.52 	96.38 	98.91 
A,I_IDAY,PC_IND_IU3,NL2	: 	: 	: 	: 	: 	84.46 	85.66 	85.81 	87.78 	91.79 	93.12 	93.34 	94.90 	94.99 	96.90 	95.96 	97.66 	98.34 	98.59 	98.60 
A,I_IDAY,PC_IND_IU3,NL21	: 	: 	: 	: 	: 	79.37 	84.88 	88.05 	89.81 	91.62 	92.90 	93.24 	96.20 	95.22 	95.83 	94.80 	97.20 	97.57 	98.46 	98.29 
A,I_IDAY,PC_IND_IU3,NL22	: 	: 	: 	: 	: 	85.91 	85.64 	83.63 	87.49 	90.46 	92.57 	92.80 	93.97 	95.60 	97.58 	96.43 	97.73 	98.64 	98.84 	98.47 
A,I_IDAY,PC_IND_IU3,NL23	: 	: 	: 	: 	: 	92.69 	87.86 	90.27 	83.22 	99.20 	96.32 	96.11 	95.89 	91.45 	96.46 	96.82 	98.51 	98.96 	97.73 	100.00 
A,I_IDAY,PC_IND_IU3,NL3	: 	: 	: 	: 	: 	86.94 	89.16 	89.87 	91.45 	92.15 	93.11 	95.17 	96.25 	96.68 	96.96 	97.64 	98.10 	98.57 	99.02 	98.74 
A,I_IDAY,PC_IND_IU3,NL31	: 	: 	: 	: 	: 	88.48 	93.33 	92.01 	94.01 	92.80 	97.25 	96.81 	96.72 	98.52 	97.95 	97.30 	97.81 	99.27 	: 	: 
A,I_IDAY,PC_IND_IU3,NL32	: 	: 	: 	: 	: 	90.30 	90.42 	91.13 	93.60 	92.50 	91.53 	95.53 	96.20 	96.30 	97.87 	97.79 	98.22 	98.36 	99.35 	98.54 
A,I_IDAY,PC_IND_IU3,NL33	: 	: 	: 	: 	: 	83.89 	86.81 	88.03 	89.42 	91.61 	93.51 	94.61 	96.08 	96.88 	96.07 	97.68 	98.02 	98.46 	: 	: 
A,I_IDAY,PC_IND_IU3,NL34	: 	: 	: 	: 	: 	86.32 	87.88 	90.51 	86.48 	92.58 	86.81 	92.34 	96.56 	91.18 	95.19 	97.30 	99.07 	98.80 	99.28 	98.86 
A,I_IDAY,PC_IND_IU3,NL35	: 	: 	: 	: 	: 	: 	: 	: 	: 	: 	: 	: 	: 	: 	: 	: 	: 	: 	99.23 	99.43 
A,I_IDAY,PC_IND_IU3,NL36	: 	: 	: 	: 	: 	: 	: 	: 	: 	: 	: 	: 	: 	: 	: 	: 	: 	: 	98.65 	98.64 
A,I_IDAY,PC_IND_IU3,NL4	: 	: 	: 	: 	: 	86.01 	83.89 	87.65 	89.11 	90.52 	90.88 	92.52 	93.94 	94.12 	95.51 	96.12 	97.33 	98.79 	98.63 	98.53 
A,I_IDAY,PC_IND_IU3,NL41	: 	: 	: 	: 	: 	85.42 	85.05 	88.47 	90.53 	90.49 	92.38 	92.89 	94.27 	94.44 	95.53 	96.99 	97.57 	98.92 	99.03 	98.58 
A,I_IDAY,PC_IND_IU3,NL42	: 	: 	: 	: 	: 	87.22 	81.42 	85.90 	86.01 	90.59 	87.60 	91.68 	93.17 	93.39 	95.47 	94.11 	96.79 	98.51 	97.70 	98.42 
A,I_IDAY,PC_IND_IU3,NO	72.38 	77.19 	81.26 	83.78 	87.98 	88.24 	91.32 	89.51 	92.66 	91.58 	94.83 	93.90 	95.94 	96.36 	96.43 	95.91 	96.59 	95.79 	95.92 	96.12 
A,I_IDAY,PC_IND_IU3,NO0	: 	: 	: 	: 	: 	88.24 	91.32 	89.51 	92.66 	91.58 	94.83 	93.90 	95.94 	96.36 	96.43 	95.91 	96.59 	95.79 	95.92 	96.12 
A,I_IDAY,PC_IND_IU3,NO01	: 	: 	: 	: 	: 	94.33 	90.69 	91.45 	93.99 	91.97 	96.27 	97.32 	98.32 	99.26 	97.71 	: 	: 	: 	: 	: 
A,I_IDAY,PC_IND_IU3,NO02	: 	: 	: 	: 	: 	84.59 	86.10 	83.99 	86.59 	88.49 	92.15 	93.00 	93.66 	96.74 	95.50 	93.62 	95.17 	92.78 	92.39 	95.98 
A,I_IDAY,PC_IND_IU3,NO03	: 	: 	: 	: 	: 	86.48 	91.44 	89.15 	93.63 	91.08 	91.71 	93.70 	92.68 	94.38 	95.21 	: 	: 	: 	: 	: 
A,I_IDAY,PC_IND_IU3,NO04	: 	: 	: 	: 	: 	85.32 	94.61 	90.27 	93.57 	91.30 	95.11 	92.20 	94.25 	97.07 	94.98 	: 	: 	: 	: 	: 
A,I_IDAY,PC_IND_IU3,NO05	: 	: 	: 	: 	: 	84.76 	92.18 	90.29 	89.15 	93.44 	94.32 	93.31 	96.29 	96.46 	96.77 	: 	: 	: 	: 	: 
A,I_IDAY,PC_IND_IU3,NO06	: 	: 	: 	: 	: 	93.28 	92.52 	85.77 	91.03 	91.52 	97.87 	96.35 	96.80 	94.33 	97.79 	96.93 	94.92 	95.26 	97.86 	94.91 
A,I_IDAY,PC_IND_IU3,NO07	: 	: 	: 	: 	: 	81.40 	89.65 	90.55 	97.57 	91.53 	97.04 	86.41 	98.85 	92.41 	95.71 	95.00 	97.18 	92.72 	94.81 	95.20 
A,I_IDAY,PC_IND_IU3,NO08	: 	: 	: 	: 	: 	: 	: 	: 	: 	: 	: 	: 	: 	: 	: 	97.58 	97.71 	96.62 	97.34 	97.40 
A,I_IDAY,PC_IND_IU3,NO09	: 	: 	: 	: 	: 	: 	: 	: 	: 	: 	: 	: 	: 	: 	: 	95.96 	95.40 	96.06 	93.41 	96.34 
A,I_IDAY,PC_IND_IU3,NO0A	: 	: 	: 	: 	: 	: 	: 	: 	: 	: 	: 	: 	: 	: 	: 	93.93 	96.45 	96.51 	95.78 	95.20 
A,I_IDAY,PC_IND_IU3,PL	54.63 	60.91 	65.49 	70.08 	71.62 	73.43 	74.49 	75.15 	76.18 	76.93 	77.97 	80.44 	82.42 	84.76 	86.96 	86.30 	92.39 	92.01 	94.72 	94.64 
A,I_IDAY,PC_IND_IU3,PL1	: 	: 	: 	: 	: 	76.67 	78.61 	74.74 	77.56 	78.79 	79.70 	82.47 	: 	: 	: 	: 	: 	: 	: 	: 
A,I_IDAY,PC_IND_IU3,PL2	: 	: 	: 	: 	: 	73.98 	74.27 	77.32 	75.62 	77.92 	79.76 	82.98 	84.05 	84.31 	86.68 	85.31 	93.17 	94.80 	95.76 	95.78 
A,I_IDAY,PC_IND_IU3,PL21	: 	: 	: 	: 	: 	: 	: 	: 	: 	: 	: 	: 	: 	: 	: 	: 	: 	93.75 	93.92 	95.17 
A,I_IDAY,PC_IND_IU3,PL22	: 	: 	: 	: 	: 	: 	: 	: 	: 	: 	: 	: 	: 	: 	: 	: 	: 	95.63 	96.98 	96.30 
A,I_IDAY,PC_IND_IU3,PL3	: 	: 	: 	: 	: 	69.62 	68.80 	70.93 	71.28 	72.19 	72.39 	74.03 	: 	: 	: 	: 	: 	: 	: 	: 
A,I_IDAY,PC_IND_IU3,PL4	: 	: 	: 	: 	: 	71.85 	70.41 	72.30 	74.27 	77.66 	79.26 	79.21 	81.16 	84.47 	86.43 	85.11 	90.81 	90.32 	94.33 	93.49 
A,I_IDAY,PC_IND_IU3,PL41	: 	: 	: 	: 	: 	: 	: 	: 	: 	: 	: 	: 	: 	: 	: 	: 	: 	88.70 	93.58 	93.94 
A,I_IDAY,PC_IND_IU3,PL42	: 	: 	: 	: 	: 	: 	: 	: 	: 	: 	: 	: 	: 	: 	: 	: 	: 	92.95 	94.44 	91.66 
A,I_IDAY,PC_IND_IU3,PL43	: 	: 	: 	: 	: 	: 	: 	: 	: 	: 	: 	: 	: 	: 	: 	: 	: 	93.68 	96.14 	94.12 
A,I_IDAY,PC_IND_IU3,PL5	: 	: 	: 	: 	: 	75.69 	75.71 	77.85 	79.62 	79.82 	80.58 	83.63 	86.94 	88.50 	89.36 	90.76 	94.97 	92.27 	94.51 	95.86 
A,I_IDAY,PC_IND_IU3,PL51	: 	: 	: 	: 	: 	: 	: 	: 	: 	: 	: 	: 	: 	: 	: 	: 	: 	94.05 	94.07 	96.45 
A,I_IDAY,PC_IND_IU3,PL52	: 	: 	: 	: 	: 	: 	: 	: 	: 	: 	: 	: 	: 	: 	: 	: 	: 	84.80 	96.58 	93.77 
A,I_IDAY,PC_IND_IU3,PL6	: 	: 	: 	: 	: 	71.91 	77.83 	78.80 	80.59 	75.47 	76.72 	81.10 	84.71 	82.41 	87.91 	90.35 	93.79 	91.69 	95.50 	96.14 
A,I_IDAY,PC_IND_IU3,PL61	: 	: 	: 	: 	: 	: 	: 	: 	: 	: 	: 	: 	: 	: 	: 	: 	: 	92.85 	97.10 	96.52 
A,I_IDAY,PC_IND_IU3,PL62	: 	: 	: 	: 	: 	: 	: 	: 	: 	: 	: 	: 	: 	: 	: 	: 	: 	87.15 	92.73 	94.83 
A,I_IDAY,PC_IND_IU3,PL63	: 	: 	: 	: 	: 	: 	: 	: 	: 	: 	: 	: 	: 	: 	: 	: 	: 	93.77 	95.21 	96.44 
A,I_IDAY,PC_IND_IU3,PL7	: 	: 	: 	: 	: 	: 	: 	: 	: 	: 	: 	: 	76.70 	83.03 	84.06 	84.11 	90.70 	89.94 	95.13 	94.75 
A,I_IDAY,PC_IND_IU3,PL71	: 	: 	: 	: 	: 	: 	: 	: 	: 	: 	: 	: 	: 	: 	: 	: 	: 	91.33 	95.81 	95.74 
A,I_IDAY,PC_IND_IU3,PL72	: 	: 	: 	: 	: 	: 	: 	: 	: 	: 	: 	: 	: 	: 	: 	: 	: 	87.81 	93.83 	93.15 
A,I_IDAY,PC_IND_IU3,PL8	: 	: 	: 	: 	: 	: 	: 	: 	: 	: 	: 	: 	78.17 	82.34 	81.42 	80.16 	88.98 	88.05 	92.07 	90.21 
A,I_IDAY,PC_IND_IU3,PL81	: 	: 	: 	: 	: 	: 	: 	: 	: 	: 	: 	: 	: 	: 	: 	: 	: 	89.24 	91.80 	90.95 
A,I_IDAY,PC_IND_IU3,PL82	: 	: 	: 	: 	: 	: 	: 	: 	: 	: 	: 	: 	: 	: 	: 	: 	: 	88.46 	93.02 	90.15 
A,I_IDAY,PC_IND_IU3,PL84	: 	: 	: 	: 	: 	: 	: 	: 	: 	: 	: 	: 	: 	: 	: 	: 	: 	84.92 	90.72 	88.70 
A,I_IDAY,PC_IND_IU3,PL9	: 	: 	: 	: 	: 	: 	: 	: 	: 	: 	: 	: 	85.00 	88.92 	91.89 	89.53 	94.20 	95.26 	95.71 	96.60 
A,I_IDAY,PC_IND_IU3,PL91	: 	: 	: 	: 	: 	: 	: 	: 	: 	: 	: 	: 	: 	: 	: 	: 	: 	97.26 	97.11 	97.86 
A,I_IDAY,PC_IND_IU3,PL92	: 	: 	: 	: 	: 	: 	: 	: 	: 	: 	: 	: 	: 	: 	: 	: 	: 	92.89 	94.49 	95.71 
A,I_IDAY,PC_IND_IU3,PT	62.38 	66.98 	70.31 	71.71 	74.71 	75.22 	74.35 	76.63 	78.94 	80.82 	84.53 	84.86 	85.60 	86.82 	90.01 	90.59 	94.21 	94.55 	95.18 	95.61 
A,I_IDAY,PC_IND_IU3,PT1	: 	: 	: 	: 	: 	75.25 	74.48 	76.75 	78.86 	81.01 	84.49 	84.89 	85.61 	86.87 	90.21 	90.68 	94.20 	94.57 	95.24 	95.64 
A,I_IDAY,PC_IND_IU3,PT11	: 	: 	: 	: 	: 	73.40 	69.62 	72.37 	77.18 	77.64 	82.47 	82.12 	84.04 	86.15 	89.81 	89.99 	93.60 	93.32 	94.51 	95.63 
A,I_IDAY,PC_IND_IU3,PT15	: 	: 	: 	: 	: 	80.26 	73.41 	76.27 	74.06 	80.41 	80.95 	81.96 	85.49 	85.28 	86.77 	89.87 	94.11 	94.66 	95.18 	96.42 
A,I_IDAY,PC_IND_IU3,PT16	: 	: 	: 	: 	: 	70.81 	71.99 	74.26 	78.06 	80.87 	81.98 	85.01 	85.65 	87.01 	90.81 	89.88 	93.92 	94.75 	: 	: 
A,I_IDAY,PC_IND_IU3,PT17	: 	: 	: 	: 	: 	79.51 	81.25 	82.74 	82.58 	85.56 	88.09 	88.41 	86.99 	88.25 	90.93 	92.89 	95.16 	95.77 	: 	: 
A,I_IDAY,PC_IND_IU3,PT18	: 	: 	: 	: 	: 	73.46 	74.14 	76.82 	75.16 	77.38 	87.67 	83.99 	87.15 	84.43 	89.35 	87.43 	94.01 	95.16 	: 	: 
A,I_IDAY,PC_IND_IU3,PT19	: 	: 	: 	: 	: 	: 	: 	: 	: 	: 	: 	: 	: 	: 	: 	: 	: 	: 	94.09 	94.79 
A,I_IDAY,PC_IND_IU3,PT1A	: 	: 	: 	: 	: 	: 	: 	: 	: 	: 	: 	: 	: 	: 	: 	: 	: 	: 	96.40 	95.98 
A,I_IDAY,PC_IND_IU3,PT1B	: 	: 	: 	: 	: 	: 	: 	: 	: 	: 	: 	: 	: 	: 	: 	: 	: 	: 	96.00 	94.65 
A,I_IDAY,PC_IND_IU3,PT1C	: 	: 	: 	: 	: 	: 	: 	: 	: 	: 	: 	: 	: 	: 	: 	: 	: 	: 	96.24 	96.27 
A,I_IDAY,PC_IND_IU3,PT1D	: 	: 	: 	: 	: 	: 	: 	: 	: 	: 	: 	: 	: 	: 	: 	: 	: 	: 	96.23 	96.63 
A,I_IDAY,PC_IND_IU3,PT2	: 	: 	: 	: 	: 	73.23 	71.21 	72.85 	80.37 	79.51 	85.36 	81.84 	85.01 	85.89 	86.58 	87.37 	94.47 	93.16 	94.09 	94.08 
A,I_IDAY,PC_IND_IU3,PT20	: 	: 	: 	: 	: 	73.23 	71.21 	72.85 	80.37 	79.51 	85.36 	81.84 	85.01 	85.89 	86.58 	87.37 	94.47 	93.16 	94.09 	94.08 
A,I_IDAY,PC_IND_IU3,PT3	: 	: 	: 	: 	: 	75.91 	72.12 	75.83 	80.37 	74.95 	85.11 	86.74 	85.54 	85.95 	86.15 	90.03 	94.39 	95.05 	93.91 	95.82 
A,I_IDAY,PC_IND_IU3,PT30	: 	: 	: 	: 	: 	75.91 	72.12 	75.83 	80.37 	74.95 	85.11 	86.74 	85.54 	85.95 	86.15 	90.03 	94.39 	95.05 	93.91 	95.82 
A,I_IDAY,PC_IND_IU3,RO	42.02 	49.09 	53.54 	55.98 	56.87 	59.40 	62.56 	64.69 	60.03 b	65.70 	71.27 	73.30 	75.53 	76.98 	79.14 	82.31 	90.25 	92.00 	93.44 	94.66 
A,I_IDAY,PC_IND_IU3,RO1	: 	: 	: 	: 	: 	57.72 	59.62 	63.10 	59.78 b	66.11 	71.77 	74.75 	75.97 	79.12 	82.27 	85.39 	92.56 	93.30 	94.50 	95.17 
A,I_IDAY,PC_IND_IU3,RO11	: 	: 	: 	: 	: 	57.34 	61.53 	65.05 	60.68 b	68.15 	72.87 	75.50 	79.52 	79.00 	79.46 	85.49 	92.16 	93.66 	95.82 	96.92 
A,I_IDAY,PC_IND_IU3,RO12	: 	: 	: 	: 	: 	58.11 	57.40 	60.90 	58.81 b	63.96 	70.56 	73.84 	71.57 	79.28 	85.69 	85.27 	93.02 	92.89 	92.99 	93.26 
A,I_IDAY,PC_IND_IU3,RO2	: 	: 	: 	: 	: 	60.25 	61.46 	60.23 	57.49 b	59.60 	66.01 	69.74 	69.55 	71.75 	75.21 	77.46 	86.03 	90.69 	91.37 	95.01 
A,I_IDAY,PC_IND_IU3,RO21	: 	: 	: 	: 	: 	58.62 	58.91 	54.62 	56.96 b	56.97 	59.73 	65.45 	67.12 	67.55 	71.33 	75.69 	84.10 	89.94 	91.01 	94.89 
A,I_IDAY,PC_IND_IU3,RO22	: 	: 	: 	: 	: 	62.35 	64.62 	67.77 	58.16 b	63.20 	74.21 	75.39 	72.85 	77.58 	80.43 	79.92 	88.58 	91.74 	91.88 	95.17 
A,I_IDAY,PC_IND_IU3,RO3	: 	: 	: 	: 	: 	62.44 	66.09 	69.25 	66.48 b	71.03 	74.27 	75.16 	79.91 	79.77 	80.23 	85.30 	92.58 	91.95 	93.57 	93.79 
A,I_IDAY,PC_IND_IU3,RO31	: 	: 	: 	: 	: 	58.14 	61.00 	55.98 	57.26 b	66.50 	68.60 	68.24 	73.30 	76.77 	78.70 	80.39 	88.59 	88.35 	90.94 	94.57 
A,I_IDAY,PC_IND_IU3,RO32	: 	: 	: 	: 	: 	66.33 	70.98 	80.74 	73.78 b	75.05 	79.25 	81.91 	86.09 	83.19 	81.83 	90.90 	96.45 	96.02 	96.61 	92.88 
A,I_IDAY,PC_IND_IU3,RO4	: 	: 	: 	: 	: 	55.55 	62.49 	66.94 	54.27 b	65.32 	73.32 	73.49 	76.30 	77.49 	78.93 	80.96 	89.74 	92.34 	94.84 	94.73 
A,I_IDAY,PC_IND_IU3,RO41	: 	: 	: 	: 	: 	56.75 	59.83 	69.41 	63.48 b	62.60 	66.85 	71.63 	72.49 	77.20 	75.80 	78.63 	89.16 	93.29 	94.28 	95.01 
A,I_IDAY,PC_IND_IU3,RO42	: 	: 	: 	: 	: 	54.41 	64.91 	64.47 	47.96 b	67.73 	80.09 	75.21 	80.02 	77.78 	81.59 	83.26 	90.34 	91.33 	95.39 	94.42 
A,I_IDAY,PC_IND_IU3,RS	: 	50.13 	: 	65.67 	: 	: 	: 	: 	: 	83.53 	: 	88.19 	92.24 	93.25 	91.92 	92.34 	97.58 	96.98 	96.33 	96.77 
A,I_IDAY,PC_IND_IU3,RS1	: 	: 	: 	: 	: 	: 	: 	: 	: 	: 	: 	: 	: 	93.92 	92.32 	91.17 	97.85 	97.94 	97.17 	97.32 
A,I_IDAY,PC_IND_IU3,RS11	: 	: 	: 	: 	: 	: 	: 	: 	: 	: 	: 	: 	: 	96.62 	94.79 	88.63 	99.31 	98.90 	97.80 	97.15 
A,I_IDAY,PC_IND_IU3,RS12	: 	: 	: 	: 	: 	: 	: 	: 	: 	: 	: 	: 	: 	91.78 	89.93 	92.91 	96.49 	97.12 	96.62 	97.49 
A,I_IDAY,PC_IND_IU3,RS2	: 	: 	: 	: 	: 	: 	: 	: 	: 	: 	: 	: 	: 	92.57 	91.56 	93.38 	97.34 	96.00 	95.39 	96.16 
A,I_IDAY,PC_IND_IU3,RS21	: 	: 	: 	: 	: 	: 	: 	: 	: 	: 	: 	: 	: 	91.56 	90.95 	94.25 	97.09 	95.64 	94.95 	95.90 
A,I_IDAY,PC_IND_IU3,RS22	: 	: 	: 	: 	: 	: 	: 	: 	: 	: 	: 	: 	: 	93.83 	92.42 	92.33 	97.75 	96.43 	95.99 	96.49 
A,I_IDAY,PC_IND_IU3,SE	70.72 	72.73 	78.15 	81.51 	84.12 	86.66 	85.56 	85.49 	89.26 	90.48 	91.16 b	93.63 	95.39 	93.71 	95.00 	95.11 	97.67 	97.56 	97.80 	98.16 
A,I_IDAY,PC_IND_IU3,SE1	: 	: 	: 	: 	: 	89.40 	87.12 	89.01 	90.15 	91.29 	91.17 b	93.18 	96.13 	93.14 	95.54 	95.26 	98.01 	98.19 	97.71 	97.64 
A,I_IDAY,PC_IND_IU3,SE11	: 	: 	: 	: 	: 	91.39 	88.91 	91.17 	89.77 	92.74 	92.63 b	93.91 	96.85 	94.44 	96.38 	96.04 	97.82 	98.97 	97.90 	97.78 
A,I_IDAY,PC_IND_IU3,SE12	: 	: 	: 	: 	: 	86.64 	84.70 	85.82 	90.65 	89.34 	89.38 b	92.39 	95.19 	91.08 	94.39 	94.12 	98.25 	97.13 	97.44 	97.46 
A,I_IDAY,PC_IND_IU3,SE2	: 	: 	: 	: 	: 	84.30 	84.03 	84.15 	89.83 	90.75 	90.86 b	93.78 	95.53 	93.27 	95.63 	95.58 	98.37 	97.09 	98.02 	98.68 
A,I_IDAY,PC_IND_IU3,SE21	: 	: 	: 	: 	: 	81.65 	78.35 	80.53 	88.68 	88.94 	88.57 b	91.06 	96.04 	94.88 	97.39 	92.89 	98.70 	96.56 	97.21 	98.47 
A,I_IDAY,PC_IND_IU3,SE22	: 	: 	: 	: 	: 	86.92 	84.56 	86.33 	87.86 	94.85 	91.67 b	92.37 	98.57 	93.28 	94.55 	96.43 	99.08 	96.27 	98.32 	97.82 
A,I_IDAY,PC_IND_IU3,SE23	: 	: 	: 	: 	: 	83.67 	85.92 	84.18 	91.52 	89.06 	91.15 b	96.34 	93.16 	92.62 	95.58 	96.03 	97.74 	98.01 	98.18 	99.35 
A,I_IDAY,PC_IND_IU3,SE3	: 	: 	: 	: 	: 	86.41 	85.50 	80.99 	85.81 	87.89 	92.04 b	94.40 	93.27 	96.21 	91.94 	93.68 	94.82 	97.31 	97.47 	98.08 
A,I_IDAY,PC_IND_IU3,SE31	: 	: 	: 	: 	: 	86.24 	82.34 	77.71 	84.83 	86.33 	92.52 b	91.97 	93.82 	95.31 	91.07 	94.41 	97.65 	97.32 	96.16 	98.61 
A,I_IDAY,PC_IND_IU3,SE32	: 	: 	: 	: 	: 	87.09 	83.62 	82.55 u	91.51 	88.98 	95.41 bu	94.84 u	100.00 u	98.51 u	92.72 	94.77 	91.44 	98.37 	98.75 	96.94 
A,I_IDAY,PC_IND_IU3,SE33	: 	: 	: 	: 	: 	86.22 	91.28 	85.10 	81.33 u	89.50 	89.08 b	97.63 	88.86 	95.90 	92.84 	91.77 	92.84 	96.51 	98.43 	98.13 
A,I_IDAY,PC_IND_IU3,SI	71.55 	71.79 	71.84 	75.80 	80.23 	80.32 	77.26 	79.78 	80.78 	83.16 	85.33 	86.51 	89.13 	89.25 	88.13 	95.22 	96.32 	95.93 	96.23 	96.07 
A,I_IDAY,PC_IND_IU3,SI0	: 	: 	: 	: 	: 	80.32 	77.26 	79.78 	80.78 	83.16 	85.33 	86.51 	89.13 	89.25 	88.13 	95.22 	96.32 	95.93 	96.23 	96.07 
A,I_IDAY,PC_IND_IU3,SI01	: 	: 	: 	: 	: 	: 	: 	: 	77.87 	: 	: 	: 	: 	: 	: 	: 	: 	: 	: 	: 
A,I_IDAY,PC_IND_IU3,SI02	: 	: 	: 	: 	: 	: 	: 	: 	83.75 	: 	: 	: 	: 	: 	: 	: 	: 	: 	: 	: 
A,I_IDAY,PC_IND_IU3,SI03	: 	: 	: 	: 	: 	: 	: 	: 	: 	81.44 	84.26 	83.34 	89.26 	87.98 	85.89 	95.03 	96.34 	95.56 	95.22 	95.35 
A,I_IDAY,PC_IND_IU3,SI04	: 	: 	: 	: 	: 	: 	: 	: 	: 	84.84 	86.44 	89.85 	88.99 	90.55 	90.53 	95.42 	96.31 	96.31 	97.28 	96.84 
A,I_IDAY,PC_IND_IU3,SK	53.27 	58.33 	67.14 	70.48 	76.09 	75.74 	77.93 	78.54 	78.07 	77.82 	83.91 	84.99 	84.34 	91.44 	88.83 	89.98 	92.98 	94.20 	94.61 	94.53 
A,I_IDAY,PC_IND_IU3,SK0	: 	: 	: 	: 	: 	75.74 	77.93 	78.54 	78.07 	77.82 	83.91 	84.99 	84.34 	91.44 	88.83 	89.98 	92.98 	94.20 	94.61 	94.53 
A,I_IDAY,PC_IND_IU3,SK01	: 	: 	: 	: 	: 	81.19 	81.12 	79.19 	79.85 	83.76 	85.48 	82.42 	85.19 	92.50 	91.10 	94.50 	93.76 	96.50 	95.11 	95.15 
A,I_IDAY,PC_IND_IU3,SK02	: 	: 	: 	: 	: 	72.96 	78.67 	79.50 	79.80 	81.43 	84.19 	85.64 	84.45 	93.52 	88.99 	89.23 	93.02 	93.74 	94.53 	94.32 
A,I_IDAY,PC_IND_IU3,SK03	: 	: 	: 	: 	: 	74.69 	72.49 	73.01 	76.97 	71.39 	82.58 	83.49 	82.64 	87.86 	87.50 	87.81 	92.26 	94.39 	95.11 	94.64 
A,I_IDAY,PC_IND_IU3,SK04	: 	: 	: 	: 	: 	77.61 	80.05 	82.05 	76.28 	76.67 	84.03 	86.49 	85.32 	91.49 	88.82 	90.70 	93.17 	93.45 	94.01 	94.36 
A,I_IDAY,PC_IND_IU3,TR	: 	59.38 	59.47 	59.31 	59.30 	: 	62.54 	68.90 	71.22 	77.63 	83.45 	87.88 	88.64 	90.81 	91.21 	93.98 	95.90 	95.75 	96.48 	97.06 
A,I_IDAY,PC_IND_IU3,TR1	: 	: 	: 	: 	: 	: 	68.73 	78.53 	78.79 	84.18 	87.50 	92.94 	91.57 	95.42 	93.49 	97.16 	97.37 	98.66 	98.11 	98.92 
A,I_IDAY,PC_IND_IU3,TR2	: 	: 	: 	: 	: 	: 	60.69 	64.00 	72.21 	79.52 	85.48 	88.55 	88.58 	90.76 	91.88 	91.19 	94.68 	95.23 	96.95 	97.20 
A,I_IDAY,PC_IND_IU3,TR3	: 	: 	: 	: 	: 	: 	64.73 	69.15 	69.68 	80.15 	85.76 	87.11 	91.89 	92.35 	92.03 	95.54 	95.59 	95.42 	95.74 	96.19 
A,I_IDAY,PC_IND_IU3,TR4	: 	: 	: 	: 	: 	: 	62.78 	67.85 	73.08 	80.67 	83.68 	89.80 	89.61 	90.84 	92.10 	94.65 	98.13 	97.06 	98.87 	98.87 
A,I_IDAY,PC_IND_IU3,TR5	: 	: 	: 	: 	: 	: 	68.17 	73.16 	70.64 	78.32 	85.56 	90.37 	91.63 	92.44 	94.00 	94.73 	96.46 	97.22 	98.04 	98.05 
A,I_IDAY,PC_IND_IU3,TR6	: 	: 	: 	: 	: 	: 	56.39 	65.53 	70.27 	75.74 	82.03 	87.91 	87.20 	88.41 	90.40 	91.75 	96.45 	95.92 	97.11 	95.96 
A,I_IDAY,PC_IND_IU3,TR7	: 	: 	: 	: 	: 	: 	55.99 	63.10 	65.82 	74.82 	82.26 	87.57 	86.13 	90.83 	92.30 	91.15 	93.92 	96.15 	96.13 	97.05 
A,I_IDAY,PC_IND_IU3,TR8	: 	: 	: 	: 	: 	: 	56.53 	62.91 	66.51 	70.42 	79.37 	84.33 	84.22 	90.24 	90.21 	93.48 	94.01 	91.94 	94.61 	94.65 
A,I_IDAY,PC_IND_IU3,TR9	: 	: 	: 	: 	: 	: 	55.96 	70.48 	74.11 	78.82 	83.82 	85.59 	86.90 	87.15 	83.89 	97.93 	94.02 	96.02 	94.44 	95.35 
A,I_IDAY,PC_IND_IU3,TRA	: 	: 	: 	: 	: 	: 	51.53 	59.82 	59.56 	45.91 	80.93 	73.28 	74.92 	82.59 	84.26 	88.70 	93.18 	89.32 	90.28 	96.88 
A,I_IDAY,PC_IND_IU3,TRB	: 	: 	: 	: 	: 	: 	52.72 	53.66 	61.22 	65.00 	72.36 	74.70 	77.29 	84.36 	85.38 	91.58 	93.65 	90.88 	91.48 	94.94 
A,I_IDAY,PC_IND_IU3,TRC	: 	: 	: 	: 	: 	: 	53.31 	53.41 	60.08 	66.75 	72.45 	77.71 	83.77 	82.09 	86.10 	89.06 	93.51 	91.51 	93.45 	95.22 
A,I_IDAY,PC_IND_IU3,UK	59.38 	66.86 	69.88 	73.53 	78.95 	81.58 	83.74 	86.77 	88.93 	89.70 	92.56 	89.97 	95.53 	95.69 	96.10 	: 	: 	: 	: 	: 
A,I_IDAY,PC_IND_IU3,UKC	: 	: 	: 	: 	: 	71.81 	78.91 	79.31 	86.37 	82.51 	88.65 	85.66 	94.94 	90.02 	95.09 	: 	: 	: 	: 	: 
A,I_IDAY,PC_IND_IU3,UKD	: 	: 	: 	: 	: 	81.62 	75.57 	84.00 	88.56 	85.92 	92.92 	86.60 	92.35 	95.99 	95.28 	: 	: 	: 	: 	: 
A,I_IDAY,PC_IND_IU3,UKE	: 	: 	: 	: 	: 	79.67 	85.12 	86.76 	86.79 	90.42 	90.63 	89.29 	96.67 	97.13 	94.81 	: 	: 	: 	: 	: 
A,I_IDAY,PC_IND_IU3,UKF	: 	: 	: 	: 	: 	82.39 	81.18 	84.77 	89.26 	92.68 	89.94 	90.52 	97.77 	95.54 	94.94 	: 	: 	: 	: 	: 
A,I_IDAY,PC_IND_IU3,UKG	: 	: 	: 	: 	: 	81.12 	83.50 	85.09 	86.43 	87.51 	91.64 	83.31 	96.21 	97.51 	95.80 	: 	: 	: 	: 	: 
A,I_IDAY,PC_IND_IU3,UKH	: 	: 	: 	: 	: 	84.04 	80.64 	85.93 	85.09 	93.36 	94.32 	92.40 	94.84 	96.17 	95.74 	: 	: 	: 	: 	: 
A,I_IDAY,PC_IND_IU3,UKI	: 	: 	: 	: 	: 	88.56 	90.21 	92.15 	92.00 	92.12 	94.76 	93.53 	96.44 	98.14 	98.40 	: 	: 	: 	: 	: 
A,I_IDAY,PC_IND_IU3,UKJ	: 	: 	: 	: 	: 	83.10 	85.99 	91.76 	92.62 	90.86 	93.92 	93.53 	94.67 	95.26 	98.47 	: 	: 	: 	: 	: 
A,I_IDAY,PC_IND_IU3,UKK	: 	: 	: 	: 	: 	81.51 	84.74 	86.97 	92.86 	88.04 	96.71 	88.75 	96.82 	96.06 	95.69 	: 	: 	: 	: 	: 
A,I_IDAY,PC_IND_IU3,UKL	: 	: 	: 	: 	: 	72.10 	80.34 	86.07 	86.80 	91.21 	88.40 	86.27 	94.65 	94.31 	94.25 	: 	: 	: 	: 	: 
A,I_IDAY,PC_IND_IU3,UKM	: 	: 	: 	: 	: 	76.67 	88.80 	81.38 	85.54 	83.54 	89.88 	94.04 	96.21 	90.76 	94.24 	: 	: 	: 	: 	: 
A,I_IDAY,PC_IND_IU3,UKN	: 	: 	: 	: 	: 	: 	: 	86.28 	88.70 	90.12 	90.56 	86.15 	95.22 	97.13 	: 	: 	: 	: 	: 	: 
A,I_IDAY,PC_IND_IU3,XK	: 	: 	: 	: 	: 	: 	: 	: 	: 	: 	: 	91.31 	94.00 	96.42 	97.16 	: 	: 	: 	98.21 	99.56 
A,I_ILT12,PC_IND,AL	: 	: 	: 	: 	: 	: 	: 	: 	: 	: 	: 	: 	64.99 	69.64 	73.93 	80.12 	85.82 	85.61 	88.44 	89.39 
A,I_ILT12,PC_IND,AT	63.60 	69.37 	72.87 	73.45 	75.17 	79.85 	81.11 	81.58 	82.46 	84.63 	85.11 	88.39 	87.82 	88.49 	89.01 	92.92 	94.16 	95.72 	95.34 	95.62 
A,I_ILT12,PC_IND,AT1	: 	: 	: 	: 	: 	81.53 	82.28 	80.37 	83.85 	85.97 	86.71 	89.25 	88.65 	89.23 	90.20 	94.01 	94.68 	96.17 	95.18 	96.97 
A,I_ILT12,PC_IND,AT11	: 	: 	: 	: 	: 	72.57 	78.05 	76.35 	81.41 	: 	82.62 	85.97 	86.95 	80.92 	86.17 	90.12 	90.90 	94.26 	93.58 	95.79 
A,I_ILT12,PC_IND,AT12	: 	: 	: 	: 	: 	80.03 	79.32 	78.43 	80.72 	: 	85.25 	86.64 	86.03 	88.89 	87.60 	93.79 	92.46 	95.21 	94.63 	95.74 
A,I_ILT12,PC_IND,AT13	: 	: 	: 	: 	: 	84.37 	85.66 	82.78 	87.04 	: 	88.62 	92.00 	91.18 	90.80 	93.07 	94.80 	97.17 	97.26 	95.89 	98.17 
A,I_ILT12,PC_IND,AT2	: 	: 	: 	: 	: 	75.23 	79.39 	80.56 	77.87 	81.45 	82.15 	87.31 	86.25 	86.42 	85.72 	90.19 	92.84 	94.74 	94.15 	94.05 
A,I_ILT12,PC_IND,AT21	: 	: 	: 	: 	: 	77.28 	77.95 	77.94 	77.39 	: 	83.48 	84.93 	85.77 	86.51 	86.57 	89.86 	92.62 	94.41 	94.66 	92.43 
A,I_ILT12,PC_IND,AT22	: 	: 	: 	: 	: 	74.29 	80.05 	81.75 	78.10 	: 	81.55 	88.38 	86.46 	86.38 	85.34 	90.34 	92.95 	94.89 	93.93 	94.77 
A,I_ILT12,PC_IND,AT3	: 	: 	: 	: 	: 	80.53 	80.70 	83.65 	83.46 	84.84 	84.85 	87.96 	87.70 	88.75 	89.43 	93.13 	94.25 	95.71 	96.20 	94.81 
A,I_ILT12,PC_IND,AT31	: 	: 	: 	: 	: 	78.92 	80.54 	83.70 	83.30 	: 	85.13 	86.06 	87.03 	87.08 	88.11 	92.98 	93.76 	95.31 	95.99 	94.07 
A,I_ILT12,PC_IND,AT32	: 	: 	: 	: 	: 	81.97 	83.81 	83.03 	84.36 	: 	83.89 	90.93 	88.10 	89.80 	89.71 	92.96 	94.45 	96.72 	96.72 	94.59 
A,I_ILT12,PC_IND,AT33	: 	: 	: 	: 	: 	79.99 	75.62 	82.79 	82.39 	: 	83.81 	89.15 	88.21 	90.33 	90.38 	93.28 	95.09 	95.01 	96.61 	95.11 
A,I_ILT12,PC_IND,AT34	: 	: 	: 	: 	: 	85.69 	86.69 	86.05 	84.88 	: 	87.19 	88.56 	88.64 	90.53 	92.12 	93.67 	94.18 	97.09 	95.50 	97.31 
A,I_ILT12,PC_IND,BA	: 	: 	: 	: 	: 	: 	: 	: 	: 	: 	: 	: 	71.82 	70.89 	74.36 	76.67 	: 	84.01 	86.72 	90.35 
A,I_ILT12,PC_IND,BE	64.18 	69.27 	71.25 	76.20 	79.26 	82.61 	81.80 	83.03 	86.15 	86.06 	87.31 	88.83 	89.93 	91.41 	92.16 	93.62 	94.53 	95.26 	96.32 	96.90 
A,I_ILT12,PC_IND,BE1	: 	: 	: 	: 	: 	84.73 	83.56 	82.12 	82.90 	86.84 	89.64 	90.11 	92.00 	90.59 	90.30 	95.02 	95.38 	95.20 	97.27 	96.66 
A,I_ILT12,PC_IND,BE10	: 	: 	: 	: 	: 	84.73 	83.56 	82.12 	82.90 	86.84 	89.64 	90.11 	92.00 	90.59 	90.30 	95.02 	95.38 	95.20 	97.27 	96.66 
A,I_ILT12,PC_IND,BE2	: 	: 	: 	: 	: 	83.51 	83.40 	85.40 	89.21 	86.86 	88.25 	90.10 	91.26 	92.85 	93.63 	95.34 	95.47 	96.37 	97.16 	97.21 
A,I_ILT12,PC_IND,BE21	: 	: 	: 	: 	: 	84.60 	83.64 	87.85 	89.83 	86.91 	88.73 	92.28 	92.94 	93.71 	93.15 	95.25 	96.25 	96.71 	97.55 	98.31 
A,I_ILT12,PC_IND,BE22	: 	: 	: 	: 	: 	82.75 	80.87 	82.63 	91.37 	87.46 	87.57 	88.33 	88.42 	93.15 	92.12 	93.49 	96.57 	96.08 	97.68 	97.30 
A,I_ILT12,PC_IND,BE23	: 	: 	: 	: 	: 	82.29 	83.67 	84.76 	87.85 	86.38 	88.80 	87.65 	90.57 	90.36 	94.93 	95.50 	93.46 	96.16 	97.57 	97.34 
A,I_ILT12,PC_IND,BE24	: 	: 	: 	: 	: 	85.46 	87.14 	86.74 	89.14 	88.59 	88.96 	91.43 	91.62 	95.54 	95.97 	96.07 	95.26 	98.06 	96.79 	96.12 
A,I_ILT12,PC_IND,BE25	: 	: 	: 	: 	: 	82.14 	81.12 	83.27 	88.40 	85.31 	86.66 	89.89 	91.34 	91.92 	91.57 	95.96 	96.39 	94.99 	95.99 	96.32 
A,I_ILT12,PC_IND,BE3	: 	: 	: 	: 	: 	80.28 	78.34 	79.05 	81.68 	84.35 	84.86 	86.14 	86.86 	89.08 	90.14 	90.03 	92.54 	93.26 	94.46 	96.42 
A,I_ILT12,PC_IND,BE31	: 	: 	: 	: 	: 	87.59 	92.00 	87.89 	88.29 	92.75 	91.58 	90.02 	94.33 	93.17 	96.88 	95.61 	97.15 	92.60 	95.73 	98.74 
A,I_ILT12,PC_IND,BE32	: 	: 	: 	: 	: 	80.35 	74.23 	76.70 	78.58 	82.55 	81.11 	83.37 	84.95 	85.84 	89.24 	87.13 	93.18 	93.69 	93.60 	96.55 
A,I_ILT12,PC_IND,BE33	: 	: 	: 	: 	: 	74.52 	77.15 	78.60 	81.22 	83.17 	86.35 	86.68 	87.64 	91.39 	90.93 	92.16 	90.58 	94.43 	95.94 	95.43 
A,I_ILT12,PC_IND,BE34	: 	: 	: 	: 	: 	79.13 	80.81 	77.35 	82.65 	86.66 	84.75 	89.37 	86.18 	89.47 	87.21 	92.55 	89.37 	90.71 	93.95 	96.07 
A,I_ILT12,PC_IND,BE35	: 	: 	: 	: 	: 	87.96 	79.90 	80.32 	85.34 	83.80 	86.35 	87.45 	84.60 	89.15 	87.02 	88.09 	92.80 	91.76 	93.01 	96.14 
A,I_ILT12,PC_IND,BG	27.09 	33.64 	39.67 	45.00 	46.23 	51.11 	55.06 	56.18 	59.24 	60.33 	62.21 	65.89 	67.42 	70.58 	74.27 	78.22 	83.11 	83.97 	87.05 	89.82 
A,I_ILT12,PC_IND,BG3	: 	: 	: 	: 	: 	45.26 	50.65 	51.69 	55.00 	55.70 	59.22 	63.58 	65.44 	68.57 	69.65 	76.67 	80.30 	80.74 	85.17 	87.97 
A,I_ILT12,PC_IND,BG31	: 	: 	: 	: 	: 	43.73 	42.05 	49.31 	51.47 	46.20 	58.34 	60.03 	62.82 	66.77 	64.02 	71.37 	78.88 	76.89 	83.30 	86.29 
A,I_ILT12,PC_IND,BG32	: 	: 	: 	: 	: 	47.40 	53.16 	54.21 	60.01 	60.09 	58.66 	67.77 	65.98 	71.07 	69.96 	79.24 	81.53 	82.01 	88.34 	86.08 
A,I_ILT12,PC_IND,BG33	: 	: 	: 	: 	: 	41.36 	50.87 	52.51 	58.30 	56.43 	64.83 	64.88 	67.98 	68.56 	71.77 	79.53 	83.13 	82.52 	84.61 	91.36 
A,I_ILT12,PC_IND,BG34	: 	: 	: 	: 	: 	48.26 	55.04 	50.70 	50.62 	58.63 	55.16 	61.68 	64.59 	67.93 	71.44 	75.78 	77.74 	80.95 	84.65 	87.45 
A,I_ILT12,PC_IND,BG4	: 	: 	: 	: 	: 	57.19 	59.56 	60.74 	63.51 	64.98 	65.19 	68.18 	69.37 	72.56 	78.77 	79.72 	85.83 	86.98 	88.80 	91.52 
A,I_ILT12,PC_IND,BG41	: 	: 	: 	: 	: 	65.40 	64.68 	67.48 	68.93 	70.68 	67.28 	70.84 	72.32 	76.36 	82.74 	81.70 	88.96 	89.64 	91.09 	93.57 
A,I_ILT12,PC_IND,BG42	: 	: 	: 	: 	: 	45.54 	52.02 	50.76 	55.42 	56.46 	62.05 	64.15 	64.91 	66.79 	72.77 	76.75 	81.09 	82.82 	85.23 	88.32 
A,I_ILT12,PC_IND,CH	: 	: 	: 	: 	: 	: 	: 	: 	90.59 	: 	: 	94.52 b	: 	96.82 	: 	98.41 	: 	99.32 	: 	99.12 
A,I_ILT12,PC_IND,CH0	: 	: 	: 	: 	: 	: 	: 	: 	90.59 	: 	: 	94.52 b	: 	96.82 	: 	98.41 	: 	99.32 	: 	99.12 
A,I_ILT12,PC_IND,CH01	: 	: 	: 	: 	: 	: 	: 	: 	90.93 	: 	: 	93.53 b	: 	97.36 	: 	99.23 	: 	99.20 	: 	99.57 
A,I_ILT12,PC_IND,CH02	: 	: 	: 	: 	: 	: 	: 	: 	88.65 	: 	: 	94.33 b	: 	95.06 	: 	97.72 	: 	99.37 	: 	99.14 
A,I_ILT12,PC_IND,CH03	: 	: 	: 	: 	: 	: 	: 	: 	90.59 	: 	: 	94.94 b	: 	98.39 	: 	97.97 	: 	100.00 	: 	98.41 
A,I_ILT12,PC_IND,CH04	: 	: 	: 	: 	: 	: 	: 	: 	93.56 	: 	: 	95.28 b	: 	98.28 	: 	99.25 	: 	99.42 	: 	99.16 
A,I_ILT12,PC_IND,CH05	: 	: 	: 	: 	: 	: 	: 	: 	91.21 	: 	: 	95.10 b	: 	96.09 	: 	98.65 	: 	98.80 	: 	99.81 
A,I_ILT12,PC_IND,CH06	: 	: 	: 	: 	: 	: 	: 	: 	91.03 	: 	: 	95.91 b	: 	96.40 	: 	97.65 	: 	99.36 	: 	98.68 
A,I_ILT12,PC_IND,CH07	: 	: 	: 	: 	: 	: 	: 	: 	83.90 	: 	: 	90.34 b	: 	95.93 	: 	96.86 	: 	98.51 	: 	97.95 
A,I_ILT12,PC_IND,CY	35.83 	40.77 	42.32 	49.81 	52.99 	57.68 	61.46 	66.13 	70.12 	72.29 	76.11 	81.19 	84.71 	86.21 	90.89 	90.85 	90.91 	91.37 	94.73 	93.81 
A,I_ILT12,PC_IND,CY0	: 	: 	: 	: 	: 	57.68 	61.46 	66.13 	70.12 	72.29 	76.11 	81.19 	84.71 	86.21 	90.89 	90.85 	90.91 	91.37 	94.73 	93.81 
A,I_ILT12,PC_IND,CY00	: 	: 	: 	: 	: 	57.68 	61.46 	66.13 	70.12 	72.29 	76.11 	81.19 	84.71 	86.21 	90.89 	90.85 	90.91 	91.37 	94.73 	93.81 
A,I_ILT12,PC_IND,CZ	47.93 	51.93 	62.97 	64.43 	68.82 	72.97 	75.85 	75.85 	81.11 	82.59 	83.35 	85.38 	87.21 	87.52 	89.00 	89.94 	91.62 	92.75 	94.23 	95.06 
A,I_ILT12,PC_IND,CZ0	: 	: 	: 	: 	: 	72.97 	75.85 	75.85 	81.11 	82.59 	83.35 	85.38 	87.21 	87.52 	89.00 	89.94 	91.62 	92.75 	94.23 	95.06 
A,I_ILT12,PC_IND,CZ01	: 	: 	: 	: 	: 	79.16 	83.41 	79.77 	90.88 	92.76 	91.91 	92.21 	95.09 	95.38 	95.51 	94.49 	97.14 	97.10 	99.15 	98.75 
A,I_ILT12,PC_IND,CZ02	: 	: 	: 	: 	: 	75.44 	78.77 	80.77 	82.81 	84.16 	86.52 	89.12 	88.24 	90.28 	88.03 	88.03 	91.38 	92.59 	94.52 	95.69 
A,I_ILT12,PC_IND,CZ03	: 	: 	: 	: 	: 	72.97 	75.03 	75.11 	81.40 	86.05 	84.62 	86.83 	87.12 	89.66 	89.44 	91.13 	91.09 	93.43 	96.08 	97.94 
A,I_ILT12,PC_IND,CZ04	: 	: 	: 	: 	: 	67.57 	67.56 	70.20 	74.26 	76.55 	78.57 	82.24 	83.53 	81.40 	84.91 	89.16 	89.38 	93.61 	95.19 	94.18 
A,I_ILT12,PC_IND,CZ05	: 	: 	: 	: 	: 	73.09 	76.46 	76.77 	80.53 	83.23 	81.07 	82.82 	84.95 	86.81 	87.82 	88.19 	89.37 	89.38 	93.47 	92.96 
A,I_ILT12,PC_IND,CZ06	: 	: 	: 	: 	: 	73.97 	78.14 	76.78 	79.76 	79.95 	81.87 	83.85 	86.59 	84.88 	89.83 	89.96 	91.10 	92.64 	91.91 	93.63 
A,I_ILT12,PC_IND,CZ07	: 	: 	: 	: 	: 	66.79 	71.76 	74.65 	77.79 	78.52 	79.75 	83.01 	84.29 	84.59 	88.34 	89.02 	89.80 	91.71 	90.61 	92.51 
A,I_ILT12,PC_IND,CZ08	: 	: 	: 	: 	: 	73.92 	73.71 	71.52 	81.56 	79.71 	83.07 	83.56 	87.98 	87.15 	87.92 	90.09 	94.27 	92.59 	94.00 	95.60 
A,I_ILT12,PC_IND,DE	72.16 	75.16 	77.91 	79.26 	81.96 	82.90 	84.02 	85.70 	87.69 	88.83 	90.85 	91.40 	93.40 	93.98 	95.05 	92.24 b	93.01 	93.42 	94.37 	95.54 
A,I_ILT12,PC_IND,DE1	: 	: 	: 	: 	: 	81.59 	85.38 	87.04 	88.91 	89.21 	91.37 	91.51 	93.57 	93.75 	93.90 	91.83 b	94.26 	94.50 	95.92 	96.67 
A,I_ILT12,PC_IND,DE2	: 	: 	: 	: 	: 	84.00 	83.13 	85.02 	86.62 	90.96 	91.95 	90.82 	92.21 	94.69 	95.61 	89.74 b	91.34 	91.08 	92.80 	95.52 
A,I_ILT12,PC_IND,DE3	: 	: 	: 	: 	: 	81.70 	84.20 	86.38 	89.59 	89.50 	91.24 	93.56 	94.59 	94.23 	96.72 	95.65 b	95.45 	94.02 	94.60 	94.37 
A,I_ILT12,PC_IND,DE4	: 	: 	: 	: 	: 	76.05 	76.22 	74.91 	78.20 	81.51 	82.06 	85.64 	85.64 	87.12 	91.09 	91.76 b	91.33 	92.40 	92.32 	90.85 
A,I_ILT12,PC_IND,DE5	: 	: 	: 	: 	: 	94.38 	86.80 	87.55 	86.62 	96.15 	92.07 	95.24 	96.44 	93.77 	95.76 	87.01 b	90.64 	92.95 	85.17 	95.71 
A,I_ILT12,PC_IND,DE6	: 	: 	: 	: 	: 	85.45 	83.85 	88.37 	94.07 	90.82 	95.06 	94.65 	93.37 	96.25 	95.34 	94.83 b	93.52 	95.94 	97.24 	96.80 
A,I_ILT12,PC_IND,DE7	: 	: 	: 	: 	: 	87.69 	88.45 	87.11 	89.57 	89.56 	92.85 	93.04 	94.99 	95.67 	96.78 	95.38 b	93.37 	95.66 	95.56 	95.95 
A,I_ILT12,PC_IND,DE8	: 	: 	: 	: 	: 	74.66 	76.48 	74.92 	78.79 	83.46 	86.41 	81.75 	85.52 	89.71 	94.61 	90.22 b	93.21 	91.92 	94.30 	94.59 
A,I_ILT12,PC_IND,DE9	: 	: 	: 	: 	: 	84.41 	86.50 	87.03 	89.83 	91.56 	92.64 	94.20 	95.34 	95.61 	96.12 	90.72 b	92.18 	92.92 	95.01 	96.00 
A,I_ILT12,PC_IND,DEA	: 	: 	: 	: 	: 	84.13 	85.38 	86.88 	87.84 	88.63 	90.14 	91.64 	94.88 	94.21 	95.17 	94.26 b	93.68 	94.10 	94.60 	96.11 
A,I_ILT12,PC_IND,DEB	: 	: 	: 	: 	: 	84.05 	85.84 	89.56 	88.88 	90.72 	92.66 	94.69 	94.82 	94.36 	94.62 	93.26 b	95.87 	95.33 	96.08 	96.43 
A,I_ILT12,PC_IND,DEC	: 	: 	: 	: 	: 	80.40 	80.92 	87.65 	90.42 	87.98 	91.16 	88.90 	93.20 	91.05 	93.51 	88.54 b	90.36 	95.29 	98.06 	91.45 
A,I_ILT12,PC_IND,DED	: 	: 	: 	: 	: 	76.00 	76.23 	80.68 	83.10 	80.60 	87.68 	88.00 	90.18 	90.69 	93.03 	93.59 b	92.02 	94.58 	93.97 	95.36 
A,I_ILT12,PC_IND,DEE	: 	: 	: 	: 	: 	79.47 	80.17 	82.79 	84.38 	83.32 	88.26 	88.46 	92.35 	94.93 	95.86 	86.38 b	91.04 	90.84 	90.10 	91.88 
A,I_ILT12,PC_IND,DEF	: 	: 	: 	: 	: 	83.63 	83.31 	85.05 	92.76 	92.09 	91.91 	91.21 	94.24 	94.04 	95.89 	92.71 b	93.15 	89.40 	93.35 	95.82 
A,I_ILT12,PC_IND,DEG	: 	: 	: 	: 	: 	81.10 	82.71 	87.34 	85.55 	84.83 	87.78 	87.90 	91.45 	91.90 	92.30 	88.00 b	90.55 	92.52 	91.69 	92.79 
A,I_ILT12,PC_IND,DK	86.65 	85.03 	85.02 	86.84 	88.72 	90.91 	92.85 	95.31 	96.37 	96.57 	97.13 	97.32 	97.85 	97.43 	98.82 	98.99 	98.09 	98.99 	100.00 	100.00 
A,I_ILT12,PC_IND,DK0	: 	: 	: 	: 	: 	90.91 	92.85 	95.31 	96.37 	96.57 	97.13 	97.32 	97.85 	97.43 	98.82 	98.99 	98.09 	98.99 	100.00 	100.00 
A,I_ILT12,PC_IND,DK01	: 	: 	: 	: 	: 	92.82 	95.32 	97.21 	97.69 	97.45 	98.37 	99.14 	97.99 	97.80 	99.31 	98.78 	98.52 	99.22 	100.00 	100.00 
A,I_ILT12,PC_IND,DK02	: 	: 	: 	: 	: 	89.03 	90.99 	93.72 	95.84 	96.51 	96.76 	95.84 	96.37 	97.29 	98.52 	98.46 	97.81 	98.73 	100.00 	100.00 
A,I_ILT12,PC_IND,DK03	: 	: 	: 	: 	: 	88.21 	91.31 	93.02 	96.28 	96.59 	95.27 	97.24 	97.57 	97.04 	98.86 	99.13 	98.38 	98.67 	100.00 	100.00 
A,I_ILT12,PC_IND,DK04	: 	: 	: 	: 	: 	91.62 	93.76 	95.83 	96.28 	96.32 	97.30 	96.45 	98.70 	97.41 	98.58 	99.21 	98.02 	99.52 	100.00 	100.00 
A,I_ILT12,PC_IND,DK05	: 	: 	: 	: 	: 	91.94 	89.85 	95.48 	93.53 	94.61 	97.47 	95.80 	98.29 	97.42 	98.24 	99.44 	96.82 	98.06 	100.00 	100.00 
A,I_ILT12,PC_IND,EE	63.18 	65.84 	70.10 	71.85 	74.95 	76.83 	78.59 	81.19 	85.54 b	89.14 	88.03 	88.93 	89.98 	90.87 	89.93 	91.68 	92.33 	93.69 	92.81 	95.25 
A,I_ILT12,PC_IND,EE0	: 	: 	: 	: 	: 	76.83 	78.59 	81.19 	85.54 b	89.14 	88.03 	88.93 	89.98 	90.87 	89.93 	91.68 	92.33 	93.69 	92.81 	95.25 
A,I_ILT12,PC_IND,EE00	: 	: 	: 	: 	: 	76.83 	78.59 	81.19 	85.54 b	89.14 	88.03 	88.93 	89.98 	90.87 	89.93 	91.68 	92.33 	93.69 	92.81 	95.25 
A,I_ILT12,PC_IND,EL	32.25 	35.88 	41.19 	44.54 	45.51 	53.28 	56.40 	61.23 	64.54 	67.92 	69.75 	70.48 	73.36 	76.42 	78.65 	79.14 	84.03 	86.23 	86.98 	89.90 
A,I_ILT12,PC_IND,EL1	: 	: 	: 	: 	: 	50.00 	: 	: 	: 	: 	: 	: 	: 	: 	: 	: 	: 	: 	: 	: 
A,I_ILT12,PC_IND,EL2	: 	: 	: 	: 	: 	43.45 	: 	: 	: 	: 	: 	: 	: 	: 	: 	: 	: 	: 	: 	: 
A,I_ILT12,PC_IND,EL3	: 	: 	: 	: 	: 	60.22 	66.37 	70.33 	70.55 	75.56 	78.45 	78.59 	82.18 	81.51 	84.97 	85.36 	90.09 	91.14 	89.30 	95.06 
A,I_ILT12,PC_IND,EL4	: 	: 	: 	: 	: 	46.32 	56.57 	54.52 	66.99 	67.53 	69.23 	72.06 	72.08 	74.68 	79.56 	77.08 	79.11 	86.83 	92.09 	87.42 
A,I_ILT12,PC_IND,EL5	: 	: 	: 	: 	: 	: 	49.36 	56.64 	61.94 	64.37 	65.88 	68.76 	71.09 	76.65 	78.07 	77.05 	83.55 	84.08 	87.62 	89.51 
A,I_ILT12,PC_IND,EL6	: 	: 	: 	: 	: 	: 	47.00 	53.01 	57.61 	60.84 	61.60 	60.23 	64.07 	70.39 	69.97 	73.61 	77.70 	80.87 	80.41 	83.48 
A,I_ILT12,PC_IND,ES	49.88 	54.60 	58.86 	61.82 	66.11 	68.63 	71.76 	73.59 	77.34 	79.63 	81.37 	85.11 	86.61 	91.00 	93.46 	94.49 	94.91 	95.96 	96.36 	96.75 
A,I_ILT12,PC_IND,ES1	: 	: 	: 	: 	: 	62.95 	64.75 	69.20 	72.90 	75.42 	76.59 	81.30 	82.80 	86.62 	89.37 	91.90 	92.35 	93.56 	93.61 	94.72 
A,I_ILT12,PC_IND,ES11	: 	: 	: 	: 	: 	59.46 	64.68 	67.19 	71.34 	73.16 	75.34 	80.30 	81.38 	84.82 	88.07 	91.21 	91.87 	92.71 	93.20 	94.56 
A,I_ILT12,PC_IND,ES12	: 	: 	: 	: 	: 	67.58 	61.19 	71.06 	74.84 	79.07 	77.73 	82.83 	86.25 	89.67 	91.29 	93.25 	93.35 	95.50 	93.31 	93.89 
A,I_ILT12,PC_IND,ES13	: 	: 	: 	: 	: 	70.81 	71.60 	75.19 	76.60 	79.31 	80.33 	83.20 	83.21 	89.49 	91.92 	92.69 	92.79 	94.08 	95.92 	96.86 
A,I_ILT12,PC_IND,ES2	: 	: 	: 	: 	: 	72.49 	75.11 	76.51 	79.52 	81.62 	84.26 	86.48 	87.68 	92.19 	93.92 	94.20 	95.37 	95.91 	96.56 	96.82 
A,I_ILT12,PC_IND,ES21	: 	: 	: 	: 	: 	72.64 	77.06 	78.07 	81.64 	82.44 	85.31 	86.23 	86.78 	91.72 	93.44 	93.69 	95.74 	95.87 	96.21 	96.08 
A,I_ILT12,PC_IND,ES22	: 	: 	: 	: 	: 	72.02 	73.59 	73.73 	76.98 	80.42 	81.89 	87.11 	88.33 	95.05 	95.41 	94.21 	95.63 	96.74 	96.60 	97.30 
A,I_ILT12,PC_IND,ES23	: 	: 	: 	: 	: 	69.61 	66.17 	72.20 	76.99 	79.91 	81.86 	82.98 	83.66 	89.86 	92.85 	93.26 	94.26 	95.08 	95.52 	96.94 
A,I_ILT12,PC_IND,ES24	: 	: 	: 	: 	: 	73.15 	74.76 	76.29 	77.86 	81.26 	84.23 	87.42 	89.82 	92.13 	94.21 	95.26 	94.90 	95.77 	97.38 	97.77 
A,I_ILT12,PC_IND,ES3	: 	: 	: 	: 	: 	76.19 	79.34 	82.96 	84.57 	86.73 	87.29 	90.22 	91.02 	94.41 	96.01 	96.15 	97.18 	97.68 	98.01 	98.20 
A,I_ILT12,PC_IND,ES30	: 	: 	: 	: 	: 	76.19 	79.34 	82.96 	84.57 	86.73 	87.29 	90.22 	91.02 	94.41 	96.01 	96.15 	97.18 	97.68 	98.01 	98.20 
A,I_ILT12,PC_IND,ES4	: 	: 	: 	: 	: 	63.94 	66.97 	70.45 	74.07 	76.12 	78.57 	80.67 	82.67 	88.28 	91.99 	92.75 	92.90 	94.05 	95.27 	95.54 
A,I_ILT12,PC_IND,ES41	: 	: 	: 	: 	: 	66.04 	68.39 	73.39 	76.66 	77.96 	78.86 	81.76 	83.58 	88.78 	91.01 	93.37 	93.32 	94.39 	95.02 	95.32 
A,I_ILT12,PC_IND,ES42	: 	: 	: 	: 	: 	62.69 	66.61 	68.18 	73.44 	75.01 	79.18 	79.23 	81.51 	87.36 	93.07 	92.61 	92.89 	94.73 	96.40 	96.32 
A,I_ILT12,PC_IND,ES43	: 	: 	: 	: 	: 	61.51 	64.39 	68.10 	69.45 	74.08 	76.79 	80.98 	82.82 	88.90 	92.07 	91.62 	91.99 	91.95 	93.56 	94.46 
A,I_ILT12,PC_IND,ES5	: 	: 	: 	: 	: 	71.15 	73.18 	75.10 	79.38 	81.81 	81.99 	85.78 	87.93 	92.39 	94.79 	95.89 	96.11 	96.71 	97.32 	98.01 
A,I_ILT12,PC_IND,ES51	: 	: 	: 	: 	: 	73.05 	77.21 	76.41 	81.52 	83.78 	83.67 	86.16 	88.22 	93.76 	95.94 	96.31 	96.28 	97.39 	97.46 	98.25 
A,I_ILT12,PC_IND,ES52	: 	: 	: 	: 	: 	68.17 	66.89 	72.58 	75.62 	78.47 	79.47 	84.43 	86.92 	89.82 	93.19 	95.06 	95.61 	95.47 	97.25 	97.74 
A,I_ILT12,PC_IND,ES53	: 	: 	: 	: 	: 	71.91 	74.71 	77.67 	82.04 	83.71 	82.14 	89.09 	90.33 	94.38 	94.31 	96.67 	97.05 	97.59 	96.66 	97.68 
A,I_ILT12,PC_IND,ES6	: 	: 	: 	: 	: 	65.09 	69.27 	68.92 	72.93 	75.69 	79.41 	84.58 	85.60 	89.90 	92.65 	93.83 	93.83 	95.60 	95.50 	95.43 
A,I_ILT12,PC_IND,ES61	: 	: 	: 	: 	: 	65.32 	69.11 	68.63 	72.43 	74.96 	79.45 	84.52 	85.49 	89.83 	92.78 	93.54 	93.62 	95.42 	95.38 	95.19 
A,I_ILT12,PC_IND,ES62	: 	: 	: 	: 	: 	63.07 	70.88 	70.49 	74.93 	79.42 	79.45 	84.94 	85.99 	90.02 	91.46 	95.26 	94.57 	96.49 	96.05 	96.79 
A,I_ILT12,PC_IND,ES63	: 	: 	: 	: 	: 	75.73 	68.76 	81.75 	87.29 	85.63 	74.70 	81.38 	85.86 	98.08 u	95.35 u	93.98 	96.34 	94.55 	95.18 	91.64 
A,I_ILT12,PC_IND,ES64	: 	: 	: 	: 	: 	66.96 	56.05 	58.84 	74.74 	74.59 	79.38 	88.25 	89.03 	87.56 	98.17 	97.40 	98.99 	99.31 	97.68 	98.93 
A,I_ILT12,PC_IND,ES7	: 	: 	: 	: 	: 	62.41 	71.68 	68.96 	76.71 	76.74 	79.83 	84.25 	84.96 	89.95 	91.82 	93.62 	94.38 	96.77 	96.42 	96.64 
A,I_ILT12,PC_IND,ES70	: 	: 	: 	: 	: 	62.41 	71.68 	68.96 	76.71 	76.74 	79.83 	84.25 	84.96 	89.95 	91.82 	93.62 	94.38 	96.77 	96.42 	96.64 
A,I_ILT12,PC_IND,FI	79.66 	80.78 	83.67 	: u	86.89 	89.37 	90.74 	92.35 	93.16 	92.86 	94.28 	93.94 	94.66 	95.50 	97.17 	96.98 	97.68 	97.83 	98.18 	98.38 
A,I_ILT12,PC_IND,FI1	: 	: 	: 	: 	: 	89.37 	90.74 	92.35 	93.16 	92.86 	94.28 	93.94 	94.66 	95.50 	97.17 	96.98 	97.68 	97.83 	98.18 	98.38 
A,I_ILT12,PC_IND,FI19	: 	: 	: 	: 	: 	87.77 	90.69 	89.78 	93.16 	91.55 	93.43 	92.64 	93.78 	94.48 	97.54 	97.18 	97.24 	97.59 	97.71 	98.25 
A,I_ILT12,PC_IND,FI1B	: 	: 	: 	: 	: 	: 	94.98 	95.68 	96.76 	97.34 	96.90 	97.75 	97.23 	97.67 	99.07 	98.74 	98.61 	98.88 	98.82 	99.81 
A,I_ILT12,PC_IND,FI1C	: 	: 	: 	: 	: 	: 	88.23 	92.23 	92.08 	91.72 	94.21 	92.27 	93.05 	95.46 	97.28 	95.41 	97.76 	97.44 	96.95 	97.32 
A,I_ILT12,PC_IND,FI1D	: 	: 	: 	: 	: 	88.88 	87.92 	91.14 	89.65 	89.63 	91.83 	91.84 	93.67 	93.67 	94.07 	95.83 	96.78 	96.96 	98.96 	97.36 
A,I_ILT12,PC_IND,FR	46.87 	64.47 	70.68 	73.34 	77.28 	79.58 	83.08 	83.60 	85.69 	87.25 	87.54 	88.20 	89.34 	90.65 	: 	92.63 	91.83 	93.79 	95.16 	95.69 
A,I_ILT12,PC_IND,FR1	: 	: 	: 	: 	: 	86.45 	88.04 	89.69 	89.87 	90.78 	90.02 	92.65 	90.78 	92.29 	: 	94.54 	94.27 	95.97 	96.29 	97.13 u
A,I_ILT12,PC_IND,FR10	: 	: 	: 	: 	: 	: 	: 	: 	89.87 	90.78 	90.02 	92.65 	90.78 	92.29 	: 	94.54 	94.27 	95.97 	96.29 	97.13 u
A,I_ILT12,PC_IND,FRB	: 	: 	: 	: 	: 	: 	: 	: 	83.81 	86.29 	85.25 	86.96 	90.62 	88.39 	: 	92.71 	87.59 	93.22 	93.97 	96.10 u
A,I_ILT12,PC_IND,FRB0	: 	: 	: 	: 	: 	: 	: 	: 	83.81 	86.29 	85.25 	86.96 	90.62 	88.39 	: 	92.71 	87.59 	93.22 	93.97 	96.10 u
A,I_ILT12,PC_IND,FRC	: 	: 	: 	: 	: 	: 	: 	: 	85.22 	83.19 	87.92 	86.49 	85.24 	90.05 	: 	92.33 	85.83 	92.64 	93.68 	94.34 u
A,I_ILT12,PC_IND,FRC1	: 	: 	: 	: 	: 	: 	: 	: 	84.08 	82.12 	89.48 	89.80 	84.25 	90.68 	: 	91.86 	82.72 	92.75 	93.72 	94.59 u
A,I_ILT12,PC_IND,FRC2	: 	: 	: 	: 	: 	: 	: 	: 	86.89 	84.64 	85.69 	82.19 	86.67 	89.12 	: 	92.87 	89.98 	92.52 	93.62 	93.99 u
A,I_ILT12,PC_IND,FRD	: 	: 	: 	: 	: 	: 	: 	: 	80.73 	85.60 	87.38 	86.79 	91.52 	89.62 	: 	89.51 	89.80 	91.32 	94.99 	95.37 u
A,I_ILT12,PC_IND,FRD1	: 	: 	: 	: 	: 	: 	: 	: 	78.70 	86.38 	84.91 	84.02 	90.49 	88.39 	: 	92.62 	89.11 	91.93 	93.26 	94.64 u
A,I_ILT12,PC_IND,FRD2	: 	: 	: 	: 	: 	: 	: 	: 	82.20 	85.07 	89.36 	89.00 	92.25 	90.74 	: 	87.34 	90.37 	90.73 	96.34 	96.00 u
A,I_ILT12,PC_IND,FRE	: 	: 	: 	: 	: 	: 	: 	: 	83.35 	82.86 	85.32 	85.38 	88.23 	88.32 	: 	90.29 	91.27 	92.02 	93.21 	94.61 u
A,I_ILT12,PC_IND,FRE1	: 	: 	: 	: 	: 	: 	: 	: 	82.21 	80.78 	84.49 	85.89 	87.38 	87.91 	: 	90.34 	91.95 	92.89 	92.83 	94.05 u
A,I_ILT12,PC_IND,FRE2	: 	: 	: 	: 	: 	: 	: 	: 	85.63 	87.41 	86.89 	84.46 	90.03 	89.08 	: 	90.20 	89.85 	90.06 	94.06 	95.74 u
A,I_ILT12,PC_IND,FRF	: 	: 	: 	: 	: 	: 	: 	: 	85.40 	89.07 	87.04 	87.19 	89.66 	89.82 	: 	93.08 	90.51 	92.84 	94.61 	94.61 u
A,I_ILT12,PC_IND,FRF1	: 	: 	: 	: 	: 	: 	: 	: 	87.69 	88.63 	87.74 	90.67 	89.66 	89.27 	: 	92.58 	93.70 	93.85 	95.69 	95.41 u
A,I_ILT12,PC_IND,FRF2	: 	: 	: 	: 	: 	: 	: 	: 	83.41 	88.75 	84.35 	85.97 	88.32 	89.48 	: 	89.87 	90.76 	90.42 	91.96 	95.67 u
A,I_ILT12,PC_IND,FRF3	: 	: 	: 	: 	: 	: 	: 	: 	84.67 	89.55 	87.74 	85.30 	90.53 	90.52 	: 	95.24 	87.88 	93.42 	95.12 	93.28 u
A,I_ILT12,PC_IND,FRG	: 	: 	: 	: 	: 	: 	: 	: 	89.45 	88.38 	88.22 	88.14 	90.71 	93.30 	: 	94.15 	94.22 	94.41 	95.34 	96.69 u
A,I_ILT12,PC_IND,FRG0	: 	: 	: 	: 	: 	: 	: 	: 	89.45 	88.38 	88.22 	88.14 	90.71 	93.30 	: 	94.15 	94.22 	94.41 	95.34 	96.69 u
A,I_ILT12,PC_IND,FRH	: 	: 	: 	: 	: 	: 	: 	: 	81.33 	85.94 	88.35 	87.42 	89.91 	93.99 	: 	92.45 	92.31 	94.20 	95.17 	95.87 u
A,I_ILT12,PC_IND,FRH0	: 	: 	: 	: 	: 	: 	: 	: 	81.33 	85.94 	88.35 	87.42 	89.91 	93.99 	: 	92.45 	92.31 	94.20 	95.17 	95.87 u
A,I_ILT12,PC_IND,FRI	: 	: 	: 	: 	: 	: 	: 	: 	87.44 	87.81 	88.16 	86.38 	88.05 	92.03 	: 	92.72 	90.98 	92.95 	96.12 	95.78 u
A,I_ILT12,PC_IND,FRI1	: 	: 	: 	: 	: 	: 	: 	: 	89.90 	88.56 	88.99 	89.79 	90.10 	92.07 	: 	93.55 	91.74 	94.75 	96.27 	97.21 u
A,I_ILT12,PC_IND,FRI2	: 	: 	: 	: 	: 	: 	: 	: 	84.12 	84.61 	82.68 	79.50 	84.85 	92.45 	: 	89.22 	85.89 	90.01 	95.51 	92.32 u
A,I_ILT12,PC_IND,FRI3	: 	: 	: 	: 	: 	: 	: 	: 	83.71 	87.64 	89.02 	82.68 	85.92 	91.78 	: 	92.74 	91.65 	90.82 	96.05 	94.66 u
A,I_ILT12,PC_IND,FRJ	: 	: 	: 	: 	: 	: 	: 	: 	87.00 	86.05 	89.38 	88.58 	88.44 	89.20 	: 	93.50 	92.68 	94.61 	95.72 	95.64 u
A,I_ILT12,PC_IND,FRJ1	: 	: 	: 	: 	: 	: 	: 	: 	89.72 	83.24 	86.73 	89.41 	85.25 	87.71 	: 	95.38 	93.24 	95.66 	95.27 	94.83 u
A,I_ILT12,PC_IND,FRJ2	: 	: 	: 	: 	: 	: 	: 	: 	84.42 	88.69 	91.83 	87.78 	91.53 	90.62 	: 	91.66 	92.21 	93.68 	96.13 	96.40 u
A,I_ILT12,PC_IND,FRK	: 	: 	: 	: 	: 	79.25 	80.61 	83.19 	85.73 	88.25 	87.45 	89.03 	90.02 	91.53 	: 	91.80 	92.22 	93.71 	95.58 	95.55 u
A,I_ILT12,PC_IND,FRK1	: 	: 	: 	: 	: 	: 	: 	: 	81.38 	83.58 	87.19 	86.52 	88.46 	86.02 	: 	87.72 	88.90 	88.14 	93.97 	92.57 u
A,I_ILT12,PC_IND,FRK2	: 	: 	: 	: 	: 	: 	: 	: 	86.64 	89.23 	87.51 	89.57 	90.35 	92.59 	: 	92.59 	92.93 	94.93 	95.91 	96.11 u
A,I_ILT12,PC_IND,FRL	: 	: 	: 	: 	: 	: 	: 	: 	84.11 	89.55 	89.52 	90.55 	89.66 	91.42 	: 	92.96 	93.39 	95.23 	96.10 	96.62 u
A,I_ILT12,PC_IND,FRL0	: 	: 	: 	: 	: 	: 	: 	: 	84.11 	89.55 	89.52 	90.55 	89.66 	91.42 	: 	92.96 	93.39 	95.23 	96.10 	96.62 u
A,I_ILT12,PC_IND,FRM	: 	: 	: 	: 	: 	: 	: 	: 	74.58 u	65.96 u	74.87 u	83.82 u	94.10 u	82.12 u	: 	95.61 u	95.49 u	84.23 u	96.57 u	92.44 u
A,I_ILT12,PC_IND,FRM0	: 	: 	: 	: 	: 	: 	: 	: 	74.58 u	65.96 u	74.87 u	83.82 u	94.10 u	82.12 u	: 	95.61 u	95.49 u	84.23 u	96.57 u	92.44 u
A,I_ILT12,PC_IND,FRY	: 	: 	: 	: 	: 	: 	: 	: 	: 	76.60 	69.38 	75.50 	82.26 	79.95 	: 	88.36 	86.47 	89.99 	89.64 	90.69 u
A,I_ILT12,PC_IND,FRY1	: 	: 	: 	: 	: 	: 	: 	: 	: 	80.33 	74.87 	72.33 	79.08 	78.88 	: 	87.28 	87.30 	87.00 	92.60 	87.98 u
A,I_ILT12,PC_IND,FRY2	: 	: 	: 	: 	: 	: 	: 	: 	: 	71.37 	67.38 	74.11 	80.85 	87.98 	: 	88.51 	87.96 	89.86 	91.27 	92.71 u
A,I_ILT12,PC_IND,FRY3	: 	: 	: 	: 	: 	: 	: 	: 	: 	75.82 	60.15 	83.30 	86.96 	83.12 	: 	93.35 	86.60 	79.45 	89.85 	92.51 u
A,I_ILT12,PC_IND,FRY4	: 	: 	: 	: 	: 	: 	: 	: 	: 	77.43 	70.01 	75.67 	83.03 	75.81 	: 	87.39 	85.30 	93.59 	87.15 	90.58 u
A,I_ILT12,PC_IND,HR	: 	41.44 	44.24 	50.58 	56.55 	59.64 	63.29 	68.42 	69.98 	71.14 	73.51 	68.66 	75.56 	80.10 	79.66 	81.98 	82.92 	84.35 	84.62 	87.22 
A,I_ILT12,PC_IND,HR0	: 	: 	: 	: 	: 	59.64 	63.29 	68.42 	69.98 	71.14 	73.51 	68.66 	75.56 	80.10 	79.66 	81.98 	82.92 	84.35 	84.62 	87.22 
A,I_ILT12,PC_IND,HR03	: 	: 	: 	: 	: 	62.91 	64.07 	67.87 	70.52 	75.13 	73.42 	63.45 	78.70 	85.37 	79.58 	84.35 	79.81 	84.20 	86.75 	86.10 
A,I_ILT12,PC_IND,HR04	: 	: 	: 	: 	: 	58.17 	62.94 	68.69 	69.71 	69.33 	73.55 	70.86 	74.09 	77.49 	79.70 	: 	: 	: 	: 	: 
A,I_ILT12,PC_IND,HR05	: 	: 	: 	: 	: 	: 	: 	: 	: 	: 	: 	: 	: 	: 	: 	90.70 	89.56 	93.34 	89.46 	92.82 
A,I_ILT12,PC_IND,HR06	: 	: 	: 	: 	: 	: 	: 	: 	: 	: 	: 	: 	: 	: 	: 	76.57 	78.57 	81.51 	81.83 	84.44 
A,I_ILT12,PC_IND,HU	46.49 	52.79 	60.08 	61.01 	64.45 	69.57 	72.09 	74.07 	76.92 	75.89 	80.64 	79.35 	79.50 	82.72 	86.10 	89.13 	89.70 	91.80 	94.06 	93.47 
A,I_ILT12,PC_IND,HU1	: 	: 	: 	: 	: 	77.72 	81.38 	81.73 	83.75 	83.50 	88.23 	85.94 	86.59 	87.82 	91.55 	94.33 	94.25 	96.11 	97.52 	95.68 
A,I_ILT12,PC_IND,HU10	: 	: 	: 	: 	: 	77.72 	81.38 	81.73 	83.75 	83.50 	88.23 	85.94 	: 	: 	: 	: 	: 	: 	: 	: 
A,I_ILT12,PC_IND,HU11	: 	: 	: 	: 	: 	: 	: 	: 	: 	: 	: 	: 	88.35 	88.91 	94.27 	96.23 	96.22 	97.61 	98.72 	96.74 
A,I_ILT12,PC_IND,HU12	: 	: 	: 	: 	: 	: 	: 	: 	: 	: 	: 	: 	84.16 	86.34 	87.91 	91.94 	91.83 	94.21 	95.99 	94.31 
A,I_ILT12,PC_IND,HU2	: 	: 	: 	: 	: 	68.95 	70.86 	73.88 	77.69 	76.58 	80.48 	79.77 	79.98 	81.65 	85.03 	88.06 	89.08 	91.09 	93.54 	93.24 
A,I_ILT12,PC_IND,HU21	: 	: 	: 	: 	: 	71.97 	74.35 	76.97 	80.67 	78.19 	82.56 	84.11 	83.75 	85.97 	86.57 	88.47 	89.85 	92.88 	94.50 	94.44 
A,I_ILT12,PC_IND,HU22	: 	: 	: 	: 	: 	69.74 	71.10 	75.14 	76.69 	77.18 	80.93 	77.83 	78.66 	79.70 	84.29 	88.15 	88.31 	90.59 	93.71 	93.52 
A,I_ILT12,PC_IND,HU23	: 	: 	: 	: 	: 	64.55 	66.52 	68.86 	75.27 	74.02 	77.53 	76.77 	76.93 	78.62 	83.99 	87.42 	89.05 	89.44 	92.14 	91.42 
A,I_ILT12,PC_IND,HU3	: 	: 	: 	: 	: 	64.07 	66.13 	68.46 	71.16 	69.54 	74.89 	73.91 	73.56 	79.50 	82.56 	85.76 	86.48 	88.86 	91.60 	91.79 
A,I_ILT12,PC_IND,HU31	: 	: 	: 	: 	: 	65.69 	64.62 	68.14 	72.51 	70.58 	76.79 	73.01 	72.17 	79.79 	80.67 	85.72 	85.66 	90.04 	91.74 	92.43 
A,I_ILT12,PC_IND,HU32	: 	: 	: 	: 	: 	61.96 	65.54 	67.86 	70.65 	69.48 	74.34 	73.14 	74.28 	78.35 	83.47 	85.57 	86.09 	87.86 	91.65 	91.40 
A,I_ILT12,PC_IND,HU33	: 	: 	: 	: 	: 	64.97 	68.17 	69.44 	70.53 	68.66 	73.83 	75.63 	73.98 	80.59 	83.19 	86.02 	87.66 	88.97 	91.42 	91.69 
A,I_ILT12,PC_IND,IE	54.82 	61.16 	65.34 	67.38 	69.85 	76.82 	79.29 	80.34 	81.57 	81.53 	83.22 	82.41 	84.35 	90.71 	91.95 	99.23 b	92.10 	93.48 	98.86 	99.78 
A,I_ILT12,PC_IND,IE0	: 	: 	: 	: 	: 	76.82 	79.29 	80.34 	81.57 	81.53 	83.22 	82.41 	84.35 	90.71 	91.95 	99.23 b	92.10 	93.48 	98.86 	99.78 
A,I_ILT12,PC_IND,IE01	: 	: 	: 	: 	: 	72.63 	74.45 	75.73 	76.91 	77.89 	77.08 	77.48 	: 	: 	: 	: 	: 	: 	: 	: 
A,I_ILT12,PC_IND,IE02	: 	: 	: 	: 	: 	78.33 	81.06 	81.99 	83.22 	82.80 	85.28 	84.09 	: 	: 	: 	: 	: 	: 	: 	: 
A,I_ILT12,PC_IND,IE04	: 	: 	: 	: 	: 	: 	: 	: 	: 	: 	: 	: 	80.81 	85.92 	68.98 	100.00 b	91.78 	93.37 	99.52 	99.86 
A,I_ILT12,PC_IND,IE05	: 	: 	: 	: 	: 	: 	: 	: 	: 	: 	: 	: 	84.88 	89.93 	97.21 	98.94 b	87.45 	91.35 	98.18 	99.74 
A,I_ILT12,PC_IND,IE06	: 	: 	: 	: 	: 	: 	: 	: 	: 	: 	: 	: 	85.78 	92.90 	100.00 	99.13 b	94.98 	95.03 	99.03 	99.76 
A,I_ILT12,PC_IND,IS	89.51 	90.60 	91.04 	93.46 	: u	95.02 	96.49 	96.91 	98.35 	: 	: 	98.37 	99.17 	99.20 	99.47 	99.50 	: 	: 	: 	: 
A,I_ILT12,PC_IND,IS0	: 	: 	: 	: 	: 	95.02 	96.49 	96.91 	98.35 	: 	: 	98.37 	99.17 	99.20 	99.47 	99.50 	: 	: 	: 	: 
A,I_ILT12,PC_IND,IS00	: 	: 	: 	: 	: 	: 	: 	: 	: 	: 	: 	98.37 	99.17 	99.20 	99.47 	99.50 	: 	: 	: 	: 
A,I_ILT12,PC_IND,IT	37.99 	40.79 	44.53 	48.83 	53.68 	56.80 	58.02 	60.70 	63.89 	67.86 	70.95 	73.35 	76.52 	78.34 	80.83 	83.92 	86.14 	87.71 	89.93 	91.08 
A,I_ILT12,PC_IND,ITC	: 	: 	: 	: 	: 	62.29 	63.56 	64.30 	68.41 	72.66 	76.80 	78.12 	80.69 	81.80 	83.76 	86.71 	89.76 	90.12 	92.53 	93.60 
A,I_ILT12,PC_IND,ITC1	: 	: 	: 	: 	: 	60.69 	60.20 	61.02 	64.54 	69.01 	74.04 	76.38 	79.01 	80.81 	82.79 	84.48 	87.51 	88.98 	90.09 	92.36 
A,I_ILT12,PC_IND,ITC2	: 	: 	: 	: 	: 	59.58 	65.35 	67.60 	67.19 	74.32 	75.05 	75.30 	77.40 	79.92 	82.33 	88.63 	86.10 	89.20 	90.65 	94.06 
A,I_ILT12,PC_IND,ITC3	: 	: 	: 	: 	: 	58.46 	64.20 	63.83 	69.55 	72.08 	73.71 	79.84 	81.16 	79.71 	84.28 	88.31 	89.21 	90.06 	92.77 	93.29 
A,I_ILT12,PC_IND,ITC4	: 	: 	: 	: 	: 	63.63 	64.92 	65.77 	69.98 	74.33 	78.48 	78.64 	81.38 	82.57 	84.10 	87.39 	90.84 	90.62 	93.54 	94.16 
A,I_ILT12,PC_IND,ITF	: 	: 	: 	: 	: 	47.44 	46.81 	50.98 	54.41 	59.03 	61.47 	65.59 	68.89 	70.18 	73.82 	78.63 	80.32 	82.42 	84.38 	85.88 
A,I_ILT12,PC_IND,ITF1	: 	: 	: 	: 	: 	56.45 	55.11 	58.97 	60.35 	67.68 	71.80 	74.09 	74.82 	77.25 	79.81 	83.04 	84.45 	88.46 	89.84 	91.11 
A,I_ILT12,PC_IND,ITF2	: 	: 	: 	: 	: 	52.67 	51.86 	53.03 	60.31 	59.39 	67.98 	70.60 	69.43 	70.26 	74.62 	76.15 	83.51 	85.70 	84.40 	88.11 
A,I_ILT12,PC_IND,ITF3	: 	: 	: 	: 	: 	47.76 	44.93 	47.76 	54.35 	58.33 	59.24 	65.99 	67.66 	70.22 	73.80 	80.19 	80.72 	80.80 	81.98 	85.48 
A,I_ILT12,PC_IND,ITF4	: 	: 	: 	: 	: 	43.90 	46.13 	52.97 	52.85 	58.01 	61.42 	64.17 	69.31 	68.50 	73.09 	76.05 	80.69 	84.59 	87.58 	86.66 
A,I_ILT12,PC_IND,ITF5	: 	: 	: 	: 	: 	46.61 	45.70 	55.41 	52.69 	59.36 	65.60 	68.41 	72.82 	69.99 	72.45 	79.54 	81.98 	81.57 	86.10 	84.70 
A,I_ILT12,PC_IND,ITF6	: 	: 	: 	: 	: 	47.17 	47.60 	49.24 	53.36 	57.28 	59.13 	60.18 	66.58 	68.88 	71.62 	76.40 	74.44 	78.37 	80.80 	81.78 
A,I_ILT12,PC_IND,ITG	: 	: 	: 	: 	: 	48.15 	51.74 	54.40 	58.27 	59.97 	62.79 	66.85 	70.72 	74.20 	74.93 	78.21 	80.98 	82.96 	85.94 	87.31 
A,I_ILT12,PC_IND,ITG1	: 	: 	: 	: 	: 	45.97 	49.82 	51.30 	55.33 	57.72 	60.41 	65.55 	68.30 	73.97 	74.17 	76.19 	80.18 	81.68 	85.11 	85.77 
A,I_ILT12,PC_IND,ITG2	: 	: 	: 	: 	: 	54.43 	57.26 	63.57 	66.78 	66.69 	69.81 	70.68 	77.99 	74.89 	77.18 	84.23 	83.37 	86.79 	88.46 	92.03 
A,I_ILT12,PC_IND,ITH	: 	: 	: 	: 	: 	61.73 	64.10 	66.94 	68.48 	73.67 	74.99 	76.95 	80.76 	82.93 	85.07 	86.39 	89.79 	90.93 	93.25 	93.14 
A,I_ILT12,PC_IND,ITH1	: 	: 	: 	: 	: 	64.72 	67.78 	70.06 	72.57 	72.05 	73.74 	78.40 	82.29 	82.70 	87.96 	88.12 	89.56 	89.88 	92.17 	91.23 
A,I_ILT12,PC_IND,ITH2	: 	: 	: 	: 	: 	64.18 	64.16 	63.12 	69.56 	76.90 	79.35 	76.78 	80.75 	85.06 	85.23 	88.30 	91.10 	90.93 	92.29 	94.80 
A,I_ILT12,PC_IND,ITH3	: 	: 	: 	: 	: 	61.23 	63.57 	66.34 	66.71 	72.66 	75.87 	75.73 	79.92 	80.85 	83.97 	85.39 	89.93 	90.20 	93.38 	92.20 
A,I_ILT12,PC_IND,ITH4	: 	: 	: 	: 	: 	60.52 	62.40 	66.35 	71.03 	74.33 	75.40 	77.53 	81.00 	84.89 	85.55 	86.19 	90.40 	89.30 	93.63 	94.51 
A,I_ILT12,PC_IND,ITH5	: 	: 	: 	: 	: 	: 	64.73 	67.90 	69.16 	74.40 	73.51 	78.00 	81.43 	84.55 	85.81 	87.14 	89.33 	92.29 	93.25 	93.83 
A,I_ILT12,PC_IND,ITI	: 	: 	: 	: 	: 	60.58 	61.43 	64.73 	67.61 	70.82 	75.14 	76.46 	79.14 	81.32 	84.40 	87.16 	87.23 	90.10 	91.81 	93.72 
A,I_ILT12,PC_IND,ITI1	: 	: 	: 	: 	: 	60.97 	61.40 	66.71 	67.81 	70.94 	74.47 	76.34 	81.14 	83.59 	85.38 	87.72 	87.58 	90.47 	92.75 	93.39 
A,I_ILT12,PC_IND,ITI2	: 	: 	: 	: 	: 	57.50 	59.72 	61.85 	64.05 	70.07 	71.41 	74.68 	75.99 	79.34 	82.81 	87.01 	87.79 	88.92 	91.77 	90.85 
A,I_ILT12,PC_IND,ITI3	: 	: 	: 	: 	: 	: 	60.28 	64.46 	64.65 	71.76 	74.68 	77.69 	78.38 	79.80 	81.60 	84.77 	87.82 	88.52 	90.42 	93.30 
A,I_ILT12,PC_IND,ITI4	: 	: 	: 	: 	: 	61.83 	62.02 	63.99 	68.81 	70.61 	76.23 	76.48 	78.53 	80.57 	84.73 	87.43 	86.78 	90.44 	91.57 	94.46 
A,I_ILT12,PC_IND,LT	43.90 	49.90 	55.22 	59.76 	62.12 	63.91 	67.32 	69.16 	73.05 	72.40 	75.34 	78.51 	80.50 	82.27 	83.74 	87.54 	88.43 	89.01 	89.48 	89.70 
A,I_ILT12,PC_IND,LT0	: 	: 	: 	: 	: 	63.91 	67.32 	69.16 	73.05 	72.40 	75.34 	78.51 	80.50 	82.27 	83.74 	87.54 	88.43 	89.01 	89.48 	89.70 
A,I_ILT12,PC_IND,LT00	: 	: 	: 	: 	: 	63.91 	67.32 	69.16 	73.05 	72.40 	75.34 	78.51 	: 	: 	: 	: 	: 	: 	: 	: 
A,I_ILT12,PC_IND,LT01	: 	: 	: 	: 	: 	: 	: 	: 	: 	: 	: 	: 	82.85 	82.98 	87.33 	88.18 	90.90 	92.55 	92.36 	93.44 
A,I_ILT12,PC_IND,LT02	: 	: 	: 	: 	: 	: 	: 	: 	: 	: 	: 	: 	79.55 	81.97 	82.23 	87.27 	87.42 	87.52 	88.24 	88.08 
A,I_ILT12,PC_IND,LU	72.51 	78.92 	82.23 	87.31 	90.62 	90.89 	92.33 	94.63 	95.21 	97.51 	97.62 	97.48 	96.56 b	96.61 	98.54 	98.83 	98.36 	99.40 	98.79 	99.13 
A,I_ILT12,PC_IND,LU0	: 	: 	: 	: 	: 	90.89 	92.33 	94.63 	95.21 	97.51 	97.62 	97.48 	96.56 b	96.61 	98.54 	98.83 	98.36 	99.40 	98.79 	99.13 
A,I_ILT12,PC_IND,LU00	: 	: 	: 	: 	: 	90.89 	92.33 	94.63 	95.21 	97.51 	97.62 	97.48 	96.56 b	96.61 	98.54 	98.83 	98.36 	99.40 	98.79 	99.13 
A,I_ILT12,PC_IND,LV	53.63 	59.17 	63.41 	66.84 	68.42 	71.68 	74.19 	76.28 	76.87 	80.01 	80.72 b	82.31 	84.65 	86.71 	89.52 	92.23 	92.23 	92.81 	93.88 	94.93 
A,I_ILT12,PC_IND,LV0	: 	: 	: 	: 	: 	71.68 	74.19 	76.28 	76.87 	80.01 	80.72 b	82.31 	84.65 	86.71 	89.52 	92.23 	92.23 	92.81 	93.88 	94.93 
A,I_ILT12,PC_IND,LV00	: 	: 	: 	: 	: 	71.68 	74.19 	76.28 	76.87 	80.01 	80.72 b	82.31 	84.65 	86.71 	89.52 	92.23 	92.23 	92.81 	93.88 	94.93 
A,I_ILT12,PC_IND,ME	: 	: 	: 	: 	: 	: 	59.18 	: 	: 	: 	: 	73.48 	73.88 	75.78 	79.01 	83.22 	89.79 	89.44 	89.72 	95.48 
A,I_ILT12,PC_IND,ME0	: 	: 	: 	: 	: 	: 	: 	: 	: 	: 	: 	: 	: 	: 	: 	: 	: 	89.44 	89.72 	95.48 
A,I_ILT12,PC_IND,MK	28.62 	: 	46.04 	51.77 	53.53 	: 	60.22 	66.38 	69.65 	72.55 	75.10 	75.98 	80.37 	82.34 	83.52 	87.18 	: 	: 	92.01 	92.68 
A,I_ILT12,PC_IND,MK0	: 	: 	: 	: 	: 	: 	60.22 	66.38 	69.65 	72.55 	75.10 	75.98 	80.37 	82.34 	83.52 	87.18 	: 	: 	92.01 	92.68 
A,I_ILT12,PC_IND,MK00	: 	: 	: 	: 	: 	: 	60.22 	66.38 	69.65 	72.55 	75.10 	75.98 	80.37 	82.34 	83.52 	: 	: 	: 	: 	: 
A,I_ILT12,PC_IND,MT	40.41 	46.90 	50.08 	58.86 	63.08 	69.22 	69.95 	70.61 	74.53 	77.72 	78.59 	81.46 	82.19 	86.23 	87.17 	87.63 	92.10 	93.22 	94.14 	96.30 
A,I_ILT12,PC_IND,MT0	: 	: 	: 	: 	: 	69.22 	69.95 	70.61 	74.53 	77.72 	78.59 	81.46 	82.19 	86.23 	87.17 	87.63 	92.10 	93.22 	94.14 	96.30 
A,I_ILT12,PC_IND,MT00	: 	: 	: 	: 	: 	69.22 	69.95 	70.61 	74.53 	77.72 	78.59 	81.46 	82.19 	86.23 	87.17 	87.63 	92.10 	93.22 	94.14 	96.30 
A,I_ILT12,PC_IND,NL	82.61 	85.82 	87.42 	89.63 	90.72 	92.30 	93.46 	94.47 	94.00 	94.26 	94.01 	96.09 	95.23 	96.49 	94.98 	95.22 	95.52 	99.27 	99.63 	99.75 
A,I_ILT12,PC_IND,NL1	: 	: 	: 	: 	: 	92.49 	93.23 	93.33 	94.91 	90.98 	94.26 	97.05 	96.88 	94.53 	94.63 	96.38 	95.54 	98.36 	99.06 	99.86 
A,I_ILT12,PC_IND,NL11	: 	: 	: 	: 	: 	93.22 	91.87 	93.52 	95.96 	90.27 	94.45 	98.41 	96.77 	90.13 	94.71 	95.70 	94.63 	99.02 	100.00 	99.60 
A,I_ILT12,PC_IND,NL12	: 	: 	: 	: 	: 	89.53 	93.14 	89.84 	96.86 	92.19 	94.30 	95.18 	99.06 	95.63 	95.39 	97.28 	95.78 	97.38 	98.71 	100.00 
A,I_ILT12,PC_IND,NL13	: 	: 	: 	: 	: 	95.40 	95.00 	97.66 	91.01 	90.27 	93.96 	97.84 	94.16 	98.42 	93.53 	96.02 	96.35 	98.84 	98.36 	100.00 
A,I_ILT12,PC_IND,NL2	: 	: 	: 	: 	: 	92.23 	93.55 	93.77 	94.84 	95.14 	95.31 	94.54 	95.83 	96.60 	96.41 	94.92 	95.64 	99.20 	99.60 	99.78 
A,I_ILT12,PC_IND,NL21	: 	: 	: 	: 	: 	93.87 	93.60 	94.64 	95.28 	94.99 	94.53 	94.76 	96.08 	96.15 	96.87 	95.76 	95.26 	99.68 	99.61 	100.00 
A,I_ILT12,PC_IND,NL22	: 	: 	: 	: 	: 	90.96 	92.64 	92.99 	95.51 	96.00 	95.21 	93.51 	95.53 	96.31 	95.97 	94.45 	95.77 	98.76 	99.50 	99.61 
A,I_ILT12,PC_IND,NL23	: 	: 	: 	: 	: 	93.98 	98.04 	95.32 	90.13 	91.24 	98.02 	99.08 	96.66 	99.23 	97.30 	94.93 	96.03 	100.00 	100.00 	100.00 
A,I_ILT12,PC_IND,NL3	: 	: 	: 	: 	: 	93.12 	93.75 	95.27 	94.56 	94.25 	93.88 	96.54 	94.78 	96.57 	94.42 	95.34 	95.34 	99.51 	99.74 	99.77 
A,I_ILT12,PC_IND,NL31	: 	: 	: 	: 	: 	92.64 	94.29 	97.80 	96.34 	95.29 	96.26 	96.15 	95.98 	97.93 	96.13 	95.89 	95.49 	99.69 	: 	: 
A,I_ILT12,PC_IND,NL32	: 	: 	: 	: 	: 	94.13 	95.19 	96.12 	93.57 	94.33 	94.01 	97.01 	95.52 	98.06 	94.93 	95.46 	96.54 	99.86 	99.65 	99.74 
A,I_ILT12,PC_IND,NL33	: 	: 	: 	: 	: 	92.81 	92.43 	93.83 	94.47 	94.03 	93.00 	96.07 	93.73 	95.10 	93.36 	94.58 	94.11 	99.22 	: 	: 
A,I_ILT12,PC_IND,NL34	: 	: 	: 	: 	: 	90.53 	93.88 	94.45 	96.91 	92.22 	93.45 	98.97 	95.27 	94.92 	95.00 	100.00 	97.71 	99.02 	100.00 	100.00 
A,I_ILT12,PC_IND,NL35	: 	: 	: 	: 	: 	: 	: 	: 	: 	: 	: 	: 	: 	: 	: 	: 	: 	: 	100.00 	99.36 
A,I_ILT12,PC_IND,NL36	: 	: 	: 	: 	: 	: 	: 	: 	: 	: 	: 	: 	: 	: 	: 	: 	: 	: 	99.70 	99.93 
A,I_ILT12,PC_IND,NL4	: 	: 	: 	: 	: 	90.50 	92.83 	93.92 	91.50 	94.95 	92.92 	96.16 	94.86 	97.13 	94.98 	94.69 	95.78 	99.21 	99.65 	99.60 
A,I_ILT12,PC_IND,NL41	: 	: 	: 	: 	: 	89.49 	92.61 	93.41 	91.19 	94.80 	92.94 	96.39 	95.20 	96.83 	94.62 	95.39 	95.97 	99.25 	99.61 	99.92 
A,I_ILT12,PC_IND,NL42	: 	: 	: 	: 	: 	92.60 	93.32 	95.02 	92.19 	95.28 	92.87 	95.63 	94.10 	97.81 	95.78 	93.06 	95.35 	99.13 	99.74 	98.85 
A,I_ILT12,PC_IND,NO	82.55 	86.93 	90.57 	92.08 	93.39 	94.12 	95.20 	95.73 	96.75 	97.26 	97.72 	98.10 	97.83 	98.89 	98.06 	99.50 	99.78 	99.81 	99.54 	99.01 
A,I_ILT12,PC_IND,NO0	: 	: 	: 	: 	: 	94.12 	95.20 	95.73 	96.75 	97.26 	97.72 	98.10 	97.83 	98.89 	98.06 	99.50 	99.78 	99.81 	99.54 	99.01 
A,I_ILT12,PC_IND,NO01	: 	: 	: 	: 	: 	94.46 	96.87 	98.14 	98.67 	98.44 	98.24 	99.27 	97.88 	98.50 	99.64 	: 	: 	: 	: 	: 
A,I_ILT12,PC_IND,NO02	: 	: 	: 	: 	: 	93.46 	91.91 	93.03 	92.71 	98.96 	97.77 	100.00 	100.00 	98.55 	90.69 	99.46 	100.00 	99.42 	100.00 	99.61 
A,I_ILT12,PC_IND,NO03	: 	: 	: 	: 	: 	93.17 	93.88 	94.89 	95.92 	96.88 	96.69 	97.71 	98.05 	98.52 	98.66 	: 	: 	: 	: 	: 
A,I_ILT12,PC_IND,NO04	: 	: 	: 	: 	: 	93.62 	95.34 	94.42 	96.46 	94.19 	97.72 	97.13 	99.49 	100.00 	96.41 	: 	: 	: 	: 	: 
A,I_ILT12,PC_IND,NO05	: 	: 	: 	: 	: 	93.65 	95.12 	97.07 	97.64 	97.16 	98.31 	98.08 	96.92 	98.96 	98.49 	: 	: 	: 	: 	: 
A,I_ILT12,PC_IND,NO06	: 	: 	: 	: 	: 	96.68 	96.46 	97.06 	94.80 	99.15 	100.00 	95.88 	97.21 	99.06 	96.99 	100.00 	100.00 	100.00 	99.47 	99.26 
A,I_ILT12,PC_IND,NO07	: 	: 	: 	: 	: 	94.19 	95.06 	92.46 	96.71 	95.82 	95.45 	97.80 	94.94 	98.98 	100.00 	99.14 	99.54 	99.57 	99.15 	99.41 
A,I_ILT12,PC_IND,NO08	: 	: 	: 	: 	: 	: 	: 	: 	: 	: 	: 	: 	: 	: 	: 	99.50 	99.72 	99.79 	99.49 	99.01 
A,I_ILT12,PC_IND,NO09	: 	: 	: 	: 	: 	: 	: 	: 	: 	: 	: 	: 	: 	: 	: 	99.31 	99.35 	100.00 	99.47 	98.67 
A,I_ILT12,PC_IND,NO0A	: 	: 	: 	: 	: 	: 	: 	: 	: 	: 	: 	: 	: 	: 	: 	99.56 	100.00 	99.85 	99.70 	98.18 
A,I_ILT12,PC_IND,PL	44.58 	48.60 	53.13 	58.97 	62.32 	64.88 	65.14 	65.13 	69.08 	69.82 	75.19 	77.92 	79.26 	82.06 	84.83 	86.88 	88.43 	88.11 	89.80 	90.51 
A,I_ILT12,PC_IND,PL1	: 	: 	: 	: 	: 	67.34 	68.28 	67.87 	70.85 	71.71 	76.63 	79.19 	: 	: 	: 	: 	: 	: 	: 	: 
A,I_ILT12,PC_IND,PL2	: 	: 	: 	: 	: 	64.93 	68.12 	65.22 	67.62 	67.94 	76.28 	77.46 	79.12 	83.35 	85.81 	86.85 	89.60 	90.73 	91.71 	91.30 
A,I_ILT12,PC_IND,PL21	: 	: 	: 	: 	: 	: 	: 	: 	: 	: 	: 	: 	: 	: 	: 	: 	: 	89.99 	89.60 	91.37 
A,I_ILT12,PC_IND,PL22	: 	: 	: 	: 	: 	: 	: 	: 	: 	: 	: 	: 	: 	: 	: 	: 	: 	91.32 	93.19 	91.24 
A,I_ILT12,PC_IND,PL3	: 	: 	: 	: 	: 	59.39 	59.51 	60.86 	66.10 	68.21 	72.84 	75.99 	: 	: 	: 	: 	: 	: 	: 	: 
A,I_ILT12,PC_IND,PL4	: 	: 	: 	: 	: 	65.19 	64.59 	64.85 	68.56 	71.80 	75.74 	77.46 	80.21 	81.43 	83.00 	86.54 	88.53 	87.13 	90.78 	92.44 
A,I_ILT12,PC_IND,PL41	: 	: 	: 	: 	: 	: 	: 	: 	: 	: 	: 	: 	: 	: 	: 	: 	: 	89.78 	92.34 	92.52 
A,I_ILT12,PC_IND,PL42	: 	: 	: 	: 	: 	: 	: 	: 	: 	: 	: 	: 	: 	: 	: 	: 	: 	82.11 	87.69 	91.32 
A,I_ILT12,PC_IND,PL43	: 	: 	: 	: 	: 	: 	: 	: 	: 	: 	: 	: 	: 	: 	: 	: 	: 	83.45 	89.67 	93.34 
A,I_ILT12,PC_IND,PL5	: 	: 	: 	: 	: 	68.47 	62.90 	62.54 	72.04 	72.61 	75.68 	78.89 	76.80 	83.24 	86.39 	88.62 	87.98 	90.18 	89.68 	94.41 
A,I_ILT12,PC_IND,PL51	: 	: 	: 	: 	: 	: 	: 	: 	: 	: 	: 	: 	: 	: 	: 	: 	: 	90.65 	91.07 	95.82 
A,I_ILT12,PC_IND,PL52	: 	: 	: 	: 	: 	: 	: 	: 	: 	: 	: 	: 	: 	: 	: 	: 	: 	88.24 	83.81 	89.78 
A,I_ILT12,PC_IND,PL6	: 	: 	: 	: 	: 	65.13 	64.94 	68.17 	70.98 	67.42 	73.84 	78.91 	81.23 	83.77 	86.50 	88.25 	91.02 	86.63 	88.47 	89.55 
A,I_ILT12,PC_IND,PL61	: 	: 	: 	: 	: 	: 	: 	: 	: 	: 	: 	: 	: 	: 	: 	: 	: 	84.34 	88.41 	90.09 
A,I_ILT12,PC_IND,PL62	: 	: 	: 	: 	: 	: 	: 	: 	: 	: 	: 	: 	: 	: 	: 	: 	: 	85.75 	85.56 	86.15 
A,I_ILT12,PC_IND,PL63	: 	: 	: 	: 	: 	: 	: 	: 	: 	: 	: 	: 	: 	: 	: 	: 	: 	89.51 	90.40 	90.87 
A,I_ILT12,PC_IND,PL7	: 	: 	: 	: 	: 	: 	: 	: 	: 	: 	: 	: 	78.67 	82.51 	82.91 	82.39 	86.86 	85.78 	88.32 	86.44 
A,I_ILT12,PC_IND,PL71	: 	: 	: 	: 	: 	: 	: 	: 	: 	: 	: 	: 	: 	: 	: 	: 	: 	88.69 	90.75 	86.66 
A,I_ILT12,PC_IND,PL72	: 	: 	: 	: 	: 	: 	: 	: 	: 	: 	: 	: 	: 	: 	: 	: 	: 	81.74 	84.14 	86.10 
A,I_ILT12,PC_IND,PL8	: 	: 	: 	: 	: 	: 	: 	: 	: 	: 	: 	: 	76.13 	77.45 	80.52 	83.79 	84.53 	85.96 	86.83 	88.26 
A,I_ILT12,PC_IND,PL81	: 	: 	: 	: 	: 	: 	: 	: 	: 	: 	: 	: 	: 	: 	: 	: 	: 	85.36 	87.71 	86.82 
A,I_ILT12,PC_IND,PL82	: 	: 	: 	: 	: 	: 	: 	: 	: 	: 	: 	: 	: 	: 	: 	: 	: 	86.82 	88.16 	89.98 
A,I_ILT12,PC_IND,PL84	: 	: 	: 	: 	: 	: 	: 	: 	: 	: 	: 	: 	: 	: 	: 	: 	: 	85.33 	82.54 	87.75 
A,I_ILT12,PC_IND,PL9	: 	: 	: 	: 	: 	: 	: 	: 	: 	: 	: 	: 	81.30 	82.96 	88.06 	91.75 	89.70 	89.96 	91.96 	91.29 
A,I_ILT12,PC_IND,PL91	: 	: 	: 	: 	: 	: 	: 	: 	: 	: 	: 	: 	: 	: 	: 	: 	: 	95.60 	95.47 	96.66 
A,I_ILT12,PC_IND,PL92	: 	: 	: 	: 	: 	: 	: 	: 	: 	: 	: 	: 	: 	: 	: 	: 	: 	84.13 	89.15 	87.87 
A,I_ILT12,PC_IND,PT	38.01 	42.09 	44.13 	48.27 	53.30 	57.76 	63.64 	64.52 	67.00 	69.75 	71.45 	74.99 	75.35 	76.19 	79.47 	83.01 	85.06 	86.38 	88.99 	89.96 
A,I_ILT12,PC_IND,PT1	: 	: 	: 	: 	: 	57.97 	63.76 	64.51 	66.96 	69.67 	71.37 	74.88 	75.28 	76.10 	79.39 	82.99 	84.96 	86.34 	89.01 	89.99 
A,I_ILT12,PC_IND,PT11	: 	: 	: 	: 	: 	52.40 	58.97 	58.77 	61.83 	65.05 	66.34 	70.25 	70.29 	69.78 	75.88 	78.74 	80.67 	82.59 	85.95 	87.18 
A,I_ILT12,PC_IND,PT15	: 	: 	: 	: 	: 	60.68 	67.55 	68.33 	71.78 	74.04 	72.20 	73.83 	76.94 	78.01 	82.54 	86.06 	87.61 	89.64 	91.98 	92.40 
A,I_ILT12,PC_IND,PT16	: 	: 	: 	: 	: 	53.23 	58.55 	59.91 	62.48 	64.87 	66.33 	70.96 	73.41 	74.58 	76.22 	80.88 	83.91 	84.90 	: 	: 
A,I_ILT12,PC_IND,PT17	: 	: 	: 	: 	: 	70.51 	75.69 	77.07 	77.98 	80.21 	82.63 	84.99 	84.14 	86.51 	86.65 	90.15 	91.44 	92.57 	: 	: 
A,I_ILT12,PC_IND,PT18	: 	: 	: 	: 	: 	52.11 	57.04 	57.67 	62.05 	65.19 	68.68 	72.14 	71.19 	71.27 	77.06 	81.51 	83.46 	83.89 	: 	: 
A,I_ILT12,PC_IND,PT19	: 	: 	: 	: 	: 	: 	: 	: 	: 	: 	: 	: 	: 	: 	: 	: 	: 	: 	86.55 	86.76 
A,I_ILT12,PC_IND,PT1A	: 	: 	: 	: 	: 	: 	: 	: 	: 	: 	: 	: 	: 	: 	: 	: 	: 	: 	94.77 	95.45 
A,I_ILT12,PC_IND,PT1B	: 	: 	: 	: 	: 	: 	: 	: 	: 	: 	: 	: 	: 	: 	: 	: 	: 	: 	95.64 	95.80 
A,I_ILT12,PC_IND,PT1C	: 	: 	: 	: 	: 	: 	: 	: 	: 	: 	: 	: 	: 	: 	: 	: 	: 	: 	85.94 	87.52 
A,I_ILT12,PC_IND,PT1D	: 	: 	: 	: 	: 	: 	: 	: 	: 	: 	: 	: 	: 	: 	: 	: 	: 	: 	86.71 	89.51 
A,I_ILT12,PC_IND,PT2	: 	: 	: 	: 	: 	52.11 	61.80 	66.52 	69.59 	72.81 	73.51 	77.26 	76.93 	78.78 	79.70 	81.72 	86.74 	87.25 	88.51 	89.40 
A,I_ILT12,PC_IND,PT20	: 	: 	: 	: 	: 	52.11 	61.80 	66.52 	69.59 	72.81 	73.51 	77.26 	76.93 	78.78 	79.70 	81.72 	86.74 	87.25 	88.51 	89.40 
A,I_ILT12,PC_IND,PT3	: 	: 	: 	: 	: 	54.99 	60.65 	63.07 	66.10 	69.49 	72.57 	76.95 	76.19 	77.41 	82.04 	84.98 	86.81 	87.15 	88.49 	89.09 
A,I_ILT12,PC_IND,PT30	: 	: 	: 	: 	: 	54.99 	60.65 	63.07 	66.10 	69.49 	72.57 	76.95 	76.19 	77.41 	82.04 	84.98 	86.81 	87.15 	88.49 	89.09 
A,I_ILT12,PC_IND,RO	24.66 	28.30 	32.42 	36.60 	39.93 	44.02 	49.81 	54.82 	58.69 b	61.68 	66.11 	69.58 	77.32 	79.74 	84.55 	87.64 	88.86 	91.56 	93.96 	94.83 
A,I_ILT12,PC_IND,RO1	: 	: 	: 	: 	: 	44.32 	47.60 	54.78 	57.43 b	64.17 	68.94 	70.80 	79.63 	82.58 	85.21 	89.52 	91.35 	91.16 	95.10 	95.26 
A,I_ILT12,PC_IND,RO11	: 	: 	: 	: 	: 	42.46 	48.39 	53.39 	56.44 b	62.75 	69.62 	71.90 	82.91 	85.69 	88.97 	90.45 	92.61 	92.00 	95.75 	93.98 
A,I_ILT12,PC_IND,RO12	: 	: 	: 	: 	: 	46.32 	46.75 	56.28 	58.53 b	65.76 	68.19 	69.57 	75.97 	79.10 	81.02 	88.49 	89.95 	90.22 	94.38 	96.71 
A,I_ILT12,PC_IND,RO2	: 	: 	: 	: 	: 	41.23 	46.97 	53.23 	56.94 b	56.23 	61.63 	65.35 	70.74 	75.53 	81.62 	85.46 	85.79 	90.32 	91.91 	93.60 
A,I_ILT12,PC_IND,RO21	: 	: 	: 	: 	: 	42.02 	46.26 	53.82 	57.74 b	57.71 	62.97 	66.08 	72.21 	77.21 	82.22 	87.83 	85.98 	92.18 	92.94 	94.42 
A,I_ILT12,PC_IND,RO22	: 	: 	: 	: 	: 	40.23 	47.88 	52.46 	55.93 b	54.35 	59.92 	64.41 	68.84 	73.34 	80.83 	82.35 	85.55 	87.85 	90.56 	92.49 
A,I_ILT12,PC_IND,RO3	: 	: 	: 	: 	: 	48.01 	55.28 	58.18 	62.12 b	65.97 	69.83 	73.09 	80.23 	80.83 	86.21 	88.39 	89.62 	92.32 	94.88 	95.49 
A,I_ILT12,PC_IND,RO31	: 	: 	: 	: 	: 	39.50 	46.72 	47.64 	49.71 b	56.00 	57.48 	63.46 	70.04 	76.02 	79.70 	84.90 	84.45 	89.01 	93.05 	93.64 
A,I_ILT12,PC_IND,RO32	: 	: 	: 	: 	: 	60.00 	67.28 	72.89 	78.15 b	78.83 	85.62 	85.25 	92.08 	86.74 	93.62 	92.59 	95.19 	96.36 	97.03 	97.72 
A,I_ILT12,PC_IND,RO4	: 	: 	: 	: 	: 	42.65 	49.71 	52.85 	58.05 b	60.41 	63.79 	69.23 	79.69 	80.66 	85.52 	87.32 	88.98 	92.88 	94.12 	95.19 
A,I_ILT12,PC_IND,RO41	: 	: 	: 	: 	: 	38.47 	45.62 	49.54 	49.15 b	55.22 	63.71 	64.54 	75.61 	76.49 	81.54 	84.86 	86.59 	90.18 	91.90 	94.09 
A,I_ILT12,PC_IND,RO42	: 	: 	: 	: 	: 	47.48 	54.42 	56.65 	67.73 b	66.06 	63.88 	74.32 	84.08 	85.12 	89.26 	89.95 	91.50 	95.90 	96.48 	96.39 
A,I_ILT12,PC_IND,RS	: 	33.15 	: 	41.70 	: 	: 	: 	: 	: 	66.31 	: 	71.97 	74.59 	78.53 	80.09 	84.44 	84.44 	89.97 	91.78 	94.20 
A,I_ILT12,PC_IND,RS1	: 	: 	: 	: 	: 	: 	: 	: 	: 	: 	: 	: 	: 	83.22 	82.72 	86.16 	92.99 	93.54 	93.97 	94.71 
A,I_ILT12,PC_IND,RS11	: 	: 	: 	: 	: 	: 	: 	: 	: 	: 	: 	: 	: 	88.37 	89.75 	88.33 	94.68 	95.60 	95.48 	97.73 
A,I_ILT12,PC_IND,RS12	: 	: 	: 	: 	: 	: 	: 	: 	: 	: 	: 	: 	: 	79.54 	76.96 	84.70 	91.46 	91.86 	92.73 	91.88 
A,I_ILT12,PC_IND,RS2	: 	: 	: 	: 	: 	: 	: 	: 	: 	: 	: 	: 	: 	74.27 	77.86 	82.91 	78.26 	86.60 	89.48 	93.66 
A,I_ILT12,PC_IND,RS21	: 	: 	: 	: 	: 	: 	: 	: 	: 	: 	: 	: 	: 	75.97 	79.38 	85.57 	82.66 	88.80 	90.84 	93.94 
A,I_ILT12,PC_IND,RS22	: 	: 	: 	: 	: 	: 	: 	: 	: 	: 	: 	: 	: 	72.24 	75.77 	79.86 	72.09 	84.01 	87.63 	93.31 
A,I_ILT12,PC_IND,SE	87.76 	82.01 	89.12 	90.88 	92.01 	93.85 	93.83 	95.20 	93.24 	91.66 	95.01 b	96.54 	92.99 	97.73 	97.46 	97.16 	97.18 	98.07 	98.33 	98.50 
A,I_ILT12,PC_IND,SE1	: 	: 	: 	: 	: 	95.13 	94.85 	96.53 	94.70 	93.10 	95.54 b	98.41 	93.52 	98.59 	98.00 	98.18 	97.51 	98.46 	98.55 	98.37 
A,I_ILT12,PC_IND,SE11	: 	: 	: 	: 	: 	96.91 	94.50 	96.95 	95.04 	94.10 	97.10 b	98.27 	93.92 	98.36 	98.68 	98.15 	98.76 	98.21 	98.02 	98.28 
A,I_ILT12,PC_IND,SE12	: 	: 	: 	: 	: 	92.74 	95.33 	95.92 	94.24 	91.79 	93.69 b	98.56 	92.99 	98.95 	97.09 	98.22 	95.92 	98.79 	99.31 	98.49 
A,I_ILT12,PC_IND,SE2	: 	: 	: 	: 	: 	93.27 	93.23 	94.27 	93.62 	90.57 	95.93 b	95.22 	93.30 	97.44 	97.29 	96.47 	97.79 	97.79 	98.52 	98.64 
A,I_ILT12,PC_IND,SE21	: 	: 	: 	: 	: 	92.27 	91.26 	93.47 	93.45 	91.03 	93.75 b	93.76 	89.04 	98.67 	96.72 	96.91 	98.59 	98.50 	97.54 	99.12 
A,I_ILT12,PC_IND,SE22	: 	: 	: 	: 	: 	94.45 	92.29 	94.77 	92.12 	88.34 	96.59 b	96.07 	95.03 	97.20 	97.31 	94.99 	98.13 	97.10 	98.88 	98.17 
A,I_ILT12,PC_IND,SE23	: 	: 	: 	: 	: 	92.93 	94.73 	94.26 	94.66 	91.74 	96.32 b	95.33 	94.09 	97.13 	97.53 	97.38 	97.21 	98.03 	98.72 	98.74 
A,I_ILT12,PC_IND,SE3	: 	: 	: 	: 	: 	92.55 	92.94 	94.67 	89.33 	91.05 	91.19 b	95.48 	90.99 	96.36 	96.54 	96.47 	94.68 	97.93 	97.30 	98.44 
A,I_ILT12,PC_IND,SE31	: 	: 	: 	: 	: 	92.68 	91.54 	94.83 	86.90 	88.59 	90.91 b	93.63 	90.05 	93.85 	95.00 	96.34 	93.49 	98.74 	96.60 	98.61 
A,I_ILT12,PC_IND,SE32	: 	: 	: 	: 	: 	90.11 	91.30 	95.33 u	92.27 	91.33 	87.85 b	98.08 u	86.62 u	97.75 u	97.77 	98.71 	92.82 	94.85 	96.51 	97.69 
A,I_ILT12,PC_IND,SE33	: 	: 	: 	: 	: 	94.14 	96.26 	93.96 	91.44 	95.23 	94.03 b	96.41 	94.86 	98.36 	98.29 	95.14 	97.92 	99.01 	98.81 	98.74 
A,I_ILT12,PC_IND,SI	54.01 	56.74 	57.68 	64.28 	69.91 	69.40 	69.76 	73.87 	73.66 	75.41 	76.44 	80.19 	80.99 	83.94 	87.58 	89.98 	89.92 	90.78 	91.52 	92.29 
A,I_ILT12,PC_IND,SI0	: 	: 	: 	: 	: 	69.40 	69.76 	73.87 	73.66 	75.41 	76.44 	80.19 	80.99 	83.94 	87.58 	89.98 	89.92 	90.78 	91.52 	92.29 
A,I_ILT12,PC_IND,SI01	: 	: 	: 	: 	: 	: 	: 	: 	70.23 	: 	: 	: 	: 	: 	: 	: 	: 	: 	: 	: 
A,I_ILT12,PC_IND,SI02	: 	: 	: 	: 	: 	: 	: 	: 	77.50 	: 	: 	: 	: 	: 	: 	: 	: 	: 	: 	: 
A,I_ILT12,PC_IND,SI03	: 	: 	: 	: 	: 	: 	: 	: 	: 	70.47 	72.60 	77.49 	77.79 	79.98 	85.66 	86.49 	87.73 	88.09 	89.19 	90.04 
A,I_ILT12,PC_IND,SI04	: 	: 	: 	: 	: 	: 	: 	: 	: 	81.07 	80.87 	83.27 	84.62 	88.39 	89.72 	93.85 	92.37 	93.77 	94.12 	94.78 
A,I_ILT12,PC_IND,SK	56.08 	61.80 	71.31 	75.17 	79.42 	77.97 	79.83 	81.16 	83.12 	80.71 	82.76 	83.45 	83.25 	85.08 	91.18 	90.17 	90.19 	89.10 	91.84 	94.04 
A,I_ILT12,PC_IND,SK0	: 	: 	: 	: 	: 	77.97 	79.83 	81.16 	83.12 	80.71 	82.76 	83.45 	83.25 	85.08 	91.18 	90.17 	90.19 	89.10 	91.84 	94.04 
A,I_ILT12,PC_IND,SK01	: 	: 	: 	: 	: 	83.83 	86.60 	87.32 	87.30 	83.16 	82.80 	85.02 	86.82 	84.80 	94.03 	96.82 	95.98 	94.81 	95.92 	98.92 
A,I_ILT12,PC_IND,SK02	: 	: 	: 	: 	: 	77.37 	78.14 	79.48 	81.76 	79.78 	82.69 	82.85 	83.69 	86.57 	90.00 	89.43 	89.72 	86.58 	91.18 	92.56 
A,I_ILT12,PC_IND,SK03	: 	: 	: 	: 	: 	76.36 	74.97 	79.68 	81.50 	79.03 	81.17 	82.45 	83.62 	84.83 	92.32 	90.93 	88.52 	89.55 	92.34 	94.41 
A,I_ILT12,PC_IND,SK04	: 	: 	: 	: 	: 	77.58 	83.49 	82.05 	84.45 	82.27 	84.19 	84.36 	80.98 	83.66 	90.44 	87.64 	89.50 	89.06 	90.30 	93.19 
A,I_ILT12,PC_IND,TR	: 	28.63 	34.37 	36.40 	39.82 	: 	45.13 	46.25 	51.04 	53.75 	59.46 	65.74 	71.94 	74.55 	78.25 	81.95 	84.19 	86.48 	88.29 	90.39 
A,I_ILT12,PC_IND,TR1	: 	: 	: 	: 	: 	: 	58.50 	59.05 	62.53 	65.38 	70.52 	77.88 	83.24 	86.24 	88.29 	90.46 	92.81 	92.83 	95.09 	96.33 
A,I_ILT12,PC_IND,TR2	: 	: 	: 	: 	: 	: 	42.33 	49.80 	49.32 	56.37 	57.84 	62.19 	69.01 	70.78 	76.73 	77.61 	83.33 	85.23 	85.91 	88.20 
A,I_ILT12,PC_IND,TR3	: 	: 	: 	: 	: 	: 	47.31 	47.04 	52.76 	54.91 	58.06 	65.29 	72.59 	75.02 	79.82 	80.97 	82.36 	87.98 	88.19 	89.52 
A,I_ILT12,PC_IND,TR4	: 	: 	: 	: 	: 	: 	53.22 	53.09 	55.10 	57.18 	63.18 	67.28 	75.37 	77.28 	82.28 	84.63 	86.40 	88.07 	90.75 	92.94 
A,I_ILT12,PC_IND,TR5	: 	: 	: 	: 	: 	: 	54.76 	55.69 	55.84 	59.52 	65.09 	74.23 	79.04 	82.52 	85.06 	87.38 	87.82 	88.30 	89.51 	91.03 
A,I_ILT12,PC_IND,TR6	: 	: 	: 	: 	: 	: 	40.28 	40.60 	50.33 	50.36 	60.81 	66.60 	70.69 	73.73 	77.02 	80.02 	83.28 	84.65 	87.76 	89.54 
A,I_ILT12,PC_IND,TR7	: 	: 	: 	: 	: 	: 	39.84 	43.14 	47.16 	48.39 	57.79 	64.28 	68.69 	76.13 	76.91 	79.93 	83.15 	84.46 	84.61 	89.25 
A,I_ILT12,PC_IND,TR8	: 	: 	: 	: 	: 	: 	36.33 	37.33 	42.31 	47.15 	53.39 	60.64 	64.81 	67.91 	69.49 	75.06 	80.29 	80.58 	83.10 	87.24 
A,I_ILT12,PC_IND,TR9	: 	: 	: 	: 	: 	: 	30.44 	36.33 	48.22 	50.22 	51.11 	59.77 	67.20 	65.80 	71.77 	79.15 	79.60 	81.12 	81.84 	85.85 
A,I_ILT12,PC_IND,TRA	: 	: 	: 	: 	: 	: 	30.39 	30.83 	37.25 	39.49 	45.85 	47.65 	50.90 	60.81 	67.21 	66.24 	68.02 	78.39 	76.98 	85.07 
A,I_ILT12,PC_IND,TRB	: 	: 	: 	: 	: 	: 	32.09 	28.93 	34.94 	38.99 	42.44 	51.70 	58.69 	62.54 	66.12 	72.50 	74.61 	77.78 	79.66 	79.60 
A,I_ILT12,PC_IND,TRC	: 	: 	: 	: 	: 	: 	28.34 	31.69 	36.51 	40.28 	45.97 	47.13 	57.16 	56.47 	62.26 	76.16 	76.97 	82.78 	85.84 	88.26 
A,I_ILT12,PC_IND,UK	68.82 	75.09 	78.39 	83.56 	85.00 	86.84 	88.54 	90.93 	92.42 	92.71 	95.44 	95.08 	94.92 	95.85 	97.76 	: 	: 	: 	: 	: 
A,I_ILT12,PC_IND,UKC	: 	: 	: 	: 	: 	78.22 	79.20 	85.79 	92.57 	85.72 	91.82 	91.15 	90.65 	97.96 	92.65 	: 	: 	: 	: 	: 
A,I_ILT12,PC_IND,UKD	: 	: 	: 	: 	: 	86.97 	88.89 	87.33 	89.95 	85.82 	94.64 	95.12 	95.95 	95.34 	96.18 	: 	: 	: 	: 	: 
A,I_ILT12,PC_IND,UKE	: 	: 	: 	: 	: 	83.95 	90.30 	88.43 	90.97 	93.86 	94.41 	93.93 	91.31 	96.15 	96.68 	: 	: 	: 	: 	: 
A,I_ILT12,PC_IND,UKF	: 	: 	: 	: 	: 	85.06 	92.31 	90.77 	92.30 	94.59 	95.00 	93.21 	96.63 	91.78 	95.13 	: 	: 	: 	: 	: 
A,I_ILT12,PC_IND,UKG	: 	: 	: 	: 	: 	87.34 	85.97 	89.44 	94.30 	88.18 	92.85 	96.59 	94.04 	94.48 	97.96 	: 	: 	: 	: 	: 
A,I_ILT12,PC_IND,UKH	: 	: 	: 	: 	: 	85.60 	87.96 	92.48 	92.56 	95.97 	95.02 	94.57 	92.05 	97.30 	98.70 	: 	: 	: 	: 	: 
A,I_ILT12,PC_IND,UKI	: 	: 	: 	: 	: 	87.40 	90.35 	94.81 	95.70 	92.82 	97.22 	96.63 	95.77 	96.41 	99.90 	: 	: 	: 	: 	: 
A,I_ILT12,PC_IND,UKJ	: 	: 	: 	: 	: 	91.38 	91.24 	94.32 	93.83 	96.83 	98.26 	96.69 	96.81 	98.23 	98.95 	: 	: 	: 	: 	: 
A,I_ILT12,PC_IND,UKK	: 	: 	: 	: 	: 	91.29 	91.68 	96.23 	90.30 	93.43 	97.41 	96.43 	98.00 	96.99 	98.50 	: 	: 	: 	: 	: 
A,I_ILT12,PC_IND,UKL	: 	: 	: 	: 	: 	81.44 	84.26 	85.30 	91.20 	86.03 	91.60 	93.43 	97.51 	91.00 	97.18 	: 	: 	: 	: 	: 
A,I_ILT12,PC_IND,UKM	: 	: 	: 	: 	: 	86.64 	82.94 	89.49 	91.14 	94.77 	96.77 	94.26 	93.68 	96.25 	98.56 	: 	: 	: 	: 	: 
A,I_ILT12,PC_IND,UKN	: 	: 	: 	: 	: 	: 	: 	84.70 	89.87 	91.60 	92.12 	91.90 	93.21 	92.49 	: 	: 	: 	: 	: 	: 
A,I_ILT12,PC_IND,XK	: 	: 	: 	: 	: 	: 	: 	: 	: 	: 	: 	86.40 	88.22 	90.98 	96.56 	: 	: 	: 	98.90 	98.68 
A,I_IU3,PC_IND,AL	: 	: 	: 	: 	: 	: 	: 	: 	: 	: 	: 	: 	62.62 	68.55 	72.24 	79.37 	82.66 	83.14 	86.18 	87.18 
A,I_IU3,PC_IND,AT	61.12 	66.87 	71.21 	71.62 	74.17 	78.74 	80.03 	80.62 	81.01 	83.93 	84.32 	87.94 	87.48 	87.75 	87.53 	92.53 	93.61 	95.33 	94.92 	95.30 
A,I_IU3,PC_IND,AT1	: 	: 	: 	: 	: 	80.54 	81.16 	79.32 	81.99 	85.27 	86.17 	88.85 	88.26 	88.48 	89.13 	93.74 	93.94 	95.76 	94.60 	96.71 
A,I_IU3,PC_IND,AT11	: 	: 	: 	: 	: 	70.91 	75.40 	75.09 	81.14 	: 	81.34 	85.69 	86.06 	80.41 	84.90 	89.39 	89.71 	94.19 	93.13 	95.44 
A,I_IU3,PC_IND,AT12	: 	: 	: 	: 	: 	78.96 	78.46 	77.24 	76.85 	: 	84.61 	86.19 	85.63 	88.51 	86.88 	93.44 	91.57 	94.84 	93.82 	95.41 
A,I_IU3,PC_IND,AT13	: 	: 	: 	: 	: 	83.54 	84.57 	81.90 	86.73 	: 	88.28 	91.62 	90.87 	89.69 	91.72 	94.67 	96.61 	96.78 	95.48 	97.97 
A,I_IU3,PC_IND,AT2	: 	: 	: 	: 	: 	74.24 	77.88 	79.69 	76.79 	80.74 	80.12 	86.65 	86.01 	85.35 	83.63 	89.86 	92.39 	94.44 	93.91 	93.62 
A,I_IU3,PC_IND,AT21	: 	: 	: 	: 	: 	76.02 	76.43 	76.73 	76.20 	: 	81.94 	84.31 	85.02 	85.95 	84.07 	89.06 	92.00 	93.89 	94.66 	91.55 
A,I_IU3,PC_IND,AT22	: 	: 	: 	: 	: 	73.43 	78.55 	81.04 	77.05 	: 	79.30 	87.70 	86.46 	85.09 	83.44 	90.22 	92.56 	94.69 	93.58 	94.55 
A,I_IU3,PC_IND,AT3	: 	: 	: 	: 	: 	79.22 	79.93 	82.73 	82.27 	84.13 	84.49 	87.56 	87.35 	88.22 	87.79 	92.56 	93.91 	95.31 	95.87 	94.50 
A,I_IU3,PC_IND,AT31	: 	: 	: 	: 	: 	77.60 	79.24 	82.84 	81.93 	: 	84.74 	85.57 	86.71 	86.75 	86.00 	92.53 	93.29 	94.89 	95.53 	93.67 
A,I_IU3,PC_IND,AT32	: 	: 	: 	: 	: 	80.24 	83.74 	82.16 	83.43 	: 	83.49 	90.70 	87.92 	89.44 	88.01 	92.48 	94.36 	96.28 	96.57 	94.59 
A,I_IU3,PC_IND,AT33	: 	: 	: 	: 	: 	78.82 	75.30 	81.68 	81.08 	: 	83.48 	88.86 	87.93 	89.89 	89.43 	92.91 	94.76 	94.72 	96.40 	94.80 
A,I_IU3,PC_IND,AT34	: 	: 	: 	: 	: 	84.70 	85.97 	85.18 	84.24 	: 	86.93 	88.04 	87.85 	88.81 	91.01 	92.10 	93.96 	96.68 	95.17 	96.93 
A,I_IU3,PC_IND,BA	: 	: 	: 	: 	: 	: 	: 	: 	: 	: 	: 	: 	70.12 	69.95 	73.21 	75.68 	: 	83.38 	86.10 	90.11 
A,I_IU3,PC_IND,BE	61.98 	66.76 	68.86 	74.54 	77.64 	81.61 	80.72 	82.17 	85.00 	85.05 	86.52 	87.68 	88.66 	90.28 	91.53 	92.79 	94.01 	94.63 	95.78 	96.46 
A,I_IU3,PC_IND,BE1	: 	: 	: 	: 	: 	83.70 	82.19 	80.89 	82.19 	85.71 	89.28 	88.16 	88.97 	89.33 	89.76 	94.01 	94.64 	94.62 	96.22 	94.52 
A,I_IU3,PC_IND,BE10	: 	: 	: 	: 	: 	83.70 	82.19 	80.89 	82.19 	85.71 	89.28 	88.16 	88.97 	89.33 	89.76 	94.01 	94.64 	94.62 	96.22 	94.52 
A,I_IU3,PC_IND,BE2	: 	: 	: 	: 	: 	82.50 	82.57 	84.66 	88.19 	85.96 	87.77 	89.35 	90.12 	91.67 	93.13 	94.70 	94.96 	95.69 	96.75 	96.97 
A,I_IU3,PC_IND,BE21	: 	: 	: 	: 	: 	83.29 	82.05 	86.74 	88.76 	85.42 	88.45 	91.47 	92.17 	92.51 	92.54 	94.50 	95.93 	96.18 	96.59 	97.98 
A,I_IU3,PC_IND,BE22	: 	: 	: 	: 	: 	82.01 	80.11 	82.26 	90.31 	86.46 	86.84 	88.01 	87.72 	92.40 	91.67 	92.49 	96.50 	95.53 	97.31 	97.00 
A,I_IU3,PC_IND,BE23	: 	: 	: 	: 	: 	81.47 	83.02 	84.13 	86.86 	85.63 	88.12 	86.68 	89.45 	89.42 	94.45 	95.01 	92.80 	95.68 	97.27 	97.34 
A,I_IU3,PC_IND,BE24	: 	: 	: 	: 	: 	84.09 	86.73 	85.97 	88.10 	88.03 	88.38 	90.63 	91.10 	94.36 	95.77 	95.75 	94.60 	97.86 	96.79 	95.69 
A,I_IU3,PC_IND,BE25	: 	: 	: 	: 	: 	81.49 	80.77 	82.73 	87.51 	84.85 	86.38 	89.24 	88.66 	90.08 	90.88 	95.25 	95.64 	93.37 	95.83 	96.13 
A,I_IU3,PC_IND,BE3	: 	: 	: 	: 	: 	79.33 	76.89 	78.07 	80.15 	83.21 	83.35 	84.51 	85.90 	88.08 	89.23 	88.93 	92.06 	92.68 	93.85 	96.18 
A,I_IU3,PC_IND,BE31	: 	: 	: 	: 	: 	87.24 	91.21 	87.79 	87.07 	92.06 	90.87 	88.49 	93.69 	92.61 	96.39 	95.04 	96.55 	92.34 	95.73 	98.74 
A,I_IU3,PC_IND,BE32	: 	: 	: 	: 	: 	79.32 	72.67 	75.23 	76.65 	81.49 	79.06 	82.29 	83.35 	84.70 	88.07 	86.60 	92.73 	92.88 	93.26 	96.26 
A,I_IU3,PC_IND,BE33	: 	: 	: 	: 	: 	73.54 	75.55 	77.57 	79.38 	81.84 	85.42 	84.16 	86.91 	90.21 	90.15 	90.79 	90.10 	93.93 	94.42 	95.43 
A,I_IU3,PC_IND,BE34	: 	: 	: 	: 	: 	78.01 	79.31 	76.99 	81.74 	84.80 	84.58 	88.36 	85.74 	89.04 	86.01 	91.25 	89.11 	90.23 	93.52 	95.67 
A,I_IU3,PC_IND,BE35	: 	: 	: 	: 	: 	86.86 	78.58 	79.78 	84.96 	82.91 	83.58 	85.93 	84.35 	88.28 	86.33 	85.73 	92.29 	91.29 	92.88 	95.51 
A,I_IU3,PC_IND,BG	24.35 	30.78 	34.86 	41.79 	43.36 	47.98 	51.90 	53.06 	55.49 	56.66 	59.47 	63.41 	64.78 	67.95 	70.16 	75.27 	79.13 	80.39 	82.44 	86.85 
A,I_IU3,PC_IND,BG3	: 	: 	: 	: 	: 	41.79 	47.34 	48.49 	51.33 	52.34 	56.20 	61.29 	63.33 	65.82 	65.10 	74.19 	76.91 	77.48 	81.92 	85.91 
A,I_IU3,PC_IND,BG31	: 	: 	: 	: 	: 	39.83 	39.74 	45.80 	46.82 	42.26 	55.13 	57.57 	59.76 	63.58 	61.39 	69.21 	75.71 	74.83 	80.52 	84.19 
A,I_IU3,PC_IND,BG32	: 	: 	: 	: 	: 	44.20 	49.39 	51.26 	57.91 	56.47 	56.82 	65.61 	63.39 	69.96 	65.35 	77.67 	78.68 	80.14 	85.82 	84.74 
A,I_IU3,PC_IND,BG33	: 	: 	: 	: 	: 	37.83 	47.41 	49.33 	53.19 	54.08 	60.34 	62.62 	67.11 	65.29 	68.52 	76.84 	79.10 	78.11 	83.31 	90.46 
A,I_IU3,PC_IND,BG34	: 	: 	: 	: 	: 	44.95 	51.46 	47.55 	47.72 	54.99 	52.70 	59.38 	62.39 	64.68 	64.40 	72.57 	74.36 	76.85 	78.84 	83.90 
A,I_IU3,PC_IND,BG4	: 	: 	: 	: 	: 	54.42 	56.55 	57.69 	59.69 	60.99 	62.73 	65.52 	66.22 	70.04 	75.09 	76.33 	81.27 	83.09 	82.91 	87.70 
A,I_IU3,PC_IND,BG41	: 	: 	: 	: 	: 	62.95 	62.01 	64.71 	65.56 	67.09 	65.25 	68.93 	69.94 	74.59 	80.59 	79.22 	84.95 	86.08 	86.08 	90.17 
A,I_IU3,PC_IND,BG42	: 	: 	: 	: 	: 	42.32 	48.50 	47.30 	50.94 	51.86 	58.94 	60.36 	60.58 	63.14 	66.77 	71.97 	75.71 	78.41 	77.97 	83.84 
A,I_IU3,PC_IND,CH	: 	: 	: 	: 	: 	: 	: 	: 	89.73 	: 	: 	93.71 b	: 	96.51 	: 	98.14 	: 	99.25 	: 	98.92 
A,I_IU3,PC_IND,CH0	: 	: 	: 	: 	: 	: 	: 	: 	89.73 	: 	: 	93.71 b	: 	96.51 	: 	98.14 	: 	99.25 	: 	98.92 
A,I_IU3,PC_IND,CH01	: 	: 	: 	: 	: 	: 	: 	: 	89.20 	: 	: 	92.38 b	: 	97.11 	: 	98.90 	: 	99.20 	: 	99.57 
A,I_IU3,PC_IND,CH02	: 	: 	: 	: 	: 	: 	: 	: 	87.83 	: 	: 	93.15 b	: 	95.06 	: 	97.44 	: 	99.37 	: 	98.78 
A,I_IU3,PC_IND,CH03	: 	: 	: 	: 	: 	: 	: 	: 	89.62 	: 	: 	94.19 b	: 	98.39 	: 	97.69 	: 	100.00 	: 	98.41 
A,I_IU3,PC_IND,CH04	: 	: 	: 	: 	: 	: 	: 	: 	93.16 	: 	: 	94.55 b	: 	98.08 	: 	99.25 	: 	99.42 	: 	99.16 
A,I_IU3,PC_IND,CH05	: 	: 	: 	: 	: 	: 	: 	: 	90.33 	: 	: 	94.36 b	: 	96.09 	: 	98.20 	: 	98.34 	: 	99.22 
A,I_IU3,PC_IND,CH06	: 	: 	: 	: 	: 	: 	: 	: 	90.78 	: 	: 	95.91 b	: 	94.36 	: 	97.18 	: 	99.36 	: 	98.26 
A,I_IU3,PC_IND,CH07	: 	: 	: 	: 	: 	: 	: 	: 	83.49 	: 	: 	90.34 b	: 	95.11 	: 	96.86 	: 	98.51 	: 	97.95 
A,I_IU3,PC_IND,CY	33.84 	38.12 	38.78 	47.87 	52.24 	56.86 	60.69 	65.45 	69.33 	71.72 	75.90 	80.74 	84.43 	86.06 	90.80 	90.76 	89.60 	91.22 	94.60 	93.79 
A,I_IU3,PC_IND,CY0	: 	: 	: 	: 	: 	56.86 	60.69 	65.45 	69.33 	71.72 	75.90 	80.74 	84.43 	86.06 	90.80 	90.76 	89.60 	91.22 	94.60 	93.79 
A,I_IU3,PC_IND,CY00	: 	: 	: 	: 	: 	56.86 	60.69 	65.45 	69.33 	71.72 	75.90 	80.74 	84.43 	86.06 	90.80 	90.76 	89.60 	91.22 	94.60 	93.79 
A,I_IU3,PC_IND,CZ	44.25 	48.64 	58.41 	60.36 	66.36 	70.49 	74.17 	74.11 	79.71 	81.30 	82.17 	84.64 	86.50 	87.03 	87.60 	88.85 	90.64 	92.04 	93.70 	94.52 
A,I_IU3,PC_IND,CZ0	: 	: 	: 	: 	: 	70.49 	74.17 	74.11 	79.71 	81.30 	82.17 	84.64 	86.50 	87.03 	87.60 	88.85 	90.64 	92.04 	93.70 	94.52 
A,I_IU3,PC_IND,CZ01	: 	: 	: 	: 	: 	75.76 	81.43 	78.84 	89.95 	91.93 	90.87 	91.90 	93.89 	95.38 	95.14 	93.64 	96.88 	97.10 	98.28 	98.75 
A,I_IU3,PC_IND,CZ02	: 	: 	: 	: 	: 	72.97 	77.99 	79.95 	81.19 	83.21 	86.30 	88.71 	87.50 	90.28 	85.28 	86.93 	90.41 	91.98 	93.81 	94.51 
A,I_IU3,PC_IND,CZ03	: 	: 	: 	: 	: 	69.41 	72.15 	72.68 	79.94 	84.07 	83.44 	85.65 	86.56 	88.68 	87.35 	90.16 	89.76 	93.08 	95.67 	96.61 
A,I_IU3,PC_IND,CZ04	: 	: 	: 	: 	: 	63.55 	64.53 	66.92 	70.58 	74.04 	75.96 	81.28 	83.00 	80.54 	82.97 	86.82 	88.48 	92.10 	94.44 	93.49 
A,I_IU3,PC_IND,CZ05	: 	: 	: 	: 	: 	71.83 	75.32 	75.71 	79.62 	82.61 	79.97 	82.45 	84.58 	86.71 	85.94 	86.89 	88.62 	88.50 	92.79 	92.68 
A,I_IU3,PC_IND,CZ06	: 	: 	: 	: 	: 	72.15 	76.86 	74.97 	78.75 	79.09 	80.67 	83.28 	85.88 	84.44 	89.17 	89.38 	90.27 	91.89 	91.44 	93.10 
A,I_IU3,PC_IND,CZ07	: 	: 	: 	: 	: 	65.34 	70.28 	72.79 	76.70 	77.37 	78.72 	81.69 	83.31 	83.64 	87.48 	87.97 	87.77 	90.50 	90.46 	92.35 
A,I_IU3,PC_IND,CZ08	: 	: 	: 	: 	: 	71.47 	72.44 	69.53 	80.59 	77.88 	81.81 	82.50 	87.37 	86.43 	87.34 	89.25 	93.44 	92.18 	93.77 	95.52 
A,I_IU3,PC_IND,DE	69.26 	72.42 	75.33 	77.15 	79.97 	81.27 	82.35 	84.17 	86.19 	87.59 	89.65 	90.25 	92.35 	92.98 	94.30 	91.43 b	91.63 	92.48 	93.50 	94.58 
A,I_IU3,PC_IND,DE1	: 	: 	: 	: 	: 	80.02 	84.16 	85.60 	87.76 	87.63 	89.87 	90.45 	92.44 	92.24 	93.28 	90.74 b	92.64 	93.39 	94.97 	95.94 
A,I_IU3,PC_IND,DE2	: 	: 	: 	: 	: 	82.56 	81.70 	83.70 	85.28 	89.84 	91.01 	89.51 	91.09 	94.00 	94.70 	89.32 b	90.30 	90.21 	92.12 	94.72 
A,I_IU3,PC_IND,DE3	: 	: 	: 	: 	: 	81.22 	81.75 	85.38 	87.90 	88.78 	90.18 	92.37 	93.82 	93.42 	96.04 	95.02 b	94.71 	92.44 	93.61 	93.05 
A,I_IU3,PC_IND,DE4	: 	: 	: 	: 	: 	73.05 	74.28 	72.65 	76.16 	78.75 	79.49 	84.11 	84.49 	86.12 	90.86 	91.59 b	88.49 	92.00 	91.78 	90.40 
A,I_IU3,PC_IND,DE5	: 	: 	: 	: 	: 	93.22 	85.16 	85.61 	86.05 	94.60 	90.36 	92.19 	94.72 	93.77 	95.05 	87.01 b	88.07 	89.81 	84.25 	90.65 
A,I_IU3,PC_IND,DE6	: 	: 	: 	: 	: 	83.58 	82.78 	86.74 	93.51 	90.06 	93.73 	93.61 	91.70 	94.84 	95.21 	93.16 b	92.47 	94.68 	96.36 	96.45 
A,I_IU3,PC_IND,DE7	: 	: 	: 	: 	: 	86.10 	87.03 	85.67 	88.10 	88.89 	92.25 	91.95 	94.06 	94.20 	96.37 	94.55 b	92.38 	95.21 	94.65 	95.52 
A,I_IU3,PC_IND,DE8	: 	: 	: 	: 	: 	71.42 	73.23 	72.81 	77.34 	81.53 	85.28 	80.67 	84.41 	89.57 	93.35 	88.98 b	91.38 	90.50 	92.60 	93.59 
A,I_IU3,PC_IND,DE9	: 	: 	: 	: 	: 	82.77 	84.98 	85.56 	88.29 	90.27 	91.50 	93.21 	94.41 	95.03 	95.22 	89.88 b	90.74 	91.74 	94.22 	95.11 
A,I_IU3,PC_IND,DEA	: 	: 	: 	: 	: 	82.57 	83.85 	85.22 	86.07 	87.34 	88.75 	90.56 	93.95 	93.42 	94.42 	93.10 b	91.95 	93.41 	93.83 	94.70 
A,I_IU3,PC_IND,DEB	: 	: 	: 	: 	: 	82.37 	84.00 	88.30 	88.03 	89.63 	92.10 	93.54 	93.33 	92.94 	94.01 	92.70 b	94.80 	93.50 	94.74 	95.70 
A,I_IU3,PC_IND,DEC	: 	: 	: 	: 	: 	79.50 	78.72 	87.24 	88.66 	87.59 	91.16 	88.50 	93.20 	90.57 	93.51 	87.96 b	90.36 	95.29 	97.06 	90.65 
A,I_IU3,PC_IND,DED	: 	: 	: 	: 	: 	73.99 	73.80 	78.62 	81.50 	79.32 	86.46 	86.69 	89.43 	89.37 	91.68 	93.01 b	90.99 	94.15 	93.28 	95.05 
A,I_IU3,PC_IND,DEE	: 	: 	: 	: 	: 	77.26 	77.28 	80.78 	82.26 	81.15 	86.06 	86.58 	91.09 	94.47 	95.70 	85.43 b	89.85 	89.88 	89.12 	89.90 
A,I_IU3,PC_IND,DEF	: 	: 	: 	: 	: 	82.09 	81.45 	83.89 	91.02 	91.59 	91.47 	90.33 	93.06 	92.66 	94.85 	92.08 b	91.53 	88.05 	92.45 	94.71 
A,I_IU3,PC_IND,DEG	: 	: 	: 	: 	: 	79.78 	81.19 	85.31 	83.60 	84.17 	86.19 	87.30 	90.01 	89.86 	91.07 	87.53 b	89.46 	91.82 	90.37 	92.07 
A,I_IU3,PC_IND,DK	82.72 	81.37 	83.89 	85.97 	87.89 	89.81 	92.26 	94.63 	95.99 	96.33 	96.97 	97.10 	97.61 	97.06 	98.66 	98.89 	97.86 	98.80 	99.77 	99.71 
A,I_IU3,PC_IND,DK0	: 	: 	: 	: 	: 	89.81 	92.26 	94.63 	95.99 	96.33 	96.97 	97.10 	97.61 	97.06 	98.66 	98.89 	97.86 	98.80 	99.77 	99.71 
A,I_IU3,PC_IND,DK01	: 	: 	: 	: 	: 	91.62 	94.84 	97.07 	97.25 	96.95 	98.09 	98.81 	97.99 	97.43 	99.13 	98.78 	98.31 	99.01 	99.77 	99.59 
A,I_IU3,PC_IND,DK02	: 	: 	: 	: 	: 	87.91 	90.31 	93.10 	95.84 	96.26 	96.54 	95.54 	96.01 	96.29 	98.42 	98.30 	97.45 	98.36 	99.63 	99.90 
A,I_IU3,PC_IND,DK03	: 	: 	: 	: 	: 	87.32 	90.43 	92.24 	95.72 	96.44 	95.20 	97.14 	97.18 	96.69 	98.54 	98.78 	98.16 	98.59 	99.67 	100.00 
A,I_IU3,PC_IND,DK04	: 	: 	: 	: 	: 	90.85 	93.23 	95.05 	95.95 	96.32 	97.24 	96.35 	98.28 	97.28 	98.54 	99.21 	97.77 	99.29 	99.93 	99.35 
A,I_IU3,PC_IND,DK05	: 	: 	: 	: 	: 	89.99 	89.66 	93.60 	93.12 	94.36 	97.26 	95.47 	98.15 	97.34 	98.12 	99.44 	96.70 	98.06 	99.78 	100.00 
A,I_IU3,PC_IND,EE	60.82 	63.25 	65.76 	70.72 	73.88 	75.96 	77.90 	79.40 	84.24 b	88.41 	87.24 	88.10 	89.36 	90.23 	89.06 	90.98 	91.50 	93.20 	92.25 	94.86 
A,I_IU3,PC_IND,EE0	: 	: 	: 	: 	: 	75.96 	77.90 	79.40 	84.24 b	88.41 	87.24 	88.10 	89.36 	90.23 	89.06 	90.98 	91.50 	93.20 	92.25 	94.86 
A,I_IU3,PC_IND,EE00	: 	: 	: 	: 	: 	75.96 	77.90 	79.40 	84.24 b	88.41 	87.24 	88.10 	89.36 	90.23 	89.06 	90.98 	91.50 	93.20 	92.25 	94.86 
A,I_IU3,PC_IND,EL	28.89 	33.40 	38.19 	42.39 	44.44 	51.65 	55.07 	59.87 	63.21 	66.84 	69.09 	69.89 	72.24 	75.67 	78.12 	78.49 	83.17 	85.01 	86.29 	89.15 
A,I_IU3,PC_IND,EL1	: 	: 	: 	: 	: 	48.58 	: 	: 	: 	: 	: 	: 	: 	: 	: 	: 	: 	: 	: 	: 
A,I_IU3,PC_IND,EL2	: 	: 	: 	: 	: 	40.55 	: 	: 	: 	: 	: 	: 	: 	: 	: 	: 	: 	: 	: 	: 
A,I_IU3,PC_IND,EL3	: 	: 	: 	: 	: 	58.87 	65.22 	69.47 	68.86 	74.84 	77.91 	77.73 	81.30 	81.33 	84.84 	85.21 	88.73 	89.50 	89.09 	94.32 
A,I_IU3,PC_IND,EL4	: 	: 	: 	: 	: 	46.32 	54.21 	54.52 	66.36 	65.19 	68.39 	71.81 	71.81 	72.57 	79.44 	77.00 	78.49 	86.10 	90.63 	86.12 
A,I_IU3,PC_IND,EL5	: 	: 	: 	: 	: 	: 	47.87 	54.36 	61.08 	63.37 	65.21 	68.71 	69.88 	75.59 	77.49 	75.52 	83.07 	83.62 	86.67 	89.40 
A,I_IU3,PC_IND,EL6	: 	: 	: 	: 	: 	: 	46.03 	51.33 	56.00 	59.67 	60.83 	59.29 	62.36 	69.74 	68.75 	73.03 	77.08 	79.22 	79.64 	82.20 
A,I_IU3,PC_IND,ES	47.30 	51.48 	55.94 	59.03 	63.53 	66.47 	69.48 	71.64 	76.19 	78.69 	80.56 	84.60 	86.11 	90.72 	93.21 	93.90 	94.49 	95.45 	95.78 	96.34 
A,I_IU3,PC_IND,ES1	: 	: 	: 	: 	: 	61.53 	63.63 	67.71 	71.21 	74.35 	75.85 	80.54 	81.97 	85.93 	88.91 	91.06 	91.87 	93.16 	92.86 	94.17 
A,I_IU3,PC_IND,ES11	: 	: 	: 	: 	: 	57.99 	63.45 	65.64 	69.33 	71.86 	74.61 	79.38 	80.45 	83.97 	87.44 	90.17 	91.66 	92.18 	92.55 	93.89 
A,I_IU3,PC_IND,ES12	: 	: 	: 	: 	: 	66.17 	60.37 	69.60 	74.03 	78.30 	76.70 	82.29 	85.71 	89.20 	91.15 	92.57 	92.22 	95.39 	92.78 	93.45 
A,I_IU3,PC_IND,ES13	: 	: 	: 	: 	: 	69.60 	70.42 	73.94 	74.84 	78.81 	80.08 	82.74 	82.32 	89.12 	91.66 	92.46 	92.23 	93.73 	94.37 	96.66 
A,I_IU3,PC_IND,ES2	: 	: 	: 	: 	: 	70.53 	73.42 	74.98 	78.52 	80.54 	83.76 	85.93 	87.15 	91.95 	93.89 	93.75 	94.99 	95.35 	95.98 	96.34 
A,I_IU3,PC_IND,ES21	: 	: 	: 	: 	: 	71.08 	75.99 	76.71 	80.98 	81.51 	84.76 	85.72 	86.27 	91.48 	93.44 	93.33 	95.32 	95.27 	96.01 	95.51 
A,I_IU3,PC_IND,ES22	: 	: 	: 	: 	: 	70.05 	71.51 	72.10 	76.46 	79.55 	81.89 	86.69 	88.08 	94.95 	95.41 	93.64 	95.36 	95.97 	95.88 	97.14 
A,I_IU3,PC_IND,ES23	: 	: 	: 	: 	: 	66.65 	64.63 	71.01 	75.68 	78.65 	80.05 	82.00 	82.77 	89.63 	92.74 	92.47 	93.38 	93.75 	94.34 	96.43 
A,I_IU3,PC_IND,ES24	: 	: 	: 	: 	: 	70.76 	72.18 	74.44 	76.13 	79.85 	83.88 	86.84 	89.21 	91.81 	94.15 	94.81 	94.64 	95.54 	96.36 	97.27 
A,I_IU3,PC_IND,ES3	: 	: 	: 	: 	: 	74.79 	76.84 	80.42 	84.19 	85.86 	86.86 	90.05 	90.98 	94.11 	95.97 	95.85 	96.85 	97.36 	97.74 	98.06 
A,I_IU3,PC_IND,ES30	: 	: 	: 	: 	: 	74.79 	76.84 	80.42 	84.19 	85.86 	86.86 	90.05 	90.98 	94.11 	95.97 	95.85 	96.85 	97.36 	97.74 	98.06 
A,I_IU3,PC_IND,ES4	: 	: 	: 	: 	: 	61.84 	65.38 	68.34 	72.73 	75.39 	77.13 	80.01 	81.78 	88.08 	91.64 	92.12 	92.47 	93.61 	94.65 	95.14 
A,I_IU3,PC_IND,ES41	: 	: 	: 	: 	: 	64.47 	66.61 	71.66 	74.89 	77.55 	77.03 	81.34 	82.53 	88.57 	90.74 	92.74 	92.86 	94.17 	94.70 	94.84 
A,I_IU3,PC_IND,ES42	: 	: 	: 	: 	: 	60.19 	65.32 	65.71 	72.49 	74.26 	77.99 	78.33 	80.53 	87.22 	92.72 	92.07 	92.35 	94.33 	95.87 	96.00 
A,I_IU3,PC_IND,ES43	: 	: 	: 	: 	: 	58.90 	62.70 	65.77 	68.31 	72.64 	75.75 	80.17 	82.47 	88.61 	91.55 	90.85 	91.86 	90.94 	92.11 	94.07 
A,I_IU3,PC_IND,ES5	: 	: 	: 	: 	: 	69.03 	70.63 	73.20 	78.22 	80.85 	81.07 	85.34 	87.55 	92.26 	94.60 	95.19 	95.75 	96.10 	96.48 	97.57 
A,I_IU3,PC_IND,ES51	: 	: 	: 	: 	: 	70.64 	74.60 	74.87 	80.49 	83.11 	82.77 	85.71 	87.99 	93.69 	95.67 	95.46 	95.75 	96.83 	96.98 	97.78 
A,I_IU3,PC_IND,ES52	: 	: 	: 	: 	: 	66.52 	64.08 	70.04 	74.22 	77.12 	78.38 	84.03 	86.35 	89.67 	93.07 	94.81 	95.43 	94.76 	95.76 	97.31 
A,I_IU3,PC_IND,ES53	: 	: 	: 	: 	: 	69.61 	73.67 	76.25 	81.08 	82.60 	81.74 	88.53 	89.84 	94.07 	94.31 	95.09 	97.05 	97.20 	96.33 	97.30 
A,I_IU3,PC_IND,ES6	: 	: 	: 	: 	: 	61.58 	66.74 	67.19 	71.63 	74.77 	78.79 	84.02 	84.97 	89.53 	92.16 	93.17 	93.25 	95.02 	95.08 	94.90 
A,I_IU3,PC_IND,ES61	: 	: 	: 	: 	: 	61.67 	66.71 	66.99 	71.24 	74.14 	78.78 	83.93 	84.80 	89.45 	92.37 	92.84 	93.14 	94.78 	95.00 	94.74 
A,I_IU3,PC_IND,ES62	: 	: 	: 	: 	: 	60.25 	67.52 	68.54 	73.04 	77.98 	79.05 	84.47 	85.70 	89.82 	90.56 	94.81 	93.47 	96.19 	95.41 	95.81 
A,I_IU3,PC_IND,ES63	: 	: 	: 	: 	: 	70.83 	66.56 	77.28 	84.77 	82.88 	74.70 	81.38 	85.86 	94.86 u	95.35 u	93.98 	94.28 	94.55 	95.18 	91.64 
A,I_IU3,PC_IND,ES64	: 	: 	: 	: 	: 	66.96 	55.19 	54.31 	73.96 	74.28 	79.38 	87.98 	88.78 	87.56 	96.71 	97.40 	98.99 	99.31 	96.33 	98.39 
A,I_IU3,PC_IND,ES7	: 	: 	: 	: 	: 	61.76 	67.36 	65.99 	75.36 	75.72 	78.69 	83.50 	84.58 	89.73 	91.63 	93.33 	93.94 	96.21 	96.14 	96.37 
A,I_IU3,PC_IND,ES70	: 	: 	: 	: 	: 	61.76 	67.36 	65.99 	75.36 	75.72 	78.69 	83.50 	84.58 	89.73 	91.63 	93.33 	93.94 	96.21 	96.14 	96.37 
A,I_IU3,PC_IND,FI	77.21 	79.08 	82.62 	82.49 	85.87 	88.71 	89.88 	91.51 	92.38 	92.28 	93.92 	93.68 	94.40 	95.29 	97.00 	96.71 	97.26 	97.70 	97.95 	98.08 
A,I_IU3,PC_IND,FI1	: 	: 	: 	: 	: 	88.71 	89.88 	91.51 	92.38 	92.28 	93.92 	93.68 	94.40 	95.29 	97.00 	96.71 	97.26 	97.70 	97.95 	98.08 
A,I_IU3,PC_IND,FI19	: 	: 	: 	: 	: 	86.87 	89.71 	88.81 	92.71 	90.75 	92.68 	91.88 	93.40 	94.05 	97.39 	96.88 	96.84 	97.49 	97.71 	97.73 
A,I_IU3,PC_IND,FI1B	: 	: 	: 	: 	: 	: 	94.61 	95.24 	96.10 	97.34 	96.83 	97.75 	97.23 	97.51 	98.82 	98.74 	98.23 	98.79 	98.62 	99.68 
A,I_IU3,PC_IND,FI1C	: 	: 	: 	: 	: 	: 	86.83 	91.38 	90.87 	91.34 	93.85 	92.27 	92.72 	95.21 	96.98 	95.13 	97.51 	97.19 	96.78 	96.99 
A,I_IU3,PC_IND,FI1D	: 	: 	: 	: 	: 	88.60 	87.06 	89.97 	88.78 	88.34 	91.50 	91.54 	93.26 	93.67 	94.07 	95.22 	96.13 	96.86 	98.36 	97.09 
A,I_IU3,PC_IND,FR	46.87 	61.69 	68.21 	71.25 	75.34 	77.82 	81.44 	81.92 	83.75 	84.69 	85.62 	86.56 	88.17 	89.39 	: 	91.55 	90.60 	92.83 	94.14 	94.98 
A,I_IU3,PC_IND,FR1	: 	: 	: 	: 	: 	83.78 	85.88 	88.58 	88.56 	88.16 	88.07 	91.22 	89.48 	91.46 	: 	93.23 	93.20 	95.67 	95.40 	96.50 u
A,I_IU3,PC_IND,FR10	: 	: 	: 	: 	: 	: 	: 	: 	88.56 	88.16 	88.07 	91.22 	89.48 	91.46 	: 	93.23 	93.20 	95.67 	95.40 	96.50 u
A,I_IU3,PC_IND,FRB	: 	: 	: 	: 	: 	: 	: 	: 	81.76 	85.29 	82.55 	85.96 	89.27 	86.99 	: 	92.15 	86.23 	92.00 	92.87 	95.46 u
A,I_IU3,PC_IND,FRB0	: 	: 	: 	: 	: 	: 	: 	: 	81.76 	85.29 	82.55 	85.96 	89.27 	86.99 	: 	92.15 	86.23 	92.00 	92.87 	95.46 u
A,I_IU3,PC_IND,FRC	: 	: 	: 	: 	: 	: 	: 	: 	83.43 	81.29 	86.16 	85.27 	84.92 	88.37 	: 	91.35 	83.97 	91.12 	92.11 	92.49 u
A,I_IU3,PC_IND,FRC1	: 	: 	: 	: 	: 	: 	: 	: 	81.63 	79.72 	86.89 	88.58 	83.97 	88.07 	: 	90.51 	82.03 	90.28 	93.34 	93.08 u
A,I_IU3,PC_IND,FRC2	: 	: 	: 	: 	: 	: 	: 	: 	86.07 	83.43 	85.11 	80.97 	86.31 	88.80 	: 	92.32 	86.56 	92.14 	90.36 	91.67 u
A,I_IU3,PC_IND,FRD	: 	: 	: 	: 	: 	: 	: 	: 	77.92 	83.36 	84.96 	85.19 	89.28 	87.81 	: 	88.17 	88.19 	89.17 	93.61 	95.01 u
A,I_IU3,PC_IND,FRD1	: 	: 	: 	: 	: 	: 	: 	: 	72.17 	84.82 	82.39 	82.69 	87.35 	87.43 	: 	90.07 	86.72 	89.98 	91.70 	94.07 u
A,I_IU3,PC_IND,FRD2	: 	: 	: 	: 	: 	: 	: 	: 	82.10 	82.37 	87.02 	87.18 	90.65 	88.15 	: 	86.84 	89.40 	88.39 	95.10 	95.80 u
A,I_IU3,PC_IND,FRE	: 	: 	: 	: 	: 	: 	: 	: 	81.30 	79.22 	83.08 	82.98 	87.44 	86.98 	: 	88.89 	89.52 	90.08 	92.29 	93.50 u
A,I_IU3,PC_IND,FRE1	: 	: 	: 	: 	: 	: 	: 	: 	80.88 	76.77 	82.29 	82.54 	86.21 	86.45 	: 	88.86 	89.76 	90.94 	91.72 	93.28 u
A,I_IU3,PC_IND,FRE2	: 	: 	: 	: 	: 	: 	: 	: 	82.16 	84.56 	84.56 	83.79 	90.03 	87.97 	: 	88.96 	89.04 	88.14 	93.58 	93.94 u
A,I_IU3,PC_IND,FRF	: 	: 	: 	: 	: 	: 	: 	: 	81.53 	86.60 	84.13 	85.85 	89.05 	87.96 	: 	92.05 	88.44 	92.18 	94.04 	93.70 u
A,I_IU3,PC_IND,FRF1	: 	: 	: 	: 	: 	: 	: 	: 	85.02 	87.53 	84.52 	89.78 	88.67 	86.51 	: 	92.29 	92.00 	92.83 	95.31 	93.87 u
A,I_IU3,PC_IND,FRF2	: 	: 	: 	: 	: 	: 	: 	: 	77.23 	86.31 	81.15 	84.59 	87.40 	88.10 	: 	88.04 	86.40 	89.84 	90.89 	94.45 u
A,I_IU3,PC_IND,FRF3	: 	: 	: 	: 	: 	: 	: 	: 	81.17 	86.10 	85.22 	83.66 	90.43 	89.18 	: 	93.95 	86.49 	93.01 	94.64 	93.15 u
A,I_IU3,PC_IND,FRG	: 	: 	: 	: 	: 	: 	: 	: 	87.79 	85.99 	86.25 	86.42 	89.32 	92.38 	: 	93.81 	93.43 	94.12 	93.48 	96.27 u
A,I_IU3,PC_IND,FRG0	: 	: 	: 	: 	: 	: 	: 	: 	87.79 	85.99 	86.25 	86.42 	89.32 	92.38 	: 	93.81 	93.43 	94.12 	93.48 	96.27 u
A,I_IU3,PC_IND,FRH	: 	: 	: 	: 	: 	: 	: 	: 	78.78 	83.80 	87.15 	86.93 	88.89 	92.57 	: 	91.91 	90.01 	93.50 	93.98 	95.31 u
A,I_IU3,PC_IND,FRH0	: 	: 	: 	: 	: 	: 	: 	: 	78.78 	83.80 	87.15 	86.93 	88.89 	92.57 	: 	91.91 	90.01 	93.50 	93.98 	95.31 u
A,I_IU3,PC_IND,FRI	: 	: 	: 	: 	: 	: 	: 	: 	85.95 	83.94 	86.06 	85.68 	86.50 	91.32 	: 	92.05 	90.57 	91.63 	95.41 	95.46 u
A,I_IU3,PC_IND,FRI1	: 	: 	: 	: 	: 	: 	: 	: 	87.91 	85.23 	87.56 	88.67 	89.10 	91.15 	: 	93.40 	91.43 	94.10 	95.76 	96.76 u
A,I_IU3,PC_IND,FRI2	: 	: 	: 	: 	: 	: 	: 	: 	84.12 	83.82 	79.17 	79.50 	82.67 	91.64 	: 	88.55 	85.57 	87.62 	93.89 	91.81 u
A,I_IU3,PC_IND,FRI3	: 	: 	: 	: 	: 	: 	: 	: 	82.58 	81.36 	86.22 	82.53 	83.70 	91.54 	: 	91.04 	91.01 	88.72 	95.26 	94.66 u
A,I_IU3,PC_IND,FRJ	: 	: 	: 	: 	: 	: 	: 	: 	84.76 	82.72 	87.89 	86.30 	87.32 	87.14 	: 	92.11 	91.67 	93.79 	94.60 	94.85 u
A,I_IU3,PC_IND,FRJ1	: 	: 	: 	: 	: 	: 	: 	: 	87.28 	81.60 	84.18 	86.72 	84.15 	85.54 	: 	93.57 	92.31 	94.27 	93.55 	93.87 u
A,I_IU3,PC_IND,FRJ2	: 	: 	: 	: 	: 	: 	: 	: 	82.36 	83.78 	91.30 	85.89 	90.40 	88.65 	: 	90.66 	91.12 	93.36 	95.56 	95.76 u
A,I_IU3,PC_IND,FRK	: 	: 	: 	: 	: 	77.91 	79.92 	82.05 	84.26 	86.85 	86.40 	86.86 	89.21 	90.23 	: 	90.88 	91.25 	92.99 	95.15 	95.20 u
A,I_IU3,PC_IND,FRK1	: 	: 	: 	: 	: 	: 	: 	: 	81.38 	81.03 	86.93 	84.98 	88.05 	83.97 	: 	85.82 	88.87 	86.98 	93.73 	91.80 u
A,I_IU3,PC_IND,FRK2	: 	: 	: 	: 	: 	: 	: 	: 	84.87 	88.07 	86.28 	87.27 	89.45 	91.43 	: 	91.86 	91.76 	94.29 	95.44 	95.84 u
A,I_IU3,PC_IND,FRL	: 	: 	: 	: 	: 	: 	: 	: 	83.08 	86.91 	87.64 	88.01 	88.08 	90.92 	: 	91.61 	92.83 	94.35 	95.01 	95.79 u
A,I_IU3,PC_IND,FRL0	: 	: 	: 	: 	: 	: 	: 	: 	83.08 	86.91 	87.64 	88.01 	88.08 	90.92 	: 	91.61 	92.83 	94.35 	95.01 	95.79 u
A,I_IU3,PC_IND,FRM	: 	: 	: 	: 	: 	: 	: 	: 	74.58 u	58.91 u	66.25 u	83.82 u	84.74 u	81.05 u	: 	95.61 u	95.49 u	81.76 u	94.18 u	92.44 u
A,I_IU3,PC_IND,FRM0	: 	: 	: 	: 	: 	: 	: 	: 	74.58 u	58.91 u	66.25 u	83.82 u	84.74 u	81.05 u	: 	95.61 u	95.49 u	81.76 u	94.18 u	92.44 u
A,I_IU3,PC_IND,FRY	: 	: 	: 	: 	: 	: 	: 	: 	: 	74.89 	68.72 	73.92 	81.55 	77.83 	: 	86.75 	84.85 	87.92 	86.80 	88.73 u
A,I_IU3,PC_IND,FRY1	: 	: 	: 	: 	: 	: 	: 	: 	: 	79.98 	74.33 	70.06 	77.74 	77.53 	: 	85.16 	85.40 	83.72 	90.49 	86.85 u
A,I_IU3,PC_IND,FRY2	: 	: 	: 	: 	: 	: 	: 	: 	: 	69.36 	66.52 	71.86 	80.21 	87.08 	: 	85.87 	86.65 	88.88 	90.10 	88.83 u
A,I_IU3,PC_IND,FRY3	: 	: 	: 	: 	: 	: 	: 	: 	: 	72.52 	57.14 	83.24 	86.24 	81.46 	: 	91.59 	84.88 	79.45 	83.93 	90.14 u
A,I_IU3,PC_IND,FRY4	: 	: 	: 	: 	: 	: 	: 	: 	: 	75.61 	70.01 	74.31 	82.55 	72.64 	: 	86.50 	83.70 	91.78 	83.93 	89.10 u
A,I_IU3,PC_IND,HR	: 	38.03 	42.50 	46.75 	54.36 	57.79 	61.94 	66.75 	68.57 	69.80 	72.70 	67.10 	75.29 	79.08 	78.32 	81.25 	82.07 	83.40 	83.63 	85.90 
A,I_IU3,PC_IND,HR0	: 	: 	: 	: 	: 	57.79 	61.94 	66.75 	68.57 	69.80 	72.70 	67.10 	75.29 	79.08 	78.32 	81.25 	82.07 	83.40 	83.63 	85.90 
A,I_IU3,PC_IND,HR03	: 	: 	: 	: 	: 	61.00 	62.68 	65.88 	68.76 	73.36 	72.52 	62.09 	78.66 	83.52 	78.58 	83.31 	78.74 	83.18 	86.08 	85.12 
A,I_IU3,PC_IND,HR04	: 	: 	: 	: 	: 	56.35 	61.60 	67.16 	68.47 	68.19 	72.78 	69.20 	73.71 	76.88 	78.19 	: 	: 	: 	: 	: 
A,I_IU3,PC_IND,HR05	: 	: 	: 	: 	: 	: 	: 	: 	: 	: 	: 	: 	: 	: 	: 	90.56 	89.34 	92.22 	88.97 	91.54 
A,I_IU3,PC_IND,HR06	: 	: 	: 	: 	: 	: 	: 	: 	: 	: 	: 	: 	: 	: 	: 	76.04 	77.85 	80.79 	80.99 	83.57 
A,I_IU3,PC_IND,HU	44.34 	51.10 	57.65 	58.55 	61.35 	67.32 	70.28 	72.42 	75.65 	72.83 	79.26 	76.75 	76.07 	80.37 	84.77 	88.64 	89.14 	91.45 	93.78 	92.80 
A,I_IU3,PC_IND,HU1	: 	: 	: 	: 	: 	75.90 	79.58 	80.82 	83.13 	80.70 	87.55 	83.84 	81.78 	85.47 	90.75 	94.12 	93.78 	95.80 	97.29 	95.20 
A,I_IU3,PC_IND,HU10	: 	: 	: 	: 	: 	75.90 	79.58 	80.82 	83.13 	80.70 	87.55 	83.84 	: 	: 	: 	: 	: 	: 	: 	: 
A,I_IU3,PC_IND,HU11	: 	: 	: 	: 	: 	: 	: 	: 	: 	: 	: 	: 	84.63 	86.41 	93.80 	95.92 	96.03 	97.29 	98.72 	96.54 
A,I_IU3,PC_IND,HU12	: 	: 	: 	: 	: 	: 	: 	: 	: 	: 	: 	: 	77.86 	84.19 	86.67 	91.85 	91.03 	93.90 	95.46 	93.48 
A,I_IU3,PC_IND,HU2	: 	: 	: 	: 	: 	66.25 	69.46 	71.90 	76.01 	72.93 	78.58 	77.11 	77.28 	80.38 	83.36 	87.65 	88.64 	90.77 	93.37 	92.63 
A,I_IU3,PC_IND,HU21	: 	: 	: 	: 	: 	68.93 	73.09 	74.96 	79.07 	75.78 	80.84 	81.85 	81.71 	85.70 	84.85 	87.89 	89.19 	92.65 	94.21 	94.30 
A,I_IU3,PC_IND,HU22	: 	: 	: 	: 	: 	67.23 	69.15 	72.66 	75.39 	71.49 	78.28 	73.59 	74.78 	76.74 	82.47 	87.70 	88.19 	90.10 	93.71 	92.44 
A,I_IU3,PC_IND,HU23	: 	: 	: 	: 	: 	62.07 	65.53 	67.48 	73.09 	71.15 	76.21 	75.40 	74.79 	78.05 	82.58 	87.30 	88.49 	89.25 	91.93 	90.77 
A,I_IU3,PC_IND,HU3	: 	: 	: 	: 	: 	61.84 	64.00 	66.51 	69.71 	66.75 	73.39 	70.96 	70.66 	76.31 	81.08 	84.99 	85.76 	88.44 	91.20 	90.92 
A,I_IU3,PC_IND,HU31	: 	: 	: 	: 	: 	62.64 	62.41 	66.19 	70.56 	68.91 	73.55 	71.10 	70.67 	75.60 	78.66 	84.70 	84.89 	89.89 	91.65 	91.83 
A,I_IU3,PC_IND,HU32	: 	: 	: 	: 	: 	60.19 	63.43 	65.39 	68.87 	65.43 	73.25 	69.32 	71.42 	76.35 	82.73 	84.98 	85.39 	87.13 	90.97 	90.77 
A,I_IU3,PC_IND,HU33	: 	: 	: 	: 	: 	62.97 	66.10 	68.07 	69.92 	66.33 	73.41 	72.75 	69.77 	76.92 	81.32 	85.26 	86.93 	88.66 	91.08 	90.29 
A,I_IU3,PC_IND,IE	50.95 	57.61 	62.54 	64.90 	67.44 	74.89 	76.92 	78.25 	79.69 	80.12 	82.17 	81.24 	82.21 	90.34 	91.01 	98.93 b	92.01 	93.27 	98.60 	99.78 
A,I_IU3,PC_IND,IE0	: 	: 	: 	: 	: 	74.89 	76.92 	78.25 	79.69 	80.12 	82.17 	81.24 	82.21 	90.34 	91.01 	98.93 b	92.01 	93.27 	98.60 	99.78 
A,I_IU3,PC_IND,IE01	: 	: 	: 	: 	: 	69.83 	72.08 	73.26 	74.82 	76.62 	75.87 	76.23 	: 	: 	: 	: 	: 	: 	: 	: 
A,I_IU3,PC_IND,IE02	: 	: 	: 	: 	: 	76.72 	78.69 	80.04 	81.41 	81.34 	84.29 	82.93 	: 	: 	: 	: 	: 	: 	: 	: 
A,I_IU3,PC_IND,IE04	: 	: 	: 	: 	: 	: 	: 	: 	: 	: 	: 	: 	78.80 	85.30 	67.97 	99.43 b	91.78 	93.34 	98.72 	99.86 
A,I_IU3,PC_IND,IE05	: 	: 	: 	: 	: 	: 	: 	: 	: 	: 	: 	: 	83.00 	89.83 	96.54 	98.51 b	87.40 	91.35 	97.93 	99.74 
A,I_IU3,PC_IND,IE06	: 	: 	: 	: 	: 	: 	: 	: 	: 	: 	: 	: 	83.35 	92.46 	98.91 	99.03 b	94.85 	94.61 	99.03 	99.76 
A,I_IU3,PC_IND,IS	88.26 	89.88 	90.56 	92.57 	93.39 	94.82 	96.21 	96.55 	98.16 	: 	: 	98.26 	99.02 	99.03 	99.47 	99.44 	: 	: 	: 	: 
A,I_IU3,PC_IND,IS0	: 	: 	: 	: 	: 	94.82 	96.21 	96.55 	98.16 	: 	: 	98.26 	99.02 	99.03 	99.47 	99.44 	: 	: 	: 	: 
A,I_IU3,PC_IND,IS00	: 	: 	: 	: 	: 	: 	: 	: 	: 	: 	: 	98.26 	99.02 	99.03 	99.47 	99.44 	: 	: 	: 	: 
A,I_IU3,PC_IND,IT	36.15 	38.28 	41.93 	46.33 	51.32 	54.39 	55.83 	58.46 	61.96 	65.57 	68.88 	70.97 	74.15 	75.57 	77.95 	81.59 	85.07 	86.92 	89.23 	90.32 
A,I_IU3,PC_IND,ITC	: 	: 	: 	: 	: 	59.89 	61.60 	62.55 	66.62 	70.70 	75.04 	75.95 	78.64 	79.27 	81.38 	84.61 	88.58 	89.56 	92.03 	92.91 
A,I_IU3,PC_IND,ITC1	: 	: 	: 	: 	: 	58.28 	57.95 	59.07 	62.73 	66.98 	72.24 	74.86 	76.62 	78.39 	80.81 	82.54 	86.19 	88.36 	89.44 	91.61 
A,I_IU3,PC_IND,ITC2	: 	: 	: 	: 	: 	57.75 	63.13 	64.79 	65.28 	71.67 	72.39 	72.37 	75.11 	76.91 	79.65 	86.82 	85.83 	87.93 	89.74 	92.80 
A,I_IU3,PC_IND,ITC3	: 	: 	: 	: 	: 	56.24 	62.06 	62.16 	67.76 	69.98 	71.66 	78.70 	78.15 	77.76 	81.61 	86.27 	87.96 	89.22 	92.25 	92.72 
A,I_IU3,PC_IND,ITC4	: 	: 	: 	: 	: 	61.20 	63.13 	64.11 	68.19 	72.43 	76.78 	76.04 	79.63 	79.90 	81.60 	85.21 	89.72 	90.14 	93.11 	93.50 
A,I_IU3,PC_IND,ITF	: 	: 	: 	: 	: 	45.10 	44.48 	48.34 	52.12 	56.74 	59.49 	62.70 	66.17 	67.30 	70.46 	75.91 	79.33 	81.22 	83.33 	84.70 
A,I_IU3,PC_IND,ITF1	: 	: 	: 	: 	: 	54.47 	51.51 	57.16 	57.25 	66.10 	69.00 	71.04 	72.44 	73.69 	74.56 	80.26 	83.59 	87.69 	89.22 	89.98 
A,I_IU3,PC_IND,ITF2	: 	: 	: 	: 	: 	50.57 	49.98 	50.55 	57.49 	57.43 	66.15 	67.91 	67.13 	67.52 	71.67 	73.76 	82.48 	84.58 	83.66 	87.44 
A,I_IU3,PC_IND,ITF3	: 	: 	: 	: 	: 	45.61 	42.99 	45.19 	52.34 	55.89 	57.90 	62.91 	64.45 	67.26 	71.02 	77.21 	79.79 	79.59 	80.39 	84.14 
A,I_IU3,PC_IND,ITF4	: 	: 	: 	: 	: 	41.49 	43.59 	49.70 	50.36 	55.93 	58.80 	61.18 	67.03 	65.64 	69.64 	73.33 	79.69 	83.36 	86.93 	85.34 
A,I_IU3,PC_IND,ITF5	: 	: 	: 	: 	: 	43.99 	42.52 	53.21 	50.98 	56.72 	62.62 	64.69 	69.61 	67.76 	67.90 	77.11 	80.57 	80.00 	85.43 	84.01 
A,I_IU3,PC_IND,ITF6	: 	: 	: 	: 	: 	44.27 	45.60 	46.97 	51.09 	54.58 	57.34 	58.43 	64.18 	66.46 	68.27 	74.40 	73.29 	77.08 	80.06 	81.15 
A,I_IU3,PC_IND,ITG	: 	: 	: 	: 	: 	45.66 	49.42 	51.27 	56.19 	57.33 	59.87 	63.93 	68.07 	71.21 	71.08 	75.65 	79.78 	82.12 	85.03 	86.68 
A,I_IU3,PC_IND,ITG1	: 	: 	: 	: 	: 	43.42 	47.50 	48.21 	53.27 	54.83 	57.48 	62.44 	65.36 	70.98 	69.93 	73.43 	78.96 	80.85 	84.16 	85.15 
A,I_IU3,PC_IND,ITG2	: 	: 	: 	: 	: 	52.11 	54.94 	60.31 	64.64 	64.80 	66.95 	68.32 	76.25 	71.89 	74.52 	82.24 	82.23 	85.89 	87.69 	91.36 
A,I_IU3,PC_IND,ITH	: 	: 	: 	: 	: 	59.20 	61.71 	64.65 	66.73 	71.18 	72.92 	75.24 	78.71 	80.06 	82.58 	84.44 	88.63 	90.30 	92.69 	92.50 
A,I_IU3,PC_IND,ITH1	: 	: 	: 	: 	: 	63.30 	65.77 	68.56 	70.26 	68.92 	72.23 	74.80 	80.37 	80.64 	86.11 	86.49 	88.25 	89.57 	91.48 	90.80 
A,I_IU3,PC_IND,ITH2	: 	: 	: 	: 	: 	62.17 	61.39 	61.43 	68.18 	74.74 	77.20 	73.93 	78.94 	82.56 	82.69 	85.68 	89.61 	90.72 	91.92 	94.47 
A,I_IU3,PC_IND,ITH3	: 	: 	: 	: 	: 	58.43 	61.09 	63.82 	64.60 	70.25 	73.68 	73.82 	77.59 	77.73 	81.15 	83.55 	88.53 	89.60 	92.91 	91.26 
A,I_IU3,PC_IND,ITH4	: 	: 	: 	: 	: 	58.39 	59.23 	64.01 	69.01 	72.63 	73.07 	75.94 	78.81 	81.93 	82.78 	84.20 	89.82 	88.75 	93.40 	94.30 
A,I_IU3,PC_IND,ITH5	: 	: 	: 	: 	: 	: 	62.67 	65.71 	67.89 	71.64 	71.61 	76.84 	79.66 	81.83 	83.69 	85.11 	88.34 	91.52 	92.49 	93.34 
A,I_IU3,PC_IND,ITI	: 	: 	: 	: 	: 	58.23 	59.32 	62.85 	65.84 	68.49 	73.02 	74.07 	76.64 	78.57 	81.55 	84.75 	86.39 	89.32 	91.24 	93.16 
A,I_IU3,PC_IND,ITI1	: 	: 	: 	: 	: 	59.12 	59.41 	64.71 	66.52 	68.78 	72.38 	73.88 	79.23 	80.91 	83.13 	85.29 	86.82 	89.64 	92.15 	92.62 
A,I_IU3,PC_IND,ITI2	: 	: 	: 	: 	: 	55.88 	57.56 	59.54 	61.62 	67.90 	69.40 	72.19 	73.10 	76.25 	80.53 	85.55 	87.21 	88.49 	90.94 	90.36 
A,I_IU3,PC_IND,ITI3	: 	: 	: 	: 	: 	: 	57.16 	62.03 	62.47 	68.77 	72.45 	75.19 	75.87 	77.19 	78.04 	81.76 	87.01 	87.01 	89.85 	92.73 
A,I_IU3,PC_IND,ITI4	: 	: 	: 	: 	: 	59.10 	60.13 	62.40 	66.93 	68.32 	74.11 	74.19 	75.72 	77.80 	81.61 	85.05 	85.84 	89.83 	91.07 	94.03 
A,I_IU3,PC_IND,LT	41.96 	48.70 	53.05 	58.05 	60.47 	62.54 	66.18 	68.45 	72.13 	71.38 	74.38 	77.62 	79.72 	81.58 	83.06 	86.93 	87.72 	88.50 	89.16 	89.30 
A,I_IU3,PC_IND,LT0	: 	: 	: 	: 	: 	62.54 	66.18 	68.45 	72.13 	71.38 	74.38 	77.62 	79.72 	81.58 	83.06 	86.93 	87.72 	88.50 	89.16 	89.30 
A,I_IU3,PC_IND,LT00	: 	: 	: 	: 	: 	62.54 	66.18 	68.45 	72.13 	71.38 	74.38 	77.62 	: 	: 	: 	: 	: 	: 	: 	: 
A,I_IU3,PC_IND,LT01	: 	: 	: 	: 	: 	: 	: 	: 	: 	: 	: 	: 	82.06 	82.06 	86.81 	87.96 	90.27 	92.31 	92.19 	93.21 
A,I_IU3,PC_IND,LT02	: 	: 	: 	: 	: 	: 	: 	: 	: 	: 	: 	: 	78.77 	81.38 	81.48 	86.49 	86.68 	86.90 	87.86 	87.60 
A,I_IU3,PC_IND,LU	71.01 	78.14 	80.53 	86.39 	89.53 	90.03 	91.95 	93.78 	94.67 	97.33 	97.49 	97.36 	96.52 b	96.42 	98.46 	98.66 	98.24 	99.35 	98.76 	99.13 
A,I_IU3,PC_IND,LU0	: 	: 	: 	: 	: 	90.03 	91.95 	93.78 	94.67 	97.33 	97.49 	97.36 	96.52 b	96.42 	98.46 	98.66 	98.24 	99.35 	98.76 	99.13 
A,I_IU3,PC_IND,LU00	: 	: 	: 	: 	: 	90.03 	91.95 	93.78 	94.67 	97.33 	97.49 	97.36 	96.52 b	96.42 	98.46 	98.66 	98.24 	99.35 	98.76 	99.13 
A,I_IU3,PC_IND,LV	50.46 	55.49 	60.63 	64.14 	66.27 	69.75 	73.12 	75.23 	75.83 	79.20 	79.84 b	81.32 	83.58 	86.14 	88.90 	91.30 	91.31 	92.33 	93.20 	94.53 
A,I_IU3,PC_IND,LV0	: 	: 	: 	: 	: 	69.75 	73.12 	75.23 	75.83 	79.20 	79.84 b	81.32 	83.58 	86.14 	88.90 	91.30 	91.31 	92.33 	93.20 	94.53 
A,I_IU3,PC_IND,LV00	: 	: 	: 	: 	: 	69.75 	73.12 	75.23 	75.83 	79.20 	79.84 b	81.32 	83.58 	86.14 	88.90 	91.30 	91.31 	92.33 	93.20 	94.53 
A,I_IU3,PC_IND,ME	: 	: 	: 	: 	: 	: 	56.84 	: 	: 	: 	: 	71.27 	71.52 	73.48 	77.61 	82.22 	88.22 	88.36 	88.88 	94.22 
A,I_IU3,PC_IND,ME0	: 	: 	: 	: 	: 	: 	: 	: 	: 	: 	: 	: 	: 	: 	: 	: 	: 	88.36 	88.88 	94.22 
A,I_IU3,PC_IND,MK	25.20 	: 	41.54 	49.98 	51.94 	: 	57.45 	65.24 	68.06 	70.38 	72.16 	74.64 	79.24 	81.34 	81.33 	86.40 	: 	: 	91.14 	92.14 
A,I_IU3,PC_IND,MK0	: 	: 	: 	: 	: 	: 	57.45 	65.24 	68.06 	70.38 	72.16 	74.64 	79.24 	81.34 	81.33 	86.40 	: 	: 	91.14 	92.14 
A,I_IU3,PC_IND,MK00	: 	: 	: 	: 	: 	: 	57.45 	65.24 	68.06 	70.38 	72.16 	74.64 	79.24 	81.34 	81.33 	: 	: 	: 	: 	: 
A,I_IU3,PC_IND,MT	38.25 	45.33 	48.79 	57.70 	62.04 	68.02 	68.56 	69.20 	73.63 	76.77 	78.08 	80.75 	81.66 	85.78 	86.86 	87.47 	91.54 	92.81 	93.98 	96.01 
A,I_IU3,PC_IND,MT0	: 	: 	: 	: 	: 	68.02 	68.56 	69.20 	73.63 	76.77 	78.08 	80.75 	81.66 	85.78 	86.86 	87.47 	91.54 	92.81 	93.98 	96.01 
A,I_IU3,PC_IND,MT00	: 	: 	: 	: 	: 	68.02 	68.56 	69.20 	73.63 	76.77 	78.08 	80.75 	81.66 	85.78 	86.86 	87.47 	91.54 	92.81 	93.98 	96.01 
A,I_IU3,PC_IND,NL	80.99 	84.38 	86.55 	88.90 	90.30 	91.42 	92.86 	93.96 	93.17 	93.10 	93.28 	95.33 	94.66 	96.05 	94.02 	94.52 	94.74 	99.15 	99.52 	99.71 
A,I_IU3,PC_IND,NL1	: 	: 	: 	: 	: 	91.97 	92.64 	93.04 	93.25 	90.68 	94.06 	96.09 	96.72 	93.65 	94.28 	95.55 	94.60 	97.91 	99.06 	99.86 
A,I_IU3,PC_IND,NL11	: 	: 	: 	: 	: 	92.75 	91.29 	93.52 	93.73 	90.27 	94.45 	96.91 	96.77 	90.13 	94.48 	94.49 	94.63 	98.19 	100.00 	99.60 
A,I_IU3,PC_IND,NL12	: 	: 	: 	: 	: 	89.04 	92.10 	89.54 	95.35 	91.37 	93.78 	94.00 	99.06 	95.02 	94.66 	96.18 	93.81 	97.38 	98.71 	100.00 
A,I_IU3,PC_IND,NL13	: 	: 	: 	: 	: 	94.80 	95.00 	97.03 	89.85 	90.27 	93.96 	97.84 	93.57 	96.13 	93.53 	96.02 	95.62 	98.25 	98.36 	100.00 
A,I_IU3,PC_IND,NL2	: 	: 	: 	: 	: 	90.90 	92.80 	93.03 	94.09 	94.24 	94.23 	93.54 	95.06 	95.74 	95.54 	94.40 	95.25 	99.20 	99.38 	99.78 
A,I_IU3,PC_IND,NL21	: 	: 	: 	: 	: 	93.61 	93.13 	93.31 	95.28 	94.51 	92.94 	93.87 	95.31 	95.92 	96.06 	95.35 	94.64 	99.68 	99.61 	100.00 
A,I_IU3,PC_IND,NL22	: 	: 	: 	: 	: 	89.21 	91.74 	92.41 	94.20 	94.69 	94.19 	92.24 	94.75 	95.31 	95.07 	93.77 	95.43 	98.76 	99.31 	99.61 
A,I_IU3,PC_IND,NL23	: 	: 	: 	: 	: 	91.66 	97.23 	95.32 	90.13 	91.24 	98.02 	99.08 	95.95 	97.32 	96.40 	94.93 	96.03 	100.00 	99.12 	100.00 
A,I_IU3,PC_IND,NL3	: 	: 	: 	: 	: 	92.39 	93.04 	94.89 	94.03 	92.76 	93.21 	95.83 	94.36 	96.22 	93.43 	94.76 	94.35 	99.42 	99.68 	99.77 
A,I_IU3,PC_IND,NL31	: 	: 	: 	: 	: 	92.15 	93.91 	97.40 	95.83 	93.54 	96.26 	95.87 	95.45 	97.93 	94.62 	95.50 	95.03 	99.44 	: 	: 
A,I_IU3,PC_IND,NL32	: 	: 	: 	: 	: 	93.69 	94.76 	95.99 	92.79 	93.19 	93.41 	96.71 	94.98 	97.77 	94.09 	94.81 	95.33 	99.73 	99.65 	99.74 
A,I_IU3,PC_IND,NL33	: 	: 	: 	: 	: 	91.95 	91.37 	93.22 	94.26 	92.67 	91.96 	94.80 	93.48 	94.55 	92.44 	94.01 	93.08 	99.22 	: 	: 
A,I_IU3,PC_IND,NL34	: 	: 	: 	: 	: 	88.19 	93.46 	94.45 	95.09 	87.83 	93.45 	98.97 	94.52 	94.92 	94.02 	99.23 	96.84 	99.02 	100.00 	100.00 
A,I_IU3,PC_IND,NL35	: 	: 	: 	: 	: 	: 	: 	: 	: 	: 	: 	: 	: 	: 	: 	: 	: 	: 	100.00 	99.36 
A,I_IU3,PC_IND,NL36	: 	: 	: 	: 	: 	: 	: 	: 	: 	: 	: 	: 	: 	: 	: 	: 	: 	: 	99.55 	99.93 
A,I_IU3,PC_IND,NL4	: 	: 	: 	: 	: 	89.59 	92.61 	93.25 	90.34 	93.86 	92.14 	95.61 	94.00 	97.08 	93.73 	93.59 	95.20 	99.06 	99.52 	99.42 
A,I_IU3,PC_IND,NL41	: 	: 	: 	: 	: 	88.89 	92.36 	92.71 	90.33 	93.96 	91.80 	95.82 	94.24 	96.75 	93.41 	93.83 	95.53 	99.04 	99.42 	99.66 
A,I_IU3,PC_IND,NL42	: 	: 	: 	: 	: 	91.03 	93.15 	94.41 	90.34 	93.64 	92.87 	95.15 	93.45 	97.81 	94.45 	93.06 	94.43 	99.13 	99.74 	98.85 
A,I_IU3,PC_IND,NO	81.16 	85.34 	88.86 	91.03 	92.61 	93.49 	94.65 	95.05 	96.30 	96.81 	97.30 	97.55 	97.39 	98.40 	97.62 	99.42 	99.70 	99.68 	99.46 	98.82 
A,I_IU3,PC_IND,NO0	: 	: 	: 	: 	: 	93.49 	94.65 	95.05 	96.30 	96.81 	97.30 	97.55 	97.39 	98.40 	97.62 	99.42 	99.70 	99.68 	99.46 	98.82 
A,I_IU3,PC_IND,NO01	: 	: 	: 	: 	: 	93.85 	96.00 	97.03 	98.39 	98.44 	97.83 	98.94 	97.88 	98.50 	99.64 	: 	: 	: 	: 	: 
A,I_IU3,PC_IND,NO02	: 	: 	: 	: 	: 	93.46 	90.82 	93.03 	91.72 	98.96 	97.77 	100.00 	99.01 	98.55 	90.69 	99.46 	100.00 	99.42 	100.00 	99.03 
A,I_IU3,PC_IND,NO03	: 	: 	: 	: 	: 	91.42 	93.39 	93.92 	95.48 	96.38 	96.29 	97.16 	97.52 	97.94 	98.06 	: 	: 	: 	: 	: 
A,I_IU3,PC_IND,NO04	: 	: 	: 	: 	: 	93.62 	94.73 	93.34 	96.46 	93.53 	97.13 	96.54 	99.49 	100.00 	96.41 	: 	: 	: 	: 	: 
A,I_IU3,PC_IND,NO05	: 	: 	: 	: 	: 	93.13 	94.67 	96.56 	97.16 	96.63 	98.31 	98.08 	96.32 	98.02 	97.49 	: 	: 	: 	: 	: 
A,I_IU3,PC_IND,NO06	: 	: 	: 	: 	: 	96.68 	96.46 	97.06 	92.91 	99.15 	99.10 	93.61 	95.88 	96.43 	96.99 	99.56 	100.00 	100.00 	99.47 	99.26 
A,I_IU3,PC_IND,NO07	: 	: 	: 	: 	: 	93.34 	95.06 	92.46 	96.71 	93.78 	94.60 	96.78 	94.08 	98.98 	98.01 	99.14 	99.03 	99.06 	99.15 	99.41 
A,I_IU3,PC_IND,NO08	: 	: 	: 	: 	: 	: 	: 	: 	: 	: 	: 	: 	: 	: 	: 	99.39 	99.62 	99.68 	99.39 	98.78 
A,I_IU3,PC_IND,NO09	: 	: 	: 	: 	: 	: 	: 	: 	: 	: 	: 	: 	: 	: 	: 	99.31 	99.35 	99.68 	99.47 	98.67 
A,I_IU3,PC_IND,NO0A	: 	: 	: 	: 	: 	: 	: 	: 	: 	: 	: 	: 	: 	: 	: 	99.56 	100.00 	99.85 	99.55 	98.18 
A,I_IU3,PC_IND,PL	40.18 	44.12 	49.02 	55.66 	58.79 	61.95 	62.31 	62.85 	66.60 	68.00 	73.30 	75.99 	77.54 	80.44 	83.18 	85.37 	86.94 	86.41 	88.59 	89.65 
A,I_IU3,PC_IND,PL1	: 	: 	: 	: 	: 	64.78 	65.68 	65.84 	68.48 	70.69 	74.81 	77.50 	: 	: 	: 	: 	: 	: 	: 	: 
A,I_IU3,PC_IND,PL2	: 	: 	: 	: 	: 	62.64 	65.38 	62.86 	65.82 	66.28 	74.47 	75.42 	77.44 	81.17 	84.10 	84.93 	88.01 	88.85 	90.43 	90.10 
A,I_IU3,PC_IND,PL21	: 	: 	: 	: 	: 	: 	: 	: 	: 	: 	: 	: 	: 	: 	: 	: 	: 	88.38 	86.97 	90.00 
A,I_IU3,PC_IND,PL22	: 	: 	: 	: 	: 	: 	: 	: 	: 	: 	: 	: 	: 	: 	: 	: 	: 	89.23 	92.86 	90.20 
A,I_IU3,PC_IND,PL3	: 	: 	: 	: 	: 	56.14 	56.29 	58.34 	63.67 	65.82 	70.43 	73.25 	: 	: 	: 	: 	: 	: 	: 	: 
A,I_IU3,PC_IND,PL4	: 	: 	: 	: 	: 	62.24 	61.23 	61.90 	64.90 	69.16 	73.79 	75.49 	78.28 	79.16 	81.23 	85.30 	87.30 	85.57 	89.55 	91.16 
A,I_IU3,PC_IND,PL41	: 	: 	: 	: 	: 	: 	: 	: 	: 	: 	: 	: 	: 	: 	: 	: 	: 	88.38 	91.41 	91.72 
A,I_IU3,PC_IND,PL42	: 	: 	: 	: 	: 	: 	: 	: 	: 	: 	: 	: 	: 	: 	: 	: 	: 	79.88 	85.54 	88.60 
A,I_IU3,PC_IND,PL43	: 	: 	: 	: 	: 	: 	: 	: 	: 	: 	: 	: 	: 	: 	: 	: 	: 	82.15 	88.51 	92.31 
A,I_IU3,PC_IND,PL5	: 	: 	: 	: 	: 	64.89 	60.53 	61.11 	69.82 	70.62 	73.60 	77.04 	74.35 	81.81 	85.30 	87.56 	86.92 	88.91 	88.88 	93.53 
A,I_IU3,PC_IND,PL51	: 	: 	: 	: 	: 	: 	: 	: 	: 	: 	: 	: 	: 	: 	: 	: 	: 	89.25 	90.68 	95.12 
A,I_IU3,PC_IND,PL52	: 	: 	: 	: 	: 	: 	: 	: 	: 	: 	: 	: 	: 	: 	: 	: 	: 	87.53 	81.21 	88.33 
A,I_IU3,PC_IND,PL6	: 	: 	: 	: 	: 	61.75 	62.37 	66.04 	68.40 	65.67 	72.52 	77.71 	79.73 	82.73 	85.03 	87.52 	89.54 	85.54 	87.84 	89.08 
A,I_IU3,PC_IND,PL61	: 	: 	: 	: 	: 	: 	: 	: 	: 	: 	: 	: 	: 	: 	: 	: 	: 	84.11 	87.76 	89.85 
A,I_IU3,PC_IND,PL62	: 	: 	: 	: 	: 	: 	: 	: 	: 	: 	: 	: 	: 	: 	: 	: 	: 	82.61 	84.53 	85.58 
A,I_IU3,PC_IND,PL63	: 	: 	: 	: 	: 	: 	: 	: 	: 	: 	: 	: 	: 	: 	: 	: 	: 	89.13 	90.04 	90.24 
A,I_IU3,PC_IND,PL7	: 	: 	: 	: 	: 	: 	: 	: 	: 	: 	: 	: 	76.46 	80.46 	80.45 	80.45 	85.77 	82.22 	86.67 	84.91 
A,I_IU3,PC_IND,PL71	: 	: 	: 	: 	: 	: 	: 	: 	: 	: 	: 	: 	: 	: 	: 	: 	: 	85.68 	89.68 	85.27 
A,I_IU3,PC_IND,PL72	: 	: 	: 	: 	: 	: 	: 	: 	: 	: 	: 	: 	: 	: 	: 	: 	: 	77.40 	81.48 	84.35 
A,I_IU3,PC_IND,PL8	: 	: 	: 	: 	: 	: 	: 	: 	: 	: 	: 	: 	74.81 	76.42 	78.79 	81.21 	81.86 	84.28 	84.84 	87.54 
A,I_IU3,PC_IND,PL81	: 	: 	: 	: 	: 	: 	: 	: 	: 	: 	: 	: 	: 	: 	: 	: 	: 	84.01 	86.61 	86.62 
A,I_IU3,PC_IND,PL82	: 	: 	: 	: 	: 	: 	: 	: 	: 	: 	: 	: 	: 	: 	: 	: 	: 	85.08 	84.92 	88.70 
A,I_IU3,PC_IND,PL84	: 	: 	: 	: 	: 	: 	: 	: 	: 	: 	: 	: 	: 	: 	: 	: 	: 	83.15 	81.12 	87.09 
A,I_IU3,PC_IND,PL9	: 	: 	: 	: 	: 	: 	: 	: 	: 	: 	: 	: 	79.88 	81.70 	86.81 	91.06 	88.72 	89.14 	91.29 	91.17 
A,I_IU3,PC_IND,PL91	: 	: 	: 	: 	: 	: 	: 	: 	: 	: 	: 	: 	: 	: 	: 	: 	: 	95.08 	95.47 	96.66 
A,I_IU3,PC_IND,PL92	: 	: 	: 	: 	: 	: 	: 	: 	: 	: 	: 	: 	: 	: 	: 	: 	: 	82.99 	87.95 	87.68 
A,I_IU3,PC_IND,PT	35.60 	39.62 	41.92 	46.46 	51.08 	55.25 	60.34 	62.10 	64.59 	68.63 	70.42 	73.79 	74.66 	75.35 	78.26 	82.31 	84.50 	85.79 	88.49 	89.45 
A,I_IU3,PC_IND,PT1	: 	: 	: 	: 	: 	55.47 	60.46 	62.14 	64.58 	68.59 	70.37 	73.69 	74.60 	75.25 	78.21 	82.29 	84.41 	85.73 	88.51 	89.49 
A,I_IU3,PC_IND,PT11	: 	: 	: 	: 	: 	49.83 	55.66 	56.33 	59.26 	63.88 	65.19 	69.10 	69.17 	68.93 	74.35 	78.11 	80.27 	82.19 	85.57 	86.58 
A,I_IU3,PC_IND,PT15	: 	: 	: 	: 	: 	58.75 	63.67 	64.15 	68.91 	72.28 	71.36 	72.16 	75.06 	76.50 	81.21 	84.55 	87.38 	89.15 	91.47 	91.94 
A,I_IU3,PC_IND,PT16	: 	: 	: 	: 	: 	50.70 	54.92 	57.46 	60.06 	63.66 	65.86 	69.90 	72.90 	74.00 	74.84 	80.06 	82.96 	83.90 	: 	: 
A,I_IU3,PC_IND,PT17	: 	: 	: 	: 	: 	68.17 	72.69 	74.90 	75.88 	79.36 	81.76 	83.92 	83.96 	85.49 	86.06 	89.76 	91.09 	92.02 	: 	: 
A,I_IU3,PC_IND,PT18	: 	: 	: 	: 	: 	49.12 	54.09 	56.14 	59.94 	64.47 	66.27 	70.24 	70.95 	70.78 	76.13 	80.14 	82.35 	83.19 	: 	: 
A,I_IU3,PC_IND,PT19	: 	: 	: 	: 	: 	: 	: 	: 	: 	: 	: 	: 	: 	: 	: 	: 	: 	: 	86.07 	85.98 
A,I_IU3,PC_IND,PT1A	: 	: 	: 	: 	: 	: 	: 	: 	: 	: 	: 	: 	: 	: 	: 	: 	: 	: 	94.15 	95.19 
A,I_IU3,PC_IND,PT1B	: 	: 	: 	: 	: 	: 	: 	: 	: 	: 	: 	: 	: 	: 	: 	: 	: 	: 	95.27 	95.52 
A,I_IU3,PC_IND,PT1C	: 	: 	: 	: 	: 	: 	: 	: 	: 	: 	: 	: 	: 	: 	: 	: 	: 	: 	85.42 	87.04 
A,I_IU3,PC_IND,PT1D	: 	: 	: 	: 	: 	: 	: 	: 	: 	: 	: 	: 	: 	: 	: 	: 	: 	: 	85.87 	89.09 
A,I_IU3,PC_IND,PT2	: 	: 	: 	: 	: 	50.28 	58.46 	63.15 	67.07 	71.01 	71.44 	75.43 	75.89 	77.71 	78.23 	81.31 	86.27 	86.84 	88.28 	89.18 
A,I_IU3,PC_IND,PT20	: 	: 	: 	: 	: 	50.28 	58.46 	63.15 	67.07 	71.01 	71.44 	75.43 	75.89 	77.71 	78.23 	81.31 	86.27 	86.84 	88.28 	89.18 
A,I_IU3,PC_IND,PT3	: 	: 	: 	: 	: 	51.47 	57.35 	59.60 	62.76 	67.93 	71.36 	75.87 	75.90 	76.61 	80.03 	84.09 	86.09 	86.88 	87.65 	88.33 
A,I_IU3,PC_IND,PT30	: 	: 	: 	: 	: 	51.47 	57.35 	59.60 	62.76 	67.93 	71.36 	75.87 	75.90 	76.61 	80.03 	84.09 	86.09 	86.88 	87.65 	88.33 
A,I_IU3,PC_IND,RO	20.85 	24.40 	28.71 	33.36 	36.41 	40.01 	45.88 	49.76 	54.08 b	55.76 	59.50 	63.75 	70.68 	73.66 	78.46 	83.59 	85.50 	89.20 	91.29 	93.15 
A,I_IU3,PC_IND,RO1	: 	: 	: 	: 	: 	38.09 	43.91 	47.46 	53.34 b	57.38 	61.63 	64.38 	73.59 	77.20 	80.11 	86.41 	87.69 	88.70 	94.02 	94.10 
A,I_IU3,PC_IND,RO11	: 	: 	: 	: 	: 	37.32 	45.44 	48.32 	52.50 b	55.88 	61.22 	66.63 	77.16 	82.11 	83.49 	87.88 	88.63 	89.95 	95.24 	92.85 
A,I_IU3,PC_IND,RO12	: 	: 	: 	: 	: 	38.93 	42.26 	46.54 	54.27 b	59.04 	62.07 	61.87 	69.61 	71.72 	76.33 	84.76 	86.65 	87.31 	92.66 	95.51 
A,I_IU3,PC_IND,RO2	: 	: 	: 	: 	: 	37.66 	43.50 	49.19 	52.39 b	51.39 	55.25 	59.59 	65.00 	70.97 	75.67 	82.80 	83.82 	88.80 	89.87 	92.19 
A,I_IU3,PC_IND,RO21	: 	: 	: 	: 	: 	37.75 	42.86 	50.07 	52.85 b	53.04 	55.77 	60.47 	66.52 	73.07 	76.79 	84.92 	84.28 	90.68 	91.49 	93.53 
A,I_IU3,PC_IND,RO22	: 	: 	: 	: 	: 	37.55 	44.31 	48.05 	51.81 b	49.30 	54.59 	58.46 	63.03 	68.25 	74.21 	80.03 	83.23 	86.30 	87.73 	90.39 
A,I_IU3,PC_IND,RO3	: 	: 	: 	: 	: 	45.31 	51.15 	53.97 	57.30 b	59.96 	62.79 	67.61 	73.73 	72.97 	78.57 	82.71 	85.89 	89.61 	91.29 	93.37 
A,I_IU3,PC_IND,RO31	: 	: 	: 	: 	: 	36.78 	42.95 	42.99 	44.92 b	50.12 	52.35 	59.78 	66.28 	70.44 	75.46 	80.67 	81.40 	86.15 	90.85 	91.35 
A,I_IU3,PC_IND,RO32	: 	: 	: 	: 	: 	57.32 	62.64 	69.29 	73.30 b	72.64 	76.12 	77.48 	82.39 	76.07 	82.11 	85.16 	90.73 	93.85 	91.80 	95.80 
A,I_IU3,PC_IND,RO4	: 	: 	: 	: 	: 	39.01 	45.03 	47.97 	52.98 b	54.21 	58.38 	63.57 	70.78 	73.95 	80.10 	82.31 	84.52 	89.91 	89.80 	93.03 
A,I_IU3,PC_IND,RO41	: 	: 	: 	: 	: 	35.28 	40.07 	44.82 	41.33 b	48.94 	57.38 	58.69 	67.46 	70.95 	75.78 	79.06 	83.78 	87.59 	86.12 	92.34 
A,I_IU3,PC_IND,RO42	: 	: 	: 	: 	: 	43.32 	50.76 	51.58 	65.66 b	59.94 	59.47 	68.85 	74.35 	77.16 	84.17 	85.78 	85.29 	92.51 	93.70 	93.79 
A,I_IU3,PC_IND,RS	: 	29.87 	: 	38.14 	: 	: 	: 	: 	: 	65.32 	: 	70.33 	73.36 	77.42 	79.10 	81.17 	83.54 	85.36 	87.69 	90.04 
A,I_IU3,PC_IND,RS1	: 	: 	: 	: 	: 	: 	: 	: 	: 	: 	: 	: 	: 	82.09 	81.89 	81.47 	92.39 	88.29 	90.71 	91.74 
A,I_IU3,PC_IND,RS11	: 	: 	: 	: 	: 	: 	: 	: 	: 	: 	: 	: 	: 	87.21 	89.43 	82.26 	94.07 	91.03 	93.35 	95.63 
A,I_IU3,PC_IND,RS12	: 	: 	: 	: 	: 	: 	: 	: 	: 	: 	: 	: 	: 	78.43 	75.71 	80.93 	90.88 	86.06 	88.55 	88.09 
A,I_IU3,PC_IND,RS2	: 	: 	: 	: 	: 	: 	: 	: 	: 	: 	: 	: 	: 	73.18 	76.74 	80.90 	77.14 	82.59 	84.52 	88.23 
A,I_IU3,PC_IND,RS21	: 	: 	: 	: 	: 	: 	: 	: 	: 	: 	: 	: 	: 	74.76 	77.80 	83.19 	81.64 	83.76 	84.64 	87.10 
A,I_IU3,PC_IND,RS22	: 	: 	: 	: 	: 	: 	: 	: 	: 	: 	: 	: 	: 	71.30 	75.28 	78.27 	70.82 	81.21 	84.35 	89.65 
A,I_IU3,PC_IND,SE	86.25 	80.05 	87.84 	89.61 	90.85 	92.77 	93.18 	94.78 	92.52 	90.61 	93.31 b	96.19 	92.08 	97.55 	97.08 	96.76 	96.81 	97.59 	98.08 	98.25 
A,I_IU3,PC_IND,SE1	: 	: 	: 	: 	: 	94.43 	94.21 	95.91 	94.49 	92.65 	93.81 b	98.26 	93.07 	98.44 	97.53 	97.85 	97.15 	98.18 	98.33 	97.99 
A,I_IU3,PC_IND,SE11	: 	: 	: 	: 	: 	95.81 	94.23 	96.58 	94.67 	93.61 	95.00 b	98.27 	93.68 	98.13 	98.40 	97.71 	98.38 	98.00 	97.65 	97.76 
A,I_IU3,PC_IND,SE12	: 	: 	: 	: 	: 	92.57 	94.19 	94.95 	94.24 	91.39 	92.39 b	98.25 	92.28 	98.95 	96.34 	98.05 	95.59 	98.42 	99.31 	98.31 
A,I_IU3,PC_IND,SE2	: 	: 	: 	: 	: 	91.83 	92.27 	94.01 	92.72 	89.38 	94.25 b	94.68 	91.85 	97.29 	96.86 	96.00 	97.35 	96.95 	98.14 	98.51 
A,I_IU3,PC_IND,SE21	: 	: 	: 	: 	: 	90.99 	90.50 	92.92 	91.31 	89.06 	92.16 b	93.76 	89.04 	98.67 	95.79 	96.91 	97.91 	96.46 	97.34 	98.74 
A,I_IU3,PC_IND,SE22	: 	: 	: 	: 	: 	93.48 	91.41 	94.77 	91.69 	87.57 	94.81 b	96.07 	93.47 	96.73 	97.31 	93.90 	97.61 	96.30 	98.41 	98.17 
A,I_IU3,PC_IND,SE23	: 	: 	: 	: 	: 	91.10 	93.63 	93.97 	93.95 	90.62 	94.69 b	94.07 	92.04 	97.13 	97.04 	97.17 	96.93 	97.71 	98.33 	98.63 
A,I_IU3,PC_IND,SE3	: 	: 	: 	: 	: 	91.56 	92.94 	94.29 	88.07 	89.00 	89.49 b	95.14 	90.27 	96.05 	96.54 	96.05 	94.48 	97.93 	97.30 	98.24 
A,I_IU3,PC_IND,SE31	: 	: 	: 	: 	: 	91.88 	91.54 	94.05 	85.20 	85.40 	89.34 b	92.90 	88.45 	93.85 	95.00 	95.97 	93.49 	98.74 	96.60 	98.33 
A,I_IU3,PC_IND,SE32	: 	: 	: 	: 	: 	89.03 	91.30 	95.33 u	90.78 	89.31 	86.37 b	98.08 u	86.62 u	96.31 u	97.77 	97.59 	91.90 	94.85 	96.51 	97.69 
A,I_IU3,PC_IND,SE33	: 	: 	: 	: 	: 	92.85 	96.26 	93.96 	91.44 	95.23 	92.00 b	96.41 	94.86 	98.36 	98.29 	95.14 	97.92 	99.01 	98.81 	98.53 
A,I_IU3,PC_IND,SI	50.89 	53.30 	55.86 	61.97 	67.87 	67.34 	68.35 	72.68 	71.59 	73.10 	75.50 	78.89 	79.75 	83.11 	86.60 	89.00 	88.91 	90.38 	90.76 	91.57 
A,I_IU3,PC_IND,SI0	: 	: 	: 	: 	: 	67.34 	68.35 	72.68 	71.59 	73.10 	75.50 	78.89 	79.75 	83.11 	86.60 	89.00 	88.91 	90.38 	90.76 	91.57 
A,I_IU3,PC_IND,SI01	: 	: 	: 	: 	: 	: 	: 	: 	68.40 	: 	: 	: 	: 	: 	: 	: 	: 	: 	: 	: 
A,I_IU3,PC_IND,SI02	: 	: 	: 	: 	: 	: 	: 	: 	75.17 	: 	: 	: 	: 	: 	: 	: 	: 	: 	: 	: 
A,I_IU3,PC_IND,SI03	: 	: 	: 	: 	: 	: 	: 	: 	: 	67.79 	71.59 	75.69 	76.71 	79.53 	84.91 	85.47 	86.47 	87.62 	88.20 	89.36 
A,I_IU3,PC_IND,SI04	: 	: 	: 	: 	: 	: 	: 	: 	: 	79.17 	80.02 	82.54 	83.19 	87.13 	88.50 	92.93 	91.63 	93.44 	93.61 	94.01 
A,I_IU3,PC_IND,SK	49.52 	56.25 	66.05 	70.05 	75.71 	74.44 	76.71 	77.88 	79.98 	77.63 	80.48 	81.63 	80.45 	82.85 	89.92 	88.93 	89.07 	87.21 	89.83 	92.49 
A,I_IU3,PC_IND,SK0	: 	: 	: 	: 	: 	74.44 	76.71 	77.88 	79.98 	77.63 	80.48 	81.63 	80.45 	82.85 	89.92 	88.93 	89.07 	87.21 	89.83 	92.49 
A,I_IU3,PC_IND,SK01	: 	: 	: 	: 	: 	79.05 	84.12 	84.77 	85.48 	80.06 	79.42 	83.13 	80.06 	81.42 	92.82 	94.72 	94.07 	90.88 	92.63 	97.66 
A,I_IU3,PC_IND,SK02	: 	: 	: 	: 	: 	74.77 	75.76 	76.18 	77.73 	75.89 	81.06 	81.56 	82.44 	84.96 	89.64 	88.82 	88.52 	84.55 	89.46 	91.07 
A,I_IU3,PC_IND,SK03	: 	: 	: 	: 	: 	72.73 	70.89 	75.16 	77.74 	76.27 	77.78 	79.52 	79.91 	81.17 	90.51 	89.57 	87.64 	87.71 	91.01 	93.13 
A,I_IU3,PC_IND,SK04	: 	: 	: 	: 	: 	73.50 	80.10 	79.69 	82.42 	79.90 	82.52 	82.89 	78.73 	82.40 	88.58 	86.11 	88.63 	88.25 	87.96 	91.22 
A,I_IU3,PC_IND,TR	: 	26.91 	32.19 	33.97 	37.58 	: 	42.71 	43.16 	48.49 	51.60 	58.35 	64.68 	71.04 	73.98 	77.67 	81.41 	83.44 	85.96 	87.31 	89.77 
A,I_IU3,PC_IND,TR1	: 	: 	: 	: 	: 	: 	55.42 	54.43 	58.80 	62.86 	70.01 	76.99 	82.41 	86.01 	88.17 	90.04 	92.59 	92.61 	94.70 	96.16 
A,I_IU3,PC_IND,TR2	: 	: 	: 	: 	: 	: 	39.35 	47.67 	47.33 	54.32 	56.65 	61.39 	68.29 	70.38 	76.37 	77.35 	82.97 	84.85 	85.52 	87.62 
A,I_IU3,PC_IND,TR3	: 	: 	: 	: 	: 	: 	45.33 	43.84 	50.55 	53.35 	56.98 	64.51 	71.22 	74.58 	79.12 	80.70 	81.79 	87.81 	87.40 	88.68 
A,I_IU3,PC_IND,TR4	: 	: 	: 	: 	: 	: 	50.00 	50.39 	52.96 	55.14 	62.49 	66.15 	74.63 	77.04 	81.60 	84.24 	85.88 	87.24 	89.91 	92.67 
A,I_IU3,PC_IND,TR5	: 	: 	: 	: 	: 	: 	52.73 	53.12 	52.59 	57.58 	63.52 	73.07 	78.23 	82.05 	84.23 	86.84 	87.34 	87.63 	89.31 	90.32 
A,I_IU3,PC_IND,TR6	: 	: 	: 	: 	: 	: 	38.25 	38.26 	48.33 	47.76 	59.02 	66.07 	70.29 	73.06 	76.49 	79.45 	82.94 	84.43 	86.96 	89.25 
A,I_IU3,PC_IND,TR7	: 	: 	: 	: 	: 	: 	36.99 	40.04 	44.16 	46.59 	56.72 	63.59 	67.76 	75.26 	76.83 	79.10 	82.80 	83.79 	83.77 	88.54 
A,I_IU3,PC_IND,TR8	: 	: 	: 	: 	: 	: 	33.97 	35.06 	40.66 	44.50 	51.95 	59.51 	64.17 	67.40 	69.01 	74.86 	79.90 	80.30 	82.96 	86.91 
A,I_IU3,PC_IND,TR9	: 	: 	: 	: 	: 	: 	27.50 	33.70 	44.96 	48.82 	50.17 	58.78 	66.59 	65.05 	71.06 	78.74 	78.88 	80.57 	81.36 	84.83 
A,I_IU3,PC_IND,TRA	: 	: 	: 	: 	: 	: 	27.02 	28.41 	34.63 	37.95 	45.14 	46.95 	49.70 	60.49 	65.94 	65.29 	65.52 	75.25 	74.83 	84.20 
A,I_IU3,PC_IND,TRB	: 	: 	: 	: 	: 	: 	29.38 	25.92 	32.96 	37.19 	41.17 	49.07 	57.62 	61.71 	65.27 	71.33 	73.67 	77.31 	77.32 	78.62 
A,I_IU3,PC_IND,TRC	: 	: 	: 	: 	: 	: 	27.55 	28.44 	34.90 	37.84 	44.62 	45.08 	55.63 	54.82 	61.12 	75.05 	73.60 	81.72 	82.10 	86.63 
A,I_IU3,PC_IND,UK	65.57 	71.87 	76.24 	81.75 	83.13 	85.38 	87.48 	89.84 	91.61 	92.00 	94.78 	94.62 	94.78 	95.57 	97.32 	: 	: 	: 	: 	: 
A,I_IU3,PC_IND,UKC	: 	: 	: 	: 	: 	74.03 	79.20 	84.52 	91.57 	83.44 	90.53 	90.77 	90.65 	97.64 	91.21 	: 	: 	: 	: 	: 
A,I_IU3,PC_IND,UKD	: 	: 	: 	: 	: 	86.06 	87.18 	85.29 	88.02 	85.68 	93.53 	95.12 	95.83 	95.20 	96.18 	: 	: 	: 	: 	: 
A,I_IU3,PC_IND,UKE	: 	: 	: 	: 	: 	81.75 	89.67 	86.39 	89.74 	93.06 	93.91 	92.67 	91.06 	95.30 	96.68 	: 	: 	: 	: 	: 
A,I_IU3,PC_IND,UKF	: 	: 	: 	: 	: 	82.89 	90.85 	90.10 	90.40 	94.59 	94.22 	92.76 	96.63 	90.17 	94.01 	: 	: 	: 	: 	: 
A,I_IU3,PC_IND,UKG	: 	: 	: 	: 	: 	84.79 	82.41 	88.09 	94.12 	84.86 	92.65 	96.59 	94.04 	94.34 	97.96 	: 	: 	: 	: 	: 
A,I_IU3,PC_IND,UKH	: 	: 	: 	: 	: 	83.56 	87.26 	91.78 	92.56 	95.31 	94.34 	94.06 	92.05 	96.89 	98.70 	: 	: 	: 	: 	: 
A,I_IU3,PC_IND,UKI	: 	: 	: 	: 	: 	87.17 	89.34 	94.27 	95.35 	92.69 	96.92 	95.50 	95.77 	96.41 	99.66 	: 	: 	: 	: 	: 
A,I_IU3,PC_IND,UKJ	: 	: 	: 	: 	: 	90.95 	90.85 	93.73 	92.95 	96.76 	98.13 	96.32 	96.81 	98.18 	97.59 	: 	: 	: 	: 	: 
A,I_IU3,PC_IND,UKK	: 	: 	: 	: 	: 	90.40 	91.48 	94.45 	90.30 	92.51 	96.21 	96.43 	98.00 	96.99 	97.91 	: 	: 	: 	: 	: 
A,I_IU3,PC_IND,UKL	: 	: 	: 	: 	: 	80.55 	83.71 	83.88 	90.15 	86.03 	89.50 	93.43 	97.51 	91.00 	96.97 	: 	: 	: 	: 	: 
A,I_IU3,PC_IND,UKM	: 	: 	: 	: 	: 	84.55 	81.98 	89.31 	90.74 	93.97 	96.38 	93.67 	92.56 	96.25 	98.56 	: 	: 	: 	: 	: 
A,I_IU3,PC_IND,UKN	: 	: 	: 	: 	: 	: 	: 	84.07 	88.44 	91.06 	91.23 	91.67 	92.54 	92.49 	: 	: 	: 	: 	: 	: 
A,I_IU3,PC_IND,XK	: 	: 	: 	: 	: 	: 	: 	: 	: 	: 	: 	82.91 	87.48 	90.71 	95.60 	: 	: 	: 	98.04 	98.47 
A,I_IUBK,PC_IND,AL	: 	: 	: 	: 	: 	: 	: 	: 	: 	: 	: 	: 	1.55 	1.69 	3.92 	5.24 	10.86 	15.10 	18.53 	25.49 
A,I_IUBK,PC_IND,AT	27.17 	29.75 	33.74 	34.61 	37.95 	43.94 	45.35 	48.60 	47.95 	51.03 	53.34 	57.49 	58.41 	62.78 	65.79 	71.31 	73.13 	77.17 	78.24 	79.04 
A,I_IUBK,PC_IND,AT1	: 	: 	: 	: 	: 	44.62 	43.90 	48.36 	47.24 	51.31 	54.17 	57.79 	59.39 	62.04 	67.32 	73.86 	73.23 	78.29 	78.68 	80.68 
A,I_IUBK,PC_IND,AT11	: 	: 	: 	: 	: 	39.12 	36.92 	38.00 	41.07 	: 	38.05 	47.26 	54.34 	52.12 	61.12 	60.17 	64.01 	66.04 	72.76 	73.05 
A,I_IUBK,PC_IND,AT12	: 	: 	: 	: 	: 	45.12 	40.98 	45.13 	40.60 	: 	53.37 	51.03 	58.28 	62.60 	65.39 	71.00 	70.61 	75.71 	78.29 	79.12 
A,I_IUBK,PC_IND,AT13	: 	: 	: 	: 	: 	45.05 	47.70 	52.96 	54.19 	: 	57.36 	65.24 	61.13 	63.08 	69.94 	78.43 	76.88 	82.32 	79.88 	83.11 
A,I_IUBK,PC_IND,AT2	: 	: 	: 	: 	: 	38.20 	44.81 	45.80 	41.39 	47.01 	50.98 	54.57 	56.83 	60.04 	61.18 	66.32 	71.63 	74.36 	76.05 	76.76 
A,I_IUBK,PC_IND,AT21	: 	: 	: 	: 	: 	39.94 	41.29 	41.28 	38.01 	: 	46.57 	54.67 	55.93 	60.12 	57.98 	65.72 	70.62 	69.03 	76.02 	75.08 
A,I_IUBK,PC_IND,AT22	: 	: 	: 	: 	: 	37.41 	46.42 	47.86 	42.92 	: 	52.96 	54.52 	57.23 	60.00 	62.60 	66.58 	72.08 	76.74 	76.06 	77.50 
A,I_IUBK,PC_IND,AT3	: 	: 	: 	: 	: 	46.51 	47.40 	50.54 	52.64 	53.00 	53.69 	58.80 	58.10 	65.23 	66.53 	71.03 	73.85 	77.37 	78.92 	78.29 
A,I_IUBK,PC_IND,AT31	: 	: 	: 	: 	: 	48.96 	45.44 	51.63 	52.25 	: 	55.89 	60.03 	55.63 	66.99 	66.64 	71.56 	74.58 	78.21 	80.59 	78.55 
A,I_IUBK,PC_IND,AT32	: 	: 	: 	: 	: 	42.55 	48.35 	50.06 	54.52 	: 	49.15 	59.83 	61.04 	59.06 	63.37 	72.12 	70.45 	77.79 	80.45 	76.09 
A,I_IUBK,PC_IND,AT33	: 	: 	: 	: 	: 	42.85 	45.85 	49.70 	49.60 	: 	52.81 	55.00 	59.56 	67.33 	68.34 	68.48 	74.59 	76.59 	75.78 	77.84 
A,I_IUBK,PC_IND,AT34	: 	: 	: 	: 	: 	50.03 	56.51 	48.74 	57.37 	: 	53.61 	60.10 	60.42 	63.26 	67.12 	72.37 	74.47 	75.07 	76.52 	81.23 
A,I_IUBK,PC_IND,BA	: 	: 	: 	: 	: 	: 	: 	: 	: 	: 	: 	: 	4.90 	5.45 	12.26 	12.82 	: 	19.93 	27.34 	35.86 
A,I_IUBK,PC_IND,BE	28.36 	34.76 	39.33 	46.03 	51.03 	54.34 	55.77 	57.83 	61.24 	62.28 	64.48 	66.63 	68.74 	71.18 	75.30 	75.26 	79.51 	79.60 	83.34 	79.30 
A,I_IUBK,PC_IND,BE1	: 	: 	: 	: 	: 	51.41 	54.14 	54.67 	55.91 	60.86 	61.04 	59.06 	61.53 	60.21 	71.04 	72.98 	77.61 	77.79 	79.26 	73.08 
A,I_IUBK,PC_IND,BE10	: 	: 	: 	: 	: 	51.41 	54.14 	54.67 	55.91 	60.86 	61.04 	59.06 	61.53 	60.21 	71.04 	72.98 	77.61 	77.79 	79.26 	73.08 
A,I_IUBK,PC_IND,BE2	: 	: 	: 	: 	: 	56.10 	58.19 	60.13 	63.96 	64.46 	67.26 	70.76 	71.56 	75.17 	77.31 	78.73 	80.67 	81.29 	85.84 	80.90 
A,I_IUBK,PC_IND,BE21	: 	: 	: 	: 	: 	54.67 	57.10 	62.15 	64.00 	66.30 	64.69 	70.91 	74.36 	76.00 	75.85 	75.12 	80.28 	79.25 	88.66 	80.72 
A,I_IUBK,PC_IND,BE22	: 	: 	: 	: 	: 	55.00 	55.07 	57.63 	62.48 	62.58 	65.26 	66.68 	68.11 	71.44 	77.13 	75.11 	82.79 	81.34 	81.95 	77.24 
A,I_IUBK,PC_IND,BE23	: 	: 	: 	: 	: 	56.02 	59.82 	60.07 	63.69 	64.21 	69.48 	68.37 	69.80 	73.43 	78.35 	81.94 	81.33 	80.36 	86.88 	81.09 
A,I_IUBK,PC_IND,BE24	: 	: 	: 	: 	: 	59.53 	62.39 	61.83 	66.87 	64.24 	73.95 	75.78 	73.59 	78.01 	81.01 	82.47 	81.69 	84.54 	85.44 	87.14 
A,I_IUBK,PC_IND,BE25	: 	: 	: 	: 	: 	56.01 	56.25 	57.38 	62.59 	63.55 	63.57 	71.84 	70.09 	76.15 	74.83 	79.67 	78.08 	82.96 	83.64 	77.43 
A,I_IUBK,PC_IND,BE3	: 	: 	: 	: 	: 	52.08 	51.89 	54.68 	58.08 	58.80 	60.60 	61.67 	66.04 	67.62 	73.08 	69.76 	78.02 	77.13 	80.22 	78.46 
A,I_IUBK,PC_IND,BE31	: 	: 	: 	: 	: 	65.28 	67.65 	64.74 	68.92 	69.09 	67.38 	68.55 	77.54 	72.64 	79.86 	76.26 	85.61 	81.51 	82.99 	82.35 
A,I_IUBK,PC_IND,BE32	: 	: 	: 	: 	: 	51.71 	46.45 	50.15 	54.51 	58.58 	55.00 	59.76 	63.97 	62.91 	72.02 	65.09 	74.71 	74.42 	78.78 	75.98 
A,I_IUBK,PC_IND,BE33	: 	: 	: 	: 	: 	45.79 	49.76 	52.04 	55.28 	54.32 	63.02 	58.50 	63.30 	68.35 	75.16 	74.00 	82.24 	79.68 	80.80 	81.47 
A,I_IUBK,PC_IND,BE34	: 	: 	: 	: 	: 	49.98 	57.57 	56.94 	61.29 	60.03 	64.62 	65.71 	66.68 	68.08 	68.54 	71.52 	71.91 	74.49 	82.18 	76.95 
A,I_IUBK,PC_IND,BE35	: 	: 	: 	: 	: 	57.87 	55.77 	63.68 	63.61 	60.40 	62.63 	66.05 	68.03 	74.40 	68.38 	68.06 	75.54 	76.46 	79.40 	77.14 
A,I_IUBK,PC_IND,BG	1.34 	1.66 	1.52 	1.84 	2.48 	3.20 	3.61 	4.57 	4.70 	5.35 	4.40 	5.49 	7.37 	8.57 	12.57 	14.87 	22.44 	23.43 	31.33 	31.08 
A,I_IUBK,PC_IND,BG3	: 	: 	: 	: 	: 	2.38 	2.84 	2.60 	4.68 	3.73 	3.31 	4.16 	5.29 	6.95 	8.04 	11.94 	17.32 	19.65 	25.76 	29.17 
A,I_IUBK,PC_IND,BG31	: 	: 	: 	: 	: 	0.89 	1.01 	1.55 	2.87 	2.97 	1.55 	3.64 	6.86 	8.26 	7.40 	7.12 	15.80 	14.73 	19.29 	31.19 
A,I_IUBK,PC_IND,BG32	: 	: 	: 	: 	: 	3.21 	1.44 	3.22 	4.41 	4.09 	3.38 	6.55 	6.21 	6.47 	12.70 	16.82 	17.21 	18.00 	30.46 	28.61 
A,I_IUBK,PC_IND,BG33	: 	: 	: 	: 	: 	3.26 	5.52 	2.45 	5.22 	3.87 	4.24 	2.68 	3.25 	5.65 	5.38 	12.45 	20.07 	23.59 	28.37 	36.47 
A,I_IUBK,PC_IND,BG34	: 	: 	: 	: 	: 	2.05 	2.95 	3.03 	5.77 	3.89 	3.71 	4.02 	5.30 	7.57 	7.34 	11.12 	15.91 	20.86 	24.53 	21.71 
A,I_IUBK,PC_IND,BG4	: 	: 	: 	: 	: 	4.05 	4.39 	6.58 	4.73 	6.97 	5.50 	6.80 	9.43 	10.17 	16.98 	17.71 	27.38 	26.95 	36.48 	32.83 
A,I_IUBK,PC_IND,BG41	: 	: 	: 	: 	: 	6.28 	5.72 	9.80 	6.55 	10.03 	7.63 	9.91 	12.41 	14.51 	24.25 	24.70 	35.55 	35.43 	48.08 	37.84 
A,I_IUBK,PC_IND,BG42	: 	: 	: 	: 	: 	0.89 	2.43 	1.81 	2.01 	2.40 	2.29 	2.10 	4.90 	3.59 	6.00 	7.18 	15.06 	13.67 	18.37 	24.99 
A,I_IUBK,PC_IND,CH	: 	: 	: 	: 	: 	: 	: 	: 	54.29 	: 	: 	66.05 b	: 	72.84 	: 	77.44 	: 	83.80 	: 	85.71 
A,I_IUBK,PC_IND,CH0	: 	: 	: 	: 	: 	: 	: 	: 	54.29 	: 	: 	66.05 b	: 	72.84 	: 	77.44 	: 	83.80 	: 	85.71 
A,I_IUBK,PC_IND,CH01	: 	: 	: 	: 	: 	: 	: 	: 	50.88 	: 	: 	65.07 b	: 	66.65 	: 	73.61 	: 	82.51 	: 	85.02 
A,I_IUBK,PC_IND,CH02	: 	: 	: 	: 	: 	: 	: 	: 	50.72 	: 	: 	69.15 b	: 	72.51 	: 	73.42 	: 	83.53 	: 	85.25 
A,I_IUBK,PC_IND,CH03	: 	: 	: 	: 	: 	: 	: 	: 	55.01 	: 	: 	66.12 b	: 	76.16 	: 	80.56 	: 	85.09 	: 	84.06 
A,I_IUBK,PC_IND,CH04	: 	: 	: 	: 	: 	: 	: 	: 	65.15 	: 	: 	70.00 b	: 	80.41 	: 	83.11 	: 	87.61 	: 	92.82 
A,I_IUBK,PC_IND,CH05	: 	: 	: 	: 	: 	: 	: 	: 	54.68 	: 	: 	61.88 b	: 	71.15 	: 	79.03 	: 	82.53 	: 	83.57 
A,I_IUBK,PC_IND,CH06	: 	: 	: 	: 	: 	: 	: 	: 	54.31 	: 	: 	66.59 b	: 	73.31 	: 	81.83 	: 	84.61 	: 	83.51 
A,I_IUBK,PC_IND,CH07	: 	: 	: 	: 	: 	: 	: 	: 	38.40 	: 	: 	49.94 b	: 	64.90 	: 	64.52 	: 	72.38 	: 	78.13 
A,I_IUBK,PC_IND,CY	6.06 	11.93 	11.45 	15.43 	17.48 	20.34 	20.96 	23.26 	24.20 	20.47 	27.72 	27.59 	33.28 	40.54 	52.12 	64.71 	63.94 	70.86 	80.54 	78.10 
A,I_IUBK,PC_IND,CY0	: 	: 	: 	: 	: 	20.34 	20.96 	23.26 	24.20 	20.47 	27.72 	27.59 	33.28 	40.54 	52.12 	64.71 	63.94 	70.86 	80.54 	78.09 
A,I_IUBK,PC_IND,CY00	: 	: 	: 	: 	: 	20.34 	20.96 	23.26 	24.20 	20.47 	27.72 	27.59 	33.28 	40.54 	52.12 	64.71 	63.94 	70.86 	80.54 	78.09 
A,I_IUBK,PC_IND,CZ	9.72 	11.54 	14.50 	18.46 	22.52 	29.64 	34.54 	41.49 	46.05 	48.44 	51.36 	56.55 	62.42 	67.96 	69.66 	72.78 	77.09 	79.84 	83.57 	84.87 
A,I_IUBK,PC_IND,CZ0	: 	: 	: 	: 	: 	29.64 	34.54 	41.49 	46.05 	48.44 	51.36 	56.55 	62.42 	67.96 	69.66 	72.78 	77.09 	79.84 	83.57 	84.87 
A,I_IUBK,PC_IND,CZ01	: 	: 	: 	: 	: 	33.46 	39.91 	41.38 	50.68 	52.52 	51.73 	57.62 	67.67 	77.34 	78.70 	79.89 	86.72 	89.25 	90.71 	91.94 
A,I_IUBK,PC_IND,CZ02	: 	: 	: 	: 	: 	26.92 	30.35 	46.20 	47.60 	44.47 	51.99 	60.81 	65.77 	69.40 	68.05 	72.83 	80.77 	80.78 	86.49 	86.54 
A,I_IUBK,PC_IND,CZ03	: 	: 	: 	: 	: 	27.27 	35.49 	38.13 	42.72 	48.98 	52.23 	55.22 	61.44 	65.79 	66.49 	69.30 	72.78 	77.98 	84.44 	86.65 
A,I_IUBK,PC_IND,CZ04	: 	: 	: 	: 	: 	27.69 	33.12 	35.09 	45.29 	40.14 	44.24 	51.23 	58.91 	58.34 	68.18 	65.18 	71.22 	78.45 	80.74 	75.92 
A,I_IUBK,PC_IND,CZ05	: 	: 	: 	: 	: 	28.85 	34.05 	44.05 	45.85 	54.31 	57.56 	57.75 	65.96 	70.21 	71.02 	74.70 	76.90 	75.62 	81.23 	83.81 
A,I_IUBK,PC_IND,CZ06	: 	: 	: 	: 	: 	30.22 	35.90 	41.07 	42.23 	49.27 	50.86 	57.55 	60.63 	68.64 	67.95 	74.12 	77.27 	77.73 	81.86 	84.05 
A,I_IUBK,PC_IND,CZ07	: 	: 	: 	: 	: 	25.95 	32.22 	42.87 	46.76 	48.43 	50.96 	54.42 	56.53 	64.35 	67.75 	71.06 	70.73 	79.81 	78.11 	81.88 
A,I_IUBK,PC_IND,CZ08	: 	: 	: 	: 	: 	36.45 	34.88 	42.03 	48.71 	47.42 	49.56 	56.40 	61.65 	67.50 	70.30 	73.15 	79.32 	81.38 	85.09 	87.62 
A,I_IUBK,PC_IND,DE	31.74 	35.45 	38.24 	40.89 	42.66 	45.25 	45.07 	47.12 	48.76 	50.98 	52.97 	55.56 	58.84 	61.10 	64.91 	50.35 b	48.58 	57.22 	66.92 	70.71 
A,I_IUBK,PC_IND,DE1	: 	: 	: 	: 	: 	44.84 	45.03 	47.10 	48.80 	48.98 	51.83 	54.79 	57.96 	59.15 	61.38 	51.50 b	51.19 	58.08 	67.17 	74.29 
A,I_IUBK,PC_IND,DE2	: 	: 	: 	: 	: 	47.19 	43.51 	45.34 	45.10 	58.81 	56.77 	56.96 	59.02 	64.35 	67.38 	49.51 b	47.57 	59.46 	69.31 	71.79 
A,I_IUBK,PC_IND,DE3	: 	: 	: 	: 	: 	49.03 	49.37 	50.89 	53.55 	53.12 	55.64 	61.74 	63.83 	59.96 	68.05 	62.02 b	56.23 	64.70 	68.65 	74.49 
A,I_IUBK,PC_IND,DE4	: 	: 	: 	: 	: 	36.88 	38.05 	35.89 	41.82 	41.19 	47.89 	44.85 	52.63 	52.11 	48.18 	48.16 b	39.35 	50.96 	68.18 	67.32 
A,I_IUBK,PC_IND,DE5	: 	: 	: 	: 	: 	49.05 	47.36 	48.43 	52.42 	60.60 	45.23 	57.37 	69.29 	58.60 	67.16 	34.91 b	31.02 	41.08 	52.23 u	64.72 
A,I_IUBK,PC_IND,DE6	: 	: 	: 	: 	: 	55.29 	46.86 	52.80 	58.59 	55.37 	58.13 	63.73 	58.97 	58.68 	64.33 	48.29 b	52.77 	65.04 	72.32 	77.36 
A,I_IUBK,PC_IND,DE7	: 	: 	: 	: 	: 	43.71 	45.86 	45.48 	52.40 	53.76 	53.65 	55.59 	56.67 	60.51 	66.96 	53.56 b	47.19 	57.35 	69.33 	69.73 
A,I_IUBK,PC_IND,DE8	: 	: 	: 	: 	: 	30.60 	37.80 	39.07 	41.64 	42.56 	43.48 	39.47 	47.44 	52.30 	59.48 	48.86 b	46.92 	51.31 	58.76 	60.73 
A,I_IUBK,PC_IND,DE9	: 	: 	: 	: 	: 	43.71 	46.29 	48.31 	51.99 	52.82 	52.93 	59.28 	60.53 	62.46 	66.78 	47.98 b	48.37 	57.64 	67.48 	72.12 
A,I_IUBK,PC_IND,DEA	: 	: 	: 	: 	: 	46.79 	46.59 	47.50 	48.29 	47.91 	53.95 	54.70 	60.97 	62.71 	67.60 	49.44 b	46.66 	55.88 	65.82 	70.44 
A,I_IUBK,PC_IND,DEB	: 	: 	: 	: 	: 	45.96 	48.08 	53.55 	53.68 	54.32 	52.65 	57.94 	61.15 	63.36 	64.38 	52.18 b	51.67 	57.14 	67.65 	72.42 
A,I_IUBK,PC_IND,DEC	: 	: 	: 	: 	: 	37.37 	38.27 	44.24 	50.25 	42.97 	43.67 	50.22 	59.66 	64.28 	66.35 	59.14 b	56.17 	63.76 	69.58 	58.69 
A,I_IUBK,PC_IND,DED	: 	: 	: 	: 	: 	43.05 	43.06 	48.37 	45.45 	42.81 	48.74 	54.76 	52.24 	54.26 	59.26 	58.32 b	58.68 	59.88 	68.94 	70.61 
A,I_IUBK,PC_IND,DEE	: 	: 	: 	: 	: 	40.05 	41.85 	47.86 	45.69 	47.41 	48.35 	50.45 	58.36 	63.06 	64.89 	39.77 b	37.42 	41.80 	55.65 	59.08 
A,I_IUBK,PC_IND,DEF	: 	: 	: 	: 	: 	49.05 	43.98 	45.51 	49.67 	49.62 	52.04 	56.79 	59.56 	63.05 	64.07 	47.11 b	52.01 	58.23 	67.93 	69.51 
A,I_IUBK,PC_IND,DEG	: 	: 	: 	: 	: 	48.01 	46.82 	51.00 	47.41 	49.52 	51.71 	53.84 	56.10 	56.89 	61.60 	40.54 b	40.96 	50.78 	55.27 	61.02 
A,I_IUBK,PC_IND,DK	57.16 	56.80 	61.44 	66.10 	70.54 	74.97 	79.35 	82.46 	84.28 	84.89 	87.86 	89.77 	89.47 	90.78 	94.32 	94.59 	94.35 	96.22 	97.76 	97.61 
A,I_IUBK,PC_IND,DK0	: 	: 	: 	: 	: 	74.97 	79.35 	82.46 	84.28 	84.89 	87.86 	89.77 	89.47 	90.78 	94.32 	94.59 	94.35 	96.22 	97.76 	97.61 
A,I_IUBK,PC_IND,DK01	: 	: 	: 	: 	: 	77.69 	83.71 	87.26 	88.91 	86.46 	89.67 	93.03 	90.35 	91.65 	95.59 	95.26 	95.38 	97.10 	98.24 	98.10 
A,I_IUBK,PC_IND,DK02	: 	: 	: 	: 	: 	71.60 	79.14 	80.11 	84.90 	86.39 	87.16 	86.49 	88.37 	90.13 	92.90 	93.61 	94.73 	94.69 	97.25 	96.72 
A,I_IUBK,PC_IND,DK03	: 	: 	: 	: 	: 	70.65 	75.24 	79.66 	81.00 	84.23 	85.44 	90.84 	88.09 	88.66 	94.29 	94.84 	94.20 	97.05 	97.38 	98.40 
A,I_IUBK,PC_IND,DK04	: 	: 	: 	: 	: 	77.78 	80.80 	81.97 	83.20 	85.71 	89.14 	88.90 	90.30 	91.87 	94.66 	94.36 	93.36 	96.87 	97.75 	97.04 
A,I_IUBK,PC_IND,DK05	: 	: 	: 	: 	: 	74.41 	73.29 	78.73 	79.18 	77.43 	85.55 	83.91 	89.46 	90.93 	91.79 	93.89 	93.40 	92.48 	97.76 	96.69 
A,I_IUBK,PC_IND,EE	48.16 	52.59 	55.20 	61.63 	65.11 	67.59 	68.06 	72.22 	76.56 b	80.67 	78.59 	79.23 	80.36 	80.72 	79.84 	81.51 	83.36 	84.89 	83.39 	87.33 
A,I_IUBK,PC_IND,EE0	: 	: 	: 	: 	: 	67.59 	68.06 	72.22 	76.56 b	80.67 	78.59 	79.23 	80.36 	80.72 	79.84 	81.51 	83.36 	84.89 	83.39 	87.33 
A,I_IUBK,PC_IND,EE00	: 	: 	: 	: 	: 	67.59 	68.06 	72.22 	76.56 b	80.67 	78.59 	79.23 	80.36 	80.72 	79.84 	81.51 	83.36 	84.89 	83.39 	87.33 
A,I_IUBK,PC_IND,EL	2.46 	3.90 	5.06 	5.38 	5.71 	8.60 	9.13 	10.72 	13.14 	13.87 	19.16 	25.12 	27.28 	30.51 	36.55 	42.40 	49.78 	52.01 	54.15 	63.02 
A,I_IUBK,PC_IND,EL1	: 	: 	: 	: 	: 	7.04 	: 	: 	: 	: 	: 	: 	: 	: 	: 	: 	: 	: 	: 	: 
A,I_IUBK,PC_IND,EL2	: 	: 	: 	: 	: 	4.01 	: 	: 	: 	: 	: 	: 	: 	: 	: 	: 	: 	: 	: 	: 
A,I_IUBK,PC_IND,EL3	: 	: 	: 	: 	: 	11.68 	12.28 	15.73 	20.66 	17.61 	25.08 	32.25 	35.34 	36.27 	44.02 	60.01 	59.32 	56.01 	60.53 	72.06 
A,I_IUBK,PC_IND,EL4	: 	: 	: 	: 	: 	7.67 	6.68 	9.19 	10.58 	14.69 	18.91 	21.52 	26.40 	25.86 	37.83 	37.59 	45.68 	56.30 	47.06 	48.12 
A,I_IUBK,PC_IND,EL5	: 	: 	: 	: 	: 	: 	7.40 	7.57 	8.98 	13.79 	18.44 	24.48 	28.50 	35.80 	34.98 	38.49 	48.77 	51.38 	53.31 	68.17 
A,I_IUBK,PC_IND,EL6	: 	: 	: 	: 	: 	: 	6.64 	6.11 	7.82 	8.06 	11.35 	17.27 	14.93 	19.95 	27.21 	24.02 	38.66 	44.70 	48.42 	49.62 
A,I_IUBK,PC_IND,ES	14.79 	15.89 	18.97 	22.56 	25.99 	27.41 	30.84 	32.91 	37.42 	39.37 	43.15 	46.18 	48.66 	54.88 	62.10 	65.16 	69.60 	71.45 	74.96 	74.77 
A,I_IUBK,PC_IND,ES1	: 	: 	: 	: 	: 	23.45 	28.90 	30.54 	34.48 	37.12 	42.53 	45.36 	48.18 	54.14 	58.07 	66.03 	69.33 	73.57 	75.29 	75.67 
A,I_IUBK,PC_IND,ES11	: 	: 	: 	: 	: 	22.07 	27.80 	29.46 	35.00 	36.68 	42.58 	45.44 	49.84 	54.21 	58.14 	67.57 	71.92 	76.85 	77.88 	76.91 
A,I_IUBK,PC_IND,ES12	: 	: 	: 	: 	: 	27.57 	31.51 	32.86 	32.62 	36.09 	41.60 	44.06 	43.63 	51.61 	58.47 	64.71 	65.77 	68.03 	69.49 	71.57 
A,I_IUBK,PC_IND,ES13	: 	: 	: 	: 	: 	22.37 	29.30 	31.35 	35.43 	41.01 	44.00 	47.32 	48.62 	58.28 	57.05 	61.31 	63.78 	68.30 	73.53 	77.08 
A,I_IUBK,PC_IND,ES2	: 	: 	: 	: 	: 	29.69 	34.16 	34.51 	39.72 	43.50 	44.13 	47.94 	50.56 	58.00 	63.42 	64.64 	70.59 	70.30 	74.99 	74.74 
A,I_IUBK,PC_IND,ES21	: 	: 	: 	: 	: 	31.76 	38.90 	38.05 	43.22 	46.32 	46.44 	49.16 	53.08 	59.10 	65.89 	68.03 	72.24 	72.76 	77.87 	77.11 
A,I_IUBK,PC_IND,ES22	: 	: 	: 	: 	: 	29.65 	30.85 	35.14 	39.75 	46.54 	47.99 	54.02 	50.74 	61.31 	62.38 	66.86 	73.25 	70.97 	74.41 	74.62 
A,I_IUBK,PC_IND,ES23	: 	: 	: 	: 	: 	23.62 	24.21 	27.69 	29.34 	30.63 	36.56 	42.33 	46.60 	51.78 	56.78 	60.81 	62.95 	66.33 	71.76 	71.43 
A,I_IUBK,PC_IND,ES24	: 	: 	: 	: 	: 	27.71 	30.26 	29.98 	36.40 	40.43 	40.23 	44.27 	47.22 	56.00 	61.46 	58.83 	68.35 	66.85 	71.29 	71.71 
A,I_IUBK,PC_IND,ES3	: 	: 	: 	: 	: 	36.66 	40.36 	43.00 	44.98 	46.95 	53.01 	55.07 	55.86 	61.93 	66.45 	71.37 	75.97 	76.36 	81.69 	79.14 
A,I_IUBK,PC_IND,ES30	: 	: 	: 	: 	: 	36.66 	40.36 	43.00 	44.98 	46.95 	53.01 	55.07 	55.86 	61.93 	66.45 	71.37 	75.97 	76.36 	81.69 	79.14 
A,I_IUBK,PC_IND,ES4	: 	: 	: 	: 	: 	19.74 	23.64 	26.02 	28.93 	32.04 	35.14 	39.23 	40.57 	46.01 	56.39 	59.40 	62.64 	65.52 	68.74 	69.23 
A,I_IUBK,PC_IND,ES41	: 	: 	: 	: 	: 	21.87 	26.03 	29.79 	30.31 	33.27 	36.49 	40.85 	41.86 	47.25 	57.73 	60.97 	65.41 	68.77 	70.24 	71.10 
A,I_IUBK,PC_IND,ES42	: 	: 	: 	: 	: 	19.36 	22.91 	25.00 	28.39 	30.41 	34.57 	38.04 	40.72 	46.22 	55.32 	59.02 	60.34 	62.54 	67.64 	68.13 
A,I_IUBK,PC_IND,ES43	: 	: 	: 	: 	: 	15.56 	19.59 	19.43 	26.82 	32.34 	33.19 	37.88 	37.45 	42.88 	55.46 	56.68 	61.02 	64.21 	67.63 	67.25 
A,I_IUBK,PC_IND,ES5	: 	: 	: 	: 	: 	31.50 	32.37 	34.80 	41.62 	44.62 	46.85 	50.33 	52.56 	57.16 	66.52 	68.44 	72.26 	74.73 	77.88 	78.50 
A,I_IUBK,PC_IND,ES51	: 	: 	: 	: 	: 	34.48 	35.70 	38.07 	44.67 	49.05 	50.73 	53.24 	54.73 	59.98 	70.28 	71.17 	74.44 	77.43 	78.60 	80.00 
A,I_IUBK,PC_IND,ES52	: 	: 	: 	: 	: 	27.67 	26.95 	29.37 	37.13 	38.02 	41.17 	45.44 	49.35 	53.46 	61.10 	64.53 	68.03 	70.14 	76.60 	74.89 
A,I_IUBK,PC_IND,ES53	: 	: 	: 	: 	: 	28.84 	34.59 	37.47 	41.61 	44.90 	46.53 	52.65 	52.42 	54.93 	65.55 	67.64 	76.23 	77.07 	78.72 	84.44 
A,I_IUBK,PC_IND,ES6	: 	: 	: 	: 	: 	20.99 	25.70 	27.86 	31.67 	31.22 	36.33 	38.37 	42.39 	50.23 	57.86 	59.16 	65.32 	65.64 	69.91 	69.25 
A,I_IUBK,PC_IND,ES61	: 	: 	: 	: 	: 	20.34 	25.55 	27.83 	31.77 	31.33 	37.14 	38.98 	42.66 	50.54 	57.68 	58.22 	64.32 	64.46 	69.53 	69.04 
A,I_IUBK,PC_IND,ES62	: 	: 	: 	: 	: 	24.22 	27.76 	27.82 	30.61 	29.51 	31.74 	34.62 	40.65 	47.69 	58.43 	63.70 	70.36 	72.28 	72.90 	70.07 
A,I_IUBK,PC_IND,ES63	: 	: 	: 	: 	: 	39.69 	18.70 	40.83 	41.15 	43.57 	36.74 	45.62 	49.18 	74.92 u	52.21 u	62.73 	61.79 	58.81 	55.77 u	70.50 
A,I_IUBK,PC_IND,ES64	: 	: 	: 	: 	: 	11.12 	11.47 	19.11 	31.74 	38.61 	34.00 	34.94 	38.81 	40.49 	70.94 	70.10 	80.08 	72.19 	67.32 	75.40 
A,I_IUBK,PC_IND,ES7	: 	: 	: 	: 	: 	26.98 	32.17 	33.62 	38.79 	37.04 	42.04 	45.54 	48.89 	57.62 	59.71 	66.68 	68.68 	74.64 	72.72 	73.78 
A,I_IUBK,PC_IND,ES70	: 	: 	: 	: 	: 	26.98 	32.17 	33.62 	38.79 	37.04 	42.04 	45.54 	48.89 	57.62 	59.71 	66.68 	68.68 	74.64 	72.72 	73.78 
A,I_IUBK,PC_IND,FI	62.82 	66.45 	71.54 	71.87 	76.37 	79.20 	81.97 	84.40 	85.61 	85.68 	86.41 	87.41 	88.71 	90.72 	92.18 	93.26 	94.68 	94.48 	94.99 	95.51 
A,I_IUBK,PC_IND,FI1	: 	: 	: 	: 	: 	79.20 	81.97 	84.40 	85.61 	85.68 	86.41 	87.41 	88.71 	90.72 	92.18 	93.26 	94.68 	94.48 	94.99 	95.51 
A,I_IUBK,PC_IND,FI19	: 	: 	: 	: 	: 	76.87 	80.16 	79.96 	83.70 	84.46 	84.11 	85.92 	87.60 	89.44 	91.57 	93.32 	94.56 	94.13 	94.66 	96.67 
A,I_IUBK,PC_IND,FI1B	: 	: 	: 	: 	: 	: 	87.07 	88.78 	90.62 	91.02 	90.89 	92.12 	92.66 	93.97 	94.91 	96.49 	95.88 	96.07 	95.98 	96.31 
A,I_IUBK,PC_IND,FI1C	: 	: 	: 	: 	: 	: 	77.90 	85.36 	84.87 	84.71 	86.34 	86.14 	85.30 	90.44 	91.13 	90.71 	94.36 	93.19 	93.25 	93.98 
A,I_IUBK,PC_IND,FI1D	: 	: 	: 	: 	: 	77.83 	81.38 	82.86 	82.05 	81.09 	83.09 	83.98 	87.83 	87.90 	90.07 	91.18 	93.43 	93.83 	95.59 	94.43 
A,I_IUBK,PC_IND,FR	18.06 	34.27 	40.08 	43.31 	50.48 	50.90 	54.04 	57.56 	57.60 	58.28 	59.36 	62.01 	63.48 	65.55 	: 	71.60 	67.86 	72.41 	71.88 	78.33 
A,I_IUBK,PC_IND,FR1	: 	: 	: 	: 	: 	57.73 	58.85 	64.27 	60.41 	61.53 	62.06 	67.81 	64.92 	67.21 	: 	73.90 	71.98 	73.27 	73.89 	78.70 u
A,I_IUBK,PC_IND,FR10	: 	: 	: 	: 	: 	: 	: 	: 	60.41 	61.53 	62.06 	67.81 	64.92 	67.21 	: 	73.90 	71.98 	73.27 	73.89 	78.70 u
A,I_IUBK,PC_IND,FRB	: 	: 	: 	: 	: 	: 	: 	: 	58.68 	60.97 	56.52 	61.21 	64.13 	62.33 	: 	75.19 	64.36 	68.17 	72.70 	79.25 u
A,I_IUBK,PC_IND,FRB0	: 	: 	: 	: 	: 	: 	: 	: 	58.68 	60.97 	56.52 	61.21 	64.13 	62.33 	: 	75.19 	64.36 	68.17 	72.70 	79.25 u
A,I_IUBK,PC_IND,FRC	: 	: 	: 	: 	: 	: 	: 	: 	62.12 	53.21 	56.75 	59.42 	61.26 	64.13 	: 	68.44 	60.33 	70.02 	71.57 	77.93 u
A,I_IUBK,PC_IND,FRC1	: 	: 	: 	: 	: 	: 	: 	: 	60.57 	50.73 	56.60 	60.87 	61.80 	64.79 	: 	67.64 	56.73 	67.27 	74.80 	77.69 u
A,I_IUBK,PC_IND,FRC2	: 	: 	: 	: 	: 	: 	: 	: 	64.39 	56.59 	56.97 	57.53 	60.47 	63.16 	: 	69.36 	65.13 	73.32 	66.97 	78.26 u
A,I_IUBK,PC_IND,FRD	: 	: 	: 	: 	: 	: 	: 	: 	53.18 	55.23 	58.24 	63.43 	64.01 	58.30 	: 	66.41 	66.33 	66.69 	70.05 	78.08 u
A,I_IUBK,PC_IND,FRD1	: 	: 	: 	: 	: 	: 	: 	: 	46.23 	54.22 	55.02 	58.77 	68.49 	56.57 	: 	66.13 	63.64 	66.28 	72.32 	71.06 u
A,I_IUBK,PC_IND,FRD2	: 	: 	: 	: 	: 	: 	: 	: 	58.23 	55.91 	60.83 	67.15 	60.84 	59.88 	: 	66.61 	68.53 	67.09 	68.27 	84.02 u
A,I_IUBK,PC_IND,FRE	: 	: 	: 	: 	: 	: 	: 	: 	56.77 	51.57 	55.16 	54.21 	65.76 	65.09 	: 	66.11 	61.38 	67.65 	68.97 	77.03 u
A,I_IUBK,PC_IND,FRE1	: 	: 	: 	: 	: 	: 	: 	: 	56.00 	51.11 	55.24 	54.07 	64.61 	64.62 	: 	67.19 	61.86 	68.57 	69.12 	77.81 u
A,I_IUBK,PC_IND,FRE2	: 	: 	: 	: 	: 	: 	: 	: 	58.33 	52.56 	55.00 	54.47 	68.19 	65.98 	: 	63.98 	60.41 	65.58 	68.64 	75.42 u
A,I_IUBK,PC_IND,FRF	: 	: 	: 	: 	: 	: 	: 	: 	54.72 	59.95 	57.93 	61.60 	57.88 	62.14 	: 	72.55 	65.34 	70.18 	72.10 	75.28 u
A,I_IUBK,PC_IND,FRF1	: 	: 	: 	: 	: 	: 	: 	: 	52.02 	54.41 	58.81 	64.56 	53.79 	59.54 	: 	74.07 	69.05 	73.78 	73.93 	73.48 u
A,I_IUBK,PC_IND,FRF2	: 	: 	: 	: 	: 	: 	: 	: 	61.35 	62.66 	60.05 	63.81 	57.25 	63.80 	: 	67.55 	63.76 	69.46 	67.47 	78.58 u
A,I_IUBK,PC_IND,FRF3	: 	: 	: 	: 	: 	: 	: 	: 	53.02 	62.44 	56.25 	58.53 	61.53 	63.44 	: 	73.79 	63.07 	67.64 	73.05 	75.20 u
A,I_IUBK,PC_IND,FRG	: 	: 	: 	: 	: 	: 	: 	: 	59.47 	61.19 	61.84 	61.04 	65.23 	72.53 	: 	73.11 	69.16 	72.95 	74.68 	80.98 u
A,I_IUBK,PC_IND,FRG0	: 	: 	: 	: 	: 	: 	: 	: 	59.47 	61.19 	61.84 	61.04 	65.23 	72.53 	: 	73.11 	69.16 	72.95 	74.68 	80.98 u
A,I_IUBK,PC_IND,FRH	: 	: 	: 	: 	: 	: 	: 	: 	58.18 	61.94 	60.49 	66.68 	66.97 	68.20 	: 	77.25 	70.08 	72.28 	73.27 	79.34 u
A,I_IUBK,PC_IND,FRH0	: 	: 	: 	: 	: 	: 	: 	: 	58.18 	61.94 	60.49 	66.68 	66.97 	68.20 	: 	77.25 	70.08 	72.28 	73.27 	79.34 u
A,I_IUBK,PC_IND,FRI	: 	: 	: 	: 	: 	: 	: 	: 	62.31 	59.60 	61.59 	64.28 	63.35 	70.65 	: 	72.44 	70.32 	75.82 	74.54 	79.97 u
A,I_IUBK,PC_IND,FRI1	: 	: 	: 	: 	: 	: 	: 	: 	64.60 	58.95 	61.68 	63.67 	65.82 	71.91 	: 	75.96 	69.65 	75.60 	75.03 	83.75 u
A,I_IUBK,PC_IND,FRI2	: 	: 	: 	: 	: 	: 	: 	: 	59.73 	59.56 	57.39 	65.24 	55.41 	65.22 	: 	71.74 	69.74 	79.55 	70.67 	67.44 u
A,I_IUBK,PC_IND,FRI3	: 	: 	: 	: 	: 	: 	: 	: 	58.57 	60.92 	63.37 	65.09 	62.61 	70.24 	: 	65.93 	71.79 	74.46 	74.96 	78.50 u
A,I_IUBK,PC_IND,FRJ	: 	: 	: 	: 	: 	: 	: 	: 	59.85 	59.48 	63.25 	62.23 	65.11 	64.68 	: 	71.52 	67.79 	77.70 	71.75 	79.18 u
A,I_IUBK,PC_IND,FRJ1	: 	: 	: 	: 	: 	: 	: 	: 	64.26 	59.99 	61.39 	61.54 	59.22 	59.57 	: 	70.30 	69.91 	81.11 	70.69 	75.12 u
A,I_IUBK,PC_IND,FRJ2	: 	: 	: 	: 	: 	: 	: 	: 	55.65 	59.00 	64.96 	62.90 	70.81 	69.53 	: 	72.71 	65.99 	74.68 	72.70 	82.99 u
A,I_IUBK,PC_IND,FRK	: 	: 	: 	: 	: 	52.21 	53.44 	58.21 	56.01 	59.86 	60.37 	62.09 	61.51 	68.28 	: 	71.61 	70.52 	73.85 	72.62 	79.24 u
A,I_IUBK,PC_IND,FRK1	: 	: 	: 	: 	: 	: 	: 	: 	54.46 	56.80 	57.52 	58.85 	52.48 	62.84 	: 	62.47 	68.97 	64.61 	69.12 	78.70 u
A,I_IUBK,PC_IND,FRK2	: 	: 	: 	: 	: 	: 	: 	: 	56.33 	60.51 	61.01 	62.79 	63.39 	69.33 	: 	73.38 	70.86 	75.86 	73.33 	79.35 u
A,I_IUBK,PC_IND,FRL	: 	: 	: 	: 	: 	: 	: 	: 	54.00 	56.38 	61.41 	61.34 	66.92 	65.65 	: 	73.49 	69.95 	77.08 	70.15 	78.74 u
A,I_IUBK,PC_IND,FRL0	: 	: 	: 	: 	: 	: 	: 	: 	54.00 	56.38 	61.41 	61.34 	66.92 	65.65 	: 	73.49 	69.95 	77.08 	70.15 	78.74 u
A,I_IUBK,PC_IND,FRM	: 	: 	: 	: 	: 	: 	: 	: 	35.65 u	34.81 u	35.09 u	62.59 u	60.63 u	63.41 u	: 	65.08 u	74.62 u	74.92 u	: u	58.28 u
A,I_IUBK,PC_IND,FRM0	: 	: 	: 	: 	: 	: 	: 	: 	35.65 u	34.81 u	35.09 u	62.59 u	60.63 u	63.41 u	: 	65.08 u	74.62 u	74.92 u	: u	58.28 u
A,I_IUBK,PC_IND,FRY	: 	: 	: 	: 	: 	: 	: 	: 	: 	44.20 	36.77 	40.77 	49.41 	41.22 	: 	60.69 	53.82 	59.94 	56.46 	70.75 u
A,I_IUBK,PC_IND,FRY1	: 	: 	: 	: 	: 	: 	: 	: 	: 	52.03 	38.43 	47.68 	41.65 	32.98 	: 	49.01 	55.24 	55.99 	53.32 	62.64 u
A,I_IUBK,PC_IND,FRY2	: 	: 	: 	: 	: 	: 	: 	: 	: 	34.80 	40.69 	40.83 	45.66 	57.26 	: 	59.93 	49.53 	70.30 	60.60 	62.81 u
A,I_IUBK,PC_IND,FRY3	: 	: 	: 	: 	: 	: 	: 	: 	: 	44.05 	41.29 	51.65 	66.25 	42.35 	: 	56.45 	51.29 	44.61 	49.80 	69.58 u
A,I_IUBK,PC_IND,FRY4	: 	: 	: 	: 	: 	: 	: 	: 	: 	44.83 	33.08 	34.88 	49.89 	37.42 	: 	67.47 	55.99 	62.57 	58.95 	77.33 u
A,I_IUBK,PC_IND,HR	: 	9.03 	13.38 	16.42 	20.25 	20.35 	20.68 	23.32 	19.14 	32.90 	38.33 	33.30 	40.74 	46.46 	50.15 	55.53 	57.96 	61.88 	61.52 	65.81 
A,I_IUBK,PC_IND,HR0	: 	: 	: 	: 	: 	20.35 	20.68 	23.32 	19.14 	32.90 	38.33 	33.30 	40.74 	46.46 	50.15 	55.53 	57.96 	61.88 	61.52 	65.81 
A,I_IUBK,PC_IND,HR03	: 	: 	: 	: 	: 	20.15 	20.73 	24.71 	15.57 	33.67 	37.51 	27.89 	41.67 	49.32 	48.74 	55.65 	57.04 	61.80 	62.91 	62.46 
A,I_IUBK,PC_IND,HR04	: 	: 	: 	: 	: 	20.44 	20.66 	22.66 	20.92 	32.55 	38.71 	35.58 	40.30 	45.05 	50.86 	: 	: 	: 	: 	: 
A,I_IUBK,PC_IND,HR05	: 	: 	: 	: 	: 	: 	: 	: 	: 	: 	: 	: 	: 	: 	: 	75.04 	66.79 	72.91 	77.11 	74.57 
A,I_IUBK,PC_IND,HR06	: 	: 	: 	: 	: 	: 	: 	: 	: 	: 	: 	: 	: 	: 	: 	54.81 	56.16 	60.15 	57.30 	67.01 
A,I_IUBK,PC_IND,HU	8.13 	11.42 	13.30 	15.61 	19.16 	21.02 	25.63 	26.90 	30.52 	33.80 	35.26 	37.70 	41.27 	46.70 	51.31 	55.98 	61.04 	65.52 	66.85 	69.17 
A,I_IUBK,PC_IND,HU1	: 	: 	: 	: 	: 	27.43 	33.90 	35.43 	38.05 	40.08 	45.47 	48.02 	52.04 	56.16 	60.91 	65.88 	73.08 	77.92 	80.36 	79.20 
A,I_IUBK,PC_IND,HU10	: 	: 	: 	: 	: 	27.43 	33.90 	35.43 	38.05 	40.08 	45.47 	48.02 	: 	: 	: 	: 	: 	: 	: 	: 
A,I_IUBK,PC_IND,HU11	: 	: 	: 	: 	: 	: 	: 	: 	: 	: 	: 	: 	58.92 	61.25 	68.12 	75.64 	80.05 	82.24 	84.13 	82.29 
A,I_IUBK,PC_IND,HU12	: 	: 	: 	: 	: 	: 	: 	: 	: 	: 	: 	: 	42.58 	49.25 	51.28 	53.58 	64.55 	72.44 	75.55 	75.24 
A,I_IUBK,PC_IND,HU2	: 	: 	: 	: 	: 	20.53 	26.51 	27.45 	32.52 	36.61 	35.69 	38.44 	41.65 	47.53 	49.40 	55.40 	59.12 	64.71 	63.49 	66.93 
A,I_IUBK,PC_IND,HU21	: 	: 	: 	: 	: 	20.40 	28.00 	26.20 	35.04 	41.77 	37.26 	43.66 	48.01 	55.76 	51.56 	57.71 	63.48 	69.27 	63.95 	69.96 
A,I_IUBK,PC_IND,HU22	: 	: 	: 	: 	: 	18.89 	24.76 	30.32 	30.89 	34.59 	31.16 	36.32 	41.67 	47.53 	50.90 	56.61 	58.52 	66.56 	67.69 	67.88 
A,I_IUBK,PC_IND,HU23	: 	: 	: 	: 	: 	22.46 	26.62 	25.82 	31.33 	32.72 	38.84 	34.59 	33.98 	37.52 	45.03 	51.04 	54.41 	56.86 	57.94 	62.09 
A,I_IUBK,PC_IND,HU3	: 	: 	: 	: 	: 	16.70 	18.82 	20.06 	23.29 	26.85 	27.05 	29.11 	32.52 	38.53 	45.10 	48.44 	52.75 	56.03 	58.34 	62.49 
A,I_IUBK,PC_IND,HU31	: 	: 	: 	: 	: 	17.90 	18.89 	18.30 	22.69 	26.00 	25.01 	27.08 	28.51 	34.34 	42.21 	47.56 	51.70 	55.07 	54.10 	62.62 
A,I_IUBK,PC_IND,HU32	: 	: 	: 	: 	: 	15.95 	17.42 	19.13 	21.60 	23.30 	25.82 	27.80 	32.45 	40.33 	44.18 	45.69 	51.89 	53.28 	56.40 	60.74 
A,I_IUBK,PC_IND,HU33	: 	: 	: 	: 	: 	16.47 	20.35 	22.71 	25.78 	31.71 	30.32 	32.47 	36.23 	40.20 	48.75 	52.48 	54.68 	60.12 	64.43 	64.42 
A,I_IUBK,PC_IND,IE	20.56 	24.59 	28.02 	30.13 	33.55 	32.58 	42.73 	45.58 	48.11 	51.47 	52.34 	57.64 	57.67 	67.39 	68.99 	76.87 b	82.87 	83.77 	86.71 	95.17 
A,I_IUBK,PC_IND,IE0	: 	: 	: 	: 	: 	32.58 	42.73 	45.58 	48.11 	51.47 	52.34 	57.64 	57.67 	67.39 	68.99 	76.87 b	82.87 	83.77 	86.71 	95.17 
A,I_IUBK,PC_IND,IE01	: 	: 	: 	: 	: 	30.97 	34.94 	38.18 	41.27 	45.53 	47.14 	50.60 	: 	: 	: 	: 	: 	: 	: 	: 
A,I_IUBK,PC_IND,IE02	: 	: 	: 	: 	: 	33.16 	45.57 	48.24 	50.53 	53.53 	54.09 	60.02 	: 	: 	: 	: 	: 	: 	: 	: 
A,I_IUBK,PC_IND,IE04	: 	: 	: 	: 	: 	: 	: 	: 	: 	: 	: 	: 	54.34 	60.49 	48.35 	84.49 b	78.13 	89.16 	90.51 	94.70 
A,I_IUBK,PC_IND,IE05	: 	: 	: 	: 	: 	: 	: 	: 	: 	: 	: 	: 	59.21 	66.61 	71.18 	72.48 b	78.02 	75.51 	87.45 	94.33 
A,I_IUBK,PC_IND,IE06	: 	: 	: 	: 	: 	: 	: 	: 	: 	: 	: 	: 	58.17 	70.33 	77.99 	76.95 b	86.81 	87.60 	84.31 	96.01 
A,I_IUBK,PC_IND,IS	66.76 	72.24 	67.61 	72.36 	77.10 	80.43 	86.25 	86.74 	91.40 	: 	: 	93.02 	94.29 	94.26 	95.93 	94.87 	: 	: 	: 	: 
A,I_IUBK,PC_IND,IS0	: 	: 	: 	: 	: 	80.43 	86.25 	86.74 	91.40 	: 	: 	93.02 	94.29 	94.26 	95.93 	94.87 	: 	: 	: 	: 
A,I_IUBK,PC_IND,IS00	: 	: 	: 	: 	: 	: 	: 	: 	: 	: 	: 	93.02 	94.29 	94.26 	95.93 	94.87 	: 	: 	: 	: 
A,I_IUBK,PC_IND,IT	8.95 	11.88 	13.23 	15.93 	17.58 	19.73 	20.66 	21.72 	26.07 	28.06 	28.96 	30.83 	33.83 	36.31 	39.45 	45.15 	48.35 	51.55 	55.01 	56.37 
A,I_IUBK,PC_IND,ITC	: 	: 	: 	: 	: 	27.06 	27.97 	27.17 	33.04 	37.60 	37.42 	38.43 	42.89 	44.72 	46.54 	53.52 	57.85 	61.07 	64.08 	65.12 
A,I_IUBK,PC_IND,ITC1	: 	: 	: 	: 	: 	26.77 	26.34 	24.31 	34.00 	36.06 	35.89 	38.31 	39.88 	41.19 	44.12 	51.57 	55.63 	59.79 	61.01 	62.05 
A,I_IUBK,PC_IND,ITC2	: 	: 	: 	: 	: 	28.72 	32.50 	31.35 	33.30 	42.74 	39.94 	40.92 	44.94 	44.30 	54.53 	53.70 	59.20 	63.44 	65.13 	65.16 
A,I_IUBK,PC_IND,ITC3	: 	: 	: 	: 	: 	19.10 	24.91 	23.85 	31.45 	34.14 	34.94 	35.90 	37.44 	40.06 	45.78 	50.87 	51.27 	55.15 	60.92 	63.58 
A,I_IUBK,PC_IND,ITC4	: 	: 	: 	: 	: 	28.42 	29.11 	28.90 	32.86 	38.73 	38.42 	38.83 	44.99 	46.95 	47.57 	54.74 	59.74 	62.44 	65.82 	66.67 
A,I_IUBK,PC_IND,ITF	: 	: 	: 	: 	: 	9.36 	10.41 	11.17 	14.67 	16.04 	15.96 	18.28 	19.38 	23.59 	26.81 	30.60 	31.97 	36.54 	39.15 	40.83 
A,I_IUBK,PC_IND,ITF1	: 	: 	: 	: 	: 	14.56 	13.43 	14.72 	17.49 	22.06 	24.06 	22.78 	25.84 	31.87 	31.36 	41.06 	40.82 	47.64 	51.40 	50.51 
A,I_IUBK,PC_IND,ITF2	: 	: 	: 	: 	: 	11.76 	12.33 	12.16 	17.56 	18.20 	20.57 	22.56 	21.20 	27.82 	29.35 	31.22 	36.52 	40.74 	43.93 	44.31 
A,I_IUBK,PC_IND,ITF3	: 	: 	: 	: 	: 	8.89 	9.98 	8.90 	14.19 	14.29 	13.80 	17.24 	16.38 	21.82 	25.94 	27.38 	30.75 	33.90 	34.70 	37.00 
A,I_IUBK,PC_IND,ITF4	: 	: 	: 	: 	: 	8.66 	10.21 	13.01 	14.94 	17.04 	16.51 	18.40 	21.43 	24.62 	28.70 	33.83 	32.87 	38.75 	44.58 	45.52 
A,I_IUBK,PC_IND,ITF5	: 	: 	: 	: 	: 	10.02 	10.05 	13.56 	14.09 	19.24 	18.27 	21.92 	24.63 	20.34 	27.79 	30.16 	31.97 	36.42 	38.31 	40.62 
A,I_IUBK,PC_IND,ITF6	: 	: 	: 	: 	: 	8.11 	9.80 	10.70 	13.31 	13.93 	14.45 	16.42 	17.98 	21.49 	21.77 	26.73 	26.80 	31.67 	32.58 	35.41 
A,I_IUBK,PC_IND,ITG	: 	: 	: 	: 	: 	14.06 	13.92 	14.86 	18.46 	19.51 	20.92 	22.59 	25.07 	28.51 	28.56 	32.62 	36.30 	39.37 	40.51 	47.30 
A,I_IUBK,PC_IND,ITG1	: 	: 	: 	: 	: 	12.87 	12.48 	12.92 	16.17 	16.27 	18.06 	20.05 	22.05 	25.85 	25.99 	29.20 	32.97 	35.44 	36.16 	44.28 
A,I_IUBK,PC_IND,ITG2	: 	: 	: 	: 	: 	17.47 	18.04 	20.61 	25.09 	29.17 	29.38 	30.10 	34.14 	36.49 	36.24 	42.77 	46.26 	51.06 	53.77 	56.53 
A,I_IUBK,PC_IND,ITH	: 	: 	: 	: 	: 	24.56 	26.56 	28.43 	31.63 	34.29 	36.41 	38.16 	41.95 	43.18 	47.97 	53.48 	57.25 	60.26 	64.34 	64.03 
A,I_IUBK,PC_IND,ITH1	: 	: 	: 	: 	: 	28.15 	29.03 	31.77 	35.92 	33.96 	34.24 	34.30 	44.30 	45.49 	48.12 	55.00 	58.33 	64.54 	63.36 	63.15 
A,I_IUBK,PC_IND,ITH2	: 	: 	: 	: 	: 	27.24 	25.92 	29.15 	35.60 	35.35 	36.32 	39.56 	41.63 	46.46 	52.49 	56.56 	60.88 	61.97 	66.96 	70.93 
A,I_IUBK,PC_IND,ITH3	: 	: 	: 	: 	: 	23.95 	27.63 	28.69 	29.95 	33.73 	37.45 	38.08 	42.53 	42.18 	47.07 	53.95 	58.58 	60.57 	64.96 	60.98 
A,I_IUBK,PC_IND,ITH4	: 	: 	: 	: 	: 	24.93 	25.64 	29.00 	33.52 	35.77 	36.95 	37.44 	40.17 	44.55 	47.62 	51.60 	57.25 	56.55 	63.22 	64.57 
A,I_IUBK,PC_IND,ITH5	: 	: 	: 	: 	: 	: 	25.40 	27.51 	32.03 	34.42 	35.37 	38.72 	41.57 	43.27 	48.50 	52.90 	55.20 	60.20 	63.76 	66.46 
A,I_IUBK,PC_IND,ITI	: 	: 	: 	: 	: 	20.62 	20.96 	24.05 	28.93 	28.38 	30.46 	33.29 	35.98 	38.00 	42.72 	49.97 	52.45 	54.39 	59.98 	59.86 
A,I_IUBK,PC_IND,ITI1	: 	: 	: 	: 	: 	21.34 	20.22 	26.38 	31.22 	31.21 	31.89 	34.26 	39.23 	39.51 	44.62 	52.83 	53.04 	55.03 	60.49 	60.82 
A,I_IUBK,PC_IND,ITI2	: 	: 	: 	: 	: 	18.32 	19.94 	21.27 	25.25 	29.35 	29.73 	31.23 	34.52 	36.00 	38.78 	45.47 	48.76 	54.34 	60.07 	56.29 
A,I_IUBK,PC_IND,ITI3	: 	: 	: 	: 	: 	: 	19.76 	21.99 	24.23 	28.60 	28.28 	34.00 	33.67 	37.27 	37.25 	45.82 	53.86 	51.11 	57.34 	62.72 
A,I_IUBK,PC_IND,ITI4	: 	: 	: 	: 	: 	21.07 	21.92 	23.54 	29.26 	26.41 	30.26 	32.82 	34.74 	37.53 	43.51 	49.90 	52.24 	54.83 	60.33 	59.03 
A,I_IUBK,PC_IND,LT	14.73 	20.96 	27.17 	32.39 	36.84 	40.15 	42.70 	46.42 	53.57 	50.16 	54.20 	56.19 	60.62 	64.73 	67.60 	72.39 	74.82 	75.73 	79.63 	79.28 
A,I_IUBK,PC_IND,LT0	: 	: 	: 	: 	: 	40.15 	42.70 	46.42 	53.57 	50.16 	54.20 	56.19 	60.62 	64.73 	67.60 	72.39 	74.82 	75.73 	79.63 	79.28 
A,I_IUBK,PC_IND,LT00	: 	: 	: 	: 	: 	40.15 	42.70 	46.42 	53.57 	50.16 	54.20 	56.19 	: 	: 	: 	: 	: 	: 	: 	: 
A,I_IUBK,PC_IND,LT01	: 	: 	: 	: 	: 	: 	: 	: 	: 	: 	: 	: 	64.59 	69.90 	77.30 	78.87 	81.61 	84.64 	86.28 	87.46 
A,I_IUBK,PC_IND,LT02	: 	: 	: 	: 	: 	: 	: 	: 	: 	: 	: 	: 	59.01 	62.59 	63.53 	69.62 	72.04 	71.99 	76.79 	75.72 
A,I_IUBK,PC_IND,LU	40.83 	45.61 	48.43 	53.75 	56.36 	58.58 	63.46 	62.93 	66.51 	65.10 	70.91 	76.42 	67.67 b	70.60 	70.63 	71.76 	69.96 	71.14 	76.06 	74.41 
A,I_IUBK,PC_IND,LU0	: 	: 	: 	: 	: 	58.58 	63.46 	62.93 	66.51 	65.10 	70.91 	76.42 	67.67 b	70.60 	70.63 	71.76 	69.96 	71.14 	76.06 	74.41 
A,I_IUBK,PC_IND,LU00	: 	: 	: 	: 	: 	58.58 	63.46 	62.93 	66.51 	65.10 	70.91 	76.42 	67.67 b	70.60 	70.63 	71.76 	69.96 	71.14 	76.06 	74.41 
A,I_IUBK,PC_IND,LV	22.13 	27.84 	38.63 	42.19 	47.46 	53.15 	47.14 	54.89 	56.76 	64.32 	62.08 b	61.19 	66.33 	71.58 	76.40 	80.23 	82.45 	83.74 	84.95 	86.04 
A,I_IUBK,PC_IND,LV0	: 	: 	: 	: 	: 	53.15 	47.14 	54.89 	56.76 	64.32 	62.08 b	61.19 	66.33 	71.58 	76.40 	80.23 	82.45 	83.74 	84.95 	86.04 
A,I_IUBK,PC_IND,LV00	: 	: 	: 	: 	: 	53.15 	47.14 	54.89 	56.76 	64.32 	62.08 b	61.19 	66.33 	71.58 	76.40 	80.23 	82.45 	83.74 	84.95 	86.04 
A,I_IUBK,PC_IND,ME	: 	: 	: 	: 	: 	: 	2.13 	: 	: 	: 	: 	3.84 	1.89 	3.16 	7.40 	8.09 	11.35 	13.46 	16.14 	18.01 
A,I_IUBK,PC_IND,ME0	: 	: 	: 	: 	: 	: 	: 	: 	: 	: 	: 	: 	: 	: 	: 	: 	: 	13.46 	16.14 	18.01 
A,I_IUBK,PC_IND,MK	0.38 	: 	3.01 	3.64 	3.86 	: 	7.79 	5.93 	8.52 	4.92 	8.66 	8.15 	9.46 	14.88 	15.28 	26.95 	: 	: 	36.70 	34.49 
A,I_IUBK,PC_IND,MK0	: 	: 	: 	: 	: 	: 	7.79 	5.93 	8.52 	4.92 	8.66 	8.15 	9.46 	14.88 	15.28 	26.95 	: 	: 	36.70 	34.49 
A,I_IUBK,PC_IND,MK00	: 	: 	: 	: 	: 	: 	7.79 	5.93 	8.52 	4.92 	8.66 	8.15 	9.46 	14.88 	15.28 	: 	: 	: 	: 	: 
A,I_IUBK,PC_IND,MT	16.01 	21.85 	25.20 	32.25 	37.68 	42.05 	41.10 	43.24 	44.98 	47.49 	47.03 	50.01 	50.91 	53.88 	60.32 	62.82 	66.32 	68.05 	74.37 	77.56 
A,I_IUBK,PC_IND,MT0	: 	: 	: 	: 	: 	42.05 	41.10 	43.24 	44.98 	47.49 	47.03 	50.01 	50.91 	53.88 	60.32 	62.82 	66.32 	68.05 	74.37 	77.56 
A,I_IUBK,PC_IND,MT00	: 	: 	: 	: 	: 	42.05 	41.10 	43.24 	44.98 	47.49 	47.03 	50.01 	50.91 	53.88 	60.32 	62.82 	66.32 	68.05 	74.37 	77.56 
A,I_IUBK,PC_IND,NL	58.73 	65.06 	68.60 	73.24 	77.31 	79.03 	80.31 	82.01 	83.43 	84.53 	84.69 	88.91 	88.94 	90.63 	89.41 	90.76 	90.72 	95.13 	96.35 	95.55 
A,I_IUBK,PC_IND,NL1	: 	: 	: 	: 	: 	80.39 	79.24 	79.34 	81.52 	81.08 	85.68 	89.45 	90.89 	87.15 	87.90 	90.56 	91.40 	94.20 	95.24 	94.88 
A,I_IUBK,PC_IND,NL11	: 	: 	: 	: 	: 	80.40 	75.46 	82.84 	85.42 	83.67 	86.40 	89.62 	93.97 	84.82 	86.84 	89.14 	93.00 	95.45 	98.02 	95.75 
A,I_IUBK,PC_IND,NL12	: 	: 	: 	: 	: 	77.08 	82.04 	74.44 	80.10 	81.28 	83.58 	88.01 	92.23 	86.32 	89.03 	88.50 	89.38 	92.32 	93.62 	93.93 
A,I_IUBK,PC_IND,NL13	: 	: 	: 	: 	: 	84.62 	80.10 	81.54 	78.55 	77.58 	87.56 	91.13 	85.29 	91.09 	87.73 	95.04 	92.08 	95.13 	93.91 	95.03 
A,I_IUBK,PC_IND,NL2	: 	: 	: 	: 	: 	79.64 	79.45 	80.92 	84.19 	85.99 	86.79 	87.31 	88.44 	90.29 	91.16 	90.47 	90.47 	95.49 	95.92 	94.49 
A,I_IUBK,PC_IND,NL21	: 	: 	: 	: 	: 	80.62 	82.06 	82.10 	85.96 	85.98 	82.46 	88.15 	88.58 	90.49 	91.68 	90.31 	91.01 	95.06 	95.47 	93.78 
A,I_IUBK,PC_IND,NL22	: 	: 	: 	: 	: 	77.53 	77.87 	79.15 	82.78 	86.78 	87.44 	86.47 	88.05 	90.26 	91.15 	90.28 	89.62 	95.49 	95.78 	95.61 
A,I_IUBK,PC_IND,NL23	: 	: 	: 	: 	: 	87.88 	80.02 	86.58 	86.39 	82.11 	95.53 	89.15 	89.95 	89.85 	89.77 	91.84 	93.13 	96.68 	97.71 	91.08 
A,I_IUBK,PC_IND,NL3	: 	: 	: 	: 	: 	79.51 	81.34 	83.86 	85.08 	85.25 	84.73 	89.38 	88.99 	91.94 	89.41 	91.86 	90.59 	95.48 	97.29 	96.51 
A,I_IUBK,PC_IND,NL31	: 	: 	: 	: 	: 	82.05 	84.51 	89.43 	88.76 	84.30 	90.75 	89.03 	91.21 	94.63 	91.99 	93.19 	91.75 	96.52 	: 	: 
A,I_IUBK,PC_IND,NL32	: 	: 	: 	: 	: 	81.77 	83.94 	84.35 	82.77 	85.23 	83.78 	91.38 	90.10 	92.52 	89.96 	92.14 	92.48 	96.13 	97.24 	96.97 
A,I_IUBK,PC_IND,NL33	: 	: 	: 	: 	: 	77.63 	78.01 	81.89 	85.13 	85.79 	83.74 	88.16 	87.06 	90.98 	88.15 	90.82 	88.63 	94.79 	: 	: 
A,I_IUBK,PC_IND,NL34	: 	: 	: 	: 	: 	73.18 	83.53 	80.56 	89.49 	83.41 	81.05 	87.35 	91.76 	87.59 	88.48 	95.23 	91.09 	93.31 	93.18 	98.14 
A,I_IUBK,PC_IND,NL35	: 	: 	: 	: 	: 	: 	: 	: 	: 	: 	: 	: 	: 	: 	: 	: 	: 	: 	98.33 	95.20 
A,I_IUBK,PC_IND,NL36	: 	: 	: 	: 	: 	: 	: 	: 	: 	: 	: 	: 	: 	: 	: 	: 	: 	: 	97.37 	96.46 
A,I_IUBK,PC_IND,NL4	: 	: 	: 	: 	: 	76.75 	79.40 	80.27 	79.93 	83.14 	82.11 	89.17 	88.42 	89.64 	88.40 	88.63 	90.94 	94.43 	95.15 	94.71 
A,I_IUBK,PC_IND,NL41	: 	: 	: 	: 	: 	76.21 	79.23 	80.01 	78.97 	82.82 	81.39 	89.09 	88.15 	89.31 	87.78 	88.73 	91.11 	94.58 	95.75 	95.68 
A,I_IUBK,PC_IND,NL42	: 	: 	: 	: 	: 	77.88 	79.75 	80.83 	82.01 	83.87 	83.69 	89.37 	89.03 	90.40 	89.83 	88.40 	90.57 	94.07 	93.75 	92.42 
A,I_IUBK,PC_IND,NO	66.51 	70.81 	74.99 	77.24 	83.48 	85.12 	86.44 	86.81 	89.23 	90.37 	91.23 	92.34 	93.12 	95.23 	93.68 	96.13 	95.84 	96.85 	96.80 	95.69 
A,I_IUBK,PC_IND,NO0	: 	: 	: 	: 	: 	85.12 	86.44 	86.81 	89.23 	90.37 	91.23 	92.34 	93.12 	95.23 	93.68 	96.13 	95.84 	96.85 	96.80 	95.69 
A,I_IUBK,PC_IND,NO01	: 	: 	: 	: 	: 	88.27 	88.40 	90.24 	92.85 	92.49 	92.59 	96.18 	94.31 	95.66 	94.71 	: 	: 	: 	: 	: 
A,I_IUBK,PC_IND,NO02	: 	: 	: 	: 	: 	78.81 	78.88 	84.15 	83.54 	93.13 	92.17 	89.00 	93.37 	95.24 	83.27 	95.71 	94.97 	97.18 	99.42 	94.73 
A,I_IUBK,PC_IND,NO03	: 	: 	: 	: 	: 	81.20 	85.65 	82.13 	88.38 	89.49 	91.05 	90.27 	92.17 	95.48 	95.66 	: 	: 	: 	: 	: 
A,I_IUBK,PC_IND,NO04	: 	: 	: 	: 	: 	84.01 	88.57 	84.05 	86.53 	85.87 	88.97 	92.83 	93.11 	94.58 	91.37 	: 	: 	: 	: 	: 
A,I_IUBK,PC_IND,NO05	: 	: 	: 	: 	: 	85.91 	85.79 	89.37 	88.78 	94.13 	92.66 	91.05 	94.05 	94.75 	95.54 	: 	: 	: 	: 	: 
A,I_IUBK,PC_IND,NO06	: 	: 	: 	: 	: 	91.90 	86.10 	93.68 	88.20 	87.90 	91.45 	90.44 	90.97 	93.88 	93.04 	95.76 	95.76 	96.15 	95.91 	96.24 
A,I_IUBK,PC_IND,NO07	: 	: 	: 	: 	: 	81.31 	88.00 	83.35 	91.33 	85.39 	88.39 	91.62 	91.59 	96.71 	94.54 	95.49 	94.78 	98.63 	97.74 	95.99 
A,I_IUBK,PC_IND,NO08	: 	: 	: 	: 	: 	: 	: 	: 	: 	: 	: 	: 	: 	: 	: 	97.21 	96.58 	97.20 	96.49 	97.34 
A,I_IUBK,PC_IND,NO09	: 	: 	: 	: 	: 	: 	: 	: 	: 	: 	: 	: 	: 	: 	: 	95.41 	96.79 	96.83 	96.56 	96.37 
A,I_IUBK,PC_IND,NO0A	: 	: 	: 	: 	: 	: 	: 	: 	: 	: 	: 	: 	: 	: 	: 	95.29 	94.96 	95.88 	96.68 	93.33 
A,I_IUBK,PC_IND,PL	9.12 	12.79 	17.13 	21.24 	25.31 	27.46 	31.96 	32.01 	32.59 	31.20 	39.11 	39.77 	44.01 	47.27 	49.49 	52.24 	55.55 	59.09 	56.75 	58.17 
A,I_IUBK,PC_IND,PL1	: 	: 	: 	: 	: 	32.69 	37.98 	36.31 	36.81 	34.21 	39.99 	42.66 	: 	: 	: 	: 	: 	: 	: 	: 
A,I_IUBK,PC_IND,PL2	: 	: 	: 	: 	: 	28.19 	34.93 	35.35 	35.04 	35.21 	45.48 	40.73 	47.25 	49.84 	49.14 	51.06 	53.68 	63.39 	58.25 	56.67 
A,I_IUBK,PC_IND,PL21	: 	: 	: 	: 	: 	: 	: 	: 	: 	: 	: 	: 	: 	: 	: 	: 	: 	60.64 	49.17 	49.18 
A,I_IUBK,PC_IND,PL22	: 	: 	: 	: 	: 	: 	: 	: 	: 	: 	: 	: 	: 	: 	: 	: 	: 	65.60 	64.65 	63.07 
A,I_IUBK,PC_IND,PL3	: 	: 	: 	: 	: 	17.12 	21.78 	23.62 	24.86 	25.19 	30.21 	32.37 	: 	: 	: 	: 	: 	: 	: 	: 
A,I_IUBK,PC_IND,PL4	: 	: 	: 	: 	: 	29.10 	30.92 	29.30 	29.51 	29.30 	38.32 	39.94 	42.77 	44.72 	47.06 	52.18 	54.13 	57.64 	57.44 	54.45 
A,I_IUBK,PC_IND,PL41	: 	: 	: 	: 	: 	: 	: 	: 	: 	: 	: 	: 	: 	: 	: 	: 	: 	58.83 	62.03 	54.83 
A,I_IUBK,PC_IND,PL42	: 	: 	: 	: 	: 	: 	: 	: 	: 	: 	: 	: 	: 	: 	: 	: 	: 	46.70 	58.39 	57.39 
A,I_IUBK,PC_IND,PL43	: 	: 	: 	: 	: 	: 	: 	: 	: 	: 	: 	: 	: 	: 	: 	: 	: 	66.98 	45.23 	50.62 
A,I_IUBK,PC_IND,PL5	: 	: 	: 	: 	: 	32.60 	34.70 	33.16 	36.97 	35.28 	38.65 	40.83 	43.96 	51.53 	51.56 	60.26 	62.96 	63.41 	58.91 	64.66 
A,I_IUBK,PC_IND,PL51	: 	: 	: 	: 	: 	: 	: 	: 	: 	: 	: 	: 	: 	: 	: 	: 	: 	64.08 	61.34 	67.09 
A,I_IUBK,PC_IND,PL52	: 	: 	: 	: 	: 	: 	: 	: 	: 	: 	: 	: 	: 	: 	: 	: 	: 	60.68 	48.59 	56.73 
A,I_IUBK,PC_IND,PL6	: 	: 	: 	: 	: 	26.30 	29.89 	33.18 	33.39 	27.58 	41.39 	42.72 	47.90 	49.32 	50.32 	52.53 	55.43 	58.19 	56.12 	53.73 
A,I_IUBK,PC_IND,PL61	: 	: 	: 	: 	: 	: 	: 	: 	: 	: 	: 	: 	: 	: 	: 	: 	: 	60.41 	57.27 	55.82 
A,I_IUBK,PC_IND,PL62	: 	: 	: 	: 	: 	: 	: 	: 	: 	: 	: 	: 	: 	: 	: 	: 	: 	49.95 	44.15 	44.79 
A,I_IUBK,PC_IND,PL63	: 	: 	: 	: 	: 	: 	: 	: 	: 	: 	: 	: 	: 	: 	: 	: 	: 	62.22 	62.34 	56.56 
A,I_IUBK,PC_IND,PL7	: 	: 	: 	: 	: 	: 	: 	: 	: 	: 	: 	: 	39.39 	42.79 	47.23 	50.25 	49.96 	51.52 	53.71 	55.10 
A,I_IUBK,PC_IND,PL71	: 	: 	: 	: 	: 	: 	: 	: 	: 	: 	: 	: 	: 	: 	: 	: 	: 	55.76 	57.88 	55.31 
A,I_IUBK,PC_IND,PL72	: 	: 	: 	: 	: 	: 	: 	: 	: 	: 	: 	: 	: 	: 	: 	: 	: 	45.62 	46.50 	54.78 
A,I_IUBK,PC_IND,PL8	: 	: 	: 	: 	: 	: 	: 	: 	: 	: 	: 	: 	36.66 	39.43 	43.39 	43.57 	52.71 	53.65 	53.44 	56.06 
A,I_IUBK,PC_IND,PL81	: 	: 	: 	: 	: 	: 	: 	: 	: 	: 	: 	: 	: 	: 	: 	: 	: 	54.02 	52.87 	51.62 
A,I_IUBK,PC_IND,PL82	: 	: 	: 	: 	: 	: 	: 	: 	: 	: 	: 	: 	: 	: 	: 	: 	: 	55.03 	56.45 	63.50 
A,I_IUBK,PC_IND,PL84	: 	: 	: 	: 	: 	: 	: 	: 	: 	: 	: 	: 	: 	: 	: 	: 	: 	50.09 	48.78 	49.90 
A,I_IUBK,PC_IND,PL9	: 	: 	: 	: 	: 	: 	: 	: 	: 	: 	: 	: 	48.22 	52.79 	57.11 	59.76 	61.95 	64.97 	59.20 	67.97 
A,I_IUBK,PC_IND,PL91	: 	: 	: 	: 	: 	: 	: 	: 	: 	: 	: 	: 	: 	: 	: 	: 	: 	78.91 	74.69 	77.68 
A,I_IUBK,PC_IND,PL92	: 	: 	: 	: 	: 	: 	: 	: 	: 	: 	: 	: 	: 	: 	: 	: 	: 	50.56 	46.83 	61.80 
A,I_IUBK,PC_IND,PT	9.79 	11.67 	13.59 	17.00 	19.48 	22.34 	24.62 	22.62 	25.27 	28.22 	28.87 	31.29 	38.55 	41.95 	47.06 	52.83 	57.45 	58.88 	63.49 	65.24 
A,I_IUBK,PC_IND,PT1	: 	: 	: 	: 	: 	22.63 	24.81 	22.79 	25.32 	28.38 	29.05 	31.40 	38.69 	42.08 	47.17 	53.02 	57.53 	58.91 	63.65 	65.38 
A,I_IUBK,PC_IND,PT11	: 	: 	: 	: 	: 	20.09 	21.70 	18.77 	20.37 	24.22 	22.92 	24.14 	32.64 	36.74 	42.45 	49.91 	54.39 	55.87 	59.12 	59.72 
A,I_IUBK,PC_IND,PT15	: 	: 	: 	: 	: 	17.93 	20.59 	20.22 	22.81 	25.45 	31.47 	30.89 	40.93 	39.23 	47.66 	53.09 	52.67 	59.62 	64.23 	62.71 
A,I_IUBK,PC_IND,PT16	: 	: 	: 	: 	: 	19.65 	22.81 	21.70 	22.33 	24.30 	26.15 	28.90 	36.70 	41.16 	46.21 	50.21 	55.58 	55.47 	: 	: 
A,I_IUBK,PC_IND,PT17	: 	: 	: 	: 	: 	30.94 	32.30 	30.85 	35.77 	38.86 	40.23 	44.25 	48.93 	52.79 	55.57 	61.43 	66.31 	67.19 	: 	: 
A,I_IUBK,PC_IND,PT18	: 	: 	: 	: 	: 	16.17 	20.88 	17.33 	21.46 	23.93 	24.77 	26.76 	34.65 	31.93 	41.18 	44.69 	48.18 	52.49 	: 	: 
A,I_IUBK,PC_IND,PT19	: 	: 	: 	: 	: 	: 	: 	: 	: 	: 	: 	: 	: 	: 	: 	: 	: 	: 	59.25 	65.85 
A,I_IUBK,PC_IND,PT1A	: 	: 	: 	: 	: 	: 	: 	: 	: 	: 	: 	: 	: 	: 	: 	: 	: 	: 	74.52 	75.49 
A,I_IUBK,PC_IND,PT1B	: 	: 	: 	: 	: 	: 	: 	: 	: 	: 	: 	: 	: 	: 	: 	: 	: 	: 	72.22 	71.52 
A,I_IUBK,PC_IND,PT1C	: 	: 	: 	: 	: 	: 	: 	: 	: 	: 	: 	: 	: 	: 	: 	: 	: 	: 	60.19 	57.72 
A,I_IUBK,PC_IND,PT1D	: 	: 	: 	: 	: 	: 	: 	: 	: 	: 	: 	: 	: 	: 	: 	: 	: 	: 	58.65 	63.84 
A,I_IUBK,PC_IND,PT2	: 	: 	: 	: 	: 	12.33 	18.93 	17.38 	23.89 	25.25 	23.89 	26.75 	33.51 	36.48 	43.37 	45.64 	53.37 	55.66 	58.00 	60.68 
A,I_IUBK,PC_IND,PT20	: 	: 	: 	: 	: 	12.33 	18.93 	17.38 	23.89 	25.25 	23.89 	26.75 	33.51 	36.48 	43.37 	45.64 	53.37 	55.66 	58.00 	60.68 
A,I_IUBK,PC_IND,PT3	: 	: 	: 	: 	: 	20.04 	22.65 	21.18 	24.63 	24.82 	26.89 	31.43 	38.22 	42.25 	46.66 	52.69 	58.15 	61.07 	62.57 	64.31 
A,I_IUBK,PC_IND,PT30	: 	: 	: 	: 	: 	20.04 	22.65 	21.18 	24.63 	24.82 	26.89 	31.43 	38.22 	42.25 	46.66 	52.69 	58.15 	61.07 	62.57 	64.31 
A,I_IUBK,PC_IND,RO	0.63 	1.69 	1.99 	2.35 	3.30 	3.51 	3.45 	4.30 	4.16 b	5.34 	5.06 	6.83 	6.87 	8.36 	11.65 	15.49 	19.19 	21.89 	27.72 	30.97 
A,I_IUBK,PC_IND,RO1	: 	: 	: 	: 	: 	4.33 	3.97 	4.96 	4.80 b	7.96 	7.85 	9.05 	8.79 	12.77 	14.05 	19.12 	20.80 	23.66 	29.34 	32.16 
A,I_IUBK,PC_IND,RO11	: 	: 	: 	: 	: 	4.76 	4.55 	4.98 	5.28 b	9.89 	10.33 	10.92 	8.97 	13.23 	13.79 	17.05 	19.92 	26.44 	27.91 	33.26 
A,I_IUBK,PC_IND,RO12	: 	: 	: 	: 	: 	3.86 	3.33 	4.94 	4.26 b	5.80 	5.08 	6.97 	8.60 	12.26 	14.34 	21.43 	21.78 	20.55 	30.94 	30.93 
A,I_IUBK,PC_IND,RO2	: 	: 	: 	: 	: 	2.57 	2.95 	3.89 	3.14 b	3.10 	4.19 	6.57 	5.60 	5.49 	7.67 	11.38 	15.75 	18.23 	23.71 	26.41 
A,I_IUBK,PC_IND,RO21	: 	: 	: 	: 	: 	2.78 	3.29 	4.34 	3.44 b	4.47 	5.80 	7.03 	7.02 	6.42 	8.38 	14.63 	17.90 	19.86 	25.95 	26.57 
A,I_IUBK,PC_IND,RO22	: 	: 	: 	: 	: 	2.29 	2.51 	3.31 	2.74 b	1.37 	2.13 	5.97 	3.77 	4.28 	6.74 	7.12 	12.94 	16.05 	20.76 	26.19 
A,I_IUBK,PC_IND,RO3	: 	: 	: 	: 	: 	4.43 	4.50 	5.41 	5.67 b	6.81 	4.94 	7.68 	8.60 	9.05 	15.99 	19.15 	24.30 	28.03 	33.84 	39.13 
A,I_IUBK,PC_IND,RO31	: 	: 	: 	: 	: 	1.06 	2.46 	1.73 	1.43 b	2.23 	2.10 	3.49 	3.42 	4.81 	9.49 	12.20 	14.59 	19.67 	26.07 	30.26 
A,I_IUBK,PC_IND,RO32	: 	: 	: 	: 	: 	9.17 	7.36 	10.55 	11.15 b	12.72 	8.58 	12.98 	14.62 	14.25 	23.39 	27.53 	34.77 	38.27 	42.97 	49.80 
A,I_IUBK,PC_IND,RO4	: 	: 	: 	: 	: 	2.71 	2.20 	2.61 	2.74 b	3.17 	2.91 	3.19 	3.71 	5.86 	8.27 	11.59 	14.55 	16.25 	22.75 	24.52 
A,I_IUBK,PC_IND,RO41	: 	: 	: 	: 	: 	2.70 	0.69 	2.20 	2.84 b	3.20 	2.29 	2.20 	3.68 	5.70 	10.51 	11.42 	14.27 	14.42 	17.60 	17.79 
A,I_IUBK,PC_IND,RO42	: 	: 	: 	: 	: 	2.72 	3.93 	3.08 	2.63 b	3.14 	3.57 	4.26 	3.75 	6.03 	6.16 	11.77 	14.85 	18.29 	28.20 	31.96 
A,I_IUBK,PC_IND,RS	: 	4.17 	: 	4.57 	: 	: 	: 	: 	: 	8.44 	: 	15.94 	14.93 	17.85 	17.08 	20.75 	24.84 	31.82 	36.11 	37.46 
A,I_IUBK,PC_IND,RS1	: 	: 	: 	: 	: 	: 	: 	: 	: 	: 	: 	: 	: 	24.22 	18.32 	27.34 	35.54 	38.63 	41.48 	39.77 
A,I_IUBK,PC_IND,RS11	: 	: 	: 	: 	: 	: 	: 	: 	: 	: 	: 	: 	: 	29.74 	22.01 	30.49 	44.82 	42.45 	48.81 	44.81 
A,I_IUBK,PC_IND,RS12	: 	: 	: 	: 	: 	: 	: 	: 	: 	: 	: 	: 	: 	20.28 	15.29 	25.22 	27.16 	35.52 	35.49 	35.05 
A,I_IUBK,PC_IND,RS2	: 	: 	: 	: 	: 	: 	: 	: 	: 	: 	: 	: 	: 	12.09 	16.04 	14.91 	17.11 	25.38 	30.47 	34.98 
A,I_IUBK,PC_IND,RS21	: 	: 	: 	: 	: 	: 	: 	: 	: 	: 	: 	: 	: 	12.48 	16.88 	15.23 	17.64 	31.30 	29.08 	31.27 
A,I_IUBK,PC_IND,RS22	: 	: 	: 	: 	: 	: 	: 	: 	: 	: 	: 	: 	: 	11.61 	14.87 	14.53 	16.36 	18.44 	32.35 	39.65 
A,I_IUBK,PC_IND,SE	56.92 	56.69 	64.53 	70.68 	75.01 	77.89 	79.20 	81.81 	81.66 	79.64 	83.19 b	86.47 	83.86 	84.47 	84.69 	83.50 	83.50 	84.49 	83.07 	81.98 
A,I_IUBK,PC_IND,SE1	: 	: 	: 	: 	: 	81.77 	81.16 	84.05 	81.78 	82.16 	84.87 b	86.44 	85.60 	85.38 	86.97 	83.50 	84.02 	85.38 	83.75 	80.92 
A,I_IUBK,PC_IND,SE11	: 	: 	: 	: 	: 	84.15 	82.81 	82.86 	82.76 	82.43 	87.11 b	87.04 	86.57 	85.49 	87.03 	84.53 	85.67 	85.40 	83.69 	82.22 
A,I_IUBK,PC_IND,SE12	: 	: 	: 	: 	: 	78.58 	78.91 	85.79 	80.48 	81.80 	82.20 b	85.79 	84.35 	85.19 	86.88 	82.00 	81.92 	85.35 	83.84 	79.20 
A,I_IUBK,PC_IND,SE2	: 	: 	: 	: 	: 	76.57 	77.91 	81.11 	83.55 	77.88 	83.89 b	86.56 	83.56 	83.06 	83.42 	84.10 	84.52 	83.80 	81.99 	82.67 
A,I_IUBK,PC_IND,SE21	: 	: 	: 	: 	: 	74.15 	74.29 	79.34 	77.92 	79.30 	83.47 b	88.18 	77.62 	83.30 	81.37 	81.39 	84.04 	80.54 	81.32 	80.24 
A,I_IUBK,PC_IND,SE22	: 	: 	: 	: 	: 	79.62 	76.11 	82.90 	81.68 	77.29 	85.01 b	85.86 	81.60 	81.06 	81.83 	84.36 	81.08 	81.66 	83.25 	83.14 
A,I_IUBK,PC_IND,SE23	: 	: 	: 	: 	: 	75.61 	80.70 	80.68 	87.03 	77.66 	83.19 b	86.26 	87.70 	84.36 	85.27 	84.98 	87.09 	87.06 	81.47 	83.48 
A,I_IUBK,PC_IND,SE3	: 	: 	: 	: 	: 	72.94 	77.84 	78.63 	76.65 	78.22 	77.28 b	86.31 	80.43 	85.73 	82.33 	82.10 	79.35 	84.28 	84.17 	82.85 
A,I_IUBK,PC_IND,SE31	: 	: 	: 	: 	: 	68.48 	77.20 	79.71 	75.42 	74.32 	80.07 b	82.61 	77.02 	81.27 	76.92 	82.52 	83.13 	85.15 	82.87 	81.00 
A,I_IUBK,PC_IND,SE32	: 	: 	: 	: 	: 	77.68 	76.71 	72.74 u	76.08 	77.87 	71.96 b	88.68 u	81.64 u	78.21 u	87.76 	79.21 	68.91 	80.43 	86.65 	86.08 
A,I_IUBK,PC_IND,SE33	: 	: 	: 	: 	: 	77.53 	79.65 	80.90 	80.11 	85.60 	77.42 b	90.22 	84.18 	94.99 	87.71 	83.42 	80.99 	85.87 	84.32 	83.28 
A,I_IUBK,PC_IND,SI	16.12 	19.13 	20.98 	24.47 	28.53 	30.97 	28.08 	32.31 	32.28 	33.66 	35.22 	39.05 	41.92 	47.13 	51.80 	57.13 	56.86 	60.69 	63.97 	65.61 
A,I_IUBK,PC_IND,SI0	: 	: 	: 	: 	: 	30.97 	28.08 	32.31 	32.28 	33.66 	35.22 	39.05 	41.92 	47.13 	51.80 	57.13 	56.86 	60.69 	63.97 	65.61 
A,I_IUBK,PC_IND,SI01	: 	: 	: 	: 	: 	: 	: 	: 	28.37 	: 	: 	: 	: 	: 	: 	: 	: 	: 	: 	: 
A,I_IUBK,PC_IND,SI02	: 	: 	: 	: 	: 	: 	: 	: 	36.68 	: 	: 	: 	: 	: 	: 	: 	: 	: 	: 	: 
A,I_IUBK,PC_IND,SI03	: 	: 	: 	: 	: 	: 	: 	: 	: 	30.24 	31.71 	36.52 	38.43 	43.21 	50.94 	52.11 	53.29 	57.74 	59.85 	63.73 
A,I_IUBK,PC_IND,SI04	: 	: 	: 	: 	: 	: 	: 	: 	: 	37.58 	39.27 	41.96 	45.89 	51.54 	52.76 	62.71 	60.82 	63.97 	68.55 	67.69 
A,I_IUBK,PC_IND,SK	12.59 	15.19 	24.43 	26.31 	32.82 	33.85 	39.54 	38.74 	40.59 	37.27 	45.37 	51.11 	49.80 	54.77 	58.20 	57.89 	48.08 	57.72 	57.99 	60.52 
A,I_IUBK,PC_IND,SK0	: 	: 	: 	: 	: 	33.85 	39.54 	38.74 	40.59 	37.27 	45.37 	51.11 	49.80 	54.77 	58.20 	57.89 	48.08 	57.72 	57.99 	60.52 
A,I_IUBK,PC_IND,SK01	: 	: 	: 	: 	: 	42.67 	52.30 	58.46 	53.48 	50.30 	53.82 	50.93 	56.37 	55.87 	67.61 	71.38 	53.05 	70.86 	65.85 	80.05 
A,I_IUBK,PC_IND,SK02	: 	: 	: 	: 	: 	33.80 	39.35 	38.88 	38.55 	33.52 	41.45 	47.90 	50.80 	55.25 	53.93 	54.85 	46.71 	53.54 	56.61 	57.23 
A,I_IUBK,PC_IND,SK03	: 	: 	: 	: 	: 	35.30 	36.95 	29.92 	41.57 	36.76 	45.15 	55.66 	48.06 	55.30 	61.07 	57.01 	49.68 	58.09 	59.51 	57.56 
A,I_IUBK,PC_IND,SK04	: 	: 	: 	: 	: 	28.87 	37.03 	38.45 	37.05 	37.00 	46.76 	51.09 	47.47 	53.32 	56.89 	56.59 	46.08 	56.28 	54.68 	57.74 
A,I_IUBK,PC_IND,TR	: 	4.05 	4.91 	4.75 	6.31 	: 	7.29 	10.72 	13.66 	15.04 	18.10 	22.93 	28.08 	34.84 	39.42 	46.00 	51.18 	57.66 	61.95 	65.74 
A,I_IUBK,PC_IND,TR1	: 	: 	: 	: 	: 	: 	11.09 	16.06 	21.60 	22.15 	25.71 	34.23 	38.60 	48.52 	50.42 	58.21 	63.73 	67.23 	73.01 	75.88 
A,I_IUBK,PC_IND,TR2	: 	: 	: 	: 	: 	: 	8.59 	11.87 	13.58 	14.85 	16.92 	22.52 	28.95 	34.14 	41.43 	46.51 	51.15 	59.47 	64.43 	65.43 
A,I_IUBK,PC_IND,TR3	: 	: 	: 	: 	: 	: 	7.12 	10.66 	13.46 	16.88 	18.25 	22.33 	29.99 	35.49 	40.68 	46.74 	53.00 	59.82 	61.40 	65.67 
A,I_IUBK,PC_IND,TR4	: 	: 	: 	: 	: 	: 	8.62 	12.63 	14.49 	16.53 	21.15 	23.72 	29.38 	38.26 	44.60 	50.74 	57.33 	61.45 	65.08 	69.76 
A,I_IUBK,PC_IND,TR5	: 	: 	: 	: 	: 	: 	13.02 	15.81 	15.81 	19.35 	20.92 	28.93 	32.97 	40.88 	45.04 	49.62 	56.25 	60.10 	68.42 	68.69 
A,I_IUBK,PC_IND,TR6	: 	: 	: 	: 	: 	: 	5.31 	9.18 	12.24 	12.42 	17.26 	22.51 	26.65 	32.07 	36.64 	43.11 	50.55 	54.22 	59.85 	62.93 
A,I_IUBK,PC_IND,TR7	: 	: 	: 	: 	: 	: 	5.94 	7.32 	10.03 	11.33 	15.74 	17.86 	19.25 	30.72 	36.18 	41.64 	44.53 	52.60 	53.79 	62.24 
A,I_IUBK,PC_IND,TR8	: 	: 	: 	: 	: 	: 	6.23 	7.13 	8.39 	11.40 	14.20 	19.22 	23.51 	30.31 	33.43 	38.26 	44.31 	51.24 	55.43 	59.16 
A,I_IUBK,PC_IND,TR9	: 	: 	: 	: 	: 	: 	1.65 	6.66 	10.73 	9.96 	13.98 	15.31 	22.74 	24.13 	31.84 	40.45 	43.13 	50.14 	51.31 	61.34 
A,I_IUBK,PC_IND,TRA	: 	: 	: 	: 	: 	: 	2.53 	4.15 	6.97 	5.12 	14.76 	12.66 	14.98 	22.15 	28.61 	31.26 	33.54 	45.36 	45.03 	57.37 
A,I_IUBK,PC_IND,TRB	: 	: 	: 	: 	: 	: 	3.10 	4.47 	6.13 	6.53 	7.45 	12.72 	15.66 	22.47 	24.78 	35.22 	37.26 	46.22 	55.13 	56.97 
A,I_IUBK,PC_IND,TRC	: 	: 	: 	: 	: 	: 	1.23 	4.73 	7.75 	7.78 	7.96 	7.95 	15.47 	17.04 	23.09 	31.77 	32.31 	48.64 	49.97 	54.81 
A,I_IUBK,PC_IND,UK	27.76 	32.18 	37.64 	44.85 	45.48 	: 	51.55 	54.02 	56.85 	58.38 	64.16 	68.35 	73.88 	77.70 	80.41 	: 	: 	: 	: 	: 
A,I_IUBK,PC_IND,UKC	: 	: 	: 	: 	: 	: 	38.14 	41.19 	51.81 	54.86 	49.40 	64.07 	68.95 	75.63 	74.99 	: 	: 	: 	: 	: 
A,I_IUBK,PC_IND,UKD	: 	: 	: 	: 	: 	: 	48.30 	45.26 	50.31 	52.72 	63.37 	64.68 	71.12 	74.17 	80.05 	: 	: 	: 	: 	: 
A,I_IUBK,PC_IND,UKE	: 	: 	: 	: 	: 	: 	44.30 	47.47 	49.83 	52.27 	61.16 	65.93 	78.81 	74.14 	79.84 	: 	: 	: 	: 	: 
A,I_IUBK,PC_IND,UKF	: 	: 	: 	: 	: 	: 	52.12 	48.12 	62.19 	59.72 	55.10 	70.46 	74.40 	71.88 	81.36 	: 	: 	: 	: 	: 
A,I_IUBK,PC_IND,UKG	: 	: 	: 	: 	: 	: 	46.51 	51.22 	55.27 	52.86 	55.61 	68.55 	76.67 	74.26 	82.52 	: 	: 	: 	: 	: 
A,I_IUBK,PC_IND,UKH	: 	: 	: 	: 	: 	: 	50.67 	57.47 	56.13 	70.59 	71.47 	63.16 	76.68 	83.75 	80.80 	: 	: 	: 	: 	: 
A,I_IUBK,PC_IND,UKI	: 	: 	: 	: 	: 	: 	57.96 	59.15 	62.55 	61.04 	66.20 	75.48 	71.91 	85.80 	86.02 	: 	: 	: 	: 	: 
A,I_IUBK,PC_IND,UKJ	: 	: 	: 	: 	: 	: 	60.03 	63.87 	66.01 	69.90 	76.51 	69.61 	76.18 	75.28 	81.83 	: 	: 	: 	: 	: 
A,I_IUBK,PC_IND,UKK	: 	: 	: 	: 	: 	: 	58.56 	59.02 	61.68 	63.86 	72.90 	71.21 	80.64 	81.43 	81.03 	: 	: 	: 	: 	: 
A,I_IUBK,PC_IND,UKL	: 	: 	: 	: 	: 	: 	45.89 	50.53 	46.85 	47.75 	52.45 	64.14 	72.64 	73.42 	69.75 	: 	: 	: 	: 	: 
A,I_IUBK,PC_IND,UKM	: 	: 	: 	: 	: 	: 	48.31 	56.37 	56.51 	58.31 	58.72 	68.64 	62.18 	78.69 	74.27 	: 	: 	: 	: 	: 
A,I_IUBK,PC_IND,UKN	: 	: 	: 	: 	: 	: 	: 	53.25 	38.74 	2.40 	63.15 	63.37 	69.95 	74.83 	: 	: 	: 	: 	: 	: 
A,I_IUBK,PC_IND,XK	: 	: 	: 	: 	: 	: 	: 	: 	: 	: 	: 	3.62 	1.50 	5.42 	8.90 	: 	: 	: 	27.90 	31.98 
A,I_IUBK,PC_IND_IU3,AL	: 	: 	: 	: 	: 	: 	: 	: 	: 	: 	: 	: 	2.48 	2.47 	5.42 	6.60 	13.13 	18.16 	21.50 	29.24 
A,I_IUBK,PC_IND_IU3,AT	44.45 	44.48 	47.38 	48.32 	51.16 	55.81 	56.66 	60.29 	59.20 	60.80 	63.26 	65.38 	66.77 	71.54 	75.16 	77.07 	78.12 	80.95 	82.43 	82.94 
A,I_IUBK,PC_IND_IU3,AT1	: 	: 	: 	: 	: 	55.40 	54.09 	60.97 	57.62 	60.18 	62.86 	65.05 	67.29 	70.12 	75.53 	78.79 	77.95 	81.76 	83.17 	83.43 
A,I_IUBK,PC_IND_IU3,AT11	: 	: 	: 	: 	: 	55.17 	48.97 	50.61 	50.62 	: 	46.77 	55.15 	63.14 	64.83 	71.99 	67.31 	71.35 	70.11 	78.13 	76.54 
A,I_IUBK,PC_IND_IU3,AT12	: 	: 	: 	: 	: 	57.13 	52.23 	58.43 	52.82 	: 	63.07 	59.21 	68.06 	70.73 	75.27 	75.99 	77.10 	79.83 	83.45 	82.92 
A,I_IUBK,PC_IND_IU3,AT13	: 	: 	: 	: 	: 	53.93 	56.41 	64.67 	62.48 	: 	64.97 	71.21 	67.27 	70.33 	76.26 	82.85 	79.58 	85.06 	83.66 	84.83 
A,I_IUBK,PC_IND_IU3,AT2	: 	: 	: 	: 	: 	51.46 	57.54 	57.47 	53.90 	58.22 	63.63 	62.98 	66.07 	70.34 	73.15 	73.80 	77.53 	78.74 	80.98 	81.99 
A,I_IUBK,PC_IND_IU3,AT21	: 	: 	: 	: 	: 	52.54 	54.02 	53.80 	49.88 	: 	56.83 	64.85 	65.79 	69.94 	68.96 	73.79 	76.76 	73.52 	80.31 	82.01 
A,I_IUBK,PC_IND_IU3,AT22	: 	: 	: 	: 	: 	50.94 	59.09 	59.05 	55.70 	: 	66.79 	62.17 	66.19 	70.52 	75.03 	73.80 	77.87 	81.05 	81.28 	81.97 
A,I_IUBK,PC_IND_IU3,AT3	: 	: 	: 	: 	: 	58.71 	59.31 	61.09 	63.98 	63.00 	63.55 	67.16 	66.51 	73.94 	75.79 	76.74 	78.64 	81.17 	82.32 	82.84 
A,I_IUBK,PC_IND_IU3,AT31	: 	: 	: 	: 	: 	63.10 	57.34 	62.32 	63.77 	: 	65.95 	70.15 	64.16 	77.23 	77.49 	77.34 	79.94 	82.42 	84.36 	83.86 
A,I_IUBK,PC_IND_IU3,AT32	: 	: 	: 	: 	: 	53.03 	57.74 	60.94 	65.35 	: 	58.86 	65.97 	69.42 	66.04 	72.01 	77.99 	74.66 	80.80 	83.31 	80.45 
A,I_IUBK,PC_IND_IU3,AT33	: 	: 	: 	: 	: 	54.37 	60.89 	60.84 	61.18 	: 	63.26 	61.90 	67.74 	74.90 	76.41 	73.71 	78.72 	80.86 	78.61 	82.10 
A,I_IUBK,PC_IND_IU3,AT34	: 	: 	: 	: 	: 	59.07 	65.73 	57.22 	68.10 	: 	61.67 	68.27 	68.78 	71.23 	73.74 	78.58 	79.26 	77.65 	80.40 	83.81 
A,I_IUBK,PC_IND_IU3,BA	: 	: 	: 	: 	: 	: 	: 	: 	: 	: 	: 	: 	6.99 	7.80 	16.74 	16.93 	: 	23.90 	31.75 	39.80 
A,I_IUBK,PC_IND_IU3,BE	45.75 	52.07 	57.12 	61.75 	65.72 	66.58 	69.09 	70.37 	72.05 	73.22 	74.53 	75.99 	77.54 	78.85 	82.27 	81.11 	84.57 	84.12 	87.01 	82.21 
A,I_IUBK,PC_IND_IU3,BE1	: 	: 	: 	: 	: 	61.42 	65.88 	67.59 	68.02 	71.01 	68.37 	66.99 	69.16 	67.40 	79.14 	77.63 	82.01 	82.21 	82.38 	77.31 
A,I_IUBK,PC_IND_IU3,BE10	: 	: 	: 	: 	: 	61.42 	65.88 	67.59 	68.02 	71.01 	68.37 	66.99 	69.16 	67.40 	79.14 	77.63 	82.01 	82.21 	82.38 	77.31 
A,I_IUBK,PC_IND_IU3,BE2	: 	: 	: 	: 	: 	68.00 	70.48 	71.02 	72.52 	74.99 	76.63 	79.19 	79.40 	82.00 	83.02 	83.14 	84.96 	84.95 	88.72 	83.43 
A,I_IUBK,PC_IND_IU3,BE21	: 	: 	: 	: 	: 	65.63 	69.59 	71.65 	72.11 	77.62 	73.13 	77.52 	80.67 	82.15 	81.96 	79.48 	83.69 	82.41 	91.79 	82.38 
A,I_IUBK,PC_IND_IU3,BE22	: 	: 	: 	: 	: 	67.06 	68.73 	70.06 	69.18 	72.37 	75.15 	75.77 	77.64 	77.32 	84.14 	81.21 	85.79 	85.15 	84.22 	79.63 
A,I_IUBK,PC_IND_IU3,BE23	: 	: 	: 	: 	: 	68.77 	72.06 	71.40 	73.32 	74.98 	78.84 	78.88 	78.03 	82.12 	82.96 	86.24 	87.64 	83.99 	89.32 	83.31 
A,I_IUBK,PC_IND_IU3,BE24	: 	: 	: 	: 	: 	70.79 	71.94 	71.93 	75.91 	72.98 	83.68 	83.61 	80.77 	82.67 	84.59 	86.13 	86.35 	86.38 	88.27 	91.07 
A,I_IUBK,PC_IND_IU3,BE25	: 	: 	: 	: 	: 	68.74 	69.65 	69.36 	71.52 	74.90 	73.60 	80.50 	79.05 	84.54 	82.34 	83.64 	81.64 	88.85 	87.28 	80.55 
A,I_IUBK,PC_IND_IU3,BE3	: 	: 	: 	: 	: 	65.65 	67.49 	70.04 	72.47 	70.66 	72.70 	72.97 	76.88 	76.77 	81.90 	78.44 	84.74 	83.22 	85.48 	81.58 
A,I_IUBK,PC_IND_IU3,BE31	: 	: 	: 	: 	: 	74.83 	74.17 	73.74 	79.15 	75.05 	74.15 	77.47 	82.77 	78.43 	82.84 	80.24 	88.67 	88.28 	86.68 	83.40 
A,I_IUBK,PC_IND_IU3,BE32	: 	: 	: 	: 	: 	65.20 	63.91 	66.67 	71.11 	71.89 	69.56 	72.62 	76.75 	74.28 	81.78 	75.16 	80.58 	80.13 	84.48 	78.94 
A,I_IUBK,PC_IND_IU3,BE33	: 	: 	: 	: 	: 	62.26 	65.86 	67.09 	69.65 	66.37 	73.78 	69.51 	72.84 	75.77 	83.38 	81.50 	91.27 	84.83 	85.57 	85.36 
A,I_IUBK,PC_IND_IU3,BE34	: 	: 	: 	: 	: 	64.08 	72.59 	73.96 	74.98 	70.79 	76.40 	74.36 	77.77 	76.46 	79.69 	78.37 	80.69 	82.55 	87.88 	80.43 
A,I_IUBK,PC_IND_IU3,BE35	: 	: 	: 	: 	: 	66.63 	70.98 	79.83 	74.87 	72.85 	74.94 	76.86 	80.66 	84.28 	79.21 	79.39 	81.85 	83.76 	85.49 	80.76 
A,I_IUBK,PC_IND_IU3,BG	5.50 	5.38 	4.35 	4.40 	5.73 	6.66 	6.95 	8.62 	8.47 	9.44 	7.41 	8.65 	11.38 	12.62 	17.91 	19.75 	28.36 	29.15 	38.00 	35.78 
A,I_IUBK,PC_IND_IU3,BG3	: 	: 	: 	: 	: 	5.69 	6.00 	5.35 	9.11 	7.13 	5.89 	6.79 	8.35 	10.55 	12.34 	16.10 	22.52 	25.36 	31.44 	33.95 
A,I_IUBK,PC_IND_IU3,BG31	: 	: 	: 	: 	: 	2.23 	2.53 	3.39 	6.13 	7.03 	2.81 	6.33 	11.48 	12.98 	12.06 	10.29 	20.87 	19.68 	23.96 	37.05 
A,I_IUBK,PC_IND_IU3,BG32	: 	: 	: 	: 	: 	7.26 	2.92 	6.28 	7.62 	7.24 	5.95 	9.98 	9.79 	9.24 	19.44 	21.66 	21.87 	22.46 	35.49 	33.77 
A,I_IUBK,PC_IND_IU3,BG33	: 	: 	: 	: 	: 	8.62 	11.63 	4.96 	9.81 	7.16 	7.02 	4.27 	4.84 	8.66 	7.85 	16.21 	25.37 	30.20 	34.05 	40.32 
A,I_IUBK,PC_IND_IU3,BG34	: 	: 	: 	: 	: 	4.57 	5.74 	6.37 	12.09 	7.07 	7.03 	6.77 	8.49 	11.71 	11.40 	15.33 	21.39 	27.15 	31.12 	25.87 
A,I_IUBK,PC_IND_IU3,BG4	: 	: 	: 	: 	: 	7.44 	7.77 	11.40 	7.92 	11.43 	8.77 	10.38 	14.24 	14.52 	22.62 	23.20 	33.69 	32.43 	44.00 	37.43 
A,I_IUBK,PC_IND_IU3,BG41	: 	: 	: 	: 	: 	9.97 	9.23 	15.15 	9.99 	14.95 	11.70 	14.38 	17.75 	19.45 	30.09 	31.18 	41.84 	41.16 	55.86 	41.97 
A,I_IUBK,PC_IND_IU3,BG42	: 	: 	: 	: 	: 	2.10 	5.02 	3.82 	3.94 	4.62 	3.89 	3.48 	8.09 	5.69 	8.98 	9.98 	19.89 	17.43 	23.56 	29.81 
A,I_IUBK,PC_IND_IU3,CH	: 	: 	: 	: 	: 	: 	: 	: 	60.50 	: 	: 	70.48 b	: 	75.48 	: 	78.91 	: 	84.43 	: 	86.64 
A,I_IUBK,PC_IND_IU3,CH0	: 	: 	: 	: 	: 	: 	: 	: 	60.50 	: 	: 	70.48 b	: 	75.48 	: 	78.91 	: 	84.43 	: 	86.64 
A,I_IUBK,PC_IND_IU3,CH01	: 	: 	: 	: 	: 	: 	: 	: 	57.03 	: 	: 	70.43 b	: 	68.63 	: 	74.44 	: 	83.18 	: 	85.38 
A,I_IUBK,PC_IND_IU3,CH02	: 	: 	: 	: 	: 	: 	: 	: 	57.75 	: 	: 	74.23 b	: 	76.28 	: 	75.34 	: 	84.06 	: 	86.31 
A,I_IUBK,PC_IND_IU3,CH03	: 	: 	: 	: 	: 	: 	: 	: 	61.38 	: 	: 	70.20 b	: 	77.41 	: 	82.46 	: 	85.09 	: 	85.42 
A,I_IUBK,PC_IND_IU3,CH04	: 	: 	: 	: 	: 	: 	: 	: 	69.93 	: 	: 	74.03 b	: 	81.98 	: 	83.73 	: 	88.12 	: 	93.61 
A,I_IUBK,PC_IND_IU3,CH05	: 	: 	: 	: 	: 	: 	: 	: 	60.53 	: 	: 	65.58 b	: 	74.05 	: 	80.49 	: 	83.92 	: 	84.22 
A,I_IUBK,PC_IND_IU3,CH06	: 	: 	: 	: 	: 	: 	: 	: 	59.83 	: 	: 	69.43 b	: 	77.69 	: 	84.20 	: 	85.15 	: 	84.99 
A,I_IUBK,PC_IND_IU3,CH07	: 	: 	: 	: 	: 	: 	: 	: 	46.00 	: 	: 	55.28 b	: 	68.23 	: 	66.61 	: 	73.47 	: 	79.76 
A,I_IUBK,PC_IND_IU3,CY	17.91 	31.29 	29.52 	32.23 	33.47 	35.78 	34.54 	35.53 	34.91 	28.55 	36.52 	34.17 	39.42 	47.10 	57.39 	71.30 	71.36 	77.68 	85.14 	83.27 
A,I_IUBK,PC_IND_IU3,CY0	: 	: 	: 	: 	: 	35.78 	34.54 	35.53 	34.91 	28.55 	36.52 	34.17 	39.42 	47.10 	57.39 	71.30 	71.36 	77.68 	85.14 	83.26 
A,I_IUBK,PC_IND_IU3,CY00	: 	: 	: 	: 	: 	35.78 	34.54 	35.53 	34.91 	28.55 	36.52 	34.17 	39.42 	47.10 	57.39 	71.30 	71.36 	77.68 	85.14 	83.26 
A,I_IUBK,PC_IND_IU3,CZ	21.97 	23.74 	24.82 	30.57 	33.94 	42.04 	46.57 	55.99 	57.77 	59.59 	62.50 	66.82 	72.16 	78.09 	79.52 	81.90 	85.05 	86.74 	89.19 	89.79 
A,I_IUBK,PC_IND_IU3,CZ0	: 	: 	: 	: 	: 	42.04 	46.57 	55.99 	57.77 	59.59 	62.50 	66.82 	72.16 	78.09 	79.52 	81.90 	85.05 	86.74 	89.19 	89.79 
A,I_IUBK,PC_IND_IU3,CZ01	: 	: 	: 	: 	: 	44.16 	49.01 	52.49 	56.33 	57.13 	56.93 	62.69 	72.07 	81.09 	82.71 	85.31 	89.51 	91.92 	92.30 	93.11 
A,I_IUBK,PC_IND_IU3,CZ02	: 	: 	: 	: 	: 	36.90 	38.92 	57.79 	58.63 	53.44 	60.25 	68.55 	75.16 	76.88 	79.79 	83.79 	89.34 	87.83 	92.20 	91.56 
A,I_IUBK,PC_IND_IU3,CZ03	: 	: 	: 	: 	: 	39.29 	49.19 	52.46 	53.44 	58.26 	62.59 	64.47 	70.99 	74.18 	76.11 	76.86 	81.09 	83.78 	88.27 	89.68 
A,I_IUBK,PC_IND_IU3,CZ04	: 	: 	: 	: 	: 	43.57 	51.33 	52.44 	64.18 	54.21 	58.24 	63.03 	70.97 	72.44 	82.18 	75.08 	80.49 	85.18 	85.49 	81.21 
A,I_IUBK,PC_IND_IU3,CZ05	: 	: 	: 	: 	: 	40.17 	45.21 	58.18 	57.59 	65.74 	71.98 	70.04 	77.98 	80.97 	82.64 	85.96 	86.77 	85.44 	87.54 	90.43 
A,I_IUBK,PC_IND_IU3,CZ06	: 	: 	: 	: 	: 	41.89 	46.71 	54.79 	53.63 	62.30 	63.05 	69.10 	70.59 	81.29 	76.21 	82.92 	85.60 	84.59 	89.53 	90.28 
A,I_IUBK,PC_IND_IU3,CZ07	: 	: 	: 	: 	: 	39.71 	45.84 	58.89 	60.96 	62.59 	64.74 	66.62 	67.86 	76.94 	77.44 	80.78 	80.59 	88.19 	86.35 	88.66 
A,I_IUBK,PC_IND_IU3,CZ08	: 	: 	: 	: 	: 	50.99 	48.16 	60.45 	60.44 	60.88 	60.58 	68.36 	70.56 	78.10 	80.49 	81.96 	84.88 	88.28 	90.75 	91.72 
A,I_IUBK,PC_IND_IU3,DE	45.82 	48.96 	50.77 	53.00 	53.34 	55.68 	54.72 	55.99 	56.57 	58.21 	59.08 	61.56 	63.71 	65.72 	68.84 	55.07 b	53.01 	61.88 	71.58 	74.76 
A,I_IUBK,PC_IND_IU3,DE1	: 	: 	: 	: 	: 	56.03 	53.50 	55.02 	55.60 	55.89 	57.67 	60.57 	62.70 	64.13 	65.81 	56.75 b	55.26 	62.19 	70.73 	77.44 
A,I_IUBK,PC_IND_IU3,DE2	: 	: 	: 	: 	: 	57.16 	53.25 	54.17 	52.88 	65.46 	62.38 	63.64 	64.79 	68.46 	71.15 	55.43 b	52.68 	65.91 	75.24 	75.79 
A,I_IUBK,PC_IND_IU3,DE3	: 	: 	: 	: 	: 	60.36 	60.39 	59.61 	60.92 	59.83 	61.70 	66.84 	68.03 	64.18 	70.85 	65.27 b	59.37 	69.99 	73.33 	80.05 
A,I_IUBK,PC_IND_IU3,DE4	: 	: 	: 	: 	: 	50.49 	51.22 	49.40 	54.92 	52.30 	60.24 	53.33 	62.30 	60.51 	53.02 	52.58 b	44.47 	55.40 	74.29 	74.46 
A,I_IUBK,PC_IND_IU3,DE5	: 	: 	: 	: 	: 	52.62 	55.61 	56.58 	60.91 	64.06 	50.05 	62.24 	73.15 	62.50 	70.65 	40.12 b	35.23 	45.74 	62.00 u	71.39 
A,I_IUBK,PC_IND_IU3,DE6	: 	: 	: 	: 	: 	66.15 	56.61 	60.87 	62.66 	61.48 	62.02 	68.07 	64.31 	61.88 	67.57 	51.84 b	57.07 	68.69 	75.05 	80.20 
A,I_IUBK,PC_IND_IU3,DE7	: 	: 	: 	: 	: 	50.77 	52.70 	53.09 	59.48 	60.48 	58.16 	60.45 	60.25 	64.23 	69.48 	56.65 b	51.08 	60.24 	73.25 	73.00 
A,I_IUBK,PC_IND_IU3,DE8	: 	: 	: 	: 	: 	42.84 	51.62 	53.65 	53.83 	52.20 	50.99 	48.93 	56.19 	58.40 	63.72 	54.91 b	51.35 	56.70 	63.46 	64.89 
A,I_IUBK,PC_IND_IU3,DE9	: 	: 	: 	: 	: 	52.81 	54.47 	56.46 	58.88 	58.51 	57.85 	63.60 	64.12 	65.72 	70.14 	53.39 b	53.30 	62.83 	71.62 	75.83 
A,I_IUBK,PC_IND_IU3,DEA	: 	: 	: 	: 	: 	56.66 	55.57 	55.73 	56.10 	54.86 	60.79 	60.40 	64.89 	67.12 	71.59 	53.11 b	50.75 	59.82 	70.15 	74.39 
A,I_IUBK,PC_IND_IU3,DEB	: 	: 	: 	: 	: 	55.79 	57.24 	60.65 	60.98 	60.61 	57.16 	61.94 	65.52 	68.17 	68.48 	56.28 b	54.51 	61.11 	71.40 	75.68 
A,I_IUBK,PC_IND_IU3,DEC	: 	: 	: 	: 	: 	47.01 	48.61 	50.71 	56.68 	49.06 	47.90 	56.75 	64.02 	70.97 	70.96 	67.23 b	62.16 	66.92 	71.69 	64.74 
A,I_IUBK,PC_IND_IU3,DED	: 	: 	: 	: 	: 	58.18 	58.34 	61.53 	55.77 	53.97 	56.38 	63.17 	58.42 	60.72 	64.64 	62.70 b	64.49 	63.60 	73.91 	74.29 
A,I_IUBK,PC_IND_IU3,DEE	: 	: 	: 	: 	: 	51.84 	54.15 	59.25 	55.55 	58.42 	56.18 	58.27 	64.06 	66.75 	67.80 	46.56 b	41.65 	46.50 	62.45 	65.72 
A,I_IUBK,PC_IND_IU3,DEF	: 	: 	: 	: 	: 	59.74 	53.99 	54.25 	54.57 	54.17 	56.90 	62.88 	63.99 	68.04 	67.55 	51.16 b	56.82 	66.13 	73.49 	73.40 
A,I_IUBK,PC_IND_IU3,DEG	: 	: 	: 	: 	: 	60.17 	57.66 	59.78 	56.71 	58.83 	59.99 	61.67 	62.32 	63.31 	67.64 	46.32 b	45.79 	55.31 	61.16 	66.28 
A,I_IUBK,PC_IND_IU3,DK	69.10 	69.81 	73.25 	76.88 	80.26 	83.47 	86.00 	87.14 	87.80 	88.12 	90.61 	92.45 	91.67 	93.53 	95.60 	95.65 	96.42 	97.39 	97.99 	97.89 
A,I_IUBK,PC_IND_IU3,DK0	: 	: 	: 	: 	: 	83.47 	86.00 	87.14 	87.80 	88.12 	90.61 	92.45 	91.67 	93.53 	95.60 	95.65 	96.42 	97.39 	97.99 	97.89 
A,I_IUBK,PC_IND_IU3,DK01	: 	: 	: 	: 	: 	84.80 	88.27 	89.89 	91.43 	89.18 	91.42 	94.15 	92.20 	94.07 	96.43 	96.43 	97.02 	98.07 	98.47 	98.50 
A,I_IUBK,PC_IND_IU3,DK02	: 	: 	: 	: 	: 	81.45 	87.63 	86.04 	88.58 	89.75 	90.28 	90.53 	92.04 	93.61 	94.38 	95.22 	97.21 	96.27 	97.61 	96.81 
A,I_IUBK,PC_IND_IU3,DK03	: 	: 	: 	: 	: 	80.91 	83.20 	86.36 	84.62 	87.35 	89.74 	93.51 	90.65 	91.70 	95.69 	96.01 	95.96 	98.44 	97.70 	98.40 
A,I_IUBK,PC_IND_IU3,DK04	: 	: 	: 	: 	: 	85.61 	86.67 	86.24 	86.72 	88.99 	91.67 	92.27 	91.88 	94.44 	96.06 	95.11 	95.49 	97.56 	97.83 	97.67 
A,I_IUBK,PC_IND_IU3,DK05	: 	: 	: 	: 	: 	82.69 	81.74 	84.11 	85.03 	82.06 	87.96 	87.89 	91.14 	93.42 	93.55 	94.42 	96.59 	94.31 	97.97 	96.69 
A,I_IUBK,PC_IND_IU3,EE	79.18 	83.15 	83.95 	87.14 	88.13 	88.97 	87.38 	90.95 	90.88 b	91.25 	90.08 	89.93 	89.92 	89.46 	89.65 	89.59 	91.10 	91.09 	90.39 	92.06 
A,I_IUBK,PC_IND_IU3,EE0	: 	: 	: 	: 	: 	88.97 	87.38 	90.95 	90.88 b	91.25 	90.08 	89.93 	89.92 	89.46 	89.65 	89.59 	91.10 	91.09 	90.39 	92.06 
A,I_IUBK,PC_IND_IU3,EE00	: 	: 	: 	: 	: 	88.97 	87.38 	90.95 	90.88 b	91.25 	90.08 	89.93 	89.92 	89.46 	89.65 	89.59 	91.10 	91.09 	90.39 	92.06 
A,I_IUBK,PC_IND_IU3,EL	8.52 	11.69 	13.24 	12.70 	12.84 	16.64 	16.58 	17.91 	20.80 	20.75 	27.73 	35.94 	37.76 	40.33 	46.78 	54.02 	59.85 	61.18 	62.76 	70.69 
A,I_IUBK,PC_IND_IU3,EL1	: 	: 	: 	: 	: 	14.50 	: 	: 	: 	: 	: 	: 	: 	: 	: 	: 	: 	: 	: 	: 
A,I_IUBK,PC_IND_IU3,EL2	: 	: 	: 	: 	: 	9.89 	: 	: 	: 	: 	: 	: 	: 	: 	: 	: 	: 	: 	: 	: 
A,I_IUBK,PC_IND_IU3,EL3	: 	: 	: 	: 	: 	19.84 	18.82 	22.64 	30.01 	23.53 	32.19 	41.49 	43.47 	44.60 	51.89 	70.42 	66.85 	62.58 	67.95 	76.40 
A,I_IUBK,PC_IND_IU3,EL4	: 	: 	: 	: 	: 	16.55 	12.33 	16.86 	15.94 	22.54 	27.64 	29.96 	36.77 	35.64 	47.62 	48.82 	58.19 	65.39 	51.93 	55.87 
A,I_IUBK,PC_IND_IU3,EL5	: 	: 	: 	: 	: 	: 	15.46 	13.92 	14.71 	21.75 	28.28 	35.63 	40.78 	47.36 	45.14 	50.97 	58.71 	61.45 	61.50 	76.25 
A,I_IUBK,PC_IND_IU3,EL6	: 	: 	: 	: 	: 	: 	14.43 	11.91 	13.96 	13.51 	18.66 	29.13 	23.94 	28.60 	39.58 	32.89 	50.16 	56.42 	60.80 	60.37 
A,I_IUBK,PC_IND_IU3,ES	31.27 	30.86 	33.91 	38.22 	40.91 	41.24 	44.39 	45.94 	49.12 	50.04 	53.56 	54.58 	56.51 	60.50 	66.62 	69.39 	73.66 	74.86 	78.27 	77.61 
A,I_IUBK,PC_IND_IU3,ES1	: 	: 	: 	: 	: 	38.12 	45.42 	45.10 	48.42 	49.93 	56.08 	56.32 	58.77 	63.01 	65.32 	72.51 	75.47 	78.98 	81.08 	80.35 
A,I_IUBK,PC_IND_IU3,ES11	: 	: 	: 	: 	: 	38.06 	43.80 	44.88 	50.48 	51.05 	57.07 	57.24 	61.95 	64.56 	66.49 	74.94 	78.46 	83.37 	84.15 	81.91 
A,I_IUBK,PC_IND_IU3,ES12	: 	: 	: 	: 	: 	41.67 	52.20 	47.22 	44.06 	46.10 	54.24 	53.55 	50.91 	57.86 	64.15 	69.91 	71.32 	71.32 	74.90 	76.59 
A,I_IUBK,PC_IND_IU3,ES13	: 	: 	: 	: 	: 	32.14 	41.60 	42.40 	47.33 	52.04 	54.95 	57.20 	59.07 	65.40 	62.24 	66.31 	69.15 	72.87 	77.91 	79.74 
A,I_IUBK,PC_IND_IU3,ES2	: 	: 	: 	: 	: 	42.09 	46.53 	46.03 	50.59 	54.01 	52.69 	55.78 	58.01 	63.07 	67.55 	68.95 	74.32 	73.73 	78.14 	77.58 
A,I_IUBK,PC_IND_IU3,ES21	: 	: 	: 	: 	: 	44.69 	51.19 	49.60 	53.37 	56.82 	54.80 	57.35 	61.53 	64.61 	70.51 	72.89 	75.79 	76.36 	81.11 	80.73 
A,I_IUBK,PC_IND_IU3,ES22	: 	: 	: 	: 	: 	42.33 	43.14 	48.74 	51.99 	58.50 	58.60 	62.32 	57.61 	64.57 	65.38 	71.41 	76.81 	73.95 	77.61 	76.81 
A,I_IUBK,PC_IND_IU3,ES23	: 	: 	: 	: 	: 	35.43 	37.45 	38.99 	38.77 	38.94 	45.67 	51.62 	56.30 	57.77 	61.23 	65.76 	67.41 	70.75 	76.06 	74.08 
A,I_IUBK,PC_IND_IU3,ES24	: 	: 	: 	: 	: 	39.16 	41.93 	40.27 	47.81 	50.63 	47.96 	50.98 	52.93 	61.00 	65.28 	62.05 	72.22 	69.97 	73.99 	73.73 
A,I_IUBK,PC_IND_IU3,ES3	: 	: 	: 	: 	: 	49.01 	52.53 	53.47 	53.43 	54.68 	61.03 	61.15 	61.40 	65.81 	69.24 	74.46 	78.44 	78.44 	83.58 	80.70 
A,I_IUBK,PC_IND_IU3,ES30	: 	: 	: 	: 	: 	49.01 	52.53 	53.47 	53.43 	54.68 	61.03 	61.15 	61.40 	65.81 	69.24 	74.46 	78.44 	78.44 	83.58 	80.70 
A,I_IUBK,PC_IND_IU3,ES4	: 	: 	: 	: 	: 	31.92 	36.16 	38.08 	39.78 	42.50 	45.56 	49.03 	49.61 	52.24 	61.53 	64.48 	67.74 	70.00 	72.63 	72.76 
A,I_IUBK,PC_IND_IU3,ES41	: 	: 	: 	: 	: 	33.92 	39.08 	41.57 	40.48 	42.90 	47.37 	50.21 	50.73 	53.34 	63.62 	65.74 	70.44 	73.03 	74.17 	74.97 
A,I_IUBK,PC_IND_IU3,ES42	: 	: 	: 	: 	: 	32.16 	35.07 	38.04 	39.16 	40.95 	44.33 	48.56 	50.56 	52.99 	59.66 	64.10 	65.34 	66.30 	70.56 	70.97 
A,I_IUBK,PC_IND_IU3,ES43	: 	: 	: 	: 	: 	26.42 	31.24 	29.54 	39.26 	44.52 	43.82 	47.24 	45.41 	48.40 	60.58 	62.38 	66.43 	70.60 	73.42 	71.49 
A,I_IUBK,PC_IND_IU3,ES5	: 	: 	: 	: 	: 	45.63 	45.83 	47.54 	53.21 	55.19 	57.79 	58.98 	60.03 	61.95 	70.31 	71.90 	75.47 	77.76 	80.72 	80.46 
A,I_IUBK,PC_IND_IU3,ES51	: 	: 	: 	: 	: 	48.81 	47.86 	50.85 	55.50 	59.02 	61.29 	62.11 	62.20 	64.02 	73.46 	74.56 	77.75 	79.97 	81.05 	81.82 
A,I_IUBK,PC_IND_IU3,ES52	: 	: 	: 	: 	: 	41.59 	42.06 	41.93 	50.02 	49.30 	52.52 	54.08 	57.15 	59.61 	65.66 	68.06 	71.29 	74.02 	79.99 	76.96 
A,I_IUBK,PC_IND_IU3,ES53	: 	: 	: 	: 	: 	41.43 	46.96 	49.14 	51.32 	54.35 	56.92 	59.47 	58.35 	58.39 	69.51 	71.13 	78.54 	79.28 	81.72 	86.78 
A,I_IUBK,PC_IND_IU3,ES6	: 	: 	: 	: 	: 	34.10 	38.52 	41.47 	44.22 	41.76 	46.11 	45.67 	49.88 	56.11 	62.78 	63.49 	70.06 	69.08 	73.53 	72.97 
A,I_IUBK,PC_IND_IU3,ES61	: 	: 	: 	: 	: 	32.98 	38.30 	41.55 	44.59 	42.26 	47.14 	46.44 	50.30 	56.50 	62.45 	62.71 	69.06 	68.02 	73.18 	72.87 
A,I_IUBK,PC_IND_IU3,ES62	: 	: 	: 	: 	: 	40.20 	41.11 	40.59 	41.90 	37.84 	40.15 	40.99 	47.43 	53.09 	64.52 	67.19 	75.28 	75.14 	76.41 	73.13 
A,I_IUBK,PC_IND_IU3,ES63	: 	: 	: 	: 	: 	56.04 u	28.10 	52.84 	48.54 	52.56 	49.18 	56.06 	57.28 	78.98 u	54.76 u	66.75 	65.54 	62.20 	58.60 u	76.93 
A,I_IUBK,PC_IND_IU3,ES64	: 	: 	: 	: 	: 	16.60 u	20.78 u	35.18 u	42.91 	51.98 	42.83 	39.72 	43.71 	46.24 	73.35 	71.97 	80.90 	72.69 	69.88 	76.64 
A,I_IUBK,PC_IND_IU3,ES7	: 	: 	: 	: 	: 	43.68 	47.76 	50.94 	51.48 	48.92 	53.42 	54.54 	57.80 	64.21 	65.16 	71.45 	73.12 	77.58 	75.64 	76.56 
A,I_IUBK,PC_IND_IU3,ES70	: 	: 	: 	: 	: 	43.68 	47.76 	50.94 	51.48 	48.92 	53.42 	54.54 	57.80 	64.21 	65.16 	71.45 	73.12 	77.58 	75.64 	76.56 
A,I_IUBK,PC_IND_IU3,FI	81.37 	84.03 	86.59 	87.12 	88.94 	89.28 	91.20 	92.22 	92.66 	92.84 	92.01 	93.31 	93.98 	95.20 	95.04 	96.44 	97.35 	96.71 	96.98 	97.38 
A,I_IUBK,PC_IND_IU3,FI1	: 	: 	: 	: 	: 	89.28 	91.20 	92.22 	92.66 	92.84 	92.01 	93.31 	93.98 	95.20 	95.04 	96.44 	97.35 	96.71 	96.98 	97.38 
A,I_IUBK,PC_IND_IU3,FI19	: 	: 	: 	: 	: 	88.48 	89.36 	90.04 	90.28 	93.07 	90.76 	93.52 	93.79 	95.10 	94.03 	96.33 	97.65 	96.55 	96.88 	98.91 
A,I_IUBK,PC_IND_IU3,FI1B	: 	: 	: 	: 	: 	: 	92.02 	93.22 	94.30 	93.51 	93.87 	94.24 	95.30 	96.37 	96.05 	97.72 	97.61 	97.25 	97.32 	96.62 
A,I_IUBK,PC_IND_IU3,FI1C	: 	: 	: 	: 	: 	: 	89.71 	93.41 	93.39 	92.73 	92.00 	93.35 	91.99 	94.99 	93.97 	95.36 	96.76 	95.88 	96.36 	96.89 
A,I_IUBK,PC_IND_IU3,FI1D	: 	: 	: 	: 	: 	87.85 	93.48 	92.10 	92.42 	91.79 	90.81 	91.74 	94.17 	93.84 	95.75 	95.76 	97.19 	96.87 	97.18 	97.26 
A,I_IUBK,PC_IND_IU3,FR	38.53 	55.55 	58.77 	60.78 	67.00 	65.40 	66.35 	70.26 	68.77 	68.81 	69.32 	71.64 	72.00 	73.33 	: 	78.21 	74.91 	78.00 	76.36 	82.47 
A,I_IUBK,PC_IND_IU3,FR1	: 	: 	: 	: 	: 	68.90 	68.53 	72.56 	68.22 	69.80 	70.47 	74.34 	72.55 	73.49 	: 	79.26 	77.23 	76.59 	77.45 	81.56 u
A,I_IUBK,PC_IND_IU3,FR10	: 	: 	: 	: 	: 	: 	: 	: 	68.22 	69.80 	70.47 	74.34 	72.55 	73.49 	: 	79.26 	77.23 	76.59 	77.45 	81.56 u
A,I_IUBK,PC_IND_IU3,FRB	: 	: 	: 	: 	: 	: 	: 	: 	71.77 	71.49 	68.46 	71.21 	71.84 	71.65 	: 	81.60 	74.64 	74.11 	78.28 	83.02 u
A,I_IUBK,PC_IND_IU3,FRB0	: 	: 	: 	: 	: 	: 	: 	: 	71.77 	71.49 	68.46 	71.21 	71.84 	71.65 	: 	81.60 	74.64 	74.11 	78.28 	83.02 u
A,I_IUBK,PC_IND_IU3,FRC	: 	: 	: 	: 	: 	: 	: 	: 	74.46 	65.46 	65.87 	69.68 	72.14 	72.57 	: 	74.92 	71.84 	76.84 	77.70 	84.25 u
A,I_IUBK,PC_IND_IU3,FRC1	: 	: 	: 	: 	: 	: 	: 	: 	74.20 	63.64 	65.14 	68.72 	73.60 	73.56 	: 	74.73 	69.16 	74.51 	80.14 	83.46 u
A,I_IUBK,PC_IND_IU3,FRC2	: 	: 	: 	: 	: 	: 	: 	: 	74.81 	67.82 	66.93 	71.05 	70.06 	71.13 	: 	75.13 	75.24 	79.58 	74.11 	85.37 u
A,I_IUBK,PC_IND_IU3,FRD	: 	: 	: 	: 	: 	: 	: 	: 	68.25 	66.26 	68.55 	74.46 	71.69 	66.40 	: 	75.32 	75.21 	74.79 	74.83 	82.19 u
A,I_IUBK,PC_IND_IU3,FRD1	: 	: 	: 	: 	: 	: 	: 	: 	64.05 	63.93 	66.78 	71.07 	78.40 	64.71 	: 	73.41 	73.39 	73.67 	78.87 	75.54 u
A,I_IUBK,PC_IND_IU3,FRD2	: 	: 	: 	: 	: 	: 	: 	: 	70.92 	67.88 	69.90 	77.03 	67.12 	67.92 	: 	76.70 	76.66 	75.91 	71.78 	87.70 u
A,I_IUBK,PC_IND_IU3,FRE	: 	: 	: 	: 	: 	: 	: 	: 	69.83 	65.10 	66.39 	65.33 	75.21 	74.84 	: 	74.37 	68.57 	75.10 	74.74 	82.38 u
A,I_IUBK,PC_IND_IU3,FRE1	: 	: 	: 	: 	: 	: 	: 	: 	69.24 	66.58 	67.13 	65.51 	74.95 	74.74 	: 	75.62 	68.91 	75.40 	75.36 	83.41 u
A,I_IUBK,PC_IND_IU3,FRE2	: 	: 	: 	: 	: 	: 	: 	: 	70.99 	62.16 	65.05 	65.01 	75.75 	75.00 	: 	71.91 	67.84 	74.40 	73.35 	80.28 u
A,I_IUBK,PC_IND_IU3,FRF	: 	: 	: 	: 	: 	: 	: 	: 	67.11 	69.22 	68.86 	71.75 	65.00 	70.64 	: 	78.82 	73.88 	76.14 	76.68 	80.34 u
A,I_IUBK,PC_IND_IU3,FRF1	: 	: 	: 	: 	: 	: 	: 	: 	61.19 	62.16 	69.58 	71.91 	60.66 	68.82 	: 	80.26 	75.05 	79.48 	77.57 	78.28 u
A,I_IUBK,PC_IND_IU3,FRF2	: 	: 	: 	: 	: 	: 	: 	: 	79.43 	72.60 	74.00 	75.43 	65.50 	72.42 	: 	76.72 	73.79 	77.31 	74.23 	83.20 u
A,I_IUBK,PC_IND_IU3,FRF3	: 	: 	: 	: 	: 	: 	: 	: 	65.31 	72.53 	66.01 	69.96 	68.04 	71.14 	: 	78.54 	72.92 	72.73 	77.19 	80.73 u
A,I_IUBK,PC_IND_IU3,FRG	: 	: 	: 	: 	: 	: 	: 	: 	67.74 	71.16 	71.69 	70.63 	73.03 	78.51 	: 	77.94 	74.02 	77.50 	79.89 	84.12 u
A,I_IUBK,PC_IND_IU3,FRG0	: 	: 	: 	: 	: 	: 	: 	: 	67.74 	71.16 	71.69 	70.63 	73.03 	78.51 	: 	77.94 	74.02 	77.50 	79.89 	84.12 u
A,I_IUBK,PC_IND_IU3,FRH	: 	: 	: 	: 	: 	: 	: 	: 	73.85 	73.91 	69.42 	76.70 	75.34 	73.68 	: 	84.05 	77.86 	77.30 	77.97 	83.24 u
A,I_IUBK,PC_IND_IU3,FRH0	: 	: 	: 	: 	: 	: 	: 	: 	73.85 	73.91 	69.42 	76.70 	75.34 	73.68 	: 	84.05 	77.86 	77.30 	77.97 	83.24 u
A,I_IUBK,PC_IND_IU3,FRI	: 	: 	: 	: 	: 	: 	: 	: 	72.49 	71.00 	71.57 	75.03 	73.24 	77.36 	: 	78.70 	77.64 	82.75 	78.12 	83.77 u
A,I_IUBK,PC_IND_IU3,FRI1	: 	: 	: 	: 	: 	: 	: 	: 	73.48 	69.17 	70.44 	71.81 	73.87 	78.89 	: 	81.33 	76.17 	80.34 	78.35 	86.55 u
A,I_IUBK,PC_IND_IU3,FRI2	: 	: 	: 	: 	: 	: 	: 	: 	71.01 	71.05 	72.49 	82.06 	67.03 	71.17 	: 	81.01 	81.50 	90.79 	75.27 	73.46 u
A,I_IUBK,PC_IND_IU3,FRI3	: 	: 	: 	: 	: 	: 	: 	: 	70.92 	74.88 	73.49 	78.86 	74.80 	76.73 	: 	72.41 	78.89 	83.93 	78.69 	82.93 u
A,I_IUBK,PC_IND_IU3,FRJ	: 	: 	: 	: 	: 	: 	: 	: 	70.61 	71.91 	71.96 	72.11 	74.56 	74.23 	: 	77.65 	73.95 	82.85 	75.84 	83.48 u
A,I_IUBK,PC_IND_IU3,FRJ1	: 	: 	: 	: 	: 	: 	: 	: 	73.62 	73.53 	72.93 	70.96 	70.38 	69.65 	: 	75.13 	75.73 	86.04 	75.57 	80.03 u
A,I_IUBK,PC_IND_IU3,FRJ2	: 	: 	: 	: 	: 	: 	: 	: 	67.57 	70.43 	71.14 	73.23 	78.33 	78.42 	: 	80.20 	72.42 	79.99 	76.08 	86.66 u
A,I_IUBK,PC_IND_IU3,FRK	: 	: 	: 	: 	: 	67.02 	66.87 	70.95 	66.47 	68.93 	69.88 	71.48 	68.95 	75.68 	: 	78.79 	77.29 	79.42 	76.32 	83.24 u
A,I_IUBK,PC_IND_IU3,FRK1	: 	: 	: 	: 	: 	: 	: 	: 	66.92 	70.10 	66.18 	69.25 	59.60 	74.84 	: 	72.79 	77.61 	74.28 	73.74 	85.73 u
A,I_IUBK,PC_IND_IU3,FRK2	: 	: 	: 	: 	: 	: 	: 	: 	66.38 	68.70 	70.72 	71.95 	70.86 	75.82 	: 	79.88 	77.22 	80.45 	76.84 	82.79 u
A,I_IUBK,PC_IND_IU3,FRL	: 	: 	: 	: 	: 	: 	: 	: 	65.00 	64.88 	70.06 	69.70 	75.97 	72.21 	: 	80.22 	75.36 	81.69 	73.84 	82.20 u
A,I_IUBK,PC_IND_IU3,FRL0	: 	: 	: 	: 	: 	: 	: 	: 	65.00 	64.88 	70.06 	69.70 	75.97 	72.21 	: 	80.22 	75.36 	81.69 	73.84 	82.20 u
A,I_IUBK,PC_IND_IU3,FRM	: 	: 	: 	: 	: 	: 	: 	: 	: u	: u	52.97 u	74.67 u	71.54 u	78.24 u	: 	68.07 u	78.15 u	91.63 u	: u	63.05 u
A,I_IUBK,PC_IND_IU3,FRM0	: 	: 	: 	: 	: 	: 	: 	: 	: u	: u	52.97 u	74.67 u	71.54 u	78.24 u	: 	68.07 u	78.15 u	91.63 u	: u	63.05 u
A,I_IUBK,PC_IND_IU3,FRY	: 	: 	: 	: 	: 	: 	: 	: 	: 	59.02 	53.51 	55.16 	60.59 	52.96 	: 	69.96 	63.44 	68.17 	65.05 	79.73 u
A,I_IUBK,PC_IND_IU3,FRY1	: 	: 	: 	: 	: 	: 	: 	: 	: 	65.05 	51.70 	68.06 	53.58 	42.54 	: 	57.55 	64.69 	66.88 	58.93 	72.12 u
A,I_IUBK,PC_IND_IU3,FRY2	: 	: 	: 	: 	: 	: 	: 	: 	: 	50.16 	61.17 	56.82 	56.92 	65.75 	: 	69.79 	57.16 	79.10 	67.26 	70.71 u
A,I_IUBK,PC_IND_IU3,FRY3	: 	: 	: 	: 	: 	: 	: 	: 	: 	60.74 	72.27 	62.06 	76.82 	51.99 	: 	61.64 	60.43 	56.15 	59.34 	77.19 u
A,I_IUBK,PC_IND_IU3,FRY4	: 	: 	: 	: 	: 	: 	: 	: 	: 	59.30 	47.25 	46.94 	60.44 	51.52 	: 	78.00 	66.89 	68.17 	70.23 	86.79 u
A,I_IUBK,PC_IND_IU3,HR	: 	23.75 	31.48 	35.12 	37.25 	35.21 	33.40 	34.94 	27.91 	47.13 	52.73 	49.63 	54.11 	58.75 	64.04 	68.35 	70.62 	74.20 	73.56 	76.61 
A,I_IUBK,PC_IND_IU3,HR0	: 	: 	: 	: 	: 	35.21 	33.40 	34.94 	27.91 	47.13 	52.73 	49.63 	54.11 	58.75 	64.04 	68.35 	70.62 	74.20 	73.56 	76.61 
A,I_IUBK,PC_IND_IU3,HR03	: 	: 	: 	: 	: 	33.02 	33.08 	37.50 	22.64 	45.89 	51.72 	44.92 	52.98 	59.05 	62.03 	66.80 	72.45 	74.30 	73.08 	73.38 
A,I_IUBK,PC_IND_IU3,HR04	: 	: 	: 	: 	: 	36.27 	33.54 	33.75 	30.55 	47.73 	53.19 	51.41 	54.67 	58.59 	65.05 	: 	: 	: 	: 	: 
A,I_IUBK,PC_IND_IU3,HR05	: 	: 	: 	: 	: 	: 	: 	: 	: 	: 	: 	: 	: 	: 	: 	82.86 	74.76 	79.06 	86.68 	81.46 
A,I_IUBK,PC_IND_IU3,HR06	: 	: 	: 	: 	: 	: 	: 	: 	: 	: 	: 	: 	: 	: 	: 	72.08 	72.13 	74.44 	70.75 	80.18 
A,I_IUBK,PC_IND_IU3,HU	18.34 	22.36 	23.08 	26.66 	31.24 	31.23 	36.47 	37.14 	40.34 	46.41 	44.48 	49.12 	54.25 	58.11 	60.52 	63.16 	68.48 	71.64 	71.28 	74.54 
A,I_IUBK,PC_IND_IU3,HU1	: 	: 	: 	: 	: 	36.13 	42.60 	43.84 	45.76 	49.67 	51.94 	57.27 	63.63 	65.71 	67.12 	70.00 	77.92 	81.34 	82.60 	83.19 
A,I_IUBK,PC_IND_IU3,HU10	: 	: 	: 	: 	: 	36.13 	42.60 	43.84 	45.76 	49.67 	51.94 	57.27 	: 	: 	: 	: 	: 	: 	: 	: 
A,I_IUBK,PC_IND_IU3,HU11	: 	: 	: 	: 	: 	: 	: 	: 	: 	: 	: 	: 	69.62 	70.88 	72.62 	78.86 	83.35 	84.53 	85.22 	85.24 
A,I_IUBK,PC_IND_IU3,HU12	: 	: 	: 	: 	: 	: 	: 	: 	: 	: 	: 	: 	54.68 	58.49 	59.16 	58.34 	70.91 	77.15 	79.14 	80.48 
A,I_IUBK,PC_IND_IU3,HU2	: 	: 	: 	: 	: 	30.99 	38.16 	38.18 	42.78 	50.19 	45.42 	49.85 	53.89 	59.14 	59.26 	63.20 	66.70 	71.28 	68.00 	72.26 
A,I_IUBK,PC_IND_IU3,HU21	: 	: 	: 	: 	: 	29.59 	38.31 	34.95 	44.31 	55.12 	46.09 	53.35 	58.76 	65.07 	60.76 	65.66 	71.18 	74.77 	67.88 	74.19 
A,I_IUBK,PC_IND_IU3,HU22	: 	: 	: 	: 	: 	28.10 	35.81 	41.74 	40.98 	48.39 	39.80 	49.36 	55.72 	61.94 	61.72 	64.55 	66.36 	73.88 	72.24 	73.44 
A,I_IUBK,PC_IND_IU3,HU23	: 	: 	: 	: 	: 	36.18 	40.62 	38.26 	42.86 	45.99 	50.97 	45.88 	45.44 	48.07 	54.53 	58.47 	61.49 	63.71 	63.03 	68.40 
A,I_IUBK,PC_IND_IU3,HU3	: 	: 	: 	: 	: 	27.01 	29.41 	30.16 	33.41 	40.22 	36.86 	41.02 	46.03 	50.49 	55.62 	56.99 	61.52 	63.36 	63.97 	68.73 
A,I_IUBK,PC_IND_IU3,HU31	: 	: 	: 	: 	: 	28.57 	30.27 	27.65 	32.16 	37.73 	34.00 	38.08 	40.34 	45.42 	53.66 	56.16 	60.91 	61.27 	59.03 	68.19 
A,I_IUBK,PC_IND_IU3,HU32	: 	: 	: 	: 	: 	26.49 	27.46 	29.25 	31.36 	35.62 	35.24 	40.10 	45.43 	52.83 	53.41 	53.77 	60.77 	61.15 	62.00 	66.92 
A,I_IUBK,PC_IND_IU3,HU33	: 	: 	: 	: 	: 	26.16 	30.79 	33.37 	36.88 	47.80 	41.30 	44.63 	51.93 	52.26 	59.95 	61.55 	62.89 	67.81 	70.74 	71.35 
A,I_IUBK,PC_IND_IU3,IE	40.36 	42.69 	44.80 	46.42 	49.74 	43.50 	55.55 	58.25 	60.37 	64.24 	63.70 	70.95 	70.15 	74.59 	75.80 	77.70 b	90.07 	89.81 	87.94 	95.38 
A,I_IUBK,PC_IND_IU3,IE0	: 	: 	: 	: 	: 	43.50 	55.55 	58.25 	60.37 	64.24 	63.70 	70.95 	70.15 	74.59 	75.80 	77.70 b	90.07 	89.81 	87.94 	95.38 
A,I_IUBK,PC_IND_IU3,IE01	: 	: 	: 	: 	: 	44.35 	48.47 	52.12 	55.17 	59.42 	62.13 	66.38 	: 	: 	: 	: 	: 	: 	: 	: 
A,I_IUBK,PC_IND_IU3,IE02	: 	: 	: 	: 	: 	43.22 	57.91 	60.27 	62.07 	65.81 	64.17 	72.37 	: 	: 	: 	: 	: 	: 	: 	: 
A,I_IUBK,PC_IND_IU3,IE04	: 	: 	: 	: 	: 	: 	: 	: 	: 	: 	: 	: 	68.95 	70.91 	71.13 	84.97 b	85.13 	95.52 	91.68 	94.83 
A,I_IUBK,PC_IND_IU3,IE05	: 	: 	: 	: 	: 	: 	: 	: 	: 	: 	: 	: 	71.33 	74.15 	73.72 	73.57 b	89.27 	82.66 	89.30 	94.57 
A,I_IUBK,PC_IND_IU3,IE06	: 	: 	: 	: 	: 	: 	: 	: 	: 	: 	: 	: 	69.78 	76.07 	78.86 	77.71 b	91.52 	92.59 	85.14 	96.24 
A,I_IUBK,PC_IND_IU3,IS	75.64 	80.37 	74.66 	78.16 	82.56 	84.82 	89.64 	89.84 	93.11 	: 	: 	94.66 	95.22 	95.18 	96.44 	95.40 	: 	: 	: 	: 
A,I_IUBK,PC_IND_IU3,IS0	: 	: 	: 	: 	: 	84.82 	89.64 	89.84 	93.11 	: 	: 	94.66 	95.22 	95.18 	96.44 	95.40 	: 	: 	: 	: 
A,I_IUBK,PC_IND_IU3,IS00	: 	: 	: 	: 	: 	: 	: 	: 	: 	: 	: 	94.66 	95.22 	95.18 	96.44 	95.40 	: 	: 	: 	: 
A,I_IUBK,PC_IND_IU3,IT	24.74 	31.03 	31.54 	34.39 	34.25 	36.28 	37.00 	37.15 	42.08 	42.79 	42.04 	43.44 	45.63 	48.05 	50.61 	55.34 	56.84 	59.31 	61.65 	62.41 
A,I_IUBK,PC_IND_IU3,ITC	: 	: 	: 	: 	: 	45.19 	45.40 	43.44 	49.60 	53.18 	49.87 	50.60 	54.54 	56.42 	57.19 	63.25 	65.30 	68.18 	69.63 	70.09 
A,I_IUBK,PC_IND_IU3,ITC1	: 	: 	: 	: 	: 	45.93 	45.46 	41.15 	54.20 	53.83 	49.69 	51.18 	52.05 	52.55 	54.60 	62.47 	64.55 	67.67 	68.22 	67.74 
A,I_IUBK,PC_IND_IU3,ITC2	: 	: 	: 	: 	: 	49.74 	51.49 	48.38 	51.01 	59.63 	55.17 	56.54 	59.83 	57.59 	68.46 	61.84 	68.97 	72.15 	72.57 	70.21 
A,I_IUBK,PC_IND_IU3,ITC3	: 	: 	: 	: 	: 	33.97 	40.13 	38.37 	46.42 	48.78 	48.75 	45.62 	47.92 	51.52 	56.10 	58.96 	58.29 	61.82 	66.04 	68.57 
A,I_IUBK,PC_IND_IU3,ITC4	: 	: 	: 	: 	: 	46.44 	46.12 	45.07 	48.19 	53.48 	50.04 	51.06 	56.50 	58.76 	58.29 	64.24 	66.59 	69.27 	70.69 	71.31 
A,I_IUBK,PC_IND_IU3,ITF	: 	: 	: 	: 	: 	20.75 	23.39 	23.10 	28.14 	28.28 	26.83 	29.15 	29.29 	35.05 	38.05 	40.31 	40.30 	44.99 	46.99 	48.21 
A,I_IUBK,PC_IND_IU3,ITF1	: 	: 	: 	: 	: 	26.74 	26.08 	25.76 	30.55 	33.38 	34.87 	32.06 	35.67 	43.25 	42.07 	51.16 	48.84 	54.33 	57.61 	56.14 
A,I_IUBK,PC_IND_IU3,ITF2	: 	: 	: 	: 	: 	23.25 	24.67 	24.06 	30.55 	31.68 	31.09 	33.23 	31.58 	41.20 	40.95 	42.32 	44.28 	48.17 	52.52 	50.67 
A,I_IUBK,PC_IND_IU3,ITF3	: 	: 	: 	: 	: 	19.49 	23.21 	19.70 	27.10 	25.56 	23.84 	27.41 	25.41 	32.44 	36.53 	35.46 	38.54 	42.59 	43.16 	43.98 
A,I_IUBK,PC_IND_IU3,ITF4	: 	: 	: 	: 	: 	20.87 	23.43 	26.17 	29.67 	30.46 	28.08 	30.07 	31.97 	37.51 	41.21 	46.13 	41.25 	46.49 	51.29 	53.34 
A,I_IUBK,PC_IND_IU3,ITF5	: 	: 	: 	: 	: 	22.77 	23.63 	25.49 	27.64 	33.92 	29.17 	33.89 	35.38 	30.02 	40.93 	39.12 	39.68 	45.53 	44.84 	48.35 
A,I_IUBK,PC_IND_IU3,ITF6	: 	: 	: 	: 	: 	18.31 	21.49 	22.78 	26.05 	25.52 	25.21 	28.10 	28.02 	32.33 	31.88 	35.92 	36.57 	41.09 	40.69 	43.63 
A,I_IUBK,PC_IND_IU3,ITG	: 	: 	: 	: 	: 	30.79 	28.17 	28.99 	32.86 	34.02 	34.94 	35.33 	36.82 	40.04 	40.18 	43.12 	45.50 	47.94 	47.64 	54.57 
A,I_IUBK,PC_IND_IU3,ITG1	: 	: 	: 	: 	: 	29.65 	26.28 	26.79 	30.36 	29.68 	31.42 	32.10 	33.74 	36.41 	37.16 	39.77 	41.75 	43.83 	42.96 	52.00 
A,I_IUBK,PC_IND_IU3,ITG2	: 	: 	: 	: 	: 	33.53 	32.84 	34.18 	38.82 	45.02 	43.88 	44.07 	44.78 	50.75 	48.63 	52.00 	56.25 	59.45 	61.31 	61.88 
A,I_IUBK,PC_IND_IU3,ITH	: 	: 	: 	: 	: 	41.48 	43.04 	43.97 	47.41 	48.17 	49.93 	50.72 	53.30 	53.94 	58.09 	63.34 	64.59 	66.73 	69.42 	69.22 
A,I_IUBK,PC_IND_IU3,ITH1	: 	: 	: 	: 	: 	44.47 	44.14 	46.35 	51.12 	49.28 	47.40 	45.86 	55.13 	56.41 	55.89 	63.59 	66.10 	72.06 	69.26 	69.55 
A,I_IUBK,PC_IND_IU3,ITH2	: 	: 	: 	: 	: 	43.82 	42.22 	47.45 	52.22 	47.30 	47.05 	53.52 	52.74 	56.28 	63.48 	66.01 	67.94 	68.32 	72.85 	75.08 
A,I_IUBK,PC_IND_IU3,ITH3	: 	: 	: 	: 	: 	40.98 	45.23 	44.95 	46.35 	48.01 	50.82 	51.58 	54.82 	54.26 	58.01 	64.58 	66.17 	67.60 	69.91 	66.82 
A,I_IUBK,PC_IND_IU3,ITH4	: 	: 	: 	: 	: 	42.70 	43.28 	45.32 	48.57 	49.25 	50.57 	49.31 	50.97 	54.38 	57.53 	61.27 	63.74 	63.72 	67.69 	68.47 
A,I_IUBK,PC_IND_IU3,ITH5	: 	: 	: 	: 	: 	: 	40.53 	41.87 	47.17 	48.04 	49.39 	50.39 	52.18 	52.88 	57.96 	62.15 	62.48 	65.78 	68.93 	71.21 
A,I_IUBK,PC_IND_IU3,ITI	: 	: 	: 	: 	: 	35.41 	35.33 	38.26 	43.94 	41.44 	41.72 	44.94 	46.95 	48.36 	52.39 	58.96 	60.71 	60.89 	65.74 	64.25 
A,I_IUBK,PC_IND_IU3,ITI1	: 	: 	: 	: 	: 	36.09 	34.03 	40.76 	46.94 	45.37 	44.05 	46.37 	49.51 	48.83 	53.68 	61.95 	61.09 	61.39 	65.64 	65.67 
A,I_IUBK,PC_IND_IU3,ITI2	: 	: 	: 	: 	: 	32.78 	34.65 	35.72 	40.98 	43.23 	42.84 	43.27 	47.23 	47.21 	48.15 	53.14 	55.91 	61.41 	66.05 	62.29 
A,I_IUBK,PC_IND_IU3,ITI3	: 	: 	: 	: 	: 	: 	34.57 	35.45 	38.79 	41.59 	39.04 	45.22 	44.37 	48.29 	47.73 	56.04 	61.90 	58.74 	63.82 	67.64 
A,I_IUBK,PC_IND_IU3,ITI4	: 	: 	: 	: 	: 	35.65 	36.46 	37.73 	43.71 	38.65 	40.83 	44.23 	45.88 	48.24 	53.31 	58.68 	60.86 	61.03 	66.24 	62.77 
A,I_IUBK,PC_IND_IU3,LT	35.10 	43.04 	51.21 	55.80 	60.93 	64.19 	64.52 	67.82 	74.26 	70.28 	72.87 	72.39 	76.04 	79.34 	81.39 	83.27 	85.29 	85.57 	89.31 	88.78 
A,I_IUBK,PC_IND_IU3,LT0	: 	: 	: 	: 	: 	64.19 	64.52 	67.82 	74.26 	70.28 	72.87 	72.39 	76.04 	79.34 	81.39 	83.27 	85.29 	85.57 	89.31 	88.78 
A,I_IUBK,PC_IND_IU3,LT00	: 	: 	: 	: 	: 	64.19 	64.52 	67.82 	74.26 	70.28 	72.87 	72.39 	: 	: 	: 	: 	: 	: 	: 	: 
A,I_IUBK,PC_IND_IU3,LT01	: 	: 	: 	: 	: 	: 	: 	: 	: 	: 	: 	: 	78.71 	85.18 	89.04 	89.67 	90.41 	91.69 	93.59 	93.82 
A,I_IUBK,PC_IND_IU3,LT02	: 	: 	: 	: 	: 	: 	: 	: 	: 	: 	: 	: 	74.91 	76.91 	77.97 	80.50 	83.11 	82.83 	87.39 	86.44 
A,I_IUBK,PC_IND_IU3,LU	57.50 	58.38 	60.14 	62.22 	62.95 	65.06 	69.01 	67.11 	70.25 	66.88 	72.73 	78.49 	70.11 b	73.22 	71.74 	72.73 	71.21 	71.61 	77.01 	75.06 
A,I_IUBK,PC_IND_IU3,LU0	: 	: 	: 	: 	: 	65.06 	69.01 	67.11 	70.25 	66.88 	72.73 	78.49 	70.11 b	73.22 	71.74 	72.73 	71.21 	71.61 	77.01 	75.06 
A,I_IUBK,PC_IND_IU3,LU00	: 	: 	: 	: 	: 	65.06 	69.01 	67.11 	70.25 	66.88 	72.73 	78.49 	70.11 b	73.22 	71.74 	72.73 	71.21 	71.61 	77.01 	75.06 
A,I_IUBK,PC_IND_IU3,LV	43.86 	50.18 	63.70 	65.79 	71.62 	76.21 	64.47 	72.96 	74.86 	81.21 	77.76 b	75.25 	79.37 	83.10 	85.95 	87.88 	90.30 	90.70 	91.15 	91.02 
A,I_IUBK,PC_IND_IU3,LV0	: 	: 	: 	: 	: 	76.21 	64.47 	72.96 	74.86 	81.21 	77.76 b	75.25 	79.37 	83.10 	85.95 	87.88 	90.30 	90.70 	91.15 	91.02 
A,I_IUBK,PC_IND_IU3,LV00	: 	: 	: 	: 	: 	76.21 	64.47 	72.96 	74.86 	81.21 	77.76 b	75.25 	79.37 	83.10 	85.95 	87.88 	90.30 	90.70 	91.15 	91.02 
A,I_IUBK,PC_IND_IU3,ME	: 	: 	: 	: 	: 	: 	3.75 	: 	: 	: 	: 	5.38 	2.64 	4.30 	9.54 	9.83 	12.87 	15.23 	18.16 	19.11 
A,I_IUBK,PC_IND_IU3,ME0	: 	: 	: 	: 	: 	: 	: 	: 	: 	: 	: 	: 	: 	: 	: 	: 	: 	15.23 	18.16 	19.11 
A,I_IUBK,PC_IND_IU3,MK	1.49 	: 	7.24 	7.28 	7.43 	: 	13.57 	9.09 	12.52 	7.00 	12.01 	10.92 	11.94 	18.29 	18.78 	31.19 	: 	: 	40.27 	37.43 
A,I_IUBK,PC_IND_IU3,MK0	: 	: 	: 	: 	: 	: 	13.57 	9.09 	12.52 	7.00 	12.01 	10.92 	11.94 	18.29 	18.78 	31.19 	: 	: 	40.27 	37.43 
A,I_IUBK,PC_IND_IU3,MK00	: 	: 	: 	: 	: 	: 	13.57 	9.09 	12.52 	7.00 	12.01 	10.92 	11.94 	18.29 	18.78 	: 	: 	: 	: 	: 
A,I_IUBK,PC_IND_IU3,MT	41.85 	48.19 	51.65 	55.90 	60.73 	61.81 	59.95 	62.48 	61.09 	61.86 	60.24 	61.94 	62.35 	62.81 	69.45 	71.82 	72.45 	73.32 	79.14 	80.78 
A,I_IUBK,PC_IND_IU3,MT0	: 	: 	: 	: 	: 	61.81 	59.95 	62.48 	61.09 	61.86 	60.24 	61.94 	62.35 	62.81 	69.45 	71.82 	72.45 	73.32 	79.14 	80.78 
A,I_IUBK,PC_IND_IU3,MT00	: 	: 	: 	: 	: 	61.81 	59.95 	62.48 	61.09 	61.86 	60.24 	61.94 	62.35 	62.81 	69.45 	71.82 	72.45 	73.32 	79.14 	80.78 
A,I_IUBK,PC_IND_IU3,NL	72.51 	77.10 	79.26 	82.38 	85.61 	86.44 	86.49 	87.28 	89.54 	90.80 	90.79 	93.27 	93.95 	94.36 	95.10 	96.02 	95.75 	95.95 	96.81 	95.83 
A,I_IUBK,PC_IND_IU3,NL1	: 	: 	: 	: 	: 	87.41 	85.54 	85.28 	87.42 	89.42 	91.08 	93.08 	93.98 	93.06 	93.24 	94.78 	96.61 	96.21 	96.14 	95.01 
A,I_IUBK,PC_IND_IU3,NL11	: 	: 	: 	: 	: 	86.68 	82.67 	88.58 	91.13 	92.70 	91.47 	92.48 	97.11 	94.11 	91.91 	94.34 	98.28 	97.21 	98.02 	96.14 
A,I_IUBK,PC_IND_IU3,NL12	: 	: 	: 	: 	: 	86.57 	89.07 	83.14 	84.01 	88.97 	89.12 	93.63 	93.11 	90.85 	94.06 	92.02 	95.27 	94.80 	94.85 	93.93 
A,I_IUBK,PC_IND_IU3,NL13	: 	: 	: 	: 	: 	89.27 	84.32 	84.03 	87.43 	85.94 	93.19 	93.14 	91.15 	94.76 	93.80 	98.98 	96.30 	96.82 	95.48 	95.03 
A,I_IUBK,PC_IND_IU3,NL2	: 	: 	: 	: 	: 	87.62 	85.61 	86.99 	89.48 	91.25 	92.10 	93.34 	93.03 	94.31 	95.41 	95.84 	94.98 	96.27 	96.51 	94.70 
A,I_IUBK,PC_IND_IU3,NL21	: 	: 	: 	: 	: 	86.12 	88.11 	87.99 	90.21 	90.97 	88.73 	93.91 	92.93 	94.34 	95.44 	94.72 	96.17 	95.36 	95.84 	93.78 
A,I_IUBK,PC_IND_IU3,NL22	: 	: 	: 	: 	: 	86.92 	84.88 	85.65 	87.88 	91.64 	92.84 	93.75 	92.93 	94.70 	95.87 	96.28 	93.91 	96.69 	96.44 	95.99 
A,I_IUBK,PC_IND_IU3,NL23	: 	: 	: 	: 	: 	95.88 	82.30 	90.84 	95.84 	90.00 	97.46 	89.97 	93.75 	92.33 	93.11 	96.75 	96.98 	96.68 	98.57 	91.08 
A,I_IUBK,PC_IND_IU3,NL3	: 	: 	: 	: 	: 	86.06 	87.43 	88.37 	90.48 	91.90 	90.90 	93.28 	94.31 	95.55 	95.69 	96.94 	96.02 	96.03 	97.61 	96.73 
A,I_IUBK,PC_IND_IU3,NL31	: 	: 	: 	: 	: 	89.04 	89.98 	91.81 	92.63 	90.12 	94.28 	92.87 	95.56 	96.63 	97.21 	97.59 	96.54 	97.06 	: 	: 
A,I_IUBK,PC_IND_IU3,NL32	: 	: 	: 	: 	: 	87.27 	88.58 	87.87 	89.20 	91.46 	89.69 	94.48 	94.86 	94.63 	95.62 	97.18 	97.01 	96.40 	97.58 	97.22 
A,I_IUBK,PC_IND_IU3,NL33	: 	: 	: 	: 	: 	84.43 	85.38 	87.85 	90.32 	92.58 	91.06 	93.00 	93.13 	96.22 	95.36 	96.62 	95.22 	95.54 	: 	: 
A,I_IUBK,PC_IND_IU3,NL34	: 	: 	: 	: 	: 	82.98 	89.37 	85.30 	94.11 	94.96 	86.73 	88.27 	97.08 	92.28 	94.11 	95.96 	94.05 	94.24 	93.18 	98.14 
A,I_IUBK,PC_IND_IU3,NL35	: 	: 	: 	: 	: 	: 	: 	: 	: 	: 	: 	: 	: 	: 	: 	: 	: 	: 	98.33 	95.82 
A,I_IUBK,PC_IND_IU3,NL36	: 	: 	: 	: 	: 	: 	: 	: 	: 	: 	: 	: 	: 	: 	: 	: 	: 	: 	97.81 	96.53 
A,I_IUBK,PC_IND_IU3,NL4	: 	: 	: 	: 	: 	85.67 	85.73 	86.08 	88.48 	88.58 	89.12 	93.27 	94.07 	92.34 	94.32 	94.70 	95.53 	95.32 	95.61 	95.26 
A,I_IUBK,PC_IND_IU3,NL41	: 	: 	: 	: 	: 	85.73 	85.79 	86.30 	87.42 	88.14 	88.66 	92.97 	93.54 	92.31 	93.97 	94.57 	95.37 	95.50 	96.31 	96.01 
A,I_IUBK,PC_IND_IU3,NL42	: 	: 	: 	: 	: 	85.55 	85.61 	85.62 	90.78 	89.56 	90.12 	93.93 	95.27 	92.42 	95.10 	94.99 	95.90 	94.90 	93.99 	93.49 
A,I_IUBK,PC_IND_IU3,NO	81.95 	82.98 	84.39 	84.85 	90.14 	91.05 	91.32 	91.33 	92.66 	93.34 	93.76 	94.65 	95.62 	96.79 	95.96 	96.68 	96.13 	97.16 	97.32 	96.84 
A,I_IUBK,PC_IND_IU3,NO0	: 	: 	: 	: 	: 	91.05 	91.32 	91.33 	92.66 	93.34 	93.76 	94.65 	95.62 	96.79 	95.96 	96.68 	96.13 	97.16 	97.32 	96.84 
A,I_IUBK,PC_IND_IU3,NO01	: 	: 	: 	: 	: 	94.05 	92.08 	93.01 	94.37 	93.95 	94.64 	97.21 	96.36 	97.12 	95.05 	: 	: 	: 	: 	: 
A,I_IUBK,PC_IND_IU3,NO02	: 	: 	: 	: 	: 	84.32 	86.85 	90.46 	91.08 	94.11 	94.27 	89.00 	94.31 	96.65 	91.81 	96.23 	94.97 	97.75 	99.42 	95.66 
A,I_IUBK,PC_IND_IU3,NO03	: 	: 	: 	: 	: 	88.82 	91.71 	87.44 	92.56 	92.85 	94.56 	92.91 	94.51 	97.48 	97.55 	: 	: 	: 	: 	: 
A,I_IUBK,PC_IND_IU3,NO04	: 	: 	: 	: 	: 	89.73 	93.49 	90.04 	89.71 	91.81 	91.60 	96.15 	93.58 	94.58 	94.78 	: 	: 	: 	: 	: 
A,I_IUBK,PC_IND_IU3,NO05	: 	: 	: 	: 	: 	92.25 	90.62 	92.56 	91.38 	97.41 	94.25 	92.84 	97.65 	96.67 	98.00 	: 	: 	: 	: 	: 
A,I_IUBK,PC_IND_IU3,NO06	: 	: 	: 	: 	: 	95.05 	89.26 	96.52 	94.93 	88.66 	92.28 	96.62 	94.88 	97.36 	95.93 	96.19 	95.76 	96.15 	96.42 	96.95 
A,I_IUBK,PC_IND_IU3,NO07	: 	: 	: 	: 	: 	87.11 	92.57 	90.15 	94.44 	91.06 	93.43 	94.66 	97.35 	97.71 	96.46 	96.31 	95.71 	99.56 	98.58 	96.56 
A,I_IUBK,PC_IND_IU3,NO08	: 	: 	: 	: 	: 	: 	: 	: 	: 	: 	: 	: 	: 	: 	: 	97.80 	96.95 	97.52 	97.07 	98.54 
A,I_IUBK,PC_IND_IU3,NO09	: 	: 	: 	: 	: 	: 	: 	: 	: 	: 	: 	: 	: 	: 	: 	96.08 	97.43 	97.15 	97.08 	97.66 
A,I_IUBK,PC_IND_IU3,NO0A	: 	: 	: 	: 	: 	: 	: 	: 	: 	: 	: 	: 	: 	: 	: 	95.71 	94.96 	96.02 	97.12 	95.06 
A,I_IUBK,PC_IND_IU3,PL	22.71 	28.99 	34.95 	38.16 	43.04 	44.33 	51.28 	50.93 	48.93 	45.89 	53.36 	52.33 	56.76 	58.76 	59.49 	61.19 	63.90 	68.38 	64.06 	64.88 
A,I_IUBK,PC_IND_IU3,PL1	: 	: 	: 	: 	: 	50.46 	57.82 	55.15 	53.75 	48.40 	53.45 	55.04 	: 	: 	: 	: 	: 	: 	: 	: 
A,I_IUBK,PC_IND_IU3,PL2	: 	: 	: 	: 	: 	45.01 	53.43 	56.24 	53.24 	53.12 	61.07 	54.01 	61.01 	61.41 	58.42 	60.11 	60.99 	71.35 	64.42 	62.89 
A,I_IUBK,PC_IND_IU3,PL21	: 	: 	: 	: 	: 	: 	: 	: 	: 	: 	: 	: 	: 	: 	: 	: 	: 	68.61 	56.53 	54.65 
A,I_IUBK,PC_IND_IU3,PL22	: 	: 	: 	: 	: 	: 	: 	: 	: 	: 	: 	: 	: 	: 	: 	: 	: 	73.52 	69.62 	69.92 
A,I_IUBK,PC_IND_IU3,PL3	: 	: 	: 	: 	: 	30.50 	38.70 	40.49 	39.04 	38.27 	42.89 	44.20 	: 	: 	: 	: 	: 	: 	: 	: 
A,I_IUBK,PC_IND_IU3,PL4	: 	: 	: 	: 	: 	46.75 	50.50 	47.34 	45.47 	42.37 	51.93 	52.91 	54.64 	56.49 	57.94 	61.18 	62.00 	67.36 	64.14 	59.73 
A,I_IUBK,PC_IND_IU3,PL41	: 	: 	: 	: 	: 	: 	: 	: 	: 	: 	: 	: 	: 	: 	: 	: 	: 	66.57 	67.86 	59.77 
A,I_IUBK,PC_IND_IU3,PL42	: 	: 	: 	: 	: 	: 	: 	: 	: 	: 	: 	: 	: 	: 	: 	: 	: 	58.46 	68.26 	64.77 
A,I_IUBK,PC_IND_IU3,PL43	: 	: 	: 	: 	: 	: 	: 	: 	: 	: 	: 	: 	: 	: 	: 	: 	: 	81.53 	51.10 	54.84 
A,I_IUBK,PC_IND_IU3,PL5	: 	: 	: 	: 	: 	50.23 	57.33 	54.26 	52.94 	49.95 	52.52 	53.00 	59.13 	62.99 	60.44 	68.82 	72.44 	71.32 	66.28 	69.13 
A,I_IUBK,PC_IND_IU3,PL51	: 	: 	: 	: 	: 	: 	: 	: 	: 	: 	: 	: 	: 	: 	: 	: 	: 	71.80 	67.64 	70.52 
A,I_IUBK,PC_IND_IU3,PL52	: 	: 	: 	: 	: 	: 	: 	: 	: 	: 	: 	: 	: 	: 	: 	: 	: 	69.33 	59.84 	64.22 
A,I_IUBK,PC_IND_IU3,PL6	: 	: 	: 	: 	: 	42.60 	47.92 	50.25 	48.82 	42.00 	57.08 	54.98 	60.08 	59.62 	59.17 	60.02 	61.90 	68.03 	63.89 	60.32 
A,I_IUBK,PC_IND_IU3,PL61	: 	: 	: 	: 	: 	: 	: 	: 	: 	: 	: 	: 	: 	: 	: 	: 	: 	71.82 	65.25 	62.12 
A,I_IUBK,PC_IND_IU3,PL62	: 	: 	: 	: 	: 	: 	: 	: 	: 	: 	: 	: 	: 	: 	: 	: 	: 	60.46 	52.23 	52.34 
A,I_IUBK,PC_IND_IU3,PL63	: 	: 	: 	: 	: 	: 	: 	: 	: 	: 	: 	: 	: 	: 	: 	: 	: 	69.80 	69.23 	62.68 
A,I_IUBK,PC_IND_IU3,PL7	: 	: 	: 	: 	: 	: 	: 	: 	: 	: 	: 	: 	51.51 	53.19 	58.71 	62.46 	58.24 	62.67 	61.97 	64.90 
A,I_IUBK,PC_IND_IU3,PL71	: 	: 	: 	: 	: 	: 	: 	: 	: 	: 	: 	: 	: 	: 	: 	: 	: 	65.08 	64.54 	64.86 
A,I_IUBK,PC_IND_IU3,PL72	: 	: 	: 	: 	: 	: 	: 	: 	: 	: 	: 	: 	: 	: 	: 	: 	: 	58.94 	57.07 	64.95 
A,I_IUBK,PC_IND_IU3,PL8	: 	: 	: 	: 	: 	: 	: 	: 	: 	: 	: 	: 	49.01 	51.60 	55.08 	53.65 	64.39 	63.65 	62.99 	64.04 
A,I_IUBK,PC_IND_IU3,PL81	: 	: 	: 	: 	: 	: 	: 	: 	: 	: 	: 	: 	: 	: 	: 	: 	: 	64.30 	61.04 	59.59 
A,I_IUBK,PC_IND_IU3,PL82	: 	: 	: 	: 	: 	: 	: 	: 	: 	: 	: 	: 	: 	: 	: 	: 	: 	64.68 	66.47 	71.59 
A,I_IUBK,PC_IND_IU3,PL84	: 	: 	: 	: 	: 	: 	: 	: 	: 	: 	: 	: 	: 	: 	: 	: 	: 	60.24 	60.14 	57.29 
A,I_IUBK,PC_IND_IU3,PL9	: 	: 	: 	: 	: 	: 	: 	: 	: 	: 	: 	: 	60.36 	64.62 	65.79 	65.62 	69.82 	72.89 	64.85 	74.55 
A,I_IUBK,PC_IND_IU3,PL91	: 	: 	: 	: 	: 	: 	: 	: 	: 	: 	: 	: 	: 	: 	: 	: 	: 	83.00 	78.23 	80.36 
A,I_IUBK,PC_IND_IU3,PL92	: 	: 	: 	: 	: 	: 	: 	: 	: 	: 	: 	: 	: 	: 	: 	: 	: 	60.92 	53.25 	70.48 
A,I_IUBK,PC_IND_IU3,PT	27.50 	29.44 	32.41 	36.59 	38.13 	40.42 	40.80 	36.43 	39.12 	41.11 	41.00 	42.40 	51.63 	55.67 	60.14 	64.19 	67.99 	68.64 	71.75 	72.93 
A,I_IUBK,PC_IND_IU3,PT1	: 	: 	: 	: 	: 	40.80 	41.03 	36.68 	39.21 	41.38 	41.29 	42.61 	51.86 	55.92 	60.31 	64.44 	68.16 	68.71 	71.91 	73.05 
A,I_IUBK,PC_IND_IU3,PT11	: 	: 	: 	: 	: 	40.31 	38.99 	33.32 	34.37 	37.92 	35.16 	34.94 	47.18 	53.30 	57.10 	63.89 	67.77 	67.98 	69.09 	68.98 
A,I_IUBK,PC_IND_IU3,PT15	: 	: 	: 	: 	: 	30.52 	32.34 	31.51 	33.09 	35.22 	44.10 	42.80 	54.52 	51.28 	58.68 	62.79 	60.28 	66.87 	70.22 	68.21 
A,I_IUBK,PC_IND_IU3,PT16	: 	: 	: 	: 	: 	38.75 	41.52 	37.77 	37.17 	38.17 	39.70 	41.35 	50.34 	55.62 	61.75 	62.72 	67.00 	66.11 	: 	: 
A,I_IUBK,PC_IND_IU3,PT17	: 	: 	: 	: 	: 	45.39 	44.44 	41.18 	47.14 	48.97 	49.21 	52.73 	58.28 	61.75 	64.58 	68.44 	72.80 	73.02 	: 	: 
A,I_IUBK,PC_IND_IU3,PT18	: 	: 	: 	: 	: 	32.92 	38.60 	30.86 	35.81 	37.11 	37.37 	38.10 	48.83 	45.11 	54.09 	55.77 	58.50 	63.10 	: 	: 
A,I_IUBK,PC_IND_IU3,PT19	: 	: 	: 	: 	: 	: 	: 	: 	: 	: 	: 	: 	: 	: 	: 	: 	: 	: 	68.85 	76.59 
A,I_IUBK,PC_IND_IU3,PT1A	: 	: 	: 	: 	: 	: 	: 	: 	: 	: 	: 	: 	: 	: 	: 	: 	: 	: 	79.16 	79.31 
A,I_IUBK,PC_IND_IU3,PT1B	: 	: 	: 	: 	: 	: 	: 	: 	: 	: 	: 	: 	: 	: 	: 	: 	: 	: 	75.81 	74.87 
A,I_IUBK,PC_IND_IU3,PT1C	: 	: 	: 	: 	: 	: 	: 	: 	: 	: 	: 	: 	: 	: 	: 	: 	: 	: 	70.46 	66.31 
A,I_IUBK,PC_IND_IU3,PT1D	: 	: 	: 	: 	: 	: 	: 	: 	: 	: 	: 	: 	: 	: 	: 	: 	: 	: 	68.30 	71.66 
A,I_IUBK,PC_IND_IU3,PT2	: 	: 	: 	: 	: 	24.52 	32.39 	27.52 	35.62 	35.57 	33.44 	35.47 	44.16 	46.94 	55.44 	56.13 	61.87 	64.09 	65.70 	68.04 
A,I_IUBK,PC_IND_IU3,PT20	: 	: 	: 	: 	: 	24.52 	32.39 	27.52 	35.62 	35.57 	33.44 	35.47 	44.16 	46.94 	55.44 	56.13 	61.87 	64.09 	65.70 	68.04 
A,I_IUBK,PC_IND_IU3,PT3	: 	: 	: 	: 	: 	38.94 	39.50 	35.54 	39.24 	36.54 	37.68 	41.42 	50.35 	55.15 	58.31 	62.66 	67.55 	70.28 	71.38 	72.81 
A,I_IUBK,PC_IND_IU3,PT30	: 	: 	: 	: 	: 	38.94 	39.50 	35.54 	39.24 	36.54 	37.68 	41.42 	50.35 	55.15 	58.31 	62.66 	67.55 	70.28 	71.38 	72.81 
A,I_IUBK,PC_IND_IU3,RO	3.02 	6.91 	6.93 	7.04 	9.07 	8.77 	7.52 	8.63 	7.70 b	9.57 	8.50 	10.72 	9.71 	11.35 	14.85 	18.54 	22.44 	24.54 	30.36 	33.25 
A,I_IUBK,PC_IND_IU3,RO1	: 	: 	: 	: 	: 	11.36 	9.03 	10.46 	9.00 b	13.87 	12.73 	14.06 	11.95 	16.54 	17.53 	22.13 	23.72 	26.68 	31.21 	34.17 
A,I_IUBK,PC_IND_IU3,RO11	: 	: 	: 	: 	: 	12.75 	10.01 	10.32 	10.07 b	17.70 	16.87 	16.38 	11.62 	16.11 	16.51 	19.40 	22.47 	29.39 	29.31 	35.82 
A,I_IUBK,PC_IND_IU3,RO12	: 	: 	: 	: 	: 	9.92 	7.89 	10.62 	7.85 b	9.83 	8.18 	11.26 	12.35 	17.09 	18.78 	25.28 	25.14 	23.54 	33.39 	32.38 
A,I_IUBK,PC_IND_IU3,RO2	: 	: 	: 	: 	: 	6.82 	6.78 	7.91 	5.98 b	6.04 	7.58 	11.02 	8.62 	7.73 	10.13 	13.74 	18.79 	20.53 	26.38 	28.65 
A,I_IUBK,PC_IND_IU3,RO21	: 	: 	: 	: 	: 	7.38 	7.67 	8.67 	6.52 b	8.42 	10.39 	11.63 	10.55 	8.79 	10.92 	17.22 	21.24 	21.90 	28.37 	28.41 
A,I_IUBK,PC_IND_IU3,RO22	: 	: 	: 	: 	: 	6.09 	5.67 	6.89 	5.30 b	2.78 	3.91 	10.22 	5.98 	6.27 	9.08 	8.89 	15.54 	18.60 	23.66 	28.97 
A,I_IUBK,PC_IND_IU3,RO3	: 	: 	: 	: 	: 	9.77 	8.80 	10.02 	9.90 b	11.36 	7.87 	11.36 	11.66 	12.40 	20.35 	23.15 	28.29 	31.28 	37.07 	41.91 
A,I_IUBK,PC_IND_IU3,RO31	: 	: 	: 	: 	: 	2.88 	5.73 	4.02 	3.19 b	4.45 	4.00 	5.83 	5.16 	6.83 	12.57 	15.13 	17.92 	22.83 	28.70 	33.12 
A,I_IUBK,PC_IND_IU3,RO32	: 	: 	: 	: 	: 	16.00 	11.74 	15.22 	15.21 b	17.51 	11.27 	16.75 	17.75 	18.73 	28.49 	32.32 	38.32 	40.78 	46.81 	51.99 
A,I_IUBK,PC_IND_IU3,RO4	: 	: 	: 	: 	: 	6.95 	4.87 	5.44 	5.17 b	5.85 	4.98 	5.02 	5.25 	7.92 	10.32 	14.08 	17.22 	18.07 	25.33 	26.36 
A,I_IUBK,PC_IND_IU3,RO41	: 	: 	: 	: 	: 	7.66 	1.72 	4.91 	6.88 b	6.54 	3.99 	3.75 	5.45 	8.03 	13.86 	14.44 	17.04 	16.46 	20.43 	19.27 
A,I_IUBK,PC_IND_IU3,RO42	: 	: 	: 	: 	: 	6.28 	7.74 	5.97 	4.01 b	5.24 	6.01 	6.19 	5.05 	7.81 	7.32 	13.72 	17.41 	19.77 	30.10 	34.07 
A,I_IUBK,PC_IND_IU3,RS	: 	13.96 	: 	11.98 	: 	: 	: 	: 	: 	12.92 	: 	22.67 	20.36 	23.06 	21.59 	25.57 	29.73 	37.28 	41.18 	41.60 
A,I_IUBK,PC_IND_IU3,RS1	: 	: 	: 	: 	: 	: 	: 	: 	: 	: 	: 	: 	: 	29.50 	22.37 	33.56 	38.47 	43.75 	45.73 	43.36 
A,I_IUBK,PC_IND_IU3,RS11	: 	: 	: 	: 	: 	: 	: 	: 	: 	: 	: 	: 	: 	34.10 	24.61 	37.06 	47.65 	46.63 	52.29 	46.86 
A,I_IUBK,PC_IND_IU3,RS12	: 	: 	: 	: 	: 	: 	: 	: 	: 	: 	: 	: 	: 	25.85 	20.19 	31.16 	29.89 	41.27 	40.08 	39.79 
A,I_IUBK,PC_IND_IU3,RS2	: 	: 	: 	: 	: 	: 	: 	: 	: 	: 	: 	: 	: 	16.52 	20.90 	18.43 	22.17 	30.73 	36.06 	39.65 
A,I_IUBK,PC_IND_IU3,RS21	: 	: 	: 	: 	: 	: 	: 	: 	: 	: 	: 	: 	: 	16.70 	21.70 	18.31 	21.60 	37.37 	34.36 	35.90 
A,I_IUBK,PC_IND_IU3,RS22	: 	: 	: 	: 	: 	: 	: 	: 	: 	: 	: 	: 	: 	16.29 	19.76 	18.57 	23.10 	22.71 	38.35 	44.22 
A,I_IUBK,PC_IND_IU3,SE	66.00 	70.82 	73.46 	78.87 	82.56 	83.96 	85.01 	86.32 	88.26 	87.89 	89.16 b	89.90 	91.07 	86.59 	87.24 	86.30 	86.25 	86.58 	84.70 	83.44 
A,I_IUBK,PC_IND_IU3,SE1	: 	: 	: 	: 	: 	86.59 	86.14 	87.63 	86.55 	88.68 	90.47 b	87.97 	91.97 	86.72 	89.17 	85.33 	86.49 	86.97 	85.17 	82.58 
A,I_IUBK,PC_IND_IU3,SE11	: 	: 	: 	: 	: 	87.82 	87.88 	85.79 	87.42 	88.07 	91.69 b	88.58 	92.41 	87.12 	88.44 	86.51 	87.09 	87.14 	85.70 	84.11 
A,I_IUBK,PC_IND_IU3,SE12	: 	: 	: 	: 	: 	84.88 	83.79 	90.35 	85.39 	89.51 	88.97 b	87.31 	91.40 	86.09 	90.18 	83.63 	85.70 	86.73 	84.42 	80.57 
A,I_IUBK,PC_IND_IU3,SE2	: 	: 	: 	: 	: 	83.39 	84.43 	86.28 	90.11 	87.13 	89.01 b	91.43 	90.98 	85.38 	86.12 	87.61 	86.82 	86.43 	83.55 	83.92 
A,I_IUBK,PC_IND_IU3,SE21	: 	: 	: 	: 	: 	81.49 	82.09 	85.39 	85.33 	89.03 	90.57 b	94.04 	87.17 	84.43 	84.94 	83.99 	85.83 	83.50 	83.54 	81.27 
A,I_IUBK,PC_IND_IU3,SE22	: 	: 	: 	: 	: 	85.17 	83.26 	87.48 	89.08 	88.26 	89.66 b	89.37 	87.31 	83.80 	84.09 	89.83 	83.07 	84.80 	84.60 	84.69 
A,I_IUBK,PC_IND_IU3,SE23	: 	: 	: 	: 	: 	83.00 	86.19 	85.85 	92.63 	85.70 	87.86 b	91.70 	95.28 	86.85 	87.87 	87.45 	89.84 	89.10 	82.86 	84.64 
A,I_IUBK,PC_IND_IU3,SE3	: 	: 	: 	: 	: 	79.66 	83.75 	83.40 	87.03 	87.89 	86.35 b	90.72 	89.10 	89.26 	85.29 	85.48 	83.99 	86.06 	86.51 	84.34 
A,I_IUBK,PC_IND_IU3,SE31	: 	: 	: 	: 	: 	74.54 	84.33 	84.75 	88.52 	87.02 	89.63 b	88.92 	87.07 	86.60 	80.97 	85.99 	88.91 	86.23 	85.79 	82.38 
A,I_IUBK,PC_IND_IU3,SE32	: 	: 	: 	: 	: 	87.25 	84.02 	76.31 u	83.81 	87.18 	83.31 bu	90.41 u	94.25 u	81.20 u	89.76 	81.17 	74.98 	84.80 	89.78 	88.11 
A,I_IUBK,PC_IND_IU3,SE33	: 	: 	: 	: 	: 	83.50 	82.75 	86.10 	87.62 u	89.89 	84.16 b	93.59 	88.74 	96.58 	89.24 	87.68 	82.71 	86.73 	85.34 	84.52 
A,I_IUBK,PC_IND_IU3,SI	31.68 	35.90 	37.55 	39.49 	42.04 	46.00 	41.08 	44.46 	45.09 	46.05 	46.65 	49.51 	52.57 	56.71 	59.81 	64.18 	63.95 	67.15 	70.48 	71.65 
A,I_IUBK,PC_IND_IU3,SI0	: 	: 	: 	: 	: 	46.00 	41.08 	44.46 	45.09 	46.05 	46.65 	49.51 	52.57 	56.71 	59.81 	64.18 	63.95 	67.15 	70.48 	71.65 
A,I_IUBK,PC_IND_IU3,SI01	: 	: 	: 	: 	: 	: 	: 	: 	41.48 	: 	: 	: 	: 	: 	: 	: 	: 	: 	: 	: 
A,I_IUBK,PC_IND_IU3,SI02	: 	: 	: 	: 	: 	: 	: 	: 	48.79 	: 	: 	: 	: 	: 	: 	: 	: 	: 	: 	: 
A,I_IUBK,PC_IND_IU3,SI03	: 	: 	: 	: 	: 	: 	: 	: 	: 	44.61 	44.30 	48.25 	50.09 	54.33 	59.99 	60.96 	61.63 	65.90 	67.85 	71.32 
A,I_IUBK,PC_IND_IU3,SI04	: 	: 	: 	: 	: 	: 	: 	: 	: 	47.46 	49.08 	50.83 	55.16 	59.15 	59.61 	67.48 	66.38 	68.46 	73.23 	72.00 
A,I_IUBK,PC_IND_IU3,SK	25.42 	27.00 	36.99 	37.56 	43.35 	45.48 	51.55 	49.74 	50.75 	48.01 	56.38 	62.61 	61.91 	66.11 	64.72 	65.10 	53.99 	66.18 	64.56 	65.43 
A,I_IUBK,PC_IND_IU3,SK0	: 	: 	: 	: 	: 	45.48 	51.55 	49.74 	50.75 	48.01 	56.38 	62.61 	61.91 	66.11 	64.72 	65.10 	53.99 	66.18 	64.56 	65.43 
A,I_IUBK,PC_IND_IU3,SK01	: 	: 	: 	: 	: 	53.98 	62.18 	68.96 	62.57 	62.83 	67.77 	61.26 	70.41 	68.62 	72.85 	75.36 	56.39 	77.97 	71.09 	81.97 
A,I_IUBK,PC_IND_IU3,SK02	: 	: 	: 	: 	: 	45.20 	51.95 	51.03 	49.60 	44.17 	51.13 	58.73 	61.62 	65.03 	60.16 	61.75 	52.78 	63.32 	63.28 	62.84 
A,I_IUBK,PC_IND_IU3,SK03	: 	: 	: 	: 	: 	48.54 	52.12 	39.81 	53.47 	48.19 	58.05 	69.99 	60.14 	68.13 	67.48 	63.65 	56.68 	66.23 	65.39 	61.81 
A,I_IUBK,PC_IND_IU3,SK04	: 	: 	: 	: 	: 	39.28 	46.24 	48.25 	44.95 	46.31 	56.67 	61.63 	60.29 	64.71 	64.22 	65.71 	51.99 	63.77 	62.16 	63.30 
A,I_IUBK,PC_IND_IU3,TR	: 	15.03 	15.26 	13.97 	16.78 	: 	17.07 	24.84 	28.16 	29.15 	31.01 	35.44 	39.53 	47.09 	50.75 	56.50 	61.34 	67.07 	70.96 	73.23 
A,I_IUBK,PC_IND_IU3,TR1	: 	: 	: 	: 	: 	: 	20.01 	29.51 	36.74 	35.24 	36.72 	44.45 	46.84 	56.41 	57.19 	64.65 	68.83 	72.60 	77.10 	78.91 
A,I_IUBK,PC_IND_IU3,TR2	: 	: 	: 	: 	: 	: 	21.84 	24.91 	28.70 	27.35 	29.87 	36.69 	42.39 	48.51 	54.25 	60.12 	61.66 	70.08 	75.35 	74.67 
A,I_IUBK,PC_IND_IU3,TR3	: 	: 	: 	: 	: 	: 	15.71 	24.32 	26.63 	31.63 	32.02 	34.61 	42.11 	47.59 	51.41 	57.92 	64.80 	68.12 	70.25 	74.05 
A,I_IUBK,PC_IND_IU3,TR4	: 	: 	: 	: 	: 	: 	17.23 	25.07 	27.36 	29.99 	33.85 	35.85 	39.37 	49.66 	54.66 	60.23 	66.75 	70.44 	72.39 	75.27 
A,I_IUBK,PC_IND_IU3,TR5	: 	: 	: 	: 	: 	: 	24.69 	29.75 	30.06 	33.62 	32.94 	39.59 	42.15 	49.82 	53.48 	57.14 	64.41 	68.58 	76.61 	76.05 
A,I_IUBK,PC_IND_IU3,TR6	: 	: 	: 	: 	: 	: 	13.87 	24.00 	25.33 	26.00 	29.25 	34.07 	37.91 	43.90 	47.90 	54.27 	60.95 	64.22 	68.83 	70.51 
A,I_IUBK,PC_IND_IU3,TR7	: 	: 	: 	: 	: 	: 	16.05 	18.28 	22.72 	24.31 	27.75 	28.08 	28.41 	40.82 	47.09 	52.64 	53.78 	62.78 	64.21 	70.30 
A,I_IUBK,PC_IND_IU3,TR8	: 	: 	: 	: 	: 	: 	18.33 	20.35 	20.63 	25.61 	27.34 	32.29 	36.63 	44.96 	48.44 	51.11 	55.46 	63.81 	66.82 	68.07 
A,I_IUBK,PC_IND_IU3,TR9	: 	: 	: 	: 	: 	: 	6.01 	19.75 	23.86 	20.39 	27.87 	26.04 	34.15 	37.09 	44.81 	51.37 	54.68 	62.23 	63.06 	72.31 
A,I_IUBK,PC_IND_IU3,TRA	: 	: 	: 	: 	: 	: 	9.37 	14.61 	20.13 	13.49 	32.71 	26.97 	30.14 	36.62 	43.40 	47.88 	51.20 	60.28 	60.17 	68.14 
A,I_IUBK,PC_IND_IU3,TRB	: 	: 	: 	: 	: 	: 	10.54 	17.23 	18.60 	17.55 	18.09 	25.92 	27.18 	36.41 	37.97 	49.37 	50.59 	59.78 	71.30 	72.46 
A,I_IUBK,PC_IND_IU3,TRC	: 	: 	: 	: 	: 	: 	4.48 	16.62 	22.22 	20.55 	17.83 	17.64 	27.81 	31.09 	37.78 	42.33 	43.90 	59.52 	60.86 	63.26 
A,I_IUBK,PC_IND_IU3,UK	42.34 	44.77 	49.37 	54.86 	54.71 	: 	58.93 	60.13 	62.05 	63.46 	67.70 	72.24 	77.95 	81.30 	82.63 	: 	: 	: 	: 	: 
A,I_IUBK,PC_IND_IU3,UKC	: 	: 	: 	: 	: 	: 	48.15 	48.74 	56.58 	65.75 	54.57 	70.58 	76.07 	77.46 	82.22 	: 	: 	: 	: 	: 
A,I_IUBK,PC_IND_IU3,UKD	: 	: 	: 	: 	: 	: 	55.40 	53.07 	57.16 	61.53 	67.75 	67.99 	74.22 	77.90 	83.23 	: 	: 	: 	: 	: 
A,I_IUBK,PC_IND_IU3,UKE	: 	: 	: 	: 	: 	: 	49.40 	54.95 	55.53 	56.17 	65.12 	71.14 	86.54 	77.79 	82.58 	: 	: 	: 	: 	: 
A,I_IUBK,PC_IND_IU3,UKF	: 	: 	: 	: 	: 	: 	57.36 	53.41 	68.80 	63.13 	58.48 	75.96 	77.00 	79.72 	86.54 	: 	: 	: 	: 	: 
A,I_IUBK,PC_IND_IU3,UKG	: 	: 	: 	: 	: 	: 	56.44 	58.15 	58.72 	62.29 	60.03 	70.97 	81.54 	78.72 	84.24 	: 	: 	: 	: 	: 
A,I_IUBK,PC_IND_IU3,UKH	: 	: 	: 	: 	: 	: 	58.07 	62.62 	60.64 	74.06 	75.75 	67.15 	83.30 	86.43 	81.87 	: 	: 	: 	: 	: 
A,I_IUBK,PC_IND_IU3,UKI	: 	: 	: 	: 	: 	: 	64.87 	62.75 	65.60 	65.85 	68.31 	79.04 	75.09 	89.00 	86.32 	: 	: 	: 	: 	: 
A,I_IUBK,PC_IND_IU3,UKJ	: 	: 	: 	: 	: 	: 	66.07 	68.14 	71.01 	72.23 	77.97 	72.27 	78.69 	76.68 	83.86 	: 	: 	: 	: 	: 
A,I_IUBK,PC_IND_IU3,UKK	: 	: 	: 	: 	: 	: 	64.01 	62.50 	68.30 	69.03 	75.77 	73.84 	82.29 	83.96 	82.76 	: 	: 	: 	: 	: 
A,I_IUBK,PC_IND_IU3,UKL	: 	: 	: 	: 	: 	: 	54.82 	60.23 	51.97 	55.50 	58.60 	68.65 	74.50 	80.68 	71.93 	: 	: 	: 	: 	: 
A,I_IUBK,PC_IND_IU3,UKM	: 	: 	: 	: 	: 	: 	58.94 	63.12 	62.27 	62.05 	60.92 	73.27 	67.18 	81.76 	75.36 	: 	: 	: 	: 	: 
A,I_IUBK,PC_IND_IU3,UKN	: 	: 	: 	: 	: 	: 	: 	63.34 	43.80 	2.63 	69.22 	69.14 	75.59 	80.91 	: 	: 	: 	: 	: 	: 
A,I_IUBK,PC_IND_IU3,XK	: 	: 	: 	: 	: 	: 	: 	: 	: 	: 	: 	4.37 	1.71 	5.97 	9.31 	: 	: 	: 	28.46 	32.48 
A,I_IUCPP,PC_IND,AL	: 	: 	: 	: 	: 	: 	: 	: 	: 	: 	: 	: 	: 	43.55 	: 	26.48 	24.16 	31.82 	33.15 	28.52 
A,I_IUCPP,PC_IND,AT	: 	: 	: 	: 	: 	: 	: 	13.35 	: 	11.37 	: 	10.14 	: 	12.95 	: 	22.32 	20.61 	22.88 	19.79 	25.98 
A,I_IUCPP,PC_IND,AT1	: 	: 	: 	: 	: 	: 	: 	: 	: 	: 	: 	11.44 	: 	: 	: 	: 	: 	: 	: 	: 
A,I_IUCPP,PC_IND,AT11	: 	: 	: 	: 	: 	: 	: 	: 	: 	: 	: 	11.03 	: 	: 	: 	: 	: 	: 	: 	: 
A,I_IUCPP,PC_IND,AT12	: 	: 	: 	: 	: 	: 	: 	: 	: 	: 	: 	10.06 	: 	: 	: 	: 	: 	: 	: 	: 
A,I_IUCPP,PC_IND,AT13	: 	: 	: 	: 	: 	: 	: 	: 	: 	: 	: 	12.71 	: 	: 	: 	: 	: 	: 	: 	: 
A,I_IUCPP,PC_IND,AT2	: 	: 	: 	: 	: 	: 	: 	: 	: 	: 	: 	9.52 	: 	: 	: 	: 	: 	: 	: 	: 
A,I_IUCPP,PC_IND,AT21	: 	: 	: 	: 	: 	: 	: 	: 	: 	: 	: 	10.36 	: 	: 	: 	: 	: 	: 	: 	: 
A,I_IUCPP,PC_IND,AT22	: 	: 	: 	: 	: 	: 	: 	: 	: 	: 	: 	9.14 	: 	: 	: 	: 	: 	: 	: 	: 
A,I_IUCPP,PC_IND,AT3	: 	: 	: 	: 	: 	: 	: 	: 	: 	: 	: 	8.89 	: 	: 	: 	: 	: 	: 	: 	: 
A,I_IUCPP,PC_IND,AT31	: 	: 	: 	: 	: 	: 	: 	: 	: 	: 	: 	8.28 	: 	: 	: 	: 	: 	: 	: 	: 
A,I_IUCPP,PC_IND,AT32	: 	: 	: 	: 	: 	: 	: 	: 	: 	: 	: 	9.04 	: 	: 	: 	: 	: 	: 	: 	: 
A,I_IUCPP,PC_IND,AT33	: 	: 	: 	: 	: 	: 	: 	: 	: 	: 	: 	7.78 	: 	: 	: 	: 	: 	: 	: 	: 
A,I_IUCPP,PC_IND,AT34	: 	: 	: 	: 	: 	: 	: 	: 	: 	: 	: 	13.08 	: 	: 	: 	: 	: 	: 	: 	: 
A,I_IUCPP,PC_IND,BA	: 	: 	: 	: 	: 	: 	: 	: 	: 	: 	: 	: 	: 	6.22 	: 	7.55 	: 	10.37 	13.27 	12.43 
A,I_IUCPP,PC_IND,BE	: 	: 	: 	: 	: 	: 	: 	5.67 	: 	8.07 	: 	8.71 	: 	8.32 	: 	12.15 	13.34 	13.62 	14.58 	10.78 
A,I_IUCPP,PC_IND,BE1	: 	: 	: 	: 	: 	: 	: 	: 	: 	: 	: 	11.86 	: 	: 	: 	: 	: 	: 	: 	: 
A,I_IUCPP,PC_IND,BE10	: 	: 	: 	: 	: 	: 	: 	: 	: 	: 	: 	11.86 	: 	: 	: 	: 	: 	: 	: 	: 
A,I_IUCPP,PC_IND,BE2	: 	: 	: 	: 	: 	: 	: 	: 	: 	: 	: 	8.57 	: 	: 	: 	: 	: 	: 	: 	: 
A,I_IUCPP,PC_IND,BE21	: 	: 	: 	: 	: 	: 	: 	: 	: 	: 	: 	8.58 	: 	: 	: 	: 	: 	: 	: 	: 
A,I_IUCPP,PC_IND,BE22	: 	: 	: 	: 	: 	: 	: 	: 	: 	: 	: 	6.03 	: 	: 	: 	: 	: 	: 	: 	: 
A,I_IUCPP,PC_IND,BE23	: 	: 	: 	: 	: 	: 	: 	: 	: 	: 	: 	8.18 	: 	: 	: 	: 	: 	: 	: 	: 
A,I_IUCPP,PC_IND,BE24	: 	: 	: 	: 	: 	: 	: 	: 	: 	: 	: 	11.79 	: 	: 	: 	: 	: 	: 	: 	: 
A,I_IUCPP,PC_IND,BE25	: 	: 	: 	: 	: 	: 	: 	: 	: 	: 	: 	7.86 	: 	: 	: 	: 	: 	: 	: 	: 
A,I_IUCPP,PC_IND,BE3	: 	: 	: 	: 	: 	: 	: 	: 	: 	: 	: 	7.95 	: 	: 	: 	: 	: 	: 	: 	: 
A,I_IUCPP,PC_IND,BE31	: 	: 	: 	: 	: 	: 	: 	: 	: 	: 	: 	13.32 	: 	: 	: 	: 	: 	: 	: 	: 
A,I_IUCPP,PC_IND,BE32	: 	: 	: 	: 	: 	: 	: 	: 	: 	: 	: 	7.28 	: 	: 	: 	: 	: 	: 	: 	: 
A,I_IUCPP,PC_IND,BE33	: 	: 	: 	: 	: 	: 	: 	: 	: 	: 	: 	7.37 	: 	: 	: 	: 	: 	: 	: 	: 
A,I_IUCPP,PC_IND,BE34	: 	: 	: 	: 	: 	: 	: 	: 	: 	: 	: 	7.40 	: 	: 	: 	: 	: 	: 	: 	: 
A,I_IUCPP,PC_IND,BE35	: 	: 	: 	: 	: 	: 	: 	: 	: 	: 	: 	7.00 	: 	: 	: 	: 	: 	: 	: 	: 
A,I_IUCPP,PC_IND,BG	: 	: 	: 	: 	: 	: 	: 	9.47 	: 	9.01 	: 	8.10 	: 	10.40 	: 	16.00 	17.86 	18.73 	21.07 	19.83 
A,I_IUCPP,PC_IND,BG3	: 	: 	: 	: 	: 	: 	: 	: 	: 	: 	: 	6.79 	: 	: 	: 	: 	: 	: 	: 	: 
A,I_IUCPP,PC_IND,BG31	: 	: 	: 	: 	: 	: 	: 	: 	: 	: 	: 	4.01 	: 	: 	: 	: 	: 	: 	: 	: 
A,I_IUCPP,PC_IND,BG32	: 	: 	: 	: 	: 	: 	: 	: 	: 	: 	: 	8.41 	: 	: 	: 	: 	: 	: 	: 	: 
A,I_IUCPP,PC_IND,BG33	: 	: 	: 	: 	: 	: 	: 	: 	: 	: 	: 	8.62 	: 	: 	: 	: 	: 	: 	: 	: 
A,I_IUCPP,PC_IND,BG34	: 	: 	: 	: 	: 	: 	: 	: 	: 	: 	: 	5.85 	: 	: 	: 	: 	: 	: 	: 	: 
A,I_IUCPP,PC_IND,BG4	: 	: 	: 	: 	: 	: 	: 	: 	: 	: 	: 	9.39 	: 	: 	: 	: 	: 	: 	: 	: 
A,I_IUCPP,PC_IND,BG41	: 	: 	: 	: 	: 	: 	: 	: 	: 	: 	: 	12.67 	: 	: 	: 	: 	: 	: 	: 	: 
A,I_IUCPP,PC_IND,BG42	: 	: 	: 	: 	: 	: 	: 	: 	: 	: 	: 	4.45 	: 	: 	: 	: 	: 	: 	: 	: 
A,I_IUCPP,PC_IND,CH	: 	: 	: 	: 	: 	: 	: 	: 	: 	: 	: 	24.46 b	: 	25.24 	: 	24.70 	: 	24.68 	: 	23.44 
A,I_IUCPP,PC_IND,CH0	: 	: 	: 	: 	: 	: 	: 	: 	: 	: 	: 	24.46 b	: 	: 	: 	: 	: 	: 	: 	: 
A,I_IUCPP,PC_IND,CH01	: 	: 	: 	: 	: 	: 	: 	: 	: 	: 	: 	24.00 b	: 	: 	: 	: 	: 	: 	: 	: 
A,I_IUCPP,PC_IND,CH02	: 	: 	: 	: 	: 	: 	: 	: 	: 	: 	: 	23.46 b	: 	: 	: 	: 	: 	: 	: 	: 
A,I_IUCPP,PC_IND,CH03	: 	: 	: 	: 	: 	: 	: 	: 	: 	: 	: 	22.90 b	: 	: 	: 	: 	: 	: 	: 	: 
A,I_IUCPP,PC_IND,CH04	: 	: 	: 	: 	: 	: 	: 	: 	: 	: 	: 	27.05 b	: 	: 	: 	: 	: 	: 	: 	: 
A,I_IUCPP,PC_IND,CH05	: 	: 	: 	: 	: 	: 	: 	: 	: 	: 	: 	25.47 b	: 	: 	: 	: 	: 	: 	: 	: 
A,I_IUCPP,PC_IND,CH06	: 	: 	: 	: 	: 	: 	: 	: 	: 	: 	: 	25.41 b	: 	: 	: 	: 	: 	: 	: 	: 
A,I_IUCPP,PC_IND,CH07	: 	: 	: 	: 	: 	: 	: 	: 	: 	: 	: 	20.37 b	: 	: 	: 	: 	: 	: 	: 	: 
A,I_IUCPP,PC_IND,CY	: 	: 	: 	: 	: 	: 	: 	8.46 	: 	5.30 	: 	9.02 	: 	14.04 	: 	8.47 	13.35 	9.94 	31.68 	23.12 
A,I_IUCPP,PC_IND,CY0	: 	: 	: 	: 	: 	: 	: 	: 	: 	: 	: 	9.02 	: 	: 	: 	: 	: 	: 	: 	: 
A,I_IUCPP,PC_IND,CY00	: 	: 	: 	: 	: 	: 	: 	: 	: 	: 	: 	9.02 	: 	: 	: 	: 	: 	: 	: 	: 
A,I_IUCPP,PC_IND,CZ	: 	: 	: 	: 	: 	: 	: 	4.68 	: 	4.90 	: 	5.16 	: 	12.81 b	: 	9.18 	12.16 	11.87 	12.43 	11.77 
A,I_IUCPP,PC_IND,CZ0	: 	: 	: 	: 	: 	: 	: 	: 	: 	: 	: 	5.16 	: 	: 	: 	: 	: 	: 	: 	: 
A,I_IUCPP,PC_IND,CZ01	: 	: 	: 	: 	: 	: 	: 	: 	: 	: 	: 	8.54 	: 	: 	: 	: 	: 	: 	: 	: 
A,I_IUCPP,PC_IND,CZ02	: 	: 	: 	: 	: 	: 	: 	: 	: 	: 	: 	7.06 	: 	: 	: 	: 	: 	: 	: 	: 
A,I_IUCPP,PC_IND,CZ03	: 	: 	: 	: 	: 	: 	: 	: 	: 	: 	: 	3.81 	: 	: 	: 	: 	: 	: 	: 	: 
A,I_IUCPP,PC_IND,CZ04	: 	: 	: 	: 	: 	: 	: 	: 	: 	: 	: 	4.69 	: 	: 	: 	: 	: 	: 	: 	: 
A,I_IUCPP,PC_IND,CZ05	: 	: 	: 	: 	: 	: 	: 	: 	: 	: 	: 	3.73 	: 	: 	: 	: 	: 	: 	: 	: 
A,I_IUCPP,PC_IND,CZ06	: 	: 	: 	: 	: 	: 	: 	: 	: 	: 	: 	3.42 	: 	: 	: 	: 	: 	: 	: 	: 
A,I_IUCPP,PC_IND,CZ07	: 	: 	: 	: 	: 	: 	: 	: 	: 	: 	: 	5.47 	: 	: 	: 	: 	: 	: 	: 	: 
A,I_IUCPP,PC_IND,CZ08	: 	: 	: 	: 	: 	: 	: 	: 	: 	: 	: 	5.33 	: 	: 	: 	: 	: 	: 	: 	: 
A,I_IUCPP,PC_IND,DE	: 	: 	: 	: 	: 	: 	: 	17.01 	: 	19.13 	: 	19.52 	: 	22.30 	: 	10.89 b	8.71 	13.63 	20.03 	22.60 
A,I_IUCPP,PC_IND,DE1	: 	: 	: 	: 	: 	: 	: 	: 	: 	: 	: 	17.78 	: 	: 	: 	: 	: 	: 	: 	: 
A,I_IUCPP,PC_IND,DE2	: 	: 	: 	: 	: 	: 	: 	: 	: 	: 	: 	20.12 	: 	: 	: 	: 	: 	: 	: 	: 
A,I_IUCPP,PC_IND,DE3	: 	: 	: 	: 	: 	: 	: 	: 	: 	: 	: 	27.27 	: 	: 	: 	: 	: 	: 	: 	: 
A,I_IUCPP,PC_IND,DE4	: 	: 	: 	: 	: 	: 	: 	: 	: 	: 	: 	10.82 	: 	: 	: 	: 	: 	: 	: 	: 
A,I_IUCPP,PC_IND,DE5	: 	: 	: 	: 	: 	: 	: 	: 	: 	: 	: 	24.19 	: 	: 	: 	: 	: 	: 	: 	: 
A,I_IUCPP,PC_IND,DE6	: 	: 	: 	: 	: 	: 	: 	: 	: 	: 	: 	25.15 	: 	: 	: 	: 	: 	: 	: 	: 
A,I_IUCPP,PC_IND,DE7	: 	: 	: 	: 	: 	: 	: 	: 	: 	: 	: 	22.57 	: 	: 	: 	: 	: 	: 	: 	: 
A,I_IUCPP,PC_IND,DE8	: 	: 	: 	: 	: 	: 	: 	: 	: 	: 	: 	15.42 	: 	: 	: 	: 	: 	: 	: 	: 
A,I_IUCPP,PC_IND,DE9	: 	: 	: 	: 	: 	: 	: 	: 	: 	: 	: 	20.06 	: 	: 	: 	: 	: 	: 	: 	: 
A,I_IUCPP,PC_IND,DEA	: 	: 	: 	: 	: 	: 	: 	: 	: 	: 	: 	19.80 	: 	: 	: 	: 	: 	: 	: 	: 
A,I_IUCPP,PC_IND,DEB	: 	: 	: 	: 	: 	: 	: 	: 	: 	: 	: 	20.09 	: 	: 	: 	: 	: 	: 	: 	: 
A,I_IUCPP,PC_IND,DEC	: 	: 	: 	: 	: 	: 	: 	: 	: 	: 	: 	20.06 	: 	: 	: 	: 	: 	: 	: 	: 
A,I_IUCPP,PC_IND,DED	: 	: 	: 	: 	: 	: 	: 	: 	: 	: 	: 	15.79 	: 	: 	: 	: 	: 	: 	: 	: 
A,I_IUCPP,PC_IND,DEE	: 	: 	: 	: 	: 	: 	: 	: 	: 	: 	: 	14.89 	: 	: 	: 	: 	: 	: 	: 	: 
A,I_IUCPP,PC_IND,DEF	: 	: 	: 	: 	: 	: 	: 	: 	: 	: 	: 	19.28 	: 	: 	: 	: 	: 	: 	: 	: 
A,I_IUCPP,PC_IND,DEG	: 	: 	: 	: 	: 	: 	: 	: 	: 	: 	: 	16.95 	: 	: 	: 	: 	: 	: 	: 	: 
A,I_IUCPP,PC_IND,DK	: 	: 	: 	: 	: 	: 	: 	21.61 	: 	26.72 	: 	28.56 	: 	26.99 	: 	26.75 	25.79 	25.06 	28.31 	26.10 
A,I_IUCPP,PC_IND,DK0	: 	: 	: 	: 	: 	: 	: 	: 	: 	: 	: 	28.56 	: 	: 	: 	: 	: 	: 	: 	: 
A,I_IUCPP,PC_IND,DK01	: 	: 	: 	: 	: 	: 	: 	: 	: 	: 	: 	31.67 	: 	: 	: 	: 	: 	: 	: 	: 
A,I_IUCPP,PC_IND,DK02	: 	: 	: 	: 	: 	: 	: 	: 	: 	: 	: 	25.97 	: 	: 	: 	: 	: 	: 	: 	: 
A,I_IUCPP,PC_IND,DK03	: 	: 	: 	: 	: 	: 	: 	: 	: 	: 	: 	27.30 	: 	: 	: 	: 	: 	: 	: 	: 
A,I_IUCPP,PC_IND,DK04	: 	: 	: 	: 	: 	: 	: 	: 	: 	: 	: 	26.81 	: 	: 	: 	: 	: 	: 	: 	: 
A,I_IUCPP,PC_IND,DK05	: 	: 	: 	: 	: 	: 	: 	: 	: 	: 	: 	28.86 	: 	: 	: 	: 	: 	: 	: 	: 
A,I_IUCPP,PC_IND,EE	: 	: 	: 	: 	: 	: 	: 	15.95 	: 	15.79 	: 	14.00 	: 	30.65 	: 	16.23 	19.49 	30.44 	18.28 	15.90 
A,I_IUCPP,PC_IND,EE0	: 	: 	: 	: 	: 	: 	: 	: 	: 	: 	: 	14.00 	: 	: 	: 	: 	: 	: 	: 	: 
A,I_IUCPP,PC_IND,EE00	: 	: 	: 	: 	: 	: 	: 	: 	: 	: 	: 	14.00 	: 	: 	: 	: 	: 	: 	: 	: 
A,I_IUCPP,PC_IND,EL	: 	: 	: 	: 	: 	: 	: 	9.53 	: 	12.40 	: 	9.76 	: 	11.35 	: 	11.52 	18.28 	19.89 	28.37 	15.57 
A,I_IUCPP,PC_IND,EL3	: 	: 	: 	: 	: 	: 	: 	: 	: 	: 	: 	13.40 	: 	: 	: 	: 	: 	: 	: 	: 
A,I_IUCPP,PC_IND,EL4	: 	: 	: 	: 	: 	: 	: 	: 	: 	: 	: 	6.52 	: 	: 	: 	: 	: 	: 	: 	: 
A,I_IUCPP,PC_IND,EL5	: 	: 	: 	: 	: 	: 	: 	: 	: 	: 	: 	9.51 	: 	: 	: 	: 	: 	: 	: 	: 
A,I_IUCPP,PC_IND,EL6	: 	: 	: 	: 	: 	: 	: 	: 	: 	: 	: 	6.25 	: 	: 	: 	: 	: 	: 	: 	: 
A,I_IUCPP,PC_IND,ES	: 	: 	: 	: 	: 	: 	: 	17.23 	: 	17.58 	: 	20.14 	: 	16.90 	: 	20.71 	22.13 	21.11 	23.02 	20.25 
A,I_IUCPP,PC_IND,ES1	: 	: 	: 	: 	: 	: 	: 	: 	: 	: 	: 	19.06 	: 	: 	: 	: 	: 	: 	: 	: 
A,I_IUCPP,PC_IND,ES11	: 	: 	: 	: 	: 	: 	: 	: 	: 	: 	: 	18.24 	: 	: 	: 	: 	: 	: 	: 	: 
A,I_IUCPP,PC_IND,ES12	: 	: 	: 	: 	: 	: 	: 	: 	: 	: 	: 	20.71 	: 	: 	: 	: 	: 	: 	: 	: 
A,I_IUCPP,PC_IND,ES13	: 	: 	: 	: 	: 	: 	: 	: 	: 	: 	: 	19.86 	: 	: 	: 	: 	: 	: 	: 	: 
A,I_IUCPP,PC_IND,ES2	: 	: 	: 	: 	: 	: 	: 	: 	: 	: 	: 	19.97 	: 	: 	: 	: 	: 	: 	: 	: 
A,I_IUCPP,PC_IND,ES21	: 	: 	: 	: 	: 	: 	: 	: 	: 	: 	: 	18.79 	: 	: 	: 	: 	: 	: 	: 	: 
A,I_IUCPP,PC_IND,ES22	: 	: 	: 	: 	: 	: 	: 	: 	: 	: 	: 	27.62 	: 	: 	: 	: 	: 	: 	: 	: 
A,I_IUCPP,PC_IND,ES23	: 	: 	: 	: 	: 	: 	: 	: 	: 	: 	: 	16.16 	: 	: 	: 	: 	: 	: 	: 	: 
A,I_IUCPP,PC_IND,ES24	: 	: 	: 	: 	: 	: 	: 	: 	: 	: 	: 	19.10 	: 	: 	: 	: 	: 	: 	: 	: 
A,I_IUCPP,PC_IND,ES3	: 	: 	: 	: 	: 	: 	: 	: 	: 	: 	: 	22.22 	: 	: 	: 	: 	: 	: 	: 	: 
A,I_IUCPP,PC_IND,ES30	: 	: 	: 	: 	: 	: 	: 	: 	: 	: 	: 	22.22 	: 	: 	: 	: 	: 	: 	: 	: 
A,I_IUCPP,PC_IND,ES4	: 	: 	: 	: 	: 	: 	: 	: 	: 	: 	: 	15.87 	: 	: 	: 	: 	: 	: 	: 	: 
A,I_IUCPP,PC_IND,ES41	: 	: 	: 	: 	: 	: 	: 	: 	: 	: 	: 	12.90 	: 	: 	: 	: 	: 	: 	: 	: 
A,I_IUCPP,PC_IND,ES42	: 	: 	: 	: 	: 	: 	: 	: 	: 	: 	: 	16.08 	: 	: 	: 	: 	: 	: 	: 	: 
A,I_IUCPP,PC_IND,ES43	: 	: 	: 	: 	: 	: 	: 	: 	: 	: 	: 	22.09 	: 	: 	: 	: 	: 	: 	: 	: 
A,I_IUCPP,PC_IND,ES5	: 	: 	: 	: 	: 	: 	: 	: 	: 	: 	: 	21.37 	: 	: 	: 	: 	: 	: 	: 	: 
A,I_IUCPP,PC_IND,ES51	: 	: 	: 	: 	: 	: 	: 	: 	: 	: 	: 	21.93 	: 	: 	: 	: 	: 	: 	: 	: 
A,I_IUCPP,PC_IND,ES52	: 	: 	: 	: 	: 	: 	: 	: 	: 	: 	: 	21.56 	: 	: 	: 	: 	: 	: 	: 	: 
A,I_IUCPP,PC_IND,ES53	: 	: 	: 	: 	: 	: 	: 	: 	: 	: 	: 	17.05 	: 	: 	: 	: 	: 	: 	: 	: 
A,I_IUCPP,PC_IND,ES6	: 	: 	: 	: 	: 	: 	: 	: 	: 	: 	: 	20.02 	: 	: 	: 	: 	: 	: 	: 	: 
A,I_IUCPP,PC_IND,ES61	: 	: 	: 	: 	: 	: 	: 	: 	: 	: 	: 	20.46 	: 	: 	: 	: 	: 	: 	: 	: 
A,I_IUCPP,PC_IND,ES62	: 	: 	: 	: 	: 	: 	: 	: 	: 	: 	: 	17.10 	: 	: 	: 	: 	: 	: 	: 	: 
A,I_IUCPP,PC_IND,ES63	: 	: 	: 	: 	: 	: 	: 	: 	: 	: 	: 	24.89 	: 	: 	: 	: 	: 	: 	: 	: 
A,I_IUCPP,PC_IND,ES64	: 	: 	: 	: 	: 	: 	: 	: 	: 	: 	: 	22.62 	: 	: 	: 	: 	: 	: 	: 	: 
A,I_IUCPP,PC_IND,ES7	: 	: 	: 	: 	: 	: 	: 	: 	: 	: 	: 	20.06 	: 	: 	: 	: 	: 	: 	: 	: 
A,I_IUCPP,PC_IND,ES70	: 	: 	: 	: 	: 	: 	: 	: 	: 	: 	: 	20.06 	: 	: 	: 	: 	: 	: 	: 	: 
A,I_IUCPP,PC_IND,FI	: 	: 	: 	: 	: 	: 	: 	20.62 	: 	17.20 	: 	16.21 	: 	18.78 	: 	26.93 	25.64 	24.36 	23.73 	22.58 
A,I_IUCPP,PC_IND,FI1	: 	: 	: 	: 	: 	: 	: 	: 	: 	: 	: 	16.21 	: 	: 	: 	: 	: 	: 	: 	: 
A,I_IUCPP,PC_IND,FI19	: 	: 	: 	: 	: 	: 	: 	: 	: 	: 	: 	15.53 	: 	: 	: 	: 	: 	: 	: 	: 
A,I_IUCPP,PC_IND,FI1B	: 	: 	: 	: 	: 	: 	: 	: 	: 	: 	: 	20.36 	: 	: 	: 	: 	: 	: 	: 	: 
A,I_IUCPP,PC_IND,FI1C	: 	: 	: 	: 	: 	: 	: 	: 	: 	: 	: 	15.39 	: 	: 	: 	: 	: 	: 	: 	: 
A,I_IUCPP,PC_IND,FI1D	: 	: 	: 	: 	: 	: 	: 	: 	: 	: 	: 	12.21 	: 	: 	: 	: 	: 	: 	: 	: 
A,I_IUCPP,PC_IND,FR	: 	: 	: 	: 	: 	: 	: 	18.94 	: 	10.08 	: 	12.79 	: 	13.18 	: 	16.02 	16.44 	15.54 	15.02 	16.63 
A,I_IUCPP,PC_IND,FR1	: 	: 	: 	: 	: 	: 	: 	: 	: 	: 	: 	14.08 	: 	: 	: 	: 	: 	: 	: 	: 
A,I_IUCPP,PC_IND,FR10	: 	: 	: 	: 	: 	: 	: 	: 	: 	: 	: 	14.08 	: 	: 	: 	: 	: 	: 	: 	: 
A,I_IUCPP,PC_IND,FRB	: 	: 	: 	: 	: 	: 	: 	: 	: 	: 	: 	11.71 	: 	: 	: 	: 	: 	: 	: 	: 
A,I_IUCPP,PC_IND,FRB0	: 	: 	: 	: 	: 	: 	: 	: 	: 	: 	: 	11.71 	: 	: 	: 	: 	: 	: 	: 	: 
A,I_IUCPP,PC_IND,FRC	: 	: 	: 	: 	: 	: 	: 	: 	: 	: 	: 	10.51 	: 	: 	: 	: 	: 	: 	: 	: 
A,I_IUCPP,PC_IND,FRC1	: 	: 	: 	: 	: 	: 	: 	: 	: 	: 	: 	11.79 	: 	: 	: 	: 	: 	: 	: 	: 
A,I_IUCPP,PC_IND,FRC2	: 	: 	: 	: 	: 	: 	: 	: 	: 	: 	: 	8.84 	: 	: 	: 	: 	: 	: 	: 	: 
A,I_IUCPP,PC_IND,FRD	: 	: 	: 	: 	: 	: 	: 	: 	: 	: 	: 	9.56 	: 	: 	: 	: 	: 	: 	: 	: 
A,I_IUCPP,PC_IND,FRD1	: 	: 	: 	: 	: 	: 	: 	: 	: 	: 	: 	9.70 	: 	: 	: 	: 	: 	: 	: 	: 
A,I_IUCPP,PC_IND,FRD2	: 	: 	: 	: 	: 	: 	: 	: 	: 	: 	: 	9.46 	: 	: 	: 	: 	: 	: 	: 	: 
A,I_IUCPP,PC_IND,FRE	: 	: 	: 	: 	: 	: 	: 	: 	: 	: 	: 	11.12 	: 	: 	: 	: 	: 	: 	: 	: 
A,I_IUCPP,PC_IND,FRE1	: 	: 	: 	: 	: 	: 	: 	: 	: 	: 	: 	11.03 	: 	: 	: 	: 	: 	: 	: 	: 
A,I_IUCPP,PC_IND,FRE2	: 	: 	: 	: 	: 	: 	: 	: 	: 	: 	: 	11.28 	: 	: 	: 	: 	: 	: 	: 	: 
A,I_IUCPP,PC_IND,FRF	: 	: 	: 	: 	: 	: 	: 	: 	: 	: 	: 	14.45 	: 	: 	: 	: 	: 	: 	: 	: 
A,I_IUCPP,PC_IND,FRF1	: 	: 	: 	: 	: 	: 	: 	: 	: 	: 	: 	17.07 	: 	: 	: 	: 	: 	: 	: 	: 
A,I_IUCPP,PC_IND,FRF2	: 	: 	: 	: 	: 	: 	: 	: 	: 	: 	: 	8.90 	: 	: 	: 	: 	: 	: 	: 	: 
A,I_IUCPP,PC_IND,FRF3	: 	: 	: 	: 	: 	: 	: 	: 	: 	: 	: 	15.11 	: 	: 	: 	: 	: 	: 	: 	: 
A,I_IUCPP,PC_IND,FRG	: 	: 	: 	: 	: 	: 	: 	: 	: 	: 	: 	11.48 	: 	: 	: 	: 	: 	: 	: 	: 
A,I_IUCPP,PC_IND,FRG0	: 	: 	: 	: 	: 	: 	: 	: 	: 	: 	: 	11.48 	: 	: 	: 	: 	: 	: 	: 	: 
A,I_IUCPP,PC_IND,FRH	: 	: 	: 	: 	: 	: 	: 	: 	: 	: 	: 	15.57 	: 	: 	: 	: 	: 	: 	: 	: 
A,I_IUCPP,PC_IND,FRH0	: 	: 	: 	: 	: 	: 	: 	: 	: 	: 	: 	15.57 	: 	: 	: 	: 	: 	: 	: 	: 
A,I_IUCPP,PC_IND,FRI	: 	: 	: 	: 	: 	: 	: 	: 	: 	: 	: 	13.62 	: 	: 	: 	: 	: 	: 	: 	: 
A,I_IUCPP,PC_IND,FRI1	: 	: 	: 	: 	: 	: 	: 	: 	: 	: 	: 	12.08 	: 	: 	: 	: 	: 	: 	: 	: 
A,I_IUCPP,PC_IND,FRI2	: 	: 	: 	: 	: 	: 	: 	: 	: 	: 	: 	16.90 	: 	: 	: 	: 	: 	: 	: 	: 
A,I_IUCPP,PC_IND,FRI3	: 	: 	: 	: 	: 	: 	: 	: 	: 	: 	: 	15.21 	: 	: 	: 	: 	: 	: 	: 	: 
A,I_IUCPP,PC_IND,FRJ	: 	: 	: 	: 	: 	: 	: 	: 	: 	: 	: 	12.08 	: 	: 	: 	: 	: 	: 	: 	: 
A,I_IUCPP,PC_IND,FRJ1	: 	: 	: 	: 	: 	: 	: 	: 	: 	: 	: 	10.41 	: 	: 	: 	: 	: 	: 	: 	: 
A,I_IUCPP,PC_IND,FRJ2	: 	: 	: 	: 	: 	: 	: 	: 	: 	: 	: 	13.70 	: 	: 	: 	: 	: 	: 	: 	: 
A,I_IUCPP,PC_IND,FRK	: 	: 	: 	: 	: 	: 	: 	: 	: 	: 	: 	13.86 	: 	: 	: 	: 	: 	: 	: 	: 
A,I_IUCPP,PC_IND,FRK1	: 	: 	: 	: 	: 	: 	: 	: 	: 	: 	: 	14.55 	: 	: 	: 	: 	: 	: 	: 	: 
A,I_IUCPP,PC_IND,FRK2	: 	: 	: 	: 	: 	: 	: 	: 	: 	: 	: 	13.71 	: 	: 	: 	: 	: 	: 	: 	: 
A,I_IUCPP,PC_IND,FRL	: 	: 	: 	: 	: 	: 	: 	: 	: 	: 	: 	13.22 	: 	: 	: 	: 	: 	: 	: 	: 
A,I_IUCPP,PC_IND,FRL0	: 	: 	: 	: 	: 	: 	: 	: 	: 	: 	: 	13.22 	: 	: 	: 	: 	: 	: 	: 	: 
A,I_IUCPP,PC_IND,FRM	: 	: 	: 	: 	: 	: 	: 	: 	: 	: 	: 	14.15 u	: 	: 	: 	: 	: 	: 	: 	: 
A,I_IUCPP,PC_IND,FRM0	: 	: 	: 	: 	: 	: 	: 	: 	: 	: 	: 	14.15 u	: 	: 	: 	: 	: 	: 	: 	: 
A,I_IUCPP,PC_IND,FRY	: 	: 	: 	: 	: 	: 	: 	: 	: 	: 	: 	6.92 	: 	: 	: 	: 	: 	: 	: 	: 
A,I_IUCPP,PC_IND,FRY1	: 	: 	: 	: 	: 	: 	: 	: 	: 	: 	: 	10.47 	: 	: 	: 	: 	: 	: 	: 	: 
A,I_IUCPP,PC_IND,FRY2	: 	: 	: 	: 	: 	: 	: 	: 	: 	: 	: 	7.44 	: 	: 	: 	: 	: 	: 	: 	: 
A,I_IUCPP,PC_IND,FRY3	: 	: 	: 	: 	: 	: 	: 	: 	: 	: 	: 	11.79 	: 	: 	: 	: 	: 	: 	: 	: 
A,I_IUCPP,PC_IND,FRY4	: 	: 	: 	: 	: 	: 	: 	: 	: 	: 	: 	3.86 	: 	: 	: 	: 	: 	: 	: 	: 
A,I_IUCPP,PC_IND,HR	: 	: 	: 	: 	: 	: 	: 	12.15 	: 	13.96 	: 	11.28 	: 	15.44 	: 	17.55 	17.35 	20.32 	19.90 	16.85 
A,I_IUCPP,PC_IND,HR0	: 	: 	: 	: 	: 	: 	: 	: 	: 	: 	: 	11.28 	: 	: 	: 	: 	: 	: 	: 	: 
A,I_IUCPP,PC_IND,HR03	: 	: 	: 	: 	: 	: 	: 	: 	: 	: 	: 	10.75 	: 	: 	: 	: 	: 	: 	: 	: 
A,I_IUCPP,PC_IND,HR04	: 	: 	: 	: 	: 	: 	: 	: 	: 	: 	: 	11.51 	: 	: 	: 	: 	: 	: 	: 	: 
A,I_IUCPP,PC_IND,HU	: 	: 	: 	: 	: 	: 	: 	7.66 	: 	4.67 	: 	8.03 	: 	12.09 	: 	20.78 	24.82 	29.95 	19.00 	42.12 
A,I_IUCPP,PC_IND,HU1	: 	: 	: 	: 	: 	: 	: 	: 	: 	: 	: 	10.79 	: 	: 	: 	: 	: 	: 	: 	: 
A,I_IUCPP,PC_IND,HU10	: 	: 	: 	: 	: 	: 	: 	: 	: 	: 	: 	10.79 	: 	: 	: 	: 	: 	: 	: 	: 
A,I_IUCPP,PC_IND,HU2	: 	: 	: 	: 	: 	: 	: 	: 	: 	: 	: 	7.21 	: 	: 	: 	: 	: 	: 	: 	: 
A,I_IUCPP,PC_IND,HU21	: 	: 	: 	: 	: 	: 	: 	: 	: 	: 	: 	6.68 	: 	: 	: 	: 	: 	: 	: 	: 
A,I_IUCPP,PC_IND,HU22	: 	: 	: 	: 	: 	: 	: 	: 	: 	: 	: 	7.92 	: 	: 	: 	: 	: 	: 	: 	: 
A,I_IUCPP,PC_IND,HU23	: 	: 	: 	: 	: 	: 	: 	: 	: 	: 	: 	7.07 	: 	: 	: 	: 	: 	: 	: 	: 
A,I_IUCPP,PC_IND,HU3	: 	: 	: 	: 	: 	: 	: 	: 	: 	: 	: 	6.51 	: 	: 	: 	: 	: 	: 	: 	: 
A,I_IUCPP,PC_IND,HU31	: 	: 	: 	: 	: 	: 	: 	: 	: 	: 	: 	6.34 	: 	: 	: 	: 	: 	: 	: 	: 
A,I_IUCPP,PC_IND,HU32	: 	: 	: 	: 	: 	: 	: 	: 	: 	: 	: 	6.51 	: 	: 	: 	: 	: 	: 	: 	: 
A,I_IUCPP,PC_IND,HU33	: 	: 	: 	: 	: 	: 	: 	: 	: 	: 	: 	6.65 	: 	: 	: 	: 	: 	: 	: 	: 
A,I_IUCPP,PC_IND,IE	: 	: 	: 	: 	: 	: 	: 	11.33 	: 	6.04 	: 	8.91 	: 	12.51 	: 	26.46 b	23.38 	20.88 	27.86 	30.08 
A,I_IUCPP,PC_IND,IE0	: 	: 	: 	: 	: 	: 	: 	: 	: 	: 	: 	8.91 	: 	: 	: 	: 	: 	: 	: 	: 
A,I_IUCPP,PC_IND,IE01	: 	: 	: 	: 	: 	: 	: 	: 	: 	: 	: 	5.61 	: 	: 	: 	: 	: 	: 	: 	: 
A,I_IUCPP,PC_IND,IE02	: 	: 	: 	: 	: 	: 	: 	: 	: 	: 	: 	10.03 	: 	: 	: 	: 	: 	: 	: 	: 
A,I_IUCPP,PC_IND,IS	: 	: 	: 	: 	: 	: 	: 	35.48 	: 	: 	: 	36.40 	: 	34.87 	: 	36.57 	: 	: 	: 	: 
A,I_IUCPP,PC_IND,IS0	: 	: 	: 	: 	: 	: 	: 	: 	: 	: 	: 	36.40 	: 	: 	: 	: 	: 	: 	: 	: 
A,I_IUCPP,PC_IND,IS00	: 	: 	: 	: 	: 	: 	: 	: 	: 	: 	: 	36.40 	: 	: 	: 	: 	: 	: 	: 	: 
A,I_IUCPP,PC_IND,IT	: 	: 	: 	: 	: 	: 	: 	14.70 	: 	14.07 	: 	14.90 	: 	13.94 	: 	26.50 	26.66 	24.85 	25.77 	24.25 
A,I_IUCPP,PC_IND,ITC	: 	: 	: 	: 	: 	: 	: 	: 	: 	: 	: 	14.85 	: 	: 	: 	: 	: 	: 	: 	: 
A,I_IUCPP,PC_IND,ITC1	: 	: 	: 	: 	: 	: 	: 	: 	: 	: 	: 	16.78 	: 	: 	: 	: 	: 	: 	: 	: 
A,I_IUCPP,PC_IND,ITC2	: 	: 	: 	: 	: 	: 	: 	: 	: 	: 	: 	12.67 	: 	: 	: 	: 	: 	: 	: 	: 
A,I_IUCPP,PC_IND,ITC3	: 	: 	: 	: 	: 	: 	: 	: 	: 	: 	: 	15.88 	: 	: 	: 	: 	: 	: 	: 	: 
A,I_IUCPP,PC_IND,ITC4	: 	: 	: 	: 	: 	: 	: 	: 	: 	: 	: 	13.90 	: 	: 	: 	: 	: 	: 	: 	: 
A,I_IUCPP,PC_IND,ITF	: 	: 	: 	: 	: 	: 	: 	: 	: 	: 	: 	13.12 	: 	: 	: 	: 	: 	: 	: 	: 
A,I_IUCPP,PC_IND,ITF1	: 	: 	: 	: 	: 	: 	: 	: 	: 	: 	: 	14.87 	: 	: 	: 	: 	: 	: 	: 	: 
A,I_IUCPP,PC_IND,ITF2	: 	: 	: 	: 	: 	: 	: 	: 	: 	: 	: 	14.65 	: 	: 	: 	: 	: 	: 	: 	: 
A,I_IUCPP,PC_IND,ITF3	: 	: 	: 	: 	: 	: 	: 	: 	: 	: 	: 	12.88 	: 	: 	: 	: 	: 	: 	: 	: 
A,I_IUCPP,PC_IND,ITF4	: 	: 	: 	: 	: 	: 	: 	: 	: 	: 	: 	12.90 	: 	: 	: 	: 	: 	: 	: 	: 
A,I_IUCPP,PC_IND,ITF5	: 	: 	: 	: 	: 	: 	: 	: 	: 	: 	: 	14.30 	: 	: 	: 	: 	: 	: 	: 	: 
A,I_IUCPP,PC_IND,ITF6	: 	: 	: 	: 	: 	: 	: 	: 	: 	: 	: 	12.54 	: 	: 	: 	: 	: 	: 	: 	: 
A,I_IUCPP,PC_IND,ITG	: 	: 	: 	: 	: 	: 	: 	: 	: 	: 	: 	14.13 	: 	: 	: 	: 	: 	: 	: 	: 
A,I_IUCPP,PC_IND,ITG1	: 	: 	: 	: 	: 	: 	: 	: 	: 	: 	: 	13.27 	: 	: 	: 	: 	: 	: 	: 	: 
A,I_IUCPP,PC_IND,ITG2	: 	: 	: 	: 	: 	: 	: 	: 	: 	: 	: 	16.69 	: 	: 	: 	: 	: 	: 	: 	: 
A,I_IUCPP,PC_IND,ITH	: 	: 	: 	: 	: 	: 	: 	: 	: 	: 	: 	16.18 	: 	: 	: 	: 	: 	: 	: 	: 
A,I_IUCPP,PC_IND,ITH1	: 	: 	: 	: 	: 	: 	: 	: 	: 	: 	: 	11.44 	: 	: 	: 	: 	: 	: 	: 	: 
A,I_IUCPP,PC_IND,ITH2	: 	: 	: 	: 	: 	: 	: 	: 	: 	: 	: 	14.97 	: 	: 	: 	: 	: 	: 	: 	: 
A,I_IUCPP,PC_IND,ITH3	: 	: 	: 	: 	: 	: 	: 	: 	: 	: 	: 	14.61 	: 	: 	: 	: 	: 	: 	: 	: 
A,I_IUCPP,PC_IND,ITH4	: 	: 	: 	: 	: 	: 	: 	: 	: 	: 	: 	14.74 	: 	: 	: 	: 	: 	: 	: 	: 
A,I_IUCPP,PC_IND,ITH5	: 	: 	: 	: 	: 	: 	: 	: 	: 	: 	: 	19.02 	: 	: 	: 	: 	: 	: 	: 	: 
A,I_IUCPP,PC_IND,ITI	: 	: 	: 	: 	: 	: 	: 	: 	: 	: 	: 	16.30 	: 	: 	: 	: 	: 	: 	: 	: 
A,I_IUCPP,PC_IND,ITI1	: 	: 	: 	: 	: 	: 	: 	: 	: 	: 	: 	17.47 	: 	: 	: 	: 	: 	: 	: 	: 
A,I_IUCPP,PC_IND,ITI2	: 	: 	: 	: 	: 	: 	: 	: 	: 	: 	: 	14.29 	: 	: 	: 	: 	: 	: 	: 	: 
A,I_IUCPP,PC_IND,ITI3	: 	: 	: 	: 	: 	: 	: 	: 	: 	: 	: 	15.94 	: 	: 	: 	: 	: 	: 	: 	: 
A,I_IUCPP,PC_IND,ITI4	: 	: 	: 	: 	: 	: 	: 	: 	: 	: 	: 	15.96 	: 	: 	: 	: 	: 	: 	: 	: 
A,I_IUCPP,PC_IND,LT	: 	: 	: 	: 	: 	: 	: 	9.20 	: 	9.95 	: 	13.55 	: 	16.60 	: 	17.87 	20.93 	15.92 	20.17 	14.55 
A,I_IUCPP,PC_IND,LT0	: 	: 	: 	: 	: 	: 	: 	: 	: 	: 	: 	13.55 	: 	: 	: 	: 	: 	: 	: 	: 
A,I_IUCPP,PC_IND,LT00	: 	: 	: 	: 	: 	: 	: 	: 	: 	: 	: 	13.55 	: 	: 	: 	: 	: 	: 	: 	: 
A,I_IUCPP,PC_IND,LU	: 	: 	: 	: 	: 	: 	: 	22.99 	: 	27.62 	: 	39.93 	: 	24.85 b	: 	26.72 	21.47 	18.39 	24.36 	20.64 
A,I_IUCPP,PC_IND,LU0	: 	: 	: 	: 	: 	: 	: 	: 	: 	: 	: 	39.93 	: 	: 	: 	: 	: 	: 	: 	: 
A,I_IUCPP,PC_IND,LU00	: 	: 	: 	: 	: 	: 	: 	: 	: 	: 	: 	39.93 	: 	: 	: 	: 	: 	: 	: 	: 
A,I_IUCPP,PC_IND,LV	: 	: 	: 	: 	: 	: 	: 	9.47 	: 	7.23 	: 	9.77 	: 	13.32 	: 	22.54 	22.82 	22.29 	26.42 	24.24 
A,I_IUCPP,PC_IND,LV0	: 	: 	: 	: 	: 	: 	: 	: 	: 	: 	: 	9.77 	: 	: 	: 	: 	: 	: 	: 	: 
A,I_IUCPP,PC_IND,LV00	: 	: 	: 	: 	: 	: 	: 	: 	: 	: 	: 	9.77 	: 	: 	: 	: 	: 	: 	: 	: 
A,I_IUCPP,PC_IND,ME	: 	: 	: 	: 	: 	: 	: 	: 	: 	: 	: 	8.70 	: 	5.00 	: 	11.79 	20.29 	19.07 	14.08 	15.07 
A,I_IUCPP,PC_IND,MK	: 	: 	: 	: 	: 	: 	: 	5.49 	: 	7.95 	: 	9.15 	: 	9.09 	: 	22.09 	: 	: 	20.60 	18.12 
A,I_IUCPP,PC_IND,MK0	: 	: 	: 	: 	: 	: 	: 	: 	: 	: 	: 	9.15 	: 	: 	: 	: 	: 	: 	: 	: 
A,I_IUCPP,PC_IND,MK00	: 	: 	: 	: 	: 	: 	: 	: 	: 	: 	: 	9.15 	: 	: 	: 	: 	: 	: 	: 	: 
A,I_IUCPP,PC_IND,MT	: 	: 	: 	: 	: 	: 	: 	13.57 	: 	16.50 	: 	22.47 	: 	22.41 	: 	24.02 	27.77 	34.36 	24.53 	18.99 
A,I_IUCPP,PC_IND,MT0	: 	: 	: 	: 	: 	: 	: 	: 	: 	: 	: 	22.47 	: 	: 	: 	: 	: 	: 	: 	: 
A,I_IUCPP,PC_IND,MT00	: 	: 	: 	: 	: 	: 	: 	: 	: 	: 	: 	22.47 	: 	: 	: 	: 	: 	: 	: 	: 
A,I_IUCPP,PC_IND,NL	: 	: 	: 	: 	: 	: 	: 	29.69 	: 	25.62 	: 	12.41 	: 	11.90 	: 	24.31 	22.95 	28.76 	29.58 	30.02 
A,I_IUCPP,PC_IND,NL1	: 	: 	: 	: 	: 	: 	: 	: 	: 	: 	: 	13.74 	: 	: 	: 	: 	: 	: 	: 	: 
A,I_IUCPP,PC_IND,NL11	: 	: 	: 	: 	: 	: 	: 	: 	: 	: 	: 	16.87 	: 	: 	: 	: 	: 	: 	: 	: 
A,I_IUCPP,PC_IND,NL12	: 	: 	: 	: 	: 	: 	: 	: 	: 	: 	: 	12.54 	: 	: 	: 	: 	: 	: 	: 	: 
A,I_IUCPP,PC_IND,NL13	: 	: 	: 	: 	: 	: 	: 	: 	: 	: 	: 	11.43 	: 	: 	: 	: 	: 	: 	: 	: 
A,I_IUCPP,PC_IND,NL2	: 	: 	: 	: 	: 	: 	: 	: 	: 	: 	: 	10.74 	: 	: 	: 	: 	: 	: 	: 	: 
A,I_IUCPP,PC_IND,NL21	: 	: 	: 	: 	: 	: 	: 	: 	: 	: 	: 	10.96 	: 	: 	: 	: 	: 	: 	: 	: 
A,I_IUCPP,PC_IND,NL22	: 	: 	: 	: 	: 	: 	: 	: 	: 	: 	: 	10.64 	: 	: 	: 	: 	: 	: 	: 	: 
A,I_IUCPP,PC_IND,NL23	: 	: 	: 	: 	: 	: 	: 	: 	: 	: 	: 	10.63 	: 	: 	: 	: 	: 	: 	: 	: 
A,I_IUCPP,PC_IND,NL3	: 	: 	: 	: 	: 	: 	: 	: 	: 	: 	: 	13.41 	: 	: 	: 	: 	: 	: 	: 	: 
A,I_IUCPP,PC_IND,NL31	: 	: 	: 	: 	: 	: 	: 	: 	: 	: 	: 	14.07 	: 	: 	: 	: 	: 	: 	: 	: 
A,I_IUCPP,PC_IND,NL32	: 	: 	: 	: 	: 	: 	: 	: 	: 	: 	: 	15.53 	: 	: 	: 	: 	: 	: 	: 	: 
A,I_IUCPP,PC_IND,NL33	: 	: 	: 	: 	: 	: 	: 	: 	: 	: 	: 	11.53 	: 	: 	: 	: 	: 	: 	: 	: 
A,I_IUCPP,PC_IND,NL34	: 	: 	: 	: 	: 	: 	: 	: 	: 	: 	: 	13.34 	: 	: 	: 	: 	: 	: 	: 	: 
A,I_IUCPP,PC_IND,NL4	: 	: 	: 	: 	: 	: 	: 	: 	: 	: 	: 	11.17 	: 	: 	: 	: 	: 	: 	: 	: 
A,I_IUCPP,PC_IND,NL41	: 	: 	: 	: 	: 	: 	: 	: 	: 	: 	: 	11.44 	: 	: 	: 	: 	: 	: 	: 	: 
A,I_IUCPP,PC_IND,NL42	: 	: 	: 	: 	: 	: 	: 	: 	: 	: 	: 	10.56 	: 	: 	: 	: 	: 	: 	: 	: 
A,I_IUCPP,PC_IND,NO	: 	: 	: 	: 	: 	: 	: 	16.19 	: 	14.27 	: 	18.08 	: 	19.68 	: 	20.96 	27.01 	21.38 	26.42 	22.40 
A,I_IUCPP,PC_IND,NO0	: 	: 	: 	: 	: 	: 	: 	: 	: 	: 	: 	18.08 	: 	: 	: 	: 	: 	: 	: 	: 
A,I_IUCPP,PC_IND,NO01	: 	: 	: 	: 	: 	: 	: 	: 	: 	: 	: 	19.05 	: 	: 	: 	: 	: 	: 	: 	: 
A,I_IUCPP,PC_IND,NO02	: 	: 	: 	: 	: 	: 	: 	: 	: 	: 	: 	12.09 	: 	: 	: 	: 	: 	: 	: 	: 
A,I_IUCPP,PC_IND,NO03	: 	: 	: 	: 	: 	: 	: 	: 	: 	: 	: 	14.59 	: 	: 	: 	: 	: 	: 	: 	: 
A,I_IUCPP,PC_IND,NO04	: 	: 	: 	: 	: 	: 	: 	: 	: 	: 	: 	19.03 	: 	: 	: 	: 	: 	: 	: 	: 
A,I_IUCPP,PC_IND,NO05	: 	: 	: 	: 	: 	: 	: 	: 	: 	: 	: 	18.88 	: 	: 	: 	: 	: 	: 	: 	: 
A,I_IUCPP,PC_IND,NO06	: 	: 	: 	: 	: 	: 	: 	: 	: 	: 	: 	15.80 	: 	: 	: 	: 	: 	: 	: 	: 
A,I_IUCPP,PC_IND,NO07	: 	: 	: 	: 	: 	: 	: 	: 	: 	: 	: 	26.37 	: 	: 	: 	: 	: 	: 	: 	: 
A,I_IUCPP,PC_IND,PL	: 	: 	: 	: 	: 	: 	: 	5.70 	: 	5.73 	: 	9.49 	: 	14.78 	: 	12.83 	13.93 	13.43 	15.82 	15.86 
A,I_IUCPP,PC_IND,PL1	: 	: 	: 	: 	: 	: 	: 	: 	: 	: 	: 	11.35 	: 	: 	: 	: 	: 	: 	: 	: 
A,I_IUCPP,PC_IND,PL2	: 	: 	: 	: 	: 	: 	: 	: 	: 	: 	: 	8.91 	: 	: 	: 	: 	: 	: 	: 	: 
A,I_IUCPP,PC_IND,PL3	: 	: 	: 	: 	: 	: 	: 	: 	: 	: 	: 	6.90 	: 	: 	: 	: 	: 	: 	: 	: 
A,I_IUCPP,PC_IND,PL4	: 	: 	: 	: 	: 	: 	: 	: 	: 	: 	: 	9.71 	: 	: 	: 	: 	: 	: 	: 	: 
A,I_IUCPP,PC_IND,PL5	: 	: 	: 	: 	: 	: 	: 	: 	: 	: 	: 	9.98 	: 	: 	: 	: 	: 	: 	: 	: 
A,I_IUCPP,PC_IND,PL6	: 	: 	: 	: 	: 	: 	: 	: 	: 	: 	: 	10.19 	: 	: 	: 	: 	: 	: 	: 	: 
A,I_IUCPP,PC_IND,PT	: 	: 	: 	: 	: 	: 	: 	12.83 	: 	15.54 	: 	18.91 	: 	18.68 	: 	22.91 	20.58 	20.25 	22.12 	22.07 
A,I_IUCPP,PC_IND,PT1	: 	: 	: 	: 	: 	: 	: 	: 	: 	: 	: 	19.18 	: 	: 	: 	: 	: 	: 	: 	: 
A,I_IUCPP,PC_IND,PT11	: 	: 	: 	: 	: 	: 	: 	: 	: 	: 	: 	17.29 	: 	: 	: 	: 	: 	: 	: 	: 
A,I_IUCPP,PC_IND,PT15	: 	: 	: 	: 	: 	: 	: 	: 	: 	: 	: 	18.85 	: 	: 	: 	: 	: 	: 	: 	: 
A,I_IUCPP,PC_IND,PT16	: 	: 	: 	: 	: 	: 	: 	: 	: 	: 	: 	18.16 	: 	: 	: 	: 	: 	: 	: 	: 
A,I_IUCPP,PC_IND,PT17	: 	: 	: 	: 	: 	: 	: 	: 	: 	: 	: 	23.74 	: 	: 	: 	: 	: 	: 	: 	: 
A,I_IUCPP,PC_IND,PT18	: 	: 	: 	: 	: 	: 	: 	: 	: 	: 	: 	14.50 	: 	: 	: 	: 	: 	: 	: 	: 
A,I_IUCPP,PC_IND,PT2	: 	: 	: 	: 	: 	: 	: 	: 	: 	: 	: 	13.85 	: 	: 	: 	: 	: 	: 	: 	: 
A,I_IUCPP,PC_IND,PT20	: 	: 	: 	: 	: 	: 	: 	: 	: 	: 	: 	13.85 	: 	: 	: 	: 	: 	: 	: 	: 
A,I_IUCPP,PC_IND,PT3	: 	: 	: 	: 	: 	: 	: 	: 	: 	: 	: 	13.39 	: 	: 	: 	: 	: 	: 	: 	: 
A,I_IUCPP,PC_IND,PT30	: 	: 	: 	: 	: 	: 	: 	: 	: 	: 	: 	13.39 	: 	: 	: 	: 	: 	: 	: 	: 
A,I_IUCPP,PC_IND,RO	: 	: 	: 	: 	: 	: 	: 	3.77 	: 	5.34 	: 	8.06 	: 	8.36 	: 	12.22 	14.17 	12.37 	18.59 	15.75 
A,I_IUCPP,PC_IND,RO1	: 	: 	: 	: 	: 	: 	: 	: 	: 	: 	: 	7.69 	: 	: 	: 	: 	: 	: 	: 	: 
A,I_IUCPP,PC_IND,RO11	: 	: 	: 	: 	: 	: 	: 	: 	: 	: 	: 	7.79 	: 	: 	: 	: 	: 	: 	: 	: 
A,I_IUCPP,PC_IND,RO12	: 	: 	: 	: 	: 	: 	: 	: 	: 	: 	: 	7.58 	: 	: 	: 	: 	: 	: 	: 	: 
A,I_IUCPP,PC_IND,RO2	: 	: 	: 	: 	: 	: 	: 	: 	: 	: 	: 	8.86 	: 	: 	: 	: 	: 	: 	: 	: 
A,I_IUCPP,PC_IND,RO21	: 	: 	: 	: 	: 	: 	: 	: 	: 	: 	: 	8.82 	: 	: 	: 	: 	: 	: 	: 	: 
A,I_IUCPP,PC_IND,RO22	: 	: 	: 	: 	: 	: 	: 	: 	: 	: 	: 	8.91 	: 	: 	: 	: 	: 	: 	: 	: 
A,I_IUCPP,PC_IND,RO3	: 	: 	: 	: 	: 	: 	: 	: 	: 	: 	: 	7.81 	: 	: 	: 	: 	: 	: 	: 	: 
A,I_IUCPP,PC_IND,RO31	: 	: 	: 	: 	: 	: 	: 	: 	: 	: 	: 	4.30 	: 	: 	: 	: 	: 	: 	: 	: 
A,I_IUCPP,PC_IND,RO32	: 	: 	: 	: 	: 	: 	: 	: 	: 	: 	: 	12.24 	: 	: 	: 	: 	: 	: 	: 	: 
A,I_IUCPP,PC_IND,RO4	: 	: 	: 	: 	: 	: 	: 	: 	: 	: 	: 	7.71 	: 	: 	: 	: 	: 	: 	: 	: 
A,I_IUCPP,PC_IND,RO41	: 	: 	: 	: 	: 	: 	: 	: 	: 	: 	: 	7.61 	: 	: 	: 	: 	: 	: 	: 	: 
A,I_IUCPP,PC_IND,RO42	: 	: 	: 	: 	: 	: 	: 	: 	: 	: 	: 	7.82 	: 	: 	: 	: 	: 	: 	: 	: 
A,I_IUCPP,PC_IND,RS	: 	: 	: 	: 	: 	: 	: 	: 	: 	10.79 	: 	: 	: 	7.72 	: 	6.38 	8.11 	3.14 	6.34 	6.75 
A,I_IUCPP,PC_IND,SE	: 	: 	: 	: 	: 	: 	: 	22.76 	: 	21.94 	: 	24.58 	: 	20.94 	: 	15.55 	15.56 	15.51 	12.71 	14.31 
A,I_IUCPP,PC_IND,SE1	: 	: 	: 	: 	: 	: 	: 	: 	: 	: 	: 	26.93 	: 	: 	: 	: 	: 	: 	: 	: 
A,I_IUCPP,PC_IND,SE11	: 	: 	: 	: 	: 	: 	: 	: 	: 	: 	: 	29.22 	: 	: 	: 	: 	: 	: 	: 	: 
A,I_IUCPP,PC_IND,SE12	: 	: 	: 	: 	: 	: 	: 	: 	: 	: 	: 	24.45 	: 	: 	: 	: 	: 	: 	: 	: 
A,I_IUCPP,PC_IND,SE2	: 	: 	: 	: 	: 	: 	: 	: 	: 	: 	: 	22.81 	: 	: 	: 	: 	: 	: 	: 	: 
A,I_IUCPP,PC_IND,SE21	: 	: 	: 	: 	: 	: 	: 	: 	: 	: 	: 	22.30 	: 	: 	: 	: 	: 	: 	: 	: 
A,I_IUCPP,PC_IND,SE22	: 	: 	: 	: 	: 	: 	: 	: 	: 	: 	: 	22.67 	: 	: 	: 	: 	: 	: 	: 	: 
A,I_IUCPP,PC_IND,SE23	: 	: 	: 	: 	: 	: 	: 	: 	: 	: 	: 	23.19 	: 	: 	: 	: 	: 	: 	: 	: 
A,I_IUCPP,PC_IND,SE3	: 	: 	: 	: 	: 	: 	: 	: 	: 	: 	: 	23.53 	: 	: 	: 	: 	: 	: 	: 	: 
A,I_IUCPP,PC_IND,SE31	: 	: 	: 	: 	: 	: 	: 	: 	: 	: 	: 	16.49 	: 	: 	: 	: 	: 	: 	: 	: 
A,I_IUCPP,PC_IND,SE32	: 	: 	: 	: 	: 	: 	: 	: 	: 	: 	: 	37.26 u	: 	: 	: 	: 	: 	: 	: 	: 
A,I_IUCPP,PC_IND,SE33	: 	: 	: 	: 	: 	: 	: 	: 	: 	: 	: 	24.26 	: 	: 	: 	: 	: 	: 	: 	: 
A,I_IUCPP,PC_IND,SI	: 	: 	: 	: 	: 	: 	: 	12.79 	: 	9.54 	: 	6.70 	: 	7.12 	: 	16.18 	29.79 	21.41 	34.08 	33.47 
A,I_IUCPP,PC_IND,SI0	: 	: 	: 	: 	: 	: 	: 	: 	: 	: 	: 	6.70 	: 	: 	: 	: 	: 	: 	: 	: 
A,I_IUCPP,PC_IND,SI03	: 	: 	: 	: 	: 	: 	: 	: 	: 	: 	: 	5.66 	: 	: 	: 	: 	: 	: 	: 	: 
A,I_IUCPP,PC_IND,SI04	: 	: 	: 	: 	: 	: 	: 	: 	: 	: 	: 	7.89 	: 	: 	: 	: 	: 	: 	: 	: 
A,I_IUCPP,PC_IND,SK	: 	: 	: 	: 	: 	: 	: 	6.10 	: 	4.07 	: 	8.37 	: 	11.71 	: 	20.37 	15.21 	15.75 	16.42 	15.28 
A,I_IUCPP,PC_IND,SK0	: 	: 	: 	: 	: 	: 	: 	: 	: 	: 	: 	8.37 	: 	: 	: 	: 	: 	: 	: 	: 
A,I_IUCPP,PC_IND,SK01	: 	: 	: 	: 	: 	: 	: 	: 	: 	: 	: 	11.38 	: 	: 	: 	: 	: 	: 	: 	: 
A,I_IUCPP,PC_IND,SK02	: 	: 	: 	: 	: 	: 	: 	: 	: 	: 	: 	8.31 	: 	: 	: 	: 	: 	: 	: 	: 
A,I_IUCPP,PC_IND,SK03	: 	: 	: 	: 	: 	: 	: 	: 	: 	: 	: 	7.84 	: 	: 	: 	: 	: 	: 	: 	: 
A,I_IUCPP,PC_IND,SK04	: 	: 	: 	: 	: 	: 	: 	: 	: 	: 	: 	7.68 	: 	: 	: 	: 	: 	: 	: 	: 
A,I_IUCPP,PC_IND,TR	: 	: 	: 	: 	: 	: 	: 	14.01 	: 	12.65 	: 	12.45 	: 	19.05 	: 	10.85 	12.70 	14.07 	12.49 	13.96 
A,I_IUCPP,PC_IND,TR1	: 	: 	: 	: 	: 	: 	: 	: 	: 	: 	: 	16.33 	: 	: 	: 	: 	: 	: 	: 	: 
A,I_IUCPP,PC_IND,TR2	: 	: 	: 	: 	: 	: 	: 	: 	: 	: 	: 	14.17 	: 	: 	: 	: 	: 	: 	: 	: 
A,I_IUCPP,PC_IND,TR3	: 	: 	: 	: 	: 	: 	: 	: 	: 	: 	: 	12.93 	: 	: 	: 	: 	: 	: 	: 	: 
A,I_IUCPP,PC_IND,TR4	: 	: 	: 	: 	: 	: 	: 	: 	: 	: 	: 	13.64 	: 	: 	: 	: 	: 	: 	: 	: 
A,I_IUCPP,PC_IND,TR5	: 	: 	: 	: 	: 	: 	: 	: 	: 	: 	: 	12.86 	: 	: 	: 	: 	: 	: 	: 	: 
A,I_IUCPP,PC_IND,TR6	: 	: 	: 	: 	: 	: 	: 	: 	: 	: 	: 	10.28 	: 	: 	: 	: 	: 	: 	: 	: 
A,I_IUCPP,PC_IND,TR7	: 	: 	: 	: 	: 	: 	: 	: 	: 	: 	: 	8.73 	: 	: 	: 	: 	: 	: 	: 	: 
A,I_IUCPP,PC_IND,TR8	: 	: 	: 	: 	: 	: 	: 	: 	: 	: 	: 	10.83 	: 	: 	: 	: 	: 	: 	: 	: 
A,I_IUCPP,PC_IND,TR9	: 	: 	: 	: 	: 	: 	: 	: 	: 	: 	: 	15.00 	: 	: 	: 	: 	: 	: 	: 	: 
A,I_IUCPP,PC_IND,TRA	: 	: 	: 	: 	: 	: 	: 	: 	: 	: 	: 	6.43 	: 	: 	: 	: 	: 	: 	: 	: 
A,I_IUCPP,PC_IND,TRB	: 	: 	: 	: 	: 	: 	: 	: 	: 	: 	: 	12.04 	: 	: 	: 	: 	: 	: 	: 	: 
A,I_IUCPP,PC_IND,TRC	: 	: 	: 	: 	: 	: 	: 	: 	: 	: 	: 	7.58 	: 	: 	: 	: 	: 	: 	: 	: 
A,I_IUCPP,PC_IND,UK	: 	: 	: 	: 	: 	: 	: 	14.51 	: 	19.90 	: 	22.65 	: 	25.93 	: 	: 	: 	: 	: 	: 
A,I_IUCPP,PC_IND,UKC	: 	: 	: 	: 	: 	: 	: 	: 	: 	: 	: 	24.09 	: 	: 	: 	: 	: 	: 	: 	: 
A,I_IUCPP,PC_IND,UKD	: 	: 	: 	: 	: 	: 	: 	: 	: 	: 	: 	22.15 	: 	: 	: 	: 	: 	: 	: 	: 
A,I_IUCPP,PC_IND,UKE	: 	: 	: 	: 	: 	: 	: 	: 	: 	: 	: 	20.40 	: 	: 	: 	: 	: 	: 	: 	: 
A,I_IUCPP,PC_IND,UKF	: 	: 	: 	: 	: 	: 	: 	: 	: 	: 	: 	16.88 	: 	: 	: 	: 	: 	: 	: 	: 
A,I_IUCPP,PC_IND,UKG	: 	: 	: 	: 	: 	: 	: 	: 	: 	: 	: 	20.66 	: 	: 	: 	: 	: 	: 	: 	: 
A,I_IUCPP,PC_IND,UKH	: 	: 	: 	: 	: 	: 	: 	: 	: 	: 	: 	20.69 	: 	: 	: 	: 	: 	: 	: 	: 
A,I_IUCPP,PC_IND,UKI	: 	: 	: 	: 	: 	: 	: 	: 	: 	: 	: 	32.98 	: 	: 	: 	: 	: 	: 	: 	: 
A,I_IUCPP,PC_IND,UKJ	: 	: 	: 	: 	: 	: 	: 	: 	: 	: 	: 	23.79 	: 	: 	: 	: 	: 	: 	: 	: 
A,I_IUCPP,PC_IND,UKK	: 	: 	: 	: 	: 	: 	: 	: 	: 	: 	: 	22.50 	: 	: 	: 	: 	: 	: 	: 	: 
A,I_IUCPP,PC_IND,UKL	: 	: 	: 	: 	: 	: 	: 	: 	: 	: 	: 	19.75 	: 	: 	: 	: 	: 	: 	: 	: 
A,I_IUCPP,PC_IND,UKM	: 	: 	: 	: 	: 	: 	: 	: 	: 	: 	: 	19.13 	: 	: 	: 	: 	: 	: 	: 	: 
A,I_IUCPP,PC_IND,UKN	: 	: 	: 	: 	: 	: 	: 	: 	: 	: 	: 	16.74 	: 	: 	: 	: 	: 	: 	: 	: 
A,I_IUCPP,PC_IND,XK	: 	: 	: 	: 	: 	: 	: 	: 	: 	: 	: 	7.95 	: 	12.82 	: 	: 	: 	: 	38.33 	39.13 
A,I_IUCPP,PC_IND_IU3,AL	: 	: 	: 	: 	: 	: 	: 	: 	: 	: 	: 	: 	: 	63.53 	: 	33.36 	29.23 	38.27 	38.47 	32.72 
A,I_IUCPP,PC_IND_IU3,AT	: 	: 	: 	: 	: 	: 	: 	16.56 	: 	13.55 	: 	11.53 	: 	14.76 	: 	24.12 	22.02 	24.00 	20.85 	27.26 
A,I_IUCPP,PC_IND_IU3,AT1	: 	: 	: 	: 	: 	: 	: 	: 	: 	: 	: 	12.88 	: 	: 	: 	: 	: 	: 	: 	: 
A,I_IUCPP,PC_IND_IU3,AT11	: 	: 	: 	: 	: 	: 	: 	: 	: 	: 	: 	12.87 	: 	: 	: 	: 	: 	: 	: 	: 
A,I_IUCPP,PC_IND_IU3,AT12	: 	: 	: 	: 	: 	: 	: 	: 	: 	: 	: 	11.67 	: 	: 	: 	: 	: 	: 	: 	: 
A,I_IUCPP,PC_IND_IU3,AT13	: 	: 	: 	: 	: 	: 	: 	: 	: 	: 	: 	13.87 	: 	: 	: 	: 	: 	: 	: 	: 
A,I_IUCPP,PC_IND_IU3,AT2	: 	: 	: 	: 	: 	: 	: 	: 	: 	: 	: 	10.98 	: 	: 	: 	: 	: 	: 	: 	: 
A,I_IUCPP,PC_IND_IU3,AT21	: 	: 	: 	: 	: 	: 	: 	: 	: 	: 	: 	12.29 	: 	: 	: 	: 	: 	: 	: 	: 
A,I_IUCPP,PC_IND_IU3,AT22	: 	: 	: 	: 	: 	: 	: 	: 	: 	: 	: 	10.42 	: 	: 	: 	: 	: 	: 	: 	: 
A,I_IUCPP,PC_IND_IU3,AT3	: 	: 	: 	: 	: 	: 	: 	: 	: 	: 	: 	10.16 	: 	: 	: 	: 	: 	: 	: 	: 
A,I_IUCPP,PC_IND_IU3,AT31	: 	: 	: 	: 	: 	: 	: 	: 	: 	: 	: 	9.68 	: 	: 	: 	: 	: 	: 	: 	: 
A,I_IUCPP,PC_IND_IU3,AT32	: 	: 	: 	: 	: 	: 	: 	: 	: 	: 	: 	9.97 	: 	: 	: 	: 	: 	: 	: 	: 
A,I_IUCPP,PC_IND_IU3,AT33	: 	: 	: 	: 	: 	: 	: 	: 	: 	: 	: 	8.76 	: 	: 	: 	: 	: 	: 	: 	: 
A,I_IUCPP,PC_IND_IU3,AT34	: 	: 	: 	: 	: 	: 	: 	: 	: 	: 	: 	14.86 	: 	: 	: 	: 	: 	: 	: 	: 
A,I_IUCPP,PC_IND_IU3,BA	: 	: 	: 	: 	: 	: 	: 	: 	: 	: 	: 	: 	: 	8.90 	: 	9.98 	: 	12.44 	15.41 	13.79 
A,I_IUCPP,PC_IND_IU3,BE	: 	: 	: 	: 	: 	: 	: 	6.90 	: 	9.49 	: 	9.94 	: 	9.22 	: 	13.10 	14.19 	14.40 	15.22 	11.18 
A,I_IUCPP,PC_IND_IU3,BE1	: 	: 	: 	: 	: 	: 	: 	: 	: 	: 	: 	13.46 	: 	: 	: 	: 	: 	: 	: 	: 
A,I_IUCPP,PC_IND_IU3,BE10	: 	: 	: 	: 	: 	: 	: 	: 	: 	: 	: 	13.46 	: 	: 	: 	: 	: 	: 	: 	: 
A,I_IUCPP,PC_IND_IU3,BE2	: 	: 	: 	: 	: 	: 	: 	: 	: 	: 	: 	9.59 	: 	: 	: 	: 	: 	: 	: 	: 
A,I_IUCPP,PC_IND_IU3,BE21	: 	: 	: 	: 	: 	: 	: 	: 	: 	: 	: 	9.38 	: 	: 	: 	: 	: 	: 	: 	: 
A,I_IUCPP,PC_IND_IU3,BE22	: 	: 	: 	: 	: 	: 	: 	: 	: 	: 	: 	6.85 	: 	: 	: 	: 	: 	: 	: 	: 
A,I_IUCPP,PC_IND_IU3,BE23	: 	: 	: 	: 	: 	: 	: 	: 	: 	: 	: 	9.44 	: 	: 	: 	: 	: 	: 	: 	: 
A,I_IUCPP,PC_IND_IU3,BE24	: 	: 	: 	: 	: 	: 	: 	: 	: 	: 	: 	13.00 	: 	: 	: 	: 	: 	: 	: 	: 
A,I_IUCPP,PC_IND_IU3,BE25	: 	: 	: 	: 	: 	: 	: 	: 	: 	: 	: 	8.81 	: 	: 	: 	: 	: 	: 	: 	: 
A,I_IUCPP,PC_IND_IU3,BE3	: 	: 	: 	: 	: 	: 	: 	: 	: 	: 	: 	9.40 	: 	: 	: 	: 	: 	: 	: 	: 
A,I_IUCPP,PC_IND_IU3,BE31	: 	: 	: 	: 	: 	: 	: 	: 	: 	: 	: 	15.05 	: 	: 	: 	: 	: 	: 	: 	: 
A,I_IUCPP,PC_IND_IU3,BE32	: 	: 	: 	: 	: 	: 	: 	: 	: 	: 	: 	8.85 	: 	: 	: 	: 	: 	: 	: 	: 
A,I_IUCPP,PC_IND_IU3,BE33	: 	: 	: 	: 	: 	: 	: 	: 	: 	: 	: 	8.76 	: 	: 	: 	: 	: 	: 	: 	: 
A,I_IUCPP,PC_IND_IU3,BE34	: 	: 	: 	: 	: 	: 	: 	: 	: 	: 	: 	8.37 	: 	: 	: 	: 	: 	: 	: 	: 
A,I_IUCPP,PC_IND_IU3,BE35	: 	: 	: 	: 	: 	: 	: 	: 	: 	: 	: 	8.15 	: 	: 	: 	: 	: 	: 	: 	: 
A,I_IUCPP,PC_IND_IU3,BG	: 	: 	: 	: 	: 	: 	: 	17.84 	: 	15.90 	: 	12.77 	: 	15.30 	: 	21.26 	22.57 	23.30 	25.55 	22.83 
A,I_IUCPP,PC_IND_IU3,BG3	: 	: 	: 	: 	: 	: 	: 	: 	: 	: 	: 	11.07 	: 	: 	: 	: 	: 	: 	: 	: 
A,I_IUCPP,PC_IND_IU3,BG31	: 	: 	: 	: 	: 	: 	: 	: 	: 	: 	: 	6.97 	: 	: 	: 	: 	: 	: 	: 	: 
A,I_IUCPP,PC_IND_IU3,BG32	: 	: 	: 	: 	: 	: 	: 	: 	: 	: 	: 	12.82 	: 	: 	: 	: 	: 	: 	: 	: 
A,I_IUCPP,PC_IND_IU3,BG33	: 	: 	: 	: 	: 	: 	: 	: 	: 	: 	: 	13.77 	: 	: 	: 	: 	: 	: 	: 	: 
A,I_IUCPP,PC_IND_IU3,BG34	: 	: 	: 	: 	: 	: 	: 	: 	: 	: 	: 	9.86 	: 	: 	: 	: 	: 	: 	: 	: 
A,I_IUCPP,PC_IND_IU3,BG4	: 	: 	: 	: 	: 	: 	: 	: 	: 	: 	: 	14.34 	: 	: 	: 	: 	: 	: 	: 	: 
A,I_IUCPP,PC_IND_IU3,BG41	: 	: 	: 	: 	: 	: 	: 	: 	: 	: 	: 	18.38 	: 	: 	: 	: 	: 	: 	: 	: 
A,I_IUCPP,PC_IND_IU3,BG42	: 	: 	: 	: 	: 	: 	: 	: 	: 	: 	: 	7.36 	: 	: 	: 	: 	: 	: 	: 	: 
A,I_IUCPP,PC_IND_IU3,CH	: 	: 	: 	: 	: 	: 	: 	: 	: 	: 	: 	26.11 b	: 	26.16 	: 	25.17 	: 	24.87 	: 	23.70 
A,I_IUCPP,PC_IND_IU3,CH0	: 	: 	: 	: 	: 	: 	: 	: 	: 	: 	: 	26.11 b	: 	: 	: 	: 	: 	: 	: 	: 
A,I_IUCPP,PC_IND_IU3,CH01	: 	: 	: 	: 	: 	: 	: 	: 	: 	: 	: 	25.98 b	: 	: 	: 	: 	: 	: 	: 	: 
A,I_IUCPP,PC_IND_IU3,CH02	: 	: 	: 	: 	: 	: 	: 	: 	: 	: 	: 	25.19 b	: 	: 	: 	: 	: 	: 	: 	: 
A,I_IUCPP,PC_IND_IU3,CH03	: 	: 	: 	: 	: 	: 	: 	: 	: 	: 	: 	24.31 b	: 	: 	: 	: 	: 	: 	: 	: 
A,I_IUCPP,PC_IND_IU3,CH04	: 	: 	: 	: 	: 	: 	: 	: 	: 	: 	: 	28.61 b	: 	: 	: 	: 	: 	: 	: 	: 
A,I_IUCPP,PC_IND_IU3,CH05	: 	: 	: 	: 	: 	: 	: 	: 	: 	: 	: 	26.99 b	: 	: 	: 	: 	: 	: 	: 	: 
A,I_IUCPP,PC_IND_IU3,CH06	: 	: 	: 	: 	: 	: 	: 	: 	: 	: 	: 	26.49 b	: 	: 	: 	: 	: 	: 	: 	: 
A,I_IUCPP,PC_IND_IU3,CH07	: 	: 	: 	: 	: 	: 	: 	: 	: 	: 	: 	22.55 b	: 	: 	: 	: 	: 	: 	: 	: 
A,I_IUCPP,PC_IND_IU3,CY	: 	: 	: 	: 	: 	: 	: 	12.93 	: 	7.40 	: 	11.17 	: 	16.31 	: 	9.33 	14.90 	10.90 	33.48 	24.65 
A,I_IUCPP,PC_IND_IU3,CY0	: 	: 	: 	: 	: 	: 	: 	: 	: 	: 	: 	11.17 	: 	: 	: 	: 	: 	: 	: 	: 
A,I_IUCPP,PC_IND_IU3,CY00	: 	: 	: 	: 	: 	: 	: 	: 	: 	: 	: 	11.17 	: 	: 	: 	: 	: 	: 	: 	: 
A,I_IUCPP,PC_IND_IU3,CZ	: 	: 	: 	: 	: 	: 	: 	6.31 	: 	6.02 	: 	6.09 	: 	14.72 b	: 	10.33 	13.41 	12.90 	13.27 	12.45 
A,I_IUCPP,PC_IND_IU3,CZ0	: 	: 	: 	: 	: 	: 	: 	: 	: 	: 	: 	6.09 	: 	: 	: 	: 	: 	: 	: 	: 
A,I_IUCPP,PC_IND_IU3,CZ01	: 	: 	: 	: 	: 	: 	: 	: 	: 	: 	: 	9.29 	: 	: 	: 	: 	: 	: 	: 	: 
A,I_IUCPP,PC_IND_IU3,CZ02	: 	: 	: 	: 	: 	: 	: 	: 	: 	: 	: 	7.96 	: 	: 	: 	: 	: 	: 	: 	: 
A,I_IUCPP,PC_IND_IU3,CZ03	: 	: 	: 	: 	: 	: 	: 	: 	: 	: 	: 	4.45 	: 	: 	: 	: 	: 	: 	: 	: 
A,I_IUCPP,PC_IND_IU3,CZ04	: 	: 	: 	: 	: 	: 	: 	: 	: 	: 	: 	5.77 	: 	: 	: 	: 	: 	: 	: 	: 
A,I_IUCPP,PC_IND_IU3,CZ05	: 	: 	: 	: 	: 	: 	: 	: 	: 	: 	: 	4.53 	: 	: 	: 	: 	: 	: 	: 	: 
A,I_IUCPP,PC_IND_IU3,CZ06	: 	: 	: 	: 	: 	: 	: 	: 	: 	: 	: 	4.11 	: 	: 	: 	: 	: 	: 	: 	: 
A,I_IUCPP,PC_IND_IU3,CZ07	: 	: 	: 	: 	: 	: 	: 	: 	: 	: 	: 	6.70 	: 	: 	: 	: 	: 	: 	: 	: 
A,I_IUCPP,PC_IND_IU3,CZ08	: 	: 	: 	: 	: 	: 	: 	: 	: 	: 	: 	6.46 	: 	: 	: 	: 	: 	: 	: 	: 
A,I_IUCPP,PC_IND_IU3,DE	: 	: 	: 	: 	: 	: 	: 	20.20 	: 	21.84 	: 	21.63 	: 	23.99 	: 	11.91 b	9.51 	14.74 	21.42 	23.90 
A,I_IUCPP,PC_IND_IU3,DE1	: 	: 	: 	: 	: 	: 	: 	: 	: 	: 	: 	19.66 	: 	: 	: 	: 	: 	: 	: 	: 
A,I_IUCPP,PC_IND_IU3,DE2	: 	: 	: 	: 	: 	: 	: 	: 	: 	: 	: 	22.47 	: 	: 	: 	: 	: 	: 	: 	: 
A,I_IUCPP,PC_IND_IU3,DE3	: 	: 	: 	: 	: 	: 	: 	: 	: 	: 	: 	29.52 	: 	: 	: 	: 	: 	: 	: 	: 
A,I_IUCPP,PC_IND_IU3,DE4	: 	: 	: 	: 	: 	: 	: 	: 	: 	: 	: 	12.87 	: 	: 	: 	: 	: 	: 	: 	: 
A,I_IUCPP,PC_IND_IU3,DE5	: 	: 	: 	: 	: 	: 	: 	: 	: 	: 	: 	26.24 	: 	: 	: 	: 	: 	: 	: 	: 
A,I_IUCPP,PC_IND_IU3,DE6	: 	: 	: 	: 	: 	: 	: 	: 	: 	: 	: 	26.87 	: 	: 	: 	: 	: 	: 	: 	: 
A,I_IUCPP,PC_IND_IU3,DE7	: 	: 	: 	: 	: 	: 	: 	: 	: 	: 	: 	24.55 	: 	: 	: 	: 	: 	: 	: 	: 
A,I_IUCPP,PC_IND_IU3,DE8	: 	: 	: 	: 	: 	: 	: 	: 	: 	: 	: 	19.11 	: 	: 	: 	: 	: 	: 	: 	: 
A,I_IUCPP,PC_IND_IU3,DE9	: 	: 	: 	: 	: 	: 	: 	: 	: 	: 	: 	21.52 	: 	: 	: 	: 	: 	: 	: 	: 
A,I_IUCPP,PC_IND_IU3,DEA	: 	: 	: 	: 	: 	: 	: 	: 	: 	: 	: 	21.86 	: 	: 	: 	: 	: 	: 	: 	: 
A,I_IUCPP,PC_IND_IU3,DEB	: 	: 	: 	: 	: 	: 	: 	: 	: 	: 	: 	21.47 	: 	: 	: 	: 	: 	: 	: 	: 
A,I_IUCPP,PC_IND_IU3,DEC	: 	: 	: 	: 	: 	: 	: 	: 	: 	: 	: 	22.66 	: 	: 	: 	: 	: 	: 	: 	: 
A,I_IUCPP,PC_IND_IU3,DED	: 	: 	: 	: 	: 	: 	: 	: 	: 	: 	: 	18.22 	: 	: 	: 	: 	: 	: 	: 	: 
A,I_IUCPP,PC_IND_IU3,DEE	: 	: 	: 	: 	: 	: 	: 	: 	: 	: 	: 	17.20 	: 	: 	: 	: 	: 	: 	: 	: 
A,I_IUCPP,PC_IND_IU3,DEF	: 	: 	: 	: 	: 	: 	: 	: 	: 	: 	: 	21.34 	: 	: 	: 	: 	: 	: 	: 	: 
A,I_IUCPP,PC_IND_IU3,DEG	: 	: 	: 	: 	: 	: 	: 	: 	: 	: 	: 	19.42 	: 	: 	: 	: 	: 	: 	: 	: 
A,I_IUCPP,PC_IND_IU3,DK	: 	: 	: 	: 	: 	: 	: 	22.84 	: 	27.74 	: 	29.42 	: 	27.80 	: 	27.05 	26.35 	25.37 	28.38 	26.18 
A,I_IUCPP,PC_IND_IU3,DK0	: 	: 	: 	: 	: 	: 	: 	: 	: 	: 	: 	29.42 	: 	: 	: 	: 	: 	: 	: 	: 
A,I_IUCPP,PC_IND_IU3,DK01	: 	: 	: 	: 	: 	: 	: 	: 	: 	: 	: 	32.05 	: 	: 	: 	: 	: 	: 	: 	: 
A,I_IUCPP,PC_IND_IU3,DK02	: 	: 	: 	: 	: 	: 	: 	: 	: 	: 	: 	27.19 	: 	: 	: 	: 	: 	: 	: 	: 
A,I_IUCPP,PC_IND_IU3,DK03	: 	: 	: 	: 	: 	: 	: 	: 	: 	: 	: 	28.10 	: 	: 	: 	: 	: 	: 	: 	: 
A,I_IUCPP,PC_IND_IU3,DK04	: 	: 	: 	: 	: 	: 	: 	: 	: 	: 	: 	27.82 	: 	: 	: 	: 	: 	: 	: 	: 
A,I_IUCPP,PC_IND_IU3,DK05	: 	: 	: 	: 	: 	: 	: 	: 	: 	: 	: 	30.22 	: 	: 	: 	: 	: 	: 	: 	: 
A,I_IUCPP,PC_IND_IU3,EE	: 	: 	: 	: 	: 	: 	: 	20.09 	: 	17.86 	: 	15.89 	: 	33.96 	: 	17.83 	21.30 	32.67 	19.81 	16.77 
A,I_IUCPP,PC_IND_IU3,EE0	: 	: 	: 	: 	: 	: 	: 	: 	: 	: 	: 	15.89 	: 	: 	: 	: 	: 	: 	: 	: 
A,I_IUCPP,PC_IND_IU3,EE00	: 	: 	: 	: 	: 	: 	: 	: 	: 	: 	: 	15.89 	: 	: 	: 	: 	: 	: 	: 	: 
A,I_IUCPP,PC_IND_IU3,EL	: 	: 	: 	: 	: 	: 	: 	15.91 	: 	18.56 	: 	13.96 	: 	15.00 	: 	14.68 	21.98 	23.40 	32.87 	17.47 
A,I_IUCPP,PC_IND_IU3,EL3	: 	: 	: 	: 	: 	: 	: 	: 	: 	: 	: 	17.24 	: 	: 	: 	: 	: 	: 	: 	: 
A,I_IUCPP,PC_IND_IU3,EL4	: 	: 	: 	: 	: 	: 	: 	: 	: 	: 	: 	9.07 	: 	: 	: 	: 	: 	: 	: 	: 
A,I_IUCPP,PC_IND_IU3,EL5	: 	: 	: 	: 	: 	: 	: 	: 	: 	: 	: 	13.84 	: 	: 	: 	: 	: 	: 	: 	: 
A,I_IUCPP,PC_IND_IU3,EL6	: 	: 	: 	: 	: 	: 	: 	: 	: 	: 	: 	10.55 	: 	: 	: 	: 	: 	: 	: 	: 
A,I_IUCPP,PC_IND_IU3,ES	: 	: 	: 	: 	: 	: 	: 	24.05 	: 	22.34 	: 	23.80 	: 	18.63 	: 	22.05 	23.42 	22.12 	24.03 	21.02 
A,I_IUCPP,PC_IND_IU3,ES1	: 	: 	: 	: 	: 	: 	: 	: 	: 	: 	: 	23.66 	: 	: 	: 	: 	: 	: 	: 	: 
A,I_IUCPP,PC_IND_IU3,ES11	: 	: 	: 	: 	: 	: 	: 	: 	: 	: 	: 	22.98 	: 	: 	: 	: 	: 	: 	: 	: 
A,I_IUCPP,PC_IND_IU3,ES12	: 	: 	: 	: 	: 	: 	: 	: 	: 	: 	: 	25.17 	: 	: 	: 	: 	: 	: 	: 	: 
A,I_IUCPP,PC_IND_IU3,ES13	: 	: 	: 	: 	: 	: 	: 	: 	: 	: 	: 	24.00 	: 	: 	: 	: 	: 	: 	: 	: 
A,I_IUCPP,PC_IND_IU3,ES2	: 	: 	: 	: 	: 	: 	: 	: 	: 	: 	: 	23.24 	: 	: 	: 	: 	: 	: 	: 	: 
A,I_IUCPP,PC_IND_IU3,ES21	: 	: 	: 	: 	: 	: 	: 	: 	: 	: 	: 	21.91 	: 	: 	: 	: 	: 	: 	: 	: 
A,I_IUCPP,PC_IND_IU3,ES22	: 	: 	: 	: 	: 	: 	: 	: 	: 	: 	: 	31.86 	: 	: 	: 	: 	: 	: 	: 	: 
A,I_IUCPP,PC_IND_IU3,ES23	: 	: 	: 	: 	: 	: 	: 	: 	: 	: 	: 	19.71 	: 	: 	: 	: 	: 	: 	: 	: 
A,I_IUCPP,PC_IND_IU3,ES24	: 	: 	: 	: 	: 	: 	: 	: 	: 	: 	: 	22.00 	: 	: 	: 	: 	: 	: 	: 	: 
A,I_IUCPP,PC_IND_IU3,ES3	: 	: 	: 	: 	: 	: 	: 	: 	: 	: 	: 	24.68 	: 	: 	: 	: 	: 	: 	: 	: 
A,I_IUCPP,PC_IND_IU3,ES30	: 	: 	: 	: 	: 	: 	: 	: 	: 	: 	: 	24.68 	: 	: 	: 	: 	: 	: 	: 	: 
A,I_IUCPP,PC_IND_IU3,ES4	: 	: 	: 	: 	: 	: 	: 	: 	: 	: 	: 	19.84 	: 	: 	: 	: 	: 	: 	: 	: 
A,I_IUCPP,PC_IND_IU3,ES41	: 	: 	: 	: 	: 	: 	: 	: 	: 	: 	: 	15.85 	: 	: 	: 	: 	: 	: 	: 	: 
A,I_IUCPP,PC_IND_IU3,ES42	: 	: 	: 	: 	: 	: 	: 	: 	: 	: 	: 	20.53 	: 	: 	: 	: 	: 	: 	: 	: 
A,I_IUCPP,PC_IND_IU3,ES43	: 	: 	: 	: 	: 	: 	: 	: 	: 	: 	: 	27.55 	: 	: 	: 	: 	: 	: 	: 	: 
A,I_IUCPP,PC_IND_IU3,ES5	: 	: 	: 	: 	: 	: 	: 	: 	: 	: 	: 	25.03 	: 	: 	: 	: 	: 	: 	: 	: 
A,I_IUCPP,PC_IND_IU3,ES51	: 	: 	: 	: 	: 	: 	: 	: 	: 	: 	: 	25.58 	: 	: 	: 	: 	: 	: 	: 	: 
A,I_IUCPP,PC_IND_IU3,ES52	: 	: 	: 	: 	: 	: 	: 	: 	: 	: 	: 	25.66 	: 	: 	: 	: 	: 	: 	: 	: 
A,I_IUCPP,PC_IND_IU3,ES53	: 	: 	: 	: 	: 	: 	: 	: 	: 	: 	: 	19.26 	: 	: 	: 	: 	: 	: 	: 	: 
A,I_IUCPP,PC_IND_IU3,ES6	: 	: 	: 	: 	: 	: 	: 	: 	: 	: 	: 	23.83 	: 	: 	: 	: 	: 	: 	: 	: 
A,I_IUCPP,PC_IND_IU3,ES61	: 	: 	: 	: 	: 	: 	: 	: 	: 	: 	: 	24.38 	: 	: 	: 	: 	: 	: 	: 	: 
A,I_IUCPP,PC_IND_IU3,ES62	: 	: 	: 	: 	: 	: 	: 	: 	: 	: 	: 	20.24 	: 	: 	: 	: 	: 	: 	: 	: 
A,I_IUCPP,PC_IND_IU3,ES63	: 	: 	: 	: 	: 	: 	: 	: 	: 	: 	: 	30.58 	: 	: 	: 	: 	: 	: 	: 	: 
A,I_IUCPP,PC_IND_IU3,ES64	: 	: 	: 	: 	: 	: 	: 	: 	: 	: 	: 	25.72 	: 	: 	: 	: 	: 	: 	: 	: 
A,I_IUCPP,PC_IND_IU3,ES7	: 	: 	: 	: 	: 	: 	: 	: 	: 	: 	: 	24.03 	: 	: 	: 	: 	: 	: 	: 	: 
A,I_IUCPP,PC_IND_IU3,ES70	: 	: 	: 	: 	: 	: 	: 	: 	: 	: 	: 	24.03 	: 	: 	: 	: 	: 	: 	: 	: 
A,I_IUCPP,PC_IND_IU3,FI	: 	: 	: 	: 	: 	: 	: 	22.54 	: 	18.64 	: 	17.30 	: 	19.71 	: 	27.85 	26.37 	24.93 	24.23 	23.02 
A,I_IUCPP,PC_IND_IU3,FI1	: 	: 	: 	: 	: 	: 	: 	: 	: 	: 	: 	17.30 	: 	: 	: 	: 	: 	: 	: 	: 
A,I_IUCPP,PC_IND_IU3,FI19	: 	: 	: 	: 	: 	: 	: 	: 	: 	: 	: 	16.90 	: 	: 	: 	: 	: 	: 	: 	: 
A,I_IUCPP,PC_IND_IU3,FI1B	: 	: 	: 	: 	: 	: 	: 	: 	: 	: 	: 	20.82 	: 	: 	: 	: 	: 	: 	: 	: 
A,I_IUCPP,PC_IND_IU3,FI1C	: 	: 	: 	: 	: 	: 	: 	: 	: 	: 	: 	16.68 	: 	: 	: 	: 	: 	: 	: 	: 
A,I_IUCPP,PC_IND_IU3,FI1D	: 	: 	: 	: 	: 	: 	: 	: 	: 	: 	: 	13.34 	: 	: 	: 	: 	: 	: 	: 	: 
A,I_IUCPP,PC_IND_IU3,FR	: 	: 	: 	: 	: 	: 	: 	23.13 	: 	11.90 	: 	14.77 	: 	14.74 	: 	17.50 	18.14 	16.74 	15.95 	17.51 
A,I_IUCPP,PC_IND_IU3,FR1	: 	: 	: 	: 	: 	: 	: 	: 	: 	: 	: 	15.43 	: 	: 	: 	: 	: 	: 	: 	: 
A,I_IUCPP,PC_IND_IU3,FR10	: 	: 	: 	: 	: 	: 	: 	: 	: 	: 	: 	15.43 	: 	: 	: 	: 	: 	: 	: 	: 
A,I_IUCPP,PC_IND_IU3,FRB	: 	: 	: 	: 	: 	: 	: 	: 	: 	: 	: 	13.63 	: 	: 	: 	: 	: 	: 	: 	: 
A,I_IUCPP,PC_IND_IU3,FRB0	: 	: 	: 	: 	: 	: 	: 	: 	: 	: 	: 	13.63 	: 	: 	: 	: 	: 	: 	: 	: 
A,I_IUCPP,PC_IND_IU3,FRC	: 	: 	: 	: 	: 	: 	: 	: 	: 	: 	: 	12.32 	: 	: 	: 	: 	: 	: 	: 	: 
A,I_IUCPP,PC_IND_IU3,FRC1	: 	: 	: 	: 	: 	: 	: 	: 	: 	: 	: 	13.31 	: 	: 	: 	: 	: 	: 	: 	: 
A,I_IUCPP,PC_IND_IU3,FRC2	: 	: 	: 	: 	: 	: 	: 	: 	: 	: 	: 	10.92 	: 	: 	: 	: 	: 	: 	: 	: 
A,I_IUCPP,PC_IND_IU3,FRD	: 	: 	: 	: 	: 	: 	: 	: 	: 	: 	: 	11.23 	: 	: 	: 	: 	: 	: 	: 	: 
A,I_IUCPP,PC_IND_IU3,FRD1	: 	: 	: 	: 	: 	: 	: 	: 	: 	: 	: 	11.72 	: 	: 	: 	: 	: 	: 	: 	: 
A,I_IUCPP,PC_IND_IU3,FRD2	: 	: 	: 	: 	: 	: 	: 	: 	: 	: 	: 	10.85 	: 	: 	: 	: 	: 	: 	: 	: 
A,I_IUCPP,PC_IND_IU3,FRE	: 	: 	: 	: 	: 	: 	: 	: 	: 	: 	: 	13.40 	: 	: 	: 	: 	: 	: 	: 	: 
A,I_IUCPP,PC_IND_IU3,FRE1	: 	: 	: 	: 	: 	: 	: 	: 	: 	: 	: 	13.36 	: 	: 	: 	: 	: 	: 	: 	: 
A,I_IUCPP,PC_IND_IU3,FRE2	: 	: 	: 	: 	: 	: 	: 	: 	: 	: 	: 	13.47 	: 	: 	: 	: 	: 	: 	: 	: 
A,I_IUCPP,PC_IND_IU3,FRF	: 	: 	: 	: 	: 	: 	: 	: 	: 	: 	: 	16.83 	: 	: 	: 	: 	: 	: 	: 	: 
A,I_IUCPP,PC_IND_IU3,FRF1	: 	: 	: 	: 	: 	: 	: 	: 	: 	: 	: 	19.01 	: 	: 	: 	: 	: 	: 	: 	: 
A,I_IUCPP,PC_IND_IU3,FRF2	: 	: 	: 	: 	: 	: 	: 	: 	: 	: 	: 	10.52 	: 	: 	: 	: 	: 	: 	: 	: 
A,I_IUCPP,PC_IND_IU3,FRF3	: 	: 	: 	: 	: 	: 	: 	: 	: 	: 	: 	18.06 	: 	: 	: 	: 	: 	: 	: 	: 
A,I_IUCPP,PC_IND_IU3,FRG	: 	: 	: 	: 	: 	: 	: 	: 	: 	: 	: 	13.29 	: 	: 	: 	: 	: 	: 	: 	: 
A,I_IUCPP,PC_IND_IU3,FRG0	: 	: 	: 	: 	: 	: 	: 	: 	: 	: 	: 	13.29 	: 	: 	: 	: 	: 	: 	: 	: 
A,I_IUCPP,PC_IND_IU3,FRH	: 	: 	: 	: 	: 	: 	: 	: 	: 	: 	: 	17.91 	: 	: 	: 	: 	: 	: 	: 	: 
A,I_IUCPP,PC_IND_IU3,FRH0	: 	: 	: 	: 	: 	: 	: 	: 	: 	: 	: 	17.91 	: 	: 	: 	: 	: 	: 	: 	: 
A,I_IUCPP,PC_IND_IU3,FRI	: 	: 	: 	: 	: 	: 	: 	: 	: 	: 	: 	15.90 	: 	: 	: 	: 	: 	: 	: 	: 
A,I_IUCPP,PC_IND_IU3,FRI1	: 	: 	: 	: 	: 	: 	: 	: 	: 	: 	: 	13.62 	: 	: 	: 	: 	: 	: 	: 	: 
A,I_IUCPP,PC_IND_IU3,FRI2	: 	: 	: 	: 	: 	: 	: 	: 	: 	: 	: 	21.25 	: 	: 	: 	: 	: 	: 	: 	: 
A,I_IUCPP,PC_IND_IU3,FRI3	: 	: 	: 	: 	: 	: 	: 	: 	: 	: 	: 	18.43 	: 	: 	: 	: 	: 	: 	: 	: 
A,I_IUCPP,PC_IND_IU3,FRJ	: 	: 	: 	: 	: 	: 	: 	: 	: 	: 	: 	14.00 	: 	: 	: 	: 	: 	: 	: 	: 
A,I_IUCPP,PC_IND_IU3,FRJ1	: 	: 	: 	: 	: 	: 	: 	: 	: 	: 	: 	12.00 	: 	: 	: 	: 	: 	: 	: 	: 
A,I_IUCPP,PC_IND_IU3,FRJ2	: 	: 	: 	: 	: 	: 	: 	: 	: 	: 	: 	15.95 	: 	: 	: 	: 	: 	: 	: 	: 
A,I_IUCPP,PC_IND_IU3,FRK	: 	: 	: 	: 	: 	: 	: 	: 	: 	: 	: 	15.95 	: 	: 	: 	: 	: 	: 	: 	: 
A,I_IUCPP,PC_IND_IU3,FRK1	: 	: 	: 	: 	: 	: 	: 	: 	: 	: 	: 	17.12 	: 	: 	: 	: 	: 	: 	: 	: 
A,I_IUCPP,PC_IND_IU3,FRK2	: 	: 	: 	: 	: 	: 	: 	: 	: 	: 	: 	15.70 	: 	: 	: 	: 	: 	: 	: 	: 
A,I_IUCPP,PC_IND_IU3,FRL	: 	: 	: 	: 	: 	: 	: 	: 	: 	: 	: 	15.02 	: 	: 	: 	: 	: 	: 	: 	: 
A,I_IUCPP,PC_IND_IU3,FRL0	: 	: 	: 	: 	: 	: 	: 	: 	: 	: 	: 	15.02 	: 	: 	: 	: 	: 	: 	: 	: 
A,I_IUCPP,PC_IND_IU3,FRM	: 	: 	: 	: 	: 	: 	: 	: 	: 	: 	: 	16.88 u	: 	: 	: 	: 	: 	: 	: 	: 
A,I_IUCPP,PC_IND_IU3,FRM0	: 	: 	: 	: 	: 	: 	: 	: 	: 	: 	: 	16.88 u	: 	: 	: 	: 	: 	: 	: 	: 
A,I_IUCPP,PC_IND_IU3,FRY	: 	: 	: 	: 	: 	: 	: 	: 	: 	: 	: 	9.36 	: 	: 	: 	: 	: 	: 	: 	: 
A,I_IUCPP,PC_IND_IU3,FRY1	: 	: 	: 	: 	: 	: 	: 	: 	: 	: 	: 	14.95 	: 	: 	: 	: 	: 	: 	: 	: 
A,I_IUCPP,PC_IND_IU3,FRY2	: 	: 	: 	: 	: 	: 	: 	: 	: 	: 	: 	10.35 	: 	: 	: 	: 	: 	: 	: 	: 
A,I_IUCPP,PC_IND_IU3,FRY3	: 	: 	: 	: 	: 	: 	: 	: 	: 	: 	: 	14.16 	: 	: 	: 	: 	: 	: 	: 	: 
A,I_IUCPP,PC_IND_IU3,FRY4	: 	: 	: 	: 	: 	: 	: 	: 	: 	: 	: 	5.20 	: 	: 	: 	: 	: 	: 	: 	: 
A,I_IUCPP,PC_IND_IU3,HR	: 	: 	: 	: 	: 	: 	: 	18.20 	: 	20.00 	: 	16.82 	: 	19.52 	: 	21.60 	21.13 	24.37 	23.79 	19.62 
A,I_IUCPP,PC_IND_IU3,HR0	: 	: 	: 	: 	: 	: 	: 	: 	: 	: 	: 	16.82 	: 	: 	: 	: 	: 	: 	: 	: 
A,I_IUCPP,PC_IND_IU3,HR03	: 	: 	: 	: 	: 	: 	: 	: 	: 	: 	: 	17.32 	: 	: 	: 	: 	: 	: 	: 	: 
A,I_IUCPP,PC_IND_IU3,HR04	: 	: 	: 	: 	: 	: 	: 	: 	: 	: 	: 	16.63 	: 	: 	: 	: 	: 	: 	: 	: 
A,I_IUCPP,PC_IND_IU3,HU	: 	: 	: 	: 	: 	: 	: 	10.58 	: 	6.41 	: 	10.46 	: 	15.04 	: 	23.44 	27.84 	32.75 	20.26 	45.38 
A,I_IUCPP,PC_IND_IU3,HU1	: 	: 	: 	: 	: 	: 	: 	: 	: 	: 	: 	12.88 	: 	: 	: 	: 	: 	: 	: 	: 
A,I_IUCPP,PC_IND_IU3,HU10	: 	: 	: 	: 	: 	: 	: 	: 	: 	: 	: 	12.88 	: 	: 	: 	: 	: 	: 	: 	: 
A,I_IUCPP,PC_IND_IU3,HU2	: 	: 	: 	: 	: 	: 	: 	: 	: 	: 	: 	9.36 	: 	: 	: 	: 	: 	: 	: 	: 
A,I_IUCPP,PC_IND_IU3,HU21	: 	: 	: 	: 	: 	: 	: 	: 	: 	: 	: 	8.16 	: 	: 	: 	: 	: 	: 	: 	: 
A,I_IUCPP,PC_IND_IU3,HU22	: 	: 	: 	: 	: 	: 	: 	: 	: 	: 	: 	10.76 	: 	: 	: 	: 	: 	: 	: 	: 
A,I_IUCPP,PC_IND_IU3,HU23	: 	: 	: 	: 	: 	: 	: 	: 	: 	: 	: 	9.37 	: 	: 	: 	: 	: 	: 	: 	: 
A,I_IUCPP,PC_IND_IU3,HU3	: 	: 	: 	: 	: 	: 	: 	: 	: 	: 	: 	9.17 	: 	: 	: 	: 	: 	: 	: 	: 
A,I_IUCPP,PC_IND_IU3,HU31	: 	: 	: 	: 	: 	: 	: 	: 	: 	: 	: 	8.92 	: 	: 	: 	: 	: 	: 	: 	: 
A,I_IUCPP,PC_IND_IU3,HU32	: 	: 	: 	: 	: 	: 	: 	: 	: 	: 	: 	9.39 	: 	: 	: 	: 	: 	: 	: 	: 
A,I_IUCPP,PC_IND_IU3,HU33	: 	: 	: 	: 	: 	: 	: 	: 	: 	: 	: 	9.15 	: 	: 	: 	: 	: 	: 	: 	: 
A,I_IUCPP,PC_IND_IU3,IE	: 	: 	: 	: 	: 	: 	: 	14.48 	: 	7.54 	: 	10.97 	: 	13.85 	: 	26.75 b	25.41 	22.38 	28.26 	30.14 
A,I_IUCPP,PC_IND_IU3,IE0	: 	: 	: 	: 	: 	: 	: 	: 	: 	: 	: 	10.97 	: 	: 	: 	: 	: 	: 	: 	: 
A,I_IUCPP,PC_IND_IU3,IE01	: 	: 	: 	: 	: 	: 	: 	: 	: 	: 	: 	7.36 	: 	: 	: 	: 	: 	: 	: 	: 
A,I_IUCPP,PC_IND_IU3,IE02	: 	: 	: 	: 	: 	: 	: 	: 	: 	: 	: 	12.10 	: 	: 	: 	: 	: 	: 	: 	: 
A,I_IUCPP,PC_IND_IU3,IS	: 	: 	: 	: 	: 	: 	: 	36.75 	: 	: 	: 	37.05 	: 	35.21 	: 	36.78 	: 	: 	: 	: 
A,I_IUCPP,PC_IND_IU3,IS0	: 	: 	: 	: 	: 	: 	: 	: 	: 	: 	: 	37.05 	: 	: 	: 	: 	: 	: 	: 	: 
A,I_IUCPP,PC_IND_IU3,IS00	: 	: 	: 	: 	: 	: 	: 	: 	: 	: 	: 	37.05 	: 	: 	: 	: 	: 	: 	: 	: 
A,I_IUCPP,PC_IND_IU3,IT	: 	: 	: 	: 	: 	: 	: 	25.15 	: 	21.46 	: 	21.00 	: 	18.44 	: 	32.47 	31.33 	28.58 	28.88 	26.84 
A,I_IUCPP,PC_IND_IU3,ITC	: 	: 	: 	: 	: 	: 	: 	: 	: 	: 	: 	19.55 	: 	: 	: 	: 	: 	: 	: 	: 
A,I_IUCPP,PC_IND_IU3,ITC1	: 	: 	: 	: 	: 	: 	: 	: 	: 	: 	: 	22.42 	: 	: 	: 	: 	: 	: 	: 	: 
A,I_IUCPP,PC_IND_IU3,ITC2	: 	: 	: 	: 	: 	: 	: 	: 	: 	: 	: 	17.51 	: 	: 	: 	: 	: 	: 	: 	: 
A,I_IUCPP,PC_IND_IU3,ITC3	: 	: 	: 	: 	: 	: 	: 	: 	: 	: 	: 	20.18 	: 	: 	: 	: 	: 	: 	: 	: 
A,I_IUCPP,PC_IND_IU3,ITC4	: 	: 	: 	: 	: 	: 	: 	: 	: 	: 	: 	18.28 	: 	: 	: 	: 	: 	: 	: 	: 
A,I_IUCPP,PC_IND_IU3,ITF	: 	: 	: 	: 	: 	: 	: 	: 	: 	: 	: 	20.92 	: 	: 	: 	: 	: 	: 	: 	: 
A,I_IUCPP,PC_IND_IU3,ITF1	: 	: 	: 	: 	: 	: 	: 	: 	: 	: 	: 	20.93 	: 	: 	: 	: 	: 	: 	: 	: 
A,I_IUCPP,PC_IND_IU3,ITF2	: 	: 	: 	: 	: 	: 	: 	: 	: 	: 	: 	21.57 	: 	: 	: 	: 	: 	: 	: 	: 
A,I_IUCPP,PC_IND_IU3,ITF3	: 	: 	: 	: 	: 	: 	: 	: 	: 	: 	: 	20.48 	: 	: 	: 	: 	: 	: 	: 	: 
A,I_IUCPP,PC_IND_IU3,ITF4	: 	: 	: 	: 	: 	: 	: 	: 	: 	: 	: 	21.09 	: 	: 	: 	: 	: 	: 	: 	: 
A,I_IUCPP,PC_IND_IU3,ITF5	: 	: 	: 	: 	: 	: 	: 	: 	: 	: 	: 	22.11 	: 	: 	: 	: 	: 	: 	: 	: 
A,I_IUCPP,PC_IND_IU3,ITF6	: 	: 	: 	: 	: 	: 	: 	: 	: 	: 	: 	21.46 	: 	: 	: 	: 	: 	: 	: 	: 
A,I_IUCPP,PC_IND_IU3,ITG	: 	: 	: 	: 	: 	: 	: 	: 	: 	: 	: 	22.11 	: 	: 	: 	: 	: 	: 	: 	: 
A,I_IUCPP,PC_IND_IU3,ITG1	: 	: 	: 	: 	: 	: 	: 	: 	: 	: 	: 	21.25 	: 	: 	: 	: 	: 	: 	: 	: 
A,I_IUCPP,PC_IND_IU3,ITG2	: 	: 	: 	: 	: 	: 	: 	: 	: 	: 	: 	24.43 	: 	: 	: 	: 	: 	: 	: 	: 
A,I_IUCPP,PC_IND_IU3,ITH	: 	: 	: 	: 	: 	: 	: 	: 	: 	: 	: 	21.50 	: 	: 	: 	: 	: 	: 	: 	: 
A,I_IUCPP,PC_IND_IU3,ITH1	: 	: 	: 	: 	: 	: 	: 	: 	: 	: 	: 	15.30 	: 	: 	: 	: 	: 	: 	: 	: 
A,I_IUCPP,PC_IND_IU3,ITH2	: 	: 	: 	: 	: 	: 	: 	: 	: 	: 	: 	20.25 	: 	: 	: 	: 	: 	: 	: 	: 
A,I_IUCPP,PC_IND_IU3,ITH3	: 	: 	: 	: 	: 	: 	: 	: 	: 	: 	: 	19.78 	: 	: 	: 	: 	: 	: 	: 	: 
A,I_IUCPP,PC_IND_IU3,ITH4	: 	: 	: 	: 	: 	: 	: 	: 	: 	: 	: 	19.41 	: 	: 	: 	: 	: 	: 	: 	: 
A,I_IUCPP,PC_IND_IU3,ITH5	: 	: 	: 	: 	: 	: 	: 	: 	: 	: 	: 	24.75 	: 	: 	: 	: 	: 	: 	: 	: 
A,I_IUCPP,PC_IND_IU3,ITI	: 	: 	: 	: 	: 	: 	: 	: 	: 	: 	: 	22.00 	: 	: 	: 	: 	: 	: 	: 	: 
A,I_IUCPP,PC_IND_IU3,ITI1	: 	: 	: 	: 	: 	: 	: 	: 	: 	: 	: 	23.64 	: 	: 	: 	: 	: 	: 	: 	: 
A,I_IUCPP,PC_IND_IU3,ITI2	: 	: 	: 	: 	: 	: 	: 	: 	: 	: 	: 	19.80 	: 	: 	: 	: 	: 	: 	: 	: 
A,I_IUCPP,PC_IND_IU3,ITI3	: 	: 	: 	: 	: 	: 	: 	: 	: 	: 	: 	21.20 	: 	: 	: 	: 	: 	: 	: 	: 
A,I_IUCPP,PC_IND_IU3,ITI4	: 	: 	: 	: 	: 	: 	: 	: 	: 	: 	: 	21.52 	: 	: 	: 	: 	: 	: 	: 	: 
A,I_IUCPP,PC_IND_IU3,LT	: 	: 	: 	: 	: 	: 	: 	13.44 	: 	13.95 	: 	17.45 	: 	20.34 	: 	20.55 	23.85 	17.99 	22.62 	16.29 
A,I_IUCPP,PC_IND_IU3,LT0	: 	: 	: 	: 	: 	: 	: 	: 	: 	: 	: 	17.45 	: 	: 	: 	: 	: 	: 	: 	: 
A,I_IUCPP,PC_IND_IU3,LT00	: 	: 	: 	: 	: 	: 	: 	: 	: 	: 	: 	17.45 	: 	: 	: 	: 	: 	: 	: 	: 
A,I_IUCPP,PC_IND_IU3,LU	: 	: 	: 	: 	: 	: 	: 	24.51 	: 	28.38 	: 	41.01 	: 	25.77 b	: 	27.08 	21.86 	18.51 	24.67 	20.82 
A,I_IUCPP,PC_IND_IU3,LU0	: 	: 	: 	: 	: 	: 	: 	: 	: 	: 	: 	41.01 	: 	: 	: 	: 	: 	: 	: 	: 
A,I_IUCPP,PC_IND_IU3,LU00	: 	: 	: 	: 	: 	: 	: 	: 	: 	: 	: 	41.01 	: 	: 	: 	: 	: 	: 	: 	: 
A,I_IUCPP,PC_IND_IU3,LV	: 	: 	: 	: 	: 	: 	: 	12.58 	: 	9.13 	: 	12.01 	: 	15.47 	: 	24.69 	24.99 	24.14 	28.35 	25.64 
A,I_IUCPP,PC_IND_IU3,LV0	: 	: 	: 	: 	: 	: 	: 	: 	: 	: 	: 	12.01 	: 	: 	: 	: 	: 	: 	: 	: 
A,I_IUCPP,PC_IND_IU3,LV00	: 	: 	: 	: 	: 	: 	: 	: 	: 	: 	: 	12.01 	: 	: 	: 	: 	: 	: 	: 	: 
A,I_IUCPP,PC_IND_IU3,ME	: 	: 	: 	: 	: 	: 	: 	: 	: 	: 	: 	12.20 	: 	6.81 	: 	14.34 	23.00 	21.59 	15.84 	16.00 
A,I_IUCPP,PC_IND_IU3,MK	: 	: 	: 	: 	: 	: 	: 	8.42 	: 	11.29 	: 	12.25 	: 	11.18 	: 	25.57 	: 	: 	22.60 	19.67 
A,I_IUCPP,PC_IND_IU3,MK0	: 	: 	: 	: 	: 	: 	: 	: 	: 	: 	: 	12.25 	: 	: 	: 	: 	: 	: 	: 	: 
A,I_IUCPP,PC_IND_IU3,MK00	: 	: 	: 	: 	: 	: 	: 	: 	: 	: 	: 	12.25 	: 	: 	: 	: 	: 	: 	: 	: 
A,I_IUCPP,PC_IND_IU3,MT	: 	: 	: 	: 	: 	: 	: 	19.61 	: 	21.49 	: 	27.83 	: 	26.13 	: 	27.46 	30.33 	37.02 	26.10 	19.78 
A,I_IUCPP,PC_IND_IU3,MT0	: 	: 	: 	: 	: 	: 	: 	: 	: 	: 	: 	27.83 	: 	: 	: 	: 	: 	: 	: 	: 
A,I_IUCPP,PC_IND_IU3,MT00	: 	: 	: 	: 	: 	: 	: 	: 	: 	: 	: 	27.83 	: 	: 	: 	: 	: 	: 	: 	: 
A,I_IUCPP,PC_IND_IU3,NL	: 	: 	: 	: 	: 	: 	: 	31.60 	: 	27.52 	: 	13.01 	: 	12.39 	: 	25.72 	24.22 	29.00 	29.72 	30.11 
A,I_IUCPP,PC_IND_IU3,NL1	: 	: 	: 	: 	: 	: 	: 	: 	: 	: 	: 	14.30 	: 	: 	: 	: 	: 	: 	: 	: 
A,I_IUCPP,PC_IND_IU3,NL11	: 	: 	: 	: 	: 	: 	: 	: 	: 	: 	: 	17.41 	: 	: 	: 	: 	: 	: 	: 	: 
A,I_IUCPP,PC_IND_IU3,NL12	: 	: 	: 	: 	: 	: 	: 	: 	: 	: 	: 	13.34 	: 	: 	: 	: 	: 	: 	: 	: 
A,I_IUCPP,PC_IND_IU3,NL13	: 	: 	: 	: 	: 	: 	: 	: 	: 	: 	: 	11.68 	: 	: 	: 	: 	: 	: 	: 	: 
A,I_IUCPP,PC_IND_IU3,NL2	: 	: 	: 	: 	: 	: 	: 	: 	: 	: 	: 	11.48 	: 	: 	: 	: 	: 	: 	: 	: 
A,I_IUCPP,PC_IND_IU3,NL21	: 	: 	: 	: 	: 	: 	: 	: 	: 	: 	: 	11.68 	: 	: 	: 	: 	: 	: 	: 	: 
A,I_IUCPP,PC_IND_IU3,NL22	: 	: 	: 	: 	: 	: 	: 	: 	: 	: 	: 	11.53 	: 	: 	: 	: 	: 	: 	: 	: 
A,I_IUCPP,PC_IND_IU3,NL23	: 	: 	: 	: 	: 	: 	: 	: 	: 	: 	: 	10.73 	: 	: 	: 	: 	: 	: 	: 	: 
A,I_IUCPP,PC_IND_IU3,NL3	: 	: 	: 	: 	: 	: 	: 	: 	: 	: 	: 	13.99 	: 	: 	: 	: 	: 	: 	: 	: 
A,I_IUCPP,PC_IND_IU3,NL31	: 	: 	: 	: 	: 	: 	: 	: 	: 	: 	: 	14.68 	: 	: 	: 	: 	: 	: 	: 	: 
A,I_IUCPP,PC_IND_IU3,NL32	: 	: 	: 	: 	: 	: 	: 	: 	: 	: 	: 	16.06 	: 	: 	: 	: 	: 	: 	: 	: 
A,I_IUCPP,PC_IND_IU3,NL33	: 	: 	: 	: 	: 	: 	: 	: 	: 	: 	: 	12.16 	: 	: 	: 	: 	: 	: 	: 	: 
A,I_IUCPP,PC_IND_IU3,NL34	: 	: 	: 	: 	: 	: 	: 	: 	: 	: 	: 	13.48 	: 	: 	: 	: 	: 	: 	: 	: 
A,I_IUCPP,PC_IND_IU3,NL4	: 	: 	: 	: 	: 	: 	: 	: 	: 	: 	: 	11.68 	: 	: 	: 	: 	: 	: 	: 	: 
A,I_IUCPP,PC_IND_IU3,NL41	: 	: 	: 	: 	: 	: 	: 	: 	: 	: 	: 	11.94 	: 	: 	: 	: 	: 	: 	: 	: 
A,I_IUCPP,PC_IND_IU3,NL42	: 	: 	: 	: 	: 	: 	: 	: 	: 	: 	: 	11.10 	: 	: 	: 	: 	: 	: 	: 	: 
A,I_IUCPP,PC_IND_IU3,NO	: 	: 	: 	: 	: 	: 	: 	17.03 	: 	14.74 	: 	18.53 	: 	20.00 	: 	21.08 	27.10 	21.45 	26.56 	22.66 
A,I_IUCPP,PC_IND_IU3,NO0	: 	: 	: 	: 	: 	: 	: 	: 	: 	: 	: 	18.53 	: 	: 	: 	: 	: 	: 	: 	: 
A,I_IUCPP,PC_IND_IU3,NO01	: 	: 	: 	: 	: 	: 	: 	: 	: 	: 	: 	19.25 	: 	: 	: 	: 	: 	: 	: 	: 
A,I_IUCPP,PC_IND_IU3,NO02	: 	: 	: 	: 	: 	: 	: 	: 	: 	: 	: 	12.09 	: 	: 	: 	: 	: 	: 	: 	: 
A,I_IUCPP,PC_IND_IU3,NO03	: 	: 	: 	: 	: 	: 	: 	: 	: 	: 	: 	15.02 	: 	: 	: 	: 	: 	: 	: 	: 
A,I_IUCPP,PC_IND_IU3,NO04	: 	: 	: 	: 	: 	: 	: 	: 	: 	: 	: 	19.71 	: 	: 	: 	: 	: 	: 	: 	: 
A,I_IUCPP,PC_IND_IU3,NO05	: 	: 	: 	: 	: 	: 	: 	: 	: 	: 	: 	19.25 	: 	: 	: 	: 	: 	: 	: 	: 
A,I_IUCPP,PC_IND_IU3,NO06	: 	: 	: 	: 	: 	: 	: 	: 	: 	: 	: 	16.88 	: 	: 	: 	: 	: 	: 	: 	: 
A,I_IUCPP,PC_IND_IU3,NO07	: 	: 	: 	: 	: 	: 	: 	: 	: 	: 	: 	27.25 	: 	: 	: 	: 	: 	: 	: 	: 
A,I_IUCPP,PC_IND_IU3,PL	: 	: 	: 	: 	: 	: 	: 	9.07 	: 	8.43 	: 	12.48 	: 	18.38 	: 	15.03 	16.03 	15.54 	17.85 	17.69 
A,I_IUCPP,PC_IND_IU3,PL1	: 	: 	: 	: 	: 	: 	: 	: 	: 	: 	: 	14.65 	: 	: 	: 	: 	: 	: 	: 	: 
A,I_IUCPP,PC_IND_IU3,PL2	: 	: 	: 	: 	: 	: 	: 	: 	: 	: 	: 	11.82 	: 	: 	: 	: 	: 	: 	: 	: 
A,I_IUCPP,PC_IND_IU3,PL3	: 	: 	: 	: 	: 	: 	: 	: 	: 	: 	: 	9.42 	: 	: 	: 	: 	: 	: 	: 	: 
A,I_IUCPP,PC_IND_IU3,PL4	: 	: 	: 	: 	: 	: 	: 	: 	: 	: 	: 	12.86 	: 	: 	: 	: 	: 	: 	: 	: 
A,I_IUCPP,PC_IND_IU3,PL5	: 	: 	: 	: 	: 	: 	: 	: 	: 	: 	: 	12.96 	: 	: 	: 	: 	: 	: 	: 	: 
A,I_IUCPP,PC_IND_IU3,PL6	: 	: 	: 	: 	: 	: 	: 	: 	: 	: 	: 	13.12 	: 	: 	: 	: 	: 	: 	: 	: 
A,I_IUCPP,PC_IND_IU3,PT	: 	: 	: 	: 	: 	: 	: 	20.66 	: 	22.64 	: 	25.62 	: 	24.80 	: 	27.83 	24.35 	23.60 	24.99 	24.67 
A,I_IUCPP,PC_IND_IU3,PT1	: 	: 	: 	: 	: 	: 	: 	: 	: 	: 	: 	26.03 	: 	: 	: 	: 	: 	: 	: 	: 
A,I_IUCPP,PC_IND_IU3,PT11	: 	: 	: 	: 	: 	: 	: 	: 	: 	: 	: 	25.02 	: 	: 	: 	: 	: 	: 	: 	: 
A,I_IUCPP,PC_IND_IU3,PT15	: 	: 	: 	: 	: 	: 	: 	: 	: 	: 	: 	26.12 	: 	: 	: 	: 	: 	: 	: 	: 
A,I_IUCPP,PC_IND_IU3,PT16	: 	: 	: 	: 	: 	: 	: 	: 	: 	: 	: 	25.99 	: 	: 	: 	: 	: 	: 	: 	: 
A,I_IUCPP,PC_IND_IU3,PT17	: 	: 	: 	: 	: 	: 	: 	: 	: 	: 	: 	28.29 	: 	: 	: 	: 	: 	: 	: 	: 
A,I_IUCPP,PC_IND_IU3,PT18	: 	: 	: 	: 	: 	: 	: 	: 	: 	: 	: 	20.64 	: 	: 	: 	: 	: 	: 	: 	: 
A,I_IUCPP,PC_IND_IU3,PT2	: 	: 	: 	: 	: 	: 	: 	: 	: 	: 	: 	18.37 	: 	: 	: 	: 	: 	: 	: 	: 
A,I_IUCPP,PC_IND_IU3,PT20	: 	: 	: 	: 	: 	: 	: 	: 	: 	: 	: 	18.37 	: 	: 	: 	: 	: 	: 	: 	: 
A,I_IUCPP,PC_IND_IU3,PT3	: 	: 	: 	: 	: 	: 	: 	: 	: 	: 	: 	17.65 	: 	: 	: 	: 	: 	: 	: 	: 
A,I_IUCPP,PC_IND_IU3,PT30	: 	: 	: 	: 	: 	: 	: 	: 	: 	: 	: 	17.65 	: 	: 	: 	: 	: 	: 	: 	: 
A,I_IUCPP,PC_IND_IU3,RO	: 	: 	: 	: 	: 	: 	: 	7.58 	: 	9.57 	: 	12.64 	: 	11.35 	: 	14.62 	16.57 	13.86 	20.37 	16.90 
A,I_IUCPP,PC_IND_IU3,RO1	: 	: 	: 	: 	: 	: 	: 	: 	: 	: 	: 	11.94 	: 	: 	: 	: 	: 	: 	: 	: 
A,I_IUCPP,PC_IND_IU3,RO11	: 	: 	: 	: 	: 	: 	: 	: 	: 	: 	: 	11.69 	: 	: 	: 	: 	: 	: 	: 	: 
A,I_IUCPP,PC_IND_IU3,RO12	: 	: 	: 	: 	: 	: 	: 	: 	: 	: 	: 	12.25 	: 	: 	: 	: 	: 	: 	: 	: 
A,I_IUCPP,PC_IND_IU3,RO2	: 	: 	: 	: 	: 	: 	: 	: 	: 	: 	: 	14.87 	: 	: 	: 	: 	: 	: 	: 	: 
A,I_IUCPP,PC_IND_IU3,RO21	: 	: 	: 	: 	: 	: 	: 	: 	: 	: 	: 	14.58 	: 	: 	: 	: 	: 	: 	: 	: 
A,I_IUCPP,PC_IND_IU3,RO22	: 	: 	: 	: 	: 	: 	: 	: 	: 	: 	: 	15.24 	: 	: 	: 	: 	: 	: 	: 	: 
A,I_IUCPP,PC_IND_IU3,RO3	: 	: 	: 	: 	: 	: 	: 	: 	: 	: 	: 	11.56 	: 	: 	: 	: 	: 	: 	: 	: 
A,I_IUCPP,PC_IND_IU3,RO31	: 	: 	: 	: 	: 	: 	: 	: 	: 	: 	: 	7.20 	: 	: 	: 	: 	: 	: 	: 	: 
A,I_IUCPP,PC_IND_IU3,RO32	: 	: 	: 	: 	: 	: 	: 	: 	: 	: 	: 	15.80 	: 	: 	: 	: 	: 	: 	: 	: 
A,I_IUCPP,PC_IND_IU3,RO4	: 	: 	: 	: 	: 	: 	: 	: 	: 	: 	: 	12.13 	: 	: 	: 	: 	: 	: 	: 	: 
A,I_IUCPP,PC_IND_IU3,RO41	: 	: 	: 	: 	: 	: 	: 	: 	: 	: 	: 	12.97 	: 	: 	: 	: 	: 	: 	: 	: 
A,I_IUCPP,PC_IND_IU3,RO42	: 	: 	: 	: 	: 	: 	: 	: 	: 	: 	: 	11.36 	: 	: 	: 	: 	: 	: 	: 	: 
A,I_IUCPP,PC_IND_IU3,RS	: 	: 	: 	: 	: 	: 	: 	: 	: 	16.52 	: 	: 	: 	9.98 	: 	7.86 	9.71 	3.67 	7.23 	7.50 
A,I_IUCPP,PC_IND_IU3,SE	: 	: 	: 	: 	: 	: 	: 	24.02 	: 	24.21 	: 	25.55 	: 	21.47 	: 	16.07 	16.07 	15.89 	12.96 	14.56 
A,I_IUCPP,PC_IND_IU3,SE1	: 	: 	: 	: 	: 	: 	: 	: 	: 	: 	: 	27.41 	: 	: 	: 	: 	: 	: 	: 	: 
A,I_IUCPP,PC_IND_IU3,SE11	: 	: 	: 	: 	: 	: 	: 	: 	: 	: 	: 	29.73 	: 	: 	: 	: 	: 	: 	: 	: 
A,I_IUCPP,PC_IND_IU3,SE12	: 	: 	: 	: 	: 	: 	: 	: 	: 	: 	: 	24.89 	: 	: 	: 	: 	: 	: 	: 	: 
A,I_IUCPP,PC_IND_IU3,SE2	: 	: 	: 	: 	: 	: 	: 	: 	: 	: 	: 	24.09 	: 	: 	: 	: 	: 	: 	: 	: 
A,I_IUCPP,PC_IND_IU3,SE21	: 	: 	: 	: 	: 	: 	: 	: 	: 	: 	: 	23.79 	: 	: 	: 	: 	: 	: 	: 	: 
A,I_IUCPP,PC_IND_IU3,SE22	: 	: 	: 	: 	: 	: 	: 	: 	: 	: 	: 	23.60 	: 	: 	: 	: 	: 	: 	: 	: 
A,I_IUCPP,PC_IND_IU3,SE23	: 	: 	: 	: 	: 	: 	: 	: 	: 	: 	: 	24.65 	: 	: 	: 	: 	: 	: 	: 	: 
A,I_IUCPP,PC_IND_IU3,SE3	: 	: 	: 	: 	: 	: 	: 	: 	: 	: 	: 	24.73 	: 	: 	: 	: 	: 	: 	: 	: 
A,I_IUCPP,PC_IND_IU3,SE31	: 	: 	: 	: 	: 	: 	: 	: 	: 	: 	: 	17.75 	: 	: 	: 	: 	: 	: 	: 	: 
A,I_IUCPP,PC_IND_IU3,SE32	: 	: 	: 	: 	: 	: 	: 	: 	: 	: 	: 	37.99 u	: 	: 	: 	: 	: 	: 	: 	: 
A,I_IUCPP,PC_IND_IU3,SE33	: 	: 	: 	: 	: 	: 	: 	: 	: 	: 	: 	25.17 	: 	: 	: 	: 	: 	: 	: 	: 
A,I_IUCPP,PC_IND_IU3,SI	: 	: 	: 	: 	: 	: 	: 	17.60 	: 	13.05 	: 	8.49 	: 	8.57 	: 	18.18 	33.51 	23.69 	37.55 	36.55 
A,I_IUCPP,PC_IND_IU3,SI0	: 	: 	: 	: 	: 	: 	: 	: 	: 	: 	: 	8.49 	: 	: 	: 	: 	: 	: 	: 	: 
A,I_IUCPP,PC_IND_IU3,SI03	: 	: 	: 	: 	: 	: 	: 	: 	: 	: 	: 	7.48 	: 	: 	: 	: 	: 	: 	: 	: 
A,I_IUCPP,PC_IND_IU3,SI04	: 	: 	: 	: 	: 	: 	: 	: 	: 	: 	: 	9.56 	: 	: 	: 	: 	: 	: 	: 	: 
A,I_IUCPP,PC_IND_IU3,SK	: 	: 	: 	: 	: 	: 	: 	7.83 	: 	5.24 	: 	10.25 	: 	14.14 	: 	22.91 	17.08 	18.06 	18.29 	16.52 
A,I_IUCPP,PC_IND_IU3,SK0	: 	: 	: 	: 	: 	: 	: 	: 	: 	: 	: 	10.25 	: 	: 	: 	: 	: 	: 	: 	: 
A,I_IUCPP,PC_IND_IU3,SK01	: 	: 	: 	: 	: 	: 	: 	: 	: 	: 	: 	13.69 	: 	: 	: 	: 	: 	: 	: 	: 
A,I_IUCPP,PC_IND_IU3,SK02	: 	: 	: 	: 	: 	: 	: 	: 	: 	: 	: 	10.19 	: 	: 	: 	: 	: 	: 	: 	: 
A,I_IUCPP,PC_IND_IU3,SK03	: 	: 	: 	: 	: 	: 	: 	: 	: 	: 	: 	9.86 	: 	: 	: 	: 	: 	: 	: 	: 
A,I_IUCPP,PC_IND_IU3,SK04	: 	: 	: 	: 	: 	: 	: 	: 	: 	: 	: 	9.26 	: 	: 	: 	: 	: 	: 	: 	: 
A,I_IUCPP,PC_IND_IU3,TR	: 	: 	: 	: 	: 	: 	: 	32.45 	: 	24.52 	: 	19.24 	: 	25.76 	: 	13.32 	15.22 	16.37 	14.31 	15.55 
A,I_IUCPP,PC_IND_IU3,TR1	: 	: 	: 	: 	: 	: 	: 	: 	: 	: 	: 	21.22 	: 	: 	: 	: 	: 	: 	: 	: 
A,I_IUCPP,PC_IND_IU3,TR2	: 	: 	: 	: 	: 	: 	: 	: 	: 	: 	: 	23.09 	: 	: 	: 	: 	: 	: 	: 	: 
A,I_IUCPP,PC_IND_IU3,TR3	: 	: 	: 	: 	: 	: 	: 	: 	: 	: 	: 	20.03 	: 	: 	: 	: 	: 	: 	: 	: 
A,I_IUCPP,PC_IND_IU3,TR4	: 	: 	: 	: 	: 	: 	: 	: 	: 	: 	: 	20.62 	: 	: 	: 	: 	: 	: 	: 	: 
A,I_IUCPP,PC_IND_IU3,TR5	: 	: 	: 	: 	: 	: 	: 	: 	: 	: 	: 	17.59 	: 	: 	: 	: 	: 	: 	: 	: 
A,I_IUCPP,PC_IND_IU3,TR6	: 	: 	: 	: 	: 	: 	: 	: 	: 	: 	: 	15.56 	: 	: 	: 	: 	: 	: 	: 	: 
A,I_IUCPP,PC_IND_IU3,TR7	: 	: 	: 	: 	: 	: 	: 	: 	: 	: 	: 	13.72 	: 	: 	: 	: 	: 	: 	: 	: 
A,I_IUCPP,PC_IND_IU3,TR8	: 	: 	: 	: 	: 	: 	: 	: 	: 	: 	: 	18.20 	: 	: 	: 	: 	: 	: 	: 	: 
A,I_IUCPP,PC_IND_IU3,TR9	: 	: 	: 	: 	: 	: 	: 	: 	: 	: 	: 	25.51 	: 	: 	: 	: 	: 	: 	: 	: 
A,I_IUCPP,PC_IND_IU3,TRA	: 	: 	: 	: 	: 	: 	: 	: 	: 	: 	: 	13.70 	: 	: 	: 	: 	: 	: 	: 	: 
A,I_IUCPP,PC_IND_IU3,TRB	: 	: 	: 	: 	: 	: 	: 	: 	: 	: 	: 	24.55 	: 	: 	: 	: 	: 	: 	: 	: 
A,I_IUCPP,PC_IND_IU3,TRC	: 	: 	: 	: 	: 	: 	: 	: 	: 	: 	: 	16.81 	: 	: 	: 	: 	: 	: 	: 	: 
A,I_IUCPP,PC_IND_IU3,UK	: 	: 	: 	: 	: 	: 	: 	16.15 	: 	21.63 	: 	23.94 	: 	27.13 	: 	: 	: 	: 	: 	: 
A,I_IUCPP,PC_IND_IU3,UKC	: 	: 	: 	: 	: 	: 	: 	: 	: 	: 	: 	26.54 	: 	: 	: 	: 	: 	: 	: 	: 
A,I_IUCPP,PC_IND_IU3,UKD	: 	: 	: 	: 	: 	: 	: 	: 	: 	: 	: 	23.29 	: 	: 	: 	: 	: 	: 	: 	: 
A,I_IUCPP,PC_IND_IU3,UKE	: 	: 	: 	: 	: 	: 	: 	: 	: 	: 	: 	22.02 	: 	: 	: 	: 	: 	: 	: 	: 
A,I_IUCPP,PC_IND_IU3,UKF	: 	: 	: 	: 	: 	: 	: 	: 	: 	: 	: 	18.20 	: 	: 	: 	: 	: 	: 	: 	: 
A,I_IUCPP,PC_IND_IU3,UKG	: 	: 	: 	: 	: 	: 	: 	: 	: 	: 	: 	21.39 	: 	: 	: 	: 	: 	: 	: 	: 
A,I_IUCPP,PC_IND_IU3,UKH	: 	: 	: 	: 	: 	: 	: 	: 	: 	: 	: 	22.00 	: 	: 	: 	: 	: 	: 	: 	: 
A,I_IUCPP,PC_IND_IU3,UKI	: 	: 	: 	: 	: 	: 	: 	: 	: 	: 	: 	34.53 	: 	: 	: 	: 	: 	: 	: 	: 
A,I_IUCPP,PC_IND_IU3,UKJ	: 	: 	: 	: 	: 	: 	: 	: 	: 	: 	: 	24.70 	: 	: 	: 	: 	: 	: 	: 	: 
A,I_IUCPP,PC_IND_IU3,UKK	: 	: 	: 	: 	: 	: 	: 	: 	: 	: 	: 	23.33 	: 	: 	: 	: 	: 	: 	: 	: 
A,I_IUCPP,PC_IND_IU3,UKL	: 	: 	: 	: 	: 	: 	: 	: 	: 	: 	: 	21.14 	: 	: 	: 	: 	: 	: 	: 	: 
A,I_IUCPP,PC_IND_IU3,UKM	: 	: 	: 	: 	: 	: 	: 	: 	: 	: 	: 	20.43 	: 	: 	: 	: 	: 	: 	: 	: 
A,I_IUCPP,PC_IND_IU3,UKN	: 	: 	: 	: 	: 	: 	: 	: 	: 	: 	: 	18.26 	: 	: 	: 	: 	: 	: 	: 	: 
A,I_IUCPP,PC_IND_IU3,XK	: 	: 	: 	: 	: 	: 	: 	: 	: 	: 	: 	9.59 	: 	14.13 	: 	: 	: 	: 	39.09 	39.74 
A,I_IUSE,PC_IND,AL	: 	: 	: 	: 	: 	: 	: 	: 	: 	: 	: 	: 	61.67 	67.56 	71.45 	78.89 	82.49 	83.10 	86.12 	87.10 
A,I_IUSE,PC_IND,AT	54.99 	60.95 	65.56 	66.82 	69.90 	75.60 	75.70 	76.71 	77.31 	80.62 	81.81 	84.86 	85.34 	86.18 	85.92 	89.32 	90.46 	91.99 	91.96 	92.05 
A,I_IUSE,PC_IND,AT1	58.94 	65.25 	67.98 	68.38 	71.52 	77.56 	76.41 	76.94 	78.87 	82.80 	83.75 	85.89 	86.31 	87.31 	87.63 	91.45 	91.62 	92.78 	92.25 	93.37 
A,I_IUSE,PC_IND,AT11	49.88 	: u	61.11 	62.19 	64.42 	67.75 	71.05 	71.27 	76.09 	: 	77.21 	82.54 	82.70 	78.39 	83.06 	85.96 	85.01 	89.06 	89.56 	92.10 
A,I_IUSE,PC_IND,AT12	54.19 	59.55 	63.47 	67.77 	70.24 	74.17 	74.36 	74.36 	74.19 	: 	81.45 	83.93 	83.58 	87.77 	85.72 	92.00 	89.48 	92.35 	91.56 	92.74 
A,I_IUSE,PC_IND,AT13	64.92 	71.43 	73.35 	69.98 	73.87 	82.27 	79.15 	80.20 	83.50 	: 	86.77 	88.10 	89.23 	88.27 	89.97 	91.82 	94.46 	93.69 	93.22 	94.07 
A,I_IUSE,PC_IND,AT2	49.72 	55.35 	61.74 	62.29 	67.40 	71.16 	73.47 	73.62 	71.35 	76.07 	76.47 	82.63 	83.29 	83.67 	81.77 	84.74 	89.22 	90.10 	88.98 	90.08 
A,I_IUSE,PC_IND,AT21	47.29 	56.17 	60.07 	60.12 	64.10 	72.41 	71.48 	71.35 	71.41 	: 	77.48 	79.31 	83.19 	83.75 	81.50 	84.70 	88.44 	89.08 	91.33 	86.95 
A,I_IUSE,PC_IND,AT22	50.85 	54.97 	62.52 	63.29 	68.91 	70.59 	74.38 	74.66 	71.32 	: 	76.01 	84.12 	83.33 	83.64 	81.88 	84.76 	89.57 	90.56 	87.93 	91.47 
A,I_IUSE,PC_IND,AT3	53.42 	59.16 	64.93 	67.62 	69.42 	75.85 	76.15 	78.24 	78.90 	80.60 	82.50 	84.87 	85.30 	86.23 	86.20 	89.29 	89.73 	92.08 	93.28 	91.51 
A,I_IUSE,PC_IND,AT31	52.94 	56.91 	64.07 	67.93 	66.63 	74.58 	75.48 	78.59 	78.10 	: 	83.30 	82.74 	84.30 	84.76 	83.93 	88.51 	87.48 	91.46 	93.65 	91.13 
A,I_IUSE,PC_IND,AT32	53.90 	64.59 	67.33 	71.53 	70.25 	76.23 	79.86 	77.26 	80.63 	: 	81.01 	87.55 	85.82 	86.48 	86.45 	90.22 	91.38 	94.22 	93.15 	90.20 
A,I_IUSE,PC_IND,AT33	51.70 	58.09 	63.78 	64.11 	72.91 	74.74 	72.21 	76.95 	77.73 	: 	80.82 	86.29 	86.44 	88.24 	88.75 	89.48 	91.91 	91.18 	93.43 	92.17 
A,I_IUSE,PC_IND,AT34	57.90 	61.92 	67.00 	67.60 	72.15 	82.35 	80.92 	80.89 	81.78 	: 	84.89 	86.28 	86.14 	87.52 	89.43 	90.56 	91.73 	93.12 	91.81 	93.50 
A,I_IUSE,PC_IND,BA	: 	: 	: 	: 	: 	: 	: 	: 	: 	: 	: 	: 	67.71 	68.52 	71.89 	74.91 	: 	82.46 	85.91 	89.89 
A,I_IUSE,PC_IND,BE	58.30 	63.21 	65.67 	70.16 	74.52 	78.15 	77.70 	80.08 	82.96 	83.46 	83.99 	85.60 	87.13 	88.93 	90.18 	91.39 	93.04 	93.57 	94.71 	95.63 
A,I_IUSE,PC_IND,BE1	: 	: 	66.35 	68.95 	73.75 	79.22 	78.23 	78.22 	80.55 	84.10 	85.26 	86.10 	87.32 	88.13 	88.65 	92.74 	94.22 	94.40 	95.26 	93.97 
A,I_IUSE,PC_IND,BE10	: 	: 	66.35 	68.95 	73.75 	79.22 	78.23 	78.22 	80.55 	84.10 	85.26 	86.10 	87.32 	88.13 	88.65 	92.74 	94.22 	94.40 	95.26 	93.97 
A,I_IUSE,PC_IND,BE2	: 	: 	68.35 	72.73 	76.44 	79.70 	80.16 	82.70 	86.08 	84.55 	86.01 	87.43 	88.79 	90.61 	91.66 	93.58 	94.10 	94.79 	95.78 	96.31 
A,I_IUSE,PC_IND,BE21	: 	: 	71.00 	73.30 	78.52 	80.74 	79.44 	83.99 	86.47 	84.39 	86.98 	89.01 	90.97 	91.48 	90.40 	93.79 	95.16 	94.72 	95.45 	97.40 
A,I_IUSE,PC_IND,BE22	: 	: 	69.20 	69.12 	73.49 	79.83 	78.59 	80.52 	88.83 	85.13 	84.57 	87.02 	84.98 	90.78 	90.20 	91.13 	93.97 	94.80 	96.79 	95.95 
A,I_IUSE,PC_IND,BE23	: 	: 	68.52 	71.61 	74.50 	78.39 	80.29 	82.50 	84.89 	84.00 	86.31 	84.44 	88.79 	88.46 	93.30 	93.90 	92.37 	94.99 	96.20 	96.99 
A,I_IUSE,PC_IND,BE24	: 	: 	72.02 	75.25 	77.55 	80.90 	84.09 	84.58 	85.64 	86.32 	85.92 	88.84 	89.44 	93.76 	94.95 	94.99 	94.23 	97.23 	95.62 	94.79 
A,I_IUSE,PC_IND,BE25	: 	: 	60.16 	73.62 	76.88 	78.55 	78.59 	80.84 	85.34 	83.39 	85.26 	87.75 	87.63 	88.85 	89.42 	93.32 	94.79 	92.70 	95.07 	95.49 
A,I_IUSE,PC_IND,BE3	: 	: 	60.57 	65.85 	71.28 	74.98 	73.09 	75.94 	78.12 	81.27 	79.95 	82.14 	84.07 	86.17 	88.02 	86.99 	90.72 	91.06 	92.59 	94.92 
A,I_IUSE,PC_IND,BE31	: 	: 	75.69 	80.81 	81.18 	85.29 	89.65 	85.25 	86.28 	91.04 	87.89 	87.97 	91.51 	91.92 	95.83 	94.59 	96.05 	91.84 	95.50 	98.48 
A,I_IUSE,PC_IND,BE32	: 	: 	57.19 	61.86 	69.70 	74.43 	69.06 	73.24 	74.63 	80.63 	76.02 	79.39 	81.12 	82.50 	87.41 	83.43 	90.62 	90.01 	92.07 	93.87 
A,I_IUSE,PC_IND,BE33	: 	: 	60.08 	65.87 	70.56 	70.03 	71.22 	75.56 	76.95 	78.37 	82.26 	81.20 	85.34 	88.19 	88.38 	89.47 	89.17 	92.63 	91.94 	94.82 
A,I_IUSE,PC_IND,BE34	: 	: 	58.54 	68.75 	66.61 	72.37 	74.04 	73.13 	79.23 	82.65 	80.77 	87.10 	83.28 	88.10 	84.91 	89.36 	87.35 	89.32 	93.21 	95.40 
A,I_IUSE,PC_IND,BE35	: 	: 	60.15 	63.28 	71.89 	80.91 	74.49 	78.26 	83.07 	80.80 	78.54 	84.18 	83.62 	85.80 	84.31 	84.63 	91.36 	90.82 	92.40 	94.58 
A,I_IUSE,PC_IND,BG	21.79 	28.44 	33.01 	39.70 	41.65 	46.38 	50.31 	51.25 	53.66 	54.59 	57.86 	61.91 	63.63 	66.84 	69.18 	73.93 	78.97 	79.83 	81.92 	86.53 
A,I_IUSE,PC_IND,BG3	: 	: 	27.69 	35.97 	37.13 	40.35 	45.41 	46.41 	49.57 	50.07 	55.09 	59.76 	61.93 	64.86 	64.04 	73.14 	76.59 	76.76 	81.32 	85.56 
A,I_IUSE,PC_IND,BG31	: 	: 	23.60 	34.07 	36.41 	39.01 	37.50 	42.67 	45.14 	40.38 	54.11 	56.68 	58.33 	62.22 	60.37 	67.85 	74.19 	74.55 	79.71 	84.13 
A,I_IUSE,PC_IND,BG32	: 	: 	31.09 	34.87 	39.72 	42.65 	47.90 	48.44 	55.35 	55.04 	55.63 	63.89 	61.66 	69.05 	64.39 	76.21 	78.68 	78.02 	84.29 	84.27 
A,I_IUSE,PC_IND,BG33	: 	: 	29.13 	34.60 	36.33 	36.77 	45.52 	47.84 	52.11 	52.62 	59.16 	60.84 	66.35 	64.93 	67.52 	76.08 	79.10 	77.88 	83.00 	90.39 
A,I_IUSE,PC_IND,BG34	: 	: 	27.04 	39.67 	36.23 	42.79 	49.39 	46.31 	45.92 	51.03 	51.67 	57.75 	60.69 	63.41 	63.16 	71.79 	74.36 	76.40 	78.78 	83.17 
A,I_IUSE,PC_IND,BG4	: 	: 	38.63 	43.67 	46.45 	52.65 	55.31 	56.15 	57.78 	59.11 	60.61 	64.05 	65.31 	68.78 	74.19 	74.70 	81.27 	82.69 	82.48 	87.42 
A,I_IUSE,PC_IND,BG41	: 	: 	45.14 	51.75 	54.69 	61.20 	60.61 	63.41 	64.13 	65.29 	63.27 	67.59 	69.20 	73.71 	80.00 	78.40 	84.95 	85.70 	85.60 	89.81 
A,I_IUSE,PC_IND,BG42	: 	: 	29.75 	32.43 	34.94 	40.51 	47.49 	45.42 	48.32 	49.86 	56.62 	58.69 	59.42 	61.31 	65.40 	69.12 	75.71 	77.98 	77.61 	83.69 
A,I_IUSE,PC_IND,CH	: 	: 	: 	: 	: 	: 	: 	: 	86.49 	: 	: 	91.23 b	: 	95.06 	: 	96.41 	: 	98.20 	: 	97.94 
A,I_IUSE,PC_IND,CH0	: 	: 	: 	: 	: 	: 	: 	: 	86.49 	: 	: 	91.23 b	: 	95.06 	: 	96.41 	: 	98.20 	: 	97.94 
A,I_IUSE,PC_IND,CH01	: 	: 	: 	: 	: 	: 	: 	: 	85.97 	: 	: 	90.55 b	: 	95.21 	: 	95.88 	: 	97.89 	: 	98.77 
A,I_IUSE,PC_IND,CH02	: 	: 	: 	: 	: 	: 	: 	: 	84.35 	: 	: 	91.80 b	: 	93.94 	: 	95.69 	: 	98.28 	: 	97.69 
A,I_IUSE,PC_IND,CH03	: 	: 	: 	: 	: 	: 	: 	: 	86.45 	: 	: 	91.77 b	: 	96.28 	: 	97.45 	: 	98.05 	: 	96.32 
A,I_IUSE,PC_IND,CH04	: 	: 	: 	: 	: 	: 	: 	: 	91.12 	: 	: 	92.71 b	: 	97.39 	: 	97.54 	: 	98.87 	: 	98.99 
A,I_IUSE,PC_IND,CH05	: 	: 	: 	: 	: 	: 	: 	: 	87.04 	: 	: 	90.99 b	: 	94.52 	: 	96.55 	: 	97.09 	: 	98.13 
A,I_IUSE,PC_IND,CH06	: 	: 	: 	: 	: 	: 	: 	: 	87.13 	: 	: 	90.31 b	: 	92.89 	: 	96.44 	: 	99.36 	: 	97.53 
A,I_IUSE,PC_IND,CH07	: 	: 	: 	: 	: 	: 	: 	: 	77.51 	: 	: 	86.21 b	: 	93.48 	: 	93.47 	: 	97.82 	: 	96.81 
A,I_IUSE,PC_IND,CY	29.18 	34.62 	35.35 	44.65 	49.81 	53.93 	57.78 	61.74 	65.30 	69.64 	74.07 	79.48 	83.67 	85.50 	90.52 	90.64 	89.22 	91.19 	94.43 	93.62 
A,I_IUSE,PC_IND,CY0	: 	: 	: 	44.65 	49.81 	53.93 	57.78 	61.74 	65.30 	69.64 	74.07 	79.48 	83.67 	85.50 	90.52 	90.64 	89.22 	91.19 	94.43 	93.62 
A,I_IUSE,PC_IND,CY00	: 	: 	: 	44.65 	49.81 	53.93 	57.78 	61.74 	65.30 	69.64 	74.07 	79.48 	83.67 	85.50 	90.52 	90.64 	89.22 	91.19 	94.43 	93.62 
A,I_IUSE,PC_IND,CZ	35.80 	41.88 	50.79 	54.24 	58.31 	62.86 	67.05 	70.28 	75.52 	77.19 	78.60 	80.53 	83.79 b	84.74 	86.02 	87.42 	89.68 	89.91 	92.19 	93.21 
A,I_IUSE,PC_IND,CZ0	: 	: 	: 	54.24 	58.31 	62.86 	67.05 	70.28 	75.52 	77.19 	78.60 	80.53 	83.79 b	84.74 	86.02 	87.42 	89.68 	89.91 	92.19 	93.21 
A,I_IUSE,PC_IND,CZ01	: 	63.78 	70.36 	: 	72.76 	71.82 	72.32 	76.68 	87.86 	90.21 	88.91 	89.67 	92.98 b	94.68 	95.02 	92.64 	96.88 	96.52 	98.04 	98.64 
A,I_IUSE,PC_IND,CZ02	: 	46.21 	56.19 	: 	62.53 	66.02 	71.47 	76.59 	76.90 	79.23 	81.66 	84.84 	84.28 b	89.24 	83.86 	85.71 	89.46 	88.92 	91.97 	94.02 
A,I_IUSE,PC_IND,CZ03	: 	39.90 	50.45 	: 	55.50 	60.21 	65.61 	67.16 	74.52 	79.29 	80.36 	81.07 	83.47 b	86.40 	85.32 	88.39 	88.40 	91.02 	94.72 	94.95 
A,I_IUSE,PC_IND,CZ04	: 	31.92 	42.31 	: 	54.33 	57.24 	58.23 	62.02 	65.50 	68.84 	70.86 	73.96 	78.38 b	77.09 	81.89 	84.48 	86.46 	89.86 	92.26 	91.00 
A,I_IUSE,PC_IND,CZ05	: 	39.96 	47.51 	: 	51.11 	65.98 	67.85 	71.98 	75.05 	77.86 	77.31 	77.46 	81.25 b	83.49 	84.03 	85.68 	87.15 	84.64 	90.02 	91.40 
A,I_IUSE,PC_IND,CZ06	: 	44.55 	48.72 	: 	61.32 	62.54 	70.20 	71.60 	75.15 	74.72 	77.11 	80.15 	83.71 b	82.17 	86.85 	87.74 	89.56 	90.01 	89.75 	92.34 
A,I_IUSE,PC_IND,CZ07	: 	32.46 	44.68 	: 	58.24 	56.00 	63.36 	68.92 	72.31 	72.99 	74.68 	78.44 	80.59 b	80.85 	86.39 	87.01 	87.45 	89.22 	88.94 	90.13 
A,I_IUSE,PC_IND,CZ08	: 	35.56 	47.04 	: 	50.64 	62.01 	64.97 	65.38 	76.25 	74.27 	78.06 	78.62 	85.51 b	83.72 	85.18 	87.82 	92.55 	90.57 	93.20 	93.60 
A,I_IUSE,PC_IND,DE	59.33 	63.85 	67.77 	71.15 	74.67 	76.50 	78.05 	79.82 	82.31 	84.46 	86.60 	87.48 	90.46 	91.23 	92.80 	89.26 b	89.88 	90.98 	92.12 	93.56 
A,I_IUSE,PC_IND,DE1	62.33 	65.41 	68.72 	69.99 	75.05 	75.39 	79.40 	81.66 	83.22 	83.59 	86.26 	86.95 	90.00 	89.93 	91.40 	87.66 b	91.26 	92.56 	94.22 	95.24 
A,I_IUSE,PC_IND,DE2	61.33 	66.59 	71.52 	71.27 	74.77 	77.78 	77.21 	79.11 	81.06 	86.92 	87.90 	86.46 	88.66 	92.08 	93.18 	86.39 b	88.18 	88.44 	90.26 	93.21 
A,I_IUSE,PC_IND,DE3	65.29 	69.60 	72.63 	72.76 	74.32 	76.54 	78.03 	81.13 	84.77 	85.62 	87.63 	90.06 	91.40 	92.74 	94.20 	94.28 b	93.96 	91.17 	91.48 	92.13 
A,I_IUSE,PC_IND,DE4	: u	: u	56.66 	56.30 	62.31 	65.15 	68.64 	68.07 	71.59 	74.05 	75.73 	79.12 	82.08 	82.35 	87.09 	89.29 b	85.42 	89.18 	89.39 	89.45 
A,I_IUSE,PC_IND,DE5	52.69 	69.97 	69.92 	78.31 	76.97 	92.03 	80.87 	79.18 	83.83 	92.08 	87.71 	85.56 	93.60 	92.18 	92.88 	83.71 b	85.29 	89.81 	84.25 	89.68 
A,I_IUSE,PC_IND,DE6	66.97 	68.01 	73.67 	74.59 	78.16 	81.74 	78.90 	83.99 	91.49 	88.99 	92.37 	91.03 	90.55 	92.78 	94.38 	91.94 b	91.88 	93.26 	95.78 	96.10 
A,I_IUSE,PC_IND,DE7	63.05 	68.84 	72.03 	75.05 	78.61 	79.78 	83.20 	81.43 	84.42 	87.09 	89.40 	90.27 	92.75 	92.83 	95.41 	92.21 b	90.82 	94.01 	93.24 	93.72 
A,I_IUSE,PC_IND,DE8	: u	: u	52.46 	59.79 	58.01 	66.65 	66.45 	67.50 	71.34 	76.22 	81.30 	77.64 	82.71 	87.74 	92.47 	87.56 b	86.75 	85.81 	90.63 	92.57 
A,I_IUSE,PC_IND,DE9	55.68 	63.31 	66.57 	70.74 	77.22 	77.35 	80.45 	81.41 	85.42 	88.09 	88.36 	90.78 	92.80 	93.73 	94.17 	88.31 b	89.16 	90.00 	93.06 	94.56 
A,I_IUSE,PC_IND,DEA	61.28 	64.73 	71.46 	77.19 	77.69 	78.60 	80.61 	81.21 	82.50 	84.17 	86.31 	88.95 	92.74 	92.17 	93.32 	91.19 b	90.47 	91.79 	92.47 	93.96 
A,I_IUSE,PC_IND,DEB	60.70 	66.14 	69.63 	71.53 	75.34 	77.27 	79.29 	84.37 	84.03 	87.81 	89.79 	91.84 	92.07 	92.03 	92.57 	91.28 b	93.01 	92.27 	93.67 	95.06 
A,I_IUSE,PC_IND,DEC	62.76 	69.77 	73.33 	70.91 	76.27 	77.09 	75.20 	82.23 	84.15 	84.88 	88.66 	85.39 	92.15 	89.32 	92.42 	87.36 b	89.54 	95.29 	95.81 	87.88 
A,I_IUSE,PC_IND,DED	: u	: u	54.62 	55.66 	65.60 	68.72 	70.12 	74.39 	77.29 	74.50 	81.51 	82.00 	85.93 	86.50 	89.26 	91.50 b	90.14 	93.11 	91.90 	93.43 
A,I_IUSE,PC_IND,DEE	: u	: u	53.57 	66.86 	71.65 	73.05 	71.24 	74.67 	78.93 	77.66 	82.88 	82.39 	88.68 	91.98 	93.78 	83.12 b	85.33 	88.20 	88.21 	89.12 
A,I_IUSE,PC_IND,DEF	64.82 	68.14 	67.69 	75.25 	75.79 	78.13 	76.18 	78.52 	87.90 	87.72 	88.91 	87.33 	91.13 	90.16 	93.48 	89.65 b	89.16 	87.23 	91.26 	93.88 
A,I_IUSE,PC_IND,DEG	: u	: u	56.27 	67.99 	71.85 	73.50 	76.13 	79.29 	76.82 	80.87 	81.95 	82.55 	88.13 	87.92 	88.99 	84.50 b	87.51 	89.58 	88.09 	90.18 
A,I_IUSE,PC_IND,DK	78.11 	76.25 	80.49 	82.48 	85.84 	87.50 	88.92 	90.81 	91.76 	93.21 	94.34 	95.32 	95.23 	95.46 	96.70 	97.26 	96.44 	97.47 	98.64 	98.25 
A,I_IUSE,PC_IND,DK0	: 	: 	80.49 	82.48 	85.84 	87.50 	88.92 	90.81 	91.76 	93.21 	94.34 	95.32 	95.23 	95.46 	96.70 	97.26 	96.44 	97.47 	98.64 	98.25 
A,I_IUSE,PC_IND,DK01	: 	: 	85.62 	86.21 	89.69 	89.90 	92.02 	93.82 	94.09 	94.40 	95.86 	96.95 	95.89 	96.37 	97.35 	97.43 	97.39 	97.82 	99.05 	98.99 
A,I_IUSE,PC_IND,DK02	: 	: 	78.82 	78.61 	82.29 	84.93 	85.71 	88.53 	92.01 	93.26 	93.63 	93.16 	92.81 	94.30 	95.45 	96.37 	95.77 	96.80 	98.92 	96.53 
A,I_IUSE,PC_IND,DK03	: 	: 	77.07 	79.10 	85.76 	84.66 	86.61 	88.08 	90.00 	93.96 	92.46 	95.90 	94.55 	95.40 	97.10 	97.08 	96.34 	97.67 	98.54 	98.71 
A,I_IUSE,PC_IND,DK04	: 	: 	80.96 	83.96 	84.25 	88.70 	90.46 	91.04 	92.00 	92.52 	94.43 	94.69 	96.79 	95.55 	96.59 	97.67 	96.15 	98.45 	98.14 	97.88 
A,I_IUSE,PC_IND,DK05	: 	: 	74.37 	80.91 	83.16 	87.22 	86.33 	90.35 	87.76 	89.56 	94.47 	93.46 	94.68 	94.25 	95.88 	97.30 	95.45 	94.57 	98.29 	98.08 
A,I_IUSE,PC_IND,EE	55.89 	58.57 	61.38 	66.81 	70.64 	72.76 	74.45 	76.86 	81.77 b	85.82 	84.96 	86.48 	87.37 	88.43 	87.95 	89.76 	90.13 	92.29 	91.39 	93.62 
A,I_IUSE,PC_IND,EE0	: 	: 	61.38 	66.81 	70.64 	72.76 	74.45 	76.86 	81.77 b	85.82 	84.96 	86.48 	87.37 	88.43 	87.95 	89.76 	90.13 	92.29 	91.39 	93.62 
A,I_IUSE,PC_IND,EE00	: 	: 	61.38 	66.81 	70.64 	72.76 	74.45 	76.86 	81.77 b	85.82 	84.96 	86.48 	87.37 	88.43 	87.95 	89.76 	90.13 	92.29 	91.39 	93.62 
A,I_IUSE,PC_IND,EL	22.69 	27.73 	32.98 	37.90 	40.86 	47.39 	50.49 	55.87 	59.03 	63.03 	66.02 	67.26 	69.81 	73.69 	76.56 	77.09 	81.89 	84.23 	85.48 	88.83 
A,I_IUSE,PC_IND,EL1	: 	: 	25.07 	35.52 	32.00 	44.25 	: 	: 	: 	: 	: 	: 	: 	: 	: 	: 	: 	: 	: 	: 
A,I_IUSE,PC_IND,EL2	: 	: 	21.77 	27.85 	32.90 	35.65 	: 	: 	: 	: 	: 	: 	: 	: 	: 	: 	: 	: 	: 	: 
A,I_IUSE,PC_IND,EL3	: 	: 	45.96 	46.32 	51.14 	54.88 	61.16 	64.97 	65.44 	70.94 	75.00 	74.77 	78.65 	78.42 	83.95 	84.25 	87.46 	88.42 	88.18 	93.88 
A,I_IUSE,PC_IND,EL4	: 	: 	24.61 	30.80 	35.81 	42.87 	45.67 	49.94 	63.25 	59.97 	64.62 	68.41 	69.42 	70.99 	78.14 	75.06 	77.41 	85.00 	90.56 	86.12 
A,I_IUSE,PC_IND,EL5	: 	: 	: 	: 	: 	: 	45.15 	50.40 	56.51 	60.78 	62.75 	66.51 	68.10 	73.73 	75.03 	74.08 	81.53 	83.18 	86.08 	89.38 
A,I_IUSE,PC_IND,EL6	: 	: 	: 	: 	: 	: 	39.92 	48.44 	50.72 	55.23 	57.13 	56.97 	59.47 	68.67 	67.16 	71.29 	75.98 	78.66 	78.41 	81.57 
A,I_IUSE,PC_IND,ES	38.89 	43.70 	48.18 	52.60 	57.69 	61.00 	64.56 	65.91 	71.22 	74.74 	76.45 	80.01 	82.51 	87.71 	91.25 	91.79 	92.94 	94.48 	94.98 	95.44 
A,I_IUSE,PC_IND,ES1	: 	37.98 	41.19 	46.93 	50.66 	56.56 	57.90 	63.17 	66.50 	69.82 	71.82 	74.02 	78.30 	81.80 	85.64 	87.97 	89.90 	92.22 	91.42 	92.78 
A,I_IUSE,PC_IND,ES11	: 	34.13 	37.17 	44.09 	47.26 	52.69 	56.56 	60.39 	64.57 	67.18 	70.74 	72.14 	76.28 	79.70 	83.51 	87.07 	89.36 	91.39 	90.77 	92.06 
A,I_IUSE,PC_IND,ES12	: 	44.54 	46.76 	50.59 	56.13 	61.65 	56.64 	66.71 	69.34 	73.44 	71.96 	77.03 	82.55 	85.11 	89.28 	90.34 	90.61 	93.93 	91.63 	92.85 
A,I_IUSE,PC_IND,ES13	: 	44.11 	49.89 	53.56 	56.58 	65.30 	66.45 	69.69 	70.38 	75.49 	76.60 	77.35 	80.03 	85.55 	88.96 	87.90 	91.13 	93.01 	93.93 	95.85 
A,I_IUSE,PC_IND,ES2	: 	45.28 	50.16 	55.39 	59.55 	65.63 	68.80 	70.24 	74.41 	76.66 	80.38 	81.61 	82.99 	88.53 	91.41 	90.94 	93.52 	94.59 	94.96 	95.64 
A,I_IUSE,PC_IND,ES21	: 	46.04 	51.65 	55.72 	60.42 	66.37 	70.92 	72.42 	77.25 	78.10 	81.64 	81.82 	83.02 	88.12 	91.49 	90.35 	94.14 	94.46 	94.92 	94.60 
A,I_IUSE,PC_IND,ES22	: 	44.60 	48.49 	56.80 	57.28 	64.65 	66.38 	66.16 	70.71 	75.33 	78.80 	82.12 	83.45 	91.43 	92.83 	91.27 	93.95 	95.65 	95.17 	96.75 
A,I_IUSE,PC_IND,ES23	: 	42.28 	48.98 	45.32 	55.13 	59.97 	59.79 	63.53 	70.10 	74.85 	76.39 	75.81 	78.00 	85.14 	89.93 	89.64 	90.65 	92.52 	94.09 	95.99 
A,I_IUSE,PC_IND,ES24	: 	45.03 	48.72 	56.58 	60.23 	66.23 	68.60 	70.17 	72.52 	75.34 	80.02 	82.38 	83.91 	88.57 	90.93 	92.06 	92.96 	94.77 	95.13 	96.73 
A,I_IUSE,PC_IND,ES3	: 	56.79 	58.81 	62.75 	66.45 	70.27 	73.39 	75.47 	79.32 	82.40 	83.23 	85.52 	87.58 	91.66 	94.24 	93.87 	95.77 	97.01 	97.13 	97.49 
A,I_IUSE,PC_IND,ES30	: 	56.79 	58.81 	62.75 	66.45 	70.27 	73.39 	75.47 	79.32 	82.40 	83.23 	85.52 	87.58 	91.66 	94.24 	93.87 	95.77 	97.01 	97.13 	97.49 
A,I_IUSE,PC_IND,ES4	: 	37.27 	41.53 	46.26 	53.50 	56.02 	59.74 	61.75 	66.48 	70.90 	72.33 	75.37 	76.99 	84.16 	89.04 	89.93 	91.20 	92.57 	93.88 	93.89 
A,I_IUSE,PC_IND,ES41	: 	43.03 	43.00 	47.65 	54.88 	58.60 	61.61 	64.63 	68.08 	72.08 	71.54 	76.88 	77.12 	84.75 	88.27 	90.06 	91.22 	93.24 	93.69 	93.18 
A,I_IUSE,PC_IND,ES42	: 	34.42 	42.73 	47.35 	54.90 	55.32 	59.53 	59.90 	65.98 	70.06 	73.17 	73.26 	76.18 	83.16 	90.33 	90.07 	91.43 	93.19 	95.25 	95.00 
A,I_IUSE,PC_IND,ES43	: 	28.98 	35.83 	41.01 	47.68 	51.41 	55.88 	58.75 	63.80 	69.80 	72.49 	75.98 	78.22 	84.77 	88.29 	89.39 	90.73 	89.84 	91.57 	93.24 
A,I_IUSE,PC_IND,ES5	: 	46.25 	51.79 	56.00 	62.30 	63.82 	66.21 	67.43 	72.92 	76.76 	76.85 	81.61 	84.70 	89.67 	92.91 	93.24 	94.05 	95.32 	95.73 	96.62 
A,I_IUSE,PC_IND,ES51	: 	49.97 	57.53 	59.46 	66.36 	65.92 	70.27 	69.34 	75.09 	79.43 	78.85 	81.77 	85.15 	91.05 	93.96 	93.51 	93.72 	95.97 	96.38 	96.76 
A,I_IUSE,PC_IND,ES52	: 	40.08 	43.68 	50.19 	55.65 	60.21 	59.63 	63.86 	68.64 	72.60 	73.93 	80.41 	83.46 	87.47 	91.27 	92.91 	93.97 	93.94 	94.83 	96.34 
A,I_IUSE,PC_IND,ES53	: 	49.52 	50.21 	59.17 	65.20 	66.17 	68.78 	70.80 	77.55 	77.80 	76.68 	85.72 	86.99 	90.16 	93.13 	92.95 	96.28 	96.96 	95.43 	97.00 
A,I_IUSE,PC_IND,ES6	: 	37.37 	42.75 	47.19 	51.85 	55.00 	61.08 	60.48 	67.31 	71.09 	74.45 	78.66 	80.81 	86.69 	90.80 	91.34 	91.69 	93.37 	94.38 	94.15 
A,I_IUSE,PC_IND,ES61	: 	37.89 	43.42 	47.67 	52.12 	54.86 	61.18 	60.36 	67.29 	70.48 	74.29 	78.17 	80.29 	86.45 	90.87 	90.99 	91.50 	93.21 	94.35 	94.04 
A,I_IUSE,PC_IND,ES62	: 	33.32 	38.65 	44.49 	50.28 	54.70 	60.71 	60.79 	67.14 	73.94 	75.11 	81.13 	83.60 	88.08 	90.32 	92.88 	92.27 	93.99 	94.51 	94.72 
A,I_IUSE,PC_IND,ES63	: 	45.84 	48.56 	45.30 	53.91 	69.08 	63.70 	75.21 	74.65 	81.46 	74.70 	81.38 	80.00 	87.49 u	92.54 u	93.98 	93.39 	92.02 	94.06 	90.44 
A,I_IUSE,PC_IND,ES64	: 	50.14 	41.52 	48.06 	50.09 	61.40 	53.60 	52.69 	64.84 	73.78 	78.30 	82.49 	86.22 	85.31 	90.11 	96.20 	98.99 	99.31 	96.33 	98.39 
A,I_IUSE,PC_IND,ES7	: 	43.07 	46.09 	47.88 	50.70 	55.45 	61.32 	60.59 	70.16 	72.34 	74.95 	80.33 	82.49 	86.84 	89.87 	92.01 	92.00 	95.13 	95.37 	95.56 
A,I_IUSE,PC_IND,ES70	: 	43.07 	46.09 	47.88 	50.70 	55.45 	61.32 	60.59 	70.16 	72.34 	74.95 	80.33 	82.49 	86.84 	89.87 	92.01 	92.00 	95.13 	95.37 	95.56 
A,I_IUSE,PC_IND,FI	71.09 	74.78 	78.47 	78.95 	82.71 	85.55 	87.54 	88.75 	89.88 	90.03 	91.03 	91.82 	92.56 	93.42 	95.24 	95.36 	94.82 	95.45 	95.27 	96.89 
A,I_IUSE,PC_IND,FI1	71.09 	74.68 	78.47 	78.95 	82.71 	85.55 	87.54 	88.75 	89.88 	90.03 	91.03 	91.82 	92.56 	93.42 	95.24 	95.36 	94.82 	95.45 	95.27 	96.89 
A,I_IUSE,PC_IND,FI19	70.40 	73.19 	79.29 	75.17 	80.38 	84.52 	87.74 	86.27 	89.00 	88.91 	89.22 	89.56 	91.05 	91.73 	95.24 	95.40 	93.88 	94.92 	94.97 	96.72 
A,I_IUSE,PC_IND,FI1B	: 	: 	: 	: 	: 	: 	92.85 	92.88 	93.45 	95.27 	94.37 	96.43 	95.71 	96.16 	97.61 	97.21 	97.12 	97.06 	96.26 	98.57 
A,I_IUSE,PC_IND,FI1C	: 	: 	: 	: 	: 	: 	84.40 	88.30 	89.24 	87.89 	90.50 	89.89 	90.61 	93.38 	95.46 	94.11 	94.36 	93.99 	93.77 	95.52 
A,I_IUSE,PC_IND,FI1D	65.13 	69.76 	72.90 	75.51 	81.19 	84.23 	83.72 	86.77 	86.96 	86.58 	89.08 	89.97 	91.79 	91.53 	91.75 	93.95 	93.07 	95.09 	95.64 	95.87 
A,I_IUSE,PC_IND,FI2	: 	93.49 	: 	: 	: 	: 	: 	: 	: 	: 	: 	: 	: 	: 	: 	: 	: 	: 	: 	: 
A,I_IUSE,PC_IND,FI20	: 	93.49 	: 	: 	: 	: 	: 	: 	: 	: 	: 	: 	: 	: 	: 	: 	: 	: 	: 	: 
A,I_IUSE,PC_IND,FR	39.34 	55.28 	62.70 	66.93 	72.23 	74.31 	78.04 	78.02 	80.00 	80.99 	81.84 	82.82 	85.30 	86.52 	: 	89.33 	89.87 	92.17 	92.60 	93.44 
A,I_IUSE,PC_IND,FR1	: 	: 	68.42 	76.06 	83.27 	82.21 	83.43 	85.70 	84.28 	85.35 	84.79 	87.71 	87.27 	89.38 	: 	92.30 	92.69 	95.28 	94.43 	95.07 u
A,I_IUSE,PC_IND,FR10	: 	: 	: 	: 	: 	: 	: 	: 	84.28 	85.35 	84.79 	87.71 	87.27 	89.38 	: 	92.30 	92.69 	95.28 	94.43 	95.07 u
A,I_IUSE,PC_IND,FRB	: 	: 	: 	: 	: 	: 	: 	: 	78.80 	80.53 	79.40 	83.12 	83.92 	85.34 	: 	90.04 	85.09 	91.52 	91.35 	93.69 u
A,I_IUSE,PC_IND,FRB0	: 	: 	: 	: 	: 	: 	: 	: 	78.80 	80.53 	79.40 	83.12 	83.92 	85.34 	: 	90.04 	85.09 	91.52 	91.35 	93.69 u
A,I_IUSE,PC_IND,FRC	: 	: 	: 	: 	: 	: 	: 	: 	80.75 	80.34 	82.17 	80.28 	81.59 	84.76 	: 	89.27 	82.01 	89.99 	90.99 	91.02 u
A,I_IUSE,PC_IND,FRC1	: 	: 	: 	: 	: 	: 	: 	: 	78.04 	78.65 	82.56 	84.36 	80.59 	86.28 	: 	88.53 	80.72 	89.06 	91.95 	91.22 u
A,I_IUSE,PC_IND,FRC2	: 	: 	: 	: 	: 	: 	: 	: 	84.71 	82.65 	81.63 	74.96 	83.06 	82.55 	: 	90.12 	83.74 	91.11 	89.62 	90.75 u
A,I_IUSE,PC_IND,FRD	: 	: 	: 	: 	: 	: 	: 	: 	74.16 	78.33 	81.15 	80.45 	87.78 	83.26 	: 	85.27 	87.21 	87.74 	92.08 	92.68 u
A,I_IUSE,PC_IND,FRD1	: 	: 	: 	: 	: 	: 	: 	: 	70.49 	81.38 	79.67 	77.70 	85.98 	82.25 	: 	86.39 	85.59 	88.12 	89.36 	91.38 u
A,I_IUSE,PC_IND,FRD2	: 	: 	: 	: 	: 	: 	: 	: 	76.82 	76.27 	82.33 	82.64 	89.06 	84.18 	: 	84.49 	88.53 	87.37 	94.21 	93.77 u
A,I_IUSE,PC_IND,FRE	: 	: 	: 	: 	: 	: 	: 	: 	76.65 	75.08 	77.45 	78.54 	84.41 	82.88 	: 	86.45 	89.00 	89.40 	90.22 	91.65 u
A,I_IUSE,PC_IND,FRE1	: 	: 	: 	: 	: 	: 	: 	: 	76.48 	72.98 	77.03 	78.39 	83.74 	81.93 	: 	86.83 	89.30 	90.72 	89.89 	91.58 u
A,I_IUSE,PC_IND,FRE2	: 	: 	: 	: 	: 	: 	: 	: 	77.00 	79.67 	78.25 	78.83 	85.81 	84.66 	: 	85.69 	88.40 	86.44 	90.98 	91.79 u
A,I_IUSE,PC_IND,FRF	: 	: 	: 	: 	: 	: 	: 	: 	79.68 	82.42 	80.50 	82.26 	84.57 	84.48 	: 	89.04 	87.44 	91.62 	92.82 	92.45 u
A,I_IUSE,PC_IND,FRF1	: 	: 	: 	: 	: 	: 	: 	: 	82.83 	83.03 	82.66 	85.56 	82.66 	83.40 	: 	89.25 	90.57 	92.45 	94.14 	92.65 u
A,I_IUSE,PC_IND,FRF2	: 	: 	: 	: 	: 	: 	: 	: 	76.32 	83.31 	77.19 	81.73 	84.13 	83.17 	: 	86.01 	85.93 	89.40 	89.74 	92.78 u
A,I_IUSE,PC_IND,FRF3	: 	: 	: 	: 	: 	: 	: 	: 	79.06 	81.49 	80.35 	80.19 	86.37 	86.26 	: 	90.44 	85.61 	92.24 	93.36 	92.10 u
A,I_IUSE,PC_IND,FRG	: 	: 	: 	: 	: 	: 	: 	: 	84.53 	83.96 	83.07 	82.19 	86.76 	89.09 	: 	91.96 	93.12 	93.77 	91.81 	95.21 u
A,I_IUSE,PC_IND,FRG0	: 	: 	: 	: 	: 	: 	: 	: 	84.53 	83.96 	83.07 	82.19 	86.76 	89.09 	: 	91.96 	93.12 	93.77 	91.81 	95.21 u
A,I_IUSE,PC_IND,FRH	: 	: 	: 	: 	: 	: 	: 	: 	74.83 	81.73 	83.80 	83.57 	85.09 	90.57 	: 	90.15 	89.35 	92.55 	91.95 	93.05 u
A,I_IUSE,PC_IND,FRH0	: 	: 	: 	: 	: 	: 	: 	: 	74.83 	81.73 	83.80 	83.57 	85.09 	90.57 	: 	90.15 	89.35 	92.55 	91.95 	93.05 u
A,I_IUSE,PC_IND,FRI	: 	: 	: 	: 	: 	: 	: 	: 	81.97 	80.68 	82.15 	82.56 	84.78 	88.04 	: 	89.11 	89.71 	91.03 	94.06 	94.46 u
A,I_IUSE,PC_IND,FRI1	: 	: 	: 	: 	: 	: 	: 	: 	84.14 	81.74 	83.06 	85.11 	87.04 	87.73 	: 	90.79 	90.42 	93.46 	94.67 	96.09 u
A,I_IUSE,PC_IND,FRI2	: 	: 	: 	: 	: 	: 	: 	: 	83.35 	80.12 	76.00 	78.12 	82.14 	86.06 	: 	85.66 	84.84 	87.62 	91.67 	89.74 u
A,I_IUSE,PC_IND,FRI3	: 	: 	: 	: 	: 	: 	: 	: 	76.61 	78.75 	83.18 	79.45 	82.06 	89.44 	: 	87.43 	90.40 	87.89 	93.73 	93.51 u
A,I_IUSE,PC_IND,FRJ	: 	: 	: 	: 	: 	: 	: 	: 	81.24 	77.77 	84.02 	83.18 	84.82 	84.41 	: 	89.31 	90.87 	93.11 	92.61 	93.23 u
A,I_IUSE,PC_IND,FRJ1	: 	: 	: 	: 	: 	: 	: 	: 	84.22 	75.51 	80.19 	82.40 	80.81 	82.52 	: 	91.19 	91.77 	93.05 	90.86 	92.41 u
A,I_IUSE,PC_IND,FRJ2	: 	: 	: 	: 	: 	: 	: 	: 	78.40 	79.90 	87.54 	83.95 	88.71 	86.21 	: 	87.47 	90.11 	93.16 	94.19 	94.01 u
A,I_IUSE,PC_IND,FRK	: 	: 	63.67 	66.69 	71.90 	74.20 	77.07 	77.86 	80.98 	83.13 	83.91 	82.64 	86.35 	87.57 	: 	89.27 	90.66 	92.42 	93.55 	93.01 u
A,I_IUSE,PC_IND,FRK1	: 	: 	: 	: 	: 	: 	: 	: 	75.18 	77.16 	84.72 	80.55 	84.59 	81.20 	: 	83.88 	87.60 	86.85 	90.26 	88.73 u
A,I_IUSE,PC_IND,FRK2	: 	: 	: 	: 	: 	: 	: 	: 	82.19 	84.39 	83.72 	83.09 	86.72 	88.79 	: 	90.32 	91.32 	93.63 	94.22 	93.82 u
A,I_IUSE,PC_IND,FRL	: 	: 	: 	: 	: 	: 	: 	: 	77.99 	80.51 	82.29 	85.07 	85.75 	88.53 	: 	89.04 	92.51 	93.43 	92.89 	94.95 u
A,I_IUSE,PC_IND,FRL0	: 	: 	: 	: 	: 	: 	: 	: 	77.99 	80.51 	82.29 	85.07 	85.75 	88.53 	: 	89.04 	92.51 	93.43 	92.89 	94.95 u
A,I_IUSE,PC_IND,FRM	: 	: 	: 	: 	: 	: 	: 	: 	74.58 u	58.91 u	62.48 u	79.63 u	78.52 u	81.05 u	: 	86.53 u	95.49 u	81.76 u	94.18 u	92.44 u
A,I_IUSE,PC_IND,FRM0	: 	: 	: 	: 	: 	: 	: 	: 	74.58 u	58.91 u	62.48 u	79.63 u	78.52 u	81.05 u	: 	86.53 u	95.49 u	81.76 u	94.18 u	92.44 u
A,I_IUSE,PC_IND,FRY	: 	: 	: 	: 	: 	: 	: 	: 	: 	71.22 	64.35 	69.38 	76.45 	75.40 	: 	81.85 	83.20 	87.01 	84.97 	87.72 u
A,I_IUSE,PC_IND,FRY1	: 	: 	: 	: 	: 	: 	: 	: 	: 	78.15 	67.22 	65.54 	68.96 	74.94 	: 	79.67 	82.35 	82.56 	87.97 	86.59 u
A,I_IUSE,PC_IND,FRY2	: 	: 	: 	: 	: 	: 	: 	: 	: 	63.04 	63.72 	69.16 	75.81 	82.27 	: 	84.77 	83.81 	88.67 	87.04 	87.74 u
A,I_IUSE,PC_IND,FRY3	: 	: 	: 	: 	: 	: 	: 	: 	: 	62.01 	56.69 	82.23 	86.08 	78.98 	: 	89.34 	84.68 	79.18 	81.69 	89.89 u
A,I_IUSE,PC_IND,FRY4	: 	: 	: 	: 	: 	: 	: 	: 	: 	74.01 	65.23 	68.16 	77.43 	71.40 	: 	79.48 	82.85 	90.81 	82.89 	87.59 u
A,I_IUSE,PC_IND,HR	: 	32.49 	38.58 	44.36 	50.68 	54.96 	58.44 	63.38 	65.33 	65.75 	70.72 	64.66 	72.69 	77.12 	77.55 	80.32 	80.65 	82.46 	82.56 	85.90 
A,I_IUSE,PC_IND,HR0	: 	: 	38.58 	44.36 	50.68 	54.96 	58.44 	63.38 	65.33 	65.75 	70.72 	64.66 	72.69 	77.12 	77.55 	80.32 	80.65 	82.46 	82.56 	85.90 
A,I_IUSE,PC_IND,HR03	: 	: 	40.61 	45.65 	53.98 	58.41 	61.08 	63.22 	65.83 	69.77 	70.29 	60.95 	76.36 	81.99 	78.22 	82.34 	78.03 	82.09 	85.24 	85.12 
A,I_IUSE,PC_IND,HR04	: 	: 	37.63 	43.76 	49.17 	53.42 	57.26 	63.45 	65.08 	63.93 	70.92 	66.22 	70.96 	74.70 	77.22 	: 	: 	: 	: 	: 
A,I_IUSE,PC_IND,HR05	: 	: 	: 	: 	: 	: 	: 	: 	: 	: 	: 	: 	: 	: 	: 	90.34 	87.96 	92.04 	88.70 	91.54 
A,I_IUSE,PC_IND,HR06	: 	: 	: 	: 	: 	: 	: 	: 	: 	: 	: 	: 	: 	: 	: 	75.17 	77.13 	80.56 	79.38 	83.57 
A,I_IUSE,PC_IND,HU	41.16 	48.07 	54.79 	56.60 	59.74 	65.59 	68.71 	70.71 	74.07 	71.59 	78.07 	75.63 	74.99 	79.91 	83.89 	87.43 	88.13 	90.63 	93.02 	90.56 
A,I_IUSE,PC_IND,HU1	: 	: 	61.98 	: 	69.00 	74.64 	78.32 	79.63 	81.96 	79.75 	86.70 	82.45 	81.19 	84.92 	90.05 	93.03 	93.25 	94.94 	96.32 	93.25 
A,I_IUSE,PC_IND,HU10	: 	: 	61.98 	: 	69.00 	74.64 	78.32 	79.63 	81.96 	79.75 	86.70 	82.45 	: 	: 	: 	: 	: 	: 	: 	: 
A,I_IUSE,PC_IND,HU11	: 	: 	: 	: 	: 	: 	: 	: 	: 	: 	: 	: 	84.32 	86.17 	93.15 	94.93 	96.03 	96.83 	97.77 	94.44 
A,I_IUSE,PC_IND,HU12	: 	: 	: 	: 	: 	: 	: 	: 	: 	: 	: 	: 	76.89 	83.21 	85.91 	90.63 	89.86 	92.55 	94.46 	91.73 
A,I_IUSE,PC_IND,HU2	: 	: 	55.72 	: 	58.33 	64.07 	67.21 	69.98 	74.19 	71.49 	77.20 	75.86 	75.33 	79.88 	82.70 	86.20 	87.61 	90.32 	92.83 	90.49 
A,I_IUSE,PC_IND,HU21	: 	: 	58.86 	: 	60.59 	66.76 	70.93 	73.05 	76.94 	74.45 	79.24 	80.99 	80.04 	85.05 	84.26 	86.22 	88.12 	91.97 	93.86 	92.19 
A,I_IUSE,PC_IND,HU22	: 	: 	56.59 	: 	59.65 	65.11 	66.51 	70.66 	74.35 	70.62 	77.62 	72.94 	72.63 	76.62 	82.16 	86.33 	86.50 	89.79 	93.05 	89.87 
A,I_IUSE,PC_IND,HU23	: 	: 	51.19 	: 	54.27 	59.79 	63.61 	65.62 	70.78 	68.94 	74.31 	73.01 	72.71 	77.33 	81.41 	86.03 	88.27 	88.88 	91.27 	89.10 
A,I_IUSE,PC_IND,HU3	: 	: 	48.93 	: 	54.08 	60.12 	62.71 	64.56 	67.99 	65.43 	72.09 	70.16 	69.85 	75.96 	79.88 	83.87 	84.35 	87.35 	90.46 	88.34 
A,I_IUSE,PC_IND,HU31	: 	: 	49.65 	: 	56.60 	60.55 	61.18 	64.36 	68.23 	67.24 	72.77 	70.06 	69.14 	75.18 	77.84 	84.04 	83.68 	88.88 	90.61 	89.86 
A,I_IUSE,PC_IND,HU32	: 	: 	44.98 	: 	50.96 	58.49 	62.00 	63.39 	67.05 	64.24 	71.65 	68.80 	70.96 	76.14 	81.36 	83.21 	83.86 	85.82 	90.28 	87.59 
A,I_IUSE,PC_IND,HU33	: 	: 	52.75 	: 	55.32 	61.59 	64.90 	66.07 	68.86 	65.17 	72.01 	71.83 	69.19 	76.46 	80.00 	84.51 	85.51 	87.77 	90.53 	87.87 
A,I_IUSE,PC_IND,IE	43.62 	51.00 	57.24 	59.74 	63.47 	71.42 	73.64 	74.85 	76.31 	77.58 	79.24 	78.83 	79.87 	88.27 	89.31 	97.97 b	91.63 	93.17 	98.57 	99.70 
A,I_IUSE,PC_IND,IE0	: 	: 	57.24 	59.74 	63.47 	71.42 	73.64 	74.85 	76.31 	77.58 	79.24 	78.83 	79.87 	88.27 	89.31 	97.97 b	91.63 	93.17 	98.57 	99.70 
A,I_IUSE,PC_IND,IE01	: 	: 	47.85 	48.88 	56.15 	65.60 	68.55 	69.13 	70.94 	73.02 	72.48 	72.75 	: 	: 	: 	: 	: 	: 	: 	: 
A,I_IUSE,PC_IND,IE02	: 	: 	60.60 	63.68 	66.15 	73.52 	75.49 	76.90 	78.21 	79.17 	81.51 	80.89 	: 	: 	: 	: 	: 	: 	: 	: 
A,I_IUSE,PC_IND,IE04	: 	: 	: 	: 	: 	: 	: 	: 	: 	: 	: 	: 	76.12 	82.32 	65.94 	99.43 b	91.78 	93.34 	98.64 	99.68 
A,I_IUSE,PC_IND,IE05	: 	: 	: 	: 	: 	: 	: 	: 	: 	: 	: 	: 	80.95 	87.72 	94.81 	97.32 b	86.78 	91.35 	97.89 	99.63 
A,I_IUSE,PC_IND,IE06	: 	: 	: 	: 	: 	: 	: 	: 	: 	: 	: 	: 	80.95 	90.71 	97.39 	97.86 b	94.54 	94.39 	99.02 	99.75 
A,I_IUSE,PC_IND,IS	84.06 	86.10 	88.10 	90.37 	91.67 	93.55 	94.65 	95.22 	96.82 	: 	: 	97.73 	98.59 	98.40 	98.83 	98.83 	: 	: 	: 	: 
A,I_IUSE,PC_IND,IS0	: 	: 	: 	90.37 	91.67 	93.55 	94.65 	95.22 	96.82 	: 	: 	97.73 	98.59 	98.40 	98.83 	98.83 	: 	: 	: 	: 
A,I_IUSE,PC_IND,IS00	: 	: 	: 	90.37 	: 	: 	: 	: 	: 	: 	: 	97.73 	98.59 	98.40 	98.83 	98.83 	: 	: 	: 	: 
A,I_IUSE,PC_IND,IT	30.84 	33.54 	37.17 	42.13 	47.56 	50.69 	52.61 	56.01 	59.45 	63.39 	66.91 	69.01 	72.37 	73.89 	76.43 	80.11 	82.94 	85.45 	88.06 	89.14 
A,I_IUSE,PC_IND,ITC	35.74 	38.10 	41.88 	46.34 	52.38 	55.93 	58.15 	59.95 	64.03 	68.19 	73.28 	73.33 	76.67 	77.89 	79.49 	83.25 	86.53 	88.28 	90.85 	91.64 
A,I_IUSE,PC_IND,ITC1	30.83 	34.57 	38.70 	43.70 	50.40 	53.62 	54.17 	56.76 	60.35 	64.57 	70.02 	72.21 	74.94 	76.53 	79.27 	81.30 	83.68 	87.07 	87.98 	90.06 
A,I_IUSE,PC_IND,ITC2	31.31 	34.85 	40.57 	44.11 	50.65 	53.99 	59.39 	61.38 	62.35 	69.14 	69.54 	68.80 	73.38 	75.81 	77.48 	85.02 	83.54 	86.77 	87.96 	92.16 
A,I_IUSE,PC_IND,ITC3	30.53 	33.77 	36.70 	43.92 	49.78 	52.73 	58.90 	59.66 	65.81 	68.21 	70.23 	76.31 	76.24 	75.96 	79.72 	85.16 	85.56 	87.99 	90.77 	91.85 
A,I_IUSE,PC_IND,ITC4	38.95 	40.45 	44.15 	47.97 	53.72 	57.47 	59.78 	61.37 	65.42 	69.76 	75.18 	73.42 	77.52 	78.80 	79.56 	83.77 	87.92 	88.85 	92.11 	92.29 
A,I_IUSE,PC_IND,ITF	22.96 	26.10 	28.67 	34.28 	39.85 	42.18 	41.83 	46.41 	50.03 	54.93 	57.67 	60.76 	64.66 	65.35 	68.67 	74.39 	76.24 	79.74 	82.27 	83.64 
A,I_IUSE,PC_IND,ITF1	29.31 	33.02 	35.74 	41.86 	48.53 	51.95 	47.51 	54.45 	54.23 	63.76 	67.25 	68.09 	70.55 	70.68 	72.90 	78.67 	81.64 	86.29 	87.92 	88.90 
A,I_IUSE,PC_IND,ITF2	26.04 	30.15 	33.01 	39.78 	41.96 	47.52 	46.01 	47.86 	54.57 	55.08 	64.15 	66.18 	65.67 	65.13 	69.99 	72.54 	80.54 	83.23 	82.58 	86.07 
A,I_IUSE,PC_IND,ITF3	21.10 	26.34 	27.74 	35.29 	38.57 	43.10 	40.36 	43.52 	50.40 	54.25 	56.44 	61.54 	62.91 	65.56 	69.43 	75.55 	76.53 	78.19 	79.26 	83.09 
A,I_IUSE,PC_IND,ITF4	23.35 	23.32 	26.70 	31.05 	38.80 	37.95 	41.32 	47.59 	48.68 	54.26 	56.67 	58.70 	65.73 	64.05 	67.35 	71.91 	76.56 	82.02 	85.93 	84.45 
A,I_IUSE,PC_IND,ITF5	26.94 	27.36 	32.51 	32.56 	39.27 	40.04 	39.70 	50.73 	48.40 	54.56 	60.80 	62.01 	67.57 	65.92 	66.87 	75.38 	77.62 	78.38 	84.89 	83.05 
A,I_IUSE,PC_IND,ITF6	21.74 	25.53 	28.90 	32.62 	39.81 	41.45 	43.29 	45.52 	48.68 	52.51 	55.12 	56.75 	62.75 	63.75 	66.54 	73.19 	69.78 	75.00 	79.13 	79.72 
A,I_IUSE,PC_IND,ITG	23.90 	25.87 	29.87 	37.09 	41.99 	41.65 	46.41 	48.40 	53.66 	55.29 	57.40 	62.19 	66.48 	69.69 	69.70 	73.91 	77.71 	80.24 	83.07 	85.48 
A,I_IUSE,PC_IND,ITG1	21.75 	23.46 	27.52 	35.17 	39.56 	39.54 	44.68 	45.53 	50.75 	52.98 	55.01 	60.82 	63.87 	69.49 	68.52 	71.59 	77.03 	79.16 	82.11 	83.88 
A,I_IUSE,PC_IND,ITG2	30.10 	32.69 	36.49 	42.59 	49.05 	47.71 	51.35 	56.85 	62.08 	62.21 	64.45 	66.26 	74.37 	70.27 	73.23 	80.80 	79.74 	83.45 	86.00 	90.39 
A,I_IUSE,PC_IND,ITH	35.08 	37.87 	41.80 	45.26 	49.85 	54.66 	58.01 	61.81 	63.61 	68.79 	70.93 	73.58 	76.77 	78.40 	81.26 	82.81 	86.98 	88.70 	91.41 	91.09 
A,I_IUSE,PC_IND,ITH1	38.60 	42.52 	46.73 	49.31 	51.69 	58.04 	59.85 	64.49 	67.06 	66.70 	69.56 	73.29 	79.11 	78.07 	85.00 	83.81 	86.25 	88.31 	89.84 	89.92 
A,I_IUSE,PC_IND,ITH2	35.74 	37.93 	41.42 	50.12 	52.68 	58.29 	56.86 	58.54 	65.01 	71.76 	73.97 	72.17 	75.76 	80.71 	80.85 	84.46 	87.90 	89.04 	90.69 	93.49 
A,I_IUSE,PC_IND,ITH3	34.22 	35.40 	39.33 	42.61 	47.86 	53.91 	57.57 	60.54 	60.98 	68.09 	71.42 	72.54 	75.72 	75.80 	79.62 	82.01 	86.89 	87.87 	91.92 	89.66 
A,I_IUSE,PC_IND,ITH4	33.59 	38.17 	41.39 	47.82 	52.24 	54.33 	56.40 	61.46 	66.53 	70.41 	71.48 	72.92 	76.22 	80.17 	81.18 	82.59 	87.89 	87.30 	91.96 	93.22 
A,I_IUSE,PC_IND,ITH5	: 	: 	: 	: 	: 	: 	58.87 	63.41 	65.18 	69.01 	70.03 	75.13 	77.90 	80.65 	82.73 	83.44 	86.81 	89.97 	90.98 	91.92 
A,I_IUSE,PC_IND,ITI	33.52 	36.55 	40.62 	45.64 	51.04 	54.96 	56.12 	60.63 	63.52 	66.45 	70.88 	72.54 	74.82 	76.70 	80.57 	83.47 	84.77 	87.97 	90.47 	92.18 
A,I_IUSE,PC_IND,ITI1	34.72 	36.25 	39.57 	47.25 	52.29 	55.57 	55.82 	62.63 	64.42 	67.40 	70.03 	71.59 	77.16 	79.23 	82.29 	83.91 	85.40 	88.39 	91.29 	91.77 
A,I_IUSE,PC_IND,ITI2	30.56 	33.39 	38.08 	43.81 	44.58 	52.37 	55.05 	56.16 	59.18 	65.05 	66.97 	70.12 	70.43 	73.65 	79.07 	84.57 	85.84 	87.20 	90.32 	89.29 
A,I_IUSE,PC_IND,ITI3	: 	: 	: 	: 	: 	: 	53.95 	60.41 	60.41 	66.23 	70.32 	73.58 	73.90 	75.69 	76.46 	80.47 	84.80 	85.17 	88.93 	91.71 
A,I_IUSE,PC_IND,ITI4	33.75 	37.99 	42.99 	45.27 	52.16 	56.22 	57.06 	60.10 	64.42 	66.11 	72.14 	73.21 	74.22 	75.81 	80.76 	83.79 	84.19 	88.53 	90.38 	92.99 
A,I_IUSE,PC_IND,LT	37.67 	45.07 	49.85 	55.21 	57.52 	59.97 	63.60 	65.28 	68.89 	69.01 	71.83 	75.17 	78.10 	80.69 	82.05 	85.58 	86.80 	87.59 	88.70 	88.55 
A,I_IUSE,PC_IND,LT0	: 	: 	: 	55.21 	57.52 	59.97 	63.60 	65.28 	68.89 	69.01 	71.83 	75.17 	78.10 	80.69 	82.05 	85.58 	86.80 	87.59 	88.70 	88.55 
A,I_IUSE,PC_IND,LT00	: 	: 	: 	55.21 	57.52 	59.97 	63.60 	65.28 	68.89 	69.01 	71.83 	75.17 	: 	: 	: 	: 	: 	: 	: 	: 
A,I_IUSE,PC_IND,LT01	: 	: 	: 	: 	: 	: 	: 	: 	: 	: 	: 	: 	80.57 	81.55 	86.12 	86.65 	89.79 	91.52 	91.78 	92.40 
A,I_IUSE,PC_IND,LT02	: 	: 	: 	: 	: 	: 	: 	: 	: 	: 	: 	: 	77.09 	80.34 	80.34 	85.12 	85.57 	85.94 	87.38 	86.88 
A,I_IUSE,PC_IND,LU	65.21 	71.99 	77.00 	83.29 	86.03 	86.40 	90.18 	92.84 	93.29 	96.75 	96.58 	96.40 	92.40 b	92.59 	96.37 	97.31 	95.23 	96.87 	96.18 	96.88 
A,I_IUSE,PC_IND,LU0	: 	: 	77.00 	83.29 	86.03 	86.40 	90.18 	92.84 	93.29 	96.75 	96.58 	96.40 	92.40 b	92.59 	96.37 	97.31 	95.23 	96.87 	96.18 	96.88 
A,I_IUSE,PC_IND,LU00	: 	: 	77.00 	83.29 	86.03 	86.40 	90.18 	92.84 	93.29 	96.75 	96.58 	96.40 	92.40 b	92.59 	96.37 	97.31 	95.23 	96.87 	96.18 	96.88 
A,I_IUSE,PC_IND,LV	46.04 	52.19 	57.05 	60.88 	62.45 	66.16 	70.30 	71.24 	71.75 	74.92 	77.01 b	78.47 	81.17 	83.72 	86.88 	89.79 	90.26 	91.50 	92.32 	93.77 
A,I_IUSE,PC_IND,LV0	: 	: 	: 	60.88 	62.45 	66.16 	70.30 	71.24 	71.75 	74.92 	77.01 b	78.47 	81.17 	83.72 	86.88 	89.79 	90.26 	91.50 	92.32 	93.77 
A,I_IUSE,PC_IND,LV00	: 	: 	: 	: 	62.45 	66.16 	70.30 	71.24 	71.75 	74.92 	77.01 b	78.47 	81.17 	83.72 	86.88 	89.79 	90.26 	91.50 	92.32 	93.77 
A,I_IUSE,PC_IND,ME	: 	: 	: 	: 	: 	: 	55.02 	: 	: 	: 	: 	68.99 	70.49 	72.42 	76.62 	80.78 	87.89 	88.26 	88.85 	94.12 
A,I_IUSE,PC_IND,ME0	: 	: 	: 	: 	: 	: 	: 	: 	: 	: 	: 	: 	: 	: 	: 	: 	: 	88.26 	88.85 	94.12 
A,I_IUSE,PC_IND,MK	21.09 	: 	38.72 	46.95 	49.56 	: 	53.70 	62.35 	64.61 	68.85 	70.04 	73.16 	77.77 	80.45 	80.06 	85.51 	: 	: 	90.83 	91.37 
A,I_IUSE,PC_IND,MK0	: 	: 	: 	46.95 	49.56 	: 	53.70 	62.35 	64.61 	68.85 	70.04 	73.16 	77.77 	80.45 	80.06 	85.51 	: 	: 	90.83 	91.37 
A,I_IUSE,PC_IND,MK00	: 	: 	: 	46.95 	49.56 	: 	53.70 	62.35 	64.61 	68.85 	70.04 	73.16 	77.77 	80.45 	80.06 	: 	: 	: 	: 	: 
A,I_IUSE,PC_IND,MT	36.01 	42.73 	46.19 	55.28 	59.82 	65.73 	65.90 	66.51 	70.66 	75.02 	76.71 	79.84 	80.46 	85.10 	86.43 	86.81 	91.03 	92.27 	93.54 	95.91 
A,I_IUSE,PC_IND,MT0	: 	: 	: 	55.28 	59.82 	65.73 	65.90 	66.51 	70.66 	75.02 	76.71 	79.84 	80.46 	85.10 	86.43 	86.81 	91.03 	92.27 	93.54 	95.91 
A,I_IUSE,PC_IND,MT00	: 	: 	: 	55.28 	59.82 	65.73 	65.90 	66.51 	70.66 	75.02 	76.71 	79.84 	80.46 	85.10 	86.43 	86.81 	91.03 	92.27 	93.54 	95.91 
A,I_IUSE,PC_IND,NL	76.41 	80.99 	83.02 	86.37 	88.37 	89.52 	90.86 	92.38 	91.33 	91.50 	92.01 	94.36 	93.84 	95.36 	93.20 	93.89 	94.40 	98.92 	99.22 	99.43 
A,I_IUSE,PC_IND,NL1	74.36 	80.70 	82.86 	82.82 	84.15 	89.95 	90.03 	92.40 	91.84 	89.15 	92.94 	95.28 	95.20 	93.17 	93.94 	94.22 	94.44 	97.78 	98.79 	99.86 
A,I_IUSE,PC_IND,NL11	76.10 	80.81 	89.84 	82.27 	79.62 	91.07 	88.11 	93.27 	93.08 	89.12 	93.34 	95.68 	96.07 	89.52 	94.22 	92.45 	94.63 	98.19 	100.00 	99.60 
A,I_IUSE,PC_IND,NL12	74.25 	79.26 	79.31 	76.49 	84.75 	86.53 	89.71 	88.76 	92.75 	90.90 	92.80 	93.58 	97.78 	94.30 	93.97 	95.60 	93.38 	97.38 	97.96 	100.00 
A,I_IUSE,PC_IND,NL13	72.58 	82.48 	79.13 	91.20 	88.83 	92.97 	92.78 	96.12 	89.08 	86.84 	92.63 	97.05 	90.71 	96.13 	93.53 	94.57 	95.62 	97.78 	98.36 	100.00 
A,I_IUSE,PC_IND,NL2	75.25 	80.54 	83.36 	85.01 	88.59 	88.85 	91.35 	91.38 	91.34 	92.97 	93.01 	92.17 	94.45 	94.40 	94.85 	94.07 	94.56 	98.99 	99.02 	99.47 
A,I_IUSE,PC_IND,NL21	73.68 	83.98 	83.77 	84.35 	90.08 	91.00 	91.50 	92.32 	93.59 	92.83 	91.66 	92.56 	94.56 	94.71 	95.47 	94.54 	93.45 	99.68 	99.26 	99.87 
A,I_IUSE,PC_IND,NL22	74.14 	77.98 	82.44 	83.77 	86.77 	87.30 	90.26 	90.47 	90.98 	93.39 	93.34 	90.57 	94.56 	94.21 	94.55 	93.63 	94.87 	98.39 	99.02 	99.13 
A,I_IUSE,PC_IND,NL23	86.99 	83.99 	86.99 	93.19 	93.52 	90.56 	96.43 	93.35 	86.72 	91.24 	95.09 	99.08 	93.63 	94.46 	94.65 	94.93 	96.03 	100.00 	98.44 	100.00 
A,I_IUSE,PC_IND,NL3	78.76 	82.44 	84.54 	88.54 	89.84 	90.52 	90.81 	93.11 	92.42 	91.30 	91.79 	95.39 	93.80 	95.94 	92.44 	94.28 	94.06 	99.31 	99.44 	99.46 
A,I_IUSE,PC_IND,NL31	83.68 	84.61 	87.35 	89.87 	90.70 	90.93 	92.26 	97.19 	93.95 	91.75 	95.92 	95.63 	94.46 	97.76 	94.27 	94.32 	94.52 	99.44 	: 	: 
A,I_IUSE,PC_IND,NL32	80.47 	82.52 	86.16 	89.63 	92.00 	91.75 	92.56 	94.23 	92.11 	92.04 	92.08 	96.61 	94.46 	97.42 	93.39 	94.50 	95.07 	99.52 	99.65 	99.27 
A,I_IUSE,PC_IND,NL33	75.86 	81.31 	83.39 	88.30 	88.46 	90.04 	88.88 	90.79 	91.94 	91.20 	90.17 	94.10 	92.97 	94.42 	91.06 	93.60 	92.83 	99.13 	: 	: 
A,I_IUSE,PC_IND,NL34	78.33 	85.48 	74.73 	78.50 	84.46 	85.05 	91.58 	93.44 	94.24 	85.19 	91.29 	97.91 	94.52 	93.21 	92.38 	99.23 	96.84 	99.02 	99.28 	100.00 
A,I_IUSE,PC_IND,NL35	: 	: 	: 	: 	: 	: 	: 	: 	: 	: 	: 	: 	: 	: 	: 	: 	: 	: 	99.79 	99.21 
A,I_IUSE,PC_IND,NL36	: 	: 	: 	: 	: 	: 	: 	: 	: 	: 	: 	: 	: 	: 	: 	: 	: 	: 	99.16 	99.65 
A,I_IUSE,PC_IND,NL4	73.48 	78.51 	79.50 	84.72 	86.94 	87.83 	90.87 	91.72 	88.68 	91.60 	91.12 	93.75 	92.71 	96.03 	92.95 	92.68 	95.00 	98.47 	99.12 	99.15 
A,I_IUSE,PC_IND,NL41	75.31 	81.25 	80.50 	86.74 	88.61 	86.86 	90.46 	90.99 	89.15 	91.49 	90.73 	94.44 	93.13 	95.96 	92.76 	93.24 	95.24 	98.43 	98.97 	99.28 
A,I_IUSE,PC_IND,NL42	69.59 	72.62 	77.34 	80.41 	83.34 	89.84 	91.77 	93.31 	87.65 	91.85 	92.00 	92.21 	91.79 	96.18 	93.40 	91.41 	94.43 	98.56 	99.47 	98.85 
A,I_IUSE,PC_IND,NO	76.67 	80.66 	85.78 	88.03 	90.06 	91.11 	92.88 	92.96 	94.71 	95.53 	96.06 	96.45 	96.50 	97.73 	96.26 	98.17 	98.28 	98.79 	98.73 	98.16 
A,I_IUSE,PC_IND,NO0	: 	: 	: 	88.03 	90.06 	91.11 	92.88 	92.96 	94.71 	95.53 	96.06 	96.45 	96.50 	97.73 	96.26 	98.17 	98.28 	98.79 	98.73 	98.16 
A,I_IUSE,PC_IND,NO01	78.45 	86.31 	88.64 	93.25 	93.48 	92.30 	92.82 	95.54 	98.00 	96.66 	96.79 	98.94 	97.55 	98.50 	99.32 	: 	: 	: 	: 	: 
A,I_IUSE,PC_IND,NO02	77.33 	71.69 	79.63 	87.85 	87.64 	88.57 	89.68 	88.74 	87.22 	96.28 	95.65 	95.46 	96.76 	98.55 	90.69 	98.30 	99.47 	99.42 	97.58 	97.75 
A,I_IUSE,PC_IND,NO03	74.50 	77.93 	85.07 	87.68 	85.72 	89.57 	91.02 	90.97 	94.11 	95.53 	94.45 	96.71 	95.64 	97.07 	95.27 	: 	: 	: 	: 	: 
A,I_IUSE,PC_IND,NO04	75.96 	84.17 	81.42 	87.60 	88.75 	89.52 	94.07 	91.63 	95.47 	93.53 	96.53 	94.57 	98.85 	100.00 	94.62 	: 	: 	: 	: 	: 
A,I_IUSE,PC_IND,NO05	73.94 	82.50 	86.98 	85.18 	93.71 	90.58 	92.95 	95.65 	95.62 	95.95 	96.47 	97.07 	95.72 	96.89 	95.91 	: 	: 	: 	: 	: 
A,I_IUSE,PC_IND,NO06	82.85 	78.64 	88.02 	86.21 	88.49 	94.95 	96.46 	93.62 	88.16 	98.16 	99.10 	92.60 	94.79 	95.29 	96.99 	98.27 	97.25 	98.33 	98.94 	98.87 
A,I_IUSE,PC_IND,NO07	76.21 	74.21 	87.03 	84.64 	89.15 	91.54 	94.11 	90.69 	95.22 	91.17 	93.68 	94.78 	94.08 	96.75 	95.02 	97.38 	99.03 	99.06 	98.23 	99.02 
A,I_IUSE,PC_IND,NO08	: 	: 	: 	: 	: 	: 	: 	: 	: 	: 	: 	: 	: 	: 	: 	98.68 	98.74 	98.73 	99.05 	98.50 
A,I_IUSE,PC_IND,NO09	: 	: 	: 	: 	: 	: 	: 	: 	: 	: 	: 	: 	: 	: 	: 	97.83 	97.55 	98.74 	98.58 	98.43 
A,I_IUSE,PC_IND,NO0A	: 	: 	: 	: 	: 	: 	: 	: 	: 	: 	: 	: 	: 	: 	: 	97.76 	97.81 	98.79 	98.75 	97.10 
A,I_IUSE,PC_IND,PL	34.41 	39.00 	44.26 	51.61 	54.60 	57.85 	58.71 	59.87 	63.00 	64.81 	69.89 	72.66 	74.77 	78.27 	81.36 	83.63 	85.71 	85.32 	87.65 	88.94 
A,I_IUSE,PC_IND,PL1	: 	41.71 	47.77 	53.53 	57.82 	61.19 	62.67 	62.33 	65.28 	67.25 	71.69 	74.96 	: 	: 	: 	: 	: 	: 	: 	: 
A,I_IUSE,PC_IND,PL2	: 	39.59 	45.49 	51.68 	54.59 	58.48 	61.17 	59.95 	61.88 	62.83 	71.28 	72.53 	75.11 	78.65 	82.01 	83.67 	87.06 	88.04 	89.52 	89.35 
A,I_IUSE,PC_IND,PL21	: 	: 	: 	: 	: 	: 	: 	: 	: 	: 	: 	: 	: 	: 	: 	: 	: 	87.28 	85.87 	88.92 
A,I_IUSE,PC_IND,PL22	: 	: 	: 	: 	: 	: 	: 	: 	: 	: 	: 	: 	: 	: 	: 	: 	: 	88.64 	92.09 	89.71 
A,I_IUSE,PC_IND,PL3	: 	32.18 	38.17 	46.44 	47.77 	51.26 	51.92 	55.59 	59.37 	61.86 	66.02 	68.51 	: 	: 	: 	: 	: 	: 	: 	: 
A,I_IUSE,PC_IND,PL4	: 	37.68 	43.71 	53.53 	54.62 	58.39 	56.31 	58.16 	61.33 	66.29 	70.68 	71.65 	75.69 	77.02 	79.87 	83.14 	85.85 	83.96 	88.10 	89.73 
A,I_IUSE,PC_IND,PL41	: 	: 	: 	: 	: 	: 	: 	: 	: 	: 	: 	: 	: 	: 	: 	: 	: 	86.29 	89.98 	90.22 
A,I_IUSE,PC_IND,PL42	: 	: 	: 	: 	: 	: 	: 	: 	: 	: 	: 	: 	: 	: 	: 	: 	: 	78.71 	83.84 	87.12 
A,I_IUSE,PC_IND,PL43	: 	: 	: 	: 	: 	: 	: 	: 	: 	: 	: 	: 	: 	: 	: 	: 	: 	81.79 	87.22 	91.12 
A,I_IUSE,PC_IND,PL5	: 	40.75 	46.29 	52.98 	58.48 	61.44 	58.23 	59.35 	66.71 	67.61 	70.41 	74.92 	72.81 	80.54 	83.20 	86.11 	86.00 	88.07 	88.17 	93.10 
A,I_IUSE,PC_IND,PL51	: 	: 	: 	: 	: 	: 	: 	: 	: 	: 	: 	: 	: 	: 	: 	: 	: 	88.49 	90.22 	94.79 
A,I_IUSE,PC_IND,PL52	: 	: 	: 	: 	: 	: 	: 	: 	: 	: 	: 	: 	: 	: 	: 	: 	: 	86.32 	79.49 	87.55 
A,I_IUSE,PC_IND,PL6	: 	42.48 	44.75 	52.23 	55.56 	57.17 	60.17 	63.52 	65.26 	63.84 	69.19 	74.16 	77.35 	80.34 	83.31 	86.17 	88.19 	84.27 	87.11 	88.58 
A,I_IUSE,PC_IND,PL61	: 	: 	: 	: 	: 	: 	: 	: 	: 	: 	: 	: 	: 	: 	: 	: 	: 	83.63 	86.95 	89.10 
A,I_IUSE,PC_IND,PL62	: 	: 	: 	: 	: 	: 	: 	: 	: 	: 	: 	: 	: 	: 	: 	: 	: 	80.61 	83.55 	85.25 
A,I_IUSE,PC_IND,PL63	: 	: 	: 	: 	: 	: 	: 	: 	: 	: 	: 	: 	: 	: 	: 	: 	: 	87.64 	89.57 	89.89 
A,I_IUSE,PC_IND,PL7	: 	: 	: 	: 	: 	: 	: 	: 	: 	: 	: 	: 	72.74 	77.84 	78.73 	77.65 	84.33 	80.85 	85.60 	84.35 
A,I_IUSE,PC_IND,PL71	: 	: 	: 	: 	: 	: 	: 	: 	: 	: 	: 	: 	: 	: 	: 	: 	: 	83.95 	88.53 	84.41 
A,I_IUSE,PC_IND,PL72	: 	: 	: 	: 	: 	: 	: 	: 	: 	: 	: 	: 	: 	: 	: 	: 	: 	76.53 	80.54 	84.26 
A,I_IUSE,PC_IND,PL8	: 	: 	: 	: 	: 	: 	: 	: 	: 	: 	: 	: 	70.87 	74.15 	75.87 	78.89 	80.44 	82.83 	83.98 	86.67 
A,I_IUSE,PC_IND,PL81	: 	: 	: 	: 	: 	: 	: 	: 	: 	: 	: 	: 	: 	: 	: 	: 	: 	83.24 	85.27 	85.77 
A,I_IUSE,PC_IND,PL82	: 	: 	: 	: 	: 	: 	: 	: 	: 	: 	: 	: 	: 	: 	: 	: 	: 	82.88 	84.46 	88.16 
A,I_IUSE,PC_IND,PL84	: 	: 	: 	: 	: 	: 	: 	: 	: 	: 	: 	: 	: 	: 	: 	: 	: 	81.95 	80.45 	85.48 
A,I_IUSE,PC_IND,PL9	: 	: 	: 	: 	: 	: 	: 	: 	: 	: 	: 	: 	77.14 	80.03 	85.80 	89.93 	87.57 	88.74 	90.46 	90.86 
A,I_IUSE,PC_IND,PL91	: 	: 	: 	: 	: 	: 	: 	: 	: 	: 	: 	: 	: 	: 	: 	: 	: 	94.69 	94.84 	96.41 
A,I_IUSE,PC_IND,PL92	: 	: 	: 	: 	: 	: 	: 	: 	: 	: 	: 	: 	: 	: 	: 	: 	: 	82.60 	86.97 	87.33 
A,I_IUSE,PC_IND,PT	31.41 	35.02 	38.16 	42.36 	46.91 	51.20 	55.50 	57.73 	60.61 	64.96 	67.97 	71.35 	71.31 	72.87 	76.23 	80.18 	83.25 	84.18 	87.19 	88.40 
A,I_IUSE,PC_IND,PT1	: 	: 	38.32 	42.60 	47.08 	51.34 	55.62 	57.76 	60.56 	64.92 	67.94 	71.26 	71.26 	72.76 	76.23 	80.19 	83.15 	84.11 	87.21 	88.44 
A,I_IUSE,PC_IND,PT11	: 	30.02 	32.32 	39.27 	43.23 	46.15 	50.36 	51.84 	55.45 	60.06 	62.53 	65.86 	65.95 	67.01 	72.75 	76.10 	79.19 	80.45 	84.09 	85.44 
A,I_IUSE,PC_IND,PT15	: 	34.05 	38.97 	46.69 	52.58 	54.77 	58.49 	59.02 	64.10 	68.18 	69.18 	70.70 	73.39 	74.28 	78.67 	81.70 	85.62 	88.13 	89.92 	91.01 
A,I_IUSE,PC_IND,PT16	: 	33.16 	34.24 	39.40 	41.88 	45.97 	49.47 	53.39 	54.70 	60.09 	63.06 	68.31 	68.98 	71.44 	72.62 	77.96 	81.92 	82.36 	: 	: 
A,I_IUSE,PC_IND,PT17	: 	44.85 	50.69 	50.26 	57.16 	63.96 	69.00 	70.53 	72.83 	76.19 	79.74 	81.76 	80.73 	82.50 	83.84 	87.47 	89.59 	90.20 	: 	: 
A,I_IUSE,PC_IND,PT18	: 	32.04 	34.56 	38.28 	41.75 	44.95 	49.32 	51.76 	55.77 	59.59 	64.42 	67.58 	67.49 	67.30 	74.13 	78.80 	80.69 	82.29 	: 	: 
A,I_IUSE,PC_IND,PT19	: 	: 	: 	: 	: 	: 	: 	: 	: 	: 	: 	: 	: 	: 	: 	: 	: 	: 	84.46 	84.96 
A,I_IUSE,PC_IND,PT1A	: 	: 	: 	: 	: 	: 	: 	: 	: 	: 	: 	: 	: 	: 	: 	: 	: 	: 	93.44 	94.67 
A,I_IUSE,PC_IND,PT1B	: 	: 	: 	: 	: 	: 	: 	: 	: 	: 	: 	: 	: 	: 	: 	: 	: 	: 	93.94 	94.33 
A,I_IUSE,PC_IND,PT1C	: 	: 	: 	: 	: 	: 	: 	: 	: 	: 	: 	: 	: 	: 	: 	: 	: 	: 	84.15 	85.27 
A,I_IUSE,PC_IND,PT1D	: 	: 	: 	: 	: 	: 	: 	: 	: 	: 	: 	: 	: 	: 	: 	: 	: 	: 	84.53 	87.56 
A,I_IUSE,PC_IND,PT2	: 	: 	31.83 	33.64 	42.22 	47.25 	53.37 	57.79 	63.46 	67.18 	68.17 	72.29 	71.73 	75.31 	74.79 	77.83 	84.98 	85.45 	87.37 	87.87 
A,I_IUSE,PC_IND,PT20	: 	27.88 	31.83 	33.64 	42.22 	47.25 	53.37 	57.79 	63.46 	67.18 	68.17 	72.29 	71.73 	75.31 	74.79 	77.83 	84.98 	85.45 	87.37 	87.87 
A,I_IUSE,PC_IND,PT3	: 	: 	37.80 	41.27 	44.53 	49.06 	52.84 	56.61 	59.78 	64.30 	68.88 	73.97 	72.47 	74.49 	77.64 	82.02 	85.31 	85.63 	86.34 	87.38 
A,I_IUSE,PC_IND,PT30	: 	34.72 	37.80 	41.27 	44.53 	49.06 	52.84 	56.61 	59.78 	64.30 	68.88 	73.97 	72.47 	74.49 	77.64 	82.02 	85.31 	85.63 	86.34 	87.38 
A,I_IUSE,PC_IND,RO	18.36 	21.99 	26.34 	31.13 	33.90 	37.35 	43.33 	45.38 	47.70 b	51.79 	56.33 	60.78 	68.30 	71.56 	76.19 	81.82 	84.05 	88.05 	90.44 	92.43 
A,I_IUSE,PC_IND,RO1	: 	: 	23.61 	27.20 	32.14 	35.04 	40.28 	42.88 	46.45 b	52.64 	57.73 	61.97 	71.11 	75.41 	77.99 	84.71 	86.60 	88.10 	93.34 	93.66 
A,I_IUSE,PC_IND,RO11	: 	: 	25.24 	28.95 	30.49 	34.42 	42.48 	45.10 	47.94 b	51.96 	57.70 	64.48 	75.25 	80.33 	80.98 	86.33 	87.42 	89.39 	95.05 	92.37 
A,I_IUSE,PC_IND,RO12	: 	: 	21.86 	25.32 	33.93 	35.71 	37.89 	40.47 	44.79 b	53.40 	57.77 	59.15 	66.49 	69.91 	74.65 	82.91 	85.68 	86.64 	91.44 	95.09 
A,I_IUSE,PC_IND,RO2	: 	: 	24.37 	29.77 	32.21 	35.00 	41.32 	43.70 	44.71 b	46.26 	51.76 	54.70 	61.65 	67.58 	73.04 	80.23 	81.59 	87.65 	88.38 	91.61 
A,I_IUSE,PC_IND,RO21	: 	: 	22.25 	29.95 	33.14 	34.54 	40.16 	42.82 	45.60 b	46.58 	51.40 	54.55 	62.12 	68.96 	73.28 	81.63 	81.64 	89.56 	90.20 	93.28 
A,I_IUSE,PC_IND,RO22	: 	: 	27.06 	29.54 	31.01 	35.57 	42.80 	44.85 	43.58 b	45.86 	52.23 	54.89 	61.04 	65.79 	72.73 	78.39 	81.54 	85.13 	85.98 	89.36 
A,I_IUSE,PC_IND,RO3	: 	: 	31.44 	36.10 	38.94 	42.86 	48.97 	50.64 	51.95 b	57.47 	59.93 	64.72 	71.90 	71.40 	76.48 	81.46 	84.88 	87.90 	90.68 	92.17 
A,I_IUSE,PC_IND,RO31	: 	: 	22.91 	25.91 	29.23 	34.27 	40.21 	38.78 	38.18 b	47.33 	48.47 	56.51 	64.22 	68.54 	73.35 	79.30 	79.99 	83.45 	89.99 	90.91 
A,I_IUSE,PC_IND,RO32	: 	: 	43.65 	50.63 	52.72 	54.97 	61.25 	67.19 	69.74 b	70.53 	74.55 	75.08 	80.84 	74.92 	80.05 	84.07 	90.16 	93.35 	91.50 	93.69 
A,I_IUSE,PC_IND,RO4	: 	: 	26.01 	31.54 	32.02 	36.53 	42.76 	44.13 	47.73 b	50.81 	56.16 	62.57 	69.14 	72.61 	77.91 	80.86 	83.09 	88.81 	89.32 	92.41 
A,I_IUSE,PC_IND,RO41	: 	: 	23.89 	27.45 	27.92 	33.28 	37.58 	40.99 	37.38 b	45.64 	54.62 	57.62 	65.67 	69.40 	73.52 	77.31 	82.52 	86.72 	85.35 	92.04 
A,I_IUSE,PC_IND,RO42	: 	: 	28.50 	36.30 	36.77 	40.29 	48.72 	47.74 	59.00 b	56.45 	57.84 	67.94 	72.87 	76.03 	82.05 	84.64 	83.68 	91.13 	93.53 	92.83 
A,I_IUSE,PC_IND,RS	: 	26.10 	: 	34.73 	: 	: 	: 	: 	: 	62.05 	: 	68.09 	72.30 	75.88 	77.99 	80.15 	83.33 	85.15 	87.31 	89.83 
A,I_IUSE,PC_IND,RS1	: 	: 	: 	: 	: 	: 	: 	: 	: 	: 	: 	: 	: 	79.78 	80.61 	79.84 	92.05 	88.12 	90.42 	91.56 
A,I_IUSE,PC_IND,RS11	: 	: 	: 	: 	: 	: 	: 	: 	: 	: 	: 	: 	: 	85.04 	88.74 	79.09 	94.05 	90.98 	93.04 	95.47 
A,I_IUSE,PC_IND,RS12	: 	: 	: 	: 	: 	: 	: 	: 	: 	: 	: 	: 	: 	76.02 	73.94 	80.34 	90.25 	85.79 	88.27 	87.89 
A,I_IUSE,PC_IND,RS2	: 	: 	: 	: 	: 	: 	: 	: 	: 	: 	: 	: 	: 	72.35 	75.77 	80.44 	77.04 	82.34 	84.06 	87.98 
A,I_IUSE,PC_IND,RS21	: 	: 	: 	: 	: 	: 	: 	: 	: 	: 	: 	: 	: 	73.85 	76.37 	82.51 	81.64 	83.58 	84.05 	87.03 
A,I_IUSE,PC_IND,RS22	: 	: 	: 	: 	: 	: 	: 	: 	: 	: 	: 	: 	: 	70.55 	74.95 	78.05 	70.57 	80.88 	84.07 	89.17 
A,I_IUSE,PC_IND,SE	79.79 	75.44 	83.49 	86.17 	88.28 	90.51 	90.66 	92.12 	90.80 	88.61 	90.96 b	94.87 	90.99 	95.44 	95.40 	94.84 	95.75 	96.87 	97.28 	97.53 
A,I_IUSE,PC_IND,SE1	: 	: 	84.73 	88.81 	90.56 	92.44 	91.70 	94.20 	92.91 	90.40 	91.60 b	97.44 	92.39 	95.77 	95.92 	95.89 	96.36 	97.59 	97.36 	96.99 
A,I_IUSE,PC_IND,SE11	: 	: 	: 	91.64 	91.77 	93.88 	92.37 	94.55 	91.89 	92.14 	93.33 b	97.45 	93.02 	95.39 	96.84 	95.95 	97.46 	97.59 	96.75 	96.95 
A,I_IUSE,PC_IND,SE12	: 	: 	: 	85.18 	89.01 	90.51 	90.78 	93.71 	94.24 	88.12 	89.54 b	97.43 	91.58 	96.38 	94.68 	95.81 	94.96 	97.58 	98.24 	97.05 
A,I_IUSE,PC_IND,SE2	: 	: 	85.01 	85.28 	87.63 	89.05 	90.03 	91.12 	90.66 	88.29 	91.40 b	92.94 	90.81 	95.32 	95.66 	94.09 	96.78 	96.14 	97.39 	98.03 
A,I_IUSE,PC_IND,SE21	: 	: 	: 	81.81 	85.82 	87.53 	88.78 	90.16 	89.60 	88.37 	89.96 b	90.77 	88.38 	95.49 	94.59 	93.42 	97.91 	96.08 	96.05 	97.99 
A,I_IUSE,PC_IND,SE22	: 	: 	: 	84.88 	87.04 	92.11 	88.84 	92.36 	89.23 	86.05 	92.42 b	94.43 	92.62 	94.23 	95.61 	92.90 	97.40 	94.85 	98.19 	97.24 
A,I_IUSE,PC_IND,SE23	: 	: 	: 	87.10 	88.82 	87.69 	91.41 	90.70 	92.01 	89.63 	91.19 b	92.93 	90.70 	96.02 	96.15 	95.21 	95.86 	97.22 	97.46 	98.58 
A,I_IUSE,PC_IND,SE3	: 	: 	77.66 	82.80 	85.23 	89.98 	89.81 	90.10 	86.93 	85.34 	88.23 b	93.71 	88.07 	94.91 	93.36 	94.18 	91.42 	97.12 	96.84 	97.62 
A,I_IUSE,PC_IND,SE31	: 	: 	: 	81.78 	86.04 	90.60 	87.16 	87.09 	83.87 	81.10 	88.47 b	90.58 	84.52 	91.10 	91.78 	95.85 	92.74 	97.67 	96.05 	97.70 
A,I_IUSE,PC_IND,SE32	: 	: 	: 	85.27 	85.15 	86.94 	88.04 	93.23 u	89.00 	88.09 	86.37 b	98.08 u	86.62 u	96.31 u	96.49 	96.08 	86.41 	94.67 	96.51 	97.29 
A,I_IUSE,PC_IND,SE33	: 	: 	: 	82.49 	83.98 	91.10 	95.05 	92.74 	91.44 	90.51 	89.26 b	95.30 	93.62 	98.36 	93.81 	90.30 	93.00 	98.15 	98.16 	97.75 
A,I_IUSE,PC_IND,SI	46.61 	48.83 	52.32 	58.36 	64.99 	64.32 	64.90 	68.59 	68.08 	70.51 	73.49 	76.62 	78.96 	80.96 	85.37 	87.57 	87.73 	89.41 	89.65 	90.69 
A,I_IUSE,PC_IND,SI0	: 	: 	52.32 	58.36 	64.99 	64.32 	64.90 	68.59 	68.08 	70.51 	73.49 	76.62 	78.96 	80.96 	85.37 	87.57 	87.73 	89.41 	89.65 	90.69 
A,I_IUSE,PC_IND,SI01	: 	: 	: 	: 	: 	: 	: 	: 	63.96 	: 	: 	: 	: 	: 	: 	: 	: 	: 	: 	: 
A,I_IUSE,PC_IND,SI02	: 	: 	: 	: 	: 	: 	: 	: 	72.71 	: 	: 	: 	: 	: 	: 	: 	: 	: 	: 	: 
A,I_IUSE,PC_IND,SI03	: 	: 	: 	: 	: 	: 	: 	: 	: 	65.69 	69.39 	73.27 	75.96 	77.45 	83.08 	83.83 	85.44 	86.72 	86.81 	88.52 
A,I_IUSE,PC_IND,SI04	: 	: 	: 	: 	: 	: 	: 	: 	: 	76.04 	78.22 	80.46 	82.36 	84.91 	87.94 	91.72 	90.27 	92.39 	92.81 	93.09 
A,I_IUSE,PC_IND,SK	43.07 	51.03 	62.12 	65.92 	72.81 	71.61 	74.28 	74.42 	76.47 	74.18 	78.20 	79.35 	78.45 	81.97 	88.17 	87.15 	87.67 	86.06 	88.87 	91.47 
A,I_IUSE,PC_IND,SK0	: 	: 	: 	65.92 	72.81 	71.61 	74.28 	74.42 	76.47 	74.18 	78.20 	79.35 	78.45 	81.97 	88.17 	87.15 	87.67 	86.06 	88.87 	91.47 
A,I_IUSE,PC_IND,SK01	48.33 	62.38 	64.90 	71.84 	75.41 	76.56 	80.35 	83.10 	82.48 	79.26 	77.26 	78.99 	78.85 	80.46 	91.24 	94.00 	92.99 	90.65 	91.07 	96.47 
A,I_IUSE,PC_IND,SK02	41.94 	51.20 	63.53 	66.61 	71.70 	70.89 	73.18 	72.78 	74.25 	72.69 	78.38 	79.06 	80.73 	84.03 	88.21 	86.88 	86.90 	83.27 	88.67 	89.94 
A,I_IUSE,PC_IND,SK03	43.28 	47.25 	62.89 	64.45 	70.85 	70.34 	68.55 	70.47 	74.55 	72.46 	76.06 	77.77 	77.15 	79.91 	88.86 	87.23 	86.23 	85.97 	90.26 	92.23 
A,I_IUSE,PC_IND,SK04	42.13 	49.48 	58.52 	63.90 	74.81 	71.44 	78.31 	76.54 	78.40 	75.41 	80.19 	81.19 	76.73 	81.92 	86.29 	84.56 	87.36 	87.31 	86.90 	90.29 
A,I_IUSE,PC_IND,TR	: 	23.17 	28.47 	29.99 	33.26 	: 	37.79 	39.52 	44.87 	48.32 	55.40 	60.68 	69.10 	72.72 	76.47 	80.54 	82.74 	85.19 	86.72 	89.18 
A,I_IUSE,PC_IND,TR1	: 	: 	: 	: 	: 	: 	50.28 	52.32 	56.14 	60.95 	67.35 	73.91 	80.37 	85.20 	86.95 	89.63 	91.80 	92.36 	94.21 	96.04 
A,I_IUSE,PC_IND,TR2	: 	: 	: 	: 	: 	: 	34.21 	43.31 	43.55 	51.32 	52.76 	58.32 	66.52 	69.62 	75.90 	76.19 	82.16 	84.34 	85.08 	87.18 
A,I_IUSE,PC_IND,TR3	: 	: 	: 	: 	: 	: 	41.23 	39.48 	47.25 	50.61 	54.34 	60.06 	69.84 	73.68 	78.08 	80.39 	80.94 	86.92 	86.79 	87.86 
A,I_IUSE,PC_IND,TR4	: 	: 	: 	: 	: 	: 	43.81 	45.54 	49.50 	52.42 	58.26 	62.54 	72.80 	75.87 	81.01 	83.32 	85.80 	86.68 	89.76 	92.33 
A,I_IUSE,PC_IND,TR5	: 	: 	: 	: 	: 	: 	47.34 	49.90 	48.82 	53.30 	62.07 	70.09 	76.83 	80.72 	83.05 	86.02 	86.77 	87.26 	89.00 	89.88 
A,I_IUSE,PC_IND,TR6	: 	: 	: 	: 	: 	: 	32.16 	33.85 	44.26 	44.54 	54.57 	60.96 	68.36 	71.34 	75.32 	78.32 	82.32 	83.72 	86.53 	88.30 
A,I_IUSE,PC_IND,TR7	: 	: 	: 	: 	: 	: 	32.04 	35.59 	39.97 	44.17 	53.22 	59.68 	65.74 	74.01 	75.78 	78.26 	82.17 	83.49 	83.20 	88.18 
A,I_IUSE,PC_IND,TR8	: 	: 	: 	: 	: 	: 	29.27 	31.10 	37.10 	40.97 	49.40 	54.72 	62.05 	66.47 	67.99 	74.26 	79.35 	79.24 	82.41 	85.90 
A,I_IUSE,PC_IND,TR9	: 	: 	: 	: 	: 	: 	24.62 	31.63 	41.70 	45.84 	47.70 	55.91 	64.87 	63.61 	69.68 	78.39 	78.41 	80.08 	80.49 	84.24 
A,I_IUSE,PC_IND,TRA	: 	: 	: 	: 	: 	: 	22.90 	24.20 	28.96 	22.65 	42.27 	41.60 	46.52 	58.54 	62.57 	63.68 	64.62 	73.57 	73.26 	83.85 
A,I_IUSE,PC_IND,TRB	: 	: 	: 	: 	: 	: 	25.08 	22.56 	29.28 	32.66 	38.59 	43.76 	53.82 	59.29 	63.21 	69.64 	72.73 	76.35 	75.98 	77.89 
A,I_IUSE,PC_IND,TRC	: 	: 	: 	: 	: 	: 	24.09 	25.14 	30.29 	34.57 	42.57 	40.29 	53.48 	53.12 	59.46 	73.18 	72.38 	79.28 	80.92 	85.47 
A,I_IUSE,PC_IND,UK	56.79 	65.13 	69.84 	76.31 	79.51 	80.75 	84.32 	86.52 	89.48 	89.62 	92.92 	92.72 	93.79 	94.64 	96.33 	: 	: 	: 	: 	: 
A,I_IUSE,PC_IND,UKC	52.18 	58.95 	56.15 	80.35 	69.21 	69.21 	76.49 	84.07 	88.92 	74.05 	86.46 	89.57 	89.25 	96.24 	91.21 	: 	: 	: 	: 	: 
A,I_IUSE,PC_IND,UKD	48.84 	65.22 	62.15 	69.31 	79.29 	80.95 	81.70 	81.35 	85.27 	81.81 	92.00 	93.12 	93.51 	94.42 	95.52 	: 	: 	: 	: 	: 
A,I_IUSE,PC_IND,UKE	52.31 	57.10 	64.88 	76.77 	74.70 	75.97 	86.81 	82.88 	87.99 	91.02 	91.57 	90.55 	90.15 	95.26 	96.26 	: 	: 	: 	: 	: 
A,I_IUSE,PC_IND,UKF	53.67 	68.08 	67.79 	76.34 	80.86 	79.63 	86.06 	87.07 	87.36 	93.97 	91.59 	90.29 	96.63 	88.46 	92.15 	: 	: 	: 	: 	: 
A,I_IUSE,PC_IND,UKG	60.02 	58.81 	66.72 	71.88 	76.04 	79.86 	78.54 	85.13 	91.44 	80.94 	89.89 	93.06 	93.29 	93.85 	95.32 	: 	: 	: 	: 	: 
A,I_IUSE,PC_IND,UKH	64.40 	64.32 	71.77 	78.05 	85.46 	78.86 	84.46 	88.42 	91.73 	93.68 	92.72 	93.18 	91.33 	96.03 	97.03 	: 	: 	: 	: 	: 
A,I_IUSE,PC_IND,UKI	65.05 	70.23 	77.61 	80.53 	85.63 	85.13 	87.59 	93.23 	94.26 	90.23 	95.34 	94.03 	95.25 	96.41 	99.66 	: 	: 	: 	: 	: 
A,I_IUSE,PC_IND,UKJ	61.33 	68.82 	79.68 	81.85 	83.17 	85.98 	87.70 	90.35 	92.09 	95.10 	96.97 	94.46 	95.31 	96.83 	97.19 	: 	: 	: 	: 	: 
A,I_IUSE,PC_IND,UKK	61.64 	68.64 	71.80 	79.74 	79.88 	85.74 	89.29 	91.31 	86.91 	89.48 	95.55 	94.90 	97.08 	95.88 	95.65 	: 	: 	: 	: 	: 
A,I_IUSE,PC_IND,UKL	49.05 	67.50 	65.68 	68.81 	78.99 	73.49 	81.42 	79.31 	87.95 	83.69 	87.26 	89.46 	96.83 	90.24 	95.59 	: 	: 	: 	: 	: 
A,I_IUSE,PC_IND,UKM	46.36 	65.47 	69.63 	71.42 	70.66 	79.04 	79.57 	82.08 	87.35 	92.77 	94.42 	93.47 	92.20 	93.61 	98.29 	: 	: 	: 	: 	: 
A,I_IUSE,PC_IND,UKN	52.48 	55.50 	61.20 	: u	79.11 	: 	: 	81.34 	84.81 	89.58 	89.50 	88.11 	90.72 	92.16 	: 	: 	: 	: 	: 	: 
A,I_IUSE,PC_IND,XK	: 	: 	: 	: 	: 	: 	: 	: 	: 	: 	: 	82.21 	86.44 	90.35 	95.04 	: 	: 	: 	97.42 	98.37 
A,I_IUSE,PC_IND_IU3,AL	: 	: 	: 	: 	: 	: 	: 	: 	: 	: 	: 	: 	98.49 	98.56 	98.92 	99.39 	99.79 	99.95 	99.94 	99.91 
A,I_IUSE,PC_IND_IU3,AT	89.96 	91.15 	92.08 	93.29 	94.24 	96.02 	94.59 	95.16 	95.44 	96.06 	97.02 	96.50 	97.55 	98.21 	98.16 	96.53 	96.63 	96.49 	96.88 	96.58 
A,I_IUSE,PC_IND_IU3,AT1	: 	: 	: 	: 	: 	96.31 	94.15 	97.00 	96.19 	97.09 	97.19 	96.67 	97.79 	98.68 	98.31 	97.56 	97.53 	96.88 	97.51 	96.54 
A,I_IUSE,PC_IND_IU3,AT11	: 	: 	: 	: 	: 	95.54 	94.24 	94.91 	93.79 	: 	94.91 	96.33 	96.09 	97.49 	97.83 	96.16 	94.76 	94.56 	96.16 	96.50 
A,I_IUSE,PC_IND_IU3,AT12	: 	: 	: 	: 	: 	93.93 	94.78 	96.27 	96.53 	: 	96.27 	97.38 	97.60 	99.17 	98.66 	98.46 	97.71 	97.38 	97.59 	97.20 
A,I_IUSE,PC_IND_IU3,AT13	: 	: 	: 	: 	: 	98.47 	93.60 	97.93 	96.28 	: 	98.29 	96.15 	98.19 	98.42 	98.10 	96.99 	97.77 	96.82 	97.64 	96.02 
A,I_IUSE,PC_IND_IU3,AT2	: 	: 	: 	: 	: 	95.85 	94.33 	92.38 	92.92 	94.21 	95.44 	95.36 	96.83 	98.03 	97.77 	94.30 	96.57 	95.41 	94.75 	96.22 
A,I_IUSE,PC_IND_IU3,AT21	: 	: 	: 	: 	: 	95.25 	93.52 	92.99 	93.72 	: 	94.56 	94.06 	97.85 	97.44 	96.94 	95.10 	96.13 	94.88 	96.49 	94.98 
A,I_IUSE,PC_IND_IU3,AT22	: 	: 	: 	: 	: 	96.13 	94.69 	92.12 	92.56 	: 	95.86 	95.92 	96.38 	98.30 	98.14 	93.95 	96.77 	95.64 	93.96 	96.75 
A,I_IUSE,PC_IND_IU3,AT3	: 	: 	: 	: 	: 	95.75 	95.27 	94.58 	95.91 	95.80 	97.65 	96.93 	97.66 	97.74 	98.19 	96.47 	95.56 	96.61 	97.30 	96.83 
A,I_IUSE,PC_IND_IU3,AT31	: 	: 	: 	: 	: 	96.11 	95.25 	94.87 	95.33 	: 	98.31 	96.70 	97.23 	97.70 	97.59 	95.66 	93.77 	96.38 	98.02 	97.28 
A,I_IUSE,PC_IND_IU3,AT32	: 	: 	: 	: 	: 	95.00 	95.38 	94.03 	96.65 	: 	97.03 	96.53 	97.61 	96.69 	98.23 	97.56 	96.84 	97.86 	96.46 	95.36 
A,I_IUSE,PC_IND_IU3,AT33	: 	: 	: 	: 	: 	94.83 	95.90 	94.21 	95.87 	: 	96.81 	97.10 	98.31 	98.16 	99.24 	96.31 	97.00 	96.26 	96.91 	97.22 
A,I_IUSE,PC_IND_IU3,AT34	: 	: 	: 	: 	: 	97.24 	94.13 	94.96 	97.09 	: 	97.65 	98.00 	98.06 	98.54 	98.26 	98.33 	97.62 	96.33 	96.47 	96.46 
A,I_IUSE,PC_IND_IU3,BA	: 	: 	: 	: 	: 	: 	: 	: 	: 	: 	: 	: 	96.57 	97.96 	98.20 	98.99 	: 	98.90 	99.77 	99.75 
A,I_IUSE,PC_IND_IU3,BE	94.06 	94.68 	95.37 	94.11 	95.98 	95.75 	96.27 	97.46 	97.60 	98.12 	97.08 	97.63 	98.28 	98.51 	98.53 	98.50 	98.97 	98.88 	98.89 	99.13 
A,I_IUSE,PC_IND_IU3,BE1	: 	: 	: 	: 	: 	94.64 	95.19 	96.70 	98.01 	98.12 	95.49 	97.66 	98.16 	98.66 	98.76 	98.65 	99.56 	99.76 	99.01 	99.42 
A,I_IUSE,PC_IND_IU3,BE10	: 	: 	: 	: 	: 	94.64 	95.19 	96.70 	98.01 	98.12 	95.49 	97.66 	98.16 	98.66 	98.76 	98.65 	99.56 	99.76 	99.01 	99.42 
A,I_IUSE,PC_IND_IU3,BE2	: 	: 	: 	: 	: 	96.61 	97.08 	97.68 	97.60 	98.37 	97.99 	97.85 	98.52 	98.85 	98.42 	98.82 	99.10 	99.06 	99.00 	99.32 
A,I_IUSE,PC_IND_IU3,BE21	: 	: 	: 	: 	: 	96.94 	96.81 	96.83 	97.42 	98.80 	98.34 	97.31 	98.69 	98.88 	97.69 	99.24 	99.20 	98.49 	98.82 	99.41 
A,I_IUSE,PC_IND_IU3,BE22	: 	: 	: 	: 	: 	97.33 	98.10 	97.88 	98.36 	98.45 	97.38 	98.87 	96.88 	98.25 	98.39 	98.53 	97.38 	99.24 	99.47 	98.92 
A,I_IUSE,PC_IND_IU3,BE23	: 	: 	: 	: 	: 	96.23 	96.72 	98.07 	97.74 	98.10 	97.94 	97.41 	99.26 	98.93 	98.78 	98.83 	99.54 	99.28 	98.90 	99.64 
A,I_IUSE,PC_IND_IU3,BE24	: 	: 	: 	: 	: 	96.20 	96.96 	98.39 	97.21 	98.05 	97.22 	98.02 	98.17 	99.36 	99.14 	99.21 	99.62 	99.35 	98.78 	99.06 
A,I_IUSE,PC_IND_IU3,BE25	: 	: 	: 	: 	: 	96.40 	97.30 	97.72 	97.51 	98.28 	98.70 	98.34 	98.83 	98.63 	98.39 	97.98 	99.12 	99.29 	99.21 	99.33 
A,I_IUSE,PC_IND_IU3,BE3	: 	: 	: 	: 	: 	94.52 	95.06 	97.27 	97.46 	97.66 	95.92 	97.20 	97.86 	97.82 	98.65 	97.82 	98.54 	98.26 	98.66 	98.69 
A,I_IUSE,PC_IND_IU3,BE31	: 	: 	: 	: 	: 	97.76 	98.29 	97.10 	99.09 	98.89 	96.71 	99.41 	97.68 	99.26 	99.41 	99.52 	99.48 	99.46 	99.75 	99.73 
A,I_IUSE,PC_IND_IU3,BE32	: 	: 	: 	: 	: 	93.83 	95.04 	97.36 	97.36 	98.95 	96.16 	96.47 	97.33 	97.40 	99.25 	96.34 	97.73 	96.91 	98.73 	97.52 
A,I_IUSE,PC_IND_IU3,BE33	: 	: 	: 	: 	: 	95.22 	94.27 	97.42 	96.94 	95.76 	96.30 	96.49 	98.19 	97.76 	98.04 	98.54 	98.97 	98.61 	97.37 	99.35 
A,I_IUSE,PC_IND_IU3,BE34	: 	: 	: 	: 	: 	92.77 	93.36 	94.98 	96.93 	97.46 	95.50 	98.58 	97.12 	98.95 	98.72 	97.92 	98.03 	98.98 	99.67 	99.71 
A,I_IUSE,PC_IND_IU3,BE35	: 	: 	: 	: 	: 	93.15 	94.80 	98.10 	97.78 	97.46 	93.97 	97.97 	99.13 	97.19 	97.67 	98.72 	98.99 	99.49 	99.48 	99.02 
A,I_IUSE,PC_IND_IU3,BG	89.48 	92.39 	94.68 	95.00 	96.05 	96.66 	96.94 	96.58 	96.69 	96.34 	97.29 	97.63 	98.22 	98.37 	98.60 	98.22 	99.81 	99.31 	99.37 	99.64 
A,I_IUSE,PC_IND_IU3,BG3	: 	: 	: 	: 	: 	96.57 	95.93 	95.69 	96.57 	95.68 	98.03 	97.50 	97.79 	98.54 	98.37 	98.59 	99.59 	99.07 	99.26 	99.59 
A,I_IUSE,PC_IND_IU3,BG31	: 	: 	: 	: 	: 	97.95 	94.35 	93.18 	96.41 	95.54 	98.15 	98.46 	97.61 	97.86 	98.35 	98.04 	97.98 	99.63 	98.99 	99.93 
A,I_IUSE,PC_IND_IU3,BG32	: 	: 	: 	: 	: 	96.49 	96.99 	94.50 	95.58 	97.47 	97.90 	97.38 	97.26 	98.70 	98.53 	98.12 	100.00 	97.36 	98.21 	99.44 
A,I_IUSE,PC_IND_IU3,BG33	: 	: 	: 	: 	: 	97.19 	96.01 	96.97 	97.96 	97.31 	98.04 	97.15 	98.87 	99.45 	98.54 	99.01 	100.00 	99.71 	99.63 	99.93 
A,I_IUSE,PC_IND_IU3,BG34	: 	: 	: 	: 	: 	95.21 	95.98 	97.39 	96.23 	92.80 	98.04 	97.25 	97.27 	98.05 	98.08 	98.92 	100.00 	99.41 	99.92 	99.13 
A,I_IUSE,PC_IND_IU3,BG4	: 	: 	: 	: 	: 	96.74 	97.81 	97.33 	96.80 	96.92 	96.62 	97.76 	98.63 	98.21 	98.80 	97.87 	100.00 	99.51 	99.48 	99.68 
A,I_IUSE,PC_IND_IU3,BG41	: 	: 	: 	: 	: 	97.21 	97.75 	97.98 	97.82 	97.32 	96.96 	98.06 	98.94 	98.82 	99.26 	98.97 	100.00 	99.55 	99.44 	99.59 
A,I_IUSE,PC_IND_IU3,BG42	: 	: 	: 	: 	: 	95.73 	97.92 	96.02 	94.85 	96.14 	96.06 	97.23 	98.09 	97.11 	97.95 	96.05 	100.00 	99.45 	99.54 	99.82 
A,I_IUSE,PC_IND_IU3,CH	: 	: 	: 	: 	: 	: 	: 	: 	96.40 	: 	: 	97.35 b	: 	98.50 	: 	98.24 	: 	98.94 	: 	99.01 
A,I_IUSE,PC_IND_IU3,CH0	: 	: 	: 	: 	: 	: 	: 	: 	96.40 	: 	: 	97.35 b	: 	98.50 	: 	98.24 	: 	98.94 	: 	99.01 
A,I_IUSE,PC_IND_IU3,CH01	: 	: 	: 	: 	: 	: 	: 	: 	96.38 	: 	: 	98.02 b	: 	98.04 	: 	96.95 	: 	98.68 	: 	99.20 
A,I_IUSE,PC_IND_IU3,CH02	: 	: 	: 	: 	: 	: 	: 	: 	96.04 	: 	: 	98.55 b	: 	98.82 	: 	98.20 	: 	98.90 	: 	98.90 
A,I_IUSE,PC_IND_IU3,CH03	: 	: 	: 	: 	: 	: 	: 	: 	96.46 	: 	: 	97.44 b	: 	97.85 	: 	99.75 	: 	98.05 	: 	97.88 
A,I_IUSE,PC_IND_IU3,CH04	: 	: 	: 	: 	: 	: 	: 	: 	97.81 	: 	: 	98.05 b	: 	99.30 	: 	98.27 	: 	99.45 	: 	99.83 
A,I_IUSE,PC_IND_IU3,CH05	: 	: 	: 	: 	: 	: 	: 	: 	96.36 	: 	: 	96.42 b	: 	98.37 	: 	98.32 	: 	98.73 	: 	98.90 
A,I_IUSE,PC_IND_IU3,CH06	: 	: 	: 	: 	: 	: 	: 	: 	95.98 	: 	: 	94.16 b	: 	98.44 	: 	99.23 	: 	100.00 	: 	99.26 
A,I_IUSE,PC_IND_IU3,CH07	: 	: 	: 	: 	: 	: 	: 	: 	92.83 	: 	: 	95.42 b	: 	98.29 	: 	96.50 	: 	99.29 	: 	98.84 
A,I_IUSE,PC_IND_IU3,CY	86.25 	90.83 	91.16 	93.28 	95.36 	94.85 	95.20 	94.32 	94.18 	97.10 	97.58 	98.44 	99.09 	99.34 	99.69 	99.87 	99.58 	99.97 	99.82 	99.82 
A,I_IUSE,PC_IND_IU3,CY0	: 	: 	: 	: 	: 	94.85 	95.20 	94.32 	94.18 	97.10 	97.58 	98.44 	99.09 	99.34 	99.69 	99.87 	99.58 	99.97 	99.82 	99.82 
A,I_IUSE,PC_IND_IU3,CY00	: 	: 	: 	: 	: 	94.85 	95.20 	94.32 	94.18 	97.10 	97.58 	98.44 	99.09 	99.34 	99.69 	99.87 	99.58 	99.97 	99.82 	99.82 
A,I_IUSE,PC_IND_IU3,CZ	80.90 	86.10 	86.96 	89.85 	87.87 	89.18 	90.40 	94.83 	94.74 	94.94 	95.66 	95.15 	96.86 b	97.36 	98.20 	98.39 	98.94 	97.68 	98.39 	98.60 
A,I_IUSE,PC_IND_IU3,CZ0	: 	: 	: 	: 	: 	89.18 	90.40 	94.83 	94.74 	94.94 	95.66 	95.15 	96.86 b	97.36 	98.20 	98.39 	98.94 	97.68 	98.39 	98.60 
A,I_IUSE,PC_IND_IU3,CZ01	: 	: 	: 	: 	: 	94.80 	88.81 	97.27 	97.68 	98.13 	97.85 	97.57 	99.03 b	99.27 	99.87 	98.93 	100.00 	99.40 	99.75 	99.89 
A,I_IUSE,PC_IND_IU3,CZ02	: 	: 	: 	: 	: 	90.48 	91.64 	95.81 	94.72 	95.22 	94.63 	95.63 	96.32 b	98.85 	98.34 	98.60 	98.96 	96.68 	98.04 	99.48 
A,I_IUSE,PC_IND_IU3,CZ03	: 	: 	: 	: 	: 	86.75 	90.94 	92.40 	93.23 	94.32 	96.30 	94.65 	96.44 b	97.42 	97.67 	98.04 	98.49 	97.79 	99.01 	98.28 
A,I_IUSE,PC_IND_IU3,CZ04	: 	: 	: 	: 	: 	90.08 	90.25 	92.68 	92.81 	92.97 	93.29 	90.99 	94.43 b	95.73 	98.70 	97.31 	97.71 	97.57 	97.69 	97.33 
A,I_IUSE,PC_IND_IU3,CZ05	: 	: 	: 	: 	: 	91.86 	90.09 	95.07 	94.26 	94.25 	96.67 	93.95 	96.06 b	96.29 	97.77 	98.61 	98.35 	95.64 	97.01 	98.62 
A,I_IUSE,PC_IND_IU3,CZ06	: 	: 	: 	: 	: 	86.68 	91.33 	95.51 	95.43 	94.49 	95.58 	96.24 	97.47 b	97.31 	97.40 	98.16 	99.21 	97.96 	98.16 	99.17 
A,I_IUSE,PC_IND_IU3,CZ07	: 	: 	: 	: 	: 	85.71 	90.15 	94.69 	94.27 	94.34 	94.88 	96.03 	96.74 b	96.66 	98.76 	98.91 	99.63 	98.58 	98.32 	97.60 
A,I_IUSE,PC_IND_IU3,CZ08	: 	: 	: 	: 	: 	86.76 	89.69 	94.04 	94.62 	95.37 	95.41 	95.30 	97.86 b	96.87 	97.53 	98.39 	99.04 	98.24 	99.39 	97.99 
A,I_IUSE,PC_IND_IU3,DE	85.66 	88.17 	89.96 	92.22 	93.37 	94.13 	94.78 	94.83 	95.49 	96.43 	96.60 	96.93 	97.94 	98.12 	98.41 	97.62 b	98.09 	98.38 	98.52 	98.92 
A,I_IUSE,PC_IND_IU3,DE1	: 	: 	: 	: 	: 	94.21 	94.34 	95.40 	94.83 	95.39 	95.99 	96.12 	97.36 	97.50 	97.98 	96.60 b	98.51 	99.11 	99.21 	99.28 
A,I_IUSE,PC_IND_IU3,DE2	: 	: 	: 	: 	: 	94.21 	94.49 	94.51 	95.05 	96.75 	96.58 	96.59 	97.33 	97.96 	98.39 	96.73 b	97.66 	98.03 	97.98 	98.40 
A,I_IUSE,PC_IND_IU3,DE3	: 	: 	: 	: 	: 	94.24 	95.45 	95.03 	96.44 	96.44 	97.17 	97.50 	97.42 	99.27 	98.08 	99.21 b	99.20 	98.62 	97.72 	99.01 
A,I_IUSE,PC_IND_IU3,DE4	: 	: 	: 	: 	: 	89.19 	92.41 	93.69 	93.99 	94.03 	95.26 	94.07 	97.15 	95.62 	95.85 	97.48 b	96.53 	96.93 	97.40 	98.95 
A,I_IUSE,PC_IND_IU3,DE5	: 	: 	: 	: 	: 	98.72 	94.96 	92.49 	97.41 	97.34 	97.07 	92.81 	98.82 	98.30 	97.72 	96.20 b	96.84 	100.00 	100.00 	98.92 
A,I_IUSE,PC_IND_IU3,DE6	: 	: 	: 	: 	: 	97.79 	95.32 	96.82 	97.84 	98.82 	98.56 	97.24 	98.74 	97.84 	99.12 	98.69 b	99.37 	98.50 	99.39 	99.63 
A,I_IUSE,PC_IND_IU3,DE7	: 	: 	: 	: 	: 	92.66 	95.60 	95.05 	95.82 	97.97 	96.92 	98.17 	98.61 	98.54 	99.00 	97.52 b	98.31 	98.74 	98.52 	98.12 
A,I_IUSE,PC_IND_IU3,DE8	: 	: 	: 	: 	: 	93.32 	90.73 	92.70 	92.24 	93.48 	95.33 	96.25 	97.98 	97.95 	99.07 	98.40 b	94.93 	94.82 	97.87 	98.91 
A,I_IUSE,PC_IND_IU3,DE9	: 	: 	: 	: 	: 	93.45 	94.66 	95.16 	96.75 	97.59 	96.57 	97.39 	98.30 	98.63 	98.90 	98.25 b	98.27 	98.10 	98.77 	99.43 
A,I_IUSE,PC_IND_IU3,DEA	: 	: 	: 	: 	: 	95.19 	96.14 	95.29 	95.85 	96.36 	97.24 	98.21 	98.71 	98.66 	98.84 	97.95 b	98.39 	98.27 	98.55 	99.23 
A,I_IUSE,PC_IND_IU3,DEB	: 	: 	: 	: 	: 	93.81 	94.39 	95.55 	95.46 	97.97 	97.50 	98.18 	98.65 	99.02 	98.48 	98.46 b	98.12 	98.68 	98.87 	99.34 
A,I_IUSE,PC_IND_IU3,DEC	: 	: 	: 	: 	: 	96.97 	95.53 	94.26 	94.92 	96.91 	97.26 	96.48 	98.88 	98.61 	98.84 	99.32 b	99.10 	100.00 	98.71 	96.95 
A,I_IUSE,PC_IND_IU3,DED	: 	: 	: 	: 	: 	92.88 	95.01 	94.63 	94.84 	93.92 	94.28 	94.59 	96.09 	96.80 	97.36 	98.37 b	99.06 	98.89 	98.51 	98.29 
A,I_IUSE,PC_IND_IU3,DEE	: 	: 	: 	: 	: 	94.56 	92.18 	92.44 	95.96 	95.70 	96.31 	95.17 	97.35 	97.36 	97.99 	97.29 b	94.97 	98.14 	98.97 	99.13 
A,I_IUSE,PC_IND_IU3,DEF	: 	: 	: 	: 	: 	95.17 	93.54 	93.60 	96.57 	95.77 	97.20 	96.68 	97.92 	97.29 	98.57 	97.36 b	97.41 	99.07 	98.71 	99.12 
A,I_IUSE,PC_IND_IU3,DEG	: 	: 	: 	: 	: 	92.13 	93.76 	92.94 	91.88 	96.08 	95.07 	94.56 	97.91 	97.84 	97.72 	96.55 b	97.82 	97.56 	97.48 	97.95 
A,I_IUSE,PC_IND_IU3,DK	94.42 	93.71 	95.95 	95.94 	97.67 	97.42 	96.37 	95.97 	95.59 	96.76 	97.29 	98.17 	97.56 	98.35 	98.01 	98.35 	98.55 	98.65 	98.87 	98.54 
A,I_IUSE,PC_IND_IU3,DK0	: 	: 	: 	: 	: 	97.42 	96.37 	95.97 	95.59 	96.76 	97.29 	98.17 	97.56 	98.35 	98.01 	98.35 	98.55 	98.65 	98.87 	98.54 
A,I_IUSE,PC_IND_IU3,DK01	: 	: 	: 	: 	: 	98.12 	97.03 	96.65 	96.75 	97.37 	97.73 	98.12 	97.86 	98.91 	98.21 	98.63 	99.06 	98.80 	99.27 	99.40 
A,I_IUSE,PC_IND_IU3,DK02	: 	: 	: 	: 	: 	96.61 	94.91 	95.09 	96.01 	96.88 	96.98 	97.51 	96.67 	97.94 	96.98 	98.03 	98.28 	98.41 	99.28 	96.63 
A,I_IUSE,PC_IND_IU3,DK03	: 	: 	: 	: 	: 	96.96 	95.77 	95.49 	94.02 	97.44 	97.12 	98.72 	97.29 	98.66 	98.54 	98.28 	98.14 	99.07 	98.86 	98.71 
A,I_IUSE,PC_IND_IU3,DK04	: 	: 	: 	: 	: 	97.63 	97.03 	95.79 	95.89 	96.06 	97.11 	98.28 	98.48 	98.22 	98.03 	98.46 	98.34 	99.16 	98.21 	98.51 
A,I_IUSE,PC_IND_IU3,DK05	: 	: 	: 	: 	: 	96.92 	96.29 	96.53 	94.24 	94.91 	97.14 	97.89 	96.46 	96.83 	97.72 	97.85 	98.71 	96.44 	98.51 	98.08 
A,I_IUSE,PC_IND_IU3,EE	91.89 	92.60 	93.34 	94.47 	95.62 	95.78 	95.58 	96.80 	97.07 b	97.07 	97.38 	98.16 	97.78 	98.01 	98.76 	98.65 	98.50 	99.02 	99.06 	98.69 
A,I_IUSE,PC_IND_IU3,EE0	: 	: 	: 	: 	: 	95.78 	95.58 	96.80 	97.07 b	97.07 	97.38 	98.16 	97.78 	98.01 	98.76 	98.65 	98.50 	99.02 	99.06 	98.69 
A,I_IUSE,PC_IND_IU3,EE00	: 	: 	: 	: 	: 	95.78 	95.58 	96.80 	97.07 b	97.07 	97.38 	98.16 	97.78 	98.01 	98.76 	98.65 	98.50 	99.02 	99.06 	98.69 
A,I_IUSE,PC_IND_IU3,EL	78.54 	83.02 	86.34 	89.41 	91.95 	91.75 	91.67 	93.32 	93.39 	94.31 	95.56 	96.24 	96.64 	97.39 	98.01 	98.21 	98.46 	99.09 	99.06 	99.64 
A,I_IUSE,PC_IND_IU3,EL1	: 	: 	: 	: 	: 	91.08 	: 	: 	: 	: 	: 	: 	: 	: 	: 	: 	: 	: 	: 	: 
A,I_IUSE,PC_IND_IU3,EL2	: 	: 	: 	: 	: 	87.91 	: 	: 	: 	: 	: 	: 	: 	: 	: 	: 	: 	: 	: 	: 
A,I_IUSE,PC_IND_IU3,EL3	: 	: 	: 	: 	: 	93.21 	93.77 	93.52 	95.04 	94.79 	96.27 	96.19 	96.75 	96.42 	98.95 	98.87 	98.57 	98.79 	98.98 	99.53 
A,I_IUSE,PC_IND_IU3,EL4	: 	: 	: 	: 	: 	92.56 	84.25 	91.60 	95.31 	91.99 	94.49 	95.26 	96.67 	97.83 	98.36 	97.48 	98.62 	98.72 	99.92 	100.00 
A,I_IUSE,PC_IND_IU3,EL5	: 	: 	: 	: 	: 	: 	94.33 	92.73 	92.51 	95.90 	96.24 	96.80 	97.46 	97.54 	96.83 	98.09 	98.14 	99.48 	99.31 	99.97 
A,I_IUSE,PC_IND_IU3,EL6	: 	: 	: 	: 	: 	: 	86.73 	94.36 	90.56 	92.56 	93.91 	96.08 	95.36 	98.48 	97.69 	97.62 	98.58 	99.29 	98.45 	99.22 
A,I_IUSE,PC_IND_IU3,ES	82.21 	84.88 	86.12 	89.12 	90.82 	91.76 	92.92 	92.01 	93.47 	94.98 	94.90 	94.57 	95.82 	96.68 	97.91 	97.76 	98.36 	98.99 	99.16 	99.07 
A,I_IUSE,PC_IND_IU3,ES1	: 	: 	: 	: 	: 	91.91 	90.99 	93.29 	93.39 	93.90 	94.69 	91.91 	95.52 	95.19 	96.32 	96.61 	97.85 	99.00 	98.45 	98.52 
A,I_IUSE,PC_IND_IU3,ES11	: 	: 	: 	: 	: 	90.86 	89.13 	92.00 	93.13 	93.50 	94.81 	90.88 	94.82 	94.92 	95.50 	96.57 	97.49 	99.15 	98.08 	98.05 
A,I_IUSE,PC_IND_IU3,ES12	: 	: 	: 	: 	: 	93.17 	93.83 	95.85 	93.65 	93.80 	93.82 	93.61 	96.31 	95.42 	97.95 	97.59 	98.25 	98.47 	98.77 	99.36 
A,I_IUSE,PC_IND_IU3,ES13	: 	: 	: 	: 	: 	93.82 	94.35 	94.26 	94.04 	95.79 	95.65 	93.49 	97.23 	95.99 	97.05 	95.06 	98.80 	99.23 	99.53 	99.16 
A,I_IUSE,PC_IND_IU3,ES2	: 	: 	: 	: 	: 	93.06 	93.70 	93.68 	94.76 	95.18 	95.97 	94.97 	95.23 	96.28 	97.36 	97.00 	98.45 	99.20 	98.95 	99.28 
A,I_IUSE,PC_IND_IU3,ES21	: 	: 	: 	: 	: 	93.36 	93.32 	94.42 	95.39 	95.82 	96.33 	95.45 	96.24 	96.33 	97.91 	96.80 	98.76 	99.14 	98.87 	99.04 
A,I_IUSE,PC_IND_IU3,ES22	: 	: 	: 	: 	: 	92.29 	92.83 	91.77 	92.47 	94.70 	96.23 	94.73 	94.74 	96.30 	97.30 	97.47 	98.51 	99.67 	99.26 	99.59 
A,I_IUSE,PC_IND_IU3,ES23	: 	: 	: 	: 	: 	89.98 	92.51 	89.46 	92.63 	95.17 	95.42 	92.45 	94.23 	94.99 	96.97 	96.94 	97.07 	98.69 	99.73 	99.55 
A,I_IUSE,PC_IND_IU3,ES24	: 	: 	: 	: 	: 	93.60 	95.04 	94.27 	95.26 	94.35 	95.39 	94.86 	94.06 	96.47 	96.58 	97.11 	98.23 	99.19 	98.73 	99.44 
A,I_IUSE,PC_IND_IU3,ES3	: 	: 	: 	: 	: 	93.96 	95.51 	93.85 	94.22 	95.96 	95.83 	94.97 	96.27 	97.40 	98.20 	97.93 	98.88 	99.64 	99.38 	99.41 
A,I_IUSE,PC_IND_IU3,ES30	: 	: 	: 	: 	: 	93.96 	95.51 	93.85 	94.22 	95.96 	95.83 	94.97 	96.27 	97.40 	98.20 	97.93 	98.88 	99.64 	99.38 	99.41 
A,I_IUSE,PC_IND_IU3,ES4	: 	: 	: 	: 	: 	90.60 	91.37 	90.36 	91.40 	94.04 	93.77 	94.21 	94.14 	95.56 	97.17 	97.63 	98.63 	98.89 	99.18 	98.69 
A,I_IUSE,PC_IND_IU3,ES41	: 	: 	: 	: 	: 	90.90 	92.50 	90.18 	90.91 	92.94 	92.88 	94.51 	93.45 	95.69 	97.28 	97.11 	98.24 	99.01 	98.93 	98.25 
A,I_IUSE,PC_IND_IU3,ES42	: 	: 	: 	: 	: 	91.91 	91.14 	91.15 	91.01 	94.35 	93.82 	93.52 	94.60 	95.34 	97.41 	97.82 	99.00 	98.80 	99.36 	98.96 
A,I_IUSE,PC_IND_IU3,ES43	: 	: 	: 	: 	: 	87.29 	89.12 	89.32 	93.40 	96.10 	95.70 	94.77 	94.85 	95.67 	96.44 	98.40 	98.77 	98.78 	99.41 	99.11 
A,I_IUSE,PC_IND_IU3,ES5	: 	: 	: 	: 	: 	92.46 	93.74 	92.12 	93.22 	94.95 	94.80 	95.63 	96.74 	97.19 	98.21 	97.95 	98.22 	99.18 	99.23 	99.04 
A,I_IUSE,PC_IND_IU3,ES51	: 	: 	: 	: 	: 	93.32 	94.20 	92.61 	93.29 	95.57 	95.27 	95.40 	96.77 	97.19 	98.21 	97.96 	97.89 	99.11 	99.38 	98.95 
A,I_IUSE,PC_IND_IU3,ES52	: 	: 	: 	: 	: 	90.51 	93.05 	91.17 	92.49 	94.14 	94.32 	95.68 	96.66 	97.55 	98.07 	98.00 	98.47 	99.13 	99.03 	99.00 
A,I_IUSE,PC_IND_IU3,ES53	: 	: 	: 	: 	: 	95.05 	93.35 	92.85 	95.65 	94.19 	93.81 	96.83 	96.83 	95.84 	98.74 	97.74 	99.20 	99.75 	99.06 	99.69 
A,I_IUSE,PC_IND_IU3,ES6	: 	: 	: 	: 	: 	89.32 	91.52 	90.01 	93.97 	95.09 	94.49 	93.62 	95.10 	96.83 	98.52 	98.03 	98.33 	98.26 	99.27 	99.20 
A,I_IUSE,PC_IND_IU3,ES61	: 	: 	: 	: 	: 	88.96 	91.71 	90.11 	94.46 	95.07 	94.30 	93.13 	94.67 	96.65 	98.38 	98.02 	98.24 	98.35 	99.31 	99.26 
A,I_IUSE,PC_IND_IU3,ES62	: 	: 	: 	: 	: 	90.79 	89.92 	88.70 	91.92 	94.81 	95.02 	96.05 	97.55 	98.07 	99.73 	97.96 	98.72 	97.71 	99.06 	98.87 
A,I_IUSE,PC_IND_IU3,ES63	: 	: 	: 	: 	: 	97.52 u	95.70 	97.32 	88.07 	98.29 	100.00 	100.00 	93.17 	92.22 u	97.06 u	100.00 	99.06 	97.32 	98.82 	98.69 
A,I_IUSE,PC_IND_IU3,ES64	: 	: 	: 	: 	: 	91.70 u	97.12 u	97.01 u	87.67 	99.32 	98.63 	93.76 	97.12 	97.42 	93.18 	98.76 	100.00 	100.00 	100.00 	100.00 
A,I_IUSE,PC_IND_IU3,ES7	: 	: 	: 	: 	: 	89.79 	91.03 	91.81 	93.11 	95.52 	95.26 	96.20 	97.52 	96.79 	98.08 	98.59 	97.94 	98.87 	99.20 	99.16 
A,I_IUSE,PC_IND_IU3,ES70	: 	: 	: 	: 	: 	89.79 	91.03 	91.81 	93.11 	95.52 	95.26 	96.20 	97.52 	96.79 	98.08 	98.59 	97.94 	98.87 	99.20 	99.16 
A,I_IUSE,PC_IND_IU3,FI	92.08 	94.56 	94.98 	95.70 	96.32 	96.44 	97.40 	96.98 	97.29 	97.57 	96.92 	98.02 	98.05 	98.04 	98.19 	98.60 	97.49 	97.70 	97.27 	98.79 
A,I_IUSE,PC_IND_IU3,FI1	: 	: 	: 	: 	: 	96.44 	97.40 	96.98 	97.29 	97.57 	96.92 	98.02 	98.05 	98.04 	98.19 	98.60 	97.49 	97.70 	97.27 	98.79 
A,I_IUSE,PC_IND_IU3,FI19	: 	: 	: 	: 	: 	97.30 	97.81 	97.15 	95.99 	97.97 	96.26 	97.47 	97.49 	97.54 	97.80 	98.47 	96.95 	97.37 	97.19 	98.96 
A,I_IUSE,PC_IND_IU3,FI1B	: 	: 	: 	: 	: 	: 	98.14 	97.52 	97.24 	97.88 	97.47 	98.65 	98.44 	98.61 	98.78 	98.45 	98.87 	98.25 	97.60 	98.88 
A,I_IUSE,PC_IND_IU3,FI1C	: 	: 	: 	: 	: 	: 	97.20 	96.63 	98.21 	96.22 	96.44 	97.42 	97.73 	98.08 	98.43 	98.93 	96.77 	96.70 	96.89 	98.48 
A,I_IUSE,PC_IND_IU3,FI1D	: 	: 	: 	: 	: 	95.07 	96.17 	96.44 	97.94 	98.00 	97.35 	98.28 	98.42 	97.72 	97.54 	98.67 	96.82 	98.18 	97.23 	98.75 
A,I_IUSE,PC_IND_IU3,FR	83.93 	89.60 	91.93 	93.93 	95.87 	95.49 	95.82 	95.24 	95.52 	95.63 	95.58 	95.68 	96.75 	96.79 	: 	97.57 	99.19 	99.29 	98.36 	98.38 
A,I_IUSE,PC_IND_IU3,FR1	: 	: 	: 	: 	: 	98.13 	97.15 	96.74 	95.17 	96.81 	96.28 	96.15 	97.54 	97.72 	: 	99.00 	99.45 	99.59 	98.98 	98.51 u
A,I_IUSE,PC_IND_IU3,FR10	: 	: 	: 	: 	: 	: 	: 	: 	95.17 	96.81 	96.28 	96.15 	97.54 	97.72 	: 	99.00 	99.45 	99.59 	98.98 	98.51 u
A,I_IUSE,PC_IND_IU3,FRB	: 	: 	: 	: 	: 	: 	: 	: 	96.38 	94.41 	96.19 	96.70 	94.01 	98.09 	: 	97.72 	98.67 	99.48 	98.36 	98.15 u
A,I_IUSE,PC_IND_IU3,FRB0	: 	: 	: 	: 	: 	: 	: 	: 	96.38 	94.41 	96.19 	96.70 	94.01 	98.09 	: 	97.72 	98.67 	99.48 	98.36 	98.15 u
A,I_IUSE,PC_IND_IU3,FRC	: 	: 	: 	: 	: 	: 	: 	: 	96.78 	98.83 	95.37 	94.14 	96.08 	95.92 	: 	97.72 	97.67 	98.76 	98.78 	98.41 u
A,I_IUSE,PC_IND_IU3,FRC1	: 	: 	: 	: 	: 	: 	: 	: 	95.61 	98.65 	95.01 	95.23 	95.97 	97.97 	: 	97.81 	98.40 	98.65 	98.51 	98.00 u
A,I_IUSE,PC_IND_IU3,FRC2	: 	: 	: 	: 	: 	: 	: 	: 	98.41 	99.06 	95.91 	92.58 	96.23 	92.96 	: 	97.62 	96.74 	98.89 	99.18 	98.99 u
A,I_IUSE,PC_IND_IU3,FRD	: 	: 	: 	: 	: 	: 	: 	: 	95.17 	93.97 	95.52 	94.43 	98.32 	94.82 	: 	96.71 	98.88 	98.39 	98.37 	97.55 u
A,I_IUSE,PC_IND_IU3,FRD1	: 	: 	: 	: 	: 	: 	: 	: 	97.68 	95.95 	96.71 	93.96 	98.43 	94.08 	: 	95.91 	98.70 	97.94 	97.45 	97.14 u
A,I_IUSE,PC_IND_IU3,FRD2	: 	: 	: 	: 	: 	: 	: 	: 	93.57 	92.60 	94.61 	94.79 	98.25 	95.49 	: 	97.29 	99.02 	98.85 	99.06 	97.88 u
A,I_IUSE,PC_IND_IU3,FRE	: 	: 	: 	: 	: 	: 	: 	: 	94.28 	94.77 	93.23 	94.65 	96.53 	95.28 	: 	97.25 	99.42 	99.25 	97.77 	98.02 u
A,I_IUSE,PC_IND_IU3,FRE1	: 	: 	: 	: 	: 	: 	: 	: 	94.57 	95.06 	93.60 	94.97 	97.13 	94.77 	: 	97.72 	99.48 	99.76 	98.01 	98.17 u
A,I_IUSE,PC_IND_IU3,FRE2	: 	: 	: 	: 	: 	: 	: 	: 	93.72 	94.22 	92.54 	94.08 	95.32 	96.23 	: 	96.32 	99.29 	98.07 	97.22 	97.71 u
A,I_IUSE,PC_IND_IU3,FRF	: 	: 	: 	: 	: 	: 	: 	: 	97.73 	95.17 	95.68 	95.82 	94.97 	96.04 	: 	96.73 	98.87 	99.39 	98.71 	98.67 u
A,I_IUSE,PC_IND_IU3,FRF1	: 	: 	: 	: 	: 	: 	: 	: 	97.42 	94.86 	97.80 	95.30 	93.22 	96.40 	: 	96.71 	98.44 	99.59 	98.77 	98.70 u
A,I_IUSE,PC_IND_IU3,FRF2	: 	: 	: 	: 	: 	: 	: 	: 	98.81 	96.52 	95.12 	96.62 	96.26 	94.41 	: 	97.70 	99.45 	99.50 	98.73 	98.23 u
A,I_IUSE,PC_IND_IU3,FRF3	: 	: 	: 	: 	: 	: 	: 	: 	97.40 	94.65 	94.29 	95.85 	95.50 	96.72 	: 	96.26 	98.98 	99.17 	98.65 	98.87 u
A,I_IUSE,PC_IND_IU3,FRG	: 	: 	: 	: 	: 	: 	: 	: 	96.29 	97.63 	96.31 	95.11 	97.13 	96.44 	: 	98.03 	99.67 	99.62 	98.21 	98.89 u
A,I_IUSE,PC_IND_IU3,FRG0	: 	: 	: 	: 	: 	: 	: 	: 	96.29 	97.63 	96.31 	95.11 	97.13 	96.44 	: 	98.03 	99.67 	99.62 	98.21 	98.89 u
A,I_IUSE,PC_IND_IU3,FRH	: 	: 	: 	: 	: 	: 	: 	: 	94.99 	97.53 	96.16 	96.13 	95.73 	97.84 	: 	98.09 	99.27 	98.98 	97.84 	97.63 u
A,I_IUSE,PC_IND_IU3,FRH0	: 	: 	: 	: 	: 	: 	: 	: 	94.99 	97.53 	96.16 	96.13 	95.73 	97.84 	: 	98.09 	99.27 	98.98 	97.84 	97.63 u
A,I_IUSE,PC_IND_IU3,FRI	: 	: 	: 	: 	: 	: 	: 	: 	95.37 	96.11 	95.46 	96.36 	98.02 	96.41 	: 	96.81 	99.06 	99.34 	98.59 	98.95 u
A,I_IUSE,PC_IND_IU3,FRI1	: 	: 	: 	: 	: 	: 	: 	: 	95.71 	95.90 	94.86 	95.99 	97.68 	96.25 	: 	97.21 	98.89 	99.32 	98.86 	99.31 u
A,I_IUSE,PC_IND_IU3,FRI2	: 	: 	: 	: 	: 	: 	: 	: 	99.09 	95.59 	96.00 	98.26 	99.36 	93.92 	: 	96.73 	99.14 	100.00 	97.65 	97.74 u
A,I_IUSE,PC_IND_IU3,FRI3	: 	: 	: 	: 	: 	: 	: 	: 	92.77 	96.79 	96.47 	96.26 	98.04 	97.71 	: 	96.04 	99.33 	99.07 	98.39 	98.79 u
A,I_IUSE,PC_IND_IU3,FRJ	: 	: 	: 	: 	: 	: 	: 	: 	95.85 	94.02 	95.60 	96.39 	97.14 	96.87 	: 	96.97 	99.14 	99.27 	97.90 	98.30 u
A,I_IUSE,PC_IND_IU3,FRJ1	: 	: 	: 	: 	: 	: 	: 	: 	96.50 	92.54 	95.27 	95.01 	96.03 	96.47 	: 	97.45 	99.41 	98.71 	97.12 	98.44 u
A,I_IUSE,PC_IND_IU3,FRJ2	: 	: 	: 	: 	: 	: 	: 	: 	95.20 	95.37 	95.88 	97.74 	98.13 	97.24 	: 	96.48 	98.89 	99.78 	98.58 	98.17 u
A,I_IUSE,PC_IND_IU3,FRK	: 	: 	: 	: 	: 	95.23 	96.44 	94.90 	96.10 	95.72 	97.11 	95.14 	96.80 	97.05 	: 	98.23 	99.36 	99.39 	98.32 	97.70 u
A,I_IUSE,PC_IND_IU3,FRK1	: 	: 	: 	: 	: 	: 	: 	: 	92.38 	95.22 	97.47 	94.79 	96.07 	96.70 	: 	97.74 	98.58 	99.86 	96.29 	96.66 u
A,I_IUSE,PC_IND_IU3,FRK2	: 	: 	: 	: 	: 	: 	: 	: 	96.85 	95.82 	97.03 	95.21 	96.95 	97.11 	: 	98.32 	99.52 	99.30 	98.73 	97.89 u
A,I_IUSE,PC_IND_IU3,FRL	: 	: 	: 	: 	: 	: 	: 	: 	93.87 	92.64 	93.89 	96.67 	97.36 	97.38 	: 	97.20 	99.66 	99.02 	97.77 	99.12 u
A,I_IUSE,PC_IND_IU3,FRL0	: 	: 	: 	: 	: 	: 	: 	: 	93.87 	92.64 	93.89 	96.67 	97.36 	97.38 	: 	97.20 	99.66 	99.02 	97.77 	99.12 u
A,I_IUSE,PC_IND_IU3,FRM	: 	: 	: 	: 	: 	: 	: 	: 	: u	: u	94.31 u	95.00 u	92.65 u	100.00 u	: 	90.51 u	100.00 u	100.00 u	100.00 u	100.00 u
A,I_IUSE,PC_IND_IU3,FRM0	: 	: 	: 	: 	: 	: 	: 	: 	: u	: u	94.31 u	95.00 u	92.65 u	100.00 u	: 	90.51 u	100.00 u	100.00 u	100.00 u	100.00 u
A,I_IUSE,PC_IND_IU3,FRY	: 	: 	: 	: 	: 	: 	: 	: 	: 	95.10 	93.63 	93.86 	93.75 	96.88 	: 	94.35 	98.06 	98.97 	97.89 	98.85 u
A,I_IUSE,PC_IND_IU3,FRY1	: 	: 	: 	: 	: 	: 	: 	: 	: 	97.71 	90.44 	93.55 	88.71 	96.66 	: 	93.56 	96.44 	98.62 	97.21 	99.69 u
A,I_IUSE,PC_IND_IU3,FRY2	: 	: 	: 	: 	: 	: 	: 	: 	: 	90.88 	95.80 	96.24 	94.52 	94.48 	: 	98.71 	96.73 	99.77 	96.61 	98.77 u
A,I_IUSE,PC_IND_IU3,FRY3	: 	: 	: 	: 	: 	: 	: 	: 	: 	85.51 	99.22 	98.78 	99.81 	96.95 	: 	97.55 	99.76 	99.66 	97.33 	99.73 u
A,I_IUSE,PC_IND_IU3,FRY4	: 	: 	: 	: 	: 	: 	: 	: 	: 	97.88 	93.17 	91.72 	93.79 	98.30 	: 	91.88 	98.99 	98.94 	98.77 	98.31 u
A,I_IUSE,PC_IND_IU3,HR	: 	85.43 	90.77 	94.88 	93.22 	95.11 	94.35 	94.95 	95.28 	94.20 	97.28 	96.37 	96.54 	97.52 	99.02 	98.85 	98.27 	98.88 	98.72 	100.00 
A,I_IUSE,PC_IND_IU3,HR0	: 	: 	: 	: 	: 	95.11 	94.35 	94.95 	95.28 	94.20 	97.28 	96.37 	96.54 	97.52 	99.02 	98.85 	98.27 	98.88 	98.72 	100.00 
A,I_IUSE,PC_IND_IU3,HR03	: 	: 	: 	: 	: 	95.76 	97.45 	95.96 	95.74 	95.11 	96.92 	98.17 	97.08 	98.17 	99.53 	98.84 	99.10 	98.70 	99.03 	100.00 
A,I_IUSE,PC_IND_IU3,HR04	: 	: 	: 	: 	: 	94.79 	92.95 	94.48 	95.04 	93.76 	97.45 	95.69 	96.27 	97.17 	98.76 	: 	: 	: 	: 	: 
A,I_IUSE,PC_IND_IU3,HR05	: 	: 	: 	: 	: 	: 	: 	: 	: 	: 	: 	: 	: 	: 	: 	99.75 	98.45 	99.81 	99.71 	100.00 
A,I_IUSE,PC_IND_IU3,HR06	: 	: 	: 	: 	: 	: 	: 	: 	: 	: 	: 	: 	: 	: 	: 	98.86 	99.07 	99.71 	98.02 	100.00 
A,I_IUSE,PC_IND_IU3,HU	92.83 	94.07 	95.03 	96.67 	97.39 	97.44 	97.76 	97.63 	97.90 	98.29 	98.50 	98.54 	98.57 	99.43 	98.96 	98.64 	98.86 	99.10 	99.20 	97.58 
A,I_IUSE,PC_IND_IU3,HU1	: 	: 	: 	: 	: 	98.35 	98.42 	98.53 	98.59 	98.83 	99.03 	98.35 	99.28 	99.35 	99.23 	98.84 	99.44 	99.10 	99.00 	97.95 
A,I_IUSE,PC_IND_IU3,HU10	: 	: 	: 	: 	: 	98.35 	98.42 	98.53 	98.59 	98.83 	99.03 	98.35 	: 	: 	: 	: 	: 	: 	: 	: 
A,I_IUSE,PC_IND_IU3,HU11	: 	: 	: 	: 	: 	: 	: 	: 	: 	: 	: 	: 	99.63 	99.72 	99.31 	98.97 	100.00 	99.52 	99.03 	97.82 
A,I_IUSE,PC_IND_IU3,HU12	: 	: 	: 	: 	: 	: 	: 	: 	: 	: 	: 	: 	98.75 	98.83 	99.11 	98.67 	98.71 	98.56 	98.96 	98.13 
A,I_IUSE,PC_IND_IU3,HU2	: 	: 	: 	: 	: 	96.70 	96.76 	97.32 	97.61 	98.02 	98.25 	98.38 	97.47 	99.38 	99.20 	98.35 	98.83 	99.50 	99.42 	97.69 
A,I_IUSE,PC_IND_IU3,HU21	: 	: 	: 	: 	: 	96.86 	97.04 	97.45 	97.31 	98.25 	98.01 	98.95 	97.95 	99.23 	99.30 	98.09 	98.80 	99.27 	99.63 	97.76 
A,I_IUSE,PC_IND_IU3,HU22	: 	: 	: 	: 	: 	96.84 	96.18 	97.24 	98.63 	98.78 	99.16 	99.12 	97.13 	99.84 	99.63 	98.45 	98.08 	99.66 	99.30 	97.22 
A,I_IUSE,PC_IND_IU3,HU23	: 	: 	: 	: 	: 	96.33 	97.07 	97.24 	96.84 	96.90 	97.51 	96.83 	97.22 	99.07 	98.58 	98.55 	99.75 	99.59 	99.29 	98.16 
A,I_IUSE,PC_IND_IU3,HU3	: 	: 	: 	: 	: 	97.22 	97.98 	97.07 	97.53 	98.02 	98.23 	98.87 	98.85 	99.54 	98.52 	98.69 	98.37 	98.77 	99.19 	97.17 
A,I_IUSE,PC_IND_IU3,HU31	: 	: 	: 	: 	: 	96.66 	98.02 	97.24 	96.69 	97.59 	98.94 	98.53 	97.83 	99.45 	98.95 	99.22 	98.58 	98.88 	98.87 	97.85 
A,I_IUSE,PC_IND_IU3,HU32	: 	: 	: 	: 	: 	97.16 	97.75 	96.94 	97.36 	98.18 	97.80 	99.25 	99.36 	99.73 	98.34 	97.92 	98.21 	98.50 	99.25 	96.50 
A,I_IUSE,PC_IND_IU3,HU33	: 	: 	: 	: 	: 	97.81 	98.19 	97.07 	98.49 	98.25 	98.09 	98.74 	99.17 	99.41 	98.37 	99.12 	98.37 	98.99 	99.39 	97.32 
A,I_IUSE,PC_IND_IU3,IE	85.62 	88.52 	91.52 	92.05 	94.11 	95.36 	95.73 	95.65 	95.76 	96.83 	96.43 	97.03 	97.15 	97.70 	98.13 	99.03 b	99.59 	99.89 	99.96 	99.92 
A,I_IUSE,PC_IND_IU3,IE0	: 	: 	: 	: 	: 	95.36 	95.73 	95.65 	95.76 	96.83 	96.43 	97.03 	97.15 	97.70 	98.13 	99.03 b	99.59 	99.89 	99.96 	99.92 
A,I_IUSE,PC_IND_IU3,IE01	: 	: 	: 	: 	: 	93.94 	95.10 	94.36 	94.82 	95.30 	95.53 	95.43 	: 	: 	: 	: 	: 	: 	: 	: 
A,I_IUSE,PC_IND_IU3,IE02	: 	: 	: 	: 	: 	95.83 	95.94 	96.08 	96.07 	97.33 	96.71 	97.53 	: 	: 	: 	: 	: 	: 	: 	: 
A,I_IUSE,PC_IND_IU3,IE04	: 	: 	: 	: 	: 	: 	: 	: 	: 	: 	: 	: 	96.60 	96.51 	97.02 	100.00 b	100.00 	100.00 	99.92 	99.81 
A,I_IUSE,PC_IND_IU3,IE05	: 	: 	: 	: 	: 	: 	: 	: 	: 	: 	: 	: 	97.54 	97.66 	98.21 	98.79 b	99.29 	100.00 	99.96 	99.88 
A,I_IUSE,PC_IND_IU3,IE06	: 	: 	: 	: 	: 	: 	: 	: 	: 	: 	: 	: 	97.11 	98.12 	98.47 	98.82 b	99.68 	99.76 	99.99 	99.99 
A,I_IUSE,PC_IND_IU3,IS	95.24 	95.78 	97.28 	97.62 	98.16 	98.66 	98.38 	98.62 	98.64 	: 	: 	99.46 	99.57 	99.36 	99.35 	99.38 	: 	: 	: 	: 
A,I_IUSE,PC_IND_IU3,IS0	: 	: 	: 	: 	: 	98.66 	98.38 	98.62 	98.64 	: 	: 	99.46 	99.57 	99.36 	99.35 	99.38 	: 	: 	: 	: 
A,I_IUSE,PC_IND_IU3,IS00	: 	: 	: 	: 	: 	: 	: 	: 	: 	: 	: 	99.46 	99.57 	99.36 	99.35 	99.38 	: 	: 	: 	: 
A,I_IUSE,PC_IND_IU3,IT	85.30 	87.60 	88.66 	90.94 	92.67 	93.19 	94.24 	95.81 	95.95 	96.68 	97.14 	97.23 	97.60 	97.78 	98.05 	98.19 	97.50 	98.31 	98.69 	98.69 
A,I_IUSE,PC_IND_IU3,ITC	: 	: 	: 	: 	: 	93.39 	94.39 	95.83 	96.12 	96.44 	97.66 	96.55 	97.50 	98.27 	97.67 	98.39 	97.68 	98.56 	98.72 	98.64 
A,I_IUSE,PC_IND_IU3,ITC1	: 	: 	: 	: 	: 	92.01 	93.47 	96.09 	96.21 	96.40 	96.93 	96.46 	97.80 	97.62 	98.10 	98.50 	97.08 	98.53 	98.37 	98.31 
A,I_IUSE,PC_IND_IU3,ITC2	: 	: 	: 	: 	: 	93.50 	94.08 	94.73 	95.50 	96.48 	96.06 	95.07 	97.69 	98.57 	97.27 	97.92 	97.32 	98.69 	98.01 	99.30 
A,I_IUSE,PC_IND_IU3,ITC3	: 	: 	: 	: 	: 	93.76 	94.90 	95.97 	97.12 	97.47 	98.01 	96.96 	97.56 	97.67 	97.68 	98.71 	97.27 	98.62 	98.40 	99.06 
A,I_IUSE,PC_IND_IU3,ITC4	: 	: 	: 	: 	: 	93.92 	94.69 	95.72 	95.94 	96.31 	97.92 	96.54 	97.36 	98.62 	97.50 	98.30 	97.99 	98.57 	98.92 	98.71 
A,I_IUSE,PC_IND_IU3,ITF	: 	: 	: 	: 	: 	93.51 	94.03 	96.02 	96.00 	96.81 	96.95 	96.90 	97.72 	97.10 	97.46 	98.00 	96.10 	98.17 	98.73 	98.75 
A,I_IUSE,PC_IND_IU3,ITF1	: 	: 	: 	: 	: 	95.37 	92.24 	95.26 	94.74 	96.47 	97.47 	95.85 	97.39 	95.91 	97.77 	98.01 	97.66 	98.41 	98.54 	98.80 
A,I_IUSE,PC_IND_IU3,ITF2	: 	: 	: 	: 	: 	93.98 	92.05 	94.67 	94.93 	95.91 	96.97 	97.46 	97.83 	96.46 	97.65 	98.34 	97.65 	98.40 	98.71 	98.44 
A,I_IUSE,PC_IND_IU3,ITF3	: 	: 	: 	: 	: 	94.49 	93.87 	96.30 	96.28 	97.07 	97.47 	97.81 	97.60 	97.48 	97.77 	97.85 	95.92 	98.24 	98.59 	98.76 
A,I_IUSE,PC_IND_IU3,ITF4	: 	: 	: 	: 	: 	91.46 	94.78 	95.75 	96.65 	97.02 	96.38 	95.95 	98.06 	97.58 	96.72 	98.06 	96.06 	98.39 	98.85 	98.95 
A,I_IUSE,PC_IND_IU3,ITF5	: 	: 	: 	: 	: 	91.02 	93.37 	95.34 	94.93 	96.19 	97.09 	95.85 	97.07 	97.28 	98.49 	97.75 	96.34 	97.97 	99.37 	98.85 
A,I_IUSE,PC_IND_IU3,ITF6	: 	: 	: 	: 	: 	93.63 	94.92 	96.91 	95.29 	96.20 	96.13 	97.13 	97.78 	95.92 	97.47 	98.36 	95.21 	97.30 	98.83 	98.23 
A,I_IUSE,PC_IND_IU3,ITG	: 	: 	: 	: 	: 	91.21 	93.89 	94.40 	95.50 	96.44 	95.86 	97.28 	97.66 	97.86 	98.06 	97.70 	97.40 	97.71 	97.70 	98.62 
A,I_IUSE,PC_IND_IU3,ITG1	: 	: 	: 	: 	: 	91.06 	94.07 	94.45 	95.28 	96.62 	95.70 	97.40 	97.72 	97.90 	97.99 	97.50 	97.55 	97.91 	97.57 	98.51 
A,I_IUSE,PC_IND_IU3,ITG2	: 	: 	: 	: 	: 	91.56 	93.47 	94.27 	96.04 	96.01 	96.28 	96.99 	97.53 	97.74 	98.26 	98.25 	96.97 	97.16 	98.07 	98.94 
A,I_IUSE,PC_IND_IU3,ITH	: 	: 	: 	: 	: 	92.32 	94.00 	95.60 	95.32 	96.65 	97.27 	97.79 	97.54 	97.93 	98.41 	98.07 	98.14 	98.22 	98.62 	98.47 
A,I_IUSE,PC_IND_IU3,ITH1	: 	: 	: 	: 	: 	91.69 	91.00 	94.07 	95.45 	96.77 	96.31 	97.98 	98.44 	96.80 	98.71 	96.90 	97.73 	98.59 	98.21 	99.03 
A,I_IUSE,PC_IND_IU3,ITH2	: 	: 	: 	: 	: 	93.76 	92.62 	95.30 	95.35 	96.02 	95.82 	97.62 	95.98 	97.76 	97.77 	98.58 	98.10 	98.16 	98.67 	98.96 
A,I_IUSE,PC_IND_IU3,ITH3	: 	: 	: 	: 	: 	92.27 	94.24 	94.86 	94.39 	96.92 	96.93 	98.26 	97.58 	97.52 	98.12 	98.17 	98.15 	98.07 	98.93 	98.25 
A,I_IUSE,PC_IND_IU3,ITH4	: 	: 	: 	: 	: 	93.04 	95.22 	96.02 	96.40 	96.95 	97.82 	96.01 	96.72 	97.86 	98.07 	98.09 	97.85 	98.37 	98.46 	98.85 
A,I_IUSE,PC_IND_IU3,ITH5	: 	: 	: 	: 	: 	: 	93.94 	96.50 	96.01 	96.33 	97.79 	97.77 	97.79 	98.55 	98.85 	98.04 	98.26 	98.30 	98.36 	98.48 
A,I_IUSE,PC_IND_IU3,ITI	: 	: 	: 	: 	: 	94.39 	94.60 	96.46 	96.48 	97.02 	97.06 	97.93 	97.62 	97.62 	98.79 	98.49 	98.12 	98.49 	99.16 	98.94 
A,I_IUSE,PC_IND_IU3,ITI1	: 	: 	: 	: 	: 	93.99 	93.97 	96.79 	96.84 	98.00 	96.74 	96.90 	97.38 	97.93 	98.99 	98.38 	98.36 	98.60 	99.07 	99.08 
A,I_IUSE,PC_IND_IU3,ITI2	: 	: 	: 	: 	: 	93.72 	95.64 	94.31 	96.04 	95.80 	96.51 	97.14 	96.34 	96.59 	98.18 	98.85 	98.43 	98.54 	99.32 	98.81 
A,I_IUSE,PC_IND_IU3,ITI3	: 	: 	: 	: 	: 	: 	94.38 	97.40 	96.70 	96.30 	97.07 	97.85 	97.40 	98.05 	97.98 	98.42 	97.45 	97.89 	98.98 	98.90 
A,I_IUSE,PC_IND_IU3,ITI4	: 	: 	: 	: 	: 	95.12 	94.91 	96.32 	96.25 	96.76 	97.34 	98.69 	98.02 	97.45 	98.96 	98.52 	98.08 	98.56 	99.24 	98.89 
A,I_IUSE,PC_IND_IU3,LT	89.77 	92.55 	93.96 	95.10 	95.13 	95.88 	96.10 	95.36 	95.50 	96.68 	96.57 	96.84 	97.96 	98.91 	98.79 	98.44 	98.94 	98.97 	99.48 	99.16 
A,I_IUSE,PC_IND_IU3,LT0	: 	: 	: 	: 	: 	95.88 	96.10 	95.36 	95.50 	96.68 	96.57 	96.84 	97.96 	98.91 	98.79 	98.44 	98.94 	98.97 	99.48 	99.16 
A,I_IUSE,PC_IND_IU3,LT00	: 	: 	: 	: 	: 	95.88 	96.10 	95.36 	95.50 	96.68 	96.57 	96.84 	: 	: 	: 	: 	: 	: 	: 	: 
A,I_IUSE,PC_IND_IU3,LT01	: 	: 	: 	: 	: 	: 	: 	: 	: 	: 	: 	: 	98.18 	99.38 	99.20 	98.52 	99.47 	99.14 	99.55 	99.13 
A,I_IUSE,PC_IND_IU3,LT02	: 	: 	: 	: 	: 	: 	: 	: 	: 	: 	: 	: 	97.87 	98.71 	98.61 	98.41 	98.72 	98.89 	99.45 	99.18 
A,I_IUSE,PC_IND_IU3,LU	91.84 	92.13 	95.61 	96.42 	96.09 	95.97 	98.07 	99.01 	98.54 	99.40 	99.07 	99.01 	95.74 b	96.03 	97.88 	98.63 	96.94 	97.50 	97.38 	97.73 
A,I_IUSE,PC_IND_IU3,LU0	: 	: 	: 	: 	: 	95.97 	98.07 	99.01 	98.54 	99.40 	99.07 	99.01 	95.74 b	96.03 	97.88 	98.63 	96.94 	97.50 	97.38 	97.73 
A,I_IUSE,PC_IND_IU3,LU00	: 	: 	: 	: 	: 	95.97 	98.07 	99.01 	98.54 	99.40 	99.07 	99.01 	95.74 b	96.03 	97.88 	98.63 	96.94 	97.50 	97.38 	97.73 
A,I_IUSE,PC_IND_IU3,LV	91.25 	94.06 	94.09 	94.91 	94.24 	94.86 	96.15 	94.70 	94.62 	94.60 	96.46 b	96.50 	97.12 	97.20 	97.73 	98.35 	98.85 	99.10 	99.06 	99.19 
A,I_IUSE,PC_IND_IU3,LV0	: 	: 	: 	: 	: 	94.86 	96.15 	94.70 	94.62 	94.60 	96.46 b	96.50 	97.12 	97.20 	97.73 	98.35 	98.85 	99.10 	99.06 	99.19 
A,I_IUSE,PC_IND_IU3,LV00	: 	: 	: 	: 	: 	94.86 	96.15 	94.70 	94.62 	94.60 	96.46 b	96.50 	97.12 	97.20 	97.73 	98.35 	98.85 	99.10 	99.06 	99.19 
A,I_IUSE,PC_IND_IU3,ME	: 	: 	: 	: 	: 	: 	96.81 	: 	: 	: 	: 	96.80 	98.57 	98.56 	98.73 	98.24 	99.62 	99.89 	99.97 	99.89 
A,I_IUSE,PC_IND_IU3,ME0	: 	: 	: 	: 	: 	: 	: 	: 	: 	: 	: 	: 	: 	: 	: 	: 	: 	99.89 	99.97 	99.89 
A,I_IUSE,PC_IND_IU3,MK	83.68 	: 	93.22 	93.93 	95.42 	: 	93.47 	95.58 	94.94 	97.83 	97.06 	98.01 	98.15 	98.90 	98.45 	98.97 	: 	: 	99.66 	99.17 
A,I_IUSE,PC_IND_IU3,MK0	: 	: 	: 	: 	: 	: 	93.47 	95.58 	94.94 	97.83 	97.06 	98.01 	98.15 	98.90 	98.45 	98.97 	: 	: 	99.66 	99.17 
A,I_IUSE,PC_IND_IU3,MK00	: 	: 	: 	: 	: 	: 	93.47 	95.58 	94.94 	97.83 	97.06 	98.01 	98.15 	98.90 	98.45 	: 	: 	: 	: 	: 
A,I_IUSE,PC_IND_IU3,MT	94.13 	94.27 	94.68 	95.81 	96.43 	96.63 	96.12 	96.11 	95.96 	97.72 	98.26 	98.87 	98.54 	99.21 	99.50 	99.25 	99.45 	99.42 	99.53 	99.90 
A,I_IUSE,PC_IND_IU3,MT0	: 	: 	: 	: 	: 	96.63 	96.12 	96.11 	95.96 	97.72 	98.26 	98.87 	98.54 	99.21 	99.50 	99.25 	99.45 	99.42 	99.53 	99.90 
A,I_IUSE,PC_IND_IU3,MT00	: 	: 	: 	: 	: 	96.63 	96.12 	96.11 	95.96 	97.72 	98.26 	98.87 	98.54 	99.21 	99.50 	99.25 	99.45 	99.42 	99.53 	99.90 
A,I_IUSE,PC_IND_IU3,NL	94.35 	95.98 	95.92 	97.16 	97.86 	97.92 	97.85 	98.32 	98.03 	98.28 	98.65 	98.98 	99.13 	99.29 	99.13 	99.34 	99.64 	99.76 	99.70 	99.73 
A,I_IUSE,PC_IND_IU3,NL1	: 	: 	: 	: 	: 	97.80 	97.18 	99.32 	98.49 	98.31 	98.81 	99.16 	98.43 	99.49 	99.64 	98.61 	99.83 	99.87 	99.72 	100.00 
A,I_IUSE,PC_IND_IU3,NL11	: 	: 	: 	: 	: 	98.19 	96.52 	99.74 	99.30 	98.73 	98.83 	98.73 	99.28 	99.32 	99.73 	97.84 	100.00 	100.00 	100.00 	100.00 
A,I_IUSE,PC_IND_IU3,NL12	: 	: 	: 	: 	: 	97.19 	97.41 	99.13 	97.27 	99.49 	98.96 	99.56 	98.71 	99.24 	99.28 	99.41 	99.53 	100.00 	99.25 	100.00 
A,I_IUSE,PC_IND_IU3,NL13	: 	: 	: 	: 	: 	98.08 	97.66 	99.06 	99.14 	96.20 	98.59 	99.19 	96.95 	100.00 	100.00 	98.49 	100.00 	99.52 	100.00 	100.00 
A,I_IUSE,PC_IND_IU3,NL2	: 	: 	: 	: 	: 	97.75 	98.44 	98.24 	97.07 	98.65 	98.71 	98.53 	99.36 	98.60 	99.28 	99.65 	99.28 	99.79 	99.64 	99.69 
A,I_IUSE,PC_IND_IU3,NL21	: 	: 	: 	: 	: 	97.21 	98.25 	98.93 	98.22 	98.22 	98.62 	98.60 	99.21 	98.73 	99.38 	99.15 	98.75 	100.00 	99.65 	99.87 
A,I_IUSE,PC_IND_IU3,NL22	: 	: 	: 	: 	: 	97.87 	98.39 	97.90 	96.58 	98.63 	99.10 	98.18 	99.80 	98.84 	99.46 	99.85 	99.42 	99.63 	99.71 	99.51 
A,I_IUSE,PC_IND_IU3,NL23	: 	: 	: 	: 	: 	98.80 	99.17 	97.94 	96.21 	100.00 	97.02 	100.00 	97.59 	97.07 	98.18 	100.00 	100.00 	100.00 	99.31 	100.00 
A,I_IUSE,PC_IND_IU3,NL3	: 	: 	: 	: 	: 	97.97 	97.60 	98.12 	98.29 	98.42 	98.47 	99.55 	99.40 	99.70 	98.94 	99.49 	99.70 	99.89 	99.76 	99.68 
A,I_IUSE,PC_IND_IU3,NL31	: 	: 	: 	: 	: 	98.67 	98.24 	99.78 	98.03 	98.09 	99.65 	99.75 	98.96 	99.82 	99.62 	98.76 	99.46 	100.00 	: 	: 
A,I_IUSE,PC_IND_IU3,NL32	: 	: 	: 	: 	: 	97.92 	97.68 	98.17 	99.27 	98.77 	98.57 	99.89 	99.46 	99.64 	99.26 	99.67 	99.73 	99.79 	100.00 	99.53 
A,I_IUSE,PC_IND_IU3,NL33	: 	: 	: 	: 	: 	97.93 	97.27 	97.40 	97.54 	98.41 	98.05 	99.27 	99.46 	99.86 	98.51 	99.56 	99.73 	99.91 	: 	: 
A,I_IUSE,PC_IND_IU3,NL34	: 	: 	: 	: 	: 	96.44 	97.99 	98.94 	99.12 	96.99 	97.69 	98.93 	100.00 	98.20 	98.25 	100.00 	100.00 	100.00 	99.28 	100.00 
A,I_IUSE,PC_IND_IU3,NL35	: 	: 	: 	: 	: 	: 	: 	: 	: 	: 	: 	: 	: 	: 	: 	: 	: 	: 	99.79 	99.85 
A,I_IUSE,PC_IND_IU3,NL36	: 	: 	: 	: 	: 	: 	: 	: 	: 	: 	: 	: 	: 	: 	: 	: 	: 	: 	99.60 	99.72 
A,I_IUSE,PC_IND_IU3,NL4	: 	: 	: 	: 	: 	98.04 	98.12 	98.37 	98.17 	97.60 	98.90 	98.05 	98.64 	98.92 	99.17 	99.03 	99.79 	99.40 	99.60 	99.73 
A,I_IUSE,PC_IND_IU3,NL41	: 	: 	: 	: 	: 	97.73 	97.94 	98.15 	98.69 	97.37 	98.82 	98.55 	98.82 	99.19 	99.30 	99.37 	99.70 	99.39 	99.55 	99.62 
A,I_IUSE,PC_IND_IU3,NL42	: 	: 	: 	: 	: 	98.69 	98.51 	98.84 	97.02 	98.09 	99.06 	96.92 	98.23 	98.33 	98.88 	98.23 	100.00 	99.42 	99.73 	100.00 
A,I_IUSE,PC_IND_IU3,NO	94.46 	94.52 	96.53 	96.70 	97.24 	97.45 	98.13 	97.80 	98.35 	98.68 	98.73 	98.87 	99.10 	99.32 	98.61 	98.74 	98.58 	99.11 	99.27 	99.33 
A,I_IUSE,PC_IND_IU3,NO0	: 	: 	: 	: 	: 	97.45 	98.13 	97.80 	98.35 	98.68 	98.73 	98.87 	99.10 	99.32 	98.61 	98.74 	98.58 	99.11 	99.27 	99.33 
A,I_IUSE,PC_IND_IU3,NO01	: 	: 	: 	: 	: 	98.35 	96.68 	98.47 	99.60 	98.18 	98.93 	100.00 	99.67 	100.00 	99.67 	: 	: 	: 	: 	: 
A,I_IUSE,PC_IND_IU3,NO02	: 	: 	: 	: 	: 	94.76 	98.74 	95.38 	95.09 	97.29 	97.83 	95.46 	97.73 	100.00 	100.00 	98.83 	99.47 	100.00 	97.58 	98.71 
A,I_IUSE,PC_IND_IU3,NO03	: 	: 	: 	: 	: 	97.98 	97.46 	96.85 	98.56 	99.12 	98.08 	99.53 	98.07 	99.10 	97.15 	: 	: 	: 	: 	: 
A,I_IUSE,PC_IND_IU3,NO04	: 	: 	: 	: 	: 	95.61 	99.30 	98.16 	98.97 	100.00 	99.39 	97.95 	99.35 	100.00 	98.14 	: 	: 	: 	: 	: 
A,I_IUSE,PC_IND_IU3,NO05	: 	: 	: 	: 	: 	97.25 	98.18 	99.06 	98.42 	99.29 	98.13 	98.97 	99.37 	98.85 	98.38 	: 	: 	: 	: 	: 
A,I_IUSE,PC_IND_IU3,NO06	: 	: 	: 	: 	: 	98.21 	100.00 	96.45 	94.89 	99.00 	100.00 	98.92 	98.87 	98.82 	100.00 	98.70 	97.25 	98.33 	99.47 	99.60 
A,I_IUSE,PC_IND_IU3,NO07	: 	: 	: 	: 	: 	98.07 	98.99 	98.08 	98.46 	97.21 	99.03 	97.93 	100.00 	97.74 	96.95 	98.22 	100.00 	100.00 	99.08 	99.60 
A,I_IUSE,PC_IND_IU3,NO08	: 	: 	: 	: 	: 	: 	: 	: 	: 	: 	: 	: 	: 	: 	: 	99.29 	99.12 	99.05 	99.65 	99.71 
A,I_IUSE,PC_IND_IU3,NO09	: 	: 	: 	: 	: 	: 	: 	: 	: 	: 	: 	: 	: 	: 	: 	98.51 	98.19 	99.06 	99.11 	99.76 
A,I_IUSE,PC_IND_IU3,NO0A	: 	: 	: 	: 	: 	: 	: 	: 	: 	: 	: 	: 	: 	: 	: 	98.19 	97.81 	98.94 	99.20 	98.91 
A,I_IUSE,PC_IND_IU3,PL	85.63 	88.40 	90.29 	92.72 	92.88 	93.38 	94.22 	95.27 	94.60 	95.32 	95.35 	95.62 	96.42 	97.31 	97.81 	97.96 	98.58 	98.73 	98.94 	99.20 
A,I_IUSE,PC_IND_IU3,PL1	: 	: 	: 	: 	: 	94.46 	95.41 	94.67 	95.33 	95.14 	95.83 	96.73 	: 	: 	: 	: 	: 	: 	: 	: 
A,I_IUSE,PC_IND_IU3,PL2	: 	: 	: 	: 	: 	93.37 	93.57 	95.37 	94.02 	94.80 	95.73 	96.17 	96.98 	96.90 	97.52 	98.52 	98.93 	99.08 	99.00 	99.16 
A,I_IUSE,PC_IND_IU3,PL21	: 	: 	: 	: 	: 	: 	: 	: 	: 	: 	: 	: 	: 	: 	: 	: 	: 	98.76 	98.73 	98.80 
A,I_IUSE,PC_IND_IU3,PL22	: 	: 	: 	: 	: 	: 	: 	: 	: 	: 	: 	: 	: 	: 	: 	: 	: 	99.34 	99.17 	99.47 
A,I_IUSE,PC_IND_IU3,PL3	: 	: 	: 	: 	: 	91.32 	92.25 	95.27 	93.26 	93.98 	93.74 	93.54 	: 	: 	: 	: 	: 	: 	: 	: 
A,I_IUSE,PC_IND_IU3,PL4	: 	: 	: 	: 	: 	93.83 	91.97 	93.96 	94.50 	95.85 	95.79 	94.91 	96.69 	97.30 	98.33 	97.47 	98.34 	98.12 	98.38 	98.43 
A,I_IUSE,PC_IND_IU3,PL41	: 	: 	: 	: 	: 	: 	: 	: 	: 	: 	: 	: 	: 	: 	: 	: 	: 	97.64 	98.44 	98.36 
A,I_IUSE,PC_IND_IU3,PL42	: 	: 	: 	: 	: 	: 	: 	: 	: 	: 	: 	: 	: 	: 	: 	: 	: 	98.54 	98.01 	98.32 
A,I_IUSE,PC_IND_IU3,PL43	: 	: 	: 	: 	: 	: 	: 	: 	: 	: 	: 	: 	: 	: 	: 	: 	: 	99.56 	98.54 	98.72 
A,I_IUSE,PC_IND_IU3,PL5	: 	: 	: 	: 	: 	94.69 	96.20 	97.12 	95.54 	95.74 	95.66 	97.25 	97.93 	98.45 	97.53 	98.35 	98.94 	99.05 	99.20 	99.53 
A,I_IUSE,PC_IND_IU3,PL51	: 	: 	: 	: 	: 	: 	: 	: 	: 	: 	: 	: 	: 	: 	: 	: 	: 	99.15 	99.48 	99.65 
A,I_IUSE,PC_IND_IU3,PL52	: 	: 	: 	: 	: 	: 	: 	: 	: 	: 	: 	: 	: 	: 	: 	: 	: 	98.62 	97.88 	99.12 
A,I_IUSE,PC_IND_IU3,PL6	: 	: 	: 	: 	: 	92.59 	96.47 	96.19 	95.41 	97.21 	95.41 	95.44 	97.01 	97.11 	97.97 	98.45 	98.49 	98.51 	99.17 	99.44 
A,I_IUSE,PC_IND_IU3,PL61	: 	: 	: 	: 	: 	: 	: 	: 	: 	: 	: 	: 	: 	: 	: 	: 	: 	99.42 	99.08 	99.16 
A,I_IUSE,PC_IND_IU3,PL62	: 	: 	: 	: 	: 	: 	: 	: 	: 	: 	: 	: 	: 	: 	: 	: 	: 	97.58 	98.85 	99.62 
A,I_IUSE,PC_IND_IU3,PL63	: 	: 	: 	: 	: 	: 	: 	: 	: 	: 	: 	: 	: 	: 	: 	: 	: 	98.33 	99.48 	99.62 
A,I_IUSE,PC_IND_IU3,PL7	: 	: 	: 	: 	: 	: 	: 	: 	: 	: 	: 	: 	95.12 	96.75 	97.87 	96.52 	98.32 	98.34 	98.76 	99.34 
A,I_IUSE,PC_IND_IU3,PL71	: 	: 	: 	: 	: 	: 	: 	: 	: 	: 	: 	: 	: 	: 	: 	: 	: 	97.99 	98.72 	99.00 
A,I_IUSE,PC_IND_IU3,PL72	: 	: 	: 	: 	: 	: 	: 	: 	: 	: 	: 	: 	: 	: 	: 	: 	: 	98.87 	98.84 	99.90 
A,I_IUSE,PC_IND_IU3,PL8	: 	: 	: 	: 	: 	: 	: 	: 	: 	: 	: 	: 	94.73 	97.02 	96.29 	97.14 	98.26 	98.28 	98.99 	99.01 
A,I_IUSE,PC_IND_IU3,PL81	: 	: 	: 	: 	: 	: 	: 	: 	: 	: 	: 	: 	: 	: 	: 	: 	: 	99.09 	98.45 	99.02 
A,I_IUSE,PC_IND_IU3,PL82	: 	: 	: 	: 	: 	: 	: 	: 	: 	: 	: 	: 	: 	: 	: 	: 	: 	97.41 	99.46 	99.39 
A,I_IUSE,PC_IND_IU3,PL84	: 	: 	: 	: 	: 	: 	: 	: 	: 	: 	: 	: 	: 	: 	: 	: 	: 	98.55 	99.17 	98.15 
A,I_IUSE,PC_IND_IU3,PL9	: 	: 	: 	: 	: 	: 	: 	: 	: 	: 	: 	: 	96.57 	97.96 	98.84 	98.76 	98.71 	99.56 	99.09 	99.66 
A,I_IUSE,PC_IND_IU3,PL91	: 	: 	: 	: 	: 	: 	: 	: 	: 	: 	: 	: 	: 	: 	: 	: 	: 	99.59 	99.34 	99.74 
A,I_IUSE,PC_IND_IU3,PL92	: 	: 	: 	: 	: 	: 	: 	: 	: 	: 	: 	: 	: 	: 	: 	: 	: 	99.52 	98.88 	99.60 
A,I_IUSE,PC_IND_IU3,PT	88.22 	88.38 	91.04 	91.18 	91.84 	92.66 	91.98 	92.97 	93.83 	94.65 	96.52 	96.69 	95.51 	96.71 	97.41 	97.41 	98.52 	98.12 	98.53 	98.82 
A,I_IUSE,PC_IND_IU3,PT1	: 	: 	: 	: 	: 	92.57 	91.99 	92.95 	93.77 	94.65 	96.54 	96.69 	95.53 	96.69 	97.46 	97.45 	98.51 	98.10 	98.52 	98.83 
A,I_IUSE,PC_IND_IU3,PT11	: 	: 	: 	: 	: 	92.60 	90.48 	92.03 	93.57 	94.01 	95.92 	95.31 	95.35 	97.21 	97.85 	97.42 	98.65 	97.89 	98.28 	98.68 
A,I_IUSE,PC_IND_IU3,PT15	: 	: 	: 	: 	: 	93.24 	91.86 	92.00 	93.02 	94.33 	96.94 	97.98 	97.77 	97.10 	96.88 	96.63 	97.98 	98.85 	98.30 	98.99 
A,I_IUSE,PC_IND_IU3,PT16	: 	: 	: 	: 	: 	90.68 	90.09 	92.92 	91.08 	94.40 	95.75 	97.73 	94.62 	96.54 	97.04 	97.37 	98.75 	98.17 	: 	: 
A,I_IUSE,PC_IND_IU3,PT17	: 	: 	: 	: 	: 	93.82 	94.92 	94.17 	95.98 	96.01 	97.53 	97.44 	96.15 	96.50 	97.42 	97.45 	98.36 	98.02 	: 	: 
A,I_IUSE,PC_IND_IU3,PT18	: 	: 	: 	: 	: 	91.51 	91.18 	92.21 	93.06 	92.42 	97.22 	96.22 	95.12 	95.08 	97.39 	98.33 	97.98 	98.92 	: 	: 
A,I_IUSE,PC_IND_IU3,PT19	: 	: 	: 	: 	: 	: 	: 	: 	: 	: 	: 	: 	: 	: 	: 	: 	: 	: 	98.14 	98.81 
A,I_IUSE,PC_IND_IU3,PT1A	: 	: 	: 	: 	: 	: 	: 	: 	: 	: 	: 	: 	: 	: 	: 	: 	: 	: 	99.25 	99.45 
A,I_IUSE,PC_IND_IU3,PT1B	: 	: 	: 	: 	: 	: 	: 	: 	: 	: 	: 	: 	: 	: 	: 	: 	: 	: 	98.61 	98.75 
A,I_IUSE,PC_IND_IU3,PT1C	: 	: 	: 	: 	: 	: 	: 	: 	: 	: 	: 	: 	: 	: 	: 	: 	: 	: 	98.51 	97.97 
A,I_IUSE,PC_IND_IU3,PT1D	: 	: 	: 	: 	: 	: 	: 	: 	: 	: 	: 	: 	: 	: 	: 	: 	: 	: 	98.44 	98.28 
A,I_IUSE,PC_IND_IU3,PT2	: 	: 	: 	: 	: 	93.96 	91.29 	91.53 	94.62 	94.60 	95.43 	95.84 	94.52 	96.90 	95.60 	95.73 	98.50 	98.40 	98.97 	98.53 
A,I_IUSE,PC_IND_IU3,PT20	: 	: 	: 	: 	: 	93.96 	91.29 	91.53 	94.62 	94.60 	95.43 	95.84 	94.52 	96.90 	95.60 	95.73 	98.50 	98.40 	98.97 	98.53 
A,I_IUSE,PC_IND_IU3,PT3	: 	: 	: 	: 	: 	95.32 	92.13 	94.98 	95.26 	94.66 	96.54 	97.50 	95.48 	97.23 	97.01 	97.54 	99.10 	98.55 	98.51 	98.93 
A,I_IUSE,PC_IND_IU3,PT30	: 	: 	: 	: 	: 	95.32 	92.13 	94.98 	95.26 	94.66 	96.54 	97.50 	95.48 	97.23 	97.01 	97.54 	99.10 	98.55 	98.51 	98.93 
A,I_IUSE,PC_IND_IU3,RO	88.07 	90.12 	91.75 	93.32 	93.10 	93.34 	94.43 	91.19 	88.21 b	92.87 	94.67 	95.35 	96.64 	97.16 	97.11 	97.88 	98.30 	98.70 	99.07 	99.23 
A,I_IUSE,PC_IND_IU3,RO1	: 	: 	: 	: 	: 	91.99 	91.72 	90.34 	87.08 b	91.75 	93.68 	96.24 	96.63 	97.68 	97.35 	98.04 	98.75 	99.31 	99.28 	99.53 
A,I_IUSE,PC_IND_IU3,RO11	: 	: 	: 	: 	: 	92.23 	93.49 	93.34 	91.31 b	92.98 	94.25 	96.77 	97.53 	97.84 	96.99 	98.23 	98.64 	99.38 	99.80 	99.49 
A,I_IUSE,PC_IND_IU3,RO12	: 	: 	: 	: 	: 	91.73 	89.66 	86.96 	82.53 b	90.45 	93.06 	95.61 	95.51 	97.48 	97.79 	97.81 	98.88 	99.23 	98.68 	99.57 
A,I_IUSE,PC_IND_IU3,RO2	: 	: 	: 	: 	: 	92.93 	94.98 	88.85 	85.34 b	90.02 	93.68 	91.80 	94.85 	95.22 	96.53 	96.89 	97.34 	98.71 	98.34 	99.37 
A,I_IUSE,PC_IND_IU3,RO21	: 	: 	: 	: 	: 	91.51 	93.69 	85.51 	86.29 b	87.82 	92.15 	90.21 	93.39 	94.38 	95.44 	96.13 	96.87 	98.76 	98.58 	99.74 
A,I_IUSE,PC_IND_IU3,RO22	: 	: 	: 	: 	: 	94.74 	96.59 	93.33 	84.12 b	93.02 	95.67 	93.89 	96.84 	96.40 	98.01 	97.95 	97.96 	98.64 	98.01 	98.86 
A,I_IUSE,PC_IND_IU3,RO3	: 	: 	: 	: 	: 	94.60 	95.74 	93.84 	90.66 b	95.84 	95.44 	95.73 	97.52 	97.85 	97.35 	98.49 	98.83 	98.10 	99.34 	98.72 
A,I_IUSE,PC_IND_IU3,RO31	: 	: 	: 	: 	: 	93.17 	93.62 	90.21 	85.00 b	94.43 	92.60 	94.52 	96.89 	97.29 	97.20 	98.30 	98.27 	96.87 	99.05 	99.52 
A,I_IUSE,PC_IND_IU3,RO32	: 	: 	: 	: 	: 	95.90 	97.77 	96.97 	95.14 b	97.10 	97.94 	96.90 	98.11 	98.49 	97.50 	98.72 	99.37 	99.47 	99.67 	97.80 
A,I_IUSE,PC_IND_IU3,RO4	: 	: 	: 	: 	: 	93.65 	94.95 	92.00 	90.09 b	93.74 	96.20 	98.43 	97.69 	98.18 	97.27 	98.23 	98.31 	98.77 	99.47 	99.34 
A,I_IUSE,PC_IND_IU3,RO41	: 	: 	: 	: 	: 	94.32 	93.80 	91.44 	90.45 b	93.25 	95.18 	98.17 	97.35 	97.81 	97.01 	97.79 	98.50 	99.01 	99.11 	99.67 
A,I_IUSE,PC_IND_IU3,RO42	: 	: 	: 	: 	: 	93.02 	96.00 	92.55 	89.85 b	94.17 	97.26 	98.67 	98.02 	98.54 	97.48 	98.67 	98.11 	98.51 	99.82 	98.98 
A,I_IUSE,PC_IND_IU3,RS	: 	87.39 	: 	91.06 	: 	: 	: 	: 	: 	95.00 	: 	96.82 	98.56 	98.02 	98.59 	98.75 	99.76 	99.75 	99.57 	99.76 
A,I_IUSE,PC_IND_IU3,RS1	: 	: 	: 	: 	: 	: 	: 	: 	: 	: 	: 	: 	: 	97.19 	98.43 	98.00 	99.63 	99.81 	99.68 	99.80 
A,I_IUSE,PC_IND_IU3,RS11	: 	: 	: 	: 	: 	: 	: 	: 	: 	: 	: 	: 	: 	97.52 	99.23 	96.14 	99.98 	99.95 	99.67 	99.84 
A,I_IUSE,PC_IND_IU3,RS12	: 	: 	: 	: 	: 	: 	: 	: 	: 	: 	: 	: 	: 	96.93 	97.66 	99.28 	99.30 	99.69 	99.68 	99.77 
A,I_IUSE,PC_IND_IU3,RS2	: 	: 	: 	: 	: 	: 	: 	: 	: 	: 	: 	: 	: 	98.86 	98.73 	99.43 	99.87 	99.70 	99.45 	99.71 
A,I_IUSE,PC_IND_IU3,RS21	: 	: 	: 	: 	: 	: 	: 	: 	: 	: 	: 	: 	: 	98.79 	98.15 	99.18 	100.00 	99.78 	99.30 	99.92 
A,I_IUSE,PC_IND_IU3,RS22	: 	: 	: 	: 	: 	: 	: 	: 	: 	: 	: 	: 	: 	98.95 	99.56 	99.72 	99.65 	99.60 	99.66 	99.46 
A,I_IUSE,PC_IND_IU3,SE	92.51 	94.25 	95.04 	96.16 	97.17 	97.57 	97.30 	97.19 	98.14 	97.79 	97.48 b	98.63 	98.82 	97.83 	98.27 	98.01 	98.91 	99.26 	99.19 	99.27 
A,I_IUSE,PC_IND_IU3,SE1	: 	: 	: 	: 	: 	97.89 	97.33 	98.22 	98.33 	97.58 	97.64 b	99.17 	99.27 	97.29 	98.36 	98.00 	99.19 	99.40 	99.01 	98.98 
A,I_IUSE,PC_IND_IU3,SE11	: 	: 	: 	: 	: 	97.98 	98.02 	97.90 	97.06 	98.43 	98.24 b	99.17 	99.29 	97.21 	98.41 	98.20 	99.07 	99.58 	99.08 	99.17 
A,I_IUSE,PC_IND_IU3,SE12	: 	: 	: 	: 	: 	97.77 	96.39 	98.69 	100.00 	96.42 	96.92 b	99.17 	99.24 	97.40 	98.28 	97.72 	99.34 	99.15 	98.92 	98.72 
A,I_IUSE,PC_IND_IU3,SE2	: 	: 	: 	: 	: 	96.98 	97.56 	96.92 	97.77 	98.78 	96.97 b	98.17 	98.87 	97.98 	98.76 	98.01 	99.41 	99.16 	99.23 	99.51 
A,I_IUSE,PC_IND_IU3,SE21	: 	: 	: 	: 	: 	96.19 	98.09 	97.03 	98.12 	99.22 	97.61 b	96.80 	99.25 	96.78 	98.74 	96.40 	100.00 	99.61 	98.67 	99.24 
A,I_IUSE,PC_IND_IU3,SE22	: 	: 	: 	: 	: 	98.54 	97.18 	97.46 	97.31 	98.26 	97.48 b	98.29 	99.10 	97.41 	98.26 	98.94 	99.78 	98.49 	99.79 	99.05 
A,I_IUSE,PC_IND_IU3,SE23	: 	: 	: 	: 	: 	96.26 	97.63 	96.51 	97.93 	98.91 	96.30 b	98.79 	98.54 	98.86 	99.09 	97.98 	98.89 	99.50 	99.12 	99.95 
A,I_IUSE,PC_IND_IU3,SE3	: 	: 	: 	: 	: 	98.27 	96.63 	95.55 	98.70 	95.88 	98.59 b	98.50 	97.57 	98.81 	96.71 	98.05 	96.77 	99.18 	99.52 	99.37 
A,I_IUSE,PC_IND_IU3,SE31	: 	: 	: 	: 	: 	98.61 	95.22 	92.60 	98.44 	94.96 	99.03 b	97.50 	95.56 	97.07 	96.61 	99.88 	99.20 	98.91 	99.43 	99.36 
A,I_IUSE,PC_IND_IU3,SE32	: 	: 	: 	: 	: 	97.65 	96.43 	97.80 u	98.05 	98.63 	100.00 bu	100.00 u	100.00 u	100.00 u	98.69 	98.45 	94.02 	99.81 	100.00 	99.59 
A,I_IUSE,PC_IND_IU3,SE33	: 	: 	: 	: 	: 	98.12 	98.75 	98.70 	100.00 u	95.05 	97.03 b	98.86 	98.69 	100.00 	95.44 	94.91 	94.97 	99.12 	99.34 	99.20 
A,I_IUSE,PC_IND_IU3,SI	91.59 	91.61 	93.66 	94.17 	95.76 	95.51 	94.95 	94.38 	95.10 	96.47 	97.34 	97.13 	99.01 	97.42 	98.58 	98.39 	98.67 	98.93 	98.77 	99.04 
A,I_IUSE,PC_IND_IU3,SI0	: 	: 	: 	: 	: 	95.51 	94.95 	94.38 	95.10 	96.47 	97.34 	97.13 	99.01 	97.42 	98.58 	98.39 	98.67 	98.93 	98.77 	99.04 
A,I_IUSE,PC_IND_IU3,SI01	: 	: 	: 	: 	: 	: 	: 	: 	93.51 	: 	: 	: 	: 	: 	: 	: 	: 	: 	: 	: 
A,I_IUSE,PC_IND_IU3,SI02	: 	: 	: 	: 	: 	: 	: 	: 	96.73 	: 	: 	: 	: 	: 	: 	: 	: 	: 	: 	: 
A,I_IUSE,PC_IND_IU3,SI03	: 	: 	: 	: 	: 	: 	: 	: 	: 	96.89 	96.93 	96.80 	99.02 	97.38 	97.85 	98.09 	98.81 	98.97 	98.42 	99.06 
A,I_IUSE,PC_IND_IU3,SI04	: 	: 	: 	: 	: 	: 	: 	: 	: 	96.05 	97.76 	97.47 	98.99 	97.45 	99.37 	98.70 	98.52 	98.88 	99.15 	99.02 
A,I_IUSE,PC_IND_IU3,SK	86.98 	90.72 	94.05 	94.10 	96.16 	96.20 	96.84 	95.55 	95.61 	95.55 	97.17 	97.21 	97.52 	98.93 	98.06 	98.00 	98.43 	98.68 	98.93 	98.89 
A,I_IUSE,PC_IND_IU3,SK0	: 	: 	: 	: 	: 	96.20 	96.84 	95.55 	95.61 	95.55 	97.17 	97.21 	97.52 	98.93 	98.06 	98.00 	98.43 	98.68 	98.93 	98.89 
A,I_IUSE,PC_IND_IU3,SK01	: 	: 	: 	: 	: 	96.85 	95.52 	98.02 	96.49 	99.00 	97.28 	95.02 	98.48 	98.82 	98.31 	99.24 	98.85 	99.75 	98.31 	98.78 
A,I_IUSE,PC_IND_IU3,SK02	: 	: 	: 	: 	: 	94.82 	96.59 	95.53 	95.52 	95.78 	96.69 	96.94 	97.93 	98.90 	98.41 	97.81 	98.17 	98.49 	99.12 	98.75 
A,I_IUSE,PC_IND_IU3,SK03	: 	: 	: 	: 	: 	96.71 	96.70 	93.76 	95.90 	95.00 	97.80 	97.79 	96.54 	98.45 	98.18 	97.38 	98.39 	98.02 	99.18 	99.04 
A,I_IUSE,PC_IND_IU3,SK04	: 	: 	: 	: 	: 	97.19 	97.76 	96.05 	95.12 	94.39 	97.19 	97.95 	97.46 	99.42 	97.42 	98.20 	98.57 	98.93 	98.80 	98.98 
A,I_IUSE,PC_IND_IU3,TR	: 	86.07 	88.45 	88.29 	88.50 	: 	88.50 	91.56 	92.55 	93.65 	94.94 	93.81 	97.26 	98.31 	98.45 	98.94 	99.16 	99.11 	99.33 	99.34 
A,I_IUSE,PC_IND_IU3,TR1	: 	: 	: 	: 	: 	: 	90.73 	96.13 	95.48 	96.96 	96.20 	96.00 	97.52 	99.06 	98.62 	99.55 	99.15 	99.73 	99.48 	99.88 
A,I_IUSE,PC_IND_IU3,TR2	: 	: 	: 	: 	: 	: 	86.93 	90.86 	92.01 	94.48 	93.14 	95.00 	97.41 	98.92 	99.38 	98.50 	99.03 	99.39 	99.49 	99.49 
A,I_IUSE,PC_IND_IU3,TR3	: 	: 	: 	: 	: 	: 	90.96 	90.05 	93.48 	94.85 	95.36 	93.09 	98.06 	98.78 	98.68 	99.61 	98.96 	98.98 	99.30 	99.08 
A,I_IUSE,PC_IND_IU3,TR4	: 	: 	: 	: 	: 	: 	87.62 	90.36 	93.46 	95.06 	93.23 	94.54 	97.55 	98.49 	99.27 	98.90 	99.90 	99.37 	99.83 	99.63 
A,I_IUSE,PC_IND_IU3,TR5	: 	: 	: 	: 	: 	: 	89.78 	93.93 	92.82 	92.57 	97.71 	95.92 	98.21 	98.38 	98.60 	99.05 	99.35 	99.58 	99.66 	99.51 
A,I_IUSE,PC_IND_IU3,TR6	: 	: 	: 	: 	: 	: 	84.08 	88.48 	91.57 	93.25 	92.46 	92.27 	97.26 	97.65 	98.47 	98.57 	99.25 	99.16 	99.51 	98.94 
A,I_IUSE,PC_IND_IU3,TR7	: 	: 	: 	: 	: 	: 	86.63 	88.90 	90.50 	94.80 	93.84 	93.85 	97.02 	98.33 	98.63 	98.94 	99.24 	99.64 	99.32 	99.60 
A,I_IUSE,PC_IND_IU3,TR8	: 	: 	: 	: 	: 	: 	86.16 	88.70 	91.23 	92.06 	95.10 	91.95 	96.70 	98.62 	98.51 	99.20 	99.31 	98.68 	99.34 	98.84 
A,I_IUSE,PC_IND_IU3,TR9	: 	: 	: 	: 	: 	: 	89.56 	93.87 	92.75 	93.88 	95.06 	95.12 	97.42 	97.79 	98.07 	99.55 	99.41 	99.40 	98.93 	99.31 
A,I_IUSE,PC_IND_IU3,TRA	: 	: 	: 	: 	: 	: 	84.78 	85.20 	83.62 	59.69 	93.65 	88.62 	93.60 	96.79 	94.89 	97.54 	98.62 	97.76 	97.89 	99.58 
A,I_IUSE,PC_IND_IU3,TRB	: 	: 	: 	: 	: 	: 	85.35 	87.03 	88.84 	87.82 	93.74 	89.18 	93.41 	96.08 	96.85 	97.62 	98.73 	98.76 	98.27 	99.07 
A,I_IUSE,PC_IND_IU3,TRC	: 	: 	: 	: 	: 	: 	87.45 	88.40 	86.80 	91.36 	95.40 	89.38 	96.15 	96.89 	97.29 	97.50 	98.34 	97.02 	98.56 	98.66 
A,I_IUSE,PC_IND_IU3,UK	86.61 	90.61 	91.61 	93.34 	95.65 	94.57 	96.39 	96.30 	97.67 	97.41 	98.04 	98.00 	98.96 	99.02 	98.99 	: 	: 	: 	: 	: 
A,I_IUSE,PC_IND_IU3,UKC	: 	: 	: 	: 	: 	93.49 	96.58 	99.47 	97.11 	88.75 	95.51 	98.67 	98.45 	98.57 	100.00 	: 	: 	: 	: 	: 
A,I_IUSE,PC_IND_IU3,UKD	: 	: 	: 	: 	: 	94.07 	93.72 	95.39 	96.88 	95.49 	98.37 	97.90 	97.58 	99.18 	99.31 	: 	: 	: 	: 	: 
A,I_IUSE,PC_IND_IU3,UKE	: 	: 	: 	: 	: 	92.93 	96.81 	95.93 	98.05 	97.81 	97.50 	97.72 	99.00 	99.95 	99.57 	: 	: 	: 	: 	: 
A,I_IUSE,PC_IND_IU3,UKF	: 	: 	: 	: 	: 	96.07 	94.73 	96.64 	96.64 	99.35 	97.21 	97.34 	100.00 	98.10 	98.02 	: 	: 	: 	: 	: 
A,I_IUSE,PC_IND_IU3,UKG	: 	: 	: 	: 	: 	94.19 	95.30 	96.64 	97.16 	95.38 	97.02 	96.35 	99.20 	99.48 	97.31 	: 	: 	: 	: 	: 
A,I_IUSE,PC_IND_IU3,UKH	: 	: 	: 	: 	: 	94.38 	96.79 	96.34 	99.10 	98.29 	98.28 	99.06 	99.21 	99.10 	98.31 	: 	: 	: 	: 	: 
A,I_IUSE,PC_IND_IU3,UKI	: 	: 	: 	: 	: 	97.66 	98.04 	98.89 	98.85 	97.34 	98.37 	98.47 	99.45 	100.00 	100.00 	: 	: 	: 	: 	: 
A,I_IUSE,PC_IND_IU3,UKJ	: 	: 	: 	: 	: 	94.53 	96.53 	96.39 	99.07 	98.28 	98.83 	98.07 	98.45 	98.63 	99.59 	: 	: 	: 	: 	: 
A,I_IUSE,PC_IND_IU3,UKK	: 	: 	: 	: 	: 	94.85 	97.60 	96.68 	96.24 	96.72 	99.31 	98.41 	99.05 	98.86 	97.69 	: 	: 	: 	: 	: 
A,I_IUSE,PC_IND_IU3,UKL	: 	: 	: 	: 	: 	91.23 	97.26 	94.54 	97.55 	97.28 	97.49 	95.75 	99.30 	99.17 	98.57 	: 	: 	: 	: 	: 
A,I_IUSE,PC_IND_IU3,UKM	: 	: 	: 	: 	: 	93.48 	97.07 	91.91 	96.26 	98.72 	97.96 	99.79 	99.61 	97.25 	99.72 	: 	: 	: 	: 	: 
A,I_IUSE,PC_IND_IU3,UKN	: 	: 	: 	: 	: 	: 	: 	96.76 	95.89 	98.37 	98.10 	96.12 	98.03 	99.65 	: 	: 	: 	: 	: 	: 
A,I_IUSE,PC_IND_IU3,XK	: 	: 	: 	: 	: 	: 	: 	: 	: 	: 	: 	99.16 	98.81 	99.61 	99.42 	: 	: 	: 	99.37 	99.90 
A,I_IUSELL,PC_IND,AL	: 	: 	: 	: 	: 	: 	: 	: 	: 	: 	: 	: 	1.31 	0.54 	0.61 	0.54 	4.33 	5.26 	3.41 	4.59 
A,I_IUSELL,PC_IND,AT	7.73 	6.53 	7.48 	5.12 	7.63 	14.44 	12.30 	12.35 	11.20 	10.47 	11.04 	13.13 	13.86 	12.07 	14.98 	27.74 	27.01 	29.73 	27.84 	29.93 
A,I_IUSELL,PC_IND,AT1	: 	: 	: 	: 	: 	15.27 	13.81 	14.34 	12.65 	11.15 	10.91 	13.68 	16.19 	10.34 	15.91 	29.97 	28.27 	32.12 	28.64 	29.87 
A,I_IUSELL,PC_IND,AT11	: 	: 	: 	: 	: 	19.31 	16.04 	10.17 	8.29 	: 	8.32 	9.88 	14.51 	10.42 	8.85 	24.88 	25.53 	24.92 	25.71 	32.83 
A,I_IUSELL,PC_IND,AT12	: 	: 	: 	: 	: 	11.99 	13.33 	13.11 	11.11 	: 	11.11 	15.69 	14.82 	12.78 	16.84 	29.01 	28.57 	31.26 	30.28 	27.50 
A,I_IUSELL,PC_IND,AT13	: 	: 	: 	: 	: 	17.61 	13.88 	16.12 	14.72 	: 	11.14 	12.53 	17.64 	8.21 	16.18 	31.59 	28.43 	33.93 	27.71 	31.41 
A,I_IUSELL,PC_IND,AT2	: 	: 	: 	: 	: 	12.97 	12.95 	11.07 	8.97 	9.05 	10.81 	11.91 	12.15 	11.56 	10.85 	24.11 	25.15 	29.58 	27.07 	32.16 
A,I_IUSELL,PC_IND,AT21	: 	: 	: 	: 	: 	12.27 	10.44 	7.30 	6.81 	: 	8.69 	11.37 	11.60 	11.53 	13.07 	17.58 	27.01 	27.06 	26.60 	32.20 
A,I_IUSELL,PC_IND,AT22	: 	: 	: 	: 	: 	13.29 	14.09 	12.79 	9.95 	: 	11.77 	12.15 	12.40 	11.57 	9.85 	27.04 	24.32 	30.70 	27.28 	32.14 
A,I_IUSELL,PC_IND,AT3	: 	: 	: 	: 	: 	14.31 	10.11 	10.70 	10.75 	10.46 	11.32 	13.16 	11.97 	14.46 	16.19 	27.06 	26.52 	26.87 	27.27 	28.75 
A,I_IUSELL,PC_IND,AT31	: 	: 	: 	: 	: 	16.55 	11.93 	11.22 	13.37 	: 	11.61 	13.62 	11.30 	16.40 	17.93 	30.71 	30.51 	30.72 	33.04 	32.06 
A,I_IUSELL,PC_IND,AT32	: 	: 	: 	: 	: 	11.53 	9.92 	12.11 	9.33 	: 	15.66 	13.61 	12.64 	15.00 	14.61 	26.13 	25.84 	23.90 	23.88 	27.43 
A,I_IUSELL,PC_IND,AT33	: 	: 	: 	: 	: 	11.27 	7.13 	9.23 	7.56 	: 	10.05 	12.41 	15.04 	11.46 	15.69 	24.34 	22.74 	25.08 	23.25 	26.12 
A,I_IUSELL,PC_IND,AT34	: 	: 	: 	: 	: 	15.75 	9.26 	9.55 	9.04 	: 	6.49 	12.22 	7.55 	12.22 	12.89 	19.84 	19.70 	19.90 	18.05 	23.16 
A,I_IUSELL,PC_IND,BA	: 	: 	: 	: 	: 	: 	: 	: 	: 	: 	: 	: 	7.50 	7.78 	8.36 	12.49 	: 	12.89 	18.79 	15.99 
A,I_IUSELL,PC_IND,BE	6.75 	8.02 	10.13 	16.55 	16.74 	16.61 	16.94 	18.75 	19.63 	18.61 	20.36 	20.13 	18.73 	23.70 	26.88 	26.96 	29.96 	29.49 	34.11 	30.05 
A,I_IUSELL,PC_IND,BE1	: 	: 	: 	: 	: 	16.41 	15.66 	19.41 	20.98 	18.15 	20.63 	16.62 	20.82 	23.04 	24.71 	27.03 	29.58 	30.72 	37.97 	28.09 
A,I_IUSELL,PC_IND,BE10	: 	: 	: 	: 	: 	16.41 	15.66 	19.41 	20.98 	18.15 	20.63 	16.62 	20.82 	23.04 	24.71 	27.03 	29.58 	30.72 	37.97 	28.09 
A,I_IUSELL,PC_IND,BE2	: 	: 	: 	: 	: 	15.99 	16.71 	18.62 	20.69 	19.66 	22.01 	21.34 	18.06 	25.02 	28.10 	26.83 	30.83 	28.72 	33.89 	29.53 
A,I_IUSELL,PC_IND,BE21	: 	: 	: 	: 	: 	15.48 	14.47 	16.32 	20.10 	19.03 	19.99 	22.93 	19.45 	24.16 	25.68 	28.17 	29.11 	28.08 	33.33 	31.33 
A,I_IUSELL,PC_IND,BE22	: 	: 	: 	: 	: 	20.39 	15.30 	20.80 	20.96 	20.95 	23.84 	17.83 	21.44 	25.96 	31.61 	25.56 	31.18 	26.64 	34.87 	27.82 
A,I_IUSELL,PC_IND,BE23	: 	: 	: 	: 	: 	14.60 	17.13 	19.50 	20.10 	19.50 	24.36 	21.21 	19.38 	26.03 	27.20 	22.73 	33.33 	26.61 	34.69 	28.14 
A,I_IUSELL,PC_IND,BE24	: 	: 	: 	: 	: 	19.64 	20.92 	22.15 	23.18 	21.87 	21.96 	23.07 	17.99 	29.11 	31.53 	31.01 	33.73 	34.79 	36.90 	32.44 
A,I_IUSELL,PC_IND,BE25	: 	: 	: 	: 	: 	11.83 	16.75 	16.09 	19.79 	17.76 	20.82 	20.04 	11.79 	20.43 	27.10 	26.53 	27.37 	28.99 	30.19 	26.98 
A,I_IUSELL,PC_IND,BE3	: 	: 	: 	: 	: 	17.80 	17.77 	18.78 	17.27 	16.88 	17.31 	19.08 	19.25 	21.53 	25.38 	27.18 	28.52 	30.47 	33.15 	31.65 
A,I_IUSELL,PC_IND,BE31	: 	: 	: 	: 	: 	23.84 	26.58 	23.87 	23.94 	21.80 	27.12 	22.83 	22.14 	27.10 	34.15 	34.13 	36.82 	35.77 	41.11 	36.37 
A,I_IUSELL,PC_IND,BE32	: 	: 	: 	: 	: 	18.46 	16.28 	17.14 	12.30 	14.82 	15.52 	17.11 	20.27 	20.48 	25.64 	27.37 	25.42 	30.68 	31.36 	30.98 
A,I_IUSELL,PC_IND,BE33	: 	: 	: 	: 	: 	15.24 	14.79 	16.74 	19.68 	15.80 	14.44 	17.26 	16.92 	21.00 	22.54 	22.61 	27.12 	26.60 	29.45 	30.83 
A,I_IUSELL,PC_IND,BE34	: 	: 	: 	: 	: 	17.41 	18.91 	17.85 	18.23 	22.71 	19.54 	22.99 	20.47 	19.86 	28.63 	31.40 	29.36 	31.30 	37.70 	35.65 
A,I_IUSELL,PC_IND,BE35	: 	: 	: 	: 	: 	17.15 	20.86 	24.28 	19.48 	17.67 	19.40 	23.22 	18.66 	21.94 	22.01 	27.90 	30.25 	33.17 	35.72 	28.53 
A,I_IUSELL,PC_IND,BG	0.82 	0.78 	1.18 	0.68 	1.02 	5.22 	6.59 	10.15 	6.67 	8.97 	6.39 	4.93 	8.20 	6.34 	6.90 	6.19 	9.87 	8.64 	12.68 	14.69 
A,I_IUSELL,PC_IND,BG3	: 	: 	: 	: 	: 	4.44 	4.75 	7.07 	7.53 	8.14 	5.33 	4.19 	7.11 	5.92 	6.41 	6.09 	11.29 	9.05 	12.98 	11.39 
A,I_IUSELL,PC_IND,BG31	: 	: 	: 	: 	: 	3.69 	2.71 	5.44 	7.91 	5.78 	6.89 	4.21 	6.04 	6.60 	5.59 	4.32 	7.81 	5.89 	5.68 u	8.08 
A,I_IUSELL,PC_IND,BG32	: 	: 	: 	: 	: 	6.16 	5.30 	7.72 	6.93 	8.53 	5.42 	6.34 	9.81 	4.58 	7.72 	6.64 	10.27 	5.76 	14.22 	10.87 
A,I_IUSELL,PC_IND,BG33	: 	: 	: 	: 	: 	5.22 	6.67 	6.74 	7.71 	9.68 	5.51 	3.04 	4.85 	8.40 	9.69 	7.96 	15.26 	13.52 	20.66 	13.82 
A,I_IUSELL,PC_IND,BG34	: 	: 	: 	: 	: 	2.92 	4.11 	8.11 	7.57 	8.19 	3.94 	3.54 	7.85 	4.18 	2.93 	5.19 	10.80 	9.73 	10.32 	11.87 
A,I_IUSELL,PC_IND,BG4	: 	: 	: 	: 	: 	6.03 	8.47 	13.27 	5.79 	9.79 	7.44 	5.66 	9.28 	6.75 	7.37 	6.29 	8.50 	8.26 	12.41 	17.71 
A,I_IUSELL,PC_IND,BG41	: 	: 	: 	: 	: 	8.47 	11.91 	16.88 	7.07 	11.54 	9.25 	6.19 	11.67 	8.06 	8.72 	7.00 	6.75 	8.80 	13.75 	21.41 
A,I_IUSELL,PC_IND,BG42	: 	: 	: 	: 	: 	2.57 	3.41 	7.93 	3.90 	7.17 	4.72 	4.87 	5.65 	4.76 	5.33 	5.21 	11.14 	7.42 	10.33 	11.94 
A,I_IUSELL,PC_IND,CH	: 	: 	: 	: 	: 	: 	: 	: 	16.42 	: 	: 	22.80 b	: 	25.29 	: 	29.38 	: 	28.82 	: 	30.34 
A,I_IUSELL,PC_IND,CH0	: 	: 	: 	: 	: 	: 	: 	: 	16.42 	: 	: 	22.80 b	: 	25.29 	: 	29.38 	: 	28.82 	: 	30.34 
A,I_IUSELL,PC_IND,CH01	: 	: 	: 	: 	: 	: 	: 	: 	18.66 	: 	: 	21.58 b	: 	24.98 	: 	26.71 	: 	23.70 	: 	24.77 
A,I_IUSELL,PC_IND,CH02	: 	: 	: 	: 	: 	: 	: 	: 	18.70 	: 	: 	25.83 b	: 	24.07 	: 	31.25 	: 	26.94 	: 	28.69 
A,I_IUSELL,PC_IND,CH03	: 	: 	: 	: 	: 	: 	: 	: 	15.26 	: 	: 	23.44 b	: 	26.76 	: 	30.12 	: 	30.11 	: 	29.42 
A,I_IUSELL,PC_IND,CH04	: 	: 	: 	: 	: 	: 	: 	: 	16.29 	: 	: 	20.33 b	: 	29.16 	: 	34.29 	: 	33.65 	: 	39.21 
A,I_IUSELL,PC_IND,CH05	: 	: 	: 	: 	: 	: 	: 	: 	13.83 	: 	: 	21.05 b	: 	23.99 	: 	26.57 	: 	29.48 	: 	29.54 
A,I_IUSELL,PC_IND,CH06	: 	: 	: 	: 	: 	: 	: 	: 	14.14 	: 	: 	24.28 b	: 	23.61 	: 	26.66 	: 	33.15 	: 	33.98 
A,I_IUSELL,PC_IND,CH07	: 	: 	: 	: 	: 	: 	: 	: 	12.76 	: 	: 	23.08 b	: 	20.58 	: 	23.08 	: 	24.29 	: 	22.57 
A,I_IUSELL,PC_IND,CY	0.78 	0.70 	1.13 	0.85 	0.75 	1.49 	1.27 	1.46 	0.96 	1.94 	4.82 	3.66 	2.49 	3.41 	2.43 	2.42 	4.60 	8.21 	17.84 	10.51 
A,I_IUSELL,PC_IND,CY0	: 	: 	: 	: 	: 	1.49 	1.27 	1.46 	0.96 	1.94 	4.82 	3.66 	2.49 	3.41 	2.43 	2.42 	4.60 	8.21 	17.84 	10.47 
A,I_IUSELL,PC_IND,CY00	: 	: 	: 	: 	: 	1.49 	1.27 	1.46 	0.96 	1.94 	4.82 	3.66 	2.49 	3.41 	2.43 	2.42 	4.60 	8.21 	17.84 	10.47 
A,I_IUSELL,PC_IND,CZ	5.01 	: 	: 	4.20 	8.50 	10.95 	12.00 	16.81 	15.48 	13.52 	12.05 	11.25 	14.00 	12.41 	10.78 	10.38 	15.08 	16.42 	18.13 	18.60 
A,I_IUSELL,PC_IND,CZ0	: 	: 	: 	: 	: 	10.95 	12.00 	16.81 	15.48 	13.52 	12.05 	11.25 	14.00 	12.41 	10.78 	10.38 	15.08 	16.42 	18.13 	18.60 
A,I_IUSELL,PC_IND,CZ01	: 	: 	: 	: 	: 	10.89 	16.46 	25.36 	14.87 	16.57 	19.05 	19.84 	17.55 	20.26 	15.38 	16.78 	22.76 	21.29 	29.28 	32.59 
A,I_IUSELL,PC_IND,CZ02	: 	: 	: 	: 	: 	13.44 	17.84 	22.31 	22.00 	18.33 	19.32 	18.34 	15.62 	13.03 	13.27 	5.99 	15.56 	14.74 	16.08 	13.19 
A,I_IUSELL,PC_IND,CZ03	: 	: 	: 	: 	: 	11.70 	11.76 	17.20 	18.05 	13.43 	12.75 	13.42 	13.71 	14.07 	9.61 	8.87 	14.51 	15.60 	18.86 	18.46 
A,I_IUSELL,PC_IND,CZ04	: 	: 	: 	: 	: 	9.93 	9.16 	8.76 	10.55 	7.02 	5.68 	5.60 	13.94 	7.08 	6.01 	7.85 	18.24 	13.29 	16.35 	12.97 
A,I_IUSELL,PC_IND,CZ05	: 	: 	: 	: 	: 	10.80 	12.26 	17.72 	13.74 	13.49 	10.63 	7.94 	13.05 	11.18 	13.00 	13.68 	12.48 	15.80 	17.10 	20.27 
A,I_IUSELL,PC_IND,CZ06	: 	: 	: 	: 	: 	10.14 	10.07 	15.43 	18.50 	13.28 	8.35 	8.70 	13.47 	10.35 	10.70 	8.61 	13.41 	12.89 	16.13 	18.75 
A,I_IUSELL,PC_IND,CZ07	: 	: 	: 	: 	: 	8.13 	6.74 	12.34 	10.95 	11.16 	8.36 	7.66 	10.68 	10.02 	8.71 	12.43 	9.66 	19.22 	13.55 	13.89 
A,I_IUSELL,PC_IND,CZ08	: 	: 	: 	: 	: 	12.76 	11.74 	14.65 	13.58 	14.10 	13.02 	9.13 	14.11 	13.55 	8.48 	8.97 	15.54 	20.70 	18.94 	18.44 
A,I_IUSELL,PC_IND,DE	19.85 	21.09 	18.44 	19.89 	19.34 	28.93 	24.56 	27.62 	27.87 	31.47 	29.39 	31.02 	32.05 	29.70 	33.14 	14.35 b	15.14 	17.04 	26.60 	29.56 
A,I_IUSELL,PC_IND,DE1	: 	: 	: 	: 	: 	25.27 	24.09 	26.27 	24.62 	28.45 	26.89 	27.99 	29.71 	24.45 	28.09 	15.52 b	15.92 	16.74 	25.29 	32.68 
A,I_IUSELL,PC_IND,DE2	: 	: 	: 	: 	: 	27.72 	21.31 	26.20 	25.14 	35.30 	31.69 	27.99 	31.22 	31.86 	34.31 	12.77 b	10.81 	15.87 	24.46 	26.46 
A,I_IUSELL,PC_IND,DE3	: 	: 	: 	: 	: 	25.69 	22.09 	28.39 	29.69 	33.33 	29.12 	33.83 	36.85 	28.89 	34.47 	16.44 b	17.64 	17.06 	22.48 	25.48 
A,I_IUSELL,PC_IND,DE4	: 	: 	: 	: 	: 	21.24 	18.51 	18.30 	15.12 	23.33 	22.07 	22.26 	23.92 	19.69 	21.36 	12.92 b	11.54 	14.30 	25.04 	21.40 
A,I_IUSELL,PC_IND,DE5	: 	: 	: 	: 	: 	38.27 	26.19 	30.60 	32.19 	29.76 	26.04 	26.60 	33.88 	32.45 	36.82 	12.38 b	2.60 	21.35 	: u	34.02 
A,I_IUSELL,PC_IND,DE6	: 	: 	: 	: 	: 	40.85 	29.50 	26.15 	37.33 	36.39 	30.28 	37.53 	34.74 	26.47 	34.08 	12.66 b	16.45 	23.68 	27.84 	34.12 
A,I_IUSELL,PC_IND,DE7	: 	: 	: 	: 	: 	30.84 	27.72 	29.39 	32.26 	31.94 	31.52 	34.81 	31.31 	30.39 	31.93 	14.59 b	16.93 	18.89 	30.32 	29.09 
A,I_IUSELL,PC_IND,DE8	: 	: 	: 	: 	: 	18.25 	17.84 	16.89 	21.26 	22.70 	28.24 	27.01 	24.29 	29.07 	28.91 	14.30 b	14.38 	11.25 	22.18 	20.15 
A,I_IUSELL,PC_IND,DE9	: 	: 	: 	: 	: 	33.56 	26.32 	30.23 	30.76 	34.10 	31.68 	37.38 	37.63 	31.88 	36.16 	14.45 b	15.79 	17.99 	28.20 	32.95 
A,I_IUSELL,PC_IND,DEA	: 	: 	: 	: 	: 	32.33 	28.46 	29.88 	30.73 	32.52 	31.40 	32.69 	35.47 	32.99 	37.78 	13.25 b	15.05 	16.55 	28.81 	30.99 
A,I_IUSELL,PC_IND,DEB	: 	: 	: 	: 	: 	31.89 	26.05 	33.75 	30.12 	34.08 	30.83 	29.77 	30.31 	34.55 	33.11 	17.06 b	14.32 	15.96 	28.51 	32.87 
A,I_IUSELL,PC_IND,DEC	: 	: 	: 	: 	: 	29.40 	25.08 	25.25 	28.52 	27.63 	27.32 	30.69 	41.64 	27.03 	30.27 	17.18 b	22.73 	21.09 	28.62 u	35.47 
A,I_IUSELL,PC_IND,DED	: 	: 	: 	: 	: 	19.10 	17.92 	24.65 	18.37 	23.08 	22.58 	31.35 	25.58 	20.19 	27.02 	17.27 b	23.78 	19.36 	23.24 	27.47 
A,I_IUSELL,PC_IND,DEE	: 	: 	: 	: 	: 	24.01 	19.71 	21.73 	21.58 	24.36 	22.46 	21.82 	28.69 	28.75 	33.02 	11.66 b	12.69 	14.32 	23.79 	17.74 
A,I_IUSELL,PC_IND,DEF	: 	: 	: 	: 	: 	34.77 	27.78 	31.70 	38.50 	35.78 	30.80 	34.94 	29.71 	34.73 	36.44 	18.49 b	19.96 	17.64 	30.16 	35.57 
A,I_IUSELL,PC_IND,DEG	: 	: 	: 	: 	: 	26.20 	22.01 	24.52 	27.99 	27.47 	23.88 	26.03 	24.11 	23.42 	25.52 	12.68 b	12.35 	19.21 	22.83 	24.92 
A,I_IUSELL,PC_IND,DK	17.15 	22.37 	19.46 	25.44 	28.43 	25.15 	23.95 	23.68 	25.59 	36.84 	34.88 	28.72 	29.55 	27.67 	31.34 	34.14 	31.90 	33.91 	34.53 	34.75 
A,I_IUSELL,PC_IND,DK0	: 	: 	: 	: 	: 	25.15 	23.95 	23.68 	25.59 	36.84 	34.88 	28.72 	29.55 	27.67 	31.34 	34.14 	31.90 	33.91 	34.53 	34.75 
A,I_IUSELL,PC_IND,DK01	: 	: 	: 	: 	: 	24.70 	24.36 	24.95 	25.36 	40.07 	37.29 	29.78 	29.89 	30.11 	29.78 	34.34 	29.22 	33.92 	32.40 	33.51 
A,I_IUSELL,PC_IND,DK02	: 	: 	: 	: 	: 	23.74 	19.26 	22.47 	24.97 	32.21 	32.96 	26.09 	29.63 	27.70 	29.49 	28.90 	33.37 	31.44 	34.62 	28.86 
A,I_IUSELL,PC_IND,DK03	: 	: 	: 	: 	: 	26.40 	24.33 	22.85 	24.22 	34.72 	34.28 	27.92 	28.37 	25.45 	35.58 	34.26 	33.32 	34.47 	33.61 	38.76 
A,I_IUSELL,PC_IND,DK04	: 	: 	: 	: 	: 	26.20 	25.41 	23.88 	27.12 	38.29 	34.03 	29.14 	30.69 	27.66 	30.81 	35.86 	32.83 	36.70 	37.06 	37.38 
A,I_IUSELL,PC_IND,DK05	: 	: 	: 	: 	: 	23.67 	25.22 	22.89 	26.56 	34.55 	33.42 	29.62 	28.40 	24.72 	30.90 	35.85 	32.75 	29.69 	37.32 	30.62 
A,I_IUSELL,PC_IND,EE	3.53 	4.61 	5.09 	5.16 	8.06 	12.58 	13.43 	13.33 	24.42 b	18.76 	19.03 	18.38 	23.76 	18.20 	20.71 	23.39 	23.24 	23.53 	27.33 	25.18 
A,I_IUSELL,PC_IND,EE0	: 	: 	: 	: 	: 	12.58 	13.43 	13.33 	24.42 b	18.76 	19.03 	18.38 	23.76 	18.20 	20.71 	23.39 	23.24 	23.53 	27.33 	25.18 
A,I_IUSELL,PC_IND,EE00	: 	: 	: 	: 	: 	12.58 	13.43 	13.33 	24.42 b	18.76 	19.03 	18.38 	23.76 	18.20 	20.71 	23.39 	23.24 	23.53 	27.33 	25.18 
A,I_IUSELL,PC_IND,EL	0.40 	: 	: 	0.61 	0.60 	2.32 	2.21 	3.51 	3.63 	3.43 	1.92 	2.32 	3.29 	2.43 	3.97 	2.96 	3.92 	4.59 	8.16 	7.45 
A,I_IUSELL,PC_IND,EL1	: 	: 	: 	: 	: 	2.21 	: 	: 	: 	: 	: 	: 	: 	: 	: 	: 	: 	: 	: 	: 
A,I_IUSELL,PC_IND,EL2	: 	: 	: 	: 	: 	1.24 	: 	: 	: 	: 	: 	: 	: 	: 	: 	: 	: 	: 	: 	: 
A,I_IUSELL,PC_IND,EL3	: 	: 	: 	: 	: 	2.88 	2.82 	4.56 	3.94 	4.30 	2.96 	2.09 	6.09 	3.22 	5.89 	4.84 	4.33 	4.99 	12.48 	8.28 
A,I_IUSELL,PC_IND,EL4	: 	: 	: 	: 	: 	2.03 	0.58 	1.72 	6.93 	1.43 	0.69 	2.15 	3.17 	1.36 	2.19 	2.55 	4.90 	3.65 	5.79 u	2.72 
A,I_IUSELL,PC_IND,EL5	: 	: 	: 	: 	: 	: 	2.20 	3.35 	2.67 	3.07 	2.02 	3.18 	1.92 	2.78 	3.41 	1.71 	2.66 	4.25 	4.00 u	12.47 
A,I_IUSELL,PC_IND,EL6	: 	: 	: 	: 	: 	: 	1.81 	2.53 	2.93 	3.41 	0.82 	1.75 	0.96 	1.51 	2.68 	1.92 	4.37 	4.78 	7.37 u	2.39 
A,I_IUSELL,PC_IND,ES	2.71 	3.04 	3.70 	3.81 	5.43 	6.80 	8.42 	8.49 	10.18 	10.06 	11.83 	13.08 	11.29 	14.05 	13.96 	18.52 	19.87 	19.14 	21.49 	21.86 
A,I_IUSELL,PC_IND,ES1	: 	: 	: 	: 	: 	4.86 	8.36 	7.19 	9.16 	8.49 	9.24 	9.36 	8.39 	10.72 	11.28 	18.43 	17.61 	19.08 	19.61 	19.35 
A,I_IUSELL,PC_IND,ES11	: 	: 	: 	: 	: 	4.14 	7.77 	6.83 	9.35 	8.38 	9.29 	7.46 	7.97 	9.44 	10.40 	17.88 	17.24 	18.82 	19.58 	17.72 
A,I_IUSELL,PC_IND,ES12	: 	: 	: 	: 	: 	6.21 	10.54 	6.99 	8.21 	8.74 	8.64 	12.64 	7.93 	11.67 	13.64 	20.42 	18.20 	20.32 	19.44 	20.73 
A,I_IUSELL,PC_IND,ES13	: 	: 	: 	: 	: 	5.75 	7.14 	9.26 	9.98 	8.52 	10.11 	12.25 	11.08 	14.86 	11.15 	17.48 	18.29 	18.08 	20.03 	24.33 
A,I_IUSELL,PC_IND,ES2	: 	: 	: 	: 	: 	5.59 	8.95 	7.93 	9.40 	8.41 	8.51 	12.36 	8.92 	13.16 	13.10 	18.42 	19.80 	19.28 	21.07 	20.27 
A,I_IUSELL,PC_IND,ES21	: 	: 	: 	: 	: 	5.26 	8.98 	8.22 	9.87 	6.78 	7.09 	10.46 	8.59 	12.53 	12.84 	20.60 	20.52 	21.08 	22.95 	21.24 
A,I_IUSELL,PC_IND,ES22	: 	: 	: 	: 	: 	5.34 	7.22 	6.72 	6.13 	9.73 	10.60 	19.34 	7.39 	14.89 	14.10 	15.83 	17.69 	16.94 	19.78 	17.38 
A,I_IUSELL,PC_IND,ES23	: 	: 	: 	: 	: 	5.30 	8.73 	9.03 	8.66 	5.51 	7.30 	9.80 	8.75 	10.66 	11.51 	17.75 	18.98 	15.19 	19.63 	18.34 
A,I_IUSELL,PC_IND,ES24	: 	: 	: 	: 	: 	6.34 	9.79 	7.78 	10.35 	11.17 	10.13 	12.72 	10.25 	13.95 	13.41 	16.28 	19.86 	18.48 	18.96 	20.59 
A,I_IUSELL,PC_IND,ES3	: 	: 	: 	: 	: 	8.04 	10.07 	11.08 	10.88 	12.65 	13.35 	16.50 	14.55 	18.11 	17.99 	23.75 	23.96 	24.67 	24.55 	25.02 
A,I_IUSELL,PC_IND,ES30	: 	: 	: 	: 	: 	8.04 	10.07 	11.08 	10.88 	12.65 	13.35 	16.50 	14.55 	18.11 	17.99 	23.75 	23.96 	24.67 	24.55 	25.02 
A,I_IUSELL,PC_IND,ES4	: 	: 	: 	: 	: 	6.65 	6.10 	7.00 	8.96 	8.85 	10.67 	12.24 	10.49 	11.58 	12.89 	16.09 	18.56 	19.40 	18.44 	20.99 
A,I_IUSELL,PC_IND,ES41	: 	: 	: 	: 	: 	6.72 	6.03 	7.13 	8.81 	8.02 	9.72 	10.68 	10.13 	11.72 	13.99 	14.98 	19.72 	19.44 	17.81 	21.10 
A,I_IUSELL,PC_IND,ES42	: 	: 	: 	: 	: 	5.85 	6.41 	7.21 	9.81 	9.41 	11.25 	14.57 	11.28 	12.86 	11.66 	16.65 	16.09 	19.49 	17.70 	20.39 
A,I_IUSELL,PC_IND,ES43	: 	: 	: 	: 	: 	8.02 	5.68 	6.33 	7.70 	9.65 	11.71 	11.35 	9.83 	8.85 	12.80 	17.48 	20.84 	19.11 	21.30 	21.98 
A,I_IUSELL,PC_IND,ES5	: 	: 	: 	: 	: 	7.59 	9.11 	7.76 	11.22 	12.16 	13.92 	14.97 	12.77 	15.52 	15.27 	19.18 	20.92 	18.47 	24.44 	24.29 
A,I_IUSELL,PC_IND,ES51	: 	: 	: 	: 	: 	7.07 	8.61 	8.69 	12.95 	11.95 	14.90 	14.42 	12.79 	16.26 	16.68 	18.96 	20.74 	18.94 	25.62 	24.15 
A,I_IUSELL,PC_IND,ES52	: 	: 	: 	: 	: 	8.36 	9.91 	6.69 	8.58 	12.15 	12.17 	16.14 	12.93 	15.17 	14.01 	20.66 	21.75 	18.08 	23.70 	24.99 
A,I_IUSELL,PC_IND,ES53	: 	: 	: 	: 	: 	7.59 	8.84 	6.48 	11.66 	13.61 	15.19 	13.50 	12.01 	12.41 	11.87 	14.51 	18.64 	17.21 	20.13 	22.25 
A,I_IUSELL,PC_IND,ES6	: 	: 	: 	: 	: 	6.00 	7.61 	9.16 	9.32 	7.88 	11.46 	10.78 	10.08 	13.40 	12.52 	16.34 	19.58 	18.01 	19.44 	20.35 
A,I_IUSELL,PC_IND,ES61	: 	: 	: 	: 	: 	6.25 	7.54 	9.58 	9.65 	7.69 	12.04 	10.78 	10.20 	13.66 	12.72 	15.73 	19.98 	17.71 	20.20 	20.49 
A,I_IUSELL,PC_IND,ES62	: 	: 	: 	: 	: 	4.35 	7.83 	6.95 	7.49 	9.21 	8.25 	9.65 	9.03 	11.84 	11.77 	20.15 	17.92 	20.83 	15.91 	20.14 
A,I_IUSELL,PC_IND,ES63	: 	: 	: 	: 	: 	11.00 	8.30 	8.82 	10.08 	6.02 	9.73 	28.09 	11.20 	14.99 u	3.27 u	9.76 	10.24 	3.68 	: u	12.05 
A,I_IUSELL,PC_IND,ES64	: 	: 	: 	: 	: 	5.17 	9.43 	5.46 	7.23 	5.60 	10.13 	14.06 	15.43 	12.64 	14.10 	15.36 	17.45 	10.68 	: u	18.07 
A,I_IUSELL,PC_IND,ES7	: 	: 	: 	: 	: 	8.60 	8.03 	9.71 	12.32 	8.99 	10.84 	12.77 	10.41 	10.16 	9.90 	14.97 	10.33 	11.41 	14.36 	13.19 
A,I_IUSELL,PC_IND,ES70	: 	: 	: 	: 	: 	8.60 	8.03 	9.71 	12.32 	8.99 	10.84 	12.77 	10.41 	10.16 	9.90 	14.97 	10.33 	11.41 	14.36 	13.19 
A,I_IUSELL,PC_IND,FI	14.19 	13.11 	14.36 	13.32 	14.87 	16.24 	19.29 	17.00 	22.26 	22.96 	20.57 	23.65 	27.07 	31.71 	28.82 	30.69 	32.35 	32.07 	33.09 	31.21 
A,I_IUSELL,PC_IND,FI1	: 	: 	: 	: 	: 	16.24 	19.29 	17.00 	22.26 	22.96 	20.57 	23.65 	27.07 	31.71 	28.82 	30.69 	32.35 	32.07 	33.09 	31.21 
A,I_IUSELL,PC_IND,FI19	: 	: 	: 	: 	: 	17.01 	20.44 	17.81 	22.49 	22.94 	19.31 	22.07 	25.04 	32.12 	29.76 	31.25 	30.63 	32.50 	30.83 	31.77 
A,I_IUSELL,PC_IND,FI1B	: 	: 	: 	: 	: 	: 	20.07 	17.24 	22.31 	25.10 	24.40 	24.33 	27.05 	34.82 	30.00 	34.53 	34.75 	35.03 	34.68 	31.99 
A,I_IUSELL,PC_IND,FI1C	: 	: 	: 	: 	: 	: 	17.88 	17.12 	18.70 	21.65 	17.18 	23.23 	25.39 	27.94 	25.21 	26.31 	32.12 	29.22 	32.57 	32.39 
A,I_IUSELL,PC_IND,FI1D	: 	: 	: 	: 	: 	15.04 	18.40 	15.73 	25.17 	21.51 	20.10 	24.86 	30.87 	30.46 	29.59 	28.96 	31.11 	30.02 	33.77 	28.37 
A,I_IUSELL,PC_IND,FR	: 	7.04 	10.40 	12.04 	22.47 	23.72 	27.80 	32.35 	28.98 	26.70 	23.61 	25.06 	21.77 	22.32 	: 	24.73 	23.15 	25.26 	25.47 	26.48 
A,I_IUSELL,PC_IND,FR1	: 	: 	: 	: 	: 	20.76 	23.63 	31.83 	23.81 	23.13 	19.54 	24.48 	19.67 	18.81 	: 	22.15 	20.88 	22.65 	24.05 	24.80 u
A,I_IUSELL,PC_IND,FR10	: 	: 	: 	: 	: 	: 	: 	: 	23.81 	23.13 	19.54 	24.48 	19.67 	18.81 	: 	22.15 	20.88 	22.65 	24.05 	24.80 u
A,I_IUSELL,PC_IND,FRB	: 	: 	: 	: 	: 	: 	: 	: 	27.78 	23.32 	24.26 	28.37 	22.68 	24.62 	: 	23.97 	24.48 	22.97 	25.67 	26.96 u
A,I_IUSELL,PC_IND,FRB0	: 	: 	: 	: 	: 	: 	: 	: 	27.78 	23.32 	24.26 	28.37 	22.68 	24.62 	: 	23.97 	24.48 	22.97 	25.67 	26.96 u
A,I_IUSELL,PC_IND,FRC	: 	: 	: 	: 	: 	: 	: 	: 	29.05 	28.28 	24.84 	25.69 	22.23 	24.39 	: 	24.30 	23.80 	29.06 	25.25 	24.25 u
A,I_IUSELL,PC_IND,FRC1	: 	: 	: 	: 	: 	: 	: 	: 	32.25 	27.22 	22.98 	25.85 	22.12 	24.27 	: 	24.34 	26.20 	27.54 	22.15 	22.03 u
A,I_IUSELL,PC_IND,FRC2	: 	: 	: 	: 	: 	: 	: 	: 	24.37 	29.72 	27.48 	25.47 	22.39 	24.57 	: 	24.25 	20.61 	30.88 	29.66 	27.34 u
A,I_IUSELL,PC_IND,FRD	: 	: 	: 	: 	: 	: 	: 	: 	32.02 	30.98 	27.73 	27.48 	23.71 	21.69 	: 	29.34 	25.42 	27.32 	30.91 	28.76 u
A,I_IUSELL,PC_IND,FRD1	: 	: 	: 	: 	: 	: 	: 	: 	30.76 	27.04 	26.13 	25.43 	18.09 	21.44 	: 	32.18 	26.92 	28.97 	31.69 	24.17 u
A,I_IUSELL,PC_IND,FRD2	: 	: 	: 	: 	: 	: 	: 	: 	32.93 	33.64 	29.02 	29.11 	27.68 	21.91 	: 	27.36 	24.19 	25.72 	30.30 	32.65 u
A,I_IUSELL,PC_IND,FRE	: 	: 	: 	: 	: 	: 	: 	: 	34.05 	28.99 	26.59 	24.63 	21.12 	25.81 	: 	26.90 	27.28 	28.35 	30.08 	27.90 u
A,I_IUSELL,PC_IND,FRE1	: 	: 	: 	: 	: 	: 	: 	: 	34.99 	29.50 	24.56 	26.24 	22.53 	24.96 	: 	27.57 	28.71 	28.66 	31.38 	27.06 u
A,I_IUSELL,PC_IND,FRE2	: 	: 	: 	: 	: 	: 	: 	: 	32.13 	27.86 	30.41 	21.70 	18.15 	27.42 	: 	25.57 	24.30 	27.67 	27.12 	29.61 u
A,I_IUSELL,PC_IND,FRF	: 	: 	: 	: 	: 	: 	: 	: 	29.40 	29.55 	22.38 	27.54 	23.64 	19.81 	: 	22.42 	22.00 	25.40 	21.94 	22.37 u
A,I_IUSELL,PC_IND,FRF1	: 	: 	: 	: 	: 	: 	: 	: 	28.29 	29.82 	23.68 	26.95 	21.81 	19.66 	: 	23.43 	23.45 	26.34 	20.79 	25.34 u
A,I_IUSELL,PC_IND,FRF2	: 	: 	: 	: 	: 	: 	: 	: 	29.25 	26.17 	22.56 	32.54 	23.28 	15.03 	: 	23.92 	19.03 	25.47 	25.34 u	21.02 u
A,I_IUSELL,PC_IND,FRF3	: 	: 	: 	: 	: 	: 	: 	: 	30.42 	31.21 	21.28 	25.70 	25.32 	22.90 	: 	20.67 	22.12 	24.57 	21.07 	20.31 u
A,I_IUSELL,PC_IND,FRG	: 	: 	: 	: 	: 	: 	: 	: 	37.19 	31.00 	28.31 	27.69 	27.51 	27.87 	: 	29.71 	24.05 	30.21 	26.83 	31.72 u
A,I_IUSELL,PC_IND,FRG0	: 	: 	: 	: 	: 	: 	: 	: 	37.19 	31.00 	28.31 	27.69 	27.51 	27.87 	: 	29.71 	24.05 	30.21 	26.83 	31.72 u
A,I_IUSELL,PC_IND,FRH	: 	: 	: 	: 	: 	: 	: 	: 	29.76 	28.35 	25.12 	27.93 	21.38 	27.20 	: 	30.65 	27.93 	29.11 	30.00 	26.70 u
A,I_IUSELL,PC_IND,FRH0	: 	: 	: 	: 	: 	: 	: 	: 	29.76 	28.35 	25.12 	27.93 	21.38 	27.20 	: 	30.65 	27.93 	29.11 	30.00 	26.70 u
A,I_IUSELL,PC_IND,FRI	: 	: 	: 	: 	: 	: 	: 	: 	33.84 	25.89 	26.68 	26.26 	20.85 	24.74 	: 	27.38 	23.23 	28.41 	26.86 	27.61 u
A,I_IUSELL,PC_IND,FRI1	: 	: 	: 	: 	: 	: 	: 	: 	35.97 	25.90 	24.44 	27.48 	18.84 	24.86 	: 	26.91 	23.05 	30.48 	25.74 	29.68 u
A,I_IUSELL,PC_IND,FRI2	: 	: 	: 	: 	: 	: 	: 	: 	31.31 	24.92 	24.13 	31.28 	19.47 	27.58 	: 	22.63 	34.40 	28.44 	18.85 u	19.54 u
A,I_IUSELL,PC_IND,FRI3	: 	: 	: 	: 	: 	: 	: 	: 	30.43 	26.27 	32.40 	21.22 	24.96 	23.38 	: 	30.51 	18.99 	24.31 	31.95 	27.32 u
A,I_IUSELL,PC_IND,FRJ	: 	: 	: 	: 	: 	: 	: 	: 	31.57 	27.31 	26.99 	23.77 	20.50 	21.55 	: 	24.11 	23.01 	25.22 	26.29 	26.55 u
A,I_IUSELL,PC_IND,FRJ1	: 	: 	: 	: 	: 	: 	: 	: 	31.52 	22.43 	22.81 	22.27 	16.51 	16.31 	: 	23.01 	20.71 	23.75 	28.35 	24.12 u
A,I_IUSELL,PC_IND,FRJ2	: 	: 	: 	: 	: 	: 	: 	: 	31.62 	31.91 	30.83 	25.23 	24.36 	26.50 	: 	25.19 	24.97 	26.53 	24.44 	28.84 u
A,I_IUSELL,PC_IND,FRK	: 	: 	: 	: 	: 	23.77 	27.87 	31.89 	29.00 	29.84 	24.58 	25.05 	26.04 	24.87 	: 	24.64 	22.63 	24.65 	25.10 	29.80 u
A,I_IUSELL,PC_IND,FRK1	: 	: 	: 	: 	: 	: 	: 	: 	23.91 	35.36 	20.05 	25.29 	26.11 	26.38 	: 	26.31 	22.68 	16.73 	22.65 	36.72 u
A,I_IUSELL,PC_IND,FRK2	: 	: 	: 	: 	: 	: 	: 	: 	30.07 	28.68 	25.59 	25.00 	26.02 	24.58 	: 	24.31 	22.61 	26.38 	25.60 	28.47 u
A,I_IUSELL,PC_IND,FRL	: 	: 	: 	: 	: 	: 	: 	: 	26.07 	23.31 	21.36 	22.62 	20.69 	19.76 	: 	25.40 	25.41 	21.41 	24.36 	28.04 u
A,I_IUSELL,PC_IND,FRL0	: 	: 	: 	: 	: 	: 	: 	: 	26.07 	23.31 	21.36 	22.62 	20.69 	19.76 	: 	25.40 	25.41 	21.41 	24.36 	28.04 u
A,I_IUSELL,PC_IND,FRM	: 	: 	: 	: 	: 	: 	: 	: 	13.70 u	20.73 u	3.92 u	10.31 u	17.27 u	16.26 u	: 	19.63 u	12.91 u	38.56 u	: u	36.64 u
A,I_IUSELL,PC_IND,FRM0	: 	: 	: 	: 	: 	: 	: 	: 	13.70 u	20.73 u	3.92 u	10.31 u	17.27 u	16.26 u	: 	19.63 u	12.91 u	38.56 u	: u	36.64 u
A,I_IUSELL,PC_IND,FRY	: 	: 	: 	: 	: 	: 	: 	: 	: 	14.96 	5.80 	11.78 	8.67 	8.62 	: 	7.95 	8.54 	11.01 	9.72 	8.59 u
A,I_IUSELL,PC_IND,FRY1	: 	: 	: 	: 	: 	: 	: 	: 	: 	18.74 	6.42 	7.04 	13.19 	5.35 	: 	3.66 	5.93 	7.72 	5.54 u	3.36 u
A,I_IUSELL,PC_IND,FRY2	: 	: 	: 	: 	: 	: 	: 	: 	: 	14.49 	2.01 	9.16 	2.72 	13.58 	: 	10.20 	9.02 	8.07 	: u	9.53 u
A,I_IUSELL,PC_IND,FRY3	: 	: 	: 	: 	: 	: 	: 	: 	: 	12.76 	4.21 	8.06 	11.26 	9.12 	: 	8.29 	8.28 	8.51 	: u	11.43 u
A,I_IUSELL,PC_IND,FRY4	: 	: 	: 	: 	: 	: 	: 	: 	: 	13.95 	7.59 	15.98 	8.60 	7.73 	: 	8.82 	9.66 	14.34 	13.07 	9.63 u
A,I_IUSELL,PC_IND,HR	: 	1.83 	3.78 	6.36 	4.54 	6.62 	9.12 	10.17 	21.20 	34.94 	27.76 	25.00 	24.85 	21.62 	22.77 	26.28 	23.87 	15.44 	25.45 	20.40 
A,I_IUSELL,PC_IND,HR0	: 	: 	: 	: 	: 	6.62 	9.12 	10.17 	21.20 	34.94 	27.76 	25.00 	24.85 	21.62 	22.77 	26.28 	23.87 	15.44 	25.45 	20.40 
A,I_IUSELL,PC_IND,HR03	: 	: 	: 	: 	: 	7.60 	8.49 	11.57 	17.53 	32.11 	23.05 	18.21 	21.21 	19.34 	19.71 	25.16 	22.15 	13.15 	23.02 	18.03 
A,I_IUSELL,PC_IND,HR04	: 	: 	: 	: 	: 	6.17 	9.40 	9.50 	23.04 	36.22 	29.89 	27.87 	26.56 	22.75 	24.31 	: 	: 	: 	: 	: 
A,I_IUSELL,PC_IND,HR05	: 	: 	: 	: 	: 	: 	: 	: 	: 	: 	: 	: 	: 	: 	: 	26.52 	22.18 	18.98 	32.87 	26.27 
A,I_IUSELL,PC_IND,HR06	: 	: 	: 	: 	: 	: 	: 	: 	: 	: 	: 	: 	: 	: 	: 	30.25 	29.40 	14.91 	25.67 	21.61 
A,I_IUSELL,PC_IND,HU	2.58 	3.51 	4.53 	4.60 	8.17 	12.16 	10.45 	16.22 	17.84 	18.41 	11.35 	10.86 	10.93 	13.23 	28.08 	26.65 	28.63 	33.78 	25.75 	23.02 
A,I_IUSELL,PC_IND,HU1	: 	: 	: 	: 	: 	16.46 	12.98 	21.08 	20.40 	19.94 	13.05 	14.09 	11.50 	13.89 	30.50 	27.94 	30.74 	39.32 	27.78 	24.27 
A,I_IUSELL,PC_IND,HU10	: 	: 	: 	: 	: 	16.46 	12.98 	21.08 	20.40 	19.94 	13.05 	14.09 	: 	: 	: 	: 	: 	: 	: 	: 
A,I_IUSELL,PC_IND,HU11	: 	: 	: 	: 	: 	: 	: 	: 	: 	: 	: 	: 	15.09 	17.41 	31.91 	26.79 	30.67 	41.66 	29.49 	25.53 
A,I_IUSELL,PC_IND,HU12	: 	: 	: 	: 	: 	: 	: 	: 	: 	: 	: 	: 	6.57 	9.11 	28.63 	29.39 	30.82 	36.36 	25.62 	22.64 
A,I_IUSELL,PC_IND,HU2	: 	: 	: 	: 	: 	10.58 	10.68 	15.35 	19.01 	19.81 	12.60 	11.77 	12.35 	14.23 	26.63 	26.94 	29.01 	29.69 	27.00 	24.48 
A,I_IUSELL,PC_IND,HU21	: 	: 	: 	: 	: 	12.35 	12.43 	16.26 	21.30 	20.87 	12.55 	10.98 	10.49 	17.93 	28.78 	27.58 	29.67 	28.31 	26.93 	23.49 
A,I_IUSELL,PC_IND,HU22	: 	: 	: 	: 	: 	10.19 	9.12 	14.43 	18.06 	21.43 	11.66 	12.87 	16.04 	11.56 	25.74 	25.77 	30.92 	33.91 	30.39 	27.16 
A,I_IUSELL,PC_IND,HU23	: 	: 	: 	: 	: 	8.93 	10.29 	15.28 	17.33 	16.77 	13.70 	11.47 	10.43 	12.77 	25.01 	27.51 	25.96 	26.43 	23.06 	22.62 
A,I_IUSELL,PC_IND,HU3	: 	: 	: 	: 	: 	10.20 	8.39 	13.22 	15.02 	16.18 	9.07 	7.66 	9.38 	11.92 	27.28 	25.38 	26.61 	32.50 	23.06 	20.81 
A,I_IUSELL,PC_IND,HU31	: 	: 	: 	: 	: 	9.63 	9.65 	14.82 	15.89 	18.12 	9.66 	9.63 	9.91 	11.88 	27.74 	28.65 	28.41 	33.62 	22.68 	19.36 
A,I_IUSELL,PC_IND,HU32	: 	: 	: 	: 	: 	9.63 	7.28 	11.95 	14.25 	14.27 	8.85 	7.45 	10.94 	13.92 	25.16 	21.60 	25.97 	29.45 	24.16 	21.24 
A,I_IUSELL,PC_IND,HU33	: 	: 	: 	: 	: 	11.39 	8.48 	13.24 	15.11 	16.64 	8.80 	6.12 	7.07 	9.62 	29.36 	26.90 	25.77 	35.06 	22.10 	21.62 
A,I_IUSELL,PC_IND,IE	4.08 	3.47 	2.96 	5.45 	4.54 	12.94 	12.57 	11.67 	11.29 	10.65 	10.67 	18.26 	24.15 	18.92 	7.08 	15.50 b	14.35 	19.21 	18.13 	20.63 
A,I_IUSELL,PC_IND,IE0	: 	: 	: 	: 	: 	12.94 	12.57 	11.67 	11.29 	10.65 	10.67 	18.26 	24.15 	18.92 	7.08 	15.50 b	14.35 	19.21 	18.13 	20.63 
A,I_IUSELL,PC_IND,IE01	: 	: 	: 	: 	: 	8.32 	10.03 	10.54 	8.90 	7.82 	10.10 	16.93 	: 	: 	: 	: 	: 	: 	: 	: 
A,I_IUSELL,PC_IND,IE02	: 	: 	: 	: 	: 	14.61 	13.49 	12.08 	12.13 	11.63 	10.86 	18.71 	: 	: 	: 	: 	: 	: 	: 	: 
A,I_IUSELL,PC_IND,IE04	: 	: 	: 	: 	: 	: 	: 	: 	: 	: 	: 	: 	27.26 	24.83 	5.52 	12.95 b	11.61 	29.11 	16.95 	18.40 
A,I_IUSELL,PC_IND,IE05	: 	: 	: 	: 	: 	: 	: 	: 	: 	: 	: 	: 	23.28 	17.41 	7.30 	17.43 b	13.30 	15.61 	17.11 	22.17 
A,I_IUSELL,PC_IND,IE06	: 	: 	: 	: 	: 	: 	: 	: 	: 	: 	: 	: 	23.23 	17.84 	7.73 	15.16 b	15.57 	18.04 	19.43 	20.62 
A,I_IUSELL,PC_IND,IS	8.43 	11.81 	: 	12.92 	15.64 	18.27 	19.98 	22.81 	31.16 	: 	: 	33.59 	27.57 	21.18 	23.35 	22.98 	: 	: 	: 	: 
A,I_IUSELL,PC_IND,IS0	: 	: 	: 	: 	: 	18.27 	19.98 	22.81 	31.16 	: 	: 	33.59 	27.57 	21.18 	23.35 	22.98 	: 	: 	: 	: 
A,I_IUSELL,PC_IND,IS00	: 	: 	: 	: 	: 	: 	: 	: 	: 	: 	: 	33.59 	27.57 	21.18 	23.35 	22.98 	: 	: 	: 	: 
A,I_IUSELL,PC_IND,IT	2.75 	3.64 	3.56 	4.01 	4.55 	7.42 	8.05 	9.02 	9.28 	8.91 	6.53 	7.55 	8.24 	7.98 	10.08 	13.31 	14.56 	16.79 	18.01 	19.58 
A,I_IUSELL,PC_IND,ITC	: 	: 	: 	: 	: 	8.40 	8.94 	9.19 	10.34 	10.75 	8.12 	8.58 	9.41 	9.36 	10.29 	14.60 	15.77 	18.49 	19.95 	20.96 
A,I_IUSELL,PC_IND,ITC1	: 	: 	: 	: 	: 	8.62 	8.56 	8.17 	9.65 	10.72 	8.05 	8.53 	9.53 	8.30 	10.20 	14.58 	16.04 	18.05 	20.70 	20.45 
A,I_IUSELL,PC_IND,ITC2	: 	: 	: 	: 	: 	10.20 	8.76 	9.98 	9.14 	12.49 	7.51 	9.20 	10.73 	10.65 	12.09 	15.62 	18.18 	14.12 	18.69 	18.92 
A,I_IUSELL,PC_IND,ITC3	: 	: 	: 	: 	: 	6.98 	11.06 	10.11 	10.60 	10.41 	8.32 	7.19 	8.86 	9.02 	10.31 	14.25 	15.43 	18.19 	20.12 	21.12 
A,I_IUSELL,PC_IND,ITC4	: 	: 	: 	: 	: 	8.50 	8.77 	9.48 	10.62 	10.80 	8.12 	8.80 	9.43 	9.85 	10.30 	14.65 	15.68 	18.77 	19.62 	21.17 
A,I_IUSELL,PC_IND,ITF	: 	: 	: 	: 	: 	5.15 	5.61 	7.25 	6.41 	6.13 	4.15 	5.43 	5.50 	6.28 	8.31 	10.93 	11.82 	13.72 	14.32 	16.40 
A,I_IUSELL,PC_IND,ITF1	: 	: 	: 	: 	: 	7.77 	7.30 	9.23 	9.16 	7.49 	5.98 	5.53 	6.17 	7.74 	10.02 	14.78 	16.07 	17.85 	17.73 	19.17 
A,I_IUSELL,PC_IND,ITF2	: 	: 	: 	: 	: 	5.49 	7.16 	5.40 	7.19 	8.99 	6.96 	6.20 	8.78 	6.81 	12.11 	11.44 	15.45 	16.33 	16.02 	14.92 
A,I_IUSELL,PC_IND,ITF3	: 	: 	: 	: 	: 	4.97 	5.91 	6.18 	5.39 	5.51 	3.75 	5.35 	4.54 	5.24 	7.86 	9.33 	12.28 	12.71 	13.06 	15.97 
A,I_IUSELL,PC_IND,ITF4	: 	: 	: 	: 	: 	4.88 	5.03 	8.71 	6.49 	6.57 	4.53 	5.74 	6.20 	7.33 	9.22 	13.15 	11.72 	15.56 	15.90 	18.02 
A,I_IUSELL,PC_IND,ITF5	: 	: 	: 	: 	: 	5.26 	7.12 	8.78 	6.65 	7.75 	4.02 	5.94 	7.47 	5.23 	8.58 	10.94 	10.24 	11.52 	13.60 	14.60 
A,I_IUSELL,PC_IND,ITF6	: 	: 	: 	: 	: 	4.38 	4.08 	5.89 	7.18 	5.21 	2.93 	4.72 	5.37 	6.50 	6.00 	8.49 	7.53 	10.34 	12.50 	13.05 
A,I_IUSELL,PC_IND,ITG	: 	: 	: 	: 	: 	5.03 	6.02 	6.56 	7.66 	5.88 	5.31 	5.32 	6.19 	5.56 	8.17 	10.65 	10.10 	11.53 	11.32 	16.29 
A,I_IUSELL,PC_IND,ITG1	: 	: 	: 	: 	: 	3.99 	5.29 	5.40 	6.65 	4.73 	4.84 	4.82 	5.65 	4.98 	7.80 	9.97 	9.34 	11.31 	10.89 	15.94 
A,I_IUSELL,PC_IND,ITG2	: 	: 	: 	: 	: 	8.04 	8.10 	10.01 	10.59 	9.30 	6.68 	6.77 	7.82 	7.28 	9.27 	12.67 	12.36 	12.18 	12.62 	17.36 
A,I_IUSELL,PC_IND,ITH	: 	: 	: 	: 	: 	8.76 	9.81 	12.03 	11.07 	10.58 	7.83 	10.11 	9.99 	9.16 	12.58 	15.84 	17.20 	19.96 	20.74 	21.62 
A,I_IUSELL,PC_IND,ITH1	: 	: 	: 	: 	: 	10.07 	11.47 	11.74 	15.11 	12.42 	7.21 	10.20 	10.37 	9.48 	16.90 	21.47 	19.33 	24.71 	25.22 	25.83 
A,I_IUSELL,PC_IND,ITH2	: 	: 	: 	: 	: 	8.76 	8.20 	13.45 	13.03 	14.28 	8.34 	8.09 	11.48 	9.34 	13.72 	13.44 	17.53 	19.19 	21.66 	25.05 
A,I_IUSELL,PC_IND,ITH3	: 	: 	: 	: 	: 	8.39 	9.86 	11.71 	10.61 	9.80 	8.00 	9.95 	10.02 	8.94 	10.96 	15.92 	17.04 	19.93 	21.06 	20.70 
A,I_IUSELL,PC_IND,ITH4	: 	: 	: 	: 	: 	8.44 	9.74 	12.31 	14.09 	11.70 	10.10 	10.83 	8.26 	7.72 	11.77 	14.70 	17.55 	17.41 	20.75 	18.75 
A,I_IUSELL,PC_IND,ITH5	: 	: 	: 	: 	: 	: 	9.78 	12.16 	10.04 	10.46 	7.02 	10.32 	10.20 	9.75 	13.96 	15.66 	17.00 	20.20 	19.71 	22.44 
A,I_IUSELL,PC_IND,ITI	: 	: 	: 	: 	: 	8.82 	9.17 	9.33 	10.41 	9.87 	6.71 	7.50 	9.40 	8.37 	10.52 	13.41 	15.96 	17.87 	20.68 	21.16 
A,I_IUSELL,PC_IND,ITI1	: 	: 	: 	: 	: 	9.19 	8.27 	9.95 	10.94 	9.92 	6.77 	8.09 	9.98 	9.58 	10.64 	14.54 	15.97 	18.62 	21.53 	19.99 
A,I_IUSELL,PC_IND,ITI2	: 	: 	: 	: 	: 	9.15 	8.82 	10.58 	10.31 	10.06 	5.57 	5.75 	9.81 	8.61 	10.36 	11.41 	14.07 	16.97 	21.08 	19.15 
A,I_IUSELL,PC_IND,ITI3	: 	: 	: 	: 	: 	: 	10.55 	9.81 	11.99 	10.53 	7.70 	8.48 	8.04 	8.37 	11.47 	12.25 	16.52 	15.17 	19.52 	20.99 
A,I_IUSELL,PC_IND,ITI4	: 	: 	: 	: 	: 	8.54 	9.42 	8.62 	9.68 	9.64 	6.57 	7.14 	9.32 	7.58 	10.24 	13.30 	16.08 	18.22 	20.39 	22.24 
A,I_IUSELL,PC_IND,LT	2.17 	0.90 	1.21 	1.76 	1.90 	3.14 	4.28 	4.21 	3.64 	3.43 	5.06 	6.70 	7.97 	8.90 	13.54 	15.28 	16.93 	16.55 	21.98 	21.87 
A,I_IUSELL,PC_IND,LT0	: 	: 	: 	: 	: 	3.14 	4.28 	4.21 	3.64 	3.43 	5.06 	6.70 	7.97 	8.90 	13.54 	15.28 	16.93 	16.55 	21.98 	21.87 
A,I_IUSELL,PC_IND,LT00	: 	: 	: 	: 	: 	3.14 	4.28 	4.21 	3.64 	3.43 	5.06 	6.70 	: 	: 	: 	: 	: 	: 	: 	: 
A,I_IUSELL,PC_IND,LT01	: 	: 	: 	: 	: 	: 	: 	: 	: 	: 	: 	: 	10.98 	11.07 	16.18 	19.49 	18.11 	19.26 	23.40 	25.03 
A,I_IUSELL,PC_IND,LT02	: 	: 	: 	: 	: 	: 	: 	: 	: 	: 	: 	: 	6.75 	8.00 	12.43 	13.49 	16.45 	15.41 	21.37 	20.50 
A,I_IUSELL,PC_IND,LU	5.35 	12.04 	11.91 	14.66 	11.20 	19.62 	21.80 	15.74 	14.19 	15.98 	14.17 	17.14 	14.23 b	15.74 	18.15 	23.42 	16.33 	17.37 	20.93 	19.40 
A,I_IUSELL,PC_IND,LU0	: 	: 	: 	: 	: 	19.62 	21.80 	15.74 	14.19 	15.98 	14.17 	17.14 	14.23 b	15.74 	18.15 	23.42 	16.33 	17.37 	20.93 	19.40 
A,I_IUSELL,PC_IND,LU00	: 	: 	: 	: 	: 	19.62 	21.80 	15.74 	14.19 	15.98 	14.17 	17.14 	14.23 b	15.74 	18.15 	23.42 	16.33 	17.37 	20.93 	19.40 
A,I_IUSELL,PC_IND,LV	2.10 	1.76 	: 	3.72 	: 	8.04 	3.85 	4.64 	3.73 	5.53 	5.49 b	7.78 	9.55 	8.85 	12.21 	13.43 	10.28 	13.25 	12.71 	12.91 
A,I_IUSELL,PC_IND,LV0	: 	: 	: 	: 	: 	8.04 	3.85 	4.64 	3.73 	5.53 	5.49 b	7.78 	9.55 	8.85 	12.21 	13.43 	10.28 	13.25 	12.71 	12.91 
A,I_IUSELL,PC_IND,LV00	: 	: 	: 	: 	: 	8.04 	3.85 	4.64 	3.73 	5.53 	5.49 b	7.78 	9.55 	8.85 	12.21 	13.43 	10.28 	13.25 	12.71 	12.91 
A,I_IUSELL,PC_IND,ME	: 	: 	: 	: 	: 	: 	3.93 	: 	: 	: 	: 	5.32 	3.35 	4.08 	4.90 	4.97 	6.15 	5.40 	6.93 	7.89 
A,I_IUSELL,PC_IND,ME0	: 	: 	: 	: 	: 	: 	: 	: 	: 	: 	: 	: 	: 	: 	: 	: 	: 	5.40 	6.93 	7.89 
A,I_IUSELL,PC_IND,MK	0.52 	: 	0.97 	1.19 	1.63 	: 	2.68 	4.68 	3.45 	3.96 	5.16 	3.15 	5.73 	4.71 	8.48 	5.13 	: 	: 	12.59 	11.65 
A,I_IUSELL,PC_IND,MK0	: 	: 	: 	: 	: 	: 	2.68 	4.68 	3.45 	3.96 	5.16 	3.15 	5.73 	4.71 	8.48 	5.13 	: 	: 	12.59 	11.65 
A,I_IUSELL,PC_IND,MK00	: 	: 	: 	: 	: 	: 	2.68 	4.68 	3.45 	3.96 	5.16 	3.15 	5.73 	4.71 	8.48 	: 	: 	: 	: 	: 
A,I_IUSELL,PC_IND,MT	3.47 	6.99 	4.77 	3.88 	13.25 	20.79 	13.92 	20.96 	16.83 	24.55 	21.43 	29.08 	29.27 	30.24 	32.97 	35.44 	36.28 	39.44 	27.99 	30.39 
A,I_IUSELL,PC_IND,MT0	: 	: 	: 	: 	: 	20.79 	13.92 	20.96 	16.83 	24.55 	21.43 	29.08 	29.27 	30.24 	32.97 	35.44 	36.28 	39.44 	27.99 	30.39 
A,I_IUSELL,PC_IND,MT00	: 	: 	: 	: 	: 	20.79 	13.92 	20.96 	16.83 	24.55 	21.43 	29.08 	29.27 	30.24 	32.97 	35.44 	36.28 	39.44 	27.99 	30.39 
A,I_IUSELL,PC_IND,NL	18.47 	20.14 	22.63 	18.14 	24.23 	26.15 	19.88 	47.67 	28.56 	28.14 	33.68 	36.62 	35.11 	36.49 	36.97 	42.97 	41.43 	41.22 	42.96 	46.67 
A,I_IUSELL,PC_IND,NL1	: 	: 	: 	: 	: 	26.83 	22.73 	51.39 	31.52 	27.50 	37.63 	39.07 	37.12 	36.31 	41.17 	45.47 	43.31 	42.75 	40.33 	48.75 
A,I_IUSELL,PC_IND,NL11	: 	: 	: 	: 	: 	26.00 	20.88 	46.24 	28.02 	28.92 	35.54 	41.76 	36.84 	34.69 	35.16 	43.46 	41.69 	43.16 	40.67 	47.00 
A,I_IUSELL,PC_IND,NL12	: 	: 	: 	: 	: 	21.93 	19.60 	54.08 	33.91 	22.95 	40.51 	33.06 	37.59 	39.09 	45.74 	44.45 	41.72 	42.32 	44.65 	46.44 
A,I_IUSELL,PC_IND,NL13	: 	: 	: 	: 	: 	34.08 	29.13 	54.09 	32.70 	31.78 	36.43 	43.67 	36.85 	34.62 	42.58 	49.32 	47.42 	42.81 	34.19 u	54.00 
A,I_IUSELL,PC_IND,NL2	: 	: 	: 	: 	: 	28.94 	22.59 	52.60 	28.79 	30.29 	34.95 	36.58 	35.23 	37.33 	38.21 	43.69 	44.71 	40.14 	42.51 	44.41 
A,I_IUSELL,PC_IND,NL21	: 	: 	: 	: 	: 	27.54 	23.42 	53.17 	33.62 	32.39 	32.40 	33.73 	37.65 	38.41 	39.88 	45.49 	46.86 	42.90 	43.56 	41.67 
A,I_IUSELL,PC_IND,NL22	: 	: 	: 	: 	: 	28.64 	21.19 	53.30 	27.28 	30.04 	35.83 	37.09 	32.99 	37.80 	39.49 	42.02 	44.82 	40.45 	41.57 	46.17 
A,I_IUSELL,PC_IND,NL23	: 	: 	: 	: 	: 	34.72 	27.27 	47.45 	22.69 	25.69 	37.65 	41.95 	39.73 	32.12 	27.45 	46.94 	38.46 	31.42 	44.17 	43.32 
A,I_IUSELL,PC_IND,NL3	: 	: 	: 	: 	: 	25.46 	18.33 	45.45 	29.30 	28.28 	33.83 	36.73 	34.79 	35.98 	36.03 	42.11 	40.40 	41.07 	44.00 	47.19 
A,I_IUSELL,PC_IND,NL31	: 	: 	: 	: 	: 	29.86 	21.84 	45.01 	34.05 	34.23 	38.05 	37.40 	43.03 	41.80 	36.06 	47.84 	43.21 	41.69 	: 	: 
A,I_IUSELL,PC_IND,NL32	: 	: 	: 	: 	: 	24.49 	17.96 	45.74 	27.55 	26.45 	35.11 	36.51 	34.41 	33.71 	34.80 	39.73 	39.96 	44.52 	44.96 	47.64 
A,I_IUSELL,PC_IND,NL33	: 	: 	: 	: 	: 	25.06 	17.72 	45.16 	27.81 	26.95 	31.80 	35.96 	33.27 	36.37 	36.83 	40.92 	38.75 	38.08 	: 	: 
A,I_IUSELL,PC_IND,NL34	: 	: 	: 	: 	: 	22.07 	15.39 	47.54 	40.89 	34.91 	29.63 	43.64 	24.33 	29.51 	37.60 	51.65 	50.17 	41.42 	40.24 	40.23 
A,I_IUSELL,PC_IND,NL35	: 	: 	: 	: 	: 	: 	: 	: 	: 	: 	: 	: 	: 	: 	: 	: 	: 	: 	46.98 	48.49 
A,I_IUSELL,PC_IND,NL36	: 	: 	: 	: 	: 	: 	: 	: 	: 	: 	: 	: 	: 	: 	: 	: 	: 	: 	42.54 	47.05 
A,I_IUSELL,PC_IND,NL4	: 	: 	: 	: 	: 	24.64 	19.31 	46.02 	25.29 	26.03 	30.25 	35.24 	34.76 	36.88 	35.94 	43.04 	39.66 	41.93 	42.27 	46.75 
A,I_IUSELL,PC_IND,NL41	: 	: 	: 	: 	: 	22.73 	19.94 	46.77 	26.28 	25.79 	30.06 	35.16 	35.37 	37.21 	36.87 	45.12 	41.53 	41.30 	43.17 	47.79 
A,I_IUSELL,PC_IND,NL42	: 	: 	: 	: 	: 	28.60 	17.95 	44.39 	23.15 	26.55 	30.67 	35.44 	33.37 	36.13 	33.80 	38.25 	35.34 	43.40 	40.17 	44.30 
A,I_IUSELL,PC_IND,NO	9.55 	7.89 	11.35 	10.80 	14.26 	24.34 	27.61 	28.02 	25.60 	29.43 	30.20 	32.38 	31.94 	33.38 	32.14 	39.35 	37.42 	41.37 	42.92 	43.41 
A,I_IUSELL,PC_IND,NO0	: 	: 	: 	: 	: 	24.34 	27.61 	28.02 	25.60 	29.43 	30.20 	32.38 	31.94 	33.38 	32.14 	39.35 	37.42 	41.37 	42.92 	43.41 
A,I_IUSELL,PC_IND,NO01	: 	: 	: 	: 	: 	24.69 	25.99 	32.48 	29.60 	31.49 	33.24 	33.89 	31.76 	39.00 	37.74 	: 	: 	: 	: 	: 
A,I_IUSELL,PC_IND,NO02	: 	: 	: 	: 	: 	23.68 	34.85 	20.83 	23.66 	23.94 	26.07 	24.26 	30.71 	30.58 	32.71 	37.79 	39.82 	36.15 	34.54 u	43.67 
A,I_IUSELL,PC_IND,NO03	: 	: 	: 	: 	: 	24.35 	31.59 	29.49 	26.04 	28.59 	32.61 	34.78 	29.53 	33.61 	35.33 	: 	: 	: 	: 	: 
A,I_IUSELL,PC_IND,NO04	: 	: 	: 	: 	: 	24.80 	30.62 	25.08 	23.69 	29.48 	31.31 	35.61 	35.47 	38.99 	29.77 	: 	: 	: 	: 	: 
A,I_IUSELL,PC_IND,NO05	: 	: 	: 	: 	: 	22.09 	23.62 	26.36 	27.11 	31.78 	25.42 	33.31 	30.55 	25.52 	26.36 	: 	: 	: 	: 	: 
A,I_IUSELL,PC_IND,NO06	: 	: 	: 	: 	: 	32.04 	28.30 	28.86 	21.37 	21.50 	32.71 	26.03 	33.28 	29.25 	24.03 	37.01 	31.28 	38.49 	44.26 	36.16 
A,I_IUSELL,PC_IND,NO07	: 	: 	: 	: 	: 	19.49 	19.63 	27.45 	19.10 	33.83 	25.01 	27.44 	34.26 	29.44 	29.41 	28.62 	31.32 	31.28 	29.38 u	30.17 
A,I_IUSELL,PC_IND,NO08	: 	: 	: 	: 	: 	: 	: 	: 	: 	: 	: 	: 	: 	: 	: 	45.98 	42.90 	44.72 	46.98 	50.38 
A,I_IUSELL,PC_IND,NO09	: 	: 	: 	: 	: 	: 	: 	: 	: 	: 	: 	: 	: 	: 	: 	36.27 	33.58 	45.06 	39.67 	44.29 
A,I_IUSELL,PC_IND,NO0A	: 	: 	: 	: 	: 	: 	: 	: 	: 	: 	: 	: 	: 	: 	: 	35.76 	35.18 	40.39 	45.18 	41.90 
A,I_IUSELL,PC_IND,PL	5.21 	4.86 	6.70 	5.76 	7.87 	7.62 	9.51 	7.56 	11.56 	12.13 	15.58 	15.51 	14.20 	13.68 	12.08 	10.79 	13.39 	13.62 	15.95 	15.01 
A,I_IUSELL,PC_IND,PL1	: 	: 	: 	: 	: 	8.53 	11.12 	9.05 	12.63 	13.27 	14.97 	17.19 	: 	: 	: 	: 	: 	: 	: 	: 
A,I_IUSELL,PC_IND,PL2	: 	: 	: 	: 	: 	7.75 	9.68 	8.47 	11.85 	12.85 	19.07 	17.43 	15.35 	14.70 	13.59 	10.16 	13.16 	17.09 	17.78 	18.89 
A,I_IUSELL,PC_IND,PL21	: 	: 	: 	: 	: 	: 	: 	: 	: 	: 	: 	: 	: 	: 	: 	: 	: 	16.67 	19.45 	15.06 
A,I_IUSELL,PC_IND,PL22	: 	: 	: 	: 	: 	: 	: 	: 	: 	: 	: 	: 	: 	: 	: 	: 	: 	17.43 	16.60 	22.16 
A,I_IUSELL,PC_IND,PL3	: 	: 	: 	: 	: 	4.82 	7.47 	5.26 	8.90 	9.35 	12.48 	12.61 	: 	: 	: 	: 	: 	: 	: 	: 
A,I_IUSELL,PC_IND,PL4	: 	: 	: 	: 	: 	7.78 	7.98 	6.19 	9.05 	11.17 	16.21 	14.05 	13.69 	13.97 	13.99 	13.91 	14.66 	10.82 	15.57 	14.30 
A,I_IUSELL,PC_IND,PL41	: 	: 	: 	: 	: 	: 	: 	: 	: 	: 	: 	: 	: 	: 	: 	: 	: 	12.91 	17.21 	17.83 
A,I_IUSELL,PC_IND,PL42	: 	: 	: 	: 	: 	: 	: 	: 	: 	: 	: 	: 	: 	: 	: 	: 	: 	5.44 	14.42 	8.30 
A,I_IUSELL,PC_IND,PL43	: 	: 	: 	: 	: 	: 	: 	: 	: 	: 	: 	: 	: 	: 	: 	: 	: 	9.74 	12.50 	11.48 
A,I_IUSELL,PC_IND,PL5	: 	: 	: 	: 	: 	8.96 	10.59 	7.52 	15.16 	13.25 	14.82 	14.55 	14.55 	17.61 	14.26 	13.02 	15.75 	14.30 	18.27 	13.37 
A,I_IUSELL,PC_IND,PL51	: 	: 	: 	: 	: 	: 	: 	: 	: 	: 	: 	: 	: 	: 	: 	: 	: 	14.42 	17.86 	12.32 
A,I_IUSELL,PC_IND,PL52	: 	: 	: 	: 	: 	: 	: 	: 	: 	: 	: 	: 	: 	: 	: 	: 	: 	13.80 	20.00 	16.80 
A,I_IUSELL,PC_IND,PL6	: 	: 	: 	: 	: 	8.51 	10.09 	8.32 	13.37 	12.97 	15.70 	16.44 	16.80 	12.32 	12.95 	10.72 	15.54 	15.15 	13.15 	11.14 
A,I_IUSELL,PC_IND,PL61	: 	: 	: 	: 	: 	: 	: 	: 	: 	: 	: 	: 	: 	: 	: 	: 	: 	16.40 	12.62 	10.56 
A,I_IUSELL,PC_IND,PL62	: 	: 	: 	: 	: 	: 	: 	: 	: 	: 	: 	: 	: 	: 	: 	: 	: 	7.67 	5.53 	8.01 
A,I_IUSELL,PC_IND,PL63	: 	: 	: 	: 	: 	: 	: 	: 	: 	: 	: 	: 	: 	: 	: 	: 	: 	19.56 	18.67 	13.42 
A,I_IUSELL,PC_IND,PL7	: 	: 	: 	: 	: 	: 	: 	: 	: 	: 	: 	: 	11.58 	11.34 	8.60 	8.37 	11.35 	9.44 	16.63 	14.26 
A,I_IUSELL,PC_IND,PL71	: 	: 	: 	: 	: 	: 	: 	: 	: 	: 	: 	: 	: 	: 	: 	: 	: 	9.05 	18.28 	15.15 
A,I_IUSELL,PC_IND,PL72	: 	: 	: 	: 	: 	: 	: 	: 	: 	: 	: 	: 	: 	: 	: 	: 	: 	10.00 	13.77 	12.84 
A,I_IUSELL,PC_IND,PL8	: 	: 	: 	: 	: 	: 	: 	: 	: 	: 	: 	: 	10.05 	9.44 	6.48 	5.94 	9.70 	13.40 	12.17 	12.65 
A,I_IUSELL,PC_IND,PL81	: 	: 	: 	: 	: 	: 	: 	: 	: 	: 	: 	: 	: 	: 	: 	: 	: 	19.74 	15.40 	16.25 
A,I_IUSELL,PC_IND,PL82	: 	: 	: 	: 	: 	: 	: 	: 	: 	: 	: 	: 	: 	: 	: 	: 	: 	5.74 	8.73 	10.16 
A,I_IUSELL,PC_IND,PL84	: 	: 	: 	: 	: 	: 	: 	: 	: 	: 	: 	: 	: 	: 	: 	: 	: 	17.22 	12.33 	10.03 
A,I_IUSELL,PC_IND,PL9	: 	: 	: 	: 	: 	: 	: 	: 	: 	: 	: 	: 	16.51 	16.82 	13.77 	14.73 	14.19 	13.94 	19.19 	17.83 
A,I_IUSELL,PC_IND,PL91	: 	: 	: 	: 	: 	: 	: 	: 	: 	: 	: 	: 	: 	: 	: 	: 	: 	18.34 	23.48 	21.33 
A,I_IUSELL,PC_IND,PL92	: 	: 	: 	: 	: 	: 	: 	: 	: 	: 	: 	: 	: 	: 	: 	: 	: 	9.38 	15.76 	15.60 
A,I_IUSELL,PC_IND,PT	0.65 	: 	: 	1.16 	1.86 	2.72 	3.61 	5.78 	7.42 	7.94 	7.95 	8.22 	7.91 	9.25 	9.23 	9.85 	9.25 	10.29 	12.84 	11.87 
A,I_IUSELL,PC_IND,PT1	: 	: 	: 	: 	: 	2.75 	3.62 	5.84 	7.49 	7.99 	7.95 	8.29 	8.00 	9.36 	9.26 	9.95 	9.29 	10.38 	13.14 	12.09 
A,I_IUSELL,PC_IND,PT11	: 	: 	: 	: 	: 	2.07 	3.14 	5.24 	5.85 	7.55 	6.59 	6.13 	6.70 	8.14 	8.56 	8.39 	7.80 	8.39 	11.27 	10.24 
A,I_IUSELL,PC_IND,PT15	: 	: 	: 	: 	: 	3.05 	2.60 	5.94 	5.37 	5.07 	4.96 	8.55 	8.01 	8.54 	13.39 	8.15 	10.46 	11.37 	11.56 	11.15 
A,I_IUSELL,PC_IND,PT16	: 	: 	: 	: 	: 	3.42 	3.73 	4.69 	7.10 	7.30 	8.12 	8.55 	6.51 	8.66 	7.72 	9.68 	8.44 	8.93 	: 	: 
A,I_IUSELL,PC_IND,PT17	: 	: 	: 	: 	: 	3.32 	4.56 	7.87 	10.83 	9.91 	10.20 	11.71 	11.13 	12.27 	11.26 	13.11 	12.28 	13.85 	: 	: 
A,I_IUSELL,PC_IND,PT18	: 	: 	: 	: 	: 	1.74 	2.71 	4.71 	5.65 	6.82 	7.47 	5.04 	7.04 	6.84 	7.29 	7.46 	7.20 	11.24 	: 	: 
A,I_IUSELL,PC_IND,PT19	: 	: 	: 	: 	: 	: 	: 	: 	: 	: 	: 	: 	: 	: 	: 	: 	: 	: 	13.65 	10.80 
A,I_IUSELL,PC_IND,PT1A	: 	: 	: 	: 	: 	: 	: 	: 	: 	: 	: 	: 	: 	: 	: 	: 	: 	: 	17.96 	16.29 
A,I_IUSELL,PC_IND,PT1B	: 	: 	: 	: 	: 	: 	: 	: 	: 	: 	: 	: 	: 	: 	: 	: 	: 	: 	12.06 u	15.45 
A,I_IUSELL,PC_IND,PT1C	: 	: 	: 	: 	: 	: 	: 	: 	: 	: 	: 	: 	: 	: 	: 	: 	: 	: 	13.47 	8.91 
A,I_IUSELL,PC_IND,PT1D	: 	: 	: 	: 	: 	: 	: 	: 	: 	: 	: 	: 	: 	: 	: 	: 	: 	: 	10.21 	11.34 
A,I_IUSELL,PC_IND,PT2	: 	: 	: 	: 	: 	1.47 	3.72 	4.89 	7.07 	7.28 	9.23 	8.57 	6.62 	8.11 	11.18 	9.70 	7.00 	9.11 	5.25 u	7.79 
A,I_IUSELL,PC_IND,PT20	: 	: 	: 	: 	: 	1.47 	3.72 	4.89 	7.07 	7.28 	9.23 	8.57 	6.62 	8.11 	11.18 	9.70 	7.00 	9.11 	5.25 u	7.79 
A,I_IUSELL,PC_IND,PT3	: 	: 	: 	: 	: 	3.00 	3.18 	4.42 	4.90 	6.52 	6.86 	5.33 	5.81 	6.05 	6.42 	6.54 	9.91 	7.93 	8.42 	7.38 
A,I_IUSELL,PC_IND,PT30	: 	: 	: 	: 	: 	3.00 	3.18 	4.42 	4.90 	6.52 	6.86 	5.33 	5.81 	6.05 	6.42 	6.54 	9.91 	7.93 	8.42 	7.38 
A,I_IUSELL,PC_IND,RO	0.36 	0.51 	0.71 	0.88 	1.30 	3.46 	1.59 	1.90 	1.89 b	2.74 	2.97 	2.84 	3.38 	2.52 	3.66 	4.92 	4.47 	5.96 	6.32 	12.10 
A,I_IUSELL,PC_IND,RO1	: 	: 	: 	: 	: 	2.66 	1.29 	1.77 	1.21 b	2.17 	3.33 	3.26 	3.72 	4.29 	3.81 	5.94 	6.71 	9.32 	9.18 	14.53 
A,I_IUSELL,PC_IND,RO11	: 	: 	: 	: 	: 	3.48 	1.19 	2.24 	1.20 b	2.55 	3.52 	3.56 	5.07 	4.49 	4.56 	4.38 	7.60 	10.68 	9.80 	14.53 
A,I_IUSELL,PC_IND,RO12	: 	: 	: 	: 	: 	1.77 	1.40 	1.27 	1.22 b	1.74 	3.12 	2.92 	2.22 	4.06 	2.97 	7.69 	5.72 	7.80 	8.49 	14.53 
A,I_IUSELL,PC_IND,RO2	: 	: 	: 	: 	: 	1.95 	1.38 	2.05 	1.28 b	2.37 	2.39 	2.71 	3.59 	1.88 	3.90 	3.58 	3.84 	4.99 	5.22 	9.89 
A,I_IUSELL,PC_IND,RO21	: 	: 	: 	: 	: 	2.07 	1.39 	1.72 	1.22 b	2.45 	2.82 	2.35 	3.90 	1.68 	4.05 	3.92 	3.86 	5.74 	4.44 	10.24 
A,I_IUSELL,PC_IND,RO22	: 	: 	: 	: 	: 	1.81 	1.38 	2.49 	1.36 b	2.27 	1.84 	3.16 	3.18 	2.14 	3.70 	3.15 	3.80 	4.00 	6.25 	9.41 
A,I_IUSELL,PC_IND,RO3	: 	: 	: 	: 	: 	6.25 	2.17 	2.35 	3.36 b	3.96 	3.48 	2.74 	3.92 	2.37 	3.92 	4.59 	4.24 	5.55 	5.46 	12.74 
A,I_IUSELL,PC_IND,RO31	: 	: 	: 	: 	: 	3.01 	1.36 	1.09 	1.35 b	2.14 	1.63 	1.44 	1.97 	1.25 	2.40 	2.12 	3.61 	3.77 	2.87 	9.30 
A,I_IUSELL,PC_IND,RO32	: 	: 	: 	: 	: 	10.83 	3.31 	4.10 	5.97 b	6.31 	5.85 	4.38 	6.20 	3.74 	5.65 	7.56 	4.92 	7.73 	8.50 	16.90 
A,I_IUSELL,PC_IND,RO4	: 	: 	: 	: 	: 	3.08 	1.54 	1.26 	1.60 b	2.28 	2.63 	2.64 	1.84 	1.38 	2.80 	6.02 	2.78 	3.50 	5.40 	11.29 
A,I_IUSELL,PC_IND,RO41	: 	: 	: 	: 	: 	2.35 	0.89 	0.86 	0.98 b	1.55 	3.05 	1.17 	1.06 	1.81 	2.39 	6.78 	2.45 	4.39 	4.52 	10.22 
A,I_IUSELL,PC_IND,RO42	: 	: 	: 	: 	: 	3.93 	2.28 	1.72 	2.27 b	3.08 	2.18 	4.24 	2.67 	0.93 	3.19 	5.21 	3.13 	2.51 	6.34 	12.47 
A,I_IUSELL,PC_IND,RS	: 	1.39 	: 	1.69 	: 	: 	: 	: 	: 	20.96 	: 	17.77 	16.31 	11.62 	6.69 	6.05 	6.47 	6.24 	6.32 	6.32 
A,I_IUSELL,PC_IND,RS1	: 	: 	: 	: 	: 	: 	: 	: 	: 	: 	: 	: 	: 	13.90 	5.11 	7.98 	7.83 	7.88 	7.29 	7.13 
A,I_IUSELL,PC_IND,RS11	: 	: 	: 	: 	: 	: 	: 	: 	: 	: 	: 	: 	: 	13.34 	8.77 	6.60 	8.41 	6.95 	6.63 u	6.57 
A,I_IUSELL,PC_IND,RS12	: 	: 	: 	: 	: 	: 	: 	: 	: 	: 	: 	: 	: 	14.30 	2.11 	8.92 	7.31 	8.63 	7.83 u	7.67 
A,I_IUSELL,PC_IND,RS2	: 	: 	: 	: 	: 	: 	: 	: 	: 	: 	: 	: 	: 	9.55 	8.04 	4.33 	5.49 	4.68 	5.31 	5.45 
A,I_IUSELL,PC_IND,RS21	: 	: 	: 	: 	: 	: 	: 	: 	: 	: 	: 	: 	: 	9.71 	8.17 	6.18 	4.98 	5.14 	: u	5.40 
A,I_IUSELL,PC_IND,RS22	: 	: 	: 	: 	: 	: 	: 	: 	: 	: 	: 	: 	: 	9.36 	7.86 	2.22 	6.21 	4.15 	8.46 u	5.53 
A,I_IUSELL,PC_IND,SE	14.22 	12.78 	14.51 	16.34 	18.78 	18.62 	13.72 	14.20 	14.48 	18.28 	18.12 b	21.51 	25.17 	: 	28.08 	27.33 	26.91 	28.83 	27.92 	29.77 
A,I_IUSELL,PC_IND,SE1	: 	: 	: 	: 	: 	19.46 	12.29 	14.57 	15.57 	18.80 	17.16 b	20.75 	26.34 	: 	28.65 	28.74 	29.77 	30.63 	28.91 	31.18 
A,I_IUSELL,PC_IND,SE11	: 	: 	: 	: 	: 	21.74 	13.94 	13.51 	16.79 	20.46 	14.53 b	23.03 	29.14 	: 	29.88 	30.44 	29.40 	32.53 	32.19 	34.64 
A,I_IUSELL,PC_IND,SE12	: 	: 	: 	: 	: 	16.40 	10.05 	16.11 	13.96 	16.61 	20.28 b	18.29 	22.72 	: 	26.99 	26.27 	30.24 	28.07 	24.17 	26.61 
A,I_IUSELL,PC_IND,SE2	: 	: 	: 	: 	: 	18.35 	15.06 	14.93 	14.41 	18.28 	18.25 b	21.58 	26.19 	: 	26.81 	27.34 	26.05 	27.83 	28.09 	28.75 
A,I_IUSELL,PC_IND,SE21	: 	: 	: 	: 	: 	19.38 	11.33 	16.67 	17.76 	26.91 	20.20 b	14.45 	25.09 	: 	22.89 	23.78 	21.83 	20.68 	27.48 	28.36 
A,I_IUSELL,PC_IND,SE22	: 	: 	: 	: 	: 	17.98 	14.82 	14.27 	15.72 	16.18 	16.76 b	22.72 	26.41 	: 	30.06 	28.46 	29.80 	28.42 	29.12 	33.68 
A,I_IUSELL,PC_IND,SE23	: 	: 	: 	: 	: 	18.15 	16.77 	14.64 	12.22 	16.02 	18.61 b	24.43 	26.55 	: 	26.45 	27.91 	25.36 	30.66 	27.70 	25.64 
A,I_IUSELL,PC_IND,SE3	: 	: 	: 	: 	: 	17.51 	13.81 	11.43 	12.46 	17.11 	20.02 b	23.23 	19.97 	: 	30.00 	24.13 	21.63 	27.35 	25.09 	28.88 
A,I_IUSELL,PC_IND,SE31	: 	: 	: 	: 	: 	15.80 	11.40 	8.97 	10.44 	21.30 	22.84 b	20.64 	16.66 	: 	31.53 	23.62 	21.24 	29.19 	25.37 	28.38 
A,I_IUSELL,PC_IND,SE32	: 	: 	: 	: 	: 	24.31 	12.98 	10.17 u	17.62 	14.15 	17.64 b	28.23 u	27.41 u	: 	19.49 	26.51 	14.90 	22.90 	31.41 u	23.11 
A,I_IUSELL,PC_IND,SE33	: 	: 	: 	: 	: 	15.57 	18.00 	16.19 	11.04 	12.22 	17.98 b	23.54 	19.82 	: 	35.02 	23.30 	27.15 	27.84 	20.46 	34.13 
A,I_IUSELL,PC_IND,SI	7.54 	9.36 	17.43 	18.58 	20.39 	29.76 	29.89 	35.05 	28.82 	18.04 	16.34 	21.47 	17.75 	18.16 	18.01 	17.70 	17.91 	17.64 	19.02 	17.96 
A,I_IUSELL,PC_IND,SI0	: 	: 	: 	: 	: 	29.76 	29.89 	35.05 	28.82 	18.04 	16.34 	21.47 	17.75 	18.16 	18.01 	17.70 	17.91 	17.64 	19.02 	17.96 
A,I_IUSELL,PC_IND,SI01	: 	: 	: 	: 	: 	: 	: 	: 	29.56 	: 	: 	: 	: 	: 	: 	: 	: 	: 	: 	: 
A,I_IUSELL,PC_IND,SI02	: 	: 	: 	: 	: 	: 	: 	: 	28.00 	: 	: 	: 	: 	: 	: 	: 	: 	: 	: 	: 
A,I_IUSELL,PC_IND,SI03	: 	: 	: 	: 	: 	: 	: 	: 	: 	17.92 	16.05 	21.90 	16.82 	14.90 	19.73 	16.82 	14.84 	17.59 	17.71 	18.64 
A,I_IUSELL,PC_IND,SI04	: 	: 	: 	: 	: 	: 	: 	: 	: 	18.17 	16.67 	20.97 	18.79 	21.83 	16.08 	18.68 	21.33 	17.69 	20.48 	17.20 
A,I_IUSELL,PC_IND,SK	1.69 	2.27 	4.50 	2.54 	6.45 	9.27 	11.94 	11.14 	10.83 	9.03 	12.55 	11.79 	23.71 	21.98 	25.40 	26.76 	20.01 	28.75 	28.23 	35.52 
A,I_IUSELL,PC_IND,SK0	: 	: 	: 	: 	: 	9.27 	11.94 	11.14 	10.83 	9.03 	12.55 	11.79 	23.71 	21.98 	25.40 	26.76 	20.01 	28.75 	28.23 	35.52 
A,I_IUSELL,PC_IND,SK01	: 	: 	: 	: 	: 	14.11 	18.09 	20.79 	15.80 	15.24 	14.53 	15.00 	29.09 	22.05 	29.24 	32.25 	19.39 	35.55 	31.42 	50.28 
A,I_IUSELL,PC_IND,SK02	: 	: 	: 	: 	: 	8.47 	13.38 	8.84 	10.55 	7.37 	10.94 	9.84 	26.28 	26.26 	25.16 	23.60 	18.90 	26.53 	26.95 	33.08 
A,I_IUSELL,PC_IND,SK03	: 	: 	: 	: 	: 	10.65 	10.28 	9.69 	10.38 	6.80 	14.28 	12.84 	17.26 	21.83 	24.91 	26.82 	19.82 	27.48 	26.40 	32.48 
A,I_IUSELL,PC_IND,SK04	: 	: 	: 	: 	: 	6.99 	9.25 	11.30 	9.57 	10.45 	12.18 	11.92 	24.00 	17.07 	24.50 	28.09 	21.77 	29.29 	29.79 	34.06 
A,I_IUSELL,PC_IND,TR	: 	0.78 	1.25 	0.68 	1.54 	: 	3.08 	4.01 	8.02 	10.64 	11.65 	11.49 	15.15 	16.10 	10.40 	9.01 	9.37 	9.36 	9.99 	8.81 
A,I_IUSELL,PC_IND,TR1	: 	: 	: 	: 	: 	: 	3.72 	4.64 	11.54 	14.52 	13.12 	12.07 	18.19 	18.89 	15.79 	13.61 	10.47 	10.20 	10.09 	10.11 
A,I_IUSELL,PC_IND,TR2	: 	: 	: 	: 	: 	: 	2.71 	4.97 	4.46 	7.55 	8.37 	7.82 	12.68 	12.96 	9.37 	5.08 	4.30 	6.10 	8.28 	8.95 
A,I_IUSELL,PC_IND,TR3	: 	: 	: 	: 	: 	: 	3.26 	3.28 	6.81 	8.65 	11.05 	12.66 	14.47 	11.92 	10.52 	7.94 	11.94 	10.15 	8.31 	6.78 
A,I_IUSELL,PC_IND,TR4	: 	: 	: 	: 	: 	: 	3.12 	5.03 	8.80 	13.43 	15.98 	15.37 	18.74 	25.12 	5.64 	9.38 	9.19 	9.91 	7.83 	13.64 
A,I_IUSELL,PC_IND,TR5	: 	: 	: 	: 	: 	: 	6.63 	7.85 	11.99 	14.62 	17.73 	11.74 	15.26 	21.72 	8.52 	11.63 	9.83 	13.28 	18.98 	8.89 
A,I_IUSELL,PC_IND,TR6	: 	: 	: 	: 	: 	: 	2.81 	3.18 	6.65 	10.99 	8.90 	11.05 	11.95 	13.61 	9.27 	6.77 	12.05 	11.21 	11.12 	7.63 
A,I_IUSELL,PC_IND,TR7	: 	: 	: 	: 	: 	: 	3.43 	3.71 	8.76 	13.75 	10.47 	14.05 	18.93 	17.38 	12.50 	6.25 	10.92 	9.02 	10.03 	8.04 
A,I_IUSELL,PC_IND,TR8	: 	: 	: 	: 	: 	: 	1.81 	2.64 	5.80 	6.89 	8.87 	11.15 	14.06 	7.42 	10.29 	6.43 	5.84 	5.46 	8.41 	10.39 
A,I_IUSELL,PC_IND,TR9	: 	: 	: 	: 	: 	: 	1.82 	1.84 	3.93 	11.21 	14.41 	9.98 	24.41 	20.43 	8.30 	9.17 	7.95 	6.74 	4.49 	6.22 
A,I_IUSELL,PC_IND,TRA	: 	: 	: 	: 	: 	: 	0.79 	2.65 	6.69 	2.69 	10.44 	11.39 	12.80 	16.73 	5.10 	3.63 	5.61 	4.90 	8.89 	7.91 
A,I_IUSELL,PC_IND,TRB	: 	: 	: 	: 	: 	: 	1.21 	2.10 	3.90 	5.59 	9.49 	12.07 	10.86 	12.42 	10.43 	7.43 	8.29 	5.56 	6.75 	4.67 
A,I_IUSELL,PC_IND,TRC	: 	: 	: 	: 	: 	: 	0.91 	2.43 	5.66 	4.36 	6.51 	5.54 	9.06 	10.12 	9.19 	7.74 	5.24 	6.96 	9.04 	7.57 
A,I_IUSELL,PC_IND,UK	11.53 	12.64 	14.58 	15.38 	17.83 	27.23 	24.15 	30.67 	33.98 	23.35 	20.65 	20.78 	26.62 	31.00 	22.42 	: 	: 	: 	: 	: 
A,I_IUSELL,PC_IND,UKC	: 	: 	: 	: 	: 	18.27 	21.60 	21.34 	32.37 	25.45 	16.58 	20.38 	26.44 	26.35 	12.65 	: 	: 	: 	: 	: 
A,I_IUSELL,PC_IND,UKD	: 	: 	: 	: 	: 	29.95 	19.65 	26.63 	33.27 	23.38 	14.57 	23.87 	33.01 	27.86 	20.04 	: 	: 	: 	: 	: 
A,I_IUSELL,PC_IND,UKE	: 	: 	: 	: 	: 	25.05 	23.43 	29.88 	31.81 	27.83 	13.68 	19.80 	22.76 	27.82 	17.79 	: 	: 	: 	: 	: 
A,I_IUSELL,PC_IND,UKF	: 	: 	: 	: 	: 	28.07 	29.83 	29.60 	33.95 	22.95 	21.22 	17.81 	28.21 	37.63 	28.07 	: 	: 	: 	: 	: 
A,I_IUSELL,PC_IND,UKG	: 	: 	: 	: 	: 	27.20 	28.14 	29.25 	35.87 	21.95 	21.74 	17.57 	34.29 	27.96 	26.97 	: 	: 	: 	: 	: 
A,I_IUSELL,PC_IND,UKH	: 	: 	: 	: 	: 	27.70 	29.88 	35.97 	39.53 	30.37 	30.45 	22.44 	26.51 	39.56 	23.05 	: 	: 	: 	: 	: 
A,I_IUSELL,PC_IND,UKI	: 	: 	: 	: 	: 	26.99 	24.40 	27.72 	33.54 	20.00 	14.82 	24.89 	20.88 	29.54 	26.18 	: 	: 	: 	: 	: 
A,I_IUSELL,PC_IND,UKJ	: 	: 	: 	: 	: 	30.98 	24.68 	38.32 	37.78 	24.16 	29.35 	26.33 	29.80 	27.96 	29.18 	: 	: 	: 	: 	: 
A,I_IUSELL,PC_IND,UKK	: 	: 	: 	: 	: 	29.03 	23.45 	37.45 	37.10 	27.96 	27.72 	20.48 	31.18 	39.07 	18.06 	: 	: 	: 	: 	: 
A,I_IUSELL,PC_IND,UKL	: 	: 	: 	: 	: 	21.54 	22.08 	20.27 	22.71 	19.59 	20.52 	15.71 	18.99 	33.42 	18.11 	: 	: 	: 	: 	: 
A,I_IUSELL,PC_IND,UKM	: 	: 	: 	: 	: 	24.95 	17.20 	27.85 	28.14 	22.10 	16.23 	13.02 	18.15 	26.89 	13.69 	: 	: 	: 	: 	: 
A,I_IUSELL,PC_IND,UKN	: 	: 	: 	: 	: 	: 	: 	35.64 	33.01 	0 	13.73 	11.59 	21.03 	28.14 	: 	: 	: 	: 	: 	: 
A,I_IUSELL,PC_IND,XK	: 	: 	: 	: 	: 	: 	: 	: 	: 	: 	: 	1.31 	2.71 	6.35 	10.00 	: 	: 	: 	15.88 	12.59 
A,I_IUSELL,PC_IND_IU3,AL	: 	: 	: 	: 	: 	: 	: 	: 	: 	: 	: 	: 	2.10 	0.78 	0.84 	0.67 	5.24 	6.33 	3.96 	5.27 
A,I_IUSELL,PC_IND_IU3,AT	12.65 	9.77 	10.50 	7.15 	10.28 	18.34 	15.37 	15.32 	13.83 	12.47 	13.09 	14.93 	15.84 	13.75 	17.11 	29.98 	28.85 	31.18 	29.33 	31.40 
A,I_IUSELL,PC_IND_IU3,AT1	: 	: 	: 	: 	: 	18.96 	17.01 	18.07 	15.43 	13.07 	12.66 	15.40 	18.35 	11.69 	17.85 	31.98 	30.09 	33.54 	30.28 	30.89 
A,I_IUSELL,PC_IND_IU3,AT11	: 	: 	: 	: 	: 	27.23 	21.28 	13.54 	10.22 	: 	10.22 	11.54 	16.86 	12.96 	10.42 	27.84 	28.46 	26.46 	27.61 	34.40 
A,I_IUSELL,PC_IND_IU3,AT12	: 	: 	: 	: 	: 	15.19 	16.99 	16.97 	14.45 	: 	13.13 	18.20 	17.30 	14.44 	19.39 	31.04 	31.20 	32.96 	32.27 	28.82 
A,I_IUSELL,PC_IND_IU3,AT13	: 	: 	: 	: 	: 	21.08 	16.42 	19.69 	16.98 	: 	12.62 	13.68 	19.41 	9.16 	17.64 	33.37 	29.43 	35.06 	29.02 	32.06 
A,I_IUSELL,PC_IND_IU3,AT2	: 	: 	: 	: 	: 	17.48 	16.62 	13.89 	11.68 	11.21 	13.49 	13.74 	14.13 	13.54 	12.97 	26.84 	27.22 	31.32 	28.83 	34.35 
A,I_IUSELL,PC_IND_IU3,AT21	: 	: 	: 	: 	: 	16.14 	13.66 	9.51 	8.94 	: 	10.61 	13.49 	13.64 	13.42 	15.55 	19.74 	29.36 	28.82 	28.10 	35.17 
A,I_IUSELL,PC_IND_IU3,AT22	: 	: 	: 	: 	: 	18.10 	17.94 	15.78 	12.91 	: 	14.84 	13.85 	14.34 	13.60 	11.81 	29.97 	26.27 	32.43 	29.15 	33.99 
A,I_IUSELL,PC_IND_IU3,AT3	: 	: 	: 	: 	: 	18.07 	12.65 	12.93 	13.06 	12.43 	13.40 	15.03 	13.70 	16.39 	18.44 	29.23 	28.24 	28.19 	28.45 	30.42 
A,I_IUSELL,PC_IND_IU3,AT31	: 	: 	: 	: 	: 	21.33 	15.05 	13.54 	16.32 	: 	13.70 	15.92 	13.04 	18.90 	20.85 	33.19 	32.71 	32.38 	34.59 	34.23 
A,I_IUSELL,PC_IND_IU3,AT32	: 	: 	: 	: 	: 	14.37 	11.85 	14.74 	11.19 	: 	18.75 	15.01 	14.37 	16.77 	16.60 	28.26 	27.38 	24.83 	24.73 	29.00 
A,I_IUSELL,PC_IND_IU3,AT33	: 	: 	: 	: 	: 	14.30 	9.47 	11.30 	9.32 	: 	12.04 	13.97 	17.11 	12.75 	17.54 	26.20 	24.00 	26.48 	24.12 	27.55 
A,I_IUSELL,PC_IND_IU3,AT34	: 	: 	: 	: 	: 	18.59 	10.77 	11.21 	10.73 	: 	7.46 	13.88 	8.60 	13.76 	14.16 	21.55 	20.97 	20.59 	18.96 	23.90 
A,I_IUSELL,PC_IND_IU3,BA	: 	: 	: 	: 	: 	: 	: 	: 	: 	: 	: 	: 	10.69 	11.13 	11.42 	16.50 	: 	15.46 	21.82 	17.74 
A,I_IUSELL,PC_IND_IU3,BE	10.89 	12.01 	14.71 	22.20 	21.56 	20.35 	20.99 	22.82 	23.09 	21.88 	23.54 	22.95 	21.13 	26.25 	29.36 	29.06 	31.87 	31.16 	35.61 	31.15 
A,I_IUSELL,PC_IND_IU3,BE1	: 	: 	: 	: 	: 	19.60 	19.06 	24.00 	25.52 	21.18 	23.11 	18.85 	23.40 	25.79 	27.53 	28.75 	31.25 	32.47 	39.46 	29.72 
A,I_IUSELL,PC_IND_IU3,BE10	: 	: 	: 	: 	: 	19.60 	19.06 	24.00 	25.52 	21.18 	23.11 	18.85 	23.40 	25.79 	27.53 	28.75 	31.25 	32.47 	39.46 	29.72 
A,I_IUSELL,PC_IND_IU3,BE2	: 	: 	: 	: 	: 	19.38 	20.24 	21.99 	23.46 	22.87 	25.08 	23.89 	20.04 	27.29 	30.18 	28.33 	32.47 	30.02 	35.03 	30.46 
A,I_IUSELL,PC_IND_IU3,BE21	: 	: 	: 	: 	: 	18.58 	17.64 	18.81 	22.64 	22.28 	22.60 	25.07 	21.10 	26.12 	27.75 	29.80 	30.34 	29.19 	34.51 	31.98 
A,I_IUSELL,PC_IND_IU3,BE22	: 	: 	: 	: 	: 	24.87 	19.09 	25.29 	23.20 	24.23 	27.45 	20.26 	24.45 	28.10 	34.48 	27.63 	32.31 	27.88 	35.84 	28.68 
A,I_IUSELL,PC_IND_IU3,BE23	: 	: 	: 	: 	: 	17.92 	20.63 	23.18 	23.14 	22.77 	27.64 	24.47 	21.66 	29.11 	28.80 	23.93 	35.91 	27.81 	35.67 	28.91 
A,I_IUSELL,PC_IND_IU3,BE24	: 	: 	: 	: 	: 	23.35 	24.11 	25.77 	26.31 	24.84 	24.85 	25.46 	19.75 	30.85 	32.92 	32.39 	35.66 	35.55 	38.12 	33.90 
A,I_IUSELL,PC_IND_IU3,BE25	: 	: 	: 	: 	: 	14.52 	20.74 	19.45 	22.62 	20.93 	24.11 	22.46 	13.29 	22.68 	29.82 	27.85 	28.61 	31.05 	31.51 	28.06 
A,I_IUSELL,PC_IND_IU3,BE3	: 	: 	: 	: 	: 	22.44 	23.11 	24.05 	21.54 	20.29 	20.77 	22.57 	22.41 	24.44 	28.45 	30.57 	30.98 	32.88 	35.32 	32.91 
A,I_IUSELL,PC_IND_IU3,BE31	: 	: 	: 	: 	: 	27.32 	29.14 	27.18 	27.49 	23.68 	29.84 	25.80 	23.63 	29.27 	35.42 	35.91 	38.14 	38.74 	42.94 	36.83 
A,I_IUSELL,PC_IND_IU3,BE32	: 	: 	: 	: 	: 	23.27 	22.41 	22.78 	16.05 	18.18 	19.63 	20.79 	24.31 	24.18 	29.12 	31.60 	27.42 	33.03 	33.63 	32.18 
A,I_IUSELL,PC_IND_IU3,BE33	: 	: 	: 	: 	: 	20.73 	19.58 	21.57 	24.79 	19.31 	16.91 	20.51 	19.47 	23.27 	25.00 	24.90 	30.10 	28.32 	31.19 	32.30 
A,I_IUSELL,PC_IND_IU3,BE34	: 	: 	: 	: 	: 	22.32 	23.85 	23.19 	22.30 	26.78 	23.10 	26.02 	23.87 	22.30 	33.29 	34.41 	32.95 	34.69 	40.31 	37.27 
A,I_IUSELL,PC_IND_IU3,BE35	: 	: 	: 	: 	: 	19.74 	26.55 	30.44 	22.93 	21.32 	23.21 	27.02 	22.13 	24.85 	25.49 	32.55 	32.78 	36.33 	38.46 	29.88 
A,I_IUSELL,PC_IND_IU3,BG	3.37 	2.53 	3.39 	1.63 	2.34 	10.88 	12.70 	19.13 	12.01 	15.82 	10.74 	7.77 	12.66 	9.33 	9.83 	8.23 	12.47 	10.75 	15.39 	16.91 
A,I_IUSELL,PC_IND_IU3,BG3	: 	: 	: 	: 	: 	10.63 	10.03 	14.59 	14.67 	15.55 	9.49 	6.84 	11.23 	8.99 	9.84 	8.21 	14.68 	11.67 	15.84 	13.26 
A,I_IUSELL,PC_IND_IU3,BG31	: 	: 	: 	: 	: 	9.26 	6.83 	11.88 	16.90 	13.68 	12.51 	7.31 	10.10 	10.38 	9.10 	6.24 	10.32 	7.87 	7.06 u	9.60 
A,I_IUSELL,PC_IND_IU3,BG32	: 	: 	: 	: 	: 	13.94 	10.73 	15.06 	11.96 	15.11 	9.55 	9.66 	15.47 	6.55 	11.81 	8.55 	13.05 	7.18 	16.57 	12.83 
A,I_IUSELL,PC_IND_IU3,BG33	: 	: 	: 	: 	: 	13.80 	14.07 	13.66 	14.49 	17.90 	9.13 	4.85 	7.23 	12.87 	14.15 	10.37 	19.29 	17.31 	24.80 	15.28 
A,I_IUSELL,PC_IND_IU3,BG34	: 	: 	: 	: 	: 	6.49 	7.99 	17.06 	15.86 	14.89 	7.48 	5.96 	12.58 	6.46 	4.55 	7.16 	14.52 	12.66 	13.09 	14.15 
A,I_IUSELL,PC_IND_IU3,BG4	: 	: 	: 	: 	: 	11.08 	14.98 	23.01 	9.71 	16.06 	11.86 	8.64 	14.01 	9.64 	9.82 	8.24 	10.46 	9.94 	14.97 	20.20 
A,I_IUSELL,PC_IND_IU3,BG41	: 	: 	: 	: 	: 	13.46 	19.20 	26.09 	10.78 	17.20 	14.17 	8.98 	16.69 	10.81 	10.83 	8.84 	7.94 	10.23 	15.97 	23.74 
A,I_IUSELL,PC_IND_IU3,BG42	: 	: 	: 	: 	: 	6.07 	7.02 	16.77 	7.66 	13.83 	8.01 	8.07 	9.32 	7.54 	7.99 	7.24 	14.72 	9.46 	13.25 	14.24 
A,I_IUSELL,PC_IND_IU3,CH	: 	: 	: 	: 	: 	: 	: 	: 	18.30 	: 	: 	24.33 b	: 	26.21 	: 	29.93 	: 	29.04 	: 	30.67 
A,I_IUSELL,PC_IND_IU3,CH0	: 	: 	: 	: 	: 	: 	: 	: 	18.30 	: 	: 	24.33 b	: 	26.21 	: 	29.93 	: 	29.04 	: 	30.67 
A,I_IUSELL,PC_IND_IU3,CH01	: 	: 	: 	: 	: 	: 	: 	: 	20.92 	: 	: 	23.36 b	: 	25.72 	: 	27.01 	: 	23.89 	: 	24.87 
A,I_IUSELL,PC_IND_IU3,CH02	: 	: 	: 	: 	: 	: 	: 	: 	21.29 	: 	: 	27.73 b	: 	25.32 	: 	32.07 	: 	27.11 	: 	29.05 
A,I_IUSELL,PC_IND_IU3,CH03	: 	: 	: 	: 	: 	: 	: 	: 	17.03 	: 	: 	24.89 b	: 	27.20 	: 	30.83 	: 	30.11 	: 	29.90 
A,I_IUSELL,PC_IND_IU3,CH04	: 	: 	: 	: 	: 	: 	: 	: 	17.48 	: 	: 	21.51 b	: 	29.73 	: 	34.55 	: 	33.85 	: 	39.55 
A,I_IUSELL,PC_IND_IU3,CH05	: 	: 	: 	: 	: 	: 	: 	: 	15.30 	: 	: 	22.30 b	: 	24.97 	: 	27.05 	: 	29.97 	: 	29.78 
A,I_IUSELL,PC_IND_IU3,CH06	: 	: 	: 	: 	: 	: 	: 	: 	15.58 	: 	: 	25.32 b	: 	25.02 	: 	27.43 	: 	33.36 	: 	34.58 
A,I_IUSELL,PC_IND_IU3,CH07	: 	: 	: 	: 	: 	: 	: 	: 	15.28 	: 	: 	25.55 b	: 	21.64 	: 	23.83 	: 	24.66 	: 	23.04 
A,I_IUSELL,PC_IND_IU3,CY	2.30 	1.85 	2.90 	1.78 	1.44 	2.62 	2.09 	2.23 	1.38 	2.70 	6.34 	4.53 	2.95 	3.96 	2.68 	2.66 	5.14 	9.00 	18.86 	11.20 
A,I_IUSELL,PC_IND_IU3,CY0	: 	: 	: 	: 	: 	2.62 	2.09 	2.23 	1.38 	2.70 	6.34 	4.53 	2.95 	3.96 	2.68 	2.66 	5.14 	9.00 	18.86 	11.16 
A,I_IUSELL,PC_IND_IU3,CY00	: 	: 	: 	: 	: 	2.62 	2.09 	2.23 	1.38 	2.70 	6.34 	4.53 	2.95 	3.96 	2.68 	2.66 	5.14 	9.00 	18.86 	11.16 
A,I_IUSELL,PC_IND_IU3,CZ	11.33 	: 	: 	6.96 	12.81 	15.53 	16.18 	22.68 	19.42 	16.63 	14.66 	13.29 	16.18 	14.26 	12.31 	11.68 	16.64 	17.84 	19.35 	19.68 
A,I_IUSELL,PC_IND_IU3,CZ0	: 	: 	: 	: 	: 	15.53 	16.18 	22.68 	19.42 	16.63 	14.66 	13.29 	16.18 	14.26 	12.31 	11.68 	16.64 	17.84 	19.35 	19.68 
A,I_IUSELL,PC_IND_IU3,CZ01	: 	: 	: 	: 	: 	14.38 	20.21 	32.17 	16.53 	18.03 	20.97 	21.59 	18.70 	21.24 	16.16 	17.92 	23.50 	21.92 	29.79 	33.01 
A,I_IUSELL,PC_IND_IU3,CZ02	: 	: 	: 	: 	: 	18.41 	22.88 	27.91 	27.09 	22.03 	22.39 	20.68 	17.85 	14.44 	15.56 	6.89 	17.21 	16.02 	17.14 	13.96 
A,I_IUSELL,PC_IND_IU3,CZ03	: 	: 	: 	: 	: 	16.85 	16.31 	23.67 	22.59 	15.97 	15.28 	15.67 	15.84 	15.87 	11.01 	9.84 	16.17 	16.76 	19.71 	19.10 
A,I_IUSELL,PC_IND_IU3,CZ04	: 	: 	: 	: 	: 	15.63 	14.20 	13.09 	14.94 	9.48 	7.47 	6.89 	16.79 	8.79 	7.24 	9.04 	20.61 	14.43 	17.32 	13.87 
A,I_IUSELL,PC_IND_IU3,CZ05	: 	: 	: 	: 	: 	15.03 	16.27 	23.40 	17.26 	16.33 	13.29 	9.63 	15.43 	12.89 	15.12 	15.74 	14.09 	17.85 	18.43 	21.87 
A,I_IUSELL,PC_IND_IU3,CZ06	: 	: 	: 	: 	: 	14.06 	13.10 	20.58 	23.49 	16.79 	10.35 	10.45 	15.69 	12.26 	12.00 	9.63 	14.85 	14.02 	17.64 	20.14 
A,I_IUSELL,PC_IND_IU3,CZ07	: 	: 	: 	: 	: 	12.44 	9.58 	16.96 	14.27 	14.43 	10.62 	9.37 	12.82 	11.98 	9.96 	14.12 	11.01 	21.24 	14.98 	15.04 
A,I_IUSELL,PC_IND_IU3,CZ08	: 	: 	: 	: 	: 	17.85 	16.21 	21.07 	16.85 	18.11 	15.91 	11.07 	16.15 	15.67 	9.71 	10.05 	16.62 	22.45 	20.20 	19.30 
A,I_IUSELL,PC_IND_IU3,DE	28.66 	29.12 	24.48 	25.77 	24.18 	35.60 	29.83 	32.82 	32.33 	35.93 	32.79 	34.37 	34.70 	31.94 	35.14 	15.70 b	16.52 	18.43 	28.45 	31.25 
A,I_IUSELL,PC_IND_IU3,DE1	: 	: 	: 	: 	: 	31.58 	28.62 	30.69 	28.05 	32.47 	29.93 	30.94 	32.14 	26.51 	30.12 	17.11 b	17.19 	17.92 	26.63 	34.07 
A,I_IUSELL,PC_IND_IU3,DE2	: 	: 	: 	: 	: 	33.58 	26.09 	31.30 	29.48 	39.29 	34.82 	31.27 	34.28 	33.90 	36.24 	14.29 b	11.97 	17.59 	26.55 	27.94 
A,I_IUSELL,PC_IND_IU3,DE3	: 	: 	: 	: 	: 	31.63 	27.02 	33.25 	33.78 	37.54 	32.29 	36.62 	39.27 	30.92 	35.89 	17.30 b	18.62 	18.45 	24.02 	27.38 
A,I_IUSELL,PC_IND_IU3,DE4	: 	: 	: 	: 	: 	29.07 	24.92 	25.19 	19.85 	29.63 	27.76 	26.46 	28.31 	22.86 	23.51 	14.10 b	13.04 	15.55 	27.28 	23.67 
A,I_IUSELL,PC_IND_IU3,DE5	: 	: 	: 	: 	: 	41.06 	30.75 	35.74 	37.40 	31.46 	28.82 	28.85 	35.77 	34.60 	38.74 	14.23 b	2.96 	23.77 	: u	37.53 
A,I_IUSELL,PC_IND_IU3,DE6	: 	: 	: 	: 	: 	48.88 	35.64 	30.15 	39.92 	40.40 	32.30 	40.09 	37.88 	27.91 	35.79 	13.59 b	17.79 	25.02 	28.89 	35.38 
A,I_IUSELL,PC_IND_IU3,DE7	: 	: 	: 	: 	: 	35.82 	31.86 	34.31 	36.62 	35.94 	34.17 	37.86 	33.29 	32.26 	33.13 	15.43 b	18.32 	19.84 	32.03 	30.45 
A,I_IUSELL,PC_IND_IU3,DE8	: 	: 	: 	: 	: 	25.56 	24.37 	23.19 	27.49 	27.84 	33.11 	33.48 	28.77 	32.45 	30.97 	16.07 b	15.74 	12.43 	23.95 	21.53 
A,I_IUSELL,PC_IND_IU3,DE9	: 	: 	: 	: 	: 	40.54 	30.97 	35.34 	34.83 	37.77 	34.63 	40.10 	39.85 	33.55 	37.98 	16.08 b	17.40 	19.61 	29.94 	34.65 
A,I_IUSELL,PC_IND_IU3,DEA	: 	: 	: 	: 	: 	39.16 	33.94 	35.07 	35.70 	37.24 	35.38 	36.10 	37.76 	35.31 	40.01 	14.24 b	16.37 	17.72 	30.70 	32.72 
A,I_IUSELL,PC_IND_IU3,DEB	: 	: 	: 	: 	: 	38.71 	31.01 	38.22 	34.22 	38.02 	33.47 	31.82 	32.48 	37.17 	35.22 	18.41 b	15.10 	17.07 	30.10 	34.35 
A,I_IUSELL,PC_IND_IU3,DEC	: 	: 	: 	: 	: 	36.98 	31.86 	28.94 	32.17 	31.55 	29.97 	34.67 	44.68 	29.84 	32.37 	19.53 b	25.16 	22.14 	29.48 u	39.13 
A,I_IUSELL,PC_IND_IU3,DED	: 	: 	: 	: 	: 	25.82 	24.28 	31.36 	22.54 	29.10 	26.12 	36.16 	28.60 	22.59 	29.47 	18.56 b	26.13 	20.56 	24.92 	28.90 
A,I_IUSELL,PC_IND_IU3,DEE	: 	: 	: 	: 	: 	31.08 	25.51 	26.90 	26.24 	30.02 	26.10 	25.20 	31.50 	30.43 	34.51 	13.65 b	14.13 	15.94 	26.70 	19.74 
A,I_IUSELL,PC_IND_IU3,DEF	: 	: 	: 	: 	: 	42.35 	34.11 	37.79 	42.30 	39.06 	33.67 	38.69 	31.92 	37.48 	38.42 	20.08 b	21.81 	20.04 	32.62 	37.56 
A,I_IUSELL,PC_IND_IU3,DEG	: 	: 	: 	: 	: 	32.84 	27.11 	28.75 	33.48 	32.64 	27.71 	29.81 	26.79 	26.06 	28.02 	14.48 b	13.80 	20.92 	25.27 	27.07 
A,I_IUSELL,PC_IND_IU3,DK	20.73 	27.49 	23.20 	29.60 	32.35 	28.01 	25.96 	25.03 	26.65 	38.24 	35.97 	29.58 	30.27 	28.50 	31.76 	34.53 	32.60 	34.33 	34.61 	34.85 
A,I_IUSELL,PC_IND_IU3,DK0	: 	: 	: 	: 	: 	28.01 	25.96 	25.03 	26.65 	38.24 	35.97 	29.58 	30.27 	28.50 	31.76 	34.53 	32.60 	34.33 	34.61 	34.85 
A,I_IUSELL,PC_IND_IU3,DK01	: 	: 	: 	: 	: 	26.96 	25.69 	25.70 	26.07 	41.33 	38.02 	30.14 	30.50 	30.90 	30.04 	34.76 	29.73 	34.26 	32.47 	33.64 
A,I_IUSELL,PC_IND_IU3,DK02	: 	: 	: 	: 	: 	27.00 	21.32 	24.13 	26.06 	33.46 	34.14 	27.31 	30.86 	28.77 	29.96 	29.40 	34.24 	31.97 	34.75 	28.89 
A,I_IUSELL,PC_IND_IU3,DK03	: 	: 	: 	: 	: 	30.24 	26.91 	24.77 	25.31 	36.00 	36.01 	28.74 	29.19 	26.32 	36.10 	34.68 	33.95 	34.96 	33.72 	38.76 
A,I_IUSELL,PC_IND_IU3,DK04	: 	: 	: 	: 	: 	28.84 	27.25 	25.12 	28.27 	39.75 	35.00 	30.25 	31.22 	28.43 	31.27 	36.14 	33.58 	36.96 	37.09 	37.63 
A,I_IUSELL,PC_IND_IU3,DK05	: 	: 	: 	: 	: 	26.30 	28.13 	24.46 	28.52 	36.61 	34.36 	31.03 	28.93 	25.39 	31.49 	36.05 	33.87 	30.28 	37.40 	30.62 
A,I_IUSELL,PC_IND_IU3,EE	5.81 	7.29 	7.74 	7.30 	10.91 	16.57 	17.25 	16.79 	28.98 b	21.22 	21.81 	20.87 	26.59 	20.17 	23.26 	25.71 	25.40 	25.25 	29.62 	26.55 
A,I_IUSELL,PC_IND_IU3,EE0	: 	: 	: 	: 	: 	16.57 	17.25 	16.79 	28.98 b	21.22 	21.81 	20.87 	26.59 	20.17 	23.26 	25.71 	25.40 	25.25 	29.62 	26.55 
A,I_IUSELL,PC_IND_IU3,EE00	: 	: 	: 	: 	: 	16.57 	17.25 	16.79 	28.98 b	21.22 	21.81 	20.87 	26.59 	20.17 	23.26 	25.71 	25.40 	25.25 	29.62 	26.55 
A,I_IUSELL,PC_IND_IU3,EL	1.40 	: 	: 	1.45 	1.35 	4.49 	4.01 	5.87 	5.74 	5.13 	2.79 	3.32 	4.56 	3.21 	5.08 	3.77 	4.72 	5.40 	9.46 	8.36 
A,I_IUSELL,PC_IND_IU3,EL1	: 	: 	: 	: 	: 	4.55 	: 	: 	: 	: 	: 	: 	: 	: 	: 	: 	: 	: 	: 	: 
A,I_IUSELL,PC_IND_IU3,EL2	: 	: 	: 	: 	: 	3.05 	: 	: 	: 	: 	: 	: 	: 	: 	: 	: 	: 	: 	: 	: 
A,I_IUSELL,PC_IND_IU3,EL3	: 	: 	: 	: 	: 	4.89 	4.33 	6.56 	5.73 	5.75 	3.79 	2.68 	7.49 	3.96 	6.95 	5.68 	4.88 	5.58 	14.00 	8.77 
A,I_IUSELL,PC_IND_IU3,EL4	: 	: 	: 	: 	: 	4.39 	1.08 	3.16 	10.44 	2.19 	1.02 	3.00 	4.41 	1.88 	2.75 	3.32 	6.25 	4.24 	6.38 u	3.16 
A,I_IUSELL,PC_IND_IU3,EL5	: 	: 	: 	: 	: 	: 	4.60 	6.17 	4.37 	4.85 	3.10 	4.62 	2.75 	3.68 	4.39 	2.26 	3.20 	5.08 	4.61 u	13.94 
A,I_IUSELL,PC_IND_IU3,EL6	: 	: 	: 	: 	: 	: 	3.92 	4.94 	5.24 	5.71 	1.35 	2.95 	1.54 	2.17 	3.89 	2.63 	5.67 	6.04 	9.26 u	2.91 
A,I_IUSELL,PC_IND_IU3,ES	5.74 	5.91 	6.62 	6.45 	8.54 	10.23 	12.12 	11.85 	13.36 	12.78 	14.68 	15.46 	13.11 	15.49 	14.98 	19.72 	21.03 	20.06 	22.44 	22.69 
A,I_IUSELL,PC_IND_IU3,ES1	: 	: 	: 	: 	: 	7.90 	13.14 	10.62 	12.86 	11.42 	12.18 	11.62 	10.23 	12.47 	12.68 	20.24 	19.17 	20.48 	21.12 	20.55 
A,I_IUSELL,PC_IND_IU3,ES11	: 	: 	: 	: 	: 	7.14 	12.24 	10.40 	13.49 	11.67 	12.45 	9.40 	9.91 	11.25 	11.89 	19.83 	18.81 	20.42 	21.16 	18.87 
A,I_IUSELL,PC_IND_IU3,ES12	: 	: 	: 	: 	: 	9.39 	17.46 	10.05 	11.09 	11.17 	11.26 	15.37 	9.25 	13.08 	14.97 	22.05 	19.74 	21.30 	20.95 	22.18 
A,I_IUSELL,PC_IND_IU3,ES13	: 	: 	: 	: 	: 	8.26 	10.14 	12.53 	13.33 	10.81 	12.63 	14.81 	13.46 	16.67 	12.16 	18.90 	19.83 	19.29 	21.23 	25.17 
A,I_IUSELL,PC_IND_IU3,ES2	: 	: 	: 	: 	: 	7.93 	12.19 	10.58 	11.96 	10.45 	10.16 	14.38 	10.23 	14.31 	13.95 	19.65 	20.84 	20.22 	21.96 	21.04 
A,I_IUSELL,PC_IND_IU3,ES21	: 	: 	: 	: 	: 	7.40 	11.82 	10.71 	12.19 	8.31 	8.36 	12.20 	9.96 	13.70 	13.74 	22.07 	21.53 	22.12 	23.91 	22.24 
A,I_IUSELL,PC_IND_IU3,ES22	: 	: 	: 	: 	: 	7.62 	10.10 	9.33 	8.02 	12.23 	12.94 	22.31 	8.39 	15.69 	14.77 	16.90 	18.55 	17.65 	20.63 	17.89 
A,I_IUSELL,PC_IND_IU3,ES23	: 	: 	: 	: 	: 	7.95 	13.51 	12.71 	11.45 	7.01 	9.11 	11.95 	10.58 	11.90 	12.41 	19.19 	20.32 	16.20 	20.80 	19.02 
A,I_IUSELL,PC_IND_IU3,ES24	: 	: 	: 	: 	: 	8.96 	13.56 	10.45 	13.59 	13.99 	12.08 	14.64 	11.49 	15.19 	14.24 	17.17 	20.99 	19.35 	19.68 	21.16 
A,I_IUSELL,PC_IND_IU3,ES3	: 	: 	: 	: 	: 	10.75 	13.10 	13.78 	12.93 	14.73 	15.37 	18.33 	15.99 	19.24 	18.75 	24.78 	24.74 	25.33 	25.12 	25.52 
A,I_IUSELL,PC_IND_IU3,ES30	: 	: 	: 	: 	: 	10.75 	13.10 	13.78 	12.93 	14.73 	15.37 	18.33 	15.99 	19.24 	18.75 	24.78 	24.74 	25.33 	25.12 	25.52 
A,I_IUSELL,PC_IND_IU3,ES4	: 	: 	: 	: 	: 	10.76 	9.33 	10.25 	12.31 	11.73 	13.83 	15.30 	12.83 	13.15 	14.06 	17.47 	20.08 	20.72 	19.48 	22.07 
A,I_IUSELL,PC_IND_IU3,ES41	: 	: 	: 	: 	: 	10.42 	9.05 	9.95 	11.76 	10.34 	12.62 	13.13 	12.27 	13.24 	15.42 	16.15 	21.23 	20.64 	18.80 	22.25 
A,I_IUSELL,PC_IND_IU3,ES42	: 	: 	: 	: 	: 	9.72 	9.81 	10.97 	13.53 	12.67 	14.42 	18.59 	14.00 	14.74 	12.57 	18.09 	17.42 	20.66 	18.47 	21.24 
A,I_IUSELL,PC_IND_IU3,ES43	: 	: 	: 	: 	: 	13.61 	9.05 	9.63 	11.27 	13.29 	15.46 	14.16 	11.92 	9.99 	13.98 	19.24 	22.69 	21.02 	23.12 	23.36 
A,I_IUSELL,PC_IND_IU3,ES5	: 	: 	: 	: 	: 	10.99 	12.90 	10.61 	14.35 	15.04 	17.17 	17.54 	14.58 	16.82 	16.14 	20.15 	21.85 	19.22 	25.33 	24.90 
A,I_IUSELL,PC_IND_IU3,ES51	: 	: 	: 	: 	: 	10.01 	11.54 	11.60 	16.09 	14.37 	18.01 	16.83 	14.53 	17.35 	17.43 	19.86 	21.66 	19.56 	26.41 	24.69 
A,I_IUSELL,PC_IND_IU3,ES52	: 	: 	: 	: 	: 	12.57 	15.47 	9.56 	11.56 	15.75 	15.52 	19.20 	14.97 	16.92 	15.05 	21.79 	22.80 	19.08 	24.74 	25.68 
A,I_IUSELL,PC_IND_IU3,ES53	: 	: 	: 	: 	: 	10.91 	12.00 	8.49 	14.38 	16.47 	18.58 	15.25 	13.37 	13.19 	12.59 	15.26 	19.20 	17.71 	20.90 	22.87 
A,I_IUSELL,PC_IND_IU3,ES6	: 	: 	: 	: 	: 	9.75 	11.40 	13.64 	13.02 	10.54 	14.54 	12.84 	11.86 	14.96 	13.58 	17.53 	21.00 	18.95 	20.45 	21.45 
A,I_IUSELL,PC_IND_IU3,ES61	: 	: 	: 	: 	: 	10.13 	11.31 	14.31 	13.55 	10.37 	15.28 	12.85 	12.02 	15.27 	13.77 	16.95 	21.45 	18.68 	21.26 	21.63 
A,I_IUSELL,PC_IND_IU3,ES62	: 	: 	: 	: 	: 	7.22 	11.59 	10.15 	10.25 	11.82 	10.43 	11.42 	10.54 	13.18 	12.99 	21.26 	19.17 	21.66 	16.67 	21.02 
A,I_IUSELL,PC_IND_IU3,ES63	: 	: 	: 	: 	: 	15.53 u	12.47 	11.41 	11.89 	7.27 	13.03 	34.51 	13.05 	15.81 u	3.43 u	10.38 	10.87 	3.89 	: u	13.15 
A,I_IUSELL,PC_IND_IU3,ES64	: 	: 	: 	: 	: 	7.73 u	17.08 u	10.05 u	9.78 	7.54 	12.75 	15.98 	17.38 	14.44 	14.58 	15.77 	17.63 	10.76 	: u	18.36 
A,I_IUSELL,PC_IND_IU3,ES7	: 	: 	: 	: 	: 	13.93 	11.92 	14.72 	16.35 	11.87 	13.78 	15.30 	12.31 	11.32 	10.80 	16.04 	11.00 	11.86 	14.94 	13.68 
A,I_IUSELL,PC_IND_IU3,ES70	: 	: 	: 	: 	: 	13.93 	11.92 	14.72 	16.35 	11.87 	13.78 	15.30 	12.31 	11.32 	10.80 	16.04 	11.00 	11.86 	14.94 	13.68 
A,I_IUSELL,PC_IND_IU3,FI	18.38 	16.58 	17.38 	16.14 	17.31 	18.30 	21.46 	18.58 	24.09 	24.89 	21.90 	25.25 	28.68 	33.27 	29.71 	31.73 	33.26 	32.82 	33.78 	31.82 
A,I_IUSELL,PC_IND_IU3,FI1	: 	: 	: 	: 	: 	18.30 	21.46 	18.58 	24.09 	24.89 	21.90 	25.25 	28.68 	33.27 	29.71 	31.73 	33.26 	32.82 	33.78 	31.82 
A,I_IUSELL,PC_IND_IU3,FI19	: 	: 	: 	: 	: 	19.59 	22.79 	20.06 	24.26 	25.28 	20.84 	24.02 	26.80 	34.16 	30.56 	32.26 	31.63 	33.34 	31.56 	32.51 
A,I_IUSELL,PC_IND_IU3,FI1B	: 	: 	: 	: 	: 	: 	21.21 	18.11 	23.21 	25.79 	25.20 	24.89 	27.82 	35.71 	30.36 	34.97 	35.38 	35.46 	35.17 	32.09 
A,I_IUSELL,PC_IND_IU3,FI1C	: 	: 	: 	: 	: 	: 	20.59 	18.74 	20.57 	23.70 	18.31 	25.17 	27.38 	29.35 	26.00 	27.66 	32.94 	30.06 	33.66 	33.40 
A,I_IUSELL,PC_IND_IU3,FI1D	: 	: 	: 	: 	: 	16.97 	21.14 	17.49 	28.35 	24.34 	21.97 	27.15 	33.10 	32.52 	31.45 	30.41 	32.36 	31.00 	34.33 	29.22 
A,I_IUSELL,PC_IND_IU3,FR	: 	11.42 	15.25 	16.90 	29.83 	30.48 	34.13 	39.49 	34.61 	31.53 	27.58 	28.96 	24.69 	24.97 	: 	27.02 	25.56 	27.22 	27.05 	27.88 
A,I_IUSELL,PC_IND_IU3,FR1	: 	: 	: 	: 	: 	24.78 	27.51 	35.93 	26.89 	26.24 	22.19 	26.84 	21.98 	20.56 	: 	23.76 	22.41 	23.68 	25.21 	25.70 u
A,I_IUSELL,PC_IND_IU3,FR10	: 	: 	: 	: 	: 	: 	: 	: 	26.89 	26.24 	22.19 	26.84 	21.98 	20.56 	: 	23.76 	22.41 	23.68 	25.21 	25.70 u
A,I_IUSELL,PC_IND_IU3,FRB	: 	: 	: 	: 	: 	: 	: 	: 	33.98 	27.34 	29.38 	33.01 	25.41 	28.30 	: 	26.02 	28.39 	24.96 	27.64 	28.24 u
A,I_IUSELL,PC_IND_IU3,FRB0	: 	: 	: 	: 	: 	: 	: 	: 	33.98 	27.34 	29.38 	33.01 	25.41 	28.30 	: 	26.02 	28.39 	24.96 	27.64 	28.24 u
A,I_IUSELL,PC_IND_IU3,FRC	: 	: 	: 	: 	: 	: 	: 	: 	34.82 	34.79 	28.83 	30.12 	26.17 	27.60 	: 	26.60 	28.35 	31.89 	27.41 	26.22 u
A,I_IUSELL,PC_IND_IU3,FRC1	: 	: 	: 	: 	: 	: 	: 	: 	39.51 	34.15 	26.45 	29.18 	26.34 	27.56 	: 	26.89 	31.94 	30.50 	23.73 	23.67 u
A,I_IUSELL,PC_IND_IU3,FRC2	: 	: 	: 	: 	: 	: 	: 	: 	28.32 	35.62 	32.29 	31.46 	25.94 	27.67 	: 	26.27 	23.81 	33.51 	32.83 	29.82 u
A,I_IUSELL,PC_IND_IU3,FRD	: 	: 	: 	: 	: 	: 	: 	: 	41.09 	37.16 	32.64 	32.25 	26.56 	24.70 	: 	33.28 	28.83 	30.64 	33.02 	30.28 u
A,I_IUSELL,PC_IND_IU3,FRD1	: 	: 	: 	: 	: 	: 	: 	: 	42.63 	31.88 	31.72 	30.75 	20.71 	24.52 	: 	35.73 	31.05 	32.20 	34.56 	25.69 u
A,I_IUSELL,PC_IND_IU3,FRD2	: 	: 	: 	: 	: 	: 	: 	: 	40.11 	40.85 	33.34 	33.39 	30.54 	24.86 	: 	31.51 	27.06 	29.10 	31.86 	34.08 u
A,I_IUSELL,PC_IND_IU3,FRE	: 	: 	: 	: 	: 	: 	: 	: 	41.87 	36.59 	32.01 	29.68 	24.16 	29.68 	: 	30.26 	30.47 	31.47 	32.60 	29.84 u
A,I_IUSELL,PC_IND_IU3,FRE1	: 	: 	: 	: 	: 	: 	: 	: 	43.27 	38.43 	29.85 	31.79 	26.14 	28.87 	: 	31.03 	31.99 	31.51 	34.22 	29.01 u
A,I_IUSELL,PC_IND_IU3,FRE2	: 	: 	: 	: 	: 	: 	: 	: 	39.11 	32.95 	35.96 	25.90 	20.16 	31.17 	: 	28.74 	27.30 	31.39 	28.98 	31.52 u
A,I_IUSELL,PC_IND_IU3,FRF	: 	: 	: 	: 	: 	: 	: 	: 	36.06 	34.12 	26.60 	32.08 	26.54 	22.52 	: 	24.35 	24.87 	27.55 	23.33 	23.88 u
A,I_IUSELL,PC_IND_IU3,FRF1	: 	: 	: 	: 	: 	: 	: 	: 	33.28 	34.07 	28.01 	30.01 	24.60 	22.73 	: 	25.39 	25.49 	28.38 	21.81 	27.00 u
A,I_IUSELL,PC_IND_IU3,FRF2	: 	: 	: 	: 	: 	: 	: 	: 	37.87 	30.32 	27.80 	38.47 	26.63 	17.06 	: 	27.17 	22.02 	28.35 	27.88 u	22.25 u
A,I_IUSELL,PC_IND_IU3,FRF3	: 	: 	: 	: 	: 	: 	: 	: 	37.47 	36.25 	24.97 	30.72 	28.00 	25.67 	: 	22.00 	25.57 	26.42 	22.27 	21.81 u
A,I_IUSELL,PC_IND_IU3,FRG	: 	: 	: 	: 	: 	: 	: 	: 	42.36 	36.05 	32.82 	32.04 	30.79 	30.17 	: 	31.67 	25.74 	32.10 	28.71 	32.95 u
A,I_IUSELL,PC_IND_IU3,FRG0	: 	: 	: 	: 	: 	: 	: 	: 	42.36 	36.05 	32.82 	32.04 	30.79 	30.17 	: 	31.67 	25.74 	32.10 	28.71 	32.95 u
A,I_IUSELL,PC_IND_IU3,FRH	: 	: 	: 	: 	: 	: 	: 	: 	37.77 	33.83 	28.82 	32.13 	24.06 	29.39 	: 	33.34 	31.03 	31.13 	31.92 	28.01 u
A,I_IUSELL,PC_IND_IU3,FRH0	: 	: 	: 	: 	: 	: 	: 	: 	37.77 	33.83 	28.82 	32.13 	24.06 	29.39 	: 	33.34 	31.03 	31.13 	31.92 	28.01 u
A,I_IUSELL,PC_IND_IU3,FRI	: 	: 	: 	: 	: 	: 	: 	: 	39.37 	30.84 	31.01 	30.65 	24.11 	27.09 	: 	29.75 	25.65 	31.00 	28.15 	28.92 u
A,I_IUSELL,PC_IND_IU3,FRI1	: 	: 	: 	: 	: 	: 	: 	: 	40.92 	30.38 	27.91 	30.99 	21.14 	27.28 	: 	28.81 	25.21 	32.40 	26.88 	30.68 u
A,I_IUSELL,PC_IND_IU3,FRI2	: 	: 	: 	: 	: 	: 	: 	: 	37.23 	29.73 	30.48 	39.34 	23.55 	30.10 	: 	25.56 	40.20 	32.46 	20.08 u	21.28 u
A,I_IUSELL,PC_IND_IU3,FRI3	: 	: 	: 	: 	: 	: 	: 	: 	36.85 	32.28 	37.58 	25.71 	29.82 	25.54 	: 	33.51 	20.87 	27.40 	33.54 	28.87 u
A,I_IUSELL,PC_IND_IU3,FRJ	: 	: 	: 	: 	: 	: 	: 	: 	37.25 	33.01 	30.70 	27.55 	23.48 	24.73 	: 	26.17 	25.10 	26.89 	27.79 	28.00 u
A,I_IUSELL,PC_IND_IU3,FRJ1	: 	: 	: 	: 	: 	: 	: 	: 	36.12 	27.49 	27.10 	25.68 	19.62 	19.07 	: 	24.59 	22.43 	25.19 	30.31 	25.69 u
A,I_IUSELL,PC_IND_IU3,FRJ2	: 	: 	: 	: 	: 	: 	: 	: 	38.40 	38.09 	33.76 	29.37 	26.95 	29.89 	: 	27.78 	27.40 	28.41 	25.58 	30.12 u
A,I_IUSELL,PC_IND_IU3,FRK	: 	: 	: 	: 	: 	30.51 	34.88 	38.87 	34.42 	34.36 	28.44 	28.84 	29.19 	27.57 	: 	27.11 	24.80 	26.51 	26.38 	31.30 u
A,I_IUSELL,PC_IND_IU3,FRK1	: 	: 	: 	: 	: 	: 	: 	: 	29.39 	43.64 	23.07 	29.76 	29.66 	31.42 	: 	30.66 	25.52 	19.24 	24.16 	40.00 u
A,I_IUSELL,PC_IND_IU3,FRK2	: 	: 	: 	: 	: 	: 	: 	: 	35.43 	32.57 	29.66 	28.65 	29.09 	26.89 	: 	26.47 	24.65 	27.97 	26.82 	29.71 u
A,I_IUSELL,PC_IND_IU3,FRL	: 	: 	: 	: 	: 	: 	: 	: 	31.38 	26.82 	24.37 	25.71 	23.49 	21.74 	: 	27.72 	27.38 	22.69 	25.64 	29.28 u
A,I_IUSELL,PC_IND_IU3,FRL0	: 	: 	: 	: 	: 	: 	: 	: 	31.38 	26.82 	24.37 	25.71 	23.49 	21.74 	: 	27.72 	27.38 	22.69 	25.64 	29.28 u
A,I_IUSELL,PC_IND_IU3,FRM	: 	: 	: 	: 	: 	: 	: 	: 	: u	: u	5.92 u	12.29 u	20.38 u	20.06 u	: 	20.54 u	13.52 u	47.16 u	: u	39.64 u
A,I_IUSELL,PC_IND_IU3,FRM0	: 	: 	: 	: 	: 	: 	: 	: 	: u	: u	5.92 u	12.29 u	20.38 u	20.06 u	: 	20.54 u	13.52 u	47.16 u	: u	39.64 u
A,I_IUSELL,PC_IND_IU3,FRY	: 	: 	: 	: 	: 	: 	: 	: 	: 	19.98 	8.44 	15.94 	10.64 	11.07 	: 	9.16 	10.07 	12.53 	11.20 	9.68 u
A,I_IUSELL,PC_IND_IU3,FRY1	: 	: 	: 	: 	: 	: 	: 	: 	: 	23.43 	8.64 	10.05 	16.97 	6.90 	: 	4.30 	6.95 	9.22 	6.12 u	3.87 u
A,I_IUSELL,PC_IND_IU3,FRY2	: 	: 	: 	: 	: 	: 	: 	: 	: 	20.89 	3.02 	12.74 	3.39 	15.59 	: 	11.88 	10.41 	9.08 	: u	10.72 u
A,I_IUSELL,PC_IND_IU3,FRY3	: 	: 	: 	: 	: 	: 	: 	: 	: 	17.60 	7.36 	9.68 	13.05 	11.20 	: 	9.05 	9.75 	10.71 	: u	12.69 u
A,I_IUSELL,PC_IND_IU3,FRY4	: 	: 	: 	: 	: 	: 	: 	: 	: 	18.46 	10.85 	21.50 	10.42 	10.65 	: 	10.19 	11.54 	15.62 	15.57 	10.81 u
A,I_IUSELL,PC_IND_IU3,HR	: 	4.82 	8.88 	13.60 	8.35 	11.45 	14.73 	15.24 	30.92 	50.05 	38.18 	37.27 	33.00 	27.35 	29.07 	32.35 	29.08 	18.51 	30.43 	23.75 
A,I_IUSELL,PC_IND_IU3,HR0	: 	: 	: 	: 	: 	11.45 	14.73 	15.24 	30.92 	50.05 	38.18 	37.27 	33.00 	27.35 	29.07 	32.35 	29.08 	18.51 	30.43 	23.75 
A,I_IUSELL,PC_IND_IU3,HR03	: 	: 	: 	: 	: 	12.46 	13.54 	17.56 	25.49 	43.77 	31.78 	29.33 	26.96 	23.16 	25.08 	30.20 	28.13 	15.81 	26.74 	21.18 
A,I_IUSELL,PC_IND_IU3,HR04	: 	: 	: 	: 	: 	10.95 	15.27 	14.15 	33.65 	53.13 	41.07 	40.27 	36.04 	29.60 	31.09 	: 	: 	: 	: 	: 
A,I_IUSELL,PC_IND_IU3,HR05	: 	: 	: 	: 	: 	: 	: 	: 	: 	: 	: 	: 	: 	: 	: 	29.28 	24.82 	20.58 	36.95 	28.70 
A,I_IUSELL,PC_IND_IU3,HR06	: 	: 	: 	: 	: 	: 	: 	: 	: 	: 	: 	: 	: 	: 	: 	39.78 	37.77 	18.46 	31.70 	25.86 
A,I_IUSELL,PC_IND_IU3,HU	5.83 	6.87 	7.86 	7.86 	13.32 	18.06 	14.86 	22.40 	23.59 	25.28 	14.32 	14.15 	14.37 	16.46 	33.13 	30.07 	32.12 	36.93 	27.45 	24.81 
A,I_IUSELL,PC_IND_IU3,HU1	: 	: 	: 	: 	: 	21.69 	16.31 	26.09 	24.54 	24.71 	14.90 	16.80 	14.07 	16.25 	33.61 	29.69 	32.78 	41.05 	28.56 	25.49 
A,I_IUSELL,PC_IND_IU3,HU10	: 	: 	: 	: 	: 	21.69 	16.31 	26.09 	24.54 	24.71 	14.90 	16.80 	: 	: 	: 	: 	: 	: 	: 	: 
A,I_IUSELL,PC_IND_IU3,HU11	: 	: 	: 	: 	: 	: 	: 	: 	: 	: 	: 	: 	17.83 	20.15 	34.02 	27.93 	31.94 	42.81 	29.87 	26.45 
A,I_IUSELL,PC_IND_IU3,HU12	: 	: 	: 	: 	: 	: 	: 	: 	: 	: 	: 	: 	8.44 	10.82 	33.03 	32.00 	33.86 	38.72 	26.83 	24.22 
A,I_IUSELL,PC_IND_IU3,HU2	: 	: 	: 	: 	: 	15.97 	15.37 	21.35 	25.00 	27.16 	16.04 	15.26 	15.98 	17.70 	31.94 	30.73 	32.73 	32.71 	28.91 	26.43 
A,I_IUSELL,PC_IND_IU3,HU21	: 	: 	: 	: 	: 	17.92 	17.00 	21.70 	26.94 	27.54 	15.53 	13.41 	12.83 	20.93 	33.92 	31.37 	33.26 	30.56 	28.58 	24.91 
A,I_IUSELL,PC_IND_IU3,HU22	: 	: 	: 	: 	: 	15.16 	13.19 	19.87 	23.96 	29.97 	14.90 	17.48 	21.45 	15.06 	31.22 	29.38 	35.06 	37.64 	32.43 	29.39 
A,I_IUSELL,PC_IND_IU3,HU23	: 	: 	: 	: 	: 	14.38 	15.71 	22.64 	23.71 	23.57 	17.97 	15.22 	13.94 	16.36 	30.29 	31.52 	29.33 	29.61 	25.08 	24.92 
A,I_IUSELL,PC_IND_IU3,HU3	: 	: 	: 	: 	: 	16.50 	13.10 	19.88 	21.54 	24.24 	12.36 	10.79 	13.27 	15.62 	33.65 	29.86 	31.03 	36.75 	25.28 	22.89 
A,I_IUSELL,PC_IND_IU3,HU31	: 	: 	: 	: 	: 	15.37 	15.47 	22.39 	22.52 	26.30 	13.14 	13.55 	14.02 	15.71 	35.26 	33.82 	33.47 	37.40 	24.75 	21.09 
A,I_IUSELL,PC_IND_IU3,HU32	: 	: 	: 	: 	: 	16.00 	11.48 	18.27 	20.69 	21.81 	12.08 	10.74 	15.31 	18.23 	30.42 	25.42 	30.41 	33.80 	26.56 	23.40 
A,I_IUSELL,PC_IND_IU3,HU33	: 	: 	: 	: 	: 	18.08 	12.84 	19.45 	21.61 	25.08 	11.99 	8.41 	10.14 	12.51 	36.10 	31.54 	29.64 	39.54 	24.26 	23.95 
A,I_IUSELL,PC_IND_IU3,IE	8.01 	6.02 	4.74 	8.40 	6.74 	17.28 	16.34 	14.92 	14.17 	13.29 	12.98 	22.48 	29.37 	20.94 	7.78 	15.66 b	15.59 	20.60 	18.38 	20.68 
A,I_IUSELL,PC_IND_IU3,IE0	: 	: 	: 	: 	: 	17.28 	16.34 	14.92 	14.17 	13.29 	12.98 	22.48 	29.37 	20.94 	7.78 	15.66 b	15.59 	20.60 	18.38 	20.68 
A,I_IUSELL,PC_IND_IU3,IE01	: 	: 	: 	: 	: 	11.92 	13.91 	14.39 	11.90 	10.21 	13.32 	22.21 	: 	: 	: 	: 	: 	: 	: 	: 
A,I_IUSELL,PC_IND_IU3,IE02	: 	: 	: 	: 	: 	19.04 	17.14 	15.09 	14.91 	14.30 	12.88 	22.56 	: 	: 	: 	: 	: 	: 	: 	: 
A,I_IUSELL,PC_IND_IU3,IE04	: 	: 	: 	: 	: 	: 	: 	: 	: 	: 	: 	: 	34.59 	29.11 	8.12 	13.02 b	12.65 	31.19 	17.16 	18.43 
A,I_IUSELL,PC_IND_IU3,IE05	: 	: 	: 	: 	: 	: 	: 	: 	: 	: 	: 	: 	28.05 	19.38 	7.56 	17.70 b	15.21 	17.09 	17.47 	22.23 
A,I_IUSELL,PC_IND_IU3,IE06	: 	: 	: 	: 	: 	: 	: 	: 	: 	: 	: 	: 	27.86 	19.30 	7.81 	15.31 b	16.41 	19.07 	19.63 	20.67 
A,I_IUSELL,PC_IND_IU3,IS	9.56 	13.14 	: 	13.96 	16.75 	19.26 	20.77 	23.63 	31.75 	: 	: 	34.19 	27.85 	21.38 	23.48 	23.11 	: 	: 	: 	: 
A,I_IUSELL,PC_IND_IU3,IS0	: 	: 	: 	: 	: 	19.26 	20.77 	23.63 	31.75 	: 	: 	34.19 	27.85 	21.38 	23.48 	23.11 	: 	: 	: 	: 
A,I_IUSELL,PC_IND_IU3,IS00	: 	: 	: 	: 	: 	: 	: 	: 	: 	: 	: 	34.19 	27.85 	21.38 	23.48 	23.11 	: 	: 	: 	: 
A,I_IUSELL,PC_IND_IU3,IT	7.61 	9.51 	8.48 	8.66 	8.87 	13.64 	14.42 	15.43 	14.98 	13.59 	9.49 	10.64 	11.11 	10.56 	12.93 	16.31 	17.12 	19.32 	20.18 	21.68 
A,I_IUSELL,PC_IND_IU3,ITC	: 	: 	: 	: 	: 	14.03 	14.51 	14.69 	15.52 	15.21 	10.82 	11.30 	11.97 	11.81 	12.64 	17.26 	17.81 	20.64 	21.68 	22.56 
A,I_IUSELL,PC_IND_IU3,ITC1	: 	: 	: 	: 	: 	14.79 	14.78 	13.83 	15.39 	16.01 	11.15 	11.40 	12.43 	10.59 	12.62 	17.67 	18.61 	20.43 	23.15 	22.33 
A,I_IUSELL,PC_IND_IU3,ITC2	: 	: 	: 	: 	: 	17.67 	13.88 	15.40 	14.00 	17.43 	10.37 	12.71 	14.28 	13.85 	15.17 	17.99 	21.18 	16.06 	20.83 	20.39 
A,I_IUSELL,PC_IND_IU3,ITC3	: 	: 	: 	: 	: 	12.41 	17.81 	16.26 	15.64 	14.88 	11.60 	9.14 	11.34 	11.59 	12.63 	16.51 	17.54 	20.38 	21.81 	22.77 
A,I_IUSELL,PC_IND_IU3,ITC4	: 	: 	: 	: 	: 	13.90 	13.90 	14.79 	15.57 	14.91 	10.58 	11.58 	11.84 	12.33 	12.62 	17.19 	17.48 	20.82 	21.07 	22.65 
A,I_IUSELL,PC_IND_IU3,ITF	: 	: 	: 	: 	: 	11.42 	12.61 	15.01 	12.30 	10.80 	6.98 	8.67 	8.31 	9.34 	11.80 	14.40 	14.90 	16.89 	17.19 	19.36 
A,I_IUSELL,PC_IND_IU3,ITF1	: 	: 	: 	: 	: 	14.27 	14.18 	16.15 	16.00 	11.34 	8.67 	7.79 	8.52 	10.50 	13.44 	18.41 	19.22 	20.35 	19.88 	21.31 
A,I_IUSELL,PC_IND_IU3,ITF2	: 	: 	: 	: 	: 	10.85 	14.32 	10.68 	12.50 	15.65 	10.52 	9.13 	13.09 	10.08 	16.89 	15.51 	18.73 	19.31 	19.15 	17.06 
A,I_IUSELL,PC_IND_IU3,ITF3	: 	: 	: 	: 	: 	10.89 	13.75 	13.69 	10.31 	9.86 	6.48 	8.51 	7.04 	7.79 	11.06 	12.09 	15.39 	15.97 	16.25 	18.98 
A,I_IUSELL,PC_IND_IU3,ITF4	: 	: 	: 	: 	: 	11.77 	11.53 	17.54 	12.89 	11.75 	7.70 	9.38 	9.25 	11.17 	13.24 	17.93 	14.71 	18.66 	18.29 	21.12 
A,I_IUSELL,PC_IND_IU3,ITF5	: 	: 	: 	: 	: 	11.95 	16.75 	16.50 	13.05 	13.66 	6.41 	9.19 	10.74 	7.72 	12.63 	14.18 	12.71 	14.40 	15.92 	17.37 
A,I_IUSELL,PC_IND_IU3,ITF6	: 	: 	: 	: 	: 	9.90 	8.95 	12.53 	14.05 	9.54 	5.11 	8.07 	8.36 	9.77 	8.79 	11.42 	10.28 	13.41 	15.61 	16.09 
A,I_IUSELL,PC_IND_IU3,ITG	: 	: 	: 	: 	: 	11.02 	12.18 	12.80 	13.63 	10.25 	8.86 	8.32 	9.09 	7.80 	11.49 	14.08 	12.65 	14.04 	13.31 	18.80 
A,I_IUSELL,PC_IND_IU3,ITG1	: 	: 	: 	: 	: 	9.18 	11.15 	11.20 	12.48 	8.63 	8.42 	7.72 	8.64 	7.02 	11.15 	13.58 	11.83 	13.99 	12.94 	18.72 
A,I_IUSELL,PC_IND_IU3,ITG2	: 	: 	: 	: 	: 	15.43 	14.74 	16.59 	16.38 	14.35 	9.98 	9.91 	10.26 	10.12 	12.43 	15.40 	15.03 	14.18 	14.39 	19.01 
A,I_IUSELL,PC_IND_IU3,ITH	: 	: 	: 	: 	: 	14.80 	15.90 	18.60 	16.59 	14.86 	10.73 	13.43 	12.69 	11.44 	15.24 	18.76 	19.41 	22.10 	22.37 	23.37 
A,I_IUSELL,PC_IND_IU3,ITH1	: 	: 	: 	: 	: 	15.91 	17.44 	17.12 	21.50 	18.03 	9.98 	13.64 	12.90 	11.75 	19.62 	24.82 	21.91 	27.58 	27.57 	28.45 
A,I_IUSELL,PC_IND_IU3,ITH2	: 	: 	: 	: 	: 	14.08 	13.35 	21.90 	19.11 	19.10 	10.81 	10.95 	14.54 	11.31 	16.59 	15.69 	19.57 	21.15 	23.57 	26.52 
A,I_IUSELL,PC_IND_IU3,ITH3	: 	: 	: 	: 	: 	14.36 	16.14 	18.35 	16.43 	13.95 	10.85 	13.48 	12.91 	11.50 	13.50 	19.06 	19.24 	22.25 	22.67 	22.69 
A,I_IUSELL,PC_IND_IU3,ITH4	: 	: 	: 	: 	: 	14.45 	16.45 	19.23 	20.42 	16.10 	13.83 	14.26 	10.48 	9.42 	14.22 	17.46 	19.54 	19.62 	22.22 	19.89 
A,I_IUSELL,PC_IND_IU3,ITH5	: 	: 	: 	: 	: 	: 	15.60 	18.50 	14.79 	14.61 	9.81 	13.43 	12.80 	11.91 	16.69 	18.41 	19.24 	22.07 	21.31 	24.04 
A,I_IUSELL,PC_IND_IU3,ITI	: 	: 	: 	: 	: 	15.15 	15.45 	14.85 	15.82 	14.41 	9.18 	10.13 	12.26 	10.65 	12.91 	15.82 	18.47 	20.01 	22.67 	22.71 
A,I_IUSELL,PC_IND_IU3,ITI1	: 	: 	: 	: 	: 	15.55 	13.93 	15.37 	16.44 	14.42 	9.36 	10.95 	12.59 	11.84 	12.80 	17.05 	18.39 	20.77 	23.36 	21.59 
A,I_IUSELL,PC_IND_IU3,ITI2	: 	: 	: 	: 	: 	16.37 	15.33 	17.77 	16.73 	14.82 	8.02 	7.97 	13.42 	11.29 	12.87 	13.34 	16.13 	19.17 	23.18 	21.19 
A,I_IUSELL,PC_IND_IU3,ITI3	: 	: 	: 	: 	: 	: 	18.46 	15.82 	19.19 	15.31 	10.63 	11.28 	10.59 	10.85 	14.70 	14.98 	18.99 	17.44 	21.73 	22.64 
A,I_IUSELL,PC_IND_IU3,ITI4	: 	: 	: 	: 	: 	14.45 	15.67 	13.81 	14.46 	14.10 	8.87 	9.63 	12.31 	9.74 	12.55 	15.63 	18.73 	20.28 	22.39 	23.65 
A,I_IUSELL,PC_IND_IU3,LT	5.17 	1.85 	2.29 	3.03 	3.14 	5.02 	6.46 	6.15 	5.05 	4.80 	6.80 	8.63 	10.00 	10.90 	16.30 	17.58 	19.30 	18.70 	24.65 	24.49 
A,I_IUSELL,PC_IND_IU3,LT0	: 	: 	: 	: 	: 	5.02 	6.46 	6.15 	5.05 	4.80 	6.80 	8.63 	10.00 	10.90 	16.30 	17.58 	19.30 	18.70 	24.65 	24.49 
A,I_IUSELL,PC_IND_IU3,LT00	: 	: 	: 	: 	: 	5.02 	6.46 	6.15 	5.05 	4.80 	6.80 	8.63 	: 	: 	: 	: 	: 	: 	: 	: 
A,I_IUSELL,PC_IND_IU3,LT01	: 	: 	: 	: 	: 	: 	: 	: 	: 	: 	: 	: 	13.38 	13.50 	18.64 	22.16 	20.06 	20.87 	25.38 	26.85 
A,I_IUSELL,PC_IND_IU3,LT02	: 	: 	: 	: 	: 	: 	: 	: 	: 	: 	: 	: 	8.56 	9.83 	15.25 	15.60 	18.98 	17.74 	24.32 	23.40 
A,I_IUSELL,PC_IND_IU3,LU	7.54 	15.40 	14.79 	16.97 	12.51 	21.79 	23.71 	16.78 	14.98 	16.42 	14.54 	17.60 	14.74 b	16.33 	18.43 	23.74 	16.62 	17.49 	21.19 	19.57 
A,I_IUSELL,PC_IND_IU3,LU0	: 	: 	: 	: 	: 	21.79 	23.71 	16.78 	14.98 	16.42 	14.54 	17.60 	14.74 b	16.33 	18.43 	23.74 	16.62 	17.49 	21.19 	19.57 
A,I_IUSELL,PC_IND_IU3,LU00	: 	: 	: 	: 	: 	21.79 	23.71 	16.78 	14.98 	16.42 	14.54 	17.60 	14.74 b	16.33 	18.43 	23.74 	16.62 	17.49 	21.19 	19.57 
A,I_IUSELL,PC_IND_IU3,LV	4.17 	3.18 	: 	5.81 	: 	11.53 	5.26 	6.16 	4.92 	6.99 	6.88 b	9.57 	11.43 	10.27 	13.73 	14.71 	11.26 	14.35 	13.63 	13.66 
A,I_IUSELL,PC_IND_IU3,LV0	: 	: 	: 	: 	: 	11.53 	5.26 	6.16 	4.92 	6.99 	6.88 b	9.57 	11.43 	10.27 	13.73 	14.71 	11.26 	14.35 	13.63 	13.66 
A,I_IUSELL,PC_IND_IU3,LV00	: 	: 	: 	: 	: 	11.53 	5.26 	6.16 	4.92 	6.99 	6.88 b	9.57 	11.43 	10.27 	13.73 	14.71 	11.26 	14.35 	13.63 	13.66 
A,I_IUSELL,PC_IND_IU3,ME	: 	: 	: 	: 	: 	: 	6.91 	: 	: 	: 	: 	7.46 	4.68 	5.55 	6.32 	6.05 	6.98 	6.11 	7.79 	8.38 
A,I_IUSELL,PC_IND_IU3,ME0	: 	: 	: 	: 	: 	: 	: 	: 	: 	: 	: 	: 	: 	: 	: 	: 	: 	6.11 	7.79 	8.38 
A,I_IUSELL,PC_IND_IU3,MK	2.07 	: 	2.33 	2.38 	3.15 	: 	4.67 	7.17 	5.07 	5.62 	7.16 	4.22 	7.23 	5.79 	10.43 	5.94 	: 	: 	13.82 	12.65 
A,I_IUSELL,PC_IND_IU3,MK0	: 	: 	: 	: 	: 	: 	4.67 	7.17 	5.07 	5.62 	7.16 	4.22 	7.23 	5.79 	10.43 	5.94 	: 	: 	13.82 	12.65 
A,I_IUSELL,PC_IND_IU3,MK00	: 	: 	: 	: 	: 	: 	4.67 	7.17 	5.07 	5.62 	7.16 	4.22 	7.23 	5.79 	10.43 	: 	: 	: 	: 	: 
A,I_IUSELL,PC_IND_IU3,MT	9.07 	15.42 	9.78 	6.73 	21.35 	30.56 	20.30 	30.28 	22.85 	31.98 	27.45 	36.02 	35.84 	35.25 	37.96 	40.52 	39.63 	42.49 	29.78 	31.65 
A,I_IUSELL,PC_IND_IU3,MT0	: 	: 	: 	: 	: 	30.56 	20.30 	30.28 	22.85 	31.98 	27.45 	36.02 	35.84 	35.25 	37.96 	40.52 	39.63 	42.49 	29.78 	31.65 
A,I_IUSELL,PC_IND_IU3,MT00	: 	: 	: 	: 	: 	30.56 	20.30 	30.28 	22.85 	31.98 	27.45 	36.02 	35.84 	35.25 	37.96 	40.52 	39.63 	42.49 	29.78 	31.65 
A,I_IUSELL,PC_IND_IU3,NL	22.80 	23.87 	26.15 	20.41 	26.83 	28.60 	21.41 	50.74 	30.65 	30.23 	36.11 	38.41 	37.09 	37.99 	39.33 	45.46 	43.73 	41.57 	43.17 	46.80 
A,I_IUSELL,PC_IND_IU3,NL1	: 	: 	: 	: 	: 	29.17 	24.53 	55.24 	33.80 	30.33 	40.01 	40.66 	38.38 	38.77 	43.67 	47.59 	45.78 	43.66 	40.71 	48.82 
A,I_IUSELL,PC_IND_IU3,NL11	: 	: 	: 	: 	: 	28.04 	22.87 	49.45 	29.90 	32.04 	37.63 	43.10 	38.08 	38.49 	37.21 	45.99 	44.06 	43.96 	40.67 	47.19 
A,I_IUSELL,PC_IND_IU3,NL12	: 	: 	: 	: 	: 	24.63 	21.28 	60.40 	35.56 	25.11 	43.20 	35.18 	37.94 	41.14 	48.33 	46.21 	44.48 	43.45 	45.23 	46.44 
A,I_IUSELL,PC_IND_IU3,NL13	: 	: 	: 	: 	: 	35.95 	30.67 	55.74 	36.39 	35.21 	38.77 	44.63 	39.39 	36.01 	45.53 	51.37 	49.59 	43.57 	34.76 u	54.00 
A,I_IUSELL,PC_IND_IU3,NL2	: 	: 	: 	: 	: 	31.84 	24.34 	56.54 	30.60 	32.14 	37.09 	39.11 	37.06 	38.99 	39.99 	46.28 	46.93 	40.46 	42.77 	44.51 
A,I_IUSELL,PC_IND_IU3,NL21	: 	: 	: 	: 	: 	29.42 	25.15 	56.98 	35.28 	34.27 	34.86 	35.94 	39.51 	40.04 	41.52 	47.71 	49.52 	43.04 	43.73 	41.67 
A,I_IUSELL,PC_IND_IU3,NL22	: 	: 	: 	: 	: 	32.11 	23.10 	57.67 	28.96 	31.72 	38.04 	40.21 	34.82 	39.66 	41.53 	44.82 	46.96 	40.96 	41.86 	46.35 
A,I_IUSELL,PC_IND_IU3,NL23	: 	: 	: 	: 	: 	37.88 	28.04 	49.79 	25.18 	28.16 	38.41 	42.34 	41.41 	33.00 	28.47 	49.45 	40.05 	31.42 	44.56 	43.32 
A,I_IUSELL,PC_IND_IU3,NL3	: 	: 	: 	: 	: 	27.55 	19.70 	47.90 	31.16 	30.49 	36.29 	38.33 	36.87 	37.39 	38.57 	44.44 	42.82 	41.30 	44.14 	47.30 
A,I_IUSELL,PC_IND_IU3,NL31	: 	: 	: 	: 	: 	32.41 	23.26 	46.21 	35.53 	36.59 	39.53 	39.01 	45.08 	42.68 	38.10 	50.10 	45.47 	41.92 	: 	: 
A,I_IUSELL,PC_IND_IU3,NL32	: 	: 	: 	: 	: 	26.14 	18.95 	47.65 	29.69 	28.39 	37.58 	37.75 	36.22 	34.47 	36.99 	41.91 	41.92 	44.65 	45.12 	47.77 
A,I_IUSELL,PC_IND_IU3,NL33	: 	: 	: 	: 	: 	27.25 	19.39 	48.45 	29.50 	29.08 	34.57 	37.93 	35.59 	38.47 	39.84 	43.53 	41.63 	38.38 	: 	: 
A,I_IUSELL,PC_IND_IU3,NL34	: 	: 	: 	: 	: 	25.02 	16.46 	50.34 	43.00 	39.75 	31.70 	44.09 	25.74 	31.09 	39.99 	52.05 	51.80 	41.83 	40.24 	40.23 
A,I_IUSELL,PC_IND_IU3,NL35	: 	: 	: 	: 	: 	: 	: 	: 	: 	: 	: 	: 	: 	: 	: 	: 	: 	: 	46.98 	48.80 
A,I_IUSELL,PC_IND_IU3,NL36	: 	: 	: 	: 	: 	: 	: 	: 	: 	: 	: 	: 	: 	: 	: 	: 	: 	: 	42.73 	47.08 
A,I_IUSELL,PC_IND_IU3,NL4	: 	: 	: 	: 	: 	27.51 	20.85 	49.35 	28.00 	27.73 	32.83 	36.86 	36.98 	37.99 	38.34 	45.98 	41.66 	42.33 	42.48 	47.03 
A,I_IUSELL,PC_IND_IU3,NL41	: 	: 	: 	: 	: 	25.57 	21.59 	50.45 	29.09 	27.45 	32.75 	36.69 	37.54 	38.46 	39.47 	48.09 	43.47 	41.70 	43.42 	47.96 
A,I_IUSELL,PC_IND_IU3,NL42	: 	: 	: 	: 	: 	31.42 	19.27 	47.02 	25.63 	28.35 	33.03 	37.24 	35.71 	36.94 	35.79 	41.10 	37.42 	43.78 	40.27 	44.82 
A,I_IUSELL,PC_IND_IU3,NO	11.76 	9.24 	12.77 	11.86 	15.40 	26.03 	29.17 	29.48 	26.58 	30.40 	31.04 	33.19 	32.80 	33.92 	32.93 	39.57 	37.53 	41.51 	43.15 	43.93 
A,I_IUSELL,PC_IND_IU3,NO0	: 	: 	: 	: 	: 	26.03 	29.17 	29.48 	26.58 	30.40 	31.04 	33.19 	32.80 	33.92 	32.93 	39.57 	37.53 	41.51 	43.15 	43.93 
A,I_IUSELL,PC_IND_IU3,NO01	: 	: 	: 	: 	: 	26.31 	27.07 	33.48 	30.08 	31.98 	33.97 	34.25 	32.45 	39.59 	37.87 	: 	: 	: 	: 	: 
A,I_IUSELL,PC_IND_IU3,NO02	: 	: 	: 	: 	: 	25.34 	38.37 	22.39 	25.80 	24.19 	26.67 	24.26 	31.01 	31.03 	36.07 	38.00 	39.82 	36.36 	34.54 u	44.10 
A,I_IUSELL,PC_IND_IU3,NO03	: 	: 	: 	: 	: 	26.63 	33.83 	31.40 	27.27 	29.67 	33.87 	35.79 	30.28 	34.32 	36.03 	: 	: 	: 	: 	: 
A,I_IUSELL,PC_IND_IU3,NO04	: 	: 	: 	: 	: 	26.49 	32.32 	26.87 	24.56 	31.52 	32.24 	36.89 	35.65 	38.99 	30.88 	: 	: 	: 	: 	: 
A,I_IUSELL,PC_IND_IU3,NO05	: 	: 	: 	: 	: 	23.72 	24.95 	27.30 	27.90 	32.88 	25.86 	33.96 	31.72 	26.04 	27.04 	: 	: 	: 	: 	: 
A,I_IUSELL,PC_IND_IU3,NO06	: 	: 	: 	: 	: 	33.13 	29.34 	29.74 	23.00 	21.69 	33.00 	27.81 	34.71 	30.33 	24.78 	37.17 	31.28 	38.49 	44.50 	36.43 
A,I_IUSELL,PC_IND_IU3,NO07	: 	: 	: 	: 	: 	20.89 	20.65 	29.69 	19.75 	36.08 	26.44 	28.35 	36.42 	29.75 	30.00 	28.87 	31.62 	31.57 	29.63 u	30.35 
A,I_IUSELL,PC_IND_IU3,NO08	: 	: 	: 	: 	: 	: 	: 	: 	: 	: 	: 	: 	: 	: 	: 	46.26 	43.06 	44.87 	47.27 	51.00 
A,I_IUSELL,PC_IND_IU3,NO09	: 	: 	: 	: 	: 	: 	: 	: 	: 	: 	: 	: 	: 	: 	: 	36.52 	33.80 	45.20 	39.88 	44.89 
A,I_IUSELL,PC_IND_IU3,NO0A	: 	: 	: 	: 	: 	: 	: 	: 	: 	: 	: 	: 	: 	: 	: 	35.92 	35.18 	40.45 	45.38 	42.68 
A,I_IUSELL,PC_IND_IU3,PL	12.97 	11.02 	13.66 	10.34 	13.39 	12.30 	15.25 	12.03 	17.36 	17.84 	21.26 	20.42 	18.31 	17.01 	14.53 	12.64 	15.40 	15.76 	18.00 	16.75 
A,I_IUSELL,PC_IND_IU3,PL1	: 	: 	: 	: 	: 	13.17 	16.93 	13.75 	18.44 	18.77 	20.01 	22.18 	: 	: 	: 	: 	: 	: 	: 	: 
A,I_IUSELL,PC_IND_IU3,PL2	: 	: 	: 	: 	: 	12.38 	14.81 	13.47 	18.00 	19.39 	25.61 	23.11 	19.83 	18.11 	16.16 	11.97 	14.95 	19.24 	19.66 	20.96 
A,I_IUSELL,PC_IND_IU3,PL21	: 	: 	: 	: 	: 	: 	: 	: 	: 	: 	: 	: 	: 	: 	: 	: 	: 	18.86 	22.36 	16.74 
A,I_IUSELL,PC_IND_IU3,PL22	: 	: 	: 	: 	: 	: 	: 	: 	: 	: 	: 	: 	: 	: 	: 	: 	: 	19.53 	17.88 	24.57 
A,I_IUSELL,PC_IND_IU3,PL3	: 	: 	: 	: 	: 	8.58 	13.27 	9.01 	13.98 	14.21 	17.72 	17.22 	: 	: 	: 	: 	: 	: 	: 	: 
A,I_IUSELL,PC_IND_IU3,PL4	: 	: 	: 	: 	: 	12.51 	13.03 	9.99 	13.94 	16.15 	21.97 	18.61 	17.49 	17.65 	17.23 	16.31 	16.79 	12.65 	17.38 	15.69 
A,I_IUSELL,PC_IND_IU3,PL41	: 	: 	: 	: 	: 	: 	: 	: 	: 	: 	: 	: 	: 	: 	: 	: 	: 	14.61 	18.83 	19.43 
A,I_IUSELL,PC_IND_IU3,PL42	: 	: 	: 	: 	: 	: 	: 	: 	: 	: 	: 	: 	: 	: 	: 	: 	: 	6.81 	16.86 	9.36 
A,I_IUSELL,PC_IND_IU3,PL43	: 	: 	: 	: 	: 	: 	: 	: 	: 	: 	: 	: 	: 	: 	: 	: 	: 	11.86 	14.13 	12.43 
A,I_IUSELL,PC_IND_IU3,PL5	: 	: 	: 	: 	: 	13.80 	17.50 	12.30 	21.71 	18.76 	20.14 	18.88 	19.57 	21.53 	16.72 	14.87 	18.12 	16.08 	20.56 	14.29 
A,I_IUSELL,PC_IND_IU3,PL51	: 	: 	: 	: 	: 	: 	: 	: 	: 	: 	: 	: 	: 	: 	: 	: 	: 	16.16 	19.70 	12.95 
A,I_IUSELL,PC_IND_IU3,PL52	: 	: 	: 	: 	: 	: 	: 	: 	: 	: 	: 	: 	: 	: 	: 	: 	: 	15.76 	24.63 	19.02 
A,I_IUSELL,PC_IND_IU3,PL6	: 	: 	: 	: 	: 	13.78 	16.19 	12.60 	19.55 	19.74 	21.65 	21.16 	21.07 	14.89 	15.23 	12.24 	17.35 	17.72 	14.97 	12.50 
A,I_IUSELL,PC_IND_IU3,PL61	: 	: 	: 	: 	: 	: 	: 	: 	: 	: 	: 	: 	: 	: 	: 	: 	: 	19.50 	14.38 	11.75 
A,I_IUSELL,PC_IND_IU3,PL62	: 	: 	: 	: 	: 	: 	: 	: 	: 	: 	: 	: 	: 	: 	: 	: 	: 	9.28 	6.54 	9.36 
A,I_IUSELL,PC_IND_IU3,PL63	: 	: 	: 	: 	: 	: 	: 	: 	: 	: 	: 	: 	: 	: 	: 	: 	: 	21.94 	20.74 	14.87 
A,I_IUSELL,PC_IND_IU3,PL7	: 	: 	: 	: 	: 	: 	: 	: 	: 	: 	: 	: 	15.14 	14.09 	10.69 	10.40 	13.24 	11.49 	19.18 	16.79 
A,I_IUSELL,PC_IND_IU3,PL71	: 	: 	: 	: 	: 	: 	: 	: 	: 	: 	: 	: 	: 	: 	: 	: 	: 	10.56 	20.38 	17.77 
A,I_IUSELL,PC_IND_IU3,PL72	: 	: 	: 	: 	: 	: 	: 	: 	: 	: 	: 	: 	: 	: 	: 	: 	: 	12.92 	16.90 	15.22 
A,I_IUSELL,PC_IND_IU3,PL8	: 	: 	: 	: 	: 	: 	: 	: 	: 	: 	: 	: 	13.43 	12.35 	8.23 	7.32 	11.85 	15.90 	14.34 	14.45 
A,I_IUSELL,PC_IND_IU3,PL81	: 	: 	: 	: 	: 	: 	: 	: 	: 	: 	: 	: 	: 	: 	: 	: 	: 	23.50 	17.78 	18.77 
A,I_IUSELL,PC_IND_IU3,PL82	: 	: 	: 	: 	: 	: 	: 	: 	: 	: 	: 	: 	: 	: 	: 	: 	: 	6.75 	10.28 	11.46 
A,I_IUSELL,PC_IND_IU3,PL84	: 	: 	: 	: 	: 	: 	: 	: 	: 	: 	: 	: 	: 	: 	: 	: 	: 	20.70 	15.20 	11.52 
A,I_IUSELL,PC_IND_IU3,PL9	: 	: 	: 	: 	: 	: 	: 	: 	: 	: 	: 	: 	20.67 	20.58 	15.86 	16.18 	15.99 	15.63 	21.02 	19.55 
A,I_IUSELL,PC_IND_IU3,PL91	: 	: 	: 	: 	: 	: 	: 	: 	: 	: 	: 	: 	: 	: 	: 	: 	: 	19.29 	24.59 	22.06 
A,I_IUSELL,PC_IND_IU3,PL92	: 	: 	: 	: 	: 	: 	: 	: 	: 	: 	: 	: 	: 	: 	: 	: 	: 	11.31 	17.92 	17.79 
A,I_IUSELL,PC_IND_IU3,PT	1.82 	: 	: 	2.50 	3.65 	4.93 	5.99 	9.31 	11.48 	11.56 	11.29 	11.14 	10.59 	12.27 	11.80 	11.97 	10.95 	11.99 	14.51 	13.27 
A,I_IUSELL,PC_IND_IU3,PT1	: 	: 	: 	: 	: 	4.95 	5.99 	9.40 	11.61 	11.65 	11.30 	11.25 	10.72 	12.44 	11.84 	12.09 	11.01 	12.11 	14.85 	13.51 
A,I_IUSELL,PC_IND_IU3,PT11	: 	: 	: 	: 	: 	4.15 	5.64 	9.29 	9.86 	11.81 	10.11 	8.87 	9.69 	11.82 	11.51 	10.75 	9.72 	10.21 	13.18 	11.83 
A,I_IUSELL,PC_IND_IU3,PT15	: 	: 	: 	: 	: 	5.20 	4.08 	9.25 	7.80 	7.02 	6.94 	11.85 	10.67 	11.17 	16.49 	9.64 	11.97 	12.76 	12.64 	12.12 
A,I_IUSELL,PC_IND_IU3,PT16	: 	: 	: 	: 	: 	6.75 	6.79 	8.17 	11.83 	11.46 	12.32 	12.23 	8.92 	11.70 	10.31 	12.09 	10.17 	10.64 	: 	: 
A,I_IUSELL,PC_IND_IU3,PT17	: 	: 	: 	: 	: 	4.86 	6.28 	10.50 	14.27 	12.49 	12.48 	13.95 	13.26 	14.36 	13.08 	14.60 	13.48 	15.05 	: 	: 
A,I_IUSELL,PC_IND_IU3,PT18	: 	: 	: 	: 	: 	3.54 	5.01 	8.39 	9.43 	10.57 	11.27 	7.17 	9.93 	9.66 	9.57 	9.30 	8.74 	13.51 	: 	: 
A,I_IUSELL,PC_IND_IU3,PT19	: 	: 	: 	: 	: 	: 	: 	: 	: 	: 	: 	: 	: 	: 	: 	: 	: 	: 	15.86 	12.57 
A,I_IUSELL,PC_IND_IU3,PT1A	: 	: 	: 	: 	: 	: 	: 	: 	: 	: 	: 	: 	: 	: 	: 	: 	: 	: 	19.08 	17.11 
A,I_IUSELL,PC_IND_IU3,PT1B	: 	: 	: 	: 	: 	: 	: 	: 	: 	: 	: 	: 	: 	: 	: 	: 	: 	: 	12.65 u	16.17 
A,I_IUSELL,PC_IND_IU3,PT1C	: 	: 	: 	: 	: 	: 	: 	: 	: 	: 	: 	: 	: 	: 	: 	: 	: 	: 	15.77 	10.24 
A,I_IUSELL,PC_IND_IU3,PT1D	: 	: 	: 	: 	: 	: 	: 	: 	: 	: 	: 	: 	: 	: 	: 	: 	: 	: 	11.89 	12.73 
A,I_IUSELL,PC_IND_IU3,PT2	: 	: 	: 	: 	: 	2.91 	6.36 	7.74 	10.54 	10.25 	12.92 	11.37 	8.72 	10.44 	14.29 	11.93 	8.12 	10.49 	5.94 u	8.73 
A,I_IUSELL,PC_IND_IU3,PT20	: 	: 	: 	: 	: 	2.91 	6.36 	7.74 	10.54 	10.25 	12.92 	11.37 	8.72 	10.44 	14.29 	11.93 	8.12 	10.49 	5.94 u	8.73 
A,I_IUSELL,PC_IND_IU3,PT3	: 	: 	: 	: 	: 	5.82 	5.55 	7.41 	7.80 	9.60 	9.62 	7.03 	7.65 	7.90 	8.03 	7.77 	11.51 	9.12 	9.60 	8.36 
A,I_IUSELL,PC_IND_IU3,PT30	: 	: 	: 	: 	: 	5.82 	5.55 	7.41 	7.80 	9.60 	9.62 	7.03 	7.65 	7.90 	8.03 	7.77 	11.51 	9.12 	9.60 	8.36 
A,I_IUSELL,PC_IND_IU3,RO	1.72 	2.07 	2.47 	2.63 	3.57 	8.65 	3.47 	3.83 	3.50 b	4.91 	4.99 	4.46 	4.78 	3.42 	4.67 	5.89 	5.22 	6.68 	6.92 	12.99 
A,I_IUSELL,PC_IND_IU3,RO1	: 	: 	: 	: 	: 	6.98 	2.94 	3.73 	2.26 b	3.78 	5.41 	5.06 	5.06 	5.55 	4.76 	6.88 	7.65 	10.51 	9.76 	15.44 
A,I_IUSELL,PC_IND_IU3,RO11	: 	: 	: 	: 	: 	9.33 	2.61 	4.63 	2.28 b	4.57 	5.75 	5.34 	6.57 	5.47 	5.47 	4.98 	8.58 	11.88 	10.29 	15.65 
A,I_IUSELL,PC_IND_IU3,RO12	: 	: 	: 	: 	: 	4.54 	3.32 	2.72 	2.24 b	2.95 	5.03 	4.72 	3.19 	5.66 	3.90 	9.08 	6.60 	8.93 	9.16 	15.22 
A,I_IUSELL,PC_IND_IU3,RO2	: 	: 	: 	: 	: 	5.19 	3.18 	4.18 	2.45 b	4.62 	4.33 	4.54 	5.52 	2.65 	5.16 	4.33 	4.58 	5.62 	5.81 	10.72 
A,I_IUSELL,PC_IND_IU3,RO21	: 	: 	: 	: 	: 	5.48 	3.24 	3.43 	2.30 b	4.62 	5.06 	3.89 	5.86 	2.30 	5.28 	4.61 	4.58 	6.33 	4.85 	10.95 
A,I_IUSELL,PC_IND_IU3,RO22	: 	: 	: 	: 	: 	4.81 	3.11 	5.18 	2.63 b	4.61 	3.38 	5.40 	5.05 	3.13 	4.99 	3.93 	4.57 	4.64 	7.12 	10.41 
A,I_IUSELL,PC_IND_IU3,RO3	: 	: 	: 	: 	: 	13.81 	4.24 	4.35 	5.87 b	6.61 	5.55 	4.05 	5.32 	3.24 	4.99 	5.54 	4.94 	6.20 	5.98 	13.65 
A,I_IUSELL,PC_IND_IU3,RO31	: 	: 	: 	: 	: 	8.18 	3.16 	2.54 	3.01 b	4.27 	3.11 	2.41 	2.97 	1.77 	3.18 	2.63 	4.44 	4.38 	3.16 	10.18 
A,I_IUSELL,PC_IND_IU3,RO32	: 	: 	: 	: 	: 	18.89 	5.28 	5.92 	8.14 b	8.69 	7.69 	5.66 	7.52 	4.92 	6.89 	8.88 	5.42 	8.24 	9.26 	17.64 
A,I_IUSELL,PC_IND_IU3,RO4	: 	: 	: 	: 	: 	7.90 	3.41 	2.62 	3.02 b	4.21 	4.50 	4.16 	2.60 	1.87 	3.50 	7.31 	3.29 	3.89 	6.02 	12.13 
A,I_IUSELL,PC_IND_IU3,RO41	: 	: 	: 	: 	: 	6.65 	2.23 	1.91 	2.38 b	3.16 	5.31 	1.99 	1.58 	2.55 	3.15 	8.58 	2.92 	5.01 	5.25 	11.07 
A,I_IUSELL,PC_IND_IU3,RO42	: 	: 	: 	: 	: 	9.08 	4.49 	3.33 	3.46 b	5.14 	3.66 	6.16 	3.60 	1.20 	3.79 	6.07 	3.67 	2.71 	6.76 	13.30 
A,I_IUSELL,PC_IND_IU3,RS	: 	4.67 	: 	4.43 	: 	: 	: 	: 	: 	32.09 	: 	25.27 	22.23 	15.01 	8.46 	7.45 	7.75 	7.30 	7.21 	7.02 
A,I_IUSELL,PC_IND_IU3,RS1	: 	: 	: 	: 	: 	: 	: 	: 	: 	: 	: 	: 	: 	16.93 	6.24 	9.80 	8.48 	8.92 	8.04 	7.78 
A,I_IUSELL,PC_IND_IU3,RS11	: 	: 	: 	: 	: 	: 	: 	: 	: 	: 	: 	: 	: 	15.30 	9.81 	8.02 	8.94 	7.63 	7.10 u	6.87 
A,I_IUSELL,PC_IND_IU3,RS12	: 	: 	: 	: 	: 	: 	: 	: 	: 	: 	: 	: 	: 	18.23 	2.78 	11.02 	8.05 	10.03 	8.84 u	8.70 
A,I_IUSELL,PC_IND_IU3,RS2	: 	: 	: 	: 	: 	: 	: 	: 	: 	: 	: 	: 	: 	13.05 	10.47 	5.36 	7.11 	5.67 	6.28 	6.18 
A,I_IUSELL,PC_IND_IU3,RS21	: 	: 	: 	: 	: 	: 	: 	: 	: 	: 	: 	: 	: 	12.99 	10.50 	7.43 	6.10 	6.13 	: u	6.19 
A,I_IUSELL,PC_IND_IU3,RS22	: 	: 	: 	: 	: 	: 	: 	: 	: 	: 	: 	: 	: 	13.13 	10.44 	2.83 	8.76 	5.11 	10.02 u	6.17 
A,I_IUSELL,PC_IND_IU3,SE	16.49 	15.97 	16.51 	18.24 	20.67 	20.07 	14.72 	14.98 	15.65 	20.18 	19.42 b	22.36 	27.34 	: 	28.93 	28.25 	27.80 	29.54 	28.47 	30.30 
A,I_IUSELL,PC_IND_IU3,SE1	: 	: 	: 	: 	: 	20.61 	13.05 	15.19 	16.48 	20.29 	18.29 b	21.12 	28.30 	: 	29.38 	29.37 	30.64 	31.20 	29.40 	31.82 
A,I_IUSELL,PC_IND_IU3,SE11	: 	: 	: 	: 	: 	22.69 	14.79 	13.99 	17.73 	21.86 	15.30 b	23.43 	31.10 	: 	30.36 	31.15 	29.89 	33.19 	32.96 	35.43 
A,I_IUSELL,PC_IND_IU3,SE12	: 	: 	: 	: 	: 	17.72 	10.67 	16.96 	14.81 	18.17 	21.95 b	18.62 	24.62 	: 	28.02 	26.80 	31.63 	28.53 	24.33 	27.06 
A,I_IUSELL,PC_IND_IU3,SE2	: 	: 	: 	: 	: 	19.99 	16.32 	15.88 	15.54 	20.46 	19.36 b	22.79 	28.51 	: 	27.68 	28.47 	26.76 	28.71 	28.63 	29.19 
A,I_IUSELL,PC_IND_IU3,SE21	: 	: 	: 	: 	: 	21.30 	12.52 	17.94 	19.45 	30.21 	21.92 b	15.41 	28.18 	: 	23.90 	24.54 	22.29 	21.44 	28.23 	28.72 
A,I_IUSELL,PC_IND_IU3,SE22	: 	: 	: 	: 	: 	19.23 	16.21 	15.06 	17.14 	18.48 	17.67 b	23.65 	28.26 	: 	30.89 	30.31 	30.53 	29.51 	29.59 	34.31 
A,I_IUSELL,PC_IND_IU3,SE23	: 	: 	: 	: 	: 	19.93 	17.91 	15.58 	13.00 	17.67 	19.65 b	25.97 	28.85 	: 	27.26 	28.72 	26.16 	31.38 	28.17 	25.99 
A,I_IUSELL,PC_IND_IU3,SE3	: 	: 	: 	: 	: 	19.13 	14.86 	12.13 	14.14 	19.23 	22.37 b	24.41 	22.12 	: 	31.08 	25.12 	22.89 	27.92 	25.79 	29.40 
A,I_IUSELL,PC_IND_IU3,SE31	: 	: 	: 	: 	: 	17.20 	12.45 	9.53 	12.25 	24.94 	25.57 b	22.21 	18.83 	: 	33.19 	24.62 	22.72 	29.57 	26.26 	28.86 
A,I_IUSELL,PC_IND_IU3,SE32	: 	: 	: 	: 	: 	27.31 	14.21 	10.67 u	19.41 	15.84 	20.42 bu	28.78 u	31.64 u	: 	19.93 	27.17 	16.21 	24.15 	32.55 u	23.66 
A,I_IUSELL,PC_IND_IU3,SE33	: 	: 	: 	: 	: 	16.77 	18.70 	17.23 	12.07 u	12.83 	19.54 b	24.41 	20.89 	: 	35.63 	24.49 	27.73 	28.12 	20.71 	34.64 
A,I_IUSELL,PC_IND_IU3,SI	14.82 	17.56 	31.21 	29.98 	30.04 	44.19 	43.73 	48.23 	40.26 	24.67 	21.64 	27.21 	22.25 	21.85 	20.79 	19.89 	20.14 	19.51 	20.96 	19.61 
A,I_IUSELL,PC_IND_IU3,SI0	: 	: 	: 	: 	: 	44.19 	43.73 	48.23 	40.26 	24.67 	21.64 	27.21 	22.25 	21.85 	20.79 	19.89 	20.14 	19.51 	20.96 	19.61 
A,I_IUSELL,PC_IND_IU3,SI01	: 	: 	: 	: 	: 	: 	: 	: 	43.22 	: 	: 	: 	: 	: 	: 	: 	: 	: 	: 	: 
A,I_IUSELL,PC_IND_IU3,SI02	: 	: 	: 	: 	: 	: 	: 	: 	37.24 	: 	: 	: 	: 	: 	: 	: 	: 	: 	: 	: 
A,I_IUSELL,PC_IND_IU3,SI03	: 	: 	: 	: 	: 	: 	: 	: 	: 	26.44 	22.41 	28.94 	21.93 	18.74 	23.23 	19.68 	17.16 	20.08 	20.08 	20.86 
A,I_IUSELL,PC_IND_IU3,SI04	: 	: 	: 	: 	: 	: 	: 	: 	: 	22.95 	20.83 	25.40 	22.58 	25.05 	18.17 	20.10 	23.28 	18.93 	21.88 	18.30 
A,I_IUSELL,PC_IND_IU3,SK	3.42 	4.03 	6.82 	3.62 	8.52 	12.45 	15.56 	14.30 	13.54 	11.63 	15.60 	14.45 	29.47 	26.52 	28.24 	30.09 	22.47 	32.96 	31.43 	38.41 
A,I_IUSELL,PC_IND_IU3,SK0	: 	: 	: 	: 	: 	12.45 	15.56 	14.30 	13.54 	11.63 	15.60 	14.45 	29.47 	26.52 	28.24 	30.09 	22.47 	32.96 	31.43 	38.41 
A,I_IUSELL,PC_IND_IU3,SK01	: 	: 	: 	: 	: 	17.85 	21.50 	24.53 	18.49 	19.04 	18.29 	18.04 	36.34 	27.08 	31.51 	34.05 	20.61 	39.12 	33.92 	51.49 
A,I_IUSELL,PC_IND_IU3,SK02	: 	: 	: 	: 	: 	11.32 	17.66 	11.60 	13.57 	9.70 	13.50 	12.06 	31.88 	30.91 	28.07 	26.56 	21.35 	31.38 	30.12 	36.32 
A,I_IUSELL,PC_IND_IU3,SK03	: 	: 	: 	: 	: 	14.64 	14.51 	12.89 	13.36 	8.92 	18.36 	16.15 	21.60 	26.90 	27.53 	29.94 	22.61 	31.34 	29.00 	34.88 
A,I_IUSELL,PC_IND_IU3,SK04	: 	: 	: 	: 	: 	9.52 	11.54 	14.18 	11.61 	13.08 	14.76 	14.38 	30.49 	20.72 	27.66 	32.62 	24.56 	33.19 	33.87 	37.34 
A,I_IUSELL,PC_IND_IU3,TR	: 	2.90 	3.87 	2.01 	4.09 	: 	7.22 	9.30 	16.53 	20.63 	19.97 	17.76 	21.33 	21.76 	13.39 	11.07 	11.23 	10.89 	11.44 	9.81 
A,I_IUSELL,PC_IND_IU3,TR1	: 	: 	: 	: 	: 	: 	6.72 	8.53 	19.63 	23.09 	18.74 	15.68 	22.08 	21.96 	17.91 	15.12 	11.30 	11.01 	10.65 	10.51 
A,I_IUSELL,PC_IND_IU3,TR2	: 	: 	: 	: 	: 	: 	6.90 	10.42 	9.42 	13.89 	14.77 	12.74 	18.56 	18.41 	12.27 	6.57 	5.18 	7.18 	9.68 	10.21 
A,I_IUSELL,PC_IND_IU3,TR3	: 	: 	: 	: 	: 	: 	7.20 	7.48 	13.48 	16.21 	19.39 	19.62 	20.32 	15.98 	13.29 	9.84 	14.60 	11.55 	9.50 	7.65 
A,I_IUSELL,PC_IND_IU3,TR4	: 	: 	: 	: 	: 	: 	6.24 	9.99 	16.61 	24.36 	25.57 	23.23 	25.11 	32.60 	6.91 	11.13 	10.70 	11.36 	8.70 	14.71 
A,I_IUSELL,PC_IND_IU3,TR5	: 	: 	: 	: 	: 	: 	12.57 	14.79 	22.79 	25.39 	27.92 	16.06 	19.51 	26.47 	10.12 	13.40 	11.26 	15.15 	21.25 	9.84 
A,I_IUSELL,PC_IND_IU3,TR6	: 	: 	: 	: 	: 	: 	7.34 	8.30 	13.75 	23.00 	15.08 	16.72 	17.01 	18.63 	12.12 	8.52 	14.52 	13.27 	12.78 	8.55 
A,I_IUSELL,PC_IND_IU3,TR7	: 	: 	: 	: 	: 	: 	9.28 	9.27 	19.85 	29.51 	18.46 	22.09 	27.94 	23.09 	16.27 	7.90 	13.19 	10.76 	11.97 	9.08 
A,I_IUSELL,PC_IND_IU3,TR8	: 	: 	: 	: 	: 	: 	5.33 	7.53 	14.25 	15.47 	17.07 	18.74 	21.91 	11.01 	14.90 	8.59 	7.30 	6.80 	10.14 	11.95 
A,I_IUSELL,PC_IND_IU3,TR9	: 	: 	: 	: 	: 	: 	6.62 	5.47 	8.74 	22.97 	28.72 	16.97 	36.65 	31.41 	11.67 	11.65 	10.07 	8.36 	5.52 	7.34 
A,I_IUSELL,PC_IND_IU3,TRA	: 	: 	: 	: 	: 	: 	2.91 	9.33 	19.32 	7.08 	23.14 	24.27 	25.76 	27.66 	7.74 	5.55 	8.57 	6.51 	11.88 	9.39 
A,I_IUSELL,PC_IND_IU3,TRB	: 	: 	: 	: 	: 	: 	4.13 	8.10 	11.85 	15.03 	23.06 	24.59 	18.84 	20.12 	15.98 	10.42 	11.26 	7.19 	8.73 	5.94 
A,I_IUSELL,PC_IND_IU3,TRC	: 	: 	: 	: 	: 	: 	3.29 	8.53 	16.23 	11.51 	14.59 	12.28 	16.28 	18.45 	15.03 	10.32 	7.12 	8.51 	11.01 	8.74 
A,I_IUSELL,PC_IND_IU3,UK	17.58 	17.59 	19.12 	18.81 	21.45 	31.89 	27.61 	34.14 	37.09 	25.39 	21.79 	21.97 	28.09 	32.43 	23.04 	: 	: 	: 	: 	: 
A,I_IUSELL,PC_IND_IU3,UKC	: 	: 	: 	: 	: 	24.67 	27.28 	25.25 	35.35 	30.50 	18.31 	22.45 	29.17 	26.99 	13.87 	: 	: 	: 	: 	: 
A,I_IUSELL,PC_IND_IU3,UKD	: 	: 	: 	: 	: 	34.80 	22.54 	31.22 	37.80 	27.28 	15.58 	25.10 	34.44 	29.26 	20.84 	: 	: 	: 	: 	: 
A,I_IUSELL,PC_IND_IU3,UKE	: 	: 	: 	: 	: 	30.64 	26.12 	34.59 	35.44 	29.90 	14.56 	21.37 	24.99 	29.19 	18.40 	: 	: 	: 	: 	: 
A,I_IUSELL,PC_IND_IU3,UKF	: 	: 	: 	: 	: 	33.86 	32.83 	32.85 	37.56 	24.26 	22.52 	19.20 	29.19 	41.74 	29.86 	: 	: 	: 	: 	: 
A,I_IUSELL,PC_IND_IU3,UKG	: 	: 	: 	: 	: 	32.08 	34.15 	33.21 	38.11 	25.87 	23.47 	18.19 	36.46 	29.64 	27.53 	: 	: 	: 	: 	: 
A,I_IUSELL,PC_IND_IU3,UKH	: 	: 	: 	: 	: 	33.15 	34.24 	39.19 	42.71 	31.87 	32.28 	23.86 	28.80 	40.83 	23.35 	: 	: 	: 	: 	: 
A,I_IUSELL,PC_IND_IU3,UKI	: 	: 	: 	: 	: 	30.97 	27.32 	29.40 	35.17 	21.58 	15.29 	26.06 	21.80 	30.64 	26.27 	: 	: 	: 	: 	: 
A,I_IUSELL,PC_IND_IU3,UKJ	: 	: 	: 	: 	: 	34.06 	27.16 	40.88 	40.64 	24.97 	29.91 	27.33 	30.78 	28.48 	29.90 	: 	: 	: 	: 	: 
A,I_IUSELL,PC_IND_IU3,UKK	: 	: 	: 	: 	: 	32.12 	25.63 	39.65 	41.08 	30.23 	28.81 	21.24 	31.81 	40.28 	18.44 	: 	: 	: 	: 	: 
A,I_IUSELL,PC_IND_IU3,UKL	: 	: 	: 	: 	: 	26.74 	26.37 	24.17 	25.19 	22.77 	22.93 	16.82 	19.48 	36.73 	18.68 	: 	: 	: 	: 	: 
A,I_IUSELL,PC_IND_IU3,UKM	: 	: 	: 	: 	: 	29.51 	20.98 	31.19 	31.02 	23.52 	16.84 	13.90 	19.61 	27.94 	13.89 	: 	: 	: 	: 	: 
A,I_IUSELL,PC_IND_IU3,UKN	: 	: 	: 	: 	: 	: 	: 	42.39 	37.32 	0 	15.05 	12.64 	22.73 	30.42 	: 	: 	: 	: 	: 	: 
A,I_IUSELL,PC_IND_IU3,XK	: 	: 	: 	: 	: 	: 	: 	: 	: 	: 	: 	1.58 	3.09 	7.00 	10.46 	: 	: 	: 	16.20 	12.78 
A,I_IUSNET,PC_IND,AL	: 	: 	: 	: 	: 	: 	: 	: 	: 	: 	: 	: 	48.33 	52.13 	54.80 	60.77 	64.07 	66.27 	68.95 	74.74 
A,I_IUSNET,PC_IND,AT	: 	: 	: 	: 	: 	35.28 	: 	37.45 	44.24 	45.33 	49.02 	51.19 	53.17 	55.55 	59.54 	57.11 	61.47 	63.42 	64.74 	67.86 
A,I_IUSNET,PC_IND,AT1	: 	: 	: 	: 	: 	38.26 	: 	39.14 	46.38 	47.95 	51.62 	53.73 	55.71 	56.61 	62.54 	59.10 	63.34 	63.98 	67.23 	69.71 
A,I_IUSNET,PC_IND,AT11	: 	: 	: 	: 	: 	32.68 	: 	36.47 	39.35 	: 	38.79 	45.68 	56.53 	47.67 	54.93 	50.73 	57.20 	56.74 	57.03 	62.99 
A,I_IUSNET,PC_IND,AT12	: 	: 	: 	: 	: 	34.74 	: 	36.69 	39.71 	: 	47.53 	49.21 	48.76 	56.31 	59.51 	56.45 	58.86 	57.44 	63.19 	65.64 
A,I_IUSNET,PC_IND,AT13	: 	: 	: 	: 	: 	42.39 	: 	41.80 	53.49 	: 	57.18 	58.86 	61.56 	58.25 	66.33 	62.67 	68.12 	70.59 	72.13 	74.08 
A,I_IUSNET,PC_IND,AT2	: 	: 	: 	: 	: 	32.00 	: 	34.90 	41.20 	41.33 	42.20 	46.79 	51.67 	51.82 	56.00 	55.91 	61.05 	64.27 	60.66 	64.43 
A,I_IUSNET,PC_IND,AT21	: 	: 	: 	: 	: 	33.32 	: 	36.50 	41.67 	: 	42.45 	50.50 	52.59 	52.15 	58.08 	56.05 	58.89 	62.76 	61.98 	60.98 
A,I_IUSNET,PC_IND,AT22	: 	: 	: 	: 	: 	31.40 	: 	34.17 	40.99 	: 	42.09 	45.11 	51.26 	51.67 	55.07 	55.85 	62.02 	64.94 	60.07 	65.97 
A,I_IUSNET,PC_IND,AT3	: 	: 	: 	: 	: 	33.60 	: 	36.88 	43.42 	44.44 	49.77 	50.60 	50.92 	56.38 	57.88 	55.36 	59.41 	62.24 	63.94 	67.48 
A,I_IUSNET,PC_IND,AT31	: 	: 	: 	: 	: 	29.64 	: 	36.59 	40.40 	: 	49.54 	50.91 	47.57 	56.53 	56.22 	53.95 	59.00 	61.37 	64.72 	68.34 
A,I_IUSNET,PC_IND,AT32	: 	: 	: 	: 	: 	37.01 	: 	39.09 	46.64 	: 	48.74 	44.38 	55.04 	53.13 	60.06 	55.74 	62.39 	62.47 	63.98 	62.56 
A,I_IUSNET,PC_IND,AT33	: 	: 	: 	: 	: 	36.02 	: 	36.66 	46.20 	: 	49.15 	53.10 	53.27 	59.20 	58.93 	57.13 	57.82 	60.58 	60.68 	70.28 
A,I_IUSNET,PC_IND,AT34	: 	: 	: 	: 	: 	39.05 	: 	35.24 	44.81 	: 	53.32 	53.45 	53.16 	54.94 	59.00 	56.72 	59.79 	68.39 	67.20 	65.74 
A,I_IUSNET,PC_IND,BA	: 	: 	: 	: 	: 	: 	: 	: 	: 	: 	: 	: 	46.09 	45.84 	50.04 	49.65 	: 	57.74 	65.46 	66.54 
A,I_IUSNET,PC_IND,BE	: 	: 	: 	: 	: 	39.53 	: 	46.64 	52.43 	66.72 	69.31 	72.02 	72.60 	75.53 	78.90 u	62.78 b	67.84 	68.48 	72.26 	67.68 
A,I_IUSNET,PC_IND,BE1	: 	: 	: 	: 	: 	39.85 	: 	45.52 	48.99 	69.22 	76.46 	75.09 	72.11 	74.09 	80.70 u	62.85 b	66.10 	68.67 	67.87 	64.25 
A,I_IUSNET,PC_IND,BE10	: 	: 	: 	: 	: 	39.85 	: 	45.52 	48.99 	69.22 	76.46 	75.09 	72.11 	74.09 	80.70 u	62.85 b	66.10 	68.67 	67.87 	64.25 
A,I_IUSNET,PC_IND,BE2	: 	: 	: 	: 	: 	39.77 	: 	47.56 	54.81 	64.52 	67.53 	72.06 	72.58 	74.62 	79.81 u	63.79 b	68.67 	69.72 	74.02 	69.08 
A,I_IUSNET,PC_IND,BE21	: 	: 	: 	: 	: 	39.83 	: 	46.92 	54.04 	64.88 	64.96 	72.65 	72.20 	73.23 	80.63 u	61.22 b	65.22 	70.82 	73.17 	68.59 
A,I_IUSNET,PC_IND,BE22	: 	: 	: 	: 	: 	38.33 	: 	50.62 	54.69 	66.28 	68.30 	68.84 	71.33 	77.20 	75.33 u	63.83 b	68.77 	68.72 	75.67 	69.13 
A,I_IUSNET,PC_IND,BE23	: 	: 	: 	: 	: 	40.75 	: 	48.75 	56.93 	62.22 	69.23 	71.32 	73.24 	74.49 	79.78 u	62.43 b	71.44 	71.34 	75.67 	72.76 
A,I_IUSNET,PC_IND,BE24	: 	: 	: 	: 	: 	41.18 	: 	50.21 	54.39 	67.22 	69.90 	70.22 	73.38 	75.47 	84.71 u	70.04 b	71.48 	73.19 	75.25 	67.41 
A,I_IUSNET,PC_IND,BE25	: 	: 	: 	: 	: 	38.23 	: 	42.26 	53.83 	63.01 	66.52 	76.27 	72.49 	74.17 	77.18 u	63.43 b	67.64 	64.02 	70.62 	66.28 
A,I_IUSNET,PC_IND,BE3	: 	: 	: 	: 	: 	38.99 	: 	45.34 	49.26 	69.86 	70.17 	70.95 	72.81 	77.64 	76.67 u	60.94 b	66.90 	66.13 	70.60 	66.28 
A,I_IUSNET,PC_IND,BE31	: 	: 	: 	: 	: 	41.91 	: 	48.82 	45.64 	73.71 	73.16 	73.38 	75.56 	78.66 	85.61 u	62.14 b	76.32 	69.58 	74.04 	66.35 
A,I_IUSNET,PC_IND,BE32	: 	: 	: 	: 	: 	41.49 	: 	42.64 	48.77 	73.44 	67.82 	71.99 	72.95 	74.39 	75.78 u	54.27 b	64.60 	66.56 	69.89 	63.69 
A,I_IUSNET,PC_IND,BE33	: 	: 	: 	: 	: 	34.50 	: 	46.31 	50.47 	66.73 	72.41 	68.94 	73.81 	82.03 	76.67 u	65.26 b	65.34 	63.51 	70.57 	67.49 
A,I_IUSNET,PC_IND,BE34	: 	: 	: 	: 	: 	38.71 	: 	44.21 	48.67 	63.59 	66.35 	73.71 	70.81 	76.15 	74.21 u	65.43 b	63.31 	67.74 	72.84 	69.81 
A,I_IUSNET,PC_IND,BE35	: 	: 	: 	: 	: 	40.09 	: 	48.34 	51.11 	67.55 	71.30 	69.06 	69.10 	76.71 	73.25 u	66.41 b	68.93 	66.65 	68.34 	68.47 
A,I_IUSNET,PC_IND,BG	: 	: 	: 	: 	: 	30.01 	: 	37.30 	39.57 	42.15 	45.03 	49.95 	51.36 	52.85 	54.74 	60.05 	63.42 	64.20 	64.99 	71.06 
A,I_IUSNET,PC_IND,BG3	: 	: 	: 	: 	: 	26.01 	: 	33.76 	37.99 	39.28 	43.83 	49.01 	50.61 	52.73 	53.32 	64.10 	65.59 	64.27 	68.96 	74.19 
A,I_IUSNET,PC_IND,BG31	: 	: 	: 	: 	: 	23.74 	: 	32.69 	34.76 	32.15 	42.93 	47.03 	49.43 	47.48 	48.22 	60.34 	63.30 	63.82 	67.18 	72.60 
A,I_IUSNET,PC_IND,BG32	: 	: 	: 	: 	: 	29.20 	: 	33.75 	42.56 	43.29 	44.05 	53.75 	50.66 	59.10 	57.10 	66.01 	67.44 	65.55 	69.57 	69.43 
A,I_IUSNET,PC_IND,BG33	: 	: 	: 	: 	: 	22.34 	: 	36.07 	39.48 	39.21 	50.18 	48.22 	50.91 	53.63 	58.31 	66.24 	67.75 	65.89 	72.72 	79.47 
A,I_IUSNET,PC_IND,BG34	: 	: 	: 	: 	: 	28.51 	: 	32.47 	35.37 	41.48 	38.48 	47.44 	51.15 	50.70 	49.41 	63.31 	63.76 	62.20 	66.41 	73.99 
A,I_IUSNET,PC_IND,BG4	: 	: 	: 	: 	: 	34.18 	: 	40.89 	41.16 	45.04 	46.24 	50.88 	52.11 	52.97 	56.13 	56.11 	61.33 	64.14 	61.32 	68.19 
A,I_IUSNET,PC_IND,BG41	: 	: 	: 	: 	: 	39.68 	: 	46.76 	45.83 	52.26 	49.30 	56.88 	56.44 	58.70 	59.74 	59.48 	66.55 	67.97 	66.60 	72.56 
A,I_IUSNET,PC_IND,BG42	: 	: 	: 	: 	: 	26.38 	: 	32.20 	34.19 	34.22 	41.63 	41.81 	45.54 	44.28 	50.66 	51.04 	53.46 	58.14 	53.10 	61.36 
A,I_IUSNET,PC_IND,CH	: 	: 	: 	: 	: 	: 	: 	: 	42.86 	: 	: 	52.72 b	: 	53.26 	: 	67.10 b	: 	69.11 	: 	74.07 
A,I_IUSNET,PC_IND,CH0	: 	: 	: 	: 	: 	: 	: 	: 	42.86 	: 	: 	52.72 b	: 	53.26 	: 	67.10 b	: 	69.11 	: 	74.07 
A,I_IUSNET,PC_IND,CH01	: 	: 	: 	: 	: 	: 	: 	: 	43.79 	: 	: 	57.16 b	: 	58.72 	: 	71.34 b	: 	70.57 	: 	80.12 
A,I_IUSNET,PC_IND,CH02	: 	: 	: 	: 	: 	: 	: 	: 	40.80 	: 	: 	55.05 b	: 	52.13 	: 	66.01 b	: 	68.79 	: 	70.92 
A,I_IUSNET,PC_IND,CH03	: 	: 	: 	: 	: 	: 	: 	: 	46.52 	: 	: 	51.17 b	: 	52.41 	: 	64.86 b	: 	72.09 	: 	74.51 
A,I_IUSNET,PC_IND,CH04	: 	: 	: 	: 	: 	: 	: 	: 	43.35 	: 	: 	50.31 b	: 	54.79 	: 	66.58 b	: 	68.94 	: 	74.98 
A,I_IUSNET,PC_IND,CH05	: 	: 	: 	: 	: 	: 	: 	: 	43.36 	: 	: 	48.63 b	: 	50.68 	: 	65.63 b	: 	66.99 	: 	71.81 
A,I_IUSNET,PC_IND,CH06	: 	: 	: 	: 	: 	: 	: 	: 	41.12 	: 	: 	50.88 b	: 	50.42 	: 	64.89 b	: 	66.71 	: 	70.96 
A,I_IUSNET,PC_IND,CH07	: 	: 	: 	: 	: 	: 	: 	: 	38.76 	: 	: 	53.60 b	: 	46.24 	: 	73.59 b	: 	67.82 	: 	72.23 
A,I_IUSNET,PC_IND,CY	: 	: 	: 	: 	: 	33.47 	: 	44.33 	50.10 	54.04 	59.97 	63.04 	68.96 	71.72 	78.18 	78.62 	77.91 	82.56 	86.81 	86.54 
A,I_IUSNET,PC_IND,CY0	: 	: 	: 	: 	: 	33.47 	: 	44.33 	50.10 	54.04 	59.97 	63.04 	68.96 	71.72 	78.18 	78.62 	77.91 	82.56 	86.81 	86.53 
A,I_IUSNET,PC_IND,CY00	: 	: 	: 	: 	: 	33.47 	: 	44.33 	50.10 	54.04 	59.97 	63.04 	68.96 	71.72 	78.18 	78.62 	77.91 	82.56 	86.81 	86.53 
A,I_IUSNET,PC_IND,CZ	: 	: 	: 	: 	: 	26.66 	: 	36.30 	39.98 	40.64 	45.05 	48.35 	55.57 b	58.95 	58.97 	61.50 	64.13 	68.13 	70.24 	70.09 
A,I_IUSNET,PC_IND,CZ0	: 	: 	: 	: 	: 	26.66 	: 	36.30 	39.98 	40.64 	45.05 	48.35 	55.57 b	58.95 	58.97 	61.50 	64.13 	68.13 	70.24 	70.09 
A,I_IUSNET,PC_IND,CZ01	: 	: 	: 	: 	: 	29.27 	: 	37.44 	43.79 	45.96 	54.97 	55.78 	62.88 b	64.57 	71.63 	61.71 	72.98 	74.72 	72.07 	78.13 
A,I_IUSNET,PC_IND,CZ02	: 	: 	: 	: 	: 	29.05 	: 	40.81 	41.92 	41.98 	46.09 	47.22 	56.91 b	63.18 	53.39 	56.92 	67.26 	64.75 	71.00 	64.45 
A,I_IUSNET,PC_IND,CZ03	: 	: 	: 	: 	: 	30.55 	: 	39.90 	43.13 	47.26 	45.49 	51.16 	56.88 b	61.66 	55.18 	60.39 	57.64 	65.19 	68.56 	67.02 
A,I_IUSNET,PC_IND,CZ04	: 	: 	: 	: 	: 	28.73 	: 	38.06 	40.56 	38.52 	45.60 	44.03 	55.29 b	59.11 	56.30 	62.53 	63.62 	71.36 	71.28 	69.67 
A,I_IUSNET,PC_IND,CZ05	: 	: 	: 	: 	: 	21.27 	: 	33.96 	33.16 	34.04 	41.27 	41.58 	52.10 b	57.28 	60.18 	61.14 	59.17 	62.44 	71.06 	71.28 
A,I_IUSNET,PC_IND,CZ06	: 	: 	: 	: 	: 	22.13 	: 	33.67 	42.36 	43.01 	42.07 	47.59 	52.46 b	51.97 	57.61 	62.13 	64.84 	67.49 	68.79 	65.67 
A,I_IUSNET,PC_IND,CZ07	: 	: 	: 	: 	: 	25.30 	: 	38.79 	38.06 	37.86 	40.86 	50.32 	52.72 b	55.58 	58.29 	61.50 	61.23 	68.43 	67.02 	71.74 
A,I_IUSNET,PC_IND,CZ08	: 	: 	: 	: 	: 	29.73 	: 	29.34 	37.39 	36.75 	46.02 	50.76 	56.87 b	60.84 	60.86 	66.43 	67.08 	73.71 	72.51 	75.19 
A,I_IUSNET,PC_IND,DE	: 	: 	: 	: 	: 	41.91 	: 	42.09 	42.33 	56.96 	50.33 	50.59 	52.70 	52.50 	54.30 	46.60 b	47.73 	48.61 	58.02 	59.24 
A,I_IUSNET,PC_IND,DE1	: 	: 	: 	: 	: 	39.14 	: 	40.21 	42.07 	56.56 	47.71 	49.25 	51.32 	49.31 	51.29 	45.34 b	49.06 	51.20 	60.18 	59.92 
A,I_IUSNET,PC_IND,DE2	: 	: 	: 	: 	: 	40.09 	: 	38.48 	38.94 	57.62 	52.88 	48.69 	50.21 	53.54 	51.55 	45.32 b	50.25 	48.94 	59.55 	62.46 
A,I_IUSNET,PC_IND,DE3	: 	: 	: 	: 	: 	47.08 	: 	46.27 	45.11 	58.53 	52.31 	51.42 	50.21 	51.28 	55.80 	53.87 b	54.35 	53.09 	56.91 	57.04 
A,I_IUSNET,PC_IND,DE4	: 	: 	: 	: 	: 	34.34 	: 	35.20 	29.78 	54.02 	41.92 	38.36 	40.33 	43.42 	41.39 	36.10 b	37.27 	35.73 	43.26 	47.94 
A,I_IUSNET,PC_IND,DE5	: 	: 	: 	: 	: 	47.49 	: 	41.44 	48.71 	61.31 	45.80 	43.17 	56.40 	47.46 	54.05 	43.62 b	34.07 u	45.26 	59.96 u	52.53 
A,I_IUSNET,PC_IND,DE6	: 	: 	: 	: 	: 	38.82 	: 	39.21 	50.45 	58.23 	52.73 	58.88 	52.00 	44.80 	49.15 	54.07 b	58.72 	51.82 	64.96 	70.03 
A,I_IUSNET,PC_IND,DE7	: 	: 	: 	: 	: 	47.09 	: 	44.46 	44.40 	57.53 	49.33 	51.68 	55.17 	55.72 	56.37 	52.12 b	48.15 	54.15 	61.62 	59.89 
A,I_IUSNET,PC_IND,DE8	: 	: 	: 	: 	: 	33.53 	: 	31.43 	27.01 	57.33 	50.04 	48.26 	44.11 	47.82 	56.18 	36.36 b	38.60 	39.52 	52.43 	47.02 
A,I_IUSNET,PC_IND,DE9	: 	: 	: 	: 	: 	47.06 	: 	46.07 	44.49 	62.18 	52.93 	54.83 	55.75 	55.70 	56.12 	45.31 b	46.42 	45.94 	57.05 	58.09 
A,I_IUSNET,PC_IND,DEA	: 	: 	: 	: 	: 	41.16 	: 	44.24 	45.82 	57.79 	50.68 	52.37 	56.95 	55.17 	59.49 	48.36 b	46.30 	51.16 	60.44 	60.82 
A,I_IUSNET,PC_IND,DEB	: 	: 	: 	: 	: 	52.43 	: 	52.36 	49.22 	58.77 	58.27 	59.64 	60.33 	57.05 	62.79 	53.92 b	48.55 	44.43 	59.65 	61.30 
A,I_IUSNET,PC_IND,DEC	: 	: 	: 	: 	: 	47.11 	: 	47.70 	43.75 	57.16 	52.90 	57.92 	61.76 	56.91 	55.90 	46.25 b	61.24 	56.90 	57.67 	64.56 
A,I_IUSNET,PC_IND,DED	: 	: 	: 	: 	: 	35.37 	: 	35.99 	35.18 	48.49 	44.61 	46.09 	46.37 	47.19 	45.45 	46.13 b	47.85 	45.88 	49.05 	51.66 
A,I_IUSNET,PC_IND,DEE	: 	: 	: 	: 	: 	38.21 	: 	39.17 	38.40 	51.26 	44.18 	40.97 	47.94 	50.57 	50.43 	36.54 b	40.05 	35.07 	50.77 	48.42 
A,I_IUSNET,PC_IND,DEF	: 	: 	: 	: 	: 	43.78 	: 	44.17 	47.05 	55.97 	52.85 	50.83 	47.75 	50.28 	52.92 	46.66 b	49.02 	49.58 	59.13 	66.52 
A,I_IUSNET,PC_IND,DEG	: 	: 	: 	: 	: 	39.98 	: 	35.94 	33.55 	45.67 	42.42 	42.49 	50.01 	46.13 	50.01 	33.80 b	40.49 	38.13 	45.07 	51.12 
A,I_IUSNET,PC_IND,DK	: 	: 	: 	: 	: 	55.36 	: 	63.60 	66.49 	64.86 	74.37 	75.50 	78.64 	80.76 	85.01 	85.42 	84.73 	91.02 	90.02 	89.66 
A,I_IUSNET,PC_IND,DK0	: 	: 	: 	: 	: 	55.36 	: 	63.60 	66.49 	64.86 	74.37 	75.50 	78.64 	80.76 	85.01 	85.42 	84.73 	91.02 	90.02 	89.66 
A,I_IUSNET,PC_IND,DK01	: 	: 	: 	: 	: 	60.89 	: 	69.43 	70.71 	67.95 	77.69 	79.04 	81.48 	82.01 	86.38 	87.01 	86.30 	91.86 	90.87 	90.65 
A,I_IUSNET,PC_IND,DK02	: 	: 	: 	: 	: 	50.63 	: 	54.97 	61.86 	62.83 	73.61 	69.13 	77.34 	76.90 	82.53 	84.02 	85.10 	88.64 	88.91 	85.94 
A,I_IUSNET,PC_IND,DK03	: 	: 	: 	: 	: 	52.10 	: 	59.85 	64.36 	63.16 	68.74 	75.26 	75.22 	79.68 	84.70 	84.21 	83.23 	90.41 	89.52 	90.47 
A,I_IUSNET,PC_IND,DK04	: 	: 	: 	: 	: 	54.25 	: 	65.62 	67.05 	66.14 	75.54 	75.35 	78.67 	82.40 	85.91 	85.59 	83.67 	92.78 	89.35 	89.16 
A,I_IUSNET,PC_IND,DK05	: 	: 	: 	: 	: 	54.77 	: 	61.35 	63.34 	58.89 	74.53 	73.81 	78.85 	80.97 	82.96 	84.43 	85.00 	89.02 	91.51 	91.09 
A,I_IUSNET,PC_IND,EE	: 	: 	: 	: 	: 	36.52 	: 	48.82 	50.64 b	55.83 	57.45 	60.31 	62.07 	65.14 	65.20 	67.33 	66.08 	68.49 	68.43 	72.58 
A,I_IUSNET,PC_IND,EE0	: 	: 	: 	: 	: 	36.52 	: 	48.82 	50.64 b	55.83 	57.45 	60.31 	62.07 	65.14 	65.20 	67.33 	66.08 	68.49 	68.43 	72.58 
A,I_IUSNET,PC_IND,EE00	: 	: 	: 	: 	: 	36.52 	: 	48.82 	50.64 b	55.83 	57.45 	60.31 	62.07 	65.14 	65.20 	67.33 	66.08 	68.49 	68.43 	72.58 
A,I_IUSNET,PC_IND,EL	: 	: 	: 	: 	: 	28.06 	: 	36.11 	40.65 	43.91 	46.65 	49.97 	53.03 	56.69 	59.41 	62.05 	67.03 	68.10 	68.67 	73.04 
A,I_IUSNET,PC_IND,EL1	: 	: 	: 	: 	: 	24.79 	: 	: 	: 	: 	: 	: 	: 	: 	: 	: 	: 	: 	: 	: 
A,I_IUSNET,PC_IND,EL2	: 	: 	: 	: 	: 	23.39 	: 	: 	: 	: 	: 	: 	: 	: 	: 	: 	: 	: 	: 	: 
A,I_IUSNET,PC_IND,EL3	: 	: 	: 	: 	: 	32.63 	: 	43.40 	44.69 	48.20 	52.69 	55.86 	61.78 	60.05 	68.25 	69.39 	76.06 	70.14 	70.41 	65.29 
A,I_IUSNET,PC_IND,EL4	: 	: 	: 	: 	: 	23.39 	: 	28.90 	48.35 	46.76 	46.77 	50.04 	54.65 	60.42 	64.34 	61.99 	65.18 	75.04 	72.51 	77.47 
A,I_IUSNET,PC_IND,EL5	: 	: 	: 	: 	: 	: 	: 	31.57 	38.76 	39.82 	45.26 	51.06 	49.44 	56.99 	55.42 	57.75 	61.76 	67.54 	70.03 	80.43 
A,I_IUSNET,PC_IND,EL6	: 	: 	: 	: 	: 	: 	: 	31.40 	33.72 	41.02 	39.30 	40.36 	44.09 	50.63 	49.29 	56.59 	60.60 	62.51 	62.71 	74.40 
A,I_IUSNET,PC_IND,ES	: 	: 	: 	: 	: 	34.65 	: 	45.92 	51.11 	50.93 	53.79 	57.17 	58.06 	58.61 	64.68 	64.66 	63.22 	64.49 	64.70 	69.50 
A,I_IUSNET,PC_IND,ES1	: 	: 	: 	: 	: 	31.81 	: 	42.89 	45.27 	47.61 	50.02 	51.26 	53.29 	54.74 	57.82 	61.49 	58.86 	60.85 	60.77 	66.18 
A,I_IUSNET,PC_IND,ES11	: 	: 	: 	: 	: 	30.57 	: 	42.59 	45.25 	46.69 	48.99 	49.65 	51.84 	53.12 	55.36 	61.19 	58.76 	61.42 	61.20 	65.73 
A,I_IUSNET,PC_IND,ES12	: 	: 	: 	: 	: 	34.19 	: 	44.62 	44.93 	49.48 	50.16 	53.62 	56.68 	57.79 	63.10 	62.65 	58.01 	61.29 	60.34 	66.50 
A,I_IUSNET,PC_IND,ES13	: 	: 	: 	: 	: 	33.29 	: 	41.12 	45.96 	48.55 	54.54 	54.43 	53.94 	56.80 	59.75 	60.85 	60.76 	57.50 	59.56 	67.65 
A,I_IUSNET,PC_IND,ES2	: 	: 	: 	: 	: 	31.90 	: 	41.08 	44.68 	44.59 	49.12 	52.70 	50.58 	52.95 	60.27 	57.40 	58.13 	58.42 	57.22 	65.24 
A,I_IUSNET,PC_IND,ES21	: 	: 	: 	: 	: 	30.21 	: 	39.13 	42.49 	41.24 	45.43 	48.56 	45.48 	48.56 	55.37 	53.14 	54.72 	54.24 	53.99 	62.36 
A,I_IUSNET,PC_IND,ES22	: 	: 	: 	: 	: 	29.16 	: 	36.67 	42.09 	45.38 	51.58 	55.65 	49.04 	53.52 	61.43 	59.58 	57.60 	61.33 	58.85 	63.20 
A,I_IUSNET,PC_IND,ES23	: 	: 	: 	: 	: 	28.69 	: 	40.18 	43.91 	47.31 	49.94 	52.07 	51.82 	52.50 	59.94 	61.17 	57.59 	56.60 	61.26 	67.23 
A,I_IUSNET,PC_IND,ES24	: 	: 	: 	: 	: 	36.78 	: 	46.64 	49.70 	49.09 	53.85 	58.30 	59.56 	60.08 	67.85 	62.50 	64.21 	64.31 	60.76 	70.51 
A,I_IUSNET,PC_IND,ES3	: 	: 	: 	: 	: 	38.03 	: 	49.08 	55.72 	53.47 	56.61 	56.83 	60.15 	61.35 	67.11 	65.75 	63.49 	67.26 	67.27 	70.88 
A,I_IUSNET,PC_IND,ES30	: 	: 	: 	: 	: 	38.03 	: 	49.08 	55.72 	53.47 	56.61 	56.83 	60.15 	61.35 	67.11 	65.75 	63.49 	67.26 	67.27 	70.88 
A,I_IUSNET,PC_IND,ES4	: 	: 	: 	: 	: 	30.29 	: 	41.94 	47.90 	45.94 	49.36 	51.46 	54.24 	56.42 	61.93 	62.45 	62.34 	63.19 	61.92 	67.66 
A,I_IUSNET,PC_IND,ES41	: 	: 	: 	: 	: 	30.37 	: 	43.04 	45.62 	40.29 	45.98 	47.21 	50.08 	52.31 	61.16 	59.10 	62.20 	62.10 	58.73 	66.61 
A,I_IUSNET,PC_IND,ES42	: 	: 	: 	: 	: 	30.58 	: 	40.84 	50.11 	49.03 	49.56 	52.40 	56.21 	58.90 	61.63 	65.29 	61.36 	63.68 	64.46 	68.35 
A,I_IUSNET,PC_IND,ES43	: 	: 	: 	: 	: 	29.55 	: 	41.52 	48.92 	52.83 	56.50 	59.11 	59.78 	60.84 	64.19 	64.35 	64.54 	64.66 	63.96 	68.61 
A,I_IUSNET,PC_IND,ES5	: 	: 	: 	: 	: 	37.33 	: 	48.46 	53.55 	53.93 	54.83 	60.44 	60.74 	59.08 	68.62 	67.05 	65.85 	66.38 	66.90 	71.91 
A,I_IUSNET,PC_IND,ES51	: 	: 	: 	: 	: 	36.62 	: 	47.82 	54.68 	56.01 	55.41 	60.47 	60.43 	60.36 	70.37 	67.68 	66.20 	68.78 	67.63 	72.30 
A,I_IUSNET,PC_IND,ES52	: 	: 	: 	: 	: 	36.63 	: 	48.59 	50.40 	50.06 	53.76 	59.52 	60.88 	56.88 	66.14 	65.72 	64.80 	62.53 	65.83 	71.11 
A,I_IUSNET,PC_IND,ES53	: 	: 	: 	: 	: 	45.30 	: 	52.09 	59.99 	57.41 	55.78 	64.12 	62.14 	60.24 	68.03 	68.61 	68.00 	67.53 	66.88 	72.85 
A,I_IUSNET,PC_IND,ES6	: 	: 	: 	: 	: 	33.74 	: 	46.54 	51.52 	52.32 	56.50 	60.79 	60.73 	60.97 	64.53 	65.82 	64.42 	65.06 	66.13 	69.95 
A,I_IUSNET,PC_IND,ES61	: 	: 	: 	: 	: 	33.40 	: 	46.56 	51.90 	52.34 	56.95 	61.39 	60.38 	61.47 	64.77 	65.85 	64.59 	64.80 	66.27 	69.65 
A,I_IUSNET,PC_IND,ES62	: 	: 	: 	: 	: 	34.86 	: 	46.62 	49.12 	51.95 	54.29 	57.60 	62.65 	57.49 	62.61 	65.11 	63.15 	66.41 	65.82 	72.07 
A,I_IUSNET,PC_IND,ES63	: 	: 	: 	: 	: 	44.95 	: 	58.06 	54.21 	51.94 	55.06 	59.16 	64.16 	76.30 u	60.95 u	68.94 	65.45 	64.83 	64.25 u	73.44 
A,I_IUSNET,PC_IND,ES64	: 	: 	: 	: 	: 	37.69 	: 	31.67 	52.85 	57.74 	50.09 	57.35 	58.81 	57.80 	78.29 	71.99 	69.24 	67.37 	60.06 u	57.73 
A,I_IUSNET,PC_IND,ES7	: 	: 	: 	: 	: 	34.72 	: 	44.14 	53.61 	50.66 	54.64 	56.31 	56.65 	60.61 	62.11 	66.72 	60.91 	63.38 	64.80 	66.58 
A,I_IUSNET,PC_IND,ES70	: 	: 	: 	: 	: 	34.72 	: 	44.14 	53.61 	50.66 	54.64 	56.31 	56.65 	60.61 	62.11 	66.72 	60.91 	63.38 	64.80 	66.58 
A,I_IUSNET,PC_IND,FI	: 	: 	: 	: 	: 	44.64 	: 	51.31 	55.56 	58.17 	61.66 	66.01 	66.94 	66.68 	75.07 	75.11 	75.68 	79.22 	78.93 	81.32 
A,I_IUSNET,PC_IND,FI1	: 	: 	: 	: 	: 	44.64 	: 	51.31 	55.56 	58.17 	61.66 	66.01 	66.94 	66.68 	75.07 	75.11 	75.68 	79.22 	78.93 	81.32 
A,I_IUSNET,PC_IND,FI19	: 	: 	: 	: 	: 	43.91 	: 	46.68 	53.14 	55.40 	54.63 	62.56 	62.65 	64.46 	75.62 	75.31 	74.41 	76.27 	76.52 	81.56 
A,I_IUSNET,PC_IND,FI1B	: 	: 	: 	: 	: 	: 	: 	62.75 	65.05 	67.02 	70.96 	72.88 	75.20 	74.52 	81.53 	79.62 	83.92 	83.04 	84.08 	84.45 
A,I_IUSNET,PC_IND,FI1C	: 	: 	: 	: 	: 	: 	: 	45.90 	49.90 	58.18 	61.72 	63.01 	62.71 	63.32 	73.84 	72.43 	73.19 	80.96 	76.77 	80.35 
A,I_IUSNET,PC_IND,FI1D	: 	: 	: 	: 	: 	39.94 	: 	47.27 	51.44 	49.88 	56.91 	63.42 	64.49 	61.45 	66.74 	71.24 	67.89 	75.55 	76.19 	77.31 
A,I_IUSNET,PC_IND,FR	: 	: 	: 	: 	: 	35.55 	: 	37.75 	38.53 	37.72 	39.85 	42.81 	41.92 	42.32 	: 	44.83 	44.50 	44.39 	: @C	70.75 b
A,I_IUSNET,PC_IND,FR1	: 	: 	: 	: 	: 	42.14 	: 	45.18 	42.77 	41.04 	42.61 	49.01 	44.05 	43.17 	: 	46.61 	46.39 	47.30 	: @C	72.15 bu
A,I_IUSNET,PC_IND,FR10	: 	: 	: 	: 	: 	: 	: 	: 	42.77 	41.04 	42.61 	49.01 	44.05 	43.17 	: 	46.61 	46.39 	47.30 	: @C	72.15 bu
A,I_IUSNET,PC_IND,FRB	: 	: 	: 	: 	: 	: 	: 	: 	42.05 	33.72 	35.95 	39.75 	38.69 	41.45 	: 	40.45 	39.68 	40.99 	: @C	73.53 bu
A,I_IUSNET,PC_IND,FRB0	: 	: 	: 	: 	: 	: 	: 	: 	42.05 	33.72 	35.95 	39.75 	38.69 	41.45 	: 	40.45 	39.68 	40.99 	: @C	73.53 bu
A,I_IUSNET,PC_IND,FRC	: 	: 	: 	: 	: 	: 	: 	: 	38.22 	43.51 	35.51 	41.82 	42.86 	39.03 	: 	45.70 	41.00 	44.62 	: @C	63.84 bu
A,I_IUSNET,PC_IND,FRC1	: 	: 	: 	: 	: 	: 	: 	: 	38.79 	42.03 	32.81 	42.43 	41.91 	39.46 	: 	44.67 	43.07 	40.04 	: @C	66.34 bu
A,I_IUSNET,PC_IND,FRC2	: 	: 	: 	: 	: 	: 	: 	: 	37.40 	45.53 	39.36 	41.03 	44.24 	38.41 	: 	46.89 	38.25 	50.11 	: @C	60.37 bu
A,I_IUSNET,PC_IND,FRD	: 	: 	: 	: 	: 	: 	: 	: 	35.25 	35.64 	41.38 	41.15 	46.28 	41.96 	: 	42.11 	45.30 	44.40 	: @C	72.25 bu
A,I_IUSNET,PC_IND,FRD1	: 	: 	: 	: 	: 	: 	: 	: 	35.27 	32.86 	38.74 	38.36 	42.91 	37.66 	: 	41.39 	45.53 	50.42 	: @C	70.87 bu
A,I_IUSNET,PC_IND,FRD2	: 	: 	: 	: 	: 	: 	: 	: 	35.23 	37.53 	43.51 	43.38 	48.66 	45.89 	: 	42.61 	45.12 	38.54 	: @C	73.43 bu
A,I_IUSNET,PC_IND,FRE	: 	: 	: 	: 	: 	: 	: 	: 	42.66 	36.46 	45.80 	42.36 	46.65 	45.03 	: 	49.95 	45.39 	46.28 	: @C	74.56 bu
A,I_IUSNET,PC_IND,FRE1	: 	: 	: 	: 	: 	: 	: 	: 	44.71 	36.74 	44.71 	41.25 	47.92 	47.57 	: 	49.14 	48.03 	48.59 	: @C	77.15 bu
A,I_IUSNET,PC_IND,FRE2	: 	: 	: 	: 	: 	: 	: 	: 	38.52 	35.85 	47.85 	44.35 	43.98 	40.27 	: 	51.55 	39.93 	41.09 	: @C	69.25 bu
A,I_IUSNET,PC_IND,FRF	: 	: 	: 	: 	: 	: 	: 	: 	38.50 	42.76 	39.35 	42.63 	43.37 	41.30 	: 	44.90 	43.55 	44.91 	: @C	69.30 bu
A,I_IUSNET,PC_IND,FRF1	: 	: 	: 	: 	: 	: 	: 	: 	37.84 	44.01 	40.00 	40.19 	33.30 	44.78 	: 	46.86 	41.03 	46.91 	: @C	69.31 bu
A,I_IUSNET,PC_IND,FRF2	: 	: 	: 	: 	: 	: 	: 	: 	38.93 	44.85 	38.03 	44.12 	53.60 	35.16 	: 	43.67 	43.86 	50.32 	: @C	70.29 bu
A,I_IUSNET,PC_IND,FRF3	: 	: 	: 	: 	: 	: 	: 	: 	38.79 	40.71 	39.45 	43.67 	44.61 	41.99 	: 	43.73 	45.42 	40.10 	: @C	68.75 bu
A,I_IUSNET,PC_IND,FRG	: 	: 	: 	: 	: 	: 	: 	: 	40.50 	35.08 	39.76 	39.86 	38.15 	46.23 	: 	43.89 	45.69 	41.77 	: @C	74.13 bu
A,I_IUSNET,PC_IND,FRG0	: 	: 	: 	: 	: 	: 	: 	: 	40.50 	35.08 	39.76 	39.86 	38.15 	46.23 	: 	43.89 	45.69 	41.77 	: @C	74.13 bu
A,I_IUSNET,PC_IND,FRH	: 	: 	: 	: 	: 	: 	: 	: 	32.33 	36.63 	38.82 	46.58 	39.30 	41.35 	: 	42.67 	43.20 	38.48 	: @C	69.61 bu
A,I_IUSNET,PC_IND,FRH0	: 	: 	: 	: 	: 	: 	: 	: 	32.33 	36.63 	38.82 	46.58 	39.30 	41.35 	: 	42.67 	43.20 	38.48 	: @C	69.61 bu
A,I_IUSNET,PC_IND,FRI	: 	: 	: 	: 	: 	: 	: 	: 	38.15 	37.14 	39.67 	42.58 	38.50 	41.63 	: 	45.10 	44.68 	45.90 	: @C	70.27 bu
A,I_IUSNET,PC_IND,FRI1	: 	: 	: 	: 	: 	: 	: 	: 	41.71 	40.25 	41.54 	46.48 	39.00 	43.01 	: 	47.02 	43.64 	46.37 	: @C	72.50 bu
A,I_IUSNET,PC_IND,FRI2	: 	: 	: 	: 	: 	: 	: 	: 	29.49 	31.16 	27.67 	34.69 	44.96 	44.59 	: 	38.91 	38.89 	43.62 	: @C	64.38 bu
A,I_IUSNET,PC_IND,FRI3	: 	: 	: 	: 	: 	: 	: 	: 	34.60 	33.31 	41.47 	38.37 	34.76 	37.69 	: 	44.25 	48.99 	46.07 	: @C	68.72 bu
A,I_IUSNET,PC_IND,FRJ	: 	: 	: 	: 	: 	: 	: 	: 	37.76 	33.55 	36.05 	40.10 	37.87 	39.68 	: 	44.25 	44.64 	43.02 	: @C	66.28 bu
A,I_IUSNET,PC_IND,FRJ1	: 	: 	: 	: 	: 	: 	: 	: 	39.85 	31.83 	34.21 	40.53 	33.52 	38.04 	: 	44.72 	49.36 	45.03 	: @C	64.70 bu
A,I_IUSNET,PC_IND,FRJ2	: 	: 	: 	: 	: 	: 	: 	: 	35.77 	35.17 	37.75 	39.68 	42.09 	41.24 	: 	43.78 	40.63 	41.23 	: @C	67.77 bu
A,I_IUSNET,PC_IND,FRK	: 	: 	: 	: 	: 	34.17 	: 	32.79 	35.82 	35.44 	38.68 	40.25 	40.14 	45.27 	: 	43.42 	44.01 	43.95 	: @C	69.93 bu
A,I_IUSNET,PC_IND,FRK1	: 	: 	: 	: 	: 	: 	: 	: 	31.67 	31.86 	35.75 	43.01 	29.84 	40.27 	: 	38.68 	46.40 	41.01 	: @C	68.49 bu
A,I_IUSNET,PC_IND,FRK2	: 	: 	: 	: 	: 	: 	: 	: 	36.69 	36.19 	39.34 	39.65 	42.28 	46.23 	: 	44.34 	43.50 	44.58 	: @C	70.21 bu
A,I_IUSNET,PC_IND,FRL	: 	: 	: 	: 	: 	: 	: 	: 	32.86 	38.46 	40.34 	39.20 	43.98 	40.58 	: 	43.70 	44.92 	44.66 	: @C	72.86 bu
A,I_IUSNET,PC_IND,FRL0	: 	: 	: 	: 	: 	: 	: 	: 	32.86 	38.46 	40.34 	39.20 	43.98 	40.58 	: 	43.70 	44.92 	44.66 	: @C	72.86 bu
A,I_IUSNET,PC_IND,FRM	: 	: 	: 	: 	: 	: 	: 	: 	37.50 u	23.30 u	13.13 u	50.27 u	40.56 u	33.78 u	: 	60.34 u	49.13 u	53.45 u	: @C	72.26 bu
A,I_IUSNET,PC_IND,FRM0	: 	: 	: 	: 	: 	: 	: 	: 	37.50 u	23.30 u	13.13 u	50.27 u	40.56 u	33.78 u	: 	60.34 u	49.13 u	53.45 u	: @C	72.26 bu
A,I_IUSNET,PC_IND,FRY	: 	: 	: 	: 	: 	: 	: 	: 	: 	35.24 	31.94 	41.65 	41.61 	35.60 	: 	39.00 	40.84 	37.70 	: @C	65.58 bu
A,I_IUSNET,PC_IND,FRY1	: 	: 	: 	: 	: 	: 	: 	: 	: 	37.08 	36.38 	46.27 	34.59 	30.50 	: 	36.49 	36.18 	29.98 	: @C	63.31 bu
A,I_IUSNET,PC_IND,FRY2	: 	: 	: 	: 	: 	: 	: 	: 	: 	35.32 	29.77 	43.21 	30.25 	32.80 	: 	43.75 	40.67 	29.20 	: @C	61.77 bu
A,I_IUSNET,PC_IND,FRY3	: 	: 	: 	: 	: 	: 	: 	: 	: 	31.05 	26.98 	63.01 	47.28 	47.99 	: 	49.23 	43.85 	22.24 	: @C	63.53 bu
A,I_IUSNET,PC_IND,FRY4	: 	: 	: 	: 	: 	: 	: 	: 	: 	35.40 	32.05 	33.68 	48.34 	35.63 	: 	35.24 	42.26 	46.38 	: @C	68.47 bu
A,I_IUSNET,PC_IND,HR	: 	: 	: 	: 	: 	32.02 	: 	37.84 	40.44 	44.60 	50.39 	47.25 	53.93 	57.88 	57.17 	60.89 	60.14 	62.76 	61.00 	61.50 
A,I_IUSNET,PC_IND,HR0	: 	: 	: 	: 	: 	32.02 	: 	37.84 	40.44 	44.60 	50.39 	47.25 	53.93 	57.88 	57.17 	60.89 	60.14 	62.76 	61.00 	61.50 
A,I_IUSNET,PC_IND,HR03	: 	: 	: 	: 	: 	33.12 	: 	36.06 	41.10 	45.29 	46.99 	43.61 	56.72 	57.98 	53.53 	61.72 	60.78 	61.32 	60.77 	57.46 
A,I_IUSNET,PC_IND,HR04	: 	: 	: 	: 	: 	31.52 	: 	38.69 	40.11 	44.28 	51.92 	48.78 	52.62 	57.83 	59.00 	: 	: 	: 	: 	: 
A,I_IUSNET,PC_IND,HR05	: 	: 	: 	: 	: 	: 	: 	: 	: 	: 	: 	: 	: 	: 	: 	64.53 	60.05 	69.77 	64.14 	65.67 
A,I_IUSNET,PC_IND,HR06	: 	: 	: 	: 	: 	: 	: 	: 	: 	: 	: 	: 	: 	: 	: 	60.04 	62.59 	59.10 	60.52 	63.74 
A,I_IUSNET,PC_IND,HU	: 	: 	: 	: 	: 	50.76 	: 	56.44 	60.02 	60.75 	65.62 	64.57 	65.32 	68.86 	73.99 	77.24 	78.54 	81.32 	81.01 	78.66 
A,I_IUSNET,PC_IND,HU1	: 	: 	: 	: 	: 	56.18 	: 	62.17 	65.54 	67.19 	71.61 	67.97 	68.86 	71.99 	78.39 	81.49 	82.34 	85.11 	81.23 	80.05 
A,I_IUSNET,PC_IND,HU10	: 	: 	: 	: 	: 	56.18 	: 	62.17 	65.54 	67.19 	71.61 	67.97 	: 	: 	: 	: 	: 	: 	: 	: 
A,I_IUSNET,PC_IND,HU11	: 	: 	: 	: 	: 	: 	: 	: 	: 	: 	: 	: 	71.02 	73.08 	81.87 	83.91 	84.81 	86.18 	81.93 	81.74 
A,I_IUSNET,PC_IND,HU12	: 	: 	: 	: 	: 	: 	: 	: 	: 	: 	: 	: 	65.89 	70.50 	73.73 	78.45 	79.30 	83.76 	80.33 	77.88 
A,I_IUSNET,PC_IND,HU2	: 	: 	: 	: 	: 	51.08 	: 	55.26 	58.62 	59.56 	64.35 	64.73 	65.19 	67.35 	72.76 	76.08 	78.13 	80.86 	82.41 	78.52 
A,I_IUSNET,PC_IND,HU21	: 	: 	: 	: 	: 	54.23 	: 	59.37 	62.52 	63.28 	67.30 	68.91 	71.08 	73.77 	73.56 	77.93 	79.19 	81.38 	81.98 	81.41 
A,I_IUSNET,PC_IND,HU22	: 	: 	: 	: 	: 	50.62 	: 	53.78 	57.77 	61.09 	63.32 	61.47 	61.74 	62.14 	71.14 	74.98 	76.68 	80.26 	82.57 	76.37 
A,I_IUSNET,PC_IND,HU23	: 	: 	: 	: 	: 	47.85 	: 	52.01 	54.96 	53.50 	62.00 	63.40 	62.01 	65.51 	73.65 	75.03 	78.53 	80.94 	82.76 	77.40 
A,I_IUSNET,PC_IND,HU3	: 	: 	: 	: 	: 	46.54 	: 	53.03 	56.93 	56.73 	61.97 	61.80 	62.63 	67.54 	71.42 	74.70 	75.75 	78.59 	79.70 	77.61 
A,I_IUSNET,PC_IND,HU31	: 	: 	: 	: 	: 	46.84 	: 	51.17 	58.28 	59.31 	62.11 	61.79 	60.94 	67.04 	72.06 	73.68 	76.65 	79.95 	80.26 	78.26 
A,I_IUSNET,PC_IND,HU32	: 	: 	: 	: 	: 	45.94 	: 	52.88 	54.67 	53.91 	61.66 	60.11 	63.52 	68.20 	72.74 	74.29 	73.92 	75.32 	80.09 	77.17 
A,I_IUSNET,PC_IND,HU33	: 	: 	: 	: 	: 	46.96 	: 	54.88 	58.29 	57.64 	62.19 	63.77 	63.12 	67.21 	69.30 	76.13 	77.09 	81.19 	78.75 	77.53 
A,I_IUSNET,PC_IND,IE	: 	: 	: 	: 	: 	40.27 	: 	47.51 	50.43 	52.55 	57.89 	58.86 	60.13 	63.58 	60.55 	69.06 b	72.07 	70.06 	74.50 	79.89 
A,I_IUSNET,PC_IND,IE0	: 	: 	: 	: 	: 	40.27 	: 	47.51 	50.43 	52.55 	57.89 	58.86 	60.13 	63.58 	60.55 	69.06 b	72.07 	70.06 	74.50 	79.89 
A,I_IUSNET,PC_IND,IE01	: 	: 	: 	: 	: 	36.14 	: 	44.74 	47.98 	49.13 	51.39 	54.09 	: 	: 	: 	: 	: 	: 	: 	: 
A,I_IUSNET,PC_IND,IE02	: 	: 	: 	: 	: 	41.76 	: 	48.51 	51.30 	53.74 	60.08 	60.48 	: 	: 	: 	: 	: 	: 	: 	: 
A,I_IUSNET,PC_IND,IE04	: 	: 	: 	: 	: 	: 	: 	: 	: 	: 	: 	: 	58.79 	55.23 	42.68 	71.69 b	68.48 	73.10 	74.25 	79.56 
A,I_IUSNET,PC_IND,IE05	: 	: 	: 	: 	: 	: 	: 	: 	: 	: 	: 	: 	60.81 	65.34 	67.74 	63.98 b	66.26 	66.17 	74.57 	79.71 
A,I_IUSNET,PC_IND,IE06	: 	: 	: 	: 	: 	: 	: 	: 	: 	: 	: 	: 	60.28 	65.34 	64.62 	71.45 b	76.36 	71.67 	74.58 	80.19 
A,I_IUSNET,PC_IND,IS	: 	: 	: 	: 	: 	71.73 	: 	78.88 	82.73 	: 	: 	89.46 	90.87 	91.65 	93.82 	92.98 	: 	: 	: 	: 
A,I_IUSNET,PC_IND,IS0	: 	: 	: 	: 	: 	71.73 	: 	78.88 	82.73 	: 	: 	89.46 	90.87 	91.65 	93.82 	92.98 	: 	: 	: 	: 
A,I_IUSNET,PC_IND,IS00	: 	: 	: 	: 	: 	: 	: 	: 	: 	: 	: 	89.46 	90.87 	91.65 	93.82 	92.98 	: 	: 	: 	: 
A,I_IUSNET,PC_IND,IT	: 	: 	: 	: 	: 	26.31 	: 	31.63 	36.21 	38.05 	41.54 	43.36 	46.48 	42.30 	48.42 	50.19 	53.19 	53.06 	55.96 	56.38 
A,I_IUSNET,PC_IND,ITC	: 	: 	: 	: 	: 	27.26 	: 	31.13 	35.22 	37.70 	43.68 	43.98 	47.31 	42.80 	49.06 	50.79 	53.53 	54.52 	57.45 	58.08 
A,I_IUSNET,PC_IND,ITC1	: 	: 	: 	: 	: 	27.23 	: 	27.08 	34.15 	36.81 	41.48 	45.25 	46.24 	42.37 	49.24 	49.57 	53.20 	52.10 	55.58 	54.76 
A,I_IUSNET,PC_IND,ITC2	: 	: 	: 	: 	: 	26.24 	: 	29.45 	30.82 	39.52 	41.57 	40.54 	46.02 	37.82 	50.63 	50.62 	52.59 	48.54 	52.35 	53.60 
A,I_IUSNET,PC_IND,ITC3	: 	: 	: 	: 	: 	24.77 	: 	29.56 	34.42 	35.59 	38.48 	46.63 	46.50 	41.33 	52.18 	51.57 	51.87 	56.67 	56.16 	57.58 
A,I_IUSNET,PC_IND,ITC4	: 	: 	: 	: 	: 	27.68 	: 	33.17 	35.88 	38.39 	45.42 	43.08 	47.91 	43.28 	48.52 	51.19 	53.93 	55.31 	58.49 	59.62 
A,I_IUSNET,PC_IND,ITF	: 	: 	: 	: 	: 	23.87 	: 	29.24 	33.51 	34.61 	37.03 	40.24 	42.24 	39.72 	45.66 	47.96 	50.09 	49.71 	53.07 	52.84 
A,I_IUSNET,PC_IND,ITF1	: 	: 	: 	: 	: 	28.83 	: 	30.84 	35.69 	38.59 	40.78 	44.47 	51.35 	43.38 	45.24 	49.92 	55.12 	54.41 	56.58 	54.91 
A,I_IUSNET,PC_IND,ITF2	: 	: 	: 	: 	: 	26.92 	: 	29.55 	33.20 	38.82 	41.30 	42.76 	45.09 	35.08 	43.50 	46.70 	50.47 	51.54 	50.52 	51.05 
A,I_IUSNET,PC_IND,ITF3	: 	: 	: 	: 	: 	25.22 	: 	27.39 	34.81 	34.83 	36.99 	41.60 	40.52 	41.54 	47.35 	48.94 	52.50 	50.05 	52.57 	53.72 
A,I_IUSNET,PC_IND,ITF4	: 	: 	: 	: 	: 	21.39 	: 	31.30 	32.04 	33.83 	36.19 	37.48 	41.49 	37.89 	46.66 	47.86 	48.63 	49.80 	55.17 	54.76 
A,I_IUSNET,PC_IND,ITF5	: 	: 	: 	: 	: 	19.78 	: 	32.81 	31.79 	34.11 	39.66 	40.54 	44.97 	38.94 	40.46 	45.75 	48.62 	49.28 	53.70 	50.71 
A,I_IUSNET,PC_IND,ITF6	: 	: 	: 	: 	: 	22.41 	: 	28.21 	31.83 	32.36 	34.99 	38.73 	41.67 	36.57 	40.59 	44.76 	42.66 	45.02 	48.01 	45.54 
A,I_IUSNET,PC_IND,ITG	: 	: 	: 	: 	: 	23.97 	: 	29.42 	35.76 	36.83 	38.23 	41.95 	45.58 	40.66 	44.44 	46.29 	51.20 	48.41 	51.18 	54.70 
A,I_IUSNET,PC_IND,ITG1	: 	: 	: 	: 	: 	22.82 	: 	28.23 	34.30 	34.93 	36.81 	42.05 	43.93 	40.57 	43.61 	45.33 	51.98 	47.24 	50.13 	53.85 
A,I_IUSNET,PC_IND,ITG2	: 	: 	: 	: 	: 	27.29 	: 	32.94 	40.01 	42.49 	42.41 	41.65 	50.57 	40.92 	46.91 	49.14 	48.87 	51.89 	54.38 	57.31 
A,I_IUSNET,PC_IND,ITH	: 	: 	: 	: 	: 	25.89 	: 	33.59 	36.74 	38.82 	41.29 	44.41 	47.20 	41.72 	49.72 	50.45 	53.79 	55.81 	57.59 	56.82 
A,I_IUSNET,PC_IND,ITH1	: 	: 	: 	: 	: 	25.64 	: 	31.96 	37.74 	33.05 	39.48 	41.12 	44.55 	44.00 	50.97 	49.14 	57.95 	55.28 	55.84 	53.24 
A,I_IUSNET,PC_IND,ITH2	: 	: 	: 	: 	: 	24.70 	: 	29.60 	35.58 	35.69 	40.97 	40.05 	46.56 	42.07 	45.24 	50.60 	53.64 	51.86 	54.84 	56.16 
A,I_IUSNET,PC_IND,ITH3	: 	: 	: 	: 	: 	24.89 	: 	32.35 	36.12 	38.31 	41.70 	42.56 	45.39 	38.29 	49.01 	50.13 	52.35 	54.10 	57.55 	53.64 
A,I_IUSNET,PC_IND,ITH4	: 	: 	: 	: 	: 	25.27 	: 	32.87 	34.92 	40.94 	38.13 	42.64 	44.96 	43.76 	47.64 	48.95 	53.07 	52.54 	55.44 	56.43 
A,I_IUSNET,PC_IND,ITH5	: 	: 	: 	: 	: 	: 	: 	35.86 	37.97 	39.86 	41.94 	47.88 	50.16 	44.77 	51.45 	51.35 	55.10 	59.07 	58.77 	60.89 
A,I_IUSNET,PC_IND,ITI	: 	: 	: 	: 	: 	29.66 	: 	34.48 	40.42 	42.60 	46.20 	46.04 	50.21 	46.14 	51.84 	53.90 	56.84 	54.87 	58.35 	58.67 
A,I_IUSNET,PC_IND,ITI1	: 	: 	: 	: 	: 	27.47 	: 	34.96 	39.17 	43.26 	46.27 	45.46 	52.93 	48.47 	55.86 	55.20 	56.29 	55.34 	58.77 	58.48 
A,I_IUSNET,PC_IND,ITI2	: 	: 	: 	: 	: 	29.13 	: 	34.63 	40.30 	41.60 	41.70 	42.65 	48.39 	45.76 	49.59 	54.42 	58.53 	54.59 	55.76 	54.28 
A,I_IUSNET,PC_IND,ITI3	: 	: 	: 	: 	: 	: 	: 	33.11 	37.91 	41.02 	44.17 	47.72 	48.54 	44.55 	50.14 	51.66 	54.80 	53.75 	56.50 	56.85 
A,I_IUSNET,PC_IND,ITI4	: 	: 	: 	: 	: 	31.65 	: 	34.52 	41.90 	42.74 	47.35 	46.45 	49.18 	45.14 	50.12 	53.58 	57.47 	54.90 	58.96 	59.90 
A,I_IUSNET,PC_IND,LT	: 	: 	: 	: 	: 	35.41 	: 	43.60 	47.02 	46.27 	50.34 	53.55 	57.95 	60.57 	61.45 	65.19 	67.30 	68.45 	69.84 	70.27 
A,I_IUSNET,PC_IND,LT0	: 	: 	: 	: 	: 	35.41 	: 	43.60 	47.02 	46.27 	50.34 	53.55 	57.95 	60.57 	61.45 	65.19 	67.30 	68.45 	69.84 	70.27 
A,I_IUSNET,PC_IND,LT00	: 	: 	: 	: 	: 	35.41 	: 	43.60 	47.02 	46.27 	50.34 	53.55 	: 	: 	: 	: 	: 	: 	: 	: 
A,I_IUSNET,PC_IND,LT01	: 	: 	: 	: 	: 	: 	: 	: 	: 	: 	: 	: 	58.60 	65.15 	64.96 	67.64 	72.70 	69.69 	70.44 	73.57 
A,I_IUSNET,PC_IND,LT02	: 	: 	: 	: 	: 	: 	: 	: 	: 	: 	: 	: 	57.69 	58.68 	59.99 	64.14 	65.09 	67.93 	69.59 	68.84 
A,I_IUSNET,PC_IND,LU	: 	: 	: 	: 	: 	45.93 	: 	56.68 	60.49 	68.28 	67.05 	68.08 	63.76 b	62.51 	59.53 	61.95 	61.78 	62.55 	67.70 	67.32 
A,I_IUSNET,PC_IND,LU0	: 	: 	: 	: 	: 	45.93 	: 	56.68 	60.49 	68.28 	67.05 	68.08 	63.76 b	62.51 	59.53 	61.95 	61.78 	62.55 	67.70 	67.32 
A,I_IUSNET,PC_IND,LU00	: 	: 	: 	: 	: 	45.93 	: 	56.68 	60.49 	68.28 	67.05 	68.08 	63.76 b	62.51 	59.53 	61.95 	61.78 	62.55 	67.70 	67.32 
A,I_IUSNET,PC_IND,LV	: 	: 	: 	: 	: 	55.08 	: 	54.45 	52.74 	57.50 	57.07 b	59.90 	61.47 	64.66 	67.09 	69.76 	71.19 	73.25 	74.14 	79.29 
A,I_IUSNET,PC_IND,LV0	: 	: 	: 	: 	: 	55.08 	: 	54.45 	52.74 	57.50 	57.07 b	59.90 	61.47 	64.66 	67.09 	69.76 	71.19 	73.25 	74.14 	79.29 
A,I_IUSNET,PC_IND,LV00	: 	: 	: 	: 	: 	55.08 	: 	54.45 	52.74 	57.50 	57.07 b	59.90 	61.47 	64.66 	67.09 	69.76 	71.19 	73.25 	74.14 	79.29 
A,I_IUSNET,PC_IND,ME	: 	: 	: 	: 	: 	: 	: 	: 	: 	: 	: 	58.38 	60.38 	62.15 	67.37 	71.39 	77.32 	77.55 	78.84 	83.80 
A,I_IUSNET,PC_IND,ME0	: 	: 	: 	: 	: 	: 	: 	: 	: 	: 	: 	: 	: 	: 	: 	: 	: 	77.55 	78.84 	83.80 
A,I_IUSNET,PC_IND,MK	: 	: 	: 	: 	: 	: 	: 	55.16 	54.32 	58.85 	59.55 	62.42 	64.86 	68.30 	69.77 	73.54 	: 	: 	76.66 	77.92 
A,I_IUSNET,PC_IND,MK0	: 	: 	: 	: 	: 	: 	: 	55.16 	54.32 	58.85 	59.55 	62.42 	64.86 	68.30 	69.77 	73.54 	: 	: 	76.66 	77.92 
A,I_IUSNET,PC_IND,MK00	: 	: 	: 	: 	: 	: 	: 	55.16 	54.32 	58.85 	59.55 	62.42 	64.86 	68.30 	69.77 	: 	: 	: 	: 	: 
A,I_IUSNET,PC_IND,MT	: 	: 	: 	: 	: 	44.55 	: 	50.93 	53.12 	60.08 	64.04 	70.37 	69.61 	70.66 	72.49 	75.57 	75.74 	85.76 	77.19 	82.42 
A,I_IUSNET,PC_IND,MT0	: 	: 	: 	: 	: 	44.55 	: 	50.93 	53.12 	60.08 	64.04 	70.37 	69.61 	70.66 	72.49 	75.57 	75.74 	85.76 	77.19 	82.42 
A,I_IUSNET,PC_IND,MT00	: 	: 	: 	: 	: 	44.55 	: 	50.93 	53.12 	60.08 	64.04 	70.37 	69.61 	70.66 	72.49 	75.57 	75.74 	85.76 	77.19 	82.42 
A,I_IUSNET,PC_IND,NL	: 	: 	: 	: 	: 	45.70 	: 	55.04 	58.60 	59.33 	61.83 	66.56 	65.75 	66.91 	71.23 	73.30 	74.09 	76.62 	80.06 	81.21 
A,I_IUSNET,PC_IND,NL1	: 	: 	: 	: 	: 	44.30 	: 	52.17 	60.43 	57.87 	66.50 	67.55 	66.83 	66.75 	70.09 	74.53 	73.39 	75.17 	79.63 	79.86 
A,I_IUSNET,PC_IND,NL11	: 	: 	: 	: 	: 	47.67 	: 	54.43 	60.57 	62.14 	67.13 	67.05 	76.10 	65.52 	69.68 	72.21 	73.74 	78.69 	80.60 	78.75 
A,I_IUSNET,PC_IND,NL12	: 	: 	: 	: 	: 	40.35 	: 	51.47 	61.65 	55.16 	68.29 	66.62 	66.47 	65.54 	73.45 	74.46 	67.47 	76.41 	77.60 	77.39 
A,I_IUSNET,PC_IND,NL13	: 	: 	: 	: 	: 	45.33 	: 	50.34 	58.65 	56.14 	63.34 	69.40 	55.78 	69.87 	66.17 	77.48 	80.77 	69.15 	81.12 	84.49 
A,I_IUSNET,PC_IND,NL2	: 	: 	: 	: 	: 	43.85 	: 	51.42 	57.92 	60.02 	59.77 	65.79 	65.64 	66.69 	73.73 	71.05 	73.40 	76.61 	78.84 	79.80 
A,I_IUSNET,PC_IND,NL21	: 	: 	: 	: 	: 	43.63 	: 	57.11 	58.71 	67.61 	60.49 	68.37 	69.96 	71.33 	75.52 	72.02 	76.54 	77.35 	79.84 	80.22 
A,I_IUSNET,PC_IND,NL22	: 	: 	: 	: 	: 	42.70 	: 	47.05 	57.41 	57.40 	58.73 	64.75 	62.29 	63.64 	72.46 	71.12 	71.23 	74.61 	77.40 	79.88 
A,I_IUSNET,PC_IND,NL23	: 	: 	: 	: 	: 	50.56 	: 	57.35 	58.28 	51.95 	63.02 	63.85 	70.37 	69.05 	75.15 	68.10 	75.45 	84.13 	83.00 	78.38 
A,I_IUSNET,PC_IND,NL3	: 	: 	: 	: 	: 	48.79 	: 	57.34 	59.47 	60.07 	61.93 	67.55 	65.88 	66.86 	71.04 	74.12 	73.76 	77.60 	81.09 	82.00 
A,I_IUSNET,PC_IND,NL31	: 	: 	: 	: 	: 	51.02 	: 	60.57 	62.54 	61.13 	63.72 	67.26 	64.88 	69.72 	69.64 	73.69 	73.18 	79.15 	: 	: 
A,I_IUSNET,PC_IND,NL32	: 	: 	: 	: 	: 	51.74 	: 	56.91 	57.88 	59.90 	63.20 	71.08 	67.55 	68.73 	72.89 	74.89 	73.95 	77.82 	81.36 	82.82 
A,I_IUSNET,PC_IND,NL33	: 	: 	: 	: 	: 	46.96 	: 	56.16 	59.99 	60.23 	61.02 	65.05 	65.15 	65.01 	70.21 	73.88 	74.06 	77.69 	: 	: 
A,I_IUSNET,PC_IND,NL34	: 	: 	: 	: 	: 	38.10 	: 	61.17 	56.17 	56.29 	55.07 	65.99 	63.64 	60.87 	69.90 	72.05 	71.43 	69.26 	78.85 	83.17 
A,I_IUSNET,PC_IND,NL35	: 	: 	: 	: 	: 	: 	: 	: 	: 	: 	: 	: 	: 	: 	: 	: 	: 	: 	79.32 	77.99 
A,I_IUSNET,PC_IND,NL36	: 	: 	: 	: 	: 	: 	: 	: 	: 	: 	: 	: 	: 	: 	: 	: 	: 	: 	81.75 	82.71 
A,I_IUSNET,PC_IND,NL4	: 	: 	: 	: 	: 	41.47 	: 	54.86 	56.49 	57.70 	61.42 	64.64 	65.06 	67.28 	69.72 	73.10 	75.85 	75.08 	79.11 	81.41 
A,I_IUSNET,PC_IND,NL41	: 	: 	: 	: 	: 	40.63 	: 	53.77 	58.37 	57.88 	61.87 	63.94 	65.87 	67.04 	69.77 	73.97 	76.09 	75.59 	79.61 	80.74 
A,I_IUSNET,PC_IND,NL42	: 	: 	: 	: 	: 	43.19 	: 	57.25 	52.37 	57.31 	60.42 	66.20 	63.25 	67.84 	69.59 	71.09 	75.30 	73.91 	77.93 	82.99 
A,I_IUSNET,PC_IND,NO	: 	: 	: 	: 	: 	58.96 	: 	67.58 	70.67 	73.22 	76.16 	82.58 	81.80 	86.31 	87.83 	88.28 	89.65 	89.96 	90.95 	88.94 
A,I_IUSNET,PC_IND,NO0	: 	: 	: 	: 	: 	58.96 	: 	67.58 	70.67 	73.22 	76.16 	82.58 	81.80 	86.31 	87.83 	88.28 	89.65 	89.96 	90.95 	88.94 
A,I_IUSNET,PC_IND,NO01	: 	: 	: 	: 	: 	62.30 	: 	72.71 	77.30 	76.76 	78.53 	89.16 	82.56 	87.59 	90.19 	: 	: 	: 	: 	: 
A,I_IUSNET,PC_IND,NO02	: 	: 	: 	: 	: 	52.99 	: 	56.95 	58.16 	65.29 	68.41 	78.89 	83.42 	78.64 	74.84 	90.50 	87.44 	90.30 	91.02 	86.12 
A,I_IUSNET,PC_IND,NO03	: 	: 	: 	: 	: 	52.43 	: 	69.18 	66.05 	70.51 	71.04 	77.24 	75.80 	85.65 	86.20 	: 	: 	: 	: 	: 
A,I_IUSNET,PC_IND,NO04	: 	: 	: 	: 	: 	57.44 	: 	68.67 	71.03 	69.37 	76.08 	79.95 	84.11 	87.47 	83.80 	: 	: 	: 	: 	: 
A,I_IUSNET,PC_IND,NO05	: 	: 	: 	: 	: 	60.89 	: 	64.83 	73.65 	73.11 	76.98 	84.62 	81.59 	89.09 	89.66 	: 	: 	: 	: 	: 
A,I_IUSNET,PC_IND,NO06	: 	: 	: 	: 	: 	66.97 	: 	72.02 	64.38 	78.24 	84.90 	79.06 	85.49 	83.59 	92.43 	89.88 	89.12 	88.80 	92.10 	91.42 
A,I_IUSNET,PC_IND,NO07	: 	: 	: 	: 	: 	56.21 	: 	60.63 	70.34 	77.09 	77.45 	81.11 	83.96 	84.39 	91.80 	89.47 	91.23 	90.95 	91.99 	90.37 
A,I_IUSNET,PC_IND,NO08	: 	: 	: 	: 	: 	: 	: 	: 	: 	: 	: 	: 	: 	: 	: 	90.32 	90.90 	89.88 	90.85 	90.01 
A,I_IUSNET,PC_IND,NO09	: 	: 	: 	: 	: 	: 	: 	: 	: 	: 	: 	: 	: 	: 	: 	84.40 	87.24 	87.08 	89.24 	86.34 
A,I_IUSNET,PC_IND,NO0A	: 	: 	: 	: 	: 	: 	: 	: 	: 	: 	: 	: 	: 	: 	: 	85.38 	89.40 	91.68 	91.25 	91.05 
A,I_IUSNET,PC_IND,PL	: 	: 	: 	: 	: 	35.66 	: 	35.29 	36.80 	41.40 	44.20 	48.02 	49.87 	53.04 	54.78 	56.78 	60.61 	62.29 	60.97 	63.27 
A,I_IUSNET,PC_IND,PL1	: 	: 	: 	: 	: 	34.88 	: 	35.25 	37.08 	42.20 	45.01 	47.82 	: 	: 	: 	: 	: 	: 	: 	: 
A,I_IUSNET,PC_IND,PL2	: 	: 	: 	: 	: 	37.01 	: 	35.38 	34.91 	37.87 	44.48 	48.43 	49.98 	51.50 	54.23 	56.15 	60.56 	65.32 	65.03 	61.58 
A,I_IUSNET,PC_IND,PL21	: 	: 	: 	: 	: 	: 	: 	: 	: 	: 	: 	: 	: 	: 	: 	: 	: 	67.48 	59.04 	60.57 
A,I_IUSNET,PC_IND,PL22	: 	: 	: 	: 	: 	: 	: 	: 	: 	: 	: 	: 	: 	: 	: 	: 	: 	63.58 	69.25 	62.44 
A,I_IUSNET,PC_IND,PL3	: 	: 	: 	: 	: 	32.14 	: 	31.63 	34.25 	40.41 	41.41 	44.19 	: 	: 	: 	: 	: 	: 	: 	: 
A,I_IUSNET,PC_IND,PL4	: 	: 	: 	: 	: 	36.88 	: 	36.34 	36.63 	43.84 	47.18 	50.99 	52.15 	54.42 	54.66 	58.04 	59.51 	64.02 	61.46 	63.97 
A,I_IUSNET,PC_IND,PL41	: 	: 	: 	: 	: 	: 	: 	: 	: 	: 	: 	: 	: 	: 	: 	: 	: 	64.55 	65.04 	65.95 
A,I_IUSNET,PC_IND,PL42	: 	: 	: 	: 	: 	: 	: 	: 	: 	: 	: 	: 	: 	: 	: 	: 	: 	62.29 	57.24 	63.34 
A,I_IUSNET,PC_IND,PL43	: 	: 	: 	: 	: 	: 	: 	: 	: 	: 	: 	: 	: 	: 	: 	: 	: 	64.19 	56.32 	59.68 
A,I_IUSNET,PC_IND,PL5	: 	: 	: 	: 	: 	37.91 	: 	35.10 	40.45 	41.92 	43.63 	49.65 	45.96 	52.46 	55.89 	59.13 	58.51 	59.74 	58.65 	68.64 
A,I_IUSNET,PC_IND,PL51	: 	: 	: 	: 	: 	: 	: 	: 	: 	: 	: 	: 	: 	: 	: 	: 	: 	60.64 	60.45 	70.79 
A,I_IUSNET,PC_IND,PL52	: 	: 	: 	: 	: 	: 	: 	: 	: 	: 	: 	: 	: 	: 	: 	: 	: 	56.01 	51.01 	61.62 
A,I_IUSNET,PC_IND,PL6	: 	: 	: 	: 	: 	36.62 	: 	39.03 	40.29 	43.31 	43.71 	48.50 	53.24 	55.93 	52.99 	57.38 	61.66 	61.95 	60.75 	63.03 
A,I_IUSNET,PC_IND,PL61	: 	: 	: 	: 	: 	: 	: 	: 	: 	: 	: 	: 	: 	: 	: 	: 	: 	64.58 	62.48 	67.71 
A,I_IUSNET,PC_IND,PL62	: 	: 	: 	: 	: 	: 	: 	: 	: 	: 	: 	: 	: 	: 	: 	: 	: 	56.05 	56.99 	65.71 
A,I_IUSNET,PC_IND,PL63	: 	: 	: 	: 	: 	: 	: 	: 	: 	: 	: 	: 	: 	: 	: 	: 	: 	63.80 	60.98 	56.93 
A,I_IUSNET,PC_IND,PL7	: 	: 	: 	: 	: 	: 	: 	: 	: 	: 	: 	: 	47.67 	52.35 	50.36 	54.96 	58.42 	57.35 	57.70 	59.67 
A,I_IUSNET,PC_IND,PL71	: 	: 	: 	: 	: 	: 	: 	: 	: 	: 	: 	: 	: 	: 	: 	: 	: 	60.06 	59.94 	63.37 
A,I_IUSNET,PC_IND,PL72	: 	: 	: 	: 	: 	: 	: 	: 	: 	: 	: 	: 	: 	: 	: 	: 	: 	53.57 	53.84 	53.77 
A,I_IUSNET,PC_IND,PL8	: 	: 	: 	: 	: 	: 	: 	: 	: 	: 	: 	: 	45.16 	49.22 	51.22 	49.65 	57.97 	57.20 	54.99 	57.68 
A,I_IUSNET,PC_IND,PL81	: 	: 	: 	: 	: 	: 	: 	: 	: 	: 	: 	: 	: 	: 	: 	: 	: 	57.55 	59.24 	59.42 
A,I_IUSNET,PC_IND,PL82	: 	: 	: 	: 	: 	: 	: 	: 	: 	: 	: 	: 	: 	: 	: 	: 	: 	59.58 	51.02 	57.41 
A,I_IUSNET,PC_IND,PL84	: 	: 	: 	: 	: 	: 	: 	: 	: 	: 	: 	: 	: 	: 	: 	: 	: 	51.62 	54.14 	54.41 
A,I_IUSNET,PC_IND,PL9	: 	: 	: 	: 	: 	: 	: 	: 	: 	: 	: 	: 	52.27 	54.97 	62.73 	63.82 	66.53 	67.39 	65.55 	70.23 
A,I_IUSNET,PC_IND,PL91	: 	: 	: 	: 	: 	: 	: 	: 	: 	: 	: 	: 	: 	: 	: 	: 	: 	72.56 	65.79 	72.86 
A,I_IUSNET,PC_IND,PL92	: 	: 	: 	: 	: 	: 	: 	: 	: 	: 	: 	: 	: 	: 	: 	: 	: 	62.04 	65.36 	68.56 
A,I_IUSNET,PC_IND,PT	: 	: 	: 	: 	: 	31.51 	: 	43.68 	46.76 	48.06 	52.17 	56.13 	59.18 	60.40 	62.74 	65.46 	66.72 	68.03 	70.47 	70.46 
A,I_IUSNET,PC_IND,PT1	: 	: 	: 	: 	: 	31.51 	: 	43.55 	46.50 	47.92 	51.96 	55.95 	59.07 	60.27 	62.58 	65.31 	66.57 	67.84 	70.51 	70.42 
A,I_IUSNET,PC_IND,PT11	: 	: 	: 	: 	: 	26.53 	: 	37.88 	40.52 	43.36 	46.36 	51.00 	53.69 	56.59 	60.09 	62.31 	64.57 	64.08 	69.57 	68.70 
A,I_IUSNET,PC_IND,PT15	: 	: 	: 	: 	: 	38.75 	: 	48.23 	50.97 	54.76 	53.00 	56.82 	61.17 	61.07 	60.23 	67.38 	67.88 	72.53 	73.24 	69.67 
A,I_IUSNET,PC_IND,PT16	: 	: 	: 	: 	: 	30.74 	: 	41.32 	45.13 	44.46 	49.12 	52.43 	57.69 	58.77 	61.81 	66.12 	65.37 	66.74 	: 	: 
A,I_IUSNET,PC_IND,PT17	: 	: 	: 	: 	: 	38.47 	: 	53.93 	55.04 	56.78 	62.30 	65.23 	66.82 	67.10 	66.96 	69.58 	71.20 	72.83 	: 	: 
A,I_IUSNET,PC_IND,PT18	: 	: 	: 	: 	: 	28.65 	: 	36.76 	45.95 	43.94 	48.82 	55.71 	59.66 	56.55 	62.07 	60.03 	61.62 	68.51 	: 	: 
A,I_IUSNET,PC_IND,PT19	: 	: 	: 	: 	: 	: 	: 	: 	: 	: 	: 	: 	: 	: 	: 	: 	: 	: 	66.21 	66.59 
A,I_IUSNET,PC_IND,PT1A	: 	: 	: 	: 	: 	: 	: 	: 	: 	: 	: 	: 	: 	: 	: 	: 	: 	: 	74.95 	75.06 
A,I_IUSNET,PC_IND,PT1B	: 	: 	: 	: 	: 	: 	: 	: 	: 	: 	: 	: 	: 	: 	: 	: 	: 	: 	73.43 	73.79 
A,I_IUSNET,PC_IND,PT1C	: 	: 	: 	: 	: 	: 	: 	: 	: 	: 	: 	: 	: 	: 	: 	: 	: 	: 	69.50 	67.54 
A,I_IUSNET,PC_IND,PT1D	: 	: 	: 	: 	: 	: 	: 	: 	: 	: 	: 	: 	: 	: 	: 	: 	: 	: 	68.33 	72.75 
A,I_IUSNET,PC_IND,PT2	: 	: 	: 	: 	: 	30.01 	: 	46.84 	53.64 	52.44 	55.78 	60.59 	60.26 	63.04 	64.28 	63.53 	67.13 	70.98 	71.18 	74.33 
A,I_IUSNET,PC_IND,PT20	: 	: 	: 	: 	: 	30.01 	: 	46.84 	53.64 	52.44 	55.78 	60.59 	60.26 	63.04 	64.28 	63.53 	67.13 	70.98 	71.18 	74.33 
A,I_IUSNET,PC_IND,PT3	: 	: 	: 	: 	: 	33.21 	: 	45.59 	49.85 	48.91 	56.74 	58.54 	62.03 	62.81 	67.42 	72.92 	71.84 	72.17 	68.41 	68.52 
A,I_IUSNET,PC_IND,PT30	: 	: 	: 	: 	: 	33.21 	: 	45.59 	49.85 	48.91 	56.74 	58.54 	62.03 	62.81 	67.42 	72.92 	71.84 	72.17 	68.41 	68.52 
A,I_IUSNET,PC_IND,RO	: 	: 	: 	: 	: 	25.07 	: 	33.42 	36.25 b	43.64 	44.29 	52.20 	60.77 	60.18 	64.85 	68.55 	69.01 	75.24 	74.89 	79.57 
A,I_IUSNET,PC_IND,RO1	: 	: 	: 	: 	: 	26.41 	: 	34.31 	40.42 b	47.33 	49.48 	53.83 	62.38 	62.84 	65.48 	70.43 	70.36 	74.57 	78.64 	79.82 
A,I_IUSNET,PC_IND,RO11	: 	: 	: 	: 	: 	25.47 	: 	32.94 	38.83 b	46.12 	48.64 	55.55 	64.76 	67.95 	67.05 	73.44 	72.93 	76.96 	80.05 	78.67 
A,I_IUSNET,PC_IND,RO12	: 	: 	: 	: 	: 	27.42 	: 	35.78 	42.19 b	48.67 	50.41 	51.91 	59.72 	57.15 	63.73 	67.08 	67.49 	71.88 	77.07 	81.12 
A,I_IUSNET,PC_IND,RO2	: 	: 	: 	: 	: 	23.17 	: 	34.12 	35.11 b	40.90 	43.16 	49.04 	56.41 	56.99 	61.48 	67.84 	68.97 	72.08 	74.44 	80.71 
A,I_IUSNET,PC_IND,RO21	: 	: 	: 	: 	: 	24.35 	: 	34.10 	32.76 b	43.26 	43.56 	49.69 	57.17 	59.67 	62.46 	71.51 	71.03 	78.37 	76.00 	83.19 
A,I_IUSNET,PC_IND,RO22	: 	: 	: 	: 	: 	21.67 	: 	34.15 	38.09 b	37.89 	42.65 	48.22 	55.43 	53.52 	60.20 	63.02 	66.28 	63.72 	72.39 	77.37 
A,I_IUSNET,PC_IND,RO3	: 	: 	: 	: 	: 	29.28 	: 	32.24 	36.45 b	43.07 	42.88 	52.70 	63.31 	60.60 	64.23 	67.89 	71.33 	78.08 	74.57 	80.38 
A,I_IUSNET,PC_IND,RO31	: 	: 	: 	: 	: 	21.55 	: 	28.03 	28.09 b	38.32 	36.96 	49.80 	56.42 	59.51 	61.69 	68.38 	67.70 	74.21 	79.39 	79.84 
A,I_IUSNET,PC_IND,RO32	: 	: 	: 	: 	: 	40.18 	: 	38.11 	47.25 b	49.19 	50.44 	56.36 	71.32 	61.94 	67.12 	67.31 	75.25 	82.82 	68.90 	81.03 
A,I_IUSNET,PC_IND,RO4	: 	: 	: 	: 	: 	20.72 	: 	32.79 	32.31 b	43.72 	41.22 	53.95 	61.34 	60.75 	69.53 	68.07 	63.89 	76.92 	71.08 	76.28 
A,I_IUSNET,PC_IND,RO41	: 	: 	: 	: 	: 	17.65 	: 	30.57 	26.90 b	38.87 	40.88 	46.45 	58.46 	55.94 	61.90 	60.91 	61.99 	74.48 	67.14 	77.53 
A,I_IUSNET,PC_IND,RO42	: 	: 	: 	: 	: 	24.26 	: 	35.33 	38.19 b	49.00 	41.58 	62.08 	64.43 	65.88 	76.70 	75.69 	65.89 	79.64 	75.25 	74.89 
A,I_IUSNET,PC_IND,RS	: 	: 	: 	: 	: 	: 	: 	: 	: 	49.32 	: 	47.68 	51.57 	54.82 	57.47 	60.31 	68.38 	70.24 	71.39 	76.29 
A,I_IUSNET,PC_IND,RS1	: 	: 	: 	: 	: 	: 	: 	: 	: 	: 	: 	: 	: 	56.99 	54.80 	62.32 	75.32 	73.27 	72.67 	78.10 
A,I_IUSNET,PC_IND,RS11	: 	: 	: 	: 	: 	: 	: 	: 	: 	: 	: 	: 	: 	58.57 	64.14 	62.26 	76.87 	77.70 	72.86 	80.73 
A,I_IUSNET,PC_IND,RS12	: 	: 	: 	: 	: 	: 	: 	: 	: 	: 	: 	: 	: 	55.86 	47.15 	62.35 	73.91 	69.67 	72.52 	75.63 
A,I_IUSNET,PC_IND,RS2	: 	: 	: 	: 	: 	: 	: 	: 	: 	: 	: 	: 	: 	52.85 	59.73 	58.54 	63.38 	67.37 	70.05 	74.34 
A,I_IUSNET,PC_IND,RS21	: 	: 	: 	: 	: 	: 	: 	: 	: 	: 	: 	: 	: 	51.71 	59.24 	60.23 	68.44 	71.89 	71.49 	68.77 
A,I_IUSNET,PC_IND,RS22	: 	: 	: 	: 	: 	: 	: 	: 	: 	: 	: 	: 	: 	54.22 	60.40 	56.59 	56.26 	62.08 	68.10 	81.34 
A,I_IUSNET,PC_IND,SE	: 	: 	: 	: 	: 	53.56 	: 	56.72 	65.18 	62.48 	70.15 b	70.75 	70.36 	72.22 	72.90 	71.51 	71.08 	73.43 	73.13 	74.72 
A,I_IUSNET,PC_IND,SE1	: 	: 	: 	: 	: 	56.53 	: 	60.51 	69.41 	63.45 	73.05 b	73.37 	72.90 	71.98 	73.93 	74.68 	71.54 	74.62 	74.20 	75.21 
A,I_IUSNET,PC_IND,SE11	: 	: 	: 	: 	: 	56.68 	: 	61.03 	72.13 	61.60 	76.63 b	75.61 	72.39 	73.89 	75.62 	75.23 	73.51 	77.84 	75.87 	75.99 
A,I_IUSNET,PC_IND,SE12	: 	: 	: 	: 	: 	56.33 	: 	59.77 	65.83 	65.88 	68.80 b	70.94 	73.56 	68.91 	71.64 	73.89 	69.04 	70.27 	71.78 	74.17 
A,I_IUSNET,PC_IND,SE2	: 	: 	: 	: 	: 	50.84 	: 	54.07 	64.78 	60.75 	71.06 b	69.72 	69.12 	71.82 	71.89 	70.39 	72.63 	72.48 	73.58 	74.23 
A,I_IUSNET,PC_IND,SE21	: 	: 	: 	: 	: 	50.01 	: 	51.61 	64.69 	56.90 	64.37 b	63.23 	71.17 	68.63 	68.01 	63.50 	70.49 	66.70 	73.42 	72.14 
A,I_IUSNET,PC_IND,SE22	: 	: 	: 	: 	: 	52.15 	: 	52.58 	60.80 	59.47 	71.73 b	72.25 	69.81 	73.26 	76.89 	72.91 	74.70 	73.09 	73.33 	75.53 
A,I_IUSNET,PC_IND,SE23	: 	: 	: 	: 	: 	50.33 	: 	56.04 	67.39 	63.13 	73.34 b	71.16 	67.69 	72.09 	70.42 	71.25 	72.17 	74.66 	73.82 	74.35 
A,I_IUSNET,PC_IND,SE3	: 	: 	: 	: 	: 	53.87 	: 	55.25 	57.69 	64.48 	60.75 b	67.01 	67.29 	73.76 	73.00 	66.89 	65.53 	73.18 	69.39 	74.75 
A,I_IUSNET,PC_IND,SE31	: 	: 	: 	: 	: 	55.53 	: 	53.39 	56.79 	59.95 	63.57 b	62.26 	64.98 	75.34 	70.09 	68.83 	66.02 	75.29 	69.97 	74.02 
A,I_IUSNET,PC_IND,SE32	: 	: 	: 	: 	: 	49.08 	: 	55.29 u	56.99 	64.90 	52.88 b	85.14 u	70.20 u	60.00 u	73.46 	72.34 	61.61 	70.87 	71.19 	75.28 
A,I_IUSNET,PC_IND,SE33	: 	: 	: 	: 	: 	54.39 	: 	58.15 	60.54 	72.29 	62.75 b	61.10 	68.57 	79.85 	77.69 	60.20 	67.61 	71.61 	67.36 	75.48 
A,I_IUSNET,PC_IND,SI	: 	: 	: 	: 	: 	31.96 	: 	38.28 	41.82 	37.37 	38.31 	45.16 	48.81 	52.09 	67.07 	63.61 	63.04 	63.46 	64.56 	65.43 
A,I_IUSNET,PC_IND,SI0	: 	: 	: 	: 	: 	31.96 	: 	38.28 	41.82 	37.37 	38.31 	45.16 	48.81 	52.09 	67.07 	63.61 	63.04 	63.46 	64.56 	65.43 
A,I_IUSNET,PC_IND,SI01	: 	: 	: 	: 	: 	: 	: 	: 	41.75 	: 	: 	: 	: 	: 	: 	: 	: 	: 	: 	: 
A,I_IUSNET,PC_IND,SI02	: 	: 	: 	: 	: 	: 	: 	: 	41.89 	: 	: 	: 	: 	: 	: 	: 	: 	: 	: 	: 
A,I_IUSNET,PC_IND,SI03	: 	: 	: 	: 	: 	: 	: 	: 	: 	32.81 	35.83 	44.70 	49.86 	50.96 	65.35 	61.76 	64.07 	64.75 	65.95 	64.53 
A,I_IUSNET,PC_IND,SI04	: 	: 	: 	: 	: 	: 	: 	: 	: 	42.60 	41.17 	45.68 	47.64 	53.35 	69.00 	65.67 	61.90 	62.02 	63.01 	66.42 
A,I_IUSNET,PC_IND,SK	: 	: 	: 	: 	: 	47.81 	: 	48.60 	50.37 	53.64 	56.99 	58.74 	59.84 	59.24 	64.49 	64.58 	57.68 	56.99 	57.30 	61.91 
A,I_IUSNET,PC_IND,SK0	: 	: 	: 	: 	: 	47.81 	: 	48.60 	50.37 	53.64 	56.99 	58.74 	59.84 	59.24 	64.49 	64.58 	57.68 	56.99 	57.30 	61.91 
A,I_IUSNET,PC_IND,SK01	: 	: 	: 	: 	: 	48.20 	: 	54.54 	52.56 	54.34 	50.67 	58.77 	61.93 	52.99 	64.21 	71.36 	60.89 	62.12 	62.37 	72.42 
A,I_IUSNET,PC_IND,SK02	: 	: 	: 	: 	: 	49.97 	: 	47.09 	49.79 	54.45 	58.24 	58.71 	61.17 	62.17 	65.93 	64.25 	55.47 	52.86 	56.87 	61.07 
A,I_IUSNET,PC_IND,SK03	: 	: 	: 	: 	: 	41.90 	: 	42.74 	43.26 	51.02 	55.07 	55.10 	55.18 	53.49 	65.11 	65.70 	56.53 	57.94 	54.38 	55.44 
A,I_IUSNET,PC_IND,SK04	: 	: 	: 	: 	: 	50.04 	: 	53.55 	56.31 	54.64 	59.71 	61.86 	61.37 	63.23 	62.42 	61.22 	59.79 	58.70 	57.90 	63.42 
A,I_IUSNET,PC_IND,TR	: 	: 	: 	: 	: 	: 	: 	31.58 	38.19 	41.47 	48.06 	54.14 	59.76 	60.18 	62.31 	60.08 	70.85 	74.58 	76.42 	80.38 
A,I_IUSNET,PC_IND,TR1	: 	: 	: 	: 	: 	: 	: 	43.55 	47.76 	52.20 	58.43 	66.37 	69.59 	72.59 	73.10 	66.04 	79.88 	82.18 	85.13 	89.78 
A,I_IUSNET,PC_IND,TR2	: 	: 	: 	: 	: 	: 	: 	36.77 	36.91 	44.76 	45.50 	52.20 	58.59 	59.23 	64.29 	58.25 	73.22 	69.77 	75.83 	79.41 
A,I_IUSNET,PC_IND,TR3	: 	: 	: 	: 	: 	: 	: 	21.08 	39.06 	43.91 	47.97 	54.82 	61.92 	62.41 	64.20 	63.78 	70.67 	75.87 	76.32 	79.52 
A,I_IUSNET,PC_IND,TR4	: 	: 	: 	: 	: 	: 	: 	39.28 	41.63 	43.58 	51.33 	56.50 	62.81 	64.88 	67.15 	64.45 	76.55 	79.50 	80.87 	85.19 
A,I_IUSNET,PC_IND,TR5	: 	: 	: 	: 	: 	: 	: 	37.86 	41.12 	43.97 	51.57 	59.17 	66.98 	66.28 	64.30 	64.66 	73.34 	76.58 	77.38 	80.90 
A,I_IUSNET,PC_IND,TR6	: 	: 	: 	: 	: 	: 	: 	28.97 	37.60 	38.39 	47.81 	54.06 	57.78 	55.64 	58.94 	57.04 	71.98 	74.87 	77.53 	73.83 
A,I_IUSNET,PC_IND,TR7	: 	: 	: 	: 	: 	: 	: 	31.34 	33.77 	37.34 	46.06 	51.91 	56.41 	58.07 	60.05 	54.35 	67.91 	71.12 	74.84 	78.18 
A,I_IUSNET,PC_IND,TR8	: 	: 	: 	: 	: 	: 	: 	25.94 	32.15 	35.70 	41.66 	50.67 	53.58 	52.98 	57.35 	55.97 	65.81 	67.85 	71.54 	78.10 
A,I_IUSNET,PC_IND,TR9	: 	: 	: 	: 	: 	: 	: 	29.09 	37.24 	44.27 	44.23 	53.18 	59.24 	58.53 	61.07 	62.93 	67.98 	70.79 	68.90 	74.14 
A,I_IUSNET,PC_IND,TRA	: 	: 	: 	: 	: 	: 	: 	20.98 	27.82 	20.43 	36.16 	35.86 	39.24 	46.51 	48.50 	49.25 	52.15 	61.31 	60.73 	72.18 
A,I_IUSNET,PC_IND,TRB	: 	: 	: 	: 	: 	: 	: 	19.72 	25.43 	28.60 	32.59 	38.15 	42.20 	44.51 	48.24 	50.89 	57.23 	64.58 	65.08 	69.47 
A,I_IUSNET,PC_IND,TRC	: 	: 	: 	: 	: 	: 	: 	21.89 	26.61 	29.56 	37.26 	35.54 	46.21 	43.11 	47.75 	49.21 	57.10 	65.99 	66.48 	77.11 
A,I_IUSNET,PC_IND,UK	: 	: 	: 	: 	: 	49.68 	: 	58.12 	59.82 	65.66 	68.75 	71.22 	69.75 	73.13 	75.71 	: 	: 	: 	: 	: 
A,I_IUSNET,PC_IND,UKC	: 	: 	: 	: 	: 	43.40 	: 	46.80 	59.97 	49.32 	61.13 	73.05 	65.06 	74.18 	72.94 	: 	: 	: 	: 	: 
A,I_IUSNET,PC_IND,UKD	: 	: 	: 	: 	: 	51.61 	: 	56.12 	56.41 	64.94 	70.13 	73.84 	69.68 	68.40 	66.97 	: 	: 	: 	: 	: 
A,I_IUSNET,PC_IND,UKE	: 	: 	: 	: 	: 	51.96 	: 	56.58 	57.12 	62.04 	63.13 	74.52 	69.08 	70.93 	78.59 	: 	: 	: 	: 	: 
A,I_IUSNET,PC_IND,UKF	: 	: 	: 	: 	: 	44.53 	: 	57.97 	61.19 	68.25 	68.85 	66.58 	71.23 	62.43 	73.72 	: 	: 	: 	: 	: 
A,I_IUSNET,PC_IND,UKG	: 	: 	: 	: 	: 	46.23 	: 	54.02 	56.37 	55.04 	65.35 	70.07 	71.93 	75.14 	76.37 	: 	: 	: 	: 	: 
A,I_IUSNET,PC_IND,UKH	: 	: 	: 	: 	: 	46.75 	: 	56.18 	57.30 	69.33 	69.38 	68.17 	69.50 	69.55 	74.26 	: 	: 	: 	: 	: 
A,I_IUSNET,PC_IND,UKI	: 	: 	: 	: 	: 	51.61 	: 	61.99 	67.61 	72.64 	71.98 	72.97 	69.18 	85.49 	74.99 	: 	: 	: 	: 	: 
A,I_IUSNET,PC_IND,UKJ	: 	: 	: 	: 	: 	52.14 	: 	64.78 	58.49 	68.89 	70.51 	68.48 	74.01 	72.92 	81.87 	: 	: 	: 	: 	: 
A,I_IUSNET,PC_IND,UKK	: 	: 	: 	: 	: 	53.64 	: 	60.39 	59.88 	60.59 	68.78 	71.79 	69.73 	75.89 	73.95 	: 	: 	: 	: 	: 
A,I_IUSNET,PC_IND,UKL	: 	: 	: 	: 	: 	47.37 	: 	43.28 	64.55 	64.01 	64.01 	76.41 	76.34 	68.83 	79.18 	: 	: 	: 	: 	: 
A,I_IUSNET,PC_IND,UKM	: 	: 	: 	: 	: 	48.79 	: 	64.06 	56.28 	67.51 	75.61 	74.81 	58.98 	69.94 	78.55 	: 	: 	: 	: 	: 
A,I_IUSNET,PC_IND,UKN	: 	: 	: 	: 	: 	: 	: 	56.60 	66.39 	68.08 	63.34 	57.77 	70.96 	78.22 	: 	: 	: 	: 	: 	: 
A,I_IUSNET,PC_IND,XK	: 	: 	: 	: 	: 	: 	: 	: 	: 	: 	: 	56.50 	63.27 	67.90 	82.97 	: 	: 	: 	78.96 	83.18 
A,I_IUSNET,PC_IND_IU3,AL	: 	: 	: 	: 	: 	: 	: 	: 	: 	: 	: 	: 	77.18 	76.05 	75.86 	76.56 	77.51 	79.72 	80.01 	85.74 
A,I_IUSNET,PC_IND_IU3,AT	: 	: 	: 	: 	: 	44.80 	: 	46.45 	54.62 	54.01 	58.14 	58.21 	60.78 	63.31 	68.02 	61.72 	65.66 	66.52 	68.20 	71.20 
A,I_IUSNET,PC_IND_IU3,AT1	: 	: 	: 	: 	: 	47.51 	: 	49.34 	56.57 	56.24 	59.91 	60.47 	63.11 	63.99 	70.17 	63.05 	67.43 	66.82 	71.07 	72.08 
A,I_IUSNET,PC_IND_IU3,AT11	: 	: 	: 	: 	: 	46.09 	: 	48.57 	48.50 	: 	47.68 	53.31 	65.69 	59.28 	64.70 	56.75 	63.77 	60.24 	61.24 	66.00 
A,I_IUSNET,PC_IND_IU3,AT12	: 	: 	: 	: 	: 	44.00 	: 	47.49 	51.67 	: 	56.18 	57.09 	56.94 	63.62 	68.50 	60.41 	64.27 	60.56 	67.35 	68.79 
A,I_IUSNET,PC_IND_IU3,AT13	: 	: 	: 	: 	: 	50.74 	: 	51.04 	61.67 	: 	64.77 	64.24 	67.75 	64.94 	72.31 	66.20 	70.50 	72.95 	75.55 	75.62 
A,I_IUSNET,PC_IND_IU3,AT2	: 	: 	: 	: 	: 	43.10 	: 	43.79 	53.66 	51.19 	52.68 	54.00 	60.07 	60.71 	66.96 	62.22 	66.08 	68.05 	64.59 	68.82 
A,I_IUSNET,PC_IND_IU3,AT21	: 	: 	: 	: 	: 	43.83 	: 	47.58 	54.68 	: 	51.80 	59.90 	61.86 	60.67 	69.08 	62.94 	64.01 	66.84 	65.47 	66.61 
A,I_IUSNET,PC_IND_IU3,AT22	: 	: 	: 	: 	: 	42.76 	: 	42.16 	53.20 	: 	53.08 	51.44 	59.28 	60.73 	66.00 	61.90 	67.00 	68.58 	64.19 	69.77 
A,I_IUSNET,PC_IND_IU3,AT3	: 	: 	: 	: 	: 	42.41 	: 	44.58 	52.77 	52.82 	58.91 	57.79 	58.29 	63.90 	65.93 	59.82 	63.26 	65.30 	66.69 	71.40 
A,I_IUSNET,PC_IND_IU3,AT31	: 	: 	: 	: 	: 	38.20 	: 	44.17 	49.32 	: 	58.46 	59.49 	54.87 	65.17 	65.37 	58.31 	63.24 	64.68 	67.75 	72.96 
A,I_IUSNET,PC_IND_IU3,AT32	: 	: 	: 	: 	: 	46.13 	: 	47.58 	55.91 	: 	58.38 	48.93 	62.60 	59.41 	68.25 	60.28 	66.11 	64.88 	66.26 	66.15 
A,I_IUSNET,PC_IND_IU3,AT33	: 	: 	: 	: 	: 	45.70 	: 	44.89 	56.98 	: 	58.88 	59.76 	60.59 	65.85 	65.90 	61.50 	61.02 	63.96 	62.94 	74.13 
A,I_IUSNET,PC_IND_IU3,AT34	: 	: 	: 	: 	: 	46.10 	: 	41.37 	53.19 	: 	61.33 	60.71 	60.52 	61.86 	64.82 	61.58 	63.63 	70.74 	70.61 	67.83 
A,I_IUSNET,PC_IND_IU3,BA	: 	: 	: 	: 	: 	: 	: 	: 	: 	: 	: 	: 	65.73 	65.53 	68.35 	65.61 	: 	69.25 	76.02 	73.84 
A,I_IUSNET,PC_IND_IU3,BE	: 	: 	: 	: 	: 	48.43 	: 	56.76 	61.69 	78.44 	80.11 	82.14 	81.89 	83.66 	86.21 u	67.66 b	72.16 	72.37 	75.45 	70.16 
A,I_IUSNET,PC_IND_IU3,BE1	: 	: 	: 	: 	: 	47.61 	: 	56.28 	59.61 	80.77 	85.64 	85.18 	81.06 	82.94 	89.90 u	66.85 b	69.85 	72.57 	70.54 	67.97 
A,I_IUSNET,PC_IND_IU3,BE10	: 	: 	: 	: 	: 	47.61 	: 	56.28 	59.61 	80.77 	85.64 	85.18 	81.06 	82.94 	89.90 u	66.85 b	69.85 	72.57 	70.54 	67.97 
A,I_IUSNET,PC_IND_IU3,BE2	: 	: 	: 	: 	: 	48.20 	: 	56.17 	62.15 	75.06 	76.94 	80.65 	80.53 	81.40 	85.70 u	67.36 b	72.32 	72.86 	76.50 	71.24 
A,I_IUSNET,PC_IND_IU3,BE21	: 	: 	: 	: 	: 	47.82 	: 	54.09 	60.88 	75.95 	73.44 	79.42 	78.33 	79.16 	87.13 u	64.78 b	67.98 	73.63 	75.76 	70.00 
A,I_IUSNET,PC_IND_IU3,BE22	: 	: 	: 	: 	: 	46.73 	: 	61.54 	60.56 	76.66 	78.64 	78.22 	81.32 	83.55 	82.17 u	69.02 b	71.26 	71.94 	77.76 	71.27 
A,I_IUSNET,PC_IND_IU3,BE23	: 	: 	: 	: 	: 	50.02 	: 	57.95 	65.55 	72.66 	78.56 	82.28 	81.88 	83.31 	84.47 u	65.71 b	76.99 	74.56 	77.80 	74.75 
A,I_IUSNET,PC_IND_IU3,BE24	: 	: 	: 	: 	: 	48.97 	: 	58.41 	61.74 	76.36 	79.09 	77.47 	80.55 	79.99 	88.46 u	73.15 b	75.56 	74.79 	77.75 	70.45 
A,I_IUSNET,PC_IND_IU3,BE25	: 	: 	: 	: 	: 	46.91 	: 	51.08 	61.51 	74.26 	77.01 	85.47 	81.76 	82.34 	84.93 u	66.59 b	70.72 	68.57 	73.69 	68.95 
A,I_IUSNET,PC_IND_IU3,BE3	: 	: 	: 	: 	: 	49.15 	: 	58.07 	61.46 	83.96 	84.19 	83.95 	84.76 	88.14 	85.93 u	68.52 b	72.66 	71.35 	75.23 	68.91 
A,I_IUSNET,PC_IND_IU3,BE31	: 	: 	: 	: 	: 	48.04 	: 	55.61 	52.42 	80.07 	80.50 	82.92 	80.65 	84.94 	88.81 u	65.38 b	79.05 	75.35 	77.34 	67.20 
A,I_IUSNET,PC_IND_IU3,BE32	: 	: 	: 	: 	: 	52.31 	: 	56.68 	63.62 	90.12 	85.78 	87.48 	87.52 	87.83 	86.04 u	62.66 b	69.67 	71.67 	74.95 	66.16 
A,I_IUSNET,PC_IND_IU3,BE33	: 	: 	: 	: 	: 	46.91 	: 	59.71 	63.58 	81.54 	84.77 	81.91 	84.93 	90.93 	85.05 u	71.88 b	72.51 	67.62 	74.75 	70.72 
A,I_IUSNET,PC_IND_IU3,BE34	: 	: 	: 	: 	: 	49.62 	: 	57.42 	59.54 	74.98 	78.44 	83.42 	82.59 	85.52 	86.29 u	71.70 b	71.05 	75.07 	77.89 	72.97 
A,I_IUSNET,PC_IND_IU3,BE35	: 	: 	: 	: 	: 	46.15 	: 	60.60 	60.15 	81.48 	85.31 	80.37 	81.91 	86.89 	84.85 u	77.46 b	74.69 	73.01 	73.58 	71.69 
A,I_IUSNET,PC_IND_IU3,BG	: 	: 	: 	: 	: 	62.55 	: 	70.29 	71.30 	74.40 	75.73 	78.77 	79.28 	77.79 	78.02 	79.77 	80.15 	79.86 	78.84 	81.83 
A,I_IUSNET,PC_IND_IU3,BG3	: 	: 	: 	: 	: 	62.24 	: 	69.61 	74.01 	75.05 	77.99 	79.96 	79.92 	80.12 	81.90 	86.41 	85.28 	82.94 	84.18 	86.35 
A,I_IUSNET,PC_IND_IU3,BG31	: 	: 	: 	: 	: 	59.61 	: 	71.39 	74.23 	76.07 	77.87 	81.69 	82.72 	74.68 	78.55 	87.19 	83.60 	85.29 	83.43 	86.24 
A,I_IUSNET,PC_IND_IU3,BG32	: 	: 	: 	: 	: 	66.07 	: 	65.85 	73.49 	76.66 	77.53 	81.92 	79.91 	84.48 	87.38 	84.98 	85.71 	81.79 	81.06 	81.94 
A,I_IUSNET,PC_IND_IU3,BG33	: 	: 	: 	: 	: 	59.05 	: 	73.11 	74.22 	72.50 	83.17 	77.00 	75.86 	82.14 	85.11 	86.21 	85.65 	84.36 	87.29 	87.85 
A,I_IUSNET,PC_IND_IU3,BG34	: 	: 	: 	: 	: 	63.44 	: 	68.28 	74.13 	75.43 	73.02 	79.88 	81.98 	78.39 	76.73 	87.24 	85.75 	80.94 	84.24 	88.18 
A,I_IUSNET,PC_IND_IU3,BG4	: 	: 	: 	: 	: 	62.80 	: 	70.87 	68.95 	73.84 	73.71 	77.66 	78.69 	75.64 	74.75 	73.51 	75.47 	77.19 	73.96 	77.76 
A,I_IUSNET,PC_IND_IU3,BG41	: 	: 	: 	: 	: 	63.03 	: 	72.25 	69.91 	77.90 	75.56 	82.52 	80.70 	78.71 	74.13 	75.08 	78.34 	78.95 	77.36 	80.47 
A,I_IUSNET,PC_IND_IU3,BG42	: 	: 	: 	: 	: 	62.33 	: 	68.08 	67.11 	65.99 	70.62 	69.26 	75.17 	70.13 	75.88 	70.92 	70.61 	74.15 	68.10 	73.20 
A,I_IUSNET,PC_IND_IU3,CH	: 	: 	: 	: 	: 	: 	: 	: 	47.77 	: 	: 	56.26 b	: 	55.19 	: 	68.37 b	: 	69.63 	: 	74.88 
A,I_IUSNET,PC_IND_IU3,CH0	: 	: 	: 	: 	: 	: 	: 	: 	47.77 	: 	: 	56.26 b	: 	55.19 	: 	68.37 b	: 	69.63 	: 	74.88 
A,I_IUSNET,PC_IND_IU3,CH01	: 	: 	: 	: 	: 	: 	: 	: 	49.09 	: 	: 	61.88 b	: 	60.46 	: 	72.13 b	: 	71.14 	: 	80.46 
A,I_IUSNET,PC_IND_IU3,CH02	: 	: 	: 	: 	: 	: 	: 	: 	46.45 	: 	: 	59.10 b	: 	54.84 	: 	67.74 b	: 	69.23 	: 	71.80 
A,I_IUSNET,PC_IND_IU3,CH03	: 	: 	: 	: 	: 	: 	: 	: 	51.91 	: 	: 	54.33 b	: 	53.27 	: 	66.39 b	: 	72.09 	: 	75.71 
A,I_IUSNET,PC_IND_IU3,CH04	: 	: 	: 	: 	: 	: 	: 	: 	46.53 	: 	: 	53.21 b	: 	55.86 	: 	67.08 b	: 	69.35 	: 	75.62 
A,I_IUSNET,PC_IND_IU3,CH05	: 	: 	: 	: 	: 	: 	: 	: 	48.00 	: 	: 	51.54 b	: 	52.75 	: 	66.83 b	: 	68.12 	: 	72.37 
A,I_IUSNET,PC_IND_IU3,CH06	: 	: 	: 	: 	: 	: 	: 	: 	45.30 	: 	: 	53.05 b	: 	53.43 	: 	66.77 b	: 	67.14 	: 	72.21 
A,I_IUSNET,PC_IND_IU3,CH07	: 	: 	: 	: 	: 	: 	: 	: 	46.42 	: 	: 	59.33 b	: 	48.62 	: 	75.98 b	: 	68.85 	: 	73.74 
A,I_IUSNET,PC_IND_IU3,CY	: 	: 	: 	: 	: 	58.86 	: 	67.73 	72.27 	75.35 	79.01 	78.08 	81.67 	83.33 	86.10 	86.62 	86.96 	90.51 	91.76 	92.27 
A,I_IUSNET,PC_IND_IU3,CY0	: 	: 	: 	: 	: 	58.86 	: 	67.73 	72.27 	75.35 	79.01 	78.08 	81.67 	83.33 	86.10 	86.62 	86.96 	90.51 	91.76 	92.27 
A,I_IUSNET,PC_IND_IU3,CY00	: 	: 	: 	: 	: 	58.86 	: 	67.73 	72.27 	75.35 	79.01 	78.08 	81.67 	83.33 	86.10 	86.62 	86.96 	90.51 	91.76 	92.27 
A,I_IUSNET,PC_IND_IU3,CZ	: 	: 	: 	: 	: 	37.81 	: 	48.98 	50.16 	49.99 	54.83 	57.12 	64.24 b	67.73 	67.32 	69.22 	70.75 	74.02 	74.97 	74.15 
A,I_IUSNET,PC_IND_IU3,CZ0	: 	: 	: 	: 	: 	37.81 	: 	48.98 	50.16 	49.99 	54.83 	57.12 	64.24 b	67.73 	67.32 	69.22 	70.75 	74.02 	74.97 	74.15 
A,I_IUSNET,PC_IND_IU3,CZ01	: 	: 	: 	: 	: 	38.63 	: 	47.50 	48.68 	50.00 	60.49 	60.70 	66.98 b	67.70 	75.29 	65.90 	75.33 	76.95 	73.33 	79.12 
A,I_IUSNET,PC_IND_IU3,CZ02	: 	: 	: 	: 	: 	39.81 	: 	51.05 	51.63 	50.45 	53.41 	53.23 	65.04 b	69.98 	62.60 	65.48 	74.40 	70.40 	75.68 	68.19 
A,I_IUSNET,PC_IND_IU3,CZ03	: 	: 	: 	: 	: 	44.01 	: 	54.90 	53.95 	56.21 	54.51 	59.72 	65.72 b	69.52 	63.18 	66.98 	64.22 	70.04 	71.66 	69.37 
A,I_IUSNET,PC_IND_IU3,CZ04	: 	: 	: 	: 	: 	45.21 	: 	56.87 	57.47 	52.02 	60.04 	54.18 	66.62 b	73.40 	67.85 	72.03 	71.91 	77.48 	75.48 	74.52 
A,I_IUSNET,PC_IND_IU3,CZ05	: 	: 	: 	: 	: 	29.61 	: 	44.85 	41.65 	41.21 	51.61 	50.43 	61.60 b	66.06 	70.02 	70.36 	66.78 	70.55 	76.58 	76.91 
A,I_IUSNET,PC_IND_IU3,CZ06	: 	: 	: 	: 	: 	30.67 	: 	44.91 	53.79 	54.38 	52.15 	57.14 	61.08 b	61.55 	64.61 	69.50 	71.83 	73.44 	75.23 	70.54 
A,I_IUSNET,PC_IND_IU3,CZ07	: 	: 	: 	: 	: 	38.71 	: 	53.29 	49.62 	48.94 	51.91 	61.60 	63.28 b	66.45 	66.63 	69.90 	69.76 	75.61 	74.09 	77.69 
A,I_IUSNET,PC_IND_IU3,CZ08	: 	: 	: 	: 	: 	41.60 	: 	42.20 	46.40 	47.19 	56.25 	61.53 	65.09 b	70.39 	69.68 	74.43 	71.78 	79.96 	77.33 	78.71 
A,I_IUSNET,PC_IND_IU3,DE	: 	: 	: 	: 	: 	51.56 	: 	50.01 	49.11 	65.03 	56.14 	56.05 	57.07 	56.47 	57.58 	50.97 b	52.09 	52.57 	62.06 	62.63 
A,I_IUSNET,PC_IND_IU3,DE1	: 	: 	: 	: 	: 	48.91 	: 	46.97 	47.93 	64.54 	53.10 	54.45 	55.52 	53.46 	54.99 	49.96 b	52.96 	54.82 	63.37 	62.46 
A,I_IUSNET,PC_IND_IU3,DE2	: 	: 	: 	: 	: 	48.56 	: 	45.98 	45.66 	64.13 	58.10 	54.39 	55.11 	56.96 	54.44 	50.74 b	55.64 	54.25 	64.65 	65.94 
A,I_IUSNET,PC_IND_IU3,DE3	: 	: 	: 	: 	: 	57.97 	: 	54.20 	51.32 	65.93 	58.01 	55.67 	53.52 	54.89 	58.11 	56.69 b	57.39 	57.43 	60.80 	61.30 
A,I_IUSNET,PC_IND_IU3,DE4	: 	: 	: 	: 	: 	47.01 	: 	48.45 	39.11 	68.60 	52.74 	45.61 	47.73 	50.42 	45.55 	39.41 b	42.12 	38.84 	47.14 	53.03 
A,I_IUSNET,PC_IND_IU3,DE5	: 	: 	: 	: 	: 	50.94 	: 	48.40 	56.61 	64.81 	50.68 	46.83 	59.55 	50.61 	56.87 	50.13 b	38.68 u	50.39 	71.17 u	57.95 
A,I_IUSNET,PC_IND_IU3,DE6	: 	: 	: 	: 	: 	46.45 	: 	45.21 	53.95 	64.66 	56.25 	62.89 	56.70 	47.24 	51.62 	58.04 b	63.50 	54.73 	67.41 	72.60 
A,I_IUSNET,PC_IND_IU3,DE7	: 	: 	: 	: 	: 	54.70 	: 	51.89 	50.39 	64.72 	53.48 	56.20 	58.66 	59.15 	58.49 	55.12 b	52.12 	56.88 	65.11 	62.70 
A,I_IUSNET,PC_IND_IU3,DE8	: 	: 	: 	: 	: 	46.95 	: 	43.16 	34.93 	70.32 	58.67 	59.83 	52.25 	53.39 	60.18 	40.86 b	42.24 	43.67 	56.62 	50.24 
A,I_IUSNET,PC_IND_IU3,DE9	: 	: 	: 	: 	: 	56.85 	: 	53.84 	50.39 	68.88 	57.85 	58.83 	59.06 	58.61 	58.94 	50.41 b	51.16 	50.08 	60.55 	61.07 
A,I_IUSNET,PC_IND_IU3,DEA	: 	: 	: 	: 	: 	49.85 	: 	51.91 	53.24 	66.16 	57.10 	57.83 	60.61 	59.05 	63.00 	51.94 b	50.36 	54.77 	64.41 	64.23 
A,I_IUSNET,PC_IND_IU3,DEB	: 	: 	: 	: 	: 	63.65 	: 	59.30 	55.92 	65.57 	63.27 	63.76 	64.64 	61.38 	66.80 	58.16 b	51.21 	47.52 	62.96 	64.05 
A,I_IUSNET,PC_IND_IU3,DEC	: 	: 	: 	: 	: 	59.25 	: 	54.69 	49.35 	65.26 	58.03 	65.45 	66.27 	62.83 	59.78 	52.58 b	67.78 	59.72 	59.41 	71.22 
A,I_IUSNET,PC_IND_IU3,DED	: 	: 	: 	: 	: 	47.81 	: 	45.77 	43.16 	61.13 	51.59 	53.16 	51.86 	52.80 	49.58 	49.60 b	52.59 	48.73 	52.58 	54.35 
A,I_IUSNET,PC_IND_IU3,DEE	: 	: 	: 	: 	: 	49.46 	: 	48.49 	46.68 	63.17 	51.34 	47.32 	52.63 	53.53 	52.70 	42.77 b	44.57 	39.02 	56.96 	53.86 
A,I_IUSNET,PC_IND_IU3,DEF	: 	: 	: 	: 	: 	53.33 	: 	52.66 	51.70 	61.11 	57.78 	56.28 	51.31 	54.26 	55.80 	50.67 b	53.56 	56.31 	63.96 	70.24 
A,I_IUSNET,PC_IND_IU3,DEG	: 	: 	: 	: 	: 	50.11 	: 	42.13 	40.13 	54.26 	49.21 	48.67 	55.56 	51.34 	54.92 	38.62 b	45.27 	41.52 	49.87 	55.52 
A,I_IUSNET,PC_IND_IU3,DK	: 	: 	: 	: 	: 	61.64 	: 	67.21 	69.27 	67.33 	76.69 	77.75 	80.57 	83.21 	86.16 	86.37 	86.58 	92.13 	90.23 	89.92 
A,I_IUSNET,PC_IND_IU3,DK0	: 	: 	: 	: 	: 	61.64 	: 	67.21 	69.27 	67.33 	76.69 	77.75 	80.57 	83.21 	86.16 	86.37 	86.58 	92.13 	90.23 	89.92 
A,I_IUSNET,PC_IND_IU3,DK01	: 	: 	: 	: 	: 	66.45 	: 	71.53 	72.71 	70.09 	79.21 	79.99 	83.16 	84.18 	87.15 	88.08 	87.78 	92.78 	91.08 	91.02 
A,I_IUSNET,PC_IND_IU3,DK02	: 	: 	: 	: 	: 	57.60 	: 	59.05 	64.55 	65.27 	76.25 	72.36 	80.56 	79.86 	83.85 	85.47 	87.33 	90.12 	89.24 	86.02 
A,I_IUSNET,PC_IND_IU3,DK03	: 	: 	: 	: 	: 	59.67 	: 	64.88 	67.24 	65.49 	72.20 	77.47 	77.40 	82.41 	85.96 	85.25 	84.79 	91.70 	89.81 	90.47 
A,I_IUSNET,PC_IND_IU3,DK04	: 	: 	: 	: 	: 	59.71 	: 	69.04 	69.89 	68.67 	77.68 	78.21 	80.04 	84.70 	87.19 	86.28 	85.58 	93.45 	89.41 	89.74 
A,I_IUSNET,PC_IND_IU3,DK05	: 	: 	: 	: 	: 	60.86 	: 	65.55 	68.02 	62.41 	76.63 	77.31 	80.34 	83.18 	84.55 	84.90 	87.91 	90.78 	91.71 	91.09 
A,I_IUSNET,PC_IND_IU3,EE	: 	: 	: 	: 	: 	48.07 	: 	61.49 	60.11 b	63.15 	65.85 	68.45 	69.46 	72.19 	73.21 	74.00 	72.22 	73.49 	74.17 	76.51 
A,I_IUSNET,PC_IND_IU3,EE0	: 	: 	: 	: 	: 	48.07 	: 	61.49 	60.11 b	63.15 	65.85 	68.45 	69.46 	72.19 	73.21 	74.00 	72.22 	73.49 	74.17 	76.51 
A,I_IUSNET,PC_IND_IU3,EE00	: 	: 	: 	: 	: 	48.07 	: 	61.49 	60.11 b	63.15 	65.85 	68.45 	69.46 	72.19 	73.21 	74.00 	72.22 	73.49 	74.17 	76.51 
A,I_IUSNET,PC_IND_IU3,EL	: 	: 	: 	: 	: 	54.33 	: 	60.32 	64.32 	65.70 	67.53 	71.50 	73.41 	74.92 	76.05 	79.05 	80.60 	80.10 	79.57 	81.93 
A,I_IUSNET,PC_IND_IU3,EL1	: 	: 	: 	: 	: 	51.02 	: 	: 	: 	: 	: 	: 	: 	: 	: 	: 	: 	: 	: 	: 
A,I_IUSNET,PC_IND_IU3,EL2	: 	: 	: 	: 	: 	57.68 	: 	: 	: 	: 	: 	: 	: 	: 	: 	: 	: 	: 	: 	: 
A,I_IUSNET,PC_IND_IU3,EL3	: 	: 	: 	: 	: 	55.42 	: 	62.47 	64.90 	64.40 	67.63 	71.87 	76.00 	73.83 	80.45 	81.43 	85.72 	78.37 	79.04 	69.22 
A,I_IUSNET,PC_IND_IU3,EL4	: 	: 	: 	: 	: 	50.50 	: 	53.02 	72.87 	71.73 	68.39 	69.68 	76.09 	83.27 	80.99 	80.51 	83.05 	87.16 	80.01 	89.96 
A,I_IUSNET,PC_IND_IU3,EL5	: 	: 	: 	: 	: 	: 	: 	58.07 	63.46 	62.84 	69.41 	74.31 	70.75 	75.39 	71.51 	76.47 	74.34 	80.77 	80.80 	89.97 
A,I_IUSNET,PC_IND_IU3,EL6	: 	: 	: 	: 	: 	: 	: 	61.18 	60.22 	68.75 	64.60 	68.07 	70.70 	72.61 	71.69 	77.48 	78.63 	78.91 	78.75 	90.51 
A,I_IUSNET,PC_IND_IU3,ES	: 	: 	: 	: 	: 	52.13 	: 	64.10 	67.09 	64.73 	66.77 	67.58 	67.42 	64.60 	69.39 	68.86 	66.91 	67.57 	67.56 	72.14 
A,I_IUSNET,PC_IND_IU3,ES1	: 	: 	: 	: 	: 	51.70 	: 	63.34 	63.57 	64.04 	65.94 	63.64 	65.01 	63.71 	65.03 	67.53 	64.07 	65.32 	65.45 	70.27 
A,I_IUSNET,PC_IND_IU3,ES11	: 	: 	: 	: 	: 	52.71 	: 	64.88 	65.27 	64.97 	65.66 	62.54 	64.43 	63.26 	63.31 	67.86 	64.11 	66.64 	66.13 	70.00 
A,I_IUSNET,PC_IND_IU3,ES12	: 	: 	: 	: 	: 	51.67 	: 	64.11 	60.68 	63.20 	65.40 	65.17 	66.13 	64.79 	69.23 	67.68 	62.90 	64.25 	65.04 	71.16 
A,I_IUSNET,PC_IND_IU3,ES13	: 	: 	: 	: 	: 	47.84 	: 	55.61 	61.41 	61.60 	68.10 	65.79 	65.52 	63.74 	65.19 	65.81 	65.88 	61.34 	63.11 	69.99 
A,I_IUSNET,PC_IND_IU3,ES2	: 	: 	: 	: 	: 	45.23 	: 	54.79 	56.89 	55.36 	58.65 	61.33 	58.04 	57.59 	64.19 	61.23 	61.19 	61.27 	59.62 	67.72 
A,I_IUSNET,PC_IND_IU3,ES21	: 	: 	: 	: 	: 	42.50 	: 	51.02 	52.47 	50.59 	53.60 	56.65 	52.72 	53.08 	59.26 	56.93 	57.41 	56.93 	56.24 	65.29 
A,I_IUSNET,PC_IND_IU3,ES22	: 	: 	: 	: 	: 	41.63 	: 	50.86 	55.04 	57.05 	62.99 	64.19 	55.67 	56.37 	64.39 	63.63 	60.40 	63.91 	61.38 	65.06 
A,I_IUSNET,PC_IND_IU3,ES23	: 	: 	: 	: 	: 	43.04 	: 	56.58 	58.02 	60.15 	62.38 	63.50 	62.60 	58.57 	64.63 	66.15 	61.67 	60.37 	64.93 	69.72 
A,I_IUSNET,PC_IND_IU3,ES24	: 	: 	: 	: 	: 	51.98 	: 	62.66 	65.28 	61.47 	64.20 	67.13 	66.76 	65.44 	72.06 	65.92 	67.85 	67.31 	63.06 	72.49 
A,I_IUSNET,PC_IND_IU3,ES3	: 	: 	: 	: 	: 	50.84 	: 	61.03 	66.19 	62.27 	65.18 	63.11 	66.11 	65.19 	69.93 	68.60 	65.55 	69.09 	68.83 	72.28 
A,I_IUSNET,PC_IND_IU3,ES30	: 	: 	: 	: 	: 	50.84 	: 	61.03 	66.19 	62.27 	65.18 	63.11 	66.11 	65.19 	69.93 	68.60 	65.55 	69.09 	68.83 	72.28 
A,I_IUSNET,PC_IND_IU3,ES4	: 	: 	: 	: 	: 	48.98 	: 	61.37 	65.87 	60.94 	64.00 	64.32 	66.33 	64.06 	67.58 	67.79 	67.41 	67.51 	65.42 	71.12 
A,I_IUSNET,PC_IND_IU3,ES41	: 	: 	: 	: 	: 	47.11 	: 	60.06 	60.92 	51.95 	59.69 	58.04 	60.68 	59.06 	67.40 	63.73 	66.99 	65.94 	62.02 	70.23 
A,I_IUSNET,PC_IND_IU3,ES42	: 	: 	: 	: 	: 	50.80 	: 	62.14 	69.12 	66.02 	63.54 	66.89 	69.80 	67.53 	66.47 	70.92 	66.44 	67.51 	67.24 	71.20 
A,I_IUSNET,PC_IND_IU3,ES43	: 	: 	: 	: 	: 	50.17 	: 	63.12 	71.61 	72.73 	74.59 	73.73 	72.48 	68.66 	70.12 	70.83 	70.26 	71.10 	69.43 	72.93 
A,I_IUSNET,PC_IND_IU3,ES5	: 	: 	: 	: 	: 	54.08 	: 	66.21 	68.46 	66.71 	67.64 	70.82 	69.38 	64.04 	72.53 	70.44 	68.77 	69.07 	69.35 	73.70 
A,I_IUSNET,PC_IND_IU3,ES51	: 	: 	: 	: 	: 	51.84 	: 	63.88 	67.94 	67.40 	66.94 	70.55 	68.67 	64.42 	73.55 	70.91 	69.14 	71.03 	69.73 	73.94 
A,I_IUSNET,PC_IND_IU3,ES52	: 	: 	: 	: 	: 	55.07 	: 	69.36 	67.90 	64.91 	68.59 	70.83 	70.50 	63.43 	71.06 	69.32 	67.90 	65.99 	68.74 	73.08 
A,I_IUSNET,PC_IND_IU3,ES53	: 	: 	: 	: 	: 	65.07 	: 	68.32 	74.00 	69.51 	68.24 	72.43 	69.17 	64.03 	72.14 	72.15 	70.07 	69.47 	69.43 	74.87 
A,I_IUSNET,PC_IND_IU3,ES6	: 	: 	: 	: 	: 	54.79 	: 	69.26 	71.93 	69.98 	71.71 	72.36 	71.46 	68.10 	70.02 	70.64 	69.09 	68.47 	69.56 	73.71 
A,I_IUSNET,PC_IND_IU3,ES61	: 	: 	: 	: 	: 	54.16 	: 	69.50 	72.86 	70.60 	72.29 	73.15 	71.19 	68.72 	70.12 	70.94 	69.35 	68.37 	69.75 	73.52 
A,I_IUSNET,PC_IND_IU3,ES62	: 	: 	: 	: 	: 	57.85 	: 	68.02 	67.25 	66.62 	68.67 	68.18 	73.11 	64.01 	69.13 	68.68 	67.57 	69.04 	68.98 	75.23 
A,I_IUSNET,PC_IND_IU3,ES63	: 	: 	: 	: 	: 	63.46 u	: 	75.14 	63.95 	62.67 	73.71 	72.70 	74.73 	80.43 u	63.92 u	73.35 	69.42 	68.57 	67.50 u	80.14 
A,I_IUSNET,PC_IND_IU3,ES64	: 	: 	: 	: 	: 	56.28 u	: 	58.30 u	71.46 	77.73 	63.10 	65.19 	66.24 	66.01 	80.95 	73.91 	69.95 	67.84 	62.35 u	58.67 
A,I_IUSNET,PC_IND_IU3,ES7	: 	: 	: 	: 	: 	56.22 	: 	66.89 	71.15 	66.91 	69.44 	67.44 	66.97 	67.55 	67.78 	71.49 	64.84 	65.87 	67.40 	69.09 
A,I_IUSNET,PC_IND_IU3,ES70	: 	: 	: 	: 	: 	56.22 	: 	66.89 	71.15 	66.91 	69.44 	67.44 	66.97 	67.55 	67.78 	71.49 	64.84 	65.87 	67.40 	69.09 
A,I_IUSNET,PC_IND_IU3,FI	: 	: 	: 	: 	: 	50.32 	: 	56.07 	60.14 	63.04 	65.65 	70.46 	70.91 	69.98 	77.40 	77.66 	77.82 	81.09 	80.59 	82.91 
A,I_IUSNET,PC_IND_IU3,FI1	: 	: 	: 	: 	: 	50.32 	: 	56.07 	60.14 	63.04 	65.65 	70.46 	70.91 	69.98 	77.40 	77.66 	77.82 	81.09 	80.59 	82.91 
A,I_IUSNET,PC_IND_IU3,FI19	: 	: 	: 	: 	: 	50.54 	: 	52.56 	57.32 	61.05 	58.95 	68.09 	67.07 	68.54 	77.65 	77.74 	76.84 	78.23 	78.32 	83.45 
A,I_IUSNET,PC_IND_IU3,FI1B	: 	: 	: 	: 	: 	: 	: 	65.89 	67.69 	68.85 	73.29 	74.56 	77.35 	76.42 	82.51 	80.64 	85.43 	84.06 	85.25 	84.72 
A,I_IUSNET,PC_IND_IU3,FI1C	: 	: 	: 	: 	: 	: 	: 	50.24 	54.91 	63.69 	65.76 	68.29 	67.64 	66.50 	76.13 	76.14 	75.06 	83.29 	79.33 	82.84 
A,I_IUSNET,PC_IND_IU3,FI1D	: 	: 	: 	: 	: 	45.08 	: 	52.54 	57.94 	56.46 	62.20 	69.27 	69.15 	65.60 	70.95 	74.82 	70.62 	78.00 	77.46 	79.63 
A,I_IUSNET,PC_IND_IU3,FR	: 	: 	: 	: 	: 	45.68 	: 	46.09 	46.01 	44.54 	46.55 	49.46 	47.55 	47.35 	: 	48.96 	49.11 	47.82 	: @C	74.50 b
A,I_IUSNET,PC_IND_IU3,FR1	: 	: 	: 	: 	: 	50.30 	: 	51.00 	48.29 	46.56 	48.39 	53.72 	49.22 	47.20 	: 	50.00 	49.78 	49.45 	: @C	74.77 bu
A,I_IUSNET,PC_IND_IU3,FR10	: 	: 	: 	: 	: 	: 	: 	: 	48.29 	46.56 	48.39 	53.72 	49.22 	47.20 	: 	50.00 	49.78 	49.45 	: @C	74.77 bu
A,I_IUSNET,PC_IND_IU3,FRB	: 	: 	: 	: 	: 	: 	: 	: 	51.43 	39.53 	43.55 	46.25 	43.34 	47.65 	: 	43.90 	46.01 	44.56 	: @C	77.03 bu
A,I_IUSNET,PC_IND_IU3,FRB0	: 	: 	: 	: 	: 	: 	: 	: 	51.43 	39.53 	43.55 	46.25 	43.34 	47.65 	: 	43.90 	46.01 	44.56 	: @C	77.03 bu
A,I_IUSNET,PC_IND_IU3,FRC	: 	: 	: 	: 	: 	: 	: 	: 	45.81 	53.53 	41.21 	49.04 	50.47 	44.17 	: 	50.03 	48.83 	48.96 	: @C	69.02 bu
A,I_IUSNET,PC_IND_IU3,FRC1	: 	: 	: 	: 	: 	: 	: 	: 	47.52 	52.72 	37.76 	47.90 	49.91 	44.81 	: 	49.35 	52.50 	44.35 	: @C	71.27 bu
A,I_IUSNET,PC_IND_IU3,FRC2	: 	: 	: 	: 	: 	: 	: 	: 	43.45 	54.57 	46.24 	50.67 	51.26 	43.25 	: 	50.79 	44.18 	54.38 	: @C	65.85 bu
A,I_IUSNET,PC_IND_IU3,FRD	: 	: 	: 	: 	: 	: 	: 	: 	45.23 	42.76 	48.71 	48.31 	51.83 	47.79 	: 	47.76 	51.37 	49.79 	: @C	76.05 bu
A,I_IUSNET,PC_IND_IU3,FRD1	: 	: 	: 	: 	: 	: 	: 	: 	48.86 	38.74 	47.02 	46.39 	49.12 	43.08 	: 	45.96 	52.50 	56.04 	: @C	75.34 bu
A,I_IUSNET,PC_IND_IU3,FRD2	: 	: 	: 	: 	: 	: 	: 	: 	42.91 	45.57 	50.00 	49.76 	53.68 	52.06 	: 	49.06 	50.47 	43.60 	: @C	76.64 bu
A,I_IUSNET,PC_IND_IU3,FRE	: 	: 	: 	: 	: 	: 	: 	: 	52.47 	46.03 	55.13 	51.04 	53.35 	51.77 	: 	56.19 	50.71 	51.38 	: @C	79.75 bu
A,I_IUSNET,PC_IND_IU3,FRE1	: 	: 	: 	: 	: 	: 	: 	: 	55.28 	47.86 	54.34 	49.98 	55.58 	55.02 	: 	55.31 	53.51 	53.43 	: @C	82.70 bu
A,I_IUSNET,PC_IND_IU3,FRE2	: 	: 	: 	: 	: 	: 	: 	: 	46.89 	42.40 	56.58 	52.93 	48.86 	45.77 	: 	57.95 	44.85 	46.62 	: @C	73.72 bu
A,I_IUSNET,PC_IND_IU3,FRF	: 	: 	: 	: 	: 	: 	: 	: 	47.22 	49.37 	46.77 	49.66 	48.70 	46.95 	: 	48.78 	49.24 	48.72 	: @C	73.95 bu
A,I_IUSNET,PC_IND_IU3,FRF1	: 	: 	: 	: 	: 	: 	: 	: 	44.51 	50.28 	47.32 	44.77 	37.55 	51.76 	: 	50.77 	44.59 	50.53 	: @C	73.83 bu
A,I_IUSNET,PC_IND_IU3,FRF2	: 	: 	: 	: 	: 	: 	: 	: 	50.40 	51.96 	46.87 	52.15 	61.33 	39.91 	: 	49.60 	50.76 	56.01 	: @C	74.42 bu
A,I_IUSNET,PC_IND_IU3,FRF3	: 	: 	: 	: 	: 	: 	: 	: 	47.78 	47.28 	46.30 	52.20 	49.33 	47.08 	: 	46.55 	52.52 	43.12 	: @C	73.81 bu
A,I_IUSNET,PC_IND_IU3,FRG	: 	: 	: 	: 	: 	: 	: 	: 	46.13 	40.79 	46.10 	46.12 	42.71 	50.05 	: 	46.79 	48.90 	44.38 	: @C	77.00 bu
A,I_IUSNET,PC_IND_IU3,FRG0	: 	: 	: 	: 	: 	: 	: 	: 	46.13 	40.79 	46.10 	46.12 	42.71 	50.05 	: 	46.79 	48.90 	44.38 	: @C	77.00 bu
A,I_IUSNET,PC_IND_IU3,FRH	: 	: 	: 	: 	: 	: 	: 	: 	41.03 	43.70 	44.55 	53.58 	44.21 	44.67 	: 	46.42 	47.99 	41.16 	: @C	73.03 bu
A,I_IUSNET,PC_IND_IU3,FRH0	: 	: 	: 	: 	: 	: 	: 	: 	41.03 	43.70 	44.55 	53.58 	44.21 	44.67 	: 	46.42 	47.99 	41.16 	: @C	73.03 bu
A,I_IUSNET,PC_IND_IU3,FRI	: 	: 	: 	: 	: 	: 	: 	: 	44.39 	44.24 	46.10 	49.69 	44.51 	45.59 	: 	49.00 	49.34 	50.09 	: @C	73.61 bu
A,I_IUSNET,PC_IND_IU3,FRI1	: 	: 	: 	: 	: 	: 	: 	: 	47.45 	47.23 	47.45 	52.42 	43.77 	47.18 	: 	50.35 	47.73 	49.27 	: @C	74.93 bu
A,I_IUSNET,PC_IND_IU3,FRI2	: 	: 	: 	: 	: 	: 	: 	: 	35.06 	37.17 	34.95 	43.63 	54.39 	48.66 	: 	43.94 	45.45 	49.79 	: @C	70.12 bu
A,I_IUSNET,PC_IND_IU3,FRI3	: 	: 	: 	: 	: 	: 	: 	: 	41.90 	40.94 	48.10 	46.49 	41.53 	41.17 	: 	48.60 	53.83 	51.93 	: @C	72.60 bu
A,I_IUSNET,PC_IND_IU3,FRJ	: 	: 	: 	: 	: 	: 	: 	: 	44.55 	40.55 	41.02 	46.47 	43.37 	45.54 	: 	48.04 	48.70 	45.86 	: @C	69.89 bu
A,I_IUSNET,PC_IND_IU3,FRJ1	: 	: 	: 	: 	: 	: 	: 	: 	45.66 	39.00 	40.64 	46.74 	39.83 	44.47 	: 	47.79 	53.48 	47.76 	: @C	68.93 bu
A,I_IUSNET,PC_IND_IU3,FRJ2	: 	: 	: 	: 	: 	: 	: 	: 	43.43 	41.98 	41.34 	46.20 	46.56 	46.52 	: 	48.29 	44.59 	44.16 	: @C	70.77 bu
A,I_IUSNET,PC_IND_IU3,FRK	: 	: 	: 	: 	: 	43.86 	: 	39.96 	42.51 	40.80 	44.77 	46.34 	45.00 	50.17 	: 	47.78 	48.23 	47.26 	: @C	73.46 bu
A,I_IUSNET,PC_IND_IU3,FRK1	: 	: 	: 	: 	: 	: 	: 	: 	38.91 	39.32 	41.13 	50.61 	33.89 	47.96 	: 	45.07 	52.21 	47.15 	: @C	74.61 bu
A,I_IUSNET,PC_IND_IU3,FRK2	: 	: 	: 	: 	: 	: 	: 	: 	43.23 	41.09 	45.59 	45.43 	47.27 	50.56 	: 	48.27 	47.41 	47.28 	: @C	73.25 bu
A,I_IUSNET,PC_IND_IU3,FRL	: 	: 	: 	: 	: 	: 	: 	: 	39.56 	44.25 	46.02 	44.54 	49.93 	44.63 	: 	47.70 	48.39 	47.34 	: @C	76.06 bu
A,I_IUSNET,PC_IND_IU3,FRL0	: 	: 	: 	: 	: 	: 	: 	: 	39.56 	44.25 	46.02 	44.54 	49.93 	44.63 	: 	47.70 	48.39 	47.34 	: @C	76.06 bu
A,I_IUSNET,PC_IND_IU3,FRM	: 	: 	: 	: 	: 	: 	: 	: 	: u	: u	19.81 u	59.98 u	47.86 u	41.68 u	: 	63.12 u	51.45 u	65.38 u	: @C	78.17 bu
A,I_IUSNET,PC_IND_IU3,FRM0	: 	: 	: 	: 	: 	: 	: 	: 	: u	: u	19.81 u	59.98 u	47.86 u	41.68 u	: 	63.12 u	51.45 u	65.38 u	: @C	78.17 bu
A,I_IUSNET,PC_IND_IU3,FRY	: 	: 	: 	: 	: 	: 	: 	: 	: 	47.06 	46.48 	56.35 	51.03 	45.74 	: 	44.96 	48.14 	42.88 	: @C	73.91 bu
A,I_IUSNET,PC_IND_IU3,FRY1	: 	: 	: 	: 	: 	: 	: 	: 	: 	46.36 	48.95 	66.05 	44.50 	39.34 	: 	42.85 	42.37 	35.81 	: @C	72.89 bu
A,I_IUSNET,PC_IND_IU3,FRY2	: 	: 	: 	: 	: 	: 	: 	: 	: 	50.92 	44.75 	60.13 	37.71 	37.67 	: 	50.94 	46.94 	32.85 	: @C	69.53 bu
A,I_IUSNET,PC_IND_IU3,FRY3	: 	: 	: 	: 	: 	: 	: 	: 	: 	42.82 	47.22 	75.70 	54.82 	58.92 	: 	53.75 	51.66 	27.99 	: @C	70.48 bu
A,I_IUSNET,PC_IND_IU3,FRY4	: 	: 	: 	: 	: 	: 	: 	: 	: 	46.82 	45.79 	45.33 	58.55 	49.05 	: 	40.74 	50.49 	50.53 	: @C	76.85 bu
A,I_IUSNET,PC_IND_IU3,HR	: 	: 	: 	: 	: 	55.40 	: 	56.70 	58.98 	63.89 	69.31 	70.42 	71.63 	73.19 	72.99 	74.94 	73.28 	75.25 	72.93 	71.59 
A,I_IUSNET,PC_IND_IU3,HR0	: 	: 	: 	: 	: 	55.40 	: 	56.70 	58.98 	63.89 	69.31 	70.42 	71.63 	73.19 	72.99 	74.94 	73.28 	75.25 	72.93 	71.59 
A,I_IUSNET,PC_IND_IU3,HR03	: 	: 	: 	: 	: 	54.29 	: 	54.74 	59.78 	61.74 	64.79 	70.25 	72.11 	69.42 	68.12 	74.09 	77.19 	73.72 	70.60 	67.50 
A,I_IUSNET,PC_IND_IU3,HR04	: 	: 	: 	: 	: 	55.94 	: 	57.61 	58.58 	64.94 	71.35 	70.49 	71.38 	75.22 	75.46 	: 	: 	: 	: 	: 
A,I_IUSNET,PC_IND_IU3,HR05	: 	: 	: 	: 	: 	: 	: 	: 	: 	: 	: 	: 	: 	: 	: 	71.26 	67.21 	75.66 	72.10 	71.74 
A,I_IUSNET,PC_IND_IU3,HR06	: 	: 	: 	: 	: 	: 	: 	: 	: 	: 	: 	: 	: 	: 	: 	78.95 	80.40 	73.15 	74.73 	76.27 
A,I_IUSNET,PC_IND_IU3,HU	: 	: 	: 	: 	: 	75.41 	: 	77.93 	79.34 	83.40 	82.79 	84.13 	85.86 	85.67 	87.28 	87.13 	88.10 	88.92 	86.38 	84.76 
A,I_IUSNET,PC_IND_IU3,HU1	: 	: 	: 	: 	: 	74.02 	: 	76.93 	78.84 	83.26 	81.79 	81.07 	84.20 	84.22 	86.38 	86.59 	87.79 	88.85 	83.49 	84.08 
A,I_IUSNET,PC_IND_IU3,HU10	: 	: 	: 	: 	: 	74.02 	: 	76.93 	78.84 	83.26 	81.79 	81.07 	: 	: 	: 	: 	: 	: 	: 	: 
A,I_IUSNET,PC_IND_IU3,HU11	: 	: 	: 	: 	: 	: 	: 	: 	: 	: 	: 	: 	83.92 	84.57 	87.29 	87.48 	88.32 	88.58 	82.99 	84.67 
A,I_IUSNET,PC_IND_IU3,HU12	: 	: 	: 	: 	: 	: 	: 	: 	: 	: 	: 	: 	84.63 	83.74 	85.07 	85.42 	87.12 	89.20 	84.16 	83.31 
A,I_IUSNET,PC_IND_IU3,HU2	: 	: 	: 	: 	: 	77.09 	: 	76.85 	77.12 	81.67 	81.90 	83.95 	84.35 	83.80 	87.28 	86.80 	88.15 	89.08 	88.26 	84.77 
A,I_IUSNET,PC_IND_IU3,HU21	: 	: 	: 	: 	: 	78.67 	: 	79.21 	79.07 	83.50 	83.25 	84.19 	87.00 	86.08 	86.70 	88.66 	88.79 	87.84 	87.02 	86.33 
A,I_IUSNET,PC_IND_IU3,HU22	: 	: 	: 	: 	: 	75.30 	: 	74.02 	76.63 	85.45 	80.89 	83.52 	82.56 	80.97 	86.26 	85.50 	86.95 	89.09 	88.12 	82.62 
A,I_IUSNET,PC_IND_IU3,HU23	: 	: 	: 	: 	: 	77.10 	: 	77.07 	75.19 	75.19 	81.35 	84.08 	82.91 	83.93 	89.20 	85.95 	88.74 	90.68 	90.03 	85.27 
A,I_IUSNET,PC_IND_IU3,HU3	: 	: 	: 	: 	: 	75.27 	: 	79.73 	81.66 	84.99 	84.43 	87.09 	88.64 	88.50 	88.08 	87.90 	88.34 	88.86 	87.39 	85.36 
A,I_IUSNET,PC_IND_IU3,HU31	: 	: 	: 	: 	: 	74.78 	: 	77.30 	82.59 	86.08 	84.45 	86.90 	86.24 	88.67 	91.60 	86.99 	90.30 	88.94 	87.57 	85.23 
A,I_IUSNET,PC_IND_IU3,HU32	: 	: 	: 	: 	: 	76.32 	: 	80.87 	79.38 	82.40 	84.18 	86.71 	88.94 	89.33 	87.92 	87.41 	86.57 	86.45 	88.04 	85.02 
A,I_IUSNET,PC_IND_IU3,HU33	: 	: 	: 	: 	: 	74.57 	: 	80.62 	83.37 	86.90 	84.71 	87.66 	90.47 	87.38 	85.22 	89.30 	88.68 	91.57 	86.46 	85.87 
A,I_IUSNET,PC_IND_IU3,IE	: 	: 	: 	: 	: 	53.77 	: 	60.72 	63.29 	65.59 	70.45 	72.46 	73.14 	70.37 	66.52 	69.81 b	78.34 	75.11 	75.56 	80.07 
A,I_IUSNET,PC_IND_IU3,IE0	: 	: 	: 	: 	: 	53.77 	: 	60.72 	63.29 	65.59 	70.45 	72.46 	73.14 	70.37 	66.52 	69.81 b	78.34 	75.11 	75.56 	80.07 
A,I_IUSNET,PC_IND_IU3,IE01	: 	: 	: 	: 	: 	51.76 	: 	61.07 	64.13 	64.12 	67.73 	70.96 	: 	: 	: 	: 	: 	: 	: 	: 
A,I_IUSNET,PC_IND_IU3,IE02	: 	: 	: 	: 	: 	54.43 	: 	60.60 	63.02 	66.07 	71.28 	72.92 	: 	: 	: 	: 	: 	: 	: 	: 
A,I_IUSNET,PC_IND_IU3,IE04	: 	: 	: 	: 	: 	: 	: 	: 	: 	: 	: 	: 	74.61 	64.75 	62.80 	72.10 b	74.61 	78.31 	75.21 	79.67 
A,I_IUSNET,PC_IND_IU3,IE05	: 	: 	: 	: 	: 	: 	: 	: 	: 	: 	: 	: 	73.26 	72.74 	70.17 	64.95 b	75.81 	72.44 	76.15 	79.92 
A,I_IUSNET,PC_IND_IU3,IE06	: 	: 	: 	: 	: 	: 	: 	: 	: 	: 	: 	: 	72.32 	70.67 	65.33 	72.15 b	80.51 	75.75 	75.31 	80.38 
A,I_IUSNET,PC_IND_IU3,IS	: 	: 	: 	: 	: 	75.65 	: 	81.71 	84.28 	: 	: 	91.04 	91.77 	92.54 	94.31 	93.50 	: 	: 	: 	: 
A,I_IUSNET,PC_IND_IU3,IS0	: 	: 	: 	: 	: 	75.65 	: 	81.71 	84.28 	: 	: 	91.04 	91.77 	92.54 	94.31 	93.50 	: 	: 	: 	: 
A,I_IUSNET,PC_IND_IU3,IS00	: 	: 	: 	: 	: 	: 	: 	: 	: 	: 	: 	91.04 	91.77 	92.54 	94.31 	93.50 	: 	: 	: 	: 
A,I_IUSNET,PC_IND_IU3,IT	: 	: 	: 	: 	: 	48.37 	: 	54.11 	58.44 	58.03 	60.31 	61.10 	62.68 	55.97 	62.13 	61.52 	62.52 	61.05 	62.72 	62.42 
A,I_IUSNET,PC_IND_IU3,ITC	: 	: 	: 	: 	: 	45.53 	: 	49.77 	52.87 	53.32 	58.20 	57.90 	60.16 	54.00 	60.29 	60.03 	60.43 	60.88 	62.43 	62.51 
A,I_IUSNET,PC_IND_IU3,ITC1	: 	: 	: 	: 	: 	46.72 	: 	45.84 	54.44 	54.95 	57.42 	60.44 	60.34 	54.05 	60.93 	60.05 	61.72 	58.96 	62.14 	59.78 
A,I_IUSNET,PC_IND_IU3,ITC2	: 	: 	: 	: 	: 	45.43 	: 	45.45 	47.20 	55.15 	57.43 	56.02 	61.27 	49.17 	63.57 	58.30 	61.27 	55.21 	58.34 	57.75 
A,I_IUSNET,PC_IND_IU3,ITC3	: 	: 	: 	: 	: 	44.05 	: 	47.56 	50.80 	50.86 	53.70 	59.26 	59.50 	53.14 	63.94 	59.77 	58.97 	63.51 	60.88 	62.10 
A,I_IUSNET,PC_IND_IU3,ITC4	: 	: 	: 	: 	: 	45.24 	: 	51.74 	52.61 	53.00 	59.16 	56.65 	60.17 	54.16 	59.45 	60.08 	60.11 	61.36 	62.82 	63.77 
A,I_IUSNET,PC_IND_IU3,ITF	: 	: 	: 	: 	: 	52.92 	: 	60.49 	64.30 	60.99 	62.25 	64.18 	63.84 	59.02 	64.81 	63.19 	63.14 	61.20 	63.69 	62.39 
A,I_IUSNET,PC_IND_IU3,ITF1	: 	: 	: 	: 	: 	52.93 	: 	53.95 	62.35 	58.39 	59.10 	62.61 	70.89 	58.86 	60.67 	62.19 	65.94 	62.05 	63.42 	61.02 
A,I_IUSNET,PC_IND_IU3,ITF2	: 	: 	: 	: 	: 	53.23 	: 	58.44 	57.75 	67.60 	62.43 	62.97 	67.17 	51.95 	60.70 	63.32 	61.19 	60.93 	60.38 	58.38 
A,I_IUSNET,PC_IND_IU3,ITF3	: 	: 	: 	: 	: 	55.31 	: 	60.62 	66.51 	62.32 	63.88 	66.12 	62.87 	61.77 	66.68 	63.38 	65.81 	62.88 	65.39 	63.84 
A,I_IUSNET,PC_IND_IU3,ITF4	: 	: 	: 	: 	: 	51.56 	: 	62.98 	63.61 	60.49 	61.55 	61.26 	61.90 	57.72 	67.01 	65.27 	61.02 	59.74 	63.47 	64.17 
A,I_IUSNET,PC_IND_IU3,ITF5	: 	: 	: 	: 	: 	44.97 	: 	61.66 	62.35 	60.14 	63.33 	62.67 	64.60 	57.47 	59.59 	59.34 	60.35 	61.60 	62.86 	60.36 
A,I_IUSNET,PC_IND_IU3,ITF6	: 	: 	: 	: 	: 	50.63 	: 	60.05 	62.31 	59.28 	61.01 	66.30 	64.92 	55.03 	59.46 	60.15 	58.21 	58.41 	59.97 	56.12 
A,I_IUSNET,PC_IND_IU3,ITG	: 	: 	: 	: 	: 	52.49 	: 	57.38 	63.65 	64.23 	63.84 	65.62 	66.96 	57.09 	62.51 	61.19 	64.17 	58.95 	60.20 	63.11 
A,I_IUSNET,PC_IND_IU3,ITG1	: 	: 	: 	: 	: 	52.54 	: 	58.55 	64.39 	63.70 	64.04 	67.34 	67.21 	57.15 	62.36 	61.73 	65.83 	58.43 	59.57 	63.25 
A,I_IUSNET,PC_IND_IU3,ITG2	: 	: 	: 	: 	: 	52.38 	: 	54.62 	61.89 	65.56 	63.34 	60.97 	66.31 	56.92 	62.95 	59.75 	59.43 	60.41 	62.01 	62.72 
A,I_IUSNET,PC_IND_IU3,ITH	: 	: 	: 	: 	: 	43.73 	: 	51.96 	55.06 	54.54 	56.61 	59.03 	59.97 	52.11 	60.21 	59.75 	60.70 	61.80 	62.14 	61.43 
A,I_IUSNET,PC_IND_IU3,ITH1	: 	: 	: 	: 	: 	40.51 	: 	46.62 	53.72 	47.95 	54.66 	54.97 	55.44 	54.56 	59.19 	56.82 	65.67 	61.71 	61.04 	58.63 
A,I_IUSNET,PC_IND_IU3,ITH2	: 	: 	: 	: 	: 	39.72 	: 	48.18 	52.19 	47.75 	53.07 	54.18 	58.98 	50.96 	54.71 	59.06 	59.86 	57.17 	59.66 	59.45 
A,I_IUSNET,PC_IND_IU3,ITH3	: 	: 	: 	: 	: 	42.59 	: 	50.69 	55.91 	54.53 	56.60 	57.65 	58.50 	49.27 	60.39 	60.00 	59.13 	60.39 	61.94 	58.77 
A,I_IUSNET,PC_IND_IU3,ITH4	: 	: 	: 	: 	: 	43.28 	: 	51.36 	50.60 	56.37 	52.18 	56.14 	57.05 	53.41 	57.55 	58.14 	59.08 	59.20 	59.35 	59.84 
A,I_IUSNET,PC_IND_IU3,ITH5	: 	: 	: 	: 	: 	: 	: 	54.57 	55.92 	55.64 	58.57 	62.31 	62.97 	54.70 	61.48 	60.33 	62.37 	64.54 	63.54 	65.23 
A,I_IUSNET,PC_IND_IU3,ITI	: 	: 	: 	: 	: 	50.94 	: 	54.86 	61.40 	62.20 	63.26 	62.15 	65.51 	58.73 	63.56 	63.60 	65.79 	61.43 	63.96 	62.97 
A,I_IUSNET,PC_IND_IU3,ITI1	: 	: 	: 	: 	: 	46.47 	: 	54.03 	58.88 	62.89 	63.93 	61.54 	66.81 	59.91 	67.20 	64.73 	64.84 	61.73 	63.77 	63.14 
A,I_IUSNET,PC_IND_IU3,ITI2	: 	: 	: 	: 	: 	52.12 	: 	58.17 	65.39 	61.27 	60.09 	59.08 	66.20 	60.01 	61.58 	63.61 	67.11 	61.69 	61.31 	60.06 
A,I_IUSNET,PC_IND_IU3,ITI3	: 	: 	: 	: 	: 	: 	: 	53.38 	60.69 	59.65 	60.97 	63.46 	63.98 	57.72 	64.25 	63.18 	62.98 	61.77 	62.88 	61.31 
A,I_IUSNET,PC_IND_IU3,ITI4	: 	: 	: 	: 	: 	53.55 	: 	55.32 	62.60 	62.56 	63.89 	62.61 	64.96 	58.03 	61.41 	63.00 	66.95 	61.11 	64.74 	63.70 
A,I_IUSNET,PC_IND_IU3,LT	: 	: 	: 	: 	: 	56.62 	: 	63.69 	65.18 	64.82 	67.69 	68.99 	72.69 	74.25 	73.99 	74.99 	76.71 	77.34 	78.33 	78.69 
A,I_IUSNET,PC_IND_IU3,LT0	: 	: 	: 	: 	: 	56.62 	: 	63.69 	65.18 	64.82 	67.69 	68.99 	72.69 	74.25 	73.99 	74.99 	76.71 	77.34 	78.33 	78.69 
A,I_IUSNET,PC_IND_IU3,LT00	: 	: 	: 	: 	: 	56.62 	: 	63.69 	65.18 	64.82 	67.69 	68.99 	: 	: 	: 	: 	: 	: 	: 	: 
A,I_IUSNET,PC_IND_IU3,LT01	: 	: 	: 	: 	: 	: 	: 	: 	: 	: 	: 	: 	71.41 	79.39 	74.82 	76.90 	80.53 	75.50 	76.40 	78.92 
A,I_IUSNET,PC_IND_IU3,LT02	: 	: 	: 	: 	: 	: 	: 	: 	: 	: 	: 	: 	73.23 	72.11 	73.62 	74.16 	75.09 	78.17 	79.20 	78.58 
A,I_IUSNET,PC_IND_IU3,LU	: 	: 	: 	: 	: 	51.01 	: 	60.44 	63.90 	70.15 	68.77 	69.93 	66.07 b	64.83 	60.46 	62.79 	62.88 	62.97 	68.55 	67.91 
A,I_IUSNET,PC_IND_IU3,LU0	: 	: 	: 	: 	: 	51.01 	: 	60.44 	63.90 	70.15 	68.77 	69.93 	66.07 b	64.83 	60.46 	62.79 	62.88 	62.97 	68.55 	67.91 
A,I_IUSNET,PC_IND_IU3,LU00	: 	: 	: 	: 	: 	51.01 	: 	60.44 	63.90 	70.15 	68.77 	69.93 	66.07 b	64.83 	60.46 	62.79 	62.88 	62.97 	68.55 	67.91 
A,I_IUSNET,PC_IND_IU3,LV	: 	: 	: 	: 	: 	78.97 	: 	72.37 	69.55 	72.61 	71.48 b	73.66 	73.55 	75.07 	75.47 	76.41 	77.96 	79.33 	79.55 	83.87 
A,I_IUSNET,PC_IND_IU3,LV0	: 	: 	: 	: 	: 	78.97 	: 	72.37 	69.55 	72.61 	71.48 b	73.66 	73.55 	75.07 	75.47 	76.41 	77.96 	79.33 	79.55 	83.87 
A,I_IUSNET,PC_IND_IU3,LV00	: 	: 	: 	: 	: 	78.97 	: 	72.37 	69.55 	72.61 	71.48 b	73.66 	73.55 	75.07 	75.47 	76.41 	77.96 	79.33 	79.55 	83.87 
A,I_IUSNET,PC_IND_IU3,ME	: 	: 	: 	: 	: 	: 	: 	: 	: 	: 	: 	81.92 	84.43 	84.59 	86.81 	86.83 	87.64 	87.76 	88.70 	88.94 
A,I_IUSNET,PC_IND_IU3,ME0	: 	: 	: 	: 	: 	: 	: 	: 	: 	: 	: 	: 	: 	: 	: 	: 	: 	87.76 	88.70 	88.94 
A,I_IUSNET,PC_IND_IU3,MK	: 	: 	: 	: 	: 	: 	: 	84.55 	79.82 	83.61 	82.53 	83.63 	81.85 	83.97 	85.79 	85.12 	: 	: 	84.12 	84.57 
A,I_IUSNET,PC_IND_IU3,MK0	: 	: 	: 	: 	: 	: 	: 	84.55 	79.82 	83.61 	82.53 	83.63 	81.85 	83.97 	85.79 	85.12 	: 	: 	84.12 	84.57 
A,I_IUSNET,PC_IND_IU3,MK00	: 	: 	: 	: 	: 	: 	: 	84.55 	79.82 	83.61 	82.53 	83.63 	81.85 	83.97 	85.79 	: 	: 	: 	: 	: 
A,I_IUSNET,PC_IND_IU3,MT	: 	: 	: 	: 	: 	65.49 	: 	73.60 	72.14 	78.27 	82.03 	87.15 	85.24 	82.38 	83.45 	86.40 	82.74 	92.41 	82.14 	85.84 
A,I_IUSNET,PC_IND_IU3,MT0	: 	: 	: 	: 	: 	65.49 	: 	73.60 	72.14 	78.27 	82.03 	87.15 	85.24 	82.38 	83.45 	86.40 	82.74 	92.41 	82.14 	85.84 
A,I_IUSNET,PC_IND_IU3,MT00	: 	: 	: 	: 	: 	65.49 	: 	73.60 	72.14 	78.27 	82.03 	87.15 	85.24 	82.38 	83.45 	86.40 	82.74 	92.41 	82.14 	85.84 
A,I_IUSNET,PC_IND_IU3,NL	: 	: 	: 	: 	: 	49.98 	: 	58.58 	62.90 	63.73 	66.28 	69.82 	69.46 	69.66 	75.76 	77.55 	78.20 	77.28 	80.44 	81.44 
A,I_IUSNET,PC_IND_IU3,NL1	: 	: 	: 	: 	: 	48.17 	: 	56.07 	64.81 	63.83 	70.70 	70.30 	69.10 	71.28 	74.34 	78.00 	77.57 	76.77 	80.39 	79.97 
A,I_IUSNET,PC_IND_IU3,NL11	: 	: 	: 	: 	: 	51.39 	: 	58.21 	64.62 	68.84 	71.07 	69.19 	78.65 	72.69 	73.75 	76.42 	77.92 	80.14 	80.60 	79.07 
A,I_IUSNET,PC_IND_IU3,NL12	: 	: 	: 	: 	: 	45.32 	: 	57.48 	64.66 	60.38 	72.82 	70.87 	67.10 	68.97 	77.59 	77.42 	71.92 	78.46 	78.61 	77.39 
A,I_IUSNET,PC_IND_IU3,NL13	: 	: 	: 	: 	: 	47.82 	: 	51.88 	65.27 	62.18 	67.41 	70.93 	59.62 	72.68 	70.75 	80.69 	84.47 	70.38 	82.47 	84.49 
A,I_IUSNET,PC_IND_IU3,NL2	: 	: 	: 	: 	: 	48.24 	: 	55.27 	61.56 	63.69 	63.44 	70.33 	69.05 	69.65 	77.18 	75.26 	77.06 	77.23 	79.33 	79.98 
A,I_IUSNET,PC_IND_IU3,NL21	: 	: 	: 	: 	: 	46.60 	: 	61.21 	61.62 	71.54 	65.08 	72.83 	73.40 	74.36 	78.62 	75.53 	80.87 	77.60 	80.16 	80.22 
A,I_IUSNET,PC_IND_IU3,NL22	: 	: 	: 	: 	: 	47.87 	: 	50.92 	60.95 	60.62 	62.35 	70.19 	65.75 	66.77 	76.21 	75.85 	74.64 	75.55 	77.94 	80.19 
A,I_IUSNET,PC_IND_IU3,NL23	: 	: 	: 	: 	: 	55.16 	: 	60.17 	64.66 	56.94 	64.29 	64.44 	73.34 	70.95 	77.96 	71.73 	78.56 	84.13 	83.74 	78.38 
A,I_IUSNET,PC_IND_IU3,NL3	: 	: 	: 	: 	: 	52.81 	: 	60.43 	63.25 	64.76 	66.44 	70.49 	69.82 	69.49 	76.03 	78.21 	78.18 	78.05 	81.36 	82.19 
A,I_IUSNET,PC_IND_IU3,NL31	: 	: 	: 	: 	: 	55.36 	: 	62.19 	65.26 	65.36 	66.19 	70.16 	67.97 	71.19 	73.60 	77.17 	77.01 	79.59 	: 	: 
A,I_IUSNET,PC_IND_IU3,NL32	: 	: 	: 	: 	: 	55.23 	: 	59.28 	62.37 	64.28 	67.65 	73.50 	71.12 	70.30 	77.47 	78.99 	77.57 	78.03 	81.65 	83.03 
A,I_IUSNET,PC_IND_IU3,NL33	: 	: 	: 	: 	: 	51.07 	: 	60.25 	63.64 	64.99 	66.35 	68.62 	69.70 	68.76 	75.95 	78.59 	79.57 	78.30 	: 	: 
A,I_IUSNET,PC_IND_IU3,NL34	: 	: 	: 	: 	: 	43.21 	: 	64.76 	59.07 	64.09 	58.93 	66.68 	67.33 	64.12 	74.34 	72.61 	73.76 	69.95 	78.85 	83.17 
A,I_IUSNET,PC_IND_IU3,NL35	: 	: 	: 	: 	: 	: 	: 	: 	: 	: 	: 	: 	: 	: 	: 	: 	: 	: 	79.32 	78.50 
A,I_IUSNET,PC_IND_IU3,NL36	: 	: 	: 	: 	: 	: 	: 	: 	: 	: 	: 	: 	: 	: 	: 	: 	: 	: 	82.12 	82.76 
A,I_IUSNET,PC_IND_IU3,NL4	: 	: 	: 	: 	: 	46.29 	: 	58.84 	62.53 	61.48 	66.66 	67.60 	69.22 	69.31 	74.38 	78.10 	79.68 	75.79 	79.49 	81.89 
A,I_IUSNET,PC_IND_IU3,NL41	: 	: 	: 	: 	: 	45.71 	: 	57.99 	64.62 	61.60 	67.40 	66.73 	69.89 	69.29 	74.69 	78.84 	79.65 	76.32 	80.07 	81.01 
A,I_IUSNET,PC_IND_IU3,NL42	: 	: 	: 	: 	: 	47.45 	: 	60.64 	57.97 	61.20 	65.05 	69.58 	67.69 	69.35 	73.68 	76.39 	79.74 	74.56 	78.13 	83.96 
A,I_IUSNET,PC_IND_IU3,NO	: 	: 	: 	: 	: 	63.06 	: 	71.10 	73.38 	75.63 	78.27 	84.65 	84.00 	87.72 	89.97 	88.80 	89.93 	90.25 	91.44 	90.00 
A,I_IUSNET,PC_IND_IU3,NO0	: 	: 	: 	: 	: 	63.06 	: 	71.10 	73.38 	75.63 	78.27 	84.65 	84.00 	87.72 	89.97 	88.80 	89.93 	90.25 	91.44 	90.00 
A,I_IUSNET,PC_IND_IU3,NO01	: 	: 	: 	: 	: 	66.38 	: 	74.94 	78.56 	77.97 	80.27 	90.11 	84.35 	88.92 	90.51 	: 	: 	: 	: 	: 
A,I_IUSNET,PC_IND_IU3,NO02	: 	: 	: 	: 	: 	56.70 	: 	61.21 	63.41 	65.98 	69.97 	78.89 	84.26 	79.80 	82.52 	90.99 	87.44 	90.83 	91.02 	86.97 
A,I_IUSNET,PC_IND_IU3,NO03	: 	: 	: 	: 	: 	57.35 	: 	73.65 	69.17 	73.17 	73.78 	79.50 	77.72 	87.45 	87.90 	: 	: 	: 	: 	: 
A,I_IUSNET,PC_IND_IU3,NO04	: 	: 	: 	: 	: 	61.36 	: 	73.56 	73.63 	74.17 	78.32 	82.81 	84.54 	87.47 	86.93 	: 	: 	: 	: 	: 
A,I_IUSNET,PC_IND_IU3,NO05	: 	: 	: 	: 	: 	65.38 	: 	67.14 	75.81 	75.65 	78.31 	86.28 	84.71 	90.89 	91.97 	: 	: 	: 	: 	: 
A,I_IUSNET,PC_IND_IU3,NO06	: 	: 	: 	: 	: 	69.27 	: 	74.21 	69.29 	78.91 	85.67 	84.46 	89.17 	86.69 	95.30 	90.28 	89.12 	88.80 	92.59 	92.10 
A,I_IUSNET,PC_IND_IU3,NO07	: 	: 	: 	: 	: 	60.22 	: 	65.57 	72.73 	82.20 	81.88 	83.81 	89.24 	85.26 	93.67 	90.25 	92.13 	91.81 	92.78 	90.90 
A,I_IUSNET,PC_IND_IU3,NO08	: 	: 	: 	: 	: 	: 	: 	: 	: 	: 	: 	: 	: 	: 	: 	90.87 	91.25 	90.17 	91.40 	91.12 
A,I_IUSNET,PC_IND_IU3,NO09	: 	: 	: 	: 	: 	: 	: 	: 	: 	: 	: 	: 	: 	: 	: 	84.99 	87.81 	87.37 	89.72 	87.51 
A,I_IUSNET,PC_IND_IU3,NO0A	: 	: 	: 	: 	: 	: 	: 	: 	: 	: 	: 	: 	: 	: 	: 	85.76 	89.40 	91.82 	91.67 	92.74 
A,I_IUSNET,PC_IND_IU3,PL	: 	: 	: 	: 	: 	57.56 	: 	56.16 	55.26 	60.88 	60.30 	63.19 	64.31 	65.94 	65.86 	66.51 	69.71 	72.09 	68.83 	70.57 
A,I_IUSNET,PC_IND_IU3,PL1	: 	: 	: 	: 	: 	53.84 	: 	53.54 	54.15 	59.69 	60.17 	61.70 	: 	: 	: 	: 	: 	: 	: 	: 
A,I_IUSNET,PC_IND_IU3,PL2	: 	: 	: 	: 	: 	59.10 	: 	56.28 	53.03 	57.13 	59.73 	64.22 	64.53 	63.45 	64.48 	66.11 	68.81 	73.51 	71.92 	68.34 
A,I_IUSNET,PC_IND_IU3,PL21	: 	: 	: 	: 	: 	: 	: 	: 	: 	: 	: 	: 	: 	: 	: 	: 	: 	76.35 	67.88 	67.30 
A,I_IUSNET,PC_IND_IU3,PL22	: 	: 	: 	: 	: 	: 	: 	: 	: 	: 	: 	: 	: 	: 	: 	: 	: 	71.25 	74.57 	69.23 
A,I_IUSNET,PC_IND_IU3,PL3	: 	: 	: 	: 	: 	57.25 	: 	54.21 	53.79 	61.39 	58.80 	60.33 	: 	: 	: 	: 	: 	: 	: 	: 
A,I_IUSNET,PC_IND_IU3,PL4	: 	: 	: 	: 	: 	59.26 	: 	58.71 	56.45 	63.39 	63.94 	67.55 	66.61 	68.75 	67.30 	68.05 	68.16 	74.82 	68.63 	70.17 
A,I_IUSNET,PC_IND_IU3,PL41	: 	: 	: 	: 	: 	: 	: 	: 	: 	: 	: 	: 	: 	: 	: 	: 	: 	73.04 	71.15 	71.90 
A,I_IUSNET,PC_IND_IU3,PL42	: 	: 	: 	: 	: 	: 	: 	: 	: 	: 	: 	: 	: 	: 	: 	: 	: 	77.98 	66.92 	71.48 
A,I_IUSNET,PC_IND_IU3,PL43	: 	: 	: 	: 	: 	: 	: 	: 	: 	: 	: 	: 	: 	: 	: 	: 	: 	78.14 	63.63 	64.65 
A,I_IUSNET,PC_IND_IU3,PL5	: 	: 	: 	: 	: 	58.43 	: 	57.44 	57.94 	59.36 	59.28 	64.44 	61.82 	64.12 	65.52 	67.53 	67.32 	67.19 	65.99 	73.39 
A,I_IUSNET,PC_IND_IU3,PL51	: 	: 	: 	: 	: 	: 	: 	: 	: 	: 	: 	: 	: 	: 	: 	: 	: 	67.95 	66.66 	74.41 
A,I_IUSNET,PC_IND_IU3,PL52	: 	: 	: 	: 	: 	: 	: 	: 	: 	: 	: 	: 	: 	: 	: 	: 	: 	63.98 	62.82 	69.76 
A,I_IUSNET,PC_IND_IU3,PL6	: 	: 	: 	: 	: 	59.31 	: 	59.10 	58.90 	65.96 	60.27 	62.42 	66.78 	67.60 	62.32 	65.57 	68.86 	72.42 	69.16 	70.76 
A,I_IUSNET,PC_IND_IU3,PL61	: 	: 	: 	: 	: 	: 	: 	: 	: 	: 	: 	: 	: 	: 	: 	: 	: 	76.78 	71.19 	75.36 
A,I_IUSNET,PC_IND_IU3,PL62	: 	: 	: 	: 	: 	: 	: 	: 	: 	: 	: 	: 	: 	: 	: 	: 	: 	67.85 	67.42 	76.79 
A,I_IUSNET,PC_IND_IU3,PL63	: 	: 	: 	: 	: 	: 	: 	: 	: 	: 	: 	: 	: 	: 	: 	: 	: 	71.58 	67.73 	63.08 
A,I_IUSNET,PC_IND_IU3,PL7	: 	: 	: 	: 	: 	: 	: 	: 	: 	: 	: 	: 	62.34 	65.06 	62.60 	68.32 	68.11 	69.75 	66.57 	70.27 
A,I_IUSNET,PC_IND_IU3,PL71	: 	: 	: 	: 	: 	: 	: 	: 	: 	: 	: 	: 	: 	: 	: 	: 	: 	70.10 	66.84 	74.32 
A,I_IUSNET,PC_IND_IU3,PL72	: 	: 	: 	: 	: 	: 	: 	: 	: 	: 	: 	: 	: 	: 	: 	: 	: 	69.22 	66.07 	63.75 
A,I_IUSNET,PC_IND_IU3,PL8	: 	: 	: 	: 	: 	: 	: 	: 	: 	: 	: 	: 	60.37 	64.40 	65.01 	61.14 	70.81 	67.87 	64.82 	65.89 
A,I_IUSNET,PC_IND_IU3,PL81	: 	: 	: 	: 	: 	: 	: 	: 	: 	: 	: 	: 	: 	: 	: 	: 	: 	68.51 	68.39 	68.60 
A,I_IUSNET,PC_IND_IU3,PL82	: 	: 	: 	: 	: 	: 	: 	: 	: 	: 	: 	: 	: 	: 	: 	: 	: 	70.03 	60.08 	64.72 
A,I_IUSNET,PC_IND_IU3,PL84	: 	: 	: 	: 	: 	: 	: 	: 	: 	: 	: 	: 	: 	: 	: 	: 	: 	62.07 	66.74 	62.48 
A,I_IUSNET,PC_IND_IU3,PL9	: 	: 	: 	: 	: 	: 	: 	: 	: 	: 	: 	: 	65.44 	67.28 	72.26 	70.08 	75.00 	75.60 	71.81 	77.03 
A,I_IUSNET,PC_IND_IU3,PL91	: 	: 	: 	: 	: 	: 	: 	: 	: 	: 	: 	: 	: 	: 	: 	: 	: 	76.32 	68.92 	75.37 
A,I_IUSNET,PC_IND_IU3,PL92	: 	: 	: 	: 	: 	: 	: 	: 	: 	: 	: 	: 	: 	: 	: 	: 	: 	74.76 	74.32 	78.19 
A,I_IUSNET,PC_IND_IU3,PT	: 	: 	: 	: 	: 	57.03 	: 	70.34 	72.39 	70.02 	74.08 	76.06 	79.26 	80.16 	80.17 	79.53 	78.96 	79.30 	79.64 	78.77 
A,I_IUSNET,PC_IND_IU3,PT1	: 	: 	: 	: 	: 	56.80 	: 	70.08 	72.00 	69.87 	73.83 	75.92 	79.19 	80.09 	80.01 	79.36 	78.87 	79.13 	79.66 	78.69 
A,I_IUSNET,PC_IND_IU3,PT11	: 	: 	: 	: 	: 	53.24 	: 	67.24 	68.38 	67.87 	71.11 	73.80 	77.62 	82.10 	80.82 	79.78 	80.44 	77.97 	81.31 	79.34 
A,I_IUSNET,PC_IND_IU3,PT15	: 	: 	: 	: 	: 	65.97 	: 	75.18 	73.97 	75.77 	74.27 	78.73 	81.49 	79.82 	74.17 	79.70 	77.67 	81.36 	80.07 	75.78 
A,I_IUSNET,PC_IND_IU3,PT16	: 	: 	: 	: 	: 	60.64 	: 	71.91 	75.14 	69.85 	74.58 	75.00 	79.14 	79.42 	82.60 	82.58 	78.80 	79.54 	: 	: 
A,I_IUSNET,PC_IND_IU3,PT17	: 	: 	: 	: 	: 	56.43 	: 	71.99 	72.53 	71.55 	76.19 	77.74 	79.59 	78.49 	77.80 	77.52 	78.17 	79.15 	: 	: 
A,I_IUSNET,PC_IND_IU3,PT18	: 	: 	: 	: 	: 	58.33 	: 	65.48 	76.67 	68.16 	73.68 	79.31 	84.08 	79.90 	81.54 	74.90 	74.82 	82.36 	: 	: 
A,I_IUSNET,PC_IND_IU3,PT19	: 	: 	: 	: 	: 	: 	: 	: 	: 	: 	: 	: 	: 	: 	: 	: 	: 	: 	76.92 	77.45 
A,I_IUSNET,PC_IND_IU3,PT1A	: 	: 	: 	: 	: 	: 	: 	: 	: 	: 	: 	: 	: 	: 	: 	: 	: 	: 	79.61 	78.85 
A,I_IUSNET,PC_IND_IU3,PT1B	: 	: 	: 	: 	: 	: 	: 	: 	: 	: 	: 	: 	: 	: 	: 	: 	: 	: 	77.08 	77.25 
A,I_IUSNET,PC_IND_IU3,PT1C	: 	: 	: 	: 	: 	: 	: 	: 	: 	: 	: 	: 	: 	: 	: 	: 	: 	: 	81.36 	77.60 
A,I_IUSNET,PC_IND_IU3,PT1D	: 	: 	: 	: 	: 	: 	: 	: 	: 	: 	: 	: 	: 	: 	: 	: 	: 	: 	79.57 	81.66 
A,I_IUSNET,PC_IND_IU3,PT2	: 	: 	: 	: 	: 	59.68 	: 	74.18 	79.97 	73.85 	78.08 	80.33 	79.41 	81.12 	82.16 	78.14 	77.81 	81.74 	80.63 	83.35 
A,I_IUSNET,PC_IND_IU3,PT20	: 	: 	: 	: 	: 	59.68 	: 	74.18 	79.97 	73.85 	78.08 	80.33 	79.41 	81.12 	82.16 	78.14 	77.81 	81.74 	80.63 	83.35 
A,I_IUSNET,PC_IND_IU3,PT3	: 	: 	: 	: 	: 	64.53 	: 	76.51 	79.42 	72.00 	79.51 	77.16 	81.73 	81.98 	84.25 	86.72 	83.45 	83.07 	78.06 	77.58 
A,I_IUSNET,PC_IND_IU3,PT30	: 	: 	: 	: 	: 	64.53 	: 	76.51 	79.42 	72.00 	79.51 	77.16 	81.73 	81.98 	84.25 	86.72 	83.45 	83.07 	78.06 	77.58 
A,I_IUSNET,PC_IND_IU3,RO	: 	: 	: 	: 	: 	62.65 	: 	67.16 	67.03 b	78.27 	74.43 	81.88 	85.97 	81.70 	82.65 	82.01 	80.72 	84.35 	82.03 	85.42 
A,I_IUSNET,PC_IND_IU3,RO1	: 	: 	: 	: 	: 	69.32 	: 	72.28 	75.78 b	82.49 	80.29 	83.61 	84.77 	81.41 	81.74 	81.51 	80.24 	84.06 	83.64 	84.83 
A,I_IUSNET,PC_IND_IU3,RO11	: 	: 	: 	: 	: 	68.25 	: 	68.18 	73.96 b	82.53 	79.45 	83.37 	83.94 	82.75 	80.31 	83.57 	82.29 	85.56 	84.06 	84.73 
A,I_IUSNET,PC_IND_IU3,RO12	: 	: 	: 	: 	: 	70.44 	: 	76.88 	77.74 b	82.44 	81.20 	83.90 	85.79 	79.69 	83.49 	79.14 	77.89 	82.33 	83.17 	84.94 
A,I_IUSNET,PC_IND_IU3,RO2	: 	: 	: 	: 	: 	61.53 	: 	69.37 	67.02 b	79.58 	78.12 	82.31 	86.79 	80.31 	81.25 	81.93 	82.28 	81.17 	82.83 	87.54 
A,I_IUSNET,PC_IND_IU3,RO21	: 	: 	: 	: 	: 	64.50 	: 	68.10 	61.98 b	81.57 	78.11 	82.17 	85.95 	81.67 	81.34 	84.21 	84.28 	86.43 	83.07 	88.94 
A,I_IUSNET,PC_IND_IU3,RO22	: 	: 	: 	: 	: 	57.71 	: 	71.08 	73.52 b	76.86 	78.14 	82.49 	87.94 	78.42 	81.11 	78.75 	79.63 	73.83 	82.52 	85.59 
A,I_IUSNET,PC_IND_IU3,RO3	: 	: 	: 	: 	: 	64.64 	: 	59.73 	63.61 b	71.83 	68.30 	77.95 	85.86 	83.05 	81.75 	82.09 	83.05 	87.13 	81.69 	86.09 
A,I_IUSNET,PC_IND_IU3,RO31	: 	: 	: 	: 	: 	58.61 	: 	65.20 	62.53 b	76.45 	70.61 	83.29 	85.12 	84.49 	81.75 	84.77 	83.17 	86.14 	87.39 	87.41 
A,I_IUSNET,PC_IND_IU3,RO32	: 	: 	: 	: 	: 	70.09 	: 	55.00 	64.46 b	67.72 	66.27 	72.74 	86.56 	81.43 	81.75 	79.03 	82.94 	88.25 	75.05 	84.59 
A,I_IUSNET,PC_IND_IU3,RO4	: 	: 	: 	: 	: 	53.11 	: 	68.35 	60.97 b	80.66 	70.60 	84.87 	86.66 	82.14 	86.80 	82.69 	75.60 	85.55 	79.15 	81.99 
A,I_IUSNET,PC_IND_IU3,RO41	: 	: 	: 	: 	: 	50.03 	: 	68.21 	65.08 b	79.43 	71.24 	79.13 	86.66 	78.85 	81.68 	77.04 	73.99 	85.04 	77.96 	83.96 
A,I_IUSNET,PC_IND_IU3,RO42	: 	: 	: 	: 	: 	56.00 	: 	68.50 	58.16 b	81.75 	69.93 	90.17 	86.67 	85.38 	91.14 	88.24 	77.25 	86.09 	80.31 	79.85 
A,I_IUSNET,PC_IND_IU3,RS	: 	: 	: 	: 	: 	: 	: 	: 	: 	75.51 	: 	67.80 	70.30 	70.81 	72.65 	74.31 	81.86 	82.29 	81.41 	84.72 
A,I_IUSNET,PC_IND_IU3,RS1	: 	: 	: 	: 	: 	: 	: 	: 	: 	: 	: 	: 	: 	69.43 	66.92 	76.49 	81.52 	82.99 	80.12 	85.14 
A,I_IUSNET,PC_IND_IU3,RS11	: 	: 	: 	: 	: 	: 	: 	: 	: 	: 	: 	: 	: 	67.16 	71.72 	75.69 	81.72 	85.36 	78.05 	84.42 
A,I_IUSNET,PC_IND_IU3,RS12	: 	: 	: 	: 	: 	: 	: 	: 	: 	: 	: 	: 	: 	71.22 	62.27 	77.05 	81.33 	80.95 	81.90 	85.87 
A,I_IUSNET,PC_IND_IU3,RS2	: 	: 	: 	: 	: 	: 	: 	: 	: 	: 	: 	: 	: 	72.21 	77.83 	72.36 	82.16 	81.58 	82.88 	84.26 
A,I_IUSNET,PC_IND_IU3,RS21	: 	: 	: 	: 	: 	: 	: 	: 	: 	: 	: 	: 	: 	69.17 	76.14 	72.40 	83.83 	85.82 	84.47 	78.96 
A,I_IUSNET,PC_IND_IU3,RS22	: 	: 	: 	: 	: 	: 	: 	: 	: 	: 	: 	: 	: 	76.05 	80.24 	72.31 	79.44 	76.45 	80.73 	90.73 
A,I_IUSNET,PC_IND_IU3,SE	: 	: 	: 	: 	: 	57.74 	: 	59.84 	70.45 	68.95 	75.19 b	73.56 	76.41 	74.03 	75.10 	73.90 	73.42 	75.24 	74.56 	76.05 
A,I_IUSNET,PC_IND_IU3,SE1	: 	: 	: 	: 	: 	59.86 	: 	63.09 	73.46 	68.48 	77.87 b	74.67 	78.32 	73.12 	75.80 	76.32 	73.64 	76.01 	75.46 	76.75 
A,I_IUSNET,PC_IND_IU3,SE11	: 	: 	: 	: 	: 	59.16 	: 	63.19 	76.19 	65.81 	80.66 b	76.95 	77.27 	75.30 	76.85 	76.99 	74.72 	79.42 	77.70 	77.74 
A,I_IUSNET,PC_IND_IU3,SE12	: 	: 	: 	: 	: 	60.85 	: 	62.95 	69.85 	72.09 	74.47 b	72.20 	79.71 	69.63 	74.36 	75.36 	72.23 	71.40 	72.28 	75.45 
A,I_IUSNET,PC_IND_IU3,SE2	: 	: 	: 	: 	: 	55.36 	: 	57.51 	69.87 	67.97 	75.40 b	73.64 	75.26 	73.83 	74.22 	73.32 	74.61 	74.77 	74.97 	75.36 
A,I_IUSNET,PC_IND_IU3,SE21	: 	: 	: 	: 	: 	54.96 	: 	55.54 	70.85 	63.89 	69.85 b	67.44 	79.93 	69.55 	71.00 	65.53 	71.99 	69.15 	75.42 	73.07 
A,I_IUSNET,PC_IND_IU3,SE22	: 	: 	: 	: 	: 	55.79 	: 	55.48 	66.31 	67.91 	75.66 b	75.20 	74.68 	75.73 	79.02 	77.64 	76.53 	75.90 	74.52 	76.93 
A,I_IUSNET,PC_IND_IU3,SE23	: 	: 	: 	: 	: 	55.25 	: 	59.64 	71.73 	69.66 	77.46 b	75.64 	73.54 	74.22 	72.57 	73.32 	74.45 	76.41 	75.07 	75.38 
A,I_IUSNET,PC_IND_IU3,SE3	: 	: 	: 	: 	: 	58.83 	: 	58.59 	65.50 	72.45 	67.89 b	70.44 	74.55 	76.80 	75.62 	69.64 	69.36 	74.73 	71.32 	76.08 
A,I_IUSNET,PC_IND_IU3,SE31	: 	: 	: 	: 	: 	60.44 	: 	56.77 	66.65 	70.20 	71.16 b	67.02 	73.46 	80.27 	73.78 	71.72 	70.62 	76.25 	72.44 	75.28 
A,I_IUSNET,PC_IND_IU3,SE32	: 	: 	: 	: 	: 	55.13 	: 	58.00 u	62.78 	72.67 	61.22 bu	86.80 u	81.05 u	62.30 u	75.14 	74.12 	67.04 	74.71 	73.76 	77.06 
A,I_IUSNET,PC_IND_IU3,SE33	: 	: 	: 	: 	: 	58.58 	: 	61.89 	66.21 u	75.91 	68.21 b	63.38 	72.29 	81.18 	79.04 	63.27 	69.04 	72.32 	68.17 	76.60 
A,I_IUSNET,PC_IND_IU3,SI	: 	: 	: 	: 	: 	47.47 	: 	52.68 	58.41 	51.13 	50.74 	57.25 	61.21 	62.67 	77.45 	71.47 	70.91 	70.21 	71.13 	71.45 
A,I_IUSNET,PC_IND_IU3,SI0	: 	: 	: 	: 	: 	47.47 	: 	52.68 	58.41 	51.13 	50.74 	57.25 	61.21 	62.67 	77.45 	71.47 	70.91 	70.21 	71.13 	71.45 
A,I_IUSNET,PC_IND_IU3,SI01	: 	: 	: 	: 	: 	: 	: 	: 	61.04 	: 	: 	: 	: 	: 	: 	: 	: 	: 	: 	: 
A,I_IUSNET,PC_IND_IU3,SI02	: 	: 	: 	: 	: 	: 	: 	: 	55.73 	: 	: 	: 	: 	: 	: 	: 	: 	: 	: 	: 
A,I_IUSNET,PC_IND_IU3,SI03	: 	: 	: 	: 	: 	: 	: 	: 	: 	48.39 	50.05 	59.06 	64.99 	64.08 	76.96 	72.26 	74.10 	73.90 	74.77 	72.22 
A,I_IUSNET,PC_IND_IU3,SI04	: 	: 	: 	: 	: 	: 	: 	: 	: 	53.81 	51.46 	55.35 	57.26 	61.23 	77.97 	70.66 	67.55 	66.38 	67.31 	70.65 
A,I_IUSNET,PC_IND_IU3,SK	: 	: 	: 	: 	: 	64.23 	: 	62.40 	62.98 	69.09 	70.82 	71.96 	74.38 	71.51 	71.72 	72.62 	64.76 	65.35 	63.79 	66.94 
A,I_IUSNET,PC_IND_IU3,SK0	: 	: 	: 	: 	: 	64.23 	: 	62.40 	62.98 	69.09 	70.82 	71.96 	74.38 	71.51 	71.72 	72.62 	64.76 	65.35 	63.79 	66.94 
A,I_IUSNET,PC_IND_IU3,SK01	: 	: 	: 	: 	: 	60.97 	: 	64.34 	61.49 	67.87 	63.80 	70.70 	77.36 	65.07 	69.18 	75.34 	64.72 	68.36 	67.33 	74.16 
A,I_IUSNET,PC_IND_IU3,SK02	: 	: 	: 	: 	: 	66.84 	: 	61.82 	64.05 	71.74 	71.85 	71.98 	74.20 	73.18 	73.55 	72.34 	62.67 	62.52 	63.57 	67.06 
A,I_IUSNET,PC_IND_IU3,SK03	: 	: 	: 	: 	: 	57.61 	: 	56.87 	55.65 	66.89 	70.80 	69.28 	69.06 	65.90 	71.94 	73.35 	64.50 	66.06 	59.76 	59.53 
A,I_IUSNET,PC_IND_IU3,SK04	: 	: 	: 	: 	: 	68.08 	: 	67.20 	68.32 	68.39 	72.36 	74.62 	77.95 	76.73 	70.47 	71.09 	67.46 	66.52 	65.83 	69.52 
A,I_IUSNET,PC_IND_IU3,TR	: 	: 	: 	: 	: 	: 	: 	73.16 	78.75 	80.37 	82.37 	83.70 	84.12 	81.35 	80.22 	73.80 	84.91 	86.76 	87.53 	89.54 
A,I_IUSNET,PC_IND_IU3,TR1	: 	: 	: 	: 	: 	: 	: 	80.02 	81.22 	83.04 	83.46 	86.21 	84.45 	84.40 	82.91 	73.34 	86.27 	88.73 	89.90 	93.37 
A,I_IUSNET,PC_IND_IU3,TR2	: 	: 	: 	: 	: 	: 	: 	77.14 	77.97 	82.40 	80.31 	85.03 	85.79 	84.15 	84.18 	75.31 	88.26 	82.22 	88.67 	90.63 
A,I_IUSNET,PC_IND_IU3,TR3	: 	: 	: 	: 	: 	: 	: 	48.08 	77.28 	82.30 	84.18 	84.97 	86.94 	83.68 	81.15 	79.03 	86.40 	86.41 	87.32 	89.67 
A,I_IUSNET,PC_IND_IU3,TR4	: 	: 	: 	: 	: 	: 	: 	77.95 	78.60 	79.03 	82.14 	85.41 	84.16 	84.22 	82.28 	76.51 	89.13 	91.13 	89.94 	91.92 
A,I_IUSNET,PC_IND_IU3,TR5	: 	: 	: 	: 	: 	: 	: 	71.27 	78.19 	76.37 	81.18 	80.97 	85.62 	80.77 	76.35 	74.46 	83.96 	87.39 	86.65 	89.57 
A,I_IUSNET,PC_IND_IU3,TR6	: 	: 	: 	: 	: 	: 	: 	75.73 	77.79 	80.38 	81.00 	81.81 	82.21 	76.17 	77.06 	71.79 	86.78 	88.67 	89.16 	82.73 
A,I_IUSNET,PC_IND_IU3,TR7	: 	: 	: 	: 	: 	: 	: 	78.29 	76.46 	80.15 	81.20 	81.64 	83.26 	77.16 	78.15 	68.70 	82.02 	84.88 	89.34 	88.31 
A,I_IUSNET,PC_IND_IU3,TR8	: 	: 	: 	: 	: 	: 	: 	73.98 	79.06 	80.21 	80.19 	85.14 	83.51 	78.61 	83.10 	74.77 	82.36 	84.49 	86.24 	89.86 
A,I_IUSNET,PC_IND_IU3,TR9	: 	: 	: 	: 	: 	: 	: 	86.31 	82.82 	90.67 	88.15 	90.47 	88.96 	89.97 	85.95 	79.92 	86.19 	87.86 	84.69 	87.40 
A,I_IUSNET,PC_IND_IU3,TRA	: 	: 	: 	: 	: 	: 	: 	73.84 	80.34 	53.85 	80.12 	76.38 	78.94 	76.89 	73.56 	75.44 	79.60 	81.48 	81.16 	85.73 
A,I_IUSNET,PC_IND_IU3,TRB	: 	: 	: 	: 	: 	: 	: 	76.07 	77.15 	76.90 	79.17 	77.75 	73.25 	72.12 	73.91 	71.35 	77.69 	83.54 	84.17 	88.36 
A,I_IUSNET,PC_IND_IU3,TRC	: 	: 	: 	: 	: 	: 	: 	76.99 	76.26 	78.12 	83.50 	78.84 	83.08 	78.65 	78.13 	65.57 	77.57 	80.76 	80.97 	89.01 
A,I_IUSNET,PC_IND_IU3,UK	: 	: 	: 	: 	: 	58.19 	: 	64.69 	65.30 	71.37 	72.54 	75.27 	73.59 	76.51 	77.80 	: 	: 	: 	: 	: 
A,I_IUSNET,PC_IND_IU3,UKC	: 	: 	: 	: 	: 	58.62 	: 	55.38 	65.50 	59.11 	67.53 	80.48 	71.77 	75.98 	79.97 	: 	: 	: 	: 	: 
A,I_IUSNET,PC_IND_IU3,UKD	: 	: 	: 	: 	: 	59.98 	: 	65.80 	64.09 	75.79 	74.98 	77.63 	72.71 	71.84 	69.63 	: 	: 	: 	: 	: 
A,I_IUSNET,PC_IND_IU3,UKE	: 	: 	: 	: 	: 	63.56 	: 	65.49 	63.65 	66.67 	67.22 	80.42 	75.86 	74.43 	81.29 	: 	: 	: 	: 	: 
A,I_IUSNET,PC_IND_IU3,UKF	: 	: 	: 	: 	: 	53.71 	: 	64.34 	67.69 	72.16 	73.08 	71.78 	73.71 	69.23 	78.42 	: 	: 	: 	: 	: 
A,I_IUSNET,PC_IND_IU3,UKG	: 	: 	: 	: 	: 	54.52 	: 	61.33 	59.89 	64.86 	70.54 	72.54 	76.49 	79.64 	77.95 	: 	: 	: 	: 	: 
A,I_IUSNET,PC_IND_IU3,UKH	: 	: 	: 	: 	: 	55.95 	: 	61.21 	61.91 	72.74 	73.54 	72.47 	75.50 	71.78 	75.24 	: 	: 	: 	: 	: 
A,I_IUSNET,PC_IND_IU3,UKI	: 	: 	: 	: 	: 	59.21 	: 	65.76 	70.90 	78.37 	74.27 	76.41 	72.23 	88.67 	75.24 	: 	: 	: 	: 	: 
A,I_IUSNET,PC_IND_IU3,UKJ	: 	: 	: 	: 	: 	57.32 	: 	69.12 	62.92 	71.20 	71.86 	71.09 	76.45 	74.28 	83.90 	: 	: 	: 	: 	: 
A,I_IUSNET,PC_IND_IU3,UKK	: 	: 	: 	: 	: 	59.34 	: 	63.94 	66.30 	65.49 	71.49 	74.44 	71.15 	78.25 	75.53 	: 	: 	: 	: 	: 
A,I_IUSNET,PC_IND_IU3,UKL	: 	: 	: 	: 	: 	58.81 	: 	51.59 	71.60 	74.40 	71.52 	81.78 	78.29 	75.63 	81.65 	: 	: 	: 	: 	: 
A,I_IUSNET,PC_IND_IU3,UKM	: 	: 	: 	: 	: 	57.71 	: 	71.73 	62.02 	71.84 	78.45 	79.86 	63.71 	72.67 	79.70 	: 	: 	: 	: 	: 
A,I_IUSNET,PC_IND_IU3,UKN	: 	: 	: 	: 	: 	: 	: 	67.33 	75.07 	74.77 	69.44 	63.02 	76.68 	84.57 	: 	: 	: 	: 	: 	: 
A,I_IUSNET,PC_IND_IU3,XK	: 	: 	: 	: 	: 	: 	: 	: 	: 	: 	: 	68.14 	72.33 	74.85 	86.79 	: 	: 	: 	80.54 	84.47 
A,I_IUX,PC_IND,AL	: 	: 	: 	: 	: 	: 	: 	: 	: 	: 	: 	: 	32.70 	26.63 	21.22 	16.27 	12.15 	11.36 	7.86 	6.43 
A,I_IUX,PC_IND,AT	33.84 	28.09 	24.82 	25.09 	23.14 	18.49 	17.46 	15.93 	15.12 	13.43 	12.99 	9.63 	9.90 	9.94 	7.99 	5.92 	4.84 	3.66 	3.84 	3.55 
A,I_IUX,PC_IND,AT1	: 	: 	23.27 	23.37 	21.89 	16.73 	16.84 	16.85 	13.84 	12.20 	11.35 	8.75 	8.99 	9.48 	7.03 	5.02 	4.31 	3.31 	4.12 	2.33 
A,I_IUX,PC_IND,AT11	: 	: 	30.48 	30.13 	27.92 	26.11 	19.85 	22.00 	16.49 	: 	15.54 	11.12 	10.68 	15.54 	11.39 	9.27 	7.26 	4.86 	5.39 u	3.71 
A,I_IUX,PC_IND,AT12	: 	: 	27.62 	25.38 	22.47 	17.77 	19.79 	19.38 	17.65 	: 	13.14 	11.23 	11.45 	9.44 	8.58 	5.25 	6.08 	3.90 	4.78 u	3.35 
A,I_IUX,PC_IND,AT13	: 	: 	18.01 	20.38 	20.37 	14.26 	13.66 	13.73 	10.01 	: 	9.13 	6.24 	6.61 	8.59 	5.02 	4.16 	2.35 	2.58 	: u	1.28 
A,I_IUX,PC_IND,AT2	: 	: 	28.08 	28.70 	25.18 	23.31 	19.21 	16.57 	18.96 	16.39 	15.66 	10.79 	11.70 	11.54 	11.68 	7.98 	5.94 	4.62 	4.85 	4.91 
A,I_IUX,PC_IND,AT21	: 	: 	28.75 	29.40 	28.43 	21.30 	20.56 	18.12 	18.57 	: 	13.60 	13.12 	11.29 	12.10 	10.93 	9.57 	5.86 	5.45 	4.44 u	6.60 
A,I_IUX,PC_IND,AT22	: 	: 	27.76 	28.38 	23.69 	24.22 	18.60 	15.86 	19.14 	: 	16.60 	9.74 	11.88 	11.29 	12.02 	7.27 	5.98 	4.25 	5.03 u	4.16 
A,I_IUX,PC_IND,AT3	: 	: 	24.74 	25.02 	23.45 	17.77 	17.18 	14.43 	14.45 	13.21 	13.45 	10.05 	9.99 	9.59 	7.06 	5.85 	4.88 	3.56 	2.93 	4.29 
A,I_IUX,PC_IND,AT31	: 	: 	25.71 	24.37 	26.05 	19.81 	17.63 	14.22 	15.26 	: 	13.16 	11.11 	10.06 	10.55 	7.73 	6.36 	5.28 	3.78 	3.16 u	4.91 
A,I_IUX,PC_IND,AT32	: 	: 	22.62 	21.99 	21.81 	14.77 	14.05 	15.80 	13.45 	: 	14.20 	8.09 	10.71 	8.70 	7.74 	5.46 	4.77 	2.82 	3.14 u	4.66 
A,I_IUX,PC_IND,AT33	: 	: 	24.90 	28.83 	21.03 	18.33 	21.51 	15.64 	14.54 	: 	14.29 	9.54 	10.02 	8.99 	5.94 	5.56 	3.96 	4.18 	: u	3.97 
A,I_IUX,PC_IND,AT34	: 	: 	23.77 	24.48 	20.58 	13.27 	11.57 	10.91 	12.61 	: 	11.84 	9.84 	8.63 	8.40 	5.72 	5.06 	5.25 	2.55 	4.00 u	2.08 
A,I_IUX,PC_IND,BA	: 	: 	: 	: 	: 	: 	: 	: 	: 	: 	: 	: 	24.22 	26.18 	23.10 	20.31 	: 	14.28 	12.01 	8.74 
A,I_IUX,PC_IND,BE	33.74 	28.53 	26.48 	20.32 	17.55 	14.11 	15.37 	15.12 	12.92 	12.64 	11.23 	9.84 	8.62 	6.94 	5.86 	4.55 	3.70 	3.24 	2.89 	2.63 
A,I_IUX,PC_IND,BE1	: 	: 	25.08 	17.64 	16.56 	10.83 	12.73 	14.35 	14.75 	12.22 	8.63 	7.36 	6.25 	5.78 	6.45 	3.58 	2.49 	3.77 	2.31 u	2.66 
A,I_IUX,PC_IND,BE10	: 	: 	25.08 	17.64 	16.56 	10.83 	12.73 	14.35 	14.75 	12.22 	8.63 	7.36 	6.25 	5.78 	6.45 	3.58 	2.49 	3.77 	2.31 u	2.66 
A,I_IUX,PC_IND,BE2	: 	: 	24.26 	19.14 	16.59 	13.58 	13.83 	13.03 	10.33 	12.11 	10.40 	9.07 	7.56 	6.18 	4.92 	3.37 	3.24 	2.47 	2.17 	2.28 
A,I_IUX,PC_IND,BE21	: 	: 	19.76 	17.31 	14.05 	12.40 	12.40 	10.08 	9.96 	12.04 	10.18 	7.09 	6.34 	5.51 	5.59 	3.86 	2.46 	1.82 	: u	1.24 
A,I_IUX,PC_IND,BE22	: 	: 	25.91 	21.92 	20.31 	14.28 	16.48 	15.38 	8.54 	11.93 	10.57 	10.48 	8.98 	5.46 	5.52 	4.43 	3.34 	3.27 	: u	2.49 
A,I_IUX,PC_IND,BE23	: 	: 	24.65 	19.89 	17.41 	14.25 	13.39 	14.40 	11.77 	12.35 	10.12 	11.21 	8.42 	8.26 	3.98 	3.30 	4.34 	3.11 	2.16 u	1.97 
A,I_IUX,PC_IND,BE24	: 	: 	21.96 	18.68 	16.19 	12.00 	12.10 	12.03 	10.22 	10.59 	10.11 	8.11 	7.30 	4.22 	2.00 	2.30 	3.44 	1.09 	: u	3.53 
A,I_IUX,PC_IND,BE25	: 	: 	31.43 	19.33 	16.99 	15.48 	16.18 	14.99 	10.57 	13.45 	11.22 	9.26 	7.58 	7.00 	7.44 	2.90 	2.71 	3.22 	3.35 u	2.92 
A,I_IUX,PC_IND,BE3	: 	: 	30.93 	23.28 	19.62 	16.11 	19.00 	19.14 	17.01 	13.74 	13.58 	12.05 	11.31 	8.68 	7.38 	7.00 	4.96 	4.48 	4.40 	3.27 
A,I_IUX,PC_IND,BE31	: 	: 	16.42 	11.99 	14.35 	9.18 	6.29 	11.22 	11.15 	6.90 	8.06 	9.57 	5.42 	4.30 	2.11 	2.68 	1.41 	5.28 	: u	1.03 
A,I_IUX,PC_IND,BE32	: 	: 	35.30 	26.25 	20.10 	14.81 	23.05 	21.92 	20.00 	15.21 	16.85 	14.22 	13.23 	11.39 	8.09 	8.66 	4.78 	4.53 	5.33 u	3.27 
A,I_IUX,PC_IND,BE33	: 	: 	31.35 	23.20 	20.39 	22.33 	19.50 	18.48 	17.12 	14.24 	12.48 	11.26 	10.73 	6.96 	7.32 	5.99 	6.36 	3.29 	3.13 u	3.97 
A,I_IUX,PC_IND,BE34	: 	: 	31.01 	25.04 	24.71 	18.43 	16.85 	21.06 	15.67 	13.11 	12.74 	10.19 	11.64 	9.19 	8.97 	5.33 	7.59 	5.74 	4.26 u	3.81 
A,I_IUX,PC_IND,BE35	: 	: 	29.44 	23.29 	17.91 	9.88 	18.21 	18.37 	14.05 	14.53 	12.12 	10.96 	12.02 	8.42 	8.93 	8.65 	4.19 	5.40 	4.97 u	3.53 
A,I_IUX,PC_IND,BG	70.65 	64.55 	57.03 	52.93 	51.23 	45.81 	42.03 	40.59 	37.07 	34.72 	33.32 	30.29 	26.68 	24.49 	20.89 	17.02 	12.76 	11.82 	9.32 	6.99 
A,I_IUX,PC_IND,BG3	: 	: 	64.05 	56.86 	55.92 	51.62 	46.70 	44.80 	40.89 	39.37 	36.63 	32.52 	29.32 	26.00 	25.20 	18.70 	15.45 	14.85 	11.65 	9.09 
A,I_IUX,PC_IND,BG31	: 	: 	68.51 	60.61 	56.60 	53.54 	56.16 	46.93 	43.93 	49.37 	37.26 	35.03 	29.46 	24.54 	29.16 	21.77 	16.11 	16.72 	11.76 	9.07 
A,I_IUX,PC_IND,BG32	: 	: 	59.05 	58.69 	54.89 	49.82 	44.25 	43.01 	36.78 	35.31 	39.84 	29.57 	29.67 	25.00 	25.03 	17.59 	15.44 	14.45 	9.53 	12.26 
A,I_IUX,PC_IND,BG33	: 	: 	63.37 	57.74 	57.26 	55.00 	46.97 	45.66 	39.18 	39.75 	32.15 	31.39 	28.12 	26.95 	24.80 	16.79 	14.43 	14.44 	13.34 	7.76 
A,I_IUX,PC_IND,BG34	: 	: 	65.01 	51.50 	55.04 	48.49 	41.12 	43.82 	43.46 	34.77 	37.70 	34.06 	30.04 	26.95 	22.90 	19.15 	15.94 	14.18 	11.61 	8.00 
A,I_IUX,PC_IND,BG4	: 	: 	49.60 	48.75 	46.25 	39.78 	37.27 	36.33 	33.22 	30.05 	30.03 	28.06 	24.07 	23.00 	16.68 	15.40 	10.17 	9.01 	7.17 	5.06 
A,I_IUX,PC_IND,BG41	: 	: 	41.85 	40.90 	37.84 	31.96 	32.74 	30.50 	28.33 	24.83 	28.73 	26.49 	21.52 	20.06 	13.20 	13.78 	7.59 	7.08 	4.68 	3.29 
A,I_IUX,PC_IND,BG42	: 	: 	60.19 	59.68 	58.01 	50.87 	43.96 	44.95 	40.51 	37.85 	31.97 	30.44 	27.92 	27.46 	21.94 	17.83 	14.06 	12.02 	11.06 	7.81 
A,I_IUX,PC_IND,CH	: 	: 	: 	: 	: 	: 	: 	: 	8.27 	: 	: 	4.35 b	: 	2.55 	: 	1.42 	: 	: u	: 	0.62 
A,I_IUX,PC_IND,CH0	: 	: 	: 	: 	: 	: 	: 	: 	8.27 	: 	: 	4.35 b	: 	2.55 	: 	1.42 	: 	: u	: 	0.62 
A,I_IUX,PC_IND,CH01	: 	: 	: 	: 	: 	: 	: 	: 	8.11 	: 	: 	6.04 b	: 	2.02 	: 	0.62 	: 	: u	: 	0.22 
A,I_IUX,PC_IND,CH02	: 	: 	: 	: 	: 	: 	: 	: 	9.95 	: 	: 	4.17 b	: 	3.70 	: 	2.13 	: 	: u	: 	0.69 
A,I_IUX,PC_IND,CH03	: 	: 	: 	: 	: 	: 	: 	: 	8.41 	: 	: 	2.92 b	: 	1.61 	: 	1.82 	: 	0 u	: 	1.08 
A,I_IUX,PC_IND,CH04	: 	: 	: 	: 	: 	: 	: 	: 	5.61 	: 	: 	3.27 b	: 	1.72 	: 	0.75 	: 	: u	: 	0.59 
A,I_IUX,PC_IND,CH05	: 	: 	: 	: 	: 	: 	: 	: 	8.06 	: 	: 	4.41 b	: 	2.78 	: 	1.35 	: 	: u	: 	0.19 
A,I_IUX,PC_IND,CH06	: 	: 	: 	: 	: 	: 	: 	: 	7.15 	: 	: 	3.66 b	: 	2.80 	: 	1.73 	: 	: u	: 	0.66 
A,I_IUX,PC_IND,CH07	: 	: 	: 	: 	: 	: 	: 	: 	14.08 	: 	: 	8.27 b	: 	4.07 	: 	2.63 	: 	: u	: 	2.05 
A,I_IUX,PC_IND,CY	61.53 	56.42 	54.31 	48.00 	44.95 	40.72 	36.33 	32.49 	27.97 	26.00 	23.20 	17.79 	14.70 	13.41 	8.85 	8.72 	8.15 	8.41 	5.17 	6.10 
A,I_IUX,PC_IND,CY0	: 	: 	54.31 	48.00 	44.95 	40.72 	36.33 	32.49 	27.97 	26.00 	23.20 	17.79 	14.70 	13.41 	8.85 	8.72 	8.15 	8.41 	5.17 	6.10 
A,I_IUX,PC_IND,CY00	: 	: 	54.31 	48.00 	44.95 	40.72 	36.33 	32.49 	27.97 	26.00 	23.20 	17.79 	14.70 	13.41 	8.85 	8.72 	8.15 	8.41 	5.17 	6.10 
A,I_IUX,PC_IND,CZ	49.10 	45.51 	32.91 	32.62 	27.66 	23.83 	18.24 	17.40 	15.69 	13.37 	13.15 	11.13 	9.72 	9.28 	7.92 	7.25 	5.73 	5.17 	4.16 	3.48 
A,I_IUX,PC_IND,CZ0	: 	: 	: 	32.62 	27.66 	23.83 	18.24 	17.40 	15.69 	13.37 	13.15 	11.13 	9.72 	9.28 	7.92 	7.25 	5.73 	5.17 	4.16 	3.48 
A,I_IUX,PC_IND,CZ01	: 	: 	17.46 	: 	15.71 	16.51 	6.65 	10.46 	6.05 	5.17 	4.40 	3.96 	1.79 	2.56 	2.88 	1.62 	1.57 	0.64 	0 u	0.28 
A,I_IUX,PC_IND,CZ02	: 	: 	23.40 	: 	23.65 	20.84 	15.39 	13.29 	14.17 	13.56 	10.38 	8.61 	8.49 	6.03 	7.96 	9.18 	6.13 	4.22 	2.86 u	2.21 
A,I_IUX,PC_IND,CZ03	: 	: 	34.60 	: 	28.56 	24.14 	19.80 	17.95 	14.95 	10.23 	12.52 	10.34 	10.61 	8.08 	8.79 	7.16 	5.69 	4.59 	2.95 u	1.68 
A,I_IUX,PC_IND,CZ04	: 	: 	35.22 	: 	29.28 	27.04 	23.40 	19.19 	20.02 	14.09 	14.69 	9.54 	12.12 	14.11 	10.60 	7.65 	5.95 	4.87 	3.69 u	4.14 
A,I_IUX,PC_IND,CZ05	: 	: 	39.23 	: 	33.32 	23.92 	19.69 	19.44 	17.45 	14.08 	14.73 	14.14 	11.71 	10.38 	8.18 	9.17 	7.79 	8.83 	5.13 	5.08 
A,I_IUX,PC_IND,CZ06	: 	: 	37.03 	: 	26.48 	23.64 	17.71 	17.41 	18.62 	16.43 	15.45 	13.77 	10.97 	13.03 	8.15 	8.65 	6.77 	6.20 	6.27 	4.67 
A,I_IUX,PC_IND,CZ07	: 	: 	34.82 	: 	28.21 	30.34 	22.78 	19.61 	18.52 	16.81 	18.24 	14.08 	11.91 	11.49 	8.89 	6.98 	7.35 	5.91 	7.54 	6.61 
A,I_IUX,PC_IND,CZ08	: 	: 	38.70 	: 	35.56 	24.56 	21.15 	21.86 	14.53 	15.29 	13.88 	13.09 	9.78 	7.80 	7.72 	6.28 	3.62 	4.84 	4.09 u	2.61 
A,I_IUX,PC_IND,DE	26.21 	23.19 	20.34 	19.23 	16.55 	15.84 	14.65 	12.99 	11.00 	9.68 	7.99 	7.37 	5.22 	4.65 	4.12 	6.19 b	5.52 	5.06 	4.44 	3.37 
A,I_IUX,PC_IND,DE1	: 	: 	19.35 	20.37 	16.90 	16.81 	13.44 	12.09 	10.09 	9.40 	7.49 	7.22 	5.29 	5.15 	5.26 	5.27 b	4.08 	3.94 	2.84 	2.30 
A,I_IUX,PC_IND,DE2	: 	: 	17.31 	19.45 	16.61 	14.62 	15.64 	13.68 	12.06 	7.58 	6.81 	7.94 	6.37 	4.37 	3.70 	8.91 b	7.12 	7.77 	6.12 	3.54 
A,I_IUX,PC_IND,DE3	: 	: 	17.02 	16.66 	15.75 	16.90 	14.06 	12.10 	8.47 	8.93 	7.20 	5.45 	3.60 	3.36 	2.14 	3.47 b	3.90 	3.32 	3.93 u	4.38 
A,I_IUX,PC_IND,DE4	: 	: 	29.03 	28.81 	25.34 	22.17 	21.83 	22.35 	19.27 	15.56 	16.38 	11.77 	11.74 	9.40 	8.26 	7.19 b	7.57 	4.44 	6.17 u	6.47 
A,I_IUX,PC_IND,DE5	: 	: 	: u	: u	: u	5.19 	12.54 	7.10 	11.95 	3.13 	7.21 	3.57 	2.22 	4.25 	2.13 	12.26 b	7.73 	6.42 	: u	0 
A,I_IUX,PC_IND,DE6	: 	: 	: u	: u	: u	14.08 	13.71 	11.38 	5.23 	7.12 	4.33 	4.69 	5.43 	2.68 	3.96 	3.45 b	4.20 	3.19 	: u	2.82 
A,I_IUX,PC_IND,DE7	: 	: 	17.35 	14.25 	11.40 	11.35 	10.74 	11.87 	9.09 	9.14 	5.94 	6.24 	3.96 	2.98 	2.35 	4.00 b	5.44 	3.26 	3.81 	2.74 
A,I_IUX,PC_IND,DE8	: 	: 	26.91 	25.47 	28.48 	23.58 	21.37 	22.02 	18.05 	13.42 	11.72 	14.87 	13.08 	8.06 	3.26 	7.69 b	5.66 	5.75 	4.27 u	3.54 
A,I_IUX,PC_IND,DE9	: 	: 	20.16 	21.45 	15.33 	14.33 	12.59 	11.92 	9.28 	7.25 	6.15 	4.97 	3.24 	3.07 	3.10 	7.43 b	6.53 	5.19 	3.91 	3.21 
A,I_IUX,PC_IND,DEA	: 	: 	18.57 	15.03 	15.08 	14.82 	13.81 	11.84 	11.07 	10.10 	8.92 	7.51 	4.20 	4.55 	3.99 	4.39 b	4.87 	4.63 	4.10 	3.04 
A,I_IUX,PC_IND,DEB	: 	: 	20.30 	18.20 	16.34 	15.02 	12.82 	9.67 	10.05 	8.60 	6.60 	4.70 	4.76 	4.65 	4.90 	6.24 b	3.52 	3.34 	2.85 u	2.90 
A,I_IUX,PC_IND,DEC	: 	: 	: u	: u	: u	18.22 	15.45 	10.51 	7.06 	10.96 	7.15 	9.84 	6.80 	8.07 	5.41 	9.97 b	9.08 	3.19 	: u	7.49 
A,I_IUX,PC_IND,DED	: 	: 	32.31 	32.22 	24.55 	22.38 	21.50 	17.60 	15.72 	17.62 	11.78 	10.38 	7.82 	7.14 	6.15 	5.36 b	5.18 	4.74 	4.81 	3.50 
A,I_IUX,PC_IND,DEE	: 	: 	26.69 	20.37 	: u	18.90 	17.44 	15.86 	13.79 	13.76 	9.29 	8.68 	4.41 	4.38 	3.64 	10.43 b	6.61 	6.52 	8.26 	6.29 
A,I_IUX,PC_IND,DEF	: 	: 	20.19 	: u	: u	15.93 	14.25 	13.33 	5.89 	6.63 	7.03 	7.68 	4.29 	4.17 	4.00 	5.45 b	5.70 	8.49 	5.43 u	2.47 
A,I_IUX,PC_IND,DEG	: 	: 	26.91 	: u	: u	17.19 	15.69 	11.42 	12.43 	12.73 	10.28 	8.35 	4.43 	6.11 	5.45 	9.74 b	7.45 	5.67 	6.71 	6.21 
A,I_IUX,PC_IND,DK	10.46 	12.27 	12.47 	11.45 	9.34 	7.24 	5.81 	3.54 	2.62 	2.79 	2.44 	2.03 	1.67 	1.86 	0.91 	0.69 	1.48 	0.53 	: 	: 
A,I_IUX,PC_IND,DK0	: 	: 	12.47 	11.45 	9.34 	7.24 	5.81 	3.54 	2.62 	2.79 	2.44 	2.03 	1.67 	1.86 	0.91 	0.69 	1.48 	0.53 	: 	: 
A,I_IUX,PC_IND,DK01	: 	: 	8.67 	8.26 	6.19 	5.55 	3.64 	2.10 	1.84 	2.14 	1.34 	0.65 	1.47 	1.71 	0.45 	0.88 	1.30 	0.29 	: 	: 
A,I_IUX,PC_IND,DK02	: 	: 	12.97 	16.19 	12.53 	9.30 	7.05 	4.19 	3.24 	2.64 	2.96 	3.38 	2.71 	2.41 	0.73 	1.04 	1.30 	0.61 	: 	: 
A,I_IUX,PC_IND,DK03	: 	: 	14.45 	13.24 	9.14 	9.68 	7.33 	5.51 	2.10 	2.85 	4.08 	2.30 	1.92 	1.68 	1.14 	0.56 	1.24 	0.73 	: 	: 
A,I_IUX,PC_IND,DK04	: 	: 	13.37 	9.93 	9.97 	6.40 	4.97 	3.01 	2.85 	2.96 	2.03 	2.42 	1.08 	2.08 	1.15 	0.63 	1.61 	0.30 	: 	: 
A,I_IUX,PC_IND,DK05	: 	: 	16.60 	13.59 	13.08 	6.19 	8.73 	4.05 	4.73 	4.44 	2.53 	3.12 	1.57 	1.44 	1.56 	0.14 	2.45 	1.27 	: 	: 
A,I_IUX,PC_IND,EE	34.60 	32.23 	26.28 	26.13 	22.26 	20.47 	19.66 	16.41 	12.37 b	9.05 	9.97 	9.33 	8.33 	7.25 	8.57 	6.52 	6.12 	5.22 	5.35 	3.57 
A,I_IUX,PC_IND,EE0	: 	: 	26.28 	26.13 	22.26 	20.47 	19.66 	16.41 	12.37 b	9.05 	9.97 	9.33 	8.33 	7.25 	8.57 	6.52 	6.12 	5.22 	5.35 	3.57 
A,I_IUX,PC_IND,EE00	: 	: 	26.28 	26.13 	22.26 	20.47 	19.66 	16.41 	12.37 b	9.05 	9.97 	9.33 	8.33 	7.25 	8.57 	6.52 	6.12 	5.22 	5.35 	3.57 
A,I_IUX,PC_IND,EL	65.07 	61.68 	55.77 	53.44 	52.49 	44.77 	41.92 	36.30 	32.91 	29.98 	28.42 	28.33 	25.04 	22.15 	19.89 	19.86 	13.97 	12.62 	11.09 	9.14 
A,I_IUX,PC_IND,EL1	: 	: 	62.17 	56.60 	61.09 	47.19 	: 	: 	: 	: 	: 	: 	: 	: 	: 	: 	: 	: 	: 	: 
A,I_IUX,PC_IND,EL2	: 	: 	68.62 	64.74 	58.62 	54.87 	: 	: 	: 	: 	: 	: 	: 	: 	: 	: 	: 	: 	: 	: 
A,I_IUX,PC_IND,EL3	: 	: 	42.60 	43.64 	43.50 	38.24 	31.79 	26.99 	25.69 	22.35 	20.20 	20.25 	16.68 	17.28 	14.07 	13.56 	8.42 	7.78 	8.55 	4.17 
A,I_IUX,PC_IND,EL4	: 	: 	66.51 	61.35 	56.54 	52.66 	41.14 	44.02 	31.09 	30.19 	28.97 	26.14 	25.38 	23.31 	19.66 	22.04 	16.75 	12.42 	7.26 	11.47 
A,I_IUX,PC_IND,EL5	: 	: 	: 	: 	: 	: 	48.95 	40.42 	36.20 	33.76 	32.15 	30.21 	28.01 	21.58 	20.51 	21.91 	14.59 	15.11 	11.17 	9.76 
A,I_IUX,PC_IND,EL6	: 	: 	: 	: 	: 	: 	51.85 	45.08 	40.57 	36.83 	36.01 	38.62 	33.29 	28.48 	27.50 	25.47 	20.25 	17.29 	16.61 	15.08 
A,I_IUX,PC_IND,ES	47.73 	43.19 	38.93 	36.26 	31.89 	29.49 	26.84 	24.36 	21.43 	19.03 	17.32 	14.01 	12.75 	8.37 	6.03 	4.86 	4.47 	3.37 	2.98 	2.75 
A,I_IUX,PC_IND,ES1	: 	: 	45.77 	43.37 	39.16 	35.78 	33.42 	29.08 	26.08 	23.20 	21.86 	17.65 	15.72 	12.46 	10.06 	7.01 	6.84 	5.68 	5.38 	4.65 
A,I_IUX,PC_IND,ES11	: 	: 	49.77 	46.52 	42.04 	39.37 	33.61 	31.38 	27.63 	25.44 	23.27 	18.81 	16.93 	14.30 	11.24 	7.62 	7.47 	6.69 	5.94 	4.92 
A,I_IUX,PC_IND,ES12	: 	: 	39.63 	39.12 	34.95 	31.47 	36.54 	26.36 	23.90 	19.66 	20.36 	15.76 	12.75 	9.27 	8.37 	5.88 	5.64 	3.51 	5.08 u	5.29 
A,I_IUX,PC_IND,ES13	: 	: 	38.21 	36.36 	33.40 	26.84 	26.81 	23.33 	22.79 	19.19 	18.04 	15.68 	15.46 	9.70 	7.64 	6.20 	6.06 	4.86 	3.34 u	2.37 
A,I_IUX,PC_IND,ES2	: 	: 	36.90 	33.22 	29.67 	25.66 	23.55 	22.11 	19.13 	16.94 	14.26 	12.62 	11.66 	7.31 	5.76 	5.25 	3.71 	3.13 	2.93 	2.70 
A,I_IUX,PC_IND,ES21	: 	: 	35.81 	32.72 	28.81 	25.51 	21.65 	20.98 	16.79 	15.99 	13.37 	12.80 	12.54 	7.81 	6.25 	5.83 	3.38 	2.95 	3.24 u	3.29 
A,I_IUX,PC_IND,ES22	: 	: 	35.64 	30.55 	31.17 	26.63 	25.21 	23.91 	21.91 	18.21 	17.09 	11.81 	11.22 	4.43 	4.12 	4.51 	3.78 	2.90 	2.89 u	2.43 
A,I_IUX,PC_IND,ES23	: 	: 	41.09 	42.70 	33.54 	28.49 	33.30 	26.53 	21.97 	18.72 	16.81 	15.98 	15.24 	9.37 	6.94 	6.09 	4.75 	4.49 	3.58 u	2.54 
A,I_IUX,PC_IND,ES24	: 	: 	38.31 	33.05 	29.45 	24.78 	23.56 	22.06 	20.99 	17.48 	13.78 	11.92 	9.54 	7.43 	5.49 	4.45 	3.98 	3.22 	: u	1.91 
A,I_IUX,PC_IND,ES3	: 	: 	28.17 	28.98 	24.42 	22.54 	19.63 	15.66 	14.75 	12.54 	11.69 	9.33 	8.59 	4.81 	3.67 	3.34 	2.32 	2.10 	1.64 u	1.43 
A,I_IUX,PC_IND,ES30	: 	: 	28.17 	28.98 	24.42 	22.54 	19.63 	15.66 	14.75 	12.54 	11.69 	9.33 	8.59 	4.81 	3.67 	3.34 	2.32 	2.10 	1.64 u	1.43 
A,I_IUX,PC_IND,ES4	: 	: 	45.07 	42.25 	36.05 	33.92 	31.64 	28.39 	25.24 	22.37 	20.04 	18.26 	16.18 	11.49 	7.54 	6.69 	6.38 	4.97 	3.91 	3.92 
A,I_IUX,PC_IND,ES41	: 	: 	43.46 	40.75 	36.04 	31.72 	30.96 	25.49 	23.00 	19.73 	19.72 	16.29 	15.06 	10.88 	8.32 	5.77 	5.85 	4.50 	4.20 u	3.93 
A,I_IUX,PC_IND,ES42	: 	: 	44.50 	41.45 	34.66 	35.06 	31.00 	30.89 	25.66 	24.13 	19.33 	20.51 	17.44 	12.46 	6.57 	7.06 	6.41 	4.34 	2.71 u	3.25 
A,I_IUX,PC_IND,ES43	: 	: 	49.88 	47.28 	38.68 	36.81 	34.41 	30.22 	29.51 	25.00 	22.07 	18.42 	16.31 	11.01 	7.68 	7.99 	7.50 	7.26 	5.66 u	5.22 
A,I_IUX,PC_IND,ES5	: 	: 	36.40 	33.22 	28.14 	26.83 	25.33 	22.22 	19.16 	17.06 	16.56 	13.23 	11.73 	7.15 	4.51 	3.49 	3.31 	2.66 	2.08 	1.77 
A,I_IUX,PC_IND,ES51	: 	: 	33.54 	30.29 	25.58 	24.95 	21.40 	20.17 	16.77 	15.62 	14.87 	12.69 	11.36 	5.84 	3.53 	3.16 	3.23 	1.90 	1.86 u	1.49 
A,I_IUX,PC_IND,ES52	: 	: 	41.34 	38.36 	33.16 	29.56 	31.25 	25.91 	23.26 	19.45 	19.21 	14.70 	12.81 	9.56 	5.68 	4.10 	3.58 	3.92 	2.20 u	2.04 
A,I_IUX,PC_IND,ES53	: 	: 	32.95 	29.47 	22.50 	27.00 	24.81 	19.28 	16.64 	15.87 	15.96 	10.50 	9.56 	5.44 	5.69 	3.09 	2.66 	2.20 	: u	2.32 
A,I_IUX,PC_IND,ES6	: 	: 	44.10 	39.89 	35.84 	32.50 	29.48 	28.79 	25.43 	22.63 	19.62 	14.66 	13.86 	9.26 	6.98 	5.55 	5.66 	3.71 	3.74 	3.73 
A,I_IUX,PC_IND,ES61	: 	: 	43.80 	39.01 	35.57 	32.48 	29.69 	29.07 	25.99 	23.40 	19.78 	14.78 	14.00 	9.29 	6.85 	5.81 	5.82 	3.86 	3.73 	3.90 
A,I_IUX,PC_IND,ES62	: 	: 	46.34 	44.91 	37.73 	33.32 	27.48 	27.12 	22.92 	18.59 	18.51 	13.99 	13.18 	9.26 	8.11 	4.22 	5.20 	2.99 	3.82 u	2.74 
A,I_IUX,PC_IND,ES63	: 	: 	41.41 	44.21 	35.64 	21.99 	31.24 	18.25 	12.71 	13.56 	24.45 	16.90 	14.14 	1.92 u	4.65 u	6.02 	2.22 	4.76 	: u	6.96 
A,I_IUX,PC_IND,ES64	: 	: 	37.48 	36.28 	29.03 	29.04 	42.97 	39.74 	25.26 	24.12 	18.98 	10.86 	10.73 	12.44 	1.83 	2.60 	1.01 	0.69 	: u	1.07 
A,I_IUX,PC_IND,ES7	: 	: 	37.42 	36.74 	38.72 	36.67 	26.54 	27.66 	22.12 	21.02 	18.16 	14.54 	14.16 	9.10 	7.46 	5.53 	5.13 	2.43 	2.94 u	2.66 
A,I_IUX,PC_IND,ES70	: 	: 	37.42 	36.74 	38.72 	36.67 	26.54 	27.66 	22.12 	21.02 	18.16 	14.54 	14.16 	9.10 	7.46 	5.53 	5.13 	2.43 	2.94 u	2.66 
A,I_IUX,PC_IND,FI	17.55 	16.71 	13.39 	14.57 	10.60 	8.89 	7.37 	6.12 	5.52 	5.47 	4.34 	5.06 	4.44 	3.22 	1.62 	2.01 	1.90 	1.49 	1.15 u	1.24 
A,I_IUX,PC_IND,FI1	: 	: 	13.39 	14.57 	10.60 	8.89 	7.37 	6.12 	5.52 	5.47 	4.34 	5.06 	4.44 	3.22 	1.62 	2.01 	1.90 	1.49 	1.15 u	1.24 
A,I_IUX,PC_IND,FI19	: 	: 	12.90 	17.00 	12.66 	10.00 	7.87 	7.55 	5.78 	6.50 	5.42 	6.10 	4.09 	3.91 	1.65 	1.66 	2.26 	1.58 	: u	1.22 
A,I_IUX,PC_IND,FI1B	: 	: 	: 	: 	: 	: 	3.72 	3.46 	2.76 	1.94 	2.07 	1.83 	2.11 	1.52 	0.20 	0.70 	1.27 	0.54 	: u	0.10 
A,I_IUX,PC_IND,FI1C	: 	: 	: 	: 	: 	: 	9.50 	6.03 	5.78 	6.43 	3.89 	6.39 	6.56 	3.55 	1.57 	3.15 	2.10 	1.98 	: u	2.25 
A,I_IUX,PC_IND,FI1D	: 	: 	16.73 	18.18 	12.61 	8.76 	9.38 	7.92 	8.46 	7.96 	6.56 	6.99 	5.93 	4.49 	3.60 	3.10 	2.21 	2.29 	: u	2.02 
A,I_IUX,PC_IND,FR	45.68 	33.52 	26.10 	25.15 	20.28 	17.83 	15.09 	13.98 	12.11 	10.77 	9.80 	9.97 	7.78 	6.68 	: 	4.85 	5.88 	4.22 	3.38 	3.30 
A,I_IUX,PC_IND,FR1	: 	: 	20.24 	15.38 	11.13 	9.58 	10.36 	8.25 	8.83 	7.32 	6.90 	5.33 	6.67 	4.69 	: 	3.29 	3.64 	2.41 	2.28 	2.06 u
A,I_IUX,PC_IND,FR10	: 	: 	: 	: 	: 	: 	: 	: 	8.83 	7.32 	6.90 	5.33 	6.67 	4.69 	: 	3.29 	3.64 	2.41 	2.28 	2.06 u
A,I_IUX,PC_IND,FRB	: 	: 	: 	: 	: 	: 	: 	: 	14.02 	11.15 	11.72 	10.30 	7.33 	7.73 	: 	5.36 	10.15 	3.82 	5.25 u	3.11 u
A,I_IUX,PC_IND,FRB0	: 	: 	: 	: 	: 	: 	: 	: 	14.02 	11.15 	11.72 	10.30 	7.33 	7.73 	: 	5.36 	10.15 	3.82 	5.25 u	3.11 u
A,I_IUX,PC_IND,FRC	: 	: 	: 	: 	: 	: 	: 	: 	13.20 	15.03 	9.42 	10.04 	10.26 	8.36 	: 	4.85 	9.82 	5.54 	4.80 u	3.87 u
A,I_IUX,PC_IND,FRC1	: 	: 	: 	: 	: 	: 	: 	: 	15.10 	15.36 	7.78 	7.44 	10.64 	8.06 	: 	4.96 	14.31 	5.10 	5.42 u	3.77 u
A,I_IUX,PC_IND,FRC2	: 	: 	: 	: 	: 	: 	: 	: 	10.43 	14.59 	11.76 	13.43 	9.72 	8.79 	: 	4.72 	3.84 	6.06 	: u	4.01 u
A,I_IUX,PC_IND,FRD	: 	: 	: 	: 	: 	: 	: 	: 	18.36 	11.73 	10.21 	10.66 	6.43 	8.13 	: 	7.49 	6.75 	7.90 	3.93 u	3.90 u
A,I_IUX,PC_IND,FRD1	: 	: 	: 	: 	: 	: 	: 	: 	19.46 	10.76 	13.15 	12.35 	8.94 	8.98 	: 	4.81 	9.03 	6.84 	: u	4.30 u
A,I_IUX,PC_IND,FRD2	: 	: 	: 	: 	: 	: 	: 	: 	17.55 	12.39 	7.85 	9.31 	4.66 	7.34 	: 	9.36 	4.89 	8.94 	: u	3.56 u
A,I_IUX,PC_IND,FRE	: 	: 	: 	: 	: 	: 	: 	: 	12.82 	14.12 	12.28 	12.59 	8.42 	9.41 	: 	5.83 	6.17 	5.25 	5.14 	4.09 u
A,I_IUX,PC_IND,FRE1	: 	: 	: 	: 	: 	: 	: 	: 	13.18 	15.45 	12.34 	11.44 	8.30 	9.55 	: 	5.39 	6.49 	4.53 	5.73 	4.74 u
A,I_IUX,PC_IND,FRE2	: 	: 	: 	: 	: 	: 	: 	: 	12.10 	11.21 	12.17 	14.68 	8.68 	9.15 	: 	6.72 	5.52 	6.86 	3.78 u	2.75 u
A,I_IUX,PC_IND,FRF	: 	: 	: 	: 	: 	: 	: 	: 	13.35 	9.28 	9.13 	11.87 	7.32 	7.03 	: 	5.07 	6.08 	5.50 	3.74 	4.69 u
A,I_IUX,PC_IND,FRF1	: 	: 	: 	: 	: 	: 	: 	: 	11.35 	10.02 	8.68 	8.10 	7.41 	8.17 	: 	5.35 	3.03 	5.00 	: u	4.59 u
A,I_IUX,PC_IND,FRF2	: 	: 	: 	: 	: 	: 	: 	: 	15.02 	10.34 	12.01 	12.50 	8.62 	7.68 	: 	7.50 	7.97 	6.63 	6.04 u	3.31 u
A,I_IUX,PC_IND,FRF3	: 	: 	: 	: 	: 	: 	: 	: 	14.03 	8.16 	8.14 	14.24 	6.40 	5.61 	: 	3.53 	7.69 	5.27 	4.06 u	5.52 u
A,I_IUX,PC_IND,FRG	: 	: 	: 	: 	: 	: 	: 	: 	8.44 	9.91 	9.07 	9.77 	7.06 	5.05 	: 	4.13 	5.05 	3.34 	2.61 u	2.64 u
A,I_IUX,PC_IND,FRG0	: 	: 	: 	: 	: 	: 	: 	: 	8.44 	9.91 	9.07 	9.77 	7.06 	5.05 	: 	4.13 	5.05 	3.34 	2.61 u	2.64 u
A,I_IUX,PC_IND,FRH	: 	: 	: 	: 	: 	: 	: 	: 	14.88 	12.74 	10.13 	10.71 	6.79 	5.07 	: 	4.99 	5.14 	5.01 	3.36 u	3.32 u
A,I_IUX,PC_IND,FRH0	: 	: 	: 	: 	: 	: 	: 	: 	14.88 	12.74 	10.13 	10.71 	6.79 	5.07 	: 	4.99 	5.14 	5.01 	3.36 u	3.32 u
A,I_IUX,PC_IND,FRI	: 	: 	: 	: 	: 	: 	: 	: 	11.07 	10.60 	10.16 	12.29 	7.96 	5.74 	: 	4.94 	6.05 	4.80 	2.65 u	2.71 u
A,I_IUX,PC_IND,FRI1	: 	: 	: 	: 	: 	: 	: 	: 	8.52 	9.47 	9.82 	9.08 	6.28 	5.95 	: 	4.19 	6.14 	2.72 	2.23 u	1.73 u
A,I_IUX,PC_IND,FRI2	: 	: 	: 	: 	: 	: 	: 	: 	14.86 	13.28 	14.21 	20.03 	12.17 	4.57 	: 	8.97 	11.02 	8.39 	: u	4.53 u
A,I_IUX,PC_IND,FRI3	: 	: 	: 	: 	: 	: 	: 	: 	14.76 	11.78 	8.95 	15.14 	8.99 	5.78 	: 	4.52 	3.85 	7.14 	: u	3.74 u
A,I_IUX,PC_IND,FRJ	: 	: 	: 	: 	: 	: 	: 	: 	11.45 	11.62 	8.90 	9.83 	7.47 	6.84 	: 	4.46 	6.15 	3.32 	2.88 u	2.58 u
A,I_IUX,PC_IND,FRJ1	: 	: 	: 	: 	: 	: 	: 	: 	9.26 	14.66 	12.37 	9.54 	8.33 	7.35 	: 	2.89 	5.90 	2.31 	: u	3.20 u
A,I_IUX,PC_IND,FRJ2	: 	: 	: 	: 	: 	: 	: 	: 	13.54 	8.76 	5.71 	10.11 	6.64 	6.35 	: 	6.01 	6.37 	4.22 	2.47 u	1.99 u
A,I_IUX,PC_IND,FRK	: 	: 	27.25 	26.44 	20.54 	18.12 	17.68 	14.72 	12.26 	9.82 	9.86 	9.73 	8.39 	5.81 	: 	4.73 	5.58 	3.57 	3.40 	3.71 u
A,I_IUX,PC_IND,FRK1	: 	: 	: 	: 	: 	: 	: 	: 	17.49 	14.30 	8.96 	12.22 	9.79 	11.10 	: 	9.37 	8.41 	5.52 	: u	7.43 u
A,I_IUX,PC_IND,FRK2	: 	: 	: 	: 	: 	: 	: 	: 	11.17 	8.88 	10.06 	9.19 	8.10 	4.79 	: 	3.83 	4.98 	3.15 	3.14 	3.00 u
A,I_IUX,PC_IND,FRL	: 	: 	: 	: 	: 	: 	: 	: 	11.85 	9.08 	8.46 	7.65 	7.29 	6.15 	: 	4.06 	5.26 	3.19 	1.96 u	3.02 u
A,I_IUX,PC_IND,FRL0	: 	: 	: 	: 	: 	: 	: 	: 	11.85 	9.08 	8.46 	7.65 	7.29 	6.15 	: 	4.06 	5.26 	3.19 	1.96 u	3.02 u
A,I_IUX,PC_IND,FRM	: 	: 	: 	: 	: 	: 	: 	: 	21.21 u	29.20 u	25.13 u	9.86 u	5.90 u	15.37 u	: 	4.39 u	2.32 u	10.83 u	0 u	6.83 u
A,I_IUX,PC_IND,FRM0	: 	: 	: 	: 	: 	: 	: 	: 	21.21 u	29.20 u	25.13 u	9.86 u	5.90 u	15.37 u	: 	4.39 u	2.32 u	10.83 u	0 u	6.83 u
A,I_IUX,PC_IND,FRY	: 	: 	: 	: 	: 	: 	: 	: 	: 	21.62 	23.69 	23.16 	16.11 	16.00 	: 	10.70 	11.79 	7.71 	8.37 	7.61 u
A,I_IUX,PC_IND,FRY1	: 	: 	: 	: 	: 	: 	: 	: 	: 	18.37 	18.94 	26.42 	18.10 	16.16 	: 	11.66 	10.86 	9.83 	6.45 u	10.96 u
A,I_IUX,PC_IND,FRY2	: 	: 	: 	: 	: 	: 	: 	: 	: 	24.94 	20.92 	20.99 	17.62 	6.17 	: 	10.50 	10.29 	9.14 	: u	6.33 u
A,I_IUX,PC_IND,FRY3	: 	: 	: 	: 	: 	: 	: 	: 	: 	21.36 	34.42 	16.29 	10.97 	14.66 	: 	6.04 	10.53 	16.53 	: u	6.30 u
A,I_IUX,PC_IND,FRY4	: 	: 	: 	: 	: 	: 	: 	: 	: 	21.70 	24.41 	24.19 	15.97 	20.84 	: 	11.66 	13.36 	4.69 	10.85 u	7.05 u
A,I_IUX,PC_IND,HR	: 	55.58 	54.00 	46.71 	42.13 	38.65 	34.51 	28.57 	27.72 	26.25 	23.44 	28.38 	21.37 	18.31 	17.20 	14.91 	13.41 	13.65 	13.54 	10.33 
A,I_IUX,PC_IND,HR0	: 	: 	54.00 	46.71 	42.13 	38.65 	34.51 	28.57 	27.72 	26.25 	23.44 	28.38 	21.37 	18.31 	17.20 	14.91 	13.41 	13.65 	13.54 	10.33 
A,I_IUX,PC_IND,HR03	: 	: 	50.14 	44.12 	37.77 	35.15 	33.65 	29.00 	27.06 	22.64 	23.86 	32.14 	19.22 	13.52 	17.68 	13.37 	15.64 	13.84 	11.79 	10.58 
A,I_IUX,PC_IND,HR04	: 	: 	55.81 	47.92 	44.12 	40.22 	34.90 	28.37 	28.05 	27.89 	23.26 	26.80 	22.38 	20.68 	16.96 	: 	: 	: 	: 	: 
A,I_IUX,PC_IND,HR05	: 	: 	: 	: 	: 	: 	: 	: 	: 	: 	: 	: 	: 	: 	: 	8.60 	8.63 	5.57 	8.64 u	5.19 
A,I_IUX,PC_IND,HR06	: 	: 	: 	: 	: 	: 	: 	: 	: 	: 	: 	: 	: 	: 	: 	18.31 	17.84 	15.93 	16.53 	13.61 
A,I_IUX,PC_IND,HU	52.13 	46.04 	38.28 	37.13 	33.10 	28.62 	26.15 	24.39 	22.09 	21.17 	18.87 	17.04 	16.13 	14.25 	12.46 	9.93 	9.54 	7.46 	5.33 	4.49 
A,I_IUX,PC_IND,HU1	: 	: 	30.63 	: 	24.63 	20.34 	17.47 	17.13 	15.54 	13.69 	11.04 	9.77 	9.97 	9.20 	7.32 	4.69 	5.19 	3.35 	2.15 u	2.62 
A,I_IUX,PC_IND,HU10	: 	: 	30.63 	: 	24.63 	20.34 	17.47 	17.13 	15.54 	13.69 	11.04 	9.77 	: 	: 	: 	: 	: 	: 	: 	: 
A,I_IUX,PC_IND,HU11	: 	: 	: 	: 	: 	: 	: 	: 	: 	: 	: 	: 	8.00 	6.71 	4.65 	2.59 	3.20 	1.65 	: u	1.70 
A,I_IUX,PC_IND,HU12	: 	: 	: 	: 	: 	: 	: 	: 	: 	: 	: 	: 	12.68 	12.59 	10.89 	7.34 	7.63 	5.52 	3.61 u	3.80 
A,I_IUX,PC_IND,HU2	: 	: 	37.11 	: 	33.47 	29.06 	27.40 	24.49 	21.45 	20.24 	18.98 	17.31 	15.99 	14.43 	13.55 	11.10 	9.89 	7.92 	5.96 	4.87 
A,I_IUX,PC_IND,HU21	: 	: 	35.92 	: 	31.25 	27.09 	24.17 	21.78 	18.96 	18.04 	16.45 	14.22 	13.63 	12.22 	11.50 	10.57 	9.07 	6.15 	4.81 u	3.16 
A,I_IUX,PC_IND,HU22	: 	: 	35.34 	: 	30.36 	27.27 	27.52 	24.00 	22.45 	19.82 	19.07 	17.62 	16.48 	14.75 	14.80 	11.66 	10.84 	8.14 	5.86 u	5.01 
A,I_IUX,PC_IND,HU23	: 	: 	40.33 	: 	39.40 	33.30 	31.05 	28.22 	23.29 	23.30 	21.88 	20.63 	18.28 	16.75 	14.62 	11.12 	9.78 	9.84 	7.50 u	6.81 
A,I_IUX,PC_IND,HU3	: 	: 	44.63 	: 	38.99 	34.36 	31.64 	29.77 	27.54 	27.59 	24.83 	22.50 	21.07 	18.12 	15.72 	13.23 	12.81 	10.45 	7.45 	5.77 
A,I_IUX,PC_IND,HU31	: 	: 	43.91 	: 	37.95 	33.50 	33.21 	29.99 	26.47 	28.23 	22.74 	21.62 	21.29 	18.14 	16.85 	13.48 	13.31 	9.60 	7.43 	5.18 
A,I_IUX,PC_IND,HU32	: 	: 	48.01 	: 	40.32 	35.68 	32.08 	29.98 	28.65 	27.41 	25.30 	23.18 	21.26 	19.28 	15.36 	12.81 	13.07 	11.42 	7.24 	6.30 
A,I_IUX,PC_IND,HU33	: 	: 	41.47 	: 	38.41 	33.65 	29.71 	29.33 	27.24 	27.22 	26.17 	22.49 	20.65 	16.73 	15.12 	13.51 	12.07 	10.08 	7.73 	5.68 
A,I_IUX,PC_IND,IE	41.61 	34.99 	31.85 	30.38 	27.22 	21.24 	17.94 	17.61 	16.26 	16.47 	14.87 	15.85 	15.50 	8.65 	5.75 	0.07 b	6.93 	6.21 	: u	0.20 
A,I_IUX,PC_IND,IE0	: 	: 	31.85 	30.38 	27.22 	21.24 	17.94 	17.61 	16.26 	16.47 	14.87 	15.85 	15.50 	8.65 	5.75 	0.07 b	6.93 	6.21 	: u	0.20 
A,I_IUX,PC_IND,IE01	: 	: 	38.68 	38.91 	32.48 	25.48 	22.46 	21.74 	20.62 	19.71 	20.13 	20.47 	: 	: 	: 	: 	: 	: 	: 	: 
A,I_IUX,PC_IND,IE02	: 	: 	29.41 	27.29 	25.30 	19.71 	16.30 	16.13 	14.72 	15.34 	13.10 	14.29 	: 	: 	: 	: 	: 	: 	: 	: 
A,I_IUX,PC_IND,IE04	: 	: 	: 	: 	: 	: 	: 	: 	: 	: 	: 	: 	19.15 	13.02 	24.89 	0 b	7.11 	6.63 	: u	0.14 
A,I_IUX,PC_IND,IE05	: 	: 	: 	: 	: 	: 	: 	: 	: 	: 	: 	: 	14.81 	9.48 	0 	0.11 b	10.50 	7.73 	: u	0.20 
A,I_IUX,PC_IND,IE06	: 	: 	: 	: 	: 	: 	: 	: 	: 	: 	: 	: 	14.15 	6.57 	0 	0.07 b	4.74 	4.97 	: u	0.23 
A,I_IUX,PC_IND,IS	9.41 	7.94 	7.69 	5.81 	4.88 	4.20 	3.11 	2.79 	1.36 	: 	: 	1.15 	0.60 	0.43 	0.47 	0.31 	: 	: 	: 	: 
A,I_IUX,PC_IND,IS0	: 	: 	: 	5.81 	4.88 	4.20 	3.11 	2.79 	1.36 	: 	: 	1.15 	0.60 	0.43 	0.47 	0.31 	: 	: 	: 	: 
A,I_IUX,PC_IND,IS00	: 	: 	: 	5.81 	: 	: 	: 	: 	: 	: 	: 	1.15 	0.60 	0.43 	0.47 	0.31 	: 	: 	: 	: 
A,I_IUX,PC_IND,IT	59.20 	54.02 	50.08 	45.48 	41.15 	38.58 	37.18 	34.40 	31.51 	27.90 	24.70 	22.32 	18.62 	16.83 	14.23 	11.25 	9.88 	8.86 	6.53 	6.34 
A,I_IUX,PC_IND,ITC	: 	: 	45.12 	41.76 	35.79 	33.51 	32.29 	30.87 	27.28 	24.21 	19.35 	18.17 	14.80 	13.69 	11.95 	8.99 	7.01 	7.10 	4.82 	4.60 
A,I_IUX,PC_IND,ITC1	: 	: 	48.40 	44.30 	38.53 	34.83 	34.99 	35.56 	30.61 	27.18 	21.94 	20.26 	16.77 	14.50 	12.95 	10.40 	8.98 	8.18 	6.22 	5.82 
A,I_IUX,PC_IND,ITC2	: 	: 	45.77 	43.46 	38.62 	34.92 	29.79 	28.24 	28.52 	22.80 	22.00 	18.38 	15.99 	14.82 	13.01 	7.92 	10.39 	7.27 	6.30 u	3.26 
A,I_IUX,PC_IND,ITC3	: 	: 	51.66 	44.64 	38.43 	38.28 	31.73 	31.98 	27.66 	23.54 	21.35 	16.29 	13.86 	16.35 	10.46 	8.01 	5.87 	7.86 	3.72 u	5.23 
A,I_IUX,PC_IND,ITC4	: 	: 	42.59 	40.11 	34.08 	32.15 	31.22 	28.67 	25.72 	23.03 	17.90 	17.56 	14.08 	12.92 	11.73 	8.56 	6.31 	6.53 	4.38 	4.01 
A,I_IUX,PC_IND,ITF	: 	: 	58.90 	53.61 	49.97 	48.16 	48.15 	44.20 	40.00 	35.61 	33.02 	29.74 	25.83 	23.95 	20.25 	15.63 	14.54 	12.67 	10.38 	10.43 
A,I_IUX,PC_IND,ITF1	: 	: 	53.69 	42.20 	40.03 	38.07 	38.44 	35.36 	32.34 	27.02 	23.82 	21.62 	21.10 	17.89 	14.07 	12.80 	11.20 	8.39 	6.55 	6.73 
A,I_IUX,PC_IND,ITF2	: 	: 	53.59 	49.81 	46.83 	42.74 	44.70 	41.92 	33.15 	36.15 	27.80 	25.90 	25.06 	24.56 	20.19 	17.67 	11.90 	11.36 	12.39 	9.60 
A,I_IUX,PC_IND,ITF3	: 	: 	60.33 	53.96 	52.43 	48.63 	50.92 	48.00 	41.00 	37.26 	35.43 	29.45 	27.18 	24.90 	21.01 	14.12 	14.58 	13.42 	10.84 	10.49 
A,I_IUX,PC_IND,ITF4	: 	: 	59.69 	57.84 	51.04 	51.71 	48.33 	42.14 	42.24 	36.07 	32.66 	31.30 	24.72 	23.99 	19.98 	17.74 	13.97 	11.23 	8.96 	10.07 
A,I_IUX,PC_IND,ITF5	: 	: 	54.86 	49.35 	48.02 	47.19 	47.00 	38.74 	40.57 	35.45 	29.85 	27.02 	22.59 	23.27 	22.72 	15.72 	13.65 	13.83 	10.63 	10.59 
A,I_IUX,PC_IND,ITF6	: 	: 	58.68 	53.40 	48.27 	47.38 	47.08 	45.30 	38.52 	35.41 	34.45 	34.09 	28.31 	25.15 	21.93 	17.42 	18.68 	16.21 	14.16 	13.63 
A,I_IUX,PC_IND,ITG	: 	: 	57.44 	50.16 	46.70 	44.54 	41.67 	39.59 	37.17 	34.63 	31.43 	27.85 	24.88 	20.75 	19.25 	14.22 	13.80 	12.37 	8.84 	9.00 
A,I_IUX,PC_IND,ITG1	: 	: 	60.26 	53.30 	49.98 	46.05 	42.85 	42.08 	40.30 	36.59 	34.10 	29.32 	27.47 	21.35 	19.89 	15.30 	14.67 	13.49 	9.54 	10.12 
A,I_IUX,PC_IND,ITG2	: 	: 	49.52 	41.21 	37.18 	40.21 	38.30 	32.24 	28.13 	28.76 	23.53 	23.51 	17.07 	18.96 	17.32 	11.01 	11.20 	9.02 	6.73 	5.55 
A,I_IUX,PC_IND,ITH	: 	: 	45.31 	41.97 	38.51 	34.47 	31.76 	28.82 	27.77 	22.76 	21.53 	19.24 	14.37 	12.52 	10.72 	9.99 	7.10 	6.40 	4.14 	4.44 
A,I_IUX,PC_IND,ITH1	: 	: 	37.41 	33.64 	35.93 	30.27 	28.19 	24.15 	23.55 	22.43 	21.39 	19.07 	13.82 	12.82 	8.79 	6.66 	6.33 	6.99 	5.32 	5.55 
A,I_IUX,PC_IND,ITH2	: 	: 	44.11 	39.33 	34.15 	29.54 	28.57 	32.46 	24.10 	20.22 	17.37 	18.90 	14.48 	10.93 	10.47 	7.30 	6.14 	5.66 	4.74 	3.46 
A,I_IUX,PC_IND,ITH3	: 	: 	47.38 	43.40 	40.00 	36.13 	33.02 	29.66 	29.87 	23.71 	21.38 	20.42 	15.42 	14.60 	12.10 	11.27 	7.22 	6.98 	4.01 	4.79 
A,I_IUX,PC_IND,ITH4	: 	: 	45.05 	38.49 	38.40 	34.12 	31.90 	28.59 	24.48 	23.07 	21.93 	19.36 	14.33 	11.00 	10.54 	10.12 	6.59 	6.84 	4.74 	3.87 
A,I_IUX,PC_IND,ITH5	: 	: 	: 	: 	: 	: 	31.09 	28.02 	27.27 	21.97 	22.11 	17.94 	13.28 	10.72 	9.49 	9.23 	7.30 	5.67 	3.90 	4.21 
A,I_IUX,PC_IND,ITI	: 	: 	46.71 	41.54 	37.43 	34.69 	33.54 	30.16 	27.71 	24.77 	21.19 	18.83 	15.76 	14.51 	10.76 	8.70 	8.93 	7.30 	5.43 	4.40 
A,I_IUX,PC_IND,ITI1	: 	: 	49.39 	42.04 	37.96 	33.91 	34.59 	28.97 	27.28 	25.94 	22.10 	20.18 	13.81 	13.15 	10.20 	8.37 	9.21 	7.38 	4.88 	4.61 
A,I_IUX,PC_IND,ITI2	: 	: 	49.36 	40.83 	44.03 	38.11 	36.70 	34.68 	31.02 	24.97 	24.68 	19.91 	18.90 	15.24 	12.16 	9.36 	8.58 	8.32 	6.38 	7.37 
A,I_IUX,PC_IND,ITI3	: 	: 	: 	: 	: 	: 	35.15 	31.60 	29.44 	24.03 	21.95 	17.59 	15.91 	15.30 	12.70 	11.93 	9.16 	8.86 	6.84 	4.20 
A,I_IUX,PC_IND,ITI4	: 	: 	43.18 	40.68 	34.51 	34.18 	31.94 	29.84 	27.03 	24.20 	19.91 	18.15 	16.49 	15.06 	10.42 	7.99 	8.74 	6.70 	5.28 	3.89 
A,I_IUX,PC_IND,LT	54.10 	48.68 	42.71 	38.22 	35.45 	34.26 	30.99 	28.74 	25.02 	24.57 	21.75 	19.29 	16.54 	15.11 	13.53 	10.71 	9.75 	9.66 	8.97 	8.90 
A,I_IUX,PC_IND,LT0	: 	: 	: 	38.22 	35.45 	34.26 	30.99 	28.74 	25.02 	24.57 	21.75 	19.29 	16.54 	15.11 	13.53 	10.71 	9.75 	9.66 	8.97 	8.90 
A,I_IUX,PC_IND,LT00	: 	: 	: 	38.22 	35.45 	34.26 	30.99 	28.74 	25.02 	24.57 	21.75 	19.29 	: 	: 	: 	: 	: 	: 	: 	: 
A,I_IUX,PC_IND,LT01	: 	: 	: 	: 	: 	: 	: 	: 	: 	: 	: 	: 	14.47 	13.91 	10.32 	10.22 	7.44 	6.30 	6.36 	4.78 
A,I_IUX,PC_IND,LT02	: 	: 	: 	: 	: 	: 	: 	: 	: 	: 	: 	: 	17.38 	15.61 	14.87 	10.92 	10.70 	11.07 	10.09 	10.69 
A,I_IUX,PC_IND,LU	26.85 	20.06 	16.32 	11.49 	8.22 	8.13 	6.20 	4.66 	4.05 	2.18 	1.86 	2.17 	2.94 b	2.88 	1.18 	1.17 	1.37 	0.41 	1.08 u	0.87 
A,I_IUX,PC_IND,LU0	: 	: 	16.32 	11.49 	8.22 	8.13 	6.20 	4.66 	4.05 	2.18 	1.86 	2.17 	2.94 b	2.88 	1.18 	1.17 	1.37 	0.41 	1.08 u	0.87 
A,I_IUX,PC_IND,LU00	: 	: 	16.32 	11.49 	8.22 	8.13 	6.20 	4.66 	4.05 	2.18 	1.86 	2.17 	2.94 b	2.88 	1.18 	1.17 	1.37 	0.41 	1.08 u	0.87 
A,I_IUX,PC_IND,LV	44.51 	39.08 	33.58 	31.47 	28.88 	26.61 	24.21 	22.09 	20.64 	18.18 	17.41 b	15.83 	13.29 	11.59 	8.43 	6.22 	6.69 	6.09 	5.07 	4.28 
A,I_IUX,PC_IND,LV0	: 	: 	: 	31.47 	28.88 	26.61 	24.21 	22.09 	20.64 	18.18 	17.41 b	15.83 	13.29 	11.59 	8.43 	6.22 	6.69 	6.09 	5.07 	4.28 
A,I_IUX,PC_IND,LV00	: 	: 	: 	: 	28.88 	26.61 	24.21 	22.09 	20.64 	18.18 	17.41 b	15.83 	13.29 	11.59 	8.43 	6.22 	6.69 	6.09 	5.07 	4.28 
A,I_IUX,PC_IND,ME	: 	: 	: 	: 	: 	: 	37.44 	: 	: 	: 	: 	23.74 	22.86 	20.44 	18.63 	13.72 	7.71 	7.71 	7.51 	3.78 
A,I_IUX,PC_IND,ME0	: 	: 	: 	: 	: 	: 	: 	: 	: 	: 	: 	: 	: 	: 	: 	: 	: 	7.71 	7.51 	3.78 
A,I_IUX,PC_IND,MK	68.67 	: 	50.96 	47.34 	44.48 	: 	38.51 	32.64 	28.73 	25.88 	23.24 	20.89 	18.06 	16.69 	14.10 	11.44 	: 	: 	6.48 	6.86 
A,I_IUX,PC_IND,MK0	: 	: 	: 	47.34 	44.48 	: 	38.51 	32.64 	28.73 	25.88 	23.24 	20.89 	18.06 	16.69 	14.10 	11.44 	: 	: 	6.48 	6.86 
A,I_IUX,PC_IND,MK00	: 	: 	: 	47.34 	44.48 	: 	38.51 	32.64 	28.73 	25.88 	23.24 	20.89 	18.06 	16.69 	14.10 	: 	: 	: 	: 	: 
A,I_IUX,PC_IND,MT	58.04 	51.11 	48.93 	39.68 	35.91 	29.71 	28.95 	27.67 	24.11 	21.07 	20.58 	17.85 	16.59 	12.88 	12.39 	11.59 	7.43 	6.29 	5.20 	3.35 
A,I_IUX,PC_IND,MT0	: 	: 	: 	39.68 	35.91 	29.71 	28.95 	27.67 	24.11 	21.07 	20.58 	17.85 	16.59 	12.88 	12.39 	11.59 	7.43 	6.29 	5.20 	3.35 
A,I_IUX,PC_IND,MT00	: 	: 	: 	39.68 	35.91 	29.71 	28.95 	27.67 	24.11 	21.07 	20.58 	17.85 	16.59 	12.88 	12.39 	11.59 	7.43 	6.29 	5.20 	3.35 
A,I_IUX,PC_IND,NL	16.00 	12.57 	11.45 	9.65 	8.16 	6.97 	5.78 	4.88 	4.95 	4.44 	4.65 	2.96 	3.67 	2.43 	3.71 	3.49 	3.22 	0.58 	: u	0.25 
A,I_IUX,PC_IND,NL1	: 	: 	12.05 	13.01 	12.73 	6.42 	5.74 	5.89 	3.73 	7.23 	5.51 	2.67 	2.01 	4.54 	4.34 	2.90 	2.94 	1.46 	: u	0.14 
A,I_IUX,PC_IND,NL11	: 	: 	7.26 	13.93 	16.28 	4.90 	7.04 	6.48 	2.05 	8.78 	5.55 	1.59 	1.63 	7.70 	3.78 	4.30 	3.89 	0.98 	0 u	0.40 
A,I_IUX,PC_IND,NL12	: 	: 	13.55 	17.64 	11.95 	9.83 	5.41 	8.69 	2.48 	4.33 	5.70 	4.07 	0.94 	3.88 	3.81 	2.23 	2.82 	2.62 	: u	0 
A,I_IUX,PC_IND,NL13	: 	: 	15.87 	6.24 	9.44 	3.89 	4.60 	1.52 	7.47 	9.13 	5.22 	2.16 	3.92 	1.58 	5.73 	2.04 	1.93 	0.52 	: u	0 
A,I_IUX,PC_IND,NL2	: 	: 	10.42 	11.07 	7.55 	6.89 	5.91 	5.63 	4.25 	3.30 	3.31 	4.53 	3.80 	2.75 	2.65 	3.88 	3.50 	0.62 	: u	0.18 
A,I_IUX,PC_IND,NL21	: 	: 	9.66 	10.65 	6.84 	5.14 	6.27 	4.59 	3.82 	2.86 	3.86 	4.59 	3.64 	3.09 	2.62 	2.38 	4.38 	0.32 	0 u	0 
A,I_IUX,PC_IND,NL22	: 	: 	11.50 	12.56 	8.92 	8.58 	6.87 	6.56 	3.92 	2.95 	3.26 	5.40 	3.99 	2.96 	2.93 	4.47 	3.05 	0.91 	: u	0.32 
A,I_IUX,PC_IND,NL23	: 	: 	6.93 	4.74 	2.60 	3.23 	0 	3.91 	7.21 	6.31 	1.98 	0 	3.34 	0.77 	1.37 	5.07 	3.31 	0 	0 u	0 
A,I_IUX,PC_IND,NL3	: 	: 	10.17 	7.59 	6.76 	6.40 	5.35 	4.10 	4.58 	4.54 	4.45 	2.39 	3.68 	2.19 	3.99 	3.31 	3.15 	0.31 	: u	0.23 
A,I_IUX,PC_IND,NL31	: 	: 	8.34 	6.94 	6.43 	6.85 	5.71 	2.20 	2.99 	3.37 	2.95 	2.78 	1.73 	1.38 	2.53 	3.22 	2.34 	0 	: 	: 
A,I_IUX,PC_IND,NL32	: 	: 	8.19 	7.02 	4.74 	5.39 	3.89 	3.41 	5.72 	4.48 	4.06 	1.94 	2.74 	1.18 	3.20 	3.77 	2.36 	0.14 	: u	0.26 
A,I_IUX,PC_IND,NL33	: 	: 	11.20 	7.65 	7.85 	6.75 	6.69 	5.17 	4.42 	4.76 	5.06 	2.74 	5.05 	3.13 	5.01 	3.32 	4.16 	0.50 	: 	: 
A,I_IUX,PC_IND,NL34	: 	: 	20.51 	13.20 	12.01 	8.69 	2.15 	5.36 	3.09 	6.81 	6.55 	1.03 	4.05 	3.47 	5.00 	0 	2.29 	0.98 	0 u	0 
A,I_IUX,PC_IND,NL35	: 	: 	: 	: 	: 	: 	: 	: 	: 	: 	: 	: 	: 	: 	: 	: 	: 	: 	0 u	0.64 
A,I_IUX,PC_IND,NL36	: 	: 	: 	: 	: 	: 	: 	: 	: 	: 	: 	: 	: 	: 	: 	: 	: 	: 	: u	0.07 
A,I_IUX,PC_IND,NL4	: 	: 	14.87 	11.11 	9.66 	8.54 	6.59 	5.40 	7.00 	4.03 	5.98 	2.82 	4.31 	1.66 	3.82 	3.77 	3.22 	0.73 	: u	0.40 
A,I_IUX,PC_IND,NL41	: 	: 	14.16 	9.71 	8.12 	9.21 	6.89 	6.06 	7.46 	4.11 	5.87 	2.97 	4.41 	1.90 	3.96 	3.57 	2.83 	0.66 	: u	0.08 
A,I_IUX,PC_IND,NL42	: 	: 	16.39 	14.10 	12.97 	7.13 	5.93 	3.96 	6.00 	3.85 	6.23 	2.49 	4.06 	1.11 	3.50 	4.24 	4.12 	0.87 	: u	1.15 
A,I_IUX,PC_IND,NO	16.61 	10.94 	7.83 	6.41 	5.23 	4.63 	3.84 	3.14 	2.69 	1.46 	1.66 	1.11 	1.17 	0.82 	0.67 	0.26 	0.08 	0.08 	: u	0.53 
A,I_IUX,PC_IND,NO0	: 	: 	: 	6.41 	5.23 	4.63 	3.84 	3.14 	2.69 	1.46 	1.66 	1.11 	1.17 	0.82 	0.67 	0.26 	0.08 	0.08 	: u	0.53 
A,I_IUX,PC_IND,NO01	: 	: 	6.71 	3.10 	3.20 	3.95 	2.10 	1.13 	1.08 	0.69 	1.09 	0 	0.60 	0.73 	0 	: 	: 	: 	: 	: 
A,I_IUX,PC_IND,NO02	: 	: 	11.28 	10.63 	6.21 	5.40 	7.21 	5.77 	4.16 	1.04 	1.08 	0 	0 	1.45 	4.10 	0.54 	0 	0.58 	0 u	0 
A,I_IUX,PC_IND,NO03	: 	: 	9.44 	6.53 	9.43 	5.84 	4.84 	4.65 	4.08 	1.74 	3.31 	1.85 	0.98 	1.48 	0.89 	: 	: 	: 	: 	: 
A,I_IUX,PC_IND,NO04	: 	: 	11.57 	5.48 	4.80 	4.97 	3.42 	2.71 	2.91 	3.96 	1.70 	1.72 	0 	0 	1.20 	: 	: 	: 	: 	: 
A,I_IUX,PC_IND,NO05	: 	: 	3.83 	8.10 	2.45 	4.98 	3.45 	1.99 	2.36 	0.40 	0.56 	0.98 	2.19 	0.51 	0.50 	: 	: 	: 	: 	: 
A,I_IUX,PC_IND,NO06	: 	: 	6.85 	7.83 	6.61 	3.32 	3.54 	2.94 	3.00 	0.85 	0 	3.08 	2.79 	0.94 	0 	0 	0 	0 	0 u	0.74 
A,I_IUX,PC_IND,NO07	: 	: 	7.22 	6.53 	5.07 	4.12 	4.94 	5.81 	3.29 	2.36 	3.52 	0.99 	2.84 	1.02 	0 	0.45 	0.46 	0.43 	: u	0.59 
A,I_IUX,PC_IND,NO08	: 	: 	: 	: 	: 	: 	: 	: 	: 	: 	: 	: 	: 	: 	: 	0.19 	0.11 	0 	: u	0.64 
A,I_IUX,PC_IND,NO09	: 	: 	: 	: 	: 	: 	: 	: 	: 	: 	: 	: 	: 	: 	: 	0.69 	0 	0 	: u	0.31 
A,I_IUX,PC_IND,NO0A	: 	: 	: 	: 	: 	: 	: 	: 	: 	: 	: 	: 	: 	: 	: 	0.14 	0 	0 	: u	1.08 
A,I_IUX,PC_IND,PL	52.13 	47.84 	43.75 	38.57 	35.07 	32.71 	32.37 	31.97 	28.11 	27.08 	22.27 	19.62 	18.32 	15.48 	13.16 	11.14 	9.42 	9.78 	8.52 	8.06 
A,I_IUX,PC_IND,PL1	: 	: 	41.83 	37.60 	33.26 	30.61 	28.84 	28.60 	26.52 	24.58 	21.09 	18.05 	: 	: 	: 	: 	: 	: 	: 	: 
A,I_IUX,PC_IND,PL2	: 	: 	43.10 	38.23 	35.31 	32.34 	29.61 	32.09 	29.72 	29.13 	21.36 	20.71 	19.04 	14.34 	11.63 	11.19 	8.43 	7.88 	6.82 	7.39 
A,I_IUX,PC_IND,PL21	: 	: 	: 	: 	: 	: 	: 	: 	: 	: 	: 	: 	: 	: 	: 	: 	: 	8.26 	8.02 	6.95 
A,I_IUX,PC_IND,PL22	: 	: 	: 	: 	: 	: 	: 	: 	: 	: 	: 	: 	: 	: 	: 	: 	: 	7.58 	5.97 	7.77 
A,I_IUX,PC_IND,PL3	: 	: 	48.06 	42.23 	41.05 	37.84 	38.38 	36.31 	30.71 	28.61 	24.29 	21.07 	: 	: 	: 	: 	: 	: 	: 	: 
A,I_IUX,PC_IND,PL4	: 	: 	43.15 	36.45 	33.57 	31.92 	32.30 	32.29 	28.23 	25.80 	21.73 	20.29 	17.58 	15.70 	15.47 	11.64 	9.54 	10.87 	7.99 	6.82 
A,I_IUX,PC_IND,PL41	: 	: 	: 	: 	: 	: 	: 	: 	: 	: 	: 	: 	: 	: 	: 	: 	: 	8.42 	6.64 	6.96 
A,I_IUX,PC_IND,PL42	: 	: 	: 	: 	: 	: 	: 	: 	: 	: 	: 	: 	: 	: 	: 	: 	: 	14.87 	11.55 	7.73 
A,I_IUX,PC_IND,PL43	: 	: 	: 	: 	: 	: 	: 	: 	: 	: 	: 	: 	: 	: 	: 	: 	: 	15.05 	8.15 	5.59 
A,I_IUX,PC_IND,PL5	: 	: 	42.57 	38.03 	31.49 	29.72 	35.28 	35.00 	25.54 	24.89 	22.33 	18.77 	19.56 	13.96 	11.45 	9.74 	9.93 	8.20 	8.60 	4.92 
A,I_IUX,PC_IND,PL51	: 	: 	: 	: 	: 	: 	: 	: 	: 	: 	: 	: 	: 	: 	: 	: 	: 	8.18 	7.18 	3.45 
A,I_IUX,PC_IND,PL52	: 	: 	: 	: 	: 	: 	: 	: 	: 	: 	: 	: 	: 	: 	: 	: 	: 	8.28 	14.61 	9.73 
A,I_IUX,PC_IND,PL6	: 	: 	43.15 	38.37 	34.15 	32.87 	32.55 	29.21 	26.35 	29.28 	23.10 	18.61 	16.91 	14.27 	11.90 	10.13 	7.32 	11.89 	10.58 	9.38 
A,I_IUX,PC_IND,PL61	: 	: 	: 	: 	: 	: 	: 	: 	: 	: 	: 	: 	: 	: 	: 	: 	: 	14.55 	10.67 	9.25 
A,I_IUX,PC_IND,PL62	: 	: 	: 	: 	: 	: 	: 	: 	: 	: 	: 	: 	: 	: 	: 	: 	: 	11.17 	13.54 	13.03 
A,I_IUX,PC_IND,PL63	: 	: 	: 	: 	: 	: 	: 	: 	: 	: 	: 	: 	: 	: 	: 	: 	: 	9.82 	8.57 	7.51 
A,I_IUX,PC_IND,PL7	: 	: 	: 	: 	: 	: 	: 	: 	: 	: 	: 	: 	18.25 	14.34 	14.77 	15.05 	11.48 	11.84 	10.12 	11.35 
A,I_IUX,PC_IND,PL71	: 	: 	: 	: 	: 	: 	: 	: 	: 	: 	: 	: 	: 	: 	: 	: 	: 	9.20 	7.84 	10.93 
A,I_IUX,PC_IND,PL72	: 	: 	: 	: 	: 	: 	: 	: 	: 	: 	: 	: 	: 	: 	: 	: 	: 	15.51 	14.06 	12.01 
A,I_IUX,PC_IND,PL8	: 	: 	: 	: 	: 	: 	: 	: 	: 	: 	: 	: 	20.81 	20.35 	16.84 	13.41 	11.38 	10.58 	10.03 	9.05 
A,I_IUX,PC_IND,PL81	: 	: 	: 	: 	: 	: 	: 	: 	: 	: 	: 	: 	: 	: 	: 	: 	: 	11.72 	9.39 	11.52 
A,I_IUX,PC_IND,PL82	: 	: 	: 	: 	: 	: 	: 	: 	: 	: 	: 	: 	: 	: 	: 	: 	: 	9.19 	9.08 	7.60 
A,I_IUX,PC_IND,PL84	: 	: 	: 	: 	: 	: 	: 	: 	: 	: 	: 	: 	: 	: 	: 	: 	: 	11.29 	13.14 	6.70 
A,I_IUX,PC_IND,PL9	: 	: 	: 	: 	: 	: 	: 	: 	: 	: 	: 	: 	16.56 	14.76 	10.67 	6.90 	8.72 	7.65 	6.55 	7.59 
A,I_IUX,PC_IND,PL91	: 	: 	: 	: 	: 	: 	: 	: 	: 	: 	: 	: 	: 	: 	: 	: 	: 	3.22 	2.95 	2.77 
A,I_IUX,PC_IND,PL92	: 	: 	: 	: 	: 	: 	: 	: 	: 	: 	: 	: 	: 	: 	: 	: 	: 	12.23 	9.43 	10.65 
A,I_IUX,PC_IND,PT	59.72 	55.62 	54.38 	50.47 	45.51 	40.50 	34.45 	33.09 	30.46 	27.86 	25.79 	22.34 	22.78 	21.97 	18.22 	15.61 	13.62 	12.39 	9.77 	9.56 
A,I_IUX,PC_IND,PT1	: 	: 	54.18 	50.21 	45.30 	40.30 	34.34 	33.09 	30.48 	27.93 	25.84 	22.42 	22.82 	22.09 	18.33 	15.68 	13.74 	12.45 	9.76 	9.54 
A,I_IUX,PC_IND,PT11	: 	: 	59.86 	53.44 	49.84 	45.97 	39.21 	38.99 	35.96 	32.87 	31.00 	26.75 	27.09 	28.10 	22.33 	19.91 	17.79 	16.20 	12.92 	12.15 
A,I_IUX,PC_IND,PT15	: 	: 	50.44 	43.91 	38.92 	37.76 	30.89 	28.58 	25.05 	22.84 	23.51 	23.25 	20.48 	19.71 	14.36 	13.23 	11.57 	9.28 	6.85 	7.44 
A,I_IUX,PC_IND,PT16	: 	: 	58.65 	54.04 	51.08 	44.34 	39.44 	36.93 	34.64 	32.86 	30.58 	26.48 	24.81 	23.84 	21.73 	17.41 	14.60 	13.55 	: 	: 
A,I_IUX,PC_IND,PT17	: 	: 	41.85 	42.00 	33.34 	27.92 	22.32 	21.33 	19.46 	17.18 	14.86 	12.56 	14.60 	11.98 	10.77 	8.61 	7.62 	6.56 	: 	: 
A,I_IUX,PC_IND,PT18	: 	: 	59.92 	56.35 	53.00 	47.11 	41.17 	38.86 	35.05 	31.60 	28.60 	25.50 	28.23 	26.83 	19.03 	17.62 	15.37 	14.57 	: 	: 
A,I_IUX,PC_IND,PT19	: 	: 	: 	: 	: 	: 	: 	: 	: 	: 	: 	: 	: 	: 	: 	: 	: 	: 	12.07 	12.63 
A,I_IUX,PC_IND,PT1A	: 	: 	: 	: 	: 	: 	: 	: 	: 	: 	: 	: 	: 	: 	: 	: 	: 	: 	4.15 	4.32 
A,I_IUX,PC_IND,PT1B	: 	: 	: 	: 	: 	: 	: 	: 	: 	: 	: 	: 	: 	: 	: 	: 	: 	: 	3.43 u	3.97 
A,I_IUX,PC_IND,PT1C	: 	: 	: 	: 	: 	: 	: 	: 	: 	: 	: 	: 	: 	: 	: 	: 	: 	: 	12.35 	12.11 
A,I_IUX,PC_IND,PT1D	: 	: 	: 	: 	: 	: 	: 	: 	: 	: 	: 	: 	: 	: 	: 	: 	: 	: 	11.54 	10.15 
A,I_IUX,PC_IND,PT2	: 	: 	61.19 	59.40 	50.91 	46.31 	36.26 	31.65 	28.39 	24.38 	24.17 	20.61 	21.18 	19.29 	17.25 	15.88 	11.72 	11.14 	9.56 	10.31 
A,I_IUX,PC_IND,PT20	: 	: 	61.19 	59.40 	50.91 	46.31 	36.26 	31.65 	28.39 	24.38 	24.17 	20.61 	21.18 	19.29 	17.25 	15.88 	11.72 	11.14 	9.56 	10.31 
A,I_IUX,PC_IND,PT3	: 	: 	55.89 	52.42 	48.76 	43.23 	37.03 	34.43 	31.43 	28.79 	25.26 	20.85 	22.89 	20.05 	15.26 	13.02 	11.12 	11.22 	10.20 	9.44 
A,I_IUX,PC_IND,PT30	: 	: 	55.89 	52.42 	48.76 	43.23 	37.03 	34.43 	31.43 	28.79 	25.26 	20.85 	22.89 	20.05 	15.26 	13.02 	11.12 	11.22 	10.20 	9.44 
A,I_IUX,PC_IND,RO	74.01 	69.19 	64.08 	62.48 	57.20 	54.21 	47.73 	42.37 	38.60 b	31.80 	30.29 	26.54 	21.22 	17.66 	14.05 	11.36 	10.35 	7.45 	5.32 	4.91 
A,I_IUX,PC_IND,RO1	: 	: 	65.41 	64.70 	56.09 	53.92 	49.62 	42.92 	41.21 b	30.21 	28.20 	25.31 	19.73 	15.30 	13.81 	9.70 	8.08 	7.63 	4.19 	4.42 
A,I_IUX,PC_IND,RO11	: 	: 	62.93 	63.11 	58.18 	56.36 	49.71 	44.63 	42.01 b	33.09 	28.07 	23.98 	16.15 	13.11 	10.36 	8.72 	6.85 	7.30 	3.36 	5.55 
A,I_IUX,PC_IND,RO12	: 	: 	68.07 	66.41 	53.84 	51.28 	49.52 	41.05 	40.32 b	27.01 	28.33 	26.80 	23.73 	17.75 	17.66 	10.79 	9.46 	8.01 	5.12 	3.16 
A,I_IUX,PC_IND,RO2	: 	: 	65.14 	64.16 	59.56 	56.85 	50.81 	44.15 	39.56 b	35.69 	35.46 	31.56 	27.77 	22.67 	16.82 	13.86 	13.13 	8.89 	7.09 	6.10 
A,I_IUX,PC_IND,RO21	: 	: 	66.08 	62.94 	57.84 	55.36 	51.39 	42.18 	37.46 b	34.78 	33.84 	31.35 	25.96 	21.06 	16.60 	11.36 	12.91 	7.11 	6.58 	5.32 
A,I_IUX,PC_IND,RO22	: 	: 	63.95 	65.72 	61.76 	58.75 	50.07 	46.69 	42.21 b	36.84 	37.53 	31.82 	30.10 	24.75 	17.12 	17.13 	13.42 	11.26 	7.76 	7.15 
A,I_IUX,PC_IND,RO3	: 	: 	60.80 	58.36 	54.07 	50.47 	42.94 	39.66 	35.02 b	28.99 	26.36 	24.41 	18.56 	16.82 	13.13 	10.89 	9.75 	6.65 	4.44 	4.23 
A,I_IUX,PC_IND,RO31	: 	: 	69.23 	68.13 	63.24 	58.81 	51.29 	50.59 	47.14 b	38.50 	37.93 	33.70 	28.99 	22.71 	19.48 	14.31 	14.60 	9.87 	6.22 	6.21 
A,I_IUX,PC_IND,RO32	: 	: 	48.72 	44.42 	41.05 	38.72 	31.23 	24.41 	19.35 b	16.73 	11.59 	12.68 	6.43 	9.59 	5.91 	6.76 	4.52 	2.70 	2.35 u	1.84 
A,I_IUX,PC_IND,RO4	: 	: 	65.17 	62.62 	59.11 	55.50 	46.99 	42.54 	38.88 b	32.08 	30.95 	23.86 	17.49 	14.60 	11.80 	10.58 	10.14 	6.15 	5.46 	4.70 
A,I_IUX,PC_IND,RO41	: 	: 	68.41 	66.67 	62.37 	59.96 	52.52 	46.20 	47.33 b	37.75 	31.41 	29.57 	22.88 	20.51 	16.92 	13.24 	12.16 	8.36 	7.31 	5.78 
A,I_IUX,PC_IND,RO42	: 	: 	61.37 	57.89 	55.32 	50.36 	40.63 	38.33 	29.70 b	25.92 	30.46 	17.67 	11.71 	8.29 	6.99 	7.75 	8.02 	3.69 	3.52 	3.51 
A,I_IUX,PC_IND,RS	: 	65.38 	: 	56.40 	: 	: 	: 	: 	: 	30.59 	: 	25.77 	24.24 	19.36 	17.43 	10.43 	10.62 	8.90 	7.35 	5.15 
A,I_IUX,PC_IND,RS1	: 	: 	: 	: 	: 	: 	: 	: 	: 	: 	: 	: 	: 	15.18 	13.76 	8.99 	5.25 	5.44 	4.69 	4.84 
A,I_IUX,PC_IND,RS11	: 	: 	: 	: 	: 	: 	: 	: 	: 	: 	: 	: 	: 	10.25 	7.92 	6.10 	3.95 	3.84 	2.76 u	1.79 
A,I_IUX,PC_IND,RS12	: 	: 	: 	: 	: 	: 	: 	: 	: 	: 	: 	: 	: 	18.71 	18.55 	10.94 	6.43 	6.75 	6.26 	7.70 
A,I_IUX,PC_IND,RS2	: 	: 	: 	: 	: 	: 	: 	: 	: 	: 	: 	: 	: 	23.14 	20.55 	11.71 	14.50 	12.17 	10.15 	5.49 
A,I_IUX,PC_IND,RS21	: 	: 	: 	: 	: 	: 	: 	: 	: 	: 	: 	: 	: 	21.03 	20.47 	10.00 	12.69 	9.32 	8.72 	5.40 
A,I_IUX,PC_IND,RS22	: 	: 	: 	: 	: 	: 	: 	: 	: 	: 	: 	: 	: 	25.66 	20.65 	13.67 	17.04 	15.51 	12.07 	5.60 
A,I_IUX,PC_IND,SE	9.52 	14.79 	8.64 	7.35 	6.77 	4.62 	5.44 	3.73 	5.50 	4.52 	2.53 b	2.25 	4.31 	1.81 	1.19 	1.37 	1.13 	0.91 	0.69 u	0.34 
A,I_IUX,PC_IND,SE1	: 	: 	6.83 	5.59 	5.75 	3.59 	5.04 	2.65 	3.81 	3.55 	0.79 b	1.04 	3.00 	1.41 	0.60 	1.02 	0.99 	0.93 	: u	0.25 
A,I_IUX,PC_IND,SE11	: 	: 	: 	3.30 	5.49 	2.22 	5.50 	3.05 	3.53 	3.16 	0.82 b	0.93 	2.10 	1.64 	0.33 	0.91 	0.27 	1.34 	: u	0.17 
A,I_IUX,PC_IND,SE12	: 	: 	: 	8.53 	6.09 	5.42 	4.42 	2.08 	4.19 	4.07 	0.76 b	1.16 	4.17 	1.05 	0.96 	1.19 	1.90 	0.38 	: u	0.36 
A,I_IUX,PC_IND,SE2	: 	: 	8.62 	8.58 	6.95 	4.83 	5.23 	4.28 	5.63 	4.45 	3.17 b	2.94 	4.91 	1.76 	1.23 	1.59 	0.87 	0.99 	: u	0.38 
A,I_IUX,PC_IND,SE21	: 	: 	: 	10.03 	9.78 	6.37 	7.88 	5.68 	6.55 	7.10 	5.17 b	4.80 	7.52 	1.33 	1.61 	1.33 	0 	0.39 	: u	0.30 
A,I_IUX,PC_IND,SE22	: 	: 	: 	8.34 	6.67 	3.85 	5.22 	3.83 	6.34 	5.73 	2.31 b	2.97 	3.79 	1.90 	0.95 	1.93 	0.55 	0.79 	: u	0.51 
A,I_IUX,PC_IND,SE23	: 	: 	: 	8.12 	5.95 	4.80 	4.14 	3.99 	4.79 	2.57 	3.00 b	1.94 	4.46 	1.83 	1.25 	1.45 	1.48 	1.44 	: u	0.32 
A,I_IUX,PC_IND,SE3	: 	: 	12.19 	8.08 	8.40 	6.27 	6.82 	4.72 	8.58 	6.89 	4.92 b	3.41 	5.99 	2.89 	2.54 	1.67 	2.22 	0.68 	: u	0.45 
A,I_IUX,PC_IND,SE31	: 	: 	: 	7.15 	7.75 	6.57 	8.46 	5.17 	10.82 	9.12 	6.16 b	5.65 	5.55 	5.08 	3.84 	1.85 	2.16 	1.02 	: u	0.35 
A,I_IUX,PC_IND,SE32	: 	: 	: 	8.71 	10.27 	8.07 	7.68 	3.24 u	6.15 	7.11 	8.26 b	0 u	8.32 u	2.25 u	2.23 	0.73 	2.54 	0.51 	: u	0.35 
A,I_IUX,PC_IND,SE33	: 	: 	: 	9.13 	8.19 	4.38 	3.74 	5.00 	6.32 	2.66 	0.78 b	2.49 	5.14 	0.82 	0.51 	2.02 	2.08 	0.26 	: u	0.67 
A,I_IUX,PC_IND,SI	43.49 	39.46 	39.79 	33.00 	28.45 	29.10 	27.98 	22.59 	24.06 	22.13 	21.90 	17.62 	16.02 	13.00 	11.12 	7.82 	8.62 	7.96 	7.01 	6.31 
A,I_IUX,PC_IND,SI0	: 	: 	39.79 	33.00 	28.45 	29.10 	27.98 	22.59 	24.06 	22.13 	21.90 	17.62 	16.02 	13.00 	11.12 	7.82 	8.62 	7.96 	7.01 	6.31 
A,I_IUX,PC_IND,SI01	: 	: 	: 	: 	: 	: 	: 	: 	27.08 	: 	: 	: 	: 	: 	: 	: 	: 	: 	: 	: 
A,I_IUX,PC_IND,SI02	: 	: 	: 	: 	: 	: 	: 	: 	20.67 	: 	: 	: 	: 	: 	: 	: 	: 	: 	: 	: 
A,I_IUX,PC_IND,SI03	: 	: 	: 	: 	: 	: 	: 	: 	: 	26.89 	26.03 	20.03 	19.35 	16.25 	13.19 	10.41 	11.09 	10.69 	9.11 	9.16 
A,I_IUX,PC_IND,SI04	: 	: 	: 	: 	: 	: 	: 	: 	: 	16.68 	17.13 	14.85 	12.24 	9.35 	8.81 	4.93 	5.88 	4.92 	4.68 	3.17 
A,I_IUX,PC_IND,SK	40.87 	35.01 	24.62 	21.90 	17.49 	19.54 	17.68 	15.25 	14.60 	16.26 	15.07 	14.04 	13.35 	11.71 	6.74 	7.75 	7.48 	8.64 	6.15 	4.30 
A,I_IUX,PC_IND,SK0	: 	: 	: 	21.90 	17.49 	19.54 	17.68 	15.25 	14.60 	16.26 	15.07 	14.04 	13.35 	11.71 	6.74 	7.75 	7.48 	8.64 	6.15 	4.30 
A,I_IUX,PC_IND,SK01	: 	: 	23.22 	19.88 	16.38 	14.30 	11.48 	9.60 	10.56 	12.86 	12.33 	11.85 	8.41 	10.38 	3.91 	2.10 	1.82 	2.95 	: u	0.23 
A,I_IUX,PC_IND,SK02	: 	: 	25.11 	21.21 	18.94 	20.36 	19.55 	16.46 	16.29 	17.30 	15.88 	14.56 	14.16 	11.27 	7.04 	8.00 	7.68 	10.88 	7.08 	5.95 
A,I_IUX,PC_IND,SK03	: 	: 	24.11 	23.97 	16.82 	20.93 	21.60 	16.86 	15.64 	17.15 	15.42 	14.63 	12.21 	11.10 	6.52 	7.43 	9.14 	8.80 	5.79 	3.57 
A,I_IUX,PC_IND,SK04	: 	: 	25.06 	21.78 	16.74 	19.58 	14.39 	14.60 	13.30 	15.61 	14.92 	13.80 	15.35 	13.27 	7.74 	10.05 	8.44 	8.49 	7.01 	4.89 
A,I_IUX,PC_IND,TR	: 	69.86 	64.15 	61.86 	58.36 	: 	52.56 	51.10 	46.22 	44.08 	38.84 	33.15 	27.11 	24.66 	21.02 	17.37 	14.99 	12.88 	11.20 	9.09 
A,I_IUX,PC_IND,TR1	: 	: 	: 	: 	: 	: 	39.14 	38.63 	35.58 	32.91 	28.23 	21.38 	16.01 	13.43 	11.32 	9.14 	6.92 	6.88 	4.73 	3.48 
A,I_IUX,PC_IND,TR2	: 	: 	: 	: 	: 	: 	56.01 	47.82 	47.40 	40.61 	40.90 	35.60 	29.97 	28.40 	22.16 	21.58 	16.44 	14.32 	13.61 	11.16 
A,I_IUX,PC_IND,TR3	: 	: 	: 	: 	: 	: 	50.34 	50.27 	44.84 	43.05 	40.93 	33.79 	26.53 	24.24 	19.57 	18.83 	17.09 	11.75 	11.64 	9.79 
A,I_IUX,PC_IND,TR4	: 	: 	: 	: 	: 	: 	43.67 	44.73 	41.72 	40.85 	35.05 	31.76 	23.30 	22.30 	17.11 	14.88 	12.41 	11.62 	8.73 	6.65 
A,I_IUX,PC_IND,TR5	: 	: 	: 	: 	: 	: 	42.92 	41.51 	41.37 	38.06 	31.79 	24.46 	20.19 	16.66 	14.53 	11.91 	11.11 	11.39 	10.15 	8.20 
A,I_IUX,PC_IND,TR6	: 	: 	: 	: 	: 	: 	57.07 	56.33 	46.77 	47.38 	37.82 	32.29 	28.31 	25.48 	22.21 	19.27 	16.19 	15.04 	11.47 	9.79 
A,I_IUX,PC_IND,TR7	: 	: 	: 	: 	: 	: 	57.80 	53.81 	48.63 	48.55 	41.22 	34.90 	30.65 	23.25 	22.77 	19.65 	16.42 	14.61 	14.27 	10.41 
A,I_IUX,PC_IND,TR8	: 	: 	: 	: 	: 	: 	61.40 	60.17 	54.45 	50.01 	45.29 	38.68 	34.43 	30.47 	29.81 	23.83 	18.96 	18.93 	16.34 	12.34 
A,I_IUX,PC_IND,TR9	: 	: 	: 	: 	: 	: 	66.55 	59.54 	48.06 	47.87 	47.16 	39.49 	32.25 	33.34 	27.46 	20.06 	19.66 	18.47 	17.87 	13.98 
A,I_IUX,PC_IND,TRA	: 	: 	: 	: 	: 	: 	67.79 	66.72 	59.57 	59.78 	51.36 	50.95 	48.13 	38.69 	32.25 	31.64 	29.54 	18.61 	20.99 	14.31 
A,I_IUX,PC_IND,TRB	: 	: 	: 	: 	: 	: 	65.89 	68.97 	62.44 	59.81 	54.74 	47.11 	39.65 	36.80 	31.96 	25.21 	24.65 	18.71 	19.61 	19.73 
A,I_IUX,PC_IND,TRC	: 	: 	: 	: 	: 	: 	70.56 	65.47 	60.98 	56.89 	51.52 	50.85 	41.60 	41.63 	36.17 	23.08 	20.80 	16.00 	13.39 	10.91 
A,I_IUX,PC_IND,UK	29.01 	22.10 	18.91 	14.81 	12.67 	11.23 	10.11 	7.99 	5.53 	6.15 	3.85 	3.90 	4.31 	3.17 	1.53 	: 	: 	: 	: 	: 
A,I_IUX,PC_IND,UKC	: 	: 	28.07 	: u	21.10 	19.34 	19.91 	14.21 	5.78 	8.54 	7.79 	6.73 	7.90 	1.14 	3.04 	: 	: 	: 	: 	: 
A,I_IUX,PC_IND,UKD	: 	: 	23.92 	17.85 	11.57 	11.43 	10.16 	11.46 	6.38 	11.86 	4.60 	4.71 	2.58 	4.23 	3.31 	: 	: 	: 	: 	: 
A,I_IUX,PC_IND,UKE	: 	: 	24.01 	15.45 	17.19 	13.75 	8.63 	9.99 	8.27 	5.29 	5.41 	4.29 	8.07 	2.70 	2.79 	: 	: 	: 	: 	: 
A,I_IUX,PC_IND,UKF	: 	: 	22.12 	: u	11.23 	12.65 	7.69 	8.54 	4.21 	4.34 	2.92 	5.60 	3.19 	7.63 	3.49 	: 	: 	: 	: 	: 
A,I_IUX,PC_IND,UKG	: 	: 	20.76 	16.28 	13.42 	10.85 	11.39 	9.04 	3.90 	10.08 	5.54 	2.92 	4.50 	5.41 	1.43 	: 	: 	: 	: 	: 
A,I_IUX,PC_IND,UKH	: 	: 	13.48 	15.64 	9.37 	10.90 	11.03 	6.48 	5.88 	3.61 	4.09 	4.63 	7.38 	1.80 	1.30 	: 	: 	: 	: 	: 
A,I_IUX,PC_IND,UKI	: 	: 	16.11 	12.53 	8.08 	11.48 	8.15 	4.62 	3.75 	5.83 	2.34 	3.37 	3.36 	1.77 	0 	: 	: 	: 	: 	: 
A,I_IUX,PC_IND,UKJ	: 	: 	12.11 	11.04 	12.32 	8.22 	6.80 	5.44 	4.59 	2.66 	1.26 	2.38 	2.93 	1.29 	0.35 	: 	: 	: 	: 	: 
A,I_IUX,PC_IND,UKK	: 	: 	16.57 	12.12 	11.56 	7.95 	7.66 	3.47 	7.07 	5.86 	2.40 	2.33 	1.59 	1.76 	0.88 	: 	: 	: 	: 	: 
A,I_IUX,PC_IND,UKL	: 	: 	20.22 	: u	: u	17.31 	12.32 	10.89 	5.76 	12.86 	6.91 	3.73 	2.09 	5.09 	1.96 	: 	: 	: 	: 	: 
A,I_IUX,PC_IND,UKM	: 	: 	18.62 	21.10 	17.30 	8.36 	16.06 	9.36 	6.34 	4.45 	3.23 	4.03 	5.71 	3.68 	0.66 	: 	: 	: 	: 	: 
A,I_IUX,PC_IND,UKN	: 	: 	: u	: u	: u	: 	: 	11.11 	6.75 	7.30 	7.57 	6.07 	4.99 	5.18 	: 	: 	: 	: 	: 	: 
A,I_IUX,PC_IND,XK	: 	: 	: 	: 	: 	: 	: 	: 	: 	: 	: 	13.05 	10.78 	8.06 	2.38 	: 	: 	: 	0.40 	1.26 
