precinct_county_nce,precinct_county_name,precinct_name,precinct_nr,uat_name,uat_siruta,report_version,report_stage_code,report_type_scope_code,report_type_category_code,report_type_code,created_at,a,a1,a2,a3,b,b1,b2,b3,c,d,e,f,g,"ALIANȚA USR PLUS-voturi","PARTIDUL NAȚIONAL LIBERAL-voturi","UNIUNEA DEMOCRATĂ MAGHIARĂ DIN ROMÂNIA-voturi","PARTIDUL MIȘCAREA POPULARĂ-voturi","PARTIDUL PRO ROMÂNIA-voturi","PARTIDUL SOCIAL DEMOCRAT-voturi","PARTIDUL NAȚIUNEA ROMÂNĂ-voturi","PARTIDUL NOUA DREAPTĂ-voturi","PARTIDUL ROMÂNIA MARE-voturi","ALIANȚA PENTRU UNIREA ROMÂNILOR-voturi","PARTIDUL SOCIALIST ROMÂN-voturi","PARTIDUL VERDE-voturi","PARTIDUL PUTERII UMANISTE (SOCIAL-LIBERAL)-voturi","PARTIDUL SOCIAL DEMOCRAT AL MUNCITORILOR-voturi","PARTIDUL ECOLOGIST ROMÂN-voturi","PARTIDUL NOUA ROMÂNIE-voturi","UNIUNEA BULGARĂ DIN BANAT-ROMÂNIA-voturi","UNIUNEA SÂRBILOR DIN ROMÂNIA-voturi","UNIUNEA CULTURALĂ A RUTENILOR DIN ROMÂNIA-voturi","UNIUNEA UCRAINENILOR DIN ROMÂNIA-voturi","UNIUNEA ELENĂ DIN ROMÂNIA-voturi","UNIUNEA POLONEZILOR DIN ROMÂNIA-voturi","COMUNITATEA RUȘILOR LIPOVENI DIN ROMÂNIA-voturi","UNIUNEA ARMENILOR DIN ROMÂNIA-voturi","UNIUNEA DEMOCRATĂ TURCĂ DIN ROMÂNIA-voturi","FEDERAȚIA COMUNITĂȚILOR EVREIEȘTI DIN ROMÂNIA-voturi","UNIUNEA DEMOCRATICĂ A SLOVACILOR ȘI CEHILOR DIN ROMÂNIA-voturi","ASOCIAȚIA MACEDONENILOR DIN ROMÂNIA-voturi","FORUMUL DEMOCRAT AL GERMANILOR DIN ROMÂNIA-voturi","UNIUNEA CROAȚILOR DIN ROMÂNIA-voturi","ASOCIAȚIA LIGA ALBANEZILOR DIN ROMÂNIA-voturi","ASOCIAȚIA ITALIENILOR DIN ROMÂNIA – RO.AS.IT.-voturi","ASOCIAȚIA PARTIDA ROMILOR “PRO-EUROPA”-voturi","BACIU VIRGIL-CANDIDAT INDEPENDENT-voturi"
3,ARGEŞ,"BIBLIOTECA JUDEŢEANĂ ARGEŞ ”DINICU GOLESCU”",1,"MUNICIPIUL PITEŞTI",13169,1,PROV,PRCNCT,CD,CD_SV,"2021-01-21 12:30:02",1184,1135,49,0,418,369,49,0,1343,925,410,8,0,98,82,1,23,22,143,1,1,2,15,1,5,3,0,7,2,0,0,0,0,0,0,0,0,0,0,0,0,0,0,0,1,1,2
3,ARGEŞ,"COLEGIUL ECONOMIC ”MARIA TEIULEANU”",2,"MUNICIPIUL PITEŞTI",13169,2,PART,PRCNCT,CD,CD_SV,"2021-01-21 12:30:02",1136,1106,30,0,452,422,30,0,1200,748,448,2,0,118,108,0,20,16,137,1,1,0,17,4,4,4,0,4,3,0,0,0,0,0,0,0,0,0,0,0,0,1,2,0,0,0,8
3,ARGEŞ,"ŞCOALA GIMNAZIALĂ ”ION PILLAT” ( FOSTĂ ŞCOALĂ NR.3)",3,"MUNICIPIUL PITEŞTI",13169,1,PROV,PRCNCT,CD,CD_SV,"2021-01-21 12:30:02",1062,1037,23,2,366,341,23,2,1100,734,363,3,0,88,84,1,25,17,114,1,0,0,19,2,1,0,1,4,1,0,0,0,0,1,0,0,0,0,0,0,0,0,0,0,0,0,4
3,ARGEŞ,"COLEGIUL ECONOMIC ”MARIA TEIULEANU” (FOST LICEUL TEHNOLOGIC „ION MINCU”)",4,"MUNICIPIUL PITEŞTI",13169,1,PROV,PRCNCT,CD,CD_SV,"2021-01-21 12:30:02",1489,1464,13,12,544,519,13,12,1600,1056,536,7,1,136,121,3,30,27,155,1,1,3,33,1,0,2,3,3,3,0,0,0,1,1,0,0,0,0,0,0,0,0,0,0,0,0,12
3,ARGEŞ,"ŞCOALA GIMNAZIALĂ ” NEGRU VODĂ” ( FOSTĂ ŞCOALA NR. 12)",5,"MUNICIPIUL PITEŞTI",13169,1,PROV,PRCNCT,CD,CD_SV,"2021-01-21 12:30:02",1725,1706,19,0,494,475,19,0,1800,1306,481,11,2,106,91,2,25,32,175,0,0,1,23,0,2,5,0,5,1,0,2,0,0,0,2,0,0,0,0,0,0,0,0,0,0,0,9
3,ARGEŞ,"ŞCOALA GIMNAZIALĂ ” NEGRU VODĂ” ( FOSTĂ ŞCOALA NR. 12)",6,"MUNICIPIUL PITEŞTI",13169,1,PROV,PRCNCT,CD,CD_SV,"2021-01-21 12:30:02",1875,1853,22,0,458,436,22,0,2000,1542,454,4,0,120,71,1,25,18,158,0,0,1,33,1,1,3,3,5,2,1,0,0,0,0,1,0,0,0,0,1,0,1,0,0,0,0,8
3,ARGEŞ,"ŞCOALA GIMNAZIALĂ ” NEGRU VODĂ” ( FOSTĂ ŞCOALA NR. 12)",7,"MUNICIPIUL PITEŞTI",13169,1,PROV,PRCNCT,CD,CD_SV,"2021-01-21 12:30:02",1712,1705,7,0,424,417,7,0,1900,1476,419,5,0,65,76,2,27,24,174,0,1,2,24,4,4,1,2,5,0,0,1,0,0,0,0,0,0,1,0,0,0,0,0,0,0,0,6
3,ARGEŞ,"ŞCOALA GIMNAZIALĂ ” NEGRU VODĂ” ( FOSTĂ ŞCOALA NR. 12)",8,"MUNICIPIUL PITEŞTI",13169,1,PROV,PRCNCT,CD,CD_SV,"2021-01-21 12:30:02",1864,1847,17,0,536,519,17,0,2000,1464,527,8,1,101,100,1,13,21,189,2,2,5,53,3,10,4,4,2,0,1,0,0,0,1,1,1,0,0,0,1,0,1,1,1,0,0,9
3,ARGEŞ,"GRĂDINIŢA CU PROGRAM PRELUNGIT ” MICUL PRINŢ” (FOSTA GRĂDINIŢA CU PROGRAM PRELUNGIT NR. 13",9,"MUNICIPIUL PITEŞTI",13169,1,PROV,PRCNCT,CD,CD_SV,"2021-01-21 12:30:02",1961,1937,21,3,618,594,21,3,2100,1482,611,6,1,169,102,0,22,28,234,2,2,2,35,0,2,1,0,5,0,0,1,1,0,0,0,0,0,0,0,0,0,0,0,0,0,2,3
3,ARGEŞ,"ŞCOALA GIMNAZIALĂ ”MIRCEA CEL BĂTRAN” (FOSTĂ ŞCOALA NR. 13)",10,"MUNICIPIUL PITEŞTI",13169,1,PROV,PRCNCT,CD,CD_SV,"2021-01-21 12:30:02",1845,1823,22,0,549,527,22,0,2000,1451,541,8,0,116,85,0,27,31,211,3,2,3,33,4,0,2,2,6,3,0,0,0,0,0,0,0,0,0,0,0,1,0,0,2,0,0,10
3,ARGEŞ,"ŞCOALA GIMNAZIALĂ ”MIRCEA CEL BĂTRAN” (FOSTĂ ŞCOALA NR. 13)",11,"MUNICIPIUL PITEŞTI",13169,1,PROV,PRCNCT,CD,CD_SV,"2021-01-21 12:30:02",1826,1813,13,0,536,523,13,0,2000,1464,533,2,1,109,85,1,21,40,201,1,1,0,32,1,4,8,1,6,2,0,0,0,0,1,0,0,0,1,0,0,0,1,0,1,0,0,16
3,ARGEŞ,"ŞCOALA GIMNAZIALĂ ”MIRCEA CEL BĂTRAN” (FOSTĂ ŞCOALA NR. 13)",12,"MUNICIPIUL PITEŞTI",13169,1,PROV,PRCNCT,CD,CD_SV,"2021-01-21 12:30:02",1924,1907,17,0,578,561,17,0,2100,1522,573,4,1,122,86,1,19,34,243,1,2,4,31,1,0,8,3,9,1,0,0,0,0,0,0,0,0,0,0,0,0,0,0,0,0,1,7
3,ARGEŞ,"ŞCOALA GIMNAZIALĂ ”MIRCEA CEL BĂTRAN” (FOSTĂ ŞCOALA NR. 13)",13,"MUNICIPIUL PITEŞTI",13169,1,PROV,PRCNCT,CD,CD_SV,"2021-01-21 12:30:02",1826,1795,31,0,555,524,31,0,1900,1345,548,6,1,109,94,1,20,34,227,1,0,3,31,3,10,3,0,6,0,0,0,0,0,1,0,0,2,1,0,0,0,0,0,0,0,0,2
3,ARGEŞ,"GRĂDINIŢA CU PROGRAM PRELUNGIT ”LUMINIŞUL PĂDURII” (FOSTĂ GRĂDINIŢĂ NR. 6)",14,"MUNICIPIUL PITEŞTI",13169,2,PART,PRCNCT,CD,CD_SV,"2021-01-21 12:30:02",1386,1369,17,0,447,430,17,0,1500,1053,443,3,1,99,94,0,10,13,172,0,0,1,23,2,3,6,0,10,3,0,0,1,0,0,0,0,0,0,0,0,0,0,0,0,1,0,5
3,ARGEŞ,"GRĂDINIŢA CU PROGRAM PRELUNGIT ”LUMINIŞUL PĂDURII” (FOSTĂ GRĂDINIŢĂ NR. 6)",15,"MUNICIPIUL PITEŞTI",13169,1,PROV,PRCNCT,CD,CD_SV,"2021-01-21 12:30:02",1682,1663,17,2,530,511,17,2,1800,1270,520,9,1,110,107,1,18,21,200,1,4,1,31,1,2,4,2,10,0,1,0,0,0,0,0,1,0,0,0,0,1,0,0,0,0,0,4
3,ARGEŞ,"LICEUL TEHNOLOGIC ”DACIA” (FOST GRUP ŞCOLAR INDUSTRIAL CONSTRUCŢII MAŞINI)",16,"MUNICIPIUL PITEŞTI",13169,1,PROV,PRCNCT,CD,CD_SV,"2021-01-21 12:30:02",1518,1488,29,1,571,541,29,1,1600,1029,565,5,1,148,134,2,31,26,180,0,1,4,18,2,1,3,0,7,0,0,0,0,0,0,0,0,1,0,0,0,0,0,0,0,0,0,7
3,ARGEŞ,"COLEGIUL NAŢIONAL ”ION C. BRĂTIANU”",17,"MUNICIPIUL PITEŞTI",13169,1,PROV,PRCNCT,CD,CD_SV,"2021-01-21 12:30:02",917,883,32,2,329,295,32,2,1000,671,327,1,1,80,91,1,12,8,95,1,2,1,19,1,1,2,0,3,0,0,0,0,0,0,0,0,0,0,0,0,0,0,0,0,0,0,10
3,ARGEŞ,"ŞCOALA NR.1 - STRUCTURĂ A ŞCOLII GIMNAZIALE „NICOLAE BĂLCESCU” (FOSTA ŞCOALA GIMNAZIALĂ NR.9)",18,"MUNICIPIUL PITEŞTI",13169,1,PROV,PRCNCT,CD,CD_SV,"2021-01-21 12:30:02",1690,1675,15,0,548,533,15,0,1800,1252,540,5,3,113,128,1,31,30,186,2,0,2,22,5,0,4,2,6,0,0,0,0,0,0,0,0,0,0,0,0,0,0,0,0,0,0,8
3,ARGEŞ,"ŞCOALA NR.1 - STRUCTURĂ A ŞCOLII GIMNAZIALE „NICOLAE BĂLCESCU” (FOSTA ŞCOALA GIMNAZIALĂ NR.9)",19,"MUNICIPIUL PITEŞTI",13169,1,PROV,PRCNCT,CD,CD_SV,"2021-01-21 12:30:02",1652,1625,11,16,562,535,11,16,1800,1238,553,8,1,106,146,2,21,20,188,3,1,2,38,1,1,5,0,6,0,0,0,0,0,0,0,0,0,0,1,0,0,3,0,0,0,2,7
3,ARGEŞ,"UNIVERSITATEA „CONSTANTIN BRÂNCOVEANU” (INTRAREA C)",20,"MUNICIPIUL PITEŞTI",13169,1,PROV,PRCNCT,CD,CD_SV,"2021-01-21 12:30:02",1538,1510,28,0,408,380,28,0,1700,1292,404,3,1,99,64,0,12,27,149,1,2,2,20,2,5,3,2,6,1,0,0,0,0,3,0,0,0,0,0,0,0,0,0,0,0,2,4
3,ARGEŞ,"ŞCOALA GIMNAZIALĂ „ALEXANDRU DAVILA” (INTRAREA B) (FOSTA ŞCOALĂ NR.14)",21,"MUNICIPIUL PITEŞTI",13169,1,PROV,PRCNCT,CD,CD_SV,"2021-01-21 12:30:02",1160,1136,24,0,332,308,24,0,1200,868,330,2,0,93,47,0,10,36,102,2,0,2,27,3,0,0,0,2,0,0,0,0,0,0,0,0,0,0,0,0,0,0,0,0,1,0,5
3,ARGEŞ,"ŞCOALA GIMNAZIALĂ ”NICOLAE BĂLCESCU” ( FOSTA ŞCOALĂ NR.6)",22,"MUNICIPIUL PITEŞTI",13169,1,PROV,PRCNCT,CD,CD_SV,"2021-01-21 12:30:02",1761,1735,24,2,553,527,24,2,1900,1347,545,7,1,131,92,1,22,18,216,1,3,1,29,1,2,7,0,11,1,0,0,0,0,0,0,0,0,0,0,0,0,1,1,2,0,0,5
3,ARGEŞ,"ŞCOALA GIMNAZIALĂ ”NICOLAE BĂLCESCU” ( FOSTA ŞCOALĂ NR.6)",23,"MUNICIPIUL PITEŞTI",13169,3,PART,PRCNCT,CD,CD_SV,"2021-01-21 12:30:02",1691,1666,25,0,399,374,25,0,1800,1401,393,6,0,69,62,2,17,11,166,1,0,2,42,2,2,7,3,3,1,1,1,0,0,0,0,0,0,0,0,0,0,1,0,0,0,0,0
3,ARGEŞ,"ŞCOALA GIMNAZIALĂ ”NICOLAE BĂLCESCU” ( FOSTA ŞCOALĂ NR.6)",24,"MUNICIPIUL PITEŞTI",13169,1,PROV,PRCNCT,CD,CD_SV,"2021-01-21 12:30:02",1725,1708,17,0,483,466,17,0,1900,1417,477,6,0,106,81,0,18,17,185,3,1,0,44,2,5,3,1,3,4,0,0,0,0,0,0,0,0,0,0,0,0,0,0,0,0,0,4
3,ARGEŞ,"ŞCOALA GIMNAZIALĂ ”NICOLAE BĂLCESCU” ( FOSTA ŞCOALĂ NR.6)",25,"MUNICIPIUL PITEŞTI",13169,1,PROV,PRCNCT,CD,CD_SV,"2021-01-21 12:30:02",1751,1739,12,0,475,463,12,0,1900,1425,470,4,1,119,84,2,13,24,177,0,2,5,25,0,3,1,0,3,2,0,0,0,0,0,0,0,0,0,0,0,0,2,0,0,0,0,8
3,ARGEŞ,"GRĂDINIŢA CU PROGRAM PRELUNGIT ”ALBĂ CA ZĂPADA” ( FOSTA GRĂDINIŢĂ NR. 10)",26,"MUNICIPIUL PITEŞTI",13169,1,PROV,PRCNCT,CD,CD_SV,"2021-01-21 12:30:02",1830,1810,20,0,475,455,20,0,2000,1525,464,9,2,89,63,0,15,25,189,0,0,4,46,3,2,1,1,10,2,0,0,0,0,0,0,0,0,0,0,0,0,0,0,0,0,0,14
3,ARGEŞ,"ŞCOALA GIMNAZIALĂ ”ADRIAN PĂUNESCU” (FOSTĂ ŞCOALA NR. 15 )",27,"MUNICIPIUL PITEŞTI",13169,1,PROV,PRCNCT,CD,CD_SV,"2021-01-21 12:30:02",1776,1743,33,0,535,502,33,0,1900,1365,520,12,3,76,104,3,20,24,223,1,1,2,41,0,3,7,1,2,1,0,1,0,0,1,0,0,0,0,0,0,0,0,0,0,1,0,8
3,ARGEŞ,"ŞCOALA GIMNAZIALĂ ”ADRIAN PĂUNESCU” (FOSTĂ ŞCOALA NR. 15 )",28,"MUNICIPIUL PITEŞTI",13169,1,PROV,PRCNCT,CD,CD_SV,"2021-01-21 12:30:02",1820,1790,25,5,538,508,25,5,1900,1362,525,9,4,95,78,1,23,39,214,2,0,4,39,3,4,6,2,4,0,0,1,0,0,1,0,0,1,0,0,0,0,0,1,0,0,0,7
3,ARGEŞ,"SC APĂ CANAL 2000 SA",29,"MUNICIPIUL PITEŞTI",13169,1,PROV,PRCNCT,CD,CD_SV,"2021-01-21 12:30:02",1885,1864,21,0,561,540,21,0,2000,1439,557,4,0,151,100,0,21,25,198,2,1,1,31,2,3,5,2,3,4,0,1,0,0,0,0,0,0,0,0,0,1,0,0,1,0,0,5
3,ARGEŞ,"S.C. LISA DRAXLMAIER S.A.",30,"MUNICIPIUL PITEŞTI",13169,1,PROV,PRCNCT,CD,CD_SV,"2021-01-21 12:30:02",1836,1816,17,3,609,589,17,3,2000,1391,588,11,1,144,77,1,8,36,247,2,1,5,40,4,1,3,0,7,0,1,0,1,0,1,0,0,0,0,0,0,0,0,0,0,0,0,9
3,ARGEŞ,"COMALIMENT-TITAN SA",31,"MUNICIPIUL PITEŞTI",13169,1,PROV,PRCNCT,CD,CD_SV,"2021-01-21 12:30:02",2043,2016,27,0,570,543,27,0,2200,1630,557,12,1,114,78,1,30,34,187,4,0,6,68,1,6,8,0,11,1,0,0,0,0,0,0,0,0,0,0,0,1,0,0,0,0,3,4
3,ARGEŞ,"LICEUL TEORETIC ”ION CANTACUZINIO”",32,"MUNICIPIUL PITEŞTI",13169,1,PROV,PRCNCT,CD,CD_SV,"2021-01-21 12:30:02",1839,1823,16,0,532,516,16,0,2000,1468,526,4,2,118,75,1,18,30,210,1,0,6,28,3,6,7,3,7,1,0,0,0,0,0,0,0,1,0,0,0,0,1,0,0,0,0,10
3,ARGEŞ,"LICEUL TEORETIC ”ION CANTACUZINIO”",33,"MUNICIPIUL PITEŞTI",13169,1,PROV,PRCNCT,CD,CD_SV,"2021-01-21 12:30:02",1941,1915,26,0,670,644,26,0,2100,1430,657,11,2,161,106,3,26,38,245,2,2,3,46,2,2,3,2,7,1,0,0,0,0,0,0,0,0,0,1,0,0,0,0,1,0,0,6
3,ARGEŞ,"LICEUL TEORETIC ” ION CANTACUZINO”",34,"MUNICIPIUL PITEŞTI",13169,1,PROV,PRCNCT,CD,CD_SV,"2021-01-21 12:30:02",1745,1726,19,0,478,459,19,0,1900,1422,470,7,1,81,83,0,30,39,193,0,2,3,21,1,3,3,1,4,0,0,0,0,0,0,0,1,0,2,0,0,0,1,0,0,0,0,2
3,ARGEŞ,"LICEUL TEORETIC ”ION CANTACUZINO” (INTRAREA D)",35,"MUNICIPIUL PITEŞTI",13169,1,PROV,PRCNCT,CD,CD_SV,"2021-01-21 12:30:02",1681,1604,13,64,580,503,13,64,1800,1220,573,7,0,114,118,0,14,28,236,7,2,3,23,1,3,1,0,5,3,0,0,0,0,0,0,0,0,1,0,0,0,1,0,1,0,0,12
3,ARGEŞ,"ŞCOALA GIMNAZIALĂ ”MATEI BASARAB” ( FOSTA ŞCOALA NR. 19)",36,"MUNICIPIUL PITEŞTI",13169,1,PROV,PRCNCT,CD,CD_SV,"2021-01-21 12:30:02",1932,1918,14,0,612,598,14,0,2100,1488,604,5,3,183,105,2,18,29,203,0,3,2,36,1,1,7,0,7,1,0,0,0,0,0,0,0,0,0,0,1,0,0,0,0,0,0,5
3,ARGEŞ,"ŞCOALA GIMNAZIALĂ ”MATEI BASARAB” ( FOSTA ŞCOALA NR. 19)",37,"MUNICIPIUL PITEŞTI",13169,2,PART,PRCNCT,CD,CD_SV,"2021-01-21 12:30:02",1997,1980,17,0,765,748,17,0,2200,1435,760,4,1,224,159,1,27,27,241,1,2,3,39,1,4,8,0,8,1,1,0,0,0,0,0,0,1,0,0,0,0,0,0,0,0,0,12
3,ARGEŞ,"ŞCOALA GIMNAZIALĂ „MATEI BASARAB” (FOSTA ŞCOALĂ NR.19)",38,"MUNICIPIUL PITEŞTI",13169,1,PROV,PRCNCT,CD,CD_SV,"2021-01-21 12:30:02",1875,1852,23,0,625,602,23,0,2000,1375,616,7,2,171,125,1,20,29,220,0,3,0,26,5,2,1,0,4,0,0,0,0,1,0,0,2,0,0,1,0,0,5,0,0,0,0,0
3,ARGEŞ,"UNIVERSITATEA ”CONSTANTIN BRÂNCOVEANU”",39,"MUNICIPIUL PITEŞTI",13169,1,PROV,PRCNCT,CD,CD_SV,"2021-01-21 12:30:02",1487,1467,20,0,450,430,20,0,1600,1150,438,12,0,108,81,2,16,18,145,1,2,3,39,1,2,4,2,2,1,0,0,0,0,0,0,1,0,0,0,0,0,1,0,0,0,0,9
3,ARGEŞ,"UNIVERSITATEA ”CONSTANTIN BRÂNCOVEANU”",40,"MUNICIPIUL PITEŞTI",13169,1,PROV,PRCNCT,CD,CD_SV,"2021-01-21 12:30:02",1587,1574,13,0,442,429,13,0,1800,1358,434,8,0,107,79,0,8,27,160,0,2,1,20,2,6,3,0,10,1,0,0,0,0,0,2,0,0,0,0,0,0,0,0,0,2,0,4
3,ARGEŞ,"ŞCOALA GIMNAZIALĂ ”ALEXANDRU DAVILA” (FOSTĂ ŞCOALĂ NR.14)",41,"MUNICIPIUL PITEŞTI",13169,1,PROV,PRCNCT,CD,CD_SV,"2021-01-21 12:30:02",1834,1815,18,1,571,552,18,1,2000,1429,557,14,0,144,110,0,20,31,171,0,2,3,47,2,4,4,0,3,1,0,1,0,0,1,0,0,2,0,0,0,0,2,0,1,0,0,8
3,ARGEŞ,"ŞCOALA GIMNAZIALĂ ”MARIN PREDA” (FOSTA ŞCOALĂ NR.10)",42,"MUNICIPIUL PITEŞTI",13169,1,PROV,PRCNCT,CD,CD_SV,"2021-01-21 12:30:02",1766,1740,26,0,585,559,26,0,1900,1315,581,4,0,149,120,1,19,15,189,2,0,3,48,2,0,10,1,3,4,0,0,0,0,0,1,0,0,0,1,0,0,1,0,1,0,2,9
3,ARGEŞ,"ŞCOALA GIMNAZIALĂ ”MARIN PREDA” (FOSTA ŞCOALĂ NR.10)",43,"MUNICIPIUL PITEŞTI",13169,3,PART,PRCNCT,CD,CD_SV,"2021-01-21 12:30:02",1442,1424,18,0,476,458,18,0,1600,1124,473,3,0,112,86,0,30,24,168,0,0,6,22,1,2,5,1,10,1,0,0,0,0,0,0,0,0,0,0,0,0,0,0,0,0,0,5
3,ARGEŞ,"ŞCOALA GIMNAZIALĂ ”MARIN PREDA” (FOSTA ŞCOALĂ NR.10)",44,"MUNICIPIUL PITEŞTI",13169,1,PROV,PRCNCT,CD,CD_SV,"2021-01-21 12:30:02",1652,1613,39,0,575,536,39,0,1800,1225,564,10,1,148,120,0,21,21,192,0,0,5,27,2,3,3,1,5,0,0,0,0,0,0,0,0,1,0,0,0,0,0,0,0,0,0,15
3,ARGEŞ,"COLEGIUL TEHNIC ” ARMAND CĂLINESCU”",45,"MUNICIPIUL PITEŞTI",13169,1,PROV,PRCNCT,CD,CD_SV,"2021-01-21 12:30:02",739,698,21,20,290,251,21,18,900,610,284,4,2,68,72,0,15,9,93,1,1,2,15,0,1,0,0,3,0,0,0,0,0,1,0,0,0,0,0,0,0,0,0,0,1,0,2
3,ARGEŞ,"COLEGIUL TEHNIC ” ARMAND CĂLINESCU”",46,"MUNICIPIUL PITEŞTI",13169,2,PART,PRCNCT,CD,CD_SV,"2021-01-21 12:30:02",1377,1356,13,8,445,424,13,8,1500,1055,439,6,0,112,126,1,14,15,135,0,2,1,11,1,4,2,0,4,2,0,0,0,0,0,0,0,0,0,0,0,0,1,0,0,0,0,8
3,ARGEŞ,"ŞCOALA GIMNAZIALĂ ”NICOLAE SIMONIDE” (FOSTĂ ŞCOALĂ NR.1)",47,"MUNICIPIUL PITEŞTI",13169,1,PROV,PRCNCT,CD,CD_SV,"2021-01-21 12:30:02",1105,1080,25,0,399,374,25,0,1200,801,386,11,2,112,72,0,18,15,138,0,0,0,16,2,1,1,0,4,1,0,0,0,1,0,0,0,0,0,0,0,0,0,0,0,0,0,5
3,ARGEŞ,"ŞCOALA GIMNAZIALĂ ”NICOLAE SIMONIDE” (FOSTĂ ŞCOALĂ NR.1)",48,"MUNICIPIUL PITEŞTI",13169,1,PROV,PRCNCT,CD,CD_SV,"2021-01-21 12:30:02",1552,1539,13,0,494,481,13,0,1700,1206,488,6,0,133,110,0,28,14,154,1,0,5,21,0,0,3,0,7,1,1,0,0,0,0,0,0,0,1,0,0,0,2,0,0,0,0,7
3,ARGEŞ,"ŞCOALA GIMNAZIALĂ ”NICOLAE SIMONIDE” (FOSTĂ ŞCOALĂ NR.1)",49,"MUNICIPIUL PITEŞTI",13169,1,PROV,PRCNCT,CD,CD_SV,"2021-01-21 12:30:02",903,887,12,4,305,289,12,4,1000,695,299,6,0,76,73,2,8,9,106,0,1,0,9,0,1,2,0,2,1,0,0,0,0,0,0,0,0,0,0,0,0,0,0,0,0,0,9
3,ARGEŞ,"DIRECŢIA APELOR ARGEŞ-VEDEA",50,"MUNICIPIUL PITEŞTI",13169,1,PROV,PRCNCT,CD,CD_SV,"2021-01-21 12:30:02",1118,1104,14,0,373,359,14,0,1200,827,363,8,2,70,94,3,13,31,116,3,0,1,18,3,0,1,0,2,1,0,0,0,0,0,0,0,0,0,0,0,0,1,0,1,0,0,5
3,ARGEŞ,"ŞCOALA GIMNAZIALĂ „NICOLAE SIMONIDE”, (FOSTA ŞCOALĂ NR.1), (INTRAREA D)",51,"MUNICIPIUL PITEŞTI",13169,1,PROV,PRCNCT,CD,CD_SV,"2021-01-21 12:30:02",1719,1702,17,0,534,517,17,0,1900,1366,530,4,0,144,103,0,20,22,203,2,0,3,17,1,2,4,0,1,2,0,0,0,0,0,0,0,0,0,0,0,0,0,1,0,0,0,5
3,ARGEŞ,"ŞCOALA GIMNAZIALĂ ”NICOLAE IORGA”(FOSTĂ ŞCOALĂ NR.5)",52,"MUNICIPIUL PITEŞTI",13169,1,PROV,PRCNCT,CD,CD_SV,"2021-01-21 12:30:02",1436,1416,19,1,489,469,19,1,1600,1111,481,5,3,149,131,0,20,11,134,0,0,1,10,1,0,3,0,10,1,0,0,1,0,1,1,0,0,0,0,0,0,1,0,0,2,0,4
3,ARGEŞ,"ŞCOALA GIMNAZIALĂ ”NICOLAE IORGA”(FOSTĂ ŞCOALĂ NR.5)",53,"MUNICIPIUL PITEŞTI",13169,2,PART,PRCNCT,CD,CD_SV,"2021-01-21 12:30:02",1080,1059,19,2,397,376,19,2,1200,803,392,4,1,75,119,1,23,19,115,0,1,0,18,1,1,2,0,8,0,0,0,0,1,2,0,0,0,0,1,0,0,1,0,0,0,0,4
3,ARGEŞ,"ŞCOALA GIMNAZIALĂ ”TUDOR VLADIMIRESCU” ( FOSTĂ ŞCOALĂ NR.20)",54,"MUNICIPIUL PITEŞTI",13169,1,PROV,PRCNCT,CD,CD_SV,"2021-01-21 12:30:02",1743,1720,22,1,556,533,22,1,1900,1344,546,7,3,126,103,1,14,26,207,0,1,1,46,2,0,3,2,7,0,0,0,0,0,0,0,1,0,0,0,0,0,0,0,0,0,0,6
3,ARGEŞ,"ŞCOALA GIMNAZIALĂ ”TUDOR VLADIMIRESCU” ( FOSTĂ ŞCOALĂ NR.20)",55,"MUNICIPIUL PITEŞTI",13169,1,PROV,PRCNCT,CD,CD_SV,"2021-01-21 12:30:02",1613,1589,23,1,486,462,23,1,1700,1214,478,8,0,102,94,0,17,24,184,1,1,3,25,4,2,1,1,6,0,0,2,0,0,0,0,0,0,0,0,0,0,0,0,0,1,0,10
3,ARGEŞ,"ŞCOALA GIMNAZIALĂ ” TUDOR VLADIMIRESCU” ( FOSTĂ ŞCOALĂ NR.20)",56,"MUNICIPIUL PITEŞTI",13169,1,PROV,PRCNCT,CD,CD_SV,"2021-01-21 12:30:02",1767,1746,21,0,595,574,21,0,1900,1305,580,15,0,141,96,2,28,23,227,0,0,0,32,1,3,7,0,8,0,0,0,0,0,2,0,0,1,1,0,0,0,0,0,1,0,0,7
3,ARGEŞ,"ŞCOALA GIMNAZIALĂ ” MIRCEA ELIADE” ( FOSTĂ ŞCOALĂ NR.18)",57,"MUNICIPIUL PITEŞTI",13169,1,PROV,PRCNCT,CD,CD_SV,"2021-01-21 12:30:02",1691,1670,20,1,494,473,20,1,1800,1306,490,3,1,128,76,1,20,28,194,0,1,0,21,4,0,4,4,1,0,0,0,1,0,0,0,1,0,1,0,0,0,0,0,0,0,0,5
3,ARGEŞ,"ŞCOALA GIMNAZIALĂ ” MIRCEA ELIADE” ( FOSTĂ ŞCOALĂ NR.18)",58,"MUNICIPIUL PITEŞTI",13169,1,PROV,PRCNCT,CD,CD_SV,"2021-01-21 12:30:02",1658,1645,11,2,438,425,11,2,1800,1362,435,3,0,114,71,1,11,32,154,2,0,6,23,0,1,7,1,6,0,0,0,0,0,0,0,0,0,0,0,0,0,0,0,0,1,0,5
3,ARGEŞ,"ŞCOALA GIMNAZIALĂ ” TUDOR ARGHEZI” ( FOSTĂ ŞCOALĂ NR.7)",59,"MUNICIPIUL PITEŞTI",13169,1,PROV,PRCNCT,CD,CD_SV,"2021-01-21 12:30:02",1791,1774,14,3,472,455,14,3,2000,1528,464,6,2,88,76,1,20,30,189,4,2,3,33,4,3,2,0,5,0,0,0,0,0,0,0,0,0,0,0,0,0,0,0,1,0,1,2
3,ARGEŞ,"ŞCOALA GIMNAZIALĂ ” TUDOR ARGHEZI” ( FOSTĂ ŞCOALĂ NR.7)",60,"MUNICIPIUL PITEŞTI",13169,1,PROV,PRCNCT,CD,CD_SV,"2021-01-21 12:30:02",1903,1859,44,0,640,596,44,0,2100,1460,632,8,0,166,108,1,28,30,212,1,0,7,48,4,2,3,0,8,1,1,0,0,0,0,0,0,0,0,0,0,0,0,0,0,0,0,12
3,ARGEŞ,"ŞCOALA GIMNAZIALĂ ” TUDOR ARGHEZI” ( FOSTĂ ŞCOALĂ NR.7)",61,"MUNICIPIUL PITEŞTI",13169,3,PART,PRCNCT,CD,CD_SV,"2021-01-21 12:30:02",2040,2018,22,0,675,653,22,0,2200,1525,669,6,0,189,125,1,27,35,227,0,0,2,36,1,3,4,0,9,0,0,0,0,0,0,0,0,0,0,0,0,0,0,0,0,0,0,10
3,ARGEŞ,"ŞCOALA GIMNAZIALĂ ” TUDOR ARGHEZI” ( FOSTĂ ŞCOALĂ NR.7)",62,"MUNICIPIUL PITEŞTI",13169,2,PART,PRCNCT,CD,CD_SV,"2021-01-21 12:30:02",1789,1777,12,0,560,548,12,0,2000,1440,549,10,1,121,88,1,17,28,224,2,2,3,39,0,0,5,1,5,1,1,0,0,0,1,0,0,0,0,0,0,0,1,0,0,0,1,8
3,ARGEŞ,"COLEGIUL TEHNIC ”COSTIN D. NENIŢESCU”",63,"MUNICIPIUL PITEŞTI",13169,1,PROV,PRCNCT,CD,CD_SV,"2021-01-21 12:30:02",1604,1565,38,1,419,380,38,1,1700,1281,414,3,2,79,67,2,22,29,139,1,1,5,44,2,1,3,2,6,1,0,0,0,0,0,0,1,0,0,0,0,0,3,0,0,0,1,5
3,ARGEŞ,"COLEGIUL TEHNIC ”COSTIN D. NENIŢESCU”",64,"MUNICIPIUL PITEŞTI",13169,1,PROV,PRCNCT,CD,CD_SV,"2021-01-21 12:30:02",1752,1737,15,0,588,573,15,0,1900,1312,579,9,0,178,85,0,19,36,178,4,1,1,37,5,1,5,4,11,4,0,1,0,0,1,0,2,0,0,0,0,0,0,0,0,0,0,6
3,ARGEŞ,"COLEGIUL TEHNIC ”COSTIN D. NENIŢESCU”",65,"MUNICIPIUL PITEŞTI",13169,1,PROV,PRCNCT,CD,CD_SV,"2021-01-21 12:30:02",1614,1601,12,1,477,464,12,1,1800,1323,461,14,2,96,69,0,18,17,197,0,0,4,33,1,5,6,2,6,3,0,0,0,1,0,0,0,0,0,0,0,0,0,0,0,0,0,3
3,ARGEŞ,"ŞCOALA NR.2 - STRUCTURĂ A ŞCOLII GIMNAZIALE „TUDOR VLADIMIRESCU” (FOSTA ȘCOALĂ NR.8)",66,"MUNICIPIUL PITEŞTI",13169,1,PROV,PRCNCT,CD,CD_SV,"2021-01-21 12:30:02",1777,1731,45,1,707,661,45,1,1900,1193,700,5,2,174,129,1,28,29,272,0,0,2,33,1,0,7,1,9,2,0,0,0,0,0,0,0,1,0,0,0,0,1,0,2,0,1,7
3,ARGEŞ,"DIRECȚIA DE ASISTENȚĂ SOCIALĂ A MUNICIPIULUI PITEȘTI",67,"MUNICIPIUL PITEŞTI",13169,1,PROV,PRCNCT,CD,CD_SV,"2021-01-21 12:30:02",1927,1898,28,1,612,583,28,1,2100,1488,601,8,3,151,126,1,20,31,219,1,2,0,25,2,2,4,0,8,0,0,0,0,0,0,0,0,0,1,1,0,0,0,0,0,0,2,5
3,ARGEŞ,"ŞCOALA GIMNAZIALĂ ”MIHAI EMINESCU” (FOSTA ŞCOALA NR.11)",68,"MUNICIPIUL PITEŞTI",13169,1,PROV,PRCNCT,CD,CD_SV,"2021-01-21 12:30:02",1547,1513,34,0,541,507,34,0,1700,1159,532,7,2,138,99,2,22,27,193,1,1,3,22,2,8,2,0,7,0,0,0,1,1,0,0,0,0,0,0,0,0,0,0,0,0,0,3
3,ARGEŞ,"ŞCOALA GIMNAZIALĂ ”MIHAI EMINESCU” (FOSTA ŞCOALA NR.11)",69,"MUNICIPIUL PITEŞTI",13169,1,PROV,PRCNCT,CD,CD_SV,"2021-01-21 12:30:02",1451,1414,37,0,496,459,37,0,1600,1104,486,7,3,117,100,2,19,20,166,1,2,1,25,2,10,5,2,6,0,0,0,0,0,0,0,0,0,0,0,0,0,1,0,0,0,0,7
3,ARGEŞ,"GRĂDINIŢA CU PROGRAM PRELUNGIT ” FLOARE DE COLŢ” ( FOSTA GRĂDINIŢĂ NR.5)",70,"MUNICIPIUL PITEŞTI",13169,1,PROV,PRCNCT,CD,CD_SV,"2021-01-21 12:30:02",1252,1225,27,0,450,423,27,0,1400,950,439,9,2,120,70,1,14,24,150,0,3,4,21,3,6,4,1,6,2,1,1,0,0,0,0,0,0,0,1,0,0,0,1,0,1,0,5
3,ARGEŞ,"UNIVERSITATEA PITEŞTI",71,"MUNICIPIUL PITEŞTI",13169,1,PROV,PRCNCT,CD,CD_SV,"2021-01-21 12:30:02",1725,1701,24,0,575,551,24,0,1900,1325,567,8,0,138,114,0,22,35,197,0,0,3,32,2,5,8,2,3,0,0,0,0,0,0,0,0,1,0,0,0,0,0,0,0,0,0,5
3,ARGEŞ,"COLEGIUL NAŢIONAL ”ALEXANDRU ODOBESCU”",72,"MUNICIPIUL PITEŞTI",13169,1,PROV,PRCNCT,CD,CD_SV,"2021-01-21 12:30:02",2023,1991,32,0,627,595,32,0,2200,1573,611,13,3,175,110,1,29,35,198,0,2,4,29,0,4,8,0,7,1,0,0,1,0,0,0,0,1,0,0,0,1,0,0,0,0,0,5
3,ARGEŞ,"COLEGIUL NAŢIONAL ”ALEXANDRU ODOBESCU”",73,"MUNICIPIUL PITEŞTI",13169,2,PART,PRCNCT,CD,CD_SV,"2021-01-21 12:30:02",1705,1695,10,0,432,422,10,0,1900,1468,421,8,3,103,64,1,21,18,160,2,4,3,26,2,2,2,2,4,0,0,0,0,0,0,0,0,1,0,0,0,0,0,0,0,0,1,5
3,ARGEŞ,"GRĂDINIŢA CU PROGRAM PRELUNGIT ” ARMONIA” ( FOSTA GRĂDINIŢĂ NR.8)",74,"MUNICIPIUL PITEŞTI",13169,1,PROV,PRCNCT,CD,CD_SV,"2021-01-21 12:30:02",1823,1801,22,0,456,434,22,0,2000,1544,444,9,3,84,65,1,10,30,179,2,1,3,42,1,0,5,4,7,1,1,1,0,0,0,1,0,0,0,0,0,0,0,0,1,0,0,5
3,ARGEŞ,"ŞCOALA GIMNAZIALĂ ”ION MINULESCU” (FOSTA ŞCOALĂ NR.2)",75,"MUNICIPIUL PITEŞTI",13169,1,PROV,PRCNCT,CD,CD_SV,"2021-01-21 12:30:02",1474,1424,50,0,419,369,50,0,1600,1181,406,11,2,90,74,1,18,22,148,0,2,2,27,1,1,5,3,1,1,0,0,0,0,2,1,0,1,0,0,0,0,0,0,0,0,1,5
3,ARGEŞ,"ŞCOALA GIMNAZIALĂ ”ION MINULESCU” (FOSTA ŞCOALĂ NR.2)",76,"MUNICIPIUL PITEŞTI",13169,1,PROV,PRCNCT,CD,CD_SV,"2021-01-21 12:30:02",1679,1638,39,2,521,480,39,2,1800,1279,513,7,1,108,109,2,23,32,184,1,0,4,26,3,3,4,0,6,1,0,0,0,0,0,0,1,0,0,0,0,1,1,0,0,0,0,4
3,ARGEŞ,"COLEGIUL TEHNIC ”DIMITRIE DIMA”",77,"MUNICIPIUL PITEŞTI",13169,1,PROV,PRCNCT,CD,CD_SV,"2021-01-21 12:30:02",1551,1537,13,1,467,453,13,1,1700,1233,460,7,0,112,83,0,17,24,164,2,0,3,21,2,2,5,2,6,1,0,0,0,0,0,0,0,1,0,0,0,0,0,0,0,0,0,15
3,ARGEŞ,"COLEGIUL TEHNIC ”DIMITRIE DIMA”",78,"MUNICIPIUL PITEŞTI",13169,1,PROV,PRCNCT,CD,CD_SV,"2021-01-21 12:30:02",1919,1891,28,0,481,453,28,0,2100,1619,466,13,2,59,68,1,33,21,198,6,0,5,53,5,0,6,2,6,0,0,0,0,0,0,0,0,0,1,0,0,0,0,0,0,0,0,2
3,ARGEŞ,"ŞCOALA GIMNAZIALĂ ” TUDOR MUŞATESCU” (FOSTA ŞCOALA NR. 17) (INTRAREA A)",79,"MUNICIPIUL PITEŞTI",13169,1,PROV,PRCNCT,CD,CD_SV,"2021-01-21 12:30:02",1349,1329,20,0,342,322,20,0,1500,1158,330,12,0,78,61,0,17,14,120,0,0,1,24,1,0,3,0,4,1,0,0,0,0,0,0,0,0,0,0,0,0,1,0,0,0,0,5
3,ARGEŞ,"ŞCOALA GIMNAZIALĂ „TUDOR MUŞATESCU” (FOSTĂ ŞCOALĂ NR.17) (INTRAREA B)",80,"MUNICIPIUL PITEŞTI",13169,1,PROV,PRCNCT,CD,CD_SV,"2021-01-21 12:30:02",1328,1310,18,0,363,345,18,0,1500,1137,356,6,1,65,61,0,14,19,141,0,0,3,26,0,7,2,2,8,2,0,0,0,0,0,2,1,0,0,0,0,0,0,0,0,0,0,3
3,ARGEŞ,"LICEUL TEHNOLOGIC ” CONSTANTIN BRÂNCUŞI” ( FOST LICEU TEHNOLOGIC DE INDUSTRIALIZAREA LEMNULUI)",81,"MUNICIPIUL PITEŞTI",13169,1,PROV,PRCNCT,CD,CD_SV,"2021-01-21 12:30:02",1666,1659,7,0,601,594,7,0,1800,1199,594,7,0,149,124,0,29,22,225,0,0,0,16,2,1,3,0,8,2,0,0,0,0,0,0,0,0,0,1,0,0,0,0,0,0,1,11
3,ARGEŞ,"LICEUL TEHNOLOGIC ” CONSTANTIN BRÂNCUŞI” ( FOST LICEU TEHNOLOGIC DE INDUSTRIALIZAREA LEMNULUI)",82,"MUNICIPIUL PITEŞTI",13169,1,PROV,PRCNCT,CD,CD_SV,"2021-01-21 12:30:02",1653,1626,26,1,520,493,26,1,1800,1280,514,6,0,130,107,1,22,22,187,1,0,2,15,2,2,4,1,3,0,0,1,0,0,0,0,0,6,0,0,0,1,0,0,1,0,0,6
3,ARGEŞ,"GRĂDINIŢA CU PROGRAM NORMAL ”ISTEŢEL” ( FOSTA GRĂDINIŢĂ NR.4)",83,"MUNICIPIUL PITEŞTI",13169,2,PART,PRCNCT,CD,CD_SV,"2021-01-21 12:30:02",1773,1747,26,0,551,525,26,0,1900,1349,541,10,0,134,87,2,16,19,237,1,3,1,22,2,2,5,3,1,0,0,0,0,0,0,0,0,0,0,0,0,0,0,0,0,1,0,5
3,ARGEŞ,"GRĂDINIŢA CU PROGRAM PRELUNGIT ” ARIPI DESCHISE” ( FOSTA GRĂDINIŢĂ NR.14)",84,"MUNICIPIUL PITEŞTI",13169,1,PROV,PRCNCT,CD,CD_SV,"2021-01-21 12:30:02",1786,1763,23,0,561,538,23,0,1900,1339,555,6,0,129,99,1,29,36,202,3,2,4,19,4,2,2,2,7,1,0,0,0,0,0,0,0,0,0,0,0,0,1,0,0,0,1,11
3,ARGEŞ,"ŞCOALA GIMNAZIALĂ ”I. L. CARAGIALE” (FOSTĂ ŞCOALĂ NR.16)",85,"MUNICIPIUL PITEŞTI",13169,1,PROV,PRCNCT,CD,CD_SV,"2021-01-21 12:30:02",1612,1590,22,0,513,491,22,0,1700,1187,498,15,0,125,93,0,14,29,174,1,1,1,30,2,1,1,3,9,1,0,0,0,0,1,0,0,0,0,0,0,0,0,0,0,0,0,12
3,ARGEŞ,"ŞCOALA GIMNAZIALĂ ”I. L. CARAGIALE” (FOSTĂ ŞCOALĂ NR.16)",86,"MUNICIPIUL PITEŞTI",13169,1,PROV,PRCNCT,CD,CD_SV,"2021-01-21 12:30:02",1732,1724,8,0,502,494,8,0,1900,1398,497,3,2,134,74,1,17,32,184,3,2,1,24,0,2,11,2,3,1,0,0,0,0,1,0,0,0,0,0,0,0,0,0,0,2,0,3
3,ARGEŞ,"ŞCOALA GIMNAZIALĂ ”I. L. CARAGIALE” (FOSTĂ ŞCOALĂ NR.16)",87,"MUNICIPIUL PITEŞTI",13169,1,PROV,PRCNCT,CD,CD_SV,"2021-01-21 12:30:02",1650,1642,8,0,537,529,8,0,1800,1263,533,4,0,152,80,1,20,34,190,3,1,3,25,2,0,7,0,2,0,0,0,0,0,2,0,1,0,0,0,0,0,0,0,0,0,1,9
3,ARGEŞ,"ŞCOALA GIMNAZIALĂ ” TRAIAN” ( FOSTĂ ŞCOALĂ NR.4)",88,"MUNICIPIUL PITEŞTI",13169,1,PROV,PRCNCT,CD,CD_SV,"2021-01-21 12:30:02",1391,1364,27,0,504,477,27,0,1500,996,496,8,0,115,97,0,16,25,181,1,0,1,33,1,0,5,0,9,0,0,0,0,0,0,1,0,0,0,0,0,0,0,0,0,0,0,11
3,ARGEŞ,"ŞCOALA GIMNAZIALĂ ” TRAIAN” ( FOSTĂ ŞCOALĂ NR.4)",89,"MUNICIPIUL PITEŞTI",13169,1,PROV,PRCNCT,CD,CD_SV,"2021-01-21 12:30:02",1680,1658,22,0,574,552,22,0,1800,1226,570,4,0,124,134,2,26,25,208,0,1,4,27,1,0,2,0,6,1,0,0,0,0,1,0,0,0,1,0,0,0,0,0,0,1,0,6
3,ARGEŞ,"ŞCOALA GIMNAZIALĂ ”OPREA IORGULESCU” - I",90,"MUNICIPIUL CÂMPULUNG",13490,3,PART,PRCNCT,CD,CD_SV,"2021-01-21 12:30:02",767,744,21,2,282,259,21,2,817,535,282,0,0,66,80,2,11,8,86,5,0,0,9,1,1,5,0,4,0,0,0,0,0,0,1,0,0,0,0,0,0,0,0,0,0,2,1
3,ARGEŞ,"ŞCOALA GIMNAZIALĂ ”OPREA IORGULESCU” - II",91,"MUNICIPIUL CÂMPULUNG",13490,1,PROV,PRCNCT,CD,CD_SV,"2021-01-21 12:30:02",874,860,12,2,300,286,12,2,1000,700,298,2,0,68,77,1,8,12,108,0,0,0,7,0,1,1,1,5,1,0,0,0,0,1,0,0,1,0,0,0,0,0,0,1,0,3,2
3,ARGEŞ,"ŞCOALA GIMNAZIALĂ NANU MUSCEL",92,"MUNICIPIUL CÂMPULUNG",13490,1,PROV,PRCNCT,CD,CD_SV,"2021-01-21 12:30:02",1194,1149,24,21,429,384,24,21,1200,771,422,7,0,89,120,0,10,18,132,1,3,1,33,1,1,4,1,3,0,0,0,0,0,0,0,1,1,0,0,0,0,0,0,0,0,2,1
3,ARGEŞ,"GRĂDINIȚA CU PROGRAM NORMAL NR. 9",93,"MUNICIPIUL CÂMPULUNG",13490,1,PROV,PRCNCT,CD,CD_SV,"2021-01-21 12:30:02",1686,1670,16,0,413,397,16,0,1800,1376,410,3,0,125,78,0,11,25,119,4,1,2,28,3,1,2,0,3,0,0,0,0,1,1,0,0,0,0,0,0,0,0,0,0,0,1,5
3,ARGEŞ,"BAZIN MUNICIPAL DE ÎNOT I",94,"MUNICIPIUL CÂMPULUNG",13490,1,PROV,PRCNCT,CD,CD_SV,"2021-01-21 12:30:02",1577,1566,11,0,457,446,11,0,1700,1243,450,7,0,116,96,0,25,18,144,1,0,2,31,0,2,2,0,1,0,0,0,0,0,0,0,0,0,0,0,0,0,0,0,0,0,1,11
3,ARGEŞ,"BAZIN MUNICIPAL DE ÎNOT II",95,"MUNICIPIUL CÂMPULUNG",13490,1,PROV,PRCNCT,CD,CD_SV,"2021-01-21 12:30:02",1461,1447,13,1,381,367,13,1,1600,1219,380,0,1,92,83,1,10,26,127,4,0,2,19,1,1,2,0,3,1,0,0,0,0,0,0,0,0,0,0,0,0,0,0,0,0,2,6
3,ARGEŞ,"BAZIN MUNICIPAL DE ÎNOT III",96,"MUNICIPIUL CÂMPULUNG",13490,1,PROV,PRCNCT,CD,CD_SV,"2021-01-21 12:30:02",1489,1466,22,1,454,431,22,1,1600,1146,444,9,1,100,72,1,15,21,182,1,0,2,16,1,0,2,1,3,1,0,0,0,0,0,0,0,0,0,0,0,0,0,1,2,0,11,12
3,ARGEŞ,"ŞCOALA GENERALĂ NR. 5",97,"MUNICIPIUL CÂMPULUNG",13490,1,PROV,PRCNCT,CD,CD_SV,"2021-01-21 12:30:02",1159,1136,20,3,298,275,20,3,1200,902,295,2,1,72,73,2,12,17,83,4,0,1,23,1,1,1,0,2,0,0,0,0,0,0,0,0,0,0,0,0,0,1,0,0,0,1,1
3,ARGEŞ,"S.C. HIDROELECTRICA S.A.",98,"MUNICIPIUL CÂMPULUNG",13490,2,PART,PRCNCT,CD,CD_SV,"2021-01-21 12:30:02",938,918,20,0,296,276,20,0,1000,704,293,3,0,72,79,2,8,12,97,0,1,1,15,0,1,3,0,0,1,0,0,0,0,0,0,0,0,0,0,0,0,0,0,0,0,1,0
3,ARGEŞ,"ŞCOALA GIMNAZIALĂ ”THEODOR AMAN” - I",99,"MUNICIPIUL CÂMPULUNG",13490,1,PROV,PRCNCT,CD,CD_SV,"2021-01-21 12:30:02",1431,1409,22,0,383,361,22,0,1600,1217,370,10,3,82,72,2,16,22,126,1,2,5,25,2,2,2,0,1,0,0,0,0,1,1,0,0,0,0,0,0,0,0,0,1,0,3,4
3,ARGEŞ,"ŞCOALA GIMNAZIALĂ ”THEODOR AMAN” - II",100,"MUNICIPIUL CÂMPULUNG",13490,1,PROV,PRCNCT,CD,CD_SV,"2021-01-21 12:30:02",1109,1091,18,0,288,270,18,0,1200,912,287,1,0,60,52,1,8,13,111,0,1,3,28,0,1,2,0,1,1,0,0,0,0,0,0,0,0,0,0,0,0,0,0,0,0,1,4
3,ARGEŞ,"ŞCOALA GIMNAZIALĂ ”THEODOR AMAN” - III",101,"MUNICIPIUL CÂMPULUNG",13490,1,PROV,PRCNCT,CD,CD_SV,"2021-01-21 12:30:02",1306,1301,5,0,271,266,5,0,1400,1129,260,11,0,50,53,0,11,6,100,2,0,2,21,1,0,4,0,4,0,0,0,0,0,0,0,0,0,0,0,0,0,1,0,0,0,3,2
3,ARGEŞ,"GRĂDINIŢA CU PROGRAM PRELUNGIT ”SFÂNTA MARINA” - I",102,"MUNICIPIUL CÂMPULUNG",13490,2,PART,PRCNCT,CD,CD_SV,"2021-01-21 12:30:02",1350,1339,10,1,322,311,10,1,1400,1078,321,0,1,74,62,1,13,16,116,1,0,4,15,1,0,4,1,2,2,0,0,0,0,0,0,0,0,0,0,0,0,0,0,0,1,1,7
3,ARGEŞ,"GRĂDINIŢA CU PROGRAM PRELUNGIT ”SFÂNTA MARINA” - II",103,"MUNICIPIUL CÂMPULUNG",13490,1,PROV,PRCNCT,CD,CD_SV,"2021-01-21 12:30:02",1292,1278,14,0,303,289,14,0,1400,1097,301,2,0,69,49,0,11,14,108,1,0,0,24,4,1,3,0,6,1,0,0,0,0,0,1,0,0,0,0,0,0,1,0,1,1,1,5
3,ARGEŞ,"GRĂDINIŢA CU PROGRAM PRELUNGIT ”SFÂNTA MARINA” - III",104,"MUNICIPIUL CÂMPULUNG",13490,2,PART,PRCNCT,CD,CD_SV,"2021-01-21 12:30:02",1618,1609,8,1,333,324,8,1,1800,1467,322,11,0,69,60,0,7,11,115,1,0,4,35,2,1,1,0,3,1,1,0,0,0,0,0,1,0,0,0,0,1,0,0,1,0,4,4
3,ARGEŞ,"GRĂDINIŢA CU PROGRAM NORMAL NR. 8 - I",105,"MUNICIPIUL CÂMPULUNG",13490,1,PROV,PRCNCT,CD,CD_SV,"2021-01-21 12:30:02",1602,1588,14,0,330,316,14,0,1600,1270,320,9,1,70,44,0,10,21,126,2,3,2,24,1,2,0,1,4,1,0,0,0,1,0,1,0,0,0,1,0,0,0,0,1,1,2,2
3,ARGEŞ,"GRĂDINIŢA CU PROGRAM NORMAL NR. 8 - II",106,"MUNICIPIUL CÂMPULUNG",13490,1,PROV,PRCNCT,CD,CD_SV,"2021-01-21 12:30:02",1466,1444,22,0,399,377,22,0,1600,1201,392,7,0,88,93,3,17,12,140,1,0,2,16,4,1,1,0,2,2,0,0,0,1,0,0,1,0,1,0,0,0,0,0,0,0,0,7
3,ARGEŞ,"GRĂDINIŢA VALEA ROMÂNEŞTILOR",107,"MUNICIPIUL CÂMPULUNG",13490,1,PROV,PRCNCT,CD,CD_SV,"2021-01-21 12:30:02",430,383,47,0,210,163,47,0,400,190,207,2,1,20,109,1,7,1,34,0,1,1,22,1,0,4,0,2,2,1,1,0,0,0,0,0,0,0,0,0,0,0,0,0,0,0,0
3,ARGEŞ,"LICEUL TEORETIC ”DAN BARBILIAN”",108,"MUNICIPIUL CÂMPULUNG",13490,1,PROV,PRCNCT,CD,CD_SV,"2021-01-21 12:30:02",1046,1029,17,0,309,292,17,0,1200,891,307,2,0,57,68,2,11,12,128,1,1,0,16,1,0,1,0,1,3,0,0,0,0,0,0,0,0,0,0,0,0,1,0,1,0,0,3
3,ARGEŞ,"COLEGIUL NAŢIONAL PEDAGOGIC ”CAROL I”",109,"MUNICIPIUL CÂMPULUNG",13490,1,PROV,PRCNCT,CD,CD_SV,"2021-01-21 12:30:02",770,745,23,2,248,223,23,2,800,552,248,0,0,65,60,0,9,8,75,0,2,1,16,1,0,3,0,1,1,0,0,0,0,1,0,0,0,0,0,0,0,1,0,0,0,3,1
3,ARGEŞ,"GRĂDINIȚA NR. 6",110,"MUNICIPIUL CÂMPULUNG",13490,1,PROV,PRCNCT,CD,CD_SV,"2021-01-21 12:30:02",965,959,6,0,255,249,6,0,1000,745,254,1,0,82,33,0,7,10,90,3,0,0,17,1,0,2,2,3,1,0,0,0,0,0,1,0,0,0,0,0,0,0,0,1,0,1,0
3,ARGEŞ,"LICEUL TEHNOLOGIC AUTO",111,"MUNICIPIUL CÂMPULUNG",13490,1,PROV,PRCNCT,CD,CD_SV,"2021-01-21 12:30:02",1218,1204,13,1,261,247,13,1,1400,1139,252,9,0,56,34,0,9,14,102,2,0,1,16,0,0,1,1,3,1,0,0,0,0,1,0,0,0,0,2,0,0,2,0,0,0,6,1
3,ARGEŞ,"ŞCOALA GENERALĂ NR.4 ”APA SĂRATĂ”",112,"MUNICIPIUL CÂMPULUNG",13490,1,PROV,PRCNCT,CD,CD_SV,"2021-01-21 12:30:02",746,735,11,0,155,144,11,0,800,645,152,3,0,46,31,0,2,5,44,1,0,1,8,0,0,1,1,0,1,0,0,0,0,0,1,0,0,0,0,0,0,5,0,0,1,4,0
3,ARGEŞ,"GRĂDINIŢA NR. 1",113,"MUNICIPIUL CÂMPULUNG",13490,1,PROV,PRCNCT,CD,CD_SV,"2021-01-21 12:30:02",519,509,10,0,133,123,10,0,600,467,133,0,0,47,25,0,1,5,38,1,1,2,10,1,0,0,0,0,0,0,0,0,0,0,0,0,0,0,0,0,1,0,0,0,0,1,0
3,ARGEŞ,"COLEGIUL NAŢIONAL ”DINICU GOLESCU”",114,"MUNICIPIUL CÂMPULUNG",13490,1,PROV,PRCNCT,CD,CD_SV,"2021-01-21 12:30:02",1266,1243,22,1,389,366,22,1,1400,1011,382,6,1,90,111,0,15,10,122,2,0,1,12,1,3,5,0,2,0,0,0,0,0,1,0,0,0,0,0,0,0,2,0,0,0,1,4
3,ARGEŞ,"ŞCOALA GIMNAZIALĂ ”C.D. ARICESCU”",115,"MUNICIPIUL CÂMPULUNG",13490,1,PROV,PRCNCT,CD,CD_SV,"2021-01-21 12:30:02",936,880,24,32,328,272,24,32,1000,672,323,4,1,70,94,0,11,5,99,0,0,0,27,1,0,2,2,6,2,0,0,0,0,0,0,0,0,0,0,0,0,1,0,0,0,0,3
3,ARGEŞ,"ȘCOALA GIMNAZIALĂ NR.2 ”REGINA MARIA” ( I )",116,"MUNICIPIUL CURTEA DE ARGEŞ",13622,1,PROV,PRCNCT,CD,CD_SV,"2021-01-21 12:30:02",1505,1492,12,1,435,422,12,1,1600,1165,427,7,1,84,46,0,16,41,174,0,0,3,37,2,1,2,1,3,2,1,0,0,0,0,1,0,0,0,0,0,0,0,1,0,0,0,12
3,ARGEŞ,"ȘCOALA GIMNAZIALĂ NR.2 ”REGINA MARIA” ( II )",117,"MUNICIPIUL CURTEA DE ARGEŞ",13622,1,PROV,PRCNCT,CD,CD_SV,"2021-01-21 12:30:02",1187,1175,11,1,355,343,11,1,1300,945,351,3,1,90,56,0,8,21,114,2,0,3,31,1,3,3,0,2,0,0,0,0,0,0,0,0,0,0,0,0,0,1,0,0,0,0,16
3,ARGEŞ,"ȘCOALA GIMNAZIALĂ NR.2 ”REGINA MARIA” ( III )",118,"MUNICIPIUL CURTEA DE ARGEŞ",13622,1,PROV,PRCNCT,CD,CD_SV,"2021-01-21 12:30:02",1650,1614,25,11,540,504,25,11,1800,1260,528,9,3,98,98,1,27,20,189,0,1,1,42,0,0,0,0,5,3,0,0,0,0,0,1,0,0,0,0,1,1,0,0,1,1,0,38
3,ARGEŞ,"GRUP ȘCOLAR ”FERDINAND I”",119,"MUNICIPIUL CURTEA DE ARGEŞ",13622,1,PROV,PRCNCT,CD,CD_SV,"2021-01-21 12:30:02",1642,1620,19,3,462,440,19,3,1800,1338,459,3,0,81,76,0,18,20,149,3,0,4,44,2,1,0,2,6,1,1,0,0,0,0,0,0,0,0,0,1,0,1,0,1,2,0,46
3,ARGEŞ,"GRUP ȘCOLAR AGRICOL ”CONSTANTIN DOBRESCU ARGEȘ” ( I )",120,"MUNICIPIUL CURTEA DE ARGEŞ",13622,1,PROV,PRCNCT,CD,CD_SV,"2021-01-21 12:30:02",1397,1376,21,0,359,338,21,0,1500,1140,351,8,0,50,53,1,19,20,150,3,4,0,21,2,0,5,0,4,1,0,0,0,0,0,0,0,0,0,0,0,0,0,0,0,0,0,18
3,ARGEŞ,"GRUP ȘCOLAR AGRICOL ”CONSTANTIN DOBRESCU ARGEȘ” ( II )",121,"MUNICIPIUL CURTEA DE ARGEŞ",13622,1,PROV,PRCNCT,CD,CD_SV,"2021-01-21 12:30:02",1701,1682,19,0,400,381,19,0,1900,1500,391,9,0,72,55,1,15,30,147,7,1,4,27,1,0,6,1,1,1,0,0,0,0,1,1,0,0,0,0,0,0,0,1,1,0,0,18
3,ARGEŞ,"ȘCOALA GIMNAZIALĂ NR.6 ”BASARAB I”",122,"MUNICIPIUL CURTEA DE ARGEŞ",13622,1,PROV,PRCNCT,CD,CD_SV,"2021-01-21 12:30:02",1429,1405,24,0,444,420,24,0,1500,1056,436,8,0,58,85,2,36,29,165,2,0,2,32,2,1,3,0,1,0,2,0,0,0,0,0,0,0,0,0,0,0,0,0,0,0,0,16
3,ARGEŞ,"GRUP ȘCOLAR FORESTIER CURTEA DE ARGEȘ ( I )",123,"MUNICIPIUL CURTEA DE ARGEŞ",13622,1,PROV,PRCNCT,CD,CD_SV,"2021-01-21 12:30:02",1448,1424,24,0,442,418,24,0,1600,1158,434,6,2,78,97,2,15,26,143,3,1,4,40,0,0,6,1,5,1,0,0,0,0,0,0,0,0,0,0,0,0,0,0,0,0,0,12
3,ARGEŞ,"GRUP ȘCOLAR FORESTIER CURTEA DE ARGEȘ ( II )",124,"MUNICIPIUL CURTEA DE ARGEŞ",13622,1,PROV,PRCNCT,CD,CD_SV,"2021-01-21 12:30:02",1481,1465,16,0,411,395,16,0,1600,1189,406,5,0,65,53,0,16,32,172,3,1,4,34,2,0,4,0,1,1,0,0,0,0,0,0,0,0,0,0,0,0,0,0,0,0,0,18
3,ARGEŞ,"CENTRUL DE CULTURĂ ȘI ARTE ” GEORGE TOPÎRCEANU” ( I )",125,"MUNICIPIUL CURTEA DE ARGEŞ",13622,1,PROV,PRCNCT,CD,CD_SV,"2021-01-21 12:30:02",1442,1419,21,2,460,437,21,2,1600,1140,452,8,0,75,72,1,19,27,189,8,0,1,33,4,0,2,0,3,0,0,0,0,0,0,0,0,0,0,0,0,0,0,0,2,0,0,16
3,ARGEŞ,"ȘCOALA GIMNAZIALĂ NR.4 ” MIRCEA CEL BATRÂN”",126,"MUNICIPIUL CURTEA DE ARGEŞ",13622,1,PROV,PRCNCT,CD,CD_SV,"2021-01-21 12:30:02",1381,1350,30,1,478,447,30,1,1500,1022,472,6,0,75,109,0,15,19,179,2,1,3,30,2,0,3,0,7,2,0,0,0,0,0,0,0,0,1,0,0,0,1,0,0,0,0,23
3,ARGEŞ,"ȘCOALA GIMNAZIALĂ NR.1 ”CAROL I”",127,"MUNICIPIUL CURTEA DE ARGEŞ",13622,2,PART,PRCNCT,CD,CD_SV,"2021-01-21 12:30:02",1232,1212,18,2,348,328,18,2,1300,952,335,9,4,45,86,1,17,22,107,3,1,5,25,1,0,3,0,3,0,0,0,0,0,1,0,0,0,0,0,0,0,0,0,0,1,0,14
3,ARGEŞ,"ȘCOALA GIMNAZIALĂ NR.1 ”CAROL I”",128,"MUNICIPIUL CURTEA DE ARGEŞ",13622,1,PROV,PRCNCT,CD,CD_SV,"2021-01-21 12:30:02",1559,1542,17,0,446,429,17,0,1700,1254,440,6,0,75,82,2,16,25,178,2,0,4,34,0,0,1,1,7,1,0,0,0,0,0,1,0,0,0,0,0,0,1,0,0,0,0,10
3,ARGEŞ,"ȘCOALA GENERALĂ NR.5 ”ARMAND CĂLINESCU” (I)",129,"MUNICIPIUL CURTEA DE ARGEŞ",13622,1,PROV,PRCNCT,CD,CD_SV,"2021-01-21 12:30:02",1377,1360,17,0,383,366,17,0,1500,1117,379,3,1,65,70,0,5,22,146,1,2,4,45,1,0,3,5,4,1,0,0,0,0,0,0,0,0,0,0,0,0,0,1,0,0,0,4
3,ARGEŞ,"ȘCOALA GENERALĂ NR 5 ”ARMAND CĂLINESCU” (II)",130,"MUNICIPIUL CURTEA DE ARGEŞ",13622,1,PROV,PRCNCT,CD,CD_SV,"2021-01-21 12:30:02",1049,1028,21,0,310,289,21,0,1098,788,304,6,0,60,63,0,17,11,109,1,3,2,17,1,0,2,0,4,0,0,0,0,0,0,0,0,0,0,0,0,0,0,1,0,0,1,12
3,ARGEŞ,"ȘCOALA GENERALĂ VALEA SASULUI",131,"MUNICIPIUL CURTEA DE ARGEŞ",13622,1,PROV,PRCNCT,CD,CD_SV,"2021-01-21 12:30:02",875,859,11,5,275,259,11,5,900,625,272,2,1,37,41,0,15,16,125,4,0,0,20,1,0,1,1,0,2,0,0,0,0,0,1,0,0,0,0,0,0,0,0,1,0,0,7
3,ARGEŞ,"GRUP ȘCOLAR AUTO CURTEA DE ARGEȘ",132,"MUNICIPIUL CURTEA DE ARGEŞ",13622,1,PROV,PRCNCT,CD,CD_SV,"2021-01-21 12:30:02",1901,1893,8,0,460,452,8,0,2100,1640,453,7,0,88,68,0,24,25,174,2,0,4,43,1,2,2,0,3,2,0,0,0,0,1,0,0,0,0,0,0,0,2,1,0,0,0,11
3,ARGEŞ,"CENTRUL DE CULTURĂ ȘI ARTE ”GEORGE TOPÎRCEANU” (II)",133,"MUNICIPIUL CURTEA DE ARGEŞ",13622,2,PART,PRCNCT,CD,CD_SV,"2021-01-21 12:30:02",1433,1416,17,0,485,468,17,0,1600,1115,475,6,4,92,116,0,10,25,151,4,1,1,33,1,1,4,0,2,2,2,0,0,0,0,1,0,1,0,1,0,0,1,0,0,0,0,26
3,ARGEŞ,"ȘCOALA GENERALĂ NR.3 ”SFÂNTUL APOSTOL ANDREI”",134,"MUNICIPIUL CURTEA DE ARGEŞ",13622,1,PROV,PRCNCT,CD,CD_SV,"2021-01-21 12:30:02",1393,1380,13,0,420,407,13,0,1500,1080,409,7,4,56,53,4,12,27,170,4,3,3,44,7,4,4,0,4,0,0,0,0,0,0,0,0,0,0,0,0,0,2,0,1,0,1,10
3,ARGEŞ,"ȘCOALA GENERALĂ NOAPTEȘ",135,"MUNICIPIUL CURTEA DE ARGEŞ",13622,1,PROV,PRCNCT,CD,CD_SV,"2021-01-21 12:30:02",749,737,12,0,257,245,12,0,902,645,253,3,1,27,48,0,7,24,80,2,2,0,40,0,1,5,0,4,0,0,0,0,0,0,0,0,0,0,0,0,0,0,1,0,0,1,11
3,ARGEŞ,"PRIMĂRIA ORAŞULUI COSTEŞTI",136,"ORAŞ COSTEŞTI",13668,1,PROV,PRCNCT,CD,CD_SV,"2021-01-21 12:30:02",1841,1804,34,3,532,495,34,3,2000,1468,525,6,1,80,63,1,17,30,264,2,0,3,40,1,1,4,3,8,3,0,0,0,0,0,0,0,0,0,0,0,0,0,0,1,0,0,4
3,ARGEŞ,"CASA DE CULTURĂ COSTEŞTI",137,"ORAŞ COSTEŞTI",13668,1,PROV,PRCNCT,CD,CD_SV,"2021-01-21 12:30:02",1732,1701,31,0,562,531,31,0,1880,1318,551,9,2,69,91,0,33,19,272,3,1,0,36,2,1,9,1,5,4,0,0,0,0,0,0,0,0,0,0,0,1,1,0,0,1,0,2
3,ARGEŞ,"LICEUL TEORETIC COSTEŞTI",138,"ORAŞ COSTEŞTI",13668,1,PROV,PRCNCT,CD,CD_SV,"2021-01-21 12:30:02",1639,1612,19,8,432,405,19,8,1770,1338,421,6,5,45,51,2,16,22,218,1,2,1,42,1,1,1,0,9,3,0,0,0,0,2,0,0,0,0,0,0,0,0,0,0,0,0,4
3,ARGEŞ,"ŞCOALA TELEŞTI",139,"ORAŞ COSTEŞTI",13668,1,PROV,PRCNCT,CD,CD_SV,"2021-01-21 12:30:02",796,778,17,1,241,223,17,1,860,619,239,0,2,27,29,1,2,18,111,2,0,1,33,2,0,5,0,3,2,0,0,0,0,0,0,0,0,0,0,0,0,0,0,0,1,0,2
3,ARGEŞ,"ŞCOALA GENERALĂ ZORILE",140,"ORAŞ COSTEŞTI",13668,1,PROV,PRCNCT,CD,CD_SV,"2021-01-21 12:30:02",853,834,19,0,233,214,19,0,920,687,230,2,1,12,24,1,11,4,131,0,1,2,28,1,0,1,1,11,1,0,0,0,0,0,0,0,0,0,0,0,0,0,1,0,0,0,0
3,ARGEŞ,"ŞCOALA GENERALĂ BROŞTENI",141,"ORAŞ COSTEŞTI",13668,1,PROV,PRCNCT,CD,CD_SV,"2021-01-21 12:30:02",690,669,21,0,184,163,21,0,740,556,181,3,0,15,28,1,5,9,104,0,0,0,9,1,0,6,2,0,0,0,0,0,0,0,0,0,0,0,0,0,1,0,0,0,0,0,0
3,ARGEŞ,"ŞCOALA GENERALĂ PODU BROŞTENI",142,"ORAŞ COSTEŞTI",13668,1,PROV,PRCNCT,CD,CD_SV,"2021-01-21 12:30:02",546,518,28,0,156,128,28,0,570,414,152,2,2,16,23,0,5,5,67,0,1,2,16,1,3,8,0,3,0,0,0,0,0,0,0,0,0,1,0,0,0,0,0,0,0,0,1
3,ARGEŞ,"ŞCOALA GENERALĂ PÎRVU ROŞU",143,"ORAŞ COSTEŞTI",13668,1,PROV,PRCNCT,CD,CD_SV,"2021-01-21 12:30:02",537,491,46,0,170,124,46,0,540,370,168,2,0,8,43,0,7,3,80,0,0,0,11,2,0,0,1,9,0,0,0,0,0,0,1,0,1,0,0,0,0,0,2,0,0,0,0
3,ARGEŞ,"ŞCOALA GENERALĂ STÎRCI",144,"ORAŞ COSTEŞTI",13668,1,PROV,PRCNCT,CD,CD_SV,"2021-01-21 12:30:02",205,194,11,0,61,50,11,0,220,159,61,0,0,12,2,1,3,4,30,2,0,0,4,1,0,0,2,0,0,0,0,0,0,0,0,0,0,0,0,0,0,0,0,0,0,0,0
3,ARGEŞ,"GRĂDINIŢA ”FLORILE SOARELUI”-INTRARE 1",145,"ORAŞ MIOVENI",13301,1,PROV,PRCNCT,CD,CD_SV,"2021-01-21 12:30:02",1524,1503,21,0,412,391,21,0,1700,1288,405,5,2,94,64,0,18,21,143,1,0,3,45,0,1,3,1,1,1,0,1,0,0,0,0,0,1,0,0,0,0,0,0,0,0,1,6
3,ARGEŞ,"LICEUL TEORETIC ”IULIA ZAMFIRESCU” - INTRARE C",146,"ORAŞ MIOVENI",13301,1,PROV,PRCNCT,CD,CD_SV,"2021-01-21 12:30:02",1405,1387,18,0,406,388,18,0,1500,1094,400,6,0,72,78,0,5,39,151,2,0,2,35,0,1,1,1,7,0,0,0,0,0,0,0,0,0,0,0,0,1,0,0,1,1,0,3
3,ARGEŞ,"FOSTUL SEDIU AL GRĂDINIȚEI DIN BLOCUL M6",147,"ORAŞ MIOVENI",13301,1,PROV,PRCNCT,CD,CD_SV,"2021-01-21 12:30:02",1731,1713,18,0,518,500,18,0,1900,1382,511,6,1,65,78,0,10,35,246,0,2,6,41,2,2,2,1,8,4,0,0,0,0,0,0,0,0,0,0,0,0,0,0,0,0,0,9
3,ARGEŞ,"GRĂDINIŢA ”FLORILE SOARELUI” - INTRARE 2",148,"ORAŞ MIOVENI",13301,1,PROV,PRCNCT,CD,CD_SV,"2021-01-21 12:30:02",1388,1368,20,0,440,420,20,0,1500,1060,433,7,0,97,61,1,8,35,188,2,0,3,24,1,0,2,3,5,1,0,0,0,0,0,0,0,0,0,0,0,0,0,0,0,2,0,0
3,ARGEŞ,"DISPENSAR UMAN",149,"ORAŞ MIOVENI",13301,2,PART,PRCNCT,CD,CD_SV,"2021-01-21 12:30:02",1471,1455,15,1,451,435,15,1,1600,1149,443,7,1,61,62,0,12,27,203,5,1,3,43,3,0,4,1,2,2,0,0,0,0,0,0,0,0,0,0,0,0,1,0,0,1,1,11
3,ARGEŞ,"ŞCOALA GIMNAZIALĂ ”LIVIU REBREANU” (CĂMIN ȘCOALĂ) - CORP B",150,"ORAŞ MIOVENI",13301,1,PROV,PRCNCT,CD,CD_SV,"2021-01-21 12:30:02",1862,1826,36,0,600,564,36,0,2000,1400,589,6,5,88,89,1,10,31,244,5,0,8,70,3,0,7,2,11,4,1,1,0,0,0,0,0,0,0,0,1,1,0,0,0,1,3,8
3,ARGEŞ,"LICEUL TEORETIC ”IULIA ZAMFIRESCU” - INTRARE B",151,"ORAŞ MIOVENI",13301,1,PROV,PRCNCT,CD,CD_SV,"2021-01-21 12:30:02",1470,1442,28,0,486,458,28,0,1600,1114,474,12,0,81,77,0,10,25,183,6,2,6,59,1,2,5,2,7,0,0,0,0,0,0,0,0,0,0,0,0,0,0,0,0,0,0,8
3,ARGEŞ,"ȘCOALA GIMNAZIALĂ LIVIU REBREANU” - INTRARE ELEVI",152,"ORAŞ MIOVENI",13301,1,PROV,PRCNCT,CD,CD_SV,"2021-01-21 12:30:02",966,953,13,0,322,309,13,0,1000,678,318,1,3,59,42,0,11,22,131,0,0,1,31,1,0,2,0,4,3,0,0,0,0,1,0,0,0,0,0,0,0,0,0,1,0,0,9
3,ARGEŞ,"ȘCOALA GIMNAZIALĂ ”LIVIU REBREANU” - INTRARE PROFESORI",153,"ORAŞ MIOVENI",13301,1,PROV,PRCNCT,CD,CD_SV,"2021-01-21 12:30:02",1173,1153,20,0,373,353,20,0,1300,927,364,5,4,74,40,1,9,20,144,0,0,3,49,0,8,0,0,2,5,0,0,0,0,0,0,0,1,0,0,0,0,0,0,0,0,0,8
3,ARGEŞ,"GRĂDINIŢA CU PROGRAM PRELUNGIT ”TIC-PITIC”",154,"ORAŞ MIOVENI",13301,1,PROV,PRCNCT,CD,CD_SV,"2021-01-21 12:30:02",1135,1114,21,0,363,342,21,0,1200,837,354,7,2,84,47,0,13,15,148,0,1,1,29,0,0,1,0,3,1,0,0,0,0,0,1,0,0,0,0,0,1,0,1,0,0,0,8
3,ARGEŞ,"GRĂDINIŢA CU PROGRAM PRELUNGIT ”TIC-PITIC”,",155,"ORAŞ MIOVENI",13301,1,PROV,PRCNCT,CD,CD_SV,"2021-01-21 12:30:02",1170,1152,16,2,378,360,16,2,1300,922,372,4,2,81,59,0,7,18,150,2,0,3,40,2,0,1,0,5,2,0,0,0,0,0,0,0,0,0,1,0,0,0,0,0,0,0,1
3,ARGEŞ,"ŞCOALA VECHE",156,"ORAŞ MIOVENI",13301,1,PROV,PRCNCT,CD,CD_SV,"2021-01-21 12:30:02",1330,1311,19,0,452,433,19,0,1400,948,444,7,1,74,71,0,17,25,192,0,1,1,43,0,1,5,0,3,2,0,0,0,0,0,0,0,1,0,0,0,0,0,0,0,1,0,7
3,ARGEŞ,"CASA DE CULTURĂ A SINDICATELOR DACIA",157,"ORAŞ MIOVENI",13301,1,PROV,PRCNCT,CD,CD_SV,"2021-01-21 12:30:02",1325,1294,31,0,484,453,31,0,1400,916,468,16,0,87,76,2,13,24,204,5,1,0,34,4,2,7,0,3,3,0,0,0,0,0,0,0,1,0,0,0,0,0,0,0,0,0,2
3,ARGEŞ,"FOSTUL SEDIU AL GRĂDINIȚEI DIN BLOCUL T6",158,"ORAŞ MIOVENI",13301,1,PROV,PRCNCT,CD,CD_SV,"2021-01-21 12:30:02",1619,1607,12,0,545,533,12,0,1700,1155,542,3,0,111,91,1,27,18,213,2,2,6,38,3,0,4,4,7,2,0,0,0,0,0,0,0,0,0,0,0,0,0,1,1,0,0,11
3,ARGEŞ,"FOSTUL SEDIU AL GRĂDINIȚEI ”CAMPIONII” DIN BLOCUL T2A",159,"ORAŞ MIOVENI",13301,1,PROV,PRCNCT,CD,CD_SV,"2021-01-21 12:30:02",1352,1334,16,2,428,410,16,2,1500,1072,423,5,0,92,51,0,8,25,188,6,1,1,23,2,1,2,0,7,0,0,0,0,0,0,0,0,1,0,0,0,0,1,1,3,0,1,9
3,ARGEŞ,"GRĂDINIȚA ”CAMPIONII”",160,"ORAŞ MIOVENI",13301,1,PROV,PRCNCT,CD,CD_SV,"2021-01-21 12:30:02",1881,1856,25,0,550,525,25,0,2000,1450,534,15,1,133,87,0,18,18,215,1,2,6,34,0,1,0,0,8,0,1,0,0,0,0,0,0,0,0,0,0,0,0,0,2,2,0,6
3,ARGEŞ,"ȘCOALA GIMNAZIALĂ ”GEORGE TOPÂRCEANU”",161,"ORAŞ MIOVENI",13301,1,PROV,PRCNCT,CD,CD_SV,"2021-01-21 12:30:02",1068,858,64,146,507,297,64,146,1100,593,488,12,7,96,58,1,12,22,251,0,1,3,29,0,1,2,1,4,1,1,0,1,0,0,0,0,0,0,0,0,0,0,1,0,0,0,3
3,ARGEŞ,"ȘCOALA GIMNAZIALĂ ”MARIN SORESCU” RACOVIȚA",162,"ORAŞ MIOVENI",13301,1,PROV,PRCNCT,CD,CD_SV,"2021-01-21 12:30:02",1022,974,37,11,400,352,37,11,1041,641,397,3,0,70,47,0,9,18,209,3,2,1,24,2,0,2,1,5,1,0,0,0,0,0,0,0,0,0,1,0,0,0,0,0,0,0,2
3,ARGEŞ,"FOSTUL SEDIU AL ȘCOLII RACOVIȚA DE SUS",163,"ORAŞ MIOVENI",13301,1,PROV,PRCNCT,CD,CD_SV,"2021-01-21 12:30:02",709,692,17,0,294,277,17,0,700,406,288,6,0,30,35,1,6,17,170,1,0,1,16,0,1,0,2,0,2,0,0,0,0,1,0,0,0,0,0,0,0,0,0,2,0,0,3
3,ARGEŞ,"ȘCOALA GIMNAZIALĂ NR.1 MIOVENI (COLIBAȘI)",164,"ORAŞ MIOVENI",13301,1,PROV,PRCNCT,CD,CD_SV,"2021-01-21 12:30:02",1336,1306,26,4,469,439,26,4,1700,1231,459,7,3,79,86,1,3,29,176,3,1,3,43,0,2,5,0,7,3,0,1,0,0,1,0,0,0,0,0,0,0,2,1,6,0,1,6
3,ARGEŞ,"CĂMINUL CULTURAL COLIBAȘI",165,"ORAŞ MIOVENI",13301,1,PROV,PRCNCT,CD,CD_SV,"2021-01-21 12:30:02",653,640,13,0,259,246,13,0,700,441,250,7,2,48,40,1,6,9,93,4,0,3,35,1,0,0,3,2,1,0,0,0,0,0,0,0,0,0,0,0,0,0,0,0,0,1,3
3,ARGEŞ,"FOSTUL SEDIU AL ȘCOLII CLUCEREASA",166,"ORAŞ MIOVENI",13301,1,PROV,PRCNCT,CD,CD_SV,"2021-01-21 12:30:02",327,308,19,0,156,137,19,0,300,144,155,1,0,12,16,0,1,6,93,1,0,0,15,1,0,5,0,1,0,0,0,0,0,0,0,0,0,0,0,0,0,0,0,0,0,0,4
3,ARGEŞ,"ȘCOALA PRIMARĂ FĂGETU",167,"ORAŞ MIOVENI",13301,2,PART,PRCNCT,CD,CD_SV,"2021-01-21 12:30:02",740,724,16,0,276,260,16,0,800,524,265,9,2,3,19,1,6,11,201,1,1,4,10,1,0,1,0,0,2,0,0,0,0,0,0,0,0,1,0,0,0,0,0,0,1,1,1
3,ARGEŞ,"CĂMINUL CULTURAL FĂGETU",168,"ORAŞ MIOVENI",13301,1,PROV,PRCNCT,CD,CD_SV,"2021-01-21 12:30:02",219,206,13,0,89,76,13,0,300,211,88,0,1,4,15,0,7,7,50,0,0,0,4,0,0,0,0,0,1,0,0,0,0,0,0,0,0,0,0,0,0,0,0,0,0,0,0
3,ARGEŞ,"ŞCOALA PRIMARĂ ENCULEŞTI",169,"ORAŞ ŞTEFĂNEŞTI",13392,1,PROV,PRCNCT,CD,CD_SV,"2021-01-21 12:30:02",487,469,18,0,131,113,18,0,500,369,125,3,3,14,11,0,14,7,53,2,0,0,8,4,0,1,1,10,0,0,0,0,0,0,0,0,0,0,0,0,0,0,0,0,0,0,0
3,ARGEŞ,"ȘCOALA GENERALĂ ”CONSTANTIN BRÂNCOVEANU”",170,"ORAŞ ŞTEFĂNEŞTI",13392,1,PROV,PRCNCT,CD,CD_SV,"2021-01-21 12:30:02",1222,1208,14,0,281,267,14,0,1400,1119,273,8,0,47,39,2,13,16,108,3,1,2,21,0,0,2,0,13,2,0,0,0,0,0,0,0,0,0,0,1,0,0,0,0,0,1,2
3,ARGEŞ,"ŞCOALA GENERALĂ ”CONSTANTIN BRÂNCOVEANU” VALEA MARE",171,"ORAŞ ŞTEFĂNEŞTI",13392,3,PART,PRCNCT,CD,CD_SV,"2021-01-21 12:30:02",1750,1724,24,2,545,519,24,2,1900,1355,531,11,3,118,99,1,21,32,204,1,4,0,20,0,1,7,1,4,1,0,0,0,0,0,1,0,0,1,1,1,0,0,0,0,0,0,13
3,ARGEŞ,"NIDEC MOTOR CORPORATION ROMANIA S.A.",172,"ORAŞ ŞTEFĂNEŞTI",13392,1,PROV,PRCNCT,CD,CD_SV,"2021-01-21 12:30:02",1977,1923,54,0,683,629,54,0,2100,1417,670,12,1,170,151,1,46,36,192,3,0,4,32,3,1,6,3,10,2,0,1,0,0,0,0,0,0,0,1,0,0,0,0,1,1,0,6
3,ARGEŞ,"LICEUL TEHNOLOGIC ”DINU BRĂTIANU”",173,"ORAŞ ŞTEFĂNEŞTI",13392,1,PROV,PRCNCT,CD,CD_SV,"2021-01-21 12:30:02",1823,1774,49,0,636,587,49,0,1900,1264,624,9,3,155,114,2,37,23,213,1,0,5,42,4,0,5,0,10,0,0,0,0,0,2,0,0,0,0,0,0,0,0,0,0,0,0,11
3,ARGEŞ,"LICEUL TEHNOLOGIC ”DINU BRĂTIANU”",174,"ORAŞ ŞTEFĂNEŞTI",13392,2,PART,PRCNCT,CD,CD_SV,"2021-01-21 12:30:02",1370,1324,36,10,397,351,36,10,1400,1003,387,8,2,64,54,1,35,23,163,3,2,8,17,1,3,0,1,1,0,0,0,0,0,0,0,0,0,0,0,0,2,1,0,0,0,0,8
3,ARGEŞ,"ŞCOALA GENERALĂ NR.1 ŞTEFĂNEŞTI, CORP C (GRĂDINIŢĂ)",175,"ORAŞ ŞTEFĂNEŞTI",13392,1,PROV,PRCNCT,CD,CD_SV,"2021-01-21 12:30:02",975,951,24,0,308,284,24,0,1094,786,303,5,0,46,57,0,27,9,132,1,2,1,17,2,1,0,0,2,1,0,0,0,0,0,0,0,1,2,0,0,0,0,0,0,0,0,2
3,ARGEŞ,"CASA DE CULTURĂ ŞTEFĂNEŞTI",176,"ORAŞ ŞTEFĂNEŞTI",13392,1,PROV,PRCNCT,CD,CD_SV,"2021-01-21 12:30:02",1104,1077,26,1,360,333,26,1,1200,840,355,4,1,70,70,0,26,13,135,1,1,1,24,3,0,3,0,1,0,0,0,0,0,0,0,0,0,0,0,0,0,1,0,0,0,0,6
3,ARGEŞ,"ŞCOALA PRIMARĂ ŞTEFĂNEŞTI",177,"ORAŞ ŞTEFĂNEŞTI",13392,1,PROV,PRCNCT,CD,CD_SV,"2021-01-21 12:30:02",1415,1391,23,1,430,406,23,1,1501,1071,420,6,4,36,52,0,61,15,182,2,2,6,39,5,0,4,1,6,1,0,1,0,0,1,1,0,0,0,0,0,1,0,0,2,1,0,1
3,ARGEŞ,"ŞCOALA ”RADU GOLESCU” GOLEȘTI",178,"ORAŞ ŞTEFĂNEŞTI",13392,1,PROV,PRCNCT,CD,CD_SV,"2021-01-21 12:30:02",1065,1035,30,0,298,268,30,0,1098,800,285,10,3,31,40,3,15,10,140,1,0,2,24,4,1,3,0,4,1,0,0,0,0,0,0,0,1,0,0,0,0,0,0,0,1,2,2
3,ARGEŞ,"ŞCOALA PRIMARĂ GOLEŞTII-BADII",179,"ORAŞ TOPOLOVENI",13757,1,PROV,PRCNCT,CD,CD_SV,"2021-01-21 12:30:02",848,837,11,0,279,268,11,0,900,621,276,3,0,23,78,0,10,16,117,1,0,1,9,2,2,2,1,12,1,0,0,0,0,0,0,0,0,0,0,0,0,0,0,0,0,0,1
3,ARGEŞ,"LICEUL TEORETIC ”ION MIHALACHE’’ TOPOLOVENI",180,"ORAŞ TOPOLOVENI",13757,1,PROV,PRCNCT,CD,CD_SV,"2021-01-21 12:30:02",1010,991,19,0,311,292,19,0,1100,789,303,8,0,32,62,0,7,17,137,2,0,1,27,0,1,1,0,9,1,0,0,0,0,0,0,0,0,0,0,0,0,0,0,0,0,0,6
3,ARGEŞ,"LICEUL TEORETIC ”ION MIHALACHE’’ TOPOLOVENI",181,"ORAŞ TOPOLOVENI",13757,1,PROV,PRCNCT,CD,CD_SV,"2021-01-21 12:30:02",900,878,22,0,361,339,22,0,1000,639,355,6,0,42,68,2,12,20,167,0,0,0,30,1,1,3,0,6,0,0,0,0,0,0,0,0,0,0,0,0,0,0,0,1,1,0,1
3,ARGEŞ,"CENTRUL DE ZI TOPOLOVENI",182,"ORAŞ TOPOLOVENI",13757,1,PROV,PRCNCT,CD,CD_SV,"2021-01-21 12:30:02",653,637,16,0,260,244,16,0,700,440,250,8,0,38,40,0,5,28,108,1,0,1,20,2,0,1,0,6,0,0,0,0,0,0,0,0,0,0,0,0,0,0,0,0,0,0,0
3,ARGEŞ,"ŞCOALA GIMNAZIALĂ ”NICOLAE CRISTESCU” TOPOLOVENI",183,"ORAŞ TOPOLOVENI",13757,1,PROV,PRCNCT,CD,CD_SV,"2021-01-21 12:30:02",861,834,24,3,329,302,24,3,900,571,325,2,2,43,59,0,11,23,137,3,1,3,26,6,0,1,0,10,0,0,0,0,0,0,0,0,0,0,0,0,1,0,0,0,0,0,1
3,ARGEŞ,"ŞCOALA GIMNAZIALĂ ”NICOLAE CRISTESCU” TOPOLOVENI",184,"ORAŞ TOPOLOVENI",13757,1,PROV,PRCNCT,CD,CD_SV,"2021-01-21 12:30:02",953,943,10,0,282,272,10,0,1000,718,277,5,0,33,58,0,6,16,112,1,1,2,29,1,0,2,0,13,0,0,0,0,0,0,0,0,0,0,0,0,0,0,0,0,0,0,3
3,ARGEŞ,"ŞCOALA GIMNAZIALĂ ” NICOLAE CRISTESCU” SALA DE SPORT",185,"ORAŞ TOPOLOVENI",13757,1,PROV,PRCNCT,CD,CD_SV,"2021-01-21 12:30:02",1088,1076,12,0,353,341,12,0,1200,847,345,7,1,59,70,0,9,20,141,0,0,2,23,3,1,2,0,11,0,0,0,0,0,0,0,0,1,0,0,1,0,0,0,0,0,0,2
3,ARGEŞ,"ŞCOALA PRIMARĂ INURI",186,"ORAŞ TOPOLOVENI",13757,1,PROV,PRCNCT,CD,CD_SV,"2021-01-21 12:30:02",261,247,14,0,100,86,14,0,300,200,93,4,3,5,18,1,3,3,55,0,0,0,2,1,0,2,0,1,0,0,1,0,0,0,0,0,0,1,0,0,0,0,0,0,0,0,0
3,ARGEŞ,"ŞCOALA PRIMARĂ ŢIGĂNEŞTI- LINIE",187,"ORAŞ TOPOLOVENI",13757,1,PROV,PRCNCT,CD,CD_SV,"2021-01-21 12:30:02",623,611,12,0,231,219,12,0,700,469,224,5,2,23,36,0,11,10,110,2,0,2,13,0,0,1,2,11,0,0,0,0,0,1,0,1,0,0,0,0,0,0,0,0,0,0,1
3,ARGEŞ,"ŞCOALA GENERALĂ ŢIGĂNEŞTI - CENTRU",188,"ORAŞ TOPOLOVENI",13757,2,PART,PRCNCT,CD,CD_SV,"2021-01-21 12:30:02",686,668,18,0,235,217,18,0,700,465,231,3,1,14,33,0,9,8,131,2,3,1,17,3,0,3,1,1,1,0,0,0,0,0,0,1,0,0,0,0,0,0,0,1,1,0,1
3,ARGEŞ,"CASA DE CULTURĂ ALBEŞTII DE ARGEŞ",189,"ALBEŞTII DE ARGEŞ",13819,1,PROV,PRCNCT,CD,CD_SV,"2021-01-21 12:30:02",1612,1586,26,0,566,540,26,0,1700,1134,553,10,3,49,110,0,20,36,209,6,2,3,84,4,0,4,1,2,5,2,0,0,0,1,0,0,0,0,0,0,0,0,0,2,0,2,11
3,ARGEŞ,"ŞCOALA PRIMARĂ ALBEŞTII -UNGURENI",190,"ALBEŞTII DE ARGEŞ",13819,1,PROV,PRCNCT,CD,CD_SV,"2021-01-21 12:30:02",1038,1025,13,0,332,319,13,0,1100,768,325,6,1,24,74,1,16,39,106,1,1,1,48,2,2,4,0,0,0,0,0,0,0,0,0,0,0,2,0,0,0,0,1,0,0,0,3
3,ARGEŞ,"ŞCOALA PRIMARĂ ALBEŞTII-UNGURENI",191,"ALBEŞTII DE ARGEŞ",13819,1,PROV,PRCNCT,CD,CD_SV,"2021-01-21 12:30:02",1019,1006,13,0,325,312,13,0,1100,775,322,2,1,30,101,1,22,21,92,3,0,1,28,3,1,6,2,0,0,0,0,0,0,0,0,0,0,0,0,0,0,1,0,0,0,0,10
3,ARGEŞ,"ŞCOALA PRIMARĂ BRĂTEŞTI",192,"ALBEŞTII DE ARGEŞ",13819,3,PART,PRCNCT,CD,CD_SV,"2021-01-21 12:30:02",601,586,13,2,209,195,12,2,600,391,206,1,2,16,51,0,12,11,83,2,2,1,13,3,0,4,0,3,0,0,1,0,0,0,0,0,0,0,0,0,0,1,0,1,0,0,2
3,ARGEŞ,"SCOALA PRIMARĂ DOBROŢU",193,"ALBEŞTII DE ARGEŞ",13819,1,PROV,PRCNCT,CD,CD_SV,"2021-01-21 12:30:02",825,807,18,0,247,229,18,0,900,653,244,1,2,19,81,1,11,26,63,5,0,2,21,0,0,4,0,3,1,0,0,0,0,0,0,0,0,0,0,0,1,0,0,0,0,0,6
3,ARGEŞ,"ŞCOALA GIMNAZIALĂ NR.1 ALBEȘTII DE MUSCEL, STRADA MAGISTRAT SORIN MOISESCU NR.360",194,"ALBEŞTII DE MUSCEL",13891,1,PROV,PRCNCT,CD,CD_SV,"2021-01-21 12:30:02",926,897,18,11,295,266,18,11,1001,706,292,1,2,25,120,0,9,16,82,1,0,0,24,2,0,2,0,2,3,0,0,0,0,0,1,0,0,1,0,0,0,0,1,0,0,0,3
3,ARGEŞ,"ŞCOALA GENERALĂ I-IV CÂNDEȘTI, STRADA MAGISTRAT SORIN MOISESCU, NR.182",195,"ALBEŞTII DE MUSCEL",13891,1,PROV,PRCNCT,CD,CD_SV,"2021-01-21 12:30:02",374,347,23,4,155,128,23,4,400,245,151,3,1,8,64,0,11,8,47,2,1,1,4,3,0,0,0,0,0,0,0,0,0,0,1,0,0,0,0,0,0,0,0,0,0,0,1
3,ARGEŞ,"CĂMIN CULTURAL ALBOTA",196,ALBOTA,13935,2,PART,PRCNCT,CD,CD_SV,"2021-01-21 12:30:02",1983,1918,63,2,728,663,63,2,2100,1372,708,12,8,100,105,1,16,31,349,5,3,6,42,3,2,5,9,15,4,0,1,0,2,0,0,1,1,0,0,0,0,0,1,1,0,0,5
3,ARGEŞ,"ŞCOALA GIMNAZIALĂ MAREŞ",197,ALBOTA,13935,1,PROV,PRCNCT,CD,CD_SV,"2021-01-21 12:30:02",906,868,38,0,417,379,38,0,1000,583,410,2,5,43,52,0,3,32,249,4,1,4,14,2,0,3,0,0,0,0,0,0,0,1,0,0,1,0,0,0,0,0,0,0,0,0,1
3,ARGEŞ,"ŞCOALA PRIMARĂ CERBU",198,ALBOTA,13935,1,PROV,PRCNCT,CD,CD_SV,"2021-01-21 12:30:02",660,619,41,0,308,267,41,0,700,392,300,5,3,31,39,0,7,14,167,2,2,1,22,4,1,4,1,1,2,1,0,0,0,0,0,0,0,0,0,0,0,0,0,1,0,0,0
3,ARGEŞ,"ŞCOALA GIMNAZIALĂ BROŞTENI - ANINOASA, CORP B",199,ANINOASA,13999,1,PROV,PRCNCT,CD,CD_SV,"2021-01-21 12:30:02",1250,1220,28,2,472,442,28,2,1300,828,449,17,6,27,51,1,56,53,158,2,1,2,32,4,0,10,3,1,5,0,0,0,0,0,0,0,2,0,0,1,0,1,0,3,1,15,20
3,ARGEŞ,"CĂMIN CULTURAL VALEA SILIŞTII",200,ANINOASA,13999,1,PROV,PRCNCT,CD,CD_SV,"2021-01-21 12:30:02",525,501,24,0,225,201,24,0,600,375,223,2,0,14,38,1,14,15,104,0,0,1,12,5,0,4,1,1,0,0,0,0,0,0,0,0,0,0,0,0,0,0,0,0,0,3,10
3,ARGEŞ,"ŞCOALA GIMNAZIALĂ SLĂNIC",201,ANINOASA,13999,2,PART,PRCNCT,CD,CD_SV,"2021-01-21 12:30:02",932,909,23,0,400,377,23,0,1000,600,370,30,0,26,46,0,9,11,182,1,0,1,35,1,0,2,1,0,6,0,2,0,0,1,0,0,0,0,0,0,1,4,0,0,0,7,34
3,ARGEŞ,"CĂMINUL CULTURAL AREFU",202,AREFU,14049,1,PROV,PRCNCT,CD,CD_SV,"2021-01-21 12:30:02",1048,1020,28,0,274,246,28,0,1100,826,267,3,4,16,49,2,7,12,111,0,0,0,40,1,2,0,0,4,0,0,0,0,0,0,2,0,0,0,0,1,0,0,0,0,0,0,20
3,ARGEŞ,"ŞCOALA GIMNAZIALĂ GEORGE STEPHĂNESCU",203,AREFU,14049,1,PROV,PRCNCT,CD,CD_SV,"2021-01-21 12:30:02",927,906,21,0,241,220,21,0,1000,759,238,2,1,36,67,1,14,17,68,1,1,0,14,1,2,1,1,1,0,0,1,0,0,0,0,0,1,0,0,0,0,0,0,1,0,0,10
3,ARGEŞ,"GRĂDINIȚA NR. 1 BASCOV",204,BASCOV,13187,1,PROV,PRCNCT,CD,CD_SV,"2021-01-21 12:30:02",1464,1385,79,0,524,445,79,0,1500,976,517,5,2,124,88,0,45,12,184,0,0,0,36,2,2,6,0,9,1,0,0,0,0,0,0,0,0,0,0,0,0,0,0,0,0,0,8
3,ARGEŞ,"ŞCOALA GENERALĂ BASCOV, CLĂDIREA VECHE",205,BASCOV,13187,2,PART,PRCNCT,CD,CD_SV,"2021-01-21 12:30:02",1985,1937,48,0,693,645,48,0,2100,1407,681,12,0,161,149,2,30,32,217,1,0,3,54,2,8,2,1,7,1,0,0,1,0,0,0,0,0,1,1,1,0,0,0,0,1,0,6
3,ARGEŞ,"ŞCOALA GENERALĂ BASCOV, CLĂDIREA NOUĂ",206,BASCOV,13187,2,PART,PRCNCT,CD,CD_SV,"2021-01-21 12:30:02",1321,1297,23,1,462,438,23,1,1400,938,458,3,1,87,105,0,34,24,135,1,3,5,42,1,6,3,1,3,1,0,0,0,0,0,0,0,0,0,0,0,0,0,0,0,0,0,7
3,ARGEŞ,"ŞCOALA GENERALĂ SCHIAU",207,BASCOV,13187,1,PROV,PRCNCT,CD,CD_SV,"2021-01-21 12:30:02",1562,1495,60,7,497,430,60,7,1600,1103,486,9,2,93,103,0,58,19,157,3,2,1,30,3,2,3,0,4,2,0,0,0,0,0,0,0,0,0,0,0,0,0,0,0,0,2,4
3,ARGEŞ,"ŞCOALA GENERALĂ GLÎMBOCU",208,BASCOV,13187,3,PART,PRCNCT,CD,CD_SV,"2021-01-21 12:30:02",817,795,20,2,296,274,20,2,900,604,290,4,2,58,61,0,7,17,93,2,0,0,47,0,0,3,1,0,0,0,0,0,0,0,0,0,1,0,0,0,0,0,0,0,0,0,0
3,ARGEŞ,"ŞCOALA GENERALĂ VALEA URSULUI",209,BASCOV,13187,1,PROV,PRCNCT,CD,CD_SV,"2021-01-21 12:30:02",1597,1573,21,3,469,445,21,3,1700,1231,460,8,1,82,80,1,10,25,188,3,0,8,48,0,1,5,2,2,1,0,0,0,0,0,0,0,0,0,0,0,0,0,0,1,1,0,2
3,ARGEŞ,"ŞCOALA GENERALĂ MICA",210,BASCOV,13187,1,PROV,PRCNCT,CD,CD_SV,"2021-01-21 12:30:02",516,495,21,0,241,220,21,0,505,264,235,5,1,35,20,0,11,11,121,0,0,2,26,1,4,0,0,0,0,0,0,0,0,0,1,0,0,0,0,0,0,1,0,0,0,0,2
3,ARGEŞ,"ŞCOALA BĂBANA",211,BĂBANA,14085,2,PART,PRCNCT,CD,CD_SV,"2021-01-21 12:30:02",785,761,24,0,267,243,24,0,800,533,253,10,4,18,48,0,3,11,123,0,3,1,37,3,0,0,1,1,2,0,0,0,0,1,0,0,0,0,0,0,0,1,0,0,0,0,0
3,ARGEŞ,"ŞCOALA SLĂTIOARELE",212,BĂBANA,14085,2,PART,PRCNCT,CD,CD_SV,"2021-01-21 12:30:02",705,665,40,0,223,183,40,0,700,477,217,1,5,20,39,1,17,30,74,1,2,4,19,2,1,2,0,1,2,0,0,0,0,0,0,0,0,0,0,0,0,0,0,0,0,0,2
3,ARGEŞ,"SALA DE FESTIVITĂȚII A CONSILIULUI LOCAL BĂBANA",213,BĂBANA,14085,2,PART,PRCNCT,CD,CD_SV,"2021-01-21 12:30:02",633,589,44,0,293,249,44,0,600,307,283,10,0,20,80,0,14,17,110,4,0,2,22,0,2,2,1,1,3,0,0,0,0,1,0,0,0,0,0,0,0,2,0,1,0,1,0
3,ARGEŞ,"ŞCOALA GROŞI",214,BĂBANA,14085,2,PART,PRCNCT,CD,CD_SV,"2021-01-21 12:30:02",405,381,24,0,195,171,24,0,400,205,192,2,1,18,68,0,1,10,70,1,0,0,16,2,0,2,0,2,0,0,1,0,0,1,0,0,0,0,0,0,0,0,0,0,0,0,0
3,ARGEŞ,"PRIMĂRIA BĂICULEŞTI",215,BĂICULEŞTI,14165,1,PROV,PRCNCT,CD,CD_SV,"2021-01-21 12:30:02",1419,1394,25,0,401,376,25,0,1500,1099,394,3,4,39,66,0,6,25,208,1,0,3,25,5,0,2,1,2,0,0,0,0,0,0,0,0,0,0,0,0,0,0,1,1,0,0,9
3,ARGEŞ,"ŞCOALA MĂNICEŞTI",216,BĂICULEŞTI,14165,1,PROV,PRCNCT,CD,CD_SV,"2021-01-21 12:30:02",655,625,30,0,203,173,30,0,700,497,199,2,2,17,28,0,4,30,85,2,0,0,18,1,1,4,0,2,0,0,0,0,0,0,0,0,0,0,1,0,0,2,0,1,0,0,3
3,ARGEŞ,"CĂMINUL CULTURAL",217,BĂICULEŞTI,14165,1,PROV,PRCNCT,CD,CD_SV,"2021-01-21 12:30:02",843,825,17,1,303,285,17,1,900,597,297,5,1,40,50,2,9,15,137,2,0,3,22,5,0,3,1,1,2,0,0,0,0,0,0,0,1,0,0,0,0,0,0,0,0,0,4
3,ARGEŞ,"CĂMINUL CULTURAL",218,BĂICULEŞTI,14165,1,PROV,PRCNCT,CD,CD_SV,"2021-01-21 12:30:02",693,671,20,2,268,246,20,2,700,432,260,2,6,20,24,0,1,13,162,1,0,1,21,4,0,4,3,2,0,0,0,0,0,0,0,0,0,0,0,0,0,0,0,0,1,0,3
3,ARGEŞ,"SEDIUL ADMINISTRATIV TUTANA",219,BĂICULEŞTI,14165,1,PROV,PRCNCT,CD,CD_SV,"2021-01-21 12:30:02",1513,1487,26,0,407,381,26,0,1600,1193,393,11,3,31,50,0,10,26,199,5,0,3,58,3,0,1,1,1,2,0,0,0,0,0,0,0,0,0,0,0,0,0,0,0,0,0,3
3,ARGEŞ,"CĂMIN CULTURAL BĂLILEŞTI",220,BĂLILEŞTI,14272,2,PART,PRCNCT,CD,CD_SV,"2021-01-21 12:30:02",917,891,26,0,346,320,26,0,1000,654,338,6,2,28,63,0,17,13,172,2,0,1,21,2,0,1,1,2,5,0,0,0,0,0,0,1,0,1,0,0,1,0,0,0,1,2,4
3,ARGEŞ,"CĂMIN CULTURAL BĂJEŞTI",221,BĂLILEŞTI,14272,1,PROV,PRCNCT,CD,CD_SV,"2021-01-21 12:30:02",858,820,38,0,328,290,38,0,1000,672,322,5,1,24,60,1,46,14,124,2,0,6,22,8,0,6,1,0,1,0,0,0,0,0,0,0,0,0,0,0,0,0,0,1,0,2,4
3,ARGEŞ,"CĂMIN CULTURAL POIENIŢA",222,BĂLILEŞTI,14272,1,PROV,PRCNCT,CD,CD_SV,"2021-01-21 12:30:02",991,975,16,0,346,330,16,0,1000,654,338,5,3,24,46,0,38,5,182,0,0,5,19,3,0,5,1,0,3,1,0,0,0,1,0,0,0,0,0,0,0,0,0,0,1,1,3
3,ARGEŞ,"ŞCOALA CU CLASELE I-IV GOLEŞTI-PRIBOAIA",223,BĂLILEŞTI,14272,2,PART,PRCNCT,CD,CD_SV,"2021-01-21 12:30:02",593,566,27,0,225,198,27,0,600,375,215,6,4,11,41,0,21,2,120,3,0,1,10,1,0,1,1,2,0,0,0,0,0,0,0,0,1,0,0,0,0,0,0,0,0,0,0
3,ARGEŞ,"ŞCOALA URLUIENI",224,BÂRLA,14450,1,PROV,PRCNCT,CD,CD_SV,"2021-01-21 12:30:02",1057,991,66,0,324,258,66,0,1100,776,313,7,4,16,140,1,6,7,118,2,1,1,12,1,0,2,0,0,2,0,0,0,0,1,0,0,0,0,0,0,0,0,0,0,0,1,2
3,ARGEŞ,"ŞCOALA MÎNDRA",225,BÂRLA,14450,1,PROV,PRCNCT,CD,CD_SV,"2021-01-21 12:30:02",699,652,47,0,230,183,47,0,700,470,213,12,5,6,95,0,3,9,76,2,0,1,9,2,0,4,0,2,2,0,0,0,0,0,0,0,1,0,0,0,0,1,0,0,0,0,0
3,ARGEŞ,"ŞCOALA CU CLASELE I-VIII BÂRLA",226,BÂRLA,14450,1,PROV,PRCNCT,CD,CD_SV,"2021-01-21 12:30:02",839,775,61,3,320,256,61,3,900,580,308,10,2,8,36,0,9,12,220,2,1,1,13,1,0,0,0,0,2,1,0,0,0,0,0,1,0,0,0,0,0,0,1,0,0,0,0
3,ARGEŞ,"CENTRUL AFTER SCHOOL MOZĂCENII VALE",227,BÂRLA,14450,1,PROV,PRCNCT,CD,CD_SV,"2021-01-21 12:30:02",967,908,59,0,369,310,59,0,1000,631,357,8,4,11,182,0,8,9,129,2,1,1,8,1,3,0,0,1,0,0,0,0,0,0,0,0,0,0,0,0,0,0,0,0,0,0,1
3,ARGEŞ,"ŞCOALA BĂDEŞTI",228,BÂRLA,14450,1,PROV,PRCNCT,CD,CD_SV,"2021-01-21 12:30:02",282,258,24,0,122,98,24,0,300,178,121,0,1,8,61,0,1,2,36,0,0,0,10,0,0,0,0,0,0,0,0,0,0,1,1,0,0,0,0,0,0,0,0,1,0,0,0
3,ARGEŞ,"CĂMIN CULTURAL BELEŢI",229,BELEŢI-NEGREŞTI,14352,1,PROV,PRCNCT,CD,CD_SV,"2021-01-21 12:30:02",536,529,7,0,205,198,7,0,600,395,202,2,1,20,46,0,8,39,57,3,0,1,22,0,1,0,0,1,1,0,0,0,0,0,0,0,0,0,0,1,0,0,0,0,0,1,1
3,ARGEŞ,"CĂMIN CULTURAL NEGREŞTI",230,BELEŢI-NEGREŞTI,14352,1,PROV,PRCNCT,CD,CD_SV,"2021-01-21 12:30:02",974,955,19,0,450,431,19,0,1000,550,443,7,0,57,78,1,44,49,166,2,0,3,32,3,0,2,2,0,2,0,0,0,0,0,0,1,0,0,0,0,0,0,1,0,0,0,0
3,ARGEŞ,"CĂMIN CULTURAL BEREVOEŞTI-PĂMÎNTENI",231,BEREVOEŞTI,14405,1,PROV,PRCNCT,CD,CD_SV,"2021-01-21 12:30:02",1718,1687,31,0,526,495,31,0,1800,1274,514,8,4,24,95,2,9,40,249,4,0,3,58,4,1,1,2,1,4,0,0,0,0,0,0,0,0,0,0,0,1,0,0,0,0,4,12
3,ARGEŞ,"ŞCOALA GĂMĂCEŞTI",232,BEREVOEŞTI,14405,1,PROV,PRCNCT,CD,CD_SV,"2021-01-21 12:30:02",865,848,17,0,324,307,17,0,900,576,280,37,7,5,10,1,38,25,130,2,0,2,21,1,0,2,0,0,0,0,0,0,0,1,0,0,0,0,0,0,0,4,0,0,0,38,0
3,ARGEŞ,"ŞCOALA BRATIA",233,BEREVOEŞTI,14405,1,PROV,PRCNCT,CD,CD_SV,"2021-01-21 12:30:02",157,141,16,0,73,57,16,0,200,127,73,0,0,0,2,1,0,8,57,0,0,0,3,0,0,0,0,0,0,0,0,0,0,0,0,0,0,0,0,0,0,0,0,0,0,2,0
3,ARGEŞ,"ŞCOALA BOGAŢI",234,BOGAŢI,14584,1,PROV,PRCNCT,CD,CD_SV,"2021-01-21 12:30:02",1378,1356,22,0,373,351,22,0,1500,1127,369,2,2,19,68,0,9,23,202,2,0,1,30,2,0,5,0,1,0,0,0,0,0,1,0,0,0,0,0,0,0,2,1,0,1,1,1
3,ARGEŞ,"ŞCOALA GLÎMBOCELU",235,BOGAŢI,14584,1,PROV,PRCNCT,CD,CD_SV,"2021-01-21 12:30:02",603,591,12,0,187,175,12,0,600,413,181,6,0,7,33,0,5,2,114,2,0,0,11,3,0,2,0,1,0,0,0,0,0,0,0,0,0,0,0,0,0,0,0,0,0,0,1
3,ARGEŞ,"ŞCOALA CHIŢEŞTI",236,BOGAŢI,14584,1,PROV,PRCNCT,CD,CD_SV,"2021-01-21 12:30:02",228,213,15,0,92,77,15,0,300,208,91,1,0,11,14,0,3,5,49,0,0,1,6,0,0,1,0,1,0,0,0,0,0,0,0,0,0,0,0,0,0,0,0,0,0,0,0
3,ARGEŞ,"GRĂDINIŢA BUJOI",237,BOGAŢI,14584,1,PROV,PRCNCT,CD,CD_SV,"2021-01-21 12:30:02",518,504,14,0,194,180,14,0,600,406,182,12,0,12,36,0,4,13,88,1,0,1,19,2,0,3,0,0,1,0,0,0,0,0,0,1,0,0,0,0,0,0,0,0,0,0,1
3,ARGEŞ,"ŞCOALA SUSENI",238,BOGAŢI,14584,1,PROV,PRCNCT,CD,CD_SV,"2021-01-21 12:30:02",784,778,6,0,248,242,6,0,900,652,244,3,1,8,31,0,19,14,125,1,0,2,26,7,1,4,0,0,0,0,0,1,0,0,0,0,0,0,0,0,0,1,1,1,1,0,1
3,ARGEŞ,"ŞCOALA GLÎMBOCEL",239,BOGAŢI,14584,3,PART,PRCNCT,CD,CD_SV,"2021-01-21 12:30:02",165,149,16,0,52,36,16,0,200,148,52,0,0,4,8,0,4,5,28,0,0,1,1,0,0,0,0,0,0,0,0,0,0,0,0,0,0,0,0,0,0,0,0,0,0,1,0
3,ARGEŞ,"CĂMIN CULTURAL BOTENI",240,BOTENI,14673,2,PART,PRCNCT,CD,CD_SV,"2021-01-21 12:30:02",1533,1468,37,28,689,624,37,28,1600,911,662,18,9,41,96,2,73,38,355,2,1,10,22,6,0,3,0,4,1,1,0,0,0,0,0,0,0,1,0,0,0,0,0,1,3,1,1
3,ARGEŞ,"ŞCOALA PRIMARĂ LUNCA",241,BOTENI,14673,1,PROV,PRCNCT,CD,CD_SV,"2021-01-21 12:30:02",508,493,11,4,247,232,11,4,500,253,240,5,2,8,21,0,21,8,160,1,0,2,9,2,0,3,0,0,1,0,0,0,0,0,0,0,2,0,1,0,0,1,0,0,0,0,0
3,ARGEŞ,"CĂMINUL CULTURAL BOȚEȘTI",242,BOŢEŞTI,14726,1,PROV,PRCNCT,CD,CD_SV,"2021-01-21 12:30:02",687,657,30,0,295,265,30,0,700,405,283,5,7,11,77,0,10,16,135,1,1,0,14,3,1,2,1,4,2,0,0,0,0,0,1,0,0,0,1,0,0,0,1,0,0,1,1
3,ARGEŞ,"ŞCOALA PRIMARĂ MOŞTENI-GRECI",243,BOŢEŞTI,14726,2,PART,PRCNCT,CD,CD_SV,"2021-01-21 12:30:02",271,245,26,0,139,113,26,0,300,161,137,2,0,8,15,0,3,56,49,0,0,1,3,0,0,0,0,1,1,0,0,0,0,0,0,0,0,0,0,0,0,0,0,0,0,0,0
3,ARGEŞ,"CĂMINUL CULTURAL BRADU",244,BRADU,13276,1,PROV,PRCNCT,CD,CD_SV,"2021-01-21 12:30:02",1047,976,71,0,426,355,71,0,1100,674,417,7,2,60,59,2,28,26,195,2,0,2,28,1,1,1,0,1,3,0,0,1,0,0,0,0,0,0,0,0,0,0,0,1,0,0,6
3,ARGEŞ,"ȘCOALA PRIMARĂ ” MIHAI EMINESCU”",245,BRADU,13276,2,PART,PRCNCT,CD,CD_SV,"2021-01-21 12:30:02",872,825,47,0,335,288,47,0,900,565,329,6,0,25,22,0,42,8,198,3,0,2,17,5,1,1,0,3,0,0,0,0,0,0,0,0,0,0,0,0,0,0,0,0,0,1,1
3,ARGEŞ,"GRĂDINIȚA ” SCUFIȚA ROȘIE ”",246,BRADU,13276,1,PROV,PRCNCT,CD,CD_SV,"2021-01-21 12:30:02",1975,1929,44,2,625,579,44,2,2100,1475,613,8,4,37,38,1,56,38,364,2,0,6,44,5,1,4,0,7,1,0,0,0,0,0,0,0,0,0,0,0,0,0,0,2,0,0,7
3,ARGEŞ,"GRĂDINIȚA AFTER SCHOOL - GEAMĂNA",247,BRADU,13276,1,PROV,PRCNCT,CD,CD_SV,"2021-01-21 12:30:02",1606,1538,68,0,576,508,68,0,1600,1024,570,6,0,124,135,0,34,23,203,0,1,4,30,0,1,2,0,7,2,0,0,1,0,0,0,0,0,0,0,0,0,0,0,0,0,0,3
3,ARGEŞ,"GRĂDINIȚA SCHOOL GEAMĂNA",248,BRADU,13276,1,PROV,PRCNCT,CD,CD_SV,"2021-01-21 12:30:02",1977,1807,167,3,748,578,167,3,2100,1352,740,4,4,91,77,1,202,33,245,8,1,5,52,3,0,3,1,4,3,0,1,1,0,0,1,0,0,1,0,1,0,0,0,0,0,0,6
3,ARGEŞ,"CĂMIN CULTURAL BRĂDULEŢ",249,BRĂDULEŢ,14753,1,PROV,PRCNCT,CD,CD_SV,"2021-01-21 12:30:02",465,449,16,0,175,159,16,0,450,275,171,3,1,11,18,0,21,5,33,1,0,1,23,1,0,1,1,16,0,1,0,0,0,0,0,0,0,0,0,1,0,0,0,2,1,1,33
3,ARGEŞ,"CĂMINUL CULTURAL GALEŞU",250,BRĂDULEŢ,14753,1,PROV,PRCNCT,CD,CD_SV,"2021-01-21 12:30:02",753,730,23,0,286,263,23,0,750,464,281,3,2,10,20,0,41,8,118,3,1,2,20,4,0,2,1,8,0,1,0,0,0,0,0,0,0,0,0,0,0,0,1,1,0,2,38
3,ARGEŞ,"ŞCOALA PRIMARĂ BRĂDETU",251,BRĂDULEŢ,14753,1,PROV,PRCNCT,CD,CD_SV,"2021-01-21 12:30:02",333,278,23,32,165,110,23,32,400,235,163,1,1,13,19,0,27,8,58,0,1,1,23,2,0,0,0,1,0,0,1,0,0,0,0,0,0,0,0,0,1,0,1,0,0,0,7
3,ARGEŞ,"ŞCOALA GENERALĂ BUDEASA MARE",252,BUDEASA,14851,1,PROV,PRCNCT,CD,CD_SV,"2021-01-21 12:30:02",1121,1093,28,0,327,299,28,0,1200,873,319,6,2,47,56,2,8,20,125,0,2,2,33,2,0,2,1,9,1,0,0,1,0,1,0,0,0,1,0,0,0,0,0,2,0,0,4
3,ARGEŞ,"ŞCOALA GENERALĂ BUDEASA MICĂ",253,BUDEASA,14851,1,PROV,PRCNCT,CD,CD_SV,"2021-01-21 12:30:02",762,738,24,0,277,253,24,0,800,523,270,7,0,20,40,2,15,8,138,4,1,2,23,1,0,5,2,1,0,0,0,0,0,1,0,0,0,0,0,0,0,0,1,0,0,1,5
3,ARGEŞ,"ŞCOALA GENERALĂ GĂLĂŞEŞTI",254,BUDEASA,14851,1,PROV,PRCNCT,CD,CD_SV,"2021-01-21 12:30:02",815,802,13,0,271,258,13,0,900,629,253,13,5,24,39,1,8,9,144,2,0,1,12,2,0,1,0,3,0,1,0,0,0,0,1,0,1,1,0,0,0,0,0,0,0,0,3
3,ARGEŞ,"ŞCOALA GENERALĂ CALOTEŞTI",255,BUDEASA,14851,1,PROV,PRCNCT,CD,CD_SV,"2021-01-21 12:30:02",850,825,25,0,321,296,25,0,900,579,311,6,4,22,29,0,3,10,205,4,2,1,19,4,1,4,0,1,1,0,0,0,1,1,0,2,0,0,0,0,0,0,0,0,0,0,1
3,ARGEŞ,"SCOALA GIMNAZIALA BUGHEA DE JOS",256,"BUGHEA DE JOS",14922,1,PROV,PRCNCT,CD,CD_SV,"2021-01-21 12:30:02",1393,1376,17,0,416,399,17,0,1502,1086,404,6,6,71,93,0,13,7,149,1,1,9,39,6,0,5,1,1,1,0,0,0,0,0,0,0,0,0,1,0,0,0,1,0,1,0,4
3,ARGEŞ,"SCOALA PRIMARA MLACI",257,"BUGHEA DE JOS",14922,2,PART,PRCNCT,CD,CD_SV,"2021-01-21 12:30:02",577,563,14,0,247,233,14,0,600,353,226,7,14,5,26,2,2,2,168,0,0,1,6,2,0,7,2,0,0,0,0,0,0,0,0,0,0,0,0,0,0,1,1,1,0,0,0
3,ARGEŞ,"SCOALA PRIMARA HULUBESTI",258,"BUGHEA DE JOS",14922,1,PROV,PRCNCT,CD,CD_SV,"2021-01-21 12:30:02",458,444,14,0,162,148,14,0,500,338,160,2,0,28,23,1,4,6,75,2,0,1,15,0,0,1,1,1,1,0,0,0,0,0,0,0,0,0,0,0,0,0,0,0,0,0,1
3,ARGEŞ,"ŞCOALA GIMNAZIALĂ NR. 1 BUGHEA DE SUS",259,"BUGHEA DE SUS",20063,1,PROV,PRCNCT,CD,CD_SV,"2021-01-21 12:30:02",1742,1692,33,17,601,551,33,17,1900,1299,575,12,14,28,204,0,8,28,203,5,5,2,41,0,1,6,0,3,5,0,0,0,0,2,0,0,1,0,0,0,1,6,0,1,0,25,0
3,ARGEŞ,"GRĂDINIŢA GRUI",260,"BUGHEA DE SUS",20063,1,PROV,PRCNCT,CD,CD_SV,"2021-01-21 12:30:02",717,690,21,6,314,287,21,6,800,486,303,11,0,34,125,0,4,10,109,2,1,2,8,0,0,1,1,1,1,0,0,1,0,0,0,0,0,0,0,0,0,1,0,0,0,1,1
3,ARGEŞ,"ȘCOALA GIMNAZIALĂ ŞERBOENI",261,BUZOEŞTI,14940,1,PROV,PRCNCT,CD,CD_SV,"2021-01-21 12:30:02",1239,1198,41,0,358,317,41,0,1300,942,354,4,0,21,50,0,32,28,155,1,2,2,44,4,0,3,4,1,4,0,0,0,0,0,0,0,0,0,0,0,0,0,0,3,0,0,0
3,ARGEŞ,"GRĂDINIŢA CU PROGRAM NORMAL IONEŞTI",262,BUZOEŞTI,14940,1,PROV,PRCNCT,CD,CD_SV,"2021-01-21 12:30:02",644,587,33,24,204,158,22,24,600,396,199,5,0,11,28,4,13,9,111,5,0,2,14,0,1,0,0,0,1,0,0,0,0,0,0,0,0,0,0,0,0,0,0,0,0,0,0
3,ARGEŞ,"ŞCOALA GIMNAZIALĂ TOMŞANCA",263,BUZOEŞTI,14940,1,PROV,PRCNCT,CD,CD_SV,"2021-01-21 12:30:02",311,293,18,0,100,82,18,0,300,200,95,4,1,3,12,0,14,11,50,0,0,0,3,2,0,0,0,0,0,0,0,0,0,0,0,0,0,0,0,0,0,0,0,0,0,0,0
3,ARGEŞ,"ŞCOALA GIMNAZIALĂ VULPEŞTI",264,BUZOEŞTI,14940,1,PROV,PRCNCT,CD,CD_SV,"2021-01-21 12:30:02",857,838,19,0,204,185,19,0,900,696,202,1,1,16,49,0,17,17,83,1,0,2,13,0,0,0,0,3,0,0,0,0,0,0,0,0,0,0,0,0,0,1,0,0,0,0,0
3,ARGEŞ,"ŞCOALA GIMNAZIALĂ CORNĂŢEL",265,BUZOEŞTI,14940,1,PROV,PRCNCT,CD,CD_SV,"2021-01-21 12:30:02",791,767,24,0,215,191,24,0,800,585,209,2,4,10,48,1,4,14,105,1,1,2,9,1,2,2,1,5,0,0,0,0,0,0,0,0,1,0,0,0,0,0,0,0,0,1,1
3,ARGEŞ,"ȘCOALA GIMNAZIALĂ BUZOEŞTI",266,BUZOEŞTI,14940,1,PROV,PRCNCT,CD,CD_SV,"2021-01-21 12:30:02",938,887,51,0,241,190,51,0,1000,759,238,3,0,21,46,1,7,26,112,1,0,1,10,0,4,3,2,1,0,0,0,0,0,0,0,0,0,0,0,0,0,2,0,1,0,0,0
3,ARGEŞ,"ŞCOALA GIM.”PROF.UNIV.DR.ION STOIA” CĂLDĂRARU",267,CĂLDĂRARU,15064,1,PROV,PRCNCT,CD,CD_SV,"2021-01-21 12:30:02",737,700,37,0,252,215,37,0,700,448,245,1,6,10,101,0,24,20,73,3,0,2,6,1,1,1,1,0,0,0,0,0,0,0,0,0,0,0,0,0,0,1,1,0,0,0,0
3,ARGEŞ,"ŞCOALAGEN CU CLS. I-VIII STRÎMBENI",268,CĂLDĂRARU,15064,1,PROV,PRCNCT,CD,CD_SV,"2021-01-21 12:30:02",703,678,25,0,176,151,25,0,700,524,172,3,1,4,24,1,5,17,84,1,0,2,18,6,2,1,1,1,0,0,0,1,0,0,0,0,1,0,0,0,2,0,0,1,0,0,0
3,ARGEŞ,"ŞCOALA PRIMARĂ ”ÎNV.CONSTANTIN MIHALCEA” BURDEA",269,CĂLDĂRARU,15064,1,PROV,PRCNCT,CD,CD_SV,"2021-01-21 12:30:02",479,459,20,0,124,104,20,0,600,476,114,2,8,5,19,0,2,15,58,2,0,1,6,2,0,1,0,0,0,0,0,0,0,1,1,0,0,0,0,0,1,0,0,0,0,0,0
3,ARGEŞ,"SCOALA GENERALA VRANESTI",270,CĂLINEŞTI,15108,1,PROV,PRCNCT,CD,CD_SV,"2021-01-21 12:30:02",1654,1619,35,0,562,527,35,0,1800,1238,544,16,2,78,65,1,26,30,248,4,0,2,64,4,2,7,1,8,0,0,0,0,0,0,0,0,0,0,0,0,0,0,2,0,0,1,1
3,ARGEŞ,"SCOALA CALINESTI",271,CĂLINEŞTI,15108,1,PROV,PRCNCT,CD,CD_SV,"2021-01-21 12:30:02",1693,1658,32,3,402,367,32,3,1800,1398,391,7,4,44,50,1,18,26,180,2,4,4,39,1,0,3,3,4,0,0,0,0,0,1,0,0,0,0,0,0,0,0,1,0,0,0,10
3,ARGEŞ,"SCOALA CIRSTIENI",272,CĂLINEŞTI,15108,1,PROV,PRCNCT,CD,CD_SV,"2021-01-21 12:30:02",1538,1526,12,0,433,421,12,0,1700,1267,393,22,18,9,18,0,23,14,257,2,1,2,34,3,0,10,2,1,2,0,0,0,2,2,1,0,1,0,0,0,0,1,1,3,2,2,0
3,ARGEŞ,"SCOALA CIOCANESTI",273,CĂLINEŞTI,15108,1,PROV,PRCNCT,CD,CD_SV,"2021-01-21 12:30:02",796,778,18,0,220,202,18,0,900,680,216,0,4,35,30,0,14,10,89,0,0,1,19,2,1,1,1,6,2,0,0,0,0,0,0,0,0,0,0,0,0,0,0,2,0,1,2
3,ARGEŞ,"SCOALA GLODU",274,CĂLINEŞTI,15108,1,PROV,PRCNCT,CD,CD_SV,"2021-01-21 12:30:02",613,597,15,1,199,183,15,1,700,501,197,1,1,15,28,1,29,7,94,3,0,2,10,1,1,3,0,0,0,0,0,0,0,0,0,0,0,0,0,0,0,0,1,0,0,0,2
3,ARGEŞ,"GRĂDINIŢA DRĂGHICEŞTI",275,CĂLINEŞTI,15108,1,PROV,PRCNCT,CD,CD_SV,"2021-01-21 12:30:02",866,849,15,2,239,222,15,2,900,661,236,2,1,42,43,1,17,6,100,1,0,0,17,1,1,1,0,2,1,0,0,0,0,0,0,0,0,0,0,0,0,0,0,0,0,0,3
3,ARGEŞ,"SCOALA RADU NEGRU",276,CĂLINEŞTI,15108,1,PROV,PRCNCT,CD,CD_SV,"2021-01-21 12:30:02",530,518,12,0,207,195,12,0,600,393,204,3,0,14,18,0,9,8,125,0,0,0,19,2,2,0,1,3,0,0,0,1,0,0,0,0,0,0,0,0,0,0,1,0,0,1,0
3,ARGEŞ,"SCOALA RINCACIOV",277,CĂLINEŞTI,15108,1,PROV,PRCNCT,CD,CD_SV,"2021-01-21 12:30:02",562,549,13,0,160,147,13,0,600,440,156,2,2,5,16,0,4,8,90,0,0,3,19,3,0,5,0,0,0,0,0,0,0,0,0,0,0,0,0,0,0,0,1,1,0,0,1
3,ARGEŞ,"SCOALA VALENI",278,CĂLINEŞTI,15108,1,PROV,PRCNCT,CD,CD_SV,"2021-01-21 12:30:02",913,902,11,0,241,230,11,0,1000,759,237,3,1,37,35,0,17,23,92,3,1,0,17,1,0,4,1,5,1,0,0,0,0,0,0,0,0,0,0,0,0,0,0,0,0,0,0
3,ARGEŞ,"CĂMINUL CULTURAL CĂTEASCA",279,CĂTEASCA,15233,1,PROV,PRCNCT,CD,CD_SV,"2021-01-21 12:30:02",739,710,29,0,238,209,29,0,800,562,238,0,0,25,28,0,22,12,120,1,0,0,24,2,0,1,1,0,0,0,0,0,0,0,0,0,0,0,0,0,0,0,0,0,0,0,2
3,ARGEŞ,"CĂMINUL CULTURAL SILIŞTEA",280,CĂTEASCA,15233,1,PROV,PRCNCT,CD,CD_SV,"2021-01-21 12:30:02",420,403,17,0,137,120,17,0,400,263,134,1,2,14,15,0,2,15,70,0,0,1,12,1,0,2,1,0,0,0,0,0,0,0,0,0,0,0,0,0,0,0,0,0,0,0,1
3,ARGEŞ,"CĂMINUL CULTURAL GRUIU",281,CĂTEASCA,15233,1,PROV,PRCNCT,CD,CD_SV,"2021-01-21 12:30:02",563,532,29,2,203,172,29,2,600,397,198,3,2,24,34,0,8,7,99,0,1,0,15,4,1,0,2,1,0,0,0,0,0,0,0,0,0,0,1,0,0,0,0,0,0,0,1
3,ARGEŞ,"CĂMIN CULTURAL CIREŞU",282,CĂTEASCA,15233,1,PROV,PRCNCT,CD,CD_SV,"2021-01-21 12:30:02",598,575,23,0,210,187,23,0,600,390,202,5,3,17,16,0,14,6,127,0,1,0,14,0,0,2,1,2,0,0,0,0,0,0,0,0,0,0,0,0,0,0,0,0,0,0,2
3,ARGEŞ,"CĂMINUL CULTURAL CĂTANELE",283,CĂTEASCA,15233,1,PROV,PRCNCT,CD,CD_SV,"2021-01-21 12:30:02",869,822,47,0,337,290,47,0,900,563,332,3,2,36,56,1,17,7,167,2,0,0,32,3,1,2,1,2,2,0,0,0,0,0,0,0,1,0,0,0,0,0,0,0,0,0,2
3,ARGEŞ,"CĂMINUL CULTURAL CEPARI",284,CEPARI,15313,1,PROV,PRCNCT,CD,CD_SV,"2021-01-21 12:30:02",700,676,23,1,183,159,23,1,800,617,178,3,2,14,40,0,6,16,78,1,1,3,12,1,0,0,0,0,0,0,0,0,0,2,0,0,1,0,0,0,0,0,1,0,1,0,1
3,ARGEŞ,"ŞCOALA CĂRPENIŞ",285,CEPARI,15313,1,PROV,PRCNCT,CD,CD_SV,"2021-01-21 12:30:02",599,578,21,0,211,190,21,0,600,389,206,3,2,17,25,1,3,15,105,4,1,4,19,2,0,3,0,1,4,0,1,0,0,0,0,0,0,0,0,0,0,0,0,0,0,0,1
3,ARGEŞ,"ŞCOALA URLUIEŞTI",286,CEPARI,15313,1,PROV,PRCNCT,CD,CD_SV,"2021-01-21 12:30:02",231,217,14,0,84,70,14,0,300,216,83,1,0,3,26,0,1,9,38,1,0,0,0,1,0,0,0,1,1,0,0,0,0,0,0,1,0,0,0,0,0,1,0,0,0,0,0
3,ARGEŞ,"ŞCOALA CEPARI - UNGURENI",287,CEPARI,15313,1,PROV,PRCNCT,CD,CD_SV,"2021-01-21 12:30:02",299,281,18,0,86,68,18,0,300,214,81,4,1,7,18,0,6,7,35,0,0,0,6,0,0,0,0,0,0,0,0,0,0,0,0,0,0,0,0,0,0,0,0,0,0,0,2
3,ARGEŞ,"CĂMIN CULTURAL CETĂŢENI",288,CETĂŢENI,15402,1,PROV,PRCNCT,CD,CD_SV,"2021-01-21 12:30:02",895,877,17,1,324,306,17,1,1000,676,319,2,3,24,45,0,8,12,207,3,1,0,7,4,0,2,2,1,1,0,0,0,0,0,0,0,0,0,0,0,0,1,0,0,0,1,0
3,ARGEŞ,"GRĂDINIŢA LĂICĂI",289,CETĂŢENI,15402,1,PROV,PRCNCT,CD,CD_SV,"2021-01-21 12:30:02",658,643,12,3,239,224,12,3,700,461,233,2,4,24,21,1,14,7,132,2,0,4,21,3,0,0,1,0,0,0,0,0,0,0,0,0,0,1,0,0,0,0,0,1,0,1,0
3,ARGEŞ,"ŞCOALA I-IV VALEA CETĂŢUIA",290,CETĂŢENI,15402,2,PART,PRCNCT,CD,CD_SV,"2021-01-21 12:30:02",717,702,15,0,275,260,15,0,800,525,227,45,3,2,6,0,2,2,94,0,0,1,0,0,0,3,0,0,0,0,0,0,0,0,0,0,1,0,0,0,0,8,0,1,0,107,0
3,ARGEŞ,"ŞCOALA GIMNAZIALĂ CICĂNEŞTI",291,CICĂNEŞTI,15448,1,PROV,PRCNCT,CD,CD_SV,"2021-01-21 12:30:02",1719,1687,32,0,636,604,32,0,1900,1264,619,4,13,38,209,1,51,33,202,5,1,6,29,6,0,8,2,4,5,0,0,0,0,2,3,0,1,1,0,0,0,1,0,1,0,0,10
3,ARGEŞ,"CĂMIN CULTURAL CIOFRÎNGENI",292,CIOFRÂNGENI,15493,1,PROV,PRCNCT,CD,CD_SV,"2021-01-21 12:30:02",1092,1043,49,0,419,370,49,0,1100,681,406,10,3,49,75,0,7,10,205,4,1,5,30,4,0,1,1,4,1,0,0,0,0,0,0,0,0,0,0,1,0,1,1,3,1,0,2
3,ARGEŞ,"CĂMINUL CULTURAL LACURILE",293,CIOFRÂNGENI,15493,1,PROV,PRCNCT,CD,CD_SV,"2021-01-21 12:30:02",526,505,21,0,195,174,21,0,600,405,189,4,2,16,20,0,13,1,113,1,0,1,15,3,0,1,0,0,0,0,0,0,0,0,0,0,0,0,0,0,0,2,0,0,0,0,3
3,ARGEŞ,"CĂMIN CULTURAL BURLUŞI",294,CIOFRÂNGENI,15493,1,PROV,PRCNCT,CD,CD_SV,"2021-01-21 12:30:02",392,380,12,0,144,132,12,0,400,256,141,2,1,14,20,1,2,4,91,0,0,0,3,0,0,1,0,1,1,0,0,0,0,0,0,0,0,1,0,0,0,0,0,0,0,0,2
3,ARGEŞ,"ȘCOALA GIMNAZIALĂ BRĂTIA",295,CIOMĂGEŞTI,15554,1,PROV,PRCNCT,CD,CD_SV,"2021-01-21 12:30:02",401,339,62,0,199,137,62,0,400,201,194,3,2,3,67,1,13,21,70,1,0,1,4,2,0,3,1,2,1,1,0,0,0,0,0,0,0,0,0,0,0,0,1,1,1,0,0
3,ARGEŞ,"GRĂDINITA CIOMĂGEŞTI-SAT",296,CIOMĂGEŞTI,15554,1,PROV,PRCNCT,CD,CD_SV,"2021-01-21 12:30:02",358,333,25,0,122,97,25,0,400,278,117,3,2,6,44,0,1,9,50,0,0,1,3,1,0,1,0,0,0,0,0,0,0,0,0,0,0,0,0,0,0,0,0,0,0,1,0
3,ARGEŞ,"GRĂDINIȚA DOGARI",297,CIOMĂGEŞTI,15554,1,PROV,PRCNCT,CD,CD_SV,"2021-01-21 12:30:02",224,208,16,0,78,62,16,0,300,222,76,2,0,2,21,0,1,7,40,1,0,0,3,0,0,0,0,0,0,0,0,0,0,1,0,0,0,0,0,0,0,0,0,0,0,0,0
3,ARGEŞ,"ŞCOALĂ GIMNAZIALĂ NR.1 COCU",298,COCU,15652,1,PROV,PRCNCT,CD,CD_SV,"2021-01-21 12:30:02",547,502,45,0,157,112,45,0,600,443,151,2,4,19,33,1,14,4,60,0,1,1,10,1,1,2,0,1,0,0,0,0,0,0,0,0,1,0,0,0,0,1,0,0,0,1,0
3,ARGEŞ,"ŞCOALĂ PRIMARĂ CRUCIŞOARA",299,COCU,15652,2,PART,PRCNCT,CD,CD_SV,"2021-01-21 12:30:02",263,244,19,0,88,69,19,0,300,212,86,1,1,12,10,0,2,1,49,1,0,0,8,0,0,0,0,0,3,0,0,0,0,0,0,0,0,0,0,0,0,0,0,0,0,0,0
3,ARGEŞ,"PRIMARIA COMUNEI COCU",300,COCU,15652,1,PROV,PRCNCT,CD,CD_SV,"2021-01-21 12:30:02",310,299,11,0,72,61,11,0,300,228,71,1,0,19,6,0,3,5,32,0,0,0,3,1,0,0,1,0,0,0,0,0,0,0,0,0,0,0,0,0,0,0,0,0,0,0,1
3,ARGEŞ,"ŞCOALĂ PRIMARĂ RICHIŢELE DE SUS",301,COCU,15652,1,PROV,PRCNCT,CD,CD_SV,"2021-01-21 12:30:02",312,297,15,0,51,36,15,0,300,249,49,1,1,6,4,0,3,1,29,0,0,0,4,1,0,1,0,0,0,0,0,0,0,0,0,0,0,0,0,0,0,0,0,0,0,0,0
3,ARGEŞ,"ŞCOALĂ PRIMARĂ BĂRBĂTEŞTI",302,COCU,15652,1,PROV,PRCNCT,CD,CD_SV,"2021-01-21 12:30:02",491,466,25,0,118,93,25,0,500,382,109,6,3,7,8,0,14,5,52,0,0,1,15,2,0,1,0,1,1,0,0,0,0,0,0,1,0,0,0,0,0,0,0,0,0,0,1
3,ARGEŞ,"ŞCOALA GIMNAZIALĂ PROF. DR. VASILE VASILESCU",303,CORBENI,15741,1,PROV,PRCNCT,CD,CD_SV,"2021-01-21 12:30:02",839,829,10,0,242,232,10,0,900,658,234,4,4,21,38,0,2,9,130,1,0,0,16,2,0,3,0,2,0,0,0,0,1,0,0,1,0,0,0,0,0,0,0,1,0,0,7
3,ARGEŞ,"ŞCOALA GIMNAZIALĂ PROF. DR. VASILE VASILESCU",304,CORBENI,15741,1,PROV,PRCNCT,CD,CD_SV,"2021-01-21 12:30:02",1234,1210,24,0,444,420,24,0,1300,856,429,8,7,33,57,0,4,39,198,2,0,2,61,6,0,7,2,1,1,0,0,0,1,0,0,0,1,1,0,0,1,1,0,0,0,2,9
3,ARGEŞ,"GRĂDINIŢA NR. 1 CORBENI",305,CORBENI,15741,1,PROV,PRCNCT,CD,CD_SV,"2021-01-21 12:30:02",646,636,10,0,174,164,10,0,703,529,169,3,2,5,18,0,2,8,88,2,3,0,30,1,0,1,0,1,1,0,0,0,0,1,0,0,0,0,0,0,1,0,0,0,0,0,7
3,ARGEŞ,"ŞCOALA GIMNAZIALĂ NR. 1 CORBENI",306,CORBENI,15741,1,PROV,PRCNCT,CD,CD_SV,"2021-01-21 12:30:02",1307,1275,32,0,386,354,32,0,1400,1014,377,7,2,73,50,0,20,35,140,0,0,6,29,1,1,2,1,1,0,0,0,0,0,0,1,0,1,1,0,0,0,0,0,0,0,0,15
3,ARGEŞ,"ŞCOALA PRIMARĂ BERINDEŞTI",307,CORBENI,15741,1,PROV,PRCNCT,CD,CD_SV,"2021-01-21 12:30:02",600,583,17,0,206,189,17,0,600,394,201,4,1,46,35,1,2,10,60,0,0,2,32,1,1,1,0,5,0,0,0,0,0,0,0,0,0,0,0,0,0,0,0,0,0,0,5
3,ARGEŞ,"CĂMIN CULTURAL CORBI",308,CORBI,15830,1,PROV,PRCNCT,CD,CD_SV,"2021-01-21 12:30:02",1704,1658,44,2,660,614,44,2,1800,1140,627,26,7,10,29,2,28,28,132,1,0,2,16,3,1,3,2,0,0,0,0,0,0,0,0,0,0,0,1,1,0,0,1,1,2,0,364
3,ARGEŞ,"CĂMIN CULTURAL CORBŞORI",309,CORBI,15830,1,PROV,PRCNCT,CD,CD_SV,"2021-01-21 12:30:02",819,755,63,1,381,317,63,1,800,419,368,10,3,9,21,0,17,9,41,0,0,0,11,2,0,2,0,0,0,0,0,0,0,0,0,0,0,0,0,1,0,0,1,0,1,5,248
3,ARGEŞ,"CĂMIN CULTURAL STĂNEŞTI",310,CORBI,15830,1,PROV,PRCNCT,CD,CD_SV,"2021-01-21 12:30:02",961,919,41,1,396,354,41,1,1000,604,382,12,2,12,15,0,25,6,94,0,0,6,10,1,0,0,0,0,0,0,0,0,0,0,0,0,0,0,0,0,0,0,0,0,0,1,212
3,ARGEŞ,"ŞCOALA PETREŞTI",311,COŞEŞTI,15901,1,PROV,PRCNCT,CD,CD_SV,"2021-01-21 12:30:02",743,721,22,0,219,197,22,0,800,581,214,4,1,5,17,0,14,14,123,0,1,1,21,1,1,3,0,2,1,0,0,0,0,0,1,0,0,0,0,0,0,0,0,1,0,0,8
3,ARGEŞ,"CĂMIN CULTURAL COŞEŞTI",312,COŞEŞTI,15901,1,PROV,PRCNCT,CD,CD_SV,"2021-01-21 12:30:02",861,850,11,0,231,220,11,0,900,669,219,8,4,16,24,1,8,8,109,1,0,0,19,4,0,1,0,8,0,0,0,0,0,0,0,0,0,1,0,0,0,0,0,0,1,0,18
3,ARGEŞ,"CĂMIN CULTURAL LEICEŞTI",313,COŞEŞTI,15901,1,PROV,PRCNCT,CD,CD_SV,"2021-01-21 12:30:02",1595,1567,28,0,368,340,28,0,1700,1332,361,4,3,39,42,0,9,18,166,2,0,2,29,5,1,1,2,7,2,0,1,0,0,0,0,0,0,0,0,0,1,0,0,2,0,0,32
3,ARGEŞ,"CĂMIN CULTURAL JUPÎNEŞTI",314,COŞEŞTI,15901,1,PROV,PRCNCT,CD,CD_SV,"2021-01-21 12:30:02",907,892,15,0,259,244,15,0,1000,741,245,10,4,6,20,0,17,17,139,1,1,5,13,4,0,11,1,1,0,0,0,0,0,0,0,0,0,1,0,1,0,1,2,0,0,1,3
3,ARGEŞ,"CĂMINUL CULTURAL LĂPUŞANI",315,COŞEŞTI,15901,1,PROV,PRCNCT,CD,CD_SV,"2021-01-21 12:30:02",333,316,17,0,109,92,17,0,300,191,105,1,3,7,7,0,0,8,52,0,0,2,16,0,0,2,0,0,0,0,0,0,0,0,1,0,1,0,0,0,0,2,0,0,0,1,6
3,ARGEŞ,"CĂMIN CULTURAL COTMEANA",316,COTMEANA,15983,1,PROV,PRCNCT,CD,CD_SV,"2021-01-21 12:30:02",813,775,38,0,275,237,38,0,900,625,269,4,2,19,47,1,5,12,130,1,0,6,24,3,1,6,0,1,0,0,0,0,0,0,0,0,0,1,0,0,0,1,0,0,1,1,9
3,ARGEŞ,"ŞCOALA LINTEŞTI",317,COTMEANA,15983,1,PROV,PRCNCT,CD,CD_SV,"2021-01-21 12:30:02",351,327,24,0,115,91,24,0,400,285,111,1,3,5,14,0,2,3,55,0,3,0,8,4,0,13,0,0,1,0,0,1,0,0,0,0,0,0,0,0,0,0,0,0,0,0,2
3,ARGEŞ,"CENTRUL INGRIJIRE COPII",318,COTMEANA,15983,1,PROV,PRCNCT,CD,CD_SV,"2021-01-21 12:30:02",465,430,35,0,134,99,35,0,500,366,133,1,0,16,22,0,3,12,57,2,1,2,13,1,0,0,2,0,1,0,0,0,0,0,0,0,0,0,0,0,0,0,0,1,0,0,0
3,ARGEŞ,"ŞCOALA GIMNAZIALĂ ”MIRCEA GHIŢULESCU” CUCA",319,CUCA,16132,1,PROV,PRCNCT,CD,CD_SV,"2021-01-21 12:30:02",407,384,23,0,131,108,23,0,447,316,127,2,2,10,24,1,8,9,56,0,0,1,9,1,0,2,0,2,0,0,0,0,0,0,0,0,0,0,0,0,0,0,0,3,0,0,1
3,ARGEŞ,"ŞCOALA PRIMARĂ LĂUNELE",320,CUCA,16132,1,PROV,PRCNCT,CD,CD_SV,"2021-01-21 12:30:02",531,505,26,0,166,140,26,0,582,416,159,4,3,5,23,0,3,10,90,1,1,3,19,1,0,0,0,1,1,0,1,0,0,0,0,0,0,0,0,0,0,0,0,0,0,0,0
3,ARGEŞ,"ŞCOALA PRIMARĂ MĂCĂI",321,CUCA,16132,2,PART,PRCNCT,CD,CD_SV,"2021-01-21 12:30:02",541,503,38,0,199,161,38,0,579,380,195,1,3,11,29,0,9,20,86,1,1,3,29,0,1,2,1,0,0,0,0,0,0,1,0,0,0,0,0,0,0,0,0,0,0,0,1
3,ARGEŞ,"ŞCOALA PRIMARĂ CÎRCEŞTI",322,CUCA,16132,1,PROV,PRCNCT,CD,CD_SV,"2021-01-21 12:30:02",258,245,13,0,88,75,13,0,292,204,80,7,1,1,10,0,1,11,32,0,0,4,20,0,0,0,0,0,0,0,0,0,0,0,0,0,0,0,1,0,0,0,0,0,0,0,0
3,ARGEŞ,"ŞCOALA DAVIDEŞTI",323,DAVIDEŞTI,16285,1,PROV,PRCNCT,CD,CD_SV,"2021-01-21 12:30:02",502,484,18,0,196,178,18,0,500,304,192,3,1,29,45,1,3,11,80,1,2,0,14,1,0,0,0,0,2,0,0,0,0,0,0,0,0,0,0,0,0,0,1,1,0,0,1
3,ARGEŞ,"ŞCOALA VOROVENI",324,DAVIDEŞTI,16285,2,PART,PRCNCT,CD,CD_SV,"2021-01-21 12:30:02",505,478,27,0,195,168,27,0,500,305,177,6,2,26,45,0,2,11,84,0,0,2,0,0,1,1,0,1,1,0,0,0,0,0,1,0,0,0,0,0,0,1,0,0,0,0,1
3,ARGEŞ,"ŞCOALA CONŢEŞTI NR.1",325,DAVIDEŞTI,16285,1,PROV,PRCNCT,CD,CD_SV,"2021-01-21 12:30:02",704,675,29,0,254,225,29,0,727,473,250,1,3,50,43,0,4,6,127,0,1,1,6,2,0,4,0,2,0,1,0,1,0,0,0,0,0,0,0,1,0,0,0,1,0,0,0
3,ARGEŞ,"ŞCOALA OLTEANCA",326,DAVIDEŞTI,16285,2,PART,PRCNCT,CD,CD_SV,"2021-01-21 12:30:02",763,752,11,0,240,229,11,0,800,560,223,14,3,2,14,1,6,9,174,1,1,0,11,0,0,3,0,0,0,0,0,0,0,0,0,0,0,0,0,0,0,0,0,0,0,1,0
3,ARGEŞ,"CĂMINUL CULTURAL PODU DÎMBOVIŢEI",327,DÂMBOVICIOARA,16329,1,PROV,PRCNCT,CD,CD_SV,"2021-01-21 12:30:02",505,462,42,1,269,226,42,1,500,231,263,4,2,22,51,0,11,21,100,3,2,0,24,0,1,3,0,19,0,0,0,1,0,0,1,1,0,0,0,0,0,1,1,1,0,0,0
3,ARGEŞ,"CLĂDIRE MULTIFUNCȚIONALĂ DÎMBOVICIOARA",328,DÂMBOVICIOARA,16329,1,PROV,PRCNCT,CD,CD_SV,"2021-01-21 12:30:02",254,231,23,0,153,130,23,0,300,147,147,5,1,6,45,1,4,8,69,0,0,0,5,1,0,3,0,4,0,0,0,0,0,0,0,0,0,0,0,0,0,0,0,0,0,0,1
3,ARGEŞ,"ŞCOALA CIOCANU",329,DÂMBOVICIOARA,16329,1,PROV,PRCNCT,CD,CD_SV,"2021-01-21 12:30:02",71,56,15,0,46,31,15,0,100,54,45,0,1,1,19,0,2,1,19,0,0,0,2,0,0,1,0,0,0,0,0,0,0,0,0,0,0,0,0,0,0,0,0,0,0,0,0
3,ARGEŞ,"ŞCOALA PISCANI",330,DÂRMĂNEŞTI,16365,1,PROV,PRCNCT,CD,CD_SV,"2021-01-21 12:30:02",781,759,22,0,254,232,22,0,800,546,249,3,2,24,44,0,6,3,124,1,1,0,30,2,0,4,2,0,1,0,0,0,0,0,0,0,0,0,0,0,0,1,0,1,0,0,5
3,ARGEŞ,"ŞCOALA DÎRMĂNEŞTI",331,DÂRMĂNEŞTI,16365,1,PROV,PRCNCT,CD,CD_SV,"2021-01-21 12:30:02",1044,1029,15,0,307,292,15,0,1100,793,302,4,1,38,36,0,11,16,141,1,0,2,37,2,0,0,4,1,0,0,1,0,0,0,0,0,0,0,0,0,0,0,0,1,0,0,11
3,ARGEŞ,"ŞCOALA VALEA NANDRII",332,DÂRMĂNEŞTI,16365,1,PROV,PRCNCT,CD,CD_SV,"2021-01-21 12:30:02",595,571,24,0,184,160,24,0,600,416,174,7,3,17,34,2,6,2,96,0,1,1,9,1,0,0,1,0,0,0,1,0,0,0,0,0,0,0,0,0,0,0,0,1,0,0,2
3,ARGEŞ,"CAMINUL CULTURAL NEGRENI",333,DÂRMĂNEŞTI,16365,1,PROV,PRCNCT,CD,CD_SV,"2021-01-21 12:30:02",568,542,26,0,235,209,26,0,600,365,228,3,4,21,21,0,7,9,135,0,0,2,18,4,0,1,0,3,0,0,0,0,0,0,0,0,0,0,0,0,0,0,0,4,0,0,3
3,ARGEŞ,"CĂMIN CULTURAL DOBREŞTI",334,DOBREŞTI,16427,1,PROV,PRCNCT,CD,CD_SV,"2021-01-21 12:30:02",778,729,44,5,297,248,44,5,800,503,293,2,2,8,71,1,19,8,148,1,0,3,28,1,1,1,0,0,0,0,0,0,0,0,0,0,0,0,0,0,0,0,0,0,0,0,3
3,ARGEŞ,"ŞCOALA GEN. I-IV FUREŞTI",335,DOBREŞTI,16427,1,PROV,PRCNCT,CD,CD_SV,"2021-01-21 12:30:02",732,703,25,4,231,202,25,4,800,569,224,3,4,17,36,1,14,8,118,1,0,3,17,3,0,2,0,0,0,0,0,0,0,0,0,0,0,0,0,0,0,0,0,1,1,1,1
3,ARGEŞ,"CAMINUL CULTURAL ”PETRE IONESCU MUSCEL”",336,DOMNEŞTI,16454,1,PROV,PRCNCT,CD,CD_SV,"2021-01-21 12:30:02",1362,1262,57,43,645,545,57,43,1400,755,632,8,5,25,210,0,20,12,190,3,6,4,31,2,0,6,0,1,3,1,0,0,0,0,0,0,0,0,0,0,1,0,1,0,0,0,116
3,ARGEŞ,"CAMINUL CULTURAL ”PETRE IONESCU MUSCEL” -",337,DOMNEŞTI,16454,3,PART,PRCNCT,CD,CD_SV,"2021-01-21 12:30:02",1412,1326,52,34,670,584,52,34,1400,730,656,12,2,23,213,0,19,11,211,6,1,0,35,4,1,4,0,7,1,0,0,0,0,0,0,0,0,0,0,0,0,0,0,0,0,0,120
3,ARGEŞ,"ŞCOALA GIMNAZIALĂ IOSIF CATRINESCU CLS. V-VIII",338,DRAGOSLAVELE,16472,1,PROV,PRCNCT,CD,CD_SV,"2021-01-21 12:30:02",658,648,10,0,238,228,10,0,701,463,233,4,1,25,65,0,17,16,85,0,1,1,17,0,1,0,0,1,1,0,0,0,0,0,0,0,0,0,0,0,0,0,0,0,0,1,2
3,ARGEŞ,"ŞCOALAPRIMARĂ DRAGOSLAVELE",339,DRAGOSLAVELE,16472,1,PROV,PRCNCT,CD,CD_SV,"2021-01-21 12:30:02",903,891,12,0,295,283,12,0,1000,705,288,3,4,17,109,0,23,8,95,6,1,4,17,1,0,0,0,1,0,0,0,0,0,0,0,0,0,0,0,0,2,0,0,1,2,1,0
3,ARGEŞ,"ŞCOALA VALEA HOTARULUI",340,DRAGOSLAVELE,16472,2,PART,PRCNCT,CD,CD_SV,"2021-01-21 12:30:02",539,521,18,0,243,225,18,0,600,357,211,25,7,3,42,0,7,7,96,2,0,3,1,0,0,0,0,4,3,1,0,0,0,0,0,1,0,0,0,0,1,4,0,1,0,35,0
3,ARGEŞ,"CĂMIN CULTURAL DRĂGANU",341,DRĂGANU,16506,1,PROV,PRCNCT,CD,CD_SV,"2021-01-21 12:30:02",829,783,45,1,283,237,45,1,900,617,279,2,2,21,48,0,8,9,163,1,0,0,21,2,0,2,0,0,1,0,1,0,0,0,0,0,0,0,0,0,0,0,0,0,0,1,1
3,ARGEŞ,"ŞCOALA DUMBRĂVEŞTI",342,DRĂGANU,16506,1,PROV,PRCNCT,CD,CD_SV,"2021-01-21 12:30:02",423,403,20,0,146,126,20,0,400,254,143,2,1,18,14,0,3,5,70,1,1,1,20,3,0,6,1,0,0,0,0,0,0,0,0,0,0,0,0,0,0,0,0,0,0,0,0
3,ARGEŞ,"ŞCOALA PRISLOP",343,DRĂGANU,16506,1,PROV,PRCNCT,CD,CD_SV,"2021-01-21 12:30:02",523,514,9,0,147,138,9,0,600,453,142,5,0,17,41,0,5,15,49,1,0,2,5,1,0,1,0,1,2,0,0,0,0,0,0,0,0,1,0,0,0,0,0,0,1,0,0
3,ARGEŞ,"ȘCOALA GODENI, NR.26",344,GODENI,16551,1,PROV,PRCNCT,CD,CD_SV,"2021-01-21 12:30:02",1022,1005,17,0,381,364,17,0,1100,719,375,6,0,37,62,0,7,11,211,6,0,1,18,1,1,2,0,13,1,0,0,0,0,0,0,0,0,0,0,0,1,0,0,1,0,1,1
3,ARGEŞ,"ŞCOALA GIMNAZIALĂ COTEȘTI-GODENI, NR.198",345,GODENI,16551,2,PART,PRCNCT,CD,CD_SV,"2021-01-21 12:30:02",1450,1417,21,12,463,430,21,12,1600,1137,456,5,2,40,60,1,6,11,269,3,1,3,43,1,1,2,1,2,1,1,0,0,0,0,0,0,2,1,0,1,0,0,1,1,0,1,3
3,ARGEŞ,"CĂMINUL CULTURAL HÂRSEŞTI",346,HÂRSEȘTI,16613,1,PROV,PRCNCT,CD,CD_SV,"2021-01-21 12:30:02",1315,1229,76,10,381,295,76,10,1400,1019,362,7,12,18,43,1,9,9,243,3,3,2,20,4,0,2,1,2,2,0,0,0,0,0,0,0,0,0,0,0,0,0,0,0,0,0,0
3,ARGEŞ,"ŞCOALA MARTALOGI",347,HÂRSEȘTI,16613,1,PROV,PRCNCT,CD,CD_SV,"2021-01-21 12:30:02",630,585,39,6,234,189,39,6,600,366,227,5,2,4,23,0,24,4,154,2,0,6,8,0,1,0,0,1,0,0,0,0,0,0,0,0,0,0,0,0,0,0,0,0,0,0,0
3,ARGEŞ,"CĂMIN CULTURAL HÎRTIEŞTI",348,HÂRTIEŞTI,16659,1,PROV,PRCNCT,CD,CD_SV,"2021-01-21 12:30:02",792,764,13,15,425,397,13,15,800,375,408,14,3,12,252,1,4,7,112,3,0,1,6,1,0,6,1,0,1,0,0,0,0,0,0,0,0,0,0,0,0,0,0,0,0,0,1
3,ARGEŞ,"PRIMĂRIA VECHE HÎRTIEŞTI",349,HÂRTIEŞTI,16659,1,PROV,PRCNCT,CD,CD_SV,"2021-01-21 12:30:02",342,296,39,7,213,167,39,7,300,87,205,2,6,4,131,0,1,2,53,0,0,4,5,1,0,0,0,1,1,0,0,0,0,0,0,0,0,0,0,0,0,0,1,0,0,1,0
3,ARGEŞ,"ŞCOALA LUCIENI",350,HÂRTIEŞTI,16659,1,PROV,PRCNCT,CD,CD_SV,"2021-01-21 12:30:02",294,276,17,1,184,166,17,1,300,116,180,2,2,2,101,1,7,1,66,1,0,0,0,0,0,0,0,0,1,0,0,0,0,0,0,0,0,0,0,0,0,0,0,0,0,0,0
3,ARGEŞ,"CENTRUL DE ZI LESPEZI",351,HÂRTIEŞTI,16659,2,PART,PRCNCT,CD,CD_SV,"2021-01-21 12:30:02",413,396,17,0,306,289,17,0,400,94,278,21,7,2,198,0,2,4,56,2,0,1,3,0,0,3,0,4,1,0,0,0,0,0,0,0,0,0,0,1,0,1,0,0,0,0,0
3,ARGEŞ,"ŞCOALA GIMNAZIALĂ ELENA DAVILA PERTICARI",352,IZVORU,16739,1,PROV,PRCNCT,CD,CD_SV,"2021-01-21 12:30:02",955,909,46,0,281,235,46,0,1002,721,273,3,5,15,77,0,14,18,116,1,0,0,14,0,0,3,0,1,0,0,0,0,0,0,1,1,0,0,0,0,1,1,0,0,0,10,0
3,ARGEŞ,"ŞCOALA GIMNAZIALĂ ELENA DAVILA PERTICARI",353,IZVORU,16739,1,PROV,PRCNCT,CD,CD_SV,"2021-01-21 12:30:02",904,892,12,0,218,206,12,0,1000,782,214,4,0,15,63,0,20,15,67,1,1,3,11,1,1,0,0,0,1,0,0,0,0,0,0,0,3,0,0,0,0,0,0,0,0,12,0
3,ARGEŞ,PRIMĂRIE,354,LEORDENI,16757,1,PROV,PRCNCT,CD,CD_SV,"2021-01-21 12:30:02",1438,1400,38,0,521,483,38,0,1500,979,508,9,4,38,72,1,23,64,203,4,2,3,51,5,0,5,0,24,2,1,1,0,0,0,0,0,0,0,0,1,1,1,2,0,0,0,4
3,ARGEŞ,"CENTRUL CULTURAL MULTIFUNCȚIONAL BUDIŞTENI",355,LEORDENI,16757,1,PROV,PRCNCT,CD,CD_SV,"2021-01-21 12:30:02",1038,1023,15,0,252,237,15,0,1100,848,245,7,0,18,45,1,6,24,116,2,0,1,22,0,6,1,0,1,0,1,0,0,0,0,0,0,0,0,0,0,0,0,0,1,0,0,0
3,ARGEŞ,"CLĂDIREA MULTIFUNCŢIONALĂ GLÂMBOCATA-DEAL",356,LEORDENI,16757,1,PROV,PRCNCT,CD,CD_SV,"2021-01-21 12:30:02",904,877,25,2,238,211,25,2,1000,762,234,2,2,17,50,0,12,28,85,2,0,1,28,1,1,2,0,3,1,0,0,0,0,0,0,0,0,0,0,0,0,1,0,0,0,2,0
3,ARGEŞ,"ŞCOALA CIULNIŢA",357,LEORDENI,16757,1,PROV,PRCNCT,CD,CD_SV,"2021-01-21 12:30:02",919,902,17,0,278,261,17,0,1000,722,269,7,2,14,44,0,8,28,130,1,0,3,23,3,0,5,1,3,0,0,0,0,1,0,0,0,0,0,0,0,0,0,0,1,2,2,0
3,ARGEŞ,"GRĂDINIŢA CU PROGRAM NORMAL COTU MALULUI",358,LEORDENI,16757,1,PROV,PRCNCT,CD,CD_SV,"2021-01-21 12:30:02",350,340,10,0,94,84,10,0,400,306,91,2,1,2,2,0,1,9,66,0,0,0,9,0,0,0,0,1,0,0,0,0,0,0,0,0,0,0,0,0,0,0,0,0,0,1,0
3,ARGEŞ,"ȘCOALA GIMNAZIALĂ NR.1 LEREȘTI, SAT LEREȘTI",359,LEREŞTI,16908,1,PROV,PRCNCT,CD,CD_SV,"2021-01-21 12:30:02",1365,1337,25,3,499,471,25,3,1500,1001,494,3,2,71,68,0,15,20,280,0,0,3,15,2,0,9,0,5,1,0,0,0,0,0,0,0,0,0,0,0,0,0,0,0,1,2,2
3,ARGEŞ,"ȘCOALA GIMNAZIALĂ NR.1 LEREȘTI, SAT VOINEȘTI",360,LEREŞTI,16908,1,PROV,PRCNCT,CD,CD_SV,"2021-01-21 12:30:02",1362,1315,36,11,526,479,36,11,1400,874,520,5,1,72,99,0,18,22,269,3,1,1,14,0,1,4,1,3,0,0,1,0,1,0,0,0,1,1,0,0,0,0,0,0,1,1,6
3,ARGEŞ,"CĂMIN CULTURAL LEREȘTI",361,LEREŞTI,16908,2,PART,PRCNCT,CD,CD_SV,"2021-01-21 12:30:02",1117,1089,28,0,467,439,28,0,1206,739,451,16,0,36,53,2,8,15,295,0,2,0,18,0,0,6,1,1,0,0,0,0,0,0,0,1,0,0,0,0,0,0,1,1,0,11,0
3,ARGEŞ,"ŞCOALA GIMNAZIALĂ ”GENERAL CONSTANTIN CRISTESCU” LUNCA CORBULUI",362,"LUNCA CORBULUI",16944,3,PART,PRCNCT,CD,CD_SV,"2021-01-21 12:30:02",864,806,57,1,302,244,57,1,900,598,294,2,6,12,60,0,14,9,174,3,0,0,19,0,0,1,0,0,0,0,0,0,0,0,0,0,0,1,0,0,0,0,0,1,0,0,0
3,ARGEŞ,"ŞCOALA SILIŞTENI",363,"LUNCA CORBULUI",16944,1,PROV,PRCNCT,CD,CD_SV,"2021-01-21 12:30:02",233,208,25,0,110,85,25,0,200,90,106,2,2,9,6,1,6,3,68,0,0,1,11,0,0,0,0,0,0,0,0,0,0,1,0,0,0,0,0,0,0,0,0,0,0,0,0
3,ARGEŞ,"ŞCOALA PĂDUREŢI",364,"LUNCA CORBULUI",16944,2,PART,PRCNCT,CD,CD_SV,"2021-01-21 12:30:02",835,807,28,0,189,161,28,0,900,711,181,8,0,10,22,1,3,5,99,1,0,2,28,0,0,5,0,2,2,0,0,0,0,0,0,0,0,0,0,0,0,0,0,0,0,1,0
3,ARGEŞ,"ŞCOALA MÎRGHIA DE SUS",365,"LUNCA CORBULUI",16944,1,PROV,PRCNCT,CD,CD_SV,"2021-01-21 12:30:02",373,328,45,0,127,82,45,0,400,273,122,2,3,7,16,0,14,5,60,0,0,2,14,0,1,1,0,1,0,0,0,0,0,0,0,0,0,0,0,0,1,0,0,0,0,0,0
3,ARGEŞ,"ŞCOALA MĂLURENI",366,MĂLURENI,17049,1,PROV,PRCNCT,CD,CD_SV,"2021-01-21 12:30:02",538,504,34,0,160,126,34,0,507,347,154,6,0,15,11,2,3,14,88,2,0,0,11,1,0,2,0,3,0,1,0,0,0,0,0,0,0,0,0,0,0,0,0,0,0,0,1
3,ARGEŞ,"CĂMIN CULTURAL BĂDICENI",367,MĂLURENI,17049,1,PROV,PRCNCT,CD,CD_SV,"2021-01-21 12:30:02",454,422,32,0,153,121,32,0,507,354,143,8,2,10,28,2,7,6,66,0,1,0,10,0,0,1,1,3,0,0,0,0,0,1,0,0,0,0,0,0,0,1,0,0,0,0,6
3,ARGEŞ,"ŞCOALA BOHARI",368,MĂLURENI,17049,1,PROV,PRCNCT,CD,CD_SV,"2021-01-21 12:30:02",325,301,24,0,107,83,24,0,307,200,107,0,0,7,8,1,2,1,73,2,0,0,9,0,0,1,0,1,0,0,0,0,0,0,0,0,0,0,0,0,0,0,0,0,0,0,2
3,ARGEŞ,"ŞCOALA TOPLIŢA",369,MĂLURENI,17049,1,PROV,PRCNCT,CD,CD_SV,"2021-01-21 12:30:02",331,303,28,0,114,86,28,0,307,193,112,1,1,5,9,0,1,2,87,1,0,2,1,1,0,0,0,1,1,0,0,0,0,0,0,0,0,0,0,0,0,0,1,0,0,0,0
3,ARGEŞ,"ŞCOALA ZĂRNEŞTI",370,MĂLURENI,17049,1,PROV,PRCNCT,CD,CD_SV,"2021-01-21 12:30:02",783,762,21,0,211,190,21,0,810,599,203,4,4,13,36,0,4,8,119,0,0,3,7,2,0,3,1,1,1,0,0,0,0,0,0,0,0,0,0,0,0,0,0,0,1,0,4
3,ARGEŞ,"ŞCOALA BUNEŞTI",371,MĂLURENI,17049,1,PROV,PRCNCT,CD,CD_SV,"2021-01-21 12:30:02",596,572,24,0,132,108,24,0,600,468,130,0,2,7,17,0,0,5,82,0,0,2,10,0,0,1,1,1,1,0,0,0,0,0,0,0,0,0,0,0,0,0,0,0,0,1,2
3,ARGEŞ,"TABĂRA PĂULEASCA",372,MĂLURENI,17049,1,PROV,PRCNCT,CD,CD_SV,"2021-01-21 12:30:02",679,667,12,0,186,174,12,0,707,521,175,7,4,4,2,1,1,1,155,0,1,0,2,0,0,1,0,2,0,1,0,0,1,0,1,0,0,0,0,0,0,0,0,1,0,0,1
3,ARGEŞ,"ŞCOALA GENERALĂ NR.1",373,MĂRĂCINENI,13365,1,PROV,PRCNCT,CD,CD_SV,"2021-01-21 12:30:02",1279,1196,83,0,491,408,83,0,1301,810,480,8,3,60,98,1,23,15,219,0,1,0,32,2,2,4,2,7,4,0,0,4,0,0,1,0,0,0,0,0,0,0,0,0,0,1,4
3,ARGEŞ,"ŞCOALA GENERALĂ NR.1",374,MĂRĂCINENI,13365,1,PROV,PRCNCT,CD,CD_SV,"2021-01-21 12:30:02",1560,1512,46,2,564,516,46,2,1600,1036,550,12,2,94,107,1,19,35,236,1,2,4,29,0,1,3,3,6,0,0,0,0,0,1,0,0,0,0,0,0,0,1,1,0,1,0,5
3,ARGEŞ,"ŞCOALA GENERALĂ ARGEŞELU",375,MĂRĂCINENI,13365,2,PART,PRCNCT,CD,CD_SV,"2021-01-21 12:30:02",1805,1741,54,10,652,588,54,10,2000,1348,637,6,9,88,93,1,16,29,319,2,2,3,49,4,1,7,4,6,2,0,0,0,0,1,1,0,0,0,0,0,0,1,0,0,1,1,6
3,ARGEŞ,"ŞCOALA PRIMARĂ DOBROGOSTEA",376,MERIŞANI,17101,1,PROV,PRCNCT,CD,CD_SV,"2021-01-21 12:30:02",1048,1035,13,0,230,217,13,0,1100,870,222,7,1,27,26,1,4,11,107,0,1,0,21,4,2,4,1,2,2,0,1,0,0,0,0,0,0,0,2,1,0,0,1,1,0,0,3
3,ARGEŞ,"ȘCOALA GENERALĂ BORLEȘTI",377,MERIŞANI,17101,2,PART,PRCNCT,CD,CD_SV,"2021-01-21 12:30:02",490,476,14,0,145,131,14,0,500,355,140,3,2,15,21,0,2,10,79,2,0,3,4,0,0,1,0,0,0,0,0,0,0,0,0,0,0,0,0,0,0,0,0,0,0,0,3
3,ARGEŞ,"CĂMINUL CULTURAL MERIŞANI",378,MERIŞANI,17101,1,PROV,PRCNCT,CD,CD_SV,"2021-01-21 12:30:02",703,683,19,1,190,170,19,1,700,510,186,1,3,50,20,0,6,5,69,0,0,1,20,4,0,2,0,3,2,0,0,0,0,0,1,0,0,0,0,0,0,0,0,0,0,1,2
3,ARGEŞ,"ŞCOALA PRIMARĂ MALU VÂNĂT",379,MERIŞANI,17101,1,PROV,PRCNCT,CD,CD_SV,"2021-01-21 12:30:02",683,673,10,0,184,174,10,0,700,516,164,13,7,18,12,1,3,5,90,0,1,1,20,3,0,2,0,2,1,0,0,0,0,0,0,0,0,1,0,0,0,0,0,1,0,3,0
3,ARGEŞ,"CĂMINUL CULTURAL VÎLCELELE",380,MERIŞANI,17101,1,PROV,PRCNCT,CD,CD_SV,"2021-01-21 12:30:02",768,746,21,1,210,188,21,1,800,590,210,0,0,15,23,0,6,10,131,3,0,1,15,1,1,2,0,1,1,0,0,0,0,0,0,0,0,0,0,0,0,0,0,0,0,0,0
3,ARGEŞ,"ŞCOALA GIMNAZIALA NR.1 MICEŞTI",381,MICEŞTI,17209,1,PROV,PRCNCT,CD,CD_SV,"2021-01-21 12:30:02",1522,1490,32,0,577,545,32,0,1600,1023,565,10,2,43,83,1,14,73,240,3,3,4,69,4,0,2,1,14,3,1,0,0,0,2,0,0,1,1,0,0,0,1,0,0,0,1,1
3,ARGEŞ,"CĂMIN CULTURAL PURCĂRENI",382,MICEŞTI,17209,3,PART,PRCNCT,CD,CD_SV,"2021-01-21 12:30:02",1414,1383,31,0,444,413,31,0,1500,1056,427,17,0,36,64,0,66,22,171,2,0,3,35,4,0,7,1,2,2,0,0,2,0,1,1,0,0,1,0,1,0,2,0,0,0,1,3
3,ARGEŞ,"ŞCOALA PRIMARA NR.2 PĂULEASCA",383,MICEŞTI,17209,2,PART,PRCNCT,CD,CD_SV,"2021-01-21 12:30:02",856,826,30,0,329,299,30,0,900,571,320,8,1,8,28,3,14,12,205,0,1,2,33,3,0,6,0,0,1,0,0,0,0,0,0,0,0,0,0,0,0,1,1,0,0,0,2
3,ARGEŞ,"CĂMINUL CULTURAL MIHĂEȘTI",384,MIHĂEŞTI,17254,1,PROV,PRCNCT,CD,CD_SV,"2021-01-21 12:30:02",2072,2041,31,0,618,587,31,0,2200,1582,580,26,12,21,48,3,9,36,393,4,0,2,36,6,1,4,3,1,3,0,0,0,0,0,1,0,1,0,0,1,0,0,0,1,0,5,1
3,ARGEŞ,"CĂMIN CULTURAL VALEA-POPII",385,MIHĂEŞTI,17254,1,PROV,PRCNCT,CD,CD_SV,"2021-01-21 12:30:02",797,776,21,0,348,327,21,0,800,452,338,6,4,24,42,1,11,15,208,0,2,2,22,0,0,1,0,1,4,0,0,0,0,0,0,0,0,0,0,0,0,0,1,0,0,0,4
3,ARGEŞ,"CĂMIN CULTURAL DRĂGHICI",386,MIHĂEŞTI,17254,1,PROV,PRCNCT,CD,CD_SV,"2021-01-21 12:30:02",903,874,29,0,293,264,29,0,900,607,287,3,3,20,36,1,2,12,171,1,0,1,26,4,0,3,1,2,0,1,0,0,0,1,0,0,0,0,0,0,0,0,0,0,0,1,4
3,ARGEŞ,"CĂMIN CULTURAL VĂCAREA",387,MIHĂEŞTI,17254,1,PROV,PRCNCT,CD,CD_SV,"2021-01-21 12:30:02",486,452,33,1,247,213,33,1,500,253,244,3,0,11,34,0,6,38,125,2,0,2,19,0,0,3,0,0,2,0,0,0,0,0,1,0,0,0,0,0,0,0,0,0,0,0,1
3,ARGEŞ,"CAMINUL CULTURAL FURNICOSI",388,MIHĂEŞTI,17254,1,PROV,PRCNCT,CD,CD_SV,"2021-01-21 12:30:02",761,739,22,0,289,267,22,0,800,511,281,7,1,23,32,2,3,34,154,4,1,0,13,2,0,2,0,3,0,0,1,0,0,2,1,0,0,0,0,0,0,0,0,1,1,1,1
3,ARGEŞ,"CĂMIN CULTURAL MĂŢĂU",389,MIOARELE,17334,1,PROV,PRCNCT,CD,CD_SV,"2021-01-21 12:30:02",1020,994,15,11,269,244,14,11,1100,831,266,2,1,24,68,0,30,13,102,2,1,2,16,2,0,3,0,0,2,0,0,0,0,0,1,0,0,0,0,0,0,0,0,0,0,0,0
3,ARGEŞ,"ŞCOALA PRIMARĂ I-IV SUSLĂNEŞTI",390,MIOARELE,17334,1,PROV,PRCNCT,CD,CD_SV,"2021-01-21 12:30:02",338,328,10,0,106,96,10,0,400,294,106,0,0,10,27,0,4,9,48,1,0,0,4,0,0,0,0,0,0,0,0,0,0,0,0,0,0,0,1,0,0,0,0,0,0,0,2
3,ARGEŞ,"CĂMIN CULTURAL MIROŞI",391,MIROŞI,17398,1,PROV,PRCNCT,CD,CD_SV,"2021-01-21 12:30:02",1215,1179,32,4,331,295,32,4,1300,969,319,10,2,22,38,0,17,18,191,1,0,3,12,3,0,8,1,1,0,0,0,0,0,1,0,0,0,0,0,0,1,0,0,1,1,0,0
3,ARGEŞ,"ŞCOALA SURDULEŞTI",392,MIROŞI,17398,1,PROV,PRCNCT,CD,CD_SV,"2021-01-21 12:30:02",757,712,40,5,254,209,40,5,800,546,248,4,2,6,29,1,11,9,175,1,0,0,8,3,0,2,1,0,0,0,1,0,0,0,0,0,0,0,0,0,0,0,0,0,0,0,1
3,ARGEŞ,"ŞCOALA GENERALĂ CU CLASELE I-VIII MORĂREŞTI",393,MORĂREŞTI,17423,1,PROV,PRCNCT,CD,CD_SV,"2021-01-21 12:30:02",933,879,54,0,352,298,54,0,1000,648,336,16,0,12,47,0,29,30,137,0,2,5,47,8,0,4,0,8,3,0,0,0,0,1,0,0,0,0,0,0,0,0,0,2,0,0,1
3,ARGEŞ,"ŞCOALA CU CLASELE I-IV DEDULEŞTI",394,MORĂREŞTI,17423,1,PROV,PRCNCT,CD,CD_SV,"2021-01-21 12:30:02",632,603,29,0,203,174,29,0,700,497,198,4,1,3,20,0,17,5,86,3,0,0,36,5,0,1,0,16,1,0,0,0,0,0,0,0,1,0,0,0,0,0,0,1,0,0,3
3,ARGEŞ,"CĂMIN CULTURAL MOŞOAIA",395,MOŞOAIA,17496,1,PROV,PRCNCT,CD,CD_SV,"2021-01-21 12:30:02",1460,1421,39,0,426,387,39,0,1600,1174,421,3,2,50,67,2,78,18,147,1,0,0,31,3,2,4,2,10,1,0,0,0,0,1,0,0,0,0,0,0,0,0,0,2,0,0,2
3,ARGEŞ,"ŞCOALA CU CLASELE I-VIII HINŢEŞTI",396,MOŞOAIA,17496,1,PROV,PRCNCT,CD,CD_SV,"2021-01-21 12:30:02",1063,1023,37,3,345,305,37,3,1117,772,344,0,1,47,76,0,25,15,126,1,3,1,31,0,0,0,1,13,2,0,0,0,0,0,0,0,0,0,0,0,0,1,0,1,0,0,1
3,ARGEŞ,"ŞCOALA CU CLASELE I-IV SMEURA",397,MOŞOAIA,17496,1,PROV,PRCNCT,CD,CD_SV,"2021-01-21 12:30:02",1435,1371,64,0,493,429,64,0,1500,1007,484,8,1,85,135,1,23,19,128,1,0,5,33,4,3,3,1,29,5,0,0,0,0,0,0,0,0,0,0,1,0,0,0,1,0,2,5
3,ARGEŞ,"ŞCOALA CU CLASELE I-IV CIOCĂNĂI",398,MOŞOAIA,17496,1,PROV,PRCNCT,CD,CD_SV,"2021-01-21 12:30:02",561,537,22,2,176,152,22,2,600,424,169,6,1,30,17,1,13,8,49,3,0,3,31,1,1,2,0,5,0,0,1,0,0,0,0,0,0,0,0,0,0,0,0,0,1,0,3
3,ARGEŞ,"RESTAURANT CASTEL",399,MOŞOAIA,17496,1,PROV,PRCNCT,CD,CD_SV,"2021-01-21 12:30:02",1125,1069,50,6,448,392,50,6,1200,752,444,4,0,113,99,0,35,21,132,0,0,0,23,1,0,1,1,13,0,0,0,0,0,0,0,0,0,0,0,0,0,0,0,0,0,0,5
3,ARGEŞ,"LICEUL TEHNOLOGIC LIVIU REBREANU MOZĂCENI",400,MOZĂCENI,17575,1,PROV,PRCNCT,CD,CD_SV,"2021-01-21 12:30:02",1206,1178,28,0,339,311,28,0,1250,911,332,2,5,12,104,0,9,10,159,1,0,0,20,4,0,3,2,1,2,0,0,0,0,0,0,0,1,2,0,0,0,0,1,1,0,0,0
3,ARGEŞ,"ŞCOALA GENERALĂ MIŞEI",401,MOZĂCENI,17575,1,PROV,PRCNCT,CD,CD_SV,"2021-01-21 12:30:02",506,490,16,0,154,138,16,0,569,415,150,4,0,9,54,0,5,4,49,0,0,1,23,3,0,0,0,1,0,0,0,0,0,0,0,0,0,0,0,0,0,0,0,0,1,0,0
3,ARGEŞ,"ȘCOALA GIMNAZIALĂ CU CLASELE I-VIII",402,MUŞĂTEŞTI,17619,1,PROV,PRCNCT,CD,CD_SV,"2021-01-21 12:30:02",1208,1169,36,3,464,425,36,3,1302,838,451,4,9,32,69,0,26,9,204,3,2,1,31,1,0,5,1,7,1,0,0,0,1,0,0,0,1,0,0,0,0,0,0,0,0,0,57
3,ARGEŞ,"SEDIUL PRIMĂRIEI VECHI - VILSĂNEȘTI",403,MUŞĂTEŞTI,17619,1,PROV,PRCNCT,CD,CD_SV,"2021-01-21 12:30:02",468,445,22,1,129,106,22,1,496,367,122,3,4,14,17,0,15,2,54,1,0,3,8,2,0,0,0,0,0,0,0,0,0,0,0,0,0,1,0,0,0,0,0,0,0,0,5
3,ARGEŞ,"ŞCOALA GENERALĂ COSTEŞTI - VÎLSAN",404,MUŞĂTEŞTI,17619,1,PROV,PRCNCT,CD,CD_SV,"2021-01-21 12:30:02",568,540,25,3,179,151,25,3,600,421,174,3,2,5,28,0,6,2,103,3,2,3,14,1,0,0,0,1,0,1,0,0,0,0,0,0,0,0,0,0,0,0,0,1,0,0,4
3,ARGEŞ,"ŞCOALA GENERALĂ STROEŞTI",405,MUŞĂTEŞTI,17619,1,PROV,PRCNCT,CD,CD_SV,"2021-01-21 12:30:02",878,841,24,13,341,304,24,13,902,561,326,11,4,11,64,1,10,25,161,4,1,9,15,1,0,3,1,1,1,1,0,0,0,0,0,0,1,0,0,0,0,0,0,1,0,2,13
3,ARGEŞ,"ŞCOALA NEGRAŞI",406,NEGRAŞI,17726,1,PROV,PRCNCT,CD,CD_SV,"2021-01-21 12:30:02",631,602,29,0,200,171,29,0,700,500,194,4,2,13,41,1,6,5,106,0,0,1,11,0,0,3,0,2,2,0,0,0,0,0,0,1,0,0,0,0,0,1,0,1,0,0,0
3,ARGEŞ,"GRĂDINIŢA BÎRLOGU",407,NEGRAŞI,17726,1,PROV,PRCNCT,CD,CD_SV,"2021-01-21 12:30:02",693,640,53,0,224,171,53,0,700,476,222,0,2,9,38,1,22,10,114,5,0,3,5,2,0,6,0,3,1,0,0,0,0,0,0,0,0,0,0,0,1,1,0,0,1,0,0
3,ARGEŞ,"ŞCOALA MOZACU",408,NEGRAŞI,17726,1,PROV,PRCNCT,CD,CD_SV,"2021-01-21 12:30:02",259,242,17,0,100,83,17,0,300,200,94,3,3,3,7,0,7,4,62,0,1,0,3,2,0,3,0,0,1,0,0,0,0,0,0,0,0,0,0,0,0,0,0,0,0,0,1
3,ARGEŞ,"ŞCOALA BUTA",409,NEGRAŞI,17726,3,PART,PRCNCT,CD,CD_SV,"2021-01-21 12:30:02",178,153,25,0,76,51,25,0,200,124,74,1,1,19,8,0,4,1,36,0,0,0,2,1,0,0,1,0,1,0,0,0,0,0,0,0,0,0,0,0,0,0,0,0,0,0,1
3,ARGEŞ,"CAMINUL CULTURAL NUCSOARA",410,NUCŞOARA,17771,1,PROV,PRCNCT,CD,CD_SV,"2021-01-21 12:30:02",414,364,39,11,253,203,39,11,400,147,245,5,3,5,22,0,5,8,175,0,0,1,6,0,0,1,1,0,0,0,0,0,0,0,0,0,0,1,0,1,0,0,0,0,0,0,19
3,ARGEŞ,"CĂMIN CULTURAL SBOGHIŢEŞTI",411,NUCŞOARA,17771,1,PROV,PRCNCT,CD,CD_SV,"2021-01-21 12:30:02",362,335,19,8,190,163,19,8,400,210,188,2,0,5,22,0,6,2,99,1,1,1,8,0,0,1,0,0,1,0,0,0,0,1,0,0,0,0,0,0,0,0,0,0,0,0,40
3,ARGEŞ,"CĂMIN CULTURAL SLATINA",412,NUCŞOARA,17771,1,PROV,PRCNCT,CD,CD_SV,"2021-01-21 12:30:02",474,426,42,6,283,235,42,6,500,217,273,8,2,9,14,0,1,3,179,2,0,0,17,0,0,0,1,4,0,0,0,0,0,0,0,0,0,0,0,0,0,0,1,0,0,0,42
3,ARGEŞ,"ȘCOALA GIMNAZIALĂ ”D. RĂDULESCU” OARJA",413,OARJA,17824,2,PART,PRCNCT,CD,CD_SV,"2021-01-21 12:30:02",1536,1422,52,62,600,486,52,62,1600,1000,586,10,4,36,66,3,8,29,376,3,1,5,34,4,2,4,1,10,1,0,0,0,0,1,1,0,0,0,0,0,0,0,0,0,0,0,1
3,ARGEŞ,"ŞCOALA PRIMARĂ OARJA SAT",414,OARJA,17824,1,PROV,PRCNCT,CD,CD_SV,"2021-01-21 12:30:02",841,782,26,33,297,238,26,33,900,603,290,5,2,16,30,1,2,13,180,1,0,0,29,0,0,3,0,12,1,0,1,0,0,0,0,0,0,0,0,0,0,0,0,0,0,0,1
3,ARGEŞ,"SALA DE SPORT PIETROŞANI",415,PIETROŞANI,17851,1,PROV,PRCNCT,CD,CD_SV,"2021-01-21 12:30:02",1430,1415,15,0,476,461,15,0,1600,1124,459,15,2,23,56,0,6,16,196,3,1,1,29,1,0,0,0,4,1,0,0,0,0,1,0,0,1,0,0,0,0,0,0,0,0,2,118
3,ARGEŞ,"CĂMIN CULTURAL BĂDEŞTI",416,PIETROŞANI,17851,1,PROV,PRCNCT,CD,CD_SV,"2021-01-21 12:30:02",1273,1255,18,0,426,408,18,0,1400,974,417,3,6,11,44,0,9,7,187,4,4,3,79,2,1,2,0,1,4,0,0,0,0,0,0,0,2,1,0,0,0,1,0,0,0,3,52
3,ARGEŞ,"ŞCOALA GENERALĂ CU CLASELE I-IV RETEVOIEŞTI",417,PIETROŞANI,17851,1,PROV,PRCNCT,CD,CD_SV,"2021-01-21 12:30:02",1370,1351,19,0,346,327,19,0,1500,1154,343,1,2,33,30,0,6,16,147,1,0,1,28,3,1,4,0,0,2,1,0,0,0,0,0,0,0,1,0,0,0,0,0,0,0,0,69
3,ARGEŞ,"ŞCOALAGENERALĂ CU CLASELE I-IV GĂNEŞTI",418,PIETROŞANI,17851,1,PROV,PRCNCT,CD,CD_SV,"2021-01-21 12:30:02",538,507,31,0,171,140,31,0,600,429,164,5,2,10,10,0,2,8,86,2,1,0,17,0,0,1,0,0,2,0,0,0,0,0,0,0,0,0,0,0,0,0,0,0,0,0,25
3,ARGEŞ,"ŞCOALA CU CLASELE I-VIII POIANA LACULUI",419,"POIANA LACULUI",18028,2,PART,PRCNCT,CD,CD_SV,"2021-01-21 12:30:02",1469,1444,25,0,347,322,25,0,1600,1253,344,3,0,63,72,1,7,10,154,0,1,0,23,1,0,4,0,2,1,0,0,0,0,0,1,0,0,0,0,0,0,0,0,0,0,0,4
3,ARGEŞ,"ŞCOALA CU CLASELE I-IV DINCULEŞTI",420,"POIANA LACULUI",18028,1,PROV,PRCNCT,CD,CD_SV,"2021-01-21 12:30:02",297,284,13,0,108,95,13,0,300,192,101,5,2,14,22,1,6,9,40,1,0,0,6,0,0,1,0,0,0,0,0,1,0,0,0,0,0,0,0,0,0,0,0,0,0,0,0
3,ARGEŞ,"ŞCOALA CU CLASELE I-IV CĂTUNAŞI",421,"POIANA LACULUI",18028,1,PROV,PRCNCT,CD,CD_SV,"2021-01-21 12:30:02",438,403,35,0,171,136,35,0,500,329,167,4,0,9,51,0,6,4,88,0,1,0,6,0,0,0,0,1,0,0,0,0,0,0,0,0,0,0,0,0,0,1,0,0,0,0,0
3,ARGEŞ,"ŞCOALA CU CLASELE I-VIII SĂMARA",422,"POIANA LACULUI",18028,1,PROV,PRCNCT,CD,CD_SV,"2021-01-21 12:30:02",778,761,17,0,200,183,17,0,800,600,193,5,2,25,63,1,4,8,63,3,1,0,18,0,0,2,0,1,1,0,0,1,0,0,0,0,0,0,0,0,0,0,0,0,0,0,2
3,ARGEŞ,"ŞCOALA CU CLASELE I-IV METOFU",423,"POIANA LACULUI",18028,1,PROV,PRCNCT,CD,CD_SV,"2021-01-21 12:30:02",295,286,9,0,102,93,9,0,300,198,93,8,1,2,10,0,6,10,49,3,0,0,11,0,0,0,0,0,1,0,0,0,0,0,0,0,0,0,0,0,0,0,0,0,1,0,0
3,ARGEŞ,"ŞCOALA CU CLASELE I-IV DEALUL VIILOR",424,"POIANA LACULUI",18028,1,PROV,PRCNCT,CD,CD_SV,"2021-01-21 12:30:02",333,305,28,0,131,103,28,0,400,269,128,2,1,4,47,1,1,9,42,1,0,2,18,0,0,0,0,1,0,0,0,0,0,0,1,0,0,0,0,0,0,0,0,0,0,0,1
3,ARGEŞ,"GRĂDINIŢA PĂDUROIU DIN DEAL",425,"POIANA LACULUI",18028,1,PROV,PRCNCT,CD,CD_SV,"2021-01-21 12:30:02",768,751,17,0,186,169,17,0,800,614,177,4,5,22,36,0,13,8,65,3,0,0,23,0,0,0,0,5,0,0,0,0,0,0,0,0,0,0,0,0,0,1,0,0,0,0,1
3,ARGEŞ,"GRĂDINIŢA PĂDUROIU DIN VALE",426,"POIANA LACULUI",18028,1,PROV,PRCNCT,CD,CD_SV,"2021-01-21 12:30:02",643,631,12,0,140,128,12,0,700,560,134,3,3,9,46,0,1,8,53,2,1,0,10,0,0,0,0,1,1,0,0,0,0,1,0,0,0,0,0,0,0,0,0,0,1,0,0
3,ARGEŞ,"ŞCOALA CU CLASELE I-IV GĂRDINEŞTI",427,"POIANA LACULUI",18028,1,PROV,PRCNCT,CD,CD_SV,"2021-01-21 12:30:02",402,382,20,0,123,103,20,0,400,277,119,2,2,25,18,1,8,6,53,0,0,1,4,0,0,0,0,0,0,0,0,0,0,0,0,1,0,0,0,0,0,0,0,0,0,0,2
3,ARGEŞ,"CĂMIN CULTURAL POIENARI",428,"POIENARII DE ARGEŞ",17913,2,PART,PRCNCT,CD,CD_SV,"2021-01-21 12:30:02",652,633,19,0,199,180,19,0,700,501,193,5,1,32,17,1,6,5,65,0,3,1,18,1,0,1,2,0,1,26,2,0,0,0,0,0,0,0,0,0,0,0,2,2,0,0,8
3,ARGEŞ,"ŞCOALA GENERALĂ I-IV IOANICEŞTI",429,"POIENARII DE ARGEŞ",17913,1,PROV,PRCNCT,CD,CD_SV,"2021-01-21 12:30:02",194,185,9,0,68,59,9,0,200,132,63,2,3,14,1,0,3,5,16,0,0,1,9,1,1,1,0,1,1,6,0,0,0,0,0,0,0,0,0,0,0,1,0,1,0,0,1
3,ARGEŞ,"ŞCOALA GIMNAZIALA NR.1 POIENARII DE MUSCEL",430,"POIENARII DE MUSCEL",17968,1,PROV,PRCNCT,CD,CD_SV,"2021-01-21 12:30:02",1236,1194,37,5,369,327,37,5,1200,831,361,4,4,10,105,0,50,15,152,1,0,3,14,1,0,3,0,5,2,0,0,0,0,0,0,0,0,0,0,0,0,0,0,0,0,0,0
3,ARGEŞ,"ŞCOALA PRIMARĂ NR.1 JUGUR",431,"POIENARII DE MUSCEL",17968,1,PROV,PRCNCT,CD,CD_SV,"2021-01-21 12:30:02",919,897,22,0,279,257,22,0,1000,721,273,3,3,15,89,0,15,12,117,1,1,3,11,2,0,3,0,0,2,1,0,0,0,0,0,0,0,0,0,0,0,0,0,1,0,0,0
3,ARGEŞ,"GRĂDINIŢA CU PROGRAM NORMAL NR.2 GROŞANI",432,"POIENARII DE MUSCEL",17968,1,PROV,PRCNCT,CD,CD_SV,"2021-01-21 12:30:02",628,615,13,0,205,192,13,0,800,595,196,8,1,5,73,0,4,15,74,3,1,5,7,0,0,1,2,0,4,0,0,0,0,1,0,0,0,0,0,0,0,0,0,0,0,0,1
3,ARGEŞ,"ŞCOALA POPEŞTI",433,POPEŞTI,18162,1,PROV,PRCNCT,CD,CD_SV,"2021-01-21 12:30:02",493,463,30,0,148,118,30,0,500,352,146,1,1,4,15,0,2,8,99,1,0,0,8,3,0,3,0,0,0,0,0,0,0,0,2,0,0,0,0,0,1,0,0,0,0,0,0
3,ARGEŞ,"ŞCOALA SLOBOZIA",434,POPEŞTI,18162,1,PROV,PRCNCT,CD,CD_SV,"2021-01-21 12:30:02",574,536,38,0,151,113,38,0,600,449,140,7,4,2,15,0,3,10,98,0,0,1,8,1,1,0,1,0,0,0,0,0,0,0,0,0,0,0,0,0,0,0,0,0,0,0,0
3,ARGEŞ,"ŞCOALA PURCĂRENI",435,POPEŞTI,18162,2,PART,PRCNCT,CD,CD_SV,"2021-01-21 12:30:02",596,554,42,0,168,126,42,0,600,432,156,2,10,7,15,0,3,7,107,0,0,0,6,2,1,3,2,1,0,0,0,0,0,0,0,0,0,1,0,0,1,0,0,0,0,0,0
3,ARGEŞ,"ȘCOALA GIMNAZIALĂ ”C. RĂDULESCU CODIN”",436,PRIBOIENI,18242,2,PART,PRCNCT,CD,CD_SV,"2021-01-21 12:30:02",1445,1420,23,2,590,565,23,2,1600,1010,580,3,7,36,71,0,22,19,360,1,0,4,38,7,1,7,3,2,2,0,0,0,1,0,0,0,0,0,1,0,0,0,0,0,0,0,5
3,ARGEŞ,"CLUBUL TINERETULUI PRIBOIENI",437,PRIBOIENI,18242,2,PART,PRCNCT,CD,CD_SV,"2021-01-21 12:30:02",1564,1538,26,0,620,594,26,0,1700,1080,606,9,5,44,115,0,10,24,344,0,0,5,31,5,0,9,5,3,0,1,0,0,0,1,0,0,0,0,0,0,0,1,0,0,0,0,8
3,ARGEŞ,"CĂMINUL CULTURAL TIGVENI",438,RĂTEŞTI,18331,1,PROV,PRCNCT,CD,CD_SV,"2021-01-21 12:30:02",710,667,43,0,216,173,43,0,730,514,204,12,0,13,25,0,16,6,128,0,0,0,16,0,0,0,0,0,0,0,0,0,0,0,0,0,0,0,0,0,0,0,0,0,0,0,0
3,ARGEŞ,"ŞCOALA CU CLASELE I-IV FURDUEŞTI",439,RĂTEŞTI,18331,1,PROV,PRCNCT,CD,CD_SV,"2021-01-21 12:30:02",440,428,12,0,117,105,12,0,470,353,112,5,0,10,9,2,2,5,61,2,0,1,13,1,2,1,1,0,0,0,0,0,0,0,0,0,0,0,0,0,0,0,0,0,1,0,1
3,ARGEŞ,"ŞCOALA CU CLASELE I-IV NEJLOVELU",440,RĂTEŞTI,18331,1,PROV,PRCNCT,CD,CD_SV,"2021-01-21 12:30:02",436,389,47,0,103,56,47,0,430,327,103,0,0,17,16,1,3,10,39,4,1,0,8,1,0,0,0,0,0,0,0,0,0,0,0,0,0,0,0,0,0,0,0,0,0,0,3
3,ARGEŞ,"ŞCOALA CU CLASELE I-IV PĂTULENI",441,RĂTEŞTI,18331,1,PROV,PRCNCT,CD,CD_SV,"2021-01-21 12:30:02",798,769,29,0,267,238,29,0,840,573,258,9,0,14,36,0,25,6,143,1,1,3,17,1,0,1,1,2,2,1,0,0,0,0,0,0,0,0,0,0,0,0,0,1,0,0,3
3,ARGEŞ,"ŞCOALA CU CLASELE I-IV MAVRODOLU",442,RĂTEŞTI,18331,2,PART,PRCNCT,CD,CD_SV,"2021-01-21 12:30:02",149,128,21,0,55,34,21,0,130,75,55,0,0,4,4,0,4,6,31,0,0,0,1,2,0,0,1,1,0,0,0,0,0,0,0,0,0,1,0,0,0,0,0,0,0,0,0
3,ARGEŞ,"CAMINUL CULTURAL RÂCA",443,RÂCA,20048,1,PROV,PRCNCT,CD,CD_SV,"2021-01-21 12:30:02",885,816,69,0,480,411,69,0,900,420,480,0,0,2,80,0,7,2,378,0,0,0,11,0,0,0,0,0,0,0,0,0,0,0,0,0,0,0,0,0,0,0,0,0,0,0,0
3,ARGEŞ,"ŞCOALA GENERALA NR. 1 RECEA",444,RECEA,18411,2,PART,PRCNCT,CD,CD_SV,"2021-01-21 12:30:02",1530,1424,79,27,565,459,79,27,1600,1035,549,9,7,23,59,0,55,10,344,1,0,2,34,1,0,2,1,10,2,0,0,0,0,0,1,1,0,0,0,0,0,0,0,1,0,1,1
3,ARGEŞ,"ŞCOALA CU CLASELE I-VIII DEAGURILE",445,RECEA,18411,2,PART,PRCNCT,CD,CD_SV,"2021-01-21 12:30:02",798,751,28,19,245,198,28,19,800,555,240,3,2,6,24,2,19,8,158,2,1,2,11,1,0,2,0,1,2,0,0,0,0,0,0,0,0,0,0,0,0,0,0,0,0,1,0
3,ARGEŞ,"GRĂDINIŢA CU PROGRAM NORMAL ”MARIN ANGELESCU”, ROCIU",446,ROCIU,18475,1,PROV,PRCNCT,CD,CD_SV,"2021-01-21 12:30:02",450,369,61,20,225,144,61,20,400,175,220,2,3,10,7,0,7,22,156,2,1,0,8,0,0,1,0,1,0,0,0,0,0,1,0,0,1,1,0,0,0,1,0,0,0,1,0
3,ARGEŞ,"GRĂDINIŢA CU PROGRAM NORMAL ”THEODOR ANGHEL”, GLIGANU DE JOS",447,ROCIU,18475,1,PROV,PRCNCT,CD,CD_SV,"2021-01-21 12:30:02",392,338,40,14,168,114,40,14,400,232,157,9,2,8,9,0,1,10,117,2,0,1,2,0,0,1,0,0,1,0,0,0,0,0,1,1,1,0,0,1,0,0,0,0,1,0,0
3,ARGEŞ,"ŞCOALA PRIMARĂ ”ION BĂLTEANU”, GLIGANU DE SUS",448,ROCIU,18475,1,PROV,PRCNCT,CD,CD_SV,"2021-01-21 12:30:02",635,532,71,32,333,230,71,32,600,267,326,6,1,6,38,0,7,11,248,3,0,0,5,5,0,1,1,0,1,0,0,0,0,0,0,0,0,0,0,0,0,0,0,0,0,0,0
3,ARGEŞ,"ŞCOALA GIMNAZIALĂ ”GHEORGHE MOCANU” PRIMAR, GIMNAZIAL, ŞERBĂNEŞTI",449,ROCIU,18475,1,PROV,PRCNCT,CD,CD_SV,"2021-01-21 12:30:02",910,797,74,39,498,385,74,39,900,402,489,6,3,40,29,0,5,12,378,1,0,2,8,7,1,0,2,1,1,0,0,0,0,0,0,0,0,0,0,0,0,0,1,0,0,0,1
3,ARGEŞ,"LICEUL TEHNOLOGIC ” VICTOR SLĂVESCU” - SALA DE SPORT",450,RUCĂR,18527,1,PROV,PRCNCT,CD,CD_SV,"2021-01-21 12:30:02",1266,1255,11,0,468,457,11,0,1400,932,460,4,4,50,87,0,61,22,185,0,1,2,37,3,0,0,4,4,1,0,0,0,0,0,0,0,1,0,0,0,0,0,0,1,0,0,1
3,ARGEŞ,"ŞCOALA GENERALĂ NR.2 - CLASA NR. 1",451,RUCĂR,18527,1,PROV,PRCNCT,CD,CD_SV,"2021-01-21 12:30:02",1061,1036,19,6,378,353,19,6,1100,722,371,5,2,29,87,0,42,15,157,6,4,0,21,1,1,2,0,1,0,0,0,0,0,0,0,0,0,0,0,0,0,1,0,2,0,1,1
3,ARGEŞ,"ŞCOALA GIMNAZIALĂ ”NAE A GHICA” - SALA DE SPORT",452,RUCĂR,18527,1,PROV,PRCNCT,CD,CD_SV,"2021-01-21 12:30:02",1016,998,16,2,371,353,16,2,1100,729,361,4,6,15,53,2,78,50,129,1,0,1,17,0,0,4,0,3,2,0,0,0,0,0,1,0,0,0,0,0,1,0,0,0,1,0,3
3,ARGEŞ,"ŞCOALA SĂTIC",453,RUCĂR,18527,1,PROV,PRCNCT,CD,CD_SV,"2021-01-21 12:30:02",142,102,40,0,77,37,40,0,200,123,76,1,0,5,20,0,13,2,31,2,0,0,3,0,0,0,0,0,0,0,0,0,0,0,0,0,0,0,0,0,0,0,0,0,0,0,0
3,ARGEŞ,"ȘCOALA GIMNAZIALĂ ”NAE A. GHICA” - SALA CLASĂ PREGĂTITOARE",454,RUCĂR,18527,1,PROV,PRCNCT,CD,CD_SV,"2021-01-21 12:30:02",1442,1427,14,1,492,477,14,1,1600,1108,485,2,5,48,106,1,65,31,176,4,1,2,34,2,0,1,1,4,1,0,0,0,0,0,0,1,0,1,0,0,0,0,1,0,1,1,3
3,ARGEŞ,"CĂMINUL CULTURAL SĂLĂTRUCU CENTRU",455,SĂLĂTRUCU,18554,3,PART,PRCNCT,CD,CD_SV,"2021-01-21 12:30:02",1242,1210,22,10,386,354,22,10,1300,914,372,10,4,36,63,0,7,20,197,1,2,5,28,1,0,3,1,3,2,0,0,0,0,0,0,0,1,0,1,0,0,0,0,0,1,0,0
3,ARGEŞ,"ŞCOALA CU CLASELE I-IV VĂLENI",456,SĂLĂTRUCU,18554,2,PART,PRCNCT,CD,CD_SV,"2021-01-21 12:30:02",562,535,24,3,195,168,24,3,600,405,190,2,3,9,19,2,8,11,114,0,2,0,16,0,1,1,1,2,0,0,0,0,3,0,0,0,0,0,0,0,0,0,0,1,0,0,0
3,ARGEŞ,"ŞCOALA GENERALĂ DEALU BRADULUI",457,SĂPATA,18581,1,PROV,PRCNCT,CD,CD_SV,"2021-01-21 12:30:02",184,154,30,0,100,70,30,0,200,100,98,2,0,5,14,1,8,7,55,1,0,1,2,0,0,2,0,1,0,0,0,0,0,0,0,0,0,0,0,0,0,0,0,0,0,1,0
3,ARGEŞ,"CĂMIN CULTURAL POPEŞTI",458,SĂPATA,18581,1,PROV,PRCNCT,CD,CD_SV,"2021-01-21 12:30:02",772,683,89,0,386,297,89,0,802,416,372,14,0,7,55,0,42,9,228,4,0,1,16,1,1,1,0,0,1,0,0,0,0,0,2,0,0,1,0,0,0,2,0,0,0,0,1
3,ARGEŞ,"ŞCOALA GIMNAZIALĂ DUMITRU UDRESCU SĂPATA",459,SĂPATA,18581,1,PROV,PRCNCT,CD,CD_SV,"2021-01-21 12:30:02",368,325,43,0,184,141,43,0,400,216,179,4,1,22,17,0,14,4,112,0,0,1,5,1,0,0,0,1,0,0,0,0,0,0,0,0,0,0,0,0,1,0,0,0,0,0,1
3,ARGEŞ,"IMOBIL PROPRIETATE MIU COSMIN",460,SĂPATA,18581,1,PROV,PRCNCT,CD,CD_SV,"2021-01-21 12:30:02",234,208,26,0,109,83,26,0,300,191,107,2,0,14,13,1,12,2,56,1,0,1,6,0,0,0,0,0,1,0,0,0,0,0,0,0,0,0,0,0,0,0,0,0,0,0,0
3,ARGEŞ,"ŞCOALA GIMNAZIALĂ NR.1 SCHITU GOLEȘTI",461,"SCHITU GOLEŞTI",18670,1,PROV,PRCNCT,CD,CD_SV,"2021-01-21 12:30:02",1546,1535,10,1,434,423,10,1,1700,1266,424,7,3,23,97,0,10,29,176,1,2,1,49,1,0,0,0,28,3,0,0,0,0,0,1,0,0,0,0,0,0,0,1,1,0,0,1
3,ARGEŞ,"GRĂDINIȚA VALEA PECHII",462,"SCHITU GOLEŞTI",18670,1,PROV,PRCNCT,CD,CD_SV,"2021-01-21 12:30:02",772,761,11,0,201,190,11,0,900,699,197,4,0,16,56,2,3,5,80,1,0,3,16,3,0,2,0,5,1,0,0,0,0,0,1,0,0,0,1,0,0,0,0,0,1,0,1
3,ARGEŞ,"CĂMIN CULTURAL LĂZĂREŞTI",463,"SCHITU GOLEŞTI",18670,1,PROV,PRCNCT,CD,CD_SV,"2021-01-21 12:30:02",1834,1805,29,0,520,491,29,0,2000,1480,495,20,5,39,128,1,7,15,183,2,2,3,56,1,1,1,0,49,0,0,0,0,0,2,0,0,0,0,0,1,1,1,0,1,0,1,0
3,ARGEŞ,"ŞCOALA GEN.NR.2 CLASELE I-IV",464,SLOBOZIA,18741,1,PROV,PRCNCT,CD,CD_SV,"2021-01-21 12:30:02",1901,1883,18,0,458,440,18,0,2000,1542,441,10,7,31,59,1,29,4,237,2,0,4,64,1,0,4,0,1,1,0,0,0,0,1,0,0,0,0,0,1,0,0,0,0,0,1,0
3,ARGEŞ,"ŞCOALA NIGRIŞOARA",465,SLOBOZIA,18741,1,PROV,PRCNCT,CD,CD_SV,"2021-01-21 12:30:02",267,256,11,0,94,83,11,0,300,206,91,3,0,14,13,0,4,5,43,0,1,0,9,1,0,0,0,0,1,0,0,0,0,0,0,0,0,0,0,0,0,0,0,0,0,0,0
3,ARGEŞ,"ȘOALA GENERALĂ DIN CENTRUL COMUNEI",466,SLOBOZIA,18741,1,PROV,PRCNCT,CD,CD_SV,"2021-01-21 12:30:02",1675,1636,39,0,491,452,39,0,1901,1410,479,8,4,40,29,1,3,17,340,0,0,1,38,1,0,2,2,0,0,1,1,0,0,1,0,0,0,0,1,1,0,0,0,0,0,0,0
3,ARGEŞ,"GRĂDINIŢA CU PROGRAM PRELUNGIT STÎLPENI",467,STÂLPENI,18778,2,PART,PRCNCT,CD,CD_SV,"2021-01-21 12:30:02",1555,1532,23,0,579,556,23,0,1800,1221,567,5,7,33,62,1,11,54,331,3,0,3,43,4,0,5,1,1,8,0,0,0,0,0,0,0,1,0,0,0,0,1,1,1,0,2,1
3,ARGEŞ,"ŞCOALA GENERALĂ LIVEZENI",468,STÂLPENI,18778,2,PART,PRCNCT,CD,CD_SV,"2021-01-21 12:30:02",1223,1197,26,0,429,403,26,0,1300,871,419,7,3,37,51,1,18,34,220,0,1,1,40,1,0,3,0,0,6,0,0,0,0,0,0,0,0,0,0,0,0,0,0,1,1,0,4
3,ARGEŞ,"CAMINUL CULTURAL RĂDEŞTI",469,STÂLPENI,18778,1,PROV,PRCNCT,CD,CD_SV,"2021-01-21 12:30:02",1409,1373,36,0,526,490,36,0,1400,874,521,3,2,36,58,0,5,98,265,5,1,3,33,4,0,1,1,2,1,0,0,0,0,1,0,0,1,0,0,0,0,0,1,0,2,1,2
3,ARGEŞ,"CĂMIN CULTURAL STOENEŞTI",470,STOENEŞTI,18858,1,PROV,PRCNCT,CD,CD_SV,"2021-01-21 12:30:02",1070,1050,20,0,302,282,20,0,1200,898,293,6,3,71,38,1,15,14,118,0,0,2,18,2,1,1,1,10,0,0,0,0,0,0,0,0,0,0,0,0,0,0,1,0,0,0,0
3,ARGEŞ,"CĂMIN CULTURAL BĂDENI",471,STOENEŞTI,18858,1,PROV,PRCNCT,CD,CD_SV,"2021-01-21 12:30:02",1440,1432,8,0,320,312,8,0,1600,1280,314,5,1,58,38,0,13,16,145,1,0,1,18,2,0,1,0,15,0,0,0,0,0,1,0,1,0,0,0,0,0,0,0,1,0,1,2
3,ARGEŞ,"CĂMIN CULTURAL PIATRA",472,STOENEŞTI,18858,1,PROV,PRCNCT,CD,CD_SV,"2021-01-21 12:30:02",425,406,17,2,151,132,17,2,500,349,151,0,0,30,11,0,7,3,76,0,0,0,16,0,0,1,0,6,0,1,0,0,0,0,0,0,0,0,0,0,0,0,0,0,0,0,0
3,ARGEŞ,"ŞCOALA GEN. VALEA BĂDENILOR",473,STOENEŞTI,18858,1,PROV,PRCNCT,CD,CD_SV,"2021-01-21 12:30:02",627,611,16,0,252,236,16,0,700,448,244,6,2,9,14,0,13,2,187,0,0,0,7,3,0,3,0,3,0,1,0,0,0,0,0,1,0,0,0,0,1,0,0,0,0,0,0
3,ARGEŞ,"GRĂDINIȚA CU PROGRAM NORMAL STOLNICI",474,STOLNICI,18938,1,PROV,PRCNCT,CD,CD_SV,"2021-01-21 12:30:02",1534,1460,74,0,470,396,74,0,1600,1130,456,5,9,20,24,1,42,36,300,2,2,1,15,3,0,4,2,1,2,0,0,0,1,0,0,0,0,0,0,0,0,0,0,0,0,0,0
3,ARGEŞ,"CĂMINUL CULTURAL FÎLFANI",475,STOLNICI,18938,1,PROV,PRCNCT,CD,CD_SV,"2021-01-21 12:30:02",1065,991,74,0,299,225,74,0,1100,801,296,3,0,27,41,1,7,13,187,0,0,0,13,1,0,3,0,1,1,0,0,0,0,0,0,0,0,0,0,0,0,0,0,1,0,0,0
3,ARGEŞ,"ŞCOALA PRIMARĂ IOAN RIZESCU",476,SUSENI,19007,1,PROV,PRCNCT,CD,CD_SV,"2021-01-21 12:30:02",613,588,25,0,228,203,25,0,600,372,224,3,1,33,49,2,9,11,89,1,0,1,24,1,0,1,1,1,1,0,0,0,0,0,0,0,0,0,0,0,0,0,0,0,0,0,0
3,ARGEŞ,"ŞCOALA GIMNAZIALĂ MARIN BRANIŞTE",477,SUSENI,19007,1,PROV,PRCNCT,CD,CD_SV,"2021-01-21 12:30:02",926,880,46,0,285,239,46,0,1000,715,280,2,3,30,84,0,12,16,89,2,0,4,28,6,0,0,1,2,0,0,0,0,0,0,1,0,1,0,1,0,0,0,0,0,0,0,3
3,ARGEŞ,"ŞCOALA PRIMARĂ GHEOGHE TOMA",478,SUSENI,19007,1,PROV,PRCNCT,CD,CD_SV,"2021-01-21 12:30:02",1070,1024,44,2,383,337,44,2,1100,717,369,11,3,37,83,0,22,19,161,1,0,2,31,1,1,1,2,0,1,0,1,0,0,0,0,1,0,0,1,0,1,0,0,0,1,1,1
3,ARGEŞ,"ŞCOALA CU CLASELE I-VIII ŞTEFAN CEL MARE",479,"ŞTEFAN CEL MARE",19114,2,PART,PRCNCT,CD,CD_SV,"2021-01-21 12:30:02",707,691,16,0,164,148,16,0,700,536,159,3,2,16,21,0,7,0,107,2,0,2,2,0,0,0,0,0,0,0,0,0,0,0,0,0,0,0,0,1,0,0,0,0,0,1,0
3,ARGEŞ,"ŞCOALA CU CLASELE I-VIII ŞTEFAN CEL MARE",480,"ŞTEFAN CEL MARE",19114,1,PROV,PRCNCT,CD,CD_SV,"2021-01-21 12:30:02",824,819,5,0,229,224,5,0,994,765,224,5,0,16,23,0,9,6,144,0,1,2,9,6,0,3,0,3,1,0,0,0,0,0,0,0,0,0,0,0,0,0,0,0,0,0,1
3,ARGEŞ,"ŞCOALA GLAVACIOC",481,"ŞTEFAN CEL MARE",19114,1,PROV,PRCNCT,CD,CD_SV,"2021-01-21 12:30:02",347,335,12,0,76,64,12,0,400,324,73,2,1,2,7,0,0,2,58,0,0,0,4,0,0,0,0,0,0,0,0,0,0,0,0,0,0,0,0,0,0,0,0,0,0,0,0
3,ARGEŞ,"CĂMIN CULTURAL ŞUICI",482,ŞUICI,19141,2,PART,PRCNCT,CD,CD_SV,"2021-01-21 12:30:02",1036,991,20,25,361,316,20,25,1100,739,350,7,4,23,58,2,14,28,181,1,0,2,23,6,2,4,0,2,1,0,0,1,0,0,0,0,0,0,0,0,0,0,0,0,0,0,2
3,ARGEŞ,"ŞCOALA PRIMARĂ RUDENI",483,ŞUICI,19141,2,PART,PRCNCT,CD,CD_SV,"2021-01-21 12:30:02",682,667,15,0,222,207,15,0,700,478,218,2,2,12,53,0,6,16,107,1,0,0,9,6,1,1,0,2,0,0,0,1,0,1,0,1,0,0,0,0,0,0,0,0,0,0,1
3,ARGEŞ,"ŞCOALA IANCULEŞTI",484,ŞUICI,19141,1,PROV,PRCNCT,CD,CD_SV,"2021-01-21 12:30:02",235,221,14,0,79,65,14,0,300,221,77,1,1,3,15,0,3,9,33,1,1,0,5,0,0,1,0,4,0,0,0,0,0,0,0,0,0,0,0,0,0,0,0,0,0,0,2
3,ARGEŞ,"ŞCOALA PRIMARĂ VALEA CALULUI",485,ŞUICI,19141,1,PROV,PRCNCT,CD,CD_SV,"2021-01-21 12:30:02",95,81,14,0,37,23,14,0,100,63,36,0,1,1,9,0,1,5,18,0,0,0,2,0,0,0,0,0,0,0,0,0,0,0,0,0,0,0,0,0,0,0,0,0,0,0,0
3,ARGEŞ,"CĂMIN CULTURAL TEIU",486,TEIU,19212,2,PART,PRCNCT,CD,CD_SV,"2021-01-21 12:30:02",1027,914,112,1,431,318,112,1,1000,569,407,15,9,26,70,1,14,23,246,5,0,2,10,4,0,3,0,0,0,0,0,0,0,1,0,1,0,1,0,0,0,0,0,0,0,0,0
3,ARGEŞ,"ŞCOALA GENERALĂ LEŞILE",487,TEIU,19212,1,PROV,PRCNCT,CD,CD_SV,"2021-01-21 12:30:02",178,149,29,0,69,40,29,0,200,131,67,1,1,4,9,0,5,4,42,1,0,0,1,0,0,0,0,0,1,0,0,0,0,0,0,0,0,0,0,0,0,0,0,0,0,0,0
3,ARGEŞ,"PRIMĂRIA TIGVENI",488,TIGVENI,19249,1,PROV,PRCNCT,CD,CD_SV,"2021-01-21 12:30:02",1523,1493,30,0,414,384,30,0,1600,1186,385,17,12,17,61,2,5,9,223,2,2,1,42,2,0,4,0,2,0,0,0,0,0,0,0,0,0,1,1,0,0,0,0,2,0,1,8
3,ARGEŞ,"ȘCOALA CU CLASELE I-IV BÎRSEȘTII DE JOS",489,TIGVENI,19249,1,PROV,PRCNCT,CD,CD_SV,"2021-01-21 12:30:02",1021,998,23,0,304,281,23,0,1100,796,300,2,2,23,88,0,4,20,123,1,1,2,27,0,0,1,1,1,2,1,0,0,0,0,0,0,0,0,0,0,0,0,1,0,0,0,4
3,ARGEŞ,"ŞCOALA CU CLASELE I-IV VLĂDEŞTI",490,TIGVENI,19249,1,PROV,PRCNCT,CD,CD_SV,"2021-01-21 12:30:02",217,199,18,0,89,71,18,0,200,111,87,0,2,5,10,1,5,9,45,0,0,2,2,3,0,3,2,0,0,0,0,0,0,0,0,0,0,0,0,0,0,0,0,0,0,0,0
3,ARGEŞ,"PRIMĂRIA COMUNEI ȚIȚEȘTI",491,ŢIŢEŞTI,19338,1,PROV,PRCNCT,CD,CD_SV,"2021-01-21 12:30:02",1295,1266,29,0,412,383,29,0,1400,988,397,10,5,32,100,1,69,7,155,1,0,2,18,4,0,0,0,0,0,0,0,0,0,0,1,0,0,0,0,0,1,0,1,0,1,0,4
3,ARGEŞ,"ȘCOALA CU CLASELE I-IV VALEA STÂNII",492,ŢIŢEŞTI,19338,1,PROV,PRCNCT,CD,CD_SV,"2021-01-21 12:30:02",883,869,11,3,331,317,11,3,1000,669,323,5,3,31,80,0,17,22,138,0,0,3,16,3,0,1,1,0,3,1,0,0,0,0,0,0,0,1,0,0,0,0,0,1,0,1,4
3,ARGEŞ,"ȘCOALA CU CLASELE I-IV ȚIȚEȘTI",493,ŢIŢEŞTI,19338,1,PROV,PRCNCT,CD,CD_SV,"2021-01-21 12:30:02",1022,1010,12,0,299,287,12,0,1100,801,285,10,4,19,109,0,11,7,110,0,1,3,18,1,0,1,1,1,3,0,0,0,0,0,0,0,0,0,0,0,0,0,0,0,0,0,0
3,ARGEŞ,"ȘCOALA CU CLASELE I-IV VALEA MĂNĂSTIRII",494,ŢIŢEŞTI,19338,2,PART,PRCNCT,CD,CD_SV,"2021-01-21 12:30:02",818,798,20,0,180,160,20,0,900,720,168,10,2,2,68,1,7,2,72,2,1,2,4,1,0,2,0,0,0,1,0,0,0,0,0,0,0,0,0,0,1,0,0,0,0,1,1
3,ARGEŞ,"ŞCOALA I-VIII UDA",495,UDA,19392,1,PROV,PRCNCT,CD,CD_SV,"2021-01-21 12:30:02",544,517,27,0,142,115,27,0,600,458,137,3,2,5,39,0,1,10,73,2,0,0,4,1,0,1,0,0,0,0,0,0,0,0,0,0,0,0,0,0,0,0,0,0,0,0,1
3,ARGEŞ,"ŞCOALA COTU",496,UDA,19392,2,PART,PRCNCT,CD,CD_SV,"2021-01-21 12:30:02",223,193,30,0,100,70,30,0,200,100,96,0,4,2,47,0,1,3,30,0,0,0,6,0,0,0,0,0,0,0,2,0,1,1,0,0,1,1,0,0,0,0,0,0,0,0,1
3,ARGEŞ,"ŞCOALA I - IV SĂLIŞTEA",497,UDA,19392,1,PROV,PRCNCT,CD,CD_SV,"2021-01-21 12:30:02",470,435,35,0,161,126,35,0,500,339,154,4,3,4,74,0,4,4,49,1,0,1,9,2,0,0,0,1,1,0,0,0,0,0,1,0,0,0,0,0,1,0,0,0,0,0,2
3,ARGEŞ,"CĂMIN CULTURAL GOVORA",498,UDA,19392,1,PROV,PRCNCT,CD,CD_SV,"2021-01-21 12:30:02",408,385,23,0,123,100,23,0,400,277,121,2,0,4,39,2,5,6,52,0,0,1,10,1,0,1,0,0,0,0,0,0,0,0,0,0,0,0,0,0,0,0,0,0,0,0,0
3,ARGEŞ,"ŞCOALA CU CLASELE I-VIII UNGHENI",499,UNGHENI,19560,1,PROV,PRCNCT,CD,CD_SV,"2021-01-21 12:30:02",596,568,28,0,192,164,28,0,600,408,183,6,3,11,26,0,12,5,109,3,0,3,9,1,0,2,0,0,0,0,0,0,0,0,1,0,0,0,0,0,0,0,0,0,0,1,0
3,ARGEŞ,"ŞCOALA COLŢU",500,UNGHENI,19560,1,PROV,PRCNCT,CD,CD_SV,"2021-01-21 12:30:02",616,561,55,0,300,245,55,0,600,300,290,10,0,6,14,0,5,3,257,0,0,0,2,1,0,0,0,0,0,1,0,0,0,0,0,0,0,0,0,0,0,0,0,0,0,1,0
3,ARGEŞ,"SOCIETATEA AGRICOLA ALBINA",501,UNGHENI,19560,1,PROV,PRCNCT,CD,CD_SV,"2021-01-21 12:30:02",1121,1056,65,0,376,311,65,0,1200,824,362,14,0,10,34,0,4,12,257,2,0,3,18,5,2,4,4,2,1,0,0,0,0,0,0,0,0,1,0,0,0,1,1,0,0,0,1
3,ARGEŞ,"CĂMINUL CULTURAL VALEA DANULUI",502,"VALEA DANULUI",19631,1,PROV,PRCNCT,CD,CD_SV,"2021-01-21 12:30:02",1667,1635,32,0,572,540,32,0,1800,1228,552,17,3,39,138,2,33,17,212,5,2,5,52,1,2,1,2,3,2,0,0,0,0,0,0,0,0,0,0,0,1,0,0,1,1,1,32
3,ARGEŞ,"CĂMINUL CULTURAL VERNEŞTI",503,"VALEA DANULUI",19631,1,PROV,PRCNCT,CD,CD_SV,"2021-01-21 12:30:02",906,889,17,0,347,330,17,0,1000,653,341,2,4,29,72,0,14,11,143,3,0,2,45,3,0,6,0,0,3,0,0,0,0,1,0,1,0,1,0,0,0,0,0,0,0,0,7
3,ARGEŞ,"ŞCOALA GIMNAZIALĂ VALEA IAŞULUI",504,"VALEA IAŞULUI",19695,1,PROV,PRCNCT,CD,CD_SV,"2021-01-21 12:30:02",874,825,25,24,301,252,25,24,1000,699,297,2,2,27,45,0,10,36,130,5,2,1,22,3,0,2,1,1,0,0,0,0,0,1,0,0,0,0,0,0,0,0,0,0,0,1,10
3,ARGEŞ,"PENSIUNEA ”VALEA BĂDILII”",505,"VALEA IAŞULUI",19695,1,PROV,PRCNCT,CD,CD_SV,"2021-01-21 12:30:02",206,191,15,0,73,58,15,0,200,127,72,1,0,5,13,0,1,5,31,1,0,2,9,1,0,0,0,0,0,0,0,0,0,0,0,0,0,0,0,0,0,1,0,0,1,0,2
3,ARGEŞ,"ŞCOALA PRIMARĂ MUSTĂTEŞTI",506,"VALEA IAŞULUI",19695,1,PROV,PRCNCT,CD,CD_SV,"2021-01-21 12:30:02",1065,1051,14,0,356,342,14,0,1100,744,350,4,2,43,42,0,9,35,140,5,1,1,50,2,0,3,0,3,1,0,0,0,0,1,0,0,0,0,0,0,0,0,0,0,0,0,14
3,ARGEŞ,"GRĂDINIŢA CERBURENI",507,"VALEA IAŞULUI",19695,1,PROV,PRCNCT,CD,CD_SV,"2021-01-21 12:30:02",314,300,14,0,129,115,14,0,300,171,128,1,0,5,21,0,6,10,59,0,0,0,16,0,0,0,0,0,0,2,0,0,0,0,0,0,0,0,0,0,0,0,0,0,1,1,7
3,ARGEŞ,"CĂMIN CULTURAL VALEA MARE PRAVĂŢ",508,"VALEA MARE-PRAVĂŢ",13524,1,PROV,PRCNCT,CD,CD_SV,"2021-01-21 12:30:02",1237,1221,11,5,375,359,11,5,1300,925,369,6,0,60,66,0,5,25,171,1,0,0,22,1,1,7,1,2,0,0,0,0,0,0,0,0,0,0,0,0,1,0,0,0,0,3,3
3,ARGEŞ,"CĂMIN CULTURAL NĂMĂEŞTI",509,"VALEA MARE-PRAVĂŢ",13524,1,PROV,PRCNCT,CD,CD_SV,"2021-01-21 12:30:02",496,482,14,0,187,173,14,0,500,313,180,7,0,35,28,1,8,6,70,0,1,1,16,1,0,2,1,1,2,1,0,0,0,0,0,0,0,0,0,0,0,0,0,0,0,4,2
3,ARGEŞ,"CĂMINUL CULTURAL BILCEŞTI",510,"VALEA MARE-PRAVĂŢ",13524,1,PROV,PRCNCT,CD,CD_SV,"2021-01-21 12:30:02",693,684,9,0,197,188,9,0,800,603,195,2,0,34,57,0,3,9,64,0,0,4,20,0,0,2,0,1,0,0,0,0,0,0,0,0,0,0,0,0,0,0,0,0,0,1,0
3,ARGEŞ,"ŞCOALA GURA PRAVĂŢ",511,"VALEA MARE-PRAVĂŢ",13524,1,PROV,PRCNCT,CD,CD_SV,"2021-01-21 12:30:02",943,927,16,0,386,370,16,0,1000,614,293,85,8,1,10,1,2,5,219,1,0,1,9,1,0,4,0,1,0,0,1,0,0,1,0,1,0,0,0,0,0,4,0,0,0,31,0
3,ARGEŞ,"LICEUL TEHNOLOGIC VEDEA",512,VEDEA,19793,1,PROV,PRCNCT,CD,CD_SV,"2021-01-21 12:30:02",832,743,76,13,279,190,76,13,798,519,275,1,3,29,28,1,47,11,126,0,2,4,9,0,0,7,0,7,1,0,0,0,0,0,0,0,0,0,0,0,0,0,1,0,0,0,2
3,ARGEŞ,"ŞCOALA VAŢA",513,VEDEA,19793,1,PROV,PRCNCT,CD,CD_SV,"2021-01-21 12:30:02",535,501,34,0,145,111,34,0,600,455,143,2,0,26,20,0,16,7,58,0,0,1,11,3,0,0,0,0,0,0,0,0,0,0,0,0,0,0,0,0,0,0,0,1,0,0,0
3,ARGEŞ,"ŞCOALA PRODANI-CONTAINER MODULAR",514,VEDEA,19793,1,PROV,PRCNCT,CD,CD_SV,"2021-01-21 12:30:02",614,581,33,0,217,184,33,0,600,383,214,1,2,17,39,0,9,9,104,0,0,0,25,1,0,3,1,4,1,0,0,0,0,0,0,0,0,0,0,0,0,0,0,1,0,0,0
3,ARGEŞ,"ŞCOALA FATA",515,VEDEA,19793,1,PROV,PRCNCT,CD,CD_SV,"2021-01-21 12:30:02",454,432,20,2,128,106,20,2,500,372,123,2,3,7,12,0,9,8,50,0,0,1,14,4,0,0,1,10,0,0,0,0,0,0,0,0,1,0,0,1,1,0,2,0,0,0,2
3,ARGEŞ,"ŞCOALA IZVORU DE SUS",516,VEDEA,19793,1,PROV,PRCNCT,CD,CD_SV,"2021-01-21 12:30:02",296,270,26,0,118,92,26,0,300,182,112,3,3,5,8,0,34,3,49,0,1,0,5,0,0,0,0,4,0,0,0,0,1,1,0,0,0,0,0,0,0,0,0,0,1,0,0
3,ARGEŞ,"ŞCOALA FRĂTICI",517,VEDEA,19793,1,PROV,PRCNCT,CD,CD_SV,"2021-01-21 12:30:02",352,337,15,0,117,102,15,0,400,283,114,2,1,7,11,0,9,5,66,1,1,0,9,1,0,1,0,0,2,0,0,0,0,1,0,0,0,0,0,0,0,0,0,0,0,0,0
3,ARGEŞ,"CĂMINUL CULTURAL VLĂDEȘTI CENTRU",518,VLĂDEŞTI,19999,1,PROV,PRCNCT,CD,CD_SV,"2021-01-21 12:30:02",1692,1671,21,0,531,510,21,0,1800,1269,516,9,6,35,90,0,43,25,229,4,0,2,46,4,0,19,1,0,3,1,1,0,0,1,0,0,0,1,0,0,0,0,0,2,0,2,7
3,ARGEŞ,"CĂMINUL CULTURAL VLĂDEȘTI DE SUS",519,VLĂDEŞTI,19999,1,PROV,PRCNCT,CD,CD_SV,"2021-01-21 12:30:02",883,877,6,0,264,258,6,0,1001,737,250,11,3,49,30,1,11,12,88,1,0,1,23,1,0,4,1,2,1,0,0,0,0,0,0,0,0,0,0,0,1,0,0,0,0,13,11
3,ARGEŞ,"PRIMĂRIA VULTUREȘTI",520,VULTUREŞTI,20055,1,PROV,PRCNCT,CD,CD_SV,"2021-01-21 12:30:02",1605,1575,30,0,518,488,30,0,1600,1082,498,14,6,35,72,2,9,31,297,2,1,3,26,4,0,2,1,3,0,0,0,1,0,0,1,0,0,0,0,0,0,1,1,2,1,2,1
3,ARGEŞ,"ȘCOALA PRIMARĂ BÂRZEȘTI",521,VULTUREŞTI,20055,1,PROV,PRCNCT,CD,CD_SV,"2021-01-21 12:30:02",475,459,16,0,200,184,16,0,600,400,194,5,1,17,22,1,8,14,102,1,0,0,19,2,0,3,1,0,2,0,0,0,0,0,0,0,0,0,0,0,0,0,1,0,1,0,0
3,ARGEŞ,"ȘCOALA PRIMARĂ HULUBA",522,VULTUREŞTI,20055,1,PROV,PRCNCT,CD,CD_SV,"2021-01-21 12:30:02",192,169,23,0,123,100,23,0,200,77,122,1,0,2,4,0,9,34,60,2,0,1,8,0,0,1,0,0,0,0,0,0,0,1,0,0,0,0,0,0,0,0,0,0,0,0,0
