precinct_county_nce,precinct_county_name,precinct_name,precinct_nr,uat_name,uat_siruta,report_version,report_stage_code,report_type_scope_code,report_type_category_code,report_type_code,created_at,a,a1,a2,a3,b,b1,b2,b3,c,d,e,f,g,"UNIUNEA DEMOCRATĂ MAGHIARĂ DIN ROMÂNIA-voturi","PARTIDUL SOCIAL DEMOCRAT-voturi","PARTIDUL MIȘCAREA POPULARĂ-voturi","PARTIDUL PRO ROMÂNIA-voturi","ALIANȚA USR PLUS-voturi","PARTIDUL NAȚIONAL LIBERAL-voturi","PARTIDUL PUTERII UMANISTE (SOCIAL-LIBERAL)-voturi","ALIANȚA PENTRU UNIREA ROMÂNILOR-voturi","PARTIDUL ROMÂNIA MARE-voturi","PARTIDUL ECOLOGIST ROMÂN-voturi","PARTIDUL NOUA ROMÂNIE-voturi","ALIANȚA RENAȘTEREA NAȚIONALĂ-voturi"
5,BIHOR,"COLEGIUL ECONOMIC ” PARTENIE COSMA ”",1,"MUNICIPIUL ORADEA",26564,2,PART,PRCNCT,S,S_SV,"2021-01-21 12:30:02",1000,902,98,0,407,309,98,0,970,563,402,3,0,62,55,8,16,76,160,4,10,2,2,1,6
5,BIHOR,"ȘCOALA GIMNAZIALĂ ” LUCREŢIA SUCIU ”",2,"MUNICIPIUL ORADEA",26564,1,PROV,PRCNCT,S,S_SV,"2021-01-21 12:30:02",1232,1212,20,0,377,357,20,0,1338,961,374,2,1,94,49,5,16,35,127,0,40,1,2,0,5
5,BIHOR,"LICEUL TEHNOLOGIC SANITAR ”VASILE VOICULESCU”",3,"MUNICIPIUL ORADEA",26564,2,PART,PRCNCT,S,S_SV,"2021-01-21 12:30:02",1307,1273,24,10,368,334,24,10,1400,1032,352,13,3,50,81,4,13,34,111,3,40,2,4,2,8
5,BIHOR,"LICEUL TEHNOLOGIC SANITAR ”VASILE VOICULESCU”",4,"MUNICIPIUL ORADEA",26564,2,PART,PRCNCT,S,S_SV,"2021-01-21 12:30:02",1395,1379,16,0,364,348,16,0,1521,1157,360,3,1,85,43,10,19,37,106,4,41,0,1,1,13
5,BIHOR,"GRĂDINIŢA CU PROGRAM PRELUNGIT NR.22",5,"MUNICIPIUL ORADEA",26564,1,PROV,PRCNCT,S,S_SV,"2021-01-21 12:30:02",1408,1392,16,0,293,277,16,0,1537,1244,289,3,1,46,30,7,9,20,134,2,29,1,3,2,6
5,BIHOR,"GRĂDINIŢA CU PROGRAM PRELUNGIT NR.22",6,"MUNICIPIUL ORADEA",26564,1,PROV,PRCNCT,S,S_SV,"2021-01-21 12:30:02",1515,1497,18,0,461,443,18,0,1643,1182,460,1,0,46,89,5,13,49,211,1,32,2,1,2,9
5,BIHOR,"CREȘA NR. 2 ” PICIORUȘE VESELE ”",7,"MUNICIPIUL ORADEA",26564,1,PROV,PRCNCT,S,S_SV,"2021-01-21 12:30:02",794,773,21,0,221,200,21,0,849,628,217,1,3,31,52,1,8,27,62,6,24,1,3,1,1
5,BIHOR,"GRĂDINIȚA CU PROGRAM PRELUNGIT NR. 22",8,"MUNICIPIUL ORADEA",26564,1,PROV,PRCNCT,S,S_SV,"2021-01-21 12:30:02",1194,1176,15,3,313,295,15,3,1289,976,302,11,0,51,55,4,15,35,96,3,36,1,5,1,0
5,BIHOR,"CREŞA NR.2 ”PICIORUŞE VESELE”",9,"MUNICIPIUL ORADEA",26564,1,PROV,PRCNCT,S,S_SV,"2021-01-21 12:30:02",1251,1233,18,0,355,337,18,0,1364,1009,352,1,2,60,56,13,12,34,141,1,27,1,1,1,5
5,BIHOR,"ŞCOALA GIMNAZIALĂ ”IOAN SLAVICI”",10,"MUNICIPIUL ORADEA",26564,1,PROV,PRCNCT,S,S_SV,"2021-01-21 12:30:02",1442,1406,31,5,477,441,31,5,1552,1075,473,3,1,29,83,8,26,64,208,7,42,2,1,0,3
5,BIHOR,"ŞCOALA GIMNAZIALĂ ”IOAN SLAVICI”",11,"MUNICIPIUL ORADEA",26564,1,PROV,PRCNCT,S,S_SV,"2021-01-21 12:30:02",1602,1584,18,0,533,515,18,0,1742,1209,512,15,6,56,62,5,22,43,179,6,112,2,6,4,15
5,BIHOR,"ŞCOALA GIMNAZIALĂ ”IOAN SLAVICI”",12,"MUNICIPIUL ORADEA",26564,2,PART,PRCNCT,S,S_SV,"2021-01-21 12:30:02",1418,1406,11,1,397,385,11,1,1544,1147,374,7,0,16,45,10,12,44,192,5,28,3,1,1,17
5,BIHOR,"ŞCOALA GIMNAZIALĂ ”IOAN SLAVICI”",13,"MUNICIPIUL ORADEA",26564,2,PART,PRCNCT,S,S_SV,"2021-01-21 12:30:02",1486,1462,24,0,377,353,24,0,1616,1239,368,5,4,32,38,7,11,35,138,7,80,5,4,0,11
5,BIHOR,"ŞCOALA GIMNAZIALĂ ”IOAN SLAVICI”",14,"MUNICIPIUL ORADEA",26564,1,PROV,PRCNCT,S,S_SV,"2021-01-21 12:30:02",821,806,9,6,228,213,9,6,887,659,223,5,0,15,32,6,14,25,84,1,19,0,2,2,23
5,BIHOR,"GRĂDINIŢA CU PROGRAM PRELUNGIT NR.25",15,"MUNICIPIUL ORADEA",26564,1,PROV,PRCNCT,S,S_SV,"2021-01-21 12:30:02",770,758,12,0,232,220,12,0,827,595,231,1,0,45,47,2,8,21,77,0,18,3,2,1,7
5,BIHOR,"GRĂDINIŢA CU PROGRAM PRELUNGIT NR.25",16,"MUNICIPIUL ORADEA",26564,1,PROV,PRCNCT,S,S_SV,"2021-01-21 12:30:02",1104,1087,17,0,258,241,17,0,1192,934,252,5,1,47,39,5,5,26,96,0,29,0,1,0,4
5,BIHOR,"ŞCOALA GIMNAZIALĂ ”DIMITRIE CANTEMIR”",17,"MUNICIPIUL ORADEA",26564,1,PROV,PRCNCT,S,S_SV,"2021-01-21 12:30:02",1138,1102,30,6,428,392,30,6,1219,791,428,0,0,76,71,5,13,44,183,5,26,0,1,1,3
5,BIHOR,"ŞCOALA GIMNAZIALĂ ”DIMITRIE CANTEMIR”",18,"MUNICIPIUL ORADEA",26564,1,PROV,PRCNCT,S,S_SV,"2021-01-21 12:30:02",1075,1056,19,0,418,399,19,0,1163,745,417,1,0,46,78,5,21,45,195,3,16,0,3,1,4
5,BIHOR,"ŞCOALA GIMNAZIALĂ ”DIMITRIE CANTEMIR”",19,"MUNICIPIUL ORADEA",26564,1,PROV,PRCNCT,S,S_SV,"2021-01-21 12:30:02",1529,1508,13,8,549,528,13,8,1659,1110,539,7,3,119,74,14,7,59,230,1,20,5,5,1,4
5,BIHOR,"ŞCOALA GIMNAZIALĂ ”DIMITRIE CANTEMIR”",20,"MUNICIPIUL ORADEA",26564,1,PROV,PRCNCT,S,S_SV,"2021-01-21 12:30:02",1811,1779,32,0,622,590,32,0,1956,1334,609,12,1,75,112,9,23,53,262,6,46,2,2,0,19
5,BIHOR,"ŞCOALA GIMNAZIALĂ ”DIMITRIE CANTEMIR”",21,"MUNICIPIUL ORADEA",26564,1,PROV,PRCNCT,S,S_SV,"2021-01-21 12:30:02",1463,1448,15,0,423,408,15,0,1596,1173,416,5,2,52,63,9,18,50,182,8,28,0,2,0,4
5,BIHOR,"GRĂDINIŢA CU PROGRAM PRELUNGIT NR.24",22,"MUNICIPIUL ORADEA",26564,1,PROV,PRCNCT,S,S_SV,"2021-01-21 12:30:02",1412,1386,26,0,467,441,26,0,1532,1065,463,3,1,49,75,13,27,73,184,3,28,1,1,0,9
5,BIHOR,"COLEGIUL NAȚIONAL ”ONISIFOR GHIBU”",23,"MUNICIPIUL ORADEA",26564,1,PROV,PRCNCT,S,S_SV,"2021-01-21 12:30:02",1459,1437,20,2,415,393,20,2,1581,1166,408,5,2,46,47,8,12,82,166,3,22,1,3,4,14
5,BIHOR,"COLEGIUL NAȚIONAL ”ONISIFOR GHIBU”",24,"MUNICIPIUL ORADEA",26564,1,PROV,PRCNCT,S,S_SV,"2021-01-21 12:30:02",1479,1459,20,0,396,376,20,0,1613,1217,389,5,2,54,67,5,7,33,186,1,28,0,1,1,6
5,BIHOR,"COLEGIUL NAȚIONAL ”ONISIFOR GHIBU”",25,"MUNICIPIUL ORADEA",26564,1,PROV,PRCNCT,S,S_SV,"2021-01-21 12:30:02",1796,1775,19,2,432,411,19,2,1964,1532,428,4,0,67,74,7,21,47,174,7,27,0,2,1,1
5,BIHOR,"COLEGIUL NAȚIONAL ”ONISIFOR GHIBU”",26,"MUNICIPIUL ORADEA",26564,1,PROV,PRCNCT,S,S_SV,"2021-01-21 12:30:02",1660,1593,67,0,452,385,67,0,1757,1305,446,1,4,44,60,6,30,45,200,2,41,1,2,1,14
5,BIHOR,"COLEGIUL NAȚIONAL ”ONISIFOR GHIBU”",27,"MUNICIPIUL ORADEA",26564,1,PROV,PRCNCT,S,S_SV,"2021-01-21 12:30:02",1505,1462,43,0,413,370,43,0,1610,1197,409,3,1,53,73,7,13,46,180,4,17,3,1,0,12
5,BIHOR,"GRĂDINIȚA CU PROGRAM PRELUNGIT NR. 56",28,"MUNICIPIUL ORADEA",26564,2,PART,PRCNCT,S,S_SV,"2021-01-21 12:30:02",1456,1410,45,1,559,513,45,1,1539,980,553,5,1,29,85,15,17,89,260,3,36,0,1,1,17
5,BIHOR,"GRĂDINIȚA CU PROGRAM PRELUNGIT NR. 56",29,"MUNICIPIUL ORADEA",26564,1,PROV,PRCNCT,S,S_SV,"2021-01-21 12:30:02",1862,1837,22,3,634,609,22,3,2023,1389,626,8,0,33,108,13,26,64,306,5,44,2,2,1,22
5,BIHOR,"GRĂDINIȚA CU PROGRAM PRELUNGIT NR. 56",30,"MUNICIPIUL ORADEA",26564,1,PROV,PRCNCT,S,S_SV,"2021-01-21 12:30:02",1739,1719,17,3,501,481,17,3,1896,1395,495,2,4,36,91,10,19,61,226,4,29,2,4,4,9
5,BIHOR,"GRĂDINIȚA CU PROGRAM PRELUNGIT NR. 56",31,"MUNICIPIUL ORADEA",26564,1,PROV,PRCNCT,S,S_SV,"2021-01-21 12:30:02",1806,1788,18,0,557,539,18,0,1969,1412,550,4,3,52,100,4,26,71,216,10,44,4,6,3,14
5,BIHOR,"GRĂDINIȚA CU PROGRAM PRELUNGIT NR. 56",32,"MUNICIPIUL ORADEA",26564,1,PROV,PRCNCT,S,S_SV,"2021-01-21 12:30:02",1920,1907,13,0,595,582,13,0,2093,1498,587,6,2,47,114,13,29,61,247,6,41,2,4,2,21
5,BIHOR,"GRĂDINIŢA CU PROGRAM NORMAL NR.2",33,"MUNICIPIUL ORADEA",26564,1,PROV,PRCNCT,S,S_SV,"2021-01-21 12:30:02",1740,1690,50,0,600,550,50,0,1859,1259,596,3,1,65,117,8,16,65,256,8,45,1,1,1,13
5,BIHOR,"GRĂDINIŢA CU PROGRAM PRELUNGIT NR. 28",34,"MUNICIPIUL ORADEA",26564,1,PROV,PRCNCT,S,S_SV,"2021-01-21 12:30:02",1469,1444,23,2,439,414,23,2,1593,1154,435,3,1,49,84,9,9,64,180,3,23,0,8,0,6
5,BIHOR,"CREȘA NR. 3 ”SCUFIȚA ROȘIE”",35,"MUNICIPIUL ORADEA",26564,1,PROV,PRCNCT,S,S_SV,"2021-01-21 12:30:02",1564,1541,23,0,454,431,23,0,1694,1240,452,2,0,39,89,7,11,38,215,2,31,1,1,2,16
5,BIHOR,"CREȘA NR.13 ”LIZUCA ȘI PATROCLE”",36,"MUNICIPIUL ORADEA",26564,1,PROV,PRCNCT,S,S_SV,"2021-01-21 12:30:02",1508,1486,20,2,505,483,20,2,1635,1130,498,5,2,52,96,10,26,61,219,1,27,0,0,0,6
5,BIHOR,"CREȘA NR.13 ”LIZUCA ȘI PATROCLE”",37,"MUNICIPIUL ORADEA",26564,1,PROV,PRCNCT,S,S_SV,"2021-01-21 12:30:02",1502,1463,35,4,480,441,35,4,1617,1137,475,2,3,50,92,13,21,51,194,2,43,1,5,1,2
5,BIHOR,"GRĂDINIŢA CU PROGRAM PRELUNGIT NR.46",38,"MUNICIPIUL ORADEA",26564,1,PROV,PRCNCT,S,S_SV,"2021-01-21 12:30:02",758,738,20,0,236,216,20,0,814,578,235,0,1,36,43,5,8,34,83,4,18,1,1,0,2
5,BIHOR,"GRĂDINIŢA CU PROGRAM PRELUNGIT NR.46",39,"MUNICIPIUL ORADEA",26564,1,PROV,PRCNCT,S,S_SV,"2021-01-21 12:30:02",1138,1123,15,0,278,263,15,0,1239,961,271,6,1,48,50,7,17,25,81,2,33,3,1,1,3
5,BIHOR,"ŞCOALA GIMNAZIALĂ ”NICOLAE BĂLCESCU”",40,"MUNICIPIUL ORADEA",26564,1,PROV,PRCNCT,S,S_SV,"2021-01-21 12:30:02",1123,1112,10,1,423,412,10,1,1224,801,422,1,0,90,64,14,11,46,172,2,19,0,2,1,1
5,BIHOR,"ŞCOALA GIMNAZIALĂ ”NICOLAE BĂLCESCU”",41,"MUNICIPIUL ORADEA",26564,1,PROV,PRCNCT,S,S_SV,"2021-01-21 12:30:02",959,939,20,0,271,251,20,0,1037,766,265,6,0,60,45,3,5,31,92,1,20,3,0,1,4
5,BIHOR,"ŞCOALA GIMNAZIALĂ",42,"MUNICIPIUL ORADEA",26564,1,PROV,PRCNCT,S,S_SV,"2021-01-21 12:30:02",777,760,17,0,274,257,17,0,835,561,273,1,0,76,35,3,6,39,105,2,7,0,0,0,0
5,BIHOR,"GRĂDINIŢA CU PROGRAM PRELUNGIT NR.53",43,"MUNICIPIUL ORADEA",26564,1,PROV,PRCNCT,S,S_SV,"2021-01-21 12:30:02",890,857,33,0,267,234,33,0,939,672,266,0,1,78,36,2,7,24,89,2,21,1,4,0,2
5,BIHOR,"GRĂDINIŢA CU PROGRAM PRELUNGIT NR.53",44,"MUNICIPIUL ORADEA",26564,1,PROV,PRCNCT,S,S_SV,"2021-01-21 12:30:02",855,838,15,2,296,279,15,2,926,630,293,3,0,70,55,5,9,24,93,3,23,1,4,1,5
5,BIHOR,"GRĂDINIŢA CU PROGRAM PRELUNGIT NR.52",45,"MUNICIPIUL ORADEA",26564,1,PROV,PRCNCT,S,S_SV,"2021-01-21 12:30:02",877,850,26,1,198,171,26,1,939,741,193,2,3,38,37,2,8,18,63,0,15,2,3,1,6
5,BIHOR,"GRĂDINIŢA CU PROGRAM PRELUNGIT NR.52",46,"MUNICIPIUL ORADEA",26564,1,PROV,PRCNCT,S,S_SV,"2021-01-21 12:30:02",1343,1327,16,0,362,346,16,0,1469,1107,360,2,0,104,53,6,10,35,118,4,20,2,3,1,4
5,BIHOR,"GRĂDINIŢA CU PROGRAM PRELUNGIT NR.52",47,"MUNICIPIUL ORADEA",26564,1,PROV,PRCNCT,S,S_SV,"2021-01-21 12:30:02",1065,1051,13,1,262,248,13,1,1167,905,258,4,0,66,39,7,13,24,83,3,22,0,0,0,1
5,BIHOR,"ŞCOALA GIMNAZIALĂ NR.16",48,"MUNICIPIUL ORADEA",26564,1,PROV,PRCNCT,S,S_SV,"2021-01-21 12:30:02",1035,1028,7,0,358,351,7,0,1133,775,354,4,0,70,45,12,11,43,148,10,14,0,0,0,1
5,BIHOR,"ŞCOALA GIMNAZIALĂ NR.16",49,"MUNICIPIUL ORADEA",26564,1,PROV,PRCNCT,S,S_SV,"2021-01-21 12:30:02",828,816,11,1,223,211,11,1,899,676,221,2,0,29,42,7,10,16,90,0,24,2,0,1,0
5,BIHOR,"ŞCOALA GIMNAZIALĂ NR.16",50,"MUNICIPIUL ORADEA",26564,1,PROV,PRCNCT,S,S_SV,"2021-01-21 12:30:02",1011,994,16,1,316,299,16,1,1093,777,311,3,2,87,46,2,13,28,106,0,18,2,5,1,3
5,BIHOR,"ŞCOALA GIMNAZIALĂ NR.16",51,"MUNICIPIUL ORADEA",26564,1,PROV,PRCNCT,S,S_SV,"2021-01-21 12:30:02",1469,1432,34,3,420,383,34,3,1575,1155,408,9,3,78,51,8,16,54,163,3,27,0,4,0,4
5,BIHOR,"LICEUL TEORETIC ”LUCIAN BLAGA”",52,"MUNICIPIUL ORADEA",26564,1,PROV,PRCNCT,S,S_SV,"2021-01-21 12:30:02",1279,1248,27,4,412,381,27,4,1378,966,407,4,1,87,63,6,10,54,139,6,32,0,2,0,8
5,BIHOR,"LICEUL TEORETIC ”LUCIAN BLAGA”",53,"MUNICIPIUL ORADEA",26564,1,PROV,PRCNCT,S,S_SV,"2021-01-21 12:30:02",1629,1604,25,0,476,451,25,0,1771,1295,469,5,2,93,73,11,11,54,174,2,23,4,5,2,17
5,BIHOR,"LICEUL TEORETIC ”LUCIAN BLAGA”",54,"MUNICIPIUL ORADEA",26564,2,PART,PRCNCT,S,S_SV,"2021-01-21 12:30:02",1370,1347,15,8,403,380,15,8,1481,1078,391,10,2,53,61,4,19,51,170,3,24,1,3,2,0
5,BIHOR,"LICEUL TEORETIC ”LUCIAN BLAGA”",55,"MUNICIPIUL ORADEA",26564,1,PROV,PRCNCT,S,S_SV,"2021-01-21 12:30:02",1486,1467,16,3,376,359,15,2,1614,1238,369,4,3,101,64,3,19,31,114,5,22,1,3,1,5
5,BIHOR,"GRĂDINIŢA CU PROGRAM NORMAL NR.17",56,"MUNICIPIUL ORADEA",26564,1,PROV,PRCNCT,S,S_SV,"2021-01-21 12:30:02",1626,1590,33,3,593,557,33,3,1749,1156,587,4,2,120,76,10,11,80,229,3,35,1,7,2,13
5,BIHOR,"GRĂDINIŢA CU PROGRAM PRELUNGIT NR.20",57,"MUNICIPIUL ORADEA",26564,1,PROV,PRCNCT,S,S_SV,"2021-01-21 12:30:02",1444,1414,30,0,402,372,30,0,1555,1153,397,5,0,80,58,7,9,43,154,5,26,1,0,2,12
5,BIHOR,"LICEUL ORTODOX ”EPISCOP ROMAN CIOROGARIU”",58,"MUNICIPIUL ORADEA",26564,1,PROV,PRCNCT,S,S_SV,"2021-01-21 12:30:02",864,811,53,0,273,220,53,0,894,621,267,5,1,61,37,2,6,29,95,3,29,0,0,1,4
5,BIHOR,"LICEUL ORTODOX ”EPISCOP ROMAN CIOROGARIU”",59,"MUNICIPIUL ORADEA",26564,1,PROV,PRCNCT,S,S_SV,"2021-01-21 12:30:02",880,863,17,0,332,315,17,0,952,620,326,2,4,71,64,1,17,29,110,4,21,0,3,2,4
5,BIHOR,"LICEUL ORTODOX ”EPISCOP ROMAN CIOROGARIU”",60,"MUNICIPIUL ORADEA",26564,1,PROV,PRCNCT,S,S_SV,"2021-01-21 12:30:02",895,880,13,2,279,264,13,2,968,689,275,4,0,48,45,4,7,29,119,1,18,2,1,1,0
5,BIHOR,"LICEUL ORTODOX ”EPISCOP ROMAN CIOROGARIU”",61,"MUNICIPIUL ORADEA",26564,1,PROV,PRCNCT,S,S_SV,"2021-01-21 12:30:02",1235,1217,18,0,420,402,18,0,1343,923,416,2,2,78,52,7,18,39,188,5,18,0,1,0,10
5,BIHOR,"LICEUL ORTODOX ”EPISCOP ROMAN CIOROGARIU”",62,"MUNICIPIUL ORADEA",26564,3,PART,PRCNCT,S,S_SV,"2021-01-21 12:30:02",1465,1445,16,4,477,461,12,4,1586,1109,456,3,2,100,56,4,20,61,183,3,23,0,1,0,5
5,BIHOR,"LICEUL ORTODOX ”EPISCOP ROMAN CIOROGARIU”",63,"MUNICIPIUL ORADEA",26564,2,PART,PRCNCT,S,S_SV,"2021-01-21 12:30:02",1306,1290,15,1,463,447,15,1,1419,956,462,1,0,121,72,6,9,68,161,1,19,3,1,0,1
5,BIHOR,"GRĂDINIŢA CU PROGRAM PRELUNGIT NR. 54",64,"MUNICIPIUL ORADEA",26564,2,PART,PRCNCT,S,S_SV,"2021-01-21 12:30:02",1026,1007,14,5,344,325,14,5,1108,764,344,0,0,38,71,1,9,60,140,4,15,2,3,0,1
5,BIHOR,"GRĂDINIŢA CU PROGRAM PRELUNGIT NR. 54",65,"MUNICIPIUL ORADEA",26564,1,PROV,PRCNCT,S,S_SV,"2021-01-21 12:30:02",1028,996,30,2,365,333,30,2,1095,730,355,7,3,59,52,8,7,58,129,5,25,2,1,2,7
5,BIHOR,"ŞCOALA GIMNAZIALĂ ”DACIA”",66,"MUNICIPIUL ORADEA",26564,1,PROV,PRCNCT,S,S_SV,"2021-01-21 12:30:02",1244,1195,33,16,451,406,29,16,1317,866,450,1,0,81,88,6,9,43,170,3,31,6,3,0,10
5,BIHOR,"ŞCOALA GIMNAZIALĂ ”DACIA”",67,"MUNICIPIUL ORADEA",26564,4,PART,PRCNCT,S,S_SV,"2021-01-21 12:30:02",1419,1397,22,0,410,388,22,0,1543,1133,404,6,0,59,72,14,14,40,156,1,31,2,5,1,9
5,BIHOR,"ŞCOALA GIMNAZIALĂ ”DACIA”",68,"MUNICIPIUL ORADEA",26564,1,PROV,PRCNCT,S,S_SV,"2021-01-21 12:30:02",1103,1088,15,0,398,383,15,0,1201,803,398,0,0,66,70,6,10,54,171,3,8,2,2,1,5
5,BIHOR,"GRĂDINIŢA CU PROGRAM PRELUNGIT NR. 45",69,"MUNICIPIUL ORADEA",26564,1,PROV,PRCNCT,S,S_SV,"2021-01-21 12:30:02",1069,1031,38,0,372,334,38,0,1132,760,369,3,0,58,61,9,14,44,137,2,31,1,3,1,8
5,BIHOR,"GRĂDINIŢA CU PROGRAM PRELUNGIT NR. 45",70,"MUNICIPIUL ORADEA",26564,1,PROV,PRCNCT,S,S_SV,"2021-01-21 12:30:02",1371,1352,19,0,535,516,19,0,1489,954,530,4,1,65,93,2,10,73,240,4,36,1,3,0,3
5,BIHOR,"GRĂDINIŢA CU PROGRAM PRELUNGIT NR. 45",71,"MUNICIPIUL ORADEA",26564,1,PROV,PRCNCT,S,S_SV,"2021-01-21 12:30:02",1434,1418,16,0,447,431,16,0,1565,1118,444,1,2,74,64,4,19,57,197,1,19,3,4,1,1
5,BIHOR,"GRĂDINIŢA CU PROGRAM PRELUNGIT NR. 45",72,"MUNICIPIUL ORADEA",26564,1,PROV,PRCNCT,S,S_SV,"2021-01-21 12:30:02",1169,1154,10,5,425,410,10,5,1266,841,418,5,2,69,80,7,14,44,178,5,14,1,2,0,4
5,BIHOR,"LICEUL DE ARTE",73,"MUNICIPIUL ORADEA",26564,1,PROV,PRCNCT,S,S_SV,"2021-01-21 12:30:02",1660,1640,20,0,570,550,20,0,1819,1249,567,3,0,99,71,15,25,62,247,2,30,1,5,0,10
5,BIHOR,"LICEUL DE ARTE",74,"MUNICIPIUL ORADEA",26564,1,PROV,PRCNCT,S,S_SV,"2021-01-21 12:30:02",1524,1488,36,0,515,479,36,0,1643,1128,511,2,2,53,63,13,19,73,240,7,22,5,6,2,8
5,BIHOR,"LICEUL DE ARTE",75,"MUNICIPIUL ORADEA",26564,2,PART,PRCNCT,S,S_SV,"2021-01-21 12:30:02",1605,1580,22,3,574,549,22,3,1740,1166,571,3,0,85,84,13,14,82,266,2,19,0,1,0,5
5,BIHOR,"LICEUL DE ARTE",76,"MUNICIPIUL ORADEA",26564,1,PROV,PRCNCT,S,S_SV,"2021-01-21 12:30:02",1352,1329,17,6,394,371,17,6,1470,1076,393,1,0,83,61,9,9,52,142,3,22,0,0,2,10
5,BIHOR,"LICEUL DE ARTE",77,"MUNICIPIUL ORADEA",26564,2,PART,PRCNCT,S,S_SV,"2021-01-21 12:30:02",1344,1326,15,3,407,389,15,3,1463,1055,405,0,2,112,55,8,7,40,150,4,21,3,3,1,1
5,BIHOR,"LICEUL DE ARTE",78,"MUNICIPIUL ORADEA",26564,1,PROV,PRCNCT,S,S_SV,"2021-01-21 12:30:02",1485,1469,15,1,476,460,15,1,1627,1151,472,4,0,67,72,7,18,58,213,1,20,3,6,0,7
5,BIHOR,"LICEUL DE ARTE",79,"MUNICIPIUL ORADEA",26564,1,PROV,PRCNCT,S,S_SV,"2021-01-21 12:30:02",1076,1044,29,3,372,340,29,3,1152,780,369,2,1,113,37,5,13,47,124,1,19,2,4,3,1
5,BIHOR,"ORĂŞELUL COPIILOR",80,"MUNICIPIUL ORADEA",26564,1,PROV,PRCNCT,S,S_SV,"2021-01-21 12:30:02",1616,1526,19,71,605,515,19,71,1681,1076,599,3,3,131,96,9,16,74,213,5,27,6,6,6,10
5,BIHOR,"GRĂDINIŢA CU PROGRAM NORMAL NR. 15",81,"MUNICIPIUL ORADEA",26564,1,PROV,PRCNCT,S,S_SV,"2021-01-21 12:30:02",2048,2019,19,10,660,631,19,10,2214,1554,651,5,4,343,46,3,11,48,125,6,40,4,4,6,15
5,BIHOR,"ŞCOALA GIMNAZIALĂ ”JUHASZ GYULA”",82,"MUNICIPIUL ORADEA",26564,2,PART,PRCNCT,S,S_SV,"2021-01-21 12:30:02",1070,1055,14,1,393,378,14,1,1162,769,391,2,0,178,28,2,6,41,110,1,15,0,2,0,8
5,BIHOR,"ŞCOALA GIMNAZIALĂ ”JUHASZ GYULA”",83,"MUNICIPIUL ORADEA",26564,1,PROV,PRCNCT,S,S_SV,"2021-01-21 12:30:02",1100,1085,10,5,317,302,10,5,1195,878,310,6,1,172,11,4,5,22,72,0,20,0,0,0,4
5,BIHOR,"GRĂDINIȚA CU PROGRAM PRELUNGIT NR.42",84,"MUNICIPIUL ORADEA",26564,1,PROV,PRCNCT,S,S_SV,"2021-01-21 12:30:02",1557,1536,19,2,501,480,19,2,1693,1192,495,5,1,93,71,9,13,51,206,4,37,1,4,1,5
5,BIHOR,"GRĂDINIȚA CU PROGRAM PRELUNGIT NR.42",85,"MUNICIPIUL ORADEA",26564,1,PROV,PRCNCT,S,S_SV,"2021-01-21 12:30:02",885,872,13,0,286,273,13,0,961,675,285,1,0,57,75,3,8,20,83,1,30,3,1,3,1
5,BIHOR,"GRĂDINIȚA CU PROGRAM PRELUNGIT NR.42",86,"MUNICIPIUL ORADEA",26564,2,PART,PRCNCT,S,S_SV,"2021-01-21 12:30:02",1493,1473,20,0,490,470,20,0,1624,1134,488,1,1,87,52,8,6,79,222,1,29,1,2,1,0
5,BIHOR,"ŞCOALA GIMNAZIALĂ ”OCTAVIAN GOGA”",87,"MUNICIPIUL ORADEA",26564,1,PROV,PRCNCT,S,S_SV,"2021-01-21 12:30:02",1367,1347,19,1,447,427,19,1,1483,1036,444,1,2,56,82,10,13,45,181,7,32,0,1,4,13
5,BIHOR,"ŞCOALA GIMNAZIALĂ ”OCTAVIAN GOGA”",88,"MUNICIPIUL ORADEA",26564,1,PROV,PRCNCT,S,S_SV,"2021-01-21 12:30:02",1115,1102,13,0,334,321,13,0,1209,875,331,2,1,39,61,6,9,35,150,2,19,3,3,0,4
5,BIHOR,"ŞCOALA GIMNAZIALĂ ”OCTAVIAN GOGA”",89,"MUNICIPIUL ORADEA",26564,1,PROV,PRCNCT,S,S_SV,"2021-01-21 12:30:02",884,867,17,0,307,290,17,0,957,650,305,2,0,42,64,5,4,37,112,3,24,3,2,0,9
5,BIHOR,"COLEGIUL TEHNIC ”CONSTANTIN BRÂNCUȘI”",90,"MUNICIPIUL ORADEA",26564,1,PROV,PRCNCT,S,S_SV,"2021-01-21 12:30:02",1594,1555,39,0,476,437,39,0,1709,1233,470,6,0,64,94,5,25,51,169,5,40,5,4,2,6
5,BIHOR,"COLEGIUL TEHNIC ”CONSTANTIN BRÂNCUȘI”",91,"MUNICIPIUL ORADEA",26564,1,PROV,PRCNCT,S,S_SV,"2021-01-21 12:30:02",1558,1544,14,0,460,446,14,0,1701,1241,453,3,4,58,79,4,25,50,157,11,46,4,5,2,12
5,BIHOR,"GRĂDINIŢA CU PROGRAM PRELUNGIT NR. 55",92,"MUNICIPIUL ORADEA",26564,2,PART,PRCNCT,S,S_SV,"2021-01-21 12:30:02",1155,1139,15,1,453,437,15,1,1252,799,451,2,0,34,85,6,7,51,229,5,24,5,2,0,3
5,BIHOR,"FUNDAŢIA DE SCLEROZĂ MULTIPLĂ",93,"MUNICIPIUL ORADEA",26564,1,PROV,PRCNCT,S,S_SV,"2021-01-21 12:30:02",1136,1105,27,4,336,305,27,4,1220,884,332,1,3,30,59,9,14,35,150,3,22,1,4,1,4
5,BIHOR,"FUNDAŢIA DE SCLEROZĂ MULTIPLĂ",94,"MUNICIPIUL ORADEA",26564,1,PROV,PRCNCT,S,S_SV,"2021-01-21 12:30:02",1269,1257,12,0,315,303,12,0,1383,1068,305,9,1,57,63,5,7,18,112,1,30,0,3,3,6
5,BIHOR,"GRĂDINIŢA CU PROGRAM PRELUNGIT NR. 35",95,"MUNICIPIUL ORADEA",26564,1,PROV,PRCNCT,S,S_SV,"2021-01-21 12:30:02",1161,1127,34,0,353,319,34,0,1242,889,350,2,1,69,62,2,7,35,126,4,32,4,2,0,7
5,BIHOR,"GRĂDINIŢA CU PROGRAM PRELUNGIT NR. 35",96,"MUNICIPIUL ORADEA",26564,1,PROV,PRCNCT,S,S_SV,"2021-01-21 12:30:02",1025,999,26,0,344,318,26,0,1101,757,343,1,0,70,58,3,16,34,137,3,11,5,6,0,0
5,BIHOR,"CENTRUL DE ÎNGRIJIRE DE ZI",97,"MUNICIPIUL ORADEA",26564,2,PART,PRCNCT,S,S_SV,"2021-01-21 12:30:02",1328,1309,18,1,431,412,18,1,1443,1012,423,7,1,58,60,3,13,41,196,3,21,3,11,2,12
5,BIHOR,"CENTRUL DE ÎNGRIJIRE DE ZI",98,"MUNICIPIUL ORADEA",26564,1,PROV,PRCNCT,S,S_SV,"2021-01-21 12:30:02",1211,1198,13,0,349,336,13,0,1324,975,348,1,0,71,64,10,15,20,134,0,23,1,4,1,5
5,BIHOR,"CENTRU ŞCOLAR PENTRU EDUCAŢIE INCLUZIVĂ ”ORIZONT”",99,"MUNICIPIUL ORADEA",26564,1,PROV,PRCNCT,S,S_SV,"2021-01-21 12:30:02",1375,1360,15,0,347,332,15,0,1502,1155,344,3,0,62,59,13,11,30,127,7,30,0,4,0,1
5,BIHOR,"ŞCOALA GIMNAZIALĂ NR. 11",100,"MUNICIPIUL ORADEA",26564,1,PROV,PRCNCT,S,S_SV,"2021-01-21 12:30:02",1093,1070,23,0,319,296,23,0,1181,862,313,5,1,61,51,3,12,37,116,4,18,4,1,1,5
5,BIHOR,"ŞCOALA GIMNAZIALĂ NR. 11",101,"MUNICIPIUL ORADEA",26564,1,PROV,PRCNCT,S,S_SV,"2021-01-21 12:30:02",1539,1530,9,0,441,432,9,0,1686,1245,432,7,2,114,69,7,21,40,131,6,27,4,3,1,9
5,BIHOR,"ŞCOALA GIMNAZIALĂ NR. 11",102,"MUNICIPIUL ORADEA",26564,1,PROV,PRCNCT,S,S_SV,"2021-01-21 12:30:02",1226,1212,12,2,356,342,12,2,1339,983,350,4,2,73,64,4,15,40,129,2,18,0,4,0,1
5,BIHOR,"ŞCOALA GIMNAZIALĂ NR. 11",103,"MUNICIPIUL ORADEA",26564,1,PROV,PRCNCT,S,S_SV,"2021-01-21 12:30:02",1030,1014,14,2,268,252,14,2,1117,849,264,3,1,59,42,4,13,30,92,1,17,2,0,2,2
5,BIHOR,"ŞCOALA GIMNAZIALĂ NR. 11",104,"MUNICIPIUL ORADEA",26564,1,PROV,PRCNCT,S,S_SV,"2021-01-21 12:30:02",1494,1444,50,0,481,431,50,0,1591,1110,476,5,0,74,92,4,15,62,185,6,30,2,4,0,2
5,BIHOR,"ŞCOALA GIMNAZIALĂ NR. 11",105,"MUNICIPIUL ORADEA",26564,1,PROV,PRCNCT,S,S_SV,"2021-01-21 12:30:02",1305,1284,19,2,427,406,19,2,1412,985,422,4,1,59,71,8,9,45,195,3,20,5,4,1,2
5,BIHOR,"ŞCOALA GIMNAZIALĂ NR. 11",106,"MUNICIPIUL ORADEA",26564,1,PROV,PRCNCT,S,S_SV,"2021-01-21 12:30:02",812,802,10,0,262,252,10,0,883,621,260,2,0,35,37,10,9,39,105,1,15,0,0,1,8
5,BIHOR,"ŞCOALA GIMNAZIALĂ NR. 11",107,"MUNICIPIUL ORADEA",26564,2,PART,PRCNCT,S,S_SV,"2021-01-21 12:30:02",1360,1347,9,4,418,405,9,4,1488,1070,412,5,1,75,70,11,9,50,160,6,16,4,1,0,10
5,BIHOR,"GRĂDINIŢA CU PROGRAM PRELUNGIT NR. 41",108,"MUNICIPIUL ORADEA",26564,1,PROV,PRCNCT,S,S_SV,"2021-01-21 12:30:02",1718,1702,16,0,514,498,16,0,1874,1360,508,6,0,94,76,8,17,48,211,5,30,3,9,6,1
5,BIHOR,"GRĂDINIŢA CU PROGRAM PRELUNGIT NR. 41",109,"MUNICIPIUL ORADEA",26564,1,PROV,PRCNCT,S,S_SV,"2021-01-21 12:30:02",1676,1654,16,6,541,519,16,6,1828,1287,536,2,3,87,81,14,18,62,214,7,29,4,3,4,13
5,BIHOR,"ŞCOALA GIMNAZIALĂ ”ION BOGDAN”",110,"MUNICIPIUL ORADEA",26564,1,PROV,PRCNCT,S,S_SV,"2021-01-21 12:30:02",1259,1240,19,0,500,481,19,0,1350,850,491,8,1,63,63,18,20,56,214,6,31,3,0,0,17
5,BIHOR,"ŞCOALA GIMNAZIALĂ ”ION BOGDAN”",111,"MUNICIPIUL ORADEA",26564,1,PROV,PRCNCT,S,S_SV,"2021-01-21 12:30:02",1402,1383,18,1,499,480,18,1,1519,1020,494,2,3,67,77,8,20,51,201,3,38,2,2,0,25
5,BIHOR,"ŞCOALA GIMNAZIALĂ ”ION BOGDAN”",112,"MUNICIPIUL ORADEA",26564,2,PART,PRCNCT,S,S_SV,"2021-01-21 12:30:02",1455,1433,20,2,682,660,20,2,1577,895,675,7,0,55,92,24,20,80,329,7,40,0,2,1,25
5,BIHOR,"GRĂDINIȚA CU PROGRAM PRELUNGIT NR.5",113,"MUNICIPIUL ORADEA",26564,1,PROV,PRCNCT,S,S_SV,"2021-01-21 12:30:02",1259,1228,13,18,510,479,13,18,1349,839,503,7,0,105,54,10,11,65,202,7,27,0,3,0,19
5,BIHOR,"GRĂDINIȚA CU PROGRAM PRELUNGIT NR.5",114,"MUNICIPIUL ORADEA",26564,1,PROV,PRCNCT,S,S_SV,"2021-01-21 12:30:02",1613,1594,19,0,556,537,19,0,1755,1199,553,2,1,157,64,9,14,52,197,5,27,1,4,5,18
5,BIHOR,"LICEUL ORTODOX ” EPISCOP ROMAN CIOROGARIU ”",115,"MUNICIPIUL ORADEA",26564,1,PROV,PRCNCT,S,S_SV,"2021-01-21 12:30:02",1117,1078,18,21,389,352,18,19,1181,792,383,2,4,81,52,5,10,44,168,4,13,1,2,0,3
5,BIHOR,"LICEUL ORTODOX ” EPISCOP ROMAN CIOROGARIU ”",116,"MUNICIPIUL ORADEA",26564,1,PROV,PRCNCT,S,S_SV,"2021-01-21 12:30:02",1848,1833,14,1,730,715,14,1,2019,1289,727,2,1,134,88,15,26,111,309,6,20,0,6,0,12
5,BIHOR,"GRĂDINIŢA CU PROGRAM NORMAL NR. 16",117,"MUNICIPIUL ORADEA",26564,1,PROV,PRCNCT,S,S_SV,"2021-01-21 12:30:02",1949,1908,38,3,768,727,38,3,2096,1328,764,0,4,147,93,16,19,89,317,8,36,4,14,1,20
5,BIHOR,"UNIVERSITATEA DIN ORADEA FACULTATEA DE TEXTILE-PIELĂRIE",118,"MUNICIPIUL ORADEA",26564,1,PROV,PRCNCT,S,S_SV,"2021-01-21 12:30:02",1167,1097,25,45,441,371,25,45,1210,769,440,0,1,120,72,5,11,41,166,3,13,2,1,1,5
5,BIHOR,"UNIVERSITATEA DIN ORADEA FACULTATEA DE TEXTILE-PIELĂRIE",119,"MUNICIPIUL ORADEA",26564,1,PROV,PRCNCT,S,S_SV,"2021-01-21 12:30:02",1056,1024,24,8,385,353,24,8,1024,639,385,0,0,62,72,9,15,43,167,2,9,0,2,2,2
5,BIHOR,"PALATUL COPIILOR ŞI ELEVILOR",120,"MUNICIPIUL ORADEA",26564,1,PROV,PRCNCT,S,S_SV,"2021-01-21 12:30:02",1509,1466,31,12,527,486,31,10,1629,1102,517,10,0,116,79,7,13,66,197,2,28,0,5,0,4
5,BIHOR,"COLEGIUL NAŢIONAL ”MIHAI EMINESCU”",121,"MUNICIPIUL ORADEA",26564,1,PROV,PRCNCT,S,S_SV,"2021-01-21 12:30:02",1158,1131,23,4,366,339,23,4,1242,876,358,8,0,123,32,6,9,51,112,3,15,2,5,0,0
5,BIHOR,"ŞCOALA GIMNAZIALĂ ”SZACSVAY IMRE”",122,"MUNICIPIUL ORADEA",26564,1,PROV,PRCNCT,S,S_SV,"2021-01-21 12:30:02",1356,1322,22,12,530,496,22,12,1454,924,524,3,3,107,83,11,14,73,198,5,14,5,5,3,6
5,BIHOR,"LICEUL TEORETIC ”ADY ENDRE”",123,"MUNICIPIUL ORADEA",26564,1,PROV,PRCNCT,S,S_SV,"2021-01-21 12:30:02",1306,1272,34,0,433,399,34,0,1405,972,427,3,3,111,46,9,10,70,154,3,14,2,7,0,1
5,BIHOR,"LICEUL REFORMAT ”LORANTFFY ZSUZSANNA”",124,"MUNICIPIUL ORADEA",26564,1,PROV,PRCNCT,S,S_SV,"2021-01-21 12:30:02",1618,1435,35,148,647,464,35,148,1585,938,630,9,8,115,158,11,18,62,213,4,30,6,2,6,5
5,BIHOR,"COLEGIUL NAŢIONAL ”EMANUIL GOJDU”",125,"MUNICIPIUL ORADEA",26564,2,PART,PRCNCT,S,S_SV,"2021-01-21 12:30:02",805,785,20,0,254,234,20,0,868,614,251,2,1,51,41,3,6,38,95,2,12,2,0,0,1
5,BIHOR,"COLEGIUL NAŢIONAL ”EMANUIL GOJDU”",126,"MUNICIPIUL ORADEA",26564,1,PROV,PRCNCT,S,S_SV,"2021-01-21 12:30:02",805,770,29,6,306,271,29,6,847,541,300,3,3,49,53,10,13,45,117,1,8,1,3,0,0
5,BIHOR,"LICEUL TEORETIC ”AUREL LAZĂR”",127,"MUNICIPIUL ORADEA",26564,1,PROV,PRCNCT,S,S_SV,"2021-01-21 12:30:02",1205,1176,29,0,303,274,29,0,1298,995,301,1,1,60,40,6,10,47,105,4,17,1,2,1,8
5,BIHOR,"LICEUL GRECO-CATOLIC ”IULIU MANIU”",128,"MUNICIPIUL ORADEA",26564,2,PART,PRCNCT,S,S_SV,"2021-01-21 12:30:02",1100,1078,22,0,285,263,22,0,1194,909,277,8,0,82,39,4,2,25,102,1,13,3,3,1,2
5,BIHOR,"LICEUL GRECO-CATOLIC ”IULIU MANIU”",129,"MUNICIPIUL ORADEA",26564,2,PART,PRCNCT,S,S_SV,"2021-01-21 12:30:02",1099,1074,22,3,328,303,22,3,1184,856,324,3,1,73,45,7,17,31,127,1,16,0,3,1,3
5,BIHOR,"COLEGIUL NAŢIONAL ”IOSIF VULCAN”",130,"MUNICIPIUL ORADEA",26564,2,PART,PRCNCT,S,S_SV,"2021-01-21 12:30:02",815,797,17,1,252,234,17,1,879,627,248,1,3,64,15,5,7,23,109,0,15,1,5,2,2
5,BIHOR,"COLEGIUL NAŢIONAL ”IOSIF VULCAN”",131,"MUNICIPIUL ORADEA",26564,1,PROV,PRCNCT,S,S_SV,"2021-01-21 12:30:02",965,943,21,1,276,254,21,1,1040,764,273,2,1,89,48,3,13,24,73,0,14,3,3,0,3
5,BIHOR,"COLEGIUL NAȚIONAL ”IOSIF VULCAN”",132,"MUNICIPIUL ORADEA",26564,1,PROV,PRCNCT,S,S_SV,"2021-01-21 12:30:02",1803,1759,40,4,602,558,40,4,1933,1331,593,7,2,69,74,10,29,76,270,2,36,4,5,2,16
5,BIHOR,"COLEGIUL NAȚIONAL ”IOSIF VULCAN”",133,"MUNICIPIUL ORADEA",26564,1,PROV,PRCNCT,S,S_SV,"2021-01-21 12:30:02",1327,1295,29,3,490,458,29,3,1423,933,486,3,1,40,82,6,14,53,244,2,27,3,6,1,8
5,BIHOR,"COLEGIUL NAȚIONAL ”IOSIF VULCAN”",134,"MUNICIPIUL ORADEA",26564,1,PROV,PRCNCT,S,S_SV,"2021-01-21 12:30:02",1143,1124,19,0,365,346,19,0,1241,876,364,1,0,28,64,7,9,40,175,4,23,4,2,0,8
5,BIHOR,"COLEGIUL NAȚIONAL ”IOSIF VULCAN”",135,"MUNICIPIUL ORADEA",26564,1,PROV,PRCNCT,S,S_SV,"2021-01-21 12:30:02",1066,1052,14,0,329,315,14,0,1156,827,325,4,0,28,68,7,15,26,139,2,27,3,3,0,7
5,BIHOR,"LICEUL TEORETIC GERMAN ”FRIEDRICH SCHILLER”",136,"MUNICIPIUL ORADEA",26564,1,PROV,PRCNCT,S,S_SV,"2021-01-21 12:30:02",964,946,17,1,316,298,17,1,1046,730,308,8,0,86,35,7,9,49,89,1,25,1,1,0,5
5,BIHOR,"LICEUL TEORETIC GERMAN ”FRIEDRICH SCHILLER”",137,"MUNICIPIUL ORADEA",26564,1,PROV,PRCNCT,S,S_SV,"2021-01-21 12:30:02",1545,1523,20,2,483,461,20,2,1685,1202,477,5,1,130,62,11,10,50,175,7,23,2,2,0,5
5,BIHOR,"LICEUL TEORETIC GERMAN ”FRIEDRICH SCHILLER”",138,"MUNICIPIUL ORADEA",26564,1,PROV,PRCNCT,S,S_SV,"2021-01-21 12:30:02",1067,1041,26,0,320,294,26,0,1139,819,313,6,1,48,34,9,17,42,122,3,32,1,1,2,2
5,BIHOR,"LICEUL TEORETIC GERMAN ”FRIEDRICH SCHILLER”",139,"MUNICIPIUL ORADEA",26564,1,PROV,PRCNCT,S,S_SV,"2021-01-21 12:30:02",996,978,17,1,359,341,17,1,1082,723,355,4,0,60,52,6,15,45,147,1,14,1,8,1,5
5,BIHOR,"ŞCOALA GIMNAZIALĂ ”AVRAM IANCU”",140,"MUNICIPIUL ORADEA",26564,1,PROV,PRCNCT,S,S_SV,"2021-01-21 12:30:02",1145,1133,10,2,391,379,10,2,1245,854,382,5,4,12,58,8,17,39,194,2,24,4,4,1,19
5,BIHOR,"ŞCOALA GIMNAZIALĂ ”AVRAM IANCU”",141,"MUNICIPIUL ORADEA",26564,1,PROV,PRCNCT,S,S_SV,"2021-01-21 12:30:02",1453,1434,17,2,480,461,17,2,1583,1103,472,8,0,41,81,10,27,63,198,1,31,4,4,1,11
5,BIHOR,"GRĂDINIŢA CU PROGRAM PRELUNGIT NR. 44",142,"MUNICIPIUL ORADEA",26564,2,PART,PRCNCT,S,S_SV,"2021-01-21 12:30:02",1214,1166,47,1,462,414,47,1,1286,824,456,5,1,25,103,5,19,50,203,6,34,4,2,0,5
5,BIHOR,"GRĂDINIŢA CU PROGRAM PRELUNGIT NR. 44",143,"MUNICIPIUL ORADEA",26564,1,PROV,PRCNCT,S,S_SV,"2021-01-21 12:30:02",2048,2013,32,3,770,735,32,3,2202,1432,761,7,2,68,141,12,22,129,323,3,40,5,6,2,10
5,BIHOR,"IMPRIMERIA DE VEST",144,"MUNICIPIUL ORADEA",26564,1,PROV,PRCNCT,S,S_SV,"2021-01-21 12:30:02",1881,1826,54,1,711,656,54,1,2004,1293,701,8,2,55,109,16,27,77,341,3,43,7,11,1,11
5,BIHOR,"BLOCURILE ANL",145,"MUNICIPIUL ORADEA",26564,1,PROV,PRCNCT,S,S_SV,"2021-01-21 12:30:02",928,898,24,6,428,398,24,6,983,555,423,5,0,24,47,10,12,51,202,4,39,3,3,2,26
5,BIHOR,"PRIMĂRIA MUNICIPIULUI BEIUŞ",146,"MUNICIPIUL BEIUŞ",26804,2,PART,PRCNCT,S,S_SV,"2021-01-21 12:30:02",1449,1354,94,1,497,402,94,1,1494,997,490,6,1,13,99,11,27,47,240,4,36,5,2,3,3
5,BIHOR,"LICEUL PEDAGOGIC",147,"MUNICIPIUL BEIUŞ",26804,1,PROV,PRCNCT,S,S_SV,"2021-01-21 12:30:02",1300,1268,30,2,496,464,30,2,1392,896,493,2,1,29,100,10,22,57,225,7,37,2,0,0,4
5,BIHOR,"GRĂDINIŢA CU PROGRAM PRELUNGIT",148,"MUNICIPIUL BEIUŞ",26804,1,PROV,PRCNCT,S,S_SV,"2021-01-21 12:30:02",1236,1176,48,12,419,359,48,12,1299,880,413,6,0,17,101,10,31,36,166,6,32,2,5,3,4
5,BIHOR,"COLEGIUL TEHNIC ”IOAN CIORDAŞ”",149,"MUNICIPIUL BEIUŞ",26804,1,PROV,PRCNCT,S,S_SV,"2021-01-21 12:30:02",1222,1188,31,3,425,391,31,3,1311,886,419,5,1,49,104,10,19,51,110,7,53,6,6,0,4
5,BIHOR,"ŞCOALA GIMNAZIALĂ ”NICOLAE POPOVICIU”",150,"MUNICIPIUL BEIUŞ",26804,1,PROV,PRCNCT,S,S_SV,"2021-01-21 12:30:02",1500,1435,64,1,555,490,64,1,1585,1030,545,10,0,24,133,9,26,59,231,3,44,4,2,1,9
5,BIHOR,"GRĂDINIŢA ” FLOARE DE COLŢ”",151,"MUNICIPIUL BEIUŞ",26804,1,PROV,PRCNCT,S,S_SV,"2021-01-21 12:30:02",1270,1244,26,0,434,408,26,0,1370,937,429,4,0,26,119,10,24,42,143,2,42,3,6,4,8
5,BIHOR,"BLOC PARTER",152,"MUNICIPIUL BEIUŞ",26804,1,PROV,PRCNCT,S,S_SV,"2021-01-21 12:30:02",1199,1176,23,0,426,403,23,0,1296,870,415,6,5,20,90,10,36,40,154,7,47,6,1,1,3
5,BIHOR,"CĂMIN CULTURAL DELANI",153,"MUNICIPIUL BEIUŞ",26804,1,PROV,PRCNCT,S,S_SV,"2021-01-21 12:30:02",300,288,12,0,89,77,12,0,317,228,84,3,2,2,16,5,1,4,46,0,9,0,0,1,0
5,BIHOR,"COLEGIUL NAŢIONAL ”OCTAVIAN GOGA”",154,"MUNICIPIUL MARGHITA",26877,1,PROV,PRCNCT,S,S_SV,"2021-01-21 12:30:02",1547,1519,12,16,526,498,12,16,1674,1148,520,3,3,271,52,10,8,35,117,1,17,6,0,1,2
5,BIHOR,"COLEGIUL NAŢIONAL ”OCTAVIAN GOGA”",155,"MUNICIPIUL MARGHITA",26877,1,PROV,PRCNCT,S,S_SV,"2021-01-21 12:30:02",1525,1492,13,20,476,443,13,20,1645,1169,472,4,0,171,75,5,7,45,106,6,49,0,3,1,4
5,BIHOR,"COLEGIUL NAŢIONAL ”OCTAVIAN GOGA”",156,"MUNICIPIUL MARGHITA",26877,1,PROV,PRCNCT,S,S_SV,"2021-01-21 12:30:02",1290,1272,17,1,369,351,17,1,1406,1037,363,5,1,134,51,7,7,20,106,3,19,5,1,2,8
5,BIHOR,"COLEGIUL NAŢIONAL ”OCTAVIAN GOGA”",157,"MUNICIPIUL MARGHITA",26877,1,PROV,PRCNCT,S,S_SV,"2021-01-21 12:30:02",1206,1191,10,5,356,341,10,5,1313,957,349,6,1,129,53,2,5,20,97,0,36,0,2,3,2
5,BIHOR,"COLEGIUL NAŢIONAL ”OCTAVIAN GOGA”",158,"MUNICIPIUL MARGHITA",26877,1,PROV,PRCNCT,S,S_SV,"2021-01-21 12:30:02",1323,1315,5,3,355,347,5,3,1444,1089,352,3,0,123,49,3,12,31,87,3,33,3,1,0,7
5,BIHOR,"CASA DE CULTURĂ MARGHITA",159,"MUNICIPIUL MARGHITA",26877,1,PROV,PRCNCT,S,S_SV,"2021-01-21 12:30:02",1260,1234,23,3,364,338,23,3,1362,998,362,1,1,188,38,5,8,20,77,7,14,2,0,2,1
5,BIHOR,"CLUBUL COPIILOR",160,"MUNICIPIUL MARGHITA",26877,1,PROV,PRCNCT,S,S_SV,"2021-01-21 12:30:02",1314,1297,17,0,328,311,17,0,1426,1098,322,6,0,139,40,3,10,20,72,1,28,4,3,0,2
5,BIHOR,"LICEUL TEORETIC ”HORVÁTH JÁNOS”",161,"MUNICIPIUL MARGHITA",26877,2,PART,PRCNCT,S,S_SV,"2021-01-21 12:30:02",1366,1339,14,13,406,379,14,13,1480,1074,396,6,4,204,47,2,4,18,66,4,35,5,3,0,8
5,BIHOR,"GRĂDINIŢA CU PROGRAM PRELUNGIT NR.4",162,"MUNICIPIUL MARGHITA",26877,1,PROV,PRCNCT,S,S_SV,"2021-01-21 12:30:02",1041,1023,15,3,224,206,15,3,1128,904,217,5,2,85,20,1,3,6,41,0,52,2,0,4,3
5,BIHOR,"GRĂDINIŢA CU PROGRAM PRELUNGIT NR.4",163,"MUNICIPIUL MARGHITA",26877,1,PROV,PRCNCT,S,S_SV,"2021-01-21 12:30:02",1394,1368,19,7,450,424,19,7,1503,1053,440,7,3,244,30,6,11,28,76,1,29,2,3,1,9
5,BIHOR,"ŞCOALA CU CLASELE I-VIII CHEŢ",164,"MUNICIPIUL MARGHITA",26877,1,PROV,PRCNCT,S,S_SV,"2021-01-21 12:30:02",931,921,7,3,255,245,7,3,1016,761,238,10,7,124,28,2,1,1,23,2,46,4,2,2,3
5,BIHOR,"ŞCOALA CU CLASELE I-VIII GHENETEA",165,"MUNICIPIUL MARGHITA",26877,1,PROV,PRCNCT,S,S_SV,"2021-01-21 12:30:02",608,587,21,0,145,124,21,0,645,500,140,3,2,2,36,2,3,3,60,0,29,4,1,0,0
5,BIHOR,"FOSTUL MAGAZIN WAGNER",166,"MUNICIPIUL SALONTA",26975,2,PART,PRCNCT,S,S_SV,"2021-01-21 12:30:02",1489,1476,12,1,447,434,12,1,1626,1179,427,13,7,256,31,0,5,14,59,2,42,5,2,7,4
5,BIHOR,"GRĂDINIȚA FLOAREA SOARELUI",167,"MUNICIPIUL SALONTA",26975,2,PART,PRCNCT,S,S_SV,"2021-01-21 12:30:02",1558,1541,10,7,459,442,10,7,1694,1235,450,8,1,319,30,2,2,15,46,0,33,1,1,0,1
5,BIHOR,"LICEUL TEORETIC ARANY JANOS",168,"MUNICIPIUL SALONTA",26975,1,PROV,PRCNCT,S,S_SV,"2021-01-21 12:30:02",1174,1149,13,12,453,428,13,12,1267,814,446,6,1,318,26,0,8,22,60,1,9,1,1,0,0
5,BIHOR,"GRĂDINIȚA CURCUBEU",169,"MUNICIPIUL SALONTA",26975,1,PROV,PRCNCT,S,S_SV,"2021-01-21 12:30:02",825,813,12,0,300,288,12,0,899,599,295,2,3,202,20,1,2,13,19,1,30,1,3,3,0
5,BIHOR,"CASA DE CULTURĂ ZILAHY LAJOS",170,"MUNICIPIUL SALONTA",26975,1,PROV,PRCNCT,S,S_SV,"2021-01-21 12:30:02",1452,1422,27,3,436,406,27,3,1570,1134,434,2,0,234,59,5,9,33,51,1,38,0,3,0,1
5,BIHOR,"GRĂDINIȚA TOLDI",171,"MUNICIPIUL SALONTA",26975,1,PROV,PRCNCT,S,S_SV,"2021-01-21 12:30:02",1134,1109,25,0,343,318,25,0,1227,884,337,6,0,157,43,2,9,19,71,3,27,3,0,0,3
5,BIHOR,"COLEGIUL NAȚIONAL TEODOR NEŞ",172,"MUNICIPIUL SALONTA",26975,1,PROV,PRCNCT,S,S_SV,"2021-01-21 12:30:02",775,754,19,2,252,231,19,2,833,581,249,3,0,100,26,6,9,16,52,0,29,4,3,1,3
5,BIHOR,"GRĂDINIȚA URSULEȚ",173,"MUNICIPIUL SALONTA",26975,1,PROV,PRCNCT,S,S_SV,"2021-01-21 12:30:02",1318,1299,16,3,400,381,16,3,1430,1030,398,2,0,142,82,5,11,20,71,6,55,0,1,1,4
5,BIHOR,"GRĂDINIȚA URSULEȚ",174,"MUNICIPIUL SALONTA",26975,1,PROV,PRCNCT,S,S_SV,"2021-01-21 12:30:02",594,584,10,0,126,116,10,0,642,516,125,1,0,25,27,1,4,12,36,1,19,0,0,0,0
5,BIHOR,"CASA SFÂNTUL ANTON",175,"MUNICIPIUL SALONTA",26975,1,PROV,PRCNCT,S,S_SV,"2021-01-21 12:30:02",481,470,11,0,171,160,11,0,516,345,170,1,0,98,17,2,2,3,20,0,24,0,1,0,3
5,BIHOR,"ȘCOALA GENERALĂ",176,"MUNICIPIUL SALONTA",26975,1,PROV,PRCNCT,S,S_SV,"2021-01-21 12:30:02",1137,1121,15,1,313,297,15,1,1236,923,291,16,6,106,40,1,4,18,49,1,65,1,3,3,0
5,BIHOR,"GRĂDINIȚA FLUIERAȘUL FERMECAT",177,"MUNICIPIUL SALONTA",26975,1,PROV,PRCNCT,S,S_SV,"2021-01-21 12:30:02",1604,1590,13,1,525,511,13,1,1752,1227,521,1,3,284,57,7,10,36,86,4,25,1,5,0,6
5,BIHOR,"LICEUL TEHNOLOGIC NR.1",178,"MUNICIPIUL SALONTA",26975,1,PROV,PRCNCT,S,S_SV,"2021-01-21 12:30:02",832,815,17,0,286,269,17,0,900,614,282,3,1,80,72,2,3,20,76,0,23,3,1,1,1
5,BIHOR,"GRĂDINIȚA PRICHINDEL",179,"MUNICIPIUL SALONTA",26975,1,PROV,PRCNCT,S,S_SV,"2021-01-21 12:30:02",835,823,12,0,294,282,12,0,906,612,282,9,3,174,19,6,4,11,28,0,31,4,3,1,1
5,BIHOR,"ȘCOALA GENERALĂ FÜVESKERT",180,"MUNICIPIUL SALONTA",26975,1,PROV,PRCNCT,S,S_SV,"2021-01-21 12:30:02",777,771,6,0,240,234,6,0,849,609,233,6,1,48,54,4,1,12,65,1,40,4,0,3,1
5,BIHOR,"PRIMĂRIA ALEȘD- SALA MARE",181,"ORAŞ ALEŞD",26699,2,PART,PRCNCT,S,S_SV,"2021-01-21 12:30:02",1387,1350,36,1,526,489,36,1,1485,959,517,7,2,124,68,9,11,37,215,2,31,2,7,2,9
5,BIHOR,"LICEUL TEORETIC CONSTANTIN ȘERBAN",182,"ORAŞ ALEŞD",26699,1,PROV,PRCNCT,S,S_SV,"2021-01-21 12:30:02",1425,1390,35,0,429,394,35,0,1533,1104,420,5,4,37,76,14,9,34,179,2,47,6,10,2,4
5,BIHOR,"COLEGIUL TEHNIC ALEXANDRU ROMAN",183,"ORAŞ ALEŞD",26699,1,PROV,PRCNCT,S,S_SV,"2021-01-21 12:30:02",1549,1515,34,0,436,402,34,0,1670,1234,427,9,0,36,54,14,13,39,181,2,63,7,5,3,10
5,BIHOR,"GRĂDINIȚA CU PROGRAM NORMAL NR. 1",184,"ORAŞ ALEŞD",26699,1,PROV,PRCNCT,S,S_SV,"2021-01-21 12:30:02",1245,1205,37,3,469,429,37,3,1332,863,463,6,0,115,42,7,9,36,199,2,30,0,0,1,22
5,BIHOR,"CENTRUL MULTIFUNCȚIONAL",185,"ORAŞ ALEŞD",26699,1,PROV,PRCNCT,S,S_SV,"2021-01-21 12:30:02",1111,1093,18,0,366,348,18,0,1201,835,317,26,23,5,75,3,13,8,111,5,70,12,10,4,1
5,BIHOR,"CĂMIN CULTURAL",186,"ORAŞ ALEŞD",26699,1,PROV,PRCNCT,S,S_SV,"2021-01-21 12:30:02",1127,1099,28,0,365,337,28,0,1216,851,355,7,3,4,59,4,7,21,171,5,41,2,7,3,31
5,BIHOR,"ŞCOALA PRIMARĂ NR. 2",187,"ORAŞ ALEŞD",26699,1,PROV,PRCNCT,S,S_SV,"2021-01-21 12:30:02",671,653,18,0,233,215,18,0,721,488,222,6,5,1,33,8,6,13,106,5,29,0,0,2,19
5,BIHOR,"ȘCOALA PRIMARĂ NR. 2",188,"ORAŞ ALEŞD",26699,1,PROV,PRCNCT,S,S_SV,"2021-01-21 12:30:02",590,565,23,2,170,145,23,2,624,454,160,5,5,36,20,3,7,10,66,1,9,3,2,3,0
5,BIHOR,"ŞCOALA GIMNAZIALĂ NR. 1 NUCET",189,"ORAŞ NUCET",26920,1,PROV,PRCNCT,S,S_SV,"2021-01-21 12:30:02",1310,1230,38,42,638,558,38,42,1359,721,622,11,5,4,350,10,16,22,150,3,61,3,2,1,0
5,BIHOR,"CĂMINUL CULTURAL BĂIŢA",190,"ORAŞ NUCET",26920,1,PROV,PRCNCT,S,S_SV,"2021-01-21 12:30:02",576,505,64,7,331,260,64,7,559,228,325,2,4,2,121,15,9,35,104,1,31,3,0,2,2
5,BIHOR,"ŞCOALA GENERALĂ",191,"ORAŞ SĂCUENI",30915,1,PROV,PRCNCT,S,S_SV,"2021-01-21 12:30:02",968,927,20,21,361,320,20,21,1024,663,345,16,0,288,20,1,3,9,6,1,13,0,2,2,0
5,BIHOR,"ŞCOALA GENERALĂ",192,"ORAŞ SĂCUENI",30915,1,PROV,PRCNCT,S,S_SV,"2021-01-21 12:30:02",725,692,14,19,360,327,14,19,767,407,323,15,22,266,20,3,1,1,17,0,4,3,3,5,0
5,BIHOR,"ŞCOALA GENERALĂ",193,"ORAŞ SĂCUENI",30915,2,PART,PRCNCT,S,S_SV,"2021-01-21 12:30:02",461,441,14,6,188,168,14,6,487,299,184,1,3,163,7,2,1,2,5,1,2,0,0,1,0
5,BIHOR,"ŞCOALA GENERALĂ",194,"ORAŞ SĂCUENI",30915,1,PROV,PRCNCT,S,S_SV,"2021-01-21 12:30:02",732,713,11,8,306,287,11,8,780,474,289,6,11,242,9,3,2,1,11,1,4,9,5,1,1
5,BIHOR,"ȘCOALA CU CLASELE I-IV",195,"ORAŞ SĂCUENI",30915,1,PROV,PRCNCT,S,S_SV,"2021-01-21 12:30:02",1160,1136,20,4,359,335,20,4,1258,899,340,15,4,274,32,2,4,3,8,1,10,1,4,1,0
5,BIHOR,"GRĂDINIȚA ȘI ȘCOALA CU CLASELE I-IV",196,"ORAŞ SĂCUENI",30915,1,PROV,PRCNCT,S,S_SV,"2021-01-21 12:30:02",1452,1424,25,3,721,693,25,3,1570,849,643,36,42,478,38,1,14,2,41,0,17,33,4,10,5
5,BIHOR,"GRĂDINIȚĂ CU PROGRAM PRELUNGIT",197,"ORAŞ SĂCUENI",30915,2,PART,PRCNCT,S,S_SV,"2021-01-21 12:30:02",1211,1177,24,10,429,395,24,10,1294,865,412,5,12,338,14,3,2,7,24,0,15,2,5,1,1
5,BIHOR,"GRĂDINIȚA DE LA LOCUL DE CASĂ",198,"ORAŞ SĂCUENI",30915,1,PROV,PRCNCT,S,S_SV,"2021-01-21 12:30:02",911,896,10,5,243,228,10,5,988,745,236,2,5,153,26,1,1,4,32,2,10,3,2,1,1
5,BIHOR,"CLĂDIREA MUZEULUI",199,"ORAŞ SĂCUENI",30915,1,PROV,PRCNCT,S,S_SV,"2021-01-21 12:30:02",1514,1481,25,8,534,501,25,8,1631,1097,510,21,3,369,29,1,12,3,51,4,21,12,5,3,0
5,BIHOR,"CLUBUL TINERETULUI",200,"ORAŞ SĂCUENI",30915,2,PART,PRCNCT,S,S_SV,"2021-01-21 12:30:02",805,763,18,24,472,431,18,23,839,367,454,15,3,417,11,0,6,1,8,0,3,4,3,1,0
5,BIHOR,"CASA DE CULTURĂ „MIRON POMPILIU” ŞTEI",201,"ORAŞ ŞTEI",26840,1,PROV,PRCNCT,S,S_SV,"2021-01-21 12:30:02",1244,1116,127,1,446,318,127,1,1233,787,439,5,2,0,108,6,13,28,231,4,35,7,1,2,4
5,BIHOR,"ŞCOALA GIMNAZIALĂ CU CLASELE I-VIII „MIRON POMPILIU” ŞTEI - ŞCOALA MICĂ",202,"ORAŞ ŞTEI",26840,1,PROV,PRCNCT,S,S_SV,"2021-01-21 12:30:02",1008,976,27,5,334,302,27,5,1077,743,324,7,3,1,99,10,10,24,141,3,26,1,2,1,6
5,BIHOR,"COLEGIUL TEHNIC„UNIREA” ŞTEI",203,"ORAŞ ŞTEI",26840,2,PART,PRCNCT,S,S_SV,"2021-01-21 12:30:02",1238,1210,24,4,403,375,24,4,1333,930,402,0,1,5,93,9,23,25,185,4,43,2,4,2,7
5,BIHOR,"COLEGIUL TEHNIC „UNIREA” ŞTEI - ŞCOALA DE ŞOFERI",204,"ORAŞ ŞTEI",26840,1,PROV,PRCNCT,S,S_SV,"2021-01-21 12:30:02",1494,1334,156,4,580,420,156,4,1472,892,569,10,1,2,110,9,14,16,331,9,68,4,0,1,5
5,BIHOR,"ŞCOALA GIMNAZIALĂ CU CLASELE I-VIII „MIRON POMPILIU” ŞTEI",205,"ORAŞ ŞTEI",26840,1,PROV,PRCNCT,S,S_SV,"2021-01-21 12:30:02",1294,1261,26,7,477,444,26,7,1388,911,473,3,1,7,116,14,12,33,227,1,44,1,5,2,11
5,BIHOR,"ŞCOALA GIMNAZIALĂ VALEA LUI MIHAI",206,"ORAŞ VALEA LUI MIHAI",32027,1,PROV,PRCNCT,S,S_SV,"2021-01-21 12:30:02",1270,1256,14,0,429,415,14,0,1385,956,425,1,3,352,19,1,6,2,27,0,8,2,3,1,4
5,BIHOR,"ŞCOALA GIMNAZIALĂ VALEA LUI MIHAI",207,"ORAŞ VALEA LUI MIHAI",32027,2,PART,PRCNCT,S,S_SV,"2021-01-21 12:30:02",1420,1406,14,0,491,477,14,0,1554,1063,475,11,5,380,29,3,5,5,34,0,8,0,3,4,4
5,BIHOR,"ŞCOALA GIMNAZIALĂ VALEA LUI MIHAI",208,"ORAŞ VALEA LUI MIHAI",32027,1,PROV,PRCNCT,S,S_SV,"2021-01-21 12:30:02",1234,1212,19,3,432,410,19,3,1335,903,428,2,2,336,40,2,1,8,28,1,8,1,1,1,1
5,BIHOR,"ŞCOALA GIMNAZIALĂ VALEA LUI MIHAI",209,"ORAŞ VALEA LUI MIHAI",32027,1,PROV,PRCNCT,S,S_SV,"2021-01-21 12:30:02",1344,1328,12,4,366,350,12,4,1463,1097,351,5,10,283,18,1,2,3,15,0,12,5,7,4,1
5,BIHOR,"ŞCOALA GIMNAZIALĂ VALEA LUI MIHAI",210,"ORAŞ VALEA LUI MIHAI",32027,1,PROV,PRCNCT,S,S_SV,"2021-01-21 12:30:02",1224,1194,19,11,441,411,19,11,1317,876,420,9,12,364,24,1,0,3,12,1,5,5,0,5,0
5,BIHOR,"ŞCOALA GIMNAZIALĂ VALEA LUI MIHAI",211,"ORAŞ VALEA LUI MIHAI",32027,1,PROV,PRCNCT,S,S_SV,"2021-01-21 12:30:02",1327,1311,14,2,332,316,14,2,1438,1106,327,2,3,233,34,3,5,6,35,0,8,1,0,0,2
5,BIHOR,"LICEUL TEHNOLOGIC NR.1 - VALEA LUI MIHAI",212,"ORAŞ VALEA LUI MIHAI",32027,1,PROV,PRCNCT,S,S_SV,"2021-01-21 12:30:02",1241,1223,12,6,410,392,12,6,1345,935,405,1,4,349,17,2,1,5,19,0,12,0,0,0,0
5,BIHOR,"CASA DE CULTURĂ",213,"ORAŞ VAŞCĂU",27007,1,PROV,PRCNCT,S,S_SV,"2021-01-21 12:30:02",1437,1326,93,18,623,512,93,18,1458,835,609,9,5,2,125,21,39,40,295,3,64,7,4,7,2
5,BIHOR,"CĂMINUL CULTURAL",214,"ORAŞ VAŞCĂU",27007,1,PROV,PRCNCT,S,S_SV,"2021-01-21 12:30:02",199,189,10,0,74,64,10,0,210,136,72,1,1,1,12,3,5,4,27,0,15,1,1,3,0
5,BIHOR,"CĂMINUL CULTURAL",215,"ORAŞ VAŞCĂU",27007,1,PROV,PRCNCT,S,S_SV,"2021-01-21 12:30:02",125,108,17,0,82,65,17,0,119,37,80,1,1,1,19,1,23,6,23,0,5,1,0,0,1
5,BIHOR,"CĂMINUL CULTURAL",216,"ORAŞ VAŞCĂU",27007,1,PROV,PRCNCT,S,S_SV,"2021-01-21 12:30:02",204,183,20,1,87,66,20,1,199,112,86,1,0,1,22,1,7,6,44,1,3,1,0,0,0
5,BIHOR,"CĂMINUL CULTURAL",217,"ORAŞ VAŞCĂU",27007,2,PART,PRCNCT,S,S_SV,"2021-01-21 12:30:02",163,100,14,49,103,40,14,49,110,7,101,1,1,1,15,7,4,3,67,0,4,0,0,0,0
5,BIHOR,"ŞCOALA GENERALĂ",218,"ORAŞ VAŞCĂU",27007,2,PART,PRCNCT,S,S_SV,"2021-01-21 12:30:02",58,46,12,0,32,20,12,0,51,19,31,0,1,1,15,1,0,2,10,0,2,0,0,0,0
5,BIHOR,"PRIMĂRIA ABRAM",219,ABRAM,27070,1,PROV,PRCNCT,S,S_SV,"2021-01-21 12:30:02",817,772,38,7,289,244,38,7,851,562,280,3,6,28,31,0,7,13,136,1,53,4,1,2,4
5,BIHOR,"CĂMIN CULTURAL",220,ABRAM,27070,1,PROV,PRCNCT,S,S_SV,"2021-01-21 12:30:02",239,226,11,2,75,62,11,2,252,177,71,2,2,1,8,2,1,2,45,0,11,0,0,1,0
5,BIHOR,"CĂMIN CULTURAL",221,ABRAM,27070,1,PROV,PRCNCT,S,S_SV,"2021-01-21 12:30:02",264,240,15,9,111,87,15,9,264,153,105,3,3,1,24,2,3,3,60,1,7,1,0,3,0
5,BIHOR,"CĂMIN CULTURAL",222,ABRAM,27070,1,PROV,PRCNCT,S,S_SV,"2021-01-21 12:30:02",253,225,21,7,96,68,21,7,249,153,93,1,2,2,16,3,8,3,49,1,10,0,0,1,0
5,BIHOR,"ȘCOALĂ PRIMARĂ",223,ABRAM,27070,1,PROV,PRCNCT,S,S_SV,"2021-01-21 12:30:02",138,111,22,5,84,57,22,5,122,38,83,0,1,1,12,0,1,4,63,0,2,0,0,0,0
5,BIHOR,"ȘCOALĂ PRIMARĂ NR. 1",224,ABRAM,27070,1,PROV,PRCNCT,S,S_SV,"2021-01-21 12:30:02",426,402,20,4,157,133,20,4,443,286,151,3,3,1,31,1,4,2,97,4,8,1,0,2,0
5,BIHOR,"ȘCOALĂ PRIMARĂ NR. 3",225,ABRAM,27070,1,PROV,PRCNCT,S,S_SV,"2021-01-21 12:30:02",499,447,29,23,241,189,29,23,492,251,240,1,0,2,30,1,5,5,153,1,35,2,0,1,5
5,BIHOR,"ȘCOALA GENERALĂ ABRĂMUȚ",226,ABRĂMUŢ,27169,1,PROV,PRCNCT,S,S_SV,"2021-01-21 12:30:02",397,374,23,0,107,84,23,0,411,304,105,1,1,38,8,0,2,8,36,2,8,0,2,1,0
5,BIHOR,"CĂMINUL CULTURAL CRESTUR",227,ABRĂMUŢ,27169,1,PROV,PRCNCT,S,S_SV,"2021-01-21 12:30:02",384,362,17,5,157,135,17,5,398,241,142,11,4,104,9,2,3,2,8,1,6,3,1,3,0
5,BIHOR,"ȘCOALA GENERALĂ FĂNCICA",228,ABRĂMUŢ,27169,1,PROV,PRCNCT,S,S_SV,"2021-01-21 12:30:02",268,257,11,0,59,48,11,0,284,225,58,0,1,3,18,1,2,2,21,1,8,0,0,0,2
5,BIHOR,"GRĂDINIȚA CU PROGRAM NORMAL NR.1 PETREU",229,ABRĂMUŢ,27169,1,PROV,PRCNCT,S,S_SV,"2021-01-21 12:30:02",1486,1422,39,25,651,587,39,25,1573,922,609,18,24,464,22,6,6,14,23,0,38,18,4,6,8
5,BIHOR,"CĂMIN CULTURAL",230,AŞTILEU,26742,1,PROV,PRCNCT,S,S_SV,"2021-01-21 12:30:02",511,493,18,0,207,189,18,0,541,334,204,2,1,1,44,7,3,10,110,2,22,3,0,1,1
5,BIHOR,"ȘCOALA GIMNAZIALĂ NR 1 AȘTILEU",231,AŞTILEU,26742,2,PART,PRCNCT,S,S_SV,"2021-01-21 12:30:02",1301,1280,20,1,432,411,20,1,1410,978,420,10,2,4,48,12,8,19,215,4,81,7,7,6,9
5,BIHOR,"CĂMIN CULTURAL CĂLĂȚEA",232,AŞTILEU,26742,1,PROV,PRCNCT,S,S_SV,"2021-01-21 12:30:02",283,271,12,0,126,114,12,0,299,173,123,2,1,1,19,2,5,3,62,0,27,3,1,0,0
5,BIHOR,"CĂMIN CULTURAL CORNET",233,AŞTILEU,26742,1,PROV,PRCNCT,S,S_SV,"2021-01-21 12:30:02",237,215,22,0,125,103,22,0,231,106,119,1,5,1,15,7,3,4,72,1,15,0,0,1,0
5,BIHOR,"ȘCOALA PRIMARĂ NR 2 PEŞTERE",234,AŞTILEU,26742,1,PROV,PRCNCT,S,S_SV,"2021-01-21 12:30:02",704,689,13,2,283,268,13,2,759,476,278,5,0,2,71,16,3,8,128,4,29,3,3,1,10
5,BIHOR,"CĂMINUL CULTURAL AUŞEU",235,AUŞEU,27212,1,PROV,PRCNCT,S,S_SV,"2021-01-21 12:30:02",823,772,37,14,351,300,37,14,851,500,344,5,2,2,53,24,5,9,186,2,50,5,1,5,2
5,BIHOR,"ŞCOALA PRIMARĂ",236,AUŞEU,27212,1,PROV,PRCNCT,S,S_SV,"2021-01-21 12:30:02",848,815,31,2,300,267,31,2,900,600,294,5,1,2,50,6,6,16,174,0,27,5,2,2,4
5,BIHOR,"CĂMIN CULTURAL",237,AUŞEU,27212,1,PROV,PRCNCT,S,S_SV,"2021-01-21 12:30:02",744,726,15,3,319,301,15,3,800,481,308,6,5,1,48,8,5,17,119,5,97,5,0,2,1
5,BIHOR,"SALA SPORT ȘCOALA",238,"AVRAM IANCU",27285,1,PROV,PRCNCT,S,S_SV,"2021-01-21 12:30:02",1577,1531,43,3,552,506,43,3,1689,1137,545,5,2,3,208,4,24,39,128,10,109,4,1,4,11
5,BIHOR,"CĂMINUL CULTURAL",239,"AVRAM IANCU",27285,1,PROV,PRCNCT,S,S_SV,"2021-01-21 12:30:02",178,159,19,0,46,27,19,0,176,130,46,0,0,16,5,1,1,3,15,0,4,0,0,0,1
5,BIHOR,"ȘCOALA NOUĂ TĂMAȘDA",240,"AVRAM IANCU",27285,1,PROV,PRCNCT,S,S_SV,"2021-01-21 12:30:02",935,918,17,0,335,318,17,0,1012,677,290,10,35,35,59,1,7,5,56,7,105,8,2,5,0
5,BIHOR,"CĂMINUL CULTURAL BALC",241,BALC,27329,2,PART,PRCNCT,S,S_SV,"2021-01-21 12:30:02",1100,1042,39,19,376,318,39,19,1146,770,364,7,5,144,21,4,5,7,140,1,37,1,4,0,0
5,BIHOR,"CĂMINUL CULTURAL ALMAŞU MARE",242,BALC,27329,2,PART,PRCNCT,S,S_SV,"2021-01-21 12:30:02",646,621,24,1,171,146,24,1,684,513,166,1,4,4,15,7,1,13,93,2,20,0,0,2,9
5,BIHOR,"CĂMINUL CULTURAL ALMAŞU MIC",243,BALC,27329,1,PROV,PRCNCT,S,S_SV,"2021-01-21 12:30:02",314,295,19,0,98,79,19,0,325,227,96,1,1,1,17,3,2,5,53,0,5,4,0,4,2
5,BIHOR,"CĂMINUL CULTURAL SĂLDĂBAGIU DE BARCĂU",244,BALC,27329,1,PROV,PRCNCT,S,S_SV,"2021-01-21 12:30:02",483,431,50,2,208,156,50,2,477,269,194,8,6,3,41,2,2,8,96,2,28,6,3,2,1
5,BIHOR,"CĂMINUL CULTURAL GHIDA",245,BALC,27329,1,PROV,PRCNCT,S,S_SV,"2021-01-21 12:30:02",156,130,26,0,83,57,26,0,143,60,81,1,1,6,11,4,2,2,48,1,2,1,1,3,0
5,BIHOR,"ȘCOALA GIMNAZIALĂ NR.1 BATĂR",246,BATĂR,27383,1,PROV,PRCNCT,S,S_SV,"2021-01-21 12:30:02",1370,1342,28,0,286,258,28,0,1477,1191,267,10,9,7,114,5,5,18,48,1,56,4,0,2,7
5,BIHOR,"ȘCOALA GIMNAZIALĂ NR. 4 ARPĂȘEL",247,BATĂR,27383,1,PROV,PRCNCT,S,S_SV,"2021-01-21 12:30:02",755,743,11,1,179,167,11,1,818,639,175,2,2,129,10,1,3,2,9,0,16,2,1,1,1
5,BIHOR,"GRĂDINIȚA TALPOȘ",248,BATĂR,27383,1,PROV,PRCNCT,S,S_SV,"2021-01-21 12:30:02",1348,1327,21,0,270,249,21,0,1464,1194,254,9,7,4,157,6,5,4,33,2,27,4,3,0,9
5,BIHOR,"ŞCOALA GIMNAZIALĂ NR.3",249,BATĂR,27383,1,PROV,PRCNCT,S,S_SV,"2021-01-21 12:30:02",774,751,23,0,212,189,23,0,832,620,208,3,1,2,102,0,7,12,43,2,30,3,0,1,6
5,BIHOR,"ȘCOALA GENERALĂ CU CLASELE V-VIII GASPAR ANDRAS",250,BIHARIA,27436,1,PROV,PRCNCT,S,S_SV,"2021-01-21 12:30:02",1757,1705,24,28,643,591,24,28,1881,1238,622,11,10,469,26,5,5,19,65,3,18,4,5,3,0
5,BIHOR,"GRĂDINIȚA DE COPII BIHARIA",251,BIHARIA,27436,1,PROV,PRCNCT,S,S_SV,"2021-01-21 12:30:02",1596,1546,39,11,543,493,39,11,1702,1159,532,7,4,381,22,1,1,21,79,3,15,2,4,2,1
5,BIHOR,"ȘCOALA GENERALĂ CU CLASELE I-IV CAUACEU",252,BIHARIA,27436,1,PROV,PRCNCT,S,S_SV,"2021-01-21 12:30:02",666,631,29,6,249,214,29,6,697,448,246,1,2,202,8,0,3,4,16,0,8,0,2,2,1
5,BIHOR,"ȘCOALA CU CLASELE I- IV, BOIANU-MARE",253,"BOIANU MARE",27506,1,PROV,PRCNCT,S,S_SV,"2021-01-21 12:30:02",475,462,13,0,209,196,13,0,507,298,199,3,7,2,20,1,7,6,118,0,38,2,0,4,1
5,BIHOR,"ȘCOALA CU CLASELE I- VIII ” ÎNVĂȚĂTOR GÂLGĂU IOSIF” PĂGAIA",254,"BOIANU MARE",27506,1,PROV,PRCNCT,S,S_SV,"2021-01-21 12:30:02",565,553,12,0,201,189,12,0,612,411,199,2,0,5,26,1,18,8,101,3,30,2,0,0,5
5,BIHOR,"CĂMIN CULTURAL BOROD",255,BOROD,27560,1,PROV,PRCNCT,S,S_SV,"2021-01-21 12:30:02",1313,1259,54,0,555,501,54,0,1394,839,538,9,8,2,229,18,7,29,118,3,112,9,5,1,5
5,BIHOR,"ŞCOALA CU CLASELE I-IV",256,BOROD,27560,1,PROV,PRCNCT,S,S_SV,"2021-01-21 12:30:02",531,514,17,0,268,251,17,0,569,301,260,4,4,3,99,11,4,16,44,6,72,1,1,1,2
5,BIHOR,"GRĂDINIȚA CETEA",257,BOROD,27560,1,PROV,PRCNCT,S,S_SV,"2021-01-21 12:30:02",206,170,36,0,102,66,36,0,185,83,98,1,3,2,45,4,2,7,28,1,5,2,1,0,1
5,BIHOR,"CĂMINUL CULTURAL CORNIȚEL",258,BOROD,27560,1,PROV,PRCNCT,S,S_SV,"2021-01-21 12:30:02",468,410,58,0,235,177,58,0,451,216,227,2,6,1,82,3,8,30,48,3,36,5,1,2,8
5,BIHOR,"ȘCOALA CU CLASELE I-IV",259,BOROD,27560,1,PROV,PRCNCT,S,S_SV,"2021-01-21 12:30:02",390,372,18,0,175,157,18,0,413,238,163,6,6,0,72,4,4,3,59,1,12,4,1,1,2
5,BIHOR,"ȘCOALA CU CLASELE I-IV",260,BOROD,27560,1,PROV,PRCNCT,S,S_SV,"2021-01-21 12:30:02",110,96,14,0,52,38,14,0,106,54,48,3,1,1,10,1,1,2,26,0,4,0,3,0,0
5,BIHOR,"ȘCOALA CU CLASELE. I-VIII",261,BOROD,27560,1,PROV,PRCNCT,S,S_SV,"2021-01-21 12:30:02",237,221,16,0,81,65,16,0,246,165,72,4,5,2,24,1,1,6,22,0,9,0,5,2,0
5,BIHOR,"LICEUL TECHNOLOGIC AGROINDUSTRIAL ”TAMASI ARON” BORȘ",262,BORŞ,27631,1,PROV,PRCNCT,S,S_SV,"2021-01-21 12:30:02",1286,1204,47,35,631,549,47,35,1328,697,621,5,5,508,31,2,6,11,55,2,0,4,2,0,0
5,BIHOR,"CĂMIN CULTURAL SÂNTION",263,BORŞ,27631,1,PROV,PRCNCT,S,S_SV,"2021-01-21 12:30:02",1691,1623,44,24,772,704,44,24,1790,1018,761,5,6,594,12,6,6,28,82,3,17,1,3,7,2
5,BIHOR,"ȘCOALA GENERALĂ SANTĂUL MARE",264,BORŞ,27631,1,PROV,PRCNCT,S,S_SV,"2021-01-21 12:30:02",391,331,30,30,181,121,30,30,363,182,178,3,0,140,1,2,3,6,18,0,5,0,0,3,0
5,BIHOR,"ȘCOALA PRIMARĂ SANTĂUL MIC",265,BORŞ,27631,1,PROV,PRCNCT,S,S_SV,"2021-01-21 12:30:02",519,482,23,14,239,202,23,14,532,293,237,2,0,198,6,0,1,7,9,1,12,2,0,0,1
5,BIHOR,"CENTRUL DE INFORMARE TURISTICĂ BRATCA",266,BRATCA,27686,1,PROV,PRCNCT,S,S_SV,"2021-01-21 12:30:02",1204,1160,44,0,458,414,44,0,1279,821,443,10,5,6,133,9,19,23,153,2,75,10,7,3,3
5,BIHOR,"CĂMINUL CULTURAL",267,BRATCA,27686,1,PROV,PRCNCT,S,S_SV,"2021-01-21 12:30:02",1084,1054,30,0,360,330,30,0,1165,805,348,9,3,2,78,13,13,9,163,2,49,6,0,3,10
5,BIHOR,"CĂMINUL CULTURAL",268,BRATCA,27686,1,PROV,PRCNCT,S,S_SV,"2021-01-21 12:30:02",449,426,23,0,151,128,23,0,470,319,146,2,3,1,60,3,15,2,45,0,11,4,1,3,1
5,BIHOR,"CĂMINUL CULTURAL",269,BRATCA,27686,1,PROV,PRCNCT,S,S_SV,"2021-01-21 12:30:02",476,462,14,0,183,169,14,0,510,327,178,3,2,2,20,9,7,3,80,0,49,4,1,0,3
5,BIHOR,"CĂMINUL CULTURAL",270,BRATCA,27686,1,PROV,PRCNCT,S,S_SV,"2021-01-21 12:30:02",380,360,20,0,120,100,20,0,400,280,119,1,0,1,39,3,7,6,45,0,12,5,0,1,0
5,BIHOR,"CĂMINUL CULTURAL",271,BRATCA,27686,1,PROV,PRCNCT,S,S_SV,"2021-01-21 12:30:02",372,360,12,0,119,107,12,0,404,285,115,1,3,1,27,0,3,2,50,0,27,0,1,2,2
5,BIHOR,"ȘCOALA GIMNAZIALĂ NR. 1 BRUSTURI",272,BRUSTURI,27757,1,PROV,PRCNCT,S,S_SV,"2021-01-21 12:30:02",960,909,48,3,372,321,48,3,1002,630,362,5,5,7,177,4,10,18,89,2,47,4,2,2,0
5,BIHOR,"ŞCOALA CUIEŞD",273,BRUSTURI,27757,1,PROV,PRCNCT,S,S_SV,"2021-01-21 12:30:02",422,388,34,0,161,127,34,0,426,265,153,3,5,2,57,8,29,4,35,1,9,6,2,0,0
5,BIHOR,"ŞCOALA ORVIŞELE",274,BRUSTURI,27757,1,PROV,PRCNCT,S,S_SV,"2021-01-21 12:30:02",322,301,21,0,104,83,21,0,333,229,97,2,5,0,21,15,5,7,30,0,15,1,0,1,2
5,BIHOR,"CĂMINUL CULTURAL PĂULEȘTI",275,BRUSTURI,27757,1,PROV,PRCNCT,S,S_SV,"2021-01-21 12:30:02",264,240,24,0,118,94,24,0,264,146,113,2,3,0,57,1,7,4,31,0,10,2,1,0,0
5,BIHOR,"CĂMINUL CULTURAL PICLEU",276,BRUSTURI,27757,1,PROV,PRCNCT,S,S_SV,"2021-01-21 12:30:02",764,718,46,0,319,273,46,0,789,470,305,8,6,3,135,2,2,5,87,1,51,4,2,4,9
5,BIHOR,"ŞCOALA GIMNAZIALĂ ȚIGĂNEȘTII DE CRIȘ",277,BRUSTURI,27757,1,PROV,PRCNCT,S,S_SV,"2021-01-21 12:30:02",305,265,40,0,143,103,40,0,288,145,138,3,2,0,61,3,6,6,45,1,7,8,0,1,0
5,BIHOR,"CĂMINUL CULTURAL",278,BUDUREASA,27846,1,PROV,PRCNCT,S,S_SV,"2021-01-21 12:30:02",885,858,24,3,391,364,24,3,944,553,379,6,6,1,152,5,19,35,105,1,52,5,3,0,1
5,BIHOR,"ȘCOALA I-IV BUDUREASA",279,BUDUREASA,27846,1,PROV,PRCNCT,S,S_SV,"2021-01-21 12:30:02",448,431,17,0,198,181,17,0,474,276,192,3,3,2,113,13,1,2,43,1,10,4,1,2,0
5,BIHOR,"CĂMINUL CULTURAL",280,BUDUREASA,27846,1,PROV,PRCNCT,S,S_SV,"2021-01-21 12:30:02",345,332,13,0,159,146,13,0,365,206,150,3,6,1,48,1,10,9,58,2,16,1,2,0,2
5,BIHOR,"CĂMINUL CULTURAL",281,BUDUREASA,27846,1,PROV,PRCNCT,S,S_SV,"2021-01-21 12:30:02",182,173,9,0,79,70,9,0,191,112,77,1,1,1,27,2,6,1,22,0,13,0,0,1,4
5,BIHOR,"CĂMINUL CULTURAL",282,BUDUREASA,27846,2,PART,PRCNCT,S,S_SV,"2021-01-21 12:30:02",217,205,12,0,100,88,12,0,226,126,97,1,2,1,34,2,5,9,24,0,21,0,0,0,1
5,BIHOR,"CĂMINUL CULTURAL",283,BUDUREASA,27846,1,PROV,PRCNCT,S,S_SV,"2021-01-21 12:30:02",154,133,21,0,103,82,21,0,146,43,99,1,3,1,39,1,4,3,39,0,8,2,2,0,0
5,BIHOR,"PRIMĂRIA BUDUSLĂU",284,BUDUSLĂU,27908,1,PROV,PRCNCT,S,S_SV,"2021-01-21 12:30:02",853,827,12,14,323,297,12,14,913,590,309,5,9,282,7,2,6,1,3,0,3,4,1,0,0
5,BIHOR,"ŞCOALA GENERALĂ ALBIŞ",285,BUDUSLĂU,27908,2,PART,PRCNCT,S,S_SV,"2021-01-21 12:30:02",799,779,10,10,263,243,10,10,859,596,257,0,6,242,5,0,0,1,3,0,3,1,1,1,0
5,BIHOR,"PRIMĂRIA COMUNEI BULZ",286,BULZ,27935,2,PART,PRCNCT,S,S_SV,"2021-01-21 12:30:02",735,670,64,1,310,245,64,1,743,433,307,1,2,1,109,12,9,40,66,4,56,2,1,2,5
5,BIHOR,"ȘCOALA PRIMARĂ NR.3 MUNTENI",287,BULZ,27935,1,PROV,PRCNCT,S,S_SV,"2021-01-21 12:30:02",447,406,40,1,223,182,40,1,447,224,216,4,3,1,58,11,5,6,93,2,22,8,0,5,5
5,BIHOR,"ȘCOALA GIMNAZIALĂ NR.2 REMEȚI",288,BULZ,27935,1,PROV,PRCNCT,S,S_SV,"2021-01-21 12:30:02",687,621,61,5,345,279,61,5,683,338,341,2,2,2,74,5,9,13,193,3,31,8,1,1,1
5,BIHOR,"PRIMĂRIA COMUNEI BUNTEȘTI",289,BUNTEŞTI,27971,1,PROV,PRCNCT,S,S_SV,"2021-01-21 12:30:02",600,480,109,11,412,292,109,11,529,117,408,4,0,1,49,11,22,13,264,9,35,1,1,2,0
5,BIHOR,"CĂMIN CULTURAL",290,BUNTEŞTI,27971,1,PROV,PRCNCT,S,S_SV,"2021-01-21 12:30:02",630,564,58,8,357,291,58,8,623,266,349,6,2,0,45,3,127,11,117,2,34,5,0,4,1
5,BIHOR,"CĂMIN CULTURAL",291,BUNTEŞTI,27971,1,PROV,PRCNCT,S,S_SV,"2021-01-21 12:30:02",255,234,21,0,145,124,21,0,260,115,145,0,0,2,14,3,67,7,36,0,12,1,0,3,0
5,BIHOR,"ȘCOALA GIMNAZIALĂ FERICE",292,BUNTEŞTI,27971,1,PROV,PRCNCT,S,S_SV,"2021-01-21 12:30:02",412,399,13,0,155,142,13,0,441,286,153,1,1,2,21,3,21,7,67,1,23,3,2,2,1
5,BIHOR,"CĂMIN CULTURAL LELEȘTI",293,BUNTEŞTI,27971,1,PROV,PRCNCT,S,S_SV,"2021-01-21 12:30:02",354,326,24,4,191,163,24,4,361,170,189,2,0,0,45,1,15,8,95,1,21,2,0,1,0
5,BIHOR,"ŞCOALA CU CLASELE I-VIII",294,BUNTEŞTI,27971,1,PROV,PRCNCT,S,S_SV,"2021-01-21 12:30:02",517,495,21,1,261,239,21,1,545,284,257,1,3,0,47,10,29,12,139,2,16,1,0,1,0
5,BIHOR,"CĂMIN CULTURAL",295,BUNTEŞTI,27971,1,PROV,PRCNCT,S,S_SV,"2021-01-21 12:30:02",587,550,29,8,290,253,29,8,605,315,284,6,0,0,28,6,73,8,138,0,23,8,0,0,0
5,BIHOR,"GRĂDINIŢA CU PROGRAM NORMAL",296,BUNTEŞTI,27971,1,PROV,PRCNCT,S,S_SV,"2021-01-21 12:30:02",382,356,26,0,228,202,26,0,393,165,223,5,0,0,21,17,33,4,112,0,29,5,0,1,1
5,BIHOR,"ȘCOALA GIMNAZIALĂ NR.3",297,BUNTEŞTI,27971,1,PROV,PRCNCT,S,S_SV,"2021-01-21 12:30:02",304,247,55,2,219,162,55,2,272,53,217,2,0,1,17,9,124,20,32,3,7,3,0,0,1
5,BIHOR,"CĂMINUL CULTURAL",298,CĂBEŞTI,28077,2,PART,PRCNCT,S,S_SV,"2021-01-21 12:30:02",779,748,31,0,349,318,31,0,821,472,336,3,10,2,135,8,10,15,95,2,37,7,20,4,1
5,BIHOR,"ȘCOALA CU CLASELE. I-IV JOSANI",299,CĂBEŞTI,28077,1,PROV,PRCNCT,S,S_SV,"2021-01-21 12:30:02",416,391,25,0,173,148,25,0,437,264,169,2,2,1,69,2,10,14,39,1,32,0,0,0,1
5,BIHOR,"CĂMINUL CULTURAL",300,CĂBEŞTI,28077,1,PROV,PRCNCT,S,S_SV,"2021-01-21 12:30:02",159,145,14,0,84,70,14,0,159,75,83,0,1,1,28,15,22,2,10,0,4,1,0,0,0
5,BIHOR,"CĂMINUL CULTURAL",301,CĂBEŞTI,28077,1,PROV,PRCNCT,S,S_SV,"2021-01-21 12:30:02",251,236,15,0,115,100,15,0,260,145,111,2,2,3,37,0,6,3,30,3,24,2,0,3,0
5,BIHOR,"PRIMĂRIA CĂPÎLNA",302,CĂPÂLNA,28139,1,PROV,PRCNCT,S,S_SV,"2021-01-21 12:30:02",293,241,39,13,153,101,39,13,265,112,150,3,0,1,89,1,9,1,37,3,8,1,0,0,0
5,BIHOR,"CĂMIN CULTURAL ROHANI",303,CĂPÂLNA,28139,1,PROV,PRCNCT,S,S_SV,"2021-01-21 12:30:02",103,79,18,6,42,18,18,6,86,44,41,0,1,2,19,2,3,4,9,0,2,0,0,0,0
5,BIHOR,"ȘCOALA GENERALĂ",304,CĂPÂLNA,28139,1,PROV,PRCNCT,S,S_SV,"2021-01-21 12:30:02",265,226,38,1,113,74,38,1,249,136,109,2,2,53,9,3,4,4,19,1,12,1,0,2,1
5,BIHOR,"ȘCOALA GENERALĂ",305,CĂPÂLNA,28139,1,PROV,PRCNCT,S,S_SV,"2021-01-21 12:30:02",341,310,25,6,150,119,25,6,344,194,149,0,1,1,51,8,12,3,59,2,9,2,0,0,2
5,BIHOR,"GRĂDINIȚA SĂLDĂBAGIU MIC",306,CĂPÂLNA,28139,1,PROV,PRCNCT,S,S_SV,"2021-01-21 12:30:02",386,334,46,6,155,103,46,6,371,216,152,3,0,2,50,5,6,3,43,5,35,1,0,1,1
5,BIHOR,"ȘCOALA PRIMARĂ NR.2 CĂRPINET",307,CĂRPINET,28193,3,PART,PRCNCT,S,S_SV,"2021-01-21 12:30:02",444,432,12,0,173,161,12,0,475,302,170,2,1,3,85,4,6,6,41,5,19,0,0,0,1
5,BIHOR,"CĂMIN CULTURAL CĂLUGĂRI",308,CĂRPINET,28193,1,PROV,PRCNCT,S,S_SV,"2021-01-21 12:30:02",437,397,40,0,209,169,40,0,437,228,200,5,4,1,108,8,9,8,42,4,16,2,1,1,0
5,BIHOR,"CĂMIN CULTURAL IZBUC",309,CĂRPINET,28193,1,PROV,PRCNCT,S,S_SV,"2021-01-21 12:30:02",407,392,11,4,184,169,11,4,431,247,180,3,1,2,88,10,2,10,54,1,10,2,0,1,0
5,BIHOR,"CĂMIN CULTURAL LEHECENI",310,CĂRPINET,28193,1,PROV,PRCNCT,S,S_SV,"2021-01-21 12:30:02",337,307,29,1,162,132,29,1,338,176,160,2,0,2,66,5,7,7,51,1,17,1,0,1,2
5,BIHOR,"CĂMINUL CULTURAL CÎMPANI",311,CÂMPANI,28709,1,PROV,PRCNCT,S,S_SV,"2021-01-21 12:30:02",724,703,21,0,277,256,21,0,773,496,269,8,0,2,120,5,17,11,84,3,18,3,2,1,3
5,BIHOR,"ŞCOALA PRIMARĂ FÎNAŢE",312,CÂMPANI,28709,1,PROV,PRCNCT,S,S_SV,"2021-01-21 12:30:02",522,499,18,5,247,224,18,5,550,303,238,4,5,0,99,10,11,7,82,0,27,0,1,0,1
5,BIHOR,"ŞCOALA PRIMARĂ HÎRSEŞTI",313,CÂMPANI,28709,1,PROV,PRCNCT,S,S_SV,"2021-01-21 12:30:02",271,263,8,0,118,110,8,0,292,174,116,1,1,0,60,1,5,8,27,2,11,0,0,1,1
5,BIHOR,"ŞCOALA PRIMARĂ SIGHIŞTEL",314,CÂMPANI,28709,1,PROV,PRCNCT,S,S_SV,"2021-01-21 12:30:02",288,263,20,5,131,106,20,5,287,156,130,0,1,0,53,10,7,1,32,2,23,0,0,1,1
5,BIHOR,"CĂMINUL CULTURAL VALEA DE SUS",315,CÂMPANI,28709,1,PROV,PRCNCT,S,S_SV,"2021-01-21 12:30:02",247,234,11,2,133,120,11,2,259,126,130,2,1,0,91,5,5,1,18,0,9,1,0,0,0
5,BIHOR,"CENTRUL DE AFACERI",316,CEFA,28246,1,PROV,PRCNCT,S,S_SV,"2021-01-21 12:30:02",1037,1004,33,0,394,361,33,0,1108,714,386,6,2,9,107,6,10,11,182,4,53,2,1,0,1
5,BIHOR,GRĂDINIŢA,317,CEFA,28246,1,PROV,PRCNCT,S,S_SV,"2021-01-21 12:30:02",179,162,17,0,67,50,17,0,179,112,66,0,1,1,9,2,1,1,38,1,13,0,0,0,0
5,BIHOR,"CĂMIN CULTURAL",318,CEFA,28246,1,PROV,PRCNCT,S,S_SV,"2021-01-21 12:30:02",767,745,22,0,254,232,22,0,822,568,249,0,5,1,73,7,5,11,98,1,39,6,2,3,3
5,BIHOR,"PRIMĂRIA COMUNEI CEICA",319,CEICA,28335,1,PROV,PRCNCT,S,S_SV,"2021-01-21 12:30:02",834,780,42,12,326,272,42,12,860,534,319,4,3,2,76,43,15,23,92,4,47,5,1,2,9
5,BIHOR,"ȘCOALA BUCIUM",320,CEICA,28335,1,PROV,PRCNCT,S,S_SV,"2021-01-21 12:30:02",181,171,10,0,84,74,10,0,193,109,81,2,1,0,40,1,3,3,10,0,19,0,1,1,3
5,BIHOR,"ȘCOALA GIMNAZIALĂ, NR. 2",321,CEICA,28335,1,PROV,PRCNCT,S,S_SV,"2021-01-21 12:30:02",477,455,22,0,123,101,22,0,502,379,121,1,1,9,51,6,4,4,29,2,12,2,0,2,0
5,BIHOR,"ȘCOALA CORBEȘTI",322,CEICA,28335,1,PROV,PRCNCT,S,S_SV,"2021-01-21 12:30:02",400,372,28,0,128,100,28,0,410,282,123,3,2,2,46,3,13,4,33,0,19,0,0,1,2
5,BIHOR,"ȘCOALA COTIGLET",323,CEICA,28335,1,PROV,PRCNCT,S,S_SV,"2021-01-21 12:30:02",319,296,23,0,107,84,23,0,328,221,103,0,4,1,42,7,5,6,24,0,12,2,0,2,2
5,BIHOR,"ȘCOALA DUȘEȘTI",324,CEICA,28335,1,PROV,PRCNCT,S,S_SV,"2021-01-21 12:30:02",454,420,33,1,165,131,33,1,464,299,162,1,2,1,50,9,2,7,47,3,31,1,0,1,10
5,BIHOR,"ȘCOALA INCEȘTI",325,CEICA,28335,2,PART,PRCNCT,S,S_SV,"2021-01-21 12:30:02",328,287,41,0,136,95,41,0,318,182,131,3,2,0,41,6,4,6,27,0,29,1,0,0,17
5,BIHOR,"ŞCOALA GENERALĂ",326,CETARIU,28415,1,PROV,PRCNCT,S,S_SV,"2021-01-21 12:30:02",525,495,30,0,152,122,30,0,546,394,151,0,1,113,2,2,2,3,21,2,5,0,0,0,1
5,BIHOR,"ŞCOALA GENERALĂ",327,CETARIU,28415,1,PROV,PRCNCT,S,S_SV,"2021-01-21 12:30:02",214,193,21,0,67,46,21,0,207,140,60,2,5,5,19,0,1,3,17,1,12,0,0,2,0
5,BIHOR,"CĂMIN CULTURAL",328,CETARIU,28415,1,PROV,PRCNCT,S,S_SV,"2021-01-21 12:30:02",941,903,38,0,347,309,38,0,997,650,338,2,7,253,11,1,4,21,37,0,5,3,3,0,0
5,BIHOR,"CĂMIN CULTURAL",329,CETARIU,28415,1,PROV,PRCNCT,S,S_SV,"2021-01-21 12:30:02",223,196,27,0,104,77,27,0,217,113,103,1,0,78,7,1,1,4,9,0,1,1,1,0,0
5,BIHOR,"ȘCOALA GIMNAZIALĂ ”BOCSKAI ISTVAN”",330,CHERECHIU,28497,1,PROV,PRCNCT,S,S_SV,"2021-01-21 12:30:02",604,581,12,11,256,233,12,11,642,386,240,9,7,222,5,0,1,1,3,0,3,4,0,1,0
5,BIHOR,"ȘCOALA GIMNAZIALĂ ” BOCSKAI ISTVAN”",331,CHERECHIU,28497,1,PROV,PRCNCT,S,S_SV,"2021-01-21 12:30:02",823,800,15,8,382,359,15,8,880,498,359,12,11,316,10,0,2,0,17,0,5,4,1,2,2
5,BIHOR,"CĂMIN CULTURAL - TÂRGUȘOR",332,CHERECHIU,28497,1,PROV,PRCNCT,S,S_SV,"2021-01-21 12:30:02",470,441,20,9,228,199,20,9,486,258,214,9,5,190,5,0,0,1,6,1,2,5,3,1,0
5,BIHOR,"CĂMINUL CULTURAL CHIȘLAZ",333,CHIŞLAZ,28530,1,PROV,PRCNCT,S,S_SV,"2021-01-21 12:30:02",410,390,20,0,115,95,20,0,429,314,111,2,2,6,22,6,6,3,43,1,17,4,0,0,3
5,BIHOR,"ȘCOALA PRIMARĂ CHIRALEU",334,CHIŞLAZ,28530,1,PROV,PRCNCT,S,S_SV,"2021-01-21 12:30:02",498,477,21,0,170,149,21,0,527,357,165,2,3,3,34,3,6,3,92,1,13,3,1,1,5
5,BIHOR,"CĂMINUL CULTURAL MIȘCA",335,CHIŞLAZ,28530,1,PROV,PRCNCT,S,S_SV,"2021-01-21 12:30:02",824,771,21,32,476,423,21,32,850,374,469,4,3,436,7,1,1,4,9,1,6,2,0,0,2
5,BIHOR,"ȘCOALA POCLUȘA DE BARCĂU",336,CHIŞLAZ,28530,1,PROV,PRCNCT,S,S_SV,"2021-01-21 12:30:02",331,311,12,8,100,80,12,8,341,241,95,2,3,54,4,2,3,3,23,0,3,2,0,1,0
5,BIHOR,"FOSTA ŞCOALA PRIMARĂ DIN SĂRSIG",337,CHIŞLAZ,28530,1,PROV,PRCNCT,S,S_SV,"2021-01-21 12:30:02",254,226,28,0,75,47,28,0,251,176,72,1,2,3,13,2,1,9,29,0,11,2,1,0,1
5,BIHOR,"CĂMINUL CULTURAL SÂNLAZĂR",338,CHIŞLAZ,28530,1,PROV,PRCNCT,S,S_SV,"2021-01-21 12:30:02",353,336,17,0,125,108,17,0,369,244,120,1,4,2,22,0,2,11,52,5,18,1,2,2,3
5,BIHOR,"CĂMINUL CULTURAL CIUMEGHIU",339,CIUMEGHIU,28665,1,PROV,PRCNCT,S,S_SV,"2021-01-21 12:30:02",1563,1519,40,4,333,289,40,4,1674,1341,324,4,5,2,49,4,14,20,163,4,49,7,1,6,5
5,BIHOR,"ȘCOALA GIMNAZIALĂ BOIU",340,CIUMEGHIU,28665,1,PROV,PRCNCT,S,S_SV,"2021-01-21 12:30:02",625,599,26,0,212,186,26,0,660,448,202,3,7,86,20,1,0,4,61,1,22,2,2,2,1
5,BIHOR,"ȘCOALA GENERALĂ GHIORAC",341,CIUMEGHIU,28665,1,PROV,PRCNCT,S,S_SV,"2021-01-21 12:30:02",1311,1291,20,0,351,331,20,0,1421,1070,339,8,4,103,67,5,7,13,65,1,73,3,1,0,1
5,BIHOR,"CĂMINUL CULTURAL",342,"COCIUBA MARE",28763,1,PROV,PRCNCT,S,S_SV,"2021-01-21 12:30:02",813,736,59,18,416,339,59,18,813,397,402,9,5,1,125,9,15,8,199,1,23,12,5,4,0
5,BIHOR,"CĂMINUL CULTURAL",343,"COCIUBA MARE",28763,1,PROV,PRCNCT,S,S_SV,"2021-01-21 12:30:02",545,456,54,35,309,221,54,34,503,194,302,3,4,1,45,5,2,6,216,0,22,2,2,0,1
5,BIHOR,"CĂMINUL CULTURAL",344,"COCIUBA MARE",28763,1,PROV,PRCNCT,S,S_SV,"2021-01-21 12:30:02",633,583,25,25,223,173,25,25,646,423,219,2,2,2,33,7,6,4,138,3,14,4,4,0,4
5,BIHOR,"GRĂDINIȚA PETID",345,"COCIUBA MARE",28763,1,PROV,PRCNCT,S,S_SV,"2021-01-21 12:30:02",612,510,63,39,353,251,63,39,562,209,341,6,6,2,70,1,8,1,214,0,35,5,3,2,0
5,BIHOR,"ȘCOALA GIMNAZIALĂ NR.2",346,COPĂCEL,28816,1,PROV,PRCNCT,S,S_SV,"2021-01-21 12:30:02",282,263,19,0,112,93,19,0,290,178,111,0,1,1,55,5,1,10,28,2,9,0,0,0,0
5,BIHOR,"CĂMIN CULTURAL",347,COPĂCEL,28816,1,PROV,PRCNCT,S,S_SV,"2021-01-21 12:30:02",271,224,47,0,124,77,47,0,242,118,122,2,0,1,41,4,11,9,29,0,23,2,1,1,0
5,BIHOR,"CĂMIN CULTURAL",348,COPĂCEL,28816,1,PROV,PRCNCT,S,S_SV,"2021-01-21 12:30:02",375,324,51,0,176,125,51,0,358,182,172,2,2,2,95,2,1,8,40,1,17,2,1,3,0
5,BIHOR,"GRĂDINIȚĂ CU PROGRAM NORMAL NR.3",349,COPĂCEL,28816,1,PROV,PRCNCT,S,S_SV,"2021-01-21 12:30:02",394,339,54,1,191,136,54,1,375,184,189,2,0,2,97,30,0,3,34,5,14,0,0,1,3
5,BIHOR,"ȘCOALA PRIMARĂ NR.4",350,COPĂCEL,28816,1,PROV,PRCNCT,S,S_SV,"2021-01-21 12:30:02",157,122,35,0,76,41,35,0,122,46,76,0,0,1,33,6,3,4,15,1,10,2,0,1,0
5,BIHOR,"ȘCOALA PRIMARĂ NR.1",351,COPĂCEL,28816,1,PROV,PRCNCT,S,S_SV,"2021-01-21 12:30:02",451,396,52,3,196,141,52,3,437,241,179,13,4,3,80,10,5,7,38,2,21,5,2,0,6
5,BIHOR,"CĂMINUL CULTURAL",352,"CRIŞTIORU DE JOS",28889,1,PROV,PRCNCT,S,S_SV,"2021-01-21 12:30:02",329,293,33,3,160,124,33,3,321,161,158,0,2,2,42,4,10,9,61,1,20,5,2,2,0
5,BIHOR,"CĂMINUL CULTURAL",353,"CRIŞTIORU DE JOS",28889,1,PROV,PRCNCT,S,S_SV,"2021-01-21 12:30:02",78,65,13,0,29,16,13,0,74,45,29,0,0,1,8,1,4,1,9,1,3,0,1,0,0
5,BIHOR,"CĂMINUL CULTURAL",354,"CRIŞTIORU DE JOS",28889,1,PROV,PRCNCT,S,S_SV,"2021-01-21 12:30:02",395,379,16,0,205,189,16,0,420,215,200,2,3,3,75,9,7,4,78,1,16,4,1,2,0
5,BIHOR,"ȘCOALA GIMNAZIALĂ NR. 1 SĂLIȘTE DE VAȘCĂU",355,"CRIŞTIORU DE JOS",28889,1,PROV,PRCNCT,S,S_SV,"2021-01-21 12:30:02",341,325,16,0,154,138,16,0,361,207,152,2,0,3,34,8,11,8,67,2,13,3,0,2,1
5,BIHOR,"ŞCOALA GIMNAZIALĂ NR.1 CURĂŢELE",356,CURĂŢELE,28941,1,PROV,PRCNCT,S,S_SV,"2021-01-21 12:30:02",693,653,35,5,267,227,35,5,722,455,262,0,5,1,67,1,12,24,126,5,21,0,2,2,1
5,BIHOR,"ŞCOALA GENERALĂ CU CLASELE I-IV BEIUŞELE",357,CURĂŢELE,28941,1,PROV,PRCNCT,S,S_SV,"2021-01-21 12:30:02",376,355,17,4,226,205,17,4,391,165,215,4,7,1,32,2,2,11,129,1,32,0,0,0,5
5,BIHOR,"ŞCOALA GENERALĂ CU CLASELE I-IV CRESUIA",358,CURĂŢELE,28941,1,PROV,PRCNCT,S,S_SV,"2021-01-21 12:30:02",368,357,8,3,189,178,8,3,393,204,182,2,5,1,40,1,5,6,108,0,17,1,0,3,0
5,BIHOR,"CĂMIN CULTURAL NIMĂIEŞTI",359,CURĂŢELE,28941,1,PROV,PRCNCT,S,S_SV,"2021-01-21 12:30:02",694,669,19,6,299,276,19,4,739,440,292,6,1,1,64,4,9,20,143,4,43,1,0,3,0
5,BIHOR,"ŞCOALA GENERALĂ CU CLASELE I-VIII NR. 542",360,CURTUIŞENI,29001,1,PROV,PRCNCT,S,S_SV,"2021-01-21 12:30:02",1035,1008,12,15,326,299,12,15,1114,788,306,7,13,219,36,3,0,2,20,0,15,4,3,4,0
5,BIHOR,"PRIMĂRIA CURTUIŞENI",361,CURTUIŞENI,29001,1,PROV,PRCNCT,S,S_SV,"2021-01-21 12:30:02",1294,1268,13,13,420,394,13,13,1396,976,404,8,8,304,47,2,2,0,18,0,17,7,1,5,1
5,BIHOR,"ŞCOALA GENERALĂ CU CLASELE I-VIII NR. 24",362,CURTUIŞENI,29001,1,PROV,PRCNCT,S,S_SV,"2021-01-21 12:30:02",685,667,18,0,238,220,18,0,736,498,226,2,10,5,86,2,3,2,101,1,17,7,1,1,0
5,BIHOR,"PRIMĂRIA DERNA",363,DERNA,29038,1,PROV,PRCNCT,S,S_SV,"2021-01-21 12:30:02",763,734,20,9,263,234,20,9,810,547,254,2,7,11,124,5,7,1,65,2,21,3,7,1,7
5,BIHOR,"ȘCOALA GIMNAZIALĂ NR.2",364,DERNA,29038,1,PROV,PRCNCT,S,S_SV,"2021-01-21 12:30:02",433,417,16,0,160,144,16,0,460,300,155,1,4,2,85,6,3,1,36,0,16,3,0,1,2
5,BIHOR,"ȘCOALA PRIMARĂ NR.1",365,DERNA,29038,1,PROV,PRCNCT,S,S_SV,"2021-01-21 12:30:02",439,411,28,0,157,129,28,0,452,295,153,2,2,2,59,2,3,6,69,1,7,3,0,1,0
5,BIHOR,"ȘCOALA PRIMARĂ NR.2",366,DERNA,29038,1,PROV,PRCNCT,S,S_SV,"2021-01-21 12:30:02",221,213,7,1,64,56,7,1,234,170,59,2,3,1,39,1,2,0,9,1,3,1,1,1,0
5,BIHOR,"GRĂDINIȚA CU PROGRAM NORMAL NR.3",367,DERNA,29038,1,PROV,PRCNCT,S,S_SV,"2021-01-21 12:30:02",250,226,24,0,118,94,24,0,249,131,112,2,4,4,58,1,3,5,28,2,7,3,0,0,1
5,BIHOR,"PRIMĂRIA COMUNEI DIOSIG",368,DIOSIG,29092,1,PROV,PRCNCT,S,S_SV,"2021-01-21 12:30:02",1048,1018,30,0,317,287,30,0,1112,795,304,10,3,240,18,2,3,6,16,3,14,1,0,0,1
5,BIHOR,"ŞCOALA GIMNAZIALĂ NR.1 DIOSIG,",369,DIOSIG,29092,1,PROV,PRCNCT,S,S_SV,"2021-01-21 12:30:02",960,948,12,0,288,276,12,0,1044,756,278,8,2,232,11,1,1,2,10,0,16,3,1,0,1
5,BIHOR,"ŞCOALA GIMNAZIALĂ NR.1 DIOSIG",370,DIOSIG,29092,2,PART,PRCNCT,S,S_SV,"2021-01-21 12:30:02",960,939,21,0,367,346,21,0,1036,669,357,8,2,293,15,1,5,6,15,2,11,3,4,2,0
5,BIHOR,"ŞCOALA GIMNAZIALĂ NR.1 DIOSIG",371,DIOSIG,29092,1,PROV,PRCNCT,S,S_SV,"2021-01-21 12:30:02",1311,1281,30,0,331,301,30,0,1407,1076,316,13,2,54,56,1,8,16,120,7,36,7,2,6,3
5,BIHOR,"ŞCOALA GIMNAZIALĂ NR.1 DIOSIG",372,DIOSIG,29092,1,PROV,PRCNCT,S,S_SV,"2021-01-21 12:30:02",1089,1066,23,0,534,511,23,0,1187,653,448,68,18,257,65,1,18,2,13,6,46,27,10,3,0
5,BIHOR,"ŞCOALA GIMNAZIALĂ NR.1 DIOSIG",373,DIOSIG,29092,1,PROV,PRCNCT,S,S_SV,"2021-01-21 12:30:02",239,225,14,0,76,62,14,0,250,174,75,0,1,55,4,2,1,1,5,1,4,0,1,1,0
5,BIHOR,"CĂMINUL CULTURAL DOBREŞTI",374,DOBREŞTI,29154,1,PROV,PRCNCT,S,S_SV,"2021-01-21 12:30:02",1568,1528,40,0,476,436,40,0,1680,1204,443,12,21,2,111,48,14,35,133,7,64,13,5,9,2
5,BIHOR,"CĂMINUL CULTURAL LUNCASPRIE",375,DOBREŞTI,29154,1,PROV,PRCNCT,S,S_SV,"2021-01-21 12:30:02",802,763,31,8,267,228,31,8,844,577,258,3,6,1,68,9,5,11,123,1,27,3,0,2,8
5,BIHOR,"CĂMINUL CULTURAL HIDIŞEL",376,DOBREŞTI,29154,2,PART,PRCNCT,S,S_SV,"2021-01-21 12:30:02",575,537,35,3,236,198,35,3,593,357,230,2,4,0,71,5,2,18,95,1,32,0,2,0,4
5,BIHOR,"CĂMINUL CULTURAL CRINCEŞTI",377,DOBREŞTI,29154,1,PROV,PRCNCT,S,S_SV,"2021-01-21 12:30:02",361,344,17,0,120,103,17,0,374,254,115,3,2,1,40,1,7,7,48,0,9,0,0,0,2
5,BIHOR,"CĂMINUL CULTURAL CORNIŞEŞTI",378,DOBREŞTI,29154,1,PROV,PRCNCT,S,S_SV,"2021-01-21 12:30:02",183,161,22,0,70,48,22,0,177,107,64,3,3,1,19,3,3,9,22,0,4,3,0,0,0
5,BIHOR,"ŞCOALA S04 TOPA DE JOS",379,DOBREŞTI,29154,1,PROV,PRCNCT,S,S_SV,"2021-01-21 12:30:02",162,149,13,0,63,50,13,0,159,96,63,0,0,1,28,3,4,3,15,0,9,0,0,0,0
5,BIHOR,"CĂMINUL CULTURAL TOPA DE SUS",380,DOBREŞTI,29154,1,PROV,PRCNCT,S,S_SV,"2021-01-21 12:30:02",506,482,23,1,177,153,23,1,531,354,163,3,11,1,71,3,2,6,47,1,25,3,1,1,2
5,BIHOR,"PRIMARIA DRAGANESTI",381,DRĂGĂNEŞTI,29243,1,PROV,PRCNCT,S,S_SV,"2021-01-21 12:30:02",380,370,10,0,203,193,10,0,407,204,202,0,1,1,60,4,12,6,96,1,19,2,0,0,1
5,BIHOR,"SCOALA PRIMARA BELEJENI",382,DRĂGĂNEŞTI,29243,2,PART,PRCNCT,S,S_SV,"2021-01-21 12:30:02",275,260,15,0,146,131,15,0,285,139,145,0,1,1,54,4,16,3,43,2,17,1,0,3,1
5,BIHOR,"SCOALA MAGHIARA GRADINARI",383,DRĂGĂNEŞTI,29243,1,PROV,PRCNCT,S,S_SV,"2021-01-21 12:30:02",405,384,21,0,164,143,21,0,422,258,163,0,1,59,32,2,8,16,25,0,17,2,1,1,0
5,BIHOR,"SCOALA PRIMARA LIVADA",384,DRĂGĂNEŞTI,29243,1,PROV,PRCNCT,S,S_SV,"2021-01-21 12:30:02",121,110,11,0,81,70,11,0,121,40,80,1,0,2,30,1,5,2,18,2,18,2,0,0,0
5,BIHOR,"FOSTUL SFAT POPULAR MIZIES",385,DRĂGĂNEŞTI,29243,1,PROV,PRCNCT,S,S_SV,"2021-01-21 12:30:02",459,436,17,6,221,198,17,6,480,259,214,5,2,1,44,3,9,17,103,2,30,2,1,0,2
5,BIHOR,"CAMINUL CULTURAL PANTASESTI",386,DRĂGĂNEŞTI,29243,1,PROV,PRCNCT,S,S_SV,"2021-01-21 12:30:02",119,115,4,0,65,61,4,0,127,62,65,0,0,1,18,7,6,1,28,0,2,1,0,1,0
5,BIHOR,"SCOALA SEBIS",387,DRĂGĂNEŞTI,29243,1,PROV,PRCNCT,S,S_SV,"2021-01-21 12:30:02",273,258,15,0,128,113,15,0,284,156,127,1,0,1,36,2,3,8,63,0,10,0,1,2,1
5,BIHOR,"SCOALA PRIMARA TALPE",388,DRĂGĂNEŞTI,29243,1,PROV,PRCNCT,S,S_SV,"2021-01-21 12:30:02",210,200,10,0,107,97,10,0,221,114,106,1,0,1,30,2,8,4,34,0,27,0,0,0,0
5,BIHOR,"CAMINUL CULTURAL TIGANESTI",389,DRĂGĂNEŞTI,29243,1,PROV,PRCNCT,S,S_SV,"2021-01-21 12:30:02",128,123,5,0,63,58,5,0,135,72,63,0,0,1,26,2,7,8,17,0,1,0,1,0,0
5,BIHOR,"CAMINUL CULTURAL PACALESTI",390,DRĂGĂNEŞTI,29243,1,PROV,PRCNCT,S,S_SV,"2021-01-21 12:30:02",175,165,10,0,82,72,10,0,182,100,81,0,1,1,35,1,4,4,28,1,5,1,1,0,0
5,BIHOR,"PRIMĂRIA DRĂGEŞTI",391,DRĂGEŞTI,29341,1,PROV,PRCNCT,S,S_SV,"2021-01-21 12:30:02",310,280,30,0,117,87,30,0,307,190,116,0,1,2,21,4,34,5,28,0,15,5,2,0,0
5,BIHOR,"CĂMINUL CULTURAL",392,DRĂGEŞTI,29341,2,PART,PRCNCT,S,S_SV,"2021-01-21 12:30:02",247,219,27,1,111,83,27,1,252,141,109,0,2,0,25,4,21,3,22,1,30,1,1,0,1
5,BIHOR,"ŞCOALA CU CLASELE I-IV",393,DRĂGEŞTI,29341,1,PROV,PRCNCT,S,S_SV,"2021-01-21 12:30:02",191,169,22,0,72,50,22,0,187,115,70,1,1,0,27,0,17,1,14,1,8,2,0,0,0
5,BIHOR,"ŞCOALA CU CLASELE I-VIII",394,DRĂGEŞTI,29341,1,PROV,PRCNCT,S,S_SV,"2021-01-21 12:30:02",1091,1042,49,0,433,384,49,0,1147,714,399,15,19,3,51,5,180,6,70,4,61,11,1,1,6
5,BIHOR,"CĂMINUL CULTURAL TOPEŞTI",395,DRĂGEŞTI,29341,1,PROV,PRCNCT,S,S_SV,"2021-01-21 12:30:02",198,176,22,0,81,59,22,0,193,112,78,0,3,0,16,1,11,5,18,1,26,0,0,0,0
5,BIHOR,"PRIMĂRIA FINIŞ",396,FINIŞ,29403,1,PROV,PRCNCT,S,S_SV,"2021-01-21 12:30:02",1388,1351,37,0,585,548,37,0,1491,906,573,8,4,231,153,11,41,9,67,6,39,6,0,4,6
5,BIHOR,"GRĂDINIŢA FIZIŞ",397,FINIŞ,29403,1,PROV,PRCNCT,S,S_SV,"2021-01-21 12:30:02",205,197,8,0,80,72,8,0,217,137,78,2,0,2,26,9,10,2,10,0,14,4,0,1,0
5,BIHOR,"ŞCOALA GENERALĂ IOANIŞ",398,FINIŞ,29403,1,PROV,PRCNCT,S,S_SV,"2021-01-21 12:30:02",616,601,15,0,230,215,15,0,664,434,225,1,4,38,65,2,20,6,57,2,31,2,0,0,2
5,BIHOR,"GRĂDINIŢA ŞUNCUIŞ",399,FINIŞ,29403,1,PROV,PRCNCT,S,S_SV,"2021-01-21 12:30:02",692,681,11,0,172,161,11,0,748,576,162,5,5,36,35,7,16,4,44,2,18,0,0,0,0
5,BIHOR,"CĂMIN CULTURAL GEPIU",400,GEPIU,32195,1,PROV,PRCNCT,S,S_SV,"2021-01-21 12:30:02",1195,1042,136,17,538,385,136,17,1142,604,521,10,7,1,280,6,12,36,127,4,40,4,4,4,3
5,BIHOR,"CĂMIN CULTURAL BICACI",401,GEPIU,32195,1,PROV,PRCNCT,S,S_SV,"2021-01-21 12:30:02",546,514,28,4,177,145,28,4,567,390,174,1,2,14,61,1,9,3,65,2,15,1,1,1,1
5,BIHOR,"CĂMIN CULTURAL GIRIŞU DE CRIŞ",402,"GIRIŞU DE CRIŞ",29467,2,PART,PRCNCT,S,S_SV,"2021-01-21 12:30:02",1301,1253,41,7,384,336,41,7,1383,999,382,1,1,8,70,9,5,23,173,4,74,2,6,3,5
5,BIHOR,"GRĂDINIȚA TĂRIAN",403,"GIRIŞU DE CRIŞ",29467,1,PROV,PRCNCT,S,S_SV,"2021-01-21 12:30:02",959,928,21,10,309,278,21,10,1025,716,303,6,0,135,23,5,4,15,96,2,19,2,2,0,0
5,BIHOR,"CĂMIN CULTURAL TĂRIAN",404,"GIRIŞU DE CRIŞ",29467,1,PROV,PRCNCT,S,S_SV,"2021-01-21 12:30:02",917,885,23,9,270,238,23,9,977,707,255,11,4,11,25,3,6,16,152,0,39,2,1,0,0
5,BIHOR,"CĂMIN CULTURAL HIDIȘELU DE SUS",405,"HIDIŞELU DE SUS",29519,1,PROV,PRCNCT,S,S_SV,"2021-01-21 12:30:02",932,872,59,1,394,334,59,1,959,565,381,7,6,1,94,10,38,15,159,4,38,3,0,0,19
5,BIHOR,"ȘCOALA PRIMARĂ HIDIȘELU DE JOS",406,"HIDIŞELU DE SUS",29519,1,PROV,PRCNCT,S,S_SV,"2021-01-21 12:30:02",526,504,22,0,201,179,22,0,554,353,200,0,1,2,45,4,5,12,95,0,24,2,1,3,7
5,BIHOR,"CĂMIN CULTURAL MIERLĂU",407,"HIDIŞELU DE SUS",29519,1,PROV,PRCNCT,S,S_SV,"2021-01-21 12:30:02",626,583,42,1,252,209,42,1,644,392,249,2,1,0,60,16,7,1,140,5,16,1,1,1,1
5,BIHOR,"ȘCOALA PRIMARĂ SÎNTELEC",408,"HIDIŞELU DE SUS",29519,1,PROV,PRCNCT,S,S_SV,"2021-01-21 12:30:02",342,313,29,0,132,103,29,0,344,212,129,2,1,0,43,0,9,2,54,3,15,1,1,0,1
5,BIHOR,"CĂMIN CULTURAL ȘUMUGIU",409,"HIDIŞELU DE SUS",29519,1,PROV,PRCNCT,S,S_SV,"2021-01-21 12:30:02",375,324,43,8,135,84,43,8,356,221,132,3,0,1,38,2,5,2,56,1,25,0,0,0,2
5,BIHOR,"ȘCOALA GIMNAZIALĂ ”IOSIF VULCAN”",410,HOLOD,29573,1,PROV,PRCNCT,S,S_SV,"2021-01-21 12:30:02",459,381,77,1,223,145,77,1,421,198,218,1,4,0,50,9,21,11,101,5,14,1,1,3,2
5,BIHOR,"CĂMIN CULTURAL",411,HOLOD,29573,1,PROV,PRCNCT,S,S_SV,"2021-01-21 12:30:02",663,567,21,75,265,169,21,75,623,358,250,9,6,3,15,2,33,5,156,3,14,7,2,9,1
5,BIHOR,"CĂMIN CULTURAL",412,HOLOD,29573,1,PROV,PRCNCT,S,S_SV,"2021-01-21 12:30:02",162,137,25,0,68,43,25,0,153,85,62,1,5,0,17,1,2,4,30,0,2,3,1,2,0
5,BIHOR,"CĂMIN CULTURAL",413,HOLOD,29573,1,PROV,PRCNCT,S,S_SV,"2021-01-21 12:30:02",138,112,26,0,72,46,26,0,123,51,69,1,2,1,11,3,5,1,38,0,7,2,0,1,0
5,BIHOR,"CĂMIN CULTURAL HODIȘ",414,HOLOD,29573,1,PROV,PRCNCT,S,S_SV,"2021-01-21 12:30:02",136,117,19,0,64,45,19,0,129,65,63,1,0,1,28,2,4,4,16,0,5,2,0,1,0
5,BIHOR,"ȘCOALA CU CLASELE I-IV LUPOAIA",415,HOLOD,29573,1,PROV,PRCNCT,S,S_SV,"2021-01-21 12:30:02",498,473,25,0,99,74,25,0,520,421,96,2,1,0,30,1,9,6,36,0,11,2,0,1,0
5,BIHOR,"ȘCOALA CU CLASELE I-IV",416,HOLOD,29573,1,PROV,PRCNCT,S,S_SV,"2021-01-21 12:30:02",118,70,48,0,63,15,48,0,75,12,63,0,0,0,12,1,1,1,40,2,5,0,0,0,1
5,BIHOR,"GRĂDINIŢA CU PROGRAM NORMAL, NR.2",417,HOLOD,29573,1,PROV,PRCNCT,S,S_SV,"2021-01-21 12:30:02",629,588,38,3,193,152,38,3,647,454,189,1,3,0,59,1,7,4,101,2,9,2,3,0,1
5,BIHOR,"GRĂDINIȚA DE COPII",418,"HUSASĂU DE TINCA",29662,1,PROV,PRCNCT,S,S_SV,"2021-01-21 12:30:02",690,619,44,27,236,165,44,27,683,447,228,4,4,3,114,3,3,30,45,3,17,2,2,2,4
5,BIHOR,"ȘCOALA CU CLASELE I-IV FONĂU",419,"HUSASĂU DE TINCA",29662,1,PROV,PRCNCT,S,S_SV,"2021-01-21 12:30:02",180,167,13,0,63,50,13,0,183,120,59,2,2,1,32,2,1,2,12,0,5,3,0,1,0
5,BIHOR,"ȘCOALA CU CLASELE I-IV MIERSIG",420,"HUSASĂU DE TINCA",29662,1,PROV,PRCNCT,S,S_SV,"2021-01-21 12:30:02",349,306,36,7,133,90,36,7,338,205,130,2,1,3,57,0,3,12,33,0,15,1,1,4,1
5,BIHOR,"ȘCOALA CU CLASELE I-IV OȘAND",421,"HUSASĂU DE TINCA",29662,1,PROV,PRCNCT,S,S_SV,"2021-01-21 12:30:02",416,393,23,0,123,100,23,0,436,313,111,5,7,3,46,6,16,2,22,1,12,1,0,1,1
5,BIHOR,"ȘCOALA CU CLASELE I-IV SITITELEC",422,"HUSASĂU DE TINCA",29662,1,PROV,PRCNCT,S,S_SV,"2021-01-21 12:30:02",295,258,34,3,95,58,34,3,282,187,92,3,0,1,29,2,4,5,30,0,18,3,0,0,0
5,BIHOR,"CĂMINUL CULTURAL INEU",423,INEU,29724,2,PART,PRCNCT,S,S_SV,"2021-01-21 12:30:02",920,871,47,2,290,241,47,2,958,668,283,4,3,47,74,6,5,16,85,4,30,5,2,0,9
5,BIHOR,"CĂMINUL CULTURAL INEU",424,INEU,29724,1,PROV,PRCNCT,S,S_SV,"2021-01-21 12:30:02",1177,1160,17,0,294,277,17,0,1273,979,265,13,16,7,154,13,2,6,45,2,30,1,3,1,1
5,BIHOR,"CĂMINUL CULTURAL BOTEAN",425,INEU,29724,1,PROV,PRCNCT,S,S_SV,"2021-01-21 12:30:02",530,514,16,0,149,133,16,0,568,419,147,1,1,1,72,5,4,8,39,1,16,1,0,0,0
5,BIHOR,"CĂMINUL CULTURAL HUSASĂU DE CRIȘ",426,INEU,29724,1,PROV,PRCNCT,S,S_SV,"2021-01-21 12:30:02",1041,1008,33,0,326,293,33,0,1109,783,325,0,1,3,144,9,6,9,105,0,42,0,1,0,6
5,BIHOR,PRIMĂRIA,427,"LAZURI DE BEIUŞ",29760,1,PROV,PRCNCT,S,S_SV,"2021-01-21 12:30:02",305,284,15,6,159,138,15,6,312,153,156,2,1,3,24,2,3,8,101,3,9,3,0,0,0
5,BIHOR,"CĂMIN CULTURAL",428,"LAZURI DE BEIUŞ",29760,1,PROV,PRCNCT,S,S_SV,"2021-01-21 12:30:02",571,519,43,9,339,287,43,9,573,234,333,0,6,1,53,14,6,23,220,0,10,0,0,4,2
5,BIHOR,"ȘCOALA CU CLASELE I-IV",429,"LAZURI DE BEIUŞ",29760,1,PROV,PRCNCT,S,S_SV,"2021-01-21 12:30:02",388,371,17,0,152,135,17,0,407,255,147,5,0,1,31,5,6,10,75,2,12,2,0,1,2
5,BIHOR,"CĂMIN CULTURAL BĂLENI",430,"LAZURI DE BEIUŞ",29760,1,PROV,PRCNCT,S,S_SV,"2021-01-21 12:30:02",177,164,12,1,92,79,12,1,180,88,85,3,4,0,11,1,3,3,49,1,16,0,0,1,0
5,BIHOR,"CĂMIN CULTURAL LĂZĂRENI",431,LĂZĂRENI,29813,1,PROV,PRCNCT,S,S_SV,"2021-01-21 12:30:02",722,669,53,0,400,347,53,0,739,339,373,27,0,3,84,5,15,4,195,2,53,5,2,2,3
5,BIHOR,"CĂMIN CULTURAL CĂRĂNDENI",432,LĂZĂRENI,29813,2,PART,PRCNCT,S,S_SV,"2021-01-21 12:30:02",365,326,37,2,132,93,37,2,363,231,131,1,0,2,41,4,6,9,47,2,16,1,0,1,2
5,BIHOR,"CĂMIN CULTURAL CĂRĂNZEL",433,LĂZĂRENI,29813,1,PROV,PRCNCT,S,S_SV,"2021-01-21 12:30:02",106,76,30,0,73,43,30,0,83,10,69,0,4,1,7,6,0,2,44,2,5,2,0,0,0
5,BIHOR,"CĂMIN CULTURAL",434,LĂZĂRENI,29813,1,PROV,PRCNCT,S,S_SV,"2021-01-21 12:30:02",523,489,34,0,206,172,34,0,539,333,204,0,2,1,65,5,4,16,77,4,25,4,0,3,0
5,BIHOR,"CĂMIN CULTURAL",435,LĂZĂRENI,29813,1,PROV,PRCNCT,S,S_SV,"2021-01-21 12:30:02",604,566,38,0,290,252,38,0,628,338,283,5,2,3,73,2,2,1,109,1,89,1,0,2,0
5,BIHOR,"CĂMIN CULTURAL",436,LĂZĂRENI,29813,1,PROV,PRCNCT,S,S_SV,"2021-01-21 12:30:02",114,92,22,0,50,28,22,0,101,51,50,0,0,0,9,6,4,1,15,3,12,0,0,0,0
5,BIHOR,"CĂMIN CULTURAL",437,LĂZĂRENI,29813,1,PROV,PRCNCT,S,S_SV,"2021-01-21 12:30:02",180,142,38,0,79,41,38,0,157,78,79,0,0,1,18,7,2,4,29,0,17,1,0,0,0
5,BIHOR,"CĂMINUL CULTURAL LUGAȘU DE JOS",438,"LUGAŞU DE JOS",29902,1,PROV,PRCNCT,S,S_SV,"2021-01-21 12:30:02",1396,1319,45,32,621,545,45,31,1455,834,591,20,10,188,108,23,36,8,132,3,49,13,2,3,26
5,BIHOR,"CĂMINUL CULTURAL LUGAȘU DE SUS",439,"LUGAŞU DE JOS",29902,1,PROV,PRCNCT,S,S_SV,"2021-01-21 12:30:02",688,663,24,1,288,263,24,1,732,444,278,5,5,111,34,7,6,7,74,0,22,5,9,3,0
5,BIHOR,"CĂMINUL CULTURAL URVIND",440,"LUGAŞU DE JOS",29902,2,PART,PRCNCT,S,S_SV,"2021-01-21 12:30:02",877,748,71,58,518,390,71,57,824,306,503,8,7,419,13,8,2,12,29,2,11,3,2,2,0
5,BIHOR,"CĂMINUL CULTURAL LUNCA",441,LUNCA,29948,1,PROV,PRCNCT,S,S_SV,"2021-01-21 12:30:02",831,771,53,7,349,289,53,7,847,498,344,3,2,4,64,41,20,19,162,0,31,2,0,1,0
5,BIHOR,"CĂMINUL CULTURAL BRIHENI",442,LUNCA,29948,1,PROV,PRCNCT,S,S_SV,"2021-01-21 12:30:02",281,243,29,9,174,136,29,9,269,95,171,0,3,3,15,7,4,3,127,1,10,1,0,0,0
5,BIHOR,"CĂMINUL CULTURAL HOTĂREL",443,LUNCA,29948,1,PROV,PRCNCT,S,S_SV,"2021-01-21 12:30:02",247,228,16,3,137,118,16,3,250,113,134,3,0,0,24,5,6,2,65,0,19,2,7,4,0
5,BIHOR,"CĂMINUL CULTURAL SEGHIŞTE",444,LUNCA,29948,1,PROV,PRCNCT,S,S_SV,"2021-01-21 12:30:02",514,461,35,18,326,274,34,18,508,182,317,5,4,0,34,10,12,19,216,3,19,4,0,0,0
5,BIHOR,"CAMINUL CULTURAL SIRBESTI",445,LUNCA,29948,1,PROV,PRCNCT,S,S_SV,"2021-01-21 12:30:02",248,218,26,4,138,108,26,4,232,94,135,1,2,3,33,4,6,2,73,0,10,4,0,0,0
5,BIHOR,"CĂMINUL CULTURAL ŞUŞTIU",446,LUNCA,29948,1,PROV,PRCNCT,S,S_SV,"2021-01-21 12:30:02",390,363,20,7,230,203,20,7,406,176,225,2,3,3,48,10,4,11,137,0,9,1,2,0,0
5,BIHOR,"CĂMINUL CULTURAL",447,MĂDĂRAS,30014,1,PROV,PRCNCT,S,S_SV,"2021-01-21 12:30:02",200,172,28,0,86,58,28,0,190,104,83,3,0,2,10,1,3,7,35,0,21,1,3,0,0
5,BIHOR,"ȘCOALA CU CLASELE I.-VIII",448,MĂDĂRAS,30014,1,PROV,PRCNCT,S,S_SV,"2021-01-21 12:30:02",759,741,13,5,246,228,13,5,816,570,236,0,10,4,32,9,8,13,134,3,28,2,1,2,0
5,BIHOR,"GRĂDINIȚA HOMOROG",449,MĂDĂRAS,30014,1,PROV,PRCNCT,S,S_SV,"2021-01-21 12:30:02",612,583,29,0,170,141,29,0,641,471,168,1,1,3,35,8,10,19,57,1,33,0,1,1,0
5,BIHOR,"ŞCOALA CU CLASELE I-VIII",450,MĂDĂRAS,30014,1,PROV,PRCNCT,S,S_SV,"2021-01-21 12:30:02",789,753,36,0,224,188,36,0,829,605,218,5,1,2,47,4,10,17,87,2,42,3,1,1,2
5,BIHOR,"PRIMĂRIA MĂGEŞTI",451,MĂGEŞTI,30069,1,PROV,PRCNCT,S,S_SV,"2021-01-21 12:30:02",235,219,16,0,106,90,16,0,244,138,103,0,3,2,16,11,2,3,47,4,12,1,1,2,2
5,BIHOR,"CĂMINUL CULTURAL BUTANI",452,MĂGEŞTI,30069,1,PROV,PRCNCT,S,S_SV,"2021-01-21 12:30:02",300,295,5,0,112,107,5,0,332,220,112,0,0,1,20,7,4,11,43,1,18,1,0,1,5
5,BIHOR,"ŞCOALA GENERALĂ",453,MĂGEŞTI,30069,1,PROV,PRCNCT,S,S_SV,"2021-01-21 12:30:02",443,421,22,0,152,130,22,0,464,312,148,2,2,2,33,3,6,7,66,0,28,0,2,1,0
5,BIHOR,"ŞCOALA GENERALĂ",454,MĂGEŞTI,30069,1,PROV,PRCNCT,S,S_SV,"2021-01-21 12:30:02",302,290,12,0,99,87,12,0,319,220,98,0,1,23,13,2,9,11,21,1,11,0,1,3,3
5,BIHOR,"ŞCOALA GENERALĂ",455,MĂGEŞTI,30069,1,PROV,PRCNCT,S,S_SV,"2021-01-21 12:30:02",298,287,9,2,132,121,9,2,311,179,131,0,1,2,19,44,6,5,36,0,12,2,1,3,1
5,BIHOR,"CĂMINUL CULTURAL GĂLĂŞENI",456,MĂGEŞTI,30069,1,PROV,PRCNCT,S,S_SV,"2021-01-21 12:30:02",218,211,7,0,67,60,7,0,233,166,63,1,3,1,6,6,4,5,25,0,13,3,0,0,0
5,BIHOR,"CĂMIN CULTURAL",457,MĂGEŞTI,30069,2,PART,PRCNCT,S,S_SV,"2021-01-21 12:30:02",431,396,26,9,183,148,26,9,439,256,175,5,3,1,38,20,7,5,88,0,9,4,3,0,0
5,BIHOR,"ȘCOALA GIMNAZIALĂ NR 1 NOJORID STR. PRINCIPALĂ NR 185 LOC. NOJORID",458,NOJORID,30149,2,PART,PRCNCT,S,S_SV,"2021-01-21 12:30:02",1200,1147,51,2,458,405,51,2,1263,805,453,3,2,4,72,25,12,46,235,4,38,2,1,0,14
5,BIHOR,"ȘCOALA GIMNAZIALĂ NR.1",459,NOJORID,30149,1,PROV,PRCNCT,S,S_SV,"2021-01-21 12:30:02",1102,1066,34,2,385,349,34,2,1176,791,376,7,2,7,70,9,14,59,167,0,34,2,0,1,13
5,BIHOR,"SCOALA CU CLASELE I-IV APATEU , LOC. APATEU NR 41",460,NOJORID,30149,1,PROV,PRCNCT,S,S_SV,"2021-01-21 12:30:02",319,281,33,5,135,97,33,5,314,179,132,2,1,2,27,5,4,16,60,0,5,0,0,0,13
5,BIHOR,"ȘCOALA CU CL. I-IV CHIȘIRID, LOC CHIȘIRID NR 168",461,NOJORID,30149,2,PART,PRCNCT,S,S_SV,"2021-01-21 12:30:02",247,200,47,0,107,60,47,0,225,118,106,0,1,2,25,2,3,14,42,0,15,1,0,1,1
5,BIHOR,"ȘCOALA PRIMARĂ NR.1",462,NOJORID,30149,1,PROV,PRCNCT,S,S_SV,"2021-01-21 12:30:02",730,704,26,0,185,159,26,0,776,591,183,2,0,6,20,8,4,34,80,2,24,1,0,1,3
5,BIHOR,"GRĂDINIȚA - LIVADA DE BIHOR LOC. LIVADA DE BIHOR NR. 228",463,NOJORID,30149,1,PROV,PRCNCT,S,S_SV,"2021-01-21 12:30:02",1232,1195,37,0,352,315,37,0,1312,960,343,4,5,4,52,9,16,28,157,7,49,4,4,1,12
5,BIHOR,"ȘCOALA CU CL.I-IV PĂUȘA , NR 37/B",464,NOJORID,30149,1,PROV,PRCNCT,S,S_SV,"2021-01-21 12:30:02",291,260,31,0,104,73,31,0,285,181,101,2,1,2,22,11,13,4,36,0,10,1,0,0,2
5,BIHOR,"ȘCOALA CU CL. I-IV ȘAUAIEU, LOC. ȘAUAIEU NR 101",465,NOJORID,30149,1,PROV,PRCNCT,S,S_SV,"2021-01-21 12:30:02",277,238,39,0,92,53,39,0,260,168,91,1,0,12,17,9,2,4,35,2,10,0,0,0,0
5,BIHOR,"ŞCOALA GIMNAZIALĂ NR. 1 OLCEA",466,OLCEA,30229,1,PROV,PRCNCT,S,S_SV,"2021-01-21 12:30:02",481,461,15,5,182,162,15,5,507,325,170,7,5,0,50,3,14,2,72,1,19,3,4,2,0
5,BIHOR,"ŞCOALA GIMNAZIALĂ NR. 2 CĂLACEA",467,OLCEA,30229,1,PROV,PRCNCT,S,S_SV,"2021-01-21 12:30:02",1017,979,30,8,312,274,30,8,1078,766,302,4,6,1,55,10,10,8,147,6,41,9,4,7,4
5,BIHOR,"ŞCOALA PRIMARĂ NR. 1 HODIŞEL",468,OLCEA,30229,1,PROV,PRCNCT,S,S_SV,"2021-01-21 12:30:02",268,240,17,11,125,97,17,11,265,140,122,3,0,1,21,2,21,3,47,0,18,8,0,1,0
5,BIHOR,"GRĂDINIŢA CU PROGRAM NORMAL NR. 4 UCURIŞ",469,OLCEA,30229,1,PROV,PRCNCT,S,S_SV,"2021-01-21 12:30:02",476,449,20,7,122,95,20,7,494,372,120,2,0,2,13,2,2,3,75,0,13,4,1,0,5
5,BIHOR,"ȘCOALA GIMNAZIALA „AUREL POP” OȘORHEI",470,OŞORHEI,30274,1,PROV,PRCNCT,S,S_SV,"2021-01-21 12:30:02",1426,1395,31,0,431,400,31,0,1533,1102,421,6,4,90,38,2,13,41,164,2,61,0,4,1,5
5,BIHOR,"ȘCOALA GIMNAZIALA „AUREL POP” OȘORHEI",471,OŞORHEI,30274,1,PROV,PRCNCT,S,S_SV,"2021-01-21 12:30:02",1515,1468,44,3,461,414,44,3,1610,1149,456,3,2,64,54,13,5,45,206,10,47,4,2,0,6
5,BIHOR,"ȘCOALA PRIMARĂ NR.1 ALPAREA",472,OŞORHEI,30274,1,PROV,PRCNCT,S,S_SV,"2021-01-21 12:30:02",930,871,56,3,403,344,56,3,955,552,393,3,7,2,67,4,4,25,219,5,44,2,1,2,18
5,BIHOR,"CAMIN CULTURAL CHERIU",473,OŞORHEI,30274,1,PROV,PRCNCT,S,S_SV,"2021-01-21 12:30:02",706,664,39,3,278,236,39,3,733,455,272,5,1,2,52,4,4,24,126,5,44,5,0,0,6
5,BIHOR,"CĂMIN CULTURAL FELCHERIU",474,OŞORHEI,30274,1,PROV,PRCNCT,S,S_SV,"2021-01-21 12:30:02",307,261,46,0,120,74,46,0,288,168,116,2,2,1,26,1,3,7,61,0,16,0,0,0,1
5,BIHOR,"CĂMIN CULTURAL FUGHIU",475,OŞORHEI,30274,1,PROV,PRCNCT,S,S_SV,"2021-01-21 12:30:02",997,961,36,0,361,325,36,0,1056,695,356,3,2,96,41,6,6,16,125,3,34,1,3,4,21
5,BIHOR,"ȘCOALA CU CLASELE I-IV",476,PALEU,32161,2,PART,PRCNCT,S,S_SV,"2021-01-21 12:30:02",1537,1465,71,1,645,573,71,1,1603,958,638,4,3,220,64,9,13,65,234,2,21,0,7,1,2
5,BIHOR,"ȘCOALA CU CLASELE I-IV",477,PALEU,32161,1,PROV,PRCNCT,S,S_SV,"2021-01-21 12:30:02",456,407,32,17,229,181,32,16,448,219,221,2,6,188,2,1,1,1,17,1,4,3,1,1,1
5,BIHOR,"ȘCOALA CU CLASELE I-IV",478,PALEU,32161,1,PROV,PRCNCT,S,S_SV,"2021-01-21 12:30:02",875,818,39,18,372,316,39,17,898,526,367,2,3,259,18,3,2,12,60,0,8,0,1,2,2
5,BIHOR,"ȘCOALA GIMNAZIALĂ NR.1 PIETROASA",479,PIETROASA,30336,1,PROV,PRCNCT,S,S_SV,"2021-01-21 12:30:02",672,646,26,0,287,261,26,0,722,435,281,6,0,3,112,34,19,11,69,0,26,2,4,1,0
5,BIHOR,"ȘCOALA PRIMARĂ NR.1 GURANI",480,PIETROASA,30336,1,PROV,PRCNCT,S,S_SV,"2021-01-21 12:30:02",495,467,28,0,204,176,28,0,521,317,196,5,3,1,70,57,15,4,28,1,8,2,4,1,5
5,BIHOR,"ȘCOALA PRIMARĂ NR.2 COCIUBA MICĂ",481,PIETROASA,30336,1,PROV,PRCNCT,S,S_SV,"2021-01-21 12:30:02",375,366,9,0,127,118,9,0,404,277,124,1,2,1,34,9,10,3,41,1,15,1,3,1,5
5,BIHOR,"ȘCOALA GIMAZIALĂ NR.2 CHIȘCĂU",482,PIETROASA,30336,1,PROV,PRCNCT,S,S_SV,"2021-01-21 12:30:02",600,582,18,0,212,194,18,0,652,440,208,2,2,1,104,12,18,6,36,0,28,1,0,0,2
5,BIHOR,"ȘCOALA PRIMARĂ NR.4 GIULEȘTI",483,PIETROASA,30336,1,PROV,PRCNCT,S,S_SV,"2021-01-21 12:30:02",134,128,6,0,57,51,6,0,142,85,52,2,3,1,32,2,2,5,8,0,2,0,0,0,0
5,BIHOR,"ȘCOALA PRIMARĂ NR.3 MĂGURA",484,PIETROASA,30336,1,PROV,PRCNCT,S,S_SV,"2021-01-21 12:30:02",261,248,13,0,103,90,13,0,274,171,102,1,0,1,34,9,18,7,22,0,8,3,0,0,0
5,BIHOR,"ȘCOALA PRIMARĂ NR.5 MOȚEȘTI",485,PIETROASA,30336,1,PROV,PRCNCT,S,S_SV,"2021-01-21 12:30:02",96,74,22,0,47,25,22,0,80,33,44,2,1,1,12,10,4,3,8,0,4,2,0,0,0
5,BIHOR,"CAMINUL CULTURAL POCOLA",486,POCOLA,30416,1,PROV,PRCNCT,S,S_SV,"2021-01-21 12:30:02",484,441,30,13,260,218,30,12,485,225,255,2,3,1,131,2,7,7,66,1,32,1,1,2,4
5,BIHOR,"CAMINUL CULTURAL FENERIȘ",487,POCOLA,30416,1,PROV,PRCNCT,S,S_SV,"2021-01-21 12:30:02",330,287,32,11,168,125,32,11,317,149,165,3,0,1,77,4,9,8,50,0,13,2,1,0,0
5,BIHOR,"CAMIN CULTURAL PETRANI",488,POCOLA,30416,2,PART,PRCNCT,S,S_SV,"2021-01-21 12:30:02",303,278,22,3,153,128,22,3,308,155,146,6,1,4,69,3,11,3,32,1,19,1,0,2,1
5,BIHOR,"CAMIN CULTURAL SINMARTIN DE BEIUȘ",489,POCOLA,30416,2,PART,PRCNCT,S,S_SV,"2021-01-21 12:30:02",211,184,23,4,125,98,23,4,204,79,122,3,0,1,35,12,2,7,45,0,17,1,0,2,0
5,BIHOR,"CĂMIN CULTURAL COȘDENI",490,POMEZEU,30470,1,PROV,PRCNCT,S,S_SV,"2021-01-21 12:30:02",472,444,22,6,194,166,22,6,488,294,188,3,3,2,97,2,6,5,34,1,37,1,0,3,0
5,BIHOR,"CĂMIN CULTURAL HIDIȘ",491,POMEZEU,30470,1,PROV,PRCNCT,S,S_SV,"2021-01-21 12:30:02",317,264,45,8,202,149,45,8,290,88,199,1,2,2,96,3,6,4,70,2,15,0,0,1,0
5,BIHOR,"CĂMIN CULTURAL SPINUȘ DE POMEZEU",492,POMEZEU,30470,2,PART,PRCNCT,S,S_SV,"2021-01-21 12:30:02",223,172,25,26,136,85,25,26,185,49,135,1,0,1,26,1,5,2,87,0,13,0,0,0,0
5,BIHOR,"CĂMIN CULTURAL VĂLANI DE POMEZEU",493,POMEZEU,30470,2,PART,PRCNCT,S,S_SV,"2021-01-21 12:30:02",459,442,14,3,181,164,14,3,486,305,178,3,0,1,63,1,7,8,53,2,41,1,0,0,1
5,BIHOR,"GRĂDINIȚA CU PROGRAM NORMAL NR.2 SITANI",494,POMEZEU,30470,1,PROV,PRCNCT,S,S_SV,"2021-01-21 12:30:02",378,355,22,1,180,157,22,1,392,212,172,2,6,1,57,8,5,2,56,1,37,1,0,1,3
5,BIHOR,"ȘCOALA GIMNAZIALĂ NR.1 POMEZEU",495,POMEZEU,30470,2,PART,PRCNCT,S,S_SV,"2021-01-21 12:30:02",119,104,15,0,61,46,15,0,116,55,61,0,0,2,11,1,9,3,24,0,11,0,0,0,0
5,BIHOR,"ȘCOALA GENERALĂ LACU SĂRAT",496,POMEZEU,30470,1,PROV,PRCNCT,S,S_SV,"2021-01-21 12:30:02",44,34,10,0,25,15,10,0,39,14,25,0,0,1,4,1,5,2,8,0,4,0,0,0,0
5,BIHOR,"ȘCOALA PRIMARĂ NR.2 CÎMPANI",497,POMEZEU,30470,1,PROV,PRCNCT,S,S_SV,"2021-01-21 12:30:02",356,339,17,0,128,111,17,0,372,244,128,0,0,2,42,3,4,3,47,0,21,1,1,1,3
5,BIHOR,"LICEUL TEHNOLOGIC NR 1 POPESTI",498,POPEŞTI,30568,1,PROV,PRCNCT,S,S_SV,"2021-01-21 12:30:02",950,933,13,4,217,200,13,4,1031,814,209,6,2,20,58,0,7,11,71,2,34,1,4,0,1
5,BIHOR,"LICEUL TEHNOLOGIC NR 1 POPESTI",499,POPEŞTI,30568,1,PROV,PRCNCT,S,S_SV,"2021-01-21 12:30:02",982,919,9,54,332,269,9,54,1012,680,328,1,3,57,87,3,13,10,113,4,34,3,0,1,3
5,BIHOR,"ŞCOALA GENERALĂ VOIVOZI",500,POPEŞTI,30568,2,PART,PRCNCT,S,S_SV,"2021-01-21 12:30:02",793,765,21,7,241,213,21,7,843,602,229,5,7,2,69,2,24,4,92,2,27,4,1,2,0
5,BIHOR,"ŞCOALA GENERALĂ VOIVOZI",501,POPEŞTI,30568,1,PROV,PRCNCT,S,S_SV,"2021-01-21 12:30:02",619,608,10,1,153,142,10,1,672,519,150,2,1,8,43,1,11,9,60,1,14,1,2,0,0
5,BIHOR,"ȘCOALA GENERALĂ BISTRA",502,POPEŞTI,30568,1,PROV,PRCNCT,S,S_SV,"2021-01-21 12:30:02",842,822,16,4,254,234,16,4,911,657,249,3,2,8,60,1,3,16,70,0,84,1,0,2,4
5,BIHOR,"LICEUL ”JOSEF KOZACEK” BUDOI",503,POPEŞTI,30568,1,PROV,PRCNCT,S,S_SV,"2021-01-21 12:30:02",749,738,10,1,190,179,10,1,812,622,173,9,8,9,41,5,4,5,82,0,15,3,6,2,1
5,BIHOR,"ȘCOALA GENERALĂ CUZAP",504,POPEŞTI,30568,1,PROV,PRCNCT,S,S_SV,"2021-01-21 12:30:02",949,923,20,6,305,279,20,6,1021,716,298,4,3,3,77,4,37,3,97,3,68,4,1,1,0
5,BIHOR,"ȘCOALA GENERALĂ VARVIZ",505,POPEŞTI,30568,1,PROV,PRCNCT,S,S_SV,"2021-01-21 12:30:02",419,406,9,4,139,126,9,4,449,310,132,5,2,1,38,9,3,3,60,0,9,2,2,2,3
5,BIHOR,"ȘCOALA GENERALĂ VĂRZARI",506,POPEŞTI,30568,1,PROV,PRCNCT,S,S_SV,"2021-01-21 12:30:02",264,255,9,0,97,88,9,0,279,182,92,3,2,3,31,1,3,12,30,0,11,0,0,1,0
5,BIHOR,"CĂMINUL CULTURAL",507,RĂBĂGANI,30648,1,PROV,PRCNCT,S,S_SV,"2021-01-21 12:30:02",561,523,38,0,251,213,38,0,576,325,235,10,6,1,62,5,21,5,87,3,39,5,2,3,2
5,BIHOR,"FOSTA ȘCOALĂ CU CLASELE I-IV ALBEȘTI",508,RĂBĂGANI,30648,2,PART,PRCNCT,S,S_SV,"2021-01-21 12:30:02",229,206,23,0,118,95,23,0,228,110,118,0,0,0,36,2,10,6,39,1,21,2,0,1,0
5,BIHOR,"CĂMINUL CULTURAL",509,RĂBĂGANI,30648,1,PROV,PRCNCT,S,S_SV,"2021-01-21 12:30:02",101,90,11,0,57,46,11,0,100,43,56,1,0,0,20,1,5,3,25,0,1,0,0,1,0
5,BIHOR,"CĂMINUL CULTURAL",510,RĂBĂGANI,30648,1,PROV,PRCNCT,S,S_SV,"2021-01-21 12:30:02",391,368,23,0,145,122,23,0,405,260,143,1,1,1,37,7,8,2,52,2,31,2,0,0,1
5,BIHOR,"CĂMINUL CULTURAL",511,RĂBĂGANI,30648,1,PROV,PRCNCT,S,S_SV,"2021-01-21 12:30:02",325,310,15,0,134,119,15,0,341,207,133,0,1,2,42,4,20,4,39,3,15,2,0,2,0
5,BIHOR,"FOSTA GRĂDINIȚĂ CU PROGRAM NORMAL",512,RĂBĂGANI,30648,1,PROV,PRCNCT,S,S_SV,"2021-01-21 12:30:02",124,100,24,0,68,44,24,0,110,42,66,1,1,0,17,1,1,3,35,0,8,0,1,0,0
5,BIHOR,"ȘCOALA GIMNAZIALĂ NR 1",513,REMETEA,30719,1,PROV,PRCNCT,S,S_SV,"2021-01-21 12:30:02",709,668,41,0,385,344,41,0,736,351,381,1,3,152,94,2,4,8,75,1,33,1,4,1,6
5,BIHOR,"ȘCOALA GIMNAZIALĂ NR 2",514,REMETEA,30719,1,PROV,PRCNCT,S,S_SV,"2021-01-21 12:30:02",940,903,26,11,484,447,26,11,997,513,468,7,9,1,353,8,5,11,36,1,42,3,4,4,0
5,BIHOR,"ȘCOALA PRIMARĂ NR. 2",515,REMETEA,30719,1,PROV,PRCNCT,S,S_SV,"2021-01-21 12:30:02",347,310,29,8,165,128,29,8,343,178,160,4,1,5,83,2,6,10,36,3,11,4,0,0,0
5,BIHOR,"ȘCOALA PRIMARĂ NR. 1",516,REMETEA,30719,1,PROV,PRCNCT,S,S_SV,"2021-01-21 12:30:02",400,365,31,4,191,156,31,4,404,213,186,4,1,1,107,1,8,3,40,1,18,5,0,2,0
5,BIHOR,"CĂMINUL CULTURAL ŞOIMUŞ",517,REMETEA,30719,1,PROV,PRCNCT,S,S_SV,"2021-01-21 12:30:02",141,99,42,0,87,45,42,0,109,22,85,2,0,2,37,0,4,5,33,0,4,0,0,0,0
5,BIHOR,"CLĂDIREA ANEXĂ A SEDIULUI PRIMĂRIEI RIENI",518,RIENI,30773,2,PART,PRCNCT,S,S_SV,"2021-01-21 12:30:02",719,435,261,23,461,179,261,21,477,16,452,7,2,7,40,12,11,11,328,1,40,0,1,0,1
5,BIHOR,"CĂMIN CULTURAL GHIGHIȘENI",519,RIENI,30773,1,PROV,PRCNCT,S,S_SV,"2021-01-21 12:30:02",878,781,84,13,471,374,84,13,858,387,460,8,3,0,87,4,5,12,312,0,28,5,2,4,1
5,BIHOR,"CĂMINUL CULTURAL VALEA DE JOS",520,RIENI,30773,1,PROV,PRCNCT,S,S_SV,"2021-01-21 12:30:02",530,461,59,10,271,202,59,10,512,241,266,3,2,0,50,3,6,9,187,1,6,2,1,1,0
5,BIHOR,"CĂMIN CULTURAL PETRILENI",521,RIENI,30773,1,PROV,PRCNCT,S,S_SV,"2021-01-21 12:30:02",539,455,72,12,243,159,72,12,503,260,235,2,6,1,29,2,5,13,155,4,22,0,1,0,3
5,BIHOR,"CĂMIN CULTURAL SUDRIGIU",522,RIENI,30773,1,PROV,PRCNCT,S,S_SV,"2021-01-21 12:30:02",293,267,24,2,149,123,24,2,294,145,147,2,0,2,35,2,5,7,79,0,14,1,1,1,0
5,BIHOR,"CĂMINUL CULTURAL ROŞIA",523,ROŞIA,30844,1,PROV,PRCNCT,S,S_SV,"2021-01-21 12:30:02",527,501,26,0,289,263,26,0,556,267,284,4,1,6,75,4,12,12,142,3,18,9,1,2,0
5,BIHOR,"AFTER SCHOOL",524,ROŞIA,30844,1,PROV,PRCNCT,S,S_SV,"2021-01-21 12:30:02",519,506,13,0,282,269,13,0,560,278,267,9,6,1,64,1,23,2,143,4,22,6,0,1,0
5,BIHOR,"FOSTĂ GRADINIȚA PONIȚA",525,ROŞIA,30844,1,PROV,PRCNCT,S,S_SV,"2021-01-21 12:30:02",618,604,13,1,321,307,13,1,659,338,311,9,1,1,82,4,12,7,158,3,32,7,0,0,5
5,BIHOR,"ŞCOALA CU CLASELE I-IV LAZURI",526,ROŞIA,30844,2,PART,PRCNCT,S,S_SV,"2021-01-21 12:30:02",329,318,11,0,214,203,11,0,348,134,209,1,4,4,50,11,1,1,107,1,30,2,0,1,1
5,BIHOR,"ŞCOALA GIMNAZIALĂ ”JAKO ZSIGMOND”",527,ROŞIORI,32187,1,PROV,PRCNCT,S,S_SV,"2021-01-21 12:30:02",1205,1151,30,24,487,433,30,24,1269,782,468,7,12,375,8,5,2,6,23,0,32,10,4,2,1
5,BIHOR,"ŞCOALA GIMNAZIALĂ NR.1",528,ROŞIORI,32187,1,PROV,PRCNCT,S,S_SV,"2021-01-21 12:30:02",856,823,32,1,217,184,32,1,908,691,213,2,2,4,29,10,4,10,75,1,72,2,0,1,5
5,BIHOR,"ŞCOALA PRIMARĂ NR.1",529,ROŞIORI,32187,1,PROV,PRCNCT,S,S_SV,"2021-01-21 12:30:02",415,373,33,9,214,172,33,9,411,197,208,3,3,183,6,2,0,2,7,0,4,1,1,2,0
5,BIHOR,"CĂMIN CULTURAL",530,SĂCĂDAT,30871,1,PROV,PRCNCT,S,S_SV,"2021-01-21 12:30:02",792,723,69,0,257,188,69,0,796,539,253,4,0,3,65,7,12,17,115,2,23,2,4,1,2
5,BIHOR,"CĂMIN CULTURAL",531,SĂCĂDAT,30871,1,PROV,PRCNCT,S,S_SV,"2021-01-21 12:30:02",674,616,55,3,242,184,55,3,678,436,231,2,9,2,67,12,8,9,102,2,13,2,1,4,9
5,BIHOR,"FOSTA ȘCOALĂ CU CLS.I-IV",532,SĂCĂDAT,30871,1,PROV,PRCNCT,S,S_SV,"2021-01-21 12:30:02",186,133,53,0,97,44,53,0,147,50,94,2,1,4,40,5,3,3,31,2,5,0,1,0,0
5,BIHOR,"CĂMINUL CULTURAL",533,SĂLACEA,30988,1,PROV,PRCNCT,S,S_SV,"2021-01-21 12:30:02",652,597,32,23,373,318,32,23,660,287,365,4,4,335,5,0,1,1,10,0,7,3,2,1,0
5,BIHOR,"CĂMIN CULTURAL SĂLACEA",534,SĂLACEA,30988,1,PROV,PRCNCT,S,S_SV,"2021-01-21 12:30:02",1020,956,16,48,513,449,16,48,1053,540,495,7,11,447,15,2,2,1,7,0,5,8,3,3,2
5,BIHOR,"SCOALĂ GENERALĂ",535,SĂLACEA,30988,1,PROV,PRCNCT,S,S_SV,"2021-01-21 12:30:02",957,915,14,28,498,456,14,28,1008,510,480,6,12,431,18,1,2,3,6,0,5,7,1,2,4
5,BIHOR,"ȘCOALA GIMNAZIALĂ SZALARDI JANOS SĂLARD",536,SĂLARD,31011,1,PROV,PRCNCT,S,S_SV,"2021-01-21 12:30:02",1221,1192,28,1,323,294,28,1,1316,993,318,4,1,150,30,8,5,19,77,0,28,0,1,0,0
5,BIHOR,"ȘCOALA GIMNAZIALĂ SZALARDI JANOS SĂLARD",537,SĂLARD,31011,1,PROV,PRCNCT,S,S_SV,"2021-01-21 12:30:02",1311,1270,16,25,400,359,16,25,1400,1000,388,9,3,287,13,1,7,14,39,2,18,4,1,0,2
5,BIHOR,"ȘCOALA PRIMARĂ NR.1",538,SĂLARD,31011,1,PROV,PRCNCT,S,S_SV,"2021-01-21 12:30:02",630,605,25,0,238,213,25,0,668,430,236,1,1,210,3,0,0,3,11,1,3,1,3,0,1
5,BIHOR,"ȘCOALA PRIMARĂ NR. 2",539,SĂLARD,31011,1,PROV,PRCNCT,S,S_SV,"2021-01-21 12:30:02",521,494,27,0,200,173,27,0,545,345,199,1,0,167,10,1,1,4,10,1,4,0,0,0,1
5,BIHOR,"CAMINUL CULTURAL",540,SÂMBĂTA,31057,1,PROV,PRCNCT,S,S_SV,"2021-01-21 12:30:02",338,285,46,7,154,101,46,7,314,160,152,2,0,4,56,12,7,11,42,0,14,5,1,0,0
5,BIHOR,"CAMINUL CULTURAL",541,SÂMBĂTA,31057,1,PROV,PRCNCT,S,S_SV,"2021-01-21 12:30:02",132,109,23,0,70,47,23,0,120,50,68,2,0,2,23,4,1,3,16,0,14,3,0,2,0
5,BIHOR,"GRĂDINIȚA CU PROGRAM NORMAL NR. 3 OGEȘTI",542,SÂMBĂTA,31057,1,PROV,PRCNCT,S,S_SV,"2021-01-21 12:30:02",193,168,16,9,99,74,16,9,187,88,99,0,0,1,37,4,3,1,34,0,16,1,1,1,0
5,BIHOR,"CAMINUL CULTURAL",543,SÂMBĂTA,31057,2,PART,PRCNCT,S,S_SV,"2021-01-21 12:30:02",141,108,33,0,75,42,33,0,120,45,74,0,1,5,26,3,5,3,25,0,5,1,1,0,0
5,BIHOR,"GRĂDINIȚA CU PROGRAM NORMAL NR.4 ROGOZ",544,SÂMBĂTA,31057,1,PROV,PRCNCT,S,S_SV,"2021-01-21 12:30:02",247,214,28,5,106,73,28,5,237,131,102,3,1,4,46,4,3,6,17,11,10,1,0,0,0
5,BIHOR,"GRĂDINIȚA CU PROGRAM NORMAL NR. 2 ZĂVOIU",545,SÂMBĂTA,31057,1,PROV,PRCNCT,S,S_SV,"2021-01-21 12:30:02",262,204,49,9,159,101,49,9,224,65,153,4,2,1,65,38,6,5,16,0,21,0,0,1,0
5,BIHOR,"CASA DE NUNTĂ",546,SÂNIOB,28610,1,PROV,PRCNCT,S,S_SV,"2021-01-21 12:30:02",1162,1086,53,23,624,549,53,22,1194,570,615,3,6,546,15,2,1,7,26,0,10,4,3,1,0
5,BIHOR,"ŞCOALA GENERALĂ",547,SÂNIOB,28610,1,PROV,PRCNCT,S,S_SV,"2021-01-21 12:30:02",316,297,19,0,86,67,19,0,328,242,83,3,0,3,9,3,10,4,34,0,15,1,1,0,3
5,BIHOR,"ŞCOALA GENERALĂ",548,SÂNIOB,28610,1,PROV,PRCNCT,S,S_SV,"2021-01-21 12:30:02",237,218,19,0,65,46,19,0,241,176,63,2,0,4,23,0,2,7,16,2,9,0,0,0,0
5,BIHOR,"CĂMIN CULTURAL SFÂRNAȘ",549,SÂNIOB,28610,1,PROV,PRCNCT,S,S_SV,"2021-01-21 12:30:02",231,205,26,0,98,72,26,0,221,123,97,0,1,3,6,3,40,11,17,1,6,4,0,1,5
5,BIHOR,"GRĂDINIŢA CU PROGRAM PRELUNGIT ”PRIETENII COPILĂRIEI” SÂNMARTIN",550,SÂNMARTIN,26582,1,PROV,PRCNCT,S,S_SV,"2021-01-21 12:30:02",1990,1877,113,0,777,664,113,0,2064,1287,768,8,1,20,247,17,23,95,294,5,56,1,4,2,4
5,BIHOR,"ŞCOALA GIMNAZIALĂ ”FLOARE DE LOTUS” SÂNMARTIN",551,SÂNMARTIN,26582,2,PART,PRCNCT,S,S_SV,"2021-01-21 12:30:02",2095,1935,152,8,1018,858,152,8,2125,1107,1014,3,1,29,237,31,23,138,431,8,61,6,8,1,41
5,BIHOR,"GRĂDINIŢA CU PROGRAM PRELUNGIT ”CĂSUŢA POVEŞTILOR” BETFIA",552,SÂNMARTIN,26582,1,PROV,PRCNCT,S,S_SV,"2021-01-21 12:30:02",455,393,62,0,257,195,62,0,433,176,256,1,0,2,100,6,9,14,109,0,16,0,0,0,0
5,BIHOR,"GRĂDINIŢA CU PROGRAM PRELUNGIT ”ALBĂ CA ZĂPADA” BĂILE FELIX",553,SÂNMARTIN,26582,1,PROV,PRCNCT,S,S_SV,"2021-01-21 12:30:02",560,496,64,0,300,236,64,0,545,245,295,4,1,1,77,7,24,22,136,0,12,1,3,2,10
5,BIHOR,"ŞCOALA PRIMARĂ",554,SÂNMARTIN,26582,1,PROV,PRCNCT,S,S_SV,"2021-01-21 12:30:02",1368,1291,74,3,614,537,74,3,1414,800,609,4,1,10,178,44,9,46,205,5,70,7,1,2,32
5,BIHOR,"GRĂDINIŢA CU PROGRAM PRELUNGIT ”PINOCCHIO” HAIEU",555,SÂNMARTIN,26582,2,PART,PRCNCT,S,S_SV,"2021-01-21 12:30:02",1126,1060,66,0,566,500,66,0,1172,606,556,8,2,4,190,14,17,63,195,3,60,4,1,1,4
5,BIHOR,"GRĂDINIŢA CU PROGRAM PRELUNGIT ”5 URSULEŢI” RONTĂU",556,SÂNMARTIN,26582,2,PART,PRCNCT,S,S_SV,"2021-01-21 12:30:02",1056,1010,42,4,482,436,42,4,1111,629,457,15,10,5,240,2,40,18,101,5,28,6,3,1,8
5,BIHOR,"GRĂDINIŢA CU PROGRAM NORMAL ”101 DALMAŢIENI” CORDĂU",557,SÂNMARTIN,26582,1,PROV,PRCNCT,S,S_SV,"2021-01-21 12:30:02",1369,1336,33,0,505,472,33,0,1473,968,486,13,6,2,202,17,16,22,164,5,53,1,1,1,2
5,BIHOR,"CAMIN CULTURAL",558,"SÂNNICOLAU ROMÂN",32179,1,PROV,PRCNCT,S,S_SV,"2021-01-21 12:30:02",1054,979,67,8,444,370,67,7,1077,633,417,16,11,14,54,6,32,19,218,6,57,7,0,4,0
5,BIHOR,"SCOALA GENERALA",559,"SÂNNICOLAU ROMÂN",32179,1,PROV,PRCNCT,S,S_SV,"2021-01-21 12:30:02",334,264,65,5,229,159,65,5,292,63,224,5,0,3,25,3,59,2,114,2,15,0,1,0,0
5,BIHOR,GRADINITA,560,"SÂNNICOLAU ROMÂN",32179,1,PROV,PRCNCT,S,S_SV,"2021-01-21 12:30:02",570,530,16,24,249,209,16,24,585,336,239,8,2,5,24,6,17,3,137,0,44,2,0,1,0
5,BIHOR,"SCOALA GIMNAZIALA NR.1 SINTANDREI",561,SÂNTANDREI,26653,1,PROV,PRCNCT,S,S_SV,"2021-01-21 12:30:02",1879,1830,49,0,701,652,49,0,2004,1303,699,1,1,17,80,12,25,138,350,6,43,5,3,0,20
5,BIHOR,"SCOALA GIMNAZIALA NR.1 SINTANDREI",562,SÂNTANDREI,26653,1,PROV,PRCNCT,S,S_SV,"2021-01-21 12:30:02",1696,1650,44,2,585,539,44,2,1807,1222,577,6,2,6,87,29,19,79,293,6,33,2,3,2,18
5,BIHOR,"SCOALA GIMNAZIALA NR.1 SINTANDREI",563,SÂNTANDREI,26653,1,PROV,PRCNCT,S,S_SV,"2021-01-21 12:30:02",1959,1899,60,0,675,615,60,0,2089,1414,665,7,3,14,108,7,5,74,359,10,55,4,5,2,22
5,BIHOR,"CAMIN CULTURAL PALOTA",564,SÂNTANDREI,26653,1,PROV,PRCNCT,S,S_SV,"2021-01-21 12:30:02",622,599,23,0,182,159,23,0,660,478,182,0,0,20,15,3,3,29,91,1,20,0,0,0,0
5,BIHOR,"CAMIN CULTURAL",565,SÂRBI,31128,1,PROV,PRCNCT,S,S_SV,"2021-01-21 12:30:02",917,815,77,25,443,344,77,22,901,458,433,4,6,2,220,14,7,6,111,7,53,5,0,1,7
5,BIHOR,"CAMIN CULTURAL",566,SÂRBI,31128,1,PROV,PRCNCT,S,S_SV,"2021-01-21 12:30:02",705,613,81,11,381,291,81,9,677,296,376,2,3,0,192,2,2,4,138,0,20,7,2,6,3
5,BIHOR,"SCOALA GENERALA",567,SÂRBI,31128,1,PROV,PRCNCT,S,S_SV,"2021-01-21 12:30:02",105,79,26,0,51,25,26,0,88,37,51,0,0,0,16,5,0,1,21,1,3,2,1,0,1
5,BIHOR,"SPAȚIU PENTRU ALEGERI GENERALE",568,SÂRBI,31128,1,PROV,PRCNCT,S,S_SV,"2021-01-21 12:30:02",138,112,25,1,67,41,25,1,123,56,67,0,0,0,24,2,2,2,31,0,1,2,1,2,0
5,BIHOR,"SCOALA GENERALA",569,SÂRBI,31128,2,PART,PRCNCT,S,S_SV,"2021-01-21 12:30:02",310,275,35,0,132,97,35,0,303,171,128,4,0,5,38,6,6,4,50,1,15,1,1,1,0
5,BIHOR,"CASĂ PAROHIALĂ PAROHIA GRECO CATOLICĂ",570,SÂRBI,31128,1,PROV,PRCNCT,S,S_SV,"2021-01-21 12:30:02",64,47,17,0,33,16,17,0,53,20,32,0,1,0,13,3,2,1,6,0,7,0,0,0,0
5,BIHOR,"SCOALA GIMNAZIALA NR.1 SPINUS",571,SPINUŞ,31208,1,PROV,PRCNCT,S,S_SV,"2021-01-21 12:30:02",324,290,34,0,148,114,34,0,323,175,147,0,1,1,35,5,10,5,69,1,14,1,0,1,5
5,BIHOR,"FOSTA SCOALA CU CLASELE I-IV NĂDAR",572,SPINUŞ,31208,1,PROV,PRCNCT,S,S_SV,"2021-01-21 12:30:02",212,185,25,2,99,72,25,2,202,103,98,0,1,1,15,1,21,1,43,0,15,1,0,0,0
5,BIHOR,"FOSTA SCOALA CU CLASELE I-IV CIULEȘTI",573,SPINUŞ,31208,1,PROV,PRCNCT,S,S_SV,"2021-01-21 12:30:02",181,162,17,2,85,66,17,2,177,92,84,0,1,1,12,2,14,3,37,2,8,3,1,1,0
5,BIHOR,"SCOALA PRIMARĂ NR.1 SĂLIŞTE",574,SPINUŞ,31208,1,PROV,PRCNCT,S,S_SV,"2021-01-21 12:30:02",251,207,43,1,138,94,43,1,222,84,134,3,1,7,17,1,3,1,91,2,6,2,2,1,1
5,BIHOR,"FOSTA SCOALA CU CLASELE I-IV GURBEŞTI",575,SPINUŞ,31208,1,PROV,PRCNCT,S,S_SV,"2021-01-21 12:30:02",111,98,13,0,54,41,13,0,108,54,54,0,0,1,7,2,2,5,26,0,8,1,1,1,0
5,BIHOR,"LIC. TEHNOLOGIC NR1 SUPLACU DE BARCAU",576,"SUPLACU DE BARCĂU",31262,1,PROV,PRCNCT,S,S_SV,"2021-01-21 12:30:02",1008,980,21,7,350,322,21,7,1078,728,320,17,13,109,29,19,4,18,108,1,23,5,0,2,2
5,BIHOR,"FOST SEDIU PRIMARIE",577,"SUPLACU DE BARCĂU",31262,1,PROV,PRCNCT,S,S_SV,"2021-01-21 12:30:02",1055,1026,25,4,322,293,25,4,1130,808,315,5,2,87,50,13,7,20,100,1,26,2,3,4,2
5,BIHOR,"CAMIN CULTURAL",578,"SUPLACU DE BARCĂU",31262,1,PROV,PRCNCT,S,S_SV,"2021-01-21 12:30:02",763,740,19,4,369,346,19,4,820,451,344,16,9,3,29,4,10,1,125,4,144,9,8,6,1
5,BIHOR,"CĂMIN CULTURAL DOLEA",579,"SUPLACU DE BARCĂU",31262,1,PROV,PRCNCT,S,S_SV,"2021-01-21 12:30:02",141,126,15,0,46,31,15,0,139,93,45,1,0,26,2,1,1,1,10,0,0,0,1,2,1
5,BIHOR,"SCOALA PRIMARA NR. 5",580,"SUPLACU DE BARCĂU",31262,1,PROV,PRCNCT,S,S_SV,"2021-01-21 12:30:02",181,164,15,2,79,62,15,2,179,100,79,0,0,2,16,0,2,7,47,0,5,0,0,0,0
5,BIHOR,"SCOALA PRIMARA NR. 3",581,"SUPLACU DE BARCĂU",31262,1,PROV,PRCNCT,S,S_SV,"2021-01-21 12:30:02",390,365,13,12,176,151,13,12,402,226,161,5,10,1,29,2,3,11,91,0,14,4,6,0,0
5,BIHOR,"SCOALA PRIMARA NR. 4",582,"SUPLACU DE BARCĂU",31262,1,PROV,PRCNCT,S,S_SV,"2021-01-21 12:30:02",210,193,14,3,83,66,14,3,213,130,81,0,2,2,14,2,1,4,36,0,18,0,2,1,1
5,BIHOR,"GRĂDINIȚA CU PROGRAM NORMAL NR,3",583,ŞIMIAN,31333,1,PROV,PRCNCT,S,S_SV,"2021-01-21 12:30:02",259,236,16,7,110,87,16,7,259,149,103,5,2,75,2,1,3,1,5,1,12,2,0,0,1
5,BIHOR,"ȘCOALA GIMNAZIALĂ ”KAZINCZY FERENC” ȘIMIAN",584,ŞIMIAN,31333,1,PROV,PRCNCT,S,S_SV,"2021-01-21 12:30:02",1688,1610,27,51,784,706,27,51,1773,989,747,10,27,697,16,1,3,1,7,0,8,10,3,1,0
5,BIHOR,"FOSTA ȘCOALĂ PRIMARĂ CU CLASELE I-IV",585,ŞIMIAN,31333,1,PROV,PRCNCT,S,S_SV,"2021-01-21 12:30:02",163,139,18,6,109,85,18,6,153,44,104,1,4,87,2,1,1,1,2,0,3,6,0,0,1
5,BIHOR,"ȘCOALA PRIMARĂ CU NR,1",586,ŞIMIAN,31333,1,PROV,PRCNCT,S,S_SV,"2021-01-21 12:30:02",797,737,38,22,359,299,38,22,812,453,326,18,15,239,25,2,6,2,18,3,9,14,5,2,1
5,BIHOR,"ȘCOALA PRIMARĂ NR,2",587,ŞIMIAN,31333,1,PROV,PRCNCT,S,S_SV,"2021-01-21 12:30:02",338,322,16,0,70,54,16,0,355,285,66,3,1,13,14,0,3,1,21,0,8,3,2,1,0
5,BIHOR,"CĂMIN CULTURAL ȘINTEU",588,ŞINTEU,31379,1,PROV,PRCNCT,S,S_SV,"2021-01-21 12:30:02",985,950,35,0,223,188,35,0,1045,822,201,5,17,8,39,3,13,10,99,4,17,1,6,1,0
5,BIHOR,"SEDIUL PRIMĂRIEI ȘOIMI",589,ŞOIMI,31422,1,PROV,PRCNCT,S,S_SV,"2021-01-21 12:30:02",616,594,22,0,129,107,22,0,653,524,127,1,1,6,26,9,13,4,60,1,7,1,0,0,0
5,BIHOR,"FOSTA ŞCOALĂ CU CLASELE I - IV",590,ŞOIMI,31422,1,PROV,PRCNCT,S,S_SV,"2021-01-21 12:30:02",111,93,18,0,48,30,18,0,103,55,48,0,0,1,10,4,12,1,18,0,1,1,0,0,0
5,BIHOR,"FOSTA ȘCOALĂ CU CLASELE I - VIII",591,ŞOIMI,31422,1,PROV,PRCNCT,S,S_SV,"2021-01-21 12:30:02",132,115,17,0,62,45,17,0,127,65,61,1,0,2,19,1,9,3,21,0,3,2,0,1,0
5,BIHOR,"FOSTA ȘCOALĂ CU CLASELE I - IV",592,ŞOIMI,31422,1,PROV,PRCNCT,S,S_SV,"2021-01-21 12:30:02",84,68,16,0,46,30,16,0,75,29,46,0,0,2,15,6,2,3,14,0,3,1,0,0,0
5,BIHOR,"FOSTA ȘCOALĂ CU CLASELE I- IV",593,ŞOIMI,31422,1,PROV,PRCNCT,S,S_SV,"2021-01-21 12:30:02",151,133,18,0,81,63,18,0,147,66,78,0,3,2,12,9,4,7,40,0,4,0,0,0,0
5,BIHOR,"FOSTA ȘCOALĂ CU CLASELE I - IV",594,ŞOIMI,31422,1,PROV,PRCNCT,S,S_SV,"2021-01-21 12:30:02",154,145,9,0,68,59,9,0,160,92,68,0,0,1,16,9,18,3,19,0,2,0,0,0,0
5,BIHOR,"ŞCOALA CU CLASELE I - VIII",595,ŞOIMI,31422,1,PROV,PRCNCT,S,S_SV,"2021-01-21 12:30:02",494,460,33,1,190,156,33,1,507,317,188,0,2,4,57,10,4,1,77,1,23,4,2,3,2
5,BIHOR,"FOSTA ȘCOALĂ CU CLASELE I - IV",596,ŞOIMI,31422,1,PROV,PRCNCT,S,S_SV,"2021-01-21 12:30:02",274,258,15,1,109,93,15,1,284,175,108,1,0,1,40,18,2,1,30,2,14,0,0,0,0
5,BIHOR,"LICEUL TEHNOLOGIC NR. 1 - ŞUNCUIUŞ",597,ŞUNCUIUŞ,31510,2,PART,PRCNCT,S,S_SV,"2021-01-21 12:30:02",1316,1248,34,34,424,356,34,34,1382,958,416,3,5,17,91,31,15,18,165,2,49,7,3,3,15
5,BIHOR,"SCOALA CU CLS. I+IV ”POJORATA”",598,ŞUNCUIUŞ,31510,2,PART,PRCNCT,S,S_SV,"2021-01-21 12:30:02",106,93,13,0,42,29,13,0,107,65,42,0,0,1,7,12,1,1,15,0,2,1,0,0,2
5,BIHOR,"CĂMIN CULTURAL BĂLNACA",599,ŞUNCUIUŞ,31510,1,PROV,PRCNCT,S,S_SV,"2021-01-21 12:30:02",801,778,23,0,307,284,23,0,857,550,295,9,3,2,52,6,5,7,168,0,51,1,0,2,1
5,BIHOR,"CAMIN CULTURAL SAT BALNACA GROSI",600,ŞUNCUIUŞ,31510,1,PROV,PRCNCT,S,S_SV,"2021-01-21 12:30:02",69,53,16,0,31,15,16,0,57,26,30,1,0,1,5,1,2,2,16,0,2,0,0,1,0
5,BIHOR,"CAMIN CULTURAL CATUN CARMAZAN",601,ŞUNCUIUŞ,31510,1,PROV,PRCNCT,S,S_SV,"2021-01-21 12:30:02",148,137,11,0,58,47,11,0,151,93,56,2,0,1,13,15,1,1,18,1,4,1,0,0,1
5,BIHOR,"SCOALA CU CLASELE I-VIII ZECEHOTARE",602,ŞUNCUIUŞ,31510,1,PROV,PRCNCT,S,S_SV,"2021-01-21 12:30:02",153,142,11,0,76,65,11,0,154,78,73,1,2,2,13,20,3,2,24,0,4,3,0,2,0
5,BIHOR,"CĂMINUL CULTURAL",603,TARCEA,31565,1,PROV,PRCNCT,S,S_SV,"2021-01-21 12:30:02",744,727,17,0,227,210,17,0,803,576,212,5,10,137,31,3,2,7,11,1,12,3,3,2,0
5,BIHOR,"CĂMINUL CULTURAL",604,TARCEA,31565,1,PROV,PRCNCT,S,S_SV,"2021-01-21 12:30:02",624,607,17,0,247,230,17,0,670,423,241,1,5,212,7,1,2,2,7,0,6,0,2,2,0
5,BIHOR,"CASA ROTH",605,TARCEA,31565,1,PROV,PRCNCT,S,S_SV,"2021-01-21 12:30:02",768,749,19,0,223,204,19,0,826,603,203,8,12,170,5,1,3,2,13,0,4,2,2,1,0
5,BIHOR,"CĂMINUL CULTURAL",606,TĂMĂŞEU,32153,1,PROV,PRCNCT,S,S_SV,"2021-01-21 12:30:02",211,194,17,0,80,63,17,0,210,130,79,0,1,60,6,1,1,2,6,0,2,0,0,0,1
5,BIHOR,"CĂMINUL CULTURAL",607,TĂMĂŞEU,32153,1,PROV,PRCNCT,S,S_SV,"2021-01-21 12:30:02",938,902,26,10,383,347,26,10,996,613,377,1,5,320,7,1,1,3,24,0,13,3,1,1,3
5,BIHOR,"CĂMINUL CULTURAL",608,TĂMĂŞEU,32153,2,PART,PRCNCT,S,S_SV,"2021-01-21 12:30:02",231,206,18,7,95,70,18,7,212,117,93,2,0,70,2,1,3,4,11,0,1,0,0,0,1
5,BIHOR,"ŞCOALA GENERALĂ",609,TĂMĂŞEU,32153,1,PROV,PRCNCT,S,S_SV,"2021-01-21 12:30:02",431,396,32,3,163,128,32,3,437,274,154,8,1,63,22,2,5,1,34,4,15,4,2,2,0
5,BIHOR,"PRIMARIA TARCAIA",610,TĂRCAIA,31609,1,PROV,PRCNCT,S,S_SV,"2021-01-21 12:30:02",1003,914,31,58,506,417,31,58,1008,502,493,5,8,387,63,1,3,3,14,0,15,4,1,1,1
5,BIHOR,"CAMIN CULTURAL",611,TĂRCAIA,31609,1,PROV,PRCNCT,S,S_SV,"2021-01-21 12:30:02",365,333,32,0,200,168,32,0,366,166,195,2,3,1,142,2,0,0,34,1,12,2,0,0,1
5,BIHOR,"CAMIN CULTURAL",612,TĂRCAIA,31609,1,PROV,PRCNCT,S,S_SV,"2021-01-21 12:30:02",224,213,11,0,108,97,11,0,235,127,106,1,1,0,32,2,6,8,37,1,19,1,0,0,0
5,BIHOR,"SCOALA CU CLASELE I-IV",613,TĂRCAIA,31609,1,PROV,PRCNCT,S,S_SV,"2021-01-21 12:30:02",180,162,15,3,111,93,15,3,179,68,109,1,1,1,61,3,8,2,16,2,13,2,1,0,0
5,BIHOR,"ŞCOALA GIMNAZIALĂ NR.4 CIUTELEC",614,TĂUTEU,31654,1,PROV,PRCNCT,S,S_SV,"2021-01-21 12:30:02",560,529,17,14,202,171,17,14,584,382,194,2,6,8,76,3,16,4,45,3,33,4,0,2,0
5,BIHOR,"SCOALA PRIMARA",615,TĂUTEU,31654,1,PROV,PRCNCT,S,S_SV,"2021-01-21 12:30:02",236,217,19,0,82,63,19,0,239,157,80,1,1,11,10,1,1,5,30,0,20,0,0,1,1
5,BIHOR,"SCOALA GIMNAZIALA",616,TĂUTEU,31654,1,PROV,PRCNCT,S,S_SV,"2021-01-21 12:30:02",945,903,19,23,508,466,19,23,993,485,505,3,0,472,5,1,2,3,7,2,10,2,1,0,0
5,BIHOR,"SCOALA GIMNAZIALA",617,TĂUTEU,31654,1,PROV,PRCNCT,S,S_SV,"2021-01-21 12:30:02",1199,1185,14,0,274,260,14,0,1308,1034,262,4,8,62,62,1,5,1,44,0,83,1,2,1,0
5,BIHOR,"SCOALA GIMNAZIALA",618,TĂUTEU,31654,1,PROV,PRCNCT,S,S_SV,"2021-01-21 12:30:02",657,639,18,0,170,152,18,0,705,535,165,5,0,17,31,8,10,8,59,2,18,3,0,1,8
5,BIHOR,"CENTRUL CULTURAL MULTIFUNCTIONAL",619,TILEAGD,31716,1,PROV,PRCNCT,S,S_SV,"2021-01-21 12:30:02",1921,1874,42,5,493,446,42,5,2068,1575,492,1,0,115,95,20,13,21,152,2,38,7,5,6,18
5,BIHOR,"SCOALA CU CLS.I-IV",620,TILEAGD,31716,1,PROV,PRCNCT,S,S_SV,"2021-01-21 12:30:02",1391,1366,24,1,255,230,24,1,1508,1253,245,3,7,20,38,8,18,11,69,0,63,7,5,0,6
5,BIHOR,"SCOALA CU CLS.I-IV",621,TILEAGD,31716,1,PROV,PRCNCT,S,S_SV,"2021-01-21 12:30:02",173,152,21,0,67,46,21,0,166,99,64,2,1,2,14,6,6,2,11,0,11,3,0,1,8
5,BIHOR,"SCOALA CU CLS.I-IV",622,TILEAGD,31716,1,PROV,PRCNCT,S,S_SV,"2021-01-21 12:30:02",513,492,21,0,201,180,21,0,542,341,197,3,1,2,52,2,4,6,115,0,10,3,1,1,1
5,BIHOR,"CĂMIN CULTURAL",623,TILEAGD,31716,2,PART,PRCNCT,S,S_SV,"2021-01-21 12:30:02",699,656,43,0,235,192,43,0,724,489,225,2,8,1,58,4,14,14,97,2,32,0,0,1,2
5,BIHOR,"CĂMIN CULTURAL",624,TILEAGD,31716,1,PROV,PRCNCT,S,S_SV,"2021-01-21 12:30:02",344,333,11,0,103,92,11,0,366,263,101,2,0,41,10,2,3,1,19,0,16,2,1,3,3
5,BIHOR,"CĂMIN CULTURAL",625,TILEAGD,31716,1,PROV,PRCNCT,S,S_SV,"2021-01-21 12:30:02",711,690,19,2,166,145,19,2,759,593,165,0,1,63,29,2,3,4,44,1,13,3,1,2,0
5,BIHOR,"LICEUL TEORETIC N.JIGA",626,TINCA,31789,1,PROV,PRCNCT,S,S_SV,"2021-01-21 12:30:02",1410,1337,32,41,417,344,32,41,1489,1072,372,21,24,13,52,6,6,16,220,5,43,5,2,0,4
5,BIHOR,"SCOALA PRIMARA I-IV",627,TINCA,31789,1,PROV,PRCNCT,S,S_SV,"2021-01-21 12:30:02",1360,1287,27,46,448,375,27,46,1408,960,440,7,1,41,109,11,18,19,191,3,45,0,0,1,2
5,BIHOR,"GRĂDINIȚA CU PROGRAM PRELUNGIT NR.1 TINCA",628,TINCA,31789,1,PROV,PRCNCT,S,S_SV,"2021-01-21 12:30:02",1174,1100,26,48,374,300,26,48,1206,832,369,5,0,71,54,10,7,16,152,1,49,1,2,1,5
5,BIHOR,"SCOALA GENERALA",629,TINCA,31789,1,PROV,PRCNCT,S,S_SV,"2021-01-21 12:30:02",946,913,29,4,297,264,29,4,1003,706,285,7,5,3,40,2,28,11,143,3,30,7,7,0,11
5,BIHOR,"SCOALA PRIMARA I-IV",630,TINCA,31789,1,PROV,PRCNCT,S,S_SV,"2021-01-21 12:30:02",602,567,35,0,177,142,35,0,626,449,172,3,2,6,67,10,11,6,53,1,15,1,1,1,0
5,BIHOR,"CLĂDIRE MULTIFUNCȚIONALĂ RÂPA",631,TINCA,31789,1,PROV,PRCNCT,S,S_SV,"2021-01-21 12:30:02",488,448,27,13,154,114,27,13,496,342,150,3,1,1,38,4,11,9,75,0,8,2,0,0,2
5,BIHOR,"GRĂDINIȚA CU PROGRAM NORMAL BELFIR",632,TINCA,31789,1,PROV,PRCNCT,S,S_SV,"2021-01-21 12:30:02",480,471,9,0,102,93,9,0,520,418,99,1,2,33,8,1,3,6,39,3,6,0,0,0,0
5,BIHOR,"ȘCOALA GIMNAZIALĂ TOBOLIU",633,TOBOLIU,32201,1,PROV,PRCNCT,S,S_SV,"2021-01-21 12:30:02",810,780,30,0,221,191,30,0,859,638,216,2,3,2,78,2,11,16,60,8,36,1,0,1,1
5,BIHOR,"ȘCOALA GENERALĂ CHERESIG",634,TOBOLIU,32201,1,PROV,PRCNCT,S,S_SV,"2021-01-21 12:30:02",969,929,36,4,309,269,36,4,1022,713,305,0,4,1,151,3,17,11,82,2,30,4,3,1,0
5,BIHOR,"CĂMINUL CULTURAL TULCA",635,TULCA,31841,1,PROV,PRCNCT,S,S_SV,"2021-01-21 12:30:02",1596,1557,37,2,588,549,37,2,1715,1127,565,13,10,3,244,17,7,32,159,2,80,8,5,4,4
5,BIHOR,"ȘCOALA CU CLASELE I-IV TULCA NOUĂ",636,TULCA,31841,1,PROV,PRCNCT,S,S_SV,"2021-01-21 12:30:02",243,230,13,0,104,91,13,0,228,124,103,0,1,2,44,2,6,13,14,2,16,1,1,0,2
5,BIHOR,"CĂMINUL CULTURAL CĂUAȘD",637,TULCA,31841,1,PROV,PRCNCT,S,S_SV,"2021-01-21 12:30:02",387,370,16,1,142,125,16,1,415,273,136,5,1,2,29,11,2,9,53,0,27,1,0,1,1
5,BIHOR,"CĂMIN CULTURAL",638,ŢEŢCHEA,31878,1,PROV,PRCNCT,S,S_SV,"2021-01-21 12:30:02",703,670,31,2,233,200,31,2,734,501,229,4,0,1,104,3,9,5,50,5,36,3,0,3,10
5,BIHOR,"CĂMIN CULTURAL",639,ŢEŢCHEA,31878,1,PROV,PRCNCT,S,S_SV,"2021-01-21 12:30:02",498,478,20,0,191,171,20,0,527,336,186,4,1,1,65,2,7,8,72,1,25,0,0,1,4
5,BIHOR,"CĂMIN CULTURAL",640,ŢEŢCHEA,31878,1,PROV,PRCNCT,S,S_SV,"2021-01-21 12:30:02",669,660,9,0,224,215,9,0,725,501,207,4,13,82,30,3,28,6,37,0,14,5,0,2,0
5,BIHOR,"CĂMIN CULTURAL",641,ŢEŢCHEA,31878,1,PROV,PRCNCT,S,S_SV,"2021-01-21 12:30:02",726,692,30,4,267,233,30,4,767,500,258,5,4,1,137,6,7,7,60,3,33,3,1,0,0
5,BIHOR,"ŞCOALA PRIMARĂ NR.1",642,"UILEACU DE BEIUŞ",31921,1,PROV,PRCNCT,S,S_SV,"2021-01-21 12:30:02",666,643,23,0,280,257,23,0,710,430,273,1,6,1,120,7,14,7,65,2,53,0,0,2,2
5,BIHOR,"ŞCOALA GIMNAZIALĂ NR.1",643,"UILEACU DE BEIUŞ",31921,1,PROV,PRCNCT,S,S_SV,"2021-01-21 12:30:02",518,485,30,3,227,194,30,3,534,307,216,11,0,103,35,10,5,14,30,2,9,4,1,0,3
5,BIHOR,"GRĂDINIŢA CU PROGRAM NORMAL NR.3",644,"UILEACU DE BEIUŞ",31921,1,PROV,PRCNCT,S,S_SV,"2021-01-21 12:30:02",358,341,15,2,156,139,15,2,220,64,153,1,2,1,91,6,9,8,24,2,8,1,2,0,1
5,BIHOR,"CĂMIN CULTURAL VĂLANII DE BEIUȘ",645,"UILEACU DE BEIUŞ",31921,1,PROV,PRCNCT,S,S_SV,"2021-01-21 12:30:02",214,201,13,0,124,111,13,0,210,86,119,3,2,1,70,7,2,1,21,0,13,1,1,1,1
5,BIHOR,"CĂMIN CULTURAL VADU CRIŞULUI",646,"VADU CRIŞULUI",31976,1,PROV,PRCNCT,S,S_SV,"2021-01-21 12:30:02",1540,1470,45,25,527,457,45,25,1618,1091,509,17,0,178,42,10,7,54,167,4,29,5,5,3,5
5,BIHOR,"ŞCOALA GENERALĂ VADU CRIŞULUI",647,"VADU CRIŞULUI",31976,1,PROV,PRCNCT,S,S_SV,"2021-01-21 12:30:02",884,872,12,0,226,214,12,0,960,734,217,5,4,9,35,10,2,11,121,4,15,1,3,2,4
5,BIHOR,"ŞCOALA GENERALĂ TOMNATIC",648,"VADU CRIŞULUI",31976,1,PROV,PRCNCT,S,S_SV,"2021-01-21 12:30:02",217,208,9,0,40,31,9,0,229,189,39,1,0,1,7,2,3,2,15,2,5,1,0,0,1
5,BIHOR,"ŞCOALA GENERALĂ TOPA DE CRIŞ",649,"VADU CRIŞULUI",31976,1,PROV,PRCNCT,S,S_SV,"2021-01-21 12:30:02",373,356,17,0,107,90,17,0,395,288,107,0,0,2,29,10,2,8,39,0,12,0,1,2,2
5,BIHOR,"CĂMIN CULTURAL BIRTIN",650,"VADU CRIŞULUI",31976,1,PROV,PRCNCT,S,S_SV,"2021-01-21 12:30:02",300,282,18,0,134,116,18,0,314,180,130,3,1,1,23,8,4,4,71,4,11,1,0,1,2
5,BIHOR,"CĂMINUL CULTURAL",651,VÂRCIOROG,32090,1,PROV,PRCNCT,S,S_SV,"2021-01-21 12:30:02",877,841,36,0,361,325,36,0,930,569,348,3,10,3,79,2,8,6,186,2,47,7,2,5,1
5,BIHOR,"CĂMINUL CULTURAL FÂȘCA",652,VÂRCIOROG,32090,1,PROV,PRCNCT,S,S_SV,"2021-01-21 12:30:02",376,341,35,0,233,198,35,0,377,144,231,1,1,4,19,1,4,3,162,1,27,5,2,2,1
5,BIHOR,"GRĂDINIŢA DE COPII CU PROGRAM NORMAL",653,VÂRCIOROG,32090,1,PROV,PRCNCT,S,S_SV,"2021-01-21 12:30:02",464,430,34,0,221,187,34,0,472,251,216,0,5,2,47,2,3,2,122,1,29,3,1,2,2
5,BIHOR,"CĂMIN CULTURAL",654,VIIŞOARA,32045,1,PROV,PRCNCT,S,S_SV,"2021-01-21 12:30:02",963,894,24,45,597,528,24,45,986,389,584,3,10,489,18,1,8,12,23,0,28,4,0,1,0
5,BIHOR,"CĂMIN CULTURAL",655,VIIŞOARA,32045,1,PROV,PRCNCT,S,S_SV,"2021-01-21 12:30:02",180,165,13,2,71,56,13,2,180,109,68,1,2,39,7,1,5,3,8,0,4,0,0,0,1
