precinct_county_nce,precinct_county_name,precinct_name,precinct_nr,uat_name,uat_siruta,report_version,report_stage_code,report_type_scope_code,report_type_category_code,report_type_code,created_at,a,a1,a2,a3,b,b1,b2,b3,c,d,e,f,g,"PARTIDUL MIȘCAREA POPULARĂ-voturi","PARTIDUL PRO ROMÂNIA-voturi","UNIUNEA DEMOCRATĂ MAGHIARĂ DIN ROMÂNIA-voturi","PARTIDUL SOCIAL DEMOCRAT-voturi","PARTIDUL NAȚIONAL LIBERAL-voturi","ALIANȚA USR PLUS-voturi","ALIANȚA PENTRU UNIREA ROMÂNILOR-voturi","PARTIDUL ROMÂNIA MARE-voturi","PARTIDUL NOUA ROMÂNIE-voturi","PARTIDUL VERDE-voturi","PARTIDUL NOUA DREAPTĂ-voturi","PARTIDUL ECOLOGIST ROMÂN-voturi","PARTIDUL PUTERII UMANISTE (SOCIAL-LIBERAL)-voturi","PARTIDUL SOCIALIST ROMÂN-voturi"
14,CONSTANŢA,"COLEGIUL NATIONAL ” MIHAI EMINESCU”",1,"MUNICIPIUL CONSTANŢA",60419,1,PROV,PRCNCT,S,S_SV,"2021-01-21 12:30:02",818,800,18,0,237,219,18,0,900,663,233,2,2,18,3,0,48,69,63,13,2,2,4,1,5,3,2
14,CONSTANŢA,"COLEGIUL NATIONAL ” MIHAI EMINESCU”",2,"MUNICIPIUL CONSTANŢA",60419,1,PROV,PRCNCT,S,S_SV,"2021-01-21 12:30:02",631,610,17,4,227,206,17,4,700,473,222,3,2,10,9,3,41,53,60,24,3,1,6,0,5,5,2
14,CONSTANŢA,"COLEGIUL NAȚIONAL „MIHAI EMINESCU„",3,"MUNICIPIUL CONSTANŢA",60419,1,PROV,PRCNCT,S,S_SV,"2021-01-21 12:30:02",893,877,13,3,268,252,13,3,1000,732,262,3,3,23,6,2,49,91,52,25,1,0,2,0,8,1,2
14,CONSTANŢA,"COLEGIUL NAŢIONAL MIRCEA CEL BĂTRÂN",4,"MUNICIPIUL CONSTANŢA",60419,1,PROV,PRCNCT,S,S_SV,"2021-01-21 12:30:02",610,579,28,3,246,215,28,3,600,354,245,1,0,7,13,0,58,59,73,13,5,1,6,1,5,1,3
14,CONSTANŢA,"COLEGIUL NAŢIONAL MIRCEA CEL BĂTRÂN",5,"MUNICIPIUL CONSTANŢA",60419,1,PROV,PRCNCT,S,S_SV,"2021-01-21 12:30:02",602,579,23,0,269,246,23,0,596,327,268,1,0,8,7,1,52,89,92,9,2,0,2,0,1,3,2
14,CONSTANŢA,"ŞCOALA GIMNAZIALA NR.28 ” DAN BARBILIAN”",6,"MUNICIPIUL CONSTANŢA",60419,1,PROV,PRCNCT,S,S_SV,"2021-01-21 12:30:02",445,424,20,1,155,134,20,1,500,345,153,2,0,3,8,1,33,53,32,15,0,1,2,1,3,0,1
14,CONSTANŢA,"COLEGIUL COMERCIAL ”CAROL I”",7,"MUNICIPIUL CONSTANŢA",60419,1,PROV,PRCNCT,S,S_SV,"2021-01-21 12:30:02",1390,1369,17,4,530,509,17,4,1500,970,523,7,0,26,16,1,98,195,141,18,5,6,0,5,8,4,0
14,CONSTANŢA,"COLEGIUL COMERCIAL ”CAROL I”",8,"MUNICIPIUL CONSTANŢA",60419,1,PROV,PRCNCT,S,S_SV,"2021-01-21 12:30:02",863,842,18,3,343,322,18,3,900,557,339,3,1,21,7,1,72,107,99,14,6,0,1,1,6,4,0
14,CONSTANŢA,"COLEGIUL NATIONAL PEDAGOGIC ”CONSTANTIN BRĂTESCU”",9,"MUNICIPIUL CONSTANŢA",60419,1,PROV,PRCNCT,S,S_SV,"2021-01-21 12:30:02",1580,1568,7,5,518,506,7,5,1700,1182,507,9,2,30,20,1,108,202,103,24,1,1,3,0,8,5,1
14,CONSTANŢA,"COLEGIUL NATIONAL PEDAGOGIC ”CONSTANTIN BRĂTESCU”",10,"MUNICIPIUL CONSTANŢA",60419,1,PROV,PRCNCT,S,S_SV,"2021-01-21 12:30:02",1218,1203,15,0,425,410,15,0,1300,875,416,7,2,29,11,1,95,118,101,28,3,0,17,2,7,3,1
14,CONSTANŢA,"COLEGIUL NATIONAL PEDAGOGIC ”CONSTANTIN BRĂTESCU”",11,"MUNICIPIUL CONSTANŢA",60419,1,PROV,PRCNCT,S,S_SV,"2021-01-21 12:30:02",1232,1218,14,0,424,410,14,0,1300,876,415,8,1,17,9,4,85,131,112,28,3,0,4,4,8,10,0
14,CONSTANŢA,"LICEUL TEHNOLOGIC ”IOAN N.ROMAN” (ŞCOALA NR.25)",12,"MUNICIPIUL CONSTANŢA",60419,1,PROV,PRCNCT,S,S_SV,"2021-01-21 12:30:02",1181,1161,20,0,374,354,20,0,1300,926,363,7,4,17,5,1,84,126,92,19,0,1,1,3,9,3,2
14,CONSTANŢA,"LICEUL TEHNOLOGIC ”IOAN N.ROMAN” (ŞCOALA NR.25)",13,"MUNICIPIUL CONSTANŢA",60419,1,PROV,PRCNCT,S,S_SV,"2021-01-21 12:30:02",1128,1107,21,0,350,329,21,0,1200,850,340,7,3,19,9,1,63,108,83,42,0,2,3,2,3,1,4
14,CONSTANŢA,"TEATRUL DE STAT CONSTANȚA (TEATRUL ”FANTASIO” )",14,"MUNICIPIUL CONSTANŢA",60419,2,PART,PRCNCT,S,S_SV,"2021-01-21 12:30:02",647,635,10,2,234,222,10,2,635,401,234,0,0,12,7,0,50,68,61,22,1,0,2,2,5,4,0
14,CONSTANŢA,"TEATRUL DE STAT CONSTANȚA (TEATRUL ”FANTASIO” )",15,"MUNICIPIUL CONSTANŢA",60419,1,PROV,PRCNCT,S,S_SV,"2021-01-21 12:30:02",805,785,20,0,292,272,20,0,900,608,291,1,0,16,18,1,70,67,91,17,2,1,0,0,2,6,0
14,CONSTANŢA,"LICEUL TEORETIC ”TRAIAN”",16,"MUNICIPIUL CONSTANŢA",60419,1,PROV,PRCNCT,S,S_SV,"2021-01-21 12:30:02",849,838,11,0,300,289,11,0,900,600,298,2,0,16,16,0,65,80,91,19,1,0,1,2,3,4,0
14,CONSTANŢA,"LICEUL TEORETIC ”TRAIAN”",17,"MUNICIPIUL CONSTANŢA",60419,1,PROV,PRCNCT,S,S_SV,"2021-01-21 12:30:02",446,427,19,0,166,147,19,0,501,335,164,2,0,10,7,1,28,50,42,14,0,1,3,0,6,2,0
14,CONSTANŢA,"LICEUL TEORETIC ”TRAIAN”",18,"MUNICIPIUL CONSTANŢA",60419,1,PROV,PRCNCT,S,S_SV,"2021-01-21 12:30:02",1293,1268,23,2,481,456,23,2,1400,919,472,7,2,18,7,1,89,150,153,42,1,0,2,2,4,3,0
14,CONSTANŢA,"ŞCOALA GIMNAZIALA NR. 24 ”ION JALEA”",19,"MUNICIPIUL CONSTANŢA",60419,1,PROV,PRCNCT,S,S_SV,"2021-01-21 12:30:02",1235,1206,24,5,429,400,24,5,1300,871,425,4,0,25,12,0,96,127,110,28,7,4,3,1,7,4,1
14,CONSTANŢA,"ŞCOALA GIMNAZIALA NR. 24 ”ION JALEA”",20,"MUNICIPIUL CONSTANŢA",60419,1,PROV,PRCNCT,S,S_SV,"2021-01-21 12:30:02",1138,1118,17,3,447,427,17,3,1200,753,436,10,1,20,17,1,108,117,116,20,3,1,5,3,18,6,1
14,CONSTANŢA,"ŞCOALA GIMNAZIALA NR. 24 ”ION JALEA”",21,"MUNICIPIUL CONSTANŢA",60419,1,PROV,PRCNCT,S,S_SV,"2021-01-21 12:30:02",1450,1431,15,4,538,519,15,4,1600,1062,529,5,4,20,13,3,111,159,177,28,2,1,2,1,5,6,1
14,CONSTANŢA,"LICEUL CU PROGRAM SPORTIV ”NICOLAE ROTARU ” (ŞCOALA NR.34)",22,"MUNICIPIUL CONSTANŢA",60419,1,PROV,PRCNCT,S,S_SV,"2021-01-21 12:30:02",1412,1402,10,0,509,499,10,0,1500,991,496,11,2,18,22,1,130,131,124,43,4,3,4,1,5,5,5
14,CONSTANŢA,"LICEUL CU PROGRAM SPORTIV ”NICOLAE ROTARU ” (ŞCOALA NR.34)",23,"MUNICIPIUL CONSTANŢA",60419,1,PROV,PRCNCT,S,S_SV,"2021-01-21 12:30:02",1141,1125,16,0,381,365,16,0,1200,819,369,10,2,17,10,2,87,91,107,33,3,1,5,0,9,1,3
14,CONSTANŢA,"LICEUL CU PROGRAM SPORTIV ”NICOLAE ROTARU ” (ŞCOALA NR.34)",24,"MUNICIPIUL CONSTANŢA",60419,1,PROV,PRCNCT,S,S_SV,"2021-01-21 12:30:02",1266,1246,18,2,466,446,18,2,1400,934,444,17,5,18,16,1,97,113,119,46,2,5,3,2,10,9,3
14,CONSTANŢA,"LICEUL CU PROGRAM SPORTIV ”NICOLAE ROTARU ” (ŞCOALA NR.34)",25,"MUNICIPIUL CONSTANŢA",60419,1,PROV,PRCNCT,S,S_SV,"2021-01-21 12:30:02",1471,1457,14,0,548,534,14,0,1600,1052,533,14,1,29,14,2,129,158,154,20,3,2,5,2,10,5,0
14,CONSTANŢA,"COLEGIUL NAȚIONAL DE ARTE ”REGINA MARIA” (ȘCOALA NR. 42)",26,"MUNICIPIUL CONSTANŢA",60419,1,PROV,PRCNCT,S,S_SV,"2021-01-21 12:30:02",951,925,26,0,342,316,26,0,1000,658,340,0,2,21,6,1,84,83,97,27,2,2,6,0,9,2,0
14,CONSTANŢA,"COLEGIUL NAȚIONAL DE ARTE ”REGINA MARIA” (ȘCOALA NR. 42)",27,"MUNICIPIUL CONSTANŢA",60419,1,PROV,PRCNCT,S,S_SV,"2021-01-21 12:30:02",903,894,9,0,333,324,9,0,1000,667,332,1,0,13,10,3,61,105,82,33,2,1,1,1,13,7,0
14,CONSTANŢA,"COLEGIUL NAȚIONAL DE ARTE ”REGINA MARIA” (ȘCOALA NR. 42)",28,"MUNICIPIUL CONSTANŢA",60419,1,PROV,PRCNCT,S,S_SV,"2021-01-21 12:30:02",1046,1036,10,0,366,356,10,0,1100,734,356,8,2,9,15,2,83,110,77,29,1,3,7,0,9,8,3
14,CONSTANŢA,"COLEGIUL NAȚIONAL DE ARTE ”REGINA MARIA” (ȘCOALA NR. 42)",29,"MUNICIPIUL CONSTANŢA",60419,1,PROV,PRCNCT,S,S_SV,"2021-01-21 12:30:02",574,555,18,1,218,199,18,1,600,382,214,4,0,6,3,1,78,60,40,15,2,0,0,2,4,3,0
14,CONSTANŢA,"LICEUL TEORETIC ”OVIDIUS”",30,"MUNICIPIUL CONSTANŢA",60419,1,PROV,PRCNCT,S,S_SV,"2021-01-21 12:30:02",1628,1556,37,35,551,479,37,35,1700,1149,546,5,0,21,17,3,103,171,164,40,3,1,5,2,11,3,2
14,CONSTANŢA,"LICEUL TEORETIC ”OVIDIUS”",31,"MUNICIPIUL CONSTANŢA",60419,2,PART,PRCNCT,S,S_SV,"2021-01-21 12:30:02",1202,1184,14,4,431,413,14,4,1300,869,421,9,1,32,10,0,92,117,97,35,9,1,8,2,10,4,4
14,CONSTANŢA,"ANEXĂ ŞCOALA GIMNAZIALĂ NR.8",32,"MUNICIPIUL CONSTANŢA",60419,1,PROV,PRCNCT,S,S_SV,"2021-01-21 12:30:02",942,925,16,1,334,317,16,1,1000,666,332,2,0,8,10,1,63,85,101,37,1,1,3,1,12,7,2
14,CONSTANŢA,"ANEXĂ ŞCOALA GIMNAZIALĂ NR.8",33,"MUNICIPIUL CONSTANŢA",60419,1,PROV,PRCNCT,S,S_SV,"2021-01-21 12:30:02",1615,1597,16,2,519,501,16,2,1800,1281,507,10,2,21,27,0,105,131,132,57,5,2,4,1,10,8,4
14,CONSTANŢA,"ANEXĂ ŞCOALA GIMNAZIALĂ NR.8",34,"MUNICIPIUL CONSTANŢA",60419,1,PROV,PRCNCT,S,S_SV,"2021-01-21 12:30:02",1330,1325,2,3,359,354,2,3,1500,1141,352,4,3,9,20,1,122,75,44,55,5,4,2,0,12,3,0
14,CONSTANŢA,"ANEXĂ ŞCOALA GIMNAZIALĂ NR.8",35,"MUNICIPIUL CONSTANŢA",60419,1,PROV,PRCNCT,S,S_SV,"2021-01-21 12:30:02",1235,1227,8,0,388,380,8,0,1400,1012,380,4,4,11,17,3,117,86,69,52,1,0,4,0,10,8,2
14,CONSTANŢA,"ANEXĂ ŞCOALA GIMNAZIALĂ NR.8",36,"MUNICIPIUL CONSTANŢA",60419,1,PROV,PRCNCT,S,S_SV,"2021-01-21 12:30:02",1260,1252,8,0,346,338,8,0,1400,1054,340,5,1,15,12,2,88,70,89,38,5,2,0,1,8,7,3
14,CONSTANŢA,"ANEXĂ ŞCOALA GIMNAZIALĂ NR.8",37,"MUNICIPIUL CONSTANŢA",60419,1,PROV,PRCNCT,S,S_SV,"2021-01-21 12:30:02",1729,1715,9,5,500,486,9,5,1729,1229,493,7,0,27,17,2,144,109,103,63,4,2,1,1,13,3,4
14,CONSTANŢA,"LICEUL TEHNOLOGIC ”C.A.ROSETTI”",38,"MUNICIPIUL CONSTANŢA",60419,1,PROV,PRCNCT,S,S_SV,"2021-01-21 12:30:02",1099,1089,10,0,407,397,10,0,1200,793,400,7,0,14,18,3,90,114,119,25,4,0,1,2,5,3,2
14,CONSTANŢA,"LICEUL TEHNOLOGIC ”C.A.ROSETTI”",39,"MUNICIPIUL CONSTANŢA",60419,1,PROV,PRCNCT,S,S_SV,"2021-01-21 12:30:02",1175,1150,25,0,366,341,25,0,1300,934,364,2,0,13,21,1,80,99,100,26,3,1,3,0,14,1,2
14,CONSTANŢA,"LICEUL TEHNOLOGIC ”C.A.ROSETTI”",40,"MUNICIPIUL CONSTANŢA",60419,1,PROV,PRCNCT,S,S_SV,"2021-01-21 12:30:02",1161,1134,24,3,452,425,24,3,1200,748,439,13,0,19,15,2,87,114,144,30,5,4,4,2,10,2,1
14,CONSTANŢA,"LICEUL TEHNOLOGIC ”C.A.ROSETTI”",41,"MUNICIPIUL CONSTANŢA",60419,1,PROV,PRCNCT,S,S_SV,"2021-01-21 12:30:02",864,852,12,0,307,295,12,0,900,593,304,1,2,8,12,0,60,104,78,13,6,1,2,5,9,4,2
14,CONSTANŢA,"ŞCOALA GIMNAZIALA NR. 16 ”MARIN IONESCU DOBROGIANU”",42,"MUNICIPIUL CONSTANŢA",60419,1,PROV,PRCNCT,S,S_SV,"2021-01-21 12:30:02",1635,1600,32,3,561,526,32,3,1800,1239,553,8,0,19,17,0,139,135,148,50,1,1,16,1,16,10,0
14,CONSTANŢA,"ŞCOALA GIMNAZIALA NR. 16 ”MARIN IONESCU DOBROGIANU”",43,"MUNICIPIUL CONSTANŢA",60419,1,PROV,PRCNCT,S,S_SV,"2021-01-21 12:30:02",1622,1603,17,2,514,495,17,2,1800,1286,505,7,2,17,19,0,143,129,105,61,1,1,5,4,12,6,2
14,CONSTANŢA,"ŞCOALA GIMNAZIALA NR. 16 ”MARIN IONESCU DOBROGIANU”",44,"MUNICIPIUL CONSTANŢA",60419,1,PROV,PRCNCT,S,S_SV,"2021-01-21 12:30:02",1635,1617,18,0,518,500,18,0,1800,1282,512,6,0,23,20,0,105,120,139,64,8,4,4,0,16,5,4
14,CONSTANŢA,"ŞCOALA GIMNAZIALA NR. 16 ”MARIN IONESCU DOBROGIANU”",45,"MUNICIPIUL CONSTANŢA",60419,1,PROV,PRCNCT,S,S_SV,"2021-01-21 12:30:02",1507,1488,19,0,448,429,19,0,1600,1144,440,6,2,21,11,0,113,102,97,60,4,1,5,1,16,7,2
14,CONSTANŢA,"ŞCOALA GIMNAZIALA NR. 16 ”MARIN IONESCU DOBROGIANU”",46,"MUNICIPIUL CONSTANŢA",60419,1,PROV,PRCNCT,S,S_SV,"2021-01-21 12:30:02",1555,1534,20,1,513,492,20,1,1700,1187,506,6,1,14,16,1,143,123,125,59,8,1,4,0,9,2,1
14,CONSTANŢA,"LICEUL TEORETIC ” LUCIAN BLAGA”",47,"MUNICIPIUL CONSTANŢA",60419,1,PROV,PRCNCT,S,S_SV,"2021-01-21 12:30:02",1821,1785,33,3,574,538,33,3,2000,1426,565,9,0,20,23,2,138,119,146,85,5,1,7,1,10,6,2
14,CONSTANŢA,"LICEUL TEORETIC ”LUCIAN BLAGA”",48,"MUNICIPIUL CONSTANŢA",60419,1,PROV,PRCNCT,S,S_SV,"2021-01-21 12:30:02",1795,1780,13,2,452,437,13,2,1991,1539,446,6,0,26,17,2,95,87,121,66,2,1,6,1,15,6,1
14,CONSTANŢA,"LICEUL TEORETIC ”LUCIAN BLAGA”",49,"MUNICIPIUL CONSTANŢA",60419,1,PROV,PRCNCT,S,S_SV,"2021-01-21 12:30:02",1517,1512,3,2,485,480,3,2,1700,1215,483,2,0,21,19,1,109,106,114,62,2,2,8,1,24,11,3
14,CONSTANŢA,"LICEUL TEORETIC ”LUCIAN BLAGA”",50,"MUNICIPIUL CONSTANŢA",60419,1,PROV,PRCNCT,S,S_SV,"2021-01-21 12:30:02",1606,1591,13,2,561,546,13,2,1800,1239,555,6,0,23,16,1,131,134,145,56,4,1,11,4,20,7,2
14,CONSTANŢA,"LICEUL TEORETIC ”LUCIAN BLAGA”",51,"MUNICIPIUL CONSTANŢA",60419,1,PROV,PRCNCT,S,S_SV,"2021-01-21 12:30:02",1653,1648,5,0,483,478,5,0,1798,1315,475,7,1,26,20,0,114,99,136,47,2,0,7,2,12,5,5
14,CONSTANŢA,"LICEUL TEORETIC ”LUCIAN BLAGA”",52,"MUNICIPIUL CONSTANŢA",60419,1,PROV,PRCNCT,S,S_SV,"2021-01-21 12:30:02",1517,1506,10,1,474,463,10,1,1700,1226,465,6,3,14,21,0,119,77,144,51,5,1,7,1,11,10,4
14,CONSTANŢA,"LICEUL TEORETIC ”LUCIAN BLAGA”",53,"MUNICIPIUL CONSTANŢA",60419,1,PROV,PRCNCT,S,S_SV,"2021-01-21 12:30:02",1474,1470,4,0,482,478,4,0,1600,1118,471,10,1,26,15,0,105,88,143,50,6,4,7,3,19,2,3
14,CONSTANŢA,"SCOALA GIMNAZIALA ”GRIGORE ANTIPA” (ŞCOALA NR. 15 )",54,"MUNICIPIUL CONSTANŢA",60419,1,PROV,PRCNCT,S,S_SV,"2021-01-21 12:30:02",1500,1484,16,0,532,516,16,0,1600,1068,519,9,4,21,10,2,114,130,130,69,8,3,6,1,19,5,1
14,CONSTANŢA,"SCOALA GIMNAZIALA ”GRIGORE ANTIPA” (ŞCOALA NR. 15 )",55,"MUNICIPIUL CONSTANŢA",60419,1,PROV,PRCNCT,S,S_SV,"2021-01-21 12:30:02",1752,1739,11,2,488,475,11,2,1900,1412,477,9,2,28,21,1,98,113,130,54,7,2,4,2,14,1,2
14,CONSTANŢA,"SCOALA GIMNAZIALA ”GRIGORE ANTIPA” (ŞCOALA NR. 15 )",56,"MUNICIPIUL CONSTANŢA",60419,1,PROV,PRCNCT,S,S_SV,"2021-01-21 12:30:02",869,853,13,3,267,251,13,3,900,633,261,4,2,17,8,0,49,67,66,36,4,3,0,2,5,3,1
14,CONSTANŢA,"ŞCOALA GIMNAZIALA NR. 17 ”ION MINULESCU”",57,"MUNICIPIUL CONSTANŢA",60419,1,PROV,PRCNCT,S,S_SV,"2021-01-21 12:30:02",1794,1776,15,3,535,517,15,3,1900,1365,526,7,2,35,16,2,95,140,134,75,6,1,3,2,11,2,4
14,CONSTANŢA,"ŞCOALA GIMNAZIALA NR. 17 ”ION MINULESCU”",58,"MUNICIPIUL CONSTANŢA",60419,1,PROV,PRCNCT,S,S_SV,"2021-01-21 12:30:02",1886,1857,24,5,587,558,24,5,2000,1413,577,8,2,22,24,1,101,165,132,99,3,2,8,2,14,3,1
14,CONSTANŢA,"ŞCOALA GIMNAZIALA NR. 17 ”ION MINULESCU”",59,"MUNICIPIUL CONSTANŢA",60419,1,PROV,PRCNCT,S,S_SV,"2021-01-21 12:30:02",1741,1722,16,3,533,514,16,3,1900,1367,522,6,5,27,18,1,112,117,139,66,4,3,4,5,9,9,8
14,CONSTANŢA,"ŞCOALA GIMNAZIALA NR. 17 ”ION MINULESCU”",60,"MUNICIPIUL CONSTANŢA",60419,1,PROV,PRCNCT,S,S_SV,"2021-01-21 12:30:02",1679,1664,14,1,566,551,14,1,1800,1234,556,6,4,20,19,3,121,141,128,88,9,2,1,3,16,3,2
14,CONSTANŢA,"ŞCOALA GIMNAZIALA NR. 33 ”ANGHEL SALIGNY”",61,"MUNICIPIUL CONSTANŢA",60419,1,PROV,PRCNCT,S,S_SV,"2021-01-21 12:30:02",1242,1231,11,0,358,347,11,0,1400,1042,351,7,0,8,15,1,90,81,71,51,3,1,4,0,18,4,4
14,CONSTANŢA,"ŞCOALA GIMNAZIALA NR. 33 ”ANGHEL SALIGNY”",62,"MUNICIPIUL CONSTANŢA",60419,1,PROV,PRCNCT,S,S_SV,"2021-01-21 12:30:02",1645,1635,10,0,489,479,10,0,1800,1311,481,3,5,14,14,0,148,127,87,42,5,3,8,0,19,11,3
14,CONSTANŢA,"ŞCOALA GIMNAZIALA NR. 33 ”ANGHEL SALIGNY”",63,"MUNICIPIUL CONSTANŢA",60419,1,PROV,PRCNCT,S,S_SV,"2021-01-21 12:30:02",955,936,19,0,320,301,19,0,1000,680,315,4,1,15,12,1,69,86,81,31,2,1,2,0,9,5,1
14,CONSTANŢA,"ŞCOALA GIMNAZIALA NR. 33 ”ANGHEL SALIGNY”",64,"MUNICIPIUL CONSTANŢA",60419,1,PROV,PRCNCT,S,S_SV,"2021-01-21 12:30:02",1372,1361,8,3,464,453,8,3,1500,1036,455,8,1,19,16,0,125,91,144,32,0,5,4,0,14,3,2
14,CONSTANŢA,"ŞCOALA GIMNAZIALA NR. 37",65,"MUNICIPIUL CONSTANŢA",60419,1,PROV,PRCNCT,S,S_SV,"2021-01-21 12:30:02",1207,1180,27,0,376,349,27,0,1300,924,369,7,0,22,16,1,104,79,68,51,5,1,4,1,12,3,2
14,CONSTANŢA,"ŞCOALA GIMNAZIALA NR. 37",66,"MUNICIPIUL CONSTANŢA",60419,1,PROV,PRCNCT,S,S_SV,"2021-01-21 12:30:02",1310,1289,21,0,413,392,21,0,1400,986,405,6,2,21,17,1,104,68,93,65,4,5,2,2,13,5,5
14,CONSTANŢA,"ŞCOALA GIMNAZIALA NR. 37",67,"MUNICIPIUL CONSTANŢA",60419,1,PROV,PRCNCT,S,S_SV,"2021-01-21 12:30:02",1269,1259,9,1,393,383,9,1,1400,1007,381,9,3,15,19,1,96,71,85,64,2,2,6,1,11,5,3
14,CONSTANŢA,"ŞCOALA GIMNAZIALA NR. 18 ”JEAN BART”",68,"MUNICIPIUL CONSTANŢA",60419,1,PROV,PRCNCT,S,S_SV,"2021-01-21 12:30:02",1253,1237,16,0,389,373,16,0,1400,1011,384,3,2,21,17,2,89,85,104,37,3,1,3,1,14,7,0
14,CONSTANŢA,"ŞCOALA GIMNAZIALA NR. 18 ”JEAN BART”",69,"MUNICIPIUL CONSTANŢA",60419,1,PROV,PRCNCT,S,S_SV,"2021-01-21 12:30:02",1800,1783,15,2,484,467,15,2,2000,1516,475,6,3,23,16,1,110,127,127,44,2,2,3,1,11,6,2
14,CONSTANŢA,"ŞCOALA GIMNAZIALA NR. 18 ”JEAN BART”",70,"MUNICIPIUL CONSTANŢA",60419,1,PROV,PRCNCT,S,S_SV,"2021-01-21 12:30:02",1261,1250,8,3,392,381,8,3,1400,1008,390,2,0,21,13,1,89,105,101,33,2,3,4,2,8,7,1
14,CONSTANŢA,"ŞCOALA GIMNAZIALA NR. 18 ”JEAN BART”",71,"MUNICIPIUL CONSTANŢA",60419,1,PROV,PRCNCT,S,S_SV,"2021-01-21 12:30:02",1064,1054,7,3,369,359,7,3,1200,831,363,5,1,20,17,0,58,110,104,31,2,3,1,2,9,4,2
14,CONSTANŢA,"LICEUL TEHNOLOGIC ”GHEORGHE MIRON COSTIN” (INDUSTRIE ALIMENTARA)",72,"MUNICIPIUL CONSTANŢA",60419,1,PROV,PRCNCT,S,S_SV,"2021-01-21 12:30:02",1284,1267,17,0,435,418,17,0,1400,965,428,6,1,16,11,0,100,104,91,80,2,2,2,2,10,6,2
14,CONSTANŢA,"LICEUL TEHNOLOGIC ”GHEORGHE MIRON COSTIN” (INDUSTRIE ALIMENTARA)",73,"MUNICIPIUL CONSTANŢA",60419,1,PROV,PRCNCT,S,S_SV,"2021-01-21 12:30:02",1611,1582,26,3,425,396,26,3,1700,1275,416,3,6,21,9,1,106,97,91,64,4,1,2,1,14,4,1
14,CONSTANŢA,"LICEUL TEHNOLOGIC ”DIMITRIE LEONIDA”",74,"MUNICIPIUL CONSTANŢA",60419,1,PROV,PRCNCT,S,S_SV,"2021-01-21 12:30:02",1748,1728,15,5,521,501,15,5,1900,1379,509,11,1,26,16,3,96,128,131,67,5,1,8,4,16,5,3
14,CONSTANŢA,"LICEUL TEHNOLOGIC ”DIMITRIE LEONIDA”",75,"MUNICIPIUL CONSTANŢA",60419,1,PROV,PRCNCT,S,S_SV,"2021-01-21 12:30:02",1729,1714,13,2,544,529,13,2,1900,1356,537,6,1,21,23,0,126,125,142,67,6,4,2,1,13,5,2
14,CONSTANŢA,"ŞCOALA GIMNAZIALA NR. 40 ”AUREL VLAICU”",76,"MUNICIPIUL CONSTANŢA",60419,1,PROV,PRCNCT,S,S_SV,"2021-01-21 12:30:02",1565,1554,10,1,400,389,10,1,1700,1300,391,6,3,12,13,1,104,81,82,58,7,2,2,1,12,8,8
14,CONSTANŢA,"ŞCOALA GIMNAZIALA NR. 40 ”AUREL VLAICU”",77,"MUNICIPIUL CONSTANŢA",60419,1,PROV,PRCNCT,S,S_SV,"2021-01-21 12:30:02",843,805,38,0,256,218,38,0,900,644,254,2,0,7,19,1,61,39,49,48,1,2,3,3,12,5,4
14,CONSTANŢA,"ŞCOALA GIMNAZIALA NR. 40 ”AUREL VLAICU”",78,"MUNICIPIUL CONSTANŢA",60419,1,PROV,PRCNCT,S,S_SV,"2021-01-21 12:30:02",1407,1399,6,2,413,405,6,2,1500,1087,404,7,2,11,8,1,114,89,107,47,7,3,3,2,5,3,4
14,CONSTANŢA,"ŞCOALA GIMNAZIALA NR. 40 ”AUREL VLAICU”",79,"MUNICIPIUL CONSTANŢA",60419,1,PROV,PRCNCT,S,S_SV,"2021-01-21 12:30:02",1625,1611,12,2,495,481,12,2,1800,1305,481,10,4,24,18,5,144,89,89,74,6,2,6,2,12,7,3
14,CONSTANŢA,"ŞCOALA GIMNAZIALA NR. 40 ”AUREL VLAICU”",80,"MUNICIPIUL CONSTANŢA",60419,1,PROV,PRCNCT,S,S_SV,"2021-01-21 12:30:02",840,831,9,0,240,231,9,0,900,660,238,1,1,7,10,1,72,49,37,41,2,3,4,0,9,2,1
14,CONSTANŢA,"ŞCOALA GIMNAZIALA NR. 40 ”AUREL VLAICU”",81,"MUNICIPIUL CONSTANŢA",60419,1,PROV,PRCNCT,S,S_SV,"2021-01-21 12:30:02",859,849,10,0,252,242,10,0,900,648,244,6,2,6,10,2,71,54,39,35,4,2,4,5,5,4,3
14,CONSTANŢA,"ŞCOALA GIMNAZIALA NR. 40 ”AUREL VLAICU”",82,"MUNICIPIUL CONSTANŢA",60419,1,PROV,PRCNCT,S,S_SV,"2021-01-21 12:30:02",1228,1217,11,0,246,235,11,0,1400,1154,239,5,2,11,11,1,71,46,24,59,2,2,3,0,2,3,4
14,CONSTANŢA,"GRĂDINIȚA CU PROGRAM NORMAL NR.34",83,"MUNICIPIUL CONSTANŢA",60419,1,PROV,PRCNCT,S,S_SV,"2021-01-21 12:30:02",1615,1602,10,3,482,469,10,3,1798,1316,467,10,5,17,15,3,104,108,111,77,9,4,2,2,10,2,3
14,CONSTANŢA,"GRĂDINIȚA CU PROGRAM NORMAL NR.34",84,"MUNICIPIUL CONSTANŢA",60419,1,PROV,PRCNCT,S,S_SV,"2021-01-21 12:30:02",1313,1299,14,0,376,362,14,0,1400,1024,365,9,2,18,11,1,85,96,65,58,4,1,2,3,12,7,2
14,CONSTANŢA,"ŞCOALA GIMNAZIALA NR. 31",85,"MUNICIPIUL CONSTANŢA",60419,1,PROV,PRCNCT,S,S_SV,"2021-01-21 12:30:02",1578,1560,18,0,429,411,18,0,1700,1271,416,7,6,10,19,2,123,84,71,77,7,1,2,3,8,7,2
14,CONSTANŢA,"ŞCOALA GIMNAZIALA NR. 31",86,"MUNICIPIUL CONSTANŢA",60419,1,PROV,PRCNCT,S,S_SV,"2021-01-21 12:30:02",1219,1213,6,0,327,321,6,0,1300,973,315,10,2,10,21,2,77,56,58,66,6,2,1,3,3,6,4
14,CONSTANŢA,"ŞCOALA GIMNAZIALA NR. 31",87,"MUNICIPIUL CONSTANŢA",60419,1,PROV,PRCNCT,S,S_SV,"2021-01-21 12:30:02",1285,1270,15,0,289,274,15,0,1400,1111,275,8,6,10,10,0,67,72,28,56,3,2,5,2,8,9,3
14,CONSTANŢA,"LICEUL TEHNOLOGIC ”GHEORGHE DUCA”",88,"MUNICIPIUL CONSTANŢA",60419,1,PROV,PRCNCT,S,S_SV,"2021-01-21 12:30:02",1625,1611,14,0,485,471,14,0,1800,1315,473,11,1,16,11,1,120,113,93,86,7,3,6,0,12,4,1
14,CONSTANŢA,"ŞCOALA GIMNAZIALA ”MARIN SORESCU” (SCOALA NR. 20 )",89,"MUNICIPIUL CONSTANŢA",60419,1,PROV,PRCNCT,S,S_SV,"2021-01-21 12:30:02",866,849,13,4,274,257,13,4,900,626,265,6,3,21,5,1,53,62,54,45,2,4,2,3,9,2,2
14,CONSTANŢA,"ŞCOALA GIMNAZIALA NR. 22 ”I.C.BRATIANU”",90,"MUNICIPIUL CONSTANŢA",60419,2,PART,PRCNCT,S,S_SV,"2021-01-21 12:30:02",1809,1794,12,3,526,511,12,3,2007,1481,505,21,0,19,19,0,137,124,98,63,9,5,6,3,15,4,3
14,CONSTANŢA,"ŞCOALA GIMNAZIALA NR. 22 ”I.C.BRATIANU”",91,"MUNICIPIUL CONSTANŢA",60419,1,PROV,PRCNCT,S,S_SV,"2021-01-21 12:30:02",1266,1246,19,1,389,369,19,1,1400,1011,382,6,1,18,18,0,84,96,73,60,5,4,3,1,12,5,3
14,CONSTANŢA,"CENTRUL SCOLAR PENTRU EDUCATIE INCLUZIVA”MARIA MONTESSORI” (ŞCOALA AJUTATOARE NR. 2)",92,"MUNICIPIUL CONSTANŢA",60419,1,PROV,PRCNCT,S,S_SV,"2021-01-21 12:30:02",1645,1636,9,0,458,449,9,0,1800,1342,446,10,2,19,22,0,100,101,98,68,7,6,5,0,14,3,3
14,CONSTANŢA,"CENTRUL SCOLAR PENTRU EDUCATIE INCLUZIVA”MARIA MONTESSORI” (ŞCOALA AJUTATOARE NR. 2)",93,"MUNICIPIUL CONSTANŢA",60419,1,PROV,PRCNCT,S,S_SV,"2021-01-21 12:30:02",819,809,10,0,261,251,10,0,900,639,256,4,1,15,10,3,64,65,72,12,1,0,4,1,7,1,1
14,CONSTANŢA,"CENTRUL SCOLAR PENTRU EDUCATIE INCLUZIVA”MARIA MONTESSORI” (ŞCOALA AJUTATOARE NR. 2)",94,"MUNICIPIUL CONSTANŢA",60419,1,PROV,PRCNCT,S,S_SV,"2021-01-21 12:30:02",1135,1123,9,3,320,308,9,3,1200,880,315,3,2,24,13,2,41,79,105,28,8,1,0,0,10,4,0
14,CONSTANŢA,"CENTRUL SCOLAR PENTRU EDUCATIE INCLUZIVA”MARIA MONTESSORI” (ŞCOALA AJUTATOARE NR. 2)",95,"MUNICIPIUL CONSTANŢA",60419,1,PROV,PRCNCT,S,S_SV,"2021-01-21 12:30:02",857,848,9,0,260,251,9,0,900,640,259,0,1,15,16,0,65,54,64,23,2,4,4,0,6,6,0
14,CONSTANŢA,"ŞCOALA GIMNAZIALA NR. 8",96,"MUNICIPIUL CONSTANŢA",60419,1,PROV,PRCNCT,S,S_SV,"2021-01-21 12:30:02",2002,1972,30,0,565,535,30,0,2200,1635,552,11,2,18,30,2,141,123,157,38,5,2,5,1,21,6,3
14,CONSTANŢA,"ŞCOALA GIMNAZIALA NR. 8",97,"MUNICIPIUL CONSTANŢA",60419,1,PROV,PRCNCT,S,S_SV,"2021-01-21 12:30:02",1467,1448,17,2,477,458,17,2,1600,1123,470,6,1,22,18,2,109,94,153,37,5,1,7,1,14,7,0
14,CONSTANŢA,"ŞCOALA GIMNAZIALA NR. 8",98,"MUNICIPIUL CONSTANŢA",60419,1,PROV,PRCNCT,S,S_SV,"2021-01-21 12:30:02",1605,1580,19,6,530,505,19,6,1700,1170,519,10,1,18,17,1,96,118,188,44,8,1,6,0,14,5,3
14,CONSTANŢA,"ŞCOALA GIMNAZIALA NR. 8",99,"MUNICIPIUL CONSTANŢA",60419,2,PART,PRCNCT,S,S_SV,"2021-01-21 12:30:02",1481,1458,18,5,485,462,18,5,1600,1115,477,8,0,24,19,1,95,119,140,49,4,2,2,1,13,3,5
14,CONSTANŢA,"ŞCOALA GIMNAZIALA NR.23 ”CONSTANTIN BRÂNCOVEANU”",100,"MUNICIPIUL CONSTANŢA",60419,1,PROV,PRCNCT,S,S_SV,"2021-01-21 12:30:02",1521,1488,33,0,487,454,33,0,1600,1113,482,5,0,20,19,1,90,151,150,32,5,2,3,2,4,1,2
14,CONSTANŢA,"ŞCOALA GIMNAZIALA NR.23 ”CONSTANTIN BRÂNCOVEANU”",101,"MUNICIPIUL CONSTANŢA",60419,1,PROV,PRCNCT,S,S_SV,"2021-01-21 12:30:02",1632,1598,27,7,556,522,27,7,1800,1245,541,12,2,14,13,1,112,139,185,43,3,3,3,2,13,5,5
14,CONSTANŢA,"ŞCOALA GIMNAZIALA NR.23 ”CONSTANTIN BRÂNCOVEANU”",102,"MUNICIPIUL CONSTANŢA",60419,1,PROV,PRCNCT,S,S_SV,"2021-01-21 12:30:02",1786,1759,23,4,628,601,23,4,1900,1272,620,6,2,24,15,1,83,145,283,42,4,2,2,0,15,3,1
14,CONSTANŢA,"ȘCOALA GIMNAZIALA NR.23 ”CONSTANTIN BRÂNCOVEANU”",103,"MUNICIPIUL CONSTANŢA",60419,1,PROV,PRCNCT,S,S_SV,"2021-01-21 12:30:02",1361,1345,12,4,456,440,12,4,1500,1044,449,4,3,26,8,1,97,111,127,48,5,4,2,0,15,5,0
14,CONSTANŢA,"ŞCOALA GIMNAZIALA NR. 39 ”NICOLAE TONITZA”",104,"MUNICIPIUL CONSTANŢA",60419,1,PROV,PRCNCT,S,S_SV,"2021-01-21 12:30:02",1779,1758,19,2,628,607,19,2,1900,1272,620,5,3,30,20,2,157,173,150,56,8,4,3,0,10,5,2
14,CONSTANŢA,"ŞCOALA GIMNAZIALA NR. 39 ”NICOLAE TONITZA”",105,"MUNICIPIUL CONSTANŢA",60419,1,PROV,PRCNCT,S,S_SV,"2021-01-21 12:30:02",1541,1522,19,0,519,500,19,0,1700,1181,514,5,0,26,20,1,103,123,145,51,4,2,2,1,15,16,5
14,CONSTANŢA,"ŞCOALA GIMNAZIALA NR. 39 ”NICOLAE TONITZA”",106,"MUNICIPIUL CONSTANŢA",60419,1,PROV,PRCNCT,S,S_SV,"2021-01-21 12:30:02",1701,1682,19,0,512,493,19,0,1900,1388,500,8,4,11,15,3,112,132,137,55,8,4,6,3,9,3,2
14,CONSTANŢA,"ŞCOALA GIMNAZIALA NR. 39 ”NICOLAE TONITZA”",107,"MUNICIPIUL CONSTANŢA",60419,1,PROV,PRCNCT,S,S_SV,"2021-01-21 12:30:02",1849,1832,17,0,659,642,17,0,2000,1341,634,17,8,11,26,1,161,135,196,55,6,2,9,2,12,14,4
14,CONSTANŢA,"CENTRUL DE PERFECȚIONARE AL MARINEI CIVILE",108,"MUNICIPIUL CONSTANŢA",60419,1,PROV,PRCNCT,S,S_SV,"2021-01-21 12:30:02",1979,1961,16,2,658,640,16,2,2200,1542,644,7,7,19,22,0,131,163,224,57,2,1,6,1,9,5,4
14,CONSTANŢA,"CENTRUL DE PERFECȚIONARE AL MARINEI CIVILE",109,"MUNICIPIUL CONSTANŢA",60419,1,PROV,PRCNCT,S,S_SV,"2021-01-21 12:30:02",1802,1782,16,4,619,599,16,4,2000,1381,607,11,1,31,30,1,125,154,174,64,4,1,6,0,11,4,2
14,CONSTANŢA,"CENTRUL DE PERFECȚIONARE AL MARINEI CIVILE",110,"MUNICIPIUL CONSTANŢA",60419,2,PART,PRCNCT,S,S_SV,"2021-01-21 12:30:02",1513,1499,13,1,470,456,13,1,1600,1129,461,6,3,13,19,3,65,103,202,34,2,1,7,1,6,3,2
14,CONSTANŢA,"ŞCOALA GIMNAZIALA NR. 10 ”MIHAIL KOICIU”",111,"MUNICIPIUL CONSTANŢA",60419,2,PART,PRCNCT,S,S_SV,"2021-01-21 12:30:02",1455,1441,14,0,397,383,14,0,1600,1203,386,9,2,17,12,1,84,119,97,33,1,0,4,1,11,5,1
14,CONSTANŢA,"ŞCOALA GIMNAZIALA NR. 10 ”MIHAIL KOICIU”",112,"MUNICIPIUL CONSTANŢA",60419,1,PROV,PRCNCT,S,S_SV,"2021-01-21 12:30:02",1192,1179,13,0,411,398,13,0,1300,889,402,9,0,23,16,1,81,128,105,27,1,1,0,0,9,9,1
14,CONSTANŢA,"ŞCOALA GIMNAZIALA NR. 10 ”MIHAIL KOICIU”",113,"MUNICIPIUL CONSTANŢA",60419,1,PROV,PRCNCT,S,S_SV,"2021-01-21 12:30:02",1840,1826,14,0,636,622,14,0,2000,1364,628,5,3,32,18,2,142,185,151,61,3,2,6,1,11,10,4
14,CONSTANŢA,"ŞCOALA GIMNAZIALA NR. 10 ”MIHAIL KOICIU”",114,"MUNICIPIUL CONSTANŢA",60419,1,PROV,PRCNCT,S,S_SV,"2021-01-21 12:30:02",1562,1539,18,5,498,475,18,5,1700,1202,492,3,3,24,16,1,123,135,111,42,0,1,8,0,19,10,2
14,CONSTANŢA,"ŞCOALA GIMNAZIALA NR. 10 ”MIHAIL KOICIU”",115,"MUNICIPIUL CONSTANŢA",60419,1,PROV,PRCNCT,S,S_SV,"2021-01-21 12:30:02",1458,1443,13,2,453,438,13,2,1600,1147,447,2,4,16,13,1,111,126,128,34,1,1,2,0,8,1,5
14,CONSTANŢA,"CENTRUL ȘCOLAR ”ALBATROS”",116,"MUNICIPIUL CONSTANŢA",60419,1,PROV,PRCNCT,S,S_SV,"2021-01-21 12:30:02",1123,1113,10,0,324,314,10,0,1200,876,320,3,1,11,16,0,69,80,97,21,3,0,5,1,9,6,2
14,CONSTANŢA,"CENTRUL ȘCOLAR ”ALBATROS”",117,"MUNICIPIUL CONSTANŢA",60419,1,PROV,PRCNCT,S,S_SV,"2021-01-21 12:30:02",1643,1630,10,3,501,488,10,3,1800,1299,489,10,2,23,13,0,113,147,136,29,3,1,3,0,12,4,5
14,CONSTANŢA,"CENTRUL ȘCOLAR ”ALBATROS”",118,"MUNICIPIUL CONSTANŢA",60419,2,PART,PRCNCT,S,S_SV,"2021-01-21 12:30:02",976,967,8,1,327,318,8,1,1100,773,320,6,1,8,18,2,85,82,82,29,2,1,1,1,6,3,0
14,CONSTANŢA,"CENTRUL ȘCOLAR ”ALBATROS”",119,"MUNICIPIUL CONSTANŢA",60419,2,PART,PRCNCT,S,S_SV,"2021-01-21 12:30:02",1032,1016,13,3,352,336,13,3,1100,748,347,4,1,20,15,1,80,68,84,40,4,2,7,0,18,6,2
14,CONSTANŢA,"CENTRUL ȘCOLAR ”ALBATROS”",120,"MUNICIPIUL CONSTANŢA",60419,3,PART,PRCNCT,S,S_SV,"2021-01-21 12:30:02",784,761,23,0,247,224,23,0,800,553,242,5,0,5,14,1,48,67,59,26,3,2,0,0,9,6,2
14,CONSTANŢA,"CENTRUL SCOLAR PENTRU EDUCATIE INCLUZIVA ”DELFINUL” (ŞCOALA AJUTATOARE NR. 1)",121,"MUNICIPIUL CONSTANŢA",60419,1,PROV,PRCNCT,S,S_SV,"2021-01-21 12:30:02",1600,1583,14,3,438,421,14,3,1700,1262,431,4,3,21,11,2,99,115,114,39,2,3,4,3,15,3,0
14,CONSTANŢA,"CENTRUL SCOLAR PENTRU EDUCATIE INCLUZIVA ”DELFINUL” (ŞCOALA AJUTATOARE NR. 1)",122,"MUNICIPIUL CONSTANŢA",60419,1,PROV,PRCNCT,S,S_SV,"2021-01-21 12:30:02",1748,1734,11,3,458,444,11,3,1900,1442,444,13,1,22,15,1,99,124,112,41,2,2,3,1,11,8,3
14,CONSTANŢA,"ŞCOALA GIMNAZIALA NR. 12 ”B. P. HASDEU”",123,"MUNICIPIUL CONSTANŢA",60419,1,PROV,PRCNCT,S,S_SV,"2021-01-21 12:30:02",1751,1731,19,1,604,584,19,1,1900,1296,594,6,4,24,25,1,133,205,149,34,3,1,3,1,6,7,2
14,CONSTANŢA,"ŞCOALA GIMNAZIALA NR. 12 ”B. P. HASDEU”",124,"MUNICIPIUL CONSTANŢA",60419,1,PROV,PRCNCT,S,S_SV,"2021-01-21 12:30:02",1475,1448,27,0,493,466,27,0,1600,1107,483,9,1,19,15,0,105,169,110,25,3,4,9,1,15,6,2
14,CONSTANŢA,"ŞCOALA GIMNAZIALA ”DIMITRIE ȘTIUBEI” (ŞCOALA NR.36 )",125,"MUNICIPIUL CONSTANŢA",60419,1,PROV,PRCNCT,S,S_SV,"2021-01-21 12:30:02",1767,1731,34,2,557,521,34,2,1900,1343,545,12,0,27,12,2,94,181,156,45,3,1,3,1,10,7,3
14,CONSTANŢA,"SCOALA GIMNAZIALA ”DIMITRIE ȘTIUBEI” (ŞCOALA NR.36)",126,"MUNICIPIUL CONSTANŢA",60419,1,PROV,PRCNCT,S,S_SV,"2021-01-21 12:30:02",1959,1935,24,0,619,595,24,0,2200,1581,602,10,7,21,17,5,202,125,97,80,5,0,7,5,12,20,6
14,CONSTANŢA,"SCOALA GIMNAZIALA ”DIMITRIE ȘTIUBEI” (ŞCOALA NR.36)",127,"MUNICIPIUL CONSTANŢA",60419,1,PROV,PRCNCT,S,S_SV,"2021-01-21 12:30:02",1859,1846,13,0,585,572,13,0,1995,1410,581,1,3,25,13,0,130,152,194,33,8,0,6,1,10,6,3
14,CONSTANŢA,"SCOALA GIMNAZIALA ”DIMITRIE ȘTIUBEI” (ŞCOALA NR.36)",128,"MUNICIPIUL CONSTANŢA",60419,1,PROV,PRCNCT,S,S_SV,"2021-01-21 12:30:02",1513,1502,11,0,520,509,11,0,1600,1080,511,8,1,29,21,3,110,125,149,39,2,4,4,4,15,6,0
14,CONSTANŢA,"SCOALA GIMNAZIALA ”DIMITRIE ȘTIUBEI” (ŞCOALA NR.36)",129,"MUNICIPIUL CONSTANŢA",60419,1,PROV,PRCNCT,S,S_SV,"2021-01-21 12:30:02",1797,1778,18,1,631,612,18,1,1995,1364,626,5,0,18,29,1,144,167,198,45,4,2,3,0,8,5,2
14,CONSTANŢA,"GRĂDINIŢA CU PROGRAM PRELUNGIT ”MUGUREL” (GRĂDINIŢA NR. 43)",130,"MUNICIPIUL CONSTANŢA",60419,1,PROV,PRCNCT,S,S_SV,"2021-01-21 12:30:02",1403,1388,15,0,394,379,15,0,1500,1106,388,3,3,15,18,0,100,98,99,26,0,3,2,3,10,7,7
14,CONSTANŢA,"GRĂDINIŢA CU PROGRAM PRELUNGIT ”MUGUREL” (GRĂDINIŢA NR. 43)",131,"MUNICIPIUL CONSTANŢA",60419,1,PROV,PRCNCT,S,S_SV,"2021-01-21 12:30:02",1520,1507,12,1,477,464,12,1,1700,1223,471,5,1,23,16,2,121,113,120,46,5,1,2,0,9,7,6
14,CONSTANŢA,"GRĂDINIŢA CU PROGRAM NORMAL NR. 51",132,"MUNICIPIUL CONSTANŢA",60419,2,PART,PRCNCT,S,S_SV,"2021-01-21 12:30:02",1510,1493,15,2,457,440,15,2,1700,1243,449,7,1,18,15,2,121,109,114,41,6,2,3,2,11,4,1
14,CONSTANŢA,"GRĂDINIŢA CU PROGRAM NORMAL NR. 51",133,"MUNICIPIUL CONSTANŢA",60419,1,PROV,PRCNCT,S,S_SV,"2021-01-21 12:30:02",1522,1504,16,2,540,522,16,2,1700,1160,527,11,2,13,21,1,126,152,155,24,5,2,8,3,9,4,4
14,CONSTANŢA,"AGENȚIA FISCALĂ NR.1-4",134,"MUNICIPIUL CONSTANŢA",60419,1,PROV,PRCNCT,S,S_SV,"2021-01-21 12:30:02",1681,1661,18,2,577,557,18,2,1800,1223,570,5,2,36,22,2,117,157,169,36,2,2,8,1,8,7,3
14,CONSTANŢA,"AGENȚIA FISCALĂ NR.1-4",135,"MUNICIPIUL CONSTANŢA",60419,1,PROV,PRCNCT,S,S_SV,"2021-01-21 12:30:02",1448,1426,22,0,449,427,22,0,1600,1151,445,0,4,16,10,2,96,131,135,37,2,3,0,1,6,5,1
14,CONSTANŢA,"LICEUL TEORETIC ”GEORGE CĂLINESCU”",136,"MUNICIPIUL CONSTANŢA",60419,1,PROV,PRCNCT,S,S_SV,"2021-01-21 12:30:02",1120,1091,29,0,392,363,29,0,1200,808,381,6,5,12,6,1,103,109,99,24,3,2,4,0,13,5,0
14,CONSTANŢA,"LICEUL TEORETIC ”GEORGE CĂLINESCU”",137,"MUNICIPIUL CONSTANŢA",60419,1,PROV,PRCNCT,S,S_SV,"2021-01-21 12:30:02",1051,1034,17,0,393,376,17,0,1100,707,386,5,2,23,13,1,101,110,96,26,3,1,3,0,4,4,1
14,CONSTANŢA,"LICEUL TEORETIC ”GEORGE CĂLINESCU”",138,"MUNICIPIUL CONSTANŢA",60419,1,PROV,PRCNCT,S,S_SV,"2021-01-21 12:30:02",1044,1032,12,0,363,351,12,0,1100,737,356,3,4,24,18,3,74,105,96,19,1,2,2,0,9,3,0
14,CONSTANŢA,"ŞCOALA GIMNAZIALA NR.14",139,"MUNICIPIUL CONSTANŢA",60419,1,PROV,PRCNCT,S,S_SV,"2021-01-21 12:30:02",1882,1829,32,21,648,595,32,21,2000,1352,629,17,2,27,23,1,104,185,148,105,2,2,13,2,9,6,2
14,CONSTANŢA,"ŞCOALA GIMNAZIALA NR.14",140,"MUNICIPIUL CONSTANŢA",60419,1,PROV,PRCNCT,S,S_SV,"2021-01-21 12:30:02",1990,1957,25,8,589,556,25,8,2200,1611,575,12,2,38,25,1,87,153,134,101,2,5,12,1,14,2,0
14,CONSTANŢA,"ŞCOALA GIMNAZIALA NR.14",141,"MUNICIPIUL CONSTANŢA",60419,1,PROV,PRCNCT,S,S_SV,"2021-01-21 12:30:02",967,950,17,0,284,267,17,0,1000,716,278,6,0,2,10,1,57,53,69,60,5,3,4,1,4,4,5
14,CONSTANŢA,"ŞCOALA GIMNAZIALA NR. 38 ”DIMITRIE CANTEMIR”",142,"MUNICIPIUL CONSTANŢA",60419,1,PROV,PRCNCT,S,S_SV,"2021-01-21 12:30:02",966,937,27,2,371,342,27,2,1000,629,368,3,0,12,9,1,91,99,99,31,5,2,1,1,13,2,2
14,CONSTANŢA,"ŞCOALA GIMNAZIALA NR. 38 ”DIMITRIE CANTEMIR”",143,"MUNICIPIUL CONSTANŢA",60419,1,PROV,PRCNCT,S,S_SV,"2021-01-21 12:30:02",995,975,20,0,353,333,20,0,1100,747,346,3,4,8,12,1,81,79,119,22,1,0,7,0,10,4,2
14,CONSTANŢA,"LICEUL TEORETIC ”DECEBAL”",144,"MUNICIPIUL CONSTANŢA",60419,1,PROV,PRCNCT,S,S_SV,"2021-01-21 12:30:02",921,905,15,1,326,310,15,1,1000,670,322,3,1,8,9,1,80,104,80,25,3,2,3,0,2,4,1
14,CONSTANŢA,"LICEUL TEORETIC ”DECEBAL”",145,"MUNICIPIUL CONSTANŢA",60419,1,PROV,PRCNCT,S,S_SV,"2021-01-21 12:30:02",591,574,17,0,170,153,17,0,600,430,167,3,0,6,7,1,31,35,53,25,2,0,1,0,6,0,0
14,CONSTANŢA,"LICEUL TEORETIC ”DECEBAL”",146,"MUNICIPIUL CONSTANŢA",60419,1,PROV,PRCNCT,S,S_SV,"2021-01-21 12:30:02",790,770,20,0,259,239,20,0,900,641,256,1,2,7,13,1,37,74,68,26,3,4,6,2,7,5,3
14,CONSTANŢA,"LICEUL TEORETIC ”DECEBAL”",147,"MUNICIPIUL CONSTANŢA",60419,1,PROV,PRCNCT,S,S_SV,"2021-01-21 12:30:02",907,880,27,0,280,253,27,0,1000,720,275,2,3,13,6,1,71,74,61,23,3,3,5,1,9,2,3
14,CONSTANŢA,"LICEUL TEHNOLOGIC ”VIRGIL MADGEARU” (ŞCOALA NR.35)",148,"MUNICIPIUL CONSTANŢA",60419,1,PROV,PRCNCT,S,S_SV,"2021-01-21 12:30:02",804,776,28,0,276,248,28,0,900,624,271,5,0,16,10,1,83,59,44,42,0,1,5,0,5,4,1
14,CONSTANŢA,"LICEUL TEHNOLOGIC ”VIRGIL MADGEARU” (ŞCOALA NR.35)",149,"MUNICIPIUL CONSTANŢA",60419,1,PROV,PRCNCT,S,S_SV,"2021-01-21 12:30:02",1137,1117,20,0,377,357,20,0,1200,823,371,5,1,15,14,1,82,115,97,23,3,0,7,1,10,2,1
14,CONSTANŢA,"LICEUL TEHNOLOGIC ”VIRGIL MADGEARU” (ŞCOALA NR.35)",150,"MUNICIPIUL CONSTANŢA",60419,1,PROV,PRCNCT,S,S_SV,"2021-01-21 12:30:02",767,750,15,2,242,225,15,2,800,558,235,6,1,10,8,1,78,54,58,13,2,0,2,0,6,1,2
14,CONSTANŢA,"GRĂDINIŢA CU PROGRAM PRELUNGIT”AMICII” (GRĂDINIŢA NR.12 )",151,"MUNICIPIUL CONSTANŢA",60419,1,PROV,PRCNCT,S,S_SV,"2021-01-21 12:30:02",1182,1158,24,0,425,401,24,0,1300,875,416,8,1,25,13,1,111,87,104,39,6,3,4,0,14,4,5
14,CONSTANŢA,"ŞCOALA GIMNAZIALA NR. 29 ”MIHAI VITEAZUL”",152,"MUNICIPIUL CONSTANŢA",60419,1,PROV,PRCNCT,S,S_SV,"2021-01-21 12:30:02",685,655,30,0,238,208,30,0,700,462,230,4,4,19,4,0,51,59,51,26,5,1,5,0,6,2,1
14,CONSTANŢA,"ŞCOALA GIMNAZIALA NR. 29 ”MIHAI VITEAZUL”",153,"MUNICIPIUL CONSTANŢA",60419,2,PART,PRCNCT,S,S_SV,"2021-01-21 12:30:02",747,720,24,3,258,231,24,3,800,542,253,3,2,9,10,1,58,75,68,19,2,0,2,1,4,4,0
14,CONSTANŢA,"ŞCOALA GIMNAZIALA NR. 29 ”MIHAI VITEAZUL”",154,"MUNICIPIUL CONSTANŢA",60419,1,PROV,PRCNCT,S,S_SV,"2021-01-21 12:30:02",1238,1224,14,0,369,355,14,0,1300,931,358,8,3,10,8,0,80,95,109,33,3,3,6,2,7,2,0
14,CONSTANŢA,"ŞCOALA NR. 29 ”MIHAI VITEAZU”",155,"MUNICIPIUL CONSTANŢA",60419,1,PROV,PRCNCT,S,S_SV,"2021-01-21 12:30:02",678,666,10,2,255,243,10,2,700,445,251,4,0,12,10,1,69,54,72,18,2,1,0,0,8,2,2
14,CONSTANŢA,"ŞCOALA GIMNAZIALA NR. 7 ”REMUS OPREANU”",156,"MUNICIPIUL CONSTANŢA",60419,1,PROV,PRCNCT,S,S_SV,"2021-01-21 12:30:02",1274,1256,18,0,441,423,18,0,1400,959,434,6,1,14,22,1,84,153,119,21,2,1,4,0,9,3,1
14,CONSTANŢA,"ŞCOALA GIMNAZIALA NR. 7 ”REMUS OPREANU”",157,"MUNICIPIUL CONSTANŢA",60419,1,PROV,PRCNCT,S,S_SV,"2021-01-21 12:30:02",770,750,20,0,253,233,20,0,800,547,252,0,1,6,12,1,45,69,77,29,2,1,1,0,4,3,2
14,CONSTANŢA,"ŞCOALA GIMNAZIALA NR. 7 ”REMUS OPREANU”",158,"MUNICIPIUL CONSTANŢA",60419,1,PROV,PRCNCT,S,S_SV,"2021-01-21 12:30:02",1309,1280,26,3,415,386,26,3,1400,985,408,7,0,19,14,3,86,105,126,30,3,1,4,2,6,6,3
14,CONSTANŢA,"ŞCOALA GIMNAZIALA NR. 7 ”REMUS OPREANU”",159,"MUNICIPIUL CONSTANŢA",60419,1,PROV,PRCNCT,S,S_SV,"2021-01-21 12:30:02",1352,1334,18,0,523,505,18,0,1500,977,519,3,1,21,16,2,118,151,154,32,4,3,2,2,12,2,0
14,CONSTANŢA,"ŞCOALA GIMNAZIALA NR. 7 ”REMUS OPREANU”",160,"MUNICIPIUL CONSTANŢA",60419,1,PROV,PRCNCT,S,S_SV,"2021-01-21 12:30:02",1194,1161,28,5,465,432,28,5,1300,835,456,6,3,23,15,2,101,120,144,24,1,2,5,0,13,3,3
14,CONSTANŢA,"ŞCOALA GIMNAZIALA NR.6 ”NICOLAE TITULESCU”",161,"MUNICIPIUL CONSTANŢA",60419,1,PROV,PRCNCT,S,S_SV,"2021-01-21 12:30:02",929,908,17,4,375,354,17,4,1000,625,368,4,3,18,14,0,68,101,127,15,6,2,4,0,7,6,0
14,CONSTANŢA,"ŞCOALA GIMNAZIALA NR.6 ”NICOLAE TITULESCU”",162,"MUNICIPIUL CONSTANŢA",60419,1,PROV,PRCNCT,S,S_SV,"2021-01-21 12:30:02",1116,1094,22,0,392,370,22,0,1200,808,383,5,4,14,13,0,74,121,109,25,3,1,5,3,4,11,0
14,CONSTANŢA,"ŞCOALA GIMNAZIALA NR.6 ”NICOLAE TITULESCU”",163,"MUNICIPIUL CONSTANŢA",60419,1,PROV,PRCNCT,S,S_SV,"2021-01-21 12:30:02",998,987,10,1,402,391,10,1,1100,698,398,4,0,17,11,0,71,133,126,20,3,0,2,0,6,9,0
14,CONSTANŢA,"ŞCOALA GIMNAZIALA NR.6 ”NICOLAE TITULESCU”",164,"MUNICIPIUL CONSTANŢA",60419,1,PROV,PRCNCT,S,S_SV,"2021-01-21 12:30:02",1032,1018,14,0,415,401,14,0,1100,685,400,14,1,25,9,2,66,123,124,28,1,0,2,0,13,6,1
14,CONSTANŢA,"GRĂDINIŢA CU PROGRAM PRELUNGIT ”NOROCEL”(GRĂDINIŢA NR.13)",165,"MUNICIPIUL CONSTANŢA",60419,1,PROV,PRCNCT,S,S_SV,"2021-01-21 12:30:02",892,875,17,0,303,286,17,0,1000,697,300,3,0,16,7,0,87,82,77,18,2,2,1,1,6,0,1
14,CONSTANŢA,"GRĂDINIŢA CU PROGRAM PRELUNGIT ”NOROCEL”(GRĂDINIŢA NR.13)",166,"MUNICIPIUL CONSTANŢA",60419,1,PROV,PRCNCT,S,S_SV,"2021-01-21 12:30:02",997,979,16,2,352,334,16,2,1100,748,345,6,1,18,10,0,70,104,98,19,4,0,2,0,12,5,3
14,CONSTANŢA,"PALATUL COPIILOR",167,"MUNICIPIUL CONSTANŢA",60419,1,PROV,PRCNCT,S,S_SV,"2021-01-21 12:30:02",729,719,10,0,268,258,10,0,800,532,257,9,2,17,15,1,30,81,77,16,1,1,9,1,6,0,2
14,CONSTANŢA,"PALATUL COPIILOR",168,"MUNICIPIUL CONSTANŢA",60419,1,PROV,PRCNCT,S,S_SV,"2021-01-21 12:30:02",599,582,17,0,206,189,17,0,600,394,205,1,0,11,6,0,44,47,68,16,1,1,2,1,6,2,0
14,CONSTANŢA,"SCOALA GIMNAZIALA ”SPECTRUM” (ŞCOALA NR.27)",169,"MUNICIPIUL CONSTANŢA",60419,1,PROV,PRCNCT,S,S_SV,"2021-01-21 12:30:02",1370,1348,22,0,533,511,22,0,1500,967,526,5,2,27,14,0,134,174,109,39,7,0,6,1,10,5,0
14,CONSTANŢA,"SCOALA GIMNAZIALA ”SPECTRUM” (ŞCOALA NR.27)",170,"MUNICIPIUL CONSTANŢA",60419,1,PROV,PRCNCT,S,S_SV,"2021-01-21 12:30:02",1572,1551,20,1,516,495,20,1,1700,1184,510,4,2,22,13,1,95,156,158,35,5,2,4,2,10,4,3
14,CONSTANŢA,"COLEGIUL TEHNIC ”TOMIS”",171,"MUNICIPIUL CONSTANŢA",60419,1,PROV,PRCNCT,S,S_SV,"2021-01-21 12:30:02",996,978,13,5,353,335,13,5,1100,747,346,6,1,25,16,1,60,122,96,12,3,0,2,0,7,1,1
14,CONSTANŢA,"COLEGIUL TEHNIC ”TOMIS”",172,"MUNICIPIUL CONSTANŢA",60419,1,PROV,PRCNCT,S,S_SV,"2021-01-21 12:30:02",958,931,27,0,355,328,27,0,1000,645,350,5,0,15,5,3,64,119,110,15,1,3,7,1,4,2,1
14,CONSTANŢA,"COLEGIUL TEHNIC ”TOMIS”",173,"MUNICIPIUL CONSTANŢA",60419,1,PROV,PRCNCT,S,S_SV,"2021-01-21 12:30:02",651,642,8,1,220,211,8,1,700,480,216,3,1,12,12,1,44,76,63,2,0,0,1,1,4,0,0
14,CONSTANŢA,"COLEGIUL TEHNIC ”TOMIS”",174,"MUNICIPIUL CONSTANŢA",60419,1,PROV,PRCNCT,S,S_SV,"2021-01-21 12:30:02",1032,1014,14,4,389,371,14,4,1100,711,386,3,0,22,15,1,84,137,96,16,1,0,2,0,8,3,1
14,CONSTANŢA,"ŞCOALA GIMNAZIALA NR.30 ”GHEORGHE ŢIŢEICA”",175,"MUNICIPIUL CONSTANŢA",60419,1,PROV,PRCNCT,S,S_SV,"2021-01-21 12:30:02",1232,1218,14,0,333,319,14,0,1300,967,332,1,0,17,9,0,64,123,78,28,2,3,1,0,2,4,1
14,CONSTANŢA,"ŞCOALA GIMNAZIALA NR.30 ”GHEORGHE ŢIŢEICA”",176,"MUNICIPIUL CONSTANŢA",60419,1,PROV,PRCNCT,S,S_SV,"2021-01-21 12:30:02",853,838,13,2,320,305,13,2,900,580,313,5,2,16,12,2,60,105,87,12,2,1,0,1,8,5,2
14,CONSTANŢA,"ŞCOALA GIMNAZIALA NR.30 ”GHEORGHE ŢIŢEICA”",177,"MUNICIPIUL CONSTANŢA",60419,1,PROV,PRCNCT,S,S_SV,"2021-01-21 12:30:02",862,838,24,0,328,304,24,0,900,572,323,3,2,19,12,2,62,94,103,14,0,1,6,0,8,2,0
14,CONSTANŢA,"CENTRUL JUDEŢEAN DE RESURSE ŞI ASISTENŢĂ EDUCAŢIONALĂ",178,"MUNICIPIUL CONSTANŢA",60419,2,PART,PRCNCT,S,S_SV,"2021-01-21 12:30:02",1203,1185,17,1,406,388,17,1,1300,894,398,6,2,19,9,0,76,145,109,19,4,0,3,1,7,3,3
14,CONSTANŢA,"CENTRUL JUDEŢEAN DE RESURSE ŞI ASISTENŢĂ EDUCAŢIONALĂ",179,"MUNICIPIUL CONSTANŢA",60419,1,PROV,PRCNCT,S,S_SV,"2021-01-21 12:30:02",962,937,24,1,380,355,24,1,1000,620,373,7,0,12,12,0,74,98,130,26,1,1,4,1,8,2,4
14,CONSTANŢA,"CENTRUL JUDEŢEAN DE RESURSE ŞI ASISTENŢĂ EDUCAŢIONALĂ",180,"MUNICIPIUL CONSTANŢA",60419,1,PROV,PRCNCT,S,S_SV,"2021-01-21 12:30:02",1042,1032,6,4,393,383,6,4,1100,707,385,5,3,16,10,2,82,129,97,19,3,5,4,2,12,3,1
14,CONSTANŢA,"ȘCOALA PRIMARĂ „COLIBRI”",181,"MUNICIPIUL CONSTANŢA",60419,1,PROV,PRCNCT,S,S_SV,"2021-01-21 12:30:02",1263,1162,35,66,478,377,35,66,1300,822,466,6,6,18,23,1,92,151,140,15,4,2,6,1,5,5,3
14,CONSTANŢA,"ȘCOALA PRIMARĂ „COLIBRI”",182,"MUNICIPIUL CONSTANŢA",60419,1,PROV,PRCNCT,S,S_SV,"2021-01-21 12:30:02",1621,1607,14,0,554,540,14,0,1800,1246,547,5,2,17,19,2,125,154,157,42,1,5,8,1,8,7,1
14,CONSTANŢA,"COLEGIUL TEHNIC ENERGETIC",183,"MUNICIPIUL CONSTANŢA",60419,1,PROV,PRCNCT,S,S_SV,"2021-01-21 12:30:02",1253,1238,14,1,472,457,14,1,1400,928,465,6,1,26,13,3,80,134,156,34,3,0,3,1,7,5,0
14,CONSTANŢA,"COLEGIUL TEHNIC ENERGETIC",184,"MUNICIPIUL CONSTANŢA",60419,1,PROV,PRCNCT,S,S_SV,"2021-01-21 12:30:02",716,690,25,1,270,244,25,1,800,530,264,6,0,14,6,2,49,51,106,19,2,1,5,1,3,3,2
14,CONSTANŢA,"COLEGIUL TEHNIC ENERGETIC",185,"MUNICIPIUL CONSTANŢA",60419,1,PROV,PRCNCT,S,S_SV,"2021-01-21 12:30:02",1279,1264,15,0,444,429,15,0,1400,956,439,4,1,22,19,0,67,127,147,22,5,5,4,0,14,4,3
14,CONSTANŢA,"COLEGIUL TEHNIC ENERGETIC",186,"MUNICIPIUL CONSTANŢA",60419,1,PROV,PRCNCT,S,S_SV,"2021-01-21 12:30:02",1660,1637,15,8,602,579,15,8,1799,1197,596,5,1,32,35,0,115,174,167,35,4,0,11,0,13,7,3
14,CONSTANŢA,"ŞCOALA GIMNAZIALA NR. 3 ”CIPRIAN PORUMBESCU”",187,"MUNICIPIUL CONSTANŢA",60419,1,PROV,PRCNCT,S,S_SV,"2021-01-21 12:30:02",1339,1330,9,0,538,529,9,0,1500,962,529,7,2,37,23,0,115,153,134,30,6,1,4,3,12,6,5
14,CONSTANŢA,"ŞCOALA GIMNAZIALA NR. 3 ”CIPRIAN PORUMBESCU”",188,"MUNICIPIUL CONSTANŢA",60419,1,PROV,PRCNCT,S,S_SV,"2021-01-21 12:30:02",1189,1173,16,0,412,396,16,0,1300,888,402,6,4,32,20,0,79,132,99,15,4,3,7,1,7,1,2
14,CONSTANŢA,"ŞCOALA GIMNAZIALA NR. 3 ”CIPRIAN PORUMBESCU”",189,"MUNICIPIUL CONSTANŢA",60419,1,PROV,PRCNCT,S,S_SV,"2021-01-21 12:30:02",1091,1072,17,2,404,385,17,2,1200,796,397,4,3,18,13,0,83,128,110,22,3,3,2,3,6,3,3
14,CONSTANŢA,"GRĂDINIŢA CU PROGRAM PRELUNGIT NR.45",190,"MUNICIPIUL CONSTANŢA",60419,1,PROV,PRCNCT,S,S_SV,"2021-01-21 12:30:02",885,846,36,3,348,309,36,3,900,552,343,5,0,18,20,1,64,90,114,21,0,0,8,0,3,3,1
14,CONSTANŢA,"UNIVERSITATEA ”OVIDIUS”",191,"MUNICIPIUL CONSTANŢA",60419,1,PROV,PRCNCT,S,S_SV,"2021-01-21 12:30:02",1756,1727,26,3,621,592,26,3,1900,1279,616,5,0,26,32,1,110,199,186,23,3,3,5,0,17,7,4
14,CONSTANŢA,"UNIVERSITATEA ”OVIDIUS”",192,"MUNICIPIUL CONSTANŢA",60419,1,PROV,PRCNCT,S,S_SV,"2021-01-21 12:30:02",1096,1026,12,58,407,339,12,56,1100,693,399,6,2,17,4,1,96,115,107,39,3,2,2,0,5,3,5
14,CONSTANŢA,"UNIVERSITATEA ”OVIDIUS”",193,"MUNICIPIUL CONSTANŢA",60419,1,PROV,PRCNCT,S,S_SV,"2021-01-21 12:30:02",1124,1103,21,0,367,346,21,0,1200,833,363,3,1,25,13,0,71,125,92,20,1,1,3,0,3,6,3
14,CONSTANŢA,"UNIVERSITATEA ”OVIDIUS”",194,"MUNICIPIUL CONSTANŢA",60419,1,PROV,PRCNCT,S,S_SV,"2021-01-21 12:30:02",302,280,22,0,117,95,22,0,300,183,117,0,0,4,3,0,19,28,47,7,3,0,3,0,1,2,0
14,CONSTANŢA,"ŞCOALA GIMNAZIALA NR. 43 ”FERDINAND”",195,"MUNICIPIUL CONSTANŢA",60419,1,PROV,PRCNCT,S,S_SV,"2021-01-21 12:30:02",685,665,20,0,335,315,20,0,700,365,330,5,0,17,8,0,42,113,118,12,3,1,3,0,10,2,1
14,CONSTANŢA,"ŞCOALA GIMNAZIALA NR.5 ”NICOLAE IORGA”",196,"MUNICIPIUL CONSTANŢA",60419,1,PROV,PRCNCT,S,S_SV,"2021-01-21 12:30:02",1428,1399,10,19,504,475,10,19,1500,996,498,4,2,31,19,1,90,182,126,31,1,1,5,1,6,4,0
14,CONSTANŢA,"ŞCOALA GIMNAZIALA NR.5 ”NICOLAE IORGA”",197,"MUNICIPIUL CONSTANŢA",60419,1,PROV,PRCNCT,S,S_SV,"2021-01-21 12:30:02",766,743,18,5,294,271,18,5,800,506,290,2,2,6,13,1,45,106,77,30,1,1,3,2,3,2,0
14,CONSTANŢA,"ŞCOALA GIMNAZIALA NR.5 ”NICOLAE IORGA”",198,"MUNICIPIUL CONSTANŢA",60419,1,PROV,PRCNCT,S,S_SV,"2021-01-21 12:30:02",505,481,10,14,186,162,10,14,500,314,183,3,0,12,11,0,39,46,49,13,4,0,2,1,5,1,0
14,CONSTANŢA,"ANEXĂ LA COLEGIUL NAŢIONAL ”MIRCEA CEL BĂTRÂN”",199,"MUNICIPIUL CONSTANŢA",60419,1,PROV,PRCNCT,S,S_SV,"2021-01-21 12:30:02",662,611,12,39,260,209,12,39,700,440,257,2,1,12,3,0,70,68,61,29,4,1,2,1,4,2,0
14,CONSTANŢA,"ANEXĂ LA COLEGIUL NAŢIONAL ”MIRCEA CEL BĂTRÂN”",200,"MUNICIPIUL CONSTANŢA",60419,1,PROV,PRCNCT,S,S_SV,"2021-01-21 12:30:02",631,590,16,25,256,215,16,25,700,444,252,4,0,13,10,0,50,80,73,13,3,1,0,1,7,0,1
14,CONSTANŢA,"GRĂDINIŢA CU PROGRAM PRELUNGIT NR. 8 (TOMIS II)",201,"MUNICIPIUL CONSTANŢA",60419,1,PROV,PRCNCT,S,S_SV,"2021-01-21 12:30:02",806,768,30,8,350,312,30,8,800,450,343,4,3,14,13,6,86,100,90,17,4,1,3,1,5,2,1
14,CONSTANŢA,"ATELIER ŞCOALĂ",202,"MUNICIPIUL CONSTANŢA",60419,1,PROV,PRCNCT,S,S_SV,"2021-01-21 12:30:02",711,698,11,2,262,249,11,2,800,538,259,0,3,11,7,1,56,92,60,20,1,0,8,0,3,0,0
14,CONSTANŢA,"GRĂDINIŢA CU PROGRAM PRELUNGIT NR.6",203,"MUNICIPIUL CONSTANŢA",60419,1,PROV,PRCNCT,S,S_SV,"2021-01-21 12:30:02",750,730,19,1,256,236,19,1,800,544,253,2,1,10,16,1,60,75,67,16,1,1,2,1,2,0,1
14,CONSTANŢA,"ŞCOALA GIMNAZIALA NR. 11 ”DR.CONSTANTIN ANGELESCU”",204,"MUNICIPIUL CONSTANŢA",60419,1,PROV,PRCNCT,S,S_SV,"2021-01-21 12:30:02",1232,1218,12,2,483,469,12,2,1300,817,470,6,7,24,15,0,68,186,129,23,5,0,0,0,13,7,0
14,CONSTANŢA,"ŞCOALA GIMNAZIALA NR. 11 ”DR.CONSTANTIN ANGELESCU”",205,"MUNICIPIUL CONSTANŢA",60419,1,PROV,PRCNCT,S,S_SV,"2021-01-21 12:30:02",1479,1453,23,3,527,501,23,3,1600,1073,515,8,4,26,32,1,115,138,139,24,7,0,5,0,17,9,2
14,CONSTANŢA,"LICEUL TEHNOLOGIC DE ELECTROTEHNICA SI TELECOMUNICAȚII",206,"MUNICIPIUL CONSTANŢA",60419,1,PROV,PRCNCT,S,S_SV,"2021-01-21 12:30:02",1255,1235,16,4,508,488,16,4,1400,892,504,3,1,21,18,0,109,176,135,23,2,1,0,0,13,3,3
14,CONSTANŢA,"UNIVERSITATEA ”ANDREI ŞAGUNA”",207,"MUNICIPIUL CONSTANŢA",60419,1,PROV,PRCNCT,S,S_SV,"2021-01-21 12:30:02",790,771,17,2,288,269,17,2,800,512,281,5,2,12,9,0,65,76,86,17,2,1,3,1,7,2,0
14,CONSTANŢA,"CARTIER TOMIS PLUS",208,"MUNICIPIUL CONSTANŢA",60419,1,PROV,PRCNCT,S,S_SV,"2021-01-21 12:30:02",1181,1131,46,4,477,427,46,4,1200,723,472,4,1,13,13,0,55,122,209,30,2,0,7,1,15,3,2
14,CONSTANŢA,"SC GEMINI ESTATE SRL",209,"MUNICIPIUL CONSTANŢA",60419,1,PROV,PRCNCT,S,S_SV,"2021-01-21 12:30:02",1235,1213,22,0,476,454,22,0,1300,824,470,4,2,24,20,1,72,111,184,29,3,0,9,1,14,2,0
14,CONSTANŢA,"HOTEL VENUS",210,"MUNICIPIUL CONSTANŢA",60419,1,PROV,PRCNCT,S,S_SV,"2021-01-21 12:30:02",385,348,37,0,137,100,37,0,396,259,135,2,0,8,4,1,26,41,34,11,0,0,1,1,5,2,1
14,CONSTANŢA,"CAMPUS SOCIAL ”HENRI COANDĂ”",211,"MUNICIPIUL CONSTANŢA",60419,1,PROV,PRCNCT,S,S_SV,"2021-01-21 12:30:02",1749,1733,16,0,558,542,16,0,1900,1342,500,58,0,12,16,4,214,61,16,126,10,5,5,1,6,11,13
14,CONSTANŢA,"CASA MUNICIPALĂ DE CULTURĂ",212,"MUNICIPIUL MANGALIA",60482,1,PROV,PRCNCT,S,S_SV,"2021-01-21 12:30:02",1455,1417,34,4,559,521,34,4,1600,1041,545,10,4,20,16,0,195,144,82,34,8,5,5,1,15,10,10
14,CONSTANŢA,"GRUP ȘCOLAR ECONOMIC",213,"MUNICIPIUL MANGALIA",60482,1,PROV,PRCNCT,S,S_SV,"2021-01-21 12:30:02",1387,1367,20,0,514,494,20,0,1500,986,506,3,5,35,15,3,111,162,61,54,6,1,10,4,25,7,12
14,CONSTANŢA,"LICEUL TEHNOLOGIC ”ION BĂNESCU” MANGALIA",214,"MUNICIPIUL MANGALIA",60482,1,PROV,PRCNCT,S,S_SV,"2021-01-21 12:30:02",1144,1119,24,1,387,362,24,1,1200,813,377,8,2,26,9,1,72,91,40,92,7,2,9,2,22,2,2
14,CONSTANŢA,"GRUP ȘCOLAR INDUSTRIAL ”ION BĂNESCU”",215,"MUNICIPIUL MANGALIA",60482,1,PROV,PRCNCT,S,S_SV,"2021-01-21 12:30:02",1429,1415,12,2,455,441,12,2,1600,1145,441,11,3,21,12,1,101,111,49,91,6,2,8,0,23,8,8
14,CONSTANŢA,"BAZA SPOTIVĂ PESCĂRUȘ",216,"MUNICIPIUL MANGALIA",60482,1,PROV,PRCNCT,S,S_SV,"2021-01-21 12:30:02",1103,1086,17,0,396,379,17,0,1200,804,384,11,1,19,21,0,116,93,51,54,2,3,5,1,15,2,2
14,CONSTANŢA,"ȘCOALA GENERALĂ NR.3",217,"MUNICIPIUL MANGALIA",60482,1,PROV,PRCNCT,S,S_SV,"2021-01-21 12:30:02",1692,1662,28,2,559,529,28,2,1800,1241,549,9,1,29,23,2,161,107,74,94,10,6,6,3,23,7,4
14,CONSTANŢA,"ȘCOALA GENERALĂ NR.3",218,"MUNICIPIUL MANGALIA",60482,1,PROV,PRCNCT,S,S_SV,"2021-01-21 12:30:02",1569,1558,10,1,457,446,10,1,1700,1243,447,8,2,22,15,0,106,110,73,71,6,3,7,1,25,5,3
14,CONSTANŢA,"GRĂDINIȚA NR.3",219,"MUNICIPIUL MANGALIA",60482,1,PROV,PRCNCT,S,S_SV,"2021-01-21 12:30:02",1590,1577,13,0,492,479,13,0,1700,1208,477,12,3,25,24,0,140,100,54,96,8,2,2,2,16,6,2
14,CONSTANŢA,"ȘCOALA GENERALĂ NR.1",220,"MUNICIPIUL MANGALIA",60482,1,PROV,PRCNCT,S,S_SV,"2021-01-21 12:30:02",1170,1148,22,0,366,344,22,0,1300,934,356,7,3,13,19,1,69,93,60,64,2,6,5,1,16,4,3
14,CONSTANŢA,"ȘCOALA GENERALĂ NR.1",221,"MUNICIPIUL MANGALIA",60482,1,PROV,PRCNCT,S,S_SV,"2021-01-21 12:30:02",1399,1380,19,0,417,398,19,0,1500,1083,393,15,9,18,19,0,85,113,40,77,6,5,3,3,14,4,6
14,CONSTANŢA,"ȘCOALA GENERALĂ NR.2",222,"MUNICIPIUL MANGALIA",60482,1,PROV,PRCNCT,S,S_SV,"2021-01-21 12:30:02",1431,1415,15,1,423,407,15,1,1600,1177,411,2,10,12,25,4,118,92,40,84,4,4,2,1,17,5,3
14,CONSTANŢA,"ȘCOALA GENERALĂ NR.2",223,"MUNICIPIUL MANGALIA",60482,1,PROV,PRCNCT,S,S_SV,"2021-01-21 12:30:02",1654,1632,20,2,522,500,20,2,1800,1278,507,12,3,21,21,1,134,142,59,87,4,9,1,3,15,5,5
14,CONSTANŢA,"SEDIU S.C. ECO GOLD S.A.",224,"MUNICIPIUL MANGALIA",60482,1,PROV,PRCNCT,S,S_SV,"2021-01-21 12:30:02",1996,1976,20,0,736,716,20,0,2200,1464,712,22,2,45,20,1,159,202,115,96,5,2,7,8,38,8,6
14,CONSTANŢA,"GRĂDINIȚA NR. 4",225,"MUNICIPIUL MANGALIA",60482,1,PROV,PRCNCT,S,S_SV,"2021-01-21 12:30:02",1277,1252,22,3,444,419,22,3,1400,956,429,11,4,13,8,4,103,141,45,70,8,3,3,1,16,9,5
14,CONSTANŢA,"FUNDAȚIA PENTRU TINERET MANGALIA",226,"MUNICIPIUL MANGALIA",60482,1,PROV,PRCNCT,S,S_SV,"2021-01-21 12:30:02",1204,1189,14,1,286,271,14,1,1300,1014,258,17,11,11,4,2,58,69,15,53,6,9,1,4,12,11,3
14,CONSTANŢA,"FUNDATIA PENTRU TINERET",227,"MUNICIPIUL MANGALIA",60482,1,PROV,PRCNCT,S,S_SV,"2021-01-21 12:30:02",1412,1393,17,2,512,493,17,2,1500,988,498,12,2,27,21,2,140,132,83,46,7,1,8,1,22,4,4
14,CONSTANŢA,"ȘCOALA GENERALĂ NR.5",228,"MUNICIPIUL MANGALIA",60482,1,PROV,PRCNCT,S,S_SV,"2021-01-21 12:30:02",1190,1174,14,2,395,379,14,2,1300,906,385,5,4,21,15,1,100,122,51,33,6,1,7,1,21,5,1
14,CONSTANŢA,"ȘCOALA GENERALĂ NR.5",229,"MUNICIPIUL MANGALIA",60482,1,PROV,PRCNCT,S,S_SV,"2021-01-21 12:30:02",1222,1202,20,0,453,433,20,0,1300,847,447,3,3,22,18,2,119,138,55,58,1,2,2,2,17,6,5
14,CONSTANŢA,"FUNDAȚIA PENTRU TINERET",230,"MUNICIPIUL MANGALIA",60482,1,PROV,PRCNCT,S,S_SV,"2021-01-21 12:30:02",1222,1205,15,2,427,410,15,2,1300,873,414,8,5,20,17,3,113,111,47,61,3,3,6,1,23,6,0
14,CONSTANŢA,"HOTEL MANGALIA",231,"MUNICIPIUL MANGALIA",60482,1,PROV,PRCNCT,S,S_SV,"2021-01-21 12:30:02",1255,1244,10,1,446,435,10,1,1400,954,437,7,2,17,21,0,129,138,52,41,5,1,5,0,19,4,5
14,CONSTANŢA,"CLUB SPITAL MANGALIA",232,"MUNICIPIUL MANGALIA",60482,1,PROV,PRCNCT,S,S_SV,"2021-01-21 12:30:02",919,869,18,32,345,295,18,32,1000,655,338,6,1,16,7,2,96,97,51,35,4,3,2,2,16,3,4
14,CONSTANŢA,"GRĂDINIȚA CALLATIS",233,"MUNICIPIUL MANGALIA",60482,1,PROV,PRCNCT,S,S_SV,"2021-01-21 12:30:02",1113,1094,17,2,357,338,17,2,1207,850,351,5,1,22,13,3,93,93,41,52,6,1,6,1,10,2,8
14,CONSTANŢA,"LICEUL CALLATIS",234,"MUNICIPIUL MANGALIA",60482,2,PART,PRCNCT,S,S_SV,"2021-01-21 12:30:02",1167,1148,19,0,404,385,19,0,1300,896,395,6,3,16,21,4,105,110,41,45,5,4,10,0,20,8,6
14,CONSTANŢA,"LICEUL CALLATIS",235,"MUNICIPIUL MANGALIA",60482,2,PART,PRCNCT,S,S_SV,"2021-01-21 12:30:02",1060,1049,10,1,322,311,10,1,1200,878,315,6,1,9,10,2,70,84,42,59,5,3,2,2,17,9,1
14,CONSTANŢA,"GRADINITA NR. 5 NEPTUN",236,"MUNICIPIUL MANGALIA",60482,1,PROV,PRCNCT,S,S_SV,"2021-01-21 12:30:02",1330,1311,17,2,405,386,17,2,1400,995,398,4,3,22,18,1,96,143,43,41,5,1,4,1,13,7,3
14,CONSTANŢA,"GRĂDINIȚA NR. 5 NEPTUN",237,"MUNICIPIUL MANGALIA",60482,1,PROV,PRCNCT,S,S_SV,"2021-01-21 12:30:02",499,488,10,1,119,108,10,1,542,423,113,4,2,3,1,0,26,30,7,32,1,2,0,0,3,2,6
14,CONSTANŢA,"CASA DE CULTURĂ ”I.N.ROMAN”",238,"MUNICIPIUL MEDGIDIA",60847,1,PROV,PRCNCT,S,S_SV,"2021-01-21 12:30:02",858,846,12,0,290,278,12,0,900,610,284,4,2,16,21,0,90,65,39,40,0,1,1,0,7,1,3
14,CONSTANŢA,"GRĂDINIŢA NR.1 -BILINGVĂ ROMANO-TURCA",239,"MUNICIPIUL MEDGIDIA",60847,1,PROV,PRCNCT,S,S_SV,"2021-01-21 12:30:02",768,753,15,0,206,191,15,0,800,594,204,1,1,4,16,0,62,51,20,35,3,1,0,1,4,5,2
14,CONSTANŢA,"GRADINITA NR.1",240,"MUNICIPIUL MEDGIDIA",60847,1,PROV,PRCNCT,S,S_SV,"2021-01-21 12:30:02",853,841,12,0,199,187,12,0,901,702,195,4,0,12,11,2,60,36,17,34,2,2,2,0,7,7,3
14,CONSTANŢA,"ŞCOALA ”MIHAIL SADOVEANU”",241,"MUNICIPIUL MEDGIDIA",60847,1,PROV,PRCNCT,S,S_SV,"2021-01-21 12:30:02",919,911,8,0,168,160,8,0,998,830,162,3,3,2,7,0,53,42,16,26,4,2,0,2,5,1,2
14,CONSTANŢA,"ŞCOALA ”MIHAIL SADOVEANU”",242,"MUNICIPIUL MEDGIDIA",60847,1,PROV,PRCNCT,S,S_SV,"2021-01-21 12:30:02",1464,1456,8,0,162,154,8,0,1600,1438,142,14,6,3,3,0,54,31,6,26,1,1,1,2,5,7,2
14,CONSTANŢA,"ŞCOALA GIMNAZIALĂ ”MIHAIL SADOVEANU”",243,"MUNICIPIUL MEDGIDIA",60847,1,PROV,PRCNCT,S,S_SV,"2021-01-21 12:30:02",1148,1133,15,0,168,153,15,0,1200,1032,149,13,6,5,5,2,52,30,4,38,1,3,3,0,4,1,1
14,CONSTANŢA,"GRĂDINIŢA NR.8",244,"MUNICIPIUL MEDGIDIA",60847,1,PROV,PRCNCT,S,S_SV,"2021-01-21 12:30:02",1380,1366,14,0,314,300,14,0,1500,1186,300,11,3,11,19,1,100,59,41,57,2,1,4,1,1,1,2
14,CONSTANŢA,"LICEUL TEHNOLOGIC ”DRAGOMIR HURMUZESCU”",245,"MUNICIPIUL MEDGIDIA",60847,1,PROV,PRCNCT,S,S_SV,"2021-01-21 12:30:02",1283,1271,12,0,281,269,12,0,1400,1119,268,6,7,7,6,0,71,71,24,74,2,1,2,1,5,3,1
14,CONSTANŢA,"ŞCOALA ”CONSTANTIN BRÂNCUŞI”",246,"MUNICIPIUL MEDGIDIA",60847,1,PROV,PRCNCT,S,S_SV,"2021-01-21 12:30:02",1004,994,10,0,276,266,10,0,1100,824,269,3,4,5,10,2,72,72,19,46,6,6,3,3,14,4,7
14,CONSTANŢA,"ŞCOALA ”CONSTANTIN BRÂNCUŞI”",247,"MUNICIPIUL MEDGIDIA",60847,1,PROV,PRCNCT,S,S_SV,"2021-01-21 12:30:02",991,979,12,0,256,244,12,0,1100,844,249,5,2,6,7,1,80,67,35,37,3,0,2,2,5,1,3
14,CONSTANŢA,"LICEUL TEORETIC ”NICOLAE BĂLCESCU”",248,"MUNICIPIUL MEDGIDIA",60847,1,PROV,PRCNCT,S,S_SV,"2021-01-21 12:30:02",840,825,12,3,208,193,12,3,904,696,199,9,0,4,6,1,64,59,21,26,1,0,3,0,7,3,4
14,CONSTANŢA,"LICEUL TEORETIC ”NICOLAE BĂLCESCU”",249,"MUNICIPIUL MEDGIDIA",60847,1,PROV,PRCNCT,S,S_SV,"2021-01-21 12:30:02",767,754,13,0,204,191,13,0,800,596,197,5,2,13,3,0,70,47,31,23,2,0,2,1,3,0,2
14,CONSTANŢA,"SCOALA ”MIRCEA DRAGOMIRESCU”",250,"MUNICIPIUL MEDGIDIA",60847,1,PROV,PRCNCT,S,S_SV,"2021-01-21 12:30:02",818,811,7,0,236,229,7,0,896,660,233,3,0,12,18,2,72,57,24,36,4,1,2,0,2,2,1
14,CONSTANŢA,"ŞCOALA ”MIRCEA DRAGOMIRESCU”",251,"MUNICIPIUL MEDGIDIA",60847,1,PROV,PRCNCT,S,S_SV,"2021-01-21 12:30:02",783,763,19,1,165,145,19,1,900,735,160,4,1,3,11,0,62,32,22,19,0,0,4,0,4,3,0
14,CONSTANŢA,"ŞCOALA GIMNAZIALĂ ”MIRCEA DRAGOMIRESCU”",252,"MUNICIPIUL MEDGIDIA",60847,1,PROV,PRCNCT,S,S_SV,"2021-01-21 12:30:02",1223,1214,9,0,306,297,9,0,1300,994,299,5,2,20,14,1,81,81,32,36,2,2,3,1,15,6,5
14,CONSTANŢA,"LICEUL TEORETIC ”NICOLAE BĂLCESCU” MEDGIDIA",253,"MUNICIPIUL MEDGIDIA",60847,1,PROV,PRCNCT,S,S_SV,"2021-01-21 12:30:02",888,880,8,0,223,215,8,0,996,773,221,1,1,10,12,1,77,62,26,22,3,1,0,0,3,2,2
14,CONSTANŢA,"ŞCOALA GIMNAZIALĂ ”CONSTANTIN BRÂNCUŞI” MEDGIDIA",254,"MUNICIPIUL MEDGIDIA",60847,2,PART,PRCNCT,S,S_SV,"2021-01-21 12:30:02",758,748,9,1,227,217,9,1,803,586,215,2,0,15,12,1,57,57,36,31,0,0,1,0,4,1,0
14,CONSTANŢA,"COLEGIUL ”KEMAL ATATURK”",255,"MUNICIPIUL MEDGIDIA",60847,1,PROV,PRCNCT,S,S_SV,"2021-01-21 12:30:02",957,938,19,0,255,236,19,0,1000,745,247,3,5,6,19,0,68,71,29,37,2,1,2,1,7,3,1
14,CONSTANŢA,"HOTEL ”STADION”",256,"MUNICIPIUL MEDGIDIA",60847,1,PROV,PRCNCT,S,S_SV,"2021-01-21 12:30:02",898,884,12,2,274,260,12,2,1000,726,269,5,0,6,15,1,89,59,45,46,2,0,0,0,3,3,0
14,CONSTANŢA,"HOTEL ”STADION”",257,"MUNICIPIUL MEDGIDIA",60847,1,PROV,PRCNCT,S,S_SV,"2021-01-21 12:30:02",888,881,7,0,276,269,7,0,1000,724,272,3,1,10,16,2,89,62,30,46,2,1,0,1,9,4,0
14,CONSTANŢA,"HOTEL ”STADION”",258,"MUNICIPIUL MEDGIDIA",60847,1,PROV,PRCNCT,S,S_SV,"2021-01-21 12:30:02",1026,1020,6,0,282,276,6,0,1100,819,276,5,0,8,15,0,112,59,35,33,1,2,1,2,4,4,0
14,CONSTANŢA,"ANEXA - COLEGIUL ”KEMAL ATATURK”",259,"MUNICIPIUL MEDGIDIA",60847,1,PROV,PRCNCT,S,S_SV,"2021-01-21 12:30:02",912,901,11,0,244,233,11,0,1003,759,238,3,3,7,14,2,89,42,20,52,2,2,1,0,3,2,2
14,CONSTANŢA,"ANEXA - COLEGIUL ”KEMAL ATATURK”",260,"MUNICIPIUL MEDGIDIA",60847,1,PROV,PRCNCT,S,S_SV,"2021-01-21 12:30:02",766,754,12,0,213,201,12,0,800,587,209,3,1,6,10,0,63,60,26,30,0,0,0,2,8,3,1
14,CONSTANŢA,"ŞCOALA ”LUCIAN GRIGORESCU”",261,"MUNICIPIUL MEDGIDIA",60847,1,PROV,PRCNCT,S,S_SV,"2021-01-21 12:30:02",1053,1030,23,0,321,298,23,0,1100,779,314,7,0,9,15,1,115,68,40,46,2,1,10,0,6,0,1
14,CONSTANŢA,"ŞCOALA ”LUCIAN GRIGORESCU”",262,"MUNICIPIUL MEDGIDIA",60847,1,PROV,PRCNCT,S,S_SV,"2021-01-21 12:30:02",627,606,21,0,222,201,21,0,700,478,219,3,0,8,10,1,70,64,27,22,6,0,0,0,5,5,1
14,CONSTANŢA,"ŞCOALA GIMNAZIALĂ ”I.L.CARAGIALE” MEDGIDIA",263,"MUNICIPIUL MEDGIDIA",60847,1,PROV,PRCNCT,S,S_SV,"2021-01-21 12:30:02",692,674,18,0,166,148,18,0,700,534,164,2,0,3,7,0,52,35,18,40,4,2,0,0,2,0,1
14,CONSTANŢA,"ŞCOALA ”I.L.CARAGIALE”",264,"MUNICIPIUL MEDGIDIA",60847,1,PROV,PRCNCT,S,S_SV,"2021-01-21 12:30:02",981,975,5,1,310,304,5,1,1100,790,301,8,1,9,13,0,105,71,38,51,2,1,5,1,2,1,2
14,CONSTANŢA,"SCOALA ”I.L.CARAGIALE”",265,"MUNICIPIUL MEDGIDIA",60847,1,PROV,PRCNCT,S,S_SV,"2021-01-21 12:30:02",1030,1019,11,0,235,224,11,0,1100,865,231,3,1,5,7,4,79,38,16,68,2,0,1,0,3,6,2
14,CONSTANŢA,"SCOALA ”I.L.CARAGIALE”",266,"MUNICIPIUL MEDGIDIA",60847,1,PROV,PRCNCT,S,S_SV,"2021-01-21 12:30:02",1028,1022,5,1,273,267,5,1,1100,827,269,3,1,7,13,0,104,55,16,56,1,3,4,1,2,6,1
14,CONSTANŢA,"COLEGIUL TEHNIC ”NICOLAE TITULESCU”",267,"MUNICIPIUL MEDGIDIA",60847,1,PROV,PRCNCT,S,S_SV,"2021-01-21 12:30:02",1006,993,13,0,260,247,13,0,1100,840,255,2,3,4,8,1,97,53,31,43,2,0,0,1,5,4,6
14,CONSTANŢA,"COLEGIUL TEHNIC ”NICOLAE TITULESCU”",268,"MUNICIPIUL MEDGIDIA",60847,1,PROV,PRCNCT,S,S_SV,"2021-01-21 12:30:02",1238,1227,9,2,367,356,9,2,1400,1033,362,4,1,11,13,0,118,102,48,55,5,0,3,0,5,2,0
14,CONSTANŢA,"ŞCOALA ”SPIRU HARET”",269,"MUNICIPIUL MEDGIDIA",60847,1,PROV,PRCNCT,S,S_SV,"2021-01-21 12:30:02",1054,1037,17,0,258,241,17,0,1100,842,246,8,4,11,14,2,86,59,23,37,1,3,3,0,5,1,1
14,CONSTANŢA,"ŞCOALA ”SPIRU HARET”",270,"MUNICIPIUL MEDGIDIA",60847,1,PROV,PRCNCT,S,S_SV,"2021-01-21 12:30:02",1206,1193,13,0,246,233,13,0,1300,1054,228,10,8,6,4,0,69,58,20,55,5,3,0,1,2,2,3
14,CONSTANŢA,"ŞCOALA ”SPIRU HARET”",271,"MUNICIPIUL MEDGIDIA",60847,1,PROV,PRCNCT,S,S_SV,"2021-01-21 12:30:02",1235,1218,17,0,306,289,17,0,1300,994,301,2,3,7,16,3,79,76,30,59,8,0,4,1,8,7,3
14,CONSTANŢA,"GRADINIŢA NR.7",272,"MUNICIPIUL MEDGIDIA",60847,1,PROV,PRCNCT,S,S_SV,"2021-01-21 12:30:02",1332,1322,10,0,439,429,10,0,1500,1061,433,3,3,11,24,1,147,102,43,83,6,3,1,1,5,2,4
14,CONSTANŢA,"ŞCOALA ”IULIU PRODAN”",273,"MUNICIPIUL MEDGIDIA",60847,1,PROV,PRCNCT,S,S_SV,"2021-01-21 12:30:02",1246,1233,13,0,298,285,13,0,1405,1107,289,6,3,13,8,1,79,78,23,66,3,5,0,0,8,2,3
14,CONSTANŢA,"S.C. ”MAXICOMP” SRL",274,"MUNICIPIUL MEDGIDIA",60847,1,PROV,PRCNCT,S,S_SV,"2021-01-21 12:30:02",306,294,12,0,82,70,12,0,300,218,82,0,0,7,3,0,16,32,1,18,2,0,1,0,0,2,0
14,CONSTANŢA,"ŞCOALA GIMNAZIALĂ NR. 1",275,"ORAŞ CERNAVODĂ",60776,1,PROV,PRCNCT,S,S_SV,"2021-01-21 12:30:02",1735,1727,8,0,404,396,8,0,1900,1496,393,8,3,8,14,0,101,85,42,109,3,1,8,1,12,7,2
14,CONSTANŢA,"ŞCOALA GIMNAZIALĂ NR. 1",276,"ORAŞ CERNAVODĂ",60776,1,PROV,PRCNCT,S,S_SV,"2021-01-21 12:30:02",1368,1359,9,0,330,321,9,0,1500,1170,321,7,2,7,7,0,97,73,23,90,2,2,3,1,8,3,5
14,CONSTANŢA,"GRĂDINIŢA CU PROGRAM PRELUNGIT ”PANSELUŢA”",277,"ORAŞ CERNAVODĂ",60776,1,PROV,PRCNCT,S,S_SV,"2021-01-21 12:30:02",1598,1585,12,1,393,380,12,1,1700,1307,388,3,2,10,18,1,106,75,42,113,3,1,1,1,9,1,7
14,CONSTANŢA,"ŞCOALA GIMNAZIALĂ NR. 2",278,"ORAŞ CERNAVODĂ",60776,1,PROV,PRCNCT,S,S_SV,"2021-01-21 12:30:02",1417,1403,14,0,373,359,14,0,1500,1127,367,5,1,17,15,1,112,91,33,69,3,3,1,0,16,4,2
14,CONSTANŢA,"LICEUL TEORETIC ANGHEL SALIGNY",279,"ORAŞ CERNAVODĂ",60776,1,PROV,PRCNCT,S,S_SV,"2021-01-21 12:30:02",1613,1560,53,0,492,439,53,0,1705,1213,484,5,3,19,21,2,119,131,92,70,5,1,0,2,10,7,5
14,CONSTANŢA,"LICEUL TEORETIC ANGHEL SALIGNY",280,"ORAŞ CERNAVODĂ",60776,1,PROV,PRCNCT,S,S_SV,"2021-01-21 12:30:02",1549,1511,36,2,494,456,36,2,1700,1206,478,12,4,16,30,0,130,140,74,61,5,0,3,0,8,8,3
14,CONSTANŢA,"GRĂDINIŢA CU PROGRAM PRELUNGIT NR. 4",281,"ORAŞ CERNAVODĂ",60776,1,PROV,PRCNCT,S,S_SV,"2021-01-21 12:30:02",1417,1409,8,0,301,293,8,0,1600,1299,297,4,0,14,14,0,86,74,18,70,0,1,3,1,8,5,3
14,CONSTANŢA,"CREŞA DIN STRADA TUDOR VLADIMIRESCU",282,"ORAŞ CERNAVODĂ",60776,1,PROV,PRCNCT,S,S_SV,"2021-01-21 12:30:02",1013,1002,11,0,229,218,11,0,1104,875,222,4,3,10,4,0,87,48,10,43,4,2,1,1,7,2,3
14,CONSTANŢA,"LICEUL TEHNOLOGIC AXIOPOLIS CERNAVODĂ",283,"ORAŞ CERNAVODĂ",60776,1,PROV,PRCNCT,S,S_SV,"2021-01-21 12:30:02",1476,1457,19,0,393,374,19,0,1600,1207,385,4,4,10,17,4,67,115,61,88,2,1,2,1,12,2,3
14,CONSTANŢA,"LICEUL TEHNOLOGIC AXIOPOLIS CERNAVODĂ",284,"ORAŞ CERNAVODĂ",60776,1,PROV,PRCNCT,S,S_SV,"2021-01-21 12:30:02",1170,1153,15,2,322,305,15,2,1300,978,318,4,0,9,13,1,56,104,67,41,2,3,0,1,15,3,3
14,CONSTANŢA,"ŞCOALA GIMNAZIALĂ MIRCEA ELIADE",285,"ORAŞ CERNAVODĂ",60776,2,PART,PRCNCT,S,S_SV,"2021-01-21 12:30:02",1131,1090,41,0,312,271,41,0,1200,888,305,5,2,12,15,1,76,99,57,28,2,2,2,0,5,5,1
14,CONSTANŢA,"LICEUL CARMEN SILVA EFORIE SUD",286,"ORAŞ EFORIE",60455,1,PROV,PRCNCT,S,S_SV,"2021-01-21 12:30:02",1492,1439,44,9,543,490,44,9,1600,1057,532,11,0,29,15,0,92,230,76,47,3,3,3,1,18,10,5
14,CONSTANŢA,"SEDIUL POLITIEI LOCALE EFORIE SUD",287,"ORAŞ EFORIE",60455,1,PROV,PRCNCT,S,S_SV,"2021-01-21 12:30:02",1569,1541,28,0,445,417,28,0,1707,1262,438,6,1,22,15,0,80,200,57,35,5,3,4,3,9,2,3
14,CONSTANŢA,"GRĂDINIȚA DE COPII EFORIE SUD",288,"ORAŞ EFORIE",60455,1,PROV,PRCNCT,S,S_SV,"2021-01-21 12:30:02",1010,985,23,2,392,367,23,2,1100,708,384,7,1,32,24,1,55,141,70,42,2,1,2,0,11,1,2
14,CONSTANŢA,"HOTEL ”TRAIAN” EFORIE NORD",289,"ORAŞ EFORIE",60455,1,PROV,PRCNCT,S,S_SV,"2021-01-21 12:30:02",1408,1376,30,2,452,420,30,2,1500,1048,440,7,5,29,6,0,72,207,60,34,7,1,0,2,13,7,2
14,CONSTANŢA,"SALA DE SPORT EFORIE NORD",290,"ORAŞ EFORIE",60455,1,PROV,PRCNCT,S,S_SV,"2021-01-21 12:30:02",1575,1531,28,16,598,554,28,16,1700,1102,586,9,3,42,17,1,80,261,102,46,6,2,6,3,15,5,0
14,CONSTANŢA,"ȘCOALA GENERALĂ EFORIE NORD",291,"ORAŞ EFORIE",60455,1,PROV,PRCNCT,S,S_SV,"2021-01-21 12:30:02",1619,1607,7,5,610,598,7,5,1800,1190,603,3,4,27,15,2,90,267,90,58,5,4,8,6,13,12,6
14,CONSTANŢA,"ȘCOALA GENERALĂ EFORIE NORD",292,"ORAŞ EFORIE",60455,1,PROV,PRCNCT,S,S_SV,"2021-01-21 12:30:02",810,746,64,0,308,244,64,0,800,492,298,9,1,24,9,1,46,110,46,36,5,2,3,2,9,5,0
14,CONSTANŢA,"CASA DE CULTURA",293,"ORAŞ HÂRŞOVA",60801,1,PROV,PRCNCT,S,S_SV,"2021-01-21 12:30:02",773,754,19,0,213,194,19,0,800,587,207,3,3,8,10,1,66,66,32,20,0,1,0,0,1,1,1
14,CONSTANŢA,"LICEUL TEORETIC ”IOAN COTOVU”",294,"ORAŞ HÂRŞOVA",60801,1,PROV,PRCNCT,S,S_SV,"2021-01-21 12:30:02",1343,1316,22,5,337,310,22,5,1500,1163,327,5,5,11,18,0,103,103,28,40,5,5,1,0,4,3,6
14,CONSTANŢA,"LICEUL TEORETIC ”IOAN COTOVU”",295,"ORAŞ HÂRŞOVA",60801,1,PROV,PRCNCT,S,S_SV,"2021-01-21 12:30:02",1442,1411,18,13,346,315,18,13,1600,1254,336,8,2,8,8,1,123,100,38,42,4,3,0,1,2,3,3
14,CONSTANŢA,"CENTRUL PERMANENT PENTRU PERSOANE ABUZATE",296,"ORAŞ HÂRŞOVA",60801,1,PROV,PRCNCT,S,S_SV,"2021-01-21 12:30:02",1213,1205,8,0,306,298,8,0,1300,994,294,9,3,13,16,1,92,92,26,29,5,5,1,2,6,6,0
14,CONSTANŢA,"ŞCOALA PORT HÂRŞOVA",297,"ORAŞ HÂRŞOVA",60801,1,PROV,PRCNCT,S,S_SV,"2021-01-21 12:30:02",1186,1178,7,1,238,230,7,1,1300,1062,225,5,8,10,8,2,47,69,29,47,3,1,0,2,3,2,2
14,CONSTANŢA,"ŞCOALA GIMNAZIALĂ NR. 1",298,"ORAŞ HÂRŞOVA",60801,1,PROV,PRCNCT,S,S_SV,"2021-01-21 12:30:02",1172,1151,21,0,285,264,21,0,1300,1015,274,9,2,3,5,1,74,83,25,64,0,3,2,2,7,2,3
14,CONSTANŢA,"GRADINIŢA VAROŞ",299,"ORAŞ HÂRŞOVA",60801,1,PROV,PRCNCT,S,S_SV,"2021-01-21 12:30:02",1294,1284,10,0,264,254,10,0,1400,1136,250,8,6,16,4,0,62,67,25,66,1,1,1,1,4,2,0
14,CONSTANŢA,"ŞCOALA PRIMARĂ VADU OII",300,"ORAŞ HÂRŞOVA",60801,1,PROV,PRCNCT,S,S_SV,"2021-01-21 12:30:02",309,300,9,0,61,52,9,0,400,339,61,0,0,1,1,1,28,13,3,11,0,1,0,0,2,0,0
14,CONSTANŢA,"LICEUL TEORETIC MURFATLAR",301,"ORAŞ MURFATLAR",62360,1,PROV,PRCNCT,S,S_SV,"2021-01-21 12:30:02",1405,1379,26,0,375,349,26,0,1500,1125,366,6,3,21,9,3,117,98,28,61,6,0,2,3,5,8,5
14,CONSTANŢA,"LICEUL TEORETIC MURFATLAR",302,"ORAŞ MURFATLAR",62360,1,PROV,PRCNCT,S,S_SV,"2021-01-21 12:30:02",1169,1150,17,2,386,367,17,2,1300,914,370,15,1,17,10,1,97,129,30,53,5,3,3,3,9,7,3
14,CONSTANŢA,"SALA DE SPORT",303,"ORAŞ MURFATLAR",62360,1,PROV,PRCNCT,S,S_SV,"2021-01-21 12:30:02",1183,1164,16,3,406,387,16,3,1300,894,394,11,1,14,10,1,87,150,25,77,8,4,1,2,7,6,2
14,CONSTANŢA,"ȘCOALA GENERALĂ NR.2 MURFATLAR",304,"ORAŞ MURFATLAR",62360,1,PROV,PRCNCT,S,S_SV,"2021-01-21 12:30:02",1783,1759,22,2,501,477,22,2,1900,1399,492,7,2,21,16,1,115,175,38,87,13,3,0,4,7,9,3
14,CONSTANŢA,"GRADINITA CU PROGRAM NORMAL NR.2 MURFATLAR",305,"ORAŞ MURFATLAR",62360,1,PROV,PRCNCT,S,S_SV,"2021-01-21 12:30:02",1482,1465,15,2,481,464,15,2,1600,1119,472,6,3,21,16,1,114,155,49,84,5,4,6,0,8,7,2
14,CONSTANŢA,"S.C.U.G S.A. MURFATLAR",306,"ORAŞ MURFATLAR",62360,1,PROV,PRCNCT,S,S_SV,"2021-01-21 12:30:02",1043,1024,19,0,299,280,19,0,1100,801,296,2,1,13,6,1,66,87,29,66,5,0,0,2,12,8,1
14,CONSTANŢA,"CĂMIN CULTURAL SIMINOC",307,"ORAŞ MURFATLAR",62360,1,PROV,PRCNCT,S,S_SV,"2021-01-21 12:30:02",1052,1036,16,0,341,325,16,0,1100,759,335,4,2,16,6,0,67,137,26,66,1,2,3,0,4,2,5
14,CONSTANŢA,"GRĂDINIȚA ”PEȘTIȘORUL DE AUR”",308,"ORAŞ NĂVODARI",60507,1,PROV,PRCNCT,S,S_SV,"2021-01-21 12:30:02",1509,1483,26,0,407,381,26,0,1600,1193,396,7,4,29,16,0,106,57,93,77,2,2,1,0,7,3,3
14,CONSTANŢA,"LICEUL TEHNOLOGIC „LAZĂR EDELEANU”",309,"ORAŞ NĂVODARI",60507,1,PROV,PRCNCT,S,S_SV,"2021-01-21 12:30:02",1320,1298,22,0,387,365,22,0,1400,1013,379,8,0,28,13,0,92,86,78,52,3,4,4,2,14,3,0
14,CONSTANŢA,"LICEUL TEHNOLOGIC „LAZĂR EDELEANU”",310,"ORAŞ NĂVODARI",60507,1,PROV,PRCNCT,S,S_SV,"2021-01-21 12:30:02",1116,1102,14,0,296,282,14,0,1200,904,292,3,1,19,17,0,65,58,67,36,4,2,5,0,12,5,2
14,CONSTANŢA,"LICEUL TEHNOLOGIC „LAZĂR EDELEANU”",311,"ORAŞ NĂVODARI",60507,1,PROV,PRCNCT,S,S_SV,"2021-01-21 12:30:02",1691,1675,15,1,457,441,15,1,1900,1443,452,3,2,37,12,2,129,65,67,88,7,6,3,3,18,10,5
14,CONSTANŢA,"LICEUL TEHNOLOGIC „LAZĂR EDELEANU”",312,"ORAŞ NĂVODARI",60507,1,PROV,PRCNCT,S,S_SV,"2021-01-21 12:30:02",1462,1445,15,2,388,371,15,2,1600,1212,385,3,0,23,20,1,97,77,83,53,2,2,4,0,16,5,2
14,CONSTANŢA,"ŞCOALA GIMNAZIALĂ „GEORGE ENESCU”",313,"ORAŞ NĂVODARI",60507,1,PROV,PRCNCT,S,S_SV,"2021-01-21 12:30:02",1481,1461,19,1,414,394,19,1,1600,1186,403,9,2,29,15,1,102,83,77,67,7,4,2,1,7,5,3
14,CONSTANŢA,"ŞCOALA GIMNAZIALĂ „GEORGE ENESCU”",314,"ORAŞ NĂVODARI",60507,1,PROV,PRCNCT,S,S_SV,"2021-01-21 12:30:02",1648,1631,15,2,527,510,15,2,1800,1273,517,9,1,45,18,1,112,101,133,76,7,1,6,0,9,4,4
14,CONSTANŢA,"ŞCOALA GIMNAZIALĂ „GEORGE ENESCU”",315,"ORAŞ NĂVODARI",60507,1,PROV,PRCNCT,S,S_SV,"2021-01-21 12:30:02",1755,1738,14,3,581,564,14,3,1900,1319,568,9,4,45,20,0,131,92,118,121,5,2,6,2,17,5,4
14,CONSTANŢA,"ŞCOALA GIMNAZIALĂ „GEORGE ENESCU”",316,"ORAŞ NĂVODARI",60507,1,PROV,PRCNCT,S,S_SV,"2021-01-21 12:30:02",914,895,19,0,253,234,19,0,1000,747,245,8,0,21,9,1,43,48,65,38,4,0,3,0,4,2,7
14,CONSTANŢA,"ŞCOALA GIMNAZIALĂ „GEORGE ENESCU”",317,"ORAŞ NĂVODARI",60507,1,PROV,PRCNCT,S,S_SV,"2021-01-21 12:30:02",1822,1809,9,4,548,535,9,4,2000,1452,542,4,2,51,16,1,119,117,118,69,3,2,11,1,21,8,5
14,CONSTANŢA,"ŞCOALA GIMNAZIALĂ „GRIGORE MOISIL”",318,"ORAŞ NĂVODARI",60507,1,PROV,PRCNCT,S,S_SV,"2021-01-21 12:30:02",1689,1667,22,0,396,374,22,0,1800,1404,391,3,1,25,11,1,106,89,56,72,4,1,9,2,8,3,4
14,CONSTANŢA,"ŞCOALA GIMNAZIALĂ „GRIGORE MOISIL”",319,"ORAŞ NĂVODARI",60507,1,PROV,PRCNCT,S,S_SV,"2021-01-21 12:30:02",1484,1468,16,0,374,358,16,0,1600,1226,358,13,3,23,7,1,96,60,63,72,6,4,10,2,5,7,2
14,CONSTANŢA,"ŞCOALA GIMNAZIALĂ „GRIGORE MOISIL”",320,"ORAŞ NĂVODARI",60507,1,PROV,PRCNCT,S,S_SV,"2021-01-21 12:30:02",1349,1337,12,0,346,334,12,0,1500,1154,334,10,2,17,11,1,96,61,49,65,3,3,4,0,11,5,8
14,CONSTANŢA,"ȘCOALA GIMNAZIALĂ „GRIGORE MOISIL”",321,"ORAŞ NĂVODARI",60507,1,PROV,PRCNCT,S,S_SV,"2021-01-21 12:30:02",995,984,11,0,247,236,11,0,1100,853,234,10,3,10,13,0,71,38,35,38,2,2,12,0,6,2,5
14,CONSTANŢA,"GRĂDINIȚA CU PROGRAM PRELUNGIT „VESELIEI”",322,"ORAŞ NĂVODARI",60507,1,PROV,PRCNCT,S,S_SV,"2021-01-21 12:30:02",1699,1685,13,1,439,425,13,1,1900,1461,427,8,4,34,24,0,96,93,47,82,7,1,6,1,22,9,5
14,CONSTANŢA,"CLUBUL SINDICATULUI „PETROCHIMISTUL”",323,"ORAŞ NĂVODARI",60507,1,PROV,PRCNCT,S,S_SV,"2021-01-21 12:30:02",1329,1311,18,0,383,365,18,0,1400,1017,377,6,0,29,14,0,93,69,75,57,2,3,11,3,15,2,4
14,CONSTANŢA,"ŞCOALA GIMNAZIALĂ „TUDOR ARGHEZI”",324,"ORAŞ NĂVODARI",60507,1,PROV,PRCNCT,S,S_SV,"2021-01-21 12:30:02",1175,1157,18,0,380,362,18,0,1300,920,372,5,3,31,11,0,81,77,73,53,6,3,10,3,15,4,5
14,CONSTANŢA,"ŞCOALA GIMNAZIALĂ „TUDOR ARGHEZI”",325,"ORAŞ NĂVODARI",60507,1,PROV,PRCNCT,S,S_SV,"2021-01-21 12:30:02",847,835,12,0,193,181,12,0,900,707,186,5,2,14,8,0,51,40,28,32,1,1,3,0,6,2,0
14,CONSTANŢA,"CASA CĂSĂTORIILOR",326,"ORAŞ NĂVODARI",60507,1,PROV,PRCNCT,S,S_SV,"2021-01-21 12:30:02",1511,1473,38,0,415,377,38,0,1600,1185,397,14,4,29,13,0,106,86,64,61,5,1,7,1,16,7,1
14,CONSTANŢA,"CASA DE CULTURĂ",327,"ORAŞ NĂVODARI",60507,1,PROV,PRCNCT,S,S_SV,"2021-01-21 12:30:02",1454,1431,21,2,469,446,21,2,1600,1131,457,9,3,37,19,1,92,79,110,68,5,2,8,4,21,5,6
14,CONSTANŢA,"CASA DE CULTURĂ",328,"ORAŞ NĂVODARI",60507,1,PROV,PRCNCT,S,S_SV,"2021-01-21 12:30:02",1755,1731,24,0,514,490,24,0,1900,1386,503,10,1,41,19,0,131,102,98,69,5,3,6,1,15,8,5
14,CONSTANŢA,"CREȘA NR. 20 NĂVODARI",329,"ORAŞ NĂVODARI",60507,1,PROV,PRCNCT,S,S_SV,"2021-01-21 12:30:02",1678,1644,33,1,375,341,33,1,1804,1429,368,3,4,23,9,4,95,70,52,76,8,5,4,4,10,5,3
14,CONSTANŢA,"SALA DE SPORT CU NIVEL DE PRACTICĂ ȘCOLARĂ COMPETIȚIONALĂ LOCALĂ",330,"ORAŞ NĂVODARI",60507,1,PROV,PRCNCT,S,S_SV,"2021-01-21 12:30:02",1370,1347,23,0,321,298,23,0,1500,1179,315,4,2,21,9,1,78,67,63,51,2,0,4,2,10,5,2
14,CONSTANŢA,"ȘCOALA PRIMARĂ NR.1 PENINSULA NĂVODARI",331,"ORAŞ NĂVODARI",60507,1,PROV,PRCNCT,S,S_SV,"2021-01-21 12:30:02",567,546,21,0,130,109,21,0,600,470,125,5,0,5,6,0,26,16,24,35,2,2,1,0,3,2,3
14,CONSTANŢA,"CENTRUL DE AFACERI NĂVODARI",332,"ORAŞ NĂVODARI",60507,1,PROV,PRCNCT,S,S_SV,"2021-01-21 12:30:02",1901,1847,46,8,626,572,46,8,2000,1374,620,4,2,47,12,0,100,165,209,41,3,6,8,4,16,5,4
14,CONSTANŢA,"CASA DE CULTURĂ",333,"ORAŞ NEGRU VODĂ",62397,1,PROV,PRCNCT,S,S_SV,"2021-01-21 12:30:02",1267,1250,16,1,335,318,16,1,1400,1065,328,4,3,10,20,1,75,94,17,93,3,0,1,1,6,4,3
14,CONSTANŢA,"ŞCOALA GENERALĂ",334,"ORAŞ NEGRU VODĂ",62397,1,PROV,PRCNCT,S,S_SV,"2021-01-21 12:30:02",1125,1107,18,0,267,249,18,0,1200,933,254,8,5,5,10,1,81,59,15,67,1,0,2,2,6,1,4
14,CONSTANŢA,"CĂMIN CULTURAL",335,"ORAŞ NEGRU VODĂ",62397,1,PROV,PRCNCT,S,S_SV,"2021-01-21 12:30:02",1243,1224,16,3,315,296,16,3,1300,985,299,11,5,11,10,0,82,82,22,71,2,1,8,3,1,2,4
14,CONSTANŢA,"SEDIU ADMINISTRATIV",336,"ORAŞ NEGRU VODĂ",62397,1,PROV,PRCNCT,S,S_SV,"2021-01-21 12:30:02",147,132,15,0,55,40,15,0,200,145,54,0,1,1,1,1,15,12,2,19,0,1,0,0,0,1,1
14,CONSTANŢA,"SEDIU ADMINISTRATIV AL PRIMARIEI",337,"ORAŞ NEGRU VODĂ",62397,1,PROV,PRCNCT,S,S_SV,"2021-01-21 12:30:02",623,611,12,0,145,133,12,0,700,555,137,7,1,6,3,1,28,21,4,65,0,0,0,3,3,1,2
14,CONSTANŢA,"SCOALA GENERALĂ CLASELE I-IV",338,"ORAŞ NEGRU VODĂ",62397,1,PROV,PRCNCT,S,S_SV,"2021-01-21 12:30:02",215,201,14,0,37,23,14,0,300,263,37,0,0,2,3,0,8,4,2,16,0,0,0,0,2,0,0
14,CONSTANŢA,"LICEUL TEORETIC OVIDIU",339,"ORAŞ OVIDIU",60687,1,PROV,PRCNCT,S,S_SV,"2021-01-21 12:30:02",1932,1877,54,1,540,485,54,1,2100,1560,520,14,6,10,17,2,119,144,65,117,4,7,5,2,10,13,5
14,CONSTANŢA,"LICEUL TEORETIC OVIDIU",340,"ORAŞ OVIDIU",60687,1,PROV,PRCNCT,S,S_SV,"2021-01-21 12:30:02",1921,1890,30,1,519,488,30,1,2100,1581,496,19,4,20,10,0,116,132,79,108,6,1,4,2,8,6,4
14,CONSTANŢA,"ŞCOALA NR. 2 OVIDIU",341,"ORAŞ OVIDIU",60687,2,PART,PRCNCT,S,S_SV,"2021-01-21 12:30:02",1728,1693,34,1,538,503,34,1,1900,1362,530,5,3,24,16,2,97,184,86,80,6,5,6,3,11,7,3
14,CONSTANŢA,"ŞCOALA NR. 2 OVIDIU",342,"ORAŞ OVIDIU",60687,1,PROV,PRCNCT,S,S_SV,"2021-01-21 12:30:02",1800,1774,23,3,514,488,23,3,2000,1486,497,17,0,17,16,3,81,138,82,132,2,4,2,3,7,3,7
14,CONSTANŢA,"ŞCOALA NR. 2 OVIDIU",343,"ORAŞ OVIDIU",60687,1,PROV,PRCNCT,S,S_SV,"2021-01-21 12:30:02",1926,1891,33,2,645,610,33,2,2100,1455,629,11,5,29,16,5,99,199,161,73,7,5,5,2,19,5,4
14,CONSTANŢA,"CENTRUL CULTURAL OVIDIU",344,"ORAŞ OVIDIU",60687,1,PROV,PRCNCT,S,S_SV,"2021-01-21 12:30:02",1859,1820,27,12,562,523,27,12,2000,1438,546,13,3,20,23,1,126,178,79,87,5,0,7,1,8,7,4
14,CONSTANŢA,"CENTRUL CULTURAL ”GABRIEL COTABIȚĂ” POIANA",345,"ORAŞ OVIDIU",60687,1,PROV,PRCNCT,S,S_SV,"2021-01-21 12:30:02",1002,937,64,1,348,283,64,1,1000,652,343,4,1,13,6,0,49,116,51,83,4,2,6,0,3,8,2
14,CONSTANŢA,"SCOALA GENERALA DIN SATUL CULMEA",346,"ORAŞ OVIDIU",60687,1,PROV,PRCNCT,S,S_SV,"2021-01-21 12:30:02",1058,1036,22,0,231,209,22,0,1194,963,222,5,4,1,4,1,32,88,10,72,3,3,0,0,4,3,1
14,CONSTANŢA,"SALA DE SPORT",347,"ORAŞ TECHIRGHIOL",60534,1,PROV,PRCNCT,S,S_SV,"2021-01-21 12:30:02",1908,1826,60,22,647,565,60,22,2000,1353,634,12,1,43,11,3,133,240,94,74,5,5,3,2,14,1,6
14,CONSTANŢA,"GRĂDINIȚA NR.1",348,"ORAŞ TECHIRGHIOL",60534,1,PROV,PRCNCT,S,S_SV,"2021-01-21 12:30:02",1748,1705,42,1,587,544,42,1,1898,1311,576,9,2,30,10,2,95,218,107,69,9,1,3,4,21,2,5
14,CONSTANŢA,"GRĂDINIȚA NR.2",349,"ORAŞ TECHIRGHIOL",60534,1,PROV,PRCNCT,S,S_SV,"2021-01-21 12:30:02",1967,1922,45,0,613,568,45,0,2100,1487,598,12,3,34,24,3,107,191,62,131,9,2,2,2,21,5,5
14,CONSTANŢA,"LICEUL ”EMIL RACOVIȚĂ”",350,"ORAŞ TECHIRGHIOL",60534,1,PROV,PRCNCT,S,S_SV,"2021-01-21 12:30:02",1492,1425,57,10,528,461,57,10,1600,1072,518,6,4,45,7,2,96,181,100,53,4,3,2,0,21,2,2
14,CONSTANŢA,"ŞCOALA CU CLASELE I-VIII, LOCALITATEA 23 AUGUST",351,"23 AUGUST",60598,1,PROV,PRCNCT,S,S_SV,"2021-01-21 12:30:02",1332,1292,40,0,406,366,40,0,1400,994,394,7,5,14,10,1,89,126,44,82,2,5,1,0,5,5,10
14,CONSTANŢA,"ŞCOALA CU CLASELE I-VIII, LOCALITATEA 23 AUGUST",352,"23 AUGUST",60598,1,PROV,PRCNCT,S,S_SV,"2021-01-21 12:30:02",1297,1262,30,5,421,386,30,5,1400,979,407,10,4,6,8,0,84,130,49,105,7,1,5,1,9,2,0
14,CONSTANŢA,"ŞCOALA CU CLASELE I-VIII, LOCALITATEA DULCEŞTI",353,"23 AUGUST",60598,1,PROV,PRCNCT,S,S_SV,"2021-01-21 12:30:02",1167,1144,23,0,331,308,23,0,1300,969,326,4,1,12,2,1,33,169,21,67,1,0,3,2,9,1,5
14,CONSTANŢA,"ŞCOALA CU CLASELE I-VIII, LOCALITATEA MOŞNENI",354,"23 AUGUST",60598,2,PART,PRCNCT,S,S_SV,"2021-01-21 12:30:02",1064,1050,14,0,265,251,14,0,1200,935,259,3,3,6,6,2,56,86,11,69,2,5,3,3,6,1,3
14,CONSTANŢA,"LICEUL TEHNOLOGIC ”JEAN DINU”",355,ADAMCLISI,60883,1,PROV,PRCNCT,S,S_SV,"2021-01-21 12:30:02",984,937,37,10,426,379,37,10,1002,576,414,6,6,17,65,2,75,148,27,54,4,4,2,2,1,7,6
14,CONSTANŢA,"ŞCOALA ZORILE",356,ADAMCLISI,60883,1,PROV,PRCNCT,S,S_SV,"2021-01-21 12:30:02",489,471,13,5,183,165,13,5,500,317,175,3,5,14,10,0,28,84,6,20,3,1,0,2,4,1,2
14,CONSTANŢA,"ȘCOALA GENERALĂ URLUIA",357,ADAMCLISI,60883,1,PROV,PRCNCT,S,S_SV,"2021-01-21 12:30:02",315,292,16,7,147,124,16,7,300,153,141,3,3,1,11,1,16,71,6,21,2,3,2,1,0,1,5
14,CONSTANŢA,"ȘCOALA GENERALĂ ABRUD",358,ADAMCLISI,60883,1,PROV,PRCNCT,S,S_SV,"2021-01-21 12:30:02",123,110,13,0,77,64,13,0,200,123,72,4,1,1,11,0,3,30,1,18,0,1,0,0,1,5,1
14,CONSTANŢA,"ȘCOALA GIMNAZIALĂ ION BORCEA - LABORATORUL DE ISTORIE",359,AGIGEA,60570,1,PROV,PRCNCT,S,S_SV,"2021-01-21 12:30:02",1326,1292,33,1,529,495,33,1,1400,871,516,10,3,23,23,0,149,112,110,51,3,7,4,0,24,7,3
14,CONSTANŢA,"ȘCOALA GIMNAZIALĂ ION BORCEA - LABORATORUL DE CHIMIE",360,AGIGEA,60570,1,PROV,PRCNCT,S,S_SV,"2021-01-21 12:30:02",1237,1189,48,0,553,505,48,0,1298,745,539,11,3,25,14,2,119,132,111,81,4,0,5,3,29,12,2
14,CONSTANŢA,"GRĂDINIȚA CU ORAR PRELUNGIT RIȚA GĂRGĂRIȚA - GRUPA FLUTURAȘILOR",361,AGIGEA,60570,2,PART,PRCNCT,S,S_SV,"2021-01-21 12:30:02",1312,1288,24,0,541,517,24,0,1400,859,522,12,7,22,13,1,123,93,134,78,2,4,5,3,32,5,7
14,CONSTANŢA,"GRĂDINIȚA CU ORAR PRELUNGIT RIȚA GĂRGĂRIȚA - GRUPA RĂȚUȘTELOR",362,AGIGEA,60570,2,PART,PRCNCT,S,S_SV,"2021-01-21 12:30:02",1119,1082,37,0,445,408,37,0,1200,755,433,12,0,19,18,1,84,102,96,78,3,3,1,0,15,9,4
14,CONSTANŢA,"GRĂDINIȚA CU ORAR NORMAL NR. 2",363,AGIGEA,60570,1,PROV,PRCNCT,S,S_SV,"2021-01-21 12:30:02",598,560,21,17,211,175,21,15,600,389,209,1,1,7,3,0,63,36,38,37,5,2,0,1,10,3,4
14,CONSTANŢA,"GRĂDINIȚA CU ORAR NORMAL STRUCTURA LAZU",364,AGIGEA,60570,1,PROV,PRCNCT,S,S_SV,"2021-01-21 12:30:02",1862,1783,77,2,832,753,77,2,1900,1068,810,21,1,43,17,3,159,166,253,109,4,2,5,0,28,11,10
14,CONSTANŢA,"ȘCOALA GIMNAZIALĂ”ION CREANGĂ” ALBEȘTI",365,ALBEŞTI,60945,1,PROV,PRCNCT,S,S_SV,"2021-01-21 12:30:02",1357,1279,60,18,521,443,60,18,1398,877,495,13,13,4,15,2,66,227,17,128,0,10,5,2,4,9,6
14,CONSTANŢA,"ȘCOALA PRIMARĂ NR. 2 ARSA",366,ALBEŞTI,60945,1,PROV,PRCNCT,S,S_SV,"2021-01-21 12:30:02",532,518,14,0,142,128,14,0,600,458,134,4,4,1,2,1,21,46,9,46,3,1,1,0,2,0,1
14,CONSTANŢA,"SCOALA GIMNAZIALĂ NR. 1 COTU-VAII",367,ALBEŞTI,60945,1,PROV,PRCNCT,S,S_SV,"2021-01-21 12:30:02",930,903,23,4,270,243,23,4,1000,730,257,5,8,6,6,7,61,58,6,99,0,0,2,0,3,1,8
14,CONSTANŢA,"SCOALA PRIMARĂ COROANA",368,ALBEŞTI,60945,1,PROV,PRCNCT,S,S_SV,"2021-01-21 12:30:02",105,90,15,0,33,18,15,0,101,68,31,1,1,0,1,0,10,8,0,8,2,0,1,0,0,0,1
14,CONSTANŢA,"ȘCOALA PRIMARĂ NR.3 VÎRTOP",369,ALBEŞTI,60945,1,PROV,PRCNCT,S,S_SV,"2021-01-21 12:30:02",244,226,18,0,106,88,18,0,300,194,103,0,3,1,11,0,13,38,5,24,3,0,0,0,1,5,2
14,CONSTANŢA,"SCOALA GIMNAZIALA ”DAN SPATARU” ALIMAN",370,ALIMAN,61005,1,PROV,PRCNCT,S,S_SV,"2021-01-21 12:30:02",666,651,14,1,211,196,14,1,700,489,204,3,4,5,5,2,30,121,2,32,1,2,1,0,1,2,0
14,CONSTANŢA,"SCOALA GIMNAZIALA NR. 1 DUNARENI",371,ALIMAN,61005,1,PROV,PRCNCT,S,S_SV,"2021-01-21 12:30:02",1128,1110,11,7,272,254,11,7,1200,928,259,7,6,5,22,1,28,114,10,58,3,6,1,0,0,8,3
14,CONSTANŢA,"SCOALA PRIMARA NR.2 VLAHII",372,ALIMAN,61005,1,PROV,PRCNCT,S,S_SV,"2021-01-21 12:30:02",421,408,13,0,128,115,13,0,494,366,122,4,2,0,1,1,22,50,4,34,2,1,1,1,0,3,2
14,CONSTANŢA,"ȘCOALA AMZACEA",373,AMZACEA,63198,1,PROV,PRCNCT,S,S_SV,"2021-01-21 12:30:02",1206,1183,21,2,305,282,21,2,1300,995,290,7,8,12,8,1,94,53,24,69,5,5,0,1,9,4,5
14,CONSTANŢA,"ȘCOALA GENERALĂ GENERAL SCĂRIȘOREANU",374,AMZACEA,63198,1,PROV,PRCNCT,S,S_SV,"2021-01-21 12:30:02",819,795,24,0,149,125,24,0,900,751,143,6,0,3,15,2,45,21,7,36,1,1,1,2,4,5,0
14,CONSTANŢA,"ȘCOALA GENERALĂ CASICEA",375,AMZACEA,63198,1,PROV,PRCNCT,S,S_SV,"2021-01-21 12:30:02",350,342,8,0,64,56,8,0,401,337,62,2,0,3,5,1,13,13,4,19,1,1,0,0,1,1,0
14,CONSTANŢA,"ȘCOALA GENERALĂ NR 1 BĂNEASA",376,BĂNEASA,63171,1,PROV,PRCNCT,S,S_SV,"2021-01-21 12:30:02",1040,1019,19,2,282,261,19,2,1100,818,262,11,9,5,9,0,77,94,15,35,3,1,0,1,14,4,4
14,CONSTANŢA,"LICEUL TEORETIC BĂNEASA",377,BĂNEASA,63171,2,PART,PRCNCT,S,S_SV,"2021-01-21 12:30:02",1692,1671,18,3,498,477,18,3,1800,1302,490,4,4,23,19,0,169,150,21,56,5,3,0,1,30,8,5
14,CONSTANŢA,"ȘCOALA GENERALĂ NEGURENI",378,BĂNEASA,63171,2,PART,PRCNCT,S,S_SV,"2021-01-21 12:30:02",564,547,17,0,176,159,17,0,600,424,166,10,0,4,5,0,34,46,6,38,2,1,0,0,28,1,1
14,CONSTANŢA,"ȘCOALA GENERALĂ FĂUREI",379,BĂNEASA,63171,1,PROV,PRCNCT,S,S_SV,"2021-01-21 12:30:02",1038,1025,13,0,264,251,13,0,1100,836,209,10,45,5,5,3,135,12,10,24,0,2,0,0,4,4,5
14,CONSTANŢA,"ȘCOALA GIMNAZIALĂ ”EMIL GÂRLEANU” BĂRĂGANU",380,BĂRĂGANU,63294,1,PROV,PRCNCT,S,S_SV,"2021-01-21 12:30:02",933,915,18,0,221,203,18,0,1000,779,214,1,6,1,3,0,90,26,12,63,4,1,0,2,3,4,5
14,CONSTANŢA,"ȘCOALA GIMNAZIALĂ ”EMIL GÂRLEANU” BĂRĂGANU - ȘCOALA PRIMARĂ NR. 1 LANURILE",381,BĂRĂGANU,63294,2,PART,PRCNCT,S,S_SV,"2021-01-21 12:30:02",779,759,20,0,206,186,20,0,800,594,200,2,4,9,4,0,41,37,14,80,2,4,0,1,1,4,3
14,CONSTANŢA,"ŞCOALA GIMNAZIALĂ NR. 1 CASTELU",382,CASTELU,61121,1,PROV,PRCNCT,S,S_SV,"2021-01-21 12:30:02",1152,1143,9,0,320,311,9,0,1300,980,302,8,10,65,9,1,82,41,16,66,2,4,2,2,4,5,3
14,CONSTANŢA,"ŞCOALA GIMNAZIALĂ NR. 1 CASTELU",383,CASTELU,61121,1,PROV,PRCNCT,S,S_SV,"2021-01-21 12:30:02",1411,1397,14,0,415,401,14,0,1500,1085,370,34,11,73,6,2,129,51,13,76,2,4,1,0,6,4,3
14,CONSTANŢA,"ŞCOALA GIMNAZIALĂ „IULIU VALAORI” NISIPARI",384,CASTELU,61121,1,PROV,PRCNCT,S,S_SV,"2021-01-21 12:30:02",1598,1572,26,0,419,393,26,0,1700,1281,408,9,2,127,3,0,97,41,15,105,3,2,2,0,1,7,5
14,CONSTANŢA,"CĂMINUL CULTURAL CERCHEZU",385,CERCHEZU,61167,1,PROV,PRCNCT,S,S_SV,"2021-01-21 12:30:02",434,399,24,11,193,158,24,11,500,307,189,1,3,3,8,3,101,42,4,14,2,0,0,0,1,4,7
14,CONSTANŢA,"CĂMINUL CULTURAL CĂSCIOARELE",386,CERCHEZU,61167,1,PROV,PRCNCT,S,S_SV,"2021-01-21 12:30:02",243,226,17,0,141,124,17,0,303,162,135,3,3,2,3,0,38,66,5,13,1,2,1,0,3,1,0
14,CONSTANŢA,"CĂMINUL CULTURAL VIROAGA",387,CERCHEZU,61167,1,PROV,PRCNCT,S,S_SV,"2021-01-21 12:30:02",402,382,18,2,163,143,18,2,400,237,152,3,8,0,1,0,49,58,6,22,1,6,3,1,1,3,1
14,CONSTANŢA,"CASA AGRONOMULUI MĂGURA",388,CERCHEZU,61167,1,PROV,PRCNCT,S,S_SV,"2021-01-21 12:30:02",84,72,12,0,57,45,12,0,100,43,55,1,1,0,1,1,19,21,2,1,5,1,0,2,0,0,2
14,CONSTANŢA,"ȘCOALA GIMNAZIALĂ NR.1 CHIRNOGENI",389,CHIRNOGENI,61210,1,PROV,PRCNCT,S,S_SV,"2021-01-21 12:30:02",1499,1476,21,2,354,331,21,2,1600,1246,339,12,3,8,17,2,130,75,15,72,3,5,1,1,6,2,2
14,CONSTANŢA,"ȘCOALA GIMNAZIALĂ NR.2 PLOPENI",390,CHIRNOGENI,61210,1,PROV,PRCNCT,S,S_SV,"2021-01-21 12:30:02",894,869,24,1,163,138,24,1,1000,837,156,1,6,9,3,1,64,25,9,29,2,2,0,0,2,8,2
14,CONSTANŢA,"ŞCOALA PRIMARĂ NR.3 CREDINŢA",391,CHIRNOGENI,61210,1,PROV,PRCNCT,S,S_SV,"2021-01-21 12:30:02",261,250,11,0,71,60,11,0,300,229,70,1,0,2,0,1,19,13,4,21,0,1,0,0,9,0,0
14,CONSTANŢA,"LICEUL TEHNOLOGIC CIOBANU -SALA CLASA 1",392,CIOBANU,61256,2,PART,PRCNCT,S,S_SV,"2021-01-21 12:30:02",1264,1243,21,0,371,350,21,0,1400,1029,363,7,1,4,9,1,241,47,8,34,2,1,1,0,2,7,6
14,CONSTANŢA,"LICEUL TEHNOLOGIC CIOBANU -SALA CLASA 2",393,CIOBANU,61256,1,PROV,PRCNCT,S,S_SV,"2021-01-21 12:30:02",1315,1304,11,0,394,383,11,0,1400,1006,385,0,9,2,8,0,247,45,13,54,3,1,2,0,1,5,4
14,CONSTANŢA,"SCOALA GENERALA MIORIȚA",394,CIOBANU,61256,1,PROV,PRCNCT,S,S_SV,"2021-01-21 12:30:02",263,253,10,0,78,68,10,0,300,222,74,3,1,2,9,0,30,8,4,7,1,1,2,1,2,3,4
14,CONSTANŢA,"CĂMIN CULTURAL SAT CIOCÎRLIA",395,CIOCÂRLIA,61283,1,PROV,PRCNCT,S,S_SV,"2021-01-21 12:30:02",1303,1253,50,0,559,509,50,0,1400,841,540,13,6,27,9,0,100,258,19,91,4,5,3,1,10,4,9
14,CONSTANŢA,"CĂMIN CULTURAL SAT CIOCÎRLIA DE SUS",396,CIOCÂRLIA,61283,1,PROV,PRCNCT,S,S_SV,"2021-01-21 12:30:02",1242,1201,41,0,401,360,41,0,1300,899,384,10,7,11,10,2,57,186,23,73,5,1,2,0,4,6,4
14,CONSTANŢA,"CĂMIN CULTURAL COBADIN",397,COBADIN,61318,1,PROV,PRCNCT,S,S_SV,"2021-01-21 12:30:02",1938,1903,35,0,397,362,35,0,2100,1703,388,2,7,32,10,0,116,77,30,92,6,2,0,2,9,7,5
14,CONSTANŢA,"ȘCOALA TĂTARĂ COBADIN",398,COBADIN,61318,1,PROV,PRCNCT,S,S_SV,"2021-01-21 12:30:02",1814,1792,22,0,406,384,22,0,2000,1594,393,4,9,20,7,1,127,78,32,82,6,1,3,5,13,8,10
14,CONSTANŢA,"SCOALA ROMANA",399,COBADIN,61318,1,PROV,PRCNCT,S,S_SV,"2021-01-21 12:30:02",1736,1721,13,2,367,352,13,2,1900,1533,355,5,7,24,6,0,120,48,21,112,1,5,2,2,6,3,5
14,CONSTANŢA,"ȘCOALA GENERALĂ CONACU",400,COBADIN,61318,1,PROV,PRCNCT,S,S_SV,"2021-01-21 12:30:02",292,278,14,0,45,31,14,0,300,255,42,0,3,3,2,0,7,13,2,7,1,1,0,1,2,1,2
14,CONSTANŢA,"CĂMIN CULTURAL NEGREȘTI",401,COBADIN,61318,1,PROV,PRCNCT,S,S_SV,"2021-01-21 12:30:02",373,358,15,0,84,69,15,0,400,316,80,3,1,3,2,0,29,14,4,19,1,2,0,0,1,3,2
14,CONSTANŢA,"GRĂDINIȚA VIIȘOARA",402,COBADIN,61318,2,PART,PRCNCT,S,S_SV,"2021-01-21 12:30:02",1321,1302,17,2,297,278,17,2,1400,1103,289,2,6,15,7,1,70,42,18,113,4,1,3,3,3,3,6
14,CONSTANŢA,"GRĂDINIȚA CU ORAR NORMAL COGEALAC",403,COGEALAC,61372,1,PROV,PRCNCT,S,S_SV,"2021-01-21 12:30:02",1610,1581,29,0,328,299,29,0,1700,1372,318,2,8,77,14,1,108,33,15,48,4,0,2,0,4,3,9
14,CONSTANŢA,"SCOALA GIMNAZIALA ” CRISTEA CARAMAN” COGEALAC",404,COGEALAC,61372,1,PROV,PRCNCT,S,S_SV,"2021-01-21 12:30:02",1331,1309,22,0,278,256,22,0,1400,1122,269,6,3,51,7,0,86,42,10,42,3,4,3,1,6,7,7
14,CONSTANŢA,"ȘCOALA GIMNAZIALA NUMARUL 2 TARIVERDE",405,COGEALAC,61372,2,PART,PRCNCT,S,S_SV,"2021-01-21 12:30:02",866,848,18,0,195,177,18,0,900,705,193,1,1,34,4,0,38,27,7,63,1,3,0,3,3,9,1
14,CONSTANŢA,"ȘCOALA GIMNAZIALA NUMARUL 1 RÂMNICU DE JOS",406,COGEALAC,61372,2,PART,PRCNCT,S,S_SV,"2021-01-21 12:30:02",694,673,21,0,167,146,21,0,700,533,161,5,1,28,3,0,31,27,5,58,1,3,1,1,1,1,1
14,CONSTANŢA,"SCOALA CU CLASELE I-VIII COMANA",407,COMANA,61452,1,PROV,PRCNCT,S,S_SV,"2021-01-21 12:30:02",830,814,16,0,199,183,16,0,900,701,194,3,2,3,12,1,39,72,6,39,2,2,2,0,10,4,2
14,CONSTANŢA,"ȘCOALA GENERALĂ”NEGIP HAGI FAZAL” TĂTARU",408,COMANA,61452,1,PROV,PRCNCT,S,S_SV,"2021-01-21 12:30:02",549,536,13,0,139,126,13,0,600,461,130,4,5,7,4,1,26,35,7,35,0,1,1,0,10,3,0
14,CONSTANŢA,"ŞCOALA CU CLS. I - IV PELINU",409,COMANA,61452,1,PROV,PRCNCT,S,S_SV,"2021-01-21 12:30:02",234,226,8,0,59,51,8,0,300,241,57,0,2,2,2,1,11,22,4,11,0,0,1,1,2,0,0
14,CONSTANŢA,"ȘCOALA GIMNAZIALĂ ”GHEORGHE LAZĂR”",410,CORBU,61513,1,PROV,PRCNCT,S,S_SV,"2021-01-21 12:30:02",1529,1486,43,0,400,357,43,0,1600,1200,397,2,1,61,9,3,88,74,43,86,4,2,5,1,12,6,3
14,CONSTANŢA,"GRĂDINIȚA CU PROGRAM NORMAL NR. 1",411,CORBU,61513,1,PROV,PRCNCT,S,S_SV,"2021-01-21 12:30:02",1475,1426,49,0,408,359,49,0,1600,1192,401,6,1,55,8,0,62,90,26,125,8,3,2,0,8,8,6
14,CONSTANŢA,"CĂMIN CULTURAL CORBU DE SUS",412,CORBU,61513,1,PROV,PRCNCT,S,S_SV,"2021-01-21 12:30:02",1766,1718,48,0,455,407,48,0,1900,1445,449,2,4,91,9,0,75,92,29,114,10,4,1,5,10,3,6
14,CONSTANŢA,"SCOALA PRIMARA VADU",413,CORBU,61513,2,PART,PRCNCT,S,S_SV,"2021-01-21 12:30:02",589,551,27,11,173,135,27,11,600,428,166,0,6,34,1,0,26,34,12,45,2,2,0,0,3,6,1
14,CONSTANŢA,"ŞCOALA GIMNAZIALĂ ”MIHAI EMINESCU” COSTINEŞTI",414,COSTINEŞTI,63286,1,PROV,PRCNCT,S,S_SV,"2021-01-21 12:30:02",1028,983,45,0,361,316,45,0,1100,739,357,3,1,74,10,1,79,86,47,50,2,0,1,1,4,1,1
14,CONSTANŢA,"ŞCOALA PRIMARA” ION CREANGA” SCHITU",415,COSTINEŞTI,63286,1,PROV,PRCNCT,S,S_SV,"2021-01-21 12:30:02",1828,1793,32,3,522,487,32,3,2000,1478,516,6,0,98,16,0,87,124,84,76,3,4,4,0,6,11,3
14,CONSTANŢA,"CAMIN CULTURAL CRUCEA",416,CRUCEA,61559,1,PROV,PRCNCT,S,S_SV,"2021-01-21 12:30:02",910,891,19,0,259,240,19,0,1000,741,248,6,5,4,11,2,40,119,7,48,3,2,1,3,4,1,3
14,CONSTANŢA,"CAMIN CULTURALGĂLBIORI",417,CRUCEA,61559,1,PROV,PRCNCT,S,S_SV,"2021-01-21 12:30:02",271,256,15,0,110,95,15,0,294,184,105,2,3,3,3,2,11,59,5,19,0,1,0,0,2,0,0
14,CONSTANŢA,"ŞCOALA PRIMARĂ NR.1 BĂLTĂGEŞTI",418,CRUCEA,61559,1,PROV,PRCNCT,S,S_SV,"2021-01-21 12:30:02",327,316,11,0,117,106,11,0,400,283,115,1,1,1,5,1,16,67,0,19,1,3,0,0,0,1,1
14,CONSTANŢA,"GRĂDINIŢA CRIŞAN",419,CRUCEA,61559,1,PROV,PRCNCT,S,S_SV,"2021-01-21 12:30:02",291,284,7,0,92,85,7,0,300,208,85,7,0,2,1,0,8,52,4,13,1,2,0,1,0,1,0
14,CONSTANŢA,"ŞCOALA PRIMARĂ NR.4 STUPINA",420,CRUCEA,61559,1,PROV,PRCNCT,S,S_SV,"2021-01-21 12:30:02",577,548,10,19,161,132,10,19,600,439,159,1,1,2,10,0,32,72,5,28,0,5,1,1,1,1,1
14,CONSTANŢA,"ŞCOALA PRIMARĂ NR.3 ŞIRIU",421,CRUCEA,61559,1,PROV,PRCNCT,S,S_SV,"2021-01-21 12:30:02",179,173,6,0,44,38,6,0,200,156,44,0,0,0,1,0,9,25,3,6,0,0,0,0,0,0,0
14,CONSTANŢA,"LICEUL TEHNOLOGIC ”NICOLAE DUMITRESCU”",422,CUMPĂNA,61620,1,PROV,PRCNCT,S,S_SV,"2021-01-21 12:30:02",1680,1635,44,1,552,507,44,1,1800,1248,543,4,5,26,11,0,175,85,102,110,4,3,3,1,11,7,5
14,CONSTANŢA,"LICEUL TEHNOLOGIC ”NICOLAE DUMITRESCU”",423,CUMPĂNA,61620,1,PROV,PRCNCT,S,S_SV,"2021-01-21 12:30:02",1807,1754,43,10,619,566,43,10,1900,1281,600,14,5,14,17,2,157,98,136,141,9,4,5,1,9,2,5
14,CONSTANŢA,"LICEUL TEHNOLOGIC ”NICOLAE DUMITRESCU”",424,CUMPĂNA,61620,1,PROV,PRCNCT,S,S_SV,"2021-01-21 12:30:02",1743,1712,27,4,632,601,27,4,1896,1264,609,18,5,13,19,1,185,86,127,133,7,1,7,2,17,6,5
14,CONSTANŢA,"SALA DE SPORT 1",425,CUMPĂNA,61620,1,PROV,PRCNCT,S,S_SV,"2021-01-21 12:30:02",1857,1827,28,2,629,599,28,2,2000,1371,621,5,3,19,15,4,187,113,121,112,6,7,4,5,10,11,7
14,CONSTANŢA,"SALA DE SPORT 1",426,CUMPĂNA,61620,1,PROV,PRCNCT,S,S_SV,"2021-01-21 12:30:02",1891,1862,28,1,620,591,28,1,2000,1380,592,21,7,15,12,0,162,89,123,155,2,4,4,2,12,9,3
14,CONSTANŢA,"GRĂDINIȚA ”FLORILOR”",427,CUMPĂNA,61620,1,PROV,PRCNCT,S,S_SV,"2021-01-21 12:30:02",1704,1676,25,3,558,530,25,3,1900,1342,543,11,4,19,16,3,163,87,106,111,4,1,4,2,13,10,4
14,CONSTANŢA,"ANEXA LICEULUI TEHNOLOGIC ”NICOLAE DUMITRESCU”",428,CUMPĂNA,61620,1,PROV,PRCNCT,S,S_SV,"2021-01-21 12:30:02",1871,1806,56,9,666,601,56,9,2000,1334,650,12,4,27,21,3,184,131,141,102,9,3,6,2,14,5,2
14,CONSTANŢA,"ȘCOALA GIMNAZIALĂ NR. 1",429,"CUZA VODĂ",63300,1,PROV,PRCNCT,S,S_SV,"2021-01-21 12:30:02",1544,1529,15,0,283,268,15,0,1700,1417,271,6,6,18,2,0,86,105,6,45,1,2,0,2,0,3,1
14,CONSTANŢA,"ŞCOALA GIMNAZIALĂ NR. 1",430,"CUZA VODĂ",63300,1,PROV,PRCNCT,S,S_SV,"2021-01-21 12:30:02",1689,1679,10,0,279,269,10,0,1900,1621,263,10,6,17,1,0,81,107,2,36,0,3,3,0,1,11,1
14,CONSTANŢA,"LICEUL NICOLAE ISTRATOIU",431,DELENI,61675,1,PROV,PRCNCT,S,S_SV,"2021-01-21 12:30:02",334,316,13,5,141,123,13,5,400,259,136,4,1,11,4,0,50,29,7,28,2,0,0,0,0,4,1
14,CONSTANŢA,"FOST SEDIU C.A.P. PIETRENI",432,DELENI,61675,1,PROV,PRCNCT,S,S_SV,"2021-01-21 12:30:02",717,698,13,6,247,228,13,6,800,553,240,6,1,18,6,0,98,34,7,58,2,3,0,2,1,4,7
14,CONSTANŢA,"SCOALA GENERALA ȘIPOTELE",433,DELENI,61675,1,PROV,PRCNCT,S,S_SV,"2021-01-21 12:30:02",453,415,32,6,202,164,32,6,500,298,198,4,0,4,6,1,92,33,8,36,3,1,1,0,2,7,4
14,CONSTANŢA,"FOST SEDIU C.A.P. PETROŞANI",434,DELENI,61675,1,PROV,PRCNCT,S,S_SV,"2021-01-21 12:30:02",476,450,22,4,167,141,22,4,500,333,165,2,0,7,7,0,68,43,3,24,1,1,0,0,1,4,6
14,CONSTANŢA,"CĂMINUL CULTURAL DOBROMIR -",435,DOBROMIR,61737,1,PROV,PRCNCT,S,S_SV,"2021-01-21 12:30:02",742,734,8,0,309,301,8,0,795,486,270,9,30,10,1,3,184,31,6,12,1,0,0,2,3,11,6
14,CONSTANŢA,"ȘCOALA GEN CU CLS. I - IV DOBROMIR DEAL",436,DOBROMIR,61737,1,PROV,PRCNCT,S,S_SV,"2021-01-21 12:30:02",281,266,15,0,96,81,15,0,300,204,90,2,4,1,0,0,18,53,3,7,0,2,0,0,3,2,1
14,CONSTANŢA,"ȘCOALA GEN CU CLS. I - IV LESPEZI",437,DOBROMIR,61737,1,PROV,PRCNCT,S,S_SV,"2021-01-21 12:30:02",414,404,10,0,175,165,10,0,500,325,158,3,14,0,0,2,92,46,1,13,1,0,0,0,1,1,1
14,CONSTANŢA,"ȘCOALA GEN CU CLS. I - IV VĂLENI",438,DOBROMIR,61737,1,PROV,PRCNCT,S,S_SV,"2021-01-21 12:30:02",668,662,6,0,267,261,6,0,700,433,228,8,31,2,0,2,160,36,1,13,3,2,0,1,2,4,2
14,CONSTANŢA,"ȘCOALA GEN CU CLS. I - IV PĂDURENI",439,DOBROMIR,61737,1,PROV,PRCNCT,S,S_SV,"2021-01-21 12:30:02",127,116,11,0,41,30,11,0,196,155,40,0,1,2,0,0,20,8,3,5,1,1,0,0,0,0,0
14,CONSTANŢA,"SCOALA GENERALA SAT CETATEA",440,DOBROMIR,61737,1,PROV,PRCNCT,S,S_SV,"2021-01-21 12:30:02",181,173,8,0,80,72,8,0,200,120,77,1,2,12,0,0,13,39,1,6,0,2,0,0,0,2,2
14,CONSTANŢA,"CĂMINUL CULTURAL DUMBRĂVENI",441,DUMBRĂVENI,63161,1,PROV,PRCNCT,S,S_SV,"2021-01-21 12:30:02",402,365,29,8,166,129,29,8,399,233,158,3,5,1,12,0,81,26,5,29,0,2,0,0,0,2,0
14,CONSTANŢA,"GRĂDINIȚA DE COPII FURNICA",442,DUMBRĂVENI,63161,1,PROV,PRCNCT,S,S_SV,"2021-01-21 12:30:02",77,54,21,2,49,26,21,2,99,50,47,1,1,4,3,0,26,3,2,7,0,1,0,0,0,0,1
14,CONSTANŢA,"ȘCOALA GIMNAZIALA NR.1 FÂNTÂNELE",443,FÂNTÂNELE,63334,1,PROV,PRCNCT,S,S_SV,"2021-01-21 12:30:02",1330,1317,13,0,342,329,13,0,1500,1158,332,5,5,1,26,0,95,142,17,36,4,1,2,1,0,4,3
14,CONSTANŢA,"CENTRUL CULTURAL DUNĂREA VECHE DIN COMUNA GÂRLICIU",444,GÂRLICIU,61808,1,PROV,PRCNCT,S,S_SV,"2021-01-21 12:30:02",1298,1272,26,0,303,277,26,0,1400,1097,287,5,11,23,7,0,63,90,11,72,6,2,1,0,4,4,4
14,CONSTANŢA,"SCOALA GIMNAZIALA ”SA ESENIN” GHINDARESTI",445,GHINDĂREŞTI,61826,1,PROV,PRCNCT,S,S_SV,"2021-01-21 12:30:02",1153,1122,28,3,312,281,28,3,1200,888,299,6,7,4,5,1,60,105,75,26,4,3,1,1,4,6,4
14,CONSTANŢA,"SCOALA GIMNAZIALA ”SA ESENIN” GHINDARESTI",446,GHINDĂREŞTI,61826,1,PROV,PRCNCT,S,S_SV,"2021-01-21 12:30:02",1100,1082,18,0,283,265,18,0,1204,921,266,2,15,3,14,1,43,86,59,32,3,8,3,1,3,2,8
14,CONSTANŢA,"GRĂDINIȚA P+M GRĂDINA",447,GRĂDINA,63326,1,PROV,PRCNCT,S,S_SV,"2021-01-21 12:30:02",595,576,19,0,276,257,19,0,600,324,269,3,4,9,4,1,164,41,11,26,0,1,0,0,2,5,5
14,CONSTANŢA,"GRADINITA CU PROGRAM NORMAL CHEIA",448,GRĂDINA,63326,1,PROV,PRCNCT,S,S_SV,"2021-01-21 12:30:02",311,295,16,0,176,160,16,0,300,124,171,4,1,4,0,2,99,33,5,20,1,0,0,0,2,1,4
14,CONSTANŢA,"CĂMIN CULTURAL HORIA",449,HORIA,63278,1,PROV,PRCNCT,S,S_SV,"2021-01-21 12:30:02",697,682,15,0,180,165,15,0,800,620,176,4,0,19,4,0,40,74,8,21,2,2,0,0,4,2,0
14,CONSTANŢA,"CĂMINUL CULTURAL TICHILEȘTI",450,HORIA,63278,1,PROV,PRCNCT,S,S_SV,"2021-01-21 12:30:02",266,257,9,0,81,72,9,0,300,219,80,1,0,13,7,0,21,25,2,7,1,1,0,0,0,2,1
14,CONSTANŢA,"LICEUL TEHNOLOGIC",451,INDEPENDENŢA,61871,1,PROV,PRCNCT,S,S_SV,"2021-01-21 12:30:02",975,967,8,0,257,249,8,0,1104,847,242,7,8,16,4,3,97,60,21,23,4,4,1,1,4,3,1
14,CONSTANŢA,"SCOALA GENERALĂ",452,INDEPENDENŢA,61871,1,PROV,PRCNCT,S,S_SV,"2021-01-21 12:30:02",515,504,11,0,111,100,11,0,599,488,105,4,2,5,0,0,31,44,5,12,2,0,0,0,0,5,1
14,CONSTANŢA,"SCOALA GENERALĂ",453,INDEPENDENŢA,61871,2,PART,PRCNCT,S,S_SV,"2021-01-21 12:30:02",316,300,16,0,89,73,16,0,400,311,86,1,2,5,1,3,29,21,2,16,3,0,1,1,0,2,2
14,CONSTANŢA,"SCOALA GENERALĂ",454,INDEPENDENŢA,61871,1,PROV,PRCNCT,S,S_SV,"2021-01-21 12:30:02",257,252,5,0,80,75,5,0,300,220,79,1,0,2,3,4,28,23,0,13,2,1,0,0,0,1,2
14,CONSTANŢA,"CĂMIN CULTURAL",455,INDEPENDENŢA,61871,1,PROV,PRCNCT,S,S_SV,"2021-01-21 12:30:02",294,287,7,0,104,97,7,0,300,196,100,1,3,28,3,2,27,25,1,6,1,3,0,1,0,2,1
14,CONSTANŢA,"ŞCOALA GIMNAZIALĂ NR.1 ION CORVIN, LOC. ION CORVIN",456,"ION CORVIN",61951,1,PROV,PRCNCT,S,S_SV,"2021-01-21 12:30:02",506,491,10,5,176,161,10,5,500,324,162,6,8,5,9,1,30,74,11,23,3,1,0,1,1,1,2
14,CONSTANŢA,"CĂMIN CULTURAL VIILE",457,"ION CORVIN",61951,1,PROV,PRCNCT,S,S_SV,"2021-01-21 12:30:02",802,761,18,23,363,322,18,23,900,537,342,3,18,3,5,4,61,198,8,44,1,4,3,2,3,4,2
14,CONSTANŢA,"GRĂDINIȚA CU PROGRAM NORMAL RARIȘTEA, LOC. RARIȘTEA",458,"ION CORVIN",61951,1,PROV,PRCNCT,S,S_SV,"2021-01-21 12:30:02",213,190,23,0,91,68,23,0,200,109,88,0,3,0,1,1,25,33,7,16,0,1,0,0,1,1,2
14,CONSTANŢA,"ŞCOALA CRÎNGU",459,"ION CORVIN",61951,1,PROV,PRCNCT,S,S_SV,"2021-01-21 12:30:02",100,81,19,0,46,27,19,0,100,54,43,3,0,5,5,1,7,13,4,5,0,0,0,1,1,1,0
14,CONSTANŢA,"ȘCOALA GIMNAZIALĂ NR. 1 ISTRIA",460,ISTRIA,62020,1,PROV,PRCNCT,S,S_SV,"2021-01-21 12:30:02",1131,1100,31,0,331,300,31,0,1200,869,323,4,4,4,8,0,158,49,15,61,3,3,3,0,7,9,3
14,CONSTANŢA,"ȘCOALA GIMNAZIALĂ NR. 2 NUNTAȘI",461,ISTRIA,62020,1,PROV,PRCNCT,S,S_SV,"2021-01-21 12:30:02",880,854,26,0,297,271,26,0,900,603,285,5,7,0,8,2,111,52,14,74,1,2,0,0,11,6,4
14,CONSTANŢA,"SCOALA GENERALĂ CU CLS. I – VIII LIMANU",462,LIMANU,60632,1,PROV,PRCNCT,S,S_SV,"2021-01-21 12:30:02",1440,1399,34,7,436,395,34,7,1600,1164,426,6,4,14,11,3,164,57,39,91,2,4,3,4,10,6,18
14,CONSTANŢA,"SCOALA GENERALĂ CU CLS. I – VIII LIMANU",463,LIMANU,60632,1,PROV,PRCNCT,S,S_SV,"2021-01-21 12:30:02",1459,1434,17,8,435,410,17,8,1600,1165,429,4,2,14,2,2,220,53,32,69,5,1,2,1,14,5,9
14,CONSTANŢA,"SCOALA GENERALĂ CU CLS. I – VIII 2MAI",464,LIMANU,60632,2,PART,PRCNCT,S,S_SV,"2021-01-21 12:30:02",1361,1293,55,13,525,457,55,13,1400,875,515,6,4,15,15,2,241,75,49,85,2,3,5,2,12,4,5
14,CONSTANŢA,"SCOALA GENERALĂ CU CLS. I – VIII 2MAI",465,LIMANU,60632,1,PROV,PRCNCT,S,S_SV,"2021-01-21 12:30:02",1501,1437,56,8,556,493,56,7,1600,1044,543,9,4,18,16,1,335,67,44,49,0,0,0,0,5,1,7
14,CONSTANŢA,"CAMIN CULTURAL LIPNITA",466,LIPNIŢA,62057,1,PROV,PRCNCT,S,S_SV,"2021-01-21 12:30:02",781,761,20,0,191,171,20,0,800,609,185,0,6,5,5,1,39,82,11,28,0,5,1,0,3,5,0
14,CONSTANŢA,"ȘCOALA CU CLASELE I - VIII COSLUGEA",467,LIPNIŢA,62057,1,PROV,PRCNCT,S,S_SV,"2021-01-21 12:30:02",615,608,7,0,109,102,7,0,700,591,103,2,4,6,5,0,35,39,5,8,1,1,0,0,1,1,1
14,CONSTANŢA,"CĂMINUL CULTURAL CANLIA",468,LIPNIŢA,62057,1,PROV,PRCNCT,S,S_SV,"2021-01-21 12:30:02",432,419,13,0,107,94,13,0,500,393,104,3,0,2,5,0,30,42,9,8,2,2,0,1,1,1,1
14,CONSTANŢA,"ȘCOALA GENERALĂ CARVĂN",469,LIPNIŢA,62057,1,PROV,PRCNCT,S,S_SV,"2021-01-21 12:30:02",340,335,5,0,63,58,5,0,400,337,56,3,4,1,2,0,23,19,6,3,0,0,0,0,1,0,1
14,CONSTANŢA,"ȘCOALA GENERALĂ CU CLASELE I - IV IZVOARELE",470,LIPNIŢA,62057,1,PROV,PRCNCT,S,S_SV,"2021-01-21 12:30:02",101,92,9,0,28,19,9,0,100,72,26,2,0,1,0,0,2,15,5,3,0,0,0,0,0,0,0
14,CONSTANŢA,"ȘCOALA GENERALĂ CU CLASELE I - IV GORUNI",471,LIPNIŢA,62057,1,PROV,PRCNCT,S,S_SV,"2021-01-21 12:30:02",90,78,12,0,29,17,12,0,101,72,26,2,1,2,2,0,9,6,2,2,0,1,0,0,0,0,2
14,CONSTANŢA,"ȘCOALA GENERALĂ CU CLASELE I - IV CUIUGIUC",472,LIPNIŢA,62057,1,PROV,PRCNCT,S,S_SV,"2021-01-21 12:30:02",152,144,8,0,54,46,8,0,200,146,50,3,1,5,1,0,3,34,3,2,0,1,0,0,0,1,0
14,CONSTANŢA,"ȘCOALA VECHE LUMINA",473,LUMINA,63152,2,PART,PRCNCT,S,S_SV,"2021-01-21 12:30:02",1564,1527,37,0,425,388,37,0,1700,1275,413,8,4,14,35,2,90,78,73,89,7,4,1,0,8,7,5
14,CONSTANŢA,"ȘCOALA NOUĂ LUMINA",474,LUMINA,63152,2,PART,PRCNCT,S,S_SV,"2021-01-21 12:30:02",1895,1841,49,5,604,550,49,5,2004,1400,539,6,4,27,25,1,122,126,100,113,7,1,3,0,6,4,4
14,CONSTANŢA,"GRĂDINIȚA LUMINA",475,LUMINA,63152,1,PROV,PRCNCT,S,S_SV,"2021-01-21 12:30:02",1825,1768,57,0,493,436,57,0,1900,1407,479,11,3,28,26,2,103,97,92,118,0,2,1,0,3,3,4
14,CONSTANŢA,"CĂMINUL CULTURAL LUMINA",476,LUMINA,63152,1,PROV,PRCNCT,S,S_SV,"2021-01-21 12:30:02",1580,1530,49,1,512,462,49,1,1700,1188,504,6,2,17,28,1,105,121,75,137,2,3,2,3,6,2,2
14,CONSTANŢA,"ȘCOALA GIMNAZIALĂ NR.1 LUMINA - CLĂDIREA C8",477,LUMINA,63152,1,PROV,PRCNCT,S,S_SV,"2021-01-21 12:30:02",1629,1598,29,2,478,447,29,2,1803,1325,469,6,3,21,26,2,105,106,90,87,5,3,7,2,7,5,3
14,CONSTANŢA,"ȘCOALA OITUZ",478,LUMINA,63152,1,PROV,PRCNCT,S,S_SV,"2021-01-21 12:30:02",716,701,15,0,212,197,15,0,800,588,206,6,0,5,6,1,36,42,32,73,0,2,1,1,4,3,0
14,CONSTANŢA,"ȘCOALA SIBIOARA",479,LUMINA,63152,1,PROV,PRCNCT,S,S_SV,"2021-01-21 12:30:02",371,353,15,3,117,99,15,3,400,283,110,4,3,4,3,0,40,26,13,19,0,0,1,0,2,2,0
14,CONSTANŢA,"SCOALA GIMNAZIALA NICHITA STANESCU",480,MERENI,62137,1,PROV,PRCNCT,S,S_SV,"2021-01-21 12:30:02",1186,1148,29,9,342,304,29,9,1300,958,330,8,4,9,9,1,97,80,32,70,7,4,1,0,8,8,4
14,CONSTANŢA,"ŞCOALA CU CLASELE I - VIII",481,MERENI,62137,1,PROV,PRCNCT,S,S_SV,"2021-01-21 12:30:02",486,474,12,0,200,188,12,0,500,300,192,4,4,5,1,0,114,21,8,28,2,1,1,0,2,4,5
14,CONSTANŢA,"ŞCOALA CU CLASELE I -IV",482,MERENI,62137,1,PROV,PRCNCT,S,S_SV,"2021-01-21 12:30:02",237,222,15,0,88,73,15,0,300,212,87,0,1,3,2,0,24,24,6,21,2,0,0,0,3,2,0
14,CONSTANŢA,"LICEUL TEHNOLOGIC ” MIHAI VITEAZUL”",483,"MIHAI VITEAZU",62253,1,PROV,PRCNCT,S,S_SV,"2021-01-21 12:30:02",1584,1565,19,0,344,325,19,0,1700,1356,329,15,0,39,13,0,71,121,16,44,1,7,0,0,6,7,4
14,CONSTANŢA,"SCOALA CU CLASELE I-VII SINOE",484,"MIHAI VITEAZU",62253,1,PROV,PRCNCT,S,S_SV,"2021-01-21 12:30:02",1210,1179,26,5,350,319,26,5,1300,950,338,6,6,20,4,1,38,171,2,78,2,4,1,1,8,5,3
14,CONSTANŢA,"GRĂDINIŢA DOMINO",485,"MIHAIL KOGĂLNICEANU",62191,1,PROV,PRCNCT,S,S_SV,"2021-01-21 12:30:02",1311,1259,41,11,425,373,41,11,1300,875,416,1,8,16,9,0,58,222,23,67,3,4,2,3,8,1,0
14,CONSTANŢA,"GRĂDINIŢA PINOCHIO",486,"MIHAIL KOGĂLNICEANU",62191,1,PROV,PRCNCT,S,S_SV,"2021-01-21 12:30:02",1197,1161,26,10,393,357,26,10,1300,907,391,2,0,18,5,0,45,205,27,75,2,2,3,0,3,5,1
14,CONSTANŢA,"CENTRUL PENTRU TINERET",487,"MIHAIL KOGĂLNICEANU",62191,1,PROV,PRCNCT,S,S_SV,"2021-01-21 12:30:02",1257,1231,22,4,359,333,22,4,1400,1041,353,4,2,16,4,0,68,163,50,42,1,0,2,0,3,2,2
14,CONSTANŢA,"LICEUL TEORETIC MIHAIL KOGĂLNICEANU",488,"MIHAIL KOGĂLNICEANU",62191,1,PROV,PRCNCT,S,S_SV,"2021-01-21 12:30:02",1425,1402,21,2,405,382,21,2,1600,1195,394,8,3,11,7,1,84,168,38,67,0,2,0,2,5,6,3
14,CONSTANŢA,"GRĂDINIŢA PITICOT",489,"MIHAIL KOGĂLNICEANU",62191,1,PROV,PRCNCT,S,S_SV,"2021-01-21 12:30:02",778,766,10,2,188,176,10,2,900,712,180,6,2,1,4,0,27,67,23,47,3,4,2,0,1,1,0
14,CONSTANŢA,"GRĂDINIŢA PITICOT",490,"MIHAIL KOGĂLNICEANU",62191,2,PART,PRCNCT,S,S_SV,"2021-01-21 12:30:02",784,776,7,1,251,243,7,1,900,649,245,5,1,7,6,0,69,62,38,52,2,1,1,0,4,3,0
14,CONSTANŢA,"ŞCOALA GENERALĂ CERES",491,"MIHAIL KOGĂLNICEANU",62191,1,PROV,PRCNCT,S,S_SV,"2021-01-21 12:30:02",381,370,11,0,133,122,11,0,400,267,127,1,5,2,3,0,12,68,3,34,0,3,0,0,1,1,0
14,CONSTANŢA,"UNITATEA AGRICOLĂ SIBIOARA, CENTRUL PENTRU TINERET",492,"MIHAIL KOGĂLNICEANU",62191,1,PROV,PRCNCT,S,S_SV,"2021-01-21 12:30:02",384,364,19,1,195,175,19,1,400,205,189,2,4,6,4,0,20,108,8,32,3,3,0,0,2,1,2
14,CONSTANŢA,"CĂMINUL CULTURAL",493,"MIHAIL KOGĂLNICEANU",62191,1,PROV,PRCNCT,S,S_SV,"2021-01-21 12:30:02",721,693,28,0,297,269,28,0,800,503,287,6,4,18,2,0,30,168,12,33,3,5,0,1,5,7,3
14,CONSTANŢA,"ŞCOALA GENERALĂ",494,"MIHAIL KOGĂLNICEANU",62191,1,PROV,PRCNCT,S,S_SV,"2021-01-21 12:30:02",304,264,40,0,132,92,40,0,300,168,131,1,0,3,1,0,9,97,4,14,1,1,0,0,1,0,0
14,CONSTANŢA,"ŞCOALA GIMNAZIALĂ NR.1 MIRCEA VODĂ",495,"MIRCEA VODĂ",62280,1,PROV,PRCNCT,S,S_SV,"2021-01-21 12:30:02",1724,1691,25,8,417,384,25,8,1900,1483,405,7,5,9,10,0,153,72,15,123,2,7,0,0,7,4,3
14,CONSTANŢA,"ȘCOALA GIMNAZIALĂ NR.2 SATU NOU",496,"MIRCEA VODĂ",62280,1,PROV,PRCNCT,S,S_SV,"2021-01-21 12:30:02",1037,1031,6,0,198,192,6,0,1100,902,182,11,5,2,4,0,80,25,5,51,4,2,1,1,0,3,4
14,CONSTANŢA,"ȘCOALA GIMNAZIALĂ NR.2 SATU NOU",497,"MIRCEA VODĂ",62280,1,PROV,PRCNCT,S,S_SV,"2021-01-21 12:30:02",1331,1322,9,0,294,285,9,0,1500,1206,286,4,4,0,14,0,127,53,16,56,8,3,0,1,2,5,1
14,CONSTANŢA,"LICEUL ”I.C. BRĂTIANU” NICOLAE BĂLCESCU",498,"NICOLAE BĂLCESCU",62440,1,PROV,PRCNCT,S,S_SV,"2021-01-21 12:30:02",1374,1346,28,0,397,369,28,0,1500,1103,385,3,9,5,3,0,151,85,25,92,3,3,1,3,1,6,7
14,CONSTANŢA,"LICEUL ”I.C. BRĂTIANU” NICOLAE BĂLCESCU",499,"NICOLAE BĂLCESCU",62440,1,PROV,PRCNCT,S,S_SV,"2021-01-21 12:30:02",1475,1454,21,0,418,397,21,0,1600,1182,410,7,1,11,3,0,168,85,27,103,1,0,1,0,4,4,3
14,CONSTANŢA,"ȘCOALA GENERALĂ DOROBANȚU",500,"NICOLAE BĂLCESCU",62440,1,PROV,PRCNCT,S,S_SV,"2021-01-21 12:30:02",1570,1546,23,1,417,393,23,1,1700,1283,407,8,2,6,3,1,124,47,23,182,5,1,2,1,1,5,6
14,CONSTANŢA,"ȘCOALA GIMNAZIALĂ NR. 1 OLTINA",501,OLTINA,62486,1,PROV,PRCNCT,S,S_SV,"2021-01-21 12:30:02",1434,1379,39,16,460,405,39,16,1502,1042,442,5,13,13,4,2,258,78,26,36,1,3,1,0,2,13,5
14,CONSTANŢA,"ȘCOALA GIMNAZIALĂ NR. 2 RĂZOARELE",502,OLTINA,62486,1,PROV,PRCNCT,S,S_SV,"2021-01-21 12:30:02",497,487,10,0,147,137,10,0,500,353,141,3,3,3,4,0,61,26,7,33,0,3,0,0,3,1,0
14,CONSTANŢA,"ȘCOALA CU CLS. I - IV SATU NOU",503,OLTINA,62486,1,PROV,PRCNCT,S,S_SV,"2021-01-21 12:30:02",174,157,17,0,48,31,17,0,200,152,45,2,1,2,4,0,23,7,1,3,0,1,1,0,1,2,0
14,CONSTANŢA,"CĂMIN CULTURAL OSTROV",504,OSTROV,62538,1,PROV,PRCNCT,S,S_SV,"2021-01-21 12:30:02",923,913,8,2,207,197,8,2,1000,793,198,4,5,12,8,0,95,47,8,17,1,2,1,0,3,4,0
14,CONSTANŢA,"CĂMIN CULTURAL OSTROV",505,OSTROV,62538,1,PROV,PRCNCT,S,S_SV,"2021-01-21 12:30:02",1143,1130,13,0,278,265,13,0,1200,922,267,11,0,10,10,0,103,49,25,42,3,3,1,3,6,5,7
14,CONSTANŢA,"CĂMIN CULTURAL ALMĂLĂU",506,OSTROV,62538,2,PART,PRCNCT,S,S_SV,"2021-01-21 12:30:02",675,663,12,0,165,153,12,0,700,535,161,2,2,7,8,0,73,32,11,17,0,0,0,0,2,6,5
14,CONSTANŢA,"CĂMIN CULTURAL ESECHIOI",507,OSTROV,62538,1,PROV,PRCNCT,S,S_SV,"2021-01-21 12:30:02",200,193,7,0,65,58,7,0,200,135,65,0,0,4,1,1,39,6,3,5,2,0,0,1,1,1,1
14,CONSTANŢA,"CĂMIN CULTURAL GÎRLIȚA",508,OSTROV,62538,1,PROV,PRCNCT,S,S_SV,"2021-01-21 12:30:02",245,232,13,0,98,85,13,0,300,202,95,2,1,2,3,0,56,12,2,9,4,1,0,0,0,1,5
14,CONSTANŢA,"CĂMIN CULTURAL GALIȚA",509,OSTROV,62538,1,PROV,PRCNCT,S,S_SV,"2021-01-21 12:30:02",579,571,8,0,119,111,8,0,600,481,101,11,7,2,2,0,31,11,4,41,1,2,1,0,0,5,1
14,CONSTANŢA,"CAMIN CULTURAL BUGEAC",510,OSTROV,62538,1,PROV,PRCNCT,S,S_SV,"2021-01-21 12:30:02",166,150,16,0,75,59,16,0,200,125,74,1,0,0,2,0,43,10,8,5,1,0,0,1,0,3,1
14,CONSTANŢA,"ȘCOALA GIMNAZIALĂ NR.1 PANTELIMON",511,PANTELIMON,62609,1,PROV,PRCNCT,S,S_SV,"2021-01-21 12:30:02",636,596,29,11,288,248,29,11,700,412,275,13,0,8,3,0,51,119,7,71,3,2,1,3,1,2,4
14,CONSTANŢA,"ȘCOALA CU CLS. I - IV PANTELIMON DE JOS",512,PANTELIMON,62609,1,PROV,PRCNCT,S,S_SV,"2021-01-21 12:30:02",233,218,15,0,83,68,15,0,300,217,81,2,0,1,0,0,16,40,3,15,1,1,3,0,0,1,0
14,CONSTANŢA,"ȘCOALA CU CLS. I - IV RUNCU",513,PANTELIMON,62609,1,PROV,PRCNCT,S,S_SV,"2021-01-21 12:30:02",364,350,9,5,140,126,9,5,404,264,134,3,3,3,3,0,13,77,1,29,0,1,0,0,2,2,3
14,CONSTANŢA,"ȘCOALA CU CLS. I - IV NISTOREȘTI",514,PANTELIMON,62609,1,PROV,PRCNCT,S,S_SV,"2021-01-21 12:30:02",248,233,11,4,91,76,11,4,299,208,88,1,2,2,0,0,4,51,3,26,0,1,0,0,0,0,1
14,CONSTANŢA,"CĂMIN CULTURAL PECINEAGA",515,PECINEAGA,62672,1,PROV,PRCNCT,S,S_SV,"2021-01-21 12:30:02",1333,1294,39,0,368,329,39,0,1400,1032,354,8,6,7,8,1,110,68,27,103,8,2,0,3,3,6,8
14,CONSTANŢA,"ŞCOALA GIMNAZIALĂ NR.1 PECINEAGA",516,PECINEAGA,62672,1,PROV,PRCNCT,S,S_SV,"2021-01-21 12:30:02",1408,1386,22,0,331,309,22,0,1500,1169,323,5,3,3,9,0,92,55,11,127,4,4,3,1,5,2,7
14,CONSTANŢA,"CĂMIN CULTURAL PEŞTERA",517,PEŞTERA,62707,1,PROV,PRCNCT,S,S_SV,"2021-01-21 12:30:02",1543,1537,6,0,387,381,6,0,1700,1313,372,7,8,16,18,3,106,42,10,160,3,3,0,1,5,4,1
14,CONSTANŢA,"CAMIN CULTURAL IVRINEZU MARE",518,PEŞTERA,62707,1,PROV,PRCNCT,S,S_SV,"2021-01-21 12:30:02",728,719,9,0,133,124,9,0,800,667,128,2,3,5,2,0,20,22,3,67,3,0,1,0,0,4,1
14,CONSTANŢA,"SCOALA PRIMARA NR.3",519,PEŞTERA,62707,2,PART,PRCNCT,S,S_SV,"2021-01-21 12:30:02",605,594,11,0,97,86,11,0,700,603,95,2,0,1,4,0,20,20,3,41,1,1,0,0,1,3,0
14,CONSTANŢA,"CENTRU PENTRU TINERET",520,"POARTA ALBĂ",62761,1,PROV,PRCNCT,S,S_SV,"2021-01-21 12:30:02",1719,1572,31,116,568,421,31,116,1700,1132,553,12,3,16,15,2,174,149,36,109,1,2,0,0,3,41,5
14,CONSTANŢA,"CENTRU PENTRU TINERET",521,"POARTA ALBĂ",62761,1,PROV,PRCNCT,S,S_SV,"2021-01-21 12:30:02",1617,1451,14,152,514,348,14,152,1600,1086,497,9,8,10,6,1,175,136,30,76,7,2,3,2,4,41,4
14,CONSTANŢA,"LICEUL AGRICOL POARTA ALBĂ",522,"POARTA ALBĂ",62761,2,PART,PRCNCT,S,S_SV,"2021-01-21 12:30:02",1041,1003,15,23,300,262,15,23,1100,800,293,5,2,10,2,0,84,75,13,73,1,3,0,0,3,25,4
14,CONSTANŢA,"GRĂDINIŢA CU PROGRAM NORMAL NAZARCEA",523,"POARTA ALBĂ",62761,1,PROV,PRCNCT,S,S_SV,"2021-01-21 12:30:02",454,441,13,0,113,100,13,0,500,387,110,2,1,2,2,2,16,48,6,19,0,2,0,0,0,8,5
14,CONSTANŢA,"SCOALA GIMNAZIALA NR.2 RASOVA",524,RASOVA,62798,1,PROV,PRCNCT,S,S_SV,"2021-01-21 12:30:02",1100,1090,10,0,165,155,10,0,1200,1035,161,3,1,4,1,0,27,55,12,42,1,5,0,1,4,8,1
14,CONSTANŢA,"SCOALA GIMNAZIALA NR.2 RASOVA",525,RASOVA,62798,1,PROV,PRCNCT,S,S_SV,"2021-01-21 12:30:02",929,923,6,0,141,135,6,0,1000,859,137,2,2,5,4,0,27,53,4,34,2,1,1,0,2,3,1
14,CONSTANŢA,"SCOALA GIMNAZIALA COCHIRLENI",526,RASOVA,62798,1,PROV,PRCNCT,S,S_SV,"2021-01-21 12:30:02",906,898,8,0,177,169,8,0,1000,823,174,2,1,1,11,0,43,43,9,50,3,2,1,0,5,4,2
14,CONSTANŢA,"SCOALA PRIMARA NR 2 FACLIA",527,SALIGNY,63318,1,PROV,PRCNCT,S,S_SV,"2021-01-21 12:30:02",736,719,17,0,224,207,17,0,800,576,223,1,0,9,1,1,95,22,10,72,2,3,1,1,2,2,2
14,CONSTANŢA,"ȘCOALA GIMNAZIALA NR 1 SALIGNY",528,SALIGNY,63318,1,PROV,PRCNCT,S,S_SV,"2021-01-21 12:30:02",719,706,13,0,256,243,13,0,796,540,255,0,1,17,2,1,120,15,19,69,1,1,1,1,4,2,2
14,CONSTANŢA,"ȘCOALA PRIMARA NR 3 STEFAN CEL MARE",529,SALIGNY,63318,2,PART,PRCNCT,S,S_SV,"2021-01-21 12:30:02",469,452,17,0,130,113,17,0,500,370,128,2,0,3,3,0,59,18,18,19,3,2,1,0,0,0,2
14,CONSTANŢA,"ȘCOALA GIMNAZIALĂ ”NICOLAE MARALOI” SARAIU",530,SARAIU,62823,1,PROV,PRCNCT,S,S_SV,"2021-01-21 12:30:02",606,586,20,0,276,256,20,0,600,324,264,5,7,7,5,1,114,32,8,72,1,3,2,1,8,7,3
14,CONSTANŢA,"ȘCOALA PRIMARĂ NR. 1 DULGHERU",531,SARAIU,62823,1,PROV,PRCNCT,S,S_SV,"2021-01-21 12:30:02",461,450,11,0,171,160,11,0,500,329,161,6,4,4,2,1,78,14,9,35,3,1,1,1,4,6,2
14,CONSTANŢA,"ȘCOALA GIMNAZIALĂ ”A.GHENCEA”",532,SĂCELE,62878,1,PROV,PRCNCT,S,S_SV,"2021-01-21 12:30:02",1981,1911,57,13,662,592,57,13,2100,1438,636,12,14,30,6,0,120,272,18,149,5,7,4,4,12,0,9
14,CONSTANŢA,"SCOALA CU CLS. I-IV SEIMENII MICI",533,SEIMENI,62903,1,PROV,PRCNCT,S,S_SV,"2021-01-21 12:30:02",731,718,13,0,162,149,13,0,800,638,159,0,3,5,6,0,75,17,13,38,3,1,0,0,0,1,0
14,CONSTANŢA,"ŞCOALA CU CLS I-VIII SEIMENI",534,SEIMENI,62903,1,PROV,PRCNCT,S,S_SV,"2021-01-21 12:30:02",460,449,11,0,105,94,11,0,500,395,104,1,0,2,5,0,39,15,6,23,1,2,2,0,0,1,8
14,CONSTANŢA,"GRĂDINIŢA CU PROGRAM NORMAL DUNĂREA",535,SEIMENI,62903,1,PROV,PRCNCT,S,S_SV,"2021-01-21 12:30:02",569,551,18,0,124,106,18,0,600,476,120,1,3,4,1,0,44,35,6,23,1,2,0,0,2,2,0
14,CONSTANŢA,"SCOALA GIMNAZIALA NR. 1",536,SILIŞTEA,62949,1,PROV,PRCNCT,S,S_SV,"2021-01-21 12:30:02",575,554,20,1,236,215,20,1,600,364,231,1,4,2,1,0,71,109,3,33,1,3,0,0,4,3,1
14,CONSTANŢA,"CAMIN CULTURAL",537,SILIŞTEA,62949,2,PART,PRCNCT,S,S_SV,"2021-01-21 12:30:02",638,619,18,1,197,178,18,1,700,503,193,3,1,10,1,0,59,37,2,68,2,4,0,1,3,3,3
14,CONSTANŢA,"CONSILIULUI LOCAL TÎRGUȘOR",538,TÂRGUŞOR,62985,1,PROV,PRCNCT,S,S_SV,"2021-01-21 12:30:02",1070,1055,13,2,307,292,13,2,1200,893,297,4,6,3,14,2,112,52,21,68,0,4,1,2,4,4,10
14,CONSTANŢA,"ȘCOALA PRIMARĂ NR.2 MIREASA",539,TÂRGUŞOR,62985,1,PROV,PRCNCT,S,S_SV,"2021-01-21 12:30:02",271,258,13,0,84,71,13,0,300,216,83,1,0,4,3,1,34,10,10,15,0,1,0,0,2,0,3
14,CONSTANŢA,"ȘCOALA GENERALĂ TOPALU",540,TOPALU,63045,1,PROV,PRCNCT,S,S_SV,"2021-01-21 12:30:02",1485,1410,38,37,483,408,38,37,1500,1017,475,4,4,9,10,0,277,95,12,52,6,1,1,0,0,6,6
14,CONSTANŢA,"LICEUL TEHNOLOGIC TOPRAISAR",541,TOPRAISAR,63072,1,PROV,PRCNCT,S,S_SV,"2021-01-21 12:30:02",1442,1393,49,0,360,311,49,0,1500,1140,348,7,5,16,27,0,113,46,50,64,3,3,2,2,6,12,4
14,CONSTANŢA,"ȘCOALA VECHE TOPRAISAR",542,TOPRAISAR,63072,1,PROV,PRCNCT,S,S_SV,"2021-01-21 12:30:02",1624,1590,31,3,419,385,31,3,1700,1281,408,5,6,14,24,1,99,77,46,112,4,6,2,3,8,6,6
14,CONSTANŢA,"ȘCOALA I-VIII BIRUINȚA",543,TOPRAISAR,63072,1,PROV,PRCNCT,S,S_SV,"2021-01-21 12:30:02",673,660,13,0,173,160,13,0,700,527,166,7,0,5,4,1,52,26,13,54,1,1,0,0,5,4,0
14,CONSTANŢA,"ȘCOALA I-VIII MOVILIȚA",544,TOPRAISAR,63072,2,PART,PRCNCT,S,S_SV,"2021-01-21 12:30:02",965,933,31,1,291,259,31,1,1000,709,278,7,6,12,4,3,70,44,43,71,7,9,1,2,3,6,3
14,CONSTANŢA,"ȘCOALA I-IV POTÂRNICHEA",545,TOPRAISAR,63072,1,PROV,PRCNCT,S,S_SV,"2021-01-21 12:30:02",415,386,29,0,100,71,29,0,404,304,100,0,0,10,7,1,24,13,7,32,0,0,0,2,0,3,1
14,CONSTANŢA,"CĂMINUL CULTURAL TORTOMAN",546,TORTOMAN,63189,1,PROV,PRCNCT,S,S_SV,"2021-01-21 12:30:02",1472,1457,15,0,391,376,15,0,1600,1209,376,15,0,17,2,0,102,92,27,109,2,3,3,1,1,10,7
14,CONSTANŢA,"GRADINITA VECHE",547,TUZLA,60721,1,PROV,PRCNCT,S,S_SV,"2021-01-21 12:30:02",1217,1177,40,0,360,320,40,0,1300,940,353,6,1,15,15,1,90,88,56,59,2,1,5,2,12,5,2
14,CONSTANŢA,"ŞCOALA MICĂ TUZLA",548,TUZLA,60721,1,PROV,PRCNCT,S,S_SV,"2021-01-21 12:30:02",1774,1750,24,0,495,471,24,0,1900,1405,485,9,1,22,15,4,113,143,73,75,3,6,4,2,16,6,3
14,CONSTANŢA,"ŞCOALA MARE TUZLA",549,TUZLA,60721,1,PROV,PRCNCT,S,S_SV,"2021-01-21 12:30:02",1786,1756,30,0,547,517,30,0,1902,1355,535,11,1,27,37,0,125,109,73,121,3,5,6,0,20,5,4
14,CONSTANŢA,"GRĂDINIŢĂ NOUĂ",550,TUZLA,60721,1,PROV,PRCNCT,S,S_SV,"2021-01-21 12:30:02",1374,1355,19,0,375,356,19,0,1502,1127,372,3,0,23,23,1,78,88,56,71,3,5,1,0,17,3,3
14,CONSTANŢA,"SALA DE SPORT",551,"VALU LUI TRAIAN",63125,1,PROV,PRCNCT,S,S_SV,"2021-01-21 12:30:02",1734,1704,27,3,666,636,27,3,1900,1234,639,20,7,18,12,2,132,245,79,100,7,5,6,4,16,8,5
14,CONSTANŢA,"ŞCOALA GIMNAZIALĂ NR.1",552,"VALU LUI TRAIAN",63125,1,PROV,PRCNCT,S,S_SV,"2021-01-21 12:30:02",1676,1624,48,4,593,541,48,4,1800,1207,570,14,9,17,10,2,112,215,91,81,4,4,6,1,17,2,8
14,CONSTANŢA,"GRĂDINIŢA CU PROGRAM PRELUNGIT NR.3",553,"VALU LUI TRAIAN",63125,2,PART,PRCNCT,S,S_SV,"2021-01-21 12:30:02",2098,2022,71,5,812,736,71,5,2200,1388,795,14,3,32,13,0,88,299,171,143,6,3,9,1,17,10,3
14,CONSTANŢA,"PIAŢA AGROALIMENTARĂ-CENTRUL TRANSFRONTALIER DE AFACERI",554,"VALU LUI TRAIAN",63125,1,PROV,PRCNCT,S,S_SV,"2021-01-21 12:30:02",1396,1351,43,2,545,500,43,2,1500,955,536,9,0,17,34,2,96,199,81,69,8,3,2,1,14,6,4
14,CONSTANŢA,"CLĂDIRE VESTIARE TEREN FOTBAL (STADION)",555,"VALU LUI TRAIAN",63125,1,PROV,PRCNCT,S,S_SV,"2021-01-21 12:30:02",1723,1699,24,0,572,548,24,0,1900,1328,556,14,2,14,10,1,58,232,68,130,7,6,3,0,9,13,5
14,CONSTANŢA,"ŞCOALA GIMNAZIALĂ ”VICEAMIRAL IOAN MURGESCU”",556,"VALU LUI TRAIAN",63125,1,PROV,PRCNCT,S,S_SV,"2021-01-21 12:30:02",1800,1749,51,0,641,590,51,0,1900,1259,625,9,7,22,27,0,110,242,83,94,5,6,4,5,12,9,6
14,CONSTANŢA,"GRĂDINIŢA CU PROGRAM NORMAL NR.2",557,"VALU LUI TRAIAN",63125,1,PROV,PRCNCT,S,S_SV,"2021-01-21 12:30:02",1935,1700,51,184,827,592,51,184,1900,1073,798,17,12,21,24,1,237,245,103,113,3,6,6,3,21,7,8
14,CONSTANŢA,"CENTRU DE TINERET",558,"VALU LUI TRAIAN",63125,1,PROV,PRCNCT,S,S_SV,"2021-01-21 12:30:02",1563,1520,42,1,581,538,42,1,1700,1119,563,14,4,19,23,0,86,194,97,108,5,5,2,0,13,5,6
14,CONSTANŢA,"CAMIN CULTURAL VULTURU",559,VULTURU,63170,1,PROV,PRCNCT,S,S_SV,"2021-01-21 12:30:02",577,563,14,0,189,175,14,0,600,411,181,3,5,7,2,0,105,16,9,25,3,0,0,0,4,5,5
