precinct_county_nce,precinct_county_name,precinct_name,precinct_nr,uat_name,uat_siruta,report_version,report_stage_code,report_type_scope_code,report_type_category_code,report_type_code,created_at,a,a1,a2,a3,b,b1,b2,b3,c,d,e,f,g,"PARTIDUL SOCIAL DEMOCRAT-voturi","PARTIDUL PRO ROMÂNIA-voturi","ALIANȚA USR PLUS-voturi","UNIUNEA DEMOCRATĂ MAGHIARĂ DIN ROMÂNIA-voturi","PARTIDUL MIȘCAREA POPULARĂ-voturi","PARTIDUL NAȚIONAL LIBERAL-voturi","PARTIDUL ECOLOGIST ROMÂN-voturi","PARTIDUL ROMÂNIA MARE-voturi","ALIANȚA RENAȘTEREA NAȚIONALĂ-voturi","PARTIDUL RE:START ROMÂNIA-voturi","ALIANȚA PENTRU UNIREA ROMÂNILOR-voturi","PARTIDUL PUTERII UMANISTE (SOCIAL-LIBERAL)-voturi","PARTIDUL NOUA ROMÂNIE-voturi","PARTIDUL SOCIALIST ROMÂN-voturi"
22,HUNEDOARA,"CENTRUL CULTURAL DRĂGAN MUNTEAN",1,"MUNICIPIUL DEVA",86687,1,PROV,PRCNCT,S,S_SV,"2021-01-21 12:30:02",1766,1726,40,0,586,546,40,0,1900,1314,578,7,1,146,18,113,32,18,179,11,5,7,0,38,9,1,1
22,HUNEDOARA,"CENTRUL CULTURAL DRĂGAN MUNTEAN",2,"MUNICIPIUL DEVA",86687,2,PART,PRCNCT,S,S_SV,"2021-01-21 12:30:02",1204,1189,14,1,336,321,14,1,1300,964,329,5,0,99,6,52,10,13,83,10,3,5,0,40,7,0,1
22,HUNEDOARA,"CENTRUL CULTURAL DRĂGAN MUNTEAN",3,"MUNICIPIUL DEVA",86687,2,PART,PRCNCT,S,S_SV,"2021-01-21 12:30:02",1523,1506,17,0,411,394,17,0,1650,1239,408,2,1,110,18,76,13,19,115,6,3,4,0,33,7,2,2
22,HUNEDOARA,"ŞCOALA GIMNAZIALĂ ”ANDREI ŞAGUNA”",4,"MUNICIPIUL DEVA",86687,1,PROV,PRCNCT,S,S_SV,"2021-01-21 12:30:02",1381,1370,9,2,418,407,9,2,1500,1082,408,8,2,101,11,72,23,17,129,10,3,7,0,24,8,0,3
22,HUNEDOARA,"ŞCOALA GIMNAZIALĂ ”ANDREI ŞAGUNA”",5,"MUNICIPIUL DEVA",86687,1,PROV,PRCNCT,S,S_SV,"2021-01-21 12:30:02",1350,1341,9,0,400,391,9,0,1450,1050,397,3,0,112,16,87,13,12,95,6,2,6,1,40,4,1,2
22,HUNEDOARA,"ŞCOALA GIMNAZIALĂ ”ANDREI ŞAGUNA”",6,"MUNICIPIUL DEVA",86687,1,PROV,PRCNCT,S,S_SV,"2021-01-21 12:30:02",1300,1288,12,0,395,383,12,0,1400,1005,382,12,1,102,18,58,13,14,109,8,3,4,1,39,10,2,1
22,HUNEDOARA,"ŞCOALA GIMNAZIALĂ ”ANDREI ŞAGUNA”",7,"MUNICIPIUL DEVA",86687,2,PART,PRCNCT,S,S_SV,"2021-01-21 12:30:02",1458,1440,16,2,438,420,16,2,1550,1112,428,7,3,93,17,79,21,19,108,13,7,3,1,63,4,0,0
22,HUNEDOARA,"ŞCOALA GIMNAZIALĂ ”ANDREI ŞAGUNA”CORPUL DE CLĂDIRE A",8,"MUNICIPIUL DEVA",86687,1,PROV,PRCNCT,S,S_SV,"2021-01-21 12:30:02",1406,1386,17,3,407,387,17,3,1500,1093,397,8,2,104,5,61,34,14,96,6,2,11,0,57,3,1,3
22,HUNEDOARA,"GRĂDINIȚA CU PROGRAM PRELUNGIT NR 7",9,"MUNICIPIUL DEVA",86687,2,PART,PRCNCT,S,S_SV,"2021-01-21 12:30:02",1217,1194,19,4,424,401,19,4,1306,882,416,6,0,119,10,51,17,24,131,7,3,4,0,41,6,2,1
22,HUNEDOARA,"COLEGIUL NAŢIONAL PEDAGOGIC”REGINA MARIA”",10,"MUNICIPIUL DEVA",86687,1,PROV,PRCNCT,S,S_SV,"2021-01-21 12:30:02",1217,1205,12,0,416,404,12,0,1300,884,406,9,1,90,21,70,27,16,125,7,3,6,2,32,3,0,4
22,HUNEDOARA,"LICEUL DE ARTE SIGISMUND TODUTA (FOSTA ŞCOALA GENERALĂ ” LUCIAN BLAGA” NR.2)",11,"MUNICIPIUL DEVA",86687,1,PROV,PRCNCT,S,S_SV,"2021-01-21 12:30:02",1250,1223,26,1,386,359,26,1,1300,914,373,11,2,111,11,51,15,16,102,11,2,4,0,40,6,2,2
22,HUNEDOARA,"GALERIA FORMA",12,"MUNICIPIUL DEVA",86687,1,PROV,PRCNCT,S,S_SV,"2021-01-21 12:30:02",1334,1301,33,0,472,439,33,0,1400,928,463,8,1,148,19,71,12,15,124,6,2,7,0,47,8,1,3
22,HUNEDOARA,"COLEGIUL NAŢIONAL ”DECEBAL”",13,"MUNICIPIUL DEVA",86687,1,PROV,PRCNCT,S,S_SV,"2021-01-21 12:30:02",1170,1147,23,0,427,404,23,0,1250,823,421,6,0,117,19,72,14,17,129,7,0,1,1,31,9,1,3
22,HUNEDOARA,"COLEGIUL NAȚIONAL SPORTIV CETATE DEVA",14,"MUNICIPIUL DEVA",86687,1,PROV,PRCNCT,S,S_SV,"2021-01-21 12:30:02",1422,1395,26,1,554,527,26,1,1500,946,549,3,2,125,28,99,35,18,167,13,2,7,0,46,5,2,2
22,HUNEDOARA,"ŞCOALĂ PRIMARA VIILE NOI",15,"MUNICIPIUL DEVA",86687,1,PROV,PRCNCT,S,S_SV,"2021-01-21 12:30:02",880,866,14,0,259,245,14,0,950,691,254,4,1,82,6,27,4,11,70,4,2,13,0,31,3,1,0
22,HUNEDOARA,"LICEUL DE ARTE SIGISMUND TODUȚA (FOSTA ŞCOALA GENERALĂ ”LUCIAN BLAGA” NR.2)",16,"MUNICIPIUL DEVA",86687,1,PROV,PRCNCT,S,S_SV,"2021-01-21 12:30:02",1274,1258,16,0,403,387,16,0,1350,947,397,6,0,90,16,59,38,25,117,6,3,4,0,32,5,1,1
22,HUNEDOARA,"DIRECȚIA GENERALĂ DE ASISTENȚĂ SOCIALĂ ȘI PROTECȚIA COPILULUI",17,"MUNICIPIUL DEVA",86687,1,PROV,PRCNCT,S,S_SV,"2021-01-21 12:30:02",1122,1097,25,0,357,332,25,0,1200,843,352,4,1,112,7,61,12,17,90,5,2,5,0,30,8,1,2
22,HUNEDOARA,"DIRECŢIA SILVICĂ DEVA",18,"MUNICIPIUL DEVA",86687,1,PROV,PRCNCT,S,S_SV,"2021-01-21 12:30:02",1301,1281,20,0,399,379,20,0,1400,1001,396,2,1,117,15,53,19,11,96,11,5,0,0,54,12,2,1
22,HUNEDOARA,"SPAŢIUL ADMINISTRATIV AL PRIMĂRIEI MUNICIPIULUI DEVA",19,"MUNICIPIUL DEVA",86687,1,PROV,PRCNCT,S,S_SV,"2021-01-21 12:30:02",1408,1358,38,12,485,435,38,12,1450,965,482,2,1,155,23,90,12,22,136,5,1,0,0,28,5,1,4
22,HUNEDOARA,"SALA SPORTURILOR",20,"MUNICIPIUL DEVA",86687,1,PROV,PRCNCT,S,S_SV,"2021-01-21 12:30:02",1303,1276,27,0,418,391,27,0,1400,982,409,4,5,96,15,54,23,14,95,5,5,10,2,81,7,1,1
22,HUNEDOARA,"COLEGIUL TEHNIC ”TRANSILVANIA”",21,"MUNICIPIUL DEVA",86687,1,PROV,PRCNCT,S,S_SV,"2021-01-21 12:30:02",962,923,25,14,293,254,25,14,1000,707,291,0,2,77,17,47,16,13,77,5,1,9,0,25,3,0,1
22,HUNEDOARA,"COLEGIUL TEHNIC ”TRANSILVANIA”",22,"MUNICIPIUL DEVA",86687,1,PROV,PRCNCT,S,S_SV,"2021-01-21 12:30:02",1583,1553,17,13,426,397,17,12,1700,1274,415,10,1,113,19,74,16,12,95,6,5,8,0,60,6,0,1
22,HUNEDOARA,"COLEGIUL TEHNIC ”TRANSILVANIA”",23,"MUNICIPIUL DEVA",86687,1,PROV,PRCNCT,S,S_SV,"2021-01-21 12:30:02",794,774,10,10,235,215,10,10,850,615,234,1,0,52,5,54,11,7,62,7,12,0,0,19,4,0,1
22,HUNEDOARA,"LICEUL DE ARTE ”SIGISMUND TODUŢĂ”",24,"MUNICIPIUL DEVA",86687,1,PROV,PRCNCT,S,S_SV,"2021-01-21 12:30:02",1217,1187,30,0,424,394,30,0,1300,876,415,8,1,99,26,71,26,18,99,16,4,9,1,35,5,3,3
22,HUNEDOARA,"COLEGIUL TEHNIC ”TRANSILVANIA” (FOSTA ŞCOALĂ GENERALĂ)",25,"MUNICIPIUL DEVA",86687,1,PROV,PRCNCT,S,S_SV,"2021-01-21 12:30:02",1499,1474,25,0,463,438,25,0,1600,1137,457,4,2,119,17,73,25,8,117,7,4,15,3,63,5,1,0
22,HUNEDOARA,"COLEGIUL TEHNIC ”TRANSILVANIA” (FOSTA ŞCOALĂ GENERALĂ)",26,"MUNICIPIUL DEVA",86687,1,PROV,PRCNCT,S,S_SV,"2021-01-21 12:30:02",1353,1327,26,0,396,370,26,0,1450,1054,391,4,1,99,11,45,21,14,99,10,4,2,0,75,6,2,3
22,HUNEDOARA,"COLEGIUL TEHNIC ”TRANSILVANIA” (FOSTA ŞCOALĂ GENERALĂ)",27,"MUNICIPIUL DEVA",86687,1,PROV,PRCNCT,S,S_SV,"2021-01-21 12:30:02",1669,1651,18,0,436,418,18,0,1800,1364,427,9,0,104,23,47,28,17,99,9,2,15,0,70,7,1,5
22,HUNEDOARA,"COLEGIUL TEHNIC” TRANSILVANIA”",28,"MUNICIPIUL DEVA",86687,1,PROV,PRCNCT,S,S_SV,"2021-01-21 12:30:02",1498,1477,10,11,416,395,10,11,1600,1184,409,5,2,124,13,76,16,15,98,12,4,7,0,29,12,1,2
22,HUNEDOARA,"CLUB ŞCOLAR SPORTIV",29,"MUNICIPIUL DEVA",86687,1,PROV,PRCNCT,S,S_SV,"2021-01-21 12:30:02",1392,1371,21,0,474,453,21,0,1500,1026,466,8,0,102,19,89,22,18,147,14,4,15,0,31,3,0,2
22,HUNEDOARA,"CASA MAGHIARĂ DEVA ( FOSTA CASA ARMATEI)",30,"MUNICIPIUL DEVA",86687,1,PROV,PRCNCT,S,S_SV,"2021-01-21 12:30:02",1149,1104,23,22,410,365,23,22,1200,790,399,8,3,87,8,67,76,8,95,5,0,9,0,38,4,0,2
22,HUNEDOARA,"CASA MAGHIARĂ DEVA (FOSTA CASA ARMATEI)",31,"MUNICIPIUL DEVA",86687,1,PROV,PRCNCT,S,S_SV,"2021-01-21 12:30:02",1217,1178,15,24,472,433,15,24,1300,828,464,7,1,141,21,76,27,13,115,7,2,20,0,35,6,1,0
22,HUNEDOARA,"COLEGIUL TEHNIC ENERGETIC DRAGOMIR HURMUZESCU (FOSTA ŞCOALĂ GENERALĂ ”OCTAVIAN GOGA”)",32,"MUNICIPIUL DEVA",86687,1,PROV,PRCNCT,S,S_SV,"2021-01-21 12:30:02",1451,1436,15,0,330,315,15,0,1550,1220,316,9,5,72,6,41,7,14,60,7,3,12,0,91,1,1,1
22,HUNEDOARA,"COLEGIUL TEHNIC ENERGETIC DRAGOMIR HURMUZESCU (FOSTA ŞCOALĂ GENERALĂ ”OCTAVIAN GOGA”)",33,"MUNICIPIUL DEVA",86687,1,PROV,PRCNCT,S,S_SV,"2021-01-21 12:30:02",1826,1813,13,0,441,428,13,0,1950,1509,432,8,1,84,12,61,17,17,94,6,5,10,0,117,3,1,5
22,HUNEDOARA,"COLEGIUL TEHNIC ENERGETIC DRAGOMIR HURMUZESCU (FOSTA ŞCOALĂ GENERALĂ ”OCTAVIAN GOGA”)",34,"MUNICIPIUL DEVA",86687,1,PROV,PRCNCT,S,S_SV,"2021-01-21 12:30:02",1442,1426,15,1,318,302,15,1,1550,1232,314,3,1,78,7,47,8,2,60,8,4,8,0,87,4,0,1
22,HUNEDOARA,"GRADINIŢA P.N. NR.3",35,"MUNICIPIUL DEVA",86687,2,PART,PRCNCT,S,S_SV,"2021-01-21 12:30:02",1531,1521,8,2,382,372,8,2,1650,1268,374,7,1,82,12,58,10,8,74,6,2,16,0,98,3,4,1
22,HUNEDOARA,"GRADINIŢA P.N. NR.3",36,"MUNICIPIUL DEVA",86687,2,PART,PRCNCT,S,S_SV,"2021-01-21 12:30:02",1554,1543,9,2,417,406,9,2,1700,1283,410,6,1,122,12,59,17,14,89,5,2,4,0,76,6,1,3
22,HUNEDOARA,"LICEUL DE ARTE SIGISMUND TODUŢĂ",37,"MUNICIPIUL DEVA",86687,1,PROV,PRCNCT,S,S_SV,"2021-01-21 12:30:02",1470,1446,24,0,418,394,24,0,1550,1132,412,6,0,117,10,83,21,14,97,10,2,2,1,50,3,1,1
22,HUNEDOARA,"LICEUL TEHNOLOGIC ”GRIGORE MOISIL”(FOSTUL LICEU MINIER)",38,"MUNICIPIUL DEVA",86687,1,PROV,PRCNCT,S,S_SV,"2021-01-21 12:30:02",882,853,29,0,266,237,29,0,900,634,260,2,4,54,7,40,20,9,79,8,1,1,0,37,3,1,0
22,HUNEDOARA,"COLEGIUL TEHNIC ENERGETIC DRAGOMIR HURMUZESCU (FOSTA ȘCOALĂ GENERALĂ. NR.5)",39,"MUNICIPIUL DEVA",86687,1,PROV,PRCNCT,S,S_SV,"2021-01-21 12:30:02",1226,1210,16,0,333,317,16,0,1300,967,324,8,1,94,9,49,8,3,78,7,8,10,0,44,8,3,3
22,HUNEDOARA,"COLEGIUL TEHNIC ENERGETIC DRAGOMIR HURMUZESCU (FOSTA ȘCOALĂ GENERALĂ. NR.5)",40,"MUNICIPIUL DEVA",86687,1,PROV,PRCNCT,S,S_SV,"2021-01-21 12:30:02",960,940,20,0,281,261,20,0,1000,719,274,7,0,69,11,41,14,7,68,4,9,5,0,39,5,0,2
22,HUNEDOARA,"COLEGIUL TEHNIC ENERGETIC DRAGOMIR HURMUZESCU (FOSTA ȘCOALĂ GENERALĂ. NR.5)",41,"MUNICIPIUL DEVA",86687,1,PROV,PRCNCT,S,S_SV,"2021-01-21 12:30:02",945,921,24,0,282,258,24,0,1000,718,279,3,0,82,8,46,14,6,53,8,1,5,1,54,0,0,1
22,HUNEDOARA,"ȘCOALA PRIMARĂ CRISTUR",42,"MUNICIPIUL DEVA",86687,1,PROV,PRCNCT,S,S_SV,"2021-01-21 12:30:02",1449,1399,17,33,435,385,17,33,1500,1065,426,5,4,121,10,25,112,10,85,4,4,2,1,43,7,1,1
22,HUNEDOARA,"CĂMINUL CULTURAL SÎNTUHALM",43,"MUNICIPIUL DEVA",86687,1,PROV,PRCNCT,S,S_SV,"2021-01-21 12:30:02",672,629,13,30,227,184,13,30,700,473,220,5,2,74,7,32,15,7,40,4,2,3,0,30,4,0,2
22,HUNEDOARA,"ŞCOALĂ PRIMARĂ VIILE NOI",44,"MUNICIPIUL DEVA",86687,1,PROV,PRCNCT,S,S_SV,"2021-01-21 12:30:02",837,826,10,1,255,244,10,1,900,645,252,2,1,81,9,33,4,10,66,3,2,5,0,37,0,1,1
22,HUNEDOARA,"ADĂPOSTUL DE URGENŢĂ PE TIMP DE NOAPTE",45,"MUNICIPIUL DEVA",86687,1,PROV,PRCNCT,S,S_SV,"2021-01-21 12:30:02",795,776,19,0,249,230,19,0,900,651,239,9,1,71,4,20,4,10,55,6,3,6,0,47,9,1,3
22,HUNEDOARA,"CANTINA DE AJUTOR SOCIAL (FOSTA CANTINA LICEU MINER)",46,"MUNICIPIUL DEVA",86687,1,PROV,PRCNCT,S,S_SV,"2021-01-21 12:30:02",1042,1022,20,0,324,304,20,0,1100,776,320,4,0,72,8,49,18,11,97,4,3,5,0,50,1,1,1
22,HUNEDOARA,"CASA DE CULTURA",47,"MUNICIPIUL BRAD",87291,2,PART,PRCNCT,S,S_SV,"2021-01-21 12:30:02",881,860,21,0,281,260,21,0,900,619,276,4,1,105,9,47,4,5,76,9,1,1,0,15,4,0,0
22,HUNEDOARA,"CASA DE CULTURA",48,"MUNICIPIUL BRAD",87291,1,PROV,PRCNCT,S,S_SV,"2021-01-21 12:30:02",962,939,14,9,319,296,14,9,1000,681,316,3,0,144,15,32,5,7,62,9,0,1,0,33,6,1,1
22,HUNEDOARA,"ŞCOALA GIMNAZIALA „MIRCEA SÂNTIMBREANU”",49,"MUNICIPIUL BRAD",87291,1,PROV,PRCNCT,S,S_SV,"2021-01-21 12:30:02",1560,1542,18,0,477,459,18,0,1700,1223,470,7,0,173,13,62,6,6,116,17,3,1,0,60,7,0,6
22,HUNEDOARA,"ŞCOALA GIMNAZIALĂ „MIRCEA SÂNTIMBREANU”",50,"MUNICIPIUL BRAD",87291,1,PROV,PRCNCT,S,S_SV,"2021-01-21 12:30:02",1265,1246,19,0,345,326,19,0,1351,1006,332,10,3,134,16,32,4,8,81,13,0,0,0,41,1,1,1
22,HUNEDOARA,"ŞCOALA GIMNAZIALĂ „MIRCEA SÂNTIMBREANU”",51,"MUNICIPIUL BRAD",87291,1,PROV,PRCNCT,S,S_SV,"2021-01-21 12:30:02",1262,1249,13,0,331,318,13,0,1342,1011,322,5,4,151,9,24,2,7,58,10,0,0,0,55,6,0,0
22,HUNEDOARA,"ŞCOALA GIMNAZIALĂ „MIRCEA SÂNTIMBREANU”",52,"MUNICIPIUL BRAD",87291,1,PROV,PRCNCT,S,S_SV,"2021-01-21 12:30:02",1296,1277,13,6,379,360,13,6,1400,1021,372,7,0,186,14,30,1,6,58,9,1,0,0,62,3,1,1
22,HUNEDOARA,"LICEUL TEORETIC „AVRAM IANCU” BRAD",53,"MUNICIPIUL BRAD",87291,1,PROV,PRCNCT,S,S_SV,"2021-01-21 12:30:02",1015,1002,13,0,281,268,13,0,1100,819,278,2,1,127,6,29,4,1,46,18,1,0,0,39,2,4,1
22,HUNEDOARA,"LICEUL TEORETIC „AVRAM IANCU” BRAD",54,"MUNICIPIUL BRAD",87291,1,PROV,PRCNCT,S,S_SV,"2021-01-21 12:30:02",1037,1020,17,0,317,300,17,0,1100,783,312,4,1,113,12,33,3,9,57,21,1,0,5,56,2,0,0
22,HUNEDOARA,"GRĂDINIŢA P.P. ”FLOARE DE COLŢ”",55,"MUNICIPIUL BRAD",87291,1,PROV,PRCNCT,S,S_SV,"2021-01-21 12:30:02",1126,1081,22,23,339,297,22,20,1150,811,330,8,1,126,9,35,4,9,90,9,2,1,0,33,5,4,3
22,HUNEDOARA,"ŞCOALA GIMNAZIALĂ „HOREA CLOŞCA ŞI CRIŞAN”",56,"MUNICIPIUL BRAD",87291,1,PROV,PRCNCT,S,S_SV,"2021-01-21 12:30:02",1095,1071,23,1,344,320,23,1,1100,756,334,6,4,143,14,36,1,6,73,10,4,0,0,42,4,0,1
22,HUNEDOARA,"ŞCOALA GENERALĂ VALEA BRADULUI",57,"MUNICIPIUL BRAD",87291,2,PART,PRCNCT,S,S_SV,"2021-01-21 12:30:02",627,614,13,0,193,180,13,0,650,457,189,3,1,94,7,13,2,3,34,7,1,0,0,23,3,0,2
22,HUNEDOARA,"ȘCOALA GENERALĂ ŢĂRĂŢEL",58,"MUNICIPIUL BRAD",87291,1,PROV,PRCNCT,S,S_SV,"2021-01-21 12:30:02",598,583,14,1,190,175,14,1,600,410,189,1,0,63,7,22,2,4,54,6,1,0,1,22,5,0,2
22,HUNEDOARA,"CĂMINUL CULTURAL MESTEACĂN",59,"MUNICIPIUL BRAD",87291,1,PROV,PRCNCT,S,S_SV,"2021-01-21 12:30:02",453,438,15,0,164,149,15,0,450,286,163,1,0,86,5,10,1,2,27,8,1,0,0,17,5,1,0
22,HUNEDOARA,"CĂMINUL CULTURAL RUDA-BRAD",60,"MUNICIPIUL BRAD",87291,1,PROV,PRCNCT,S,S_SV,"2021-01-21 12:30:02",171,159,12,0,46,34,12,0,200,154,45,1,0,14,1,3,2,2,9,2,0,0,0,12,0,0,0
22,HUNEDOARA,"ȘCOALA GIMNAZIALĂ NR. 1 ( FOSTA ȘCOALĂ GENERALĂ NR. 12)",61,"MUNICIPIUL HUNEDOARA",86810,1,PROV,PRCNCT,S,S_SV,"2021-01-21 12:30:02",1510,1497,13,0,313,300,13,0,1650,1337,301,11,1,132,5,26,1,24,39,2,1,2,0,64,5,0,0
22,HUNEDOARA,"ȘCOALA GIMNAZIALĂ NR. 1 ( FOSTA ȘCOALĂ GENERALĂ NR. 12)",62,"MUNICIPIUL HUNEDOARA",86810,1,PROV,PRCNCT,S,S_SV,"2021-01-21 12:30:02",1482,1469,13,0,246,233,13,0,1600,1354,236,9,1,98,8,18,6,12,26,3,1,1,0,61,2,0,0
22,HUNEDOARA,"ȘCOALA GIMNAZIALĂ NR. 1 ( FOSTA ȘCOALĂ GENERALĂ NR. 12)",63,"MUNICIPIUL HUNEDOARA",86810,1,PROV,PRCNCT,S,S_SV,"2021-01-21 12:30:02",1447,1431,15,1,262,246,15,1,1550,1288,258,3,1,94,6,12,1,18,46,3,3,3,0,66,1,0,5
22,HUNEDOARA,"ŞCOALA GIMNAZIALĂ NR. 1 (FOSTA ȘCOALĂ GENERALĂ NR. 9)",64,"MUNICIPIUL HUNEDOARA",86810,1,PROV,PRCNCT,S,S_SV,"2021-01-21 12:30:02",1431,1415,16,0,293,277,16,0,1550,1257,287,4,2,117,12,35,5,10,52,9,3,4,0,38,1,1,0
22,HUNEDOARA,"ŞCOALA GIMNAZIALĂ NR. 1 (FOSTA ŞCOALĂ GENERALĂ NR. 9)",65,"MUNICIPIUL HUNEDOARA",86810,1,PROV,PRCNCT,S,S_SV,"2021-01-21 12:30:02",1510,1500,10,0,322,312,10,0,1650,1328,307,13,2,134,9,29,3,4,43,3,3,4,0,64,4,1,6
22,HUNEDOARA,"ŞCOALA GIMNAZIALĂ NR. 1 (FOSTA ŞCOALĂ GENERALĂ NR. 9)",66,"MUNICIPIUL HUNEDOARA",86810,1,PROV,PRCNCT,S,S_SV,"2021-01-21 12:30:02",1503,1492,11,0,262,251,11,0,1600,1338,255,5,2,115,5,16,5,9,41,5,2,0,0,54,2,1,0
22,HUNEDOARA,"ŞCOALA GIMNAZIALĂ NR. 1 (FOSTA ŞCOALĂ GENERALĂ NR. 9)",67,"MUNICIPIUL HUNEDOARA",86810,1,PROV,PRCNCT,S,S_SV,"2021-01-21 12:30:02",1430,1420,10,0,351,341,10,0,1550,1199,339,10,2,146,7,38,12,5,49,9,3,6,0,55,6,2,1
22,HUNEDOARA,"ŞCOALA GIMNAZIALĂ NR. 1 (FOSTA ŞCOALĂ GENERALĂ NR. 9)",68,"MUNICIPIUL HUNEDOARA",86810,1,PROV,PRCNCT,S,S_SV,"2021-01-21 12:30:02",1297,1289,8,0,346,338,8,0,1400,1054,335,10,1,130,13,50,4,15,51,11,2,6,0,41,6,2,4
22,HUNEDOARA,"GRĂDINIŢA CU PROGRAM NORMAL MICRO VII PN6",69,"MUNICIPIUL HUNEDOARA",86810,1,PROV,PRCNCT,S,S_SV,"2021-01-21 12:30:02",1242,1230,12,0,261,249,12,0,1350,1089,251,3,7,117,6,19,3,11,39,2,7,2,0,38,2,1,4
22,HUNEDOARA,"COLEGIUL ECONOMIC ”EMANUIL GOJDU” (FOSTUL LICEU NR. 2)",70,"MUNICIPIUL HUNEDOARA",86810,1,PROV,PRCNCT,S,S_SV,"2021-01-21 12:30:02",1245,1233,12,0,378,366,12,0,1350,972,371,4,3,141,12,57,16,16,80,4,4,6,0,25,8,1,1
22,HUNEDOARA,"LICEUL TEHNOLOGIC ”CONSTANTIN BURSAN” (FOSTUL LICEU NR. 3)",71,"MUNICIPIUL HUNEDOARA",86810,1,PROV,PRCNCT,S,S_SV,"2021-01-21 12:30:02",1292,1277,15,0,331,316,15,0,1400,1069,323,7,1,112,20,47,12,15,80,8,3,1,0,23,1,1,0
22,HUNEDOARA,"COLEGIUL NAŢIONAL DE INFORMATICĂ ”TRAIAN LALESCU” (CLĂDIREA NOUĂ)",72,"MUNICIPIUL HUNEDOARA",86810,1,PROV,PRCNCT,S,S_SV,"2021-01-21 12:30:02",1382,1370,12,0,450,438,12,0,1500,1050,443,6,1,134,14,94,16,27,107,15,1,2,1,21,10,0,1
22,HUNEDOARA,"COLEGIUL NAŢIONAL DE INFORMATICĂ ”TRAIAN LALESCU” ( FOSTA ŞCOALĂ GENERALĂ NR. 4)",73,"MUNICIPIUL HUNEDOARA",86810,1,PROV,PRCNCT,S,S_SV,"2021-01-21 12:30:02",1161,1145,15,1,406,390,15,1,1200,794,398,6,2,144,5,87,16,25,65,8,1,15,0,26,5,1,0
22,HUNEDOARA,"COLEGIUL NAŢIONAL DE INFORMATICĂ ”TRAIAN LALESCU” ( FOSTA ŞCOALĂ GENERALĂ NR. 4)",74,"MUNICIPIUL HUNEDOARA",86810,1,PROV,PRCNCT,S,S_SV,"2021-01-21 12:30:02",1332,1261,12,59,384,313,12,59,1350,966,376,6,2,155,13,37,21,18,76,10,3,3,0,28,7,2,3
22,HUNEDOARA,"COLEGIUL NAȚIONAL ”IANCU DE HUNEDOARA” (FOSTA ȘCOALĂ GENERALĂ NR. 5)",75,"MUNICIPIUL HUNEDOARA",86810,1,PROV,PRCNCT,S,S_SV,"2021-01-21 12:30:02",1521,1472,18,31,390,345,18,27,1600,1210,371,14,5,154,16,49,6,20,66,8,5,2,1,33,4,5,2
22,HUNEDOARA,"COLEGIUL NAȚIONAL ”IANCU DE HUNEDOARA” (FOSTA ȘCOALĂ GENERALĂ NR. 5)",76,"MUNICIPIUL HUNEDOARA",86810,1,PROV,PRCNCT,S,S_SV,"2021-01-21 12:30:02",1152,1136,16,0,279,263,16,0,1200,921,273,3,3,82,12,35,17,20,68,5,0,5,0,23,2,3,1
22,HUNEDOARA,"COLEGIUL NAȚIONAL ”IANCU DE HUNEDOARA” (FOSTA ȘCOALĂ GENERALĂ NR. 5)",77,"MUNICIPIUL HUNEDOARA",86810,1,PROV,PRCNCT,S,S_SV,"2021-01-21 12:30:02",1196,1188,8,0,360,352,8,0,1300,940,357,3,0,125,17,51,31,15,61,9,4,9,1,27,3,3,1
22,HUNEDOARA,"ŞCOALA PRIMARĂ HĂŞDAT",78,"MUNICIPIUL HUNEDOARA",86810,1,PROV,PRCNCT,S,S_SV,"2021-01-21 12:30:02",389,378,11,0,121,110,11,0,450,329,120,0,1,25,5,11,12,4,31,2,0,3,0,22,3,2,0
22,HUNEDOARA,"ŞCOALA GIMNAZIALĂ NR.6 (FOSTA ȘCOALĂ GENERALĂ NR. 6)",79,"MUNICIPIUL HUNEDOARA",86810,1,PROV,PRCNCT,S,S_SV,"2021-01-21 12:30:02",1496,1480,15,1,421,405,15,1,1600,1179,414,7,0,167,14,54,20,16,95,8,5,2,0,26,2,3,2
22,HUNEDOARA,"ŞCOALA GIMNAZIALĂ NR.6 (FOSTA ȘCOALĂ GENERALĂ NR. 6)",80,"MUNICIPIUL HUNEDOARA",86810,1,PROV,PRCNCT,S,S_SV,"2021-01-21 12:30:02",1574,1557,17,0,405,388,17,0,1700,1295,399,6,0,146,14,54,14,8,81,7,3,9,2,53,6,1,1
22,HUNEDOARA,"COLEGIUL TEHNIC ”MATEI CORVIN” (FOSTUL LICEU NR. 1)",81,"MUNICIPIUL HUNEDOARA",86810,1,PROV,PRCNCT,S,S_SV,"2021-01-21 12:30:02",1086,1070,16,0,313,297,16,0,1150,837,309,4,0,138,11,38,11,9,52,8,5,1,0,27,7,0,2
22,HUNEDOARA,"GRĂDINIŢA CU PROGRAM NORMAL NR.4 MICRO I (LÂNGĂ FOSTA ŞCOALĂ GENERALĂ NR. 3)",82,"MUNICIPIUL HUNEDOARA",86810,2,PART,PRCNCT,S,S_SV,"2021-01-21 12:30:02",1524,1502,16,6,427,405,16,6,1650,1223,420,4,3,156,11,57,11,31,85,8,4,3,2,41,4,2,5
22,HUNEDOARA,"GRĂDINIŢA CU PROGRAM PRELUNGIT ”PITICOT”",83,"MUNICIPIUL HUNEDOARA",86810,1,PROV,PRCNCT,S,S_SV,"2021-01-21 12:30:02",864,856,8,0,244,236,8,0,950,706,240,2,2,105,13,25,9,5,51,6,2,0,0,20,4,0,0
22,HUNEDOARA,"GRĂDINIŢA CU PROGRAM PRELUNGIT ”PITICOT”",84,"MUNICIPIUL HUNEDOARA",86810,1,PROV,PRCNCT,S,S_SV,"2021-01-21 12:30:02",1169,1157,12,0,299,287,12,0,1250,951,294,4,1,107,11,35,7,11,67,5,4,1,0,40,3,2,1
22,HUNEDOARA,"COLEGIUL ECONOMIC ”EMANUIL GOJDU” (FOSTA ŞCOALĂ GENERALĂ NR. 3)",85,"MUNICIPIUL HUNEDOARA",86810,1,PROV,PRCNCT,S,S_SV,"2021-01-21 12:30:02",1365,1350,15,0,409,394,15,0,1450,1041,405,4,0,156,9,73,14,17,84,10,1,9,0,25,5,1,1
22,HUNEDOARA,"COLEGIUL ECONOMIC ”EMANUIL GOJDU” (FOSTA ŞCOALĂ GENERALĂ NR. 3)",86,"MUNICIPIUL HUNEDOARA",86810,1,PROV,PRCNCT,S,S_SV,"2021-01-21 12:30:02",1369,1354,15,0,469,454,15,0,1450,981,464,5,0,178,11,68,13,18,131,12,2,5,0,23,2,0,1
22,HUNEDOARA,"ŞCOALA GIMNAZIALĂ NR. 7 (FOSTA ȘCOALĂ GENERALĂ NR. 7)",87,"MUNICIPIUL HUNEDOARA",86810,1,PROV,PRCNCT,S,S_SV,"2021-01-21 12:30:02",1157,1148,9,0,326,317,9,0,1250,924,316,10,0,126,10,33,14,13,61,9,5,4,0,32,6,2,1
22,HUNEDOARA,"ŞCOALA GIMNAZIALĂ NR. 7 (FOSTA ȘCOALĂ GENERALĂ NR. 7)",88,"MUNICIPIUL HUNEDOARA",86810,1,PROV,PRCNCT,S,S_SV,"2021-01-21 12:30:02",1212,1196,16,0,361,345,16,0,1300,939,358,1,2,128,8,48,7,16,83,9,8,13,0,30,2,3,3
22,HUNEDOARA,"ŞCOALA GIMNAZIALĂ NR. 7 (FOSTA ȘCOALĂ GENERALĂ NR. 7)",89,"MUNICIPIUL HUNEDOARA",86810,1,PROV,PRCNCT,S,S_SV,"2021-01-21 12:30:02",1202,1189,13,0,355,342,13,0,1300,945,350,2,3,134,10,54,8,28,53,8,9,5,0,35,4,1,1
22,HUNEDOARA,"GRĂDINIȚA CU PROGRAM PRELUNGIT „FLOAREA SOARELUI” HUNEDOARA",90,"MUNICIPIUL HUNEDOARA",86810,1,PROV,PRCNCT,S,S_SV,"2021-01-21 12:30:02",1181,1169,12,0,329,317,12,0,1250,921,325,4,0,139,17,53,5,13,48,6,7,3,0,30,2,1,1
22,HUNEDOARA,"GRĂDINIȚA CU PROGRAM PRELUNGIT „FLOAREA SOARELUI” HUNEDOARA",91,"MUNICIPIUL HUNEDOARA",86810,1,PROV,PRCNCT,S,S_SV,"2021-01-21 12:30:02",1021,1012,9,0,237,228,9,0,1100,863,235,2,0,87,11,26,10,13,44,8,8,2,1,19,2,2,2
22,HUNEDOARA,"GRĂDINIȚA CU PROGRAM PRELUNGIT „FLOAREA SOARELUI” HUNEDOARA",92,"MUNICIPIUL HUNEDOARA",86810,2,PART,PRCNCT,S,S_SV,"2021-01-21 12:30:02",1136,1130,6,0,255,249,6,0,1030,775,252,3,0,108,15,25,7,14,41,9,2,2,0,27,2,0,0
22,HUNEDOARA,"GRĂDINIŢA CU ORAR NORMAL MICRO III PN 2 ”ZORI DE ZI”",93,"MUNICIPIUL HUNEDOARA",86810,1,PROV,PRCNCT,S,S_SV,"2021-01-21 12:30:02",1330,1312,18,0,371,353,18,0,1450,1079,357,9,5,131,21,42,14,17,71,8,7,5,0,32,1,6,2
22,HUNEDOARA,"ŞCOALA GIMNAZIALĂ NR. 2 (FOSTA ŞCOALĂ GENERALĂ NR. 2)",94,"MUNICIPIUL HUNEDOARA",86810,2,PART,PRCNCT,S,S_SV,"2021-01-21 12:30:02",1509,1499,8,2,424,414,8,2,1650,1226,417,5,2,198,17,40,16,30,59,4,6,7,0,33,3,1,3
22,HUNEDOARA,"ŞCOALA GIMNAZIALĂ NR. 2 (FOSTA ŞCOALĂ GENERALĂ NR. 2)",95,"MUNICIPIUL HUNEDOARA",86810,2,PART,PRCNCT,S,S_SV,"2021-01-21 12:30:02",1520,1507,12,1,483,470,12,1,1650,1167,468,12,3,188,11,69,7,16,91,11,1,14,2,54,3,1,0
22,HUNEDOARA,"ŞCOALA GIMNAZIALĂ NR. 2 (FOSTA ŞCOALĂ GENERALĂ NR. 2)",96,"MUNICIPIUL HUNEDOARA",86810,1,PROV,PRCNCT,S,S_SV,"2021-01-21 12:30:02",1305,1298,7,0,364,357,7,0,1400,1036,355,7,2,133,12,52,7,15,65,6,19,2,0,33,4,5,2
22,HUNEDOARA,"ŞCOALA GIMNAZIALĂ NR. 2 (FOSTA ŞCOALĂ GENERALĂ NR. 2)",97,"MUNICIPIUL HUNEDOARA",86810,1,PROV,PRCNCT,S,S_SV,"2021-01-21 12:30:02",1527,1518,9,0,366,357,9,0,1650,1284,360,5,1,147,8,47,19,17,46,7,7,4,0,50,6,2,0
22,HUNEDOARA,"CENTRUL ŞCOLAR PENTRU EDUCAŢIE INCLUZIVĂ ”RUDOLF STEINER” (FOSTUL CENTRU DE ZI)",98,"MUNICIPIUL HUNEDOARA",86810,1,PROV,PRCNCT,S,S_SV,"2021-01-21 12:30:02",1181,1172,9,0,231,222,9,0,1250,1019,227,1,3,110,11,22,4,7,35,2,7,2,1,20,3,2,1
22,HUNEDOARA,"CENTRUL ŞCOLAR PENTRU EDUCAŢIE INCLUZIVĂ ”RUDOLF STEINER” (FOSTUL CENTRU DE ZI)",99,"MUNICIPIUL HUNEDOARA",86810,1,PROV,PRCNCT,S,S_SV,"2021-01-21 12:30:02",1172,1153,19,0,273,254,19,0,1250,977,262,10,1,85,10,39,6,10,57,7,4,2,1,34,4,3,0
22,HUNEDOARA,"ȘCOALA GIMNAZIALĂ NR. 2 (FOSTA ȘCOALĂ GENERALĂ NR. 11)",100,"MUNICIPIUL HUNEDOARA",86810,1,PROV,PRCNCT,S,S_SV,"2021-01-21 12:30:02",1323,1312,10,1,353,342,10,1,1400,1047,348,3,2,146,19,45,7,23,66,2,2,7,1,24,1,2,3
22,HUNEDOARA,"ȘCOALA GIMNAZIALĂ NR. 2 (FOSTA ȘCOALĂ GENERALĂ NR. 11)",101,"MUNICIPIUL HUNEDOARA",86810,1,PROV,PRCNCT,S,S_SV,"2021-01-21 12:30:02",1475,1461,14,0,382,368,14,0,1600,1218,377,1,4,159,13,57,9,11,75,8,5,4,0,34,0,0,2
22,HUNEDOARA,"ȘCOALA GIMNAZIALĂ NR. 2 (FOSTA ȘCOALĂ GENERALĂ NR. 11)",102,"MUNICIPIUL HUNEDOARA",86810,1,PROV,PRCNCT,S,S_SV,"2021-01-21 12:30:02",1213,1204,9,0,291,282,9,0,1300,1009,283,5,3,129,3,35,4,7,46,5,3,1,0,46,1,0,3
22,HUNEDOARA,"ȘCOALA GIMNAZIALĂ NR. 2 (FOSTA ȘCOALĂ GENERALĂ NR. 11)",103,"MUNICIPIUL HUNEDOARA",86810,1,PROV,PRCNCT,S,S_SV,"2021-01-21 12:30:02",1317,1309,8,0,377,369,8,0,1400,1023,370,7,0,137,11,74,27,10,61,3,2,3,0,36,5,1,0
22,HUNEDOARA,"CĂMIN CULTURAL BUITURI",104,"MUNICIPIUL HUNEDOARA",86810,1,PROV,PRCNCT,S,S_SV,"2021-01-21 12:30:02",686,673,13,0,235,222,13,0,750,515,226,9,0,73,14,37,3,9,48,4,4,11,0,21,0,1,1
22,HUNEDOARA,"SEDIUL PRIMĂRIEI MUNICIPIULUI HUNEDOARA (FOSTA B.R.D.)",105,"MUNICIPIUL HUNEDOARA",86810,1,PROV,PRCNCT,S,S_SV,"2021-01-21 12:30:02",1639,1616,21,2,503,480,21,2,1750,1247,497,6,0,199,9,73,29,27,86,11,6,9,1,40,4,1,2
22,HUNEDOARA,"ŞCOALA PRIMARĂ RĂCĂŞTIA",106,"MUNICIPIUL HUNEDOARA",86810,1,PROV,PRCNCT,S,S_SV,"2021-01-21 12:30:02",546,535,11,0,145,134,11,0,600,455,142,2,1,35,10,18,23,9,18,3,1,3,0,21,0,0,1
22,HUNEDOARA,"COLEGIUL NAȚIONAL ”IANCU DE HUNEDOARA” (FOSTA ȘCOALĂ GENERALĂ ZLAȘTI)",107,"MUNICIPIUL HUNEDOARA",86810,1,PROV,PRCNCT,S,S_SV,"2021-01-21 12:30:02",446,436,10,0,148,138,10,0,500,352,147,0,1,56,3,26,5,13,27,1,0,2,0,11,1,1,1
22,HUNEDOARA,"CĂMIN CULTURAL BOŞ (GRĂDINIŢA)",108,"MUNICIPIUL HUNEDOARA",86810,1,PROV,PRCNCT,S,S_SV,"2021-01-21 12:30:02",505,496,9,0,155,146,9,0,550,395,149,6,0,40,4,28,4,2,48,2,2,0,0,14,1,1,3
22,HUNEDOARA,"ŞCOALA PRIMARĂ PEŞTIŞUL MARE",109,"MUNICIPIUL HUNEDOARA",86810,1,PROV,PRCNCT,S,S_SV,"2021-01-21 12:30:02",1017,1007,10,0,332,322,10,0,1100,768,325,4,3,127,9,25,12,22,68,3,3,7,2,38,2,5,2
22,HUNEDOARA,"ŞCOALA GIMNAZIALĂ NR. 1, LUPENI",110,"MUNICIPIUL LUPENI",87059,1,PROV,PRCNCT,S,S_SV,"2021-01-21 12:30:02",1564,1555,9,0,489,480,9,0,1700,1211,470,16,3,346,7,14,10,4,35,6,4,0,1,33,5,3,2
22,HUNEDOARA,"ŞCOALA GIMNAZIALĂ NR. 1",111,"MUNICIPIUL LUPENI",87059,1,PROV,PRCNCT,S,S_SV,"2021-01-21 12:30:02",1347,1323,7,17,390,366,7,17,1450,1060,382,7,1,239,13,29,12,10,45,3,3,0,0,22,0,5,1
22,HUNEDOARA,"ŞCOALA GIMNAZIALĂ NR. 1",112,"MUNICIPIUL LUPENI",87059,1,PROV,PRCNCT,S,S_SV,"2021-01-21 12:30:02",1099,1092,7,0,324,317,7,0,1200,876,318,5,1,204,6,28,15,2,25,2,1,0,0,31,2,1,1
22,HUNEDOARA,"GRĂDINIȚA CU PROGRAM NORMAL ŞCOALA GIMNAZIALĂ NR. 1",113,"MUNICIPIUL LUPENI",87059,1,PROV,PRCNCT,S,S_SV,"2021-01-21 12:30:02",829,821,8,0,233,225,8,0,900,667,226,4,3,155,5,8,7,1,21,2,1,2,0,19,5,0,0
22,HUNEDOARA,"SPCLEP LUPENI",114,"MUNICIPIUL LUPENI",87059,1,PROV,PRCNCT,S,S_SV,"2021-01-21 12:30:02",1695,1672,19,4,516,493,19,4,1800,1284,505,8,3,307,12,45,15,9,47,9,5,6,0,43,2,1,4
22,HUNEDOARA,"ŞCOALA GIMNAZIALĂ NR. 3",115,"MUNICIPIUL LUPENI",87059,1,PROV,PRCNCT,S,S_SV,"2021-01-21 12:30:02",1023,1010,13,0,324,311,13,0,1100,776,318,5,1,214,7,29,15,3,28,5,0,1,0,11,0,1,4
22,HUNEDOARA,"ŞCOALA GIMNAZIALĂ NR. 3",116,"MUNICIPIUL LUPENI",87059,1,PROV,PRCNCT,S,S_SV,"2021-01-21 12:30:02",982,971,11,0,270,259,11,0,1050,780,265,4,1,175,8,17,10,4,18,2,2,2,0,20,4,2,1
22,HUNEDOARA,"GRĂDINIŢA CU PROGRAM NORMAL NR. 1 LUPENI",117,"MUNICIPIUL LUPENI",87059,1,PROV,PRCNCT,S,S_SV,"2021-01-21 12:30:02",1265,1249,16,0,343,327,16,0,1350,1007,333,10,0,228,4,22,11,2,27,4,4,5,0,26,0,0,0
22,HUNEDOARA,"GRĂDINIŢA CU PROGRAM NORMAL NR. 1 LUPENI",118,"MUNICIPIUL LUPENI",87059,1,PROV,PRCNCT,S,S_SV,"2021-01-21 12:30:02",1586,1574,12,0,428,416,12,0,1700,1272,418,9,1,300,14,17,4,6,24,6,0,0,0,35,6,3,3
22,HUNEDOARA,"GRĂDINIȚA CU PROGRAM SĂPTĂMÂNAL LUMEA COPIILOR",119,"MUNICIPIUL LUPENI",87059,1,PROV,PRCNCT,S,S_SV,"2021-01-21 12:30:02",1585,1573,12,0,482,470,12,0,1700,1218,470,7,5,326,15,26,13,8,42,5,0,2,1,28,2,1,1
22,HUNEDOARA,"LICEUL TEORETIC ”MIRCEA ELIADE” LUPENI",120,"MUNICIPIUL LUPENI",87059,1,PROV,PRCNCT,S,S_SV,"2021-01-21 12:30:02",1401,1385,12,4,367,351,12,4,1500,1133,358,5,4,260,6,13,1,5,37,2,0,4,0,25,1,0,4
22,HUNEDOARA,"LICEUL TEORETIC ”MIRCEA ELIADE” LUPENI",121,"MUNICIPIUL LUPENI",87059,1,PROV,PRCNCT,S,S_SV,"2021-01-21 12:30:02",938,923,15,0,240,225,15,0,1000,760,233,6,1,143,1,11,5,1,25,0,0,0,0,45,0,1,1
22,HUNEDOARA,"ŞCOALA GIMNAZIALĂ NR. 2 LUPENI",122,"MUNICIPIUL LUPENI",87059,1,PROV,PRCNCT,S,S_SV,"2021-01-21 12:30:02",1300,1289,11,0,355,344,11,0,1400,1045,347,6,2,248,7,18,7,3,32,4,0,2,1,21,1,0,3
22,HUNEDOARA,"ŞCOALA GIMNAZIALĂ NR. 2 LUPENI",123,"MUNICIPIUL LUPENI",87059,1,PROV,PRCNCT,S,S_SV,"2021-01-21 12:30:02",1064,1055,9,0,352,343,9,0,1150,798,346,5,1,234,6,10,11,8,46,2,0,2,0,23,1,1,2
22,HUNEDOARA,"GRĂDINIŢA CU PROGRAM NORMAL NR. 2 LUPENI",124,"MUNICIPIUL LUPENI",87059,1,PROV,PRCNCT,S,S_SV,"2021-01-21 12:30:02",960,954,6,0,264,258,6,0,1000,736,259,4,1,157,2,25,7,2,36,0,0,3,0,24,1,0,2
22,HUNEDOARA,"GRĂDINIŢA CU PROGRAM NORMAL NR. 2 LUPENI",125,"MUNICIPIUL LUPENI",87059,1,PROV,PRCNCT,S,S_SV,"2021-01-21 12:30:02",953,941,9,3,279,267,9,3,1000,721,274,3,2,183,10,15,3,4,20,0,2,0,0,33,3,0,1
22,HUNEDOARA,"GRĂDINIŢA CU PROGRAM NORMAL NR. 2 LUPENI",126,"MUNICIPIUL LUPENI",87059,1,PROV,PRCNCT,S,S_SV,"2021-01-21 12:30:02",1265,1255,10,0,333,323,10,0,1350,1017,331,2,0,230,4,18,5,7,25,0,2,4,0,31,2,1,2
22,HUNEDOARA,"SC UNIVERSAL EDIL SA",127,"MUNICIPIUL LUPENI",87059,1,PROV,PRCNCT,S,S_SV,"2021-01-21 12:30:02",803,792,11,0,226,215,11,0,850,624,223,3,0,132,6,14,3,4,34,1,2,0,0,23,0,0,4
22,HUNEDOARA,"CASA DE CULTURĂ",128,"MUNICIPIUL ORĂŞTIE",87638,1,PROV,PRCNCT,S,S_SV,"2021-01-21 12:30:02",1613,1579,34,0,520,486,34,0,1700,1180,516,2,2,173,19,108,7,16,127,5,2,4,1,44,6,3,1
22,HUNEDOARA,"SALA DE SPORT A ŞCOLII GIMNAZIALE ” DOMINIC STANCA ”",129,"MUNICIPIUL ORĂŞTIE",87638,1,PROV,PRCNCT,S,S_SV,"2021-01-21 12:30:02",1574,1556,18,0,394,376,18,0,1700,1306,384,10,0,117,14,65,3,12,116,8,2,3,1,36,6,0,1
22,HUNEDOARA,"GRĂDINIŢA CU PROGRAM NORMAL ”SCUFIŢA ROŞIE”",130,"MUNICIPIUL ORĂŞTIE",87638,1,PROV,PRCNCT,S,S_SV,"2021-01-21 12:30:02",1444,1393,37,14,385,347,24,14,1500,1115,377,4,4,111,16,51,5,12,104,3,2,1,0,61,5,2,4
22,HUNEDOARA,"ŞC. GIM. ”D.STANCA”",131,"MUNICIPIUL ORĂŞTIE",87638,1,PROV,PRCNCT,S,S_SV,"2021-01-21 12:30:02",1493,1464,29,0,370,341,29,0,1600,1230,359,8,3,95,14,58,2,11,93,9,3,2,0,65,4,1,2
22,HUNEDOARA,"COMPLEX SERVICII PENTRU VÂRSTNICI",132,"MUNICIPIUL ORĂŞTIE",87638,1,PROV,PRCNCT,S,S_SV,"2021-01-21 12:30:02",1644,1601,21,22,433,390,21,22,1750,1317,428,3,2,147,13,66,3,8,116,7,4,3,0,53,5,0,3
22,HUNEDOARA,"ŞC.GIM. ”DR. AUREL VLAD”",133,"MUNICIPIUL ORĂŞTIE",87638,1,PROV,PRCNCT,S,S_SV,"2021-01-21 12:30:02",1521,1497,24,0,448,424,24,0,1650,1202,438,7,3,137,11,98,7,10,98,6,2,2,3,49,10,3,2
22,HUNEDOARA,"ŞC.GIM. I-IV GARĂ",134,"MUNICIPIUL ORĂŞTIE",87638,1,PROV,PRCNCT,S,S_SV,"2021-01-21 12:30:02",1481,1463,18,0,379,361,18,0,1600,1221,367,4,8,110,8,58,1,7,86,6,1,3,0,70,12,0,5
22,HUNEDOARA,"OFICIUL DE GOSPODĂRIRE A APELOR",135,"MUNICIPIUL ORĂŞTIE",87638,2,PART,PRCNCT,S,S_SV,"2021-01-21 12:30:02",1729,1714,10,5,531,516,10,5,1850,1319,518,8,5,164,17,74,2,16,158,8,3,6,0,58,6,2,4
22,HUNEDOARA,"LIC.TEHNOLOGIC ”N.OLAHUS”",136,"MUNICIPIUL ORĂŞTIE",87638,1,PROV,PRCNCT,S,S_SV,"2021-01-21 12:30:02",1396,1372,24,0,368,344,24,0,1500,1132,360,6,2,127,7,50,8,14,98,5,1,5,1,38,4,1,1
22,HUNEDOARA,"COLEGIUL NAŢIONAL ”AUREL VLAICU”",137,"MUNICIPIUL ORĂŞTIE",87638,2,PART,PRCNCT,S,S_SV,"2021-01-21 12:30:02",1356,1321,33,2,430,395,33,2,1450,1020,415,15,0,120,7,35,4,12,174,4,1,0,1,52,2,0,3
22,HUNEDOARA,"PRIMĂRIA MUNICIPIULUI ORĂŞTIE",138,"MUNICIPIUL ORĂŞTIE",87638,1,PROV,PRCNCT,S,S_SV,"2021-01-21 12:30:02",1404,1383,21,0,427,406,21,0,1500,1073,423,4,0,136,14,83,3,10,125,10,0,3,0,30,2,2,5
22,HUNEDOARA,"SERVICIUL PUBLIC DE ASISTENŢĂ SOCIALĂ",139,"MUNICIPIUL ORĂŞTIE",87638,2,PART,PRCNCT,S,S_SV,"2021-01-21 12:30:02",1721,1699,22,0,437,415,22,0,1850,1413,434,2,1,120,20,85,1,11,125,9,2,7,0,47,7,0,0
22,HUNEDOARA,"ȘCOALA GIMNAZIALĂ ”I. G. DUCA” (ȘCOALA GENERALĂ NR.1) SEDIUL VECHI",140,"MUNICIPIUL PETROŞANI",86990,2,PART,PRCNCT,S,S_SV,"2021-01-21 12:30:02",1665,1649,15,1,517,501,15,1,1800,1283,506,10,1,167,40,83,27,8,106,12,5,17,0,32,7,1,1
22,HUNEDOARA,"ȘCOALA GIMNAZIALĂ I.G.DUCA (ȘCOALA GENERALĂ NR. 1 - SEDIUL VECHI)",141,"MUNICIPIUL PETROŞANI",86990,1,PROV,PRCNCT,S,S_SV,"2021-01-21 12:30:02",1517,1494,23,0,476,453,23,0,1600,1124,466,8,2,195,29,80,11,6,97,7,3,4,0,25,2,2,5
22,HUNEDOARA,"ȘCOALA GIMNAZIALĂ I.G. DUCA (ȘCOALA GENERALĂ NR. 1 - SEDIUL NOU)",142,"MUNICIPIUL PETROŞANI",86990,1,PROV,PRCNCT,S,S_SV,"2021-01-21 12:30:02",1363,1350,13,0,425,412,13,0,1450,1025,419,5,1,180,19,52,9,11,98,5,2,1,0,30,9,1,2
22,HUNEDOARA,"AMFITEATRUL UNIVERSITĂȚII",143,"MUNICIPIUL PETROŞANI",86990,1,PROV,PRCNCT,S,S_SV,"2021-01-21 12:30:02",1387,1372,15,0,388,373,15,0,1500,1112,380,8,0,140,13,59,13,11,89,3,1,4,1,40,6,0,0
22,HUNEDOARA,"CLUB SPORTIV ȘCOLAR",144,"MUNICIPIUL PETROŞANI",86990,1,PROV,PRCNCT,S,S_SV,"2021-01-21 12:30:02",1010,988,19,3,294,272,19,3,1050,756,292,1,1,120,16,42,7,9,59,10,1,0,2,25,0,1,0
22,HUNEDOARA,"ȘCOALA GIMNAZIALĂ AVRAM STANCA (ȘCOALA GENERALĂ NR.4)",145,"MUNICIPIUL PETROŞANI",86990,1,PROV,PRCNCT,S,S_SV,"2021-01-21 12:30:02",1051,1040,11,0,326,315,11,0,1100,774,318,7,1,125,19,42,14,6,66,8,1,5,1,29,1,1,0
22,HUNEDOARA,"ȘCOALA GIMNAZIALĂ AVRAM STANCA (ȘCOALA GENERALĂ NR.4)",146,"MUNICIPIUL PETROŞANI",86990,1,PROV,PRCNCT,S,S_SV,"2021-01-21 12:30:02",1695,1669,25,1,545,519,25,1,1800,1255,540,5,0,197,34,97,12,11,115,5,5,10,0,37,4,0,13
22,HUNEDOARA,"COLEGIUL NAȚIONAL ”MIHAI EMINESCU” (LICEUL TEORETIC)",147,"MUNICIPIUL PETROŞANI",86990,1,PROV,PRCNCT,S,S_SV,"2021-01-21 12:30:02",1764,1752,12,0,443,431,12,0,1900,1457,429,11,3,184,34,45,13,13,72,6,11,6,0,35,4,2,4
22,HUNEDOARA,"GRĂDINIȚA NR.3 CU PROGRAM PRELUNGIT",148,"MUNICIPIUL PETROŞANI",86990,1,PROV,PRCNCT,S,S_SV,"2021-01-21 12:30:02",920,904,16,0,281,265,16,0,1000,719,277,4,0,117,23,37,8,3,51,11,1,7,0,17,1,0,1
22,HUNEDOARA,"COLEGIUL NAȚIONAL DE INFORMATICĂ CARMEN SYLVA (LICEUL DE INFORMATICĂ)",149,"MUNICIPIUL PETROŞANI",86990,1,PROV,PRCNCT,S,S_SV,"2021-01-21 12:30:02",1393,1377,16,0,427,411,16,0,1500,1073,419,8,0,159,29,63,6,7,78,10,6,14,2,38,4,0,3
22,HUNEDOARA,"COLEGIUL ECONOMIC ”HERMES ”",150,"MUNICIPIUL PETROŞANI",86990,1,PROV,PRCNCT,S,S_SV,"2021-01-21 12:30:02",1535,1498,15,22,399,366,15,18,1650,1251,395,3,1,154,23,56,11,13,75,5,1,9,1,43,1,2,1
22,HUNEDOARA,"COLEGIUL NAȚIONAL DE INFORMATICĂ ”CARMEN SYLVA” (GRĂDINIȚA CU PROGRAM NORMAL NR.5)",151,"MUNICIPIUL PETROŞANI",86990,1,PROV,PRCNCT,S,S_SV,"2021-01-21 12:30:02",1484,1473,11,0,372,361,11,0,1600,1228,369,3,0,164,25,54,17,10,52,4,2,3,0,33,3,0,2
22,HUNEDOARA,"COLEGIUL NAȚIONAL DE INFORMATICĂ ”CARMEN SYLVA” (GRĂDINIȚA CU PROGRAM NORMAL NR.5)",152,"MUNICIPIUL PETROŞANI",86990,1,PROV,PRCNCT,S,S_SV,"2021-01-21 12:30:02",1459,1445,13,1,374,360,13,1,1550,1176,367,6,1,155,25,45,12,9,60,13,3,2,0,37,3,2,1
22,HUNEDOARA,"ȘCOALA GIMNAZIALĂ CARMEN SYLVA (ȘCOALA GENERALĂ NR.6)",153,"MUNICIPIUL PETROŞANI",86990,1,PROV,PRCNCT,S,S_SV,"2021-01-21 12:30:02",1677,1663,13,1,475,461,13,1,1800,1325,467,7,1,193,29,68,33,13,67,9,3,4,1,39,4,0,4
22,HUNEDOARA,"ȘCOALA GIMNAZIALĂ CARMEN SYLVA (ȘCOALA GENERALĂ NR.6)",154,"MUNICIPIUL PETROŞANI",86990,1,PROV,PRCNCT,S,S_SV,"2021-01-21 12:30:02",1619,1603,16,0,337,321,16,0,1750,1413,332,3,2,150,21,32,3,9,55,5,7,2,0,43,2,1,2
22,HUNEDOARA,"GRĂDINIȚA CU PROGRAM PRELUNGIT AEROPORT",155,"MUNICIPIUL PETROŞANI",86990,1,PROV,PRCNCT,S,S_SV,"2021-01-21 12:30:02",888,878,10,0,208,198,10,0,950,742,207,1,0,87,12,23,3,4,32,5,1,8,0,26,3,0,3
22,HUNEDOARA,"BIBLIOTECA MUNICIPALĂ PETROȘANI",156,"MUNICIPIUL PETROŞANI",86990,1,PROV,PRCNCT,S,S_SV,"2021-01-21 12:30:02",1495,1484,11,0,392,381,11,0,1600,1208,379,13,0,163,28,39,11,6,50,7,6,13,1,51,1,3,0
22,HUNEDOARA,"BIBLIOTECA MUNICIPALĂ PETROȘANI",157,"MUNICIPIUL PETROŞANI",86990,1,PROV,PRCNCT,S,S_SV,"2021-01-21 12:30:02",1735,1723,12,0,383,371,12,0,1850,1467,373,7,3,178,19,42,5,3,36,13,6,7,1,53,2,1,7
22,HUNEDOARA,"ȘCOALA GIMNAZIALĂ NR.7",158,"MUNICIPIUL PETROŞANI",86990,1,PROV,PRCNCT,S,S_SV,"2021-01-21 12:30:02",1689,1678,11,0,433,422,11,0,1800,1367,422,11,0,211,24,41,5,7,43,7,4,5,1,64,5,4,1
22,HUNEDOARA,"ȘCOALA GIMNAZIALĂ NR.7",159,"MUNICIPIUL PETROŞANI",86990,1,PROV,PRCNCT,S,S_SV,"2021-01-21 12:30:02",1804,1790,14,0,439,425,14,0,1950,1511,420,16,3,181,20,23,6,4,68,4,5,2,0,92,4,6,5
22,HUNEDOARA,"S.C. GENERAL TRANS S.A.",160,"MUNICIPIUL PETROŞANI",86990,2,PART,PRCNCT,S,S_SV,"2021-01-21 12:30:02",657,643,14,0,161,147,14,0,750,589,151,6,4,52,11,6,3,6,29,2,8,5,0,25,4,0,0
22,HUNEDOARA,"CASA PENSIONARILOR",161,"MUNICIPIUL PETROŞANI",86990,1,PROV,PRCNCT,S,S_SV,"2021-01-21 12:30:02",1480,1467,11,2,354,341,11,2,1599,1245,347,6,1,114,27,27,11,10,58,6,5,4,0,75,2,5,3
22,HUNEDOARA,"CASA PENSIONARILOR",162,"MUNICIPIUL PETROŞANI",86990,1,PROV,PRCNCT,S,S_SV,"2021-01-21 12:30:02",1047,1036,11,0,287,276,11,0,1100,813,281,6,0,104,12,13,5,2,35,6,2,0,0,97,4,1,0
22,HUNEDOARA,"ȘCOALA GIMNAZIALĂ NR. 2",163,"MUNICIPIUL PETROŞANI",86990,1,PROV,PRCNCT,S,S_SV,"2021-01-21 12:30:02",1207,1195,12,0,253,241,12,0,1300,1047,248,4,1,120,19,20,1,9,26,5,0,14,0,29,1,3,1
22,HUNEDOARA,"SEDIUL S.C. TERMOFICARE",164,"MUNICIPIUL PETROŞANI",86990,1,PROV,PRCNCT,S,S_SV,"2021-01-21 12:30:02",1114,1095,19,0,275,256,19,0,1200,925,271,4,0,93,20,23,6,4,24,4,3,10,2,78,3,0,1
22,HUNEDOARA,"COLEGIUL NAŢIONAL ”MIHAI EMINESCU” (ŞCOALA GIMNAZIALĂ DÂLJA MARE)",165,"MUNICIPIUL PETROŞANI",86990,2,PART,PRCNCT,S,S_SV,"2021-01-21 12:30:02",180,169,11,0,80,69,11,0,200,120,79,1,0,52,5,7,1,1,4,2,1,0,0,6,0,0,0
22,HUNEDOARA,"GRĂDINIȚA PN+PP NR. 1",166,"MUNICIPIUL VULCAN",87175,1,PROV,PRCNCT,S,S_SV,"2021-01-21 12:30:02",1182,1171,11,0,319,308,11,0,1250,931,316,3,0,172,21,48,4,10,31,2,0,2,0,21,3,0,2
22,HUNEDOARA,"ȘCOALĂ GIMNAZIALĂ NR. 4",167,"MUNICIPIUL VULCAN",87175,1,PROV,PRCNCT,S,S_SV,"2021-01-21 12:30:02",1025,1016,9,0,286,277,9,0,1100,814,280,3,3,142,28,37,9,10,26,2,1,1,0,20,3,0,1
22,HUNEDOARA,"ȘCOALA GIMNAZIALĂ NR. 4",168,"MUNICIPIUL VULCAN",87175,1,PROV,PRCNCT,S,S_SV,"2021-01-21 12:30:02",1088,1076,12,0,300,288,12,0,1150,850,295,3,2,173,19,24,8,8,16,7,4,2,1,28,1,2,2
22,HUNEDOARA,"CANTINA DE AJUTOR SOCIAL",169,"MUNICIPIUL VULCAN",87175,1,PROV,PRCNCT,S,S_SV,"2021-01-21 12:30:02",1367,1359,8,0,331,323,8,0,1450,1119,324,6,1,143,52,28,10,6,31,3,5,0,0,43,0,1,2
22,HUNEDOARA,"LICEUL TEHNOLOGIC ”MIHAI VITEAZU” VULCAN",170,"MUNICIPIUL VULCAN",87175,1,PROV,PRCNCT,S,S_SV,"2021-01-21 12:30:02",1068,1057,11,0,261,250,11,0,1150,889,258,3,0,132,31,36,5,5,26,0,1,2,0,18,1,0,1
22,HUNEDOARA,"LICEUL TEHNOLOGIC ”MIHAI VITEAZU” VULCAN",171,"MUNICIPIUL VULCAN",87175,1,PROV,PRCNCT,S,S_SV,"2021-01-21 12:30:02",1058,1048,10,0,303,293,10,0,1150,847,299,4,0,172,25,37,5,2,20,5,2,0,0,24,6,0,1
22,HUNEDOARA,"ȘCOALA GIMNAZIALĂ NR. 5",172,"MUNICIPIUL VULCAN",87175,1,PROV,PRCNCT,S,S_SV,"2021-01-21 12:30:02",1342,1330,10,2,362,350,10,2,1450,1088,357,4,1,185,35,50,14,9,25,5,3,3,0,23,1,4,0
22,HUNEDOARA,"ȘCOALA GIMNAZIALĂ NR. 5",173,"MUNICIPIUL VULCAN",87175,1,PROV,PRCNCT,S,S_SV,"2021-01-21 12:30:02",1461,1457,4,0,378,374,4,0,1600,1222,367,9,2,192,41,41,9,3,36,3,8,0,0,27,2,3,2
22,HUNEDOARA,"STADIONUL CENTRAL",174,"MUNICIPIUL VULCAN",87175,1,PROV,PRCNCT,S,S_SV,"2021-01-21 12:30:02",1251,1240,11,0,316,305,11,0,1350,1034,308,8,0,153,39,34,8,4,38,6,4,0,0,18,2,0,2
22,HUNEDOARA,"SALA DE SPORT",175,"MUNICIPIUL VULCAN",87175,1,PROV,PRCNCT,S,S_SV,"2021-01-21 12:30:02",1466,1457,9,0,368,359,9,0,1600,1232,364,4,0,196,22,60,4,4,25,4,2,2,1,39,2,2,1
22,HUNEDOARA,"ȘCOALA GIMNAZIALĂ NR. 6",176,"MUNICIPIUL VULCAN",87175,1,PROV,PRCNCT,S,S_SV,"2021-01-21 12:30:02",1238,1227,11,0,230,219,11,0,1350,1120,218,12,0,90,35,13,2,0,16,4,2,0,0,46,4,4,2
22,HUNEDOARA,"ȘCOALA GIMNAZIALĂ NR. 6",177,"MUNICIPIUL VULCAN",87175,1,PROV,PRCNCT,S,S_SV,"2021-01-21 12:30:02",1347,1340,7,0,259,252,7,0,1450,1191,250,6,3,124,21,25,3,8,20,3,6,1,0,35,2,1,1
22,HUNEDOARA,"ȘCOALA GIMNAZIALĂ NR. 6,",178,"MUNICIPIUL VULCAN",87175,1,PROV,PRCNCT,S,S_SV,"2021-01-21 12:30:02",1440,1430,10,0,302,292,10,0,1550,1248,289,12,1,159,27,25,3,5,17,2,3,0,0,44,3,0,1
22,HUNEDOARA,"GRĂDINIȚA CU PROGRAM NORMAL DIN CADRUL ȘCOLII GIMNAZIALE NR. 6",179,"MUNICIPIUL VULCAN",87175,1,PROV,PRCNCT,S,S_SV,"2021-01-21 12:30:02",1300,1290,10,0,255,245,10,0,1400,1145,247,6,2,99,21,21,4,8,20,0,6,0,0,62,2,1,3
22,HUNEDOARA,"ȘCOALA GIMNAZIALĂ TEODORA LUCACIU",180,"MUNICIPIUL VULCAN",87175,1,PROV,PRCNCT,S,S_SV,"2021-01-21 12:30:02",1199,1188,11,0,273,262,11,0,1300,1027,266,6,1,144,28,28,2,2,18,3,3,1,0,27,6,1,3
22,HUNEDOARA,"ȘCOALA GIMNAZIALĂ TEODORA LUCACIU",181,"MUNICIPIUL VULCAN",87175,1,PROV,PRCNCT,S,S_SV,"2021-01-21 12:30:02",941,932,6,3,253,244,6,3,1000,747,251,0,2,138,24,26,10,5,16,2,4,3,0,21,1,1,0
22,HUNEDOARA,"CLUBUL COPIILOR ȘI ELEVILOR",182,"MUNICIPIUL VULCAN",87175,1,PROV,PRCNCT,S,S_SV,"2021-01-21 12:30:02",1000,989,11,0,290,279,11,0,1050,760,286,4,0,131,38,31,4,3,36,3,2,4,0,30,2,0,2
22,HUNEDOARA,"ȘCOALA NR. 2",183,"MUNICIPIUL VULCAN",87175,1,PROV,PRCNCT,S,S_SV,"2021-01-21 12:30:02",835,827,8,0,170,162,8,0,900,730,165,4,1,90,19,7,0,6,12,0,2,0,0,26,3,0,0
22,HUNEDOARA,"ȘCOALA GIMNAZIALĂ NR. 3",184,"MUNICIPIUL VULCAN",87175,1,PROV,PRCNCT,S,S_SV,"2021-01-21 12:30:02",1383,1378,5,0,429,424,5,0,1500,1071,421,8,0,177,53,52,8,10,62,3,2,4,0,42,3,3,2
22,HUNEDOARA,"SCOALA GIMNAZIALA ”SF. VARVARA” ANINOASA",185,"ORAŞ ANINOASA",87219,2,PART,PRCNCT,S,S_SV,"2021-01-21 12:30:02",1538,1518,19,1,415,395,19,1,1650,1235,406,8,1,269,13,10,3,8,57,1,8,0,0,31,1,2,3
22,HUNEDOARA,"STADIONUL ”MINERUL ANINOASA”",186,"ORAŞ ANINOASA",87219,2,PART,PRCNCT,S,S_SV,"2021-01-21 12:30:02",881,867,10,4,261,247,10,4,950,689,256,5,0,148,5,8,3,9,37,1,1,0,0,44,0,0,0
22,HUNEDOARA,"SCOALA GIMNAZIALA ISCRONI",187,"ORAŞ ANINOASA",87219,2,PART,PRCNCT,S,S_SV,"2021-01-21 12:30:02",1338,1309,29,0,364,335,29,0,1400,1036,355,7,2,173,28,29,4,9,42,1,3,0,0,62,1,0,3
22,HUNEDOARA,"CONSILIUL LOCAL CĂLAN",188,"ORAŞ CĂLAN",87424,1,PROV,PRCNCT,S,S_SV,"2021-01-21 12:30:02",1061,1037,15,9,322,298,15,9,1100,778,312,9,1,109,15,34,2,15,81,4,5,15,0,29,0,2,1
22,HUNEDOARA,"ŞCOALA GIMNAZIALĂ",189,"ORAŞ CĂLAN",87424,1,PROV,PRCNCT,S,S_SV,"2021-01-21 12:30:02",1121,1105,16,0,269,253,16,0,1200,931,259,9,1,90,16,15,4,8,82,1,2,2,3,35,0,1,0
22,HUNEDOARA,"ŞCOALA GIMNAZIALĂ",190,"ORAŞ CĂLAN",87424,1,PROV,PRCNCT,S,S_SV,"2021-01-21 12:30:02",1477,1442,24,11,338,303,24,11,1550,1212,328,6,4,88,17,27,9,12,98,3,2,8,2,52,5,3,2
22,HUNEDOARA,"LICEU TEHNOLOGIC OVID DENSUŞIANU",191,"ORAŞ CĂLAN",87424,1,PROV,PRCNCT,S,S_SV,"2021-01-21 12:30:02",1514,1496,14,4,370,352,14,4,1600,1230,362,8,0,131,19,36,5,18,80,6,4,7,0,53,2,1,0
22,HUNEDOARA,"CENTRUL DE SĂNĂTATE MULTIFUNCŢIONAL",192,"ORAŞ CĂLAN",87424,1,PROV,PRCNCT,S,S_SV,"2021-01-21 12:30:02",1461,1447,11,3,424,410,11,3,1550,1126,423,1,0,133,21,54,7,16,117,2,6,11,2,45,6,2,1
22,HUNEDOARA,"CASA CĂSĂTORIILOR",193,"ORAŞ CĂLAN",87424,1,PROV,PRCNCT,S,S_SV,"2021-01-21 12:30:02",1382,1371,11,0,337,326,11,0,1500,1163,330,7,0,120,15,39,4,19,90,2,7,4,0,25,4,1,0
22,HUNEDOARA,"CĂMINUL CULTURAL",194,"ORAŞ CĂLAN",87424,1,PROV,PRCNCT,S,S_SV,"2021-01-21 12:30:02",277,257,20,0,121,101,20,0,300,179,118,1,2,22,2,10,1,3,59,1,1,7,0,9,2,1,0
22,HUNEDOARA,"CĂMINUL CULTURAL",195,"ORAŞ CĂLAN",87424,1,PROV,PRCNCT,S,S_SV,"2021-01-21 12:30:02",231,222,9,0,95,86,9,0,250,155,95,0,0,35,5,6,1,5,37,1,0,0,0,3,2,0,0
22,HUNEDOARA,"CĂMINUL CULTURAL",196,"ORAŞ CĂLAN",87424,1,PROV,PRCNCT,S,S_SV,"2021-01-21 12:30:02",324,312,12,0,100,88,12,0,350,250,97,3,0,24,10,14,1,3,28,0,2,0,0,15,0,0,0
22,HUNEDOARA,"CĂMINUL CULTURAL",197,"ORAŞ CĂLAN",87424,1,PROV,PRCNCT,S,S_SV,"2021-01-21 12:30:02",173,158,12,3,71,56,12,3,200,129,67,4,0,14,7,3,1,7,20,0,0,1,0,13,1,0,0
22,HUNEDOARA,"CĂMINUL CULTURAL",198,"ORAŞ CĂLAN",87424,1,PROV,PRCNCT,S,S_SV,"2021-01-21 12:30:02",263,248,15,0,100,85,15,0,300,200,100,0,0,37,6,3,2,3,27,2,0,2,0,18,0,0,0
22,HUNEDOARA,"ŞCOALA PRIMARĂ",199,"ORAŞ CĂLAN",87424,1,PROV,PRCNCT,S,S_SV,"2021-01-21 12:30:02",499,488,11,0,111,100,11,0,500,389,108,1,2,30,8,13,3,1,26,2,1,3,1,15,2,0,3
22,HUNEDOARA,"ŞCOALA PRIMARĂ",200,"ORAŞ CĂLAN",87424,1,PROV,PRCNCT,S,S_SV,"2021-01-21 12:30:02",220,202,18,0,109,91,18,0,250,141,105,2,2,29,13,1,1,5,48,1,0,0,0,5,1,1,0
22,HUNEDOARA,"ŞCOALA PRIMARĂ SÎNCRAI",201,"ORAŞ CĂLAN",87424,1,PROV,PRCNCT,S,S_SV,"2021-01-21 12:30:02",262,254,8,0,69,61,8,0,300,231,67,2,0,29,6,3,1,3,18,3,0,0,0,4,0,0,0
22,HUNEDOARA,"CĂMINUL CULTURAL SÂNTĂMĂRIA DE PIATRĂ",202,"ORAŞ CĂLAN",87424,1,PROV,PRCNCT,S,S_SV,"2021-01-21 12:30:02",133,118,15,0,52,37,15,0,150,98,50,2,0,14,8,4,1,5,16,0,0,1,0,1,0,0,0
22,HUNEDOARA,"CĂMINUL CULTURAL STREISÎNGEORGIU",203,"ORAŞ CĂLAN",87424,1,PROV,PRCNCT,S,S_SV,"2021-01-21 12:30:02",642,624,12,6,232,214,12,6,650,418,229,2,1,54,11,25,16,9,82,0,0,1,0,30,1,0,0
22,HUNEDOARA,"SEDIUL PRIMARIEI GEOAGIU",204,"ORAŞ GEOAGIU",89561,1,PROV,PRCNCT,S,S_SV,"2021-01-21 12:30:02",1279,1215,43,21,467,422,24,21,1300,833,454,11,2,208,12,49,2,12,123,3,5,1,0,31,7,0,1
22,HUNEDOARA,"GRĂDINIŢA CU PROGRAM NORMAL NR.1 GEOAGIU,",205,"ORAŞ GEOAGIU",89561,1,PROV,PRCNCT,S,S_SV,"2021-01-21 12:30:02",1237,1208,25,4,471,442,25,4,1300,829,469,2,0,291,4,29,2,6,91,0,1,0,1,31,8,0,5
22,HUNEDOARA,"CĂMINUL CULTURAL AUREL VLAICU",206,"ORAŞ GEOAGIU",89561,1,PROV,PRCNCT,S,S_SV,"2021-01-21 12:30:02",806,768,38,0,301,263,38,0,800,499,297,1,3,82,9,34,3,4,116,0,0,1,0,44,0,1,3
22,HUNEDOARA,"CĂMINUL CULTURAL BOZES",207,"ORAŞ GEOAGIU",89561,1,PROV,PRCNCT,S,S_SV,"2021-01-21 12:30:02",201,178,23,0,104,81,23,0,200,96,100,2,2,37,6,13,0,3,28,0,0,0,0,10,3,0,0
22,HUNEDOARA,"ŞCOALA PRIMARĂ CIGMAU",208,"ORAŞ GEOAGIU",89561,1,PROV,PRCNCT,S,S_SV,"2021-01-21 12:30:02",93,79,14,0,32,18,14,0,100,68,32,0,0,20,1,4,0,1,6,0,0,0,0,0,0,0,0
22,HUNEDOARA,"SCOALA PRIMARA GEOAGIU BAI",209,"ORAŞ GEOAGIU",89561,1,PROV,PRCNCT,S,S_SV,"2021-01-21 12:30:02",386,350,35,1,182,146,35,1,350,168,179,3,0,68,3,26,2,6,44,4,0,0,0,23,3,0,0
22,HUNEDOARA,"ŞCOALA PRIMARĂ GELMAR",210,"ORAŞ GEOAGIU",89561,1,PROV,PRCNCT,S,S_SV,"2021-01-21 12:30:02",394,379,15,0,144,129,15,0,400,256,143,1,0,58,10,18,0,2,34,0,1,0,0,16,3,0,1
22,HUNEDOARA,"CĂMINUL CULTURAL HOMOROD",211,"ORAŞ GEOAGIU",89561,1,PROV,PRCNCT,S,S_SV,"2021-01-21 12:30:02",282,276,6,0,100,94,6,0,300,200,100,0,0,56,4,7,0,1,13,0,1,0,0,17,0,1,0
22,HUNEDOARA,"CĂMINUL CULTURAL RENGHET",212,"ORAŞ GEOAGIU",89561,1,PROV,PRCNCT,S,S_SV,"2021-01-21 12:30:02",184,168,16,0,74,58,16,0,202,128,72,1,1,29,3,4,1,3,27,0,0,0,0,3,1,1,0
22,HUNEDOARA,"ŞCOALA PRIMARĂ VĂLENI",213,"ORAŞ GEOAGIU",89561,1,PROV,PRCNCT,S,S_SV,"2021-01-21 12:30:02",52,40,12,0,17,5,12,0,70,53,17,0,0,8,1,2,0,0,5,0,0,0,0,0,0,1,0
22,HUNEDOARA,"PRIMĂRIA ORAŞULUI HAŢEG",214,"ORAŞ HAŢEG",87576,1,PROV,PRCNCT,S,S_SV,"2021-01-21 12:30:02",1543,1519,23,1,495,471,23,1,1650,1155,484,7,4,157,28,36,5,50,133,0,5,5,1,57,1,2,4
22,HUNEDOARA,"ȘCOALA GIMNAZIALĂ ”OVID DENSUȘIANU”, HAȚEG",215,"ORAŞ HAŢEG",87576,1,PROV,PRCNCT,S,S_SV,"2021-01-21 12:30:02",1580,1555,25,0,466,441,25,0,1700,1234,456,8,2,132,34,49,8,34,137,3,4,5,2,41,1,0,6
22,HUNEDOARA,"ȘCOALA GIMNAZIALĂ ”ARON DENSUȘIANU”, HAȚEG",216,"ORAŞ HAŢEG",87576,2,PART,PRCNCT,S,S_SV,"2021-01-21 12:30:02",1621,1596,24,1,495,470,24,1,1750,1255,485,9,1,146,30,69,4,37,123,1,3,4,0,58,4,3,3
22,HUNEDOARA,"COLEGIUL NAŢIONAL ”I.C.BRĂTIANU” HAŢEG",217,"ORAŞ HAŢEG",87576,1,PROV,PRCNCT,S,S_SV,"2021-01-21 12:30:02",1568,1526,35,7,534,498,30,6,1650,1116,527,5,2,169,39,66,7,46,137,6,0,3,0,52,0,1,1
22,HUNEDOARA,"CANTINA SOCIALĂ HAŢEG",218,"ORAŞ HAŢEG",87576,1,PROV,PRCNCT,S,S_SV,"2021-01-21 12:30:02",1721,1684,29,8,595,558,29,8,1850,1255,577,16,2,176,21,70,4,71,171,5,5,5,1,32,11,3,2
22,HUNEDOARA,"ŞCOALA PRIMARĂ NĂLAŢVAD",219,"ORAŞ HAŢEG",87576,1,PROV,PRCNCT,S,S_SV,"2021-01-21 12:30:02",328,310,16,2,163,145,16,2,350,187,162,1,0,45,8,8,2,24,45,0,1,9,0,14,3,2,1
22,HUNEDOARA,"SCOALA PRIMARĂ SIVAŞU DE JOS",220,"ORAŞ HAŢEG",87576,1,PROV,PRCNCT,S,S_SV,"2021-01-21 12:30:02",332,310,22,0,171,149,22,0,350,179,168,3,0,55,9,14,3,9,63,1,1,0,0,12,1,0,0
22,HUNEDOARA,"ȘCOALA PRIMARĂ SILVAȘU DE SUS",221,"ORAŞ HAŢEG",87576,1,PROV,PRCNCT,S,S_SV,"2021-01-21 12:30:02",286,269,17,0,133,116,17,0,300,167,130,3,0,40,8,12,1,14,30,5,0,0,0,17,1,1,1
22,HUNEDOARA,"CASA DE CULTURĂ „LADISLAU SCHMIDT”",222,"ORAŞ PETRILA",87077,1,PROV,PRCNCT,S,S_SV,"2021-01-21 12:30:02",1473,1449,24,0,459,435,24,0,1550,1091,449,7,3,278,13,26,13,4,45,3,3,2,0,52,3,1,6
22,HUNEDOARA,"ȘCOALA GIMNAZIALĂ „ION DESIDERIU SÎRBU” PETRILA (GRĂDINIȚA CU PROGRAM NORMAL „I.D.SÎRBU”)",223,"ORAŞ PETRILA",87077,1,PROV,PRCNCT,S,S_SV,"2021-01-21 12:30:02",1412,1404,8,0,411,403,8,0,1500,1089,405,4,2,238,19,36,6,2,40,7,2,11,0,40,2,0,2
22,HUNEDOARA,"ȘCOALA GIMNAZIALĂ „ION DESIDERIU SÎRBU” PETRILA (GRĂDINIȚA CU PROGRAM NORMAL „I.D.SÎRBU”)",224,"ORAŞ PETRILA",87077,2,PART,PRCNCT,S,S_SV,"2021-01-21 12:30:02",1374,1363,10,1,393,382,10,1,1500,1107,384,7,2,219,11,20,10,8,44,7,2,7,0,49,3,1,3
22,HUNEDOARA,"ȘCOALA GIMNAZIALĂ „ION DESIDERIU SÎRBU” PETRILA",225,"ORAŞ PETRILA",87077,1,PROV,PRCNCT,S,S_SV,"2021-01-21 12:30:02",1245,1233,12,0,348,336,12,0,1350,1002,340,7,1,193,17,39,10,4,41,2,6,1,0,21,5,0,1
22,HUNEDOARA,"CLUBUL COPIILOR PETRILA",226,"ORAŞ PETRILA",87077,1,PROV,PRCNCT,S,S_SV,"2021-01-21 12:30:02",1382,1370,12,0,412,400,12,0,1500,1088,399,10,3,259,12,36,7,2,36,6,0,1,0,35,2,1,2
22,HUNEDOARA,"ȘCOALA GIMNAZIALĂ NR. 6 PETRILA",227,"ORAŞ PETRILA",87077,1,PROV,PRCNCT,S,S_SV,"2021-01-21 12:30:02",1266,1257,9,0,419,410,9,0,1350,931,414,4,1,262,14,37,6,8,33,4,0,0,2,39,2,4,3
22,HUNEDOARA,"ȘCOALA GIMNAZIALĂ NR. 6 PETRILA",228,"ORAŞ PETRILA",87077,1,PROV,PRCNCT,S,S_SV,"2021-01-21 12:30:02",944,938,6,0,262,256,6,0,1000,738,256,6,0,154,11,23,3,3,15,0,1,4,0,35,4,1,2
22,HUNEDOARA,"ȘCOALA GIMNAZIALĂ NR. 5 PETRILA",229,"ORAŞ PETRILA",87077,1,PROV,PRCNCT,S,S_SV,"2021-01-21 12:30:02",1406,1393,13,0,345,332,13,0,1500,1155,339,6,0,223,6,19,5,1,31,3,3,1,0,44,0,0,3
22,HUNEDOARA,"ȘCOALA GIMNAZIALĂ NR. 5 PETRILA",230,"ORAŞ PETRILA",87077,1,PROV,PRCNCT,S,S_SV,"2021-01-21 12:30:02",1356,1345,11,0,347,336,11,0,1450,1103,341,6,0,223,17,24,9,1,18,3,8,0,1,33,1,0,3
22,HUNEDOARA,"GRĂDINIȚA CU PROGRAM NORMAL NR. 2 PETRILA",231,"ORAŞ PETRILA",87077,1,PROV,PRCNCT,S,S_SV,"2021-01-21 12:30:02",1314,1301,13,0,332,319,13,0,1400,1068,323,9,0,181,21,17,4,4,24,4,3,2,1,57,1,2,2
22,HUNEDOARA,"COLEGIUL TEHNIC „CONSTANTIN BRÂNCUȘI” PETRILA",232,"ORAŞ PETRILA",87077,1,PROV,PRCNCT,S,S_SV,"2021-01-21 12:30:02",976,964,12,0,345,333,12,0,1050,705,342,2,1,221,18,11,8,2,42,2,2,4,0,28,4,0,0
22,HUNEDOARA,"CASA PENSIONARILOR LONEA",233,"ORAŞ PETRILA",87077,1,PROV,PRCNCT,S,S_SV,"2021-01-21 12:30:02",1195,1186,9,0,413,404,9,0,1300,887,400,10,3,261,10,16,9,3,39,1,2,8,1,43,3,1,3
22,HUNEDOARA,"COLEGIUL TEHNIC „CONSTANTIN BRÂNCUȘI” PETRILA (FOSTA ȘCOALĂ GIMNAZIALĂ „ANA COLDA”)",234,"ORAŞ PETRILA",87077,1,PROV,PRCNCT,S,S_SV,"2021-01-21 12:30:02",1438,1425,12,1,480,467,12,1,1550,1070,480,0,0,348,6,18,9,6,31,1,1,8,1,49,0,1,1
22,HUNEDOARA,"ȘCOALA PRIMARĂ NR. 3 PETRILA",235,"ORAŞ PETRILA",87077,1,PROV,PRCNCT,S,S_SV,"2021-01-21 12:30:02",1401,1388,11,2,593,580,11,2,1500,907,580,11,2,465,9,11,2,5,29,5,5,4,0,40,1,3,1
22,HUNEDOARA,"COLEGIUL TEHNIC „CONSTANTIN BRÂNCUȘI” PETRILA (FOSTA GRĂDINIȚĂ CU PROGRAM NORMAL „ANA COLDA”)",236,"ORAŞ PETRILA",87077,1,PROV,PRCNCT,S,S_SV,"2021-01-21 12:30:02",1236,1212,12,12,462,441,12,9,1300,838,455,5,2,321,6,26,5,5,49,5,5,0,0,29,1,1,2
22,HUNEDOARA,"ȘCOALA PRIMARĂ NR. 4 PETRILA",237,"ORAŞ PETRILA",87077,2,PART,PRCNCT,S,S_SV,"2021-01-21 12:30:02",587,569,16,2,255,237,16,2,650,395,248,4,3,183,13,6,0,0,14,1,0,1,0,29,0,0,1
22,HUNEDOARA,"SCOALA GIMNAZIALA ”SIGISMUND TODUTA ” SIMERIA",238,"ORAŞ SIMERIA",87665,1,PROV,PRCNCT,S,S_SV,"2021-01-21 12:30:02",1540,1511,29,0,500,471,29,0,1650,1150,489,11,0,172,46,79,11,14,111,3,5,3,0,40,3,0,2
22,HUNEDOARA,"SCOALA GIMNAZIALA ”SIGISMUND TODUTA ” SIMERIA",239,"ORAŞ SIMERIA",87665,1,PROV,PRCNCT,S,S_SV,"2021-01-21 12:30:02",1489,1467,19,3,505,483,19,3,1600,1095,499,4,2,187,58,80,7,12,99,5,6,9,2,26,6,1,1
22,HUNEDOARA,"GRADINITA CU PROGRAM NORMAL NR.1 SIMERIA",240,"ORAŞ SIMERIA",87665,1,PROV,PRCNCT,S,S_SV,"2021-01-21 12:30:02",1535,1514,21,0,474,453,21,0,1650,1176,459,11,4,164,54,57,5,14,79,2,4,9,0,66,4,0,1
22,HUNEDOARA,"GRADINITA P.P.1",241,"ORAŞ SIMERIA",87665,1,PROV,PRCNCT,S,S_SV,"2021-01-21 12:30:02",1481,1460,21,0,490,469,21,0,1600,1110,476,14,0,158,39,65,9,14,118,7,5,4,1,45,9,1,1
22,HUNEDOARA,"OCOLUL SILVIC SIMERIA",242,"ORAŞ SIMERIA",87665,1,PROV,PRCNCT,S,S_SV,"2021-01-21 12:30:02",1391,1378,13,0,430,417,13,0,1500,1070,423,7,0,141,53,73,4,6,78,7,2,4,1,45,7,1,1
22,HUNEDOARA,"COLEGIUL TEHNIC DE TRANSPORT FEROVIAR ”ANGHEL SALIGNY” SIMERIA",243,"ORAŞ SIMERIA",87665,1,PROV,PRCNCT,S,S_SV,"2021-01-21 12:30:02",1253,1238,15,0,342,327,15,0,1350,1008,335,7,0,111,38,59,2,9,62,2,3,6,0,33,6,2,2
22,HUNEDOARA,"STATIA CFR SIMERIA",244,"ORAŞ SIMERIA",87665,1,PROV,PRCNCT,S,S_SV,"2021-01-21 12:30:02",1045,1012,33,0,340,307,33,0,1100,760,329,10,1,91,40,38,7,11,67,3,3,7,0,54,5,1,2
22,HUNEDOARA,"SCOALA GENERALA SIMERIA VECHE",245,"ORAŞ SIMERIA",87665,1,PROV,PRCNCT,S,S_SV,"2021-01-21 12:30:02",360,338,22,0,137,115,22,0,350,213,135,2,0,45,12,13,2,1,28,4,1,2,0,24,0,2,1
22,HUNEDOARA,"CASA SATULUI UROI",246,"ORAŞ SIMERIA",87665,2,PART,PRCNCT,S,S_SV,"2021-01-21 12:30:02",556,535,19,2,199,178,19,2,550,351,195,3,1,47,24,24,3,8,40,4,2,3,3,34,1,2,0
22,HUNEDOARA,"SCOALA GENERALA SÎNTANDREI",247,"ORAŞ SIMERIA",87665,1,PROV,PRCNCT,S,S_SV,"2021-01-21 12:30:02",979,931,48,0,320,272,48,0,1000,680,310,5,5,128,16,34,2,6,66,4,1,1,0,48,2,1,1
22,HUNEDOARA,"CENTRUL NAŢIONAL DE INFORMARE ŞI PROMOVARE TURISTICĂ",248,"ORAŞ URICANI",87139,1,PROV,PRCNCT,S,S_SV,"2021-01-21 12:30:02",1903,1886,15,2,575,558,15,2,2050,1475,566,2,7,333,15,66,4,5,63,7,5,1,0,60,5,0,2
22,HUNEDOARA,"ȘCOALA GIMNAZIALĂ NR. 2 URICANI",249,"ORAŞ URICANI",87139,1,PROV,PRCNCT,S,S_SV,"2021-01-21 12:30:02",1905,1888,16,1,457,440,16,1,2050,1593,442,13,2,264,9,48,2,5,37,6,2,1,1,61,2,4,0
22,HUNEDOARA,"LICEUL TEHNOLOGIC ”RETEZAT” URICANI",250,"ORAŞ URICANI",87139,1,PROV,PRCNCT,S,S_SV,"2021-01-21 12:30:02",1797,1785,12,0,432,420,12,0,1950,1518,425,3,4,269,7,33,2,6,58,5,4,1,0,34,4,0,2
22,HUNEDOARA,"CASA DE CULTURĂ URICANI",251,"ORAŞ URICANI",87139,1,PROV,PRCNCT,S,S_SV,"2021-01-21 12:30:02",1709,1693,12,4,409,393,12,4,1850,1441,403,6,0,280,4,20,3,6,49,5,6,0,2,23,2,2,1
22,HUNEDOARA,"ŞCOALA PRIMARĂ CÂMPU LUI NEAG",252,"ORAŞ URICANI",87139,1,PROV,PRCNCT,S,S_SV,"2021-01-21 12:30:02",448,413,27,8,163,128,27,8,450,287,158,3,2,79,3,12,1,4,42,2,0,0,0,13,1,1,0
22,HUNEDOARA,"ŞCOALA GIMNAZIALĂ ”AVRAM IANCU” BAIA DE CRIŞ",253,"BAIA DE CRIŞ",87745,1,PROV,PRCNCT,S,S_SV,"2021-01-21 12:30:02",631,600,31,0,225,194,31,0,660,435,221,2,2,91,10,28,1,12,49,4,1,2,0,20,1,1,1
22,HUNEDOARA,"SCOALA PRIMARA LUNCA",254,"BAIA DE CRIŞ",87745,1,PROV,PRCNCT,S,S_SV,"2021-01-21 12:30:02",249,236,13,0,83,70,13,0,270,187,83,0,0,24,6,13,3,2,16,10,1,0,0,7,1,0,0
22,HUNEDOARA,"SCOALA PRIMARA CARASTAU",255,"BAIA DE CRIŞ",87745,1,PROV,PRCNCT,S,S_SV,"2021-01-21 12:30:02",175,158,17,0,70,53,17,0,180,110,67,1,2,34,2,6,4,1,16,2,1,0,0,0,0,0,1
22,HUNEDOARA,"CAMIN CULTURAL RISCA",256,"BAIA DE CRIŞ",87745,1,PROV,PRCNCT,S,S_SV,"2021-01-21 12:30:02",195,179,16,0,84,68,16,0,210,126,83,1,0,30,4,6,4,10,15,1,0,0,0,12,1,0,0
22,HUNEDOARA,"SCOALA PRIMARA RISCULITA",257,"BAIA DE CRIŞ",87745,2,PART,PRCNCT,S,S_SV,"2021-01-21 12:30:02",420,395,20,5,159,134,20,5,450,291,157,2,0,84,5,13,5,6,21,3,2,0,0,16,0,1,1
22,HUNEDOARA,"SCOALA PRIMARA TEBEA",258,"BAIA DE CRIŞ",87745,1,PROV,PRCNCT,S,S_SV,"2021-01-21 12:30:02",588,561,24,3,223,196,24,3,630,407,220,2,1,87,4,11,7,14,59,1,1,1,1,25,5,1,3
22,HUNEDOARA,"BALŞA, SEDIUL PRIMĂRIEI COMUNEI",259,BALŞA,87843,1,PROV,PRCNCT,S,S_SV,"2021-01-21 12:30:02",260,227,24,9,106,73,24,9,270,164,103,2,1,21,2,5,0,6,59,0,0,0,0,8,0,2,0
22,HUNEDOARA,"ARDEU, CĂMINUL CULTURAL",260,BALŞA,87843,1,PROV,PRCNCT,S,S_SV,"2021-01-21 12:30:02",65,48,17,0,53,36,17,0,80,27,49,0,4,17,2,7,0,1,15,0,0,0,0,6,0,0,1
22,HUNEDOARA,"MADA, CĂMINUL CULTURAL",261,BALŞA,87843,1,PROV,PRCNCT,S,S_SV,"2021-01-21 12:30:02",113,93,20,0,51,31,20,0,120,69,50,1,0,15,3,3,1,1,16,0,0,0,0,9,0,1,1
22,HUNEDOARA,"VOIA, CĂMINUL CULTURAL",262,BALŞA,87843,1,PROV,PRCNCT,S,S_SV,"2021-01-21 12:30:02",95,64,25,6,56,25,25,6,100,44,54,2,0,15,5,3,0,2,28,0,0,1,0,0,0,0,0
22,HUNEDOARA,"VĂLIŞOARA, ŞCOALA GENERALĂ",263,BALŞA,87843,2,PART,PRCNCT,S,S_SV,"2021-01-21 12:30:02",69,48,20,1,32,11,20,1,60,28,32,0,0,6,2,2,0,2,13,1,1,0,0,5,0,0,0
22,HUNEDOARA,"ALMAŞU MIC DE MUNTE, ŞCOALA GENERALĂ",264,BALŞA,87843,1,PROV,PRCNCT,S,S_SV,"2021-01-21 12:30:02",81,60,17,4,40,19,17,4,100,60,40,0,0,10,2,1,1,4,12,0,0,0,0,8,2,0,0
22,HUNEDOARA,"POIANA, CĂMINUL CULTURAL",265,BALŞA,87843,1,PROV,PRCNCT,S,S_SV,"2021-01-21 12:30:02",107,78,21,8,61,32,21,8,100,39,61,0,0,20,1,3,1,2,28,2,0,0,0,3,0,0,1
22,HUNEDOARA,"POIENIŢA, CĂMINUL CULTURAL",266,BALŞA,87843,2,PART,PRCNCT,S,S_SV,"2021-01-21 12:30:02",82,63,19,0,40,21,19,0,100,60,38,2,0,10,3,3,0,3,14,0,0,0,0,4,1,0,0
22,HUNEDOARA,"SCOALA PRIMARĂ BARU",267,BARU,87996,1,PROV,PRCNCT,S,S_SV,"2021-01-21 12:30:02",1721,1594,77,50,840,716,77,47,1770,930,809,11,20,185,32,57,9,27,392,5,7,15,1,64,5,7,3
22,HUNEDOARA,"SCOALA PRIMARĂ LIVADIA",268,BARU,87996,1,PROV,PRCNCT,S,S_SV,"2021-01-21 12:30:02",587,522,50,15,304,240,50,14,600,296,297,7,0,67,11,9,8,4,140,4,3,0,0,44,2,5,0
22,HUNEDOARA,"SCOALA PRIMARĂ VALEA LUPULUI",269,BARU,87996,1,PROV,PRCNCT,S,S_SV,"2021-01-21 12:30:02",193,156,33,4,118,81,33,4,200,82,116,2,0,26,4,5,2,2,63,2,0,1,0,7,0,2,2
22,HUNEDOARA,"CĂMINUL CULTURAL BĂCIA",270,BĂCIA,88047,1,PROV,PRCNCT,S,S_SV,"2021-01-21 12:30:02",893,820,73,0,414,341,73,0,930,516,404,9,1,194,45,45,27,9,52,6,0,1,0,19,1,1,4
22,HUNEDOARA,"ŞCOALA PRIMARĂ TOTIA",271,BĂCIA,88047,2,PART,PRCNCT,S,S_SV,"2021-01-21 12:30:02",110,83,27,0,55,28,27,0,120,65,52,3,0,13,6,4,3,3,11,2,1,0,0,8,0,0,1
22,HUNEDOARA,"ŞCOALA PRIMARĂ TÂMPA",272,BĂCIA,88047,1,PROV,PRCNCT,S,S_SV,"2021-01-21 12:30:02",685,661,24,0,318,294,24,0,750,432,307,8,3,169,20,22,3,3,34,2,2,3,1,38,2,5,3
22,HUNEDOARA,"ȘCOALA PRIMARĂ BĂIȚA",273,BĂIŢA,88092,2,PART,PRCNCT,S,S_SV,"2021-01-21 12:30:02",1057,1018,39,0,379,340,39,0,1141,761,374,5,0,217,10,23,1,9,58,3,0,0,0,48,3,1,1
22,HUNEDOARA,"ŞCOALA PRIMARA HĂRŢĂGANI",274,BĂIŢA,88092,1,PROV,PRCNCT,S,S_SV,"2021-01-21 12:30:02",636,605,31,0,172,141,31,0,690,518,168,2,2,84,8,7,2,13,23,2,2,1,0,21,2,1,2
22,HUNEDOARA,"CĂMINUL CULTURAL CĂINELU DE SUS",275,BĂIŢA,88092,1,PROV,PRCNCT,S,S_SV,"2021-01-21 12:30:02",350,334,16,0,143,127,16,0,390,247,141,2,0,77,3,9,1,3,29,4,1,0,0,12,2,0,0
22,HUNEDOARA,"CĂMINUL CULTURAL ORMINDEA",276,BĂIŢA,88092,1,PROV,PRCNCT,S,S_SV,"2021-01-21 12:30:02",458,441,17,0,146,129,17,0,510,364,142,2,2,62,5,16,9,3,24,3,1,0,0,15,2,1,1
22,HUNEDOARA,"CĂMINUL CULTURAL FIZEŞ",277,BĂIŢA,88092,1,PROV,PRCNCT,S,S_SV,"2021-01-21 12:30:02",269,253,16,0,122,106,16,0,300,178,120,1,1,55,2,23,1,5,16,2,3,0,0,11,1,0,1
22,HUNEDOARA,"CĂMINUL CULTURAL LUNCA",278,BĂIŢA,88092,1,PROV,PRCNCT,S,S_SV,"2021-01-21 12:30:02",275,235,40,0,135,95,40,0,270,135,130,4,1,71,3,17,0,1,19,1,1,0,0,15,1,0,1
22,HUNEDOARA,"CĂMIN CULTURAL BĂNIȚA",279,BĂNIŢA,87246,1,PROV,PRCNCT,S,S_SV,"2021-01-21 12:30:02",1031,988,40,3,521,478,40,3,1150,629,510,9,2,104,253,23,0,8,70,2,9,13,2,21,2,0,3
22,HUNEDOARA,"PRIMĂRIA COMUNEI BĂTRÂNA",280,BĂTRÂNA,88216,1,PROV,PRCNCT,S,S_SV,"2021-01-21 12:30:02",112,97,12,3,67,52,12,3,150,83,66,0,1,14,17,11,5,1,17,0,0,0,0,0,0,0,1
22,HUNEDOARA,"CĂMINUL CULTURAL BERIU",281,BERIU,88261,2,PART,PRCNCT,S,S_SV,"2021-01-21 12:30:02",644,610,34,0,206,172,34,0,690,484,204,0,2,47,7,21,1,7,80,4,4,0,1,22,4,4,2
22,HUNEDOARA,"ȘCOALA GENERALĂ CĂSTĂU",282,BERIU,88261,1,PROV,PRCNCT,S,S_SV,"2021-01-21 12:30:02",1112,1089,23,0,321,298,23,0,1200,879,309,8,4,70,3,20,2,9,139,3,2,5,0,49,3,1,3
22,HUNEDOARA,"ȘCOALA PRIMARĂ CUCUIȘ",283,BERIU,88261,1,PROV,PRCNCT,S,S_SV,"2021-01-21 12:30:02",115,102,13,0,47,34,13,0,120,73,44,3,0,15,2,2,1,4,13,1,0,0,0,4,0,1,1
22,HUNEDOARA,"ȘCOALA PRIMARĂ ORĂȘTIOARA DE JOS",284,BERIU,88261,1,PROV,PRCNCT,S,S_SV,"2021-01-21 12:30:02",301,287,14,0,123,109,14,0,330,207,123,0,0,31,13,7,8,8,40,0,0,1,0,13,0,1,1
22,HUNEDOARA,"ȘCOALA PRIMARĂ SERECA",285,BERIU,88261,1,PROV,PRCNCT,S,S_SV,"2021-01-21 12:30:02",229,214,15,0,94,79,15,0,240,146,92,2,0,18,8,7,1,5,37,0,1,0,0,11,1,1,2
22,HUNEDOARA,"ȘCOALA PRIMARĂ SIBIȘEL",286,BERIU,88261,1,PROV,PRCNCT,S,S_SV,"2021-01-21 12:30:02",601,578,23,0,197,174,23,0,660,463,189,6,2,51,4,9,1,30,65,3,0,0,0,23,0,2,1
22,HUNEDOARA,"CAMINUL CULTURAL BLAJENI",287,BLĂJENI,88350,1,PROV,PRCNCT,S,S_SV,"2021-01-21 12:30:02",513,481,29,3,223,191,29,3,540,317,222,0,1,73,5,11,5,2,103,3,1,0,0,16,0,0,3
22,HUNEDOARA,"SCOALA PRIMARA CRIS",288,BLĂJENI,88350,1,PROV,PRCNCT,S,S_SV,"2021-01-21 12:30:02",265,239,21,5,114,88,21,5,270,156,114,0,0,36,2,4,3,2,55,1,1,0,0,8,1,0,1
22,HUNEDOARA,"SCOALA PRIMARA BLAJENI VULCAN",289,BLĂJENI,88350,1,PROV,PRCNCT,S,S_SV,"2021-01-21 12:30:02",87,71,15,1,55,39,15,1,100,45,54,0,1,15,1,2,3,1,25,1,0,0,0,2,0,2,2
22,HUNEDOARA,"SCOALA PRIMARA RET",290,BLĂJENI,88350,2,PART,PRCNCT,S,S_SV,"2021-01-21 12:30:02",89,72,16,1,46,29,16,1,100,54,46,0,0,8,2,2,1,5,24,1,1,1,0,0,0,1,0
22,HUNEDOARA,"CĂMINUL CULTURAL BOŞOROD",291,BOŞOROD,88449,2,PART,PRCNCT,S,S_SV,"2021-01-21 12:30:02",820,776,44,0,400,356,44,0,870,470,391,4,5,170,29,22,2,51,83,4,0,4,0,18,4,1,3
22,HUNEDOARA,"CENTRUL LOCAL DE INFORMARE TURISTICĂ",292,BOŞOROD,88449,2,PART,PRCNCT,S,S_SV,"2021-01-21 12:30:02",473,457,16,0,190,174,16,0,510,320,188,1,1,79,14,23,1,6,43,2,2,1,1,12,3,0,1
22,HUNEDOARA,"CĂMINUL CULTURAL LUNCANI",293,BOŞOROD,88449,1,PROV,PRCNCT,S,S_SV,"2021-01-21 12:30:02",118,101,17,0,51,34,17,0,120,69,50,0,1,26,5,7,1,3,5,1,1,0,0,0,0,0,1
22,HUNEDOARA,"CĂMINUL CULTURAL URSICI",294,BOŞOROD,88449,1,PROV,PRCNCT,S,S_SV,"2021-01-21 12:30:02",62,50,12,0,33,21,12,0,70,37,33,0,0,18,3,4,0,1,3,1,0,0,0,0,3,0,0
22,HUNEDOARA,"CĂMINUL CULTURAL ALUN",295,BOŞOROD,88449,1,PROV,PRCNCT,S,S_SV,"2021-01-21 12:30:02",73,59,14,0,36,22,14,0,100,64,35,0,1,16,1,4,0,2,7,1,0,0,0,4,0,0,0
22,HUNEDOARA,"CĂMINUL CULTURAL TÂRSA",296,BOŞOROD,88449,1,PROV,PRCNCT,S,S_SV,"2021-01-21 12:30:02",173,164,9,0,99,90,9,0,210,111,94,1,4,57,3,5,1,2,13,1,0,0,1,10,1,0,0
22,HUNEDOARA,"CĂMINUL CULTURAL BRĂNIȘCA",297,BRĂNIŞCA,88546,1,PROV,PRCNCT,S,S_SV,"2021-01-21 12:30:02",583,512,61,10,227,160,57,10,570,343,227,0,0,102,9,20,1,9,52,0,1,5,0,24,2,1,1
22,HUNEDOARA,"CĂMINUL CULTURAL BOZ",298,BRĂNIŞCA,88546,1,PROV,PRCNCT,S,S_SV,"2021-01-21 12:30:02",411,365,46,0,168,122,46,0,418,250,161,4,3,75,7,12,2,2,27,2,0,0,0,17,15,0,2
22,HUNEDOARA,"CĂMINUL CULTURAL ROVINA",299,BRĂNIŞCA,88546,1,PROV,PRCNCT,S,S_SV,"2021-01-21 12:30:02",208,184,23,1,87,63,23,1,209,122,87,0,0,26,3,4,1,2,19,0,0,3,0,18,6,1,4
22,HUNEDOARA,"CĂMINUL CULTURAL TÂRNAVA",300,BRĂNIŞCA,88546,1,PROV,PRCNCT,S,S_SV,"2021-01-21 12:30:02",106,92,14,0,44,30,14,0,120,76,44,0,0,20,6,2,0,2,9,0,0,0,0,4,1,0,0
22,HUNEDOARA,"CĂMINUL CULTURAL TÂRNĂVIȚA",301,BRĂNIŞCA,88546,1,PROV,PRCNCT,S,S_SV,"2021-01-21 12:30:02",168,150,18,0,70,52,18,0,180,110,70,0,0,24,6,4,1,1,16,1,0,1,0,10,6,0,0
22,HUNEDOARA,"CĂMINUL CULTURAL FURCȘOARA",302,BRĂNIŞCA,88546,1,PROV,PRCNCT,S,S_SV,"2021-01-21 12:30:02",57,40,17,0,23,6,17,0,70,47,23,0,0,8,2,6,0,1,4,0,0,0,0,2,0,0,0
22,HUNEDOARA,"ȘCOALA GIMNAZIALĂ BRETEA ROMÂNĂ",303,"BRETEA ROMÂNĂ",88644,1,PROV,PRCNCT,S,S_SV,"2021-01-21 12:30:02",245,228,17,0,98,81,17,0,270,172,96,2,0,44,2,3,2,5,31,1,0,0,0,6,0,1,1
22,HUNEDOARA,"CĂMINUL CULTURAL BRETEA STREIULUI",304,"BRETEA ROMÂNĂ",88644,1,PROV,PRCNCT,S,S_SV,"2021-01-21 12:30:02",229,210,19,0,108,89,19,0,240,132,107,0,1,60,5,10,1,7,10,2,1,1,0,9,1,0,0
22,HUNEDOARA,"CĂMINUL CULTURAL RUȘI",305,"BRETEA ROMÂNĂ",88644,1,PROV,PRCNCT,S,S_SV,"2021-01-21 12:30:02",223,199,24,0,125,101,24,0,242,117,120,4,1,47,7,6,1,8,22,1,1,0,0,26,1,0,0
22,HUNEDOARA,"ȘCOALA PRIMARĂ BĂȚĂLAR",306,"BRETEA ROMÂNĂ",88644,1,PROV,PRCNCT,S,S_SV,"2021-01-21 12:30:02",238,209,28,1,111,82,28,1,240,129,109,2,0,70,1,9,1,3,15,1,1,0,0,8,0,0,0
22,HUNEDOARA,"CĂMINUL CULTURAL OCOLIȘU MARE",307,"BRETEA ROMÂNĂ",88644,2,PART,PRCNCT,S,S_SV,"2021-01-21 12:30:02",207,172,34,1,150,115,34,1,210,60,147,1,2,99,1,8,2,1,24,1,1,0,0,7,0,0,3
22,HUNEDOARA,"CĂMINUL CULTURAL COVRAGIU",308,"BRETEA ROMÂNĂ",88644,1,PROV,PRCNCT,S,S_SV,"2021-01-21 12:30:02",152,135,16,1,66,49,16,1,150,84,66,0,0,38,1,3,1,4,14,0,0,0,0,5,0,0,0
22,HUNEDOARA,"ȘCOALA PRIMARĂ GÂNȚAGA",309,"BRETEA ROMÂNĂ",88644,1,PROV,PRCNCT,S,S_SV,"2021-01-21 12:30:02",239,221,18,0,125,107,18,0,270,145,121,4,0,56,1,13,1,2,25,0,0,0,1,20,1,0,1
22,HUNEDOARA,"ȘCOALA PRIMARĂ MĂCEU",310,"BRETEA ROMÂNĂ",88644,1,PROV,PRCNCT,S,S_SV,"2021-01-21 12:30:02",271,260,11,0,100,89,11,0,300,200,96,4,0,58,3,5,2,6,12,2,1,0,0,7,0,0,0
22,HUNEDOARA,"ȘCOALA PRIMARĂ PLOPI",311,"BRETEA ROMÂNĂ",88644,1,PROV,PRCNCT,S,S_SV,"2021-01-21 12:30:02",243,223,18,2,114,94,18,2,269,155,112,2,0,45,7,7,1,18,17,3,0,3,0,11,0,0,0
22,HUNEDOARA,"ȘCOALA PRIMARĂ VÂLCELELE BUNE",312,"BRETEA ROMÂNĂ",88644,1,PROV,PRCNCT,S,S_SV,"2021-01-21 12:30:02",358,330,28,0,180,152,28,0,390,210,175,0,5,64,5,12,2,5,58,2,0,4,0,18,4,0,1
22,HUNEDOARA,"ȘCOALA PRIMARĂ VÂLCELE",313,"BRETEA ROMÂNĂ",88644,2,PART,PRCNCT,S,S_SV,"2021-01-21 12:30:02",234,211,22,1,151,128,22,1,241,90,147,2,2,98,4,7,1,3,18,2,1,0,0,9,1,2,1
22,HUNEDOARA,"PRIMĂRIA COMUNEI BUCEŞ",314,BUCEŞ,88788,1,PROV,PRCNCT,S,S_SV,"2021-01-21 12:30:02",147,125,22,0,96,74,22,0,150,54,94,1,1,30,2,4,2,2,33,5,1,0,0,9,0,0,6
22,HUNEDOARA,"SCOALA PRIMARA BUCES-VULCAN",315,BUCEŞ,88788,1,PROV,PRCNCT,S,S_SV,"2021-01-21 12:30:02",178,169,9,0,86,77,9,0,210,124,85,1,0,37,1,7,2,2,27,1,1,0,0,5,1,1,0
22,HUNEDOARA,"SCOALA PRIMARA DUPAPIATRA",316,BUCEŞ,88788,1,PROV,PRCNCT,S,S_SV,"2021-01-21 12:30:02",411,392,19,0,195,176,19,0,450,255,192,0,3,63,8,9,1,1,93,1,2,0,0,9,0,2,3
22,HUNEDOARA,"SCOALA PRIMARA GROHOTELE",317,BUCEŞ,88788,1,PROV,PRCNCT,S,S_SV,"2021-01-21 12:30:02",170,164,6,0,93,87,6,0,210,117,87,6,0,29,3,5,1,1,36,2,0,0,0,10,0,0,0
22,HUNEDOARA,"SCOALA PRIMARA MIHAILENI",318,BUCEŞ,88788,1,PROV,PRCNCT,S,S_SV,"2021-01-21 12:30:02",361,337,24,0,146,122,24,0,390,244,142,4,0,49,26,3,3,2,34,3,3,0,0,13,0,1,5
22,HUNEDOARA,"SCOALA PRIMARA STANIJA",319,BUCEŞ,88788,1,PROV,PRCNCT,S,S_SV,"2021-01-21 12:30:02",329,321,7,1,141,133,7,1,360,219,135,5,1,24,5,8,0,1,80,2,0,0,0,12,2,0,1
22,HUNEDOARA,"CĂMINUL CULTURAL BUCUREŞCI",320,BUCUREŞCI,88868,2,PART,PRCNCT,S,S_SV,"2021-01-21 12:30:02",522,490,27,5,306,274,27,5,570,264,303,1,2,91,10,10,3,4,153,2,1,0,0,27,0,1,1
22,HUNEDOARA,"CĂMINUL CULTURAL CURECHIU",321,BUCUREŞCI,88868,2,PART,PRCNCT,S,S_SV,"2021-01-21 12:30:02",307,268,37,2,202,163,37,2,300,98,200,2,0,52,4,7,4,1,102,4,0,0,0,22,2,1,1
22,HUNEDOARA,"CĂMINUL CULTURAL ROVINA",322,BUCUREŞCI,88868,1,PROV,PRCNCT,S,S_SV,"2021-01-21 12:30:02",144,133,11,0,55,44,11,0,150,95,54,0,1,22,1,1,0,2,22,1,0,0,0,4,0,0,1
22,HUNEDOARA,"CĂMINUL CULTURAL MERIŞOR",323,BUCUREŞCI,88868,1,PROV,PRCNCT,S,S_SV,"2021-01-21 12:30:02",86,72,14,0,57,43,14,0,100,43,57,0,0,13,3,2,0,3,29,2,1,0,0,3,0,0,1
22,HUNEDOARA,"CĂMINUL CULTURAL ŞESURI",324,BUCUREŞCI,88868,1,PROV,PRCNCT,S,S_SV,"2021-01-21 12:30:02",362,337,19,6,230,205,19,6,400,170,230,0,0,77,4,6,2,2,125,0,0,0,0,10,0,3,1
22,HUNEDOARA,"PRIMARIA BULZESTII DE SUS SALA DE SEDINTA",325,"BULZEŞTII DE SUS",88920,1,PROV,PRCNCT,S,S_SV,"2021-01-21 12:30:02",173,125,48,0,109,61,48,0,150,41,106,1,2,46,3,4,4,11,32,1,0,0,0,1,2,1,1
22,HUNEDOARA,"SCOALA PRIMARA BULZESTII DE JOS",326,"BULZEŞTII DE SUS",88920,1,PROV,PRCNCT,S,S_SV,"2021-01-21 12:30:02",121,98,23,0,76,53,23,0,120,44,73,1,2,29,2,1,4,5,26,0,0,0,0,6,0,0,0
22,HUNEDOARA,"CĂMINUL CULTURAL BUNILA",327,BUNILA,89026,2,PART,PRCNCT,S,S_SV,"2021-01-21 12:30:02",79,66,13,0,40,27,13,0,100,60,40,0,0,12,2,1,1,1,22,0,0,0,0,1,0,0,0
22,HUNEDOARA,"CLADIRE DISPENSAR MEDICAL CERNISOARA FLORESE",328,BUNILA,89026,1,PROV,PRCNCT,S,S_SV,"2021-01-21 12:30:02",201,168,33,0,107,74,33,0,210,103,105,1,1,18,5,1,2,2,67,1,0,1,0,5,1,2,0
22,HUNEDOARA,"CAMINUL CULTURAL POIENITA VOINII",329,BUNILA,89026,1,PROV,PRCNCT,S,S_SV,"2021-01-21 12:30:02",108,70,38,0,90,52,38,0,100,10,89,1,0,7,3,2,1,4,67,1,3,0,0,0,0,1,0
22,HUNEDOARA,"CAMIN CULTURAL BURJUC",330,BURJUC,89080,1,PROV,PRCNCT,S,S_SV,"2021-01-21 12:30:02",152,132,20,0,76,56,20,0,149,73,74,2,0,36,2,20,1,4,4,0,0,3,0,2,2,0,0
22,HUNEDOARA,"CAMIN CULTURAL TĂTĂRĂŞTI",331,BURJUC,89080,1,PROV,PRCNCT,S,S_SV,"2021-01-21 12:30:02",166,142,21,3,59,35,21,3,180,121,59,0,0,26,0,8,1,4,12,0,0,3,0,4,0,0,1
22,HUNEDOARA,"CAMIN CULTURAL TISA",332,BURJUC,89080,1,PROV,PRCNCT,S,S_SV,"2021-01-21 12:30:02",135,95,40,0,76,36,40,0,120,44,75,1,0,27,0,13,1,2,29,0,0,0,0,1,1,0,1
22,HUNEDOARA,"ŞCOALA PRIMARA GLODGHILEŞTI",333,BURJUC,89080,1,PROV,PRCNCT,S,S_SV,"2021-01-21 12:30:02",194,180,14,0,73,59,14,0,210,137,73,0,0,45,2,5,1,1,11,1,0,0,0,5,2,0,0
22,HUNEDOARA,"ŞCOALA PRIMARA BRĂDĂŢEL",334,BURJUC,89080,1,PROV,PRCNCT,S,S_SV,"2021-01-21 12:30:02",128,113,15,0,47,32,15,0,148,101,47,0,0,26,3,3,1,3,6,1,0,1,0,3,0,0,0
22,HUNEDOARA,"CĂMINUL CULTURAL CÂRJIŢI",335,CÂRJIŢI,86749,1,PROV,PRCNCT,S,S_SV,"2021-01-21 12:30:02",131,98,33,0,68,35,33,0,120,52,67,0,1,11,4,9,3,1,26,2,0,2,0,9,0,0,0
22,HUNEDOARA,"CĂMINUL CULTURAL CHERGHEŞ",336,CÂRJIŢI,86749,2,PART,PRCNCT,S,S_SV,"2021-01-21 12:30:02",90,76,14,0,39,25,14,0,100,61,38,0,1,13,9,1,2,1,6,1,1,0,0,3,0,1,0
22,HUNEDOARA,"CĂMINUL CULTURAL POPEŞTI",337,CÂRJIŢI,86749,1,PROV,PRCNCT,S,S_SV,"2021-01-21 12:30:02",141,108,32,1,78,45,32,1,120,42,78,0,0,32,15,1,1,4,20,0,2,1,0,0,1,0,1
22,HUNEDOARA,"CĂMINUL CULTURAL ALMAŞU SEC",338,CÂRJIŢI,86749,1,PROV,PRCNCT,S,S_SV,"2021-01-21 12:30:02",200,165,35,0,96,61,35,0,210,114,95,1,0,16,4,4,4,3,46,2,0,3,1,11,1,0,0
22,HUNEDOARA,"CĂMINUL CULTURAL COZIA",339,CÂRJIŢI,86749,1,PROV,PRCNCT,S,S_SV,"2021-01-21 12:30:02",153,138,15,0,61,46,15,0,180,119,58,3,0,19,4,2,1,3,15,0,0,7,0,5,2,0,0
22,HUNEDOARA,"CASA COMUNALĂ CERBĂL-SALA DE ŞEDINŢĂ A CONSILIULUI LOCAL CERBĂL",340,CERBĂL,89151,1,PROV,PRCNCT,S,S_SV,"2021-01-21 12:30:02",310,181,129,0,241,112,129,0,260,19,237,2,2,35,4,6,2,6,174,0,0,0,0,6,2,1,1
22,HUNEDOARA,"ŞCOALA PRIMARĂ FEREGI",341,CERBĂL,89151,1,PROV,PRCNCT,S,S_SV,"2021-01-21 12:30:02",151,111,40,0,107,67,40,0,150,43,103,2,2,32,1,5,0,2,57,2,0,0,0,1,1,2,0
22,HUNEDOARA,"ŞCOALA PRIMARĂ POIANA RĂCHIŢELII",342,CERBĂL,89151,1,PROV,PRCNCT,S,S_SV,"2021-01-21 12:30:02",147,99,48,0,125,77,48,0,170,45,122,2,1,17,2,0,0,0,100,3,0,0,0,0,0,0,0
22,HUNEDOARA,"CĂMINUL CULTURAL CERTEJU DE SUS",343,"CERTEJU DE SUS",89240,1,PROV,PRCNCT,S,S_SV,"2021-01-21 12:30:02",1250,1215,34,1,379,344,34,1,1350,971,367,4,8,114,7,23,3,45,72,17,5,4,1,68,4,1,3
22,HUNEDOARA,"CĂMINUL CULTURAL HONDOL",344,"CERTEJU DE SUS",89240,1,PROV,PRCNCT,S,S_SV,"2021-01-21 12:30:02",446,426,20,0,160,140,20,0,480,320,157,3,0,50,7,9,1,22,43,7,0,1,1,15,0,0,1
22,HUNEDOARA,"CĂMINUL CULTURAL SĂCĂRÂMB",345,"CERTEJU DE SUS",89240,1,PROV,PRCNCT,S,S_SV,"2021-01-21 12:30:02",165,147,18,0,60,42,18,0,182,122,58,1,1,11,3,4,2,8,24,2,1,0,0,2,1,0,0
22,HUNEDOARA,"SPAȚIU ADMINISTRATIV BOCȘA MICĂ",346,"CERTEJU DE SUS",89240,1,PROV,PRCNCT,S,S_SV,"2021-01-21 12:30:02",99,85,14,0,48,34,14,0,120,72,48,0,0,16,1,3,1,4,15,2,0,2,0,4,0,0,0
22,HUNEDOARA,"CĂMINUL CULTURAL MĂGURA-TOPLIȚA",347,"CERTEJU DE SUS",89240,1,PROV,PRCNCT,S,S_SV,"2021-01-21 12:30:02",100,83,17,0,54,37,17,0,121,67,51,1,2,20,3,2,0,9,11,1,0,0,0,4,0,1,0
22,HUNEDOARA,"CĂMINUL CULTURAL TOPLIȚA MUREȘULUI",348,"CERTEJU DE SUS",89240,1,PROV,PRCNCT,S,S_SV,"2021-01-21 12:30:02",95,64,31,0,63,32,31,0,96,33,63,0,0,19,0,3,0,9,25,2,0,0,0,5,0,0,0
22,HUNEDOARA,"ȘCOALA GENERALĂ CU CLS. I-IV NOJAG",349,"CERTEJU DE SUS",89240,1,PROV,PRCNCT,S,S_SV,"2021-01-21 12:30:02",212,190,22,0,82,60,22,0,238,156,80,2,0,34,1,6,0,4,18,4,1,0,0,12,0,0,0
22,HUNEDOARA,"ȘCOALA GENERALĂ CU CLS. I-IV VĂRMAGA",350,"CERTEJU DE SUS",89240,1,PROV,PRCNCT,S,S_SV,"2021-01-21 12:30:02",276,245,31,0,107,76,31,0,303,196,101,4,2,37,2,2,0,6,27,2,0,0,0,23,0,0,2
22,HUNEDOARA,"CĂMINUL CULTURAL ZDRAPȚI",351,CRIŞCIOR,87362,1,PROV,PRCNCT,S,S_SV,"2021-01-21 12:30:02",751,732,18,1,221,202,18,1,810,589,218,2,1,76,19,9,2,4,86,1,2,0,0,14,3,2,0
22,HUNEDOARA,"LICEUL TEHNOLOGIC ”CRIȘAN” CRIȘCIOR ( FOSTA ȘCOALĂ GENERALĂ NR. 1 CRIȘCIOR)",352,CRIŞCIOR,87362,1,PROV,PRCNCT,S,S_SV,"2021-01-21 12:30:02",1344,1308,35,1,510,474,35,1,1470,960,501,8,1,149,42,33,5,11,173,4,5,1,1,65,7,2,3
22,HUNEDOARA,"LICEUL TEHNOLOGIC ”CRIŞAN” CRIŞCIOR",353,CRIŞCIOR,87362,1,PROV,PRCNCT,S,S_SV,"2021-01-21 12:30:02",1238,1213,25,0,435,410,25,0,1350,915,421,11,3,144,43,13,3,14,92,5,12,2,0,84,7,1,1
22,HUNEDOARA,"SCOALA GIMNAZIALA DENSUS",354,DENSUŞ,89348,1,PROV,PRCNCT,S,S_SV,"2021-01-21 12:30:02",526,492,26,8,243,209,26,8,570,327,242,1,0,144,10,21,1,13,26,4,2,3,0,15,2,1,0
22,HUNEDOARA,"ŞCOALA PRIMARĂ PEŞTEANA",355,DENSUŞ,89348,1,PROV,PRCNCT,S,S_SV,"2021-01-21 12:30:02",320,297,17,6,153,132,17,4,330,177,150,3,0,80,7,13,2,7,25,3,0,1,0,11,0,0,1
22,HUNEDOARA,"SCOALA PRIMARA PESTENITA",356,DENSUŞ,89348,1,PROV,PRCNCT,S,S_SV,"2021-01-21 12:30:02",229,217,12,0,112,100,12,0,270,158,110,1,1,48,4,9,0,12,24,2,0,0,0,8,1,1,1
22,HUNEDOARA,"ȘCOALA PRIMARĂ ȘTEI",357,DENSUŞ,89348,1,PROV,PRCNCT,S,S_SV,"2021-01-21 12:30:02",188,159,22,7,108,79,22,7,180,72,107,0,1,85,1,2,0,3,8,1,0,0,0,5,0,1,1
22,HUNEDOARA,"SCOALA PRIMARA POIENI",358,DENSUŞ,89348,2,PART,PRCNCT,S,S_SV,"2021-01-21 12:30:02",82,69,11,2,52,39,11,2,100,48,51,1,0,33,5,3,0,1,7,0,0,1,0,1,0,0,0
22,HUNEDOARA,"CĂMINUL CULTURAL DOBRA",359,DOBRA,89428,1,PROV,PRCNCT,S,S_SV,"2021-01-21 12:30:02",1392,1305,77,10,565,478,77,10,1440,875,548,11,6,248,25,53,2,11,110,3,7,33,0,43,6,6,1
22,HUNEDOARA,"CĂMINUL CULTURAL LAPUSNIC",360,DOBRA,89428,1,PROV,PRCNCT,S,S_SV,"2021-01-21 12:30:02",400,378,22,0,131,109,22,0,420,289,126,3,2,58,2,8,1,5,33,6,0,0,0,9,1,0,3
22,HUNEDOARA,"CAMINUL CULTURAL RADULESTI",361,DOBRA,89428,1,PROV,PRCNCT,S,S_SV,"2021-01-21 12:30:02",165,151,14,0,67,53,14,0,180,113,64,3,0,35,6,9,1,3,8,0,0,1,0,1,0,0,0
22,HUNEDOARA,"CĂMINUL CULTURAL STANCESTI",362,DOBRA,89428,1,PROV,PRCNCT,S,S_SV,"2021-01-21 12:30:02",111,96,15,0,45,30,15,0,120,75,43,1,1,22,1,2,0,2,6,1,0,5,0,4,0,0,0
22,HUNEDOARA,"CĂMINUL CULTURAL ROȘCANI",363,DOBRA,89428,1,PROV,PRCNCT,S,S_SV,"2021-01-21 12:30:02",571,536,30,5,203,168,30,5,600,397,196,7,0,108,10,8,2,6,27,2,2,16,1,13,0,0,1
22,HUNEDOARA,"CĂMINUL CULTURAL PANC",364,DOBRA,89428,1,PROV,PRCNCT,S,S_SV,"2021-01-21 12:30:02",171,141,26,4,88,58,26,4,180,92,87,0,1,39,4,3,1,1,27,0,2,0,0,9,0,0,1
22,HUNEDOARA,"CĂMINUL CULTURAL GENERAL BERTHELOT - CLĂDIRE ANEXĂ AFTER SCHOOL",365,"GENERAL BERTHELOT",91731,1,PROV,PRCNCT,S,S_SV,"2021-01-21 12:30:02",567,534,27,6,189,156,27,6,600,411,189,0,0,48,6,32,2,5,75,0,5,0,1,12,1,0,2
22,HUNEDOARA,"SCOALA PRIMARA TUSTEA",366,"GENERAL BERTHELOT",91731,1,PROV,PRCNCT,S,S_SV,"2021-01-21 12:30:02",232,216,16,0,105,89,16,0,240,135,103,1,1,18,7,13,0,6,42,0,3,0,0,13,1,0,0
22,HUNEDOARA,"PRIMĂRIA COMUNEI GHELARI",367,GHELARI,86883,1,PROV,PRCNCT,S,S_SV,"2021-01-21 12:30:02",682,641,34,7,272,231,34,7,720,448,267,4,1,110,25,27,2,35,40,3,5,0,0,16,1,1,2
22,HUNEDOARA,"CĂMINUL CULTURAL ”MINERUL” GHELARI",368,GHELARI,86883,1,PROV,PRCNCT,S,S_SV,"2021-01-21 12:30:02",902,861,31,10,304,263,31,10,960,656,291,8,5,159,20,10,3,17,40,1,3,0,0,30,2,5,1
22,HUNEDOARA,"CĂMINUL CULTURAL RUDA",369,GHELARI,86883,2,PART,PRCNCT,S,S_SV,"2021-01-21 12:30:02",160,129,26,5,80,49,26,5,150,70,78,1,1,37,1,4,1,4,15,2,2,0,0,11,0,0,1
22,HUNEDOARA,"MAGAZIN SĂTESC DIN SATUL PLOP",370,GHELARI,86883,1,PROV,PRCNCT,S,S_SV,"2021-01-21 12:30:02",43,20,23,0,36,13,23,0,50,14,34,0,2,21,3,1,2,1,2,1,0,0,1,1,0,0,1
22,HUNEDOARA,"DISPENSAR GOVĂJDIA",371,GHELARI,86883,1,PROV,PRCNCT,S,S_SV,"2021-01-21 12:30:02",112,78,34,0,54,20,34,0,100,46,54,0,0,24,5,9,4,2,3,1,1,1,0,3,0,1,0
22,HUNEDOARA,"SALĂ DE ȘEDINȚE PRIMĂRIA COMUNEI GURASADA",372,GURASADA,89687,1,PROV,PRCNCT,S,S_SV,"2021-01-21 12:30:02",626,585,41,0,191,150,41,0,660,469,184,7,0,109,13,10,1,1,30,1,3,2,0,10,1,1,2
22,HUNEDOARA,"CĂMINUL CULTURAL CÂMPURI-SURDUC",373,GURASADA,89687,1,PROV,PRCNCT,S,S_SV,"2021-01-21 12:30:02",382,346,36,0,156,120,36,0,390,234,153,2,1,92,2,6,1,1,16,4,0,16,0,12,2,1,0
22,HUNEDOARA,"CĂMINUL CULTURAL BOIU DE SUS",374,GURASADA,89687,1,PROV,PRCNCT,S,S_SV,"2021-01-21 12:30:02",96,84,12,0,47,35,12,0,120,73,45,0,2,34,2,1,1,1,3,0,0,0,0,2,0,0,1
22,HUNEDOARA,"ŞCOALA GENERALĂ CĂRMĂZĂNEŞTI",375,GURASADA,89687,1,PROV,PRCNCT,S,S_SV,"2021-01-21 12:30:02",96,80,16,0,45,29,16,0,100,55,44,1,0,22,3,3,1,2,4,1,1,0,0,6,1,0,0
22,HUNEDOARA,"CĂMINUL CULTURAL HĂRĂU",376,HĂRĂU,89801,1,PROV,PRCNCT,S,S_SV,"2021-01-21 12:30:02",699,673,26,0,210,184,26,0,750,540,207,2,1,68,10,34,8,4,48,3,0,1,0,27,1,2,1
22,HUNEDOARA,"CĂMINUL CULTURAL BANPOTOC",377,HĂRĂU,89801,1,PROV,PRCNCT,S,S_SV,"2021-01-21 12:30:02",405,376,29,0,164,135,29,0,420,256,160,4,0,69,8,11,2,3,43,1,1,0,0,18,2,0,2
22,HUNEDOARA,"GRĂDINIȚA CU PROGRAM NORMAL BÂRSĂU",378,HĂRĂU,89801,1,PROV,PRCNCT,S,S_SV,"2021-01-21 12:30:02",449,413,36,0,170,134,36,0,480,310,167,2,1,46,4,39,3,9,33,4,0,0,0,25,2,0,2
22,HUNEDOARA,"GRĂDINIȚA CU PROGRAM NORMAL CHIMINDIA",379,HĂRĂU,89801,1,PROV,PRCNCT,S,S_SV,"2021-01-21 12:30:02",327,308,19,0,120,101,19,0,360,240,118,1,1,64,6,7,1,6,13,0,0,0,0,19,1,0,1
22,HUNEDOARA,"CĂMINUL CULTURAL DIN ILIA",380,ILIA,89856,2,PART,PRCNCT,S,S_SV,"2021-01-21 12:30:02",1534,1442,73,19,621,529,73,19,1620,999,613,8,0,173,16,29,5,17,277,5,6,16,0,57,9,2,1
22,HUNEDOARA,"CĂMINUL CULTURAL BRETEA MUREȘANĂ",381,ILIA,89856,1,PROV,PRCNCT,S,S_SV,"2021-01-21 12:30:02",555,497,51,7,247,189,51,7,570,323,245,1,1,62,17,16,1,5,119,2,0,0,1,18,2,2,0
22,HUNEDOARA,"CĂMINUL CULTURAL DIN SÎRBI",382,ILIA,89856,1,PROV,PRCNCT,S,S_SV,"2021-01-21 12:30:02",373,355,18,0,174,156,18,0,390,216,169,5,0,39,7,9,1,1,78,0,0,0,0,29,0,2,3
22,HUNEDOARA,"CĂMINUL CULTURAL DINVALEA LUNGĂ",383,ILIA,89856,1,PROV,PRCNCT,S,S_SV,"2021-01-21 12:30:02",107,91,16,0,64,48,16,0,120,56,62,2,0,19,6,5,1,3,22,0,0,0,0,3,1,0,2
22,HUNEDOARA,"CĂMINUL CULTURAL DIN BACEA",384,ILIA,89856,1,PROV,PRCNCT,S,S_SV,"2021-01-21 12:30:02",313,298,15,0,127,112,15,0,330,203,121,6,0,30,10,1,0,6,50,5,3,0,0,13,2,0,1
22,HUNEDOARA,"CĂMINUL CULTURAL DIN BRÎZNIC",385,ILIA,89856,1,PROV,PRCNCT,S,S_SV,"2021-01-21 12:30:02",212,177,34,1,123,88,34,1,210,87,121,1,1,27,6,5,0,9,62,1,2,0,0,8,0,1,0
22,HUNEDOARA,"CĂMINUL CULTURAL DIN SĂCĂMAŞ",386,ILIA,89856,2,PART,PRCNCT,S,S_SV,"2021-01-21 12:30:02",207,177,25,5,128,98,25,5,210,82,125,2,1,25,8,8,0,6,59,0,1,0,0,18,0,0,0
22,HUNEDOARA,"CĂMINUL CULTURAL LĂPUGIU DE JOS",387,"LĂPUGIU DE JOS",89954,1,PROV,PRCNCT,S,S_SV,"2021-01-21 12:30:02",435,366,68,1,192,124,67,1,420,228,192,0,0,51,5,11,3,10,63,1,0,2,1,30,14,1,0
22,HUNEDOARA,"CĂMINUL CULTURAL OHABA",388,"LĂPUGIU DE JOS",89954,1,PROV,PRCNCT,S,S_SV,"2021-01-21 12:30:02",502,396,106,0,217,111,106,0,450,233,216,0,1,35,3,51,2,4,57,0,2,23,0,35,2,1,1
22,HUNEDOARA,"CĂMINUL CULTURAL LĂPUGIU DE SUS",389,"LĂPUGIU DE JOS",89954,1,PROV,PRCNCT,S,S_SV,"2021-01-21 12:30:02",333,305,28,0,143,115,28,0,360,217,138,3,2,46,5,7,1,10,17,1,1,3,0,40,5,0,2
22,HUNEDOARA,"PRIMARIA COMUNEI LELESE, SALA BIBLIONET",390,LELESE,90066,1,PROV,PRCNCT,S,S_SV,"2021-01-21 12:30:02",165,150,12,3,66,52,11,3,180,114,66,0,0,38,7,1,1,1,12,1,0,0,0,4,1,0,0
22,HUNEDOARA,"CĂMINUL CULTURAL CERIȘOR",391,LELESE,90066,1,PROV,PRCNCT,S,S_SV,"2021-01-21 12:30:02",96,78,18,0,53,35,18,0,100,47,51,2,0,36,2,2,0,1,4,0,0,0,0,6,0,0,0
22,HUNEDOARA,"CAMIN CULTURAL RUNCU MARE",392,LELESE,90066,1,PROV,PRCNCT,S,S_SV,"2021-01-21 12:30:02",99,84,15,0,43,28,15,0,120,77,42,1,0,20,2,7,0,1,5,1,2,0,0,4,0,0,0
22,HUNEDOARA,"ŞCOALA GIMNAZIALĂ LUNCA CERNII DE JOS",393,"LUNCA CERNII DE JOS",90119,1,PROV,PRCNCT,S,S_SV,"2021-01-21 12:30:02",383,370,13,0,155,142,13,0,420,265,151,4,0,49,13,3,0,1,73,0,4,1,0,5,0,2,0
22,HUNEDOARA,"CĂMIN CULTURAL NEGOIU",394,"LUNCA CERNII DE JOS",90119,1,PROV,PRCNCT,S,S_SV,"2021-01-21 12:30:02",162,148,14,0,79,65,14,0,180,101,77,2,0,14,10,1,0,1,40,0,2,0,0,6,3,0,0
22,HUNEDOARA,"CĂMIN CULTURAL MERIA",395,"LUNCA CERNII DE JOS",90119,1,PROV,PRCNCT,S,S_SV,"2021-01-21 12:30:02",219,216,3,0,90,87,3,0,240,150,89,1,0,7,13,6,0,16,36,1,0,1,0,2,6,1,0
22,HUNEDOARA,"CĂMINUL CULTURAL LUNCOIU DE JOS",396,"LUNCOIU DE JOS",90208,1,PROV,PRCNCT,S,S_SV,"2021-01-21 12:30:02",912,873,39,0,373,334,39,0,1000,627,365,4,4,119,11,29,2,13,111,3,1,0,0,68,7,0,1
22,HUNEDOARA,"CĂMINUL CULTURAL LUNCOIU DE SUS",397,"LUNCOIU DE JOS",90208,1,PROV,PRCNCT,S,S_SV,"2021-01-21 12:30:02",649,623,26,0,285,259,26,0,690,405,278,6,1,67,14,21,3,2,101,5,1,0,0,59,1,1,3
22,HUNEDOARA,"ȘCOALA PRIMARĂ MĂRTINEŞTI",398,MĂRTINEŞTI,90262,1,PROV,PRCNCT,S,S_SV,"2021-01-21 12:30:02",256,227,29,0,113,84,29,0,266,153,111,0,2,43,3,22,1,2,18,0,1,0,0,19,0,2,0
22,HUNEDOARA,"CĂMINUL CULTURAL DÂNCU MARE",399,MĂRTINEŞTI,90262,1,PROV,PRCNCT,S,S_SV,"2021-01-21 12:30:02",232,198,34,0,130,96,34,0,240,110,129,1,0,80,5,6,2,5,20,0,0,0,0,7,0,0,4
22,HUNEDOARA,"CĂMINUL CULTURAL DÂNCU MIC",400,MĂRTINEŞTI,90262,1,PROV,PRCNCT,S,S_SV,"2021-01-21 12:30:02",137,89,48,0,87,39,48,0,120,33,86,0,1,30,2,7,4,2,38,1,0,0,0,2,0,0,0
22,HUNEDOARA,"CĂMINUL CULTURAL JELEDINŢI",401,MĂRTINEŞTI,90262,1,PROV,PRCNCT,S,S_SV,"2021-01-21 12:30:02",230,209,21,0,93,72,21,0,240,147,93,0,0,24,1,21,10,2,27,0,0,0,0,6,0,2,0
22,HUNEDOARA,"CĂMINUL CULTURAL TĂMĂŞASA",402,MĂRTINEŞTI,90262,1,PROV,PRCNCT,S,S_SV,"2021-01-21 12:30:02",115,94,21,0,60,39,21,0,120,60,58,2,0,28,1,6,1,2,13,1,0,0,0,4,0,2,0
22,HUNEDOARA,"CAMIN CULTURAL ORASTIOARA DE SUS",403,"ORĂŞTIOARA DE SUS",90342,1,PROV,PRCNCT,S,S_SV,"2021-01-21 12:30:02",436,414,21,1,160,138,21,1,480,320,159,1,0,36,10,10,6,11,72,0,0,0,0,13,0,0,1
22,HUNEDOARA,"CAMIN CULTURAL BUCIUM",404,"ORĂŞTIOARA DE SUS",90342,1,PROV,PRCNCT,S,S_SV,"2021-01-21 12:30:02",303,275,23,5,181,153,23,5,330,149,181,0,0,38,13,13,2,8,86,1,3,1,0,13,1,1,1
22,HUNEDOARA,"CĂMINUL CULTURAL LUDEŞTII DE JOS",405,"ORĂŞTIOARA DE SUS",90342,1,PROV,PRCNCT,S,S_SV,"2021-01-21 12:30:02",302,280,21,1,116,94,21,1,331,215,113,1,2,32,5,6,1,3,56,2,0,1,0,5,1,0,1
22,HUNEDOARA,"CAMIN CULTURAL COSTESTI",406,"ORĂŞTIOARA DE SUS",90342,1,PROV,PRCNCT,S,S_SV,"2021-01-21 12:30:02",451,414,32,5,189,153,31,5,479,290,186,2,1,38,13,11,2,2,104,1,1,0,2,10,0,0,2
22,HUNEDOARA,"CĂMINUL CULTURAL GRĂDIŞTEA DE MUNTE",407,"ORĂŞTIOARA DE SUS",90342,1,PROV,PRCNCT,S,S_SV,"2021-01-21 12:30:02",144,132,12,0,67,55,12,0,150,83,66,0,1,17,5,3,1,2,26,2,0,1,0,6,2,1,0
22,HUNEDOARA,"CĂMINUL CULTURAL OCOLIŞU MIC",408,"ORĂŞTIOARA DE SUS",90342,1,PROV,PRCNCT,S,S_SV,"2021-01-21 12:30:02",322,307,15,0,147,132,15,0,360,213,145,2,0,38,6,5,1,2,66,1,2,0,0,21,1,1,1
22,HUNEDOARA,"CĂMINUL CULTURAL PESTIȘU MIC",409,"PESTIŞU MIC",90431,1,PROV,PRCNCT,S,S_SV,"2021-01-21 12:30:02",205,179,26,0,115,89,26,0,210,95,115,0,0,26,2,11,6,4,52,2,1,1,0,10,0,0,0
22,HUNEDOARA,"CĂMINUL CULTURAL ALMAŞU MIC",410,"PESTIŞU MIC",90431,1,PROV,PRCNCT,S,S_SV,"2021-01-21 12:30:02",93,55,38,0,69,31,38,0,100,31,68,1,0,18,4,6,1,10,20,0,1,1,0,7,0,0,0
22,HUNEDOARA,"CĂMINUL CULTURAL CIULPĂZ",411,"PESTIŞU MIC",90431,1,PROV,PRCNCT,S,S_SV,"2021-01-21 12:30:02",106,91,15,0,42,27,15,0,120,78,42,0,0,19,3,3,1,2,13,0,0,0,0,1,0,0,0
22,HUNEDOARA,"ȘCOALA PRIMARĂ JOSANI",412,"PESTIŞU MIC",90431,1,PROV,PRCNCT,S,S_SV,"2021-01-21 12:30:02",193,170,22,1,100,77,22,1,210,110,98,1,1,27,12,6,1,5,39,0,2,1,0,5,0,0,0
22,HUNEDOARA,"ȘCOALA PRIMARĂ MĂNERĂU",413,"PESTIŞU MIC",90431,1,PROV,PRCNCT,S,S_SV,"2021-01-21 12:30:02",251,235,16,0,118,102,16,0,270,152,116,2,0,50,8,5,1,6,28,3,0,2,0,9,1,3,0
22,HUNEDOARA,"ȘCOALA PRIMARĂ NANDRU",414,"PESTIŞU MIC",90431,1,PROV,PRCNCT,S,S_SV,"2021-01-21 12:30:02",163,135,27,1,96,68,27,1,150,54,96,0,0,37,3,6,1,9,31,2,0,0,3,4,0,0,0
22,HUNEDOARA,"ȘCOALA PRIMARĂ VALEA NANDRULUI",415,"PESTIŞU MIC",90431,1,PROV,PRCNCT,S,S_SV,"2021-01-21 12:30:02",149,119,27,3,94,64,27,3,150,56,91,3,0,15,2,4,1,17,45,1,0,0,0,6,0,0,0
22,HUNEDOARA,"ŞCOALA GIMNAZIALĂ PUI",416,PUI,90538,1,PROV,PRCNCT,S,S_SV,"2021-01-21 12:30:02",692,663,21,8,270,241,21,8,750,480,263,7,0,78,10,16,6,5,106,0,1,0,0,32,5,2,2
22,HUNEDOARA,"ŞCOALA PRIMARĂ RUŞOR",417,PUI,90538,1,PROV,PRCNCT,S,S_SV,"2021-01-21 12:30:02",289,270,15,4,149,130,15,4,300,151,149,0,0,36,7,8,3,3,74,0,2,0,0,13,3,0,0
22,HUNEDOARA,"ŞCOALA GIMNAZIALĂ BĂIEŞTI (CORP CLS. I-IV)",418,PUI,90538,1,PROV,PRCNCT,S,S_SV,"2021-01-21 12:30:02",219,193,21,5,113,87,21,5,240,127,110,1,2,24,5,5,3,5,56,1,1,0,0,10,0,0,0
22,HUNEDOARA,"ŞCOALA PRIMARĂ GALAŢI",419,PUI,90538,2,PART,PRCNCT,S,S_SV,"2021-01-21 12:30:02",409,386,21,2,155,132,21,2,450,295,146,7,2,39,5,5,2,3,70,2,0,0,0,19,0,0,1
22,HUNEDOARA,"ŞCOALA PRIMARĂ NR. 1 FIZEŞTI",420,PUI,90538,1,PROV,PRCNCT,S,S_SV,"2021-01-21 12:30:02",272,257,11,4,102,87,11,4,300,198,97,3,2,14,11,9,2,2,54,1,1,0,1,2,0,0,0
22,HUNEDOARA,"ŞCOALA PRIMARĂ ŞEREL",421,PUI,90538,1,PROV,PRCNCT,S,S_SV,"2021-01-21 12:30:02",371,358,13,0,166,153,13,0,420,254,162,4,0,19,7,9,2,2,82,1,0,2,0,37,1,0,0
22,HUNEDOARA,"CĂMINUL CULTURAL RÂU BĂRBAT",422,PUI,90538,1,PROV,PRCNCT,S,S_SV,"2021-01-21 12:30:02",193,158,20,15,114,79,20,15,180,66,112,1,1,21,5,3,1,2,76,0,0,0,0,3,1,0,0
22,HUNEDOARA,"ŞCOALA PRIMARĂ HOBIŢA",423,PUI,90538,1,PROV,PRCNCT,S,S_SV,"2021-01-21 12:30:02",169,153,12,4,100,84,12,4,180,80,98,0,2,16,7,13,4,2,48,1,0,0,0,6,1,0,0
22,HUNEDOARA,"ŞCOALA PRIMARĂ URIC",424,PUI,90538,2,PART,PRCNCT,S,S_SV,"2021-01-21 12:30:02",273,255,11,7,145,127,11,7,300,155,144,1,0,39,14,8,1,4,68,2,1,0,0,6,0,0,1
22,HUNEDOARA,"ŞCOALA PRIMARĂ PONOR",425,PUI,90538,2,PART,PRCNCT,S,S_SV,"2021-01-21 12:30:02",376,365,8,3,149,138,8,3,420,271,148,1,0,46,16,7,3,4,60,0,0,0,0,10,1,0,1
22,HUNEDOARA,"ŞCOALA PRIMARĂ OHABA PONOR",426,PUI,90538,1,PROV,PRCNCT,S,S_SV,"2021-01-21 12:30:02",213,203,9,1,84,74,9,1,240,156,83,0,1,17,11,9,2,4,30,0,0,0,0,10,0,0,0
22,HUNEDOARA,"ŞCOALA PRIMARĂ FEDERI",427,PUI,90538,1,PROV,PRCNCT,S,S_SV,"2021-01-21 12:30:02",208,197,11,0,75,64,11,0,240,165,73,0,2,8,3,2,4,2,42,4,0,0,0,5,0,1,2
22,HUNEDOARA,"CĂMINUL CULTURAL BOIU",428,"RAPOLTU MARE",90663,1,PROV,PRCNCT,S,S_SV,"2021-01-21 12:30:02",139,123,16,0,69,53,16,0,150,81,63,4,2,18,12,2,1,2,19,1,0,0,0,3,2,0,3
22,HUNEDOARA,"CĂMINUL CULTURAL BOBÂLNA",429,"RAPOLTU MARE",90663,1,PROV,PRCNCT,S,S_SV,"2021-01-21 12:30:02",408,381,27,0,146,119,27,0,420,274,143,1,2,53,8,4,0,4,52,1,3,0,0,12,6,0,0
22,HUNEDOARA,"CĂMINUL CULTURAL FOLT",430,"RAPOLTU MARE",90663,1,PROV,PRCNCT,S,S_SV,"2021-01-21 12:30:02",155,135,20,0,75,55,20,0,150,75,73,1,1,20,6,7,1,2,17,2,2,0,0,9,5,1,1
22,HUNEDOARA,"CĂMINUL CULTURAL RAPOLŢEL",431,"RAPOLTU MARE",90663,2,PART,PRCNCT,S,S_SV,"2021-01-21 12:30:02",202,181,21,0,79,58,21,0,210,131,76,2,1,22,8,1,1,3,33,0,1,0,0,5,2,0,0
22,HUNEDOARA,"PRIMĂRIA COMUNEI RAPOLTU MARE",432,"RAPOLTU MARE",90663,1,PROV,PRCNCT,S,S_SV,"2021-01-21 12:30:02",790,759,31,0,299,268,31,0,840,541,296,2,1,101,29,22,1,4,73,1,7,2,0,50,3,2,1
22,HUNEDOARA,"CAMINUL CULTURAL RĂCHITOVA",433,RĂCHITOVA,90725,1,PROV,PRCNCT,S,S_SV,"2021-01-21 12:30:02",532,505,27,0,261,234,27,0,570,309,257,3,1,192,7,10,3,5,29,0,1,0,0,4,4,1,1
22,HUNEDOARA,"SCOALA PRIMARA BOIȚA",434,RĂCHITOVA,90725,1,PROV,PRCNCT,S,S_SV,"2021-01-21 12:30:02",380,353,25,2,159,132,25,2,400,241,156,2,1,72,1,6,2,5,64,0,0,1,0,5,0,0,0
22,HUNEDOARA,"SCOALA PRIMARA VĂLIOARA",435,RĂCHITOVA,90725,1,PROV,PRCNCT,S,S_SV,"2021-01-21 12:30:02",199,186,13,0,94,81,13,0,210,116,94,0,0,35,13,6,2,3,22,1,1,1,0,10,0,0,0
22,HUNEDOARA,"ŞCOALA GENERALĂ RÎU DE MORI",436,"RÂU DE MORI",90878,1,PROV,PRCNCT,S,S_SV,"2021-01-21 12:30:02",893,845,39,9,394,346,39,9,960,566,383,5,6,216,5,26,10,15,73,1,3,1,0,30,0,0,3
22,HUNEDOARA,"ȘCOALA PRIMARĂ CLOPOTIVA",437,"RÂU DE MORI",90878,1,PROV,PRCNCT,S,S_SV,"2021-01-21 12:30:02",711,679,29,3,309,279,27,3,750,441,301,7,1,121,23,37,6,13,70,4,2,4,0,15,3,1,2
22,HUNEDOARA,"CĂMINUL CULTURAL OSTROV",438,"RÂU DE MORI",90878,1,PROV,PRCNCT,S,S_SV,"2021-01-21 12:30:02",397,381,16,0,168,152,16,0,420,252,168,0,0,92,4,14,4,8,38,0,2,0,0,5,1,0,0
22,HUNEDOARA,"CĂMINUL CULTURAL VALEA DÎLJII",439,"RÂU DE MORI",90878,1,PROV,PRCNCT,S,S_SV,"2021-01-21 12:30:02",203,192,11,0,112,101,11,0,240,128,110,2,0,55,7,3,1,8,18,7,0,0,0,10,0,0,1
22,HUNEDOARA,"ȘCOALA PRIMARĂ UNCIUC",440,"RÂU DE MORI",90878,1,PROV,PRCNCT,S,S_SV,"2021-01-21 12:30:02",211,189,22,0,121,99,22,0,210,89,118,3,0,67,7,4,9,2,14,5,2,1,0,7,0,0,0
22,HUNEDOARA,"ȘCOALA PRIMARĂ SIBIȘEL",441,"RÂU DE MORI",90878,2,PART,PRCNCT,S,S_SV,"2021-01-21 12:30:02",337,316,21,0,158,137,21,0,360,202,154,3,1,67,6,15,6,6,27,7,0,3,0,17,0,0,0
22,HUNEDOARA,"CĂMINUL CULTURAL RIBIŢA",442,RIBIŢA,90805,1,PROV,PRCNCT,S,S_SV,"2021-01-21 12:30:02",565,514,35,16,272,221,35,16,570,298,270,2,0,114,5,17,7,4,87,2,1,5,0,26,0,0,2
22,HUNEDOARA,"CĂMINUL CULTURAL ”VIOREL BRANA” CRIŞAN",443,RIBIŢA,90805,1,PROV,PRCNCT,S,S_SV,"2021-01-21 12:30:02",374,341,18,15,208,175,18,15,390,182,206,1,1,141,8,8,1,2,24,3,0,0,0,18,1,0,0
22,HUNEDOARA,"CĂMINUL CULTURAL DUMBRAVA DE JOS",444,RIBIŢA,90805,1,PROV,PRCNCT,S,S_SV,"2021-01-21 12:30:02",166,133,23,10,102,69,23,10,150,48,101,1,0,63,3,3,5,1,17,8,0,0,0,1,0,0,0
22,HUNEDOARA,"ŞCOALA PRIMARĂ DUMBRAVA DE SUS",445,RIBIŢA,90805,1,PROV,PRCNCT,S,S_SV,"2021-01-21 12:30:02",89,72,15,2,52,35,15,2,100,48,51,0,1,27,1,3,6,2,3,3,0,0,0,5,0,0,1
22,HUNEDOARA,"ŞCOALA PRIMARĂ UIBĂREŞTI",446,RIBIŢA,90805,1,PROV,PRCNCT,S,S_SV,"2021-01-21 12:30:02",75,54,19,2,42,21,19,2,70,28,41,0,1,18,2,1,6,1,8,2,0,0,0,3,0,0,0
22,HUNEDOARA,"SCOALA PRIMARA ROMOS",447,ROMOS,90994,1,PROV,PRCNCT,S,S_SV,"2021-01-21 12:30:02",985,958,18,9,333,308,16,9,1080,747,330,2,1,72,15,44,2,4,157,3,0,0,0,27,4,0,2
22,HUNEDOARA,"SCOALA PRIMARA ROMOSEL",448,ROMOS,90994,1,PROV,PRCNCT,S,S_SV,"2021-01-21 12:30:02",601,586,13,2,202,188,12,2,660,458,192,6,4,33,2,35,5,6,81,2,1,0,1,26,0,0,0
22,HUNEDOARA,"SCOALA PRIMARA VAIDEI",449,ROMOS,90994,1,PROV,PRCNCT,S,S_SV,"2021-01-21 12:30:02",546,526,19,1,166,146,19,1,600,434,160,4,2,30,9,42,2,5,44,4,0,0,1,20,1,1,1
22,HUNEDOARA,"SCOALA PRIMARA PISCHINTI",450,ROMOS,90994,1,PROV,PRCNCT,S,S_SV,"2021-01-21 12:30:02",185,175,10,0,67,57,10,0,210,143,67,0,0,17,3,5,0,2,29,2,0,0,0,9,0,0,0
22,HUNEDOARA,"CAMINUL CULTURAL SARMIZEGETUSA",451,SARMIZEGETUSA,91054,2,PART,PRCNCT,S,S_SV,"2021-01-21 12:30:02",488,448,15,25,296,256,15,25,510,214,295,1,0,59,20,11,7,2,180,0,0,0,0,13,3,0,0
22,HUNEDOARA,"SCOALA PRIMARA BREAZOVA",452,SARMIZEGETUSA,91054,1,PROV,PRCNCT,S,S_SV,"2021-01-21 12:30:02",167,153,10,4,117,103,10,4,180,63,114,2,1,17,9,2,10,2,59,0,0,7,2,4,0,2,0
22,HUNEDOARA,"SCOALA PRIMARA HOBITA-GRADISTE",453,SARMIZEGETUSA,91054,1,PROV,PRCNCT,S,S_SV,"2021-01-21 12:30:02",131,109,11,11,88,66,11,11,120,32,85,2,1,10,12,9,1,0,49,0,0,0,0,2,0,0,2
22,HUNEDOARA,"CAMINUL CULTURAL PAUCINESTI",454,SARMIZEGETUSA,91054,1,PROV,PRCNCT,S,S_SV,"2021-01-21 12:30:02",168,145,13,10,120,97,13,10,180,60,118,2,0,9,4,5,4,1,91,0,0,0,0,4,0,0,0
22,HUNEDOARA,"CAMINUL CULTURAL ZEICANI",455,SARMIZEGETUSA,91054,1,PROV,PRCNCT,S,S_SV,"2021-01-21 12:30:02",121,103,11,7,75,57,11,7,120,45,74,0,1,15,5,5,10,1,31,1,6,0,0,0,0,0,0
22,HUNEDOARA,"CĂMINUL CULTURAL SĂLAȘU DE SUS",456,"SĂLAŞU DE SUS",91116,1,PROV,PRCNCT,S,S_SV,"2021-01-21 12:30:02",451,414,36,1,207,170,36,1,480,273,200,4,3,72,34,18,3,5,45,1,0,3,1,11,3,1,3
22,HUNEDOARA,"ŞCOALA GENERALĂ SĂLAŞU DE JOS",457,"SĂLAŞU DE SUS",91116,1,PROV,PRCNCT,S,S_SV,"2021-01-21 12:30:02",209,190,19,0,116,97,19,0,240,124,114,1,1,37,33,6,3,7,17,0,2,0,0,6,2,0,1
22,HUNEDOARA,"ŞCOALA GENERALĂ OHABA DE SUB PIATRĂ",458,"SĂLAŞU DE SUS",91116,1,PROV,PRCNCT,S,S_SV,"2021-01-21 12:30:02",181,163,18,0,93,75,18,0,180,87,89,2,2,25,9,6,4,28,8,2,2,0,0,4,0,1,0
22,HUNEDOARA,"ŞCOALA GENERALĂ RÂU ALB",459,"SĂLAŞU DE SUS",91116,2,PART,PRCNCT,S,S_SV,"2021-01-21 12:30:02",168,157,11,0,73,62,11,0,180,107,70,2,1,27,7,4,6,8,13,1,3,1,0,0,0,0,0
22,HUNEDOARA,"CĂMINUL CULTURAL COROIEŞTI",460,"SĂLAŞU DE SUS",91116,1,PROV,PRCNCT,S,S_SV,"2021-01-21 12:30:02",164,153,11,0,80,69,11,0,180,100,80,0,0,33,2,2,3,2,28,2,0,0,0,6,0,1,1
22,HUNEDOARA,"ŞCOALA GENERALĂ PAROŞ",461,"SĂLAŞU DE SUS",91116,1,PROV,PRCNCT,S,S_SV,"2021-01-21 12:30:02",294,265,29,0,163,134,29,0,300,137,162,1,0,60,25,10,14,21,21,1,0,0,1,8,0,0,1
22,HUNEDOARA,"ŞCOALA GENERALĂ NUCŞOARA",462,"SĂLAŞU DE SUS",91116,1,PROV,PRCNCT,S,S_SV,"2021-01-21 12:30:02",247,232,15,0,117,102,15,0,270,153,114,3,0,49,4,5,18,3,25,1,1,1,0,5,1,1,0
22,HUNEDOARA,"CĂMINUL CULTURAL MĂLĂIEŞTI",463,"SĂLAŞU DE SUS",91116,2,PART,PRCNCT,S,S_SV,"2021-01-21 12:30:02",133,123,10,0,91,81,10,0,150,59,91,0,0,28,15,3,4,1,34,0,0,0,0,5,0,1,0
22,HUNEDOARA,"CĂMINUL CULTURAL ZĂVOI",464,"SĂLAŞU DE SUS",91116,1,PROV,PRCNCT,S,S_SV,"2021-01-21 12:30:02",122,108,14,0,65,51,14,0,120,55,65,0,0,26,10,5,3,6,12,1,1,0,0,1,0,0,0
22,HUNEDOARA,"ŞCOALA GENERALĂ RÂU MIC",465,"SĂLAŞU DE SUS",91116,1,PROV,PRCNCT,S,S_SV,"2021-01-21 12:30:02",158,146,12,0,86,74,12,0,180,94,85,0,1,35,8,7,1,5,25,1,0,0,0,2,1,0,0
22,HUNEDOARA,"CĂMINUL CULTURAL SÂNTĂMĂRIA-ORLEA",466,SÂNTĂMĂRIA-ORLEA,91232,1,PROV,PRCNCT,S,S_SV,"2021-01-21 12:30:02",656,631,21,4,249,224,21,4,720,471,247,1,1,106,13,16,5,24,47,2,2,0,0,28,4,0,0
22,HUNEDOARA,"ŞCOALA PRIMARĂ SUBCETATE",467,SÂNTĂMĂRIA-ORLEA,91232,1,PROV,PRCNCT,S,S_SV,"2021-01-21 12:30:02",487,470,12,5,145,128,12,5,540,395,142,3,0,67,13,15,2,14,16,1,0,0,0,12,2,0,0
22,HUNEDOARA,"CĂMINUL CULTURAL BUCIUM-ORLEA",468,SÂNTĂMĂRIA-ORLEA,91232,1,PROV,PRCNCT,S,S_SV,"2021-01-21 12:30:02",181,168,12,1,93,80,12,1,210,117,91,2,0,48,5,2,1,6,15,1,1,2,0,9,0,0,1
22,HUNEDOARA,"CĂMINUL CULTURAL BALOMIR",469,SÂNTĂMĂRIA-ORLEA,91232,1,PROV,PRCNCT,S,S_SV,"2021-01-21 12:30:02",282,264,13,5,141,123,13,5,300,159,137,4,0,90,4,7,2,3,15,1,1,2,0,10,1,0,1
22,HUNEDOARA,"ŞCOALA PRIMARĂ CIOPEIA",470,SÂNTĂMĂRIA-ORLEA,91232,1,PROV,PRCNCT,S,S_SV,"2021-01-21 12:30:02",339,324,12,3,112,97,12,3,360,248,109,1,2,70,9,6,0,4,9,1,1,2,0,6,1,0,0
22,HUNEDOARA,"ŞCOALA PRIMARĂ BĂRĂŞTII-HAŢEGULUI",471,SÂNTĂMĂRIA-ORLEA,91232,1,PROV,PRCNCT,S,S_SV,"2021-01-21 12:30:02",323,305,12,6,113,96,11,6,360,247,109,2,2,46,7,11,0,11,24,4,0,0,0,6,0,0,0
22,HUNEDOARA,"ŞCOALA SĂCEL",472,SÂNTĂMĂRIA-ORLEA,91232,1,PROV,PRCNCT,S,S_SV,"2021-01-21 12:30:02",237,228,8,1,84,75,8,1,270,186,83,1,0,31,12,8,1,2,18,1,2,0,1,5,1,0,1
22,HUNEDOARA,"CĂMINUL CULTURAL SÂNPETRU",473,SÂNTĂMĂRIA-ORLEA,91232,2,PART,PRCNCT,S,S_SV,"2021-01-21 12:30:02",211,195,13,3,106,90,13,3,240,134,106,0,0,57,14,4,0,9,15,1,0,0,0,6,0,0,0
22,HUNEDOARA,"CĂMIN CULTURAL,SAT ŞOIMUŞNR. 310",474,ŞOIMUŞ,91330,1,PROV,PRCNCT,S,S_SV,"2021-01-21 12:30:02",1153,1084,68,1,503,434,68,1,1201,698,494,7,2,126,12,29,4,7,226,5,6,5,1,64,1,4,4
22,HUNEDOARA,"CĂMIN CULTURAL,SAT BĂLATANR. 37",475,ŞOIMUŞ,91330,1,PROV,PRCNCT,S,S_SV,"2021-01-21 12:30:02",392,367,25,0,164,139,25,0,420,256,163,1,0,46,7,15,0,4,60,1,0,0,1,27,0,1,1
22,HUNEDOARA,"CĂMIN CULTURAL SAT BOHOLT, NR. 39",476,ŞOIMUŞ,91330,1,PROV,PRCNCT,S,S_SV,"2021-01-21 12:30:02",295,270,25,0,135,110,25,0,300,165,134,1,0,50,4,6,2,3,47,2,2,4,0,12,1,0,1
22,HUNEDOARA,"CĂMIN CULTURAL SAT FORNĂDIA, NR. 71",477,ŞOIMUŞ,91330,1,PROV,PRCNCT,S,S_SV,"2021-01-21 12:30:02",204,180,24,0,111,87,24,0,208,97,109,2,0,27,13,10,1,2,46,1,2,0,0,6,0,0,1
22,HUNEDOARA,"ŞCOALA PRIMARĂ SAT SULIGHETE NR. 88",478,ŞOIMUŞ,91330,2,PART,PRCNCT,S,S_SV,"2021-01-21 12:30:02",263,224,37,2,143,104,37,2,270,127,141,0,2,18,9,4,1,1,97,1,1,1,0,6,1,1,0
22,HUNEDOARA,"CĂMIN CULTURAL , SAT PĂULIŞ, NR. 61",479,ŞOIMUŞ,91330,1,PROV,PRCNCT,S,S_SV,"2021-01-21 12:30:02",609,567,35,7,276,234,35,7,630,354,270,3,3,100,7,12,0,2,105,2,0,0,0,32,4,3,3
22,HUNEDOARA,"CĂMIN CULTURAL SAT CHIŞCĂDAGA, NR. 94",480,ŞOIMUŞ,91330,1,PROV,PRCNCT,S,S_SV,"2021-01-21 12:30:02",331,290,39,2,199,158,39,2,330,131,193,4,2,33,10,10,0,2,117,1,0,0,0,19,0,1,0
22,HUNEDOARA,"CĂMINUL CULTURAL TELIUCU INFERIOR",481,"TELIUCU INFERIOR",86936,1,PROV,PRCNCT,S,S_SV,"2021-01-21 12:30:02",1227,1201,24,2,434,408,24,2,1350,916,421,13,0,129,64,20,2,16,104,4,5,7,2,52,5,9,2
22,HUNEDOARA,"CASA TINERETULUI CINCIȘAN",482,"TELIUCU INFERIOR",86936,1,PROV,PRCNCT,S,S_SV,"2021-01-21 12:30:02",560,528,32,0,238,206,32,0,600,362,232,4,2,83,11,22,1,6,74,0,1,8,0,13,5,6,2
22,HUNEDOARA,"CĂMINUL CULTURAL IZVOARELE",483,"TELIUCU INFERIOR",86936,2,PART,PRCNCT,S,S_SV,"2021-01-21 12:30:02",104,73,30,1,62,31,30,1,100,38,61,0,1,26,4,2,1,2,16,3,0,1,0,3,1,0,2
22,HUNEDOARA,"CENTRUL CULTURAL RECREATIV PLOSCA",484,"TELIUCU INFERIOR",86936,1,PROV,PRCNCT,S,S_SV,"2021-01-21 12:30:02",283,264,19,0,114,95,19,0,300,186,113,0,1,36,5,8,1,3,47,4,1,0,0,6,1,1,0
22,HUNEDOARA,"ȘCOALA GENERALĂ CLS.1-4 ȘTEIA",485,TOMEŞTI,91447,1,PROV,PRCNCT,S,S_SV,"2021-01-21 12:30:02",320,306,14,0,155,141,14,0,360,205,153,1,1,57,6,2,7,4,62,1,0,0,0,12,1,1,0
22,HUNEDOARA,"CĂMINUL CULTURAL TOMEŞTI",486,TOMEŞTI,91447,1,PROV,PRCNCT,S,S_SV,"2021-01-21 12:30:02",230,212,18,0,104,86,18,0,240,136,103,0,1,24,5,3,0,1,55,1,2,1,0,10,0,0,1
22,HUNEDOARA,"CĂMINUL CULTURAL DOBROȚ",487,TOMEŞTI,91447,1,PROV,PRCNCT,S,S_SV,"2021-01-21 12:30:02",347,324,23,0,193,170,23,0,360,167,189,4,0,57,5,4,0,7,103,8,0,0,0,4,1,0,0
22,HUNEDOARA,"CAMINUL CULTURAL TOPLITA",488,TOPLIŢA,91535,1,PROV,PRCNCT,S,S_SV,"2021-01-21 12:30:02",186,150,36,0,95,59,36,0,180,85,93,2,0,23,5,17,1,3,37,3,1,0,0,2,1,0,0
22,HUNEDOARA,"SCOALA PRIMARA HASDAU",489,TOPLIŢA,91535,1,PROV,PRCNCT,S,S_SV,"2021-01-21 12:30:02",316,294,22,0,155,133,22,0,360,205,154,0,1,54,13,17,7,3,49,1,1,1,1,5,0,1,1
22,HUNEDOARA,"CAMINUL CULTURAL DABICA",490,TOPLIŢA,91535,1,PROV,PRCNCT,S,S_SV,"2021-01-21 12:30:02",161,127,34,0,86,52,34,0,150,64,83,2,1,19,8,4,2,3,40,1,0,0,0,5,0,1,0
22,HUNEDOARA,"CAMINUL CULTURAL DEALU MIC",491,TOPLIŢA,91535,1,PROV,PRCNCT,S,S_SV,"2021-01-21 12:30:02",55,40,15,0,32,17,15,0,70,38,30,0,2,8,2,1,1,3,13,1,0,0,0,0,1,0,0
22,HUNEDOARA,"CĂMIN CULTURAL VĂLARI",492,TOPLIŢA,91535,1,PROV,PRCNCT,S,S_SV,"2021-01-21 12:30:02",39,28,11,0,22,11,11,0,60,38,22,0,0,9,2,1,2,1,7,0,0,0,0,0,0,0,0
22,HUNEDOARA,"ȘCOALA GIMNAZIALĂ TOTEȘTI",493,TOTEŞTI,91624,1,PROV,PRCNCT,S,S_SV,"2021-01-21 12:30:02",344,311,20,13,214,181,20,13,360,146,211,2,1,136,13,11,0,9,32,2,2,1,0,4,0,1,0
22,HUNEDOARA,"CAMINUL CULTURAL CIRNESTI",494,TOTEŞTI,91624,2,PART,PRCNCT,S,S_SV,"2021-01-21 12:30:02",400,371,19,10,193,164,19,10,420,227,190,2,1,124,5,13,2,5,31,0,0,0,0,8,2,0,0
22,HUNEDOARA,"SCOALA PRIMARA PACLISA",495,TOTEŞTI,91624,1,PROV,PRCNCT,S,S_SV,"2021-01-21 12:30:02",563,501,32,30,284,222,32,30,570,286,278,3,3,214,4,13,0,6,20,0,0,0,0,20,0,1,0
22,HUNEDOARA,"SCOALA PRIMARA REEA",496,TOTEŞTI,91624,1,PROV,PRCNCT,S,S_SV,"2021-01-21 12:30:02",359,345,12,2,186,172,12,2,400,214,185,1,0,108,11,2,9,3,25,1,0,6,0,18,0,1,1
22,HUNEDOARA,"CĂMINUL CULTURAL TURDAŞ",497,TURDAŞ,91688,1,PROV,PRCNCT,S,S_SV,"2021-01-21 12:30:02",434,409,25,0,180,155,25,0,480,300,176,3,1,59,5,9,5,6,71,1,0,2,0,15,3,0,0
22,HUNEDOARA,"CĂMINUL CULTURAL PRICAZ",498,TURDAŞ,91688,2,PART,PRCNCT,S,S_SV,"2021-01-21 12:30:02",1072,1049,22,1,327,304,22,1,1170,843,314,11,2,101,6,25,6,10,81,8,3,1,0,64,6,1,2
22,HUNEDOARA,"ŞCOALA PRIMARĂ SPINI",499,TURDAŞ,91688,1,PROV,PRCNCT,S,S_SV,"2021-01-21 12:30:02",253,239,14,0,78,64,14,0,270,192,76,2,0,29,4,3,1,5,22,0,0,0,0,7,2,1,2
22,HUNEDOARA,"ȘCOALA GIMNAZIALĂ VAȚA DE JOS",500,"VAŢA DE JOS",91795,1,PROV,PRCNCT,S,S_SV,"2021-01-21 12:30:02",860,846,14,0,304,290,14,0,930,626,300,1,3,136,12,14,5,4,79,15,5,2,1,24,2,0,1
22,HUNEDOARA,"ȘCOALA PRIMARĂ CĂZĂNEȘTI",501,"VAŢA DE JOS",91795,1,PROV,PRCNCT,S,S_SV,"2021-01-21 12:30:02",172,162,10,0,65,55,10,0,178,113,65,0,0,26,6,2,1,2,18,3,4,0,0,2,1,0,0
22,HUNEDOARA,"ȘCOALA PRIMARĂ BIRTIN",502,"VAŢA DE JOS",91795,2,PART,PRCNCT,S,S_SV,"2021-01-21 12:30:02",261,249,12,0,121,109,12,0,300,179,114,5,2,42,6,7,1,8,25,1,2,0,0,22,0,0,0
22,HUNEDOARA,"ŞCOALA PRIMARĂ PRĂVĂLENI",503,"VAŢA DE JOS",91795,1,PROV,PRCNCT,S,S_SV,"2021-01-21 12:30:02",235,224,11,0,91,80,11,0,270,179,91,0,0,37,3,4,0,3,43,1,0,0,0,0,0,0,0
22,HUNEDOARA,"ŞCOALA PRIMARĂ CIUNGANI",504,"VAŢA DE JOS",91795,1,PROV,PRCNCT,S,S_SV,"2021-01-21 12:30:02",205,198,7,0,76,69,7,0,240,164,76,0,0,32,5,15,0,1,15,1,1,0,0,4,1,0,1
22,HUNEDOARA,"ŞCOALA PRIMARĂ PRIHODIȘTE",505,"VAŢA DE JOS",91795,1,PROV,PRCNCT,S,S_SV,"2021-01-21 12:30:02",307,295,12,0,139,127,12,0,330,191,137,1,1,77,10,13,0,3,25,1,3,0,0,4,1,0,0
22,HUNEDOARA,"ŞCOALA PRIMARĂ TÂRNAVA DE CRIȘ",506,"VAŢA DE JOS",91795,1,PROV,PRCNCT,S,S_SV,"2021-01-21 12:30:02",672,656,14,2,266,250,14,2,750,484,262,3,1,77,6,5,1,1,106,24,1,0,0,34,6,1,0
22,HUNEDOARA,"ŞCOALA PRIMARĂ OCIU",507,"VAŢA DE JOS",91795,1,PROV,PRCNCT,S,S_SV,"2021-01-21 12:30:02",404,394,10,0,118,108,10,0,450,332,117,1,0,45,10,12,0,2,33,5,0,0,0,8,1,0,1
22,HUNEDOARA,"CĂMINUL CULTURAL VĂLIŞOARA",508,VĂLIŞOARA,91937,2,PART,PRCNCT,S,S_SV,"2021-01-21 12:30:02",671,615,54,2,310,254,54,2,700,390,305,4,1,134,17,17,2,8,68,2,2,1,0,48,2,1,3
22,HUNEDOARA,"CĂMINUL CULTURAL DEALU MARE",509,VĂLIŞOARA,91937,1,PROV,PRCNCT,S,S_SV,"2021-01-21 12:30:02",176,159,17,0,99,82,17,0,179,80,94,4,1,57,1,3,1,3,18,2,0,0,0,9,0,0,0
22,HUNEDOARA,"CĂMINUL CULTURAL SĂLIŞTIOARA",510,VĂLIŞOARA,91937,2,PART,PRCNCT,S,S_SV,"2021-01-21 12:30:02",243,230,13,0,111,98,13,0,270,159,106,3,2,64,2,3,1,2,21,4,5,0,0,4,0,0,0
22,HUNEDOARA,"CĂMINUL CULTURAL VEŢEL",511,VEŢEL,91982,1,PROV,PRCNCT,S,S_SV,"2021-01-21 12:30:02",942,894,47,1,323,275,47,1,1000,677,314,8,1,122,28,29,4,10,52,8,2,11,0,39,9,0,0
22,HUNEDOARA,"CĂMINUL CULTURAL MINTIA",512,VEŢEL,91982,2,PART,PRCNCT,S,S_SV,"2021-01-21 12:30:02",929,908,21,0,258,237,21,0,1020,762,248,8,2,62,13,30,1,9,48,2,3,26,0,47,5,1,1
22,HUNEDOARA,"CĂMINUL CULTURAL LEȘNIC",513,VEŢEL,91982,1,PROV,PRCNCT,S,S_SV,"2021-01-21 12:30:02",499,458,41,0,200,159,41,0,510,310,198,1,1,90,12,18,2,6,26,3,0,5,0,33,1,0,2
22,HUNEDOARA,"ŞCOALA PRIMARĂ MUNCELU MIC",514,VEŢEL,91982,1,PROV,PRCNCT,S,S_SV,"2021-01-21 12:30:02",116,95,21,0,54,33,21,0,120,66,54,0,0,33,2,1,1,1,7,2,1,1,0,4,0,0,1
22,HUNEDOARA,"CĂMIN CULTURAL MUNCELU MARE",515,VEŢEL,91982,2,PART,PRCNCT,S,S_SV,"2021-01-21 12:30:02",77,61,16,0,30,14,16,0,100,70,29,1,0,7,2,3,0,3,4,0,0,0,0,10,0,0,0
22,HUNEDOARA,"CENTRUL DE INFORMARE TURISTICA VORTA",516,VORŢA,92097,1,PROV,PRCNCT,S,S_SV,"2021-01-21 12:30:02",154,125,20,9,84,55,20,9,150,66,80,1,3,8,11,0,2,3,46,1,1,0,0,6,2,0,0
22,HUNEDOARA,"CAMINUL CULTURAL VISCA",517,VORŢA,92097,1,PROV,PRCNCT,S,S_SV,"2021-01-21 12:30:02",310,291,19,0,160,141,19,0,330,170,152,3,5,25,9,3,0,2,67,4,1,15,0,25,1,0,0
22,HUNEDOARA,"SCOALA PRIMARA VALEA POIENII",518,VORŢA,92097,1,PROV,PRCNCT,S,S_SV,"2021-01-21 12:30:02",130,109,21,0,68,47,21,0,150,82,68,0,0,19,8,3,2,1,26,0,0,3,0,6,0,0,0
22,HUNEDOARA,"IMOBILUL NR 9 DIN SATUL COAJA",519,VORŢA,92097,1,PROV,PRCNCT,S,S_SV,"2021-01-21 12:30:02",111,99,10,2,65,53,10,2,120,55,60,2,3,17,5,3,3,2,28,0,0,0,0,1,0,1,0
22,HUNEDOARA,"CĂMINUL CULTURAL ZAM",520,ZAM,92177,1,PROV,PRCNCT,S,S_SV,"2021-01-21 12:30:02",586,538,48,0,224,176,48,0,622,398,222,2,0,83,10,22,2,7,69,1,1,5,0,22,0,0,0
22,HUNEDOARA,"ŞCOALA PRIMARĂ POGĂNEŞTI",521,ZAM,92177,1,PROV,PRCNCT,S,S_SV,"2021-01-21 12:30:02",228,203,25,0,65,40,25,0,240,175,63,1,1,27,4,4,1,2,16,2,1,1,0,5,0,0,0
22,HUNEDOARA,"CĂMINUL CULTURAL ALMAŞ SĂLIŞTE",522,ZAM,92177,1,PROV,PRCNCT,S,S_SV,"2021-01-21 12:30:02",124,109,15,0,48,33,15,0,150,102,46,1,1,16,1,3,0,3,20,1,0,0,0,1,0,1,0
22,HUNEDOARA,"CĂMINUL CULTURAL GODINEŞTI",523,ZAM,92177,1,PROV,PRCNCT,S,S_SV,"2021-01-21 12:30:02",112,100,12,0,50,38,12,0,120,70,50,0,0,12,1,4,0,1,25,1,2,0,0,1,1,0,2
22,HUNEDOARA,"CĂMINUL CULTURAL SĂLCIVA",524,ZAM,92177,1,PROV,PRCNCT,S,S_SV,"2021-01-21 12:30:02",425,402,23,0,150,127,23,0,450,300,142,4,4,52,5,10,1,4,54,1,1,0,0,10,2,1,1
