precinct_county_nce,precinct_county_name,precinct_name,precinct_nr,uat_name,uat_siruta,report_version,report_stage_code,report_type_scope_code,report_type_category_code,report_type_code,created_at,a,a1,a2,a3,b,b1,b2,b3,c,d,e,f,g,"PARTIDUL MIȘCAREA POPULARĂ-voturi","ALIANȚA USR PLUS-voturi","PARTIDUL NAȚIONAL LIBERAL-voturi","PARTIDUL PRO ROMÂNIA-voturi","UNIUNEA DEMOCRATĂ MAGHIARĂ DIN ROMÂNIA-voturi","PARTIDUL SOCIAL DEMOCRAT-voturi","PARTIDUL ECOLOGIST ROMÂN-voturi","PARTIDUL PUTERII UMANISTE (SOCIAL-LIBERAL)-voturi","PARTIDUL ROMÂNIA MARE-voturi","PARTIDUL NOUA ROMÂNIE-voturi","ALIANȚA PENTRU UNIREA ROMÂNILOR-voturi","PARTIDUL SOCIALIST ROMÂN-voturi","ASOCIAȚIA ITALIENILOR DIN ROMÂNIA – RO.AS.IT.-voturi","ASOCIAȚIA PARTIDA ROMILOR “PRO-EUROPA”-voturi","UNIUNEA DEMOCRATĂ TURCĂ DIN ROMÂNIA-voturi","UNIUNEA BULGARĂ DIN BANAT-ROMÂNIA-voturi","UNIUNEA UCRAINENILOR DIN ROMÂNIA-voturi","UNIUNEA DEMOCRATICĂ A SLOVACILOR ȘI CEHILOR DIN ROMÂNIA-voturi","UNIUNEA POLONEZILOR DIN ROMÂNIA-voturi","FEDERAȚIA COMUNITĂȚILOR EVREIEȘTI DIN ROMÂNIA-voturi","COMUNITATEA RUȘILOR LIPOVENI DIN ROMÂNIA-voturi","ASOCIAȚIA MACEDONENILOR DIN ROMÂNIA-voturi","UNIUNEA CULTURALĂ A RUTENILOR DIN ROMÂNIA-voturi","UNIUNEA CROAȚILOR DIN ROMÂNIA-voturi","UNIUNEA SÂRBILOR DIN ROMÂNIA-voturi","UNIUNEA ELENĂ DIN ROMÂNIA-voturi","ASOCIAȚIA LIGA ALBANEZILOR DIN ROMÂNIA-voturi","FORUMUL DEMOCRAT AL GERMANILOR DIN ROMÂNIA-voturi","UNIUNEA ARMENILOR DIN ROMÂNIA-voturi","ANDRIAN TIBERIU-CANDIDAT INDEPENDENT-voturi"
4,BACĂU,"ŞCOALA GIMNAZIALĂ NR. 9",1,"MUNICIPIUL BACĂU",20297,1,PROV,PRCNCT,CD,CD_SV,"2021-01-21 12:30:02",1316,1304,12,0,385,373,12,0,1430,1045,378,6,1,15,117,75,10,0,88,21,5,4,0,38,0,0,2,0,0,0,0,0,0,0,0,0,0,0,0,0,0,0,3
4,BACĂU,"ŞCOALA GIMNAZIALĂ NR. 9",2,"MUNICIPIUL BACĂU",20297,1,PROV,PRCNCT,CD,CD_SV,"2021-01-21 12:30:02",1151,1136,15,0,369,354,15,0,1300,931,365,4,0,30,76,90,18,1,87,11,3,0,0,40,1,0,0,1,0,0,0,0,0,0,0,1,0,0,0,0,3,2,1
4,BACĂU,"ȘCOALA GIMNAZIALĂ ”GEORGETA MIRCEA CANCICOV”",3,"MUNICIPIUL BACĂU",20297,1,PROV,PRCNCT,CD,CD_SV,"2021-01-21 12:30:02",1580,1560,20,0,405,385,20,0,1700,1295,395,7,3,23,112,89,10,0,86,15,9,5,1,40,0,0,1,0,0,0,0,0,0,0,0,0,0,1,0,0,0,0,3
4,BACĂU,"ȘCOALA GIMNAZIALĂ ”GEORGETA MIRCEA CANCICOV”",4,"MUNICIPIUL BACĂU",20297,1,PROV,PRCNCT,CD,CD_SV,"2021-01-21 12:30:02",1579,1560,19,0,453,434,19,0,1700,1247,446,7,0,27,121,110,26,3,80,16,10,0,1,40,3,0,1,0,0,0,0,0,0,0,1,0,0,0,0,0,1,1,5
4,BACĂU,"ȘCOALA GIMNAZIALĂ ”GEORGETA MIRCEA CANCICOV”",5,"MUNICIPIUL BACĂU",20297,1,PROV,PRCNCT,CD,CD_SV,"2021-01-21 12:30:02",1494,1472,21,1,422,400,21,1,1600,1178,420,2,0,14,106,85,26,1,119,14,5,2,0,38,2,1,0,0,1,0,0,0,1,0,0,0,0,0,1,0,0,1,3
4,BACĂU,"ȘCOALA GIMNAZIALĂ ”GEORGETA MIRCEA CANCICOV”",6,"MUNICIPIUL BACĂU",20297,1,PROV,PRCNCT,CD,CD_SV,"2021-01-21 12:30:02",1490,1464,26,0,475,449,26,0,1601,1126,465,9,1,27,115,107,27,0,108,19,10,5,0,41,2,1,0,0,0,0,0,0,1,0,1,0,0,1,0,0,0,0,0
4,BACĂU,"DIRECȚIA DE ASISTENTĂ SOCIALĂ",7,"MUNICIPIUL BACĂU",20297,1,PROV,PRCNCT,CD,CD_SV,"2021-01-21 12:30:02",1390,1360,30,0,424,394,30,0,1500,1076,413,11,0,24,113,96,14,3,86,13,8,2,2,43,0,0,2,0,1,0,0,0,0,0,0,0,0,0,0,0,1,1,4
4,BACĂU,"GRĂDINIȚA CU PROGRAM PRELUNGIT ”CRAI NOU”",8,"MUNICIPIUL BACĂU",20297,1,PROV,PRCNCT,CD,CD_SV,"2021-01-21 12:30:02",1097,1086,9,2,247,236,9,2,1200,953,238,7,2,9,63,52,17,1,53,5,5,0,0,28,0,0,0,1,1,0,0,0,0,0,1,0,0,0,1,0,0,1,0
4,BACĂU,"GRĂDINIȚA CU PROGRAM PRELUNGIT ”CRAI NOU”",9,"MUNICIPIUL BACĂU",20297,1,PROV,PRCNCT,CD,CD_SV,"2021-01-21 12:30:02",1079,1060,19,0,284,265,19,0,1200,916,279,5,0,10,82,67,11,1,59,12,3,2,0,25,1,2,0,0,0,0,0,0,0,1,0,0,0,0,0,0,0,0,3
4,BACĂU,"ȘCOALA GIMNAZIALĂ ”MIHAIL SADOVEANU”",10,"MUNICIPIUL BACĂU",20297,1,PROV,PRCNCT,CD,CD_SV,"2021-01-21 12:30:02",1391,1364,25,2,367,340,25,2,1497,1130,360,6,1,20,86,82,20,1,85,15,16,2,0,29,1,0,0,0,0,0,0,0,1,1,0,0,0,0,0,0,0,0,1
4,BACĂU,"ȘCOALA GIMNAZIALĂ ”MIHAIL SADOVEANU”",11,"MUNICIPIUL BACĂU",20297,1,PROV,PRCNCT,CD,CD_SV,"2021-01-21 12:30:02",1383,1368,15,0,340,325,15,0,1500,1160,334,5,1,21,101,55,23,0,72,7,8,2,1,38,2,0,1,0,0,0,0,0,0,0,0,0,0,0,0,0,0,0,3
4,BACĂU,"ȘCOALA GIMNAZIALĂ ”MIHAIL SADOVEANU”",12,"MUNICIPIUL BACĂU",20297,1,PROV,PRCNCT,CD,CD_SV,"2021-01-21 12:30:02",1380,1370,9,1,369,359,9,1,1500,1131,355,13,1,18,107,74,14,2,72,15,9,2,0,35,0,2,0,0,0,0,0,0,0,0,1,0,0,0,0,0,0,0,4
4,BACĂU,"ȘCOALA GIMNAZIALĂ ”MIHAIL SADOVEANU”",13,"MUNICIPIUL BACĂU",20297,1,PROV,PRCNCT,CD,CD_SV,"2021-01-21 12:30:02",1619,1603,15,1,459,443,15,1,1800,1341,444,15,0,19,151,77,17,5,84,24,6,2,0,45,1,1,1,0,2,0,0,0,0,0,0,0,0,0,0,1,1,0,7
4,BACĂU,"GRĂDINIŢA CU PROGRAM NORMAL NR. 4",14,"MUNICIPIUL BACĂU",20297,1,PROV,PRCNCT,CD,CD_SV,"2021-01-21 12:30:02",1250,1234,16,0,286,270,16,0,1400,1114,276,7,3,21,65,61,12,2,62,10,13,0,0,22,2,0,0,1,0,0,0,2,0,0,2,0,0,0,0,0,0,0,1
4,BACĂU,"GRĂDINIŢA CU PROGRAM NORMAL NR. 4",15,"MUNICIPIUL BACĂU",20297,1,PROV,PRCNCT,CD,CD_SV,"2021-01-21 12:30:02",1217,1205,9,3,340,328,9,3,1300,960,333,5,2,19,88,69,18,0,76,12,4,5,0,35,3,0,0,2,0,0,0,0,0,0,0,0,0,0,0,0,0,0,2
4,BACĂU,"ȘCOALA GIMNAZIALĂ ”MIHAI DRĂGAN”",16,"MUNICIPIUL BACĂU",20297,1,PROV,PRCNCT,CD,CD_SV,"2021-01-21 12:30:02",1249,1231,17,1,399,381,17,1,1400,1001,392,6,1,23,106,69,22,2,108,15,6,3,1,29,1,0,0,0,1,0,0,2,0,0,0,0,1,0,0,1,0,0,2
4,BACĂU,"ȘCOALA GIMNAZIALĂ ”MIHAI DRĂGAN”",17,"MUNICIPIUL BACĂU",20297,1,PROV,PRCNCT,CD,CD_SV,"2021-01-21 12:30:02",1231,1218,12,1,359,346,12,1,1299,940,349,9,1,27,66,53,16,0,125,17,6,1,1,29,2,0,0,0,1,0,0,0,0,0,0,0,0,0,0,0,0,1,4
4,BACĂU,"ȘCOALA GIMNAZIALĂ ”MIHAI DRĂGAN”",18,"MUNICIPIUL BACĂU",20297,1,PROV,PRCNCT,CD,CD_SV,"2021-01-21 12:30:02",1754,1720,34,0,94,60,34,0,1899,1805,91,3,0,6,22,16,5,1,16,3,3,1,0,16,0,0,0,0,0,0,0,0,1,0,0,0,0,0,0,0,0,0,1
4,BACĂU,"ȘCOALA GIMNAZIALĂ ”MIHAI DRĂGAN” BACĂU",19,"MUNICIPIUL BACĂU",20297,1,PROV,PRCNCT,CD,CD_SV,"2021-01-21 12:30:02",1461,1442,18,1,385,366,18,1,1600,1215,382,3,0,28,85,85,21,1,99,10,10,3,0,29,3,0,0,0,1,0,1,0,0,1,0,0,0,1,1,0,0,0,3
4,BACĂU,"ȘCOALA GIMNAZIALĂ ”MIHAI DRĂGAN” BACĂU",20,"MUNICIPIUL BACĂU",20297,1,PROV,PRCNCT,CD,CD_SV,"2021-01-21 12:30:02",1441,1426,15,0,390,375,15,0,1600,1210,383,6,1,12,82,92,24,1,100,13,11,2,0,36,4,1,0,0,0,0,0,0,0,1,0,0,0,0,0,0,0,0,4
4,BACĂU,"ADMINISTRAȚIA FINANȚELOR PUBLICE BACĂU",21,"MUNICIPIUL BACĂU",20297,1,PROV,PRCNCT,CD,CD_SV,"2021-01-21 12:30:02",990,976,14,0,268,254,14,0,1099,831,257,10,1,11,52,55,12,0,91,7,6,0,0,19,1,0,2,0,0,0,0,0,0,0,0,0,0,0,0,0,0,0,1
4,BACĂU,"COLEGIUL NAŢIONAL ”GHEORGHE VRÂNCEANU”",22,"MUNICIPIUL BACĂU",20297,1,PROV,PRCNCT,CD,CD_SV,"2021-01-21 12:30:02",1442,1421,18,3,589,570,16,3,1606,1017,584,5,0,51,148,173,21,1,120,14,12,6,2,27,4,0,0,1,0,0,0,0,0,0,0,0,0,0,0,0,0,0,4
4,BACĂU,"COLEGIUL NAŢIONAL ”GHEORGHE VRÂNCEANU”",23,"MUNICIPIUL BACĂU",20297,1,PROV,PRCNCT,CD,CD_SV,"2021-01-21 12:30:02",1296,1270,26,0,375,349,26,0,1400,1025,369,5,1,15,69,102,16,0,94,16,17,3,2,25,2,0,1,1,0,0,0,0,0,0,1,0,0,0,1,0,0,1,3
4,BACĂU,"ŞCOALA GIMNAZIALĂ ”ALEXANDRU IOAN CUZA”",24,"MUNICIPIUL BACĂU",20297,2,PART,PRCNCT,CD,CD_SV,"2021-01-21 12:30:02",1222,1198,24,0,432,408,24,0,1300,868,423,9,0,19,103,114,20,2,115,10,10,2,2,21,3,0,0,0,0,0,0,0,0,0,0,0,0,0,0,0,0,0,2
4,BACĂU,"COLEGIUL NAŢIONAL ”FERDINAND I”",25,"MUNICIPIUL BACĂU",20297,1,PROV,PRCNCT,CD,CD_SV,"2021-01-21 12:30:02",1221,1178,41,2,347,304,41,2,1300,953,337,10,0,16,61,74,17,1,91,13,8,2,1,44,0,1,0,0,0,0,0,0,0,0,1,0,1,1,1,0,1,1,2
4,BACĂU,"COLEGIUL NAŢIONAL ”FERDINAND I”",26,"MUNICIPIUL BACĂU",20297,1,PROV,PRCNCT,CD,CD_SV,"2021-01-21 12:30:02",981,966,14,1,296,281,14,1,1100,804,291,4,1,12,63,84,8,4,77,12,4,2,0,19,1,0,0,1,0,0,0,0,1,0,0,0,0,0,0,0,0,0,3
4,BACĂU,"COLEGIUL NAŢIONAL ”FERDINAND I”",27,"MUNICIPIUL BACĂU",20297,1,PROV,PRCNCT,CD,CD_SV,"2021-01-21 12:30:02",1519,1504,12,3,425,410,12,3,1700,1275,415,10,0,10,104,92,20,3,119,17,11,7,0,19,2,0,1,0,0,0,0,0,0,0,0,0,1,0,0,0,0,0,9
4,BACĂU,"COLEGIUL NAȚIONAL ”FERDINAND I”",28,"MUNICIPIUL BACĂU",20297,1,PROV,PRCNCT,CD,CD_SV,"2021-01-21 12:30:02",1223,1213,10,0,329,319,10,0,1300,971,324,4,1,21,75,84,18,0,75,7,8,3,0,23,0,0,1,1,0,0,0,0,0,0,0,0,0,0,0,0,0,2,6
4,BACĂU,"COLEGIUL NAȚIONAL ”FERDINAND I”",29,"MUNICIPIUL BACĂU",20297,1,PROV,PRCNCT,CD,CD_SV,"2021-01-21 12:30:02",1581,1572,8,1,469,460,8,1,1700,1231,458,11,0,23,124,107,22,0,123,9,16,5,0,22,1,1,0,1,0,0,0,0,0,0,0,0,0,0,0,0,0,0,4
4,BACĂU,"DIRECŢIA PENTRU AGRICULTURĂ BACĂU",30,"MUNICIPIUL BACĂU",20297,1,PROV,PRCNCT,CD,CD_SV,"2021-01-21 12:30:02",1472,1458,14,0,516,502,14,0,1598,1082,508,8,0,25,126,126,21,2,123,13,10,2,1,47,1,0,2,1,0,0,0,0,0,0,0,0,2,1,0,0,0,0,5
4,BACĂU,"GRADINITA CU PROGRAM PRELUNGIT NR.29",31,"MUNICIPIUL BACĂU",20297,1,PROV,PRCNCT,CD,CD_SV,"2021-01-21 12:30:02",1248,1241,7,0,343,336,7,0,1400,1057,331,12,0,20,68,77,20,0,80,5,4,5,3,37,2,0,1,0,0,1,0,0,0,1,0,0,1,0,1,0,3,0,2
4,BACĂU,"GRADINITA CU PROGRAM PRELUNGIT NR.29",32,"MUNICIPIUL BACĂU",20297,1,PROV,PRCNCT,CD,CD_SV,"2021-01-21 12:30:02",1055,1040,15,0,325,310,15,0,1100,775,317,8,0,18,94,85,18,0,47,14,6,1,0,23,1,1,0,2,1,0,0,0,2,0,0,0,0,0,0,0,0,1,3
4,BACĂU,"GRADINITA CU PROGRAM PRELUNGIT NR.29",33,"MUNICIPIUL BACĂU",20297,1,PROV,PRCNCT,CD,CD_SV,"2021-01-21 12:30:02",1155,1135,18,2,341,321,18,2,1300,959,337,3,1,19,84,68,10,2,91,9,15,3,0,27,1,0,0,0,0,0,0,0,1,0,0,0,0,0,0,0,1,4,2
4,BACĂU,"ȘCOALA GIMNAZIALĂ ”ION CREANGĂ”",34,"MUNICIPIUL BACĂU",20297,1,PROV,PRCNCT,CD,CD_SV,"2021-01-21 12:30:02",1385,1364,21,0,371,350,21,0,1500,1129,362,7,2,17,78,85,18,2,93,17,11,2,1,29,2,0,1,0,0,0,0,0,1,0,0,0,2,0,0,0,0,1,2
4,BACĂU,"ȘCOALA GIMNAZIALĂ ”ION CREANGĂ”",35,"MUNICIPIUL BACĂU",20297,1,PROV,PRCNCT,CD,CD_SV,"2021-01-21 12:30:02",1440,1420,19,1,391,371,19,1,1600,1209,385,4,2,13,104,105,17,1,63,15,10,2,2,42,3,0,0,1,0,0,0,0,0,0,0,0,1,0,1,0,1,0,4
4,BACĂU,"ȘCOALA GIMNAZIALĂ ”ION CREANGĂ”",36,"MUNICIPIUL BACĂU",20297,1,PROV,PRCNCT,CD,CD_SV,"2021-01-21 12:30:02",1283,1270,13,0,428,415,13,0,1402,974,420,7,1,19,121,83,13,1,99,14,9,4,1,50,0,0,1,0,0,0,2,0,0,1,0,0,0,0,0,1,0,0,1
4,BACĂU,"COLEGIUL TEHNIC DE COMUNICAȚII ”NICOLAE VASILESCU-KARPEN”",37,"MUNICIPIUL BACĂU",20297,2,PART,PRCNCT,CD,CD_SV,"2021-01-21 12:30:02",1611,1584,27,0,500,473,27,0,1700,1200,486,13,1,24,127,107,20,0,115,20,7,1,0,49,0,0,0,2,0,0,0,1,0,0,0,0,0,0,1,0,1,1,10
4,BACĂU,"COLEGIUL TEHNIC DE COMUNICAȚII ”NICOLAE VASILESCU-KARPEN”",38,"MUNICIPIUL BACĂU",20297,1,PROV,PRCNCT,CD,CD_SV,"2021-01-21 12:30:02",1774,1749,23,2,472,447,23,2,1900,1428,464,7,1,24,105,111,15,2,140,14,12,1,2,33,1,0,0,0,0,0,0,0,1,0,0,0,0,0,0,0,0,1,2
4,BACĂU,"COLEGIUL TEHNIC DE COMUNICAȚII ”NICOLAE VASILESCU-KARPEN”",39,"MUNICIPIUL BACĂU",20297,1,PROV,PRCNCT,CD,CD_SV,"2021-01-21 12:30:02",1634,1621,13,0,146,133,13,0,1800,1654,143,3,0,7,40,39,7,1,28,3,8,0,0,6,0,0,1,0,0,0,0,0,0,0,0,0,0,0,0,0,0,0,3
4,BACĂU,"COLEGIUL TEHNIC DE COMUNICAȚII ”NICOLAE VASILESCU-KARPEN”",40,"MUNICIPIUL BACĂU",20297,1,PROV,PRCNCT,CD,CD_SV,"2021-01-21 12:30:02",1656,1633,21,2,464,441,21,2,1800,1336,454,10,0,26,117,83,18,4,126,20,8,3,3,39,1,0,0,0,0,0,1,0,1,0,0,0,0,0,0,0,0,0,4
4,BACĂU,"COLEGIUL TEHNIC ”ANGHEL SALIGNY” - CORPUL F",41,"MUNICIPIUL BACĂU",20297,2,PART,PRCNCT,CD,CD_SV,"2021-01-21 12:30:02",1614,1536,7,71,487,409,7,71,1700,1213,467,14,6,11,91,109,15,2,148,16,7,7,6,36,1,0,2,2,0,1,0,0,0,0,2,1,0,0,0,0,0,9,1
4,BACĂU,"COLEGIUL TEHNIC ”ANGHEL SALIGNY” - CORPUL F",42,"MUNICIPIUL BACĂU",20297,1,PROV,PRCNCT,CD,CD_SV,"2021-01-21 12:30:02",1400,1313,17,70,418,331,17,70,1400,982,402,14,2,21,58,90,19,1,131,12,18,1,3,27,3,0,2,2,0,0,0,0,0,1,0,0,0,0,0,0,0,10,3
4,BACĂU,"COLEGIUL ”MIHAI EMINESCU”",43,"MUNICIPIUL BACĂU",20297,1,PROV,PRCNCT,CD,CD_SV,"2021-01-21 12:30:02",1119,1090,29,0,354,325,29,0,1200,846,348,5,1,22,89,76,21,2,81,8,2,2,3,36,0,0,0,0,0,0,0,0,1,0,1,0,0,0,0,0,0,1,3
4,BACĂU,"COLEGIUL ”MIHAI EMINESCU”",44,"MUNICIPIUL BACĂU",20297,1,PROV,PRCNCT,CD,CD_SV,"2021-01-21 12:30:02",1378,1363,15,0,315,300,15,0,1500,1185,313,2,0,15,58,56,13,1,110,15,5,1,1,29,1,0,0,0,1,0,0,0,1,1,0,0,1,0,1,0,0,0,3
4,BACĂU,"SCOALA GIMNAZIALĂ ”ALEXANDRU CEL BUN”",45,"MUNICIPIUL BACĂU",20297,1,PROV,PRCNCT,CD,CD_SV,"2021-01-21 12:30:02",1263,1250,13,0,404,391,13,0,1400,996,396,7,1,26,101,109,7,0,110,8,9,2,0,16,2,1,0,0,0,0,0,0,0,0,2,0,0,0,0,0,0,1,2
4,BACĂU,"GRĂDINIŢA CU PROGRAM PRELUNGIT NR.12",46,"MUNICIPIUL BACĂU",20297,1,PROV,PRCNCT,CD,CD_SV,"2021-01-21 12:30:02",1013,1003,10,0,274,264,10,0,1100,826,267,7,0,16,42,66,8,2,95,7,5,2,1,15,0,0,0,0,0,0,0,0,0,0,0,0,1,0,0,0,1,3,3
4,BACĂU,"COLEGIUL NATIONAL ”VASILE ALECSANDRI”",47,"MUNICIPIUL BACĂU",20297,1,PROV,PRCNCT,CD,CD_SV,"2021-01-21 12:30:02",891,877,13,1,294,280,13,1,1000,706,285,9,0,11,57,90,15,1,77,5,2,1,0,16,1,2,0,0,0,0,0,0,0,0,1,0,0,0,0,0,1,2,3
4,BACĂU,"COLEGIUL NATIONAL ”VASILE ALECSANDRI”",48,"MUNICIPIUL BACĂU",20297,2,PART,PRCNCT,CD,CD_SV,"2021-01-21 12:30:02",864,843,20,1,269,248,20,1,900,631,264,4,1,18,65,66,11,0,61,11,7,1,0,16,0,2,1,1,0,0,0,0,0,0,0,0,0,0,0,2,0,0,2
4,BACĂU,"COLEGIUL NAȚIONAL DE ARTĂ ”GEORGE APOSTU”",49,"MUNICIPIUL BACĂU",20297,1,PROV,PRCNCT,CD,CD_SV,"2021-01-21 12:30:02",761,738,22,1,281,258,22,1,800,519,271,8,2,15,56,73,11,3,78,5,5,2,0,18,1,0,0,0,0,0,0,0,0,0,2,0,0,0,0,0,1,1,0
4,BACĂU,"COLEGIUL NAȚIONAL PEDAGOGIC ”ŞTEFAN CEL MARE”",50,"MUNICIPIUL BACĂU",20297,1,PROV,PRCNCT,CD,CD_SV,"2021-01-21 12:30:02",1375,1297,28,50,441,363,28,50,1400,959,435,4,2,26,106,104,22,4,113,16,9,1,3,28,1,0,0,1,0,0,0,0,0,0,0,0,0,0,0,0,0,0,1
4,BACĂU,"COLEGIUL NAȚIONAL PEDAGOGIC ”ŞTEFAN CEL MARE”",51,"MUNICIPIUL BACĂU",20297,1,PROV,PRCNCT,CD,CD_SV,"2021-01-21 12:30:02",1513,1447,23,43,434,368,23,43,1600,1166,422,11,0,24,83,93,21,2,121,17,10,1,0,36,4,0,1,0,1,0,1,1,0,0,1,0,0,2,0,0,0,0,3
4,BACĂU,"ŞCOALA GIMNAZIALĂ ”GEORGE BACOVIA”",52,"MUNICIPIUL BACĂU",20297,1,PROV,PRCNCT,CD,CD_SV,"2021-01-21 12:30:02",1259,1231,28,0,358,330,28,0,1398,1040,343,11,4,11,65,87,20,1,93,16,7,3,1,33,3,0,0,0,0,0,0,1,0,0,0,0,0,0,0,0,0,0,2
4,BACĂU,"ŞCOALA GIMNAZIALĂ ”GEORGE BACOVIA”",53,"MUNICIPIUL BACĂU",20297,1,PROV,PRCNCT,CD,CD_SV,"2021-01-21 12:30:02",1300,1281,19,0,319,300,19,0,1400,1081,315,4,0,10,49,79,10,3,99,14,3,3,1,36,1,1,0,1,0,0,0,0,0,0,0,0,0,1,0,0,0,0,4
4,BACĂU,"ȘCOALA GIMNAZIALĂ ”GEORGE BACOVIA”",54,"MUNICIPIUL BACĂU",20297,1,PROV,PRCNCT,CD,CD_SV,"2021-01-21 12:30:02",1051,1037,14,0,265,251,14,0,1200,935,259,4,2,11,54,73,15,0,77,9,1,2,1,15,0,0,0,0,0,0,0,0,0,0,0,1,0,0,0,0,0,0,0
4,BACĂU,"ȘCOALA GIMNAZIALĂ ”GEORGE BACOVIA”",55,"MUNICIPIUL BACĂU",20297,1,PROV,PRCNCT,CD,CD_SV,"2021-01-21 12:30:02",1209,1198,9,2,291,280,9,2,1300,1009,283,6,2,19,56,52,18,1,69,10,13,2,1,37,1,1,0,0,0,0,0,0,0,0,0,0,0,1,0,0,0,0,2
4,BACĂU,"ȘCOALA GIMNAZIALĂ ”GEORGE BACOVIA”",56,"MUNICIPIUL BACĂU",20297,1,PROV,PRCNCT,CD,CD_SV,"2021-01-21 12:30:02",1227,1218,9,0,295,286,9,0,1299,1004,287,6,2,9,83,50,18,0,78,6,6,1,1,31,0,0,1,0,0,0,0,0,0,0,1,0,1,0,0,0,0,0,1
4,BACĂU,"ŞCOALA GIMNAZIALĂ ”DOMNIȚA MARIA”",57,"MUNICIPIUL BACĂU",20297,1,PROV,PRCNCT,CD,CD_SV,"2021-01-21 12:30:02",1546,1515,31,0,417,386,31,0,1707,1290,404,11,2,18,68,108,22,2,91,5,6,3,3,65,1,0,1,1,0,1,0,0,0,0,2,0,0,0,0,0,2,0,5
4,BACĂU,"ŞCOALA GIMNAZIALĂ ”DOMNIȚA MARIA”",58,"MUNICIPIUL BACĂU",20297,1,PROV,PRCNCT,CD,CD_SV,"2021-01-21 12:30:02",1255,1244,11,0,358,347,11,0,1400,1042,353,5,0,24,84,75,21,1,78,8,9,4,0,40,1,0,2,0,1,0,0,0,0,0,1,0,0,0,0,0,0,0,4
4,BACĂU,"ŞCOALA GIMNAZIALĂ ”DOMNIȚA MARIA”",59,"MUNICIPIUL BACĂU",20297,1,PROV,PRCNCT,CD,CD_SV,"2021-01-21 12:30:02",1431,1413,18,0,400,382,18,0,1600,1200,394,6,0,22,87,90,16,3,126,10,7,2,0,22,1,1,0,1,0,0,1,0,0,0,1,1,0,0,0,0,0,0,3
4,BACĂU,"ŞCOALA GIMNAZIALĂ ”DOMNIȚA MARIA”",60,"MUNICIPIUL BACĂU",20297,1,PROV,PRCNCT,CD,CD_SV,"2021-01-21 12:30:02",1350,1325,25,0,358,333,25,0,1500,1142,352,6,0,20,57,65,32,1,102,13,4,3,1,51,0,0,1,0,0,0,0,0,0,0,0,0,0,0,0,0,0,0,2
4,BACĂU,"ŞCOALA GIMNAZIALĂ ”DOMNIȚA MARIA”",61,"MUNICIPIUL BACĂU",20297,1,PROV,PRCNCT,CD,CD_SV,"2021-01-21 12:30:02",1579,1568,11,0,461,450,11,0,1700,1239,448,11,2,16,106,85,20,1,119,15,8,0,2,63,1,0,1,0,2,0,0,0,1,0,0,1,0,1,0,0,0,2,4
4,BACĂU,"ȘCOALA GIMNAZIALĂ ”DR.ALEXANDRU ŞAFRAN”",62,"MUNICIPIUL BACĂU",20297,1,PROV,PRCNCT,CD,CD_SV,"2021-01-21 12:30:02",1919,1893,26,0,293,267,26,0,2100,1807,285,7,1,7,59,61,13,0,81,20,5,2,0,33,2,0,0,0,1,0,0,0,0,0,0,0,0,0,0,0,0,0,1
4,BACĂU,"ȘCOALA GIMNAZIALĂ ”DR.ALEXANDRU ŞAFRAN”",63,"MUNICIPIUL BACĂU",20297,1,PROV,PRCNCT,CD,CD_SV,"2021-01-21 12:30:02",1770,1753,17,0,405,388,17,0,1900,1495,396,7,2,14,65,75,28,2,129,10,11,0,1,55,0,1,1,0,0,0,0,0,0,0,0,1,1,0,0,0,0,1,1
4,BACĂU,"GRADINITA CU PROGRAM PRELUNGIT NR.24",64,"MUNICIPIUL BACĂU",20297,1,PROV,PRCNCT,CD,CD_SV,"2021-01-21 12:30:02",1602,1580,20,2,448,426,20,2,1700,1252,437,11,0,22,89,80,25,2,125,28,10,2,1,44,1,1,2,0,0,0,0,0,0,0,1,0,0,0,0,0,1,0,3
4,BACĂU,"COLEGIUL „GRIGORE ANTIPA”",65,"MUNICIPIUL BACĂU",20297,1,PROV,PRCNCT,CD,CD_SV,"2021-01-21 12:30:02",1405,1383,22,0,347,325,22,0,1500,1153,338,8,1,14,69,90,17,1,81,16,6,1,2,38,0,0,0,0,0,0,0,0,0,0,0,0,0,0,0,0,0,0,3
4,BACĂU,"COLEGIUL „GRIGORE ANTIPA”",66,"MUNICIPIUL BACĂU",20297,2,PART,PRCNCT,CD,CD_SV,"2021-01-21 12:30:02",1425,1412,13,0,363,350,13,0,1600,1237,358,5,0,15,79,77,12,3,101,16,6,5,1,35,2,0,0,0,0,0,0,0,0,0,0,0,0,0,1,0,0,0,5
4,BACĂU,"CLĂDIRE CĂMIN (CARE A APARȚINUT FOSTULUI COLEGIU TEHNIC ”LETEA”",67,"MUNICIPIUL BACĂU",20297,1,PROV,PRCNCT,CD,CD_SV,"2021-01-21 12:30:02",1755,1741,14,0,446,432,14,0,1900,1454,433,13,0,16,94,88,27,2,109,16,6,2,1,59,3,1,0,0,1,0,0,0,1,0,1,0,0,0,0,2,1,0,3
4,BACĂU,"CLĂDIRE CĂMIN (CARE A APARȚINUT FOSTULUI COLEGIU TEHNIC ”LETEA”",68,"MUNICIPIUL BACĂU",20297,1,PROV,PRCNCT,CD,CD_SV,"2021-01-21 12:30:02",1580,1569,11,0,369,358,11,0,1700,1331,356,12,1,21,88,61,16,0,114,18,10,1,0,25,0,0,0,0,0,0,0,0,0,0,0,0,0,0,0,0,0,1,1
4,BACĂU,"CLĂDIRE CĂMIN (CARE A APARȚINUT FOSTULUI COLEGIU TEHNIC ”LETEA”",69,"MUNICIPIUL BACĂU",20297,1,PROV,PRCNCT,CD,CD_SV,"2021-01-21 12:30:02",1647,1636,11,0,439,428,11,0,1800,1361,429,10,0,18,86,98,21,0,120,25,7,3,0,49,0,0,0,0,0,0,0,0,0,0,0,0,0,0,0,0,0,0,2
4,BACĂU,"ŞCOALA GIMNAZIALĂ NR.10",70,"MUNICIPIUL BACĂU",20297,1,PROV,PRCNCT,CD,CD_SV,"2021-01-21 12:30:02",1329,1313,15,1,424,408,15,1,1400,976,413,5,6,9,98,94,12,1,123,24,13,1,1,32,1,0,0,0,0,0,0,0,1,0,0,0,0,0,0,0,0,2,1
4,BACĂU,"ȘCOALA GIMNAZIALĂ NR.10",71,"MUNICIPIUL BACĂU",20297,1,PROV,PRCNCT,CD,CD_SV,"2021-01-21 12:30:02",1258,1236,19,3,404,382,19,3,1400,996,397,7,0,21,72,79,32,3,120,11,11,2,2,32,4,0,1,2,0,0,1,0,0,0,0,1,0,0,0,0,0,0,3
4,BACĂU,"ȘCOALA GIMNAZIALĂ NR.10",72,"MUNICIPIUL BACĂU",20297,1,PROV,PRCNCT,CD,CD_SV,"2021-01-21 12:30:02",795,787,8,0,267,259,8,0,898,631,265,2,0,20,66,75,8,2,55,10,4,1,1,23,0,0,0,0,0,0,0,0,0,0,0,0,0,0,0,0,0,0,0
4,BACĂU,"COLEGIUL TEHNIC ”DUMITRU MANGERON”",73,"MUNICIPIUL BACĂU",20297,1,PROV,PRCNCT,CD,CD_SV,"2021-01-21 12:30:02",1649,1617,32,0,352,320,32,0,1799,1447,345,7,0,10,85,91,14,4,87,13,4,2,0,29,1,0,1,0,0,0,0,0,0,0,0,0,0,1,0,0,0,0,3
4,BACĂU,"COLEGIUL TEHNIC ”DUMITRU MANGERON”",74,"MUNICIPIUL BACĂU",20297,1,PROV,PRCNCT,CD,CD_SV,"2021-01-21 12:30:02",1779,1763,16,0,368,352,16,0,1898,1530,362,5,1,23,83,96,17,2,74,22,6,2,1,28,0,1,0,0,0,0,0,0,3,0,1,0,0,0,0,0,0,1,2
4,BACĂU,"ŞCOALA PRIMARĂ NR.1",75,"MUNICIPIUL BACĂU",20297,1,PROV,PRCNCT,CD,CD_SV,"2021-01-21 12:30:02",1877,1865,12,0,234,222,12,0,2100,1866,229,5,0,11,35,38,10,2,59,14,6,3,0,42,0,0,1,0,1,0,1,0,0,0,1,0,1,0,1,0,0,0,3
4,BACĂU,"ŞCOALA PRIMARĂ NR.1",76,"MUNICIPIUL BACĂU",20297,1,PROV,PRCNCT,CD,CD_SV,"2021-01-21 12:30:02",1683,1663,20,0,259,239,20,0,1800,1541,239,13,7,14,38,42,11,3,38,13,9,1,1,63,1,0,2,0,0,0,1,0,0,0,0,0,0,0,0,0,0,0,2
4,BACĂU,"SCOALA GIMNAZIALĂ ”OCTAVIAN VOICU”",77,"MUNICIPIUL BACĂU",20297,1,PROV,PRCNCT,CD,CD_SV,"2021-01-21 12:30:02",1142,1126,16,0,288,272,16,0,1200,912,281,6,1,8,58,54,18,1,85,11,8,3,0,25,2,2,1,1,0,0,0,0,1,0,1,0,0,0,0,0,0,1,1
4,BACĂU,"SCOALA GIMNAZIALĂ ”OCTAVIAN VOICU”",78,"MUNICIPIUL BACĂU",20297,1,PROV,PRCNCT,CD,CD_SV,"2021-01-21 12:30:02",1054,1034,20,0,291,271,20,0,1101,810,278,12,1,10,62,59,15,1,80,7,4,1,0,33,0,1,0,1,0,0,1,0,0,1,0,0,0,0,0,0,0,0,2
4,BACĂU,"SCOALA GIMNAZIALĂ ”OCTAVIAN VOICU”",79,"MUNICIPIUL BACĂU",20297,1,PROV,PRCNCT,CD,CD_SV,"2021-01-21 12:30:02",1198,1193,5,0,288,283,5,0,1303,1015,280,5,3,12,74,50,18,1,74,18,7,1,0,22,1,0,0,0,0,0,0,0,0,0,0,0,0,0,1,1,0,0,0
4,BACĂU,"SCOALA GIMNAZIALĂ ”OCTAVIAN VOICU”",80,"MUNICIPIUL BACĂU",20297,1,PROV,PRCNCT,CD,CD_SV,"2021-01-21 12:30:02",1202,1196,6,0,262,256,6,0,1300,1038,258,3,1,7,51,54,9,2,75,10,7,2,2,36,1,0,0,0,1,0,0,0,0,0,1,0,0,0,0,0,0,0,0
4,BACĂU,"GRĂDINIŢA CU PROGRAM PRELUNGIT ”DUMBRAVA MINUNATĂ”",81,"MUNICIPIUL BACĂU",20297,1,PROV,PRCNCT,CD,CD_SV,"2021-01-21 12:30:02",1233,1216,17,0,294,277,17,0,1300,1006,288,5,1,13,78,43,12,0,97,15,4,1,1,20,1,0,0,0,0,0,0,0,0,0,0,0,0,0,0,0,0,0,3
4,BACĂU,"GRĂDINIŢA CU PROGRAM PRELUNGIT ”DUMBRAVA MINUNATĂ”",82,"MUNICIPIUL BACĂU",20297,1,PROV,PRCNCT,CD,CD_SV,"2021-01-21 12:30:02",1128,1109,19,0,279,260,19,0,1200,921,278,1,0,11,58,61,10,2,71,14,4,1,2,39,0,0,0,0,0,0,0,0,0,0,1,0,0,1,0,0,0,2,1
4,BACĂU,"GRĂDINIŢA CU PROGRAM PRELUNGIT NR.31",83,"MUNICIPIUL BACĂU",20297,1,PROV,PRCNCT,CD,CD_SV,"2021-01-21 12:30:02",1089,1071,18,0,310,292,18,0,1200,890,302,8,0,20,63,49,16,1,109,8,5,1,0,24,0,0,0,0,0,0,1,1,0,1,0,0,0,0,0,0,0,0,3
4,BACĂU,"ŞCOALA GIMNAZIALĂ ”NICOLAE IORGA”",84,"MUNICIPIUL BACĂU",20297,1,PROV,PRCNCT,CD,CD_SV,"2021-01-21 12:30:02",1324,1292,32,0,341,309,32,0,1400,1059,335,5,1,9,83,70,24,0,89,10,12,3,0,27,2,2,1,0,0,0,0,0,0,0,0,0,0,0,0,0,0,0,3
4,BACĂU,"ŞCOALA GIMNAZIALĂ ”NICOLAE IORGA”",85,"MUNICIPIUL BACĂU",20297,1,PROV,PRCNCT,CD,CD_SV,"2021-01-21 12:30:02",1141,1131,9,1,257,247,9,1,1199,942,247,8,2,16,44,55,13,0,64,12,8,5,0,21,4,0,1,0,1,0,0,0,0,0,0,0,0,0,1,0,0,0,2
4,BACĂU,"ŞCOALA GIMNAZIALĂ ”NICOLAE IORGA”",86,"MUNICIPIUL BACĂU",20297,1,PROV,PRCNCT,CD,CD_SV,"2021-01-21 12:30:02",1378,1365,11,2,363,350,11,2,1500,1137,357,6,0,12,83,68,19,1,112,11,11,2,2,30,1,0,0,1,0,0,0,0,0,0,0,0,0,0,0,0,0,0,4
4,BACĂU,"ŞCOALA GIMNAZIALĂ ”NICOLAE IORGA”",87,"MUNICIPIUL BACĂU",20297,1,PROV,PRCNCT,CD,CD_SV,"2021-01-21 12:30:02",1431,1424,7,0,356,349,7,0,1600,1244,350,6,0,12,70,86,16,1,111,13,6,0,3,29,1,0,0,0,0,0,0,0,0,0,0,0,0,0,0,0,0,0,2
4,BACĂU,"GRĂDINIŢA CU PROGRAM PRELUNGIT NR.21 (CORPUL I)",88,"MUNICIPIUL BACĂU",20297,1,PROV,PRCNCT,CD,CD_SV,"2021-01-21 12:30:02",840,819,20,1,298,277,20,1,900,602,293,4,1,13,78,63,18,1,78,15,4,1,0,12,1,2,0,0,1,0,0,0,0,0,0,0,0,0,0,0,0,1,5
4,BACĂU,"UNIVERSITATEA ”VASILE ALECSANDRI” - CORPUL A",89,"MUNICIPIUL BACĂU",20297,1,PROV,PRCNCT,CD,CD_SV,"2021-01-21 12:30:02",1022,984,38,0,332,294,38,0,1100,768,321,10,1,13,71,75,21,2,83,12,8,4,0,26,2,1,0,0,0,0,0,0,0,0,0,0,0,0,0,0,1,1,1
4,BACĂU,"UNIVERSITATEA ”VASILE ALECSANDRI” - CANTINĂ STUDENȚEASCĂ",90,"MUNICIPIUL BACĂU",20297,1,PROV,PRCNCT,CD,CD_SV,"2021-01-21 12:30:02",864,854,10,0,229,219,10,0,898,669,227,2,0,10,41,73,6,1,61,8,5,0,0,13,2,0,1,0,1,0,0,0,0,1,1,0,0,0,1,0,0,0,2
4,BACĂU,"GRĂDNIŢA CU PROGRAM PRELUNGIT NR.30",91,"MUNICIPIUL BACĂU",20297,1,PROV,PRCNCT,CD,CD_SV,"2021-01-21 12:30:02",1100,1082,18,0,268,250,18,0,1202,934,265,2,1,8,44,52,8,1,86,26,5,2,1,23,3,0,3,0,0,0,0,0,0,0,1,0,0,0,0,0,0,0,2
4,BACĂU,"GRĂDNIŢA CU PROGRAM PRELUNGIT NR.30",92,"MUNICIPIUL BACĂU",20297,1,PROV,PRCNCT,CD,CD_SV,"2021-01-21 12:30:02",992,976,16,0,250,234,16,0,1100,850,241,9,0,6,28,41,19,1,78,17,4,1,0,40,1,0,0,1,0,0,0,0,0,0,1,0,0,0,0,1,0,0,2
4,BACĂU,"ŞCOALA GIMNAZIALĂ ”ION LUCA”",93,"MUNICIPIUL BACĂU",20297,1,PROV,PRCNCT,CD,CD_SV,"2021-01-21 12:30:02",965,953,12,0,287,275,12,0,1000,713,285,2,0,14,48,64,32,1,72,11,5,1,0,29,2,0,0,0,0,0,0,0,0,0,0,0,0,0,1,0,0,0,5
4,BACĂU,"ŞCOALA GIMNAZIALĂ ”ION LUCA”",94,"MUNICIPIUL BACĂU",20297,1,PROV,PRCNCT,CD,CD_SV,"2021-01-21 12:30:02",1382,1364,18,0,405,387,18,0,1500,1095,395,10,0,13,91,75,28,2,107,21,10,1,2,39,3,0,0,0,0,0,0,0,0,0,0,0,0,0,1,0,0,1,1
4,BACĂU,"ŞCOALA GIMNAZIALĂ ”ION LUCA”",95,"MUNICIPIUL BACĂU",20297,1,PROV,PRCNCT,CD,CD_SV,"2021-01-21 12:30:02",1281,1273,8,0,311,303,8,0,1400,1089,305,5,1,12,74,42,10,2,83,15,6,0,1,51,3,0,4,1,0,0,0,0,0,0,1,0,0,0,0,0,0,0,0
4,BACĂU,"ŞCOALA GIMNAZIALĂ ”ION LUCA”",96,"MUNICIPIUL BACĂU",20297,2,PART,PRCNCT,CD,CD_SV,"2021-01-21 12:30:02",1121,1108,13,0,258,245,13,0,1201,943,251,7,0,15,47,36,15,1,89,3,7,1,0,32,1,0,0,0,1,1,0,1,0,0,1,0,0,0,0,0,0,0,0
4,BACĂU,"GRĂDINIŢA CU PROGRAM PRELUNGIT NR.27",97,"MUNICIPIUL BACĂU",20297,1,PROV,PRCNCT,CD,CD_SV,"2021-01-21 12:30:02",1261,1245,16,0,309,293,16,0,1400,1091,301,8,0,14,68,55,17,0,74,17,8,3,0,39,2,0,0,1,0,0,0,0,0,0,0,0,0,0,0,0,0,0,3
4,BACĂU,"GRĂDINIŢA CU PROGRAM PRELUNGIT NR.27",98,"MUNICIPIUL BACĂU",20297,1,PROV,PRCNCT,CD,CD_SV,"2021-01-21 12:30:02",1357,1336,21,0,351,330,21,0,1500,1149,340,8,3,13,55,80,23,0,82,18,9,2,3,43,1,1,1,0,0,0,0,0,0,1,0,0,0,0,0,2,0,1,5
4,BACĂU,"ŞCOALA GIMNAZIALĂ ”ALECU RUSSO”",99,"MUNICIPIUL BACĂU",20297,1,PROV,PRCNCT,CD,CD_SV,"2021-01-21 12:30:02",1723,1702,21,0,348,327,21,0,1900,1552,333,10,5,9,57,57,21,1,112,15,11,5,0,36,3,0,1,0,0,0,0,0,0,0,1,0,1,0,0,0,0,2,1
4,BACĂU,"ȘCOALA GIMNAZIALĂ ”ALECU RUSSO”",100,"MUNICIPIUL BACĂU",20297,1,PROV,PRCNCT,CD,CD_SV,"2021-01-21 12:30:02",1668,1654,14,0,330,316,14,0,1801,1471,327,2,1,10,68,61,11,2,99,20,7,1,1,39,2,0,0,0,0,0,0,1,0,0,1,0,0,0,0,0,2,1,1
4,BACĂU,"ŞCOALA GIMNAZIALĂ ”ALECU RUSSO”",101,"MUNICIPIUL BACĂU",20297,1,PROV,PRCNCT,CD,CD_SV,"2021-01-21 12:30:02",1312,1303,9,0,310,301,9,0,1400,1090,306,4,0,14,86,53,13,2,67,16,5,1,0,39,0,0,1,0,1,0,0,0,1,0,0,0,1,0,1,0,0,1,4
4,BACĂU,"BAZINUL OLIMPIC BACĂU",102,"MUNICIPIUL BACĂU",20297,1,PROV,PRCNCT,CD,CD_SV,"2021-01-21 12:30:02",1795,1781,14,0,416,402,14,0,1900,1484,403,10,3,15,80,75,18,1,114,15,2,3,1,70,3,2,0,1,0,0,0,0,0,0,0,0,0,0,0,1,0,0,2
4,BACĂU,"BAZINUL OLIMPIC BACĂU",103,"MUNICIPIUL BACĂU",20297,1,PROV,PRCNCT,CD,CD_SV,"2021-01-21 12:30:02",1767,1754,13,0,116,103,13,0,1900,1784,114,2,0,4,20,34,4,2,29,3,2,2,1,12,0,0,0,0,0,0,0,0,0,0,0,0,0,0,0,0,0,0,1
4,BACĂU,"UNIVERSITATEA ”GEORGE BACOVIA”",104,"MUNICIPIUL BACĂU",20297,1,PROV,PRCNCT,CD,CD_SV,"2021-01-21 12:30:02",885,875,10,0,255,245,10,0,1000,745,253,2,0,17,53,50,11,0,83,7,8,2,0,21,1,0,0,0,0,0,0,0,0,0,0,0,0,0,0,0,0,0,0
4,BACĂU,"UNIVERSITATEA ”GEORGE BACOVIA”",105,"MUNICIPIUL BACĂU",20297,1,PROV,PRCNCT,CD,CD_SV,"2021-01-21 12:30:02",1436,1421,15,0,216,201,15,0,1598,1382,213,2,1,12,48,46,8,1,60,5,5,2,1,20,0,0,0,0,0,0,0,1,0,0,1,0,0,0,0,0,0,0,3
4,BACĂU,"CENTRUL DE ZI ”CLUBUL PENSIONARILOR” BACĂU",106,"MUNICIPIUL BACĂU",20297,1,PROV,PRCNCT,CD,CD_SV,"2021-01-21 12:30:02",1415,1333,16,66,481,399,16,66,1500,1019,475,5,1,19,75,99,41,2,151,24,15,3,2,29,4,1,1,1,0,0,0,0,1,0,1,0,0,0,1,0,0,1,4
4,BACĂU,"ŞCOALA GIMNAZIALĂ ”MIRON COSTIN”",107,"MUNICIPIUL BACĂU",20297,1,PROV,PRCNCT,CD,CD_SV,"2021-01-21 12:30:02",1252,1230,22,0,279,257,22,0,1400,1121,271,7,1,12,47,44,14,1,96,5,3,2,0,35,1,0,0,2,0,0,0,0,1,0,0,0,2,1,0,0,3,1,1
4,BACĂU,"ŞCOALA GIMNAZIALĂ ”MIRON COSTIN”",108,"MUNICIPIUL BACĂU",20297,1,PROV,PRCNCT,CD,CD_SV,"2021-01-21 12:30:02",1372,1359,13,0,393,380,13,0,1500,1107,385,7,1,23,98,92,15,0,99,6,8,3,0,40,0,1,0,0,0,0,0,0,0,0,0,0,0,0,0,0,0,0,0
4,BACĂU,"ŞCOALA GIMNAZIALĂ ”MIRON COSTIN”",109,"MUNICIPIUL BACĂU",20297,1,PROV,PRCNCT,CD,CD_SV,"2021-01-21 12:30:02",1345,1333,12,0,408,396,12,0,1502,1094,405,3,0,15,76,108,19,1,117,11,11,3,3,32,1,1,0,0,1,0,0,1,0,1,0,0,0,0,0,0,0,1,3
4,BACĂU,"GRĂDINIŢA CU PROGRAM PRELUNGIT NR.23",110,"MUNICIPIUL BACĂU",20297,1,PROV,PRCNCT,CD,CD_SV,"2021-01-21 12:30:02",1091,1073,18,0,289,271,18,0,1200,911,280,8,1,10,66,58,14,0,77,14,5,3,1,25,1,0,0,0,0,0,0,0,1,0,0,0,0,0,1,0,1,1,2
4,BACĂU,"GRĂDINIŢA CU PROGRAM PRELUNGIT NR.23",111,"MUNICIPIUL BACĂU",20297,1,PROV,PRCNCT,CD,CD_SV,"2021-01-21 12:30:02",1242,1230,11,1,322,310,11,1,1400,1078,313,9,0,10,65,66,9,1,101,15,5,1,1,32,2,0,1,0,0,0,0,0,0,0,1,0,0,0,0,0,1,0,2
4,BACĂU,"GRĂDINIŢA CU PROGRAM PRELUNGIT NR.33",112,"MUNICIPIUL BACĂU",20297,1,PROV,PRCNCT,CD,CD_SV,"2021-01-21 12:30:02",1332,1311,21,0,418,397,21,0,1400,982,413,5,0,17,93,93,30,1,117,15,8,5,1,24,1,0,2,0,0,0,0,0,0,0,0,0,0,0,0,1,0,1,4
4,BACĂU,"LICEUL CU PROGRAM SPORTIV",113,"MUNICIPIUL BACĂU",20297,1,PROV,PRCNCT,CD,CD_SV,"2021-01-21 12:30:02",1093,1067,26,0,355,329,26,0,1201,846,354,0,1,17,84,76,13,1,110,11,4,2,1,26,0,0,0,1,0,0,0,0,1,1,0,0,0,0,1,0,0,2,3
4,BACĂU,"LICEUL CU PROGRAM SPORTIV",114,"MUNICIPIUL BACĂU",20297,1,PROV,PRCNCT,CD,CD_SV,"2021-01-21 12:30:02",1262,1240,22,0,410,388,22,0,1400,990,404,6,0,19,108,103,16,1,98,10,11,0,0,28,1,1,0,0,0,0,1,0,0,0,0,0,0,0,0,0,0,1,6
4,BACĂU,"LICEUL CU PROGRAM SPORTIV",115,"MUNICIPIUL BACĂU",20297,2,PART,PRCNCT,CD,CD_SV,"2021-01-21 12:30:02",1160,1134,26,0,412,386,26,0,1200,788,405,6,1,13,107,118,19,2,90,17,8,3,0,22,3,0,0,0,0,0,0,0,3,0,0,0,0,0,0,0,0,0,0
4,BACĂU,"ŞCOALA GIMNAZIALĂ ”COSTANTIN PLATON”",116,"MUNICIPIUL BACĂU",20297,1,PROV,PRCNCT,CD,CD_SV,"2021-01-21 12:30:02",1436,1404,32,0,489,457,32,0,1501,1012,480,7,2,24,133,141,19,2,93,11,4,1,0,45,1,3,0,0,0,0,0,0,0,0,0,0,0,0,0,0,0,1,2
4,BACĂU,"ŞCOALA GIMNAZIALĂ ”COSTANTIN PLATON”",117,"MUNICIPIUL BACĂU",20297,1,PROV,PRCNCT,CD,CD_SV,"2021-01-21 12:30:02",1356,1337,19,0,455,436,19,0,1500,1045,453,2,0,21,89,133,12,3,133,11,9,1,0,30,5,1,0,2,0,0,0,0,0,0,0,0,0,0,0,0,0,0,3
4,BACĂU,"ŞCOALA GIMNAZIALĂ ”COSTANTIN PLATON”",118,"MUNICIPIUL BACĂU",20297,1,PROV,PRCNCT,CD,CD_SV,"2021-01-21 12:30:02",1549,1533,16,0,526,510,16,0,1700,1174,518,8,0,19,159,147,16,1,112,11,17,1,0,33,0,0,1,0,0,0,0,0,0,0,0,0,0,0,0,0,0,0,1
4,BACĂU,"COLEGIUL ECONOMIC ”ION GHICA”",119,"MUNICIPIUL BACĂU",20297,1,PROV,PRCNCT,CD,CD_SV,"2021-01-21 12:30:02",1190,1144,45,1,454,408,45,1,1300,846,448,5,1,37,126,96,19,3,108,15,13,4,0,20,1,0,0,0,0,0,0,1,0,0,0,0,0,1,0,0,0,1,3
4,BACĂU,"COLEGIUL ECONOMIC ”ION GHICA”",120,"MUNICIPIUL BACĂU",20297,1,PROV,PRCNCT,CD,CD_SV,"2021-01-21 12:30:02",1107,1084,23,0,253,230,23,0,1200,947,243,8,2,4,45,39,14,2,79,10,8,1,1,35,1,0,2,0,0,0,0,0,0,0,0,0,1,1,0,0,0,0,0
4,BACĂU,"LICEUL TEHNOLOGIC ”PETRU RAREȘ”",121,"MUNICIPIUL BACĂU",20297,1,PROV,PRCNCT,CD,CD_SV,"2021-01-21 12:30:02",1577,1553,24,0,427,403,24,0,1700,1273,416,8,3,16,86,93,20,6,113,13,16,5,0,36,4,0,0,0,0,0,0,0,0,1,0,0,1,1,0,0,0,0,5
4,BACĂU,"LICEUL TEHNOLOGIC ”PETRU RAREȘ”",122,"MUNICIPIUL BACĂU",20297,2,PART,PRCNCT,CD,CD_SV,"2021-01-21 12:30:02",1315,1298,17,0,356,339,17,0,1400,1044,345,10,1,21,64,84,21,1,79,18,9,5,1,31,1,2,1,0,0,0,2,0,1,1,1,0,0,0,0,1,0,0,1
4,BACĂU,"ŞCOALA GIMNAZIALĂ ”NICU ENEA”",123,"MUNICIPIUL BACĂU",20297,2,PART,PRCNCT,CD,CD_SV,"2021-01-21 12:30:02",1329,1313,16,0,342,326,16,0,1400,1058,333,9,0,20,74,111,17,1,57,11,7,2,0,25,2,0,0,1,0,0,0,0,0,0,0,0,1,0,0,1,1,0,2
4,BACĂU,"ȘCOALA GIMNAZIALĂ ”NICU ENEA”",124,"MUNICIPIUL BACĂU",20297,1,PROV,PRCNCT,CD,CD_SV,"2021-01-21 12:30:02",1305,1294,11,0,370,359,11,0,1400,1030,353,15,2,20,80,87,17,2,94,6,14,1,1,20,3,0,2,0,0,0,0,0,1,2,1,0,0,0,1,0,0,0,1
4,BACĂU,"ȘCOALA GIMNAZIALĂ ”NICU ENEA”",125,"MUNICIPIUL BACĂU",20297,1,PROV,PRCNCT,CD,CD_SV,"2021-01-21 12:30:02",1455,1423,32,0,448,416,32,0,1600,1152,434,13,1,15,107,107,11,1,101,12,6,0,3,55,2,2,1,2,0,0,1,0,0,0,2,0,1,0,0,0,0,1,4
4,BACĂU,"LICEUL SPIRU HARET",126,"MUNICIPIUL MOINEŞTI",20876,1,PROV,PRCNCT,CD,CD_SV,"2021-01-21 12:30:02",924,909,15,0,272,257,15,0,1000,728,262,9,1,17,28,54,11,0,107,5,4,2,0,25,2,0,4,0,0,0,0,0,0,0,0,0,0,0,0,0,0,0,3
4,BACĂU,"LICEUL SPIRU HARET",127,"MUNICIPIUL MOINEŞTI",20876,1,PROV,PRCNCT,CD,CD_SV,"2021-01-21 12:30:02",1096,1022,18,56,335,261,18,56,1100,765,320,14,1,18,34,91,26,0,93,7,6,4,0,33,1,0,3,0,1,0,0,1,0,0,0,0,0,1,1,0,0,0,0
4,BACĂU,"SALA DE SPORT A LICEULUI SPIRU HARET",128,"MUNICIPIUL MOINEŞTI",20876,1,PROV,PRCNCT,CD,CD_SV,"2021-01-21 12:30:02",1250,1229,21,0,460,439,21,0,1400,940,451,7,2,30,89,89,20,1,141,16,8,5,1,46,2,0,1,0,0,0,1,0,0,0,1,0,0,0,0,0,0,0,0
4,BACĂU,"ŞCOALA ŞTEFAN LUCHIAN",129,"MUNICIPIUL MOINEŞTI",20876,1,PROV,PRCNCT,CD,CD_SV,"2021-01-21 12:30:02",1195,1184,11,0,349,338,11,0,1300,951,337,11,1,22,34,66,34,0,104,10,6,3,0,50,0,0,0,1,1,0,0,0,0,0,0,0,0,0,1,0,4,0,1
4,BACĂU,"ŞCOALA ŞTEFAN LUCHIAN",130,"MUNICIPIUL MOINEŞTI",20876,1,PROV,PRCNCT,CD,CD_SV,"2021-01-21 12:30:02",1128,1110,18,0,333,315,18,0,1200,867,327,5,1,20,48,76,15,2,110,3,5,3,1,40,1,0,1,0,0,0,0,0,0,0,0,0,0,0,0,0,1,0,1
4,BACĂU,"BIBLIOTECA MUNICIPALA",131,"MUNICIPIUL MOINEŞTI",20876,1,PROV,PRCNCT,CD,CD_SV,"2021-01-21 12:30:02",1257,1243,14,0,387,373,14,0,1400,1013,376,10,1,26,64,103,19,1,97,11,10,0,0,38,1,0,0,1,0,0,0,1,0,0,0,0,0,0,0,0,0,0,4
4,BACĂU,"ŞCOALA GEORGE ENESCU",132,"MUNICIPIUL MOINEŞTI",20876,1,PROV,PRCNCT,CD,CD_SV,"2021-01-21 12:30:02",1601,1586,15,0,350,335,15,0,1700,1350,327,20,3,15,45,72,16,1,111,3,10,2,2,37,0,0,11,0,0,0,0,0,0,0,0,0,0,0,0,0,0,0,2
4,BACĂU,"ŞCOALA GEORGE ENESCU",133,"MUNICIPIUL MOINEŞTI",20876,1,PROV,PRCNCT,CD,CD_SV,"2021-01-21 12:30:02",1312,1297,15,0,308,293,15,0,1400,1092,278,29,1,15,24,49,13,1,94,2,4,5,2,38,1,0,25,0,0,0,0,0,0,0,0,0,0,0,0,1,1,0,3
4,BACĂU,"ŞCOALA GEORGE ENESCU",134,"MUNICIPIUL MOINEŞTI",20876,1,PROV,PRCNCT,CD,CD_SV,"2021-01-21 12:30:02",1204,1197,7,0,313,306,7,0,1300,987,307,6,0,16,41,91,13,2,99,3,4,1,0,33,1,0,0,0,0,0,0,0,0,0,1,0,0,0,0,0,0,1,1
4,BACĂU,"CLUBUL ELEVILOR",135,"MUNICIPIUL MOINEŞTI",20876,1,PROV,PRCNCT,CD,CD_SV,"2021-01-21 12:30:02",1336,1322,14,0,308,294,14,0,1500,1192,300,5,3,12,20,58,11,1,115,7,5,1,2,61,1,0,0,0,1,0,0,0,0,0,1,0,0,0,2,0,0,0,2
4,BACĂU,"ŞCOALA TRISTAN TZARA",136,"MUNICIPIUL MOINEŞTI",20876,1,PROV,PRCNCT,CD,CD_SV,"2021-01-21 12:30:02",1259,1247,12,0,351,339,12,0,1400,1049,338,10,3,8,36,63,10,2,136,11,3,3,0,55,2,0,1,1,0,0,0,1,0,1,1,0,0,0,0,0,0,0,4
4,BACĂU,"ŞCOALA TRISTAN TZARA",137,"MUNICIPIUL MOINEŞTI",20876,1,PROV,PRCNCT,CD,CD_SV,"2021-01-21 12:30:02",1329,1317,12,0,357,345,12,0,1500,1143,335,18,4,19,52,67,17,1,107,7,10,2,2,44,0,0,1,0,0,0,0,0,0,0,0,1,0,0,2,1,0,0,2
4,BACĂU,"CLĂDIRE ŞCOALA LUNCA",138,"MUNICIPIUL MOINEŞTI",20876,1,PROV,PRCNCT,CD,CD_SV,"2021-01-21 12:30:02",1154,1145,9,0,303,294,9,0,1300,997,292,10,1,17,25,80,9,1,83,4,11,1,1,53,2,0,0,0,1,0,0,0,0,0,1,0,0,0,0,0,0,0,3
4,BACĂU,"ŞCOALA ALEXANDRU SEVER",139,"MUNICIPIUL MOINEŞTI",20876,1,PROV,PRCNCT,CD,CD_SV,"2021-01-21 12:30:02",636,622,14,0,222,208,14,0,700,478,208,9,5,13,12,67,9,0,66,1,3,2,0,29,0,0,1,1,0,0,0,0,0,0,2,0,0,1,0,0,0,0,1
4,BACĂU,"ŞCOALA ALEXANDRU SEVER",140,"MUNICIPIUL MOINEŞTI",20876,1,PROV,PRCNCT,CD,CD_SV,"2021-01-21 12:30:02",1094,1084,10,0,336,326,10,0,1200,864,294,31,11,9,21,64,12,0,116,1,6,2,3,51,3,1,0,0,1,0,0,0,0,0,2,0,1,0,0,1,0,0,0
4,BACĂU,"ŞCOALA ALEXANDRU SEVER HANGANI",141,"MUNICIPIUL MOINEŞTI",20876,1,PROV,PRCNCT,CD,CD_SV,"2021-01-21 12:30:02",1154,1138,16,0,287,271,16,0,1300,1013,267,13,7,8,16,58,22,3,95,6,2,6,1,40,2,1,0,0,1,0,0,0,0,0,1,1,2,0,0,0,0,1,1
4,BACĂU,"CLĂDIRE ŞCOALA GĂZĂRIE",142,"MUNICIPIUL MOINEŞTI",20876,1,PROV,PRCNCT,CD,CD_SV,"2021-01-21 12:30:02",1049,1026,23,0,261,238,23,0,1100,839,252,8,1,17,16,50,25,1,87,5,6,1,1,38,2,0,0,0,0,0,0,0,0,0,3,0,0,0,0,0,0,0,0
4,BACĂU,"COLEGIUL NAŢIONAL ”GRIGORE C.MOISIL”",143,"MUNICIPIUL ONEŞTI",20563,1,PROV,PRCNCT,CD,CD_SV,"2021-01-21 12:30:02",1370,1351,19,0,378,359,19,0,1500,1122,376,1,1,60,62,61,11,0,122,10,13,0,0,35,0,0,0,0,0,1,0,0,0,0,0,0,0,0,0,0,0,1,0
4,BACĂU,"COLEGIUL NAŢIONAL ”GRIGORE C.MOISIL”",144,"MUNICIPIUL ONEŞTI",20563,1,PROV,PRCNCT,CD,CD_SV,"2021-01-21 12:30:02",1109,1084,25,0,294,269,25,0,1200,906,287,7,0,29,46,69,6,0,94,6,7,2,0,24,1,0,0,0,0,0,0,0,0,0,0,0,0,0,1,0,0,0,2
4,BACĂU,"COLEGIUL NAŢIONAL ”GRIGORE C.MOISIL”",145,"MUNICIPIUL ONEŞTI",20563,1,PROV,PRCNCT,CD,CD_SV,"2021-01-21 12:30:02",942,933,9,0,254,245,9,0,1000,746,250,4,0,27,33,35,10,0,106,5,1,5,2,20,1,0,0,0,0,0,0,0,0,0,1,0,0,0,2,0,0,0,2
4,BACĂU,"ȘCOALA GIMNAZIALĂ ”SFÂNTUL VOIEVOD ȘTEFAN CEL MARE” (FOSTA NR.9)",146,"MUNICIPIUL ONEŞTI",20563,2,PART,PRCNCT,CD,CD_SV,"2021-01-21 12:30:02",1275,1252,21,2,318,295,21,2,1400,1082,312,5,1,28,43,62,13,3,125,7,6,3,0,15,3,1,0,0,0,0,0,0,1,0,0,0,1,0,0,0,0,0,1
4,BACĂU,"ȘCOALA GIMNAZIALĂ ”SFÂNTUL VOIEVOD ȘTEFAN CEL MARE”(FOSTA NR.9)",147,"MUNICIPIUL ONEŞTI",20563,1,PROV,PRCNCT,CD,CD_SV,"2021-01-21 12:30:02",1345,1327,16,2,350,332,16,2,1500,1150,339,10,1,52,44,85,9,0,113,7,5,1,0,21,0,0,0,0,0,0,0,0,0,1,0,0,0,0,1,0,0,0,0
4,BACĂU,"ȘCOALA GIMNAZIALĂ ”EMIL RACOVIȚĂ” (FOSTA NR.10)",148,"MUNICIPIUL ONEŞTI",20563,1,PROV,PRCNCT,CD,CD_SV,"2021-01-21 12:30:02",1133,1117,16,0,274,258,16,0,1200,926,265,9,0,54,32,42,11,0,85,4,5,1,0,22,1,0,1,0,0,0,0,0,0,0,0,0,0,0,1,0,1,1,4
4,BACĂU,"ȘCOALA GIMNAZIALĂ ”EMIL RACOVIȚĂ” (FOSTA NR.10)",149,"MUNICIPIUL ONEŞTI",20563,1,PROV,PRCNCT,CD,CD_SV,"2021-01-21 12:30:02",1293,1279,14,0,325,311,14,0,1400,1075,317,7,1,55,43,48,9,1,94,9,5,3,4,39,0,0,0,0,0,0,0,0,0,0,0,0,0,0,0,0,1,1,5
4,BACĂU,"ȘCOALA GIMNAZIALĂ ”EMIL RACOVIȚĂ” (FOSTA NR.10)",150,"MUNICIPIUL ONEŞTI",20563,1,PROV,PRCNCT,CD,CD_SV,"2021-01-21 12:30:02",1012,1002,10,0,229,219,10,0,1100,871,223,6,0,18,27,44,6,2,88,6,5,4,1,15,2,0,1,0,1,0,0,0,0,0,0,0,1,0,1,0,0,0,1
4,BACĂU,"LICEUL TEHNOLOGIC (FOSTA NR.7)",151,"MUNICIPIUL ONEŞTI",20563,1,PROV,PRCNCT,CD,CD_SV,"2021-01-21 12:30:02",1217,1194,23,0,259,236,23,0,1300,1041,249,8,2,46,38,45,1,0,70,8,3,7,4,24,1,1,0,0,0,0,0,0,0,0,0,0,0,0,0,0,0,0,1
4,BACĂU,"LICEUL TEHNOLOGIC (FOSTA NR.7)",152,"MUNICIPIUL ONEŞTI",20563,2,PART,PRCNCT,CD,CD_SV,"2021-01-21 12:30:02",1153,1134,19,0,317,298,19,0,1300,983,314,3,0,47,34,55,12,0,101,9,4,2,1,44,0,0,1,0,0,0,0,0,0,0,0,0,1,0,0,0,0,0,3
4,BACĂU,"LICEUL TEHNOLOGIC (FOSTA NR.7)",153,"MUNICIPIUL ONEŞTI",20563,1,PROV,PRCNCT,CD,CD_SV,"2021-01-21 12:30:02",1192,1181,11,0,278,267,11,0,1300,1022,274,3,1,38,45,46,14,0,89,8,6,1,2,22,0,0,0,0,0,0,0,0,0,0,0,0,0,0,1,1,0,0,1
4,BACĂU,"LICEUL TEHNOLOGIC (FOSTA NR.7)",154,"MUNICIPIUL ONEŞTI",20563,2,PART,PRCNCT,CD,CD_SV,"2021-01-21 12:30:02",1157,1141,14,2,309,293,14,2,1300,991,305,3,1,37,55,50,12,2,110,8,3,2,0,23,0,1,0,0,0,0,0,0,0,0,0,0,0,0,2,0,0,0,0
4,BACĂU,"ŞCOALA GIMNAZIALĂ ”GHIŢĂ MOCANU” (FOSTĂ NR.5)",155,"MUNICIPIUL ONEŞTI",20563,1,PROV,PRCNCT,CD,CD_SV,"2021-01-21 12:30:02",1180,1171,9,0,320,311,9,0,1300,980,319,1,0,35,42,62,10,3,120,7,6,4,1,21,3,0,0,0,0,0,0,1,0,0,0,0,0,0,0,0,0,0,4
4,BACĂU,"ŞCOALA GIMNAZIALĂ ”GHIŢĂ MOCANU” (FOSTĂ NR.5)",156,"MUNICIPIUL ONEŞTI",20563,1,PROV,PRCNCT,CD,CD_SV,"2021-01-21 12:30:02",833,813,20,0,259,239,20,0,900,641,251,8,0,36,56,42,4,1,74,8,5,3,0,19,1,0,1,0,0,0,0,0,0,0,0,0,0,0,0,0,0,0,1
4,BACĂU,"ȘCOALA GIMNAZIALĂ ”GHIȚĂ MOCANU” (FOSTĂ NR.5)",157,"MUNICIPIUL ONEŞTI",20563,1,PROV,PRCNCT,CD,CD_SV,"2021-01-21 12:30:02",1443,1430,11,2,395,382,11,2,1600,1205,384,11,0,55,50,61,14,1,147,8,6,3,0,33,1,0,0,0,0,0,0,0,0,0,0,1,0,0,1,0,0,0,3
4,BACĂU,"ȘCOALA GIMNAZIALĂ ”GHIȚĂ MOCANU” (FOSTĂ NR.5)",158,"MUNICIPIUL ONEŞTI",20563,1,PROV,PRCNCT,CD,CD_SV,"2021-01-21 12:30:02",1549,1529,20,0,391,371,20,0,1700,1309,383,5,3,33,61,67,24,1,148,6,2,2,1,32,1,0,0,0,0,0,0,0,0,0,0,0,0,0,2,0,0,0,3
4,BACĂU,"ȘCOALA GIMNAZIALĂ NR.1",159,"MUNICIPIUL ONEŞTI",20563,1,PROV,PRCNCT,CD,CD_SV,"2021-01-21 12:30:02",985,980,5,0,274,269,5,0,1100,826,270,3,1,48,34,55,12,0,81,9,4,0,1,21,1,0,0,1,0,0,0,0,0,0,0,0,1,0,2,0,0,0,0
4,BACĂU,"ȘCOALA GIMNAZIALĂ NR.1",160,"MUNICIPIUL ONEŞTI",20563,1,PROV,PRCNCT,CD,CD_SV,"2021-01-21 12:30:02",1316,1305,11,0,408,397,11,0,1400,992,405,2,1,49,78,87,14,0,115,13,9,6,2,25,4,0,1,0,0,0,0,0,0,0,0,0,0,0,1,0,0,0,1
4,BACĂU,"ȘCOALA GIMNAZIALĂ NR.1",161,"MUNICIPIUL ONEŞTI",20563,1,PROV,PRCNCT,CD,CD_SV,"2021-01-21 12:30:02",1318,1294,24,0,391,367,24,0,1400,1009,385,4,2,35,74,89,13,2,118,8,7,4,1,27,3,0,0,0,0,0,0,0,0,0,0,0,1,0,0,1,0,1,1
4,BACĂU,"LICEUL CU PROGRAM SPORTIV ”NADIA COMĂNECI”",162,"MUNICIPIUL ONEŞTI",20563,1,PROV,PRCNCT,CD,CD_SV,"2021-01-21 12:30:02",1107,1055,9,43,337,285,9,43,1200,863,331,5,1,41,43,81,17,2,114,7,2,2,0,16,4,1,0,0,0,0,0,0,0,0,0,0,0,0,0,0,0,1,0
4,BACĂU,"LICEUL CU PROGRAM SPORTIV ”NADIA COMĂNECI”",163,"MUNICIPIUL ONEŞTI",20563,2,PART,PRCNCT,CD,CD_SV,"2021-01-21 12:30:02",1132,1126,6,0,315,309,6,0,1200,885,311,3,1,40,50,58,18,0,103,7,5,4,2,20,0,0,0,0,0,0,0,0,0,0,1,0,0,0,0,0,1,0,2
4,BACĂU,"LICEUL CU PROGRAM SPORTIV ”NADIA COMĂNECI”",164,"MUNICIPIUL ONEŞTI",20563,1,PROV,PRCNCT,CD,CD_SV,"2021-01-21 12:30:02",1432,1421,10,1,333,322,10,1,1600,1267,328,4,1,37,38,58,15,3,109,6,7,4,0,44,0,0,0,0,0,0,0,0,0,1,0,0,1,0,3,0,0,0,2
4,BACĂU,"COLEGIU NAŢIONAL ”DIMITRIE CANTEMIR”",165,"MUNICIPIUL ONEŞTI",20563,1,PROV,PRCNCT,CD,CD_SV,"2021-01-21 12:30:02",1209,1192,17,0,353,336,17,0,1303,950,350,3,0,49,80,59,15,1,117,5,1,1,0,16,2,0,0,0,0,0,0,0,0,0,0,0,1,0,2,0,0,0,1
4,BACĂU,"COLEGIU NAŢIONAL ”DIMITRIE CANTEMIR”",166,"MUNICIPIUL ONEŞTI",20563,1,PROV,PRCNCT,CD,CD_SV,"2021-01-21 12:30:02",1400,1387,13,0,383,370,13,0,1500,1117,374,8,1,42,84,69,17,1,103,6,6,4,1,35,3,0,0,0,0,0,0,0,0,0,0,0,0,0,0,0,0,0,3
4,BACĂU,"COLEGIU NAŢIONAL ”DIMITRIE CANTEMIR”",167,"MUNICIPIUL ONEŞTI",20563,1,PROV,PRCNCT,CD,CD_SV,"2021-01-21 12:30:02",1219,1209,10,0,334,324,10,0,1300,966,326,8,0,49,60,56,14,0,78,15,5,1,0,38,3,0,0,1,0,0,0,0,0,0,1,0,1,0,0,0,0,0,4
4,BACĂU,"LICEUL TEHNOLOGIC ”PETRU PONI”",168,"MUNICIPIUL ONEŞTI",20563,1,PROV,PRCNCT,CD,CD_SV,"2021-01-21 12:30:02",927,921,6,0,237,231,6,0,1001,764,233,3,1,34,34,45,13,0,80,5,8,0,2,10,1,0,0,0,0,0,0,0,0,0,0,0,0,0,0,0,0,0,1
4,BACĂU,"LICEUL TEHNOLOGIC ”PETRU PONI”",169,"MUNICIPIUL ONEŞTI",20563,1,PROV,PRCNCT,CD,CD_SV,"2021-01-21 12:30:02",928,917,11,0,246,235,11,0,1000,754,242,3,1,25,39,40,8,1,88,5,3,1,6,21,0,0,1,0,0,0,0,0,0,0,1,1,0,0,0,0,0,0,2
4,BACĂU,"ȘCOALA GIMNAZIALĂ ”GEORGE CĂLINESCU” (FOSTĂ NR.8)",170,"MUNICIPIUL ONEŞTI",20563,1,PROV,PRCNCT,CD,CD_SV,"2021-01-21 12:30:02",1489,1474,15,0,383,368,15,0,1600,1217,378,5,0,57,64,71,25,1,112,12,8,0,0,22,0,0,1,0,0,0,0,0,0,0,2,0,0,0,0,0,1,0,2
4,BACĂU,"ȘCOALA GIMNAZIALĂ ”GEORGE CĂLINESCU” (FOSTĂ NR.8)",171,"MUNICIPIUL ONEŞTI",20563,1,PROV,PRCNCT,CD,CD_SV,"2021-01-21 12:30:02",1333,1320,13,0,340,327,13,0,1500,1160,338,2,0,64,46,63,11,1,97,9,9,2,1,29,2,0,0,0,0,0,0,0,0,0,0,0,0,0,2,0,0,0,2
4,BACĂU,"COLEGIUL TEHNIC ”GHEORGHE ASACHI”",172,"MUNICIPIUL ONEŞTI",20563,1,PROV,PRCNCT,CD,CD_SV,"2021-01-21 12:30:02",1362,1346,16,0,344,328,16,0,1500,1156,339,5,0,41,49,65,22,0,98,7,4,1,3,47,0,1,0,0,1,0,0,0,0,0,0,0,0,0,0,0,0,0,0
4,BACĂU,"COLEGIUL TEHNIC ”GHEORGHE ASACHI”",173,"MUNICIPIUL ONEŞTI",20563,1,PROV,PRCNCT,CD,CD_SV,"2021-01-21 12:30:02",1226,1212,14,0,309,295,14,0,1300,991,305,3,1,33,69,58,9,0,88,6,4,2,1,31,2,0,0,0,0,0,0,0,0,0,0,0,0,1,0,0,0,0,1
4,BACĂU,"LICEUL TEHNOLOGIC (TCR)",174,"MUNICIPIUL ONEŞTI",20563,1,PROV,PRCNCT,CD,CD_SV,"2021-01-21 12:30:02",948,934,10,4,272,258,10,4,1000,728,265,5,2,35,33,61,10,1,62,9,5,1,0,45,0,1,0,0,0,0,0,0,0,0,0,0,0,0,2,0,0,0,0
4,BACĂU,"SERA BORZEŞTI",175,"MUNICIPIUL ONEŞTI",20563,1,PROV,PRCNCT,CD,CD_SV,"2021-01-21 12:30:02",800,785,11,4,175,160,11,4,900,725,167,7,1,21,19,31,4,1,46,7,1,3,1,27,2,0,0,0,0,0,0,0,0,0,1,0,0,0,0,0,0,0,3
4,BACĂU,"CENTRUL SOCIAL SLOBOZIA",176,"MUNICIPIUL ONEŞTI",20563,1,PROV,PRCNCT,CD,CD_SV,"2021-01-21 12:30:02",1055,1049,6,0,306,300,6,0,1200,894,298,6,2,85,29,29,7,2,106,4,6,4,0,19,0,0,1,0,0,1,0,1,0,0,0,0,0,0,0,0,0,0,4
4,BACĂU,"GRĂDINIŢA ”SFÂNTUL PAUL”",177,"MUNICIPIUL ONEŞTI",20563,1,PROV,PRCNCT,CD,CD_SV,"2021-01-21 12:30:02",1360,1345,6,9,363,348,6,9,1500,1137,352,9,2,38,42,101,12,1,104,11,5,5,0,26,3,0,0,0,0,0,0,0,0,0,2,0,0,0,0,0,0,0,2
4,BACĂU,"GRĂDINIŢA ”SFÂNTUL PAUL”",178,"MUNICIPIUL ONEŞTI",20563,1,PROV,PRCNCT,CD,CD_SV,"2021-01-21 12:30:02",1360,1344,14,2,339,323,14,2,1500,1161,324,11,4,52,47,53,29,2,77,11,3,4,2,31,2,0,2,0,2,0,0,1,0,0,2,0,0,0,0,0,2,0,2
4,BACĂU,"PRIMĂRIA ORAŞ BUHUŞI",179,"ORAŞ BUHUŞI",20778,1,PROV,PRCNCT,CD,CD_SV,"2021-01-21 12:30:02",1755,1734,21,0,339,318,21,0,1900,1561,327,10,2,11,20,55,18,1,178,6,4,3,2,20,1,0,2,1,1,0,0,0,0,1,0,0,0,0,0,0,2,0,1
4,BACĂU,"LICEUL TEORETIC ”ION BORCEA”",180,"ORAŞ BUHUŞI",20778,1,PROV,PRCNCT,CD,CD_SV,"2021-01-21 12:30:02",1464,1451,13,0,274,261,13,0,1600,1326,261,13,0,7,24,45,15,0,101,5,4,1,1,52,2,1,2,0,0,0,0,0,0,0,0,0,0,0,0,1,0,0,0
4,BACĂU,"LICEUL TEORETIC ”ION BORCEA”",181,"ORAŞ BUHUŞI",20778,1,PROV,PRCNCT,CD,CD_SV,"2021-01-21 12:30:02",1313,1293,12,8,234,214,12,8,1400,1166,224,7,3,10,20,43,10,1,87,7,6,1,0,31,0,1,3,0,0,0,0,1,0,0,0,0,0,0,0,2,0,0,1
4,BACĂU,"CASA DE CULTURĂ ”ELISABETA BOSTAN”",182,"ORAŞ BUHUŞI",20778,1,PROV,PRCNCT,CD,CD_SV,"2021-01-21 12:30:02",1589,1566,23,0,401,378,23,0,1700,1299,385,16,0,16,20,72,18,0,116,8,8,4,1,110,1,3,3,0,0,0,0,0,0,0,1,0,1,0,0,0,0,0,3
4,BACĂU,"ŞCOALA GIMNAZIALĂ ”MIHAI EMINESCU”",183,"ORAŞ BUHUŞI",20778,1,PROV,PRCNCT,CD,CD_SV,"2021-01-21 12:30:02",1558,1547,11,0,323,312,11,0,1700,1377,306,17,0,16,40,43,15,0,124,7,13,3,0,36,2,1,0,0,1,0,1,1,0,1,0,0,0,0,0,0,0,0,2
4,BACĂU,"BIBLIOTECA ORĂŞENEASCĂ ”GEORGE BACOVIA”",184,"ORAŞ BUHUŞI",20778,1,PROV,PRCNCT,CD,CD_SV,"2021-01-21 12:30:02",1418,1393,12,13,386,361,12,13,1500,1114,374,11,1,15,51,58,16,0,158,11,7,3,2,44,4,0,1,0,0,0,0,0,0,1,0,0,0,1,1,0,0,0,1
4,BACĂU,"ŞCOALA GIMNAZIALĂ NR. 2 BUHUȘI",185,"ORAŞ BUHUŞI",20778,1,PROV,PRCNCT,CD,CD_SV,"2021-01-21 12:30:02",1627,1616,11,0,278,267,11,0,1800,1522,271,4,3,14,33,53,12,1,112,7,5,2,0,25,3,0,0,0,0,0,0,0,0,0,1,0,0,0,0,0,1,1,1
4,BACĂU,"COMPLEXUL DE SERVICII COMUNITARE ȘI CENTRUL DE CONSILIERE, INFORMARE ȘI SPRIJIN",186,"ORAŞ BUHUŞI",20778,1,PROV,PRCNCT,CD,CD_SV,"2021-01-21 12:30:02",1737,1726,11,0,271,260,11,0,1900,1629,264,7,0,9,27,37,11,1,120,2,8,4,1,36,2,0,3,1,0,0,0,0,0,0,0,0,0,1,0,0,1,0,0
4,BACĂU,"ŞCOALA GIMNAZIALĂ ŞTEFAN CEL MARE",187,"ORAŞ BUHUŞI",20778,1,PROV,PRCNCT,CD,CD_SV,"2021-01-21 12:30:02",2030,2018,12,0,238,226,12,0,2020,1782,225,11,2,9,22,43,26,2,78,1,5,1,1,29,2,0,2,0,1,0,0,0,0,0,1,0,0,0,0,0,1,0,1
4,BACĂU,"LICEUL TEORETIC ”ION BORCEA” BUHUȘI CORP B",188,"ORAŞ BUHUŞI",20778,1,PROV,PRCNCT,CD,CD_SV,"2021-01-21 12:30:02",1692,1673,19,0,265,246,19,0,1800,1535,243,20,2,8,25,34,7,3,104,10,4,2,0,31,2,1,9,0,0,0,0,0,0,0,2,0,0,0,0,0,1,0,0
4,BACĂU,"SALA SPORT POLIVALENTĂ",189,"ORAŞ BUHUŞI",20778,1,PROV,PRCNCT,CD,CD_SV,"2021-01-21 12:30:02",1777,1767,10,0,316,306,10,0,1900,1584,310,5,1,11,27,73,17,0,99,10,2,1,0,60,4,0,4,0,0,1,0,0,0,0,0,0,0,0,0,0,1,0,0
4,BACĂU,"ŞCOALA GIMNAZIALĂ BUHUȘI",190,"ORAŞ BUHUŞI",20778,1,PROV,PRCNCT,CD,CD_SV,"2021-01-21 12:30:02",1341,1330,11,0,201,190,11,0,1500,1299,176,19,6,4,12,23,8,2,80,1,2,1,2,23,1,0,12,0,0,0,2,1,0,0,0,0,0,0,0,0,0,0,2
4,BACĂU,"CENTRUL 5",191,"ORAŞ COMĂNEŞTI",20821,1,PROV,PRCNCT,CD,CD_SV,"2021-01-21 12:30:02",1122,1098,24,0,396,372,24,0,1200,804,388,7,1,17,34,119,7,0,151,8,8,4,0,28,3,0,2,0,2,0,0,0,0,0,2,0,0,0,1,0,0,1,1
4,BACĂU,"ŞCOALA CIPRIAN PORUMBESCU",192,"ORAŞ COMĂNEŞTI",20821,1,PROV,PRCNCT,CD,CD_SV,"2021-01-21 12:30:02",1272,1260,8,4,370,358,8,4,1399,1029,361,7,2,1,38,109,12,2,145,2,4,2,1,38,2,0,2,0,1,0,0,0,0,0,0,0,0,0,0,0,1,0,1
4,BACĂU,"ȘCOALA CIPRIAN PORUMBESCU",193,"ORAŞ COMĂNEŞTI",20821,1,PROV,PRCNCT,CD,CD_SV,"2021-01-21 12:30:02",1274,1202,9,63,428,356,9,63,1400,972,412,12,4,8,28,146,14,1,146,5,6,2,3,43,2,0,0,0,0,0,0,0,0,2,0,0,0,0,2,1,0,0,3
4,BACĂU,"SCOALA CIPRIAN PORUMBESCU",194,"ORAŞ COMĂNEŞTI",20821,1,PROV,PRCNCT,CD,CD_SV,"2021-01-21 12:30:02",529,504,25,0,178,153,25,0,600,422,167,5,6,4,9,65,1,1,36,4,2,2,0,40,1,0,0,0,0,0,0,0,0,0,1,0,0,0,0,1,0,0,0
4,BACĂU,"BIBLIOTECA ORAŞULUI COMĂNEȘTI",195,"ORAŞ COMĂNEŞTI",20821,1,PROV,PRCNCT,CD,CD_SV,"2021-01-21 12:30:02",1465,1433,32,0,463,431,32,0,1600,1137,453,9,1,6,32,164,20,1,143,12,4,3,1,62,1,0,0,0,0,0,0,0,0,0,1,0,1,0,0,2,0,0,0
4,BACĂU,"SCOALA LIVIU REBREANU",196,"ORAŞ COMĂNEŞTI",20821,1,PROV,PRCNCT,CD,CD_SV,"2021-01-21 12:30:02",1598,1587,11,0,494,483,11,0,1700,1206,486,8,0,14,42,169,18,0,162,4,8,3,3,58,0,0,0,0,0,1,0,0,1,0,2,0,0,0,0,0,0,1,0
4,BACĂU,"ŞCOALA LIVIU REBREANU",197,"ORAŞ COMĂNEŞTI",20821,1,PROV,PRCNCT,CD,CD_SV,"2021-01-21 12:30:02",1025,1014,11,0,291,280,11,0,1100,809,285,6,0,8,41,104,3,1,90,5,3,0,0,28,0,0,0,0,0,0,0,0,0,0,0,0,0,0,0,0,0,0,2
4,BACĂU,"ŞCOALA LIVIU REBREANU",198,"ORAŞ COMĂNEŞTI",20821,1,PROV,PRCNCT,CD,CD_SV,"2021-01-21 12:30:02",651,624,27,0,190,163,27,0,699,509,187,2,1,2,34,52,7,1,66,2,4,0,1,16,0,0,0,0,0,0,0,0,0,0,0,0,0,0,0,0,0,0,2
4,BACĂU,"PRIMĂRIA ORAȘULUI COMĂNEȘTI",199,"ORAŞ COMĂNEŞTI",20821,1,PROV,PRCNCT,CD,CD_SV,"2021-01-21 12:30:02",1454,1395,59,0,474,415,59,0,1500,1026,454,19,1,8,53,157,8,1,136,11,4,0,2,69,1,0,1,0,1,0,0,0,0,0,0,2,0,0,0,0,0,0,0
4,BACĂU,"ŞCOALA ŞUPAN",200,"ORAŞ COMĂNEŞTI",20821,1,PROV,PRCNCT,CD,CD_SV,"2021-01-21 12:30:02",1470,1454,15,1,446,430,15,1,1600,1154,427,15,4,7,17,130,7,0,155,4,9,2,0,78,1,1,8,0,0,0,0,1,1,0,5,0,0,0,0,0,1,0,0
4,BACĂU,"ŞCOALA LĂLOAIA",201,"ORAŞ COMĂNEŞTI",20821,1,PROV,PRCNCT,CD,CD_SV,"2021-01-21 12:30:02",1210,1192,18,0,418,400,18,0,1300,882,410,7,1,7,22,104,5,0,193,6,3,3,0,59,2,0,1,0,0,1,0,1,0,0,2,0,0,1,0,0,0,0,0
4,BACĂU,"ŞCOALA NR.5 BIS SUBLĂLOAIA",202,"ORAŞ COMĂNEŞTI",20821,1,PROV,PRCNCT,CD,CD_SV,"2021-01-21 12:30:02",1500,1476,24,0,504,480,24,0,1600,1096,481,18,5,7,27,136,8,0,196,4,10,2,3,77,1,0,2,0,0,0,0,0,1,0,0,0,0,0,1,0,3,0,3
4,BACĂU,"ŞCOALA COSTACHI S.CIOCAN LĂLOAIA",203,"ORAŞ COMĂNEŞTI",20821,1,PROV,PRCNCT,CD,CD_SV,"2021-01-21 12:30:02",727,713,14,0,210,196,14,0,800,590,203,7,0,9,6,63,6,0,86,1,1,0,0,28,1,0,0,0,0,0,0,0,0,0,2,0,0,0,0,0,0,0,0
4,BACĂU,"ŞCOALA NR.3 LEORDA",204,"ORAŞ COMĂNEŞTI",20821,1,PROV,PRCNCT,CD,CD_SV,"2021-01-21 12:30:02",1309,1293,15,1,421,405,15,1,1400,979,409,11,1,3,22,128,8,3,146,8,8,1,0,69,1,0,0,1,1,0,0,0,0,0,2,0,2,1,1,0,0,3,1
4,BACĂU,"ŞCOALA DIMITRIE GHICA ZĂVOI",205,"ORAŞ COMĂNEŞTI",20821,1,PROV,PRCNCT,CD,CD_SV,"2021-01-21 12:30:02",1287,1266,19,2,396,375,19,2,1400,1004,387,9,0,7,27,105,12,1,153,11,8,3,0,54,0,0,0,0,0,0,0,0,0,1,1,1,0,0,0,2,0,0,1
4,BACĂU,"ŞCOALA VERMEŞTI",206,"ORAŞ COMĂNEŞTI",20821,1,PROV,PRCNCT,CD,CD_SV,"2021-01-21 12:30:02",1090,1078,12,0,289,277,12,0,1200,911,277,8,4,8,20,98,2,2,66,4,6,2,0,61,2,0,0,0,0,0,0,0,0,0,1,0,0,0,1,0,1,0,3
4,BACĂU,"CLĂDIRE ŞIPOTENI (FOSTĂ ȘCOALĂ ȘIPOTENI)",207,"ORAŞ COMĂNEŞTI",20821,1,PROV,PRCNCT,CD,CD_SV,"2021-01-21 12:30:02",649,633,16,0,198,182,16,0,700,502,191,3,4,2,21,66,5,3,41,3,3,1,0,37,3,0,0,2,0,1,0,0,0,0,1,0,0,0,1,0,0,0,1
4,BACĂU,"ŞCOALA NR.2",208,"ORAŞ DĂRMĂNEŞTI",22166,1,PROV,PRCNCT,CD,CD_SV,"2021-01-21 12:30:02",1333,1317,16,0,390,374,16,0,1500,1110,374,14,2,8,28,120,10,1,117,3,4,0,2,59,4,2,6,0,1,1,0,0,2,0,2,0,1,0,0,0,0,2,1
4,BACĂU,"ŞCOALA NR.2",209,"ORAŞ DĂRMĂNEŞTI",22166,1,PROV,PRCNCT,CD,CD_SV,"2021-01-21 12:30:02",976,962,14,0,250,236,14,0,1100,850,241,5,4,10,13,101,8,1,64,5,0,0,0,35,0,0,0,0,0,0,0,0,0,1,1,0,0,0,1,0,0,0,1
4,BACĂU,"LICEUL TEHNOLOGIC DĂRMĂNEȘTI",210,"ORAŞ DĂRMĂNEŞTI",22166,1,PROV,PRCNCT,CD,CD_SV,"2021-01-21 12:30:02",1538,1514,24,0,401,377,24,0,1700,1299,382,11,8,8,33,130,11,2,102,5,6,2,2,68,3,0,0,0,0,0,0,0,0,0,3,1,0,0,0,1,1,0,4
4,BACĂU,"CENTRUL CULTURAL NEMIRA",211,"ORAŞ DĂRMĂNEŞTI",22166,1,PROV,PRCNCT,CD,CD_SV,"2021-01-21 12:30:02",782,768,14,0,241,227,14,0,802,561,234,7,0,7,16,93,11,0,56,5,4,1,1,33,1,0,0,2,0,0,0,0,0,1,0,0,0,0,0,0,1,1,1
4,BACĂU,"ŞCOALA NR.3 DĂRMĂNEȘTI",212,"ORAŞ DĂRMĂNEŞTI",22166,1,PROV,PRCNCT,CD,CD_SV,"2021-01-21 12:30:02",690,677,13,0,169,156,13,0,700,531,154,11,4,6,15,44,7,1,48,2,2,1,0,25,0,0,0,0,0,0,0,1,0,0,0,0,0,0,0,0,0,1,1
4,BACĂU,"ŞCOALA NR.3 DĂRMĂNEȘTI",213,"ORAŞ DĂRMĂNEŞTI",22166,1,PROV,PRCNCT,CD,CD_SV,"2021-01-21 12:30:02",1053,1045,8,0,263,255,8,0,1200,937,201,46,16,4,5,77,4,1,60,4,4,3,1,21,0,0,7,0,0,1,1,1,0,0,3,0,0,1,0,0,1,1,1
4,BACĂU,"SCOALA LAPOȘ",214,"ORAŞ DĂRMĂNEŞTI",22166,1,PROV,PRCNCT,CD,CD_SV,"2021-01-21 12:30:02",803,794,5,4,229,220,5,4,900,671,220,8,1,2,12,78,6,0,73,0,5,2,1,34,3,1,0,1,0,0,0,0,0,0,0,0,0,0,1,1,0,0,0
4,BACĂU,"ŞCOALA CU CLASELE I-VIII PLOPU",215,"ORAŞ DĂRMĂNEŞTI",22166,1,PROV,PRCNCT,CD,CD_SV,"2021-01-21 12:30:02",1285,1256,17,12,364,335,17,12,1400,1036,338,19,7,6,10,114,11,1,113,1,4,5,0,57,1,2,2,0,2,0,0,0,0,2,0,0,0,2,1,1,1,0,2
4,BACĂU,"GRĂDINIŢA SĂLĂTRUC",216,"ORAŞ DĂRMĂNEŞTI",22166,1,PROV,PRCNCT,CD,CD_SV,"2021-01-21 12:30:02",655,641,14,0,194,180,14,0,700,506,184,9,1,3,11,75,9,0,40,1,3,0,1,36,1,0,0,0,0,0,0,0,1,0,1,0,0,0,1,1,0,0,0
4,BACĂU,"ŞCOALA CU CLASELE L-IV PĂGUBENI",217,"ORAŞ DĂRMĂNEŞTI",22166,1,PROV,PRCNCT,CD,CD_SV,"2021-01-21 12:30:02",314,303,11,0,111,100,11,0,400,289,102,9,0,2,3,43,2,0,38,1,1,0,0,9,1,0,0,0,0,0,0,0,0,0,0,0,0,0,0,0,0,2,0
4,BACĂU,"PRIMĂRIA DĂRMĂNEȘTI",218,"ORAŞ DĂRMĂNEŞTI",22166,1,PROV,PRCNCT,CD,CD_SV,"2021-01-21 12:30:02",1304,1299,5,0,368,363,5,0,1400,1032,343,22,3,4,17,99,9,2,92,5,3,4,1,95,2,1,0,0,0,1,1,0,0,0,1,0,0,0,4,1,0,0,1
4,BACĂU,"SCOALA CU CLASELE I-IV DĂRMĂNEASCA",219,"ORAŞ DĂRMĂNEŞTI",22166,1,PROV,PRCNCT,CD,CD_SV,"2021-01-21 12:30:02",720,706,14,0,211,197,14,0,800,589,197,13,1,5,15,65,3,0,45,10,7,2,2,39,0,0,0,1,0,0,0,0,0,0,0,0,1,0,0,0,0,0,2
4,BACĂU,"SCOALA GIMNAZIALA NR. 3",220,"ORAŞ SLĂNIC-MOLDOVA",20910,1,PROV,PRCNCT,CD,CD_SV,"2021-01-21 12:30:02",1136,1107,15,14,317,288,15,14,1200,883,306,10,1,8,22,122,11,2,85,4,6,0,3,35,4,0,1,0,0,0,0,0,0,1,0,0,1,0,0,0,0,0,1
4,BACĂU,"SCOALA NR. 1 SLĂNIC",221,"ORAŞ SLĂNIC-MOLDOVA",20910,1,PROV,PRCNCT,CD,CD_SV,"2021-01-21 12:30:02",1612,1548,51,13,524,460,51,13,1700,1176,509,12,3,30,33,208,9,0,160,6,14,2,0,39,3,1,0,0,0,0,0,0,1,1,0,0,0,1,0,0,0,0,1
4,BACĂU,"SCOALA NR. 2 CIRESOAIA",222,"ORAŞ SLĂNIC-MOLDOVA",20910,1,PROV,PRCNCT,CD,CD_SV,"2021-01-21 12:30:02",1525,1495,18,12,491,461,18,12,1600,1109,485,4,2,16,27,237,5,1,114,6,9,5,3,52,2,1,1,0,0,0,0,0,0,0,1,0,1,0,0,1,0,1,2
4,BACĂU,"SCOALA GENERALA NR. 1",223,"ORAŞ TÂRGU OCNA",20965,1,PROV,PRCNCT,CD,CD_SV,"2021-01-21 12:30:02",1412,1360,26,26,429,377,26,26,1499,1070,417,10,2,22,58,103,17,0,125,8,13,7,2,38,1,0,15,0,2,0,0,0,0,0,0,1,1,1,0,0,0,3,0
4,BACĂU,"CLUBUL ELEVILOR",224,"ORAŞ TÂRGU OCNA",20965,2,PART,PRCNCT,CD,CD_SV,"2021-01-21 12:30:02",1367,1349,18,0,426,408,18,0,1482,1056,416,9,1,33,78,93,14,1,125,12,6,1,0,41,2,0,0,0,0,0,0,0,2,0,0,1,0,0,1,0,2,0,4
4,BACĂU,"COLEGIUL NATIONAL COSTACHE NEGRI",225,"ORAŞ TÂRGU OCNA",20965,1,PROV,PRCNCT,CD,CD_SV,"2021-01-21 12:30:02",1459,1403,53,3,477,421,53,3,1500,1023,448,29,0,31,77,79,14,0,165,11,10,2,0,51,1,0,1,0,0,0,0,0,0,0,1,0,0,1,0,0,0,0,4
4,BACĂU,"SCOALA GENERALA NR. 2",226,"ORAŞ TÂRGU OCNA",20965,1,PROV,PRCNCT,CD,CD_SV,"2021-01-21 12:30:02",1498,1478,20,0,419,399,20,0,1600,1181,407,12,0,20,77,91,23,0,110,12,9,0,2,54,0,0,4,1,0,0,0,0,0,0,1,0,0,0,1,0,0,0,2
4,BACĂU,"SCOALA GENERALA NR. 3",227,"ORAŞ TÂRGU OCNA",20965,1,PROV,PRCNCT,CD,CD_SV,"2021-01-21 12:30:02",1062,1051,11,0,314,303,11,0,1200,886,310,3,1,16,42,62,18,1,88,13,10,3,2,49,0,1,2,0,0,0,1,0,0,0,0,0,1,0,0,0,0,0,1
4,BACĂU,"SCOALA GENERALA NR. 4",228,"ORAŞ TÂRGU OCNA",20965,1,PROV,PRCNCT,CD,CD_SV,"2021-01-21 12:30:02",1171,1161,10,0,352,342,10,0,1300,948,345,7,0,21,43,67,15,1,125,8,6,4,0,50,1,0,1,0,0,0,0,0,0,0,1,0,1,0,0,0,0,1,0
4,BACĂU,"SCOALA GENERALA NR. 5",229,"ORAŞ TÂRGU OCNA",20965,1,PROV,PRCNCT,CD,CD_SV,"2021-01-21 12:30:02",788,775,13,0,213,200,13,0,800,587,201,10,2,8,19,41,3,0,64,4,6,1,0,54,1,0,0,0,0,0,0,0,0,0,0,0,0,0,0,0,0,0,0
4,BACĂU,"SCOALA GENERALA NR. 6",230,"ORAŞ TÂRGU OCNA",20965,1,PROV,PRCNCT,CD,CD_SV,"2021-01-21 12:30:02",992,980,12,0,267,255,12,0,1100,833,255,12,0,10,34,25,15,0,110,6,3,2,0,41,2,0,1,0,0,0,0,0,0,3,0,0,0,0,1,2,0,0,0
4,BACĂU,"SCOALA GENERALA NR. 3-SALA DE SPORT",231,"ORAŞ TÂRGU OCNA",20965,2,PART,PRCNCT,CD,CD_SV,"2021-01-21 12:30:02",917,907,10,0,280,270,10,0,1000,720,275,5,0,7,46,53,6,2,94,5,4,1,1,50,1,0,0,0,1,0,0,0,1,0,1,1,1,0,0,0,0,0,0
4,BACĂU,"CONSILIUL LOCAL AGĂŞ",232,AGĂŞ,21007,1,PROV,PRCNCT,CD,CD_SV,"2021-01-21 12:30:02",1026,1007,19,0,295,276,19,0,1100,805,288,6,1,4,4,70,5,2,133,3,9,3,2,46,2,0,0,0,0,0,0,0,0,0,1,1,1,0,0,0,0,2,0
4,BACĂU,"ŞCOALA CU CLASELE I-IV COTUMBA",233,AGĂŞ,21007,1,PROV,PRCNCT,CD,CD_SV,"2021-01-21 12:30:02",1128,1110,18,0,285,267,18,0,1200,915,275,4,6,3,17,32,5,2,147,3,2,2,1,53,2,0,0,0,0,0,0,2,0,0,1,0,0,0,0,1,0,1,1
4,BACĂU,"ŞCOALA GENERALĂ SULŢA",234,AGĂŞ,21007,1,PROV,PRCNCT,CD,CD_SV,"2021-01-21 12:30:02",832,814,18,0,223,205,18,0,900,677,210,11,2,1,10,37,6,2,99,3,0,1,2,45,1,0,0,0,0,0,0,0,0,0,1,0,0,0,0,2,0,0,0
4,BACĂU,"CĂMINUL CULTURAL COȘNEA",235,AGĂŞ,21007,1,PROV,PRCNCT,CD,CD_SV,"2021-01-21 12:30:02",363,339,24,0,99,75,24,0,398,299,97,1,1,1,1,15,1,40,35,0,1,0,1,1,0,0,0,0,0,0,0,0,0,0,1,0,0,0,0,0,0,0,0
4,BACĂU,"ŞCOALA GENERALĂ PRELUCI",236,AGĂŞ,21007,1,PROV,PRCNCT,CD,CD_SV,"2021-01-21 12:30:02",984,967,17,0,255,238,17,0,1100,845,247,7,1,8,16,45,9,3,98,3,7,1,0,52,2,0,0,0,0,0,0,1,0,1,0,0,0,0,0,0,0,0,1
4,BACĂU,"ŞCOALA GENERALĂ GOIOASA",237,AGĂŞ,21007,1,PROV,PRCNCT,CD,CD_SV,"2021-01-21 12:30:02",694,683,11,0,158,147,11,0,800,642,153,4,1,2,9,28,9,2,75,1,4,1,0,21,1,0,0,0,0,0,0,0,0,0,0,0,0,0,0,0,0,0,0
4,BACĂU,"ŞCOALA NR.1 ARDEOANI",238,ARDEOANI,21098,1,PROV,PRCNCT,CD,CD_SV,"2021-01-21 12:30:02",1407,1279,128,0,549,421,128,0,1400,851,523,18,8,13,21,236,11,2,165,2,9,4,4,46,4,1,1,0,2,0,0,0,0,0,2,0,0,0,0,0,0,0,0
4,BACĂU,"ŞCOALA LEONTINEŞTI",239,ARDEOANI,21098,2,PART,PRCNCT,CD,CD_SV,"2021-01-21 12:30:02",728,680,48,0,299,251,48,0,700,401,281,15,3,7,14,131,6,0,70,1,5,0,0,40,0,0,0,0,1,0,1,0,0,0,3,0,0,1,0,0,1,0,0
4,BACĂU,"ŞCOALA GENERALA CU CLASELE I-VIII ASAU",240,ASĂU,21123,1,PROV,PRCNCT,CD,CD_SV,"2021-01-21 12:30:02",891,872,19,0,260,241,19,0,1000,740,257,2,1,3,34,46,14,1,101,1,2,0,1,45,2,0,2,0,1,0,0,0,1,0,2,0,0,0,0,0,0,0,1
4,BACĂU,"ŞCOALA GENERALĂ CU CLASELE I-VIII ASAU",241,ASĂU,21123,1,PROV,PRCNCT,CD,CD_SV,"2021-01-21 12:30:02",913,900,11,2,242,229,11,2,1000,758,236,6,0,0,13,55,19,1,89,3,3,4,1,42,0,1,2,0,0,0,0,0,0,1,0,0,0,0,0,1,0,0,1
4,BACĂU,"ŞCOALA CU CLASELE I-IV LUNCA ASĂU",242,ASĂU,21123,1,PROV,PRCNCT,CD,CD_SV,"2021-01-21 12:30:02",643,629,14,0,213,199,14,0,700,487,197,16,0,3,6,32,25,1,91,2,1,2,0,30,1,1,0,0,0,0,0,0,0,0,1,0,0,1,0,0,0,0,0
4,BACĂU,"ŞCOALA CU CLASELE I-IV STRAJA",243,ASĂU,21123,1,PROV,PRCNCT,CD,CD_SV,"2021-01-21 12:30:02",985,970,15,0,250,235,15,0,1100,850,242,5,3,7,11,41,8,1,93,1,5,2,2,64,1,0,1,0,0,0,0,1,0,0,1,0,1,0,1,0,1,0,0
4,BACĂU,"ŞCOALA CU CLASELE I-IV CIOBĂNUŞ",244,ASĂU,21123,1,PROV,PRCNCT,CD,CD_SV,"2021-01-21 12:30:02",469,456,13,0,144,131,13,0,500,356,139,4,1,1,10,26,15,1,54,2,2,1,0,22,2,0,0,0,0,0,0,0,0,1,1,0,1,0,0,0,0,0,0
4,BACĂU,"ŞCOALA GENERALĂ CU CLASELE I-VIII APA-ASĂU",245,ASĂU,21123,1,PROV,PRCNCT,CD,CD_SV,"2021-01-21 12:30:02",663,659,4,0,188,184,4,0,699,511,184,2,2,5,8,27,5,1,76,6,5,2,0,46,0,1,0,0,0,0,0,0,0,0,1,0,0,0,0,0,0,0,1
4,BACĂU,"ŞCOALA GENERALĂ CU CLASELE I-VIII APA-ASĂU",246,ASĂU,21123,1,PROV,PRCNCT,CD,CD_SV,"2021-01-21 12:30:02",599,587,12,0,183,171,12,0,600,417,177,6,0,0,16,18,8,1,80,2,3,4,0,42,2,0,0,0,0,0,0,0,0,0,0,0,0,0,0,0,0,0,1
4,BACĂU,"ŞCOALA CU CLASELE I-IV PĂLTINIŞ",247,ASĂU,21123,1,PROV,PRCNCT,CD,CD_SV,"2021-01-21 12:30:02",527,517,10,0,152,142,10,0,600,448,146,4,2,1,4,17,6,0,73,3,3,1,0,33,1,1,0,1,0,0,0,0,0,0,1,0,0,0,0,0,0,1,0
4,BACĂU,"BIBLIOTECA PUBLICA ”CALISTRAT HOGAS” BALCANI",248,BALCANI,21196,1,PROV,PRCNCT,CD,CD_SV,"2021-01-21 12:30:02",1123,1099,11,13,277,253,11,13,1199,922,261,12,4,15,20,32,10,1,134,10,4,0,0,21,4,0,2,0,0,0,0,0,0,1,0,0,2,0,0,1,0,2,2
4,BACĂU,"GRĂDINIŢA FRUMOASA",249,BALCANI,21196,1,PROV,PRCNCT,CD,CD_SV,"2021-01-21 12:30:02",1056,1039,5,12,279,262,5,12,1100,821,265,6,8,9,20,53,1,5,125,2,6,0,0,33,1,1,0,0,0,0,1,0,0,1,0,0,2,0,0,1,1,1,2
4,BACĂU,"GRĂDINIŢA FRUMOASA",250,BALCANI,21196,1,PROV,PRCNCT,CD,CD_SV,"2021-01-21 12:30:02",1449,1424,12,13,342,317,12,13,1600,1258,329,11,2,3,44,53,9,2,176,6,4,0,0,28,3,0,1,0,0,0,0,0,0,0,0,0,0,0,0,0,0,0,0
4,BACĂU,"GRĂDINIŢA FRUMOASA",251,BALCANI,21196,1,PROV,PRCNCT,CD,CD_SV,"2021-01-21 12:30:02",548,532,8,8,164,148,8,8,599,435,160,4,0,2,15,25,1,1,96,1,3,1,0,10,1,0,1,0,1,1,0,0,0,0,0,0,0,0,0,0,1,0,0
4,BACĂU,"GRADINITA NR.2 SCHITU-FRUMOASA",252,BALCANI,21196,1,PROV,PRCNCT,CD,CD_SV,"2021-01-21 12:30:02",655,642,12,1,173,160,12,1,701,528,163,6,4,3,10,19,28,1,59,3,4,6,0,22,0,0,1,0,2,0,0,0,0,0,0,0,3,0,0,0,0,2,0
4,BACĂU,"ŞCOALA GIMNAZIALA SCHITU-FRUMOASA",253,BALCANI,21196,1,PROV,PRCNCT,CD,CD_SV,"2021-01-21 12:30:02",943,926,13,4,254,237,13,4,1000,746,245,4,5,7,6,33,20,1,110,32,5,0,0,25,1,0,0,0,0,1,2,1,0,0,0,0,0,0,0,1,0,0,0
4,BACĂU,"ŞCOALA GIMNAZIALA LUDAŞI",254,BALCANI,21196,1,PROV,PRCNCT,CD,CD_SV,"2021-01-21 12:30:02",807,788,14,5,199,180,14,5,900,701,192,4,3,3,8,15,6,2,121,4,2,2,0,22,0,1,0,0,1,0,0,1,0,0,0,0,0,0,1,1,0,1,1
4,BACĂU,"PRIMĂRIA BÎRSĂNEŞTI",255,BÂRSĂNEŞTI,21454,1,PROV,PRCNCT,CD,CD_SV,"2021-01-21 12:30:02",1472,1435,32,5,336,299,32,5,1600,1264,326,4,6,20,41,35,9,1,158,6,6,3,1,42,1,0,0,1,0,0,0,0,0,0,1,0,0,0,0,0,0,0,1
4,BACĂU,"ŞCOALA GIMNAZIALĂ ALBELE",256,BÂRSĂNEŞTI,21454,1,PROV,PRCNCT,CD,CD_SV,"2021-01-21 12:30:02",548,525,23,0,166,143,23,0,600,434,158,4,4,8,14,19,1,1,93,3,1,1,0,15,1,0,0,0,0,0,0,0,0,0,0,0,0,0,0,1,0,0,0
4,BACĂU,"ŞCOALA GIMNAZIALĂ BRĂTEŞTI",257,BÂRSĂNEŞTI,21454,1,PROV,PRCNCT,CD,CD_SV,"2021-01-21 12:30:02",891,877,14,0,253,239,14,0,1000,747,241,7,5,2,35,28,12,1,61,1,5,0,0,79,5,0,1,1,1,0,1,0,0,0,3,1,0,1,1,0,0,0,2
4,BACĂU,"ŞCOALA GIMNAZIALĂ CARACLĂU",258,BÂRSĂNEŞTI,21454,1,PROV,PRCNCT,CD,CD_SV,"2021-01-21 12:30:02",935,910,25,0,282,257,25,0,1000,718,271,6,5,6,17,37,5,2,127,1,5,0,0,60,5,0,1,0,0,0,1,0,0,0,1,0,0,0,1,1,0,0,1
4,BACĂU,"SCOALA GIMNAZIALA ”VASILE BORCEA”",259,BEREŞTI-BISTRIŢA,21249,1,PROV,PRCNCT,CD,CD_SV,"2021-01-21 12:30:02",957,921,23,13,236,200,23,13,1000,764,227,7,2,3,23,25,13,2,126,2,4,4,1,20,1,0,1,1,0,1,0,0,0,0,0,0,0,0,0,0,0,0,0
4,BACĂU,"SCOALA CU CLASELE I-IV PĂDURENI",260,BEREŞTI-BISTRIŢA,21249,1,PROV,PRCNCT,CD,CD_SV,"2021-01-21 12:30:02",376,356,18,2,103,83,18,2,400,297,94,4,5,1,3,20,3,1,46,2,2,1,0,6,2,0,5,0,1,0,0,0,0,0,0,0,0,0,1,0,0,0,0
4,BACĂU,"ŞCOALA CU CLASELE I-IV CLIMEŞTI",261,BEREŞTI-BISTRIŢA,21249,1,PROV,PRCNCT,CD,CD_SV,"2021-01-21 12:30:02",266,244,22,0,96,74,22,0,300,204,94,1,1,2,20,10,4,1,45,0,3,0,1,5,0,0,1,0,1,0,0,0,0,0,0,0,0,0,0,0,0,0,1
4,BACĂU,"ŞCOALA CU CLASELE I-IV BRAD",262,BEREŞTI-BISTRIŢA,21249,1,PROV,PRCNCT,CD,CD_SV,"2021-01-21 12:30:02",164,139,25,0,75,50,25,0,202,127,72,3,0,1,8,12,3,0,39,0,4,0,1,3,1,0,0,0,0,0,0,0,0,0,0,0,0,0,0,0,0,0,0
4,BACĂU,"ŞCOALA CU CLASELEI-VIII BEREŞTI-TAZLĂU",263,BEREŞTI-TAZLĂU,21338,1,PROV,PRCNCT,CD,CD_SV,"2021-01-21 12:30:02",958,925,13,20,237,204,13,20,1000,763,230,1,6,8,10,30,2,0,140,1,5,0,1,29,2,0,0,0,0,0,0,0,0,0,1,0,0,0,0,1,0,0,0
4,BACĂU,"ŞCOALA GENERALĂ BOŞOTENI",264,BEREŞTI-TAZLĂU,21338,1,PROV,PRCNCT,CD,CD_SV,"2021-01-21 12:30:02",358,345,12,1,101,88,12,1,400,299,98,3,0,2,5,14,3,1,53,0,1,1,0,14,2,1,1,0,0,0,0,0,0,0,0,0,0,0,0,0,0,0,0
4,BACĂU,"ŞCOALA GENERALĂ ENĂCHEŞTI",265,BEREŞTI-TAZLĂU,21338,1,PROV,PRCNCT,CD,CD_SV,"2021-01-21 12:30:02",639,608,23,8,186,155,23,8,700,514,182,2,2,4,14,21,7,3,97,2,10,1,0,21,0,0,0,0,0,0,0,0,0,0,0,0,0,0,0,0,0,2,0
4,BACĂU,"ŞCOALA GENERALĂ PRISACA",266,BEREŞTI-TAZLĂU,21338,1,PROV,PRCNCT,CD,CD_SV,"2021-01-21 12:30:02",437,420,16,1,136,119,16,1,500,364,131,5,0,1,10,23,3,1,72,1,3,0,0,13,1,0,0,0,0,0,1,1,0,0,0,0,0,0,0,1,0,0,0
4,BACĂU,"ŞCOALA GENERALĂ ROMÂNEŞTI",267,BEREŞTI-TAZLĂU,21338,1,PROV,PRCNCT,CD,CD_SV,"2021-01-21 12:30:02",388,361,13,14,151,124,13,14,400,249,146,4,1,2,10,13,3,2,91,2,2,1,0,14,1,0,0,0,0,0,0,0,2,0,1,0,0,0,0,1,0,0,1
4,BACĂU,"ŞCOALA GENERALĂ TESCANI",268,BEREŞTI-TAZLĂU,21338,1,PROV,PRCNCT,CD,CD_SV,"2021-01-21 12:30:02",641,619,18,4,198,176,18,4,700,502,195,2,1,7,8,22,13,1,115,5,3,3,0,15,1,1,0,0,0,0,0,0,0,0,0,0,0,0,0,1,0,0,0
4,BACĂU,"ŞCOALA GENERALĂ TURLUIANU",269,BEREŞTI-TAZLĂU,21338,1,PROV,PRCNCT,CD,CD_SV,"2021-01-21 12:30:02",1112,1080,13,19,239,207,13,19,1200,961,232,4,3,10,10,37,1,2,101,2,2,0,1,56,2,1,0,0,1,0,0,0,0,0,0,0,1,0,0,0,0,3,2
4,BACĂU,"ŞCOALA CU CLASELE I-VIII ALEXANDRU CEL BUN BERZUNŢI",270,BERZUNŢI,21418,1,PROV,PRCNCT,CD,CD_SV,"2021-01-21 12:30:02",1418,1399,19,0,397,378,19,0,1600,1203,380,9,8,17,42,42,9,1,201,4,3,4,2,48,2,1,1,0,2,0,0,0,0,0,0,0,0,0,1,0,0,0,0
4,BACĂU,"ŞCOALA CU CLASELE I-IV NR. 2 BERZUNŢI",271,BERZUNŢI,21418,1,PROV,PRCNCT,CD,CD_SV,"2021-01-21 12:30:02",671,664,7,0,199,192,7,0,700,501,190,5,4,3,22,7,2,2,123,2,4,2,1,16,4,0,1,0,0,0,0,0,0,0,0,0,0,1,0,0,0,0,0
4,BACĂU,"SCOALA CU CLASELE I-IV NR. 1 DRAGOMIR",272,BERZUNŢI,21418,1,PROV,PRCNCT,CD,CD_SV,"2021-01-21 12:30:02",959,948,11,0,275,264,11,0,999,724,260,8,7,7,26,26,5,3,138,3,7,0,1,40,2,0,1,0,0,0,0,0,0,0,0,0,1,0,0,0,0,0,0
4,BACĂU,"ŞCOALA CU CLASELE I-VIII NR.2 DRAGOMIR",273,BERZUNŢI,21418,1,PROV,PRCNCT,CD,CD_SV,"2021-01-21 12:30:02",725,709,16,0,193,177,16,0,800,607,152,30,11,9,1,1,2,2,87,1,1,0,0,24,0,0,19,0,0,0,2,0,0,0,2,0,0,0,0,0,0,0,1
4,BACĂU,"SCOALA CU CLASELE I-IV BUDA",274,BERZUNŢI,21418,1,PROV,PRCNCT,CD,CD_SV,"2021-01-21 12:30:02",465,449,16,0,126,110,16,0,500,374,122,3,1,4,11,10,2,1,82,0,2,0,0,7,1,0,0,0,0,0,0,0,1,0,1,0,0,0,0,0,0,0,0
4,BACĂU,"ŞCOALA CU CLASELE I-VIII NR.1 BLĂGEŞTI",275,BLĂGEŞTI,21506,1,PROV,PRCNCT,CD,CD_SV,"2021-01-21 12:30:02",979,970,8,1,155,146,8,1,1100,945,146,7,2,3,15,22,3,1,64,3,3,2,2,25,1,0,0,0,0,0,0,0,0,0,0,0,0,0,1,0,0,0,1
4,BACĂU,"ŞCOALA CU CLASELE .I-VIII NR.1 BLĂGEŞTI",276,BLĂGEŞTI,21506,1,PROV,PRCNCT,CD,CD_SV,"2021-01-21 12:30:02",959,951,7,1,175,167,7,1,1000,825,163,10,2,4,20,23,4,2,79,9,2,1,0,16,1,0,0,0,0,0,0,0,0,0,1,0,0,0,0,1,0,0,0
4,BACĂU,"ŞCOALA CU CLASELE I-VIII NR.1 BUDA",277,BLĂGEŞTI,21506,1,PROV,PRCNCT,CD,CD_SV,"2021-01-21 12:30:02",1583,1558,25,0,285,260,25,0,1700,1415,264,5,16,11,11,39,5,1,118,3,8,4,3,52,0,0,3,0,1,0,1,0,0,0,0,0,0,0,0,2,0,0,2
4,BACĂU,"ŞCOALA CU CLASELE.I-VIII NR.1 VALEA LUI ION",278,BLĂGEŞTI,21506,1,PROV,PRCNCT,CD,CD_SV,"2021-01-21 12:30:02",1168,1150,18,0,268,250,18,0,1300,1032,252,11,5,2,20,72,1,1,93,28,5,1,0,25,2,0,0,0,0,0,0,0,0,0,0,0,0,0,0,0,1,1,0
4,BACĂU,"ŞCOALA CU CLASELE I-IV ŢÎRDENII MARI",279,BLĂGEŞTI,21506,1,PROV,PRCNCT,CD,CD_SV,"2021-01-21 12:30:02",581,575,6,0,130,124,6,0,600,470,125,3,2,3,4,20,9,0,49,12,3,0,1,20,0,0,1,0,0,1,0,0,0,0,1,0,0,0,0,0,0,0,1
4,BACĂU,"ŞCOALA CU CLASELE I-IV POIANA NEGUSTORULUI",280,BLĂGEŞTI,21506,1,PROV,PRCNCT,CD,CD_SV,"2021-01-21 12:30:02",587,570,17,0,254,237,17,0,600,346,203,28,23,3,1,23,1,2,135,2,11,2,0,5,0,0,14,0,0,0,0,0,0,0,1,0,0,1,1,1,0,0,0
4,BACĂU,"ŞCOALA GIMNAZIALĂ BOGDĂNEŞTI",281,BOGDĂNEŞTI,21560,1,PROV,PRCNCT,CD,CD_SV,"2021-01-21 12:30:02",901,884,17,0,172,155,17,0,1000,828,170,1,1,8,8,20,14,1,71,2,1,2,0,38,2,1,0,1,0,0,0,0,0,0,1,0,0,0,0,0,0,0,0
4,BACĂU,"ŞCOALA GIMNAZIALĂ BOGDĂNEŞTI",282,BOGDĂNEŞTI,21560,1,PROV,PRCNCT,CD,CD_SV,"2021-01-21 12:30:02",860,850,10,0,161,151,10,0,900,739,151,8,2,6,8,26,14,1,61,1,1,2,1,26,0,1,1,1,0,0,1,0,0,0,0,0,0,0,0,0,0,0,0
4,BACĂU,"GRĂDINIŢA FILIPEŞTI",283,BOGDĂNEŞTI,21560,1,PROV,PRCNCT,CD,CD_SV,"2021-01-21 12:30:02",495,479,16,0,133,117,16,0,600,467,132,1,0,23,5,17,13,1,47,4,1,0,1,17,1,0,0,0,0,1,0,0,0,0,0,0,0,0,0,1,0,0,0
4,BACĂU,"PRIMĂRIA BRUSTUROASA",284,BRUSTUROASA,21597,1,PROV,PRCNCT,CD,CD_SV,"2021-01-21 12:30:02",1286,1269,17,0,298,281,17,0,1400,1102,289,6,3,17,18,36,4,0,145,2,7,3,0,48,4,0,1,0,1,0,0,0,0,1,1,0,0,0,0,1,0,0,0
4,BACĂU,"ŞCOALA PRIMARĂ CAMENCA",285,BRUSTUROASA,21597,1,PROV,PRCNCT,CD,CD_SV,"2021-01-21 12:30:02",781,772,9,0,201,192,9,0,800,599,195,4,2,16,9,34,3,1,90,1,3,3,1,31,1,0,1,0,0,0,0,0,0,0,1,0,0,0,0,0,0,0,0
4,BACĂU,"ŞCOALA PRIMARĂ CUCHINIŞ",286,BRUSTUROASA,21597,1,PROV,PRCNCT,CD,CD_SV,"2021-01-21 12:30:02",631,621,10,0,129,119,10,0,700,571,121,7,1,7,7,9,1,1,63,2,1,5,0,21,0,0,0,0,1,0,0,0,0,0,1,1,1,0,0,0,0,0,0
4,BACĂU,"ŞCOALA GIMNAZIALĂ BUCIUMI",287,BUCIUMI,26338,1,PROV,PRCNCT,CD,CD_SV,"2021-01-21 12:30:02",1179,1157,22,0,352,330,22,0,1200,848,343,6,3,13,19,33,9,2,205,2,4,3,1,45,2,0,2,0,1,1,0,0,0,0,1,0,0,0,0,0,0,0,0
4,BACĂU,"ŞCOALA GIMNAZIALĂ RĂCĂUŢI",288,BUCIUMI,26338,1,PROV,PRCNCT,CD,CD_SV,"2021-01-21 12:30:02",1285,1262,23,0,534,511,23,0,1400,866,489,36,9,12,18,36,15,2,340,2,6,5,0,36,3,0,5,0,0,2,0,0,0,2,0,0,1,0,0,1,1,1,1
4,BACĂU,"ŞCOALA CU CLASELE I-VIII BUHOCI",289,BUHOCI,21668,1,PROV,PRCNCT,CD,CD_SV,"2021-01-21 12:30:02",1459,1418,41,0,360,319,41,0,1503,1143,344,12,4,39,78,63,8,2,88,17,9,5,1,26,1,0,4,0,1,0,0,0,0,0,1,0,0,0,0,0,0,1,0
4,BACĂU,"SCOALA CU CLASELE I-VIII BIJGHIR",290,BUHOCI,21668,1,PROV,PRCNCT,CD,CD_SV,"2021-01-21 12:30:02",1107,1100,7,0,270,263,7,0,1200,930,257,5,8,3,33,132,7,1,33,9,2,4,2,18,6,1,1,0,2,0,0,1,0,0,1,0,1,0,0,0,0,0,0
4,BACĂU,"SCOALA CU CLASELE I-VIII BIJGHIR",291,BUHOCI,21668,1,PROV,PRCNCT,CD,CD_SV,"2021-01-21 12:30:02",979,961,18,0,184,166,18,0,1000,816,176,4,4,4,11,89,2,2,24,7,2,2,1,21,3,0,0,1,0,0,0,0,0,1,1,0,1,2,0,1,0,0,1
4,BACĂU,"ŞCOALA CU CLASELE I-IV COTENI",292,BUHOCI,21668,1,PROV,PRCNCT,CD,CD_SV,"2021-01-21 12:30:02",629,611,18,0,162,144,18,0,700,538,152,5,5,6,24,27,4,3,51,4,1,1,0,27,1,0,0,0,1,0,0,0,0,0,1,0,1,0,0,0,0,0,0
4,BACĂU,"ŞCOALA GIMNAZIALĂ N.PÂSLARU CAŞIN",293,CAŞIN,21720,1,PROV,PRCNCT,CD,CD_SV,"2021-01-21 12:30:02",1422,1406,16,0,446,430,16,0,1500,1054,434,8,4,12,34,88,6,0,233,4,6,2,0,38,5,1,1,0,1,0,0,0,0,1,0,0,0,0,1,1,0,0,0
4,BACĂU,"ŞCOALA GIMNAZIALĂ N.PÂSLARU CAŞIN",294,CAŞIN,21720,1,PROV,PRCNCT,CD,CD_SV,"2021-01-21 12:30:02",1308,1282,26,0,379,353,26,0,1400,1021,372,5,2,11,27,107,4,0,177,1,2,1,4,26,2,0,3,0,0,0,1,0,0,1,1,0,0,0,3,0,0,0,1
4,BACĂU,"GRĂDINIŢA CURIŢA",295,CAŞIN,21720,1,PROV,PRCNCT,CD,CD_SV,"2021-01-21 12:30:02",634,615,16,3,186,167,16,3,700,514,181,4,1,6,14,55,5,0,75,5,4,3,0,11,1,0,0,0,0,0,0,0,0,1,0,0,0,0,0,0,0,0,1
4,BACĂU,"SCOALA GIMNAZIALA CAIUTI",296,CĂIUŢI,21757,1,PROV,PRCNCT,CD,CD_SV,"2021-01-21 12:30:02",1362,1347,15,0,278,263,15,0,1500,1222,266,10,2,5,18,40,17,0,129,7,5,3,1,28,2,0,3,0,0,1,0,0,0,0,2,0,0,0,1,1,1,2,0
4,BACĂU,"ŞCOALA POPENI",297,CĂIUŢI,21757,1,PROV,PRCNCT,CD,CD_SV,"2021-01-21 12:30:02",690,667,22,1,202,179,22,1,700,498,196,5,1,4,15,30,9,0,100,5,3,1,0,27,0,0,0,0,0,0,0,0,0,0,1,0,0,1,0,0,0,0,0
4,BACĂU,"ŞCOALA BLIDARI",298,CĂIUŢI,21757,1,PROV,PRCNCT,CD,CD_SV,"2021-01-21 12:30:02",607,596,11,0,133,122,11,0,600,467,125,5,3,5,1,21,8,0,60,2,1,0,0,22,2,0,0,0,1,0,0,0,0,0,1,1,0,0,0,0,0,0,0
4,BACĂU,"ŞCOALA PRALEA",299,CĂIUŢI,21757,1,PROV,PRCNCT,CD,CD_SV,"2021-01-21 12:30:02",754,744,10,0,201,191,10,0,801,600,193,7,1,12,9,29,5,1,108,0,4,0,2,21,0,1,0,0,0,0,1,0,0,0,0,0,0,0,0,0,0,0,0
4,BACĂU,"ŞCOALA BOIŞTEA",300,CĂIUŢI,21757,1,PROV,PRCNCT,CD,CD_SV,"2021-01-21 12:30:02",150,138,12,0,45,33,12,0,200,155,43,1,1,1,1,5,5,0,20,3,2,1,0,4,0,0,0,0,0,0,0,0,0,0,1,0,0,0,0,0,0,0,0
4,BACĂU,"ŞCOALA HELTIU",301,CĂIUŢI,21757,1,PROV,PRCNCT,CD,CD_SV,"2021-01-21 12:30:02",316,304,12,0,81,69,12,0,400,319,78,1,2,2,8,25,7,0,21,1,2,2,0,8,0,0,0,0,1,0,0,0,0,0,0,0,1,0,0,0,0,0,0
4,BACĂU,"ŞCOALA VRÂNCENI",302,CĂIUŢI,21757,1,PROV,PRCNCT,CD,CD_SV,"2021-01-21 12:30:02",324,307,17,0,88,71,17,0,400,312,87,1,0,2,2,15,4,1,39,2,2,2,0,16,0,0,0,0,1,0,0,0,0,0,0,0,0,0,0,1,0,0,0
4,BACĂU,"SCOALA PRIMARA MARCESTI",303,CĂIUŢI,21757,1,PROV,PRCNCT,CD,CD_SV,"2021-01-21 12:30:02",127,115,12,0,50,38,12,0,200,150,48,1,1,2,1,3,9,0,30,1,0,0,0,0,0,0,0,1,0,0,0,0,0,0,1,0,0,0,0,0,0,0,0
4,BACĂU,"ŞCOALA NR.1 CLEJA",304,CLEJA,21855,1,PROV,PRCNCT,CD,CD_SV,"2021-01-21 12:30:02",794,784,10,0,181,171,10,0,800,619,169,9,3,8,43,58,6,5,12,4,8,1,1,15,0,1,1,1,0,0,0,0,1,0,0,0,1,0,0,1,0,0,2
4,BACĂU,"SCOALA NR.1 CLEJA",305,CLEJA,21855,1,PROV,PRCNCT,CD,CD_SV,"2021-01-21 12:30:02",1507,1499,7,1,311,303,7,1,1600,1289,298,10,3,13,96,96,12,6,32,2,7,1,0,24,3,1,0,1,0,0,2,0,0,0,1,0,0,0,0,0,0,0,1
4,BACĂU,"ŞCOALA NR.2 CLEJA",306,CLEJA,21855,1,PROV,PRCNCT,CD,CD_SV,"2021-01-21 12:30:02",1463,1454,9,0,358,349,9,0,1600,1242,346,10,2,11,90,91,4,11,43,6,7,5,2,67,2,0,0,1,1,0,1,0,0,0,2,0,1,0,0,0,0,0,1
4,BACĂU,"ŞCOALA SOMUŞCA",307,CLEJA,21855,1,PROV,PRCNCT,CD,CD_SV,"2021-01-21 12:30:02",1187,1181,6,0,250,244,6,0,1300,1050,237,9,4,8,58,58,5,20,29,9,1,4,1,37,0,0,0,1,1,0,0,0,0,0,1,0,1,1,0,0,0,1,1
4,BACĂU,"ŞCOALA VALEA MICĂ",308,CLEJA,21855,1,PROV,PRCNCT,CD,CD_SV,"2021-01-21 12:30:02",567,562,5,0,161,156,5,0,599,438,149,7,5,3,19,30,5,4,30,4,2,1,0,41,3,0,0,0,0,0,0,0,0,0,1,0,1,1,2,1,0,0,1
4,BACĂU,"ŞCOALA GIMNAZIALĂ COLONEŞTI",309,COLONEŞTI,21891,1,PROV,PRCNCT,CD,CD_SV,"2021-01-21 12:30:02",1141,1122,19,0,382,363,19,0,1200,818,361,12,9,17,2,33,4,1,215,4,3,1,0,69,6,0,1,0,1,0,0,0,0,0,1,0,2,0,0,1,0,0,0
4,BACĂU,"ŞCOALA GIMNAZIALĂ SPRIA",310,COLONEŞTI,21891,1,PROV,PRCNCT,CD,CD_SV,"2021-01-21 12:30:02",285,273,12,0,98,86,12,0,300,202,92,6,0,2,3,15,3,1,52,4,2,0,0,5,3,0,0,0,0,0,0,0,0,0,1,0,0,0,0,0,0,1,0
4,BACĂU,"ŞCOALA PRIMARĂ SATU NOU",311,COLONEŞTI,21891,1,PROV,PRCNCT,CD,CD_SV,"2021-01-21 12:30:02",283,270,13,0,119,106,13,0,300,181,108,9,2,4,1,40,3,1,49,1,3,0,0,4,0,0,0,0,0,0,0,0,0,1,0,0,0,0,0,0,1,0,0
4,BACĂU,"SCOALA GIMNAZIALA CU CLASELE I - VIII",312,CORBASCA,21971,1,PROV,PRCNCT,CD,CD_SV,"2021-01-21 12:30:02",620,602,17,1,223,205,17,1,700,477,215,5,3,15,11,24,6,1,131,1,3,2,0,17,1,0,0,0,1,0,0,0,0,1,1,0,0,0,0,0,0,0,0
4,BACĂU,"ŞCOALA CU CLASELE I -IV SCARISOARA",313,CORBASCA,21971,1,PROV,PRCNCT,CD,CD_SV,"2021-01-21 12:30:02",642,628,14,0,197,183,14,0,700,503,180,12,5,4,7,21,4,0,130,1,2,1,0,5,2,0,1,0,0,1,1,0,0,0,0,0,0,0,0,0,0,0,0
4,BACĂU,"ŞCOALA CU CLASELE I-VIII MARVILA",314,CORBASCA,21971,1,PROV,PRCNCT,CD,CD_SV,"2021-01-21 12:30:02",490,477,13,0,115,102,13,0,500,385,108,3,4,2,12,19,4,1,57,2,1,1,0,6,2,0,0,0,0,0,0,0,0,0,0,0,0,1,0,0,0,0,0
4,BACĂU,"ŞCOALA CU CLASELE.I-IV VÎLCELE",315,CORBASCA,21971,1,PROV,PRCNCT,CD,CD_SV,"2021-01-21 12:30:02",518,507,11,0,150,139,11,0,600,450,138,7,5,7,7,21,2,1,74,1,4,1,2,12,0,2,1,0,0,1,0,0,0,1,0,0,0,0,0,1,0,0,0
4,BACĂU,"ŞCOALA CU CLASELE.I-VIII BĂCIOIU",316,CORBASCA,21971,1,PROV,PRCNCT,CD,CD_SV,"2021-01-21 12:30:02",1628,1599,27,2,248,219,27,2,1800,1552,205,29,14,2,2,11,3,1,144,1,2,0,0,22,1,0,6,0,1,0,1,1,0,0,1,0,1,0,1,1,0,3,0
4,BACĂU,"ŞCOALA CU CLASELE .I-IV ROGOAZA",317,CORBASCA,21971,1,PROV,PRCNCT,CD,CD_SV,"2021-01-21 12:30:02",273,260,13,0,68,55,13,0,300,232,62,4,2,3,5,10,1,1,31,3,1,2,0,5,0,0,0,0,0,0,0,0,0,0,0,0,0,0,0,0,0,0,0
4,BACĂU,"PRIMĂRIA COŢOFĂNEŞTI",318,COŢOFĂNEŞTI,22059,1,PROV,PRCNCT,CD,CD_SV,"2021-01-21 12:30:02",1008,989,16,3,360,341,16,3,1101,741,346,10,4,5,16,34,11,1,240,1,5,2,1,27,1,0,1,0,0,0,0,0,0,1,0,0,0,0,0,0,0,0,0
4,BACĂU,"ŞCOALA CU CLASELE I-VIII BORŞANI",319,COŢOFĂNEŞTI,22059,1,PROV,PRCNCT,CD,CD_SV,"2021-01-21 12:30:02",592,576,16,0,227,211,16,0,599,372,222,2,3,6,13,28,29,1,103,2,2,2,0,31,1,1,1,1,0,0,0,0,0,0,1,0,0,0,0,0,0,0,0
4,BACĂU,"ŞCOALA CU CLASELE I-IV BÎLCA",320,COŢOFĂNEŞTI,22059,1,PROV,PRCNCT,CD,CD_SV,"2021-01-21 12:30:02",598,578,20,0,240,220,20,0,602,362,226,9,5,2,3,27,6,0,148,2,3,1,1,30,1,0,0,0,0,0,0,0,0,0,0,0,0,0,0,2,0,0,0
4,BACĂU,"ŞCOALA CU CLASELE I-IV TĂMĂSOAIA",321,COŢOFĂNEŞTI,22059,1,PROV,PRCNCT,CD,CD_SV,"2021-01-21 12:30:02",376,366,10,0,194,184,10,0,400,206,187,3,4,0,2,7,1,0,155,1,1,0,1,17,0,0,0,0,1,0,0,0,0,0,1,0,0,0,0,0,0,0,0
4,BACĂU,"ŞCOALA GENERALĂ CU CLASELE I-IV DĂMIENEŞTI",322,DĂMIENEŞTI,22111,1,PROV,PRCNCT,CD,CD_SV,"2021-01-21 12:30:02",464,443,21,0,150,129,21,0,500,350,141,7,2,3,14,13,2,0,86,2,3,4,0,9,1,0,0,0,0,1,0,1,0,0,1,0,1,0,0,0,0,0,0
4,BACĂU,"ŞCOALA GENERALĂ CU CLASELE I-VIII CĂLUGĂRENI",323,DĂMIENEŞTI,22111,1,PROV,PRCNCT,CD,CD_SV,"2021-01-21 12:30:02",786,780,6,0,201,195,6,0,800,599,193,6,2,23,27,40,0,2,74,1,3,0,1,10,1,2,1,0,2,0,1,1,0,2,1,0,0,0,1,0,0,0,0
4,BACĂU,"ŞCOALA GENERALĂ CU CASELE I-IV DRĂGEŞTI",324,DĂMIENEŞTI,22111,1,PROV,PRCNCT,CD,CD_SV,"2021-01-21 12:30:02",246,228,18,0,94,76,18,0,300,206,92,1,1,2,7,12,1,1,63,1,1,0,0,3,0,0,0,0,0,0,0,0,0,0,0,0,0,0,0,0,0,1,0
4,BACĂU,"CAMIN CULTURAL DEALU MORII",325,"DEALU MORII",22237,1,PROV,PRCNCT,CD,CD_SV,"2021-01-21 12:30:02",906,859,29,18,366,319,29,18,900,534,351,12,3,12,4,53,4,1,231,2,0,2,0,35,3,0,1,0,1,0,0,0,0,0,0,0,0,1,0,0,0,0,1
4,BACĂU,"ŞCOALA CU CLASELE I-IV CĂUIA",326,"DEALU MORII",22237,1,PROV,PRCNCT,CD,CD_SV,"2021-01-21 12:30:02",522,479,11,32,206,163,11,32,600,394,201,0,5,2,8,49,3,0,123,1,2,0,1,10,0,0,1,0,0,0,0,0,0,0,1,0,0,0,0,0,0,0,0
4,BACĂU,"ŞCOALA CU CLASELE I-VIII NEGULEŞTI",327,"DEALU MORII",22237,1,PROV,PRCNCT,CD,CD_SV,"2021-01-21 12:30:02",468,450,12,6,171,153,12,6,500,329,164,6,1,5,10,40,2,0,88,1,5,1,1,5,1,1,0,0,1,1,0,1,0,1,0,0,0,0,0,0,0,0,0
4,BACĂU,"ŞCOALA TĂVĂDĂRĂŞTI",328,"DEALU MORII",22237,1,PROV,PRCNCT,CD,CD_SV,"2021-01-21 12:30:02",287,252,16,19,159,124,16,19,300,141,155,0,4,3,5,18,2,1,109,1,4,1,1,3,4,0,1,0,0,0,1,0,0,0,0,0,0,0,0,0,1,0,0
4,BACĂU,"SCOALA SCARLAT LONGHIN DOFTEANA",329,DOFTEANA,22380,1,PROV,PRCNCT,CD,CD_SV,"2021-01-21 12:30:02",1508,1476,15,17,436,404,15,17,1600,1164,418,17,1,5,38,53,5,0,207,3,7,2,2,79,5,2,2,1,3,0,0,0,0,0,3,0,0,0,0,0,0,1,0
4,BACĂU,"SCOALA SCARLAT LONGHIN DOFTEANA",330,DOFTEANA,22380,1,PROV,PRCNCT,CD,CD_SV,"2021-01-21 12:30:02",1231,1195,20,16,383,347,20,16,1300,917,371,8,4,7,43,54,6,1,170,6,8,2,2,69,1,1,0,0,0,0,1,0,0,0,0,0,0,0,0,0,0,0,0
4,BACĂU,"ŞCOALA GENERALA CU CLASELE I-VIII HĂGHIAC",331,DOFTEANA,22380,1,PROV,PRCNCT,CD,CD_SV,"2021-01-21 12:30:02",1256,1226,8,22,452,422,8,22,1300,848,429,21,2,6,27,39,0,1,207,8,3,1,2,111,5,1,0,0,0,1,0,1,0,0,4,1,0,2,1,4,0,2,2
4,BACĂU,"ȘCOALA CU CLASELE I-IV BOGATA",332,DOFTEANA,22380,1,PROV,PRCNCT,CD,CD_SV,"2021-01-21 12:30:02",725,702,17,6,216,193,17,6,800,584,208,7,1,10,14,27,6,0,94,2,4,1,3,42,1,0,0,0,2,1,0,0,0,0,0,0,0,0,0,0,1,0,0
4,BACĂU,"SCOALA GENERALA CU CLASELE I-VIII CUCUIETI",333,DOFTEANA,22380,1,PROV,PRCNCT,CD,CD_SV,"2021-01-21 12:30:02",921,894,7,20,302,275,7,20,1000,698,295,7,0,2,15,29,3,1,176,5,7,2,0,49,3,0,0,0,2,0,0,0,0,0,0,1,0,0,0,0,0,0,0
4,BACĂU,"SCOALA GENERALA CU CLASELE I-VIII CUCUIETI",334,DOFTEANA,22380,1,PROV,PRCNCT,CD,CD_SV,"2021-01-21 12:30:02",1058,1036,8,14,376,354,8,14,1100,724,371,3,2,6,9,25,2,0,217,3,5,2,2,89,3,0,0,1,0,0,0,0,0,1,1,0,0,2,2,1,0,0,0
4,BACĂU,"ŞCOALA GENERALA CU CLASELE I-VIII LARGA",335,DOFTEANA,22380,1,PROV,PRCNCT,CD,CD_SV,"2021-01-21 12:30:02",1047,1003,19,25,496,452,19,25,1100,604,470,19,7,4,16,55,6,1,291,3,3,2,1,63,6,2,4,0,2,1,0,0,0,0,3,0,0,0,3,0,0,2,2
4,BACĂU,"ŞCOALA GENERALA CU CLASELE I-IV ŞTEFAN VODĂ",336,DOFTEANA,22380,1,PROV,PRCNCT,CD,CD_SV,"2021-01-21 12:30:02",904,879,13,12,317,292,13,12,1000,683,307,9,1,7,15,24,5,2,164,8,2,1,0,72,1,1,1,0,1,0,0,0,0,1,1,0,0,0,0,0,0,0,1
4,BACĂU,"ŞCOALA GENERALA CU CLASELE I-IV SEACA",337,DOFTEANA,22380,1,PROV,PRCNCT,CD,CD_SV,"2021-01-21 12:30:02",388,373,10,5,156,141,10,5,400,244,146,10,0,3,7,16,3,1,59,3,2,1,0,41,2,0,1,0,0,0,0,0,0,0,3,0,0,0,0,2,1,0,1
4,BACĂU,"ŞCOALA GIMNAZIALA NR.1 FARAOANI",338,FARAOANI,22460,1,PROV,PRCNCT,CD,CD_SV,"2021-01-21 12:30:02",1160,1140,20,0,312,292,20,0,1200,888,301,8,3,4,93,84,5,6,51,4,6,4,27,3,3,0,0,2,0,1,0,0,1,0,1,0,1,3,0,0,0,1,1
4,BACĂU,"ŞCOALA GIMNAZIALA NR.1 FARAOANI",339,FARAOANI,22460,1,PROV,PRCNCT,CD,CD_SV,"2021-01-21 12:30:02",1377,1370,6,1,352,345,6,1,1500,1148,335,13,4,2,103,81,8,1,74,6,3,3,1,40,4,0,1,1,0,0,0,1,0,0,2,0,0,0,0,0,0,1,3
4,BACĂU,"ŞCOALA GIMNAZIALA NR.2 FARAOANI",340,FARAOANI,22460,1,PROV,PRCNCT,CD,CD_SV,"2021-01-21 12:30:02",1053,1030,23,0,285,262,23,0,1100,815,276,9,0,6,62,56,3,5,94,5,3,1,1,31,1,1,1,0,1,0,0,0,0,1,0,0,0,0,0,1,0,1,2
4,BACĂU,"ŞCOALA GIMNAZIALA NR.2 FARAOANI",341,FARAOANI,22460,1,PROV,PRCNCT,CD,CD_SV,"2021-01-21 12:30:02",888,882,6,0,214,208,6,0,1000,786,205,8,1,7,48,49,4,6,63,4,5,2,1,11,0,0,2,0,1,0,0,1,0,0,0,1,0,0,0,0,0,0,0
4,BACĂU,"PRIMĂRIA FILIPENI",342,FILIPENI,22488,1,PROV,PRCNCT,CD,CD_SV,"2021-01-21 12:30:02",631,494,105,32,400,263,105,32,600,200,382,9,9,60,9,79,7,1,211,2,3,2,1,3,0,0,1,1,0,2,0,0,0,0,0,0,0,0,0,0,0,0,0
4,BACĂU,"ŞCOALA CU CLASELE I-IV MĂRĂŞTI",343,FILIPENI,22488,1,PROV,PRCNCT,CD,CD_SV,"2021-01-21 12:30:02",670,567,74,29,334,231,74,29,600,266,320,12,2,4,1,129,4,1,159,1,5,0,0,8,3,0,0,1,0,0,2,0,0,0,1,0,0,1,0,0,0,0,0
4,BACĂU,"ŞCOALA CU CLASELE I-IV FRUNTEŞTI",344,FILIPENI,22488,2,PART,PRCNCT,CD,CD_SV,"2021-01-21 12:30:02",394,332,50,12,226,164,50,12,400,174,215,5,6,16,2,49,4,0,137,1,1,2,0,2,0,0,0,0,0,0,0,0,0,0,1,0,0,0,0,0,0,0,0
4,BACĂU,"ȘCOALA PRIMARĂ VALEA BOȚULUI",345,FILIPENI,22488,1,PROV,PRCNCT,CD,CD_SV,"2021-01-21 12:30:02",286,274,12,0,115,103,12,0,300,185,108,5,2,8,2,38,3,0,41,0,0,2,0,8,0,0,3,0,0,1,0,0,0,0,0,0,0,0,1,1,0,0,0
4,BACĂU,"ŞCOALA FILIPEŞTI",346,FILIPEŞTI,22576,1,PROV,PRCNCT,CD,CD_SV,"2021-01-21 12:30:02",829,784,45,0,237,192,45,0,900,663,233,4,0,11,26,65,7,0,90,3,6,0,0,22,0,0,0,0,0,0,0,0,0,0,0,0,1,0,1,0,0,0,1
4,BACĂU,"ŞCOALA GALBENI",347,FILIPEŞTI,22576,1,PROV,PRCNCT,CD,CD_SV,"2021-01-21 12:30:02",720,701,19,0,170,151,19,0,800,630,160,9,1,2,10,40,5,0,68,3,3,1,2,21,3,0,1,0,0,0,0,0,0,0,1,0,0,0,0,0,0,0,0
4,BACĂU,"ŞCOALA CÎRLIGI",348,FILIPEŞTI,22576,1,PROV,PRCNCT,CD,CD_SV,"2021-01-21 12:30:02",934,911,23,0,200,177,23,0,1000,800,197,1,2,4,11,68,8,0,65,4,1,1,0,30,3,0,0,0,1,0,0,0,0,0,0,0,0,0,0,1,0,0,0
4,BACĂU,"ŞCOALA ONIŞCANI",349,FILIPEŞTI,22576,1,PROV,PRCNCT,CD,CD_SV,"2021-01-21 12:30:02",447,414,33,0,145,112,33,0,500,355,141,2,2,2,17,58,2,0,33,3,5,3,0,15,0,0,0,0,1,0,0,0,0,1,1,0,0,0,0,0,0,0,0
4,BACĂU,"CĂMINUL CULTURAL BOANŢA",350,FILIPEŞTI,22576,1,PROV,PRCNCT,CD,CD_SV,"2021-01-21 12:30:02",282,262,20,0,81,61,20,0,300,219,79,1,1,5,4,25,6,0,20,3,3,2,0,9,0,0,1,1,0,0,0,0,0,0,0,0,0,0,0,0,0,0,0
4,BACĂU,"ŞCOALA HÎRLEŞTI",351,FILIPEŞTI,22576,1,PROV,PRCNCT,CD,CD_SV,"2021-01-21 12:30:02",673,647,26,0,232,206,26,0,700,468,224,4,4,0,22,90,3,1,43,4,3,1,1,51,0,0,0,1,0,0,0,0,1,0,1,0,1,0,0,1,0,0,0
4,BACĂU,"PRIMĂRIA GĂICEANA",352,GĂICEANA,22665,1,PROV,PRCNCT,CD,CD_SV,"2021-01-21 12:30:02",772,748,22,2,266,242,22,2,800,534,254,5,7,4,8,102,2,20,93,0,5,0,2,16,0,0,0,0,0,0,0,0,1,0,1,0,0,0,0,0,0,0,0
4,BACĂU,"ŞCOALA ARINI",353,GĂICEANA,22665,1,PROV,PRCNCT,CD,CD_SV,"2021-01-21 12:30:02",987,974,9,4,278,265,9,4,1100,822,264,5,9,1,8,63,4,69,68,2,4,1,1,34,2,0,0,1,0,1,0,0,0,1,3,0,0,0,0,0,0,0,1
4,BACĂU,"ŞCOALA HUŢU",354,GĂICEANA,22665,1,PROV,PRCNCT,CD,CD_SV,"2021-01-21 12:30:02",477,453,19,5,185,161,19,5,500,315,178,4,3,0,3,77,3,5,66,2,2,0,0,12,2,0,3,0,1,0,0,0,0,0,1,0,0,0,0,0,0,0,1
4,BACĂU,"ŞCOALA CU CL.I-VIII GÎRLENII DE SUS",355,GÂRLENI,22781,1,PROV,PRCNCT,CD,CD_SV,"2021-01-21 12:30:02",1526,1506,20,0,304,284,20,0,1600,1296,294,7,3,10,92,75,11,1,41,3,2,1,0,46,1,0,1,0,1,0,0,1,0,0,1,0,1,1,1,0,0,2,2
4,BACĂU,"ŞCOALA CU CL.I-VIII GÎRLENI",356,GÂRLENI,22781,1,PROV,PRCNCT,CD,CD_SV,"2021-01-21 12:30:02",1070,1057,13,0,202,189,13,0,1200,998,195,5,2,2,46,35,7,3,49,2,3,2,0,41,1,0,0,0,0,0,0,0,0,0,2,1,0,0,1,0,0,0,0
4,BACĂU,"ŞCOALA CU CL.I-VIII GÎRLENI",357,GÂRLENI,22781,1,PROV,PRCNCT,CD,CD_SV,"2021-01-21 12:30:02",962,948,14,0,203,189,14,0,999,796,199,3,1,6,46,38,7,1,46,6,4,1,1,35,1,0,0,0,0,0,0,0,0,0,1,1,1,0,3,0,0,1,0
4,BACĂU,"ŞCOALA CU CL.I-VIII LESPEZI",358,GÂRLENI,22781,1,PROV,PRCNCT,CD,CD_SV,"2021-01-21 12:30:02",960,941,19,0,194,175,19,0,1000,806,190,1,3,6,52,50,7,1,30,6,3,3,0,25,3,0,0,0,0,0,0,0,1,0,0,0,0,0,1,0,0,1,1
4,BACĂU,"ŞCOALA CU CL.I-VIII LESPEZI",359,GÂRLENI,22781,1,PROV,PRCNCT,CD,CD_SV,"2021-01-21 12:30:02",1247,1244,0,3,208,205,0,3,1400,1192,201,6,1,6,69,50,3,2,35,4,3,0,0,27,0,0,0,0,0,0,0,0,0,0,0,0,1,0,0,0,0,0,1
4,BACĂU,"PRIMĂRIA FĂGET",360,GHIMEŞ-FĂGET,22718,1,PROV,PRCNCT,CD,CD_SV,"2021-01-21 12:30:02",1116,1094,22,0,304,282,22,0,1201,897,291,6,7,1,19,14,6,162,40,3,2,3,0,36,0,0,1,0,1,0,0,0,0,0,0,0,1,0,0,2,0,0,0
4,BACĂU,"ŞCOALA GENERALA CU CLASELE I-VIII TĂRHĂUŞI",361,GHIMEŞ-FĂGET,22718,1,PROV,PRCNCT,CD,CD_SV,"2021-01-21 12:30:02",661,650,11,0,161,150,11,0,700,539,155,4,2,2,8,13,4,51,42,1,4,0,0,27,0,0,0,0,1,0,0,0,0,0,0,0,1,1,0,0,0,0,0
4,BACĂU,"ŞCOALA GENERALA CU CLASELE I-VIII GHIMEŞ",362,GHIMEŞ-FĂGET,22718,1,PROV,PRCNCT,CD,CD_SV,"2021-01-21 12:30:02",886,872,14,0,300,286,14,0,903,603,293,5,2,2,8,13,3,212,32,5,4,0,0,13,0,0,0,0,0,0,0,0,0,0,0,0,0,0,0,1,0,0,0
4,BACĂU,"ŞCOALA GENERALA CU CLASELE I-IV FĂGETUL DE SUS",363,GHIMEŞ-FĂGET,22718,1,PROV,PRCNCT,CD,CD_SV,"2021-01-21 12:30:02",216,207,9,0,46,37,9,0,300,254,46,0,0,2,3,5,1,19,12,0,1,0,0,2,0,0,1,0,0,0,0,0,0,0,0,0,0,0,0,0,0,0,0
4,BACĂU,"ŞCOALA GENERALA CU CLASELE I-VIII BOLOVĂNIŞ",364,GHIMEŞ-FĂGET,22718,1,PROV,PRCNCT,CD,CD_SV,"2021-01-21 12:30:02",743,735,8,0,186,178,8,0,800,614,179,4,3,1,11,9,5,41,38,1,5,1,0,58,0,1,2,1,0,0,0,0,0,0,2,1,0,0,0,0,0,1,1
4,BACĂU,"ŞCOALA GENERALA CU CLASELE I-IV RĂCHITIŞ",365,GHIMEŞ-FĂGET,22718,1,PROV,PRCNCT,CD,CD_SV,"2021-01-21 12:30:02",201,191,10,0,62,52,10,0,200,138,60,1,1,4,6,5,2,2,20,0,4,0,0,15,1,0,0,0,0,0,0,0,0,0,1,0,0,0,0,0,0,0,0
4,BACĂU,"ŞCOALA GENERALA CU CLASELE I-VIII ION STRAT GIOSENI",366,GIOSENI,26346,1,PROV,PRCNCT,CD,CD_SV,"2021-01-21 12:30:02",934,921,13,0,213,200,13,0,1000,787,198,7,8,0,24,90,7,4,37,4,2,5,0,19,2,0,0,0,0,0,0,0,0,1,1,0,0,0,0,1,1,0,0
4,BACĂU,"ŞCOALA GENERALA CU CLASELE I-VIII ION STRAT GIOSENI",367,GIOSENI,26346,1,PROV,PRCNCT,CD,CD_SV,"2021-01-21 12:30:02",1196,1185,11,0,282,271,11,0,1300,1018,269,9,4,5,36,131,8,2,37,2,9,4,3,25,0,0,1,1,1,0,0,0,0,0,1,0,0,0,1,0,0,0,2
4,BACĂU,"SCOALA GENERALA CU CLASELE I-VIII ION STRAT GIOSENI",368,GIOSENI,26346,1,PROV,PRCNCT,CD,CD_SV,"2021-01-21 12:30:02",1094,1085,9,0,228,219,9,0,1200,972,220,1,7,4,23,98,8,2,52,0,4,0,0,26,1,1,0,0,0,1,0,0,0,0,0,0,0,0,0,0,0,0,0
4,BACĂU,"CĂMINUL CULTURAL GLĂVĂNEŞTI",369,GLĂVĂNEŞTI,22834,1,PROV,PRCNCT,CD,CD_SV,"2021-01-21 12:30:02",1412,1396,16,0,358,342,16,0,1500,1142,343,12,3,18,13,109,6,2,128,4,6,1,0,49,1,1,0,0,0,0,0,0,0,1,1,0,0,0,0,0,2,1,0
4,BACĂU,"CĂMINUL CULTURAL FRUMUŞELU",370,GLĂVĂNEŞTI,22834,1,PROV,PRCNCT,CD,CD_SV,"2021-01-21 12:30:02",1050,1033,17,0,254,237,17,0,1100,846,247,4,3,7,13,121,2,1,65,2,2,1,0,21,8,0,0,1,1,0,0,0,0,0,0,0,1,0,1,0,0,0,0
4,BACĂU,"SCOALA MUNCELU",371,GLĂVĂNEŞTI,22834,1,PROV,PRCNCT,CD,CD_SV,"2021-01-21 12:30:02",195,187,8,0,72,64,8,0,200,128,66,4,2,2,3,32,1,0,20,2,2,0,1,2,0,0,0,0,1,0,0,0,0,0,0,0,0,0,0,0,0,0,0
4,BACĂU,"PRIMĂRIA GURA VĂII",372,"GURA VĂII",20607,1,PROV,PRCNCT,CD,CD_SV,"2021-01-21 12:30:02",1262,1237,25,0,414,389,25,0,1400,986,399,11,4,26,18,41,10,1,238,3,7,1,3,39,4,1,2,0,0,0,0,0,0,0,1,1,0,0,0,0,1,0,2
4,BACĂU,"GRĂDINIŢA PĂTRĂŞCANI",373,"GURA VĂII",20607,1,PROV,PRCNCT,CD,CD_SV,"2021-01-21 12:30:02",329,316,13,0,122,109,13,0,400,278,119,1,2,5,8,19,2,0,65,3,3,0,0,13,1,0,0,0,0,0,0,0,0,0,0,0,0,0,0,0,0,0,0
4,BACĂU,"CASA PRAZNICALĂ BISERICA ORTODOXĂ SF.TREIME - MOTOCEŞTI",374,"GURA VĂII",20607,1,PROV,PRCNCT,CD,CD_SV,"2021-01-21 12:30:02",128,113,15,0,45,30,15,0,200,155,43,2,0,3,2,11,2,1,20,0,0,1,0,3,0,0,0,0,0,0,0,0,0,0,0,0,0,0,0,0,0,0,0
4,BACĂU,"ŞCOALA TEMELIA",375,"GURA VĂII",20607,1,PROV,PRCNCT,CD,CD_SV,"2021-01-21 12:30:02",776,770,6,0,151,145,6,0,800,649,137,7,7,7,7,16,5,0,76,2,2,1,0,10,3,0,4,0,0,0,0,0,0,0,1,0,0,0,0,1,1,0,1
4,BACĂU,"ŞCOALA PĂLTINATA",376,"GURA VĂII",20607,1,PROV,PRCNCT,CD,CD_SV,"2021-01-21 12:30:02",370,365,5,0,114,109,5,0,400,286,112,2,0,4,3,11,20,0,57,4,1,0,0,10,0,0,0,0,0,0,0,1,0,0,0,0,1,0,0,0,0,0,0
4,BACĂU,"SCOALA GENERALA CU CLASELE I-VIII DUMBRAVA",377,"GURA VĂII",20607,1,PROV,PRCNCT,CD,CD_SV,"2021-01-21 12:30:02",976,966,10,0,251,241,10,0,1100,849,239,5,7,6,7,28,26,0,123,4,2,3,0,23,5,0,1,1,0,0,1,0,0,0,4,1,1,0,1,1,0,0,1
4,BACĂU,"ŞCOALA CAPĂTA",378,"GURA VĂII",20607,1,PROV,PRCNCT,CD,CD_SV,"2021-01-21 12:30:02",300,292,8,0,124,116,8,0,300,176,117,3,4,8,4,13,5,0,60,0,3,0,1,17,3,0,0,0,0,0,0,0,0,0,0,0,1,0,1,1,0,0,0
4,BACĂU,"ŞCOALA GIMNAZIALĂ HELEGIU",379,HELEGIU,22898,1,PROV,PRCNCT,CD,CD_SV,"2021-01-21 12:30:02",959,948,11,0,243,232,11,0,1000,757,234,6,3,23,23,63,14,0,62,6,2,3,0,28,4,0,1,0,1,0,0,0,0,0,2,0,0,0,0,0,1,1,0
4,BACĂU,"ŞCOALA GIMNAZIALĂ BRĂTILA 2",380,HELEGIU,22898,1,PROV,PRCNCT,CD,CD_SV,"2021-01-21 12:30:02",671,650,18,3,176,155,18,3,700,524,169,6,1,48,5,24,8,1,45,2,5,4,0,24,0,0,0,0,1,0,0,0,0,0,2,0,0,0,0,0,0,0,0
4,BACĂU,"SCOALA CU CLASELE I-VIII BRATILA 1",381,HELEGIU,22898,1,PROV,PRCNCT,CD,CD_SV,"2021-01-21 12:30:02",863,847,16,0,178,162,16,0,900,722,166,7,5,32,16,28,4,1,53,1,3,1,0,25,2,0,0,0,0,0,0,0,0,0,0,0,0,0,0,0,0,0,0
4,BACĂU,"SCOALA GIMNAZIALA DELENI",382,HELEGIU,22898,1,PROV,PRCNCT,CD,CD_SV,"2021-01-21 12:30:02",1353,1346,7,0,257,250,7,0,1500,1243,239,12,6,17,12,42,18,2,88,2,3,4,1,44,3,0,0,1,0,0,0,0,1,0,0,0,0,0,0,0,0,0,1
4,BACĂU,"ŞCOALA GIMNAZIALĂ NR.1 DRĂGUGEŞTI",383,HELEGIU,22898,1,PROV,PRCNCT,CD,CD_SV,"2021-01-21 12:30:02",1225,1207,18,0,223,205,18,0,1300,1077,205,11,7,13,7,43,14,2,86,3,2,4,1,20,4,1,1,0,0,0,1,1,0,1,0,0,0,0,0,0,1,0,0
4,BACĂU,"ŞCOALA PRIMARĂ NR.2 DRĂGUGEŞTI",384,HELEGIU,22898,1,PROV,PRCNCT,CD,CD_SV,"2021-01-21 12:30:02",377,364,13,0,84,71,13,0,400,316,75,3,6,5,2,12,4,1,34,1,2,3,0,9,0,0,0,0,1,0,0,0,0,0,0,0,1,0,0,0,0,0,0
4,BACĂU,"CĂMINUL CULTURAL HEMEIUŞ",385,HEMEIUŞ,20313,1,PROV,PRCNCT,CD,CD_SV,"2021-01-21 12:30:02",1534,1486,48,0,484,436,48,0,1600,1116,467,13,4,20,103,126,40,2,108,8,6,4,0,39,3,0,1,1,1,0,0,1,0,0,1,1,0,0,1,0,0,0,1
4,BACĂU,"ŞCOALA GENERALA GRIGORE TĂBĂCARU HEMEIUŞ",386,HEMEIUŞ,20313,1,PROV,PRCNCT,CD,CD_SV,"2021-01-21 12:30:02",964,904,60,0,365,305,60,0,1000,635,354,11,0,16,67,98,40,3,74,7,6,0,1,35,3,1,0,1,0,0,0,0,0,0,0,0,0,0,0,0,0,0,2
4,BACĂU,"SCOALA GENERALA ION SIMIONESCU, LILIECI",387,HEMEIUŞ,20313,1,PROV,PRCNCT,CD,CD_SV,"2021-01-21 12:30:02",1509,1490,19,0,444,425,19,0,1600,1156,437,3,4,13,85,115,16,3,109,11,6,2,0,67,5,0,0,0,2,0,1,0,1,0,0,0,0,1,0,0,0,0,0
4,BACĂU,"ŞCOALA GENERALA ION SIMIONESCU LILIECI",388,HEMEIUŞ,20313,1,PROV,PRCNCT,CD,CD_SV,"2021-01-21 12:30:02",1298,1263,33,2,421,386,33,2,1400,979,410,7,4,14,70,112,12,0,101,10,8,5,2,67,0,1,1,1,1,0,0,0,0,0,1,0,0,1,0,0,0,0,3
4,BACĂU,"PRIMĂRIA HORGEŞTI",389,HORGEŞTI,22941,1,PROV,PRCNCT,CD,CD_SV,"2021-01-21 12:30:02",1387,1370,17,0,280,263,17,0,1500,1220,272,2,6,5,41,40,7,0,138,3,7,2,1,17,7,0,0,0,1,0,0,0,0,0,0,0,0,0,0,2,0,0,1
4,BACĂU,"ŞCOALA SOHODOR",390,HORGEŞTI,22941,1,PROV,PRCNCT,CD,CD_SV,"2021-01-21 12:30:02",1062,1049,13,0,309,296,13,0,1200,891,289,12,8,1,3,21,2,0,216,0,9,5,2,24,1,0,1,0,0,0,1,0,0,0,2,0,0,0,0,0,0,1,0
4,BACĂU,"ŞCOALA RECEA",391,HORGEŞTI,22941,2,PART,PRCNCT,CD,CD_SV,"2021-01-21 12:30:02",672,665,7,0,173,166,7,0,700,527,165,3,5,1,3,6,0,1,124,1,3,0,0,20,1,0,1,0,0,0,1,0,1,0,0,1,1,0,0,0,0,0,0
4,BACĂU,"ŞCOALA RĂCĂTĂU",392,HORGEŞTI,22941,2,PART,PRCNCT,CD,CD_SV,"2021-01-21 12:30:02",924,909,15,0,250,235,15,0,1000,750,237,8,5,5,9,4,6,0,156,0,2,2,1,47,2,0,1,0,1,0,0,0,0,0,0,0,0,0,0,1,0,0,0
4,BACĂU,"PRIMĂRIA HURUIEŞTI",393,HURUIEŞTI,23047,1,PROV,PRCNCT,CD,CD_SV,"2021-01-21 12:30:02",588,570,18,0,172,154,18,0,600,428,167,2,3,5,4,22,2,1,116,1,1,1,0,12,0,0,0,0,0,0,0,0,0,0,1,0,1,0,0,0,0,0,0
4,BACĂU,"FOSTUL LOCAL AL ŞCOLII PERCHIU",394,HURUIEŞTI,23047,1,PROV,PRCNCT,CD,CD_SV,"2021-01-21 12:30:02",132,121,11,0,51,40,11,0,200,149,47,4,0,0,3,5,3,0,25,1,0,0,0,9,0,0,0,0,0,0,0,0,0,0,0,0,0,0,0,0,1,0,0
4,BACĂU,"FOSTUL LOCAL AL ŞCOLII PRADAIŞ",395,HURUIEŞTI,23047,1,PROV,PRCNCT,CD,CD_SV,"2021-01-21 12:30:02",267,251,16,0,111,95,16,0,300,189,108,3,0,4,3,19,2,0,67,1,0,1,0,7,4,0,0,0,0,0,0,0,0,0,0,0,0,0,0,0,0,0,0
4,BACĂU,"FOSTUL LOCAL AL ŞCOLII CAPOTEŞTI",396,HURUIEŞTI,23047,1,PROV,PRCNCT,CD,CD_SV,"2021-01-21 12:30:02",184,160,24,0,86,62,24,0,200,114,79,5,2,6,0,5,1,0,63,1,0,0,0,3,0,0,0,0,0,0,0,0,0,0,0,0,0,0,0,0,0,0,0
4,BACĂU,"LOCALUL ŞCOLII OCHENI",397,HURUIEŞTI,23047,1,PROV,PRCNCT,CD,CD_SV,"2021-01-21 12:30:02",288,282,6,0,125,119,6,0,300,175,113,8,4,3,0,10,1,0,90,1,1,0,0,6,1,0,0,0,0,0,0,0,0,0,0,0,0,0,0,0,0,0,0
4,BACĂU,"FOSTUL LOCAL AL ŞCOLII FLOREŞTI",398,HURUIEŞTI,23047,1,PROV,PRCNCT,CD,CD_SV,"2021-01-21 12:30:02",142,133,9,0,57,48,9,0,200,143,54,1,2,1,2,11,2,0,30,1,2,0,0,1,1,0,1,0,0,0,0,0,0,0,0,0,0,0,0,1,0,1,0
4,BACĂU,"LOCALUL ŞCOLII FUNDOAIA",399,HURUIEŞTI,23047,1,PROV,PRCNCT,CD,CD_SV,"2021-01-21 12:30:02",323,311,12,0,139,127,12,0,400,261,134,3,2,3,2,15,2,0,104,0,1,1,0,6,0,0,0,0,0,0,0,0,0,0,0,0,0,0,0,0,0,0,0
4,BACĂU,"ŞCOALA CL.I-VIII ITEŞTI",400,ITEŞTI,26379,1,PROV,PRCNCT,CD,CD_SV,"2021-01-21 12:30:02",739,717,22,0,258,236,22,0,800,542,252,6,0,2,7,120,21,1,48,2,4,2,0,42,3,0,0,0,0,0,0,0,0,0,0,0,0,0,0,0,0,0,0
4,BACĂU,"ŞCOALA DUMBRAVA",401,ITEŞTI,26379,1,PROV,PRCNCT,CD,CD_SV,"2021-01-21 12:30:02",377,360,17,0,142,125,17,0,400,258,139,3,0,5,23,33,11,1,33,10,3,1,0,16,2,0,0,0,0,0,0,0,1,0,0,0,0,0,0,0,0,0,0
4,BACĂU,"CĂMINUL CULTURAL CIUMAŞI",402,ITEŞTI,26379,1,PROV,PRCNCT,CD,CD_SV,"2021-01-21 12:30:02",155,137,18,0,57,39,18,0,200,143,57,0,0,6,1,23,3,1,15,2,1,1,0,3,1,0,0,0,0,0,0,0,0,0,0,0,0,0,0,0,0,0,0
4,BACĂU,"ŞCOALA CONSTANTIN MOSCU IZV.BERHECIULUI",403,"IZVORU BERHECIULUI",23127,1,PROV,PRCNCT,CD,CD_SV,"2021-01-21 12:30:02",678,651,27,0,193,166,27,0,700,507,182,8,3,61,15,31,1,1,54,1,2,2,0,11,0,0,1,1,0,0,0,0,0,0,1,0,0,0,0,0,0,0,0
4,BACĂU,"ŞCOALA GENERALĂ ANTOHEŞTI",404,"IZVORU BERHECIULUI",23127,1,PROV,PRCNCT,CD,CD_SV,"2021-01-21 12:30:02",328,308,20,0,103,83,20,0,400,297,99,2,2,36,3,14,4,1,32,0,2,2,0,4,1,0,0,0,0,0,0,0,0,0,0,0,0,0,0,0,0,0,0
4,BACĂU,"ŞCOALA GENERALĂ OBÎRŞIA",405,"IZVORU BERHECIULUI",23127,1,PROV,PRCNCT,CD,CD_SV,"2021-01-21 12:30:02",335,310,25,0,129,104,25,0,400,271,121,5,3,25,3,50,4,0,24,2,2,2,0,5,1,1,0,0,0,1,0,0,0,1,0,0,0,0,0,0,0,0,0
4,BACĂU,"ŞCOALA COORDONATOARE LETEA VECHE",406,"LETEA VECHE",20359,1,PROV,PRCNCT,CD,CD_SV,"2021-01-21 12:30:02",1475,1440,35,0,437,402,35,0,1600,1163,426,7,4,24,60,75,21,3,163,11,13,2,0,46,1,0,0,2,1,0,0,0,0,0,1,0,0,0,0,0,0,0,3
4,BACĂU,"SCOALA COORDONATOARE LETEA VECHE",407,"LETEA VECHE",20359,1,PROV,PRCNCT,CD,CD_SV,"2021-01-21 12:30:02",1670,1649,19,2,535,514,19,2,1791,1256,526,9,0,20,112,83,20,1,170,14,16,2,2,68,6,1,0,0,0,0,0,1,0,0,0,1,0,1,2,1,0,1,4
4,BACĂU,"ŞCOALA HOLT",408,"LETEA VECHE",20359,1,PROV,PRCNCT,CD,CD_SV,"2021-01-21 12:30:02",1516,1465,51,0,520,469,51,0,1600,1080,494,20,6,35,54,100,22,3,172,11,8,2,3,65,6,1,2,0,1,0,1,0,1,0,1,0,0,0,0,0,0,0,6
4,BACĂU,"ŞCOALA RADOMIREŞTI",409,"LETEA VECHE",20359,1,PROV,PRCNCT,CD,CD_SV,"2021-01-21 12:30:02",357,336,21,0,99,78,21,0,400,301,94,4,1,3,16,18,6,1,31,2,5,0,0,12,0,0,0,0,0,0,0,0,0,0,0,0,0,0,0,0,0,0,0
4,BACĂU,"ŞCOALA RUŞI CIUTEA",410,"LETEA VECHE",20359,1,PROV,PRCNCT,CD,CD_SV,"2021-01-21 12:30:02",636,610,26,0,261,235,26,0,700,439,246,10,5,3,19,37,11,2,98,2,3,2,0,57,4,0,0,2,1,1,0,0,0,1,0,0,1,0,0,0,0,0,2
4,BACĂU,"ŞCOALA SIRETU",411,"LETEA VECHE",20359,1,PROV,PRCNCT,CD,CD_SV,"2021-01-21 12:30:02",503,478,25,0,169,144,25,0,500,331,166,3,0,5,22,16,6,1,78,3,2,4,0,28,0,0,0,0,0,0,0,0,0,0,0,0,0,1,0,0,0,0,0
4,BACĂU,"ŞCOALA CU CLASELE I-VIII M.EMINESCU LIPOVA",412,LIPOVA,23207,1,PROV,PRCNCT,CD,CD_SV,"2021-01-21 12:30:02",511,497,14,0,226,212,14,0,499,273,210,7,9,2,8,23,2,1,139,6,3,1,0,11,6,1,1,0,2,0,0,0,0,0,2,0,1,0,0,1,0,0,0
4,BACĂU,"ŞCOALA CU CLASELE I-IV VALEA HOGEI",413,LIPOVA,23207,1,PROV,PRCNCT,CD,CD_SV,"2021-01-21 12:30:02",244,224,20,0,118,98,20,0,300,182,115,2,1,11,2,17,1,0,74,1,0,0,0,7,0,0,0,0,1,0,0,0,0,0,0,0,0,0,0,0,0,0,1
4,BACĂU,"ŞCOALA CU CLASELE I-VIII SATU NOU",414,LIPOVA,23207,1,PROV,PRCNCT,CD,CD_SV,"2021-01-21 12:30:02",410,402,8,0,156,148,8,0,400,244,151,4,1,9,1,14,1,0,101,1,3,2,0,12,5,0,0,0,0,0,0,1,0,0,0,0,0,0,0,0,0,1,0
4,BACĂU,"ŞCOALA CU CLASELE I-IV VALEA CASELOR",415,LIPOVA,23207,1,PROV,PRCNCT,CD,CD_SV,"2021-01-21 12:30:02",382,372,10,0,165,155,10,0,400,235,150,5,10,4,1,10,4,0,93,1,0,1,3,28,1,0,0,0,0,0,0,0,0,0,0,0,1,0,0,0,0,1,2
4,BACĂU,"ŞCOALA CU CLASELE I-VIII MÎLOSU",416,LIPOVA,23207,2,PART,PRCNCT,CD,CD_SV,"2021-01-21 12:30:02",779,768,11,0,291,280,11,0,800,509,273,11,7,4,5,18,2,4,186,1,2,2,0,31,4,1,2,1,1,0,0,1,0,1,5,0,0,0,0,0,0,1,1
4,BACĂU,"ŞCOALA GIMNAZIALĂ NR.1 LIVEZI",417,LIVEZI,23289,1,PROV,PRCNCT,CD,CD_SV,"2021-01-21 12:30:02",795,779,16,0,171,155,16,0,900,729,163,5,3,5,13,39,7,0,68,3,6,1,0,19,0,0,0,0,1,0,0,0,0,0,0,0,0,0,0,0,0,0,1
4,BACĂU,"ŞCOALA PRIMARĂ ORĂŞA",418,LIVEZI,23289,1,PROV,PRCNCT,CD,CD_SV,"2021-01-21 12:30:02",716,699,17,0,199,182,17,0,800,601,191,5,3,3,32,49,6,2,76,3,3,0,1,11,1,0,1,0,0,0,0,1,0,0,0,0,0,1,0,1,0,0,0
4,BACĂU,"ŞCOALA PRIMARĂ PRĂJOAIA",419,LIVEZI,23289,1,PROV,PRCNCT,CD,CD_SV,"2021-01-21 12:30:02",820,805,15,0,195,180,15,0,900,705,182,7,6,3,24,55,7,0,52,1,2,1,1,32,2,0,1,1,0,0,0,0,0,0,0,0,0,0,0,0,0,0,0
4,BACĂU,"ŞCOALA PRIMARĂ SCĂRIGA",420,LIVEZI,23289,1,PROV,PRCNCT,CD,CD_SV,"2021-01-21 12:30:02",457,446,11,0,144,133,11,0,500,356,137,4,3,2,14,49,1,0,52,2,2,1,1,6,2,1,1,0,0,0,0,0,0,1,1,0,0,0,0,1,0,0,0
4,BACĂU,"ŞCOALA GIMNAZIALĂ POIANA",421,LIVEZI,23289,1,PROV,PRCNCT,CD,CD_SV,"2021-01-21 12:30:02",757,742,15,0,177,162,15,0,800,623,167,8,2,5,20,52,17,0,39,1,1,2,1,24,2,0,0,0,0,0,0,0,0,0,2,0,1,0,0,0,0,0,0
4,BACĂU,"ŞCOALA PRIMARĂ BĂLĂNEASA",422,LIVEZI,23289,1,PROV,PRCNCT,CD,CD_SV,"2021-01-21 12:30:02",937,925,12,0,206,194,12,0,1000,794,189,16,1,9,18,35,7,1,58,2,2,2,1,35,1,1,9,0,2,0,0,2,1,0,0,0,0,0,0,2,1,0,0
4,BACĂU,"ŞCOALA CU CLASELE I-VIII LUIZI CĂLUGĂRA",423,LUIZI-CĂLUGĂRA,23350,1,PROV,PRCNCT,CD,CD_SV,"2021-01-21 12:30:02",1261,1232,27,2,301,272,27,2,1300,999,290,5,6,8,49,153,1,0,40,2,2,2,4,22,0,3,0,0,1,0,0,0,1,0,2,0,0,0,0,0,0,0,0
4,BACĂU,"ŞCOALA CU CLASELE I-VIII LUIZI CĂLUGĂRA",424,LUIZI-CĂLUGĂRA,23350,1,PROV,PRCNCT,CD,CD_SV,"2021-01-21 12:30:02",1254,1229,19,6,282,257,19,6,1300,1018,273,5,4,8,50,151,1,3,29,2,4,0,0,22,2,0,0,0,0,0,0,0,0,1,0,0,0,0,0,0,0,0,0
4,BACĂU,"ŞCOALA CU CLASELE I-VIII OSEBIŢI",425,LUIZI-CĂLUGĂRA,23350,1,PROV,PRCNCT,CD,CD_SV,"2021-01-21 12:30:02",896,880,14,2,231,215,14,2,1000,769,218,11,2,11,66,84,2,1,27,10,2,1,2,6,0,0,0,1,2,0,0,0,0,0,1,0,0,0,0,2,0,0,0
4,BACĂU,"ŞCOALA CU CLASELE I-VIII OSEBIŢI",426,LUIZI-CĂLUGĂRA,23350,1,PROV,PRCNCT,CD,CD_SV,"2021-01-21 12:30:02",893,881,12,0,234,222,12,0,1000,766,226,6,2,5,37,102,9,3,35,2,6,1,1,14,3,0,2,0,2,1,0,0,1,0,1,0,0,0,0,0,0,0,1
4,BACĂU,"CAMINUL CULTURAL MAGIRESTI",427,MĂGIREŞTI,23387,1,PROV,PRCNCT,CD,CD_SV,"2021-01-21 12:30:02",1506,1490,16,0,478,462,16,0,1600,1122,458,17,3,21,33,133,19,2,141,5,13,7,1,76,5,1,0,0,0,0,0,0,0,0,0,0,0,1,0,0,0,0,0
4,BACĂU,"ŞCOALA CU CLASELE.I-IV STĂNEŞTI (CORP NOU)",428,MĂGIREŞTI,23387,1,PROV,PRCNCT,CD,CD_SV,"2021-01-21 12:30:02",507,495,12,0,161,149,12,0,500,339,151,4,6,3,10,51,4,0,43,1,1,2,2,26,2,0,1,0,0,0,0,1,0,0,2,0,0,1,0,0,0,0,1
4,BACĂU,"ŞCOALA CU CLASELE I-VIII VALEA ARINILOR",429,MĂGIREŞTI,23387,1,PROV,PRCNCT,CD,CD_SV,"2021-01-21 12:30:02",980,966,14,0,312,298,14,0,1100,788,302,7,3,7,29,102,6,0,81,6,5,5,4,49,3,0,0,0,2,0,0,0,0,0,1,0,0,0,0,1,0,0,1
4,BACĂU,"SCOALA CU CLASELE I-IV PRAJESTII",430,MĂGIREŞTI,23387,1,PROV,PRCNCT,CD,CD_SV,"2021-01-21 12:30:02",511,484,27,0,177,150,27,0,500,323,173,3,1,3,8,88,3,0,34,5,3,2,0,22,1,0,1,0,0,0,0,0,0,0,0,0,0,1,1,1,0,0,0
4,BACĂU,"ŞCOALA NR.2 MĂGURA-SALA 1",431,MĂGURA,20411,1,PROV,PRCNCT,CD,CD_SV,"2021-01-21 12:30:02",1122,1094,28,0,359,331,28,0,1200,841,352,7,0,31,74,98,25,1,76,10,9,2,2,20,2,1,0,0,0,0,0,0,0,0,0,0,0,0,0,0,0,0,1
4,BACĂU,"SCOALA NR.2 SAT MAGURA - SALA 2",432,MĂGURA,20411,1,PROV,PRCNCT,CD,CD_SV,"2021-01-21 12:30:02",877,831,46,0,243,197,46,0,900,657,240,2,1,28,39,56,11,0,77,4,4,4,1,10,1,0,1,0,0,0,0,0,0,0,0,0,1,1,0,0,0,0,2
4,BACĂU,"ŞCOALA GENERALA NR.1 EMIL BRĂIESCU MĂGURA",433,MĂGURA,20411,1,PROV,PRCNCT,CD,CD_SV,"2021-01-21 12:30:02",1493,1414,79,0,447,368,79,0,1500,1053,445,0,2,70,80,96,28,0,99,5,10,2,0,39,4,2,0,1,1,0,0,1,1,0,0,0,1,1,0,0,1,2,1
4,BACĂU,"CAMIN CULTURAL SOHODOL",434,MĂGURA,20411,1,PROV,PRCNCT,CD,CD_SV,"2021-01-21 12:30:02",1149,1109,40,0,330,290,40,0,1200,870,323,5,2,38,40,100,25,0,77,4,2,2,1,28,0,1,1,0,1,1,0,0,0,0,0,0,0,1,0,0,0,0,1
4,BACĂU,"CĂMINUL CULTURAL SATUL MĂNĂSTIREA CAŞIN",435,"MĂNĂSTIREA CAŞIN",23449,1,PROV,PRCNCT,CD,CD_SV,"2021-01-21 12:30:02",1516,1507,9,0,340,331,9,0,1700,1360,321,13,6,4,18,92,9,0,125,4,4,4,0,56,1,0,2,0,0,0,0,0,0,0,1,1,0,0,0,0,0,0,0
4,BACĂU,"CĂMINUL CULTURAL SATUL MĂNĂSTIREA CAŞIN",436,"MĂNĂSTIREA CAŞIN",23449,1,PROV,PRCNCT,CD,CD_SV,"2021-01-21 12:30:02",579,574,5,0,110,105,5,0,598,488,105,4,1,2,8,20,3,2,37,1,0,0,0,30,1,0,0,0,0,0,0,0,0,0,1,0,0,0,0,0,0,0,0
4,BACĂU,"ŞCOALA GENERALA.NR.2 MĂNĂSTIREA CAŞIN",437,"MĂNĂSTIREA CAŞIN",23449,1,PROV,PRCNCT,CD,CD_SV,"2021-01-21 12:30:02",1654,1640,11,3,333,319,11,3,1800,1467,324,5,4,10,14,127,4,1,104,2,2,3,2,45,2,1,0,0,1,0,0,0,0,0,1,0,1,0,1,1,0,1,1
4,BACĂU,"ŞCOALA LUPEŞTI",438,"MĂNĂSTIREA CAŞIN",23449,1,PROV,PRCNCT,CD,CD_SV,"2021-01-21 12:30:02",637,624,13,0,128,115,13,0,700,572,126,2,0,5,9,34,5,1,37,2,2,4,0,24,0,0,1,0,1,0,0,0,0,0,1,0,0,0,0,0,0,0,0
4,BACĂU,"ŞCOALA CU CLASELE I-VIII MĂRGINENI",439,MĂRGINENI,20466,1,PROV,PRCNCT,CD,CD_SV,"2021-01-21 12:30:02",1131,1111,20,0,310,290,20,0,1200,890,301,8,1,12,62,70,13,1,70,4,7,2,2,42,3,1,1,0,1,0,1,1,0,0,2,1,1,1,1,0,1,0,1
4,BACĂU,"ŞCOALA CU CLASELE I-VIII MĂRGINENI",440,MĂRGINENI,20466,1,PROV,PRCNCT,CD,CD_SV,"2021-01-21 12:30:02",1353,1324,29,0,338,309,29,0,1400,1062,330,6,2,8,65,87,15,1,70,7,6,3,2,57,4,0,0,0,0,0,0,1,0,0,2,0,1,0,0,0,0,0,1
4,BACĂU,"ŞCOALA CU CLASELE I-VIII MĂRGINENI",441,MĂRGINENI,20466,1,PROV,PRCNCT,CD,CD_SV,"2021-01-21 12:30:02",1113,1097,16,0,257,241,16,0,1200,943,246,8,3,4,60,58,7,1,69,6,3,2,0,33,1,0,0,0,0,0,0,0,0,0,0,1,0,0,0,0,0,0,1
4,BACĂU,"ŞCOALA CU CLASELE I-VIII BARAŢI",442,MĂRGINENI,20466,1,PROV,PRCNCT,CD,CD_SV,"2021-01-21 12:30:02",1756,1735,21,0,471,450,21,0,1900,1429,456,10,5,13,88,89,15,2,138,8,15,4,4,59,6,1,2,1,0,0,0,1,0,1,0,0,0,1,0,2,2,1,3
4,BACĂU,"ŞCOALA CU CLASELE I-VIII TREBEŞ",443,MĂRGINENI,20466,1,PROV,PRCNCT,CD,CD_SV,"2021-01-21 12:30:02",715,696,19,0,204,185,19,0,799,595,186,13,5,3,27,36,9,1,76,4,6,0,1,18,2,0,1,0,0,0,0,0,0,0,0,0,0,0,0,0,0,0,2
4,BACĂU,"ŞCOALA CU CLASELE I - IV VALEA BUDULUI",444,MĂRGINENI,20466,1,PROV,PRCNCT,CD,CD_SV,"2021-01-21 12:30:02",440,423,17,0,149,132,17,0,500,351,142,7,0,7,33,44,7,0,30,2,2,1,1,12,1,0,0,0,0,0,0,0,0,0,1,0,0,0,0,0,0,0,1
4,BACĂU,"ŞCOALA CU CLASELE I - IV PĂDURENI",445,MĂRGINENI,20466,1,PROV,PRCNCT,CD,CD_SV,"2021-01-21 12:30:02",327,317,10,0,86,76,10,0,399,313,85,0,1,0,15,18,3,1,30,4,1,1,1,8,0,0,0,0,0,0,0,0,0,0,0,0,1,0,0,0,0,1,1
4,BACĂU,"ŞCOALA CU CLASELE I-VIII LUNCANI",446,MĂRGINENI,20466,2,PART,PRCNCT,CD,CD_SV,"2021-01-21 12:30:02",1084,1047,37,0,322,285,37,0,1100,778,312,6,4,16,45,60,16,0,117,7,3,5,1,37,0,0,2,0,0,0,0,0,0,0,1,0,0,1,0,1,0,0,0
4,BACĂU,"ŞCOALA CU CLASELE I - IV PODIȘ",447,MĂRGINENI,20466,1,PROV,PRCNCT,CD,CD_SV,"2021-01-21 12:30:02",599,564,35,0,161,126,35,0,600,439,154,5,2,6,14,34,8,1,57,7,2,2,2,15,2,0,0,0,1,0,0,0,0,0,1,0,1,0,0,0,0,0,1
4,BACĂU,"CASA SATULUI SI TRADITIILOR",448,MOTOŞENI,23494,1,PROV,PRCNCT,CD,CD_SV,"2021-01-21 12:30:02",876,851,24,1,260,235,24,1,900,640,252,5,3,15,4,27,1,0,173,1,2,4,1,18,3,0,0,0,0,1,0,0,0,0,0,0,1,1,0,0,0,0,0
4,BACĂU,"ŞCOALA SATUL ŢEPOAIA",449,MOTOŞENI,23494,1,PROV,PRCNCT,CD,CD_SV,"2021-01-21 12:30:02",424,415,9,0,135,126,9,0,500,365,131,2,2,5,6,19,1,0,92,0,1,0,0,3,1,0,1,0,1,0,0,0,0,0,0,0,0,0,0,1,0,0,0
4,BACĂU,"ŞCOALA SATUL COCIU",450,MOTOŞENI,23494,1,PROV,PRCNCT,CD,CD_SV,"2021-01-21 12:30:02",249,239,10,0,84,74,10,0,300,216,75,5,4,1,2,6,1,1,51,1,2,1,0,5,0,1,0,0,0,0,0,0,1,0,1,0,0,0,0,0,0,1,0
4,BACĂU,"ŞCOALA SATUL POIANA",451,MOTOŞENI,23494,1,PROV,PRCNCT,CD,CD_SV,"2021-01-21 12:30:02",277,256,21,0,121,100,21,0,300,179,111,4,6,1,2,8,3,0,84,0,1,1,0,9,0,0,0,1,0,0,0,0,0,0,0,0,0,0,0,0,0,1,0
4,BACĂU,"ŞCOALA SATUL FÎNTÎNELE",452,MOTOŞENI,23494,1,PROV,PRCNCT,CD,CD_SV,"2021-01-21 12:30:02",536,529,7,0,179,172,7,0,600,421,165,9,5,2,8,19,3,0,121,1,2,1,0,7,1,0,0,0,0,0,0,0,0,0,0,0,0,0,0,0,0,0,0
4,BACĂU,"ŞCOALA SATUL ŞENDREŞTI",453,MOTOŞENI,23494,1,PROV,PRCNCT,CD,CD_SV,"2021-01-21 12:30:02",303,292,11,0,128,117,11,0,300,172,125,2,1,1,4,21,3,2,87,0,1,1,0,3,1,0,0,0,0,0,0,0,0,0,0,0,1,0,0,0,0,0,0
4,BACĂU,"ŞCOALA COSTACHE NEGRI SATUL NEGRI",454,NEGRI,23644,1,PROV,PRCNCT,CD,CD_SV,"2021-01-21 12:30:02",1105,1078,27,0,299,272,27,0,1200,901,279,8,12,10,18,54,5,4,159,0,2,1,1,19,3,0,0,1,0,0,0,0,0,0,0,0,1,0,0,0,1,0,0
4,BACĂU,"ŞCOALA ION IONESCU DE LA BRAD SATUL POIANA-NEGRI",455,NEGRI,23644,1,PROV,PRCNCT,CD,CD_SV,"2021-01-21 12:30:02",1194,1181,13,0,266,253,13,0,1300,1034,251,5,10,25,5,38,2,1,151,2,5,1,0,11,4,0,0,1,0,0,0,0,0,0,1,0,0,0,0,1,2,1,0
4,BACĂU,"SCOALA NICOLAE BALCESCU",456,"NICOLAE BĂLCESCU",23715,1,PROV,PRCNCT,CD,CD_SV,"2021-01-21 12:30:02",1221,1207,13,1,281,267,13,1,1300,1019,274,6,1,20,77,83,5,7,45,4,4,1,0,21,1,1,0,0,2,0,0,0,0,0,0,0,1,0,0,1,0,0,1
4,BACĂU,"SCOALA NICOLAE BALCESCU",457,"NICOLAE BĂLCESCU",23715,1,PROV,PRCNCT,CD,CD_SV,"2021-01-21 12:30:02",1565,1545,19,1,333,313,19,1,1700,1367,324,7,2,24,110,66,11,14,52,8,5,2,0,22,4,1,1,0,0,0,0,0,0,0,0,0,0,0,1,0,0,0,3
4,BACĂU,"SCOALA NICOLAE BALCESCU",458,"NICOLAE BĂLCESCU",23715,1,PROV,PRCNCT,CD,CD_SV,"2021-01-21 12:30:02",1638,1620,18,0,349,331,18,0,1800,1451,341,5,3,39,103,70,7,13,54,3,1,5,0,35,2,0,0,2,2,0,1,0,0,0,0,1,0,0,1,0,0,0,2
4,BACĂU,"ŞCOALA SATUL GALBENI",459,"NICOLAE BĂLCESCU",23715,1,PROV,PRCNCT,CD,CD_SV,"2021-01-21 12:30:02",1229,1214,13,2,328,313,13,2,1300,972,318,7,3,14,70,128,11,8,33,3,8,5,1,25,1,3,3,0,0,0,0,1,0,1,0,0,0,1,0,0,0,0,2
4,BACĂU,"ȘCOALA GIMNAZIALĂ NR.1 VALEA-SEACĂ",460,"NICOLAE BĂLCESCU",23715,2,PART,PRCNCT,CD,CD_SV,"2021-01-21 12:30:02",801,785,16,0,168,152,16,0,900,732,164,2,2,11,23,43,1,5,37,11,2,3,1,24,0,0,0,0,0,0,0,0,0,0,1,0,0,0,0,1,0,0,1
4,BACĂU,"ȘCOALA GIMNAZIALĂ NR.1 VALEA-SEACĂ",461,"NICOLAE BĂLCESCU",23715,1,PROV,PRCNCT,CD,CD_SV,"2021-01-21 12:30:02",1028,1019,9,0,205,196,9,0,1100,895,197,5,3,8,33,71,4,3,33,9,2,3,1,27,2,0,0,0,0,0,0,1,0,0,0,0,0,0,0,0,0,0,0
4,BACĂU,"ȘCOALA GIMNAZIALĂ NR.1 VALEA-SEACĂ",462,"NICOLAE BĂLCESCU",23715,1,PROV,PRCNCT,CD,CD_SV,"2021-01-21 12:30:02",668,659,9,0,118,109,9,0,700,582,116,1,1,8,16,34,6,1,20,4,8,1,1,14,1,1,0,0,0,0,0,0,0,1,0,0,0,0,0,0,0,0,0
4,BACĂU,"ŞCOALA SATUL LĂRGUŢA",463,"NICOLAE BĂLCESCU",23715,1,PROV,PRCNCT,CD,CD_SV,"2021-01-21 12:30:02",192,180,12,0,69,57,12,0,200,131,67,2,0,2,13,17,2,2,25,1,1,0,1,1,1,0,0,0,0,0,0,0,0,0,0,0,0,0,0,0,0,0,1
4,BACĂU,"ŞCOALA CU CLASELE I-IV ODOBEŞTI",464,ODOBEŞTI,26353,1,PROV,PRCNCT,CD,CD_SV,"2021-01-21 12:30:02",408,373,35,0,137,102,35,0,400,263,126,4,7,4,5,37,4,0,49,1,4,0,0,17,1,0,1,0,0,0,1,0,0,0,0,0,0,0,1,1,0,0,0
4,BACĂU,"ŞCOALA CU CLASELE I-VIII TISA SILVESTRI",465,ODOBEŞTI,26353,1,PROV,PRCNCT,CD,CD_SV,"2021-01-21 12:30:02",940,887,49,4,345,292,49,4,1000,655,333,5,7,6,16,44,7,1,230,1,5,1,0,13,0,1,1,0,1,0,1,0,1,0,0,0,1,0,0,0,0,1,2
4,BACĂU,"ŞCOALA CU CLASELE I-VIII CIUTUREŞTI",466,ODOBEŞTI,26353,1,PROV,PRCNCT,CD,CD_SV,"2021-01-21 12:30:02",649,627,22,0,257,235,22,0,701,444,237,14,6,41,12,34,16,0,100,1,2,7,1,11,2,0,4,2,0,1,0,0,1,0,0,0,0,0,0,1,0,0,1
4,BACĂU,"SCOALA GIMNAZIALA, COMUNA OITUZ",467,OITUZ,23797,1,PROV,PRCNCT,CD,CD_SV,"2021-01-21 12:30:02",534,525,9,0,99,90,9,0,599,500,97,1,1,3,18,31,5,1,24,1,2,1,0,8,0,0,0,0,0,0,0,1,0,0,0,0,1,0,0,0,0,0,1
4,BACĂU,"SCOALA GIMNAZIALA NR. 1 OITUZ",468,OITUZ,23797,1,PROV,PRCNCT,CD,CD_SV,"2021-01-21 12:30:02",1320,1306,14,0,228,214,14,0,1400,1172,221,4,3,5,23,71,10,0,72,2,5,0,0,29,1,0,0,1,1,1,0,0,0,0,0,0,0,0,0,0,0,0,0
4,BACĂU,"GRADINITA NR. 1 OITUZ",469,OITUZ,23797,2,PART,PRCNCT,CD,CD_SV,"2021-01-21 12:30:02",1504,1492,9,3,257,245,9,3,1602,1345,251,6,0,6,18,109,6,3,74,2,6,2,0,23,0,0,1,0,0,0,0,0,0,0,0,0,0,0,1,0,0,0,0
4,BACĂU,"GRADINITA NR. 2 OITUZ",470,OITUZ,23797,1,PROV,PRCNCT,CD,CD_SV,"2021-01-21 12:30:02",920,902,18,0,161,143,18,0,1000,839,156,5,0,7,9,46,7,1,53,6,3,1,0,22,1,0,0,0,0,0,0,0,0,0,0,0,0,0,0,0,0,0,0
4,BACĂU,"GRADINITA NR.3 OITUZ",471,OITUZ,23797,2,PART,PRCNCT,CD,CD_SV,"2021-01-21 12:30:02",1052,1041,11,0,181,170,11,0,1100,919,171,8,2,3,4,82,5,1,37,2,5,1,2,26,1,0,0,0,0,0,0,0,0,0,1,0,0,0,0,0,0,0,1
4,BACĂU,"GRĂDINIŢA MARGINEA",472,OITUZ,23797,1,PROV,PRCNCT,CD,CD_SV,"2021-01-21 12:30:02",605,601,4,0,133,129,4,0,700,567,128,4,1,4,3,21,4,1,66,2,2,1,0,23,0,0,0,0,0,0,0,0,0,0,0,0,0,0,0,0,0,0,1
4,BACĂU,"GRĂDINIŢA CĂLCÂI",473,OITUZ,23797,1,PROV,PRCNCT,CD,CD_SV,"2021-01-21 12:30:02",389,378,11,0,54,43,11,0,396,342,51,2,1,4,5,13,1,1,16,1,3,0,0,5,1,0,0,0,0,0,0,0,0,0,0,0,0,0,0,0,0,0,1
4,BACĂU,"ŞCOALA GIMNAZIALA FERESTRAU",474,OITUZ,23797,1,PROV,PRCNCT,CD,CD_SV,"2021-01-21 12:30:02",898,888,10,0,184,174,10,0,1000,816,176,6,2,8,11,62,6,1,52,2,3,2,2,23,1,0,0,1,0,0,0,0,0,1,0,0,0,0,0,1,0,0,0
4,BACĂU,"AŞEZĂMÂNT FILANTROPIC ”SFÂNTUL VOIEVOD ŞTEFAN CEL MARE” HÎRJA",475,OITUZ,23797,1,PROV,PRCNCT,CD,CD_SV,"2021-01-21 12:30:02",293,263,29,1,79,49,29,1,300,221,78,1,0,4,4,18,5,2,30,6,2,0,0,5,0,1,0,0,0,0,0,0,0,0,0,0,0,0,0,0,0,0,1
4,BACĂU,"SCOALA POIANA-SĂRATĂ",476,OITUZ,23797,1,PROV,PRCNCT,CD,CD_SV,"2021-01-21 12:30:02",247,218,29,0,81,52,29,0,299,218,78,3,0,6,14,21,2,3,24,3,2,0,0,3,0,0,0,0,0,0,0,0,0,0,0,0,0,0,0,0,0,0,0
4,BACĂU,"CĂMINUL CULTURAL SATUL ONCEŞTI",477,ONCEŞTI,23868,1,PROV,PRCNCT,CD,CD_SV,"2021-01-21 12:30:02",770,735,35,0,276,241,35,0,800,524,267,3,6,28,10,24,9,5,165,3,1,3,3,12,1,1,1,0,0,0,0,0,0,0,0,0,0,0,0,0,0,1,0
4,BACĂU,"SALA DE FESTIVITĂŢI SATUL TARNIŢA",478,ONCEŞTI,23868,1,PROV,PRCNCT,CD,CD_SV,"2021-01-21 12:30:02",554,525,29,0,234,205,29,0,600,366,229,2,3,15,15,17,0,4,147,2,3,0,0,19,4,0,0,1,0,0,0,1,0,0,1,0,0,0,0,0,0,0,0
4,BACĂU,"ŞCOALA CU CLASELE I-VIII SATUL ORBENI",479,ORBENI,23948,1,PROV,PRCNCT,CD,CD_SV,"2021-01-21 12:30:02",937,912,25,0,253,228,25,0,1000,747,251,1,1,18,9,48,8,1,131,2,10,0,0,20,3,0,1,0,0,0,0,0,0,0,0,0,0,0,0,0,0,0,0
4,BACĂU,"ŞCOALA PRIMARĂ NR.2 SATUL ORBENI",480,ORBENI,23948,1,PROV,PRCNCT,CD,CD_SV,"2021-01-21 12:30:02",673,662,11,0,188,177,11,0,700,512,180,4,4,8,5,33,8,1,100,1,3,1,0,16,1,0,1,1,0,0,0,1,0,0,0,0,0,0,0,0,0,0,0
4,BACĂU,"ŞCOALA GIMNAZIALA NR. 1 SATUL SCURTA",481,ORBENI,23948,1,PROV,PRCNCT,CD,CD_SV,"2021-01-21 12:30:02",610,595,15,0,166,151,15,0,600,434,159,7,0,1,0,20,2,2,96,3,7,2,0,20,3,0,0,0,0,0,0,0,0,2,0,0,0,0,0,1,0,0,0
4,BACĂU,"SCOALA PRIMARA NR 3 SCURTA",482,ORBENI,23948,1,PROV,PRCNCT,CD,CD_SV,"2021-01-21 12:30:02",804,790,14,0,294,280,14,0,900,606,265,19,10,4,3,33,7,1,172,0,1,1,1,36,2,0,0,1,0,0,0,0,0,0,0,0,0,0,1,1,0,1,0
4,BACĂU,"PRIMĂRIA PALANCA",483,PALANCA,23975,1,PROV,PRCNCT,CD,CD_SV,"2021-01-21 12:30:02",1257,1244,13,0,347,334,13,0,1400,1053,330,14,3,8,18,47,4,4,174,2,7,4,0,53,3,0,0,0,0,0,1,0,0,0,1,0,0,0,0,2,0,0,2
4,BACĂU,"CĂMINUL CULTURAL SATUL CIUGHEŞ",484,PALANCA,23975,1,PROV,PRCNCT,CD,CD_SV,"2021-01-21 12:30:02",1453,1439,14,0,380,366,14,0,1600,1220,366,12,2,10,10,19,6,1,238,5,7,2,1,62,1,0,2,0,1,0,0,0,0,0,0,0,0,0,0,0,0,0,1
4,BACĂU,"ŞCOALA SATUL CĂDĂRĂŞTI",485,PALANCA,23975,1,PROV,PRCNCT,CD,CD_SV,"2021-01-21 12:30:02",99,85,14,0,23,9,14,0,100,77,23,0,0,1,4,2,1,1,11,1,1,0,0,1,0,0,0,0,0,0,0,0,0,0,0,0,0,0,0,0,0,0,0
4,BACĂU,"PRIMARIA COMUNEI PARAVA (SALA DE FESTIVITATI)",486,PARAVA,24034,1,PROV,PRCNCT,CD,CD_SV,"2021-01-21 12:30:02",776,742,27,7,236,202,27,7,800,564,224,8,4,9,15,79,4,2,63,1,6,1,1,33,4,1,0,0,1,0,0,0,1,0,1,0,0,0,0,0,0,1,1
4,BACĂU,"ŞCOALA GIMNAZIALĂ SATUL DRĂGUŞANI",487,PARAVA,24034,1,PROV,PRCNCT,CD,CD_SV,"2021-01-21 12:30:02",724,686,33,5,207,169,33,5,700,493,200,2,5,3,14,30,32,1,93,3,3,1,0,15,1,0,1,0,0,1,0,0,0,0,1,0,1,0,0,0,0,0,0
4,BACĂU,"ŞCOALA GIMNAZIALĂ SATUL RĂDOAIA",488,PARAVA,24034,1,PROV,PRCNCT,CD,CD_SV,"2021-01-21 12:30:02",989,971,14,4,133,115,14,4,1100,967,118,12,3,5,3,5,8,3,57,1,2,1,1,20,2,0,3,0,2,1,1,0,0,0,1,0,1,1,0,0,0,0,0
4,BACĂU,"ŞCOALA PRIMARĂ SATUL TEIUŞ",489,PARAVA,24034,1,PROV,PRCNCT,CD,CD_SV,"2021-01-21 12:30:02",227,210,17,0,87,70,17,0,300,213,82,4,1,8,7,18,14,2,20,3,1,0,1,6,0,0,0,0,0,0,0,0,0,0,0,0,0,0,0,0,0,1,1
4,BACĂU,"LICEUL TEHNOLOGIC ”G.J.CANCICOV” PARINCEA",490,PARINCEA,24089,1,PROV,PRCNCT,CD,CD_SV,"2021-01-21 12:30:02",747,723,24,0,274,250,24,0,800,526,258,14,2,9,17,22,6,2,160,5,3,1,0,25,0,0,3,0,0,1,0,0,0,1,0,0,1,0,1,0,0,0,1
4,BACĂU,"ŞCOALA VĂLENI",491,PARINCEA,24089,1,PROV,PRCNCT,CD,CD_SV,"2021-01-21 12:30:02",445,434,11,0,108,97,11,0,500,392,104,2,2,1,13,21,5,2,52,3,2,0,0,4,0,0,0,0,0,0,0,0,0,0,1,0,0,0,0,0,0,0,0
4,BACĂU,"ŞCOALA VLADNIC",492,PARINCEA,24089,1,PROV,PRCNCT,CD,CD_SV,"2021-01-21 12:30:02",683,667,16,0,217,201,16,0,700,483,194,15,8,2,13,20,2,6,106,2,3,1,2,26,5,0,0,1,0,2,0,1,0,0,0,0,0,0,0,1,0,0,1
4,BACĂU,"ŞCOALA NĂNEŞTI",493,PARINCEA,24089,1,PROV,PRCNCT,CD,CD_SV,"2021-01-21 12:30:02",590,577,13,0,160,147,13,0,600,440,153,2,5,3,6,10,1,3,111,0,3,0,0,12,2,1,1,0,0,0,0,0,0,0,0,0,0,0,0,0,0,0,0
4,BACĂU,"CENTRU EVENIMENTE POIENI",494,PARINCEA,24089,1,PROV,PRCNCT,CD,CD_SV,"2021-01-21 12:30:02",261,241,20,0,78,58,20,0,300,222,78,0,0,1,4,6,4,1,48,2,3,2,0,6,0,0,0,0,0,0,0,0,0,0,0,0,1,0,0,0,0,0,0
4,BACĂU,"ŞCOALA MILEŞTII DE JOS",495,PARINCEA,24089,1,PROV,PRCNCT,CD,CD_SV,"2021-01-21 12:30:02",251,228,21,2,81,58,21,2,300,219,76,4,1,1,4,5,11,1,39,0,2,1,0,11,1,0,0,0,0,0,0,0,0,0,0,0,0,0,0,0,0,0,0
4,BACĂU,"ŞCOALA NR.1 PÎNCEŞTI",496,PÂNCEŞTI,24187,1,PROV,PRCNCT,CD,CD_SV,"2021-01-21 12:30:02",1182,1146,36,0,281,245,36,0,1200,919,257,17,7,1,12,35,9,2,152,3,4,2,0,19,3,1,7,0,1,0,1,0,0,1,3,0,1,0,0,0,0,0,0
4,BACĂU,"ŞCOALA SATUL DIENEŢ",497,PÂNCEŞTI,24187,1,PROV,PRCNCT,CD,CD_SV,"2021-01-21 12:30:02",553,531,22,0,178,156,22,0,600,422,164,7,7,1,6,35,2,1,83,2,2,7,2,13,2,1,6,0,0,0,0,0,0,0,1,0,0,0,0,0,0,0,0
4,BACĂU,"ŞCOALA GENERALĂ SATUL PETREŞTI",498,PÂNCEŞTI,24187,1,PROV,PRCNCT,CD,CD_SV,"2021-01-21 12:30:02",685,655,28,2,179,149,28,2,700,521,167,4,8,3,7,24,3,2,97,1,4,1,1,18,2,0,0,0,1,0,0,0,0,0,2,0,0,0,0,1,0,0,0
4,BACĂU,"ŞCOALA GENERALĂ SATUL SOCI",499,PÂNCEŞTI,24187,2,PART,PRCNCT,CD,CD_SV,"2021-01-21 12:30:02",660,640,20,0,149,129,20,0,700,551,138,6,5,2,3,12,2,0,93,1,3,2,1,15,0,0,1,1,1,0,0,0,0,0,0,0,0,0,0,0,0,0,1
4,BACĂU,"ŞCOALA GENERALĂ SATUL FULGERIŞ",500,PÂNCEŞTI,24187,1,PROV,PRCNCT,CD,CD_SV,"2021-01-21 12:30:02",424,412,12,0,99,87,12,0,500,401,88,7,4,1,2,19,1,0,49,0,2,0,0,6,2,0,4,0,0,0,0,0,1,0,1,0,0,0,0,0,0,0,0
4,BACĂU,"GRĂDINIŢA CU PROGRAM NORMAL SATUL PÎRÎU BOGHII",501,PÂRGĂREŞTI,24276,1,PROV,PRCNCT,CD,CD_SV,"2021-01-21 12:30:02",380,371,9,0,137,128,9,0,400,263,130,5,2,4,7,23,6,1,61,1,3,2,0,16,0,1,2,0,0,0,0,0,1,1,0,0,1,0,0,0,0,0,0
4,BACĂU,"ŞCOALA GIMNAZIALĂ DUMITRU MĂRTINAŞ SATUL PÎRGĂREŞTI",502,PÂRGĂREŞTI,24276,1,PROV,PRCNCT,CD,CD_SV,"2021-01-21 12:30:02",809,793,16,0,158,142,16,0,900,742,150,5,3,8,17,36,4,2,53,0,1,0,0,24,3,0,1,0,0,0,0,0,0,1,0,0,0,0,0,0,0,0,0
4,BACĂU,"ŞCOALA GIMNAZIALĂ VASILE GH.RADUSATUL SATU NOU",503,PÂRGĂREŞTI,24276,1,PROV,PRCNCT,CD,CD_SV,"2021-01-21 12:30:02",1354,1341,13,0,253,240,13,0,1500,1247,240,10,3,35,26,48,1,2,63,4,5,5,0,45,1,0,0,0,1,0,0,0,0,0,1,0,0,0,1,0,0,0,2
4,BACĂU,"ŞCOALA GIMNAZIALĂ CONSTANTIN MUŞAT SATUL NICOREŞTI",504,PÂRGĂREŞTI,24276,1,PROV,PRCNCT,CD,CD_SV,"2021-01-21 12:30:02",844,835,9,0,199,190,9,0,900,701,177,16,6,25,24,45,2,1,34,3,7,2,0,25,3,0,0,0,1,0,0,1,0,0,1,0,1,0,0,2,0,0,0
4,BACĂU,"GRĂDINIŢA CU PROGRAM NORMAL BAHNA",505,PÂRGĂREŞTI,24276,1,PROV,PRCNCT,CD,CD_SV,"2021-01-21 12:30:02",491,475,16,0,92,76,16,0,500,408,90,2,0,5,7,27,0,1,27,0,3,1,1,12,3,0,0,0,0,0,0,0,0,0,2,0,0,0,0,0,0,0,1
4,BACĂU,"ŞCOALA SATUL PÎRJOL",506,PÂRJOL,24338,1,PROV,PRCNCT,CD,CD_SV,"2021-01-21 12:30:02",771,747,17,7,178,154,17,7,800,622,175,3,0,13,16,46,6,1,63,4,4,0,0,20,1,0,0,0,0,0,0,0,0,0,0,0,0,1,0,0,0,0,0
4,BACĂU,"ȘCOALA GIMNAZIALĂ TĂRÂȚA",507,PÂRJOL,24338,1,PROV,PRCNCT,CD,CD_SV,"2021-01-21 12:30:02",858,839,16,3,224,205,16,3,900,676,215,7,2,7,14,117,4,3,44,1,6,1,0,13,1,0,0,0,0,0,1,0,0,0,0,0,0,0,0,0,0,1,2
4,BACĂU,"ŞCOALA SATUL BĂHNĂŞENI",508,PÂRJOL,24338,1,PROV,PRCNCT,CD,CD_SV,"2021-01-21 12:30:02",723,703,20,0,161,141,20,0,800,639,153,8,0,4,8,33,9,2,43,1,6,0,0,43,2,0,0,0,0,0,1,0,0,0,0,0,0,0,1,0,0,0,0
4,BACĂU,"ŞCOALA SATUL BĂRNEŞTI",509,PÂRJOL,24338,1,PROV,PRCNCT,CD,CD_SV,"2021-01-21 12:30:02",200,183,15,2,62,45,15,2,200,138,59,3,0,6,4,17,1,2,22,2,2,1,0,2,0,0,0,0,0,0,0,0,0,0,0,0,0,0,0,0,0,0,0
4,BACĂU,"ŞCOALA SATUL BĂSEŞTI",510,PÂRJOL,24338,1,PROV,PRCNCT,CD,CD_SV,"2021-01-21 12:30:02",484,470,14,0,106,92,14,0,501,395,100,5,1,7,8,23,4,1,35,6,2,1,0,11,0,0,1,0,0,0,0,0,0,0,0,0,0,0,0,0,0,0,1
4,BACĂU,"ŞCOALA SATUL HĂINEALA",511,PÂRJOL,24338,1,PROV,PRCNCT,CD,CD_SV,"2021-01-21 12:30:02",222,209,13,0,56,43,13,0,300,244,55,1,0,4,2,20,0,2,20,1,1,0,0,2,0,0,0,1,0,0,0,0,0,1,1,0,0,0,0,0,0,0,0
4,BACĂU,"ŞCOALA SATUL CÎMPENI",512,PÂRJOL,24338,1,PROV,PRCNCT,CD,CD_SV,"2021-01-21 12:30:02",501,489,10,2,117,105,10,2,500,383,110,5,2,2,11,28,6,1,30,3,1,2,0,24,1,0,0,0,1,0,0,0,0,0,0,0,0,0,0,0,0,0,0
4,BACĂU,"GRĂDINIŢA PUSTIANA",513,PÂRJOL,24338,1,PROV,PRCNCT,CD,CD_SV,"2021-01-21 12:30:02",692,683,9,0,135,126,9,0,700,565,128,6,1,4,29,34,3,8,37,4,1,0,0,6,1,0,0,0,0,0,0,0,0,0,0,0,1,0,0,0,0,0,0
4,BACĂU,"ŞCOALA CU CLASELE .I-VIII PUSTIANA",514,PÂRJOL,24338,1,PROV,PRCNCT,CD,CD_SV,"2021-01-21 12:30:02",868,851,13,4,184,167,13,4,900,716,177,6,1,7,37,64,6,14,30,7,2,1,0,6,1,1,0,1,0,0,0,0,0,0,0,0,0,0,0,0,0,0,0
4,BACĂU,"PRIMĂRIA PLOPANA",515,PLOPANA,24427,1,PROV,PRCNCT,CD,CD_SV,"2021-01-21 12:30:02",776,744,19,13,216,186,19,11,800,584,209,5,2,12,10,33,17,0,96,4,5,3,0,15,0,0,0,0,1,0,0,0,0,12,0,0,0,0,0,0,0,0,1
4,BACĂU,"ŞCOALA CU CLASELE I-IV SATUL FUNDU TUTOVEI",516,PLOPANA,24427,1,PROV,PRCNCT,CD,CD_SV,"2021-01-21 12:30:02",486,467,19,0,145,126,19,0,500,355,130,11,4,0,5,12,4,0,71,1,1,1,1,18,8,0,1,0,0,0,1,0,0,0,0,0,0,0,0,0,1,4,1
4,BACĂU,"ŞCOALA CU CLASELE I-IV SATUL IŢCANI",517,PLOPANA,24427,1,PROV,PRCNCT,CD,CD_SV,"2021-01-21 12:30:02",655,630,22,3,259,234,22,3,700,441,238,5,16,1,2,13,5,0,178,2,1,3,0,13,7,1,5,0,0,1,1,1,1,0,0,0,0,1,1,0,1,0,0
4,BACĂU,"ŞCOALA CU CLASELE I-VIII SATUL RUSENII-RĂZEŞI",518,PLOPANA,24427,1,PROV,PRCNCT,CD,CD_SV,"2021-01-21 12:30:02",342,313,27,2,125,96,27,2,400,275,118,3,4,5,4,14,9,0,70,1,1,1,0,7,2,0,0,0,0,0,0,0,0,0,1,0,0,0,1,0,0,1,1
4,BACĂU,"ŞCOALA CU CLASELE I-IV SATUL STRĂMINOASA",519,PLOPANA,24427,1,PROV,PRCNCT,CD,CD_SV,"2021-01-21 12:30:02",358,333,25,0,152,127,25,0,400,248,135,6,11,2,3,6,4,2,93,0,2,2,0,5,10,1,2,1,0,0,0,0,0,0,0,0,1,1,0,0,0,0,0
4,BACĂU,"CĂMINUL CULTURAL PODU TURCULUI",520,"PODU TURCULUI",24524,1,PROV,PRCNCT,CD,CD_SV,"2021-01-21 12:30:02",1808,1774,34,0,522,488,34,0,1900,1378,507,15,0,51,31,84,9,1,239,3,6,2,0,73,3,0,0,0,0,0,0,0,0,0,0,0,0,1,1,0,1,1,1
4,BACĂU,"ȘCOALA GENERALĂ NR. 3 PODU TURCULUI",521,"PODU TURCULUI",24524,1,PROV,PRCNCT,CD,CD_SV,"2021-01-21 12:30:02",539,526,13,0,170,157,13,0,600,430,168,1,1,21,12,13,2,2,91,2,2,4,1,13,1,0,1,0,0,0,0,0,0,0,0,0,0,0,3,0,0,0,0
4,BACĂU,"CĂMINUL CULTURAL SATUL CĂBEŞTI",522,"PODU TURCULUI",24524,1,PROV,PRCNCT,CD,CD_SV,"2021-01-21 12:30:02",723,708,15,0,171,156,15,0,800,629,156,15,0,15,11,29,3,2,63,5,3,1,0,19,1,0,0,0,0,1,0,0,0,0,2,0,1,0,0,0,0,0,0
4,BACĂU,"CAMINUL CULTURAL SAT LEHANCEA",523,"PODU TURCULUI",24524,1,PROV,PRCNCT,CD,CD_SV,"2021-01-21 12:30:02",529,512,17,0,122,105,17,0,600,478,115,3,4,8,4,15,4,0,60,1,4,0,0,13,3,0,0,0,0,0,0,0,1,0,1,0,1,0,0,0,0,0,0
4,BACĂU,"ŞCOALA GENERALĂ SATUL SÎRBI",524,"PODU TURCULUI",24524,1,PROV,PRCNCT,CD,CD_SV,"2021-01-21 12:30:02",369,355,14,0,126,112,14,0,400,274,116,5,5,13,5,21,6,1,56,3,2,1,0,1,1,0,1,1,0,0,0,0,0,0,1,0,0,0,0,2,0,1,0
4,BACĂU,"ŞCOALA SATUL PODURI",525,PODURI,24631,1,PROV,PRCNCT,CD,CD_SV,"2021-01-21 12:30:02",1207,1189,18,0,312,294,18,0,1300,988,299,10,3,5,19,53,1,0,156,6,6,2,1,43,4,0,0,0,0,0,0,0,0,0,0,0,0,2,1,0,0,0,0
4,BACĂU,"ŞCOALA SATUL PODURI",526,PODURI,24631,1,PROV,PRCNCT,CD,CD_SV,"2021-01-21 12:30:02",1044,1028,15,1,295,279,15,1,1100,805,282,9,4,4,22,35,6,0,160,4,4,0,0,42,3,0,0,0,0,0,0,0,0,0,0,0,0,0,0,0,0,0,2
4,BACĂU,"ŞCOALA SATUL VALEA ŞOSII",527,PODURI,24631,1,PROV,PRCNCT,CD,CD_SV,"2021-01-21 12:30:02",975,963,12,0,279,267,12,0,1100,821,264,11,4,4,7,31,2,0,168,2,2,3,0,32,2,0,1,2,1,0,1,0,0,0,2,0,2,0,1,0,1,0,0
4,BACĂU,"ŞCOALA SATUL PROHOZEŞTI",528,PODURI,24631,2,PART,PRCNCT,CD,CD_SV,"2021-01-21 12:30:02",813,793,20,0,249,229,20,0,900,651,242,3,4,3,11,46,3,0,125,2,2,1,1,43,0,0,1,0,0,0,0,0,0,1,1,0,2,0,0,0,0,0,0
4,BACĂU,"ŞCOALA SATUL BUCŞEŞTI",529,PODURI,24631,1,PROV,PRCNCT,CD,CD_SV,"2021-01-21 12:30:02",1331,1316,15,0,320,305,15,0,1400,1080,307,11,2,8,17,41,3,1,163,5,3,3,1,54,2,0,0,2,0,0,0,0,1,0,1,0,1,0,0,0,0,0,1
4,BACĂU,"ŞCOALA SATUL CERNU",530,PODURI,24631,1,PROV,PRCNCT,CD,CD_SV,"2021-01-21 12:30:02",1212,1192,20,0,281,261,20,0,1299,1018,274,7,0,5,10,21,5,0,175,7,6,4,1,26,5,1,3,0,2,0,0,0,1,0,1,0,1,0,0,0,0,0,0
4,BACĂU,"SCOALA GIMNAZIALA GHEORGHE AVRAMESCU PRAJESTI",531,PRĂJEŞTI,26361,1,PROV,PRCNCT,CD,CD_SV,"2021-01-21 12:30:02",1008,974,27,7,314,280,27,7,1100,786,305,7,2,9,10,107,6,0,121,3,5,2,1,32,2,1,1,0,0,0,0,0,0,0,1,1,0,1,0,1,1,0,0
4,BACĂU,"SCOALA GIMNAZIALA GHEORGHE AVRAMESCU PRĂJEŞTI",532,PRĂJEŞTI,26361,1,PROV,PRCNCT,CD,CD_SV,"2021-01-21 12:30:02",979,936,40,3,274,231,40,3,1000,726,263,8,3,0,15,69,4,1,123,2,3,3,4,29,6,1,0,0,0,0,0,0,1,0,0,1,0,0,0,0,0,0,1
4,BACĂU,"ŞCOALA NR.1 IOAN BORCEA RACOVA",533,RACOVA,24711,1,PROV,PRCNCT,CD,CD_SV,"2021-01-21 12:30:02",1325,1305,20,0,302,282,20,0,1500,1198,294,5,3,8,21,119,14,1,73,4,5,4,0,43,0,0,0,0,0,0,0,0,0,0,0,0,0,0,0,1,0,0,1
4,BACĂU,"ŞCOALA NR.2 RACOVA-ŞES",534,RACOVA,24711,1,PROV,PRCNCT,CD,CD_SV,"2021-01-21 12:30:02",658,624,34,0,218,184,34,0,700,482,213,4,1,2,23,75,9,0,64,7,5,0,0,28,0,0,0,0,0,0,0,0,0,0,0,0,0,0,0,0,0,0,0
4,BACĂU,"ŞCOALA SATUL GURA VĂII",535,RACOVA,24711,1,PROV,PRCNCT,CD,CD_SV,"2021-01-21 12:30:02",1040,1025,15,0,280,265,15,0,1100,820,268,9,3,6,12,97,9,1,82,6,1,0,0,46,3,0,0,0,0,0,0,0,0,1,2,0,1,0,0,0,0,0,1
4,BACĂU,"BAZA SPORTIVA ”LIA MANOLIU” RĂCĂCIUNI",536,RĂCĂCIUNI,24766,1,PROV,PRCNCT,CD,CD_SV,"2021-01-21 12:30:02",1574,1552,22,0,344,322,22,0,1700,1356,335,7,2,3,46,72,7,1,126,5,3,2,0,65,0,0,0,1,0,0,0,0,1,0,0,0,0,1,0,0,0,0,2
4,BACĂU,"GRĂDINIŢA NR.2 SATUL RĂCĂCIUNI",537,RĂCĂCIUNI,24766,1,PROV,PRCNCT,CD,CD_SV,"2021-01-21 12:30:02",1371,1346,25,0,255,230,25,0,1500,1245,249,6,0,7,23,47,8,0,97,0,6,2,0,47,3,1,1,0,1,0,0,0,0,0,1,0,1,2,1,0,1,0,0
4,BACĂU,"ŞCOALA CU CLASELE I-VIII SATUL GHEORGHE DOJA",538,RĂCĂCIUNI,24766,1,PROV,PRCNCT,CD,CD_SV,"2021-01-21 12:30:02",937,919,18,0,247,229,18,0,1000,753,232,8,7,8,28,44,4,1,43,1,3,0,2,88,1,0,1,2,0,0,0,0,0,0,1,1,0,0,0,3,0,0,1
4,BACĂU,"ŞCOALA CU CLASELE I-VIII SATUL GÎŞTENI",539,RĂCĂCIUNI,24766,1,PROV,PRCNCT,CD,CD_SV,"2021-01-21 12:30:02",830,770,60,0,260,200,60,0,800,540,218,32,10,3,19,25,2,4,66,2,3,5,0,68,0,0,10,0,0,0,0,0,0,0,5,1,1,0,0,2,0,1,1
4,BACĂU,"ŞCOALA CU CLASELE I-VIII SATUL FUNDU RĂCĂCIUNI",540,RĂCĂCIUNI,24766,1,PROV,PRCNCT,CD,CD_SV,"2021-01-21 12:30:02",1516,1498,18,0,315,297,18,0,1600,1285,285,21,9,5,26,54,7,15,69,3,5,4,2,82,1,0,2,1,0,0,0,0,1,1,1,0,1,1,1,1,0,2,0
4,BACĂU,"ŞCOALA CU CLASELE I-IV SATUL CIUCANI",541,RĂCĂCIUNI,24766,1,PROV,PRCNCT,CD,CD_SV,"2021-01-21 12:30:02",482,469,13,0,154,141,13,0,500,346,150,2,2,4,19,53,2,3,22,3,3,1,0,36,0,1,0,0,0,0,0,0,0,0,1,0,0,0,2,0,0,0,0
4,BACĂU,"CĂMINUL CULTURAL SATUL RĂCHITOASA",542,RĂCHITOASA,24837,2,PART,PRCNCT,CD,CD_SV,"2021-01-21 12:30:02",1096,1075,14,7,289,268,14,7,1200,911,278,8,3,18,4,27,3,1,201,2,7,2,0,12,1,0,0,0,0,0,0,0,0,0,0,0,0,0,0,0,0,0,0
4,BACĂU,"ŞCOALA CU CLASELE .I-IV SATUL FUNDĂTURA-RĂCHITOASA",543,RĂCHITOASA,24837,1,PROV,PRCNCT,CD,CD_SV,"2021-01-21 12:30:02",238,227,11,0,73,62,11,0,300,227,68,3,2,5,5,8,5,0,38,1,2,0,0,1,2,0,0,0,0,0,0,0,0,0,0,0,0,0,1,0,0,0,0
4,BACĂU,"CASA PRASNICALĂ DIN SATUL DUMBRAVA",544,RĂCHITOASA,24837,1,PROV,PRCNCT,CD,CD_SV,"2021-01-21 12:30:02",554,536,18,0,164,146,18,0,600,436,151,8,5,3,2,10,0,0,114,1,5,0,1,11,1,0,0,0,0,0,0,0,0,0,1,0,0,0,0,0,0,1,1
4,BACĂU,"ŞCOALA CU CLASELE.I-VIII SATUL BURDUSACI",545,RĂCHITOASA,24837,1,PROV,PRCNCT,CD,CD_SV,"2021-01-21 12:30:02",706,692,14,0,194,180,14,0,800,606,187,5,2,5,3,26,1,2,115,1,3,2,2,18,1,0,3,0,0,0,0,0,0,0,3,0,0,0,0,0,0,1,1
4,BACĂU,"ŞCOALA CU CLASELE .I-IV SATUL BARCANA",546,RĂCHITOASA,24837,1,PROV,PRCNCT,CD,CD_SV,"2021-01-21 12:30:02",526,516,7,3,146,136,7,3,600,454,129,9,8,1,6,23,2,1,81,1,0,0,0,11,1,0,0,0,1,0,0,0,0,0,1,0,0,0,0,0,0,0,0
4,BACĂU,"ŞCOALA CU CLASELE .I-VIII SATUL BUDA",547,RĂCHITOASA,24837,1,PROV,PRCNCT,CD,CD_SV,"2021-01-21 12:30:02",549,524,13,12,182,157,13,12,600,418,171,6,5,5,3,22,1,0,126,1,0,1,0,10,1,0,0,0,0,0,0,0,0,0,0,0,0,0,0,0,0,1,0
4,BACĂU,"ŞCOALA GIMNAZIALĂ NR.1 SATUL ROŞIORI",548,ROŞIORI,24999,1,PROV,PRCNCT,CD,CD_SV,"2021-01-21 12:30:02",1013,1000,13,0,281,268,13,0,1100,819,266,10,5,15,10,33,2,2,133,25,3,5,1,27,2,1,3,0,0,0,0,0,0,0,0,0,0,0,0,2,0,1,1
4,BACĂU,"ŞCOALA PRIMARĂ SATUL POIENI",549,ROŞIORI,24999,1,PROV,PRCNCT,CD,CD_SV,"2021-01-21 12:30:02",292,279,13,0,71,58,13,0,300,229,68,3,0,8,2,11,1,1,36,3,1,0,0,4,0,0,0,0,0,0,0,0,0,0,0,0,0,1,0,0,0,0,0
4,BACĂU,"ŞCOALA PRIMARĂ SATUL VALEA MARE",550,ROŞIORI,24999,1,PROV,PRCNCT,CD,CD_SV,"2021-01-21 12:30:02",497,471,23,3,150,124,23,3,500,350,142,7,1,4,7,15,0,2,86,3,1,2,2,13,4,0,0,0,0,0,0,0,0,1,0,0,0,0,0,1,0,0,1
4,BACĂU,"LICEUL JACQUES MENACHEN ELIAS SASCUT",551,SASCUT,25068,1,PROV,PRCNCT,CD,CD_SV,"2021-01-21 12:30:02",1382,1355,23,4,363,336,23,4,1500,1137,351,10,2,10,36,99,8,2,131,3,8,2,1,47,3,0,0,0,0,0,0,0,0,0,0,0,0,0,0,0,0,0,1
4,BACĂU,"LICEUL JACQUES MENACHEN ELIAS SASCUT",552,SASCUT,25068,1,PROV,PRCNCT,CD,CD_SV,"2021-01-21 12:30:02",1263,1223,31,9,350,310,31,9,1300,950,339,7,4,19,31,94,11,0,137,5,8,1,1,24,5,1,0,0,1,1,0,0,0,0,0,0,0,0,0,0,0,0,0
4,BACĂU,"SCOALA GENERALA CU CLASELE I-IV BERESTI",553,SASCUT,25068,2,PART,PRCNCT,CD,CD_SV,"2021-01-21 12:30:02",1160,1122,25,13,390,352,25,13,1200,810,379,8,3,11,24,79,3,3,215,4,7,3,0,21,3,0,0,1,0,0,1,0,0,0,1,0,2,0,0,0,1,0,0
4,BACĂU,"SCOALA CU CLASELE I-IV SATUL CONTESTI",554,SASCUT,25068,1,PROV,PRCNCT,CD,CD_SV,"2021-01-21 12:30:02",449,428,18,3,142,121,18,3,497,355,135,4,3,6,9,19,1,0,72,0,5,0,1,21,0,0,0,0,1,0,0,0,0,0,0,0,0,0,0,0,0,0,0
4,BACĂU,"SCOALA CU CLASELE I-VIII NR 1 PANCESTI",555,SASCUT,25068,2,PART,PRCNCT,CD,CD_SV,"2021-01-21 12:30:02",919,892,25,2,258,231,25,2,1000,742,241,11,6,2,16,59,3,1,118,0,4,3,0,30,2,0,0,0,0,0,0,2,0,0,0,0,0,0,0,1,0,0,0
4,BACĂU,"SCOALA CU CLASELE I-VIII NR 1 PANCESTI",556,SASCUT,25068,1,PROV,PRCNCT,CD,CD_SV,"2021-01-21 12:30:02",1284,1265,17,2,312,293,17,2,1400,1088,303,9,0,6,16,87,5,1,122,2,5,2,1,51,2,1,0,0,0,0,0,0,0,0,2,0,0,0,0,0,0,0,0
4,BACĂU,"SCOALA CU CLASELE I-VIII SATUL SASCUT-SAT",557,SASCUT,25068,1,PROV,PRCNCT,CD,CD_SV,"2021-01-21 12:30:02",919,891,26,2,243,215,26,2,1000,757,230,8,5,1,19,53,6,6,103,2,3,2,0,28,0,0,0,2,0,0,0,1,1,0,0,0,1,0,1,1,0,0,0
4,BACĂU,"SCOALA CU CLASELE I-VIII SATUL SASCUT-SAT",558,SASCUT,25068,1,PROV,PRCNCT,CD,CD_SV,"2021-01-21 12:30:02",788,774,10,4,210,196,10,4,800,590,201,8,1,8,10,53,2,1,91,0,3,1,0,30,0,0,0,0,0,0,0,0,0,0,1,0,0,1,0,0,0,0,0
4,BACĂU,"ŞOALA GENERALĂ CU CLASELE I-VIII SĂNDULENI",559,SĂNDULENI,25148,1,PROV,PRCNCT,CD,CD_SV,"2021-01-21 12:30:02",1623,1599,24,0,359,335,24,0,1800,1441,327,22,10,4,23,52,6,2,163,2,4,6,5,37,11,0,1,2,1,0,0,0,0,1,3,0,1,0,0,1,0,1,1
4,BACĂU,"ŞCOALA GENERALA CU CLASELE I-VIII VERŞEŞTI",560,SĂNDULENI,25148,1,PROV,PRCNCT,CD,CD_SV,"2021-01-21 12:30:02",689,669,20,0,233,213,20,0,700,467,226,4,3,1,9,26,3,1,149,0,4,1,0,23,5,0,2,0,1,0,0,0,0,0,1,0,0,0,0,0,0,0,0
4,BACĂU,"ŞCOALA GENERALĂ CU CLASELE I-VIII COMAN",561,SĂNDULENI,25148,1,PROV,PRCNCT,CD,CD_SV,"2021-01-21 12:30:02",1090,1076,14,0,248,234,14,0,1200,952,234,6,8,2,13,39,2,2,122,1,1,6,0,40,1,0,1,1,0,0,1,0,0,0,2,0,0,0,0,0,0,0,0
4,BACĂU,"ŞCOALA GENERALĂ CU CLASELE I-IV STUFU",562,SĂNDULENI,25148,1,PROV,PRCNCT,CD,CD_SV,"2021-01-21 12:30:02",317,293,24,0,131,107,24,0,300,169,124,6,1,3,5,43,1,1,52,1,1,0,1,10,1,0,2,0,0,0,0,0,0,0,1,0,0,0,1,0,0,0,1
4,BACĂU,"SCOALA NR. 1 SĂRATA",563,SĂRATA,26320,1,PROV,PRCNCT,CD,CD_SV,"2021-01-21 12:30:02",641,608,33,0,216,183,33,0,700,484,202,14,0,3,33,51,1,1,67,5,1,2,1,30,0,0,0,0,0,0,0,1,0,0,1,0,0,3,0,0,1,0,1
4,BACĂU,"SCOALA NR. 2 SĂRATA",564,SĂRATA,26320,1,PROV,PRCNCT,CD,CD_SV,"2021-01-21 12:30:02",880,846,33,1,267,233,33,1,900,633,254,11,2,9,35,52,4,2,93,14,10,4,0,23,0,0,0,0,0,0,1,0,0,0,3,0,0,1,1,1,1,0,0
4,BACĂU,"SCOALA NR. 3 SĂRATA",565,SĂRATA,26320,1,PROV,PRCNCT,CD,CD_SV,"2021-01-21 12:30:02",413,387,26,0,155,129,26,0,400,245,141,9,5,3,12,11,2,1,87,3,4,2,1,12,1,0,0,0,0,0,0,0,1,0,1,0,0,0,0,0,0,0,0
4,BACĂU,"ŞCOALA I.S.STURZA SATUL SĂUCEŞTI",566,SĂUCEŞTI,25228,1,PROV,PRCNCT,CD,CD_SV,"2021-01-21 12:30:02",1124,1098,24,2,397,371,24,2,1200,803,383,14,0,10,58,67,10,0,171,4,4,2,1,46,3,0,0,0,0,0,1,0,0,0,1,1,2,0,0,0,1,0,1
4,BACĂU,"ŞCOALA I.S.STURZA SATUL SĂUCEŞTI",567,SĂUCEŞTI,25228,1,PROV,PRCNCT,CD,CD_SV,"2021-01-21 12:30:02",995,953,38,4,337,295,38,4,1000,663,329,5,3,9,48,59,8,1,142,7,5,1,0,42,0,1,1,2,0,0,0,0,0,0,1,0,0,1,0,0,0,0,1
4,BACĂU,"ŞCOALA SATUL SCHINENI",568,SĂUCEŞTI,25228,1,PROV,PRCNCT,CD,CD_SV,"2021-01-21 12:30:02",730,680,50,0,259,209,50,0,700,441,253,3,3,8,35,48,5,1,130,2,9,1,1,12,0,0,0,0,0,0,0,0,0,0,0,0,0,0,0,1,0,0,0
4,BACĂU,"ŞCOALA SATUL SIRETU",569,SĂUCEŞTI,25228,1,PROV,PRCNCT,CD,CD_SV,"2021-01-21 12:30:02",673,638,35,0,223,188,35,0,700,477,216,7,0,8,13,32,4,1,101,4,16,0,0,32,2,0,0,0,0,0,0,0,0,0,0,1,0,1,0,1,0,0,0
4,BACĂU,"ŞCOALA SATUL ŞERBEŞTI",570,SĂUCEŞTI,25228,1,PROV,PRCNCT,CD,CD_SV,"2021-01-21 12:30:02",509,479,30,0,181,151,30,0,500,319,175,6,0,2,1,31,3,0,108,4,6,1,0,14,3,0,2,0,0,0,0,0,0,0,0,0,0,0,0,0,0,0,0
4,BACĂU,"ŞCOALA SATUL BOGDAN VODĂ",571,SĂUCEŞTI,25228,1,PROV,PRCNCT,CD,CD_SV,"2021-01-21 12:30:02",637,598,34,5,280,241,34,5,600,320,268,11,1,9,28,69,3,0,112,4,4,0,0,32,1,1,0,0,0,1,0,0,0,0,0,0,0,0,0,0,0,1,3
4,BACĂU,"ŞCOALA CU CLASELE I-VIII SATUL SCORŢENI",572,SCORŢENI,25291,1,PROV,PRCNCT,CD,CD_SV,"2021-01-21 12:30:02",1253,1230,23,0,259,236,23,0,1400,1141,253,6,0,4,42,27,40,1,100,6,0,0,0,26,0,0,2,0,0,0,0,0,0,0,0,0,1,1,0,1,0,0,2
4,BACĂU,"CAMIN CULTURAL GRIGORENI",573,SCORŢENI,25291,1,PROV,PRCNCT,CD,CD_SV,"2021-01-21 12:30:02",706,675,31,0,200,169,31,0,701,501,186,10,4,6,16,23,29,1,69,1,2,1,1,28,1,0,1,4,1,0,0,0,0,0,0,1,0,0,0,1,0,0,0
4,BACĂU,"CAMIN CULTURAL FLORESTI",574,SCORŢENI,25291,1,PROV,PRCNCT,CD,CD_SV,"2021-01-21 12:30:02",582,568,14,0,159,145,14,0,600,441,156,0,3,1,9,34,2,1,68,3,3,3,1,24,2,0,0,0,1,0,1,0,1,0,0,0,0,0,0,0,1,0,1
4,BACĂU,"ŞCOALA GIMNAZIALĂ SATUL SECUIENI",575,SECUIENI,25362,1,PROV,PRCNCT,CD,CD_SV,"2021-01-21 12:30:02",1162,1120,42,0,294,252,42,0,1200,906,282,8,4,8,19,109,17,1,71,3,3,1,0,37,3,0,2,1,0,0,0,1,0,1,2,1,1,0,0,0,0,0,1
4,BACĂU,"ŞCOALA SATUL FUNDENI",576,SECUIENI,25362,1,PROV,PRCNCT,CD,CD_SV,"2021-01-21 12:30:02",321,282,39,0,127,88,39,0,300,173,120,0,7,12,8,42,5,0,30,2,1,2,0,17,0,0,0,0,0,0,0,0,0,0,0,0,0,0,1,0,0,0,0
4,BACĂU,"ŞCOALA SATUL CHITICENI",577,SECUIENI,25362,1,PROV,PRCNCT,CD,CD_SV,"2021-01-21 12:30:02",164,147,17,0,65,48,17,0,200,135,60,4,1,6,5,22,4,1,17,0,1,2,0,2,0,0,0,0,0,0,0,0,0,0,0,0,0,0,0,0,0,0,0
4,BACĂU,"ŞCOALA SATUL GLODIŞOARELE",578,SECUIENI,25362,1,PROV,PRCNCT,CD,CD_SV,"2021-01-21 12:30:02",243,233,10,0,75,65,10,0,300,225,69,2,4,2,2,22,4,0,24,1,2,2,0,7,0,0,2,0,0,0,0,0,0,0,1,0,0,0,0,0,0,0,0
4,BACĂU,"ŞCOALA CU CLASELE I-VIII SATUL SOLONŢ",579,SOLONŢ,25488,1,PROV,PRCNCT,CD,CD_SV,"2021-01-21 12:30:02",1208,1185,23,0,293,270,23,0,1300,1007,280,11,2,6,17,34,10,2,138,3,2,0,0,62,1,0,0,0,0,0,0,0,0,0,0,0,1,1,0,0,0,3,0
4,BACĂU,"CABINET MEDICAL",580,SOLONŢ,25488,1,PROV,PRCNCT,CD,CD_SV,"2021-01-21 12:30:02",681,668,13,0,166,153,13,0,700,534,154,6,6,4,9,11,8,1,93,3,1,0,0,20,2,0,0,0,2,0,0,0,0,0,0,0,0,0,0,0,0,0,0
4,BACĂU,"ŞCOALA CU CLASELE I-VIII SATUL CUCUIEȚI",581,SOLONŢ,25488,1,PROV,PRCNCT,CD,CD_SV,"2021-01-21 12:30:02",1025,1011,14,0,258,244,14,0,1100,842,247,5,6,6,12,33,2,2,152,2,1,3,0,29,3,0,0,0,0,0,0,0,0,0,1,0,0,0,0,0,0,0,1
4,BACĂU,"PRIMĂRIA STĂNIŞEŞTI",582,STĂNIŞEŞTI,25521,1,PROV,PRCNCT,CD,CD_SV,"2021-01-21 12:30:02",818,802,15,1,249,233,15,1,900,651,238,4,7,7,6,21,4,1,146,3,3,3,3,31,8,0,0,0,0,0,0,0,0,0,0,0,1,0,0,1,0,0,0
4,BACĂU,"SCOALA BENESTI",583,STĂNIŞEŞTI,25521,1,PROV,PRCNCT,CD,CD_SV,"2021-01-21 12:30:02",390,374,16,0,114,98,16,0,400,286,112,0,2,25,1,16,1,1,54,2,2,2,1,5,0,1,0,0,0,0,0,0,1,0,0,0,0,0,0,0,0,0,0
4,BACĂU,"SCOALA SATUL CRĂIEŞTI",584,STĂNIŞEŞTI,25521,1,PROV,PRCNCT,CD,CD_SV,"2021-01-21 12:30:02",389,378,11,0,120,109,11,0,400,280,116,4,0,26,2,10,1,2,63,0,3,1,1,6,1,0,0,0,0,0,0,0,0,0,0,0,0,0,0,0,0,0,0
4,BACĂU,"SCOALA SLOBOZIA NR. 2",585,STĂNIŞEŞTI,25521,1,PROV,PRCNCT,CD,CD_SV,"2021-01-21 12:30:02",468,458,10,0,119,109,10,0,500,381,114,4,1,9,4,15,2,2,61,1,4,3,2,6,3,0,1,0,0,0,1,0,0,0,0,0,0,0,0,0,0,0,0
4,BACĂU,"ŞCOALA 1 SATUL SLOBOZIA",586,STĂNIŞEŞTI,25521,1,PROV,PRCNCT,CD,CD_SV,"2021-01-21 12:30:02",763,756,7,0,138,131,7,0,800,662,133,4,1,4,1,18,1,1,88,1,3,0,0,10,3,1,1,0,0,0,0,0,0,0,0,1,0,0,0,0,0,0,0
4,BACĂU,"ŞCOALA SATUL SLOBOZIA NOUĂ",587,STĂNIŞEŞTI,25521,1,PROV,PRCNCT,CD,CD_SV,"2021-01-21 12:30:02",595,585,10,0,182,172,10,0,600,418,176,3,3,4,3,15,3,2,134,0,1,2,0,9,1,0,0,0,0,0,0,0,1,0,0,0,0,1,0,0,0,0,0
4,BACĂU,"ŞCOALA GENERALĂ SATUL STRUGARI",588,STRUGARI,25629,1,PROV,PRCNCT,CD,CD_SV,"2021-01-21 12:30:02",826,812,14,0,248,234,14,0,900,652,243,2,3,6,17,26,6,8,145,1,4,1,2,18,4,0,0,0,1,0,0,0,0,2,1,0,0,0,1,0,0,0,0
4,BACĂU,"ŞCOALA GENERALĂ SATUL RĂCHITIŞ",589,STRUGARI,25629,1,PROV,PRCNCT,CD,CD_SV,"2021-01-21 12:30:02",353,340,13,0,126,113,13,0,400,274,118,6,2,11,4,13,3,3,73,1,4,0,0,5,0,0,0,0,0,0,1,0,0,0,0,0,0,0,0,0,0,0,0
4,BACĂU,"ŞCOALA GENERALĂ SATUL PETRICICA",590,STRUGARI,25629,1,PROV,PRCNCT,CD,CD_SV,"2021-01-21 12:30:02",595,583,11,1,117,105,11,1,600,483,106,9,2,1,7,25,7,1,44,2,3,1,0,13,2,0,0,0,0,0,0,0,0,0,0,0,0,0,0,0,0,0,0
4,BACĂU,"SCOALA GENERALA CETATUIA",591,STRUGARI,25629,1,PROV,PRCNCT,CD,CD_SV,"2021-01-21 12:30:02",235,220,15,0,80,65,15,0,300,220,75,2,3,1,2,12,2,6,32,3,1,0,0,13,2,0,0,0,0,0,0,0,0,0,0,0,0,0,0,0,0,1,0
4,BACĂU,"GRĂDINIŢA CU PROGRAM NORMAL SATUL ŞTEFAN CEL MARE",592,"ŞTEFAN CEL MARE",20670,1,PROV,PRCNCT,CD,CD_SV,"2021-01-21 12:30:02",757,741,14,2,274,258,14,2,800,526,258,14,2,9,20,55,6,1,124,3,9,2,0,22,0,0,3,0,1,0,1,0,0,0,0,1,1,0,0,0,0,0,0
4,BACĂU,"SCOALA GENERALA SATUL BOGDANA",593,"ŞTEFAN CEL MARE",20670,1,PROV,PRCNCT,CD,CD_SV,"2021-01-21 12:30:02",490,471,15,4,205,186,15,4,500,295,198,6,1,7,6,19,7,2,138,1,3,0,0,13,1,0,0,0,0,0,0,0,0,0,0,0,0,0,0,0,0,0,1
4,BACĂU,"GRADINITA CU PROGRAM NORMAL NEGOIESTI",594,"ŞTEFAN CEL MARE",20670,1,PROV,PRCNCT,CD,CD_SV,"2021-01-21 12:30:02",754,727,25,2,286,259,25,2,800,514,271,10,5,14,15,30,4,0,170,3,6,0,1,23,1,0,0,0,0,0,0,0,0,0,0,0,0,0,0,0,0,2,2
4,BACĂU,"GRĂDINIŢA CU PROGRAM NORMAL SATUL VIIŞOARA",595,"ŞTEFAN CEL MARE",20670,2,PART,PRCNCT,CD,CD_SV,"2021-01-21 12:30:02",508,487,18,3,190,169,18,3,500,310,181,8,1,5,1,33,5,3,94,0,5,2,1,28,2,0,0,0,0,0,0,1,0,0,0,0,0,0,1,0,0,0,0
4,BACĂU,"GRĂDINIŢA CU PROGRAM NORMAL SATUL GUTINAŞ",596,"ŞTEFAN CEL MARE",20670,1,PROV,PRCNCT,CD,CD_SV,"2021-01-21 12:30:02",349,329,20,0,137,117,20,0,400,263,130,5,2,1,6,12,5,1,82,0,1,2,0,18,0,0,0,0,0,0,0,0,0,0,0,1,0,0,0,1,0,0,0
4,BACĂU,"GRĂDINIŢA CU PROGRAM NORMAL SATUL RĂDEANA",597,"ŞTEFAN CEL MARE",20670,1,PROV,PRCNCT,CD,CD_SV,"2021-01-21 12:30:02",1241,1222,19,0,472,453,19,0,1300,828,423,38,11,49,4,50,3,1,261,4,9,5,0,21,0,1,2,0,0,1,1,1,1,0,4,1,0,2,0,0,1,1,0
4,BACĂU,"CENTRUL EDUCAŢIONAL ÎNV.DUMITRU NEDIŢĂ TAMAŞI",598,TAMAŞI,25692,1,PROV,PRCNCT,CD,CD_SV,"2021-01-21 12:30:02",731,690,39,2,301,260,39,2,802,501,275,12,14,6,14,27,3,0,154,2,12,1,0,42,3,1,1,2,0,0,0,0,0,1,2,0,0,0,1,0,0,0,3
4,BACĂU,"ŞCOALA CU CLASELE I-VIII SATUL CHETRIŞ",599,TAMAŞI,25692,1,PROV,PRCNCT,CD,CD_SV,"2021-01-21 12:30:02",700,673,27,0,283,256,27,0,700,417,275,3,5,12,14,54,8,1,117,5,6,6,1,39,4,0,0,1,0,0,0,0,1,0,2,0,1,0,0,1,0,0,2
4,BACĂU,"ŞCOALA CU CLASELE I-IV SATUL FURNICARI",600,TAMAŞI,25692,1,PROV,PRCNCT,CD,CD_SV,"2021-01-21 12:30:02",555,539,16,0,239,223,16,0,600,361,225,11,3,6,7,25,4,0,149,6,5,1,2,16,1,0,1,0,1,0,0,0,0,0,0,0,0,0,0,0,0,1,0
4,BACĂU,"ȘCOALA GIMNAZIALĂ NR. 1 TAMAȘI",601,TAMAŞI,25692,1,PROV,PRCNCT,CD,CD_SV,"2021-01-21 12:30:02",590,570,20,0,230,210,20,0,598,368,220,7,3,12,9,33,1,2,118,4,7,3,3,24,1,0,1,0,1,0,0,0,0,0,0,0,0,0,0,1,0,0,0
4,BACĂU,"PRIMĂRIA TĂTĂRĂŞTI",602,TĂTĂRĂŞTI,25745,1,PROV,PRCNCT,CD,CD_SV,"2021-01-21 12:30:02",390,383,7,0,140,133,7,0,400,260,125,10,5,13,6,8,0,2,63,2,2,1,0,26,2,0,0,0,0,0,0,0,0,0,0,0,0,0,0,0,0,0,0
4,BACĂU,"ŞCOALA GIMNAZIALA SATUL CORNII DE SUS",603,TĂTĂRĂŞTI,25745,1,PROV,PRCNCT,CD,CD_SV,"2021-01-21 12:30:02",731,720,11,0,184,173,11,0,800,616,168,7,9,4,5,14,4,0,107,0,3,1,1,23,1,2,1,0,0,0,0,0,0,0,1,0,0,0,0,0,0,1,0
4,BACĂU,"ŞCOALA PRIMARA SATUL GIURGENI",604,TĂTĂRĂŞTI,25745,1,PROV,PRCNCT,CD,CD_SV,"2021-01-21 12:30:02",210,197,13,0,103,90,13,0,200,97,96,7,0,1,6,8,3,1,59,1,3,0,0,8,1,0,0,0,0,0,0,0,0,0,1,0,1,1,0,2,0,0,0
4,BACĂU,"ŞCOALA PRIMARA SATUL DRĂGEŞTI",605,TĂTĂRĂŞTI,25745,1,PROV,PRCNCT,CD,CD_SV,"2021-01-21 12:30:02",310,296,14,0,122,108,14,0,300,178,121,1,0,3,3,6,0,2,85,0,2,0,1,12,5,0,0,0,0,0,0,0,0,0,0,0,0,0,0,1,0,0,1
4,BACĂU,"ŞCOALA PRIMARA SATUL GHERDANA",606,TĂTĂRĂŞTI,25745,1,PROV,PRCNCT,CD,CD_SV,"2021-01-21 12:30:02",292,281,11,0,108,97,11,0,300,192,101,3,4,4,4,7,4,0,63,0,1,0,2,14,1,0,0,0,0,0,0,0,0,0,1,0,0,0,0,0,0,0,0
4,BACĂU,"GRĂDINIŢA CU PROGRAM NORMAL SATUL VIIŞOARA",607,"TÂRGU TROTUŞ",25825,1,PROV,PRCNCT,CD,CD_SV,"2021-01-21 12:30:02",909,885,24,0,242,218,24,0,1000,758,230,7,5,6,16,48,20,2,93,3,5,2,1,25,2,0,1,0,0,0,1,0,0,0,1,0,1,0,1,0,0,0,2
4,BACĂU,"GRĂDINIŢA CU PROGRAM NORMAL TG.TROTUŞ",608,"TÂRGU TROTUŞ",25825,1,PROV,PRCNCT,CD,CD_SV,"2021-01-21 12:30:02",978,938,39,1,290,250,39,1,1000,710,286,2,2,5,22,53,7,2,134,3,6,4,0,38,5,0,1,1,0,0,1,0,0,0,0,0,1,0,0,0,0,2,1
4,BACĂU,"GRĂDINIŢA CU PROGRAM NORMAL TG.TROTUŞ",609,"TÂRGU TROTUŞ",25825,1,PROV,PRCNCT,CD,CD_SV,"2021-01-21 12:30:02",900,886,14,0,265,251,14,0,900,635,253,10,2,4,28,50,3,1,124,3,3,2,1,30,1,0,0,1,0,0,0,0,0,0,0,0,0,0,0,0,0,1,1
4,BACĂU,"GRĂDINIŢA CU PROGRAM NORMAL SATUL TUTA",610,"TÂRGU TROTUŞ",25825,1,PROV,PRCNCT,CD,CD_SV,"2021-01-21 12:30:02",834,819,15,0,240,225,15,0,900,660,238,0,2,3,41,34,3,13,81,2,6,1,0,47,0,0,1,0,0,0,0,1,0,1,2,0,0,0,1,0,0,0,1
4,BACĂU,"GRĂDINIŢA CU PROGRAM NORMAL SATUL TUTA",611,"TÂRGU TROTUŞ",25825,1,PROV,PRCNCT,CD,CD_SV,"2021-01-21 12:30:02",938,934,4,0,279,275,4,0,1000,721,274,3,2,6,51,39,7,18,98,1,4,1,1,46,0,0,0,1,0,0,0,0,0,0,0,0,0,0,0,0,0,1,0
4,BACĂU,"ŞCOALA CU CLASELE I-VIII SATUL TRAIAN",612,TRAIAN,25861,1,PROV,PRCNCT,CD,CD_SV,"2021-01-21 12:30:02",1551,1479,71,1,379,307,71,1,1600,1221,366,9,4,43,36,149,12,0,70,6,6,2,2,34,0,1,0,1,2,0,0,0,0,0,0,0,0,1,0,1,0,0,0
4,BACĂU,"ŞCOALA CU CLASELE I-IV SATUL BOGDĂNEŞTI",613,TRAIAN,25861,1,PROV,PRCNCT,CD,CD_SV,"2021-01-21 12:30:02",467,451,16,0,103,87,16,0,500,397,98,2,3,10,15,47,2,0,13,2,2,0,0,5,0,0,0,0,0,0,0,0,0,0,0,0,0,0,0,0,0,0,2
4,BACĂU,"ŞCOALA CU CLASELE I-IV SATUL ZĂPODIA",614,TRAIAN,25861,1,PROV,PRCNCT,CD,CD_SV,"2021-01-21 12:30:02",545,525,20,0,107,87,20,0,600,493,104,2,1,13,9,42,1,1,9,1,1,1,1,21,0,1,0,0,0,0,0,0,0,0,1,0,0,0,0,1,0,1,0
4,BACĂU,"ŞCOALA CU CLASELE I-IV SATUL HERTIOANA DE JOS",615,TRAIAN,25861,1,PROV,PRCNCT,CD,CD_SV,"2021-01-21 12:30:02",171,142,29,0,55,26,29,0,200,145,54,1,0,2,6,21,3,0,10,6,1,1,1,3,0,0,0,0,0,0,0,0,0,0,0,0,0,0,0,0,0,0,0
4,BACĂU,"CĂMINUL CULTURAL UNGURENI",616,UNGURENI,25932,1,PROV,PRCNCT,CD,CD_SV,"2021-01-21 12:30:02",805,763,42,0,283,241,42,0,800,517,266,10,7,2,15,25,3,1,180,3,6,2,1,24,1,0,1,0,0,0,2,0,0,0,0,0,0,0,0,0,0,0,0
4,BACĂU,"SCOALA VIFORENI",617,UNGURENI,25932,1,PROV,PRCNCT,CD,CD_SV,"2021-01-21 12:30:02",392,372,20,0,121,101,20,0,400,279,114,2,5,1,3,14,5,0,75,1,1,0,0,8,2,0,1,0,2,0,0,1,0,0,0,0,0,0,0,0,0,0,0
4,BACĂU,"ŞCOALA SATUL BĂRTĂŞEŞTI",618,UNGURENI,25932,1,PROV,PRCNCT,CD,CD_SV,"2021-01-21 12:30:02",325,311,14,0,165,151,14,0,400,235,154,4,7,5,5,2,2,1,118,1,2,0,0,12,1,0,1,0,1,0,0,0,0,0,3,0,0,0,0,0,0,0,0
4,BACĂU,"CĂMINUL CULTURAL SATUL BOTEŞTI",619,UNGURENI,25932,1,PROV,PRCNCT,CD,CD_SV,"2021-01-21 12:30:02",720,692,28,0,237,209,28,0,800,563,219,9,9,2,3,21,3,2,150,1,5,1,1,19,3,1,1,0,0,0,0,0,0,1,0,1,1,1,0,2,0,0,0
4,BACĂU,"SCOALA BIBIRESTI II",620,UNGURENI,25932,2,PART,PRCNCT,CD,CD_SV,"2021-01-21 12:30:02",801,763,38,0,314,276,38,0,800,486,300,14,0,3,8,29,1,0,209,4,4,3,1,26,6,0,0,0,2,0,0,1,0,0,1,1,0,0,1,0,0,0,0
4,BACĂU,"SALA DE CEREMONII",621,URECHEŞTI,26029,1,PROV,PRCNCT,CD,CD_SV,"2021-01-21 12:30:02",1390,1368,20,2,273,251,20,2,1500,1227,262,7,4,8,26,83,4,1,89,1,4,2,0,41,1,0,0,0,0,0,0,0,0,0,2,0,0,0,0,0,0,0,0
4,BACĂU,"CĂMINUL CULTURAL SATUL CORNĂŢEL",622,URECHEŞTI,26029,1,PROV,PRCNCT,CD,CD_SV,"2021-01-21 12:30:02",734,708,23,3,205,179,23,3,800,595,196,9,0,6,34,42,10,0,63,2,6,2,0,26,1,0,0,0,1,0,1,0,0,0,1,0,0,0,0,0,0,0,1
4,BACĂU,"GRĂDINIŢA SATUL SLOBOZIA",623,URECHEŞTI,26029,1,PROV,PRCNCT,CD,CD_SV,"2021-01-21 12:30:02",453,442,11,0,123,112,11,0,500,377,115,8,0,28,6,21,1,0,40,1,1,2,1,11,0,0,0,0,1,0,1,0,0,0,0,0,0,0,0,1,0,0,0
4,BACĂU,"ŞCOALA GENERALA CU CASELE I-IV SATUL LUNCA DOCHIEI",624,URECHEŞTI,26029,1,PROV,PRCNCT,CD,CD_SV,"2021-01-21 12:30:02",264,254,10,0,79,69,10,0,300,221,75,4,0,10,11,20,1,1,21,3,1,0,0,6,1,0,0,0,0,0,0,0,0,0,0,0,0,0,0,0,0,0,0
4,BACĂU,"ŞCOALA GENERALA CU CLASELE I-IV SATUL SATU NOU",625,URECHEŞTI,26029,1,PROV,PRCNCT,CD,CD_SV,"2021-01-21 12:30:02",272,262,10,0,88,78,10,0,300,212,86,2,0,5,5,17,1,0,38,2,3,0,0,10,4,0,0,0,0,0,0,0,0,0,1,0,0,0,0,0,0,0,0
4,BACĂU,"ŞCOALA GIMNAZIALĂ NR.1 VALEA SEACĂ",626,"VALEA SEACĂ",26083,1,PROV,PRCNCT,CD,CD_SV,"2021-01-21 12:30:02",979,924,38,17,342,290,38,14,1000,658,309,10,23,2,1,17,2,1,241,1,1,3,0,18,2,0,13,0,1,0,1,0,0,0,2,0,0,1,0,1,0,1,0
4,BACĂU,"ŞCOALA PRIMARĂ NR.2 VALEA SEACĂ",627,"VALEA SEACĂ",26083,1,PROV,PRCNCT,CD,CD_SV,"2021-01-21 12:30:02",754,698,41,15,312,256,41,15,800,488,292,11,9,12,9,24,3,0,219,1,4,1,0,12,1,1,4,0,0,0,0,1,0,0,0,0,0,0,0,0,0,0,0
4,BACĂU,"ŞCOALA PRIMARĂ NR.3 VALEA SEACĂ",628,"VALEA SEACĂ",26083,1,PROV,PRCNCT,CD,CD_SV,"2021-01-21 12:30:02",788,754,24,10,343,309,24,10,800,457,305,34,4,10,3,11,2,1,209,0,4,5,1,25,2,1,25,1,0,0,1,0,0,0,2,0,1,0,0,0,1,0,0
4,BACĂU,"ŞCOALA PRIMARĂ CUCOVA",629,"VALEA SEACĂ",26083,1,PROV,PRCNCT,CD,CD_SV,"2021-01-21 12:30:02",589,541,38,10,239,191,38,10,600,361,226,10,3,3,6,34,3,0,150,3,7,2,1,12,0,0,2,0,1,0,0,0,0,0,0,0,1,0,0,0,1,0,0
4,BACĂU,"SCOALA VULTURENI",630,VULTURENI,26118,1,PROV,PRCNCT,CD,CD_SV,"2021-01-21 12:30:02",409,390,19,0,123,104,19,0,400,277,121,2,0,3,3,20,3,0,77,3,2,0,1,5,2,0,1,0,0,0,0,0,0,0,0,0,0,0,0,0,0,0,1
4,BACĂU,"CENTRU DE ZI LICHITISENI",631,VULTURENI,26118,1,PROV,PRCNCT,CD,CD_SV,"2021-01-21 12:30:02",429,424,5,0,107,102,5,0,500,393,98,6,3,0,1,17,1,0,66,0,2,2,0,4,3,1,1,0,0,0,0,0,0,0,0,0,0,0,0,0,0,0,0
4,BACĂU,"GRADINIȚA CU PROGRAM NORMAL GODINEŞTII DE JOS",632,VULTURENI,26118,1,PROV,PRCNCT,CD,CD_SV,"2021-01-21 12:30:02",312,300,12,0,102,90,12,0,300,198,96,4,2,0,2,11,1,0,69,2,2,0,0,4,2,0,0,0,0,0,1,0,0,0,0,0,0,0,0,1,0,0,1
4,BACĂU,"ŞCOALA MEDELENI",633,VULTURENI,26118,1,PROV,PRCNCT,CD,CD_SV,"2021-01-21 12:30:02",154,135,19,0,67,48,19,0,200,133,63,4,0,2,2,20,0,2,29,0,2,0,0,3,1,0,0,0,0,0,0,0,0,0,1,0,1,0,0,0,0,0,0
4,BACĂU,"ŞCOALA GHILĂVEŞTI",634,VULTURENI,26118,1,PROV,PRCNCT,CD,CD_SV,"2021-01-21 12:30:02",241,228,13,0,106,93,13,0,300,194,102,2,2,2,2,11,1,2,82,0,0,1,0,0,0,0,0,0,0,0,0,0,0,0,0,0,0,0,0,0,0,1,0
4,BACĂU,"ŞCOALA MIHAI EMINESCU ZEMEŞ",635,ZEMEŞ,26289,1,PROV,PRCNCT,CD,CD_SV,"2021-01-21 12:30:02",1122,1109,13,0,288,275,13,0,1200,912,275,10,3,12,20,78,9,0,70,7,6,2,3,64,1,1,0,1,0,0,0,0,0,0,1,0,0,0,0,0,0,0,0
4,BACĂU,"ŞCOALA ŞTEFAN CEL MARE ZEMEŞ",636,ZEMEŞ,26289,1,PROV,PRCNCT,CD,CD_SV,"2021-01-21 12:30:02",1181,1178,3,0,365,362,3,0,1300,935,352,11,2,9,32,83,4,0,124,11,11,0,1,69,1,0,0,0,0,0,0,1,0,0,0,0,2,0,1,2,0,0,1
4,BACĂU,"ŞCOALA ŞTEFAN CEL MARE ZEMEŞ",637,ZEMEŞ,26289,1,PROV,PRCNCT,CD,CD_SV,"2021-01-21 12:30:02",718,704,14,0,215,201,14,0,800,585,208,6,1,1,21,57,6,1,53,10,8,5,1,40,1,0,0,0,0,0,0,0,0,0,2,0,0,0,0,0,0,0,2
4,BACĂU,"ŞCOALA ION CREANGĂ ZEMEŞ",638,ZEMEŞ,26289,1,PROV,PRCNCT,CD,CD_SV,"2021-01-21 12:30:02",890,877,13,0,192,179,13,0,1000,808,184,5,3,6,18,75,9,2,43,3,2,2,1,21,1,0,0,0,0,0,0,0,0,0,0,0,0,0,0,0,0,1,0
