precinct_county_nce,precinct_county_name,precinct_name,precinct_nr,uat_name,uat_siruta,report_version,report_stage_code,report_type_scope_code,report_type_category_code,report_type_code,created_at,a,a1,a2,a3,b,b1,b2,b3,c,d,e,f,g,"ALIANȚA USR PLUS-voturi","PARTIDUL SOCIAL DEMOCRAT-voturi","PARTIDUL MIȘCAREA POPULARĂ-voturi","PARTIDUL NAȚIONAL LIBERAL-voturi","UNIUNEA DEMOCRATĂ MAGHIARĂ DIN ROMÂNIA-voturi","PARTIDUL PRO ROMÂNIA-voturi","ALIANȚA PENTRU UNIREA ROMÂNILOR-voturi","ALTERNATIVA DREAPTĂ-voturi","PARTIDUL PUTERII UMANISTE (SOCIAL-LIBERAL)-voturi","PARTIDUL SOCIAL DEMOCRAT AL MUNCITORILOR-voturi","PARTIDUL ECOLOGIST ROMÂN-voturi","PARTIDUL VERDE-voturi","PARTIDUL RE:START ROMÂNIA-voturi","PARTIDUL ROMÂNIA MARE-voturi","PARTIDUL NOUA ROMÂNIE-voturi"
24,IAŞI,"GRĂDINIŢA CU PROGRAM NORMAL NR. 15",1,"MUNICIPIUL IAŞI",95060,1,PROV,PRCNCT,S,S_SV,"2021-01-21 12:30:02",1578,1541,37,0,528,491,37,0,1700,1172,519,9,0,207,94,32,104,2,12,33,0,6,0,15,6,3,3,2
24,IAŞI,"GRĂDINIŢA CU PROGRAM NORMAL NR. 15",2,"MUNICIPIUL IAŞI",95060,1,PROV,PRCNCT,S,S_SV,"2021-01-21 12:30:02",1375,1358,17,0,421,404,17,0,1500,1079,415,6,0,127,83,20,89,0,17,51,1,8,0,5,4,1,3,6
24,IAŞI,"ŞCOALA GIMNAZIALĂ ”ELENA CUZA”",3,"MUNICIPIUL IAŞI",95060,1,PROV,PRCNCT,S,S_SV,"2021-01-21 12:30:02",1348,1317,31,0,451,420,31,0,1500,1049,437,11,3,134,101,14,103,1,22,35,0,8,0,9,7,1,2,0
24,IAŞI,"ŞCOALA GIMNAZIALĂ ”ELENA CUZA”",4,"MUNICIPIUL IAŞI",95060,1,PROV,PRCNCT,S,S_SV,"2021-01-21 12:30:02",1153,1117,36,0,386,350,36,0,1200,814,380,5,1,134,78,15,70,0,11,49,0,10,1,5,3,0,4,0
24,IAŞI,"ŞCOALA GIMNAZIALĂ ”ELENA CUZA”",5,"MUNICIPIUL IAŞI",95060,1,PROV,PRCNCT,S,S_SV,"2021-01-21 12:30:02",1558,1507,50,1,484,433,50,1,1700,1216,476,5,3,144,125,20,98,1,19,47,2,5,3,8,1,0,1,2
24,IAŞI,"ŞCOALA GIMNAZIALĂ ”ELENA CUZA”",6,"MUNICIPIUL IAŞI",95060,1,PROV,PRCNCT,S,S_SV,"2021-01-21 12:30:02",1488,1449,39,0,474,435,39,0,1600,1126,468,5,1,165,98,26,102,0,11,39,2,8,0,11,5,0,0,1
24,IAŞI,"GRĂDINIŢA CU PROGRAM PRELUNGIT NR. 14",7,"MUNICIPIUL IAŞI",95060,1,PROV,PRCNCT,S,S_SV,"2021-01-21 12:30:02",1315,1293,22,0,444,422,22,0,1400,956,437,3,4,129,99,25,101,0,18,33,4,4,1,8,7,1,4,3
24,IAŞI,"GRĂDINIŢA CU PROGRAM PRELUNGIT NR. 14",8,"MUNICIPIUL IAŞI",95060,1,PROV,PRCNCT,S,S_SV,"2021-01-21 12:30:02",1426,1407,19,0,418,399,19,0,1600,1182,411,6,1,121,117,10,84,0,15,37,0,11,2,6,4,0,1,3
24,IAŞI,"GRĂDINIŢA CU PROGRAM PRELUNGIT NR. 14",9,"MUNICIPIUL IAŞI",95060,1,PROV,PRCNCT,S,S_SV,"2021-01-21 12:30:02",1609,1574,33,2,534,499,33,2,1700,1166,527,4,3,171,107,27,136,2,17,33,0,9,1,17,1,2,2,2
24,IAŞI,"GRĂDINIŢA CU PROGRAM PRELUNGIT NR. 14",10,"MUNICIPIUL IAŞI",95060,1,PROV,PRCNCT,S,S_SV,"2021-01-21 12:30:02",1715,1698,17,0,511,494,17,0,1900,1389,507,3,1,187,99,20,113,3,14,40,1,9,2,9,5,2,2,1
24,IAŞI,"ŞCOALA GIMNAZIALĂ ”ION CREANGĂ”",11,"MUNICIPIUL IAŞI",95060,1,PROV,PRCNCT,S,S_SV,"2021-01-21 12:30:02",1361,1337,22,2,455,431,22,2,1500,1045,448,4,3,214,52,22,87,0,9,43,2,5,2,7,4,0,1,0
24,IAŞI,"ŞCOALA GIMNAZIALĂ ”ION CREANGĂ”",12,"MUNICIPIUL IAŞI",95060,1,PROV,PRCNCT,S,S_SV,"2021-01-21 12:30:02",1339,1293,44,2,466,420,44,2,1396,930,460,5,1,193,88,19,89,0,14,35,0,8,1,4,3,1,3,2
24,IAŞI,"ŞCOALA GIMNAZIALĂ ”ION CREANGĂ”",13,"MUNICIPIUL IAŞI",95060,1,PROV,PRCNCT,S,S_SV,"2021-01-21 12:30:02",1301,1269,32,0,451,419,32,0,1400,949,444,5,2,124,93,22,113,1,23,37,1,7,1,9,4,3,4,2
24,IAŞI,"ŞCOALA GIMNAZIALĂ ”ION CREANGĂ”",14,"MUNICIPIUL IAŞI",95060,1,PROV,PRCNCT,S,S_SV,"2021-01-21 12:30:02",1298,1270,28,0,445,417,28,0,1400,955,433,10,2,138,94,28,89,0,20,37,2,3,3,9,7,2,0,1
24,IAŞI,"ŞCOALA GIMNAZIALĂ ”PETRU PONI”",15,"MUNICIPIUL IAŞI",95060,1,PROV,PRCNCT,S,S_SV,"2021-01-21 12:30:02",1311,1290,21,0,476,455,21,0,1400,924,469,7,0,163,87,27,128,2,17,22,2,2,0,10,6,0,1,2
24,IAŞI,"ŞCOALA GIMNAZIALĂ ”PETRU PONI”",16,"MUNICIPIUL IAŞI",95060,1,PROV,PRCNCT,S,S_SV,"2021-01-21 12:30:02",1266,1238,25,3,429,401,25,3,1400,971,424,5,0,163,73,24,82,0,17,39,0,3,0,10,3,5,3,2
24,IAŞI,"ŞCOALA GIMNAZIALĂ ”PETRU PONI”",17,"MUNICIPIUL IAŞI",95060,1,PROV,PRCNCT,S,S_SV,"2021-01-21 12:30:02",1273,1250,23,0,473,450,23,0,1400,927,464,7,2,155,87,28,126,0,8,34,2,2,2,10,6,3,1,0
24,IAŞI,"ŞCOALA GIMNAZIALĂ ”PETRU PONI”",18,"MUNICIPIUL IAŞI",95060,1,PROV,PRCNCT,S,S_SV,"2021-01-21 12:30:02",1179,1156,23,0,451,428,23,0,1300,849,445,5,1,144,93,28,106,0,21,30,1,4,1,8,5,2,0,2
24,IAŞI,"ŞCOALA GIMNAZIALĂ ”ŞTEFAN BÂRSĂNESCU”",19,"MUNICIPIUL IAŞI",95060,1,PROV,PRCNCT,S,S_SV,"2021-01-21 12:30:02",1222,1196,23,3,468,442,23,3,1303,835,457,9,2,181,89,29,87,0,19,20,7,4,1,9,6,0,1,4
24,IAŞI,"ŞCOALA GIMNAZIALĂ ”ŞTEFAN BÂRSĂNESCU”",20,"MUNICIPIUL IAŞI",95060,1,PROV,PRCNCT,S,S_SV,"2021-01-21 12:30:02",1122,1090,30,2,410,378,30,2,1200,790,404,5,1,151,54,34,99,2,20,25,2,3,2,8,2,1,0,1
24,IAŞI,"ŞCOALA GIMNAZIALĂ ”ŞTEFAN BÂRSĂNESCU”",21,"MUNICIPIUL IAŞI",95060,1,PROV,PRCNCT,S,S_SV,"2021-01-21 12:30:02",833,808,25,0,249,224,25,0,900,651,247,2,0,61,58,18,52,1,13,23,1,7,2,4,7,0,0,0
24,IAŞI,"ŞCOALA GIMNAZIALĂ ”ŞTEFAN BÂRSĂNESCU”",22,"MUNICIPIUL IAŞI",95060,1,PROV,PRCNCT,S,S_SV,"2021-01-21 12:30:02",964,944,20,0,342,322,20,0,999,657,336,6,0,101,68,34,93,0,9,15,4,3,1,3,3,0,1,1
24,IAŞI,"ŞCOALA GIMNAZIALĂ ”ŞTEFAN BÂRSĂNESCU”",23,"MUNICIPIUL IAŞI",95060,1,PROV,PRCNCT,S,S_SV,"2021-01-21 12:30:02",1269,1235,34,0,161,127,34,0,1400,1239,161,0,0,51,35,7,38,0,9,14,1,2,0,3,1,0,0,0
24,IAŞI,"COLEGIUL NAŢIONAL",24,"MUNICIPIUL IAŞI",95060,1,PROV,PRCNCT,S,S_SV,"2021-01-21 12:30:02",1291,1281,10,0,424,414,10,0,1400,976,419,5,0,151,65,26,103,0,15,27,1,5,3,16,4,1,1,1
24,IAŞI,"COLEGIUL NAŢIONAL",25,"MUNICIPIUL IAŞI",95060,1,PROV,PRCNCT,S,S_SV,"2021-01-21 12:30:02",1000,965,35,0,343,308,35,0,1100,757,338,5,0,106,54,12,97,0,18,29,0,5,2,8,5,0,1,1
24,IAŞI,"COLEGIUL NAŢIONAL",26,"MUNICIPIUL IAŞI",95060,2,PART,PRCNCT,S,S_SV,"2021-01-21 12:30:02",858,832,26,0,269,243,26,0,900,631,267,1,1,68,70,21,67,1,15,10,1,5,2,5,1,0,0,1
24,IAŞI,"COLEGIUL NAŢIONAL",27,"MUNICIPIUL IAŞI",95060,1,PROV,PRCNCT,S,S_SV,"2021-01-21 12:30:02",1394,1371,22,1,322,299,22,1,1500,1178,318,4,0,128,67,14,65,0,8,19,1,4,2,2,6,0,1,1
24,IAŞI,"COLEGIUL NAŢIONAL",28,"MUNICIPIUL IAŞI",95060,1,PROV,PRCNCT,S,S_SV,"2021-01-21 12:30:02",1397,1373,20,4,432,408,20,4,1500,1068,426,4,2,165,74,23,99,0,19,26,1,0,1,9,4,0,4,1
24,IAŞI,"LICEUL TEHNOLOGIC ECONOMIC ”VIRGIL MADGEARU” - CORP A",29,"MUNICIPIUL IAŞI",95060,1,PROV,PRCNCT,S,S_SV,"2021-01-21 12:30:02",1483,1461,20,2,493,471,20,2,1600,1107,487,4,2,135,104,44,102,1,12,55,1,11,3,5,5,0,5,4
24,IAŞI,"ŞCOALA PRIMARĂ ”GHEORGHE ASACHI”",30,"MUNICIPIUL IAŞI",95060,1,PROV,PRCNCT,S,S_SV,"2021-01-21 12:30:02",1118,1023,95,0,376,281,95,0,1100,724,372,4,0,125,70,25,71,1,12,35,1,7,2,7,11,2,2,1
24,IAŞI,"COLEGIUL NATIONAL ”COSTACHE NEGRUZZI’’",31,"MUNICIPIUL IAŞI",95060,1,PROV,PRCNCT,S,S_SV,"2021-01-21 12:30:02",1063,926,127,10,445,308,127,10,1000,555,442,3,0,174,69,22,118,1,19,18,3,2,1,5,4,0,4,2
24,IAŞI,"COLEGIUL NATIONAL ”COSTACHE NEGRUZZI’’",32,"MUNICIPIUL IAŞI",95060,1,PROV,PRCNCT,S,S_SV,"2021-01-21 12:30:02",937,870,66,1,402,335,66,1,1000,598,393,9,0,154,52,13,122,1,12,20,0,7,0,8,1,1,2,0
24,IAŞI,"COLEGIUL NATIONAL ”GARABET IBRĂILEANU”",33,"MUNICIPIUL IAŞI",95060,1,PROV,PRCNCT,S,S_SV,"2021-01-21 12:30:02",1229,1076,27,126,456,303,27,126,1200,744,443,9,4,115,142,15,100,1,12,31,2,1,1,11,1,1,8,2
24,IAŞI,"COLEGIUL NATIONAL ”GARABET IBRĂILEANU”",34,"MUNICIPIUL IAŞI",95060,1,PROV,PRCNCT,S,S_SV,"2021-01-21 12:30:02",1285,1133,18,134,574,422,18,134,1200,626,568,5,1,124,195,22,153,0,25,19,0,8,2,10,4,0,3,3
24,IAŞI,"COLEGIUL NATIONAL ”GARABET IBRĂILEANU”",35,"MUNICIPIUL IAŞI",95060,1,PROV,PRCNCT,S,S_SV,"2021-01-21 12:30:02",1442,1098,172,172,643,299,172,172,1200,557,635,8,0,212,167,21,140,0,32,33,1,5,2,7,5,1,5,4
24,IAŞI,"COLEGIUL NATIONAL ”GARABET IBRĂILEANU”",36,"MUNICIPIUL IAŞI",95060,1,PROV,PRCNCT,S,S_SV,"2021-01-21 12:30:02",1911,1759,33,119,209,57,33,119,1900,1691,197,10,2,16,107,9,30,1,1,22,0,0,2,2,3,0,1,3
24,IAŞI,"UNIVERSITATEA DE STIINTE AGRICOLE SI MEDICINA VETERINARĂ ”ION IONESCU DE LA BRAD”",37,"MUNICIPIUL IAŞI",95060,1,PROV,PRCNCT,S,S_SV,"2021-01-21 12:30:02",1033,1009,20,4,447,423,20,4,1100,653,435,4,2,142,86,25,117,0,10,30,3,0,3,7,4,4,4,0
24,IAŞI,"UNIVERSITATEA DE STIINTE AGRICOLE SI MEDICINA VETERINARĂ ”ION IONESCU DE LA BRAD”",38,"MUNICIPIUL IAŞI",95060,1,PROV,PRCNCT,S,S_SV,"2021-01-21 12:30:02",1193,988,176,29,566,361,176,29,1100,534,555,9,2,219,80,21,152,0,19,48,0,5,2,5,3,1,0,0
24,IAŞI,"LICEUL TEORETIC DE INFORMATICĂ ”GRIGORE MOISIL”",39,"MUNICIPIUL IAŞI",95060,1,PROV,PRCNCT,S,S_SV,"2021-01-21 12:30:02",2010,1696,309,5,812,498,309,5,1900,1088,800,12,0,360,86,45,165,1,22,75,5,4,0,18,8,2,4,5
24,IAŞI,"COLEGIUL NAŢIONAL ”MIHAI EMINESCU”",40,"MUNICIPIUL IAŞI",95060,1,PROV,PRCNCT,S,S_SV,"2021-01-21 12:30:02",1020,989,25,6,378,348,25,5,1100,722,375,3,0,137,51,28,111,1,14,13,2,5,1,7,2,0,2,1
24,IAŞI,"COLEGIUL NAŢIONAL ”MIHAI EMINESCU”",41,"MUNICIPIUL IAŞI",95060,1,PROV,PRCNCT,S,S_SV,"2021-01-21 12:30:02",936,922,11,3,354,340,11,3,1000,646,351,3,0,112,63,22,96,1,10,30,2,1,0,5,3,1,4,1
24,IAŞI,"ŞCOALA GIMNAZIALĂ”MIHAI CODREANU”",42,"MUNICIPIUL IAŞI",95060,1,PROV,PRCNCT,S,S_SV,"2021-01-21 12:30:02",460,417,12,31,173,130,12,31,500,327,169,3,1,32,48,6,53,0,8,7,4,5,2,2,1,0,0,1
24,IAŞI,"ŞCOALA GIMNAZIALĂ”MIHAI CODREANU”",43,"MUNICIPIUL IAŞI",95060,1,PROV,PRCNCT,S,S_SV,"2021-01-21 12:30:02",549,503,12,34,215,169,12,34,600,385,211,2,2,55,47,18,57,2,2,14,3,5,0,4,2,2,0,0
24,IAŞI,"LICEUL TEHNOLOGIC UCECOM ”SPIRU HARET”",44,"MUNICIPIUL IAŞI",95060,1,PROV,PRCNCT,S,S_SV,"2021-01-21 12:30:02",1316,1289,27,0,351,324,27,0,1400,1049,345,5,1,125,64,19,69,0,11,38,0,3,0,7,5,1,2,1
24,IAŞI,"LICEUL TEHNOLOGIC UCECOM ”SPIRU HARET”",45,"MUNICIPIUL IAŞI",95060,1,PROV,PRCNCT,S,S_SV,"2021-01-21 12:30:02",1021,997,24,0,273,249,24,0,1100,827,272,1,0,81,53,8,70,1,13,25,4,4,0,6,1,0,4,2
24,IAŞI,"LICEUL TEHNOLOGIC UCECOM ”SPIRU HARET”",46,"MUNICIPIUL IAŞI",95060,1,PROV,PRCNCT,S,S_SV,"2021-01-21 12:30:02",1272,1256,15,1,373,357,15,1,1400,1027,366,5,2,138,51,29,87,1,14,31,0,1,0,6,7,1,0,0
24,IAŞI,"COLEGIUL ECONOMIC ADMINISTRATIV",47,"MUNICIPIUL IAŞI",95060,2,PART,PRCNCT,S,S_SV,"2021-01-21 12:30:02",957,920,19,18,305,268,19,18,1000,695,296,5,4,93,52,18,82,1,13,24,1,0,1,7,1,1,2,0
24,IAŞI,"COLEGIUL ECONOMIC ADMINISTRATIV",48,"MUNICIPIUL IAŞI",95060,1,PROV,PRCNCT,S,S_SV,"2021-01-21 12:30:02",906,877,15,14,343,314,15,14,1000,657,339,4,0,107,67,27,94,2,13,13,2,5,0,5,1,2,0,1
24,IAŞI,"LICEUL TEORETIC ‘’VASILE ALECSANDRI’’",49,"MUNICIPIUL IAŞI",95060,1,PROV,PRCNCT,S,S_SV,"2021-01-21 12:30:02",1137,1099,36,2,427,389,36,2,1200,773,416,7,4,116,99,25,112,1,16,19,0,3,1,10,8,2,2,2
24,IAŞI,"LICEUL TEORETIC ‘’VASILE ALECSANDRI’’",50,"MUNICIPIUL IAŞI",95060,1,PROV,PRCNCT,S,S_SV,"2021-01-21 12:30:02",628,575,53,0,229,176,53,0,600,371,226,2,1,60,48,17,62,1,9,21,0,1,0,1,3,1,2,0
24,IAŞI,"LICEUL TEORETIC ‘’VASILE ALECSANDRI’’",51,"MUNICIPIUL IAŞI",95060,1,PROV,PRCNCT,S,S_SV,"2021-01-21 12:30:02",1253,1225,28,0,417,389,28,0,1400,983,415,2,0,121,110,23,102,0,14,16,2,3,3,15,3,1,2,0
24,IAŞI,"COLEGIUL NATIONAL DE ARTĂ ”OCTACV BĂNCILĂ”",52,"MUNICIPIUL IAŞI",95060,1,PROV,PRCNCT,S,S_SV,"2021-01-21 12:30:02",769,743,26,0,230,204,26,0,800,570,224,3,3,54,58,7,69,2,7,21,0,1,0,1,1,0,1,2
24,IAŞI,"COLEGIUL NATIONAL DE ARTĂ ”OCTACV BĂNCILĂ”",53,"MUNICIPIUL IAŞI",95060,1,PROV,PRCNCT,S,S_SV,"2021-01-21 12:30:02",670,642,28,0,222,194,28,0,700,478,220,2,0,77,46,8,63,1,5,10,0,1,0,0,8,0,0,1
24,IAŞI,"COLEGIUL NATIONAL DE ARTĂ ”OCTACV BĂNCILĂ”",54,"MUNICIPIUL IAŞI",95060,1,PROV,PRCNCT,S,S_SV,"2021-01-21 12:30:02",672,650,22,0,251,229,22,0,700,449,248,3,0,62,66,19,67,1,6,13,2,3,1,5,1,0,2,0
24,IAŞI,"COLEGIUL NATIONAL DE ARTĂ ”OCTAV BĂNCILĂ”",55,"MUNICIPIUL IAŞI",95060,1,PROV,PRCNCT,S,S_SV,"2021-01-21 12:30:02",765,736,7,22,252,223,7,22,800,548,242,9,1,61,46,13,58,2,7,43,0,3,0,4,3,1,1,0
24,IAŞI,"ŞCOALA GIMNAZIALĂ ”ION SIMIONESCU”",56,"MUNICIPIUL IAŞI",95060,1,PROV,PRCNCT,S,S_SV,"2021-01-21 12:30:02",1228,1210,18,0,382,364,18,0,1300,918,377,5,0,111,104,13,79,1,10,33,0,9,2,8,5,0,2,0
24,IAŞI,"ŞCOALA GIMNAZIALĂ ”ION SIMIONESCU”",57,"MUNICIPIUL IAŞI",95060,1,PROV,PRCNCT,S,S_SV,"2021-01-21 12:30:02",1230,1189,41,0,386,345,41,0,1300,914,379,5,2,124,68,21,89,0,16,37,0,2,2,11,6,0,2,1
24,IAŞI,"ŞCOALA GIMNAZIALĂ ”ION SIMIONESCU”",58,"MUNICIPIUL IAŞI",95060,1,PROV,PRCNCT,S,S_SV,"2021-01-21 12:30:02",1213,1196,15,2,381,364,15,2,1300,919,376,3,2,87,141,17,59,2,12,35,0,5,0,5,8,1,1,3
24,IAŞI,"ŞCOALA GIMNAZIALĂ ”ION SIMIONESCU”",59,"MUNICIPIUL IAŞI",95060,1,PROV,PRCNCT,S,S_SV,"2021-01-21 12:30:02",1225,1210,14,1,341,326,14,1,1288,947,337,4,0,99,98,15,62,0,9,32,1,8,1,1,6,1,3,1
24,IAŞI,"ŞCOALA GIMNAZIALĂ ”ION SIMIONESCU”",60,"MUNICIPIUL IAŞI",95060,1,PROV,PRCNCT,S,S_SV,"2021-01-21 12:30:02",1807,1765,31,11,558,516,31,11,1900,1300,551,7,0,186,79,24,146,0,14,66,2,6,1,10,8,1,6,2
24,IAŞI,"ŞCOALA GIMNAZIALĂ ”ION SIMIONESCU”",61,"MUNICIPIUL IAŞI",95060,1,PROV,PRCNCT,S,S_SV,"2021-01-21 12:30:02",1851,1822,29,0,581,552,29,0,2000,1419,572,8,1,205,86,38,132,0,27,44,2,8,1,12,5,0,2,10
24,IAŞI,"GRĂDINIŢA CU PROGRAM PRELUNGIT NR. 24",62,"MUNICIPIUL IAŞI",95060,1,PROV,PRCNCT,S,S_SV,"2021-01-21 12:30:02",1232,1210,22,0,327,305,22,0,1300,973,323,4,0,96,82,10,65,2,9,43,3,2,2,5,2,0,1,1
24,IAŞI,"GRĂDINIŢA CU PROGRAM PRELUNGIT NR. 24",63,"MUNICIPIUL IAŞI",95060,1,PROV,PRCNCT,S,S_SV,"2021-01-21 12:30:02",1351,1337,14,0,344,330,14,0,1500,1156,338,6,0,80,102,12,69,0,22,33,0,2,1,5,6,1,3,2
24,IAŞI,"GRĂDINIŢA CU PROGRAM PRELUNGIT NR. 24",64,"MUNICIPIUL IAŞI",95060,1,PROV,PRCNCT,S,S_SV,"2021-01-21 12:30:02",1133,1133,0,0,343,343,0,0,1200,857,333,10,0,82,97,17,73,0,19,23,0,5,1,4,5,0,2,5
24,IAŞI,"GRĂDINIŢA CU PROGRAM PRELUNGIT NR. 24",65,"MUNICIPIUL IAŞI",95060,1,PROV,PRCNCT,S,S_SV,"2021-01-21 12:30:02",1371,1363,7,1,372,364,7,1,1500,1128,367,3,2,98,85,16,71,0,14,57,3,4,0,8,8,1,2,0
24,IAŞI,"LICEUL TEHNOLOGIC ECONOMIC DE TURISM - CORP B",66,"MUNICIPIUL IAŞI",95060,1,PROV,PRCNCT,S,S_SV,"2021-01-21 12:30:02",1255,1219,36,0,398,362,36,0,1300,902,385,11,2,112,95,10,75,0,15,51,0,6,4,6,8,2,0,1
24,IAŞI,"LICEUL TEHNOLOGIC ECONOMIC DE TURISM - CORP B",67,"MUNICIPIUL IAŞI",95060,1,PROV,PRCNCT,S,S_SV,"2021-01-21 12:30:02",1489,1460,26,3,339,310,26,3,1600,1261,329,5,5,98,67,9,71,1,18,44,1,2,0,5,5,1,3,4
24,IAŞI,"LICEUL TEHNOLOGIC ECONOMIC DE TURISM - CORP B",68,"MUNICIPIUL IAŞI",95060,1,PROV,PRCNCT,S,S_SV,"2021-01-21 12:30:02",1282,1267,13,2,351,336,13,2,1400,1049,337,11,3,101,73,29,62,0,12,30,2,7,1,6,10,1,3,0
24,IAŞI,"LICEUL TEHNOLOGIC ECONOMIC DE TURISM - CORP B",69,"MUNICIPIUL IAŞI",95060,1,PROV,PRCNCT,S,S_SV,"2021-01-21 12:30:02",1344,1327,17,0,392,375,17,0,1500,1108,379,10,3,119,103,16,71,1,11,33,2,4,1,7,2,2,5,2
24,IAŞI,"GRĂDINIŢA CU PROGRAM PRELUNGIT NR. 25",70,"MUNICIPIUL IAŞI",95060,1,PROV,PRCNCT,S,S_SV,"2021-01-21 12:30:02",1471,1455,16,0,540,524,16,0,1600,1060,534,5,1,161,140,24,82,0,27,44,0,20,1,11,12,2,7,3
24,IAŞI,"GRĂDINIŢA CU PROGRAM PRELUNGIT NR. 25",71,"MUNICIPIUL IAŞI",95060,1,PROV,PRCNCT,S,S_SV,"2021-01-21 12:30:02",1222,1204,18,0,281,263,18,0,1300,1019,276,3,2,77,64,9,50,4,12,38,0,3,2,9,3,0,4,1
24,IAŞI,"GRĂDINIŢA CU PROGRAM NORMAL NR.21",72,"MUNICIPIUL IAŞI",95060,1,PROV,PRCNCT,S,S_SV,"2021-01-21 12:30:02",875,852,23,0,295,272,23,0,900,605,291,2,2,92,68,18,59,0,10,21,0,4,1,12,3,0,2,1
24,IAŞI,"GRĂDINIŢA CU PROGRAM NORMAL NR.21",73,"MUNICIPIUL IAŞI",95060,1,PROV,PRCNCT,S,S_SV,"2021-01-21 12:30:02",775,764,11,0,278,267,11,0,800,522,271,7,0,79,82,20,42,0,12,23,0,1,1,5,2,0,3,1
24,IAŞI,"GRĂDINIŢA CU PROGRAM NORMAL NR.21",74,"MUNICIPIUL IAŞI",95060,1,PROV,PRCNCT,S,S_SV,"2021-01-21 12:30:02",882,861,21,0,244,223,21,0,1000,756,239,4,1,92,64,4,40,0,9,17,1,2,0,3,3,3,1,0
24,IAŞI,"GRĂDINIŢA CU PROGRAM NORMAL NR.21",75,"MUNICIPIUL IAŞI",95060,1,PROV,PRCNCT,S,S_SV,"2021-01-21 12:30:02",841,825,16,0,249,233,16,0,900,651,247,2,0,62,77,5,44,0,13,22,1,6,1,6,4,0,3,3
24,IAŞI,"GRĂDINIŢA CU PROGRAM PRELUNGIT NR.21",76,"MUNICIPIUL IAŞI",95060,1,PROV,PRCNCT,S,S_SV,"2021-01-21 12:30:02",987,978,8,1,297,288,8,1,1104,807,293,4,0,98,80,20,42,0,6,25,0,3,0,6,8,0,5,0
24,IAŞI,"GRĂDINIŢA CU PROGRAM PRELUNGIT NR.21",77,"MUNICIPIUL IAŞI",95060,1,PROV,PRCNCT,S,S_SV,"2021-01-21 12:30:02",873,859,14,0,331,317,14,0,900,569,327,3,1,106,91,21,50,2,18,26,0,5,1,2,2,1,1,1
24,IAŞI,"LICEUL TEHNOLOGIC ECONOMIC ”VIRGIL MADGEARU” - CORP B",78,"MUNICIPIUL IAŞI",95060,1,PROV,PRCNCT,S,S_SV,"2021-01-21 12:30:02",647,638,9,0,168,159,9,0,700,532,165,3,0,42,48,3,35,0,7,20,1,3,0,4,1,0,0,1
24,IAŞI,"LICEUL TEHNOLOGIC ECONOMIC ”VIRGIL MADGEARU” - CORP B",79,"MUNICIPIUL IAŞI",95060,1,PROV,PRCNCT,S,S_SV,"2021-01-21 12:30:02",1126,1113,11,2,274,261,11,2,1300,1026,269,4,1,62,80,13,48,0,15,34,1,2,1,3,5,0,3,2
24,IAŞI,"LICEUL TEHNOLOGIC ECONOMIC ”VIRGIL MADGEARU” - CORP B",80,"MUNICIPIUL IAŞI",95060,1,PROV,PRCNCT,S,S_SV,"2021-01-21 12:30:02",1110,1098,12,0,304,292,12,0,1500,1196,301,1,2,77,88,9,57,0,13,38,0,3,0,9,5,0,1,1
24,IAŞI,"LICEUL TEHNOLOGIC ECONOMIC ”VIRGIL MADGEARU” - CORP B",81,"MUNICIPIUL IAŞI",95060,1,PROV,PRCNCT,S,S_SV,"2021-01-21 12:30:02",1392,1371,21,0,361,340,21,0,1300,939,355,6,0,105,81,25,65,0,18,38,1,3,3,5,4,3,0,4
24,IAŞI,"LICEUL TEHNOLOGIC ECONOMIC ”VIRGIL MADGEARU” - CORP B",82,"MUNICIPIUL IAŞI",95060,1,PROV,PRCNCT,S,S_SV,"2021-01-21 12:30:02",1212,1188,24,0,374,350,24,0,1302,928,366,8,0,107,85,22,58,1,17,48,0,4,1,10,6,0,4,3
24,IAŞI,"LICEUL TEHNOLOGIC ECONOMIC ”VIRGIL MADGEARU” - CORP B",83,"MUNICIPIUL IAŞI",95060,1,PROV,PRCNCT,S,S_SV,"2021-01-21 12:30:02",1233,1218,15,0,338,323,15,0,1200,862,330,7,1,100,75,25,79,1,7,24,0,4,0,9,4,1,1,0
24,IAŞI,"GRĂDINIŢA CU PROGRAM NORMAL NR. 7",84,"MUNICIPIUL IAŞI",95060,1,PROV,PRCNCT,S,S_SV,"2021-01-21 12:30:02",710,690,20,0,176,156,20,0,800,624,167,8,1,53,43,8,23,1,9,21,0,6,0,2,1,0,0,0
24,IAŞI,"ŞCOALA GIMNAZIALĂ ”ALEXANDRU CEL BUN”",85,"MUNICIPIUL IAŞI",95060,1,PROV,PRCNCT,S,S_SV,"2021-01-21 12:30:02",1120,1087,32,1,294,261,32,1,1200,906,289,5,0,93,65,14,45,0,22,32,1,1,3,6,2,1,2,2
24,IAŞI,"ŞCOALA GIMNAZIALĂ ”ALEXANDRU CEL BUN”",86,"MUNICIPIUL IAŞI",95060,1,PROV,PRCNCT,S,S_SV,"2021-01-21 12:30:02",1186,1170,15,1,442,426,15,1,1400,958,436,6,0,119,133,21,92,0,17,29,1,7,1,8,4,0,2,2
24,IAŞI,"ŞCOALA GIMNAZIALĂ ”ALEXANDRU CEL BUN”",87,"MUNICIPIUL IAŞI",95060,1,PROV,PRCNCT,S,S_SV,"2021-01-21 12:30:02",1328,1316,12,0,438,426,12,0,1500,1062,431,5,2,111,126,16,108,0,18,30,0,8,3,2,8,0,0,1
24,IAŞI,"ŞCOALA GIMNAZIALĂ ”ALEXANDRU CEL BUN”",88,"MUNICIPIUL IAŞI",95060,1,PROV,PRCNCT,S,S_SV,"2021-01-21 12:30:02",1308,1294,14,0,321,307,14,0,1400,1079,318,3,0,96,75,13,58,1,14,35,0,5,0,4,11,0,6,0
24,IAŞI,"LICEUL TEORETIC ”MIRON COSTIN”",89,"MUNICIPIUL IAŞI",95060,1,PROV,PRCNCT,S,S_SV,"2021-01-21 12:30:02",1083,1055,28,0,274,246,28,0,1200,926,269,5,0,81,61,17,51,0,13,31,1,1,1,6,5,1,0,0
24,IAŞI,"LICEUL TEORETIC ”MIRON COSTIN”",90,"MUNICIPIUL IAŞI",95060,1,PROV,PRCNCT,S,S_SV,"2021-01-21 12:30:02",1391,1367,24,0,415,391,24,0,1500,1085,407,7,1,126,103,16,79,2,12,48,0,3,2,6,6,1,2,1
24,IAŞI,"LICEUL TEORETIC ”MIRON COSTIN”",91,"MUNICIPIUL IAŞI",95060,1,PROV,PRCNCT,S,S_SV,"2021-01-21 12:30:02",1234,1217,17,0,455,438,17,0,1300,845,448,5,2,141,115,21,92,0,16,29,1,10,1,11,8,1,1,1
24,IAŞI,"LICEUL TEORETIC ”MIRON COSTIN”",92,"MUNICIPIUL IAŞI",95060,1,PROV,PRCNCT,S,S_SV,"2021-01-21 12:30:02",1406,1395,11,0,355,344,11,0,1500,1145,348,7,0,86,103,22,83,0,11,22,0,6,0,4,5,1,2,3
24,IAŞI,"LICEUL TEORETIC ”MIRON COSTIN”",93,"MUNICIPIUL IAŞI",95060,2,PART,PRCNCT,S,S_SV,"2021-01-21 12:30:02",1475,1464,11,0,430,419,11,0,1600,1170,424,6,0,134,96,20,80,0,23,44,0,11,1,7,4,1,1,2
24,IAŞI,"LICEUL TEHNOLOGIC ECONOMIC DE TURISM - CORP A",94,"MUNICIPIUL IAŞI",95060,1,PROV,PRCNCT,S,S_SV,"2021-01-21 12:30:02",1006,982,23,1,261,237,23,1,1100,839,257,0,4,60,71,17,56,0,5,29,1,3,0,7,5,1,2,0
24,IAŞI,"LICEUL TEHNOLOGIC ECONOMIC DE TURISM - CORP A",95,"MUNICIPIUL IAŞI",95060,1,PROV,PRCNCT,S,S_SV,"2021-01-21 12:30:02",1349,1325,24,0,396,372,24,0,1500,1104,384,9,3,127,73,19,74,2,9,48,1,6,0,7,7,6,5,0
24,IAŞI,"LICEUL TEHNOLOGIC ECONOMIC DE TURISM - CORP A",96,"MUNICIPIUL IAŞI",95060,1,PROV,PRCNCT,S,S_SV,"2021-01-21 12:30:02",1082,1062,20,0,366,346,20,0,1200,834,360,6,0,92,80,27,65,0,20,53,0,8,0,7,4,0,4,0
24,IAŞI,"LICEUL TEHNOLOGIC ECONOMIC DE TURISM - CORP A",97,"MUNICIPIUL IAŞI",95060,1,PROV,PRCNCT,S,S_SV,"2021-01-21 12:30:02",1028,1019,9,0,256,247,9,0,1100,844,251,4,1,63,60,11,56,0,12,25,0,2,2,7,10,0,0,3
24,IAŞI,"ŞCOALA GIMNAZIALĂ ”GEORGE COŞBUC”",98,"MUNICIPIUL IAŞI",95060,1,PROV,PRCNCT,S,S_SV,"2021-01-21 12:30:02",1072,1061,11,0,318,307,11,0,1200,882,313,4,1,76,82,10,78,0,17,35,0,0,2,3,6,1,3,0
24,IAŞI,"ŞCOALA GIMNAZIALĂ ”GEORGE COŞBUC”",99,"MUNICIPIUL IAŞI",95060,1,PROV,PRCNCT,S,S_SV,"2021-01-21 12:30:02",1131,1107,24,0,374,350,24,0,1200,826,366,8,0,134,69,19,53,1,20,44,1,3,0,13,6,0,3,0
24,IAŞI,"ŞCOALA GIMNAZIALĂ ”GEORGE COŞBUC”",100,"MUNICIPIUL IAŞI",95060,1,PROV,PRCNCT,S,S_SV,"2021-01-21 12:30:02",1059,1041,18,0,258,240,18,0,1100,842,256,2,0,71,62,14,53,0,15,30,4,0,0,1,3,1,1,1
24,IAŞI,"ŞCOALA GIMNAZIALĂ ”GEORGE COŞBUC”",101,"MUNICIPIUL IAŞI",95060,1,PROV,PRCNCT,S,S_SV,"2021-01-21 12:30:02",1115,1101,12,2,314,300,12,2,1200,886,305,6,3,99,80,12,44,0,19,28,1,4,4,5,5,0,3,1
24,IAŞI,"ŞCOALA GIMNAZIALĂ ”GEORGE COŞBUC”",102,"MUNICIPIUL IAŞI",95060,1,PROV,PRCNCT,S,S_SV,"2021-01-21 12:30:02",1102,1096,6,0,320,314,6,0,1200,880,314,5,1,76,101,5,59,1,15,36,0,8,1,2,5,0,3,2
24,IAŞI,"ŞCOALA GIMNAZIALĂ ”GEORGE COŞBUC”",103,"MUNICIPIUL IAŞI",95060,1,PROV,PRCNCT,S,S_SV,"2021-01-21 12:30:02",1198,1192,6,0,369,363,6,0,1300,931,365,4,0,66,119,13,86,1,14,49,4,3,2,4,3,0,1,0
24,IAŞI,"ŞCOALA GIMNAZIALĂ ”GEORGE COŞBUC”",104,"MUNICIPIUL IAŞI",95060,1,PROV,PRCNCT,S,S_SV,"2021-01-21 12:30:02",1131,1120,11,0,326,315,11,0,1200,874,322,4,0,72,100,12,77,0,13,33,0,1,1,3,7,1,2,0
24,IAŞI,"ŞCOALA GIMNAZIALĂ ”GEORGE COŞBUC”",105,"MUNICIPIUL IAŞI",95060,1,PROV,PRCNCT,S,S_SV,"2021-01-21 12:30:02",1002,988,11,3,333,319,11,3,1100,767,330,3,0,99,85,16,64,0,14,33,2,5,0,5,3,2,0,2
24,IAŞI,"ŞCOALA GIMNAZIALĂ ”GEORGE COŞBUC”",106,"MUNICIPIUL IAŞI",95060,1,PROV,PRCNCT,S,S_SV,"2021-01-21 12:30:02",999,989,10,0,296,286,10,0,1100,804,292,2,2,80,72,20,46,1,15,35,0,5,0,5,8,1,4,0
24,IAŞI,"ŞCOALA GIMNAZIALĂ ”GEORGE CĂLINESCU”",107,"MUNICIPIUL IAŞI",95060,1,PROV,PRCNCT,S,S_SV,"2021-01-21 12:30:02",1327,1313,14,0,324,310,14,0,1400,1076,318,6,0,76,82,13,73,1,19,30,4,8,1,3,4,1,3,0
24,IAŞI,"ŞCOALA GIMNAZIALĂ ”GEORGE CĂLINESCU”",108,"MUNICIPIUL IAŞI",95060,1,PROV,PRCNCT,S,S_SV,"2021-01-21 12:30:02",1333,1313,20,0,419,399,20,0,1400,981,410,6,3,127,91,22,80,0,20,43,2,4,2,6,3,0,8,2
24,IAŞI,"ŞCOALA GIMNAZIALĂ ”GEORGE CĂLINESCU”",109,"MUNICIPIUL IAŞI",95060,1,PROV,PRCNCT,S,S_SV,"2021-01-21 12:30:02",1438,1410,28,0,424,396,28,0,1600,1176,423,0,1,135,90,23,87,1,17,38,0,6,4,5,12,1,1,3
24,IAŞI,"ŞCOALA GIMNAZIALĂ ”GEORGE CĂLINESCU”",110,"MUNICIPIUL IAŞI",95060,1,PROV,PRCNCT,S,S_SV,"2021-01-21 12:30:02",1292,1279,13,0,419,406,13,0,1400,981,412,5,2,136,92,20,83,1,16,37,2,3,2,11,6,0,1,2
24,IAŞI,"ŞCOALA GIMNAZIALĂ ”GEORGE CĂLINESCU”",111,"MUNICIPIUL IAŞI",95060,1,PROV,PRCNCT,S,S_SV,"2021-01-21 12:30:02",1347,1336,9,2,460,449,9,2,1500,1040,454,6,0,133,124,18,91,0,23,38,3,7,1,6,4,2,3,1
24,IAŞI,"ŞCOALA GIMNAZIALĂ ”GEORGE CĂLINESCU”",112,"MUNICIPIUL IAŞI",95060,1,PROV,PRCNCT,S,S_SV,"2021-01-21 12:30:02",1429,1413,14,2,403,387,14,2,1600,1197,398,5,0,116,87,20,85,1,23,38,1,6,2,8,3,0,5,3
24,IAŞI,"ŞCOALA GIMNAZIALĂ ”GEORGE CĂLINESCU”",113,"MUNICIPIUL IAŞI",95060,1,PROV,PRCNCT,S,S_SV,"2021-01-21 12:30:02",2087,2072,15,0,361,346,15,0,2000,1639,356,5,0,111,83,13,78,3,18,29,0,5,2,6,5,0,3,0
24,IAŞI,"ŞCOALA GIMNAZIALĂ ”GEORGE CĂLINESCU”",114,"MUNICIPIUL IAŞI",95060,1,PROV,PRCNCT,S,S_SV,"2021-01-21 12:30:02",1321,1307,12,2,369,355,12,2,1400,1031,366,2,1,129,79,15,57,1,18,46,1,3,1,10,4,0,1,1
24,IAŞI,"ŞCOALA GIMNAZIALĂ ”GEORGE CĂLINESCU”",115,"MUNICIPIUL IAŞI",95060,1,PROV,PRCNCT,S,S_SV,"2021-01-21 12:30:02",1349,1323,26,0,439,413,26,0,1500,1061,437,2,0,144,101,23,83,0,18,45,1,2,2,10,6,2,0,0
24,IAŞI,"PT MIRCEA CEL BĂTRÂN",116,"MUNICIPIUL IAŞI",95060,1,PROV,PRCNCT,S,S_SV,"2021-01-21 12:30:02",1495,1483,12,0,269,257,12,0,1600,1331,263,6,0,53,51,14,44,2,20,49,0,3,2,10,6,2,5,2
24,IAŞI,"PT MIRCEA CEL BĂTRÂN",117,"MUNICIPIUL IAŞI",95060,1,PROV,PRCNCT,S,S_SV,"2021-01-21 12:30:02",1250,1236,14,0,271,257,14,0,1400,1129,265,6,0,65,62,10,55,0,18,31,0,8,2,3,6,0,4,1
24,IAŞI,"ŞCOALA GIMNAZIALĂ ”CARMEN SYLVA”",118,"MUNICIPIUL IAŞI",95060,1,PROV,PRCNCT,S,S_SV,"2021-01-21 12:30:02",1326,1305,21,0,442,421,21,0,1400,958,436,6,0,113,119,18,107,0,16,31,3,6,2,6,10,2,0,3
24,IAŞI,"ŞCOALA GIMNAZIALĂ ”CARMEN SYLVA”",119,"MUNICIPIUL IAŞI",95060,1,PROV,PRCNCT,S,S_SV,"2021-01-21 12:30:02",1070,1018,37,15,406,354,37,15,1100,694,393,13,0,117,74,24,111,0,16,21,2,9,0,8,6,2,2,1
24,IAŞI,"ŞCOALA GIMNAZIALĂ ”CALISTRAT HOGAŞ”",120,"MUNICIPIUL IAŞI",95060,1,PROV,PRCNCT,S,S_SV,"2021-01-21 12:30:02",991,986,5,0,249,244,5,0,1100,844,242,6,1,62,68,6,58,1,7,32,0,2,0,1,2,0,2,1
24,IAŞI,"ŞCOALA GIMNAZIALĂ ”CALISTRAT HOGAŞ”",121,"MUNICIPIUL IAŞI",95060,1,PROV,PRCNCT,S,S_SV,"2021-01-21 12:30:02",903,887,16,0,130,114,16,0,1000,870,124,4,2,26,23,10,24,1,11,19,0,4,1,2,2,0,1,0
24,IAŞI,"ŞCOALA GIMNAZIALĂ ”CALISTRAT HOGAŞ”",122,"MUNICIPIUL IAŞI",95060,1,PROV,PRCNCT,S,S_SV,"2021-01-21 12:30:02",1146,1135,11,0,218,207,11,0,1300,1082,212,6,0,47,38,12,61,0,8,35,1,1,1,5,1,0,1,1
24,IAŞI,"ŞCOALA GIMNAZIALĂ ”CALISTRAT HOGAŞ”",123,"MUNICIPIUL IAŞI",95060,1,PROV,PRCNCT,S,S_SV,"2021-01-21 12:30:02",982,970,12,0,344,332,12,0,1100,756,339,4,1,138,61,18,75,0,13,13,3,4,1,6,4,0,3,0
24,IAŞI,"ŞCOALA GIMNAZIALĂ ”CALISTRAT HOGAŞ”",124,"MUNICIPIUL IAŞI",95060,1,PROV,PRCNCT,S,S_SV,"2021-01-21 12:30:02",1253,1234,19,0,47,28,19,0,1300,1253,46,0,1,17,11,2,7,0,4,5,0,0,0,0,0,0,0,0
24,IAŞI,"ŞCOALA GIMNAZIALĂ ”CALISTRAT HOGAŞ”",125,"MUNICIPIUL IAŞI",95060,1,PROV,PRCNCT,S,S_SV,"2021-01-21 12:30:02",788,776,11,1,253,241,11,1,900,647,249,4,0,135,21,11,46,0,11,11,1,0,1,6,5,0,1,0
24,IAŞI,"ŞCOALA PRIMARĂ ”COSTACHE NEGRI”",126,"MUNICIPIUL IAŞI",95060,1,PROV,PRCNCT,S,S_SV,"2021-01-21 12:30:02",1494,1449,23,22,468,423,23,22,1600,1132,460,7,1,144,107,19,109,1,22,28,0,7,3,8,9,0,2,1
24,IAŞI,"ŞCOALA PRIMARĂ ”COSTACHE NEGRI”",127,"MUNICIPIUL IAŞI",95060,1,PROV,PRCNCT,S,S_SV,"2021-01-21 12:30:02",1670,1652,18,0,347,329,18,0,1800,1453,346,1,0,114,78,17,79,0,18,27,2,5,0,3,2,1,0,0
24,IAŞI,"ŞCOALA GIMNAZIALĂ ”BOGDAN PETRICEICU HAŞDEU”",128,"MUNICIPIUL IAŞI",95060,1,PROV,PRCNCT,S,S_SV,"2021-01-21 12:30:02",1437,1370,53,14,468,401,53,14,1500,1032,454,14,0,145,81,32,111,0,14,39,1,6,1,12,7,0,1,4
24,IAŞI,"ŞCOALA GIMNAZIALĂ ”BOGDAN PETRICEICU HAŞDEU”",129,"MUNICIPIUL IAŞI",95060,1,PROV,PRCNCT,S,S_SV,"2021-01-21 12:30:02",1267,1245,21,1,150,128,21,1,1400,1250,150,0,0,57,31,9,36,0,3,9,1,1,1,1,1,0,0,0
24,IAŞI,"ŞCOALA GIMNAZIALĂ ”BOGDAN PETRICEICU HAŞDEU”",130,"MUNICIPIUL IAŞI",95060,1,PROV,PRCNCT,S,S_SV,"2021-01-21 12:30:02",1322,1303,16,3,343,324,16,3,1400,1057,336,7,0,86,71,21,83,1,20,34,3,2,1,5,3,0,4,2
24,IAŞI,"ŞCOALA GIMNAZIALĂ ”BOGDAN PETRICEICU HAŞDEU”",131,"MUNICIPIUL IAŞI",95060,1,PROV,PRCNCT,S,S_SV,"2021-01-21 12:30:02",1330,1299,30,1,416,385,30,1,1400,984,410,0,6,193,50,16,93,0,15,28,1,0,2,5,3,0,1,3
24,IAŞI,"LICEUL TEORETIC ”ALEXANDRU IOAN CUZA”",132,"MUNICIPIUL IAŞI",95060,1,PROV,PRCNCT,S,S_SV,"2021-01-21 12:30:02",1450,1439,9,2,197,186,9,2,1600,1403,189,7,1,52,39,12,46,0,10,17,0,0,1,6,4,0,2,0
24,IAŞI,"LICEUL TEORETIC ”ALEXANDRU IOAN CUZA”",133,"MUNICIPIUL IAŞI",95060,1,PROV,PRCNCT,S,S_SV,"2021-01-21 12:30:02",1461,1445,13,3,222,206,13,3,1600,1378,220,2,0,75,47,6,51,0,9,14,1,2,1,7,6,0,1,0
24,IAŞI,"LICEUL TEORETIC ”ALEXANDRU IOAN CUZA”",134,"MUNICIPIUL IAŞI",95060,1,PROV,PRCNCT,S,S_SV,"2021-01-21 12:30:02",1470,1456,14,0,375,361,14,0,1600,1218,368,6,1,110,96,18,74,0,17,36,1,2,0,4,3,2,3,2
24,IAŞI,"LICEUL TEORETIC ”ALEXANDRU IOAN CUZA”",135,"MUNICIPIUL IAŞI",95060,1,PROV,PRCNCT,S,S_SV,"2021-01-21 12:30:02",1484,1462,21,1,202,180,21,1,1600,1398,198,3,1,60,35,17,55,0,10,12,0,5,0,2,1,0,1,0
24,IAŞI,"LICEUL TEORETIC ”ALEXANDRU IOAN CUZA”",136,"MUNICIPIUL IAŞI",95060,1,PROV,PRCNCT,S,S_SV,"2021-01-21 12:30:02",1577,1564,13,0,150,137,13,0,1700,1550,145,2,3,40,45,8,34,1,3,8,0,3,1,0,2,0,0,0
24,IAŞI,"LICEUL TEORETIC ”ALEXANDRU IOAN CUZA”",137,"MUNICIPIUL IAŞI",95060,1,PROV,PRCNCT,S,S_SV,"2021-01-21 12:30:02",1502,1491,11,0,177,166,11,0,1600,1423,177,0,0,63,50,6,40,0,8,2,1,3,1,1,2,0,0,0
24,IAŞI,"LICEUL TEORETIC ”ALEXANDRU IOAN CUZA”",138,"MUNICIPIUL IAŞI",95060,2,PART,PRCNCT,S,S_SV,"2021-01-21 12:30:02",1562,1549,11,2,191,178,11,2,1700,1509,189,2,0,52,51,13,34,1,6,20,0,3,0,4,4,0,0,1
24,IAŞI,"ŞCOALA PRIMARA ”COSTACHE CONACHI”",139,"MUNICIPIUL IAŞI",95060,1,PROV,PRCNCT,S,S_SV,"2021-01-21 12:30:02",1298,1234,64,0,395,331,64,0,1400,1005,393,2,0,138,71,25,94,0,18,30,0,5,2,6,2,0,1,1
24,IAŞI,"ŞCOALA PRIMARA ”COSTACHE CONACHI”",140,"MUNICIPIUL IAŞI",95060,1,PROV,PRCNCT,S,S_SV,"2021-01-21 12:30:02",1720,1698,21,1,520,498,21,1,1900,1380,511,7,2,186,70,30,109,2,19,59,0,2,2,8,14,3,2,5
24,IAŞI,"ŞCOALA PRIMARA ”COSTACHE CONACHI”",141,"MUNICIPIUL IAŞI",95060,1,PROV,PRCNCT,S,S_SV,"2021-01-21 12:30:02",1432,1408,24,0,374,350,24,0,1500,1126,368,5,1,112,79,23,84,0,14,37,1,1,0,5,5,0,4,3
24,IAŞI,"ŞCOALA PRIMARA ”COSTACHE CONACHI”",142,"MUNICIPIUL IAŞI",95060,1,PROV,PRCNCT,S,S_SV,"2021-01-21 12:30:02",1355,1334,19,2,345,324,19,2,1500,1155,333,10,1,95,80,14,81,0,14,28,0,4,4,4,4,0,5,0
24,IAŞI,"ŞCOALA PRIMARA ”COSTACHE CONACHI”",143,"MUNICIPIUL IAŞI",95060,1,PROV,PRCNCT,S,S_SV,"2021-01-21 12:30:02",1450,1437,13,0,291,278,13,0,1600,1309,278,8,5,100,53,4,57,0,11,28,0,2,1,6,8,0,6,2
24,IAŞI,"DIRECTIA JUDETEANA PENTRU SPORT SI TINERET - COMPLEX SPORTIV GRADINARI",144,"MUNICIPIUL IAŞI",95060,1,PROV,PRCNCT,S,S_SV,"2021-01-21 12:30:02",1282,1239,43,0,368,325,43,0,1300,932,364,2,2,131,73,16,79,0,14,31,1,7,1,7,1,1,2,0
24,IAŞI,"DIRECTIA JUDETEANA PENTRU SPORT SI TINERET - COMPLEX SPORTIV GRADINARI",145,"MUNICIPIUL IAŞI",95060,1,PROV,PRCNCT,S,S_SV,"2021-01-21 12:30:02",1355,1318,34,3,406,369,34,3,1400,994,402,2,2,138,82,7,92,0,25,47,0,1,1,3,3,0,2,1
24,IAŞI,"DIRECTIA JUDETEANA PENTRU SPORT SI TINERET - COMPLEX SPORTIV GRADINARI",146,"MUNICIPIUL IAŞI",95060,1,PROV,PRCNCT,S,S_SV,"2021-01-21 12:30:02",1822,1771,51,0,440,389,51,0,2000,1560,437,3,0,187,72,16,95,1,24,24,0,0,3,2,5,2,1,5
24,IAŞI,"DIRECTIA JUDETEANA PENTRU SPORT SI TINERET - COMPLEX SPORTIV GRADINARI",147,"MUNICIPIUL IAŞI",95060,1,PROV,PRCNCT,S,S_SV,"2021-01-21 12:30:02",1490,1418,69,3,522,450,69,3,1600,1078,512,10,0,159,106,23,107,0,28,61,0,5,1,7,11,1,2,1
24,IAŞI,"DIRECTIA JUDETEANA PENTRU SPORT SI TINERET - COMPLEX SPORTIV GRADINARI",148,"MUNICIPIUL IAŞI",95060,1,PROV,PRCNCT,S,S_SV,"2021-01-21 12:30:02",1460,1401,57,2,431,372,57,2,1500,1069,428,3,0,131,94,23,84,1,21,34,3,15,2,13,3,0,3,1
24,IAŞI,"DIRECTIA JUDETEANA PENTRU SPORT SI TINERET - COMPLEX SPORTIV GRADINARI",149,"MUNICIPIUL IAŞI",95060,1,PROV,PRCNCT,S,S_SV,"2021-01-21 12:30:02",1421,1388,29,4,375,342,29,4,1500,1125,370,2,3,98,72,29,78,1,21,46,0,4,2,7,8,2,2,0
24,IAŞI,"ŞCOALA GIMNAZIALĂ ”IONEL TEODOREANU”",150,"MUNICIPIUL IAŞI",95060,1,PROV,PRCNCT,S,S_SV,"2021-01-21 12:30:02",1530,1506,23,1,374,350,23,1,1700,1326,369,4,1,90,80,25,98,0,14,37,0,4,1,13,5,1,1,0
24,IAŞI,"ŞCOALA GIMNAZIALĂ ”IONEL TEODOREANU”",151,"MUNICIPIUL IAŞI",95060,1,PROV,PRCNCT,S,S_SV,"2021-01-21 12:30:02",1472,1443,27,2,431,402,27,2,1600,1169,420,10,1,114,97,21,102,1,23,33,0,6,1,9,5,1,7,0
24,IAŞI,"ŞCOALA GIMNAZIALĂ ”IONEL TEODOREANU”",152,"MUNICIPIUL IAŞI",95060,1,PROV,PRCNCT,S,S_SV,"2021-01-21 12:30:02",1334,1294,40,0,349,309,40,0,1400,1051,342,2,5,118,76,15,65,0,13,34,0,2,1,6,3,0,7,2
24,IAŞI,"ŞCOALA GIMNAZIALĂ ”IONEL TEODOREANU”",153,"MUNICIPIUL IAŞI",95060,1,PROV,PRCNCT,S,S_SV,"2021-01-21 12:30:02",1625,1606,19,0,407,388,19,0,1800,1393,399,8,0,103,82,12,105,0,14,61,1,3,2,5,6,0,4,1
24,IAŞI,"ŞCOALA GIMNAZIALĂ ”IONEL TEODOREANU”",154,"MUNICIPIUL IAŞI",95060,1,PROV,PRCNCT,S,S_SV,"2021-01-21 12:30:02",1890,1861,29,0,213,184,29,0,2000,1787,211,1,1,62,41,8,50,0,16,19,1,1,0,8,3,1,0,1
24,IAŞI,"ŞCOALA GIMNAZIALĂ ”GHEORGHE I. BRĂTIANU”",155,"MUNICIPIUL IAŞI",95060,1,PROV,PRCNCT,S,S_SV,"2021-01-21 12:30:02",1765,1743,16,6,452,430,16,6,1900,1448,446,5,1,126,89,16,109,1,27,44,8,5,0,8,4,2,2,5
24,IAŞI,"ŞCOALA GIMNAZIALĂ ”GHEORGHE I. BRĂTIANU”",156,"MUNICIPIUL IAŞI",95060,1,PROV,PRCNCT,S,S_SV,"2021-01-21 12:30:02",1821,1803,17,1,373,355,17,1,2000,1627,365,8,0,102,79,20,93,0,17,35,1,2,1,5,4,2,2,2
24,IAŞI,"ŞCOALA GIMNAZIALĂ ”GHEORGHE I. BRĂTIANU”",157,"MUNICIPIUL IAŞI",95060,1,PROV,PRCNCT,S,S_SV,"2021-01-21 12:30:02",1793,1776,17,0,26,9,17,0,2000,1974,26,0,0,12,3,3,4,0,2,1,0,0,0,0,1,0,0,0
24,IAŞI,"ŞCOALA GIMNAZIALĂ ”GHEORGHE I. BRĂTIANU”",158,"MUNICIPIUL IAŞI",95060,1,PROV,PRCNCT,S,S_SV,"2021-01-21 12:30:02",1742,1723,19,0,281,262,19,0,1900,1619,278,2,1,119,47,14,55,0,19,11,0,4,1,3,1,1,3,0
24,IAŞI,"ŞCOALA GIMNAZIALĂ ”GHEORGHE I. BRĂTIANU”",159,"MUNICIPIUL IAŞI",95060,2,PART,PRCNCT,S,S_SV,"2021-01-21 12:30:02",1779,1762,17,0,224,207,17,0,1900,1676,223,1,0,114,28,8,40,1,5,11,1,3,1,3,3,1,1,3
24,IAŞI,"ŞCOALA GIMNAZIALĂ ”GHEORGHE I. BRĂTIANU”",160,"MUNICIPIUL IAŞI",95060,1,PROV,PRCNCT,S,S_SV,"2021-01-21 12:30:02",1774,1748,25,1,409,383,25,1,1900,1491,397,11,1,139,72,30,71,0,22,34,3,2,1,8,9,1,3,2
24,IAŞI,"ŞCOALA GIMNAZIALĂ ”GHEORGHE I. BRĂTIANU”",161,"MUNICIPIUL IAŞI",95060,1,PROV,PRCNCT,S,S_SV,"2021-01-21 12:30:02",1833,1826,7,0,333,326,7,0,2100,1767,321,11,1,119,64,18,70,0,14,19,0,4,0,4,3,0,3,3
24,IAŞI,"UNIVERSITATEA TEHNICĂ ”GHEORGHE ASACHI”",162,"MUNICIPIUL IAŞI",95060,1,PROV,PRCNCT,S,S_SV,"2021-01-21 12:30:02",1930,1470,460,0,737,277,460,0,1599,862,729,8,0,358,69,25,126,2,39,76,1,7,1,11,9,0,2,3
24,IAŞI,"UNIVERSITATEA TEHNICĂ ”GHEORGHE ASACHI”",163,"MUNICIPIUL IAŞI",95060,1,PROV,PRCNCT,S,S_SV,"2021-01-21 12:30:02",984,966,16,2,320,302,16,2,1100,780,317,3,0,117,78,15,70,1,16,7,3,1,1,5,1,0,0,2
24,IAŞI,"UNIVERSITATEA TEHNICĂ ”GHEORGHE ASACHI”",164,"MUNICIPIUL IAŞI",95060,1,PROV,PRCNCT,S,S_SV,"2021-01-21 12:30:02",1022,989,33,0,364,331,33,0,1100,736,356,7,1,126,81,24,74,0,7,29,0,2,2,5,0,1,4,1
24,IAŞI,"UNIVERSITATEA TEHNICĂ ”GHEORGHE ASACHI”",165,"MUNICIPIUL IAŞI",95060,1,PROV,PRCNCT,S,S_SV,"2021-01-21 12:30:02",1174,1157,17,0,451,434,17,0,1300,849,444,4,3,134,93,18,124,3,21,23,1,5,2,10,8,0,0,2
24,IAŞI,"ŞCOALA GIMNAZIALĂ ”ION GHICA”",166,"MUNICIPIUL IAŞI",95060,1,PROV,PRCNCT,S,S_SV,"2021-01-21 12:30:02",1487,1453,34,0,414,380,34,0,1600,1186,403,11,0,115,101,16,89,0,16,41,1,3,5,12,2,0,1,1
24,IAŞI,"ŞCOALA GIMNAZIALĂ ”ION GHICA”",167,"MUNICIPIUL IAŞI",95060,1,PROV,PRCNCT,S,S_SV,"2021-01-21 12:30:02",590,571,19,0,191,172,19,0,600,409,187,4,0,55,50,9,40,0,12,10,0,3,1,1,2,1,2,1
24,IAŞI,"ŞCOALA GIMNAZIALĂ ”ION GHICA”",168,"MUNICIPIUL IAŞI",95060,1,PROV,PRCNCT,S,S_SV,"2021-01-21 12:30:02",589,575,10,4,181,167,10,4,601,419,180,1,0,50,32,10,54,1,4,16,3,1,1,3,4,0,1,0
24,IAŞI,"LICEUL TEHNOLOGIC DE MECATRONICA SI AUTOMATIZARI",169,"MUNICIPIUL IAŞI",95060,1,PROV,PRCNCT,S,S_SV,"2021-01-21 12:30:02",1736,1714,22,0,171,149,22,0,1900,1729,169,1,1,52,33,5,42,0,11,21,0,0,1,1,2,0,1,0
24,IAŞI,"LICEUL TEHNOLOGIC DE MECATRONICA SI AUTOMATIZARI",170,"MUNICIPIUL IAŞI",95060,1,PROV,PRCNCT,S,S_SV,"2021-01-21 12:30:02",1684,1668,16,0,46,30,16,0,1800,1754,45,1,0,12,11,2,7,0,0,8,0,0,0,1,2,0,1,1
24,IAŞI,"LICEUL TEHNOLOGIC DE MECATRONICA SI AUTOMATIZARI",171,"MUNICIPIUL IAŞI",95060,1,PROV,PRCNCT,S,S_SV,"2021-01-21 12:30:02",1599,1587,12,0,239,227,12,0,1700,1461,232,6,1,64,69,6,42,0,13,27,0,1,0,2,5,0,1,2
24,IAŞI,"LICEUL TEHNOLOGIC DE MECATRONICA SI AUTOMATIZARI",172,"MUNICIPIUL IAŞI",95060,1,PROV,PRCNCT,S,S_SV,"2021-01-21 12:30:02",1346,1331,15,0,364,349,15,0,1500,1136,357,6,1,80,95,17,76,0,19,43,1,4,2,4,8,0,4,4
24,IAŞI,"COLEGIUL TEHNIC ”IOAN C.ŞTEFĂNESCU”",173,"MUNICIPIUL IAŞI",95060,1,PROV,PRCNCT,S,S_SV,"2021-01-21 12:30:02",1491,1472,15,4,262,243,15,4,1600,1338,257,5,0,75,43,11,66,0,13,27,0,2,0,5,7,1,5,2
24,IAŞI,"COLEGIUL TEHNIC ”IOAN C.ŞTEFĂNESCU”",174,"MUNICIPIUL IAŞI",95060,1,PROV,PRCNCT,S,S_SV,"2021-01-21 12:30:02",1883,1858,25,0,152,127,25,0,2000,1848,150,2,0,31,39,6,25,1,8,35,0,0,0,0,2,0,3,0
24,IAŞI,"COLEGIUL TEHNIC ”IOAN C.ŞTEFĂNESCU”",175,"MUNICIPIUL IAŞI",95060,2,PART,PRCNCT,S,S_SV,"2021-01-21 12:30:02",1053,1023,30,0,197,167,30,0,1100,903,194,2,1,57,33,10,37,2,14,30,2,2,2,2,2,0,1,0
24,IAŞI,"LICEUL TEHNOLOGIC ”PETRU PONI”",176,"MUNICIPIUL IAŞI",95060,1,PROV,PRCNCT,S,S_SV,"2021-01-21 12:30:02",993,963,30,0,297,267,30,0,1100,803,288,7,2,82,81,13,48,1,11,42,1,3,1,3,2,0,0,0
24,IAŞI,"LICEUL TEHNOLOGIC ”PETRU PONI”",177,"MUNICIPIUL IAŞI",95060,1,PROV,PRCNCT,S,S_SV,"2021-01-21 12:30:02",957,936,21,0,248,227,21,0,1000,752,245,1,2,50,69,8,52,1,8,30,0,2,2,8,8,2,2,3
24,IAŞI,"LICEUL TEHNOLOGIC ”PETRU PONI”",178,"MUNICIPIUL IAŞI",95060,1,PROV,PRCNCT,S,S_SV,"2021-01-21 12:30:02",791,782,9,0,198,189,9,0,900,702,197,1,0,68,39,9,36,0,9,28,1,0,2,0,3,0,1,1
24,IAŞI,"LICEUL TEHNOLOGIC ”PETRU PONI”",179,"MUNICIPIUL IAŞI",95060,1,PROV,PRCNCT,S,S_SV,"2021-01-21 12:30:02",898,886,12,0,233,221,12,0,1000,767,226,5,2,58,46,15,45,0,8,32,3,2,0,6,6,1,3,1
24,IAŞI,"COLEGIUL TEHNIC ELECTRONICĂ ŞI TELECOMUNICAŢII ”GHEORGHE MÂRZESCU”",180,"MUNICIPIUL IAŞI",95060,1,PROV,PRCNCT,S,S_SV,"2021-01-21 12:30:02",1390,1363,22,5,370,343,22,5,1496,1126,363,5,2,98,85,17,66,0,15,56,0,3,3,10,5,1,0,4
24,IAŞI,"COLEGIUL TEHNIC ELECTRONICĂ ŞI TELECOMUNICAŢII ”GHEORGHE MÂRZESCU”",181,"MUNICIPIUL IAŞI",95060,1,PROV,PRCNCT,S,S_SV,"2021-01-21 12:30:02",1422,1386,36,0,243,207,36,0,1500,1257,234,7,2,54,37,10,49,3,9,53,0,2,2,4,4,1,2,4
24,IAŞI,"GRĂDINIŢA CU PROGRAM NORMAL NR. 26",182,"MUNICIPIUL IAŞI",95060,3,PART,PRCNCT,S,S_SV,"2021-01-21 12:30:02",1872,1854,18,0,185,167,18,0,2000,1815,184,1,0,75,28,8,39,0,6,14,4,3,0,4,2,0,1,0
24,IAŞI,"GRĂDINIŢA CU PROGRAM PRELUNGIT NR. 1 ”CENTENAR”-CORP B ”SFÂNTA MARIA”",183,"MUNICIPIUL IAŞI",95060,1,PROV,PRCNCT,S,S_SV,"2021-01-21 12:30:02",1736,1712,24,0,539,515,24,0,1900,1361,532,5,2,195,73,22,119,0,36,54,1,8,1,12,4,2,2,3
24,IAŞI,"GRĂDINIŢA CU PROGRAM PRELUNGIT NR. 1 ”CENTENAR”-CORP B ”SFÂNTA MARIA”",184,"MUNICIPIUL IAŞI",95060,1,PROV,PRCNCT,S,S_SV,"2021-01-21 12:30:02",1627,1602,25,0,478,453,25,0,1800,1322,473,4,1,162,60,15,114,0,48,50,0,4,0,12,2,0,4,2
24,IAŞI,"ŞCOALA GIMNAZIALĂ ”NICOLAE IORGA”",185,"MUNICIPIUL IAŞI",95060,1,PROV,PRCNCT,S,S_SV,"2021-01-21 12:30:02",1816,1782,34,0,304,270,34,0,2000,1696,303,1,0,108,59,12,64,0,10,30,0,2,2,8,6,1,1,0
24,IAŞI,"ŞCOALA GIMNAZIALĂ ”NICOLAE IORGA”",186,"MUNICIPIUL IAŞI",95060,2,PART,PRCNCT,S,S_SV,"2021-01-21 12:30:02",1752,1724,19,9,341,313,19,9,1900,1559,333,8,0,124,54,14,74,1,15,30,0,2,2,5,9,1,0,2
24,IAŞI,"ŞCOALA GIMNAZIALĂ ”NICOLAE IORGA”",187,"MUNICIPIUL IAŞI",95060,1,PROV,PRCNCT,S,S_SV,"2021-01-21 12:30:02",1620,1604,15,1,289,273,15,1,1800,1511,286,2,1,111,45,8,69,1,10,33,0,2,1,1,2,0,3,0
24,IAŞI,"ŞCOALA GIMNAZIALĂ ”NICOLAE IORGA”",188,"MUNICIPIUL IAŞI",95060,1,PROV,PRCNCT,S,S_SV,"2021-01-21 12:30:02",1811,1788,21,2,314,291,21,2,2000,1686,312,2,0,120,41,31,78,1,10,14,0,2,1,6,5,1,2,0
24,IAŞI,"ŞCOALA GIMNAZIALĂ ”NICOLAE IORGA”",189,"MUNICIPIUL IAŞI",95060,1,PROV,PRCNCT,S,S_SV,"2021-01-21 12:30:02",1550,1537,13,0,323,310,13,0,1700,1377,319,3,1,134,67,12,52,1,16,22,0,5,0,3,5,0,0,2
24,IAŞI,"ŞCOALA GIMNAZIALĂ ”NICOLAE IORGA”",190,"MUNICIPIUL IAŞI",95060,1,PROV,PRCNCT,S,S_SV,"2021-01-21 12:30:02",1614,1596,13,5,305,287,13,5,1700,1395,299,4,2,128,53,16,46,0,12,30,0,1,0,6,5,0,1,1
24,IAŞI,"ŞCOALA GIMNAZIALĂ ”NICOLAE IORGA”",191,"MUNICIPIUL IAŞI",95060,1,PROV,PRCNCT,S,S_SV,"2021-01-21 12:30:02",1669,1659,10,0,258,248,10,0,1800,1542,255,2,1,94,44,16,58,0,15,13,0,5,0,3,4,0,3,0
24,IAŞI,"ŞCOALA GIMNAZIALĂ ”NICOLAE IORGA”",192,"MUNICIPIUL IAŞI",95060,1,PROV,PRCNCT,S,S_SV,"2021-01-21 12:30:02",1667,1654,13,0,320,307,13,0,1800,1480,318,2,0,117,59,12,80,1,10,25,1,2,1,6,3,0,0,1
24,IAŞI,"ŞCOALA GIMNAZIALĂ ”VERONICA MICLE”",193,"MUNICIPIUL IAŞI",95060,2,PART,PRCNCT,S,S_SV,"2021-01-21 12:30:02",1950,1907,38,5,756,713,38,5,2100,1344,743,9,4,362,92,37,152,2,21,48,3,6,0,8,6,1,1,4
24,IAŞI,"ŞCOALA GIMNAZIALĂ ”VERONICA MICLE”",194,"MUNICIPIUL IAŞI",95060,1,PROV,PRCNCT,S,S_SV,"2021-01-21 12:30:02",1616,1590,15,11,618,592,15,11,1700,1082,607,11,0,215,92,34,142,2,35,63,0,7,0,7,2,2,5,1
24,IAŞI,"ŞCOALA GIMNAZIALĂ ”VERONICA MICLE”",195,"MUNICIPIUL IAŞI",95060,1,PROV,PRCNCT,S,S_SV,"2021-01-21 12:30:02",1764,1724,20,20,596,556,20,20,1900,1304,593,2,1,240,82,34,141,0,16,54,1,7,0,10,5,0,2,1
24,IAŞI,"ŞCOALA GIMNAZIALĂ ”VERONICA MICLE”",196,"MUNICIPIUL IAŞI",95060,1,PROV,PRCNCT,S,S_SV,"2021-01-21 12:30:02",1698,1643,19,36,640,585,19,36,1800,1160,631,7,2,219,94,48,166,1,26,40,2,10,3,8,6,0,4,4
24,IAŞI,"CENTRUL DE CARTIER FRUMOASA",197,"MUNICIPIUL IAŞI",95060,1,PROV,PRCNCT,S,S_SV,"2021-01-21 12:30:02",1274,1243,31,0,461,430,31,0,1400,939,451,8,2,184,57,25,101,2,16,37,3,5,1,6,7,0,3,4
24,IAŞI,"ŞCOALA GIMNAZIALĂ ”DIMITRIE A. STURDZA”",198,"MUNICIPIUL IAŞI",95060,1,PROV,PRCNCT,S,S_SV,"2021-01-21 12:30:02",973,956,17,0,259,242,17,0,1100,841,257,2,0,89,45,11,50,1,13,36,0,0,1,7,1,1,1,1
24,IAŞI,"ŞCOALA GIMNAZIALĂ ”DIMITRIE A. STURDZA”",199,"MUNICIPIUL IAŞI",95060,1,PROV,PRCNCT,S,S_SV,"2021-01-21 12:30:02",912,902,10,0,251,241,10,0,1000,749,249,2,0,70,47,14,48,0,12,45,0,3,0,4,3,0,3,0
24,IAŞI,"ŞCOALA GIMNAZIALĂ ”DIMITRIE A. STURDZA”",200,"MUNICIPIUL IAŞI",95060,1,PROV,PRCNCT,S,S_SV,"2021-01-21 12:30:02",746,736,10,0,109,99,10,0,800,691,108,1,0,19,13,7,29,0,3,28,0,1,0,2,1,0,3,2
24,IAŞI,"ŞCOALA GIMNAZIALĂ ”DIMITRIE A. STURDZA”",201,"MUNICIPIUL IAŞI",95060,1,PROV,PRCNCT,S,S_SV,"2021-01-21 12:30:02",1356,1341,15,0,268,253,15,0,1500,1232,263,2,3,96,31,13,57,1,7,39,1,5,1,6,4,0,2,0
24,IAŞI,"ŞCOALA GIMNAZIALĂ ”DIMITRIE A. STURDZA”",202,"MUNICIPIUL IAŞI",95060,1,PROV,PRCNCT,S,S_SV,"2021-01-21 12:30:02",1121,1092,26,3,216,187,26,3,1200,984,211,5,0,71,35,12,32,0,10,35,0,6,1,4,2,0,2,1
24,IAŞI,"ŞCOALA GIMNAZIALĂ ”DIMITRIE A.STURDZA”",203,"MUNICIPIUL IAŞI",95060,1,PROV,PRCNCT,S,S_SV,"2021-01-21 12:30:02",875,860,15,0,297,282,15,0,1000,703,293,4,0,93,54,14,67,0,9,38,3,1,2,4,3,1,3,1
24,IAŞI,"ŞCOALA GIMNAZIALĂ ”DIMITRIE A.STURDZA”",204,"MUNICIPIUL IAŞI",95060,1,PROV,PRCNCT,S,S_SV,"2021-01-21 12:30:02",1151,1136,15,0,313,298,15,0,1300,987,310,3,0,92,57,13,54,1,12,62,0,3,1,5,5,2,2,1
24,IAŞI,"ŞCOALA GIMNAZIALĂ ”DIMITRIE A.STURDZA”",205,"MUNICIPIUL IAŞI",95060,2,PART,PRCNCT,S,S_SV,"2021-01-21 12:30:02",1259,1247,8,4,373,361,8,4,1400,1027,366,5,2,110,80,22,80,1,10,34,2,6,2,10,4,1,3,1
24,IAŞI,"ŞCOALA GIMNAZIALĂ ”DIMITRIE A.STURDZA”",206,"MUNICIPIUL IAŞI",95060,1,PROV,PRCNCT,S,S_SV,"2021-01-21 12:30:02",1456,1438,18,0,471,453,18,0,1600,1129,458,9,4,140,81,30,87,0,23,67,1,4,3,9,9,2,1,1
24,IAŞI,"ŞCOALA GIMNAZIALĂ ”ALECU RUSSO”",207,"MUNICIPIUL IAŞI",95060,1,PROV,PRCNCT,S,S_SV,"2021-01-21 12:30:02",1136,1119,17,0,352,335,17,0,1200,848,348,4,0,114,71,15,84,0,6,32,3,9,1,5,5,0,2,1
24,IAŞI,"ŞCOALA GIMNAZIALĂ ”ALECU RUSSO”",208,"MUNICIPIUL IAŞI",95060,1,PROV,PRCNCT,S,S_SV,"2021-01-21 12:30:02",1263,1236,27,0,416,389,27,0,1400,984,408,7,1,129,103,19,88,1,16,37,1,3,0,2,2,1,1,5
24,IAŞI,"ŞCOALA GIMNAZIALĂ ”ALECU RUSSO”",209,"MUNICIPIUL IAŞI",95060,1,PROV,PRCNCT,S,S_SV,"2021-01-21 12:30:02",1342,1312,30,0,385,355,30,0,1400,1015,380,5,0,141,71,13,92,0,16,29,1,4,1,5,1,2,4,0
24,IAŞI,"ŞCOALA GIMNAZIALĂ ”ALECU RUSSO”",210,"MUNICIPIUL IAŞI",95060,1,PROV,PRCNCT,S,S_SV,"2021-01-21 12:30:02",1328,1308,19,1,415,395,19,1,1400,985,411,4,0,128,120,15,71,0,18,36,3,4,1,8,6,0,1,0
24,IAŞI,"ŞCOALA GIMNAZIALĂ ”ALECU RUSSO”",211,"MUNICIPIUL IAŞI",95060,1,PROV,PRCNCT,S,S_SV,"2021-01-21 12:30:02",1501,1485,16,0,271,255,16,0,1600,1329,268,3,0,82,70,13,48,0,15,23,2,3,0,3,6,1,0,2
24,IAŞI,"ŞCOALA GIMNAZIALĂ ” ALECU RUSSO”",212,"MUNICIPIUL IAŞI",95060,1,PROV,PRCNCT,S,S_SV,"2021-01-21 12:30:02",1033,1018,13,2,330,315,13,2,1100,770,322,7,1,97,71,15,60,1,7,40,4,6,3,7,3,0,6,2
24,IAŞI,"ŞCOALA PRIMARA ”GHEORGHE GHIBANESCU”",213,"MUNICIPIUL IAŞI",95060,1,PROV,PRCNCT,S,S_SV,"2021-01-21 12:30:02",1156,1124,32,0,372,340,32,0,1200,828,367,5,0,143,50,22,74,1,11,37,1,5,1,8,3,5,5,1
24,IAŞI,"ŞCOALA PRIMARA ”GHEORGHE GHIBANESCU”",214,"MUNICIPIUL IAŞI",95060,1,PROV,PRCNCT,S,S_SV,"2021-01-21 12:30:02",1176,1155,21,0,362,341,21,0,1300,938,356,5,1,117,55,24,87,0,10,36,0,7,0,9,6,0,1,4
24,IAŞI,"ŞCOALA PRIMARA ”GHEORGHE GHIBANESCU”",215,"MUNICIPIUL IAŞI",95060,1,PROV,PRCNCT,S,S_SV,"2021-01-21 12:30:02",1119,1102,12,5,356,339,12,5,1200,844,351,5,0,138,59,19,81,1,13,16,0,6,0,6,7,2,2,1
24,IAŞI,"ŞCOALA PRIMARA ”GHEORGHE GHIBANESCU”",216,"MUNICIPIUL IAŞI",95060,1,PROV,PRCNCT,S,S_SV,"2021-01-21 12:30:02",1275,1259,13,3,433,417,13,3,1400,967,425,2,6,155,62,28,120,0,9,26,1,7,3,4,4,0,3,3
24,IAŞI,"ŞCOALA PRIMARA ”GHEORGHE GHIBANESCU”",217,"MUNICIPIUL IAŞI",95060,1,PROV,PRCNCT,S,S_SV,"2021-01-21 12:30:02",1222,1208,14,0,325,311,14,0,1300,975,322,3,0,110,71,19,69,0,13,24,2,3,1,4,4,0,1,1
24,IAŞI,"GRĂDINIŢA CU PROGRAM PRELUNGIT NR.1",218,"MUNICIPIUL IAŞI",95060,1,PROV,PRCNCT,S,S_SV,"2021-01-21 12:30:02",848,813,35,0,341,306,35,0,900,559,338,2,1,120,81,19,78,2,8,18,1,2,0,5,4,0,0,0
24,IAŞI,"GRĂDINIŢA CU PROGRAM PRELUNGIT NR.1",219,"MUNICIPIUL IAŞI",95060,1,PROV,PRCNCT,S,S_SV,"2021-01-21 12:30:02",984,942,42,0,379,337,42,0,1100,721,374,5,0,146,89,10,79,0,7,28,0,4,1,3,2,1,2,2
24,IAŞI,"ŞCOALA GIMNAZIALĂ ”OTILIA CAZIMIR”",220,"MUNICIPIUL IAŞI",95060,1,PROV,PRCNCT,S,S_SV,"2021-01-21 12:30:02",1132,1109,22,1,371,348,22,1,1200,829,362,9,0,113,71,10,96,0,21,30,1,3,1,6,4,3,2,1
24,IAŞI,"ŞCOALA GIMNAZIALĂ ”OTILIA CAZIMIR”",221,"MUNICIPIUL IAŞI",95060,1,PROV,PRCNCT,S,S_SV,"2021-01-21 12:30:02",1097,1073,24,0,329,305,24,0,1200,871,327,2,0,114,48,15,95,1,10,21,2,6,0,7,5,1,1,1
24,IAŞI,"ŞCOALA GIMNAZIALĂ ”OTILIA CAZIMIR”",222,"MUNICIPIUL IAŞI",95060,1,PROV,PRCNCT,S,S_SV,"2021-01-21 12:30:02",1162,1136,26,0,327,301,26,0,1300,973,323,4,0,86,63,14,89,1,22,34,0,3,1,4,2,0,1,3
24,IAŞI,"ŞCOALA GIMNAZIALĂ ”OTILIA CAZIMIR”",223,"MUNICIPIUL IAŞI",95060,1,PROV,PRCNCT,S,S_SV,"2021-01-21 12:30:02",1282,1262,19,1,450,430,19,1,1400,950,445,5,0,147,95,24,97,1,22,29,3,8,0,10,6,1,1,1
24,IAŞI,"COLEGIUL NAŢIONAL ”EMIL RACOVIŢĂ”",224,"MUNICIPIUL IAŞI",95060,1,PROV,PRCNCT,S,S_SV,"2021-01-21 12:30:02",1361,1340,20,1,89,68,20,1,1500,1411,87,2,0,30,16,3,16,0,6,10,0,1,2,1,1,1,0,0
24,IAŞI,"COLEGIUL NAŢIONAL ”EMIL RACOVIŢĂ”",225,"MUNICIPIUL IAŞI",95060,1,PROV,PRCNCT,S,S_SV,"2021-01-21 12:30:02",1362,1326,36,0,167,131,36,0,1500,1333,164,1,2,52,24,8,43,0,9,22,0,2,0,3,1,0,0,0
24,IAŞI,"COLEGIUL NAŢIONAL ”EMIL RACOVIŢĂ”",226,"MUNICIPIUL IAŞI",95060,1,PROV,PRCNCT,S,S_SV,"2021-01-21 12:30:02",1248,1223,25,0,124,99,25,0,1300,1176,122,2,0,40,25,6,21,1,8,12,0,2,0,4,2,0,1,0
24,IAŞI,"COLEGIUL NAŢIONAL ”EMIL RACOVIŢĂ”",227,"MUNICIPIUL IAŞI",95060,1,PROV,PRCNCT,S,S_SV,"2021-01-21 12:30:02",1202,1186,16,0,91,75,16,0,1300,1209,89,2,0,23,21,2,18,3,4,8,0,2,1,2,4,0,1,0
24,IAŞI,"COLEGIUL NAŢIONAL ”EMIL RACOVIŢĂ”",228,"MUNICIPIUL IAŞI",95060,1,PROV,PRCNCT,S,S_SV,"2021-01-21 12:30:02",1466,1453,12,1,221,208,12,1,1600,1379,220,1,0,57,58,10,47,1,6,30,1,1,1,3,4,0,0,1
24,IAŞI,"COLEGIUL NAŢIONAL ”EMIL RACOVIŢĂ”",229,"MUNICIPIUL IAŞI",95060,1,PROV,PRCNCT,S,S_SV,"2021-01-21 12:30:02",1514,1502,12,0,359,347,12,0,1700,1341,355,4,0,112,79,14,84,0,14,23,0,9,2,5,7,0,3,3
24,IAŞI,"COLEGIUL NAŢIONAL ”EMIL RACOVIŢĂ”",230,"MUNICIPIUL IAŞI",95060,1,PROV,PRCNCT,S,S_SV,"2021-01-21 12:30:02",1656,1646,10,0,304,294,10,0,1800,1496,302,1,1,102,56,12,80,1,7,26,1,5,1,4,4,1,1,1
24,IAŞI,"LICEUL TEORETIC ”DIMITRIE CANTEMIR”",231,"MUNICIPIUL IAŞI",95060,1,PROV,PRCNCT,S,S_SV,"2021-01-21 12:30:02",1355,1321,32,2,423,389,32,2,1500,1077,414,8,1,154,76,18,104,1,14,27,0,2,0,7,6,0,5,0
24,IAŞI,"LICEUL TEORETIC ”DIMITRIE CANTEMIR”",232,"MUNICIPIUL IAŞI",95060,1,PROV,PRCNCT,S,S_SV,"2021-01-21 12:30:02",1322,1300,22,0,403,381,22,0,1400,997,395,7,1,139,57,21,96,0,15,39,1,9,1,7,5,0,4,1
24,IAŞI,"LICEUL TEORETIC ”DIMITRIE CANTEMIR”",233,"MUNICIPIUL IAŞI",95060,1,PROV,PRCNCT,S,S_SV,"2021-01-21 12:30:02",1202,1176,23,3,374,348,23,3,1300,926,365,7,2,98,94,20,86,0,15,32,0,3,0,9,5,1,1,1
24,IAŞI,"LICEUL TEORETIC ”DIMITRIE CANTEMIR”",234,"MUNICIPIUL IAŞI",95060,1,PROV,PRCNCT,S,S_SV,"2021-01-21 12:30:02",1370,1354,16,0,446,430,16,0,1500,1054,437,9,0,148,89,26,103,3,10,29,1,2,1,10,4,2,7,2
24,IAŞI,"ŞCOALA GIMNAZIALĂ ”TITU MAIORESCU”",235,"MUNICIPIUL IAŞI",95060,1,PROV,PRCNCT,S,S_SV,"2021-01-21 12:30:02",794,764,30,0,248,218,30,0,800,552,245,3,0,79,57,19,54,1,10,11,3,2,0,3,4,1,1,0
24,IAŞI,"ŞCOALA GIMNAZIALĂ ”TITU MAIORESCU”",236,"MUNICIPIUL IAŞI",95060,1,PROV,PRCNCT,S,S_SV,"2021-01-21 12:30:02",787,771,16,0,223,207,16,0,800,577,217,6,0,66,44,12,52,0,14,14,1,1,0,5,4,1,2,1
24,IAŞI,"ŞCOALA GIMNAZIALĂ ”TITU MAIORESCU”",237,"MUNICIPIUL IAŞI",95060,1,PROV,PRCNCT,S,S_SV,"2021-01-21 12:30:02",1254,1236,18,0,267,249,18,0,1400,1133,263,4,0,75,68,8,70,1,6,16,0,2,0,11,5,0,1,0
24,IAŞI,"GRĂDINIŢA CU PROGRAM PRELUNGIT ”CUV. PARASCHEVA”",238,"MUNICIPIUL IAŞI",95060,1,PROV,PRCNCT,S,S_SV,"2021-01-21 12:30:02",851,823,28,0,249,221,28,0,900,651,244,5,0,78,44,11,71,0,7,25,0,0,1,3,3,0,1,0
24,IAŞI,"ŞCOALA GIMNAZIALĂ ”ION NECULCE”",239,"MUNICIPIUL IAŞI",95060,1,PROV,PRCNCT,S,S_SV,"2021-01-21 12:30:02",1233,1222,11,0,298,287,11,0,1300,1002,293,5,0,66,72,12,73,0,11,41,1,3,1,3,4,0,5,1
24,IAŞI,"ŞCOALA GIMNAZIALĂ ”ION NECULCE”",240,"MUNICIPIUL IAŞI",95060,1,PROV,PRCNCT,S,S_SV,"2021-01-21 12:30:02",1046,1013,31,2,352,319,31,2,1100,748,349,3,0,117,69,11,89,0,8,37,1,3,2,8,4,0,0,0
24,IAŞI,"ŞCOALA GIMNAZIALĂ ”ION NECULCE”",241,"MUNICIPIUL IAŞI",95060,1,PROV,PRCNCT,S,S_SV,"2021-01-21 12:30:02",1079,1071,8,0,357,349,8,0,1200,843,348,9,0,106,72,21,91,1,13,23,3,4,1,10,0,2,1,0
24,IAŞI,"ŞCOALA GIMNAZIALĂ ”ION NECULCE”",242,"MUNICIPIUL IAŞI",95060,1,PROV,PRCNCT,S,S_SV,"2021-01-21 12:30:02",1065,1057,8,0,209,201,8,0,1200,991,203,4,2,56,49,6,38,0,6,34,0,7,0,0,3,1,1,2
24,IAŞI,"ŞCOALA PRIMARA NR.1 ”VASILE CONTA”",243,"MUNICIPIUL IAŞI",95060,1,PROV,PRCNCT,S,S_SV,"2021-01-21 12:30:02",769,746,23,0,245,222,23,0,800,555,244,1,0,81,47,8,69,0,10,15,1,1,2,1,7,0,2,0
24,IAŞI,"ŞCOALA PRIMARA NR.1 ”VASILE CONTA”",244,"MUNICIPIUL IAŞI",95060,1,PROV,PRCNCT,S,S_SV,"2021-01-21 12:30:02",1199,1163,34,2,414,378,34,2,1300,886,405,7,2,160,85,20,77,1,14,34,1,1,2,5,1,0,3,1
24,IAŞI,"ŞCOALA PRIMARA NR.1 ”VASILE CONTA”",245,"MUNICIPIUL IAŞI",95060,1,PROV,PRCNCT,S,S_SV,"2021-01-21 12:30:02",1679,1661,17,1,437,419,17,1,1800,1363,429,6,2,140,102,21,79,0,24,35,2,10,0,5,3,3,4,1
24,IAŞI,"ŞCOALA GIMNAZIALĂ ”VASILE CONTA”",246,"MUNICIPIUL IAŞI",95060,1,PROV,PRCNCT,S,S_SV,"2021-01-21 12:30:02",1379,1355,24,0,441,417,24,0,1500,1059,435,5,1,132,98,16,96,1,19,44,2,9,1,5,3,2,4,3
24,IAŞI,"ŞCOALA GIMNAZIALĂ ”VASILE CONTA”",247,"MUNICIPIUL IAŞI",95060,1,PROV,PRCNCT,S,S_SV,"2021-01-21 12:30:02",1401,1375,25,1,412,386,25,1,1500,1088,409,2,1,142,89,23,83,0,15,35,2,4,1,6,4,1,2,2
24,IAŞI,"ŞCOALA GIMNAZIALĂ ”VASILE CONTA”",248,"MUNICIPIUL IAŞI",95060,1,PROV,PRCNCT,S,S_SV,"2021-01-21 12:30:02",1469,1428,38,3,396,355,38,3,1600,1204,390,6,0,129,87,27,80,0,14,24,2,7,3,7,4,1,3,2
24,IAŞI,"ŞCOALA GIMNAZIALĂ ”VASILE CONTA”",249,"MUNICIPIUL IAŞI",95060,1,PROV,PRCNCT,S,S_SV,"2021-01-21 12:30:02",1493,1475,18,0,446,428,18,0,1600,1154,443,3,0,125,104,15,92,1,26,45,1,5,1,10,5,2,6,5
24,IAŞI,"COLEGIUL TEHNIC ”ION HOLBAN”",250,"MUNICIPIUL IAŞI",95060,1,PROV,PRCNCT,S,S_SV,"2021-01-21 12:30:02",1556,1527,25,4,476,447,25,4,1700,1224,473,2,1,161,96,21,91,3,16,57,0,7,0,11,5,1,2,2
24,IAŞI,"COLEGIUL TEHNIC ”ION HOLBAN”",251,"MUNICIPIUL IAŞI",95060,1,PROV,PRCNCT,S,S_SV,"2021-01-21 12:30:02",1314,1261,22,31,375,322,22,31,1400,1025,369,6,0,111,99,18,60,1,12,47,2,9,1,2,6,1,0,0
24,IAŞI,"COLEGIUL TEHNIC ”ION HOLBAN”",252,"MUNICIPIUL IAŞI",95060,1,PROV,PRCNCT,S,S_SV,"2021-01-21 12:30:02",1470,1449,21,0,343,322,21,0,1600,1257,337,6,0,96,70,19,81,0,15,28,1,3,1,7,8,1,6,1
24,IAŞI,"PT 27 - TATARASI",253,"MUNICIPIUL IAŞI",95060,1,PROV,PRCNCT,S,S_SV,"2021-01-21 12:30:02",1949,1921,28,0,32,4,28,0,2100,2068,32,0,0,14,9,0,5,0,2,2,0,0,0,0,0,0,0,0
24,IAŞI,"CENTRUL TEHNOLOGIC REGIONAL",254,"MUNICIPIUL IAŞI",95060,2,PART,PRCNCT,S,S_SV,"2021-01-21 12:30:02",721,697,24,0,252,228,24,0,800,548,243,7,2,105,22,8,60,1,4,33,0,3,0,2,3,1,0,1
24,IAŞI,"CENTRUL TEHNOLOGIC REGIONAL",255,"MUNICIPIUL IAŞI",95060,1,PROV,PRCNCT,S,S_SV,"2021-01-21 12:30:02",823,806,16,1,275,258,16,1,900,625,271,4,0,86,52,25,53,1,11,23,4,2,0,5,5,1,2,1
24,IAŞI,"CASA DE CULTURA MIHAIL SADOVEANU",256,"MUNICIPIUL PAŞCANI",95391,1,PROV,PRCNCT,S,S_SV,"2021-01-21 12:30:02",1217,1206,11,0,342,331,11,0,1300,958,342,0,0,27,111,14,99,0,27,44,0,2,7,3,4,0,2,2
24,IAŞI,"CASA DE CULTURA MIHAIL SADOVEANU",257,"MUNICIPIUL PAŞCANI",95391,1,PROV,PRCNCT,S,S_SV,"2021-01-21 12:30:02",1353,1327,24,2,392,366,24,2,1500,1108,383,7,2,46,125,11,83,0,24,64,0,14,4,1,6,2,1,2
24,IAŞI,"SCOALA ION CREANGA",258,"MUNICIPIUL PAŞCANI",95391,1,PROV,PRCNCT,S,S_SV,"2021-01-21 12:30:02",1355,1327,28,0,405,377,28,0,1500,1095,399,5,1,35,96,49,117,0,25,55,0,0,3,6,7,0,3,3
24,IAŞI,"GRADINITA NR. 1",259,"MUNICIPIUL PAŞCANI",95391,1,PROV,PRCNCT,S,S_SV,"2021-01-21 12:30:02",1161,1143,18,0,312,294,18,0,1298,986,308,3,1,29,105,14,58,0,22,62,2,3,1,7,3,0,1,1
24,IAŞI,"SCOALA NR.3 IORDACHI CANTACUZINO",260,"MUNICIPIUL PAŞCANI",95391,1,PROV,PRCNCT,S,S_SV,"2021-01-21 12:30:02",1474,1438,36,0,441,405,36,0,1600,1159,429,9,3,44,130,25,131,0,25,46,0,5,6,7,2,1,4,3
24,IAŞI,"SCOALA NR.3 IORDACHI CANTACUZINO",261,"MUNICIPIUL PAŞCANI",95391,1,PROV,PRCNCT,S,S_SV,"2021-01-21 12:30:02",1207,1188,19,0,342,323,19,0,1300,958,334,7,1,53,93,7,97,0,20,44,0,7,4,4,1,1,3,0
24,IAŞI,"GRADINITA VATRA",262,"MUNICIPIUL PAŞCANI",95391,1,PROV,PRCNCT,S,S_SV,"2021-01-21 12:30:02",1403,1385,18,0,366,348,18,0,1500,1134,356,10,0,38,103,20,89,1,29,55,1,4,5,2,3,0,5,1
24,IAŞI,"COLEGIUL NAȚIONAL MIHAIL SADOVEANU",263,"MUNICIPIUL PAŞCANI",95391,1,PROV,PRCNCT,S,S_SV,"2021-01-21 12:30:02",1283,1276,7,0,351,344,7,0,1400,1049,351,0,0,32,140,6,81,0,20,48,0,10,1,3,5,0,3,2
24,IAŞI,"COLEGIUL NAȚIONAL MIHAIL SADOVEANU",264,"MUNICIPIUL PAŞCANI",95391,1,PROV,PRCNCT,S,S_SV,"2021-01-21 12:30:02",1396,1385,11,0,396,385,11,0,1500,1104,389,7,0,42,123,17,108,0,28,48,1,6,2,3,2,1,6,2
24,IAŞI,"COLEGIUL NAȚIONAL MIHAIL SADOVEANU",265,"MUNICIPIUL PAŞCANI",95391,1,PROV,PRCNCT,S,S_SV,"2021-01-21 12:30:02",1970,1951,19,0,19,0,19,0,2100,2081,19,0,0,4,1,1,3,1,2,6,0,0,0,0,1,0,0,0
24,IAŞI,"COLEGIUL NAȚIONAL MIHAIL SADOVEANU",266,"MUNICIPIUL PAŞCANI",95391,2,PART,PRCNCT,S,S_SV,"2021-01-21 12:30:02",1930,1915,15,0,15,0,15,0,2100,2085,14,1,0,6,2,1,1,0,3,0,0,0,0,0,1,0,0,0
24,IAŞI,"GRADINITA SIIRETUL",267,"MUNICIPIUL PAŞCANI",95391,1,PROV,PRCNCT,S,S_SV,"2021-01-21 12:30:02",1550,1531,19,0,366,347,19,0,1700,1334,361,5,0,36,109,13,88,0,24,67,0,6,3,3,2,2,4,4
24,IAŞI,"SCOALA DE ARTE SI MESERII NICOLAE IORGA",268,"MUNICIPIUL PAŞCANI",95391,1,PROV,PRCNCT,S,S_SV,"2021-01-21 12:30:02",1739,1704,20,15,523,488,20,15,1900,1377,512,8,3,72,120,22,157,0,44,70,1,11,0,2,6,1,4,2
24,IAŞI,"SCOALA SPECIALA",269,"MUNICIPIUL PAŞCANI",95391,1,PROV,PRCNCT,S,S_SV,"2021-01-21 12:30:02",1679,1661,18,0,428,410,18,0,1800,1372,417,10,1,38,131,7,82,1,38,91,1,9,2,5,4,0,7,1
24,IAŞI,"COLEGIU TEHNIC DE CAI FERATE UNIREA",270,"MUNICIPIUL PAŞCANI",95391,1,PROV,PRCNCT,S,S_SV,"2021-01-21 12:30:02",1564,1548,16,0,376,360,16,0,1700,1324,371,5,0,39,141,7,95,1,17,49,0,7,4,4,6,0,1,0
24,IAŞI,"COLEGIU TEHNIC DE CAI FERATE UNIREA",271,"MUNICIPIUL PAŞCANI",95391,1,PROV,PRCNCT,S,S_SV,"2021-01-21 12:30:02",1114,1101,13,0,304,291,13,0,1200,896,296,5,3,25,105,5,70,0,21,55,0,3,2,1,5,0,1,3
24,IAŞI,"GRADINITA CU PROGRAM PRELUNGIT NR. 3",272,"MUNICIPIUL PAŞCANI",95391,1,PROV,PRCNCT,S,S_SV,"2021-01-21 12:30:02",1081,1064,17,0,278,261,17,0,1200,922,275,3,0,19,114,11,73,0,20,26,1,1,4,0,3,0,3,0
24,IAŞI,"GRADINITA CU PROGRAM PRELUNGIT NR. 3",273,"MUNICIPIUL PAŞCANI",95391,1,PROV,PRCNCT,S,S_SV,"2021-01-21 12:30:02",1274,1264,10,0,299,289,10,0,1400,1101,290,7,2,22,94,13,60,0,19,59,0,9,3,2,3,0,4,2
24,IAŞI,"LICEUL MIRON COSTIN",274,"MUNICIPIUL PAŞCANI",95391,1,PROV,PRCNCT,S,S_SV,"2021-01-21 12:30:02",1299,1285,14,0,299,285,14,0,1400,1101,296,3,0,31,91,8,73,0,21,54,0,3,1,4,4,2,2,2
24,IAŞI,"LICEUL MIRON COSTIN",275,"MUNICIPIUL PAŞCANI",95391,1,PROV,PRCNCT,S,S_SV,"2021-01-21 12:30:02",1234,1217,17,0,352,335,17,0,1300,948,342,6,4,23,145,8,67,0,29,57,0,6,0,1,2,0,3,1
24,IAŞI,"GRUP SCOLAR MIHAI BUSUIOC",276,"MUNICIPIUL PAŞCANI",95391,1,PROV,PRCNCT,S,S_SV,"2021-01-21 12:30:02",1253,1236,14,3,344,327,14,3,1400,1056,338,4,2,29,109,10,107,0,31,45,1,2,0,1,1,0,1,1
24,IAŞI,"GRUP SCOLAR MIHAI BUSUIOC",277,"MUNICIPIUL PAŞCANI",95391,1,PROV,PRCNCT,S,S_SV,"2021-01-21 12:30:02",1088,1076,12,0,272,260,12,0,1200,928,267,5,0,30,82,10,66,3,19,42,0,6,4,1,1,0,2,1
24,IAŞI,"SCOALA BLAGESTI",278,"MUNICIPIUL PAŞCANI",95391,1,PROV,PRCNCT,S,S_SV,"2021-01-21 12:30:02",1141,1126,15,0,328,313,15,0,1200,872,320,5,3,27,80,9,80,0,21,64,0,14,8,1,1,0,12,3
24,IAŞI,"SCOALA GISTESTI",279,"MUNICIPIUL PAŞCANI",95391,1,PROV,PRCNCT,S,S_SV,"2021-01-21 12:30:02",1070,1050,20,0,244,224,20,0,1200,956,233,6,5,16,80,5,54,0,11,48,0,1,5,1,6,0,6,0
24,IAŞI,"GRADINITA GISTESTI",280,"MUNICIPIUL PAŞCANI",95391,1,PROV,PRCNCT,S,S_SV,"2021-01-21 12:30:02",1468,1458,10,0,338,328,10,0,1600,1262,329,9,0,11,116,12,61,1,27,69,0,6,5,4,8,0,8,1
24,IAŞI,"SCOALA LUNCA",281,"MUNICIPIUL PAŞCANI",95391,1,PROV,PRCNCT,S,S_SV,"2021-01-21 12:30:02",1111,1102,9,0,243,234,9,0,1200,957,239,3,1,10,91,3,36,1,28,59,1,4,3,2,1,0,0,0
24,IAŞI,"SCOALA LUNCA",282,"MUNICIPIUL PAŞCANI",95391,1,PROV,PRCNCT,S,S_SV,"2021-01-21 12:30:02",1045,1033,12,0,256,244,12,0,1100,844,245,10,1,11,110,3,28,0,19,58,1,3,6,2,0,1,3,0
24,IAŞI,"SCOALA SODOMENI",283,"MUNICIPIUL PAŞCANI",95391,1,PROV,PRCNCT,S,S_SV,"2021-01-21 12:30:02",950,939,11,0,242,231,11,0,1000,758,238,2,2,13,49,11,49,1,60,37,0,3,7,0,3,0,4,1
24,IAŞI,"SCOALA BOSTENI",284,"MUNICIPIUL PAŞCANI",95391,1,PROV,PRCNCT,S,S_SV,"2021-01-21 12:30:02",1261,1252,9,0,318,309,9,0,1400,1082,310,4,4,18,85,11,53,1,72,48,0,7,0,1,2,0,7,5
24,IAŞI,"LICEUL TEHNOLOGIC HÎRLĂU",285,"ORAŞ HÂRLĂU",95355,1,PROV,PRCNCT,S,S_SV,"2021-01-21 12:30:02",1698,1672,26,0,317,291,26,0,1800,1483,297,15,5,22,123,12,27,0,17,71,0,9,4,3,2,0,4,3
24,IAŞI,"COLEGIUL NAŢIONAL ŞTEFAN CEL MARE HÎRLĂU",286,"ORAŞ HÂRLĂU",95355,1,PROV,PRCNCT,S,S_SV,"2021-01-21 12:30:02",1865,1837,28,0,336,308,28,0,2000,1664,329,6,1,26,138,25,43,0,18,51,3,12,4,5,0,0,3,1
24,IAŞI,"ŞCOALA GIMNAZIALĂ PETRU RAREŞ - CORP VECHI",287,"ORAŞ HÂRLĂU",95355,1,PROV,PRCNCT,S,S_SV,"2021-01-21 12:30:02",1961,1935,26,0,421,395,26,0,2100,1679,419,1,1,52,151,34,88,0,16,56,0,11,3,2,2,0,1,3
24,IAŞI,"ŞCOALA GIMNAZIALĂ PETRU RAREŞ-CORP GRĂDINIŢĂ CU PROGRAM PRELUNGIT",288,"ORAŞ HÂRLĂU",95355,1,PROV,PRCNCT,S,S_SV,"2021-01-21 12:30:02",2008,1989,19,0,421,402,19,0,2100,1679,412,7,2,50,137,40,69,0,26,75,0,5,3,2,2,0,2,1
24,IAŞI,"ŞCOALA GIMNAZIALĂ PETRU RAREŞ - CORP NOU",289,"ORAŞ HÂRLĂU",95355,1,PROV,PRCNCT,S,S_SV,"2021-01-21 12:30:02",1919,1899,20,0,409,389,20,0,2100,1691,382,14,13,21,156,39,38,1,19,79,0,12,2,5,5,0,4,1
24,IAŞI,"CĂMIN CULTURAL PÂRCOVACI",290,"ORAŞ HÂRLĂU",95355,1,PROV,PRCNCT,S,S_SV,"2021-01-21 12:30:02",1495,1484,11,0,458,447,11,0,1600,1142,430,13,15,22,179,7,54,4,8,120,1,15,5,2,3,0,7,3
24,IAŞI,"ŞCOALA GIMNAZIALĂ PÎRCOVACI - CORP ŞCOALĂ",291,"ORAŞ HÂRLĂU",95355,1,PROV,PRCNCT,S,S_SV,"2021-01-21 12:30:02",1331,1321,10,0,366,356,10,0,1500,1134,345,13,8,15,130,14,55,2,10,100,0,7,0,3,1,0,7,1
24,IAŞI,"ŞCOALA AL. I. CUZA",292,"ORAŞ PODU ILOAIEI",98373,1,PROV,PRCNCT,S,S_SV,"2021-01-21 12:30:02",640,624,8,8,178,162,8,8,700,522,172,6,0,10,45,16,65,0,4,18,1,1,2,2,4,1,2,1
24,IAŞI,"ŞCOALA AL. I. CUZA",293,"ORAŞ PODU ILOAIEI",98373,2,PART,PRCNCT,S,S_SV,"2021-01-21 12:30:02",1307,1298,7,2,312,303,7,2,1400,1088,305,7,0,31,76,20,118,1,11,39,1,4,2,0,2,0,0,0
24,IAŞI,"ŞCOALA AL. I. CUZA",294,"ORAŞ PODU ILOAIEI",98373,1,PROV,PRCNCT,S,S_SV,"2021-01-21 12:30:02",1017,1000,17,0,209,192,17,0,1100,891,192,12,5,11,49,5,76,2,7,33,0,2,1,2,1,1,1,1
24,IAŞI,"ŞCOALA AL. I. CUZA",295,"ORAŞ PODU ILOAIEI",98373,1,PROV,PRCNCT,S,S_SV,"2021-01-21 12:30:02",874,859,15,0,225,210,15,0,900,675,215,9,1,12,57,7,83,0,5,33,0,2,1,1,3,1,6,4
24,IAŞI,"ŞCOALA AL. I. CUZA",296,"ORAŞ PODU ILOAIEI",98373,1,PROV,PRCNCT,S,S_SV,"2021-01-21 12:30:02",943,936,7,0,244,237,7,0,1000,756,237,6,1,15,55,8,109,0,7,34,0,2,0,2,1,0,2,2
24,IAŞI,"ŞCOALA AL. I. CUZA",297,"ORAŞ PODU ILOAIEI",98373,1,PROV,PRCNCT,S,S_SV,"2021-01-21 12:30:02",1129,1126,3,0,275,272,3,0,1200,925,263,9,3,27,59,15,105,0,2,41,0,2,1,2,4,0,3,2
24,IAŞI,"ŞCOALA HENCI",298,"ORAŞ PODU ILOAIEI",98373,1,PROV,PRCNCT,S,S_SV,"2021-01-21 12:30:02",486,469,17,0,128,111,17,0,500,372,125,1,2,6,30,4,50,0,2,21,0,3,2,3,1,0,1,2
24,IAŞI,"ŞCOALA HOLM",299,"ORAŞ PODU ILOAIEI",98373,2,PART,PRCNCT,S,S_SV,"2021-01-21 12:30:02",257,247,10,0,84,74,10,0,300,216,80,2,2,11,13,4,27,2,6,7,0,4,0,2,1,1,1,1
24,IAŞI,"ȘCOALA SCOBÂLȚENI",300,"ORAŞ PODU ILOAIEI",98373,1,PROV,PRCNCT,S,S_SV,"2021-01-21 12:30:02",1020,1002,18,0,255,237,18,0,1100,845,246,6,3,13,74,13,69,1,3,58,0,0,0,1,5,0,7,2
24,IAŞI,"ŞCOALA BUDĂI",301,"ORAŞ PODU ILOAIEI",98373,1,PROV,PRCNCT,S,S_SV,"2021-01-21 12:30:02",820,795,13,12,258,233,13,12,900,642,256,0,2,32,66,35,63,1,8,37,1,3,2,1,2,0,3,2
24,IAŞI,"ŞCOALA COSIŢENI",302,"ORAŞ PODU ILOAIEI",98373,1,PROV,PRCNCT,S,S_SV,"2021-01-21 12:30:02",279,269,10,0,107,97,10,0,300,193,104,3,0,2,32,11,32,0,2,18,0,1,0,1,1,0,2,2
24,IAŞI,"SCOALA GENERALA ION CREANGA",303,"ORAŞ TÂRGU FRUMOS",95471,1,PROV,PRCNCT,S,S_SV,"2021-01-21 12:30:02",1663,1651,12,0,448,436,12,0,1800,1352,435,9,4,27,165,15,99,0,16,88,0,7,5,5,1,0,6,1
24,IAŞI,"SCOALA GENERALA ION CREANGA",304,"ORAŞ TÂRGU FRUMOS",95471,1,PROV,PRCNCT,S,S_SV,"2021-01-21 12:30:02",895,876,19,0,184,165,19,0,1000,816,180,1,3,23,86,7,26,0,3,25,0,1,0,6,2,0,0,1
24,IAŞI,"SCOALA GENERALA GARABET IBRAILEANU",305,"ORAŞ TÂRGU FRUMOS",95471,1,PROV,PRCNCT,S,S_SV,"2021-01-21 12:30:02",1386,1364,22,0,289,267,22,0,1500,1211,280,9,0,39,94,10,55,0,8,58,0,3,1,3,2,0,5,2
24,IAŞI,"SCOALA GENERALA GARABET IBRAILEANU",306,"ORAŞ TÂRGU FRUMOS",95471,1,PROV,PRCNCT,S,S_SV,"2021-01-21 12:30:02",1157,1137,20,0,298,278,20,0,1300,1002,284,10,4,26,94,10,50,0,8,75,0,5,7,3,2,0,1,3
24,IAŞI,"ȘCOALA PROFESIONALĂ SPECIALĂ ” TRINITAS” -SALA DE FESTIVITĂȚI",307,"ORAŞ TÂRGU FRUMOS",95471,1,PROV,PRCNCT,S,S_SV,"2021-01-21 12:30:02",1540,1528,12,0,431,419,12,0,1700,1269,412,12,7,61,135,12,75,0,7,89,0,6,1,12,3,1,9,1
24,IAŞI,"CASA DE CULTURA ”GARABET IBRAILEANU”",308,"ORAŞ TÂRGU FRUMOS",95471,1,PROV,PRCNCT,S,S_SV,"2021-01-21 12:30:02",1548,1521,27,0,386,359,27,0,1700,1314,374,7,5,52,118,15,64,1,4,96,1,6,1,8,1,1,5,1
24,IAŞI,"CASA DE CULTURA ”GARABET IBRAILEANU”",309,"ORAŞ TÂRGU FRUMOS",95471,1,PROV,PRCNCT,S,S_SV,"2021-01-21 12:30:02",1948,1924,24,0,439,415,24,0,2100,1661,423,12,4,52,137,19,87,0,13,89,0,7,2,7,4,2,3,1
24,IAŞI,"LICEUL TEORETIC ”ION NECULCE”",310,"ORAŞ TÂRGU FRUMOS",95471,1,PROV,PRCNCT,S,S_SV,"2021-01-21 12:30:02",1536,1507,27,2,389,360,27,2,1700,1311,381,7,1,63,132,23,68,1,8,68,1,4,1,2,2,0,6,2
24,IAŞI,"GRĂDINIȚA CU PROGRAM NORMAL AL.I.CUZA",311,"ALEXANDRU I. CUZA",95612,1,PROV,PRCNCT,S,S_SV,"2021-01-21 12:30:02",662,647,14,1,237,222,14,1,700,463,224,4,9,14,54,5,107,2,7,20,1,4,1,1,1,0,1,6
24,IAŞI,"SCOALA GIMNAZIALA SCHEIA",312,"ALEXANDRU I. CUZA",95612,1,PROV,PRCNCT,S,S_SV,"2021-01-21 12:30:02",1082,1057,25,0,368,343,25,0,1200,832,351,9,8,4,86,6,200,1,7,18,1,8,0,5,1,2,3,9
24,IAŞI,"SCOALA PRIMARA VOLINTIRESTI",313,"ALEXANDRU I. CUZA",95612,1,PROV,PRCNCT,S,S_SV,"2021-01-21 12:30:02",593,583,10,0,190,180,10,0,600,410,180,5,5,8,54,32,31,0,19,19,0,2,2,2,5,0,5,1
24,IAŞI,"SCOALA GIMNAZIALA GH. CIOBANU ANDRIESENI",314,ANDRIEŞENI,95667,1,PROV,PRCNCT,S,S_SV,"2021-01-21 12:30:02",1363,1339,24,0,348,324,24,0,1500,1152,329,10,9,21,81,68,83,0,15,17,1,14,3,4,1,1,15,5
24,IAŞI,"SCOALA PRIMARA BUHAENI",315,ANDRIEŞENI,95667,1,PROV,PRCNCT,S,S_SV,"2021-01-21 12:30:02",525,502,23,0,108,85,23,0,600,492,104,2,2,7,32,14,30,0,4,10,0,2,0,2,1,0,2,0
24,IAŞI,"SCOALA GIMNAZIALA SPINENI",316,ANDRIEŞENI,95667,1,PROV,PRCNCT,S,S_SV,"2021-01-21 12:30:02",804,787,17,0,143,126,17,0,900,757,139,4,0,11,52,20,16,1,3,21,0,6,1,1,3,0,3,1
24,IAŞI,"SCOALA GIMNAZIALA GLAVANESTI",317,ANDRIEŞENI,95667,1,PROV,PRCNCT,S,S_SV,"2021-01-21 12:30:02",576,563,13,0,128,115,13,0,600,472,118,6,4,3,45,16,15,2,1,22,2,3,2,2,1,0,3,1
24,IAŞI,"ȘCOALA GIMNAZIALĂ ARON-VODA DIN SAT ARONEANU",318,ARONEANU,95747,1,PROV,PRCNCT,S,S_SV,"2021-01-21 12:30:02",1604,1502,82,20,678,576,82,20,1700,1022,664,11,3,150,142,27,255,0,16,40,2,5,0,11,6,1,6,3
24,IAŞI,"ȘCOALA GIMNAZIALĂ ARON-VODĂ DIN SAT DOROBANȚ",319,ARONEANU,95747,1,PROV,PRCNCT,S,S_SV,"2021-01-21 12:30:02",1233,1194,38,1,377,338,38,1,1300,923,364,9,4,54,49,17,151,0,14,48,3,9,2,4,3,0,5,5
24,IAŞI,"ȘCOALA GIMNAZIALĂ ARON-VODĂ DIN SAT REDIU ALDEI",320,ARONEANU,95747,1,PROV,PRCNCT,S,S_SV,"2021-01-21 12:30:02",393,363,30,0,165,135,30,0,400,235,161,1,3,9,23,1,100,0,2,14,2,3,3,1,0,3,0,0
24,IAŞI,"BAZA SPORTIVĂ MULTIFUNCȚIONALĂ - ȘOROGARI",321,ARONEANU,95747,1,PROV,PRCNCT,S,S_SV,"2021-01-21 12:30:02",398,353,42,3,138,93,42,3,400,262,135,2,1,12,16,20,59,0,3,19,1,0,0,1,1,1,1,1
24,IAŞI,"SCOALA GIMNAZIALA CLASELE I-VIII BALS",322,BALŞ,100273,1,PROV,PRCNCT,S,S_SV,"2021-01-21 12:30:02",1235,1211,17,7,376,352,17,7,1300,924,364,6,6,9,113,4,118,1,3,94,0,3,3,8,0,0,1,7
24,IAŞI,"SCOALA GIMNAZIALA CLASELE I-VIII BOURENI",323,BALŞ,100273,1,PROV,PRCNCT,S,S_SV,"2021-01-21 12:30:02",1408,1390,18,0,421,403,18,0,1500,1079,397,17,7,21,112,9,121,1,3,102,1,10,2,1,1,0,8,5
24,IAŞI,"SCOALA PRIMARA CLASELE I-IV COASTA MAGURII",324,BALŞ,100273,1,PROV,PRCNCT,S,S_SV,"2021-01-21 12:30:02",193,182,11,0,56,45,11,0,200,144,55,0,1,6,9,2,30,1,3,1,0,1,0,1,0,0,0,1
24,IAŞI,"CENTRU DE ZI BĂLȚAȚI",325,BĂLŢAŢI,95792,1,PROV,PRCNCT,S,S_SV,"2021-01-21 12:30:02",1645,1556,27,62,481,392,27,62,1800,1319,457,13,11,34,173,7,147,2,18,50,0,7,2,1,5,2,7,2
24,IAŞI,"ȘCOALA PRIMARĂ - SAT MĂDÎRJEȘTI",326,BĂLŢAŢI,95792,1,PROV,PRCNCT,S,S_SV,"2021-01-21 12:30:02",994,925,57,12,308,239,57,12,1000,692,300,6,2,24,110,12,112,0,3,26,0,3,3,2,1,1,1,2
24,IAŞI,"ȘCOALA PRIMARĂ - SAT PODIȘU",327,BĂLŢAŢI,95792,1,PROV,PRCNCT,S,S_SV,"2021-01-21 12:30:02",498,479,14,5,154,135,14,5,600,446,145,6,3,10,46,5,41,0,3,24,0,3,2,3,0,2,5,1
24,IAŞI,"ȘCOALA GIMNAZIALĂ - SAT SÎRCA",328,BĂLŢAŢI,95792,1,PROV,PRCNCT,S,S_SV,"2021-01-21 12:30:02",908,875,23,10,296,264,23,9,1000,704,290,3,3,11,103,24,93,1,2,41,1,4,2,1,0,1,2,4
24,IAŞI,"ȘCOALA GIMNAZIALĂ - SAT VALEA OILOR",329,BĂLŢAŢI,95792,1,PROV,PRCNCT,S,S_SV,"2021-01-21 12:30:02",586,539,27,20,233,186,27,20,600,367,224,7,2,8,123,5,49,0,6,15,0,7,2,2,0,0,5,2
24,IAŞI,"CAMIN CULTURAL BIRNOVA",330,BÂRNOVA,95088,1,PROV,PRCNCT,S,S_SV,"2021-01-21 12:30:02",1198,1147,50,1,372,321,50,1,1299,927,356,11,5,95,66,11,90,1,17,54,0,4,3,3,9,0,1,2
24,IAŞI,"SCOALA PRIMARA CERCU",331,BÂRNOVA,95088,1,PROV,PRCNCT,S,S_SV,"2021-01-21 12:30:02",609,586,23,0,176,153,23,0,600,424,170,5,1,42,31,6,37,0,5,34,0,2,4,1,5,0,3,0
24,IAŞI,"SCOALA PRIMARA PAUN",332,BÂRNOVA,95088,1,PROV,PRCNCT,S,S_SV,"2021-01-21 12:30:02",1217,1124,93,0,405,312,93,0,1200,795,393,7,5,86,60,24,128,0,11,50,0,7,4,5,11,2,4,1
24,IAŞI,"SCOALA PRIMARA PIETRARIA",333,BÂRNOVA,95088,1,PROV,PRCNCT,S,S_SV,"2021-01-21 12:30:02",935,871,62,2,322,258,62,2,1000,678,316,4,2,89,59,32,60,2,7,47,0,8,0,6,3,1,1,1
24,IAŞI,"SCOALA PRIMARA TODIREL",334,BÂRNOVA,95088,1,PROV,PRCNCT,S,S_SV,"2021-01-21 12:30:02",487,469,18,0,147,129,18,0,500,353,137,6,4,7,26,0,41,0,6,52,0,0,0,0,1,0,3,1
24,IAŞI,"SCOALA PRIMARA VISAN",335,BÂRNOVA,95088,1,PROV,PRCNCT,S,S_SV,"2021-01-21 12:30:02",1620,1543,69,8,572,495,69,8,1700,1128,569,2,1,206,65,35,135,1,21,76,3,4,0,8,7,2,4,2
24,IAŞI,"SCOALA BELCEŞTI",336,BELCEŞTI,95872,1,PROV,PRCNCT,S,S_SV,"2021-01-21 12:30:02",1099,1085,14,0,253,239,14,0,1200,947,247,5,1,22,115,17,35,0,9,34,2,3,3,1,1,0,3,2
24,IAŞI,"SCOALA BELCEŞTI",337,BELCEŞTI,95872,1,PROV,PRCNCT,S,S_SV,"2021-01-21 12:30:02",1222,1208,14,0,247,233,14,0,1300,1053,237,6,4,20,103,8,35,0,8,40,0,10,4,2,3,0,1,3
24,IAŞI,"SCOALA RUSI",338,BELCEŞTI,95872,1,PROV,PRCNCT,S,S_SV,"2021-01-21 12:30:02",1285,1262,23,0,259,236,23,0,1400,1141,243,6,10,13,105,3,57,2,3,44,2,4,1,1,1,0,5,2
24,IAŞI,"ŞCOALA SATU – NOU",339,BELCEŞTI,95872,1,PROV,PRCNCT,S,S_SV,"2021-01-21 12:30:02",1600,1586,14,0,344,330,14,0,1700,1356,330,5,9,31,95,4,78,2,19,82,0,4,1,3,2,0,7,2
24,IAŞI,"ŞCOALA MUNTENI",340,BELCEŞTI,95872,1,PROV,PRCNCT,S,S_SV,"2021-01-21 12:30:02",838,817,21,0,196,175,21,0,900,704,187,6,3,8,93,2,40,4,5,24,0,3,1,2,1,0,3,1
24,IAŞI,"ȘCOALA PRIMARĂ TANSA",341,BELCEŞTI,95872,1,PROV,PRCNCT,S,S_SV,"2021-01-21 12:30:02",837,822,15,0,186,171,15,0,900,714,177,5,4,15,57,5,22,1,18,43,0,6,2,3,2,0,2,1
24,IAŞI,"ŞCOALA LITENI",342,BELCEŞTI,95872,1,PROV,PRCNCT,S,S_SV,"2021-01-21 12:30:02",1109,1095,14,0,231,217,14,0,1200,969,214,12,5,5,101,2,40,0,9,44,0,0,4,4,0,0,2,3
24,IAŞI,"SCOALA ULMI",343,BELCEŞTI,95872,1,PROV,PRCNCT,S,S_SV,"2021-01-21 12:30:02",506,494,12,0,154,142,12,0,500,345,145,3,6,4,92,1,17,0,2,14,1,2,2,9,0,1,0,0
24,IAŞI,"ŞCOALA GIMNAZIALĂ CU CLASELE I-VIII BIVOLARI",344,BIVOLARI,95943,1,PROV,PRCNCT,S,S_SV,"2021-01-21 12:30:02",935,912,18,5,204,181,18,5,1000,796,196,5,3,18,61,8,52,0,7,29,0,5,3,0,7,0,4,2
24,IAŞI,"ŞCOALA GIMNAZIALĂ CU CLASELE I-VIII BIVOLARI",345,BIVOLARI,95943,1,PROV,PRCNCT,S,S_SV,"2021-01-21 12:30:02",937,920,17,0,170,153,17,0,1000,830,165,3,2,19,52,9,38,1,5,31,0,2,2,2,0,1,3,0
24,IAŞI,"ŞCOALA GIMNAZIALĂ CU CLASELE I-VIII TABĂRA",346,BIVOLARI,95943,1,PROV,PRCNCT,S,S_SV,"2021-01-21 12:30:02",151,122,29,0,151,122,29,0,1000,849,144,5,2,10,77,4,23,0,2,23,0,1,0,2,0,0,1,1
24,IAŞI,"ŞCOALA CU CLASELE I - IV SOLONEŢ",347,BIVOLARI,95943,1,PROV,PRCNCT,S,S_SV,"2021-01-21 12:30:02",610,597,13,0,120,107,13,0,700,580,114,2,4,9,51,7,16,1,2,25,0,0,1,1,1,0,0,0
24,IAŞI,"LICEUL TEHNOLOGIC BRAESTI",348,BRĂEŞTI,96058,1,PROV,PRCNCT,S,S_SV,"2021-01-21 12:30:02",955,900,20,35,367,312,20,35,1000,633,347,6,14,0,56,8,216,1,8,42,2,7,1,1,1,0,3,1
24,IAŞI,"SCOALA CU CLASELE I-IV",349,BRĂEŞTI,96058,1,PROV,PRCNCT,S,S_SV,"2021-01-21 12:30:02",214,198,14,2,85,69,14,2,200,115,81,4,0,3,8,4,48,0,2,11,0,2,1,1,0,0,1,0
24,IAŞI,"ŞCOALA GENERALĂ CRISTEŞTI",350,BRĂEŞTI,96058,1,PROV,PRCNCT,S,S_SV,"2021-01-21 12:30:02",803,769,16,18,254,221,16,17,800,546,245,4,5,7,28,27,104,1,5,55,1,3,2,0,4,0,8,0
24,IAŞI,"ŞCOALA CU CL. I-IV ALBEŞTI",351,BRĂEŞTI,96058,2,PART,PRCNCT,S,S_SV,"2021-01-21 12:30:02",607,585,14,8,210,189,14,7,600,390,194,16,0,4,54,2,86,1,3,38,1,1,0,0,0,0,4,0
24,IAŞI,"SEDIUL PRIMARIEI COMUNEI BUTEA",352,BUTEA,96110,1,PROV,PRCNCT,S,S_SV,"2021-01-21 12:30:02",1644,1621,16,7,347,324,16,7,1800,1453,334,8,5,50,174,3,70,1,2,17,1,3,2,2,1,1,7,0
24,IAŞI,"GRADINIŢA CU PROGRAM NORMAL BUTEA, COMUNA BUTEA, JUDEŢUL IAŞI",353,BUTEA,96110,1,PROV,PRCNCT,S,S_SV,"2021-01-21 12:30:02",1532,1521,4,7,318,307,4,7,1700,1382,302,10,6,38,148,7,69,2,7,13,0,8,3,0,0,0,4,3
24,IAŞI,"SCOALA PRIMARA MICLAUSENI",354,BUTEA,96110,1,PROV,PRCNCT,S,S_SV,"2021-01-21 12:30:02",362,351,11,0,90,79,11,0,400,310,85,4,1,4,50,5,12,0,2,6,0,1,1,0,0,1,2,1
24,IAŞI,"SCOALA GIMNAZIALA ”GRIGORE URECHE” CEPLENITA",355,CEPLENIŢA,96147,1,PROV,PRCNCT,S,S_SV,"2021-01-21 12:30:02",1175,1157,16,2,282,264,16,2,1200,918,269,5,8,13,105,7,61,3,18,42,1,7,6,0,3,0,2,1
24,IAŞI,"SCOALA GIMNAZIALA ”NICOLAE IORGA” BUHALNITA",356,CEPLENIŢA,96147,1,PROV,PRCNCT,S,S_SV,"2021-01-21 12:30:02",1198,1178,20,0,333,313,20,0,1300,967,318,8,7,8,115,19,93,1,10,54,0,6,3,1,2,0,3,3
24,IAŞI,"ȘCOALA PRIMARĂ POIANA MĂRULUI",357,CEPLENIŢA,96147,1,PROV,PRCNCT,S,S_SV,"2021-01-21 12:30:02",810,794,16,0,231,215,16,0,900,669,211,8,12,17,61,1,60,1,13,49,0,2,0,2,2,0,3,0
24,IAŞI,"GRADINITA CU PROGRAM NORMAL ZLODICA",358,CEPLENIŢA,96147,1,PROV,PRCNCT,S,S_SV,"2021-01-21 12:30:02",244,228,16,0,80,64,16,0,300,220,73,2,5,7,9,2,30,1,4,13,0,1,1,1,1,0,1,2
24,IAŞI,"CĂMINUL CULTURAL CIOHORĂNI",359,CIOHORĂNI,100362,1,PROV,PRCNCT,S,S_SV,"2021-01-21 12:30:02",1518,1498,20,0,322,302,20,0,1600,1278,309,5,8,13,147,19,39,0,11,54,1,14,3,1,1,0,6,0
24,IAŞI,"ȘCOALA GIMNAZIALĂ CIORTEȘTI",360,CIORTEŞTI,96192,1,PROV,PRCNCT,S,S_SV,"2021-01-21 12:30:02",834,824,10,0,234,224,10,0,900,666,225,1,8,12,57,29,101,2,4,11,0,2,0,1,1,1,3,1
24,IAŞI,"ŞCOALA GIMNAZIALĂ COROPCENI",361,CIORTEŞTI,96192,1,PROV,PRCNCT,S,S_SV,"2021-01-21 12:30:02",881,863,18,0,277,259,18,0,900,623,255,17,5,11,60,19,128,2,6,11,0,3,3,1,1,0,6,4
24,IAŞI,"ŞCOALA PRIMARĂ DELENI",362,CIORTEŞTI,96192,1,PROV,PRCNCT,S,S_SV,"2021-01-21 12:30:02",396,385,11,0,143,132,11,0,400,257,130,8,5,8,33,10,49,0,3,12,1,4,1,1,1,0,3,4
24,IAŞI,"ŞCOALA PRIMARĂ ROTĂRIA",363,CIORTEŞTI,96192,1,PROV,PRCNCT,S,S_SV,"2021-01-21 12:30:02",328,316,12,0,95,83,12,0,400,305,89,0,6,4,16,6,29,0,1,24,0,1,2,0,1,0,3,2
24,IAŞI,"GRĂDINIȚA CU PROGRAM NORMAL ŞERBEŞTI",364,CIORTEŞTI,96192,1,PROV,PRCNCT,S,S_SV,"2021-01-21 12:30:02",638,628,10,0,230,220,10,0,700,470,217,6,7,12,56,4,126,0,2,6,0,1,1,0,1,0,4,4
24,IAŞI,"SCOALA GIMNAZIALA CIUREA",365,CIUREA,96254,1,PROV,PRCNCT,S,S_SV,"2021-01-21 12:30:02",1067,1049,18,0,214,196,18,0,1200,986,207,6,1,52,62,13,26,1,6,36,0,2,2,1,2,1,3,0
24,IAŞI,"SCOALA GIMNAZIALA CIUREA",366,CIUREA,96254,1,PROV,PRCNCT,S,S_SV,"2021-01-21 12:30:02",1094,1080,11,3,257,243,11,3,1200,943,251,4,2,49,63,21,39,0,9,57,0,1,0,4,5,1,2,0
24,IAŞI,"GRĂDINIȚA CU PROGRAM PRELUNGIT NR. 3 CURĂTURI",367,CIUREA,96254,1,PROV,PRCNCT,S,S_SV,"2021-01-21 12:30:02",247,222,22,3,70,45,22,3,300,230,68,1,1,11,25,7,14,1,1,7,0,0,0,0,2,0,0,0
24,IAŞI,"CORP A ŞCOALA GIMNAZIALĂ DUMBRAVA",368,CIUREA,96254,1,PROV,PRCNCT,S,S_SV,"2021-01-21 12:30:02",1231,1204,27,0,319,292,27,0,1300,981,311,5,3,55,74,10,74,1,7,72,1,8,3,1,1,0,3,1
24,IAŞI,"ȘCOALA PRIMARĂ HLINCEA",369,CIUREA,96254,1,PROV,PRCNCT,S,S_SV,"2021-01-21 12:30:02",869,826,43,0,334,291,43,0,900,566,332,2,0,129,48,17,77,0,9,30,0,5,0,11,4,1,0,1
24,IAŞI,"ŞCOALA GIMNAZIALĂ ” COMANDOR ALEXANDRU CĂTUNEANU” LUNCA CETĂŢUII",370,CIUREA,96254,1,PROV,PRCNCT,S,S_SV,"2021-01-21 12:30:02",2002,1947,55,0,562,507,55,0,2100,1538,556,6,0,206,100,23,110,0,17,69,1,6,5,6,5,1,4,3
24,IAŞI,"ŞCOALA GIMNAZIALĂ ” COMANDOR ALEXANDRU CĂTUNEANU” LUNCA CETĂŢUII",371,CIUREA,96254,1,PROV,PRCNCT,S,S_SV,"2021-01-21 12:30:02",1969,1923,43,3,644,598,43,3,2000,1356,633,8,3,263,104,18,115,0,16,80,4,11,2,10,4,0,2,4
24,IAŞI,"ŞCOALA GIMNAZIALĂ ” COMANDOR ALEXANDRU CĂTUNEANU” LUNCA CETĂŢUII",372,CIUREA,96254,1,PROV,PRCNCT,S,S_SV,"2021-01-21 12:30:02",1991,1960,29,2,627,596,29,2,2099,1472,622,5,0,200,133,30,93,2,22,106,0,5,4,10,7,1,7,2
24,IAŞI,"ŞCOALA GIMNAZIALĂ ” COMANDOR ALEXANDRU CĂTUNEANU” LUNCA CETĂŢUII",373,CIUREA,96254,1,PROV,PRCNCT,S,S_SV,"2021-01-21 12:30:02",2035,1998,29,8,678,642,29,7,2100,1422,670,8,0,250,135,24,119,5,24,91,1,5,1,0,11,1,2,1
24,IAŞI,"SCOALA PRIMARA NR.2 LUNCA CETAŢUII ( ZANEA)",374,CIUREA,96254,1,PROV,PRCNCT,S,S_SV,"2021-01-21 12:30:02",535,523,12,0,179,167,12,0,600,421,166,9,4,3,119,2,9,4,2,18,0,5,1,1,0,0,2,0
24,IAŞI,"ȘCOALA GIMNAZIALĂ PICIORU LUPULUI",375,CIUREA,96254,1,PROV,PRCNCT,S,S_SV,"2021-01-21 12:30:02",505,479,25,1,143,117,25,1,500,357,139,2,2,16,72,6,16,0,3,15,0,2,0,4,2,0,1,2
24,IAŞI,"ȘCOALA PRIMARĂ NR. 2 SLOBOZIA ( CORP CLĂDIRE NOU)",376,CIUREA,96254,1,PROV,PRCNCT,S,S_SV,"2021-01-21 12:30:02",375,358,17,0,109,92,17,0,396,287,104,3,2,9,38,5,16,1,5,18,1,3,2,0,0,0,4,2
24,IAŞI,"SCOALA GENERALA NR.1. SAT.COARNELE CAPREI",377,"COARNELE CAPREI",96334,1,PROV,PRCNCT,S,S_SV,"2021-01-21 12:30:02",925,851,45,29,467,393,45,29,1000,533,442,11,14,6,81,7,282,0,8,33,1,7,3,5,2,0,4,3
24,IAŞI,"SCOALA GENERALA NR. 1. SAT.COARNELE CAPREI",378,"COARNELE CAPREI",96334,1,PROV,PRCNCT,S,S_SV,"2021-01-21 12:30:02",850,790,27,33,447,387,27,33,900,453,430,6,11,1,59,1,330,0,6,19,0,4,1,4,0,0,4,1
24,IAŞI,"ŞCOALA GENERALA SAT. ARAMA",379,"COARNELE CAPREI",96334,1,PROV,PRCNCT,S,S_SV,"2021-01-21 12:30:02",464,430,16,18,238,204,16,18,500,262,225,5,8,2,35,2,160,1,3,15,0,2,0,0,0,0,4,1
24,IAŞI,"ŞCOALA GENERALA SAT. PETROSICA",380,"COARNELE CAPREI",96334,2,PART,PRCNCT,S,S_SV,"2021-01-21 12:30:02",90,64,22,4,57,31,22,4,97,40,54,0,3,2,6,4,38,0,1,1,0,1,0,0,1,0,0,0
24,IAŞI,"ŞCOALA OSOI",381,COMARNA,96370,1,PROV,PRCNCT,S,S_SV,"2021-01-21 12:30:02",1607,1559,47,1,433,385,47,1,1700,1267,413,14,6,50,125,42,97,4,9,51,1,9,5,5,2,2,10,1
24,IAŞI,"ŞCOALA STÂNCA",382,COMARNA,96370,1,PROV,PRCNCT,S,S_SV,"2021-01-21 12:30:02",201,189,11,1,78,66,11,1,200,122,74,2,2,10,21,5,15,1,1,15,0,0,1,1,0,1,2,1
24,IAŞI,"SCOALA CLASELE I-VII COMARNA I-CORP C2",383,COMARNA,96370,1,PROV,PRCNCT,S,S_SV,"2021-01-21 12:30:02",945,910,29,6,112,77,29,6,1000,888,106,2,4,10,21,4,45,0,1,11,0,3,2,4,1,0,4,0
24,IAŞI,"SCOALA CLASELE I-IV COMARNA II",384,COMARNA,96370,1,PROV,PRCNCT,S,S_SV,"2021-01-21 12:30:02",1208,1145,42,21,302,239,42,21,1200,898,291,8,3,11,76,9,145,0,4,24,0,6,2,2,5,0,7,0
24,IAŞI,"GRĂDINIȚA CU PROGRAM NORMAL COMARNA NR.1",385,COMARNA,96370,1,PROV,PRCNCT,S,S_SV,"2021-01-21 12:30:02",1828,1761,42,25,288,221,42,25,1900,1612,282,4,2,6,58,6,156,1,3,33,2,2,1,5,3,0,3,3
24,IAŞI,"ŞCOALA CURAGĂU",386,COMARNA,96370,1,PROV,PRCNCT,S,S_SV,"2021-01-21 12:30:02",135,121,13,1,65,51,13,1,200,135,56,5,4,3,25,1,19,0,2,1,0,0,0,0,0,0,4,1
24,IAŞI,"ȘCOALA GIMNAZIALA NR. 1 COSTEȘTI-CORP A",387,COSTEŞTI,100282,1,PROV,PRCNCT,S,S_SV,"2021-01-21 12:30:02",1091,1045,46,0,485,439,46,0,1200,715,468,8,9,7,306,9,65,0,5,44,3,13,4,2,3,1,3,3
24,IAŞI,"ȘCOALA PRIMARA GIURGESTI",388,COSTEŞTI,100282,1,PROV,PRCNCT,S,S_SV,"2021-01-21 12:30:02",173,152,21,0,173,152,21,0,400,227,161,6,6,6,108,3,18,1,5,15,0,0,0,1,0,0,2,2
24,IAŞI,"SCOALA GIMNAZIALĂ COSTULENI",389,COSTULENI,96423,1,PROV,PRCNCT,S,S_SV,"2021-01-21 12:30:02",1307,1293,14,0,328,314,14,0,1400,1072,304,16,8,9,127,14,97,1,6,37,0,3,1,2,3,0,4,0
24,IAŞI,"ȘCOALA GIMNAZIALĂ COVASNA",390,COSTULENI,96423,1,PROV,PRCNCT,S,S_SV,"2021-01-21 12:30:02",874,840,34,0,283,249,34,0,900,617,267,8,8,6,87,20,108,0,5,26,1,5,1,1,1,1,3,2
24,IAŞI,"GRĂDINIȚA COZIA",391,COSTULENI,96423,1,PROV,PRCNCT,S,S_SV,"2021-01-21 12:30:02",1845,1832,13,0,126,113,13,0,2000,1874,123,3,0,7,29,0,53,0,1,26,1,2,0,0,1,0,1,2
24,IAŞI,"GRĂDINIȚA COZIA",392,COSTULENI,96423,1,PROV,PRCNCT,S,S_SV,"2021-01-21 12:30:02",1775,1755,20,0,112,92,20,0,1900,1788,105,6,1,5,23,1,47,0,2,22,0,0,0,1,1,1,1,1
24,IAŞI,"SCOALA PRIMARĂ HILIȚA",393,COSTULENI,96423,1,PROV,PRCNCT,S,S_SV,"2021-01-21 12:30:02",615,577,38,0,253,215,38,0,600,347,242,4,7,5,28,17,151,0,2,22,0,5,3,0,3,1,2,3
24,IAŞI,"CAMIN CULTURAL COTNARI",394,COTNARI,96478,1,PROV,PRCNCT,S,S_SV,"2021-01-21 12:30:02",1465,1444,21,0,387,366,21,0,1600,1213,371,13,3,65,127,20,53,0,10,69,2,4,4,7,2,0,5,3
24,IAŞI,"CASA DE PRAZNUIRE BAHLUI",395,COTNARI,96478,1,PROV,PRCNCT,S,S_SV,"2021-01-21 12:30:02",278,266,12,0,81,69,12,0,300,219,77,4,0,24,22,2,10,0,3,10,0,0,1,2,0,0,1,2
24,IAŞI,"SCOALA HODORA",396,COTNARI,96478,1,PROV,PRCNCT,S,S_SV,"2021-01-21 12:30:02",1307,1291,16,0,280,264,16,0,1400,1120,260,15,5,22,105,6,56,0,8,38,0,10,4,2,1,0,5,3
24,IAŞI,"SCOALA HORODISTEA",397,COTNARI,96478,1,PROV,PRCNCT,S,S_SV,"2021-01-21 12:30:02",471,456,14,1,80,65,14,1,500,420,73,2,5,5,22,8,13,3,4,16,0,0,1,0,0,0,1,0
24,IAŞI,"SCOALA CIRJOAIA",398,COTNARI,96478,1,PROV,PRCNCT,S,S_SV,"2021-01-21 12:30:02",1373,1353,20,0,280,260,20,0,1500,1220,267,6,7,15,103,29,45,0,13,44,1,4,4,4,1,0,4,0
24,IAŞI,"SCOALA VALEA RACULUI",399,COTNARI,96478,1,PROV,PRCNCT,S,S_SV,"2021-01-21 12:30:02",269,255,14,0,83,69,14,0,300,217,81,0,2,2,34,3,8,1,9,21,0,1,0,1,0,0,1,0
24,IAŞI,"SCOALA ZBERENI",400,COTNARI,96478,1,PROV,PRCNCT,S,S_SV,"2021-01-21 12:30:02",647,634,13,0,150,137,13,0,700,550,144,3,3,13,50,7,16,0,29,18,0,2,5,1,0,0,1,2
24,IAŞI,"SCOALA LUPARIA",401,COTNARI,96478,1,PROV,PRCNCT,S,S_SV,"2021-01-21 12:30:02",274,258,16,0,90,74,16,0,300,210,85,2,3,4,43,4,9,0,1,18,0,3,0,1,0,0,0,2
24,IAŞI,"GRUP ŞCOLAR COZMESTI",402,COZMEŞTI,96593,1,PROV,PRCNCT,S,S_SV,"2021-01-21 12:30:02",1187,1166,21,0,340,319,21,0,1200,860,307,33,0,11,128,47,34,1,5,53,0,9,2,5,2,0,5,5
24,IAŞI,"GRADINITA CU PROGRAM NORMAL PODOLENII DE SUS",403,COZMEŞTI,96593,1,PROV,PRCNCT,S,S_SV,"2021-01-21 12:30:02",764,756,8,0,181,173,8,0,800,619,171,4,6,6,70,20,37,0,4,23,0,4,2,2,1,0,2,0
24,IAŞI,"SCOALA PODOLENII DE JOS",404,COZMEŞTI,96593,1,PROV,PRCNCT,S,S_SV,"2021-01-21 12:30:02",273,261,12,0,80,68,12,0,300,220,75,5,0,3,26,4,29,0,1,7,0,1,1,0,2,0,1,0
24,IAŞI,"SCOALA PROFESIONALA CRISTEŞTI",405,CRISTEŞTI,96637,1,PROV,PRCNCT,S,S_SV,"2021-01-21 12:30:02",1320,1291,27,2,424,395,27,2,1400,976,409,6,9,23,129,10,141,0,18,62,1,5,5,8,2,1,4,0
24,IAŞI,"SCOALA PROFESIONALA CRISTEŞTI",406,CRISTEŞTI,96637,2,PART,PRCNCT,S,S_SV,"2021-01-21 12:30:02",1052,1032,20,0,311,291,20,0,1100,789,303,4,4,23,83,6,108,0,18,52,0,2,4,0,0,0,6,1
24,IAŞI,"ŞCOALA PRIMARA HEREŞTI",407,CRISTEŞTI,96637,1,PROV,PRCNCT,S,S_SV,"2021-01-21 12:30:02",615,604,11,0,214,203,11,0,700,486,204,5,5,6,74,8,60,1,4,42,0,1,0,0,1,1,5,1
24,IAŞI,"ŞCOALA HOMIŢA",408,CRISTEŞTI,96637,1,PROV,PRCNCT,S,S_SV,"2021-01-21 12:30:02",296,284,12,0,67,55,12,0,300,233,64,2,1,4,21,1,20,0,5,10,0,0,0,1,0,0,1,1
24,IAŞI,"GRĂDINIŢA CUCUTENI",409,CUCUTENI,96664,1,PROV,PRCNCT,S,S_SV,"2021-01-21 12:30:02",755,733,21,1,195,173,21,1,800,605,187,5,3,10,70,35,19,1,7,27,1,4,1,4,1,0,6,1
24,IAŞI,"ŞCOALA SĂCĂREŞTI",410,CUCUTENI,96664,1,PROV,PRCNCT,S,S_SV,"2021-01-21 12:30:02",236,209,25,2,95,68,25,2,300,205,85,0,10,3,58,5,2,0,2,11,1,0,0,0,1,0,0,2
24,IAŞI,"CLĂDIRE SOCIALĂ BĂRBĂTEȘTI",411,CUCUTENI,96664,1,PROV,PRCNCT,S,S_SV,"2021-01-21 12:30:02",156,145,11,0,83,72,11,0,200,117,80,1,2,2,42,10,10,2,2,6,1,0,1,0,0,0,3,1
24,IAŞI,"ȘCOALA PROFESIONALA DAGÎȚA - CORP NOU",412,DAGÂŢA,96717,1,PROV,PRCNCT,S,S_SV,"2021-01-21 12:30:02",1335,1325,10,0,380,370,10,0,1400,1020,372,7,1,18,75,12,198,1,3,47,0,7,1,2,1,0,4,3
24,IAŞI,"SCOALA GENERALĂ MĂNĂSTIREA",413,DAGÂŢA,96717,1,PROV,PRCNCT,S,S_SV,"2021-01-21 12:30:02",891,885,6,0,230,224,6,0,1000,770,214,6,10,13,38,8,54,1,2,78,0,3,4,2,1,0,7,3
24,IAŞI,"ȘCOALA GIMNAZIALĂ BĂLUȘEȘTI",414,DAGÂŢA,96717,1,PROV,PRCNCT,S,S_SV,"2021-01-21 12:30:02",151,145,6,0,43,37,6,0,200,157,38,2,3,1,10,3,19,0,0,2,0,0,0,0,0,0,1,2
24,IAŞI,"SCOALA PRIMARĂ BOATCA",415,DAGÂŢA,96717,1,PROV,PRCNCT,S,S_SV,"2021-01-21 12:30:02",216,211,5,0,60,55,5,0,300,240,57,2,1,1,11,3,22,0,0,12,1,0,1,1,1,0,3,1
24,IAŞI,"SCOALA PRIMARĂ PISCU RUSULUI-SEDIUL NOU",416,DAGÂŢA,96717,1,PROV,PRCNCT,S,S_SV,"2021-01-21 12:30:02",409,401,8,0,111,103,8,0,400,289,109,1,1,1,26,6,43,0,3,21,0,3,0,1,0,0,2,3
24,IAŞI,"CENTRU DE ORGANIZARE PENTRU INTEGRARE SI INFORMARE - C.O.P.I.I. PENTRU COMUNITATEA POIENILE",417,DAGÂŢA,96717,1,PROV,PRCNCT,S,S_SV,"2021-01-21 12:30:02",239,231,8,0,106,98,8,0,300,194,97,2,7,9,10,8,59,0,2,6,0,1,0,0,0,0,2,0
24,IAŞI,"SCOALA PRIMARĂ ZECE PRAJINI",418,DAGÂŢA,96717,1,PROV,PRCNCT,S,S_SV,"2021-01-21 12:30:02",394,390,4,0,138,134,4,0,400,262,120,4,14,2,27,9,41,0,3,27,2,1,0,0,1,0,5,2
24,IAŞI,"SCOALA GIMNAZIALA DELENI",419,DELENI,96815,1,PROV,PRCNCT,S,S_SV,"2021-01-21 12:30:02",1626,1607,19,0,419,400,19,0,1800,1381,401,10,8,34,105,8,80,1,6,151,0,2,1,5,1,0,7,0
24,IAŞI,"GRADINITA CU PROGRAM NORMAL DELENI ( SEDIUL NOU)",420,DELENI,96815,1,PROV,PRCNCT,S,S_SV,"2021-01-21 12:30:02",1929,1908,21,0,428,407,21,0,2100,1672,419,7,2,19,73,6,95,0,7,193,1,6,1,6,2,0,4,6
24,IAŞI,"SCOALA GIMNAZIALA MAXUT",421,DELENI,96815,1,PROV,PRCNCT,S,S_SV,"2021-01-21 12:30:02",1099,1090,9,0,268,259,9,0,1200,932,260,6,2,24,78,27,47,1,11,63,0,3,2,2,0,0,2,0
24,IAŞI,"GRADINITA CU PROGRAM NORMAL MAXUT",422,DELENI,96815,1,PROV,PRCNCT,S,S_SV,"2021-01-21 12:30:02",791,776,13,2,224,209,13,2,900,676,218,3,3,12,52,18,53,0,5,56,0,7,1,4,2,1,5,2
24,IAŞI,"SCOALA GIMNAZIALA SLOBOZIA",423,DELENI,96815,1,PROV,PRCNCT,S,S_SV,"2021-01-21 12:30:02",950,933,17,0,252,235,17,0,1000,748,236,7,9,12,44,6,37,0,2,119,1,6,2,0,3,0,4,0
24,IAŞI,"SCOALA GIMNAZIALA FEREDENI",424,DELENI,96815,1,PROV,PRCNCT,S,S_SV,"2021-01-21 12:30:02",650,638,12,0,186,174,12,0,700,514,171,9,6,4,40,4,48,1,4,58,1,2,2,0,0,0,4,3
24,IAŞI,"GRADINITA CU PROGRAM NORMAL POIANA",425,DELENI,96815,1,PROV,PRCNCT,S,S_SV,"2021-01-21 12:30:02",905,887,18,0,238,220,18,0,1000,762,220,9,9,9,74,7,54,2,3,57,0,6,0,2,1,0,4,1
24,IAŞI,"ŞCOALA GENERALĂ NR.1 MOLDOVENI",426,DOBROVĂŢ,96888,1,PROV,PRCNCT,S,S_SV,"2021-01-21 12:30:02",1075,1037,38,0,282,244,38,0,1200,918,264,13,5,28,71,12,57,1,10,64,0,6,1,6,1,0,4,3
24,IAŞI,"CENTRU DE ZI AFTER SCHOOL RUSI",427,DOBROVĂŢ,96888,1,PROV,PRCNCT,S,S_SV,"2021-01-21 12:30:02",818,789,28,1,220,191,28,1,900,680,209,4,7,7,51,12,69,1,9,42,0,6,1,1,6,0,1,3
24,IAŞI,"ŞCOALA DOLHEŞTI",428,DOLHEŞTI,96904,1,PROV,PRCNCT,S,S_SV,"2021-01-21 12:30:02",585,573,11,1,214,202,11,1,600,386,201,6,7,13,79,8,60,3,7,16,0,7,1,1,1,0,2,3
24,IAŞI,"ŞCOALA BRĂDICEŞTI",429,DOLHEŞTI,96904,1,PROV,PRCNCT,S,S_SV,"2021-01-21 12:30:02",788,776,12,0,264,252,12,0,900,636,252,9,3,4,133,10,61,0,2,20,1,7,4,1,1,0,7,1
24,IAŞI,"ŞCOALA PIETRIŞ",430,DOLHEŞTI,96904,1,PROV,PRCNCT,S,S_SV,"2021-01-21 12:30:02",796,788,8,0,249,241,8,0,900,651,228,13,8,15,153,8,28,1,2,11,1,5,0,1,2,0,0,1
24,IAŞI,"CĂMINUL CULTURAL DRĂGUŞENI",431,DRĂGUŞENI,100308,1,PROV,PRCNCT,S,S_SV,"2021-01-21 12:30:02",761,751,10,0,123,113,10,0,800,677,115,3,5,6,60,2,19,0,4,15,0,3,0,1,2,0,2,1
24,IAŞI,"ŞCOALA FRENCIUGI",432,DRĂGUŞENI,100308,1,PROV,PRCNCT,S,S_SV,"2021-01-21 12:30:02",427,417,10,0,120,110,10,0,500,380,115,3,2,9,39,3,23,0,2,24,0,3,2,3,2,0,1,4
24,IAŞI,"LICEUL TEHNOLOGIC DUMESTI",433,DUMEŞTI,96940,1,PROV,PRCNCT,S,S_SV,"2021-01-21 12:30:02",1394,1369,23,2,315,290,23,2,1500,1185,298,7,10,15,93,10,81,1,18,61,0,1,2,1,2,0,7,6
24,IAŞI,"SCOALA GIMNAZIALA PAUSESTI",434,DUMEŞTI,96940,1,PROV,PRCNCT,S,S_SV,"2021-01-21 12:30:02",1423,1410,13,0,327,314,13,0,1600,1273,316,7,4,14,90,7,51,0,65,46,1,12,3,0,9,0,15,3
24,IAŞI,"GRADINITA CU PROGRAM NORMAL CHILISOAIA",435,DUMEŞTI,96940,1,PROV,PRCNCT,S,S_SV,"2021-01-21 12:30:02",176,164,12,0,49,37,12,0,200,151,46,0,3,3,16,3,9,1,10,0,0,0,0,0,1,0,1,2
24,IAŞI,"SCOALA PRIMARA HOISESTI",436,DUMEŞTI,96940,1,PROV,PRCNCT,S,S_SV,"2021-01-21 12:30:02",645,632,13,0,134,121,13,0,700,566,133,1,0,12,16,48,17,2,6,20,0,3,0,1,1,0,5,2
24,IAŞI,"CASA DE PRAZNUIRE PAROHIA BANU",437,DUMEŞTI,96940,1,PROV,PRCNCT,S,S_SV,"2021-01-21 12:30:02",346,328,18,0,111,93,18,0,400,289,104,2,5,3,24,4,29,2,7,26,0,3,1,0,1,0,2,2
24,IAŞI,"SCOALA GENERALA ERBICENI CORP CLADIRE",438,ERBICENI,97009,1,PROV,PRCNCT,S,S_SV,"2021-01-21 12:30:02",912,905,7,0,201,194,7,0,1000,799,188,8,5,12,89,2,31,1,7,31,1,2,1,2,7,1,1,0
24,IAŞI,"SCOALA GENERALA ERBICENI CORP CLADIRE",439,ERBICENI,97009,1,PROV,PRCNCT,S,S_SV,"2021-01-21 12:30:02",1087,1066,21,0,225,204,21,0,1100,875,214,4,7,11,104,8,39,3,7,28,1,2,1,1,0,1,5,3
24,IAŞI,"SCOALA GENERALA BIRLESTI",440,ERBICENI,97009,1,PROV,PRCNCT,S,S_SV,"2021-01-21 12:30:02",606,592,14,0,135,121,14,0,700,565,130,4,1,5,41,9,14,0,10,39,0,4,1,2,0,0,4,1
24,IAŞI,"SCOALA GENERALA TOTOESTI",441,ERBICENI,97009,1,PROV,PRCNCT,S,S_SV,"2021-01-21 12:30:02",1309,1291,18,0,232,214,18,0,1400,1168,218,8,6,22,54,3,38,1,8,72,0,6,3,5,2,0,2,2
24,IAŞI,"SCOALA NR. 2 SPINOASA",442,ERBICENI,97009,1,PROV,PRCNCT,S,S_SV,"2021-01-21 12:30:02",261,246,15,0,87,72,15,0,300,213,84,0,3,4,25,7,22,2,4,17,1,1,0,0,1,0,0,0
24,IAŞI,"SCOALA NR. 2 SPRANCEANA",443,ERBICENI,97009,1,PROV,PRCNCT,S,S_SV,"2021-01-21 12:30:02",325,314,11,0,91,80,11,0,400,309,86,3,2,6,38,4,24,0,4,8,0,0,1,0,1,0,0,0
24,IAŞI,"GRĂDINIŢA NR.1 FÂNTÂNELE",444,FÂNTÂNELE,100317,1,PROV,PRCNCT,S,S_SV,"2021-01-21 12:30:02",1543,1523,17,3,475,455,17,3,1700,1225,455,12,8,67,101,10,185,3,10,45,2,7,2,1,4,1,8,9
24,IAŞI,"CĂMINUL CULTURAL",445,FOCURI,97063,1,PROV,PRCNCT,S,S_SV,"2021-01-21 12:30:02",1524,1498,26,0,296,270,26,0,1700,1404,280,9,7,19,132,4,65,2,5,44,0,3,2,0,1,0,1,2
24,IAŞI,"GRĂDINIŢA NR. 2, PĂŞCĂNENI",446,FOCURI,97063,1,PROV,PRCNCT,S,S_SV,"2021-01-21 12:30:02",1487,1482,5,0,314,309,5,0,1600,1286,295,11,8,8,149,3,38,3,3,75,0,3,4,0,0,2,5,2
24,IAŞI,"SCOALA GIMNAZIALA GOLAIESTI",447,GOLĂIEŞTI,97090,2,PART,PRCNCT,S,S_SV,"2021-01-21 12:30:02",1584,1563,21,0,433,412,21,0,1600,1167,414,12,7,9,133,5,186,0,6,45,0,8,2,3,7,0,8,2
24,IAŞI,"SCOALA PRIMARA GRADINARI",448,GOLĂIEŞTI,97090,2,PART,PRCNCT,S,S_SV,"2021-01-21 12:30:02",321,298,23,0,117,94,23,0,300,183,113,3,1,4,31,2,50,0,3,12,0,3,3,0,3,0,0,2
24,IAŞI,"SCOALA PRIMARA COTU LUI IVAN",449,GOLĂIEŞTI,97090,1,PROV,PRCNCT,S,S_SV,"2021-01-21 12:30:02",334,322,12,0,122,110,12,0,400,278,112,7,3,3,25,6,59,0,4,8,0,1,1,1,2,0,2,0
24,IAŞI,"SCOALA PRIMARA PETRESTI",450,GOLĂIEŞTI,97090,1,PROV,PRCNCT,S,S_SV,"2021-01-21 12:30:02",255,236,19,0,95,76,19,0,300,205,89,0,6,0,35,1,24,0,2,7,0,2,0,1,16,0,0,1
24,IAŞI,"SCOALA PRIMARA PODU JIJIEI",451,GOLĂIEŞTI,97090,1,PROV,PRCNCT,S,S_SV,"2021-01-21 12:30:02",232,214,18,0,90,72,18,0,300,210,84,2,4,6,41,0,25,0,1,5,0,0,0,1,2,0,2,1
24,IAŞI,"SCOALA PRIMARA CILIBIU",452,GOLĂIEŞTI,97090,1,PROV,PRCNCT,S,S_SV,"2021-01-21 12:30:02",410,391,19,0,137,118,19,0,400,263,132,2,3,5,51,0,56,1,5,8,0,1,1,1,0,1,2,0
24,IAŞI,"SCOALA GIMNAZIALA",453,GORBAN,97189,1,PROV,PRCNCT,S,S_SV,"2021-01-21 12:30:02",633,612,21,0,163,142,21,0,700,537,159,2,2,25,70,5,25,0,5,18,0,4,3,2,1,0,0,1
24,IAŞI,"ȘCOALA PRIMARĂ",454,GORBAN,97189,1,PROV,PRCNCT,S,S_SV,"2021-01-21 12:30:02",514,497,17,0,132,115,17,0,500,368,123,1,8,10,41,12,30,1,6,5,0,4,3,1,3,0,6,1
24,IAŞI,"ȘCOALA PRIMARĂ SCOPOSENI",455,GORBAN,97189,1,PROV,PRCNCT,S,S_SV,"2021-01-21 12:30:02",622,614,8,0,184,176,8,0,700,516,175,3,6,9,72,19,33,0,2,32,0,2,2,1,2,0,0,1
24,IAŞI,"ȘCOALA PRIMARĂ",456,GORBAN,97189,1,PROV,PRCNCT,S,S_SV,"2021-01-21 12:30:02",287,278,9,0,85,76,9,0,299,214,80,3,2,10,34,11,10,1,1,6,0,3,1,1,0,0,2,0
24,IAŞI,"ȘCOALA GIMNAZIALA GURA BOHOTIN",457,GORBAN,97189,1,PROV,PRCNCT,S,S_SV,"2021-01-21 12:30:02",404,398,6,0,126,120,6,0,400,274,121,1,4,20,62,6,13,0,2,16,0,1,0,0,0,0,0,1
24,IAŞI,"SCOALA GIMNAZIALA GRAJDURI CORP A",458,GRAJDURI,97241,1,PROV,PRCNCT,S,S_SV,"2021-01-21 12:30:02",1288,1278,10,0,114,104,10,0,1400,1286,112,0,2,5,51,6,26,0,2,5,0,3,3,4,3,0,2,2
24,IAŞI,"SCOALA GIMNAZIALA GRAJDURI CORP A",459,GRAJDURI,97241,1,PROV,PRCNCT,S,S_SV,"2021-01-21 12:30:02",1174,1169,5,0,118,113,5,0,1300,1182,108,4,6,5,62,1,19,2,3,7,0,1,0,3,2,0,3,0
24,IAŞI,"SCOALA PRIMARA VALEA SATULUI",460,GRAJDURI,97241,2,PART,PRCNCT,S,S_SV,"2021-01-21 12:30:02",1483,1472,11,0,59,48,11,0,1600,1541,55,4,0,1,31,2,3,0,4,7,0,4,1,0,2,0,0,0
24,IAŞI,"SCOALA PRIMARA VALEA SATULUI",461,GRAJDURI,97241,1,PROV,PRCNCT,S,S_SV,"2021-01-21 12:30:02",1598,1590,8,0,80,72,8,0,1800,1720,77,0,3,2,26,7,13,0,1,13,0,8,0,5,0,0,1,1
24,IAŞI,"SCOALA PRIMARA CARBUNARI",462,GRAJDURI,97241,1,PROV,PRCNCT,S,S_SV,"2021-01-21 12:30:02",875,861,13,1,74,60,13,1,900,826,70,3,1,3,17,1,1,1,16,9,0,1,0,20,1,0,0,0
24,IAŞI,"SCOALA PRIMARA PADURENI",463,GRAJDURI,97241,1,PROV,PRCNCT,S,S_SV,"2021-01-21 12:30:02",1027,1015,12,0,66,54,12,0,1100,1034,64,1,1,7,29,0,9,0,3,5,0,0,0,7,3,0,1,0
24,IAŞI,"SCOALA PRIMARA PADURENI",464,GRAJDURI,97241,1,PROV,PRCNCT,S,S_SV,"2021-01-21 12:30:02",738,722,16,0,76,60,16,0,800,724,73,1,2,8,21,2,14,0,5,16,0,1,1,4,1,0,0,0
24,IAŞI,"SCOALA PRIMARA POIANA CU CETATE",465,GRAJDURI,97241,1,PROV,PRCNCT,S,S_SV,"2021-01-21 12:30:02",147,138,9,0,49,40,9,0,200,151,46,2,1,6,10,7,9,0,1,6,0,1,0,2,4,0,0,0
24,IAŞI,"ȘCOALA GROPNIŢA",466,GROPNIŢA,97321,1,PROV,PRCNCT,S,S_SV,"2021-01-21 12:30:02",348,340,7,1,131,123,7,1,400,269,124,2,5,8,33,9,59,0,2,3,0,4,2,1,1,0,2,0
24,IAŞI,"SEDIUL PRIMĂRIEI",467,GROPNIŢA,97321,1,PROV,PRCNCT,S,S_SV,"2021-01-21 12:30:02",548,525,23,0,184,161,23,0,600,416,175,6,3,9,51,5,55,1,5,32,1,5,1,0,3,0,4,3
24,IAŞI,"CĂMIN CULTURAL FORĂŞTI",468,GROPNIŢA,97321,1,PROV,PRCNCT,S,S_SV,"2021-01-21 12:30:02",446,434,12,0,133,121,12,0,500,367,129,3,1,4,37,6,50,1,2,15,0,6,2,1,3,0,2,0
24,IAŞI,"SCOALA CU CLASELE I-IV MĂLĂEŞTI",469,GROPNIŢA,97321,1,PROV,PRCNCT,S,S_SV,"2021-01-21 12:30:02",343,323,19,1,140,120,19,1,400,260,131,9,0,4,25,7,72,1,4,7,0,4,1,2,1,0,2,1
24,IAŞI,"ŞCOALA SĂVENI",470,GROPNIŢA,97321,1,PROV,PRCNCT,S,S_SV,"2021-01-21 12:30:02",607,595,12,0,172,160,12,0,700,528,162,2,8,14,23,10,97,0,2,8,0,2,0,1,3,0,0,2
24,IAŞI,"ŞCOALA SÎNGERI",471,GROPNIŢA,97321,1,PROV,PRCNCT,S,S_SV,"2021-01-21 12:30:02",334,321,13,0,123,110,13,0,400,277,122,0,1,2,36,8,58,0,2,6,0,3,2,0,1,0,1,3
24,IAŞI,"SC. GIMNAZIALA GROZESTI",472,GROZEŞTI,97394,1,PROV,PRCNCT,S,S_SV,"2021-01-21 12:30:02",951,912,16,23,279,240,16,23,1000,721,264,7,8,4,141,10,41,2,18,32,0,5,3,0,2,0,4,2
24,IAŞI,"GRADINITA COLTU-CORNII",473,GROZEŞTI,97394,1,PROV,PRCNCT,S,S_SV,"2021-01-21 12:30:02",479,452,11,16,165,138,11,16,500,335,158,2,5,1,113,2,17,0,2,14,0,5,0,0,1,1,1,1
24,IAŞI,"CAMIN CULTURAL HALAUCESTI",474,HĂLĂUCEŞTI,97438,1,PROV,PRCNCT,S,S_SV,"2021-01-21 12:30:02",1357,1347,10,0,241,231,10,0,1500,1259,239,1,1,52,43,3,88,1,11,29,0,4,0,1,1,0,3,3
24,IAŞI,"CAMIN CULTURAL HALAUCESTI",475,HĂLĂUCEŞTI,97438,1,PROV,PRCNCT,S,S_SV,"2021-01-21 12:30:02",1204,1197,7,0,230,223,7,0,1300,1070,224,5,1,42,43,2,83,1,9,23,0,3,4,6,1,0,4,3
24,IAŞI,"GRADINITA CU PROGRAM NORMAL HALAUCESTI",476,HĂLĂUCEŞTI,97438,1,PROV,PRCNCT,S,S_SV,"2021-01-21 12:30:02",1427,1417,10,0,282,272,10,0,1600,1318,272,9,1,46,34,10,115,2,14,36,1,4,2,1,1,0,4,2
24,IAŞI,"SCOALA GENERALA LUNCASI",477,HĂLĂUCEŞTI,97438,1,PROV,PRCNCT,S,S_SV,"2021-01-21 12:30:02",787,778,9,0,173,164,9,0,900,727,164,9,0,21,32,10,54,0,17,14,0,5,0,4,1,0,5,1
24,IAŞI,"ȘCOALA GIMNAZIALĂ HĂRMĂNEȘTII VECHI",478,HĂRMĂNEŞTI,100326,1,PROV,PRCNCT,S,S_SV,"2021-01-21 12:30:02",1293,1277,16,0,302,286,16,0,1400,1098,290,6,6,22,106,13,59,0,21,53,0,4,1,2,2,0,6,1
24,IAŞI,"ŞCOALA HĂRMĂNEŞTII NOI",479,HĂRMĂNEŞTI,100326,1,PROV,PRCNCT,S,S_SV,"2021-01-21 12:30:02",731,711,20,0,261,241,20,0,800,539,250,4,7,4,67,16,82,1,12,50,1,4,3,4,1,0,3,2
24,IAŞI,"SCOALA GIMNAZIALA HELESTENI",480,HELEŞTENI,97465,1,PROV,PRCNCT,S,S_SV,"2021-01-21 12:30:02",670,652,18,0,238,220,18,0,700,462,231,3,4,13,77,17,48,1,9,40,0,5,3,10,5,0,2,1
24,IAŞI,"CENTRUL EDUCATIV PENTRU COPII SARACI HARMANEASA",481,HELEŞTENI,97465,1,PROV,PRCNCT,S,S_SV,"2021-01-21 12:30:02",595,585,10,0,208,198,10,0,600,392,194,5,9,5,88,15,22,0,4,37,1,5,2,4,7,0,4,0
24,IAŞI,"SCOALA GIMNAZIALA OBOROCENI",482,HELEŞTENI,97465,1,PROV,PRCNCT,S,S_SV,"2021-01-21 12:30:02",621,608,13,0,205,192,13,0,700,495,195,3,7,8,99,6,31,2,5,28,0,5,1,2,4,0,4,0
24,IAŞI,"CASA DE PRAZNUIRE",483,HELEŞTENI,97465,1,PROV,PRCNCT,S,S_SV,"2021-01-21 12:30:02",177,161,16,0,80,64,16,0,200,120,74,2,4,2,38,2,12,2,1,9,0,1,1,1,2,1,0,2
24,IAŞI,"SCOALA CU CLASELE I-VIII",484,HOLBOCA,95159,1,PROV,PRCNCT,S,S_SV,"2021-01-21 12:30:02",560,545,15,0,120,105,15,0,600,480,117,3,0,15,20,0,42,0,5,27,0,0,0,3,2,0,2,1
24,IAŞI,"SCOALA HOLBOCA",485,HOLBOCA,95159,1,PROV,PRCNCT,S,S_SV,"2021-01-21 12:30:02",1565,1535,30,0,437,407,30,0,1700,1263,424,8,5,76,61,21,146,0,24,72,0,6,1,7,5,1,3,1
24,IAŞI,"SCOALA HOLBOCA",486,HOLBOCA,95159,1,PROV,PRCNCT,S,S_SV,"2021-01-21 12:30:02",1561,1529,32,0,446,414,32,0,1700,1254,439,3,4,82,92,7,156,1,20,56,0,4,2,7,7,0,2,3
24,IAŞI,"GRADINITA CU PROGRAM NORMAL DANCU",487,HOLBOCA,95159,1,PROV,PRCNCT,S,S_SV,"2021-01-21 12:30:02",1354,1328,26,0,410,384,26,0,1500,1090,403,7,0,70,111,14,100,0,20,60,1,8,3,7,4,1,3,1
24,IAŞI,"GRADINITA CU PROGRAM NORMAL DANCU",488,HOLBOCA,95159,1,PROV,PRCNCT,S,S_SV,"2021-01-21 12:30:02",1450,1429,20,1,417,396,20,1,1600,1183,405,11,1,100,87,9,100,2,17,57,0,3,5,11,4,1,5,4
24,IAŞI,"SCOALA STEFAN CEL MARE",489,HOLBOCA,95159,1,PROV,PRCNCT,S,S_SV,"2021-01-21 12:30:02",1281,1257,24,0,371,347,24,0,1400,1029,370,1,0,80,112,10,64,1,12,57,0,9,4,3,10,4,2,2
24,IAŞI,"SCOALA STEFAN CEL MARE",490,HOLBOCA,95159,2,PART,PRCNCT,S,S_SV,"2021-01-21 12:30:02",1515,1492,21,2,436,413,21,2,1600,1164,422,9,5,79,120,10,97,2,24,63,3,6,3,8,1,0,3,3
24,IAŞI,"SCOALA STEFAN CEL MARE",491,HOLBOCA,95159,1,PROV,PRCNCT,S,S_SV,"2021-01-21 12:30:02",1448,1435,13,0,446,433,13,0,1600,1154,434,9,3,95,110,15,108,1,9,65,1,4,4,6,6,0,6,4
24,IAŞI,"SCOALA CU CLASELE I-IV",492,HOLBOCA,95159,1,PROV,PRCNCT,S,S_SV,"2021-01-21 12:30:02",365,352,13,0,90,77,13,0,400,310,87,3,0,9,11,5,34,2,1,13,1,1,1,5,0,1,3,0
24,IAŞI,"SPAȚIU COMERCIAL PROPRIETATE GOLĂESCU MARIA",493,HOLBOCA,95159,1,PROV,PRCNCT,S,S_SV,"2021-01-21 12:30:02",644,624,18,2,141,121,18,2,700,559,130,9,2,17,15,2,56,0,1,18,0,4,0,5,2,0,3,7
24,IAŞI,"SCOALA CU CLASELE I-IV",494,HOLBOCA,95159,1,PROV,PRCNCT,S,S_SV,"2021-01-21 12:30:02",652,636,16,0,158,142,16,0,700,542,153,1,4,15,24,7,57,0,6,38,0,2,1,1,1,0,0,1
24,IAŞI,"SCAOALA VALEA LUNGA",495,HOLBOCA,95159,1,PROV,PRCNCT,S,S_SV,"2021-01-21 12:30:02",299,267,32,0,122,90,32,0,300,178,119,2,1,15,11,4,49,1,3,9,0,3,1,5,16,0,2,0
24,IAŞI,"ŞCOALA GIMNAZIALĂ HORLEŞTI CORP B",496,HORLEŞTI,97517,1,PROV,PRCNCT,S,S_SV,"2021-01-21 12:30:02",1167,1137,30,0,385,355,30,0,1300,915,368,9,8,25,48,22,215,0,7,18,0,8,4,4,2,2,9,4
24,IAŞI,"ŞCOALA GIMNAZIALĂ HORLEŞTI CORP B",497,HORLEŞTI,97517,1,PROV,PRCNCT,S,S_SV,"2021-01-21 12:30:02",429,417,12,0,122,110,12,0,500,378,113,2,7,5,16,7,66,1,1,10,1,3,0,0,1,0,1,1
24,IAŞI,"GRĂDINIȚA BOGDĂNEŞTI",498,HORLEŞTI,97517,1,PROV,PRCNCT,S,S_SV,"2021-01-21 12:30:02",548,526,22,0,169,147,22,0,600,431,161,2,6,10,47,6,54,0,13,19,1,1,2,1,3,0,2,2
24,IAŞI,"FOSTA ŞCOALĂ SATUL SCOPOSENI",499,HORLEŞTI,97517,1,PROV,PRCNCT,S,S_SV,"2021-01-21 12:30:02",247,230,17,0,98,81,17,0,300,202,92,2,4,4,12,11,43,0,5,10,0,1,0,1,0,0,3,2
24,IAŞI,"SCOALA GIMNAZIALĂ ”CONSTANTIN TEODORESCU” RAZBOIENI",500,"ION NECULCE",95499,1,PROV,PRCNCT,S,S_SV,"2021-01-21 12:30:02",1725,1706,19,0,578,559,19,0,1800,1222,555,15,8,81,261,20,60,4,5,79,0,6,5,21,8,0,3,2
24,IAŞI,"SCOALA GIMNAZIALA BUZNEA",501,"ION NECULCE",95499,1,PROV,PRCNCT,S,S_SV,"2021-01-21 12:30:02",1458,1439,19,0,446,427,19,0,1600,1154,431,7,8,35,191,6,62,0,7,105,2,5,3,6,2,0,4,3
24,IAŞI,"SCOALA PRIMARA DADESTI",502,"ION NECULCE",95499,1,PROV,PRCNCT,S,S_SV,"2021-01-21 12:30:02",227,213,14,0,98,84,14,0,300,202,94,1,3,5,61,4,8,1,2,6,0,2,0,0,0,0,3,2
24,IAŞI,"SCOALA GĂNEŞTI",503,"ION NECULCE",95499,1,PROV,PRCNCT,S,S_SV,"2021-01-21 12:30:02",640,618,22,0,223,201,22,0,700,477,207,9,7,14,92,4,16,0,1,68,0,6,1,0,1,4,0,0
24,IAŞI,"CASA SOCIALA ION NECULCE",504,"ION NECULCE",95499,1,PROV,PRCNCT,S,S_SV,"2021-01-21 12:30:02",173,156,17,0,68,51,17,0,200,132,63,3,2,5,31,2,12,0,0,10,0,0,0,0,1,0,0,2
24,IAŞI,"SCOALA PRIMARA PRIGORENI",505,"ION NECULCE",95499,1,PROV,PRCNCT,S,S_SV,"2021-01-21 12:30:02",554,540,14,0,172,158,14,0,600,428,167,1,4,5,121,1,19,1,3,11,0,3,1,1,0,0,1,0
24,IAŞI,"SCOLA GIMNAZIALA”ION HAULICA”IPATELE",506,IPATELE,97553,1,PROV,PRCNCT,S,S_SV,"2021-01-21 12:30:02",516,504,12,0,161,149,12,0,600,439,151,5,5,5,93,6,12,3,2,21,0,4,1,0,0,0,4,0
24,IAŞI,"PUNCT SANITAR CUZA-VODĂ",507,IPATELE,97553,1,PROV,PRCNCT,S,S_SV,"2021-01-21 12:30:02",400,383,15,2,145,128,15,2,400,255,138,3,4,7,75,4,10,1,9,16,0,8,3,0,2,0,2,1
24,IAŞI,"CĂMIN CULTURAL BÎCU",508,IPATELE,97553,1,PROV,PRCNCT,S,S_SV,"2021-01-21 12:30:02",429,424,5,0,144,139,5,0,500,356,127,5,12,3,76,8,8,4,5,10,3,4,2,0,1,0,1,2
24,IAŞI,"LICEUL TEHNOLOGIC LESPEZI",509,LESPEZI,97606,1,PROV,PRCNCT,S,S_SV,"2021-01-21 12:30:02",816,805,11,0,170,159,11,0,900,730,166,2,2,9,56,11,37,0,9,31,0,0,3,4,3,1,0,2
24,IAŞI,"SCOALA GIMNAZIALA HECI",510,LESPEZI,97606,1,PROV,PRCNCT,S,S_SV,"2021-01-21 12:30:02",936,924,12,0,193,181,12,0,1000,807,187,1,5,14,45,3,38,1,16,64,1,2,0,0,1,0,1,1
24,IAŞI,"SCOALA GIMNAZIALA HECI",511,LESPEZI,97606,1,PROV,PRCNCT,S,S_SV,"2021-01-21 12:30:02",848,841,7,0,177,170,7,0,900,723,171,3,3,15,37,10,27,1,28,38,0,3,2,3,5,0,1,1
24,IAŞI,"ȘCOALA GIMNAZIALĂ BUDA",512,LESPEZI,97606,1,PROV,PRCNCT,S,S_SV,"2021-01-21 12:30:02",890,860,30,0,239,209,30,0,900,661,230,4,5,9,44,9,59,2,16,71,0,7,2,3,3,0,4,1
24,IAŞI,"SCOALA PRIMARĂ BERSUC DEAL",513,LESPEZI,97606,1,PROV,PRCNCT,S,S_SV,"2021-01-21 12:30:02",695,673,22,0,200,178,22,0,700,500,191,2,7,9,67,4,47,1,11,39,0,2,1,0,2,0,4,4
24,IAŞI,"SCOALA PRIMARĂ DUMBRAVA",514,LESPEZI,97606,1,PROV,PRCNCT,S,S_SV,"2021-01-21 12:30:02",578,565,13,0,130,117,13,0,600,470,128,2,0,5,37,3,34,0,9,26,0,3,1,0,10,0,0,0
24,IAŞI,"SCOALA GIMNAZIALA LETCANI",515,LEŢCANI,97679,1,PROV,PRCNCT,S,S_SV,"2021-01-21 12:30:02",2003,1937,58,8,752,686,58,8,2100,1348,715,13,24,84,118,29,353,3,18,77,2,12,2,3,5,1,7,1
24,IAŞI,"SCOALA GIMNAZIALA LETCANI",516,LEŢCANI,97679,1,PROV,PRCNCT,S,S_SV,"2021-01-21 12:30:02",1782,1720,48,14,625,563,48,14,1900,1275,600,12,13,82,108,38,266,1,9,71,0,4,2,8,3,0,5,3
24,IAŞI,"SCOALA PRIMARA BOGONOS",517,LEŢCANI,97679,1,PROV,PRCNCT,S,S_SV,"2021-01-21 12:30:02",679,652,27,0,259,232,27,0,700,441,251,5,3,17,49,8,136,1,5,23,0,2,3,2,0,0,2,3
24,IAŞI,"SCOALA GIMNAZIALA COGEASCA",518,LEŢCANI,97679,1,PROV,PRCNCT,S,S_SV,"2021-01-21 12:30:02",1646,1612,34,0,462,428,34,0,1800,1338,443,7,12,24,81,11,174,3,11,104,0,7,6,4,4,2,9,3
24,IAŞI,"SCOALA PRIMARA CUCUTENI",519,LEŢCANI,97679,1,PROV,PRCNCT,S,S_SV,"2021-01-21 12:30:02",413,392,19,2,121,100,19,2,400,279,115,5,1,14,18,5,44,1,4,20,0,1,0,4,1,0,0,3
24,IAŞI,"LICEUL TEHNOLOGIC LUNGANI",520,LUNGANI,97722,1,PROV,PRCNCT,S,S_SV,"2021-01-21 12:30:02",903,884,19,0,248,229,19,0,1000,752,242,4,2,17,97,3,68,0,2,37,0,7,0,2,2,0,4,3
24,IAŞI,"SCOALA GIMNAZIALA CRUCEA",521,LUNGANI,97722,1,PROV,PRCNCT,S,S_SV,"2021-01-21 12:30:02",1255,1245,9,1,388,378,9,1,1400,1012,341,37,10,1,249,7,42,5,1,12,0,11,0,5,0,1,5,2
24,IAŞI,"GRADINITA DIN CADRUL SCOLII GIMNAZIALE GOESTI",522,LUNGANI,97722,1,PROV,PRCNCT,S,S_SV,"2021-01-21 12:30:02",759,718,27,14,292,251,27,14,800,508,267,10,15,6,200,2,16,0,3,29,1,4,4,0,0,0,2,0
24,IAŞI,"SCOALA GIMNAZIALA ZMEU",523,LUNGANI,97722,1,PROV,PRCNCT,S,S_SV,"2021-01-21 12:30:02",1404,1379,17,8,617,592,17,8,1500,883,597,14,6,5,508,4,28,3,1,19,0,19,3,0,0,0,6,1
24,IAŞI,"IMOBIL CRESA",524,MĂDÂRJAC,97777,1,PROV,PRCNCT,S,S_SV,"2021-01-21 12:30:02",1183,1150,28,5,366,333,28,5,1300,934,347,10,9,3,119,104,37,0,10,45,0,4,2,6,5,1,9,2
24,IAŞI,"ŞCOALA GIMNAZIALA VASILE ALECSANDRI MIRCESTI",525,MIRCEŞTI,97811,1,PROV,PRCNCT,S,S_SV,"2021-01-21 12:30:02",1274,1255,19,0,339,320,19,0,1400,1061,330,5,4,63,114,8,55,2,8,61,2,2,3,5,5,0,1,1
24,IAŞI,"ŞCOALA GIMNAZIALĂ IUGANI - ŞCOALA NOUĂ",526,MIRCEŞTI,97811,1,PROV,PRCNCT,S,S_SV,"2021-01-21 12:30:02",1343,1332,11,0,414,403,11,0,1500,1086,403,7,4,172,28,7,131,2,2,38,0,8,2,3,3,0,2,5
24,IAŞI,"ŞCOALA GIMNAZIALĂ IUGANI - ŞCOALA NOUĂ",527,MIRCEŞTI,97811,1,PROV,PRCNCT,S,S_SV,"2021-01-21 12:30:02",524,513,11,0,156,145,11,0,600,444,151,4,1,52,16,2,43,1,3,25,1,3,1,0,2,1,0,1
24,IAŞI,"SCOALA GIMNAZIALA MIRONEASA",528,MIRONEASA,97875,1,PROV,PRCNCT,S,S_SV,"2021-01-21 12:30:02",1444,1435,9,0,270,261,9,0,1600,1330,248,11,11,3,31,16,129,1,3,37,0,5,4,2,1,0,12,4
24,IAŞI,"SCOALA GIMNAZIALA MIRONEASA",529,MIRONEASA,97875,1,PROV,PRCNCT,S,S_SV,"2021-01-21 12:30:02",1320,1315,5,0,355,350,5,0,1400,1045,323,15,17,2,67,13,178,3,3,26,1,9,3,2,4,0,4,8
24,IAŞI,"SCOALA GIMNAZIALA MIRONEASA",530,MIRONEASA,97875,1,PROV,PRCNCT,S,S_SV,"2021-01-21 12:30:02",1138,1129,9,0,251,242,9,0,1200,949,224,19,8,7,27,18,114,2,3,30,0,8,3,0,1,0,9,2
24,IAŞI,"SCOALA GIMNAZIALA URSITA",531,MIRONEASA,97875,1,PROV,PRCNCT,S,S_SV,"2021-01-21 12:30:02",502,489,13,0,170,157,13,0,500,330,161,2,7,2,29,25,67,0,3,29,0,1,1,0,0,0,3,1
24,IAŞI,"SCOALA GIMNAZIALA ” COLONEL CONSTANTIN LANGA ”-MIROSLAVA",532,MIROSLAVA,97919,1,PROV,PRCNCT,S,S_SV,"2021-01-21 12:30:02",1951,1878,72,1,618,545,72,1,2000,1382,603,10,5,204,72,28,145,3,23,98,2,4,2,12,0,0,8,2
24,IAŞI,"SCOALA GIMNAZIALA ”COLONEL CONSTANTIN LANGA”-MIROSLAVA",533,MIROSLAVA,97919,1,PROV,PRCNCT,S,S_SV,"2021-01-21 12:30:02",1945,1870,71,4,577,502,71,4,2000,1423,570,6,1,207,70,25,153,0,17,66,0,1,2,16,8,1,3,1
24,IAŞI,"SALA DE SPORT -MIROSLAVA",534,MIROSLAVA,97919,1,PROV,PRCNCT,S,S_SV,"2021-01-21 12:30:02",1396,1324,70,2,494,422,70,2,1400,906,489,5,0,193,64,30,87,1,24,60,3,1,1,7,10,1,5,2
24,IAŞI,"SCOALA CU CLASELE I-IV BRĂTULENI",535,MIROSLAVA,97919,1,PROV,PRCNCT,S,S_SV,"2021-01-21 12:30:02",348,324,24,0,114,90,24,0,400,286,110,3,1,21,16,4,45,0,1,12,0,3,1,3,2,0,2,0
24,IAŞI,"GRĂDINIȚA CU PROGRAM NORMAL CIURBEȘTI",536,MIROSLAVA,97919,1,PROV,PRCNCT,S,S_SV,"2021-01-21 12:30:02",1049,1019,30,0,269,239,30,0,1100,831,264,4,1,47,48,10,67,3,5,67,0,5,2,4,1,0,1,4
24,IAŞI,"SCOALA GIMNAZIALĂ ”DIMITRIE ANGHEL”- CORNESTI",537,MIROSLAVA,97919,1,PROV,PRCNCT,S,S_SV,"2021-01-21 12:30:02",1124,1098,24,2,243,217,24,2,1200,957,234,9,0,22,25,5,101,0,6,57,1,6,1,2,1,0,5,2
24,IAŞI,"GRADINITA CU PROGRAM NORMAL -HORPAZ",538,MIROSLAVA,97919,1,PROV,PRCNCT,S,S_SV,"2021-01-21 12:30:02",1400,1327,73,0,564,491,73,0,1500,936,555,7,2,220,80,21,128,0,11,63,2,4,2,11,6,0,4,3
24,IAŞI,"GRĂDINIŢA CU PROGRAM NORMAL",539,MIROSLAVA,97919,1,PROV,PRCNCT,S,S_SV,"2021-01-21 12:30:02",1241,1198,43,0,414,371,43,0,1300,886,409,5,0,158,62,12,96,0,13,44,0,5,3,5,6,1,1,3
24,IAŞI,"SCOALA GIMNAZIALA ”MIRON BARNOVSCHI”-URICANI",540,MIROSLAVA,97919,1,PROV,PRCNCT,S,S_SV,"2021-01-21 12:30:02",1046,1019,26,1,286,259,26,1,1099,813,279,5,2,75,67,11,62,2,8,38,1,5,0,3,1,0,4,2
24,IAŞI,"GRADINITA CU PROGRAM NORMAL-VALEA ADINCA",541,MIROSLAVA,97919,2,PART,PRCNCT,S,S_SV,"2021-01-21 12:30:02",2088,2023,65,0,666,601,65,0,2200,1534,660,4,2,342,46,35,115,0,24,61,5,8,2,8,9,0,5,0
24,IAŞI,"GRADINITA CU PROGRAM NORMAL-VALEA ADINCA",542,MIROSLAVA,97919,1,PROV,PRCNCT,S,S_SV,"2021-01-21 12:30:02",2098,2067,28,3,724,693,28,3,2200,1476,700,22,0,317,73,39,134,3,12,72,2,12,3,9,10,3,7,4
24,IAŞI,"MAGAZIN MOBILA TOFAN",543,MIROSLAVA,97919,2,PART,PRCNCT,S,S_SV,"2021-01-21 12:30:02",2105,1964,136,5,929,788,136,5,2100,1171,917,10,2,356,156,63,153,0,34,107,2,7,2,10,11,5,7,4
24,IAŞI,"SCOALA PRIMARA-VOROVESTI",544,MIROSLAVA,97919,1,PROV,PRCNCT,S,S_SV,"2021-01-21 12:30:02",906,882,24,0,237,213,24,0,1008,771,229,4,4,51,43,13,59,1,2,45,0,2,1,4,2,0,4,2
24,IAŞI,"SCOALA GIMNAZIALA MIROSLOVESTI",545,MIROSLOVEŞTI,98051,1,PROV,PRCNCT,S,S_SV,"2021-01-21 12:30:02",1525,1490,35,0,395,360,35,0,1600,1205,387,6,2,9,170,5,113,0,13,43,1,7,4,2,10,2,6,2
24,IAŞI,"SCOALA GIMNAZIALA SOCI",546,MIROSLOVEŞTI,98051,1,PROV,PRCNCT,S,S_SV,"2021-01-21 12:30:02",1062,1039,23,0,320,297,23,0,1100,780,305,7,8,21,127,7,88,0,20,22,0,2,5,0,5,0,6,2
24,IAŞI,"SCOALA GIMNAZIALA VERSENI",547,MIROSLOVEŞTI,98051,1,PROV,PRCNCT,S,S_SV,"2021-01-21 12:30:02",961,948,13,0,253,240,13,0,1000,747,250,3,0,5,129,6,40,2,6,52,1,0,2,1,5,1,0,0
24,IAŞI,"LICEUL TEHNOLOGIC DUMITRU POPA - MOGOȘEȘTI",548,MOGOŞEŞTI,98113,1,PROV,PRCNCT,S,S_SV,"2021-01-21 12:30:02",1362,1341,21,0,362,341,21,0,1400,1038,356,3,3,12,91,9,152,0,10,59,1,8,1,2,6,2,0,3
24,IAŞI,"LICEUL TEHNOLOGIC DUMITRU POPA - MOGOȘEȘTI",549,MOGOŞEŞTI,98113,1,PROV,PRCNCT,S,S_SV,"2021-01-21 12:30:02",1038,1026,12,0,248,236,12,0,1100,852,234,5,9,11,57,7,91,1,5,48,1,0,1,1,8,0,1,2
24,IAŞI,"ŞCOALA GIMNAZIALĂ MÎNJEȘTI, CORP CLĂDIRE NR. 2",550,MOGOŞEŞTI,98113,1,PROV,PRCNCT,S,S_SV,"2021-01-21 12:30:02",524,505,19,0,155,136,19,0,600,445,148,4,3,6,35,3,54,0,3,23,0,3,0,3,11,1,5,1
24,IAŞI,"ȘCOALA GIMNAZIALĂ HADÂMBU",551,MOGOŞEŞTI,98113,1,PROV,PRCNCT,S,S_SV,"2021-01-21 12:30:02",832,819,13,0,203,190,13,0,900,697,179,13,11,5,17,5,97,3,13,20,0,4,0,3,3,0,6,3
24,IAŞI,"ȘCOALA PRIMARĂ BUDEȘTI",552,MOGOŞEŞTI,98113,1,PROV,PRCNCT,S,S_SV,"2021-01-21 12:30:02",317,304,13,0,113,100,13,0,400,287,111,0,2,2,21,1,58,1,4,17,1,1,0,1,1,0,3,0
24,IAŞI,"SCOALA GIMNAZIALA MOGOSESTI-SIRET",553,MOGOŞEŞTI-SIRET,98168,1,PROV,PRCNCT,S,S_SV,"2021-01-21 12:30:02",1384,1366,18,0,385,367,18,0,1500,1115,372,8,5,30,74,30,101,3,17,80,1,10,6,8,1,0,7,4
24,IAŞI,"SCOALA GIMNAZIALA MUNCELU DE SUS",554,MOGOŞEŞTI-SIRET,98168,1,PROV,PRCNCT,S,S_SV,"2021-01-21 12:30:02",907,898,9,0,241,232,9,0,1000,759,233,2,6,19,73,17,59,0,13,32,0,4,4,2,2,1,4,3
24,IAŞI,"SCOALA GIMNAZIALA MUNCELU DE SUS",555,MOGOŞEŞTI-SIRET,98168,1,PROV,PRCNCT,S,S_SV,"2021-01-21 12:30:02",864,856,8,0,240,232,8,0,900,660,231,3,6,8,63,20,63,0,9,50,0,6,2,2,5,0,2,1
24,IAŞI,"ŞCOALA GIMNAZIALĂ MOŞNA",556,MOŞNA,98202,2,PART,PRCNCT,S,S_SV,"2021-01-21 12:30:02",1513,1503,10,0,91,81,10,0,1600,1509,87,3,1,2,28,5,37,0,1,7,0,2,1,0,1,0,2,1
24,IAŞI,"ȘCOALA GIMNAZIALĂ MOȘNA",557,MOŞNA,98202,1,PROV,PRCNCT,S,S_SV,"2021-01-21 12:30:02",1448,1444,3,1,268,264,3,1,1600,1332,248,13,7,8,62,14,127,0,8,10,1,6,5,0,2,0,2,3
24,IAŞI,"ȘCOALA GIMNAZIALĂ MOȘNA",558,MOŞNA,98202,1,PROV,PRCNCT,S,S_SV,"2021-01-21 12:30:02",1345,1337,5,3,162,154,5,3,1500,1338,157,2,3,1,23,15,89,2,2,16,1,5,0,0,1,0,2,0
24,IAŞI,"ȘCOALA GIMNAZIALĂ MOȘNA",559,MOŞNA,98202,1,PROV,PRCNCT,S,S_SV,"2021-01-21 12:30:02",1397,1377,20,0,20,0,20,0,1600,1580,18,1,1,2,2,4,7,0,1,1,0,0,0,0,1,0,0,0
24,IAŞI,"ȘCOALA GIMNAZIALĂ MOȘNA",560,MOŞNA,98202,1,PROV,PRCNCT,S,S_SV,"2021-01-21 12:30:02",1670,1657,13,0,39,26,13,0,1900,1861,34,4,1,3,6,4,17,0,0,1,0,0,1,1,0,0,1,0
24,IAŞI,"CĂMIN CULTURAL",561,MOŢCA,98220,1,PROV,PRCNCT,S,S_SV,"2021-01-21 12:30:02",1603,1582,19,2,398,377,19,2,1700,1302,387,8,3,22,177,10,58,2,27,68,1,4,2,4,2,0,6,4
24,IAŞI,"CĂMIN CULTURAL",562,MOŢCA,98220,1,PROV,PRCNCT,S,S_SV,"2021-01-21 12:30:02",1484,1463,19,2,318,297,19,2,1600,1282,310,7,1,30,130,11,27,1,29,63,0,0,4,4,2,0,7,2
24,IAŞI,"CĂMINUL CULTURAL BOURENI",563,MOŢCA,98220,1,PROV,PRCNCT,S,S_SV,"2021-01-21 12:30:02",1191,1171,20,0,290,270,20,0,1300,1010,278,7,5,7,163,2,32,1,11,48,0,4,2,2,1,0,5,0
24,IAŞI,"GRĂDINIȚA CU PROGRAM NORMAL MOVILENI",564,MOVILENI,98257,1,PROV,PRCNCT,S,S_SV,"2021-01-21 12:30:02",449,438,11,0,126,115,11,0,500,374,124,1,1,21,46,7,33,0,5,5,0,3,0,1,2,0,1,0
24,IAŞI,"SCOALA PRIMARA IEPURENI",565,MOVILENI,98257,1,PROV,PRCNCT,S,S_SV,"2021-01-21 12:30:02",704,690,14,0,177,163,14,0,800,623,163,7,7,38,62,9,26,0,1,14,0,3,3,4,0,0,2,1
24,IAŞI,"SCOALA GIMNAZIALA LARGA JIJIA",566,MOVILENI,98257,1,PROV,PRCNCT,S,S_SV,"2021-01-21 12:30:02",611,596,15,0,150,135,15,0,700,550,145,1,4,44,46,3,31,0,2,12,0,1,1,0,2,0,1,2
24,IAŞI,"SCOALA PRIMARA POTINGENI",567,MOVILENI,98257,1,PROV,PRCNCT,S,S_SV,"2021-01-21 12:30:02",755,734,21,0,167,146,21,0,800,633,155,9,3,35,34,1,39,1,2,35,0,1,1,2,1,1,2,0
24,IAŞI,"CĂMIN CULTURAL - SALA I OTELENI",568,OŢELENI,98300,1,PROV,PRCNCT,S,S_SV,"2021-01-21 12:30:02",1020,994,15,11,323,297,15,11,1100,777,309,4,10,16,116,26,72,2,5,46,0,10,4,5,2,0,3,2
24,IAŞI,"CĂMIN CULTURAL - SALA II OTELENI",569,OŢELENI,98300,1,PROV,PRCNCT,S,S_SV,"2021-01-21 12:30:02",1088,1068,13,7,360,340,13,7,1200,840,328,17,15,23,128,20,87,2,5,46,0,3,4,1,1,0,6,2
24,IAŞI,"SCOALA GIMNAZIALA HINDRESTI",570,OŢELENI,98300,1,PROV,PRCNCT,S,S_SV,"2021-01-21 12:30:02",894,871,21,2,235,212,21,2,1000,765,219,12,4,8,97,12,56,1,2,30,1,5,2,1,2,0,2,0
24,IAŞI,"LICEUL TEHNOLOGIC PLUGARI",571,PLUGARI,98337,1,PROV,PRCNCT,S,S_SV,"2021-01-21 12:30:02",1529,1454,19,56,364,289,19,56,1700,1336,352,9,3,12,75,8,183,0,7,53,0,2,0,3,4,0,2,3
24,IAŞI,"SCOALA GIMNAZIALA BOROSOAIA",572,PLUGARI,98337,2,PART,PRCNCT,S,S_SV,"2021-01-21 12:30:02",1205,1169,20,16,301,265,20,16,1300,999,289,4,8,8,85,8,135,0,1,37,0,4,1,1,1,0,5,3
24,IAŞI,"SCOALA GENERALA ” DIMITRIE STURDZA ”POPESTI",573,POPEŞTI,98435,1,PROV,PRCNCT,S,S_SV,"2021-01-21 12:30:02",922,899,20,3,181,158,20,3,1000,819,177,2,2,16,56,6,54,0,4,31,1,4,0,1,0,0,3,1
24,IAŞI,"SCOALA GENERALA ”DIMITRIE STURDZA”POPESTI",574,POPEŞTI,98435,1,PROV,PRCNCT,S,S_SV,"2021-01-21 12:30:02",913,902,6,5,198,187,6,5,1000,802,191,5,2,10,53,13,57,2,0,47,0,2,0,1,0,0,5,1
24,IAŞI,"ŞCOALA PRIMARA ”NICOLAIE BUTESCU” OBRIJENI",575,POPEŞTI,98435,1,PROV,PRCNCT,S,S_SV,"2021-01-21 12:30:02",1564,1550,14,0,43,29,14,0,1702,1659,43,0,0,0,13,2,17,0,1,7,0,0,0,0,0,0,1,2
24,IAŞI,"ŞCOALA PRIMARA ”NICOLAIE BUTESCU” OBRIJENI",576,POPEŞTI,98435,1,PROV,PRCNCT,S,S_SV,"2021-01-21 12:30:02",1328,1317,11,0,30,19,11,0,1400,1370,30,0,0,3,9,2,10,0,0,3,0,1,0,0,0,0,1,1
24,IAŞI,"ŞCOALA PRIMARA DOROSCANI",577,POPEŞTI,98435,1,PROV,PRCNCT,S,S_SV,"2021-01-21 12:30:02",473,459,13,1,126,112,13,1,500,374,115,5,6,10,41,4,32,0,4,10,0,5,3,0,1,0,3,2
24,IAŞI,"ŞCOALA GIMNAZIALA HARPASESTI,CORP CLADIRE NOU,SALA DIN PARTEA DREAPTA,PARTER",578,POPEŞTI,98435,1,PROV,PRCNCT,S,S_SV,"2021-01-21 12:30:02",774,763,8,3,135,124,8,3,800,665,127,4,4,3,38,16,49,0,0,11,0,2,2,0,3,1,1,1
24,IAŞI,"SCOALA GIMNAZIALA POPRICANI",579,POPRICANI,98505,1,PROV,PRCNCT,S,S_SV,"2021-01-21 12:30:02",1325,1290,31,4,428,393,31,4,996,568,417,4,7,40,81,20,183,0,11,52,0,6,1,2,7,0,6,8
24,IAŞI,"SCOALA GIMNAZIALA POPRICANI",580,POPRICANI,98505,2,PART,PRCNCT,S,S_SV,"2021-01-21 12:30:02",1205,1187,16,2,344,326,16,2,1300,956,335,6,3,26,72,11,168,0,16,30,0,2,1,0,4,1,2,2
24,IAŞI,"SCOALA GIMNAZIALA POPRICANI",581,POPRICANI,98505,1,PROV,PRCNCT,S,S_SV,"2021-01-21 12:30:02",383,375,8,0,112,104,8,0,400,288,107,3,2,17,29,1,35,0,5,11,0,3,0,3,1,0,2,0
24,IAŞI,"SCOALA PRIMARA TIPILESTI",582,POPRICANI,98505,1,PROV,PRCNCT,S,S_SV,"2021-01-21 12:30:02",320,306,14,0,122,108,14,0,400,278,115,5,2,13,34,6,41,0,2,6,0,3,1,1,1,0,3,4
24,IAŞI,"SCOALA PRIMARA COTU MORII",583,POPRICANI,98505,1,PROV,PRCNCT,S,S_SV,"2021-01-21 12:30:02",243,228,15,0,116,101,15,0,300,184,114,1,1,5,26,3,68,0,2,3,0,1,0,1,1,0,3,1
24,IAŞI,"SCOALA GIMNAZIALA VINATORI",584,POPRICANI,98505,1,PROV,PRCNCT,S,S_SV,"2021-01-21 12:30:02",1317,1294,21,2,329,306,21,2,804,475,326,2,1,46,63,11,103,0,9,66,1,5,3,9,2,0,5,3
24,IAŞI,"SCOALA GIMNAZIALA VINATORI",585,POPRICANI,98505,1,PROV,PRCNCT,S,S_SV,"2021-01-21 12:30:02",861,838,23,0,249,226,23,0,496,247,243,2,4,16,58,4,87,0,11,56,0,5,1,1,2,0,0,2
24,IAŞI,"SCOALA PRIMARA CIRLIG",586,POPRICANI,98505,1,PROV,PRCNCT,S,S_SV,"2021-01-21 12:30:02",746,716,30,0,220,190,30,0,800,580,214,2,4,27,49,21,65,3,3,30,0,3,1,7,2,0,1,2
24,IAŞI,"SCOALA PRIMARA CUZA- VODA",587,POPRICANI,98505,1,PROV,PRCNCT,S,S_SV,"2021-01-21 12:30:02",537,529,8,0,152,144,8,0,596,444,144,5,3,23,15,22,39,1,4,28,0,2,2,0,1,0,4,3
24,IAŞI,"GRADINITA CU PROGRAM NORMAL PRISĂCANI",588,PRISĂCANI,98603,2,PART,PRCNCT,S,S_SV,"2021-01-21 12:30:02",1416,1379,36,1,325,288,36,1,1500,1175,314,3,8,18,157,24,61,1,3,32,1,8,0,2,3,1,3,0
24,IAŞI,"SCOALA GIMNAZIALA MACARESTI",589,PRISĂCANI,98603,1,PROV,PRCNCT,S,S_SV,"2021-01-21 12:30:02",1863,1853,10,0,10,0,10,0,2000,1990,10,0,0,1,4,1,2,0,1,0,0,0,0,1,0,0,0,0
24,IAŞI,"SCOALA GIMNAZIALA MACARESTI",590,PRISĂCANI,98603,1,PROV,PRCNCT,S,S_SV,"2021-01-21 12:30:02",524,507,17,0,115,98,17,0,800,685,109,3,3,2,56,17,14,1,2,6,0,5,1,1,0,0,4,0
24,IAŞI,"SCOALA PRIMARA MORENI",591,PRISĂCANI,98603,1,PROV,PRCNCT,S,S_SV,"2021-01-21 12:30:02",835,809,26,0,255,229,26,0,900,645,246,2,7,21,67,60,48,2,4,22,1,6,3,2,3,0,4,3
24,IAŞI,"SCOLA GIMNAZIALA”PETRU ANGHEL”PROBOTA",592,PROBOTA,98649,1,PROV,PRCNCT,S,S_SV,"2021-01-21 12:30:02",1038,991,27,20,313,266,27,20,1100,787,299,5,9,8,45,18,189,0,8,16,0,3,2,2,1,0,6,1
24,IAŞI,"ȘCOALA PRIMARĂ BĂLTENI",593,PROBOTA,98649,2,PART,PRCNCT,S,S_SV,"2021-01-21 12:30:02",689,640,32,17,278,229,32,17,700,422,266,5,7,9,31,5,185,1,7,12,0,0,3,1,2,0,4,6
24,IAŞI,"SCOLA GIMNAZIALA PERIENI",594,PROBOTA,98649,2,PART,PRCNCT,S,S_SV,"2021-01-21 12:30:02",1309,1243,42,24,390,324,42,24,1400,1010,373,7,10,14,87,10,190,2,11,36,0,7,2,3,4,2,3,2
24,IAŞI,"SCOALA NOUA RACHITENI",595,RĂCHITENI,100335,1,PROV,PRCNCT,S,S_SV,"2021-01-21 12:30:02",1565,1546,19,0,352,333,19,0,1700,1348,340,4,8,50,48,8,186,0,5,27,0,1,2,0,2,1,6,4
24,IAŞI,"SCOALA IZVOARELE",596,RĂCHITENI,100335,1,PROV,PRCNCT,S,S_SV,"2021-01-21 12:30:02",1166,1150,16,0,207,191,16,0,1300,1093,200,4,3,35,68,12,46,2,2,23,0,1,2,4,0,0,3,2
24,IAŞI,"LICEUL TEORETIC LASCAR ROSETTI",597,RĂDUCĂNENI,98685,1,PROV,PRCNCT,S,S_SV,"2021-01-21 12:30:02",1261,1242,13,6,245,226,13,6,1400,1155,236,3,6,21,70,9,96,0,3,16,0,6,3,1,3,1,2,5
24,IAŞI,"LICEUL TEORETIC LASCAR ROSETTI",598,RĂDUCĂNENI,98685,1,PROV,PRCNCT,S,S_SV,"2021-01-21 12:30:02",1293,1231,24,38,337,275,24,38,1400,1063,316,12,9,14,109,31,101,1,13,31,1,7,2,0,3,0,1,2
24,IAŞI,"ŞCOALA GENERALA RADUCANENI",599,RĂDUCĂNENI,98685,1,PROV,PRCNCT,S,S_SV,"2021-01-21 12:30:02",1247,1230,14,3,253,236,14,3,1400,1147,246,3,4,25,86,13,80,1,4,24,0,3,0,3,2,0,4,1
24,IAŞI,"ŞCOALA GENERALA BAZGA",600,RĂDUCĂNENI,98685,1,PROV,PRCNCT,S,S_SV,"2021-01-21 12:30:02",1208,1193,13,2,298,283,13,2,1300,1002,280,12,4,19,128,12,47,0,21,31,0,9,2,4,1,1,2,3
24,IAŞI,"SCOALA GENERALA BOHOTIN",601,RĂDUCĂNENI,98685,2,PART,PRCNCT,S,S_SV,"2021-01-21 12:30:02",1274,1264,10,0,243,233,10,0,1400,1157,237,4,2,22,99,8,38,0,12,42,1,4,3,2,2,1,2,1
24,IAŞI,"SAT ROȘU NR. 87 IMOBIL PROPRIETATE PRIVATĂ NĂVĂLICI ELENA",602,RĂDUCĂNENI,98685,1,PROV,PRCNCT,S,S_SV,"2021-01-21 12:30:02",546,534,12,0,101,89,12,0,600,499,98,2,1,4,42,10,22,1,4,7,0,0,1,1,3,0,3,0
24,IAŞI,"ŞCOALA GENERALĂ ISAIIA",603,RĂDUCĂNENI,98685,1,PROV,PRCNCT,S,S_SV,"2021-01-21 12:30:02",268,252,15,1,75,59,15,1,300,225,72,0,3,4,18,12,20,1,3,7,0,0,1,1,0,0,4,1
24,IAŞI,"SCOALA GIMNAZIALA REDIU",604,REDIU,95239,1,PROV,PRCNCT,S,S_SV,"2021-01-21 12:30:02",1922,1867,49,6,510,455,49,6,2100,1590,497,8,5,196,70,65,74,0,13,58,0,5,1,6,2,1,3,3
24,IAŞI,"SCOALA GIMNAZIALA REDIU",605,REDIU,95239,1,PROV,PRCNCT,S,S_SV,"2021-01-21 12:30:02",1482,1379,97,6,431,328,97,6,1500,1069,420,9,2,159,48,58,67,1,18,44,1,5,4,8,2,2,2,1
24,IAŞI,"GRADINITA CU PROGRAM NORMAL BREAZU",606,REDIU,95239,1,PROV,PRCNCT,S,S_SV,"2021-01-21 12:30:02",1916,1842,73,1,682,608,73,1,2000,1318,674,4,4,273,128,53,100,0,27,58,0,10,4,6,5,1,5,4
24,IAŞI,"SCOALA GIMNAZIALA HORLESTI",607,REDIU,95239,1,PROV,PRCNCT,S,S_SV,"2021-01-21 12:30:02",1111,1080,31,0,247,216,31,0,1200,953,240,5,2,48,52,36,42,2,17,26,1,4,1,5,0,0,5,1
24,IAŞI,"SCOALA GIMNAZIALA ”IOANID ROMANESCU” ROMANESTI",608,ROMÂNEŞTI,98738,1,PROV,PRCNCT,S,S_SV,"2021-01-21 12:30:02",747,717,26,4,228,198,26,4,800,572,219,5,4,7,49,6,117,0,2,20,0,3,1,4,2,0,6,2
24,IAŞI,"SCOALA PRIMARA AVINTU",609,ROMÂNEŞTI,98738,1,PROV,PRCNCT,S,S_SV,"2021-01-21 12:30:02",397,371,26,0,129,103,26,0,400,271,120,4,5,7,41,4,46,0,7,7,0,2,3,0,1,0,1,1
24,IAŞI,"SCOALA GIMNAZIALA URSOAIA",610,ROMÂNEŞTI,98738,3,PART,PRCNCT,S,S_SV,"2021-01-21 12:30:02",363,346,17,0,112,95,17,0,400,288,112,0,0,13,33,7,43,0,5,5,0,0,0,2,0,1,1,2
24,IAŞI,"ȘCOALA GIMNAZIALĂ RĂDENI",611,ROŞCANI,100344,1,PROV,PRCNCT,S,S_SV,"2021-01-21 12:30:02",611,590,21,0,201,180,21,0,600,399,195,3,3,4,79,4,83,0,2,11,0,5,2,1,0,2,2,0
24,IAŞI,"ȘCOALA PRIMARĂ ROȘCANI, NR. 1",612,ROŞCANI,100344,1,PROV,PRCNCT,S,S_SV,"2021-01-21 12:30:02",569,557,12,0,172,160,12,0,600,428,163,6,3,4,86,4,33,0,2,24,0,3,3,2,1,0,1,0
24,IAŞI,"ŞCOALA GIMNAZIALĂ RUGINOASA",613,RUGINOASA,98774,1,PROV,PRCNCT,S,S_SV,"2021-01-21 12:30:02",849,835,14,0,231,217,14,0,900,669,223,5,3,6,85,10,58,0,8,42,0,0,7,2,1,0,3,1
24,IAŞI,"ŞCOALA GIMNAZIALĂ RUGINOASA",614,RUGINOASA,98774,1,PROV,PRCNCT,S,S_SV,"2021-01-21 12:30:02",697,683,14,0,169,155,14,0,800,631,164,4,1,7,87,8,21,0,7,24,1,5,0,1,2,0,1,0
24,IAŞI,"ŞCOALA GIMNAZIALĂ DUMBRĂVIŢA",615,RUGINOASA,98774,1,PROV,PRCNCT,S,S_SV,"2021-01-21 12:30:02",1193,1179,14,0,287,273,14,0,1300,1013,272,4,11,22,136,5,29,0,7,45,0,5,2,1,12,3,4,1
24,IAŞI,"ŞCOALA GIMNAZIALĂ DUMBRĂVIŢA",616,RUGINOASA,98774,1,PROV,PRCNCT,S,S_SV,"2021-01-21 12:30:02",900,886,13,1,175,161,13,1,1000,825,169,3,3,16,87,4,12,0,4,33,0,5,3,2,1,1,0,1
24,IAŞI,"ŞCOALA GIMNAZIALĂ REDIU-CLĂDIRE GRĂDINIŢA REDIU",617,RUGINOASA,98774,1,PROV,PRCNCT,S,S_SV,"2021-01-21 12:30:02",980,975,5,0,211,206,5,0,1100,889,201,7,3,14,83,21,25,1,2,35,0,1,1,1,5,5,4,3
24,IAŞI,"ŞCOALA VASCANI",618,RUGINOASA,98774,1,PROV,PRCNCT,S,S_SV,"2021-01-21 12:30:02",405,394,11,0,127,116,11,0,394,267,121,2,4,5,71,6,14,0,4,8,1,4,2,1,2,0,2,1
24,IAŞI,"ȘCOALA GIMNAZIALĂ „AXINTE URICARIUL” SCÂNTEIA - CORP A",619,SCÂNTEIA,98916,2,PART,PRCNCT,S,S_SV,"2021-01-21 12:30:02",1658,1647,11,0,122,111,11,0,1700,1578,121,1,0,12,17,6,47,0,2,26,4,1,0,2,2,0,2,0
24,IAŞI,"ȘCOALA GIMNAZIALĂ „AXINTE URICARIUL” SCÂNTEIA - CORP A",620,SCÂNTEIA,98916,1,PROV,PRCNCT,S,S_SV,"2021-01-21 12:30:02",1881,1861,20,0,172,152,20,0,1900,1728,159,10,3,13,33,7,38,1,13,31,3,9,1,3,4,1,1,1
24,IAŞI,"GRĂDINIȚA CU PROGRAM NORMAL SCÂNTEIA",621,SCÂNTEIA,98916,2,PART,PRCNCT,S,S_SV,"2021-01-21 12:30:02",1662,1645,17,0,74,57,17,0,1700,1626,72,0,2,4,18,2,21,0,6,8,0,3,1,4,4,0,1,0
24,IAŞI,"ŞCOALA GIMNAZIALĂ BODEŞTI",622,SCÂNTEIA,98916,1,PROV,PRCNCT,S,S_SV,"2021-01-21 12:30:02",413,403,10,0,100,90,10,0,500,400,99,1,0,6,24,4,22,0,1,19,3,4,0,8,0,0,4,4
24,IAŞI,"CĂMINUL CULTURAL BOROSEŞTI",623,SCÂNTEIA,98916,1,PROV,PRCNCT,S,S_SV,"2021-01-21 12:30:02",736,714,19,3,176,154,19,3,800,624,165,7,4,12,32,6,84,0,6,17,0,1,0,2,1,1,1,2
24,IAŞI,"ŞCOALA PRIMARĂ CIOCÂRLEŞTI",624,SCÂNTEIA,98916,1,PROV,PRCNCT,S,S_SV,"2021-01-21 12:30:02",256,240,14,2,75,59,14,2,300,225,74,0,1,12,14,4,25,0,4,8,1,3,0,0,1,0,1,1
24,IAŞI,"ŞCOALA PRIMARĂ LUNCA RATEŞ",625,SCÂNTEIA,98916,1,PROV,PRCNCT,S,S_SV,"2021-01-21 12:30:02",326,318,8,0,50,42,8,0,400,350,47,3,0,4,18,4,7,0,2,8,0,1,1,1,1,0,0,0
24,IAŞI,"ŞCOALA PRIMARĂ REDIU",626,SCÂNTEIA,98916,1,PROV,PRCNCT,S,S_SV,"2021-01-21 12:30:02",194,179,15,0,50,35,15,0,200,150,48,2,0,3,5,1,30,0,1,5,0,0,1,1,1,0,0,0
24,IAŞI,"ŞCOALA PRIMARĂ TUFEŞTII DE SUS",627,SCÂNTEIA,98916,1,PROV,PRCNCT,S,S_SV,"2021-01-21 12:30:02",218,205,13,0,52,39,13,0,300,248,46,5,1,1,15,1,18,0,1,5,0,0,1,1,1,1,1,0
24,IAŞI,"CĂMINUL CULTURAL SCÂNTEIA",628,SCÂNTEIA,98916,1,PROV,PRCNCT,S,S_SV,"2021-01-21 12:30:02",1924,1908,16,0,71,55,16,0,2000,1929,71,0,0,14,14,1,20,0,2,12,3,0,0,4,1,0,0,0
24,IAŞI,"SCOALA PRIMARA SCHITU DUCA",629,"SCHITU DUCA",98827,1,PROV,PRCNCT,S,S_SV,"2021-01-21 12:30:02",173,137,35,1,173,137,35,1,500,327,169,1,3,14,49,8,70,0,6,13,0,1,1,3,0,0,3,1
24,IAŞI,"SCOALA GIMNAZIALA POIENI",630,"SCHITU DUCA",98827,1,PROV,PRCNCT,S,S_SV,"2021-01-21 12:30:02",724,690,34,0,220,186,34,0,800,580,212,6,2,24,48,11,60,2,6,23,0,29,0,4,2,0,1,2
24,IAŞI,"SCOALA GIMNAZIALA DUMITRESTII GALATII",631,"SCHITU DUCA",98827,1,PROV,PRCNCT,S,S_SV,"2021-01-21 12:30:02",557,539,17,1,225,207,17,1,600,375,208,8,9,15,43,1,104,2,4,8,1,10,0,5,2,2,8,3
24,IAŞI,"SCOALA GIMNAZIALA POCREACA",632,"SCHITU DUCA",98827,1,PROV,PRCNCT,S,S_SV,"2021-01-21 12:30:02",370,329,23,18,167,128,23,16,400,233,144,12,8,5,32,8,55,0,2,6,0,31,0,2,2,0,1,0
24,IAŞI,"SCOALA PRIMARA POIANA",633,"SCHITU DUCA",98827,1,PROV,PRCNCT,S,S_SV,"2021-01-21 12:30:02",385,357,21,7,133,105,21,7,398,265,124,5,4,18,17,5,63,0,2,4,0,3,3,0,4,0,3,2
24,IAŞI,"SCOALA GIMNAZIALA SATU NOU",634,"SCHITU DUCA",98827,2,PART,PRCNCT,S,S_SV,"2021-01-21 12:30:02",449,429,18,2,136,116,18,2,500,364,131,4,1,2,36,25,39,2,3,15,1,0,1,1,2,0,3,1
24,IAŞI,"SCOALA PRIMARA SLOBOZIA",635,"SCHITU DUCA",98827,1,PROV,PRCNCT,S,S_SV,"2021-01-21 12:30:02",362,348,14,0,157,143,14,0,400,243,139,7,11,0,43,3,47,1,2,9,0,23,1,1,2,0,5,2
24,IAŞI,"SAT SCOBINTI, SEDIU SCOALA VECHE SCOBINTI",636,SCOBINŢI,98998,1,PROV,PRCNCT,S,S_SV,"2021-01-21 12:30:02",1248,1239,9,0,281,272,9,0,1300,1019,271,4,6,14,103,6,58,0,6,71,0,3,0,4,0,1,3,2
24,IAŞI,"SAT SCOBINTI, SEDIU SCOALA ZVARICI- SCOBINTI",637,SCOBINŢI,98998,1,PROV,PRCNCT,S,S_SV,"2021-01-21 12:30:02",293,276,17,0,79,62,17,0,300,221,74,3,2,5,28,4,13,0,3,12,2,0,0,0,0,0,7,0
24,IAŞI,"SAT BADENI, SEDIU SCOALA BADENI",638,SCOBINŢI,98998,1,PROV,PRCNCT,S,S_SV,"2021-01-21 12:30:02",1035,1021,14,0,271,257,14,0,1100,829,255,9,7,20,93,4,48,0,14,56,0,5,3,2,2,0,6,2
24,IAŞI,"SAT FETESTI, SEDIU SCOALA COORD.",639,SCOBINŢI,98998,1,PROV,PRCNCT,S,S_SV,"2021-01-21 12:30:02",1059,1050,8,1,247,238,8,1,1200,953,237,4,6,27,52,15,51,0,4,77,4,3,0,0,0,0,1,3
24,IAŞI,"SAT STICLARIA, SEDIU SCOALA STICLARIA",640,SCOBINŢI,98998,1,PROV,PRCNCT,S,S_SV,"2021-01-21 12:30:02",1212,1196,16,0,314,298,16,0,1300,986,308,3,3,20,105,8,62,1,8,73,11,2,2,1,5,0,6,4
24,IAŞI,"SAT STICLARIA, SEDIU SCOALA REDIU",641,SCOBINŢI,98998,1,PROV,PRCNCT,S,S_SV,"2021-01-21 12:30:02",269,251,18,0,77,59,18,0,300,223,75,2,0,3,30,6,10,1,1,18,0,0,1,2,0,0,2,1
24,IAŞI,"SAT .ZAGAVIA ,CU SEDIUL LA SCOALA ZAGAVIA",642,SCOBINŢI,98998,1,PROV,PRCNCT,S,S_SV,"2021-01-21 12:30:02",961,950,11,0,208,197,11,0,1000,792,196,9,3,18,47,5,44,0,7,56,0,5,2,3,0,1,7,1
24,IAŞI,"ŞCOALA GIMNAZIALA OSOI",643,SINEŞTI,99058,1,PROV,PRCNCT,S,S_SV,"2021-01-21 12:30:02",834,823,11,0,156,145,11,0,900,744,141,2,13,3,58,2,23,1,2,32,1,7,1,3,2,0,5,1
24,IAŞI,"SALA DE SPORT SINEŞTI",644,SINEŞTI,99058,1,PROV,PRCNCT,S,S_SV,"2021-01-21 12:30:02",1337,1271,40,26,413,347,40,26,1400,987,398,6,9,13,54,20,216,0,6,59,0,8,2,4,0,2,7,7
24,IAŞI,"ŞCOALA PRIMARA BOCNIŢA",645,SINEŞTI,99058,1,PROV,PRCNCT,S,S_SV,"2021-01-21 12:30:02",287,271,16,0,108,92,16,0,300,192,107,1,0,1,19,10,51,1,3,9,0,2,1,4,1,0,3,2
24,IAŞI,"ŞCOALA GIMNAZIALA STORNEŞTI",646,SINEŞTI,99058,1,PROV,PRCNCT,S,S_SV,"2021-01-21 12:30:02",866,815,31,20,256,205,31,20,900,644,238,9,9,6,39,8,137,0,1,33,0,4,0,0,6,0,2,2
24,IAŞI,"ŞCOALA GENERALĂ",647,SIREŢEL,99101,1,PROV,PRCNCT,S,S_SV,"2021-01-21 12:30:02",929,922,7,0,213,206,7,0,1000,787,204,6,3,10,90,11,31,1,4,49,0,5,0,1,1,0,1,0
24,IAŞI,"ŞCOALA GENERALĂ",648,SIREŢEL,99101,1,PROV,PRCNCT,S,S_SV,"2021-01-21 12:30:02",1033,1022,11,0,217,206,11,0,1100,883,205,9,3,8,71,11,41,0,12,52,1,2,2,0,2,0,1,2
24,IAŞI,"ŞCOALA GENERALĂ SLOBOZIA",649,SIREŢEL,99101,1,PROV,PRCNCT,S,S_SV,"2021-01-21 12:30:02",650,635,15,0,163,148,15,0,700,537,157,2,4,5,57,3,26,0,12,48,0,1,0,1,1,0,2,1
24,IAŞI,"ŞCOALA GENERALĂ HUMOSU",650,SIREŢEL,99101,1,PROV,PRCNCT,S,S_SV,"2021-01-21 12:30:02",609,601,8,0,207,199,8,0,700,493,200,2,5,2,116,3,11,3,9,39,0,4,2,1,2,1,4,3
24,IAŞI,"BIBLIOTECA MATEI MILLO",651,STOLNICENI-PRĂJESCU,99165,1,PROV,PRCNCT,S,S_SV,"2021-01-21 12:30:02",1274,1263,11,0,358,347,11,0,1300,942,341,10,7,16,67,50,125,0,9,56,0,6,2,1,3,0,5,1
24,IAŞI,"SCOALA CU CLASELE I-IV SALA 1",652,STOLNICENI-PRĂJESCU,99165,1,PROV,PRCNCT,S,S_SV,"2021-01-21 12:30:02",806,796,10,0,246,236,10,0,900,654,233,4,9,2,44,2,128,1,15,28,1,0,1,2,1,0,5,3
24,IAŞI,"SCOALA CU CLASELE I-VIII SALA NR.1",653,STOLNICENI-PRĂJESCU,99165,1,PROV,PRCNCT,S,S_SV,"2021-01-21 12:30:02",561,552,9,0,175,166,9,0,600,425,165,9,1,9,38,7,38,2,37,20,0,1,4,0,4,0,5,0
24,IAŞI,"SCOALA GIMNAZIALA COZMESTI",654,STOLNICENI-PRĂJESCU,99165,1,PROV,PRCNCT,S,S_SV,"2021-01-21 12:30:02",946,933,13,0,241,228,13,0,1000,759,227,14,0,6,47,9,89,2,7,51,0,6,2,0,2,0,3,3
24,IAŞI,"SCOALA GIMNAZIALA COZMESTI",655,STOLNICENI-PRĂJESCU,99165,1,PROV,PRCNCT,S,S_SV,"2021-01-21 12:30:02",798,785,13,0,188,175,13,0,900,712,183,5,0,6,50,10,64,0,7,36,0,2,2,1,1,0,1,3
24,IAŞI,"SCOALA GIMNAZIALA STRUNGA",656,STRUNGA,99209,1,PROV,PRCNCT,S,S_SV,"2021-01-21 12:30:02",489,479,7,3,133,123,7,3,500,367,123,3,7,6,58,12,23,0,5,13,0,1,3,1,0,0,1,0
24,IAŞI,"SCOALA PRIMARA BRATULESTI",657,STRUNGA,99209,1,PROV,PRCNCT,S,S_SV,"2021-01-21 12:30:02",585,570,15,0,162,147,15,0,600,438,150,6,6,5,74,7,25,1,2,14,1,6,2,1,2,0,8,2
24,IAŞI,"MAGAZIN CRIVESTI",658,STRUNGA,99209,1,PROV,PRCNCT,S,S_SV,"2021-01-21 12:30:02",260,250,10,0,54,44,10,0,300,246,47,3,4,3,20,6,6,0,1,4,0,1,0,2,0,0,1,3
24,IAŞI,"ŞCOALA HĂBĂŞEŞTI",659,STRUNGA,99209,1,PROV,PRCNCT,S,S_SV,"2021-01-21 12:30:02",332,322,10,0,94,84,10,0,400,306,91,2,1,5,38,10,18,0,1,15,0,2,1,0,0,0,0,1
24,IAŞI,"SCOALA CUCOVA",660,STRUNGA,99209,1,PROV,PRCNCT,S,S_SV,"2021-01-21 12:30:02",140,123,17,0,56,39,17,0,200,144,53,1,2,7,18,3,8,0,2,9,0,3,0,1,0,0,2,0
24,IAŞI,"SCOALA GIMNAZIALA FARCASENI",661,STRUNGA,99209,1,PROV,PRCNCT,S,S_SV,"2021-01-21 12:30:02",827,822,5,0,177,172,5,0,900,723,164,10,3,10,81,3,19,0,4,29,0,5,3,1,0,0,3,6
24,IAŞI,"SCOALA GIMNAZIALA FARCASENI",662,STRUNGA,99209,1,PROV,PRCNCT,S,S_SV,"2021-01-21 12:30:02",845,837,8,0,171,163,8,0,900,729,160,8,3,11,81,3,25,2,2,24,0,2,1,1,1,0,5,2
24,IAŞI,"GRUP SCOLAR SCHEIA",663,ŞCHEIA,99290,1,PROV,PRCNCT,S,S_SV,"2021-01-21 12:30:02",933,907,26,0,205,179,26,0,1000,795,195,5,5,4,118,7,21,1,11,17,0,4,4,2,2,0,4,0
24,IAŞI,"SCOALA GENERALĂ CĂUESTI",664,ŞCHEIA,99290,1,PROV,PRCNCT,S,S_SV,"2021-01-21 12:30:02",440,426,14,0,98,84,14,0,500,402,89,1,8,13,36,13,10,0,4,7,0,3,0,0,2,1,0,0
24,IAŞI,"SCOALA GENERALĂ CIOCA-BOCA",665,ŞCHEIA,99290,1,PROV,PRCNCT,S,S_SV,"2021-01-21 12:30:02",416,406,10,0,96,86,10,0,500,404,88,5,3,2,39,4,26,0,8,3,0,1,0,1,2,0,2,0
24,IAŞI,"SCOALA GENERALĂ POIANA-SCHEII",666,ŞCHEIA,99290,1,PROV,PRCNCT,S,S_SV,"2021-01-21 12:30:02",405,392,13,0,90,77,13,0,400,310,87,0,3,7,29,5,15,1,19,7,0,0,0,0,1,0,2,1
24,IAŞI,"SCOALA GENERALĂ SATU-NOU",667,ŞCHEIA,99290,1,PROV,PRCNCT,S,S_SV,"2021-01-21 12:30:02",300,293,7,0,52,45,7,0,300,248,50,1,1,6,21,3,8,0,3,7,0,1,0,0,1,0,0,0
24,IAŞI,"SCOALA GIMNAZIALA SIPOTE",668,ŞIPOTE,99370,1,PROV,PRCNCT,S,S_SV,"2021-01-21 12:30:02",708,690,18,0,165,147,18,0,800,635,160,2,3,8,80,15,19,2,4,15,1,10,0,2,3,0,1,0
24,IAŞI,"SCOALA GIMNAZIALA IAZU NOU",669,ŞIPOTE,99370,1,PROV,PRCNCT,S,S_SV,"2021-01-21 12:30:02",825,808,12,5,192,175,12,5,900,708,185,3,4,3,88,28,29,0,5,17,0,7,0,1,3,0,2,2
24,IAŞI,"SCOALA GIMNAZIALA- CORP GRĂDINIȚĂ",670,ŞIPOTE,99370,1,PROV,PRCNCT,S,S_SV,"2021-01-21 12:30:02",1251,1234,17,0,332,315,17,0,1400,1068,313,8,11,7,198,7,40,3,6,36,0,5,6,1,2,0,1,1
24,IAŞI,"SCOALA GIMNAZIALA HALCENI",671,ŞIPOTE,99370,1,PROV,PRCNCT,S,S_SV,"2021-01-21 12:30:02",1201,1180,21,0,234,213,21,0,1300,1066,227,5,2,14,99,8,37,1,6,51,0,1,2,1,2,1,3,1
24,IAŞI,"ȘCOALA GIMNAZIALĂ TANSA",672,TANSA,99441,1,PROV,PRCNCT,S,S_SV,"2021-01-21 12:30:02",1682,1628,28,26,437,383,28,26,1800,1363,414,12,11,11,110,34,143,2,8,66,2,13,4,4,2,0,12,3
24,IAŞI,"ŞCOALA GIMNAZIALĂ CL.I-VIII SUHULEŢ",673,TANSA,99441,2,PART,PRCNCT,S,S_SV,"2021-01-21 12:30:02",967,882,39,46,466,381,39,46,1000,534,442,12,12,19,94,44,217,2,4,25,1,10,4,0,4,2,13,3
24,IAŞI,"CENTRUL CULTURAL ”ALEXANDRU VASILIU-TATARUSI”",674,TĂTĂRUŞI,99478,1,PROV,PRCNCT,S,S_SV,"2021-01-21 12:30:02",1401,1382,18,1,450,431,18,1,1500,1050,433,10,7,18,227,9,48,0,19,90,3,5,3,4,0,0,6,1
24,IAŞI,"ȘCOALA GIMNAZIALĂ UDA - CORP A",675,TĂTĂRUŞI,99478,1,PROV,PRCNCT,S,S_SV,"2021-01-21 12:30:02",1259,1243,14,2,321,305,14,2,1400,1079,308,5,8,4,140,10,21,1,33,79,1,7,3,3,3,0,2,1
24,IAŞI,"SCOALA GIMNAZIALA PIETROSU",676,TĂTĂRUŞI,99478,1,PROV,PRCNCT,S,S_SV,"2021-01-21 12:30:02",1161,1139,22,0,341,319,22,0,1300,959,332,4,5,14,161,2,42,3,13,79,0,11,1,0,1,1,3,1
24,IAŞI,"SCOALA PRIMARA IORCANI",677,TĂTĂRUŞI,99478,1,PROV,PRCNCT,S,S_SV,"2021-01-21 12:30:02",684,667,17,0,225,208,17,0,700,475,213,9,3,5,92,1,18,1,8,77,0,4,1,0,2,0,3,1
24,IAŞI,"SCOALA CU CLASELE I-VIII NR.1 TODIRESTI CORP A",678,TODIREŞTI,99539,1,PROV,PRCNCT,S,S_SV,"2021-01-21 12:30:02",2003,1994,9,0,283,274,9,0,2100,1817,270,7,6,6,109,15,45,1,7,54,0,6,1,4,14,1,6,1
24,IAŞI,"SCOALA PRIMARA NR.2 TODIRESTI",679,TODIREŞTI,99539,1,PROV,PRCNCT,S,S_SV,"2021-01-21 12:30:02",1234,1224,10,0,246,236,10,0,1300,1054,239,3,4,5,91,13,44,1,7,63,1,2,1,1,6,1,3,0
24,IAŞI,"SCOALA PRIMARA BAICENI",680,TODIREŞTI,99539,1,PROV,PRCNCT,S,S_SV,"2021-01-21 12:30:02",270,261,9,0,83,74,9,0,300,217,78,0,5,5,19,2,30,0,2,16,0,0,0,0,1,1,0,2
24,IAŞI,"ȘCOALA PRIMARĂ STROIEȘTI",681,TODIREŞTI,99539,1,PROV,PRCNCT,S,S_SV,"2021-01-21 12:30:02",345,339,6,0,77,71,6,0,400,323,74,1,2,6,29,4,18,0,3,9,0,2,0,1,2,0,0,0
24,IAŞI,"PRIMARIA COMUNEI TOMESTI",682,TOMEŞTI,95293,1,PROV,PRCNCT,S,S_SV,"2021-01-21 12:30:02",1223,1182,39,2,369,328,39,2,1300,931,364,4,1,86,74,24,84,0,12,61,0,10,0,3,3,1,4,2
24,IAŞI,"SEDIUL SC.D.D.PATRASCANU",683,TOMEŞTI,95293,2,PART,PRCNCT,S,S_SV,"2021-01-21 12:30:02",1889,1859,26,4,421,392,26,3,1900,1479,408,7,6,100,66,20,89,0,10,85,0,9,3,7,6,1,5,7
24,IAŞI,"SEDIUL SC.D.D.PATRASCANU",684,TOMEŞTI,95293,1,PROV,PRCNCT,S,S_SV,"2021-01-21 12:30:02",1551,1530,21,0,337,316,21,0,1700,1363,331,5,1,56,84,12,63,1,5,86,0,5,1,6,3,0,4,5
24,IAŞI,"SEDIUL SC.D.D.PATRASCANU",685,TOMEŞTI,95293,1,PROV,PRCNCT,S,S_SV,"2021-01-21 12:30:02",1204,1198,6,0,295,289,6,0,1300,1005,290,5,0,64,66,10,61,1,6,65,0,3,1,6,2,1,1,3
24,IAŞI,"SEDIUL SC.D.D.PATRASCANU",686,TOMEŞTI,95293,1,PROV,PRCNCT,S,S_SV,"2021-01-21 12:30:02",1684,1669,15,0,439,424,15,0,1800,1361,427,12,0,85,97,14,98,0,19,88,2,6,2,5,6,3,2,0
24,IAŞI,"SEDIUL SC.D.D.PATRASCANU",687,TOMEŞTI,95293,1,PROV,PRCNCT,S,S_SV,"2021-01-21 12:30:02",1332,1309,23,0,378,355,23,0,1400,1022,369,6,3,71,86,6,90,1,16,83,1,5,0,3,1,0,4,2
24,IAŞI,"SEDIUL SCOALA GIMNAZIALA CHICEREA, SAT.CHICEREA, COM.TOMEŞTI",688,TOMEŞTI,95293,1,PROV,PRCNCT,S,S_SV,"2021-01-21 12:30:02",1167,1126,41,0,348,307,41,0,1400,1052,342,6,0,74,72,15,88,1,10,64,0,2,3,3,1,0,5,4
24,IAŞI,"SEDIUL SCOALA GIMNAZIALA GORUNI, SATUL GORUNI, COM.TOMEŞTI",689,TOMEŞTI,95293,1,PROV,PRCNCT,S,S_SV,"2021-01-21 12:30:02",1046,1027,19,0,221,202,19,0,1100,879,209,10,2,12,42,2,54,1,4,80,1,4,0,4,1,0,4,0
24,IAŞI,"SEDIUL SCOALA PRIMARA VLĂDICENI, SAT. VLĂDICENI, COM.TOMEŞTI",690,TOMEŞTI,95293,1,PROV,PRCNCT,S,S_SV,"2021-01-21 12:30:02",636,596,40,0,202,162,40,0,700,498,195,6,1,28,35,11,54,0,7,51,1,2,0,3,1,0,2,0
24,IAŞI,"GRĂDINIȚA CU PROGRAM NORMAL TRIFEȘTI",691,TRIFEŞTI,99600,1,PROV,PRCNCT,S,S_SV,"2021-01-21 12:30:02",1419,1382,34,3,307,270,34,3,1500,1193,291,6,10,10,58,14,134,0,9,35,0,9,2,1,4,1,10,4
24,IAŞI,"ȘCOALA PRIMARĂ ZABOLOTENI",692,TRIFEŞTI,99600,1,PROV,PRCNCT,S,S_SV,"2021-01-21 12:30:02",602,594,8,0,183,175,8,0,700,517,170,7,6,2,22,3,91,2,3,28,0,1,3,0,7,0,6,2
24,IAŞI,"ŞCOALA GIMNAZIALĂ HERMEZIU",693,TRIFEŞTI,99600,1,PROV,PRCNCT,S,S_SV,"2021-01-21 12:30:02",773,768,5,0,175,170,5,0,800,625,164,6,5,1,40,1,76,1,5,29,0,1,0,1,2,1,4,2
24,IAŞI,"ŞCOALA PRIMARĂ VLADOMIRA",694,TRIFEŞTI,99600,1,PROV,PRCNCT,S,S_SV,"2021-01-21 12:30:02",204,194,10,0,90,80,10,0,200,110,87,0,3,0,22,1,54,0,1,5,0,1,0,0,1,0,1,1
24,IAŞI,"LICEUL TEHNOLOGIC DE INDUSTRIE ALIMENTARĂ ŢIBANA",695,ŢIBANA,99673,1,PROV,PRCNCT,S,S_SV,"2021-01-21 12:30:02",757,740,17,0,125,108,17,0,800,675,116,6,3,9,44,10,19,1,5,18,0,6,0,1,1,1,1,0
24,IAŞI,"SCOALA GIMNAZIALĂ POIANA MĂNĂSTIRII",696,ŢIBANA,99673,1,PROV,PRCNCT,S,S_SV,"2021-01-21 12:30:02",367,360,7,0,63,56,7,0,400,337,57,5,1,8,22,6,6,0,1,7,0,0,1,1,1,0,3,1
24,IAŞI,"ŞCOALA GIMNAZIALĂ ALEXENI",697,ŢIBANA,99673,1,PROV,PRCNCT,S,S_SV,"2021-01-21 12:30:02",639,628,11,0,70,59,11,0,700,630,65,2,3,0,31,12,4,2,3,8,0,2,0,0,2,0,1,0
24,IAŞI,"ŞCOALA PRIMARĂ POIANA DE SUS",698,ŢIBANA,99673,1,PROV,PRCNCT,S,S_SV,"2021-01-21 12:30:02",457,449,8,0,101,93,8,0,500,399,100,1,0,10,29,19,18,0,7,11,0,2,0,1,1,0,2,0
24,IAŞI,"ŞCOALA GIMNAZIALĂ DOMNIŢA",699,ŢIBANA,99673,1,PROV,PRCNCT,S,S_SV,"2021-01-21 12:30:02",1115,1100,15,0,168,153,15,0,1200,1032,160,4,4,4,56,7,11,1,5,66,0,2,1,1,1,0,1,4
24,IAŞI,"ŞCOALA GIMNAZIALĂ RUNCU",700,ŢIBANA,99673,1,PROV,PRCNCT,S,S_SV,"2021-01-21 12:30:02",426,418,8,0,98,90,8,0,500,402,96,1,1,1,40,8,14,2,3,12,1,4,0,3,1,0,4,3
24,IAŞI,"ŞCOALA GIMNAZIALĂ GÎRBEŞTI",701,ŢIBANA,99673,1,PROV,PRCNCT,S,S_SV,"2021-01-21 12:30:02",870,867,3,0,145,142,3,0,1000,855,135,10,0,6,48,8,26,0,9,23,0,2,4,0,5,0,2,2
24,IAŞI,"ŞCOALA PRIMARĂ GÎRBEŞTI",702,ŢIBANA,99673,1,PROV,PRCNCT,S,S_SV,"2021-01-21 12:30:02",979,967,12,0,159,147,12,0,1100,941,148,2,9,0,48,9,25,0,11,35,1,4,0,6,2,0,4,3
24,IAŞI,"ŞCOALA PRIMARĂ VADU VEJEI",703,ŢIBANA,99673,1,PROV,PRCNCT,S,S_SV,"2021-01-21 12:30:02",275,270,5,0,35,30,5,0,300,265,34,0,1,2,4,2,12,1,1,4,0,2,0,4,2,0,0,0
24,IAŞI,"GRĂDINIȚA CU PROGRAM NORMAL ȚIBĂNEȘTI",704,ŢIBĂNEŞTI,99780,1,PROV,PRCNCT,S,S_SV,"2021-01-21 12:30:02",903,888,15,0,242,227,15,0,1000,758,233,7,2,10,66,25,64,2,3,39,1,15,1,0,1,0,2,4
24,IAŞI,"GRĂDINIȚA CU PROGRAM NORMAL ȚIBĂNEȘTI",705,ŢIBĂNEŞTI,99780,1,PROV,PRCNCT,S,S_SV,"2021-01-21 12:30:02",983,964,18,1,257,238,18,1,1000,743,248,5,4,16,73,23,60,1,5,33,0,22,3,3,1,0,3,5
24,IAŞI,"ȘCOALA GIMNAZIALĂ RĂSBOIENI",706,ŢIBĂNEŞTI,99780,1,PROV,PRCNCT,S,S_SV,"2021-01-21 12:30:02",787,765,22,0,221,199,22,0,800,579,214,4,3,4,73,15,66,0,4,34,0,7,4,2,1,0,2,2
24,IAŞI,"ȘCOALA GIMNAZIALĂ GLODENII GÎNDULUI",707,ŢIBĂNEŞTI,99780,1,PROV,PRCNCT,S,S_SV,"2021-01-21 12:30:02",1090,1079,11,0,246,235,11,0,1100,854,229,9,8,2,45,10,41,1,4,93,1,24,1,0,0,0,3,4
24,IAŞI,"ȘCOALA GIMNAZIALĂ GLODENII GÎNDULUI",708,ŢIBĂNEŞTI,99780,1,PROV,PRCNCT,S,S_SV,"2021-01-21 12:30:02",1034,1030,3,1,242,238,3,1,1092,850,227,8,7,3,57,13,45,0,4,72,1,13,3,1,0,0,10,5
24,IAŞI,"ȘCOALA GIMNAZIALĂ ”DR. PETRU BRÂNZEI” JIGORENI",709,ŢIBĂNEŞTI,99780,1,PROV,PRCNCT,S,S_SV,"2021-01-21 12:30:02",572,562,10,0,126,116,10,0,600,474,117,3,6,6,36,11,37,1,1,16,0,7,0,0,1,0,1,0
24,IAŞI,"GRĂDINIȚA CU PROGRAM NORMAL VĂLENII",710,ŢIBĂNEŞTI,99780,1,PROV,PRCNCT,S,S_SV,"2021-01-21 12:30:02",239,221,18,0,64,46,18,0,300,236,64,0,0,4,18,8,14,1,4,6,0,4,0,0,0,0,4,1
24,IAŞI,"GRĂDINIȚA CU PROGRAM NORMAL TUNGUJEI",711,ŢIBĂNEŞTI,99780,1,PROV,PRCNCT,S,S_SV,"2021-01-21 12:30:02",476,466,10,0,122,112,10,0,500,378,119,3,0,4,44,10,25,0,0,12,0,12,3,1,0,1,5,2
24,IAŞI,"GRĂDINIȚA CU PROGRAM NORMAL RECEA",712,ŢIBĂNEŞTI,99780,1,PROV,PRCNCT,S,S_SV,"2021-01-21 12:30:02",124,112,12,0,50,38,12,0,200,150,48,2,0,2,22,7,6,2,2,1,0,2,1,2,0,0,1,0
24,IAŞI,"GRĂDINIȚA CU PROGRAM NORMAL GRIEȘTI",713,ŢIBĂNEŞTI,99780,1,PROV,PRCNCT,S,S_SV,"2021-01-21 12:30:02",209,202,7,0,79,72,7,0,200,121,75,3,1,3,27,5,25,0,2,8,0,2,0,0,0,1,2,0
24,IAŞI,"SCOALA GENERALA CIRNICENI",714,ŢIGĂNAŞI,99879,1,PROV,PRCNCT,S,S_SV,"2021-01-21 12:30:02",1310,1270,39,1,285,245,39,1,1400,1115,279,0,6,18,86,25,54,1,14,50,1,14,3,1,7,0,3,2
24,IAŞI,"SCOALA GENERALA MIHAIL KOGALNICEANU",715,ŢIGĂNAŞI,99879,1,PROV,PRCNCT,S,S_SV,"2021-01-21 12:30:02",1137,1123,14,0,216,202,14,0,1200,984,207,6,3,6,89,17,19,0,13,49,0,9,1,0,2,0,2,0
24,IAŞI,"SCOALA PRIMARA STEJARII",716,ŢIGĂNAŞI,99879,1,PROV,PRCNCT,S,S_SV,"2021-01-21 12:30:02",269,249,20,0,91,71,20,0,300,209,88,2,1,6,32,22,8,0,2,8,0,5,0,0,1,0,3,1
24,IAŞI,"SCOALA GIMNAZIALA ”COSTACHE ANTONIU”TIGANASI",717,ŢIGĂNAŞI,99879,1,PROV,PRCNCT,S,S_SV,"2021-01-21 12:30:02",1187,1167,20,0,292,272,20,0,1200,908,280,12,0,19,122,16,29,1,15,60,1,7,1,1,2,0,6,0
24,IAŞI,"SCOALA GIMNAZIALĂ ȚUȚORA",718,ŢUŢORA,99922,1,PROV,PRCNCT,S,S_SV,"2021-01-21 12:30:02",998,959,39,0,304,265,39,0,1100,796,296,3,5,33,129,9,38,0,8,32,0,5,1,2,31,0,6,2
24,IAŞI,"SCOALA GIMNAZIALA CHIPEREȘTI",719,ŢUŢORA,99922,1,PROV,PRCNCT,S,S_SV,"2021-01-21 12:30:02",368,317,51,0,166,115,51,0,400,234,160,4,2,14,74,2,32,0,6,19,0,2,1,2,6,0,1,1
24,IAŞI,"ȘCOALA GIMNAZIALĂ OPRIȘENI",720,ŢUŢORA,99922,1,PROV,PRCNCT,S,S_SV,"2021-01-21 12:30:02",581,556,25,0,153,128,25,0,600,447,144,4,5,10,64,1,26,0,4,25,1,2,1,1,4,0,3,2
24,IAŞI,"SCOALA GIMNAZIALA BOSIA",721,UNGHENI,96003,1,PROV,PRCNCT,S,S_SV,"2021-01-21 12:30:02",848,839,9,0,213,204,9,0,900,687,203,6,4,14,57,5,66,3,6,42,0,3,1,0,1,0,1,4
24,IAŞI,"SCOALA GIMNAZIALA BOSIA",722,UNGHENI,96003,1,PROV,PRCNCT,S,S_SV,"2021-01-21 12:30:02",717,705,12,0,187,175,12,0,800,613,183,2,2,11,38,3,49,0,5,72,1,2,1,1,0,0,0,0
24,IAŞI,"CASA PAROHIALA SAT COADA STANCII",723,UNGHENI,96003,1,PROV,PRCNCT,S,S_SV,"2021-01-21 12:30:02",558,548,10,0,100,90,10,0,600,500,98,1,1,16,30,2,20,0,1,21,0,1,0,1,3,0,3,0
24,IAŞI,"SCOALA PRIMARA MÎNZĂTEŞTI",724,UNGHENI,96003,1,PROV,PRCNCT,S,S_SV,"2021-01-21 12:30:02",854,837,17,0,173,156,17,0,900,727,166,3,4,17,28,7,50,1,4,52,0,1,0,1,1,0,4,0
24,IAŞI,"SCOALA PRIMARA UNGHENI",725,UNGHENI,96003,1,PROV,PRCNCT,S,S_SV,"2021-01-21 12:30:02",530,514,16,0,145,129,16,0,600,455,145,0,0,16,25,6,47,0,22,25,0,0,0,1,0,0,2,1
24,IAŞI,"ȘCOALA GIMNAZIALĂ”PROF.MIHAI DUMITRIU”",726,"VALEA LUPULUI",100353,1,PROV,PRCNCT,S,S_SV,"2021-01-21 12:30:02",1744,1695,46,3,618,569,46,3,1800,1182,610,8,0,261,83,28,162,0,11,41,2,1,3,4,7,2,1,4
24,IAŞI,"ȘCOALA GIMNAZIALĂ”PROF.MIHAI DUMITRIU”",727,"VALEA LUPULUI",100353,1,PROV,PRCNCT,S,S_SV,"2021-01-21 12:30:02",1789,1733,51,5,726,670,51,5,1800,1074,718,8,0,285,99,27,205,3,25,47,1,9,2,9,0,1,3,2
24,IAŞI,"ȘCOALA GIMNAZIALĂ”PROF.MIHAI DUMITRIU”",728,"VALEA LUPULUI",100353,1,PROV,PRCNCT,S,S_SV,"2021-01-21 12:30:02",1894,1825,65,4,761,692,65,4,1896,1135,757,3,1,361,69,42,180,0,30,54,6,4,2,4,2,1,1,1
24,IAŞI,"ȘCOALA GIMNAZIALA ”PROF.MIHAI DUMITRIU”",729,"VALEA LUPULUI",100353,1,PROV,PRCNCT,S,S_SV,"2021-01-21 12:30:02",1989,1899,78,12,667,577,78,12,2000,1333,656,9,2,267,90,33,176,0,26,46,1,4,1,6,2,1,3,0
24,IAŞI,"ȘCOALA GIMNAZIALĂ PROFESOR MIHAI DUMITRIU",730,"VALEA LUPULUI",100353,1,PROV,PRCNCT,S,S_SV,"2021-01-21 12:30:02",1783,1691,88,4,629,537,88,4,1800,1171,618,7,4,226,99,25,164,1,15,59,1,2,1,9,11,1,0,4
24,IAŞI,"SCOALA GIMNAZIALA VALEA SEACA",731,"VALEA SEACĂ",99968,1,PROV,PRCNCT,S,S_SV,"2021-01-21 12:30:02",1657,1639,17,1,382,364,17,1,1800,1418,360,18,0,30,97,14,59,1,40,92,2,4,2,2,2,2,8,5
24,IAŞI,"SCOALA GIMNAZIALA CONTESTI",732,"VALEA SEACĂ",99968,1,PROV,PRCNCT,S,S_SV,"2021-01-21 12:30:02",1476,1471,5,0,377,372,5,0,1600,1223,366,9,2,13,104,9,109,0,18,87,0,10,5,2,1,0,6,2
24,IAŞI,"SCOALA GIMNAZIALA TOPILE",733,"VALEA SEACĂ",99968,1,PROV,PRCNCT,S,S_SV,"2021-01-21 12:30:02",1864,1840,24,0,496,472,24,0,1900,1428,457,9,6,25,122,73,46,2,72,93,1,4,1,2,4,1,10,1
24,IAŞI,"CAMINUL CULTURAL VINATORI",734,VÂNĂTORI,100086,1,PROV,PRCNCT,S,S_SV,"2021-01-21 12:30:02",946,916,30,0,254,224,30,0,1000,746,249,5,0,8,159,6,24,0,13,24,0,5,3,1,1,0,3,2
24,IAŞI,"ȘCOALA CU CLASELE I-VIII CRIVEȘTI",735,VÂNĂTORI,100086,1,PROV,PRCNCT,S,S_SV,"2021-01-21 12:30:02",1236,1210,26,0,291,265,26,0,1300,1009,286,3,2,1,88,9,79,1,32,67,0,3,0,1,2,0,0,3
24,IAŞI,"SCOALA CU CLASELE I-IV GURA-BIDILITEI",736,VÂNĂTORI,100086,1,PROV,PRCNCT,S,S_SV,"2021-01-21 12:30:02",522,504,18,0,128,110,18,0,600,472,126,2,0,8,45,3,20,1,14,29,0,0,1,1,2,0,1,1
24,IAŞI,"ȘCOALA GIMNAZIALĂ HÎRTOAPE",737,VÂNĂTORI,100086,1,PROV,PRCNCT,S,S_SV,"2021-01-21 12:30:02",977,943,34,0,283,249,34,0,1000,717,271,8,4,12,132,5,48,1,11,40,0,5,8,1,1,1,6,0
24,IAŞI,"ȘCOALA PRIMARĂ VLĂDNICUȚ",738,VÂNĂTORI,100086,1,PROV,PRCNCT,S,S_SV,"2021-01-21 12:30:02",121,110,11,0,52,41,11,0,200,148,51,0,1,2,23,2,3,0,11,8,0,1,1,0,0,0,0,0
24,IAŞI,"ŞCOALA STÂNCA",739,VICTORIA,100004,1,PROV,PRCNCT,S,S_SV,"2021-01-21 12:30:02",466,451,15,0,127,112,15,0,500,373,115,6,6,4,20,12,33,0,4,34,0,2,3,0,1,0,1,1
24,IAŞI,"ȘCOALA VICTORIA",740,VICTORIA,100004,1,PROV,PRCNCT,S,S_SV,"2021-01-21 12:30:02",1319,1292,27,0,296,269,27,0,1400,1104,281,10,5,19,51,30,81,0,14,75,0,3,0,3,1,0,4,0
24,IAŞI,"ŞCOALA VICTORIA",741,VICTORIA,100004,1,PROV,PRCNCT,S,S_SV,"2021-01-21 12:30:02",360,345,15,0,95,80,15,0,400,305,90,3,2,4,13,20,25,0,4,16,0,2,0,1,0,1,4,0
24,IAŞI,"ŞCOALA FRĂSULENI",742,VICTORIA,100004,1,PROV,PRCNCT,S,S_SV,"2021-01-21 12:30:02",323,314,9,0,92,83,9,0,400,308,85,3,4,4,11,13,32,0,4,15,0,1,0,1,1,0,2,1
24,IAŞI,"ŞCOALA FRĂSULENI",743,VICTORIA,100004,1,PROV,PRCNCT,S,S_SV,"2021-01-21 12:30:02",262,241,21,0,59,38,21,0,300,241,57,1,1,5,7,19,8,0,3,9,0,1,0,0,2,0,3,0
24,IAŞI,"ŞCOALA ICUŞENI",744,VICTORIA,100004,1,PROV,PRCNCT,S,S_SV,"2021-01-21 12:30:02",402,385,17,0,118,101,17,0,400,282,107,3,8,4,36,3,38,1,3,10,0,2,1,0,6,0,2,1
24,IAŞI,"ŞCOALA ICUȘENI",745,VICTORIA,100004,1,PROV,PRCNCT,S,S_SV,"2021-01-21 12:30:02",432,419,13,0,87,74,13,0,500,413,82,4,1,3,26,10,14,0,7,18,0,1,0,0,0,0,2,1
24,IAŞI,"LICEUL TEHNOLOGIC VLADENI",746,VLĂDENI,100148,1,PROV,PRCNCT,S,S_SV,"2021-01-21 12:30:02",1454,1416,37,1,366,328,37,1,1500,1134,356,2,8,16,103,6,128,1,11,68,1,7,2,3,5,1,2,2
24,IAŞI,"SCOALA CU CLASELE I-VIII BORSA",747,VLĂDENI,100148,1,PROV,PRCNCT,S,S_SV,"2021-01-21 12:30:02",671,662,9,0,139,130,9,0,700,561,134,3,2,6,55,4,34,1,9,12,0,4,2,0,2,1,3,1
24,IAŞI,"SCOALA CU CLASELE I-IV IACOBENI",748,VLĂDENI,100148,1,PROV,PRCNCT,S,S_SV,"2021-01-21 12:30:02",182,167,15,0,57,42,15,0,200,143,55,0,2,3,24,3,13,0,3,3,0,2,1,0,2,0,1,0
24,IAŞI,"SCOALA CU CLASELE I-IV ALEXANDRU CEL BUN",749,VLĂDENI,100148,1,PROV,PRCNCT,S,S_SV,"2021-01-21 12:30:02",410,394,16,0,110,94,16,0,404,294,106,0,4,4,29,9,36,0,1,18,0,0,1,0,4,1,1,2
24,IAŞI,"SCOALA CU CLASELE I-IV BROSTENI",750,VLĂDENI,100148,1,PROV,PRCNCT,S,S_SV,"2021-01-21 12:30:02",345,332,13,0,61,48,13,0,404,343,59,2,0,4,26,4,10,0,2,10,0,2,0,0,1,0,0,0
24,IAŞI,"SCOALA PRIMARA VILCELELE",751,VLĂDENI,100148,1,PROV,PRCNCT,S,S_SV,"2021-01-21 12:30:02",347,336,11,0,80,69,11,0,400,320,76,1,3,3,40,7,12,0,2,7,0,0,0,1,1,0,2,1
24,IAŞI,"ŞCOALA GIMNAZIALĂ ”IOANID ROMANESCU” VOINEŞTI",752,VOINEŞTI,100219,1,PROV,PRCNCT,S,S_SV,"2021-01-21 12:30:02",1191,1168,23,0,252,229,23,0,1200,948,238,14,0,16,62,24,47,1,8,64,2,3,3,2,1,0,5,0
24,IAŞI,"ŞCOALA GIMNAZIALĂ ”IOANID ROMANESCU” VOINEŞTI",753,VOINEŞTI,100219,1,PROV,PRCNCT,S,S_SV,"2021-01-21 12:30:02",803,795,8,0,155,147,8,0,900,745,151,1,3,13,38,4,42,0,3,46,0,3,0,1,1,0,0,0
24,IAŞI,"ŞCOALA GIMNAZIALĂ ”IOANID ROMANESCU” VOINEŞTI",754,VOINEŞTI,100219,1,PROV,PRCNCT,S,S_SV,"2021-01-21 12:30:02",981,973,8,0,205,197,8,0,1100,895,198,7,0,13,67,4,51,0,7,40,0,7,2,1,1,1,1,3
24,IAŞI,"ŞCOALA GIMNAZIALĂ SLOBOZIA DEAL",755,VOINEŞTI,100219,2,PART,PRCNCT,S,S_SV,"2021-01-21 12:30:02",841,833,8,0,142,134,8,0,900,758,126,11,5,2,55,16,11,1,4,28,0,1,2,0,0,0,5,1
24,IAŞI,"ŞCOALA GIMNAZIALĂ SLOBOZIA DEAL",756,VOINEŞTI,100219,1,PROV,PRCNCT,S,S_SV,"2021-01-21 12:30:02",818,811,7,0,137,130,7,0,900,763,129,4,4,1,52,24,17,2,3,27,0,0,0,0,0,0,3,0
24,IAŞI,"ŞCOALA PRIMARĂ LUNGANI",757,VOINEŞTI,100219,1,PROV,PRCNCT,S,S_SV,"2021-01-21 12:30:02",504,492,12,0,140,128,12,0,500,360,135,4,1,6,74,8,17,1,2,20,0,4,1,0,0,0,2,0
24,IAŞI,"ŞCOALA PRIMARĂ SCHITU-STAVNIC",758,VOINEŞTI,100219,1,PROV,PRCNCT,S,S_SV,"2021-01-21 12:30:02",471,452,19,0,114,95,19,0,500,386,111,3,0,2,59,9,13,0,2,19,0,3,1,1,0,0,1,1
24,IAŞI,"IMOBIL PROPRIETATE PRIVATA VRABIE CALIPSA",759,VOINEŞTI,100219,1,PROV,PRCNCT,S,S_SV,"2021-01-21 12:30:02",131,109,22,0,45,23,22,0,200,155,44,1,0,3,14,6,8,0,3,2,0,5,1,0,0,0,2,0
