precinct_county_nce,precinct_county_name,precinct_name,precinct_nr,uat_name,uat_siruta,report_version,report_stage_code,report_type_scope_code,report_type_category_code,report_type_code,created_at,a,a1,a2,a3,b,b1,b2,b3,c,d,e,f,g,"ALIANȚA USR PLUS-voturi","UNIUNEA DEMOCRATĂ MAGHIARĂ DIN ROMÂNIA-voturi","PARTIDUL SOCIAL DEMOCRAT-voturi","PARTIDUL PRO ROMÂNIA-voturi","PARTIDUL NAȚIONAL LIBERAL-voturi","PARTIDUL MIȘCAREA POPULARĂ-voturi","PARTIDUL VERDE-voturi","PARTIDUL ECOLOGIST ROMÂN-voturi","ALIANȚA RENAȘTEREA NAȚIONALĂ-voturi","PARTIDUL ROMÂNIA MARE-voturi","ALIANȚA PENTRU UNIREA ROMÂNILOR-voturi","PARTIDUL PUTERII UMANISTE (SOCIAL-LIBERAL)-voturi","PARTIDUL SOCIALIST ROMÂN-voturi","PARTIDUL NAȚIUNEA ROMÂNĂ-voturi","UNIUNEA BULGARĂ DIN BANAT-ROMÂNIA-voturi","UNIUNEA CULTURALĂ A RUTENILOR DIN ROMÂNIA-voturi","ASOCIAȚIA LIGA ALBANEZILOR DIN ROMÂNIA-voturi","UNIUNEA ARMENILOR DIN ROMÂNIA-voturi","UNIUNEA DEMOCRATICĂ A SLOVACILOR ȘI CEHILOR DIN ROMÂNIA-voturi","FEDERAȚIA COMUNITĂȚILOR EVREIEȘTI DIN ROMÂNIA-voturi","ASOCIAȚIA PARTIDA ROMILOR “PRO-EUROPA”-voturi","UNIUNEA UCRAINENILOR DIN ROMÂNIA-voturi","UNIUNEA DEMOCRATĂ TURCĂ DIN ROMÂNIA-voturi","ASOCIAȚIA MACEDONENILOR DIN ROMÂNIA-voturi","UNIUNEA SÂRBILOR DIN ROMÂNIA-voturi","UNIUNEA ELENĂ DIN ROMÂNIA-voturi","COMUNITATEA RUȘILOR LIPOVENI DIN ROMÂNIA-voturi","ASOCIAȚIA ITALIENILOR DIN ROMÂNIA – RO.AS.IT.-voturi","FORUMUL DEMOCRAT AL GERMANILOR DIN ROMÂNIA-voturi","UNIUNEA POLONEZILOR DIN ROMÂNIA-voturi","UNIUNEA CROAȚILOR DIN ROMÂNIA-voturi","ALBU ERWIN-VLAD-CANDIDAT INDEPENDENT-voturi"
8,BRAŞOV,"SEMINARUL TEOLOGIC LICEAL ORTODOX ”DUMITRU STĂNILOAIE”",1,"MUNICIPIUL BRAŞOV",40198,1,PROV,PRCNCT,CD,CD_SV,"2021-01-21 12:30:02",1523,1515,8,0,515,507,8,0,1697,1182,507,6,2,185,15,79,17,129,20,1,12,10,3,24,2,1,1,0,0,0,0,0,0,0,1,0,0,0,1,0,0,3,0,0,3
8,BRAŞOV,"SEMINARUL TEOLOGIC LICEAL ORTODOX ”DUMITRU STĂNILOAIE”",2,"MUNICIPIUL BRAŞOV",40198,1,PROV,PRCNCT,CD,CD_SV,"2021-01-21 12:30:02",1207,1191,16,0,409,393,16,0,1300,886,399,5,0,165,16,58,5,114,16,4,3,0,0,12,1,0,0,0,0,0,0,0,0,2,0,0,0,0,0,0,0,1,0,0,2
8,BRAŞOV,"GRĂDINIŢA CU PROGRAM PRELUNGIT NR. 2",3,"MUNICIPIUL BRAŞOV",40198,1,PROV,PRCNCT,CD,CD_SV,"2021-01-21 12:30:02",980,966,12,2,343,329,12,2,1100,757,337,5,1,105,17,55,12,107,5,4,6,1,0,12,0,1,2,0,0,1,0,0,0,2,0,0,0,0,1,1,0,1,0,0,4
8,BRAŞOV,"GRĂDINIŢA CU PROGRAM PRELUNGIT NR. 2",4,"MUNICIPIUL BRAŞOV",40198,1,PROV,PRCNCT,CD,CD_SV,"2021-01-21 12:30:02",1153,1113,23,17,428,388,23,17,1300,872,425,3,0,160,39,54,14,103,12,1,9,0,2,17,5,0,1,1,0,1,0,0,0,0,0,0,0,0,1,0,0,4,0,0,1
8,BRAŞOV,"LICEUL ”ANDREI MUREŞANU”",5,"MUNICIPIUL BRAŞOV",40198,1,PROV,PRCNCT,CD,CD_SV,"2021-01-21 12:30:02",1413,1369,30,14,503,459,30,14,1500,997,495,7,1,189,20,97,16,105,11,0,9,4,5,24,2,1,0,1,0,0,0,0,0,0,1,0,0,1,0,0,1,7,0,0,1
8,BRAŞOV,"LICEUL ”ANDREI MUREŞANU”",6,"MUNICIPIUL BRAŞOV",40198,2,PART,PRCNCT,CD,CD_SV,"2021-01-21 12:30:02",1365,1332,18,15,438,407,17,14,1500,1062,429,9,0,177,33,55,17,88,20,1,9,2,0,15,2,0,1,0,0,0,0,0,0,0,0,0,0,0,0,1,0,2,0,0,6
8,BRAŞOV,"COLEGIUL TEHNIC ”MARIA BAIULESCU”",7,"MUNICIPIUL BRAŞOV",40198,1,PROV,PRCNCT,CD,CD_SV,"2021-01-21 12:30:02",1319,1297,20,2,428,406,20,2,1400,972,424,2,2,167,35,63,15,93,8,2,6,1,0,21,5,1,0,0,0,0,0,0,0,0,0,0,0,1,0,0,0,4,0,0,2
8,BRAŞOV,"COLEGIUL TEHNIC ”MARIA BAIULESCU”",8,"MUNICIPIUL BRAŞOV",40198,1,PROV,PRCNCT,CD,CD_SV,"2021-01-21 12:30:02",1434,1426,7,1,393,385,7,1,1600,1207,388,4,1,132,31,69,14,79,19,4,3,8,1,11,3,2,1,0,0,0,0,0,0,2,1,0,0,0,2,0,0,4,0,0,2
8,BRAŞOV,"COLEGIUL NAŢIONAL ”APRILY LAJOS”",9,"MUNICIPIUL BRAŞOV",40198,1,PROV,PRCNCT,CD,CD_SV,"2021-01-21 12:30:02",948,919,27,2,318,289,27,2,1000,682,310,7,1,101,44,48,10,60,13,2,6,5,4,10,1,0,0,0,1,0,0,0,1,0,0,0,0,0,1,0,0,1,0,0,2
8,BRAŞOV,"COLEGIUL NAŢIONAL ”APRILY LAJOS”",10,"MUNICIPIUL BRAŞOV",40198,2,PART,PRCNCT,CD,CD_SV,"2021-01-21 12:30:02",948,924,22,2,374,350,22,2,1000,626,364,8,2,145,28,59,10,88,14,0,1,3,0,7,1,1,0,0,0,0,0,0,0,0,0,0,0,0,1,0,0,3,0,1,2
8,BRAŞOV,"COLEGIUL NAŢIONAL ”APRILY LAJOS”",11,"MUNICIPIUL BRAŞOV",40198,1,PROV,PRCNCT,CD,CD_SV,"2021-01-21 12:30:02",719,710,9,0,239,230,9,0,800,561,234,5,0,91,19,39,3,61,4,1,2,4,0,0,3,2,1,0,0,0,0,0,0,0,0,0,0,0,0,0,0,3,0,0,1
8,BRAŞOV,"COLEGIUL NAŢIONAL ”UNIREA”",12,"MUNICIPIUL BRAŞOV",40198,2,PART,PRCNCT,CD,CD_SV,"2021-01-21 12:30:02",1250,1208,40,2,445,403,40,2,1300,855,439,5,1,179,18,65,18,82,22,7,5,1,3,23,1,2,1,0,1,0,0,0,0,0,0,0,0,0,0,0,0,4,1,0,6
8,BRAŞOV,"COLEGIUL NAŢIONAL ”UNIREA”",13,"MUNICIPIUL BRAŞOV",40198,2,PART,PRCNCT,CD,CD_SV,"2021-01-21 12:30:02",1270,1242,22,6,423,395,22,6,1400,977,414,7,2,167,29,55,15,96,4,1,10,1,3,19,6,1,1,0,0,0,0,0,1,0,0,0,1,0,1,0,0,0,0,0,3
8,BRAŞOV,"ŞCOALA GIMNAZIALĂ NR. 8",14,"MUNICIPIUL BRAŞOV",40198,1,PROV,PRCNCT,CD,CD_SV,"2021-01-21 12:30:02",961,952,9,0,365,356,9,0,1100,735,362,3,0,130,31,55,13,92,16,2,4,2,0,6,4,1,0,0,0,0,0,0,0,0,0,1,0,1,0,0,0,2,0,1,1
8,BRAŞOV,"ŞCOALA GIMNAZIALĂ NR. 8",15,"MUNICIPIUL BRAŞOV",40198,1,PROV,PRCNCT,CD,CD_SV,"2021-01-21 12:30:02",1015,994,11,10,329,308,11,10,1100,771,323,5,1,124,23,51,11,84,9,4,3,0,1,5,0,0,0,0,1,0,1,0,0,0,0,0,0,0,0,0,0,0,0,0,6
8,BRAŞOV,"ŞCOALA GIMNAZIALĂ NR. 8",16,"MUNICIPIUL BRAŞOV",40198,1,PROV,PRCNCT,CD,CD_SV,"2021-01-21 12:30:02",1167,1146,20,1,461,440,20,1,1304,843,451,8,2,163,24,77,14,126,15,1,5,2,1,16,2,1,0,0,0,0,0,0,0,0,0,0,0,0,0,0,0,0,0,0,4
8,BRAŞOV,"ŞCOALA GIMNAZIALĂ NR. 8",17,"MUNICIPIUL BRAŞOV",40198,1,PROV,PRCNCT,CD,CD_SV,"2021-01-21 12:30:02",1680,1658,22,0,569,547,22,0,1800,1231,553,11,5,190,28,97,13,144,17,3,4,6,7,22,3,1,1,1,2,0,0,0,0,1,1,0,1,0,0,0,0,7,0,0,4
8,BRAŞOV,"ŞCOALA GIMNAZIALĂ NR.5",18,"MUNICIPIUL BRAŞOV",40198,1,PROV,PRCNCT,CD,CD_SV,"2021-01-21 12:30:02",1451,1402,36,13,546,497,36,13,1600,1054,541,5,0,165,75,73,14,151,11,2,1,4,0,18,6,0,0,1,0,1,0,0,1,1,1,0,0,0,3,0,0,7,1,0,5
8,BRAŞOV,"ŞCOALA GIMNAZIALĂ NR.5",19,"MUNICIPIUL BRAŞOV",40198,1,PROV,PRCNCT,CD,CD_SV,"2021-01-21 12:30:02",1568,1536,18,14,537,505,18,14,1700,1163,524,13,0,170,63,93,13,103,14,4,6,3,1,33,4,1,2,0,0,0,0,0,0,1,0,0,0,0,2,0,0,1,0,0,10
8,BRAŞOV,"ŞCOALA GIMNAZIALĂ NR. 15",20,"MUNICIPIUL BRAŞOV",40198,1,PROV,PRCNCT,CD,CD_SV,"2021-01-21 12:30:02",1671,1624,25,22,618,571,25,22,1800,1182,614,4,0,211,41,120,25,150,19,2,0,14,1,22,3,1,0,0,0,2,0,0,0,0,0,0,1,0,0,0,0,0,0,0,2
8,BRAŞOV,"ŞCOALA GIMNAZIALĂ NR. 15",21,"MUNICIPIUL BRAŞOV",40198,1,PROV,PRCNCT,CD,CD_SV,"2021-01-21 12:30:02",1528,1512,16,0,550,534,16,0,1700,1150,547,3,0,193,30,115,18,124,18,3,6,2,2,18,9,2,0,0,0,0,0,0,0,0,0,0,0,1,2,0,0,2,0,0,2
8,BRAŞOV,"ŞCOALA GIMNAZIALĂ NR. 15",22,"MUNICIPIUL BRAŞOV",40198,2,PART,PRCNCT,CD,CD_SV,"2021-01-21 12:30:02",1466,1429,37,0,527,490,37,0,1600,1073,525,2,0,196,30,116,13,120,8,3,5,4,1,15,5,2,0,0,0,1,0,0,0,0,0,0,0,0,0,1,0,2,0,0,3
8,BRAŞOV,"ŞCOALA GIMNAZIALĂ NR. 15",23,"MUNICIPIUL BRAŞOV",40198,1,PROV,PRCNCT,CD,CD_SV,"2021-01-21 12:30:02",1419,1402,16,1,564,547,16,1,1600,1036,557,6,1,167,67,96,11,146,14,3,10,2,3,30,1,1,1,1,0,0,0,0,0,1,0,0,0,0,1,0,0,1,0,0,1
8,BRAŞOV,"ŞCOALA GIMNAZIALĂ NR. 15",24,"MUNICIPIUL BRAŞOV",40198,1,PROV,PRCNCT,CD,CD_SV,"2021-01-21 12:30:02",1278,1265,11,2,391,378,11,2,1400,1009,385,5,1,137,11,102,15,72,10,3,5,0,3,19,1,1,0,0,0,0,0,0,0,0,0,0,0,0,0,0,0,0,1,1,4
8,BRAŞOV,"ŞCOALA GIMNAZIALĂ NR. 15",25,"MUNICIPIUL BRAŞOV",40198,1,PROV,PRCNCT,CD,CD_SV,"2021-01-21 12:30:02",1199,1189,10,0,352,342,10,0,1300,948,350,2,0,136,17,67,9,70,8,1,11,2,4,15,4,1,2,0,1,0,0,0,0,0,0,0,1,0,0,0,0,1,0,0,0
8,BRAŞOV,"ŞCOALA GIMNAZIALĂ NR. 15",26,"MUNICIPIUL BRAŞOV",40198,1,PROV,PRCNCT,CD,CD_SV,"2021-01-21 12:30:02",1172,1149,18,5,440,417,18,5,1300,860,438,1,1,116,106,51,8,100,18,1,7,4,1,18,0,1,1,0,0,0,0,0,0,0,0,0,0,0,0,0,0,0,1,0,5
8,BRAŞOV,"LICEUL DE MUZICĂ ”TUDOR CIORTEA”",27,"MUNICIPIUL BRAŞOV",40198,1,PROV,PRCNCT,CD,CD_SV,"2021-01-21 12:30:02",1341,1298,17,26,516,473,17,26,1500,984,509,6,1,187,37,69,7,139,20,2,8,3,0,20,5,1,2,0,0,0,0,0,0,0,0,0,0,0,1,0,1,2,0,0,5
8,BRAŞOV,"ŞCOALA GIMNAZIALĂ NR. 12",28,"MUNICIPIUL BRAŞOV",40198,1,PROV,PRCNCT,CD,CD_SV,"2021-01-21 12:30:02",1621,1594,26,1,578,551,26,1,1800,1222,568,8,2,201,47,78,10,146,21,4,10,4,2,20,1,2,3,0,0,0,0,0,0,0,0,0,0,0,4,0,0,7,0,1,7
8,BRAŞOV,"ŞCOALA GIMNAZIALĂ NR. 12",29,"MUNICIPIUL BRAŞOV",40198,2,PART,PRCNCT,CD,CD_SV,"2021-01-21 12:30:02",1456,1439,17,0,491,474,17,0,1600,1109,485,4,2,181,26,75,20,111,10,4,4,0,4,27,8,1,0,0,0,0,0,0,1,0,1,0,0,0,0,0,0,4,1,0,7
8,BRAŞOV,"GRĂDINIŢA CU PROGRAM PRELUNGIT ”CASUTA BUCURIEI” NR. 11",30,"MUNICIPIUL BRAŞOV",40198,1,PROV,PRCNCT,CD,CD_SV,"2021-01-21 12:30:02",880,865,15,0,255,240,15,0,1000,745,248,3,4,62,19,52,7,57,8,4,12,1,3,17,0,1,1,0,0,0,0,0,0,0,0,0,1,1,0,0,0,1,0,0,1
8,BRAŞOV,"GRĂDINIŢA CU PROGRAM PRELUNGIT ”CASUTA BUCURIEI” NR. 11",31,"MUNICIPIUL BRAŞOV",40198,1,PROV,PRCNCT,CD,CD_SV,"2021-01-21 12:30:02",868,855,13,0,362,349,13,0,1000,638,356,4,2,103,29,67,19,94,12,0,7,2,0,10,7,0,1,0,0,1,0,0,0,0,0,0,0,0,0,0,0,1,0,0,3
8,BRAŞOV,"COLEGIUL ”EMIL RACOVIŢĂ”",32,"MUNICIPIUL BRAŞOV",40198,1,PROV,PRCNCT,CD,CD_SV,"2021-01-21 12:30:02",1553,1519,34,0,521,487,34,0,1700,1179,508,7,6,160,35,99,20,113,19,1,14,2,2,23,8,3,0,0,0,1,0,0,0,1,0,1,0,0,0,0,0,4,0,0,2
8,BRAŞOV,"COLEGIUL ”EMIL RACOVIŢĂ”",33,"MUNICIPIUL BRAŞOV",40198,1,PROV,PRCNCT,CD,CD_SV,"2021-01-21 12:30:02",1342,1325,15,2,471,454,15,2,1500,1029,463,5,3,176,24,91,11,111,14,0,6,2,2,13,6,2,0,0,0,0,0,0,0,0,0,0,1,0,0,0,0,0,0,0,4
8,BRAŞOV,"COLEGIUL ”EMIL RACOVIŢĂ”",34,"MUNICIPIUL BRAŞOV",40198,1,PROV,PRCNCT,CD,CD_SV,"2021-01-21 12:30:02",1288,1272,16,0,459,443,16,0,1400,941,457,2,0,160,26,89,10,107,18,2,3,1,2,12,9,1,0,1,0,0,0,0,0,0,0,1,0,0,3,0,0,2,1,0,9
8,BRAŞOV,"COLEGIUL ”EMIL RACOVIŢĂ”",35,"MUNICIPIUL BRAŞOV",40198,1,PROV,PRCNCT,CD,CD_SV,"2021-01-21 12:30:02",860,852,8,0,356,348,8,0,900,544,355,1,0,166,31,40,11,71,5,1,2,0,2,13,6,0,0,0,0,0,0,0,0,0,0,0,0,0,0,0,0,1,0,0,6
8,BRAŞOV,"COLEGIUL NAŢIONAL ”DR. I. MEŞOTĂ”",36,"MUNICIPIUL BRAŞOV",40198,1,PROV,PRCNCT,CD,CD_SV,"2021-01-21 12:30:02",1638,1611,26,1,645,618,26,1,1800,1155,636,7,2,218,40,128,20,160,25,2,6,1,1,22,6,1,1,0,0,2,1,1,0,0,0,0,0,0,0,0,0,1,0,0,0
8,BRAŞOV,"COLEGIUL NAŢIONAL ”DR. I. MEŞOTĂ”",37,"MUNICIPIUL BRAŞOV",40198,1,PROV,PRCNCT,CD,CD_SV,"2021-01-21 12:30:02",930,902,25,3,354,326,25,3,1000,646,347,5,2,121,34,51,9,86,7,1,2,4,2,15,2,4,0,0,0,0,0,0,1,0,0,0,1,0,0,0,0,5,0,0,2
8,BRAŞOV,"COLEGIUL NAŢIONAL ”DR. I. MEŞOTĂ”",38,"MUNICIPIUL BRAŞOV",40198,1,PROV,PRCNCT,CD,CD_SV,"2021-01-21 12:30:02",1496,1477,19,0,548,529,19,0,1600,1052,540,5,3,212,21,82,18,128,21,0,8,5,2,22,5,4,0,0,0,0,0,0,0,0,0,1,0,0,2,0,0,0,0,0,9
8,BRAŞOV,"ŞCOALA GIMNAZIALĂ NR. 19",39,"MUNICIPIUL BRAŞOV",40198,1,PROV,PRCNCT,CD,CD_SV,"2021-01-21 12:30:02",1119,1097,21,1,442,420,21,1,1200,758,430,9,3,155,36,86,8,95,8,1,9,2,2,12,5,3,1,0,0,0,0,0,1,0,0,0,0,0,1,0,0,0,0,0,5
8,BRAŞOV,"ŞCOALA GIMNAZIALĂ NR. 19",40,"MUNICIPIUL BRAŞOV",40198,1,PROV,PRCNCT,CD,CD_SV,"2021-01-21 12:30:02",1355,1328,25,2,531,504,25,2,1500,969,522,7,2,174,20,114,23,115,21,3,3,7,5,17,4,3,2,0,0,0,1,0,0,0,0,0,0,0,0,0,0,4,0,0,6
8,BRAŞOV,"ŞCOALA GIMNAZIALĂ NR. 19",41,"MUNICIPIUL BRAŞOV",40198,1,PROV,PRCNCT,CD,CD_SV,"2021-01-21 12:30:02",964,950,14,0,329,315,14,0,1100,771,329,0,0,121,16,56,14,68,13,2,8,3,2,21,1,0,0,0,0,0,0,0,0,0,0,0,0,1,0,0,0,0,0,0,3
8,BRAŞOV,"ŞCOALA GIMNAZIALĂ NR. 19",42,"MUNICIPIUL BRAŞOV",40198,1,PROV,PRCNCT,CD,CD_SV,"2021-01-21 12:30:02",1514,1499,13,2,509,494,13,2,1700,1191,500,6,3,177,27,107,13,109,18,2,7,8,0,20,2,1,1,1,0,0,0,0,0,0,0,1,0,0,0,0,0,0,0,0,6
8,BRAŞOV,"ŞCOALA GIMNAZIALĂ NR. 19",43,"MUNICIPIUL BRAŞOV",40198,2,PART,PRCNCT,CD,CD_SV,"2021-01-21 12:30:02",1424,1412,12,0,549,537,12,0,1600,1051,543,6,0,180,20,119,21,116,27,4,13,1,2,26,6,2,2,0,1,1,0,0,0,1,0,0,0,0,0,0,0,1,0,0,0
8,BRAŞOV,"VILA ORIZONT",44,"MUNICIPIUL BRAŞOV",40198,1,PROV,PRCNCT,CD,CD_SV,"2021-01-21 12:30:02",376,332,43,1,143,99,43,1,500,357,141,2,0,40,7,12,12,41,8,0,3,1,0,14,1,1,1,0,0,0,0,0,0,0,0,0,0,0,0,0,0,0,0,0,0
8,BRAŞOV,"ŞCOALA GIMNAZIALĂ NR. 27 ”ANATOL GHERMANSCHI”",45,"MUNICIPIUL BRAŞOV",40198,1,PROV,PRCNCT,CD,CD_SV,"2021-01-21 12:30:02",1456,1448,8,0,507,499,8,0,1600,1093,497,7,3,183,19,101,5,115,18,1,8,6,1,25,1,2,4,1,0,1,0,0,0,0,0,1,0,0,1,0,0,0,0,1,3
8,BRAŞOV,"ŞCOALA GIMNAZIALĂ NR. 27 ”ANATOL GHERMANSCHI”",46,"MUNICIPIUL BRAŞOV",40198,1,PROV,PRCNCT,CD,CD_SV,"2021-01-21 12:30:02",1415,1401,14,0,493,479,14,0,1600,1107,488,3,2,176,13,106,18,111,12,0,10,3,0,26,5,1,0,0,0,0,1,0,0,0,0,0,0,0,0,0,1,3,0,0,2
8,BRAŞOV,"ŞCOALA GIMNAZIALĂ NR. 27 ”ANATOL GHERMANSCHI”",47,"MUNICIPIUL BRAŞOV",40198,1,PROV,PRCNCT,CD,CD_SV,"2021-01-21 12:30:02",645,633,12,0,245,233,12,0,700,455,242,1,2,82,18,60,10,41,3,1,5,5,0,5,5,1,1,0,0,0,1,0,0,0,0,0,0,0,0,0,0,0,0,1,3
8,BRAŞOV,"ŞCOALA GIMNAZIALĂ NR. 27 ”ANATOL GHERMANSCHI”",48,"MUNICIPIUL BRAŞOV",40198,1,PROV,PRCNCT,CD,CD_SV,"2021-01-21 12:30:02",1586,1553,29,4,508,475,29,4,1700,1192,497,9,2,164,16,107,18,124,18,1,5,1,3,34,3,0,0,0,0,1,0,0,0,0,0,0,0,0,0,0,0,1,0,0,1
8,BRAŞOV,"ŞCOALA GIMNAZIALĂ NR. 27 ”ANATOL GHERMANSCHI”",49,"MUNICIPIUL BRAŞOV",40198,1,PROV,PRCNCT,CD,CD_SV,"2021-01-21 12:30:02",1437,1415,22,0,488,466,22,0,1600,1112,479,9,0,144,29,92,19,122,10,3,7,2,3,30,5,2,0,0,0,0,0,0,0,1,1,0,1,0,1,0,0,3,1,0,3
8,BRAŞOV,"ŞCOALA GIMNAZIALĂ NR. 27 ”ANATOL GHERMANSCHI”",50,"MUNICIPIUL BRAŞOV",40198,1,PROV,PRCNCT,CD,CD_SV,"2021-01-21 12:30:02",1521,1509,11,1,506,494,11,1,1700,1194,497,9,0,166,33,103,11,119,15,0,15,1,4,18,7,2,0,0,0,0,0,0,0,0,0,0,0,0,0,0,0,1,0,0,2
8,BRAŞOV,"ŞCOALA GIMNAZIALĂ NR. 27 ”ANATOL GHERMANSCHI”",51,"MUNICIPIUL BRAŞOV",40198,1,PROV,PRCNCT,CD,CD_SV,"2021-01-21 12:30:02",1540,1523,15,2,513,496,15,2,1700,1187,504,8,1,155,34,109,14,120,14,2,6,5,2,27,7,2,3,0,0,1,0,0,0,0,0,0,0,0,0,0,0,1,0,0,2
8,BRAŞOV,"ŞCOALA GIMNAZIALĂ NR. 11 „ST.O.IOSIF”",52,"MUNICIPIUL BRAŞOV",40198,1,PROV,PRCNCT,CD,CD_SV,"2021-01-21 12:30:02",1179,1160,19,0,453,434,19,0,1300,847,447,4,2,126,45,99,11,105,9,2,7,3,2,19,5,1,1,0,0,0,1,0,0,0,0,0,0,1,1,0,0,1,0,1,7
8,BRAŞOV,"ŞCOALA GIMNAZIALĂ NR. 11 „ST.O.IOSIF”",53,"MUNICIPIUL BRAŞOV",40198,1,PROV,PRCNCT,CD,CD_SV,"2021-01-21 12:30:02",1465,1450,15,0,510,495,15,0,1600,1090,503,6,1,177,10,112,15,114,21,6,8,3,1,23,1,2,2,1,0,0,0,0,0,0,0,0,0,0,1,0,0,0,0,0,6
8,BRAŞOV,"ŞCOALA GIMNAZIALĂ NR. 11 „ST.O.IOSIF”",54,"MUNICIPIUL BRAŞOV",40198,1,PROV,PRCNCT,CD,CD_SV,"2021-01-21 12:30:02",1072,1062,10,0,298,288,10,0,1200,902,290,5,3,92,5,76,11,61,5,1,4,5,2,20,2,0,2,0,0,0,0,0,0,1,0,0,0,0,0,0,0,0,0,0,3
8,BRAŞOV,"ŞCOALA GIMNAZIALĂ NR. 11 „ST.O.IOSIF”",55,"MUNICIPIUL BRAŞOV",40198,1,PROV,PRCNCT,CD,CD_SV,"2021-01-21 12:30:02",915,908,6,1,212,205,6,1,1000,788,206,5,1,60,4,51,11,43,7,1,4,1,0,23,0,0,0,0,0,0,0,0,0,0,0,0,0,0,1,0,0,0,0,0,0
8,BRAŞOV,"ŞCOALA GIMNAZIALĂ NR. 11 „ST.O.IOSIF”",56,"MUNICIPIUL BRAŞOV",40198,1,PROV,PRCNCT,CD,CD_SV,"2021-01-21 12:30:02",1400,1391,9,0,354,345,9,0,1500,1146,345,7,2,113,15,71,5,81,16,0,10,1,1,18,5,4,0,0,1,1,0,0,0,0,0,0,0,0,2,0,0,1,0,0,0
8,BRAŞOV,"ŞCOALA GIMNAZIALĂ NR. 11 „ST.O.IOSIF”",57,"MUNICIPIUL BRAŞOV",40198,1,PROV,PRCNCT,CD,CD_SV,"2021-01-21 12:30:02",1348,1338,10,0,413,403,10,0,1500,1087,404,7,2,108,15,105,18,87,5,6,10,4,1,35,2,0,1,0,0,0,0,0,1,0,0,0,2,1,1,0,0,1,0,0,1
8,BRAŞOV,"ȘCOALĂ GENERALĂ NR. 11 ȘTEFAN OCTAVIAN IOSIF",58,"MUNICIPIUL BRAŞOV",40198,1,PROV,PRCNCT,CD,CD_SV,"2021-01-21 12:30:02",1372,1366,6,0,355,349,6,0,1500,1145,351,4,0,107,14,67,12,97,11,1,6,3,1,17,1,3,0,1,0,1,0,0,0,0,0,0,0,2,0,1,0,1,1,0,4
8,BRAŞOV,"ȘCOALĂ GENERALĂ NR. 11 ȘTEFAN OCTAVIAN IOSIF",59,"MUNICIPIUL BRAŞOV",40198,1,PROV,PRCNCT,CD,CD_SV,"2021-01-21 12:30:02",980,970,10,0,346,336,10,0,1100,754,344,2,0,112,13,74,10,81,9,8,6,5,1,17,2,0,0,0,0,0,0,0,0,1,0,0,0,0,0,0,0,2,0,0,3
8,BRAŞOV,"ŞCOALA GIMNAZIALĂ NR. 11",60,"MUNICIPIUL BRAŞOV",40198,2,PART,PRCNCT,CD,CD_SV,"2021-01-21 12:30:02",1211,1192,17,2,398,379,17,2,1300,902,394,4,0,131,19,89,6,102,15,1,4,3,0,12,4,1,0,0,0,0,0,0,0,0,0,0,0,0,0,0,0,5,0,0,2
8,BRAŞOV,"ŞCOALA GIMNAZIALĂ NR. 11",61,"MUNICIPIUL BRAŞOV",40198,1,PROV,PRCNCT,CD,CD_SV,"2021-01-21 12:30:02",1315,1306,9,0,442,433,9,0,1400,958,439,3,0,152,9,104,12,94,24,2,11,0,1,23,4,0,0,1,0,0,0,0,0,0,1,0,0,0,0,0,0,0,0,0,1
8,BRAŞOV,"ŞCOALA GIMNAZIALĂ NR. 11",62,"MUNICIPIUL BRAŞOV",40198,1,PROV,PRCNCT,CD,CD_SV,"2021-01-21 12:30:02",1206,1197,9,0,399,390,9,0,1300,901,387,11,1,117,7,91,16,93,15,1,9,5,2,20,5,0,2,0,0,0,0,0,0,0,0,0,0,0,1,0,0,2,0,0,1
8,BRAŞOV,"ŞCOALA GIMNAZIALĂ NR. 11",63,"MUNICIPIUL BRAŞOV",40198,1,PROV,PRCNCT,CD,CD_SV,"2021-01-21 12:30:02",1254,1246,8,0,401,393,8,0,1400,999,387,11,3,129,14,65,12,103,8,3,10,2,0,27,4,0,0,1,0,1,0,0,0,1,0,0,1,0,0,1,0,1,0,1,3
8,BRAŞOV,"ŞCOALA GIMNAZIALĂ NR. 11",64,"MUNICIPIUL BRAŞOV",40198,1,PROV,PRCNCT,CD,CD_SV,"2021-01-21 12:30:02",1549,1539,5,5,522,512,5,5,1700,1178,512,8,2,143,25,112,17,134,17,2,12,6,2,28,3,0,1,1,0,0,0,0,0,2,0,0,0,0,0,0,0,1,0,0,6
8,BRAŞOV,"ŞCOALA GIMNAZIALĂ NR. 11",65,"MUNICIPIUL BRAŞOV",40198,1,PROV,PRCNCT,CD,CD_SV,"2021-01-21 12:30:02",1495,1489,6,0,460,454,6,0,1600,1140,452,7,1,123,24,101,9,114,15,2,8,6,4,31,5,2,1,0,0,0,0,1,0,0,0,0,0,0,1,0,0,2,0,1,2
8,BRAŞOV,"ŞCOALA GIMNAZIALĂ NR. 25",66,"MUNICIPIUL BRAŞOV",40198,1,PROV,PRCNCT,CD,CD_SV,"2021-01-21 12:30:02",1533,1504,27,2,583,554,27,2,1700,1117,583,0,0,223,17,121,18,128,10,2,8,1,3,27,8,2,3,0,0,0,0,0,0,0,0,1,0,0,1,0,0,2,1,1,6
8,BRAŞOV,"ŞCOALA GIMNAZIALĂ NR. 25",67,"MUNICIPIUL BRAŞOV",40198,1,PROV,PRCNCT,CD,CD_SV,"2021-01-21 12:30:02",1686,1674,10,2,584,572,10,2,1900,1316,579,5,0,236,18,111,17,120,14,4,8,8,0,28,5,2,1,0,1,0,0,0,0,0,0,0,1,0,0,0,1,2,0,0,2
8,BRAŞOV,"ŞCOALA GIMNAZIALĂ NR. 25",68,"MUNICIPIUL BRAŞOV",40198,1,PROV,PRCNCT,CD,CD_SV,"2021-01-21 12:30:02",852,844,8,0,307,299,8,0,900,593,304,3,0,119,9,57,12,51,12,3,8,1,1,19,0,0,2,0,1,1,1,0,0,1,0,0,0,0,0,0,0,0,0,0,6
8,BRAŞOV,"ŞCOALA GIMNAZIALĂ NR. 25",69,"MUNICIPIUL BRAŞOV",40198,1,PROV,PRCNCT,CD,CD_SV,"2021-01-21 12:30:02",1577,1559,15,3,559,541,15,3,1700,1141,553,3,3,197,9,114,18,131,18,0,10,1,2,36,8,0,1,0,0,0,0,0,0,0,0,0,0,0,0,0,0,2,0,1,5
8,BRAŞOV,"LICEUL DE ARTE PLASTICE „HANS MATTIS-TEUTSCH”",70,"MUNICIPIUL BRAŞOV",40198,1,PROV,PRCNCT,CD,CD_SV,"2021-01-21 12:30:02",1313,1287,22,4,481,455,22,4,1400,919,477,3,1,207,20,78,14,91,11,3,6,4,4,25,7,1,0,0,0,0,0,0,0,1,0,0,0,0,0,0,0,1,1,0,3
8,BRAŞOV,"LICEUL DE ARTE PLASTICE „HANS MATTIS-TEUTSCH”",71,"MUNICIPIUL BRAŞOV",40198,1,PROV,PRCNCT,CD,CD_SV,"2021-01-21 12:30:02",1207,1199,8,0,427,419,8,0,1300,873,421,4,2,159,17,74,8,95,25,3,6,2,3,17,6,0,2,0,0,1,0,0,0,0,0,0,0,0,0,0,0,1,0,0,2
8,BRAŞOV,"LICEUL DE ARTE PLASTICE „HANS MATTIS-TEUTSCH”",72,"MUNICIPIUL BRAŞOV",40198,1,PROV,PRCNCT,CD,CD_SV,"2021-01-21 12:30:02",1522,1516,6,0,569,563,6,0,1700,1131,565,4,0,230,15,122,20,115,11,4,12,1,2,19,4,1,1,0,0,0,0,0,1,0,0,0,0,0,0,1,0,0,0,1,5
8,BRAŞOV,"ȘCOALA GIMNAZIALĂ NR. 4",73,"MUNICIPIUL BRAŞOV",40198,1,PROV,PRCNCT,CD,CD_SV,"2021-01-21 12:30:02",1414,1391,21,2,465,442,21,2,1500,1035,461,2,2,173,29,82,16,103,18,4,7,1,1,12,2,0,3,0,0,0,0,1,0,0,1,0,0,0,0,0,0,1,0,1,6
8,BRAŞOV,"ȘCOALA GIMNAZIALĂ NR. 4",74,"MUNICIPIUL BRAŞOV",40198,2,PART,PRCNCT,CD,CD_SV,"2021-01-21 12:30:02",1166,1148,13,5,402,384,13,5,1300,898,397,5,0,163,19,73,11,96,9,0,3,0,0,14,4,0,1,1,0,0,0,0,0,0,0,1,0,0,0,0,0,0,0,0,2
8,BRAŞOV,"ȘCOALA GIMNAZIALĂ NR. 4",75,"MUNICIPIUL BRAŞOV",40198,3,PART,PRCNCT,CD,CD_SV,"2021-01-21 12:30:02",1246,1235,9,2,430,419,9,2,1400,970,423,7,0,149,28,80,24,82,15,2,6,2,3,14,2,4,2,1,0,0,0,0,0,0,0,0,0,0,0,0,0,2,0,0,7
8,BRAŞOV,"ȘCOALA GIMNAZIALĂ NR. 4",76,"MUNICIPIUL BRAŞOV",40198,2,PART,PRCNCT,CD,CD_SV,"2021-01-21 12:30:02",1322,1312,8,2,460,450,8,2,1500,1040,455,5,0,180,10,89,16,93,25,0,5,3,0,17,3,2,0,0,0,0,1,0,0,1,0,0,0,1,0,0,0,3,0,0,6
8,BRAŞOV,"ȘCOALA GIMNAZIALĂ NR. 4",77,"MUNICIPIUL BRAŞOV",40198,1,PROV,PRCNCT,CD,CD_SV,"2021-01-21 12:30:02",1558,1541,17,0,577,560,17,0,1700,1123,569,5,3,232,27,108,7,114,19,3,17,8,1,26,2,1,0,0,0,0,0,0,0,0,0,0,0,0,0,0,0,0,0,0,4
8,BRAŞOV,"ȘCOALA GIMNAZIALĂ NR. 4",78,"MUNICIPIUL BRAŞOV",40198,1,PROV,PRCNCT,CD,CD_SV,"2021-01-21 12:30:02",1142,1125,14,3,379,362,14,3,1200,821,376,1,2,169,2,67,5,84,17,4,6,1,1,14,0,2,0,0,1,1,0,0,0,0,0,0,0,0,0,0,0,1,0,0,1
8,BRAŞOV,"ŞCOALA GIMNAZIALĂ NR. 9 ”NICOLAE ORGHIDAN”",79,"MUNICIPIUL BRAŞOV",40198,1,PROV,PRCNCT,CD,CD_SV,"2021-01-21 12:30:02",1569,1554,12,3,381,366,12,3,1700,1319,370,8,3,106,19,66,7,80,8,2,8,5,7,44,9,1,1,0,0,0,0,0,1,0,0,0,2,1,0,1,0,0,0,1,1
8,BRAŞOV,"ŞCOALA GIMNAZIALĂ NR. 9 ”NICOLAE ORGHIDAN”",80,"MUNICIPIUL BRAŞOV",40198,2,PART,PRCNCT,CD,CD_SV,"2021-01-21 12:30:02",1621,1570,12,39,446,395,12,39,1800,1354,430,15,1,121,11,85,8,101,18,2,18,1,2,42,6,3,1,1,0,1,0,0,0,1,0,0,1,0,1,0,1,0,0,1,4
8,BRAŞOV,"ŞCOALA GIMNAZIALĂ NR. 9 ”NICOLAE ORGHIDAN”",81,"MUNICIPIUL BRAŞOV",40198,1,PROV,PRCNCT,CD,CD_SV,"2021-01-21 12:30:02",1396,1389,5,2,416,409,5,2,1500,1084,411,3,2,128,11,93,11,101,11,0,10,0,1,23,9,1,1,0,0,0,0,0,0,2,0,0,0,0,0,0,0,2,1,1,5
8,BRAŞOV,"ŞCOALA GIMNAZIALĂ NR. 9",82,"MUNICIPIUL BRAŞOV",40198,1,PROV,PRCNCT,CD,CD_SV,"2021-01-21 12:30:02",1475,1450,25,0,438,413,25,0,1600,1162,425,9,4,137,1,98,18,88,9,1,11,4,6,39,5,1,1,0,0,0,0,0,0,1,1,0,0,0,1,0,0,1,0,0,2
8,BRAŞOV,"ŞCOALA GIMNAZIALĂ NR. 9",83,"MUNICIPIUL BRAŞOV",40198,1,PROV,PRCNCT,CD,CD_SV,"2021-01-21 12:30:02",1039,1034,5,0,325,320,5,0,1100,775,316,4,5,100,5,88,10,58,7,4,5,2,1,26,2,1,0,0,0,1,0,0,0,0,0,0,0,0,0,0,0,0,0,0,6
8,BRAŞOV,"ŞCOALA GIMNAZIALĂ NR. 9",84,"MUNICIPIUL BRAŞOV",40198,1,PROV,PRCNCT,CD,CD_SV,"2021-01-21 12:30:02",1146,1139,7,0,318,311,7,0,1300,982,314,2,2,100,6,78,9,63,12,2,6,0,0,30,3,1,0,0,0,0,0,0,0,0,0,0,0,0,0,1,1,1,0,0,1
8,BRAŞOV,"ŞCOALA GIMNAZIALĂ NR. 9",85,"MUNICIPIUL BRAŞOV",40198,1,PROV,PRCNCT,CD,CD_SV,"2021-01-21 12:30:02",1424,1421,3,0,387,384,3,0,1600,1213,380,4,3,115,5,106,15,70,10,4,8,5,2,23,7,2,0,1,0,0,0,0,0,2,0,0,0,0,0,0,0,1,1,0,3
8,BRAŞOV,"ŞCOALA GIMNAZIALĂ NR. 9",86,"MUNICIPIUL BRAŞOV",40198,1,PROV,PRCNCT,CD,CD_SV,"2021-01-21 12:30:02",1621,1614,7,0,502,495,7,0,1800,1298,493,7,2,166,8,102,27,95,16,5,10,3,4,48,4,1,1,0,0,1,0,0,0,0,0,0,0,0,0,1,0,0,1,0,0
8,BRAŞOV,"ŞCOALA GIMNAZIALĂ NR. 9",87,"MUNICIPIUL BRAŞOV",40198,1,PROV,PRCNCT,CD,CD_SV,"2021-01-21 12:30:02",1573,1565,6,2,546,538,6,2,1700,1154,533,13,0,208,15,82,17,131,14,3,5,2,4,30,8,4,1,0,0,0,0,1,0,0,0,0,0,0,0,0,0,1,1,2,4
8,BRAŞOV,"ŞCOALA GIMNAZIALĂ NR. 9",88,"MUNICIPIUL BRAŞOV",40198,1,PROV,PRCNCT,CD,CD_SV,"2021-01-21 12:30:02",1458,1450,6,2,407,399,6,2,1600,1193,400,5,2,118,4,96,14,74,26,3,11,2,4,28,5,4,3,0,0,0,0,0,0,0,0,0,0,0,1,0,0,0,0,0,7
8,BRAŞOV,"ȘCOALĂ GENERALĂ NR. 9",89,"MUNICIPIUL BRAŞOV",40198,1,PROV,PRCNCT,CD,CD_SV,"2021-01-21 12:30:02",1453,1443,10,0,403,393,10,0,1600,1197,398,4,1,132,6,88,12,78,10,0,6,7,6,40,2,1,2,0,0,0,0,0,0,1,0,0,0,1,0,0,0,1,0,0,5
8,BRAŞOV,"ŞCOALA GIMNAZIALĂ NR. 3 ”GHEORGHE LAZĂR”",90,"MUNICIPIUL BRAŞOV",40198,1,PROV,PRCNCT,CD,CD_SV,"2021-01-21 12:30:02",1588,1557,31,0,474,443,31,0,1700,1226,462,9,3,171,17,90,14,105,21,3,6,0,1,22,3,1,0,0,0,0,0,0,0,1,0,0,0,0,0,0,0,2,0,0,5
8,BRAŞOV,"ŞCOALA GIMNAZIALĂ NR. 3 ”GHEORGHE LAZĂR”",91,"MUNICIPIUL BRAŞOV",40198,1,PROV,PRCNCT,CD,CD_SV,"2021-01-21 12:30:02",1552,1531,19,2,498,477,19,2,1700,1202,480,15,3,168,21,102,15,119,12,2,10,1,1,17,3,4,1,0,0,0,0,0,0,0,0,0,0,0,0,1,0,1,1,0,1
8,BRAŞOV,"ŞCOALA GIMNAZIALĂ NR. 3 ”GHEORGHE LAZĂR”",92,"MUNICIPIUL BRAŞOV",40198,2,PART,PRCNCT,CD,CD_SV,"2021-01-21 12:30:02",1678,1662,15,1,544,528,15,1,1800,1256,538,5,1,188,24,112,26,117,21,2,5,3,5,18,6,1,0,0,0,0,0,0,0,1,0,0,0,0,1,0,0,2,1,0,5
8,BRAŞOV,"ŞCOALA GIMNAZIALĂ NR. 3 ”GHEORGHE LAZĂR”",93,"MUNICIPIUL BRAŞOV",40198,1,PROV,PRCNCT,CD,CD_SV,"2021-01-21 12:30:02",1252,1242,10,0,409,399,10,0,1400,991,407,1,1,150,21,88,11,86,12,2,7,0,2,17,2,1,1,0,0,0,0,1,0,0,0,1,0,0,1,0,0,2,1,0,1
8,BRAŞOV,"ŞCOALA GIMNAZIALĂ NR. 3 ”GHEORGHE LAZĂR”",94,"MUNICIPIUL BRAŞOV",40198,1,PROV,PRCNCT,CD,CD_SV,"2021-01-21 12:30:02",1537,1531,6,0,473,467,6,0,1700,1227,467,6,0,144,37,96,16,121,17,4,4,5,0,12,3,1,4,0,0,0,0,0,0,0,0,0,0,0,0,0,0,2,0,0,1
8,BRAŞOV,"ŞCOALA GIMNAZIALĂ NR. 3 ”GHEORGHE LAZĂR”",95,"MUNICIPIUL BRAŞOV",40198,1,PROV,PRCNCT,CD,CD_SV,"2021-01-21 12:30:02",1464,1455,7,2,439,430,7,2,1600,1161,433,4,2,151,28,86,15,93,17,2,4,1,9,14,8,1,0,0,0,0,0,0,0,0,0,0,0,0,1,0,0,0,0,0,3
8,BRAŞOV,"ŞCOALA GIMNAZIALĂ NR. 3 ”GHEORGHE LAZĂR”",96,"MUNICIPIUL BRAŞOV",40198,1,PROV,PRCNCT,CD,CD_SV,"2021-01-21 12:30:02",1638,1625,12,1,532,519,12,1,1800,1268,527,2,3,198,24,88,16,119,24,6,15,0,2,23,5,0,1,0,0,1,0,0,0,0,0,0,0,1,0,0,0,0,0,0,4
8,BRAŞOV,"LICEUL TEHNOLOGIC SILVIC ”DOCTOR NICOLAE RUCĂREANU”",97,"MUNICIPIUL BRAŞOV",40198,1,PROV,PRCNCT,CD,CD_SV,"2021-01-21 12:30:02",1112,1081,30,1,376,345,30,1,1200,824,369,6,1,128,12,68,12,79,14,0,13,1,1,27,4,0,2,0,0,1,0,0,0,0,0,0,0,1,0,0,0,1,0,0,5
8,BRAŞOV,"LICEUL TEHNOLOGIC SILVIC ”DOCTOR NICOLAE RUCĂREANU”",98,"MUNICIPIUL BRAŞOV",40198,1,PROV,PRCNCT,CD,CD_SV,"2021-01-21 12:30:02",1379,1371,8,0,448,440,8,0,1500,1052,441,7,0,166,11,90,9,100,8,1,4,3,0,33,9,0,1,0,0,0,0,0,0,0,0,0,0,0,1,0,0,1,0,1,3
8,BRAŞOV,"LICEUL TEHNOLOGIC SILVIC ”DOCTOR NICOLAE RUCĂREANU”",99,"MUNICIPIUL BRAŞOV",40198,1,PROV,PRCNCT,CD,CD_SV,"2021-01-21 12:30:02",869,862,7,0,247,240,7,0,1000,753,244,3,0,82,17,49,14,56,9,0,0,0,0,12,0,0,2,0,0,0,1,0,0,1,0,0,0,0,1,0,0,0,0,0,0
8,BRAŞOV,"LICEUL TEHNOLOGIC SILVIC ”DOCTOR NICOLAE RUCĂREANU”",100,"MUNICIPIUL BRAŞOV",40198,1,PROV,PRCNCT,CD,CD_SV,"2021-01-21 12:30:02",1444,1428,16,0,439,423,16,0,1600,1161,434,5,0,146,20,84,12,100,15,1,14,3,4,28,1,0,1,0,0,0,0,0,0,0,0,0,0,0,0,1,0,1,0,0,3
8,BRAŞOV,"ŞCOALA GIMNAZIALĂ NR. 2",101,"MUNICIPIUL BRAŞOV",40198,2,PART,PRCNCT,CD,CD_SV,"2021-01-21 12:30:02",1512,1496,13,3,431,417,13,1,1700,1269,422,7,2,136,25,84,8,92,17,4,4,3,6,24,6,3,3,0,0,1,0,0,0,0,0,0,0,0,4,0,0,0,1,0,1
8,BRAŞOV,"ŞCOALA GIMNAZIALĂ NR. 2",102,"MUNICIPIUL BRAŞOV",40198,1,PROV,PRCNCT,CD,CD_SV,"2021-01-21 12:30:02",1470,1451,19,0,511,492,19,0,1600,1089,499,8,4,169,35,81,10,128,16,0,13,3,1,27,6,2,1,0,0,0,0,0,0,1,0,0,0,0,2,0,0,1,0,0,3
8,BRAŞOV,"ŞCOALA GIMNAZIALĂ NR. 2",103,"MUNICIPIUL BRAŞOV",40198,1,PROV,PRCNCT,CD,CD_SV,"2021-01-21 12:30:02",1438,1420,18,0,444,426,18,0,1600,1156,433,7,4,157,24,69,20,99,10,4,10,1,3,27,3,0,0,0,0,1,0,0,0,0,0,0,0,0,0,0,0,2,0,0,3
8,BRAŞOV,"ŞCOALA GIMNAZIALĂ NR. 2",104,"MUNICIPIUL BRAŞOV",40198,1,PROV,PRCNCT,CD,CD_SV,"2021-01-21 12:30:02",1586,1576,10,0,446,436,10,0,1800,1354,442,3,1,146,23,81,18,112,10,2,11,2,1,20,3,2,1,0,0,0,0,0,0,1,0,1,1,0,1,0,0,4,0,0,2
8,BRAŞOV,"ŞCOALA GIMNAZIALĂ NR. 2",105,"MUNICIPIUL BRAŞOV",40198,1,PROV,PRCNCT,CD,CD_SV,"2021-01-21 12:30:02",1441,1425,16,0,404,388,16,0,1600,1196,397,6,1,138,14,82,8,99,4,4,7,5,3,23,1,2,0,0,0,0,0,0,0,0,0,0,0,0,0,0,0,2,1,0,4
8,BRAŞOV,"ȘCOALA GIMNAZIALĂ NR. 2",106,"MUNICIPIUL BRAŞOV",40198,2,PART,PRCNCT,CD,CD_SV,"2021-01-21 12:30:02",1775,1749,25,1,620,594,25,1,1900,1280,606,13,1,206,25,111,12,144,27,3,15,0,2,25,5,12,1,0,0,0,0,0,0,2,0,0,0,0,2,1,0,4,0,2,7
8,BRAŞOV,"COLEGIUL DE ŞTIINŢE ”GRIGORE ANTIPA”",107,"MUNICIPIUL BRAŞOV",40198,1,PROV,PRCNCT,CD,CD_SV,"2021-01-21 12:30:02",1461,1432,29,0,512,483,29,0,1600,1088,506,5,1,188,27,100,20,117,11,0,1,3,0,19,4,0,3,1,0,0,0,0,0,0,0,0,1,0,1,0,2,2,1,0,5
8,BRAŞOV,"COLEGIUL DE ŞTIINŢE ”GRIGORE ANTIPA”",108,"MUNICIPIUL BRAŞOV",40198,1,PROV,PRCNCT,CD,CD_SV,"2021-01-21 12:30:02",1493,1470,21,2,516,493,21,2,1600,1084,507,7,2,150,40,93,19,123,21,1,6,2,3,24,5,1,2,0,0,2,0,0,0,1,1,0,0,0,2,0,0,1,0,0,10
8,BRAŞOV,"COLEGIUL DE ŞTIINŢE ”GRIGORE ANTIPA”",109,"MUNICIPIUL BRAŞOV",40198,1,PROV,PRCNCT,CD,CD_SV,"2021-01-21 12:30:02",1418,1401,17,0,481,464,17,0,1600,1119,475,6,0,183,53,64,10,105,21,2,4,4,2,10,2,2,2,0,0,0,0,0,0,1,1,0,0,0,0,0,0,4,0,0,5
8,BRAŞOV,"COLEGIUL DE ŞTIINŢE ”GRIGORE ANTIPA”",110,"MUNICIPIUL BRAŞOV",40198,1,PROV,PRCNCT,CD,CD_SV,"2021-01-21 12:30:02",1215,1165,14,36,465,415,14,36,1400,935,456,6,3,169,25,89,12,94,13,5,13,0,6,17,2,1,0,0,0,0,0,0,0,1,1,1,0,0,0,0,0,2,0,1,4
8,BRAŞOV,"COLEGIUL NAŢIONAL DE INFORMATICĂ ”GRIGORE MOISIL”",111,"MUNICIPIUL BRAŞOV",40198,1,PROV,PRCNCT,CD,CD_SV,"2021-01-21 12:30:02",1217,1188,29,0,429,400,29,0,1300,871,427,2,0,141,22,97,19,84,13,0,10,3,2,19,8,3,1,0,0,0,0,0,0,0,0,0,0,0,0,0,0,1,0,0,4
8,BRAŞOV,"COLEGIUL NAŢIONAL DE INFORMATICĂ ”GRIGORE MOISIL”",112,"MUNICIPIUL BRAŞOV",40198,1,PROV,PRCNCT,CD,CD_SV,"2021-01-21 12:30:02",1406,1379,16,11,460,433,16,11,1500,1040,450,7,3,174,15,105,19,82,12,1,6,2,3,18,6,0,1,0,0,1,0,0,0,0,0,0,0,0,3,0,0,1,0,0,1
8,BRAŞOV,"COLEGIUL NAŢIONAL DE INFORMATICĂ ”GRIGORE MOISIL”",113,"MUNICIPIUL BRAŞOV",40198,1,PROV,PRCNCT,CD,CD_SV,"2021-01-21 12:30:02",1546,1539,7,0,386,379,7,0,1700,1314,380,6,0,110,12,76,9,101,16,3,12,2,1,26,2,0,3,0,0,0,0,0,0,1,0,0,1,1,0,0,0,1,0,0,3
8,BRAŞOV,"COLEGIUL NAŢIONAL DE INFORMATICĂ ”GRIGORE MOISIL”",114,"MUNICIPIUL BRAŞOV",40198,1,PROV,PRCNCT,CD,CD_SV,"2021-01-21 12:30:02",1351,1337,14,0,446,432,14,0,1500,1054,440,5,1,150,16,103,9,97,13,3,8,1,2,18,9,1,3,0,0,1,0,0,0,0,0,0,1,0,0,0,0,2,0,0,3
8,BRAŞOV,"COLEGIUL NAŢIONAL DE INFORMATICĂ ”GRIGORE MOISIL”",115,"MUNICIPIUL BRAŞOV",40198,1,PROV,PRCNCT,CD,CD_SV,"2021-01-21 12:30:02",1555,1546,7,2,560,551,7,2,1700,1140,553,6,1,181,23,108,25,125,25,5,8,2,3,21,11,2,1,1,0,1,0,0,0,0,1,0,0,0,0,0,0,1,1,0,8
8,BRAŞOV,"COLEGIUL NAŢIONAL DE INFORMATICĂ ”GRIGORE MOISIL”",116,"MUNICIPIUL BRAŞOV",40198,1,PROV,PRCNCT,CD,CD_SV,"2021-01-21 12:30:02",963,950,13,0,304,291,13,0,1100,796,299,4,1,102,5,58,13,77,10,1,4,0,1,12,2,2,1,0,0,0,0,0,0,0,0,1,0,0,0,0,0,4,0,0,6
8,BRAŞOV,"COLEGIUL NAŢIONAL DE INFORMATICĂ ”GRIGORE MOISIL”",117,"MUNICIPIUL BRAŞOV",40198,1,PROV,PRCNCT,CD,CD_SV,"2021-01-21 12:30:02",1282,1266,14,2,382,366,14,2,1400,1018,378,3,1,144,23,66,13,83,9,1,5,0,0,18,5,0,1,0,0,0,0,0,0,0,0,0,0,1,0,0,0,3,0,1,5
8,BRAŞOV,"COLEGIUL NAŢIONAL DE INFORMATICĂ ”GRIGORE MOISIL”",118,"MUNICIPIUL BRAŞOV",40198,1,PROV,PRCNCT,CD,CD_SV,"2021-01-21 12:30:02",1683,1676,5,2,576,569,5,2,1900,1324,570,4,2,240,16,92,23,114,19,2,13,3,1,33,3,3,0,0,0,0,0,0,0,0,1,0,0,0,0,0,0,2,0,0,5
8,BRAŞOV,"LICEUL CU PROGRAM SPORTIV",119,"MUNICIPIUL BRAŞOV",40198,1,PROV,PRCNCT,CD,CD_SV,"2021-01-21 12:30:02",1538,1515,15,8,550,527,15,8,1700,1150,542,5,3,172,37,114,13,137,20,3,6,3,4,16,6,3,0,0,0,0,0,0,0,2,1,0,0,0,0,0,0,0,0,0,5
8,BRAŞOV,"LICEUL CU PROGRAM SPORTIV",120,"MUNICIPIUL BRAŞOV",40198,1,PROV,PRCNCT,CD,CD_SV,"2021-01-21 12:30:02",1071,1064,7,0,358,351,7,0,1200,842,351,5,2,117,13,60,9,85,15,1,10,1,1,24,2,1,1,0,0,1,1,0,0,0,0,0,0,0,1,0,0,4,0,0,4
8,BRAŞOV,"LICEUL CU PROGRAM SPORTIV",121,"MUNICIPIUL BRAŞOV",40198,2,PART,PRCNCT,CD,CD_SV,"2021-01-21 12:30:02",1237,1227,10,0,390,380,10,0,1400,1010,383,0,7,125,20,86,8,94,12,3,5,0,3,18,5,1,0,0,0,0,0,0,0,0,0,1,0,0,1,0,0,1,0,0,0
8,BRAŞOV,"LICEUL CU PROGRAM SPORTIV",122,"MUNICIPIUL BRAŞOV",40198,1,PROV,PRCNCT,CD,CD_SV,"2021-01-21 12:30:02",1451,1439,12,0,444,432,12,0,1600,1156,436,5,3,128,23,107,15,96,20,1,9,1,0,21,5,0,1,0,0,1,1,0,0,0,1,0,0,0,0,0,0,0,1,0,5
8,BRAŞOV,"LICEUL CU PROGRAM SPORTIV",123,"MUNICIPIUL BRAŞOV",40198,1,PROV,PRCNCT,CD,CD_SV,"2021-01-21 12:30:02",1392,1383,9,0,387,378,9,0,1500,1113,378,7,2,118,12,83,10,89,9,0,11,4,3,20,4,3,1,0,0,0,0,0,0,1,0,0,0,0,1,0,0,2,0,0,7
8,BRAŞOV,"ŞCOALA GIMNAZIALĂ NR. 1",124,"MUNICIPIUL BRAŞOV",40198,1,PROV,PRCNCT,CD,CD_SV,"2021-01-21 12:30:02",1436,1417,18,1,502,483,18,1,1600,1098,493,6,3,159,27,109,21,122,9,4,5,4,2,19,3,2,2,0,0,0,0,0,0,0,2,0,0,0,0,0,0,2,0,0,1
8,BRAŞOV,"ŞCOALA GIMNAZIALĂ NR. 1",125,"MUNICIPIUL BRAŞOV",40198,1,PROV,PRCNCT,CD,CD_SV,"2021-01-21 12:30:02",1373,1354,15,4,440,421,15,4,1500,1060,428,9,3,151,19,98,11,92,10,2,11,0,3,20,3,0,3,0,0,0,0,0,0,0,0,0,0,0,0,0,0,2,0,0,3
8,BRAŞOV,"ŞCOALA GIMNAZIALĂ NR. 1",126,"MUNICIPIUL BRAŞOV",40198,1,PROV,PRCNCT,CD,CD_SV,"2021-01-21 12:30:02",1309,1297,12,0,460,448,12,0,1400,940,450,10,0,144,16,111,12,100,19,4,7,2,1,21,5,2,0,0,0,0,0,0,0,1,0,0,0,0,2,0,0,0,1,2,0
8,BRAŞOV,"ŞCOALA GIMNAZIALĂ NR. 1",127,"MUNICIPIUL BRAŞOV",40198,2,PART,PRCNCT,CD,CD_SV,"2021-01-21 12:30:02",1632,1615,16,1,560,543,16,1,1800,1240,555,3,2,200,32,88,18,132,27,7,11,2,4,17,3,1,2,0,0,0,0,0,0,0,0,0,0,0,1,0,0,3,0,0,7
8,BRAŞOV,"ŞCOALA GIMNAZIALĂ NR. 1",128,"MUNICIPIUL BRAŞOV",40198,1,PROV,PRCNCT,CD,CD_SV,"2021-01-21 12:30:02",1449,1434,15,0,403,388,15,0,1600,1197,395,6,2,117,18,99,9,90,12,1,7,5,3,22,3,2,1,0,0,0,0,0,0,0,0,0,1,2,0,0,0,0,0,0,3
8,BRAŞOV,"ŞCOALA GIMNAZIALĂ NR. 1",129,"MUNICIPIUL BRAŞOV",40198,1,PROV,PRCNCT,CD,CD_SV,"2021-01-21 12:30:02",927,918,9,0,294,285,9,0,1000,706,290,3,1,98,8,72,17,63,13,2,3,1,1,6,2,1,1,0,0,0,0,0,0,0,0,0,0,0,0,0,0,0,0,1,1
8,BRAŞOV,"ŞCOALA GIMNAZIALĂ NR. 1",130,"MUNICIPIUL BRAŞOV",40198,1,PROV,PRCNCT,CD,CD_SV,"2021-01-21 12:30:02",1034,1023,11,0,275,264,11,0,1100,825,271,3,1,67,10,74,9,62,14,2,1,0,1,21,3,3,2,0,0,0,0,0,0,0,0,0,0,0,1,0,0,1,0,0,0
8,BRAŞOV,"ŞCOALA GIMNAZIALĂ NR. 1",131,"MUNICIPIUL BRAŞOV",40198,1,PROV,PRCNCT,CD,CD_SV,"2021-01-21 12:30:02",1541,1536,5,0,463,458,5,0,1700,1237,457,2,4,159,19,100,13,106,9,5,4,3,5,20,3,1,3,1,0,0,1,0,0,0,0,0,0,0,1,0,1,0,0,0,3
8,BRAŞOV,"CENTRUL REGIONAL DE FORMARE PROFESIONALĂ BRAŞOV",132,"MUNICIPIUL BRAŞOV",40198,1,PROV,PRCNCT,CD,CD_SV,"2021-01-21 12:30:02",996,977,19,0,275,256,19,0,1100,825,267,8,0,83,6,58,16,65,9,2,3,2,1,14,3,0,1,0,0,0,0,0,0,0,0,0,0,0,0,0,0,1,0,0,3
8,BRAŞOV,"CENTRUL REGIONAL DE FORMARE PROFESIONALĂ BRAŞOV",133,"MUNICIPIUL BRAŞOV",40198,1,PROV,PRCNCT,CD,CD_SV,"2021-01-21 12:30:02",1253,1243,10,0,416,406,10,0,1400,984,415,1,0,139,19,100,11,73,23,2,3,2,4,26,6,0,2,0,0,0,0,0,0,0,0,0,0,0,1,0,0,0,0,0,4
8,BRAŞOV,"CANTINA STUDENŢEASCĂ",134,"MUNICIPIUL BRAŞOV",40198,1,PROV,PRCNCT,CD,CD_SV,"2021-01-21 12:30:02",1621,1581,40,0,607,567,40,0,1800,1193,597,9,1,204,46,90,12,172,21,1,3,2,3,21,7,1,2,0,0,0,0,0,0,0,0,0,0,0,0,0,0,2,0,0,10
8,BRAŞOV,"COLEGIUL NAŢIONAL ECONOMIC ”ANDREI BÂRSEANU”",135,"MUNICIPIUL BRAŞOV",40198,1,PROV,PRCNCT,CD,CD_SV,"2021-01-21 12:30:02",937,922,11,4,331,316,11,4,1000,669,331,0,0,124,22,50,9,71,16,2,3,5,0,13,6,0,3,0,0,0,0,0,1,0,0,0,0,1,0,0,0,3,0,0,2
8,BRAŞOV,"COLEGIUL NAŢIONAL ECONOMIC ”ANDREI BÂRSEANU”",136,"MUNICIPIUL BRAŞOV",40198,2,PART,PRCNCT,CD,CD_SV,"2021-01-21 12:30:02",1165,1158,6,1,383,376,6,1,1300,917,375,6,2,124,40,66,7,78,11,2,5,0,1,18,4,0,2,1,0,0,0,0,0,2,0,0,0,0,1,0,0,6,0,0,7
8,BRAŞOV,"COLEGIUL NAŢIONAL ECONOMIC ”ANDREI BÂRSEANU”",137,"MUNICIPIUL BRAŞOV",40198,1,PROV,PRCNCT,CD,CD_SV,"2021-01-21 12:30:02",1223,1191,25,7,432,400,25,7,1300,868,423,9,0,183,26,51,8,109,13,0,3,4,0,10,3,0,2,0,1,0,0,0,0,0,0,0,0,0,1,0,0,3,0,0,6
8,BRAŞOV,"ŞCOALA GIMNAZIALĂ NR. 14",138,"MUNICIPIUL BRAŞOV",40198,1,PROV,PRCNCT,CD,CD_SV,"2021-01-21 12:30:02",1315,1302,13,0,357,344,13,0,1400,1043,352,2,3,89,40,63,8,92,8,4,4,0,1,26,1,0,2,0,0,0,0,0,0,1,0,0,0,3,2,0,0,5,0,0,3
8,BRAŞOV,"ŞCOALA GIMNAZIALĂ NR. 14",139,"MUNICIPIUL BRAŞOV",40198,1,PROV,PRCNCT,CD,CD_SV,"2021-01-21 12:30:02",1432,1419,13,0,337,324,13,0,1600,1263,326,7,4,96,10,62,15,92,11,3,2,2,6,15,0,1,1,1,1,0,0,0,0,0,0,0,1,1,0,0,0,2,0,0,4
8,BRAŞOV,"ŞCOALA GIMNAZIALĂ NR. 14",140,"MUNICIPIUL BRAŞOV",40198,1,PROV,PRCNCT,CD,CD_SV,"2021-01-21 12:30:02",1612,1596,15,1,475,459,15,1,1800,1325,468,7,0,157,25,90,17,90,11,2,10,8,1,32,3,0,7,0,1,1,0,0,0,0,0,1,0,1,0,0,1,6,0,1,3
8,BRAŞOV,"ŞCOALA GIMNAZIALĂ NR. 14",141,"MUNICIPIUL BRAŞOV",40198,1,PROV,PRCNCT,CD,CD_SV,"2021-01-21 12:30:02",1529,1510,19,0,437,418,19,0,1700,1263,423,12,2,138,18,64,9,91,15,3,7,3,6,49,6,3,0,0,0,2,0,0,0,0,1,0,0,0,0,0,0,1,0,0,7
8,BRAŞOV,"ŞCOALA GIMNAZIALĂ NR. 14",142,"MUNICIPIUL BRAŞOV",40198,1,PROV,PRCNCT,CD,CD_SV,"2021-01-21 12:30:02",1489,1470,19,0,426,407,19,0,1600,1174,421,4,1,175,13,62,10,71,12,2,9,6,4,45,3,0,0,0,0,0,0,0,0,0,0,0,1,0,1,0,0,3,1,0,3
8,BRAŞOV,"ŞCOALA GIMNAZIALĂ NR. 14",143,"MUNICIPIUL BRAŞOV",40198,1,PROV,PRCNCT,CD,CD_SV,"2021-01-21 12:30:02",1663,1652,11,0,479,468,11,0,1800,1321,469,7,3,147,10,88,6,116,15,5,5,4,4,52,5,1,1,0,0,1,0,0,1,1,0,0,0,0,0,0,0,2,0,0,5
8,BRAŞOV,"ŞCOALA GIMNAZIALĂ NR. 14",144,"MUNICIPIUL BRAŞOV",40198,2,PART,PRCNCT,CD,CD_SV,"2021-01-21 12:30:02",1236,1221,14,1,398,383,14,1,1302,904,390,5,3,116,19,71,13,109,8,6,6,6,2,21,4,2,2,0,0,0,0,0,0,1,0,0,1,0,0,0,0,1,0,0,2
8,BRAŞOV,"ŞCOALA GIMNAZIALĂ NR. 14",145,"MUNICIPIUL BRAŞOV",40198,1,PROV,PRCNCT,CD,CD_SV,"2021-01-21 12:30:02",895,884,9,2,278,267,9,2,1000,722,275,1,2,93,15,52,10,62,8,1,11,1,3,11,2,0,2,0,0,0,1,0,0,0,0,0,0,0,0,0,0,2,0,0,1
8,BRAŞOV,"ŞCOALA GIMNAZIALĂ NR. 14",146,"MUNICIPIUL BRAŞOV",40198,1,PROV,PRCNCT,CD,CD_SV,"2021-01-21 12:30:02",1199,1194,5,0,351,346,5,0,1300,949,343,7,1,111,9,61,11,75,12,0,8,7,2,35,4,1,2,0,0,0,0,0,0,0,0,0,1,0,0,0,0,1,0,0,3
8,BRAŞOV,"ŞCOALA GIMNAZIALĂ NR. 14",147,"MUNICIPIUL BRAŞOV",40198,1,PROV,PRCNCT,CD,CD_SV,"2021-01-21 12:30:02",1359,1350,9,0,384,375,9,0,1500,1116,377,7,0,111,17,61,9,102,12,7,11,0,3,30,0,2,2,0,0,2,1,0,0,0,1,0,1,0,0,0,0,1,1,1,2
8,BRAŞOV,"ŞCOALA GIMNAZIALĂ NR. 14",148,"MUNICIPIUL BRAŞOV",40198,1,PROV,PRCNCT,CD,CD_SV,"2021-01-21 12:30:02",1310,1303,7,0,379,372,7,0,1400,1021,374,4,1,98,20,62,7,100,23,1,8,4,1,44,2,0,1,0,0,0,0,0,0,0,0,0,0,0,0,0,0,0,0,0,3
8,BRAŞOV,"ŞCOALA GIMNAZIALĂ NR. 14",149,"MUNICIPIUL BRAŞOV",40198,2,PART,PRCNCT,CD,CD_SV,"2021-01-21 12:30:02",1936,1916,14,6,762,742,14,6,2100,1338,752,8,2,312,25,93,22,165,43,4,8,7,3,48,8,0,2,0,0,0,0,0,0,0,0,0,0,0,0,0,0,4,0,0,8
8,BRAŞOV,"ŞCOALA GIMNAZIALĂ NR. 14",150,"MUNICIPIUL BRAŞOV",40198,1,PROV,PRCNCT,CD,CD_SV,"2021-01-21 12:30:02",1932,1914,18,0,660,642,18,0,2100,1440,650,7,3,256,11,92,24,172,31,3,10,2,0,32,3,3,1,2,1,0,0,1,0,1,0,0,0,0,0,0,0,3,0,0,2
8,BRAŞOV,"CARTIER AVANTGARDEN",151,"MUNICIPIUL BRAŞOV",40198,1,PROV,PRCNCT,CD,CD_SV,"2021-01-21 12:30:02",1985,1910,71,4,780,705,71,4,2100,1320,772,6,2,438,11,59,11,140,21,5,15,2,1,44,12,2,1,0,0,0,0,0,0,1,0,0,0,0,2,0,0,0,0,0,7
8,BRAŞOV,"CARTIER AVANTGARDEN",152,"MUNICIPIUL BRAŞOV",40198,2,PART,PRCNCT,CD,CD_SV,"2021-01-21 12:30:02",1917,1853,63,1,723,659,63,1,2000,1276,717,6,0,390,8,57,18,151,22,4,14,3,1,33,1,0,1,0,0,0,0,0,0,0,0,1,1,0,0,0,0,4,0,1,7
8,BRAŞOV,"ŞCOALA GIMNAZIALĂ NR. 30",153,"MUNICIPIUL BRAŞOV",40198,1,PROV,PRCNCT,CD,CD_SV,"2021-01-21 12:30:02",1583,1554,26,3,552,523,26,3,1700,1148,544,6,2,220,12,114,11,96,13,9,10,4,4,28,9,2,1,0,1,0,0,0,0,1,0,0,0,1,2,0,0,2,0,0,4
8,BRAŞOV,"ŞCOALA GIMNAZIALĂ NR. 30",154,"MUNICIPIUL BRAŞOV",40198,1,PROV,PRCNCT,CD,CD_SV,"2021-01-21 12:30:02",1703,1675,28,0,663,635,28,0,1800,1137,657,5,1,275,7,105,14,150,29,1,12,4,1,39,9,1,2,0,0,0,0,0,1,1,0,0,0,1,0,0,0,0,0,0,5
8,BRAŞOV,"ŞCOALA GIMNAZIALĂ NR. 30",155,"MUNICIPIUL BRAŞOV",40198,2,PART,PRCNCT,CD,CD_SV,"2021-01-21 12:30:02",1648,1632,14,2,574,558,14,2,1800,1226,565,9,0,227,10,107,19,119,17,1,9,1,4,29,6,4,1,0,0,0,0,0,0,0,0,0,1,0,0,0,0,3,0,0,7
8,BRAŞOV,"ŞCOALA GIMNAZIALĂ NR. 30",156,"MUNICIPIUL BRAŞOV",40198,1,PROV,PRCNCT,CD,CD_SV,"2021-01-21 12:30:02",1512,1501,11,0,490,479,11,0,1700,1210,485,5,0,185,18,110,17,90,6,5,5,4,1,26,7,1,1,1,0,0,0,0,0,0,0,0,0,0,0,1,2,2,0,0,3
8,BRAŞOV,"ȘCOALA GIMNAZIALĂ NR. 30",157,"MUNICIPIUL BRAŞOV",40198,1,PROV,PRCNCT,CD,CD_SV,"2021-01-21 12:30:02",1585,1572,12,1,651,638,12,1,1700,1049,644,7,0,339,13,88,12,129,10,2,2,6,1,33,3,1,0,0,0,0,0,0,0,0,0,0,0,1,0,0,0,0,1,0,3
8,BRAŞOV,"ŞCOALA GIMNAZIALĂ NR. 30",158,"MUNICIPIUL BRAŞOV",40198,1,PROV,PRCNCT,CD,CD_SV,"2021-01-21 12:30:02",2069,2026,32,11,804,761,32,11,2200,1396,794,9,1,423,15,91,16,132,31,3,16,3,3,44,6,1,0,0,0,0,0,0,0,0,0,0,2,2,0,0,0,0,0,0,6
8,BRAŞOV,"ŞCOALA GIMNAZIALĂ NR. 13",159,"MUNICIPIUL BRAŞOV",40198,1,PROV,PRCNCT,CD,CD_SV,"2021-01-21 12:30:02",1912,1883,24,5,665,636,24,5,2100,1435,658,6,1,289,19,112,19,128,18,6,12,2,0,43,4,0,0,0,1,0,0,0,0,1,0,0,0,0,0,0,0,1,0,0,3
8,BRAŞOV,"ŞCOALA GIMNAZIALĂ NR. 13",160,"MUNICIPIUL BRAŞOV",40198,1,PROV,PRCNCT,CD,CD_SV,"2021-01-21 12:30:02",1287,1243,42,2,485,441,42,2,1400,915,475,7,3,157,24,78,17,122,16,2,5,5,2,29,3,0,1,1,0,0,0,0,0,1,0,0,0,0,1,0,1,4,1,0,5
8,BRAŞOV,"ŞCOALA GIMNAZIALĂ NR. 13",161,"MUNICIPIUL BRAŞOV",40198,2,PART,PRCNCT,CD,CD_SV,"2021-01-21 12:30:02",1546,1520,24,2,500,474,24,2,1700,1200,495,4,1,177,13,110,17,82,22,6,8,6,2,30,7,1,0,0,0,0,0,0,1,0,0,2,0,1,1,1,0,0,1,1,6
8,BRAŞOV,"ŞCOALA GIMNAZIALĂ NR. 13",162,"MUNICIPIUL BRAŞOV",40198,2,PART,PRCNCT,CD,CD_SV,"2021-01-21 12:30:02",1512,1504,8,0,500,492,8,0,1700,1200,496,2,2,166,14,117,18,106,15,1,7,8,2,28,6,3,1,1,0,0,0,0,0,0,0,0,1,0,0,0,0,0,0,1,1
8,BRAŞOV,"ŞCOALA GIMNAZIALĂ NR. 13",163,"MUNICIPIUL BRAŞOV",40198,1,PROV,PRCNCT,CD,CD_SV,"2021-01-21 12:30:02",1599,1586,13,0,538,525,13,0,1800,1262,533,2,3,187,12,122,13,115,23,3,9,1,4,24,7,3,2,1,1,0,0,0,0,1,0,0,0,0,0,0,0,1,0,0,4
8,BRAŞOV,"COLEGIUL ”NICOLAE TITULESCU”",164,"MUNICIPIUL BRAŞOV",40198,3,PART,PRCNCT,CD,CD_SV,"2021-01-21 12:30:02",1589,1496,93,0,409,316,93,0,1700,1292,385,15,8,107,2,88,20,74,6,0,13,3,3,40,8,3,3,0,0,0,0,0,0,1,0,0,2,1,0,0,0,4,1,0,6
8,BRAŞOV,"COLEGIUL ”NICOLAE TITULESCU”",165,"MUNICIPIUL BRAŞOV",40198,1,PROV,PRCNCT,CD,CD_SV,"2021-01-21 12:30:02",1410,1385,22,3,378,353,22,3,1500,1122,375,2,1,97,12,93,18,78,9,7,7,2,1,32,5,1,2,0,0,1,0,0,0,0,0,0,1,0,0,0,0,2,1,0,6
8,BRAŞOV,"COLEGIUL ”NICOLAE TITULESCU”",166,"MUNICIPIUL BRAŞOV",40198,1,PROV,PRCNCT,CD,CD_SV,"2021-01-21 12:30:02",1403,1384,19,0,394,375,19,0,1500,1106,383,9,2,97,9,114,11,79,12,5,3,4,3,36,3,3,1,0,0,0,0,0,0,0,0,0,0,0,0,0,0,2,0,0,1
8,BRAŞOV,"COLEGIUL ”NICOLAE TITULESCU”",167,"MUNICIPIUL BRAŞOV",40198,1,PROV,PRCNCT,CD,CD_SV,"2021-01-21 12:30:02",1396,1387,9,0,367,358,9,0,1500,1133,356,9,2,100,6,87,11,81,13,0,8,2,3,37,0,1,0,1,0,0,0,1,0,1,0,0,0,0,0,0,0,0,0,0,4
8,BRAŞOV,"COLEGIUL ”NICOLAE TITULESCU”",168,"MUNICIPIUL BRAŞOV",40198,2,PART,PRCNCT,CD,CD_SV,"2021-01-21 12:30:02",1567,1556,11,0,383,372,11,0,1700,1317,376,5,2,101,5,87,15,100,11,3,12,0,0,27,4,1,1,0,0,0,0,0,0,2,0,1,0,1,0,1,0,0,0,0,4
8,BRAŞOV,"COLEGIUL ”NICOLAE TITULESCU”",169,"MUNICIPIUL BRAŞOV",40198,2,PART,PRCNCT,CD,CD_SV,"2021-01-21 12:30:02",1402,1387,15,0,305,290,15,0,1500,1195,298,5,2,66,1,82,15,66,11,1,7,2,0,34,6,2,2,0,0,0,0,0,0,0,0,0,0,0,0,0,0,0,0,0,3
8,BRAŞOV,"ŞCOALA PROFESIONALĂ GERMANĂ „KRONSTADT”",170,"MUNICIPIUL BRAŞOV",40198,2,PART,PRCNCT,CD,CD_SV,"2021-01-21 12:30:02",1771,1713,48,10,737,679,48,10,1900,1163,733,4,0,434,8,61,14,122,22,7,10,8,1,35,2,2,1,0,1,0,0,0,0,0,0,0,0,0,0,0,0,1,0,0,4
8,BRAŞOV,"ŞCOALA PROFESIONALĂ GERMANĂ „KRONSTADT”",171,"MUNICIPIUL BRAŞOV",40198,2,PART,PRCNCT,CD,CD_SV,"2021-01-21 12:30:02",1830,1792,36,2,706,668,36,2,2000,1294,700,2,4,371,7,85,14,113,16,7,9,6,2,51,9,1,2,0,2,0,0,0,0,0,0,0,0,0,1,0,0,1,0,0,3
8,BRAŞOV,"COLEGIUL TEHNIC DE TRANSPORTURI",172,"MUNICIPIUL BRAŞOV",40198,1,PROV,PRCNCT,CD,CD_SV,"2021-01-21 12:30:02",744,726,18,0,204,186,18,0,800,596,195,8,1,43,3,44,1,48,5,0,2,1,0,41,2,1,2,0,0,0,0,0,0,0,1,0,0,0,0,0,0,0,0,0,1
8,BRAŞOV,"COLEGIUL TEHNIC DE TRANSPORTURI",173,"MUNICIPIUL BRAŞOV",40198,1,PROV,PRCNCT,CD,CD_SV,"2021-01-21 12:30:02",1160,1153,6,1,329,322,6,1,1300,971,322,7,0,85,9,98,15,59,4,2,8,1,3,23,3,2,1,0,0,0,0,0,0,1,0,0,0,1,0,0,0,3,0,0,4
8,BRAŞOV,"COLEGIUL TEHNIC DE TRANSPORTURI",174,"MUNICIPIUL BRAŞOV",40198,1,PROV,PRCNCT,CD,CD_SV,"2021-01-21 12:30:02",1606,1597,9,0,429,420,9,0,1800,1371,418,7,4,124,5,87,9,103,12,2,18,4,2,41,2,1,2,1,0,0,0,0,0,0,0,0,0,0,0,1,0,2,0,0,2
8,BRAŞOV,"ŞCOALA GIMNAZIALĂ NR. 31",175,"MUNICIPIUL BRAŞOV",40198,1,PROV,PRCNCT,CD,CD_SV,"2021-01-21 12:30:02",1362,1350,12,0,436,424,12,0,1500,1064,429,7,0,122,10,105,14,93,10,0,10,0,1,42,9,5,1,1,0,0,0,0,0,1,0,0,0,0,0,0,0,2,0,0,3
8,BRAŞOV,"ŞCOALA GIMNAZIALĂ NR. 31",176,"MUNICIPIUL BRAŞOV",40198,1,PROV,PRCNCT,CD,CD_SV,"2021-01-21 12:30:02",1412,1393,19,0,458,439,19,0,1500,1042,455,1,2,145,8,98,13,97,11,4,10,3,2,49,4,3,1,0,0,0,0,1,0,0,1,0,2,1,0,0,0,0,0,0,2
8,BRAŞOV,"ŞCOALA GIMNAZIALĂ NR. 31",177,"MUNICIPIUL BRAŞOV",40198,1,PROV,PRCNCT,CD,CD_SV,"2021-01-21 12:30:02",1145,1134,11,0,386,375,11,0,1200,814,378,6,2,97,6,107,13,90,10,1,8,3,1,29,6,0,4,0,0,0,0,0,0,1,0,0,0,0,1,0,0,0,1,0,0
8,BRAŞOV,"COLEGIUL TEHNIC ”REMUS RĂDULEŢ”",178,"MUNICIPIUL BRAŞOV",40198,1,PROV,PRCNCT,CD,CD_SV,"2021-01-21 12:30:02",541,527,11,3,162,148,11,3,600,438,159,1,2,52,8,25,8,34,10,2,3,0,1,14,0,0,0,0,0,0,0,0,0,0,0,0,0,0,0,0,0,1,1,0,0
8,BRAŞOV,"COLEGIUL TEHNIC ”REMUS RĂDULEŢ”",179,"MUNICIPIUL BRAŞOV",40198,1,PROV,PRCNCT,CD,CD_SV,"2021-01-21 12:30:02",989,979,10,0,254,244,10,0,1100,846,248,2,4,64,4,61,5,48,11,1,6,4,1,36,1,0,0,0,0,0,0,0,0,0,0,0,0,0,0,1,0,2,1,0,2
8,BRAŞOV,"COLEGIUL TEHNIC ”REMUS RĂDULEŢ”",180,"MUNICIPIUL BRAŞOV",40198,1,PROV,PRCNCT,CD,CD_SV,"2021-01-21 12:30:02",1106,1090,16,0,222,206,16,0,1200,978,213,8,1,48,7,60,6,39,11,0,6,1,3,26,4,0,0,0,0,0,0,0,0,2,0,0,0,0,0,0,0,0,0,0,0
8,BRAŞOV,"COLEGIUL TEHNIC ”REMUS RĂDULEŢ”",181,"MUNICIPIUL BRAŞOV",40198,1,PROV,PRCNCT,CD,CD_SV,"2021-01-21 12:30:02",1058,1048,10,0,248,238,10,0,1200,952,242,6,0,51,7,71,11,45,10,1,3,0,4,31,2,2,0,1,0,0,0,1,1,0,0,0,0,0,0,0,0,0,0,0,1
8,BRAŞOV,"COLEGIUL TEHNIC ”REMUS RĂDULEŢ”",182,"MUNICIPIUL BRAŞOV",40198,1,PROV,PRCNCT,CD,CD_SV,"2021-01-21 12:30:02",1014,1010,4,0,280,276,4,0,1100,820,278,1,1,81,5,87,13,54,8,1,2,0,1,22,2,0,1,0,0,0,0,0,0,0,0,0,0,0,1,0,0,0,0,0,0
8,BRAŞOV,"COLEGIUL TEHNIC SIMION MEHEDINŢI",183,"MUNICIPIUL CODLEA",40241,1,PROV,PRCNCT,CD,CD_SV,"2021-01-21 12:30:02",970,959,11,0,247,236,11,0,1100,853,241,4,2,26,2,55,7,51,11,5,2,1,2,44,2,0,1,0,0,1,0,0,0,0,0,0,0,0,0,0,0,0,0,0,31
8,BRAŞOV,"COLEGIUL TEHNIC SIMION MEHEDINŢI",184,"MUNICIPIUL CODLEA",40241,1,PROV,PRCNCT,CD,CD_SV,"2021-01-21 12:30:02",1155,1146,9,0,295,286,9,0,1300,1005,290,5,0,53,4,71,10,50,5,8,7,5,1,24,2,1,1,0,1,0,0,0,0,0,0,0,2,0,0,0,0,1,0,0,44
8,BRAŞOV,"COLEGIUL TEHNIC SIMION MEHEDINŢI",185,"MUNICIPIUL CODLEA",40241,3,PART,PRCNCT,CD,CD_SV,"2021-01-21 12:30:02",1117,1100,17,0,323,306,17,0,1200,877,312,11,0,59,2,102,14,39,8,1,2,1,3,32,8,0,0,0,0,0,0,0,0,0,0,0,1,0,1,0,0,1,0,0,38
8,BRAŞOV,"COLEGIUL TEHNIC SIMION MEHEDINTI",186,"MUNICIPIUL CODLEA",40241,2,PART,PRCNCT,CD,CD_SV,"2021-01-21 12:30:02",1098,1087,11,0,293,282,11,0,1200,907,286,7,0,44,4,36,9,45,10,7,3,4,1,64,3,0,1,0,0,0,0,0,0,1,0,0,1,0,1,0,0,2,0,0,50
8,BRAŞOV,"ŞCOALA GENERALA NR.2",187,"MUNICIPIUL CODLEA",40241,1,PROV,PRCNCT,CD,CD_SV,"2021-01-21 12:30:02",1191,1068,23,100,426,303,23,100,1200,774,414,9,3,58,14,128,20,64,15,6,5,3,2,30,2,1,3,0,0,0,0,0,0,1,0,0,0,0,0,1,0,0,0,0,61
8,BRAŞOV,"GRADINITA NR.1",188,"MUNICIPIUL CODLEA",40241,1,PROV,PRCNCT,CD,CD_SV,"2021-01-21 12:30:02",1332,1214,18,100,502,384,18,100,1300,798,482,16,4,71,9,170,15,77,6,12,8,26,1,27,2,1,0,0,1,0,0,0,0,1,1,0,0,0,0,0,0,5,0,0,49
8,BRAŞOV,"GRADINITA NR.1",189,"MUNICIPIUL CODLEA",40241,1,PROV,PRCNCT,CD,CD_SV,"2021-01-21 12:30:02",1412,1295,19,98,520,403,19,98,1400,880,491,18,11,68,11,128,7,112,16,11,8,11,1,37,2,1,0,0,0,1,0,0,0,0,0,1,0,0,0,0,0,3,0,0,73
8,BRAŞOV,"GRUP SCOLAR FORESTIER",190,"MUNICIPIUL CODLEA",40241,1,PROV,PRCNCT,CD,CD_SV,"2021-01-21 12:30:02",1592,1562,30,0,504,474,30,0,1700,1196,497,5,2,87,7,103,7,114,17,5,3,26,7,37,3,1,1,0,0,0,0,0,0,0,0,0,0,0,1,0,1,0,0,1,76
8,BRAŞOV,"ŞCOALA GENERALA NR.1",191,"MUNICIPIUL CODLEA",40241,1,PROV,PRCNCT,CD,CD_SV,"2021-01-21 12:30:02",1348,1323,14,11,363,338,14,11,1500,1137,358,5,0,58,6,96,11,77,9,12,4,6,0,31,4,0,2,1,0,1,0,0,0,0,0,0,1,0,0,0,0,1,0,0,38
8,BRAŞOV,"GRADINITA NR.4",192,"MUNICIPIUL CODLEA",40241,1,PROV,PRCNCT,CD,CD_SV,"2021-01-21 12:30:02",1265,1244,21,0,271,250,21,0,1400,1129,261,9,1,37,2,65,12,55,8,11,4,4,1,30,0,1,1,1,0,0,0,0,0,0,0,0,0,0,0,0,0,0,0,0,29
8,BRAŞOV,"GRADINITA NR.4",193,"MUNICIPIUL CODLEA",40241,1,PROV,PRCNCT,CD,CD_SV,"2021-01-21 12:30:02",1793,1778,15,0,547,532,15,0,1900,1353,536,10,1,88,6,156,22,83,27,5,4,14,3,31,4,1,3,0,0,1,0,0,0,4,0,0,0,0,0,1,0,1,0,1,81
8,BRAŞOV,"ŞCOALA GENERALA NR. 3",194,"MUNICIPIUL CODLEA",40241,1,PROV,PRCNCT,CD,CD_SV,"2021-01-21 12:30:02",951,938,13,0,265,252,13,0,1000,735,252,12,1,43,5,68,3,55,7,2,3,3,2,29,0,0,0,0,0,0,0,0,0,0,0,0,0,0,0,0,0,0,0,0,32
8,BRAŞOV,"ŞCOALA GENERALA NR. 3",195,"MUNICIPIUL CODLEA",40241,1,PROV,PRCNCT,CD,CD_SV,"2021-01-21 12:30:02",1397,1385,12,0,451,439,12,0,1500,1049,439,12,0,75,1,125,22,76,14,7,7,10,1,38,2,3,0,0,1,0,0,1,0,0,0,0,0,0,0,0,0,2,1,0,53
8,BRAŞOV,"ŞCOALA GENERALA NR. 3",196,"MUNICIPIUL CODLEA",40241,1,PROV,PRCNCT,CD,CD_SV,"2021-01-21 12:30:02",1011,1007,4,0,297,293,4,0,1100,803,290,5,2,47,4,54,16,63,5,3,1,7,0,37,2,2,1,0,0,1,0,0,0,0,0,0,0,0,0,0,0,0,0,0,47
8,BRAŞOV,"LICEUL TEORETIC",197,"MUNICIPIUL CODLEA",40241,1,PROV,PRCNCT,CD,CD_SV,"2021-01-21 12:30:02",1285,1269,16,0,359,343,16,0,1400,1041,346,9,4,49,3,77,18,80,13,8,6,6,0,36,3,1,0,0,0,0,0,0,0,0,0,0,0,0,0,0,0,2,1,0,43
8,BRAŞOV,"ŞCOALA DE ARTE SI MESERII",198,"MUNICIPIUL CODLEA",40241,1,PROV,PRCNCT,CD,CD_SV,"2021-01-21 12:30:02",1042,1018,24,0,335,311,24,0,1100,765,323,10,2,42,1,78,15,59,7,11,3,21,2,39,1,1,2,0,0,0,0,0,0,1,0,0,0,0,0,0,0,0,0,1,39
8,BRAŞOV,"ŞCOALA DE ARTE SI MESERII",199,"MUNICIPIUL CODLEA",40241,1,PROV,PRCNCT,CD,CD_SV,"2021-01-21 12:30:02",1466,1456,10,0,264,254,10,0,1600,1336,236,21,7,22,6,42,23,38,4,3,6,5,2,42,1,8,4,0,0,0,0,0,0,5,1,0,0,0,1,1,0,0,0,0,22
8,BRAŞOV,"SERVICIUL PUBLIC DE ASISTENTA SOCIALA, STR. T. VLADIMIRESCU NR.8",200,"MUNICIPIUL FĂGĂRAŞ",40278,2,PART,PRCNCT,CD,CD_SV,"2021-01-21 12:30:02",1593,1572,21,0,284,263,21,0,1700,1416,274,9,1,39,5,78,15,50,7,3,2,3,4,51,2,3,0,1,0,0,0,0,0,5,0,0,1,0,0,0,0,3,0,0,2
8,BRAŞOV,"GRADINITA CU PROGRAM NORMAL „VOINICELUL”",201,"MUNICIPIUL FĂGĂRAŞ",40278,1,PROV,PRCNCT,CD,CD_SV,"2021-01-21 12:30:02",1708,1692,16,0,329,313,16,0,1900,1571,325,2,2,43,5,103,9,64,10,6,5,9,2,48,4,5,3,0,0,1,0,0,0,4,0,0,0,0,0,0,1,1,0,0,2
8,BRAŞOV,"CASA MUNICIPALĂ DE CULTURĂ",202,"MUNICIPIUL FĂGĂRAŞ",40278,1,PROV,PRCNCT,CD,CD_SV,"2021-01-21 12:30:02",1526,1486,19,21,383,344,19,20,1700,1317,374,9,0,72,10,70,15,122,12,3,7,10,1,29,6,2,2,0,1,1,0,0,0,1,0,0,0,0,0,0,0,3,0,0,7
8,BRAŞOV,"CASA MUNICIPALĂ DE CULTURĂ",203,"MUNICIPIUL FĂGĂRAŞ",40278,1,PROV,PRCNCT,CD,CD_SV,"2021-01-21 12:30:02",1304,1287,17,0,324,307,17,0,1400,1076,320,4,0,64,8,72,25,111,8,1,2,0,0,22,1,0,2,0,0,0,0,0,0,0,0,0,0,0,0,0,0,1,0,0,3
8,BRAŞOV,"ŞCOALA GIMNAZIALĂ ” OVID DENSUŞIANU” - ŞCOALA GENERALĂ NR.4",204,"MUNICIPIUL FĂGĂRAŞ",40278,1,PROV,PRCNCT,CD,CD_SV,"2021-01-21 12:30:02",1157,1145,12,0,239,227,12,0,1300,1061,233,6,0,23,4,63,8,45,17,3,6,3,0,31,3,0,1,0,0,0,0,0,0,23,0,0,0,0,0,0,0,0,0,0,3
8,BRAŞOV,"FUNDAŢIA CULTURALĂ ”NEGRU VODA”",205,"MUNICIPIUL FĂGĂRAŞ",40278,2,PART,PRCNCT,CD,CD_SV,"2021-01-21 12:30:02",994,965,27,2,307,278,27,2,1100,793,304,3,0,69,9,50,29,101,6,1,5,2,3,15,2,0,0,0,0,2,0,0,0,2,0,0,0,0,0,0,1,3,0,1,3
8,BRAŞOV,"COLEGIUL NAŢIONAL ”D-NA STANCA”",206,"MUNICIPIUL FĂGĂRAŞ",40278,1,PROV,PRCNCT,CD,CD_SV,"2021-01-21 12:30:02",1473,1455,18,0,368,350,18,0,1600,1232,362,4,2,71,5,76,20,113,15,5,6,2,1,35,1,1,0,0,0,0,0,1,0,0,0,0,0,0,0,0,0,3,1,0,6
8,BRAŞOV,"COLEGIUL NAŢIONAL ”D-NA STANCA”",207,"MUNICIPIUL FĂGĂRAŞ",40278,1,PROV,PRCNCT,CD,CD_SV,"2021-01-21 12:30:02",1342,1324,18,0,346,328,18,0,1500,1154,343,3,0,74,5,76,13,101,16,2,10,1,3,29,4,0,0,0,0,0,0,0,0,1,0,0,0,0,0,0,2,5,0,0,1
8,BRAŞOV,"COLEGIUL NAŢIONAL ”RADU NEGRU” - ŞCOALA GENERALĂ NR.1",208,"MUNICIPIUL FĂGĂRAŞ",40278,1,PROV,PRCNCT,CD,CD_SV,"2021-01-21 12:30:02",1137,1115,21,1,334,312,21,1,1200,866,331,3,0,76,7,68,16,103,22,0,12,0,0,13,4,2,0,0,0,0,0,0,0,0,0,0,0,0,0,0,3,3,0,0,2
8,BRAŞOV,"COLEGIUL NAŢIONAL ”RADU NEGRU” - ŞCOALA GENERALĂ NR.1",209,"MUNICIPIUL FĂGĂRAŞ",40278,1,PROV,PRCNCT,CD,CD_SV,"2021-01-21 12:30:02",1322,1304,18,0,335,317,18,0,1500,1165,328,6,1,66,18,71,8,106,13,2,8,4,2,21,3,2,1,0,0,0,0,0,0,0,0,0,0,0,0,0,0,2,0,0,1
8,BRAŞOV,"COLEGIUL NAŢIONAL „RADU NEGRU”",210,"MUNICIPIUL FĂGĂRAŞ",40278,1,PROV,PRCNCT,CD,CD_SV,"2021-01-21 12:30:02",1182,1160,22,0,288,266,22,0,1300,1012,285,2,1,61,4,89,15,64,15,2,3,1,1,22,2,0,0,0,0,0,0,0,0,2,0,0,0,0,0,0,0,3,0,0,1
8,BRAŞOV,"COLEGIUL NAŢIONAL „RADU NEGRU”",211,"MUNICIPIUL FĂGĂRAŞ",40278,1,PROV,PRCNCT,CD,CD_SV,"2021-01-21 12:30:02",1373,1358,15,0,325,310,15,0,1500,1175,322,2,1,54,8,81,10,100,18,2,7,4,0,19,7,1,0,0,0,0,0,0,1,2,0,0,0,0,0,0,0,2,2,0,4
8,BRAŞOV,"COLEGIUL NAŢIONAL ”D-NA STANCA”-ŞCOALA GIMNAZIALĂ NR.7",212,"MUNICIPIUL FĂGĂRAŞ",40278,1,PROV,PRCNCT,CD,CD_SV,"2021-01-21 12:30:02",1505,1488,17,0,279,262,17,0,1600,1321,274,3,2,43,6,68,19,71,13,3,5,0,5,29,4,0,0,0,0,0,1,0,0,0,1,0,2,0,0,0,0,0,1,0,3
8,BRAŞOV,"COLEGIUL NAŢIONAL ”D-NA STANCA”-ŞCOALA GIMNAZIALĂ NR.7",213,"MUNICIPIUL FĂGĂRAŞ",40278,1,PROV,PRCNCT,CD,CD_SV,"2021-01-21 12:30:02",1605,1592,13,0,277,264,13,0,1800,1523,267,7,3,32,11,60,10,78,12,0,5,3,0,44,3,0,0,0,0,0,0,0,0,4,0,0,1,0,0,0,0,1,1,0,2
8,BRAŞOV,"COLEGIUL NAŢIONAL ”D-NA STANCA”-ŞCOALA GIMNAZIALĂ NR. 7",214,"MUNICIPIUL FĂGĂRAŞ",40278,1,PROV,PRCNCT,CD,CD_SV,"2021-01-21 12:30:02",1630,1623,7,0,361,354,7,0,1800,1439,354,5,2,54,7,95,15,125,15,3,6,2,2,22,2,0,1,0,0,0,0,0,0,0,0,0,0,0,0,0,0,2,0,0,3
8,BRAŞOV,"COLEGIUL „AUREL VIJOLI”",215,"MUNICIPIUL FĂGĂRAŞ",40278,1,PROV,PRCNCT,CD,CD_SV,"2021-01-21 12:30:02",1411,1399,12,0,259,247,12,0,1500,1241,239,18,2,7,4,76,23,41,6,1,2,0,0,38,0,3,2,0,0,0,0,0,0,31,0,0,1,0,0,0,0,3,0,0,1
8,BRAŞOV,"COLEGIUL „AUREL VIJOLI”",216,"MUNICIPIUL FĂGĂRAŞ",40278,1,PROV,PRCNCT,CD,CD_SV,"2021-01-21 12:30:02",1165,1152,13,0,216,203,13,0,1300,1084,191,23,2,21,2,44,4,16,1,1,1,1,0,54,1,0,0,0,0,0,1,0,0,40,0,0,1,0,0,0,0,1,0,1,1
8,BRAŞOV,"LICEUL TEOLOGIC ORTODOX ”CONSTANTIN BRÂNCOVEANU”",217,"MUNICIPIUL FĂGĂRAŞ",40278,1,PROV,PRCNCT,CD,CD_SV,"2021-01-21 12:30:02",1849,1832,17,0,420,403,17,0,2000,1580,413,7,0,61,11,106,15,129,16,2,11,2,3,36,8,1,0,0,0,1,0,0,0,1,0,0,1,0,0,0,0,4,1,0,4
8,BRAŞOV,"GRĂDINIȚA CU PROGRAM PRELUNGIT ALBINUȚA",218,"MUNICIPIUL FĂGĂRAŞ",40278,2,PART,PRCNCT,CD,CD_SV,"2021-01-21 12:30:02",1079,1063,16,0,326,310,16,0,1200,874,323,3,0,78,4,73,16,79,14,4,9,1,2,28,3,0,0,0,0,0,2,0,0,3,0,1,0,0,0,1,0,3,0,0,2
8,BRAŞOV,"GRĂDINIȚA CU PROGRAM PRELUNGIT ALBINUȚA",219,"MUNICIPIUL FĂGĂRAŞ",40278,1,PROV,PRCNCT,CD,CD_SV,"2021-01-21 12:30:02",1183,1171,12,0,281,269,12,0,1300,1019,273,8,0,54,8,48,20,79,15,3,2,2,0,31,2,0,0,0,0,0,0,0,0,2,0,0,0,0,0,0,0,3,0,0,4
8,BRAŞOV,"LICEUL TEOLOGIC ORTODOX ” SF.. CONSTANTIN BRÂNCOVEANU”",220,"MUNICIPIUL FĂGĂRAŞ",40278,1,PROV,PRCNCT,CD,CD_SV,"2021-01-21 12:30:02",1710,1687,23,0,301,278,23,0,1900,1599,294,7,0,33,4,84,14,77,8,3,2,2,3,47,4,2,1,1,0,0,0,0,0,4,0,0,0,0,0,1,0,0,0,0,4
8,BRAŞOV,"LICEUL TEOLOGIC ORTODOX ” SF.. CONSTANTIN BRÂNCOVEANU” -GRĂDINIŢA CU PROGRAM NORMAL „MATEIAŞ BRÂNCOVEANU”,",221,"MUNICIPIUL FĂGĂRAŞ",40278,1,PROV,PRCNCT,CD,CD_SV,"2021-01-21 12:30:02",1116,1096,20,0,234,214,20,0,1200,966,224,9,1,37,6,50,17,59,7,1,2,0,0,31,2,0,0,0,0,0,0,0,0,5,0,1,0,1,0,0,0,3,0,1,1
8,BRAŞOV,"ŞCOALA GIMNAZIALĂ ” OVID DENSUŞIANU”",222,"MUNICIPIUL FĂGĂRAŞ",40278,1,PROV,PRCNCT,CD,CD_SV,"2021-01-21 12:30:02",1106,1088,18,0,274,256,18,0,1200,926,268,6,0,47,9,63,10,96,10,1,4,4,3,13,4,0,0,0,0,0,0,0,0,0,0,0,0,0,0,0,0,1,0,1,2
8,BRAŞOV,"ŞCOALA GIMNAZIALĂ NR. 1, CORPUL A (LÂNGĂ GRĂDINIŢĂ)",223,"MUNICIPIUL SĂCELE",40438,1,PROV,PRCNCT,CD,CD_SV,"2021-01-21 12:30:02",1229,1205,23,1,474,450,23,1,1400,926,471,2,1,131,117,77,12,98,9,1,2,0,1,15,3,1,1,0,0,0,0,0,0,0,0,0,0,0,0,0,0,2,0,0,1
8,BRAŞOV,"ŞCOALA GIMNAZIALĂ NR. 1 CORPUL B",224,"MUNICIPIUL SĂCELE",40438,1,PROV,PRCNCT,CD,CD_SV,"2021-01-21 12:30:02",1335,1302,32,1,295,262,32,1,1400,1105,290,4,1,66,33,68,9,61,4,2,3,2,0,26,1,0,2,1,0,1,1,0,0,5,0,1,0,0,0,0,0,2,1,0,1
8,BRAŞOV,"ŞCOALA GIMNAZIALĂ NR. 1 CORPUL F",225,"MUNICIPIUL SĂCELE",40438,1,PROV,PRCNCT,CD,CD_SV,"2021-01-21 12:30:02",1875,1851,24,0,526,502,24,0,2000,1474,517,4,5,129,77,99,12,109,26,0,8,1,2,38,5,2,1,1,1,2,0,0,0,0,0,0,0,1,0,0,0,1,0,1,1
8,BRAŞOV,"LICEU ZAJZONI RAB ISTVAN",226,"MUNICIPIUL SĂCELE",40438,1,PROV,PRCNCT,CD,CD_SV,"2021-01-21 12:30:02",1621,1595,24,2,508,482,24,2,1800,1292,501,4,3,102,149,70,16,92,19,1,6,1,2,32,4,1,2,0,0,0,0,0,0,0,0,0,0,0,0,0,0,0,0,1,3
8,BRAŞOV,"LICEUL GEORGE MOROIANU CORPUL C",227,"MUNICIPIUL SĂCELE",40438,1,PROV,PRCNCT,CD,CD_SV,"2021-01-21 12:30:02",1676,1644,29,3,616,584,29,3,1800,1184,607,9,0,107,243,85,9,94,13,3,5,0,2,33,7,0,1,0,0,0,0,0,0,0,0,0,2,0,0,0,0,0,0,0,3
8,BRAŞOV,"LICEUL GEORGE MOROIANU CORPUL C",228,"MUNICIPIUL SĂCELE",40438,2,PART,PRCNCT,CD,CD_SV,"2021-01-21 12:30:02",1515,1495,20,0,510,490,20,0,1700,1190,502,7,1,124,75,79,14,126,22,3,8,1,2,38,5,0,1,0,0,0,0,1,0,1,0,0,0,0,0,0,0,1,1,0,0
8,BRAŞOV,"SALA DE SPORT",229,"MUNICIPIUL SĂCELE",40438,1,PROV,PRCNCT,CD,CD_SV,"2021-01-21 12:30:02",1474,1462,12,0,477,465,12,0,1600,1123,469,7,1,87,23,133,11,137,18,1,11,3,2,31,7,0,0,0,0,1,0,0,0,0,0,0,0,0,1,0,1,0,0,0,2
8,BRAŞOV,"SALA DE SPORT",230,"MUNICIPIUL SĂCELE",40438,1,PROV,PRCNCT,CD,CD_SV,"2021-01-21 12:30:02",1398,1389,9,0,457,448,9,0,1500,1043,447,9,1,96,20,148,14,91,14,0,9,3,4,38,3,1,1,0,0,0,0,0,0,0,0,0,0,0,0,0,0,0,0,0,5
8,BRAŞOV,"LICEUL GEORGE MOROIANU",231,"MUNICIPIUL SĂCELE",40438,1,PROV,PRCNCT,CD,CD_SV,"2021-01-21 12:30:02",1720,1702,17,1,594,576,17,1,1900,1306,586,8,0,116,194,77,15,122,30,0,2,1,4,14,2,2,0,0,0,0,0,0,0,0,0,0,1,0,0,0,0,3,0,0,3
8,BRAŞOV,"ŞCOALA GIMNAZIALĂ NR.4 FRAŢII POPEEA",232,"MUNICIPIUL SĂCELE",40438,1,PROV,PRCNCT,CD,CD_SV,"2021-01-21 12:30:02",1680,1638,32,10,652,610,32,10,1800,1148,639,9,4,164,49,144,16,146,46,5,19,4,0,30,5,1,3,1,0,0,0,0,0,0,0,0,0,0,0,0,0,1,1,0,4
8,BRAŞOV,"ŞCOALA GIMNAZIALĂ NR.4 FRAŢII POPEEA",233,"MUNICIPIUL SĂCELE",40438,1,PROV,PRCNCT,CD,CD_SV,"2021-01-21 12:30:02",1342,1334,8,0,388,380,8,0,1500,1112,379,4,5,60,8,137,16,94,8,2,14,1,0,28,2,2,1,0,0,1,0,0,0,1,0,0,0,0,0,0,0,0,0,1,3
8,BRAŞOV,"ŞCOALA GIMNAZIALĂ NR.4 FRAŢII POPEEA",234,"MUNICIPIUL SĂCELE",40438,2,PART,PRCNCT,CD,CD_SV,"2021-01-21 12:30:02",1072,1062,9,1,348,338,9,1,1200,852,340,5,3,82,17,99,10,80,16,4,6,0,2,13,6,0,1,0,0,2,0,0,0,1,0,0,0,0,0,0,0,0,0,0,1
8,BRAŞOV,"ŞCOALA GIMNAZIALĂ NR.4 FRAŢII POPEEA",235,"MUNICIPIUL SĂCELE",40438,1,PROV,PRCNCT,CD,CD_SV,"2021-01-21 12:30:02",1453,1445,6,2,371,363,6,2,1600,1229,366,2,3,67,19,130,17,76,15,1,10,1,2,18,4,0,2,0,0,0,0,0,0,0,0,0,1,0,0,0,0,0,0,0,3
8,BRAŞOV,"GRUP ŞCOLAR INDUSTRIAL VICTOR JINGA",236,"MUNICIPIUL SĂCELE",40438,1,PROV,PRCNCT,CD,CD_SV,"2021-01-21 12:30:02",1048,1036,11,1,236,224,11,1,1100,864,228,7,1,44,11,77,13,40,6,0,5,0,1,24,0,0,0,1,0,0,0,0,0,0,0,1,0,0,0,1,0,0,0,0,4
8,BRAŞOV,"GRUP ŞCOLAR INDUSTRIAL VICTOR JINGA",237,"MUNICIPIUL SĂCELE",40438,1,PROV,PRCNCT,CD,CD_SV,"2021-01-21 12:30:02",1121,1107,14,0,308,294,14,0,1200,892,300,6,2,47,15,111,14,55,15,0,5,0,0,23,4,3,0,0,0,0,0,0,0,0,1,0,0,0,1,0,0,1,1,0,4
8,BRAŞOV,"ŞCOALA GIMNAZIALĂ NR.5 CORPUL B",238,"MUNICIPIUL SĂCELE",40438,1,PROV,PRCNCT,CD,CD_SV,"2021-01-21 12:30:02",1120,1110,10,0,286,276,10,0,1200,914,275,9,2,54,65,38,4,73,2,1,4,1,0,22,1,6,2,0,0,0,0,0,0,0,0,0,0,0,0,0,0,0,1,0,1
8,BRAŞOV,"ŞCOALA GIMNAZIALĂ NR.5 CORPUL B",239,"MUNICIPIUL SĂCELE",40438,1,PROV,PRCNCT,CD,CD_SV,"2021-01-21 12:30:02",1302,1293,9,0,165,156,9,0,1400,1235,144,18,3,6,3,53,5,26,3,0,1,1,1,40,2,0,0,0,0,2,0,0,0,1,0,0,0,0,0,0,0,0,0,0,0
8,BRAŞOV,"ŞCOALA GIMNAZIALĂ NR.5 CORPUL A",240,"MUNICIPIUL SĂCELE",40438,1,PROV,PRCNCT,CD,CD_SV,"2021-01-21 12:30:02",1165,1154,11,0,162,151,11,0,1300,1138,139,19,4,1,1,55,4,30,9,1,5,0,1,14,1,1,2,1,0,1,0,0,0,6,1,0,4,1,0,0,0,0,0,0,0
8,BRAŞOV,"ŞCOALA GIMNAZIALĂ NR.5 CORPUL A",241,"MUNICIPIUL SĂCELE",40438,1,PROV,PRCNCT,CD,CD_SV,"2021-01-21 12:30:02",1405,1367,9,29,291,253,9,29,1500,1209,251,32,8,3,9,96,5,53,8,2,5,0,2,53,2,7,2,0,0,0,0,0,0,1,0,0,0,0,2,0,0,0,0,0,1
8,BRAŞOV,"ȘCOALA GIMNAZIALĂ NR.1 , CORPUL B",242,"MUNICIPIUL SĂCELE",40438,2,PART,PRCNCT,CD,CD_SV,"2021-01-21 12:30:02",1260,1242,17,1,384,366,17,1,1400,1016,376,7,1,90,60,79,9,78,8,1,11,2,5,23,2,1,3,0,0,0,0,0,0,0,0,0,0,0,1,0,0,1,0,1,1
8,BRAŞOV,"PRIMĂRIA GHIMBAV",243,"ORAŞ GHIMBAV",40214,1,PROV,PRCNCT,CD,CD_SV,"2021-01-21 12:30:02",1570,1539,28,3,454,423,28,3,1700,1246,444,9,1,86,7,108,15,133,17,28,1,2,2,25,3,0,0,0,0,0,0,0,1,0,0,0,0,0,0,0,1,1,0,1,13
8,BRAŞOV,"ŞCOALA GENERALĂ GHIMBAV CLASELE V-VIII",244,"ORAŞ GHIMBAV",40214,1,PROV,PRCNCT,CD,CD_SV,"2021-01-21 12:30:02",1419,1358,59,2,481,420,59,2,1500,1019,475,5,1,100,11,86,21,117,19,40,10,10,2,34,9,1,2,0,0,1,1,0,0,0,0,0,0,0,0,0,0,3,1,0,7
8,BRAŞOV,"ŞCOALA GENERALĂ GHIMBAV CLASELE I-IV",245,"ORAŞ GHIMBAV",40214,1,PROV,PRCNCT,CD,CD_SV,"2021-01-21 12:30:02",1552,1513,37,2,461,422,37,2,1700,1239,454,5,2,123,11,81,15,120,14,30,2,3,1,37,2,0,0,0,0,1,0,0,1,0,1,0,0,0,0,0,0,2,1,1,8
8,BRAŞOV,"SALA DE SPORT",246,"ORAŞ GHIMBAV",40214,1,PROV,PRCNCT,CD,CD_SV,"2021-01-21 12:30:02",1647,1577,63,7,737,667,63,7,1700,963,729,8,0,297,9,79,27,185,24,21,11,9,2,47,5,0,1,0,0,0,0,0,0,0,0,0,0,0,0,0,0,1,1,0,10
8,BRAŞOV,"CENTRUL DE CULTURĂ MIHAIL SAULESCU",247,"ORAŞ PREDEAL",40303,1,PROV,PRCNCT,CD,CD_SV,"2021-01-21 12:30:02",1256,1223,33,0,404,371,33,0,1300,896,398,5,1,54,1,111,19,132,8,1,10,0,2,47,2,2,2,0,0,0,0,0,0,0,1,0,0,0,0,0,0,0,0,1,5
8,BRAŞOV,"LICEUL TEORETIC MIHAIL SAULESCU",248,"ORAŞ PREDEAL",40303,1,PROV,PRCNCT,CD,CD_SV,"2021-01-21 12:30:02",986,963,23,0,343,320,23,0,1100,757,338,4,1,60,2,90,23,96,9,2,14,2,4,25,1,4,1,0,0,0,0,0,0,0,0,0,0,0,1,1,0,0,0,0,3
8,BRAŞOV,"LICEUL TEORETIC MIHAIL SĂULESCU",249,"ORAŞ PREDEAL",40303,1,PROV,PRCNCT,CD,CD_SV,"2021-01-21 12:30:02",1174,1121,52,1,427,374,52,1,1200,773,413,14,0,91,1,105,14,88,15,4,18,0,3,63,4,2,1,0,0,0,0,1,0,0,0,0,0,0,1,0,0,0,0,0,2
8,BRAŞOV,"AGENȚIA POȘTALĂ",250,"ORAŞ PREDEAL",40303,1,PROV,PRCNCT,CD,CD_SV,"2021-01-21 12:30:02",321,302,19,0,95,76,19,0,300,205,94,0,1,26,5,14,2,21,4,1,4,0,2,12,2,1,0,0,0,0,0,0,0,0,0,0,0,0,0,0,0,0,0,0,0
8,BRAŞOV,"GRADINITA CU PROGRAM NORMAL TIMISUL DE JOS",251,"ORAŞ PREDEAL",40303,2,PART,PRCNCT,CD,CD_SV,"2021-01-21 12:30:02",347,333,14,0,108,94,14,0,400,292,105,2,1,15,0,26,3,27,4,1,1,0,0,19,1,2,0,0,0,0,0,0,0,1,0,2,0,0,0,0,0,0,0,0,3
8,BRAŞOV,"AGENŢIA POŞTALĂ DÂMBUL MORII",252,"ORAŞ PREDEAL",40303,1,PROV,PRCNCT,CD,CD_SV,"2021-01-21 12:30:02",208,174,34,0,107,73,34,0,201,94,104,3,0,29,5,25,3,24,3,1,4,0,1,4,0,0,1,0,0,0,0,0,0,0,0,0,0,0,1,0,0,1,1,0,1
8,BRAŞOV,"ȘCOALA GENERALĂ NR. 1 RÂȘNOV",253,"ORAŞ RÂŞNOV",40367,1,PROV,PRCNCT,CD,CD_SV,"2021-01-21 12:30:02",1564,1534,28,2,513,483,28,2,1700,1187,498,11,4,108,7,94,16,169,11,1,17,3,2,54,6,2,1,0,0,0,0,1,0,0,1,0,0,0,1,0,0,2,0,0,2
8,BRAŞOV,"ȘCOALA GENERALĂ NR. 1 RÂȘNOV",254,"ORAŞ RÂŞNOV",40367,1,PROV,PRCNCT,CD,CD_SV,"2021-01-21 12:30:02",1303,1294,9,0,297,288,9,0,1400,1103,275,17,5,44,2,54,18,76,4,3,6,1,5,45,4,1,2,1,0,0,0,2,0,2,1,0,2,0,0,0,0,0,1,0,1
8,BRAŞOV,"ȘCOALA GENERALĂ NR. 3 RÂȘNOV",255,"ORAŞ RÂŞNOV",40367,1,PROV,PRCNCT,CD,CD_SV,"2021-01-21 12:30:02",1306,1272,34,0,472,438,34,0,1400,928,462,7,3,110,2,125,5,157,7,0,9,1,3,27,7,2,0,0,0,0,0,0,0,0,0,0,0,0,0,0,0,1,0,0,6
8,BRAŞOV,"ȘCOALA GENERALĂ NR. 3 RÂȘNOV",256,"ORAŞ RÂŞNOV",40367,2,PART,PRCNCT,CD,CD_SV,"2021-01-21 12:30:02",1649,1630,19,0,541,522,19,0,1800,1259,525,11,5,136,1,101,22,166,10,5,20,1,1,48,4,1,2,0,0,0,0,0,0,0,0,0,0,0,0,0,0,1,0,2,4
8,BRAŞOV,"GRĂDINIŢA NR.1",257,"ORAŞ RÂŞNOV",40367,1,PROV,PRCNCT,CD,CD_SV,"2021-01-21 12:30:02",925,907,17,1,291,273,17,1,1000,709,287,4,0,99,3,61,8,62,10,2,6,0,2,26,3,1,0,0,0,0,0,0,0,0,1,0,0,0,0,0,0,0,1,0,2
8,BRAŞOV,"ȘCOALA GENERALĂ NR. 2 RÂȘNOV",258,"ORAŞ RÂŞNOV",40367,1,PROV,PRCNCT,CD,CD_SV,"2021-01-21 12:30:02",1654,1645,9,0,467,458,9,0,1800,1333,456,10,1,114,4,96,12,124,12,0,17,7,0,53,2,4,1,1,1,0,0,0,0,0,0,0,1,0,0,0,0,4,0,1,2
8,BRAŞOV,"ȘCOALA GENERALĂ NR. 2 RÂȘNOV",259,"ORAŞ RÂŞNOV",40367,1,PROV,PRCNCT,CD,CD_SV,"2021-01-21 12:30:02",1440,1420,20,0,475,455,20,0,1600,1125,471,3,1,129,2,94,20,157,11,0,14,1,2,34,2,1,2,0,0,0,0,0,0,0,0,0,0,0,0,0,0,1,0,0,1
8,BRAŞOV,"ȘCOALA GENERALĂ NR. 2 RÂȘNOV",260,"ORAŞ RÂŞNOV",40367,2,PART,PRCNCT,CD,CD_SV,"2021-01-21 12:30:02",1239,1220,15,4,419,400,15,4,1400,981,411,8,0,102,5,78,13,113,11,4,10,1,2,54,3,2,2,0,0,0,0,0,0,1,0,0,0,0,0,0,0,6,0,0,4
8,BRAŞOV,"GRUP ȘCOLAR INDUSTRIAL RÂȘNOV",261,"ORAŞ RÂŞNOV",40367,1,PROV,PRCNCT,CD,CD_SV,"2021-01-21 12:30:02",1094,1067,27,0,395,368,27,0,1100,705,382,11,2,88,3,83,7,113,9,0,10,5,1,45,6,3,1,0,0,0,0,0,0,0,0,0,0,0,1,0,0,1,1,0,5
8,BRAŞOV,"GRUP ȘCOLAR INDUSTRIAL RÂȘNOV",262,"ORAŞ RÂŞNOV",40367,1,PROV,PRCNCT,CD,CD_SV,"2021-01-21 12:30:02",1541,1514,24,3,574,547,24,3,1700,1126,562,12,0,198,2,76,20,152,13,2,4,8,2,56,10,4,0,0,0,0,0,0,2,2,0,0,0,0,3,0,0,2,0,0,6
8,BRAŞOV,"GRUP ȘCOLAR INDUSTRIAL RÂȘNOV",263,"ORAŞ RÂŞNOV",40367,1,PROV,PRCNCT,CD,CD_SV,"2021-01-21 12:30:02",1465,1438,26,1,446,419,26,1,1600,1154,432,14,0,101,0,77,16,121,10,2,15,2,6,66,5,2,3,0,0,0,0,0,1,0,0,0,2,0,0,0,0,2,0,1,0
8,BRAŞOV,"ŞCOALA GENERALA I",264,"ORAŞ RUPEA",40394,1,PROV,PRCNCT,CD,CD_SV,"2021-01-21 12:30:02",1102,1089,13,0,254,241,13,0,1200,946,234,17,3,31,29,42,11,86,3,0,5,2,1,15,3,1,0,1,0,0,0,0,0,1,0,0,0,0,0,0,0,2,1,0,0
8,BRAŞOV,"CASA ORASENEASCA DE CULTURA",265,"ORAŞ RUPEA",40394,1,PROV,PRCNCT,CD,CD_SV,"2021-01-21 12:30:02",1243,1208,28,7,349,314,28,7,1300,951,335,8,6,34,40,66,18,129,3,0,3,0,2,30,2,0,1,0,0,0,0,0,0,2,0,0,0,0,0,0,0,5,0,0,0
8,BRAŞOV,"SCOALA GENERALA II",266,"ORAŞ RUPEA",40394,1,PROV,PRCNCT,CD,CD_SV,"2021-01-21 12:30:02",1559,1538,21,0,489,468,21,0,1700,1211,446,36,7,63,41,66,16,161,13,2,2,9,3,46,5,1,8,0,0,1,1,0,1,1,0,0,1,0,0,1,0,4,0,0,0
8,BRAŞOV,"CLUB MUNCITORESC BRAFOR GARA RUPEA",267,"ORAŞ RUPEA",40394,1,PROV,PRCNCT,CD,CD_SV,"2021-01-21 12:30:02",567,559,8,0,173,165,8,0,600,427,167,3,3,19,22,33,17,56,1,0,3,0,0,11,1,1,1,0,0,0,0,0,0,0,0,0,0,0,0,0,0,2,0,0,0
8,BRAŞOV,"SCOALA PRIMARA FISER",268,"ORAŞ RUPEA",40394,1,PROV,PRCNCT,CD,CD_SV,"2021-01-21 12:30:02",399,389,10,0,97,87,10,0,400,303,89,7,1,9,2,14,7,44,2,0,2,0,1,3,1,0,0,0,0,0,0,0,0,0,0,0,0,0,0,0,0,3,0,1,0
8,BRAŞOV,"PRIMARIA VICTORIA",269,"ORAŞ VICTORIA",40465,1,PROV,PRCNCT,CD,CD_SV,"2021-01-21 12:30:02",1266,1244,21,1,281,259,21,1,1400,1119,279,2,0,84,0,65,5,71,9,0,8,4,0,30,0,0,1,0,0,1,0,0,0,0,0,0,0,1,0,0,0,0,0,0,0
8,BRAŞOV,"LICEUL TEORETIC I.C. DRĂGUȘANU",270,"ORAŞ VICTORIA",40465,1,PROV,PRCNCT,CD,CD_SV,"2021-01-21 12:30:02",1609,1590,19,0,323,304,19,0,1800,1477,318,3,2,111,1,51,7,78,14,1,6,4,0,31,5,2,1,0,0,0,0,0,0,1,0,0,1,0,0,0,0,3,0,0,1
8,BRAŞOV,"ŞCOALA GIMNAZIALA VICTORIA",271,"ORAŞ VICTORIA",40465,1,PROV,PRCNCT,CD,CD_SV,"2021-01-21 12:30:02",1634,1608,25,1,390,364,25,1,1800,1410,372,12,6,129,1,57,11,114,14,2,7,0,1,26,3,0,1,0,0,1,0,1,0,1,0,0,0,0,0,0,0,1,0,1,1
8,BRAŞOV,"COLEGIUL TEHNIC DR. ALEXANDRU BĂRBAT",272,"ORAŞ VICTORIA",40465,1,PROV,PRCNCT,CD,CD_SV,"2021-01-21 12:30:02",1054,1033,20,1,284,263,20,1,1100,816,280,3,1,88,3,46,8,87,12,0,1,2,1,22,6,0,0,0,0,0,1,0,0,0,0,0,1,0,0,1,0,0,0,0,1
8,BRAŞOV,"GRĂDINIŢA NR. 1",273,"ORAŞ VICTORIA",40465,1,PROV,PRCNCT,CD,CD_SV,"2021-01-21 12:30:02",1468,1452,16,0,304,288,16,0,1600,1296,302,1,1,103,1,57,10,83,10,1,4,3,0,26,2,0,0,0,0,0,0,0,0,0,0,0,0,1,0,0,0,0,0,0,1
8,BRAŞOV,"GRĂDINIŢA BOBOCEL",274,"ORAŞ ZĂRNEŞTI",40492,1,PROV,PRCNCT,CD,CD_SV,"2021-01-21 12:30:02",1392,1380,12,0,438,426,12,0,1500,1062,429,9,0,58,3,136,31,77,15,3,8,8,7,59,8,3,2,0,3,0,0,0,0,2,0,0,0,0,0,0,0,0,1,0,5
8,BRAŞOV,"LICEUL TEORETIC M.I.MEŢIANU - CORP A",275,"ORAŞ ZĂRNEŞTI",40492,1,PROV,PRCNCT,CD,CD_SV,"2021-01-21 12:30:02",1350,1330,20,0,422,402,20,0,1500,1078,411,10,1,52,0,130,29,116,15,0,4,0,2,51,2,1,2,0,0,0,0,0,0,0,0,1,0,1,0,0,0,0,0,1,4
8,BRAŞOV,"LICEUL TEORETIC M.I.MEŢIANU - CORP B",276,"ORAŞ ZĂRNEŞTI",40492,1,PROV,PRCNCT,CD,CD_SV,"2021-01-21 12:30:02",1392,1371,20,1,520,499,20,1,1500,980,509,7,4,79,3,174,27,134,15,4,7,1,2,54,2,1,0,1,0,1,0,0,0,0,0,0,1,0,0,0,0,0,1,0,2
8,BRAŞOV,"LICEUL TEORETIC M.I.MEŢIANU - CORP B",277,"ORAŞ ZĂRNEŞTI",40492,1,PROV,PRCNCT,CD,CD_SV,"2021-01-21 12:30:02",1629,1606,19,4,548,525,19,4,1800,1252,529,16,3,52,2,167,53,118,13,5,4,2,9,74,7,2,10,1,0,1,0,0,0,2,0,0,0,1,1,0,0,1,1,0,3
8,BRAŞOV,"CASA DE CULTURĂ",278,"ORAŞ ZĂRNEŞTI",40492,1,PROV,PRCNCT,CD,CD_SV,"2021-01-21 12:30:02",1309,1292,17,0,440,423,17,0,1400,960,431,9,0,94,7,98,26,121,15,0,6,0,3,44,5,4,2,0,0,0,0,1,0,2,0,1,0,1,0,0,1,0,0,0,0
8,BRAŞOV,"GRĂDINIŢA VOINICELUL NR. 2",279,"ORAŞ ZĂRNEŞTI",40492,1,PROV,PRCNCT,CD,CD_SV,"2021-01-21 12:30:02",1200,1177,23,0,395,372,23,0,1300,905,385,10,0,79,4,133,25,93,11,0,4,1,0,26,1,2,2,0,0,0,0,0,1,0,0,0,0,0,0,0,0,0,1,0,2
8,BRAŞOV,"CLUBUL PENSIONARILOR - CARAIMAN",280,"ORAŞ ZĂRNEŞTI",40492,1,PROV,PRCNCT,CD,CD_SV,"2021-01-21 12:30:02",1410,1399,11,0,455,444,11,0,1600,1145,447,7,1,93,3,129,28,114,17,2,5,1,3,45,2,1,0,0,0,1,0,0,0,0,0,0,0,0,0,0,0,0,0,0,3
8,BRAŞOV,"CLUBUL PENSIONARILOR",281,"ORAŞ ZĂRNEŞTI",40492,1,PROV,PRCNCT,CD,CD_SV,"2021-01-21 12:30:02",1242,1226,15,1,433,417,15,1,1400,967,420,11,2,75,3,148,6,98,18,2,9,0,2,40,7,4,1,0,0,0,0,0,0,0,0,0,1,0,1,0,0,0,0,0,5
8,BRAŞOV,"ŞCOALA GIMNAZIALĂ NR. 3 POMPILIU DAN-CORP A",282,"ORAŞ ZĂRNEŞTI",40492,1,PROV,PRCNCT,CD,CD_SV,"2021-01-21 12:30:02",1030,1012,18,0,393,375,18,0,1100,707,380,13,0,93,12,82,17,105,14,2,9,3,2,28,6,0,1,0,0,0,0,0,1,0,0,0,5,0,0,0,0,0,0,0,0
8,BRAŞOV,"SC CO MSM CONSTRUCT SRL",283,"ORAŞ ZĂRNEŞTI",40492,1,PROV,PRCNCT,CD,CD_SV,"2021-01-21 12:30:02",1326,1297,21,8,480,451,21,8,1400,920,466,11,3,76,3,184,17,101,7,1,11,2,9,40,2,4,3,0,0,0,0,0,0,0,0,0,0,0,0,0,0,1,0,0,5
8,BRAŞOV,"ŞCOALA GIMNAZIALĂ NR. 1 GHEORGHE CRĂCIUN CORP B",284,"ORAŞ ZĂRNEŞTI",40492,1,PROV,PRCNCT,CD,CD_SV,"2021-01-21 12:30:02",1345,1323,17,5,385,363,17,5,1500,1115,374,7,4,55,1,157,17,84,8,3,5,1,2,29,3,2,1,0,0,0,0,1,2,0,0,0,1,0,0,0,0,0,0,0,2
8,BRAŞOV,"ŞCOALA GIMNAZIALĂ NR. 1 GHEORGHE CRĂCIUN",285,"ORAŞ ZĂRNEŞTI",40492,1,PROV,PRCNCT,CD,CD_SV,"2021-01-21 12:30:02",1395,1379,16,0,452,436,16,0,1500,1048,435,11,6,69,3,140,26,107,11,1,7,0,2,44,8,0,1,0,0,0,0,0,1,5,1,0,0,0,0,1,0,0,0,1,7
8,BRAŞOV,"LICEUL TEHNOLOGIC MALAXA",286,"ORAŞ ZĂRNEŞTI",40492,2,PART,PRCNCT,CD,CD_SV,"2021-01-21 12:30:02",1018,1000,12,6,268,250,12,6,1100,832,264,4,0,35,1,76,28,66,6,1,4,0,2,26,2,2,6,1,0,0,0,0,0,0,0,0,2,1,0,0,0,1,0,0,4
8,BRAŞOV,"SCOALA GIMNAZIALA NR. 2",287,"ORAŞ ZĂRNEŞTI",40492,1,PROV,PRCNCT,CD,CD_SV,"2021-01-21 12:30:02",1660,1642,18,0,235,217,18,0,1800,1565,207,23,5,15,1,49,62,34,2,2,3,2,5,18,1,4,4,0,0,0,0,0,0,1,0,0,0,1,1,1,0,1,0,0,0
8,BRAŞOV,"CĂMINUL CULTURAL TOHANUL NOU",288,"ORAŞ ZĂRNEŞTI",40492,2,PART,PRCNCT,CD,CD_SV,"2021-01-21 12:30:02",1225,1193,32,0,507,475,32,0,1300,793,497,10,0,106,3,124,32,159,9,3,11,6,0,34,1,2,1,0,0,0,1,0,0,1,0,0,1,0,0,0,0,1,0,0,2
8,BRAŞOV,"CAMINUL CULTURAL TOHANUL VECHI",289,"ORAŞ ZĂRNEŞTI",40492,1,PROV,PRCNCT,CD,CD_SV,"2021-01-21 12:30:02",1744,1712,32,0,512,480,32,0,1900,1388,497,12,3,97,4,159,28,122,22,2,9,5,2,37,5,0,0,0,0,1,0,0,0,0,0,0,1,0,0,0,0,1,0,0,2
8,BRAŞOV,"CĂMINUL CULTURAL APAȚA",290,APAŢA,40526,1,PROV,PRCNCT,CD,CD_SV,"2021-01-21 12:30:02",1270,1253,12,5,273,256,12,5,1400,1127,260,9,4,11,109,13,4,65,0,3,0,0,2,47,1,1,1,0,0,3,0,0,0,0,0,0,0,0,0,0,0,0,0,0,0
8,BRAŞOV,"CĂMINUL CULTURAL APAȚA",291,APAŢA,40526,1,PROV,PRCNCT,CD,CD_SV,"2021-01-21 12:30:02",1191,1168,23,0,274,251,23,0,1300,1026,264,8,2,13,126,22,3,48,1,0,2,0,0,44,2,0,1,0,0,0,0,0,0,0,0,0,0,1,1,0,0,0,0,0,0
8,BRAŞOV,"GRĂDINIȚA DE COPII",292,AUGUSTIN,42498,1,PROV,PRCNCT,CD,CD_SV,"2021-01-21 12:30:02",1361,1341,18,2,267,247,18,2,1500,1233,249,5,13,30,4,113,10,56,3,1,1,0,2,22,0,1,2,0,1,0,0,0,0,1,0,0,0,0,1,0,0,1,0,0,0
8,BRAŞOV,"SCOALA GENERALA BECLEAN",293,BECLEAN,40544,2,PART,PRCNCT,CD,CD_SV,"2021-01-21 12:30:02",720,684,36,0,195,159,36,0,800,605,190,5,0,23,1,32,7,95,4,0,2,1,0,17,2,1,0,0,0,0,0,1,0,2,0,0,0,0,0,0,0,1,0,0,1
8,BRAŞOV,"CLADIRE FOST SEDIU PRIMARIE",294,BECLEAN,40544,1,PROV,PRCNCT,CD,CD_SV,"2021-01-21 12:30:02",401,372,29,0,141,112,29,0,400,259,140,0,1,10,1,42,4,49,3,0,4,0,0,20,6,1,0,0,0,0,0,0,0,0,0,0,0,0,0,0,0,0,0,0,0
8,BRAŞOV,"CAMIN CULTURAL BOHOLT",295,BECLEAN,40544,1,PROV,PRCNCT,CD,CD_SV,"2021-01-21 12:30:02",175,154,21,0,77,56,21,0,200,123,76,0,1,3,1,10,15,38,2,0,0,0,0,6,1,0,0,0,0,0,0,0,0,0,0,0,0,0,0,0,0,0,0,0,0
8,BRAŞOV,"SCOALA GENERALA CALBOR",296,BECLEAN,40544,1,PROV,PRCNCT,CD,CD_SV,"2021-01-21 12:30:02",217,193,22,2,89,65,22,2,200,111,80,2,7,13,0,7,4,41,6,0,0,0,0,7,1,1,0,0,0,0,0,0,0,0,0,0,0,0,0,0,0,0,0,0,0
8,BRAŞOV,"CAMIN CULTURAL LUTA",297,BECLEAN,40544,1,PROV,PRCNCT,CD,CD_SV,"2021-01-21 12:30:02",79,59,20,0,45,25,20,0,100,55,45,0,0,9,1,10,1,14,1,1,1,0,0,1,3,2,0,0,0,0,0,0,0,0,0,0,0,0,0,0,0,0,0,0,1
8,BRAŞOV,"ȘCOALA GIMNAZIALĂ BOD SAT",298,BOD,40606,1,PROV,PRCNCT,CD,CD_SV,"2021-01-21 12:30:02",1352,1303,49,0,382,333,49,0,1400,1018,376,3,3,127,2,90,9,88,8,2,3,3,0,36,4,0,1,0,0,0,0,0,0,0,0,0,0,0,1,0,0,0,0,0,2
8,BRAŞOV,"CĂMINUL CULTURAL",299,BOD,40606,1,PROV,PRCNCT,CD,CD_SV,"2021-01-21 12:30:02",1258,1198,60,0,369,309,60,0,1300,931,367,2,0,112,12,65,25,70,19,1,1,0,2,43,6,0,4,0,0,0,0,0,0,0,0,0,0,1,0,0,0,1,1,0,4
8,BRAŞOV,"GRĂDINIŢA BOD COLONIE",300,BOD,40606,1,PROV,PRCNCT,CD,CD_SV,"2021-01-21 12:30:02",924,894,30,0,277,247,30,0,1000,723,268,6,3,78,33,34,10,57,4,2,2,4,2,32,3,1,1,0,0,0,0,0,0,0,0,0,0,0,1,0,0,1,1,0,2
8,BRAŞOV,"ȘCOALA GENERALĂ COLONIA BOD",301,BOD,40606,1,PROV,PRCNCT,CD,CD_SV,"2021-01-21 12:30:02",981,964,17,0,258,241,17,0,1099,841,254,3,1,69,23,45,6,45,6,0,3,0,0,49,1,2,2,0,0,0,0,0,0,0,0,0,0,0,1,0,0,1,1,0,0
8,BRAŞOV,"PRIMĂRIA COMUNEI BRAN",302,BRAN,40633,1,PROV,PRCNCT,CD,CD_SV,"2021-01-21 12:30:02",845,788,55,2,270,213,55,2,900,630,264,3,3,53,2,53,5,114,12,1,4,1,0,12,3,1,0,0,0,0,0,0,0,1,0,0,0,0,0,0,0,0,1,0,1
8,BRAŞOV,"CĂMINUL CULTURAL POARTA",303,BRAN,40633,1,PROV,PRCNCT,CD,CD_SV,"2021-01-21 12:30:02",901,871,30,0,247,217,30,0,1000,753,245,2,0,36,3,52,10,85,8,3,4,2,4,28,1,2,1,0,0,0,0,0,0,0,0,0,0,2,0,0,0,1,0,0,3
8,BRAŞOV,"ŞCOALA GENERALĂ PREDELUŢ",304,BRAN,40633,1,PROV,PRCNCT,CD,CD_SV,"2021-01-21 12:30:02",956,893,61,2,387,324,61,2,1000,613,381,2,4,80,2,80,12,144,8,0,6,1,3,37,4,1,0,1,0,0,0,0,0,0,0,0,1,0,0,0,0,0,0,0,1
8,BRAŞOV,"CĂMINUL CULTURAL SOHODOL",305,BRAN,40633,1,PROV,PRCNCT,CD,CD_SV,"2021-01-21 12:30:02",954,905,48,1,237,188,48,1,1000,763,232,4,1,48,1,39,10,94,11,0,3,1,1,19,1,0,1,0,0,0,0,0,0,0,0,0,0,1,0,0,0,0,0,0,2
8,BRAŞOV,"CĂMINUL CULTURAL ŞIMON",306,BRAN,40633,1,PROV,PRCNCT,CD,CD_SV,"2021-01-21 12:30:02",1048,1021,27,0,288,261,27,0,1100,812,282,3,3,70,2,58,14,89,4,0,4,0,2,33,1,1,1,0,0,0,0,0,0,1,1,0,0,0,0,0,0,0,0,0,1
8,BRAŞOV,"CĂMINUL CULTURAL BUDILA",307,BUDILA,40688,1,PROV,PRCNCT,CD,CD_SV,"2021-01-21 12:30:02",1090,1066,15,9,517,493,15,9,1200,683,460,39,18,10,21,54,3,278,3,2,1,0,2,57,1,6,3,1,0,1,0,1,0,7,1,0,1,0,1,0,0,3,1,1,1
8,BRAŞOV,"ȘCOALA GIMNAZIALĂ BUDILA",308,BUDILA,40688,1,PROV,PRCNCT,CD,CD_SV,"2021-01-21 12:30:02",1123,1105,14,4,355,337,14,4,1200,845,336,10,9,56,115,49,8,42,18,2,6,1,1,32,0,3,0,1,0,0,0,0,0,0,0,1,0,0,0,0,0,0,0,0,1
8,BRAŞOV,"PRIMĂRIA COMUNEI BUDILA",309,BUDILA,40688,1,PROV,PRCNCT,CD,CD_SV,"2021-01-21 12:30:02",983,957,18,8,439,413,18,8,1000,561,397,23,19,21,41,65,6,210,7,2,6,3,2,22,1,3,1,0,0,0,0,0,0,4,0,0,0,0,0,0,0,3,0,0,0
8,BRAŞOV,"PRIMĂRIA BUNEŞTI",310,BUNEŞTI,40704,1,PROV,PRCNCT,CD,CD_SV,"2021-01-21 12:30:02",633,619,14,0,141,127,14,0,700,559,138,2,1,19,0,52,4,36,6,1,0,0,0,14,0,0,1,0,0,0,1,0,0,0,0,0,1,0,0,0,1,2,0,0,0
8,BRAŞOV,"ŞCOALA PRIMARĂ CRIȚ",311,BUNEŞTI,40704,1,PROV,PRCNCT,CD,CD_SV,"2021-01-21 12:30:02",574,557,17,0,106,89,17,0,600,494,105,0,1,26,1,26,4,21,2,0,1,0,0,14,0,2,1,1,0,0,0,0,0,1,0,0,0,0,0,0,0,3,0,1,1
8,BRAŞOV,"CĂMINUL CULTURAL MEŞENDORF",312,BUNEŞTI,40704,1,PROV,PRCNCT,CD,CD_SV,"2021-01-21 12:30:02",312,306,6,0,43,37,6,0,400,357,39,4,0,3,1,10,1,12,2,0,0,0,0,8,0,0,0,0,0,0,0,0,0,1,0,0,0,0,0,0,0,1,0,0,0
8,BRAŞOV,"ŞCOALA PRIMARĂ ROADEŞ",313,BUNEŞTI,40704,2,PART,PRCNCT,CD,CD_SV,"2021-01-21 12:30:02",284,269,15,0,78,63,15,0,300,222,74,2,2,4,0,6,2,20,2,0,0,0,0,29,0,0,2,0,0,0,0,1,0,1,0,0,0,0,0,0,0,6,0,1,0
8,BRAŞOV,"ŞCOALA PRIMARĂ VISCRI",314,BUNEŞTI,40704,1,PROV,PRCNCT,CD,CD_SV,"2021-01-21 12:30:02",403,375,28,0,104,76,28,0,400,296,102,2,0,34,1,15,2,22,3,1,1,0,1,16,0,0,0,0,0,0,0,0,0,1,0,1,0,0,0,0,0,4,0,0,0
8,BRAŞOV,"CĂMINUL CULTURAL CAŢA",315,CAŢA,40768,1,PROV,PRCNCT,CD,CD_SV,"2021-01-21 12:30:02",1055,1039,14,2,379,363,14,2,1100,721,357,10,12,10,10,55,4,234,8,2,2,0,0,24,1,1,1,0,0,0,0,0,0,1,1,0,0,0,0,0,0,1,0,0,2
8,BRAŞOV,"ŞCOALA GENERALĂ BEIA",316,CAŢA,40768,1,PROV,PRCNCT,CD,CD_SV,"2021-01-21 12:30:02",332,317,15,0,117,102,15,0,400,283,114,2,1,3,2,12,3,74,0,0,1,0,0,15,1,0,1,0,0,0,0,0,0,1,0,0,0,0,0,0,0,0,1,0,0
8,BRAŞOV,"GRĂDINIŢA DRĂUŞENI",317,CAŢA,40768,1,PROV,PRCNCT,CD,CD_SV,"2021-01-21 12:30:02",414,404,10,0,140,130,10,0,500,360,138,2,0,3,55,6,1,61,2,0,2,0,0,6,1,1,0,0,0,0,0,0,0,0,0,0,0,0,0,0,0,0,0,0,0
8,BRAŞOV,"CĂMINUL CULTURAL IONEŞTI",318,CAŢA,40768,1,PROV,PRCNCT,CD,CD_SV,"2021-01-21 12:30:02",116,100,16,0,46,30,16,0,100,54,46,0,0,2,32,2,1,9,0,0,0,0,0,0,0,0,0,0,0,0,0,0,0,0,0,0,0,0,0,0,0,0,0,0,0
8,BRAŞOV,"ŞCOALA GENERALĂ PALOŞ",319,CAŢA,40768,1,PROV,PRCNCT,CD,CD_SV,"2021-01-21 12:30:02",223,194,29,0,104,75,29,0,200,96,103,1,0,4,1,9,2,71,0,1,2,0,1,12,0,0,0,0,0,0,0,0,0,0,0,0,0,0,0,0,0,0,0,0,0
8,BRAŞOV,"GRĂDINIȚA CU PROGRAM PRELUNGIT CINCU",320,CINCU,40820,1,PROV,PRCNCT,CD,CD_SV,"2021-01-21 12:30:02",1339,1299,40,0,371,331,40,0,1401,1030,355,9,7,47,1,73,9,157,7,0,3,0,0,44,2,0,1,0,0,0,0,0,0,3,0,0,0,0,1,0,0,6,0,0,1
8,BRAŞOV,"ȘCOALA GENERALĂ TOARCLA",321,CINCU,40820,2,PART,PRCNCT,CD,CD_SV,"2021-01-21 12:30:02",297,284,13,0,84,71,13,0,300,216,77,4,3,0,5,16,2,28,2,0,2,0,0,18,0,1,0,0,0,0,0,0,0,3,0,0,0,0,0,0,0,0,0,0,0
8,BRAŞOV,"CĂMINUL CULTURAL COMĂNA DE JOS",322,COMANA,40857,1,PROV,PRCNCT,CD,CD_SV,"2021-01-21 12:30:02",867,846,21,0,204,183,21,0,900,696,196,3,5,20,3,56,9,73,5,1,3,0,0,22,1,0,0,1,0,0,0,0,0,0,0,0,0,0,0,0,0,1,0,0,1
8,BRAŞOV,"CĂMINUL CULTURAL COMĂNA DE SUS",323,COMANA,40857,1,PROV,PRCNCT,CD,CD_SV,"2021-01-21 12:30:02",303,285,18,0,75,57,18,0,300,225,70,5,0,4,0,24,4,15,7,0,0,1,0,12,2,0,0,0,0,0,0,0,0,1,0,0,0,0,0,0,0,0,0,0,0
8,BRAŞOV,"CĂMINUL CULTURAL CRIHALMA",324,COMANA,40857,1,PROV,PRCNCT,CD,CD_SV,"2021-01-21 12:30:02",582,574,8,0,208,200,8,0,600,392,203,4,1,8,0,37,5,118,5,0,1,0,0,24,1,1,0,0,0,0,0,2,0,0,0,1,0,0,0,0,0,0,0,0,0
8,BRAŞOV,"CĂMINUL CULTURAL TICUŞU NOU",325,COMANA,40857,1,PROV,PRCNCT,CD,CD_SV,"2021-01-21 12:30:02",486,467,19,0,190,171,19,0,500,310,183,5,2,1,0,29,9,122,3,0,1,0,0,13,2,0,0,1,0,0,0,0,0,0,0,0,0,0,0,0,1,1,0,0,0
8,BRAŞOV,"GRADINITA DE COPII CRISTIAN",326,CRISTIAN,40900,2,PART,PRCNCT,CD,CD_SV,"2021-01-21 12:30:02",1962,1839,118,5,818,695,118,5,1800,982,806,11,1,292,15,103,28,237,41,8,7,3,2,45,2,2,1,0,0,0,0,0,0,1,0,0,0,1,1,0,0,9,0,0,8
8,BRAŞOV,"CAMINUL CULTURAL NR. 1",327,CRISTIAN,40900,1,PROV,PRCNCT,CD,CD_SV,"2021-01-21 12:30:02",1340,1292,48,0,466,418,48,0,1400,934,459,6,1,115,1,78,22,178,20,6,3,3,2,20,2,1,0,0,0,0,0,0,1,0,0,0,1,0,0,2,0,1,0,0,3
8,BRAŞOV,"SCOALA GENERALA, CORP B",328,CRISTIAN,40900,1,PROV,PRCNCT,CD,CD_SV,"2021-01-21 12:30:02",1772,1701,68,3,655,584,68,3,1800,1145,647,6,2,169,8,97,26,229,22,11,8,3,2,47,6,0,2,0,0,3,0,0,1,1,0,0,1,0,1,0,0,1,1,0,8
8,BRAŞOV,"CĂMINUL CULTURAL",329,CRIZBAV,42456,1,PROV,PRCNCT,CD,CD_SV,"2021-01-21 12:30:02",1450,1374,66,10,519,443,66,10,1500,981,494,22,3,28,139,175,7,64,1,1,5,1,0,58,2,3,1,1,1,1,0,0,0,1,0,0,0,0,1,0,0,3,1,0,0
8,BRAŞOV,"ŞCOALA PRIMARĂ CUTUŞ",330,CRIZBAV,42456,1,PROV,PRCNCT,CD,CD_SV,"2021-01-21 12:30:02",609,592,15,2,208,191,15,2,700,492,186,18,4,1,10,123,1,22,3,1,2,0,0,15,0,1,3,1,1,0,0,0,1,1,0,0,0,0,0,0,0,0,0,0,0
8,BRAŞOV,"PRIMĂRIA DRĂGUŞ",331,DRĂGUŞ,42480,1,PROV,PRCNCT,CD,CD_SV,"2021-01-21 12:30:02",973,915,55,3,321,263,55,3,1000,679,310,6,5,58,0,44,14,132,31,0,1,2,0,21,1,3,1,0,0,0,0,0,0,0,0,0,0,0,0,0,0,0,0,0,2
8,BRAŞOV,"PRIMĂRIA COMUNEI DUMBRĂVIŢA",332,DUMBRĂVIŢA,40928,2,PART,PRCNCT,CD,CD_SV,"2021-01-21 12:30:02",1622,1588,30,4,375,341,30,4,1800,1425,366,6,3,104,3,49,23,110,15,1,6,0,2,37,1,1,2,1,1,0,0,0,1,0,0,0,2,1,0,0,0,0,1,0,5
8,BRAŞOV,"GRĂDINIŢA CU PROGRAM NORMAL DUMBRĂVIŢA",333,DUMBRĂVIŢA,40928,1,PROV,PRCNCT,CD,CD_SV,"2021-01-21 12:30:02",1777,1757,20,0,414,394,20,0,1900,1486,404,6,4,103,1,71,21,118,14,3,5,2,2,48,2,1,1,0,0,1,0,1,0,1,0,0,1,0,1,1,0,0,1,0,5
8,BRAŞOV,"ŞCOALA GENERALĂ SAT VLĂDENI",334,DUMBRĂVIŢA,40928,1,PROV,PRCNCT,CD,CD_SV,"2021-01-21 12:30:02",807,722,85,0,312,227,85,0,802,490,299,11,2,25,0,37,91,110,5,2,3,2,1,12,2,0,3,0,0,0,1,0,0,0,0,1,0,0,0,0,0,0,0,1,3
8,BRAŞOV,"CĂMINUL CULTURAL FELDIOARA",335,FELDIOARA,40955,1,PROV,PRCNCT,CD,CD_SV,"2021-01-21 12:30:02",1829,1799,30,0,542,512,30,0,2000,1458,532,8,2,63,4,158,17,152,17,3,4,1,4,88,4,1,1,1,1,1,0,0,0,3,0,0,0,2,1,0,0,1,0,1,4
8,BRAŞOV,"LICEUL TEORETIC PETRU RAREȘ FELDIOARA",336,FELDIOARA,40955,1,PROV,PRCNCT,CD,CD_SV,"2021-01-21 12:30:02",1343,1318,25,0,486,461,25,0,1500,1014,467,11,8,86,13,90,16,149,19,2,8,0,2,63,10,0,1,1,0,0,0,0,0,0,0,0,2,0,0,0,0,2,0,0,3
8,BRAŞOV,"LICEUL TEORETIC PETRU RAREȘ FELDIOARA",337,FELDIOARA,40955,1,PROV,PRCNCT,CD,CD_SV,"2021-01-21 12:30:02",1223,1207,16,0,344,328,16,0,1300,956,324,14,6,38,4,72,6,112,9,1,9,5,1,50,3,1,2,0,0,2,0,0,0,2,0,1,1,1,0,0,0,1,0,0,3
8,BRAŞOV,"CĂMINUL CULTURAL ROTBAV",338,FELDIOARA,40955,1,PROV,PRCNCT,CD,CD_SV,"2021-01-21 12:30:02",1124,1085,39,0,414,375,39,0,1200,786,392,17,5,92,6,85,15,115,10,2,6,3,2,47,3,0,2,1,0,0,0,1,0,0,0,0,0,0,0,0,1,1,0,0,0
8,BRAŞOV,"CĂMINUL CULTURAL RECONSTRUCŢIA",339,FELDIOARA,40955,1,PROV,PRCNCT,CD,CD_SV,"2021-01-21 12:30:02",602,593,9,0,184,175,9,0,700,516,174,7,3,18,13,34,3,53,6,2,2,0,2,37,0,0,1,0,0,0,0,0,0,0,0,0,0,0,0,1,0,2,0,0,0
8,BRAŞOV,"ŞCOALA GENERALĂ FUNDATA",340,FUNDATA,40991,1,PROV,PRCNCT,CD,CD_SV,"2021-01-21 12:30:02",486,436,39,11,223,173,39,11,500,277,217,2,4,27,1,45,9,116,7,0,0,0,0,5,2,0,2,0,1,0,0,0,0,1,0,0,0,0,0,1,0,0,0,0,0
8,BRAŞOV,"ŞCOALA GENERALĂ ŞIRNEA",341,FUNDATA,40991,1,PROV,PRCNCT,CD,CD_SV,"2021-01-21 12:30:02",221,198,23,0,86,63,23,0,200,114,83,1,2,6,0,11,1,49,3,0,1,0,0,9,1,0,0,0,0,0,0,0,0,0,0,0,0,0,0,0,0,0,0,0,2
8,BRAŞOV,"CĂMINUL CULTURAL",342,HĂLCHIU,41033,1,PROV,PRCNCT,CD,CD_SV,"2021-01-21 12:30:02",1556,1517,38,1,425,386,38,1,1700,1275,416,9,0,104,10,97,21,103,16,0,3,4,4,34,5,0,2,0,0,0,0,0,0,0,0,0,0,1,0,0,1,8,0,0,3
8,BRAŞOV,"LOCAȚIA KREDENT",343,HĂLCHIU,41033,1,PROV,PRCNCT,CD,CD_SV,"2021-01-21 12:30:02",1561,1513,48,0,487,439,48,0,1700,1213,481,5,1,125,9,100,29,111,23,5,5,6,1,42,6,0,3,0,0,0,0,0,2,0,1,0,1,0,0,0,0,10,0,0,2
8,BRAŞOV,"CAMIN CULTURAL",344,HĂLCHIU,41033,1,PROV,PRCNCT,CD,CD_SV,"2021-01-21 12:30:02",1035,1006,29,0,291,262,29,0,1100,809,277,9,5,23,112,55,3,35,5,1,2,2,3,31,1,0,0,0,0,0,0,0,0,0,0,1,0,0,0,0,1,1,0,0,1
8,BRAŞOV,"CĂMINUL CULTURAL",345,HĂRMAN,41088,1,PROV,PRCNCT,CD,CD_SV,"2021-01-21 12:30:02",723,662,61,0,253,192,61,0,700,447,252,0,1,61,6,28,15,75,14,5,5,0,2,29,0,2,5,0,1,0,1,1,0,0,0,0,0,0,0,0,0,0,0,0,2
8,BRAŞOV,"SCOALA GIMNAZIALA HARMAN",346,HĂRMAN,41088,1,PROV,PRCNCT,CD,CD_SV,"2021-01-21 12:30:02",1800,1745,50,5,587,532,50,5,1900,1313,579,8,0,217,13,96,15,129,26,3,5,6,0,43,5,0,4,1,0,0,0,0,0,1,0,0,0,0,0,0,0,4,1,1,9
8,BRAŞOV,"SCOALA GIMNAZIALA HARMAN",347,HĂRMAN,41088,1,PROV,PRCNCT,CD,CD_SV,"2021-01-21 12:30:02",1725,1672,48,5,511,458,48,5,1800,1289,496,11,4,160,6,90,11,133,30,2,3,0,1,52,3,1,1,0,0,1,0,0,0,0,0,0,0,0,0,0,0,2,0,0,0
8,BRAŞOV,"SCOALA GIMNAZIALA HARMAN",348,HĂRMAN,41088,2,PART,PRCNCT,CD,CD_SV,"2021-01-21 12:30:02",1635,1587,46,2,561,513,46,2,1700,1139,551,9,1,174,5,106,19,147,30,3,5,5,0,43,4,1,1,0,0,0,0,1,0,1,0,0,0,0,0,0,0,1,1,1,3
8,BRAŞOV,"ŞCOALA GIMNAZIALĂ PROF.DR. IOAN CERGHIT HÂRSENI",349,HÂRSENI,41113,1,PROV,PRCNCT,CD,CD_SV,"2021-01-21 12:30:02",499,479,17,3,153,133,17,3,500,347,149,4,0,20,1,44,4,33,7,0,6,0,0,17,10,0,1,0,0,0,0,0,0,1,0,0,0,0,1,1,0,0,0,1,2
8,BRAŞOV,"GRĂDINIȚA SEBEȘ",350,HÂRSENI,41113,1,PROV,PRCNCT,CD,CD_SV,"2021-01-21 12:30:02",679,656,21,2,175,152,21,2,700,525,168,5,2,14,1,37,3,62,9,1,10,0,2,19,6,0,0,0,0,0,0,1,0,2,0,0,0,0,0,0,0,0,0,0,1
8,BRAŞOV,"GRĂDINIȚA MĂRGINENI",351,HÂRSENI,41113,1,PROV,PRCNCT,CD,CD_SV,"2021-01-21 12:30:02",277,248,29,0,89,60,29,0,300,211,86,3,0,4,1,26,6,32,2,0,5,0,0,8,1,0,0,0,0,0,0,0,0,0,0,0,0,0,0,0,0,0,0,1,0
8,BRAŞOV,"GRĂDINIȚA COPĂCEL",352,HÂRSENI,41113,1,PROV,PRCNCT,CD,CD_SV,"2021-01-21 12:30:02",543,519,21,3,169,145,21,3,600,431,168,1,0,16,1,41,17,62,2,1,3,0,2,18,3,0,1,0,0,0,0,0,0,0,0,0,0,0,0,0,0,0,0,0,1
8,BRAŞOV,"CĂMINUL CULTURAL HOGHIZ",353,HOGHIZ,41177,1,PROV,PRCNCT,CD,CD_SV,"2021-01-21 12:30:02",1029,1005,24,0,265,241,24,0,1100,835,261,4,0,26,90,67,3,50,5,1,3,0,0,10,3,1,1,0,0,0,1,0,0,0,0,0,0,0,0,0,0,0,0,0,0
8,BRAŞOV,"CĂMINUL CULTURAL HOGHIZ",354,HOGHIZ,41177,1,PROV,PRCNCT,CD,CD_SV,"2021-01-21 12:30:02",792,784,8,0,173,165,8,0,900,727,166,4,3,17,50,44,1,31,1,0,5,1,0,12,2,0,0,0,0,0,1,0,0,0,0,0,1,0,0,0,0,0,0,0,0
8,BRAŞOV,"CĂMINUL CULTURAL BOGATA",355,HOGHIZ,41177,2,PART,PRCNCT,CD,CD_SV,"2021-01-21 12:30:02",355,337,18,0,155,137,18,0,400,245,140,15,0,3,1,40,30,30,2,2,3,0,0,26,0,0,0,1,0,0,0,0,0,0,0,0,1,0,1,0,0,0,0,0,0
8,BRAŞOV,"ȘCOALA GIMNAZIALĂ ”ARON PUMNU” CUCIULATA",356,HOGHIZ,41177,1,PROV,PRCNCT,CD,CD_SV,"2021-01-21 12:30:02",1157,1135,22,0,294,272,22,0,1200,906,274,14,6,7,2,126,9,53,3,0,2,0,0,65,1,2,0,0,1,0,1,0,0,2,0,0,0,0,0,0,0,0,0,0,0
8,BRAŞOV,"CĂMINUL CULTURAL DOPCA",357,HOGHIZ,41177,1,PROV,PRCNCT,CD,CD_SV,"2021-01-21 12:30:02",411,398,13,0,137,124,13,0,500,363,136,1,0,7,62,35,8,13,1,0,1,0,0,7,1,0,1,0,0,0,0,0,0,0,0,0,0,0,0,0,0,0,0,0,0
8,BRAŞOV,"CĂMUNUL CULTURAL FÂNTÂNA",358,HOGHIZ,41177,2,PART,PRCNCT,CD,CD_SV,"2021-01-21 12:30:02",231,215,16,0,97,81,16,0,300,203,94,3,0,17,2,22,4,32,3,0,3,0,1,9,1,0,0,0,0,0,0,0,0,0,0,0,0,0,0,0,0,0,0,0,0
8,BRAŞOV,"CĂMINUL CULTURAL LUPŞA",359,HOGHIZ,41177,1,PROV,PRCNCT,CD,CD_SV,"2021-01-21 12:30:02",87,77,10,0,27,17,10,0,100,73,27,0,0,2,1,7,2,2,1,0,1,1,1,9,0,0,0,0,0,0,0,0,0,0,0,0,0,0,0,0,0,0,0,0,0
8,BRAŞOV,"CĂMINUL CULTURAL HOLBAV",360,HOLBAV,42472,1,PROV,PRCNCT,CD,CD_SV,"2021-01-21 12:30:02",1046,1027,19,0,315,296,19,0,1100,785,308,3,4,23,0,83,0,71,23,0,1,2,2,92,2,0,0,0,0,0,1,1,0,0,0,0,1,0,0,0,0,1,0,0,5
8,BRAŞOV,"CAMIN CULTURAL HOMOROD",361,HOMOROD,41248,1,PROV,PRCNCT,CD,CD_SV,"2021-01-21 12:30:02",1216,1204,12,0,225,213,12,0,1300,1075,220,2,3,10,18,103,3,36,2,0,2,0,0,33,1,0,3,0,0,0,1,0,0,5,0,0,0,0,0,0,1,2,0,0,0
8,BRAŞOV,"CAMIN CULTURAL MERCHEASA",362,HOMOROD,41248,1,PROV,PRCNCT,CD,CD_SV,"2021-01-21 12:30:02",434,411,23,0,197,174,23,0,500,303,191,6,0,7,3,51,0,111,2,1,0,0,0,9,0,0,0,0,0,0,1,0,0,4,0,1,1,0,0,0,0,0,0,0,0
8,BRAŞOV,"CAMIN CULTURAL JIMBOR",363,HOMOROD,41248,1,PROV,PRCNCT,CD,CD_SV,"2021-01-21 12:30:02",387,378,9,0,134,125,9,0,400,266,126,3,5,2,79,23,1,15,3,0,0,0,0,1,0,0,0,0,0,0,0,0,0,0,0,0,1,0,0,0,0,1,0,0,0
8,BRAŞOV,"ŞCOALA GENERALĂ JIBERT",364,JIBERT,41284,1,PROV,PRCNCT,CD,CD_SV,"2021-01-21 12:30:02",655,632,23,0,138,115,23,0,700,562,131,5,2,10,3,11,11,74,0,0,0,0,1,13,0,1,0,0,0,1,0,0,0,0,0,0,0,0,0,0,0,6,0,0,0
8,BRAŞOV,"ŞCOALA GENERALĂ DACIA",365,JIBERT,41284,1,PROV,PRCNCT,CD,CD_SV,"2021-01-21 12:30:02",636,611,25,0,168,143,25,0,700,532,162,5,1,9,9,52,3,57,3,0,2,0,1,21,1,0,1,0,0,0,0,0,0,0,0,0,1,1,0,0,0,1,0,0,0
8,BRAŞOV,"CĂMINUL CULTURAL LOVNIC",366,JIBERT,41284,1,PROV,PRCNCT,CD,CD_SV,"2021-01-21 12:30:02",488,452,36,0,130,94,36,0,500,370,125,4,1,2,1,22,8,69,4,0,0,1,1,11,0,0,2,0,0,0,0,0,0,0,0,0,0,1,0,0,0,3,0,0,0
8,BRAŞOV,"ŞCOALA GENERALĂ GRÎNARI",367,JIBERT,41284,1,PROV,PRCNCT,CD,CD_SV,"2021-01-21 12:30:02",305,288,17,0,102,85,17,0,300,198,101,1,0,4,71,6,3,10,2,0,0,0,0,2,0,0,0,0,0,0,0,0,0,0,0,0,0,0,0,0,1,2,0,0,0
8,BRAŞOV,"ŞCOALA GENERALĂ VĂLENI",368,JIBERT,41284,1,PROV,PRCNCT,CD,CD_SV,"2021-01-21 12:30:02",153,136,17,0,60,43,17,0,200,140,59,1,0,3,1,13,4,25,2,1,0,0,0,8,0,0,0,0,0,0,0,0,0,0,0,0,0,0,0,0,0,1,0,0,1
8,BRAŞOV,"CĂMINUL CULTURAL LISA",369,LISA,41346,1,PROV,PRCNCT,CD,CD_SV,"2021-01-21 12:30:02",923,875,46,2,333,285,46,2,1000,667,317,13,3,26,2,113,3,64,10,3,2,0,4,39,1,3,1,0,0,0,0,0,0,42,0,0,0,0,0,0,0,2,1,0,1
8,BRAŞOV,"CĂMINUL CULTURAL BREAZA",370,LISA,41346,1,PROV,PRCNCT,CD,CD_SV,"2021-01-21 12:30:02",630,563,63,4,269,202,63,4,600,331,261,5,3,25,1,87,37,62,20,0,0,0,1,18,4,0,3,0,0,0,0,0,0,3,0,0,0,0,0,0,0,0,0,0,0
8,BRAŞOV,"CAMINUL CULTURAL MAIERUS",371,MĂIERUŞ,41382,1,PROV,PRCNCT,CD,CD_SV,"2021-01-21 12:30:02",1525,1480,33,12,534,489,33,12,1600,1066,505,20,9,38,4,75,10,247,10,0,5,0,4,93,2,1,4,0,0,1,0,0,0,2,1,0,1,0,0,0,0,4,0,0,3
8,BRAŞOV,"CAMINUL CULTURAL ARINI",372,MĂIERUŞ,41382,1,PROV,PRCNCT,CD,CD_SV,"2021-01-21 12:30:02",829,807,22,0,349,327,22,0,899,550,316,19,14,12,2,40,10,201,11,1,2,0,0,21,2,7,0,0,0,1,0,0,0,1,0,1,0,0,0,1,0,2,0,0,1
8,BRAŞOV,"SCOALA GENERALA MÂNDRA",373,MÂNDRA,41417,1,PROV,PRCNCT,CD,CD_SV,"2021-01-21 12:30:02",988,953,35,0,270,235,35,0,1000,730,257,7,6,28,2,107,5,60,8,2,6,1,2,24,5,3,0,0,0,1,0,0,0,0,0,0,0,0,0,0,0,1,0,0,2
8,BRAŞOV,"AŞEZAMÂNT CULTURAL",374,MÂNDRA,41417,1,PROV,PRCNCT,CD,CD_SV,"2021-01-21 12:30:02",717,673,44,0,222,178,44,0,700,478,211,3,8,32,0,62,4,75,15,0,4,0,1,13,2,1,0,0,0,1,0,0,0,0,0,0,0,1,0,0,0,0,0,0,0
8,BRAŞOV,"AŞEZAMÂNT CULTURAL",375,MÂNDRA,41417,1,PROV,PRCNCT,CD,CD_SV,"2021-01-21 12:30:02",461,440,19,2,145,124,19,2,500,355,145,0,0,13,2,44,10,47,5,0,8,0,0,15,0,1,0,0,0,0,0,0,0,0,0,0,0,0,0,0,0,0,0,0,0
8,BRAŞOV,"AŞEZAMÂNT CULTURAL",376,MÂNDRA,41417,1,PROV,PRCNCT,CD,CD_SV,"2021-01-21 12:30:02",262,233,29,0,79,50,29,0,300,221,72,7,0,6,2,29,1,26,2,0,0,0,0,5,0,0,0,0,0,0,0,0,0,0,0,0,0,0,0,0,0,1,0,0,0
8,BRAŞOV,"AŞEZAMÂNT CULTURAL",377,MÂNDRA,41417,1,PROV,PRCNCT,CD,CD_SV,"2021-01-21 12:30:02",224,195,29,0,89,60,29,0,200,111,84,3,2,5,0,29,2,35,6,0,3,0,0,3,0,1,0,0,0,0,0,0,0,0,0,0,0,0,0,0,0,0,0,0,0
8,BRAŞOV,"PRIMĂRIA COMUNEI MOIECIU",378,MOIECIU,41471,1,PROV,PRCNCT,CD,CD_SV,"2021-01-21 12:30:02",1131,1085,46,0,373,327,46,0,1200,827,367,5,1,57,0,81,18,125,32,1,5,0,3,32,3,2,0,0,0,0,0,0,0,0,0,1,2,0,1,0,0,1,0,0,3
8,BRAŞOV,"PRIMĂRIA COMUNEI MOIECIU",379,MOIECIU,41471,2,PART,PRCNCT,CD,CD_SV,"2021-01-21 12:30:02",1266,1227,39,0,473,434,39,0,1400,927,460,11,2,104,0,105,11,163,20,1,10,1,3,28,3,1,4,1,0,0,0,0,0,1,0,0,0,0,1,1,0,0,0,1,1
8,BRAŞOV,"ŞCOALA GIMNAZIALĂ MOIECIU DE SUS",380,MOIECIU,41471,1,PROV,PRCNCT,CD,CD_SV,"2021-01-21 12:30:02",805,772,33,0,259,226,33,0,805,546,255,3,1,66,1,64,13,50,9,0,3,2,1,36,0,4,1,0,0,0,0,0,0,1,1,0,1,0,0,0,0,0,0,1,1
8,BRAŞOV,"ŞCOALA GIMNAZIALĂ PEȘTERA",381,MOIECIU,41471,1,PROV,PRCNCT,CD,CD_SV,"2021-01-21 12:30:02",377,341,36,0,147,111,36,0,400,253,146,1,0,23,1,33,4,42,19,0,3,0,0,18,0,1,1,0,0,0,0,0,0,0,0,0,0,0,0,0,0,0,0,1,0
8,BRAŞOV,"ŞCOALA GIMNAZIALĂ MĂGURA",382,MOIECIU,41471,1,PROV,PRCNCT,CD,CD_SV,"2021-01-21 12:30:02",437,412,25,0,171,146,25,0,500,329,161,4,6,15,1,43,11,59,17,0,0,1,0,12,0,0,1,0,0,0,0,0,0,0,0,0,0,0,0,0,0,1,0,0,0
8,BRAŞOV,"DISPENSAR MEDICAL ORMENIŞ",383,ORMENIŞ,41541,1,PROV,PRCNCT,CD,CD_SV,"2021-01-21 12:30:02",1648,1582,22,44,595,529,22,44,1700,1105,569,16,10,5,268,30,42,156,19,0,1,0,3,16,1,1,0,2,0,1,0,0,0,20,0,0,0,1,0,0,0,1,1,1,0
8,BRAŞOV,"CĂMINUL CULTURAL PĂRĂU",384,PĂRĂU,41578,1,PROV,PRCNCT,CD,CD_SV,"2021-01-21 12:30:02",543,509,34,0,143,109,34,0,600,457,138,4,1,9,7,36,10,30,18,0,2,0,1,18,0,2,0,0,0,0,1,0,0,1,0,0,0,0,0,0,0,0,0,0,3
8,BRAŞOV,"ŞCOALA PRIMARĂ GRID",385,PĂRĂU,41578,2,PART,PRCNCT,CD,CD_SV,"2021-01-21 12:30:02",280,241,39,0,111,72,39,0,300,189,111,0,0,18,0,30,3,35,4,0,0,0,0,16,1,0,1,0,0,1,0,0,0,1,0,0,0,0,0,0,0,1,0,0,0
8,BRAŞOV,"CLĂDIREA FOSTEI PRIMĂRII",386,PĂRĂU,41578,1,PROV,PRCNCT,CD,CD_SV,"2021-01-21 12:30:02",608,577,31,0,169,138,31,0,600,431,162,5,2,15,1,30,3,74,17,0,0,1,0,9,6,2,0,0,0,0,1,0,0,0,0,0,1,0,0,0,0,1,1,0,0
8,BRAŞOV,"CĂMINUL CULTURAL VENEȚIA DE SUS",387,PĂRĂU,41578,1,PROV,PRCNCT,CD,CD_SV,"2021-01-21 12:30:02",403,378,25,0,155,130,25,0,400,245,148,4,3,8,1,19,3,47,48,0,0,1,1,15,0,0,0,0,0,0,0,0,0,4,0,0,0,1,0,0,0,0,0,0,0
8,BRAŞOV,"ȘCOALA GIMNAZIALĂ NR.1 CORP A2",388,"POIANA MĂRULUI",41621,3,PART,PRCNCT,CD,CD_SV,"2021-01-21 12:30:02",1283,1261,20,2,497,475,20,2,1400,903,482,8,7,64,3,158,19,147,16,0,4,0,3,59,0,1,1,0,0,0,0,0,0,1,0,0,0,1,2,0,0,0,1,0,2
8,BRAŞOV,"ȘCOALĂ GIMNAZIALĂ NR.1 CORP B",389,"POIANA MĂRULUI",41621,1,PROV,PRCNCT,CD,CD_SV,"2021-01-21 12:30:02",1013,984,29,0,276,247,29,0,1100,824,267,7,2,28,3,72,19,69,8,0,1,0,4,56,2,1,2,0,0,0,0,0,0,1,0,0,0,0,0,0,0,1,0,0,0
8,BRAŞOV,"ȘCOALĂ GIMNAZIALĂ NR. 2 ÎNTRE-VAI",390,"POIANA MĂRULUI",41621,1,PROV,PRCNCT,CD,CD_SV,"2021-01-21 12:30:02",407,391,16,0,108,92,16,0,400,292,103,3,2,8,2,36,2,24,5,0,3,0,1,17,2,0,1,0,0,0,0,0,1,0,0,0,0,0,0,0,0,0,0,0,1
8,BRAŞOV,"ȘCOALA GIMNAZIALĂ PREJMER, STR.ȘCOLII, NR.1, CORP A, PARTER",391,PREJMER,41667,1,PROV,PRCNCT,CD,CD_SV,"2021-01-21 12:30:02",1649,1602,44,3,502,455,44,3,1800,1298,493,6,3,136,2,76,25,147,21,2,4,3,8,42,5,1,3,1,0,0,0,0,0,7,0,0,1,0,0,0,0,2,0,1,6
8,BRAŞOV,"ȘCOALA GIMNAZIALĂ PREJMER, STR.ȘCOLII, NR.1, CORP A, PARTER",392,PREJMER,41667,1,PROV,PRCNCT,CD,CD_SV,"2021-01-21 12:30:02",1865,1850,15,0,475,460,15,0,2000,1525,455,17,3,101,5,64,10,136,19,2,2,5,2,56,3,1,1,0,0,0,0,0,0,37,0,0,0,0,0,0,0,10,0,0,1
8,BRAŞOV,"ȘCOALA GIMNAZIALĂ PREJMER, STR.ȘCOLII, NR.1, CORP A, PARTER",393,PREJMER,41667,2,PART,PRCNCT,CD,CD_SV,"2021-01-21 12:30:02",1794,1753,39,2,523,482,39,2,1900,1377,511,10,2,100,3,91,9,189,26,2,2,5,2,63,3,0,4,1,0,0,0,0,0,2,0,0,1,0,0,0,0,4,0,0,4
8,BRAŞOV,"SCOALA GIMNAZIALA LUNCA CALNICULUI SAT",394,PREJMER,41667,1,PROV,PRCNCT,CD,CD_SV,"2021-01-21 12:30:02",1327,1291,36,0,390,354,36,0,1400,1010,386,2,2,76,2,65,20,102,21,3,8,0,4,74,5,0,1,1,0,0,0,1,0,1,0,0,0,0,0,0,0,0,0,0,2
8,BRAŞOV,"SCOALA GIMNAZIALA LUNCA CALNICULUI COLONIE",395,PREJMER,41667,1,PROV,PRCNCT,CD,CD_SV,"2021-01-21 12:30:02",1344,1312,32,0,393,361,32,0,1400,1007,382,8,3,63,14,58,13,108,17,3,4,1,1,86,1,3,2,0,0,0,0,0,0,0,0,0,1,1,0,2,0,0,1,0,3
8,BRAŞOV,"CAMIN CULTURAL",396,RACOŞ,41701,1,PROV,PRCNCT,CD,CD_SV,"2021-01-21 12:30:02",407,393,14,0,89,75,14,0,400,311,87,1,1,7,5,23,9,29,1,0,0,0,0,9,0,0,2,1,0,0,0,0,0,1,0,0,0,0,0,0,0,0,0,0,0
8,BRAŞOV,"SCOALA GENERALA „BETHLEN SAMUEL”",397,RACOŞ,41701,1,PROV,PRCNCT,CD,CD_SV,"2021-01-21 12:30:02",1146,1132,14,0,105,91,14,0,1200,1095,97,6,2,5,33,12,13,10,6,0,1,0,2,10,0,2,0,0,0,0,0,0,0,2,0,0,0,0,0,0,0,1,0,0,0
8,BRAŞOV,"PRIMĂRIA COMUNEI RACOS",398,RACOŞ,41701,2,PART,PRCNCT,CD,CD_SV,"2021-01-21 12:30:02",1040,1028,12,0,232,220,12,0,1100,868,225,4,3,10,132,9,27,29,2,0,0,2,0,5,0,1,1,0,0,0,0,0,0,4,0,0,0,0,1,0,0,2,0,0,0
8,BRAŞOV,"CĂMINUL CULTURAL RECEA",399,RECEA,41738,1,PROV,PRCNCT,CD,CD_SV,"2021-01-21 12:30:02",1693,1599,94,0,469,375,94,0,1800,1331,449,14,6,55,1,100,13,173,15,4,3,1,2,63,5,3,5,1,1,1,0,0,1,0,0,0,0,0,0,0,0,0,0,0,2
8,BRAŞOV,"CĂMINUL CULTURAL BERIVOI",400,RECEA,41738,2,PART,PRCNCT,CD,CD_SV,"2021-01-21 12:30:02",515,471,43,1,161,117,43,1,500,339,154,6,1,13,2,41,16,55,5,0,1,1,0,14,1,0,1,1,0,0,0,0,1,0,0,0,0,0,0,0,1,0,0,0,1
8,BRAŞOV,"CĂMINUL CULTURAL SĂVĂSTRENI",401,RECEA,41738,1,PROV,PRCNCT,CD,CD_SV,"2021-01-21 12:30:02",592,563,29,0,142,113,29,0,600,458,135,5,2,8,1,28,5,68,3,0,1,1,0,16,3,0,1,0,0,0,0,0,0,0,0,0,0,0,0,0,0,0,0,0,0
8,BRAŞOV,"SCOALA GENERALA",402,"SÂMBĂTA DE SUS",42464,1,PROV,PRCNCT,CD,CD_SV,"2021-01-21 12:30:02",1395,1312,81,2,522,439,81,2,1400,878,509,8,5,41,0,99,18,247,28,11,3,1,2,37,14,1,2,0,0,0,0,0,0,0,0,0,0,1,1,0,0,1,0,0,2
8,BRAŞOV,"ŞCOALA GIMNAZIALĂ SÂNPETRU",403,SÂNPETRU,41925,1,PROV,PRCNCT,CD,CD_SV,"2021-01-21 12:30:02",2117,2047,69,1,771,701,69,1,2200,1429,762,9,0,368,13,88,24,162,35,2,9,8,2,38,3,0,0,0,0,0,1,0,0,0,0,0,1,0,2,0,0,5,0,0,1
8,BRAŞOV,"GRADINITA CU PROGRAM NORMAL 4ORE SANPETRU",404,SÂNPETRU,41925,1,PROV,PRCNCT,CD,CD_SV,"2021-01-21 12:30:02",1980,1909,71,0,778,707,71,0,2100,1322,777,1,0,357,23,88,28,154,41,3,17,7,1,37,10,1,0,0,0,0,0,0,0,0,0,0,2,0,0,0,0,2,0,1,5
8,BRAŞOV,"CĂMINUL CULTURAL AL BISERICII ORTODOXE",405,SÂNPETRU,41925,1,PROV,PRCNCT,CD,CD_SV,"2021-01-21 12:30:02",1533,1474,38,21,474,415,38,21,1600,1126,468,6,0,130,9,87,17,108,10,1,13,1,4,53,14,4,2,1,1,0,0,0,0,1,2,0,1,1,0,0,0,4,1,0,3
8,BRAŞOV,"GRADINITA CU PROGRAM NORMAL 8 ORE SÎNPETRU",406,SÂNPETRU,41925,1,PROV,PRCNCT,CD,CD_SV,"2021-01-21 12:30:02",2029,1923,103,3,905,799,103,3,2100,1195,898,7,0,490,12,93,22,131,47,4,11,13,5,52,7,1,0,0,0,0,0,0,0,0,0,0,0,0,0,0,0,3,0,0,7
8,BRAŞOV,"CĂMIN CULTURAL ŞERCAIA",407,ŞERCAIA,41818,1,PROV,PRCNCT,CD,CD_SV,"2021-01-21 12:30:02",1444,1416,26,2,336,308,26,2,1600,1264,319,14,3,41,4,51,4,168,8,0,2,0,3,33,0,1,2,0,0,0,0,0,0,0,0,0,0,0,0,0,0,1,0,0,1
8,BRAŞOV,"CĂMIN CULTURAL VAD",408,ŞERCAIA,41818,1,PROV,PRCNCT,CD,CD_SV,"2021-01-21 12:30:02",494,440,54,0,190,136,54,0,500,310,186,3,1,30,4,52,3,77,7,0,1,0,1,7,1,0,0,0,0,0,0,0,0,0,0,0,0,0,0,0,0,0,0,0,3
8,BRAŞOV,"FOSTUL SEDIU CAP",409,ŞERCAIA,41818,1,PROV,PRCNCT,CD,CD_SV,"2021-01-21 12:30:02",423,398,17,8,85,60,17,8,500,415,83,1,1,8,38,4,1,26,3,1,0,0,0,1,0,0,0,0,0,0,0,0,0,0,0,0,0,0,1,0,0,0,0,0,0
8,BRAŞOV,"ȘCOALĂ GENERALĂ",410,ŞINCA,41854,1,PROV,PRCNCT,CD,CD_SV,"2021-01-21 12:30:02",196,182,14,0,59,45,14,0,200,141,57,2,0,2,1,9,1,9,25,0,0,0,0,9,0,0,0,0,0,0,0,0,0,1,0,0,0,0,0,0,0,0,0,0,0
8,BRAŞOV,"CĂMINUL CULTURAL",411,ŞINCA,41854,1,PROV,PRCNCT,CD,CD_SV,"2021-01-21 12:30:02",262,222,40,0,114,74,40,0,300,186,112,1,1,10,1,17,3,54,9,0,0,0,1,13,1,0,0,1,0,0,0,0,0,1,0,0,0,0,0,0,0,0,0,0,1
8,BRAŞOV,"CĂMINUL CULTURAL",412,ŞINCA,41854,1,PROV,PRCNCT,CD,CD_SV,"2021-01-21 12:30:02",310,272,38,0,113,75,38,0,300,187,110,3,0,10,1,21,2,34,22,0,1,0,0,12,2,0,0,1,0,0,0,0,0,1,0,0,0,0,0,0,0,0,0,0,3
8,BRAŞOV,"CĂMINUL CULTURAL",413,ŞINCA,41854,1,PROV,PRCNCT,CD,CD_SV,"2021-01-21 12:30:02",931,902,29,0,160,131,29,0,1000,840,155,4,1,11,2,27,5,56,8,0,5,1,0,31,2,0,3,0,0,0,0,0,0,1,0,1,0,1,1,0,0,0,0,0,0
8,BRAŞOV,"CĂMINUL CULTURAL",414,ŞINCA,41854,1,PROV,PRCNCT,CD,CD_SV,"2021-01-21 12:30:02",617,565,52,0,232,180,52,0,600,368,220,7,5,16,1,48,13,69,18,0,3,0,1,18,0,0,2,0,1,0,0,0,0,26,0,0,0,0,0,0,1,1,0,0,2
8,BRAŞOV,PRIMĂRIE,415,ŞINCA,41854,1,PROV,PRCNCT,CD,CD_SV,"2021-01-21 12:30:02",755,709,46,0,251,205,46,0,800,549,251,0,0,31,2,29,5,67,56,0,2,0,1,48,4,0,1,1,0,0,0,0,0,0,0,0,1,0,1,0,0,0,0,1,1
8,BRAŞOV,"CĂMINUL CULTURAL",416,"ŞINCA NOUĂ",42449,2,PART,PRCNCT,CD,CD_SV,"2021-01-21 12:30:02",979,902,40,37,620,543,40,37,1000,380,611,4,5,38,0,44,9,438,17,2,11,0,3,27,7,4,1,0,0,1,0,1,0,2,0,0,0,1,1,0,0,0,0,0,4
8,BRAŞOV,"ȘCOALĂ GENERALĂ",417,"ŞINCA NOUĂ",42449,2,PART,PRCNCT,CD,CD_SV,"2021-01-21 12:30:02",215,200,15,0,108,93,15,0,200,92,102,5,1,2,0,8,0,76,2,1,0,1,0,11,1,0,0,0,0,0,0,0,0,0,0,0,0,0,0,0,0,0,0,0,0
8,BRAŞOV,"ȘCOALA PRIMARĂ PALTIN",418,"ŞINCA NOUĂ",42449,1,PROV,PRCNCT,CD,CD_SV,"2021-01-21 12:30:02",190,148,41,1,117,75,41,1,200,83,114,3,0,3,0,15,0,67,1,2,0,0,0,25,0,0,0,0,0,0,0,0,0,0,0,0,0,0,1,0,0,0,0,0,0
8,BRAŞOV,"PRIMĂRIA COMUNEI ȘOARȘ",419,ŞOARŞ,41943,1,PROV,PRCNCT,CD,CD_SV,"2021-01-21 12:30:02",511,497,14,0,161,147,14,0,500,339,154,6,1,12,2,17,12,83,5,0,2,1,0,14,2,0,1,0,0,0,0,0,0,1,0,0,0,0,0,0,0,2,0,0,0
8,BRAŞOV,"ȘCOALA GENERALĂ FELMER",420,ŞOARŞ,41943,1,PROV,PRCNCT,CD,CD_SV,"2021-01-21 12:30:02",387,365,22,0,143,121,22,0,400,257,128,5,10,7,2,25,1,74,1,0,1,0,0,13,0,0,1,0,0,0,0,0,0,1,0,0,0,0,0,0,0,1,0,1,0
8,BRAŞOV,"ȘCOALA GENERALĂ BĂRCUT",421,ŞOARŞ,41943,1,PROV,PRCNCT,CD,CD_SV,"2021-01-21 12:30:02",364,346,18,0,99,81,18,0,400,301,95,3,1,2,1,12,7,50,2,0,1,4,0,7,0,1,0,0,0,1,0,0,0,5,1,1,0,0,0,0,0,0,0,0,0
8,BRAŞOV,"ȘCOALA GENERALĂ RODBAV",422,ŞOARŞ,41943,1,PROV,PRCNCT,CD,CD_SV,"2021-01-21 12:30:02",276,259,17,0,99,82,17,0,300,201,94,4,1,5,1,20,1,39,1,0,1,0,0,20,0,0,4,0,0,0,0,0,0,2,0,0,0,0,0,0,0,0,0,0,0
8,BRAŞOV,"CĂMINUL CULTURAL ORTODOX SELIȘTAT",423,ŞOARŞ,41943,1,PROV,PRCNCT,CD,CD_SV,"2021-01-21 12:30:02",173,164,9,0,50,41,9,0,200,150,50,0,0,6,1,3,1,30,0,1,0,0,2,4,0,0,1,0,0,0,0,0,0,1,0,0,0,0,0,0,0,0,0,0,0
8,BRAŞOV,"CAMIN CULTURAL",424,TĂRLUNGENI,42003,2,PART,PRCNCT,CD,CD_SV,"2021-01-21 12:30:02",2050,2017,33,0,570,537,33,0,2100,1530,547,18,5,152,101,56,13,116,8,3,3,5,5,60,4,1,4,0,0,3,0,1,1,1,0,3,0,1,0,0,0,1,0,0,5
8,BRAŞOV,"GRADINITA PROGRAM PRELUNGIT",425,TĂRLUNGENI,42003,1,PROV,PRCNCT,CD,CD_SV,"2021-01-21 12:30:02",1207,1178,27,2,354,325,27,2,1300,946,336,15,3,76,45,45,11,84,8,0,1,4,0,48,1,2,1,0,1,0,0,0,0,2,0,1,2,1,0,0,0,1,0,0,2
8,BRAŞOV,"ȘCOALA GIMNAZIALĂ TĂRLUNGENI",426,TĂRLUNGENI,42003,2,PART,PRCNCT,CD,CD_SV,"2021-01-21 12:30:02",956,928,28,0,265,237,28,0,1000,735,257,1,3,86,51,32,6,51,4,1,4,3,1,14,3,1,0,0,0,0,0,0,0,0,0,0,0,0,0,0,0,0,0,0,0
8,BRAŞOV,"SCOALA GENERALA PURCARENI",427,TĂRLUNGENI,42003,1,PROV,PRCNCT,CD,CD_SV,"2021-01-21 12:30:02",1236,1209,27,0,381,354,27,0,1300,919,370,9,2,61,110,46,7,89,6,2,5,5,1,18,5,1,5,1,0,1,0,0,0,2,0,0,0,0,0,0,0,1,1,0,3
8,BRAŞOV,"SCOALA GENERALA ZIZIN",428,TĂRLUNGENI,42003,1,PROV,PRCNCT,CD,CD_SV,"2021-01-21 12:30:02",1069,1051,18,0,341,323,18,0,1200,859,316,20,5,35,58,42,15,47,14,1,1,3,2,85,0,0,3,1,0,0,0,0,0,1,1,0,1,0,0,0,1,2,1,0,2
8,BRAŞOV,"SCOALA GENERALA ZIZIN",429,TĂRLUNGENI,42003,1,PROV,PRCNCT,CD,CD_SV,"2021-01-21 12:30:02",1158,1145,13,0,350,337,13,0,1300,950,317,19,14,22,60,64,16,59,21,3,4,1,2,50,1,0,3,0,0,0,0,1,0,7,0,2,0,1,0,0,0,0,0,0,0
8,BRAŞOV,"SCOALA GENERALA CARPINIS",430,TĂRLUNGENI,42003,1,PROV,PRCNCT,CD,CD_SV,"2021-01-21 12:30:02",461,419,42,0,173,131,42,0,500,327,173,0,0,48,5,35,6,40,10,2,1,0,3,16,4,0,0,0,0,1,0,0,1,0,0,0,0,0,0,0,0,0,0,0,1
8,BRAŞOV,"ȘCOALĂ GENERALĂ TELIU",431,TELIU,42058,1,PROV,PRCNCT,CD,CD_SV,"2021-01-21 12:30:02",1405,1385,20,0,444,424,20,0,1500,1056,408,20,16,8,31,271,6,28,5,0,0,0,5,37,1,2,3,1,0,0,0,0,1,4,1,0,0,0,1,0,0,2,0,0,1
8,BRAŞOV,"CĂMINUL CULTURAL TELIU",432,TELIU,42058,1,PROV,PRCNCT,CD,CD_SV,"2021-01-21 12:30:02",1101,1074,27,0,291,264,27,0,1200,909,284,7,0,43,76,62,9,55,11,0,2,0,2,17,0,2,0,0,0,1,1,0,0,0,0,0,1,0,0,0,0,0,0,0,2
8,BRAŞOV,"ȘCOALĂ GENERALĂ TELIU VALE",433,TELIU,42058,1,PROV,PRCNCT,CD,CD_SV,"2021-01-21 12:30:02",821,789,31,1,256,224,31,1,900,644,250,1,5,44,2,53,18,90,14,0,0,2,4,15,0,3,0,1,0,0,0,0,0,0,0,0,0,0,1,0,0,1,0,0,2
8,BRAŞOV,"CĂMINUL CULTURAL TICUŞU VECHI",434,TICUŞU,42076,1,PROV,PRCNCT,CD,CD_SV,"2021-01-21 12:30:02",609,601,7,1,186,178,7,1,700,515,172,8,5,10,1,25,33,62,10,2,3,0,3,19,1,0,0,0,0,0,0,0,0,1,0,0,0,0,0,0,0,1,0,0,1
8,BRAŞOV,"ŞCOALA PRIMARĂ COBOR",435,TICUŞU,42076,1,PROV,PRCNCT,CD,CD_SV,"2021-01-21 12:30:02",201,182,19,0,74,55,19,0,200,126,74,0,0,14,20,8,1,14,3,0,0,1,0,10,1,0,0,0,0,0,0,0,0,0,0,0,1,0,0,0,0,0,0,0,1
8,BRAŞOV,"SEDIUL PRIMARIEI COMUNEI UCEA",436,UCEA,42101,1,PROV,PRCNCT,CD,CD_SV,"2021-01-21 12:30:02",759,692,65,2,218,151,65,2,800,582,212,3,3,44,2,34,14,79,7,0,1,0,1,27,1,0,0,0,0,0,0,0,0,1,0,0,0,0,0,0,0,0,0,0,1
8,BRAŞOV,"CAMINUL CULTURAL UCEA DE SUS",437,UCEA,42101,1,PROV,PRCNCT,CD,CD_SV,"2021-01-21 12:30:02",843,824,19,0,248,229,19,0,900,652,242,3,3,40,1,38,7,122,13,0,5,1,0,12,0,2,1,0,0,0,0,0,0,0,0,0,0,0,0,0,0,0,0,0,0
8,BRAŞOV,"CAMINUL CULTURAL FELDIOARA",438,UCEA,42101,1,PROV,PRCNCT,CD,CD_SV,"2021-01-21 12:30:02",209,177,32,0,71,39,32,0,200,129,64,4,3,3,1,13,14,17,6,0,0,0,0,8,2,0,0,0,0,0,0,0,0,0,0,0,0,0,0,0,0,0,0,0,0
8,BRAŞOV,"CAMINUL CULTURAL CORBI",439,UCEA,42101,1,PROV,PRCNCT,CD,CD_SV,"2021-01-21 12:30:02",190,170,17,3,78,58,17,3,200,122,78,0,0,22,3,11,2,30,1,0,2,0,0,6,1,0,0,0,0,0,0,0,0,0,0,0,0,0,0,0,0,0,0,0,0
8,BRAŞOV,"ŞCOALA GENERALĂ UNGRA",440,UNGRA,42156,2,PART,PRCNCT,CD,CD_SV,"2021-01-21 12:30:02",1134,1116,18,0,307,289,18,0,1200,893,289,9,9,20,2,21,12,188,7,3,4,0,3,18,1,1,2,1,0,2,0,0,0,2,0,0,0,0,0,0,0,1,1,0,0
8,BRAŞOV,"GRĂDINIŢA DĂIŞOARA",441,UNGRA,42156,1,PROV,PRCNCT,CD,CD_SV,"2021-01-21 12:30:02",600,582,17,1,298,280,17,1,600,302,276,12,10,1,1,61,51,135,4,1,3,0,1,4,2,4,1,0,0,0,0,0,2,1,0,1,0,0,2,0,0,1,0,0,0
8,BRAŞOV,"CĂMIN CULTURAL VAMA BUZĂULUI",442,"VAMA BUZĂULUI",42183,1,PROV,PRCNCT,CD,CD_SV,"2021-01-21 12:30:02",1383,1356,27,0,318,291,27,0,1500,1182,310,6,2,40,2,132,15,60,7,2,6,0,4,33,5,0,0,0,0,1,0,0,1,0,0,0,1,0,0,0,0,0,0,1,0
8,BRAŞOV,"CĂMIN CULTURAL ACRIȘ",443,"VAMA BUZĂULUI",42183,1,PROV,PRCNCT,CD,CD_SV,"2021-01-21 12:30:02",1025,987,35,3,247,209,35,3,1100,853,235,8,4,32,1,98,5,36,1,2,8,1,1,46,0,0,0,0,0,0,0,0,0,0,0,0,0,1,0,0,0,0,0,0,3
8,BRAŞOV,"ŞCOALA PRIMARĂ BUZĂIEL",444,"VAMA BUZĂULUI",42183,1,PROV,PRCNCT,CD,CD_SV,"2021-01-21 12:30:02",476,464,12,0,118,106,12,0,501,383,110,4,4,23,0,40,1,18,2,0,2,0,1,21,0,1,0,0,0,0,0,0,0,0,0,0,1,0,0,0,0,0,0,0,0
8,BRAŞOV,"CĂMINUL CULTURAL VIȘTEA DE JOS",445,VIŞTEA,42236,1,PROV,PRCNCT,CD,CD_SV,"2021-01-21 12:30:02",675,643,30,2,164,132,30,2,700,536,159,3,2,25,1,29,3,64,19,0,1,0,1,11,0,0,1,0,0,1,0,0,0,0,0,0,0,0,0,0,0,3,0,0,0
8,BRAŞOV,"GRĂDINIŢA VIŞTEA DE SUS",446,VIŞTEA,42236,1,PROV,PRCNCT,CD,CD_SV,"2021-01-21 12:30:02",530,492,38,0,160,122,38,0,500,340,154,5,1,46,1,17,5,69,2,1,4,5,0,3,0,0,0,0,0,0,0,0,0,0,0,0,0,0,0,0,0,0,0,1,0
8,BRAŞOV,"ŞCOALA GENERALĂ OLTEŢ",447,VIŞTEA,42236,1,PROV,PRCNCT,CD,CD_SV,"2021-01-21 12:30:02",321,296,25,0,71,46,25,0,300,229,70,1,0,5,0,15,6,28,7,0,0,0,0,6,1,0,1,0,0,0,0,0,0,0,0,0,0,0,0,0,0,1,0,0,0
8,BRAŞOV,"GRADINIŢA RUCĂR",448,VIŞTEA,42236,1,PROV,PRCNCT,CD,CD_SV,"2021-01-21 12:30:02",380,339,41,0,156,115,41,0,400,244,153,1,2,7,0,14,3,107,3,0,1,1,1,12,1,0,1,0,0,0,0,0,0,0,0,0,1,0,1,0,0,0,0,0,0
8,BRAŞOV,"CĂMINUL CULTURAL VOILA",449,VOILA,42307,1,PROV,PRCNCT,CD,CD_SV,"2021-01-21 12:30:02",650,620,30,0,168,138,30,0,700,532,163,4,1,18,1,49,18,56,3,0,1,0,0,11,3,0,1,0,0,1,0,0,0,0,0,0,0,0,0,0,0,1,0,0,0
8,BRAŞOV,"CAMINUL CULTURAL CINCSOR",450,VOILA,42307,1,PROV,PRCNCT,CD,CD_SV,"2021-01-21 12:30:02",667,651,16,0,150,134,16,0,700,550,148,1,1,20,1,39,9,26,11,0,4,1,1,27,2,1,1,0,0,0,0,0,0,1,0,0,0,0,0,0,0,4,0,0,0
8,BRAŞOV,"CAMINUL CULTURAL DRIDIF",451,VOILA,42307,1,PROV,PRCNCT,CD,CD_SV,"2021-01-21 12:30:02",381,356,25,0,111,86,25,0,400,289,107,2,2,3,2,25,14,39,3,0,0,0,0,19,0,0,1,0,0,0,0,0,0,0,0,0,0,0,0,0,0,1,0,0,0
8,BRAŞOV,"CAMINUL CULTURAL LUDISOR",452,VOILA,42307,1,PROV,PRCNCT,CD,CD_SV,"2021-01-21 12:30:02",196,161,34,1,91,56,34,1,200,109,91,0,0,14,1,22,1,29,1,0,4,0,0,16,3,0,0,0,0,0,0,0,0,0,0,0,0,0,0,0,0,0,0,0,0
8,BRAŞOV,"CAMINUL CULTURAL SAMBATA DE JOS",453,VOILA,42307,1,PROV,PRCNCT,CD,CD_SV,"2021-01-21 12:30:02",472,437,35,0,123,88,35,0,500,377,122,0,1,19,1,24,4,48,17,0,1,0,0,7,0,0,0,0,0,0,0,0,0,0,0,0,0,0,0,0,0,1,0,0,0
8,BRAŞOV,"CAMINUL CULTURAL VOIVODENII MARI",454,VOILA,42307,1,PROV,PRCNCT,CD,CD_SV,"2021-01-21 12:30:02",399,350,49,0,142,93,49,0,400,258,141,1,0,24,0,45,6,46,4,0,2,1,2,10,0,0,0,0,0,0,0,0,0,1,0,0,0,0,0,0,0,0,0,0,0
8,BRAŞOV,"CAMINUL CULTURAL VULCAN",455,VULCAN,42398,1,PROV,PRCNCT,CD,CD_SV,"2021-01-21 12:30:02",1743,1691,50,2,575,523,50,2,1800,1225,565,6,4,52,1,183,8,170,63,1,3,3,1,58,1,1,3,0,0,1,0,0,0,3,0,0,1,0,1,0,0,5,0,0,6
8,BRAŞOV,"CAMINUL CULTURAL VULCAN",456,VULCAN,42398,1,PROV,PRCNCT,CD,CD_SV,"2021-01-21 12:30:02",1658,1640,18,0,477,459,18,0,1800,1323,467,6,4,65,4,141,28,95,40,3,5,0,2,58,3,1,2,0,0,0,0,0,0,0,0,0,1,1,0,0,0,12,0,1,5
8,BRAŞOV,"CAMINUL CULTURAL 1 MAI",457,VULCAN,42398,1,PROV,PRCNCT,CD,CD_SV,"2021-01-21 12:30:02",721,688,32,1,200,167,32,1,800,600,192,6,2,14,3,33,20,32,16,0,5,3,1,44,1,0,4,5,0,0,0,0,0,2,0,0,2,0,0,0,0,0,0,1,6
