precinct_county_nce,precinct_county_name,precinct_name,precinct_nr,uat_name,uat_siruta,report_version,report_stage_code,report_type_scope_code,report_type_category_code,report_type_code,created_at,a,a1,a2,a3,b,b1,b2,b3,c,d,e,f,g,"PARTIDUL MIȘCAREA POPULARĂ-voturi","PARTIDUL NAȚIONAL LIBERAL-voturi","PARTIDUL PRO ROMÂNIA-voturi","PARTIDUL SOCIAL DEMOCRAT-voturi","ALIANȚA USR PLUS-voturi","UNIUNEA DEMOCRATĂ MAGHIARĂ DIN ROMÂNIA-voturi","PARTIDUL NOUA ROMÂNIE-voturi","PARTIDUL PUTERII UMANISTE (SOCIAL-LIBERAL)-voturi","ALIANȚA RENAȘTEREA NAȚIONALĂ-voturi","PARTIDUL ROMÂNIA MARE-voturi","PARTIDUL ECOLOGIST ROMÂN-voturi"
31,PRAHOVA,"PALATUL CULTURII",1,"MUNICIPIUL PLOIEŞTI",130534,1,PROV,PRCNCT,S,S_SV,"2021-01-21 12:30:02",1242,1230,12,0,450,438,12,0,1400,950,447,2,1,34,126,14,139,109,0,1,1,5,7,11
31,PRAHOVA,"PALATUL CULTURII",2,"MUNICIPIUL PLOIEŞTI",130534,1,PROV,PRCNCT,S,S_SV,"2021-01-21 12:30:02",888,864,23,1,287,263,23,1,1000,713,283,4,0,17,91,11,66,77,1,2,2,5,3,8
31,PRAHOVA,"PALATUL CULTURII",3,"MUNICIPIUL PLOIEŞTI",130534,1,PROV,PRCNCT,S,S_SV,"2021-01-21 12:30:02",1089,1049,36,4,431,392,35,4,1200,769,419,12,0,24,137,12,99,121,1,1,4,6,2,12
31,PRAHOVA,"COLEGIUL NAŢIONAL ”ALEXANDRU IOAN CUZA”",4,"MUNICIPIUL PLOIEŞTI",130534,1,PROV,PRCNCT,S,S_SV,"2021-01-21 12:30:02",1083,1057,26,0,420,394,26,0,1200,780,413,6,1,23,132,13,89,126,0,1,6,5,6,12
31,PRAHOVA,"ŞCOALA GIMNAZIALĂ ”ELENA DOAMNA”",5,"MUNICIPIUL PLOIEŞTI",130534,1,PROV,PRCNCT,S,S_SV,"2021-01-21 12:30:02",1332,1314,16,2,503,485,16,2,1500,997,492,11,0,34,170,18,115,117,1,3,9,3,8,14
31,PRAHOVA,"ŞCOALA GIMNAZIALĂ ”ELENA DOAMNA”",6,"MUNICIPIUL PLOIEŞTI",130534,1,PROV,PRCNCT,S,S_SV,"2021-01-21 12:30:02",1257,1240,17,0,460,443,17,0,1400,940,455,5,0,25,151,20,120,109,3,2,7,5,3,10
31,PRAHOVA,"ŞCOALA GIMNAZIALĂ ”CANDIANO POPESCU”",7,"MUNICIPIUL PLOIEŞTI",130534,1,PROV,PRCNCT,S,S_SV,"2021-01-21 12:30:02",1312,1276,19,17,466,430,19,17,1400,934,451,11,4,27,180,13,111,93,0,5,9,2,4,7
31,PRAHOVA,"ŞCOALA GIMNAZIALĂ ”CANDIANO POPESCU”",8,"MUNICIPIUL PLOIEŞTI",130534,1,PROV,PRCNCT,S,S_SV,"2021-01-21 12:30:02",1225,1201,12,12,264,240,12,12,1300,1036,254,7,3,18,81,7,65,47,2,3,5,8,8,10
31,PRAHOVA,"COLEGIUL NAŢIONAL ”ION LUCA CARAGIALE”",9,"MUNICIPIUL PLOIEŞTI",130534,1,PROV,PRCNCT,S,S_SV,"2021-01-21 12:30:02",1487,1461,26,0,381,355,26,0,1600,1219,371,10,0,23,118,24,91,76,1,4,7,7,5,15
31,PRAHOVA,"COLEGIUL NAŢIONAL ”ION LUCA CARAGIALE”",10,"MUNICIPIUL PLOIEŞTI",130534,2,PART,PRCNCT,S,S_SV,"2021-01-21 12:30:02",1175,1148,26,1,400,373,26,1,1300,900,390,10,0,19,101,18,108,105,3,2,4,5,7,18
31,PRAHOVA,"DIRECŢIA JUDEŢEANĂ PENTRU SPORT ŞI TINERET PRAHOVA",11,"MUNICIPIUL PLOIEŞTI",130534,1,PROV,PRCNCT,S,S_SV,"2021-01-21 12:30:02",1201,1191,10,0,324,314,10,0,1300,976,315,9,0,16,81,11,106,76,1,3,5,4,4,8
31,PRAHOVA,"DIRECŢIA JUDEŢEANĂ PENTRU SPORT ŞI TINERET PRAHOVA",12,"MUNICIPIUL PLOIEŞTI",130534,1,PROV,PRCNCT,S,S_SV,"2021-01-21 12:30:02",1334,1307,19,8,438,417,13,8,1500,1062,423,9,6,16,137,18,105,108,0,4,9,6,3,17
31,PRAHOVA,"LICEUL TEHNOLOGIC UCECOM ”SPIRU HARET” (FOST GRUPUL SCOLAR DE ARTE SI MESERII ”SPIRU HARET”)",13,"MUNICIPIUL PLOIEŞTI",130534,1,PROV,PRCNCT,S,S_SV,"2021-01-21 12:30:02",1125,1108,15,2,357,340,15,2,1200,843,346,5,6,20,117,22,83,75,1,1,6,4,4,13
31,PRAHOVA,"ANEXA ŞCOLII GIMNAZIALE ”SFÂNTA VINERI”",14,"MUNICIPIUL PLOIEŞTI",130534,1,PROV,PRCNCT,S,S_SV,"2021-01-21 12:30:02",988,970,18,0,334,316,18,0,1100,766,324,10,0,20,85,7,121,65,5,1,5,4,5,6
31,PRAHOVA,"MUZEUL JUDEŢEAN DE ISTORIE ŞI ARHEOLOGIE PRAHOVA",15,"MUNICIPIUL PLOIEŞTI",130534,1,PROV,PRCNCT,S,S_SV,"2021-01-21 12:30:02",761,745,16,0,232,216,16,0,800,568,229,3,0,9,61,8,77,59,0,0,0,4,2,9
31,PRAHOVA,"COLEGIUL NAŢIONAL ”MIHAI VITEAZUL”",16,"MUNICIPIUL PLOIEŞTI",130534,1,PROV,PRCNCT,S,S_SV,"2021-01-21 12:30:02",694,678,16,0,258,242,16,0,798,540,253,5,0,20,81,4,55,73,0,2,3,5,6,4
31,PRAHOVA,"CLUBUL SPORTIV ŞCOLAR",17,"MUNICIPIUL PLOIEŞTI",130534,1,PROV,PRCNCT,S,S_SV,"2021-01-21 12:30:02",886,867,19,0,335,316,19,0,1000,665,327,6,2,22,122,24,57,80,1,1,5,4,4,7
31,PRAHOVA,"S.C. ”ELECTRICA” S.A.",18,"MUNICIPIUL PLOIEŞTI",130534,1,PROV,PRCNCT,S,S_SV,"2021-01-21 12:30:02",1127,1111,14,2,360,344,14,2,1200,840,347,8,5,21,104,17,78,98,3,1,1,12,5,7
31,PRAHOVA,"GRĂDINIŢA CU PROGRAM PRELUNGIT NR. 28 (GRADINITA NR. 28)",19,"MUNICIPIUL PLOIEŞTI",130534,1,PROV,PRCNCT,S,S_SV,"2021-01-21 12:30:02",988,968,18,2,338,318,18,2,1100,762,332,5,1,21,95,13,80,98,3,3,8,3,3,5
31,PRAHOVA,"OCOLUL SILVIC",20,"MUNICIPIUL PLOIEŞTI",130534,1,PROV,PRCNCT,S,S_SV,"2021-01-21 12:30:02",1381,1364,13,4,472,455,13,4,1500,1028,466,5,1,34,126,22,106,140,1,4,9,1,4,19
31,PRAHOVA,"ȘCOALA GIMNAZIALĂ ”FLORIN COMIȘEL”",21,"MUNICIPIUL PLOIEŞTI",130534,1,PROV,PRCNCT,S,S_SV,"2021-01-21 12:30:02",1548,1536,12,0,401,389,12,0,1700,1299,389,4,8,30,97,12,113,101,2,2,6,11,2,13
31,PRAHOVA,"ŞCOALA GIMNAZIALĂ ”FLORIN COMIŞEL”",22,"MUNICIPIUL PLOIEŞTI",130534,1,PROV,PRCNCT,S,S_SV,"2021-01-21 12:30:02",1407,1387,14,6,432,412,14,6,1500,1068,421,8,3,28,133,14,113,103,0,0,4,4,8,14
31,PRAHOVA,"ŞCOALA GIMNAZIALĂ ”NICOLAE TITULESCU”",23,"MUNICIPIUL PLOIEŞTI",130534,1,PROV,PRCNCT,S,S_SV,"2021-01-21 12:30:02",1277,1263,12,2,507,493,12,2,1400,893,494,11,2,36,164,26,122,106,0,2,8,6,4,20
31,PRAHOVA,"ŞCOALA GIMNAZIALĂ ”NICOLAE TITULESCU”",24,"MUNICIPIUL PLOIEŞTI",130534,1,PROV,PRCNCT,S,S_SV,"2021-01-21 12:30:02",1390,1377,13,0,488,475,13,0,1500,1012,479,9,0,27,119,26,109,152,3,4,5,6,5,23
31,PRAHOVA,"ANEXA LICEULUI TEHNOLOGIC DE TRANSPORTURI (ANEXA GRUP SCOLAR INDUSTRIAL TRANSPORTURI (FOST LICEUL AUTO))",25,"MUNICIPIUL PLOIEŞTI",130534,1,PROV,PRCNCT,S,S_SV,"2021-01-21 12:30:02",1631,1615,16,0,504,488,16,0,1800,1296,502,2,0,26,124,24,131,140,3,3,6,6,9,30
31,PRAHOVA,"ŞCOALA GIMNAZIALĂ ”SFÂNTUL VASILE”",26,"MUNICIPIUL PLOIEŞTI",130534,1,PROV,PRCNCT,S,S_SV,"2021-01-21 12:30:02",1481,1448,33,0,550,517,33,0,1596,1046,545,4,1,43,173,23,127,152,0,4,4,5,1,13
31,PRAHOVA,"ŞCOALA GIMNAZIALĂ ”SFÂNTUL VASILE”",27,"MUNICIPIUL PLOIEŞTI",130534,1,PROV,PRCNCT,S,S_SV,"2021-01-21 12:30:02",1335,1310,24,1,523,498,24,1,1499,976,516,5,2,24,176,24,109,153,0,4,11,8,2,5
31,PRAHOVA,"ŞCOALA GIMNAZIALĂ ”SFÂNTUL VASILE”",28,"MUNICIPIUL PLOIEŞTI",130534,1,PROV,PRCNCT,S,S_SV,"2021-01-21 12:30:02",1295,1270,25,0,454,429,25,0,1400,946,448,6,0,28,161,12,99,114,1,2,6,8,2,15
31,PRAHOVA,"ŞCOALA GIMNAZIALĂ ”SFÂNTUL VASILE”",29,"MUNICIPIUL PLOIEŞTI",130534,1,PROV,PRCNCT,S,S_SV,"2021-01-21 12:30:02",1250,1235,15,0,441,426,15,0,1400,959,432,9,0,24,122,10,113,127,1,1,3,6,3,22
31,PRAHOVA,"ŞCOALA GIMNAZIALĂ NR. 13 (FOSTA ŞCOALĂ GIMNAZIALĂ ”DIMITRIE BOLINTINEANU”)",30,"MUNICIPIUL PLOIEŞTI",130534,1,PROV,PRCNCT,S,S_SV,"2021-01-21 12:30:02",1128,1111,14,3,415,399,13,3,1200,785,408,6,1,30,110,14,110,92,2,2,6,14,4,24
31,PRAHOVA,"ŞCOALA GIMNAZIALĂ NR. 13 (FOSTA ŞCOALĂ GIMNAZIALĂ ”DIMITRIE BOLINTINEANU”)",31,"MUNICIPIUL PLOIEŞTI",130534,1,PROV,PRCNCT,S,S_SV,"2021-01-21 12:30:02",1020,1009,11,0,330,319,11,0,1100,770,323,6,1,16,90,15,81,100,0,2,7,3,4,5
31,PRAHOVA,"S.C. TRANSPORT CĂLĂTORI EXPRESS S.A.",32,"MUNICIPIUL PLOIEŞTI",130534,1,PROV,PRCNCT,S,S_SV,"2021-01-21 12:30:02",1645,1627,18,0,368,350,18,0,1800,1432,344,15,9,17,163,21,93,20,6,5,3,7,4,5
31,PRAHOVA,"S.C. TRANSPORT CĂLĂTORI EXPRESS S.A.",33,"MUNICIPIUL PLOIEŞTI",130534,1,PROV,PRCNCT,S,S_SV,"2021-01-21 12:30:02",1179,1166,13,0,331,319,12,0,1300,969,320,9,2,11,112,12,103,62,1,0,0,2,6,11
31,PRAHOVA,"S.C. TRANSPORT CĂLĂTORI EXPRESS S.A.",34,"MUNICIPIUL PLOIEŞTI",130534,1,PROV,PRCNCT,S,S_SV,"2021-01-21 12:30:02",1056,1035,16,5,310,289,16,5,1200,890,304,3,3,23,94,17,87,67,1,1,0,4,4,6
31,PRAHOVA,"ȘCOALA GIMNAZIALĂ ”CANDIANO POPESCU” PLOIEȘTI",35,"MUNICIPIUL PLOIEŞTI",130534,2,PART,PRCNCT,S,S_SV,"2021-01-21 12:30:02",1580,1566,14,0,433,419,14,0,1700,1267,426,6,1,36,123,28,122,80,0,3,6,14,5,9
31,PRAHOVA,"ŞCOALA GIMNAZIALĂ ”ANTON PANN”",36,"MUNICIPIUL PLOIEŞTI",130534,1,PROV,PRCNCT,S,S_SV,"2021-01-21 12:30:02",1255,1240,14,1,289,274,14,1,1400,1111,278,9,2,20,83,23,71,41,2,2,7,7,12,10
31,PRAHOVA,"ŞCOALA GIMNAZIALĂ ”ANTON PANN”",37,"MUNICIPIUL PLOIEŞTI",130534,2,PART,PRCNCT,S,S_SV,"2021-01-21 12:30:02",1425,1412,13,0,344,331,13,0,1600,1256,320,16,8,11,85,13,101,70,2,9,4,9,6,10
31,PRAHOVA,"ŞCOALA GIMNAZIALĂ ”ANTON PANN”",38,"MUNICIPIUL PLOIEŞTI",130534,1,PROV,PRCNCT,S,S_SV,"2021-01-21 12:30:02",803,788,13,2,185,170,13,2,900,715,166,2,17,9,48,6,48,29,1,5,3,4,4,9
31,PRAHOVA,"ȘCOALA GIMNAZIALĂ ”ANTON PANN”",39,"MUNICIPIUL PLOIEŞTI",130534,1,PROV,PRCNCT,S,S_SV,"2021-01-21 12:30:02",1512,1503,9,0,384,375,9,0,1700,1316,366,10,8,25,125,17,85,76,2,4,6,4,4,18
31,PRAHOVA,"BLOCUL 24B PARTER",40,"MUNICIPIUL PLOIEŞTI",130534,1,PROV,PRCNCT,S,S_SV,"2021-01-21 12:30:02",1341,1325,16,0,414,398,16,0,1500,1086,404,8,2,20,126,14,117,80,2,6,8,5,9,17
31,PRAHOVA,"CANTINA DE AJUTOR SOCIAL",41,"MUNICIPIUL PLOIEŞTI",130534,1,PROV,PRCNCT,S,S_SV,"2021-01-21 12:30:02",1447,1434,10,3,373,360,10,3,1600,1227,365,6,2,16,103,26,134,51,0,3,5,3,8,16
31,PRAHOVA,"CANTINA DE AJUTOR SOCIAL",42,"MUNICIPIUL PLOIEŞTI",130534,1,PROV,PRCNCT,S,S_SV,"2021-01-21 12:30:02",1472,1465,2,5,415,408,2,5,1600,1185,400,15,0,24,108,34,109,85,0,4,10,6,6,14
31,PRAHOVA,"CANTINA DE AJUTOR SOCIAL",43,"MUNICIPIUL PLOIEŞTI",130534,1,PROV,PRCNCT,S,S_SV,"2021-01-21 12:30:02",1278,1267,8,3,393,382,8,3,1400,1007,387,6,0,26,123,18,96,96,0,3,6,3,7,9
31,PRAHOVA,"CENTRUL SOCIAL FILANTROPIC ”SFINȚII APOSTOLI PETRU ȘI PAVEL” - PAROHIA SFINȚII APOSTOLI",44,"MUNICIPIUL PLOIEŞTI",130534,1,PROV,PRCNCT,S,S_SV,"2021-01-21 12:30:02",1434,1415,19,0,387,368,19,0,1600,1213,374,11,2,23,103,16,136,68,1,2,5,3,6,11
31,PRAHOVA,"LICEUL TEHNOLOGIC ”ANGHEL SALIGNY”",45,"MUNICIPIUL PLOIEŞTI",130534,1,PROV,PRCNCT,S,S_SV,"2021-01-21 12:30:02",1169,1146,23,0,268,245,23,0,1300,1032,259,7,2,21,83,10,75,46,2,3,2,7,4,6
31,PRAHOVA,"GRĂDINIŢA CU PROGRAM NORMAL NR. 4 (FOSTA GRADINITA DE COPII NR. 4)",46,"MUNICIPIUL PLOIEŞTI",130534,1,PROV,PRCNCT,S,S_SV,"2021-01-21 12:30:02",858,809,18,31,323,274,18,31,900,577,317,2,4,23,93,24,71,82,1,3,8,4,3,5
31,PRAHOVA,"ŞCOALA GIMNAZIALĂ ”IOAN GRIGORESCU”",47,"MUNICIPIUL PLOIEŞTI",130534,1,PROV,PRCNCT,S,S_SV,"2021-01-21 12:30:02",1202,1191,11,0,339,328,11,0,1300,961,319,17,3,12,110,17,67,79,1,2,8,7,5,11
31,PRAHOVA,"ŞCOALA GIMNAZIALĂ ”IOAN GRIGORESCU”",48,"MUNICIPIUL PLOIEŞTI",130534,1,PROV,PRCNCT,S,S_SV,"2021-01-21 12:30:02",1128,1110,18,0,270,252,18,0,1200,930,267,2,1,18,104,15,61,52,0,2,1,3,4,7
31,PRAHOVA,"ŞCOALA GIMNAZIALĂ ”IOAN GRIGORESCU”",49,"MUNICIPIUL PLOIEŞTI",130534,1,PROV,PRCNCT,S,S_SV,"2021-01-21 12:30:02",1266,1257,6,3,366,357,6,3,1400,1034,355,9,2,22,114,23,71,83,2,4,4,7,8,17
31,PRAHOVA,"ŞCOALA GIMNAZIALĂ ”RAREŞ VODĂ”",50,"MUNICIPIUL PLOIEŞTI",130534,1,PROV,PRCNCT,S,S_SV,"2021-01-21 12:30:02",1007,993,14,0,387,373,14,0,1100,713,384,2,1,25,149,15,77,82,0,0,6,7,3,20
31,PRAHOVA,"CASA CORPULUI DIDACTIC",51,"MUNICIPIUL PLOIEŞTI",130534,1,PROV,PRCNCT,S,S_SV,"2021-01-21 12:30:02",1126,1108,16,2,395,377,16,2,1200,805,385,9,1,15,142,16,89,66,3,0,3,29,6,16
31,PRAHOVA,"CASA CORPULUI DIDACTIC",52,"MUNICIPIUL PLOIEŞTI",130534,1,PROV,PRCNCT,S,S_SV,"2021-01-21 12:30:02",859,849,9,1,314,304,9,1,900,586,302,10,2,16,73,25,84,73,0,4,5,12,1,9
31,PRAHOVA,"COLEGIUL NAȚIONAL PEDAGOGIC ”REGINA MARIA” (FOST COLEGIUL NAȚIONAL ”JEAN MONNET”)”",53,"MUNICIPIUL PLOIEŞTI",130534,1,PROV,PRCNCT,S,S_SV,"2021-01-21 12:30:02",1161,1133,24,4,424,396,24,4,1300,876,419,5,0,28,132,24,86,123,1,2,1,4,4,14
31,PRAHOVA,"LICEUL TEHNOLOGIC ADMINISTRATIV ŞI DE SERVICII ”VICTOR SLĂVESCU” ( FOSTA SCOALA NR. 32)",54,"MUNICIPIUL PLOIEŞTI",130534,1,PROV,PRCNCT,S,S_SV,"2021-01-21 12:30:02",1180,1152,27,1,396,368,27,1,1300,904,390,3,3,26,138,13,83,100,1,3,3,5,4,14
31,PRAHOVA,"LICEUL TEHNOLOGIC ADMINISTRATIV ŞI DE SERVICII ”VICTOR SLĂVESCU” ( FOSTA SCOALA NR. 32)",55,"MUNICIPIUL PLOIEŞTI",130534,1,PROV,PRCNCT,S,S_SV,"2021-01-21 12:30:02",1161,1128,30,3,380,347,30,3,1200,820,365,14,1,15,103,33,97,73,2,6,9,7,4,16
31,PRAHOVA,"ŞCOALA GIMNAZIALĂ ”GEORGE COŞBUC”",56,"MUNICIPIUL PLOIEŞTI",130534,1,PROV,PRCNCT,S,S_SV,"2021-01-21 12:30:02",1254,1232,22,0,404,382,22,0,1400,996,393,8,3,14,111,23,132,87,1,2,6,3,6,8
31,PRAHOVA,"ŞCOALA GIMNAZIALĂ ”GEORGE COŞBUC”",57,"MUNICIPIUL PLOIEŞTI",130534,1,PROV,PRCNCT,S,S_SV,"2021-01-21 12:30:02",1293,1279,12,2,384,370,12,2,1400,1016,376,8,0,22,138,13,85,93,0,5,2,1,5,12
31,PRAHOVA,"ŞCOALA GIMNAZIALĂ SPECIALĂ NR. 1",58,"MUNICIPIUL PLOIEŞTI",130534,1,PROV,PRCNCT,S,S_SV,"2021-01-21 12:30:02",1179,1164,15,0,244,229,15,0,1300,1056,232,10,2,10,70,8,61,52,0,2,1,7,9,12
31,PRAHOVA,"ŞCOALA GIMNAZIALĂ SPECIALĂ NR. 1",59,"MUNICIPIUL PLOIEŞTI",130534,1,PROV,PRCNCT,S,S_SV,"2021-01-21 12:30:02",818,808,10,0,193,183,10,0,900,707,189,3,1,12,57,11,66,23,1,2,5,6,3,3
31,PRAHOVA,"LICEUL TEHNOLOGIC ”1 MAI”",60,"MUNICIPIUL PLOIEŞTI",130534,1,PROV,PRCNCT,S,S_SV,"2021-01-21 12:30:02",1507,1482,25,0,438,413,25,0,1600,1162,430,6,2,27,112,31,115,112,2,3,6,5,3,14
31,PRAHOVA,"LICEUL TEHNOLOGIC ”1 MAI”",61,"MUNICIPIUL PLOIEŞTI",130534,1,PROV,PRCNCT,S,S_SV,"2021-01-21 12:30:02",1734,1715,17,2,433,414,17,2,1900,1467,424,6,3,28,117,12,153,63,4,4,4,13,5,21
31,PRAHOVA,"LICEUL TEHNOLOGIC ”LAZĂR EDELEANU” (FOST COLEGIUL TEHNIC ”LAZĂR EDELEANU”, FOST LICEUL DE CHIMIE)",62,"MUNICIPIUL PLOIEŞTI",130534,1,PROV,PRCNCT,S,S_SV,"2021-01-21 12:30:02",1274,1249,21,4,438,413,21,4,1400,962,430,7,1,33,107,17,111,129,0,5,5,5,4,14
31,PRAHOVA,"LICEUL TEHNOLOGIC ”LAZĂR EDELEANU” (FOST COLEGIUL TEHNIC ”LAZĂR EDELEANU”, FOST LICEUL DE CHIMIE)",63,"MUNICIPIUL PLOIEŞTI",130534,1,PROV,PRCNCT,S,S_SV,"2021-01-21 12:30:02",1635,1623,12,0,431,419,12,0,1800,1369,418,7,6,14,114,22,120,110,3,3,6,10,3,13
31,PRAHOVA,"ŞCOALA GIMNAZIALĂ ”MIHAI EMINESCU”",64,"MUNICIPIUL PLOIEŞTI",130534,1,PROV,PRCNCT,S,S_SV,"2021-01-21 12:30:02",1261,1235,24,2,403,377,24,2,1400,997,394,9,0,18,108,28,110,106,0,4,6,3,1,10
31,PRAHOVA,"ŞCOALA GIMNAZIALĂ ”MIHAI EMINESCU”",65,"MUNICIPIUL PLOIEŞTI",130534,1,PROV,PRCNCT,S,S_SV,"2021-01-21 12:30:02",1356,1332,24,0,419,395,24,0,1500,1081,405,13,1,27,92,24,105,114,1,7,10,3,9,13
31,PRAHOVA,"ŞCOALA NR. 19",66,"MUNICIPIUL PLOIEŞTI",130534,1,PROV,PRCNCT,S,S_SV,"2021-01-21 12:30:02",1383,1367,16,0,521,505,16,0,1500,979,474,28,19,18,273,16,63,43,10,7,14,6,8,16
31,PRAHOVA,"ŞCOALA GIMNAZIALĂ ”RADU STANIAN”",67,"MUNICIPIUL PLOIEŞTI",130534,1,PROV,PRCNCT,S,S_SV,"2021-01-21 12:30:02",1042,1024,16,2,340,322,16,2,1100,760,330,7,3,6,94,16,106,77,0,2,11,10,3,5
31,PRAHOVA,"COLEGIUL DE ARTĂ ”CARMEN SYLVA”",68,"MUNICIPIUL PLOIEŞTI",130534,1,PROV,PRCNCT,S,S_SV,"2021-01-21 12:30:02",923,907,13,3,309,293,13,3,1000,691,306,3,0,28,109,11,52,86,0,1,5,3,2,9
31,PRAHOVA,"COLEGIUL DE ARTĂ ”CARMEN SYLVA”",69,"MUNICIPIUL PLOIEŞTI",130534,1,PROV,PRCNCT,S,S_SV,"2021-01-21 12:30:02",820,802,16,2,310,292,16,2,900,590,303,6,1,18,93,24,55,87,0,0,6,3,6,11
31,PRAHOVA,"S.C.APA NOVA S.R.L.",70,"MUNICIPIUL PLOIEŞTI",130534,1,PROV,PRCNCT,S,S_SV,"2021-01-21 12:30:02",1088,1022,20,46,444,384,20,40,1200,756,437,5,2,24,138,23,95,120,4,3,7,5,7,11
31,PRAHOVA,"S.C.APA NOVA S.R.L.",71,"MUNICIPIUL PLOIEŞTI",130534,1,PROV,PRCNCT,S,S_SV,"2021-01-21 12:30:02",917,858,13,46,246,187,13,46,896,650,236,8,2,22,45,9,104,27,3,1,3,3,7,12
31,PRAHOVA,"COLEGIUL ”SPIRU HARET”(FOST LICEUL DE CONSTRUCTII MASINI)",72,"MUNICIPIUL PLOIEŞTI",130534,1,PROV,PRCNCT,S,S_SV,"2021-01-21 12:30:02",935,906,27,2,309,280,27,2,1200,891,296,11,2,23,78,23,89,57,1,0,5,8,5,7
31,PRAHOVA,"PALATUL COPIILOR (FOSTA SCOALA NR. 20)",73,"MUNICIPIUL PLOIEŞTI",130534,1,PROV,PRCNCT,S,S_SV,"2021-01-21 12:30:02",1764,1740,22,2,651,627,22,2,1900,1249,642,7,2,42,147,31,152,231,0,0,7,9,9,14
31,PRAHOVA,"PALATUL COPIILOR (FOSTA SCOALA NR. 20)",74,"MUNICIPIUL PLOIEŞTI",130534,1,PROV,PRCNCT,S,S_SV,"2021-01-21 12:30:02",1272,1251,21,0,413,392,21,0,1400,987,401,11,1,17,117,20,111,104,0,3,4,9,7,9
31,PRAHOVA,"PALATUL COPIILOR (FOSTA SCOALA NR. 20)",75,"MUNICIPIUL PLOIEŞTI",130534,1,PROV,PRCNCT,S,S_SV,"2021-01-21 12:30:02",1394,1389,5,0,461,456,5,0,1500,1039,451,9,1,20,122,24,119,132,0,2,5,5,5,17
31,PRAHOVA,"PALATUL COPIILOR (FOSTA SCOALA NR. 20)",76,"MUNICIPIUL PLOIEŞTI",130534,1,PROV,PRCNCT,S,S_SV,"2021-01-21 12:30:02",810,802,8,0,234,226,8,0,900,666,228,5,1,5,61,12,63,62,3,3,3,2,3,11
31,PRAHOVA,"PALATUL COPIILOR (FOSTA SCOALA NR. 20)",77,"MUNICIPIUL PLOIEŞTI",130534,1,PROV,PRCNCT,S,S_SV,"2021-01-21 12:30:02",949,940,9,0,322,313,9,0,1000,678,315,6,1,18,81,22,76,89,2,0,3,3,5,16
31,PRAHOVA,"ŞCOALA GIMNAZIALĂ ”I. A. BASSARABESCU” (ŞCOALA GIMNAZIALĂ I. A. BASARABESCU)",78,"MUNICIPIUL PLOIEŞTI",130534,1,PROV,PRCNCT,S,S_SV,"2021-01-21 12:30:02",1563,1520,41,2,516,473,41,2,1700,1184,507,9,0,25,141,28,141,124,0,2,13,8,7,18
31,PRAHOVA,"ŞCOALA GIMNAZIALĂ ”I. A. BASSARABESCU” (ŞCOALA GIMNAZIALĂ I. A. BASARABESCU)",79,"MUNICIPIUL PLOIEŞTI",130534,1,PROV,PRCNCT,S,S_SV,"2021-01-21 12:30:02",1395,1381,14,0,469,455,14,0,1500,1031,464,5,0,35,151,16,110,109,2,1,2,13,6,19
31,PRAHOVA,"ŞCOALA GIMNAZIALĂ ”I. A. BASSARABESCU” (ŞCOALA GIMNAZIALĂ I. A. BASARABESCU)",80,"MUNICIPIUL PLOIEŞTI",130534,1,PROV,PRCNCT,S,S_SV,"2021-01-21 12:30:02",2018,2005,12,1,651,638,12,1,2200,1549,638,11,2,38,169,33,155,190,1,6,9,10,5,22
31,PRAHOVA,"ŞCOALA GIMNAZIALĂ ”I. A. BASSARABESCU” (ŞCOALA GIMNAZIALĂ I. A. BASARABESCU)",81,"MUNICIPIUL PLOIEŞTI",130534,1,PROV,PRCNCT,S,S_SV,"2021-01-21 12:30:02",1499,1447,12,40,461,411,12,38,1600,1139,454,6,1,28,113,21,156,102,0,4,7,7,6,10
31,PRAHOVA,"DIRECŢIA GENERALĂ DE ASISTENŢĂ SOCIALĂ ŞI PROTECŢIA COPILULUI PRAHOVA",82,"MUNICIPIUL PLOIEŞTI",130534,1,PROV,PRCNCT,S,S_SV,"2021-01-21 12:30:02",1326,1310,16,0,382,366,16,0,1400,1018,364,13,5,18,111,27,102,68,2,2,10,5,6,13
31,PRAHOVA,"DIRECŢIA GENERALĂ DE ASISTENŢĂ SOCIALĂ ŞI PROTECŢIA COPILULUI PRAHOVA",83,"MUNICIPIUL PLOIEŞTI",130534,1,PROV,PRCNCT,S,S_SV,"2021-01-21 12:30:02",1333,1310,23,0,451,428,23,0,1400,949,442,5,4,13,154,19,142,74,3,7,10,4,3,13
31,PRAHOVA,"ŞCOALA GIMNAZIALĂ ”GEORGE EMIL PALADE”",84,"MUNICIPIUL PLOIEŞTI",130534,1,PROV,PRCNCT,S,S_SV,"2021-01-21 12:30:02",1308,1292,16,0,417,401,16,0,1400,983,412,5,0,18,106,27,127,101,0,2,10,0,5,16
31,PRAHOVA,"ŞCOALA GIMNAZIALĂ ”GEORGE EMIL PALADE”",85,"MUNICIPIUL PLOIEŞTI",130534,1,PROV,PRCNCT,S,S_SV,"2021-01-21 12:30:02",1308,1281,10,17,356,333,10,13,1400,1044,340,11,5,14,101,25,88,68,0,5,4,15,4,16
31,PRAHOVA,"ŞCOALA GIMNAZIALĂ ”GEORGE EMIL PALADE”",86,"MUNICIPIUL PLOIEŞTI",130534,1,PROV,PRCNCT,S,S_SV,"2021-01-21 12:30:02",1344,1334,10,0,347,337,10,0,1500,1153,336,8,3,16,101,22,88,75,1,3,3,14,2,11
31,PRAHOVA,"ŞCOALA GIMNAZIALĂ ”GEORGE EMIL PALADE”",87,"MUNICIPIUL PLOIEŞTI",130534,1,PROV,PRCNCT,S,S_SV,"2021-01-21 12:30:02",1194,1192,2,0,338,336,2,0,1300,962,328,8,2,19,91,19,103,68,0,2,6,2,6,12
31,PRAHOVA,"GRĂDINIŢA CU PROGRAM NORMAL NR. 50 (FOSTA GRĂDINIŢĂ NR. 50)",88,"MUNICIPIUL PLOIEŞTI",130534,1,PROV,PRCNCT,S,S_SV,"2021-01-21 12:30:02",1086,1071,15,0,365,350,15,0,1200,835,354,9,2,13,102,27,88,86,0,5,8,6,6,13
31,PRAHOVA,"GRĂDINIŢA CU PROGRAM NORMAL NR. 50 (FOSTA GRĂDINIŢĂ NR. 50)",89,"MUNICIPIUL PLOIEŞTI",130534,1,PROV,PRCNCT,S,S_SV,"2021-01-21 12:30:02",1214,1198,16,0,368,352,16,0,1300,932,359,8,1,26,97,26,100,88,0,3,3,4,1,11
31,PRAHOVA,"GRĂDINIŢA CU PROGRAM PRELUNGIT NR. 40 ( FOSTA GRĂDINIŢĂ NR. 40)",90,"MUNICIPIUL PLOIEŞTI",130534,1,PROV,PRCNCT,S,S_SV,"2021-01-21 12:30:02",1170,1152,18,0,309,291,18,0,1300,991,293,13,3,19,93,24,83,56,1,2,2,3,1,9
31,PRAHOVA,"GRĂDINIŢA CU PROGRAM PRELUNGIT NR. 40 ( FOSTA GRĂDINIŢĂ NR. 40)",91,"MUNICIPIUL PLOIEŞTI",130534,1,PROV,PRCNCT,S,S_SV,"2021-01-21 12:30:02",915,909,6,0,268,262,6,0,1000,732,261,7,0,11,64,16,73,63,1,2,4,4,6,17
31,PRAHOVA,"GRĂDINIŢA CU PROGRAM PRELUNGIT NR. 40 ( FOSTA GRĂDINIŢĂ NR. 40)",92,"MUNICIPIUL PLOIEŞTI",130534,1,PROV,PRCNCT,S,S_SV,"2021-01-21 12:30:02",1403,1395,8,0,410,402,8,0,1500,1090,403,7,0,30,122,17,125,85,0,2,4,4,2,12
31,PRAHOVA,"ŞCOALA GIMNAZIALĂ ”TOMA CARAGIU”",93,"MUNICIPIUL PLOIEŞTI",130534,1,PROV,PRCNCT,S,S_SV,"2021-01-21 12:30:02",1138,1122,16,0,317,301,16,0,1196,879,307,7,3,26,98,16,97,50,0,0,2,3,2,13
31,PRAHOVA,"ŞCOALA GIMNAZIALĂ ”TOMA CARAGIU”",94,"MUNICIPIUL PLOIEŞTI",130534,1,PROV,PRCNCT,S,S_SV,"2021-01-21 12:30:02",906,891,15,0,249,234,15,0,1003,754,242,6,1,12,56,11,68,71,0,3,4,0,3,14
31,PRAHOVA,"ŞCOALA GIMNAZIALĂ ”TOMA CARAGIU”",95,"MUNICIPIUL PLOIEŞTI",130534,1,PROV,PRCNCT,S,S_SV,"2021-01-21 12:30:02",1306,1296,10,0,358,348,10,0,1400,1042,351,5,2,14,100,22,82,88,1,5,9,3,7,20
31,PRAHOVA,"ŞCOALA GIMNAZIALĂ ”NICOLAE IORGA”",96,"MUNICIPIUL PLOIEŞTI",130534,1,PROV,PRCNCT,S,S_SV,"2021-01-21 12:30:02",1388,1364,24,0,370,346,24,0,1500,1130,359,10,1,16,103,19,94,83,0,3,3,5,3,30
31,PRAHOVA,"ŞCOALA GIMNAZIALĂ ”NICOLAE IORGA”",97,"MUNICIPIUL PLOIEŞTI",130534,1,PROV,PRCNCT,S,S_SV,"2021-01-21 12:30:02",1231,1218,13,0,374,361,13,0,1400,1026,363,8,3,18,102,21,105,93,2,3,3,1,4,11
31,PRAHOVA,"ŞCOALA GIMNAZIALĂ ”NICOLAE IORGA”",98,"MUNICIPIUL PLOIEŞTI",130534,1,PROV,PRCNCT,S,S_SV,"2021-01-21 12:30:02",1295,1289,6,0,298,292,6,0,1400,1102,292,4,2,18,70,11,90,70,1,4,6,5,1,16
31,PRAHOVA,"GRĂDINIŢA CU PROGRAM NORMAL NR. 39 (FOSTA GRĂDINIŢĂ NR. 39)",99,"MUNICIPIUL PLOIEŞTI",130534,1,PROV,PRCNCT,S,S_SV,"2021-01-21 12:30:02",855,841,14,0,253,239,14,0,900,647,244,7,2,9,91,12,47,58,1,3,9,1,5,8
31,PRAHOVA,"GRĂDINIŢA CU PROGRAM NORMAL NR. 39 (FOSTA GRĂDINIŢĂ NR. 39)",100,"MUNICIPIUL PLOIEŞTI",130534,1,PROV,PRCNCT,S,S_SV,"2021-01-21 12:30:02",848,839,9,0,244,235,9,0,900,656,240,3,1,12,63,15,79,56,0,2,1,2,3,7
31,PRAHOVA,"GRĂDINIŢA CU PROGRAM NORMAL NR. 39 (FOSTA GRĂDINIŢĂ NR. 39)",101,"MUNICIPIUL PLOIEŞTI",130534,1,PROV,PRCNCT,S,S_SV,"2021-01-21 12:30:02",1388,1377,11,0,331,320,11,0,1500,1169,325,6,0,14,82,23,114,64,0,1,7,6,3,11
31,PRAHOVA,"GRĂDINIŢA CU PROGRAM PRELUNGIT ”SF. MUCENIC MINA” (FOSTA GRĂDINIŢĂ NR. 36 ”SF. MUCENIC MINA”)",102,"MUNICIPIUL PLOIEŞTI",130534,1,PROV,PRCNCT,S,S_SV,"2021-01-21 12:30:02",1354,1331,22,1,388,365,22,1,1499,1111,373,12,3,29,93,20,100,80,2,6,6,8,9,20
31,PRAHOVA,"GRĂDINIŢA CU PROGRAM PRELUNGIT ”SF. MUCENIC MINA” (FOSTA GRĂDINIŢĂ NR. 36 ”SF. MUCENIC MINA”)",103,"MUNICIPIUL PLOIEŞTI",130534,2,PART,PRCNCT,S,S_SV,"2021-01-21 12:30:02",1471,1454,17,0,387,370,17,0,1600,1213,377,10,0,17,126,25,106,67,0,2,3,7,7,17
31,PRAHOVA,"GRĂDINIŢA CU PROGRAM PRELUNGIT ”SF. MUCENIC MINA” (FOSTA GRĂDINIŢĂ NR. 36 ”SF. MUCENIC MINA”)",104,"MUNICIPIUL PLOIEŞTI",130534,1,PROV,PRCNCT,S,S_SV,"2021-01-21 12:30:02",1125,1120,5,0,332,327,5,0,1200,868,325,5,2,8,103,15,109,68,4,2,3,2,3,8
31,PRAHOVA,"GRĂDINIŢA CU PROGRAM PRELUNGIT ”SF. MUCENIC MINA” (FOSTA GRĂDINIŢĂ NR. 36 ”SF. MUCENIC MINA”)",105,"MUNICIPIUL PLOIEŞTI",130534,1,PROV,PRCNCT,S,S_SV,"2021-01-21 12:30:02",1011,1002,9,0,223,214,9,0,1100,877,219,3,1,15,70,8,79,28,0,2,5,1,3,8
31,PRAHOVA,"GRĂDINIŢA CU PROGRAM PRELUNGIT NR. 47 (FOSTA GRĂDINIŢĂ NR. 47)",106,"MUNICIPIUL PLOIEŞTI",130534,1,PROV,PRCNCT,S,S_SV,"2021-01-21 12:30:02",959,940,19,0,327,308,19,0,1000,673,324,3,0,17,82,13,79,95,0,3,4,7,4,20
31,PRAHOVA,"GRĂDINIŢA CU PROGRAM PRELUNGIT NR. 47 (FOSTA GRĂDINIŢĂ NR. 47)",107,"MUNICIPIUL PLOIEŞTI",130534,1,PROV,PRCNCT,S,S_SV,"2021-01-21 12:30:02",826,809,17,0,291,274,17,0,900,609,286,4,1,6,72,24,84,74,1,1,5,2,3,14
31,PRAHOVA,"GRĂDINIŢA CU PROGRAM PRELUNGIT NR. 47 (FOSTA GRĂDINIŢĂ NR. 47)",108,"MUNICIPIUL PLOIEŞTI",130534,1,PROV,PRCNCT,S,S_SV,"2021-01-21 12:30:02",898,888,10,0,227,217,10,0,1000,773,222,4,1,17,61,13,55,46,1,2,5,4,6,12
31,PRAHOVA,"SISTEMUL DE GOSPODĂRIRE A APELOR PRAHOVA",109,"MUNICIPIUL PLOIEŞTI",130534,1,PROV,PRCNCT,S,S_SV,"2021-01-21 12:30:02",1099,1078,19,2,389,368,19,2,1200,811,378,10,1,17,113,29,80,113,0,1,6,4,4,11
31,PRAHOVA,"AGENŢIA PENTRU PROTECŢIA MEDIULUI PRAHOVA",110,"MUNICIPIUL PLOIEŞTI",130534,1,PROV,PRCNCT,S,S_SV,"2021-01-21 12:30:02",1167,1139,26,2,405,377,26,2,1300,895,397,7,1,14,106,28,122,94,1,2,9,4,6,11
31,PRAHOVA,"ȘCOALA GIMNAZIALĂ ”IENĂCHIȚĂ VĂCĂRESCU”",111,"MUNICIPIUL PLOIEŞTI",130534,1,PROV,PRCNCT,S,S_SV,"2021-01-21 12:30:02",1108,1095,11,2,317,304,11,2,1200,883,312,3,2,16,97,17,76,85,1,3,4,2,3,8
31,PRAHOVA,"ŞCOALA GIMNAZIALĂ ”IENĂCHIŢĂ VĂCĂRESCU”",112,"MUNICIPIUL PLOIEŞTI",130534,1,PROV,PRCNCT,S,S_SV,"2021-01-21 12:30:02",1429,1416,13,0,493,480,13,0,1600,1107,482,8,3,35,116,52,117,115,1,5,9,2,11,19
31,PRAHOVA,"ŞCOALA GIMNAZIALĂ ”IENĂCHIŢĂ VĂCĂRESCU”",113,"MUNICIPIUL PLOIEŞTI",130534,1,PROV,PRCNCT,S,S_SV,"2021-01-21 12:30:02",1425,1417,7,1,433,425,7,1,1600,1167,427,5,1,11,109,30,131,113,0,3,7,5,5,13
31,PRAHOVA,"ŞCOALA GIMNAZIALĂ ”IENĂCHIŢĂ VĂCĂRESCU”",114,"MUNICIPIUL PLOIEŞTI",130534,1,PROV,PRCNCT,S,S_SV,"2021-01-21 12:30:02",1295,1285,8,2,453,443,8,2,1400,947,444,7,2,24,138,25,108,109,2,1,8,4,3,22
31,PRAHOVA,"ŞCOALA GIMNAZIALĂ ”IENĂCHŢĂ VĂCĂRESCU”",115,"MUNICIPIUL PLOIEŞTI",130534,1,PROV,PRCNCT,S,S_SV,"2021-01-21 12:30:02",945,921,24,0,311,287,24,0,1000,689,305,4,2,14,71,18,90,84,0,3,8,3,0,14
31,PRAHOVA,"LICEUL TEHNOLOGIC ”TOMA N. SOCOLESCU” (FOST COLEGIUL TEHNIC ”TOMA N. SOCOLESCU”)",116,"MUNICIPIUL PLOIEŞTI",130534,1,PROV,PRCNCT,S,S_SV,"2021-01-21 12:30:02",1000,981,19,0,324,305,19,0,1100,776,318,5,1,14,69,18,107,82,0,3,6,3,3,13
31,PRAHOVA,"LICEUL TEHNOLOGIC ”TOMA N. SOCOLESCU” (FOST COLEGIUL TEHNIC ”TOMA N. SOCOLESCU”)",117,"MUNICIPIUL PLOIEŞTI",130534,1,PROV,PRCNCT,S,S_SV,"2021-01-21 12:30:02",716,704,12,0,247,235,12,0,800,553,246,1,0,21,58,16,55,72,2,0,2,2,5,13
31,PRAHOVA,"LICEUL TEHNOLOGIC ”ELIE RADU” (FOST COLEGIUL TEHNIC ”ELIE RADU”)",118,"MUNICIPIUL PLOIEŞTI",130534,1,PROV,PRCNCT,S,S_SV,"2021-01-21 12:30:02",1434,1413,19,2,416,395,19,2,1600,1184,408,6,2,19,107,23,136,89,2,3,6,4,7,12
31,PRAHOVA,"LICEUL TEHNOLOGIC ”ELIE RADU” (FOST COLEGIUL TEHNIC ”ELIE RADU”)",119,"MUNICIPIUL PLOIEŞTI",130534,1,PROV,PRCNCT,S,S_SV,"2021-01-21 12:30:02",1443,1427,14,2,393,377,14,2,1600,1207,378,12,3,30,105,16,118,85,2,1,1,2,4,14
31,PRAHOVA,"LICEUL TEHNOLOGIC ”ELIE RADU” (FOST COLEGIUL TEHNIC ”ELIE RADU”)",120,"MUNICIPIUL PLOIEŞTI",130534,1,PROV,PRCNCT,S,S_SV,"2021-01-21 12:30:02",869,851,16,2,265,247,16,2,900,635,258,6,1,17,63,11,67,77,0,1,7,2,3,10
31,PRAHOVA,"ŞCOALA GIMNAZIALĂ PROFESOR ”NICOLAE SIMACHE”",121,"MUNICIPIUL PLOIEŞTI",130534,1,PROV,PRCNCT,S,S_SV,"2021-01-21 12:30:02",1159,1140,19,0,352,333,19,0,1300,948,348,4,0,21,93,12,134,55,0,0,7,5,6,15
31,PRAHOVA,"ŞCOALA GIMNAZIALĂ PROFESOR ”NICOLAE SIMACHE”",122,"MUNICIPIUL PLOIEŞTI",130534,1,PROV,PRCNCT,S,S_SV,"2021-01-21 12:30:02",1406,1389,15,2,422,405,15,2,1500,1078,417,5,0,20,116,29,116,87,0,3,7,11,9,19
31,PRAHOVA,"ŞCOALA GIMNAZIALĂ PROFESOR ”NICOLAE SIMACHE”",123,"MUNICIPIUL PLOIEŞTI",130534,1,PROV,PRCNCT,S,S_SV,"2021-01-21 12:30:02",1245,1222,23,0,396,373,23,0,1400,1004,390,3,3,18,107,25,126,78,1,2,6,6,7,14
31,PRAHOVA,"ŞCOALA GIMNAZIALĂ ”NICOLAE BĂLCESCU”",124,"MUNICIPIUL PLOIEŞTI",130534,1,PROV,PRCNCT,S,S_SV,"2021-01-21 12:30:02",1413,1398,15,0,378,363,15,0,1500,1122,372,5,1,21,104,18,130,71,1,5,4,3,7,8
31,PRAHOVA,"ŞCOALA GIMNAZIALĂ ”NICOLAE BĂLCESCU”",125,"MUNICIPIUL PLOIEŞTI",130534,1,PROV,PRCNCT,S,S_SV,"2021-01-21 12:30:02",1414,1401,13,0,361,348,13,0,1600,1239,352,8,1,19,114,11,99,83,1,1,4,4,4,12
31,PRAHOVA,"ŞCOALA GIMNAZIALĂ ”NICOLAE BĂLCESCU”",126,"MUNICIPIUL PLOIEŞTI",130534,2,PART,PRCNCT,S,S_SV,"2021-01-21 12:30:02",1452,1443,9,0,360,351,9,0,1600,1240,354,5,1,19,91,21,131,59,0,6,8,4,2,13
31,PRAHOVA,"ŞCOALA GIMNAZIALĂ ”NICOLAE BĂLCESCU”",127,"MUNICIPIUL PLOIEŞTI",130534,1,PROV,PRCNCT,S,S_SV,"2021-01-21 12:30:02",1053,1042,11,0,327,316,11,0,1200,873,321,6,0,12,87,23,114,63,1,3,6,3,0,9
31,PRAHOVA,"GRĂDINIŢA CU PROGRAM NORMAL NR. 10 (FOSTA GRRĂDINIŢĂ DE COPII NR. 10)",128,"MUNICIPIUL PLOIEŞTI",130534,1,PROV,PRCNCT,S,S_SV,"2021-01-21 12:30:02",1308,1297,11,0,357,346,11,0,1400,1043,342,13,2,11,101,20,118,72,0,2,4,3,4,7
31,PRAHOVA,"GRĂDINIŢA CU PROGRAM NORMAL NR. 10 (FOSTA GRRĂDINIŢĂ DE COPII NR. 10)",129,"MUNICIPIUL PLOIEŞTI",130534,1,PROV,PRCNCT,S,S_SV,"2021-01-21 12:30:02",923,903,20,0,231,211,20,0,1000,769,219,12,0,12,56,15,53,55,0,1,4,2,6,15
31,PRAHOVA,"GRĂDINIŢA CU PROGRAM NORMAL NR. 10 (FOSTA GRRĂDINIŢĂ DE COPII NR. 10)",130,"MUNICIPIUL PLOIEŞTI",130534,1,PROV,PRCNCT,S,S_SV,"2021-01-21 12:30:02",1059,1051,8,0,256,248,8,0,1200,944,247,7,2,10,78,22,70,53,1,1,2,1,2,7
31,PRAHOVA,"GRĂDINIȚA CU PROGRAM PRELUNGIT NR. 23",131,"MUNICIPIUL PLOIEŞTI",130534,1,PROV,PRCNCT,S,S_SV,"2021-01-21 12:30:02",1035,1024,11,0,320,309,11,0,1100,780,314,6,0,25,99,18,92,51,0,4,5,3,5,12
31,PRAHOVA,"ŞCOALA GIMNAZIALĂ ”ION CREANGĂ”",132,"MUNICIPIUL PLOIEŞTI",130534,1,PROV,PRCNCT,S,S_SV,"2021-01-21 12:30:02",1359,1337,22,0,393,371,22,0,1500,1107,386,6,1,17,105,19,106,107,2,4,1,4,4,17
31,PRAHOVA,"ŞCOALA GIMNAZIALĂ ”ION CREANGĂ”",133,"MUNICIPIUL PLOIEŞTI",130534,1,PROV,PRCNCT,S,S_SV,"2021-01-21 12:30:02",1225,1215,10,0,411,401,10,0,1400,989,402,7,2,23,123,13,120,87,1,4,6,7,3,15
31,PRAHOVA,"ŞCOALA GIMNAZIALĂ ”ION CREANGĂ”",134,"MUNICIPIUL PLOIEŞTI",130534,1,PROV,PRCNCT,S,S_SV,"2021-01-21 12:30:02",1244,1213,13,18,436,407,13,16,1300,864,433,3,0,29,146,15,110,97,0,2,7,4,4,19
31,PRAHOVA,"ŞCOALA GIMNAZIALĂ ”ION CREANGĂ”",135,"MUNICIPIUL PLOIEŞTI",130534,1,PROV,PRCNCT,S,S_SV,"2021-01-21 12:30:02",1188,1180,8,0,372,364,8,0,1300,928,362,10,0,23,104,14,114,85,2,1,2,0,4,13
31,PRAHOVA,"ŞCOALA GIMNAZIALĂ ”ION CREANGĂ”",136,"MUNICIPIUL PLOIEŞTI",130534,1,PROV,PRCNCT,S,S_SV,"2021-01-21 12:30:02",1297,1279,18,0,460,442,18,0,1400,940,447,12,1,28,159,19,122,89,1,1,6,5,2,15
31,PRAHOVA,"ŞCOALA GIMNAZIALĂ ”ANDREI MUREŞANU” (ŞCOALA GIMNAZIALĂ ”ANDREI MUREŞEANU”)",137,"MUNICIPIUL PLOIEŞTI",130534,1,PROV,PRCNCT,S,S_SV,"2021-01-21 12:30:02",1512,1500,12,0,488,476,12,0,1700,1212,475,13,0,25,160,27,125,102,0,1,7,2,8,18
31,PRAHOVA,"ŞCOALA GIMNAZIALĂ ”ANDREI MUREŞANU” (ŞCOALA GIMNAZIALĂ ”ANDREI MUREŞEANU)",138,"MUNICIPIUL PLOIEŞTI",130534,1,PROV,PRCNCT,S,S_SV,"2021-01-21 12:30:02",1267,1253,13,1,378,364,13,1,1400,1022,372,5,1,18,116,17,103,90,3,1,5,3,6,10
31,PRAHOVA,"ŞCOALA GIMNAZIALĂ ”ANDREI MUREŞANU” (ŞCOALA GIMNAZIALĂ ”ANDREI MUREŞEANU)",139,"MUNICIPIUL PLOIEŞTI",130534,1,PROV,PRCNCT,S,S_SV,"2021-01-21 12:30:02",980,969,7,4,282,271,7,4,1100,818,275,3,4,14,94,7,77,65,0,0,4,2,3,9
31,PRAHOVA,"ŞCOALA GIMNAZIALĂ ”HENRI MATHIAS BERTHELOT”",140,"MUNICIPIUL PLOIEŞTI",130534,1,PROV,PRCNCT,S,S_SV,"2021-01-21 12:30:02",873,850,22,1,288,265,22,1,900,612,281,5,2,12,74,16,82,75,1,1,3,4,2,11
31,PRAHOVA,"ŞCOALA GIMNAZIALĂ ”HENRI MATHIAS BERTHELOT”",141,"MUNICIPIUL PLOIEŞTI",130534,1,PROV,PRCNCT,S,S_SV,"2021-01-21 12:30:02",1149,1130,19,0,396,377,19,0,1200,804,390,5,1,19,101,20,93,133,0,2,3,2,4,13
31,PRAHOVA,"ŞCOALA GIMNAZIALĂ ”HENRI MATHIAS BERTHELOT”",142,"MUNICIPIUL PLOIEŞTI",130534,1,PROV,PRCNCT,S,S_SV,"2021-01-21 12:30:02",1223,1212,11,0,410,399,11,0,1300,890,400,7,3,14,144,20,101,100,0,1,4,4,3,9
31,PRAHOVA,"ŞCOALA GIMNAZIALĂ ”GRIGORE MOISIL”",143,"MUNICIPIUL PLOIEŞTI",130534,1,PROV,PRCNCT,S,S_SV,"2021-01-21 12:30:02",1055,1042,13,0,292,279,13,0,1200,908,287,4,1,10,92,16,85,58,0,2,6,1,4,13
31,PRAHOVA,"ŞCOALA GIMNAZIALĂ ”GRIGORE MOISIL”",144,"MUNICIPIUL PLOIEŞTI",130534,2,PART,PRCNCT,S,S_SV,"2021-01-21 12:30:02",1129,1107,20,2,331,309,20,2,1200,869,323,6,2,18,82,19,79,104,0,1,4,1,5,10
31,PRAHOVA,"COLEGIUL NAŢIONAL ”NICHITA STĂNESCU”",145,"MUNICIPIUL PLOIEŞTI",130534,1,PROV,PRCNCT,S,S_SV,"2021-01-21 12:30:02",899,878,21,0,262,241,21,0,1000,738,260,0,2,8,67,16,85,63,0,0,6,1,5,9
31,PRAHOVA,"COLEGIUL NAŢIONAL ”NICHITA STĂNESCU”",146,"MUNICIPIUL PLOIEŞTI",130534,1,PROV,PRCNCT,S,S_SV,"2021-01-21 12:30:02",947,929,18,0,296,278,18,0,1000,704,291,4,1,13,94,15,75,71,0,1,3,5,3,11
31,PRAHOVA,"COLEGIUL NAŢIONAL ”NICHITA STĂNESCU”",147,"MUNICIPIUL PLOIEŞTI",130534,1,PROV,PRCNCT,S,S_SV,"2021-01-21 12:30:02",967,952,13,2,306,291,13,2,1100,794,296,10,0,17,86,18,77,68,1,2,3,1,5,18
31,PRAHOVA,"COLEGIUL NAŢIONAL ”NICHITA STĂNESCU”",148,"MUNICIPIUL PLOIEŞTI",130534,2,PART,PRCNCT,S,S_SV,"2021-01-21 12:30:02",1323,1310,11,2,396,383,11,2,1500,1104,386,9,1,28,126,26,102,72,0,1,6,5,5,15
31,PRAHOVA,"ȘCOALA GIMNAZIALĂ ”ANDREI MUREȘANU”",149,"MUNICIPIUL PLOIEŞTI",130534,1,PROV,PRCNCT,S,S_SV,"2021-01-21 12:30:02",1360,1349,11,0,419,408,11,0,1500,1081,414,4,1,39,115,20,105,96,3,5,7,4,2,18
31,PRAHOVA,"ȘCOALA GIMNAZIALĂ ”ANDREI MUREȘANU”",150,"MUNICIPIUL PLOIEŞTI",130534,1,PROV,PRCNCT,S,S_SV,"2021-01-21 12:30:02",1353,1340,13,0,404,391,13,0,1500,1096,398,5,1,23,114,12,119,95,1,1,5,6,8,14
31,PRAHOVA,"LICEUL TEHNOLOGIC DE SERVICII ”SFÂNTUL APOSTOL ANDREI”",151,"MUNICIPIUL PLOIEŞTI",130534,1,PROV,PRCNCT,S,S_SV,"2021-01-21 12:30:02",1361,1353,8,0,337,329,8,0,1500,1163,334,2,1,21,99,17,89,80,0,1,9,5,3,10
31,PRAHOVA,"LICEUL TEHNOLOGIC DE SERVICII ”SFÂNTUL APOSTOL ANDREI”",152,"MUNICIPIUL PLOIEŞTI",130534,1,PROV,PRCNCT,S,S_SV,"2021-01-21 12:30:02",1401,1374,25,2,472,445,25,2,1500,1028,466,6,0,28,151,26,106,110,0,8,6,7,6,18
31,PRAHOVA,"LICEUL TEHNOLOGIC DE SERVICII ”SFÂNTUL APOSTOL ANDREI”",153,"MUNICIPIUL PLOIEŞTI",130534,1,PROV,PRCNCT,S,S_SV,"2021-01-21 12:30:02",1379,1346,20,13,357,324,20,13,1600,1243,345,12,0,14,106,15,92,103,1,1,4,1,2,6
31,PRAHOVA,"LICEUL TEHNOLOGIC DE SERVICII ”SFÂNTUL APOSTOL ANDREI”",154,"MUNICIPIUL PLOIEŞTI",130534,1,PROV,PRCNCT,S,S_SV,"2021-01-21 12:30:02",1382,1324,11,47,421,363,11,47,1500,1079,411,5,5,24,106,24,125,93,1,3,3,7,5,20
31,PRAHOVA,"LICEUL TEHNOLOGIC DE SERVICII ”SFÂNTUL APOSTOL ANDREI”",155,"MUNICIPIUL PLOIEŞTI",130534,1,PROV,PRCNCT,S,S_SV,"2021-01-21 12:30:02",1277,1266,7,4,382,371,7,4,1400,1018,375,5,2,20,110,12,114,84,1,0,6,6,5,17
31,PRAHOVA,"ŞCOALA PRIMARĂ NR. 22 (FOSTA ŞCOALĂ GIMNAZIALĂ ”MITICĂ APOSTOL”)",156,"MUNICIPIUL PLOIEŞTI",130534,1,PROV,PRCNCT,S,S_SV,"2021-01-21 12:30:02",1402,1381,19,2,384,363,19,2,1500,1116,360,18,6,21,83,29,96,80,3,4,14,12,8,10
31,PRAHOVA,"GARA PLOIEŞTI TRIAJ",157,"MUNICIPIUL PLOIEŞTI",130534,1,PROV,PRCNCT,S,S_SV,"2021-01-21 12:30:02",188,172,16,0,68,52,16,0,200,132,68,0,0,2,23,4,32,3,0,2,0,1,0,1
31,PRAHOVA,"CASA DE CULTURĂ ”GEO BOGZA”- (HOL)",158,"MUNICIPIUL CÂMPINA",131256,1,PROV,PRCNCT,S,S_SV,"2021-01-21 12:30:02",1349,1331,18,0,392,374,18,0,1500,1108,387,4,1,46,94,17,105,92,1,7,6,3,2,14
31,PRAHOVA,"COLEGIUL NAŢIONAL”NICOLAE GRIGORESCU” - (SALA DE CLASA)",159,"MUNICIPIUL CÂMPINA",131256,1,PROV,PRCNCT,S,S_SV,"2021-01-21 12:30:02",1150,1123,27,0,390,363,27,0,1200,810,383,5,2,45,97,19,124,63,0,5,4,0,4,22
31,PRAHOVA,"COLEGIUL NAŢIONAL”NICOLAE GRIGORESCU” - (SALA DE CLASA)",160,"MUNICIPIUL CÂMPINA",131256,1,PROV,PRCNCT,S,S_SV,"2021-01-21 12:30:02",1272,1245,27,0,448,421,27,0,1400,952,442,5,1,62,105,24,121,99,1,1,5,1,5,18
31,PRAHOVA,"CASA TINERETULUI (HOL MARE)",161,"MUNICIPIUL CÂMPINA",131256,1,PROV,PRCNCT,S,S_SV,"2021-01-21 12:30:02",1054,1036,18,0,239,221,18,0,1100,861,236,3,0,39,36,15,73,53,0,0,0,6,1,13
31,PRAHOVA,"ŞCOALA GIMNAZIALĂ CENTRALĂ",162,"MUNICIPIUL CÂMPINA",131256,1,PROV,PRCNCT,S,S_SV,"2021-01-21 12:30:02",1073,1050,12,11,300,277,12,11,1200,900,290,6,4,34,63,22,97,60,0,0,4,1,1,8
31,PRAHOVA,"ŞCOALA GIMNAZIALĂ CENTRALĂ",163,"MUNICIPIUL CÂMPINA",131256,1,PROV,PRCNCT,S,S_SV,"2021-01-21 12:30:02",1239,1219,20,0,337,317,20,0,1200,863,332,4,1,40,64,22,106,75,1,3,8,4,3,6
31,PRAHOVA,"LICEUL TEHNOLOGIC ENERGETIC -(CORP A-SALA DE CLASA NR.5-INTRAREA SECUNDARA)",164,"MUNICIPIUL CÂMPINA",131256,1,PROV,PRCNCT,S,S_SV,"2021-01-21 12:30:02",1099,1081,18,0,371,353,18,0,1000,629,363,4,4,35,101,12,89,87,0,3,7,3,3,23
31,PRAHOVA,"LICEUL TEHNOLOGIC ENERGETIC - (CORP A SALA DE CLASA NR.3-INTRAREA PRINCIPALA)",165,"MUNICIPIUL CÂMPINA",131256,1,PROV,PRCNCT,S,S_SV,"2021-01-21 12:30:02",901,885,16,0,230,214,16,0,1400,1170,227,2,1,27,55,14,53,49,1,4,2,1,4,17
31,PRAHOVA,"ȘCOALA GIMNAZIALĂ ”B.P.HASDEU” - (SALA DE SPORT)",166,"MUNICIPIUL CÂMPINA",131256,1,PROV,PRCNCT,S,S_SV,"2021-01-21 12:30:02",1304,1290,14,0,317,303,14,0,1600,1283,312,4,1,51,91,24,66,62,0,3,3,1,3,8
31,PRAHOVA,"CASA TINERETULUI (HOL MIC)",167,"MUNICIPIUL CÂMPINA",131256,1,PROV,PRCNCT,S,S_SV,"2021-01-21 12:30:02",1425,1404,21,0,410,389,21,0,1400,990,396,8,6,45,93,24,129,69,0,5,4,7,6,14
31,PRAHOVA,"COLEGIUL TEHNIC FORESTIER - (SALA DE SPORT)",168,"MUNICIPIUL CÂMPINA",131256,1,PROV,PRCNCT,S,S_SV,"2021-01-21 12:30:02",1206,1180,26,0,399,373,26,0,1300,901,396,1,2,46,76,26,116,90,1,5,11,4,6,15
31,PRAHOVA,"COLEGIUL TEHNIC FORESTIER - (SALA DE SPORT)",169,"MUNICIPIUL CÂMPINA",131256,1,PROV,PRCNCT,S,S_SV,"2021-01-21 12:30:02",1239,1224,15,0,375,360,15,0,1400,1025,368,7,0,47,89,25,101,83,3,0,2,0,5,13
31,PRAHOVA,"COLEGIUL TEHNIC CONSTANTIN ISTRATI (CAMIN)",170,"MUNICIPIUL CÂMPINA",131256,1,PROV,PRCNCT,S,S_SV,"2021-01-21 12:30:02",1607,1592,15,0,478,463,15,0,1800,1322,464,13,1,39,94,38,133,111,0,5,15,2,13,14
31,PRAHOVA,"COLEGIUL TEHNIC CONSTANTIN ISTRATI - SALA DE CLASA)",171,"MUNICIPIUL CÂMPINA",131256,1,PROV,PRCNCT,S,S_SV,"2021-01-21 12:30:02",1602,1565,27,10,537,500,27,10,1700,1163,515,14,8,69,138,19,120,113,2,8,13,4,8,21
31,PRAHOVA,"ȘCOALA GENERALĂ NR.5 - (SALA DE CLASA)",172,"MUNICIPIUL CÂMPINA",131256,1,PROV,PRCNCT,S,S_SV,"2021-01-21 12:30:02",1206,1191,15,0,421,406,15,0,1300,879,411,10,0,47,105,19,109,94,3,4,6,1,6,17
31,PRAHOVA,"LICEUL TEHNOLOGIC MECANIC - (SALA DE SPORT)",173,"MUNICIPIUL CÂMPINA",131256,1,PROV,PRCNCT,S,S_SV,"2021-01-21 12:30:02",1530,1518,12,0,413,401,12,0,1700,1287,404,7,2,45,111,17,107,75,3,5,10,6,4,21
31,PRAHOVA,"LICEUL TEHNOLOGIC MECANIC - (CORP A SALA 2)",174,"MUNICIPIUL CÂMPINA",131256,1,PROV,PRCNCT,S,S_SV,"2021-01-21 12:30:02",1316,1308,8,0,369,361,8,0,1400,1031,364,4,1,46,92,9,102,85,0,3,5,4,4,14
31,PRAHOVA,"LICEUL TEHNOLOGIC MECANIC - (CORP A SALA 3)",175,"MUNICIPIUL CÂMPINA",131256,1,PROV,PRCNCT,S,S_SV,"2021-01-21 12:30:02",1476,1466,10,0,383,373,10,0,1600,1217,369,11,3,36,87,22,115,62,5,3,6,7,6,20
31,PRAHOVA,"ȘCOALA GENERALĂ NR.6 - (SALA DE CLASA)",176,"MUNICIPIUL CÂMPINA",131256,2,PART,PRCNCT,S,S_SV,"2021-01-21 12:30:02",1563,1544,14,5,399,380,14,5,1700,1301,386,6,7,35,99,20,116,62,1,9,11,5,7,21
31,PRAHOVA,"ȘCOALA GIMNAZIALĂ ”ALEXANDRU IOAN CUZA” - (SALA DE CLASA-ETAJ 1)",177,"MUNICIPIUL CÂMPINA",131256,1,PROV,PRCNCT,S,S_SV,"2021-01-21 12:30:02",1587,1563,24,0,525,501,24,0,1700,1175,515,8,2,73,124,32,105,150,1,2,5,2,6,15
31,PRAHOVA,"ȘCOALA GIMNAZIALĂ ”ALEXANDRU IOAN CUZA” - (SALA DE SPORT)",178,"MUNICIPIUL CÂMPINA",131256,1,PROV,PRCNCT,S,S_SV,"2021-01-21 12:30:02",1615,1598,15,2,557,540,15,2,1800,1243,549,6,2,65,133,25,116,172,1,2,5,3,7,20
31,PRAHOVA,"SC ELECTROUTILAJ SA - (CANTINA - SALA DE PROTOCOL)",179,"MUNICIPIUL CÂMPINA",131256,1,PROV,PRCNCT,S,S_SV,"2021-01-21 12:30:02",1678,1655,22,1,496,473,22,1,1800,1304,486,8,2,70,89,35,131,104,1,7,5,8,9,27
31,PRAHOVA,"ȘCOALA GENERALĂ NR.3 - (SALA DE SPORT)",180,"MUNICIPIUL CÂMPINA",131256,1,PROV,PRCNCT,S,S_SV,"2021-01-21 12:30:02",1745,1700,19,26,514,469,19,26,1900,1386,494,16,4,72,95,22,116,115,1,5,13,6,27,22
31,PRAHOVA,"LICEUL TEORETIC AZUGA",181,"ORAŞ AZUGA",130954,1,PROV,PRCNCT,S,S_SV,"2021-01-21 12:30:02",1769,1703,58,8,565,499,58,8,1900,1335,539,23,3,38,160,28,134,115,5,6,14,6,14,19
31,PRAHOVA,"LICEUL TEORETIC AZUGA",182,"ORAŞ AZUGA",130954,2,PART,PRCNCT,S,S_SV,"2021-01-21 12:30:02",1051,1017,34,0,292,258,34,0,1100,808,277,13,2,14,81,14,67,53,2,3,10,2,10,21
31,PRAHOVA,"SALǍ DE SPORT CU TRIBUNǍ 180 LOCURI",183,"ORAŞ AZUGA",130954,1,PROV,PRCNCT,S,S_SV,"2021-01-21 12:30:02",1220,1198,22,0,412,390,22,0,1300,888,393,15,4,25,115,17,126,58,3,7,6,7,8,21
31,PRAHOVA,"SALA DE SPORT TINERETULUI",184,"ORAŞ BĂICOI",130981,1,PROV,PRCNCT,S,S_SV,"2021-01-21 12:30:02",1136,1099,26,11,383,346,26,11,1200,817,363,18,2,42,71,9,102,92,5,5,10,2,10,15
31,PRAHOVA,"GRADINITA CU PROGRAM NORMAL TUFENI",185,"ORAŞ BĂICOI",130981,1,PROV,PRCNCT,S,S_SV,"2021-01-21 12:30:02",1238,1220,18,0,295,277,18,0,1400,1105,284,7,4,25,62,9,99,49,2,3,7,6,5,17
31,PRAHOVA,"CLUBUL ELEVILOR",186,"ORAŞ BĂICOI",130981,1,PROV,PRCNCT,S,S_SV,"2021-01-21 12:30:02",1445,1429,16,0,439,423,16,0,1600,1161,418,13,8,24,86,22,146,102,3,2,3,2,5,23
31,PRAHOVA,"GR. SC. C-TIN CANTACUZINO",187,"ORAŞ BĂICOI",130981,1,PROV,PRCNCT,S,S_SV,"2021-01-21 12:30:02",1153,1135,18,0,295,277,18,0,1200,905,286,7,2,23,56,11,91,63,3,8,9,6,2,14
31,PRAHOVA,"GR. SC. C-TIN CANTACUZINO",188,"ORAŞ BĂICOI",130981,1,PROV,PRCNCT,S,S_SV,"2021-01-21 12:30:02",1103,1073,30,0,333,303,30,0,1200,867,329,3,1,26,72,11,98,82,0,6,9,3,7,15
31,PRAHOVA,"GRADINITA LILIESTI",189,"ORAŞ BĂICOI",130981,1,PROV,PRCNCT,S,S_SV,"2021-01-21 12:30:02",1043,1027,16,0,313,297,16,0,1200,887,304,6,3,22,40,9,132,56,0,5,12,7,3,18
31,PRAHOVA,"GRADINITA LILIESTI",190,"ORAŞ BĂICOI",130981,1,PROV,PRCNCT,S,S_SV,"2021-01-21 12:30:02",1030,1005,23,2,306,281,23,2,1100,794,294,11,1,17,55,26,111,48,2,3,8,2,5,17
31,PRAHOVA,"SCOALA NUMARUL 3 LILIESTI",191,"ORAŞ BĂICOI",130981,1,PROV,PRCNCT,S,S_SV,"2021-01-21 12:30:02",1455,1445,10,0,405,395,10,0,1600,1195,387,15,3,33,60,14,164,64,0,6,9,8,6,23
31,PRAHOVA,"SCOALA NUMARUL 3 LILIESTI SALA NR. 2",192,"ORAŞ BĂICOI",130981,1,PROV,PRCNCT,S,S_SV,"2021-01-21 12:30:02",1589,1572,17,0,494,477,17,0,1700,1206,484,5,5,21,105,21,201,82,1,8,13,3,6,23
31,PRAHOVA,"CASA DE CULTURA LILIESTI",193,"ORAŞ BĂICOI",130981,1,PROV,PRCNCT,S,S_SV,"2021-01-21 12:30:02",1401,1364,20,17,413,376,20,17,1500,1087,405,7,1,26,87,12,153,76,5,7,12,4,10,13
31,PRAHOVA,"SCOALA GENERALA DAMBU",194,"ORAŞ BĂICOI",130981,1,PROV,PRCNCT,S,S_SV,"2021-01-21 12:30:02",1119,1105,12,2,285,271,12,2,1200,915,267,15,3,31,39,10,122,34,2,3,6,3,3,14
31,PRAHOVA,"SCOALA GENERALA TINTEA",195,"ORAŞ BĂICOI",130981,1,PROV,PRCNCT,S,S_SV,"2021-01-21 12:30:02",1296,1271,25,0,372,347,25,0,1400,1028,360,11,1,14,55,19,158,74,1,3,10,3,7,16
31,PRAHOVA,"CASA DE CULTURA TINTEA",196,"ORAŞ BĂICOI",130981,1,PROV,PRCNCT,S,S_SV,"2021-01-21 12:30:02",1049,1030,18,1,308,289,18,1,1100,792,299,5,4,17,68,9,107,47,3,2,5,13,6,22
31,PRAHOVA,"ȘCOALA GIMNAZIALĂ ”MIHAI VITEAZUL”",197,"ORAŞ BOLDEŞTI-SCĂENI",131069,1,PROV,PRCNCT,S,S_SV,"2021-01-21 12:30:02",1009,998,11,0,314,303,11,0,1100,786,304,7,3,19,68,25,107,53,0,4,4,3,7,14
31,PRAHOVA,"ȘCOALA GIMNAZIALĂ ”MIHAI VITEAZUL”",198,"ORAŞ BOLDEŞTI-SCĂENI",131069,1,PROV,PRCNCT,S,S_SV,"2021-01-21 12:30:02",1200,1184,15,1,415,399,15,1,1300,885,400,11,4,32,97,16,165,50,0,3,13,2,12,10
31,PRAHOVA,"ȘCOALA GIMNAZIALĂ ”MIHAI VITEAZUL”",199,"ORAŞ BOLDEŞTI-SCĂENI",131069,2,PART,PRCNCT,S,S_SV,"2021-01-21 12:30:02",1250,1235,15,0,390,375,15,0,1300,910,378,6,6,24,90,23,136,59,1,2,10,10,6,17
31,PRAHOVA,"GRĂDINIŢA CU PROGRAM NORMAL, NR.1",200,"ORAŞ BOLDEŞTI-SCĂENI",131069,1,PROV,PRCNCT,S,S_SV,"2021-01-21 12:30:02",1384,1372,12,0,338,326,12,0,1500,1162,326,8,4,22,97,25,121,29,4,3,11,1,6,7
31,PRAHOVA,"ȘCOALA GIMNAZIALĂ NR.2",201,"ORAŞ BOLDEŞTI-SCĂENI",131069,1,PROV,PRCNCT,S,S_SV,"2021-01-21 12:30:02",892,871,19,2,290,269,19,2,1000,710,282,7,1,24,70,22,103,27,0,2,5,9,7,13
31,PRAHOVA,"ȘCOALA GIMNAZIALĂ NR.2",202,"ORAŞ BOLDEŞTI-SCĂENI",131069,1,PROV,PRCNCT,S,S_SV,"2021-01-21 12:30:02",1057,1030,27,0,350,323,27,0,1100,750,340,7,3,27,88,20,114,45,0,5,8,12,10,11
31,PRAHOVA,"CASA DE CULTURĂ ”MIHAI EMINESCU”",203,"ORAŞ BOLDEŞTI-SCĂENI",131069,1,PROV,PRCNCT,S,S_SV,"2021-01-21 12:30:02",930,878,52,0,330,278,52,0,1000,670,317,12,1,33,67,26,97,55,2,3,6,1,8,19
31,PRAHOVA,"LICEUL TEHNOLOGIC ”TEODOR DIAMANT”",204,"ORAŞ BOLDEŞTI-SCĂENI",131069,1,PROV,PRCNCT,S,S_SV,"2021-01-21 12:30:02",1014,996,18,0,328,310,18,0,1100,772,314,12,2,28,64,17,106,53,1,6,5,21,6,7
31,PRAHOVA,"ȘCOALA PRIMARĂ SECIU",205,"ORAŞ BOLDEŞTI-SCĂENI",131069,1,PROV,PRCNCT,S,S_SV,"2021-01-21 12:30:02",842,810,32,0,294,262,32,0,900,606,281,10,3,31,73,27,97,34,2,2,3,1,5,6
31,PRAHOVA,"GRĂDINIȚA CU PROGRAM NORMAL PODU VADULUI",206,"ORAŞ BREAZA",131103,1,PROV,PRCNCT,S,S_SV,"2021-01-21 12:30:02",1368,1338,30,0,363,333,30,0,1500,1137,355,6,2,28,55,16,100,122,1,7,9,6,3,8
31,PRAHOVA,"ȘCOALA GIMNAZIALĂ BREAZA DE JOS",207,"ORAŞ BREAZA",131103,1,PROV,PRCNCT,S,S_SV,"2021-01-21 12:30:02",991,960,31,0,306,275,31,0,1100,794,303,2,1,37,53,6,68,119,0,1,4,1,6,8
31,PRAHOVA,"ȘCOALA GIMNAZIALĂ BREAZA DE JOS",208,"ORAŞ BREAZA",131103,1,PROV,PRCNCT,S,S_SV,"2021-01-21 12:30:02",1012,995,17,0,258,241,17,0,1100,842,256,2,0,20,44,11,67,93,0,3,1,0,8,9
31,PRAHOVA,"LICEUL TEORETIC ”AUREL VLAICU” BREAZA",209,"ORAŞ BREAZA",131103,1,PROV,PRCNCT,S,S_SV,"2021-01-21 12:30:02",1420,1406,11,3,355,341,11,3,1600,1245,351,4,0,25,79,19,94,111,0,0,6,3,2,12
31,PRAHOVA,"LICEUL TEORETIC ”AUREL VLAICU” BREAZA",210,"ORAŞ BREAZA",131103,1,PROV,PRCNCT,S,S_SV,"2021-01-21 12:30:02",1096,1078,15,3,317,299,15,3,1200,883,311,4,2,21,78,9,78,109,0,2,5,0,1,8
31,PRAHOVA,"LICEUL TEORETIC ”AUREL VLAICU” BREAZA",211,"ORAŞ BREAZA",131103,1,PROV,PRCNCT,S,S_SV,"2021-01-21 12:30:02",1575,1546,24,5,386,357,24,5,1700,1314,383,3,0,49,66,28,101,113,3,1,6,5,4,7
31,PRAHOVA,"LICEUL TEORETIC ”AUREL VLAICU” BREAZA",212,"ORAŞ BREAZA",131103,1,PROV,PRCNCT,S,S_SV,"2021-01-21 12:30:02",877,855,22,0,256,234,22,0,900,644,253,2,1,18,39,11,85,80,2,5,1,0,2,10
31,PRAHOVA,"GRĂDINIŢA CU PROGRAM PRELUNGIT ȘI PROGRAM NORMAL ”CASTELUL FERMECAT”",213,"ORAŞ BREAZA",131103,1,PROV,PRCNCT,S,S_SV,"2021-01-21 12:30:02",878,863,15,0,264,249,15,0,1000,736,258,4,2,18,50,8,106,60,0,1,3,4,5,3
31,PRAHOVA,"ȘCOALA GIMNAZIALĂ ”CONSTANTIN BRÂNCOVEANU” BREAZA",214,"ORAŞ BREAZA",131103,1,PROV,PRCNCT,S,S_SV,"2021-01-21 12:30:02",1310,1277,33,0,411,378,33,0,1400,989,405,5,1,25,89,11,104,152,2,2,9,1,1,9
31,PRAHOVA,"GRĂDINIŢA CU PROGRAM NORMAL GURA BELIEI ”ALBINUŢA”",215,"ORAŞ BREAZA",131103,1,PROV,PRCNCT,S,S_SV,"2021-01-21 12:30:02",1105,1085,20,0,306,286,20,0,1200,894,298,4,4,22,35,12,96,107,3,3,5,3,3,9
31,PRAHOVA,"ȘCOALA GIMNAZIALĂ NISTOREȘTI",216,"ORAŞ BREAZA",131103,1,PROV,PRCNCT,S,S_SV,"2021-01-21 12:30:02",1103,1081,21,1,289,267,21,1,1200,911,282,4,3,19,58,9,87,100,1,1,1,0,4,2
31,PRAHOVA,"ȘCOALA GIMNAZIALĂ VALEA TÂRSEI",217,"ORAŞ BREAZA",131103,1,PROV,PRCNCT,S,S_SV,"2021-01-21 12:30:02",1225,1217,7,1,231,223,7,1,1300,1069,227,3,1,27,26,13,69,69,0,1,7,4,5,6
31,PRAHOVA,"COLEGIUL ION KALINDERU",218,"ORAŞ BUŞTENI",131210,1,PROV,PRCNCT,S,S_SV,"2021-01-21 12:30:02",911,881,30,0,350,320,30,0,1000,650,338,11,1,19,116,15,63,55,5,6,5,5,17,32
31,PRAHOVA,"ŞCOALA GIMNAZIALĂ ”NESTOR URECHIA”",219,"ORAŞ BUŞTENI",131210,1,PROV,PRCNCT,S,S_SV,"2021-01-21 12:30:02",992,965,26,1,360,333,26,1,1100,740,349,10,1,16,93,25,83,73,1,5,7,1,23,22
31,PRAHOVA,"ŞCOALA GIMNAZIALĂ ”NESTOR URECHIA”",220,"ORAŞ BUŞTENI",131210,1,PROV,PRCNCT,S,S_SV,"2021-01-21 12:30:02",920,894,26,0,349,323,26,0,1000,651,341,4,4,23,89,26,79,63,2,5,7,7,16,24
31,PRAHOVA,"GRĂDINIŢA CU PP SI PN ”FRAM - URSUL POLAR”",221,"ORAŞ BUŞTENI",131210,1,PROV,PRCNCT,S,S_SV,"2021-01-21 12:30:02",615,601,14,0,239,225,14,0,600,361,230,7,2,15,53,13,64,39,1,3,8,3,10,21
31,PRAHOVA,"SEDIU FIRMĂ PAZĂ",222,"ORAŞ BUŞTENI",131210,1,PROV,PRCNCT,S,S_SV,"2021-01-21 12:30:02",1395,1361,34,0,463,429,34,0,1500,1037,448,13,2,11,138,27,87,85,2,9,10,2,23,54
31,PRAHOVA,"ŞCOALA GIMNAZIALĂ ”REGINA ELISABETA”",223,"ORAŞ BUŞTENI",131210,1,PROV,PRCNCT,S,S_SV,"2021-01-21 12:30:02",1313,1286,27,0,453,426,27,0,1402,949,435,16,2,39,158,13,80,75,4,0,9,6,13,38
31,PRAHOVA,"ŞCOALA GIMNAZIALĂ ”CEZAR PETRESCU”",224,"ORAŞ BUŞTENI",131210,1,PROV,PRCNCT,S,S_SV,"2021-01-21 12:30:02",1292,1269,23,0,412,389,23,0,1400,988,389,15,8,15,131,15,80,52,4,6,15,5,19,47
31,PRAHOVA,"ŞCOALA GIMNAZIALĂ ”CEZAR PETRESCU”",225,"ORAŞ BUŞTENI",131210,1,PROV,PRCNCT,S,S_SV,"2021-01-21 12:30:02",881,869,12,0,306,294,12,0,1000,694,294,8,4,19,108,17,61,38,1,5,8,3,20,14
31,PRAHOVA,"LICEUL SIMION STOLNICU",226,"ORAŞ COMARNIC",131336,1,PROV,PRCNCT,S,S_SV,"2021-01-21 12:30:02",1528,1510,17,1,404,386,17,1,1604,1200,383,15,6,38,79,21,149,72,2,4,5,2,4,7
31,PRAHOVA,"SCOALA GIMNAZIALA COMARNIC NR.2",227,"ORAŞ COMARNIC",131336,1,PROV,PRCNCT,S,S_SV,"2021-01-21 12:30:02",843,831,12,0,256,244,12,0,1000,744,249,4,3,13,63,16,100,33,0,1,8,4,6,5
31,PRAHOVA,"SCOALA GIMNAZIALA COMARNIC NR.2",228,"ORAŞ COMARNIC",131336,2,PART,PRCNCT,S,S_SV,"2021-01-21 12:30:02",1291,1281,10,0,274,264,10,0,1400,1126,262,7,5,14,64,10,111,42,3,1,5,3,5,4
31,PRAHOVA,"SCOALA GIMNAZIALA COMARNIC",229,"ORAŞ COMARNIC",131336,1,PROV,PRCNCT,S,S_SV,"2021-01-21 12:30:02",1454,1443,11,0,323,312,11,0,1600,1277,307,10,6,12,66,14,140,40,1,3,3,1,11,16
31,PRAHOVA,"GRADINITA CU PROGRAM NORMAL POIANA",230,"ORAŞ COMARNIC",131336,1,PROV,PRCNCT,S,S_SV,"2021-01-21 12:30:02",870,860,10,0,231,221,10,0,1000,769,223,6,2,19,52,11,79,33,0,2,3,3,5,16
31,PRAHOVA,"GRADINITA CU PROGRAM NORMAL PODUL LUNG",231,"ORAŞ COMARNIC",131336,1,PROV,PRCNCT,S,S_SV,"2021-01-21 12:30:02",496,484,12,0,136,124,12,0,600,464,135,1,0,4,24,17,63,18,0,0,1,2,2,4
31,PRAHOVA,"GRADINITA CU PROGRAM NORMAL GHIOȘEȘTI",232,"ORAŞ COMARNIC",131336,1,PROV,PRCNCT,S,S_SV,"2021-01-21 12:30:02",1582,1567,15,0,425,410,15,0,1700,1275,411,7,7,29,70,21,195,59,3,2,12,2,9,9
31,PRAHOVA,"SCOALA PRIMARA GHIOȘEȘTI",233,"ORAŞ COMARNIC",131336,1,PROV,PRCNCT,S,S_SV,"2021-01-21 12:30:02",1099,1090,9,0,223,214,9,0,1200,977,216,4,3,17,53,6,90,24,1,1,2,7,5,10
31,PRAHOVA,"GRADINITA CU PROGRAM NORMAL POSADA",234,"ORAŞ COMARNIC",131336,1,PROV,PRCNCT,S,S_SV,"2021-01-21 12:30:02",1140,1125,15,0,221,206,15,0,1200,979,209,9,3,10,45,10,95,35,1,3,1,1,4,4
31,PRAHOVA,"SALA DE SPORT MIZIL",235,"ORAŞ MIZIL",131407,1,PROV,PRCNCT,S,S_SV,"2021-01-21 12:30:02",1583,1571,12,0,342,330,12,0,1700,1358,322,16,4,19,65,21,167,29,2,2,6,1,2,8
31,PRAHOVA,"ŞCOALA GIMNAZIALĂ ” SFÂNTUL NICOLAE ”MIZIL",236,"ORAŞ MIZIL",131407,1,PROV,PRCNCT,S,S_SV,"2021-01-21 12:30:02",1268,1255,13,0,264,251,13,0,1400,1136,239,20,5,15,30,23,112,25,1,3,11,3,7,9
31,PRAHOVA,"ŞCOALA GIMNAZIALĂ NR.1 MIZIL",237,"ORAŞ MIZIL",131407,1,PROV,PRCNCT,S,S_SV,"2021-01-21 12:30:02",1006,998,8,0,234,226,8,0,1100,866,229,5,0,10,22,16,119,42,2,0,4,1,8,5
31,PRAHOVA,"LICEUL TEHNOLOGIC ”TASE DUMITRESCU” MIZIL",238,"ORAŞ MIZIL",131407,1,PROV,PRCNCT,S,S_SV,"2021-01-21 12:30:02",933,918,14,1,234,219,14,1,1000,766,230,2,2,20,42,5,106,37,2,0,8,2,6,2
31,PRAHOVA,"LICEUL TEHNOLOGIC ”TASE DUMITRESCU ” MIZIL",239,"ORAŞ MIZIL",131407,1,PROV,PRCNCT,S,S_SV,"2021-01-21 12:30:02",1050,1034,16,0,164,148,16,0,1200,1036,149,12,3,12,18,9,79,9,2,2,7,5,3,3
31,PRAHOVA,"PRIMĂRIA ORAŞ MIZIL",240,"ORAŞ MIZIL",131407,1,PROV,PRCNCT,S,S_SV,"2021-01-21 12:30:02",1068,1047,21,0,302,281,21,0,1200,898,293,5,4,15,45,22,142,49,0,1,8,7,2,2
31,PRAHOVA,"PRIMĂRIA ORAŞ MIZIL",241,"ORAŞ MIZIL",131407,2,PART,PRCNCT,S,S_SV,"2021-01-21 12:30:02",1035,1024,11,0,276,265,11,0,1100,824,271,3,2,18,49,10,135,33,1,1,7,4,3,10
31,PRAHOVA,"CENTRUL CULTURAL ”ADRIAN PĂUNESCU”",242,"ORAŞ MIZIL",131407,1,PROV,PRCNCT,S,S_SV,"2021-01-21 12:30:02",1423,1408,15,0,314,299,15,0,1600,1286,302,9,3,24,40,15,175,32,0,3,3,4,3,3
31,PRAHOVA,"ŞCOALA GIMNAZIALĂ ” SFÂNTA MARIA ”MIZIL",243,"ORAŞ MIZIL",131407,1,PROV,PRCNCT,S,S_SV,"2021-01-21 12:30:02",993,980,13,0,202,189,13,0,1100,898,191,9,2,12,34,12,83,35,0,1,1,4,2,7
31,PRAHOVA,"ŞCOALA GIMNAZIALĂ ” SFÂNTA MARIA ”MIZIL",244,"ORAŞ MIZIL",131407,1,PROV,PRCNCT,S,S_SV,"2021-01-21 12:30:02",1114,1104,10,0,262,252,10,0,1200,938,248,8,6,23,50,9,107,42,0,2,6,4,0,5
31,PRAHOVA,"LICEUL TEORETIC ” GRIGORE TOCILESCU” MIZIL",245,"ORAŞ MIZIL",131407,1,PROV,PRCNCT,S,S_SV,"2021-01-21 12:30:02",1022,1007,11,4,269,254,11,4,1100,831,262,4,3,9,48,22,118,43,2,0,2,6,2,10
31,PRAHOVA,"CASA DE CULTURĂ PLOPENI",246,"ORAŞ PLOPENI",131443,1,PROV,PRCNCT,S,S_SV,"2021-01-21 12:30:02",1282,1233,44,5,553,504,44,5,1400,847,535,17,1,24,169,26,198,75,2,1,15,2,6,17
31,PRAHOVA,"SALA POLIVALENTĂ PLOPENI",247,"ORAŞ PLOPENI",131443,1,PROV,PRCNCT,S,S_SV,"2021-01-21 12:30:02",1222,1185,36,1,481,444,36,1,1300,819,466,12,3,21,157,36,155,54,0,4,9,7,5,18
31,PRAHOVA,"SALA POLIVALENTĂ PLOPENI",248,"ORAŞ PLOPENI",131443,1,PROV,PRCNCT,S,S_SV,"2021-01-21 12:30:02",1109,1067,40,2,460,418,40,2,1200,740,445,10,5,15,140,22,171,71,0,4,6,2,0,14
31,PRAHOVA,"LICEUL CAROL I ORAŞUL PLOPENI",249,"ORAŞ PLOPENI",131443,1,PROV,PRCNCT,S,S_SV,"2021-01-21 12:30:02",1184,1122,49,13,416,355,49,12,1200,784,411,5,0,13,137,30,149,49,1,3,1,6,10,12
31,PRAHOVA,"LICEUL CAROL I ORAŞUL PLOPENI",250,"ORAŞ PLOPENI",131443,1,PROV,PRCNCT,S,S_SV,"2021-01-21 12:30:02",1481,1443,32,6,554,516,32,6,1600,1046,530,18,6,17,237,20,143,57,2,6,17,7,8,16
31,PRAHOVA,"LICEUL CAROL I ORAŞUL PLOPENI",251,"ORAŞ PLOPENI",131443,1,PROV,PRCNCT,S,S_SV,"2021-01-21 12:30:02",1390,1359,26,5,554,523,26,5,1500,946,539,14,1,11,232,26,192,43,2,4,6,4,8,11
31,PRAHOVA,"COLEGIUL ”MIHAIL CANTACUZINO” SALA AP.1",252,"ORAŞ SINAIA",131540,1,PROV,PRCNCT,S,S_SV,"2021-01-21 12:30:02",1432,1415,16,1,489,472,16,1,1500,1011,467,20,2,23,154,21,128,94,0,6,10,5,11,15
31,PRAHOVA,"COLEGIUL ”MIHAIL CANTACUZINO” SALA AP.2",253,"ORAŞ SINAIA",131540,1,PROV,PRCNCT,S,S_SV,"2021-01-21 12:30:02",1037,1025,12,0,346,334,12,0,1094,748,338,7,1,24,120,21,92,53,1,4,3,5,6,9
31,PRAHOVA,"SCOALA GIMNAZIALA ”PRINCIPESA MARIA”CORP B",254,"ORAŞ SINAIA",131540,1,PROV,PRCNCT,S,S_SV,"2021-01-21 12:30:02",782,767,11,4,250,235,11,4,900,650,241,7,2,13,83,6,68,47,2,6,5,1,4,6
31,PRAHOVA,"SCOALA GIMNAZIALA ”PRINCIPESA MARIA”CORP A",255,"ORAŞ SINAIA",131540,1,PROV,PRCNCT,S,S_SV,"2021-01-21 12:30:02",678,655,23,0,251,228,23,0,700,449,246,5,0,10,79,9,68,54,1,4,6,2,7,6
31,PRAHOVA,"SCOALA GIMNAZIALA ”PRINCIPESA MARIA”CORP A",256,"ORAŞ SINAIA",131540,1,PROV,PRCNCT,S,S_SV,"2021-01-21 12:30:02",1028,1015,12,1,367,354,12,1,1100,733,361,4,2,14,141,20,78,75,0,5,5,4,9,10
31,PRAHOVA,"IMOBIL PROPRIETATE ORAS SINAIA",257,"ORAŞ SINAIA",131540,1,PROV,PRCNCT,S,S_SV,"2021-01-21 12:30:02",924,903,21,0,360,339,21,0,1000,640,350,7,3,18,115,7,128,58,4,1,3,1,3,12
31,PRAHOVA,"CLUBUL SPORTIV CARPAŢI - SALA DE SPORT",258,"ORAŞ SINAIA",131540,1,PROV,PRCNCT,S,S_SV,"2021-01-21 12:30:02",801,779,22,0,267,245,22,0,900,633,262,3,2,12,84,7,96,44,1,1,5,2,3,7
31,PRAHOVA,"ŞCOALA GIMNAZIALA ”GEORGE ENESCU” SALA 3 B",259,"ORAŞ SINAIA",131540,1,PROV,PRCNCT,S,S_SV,"2021-01-21 12:30:02",532,498,33,1,194,160,33,1,600,406,188,3,3,12,50,8,70,36,1,1,4,1,0,5
31,PRAHOVA,"ŞCOALA GIMNAZIALA ”GEORGE ENESCU” SALA I B",260,"ORAŞ SINAIA",131540,1,PROV,PRCNCT,S,S_SV,"2021-01-21 12:30:02",880,855,25,0,275,250,25,0,1000,725,268,7,0,20,85,6,79,57,0,5,7,0,3,6
31,PRAHOVA,"CENTRUL CULTURAL ”CARMEN SYLVA”",261,"ORAŞ SINAIA",131540,1,PROV,PRCNCT,S,S_SV,"2021-01-21 12:30:02",558,534,24,0,218,194,24,0,600,382,213,4,1,8,74,9,56,54,3,1,1,0,3,4
31,PRAHOVA,"SC. LIVIO SRL-PARTER",262,"ORAŞ SINAIA",131540,1,PROV,PRCNCT,S,S_SV,"2021-01-21 12:30:02",587,555,32,0,196,164,32,0,600,404,189,6,1,12,83,10,34,34,0,2,2,2,4,6
31,PRAHOVA,"CENTRUL INTERNATIONAL DE CONFERINŢE CASINO",263,"ORAŞ SINAIA",131540,1,PROV,PRCNCT,S,S_SV,"2021-01-21 12:30:02",646,623,23,0,214,191,23,0,700,486,206,8,0,16,86,1,43,44,1,3,3,2,2,5
31,PRAHOVA,"ŞCOALA PRĂJANI",264,"ORAŞ SLĂNIC",131577,1,PROV,PRCNCT,S,S_SV,"2021-01-21 12:30:02",1005,979,22,4,336,310,22,4,1100,764,328,6,2,8,54,20,170,42,0,8,9,1,4,12
31,PRAHOVA,"LICEUL TEORETIC ”ŞERBAN VODĂ”",265,"ORAŞ SLĂNIC",131577,1,PROV,PRCNCT,S,S_SV,"2021-01-21 12:30:02",1118,1103,15,0,346,331,15,0,1200,854,339,6,1,19,73,17,163,47,1,4,3,4,3,5
31,PRAHOVA,"LICEUL TEORETIC ”ŞERBAN VODĂ”",266,"ORAŞ SLĂNIC",131577,1,PROV,PRCNCT,S,S_SV,"2021-01-21 12:30:02",1249,1225,22,2,327,303,22,2,1400,1073,319,6,2,26,72,13,123,54,2,3,5,2,8,11
31,PRAHOVA,"SCOALA GROSANI",267,"ORAŞ SLĂNIC",131577,2,PART,PRCNCT,S,S_SV,"2021-01-21 12:30:02",1392,1369,21,2,345,322,21,2,1500,1155,338,2,5,14,57,13,197,33,0,7,0,2,7,8
31,PRAHOVA,"GRĂDINIŢA DE COPII CU PROGRAM PRELUNGIT ”CLOPOȚICA” ORAȘUL URLAȚI",268,"ORAŞ URLAŢI",131620,1,PROV,PRCNCT,S,S_SV,"2021-01-21 12:30:02",1538,1520,18,0,432,414,18,0,1700,1268,418,10,4,20,117,24,149,65,2,5,8,6,8,14
31,PRAHOVA,"LICEUL TEORETIC ”BRÂNCOVEANU VODĂ” ORAȘUL URLATI (CLADIREA VECHE)",269,"ORAŞ URLAŢI",131620,1,PROV,PRCNCT,S,S_SV,"2021-01-21 12:30:02",1553,1526,27,0,404,377,27,0,1700,1296,389,10,5,22,112,18,138,70,0,1,5,3,9,11
31,PRAHOVA,"LICEUL TEORETIC ”BRÂNCOVEANU VODĂ” ORAȘUL URLAȚI",270,"ORAŞ URLAŢI",131620,2,PART,PRCNCT,S,S_SV,"2021-01-21 12:30:02",1482,1453,26,3,343,314,26,3,1600,1257,328,15,0,20,75,19,126,57,5,4,8,0,6,8
31,PRAHOVA,"ŞCOALA GIMNAZIALĂ ”CĂNUŢĂ IONESCU” ORAȘUL URLATI",271,"ORAŞ URLAŢI",131620,1,PROV,PRCNCT,S,S_SV,"2021-01-21 12:30:02",1640,1611,28,1,498,469,28,1,1800,1302,480,11,7,25,104,47,175,75,1,3,13,8,14,15
31,PRAHOVA,"”CASA DE CULTURĂ” ORAȘUL URLAŢI",272,"ORAŞ URLAŢI",131620,1,PROV,PRCNCT,S,S_SV,"2021-01-21 12:30:02",1496,1470,26,0,413,387,26,0,1600,1187,404,7,2,22,111,29,111,88,1,6,10,5,6,15
31,PRAHOVA,"GRĂDINIȚA CU PROGRAM NORMAL ”JERCĂLĂI” ORAȘUL URLAȚI",273,"ORAŞ URLAŢI",131620,1,PROV,PRCNCT,S,S_SV,"2021-01-21 12:30:02",818,797,21,0,205,184,21,0,900,695,187,15,3,5,68,16,61,18,1,2,2,2,9,3
31,PRAHOVA,"GRĂDINIȚA CU PROGRAM NORMAL ”VALEA URLOI” ORAȘUL URLAȚI",274,"ORAŞ URLAŢI",131620,1,PROV,PRCNCT,S,S_SV,"2021-01-21 12:30:02",888,871,17,0,196,179,17,0,1000,804,187,6,3,9,64,15,44,36,0,0,1,3,5,10
31,PRAHOVA,"CENTRUL CULTURAL ”NICOLAE IORGA” VĂLENII DE MUNTE (BIBLIOTECA ORĂȘENEASCĂ ”MIRON RADU PARASCHIVESCU”)",275,"ORAŞ VĂLENII DE MUNTE",131817,1,PROV,PRCNCT,S,S_SV,"2021-01-21 12:30:02",1017,1001,16,0,334,318,16,0,1106,772,323,7,4,23,51,17,149,41,2,2,6,11,6,15
31,PRAHOVA,"CASA DE CULTURĂ (SALA MICĂ)",276,"ORAŞ VĂLENII DE MUNTE",131817,1,PROV,PRCNCT,S,S_SV,"2021-01-21 12:30:02",1337,1308,29,0,400,371,29,0,1500,1100,389,8,3,13,82,24,185,39,3,5,9,19,6,4
31,PRAHOVA,"CASA DE CULTURĂ (FOAIER)",277,"ORAŞ VĂLENII DE MUNTE",131817,1,PROV,PRCNCT,S,S_SV,"2021-01-21 12:30:02",1135,1113,22,0,325,303,22,0,1200,875,310,8,7,24,49,14,143,39,1,1,5,10,8,16
31,PRAHOVA,"CLUBUL COPIILOR",278,"ORAŞ VĂLENII DE MUNTE",131817,1,PROV,PRCNCT,S,S_SV,"2021-01-21 12:30:02",889,874,15,0,288,273,15,0,1000,712,282,6,0,10,55,9,114,68,0,1,5,2,5,13
31,PRAHOVA,"ȘCOALA GIMNAZIALĂ ”INGINER GHEORGHE PĂNCULESCU”",279,"ORAŞ VĂLENII DE MUNTE",131817,1,PROV,PRCNCT,S,S_SV,"2021-01-21 12:30:02",1303,1283,20,0,407,387,20,0,1400,993,396,9,2,20,65,24,166,55,3,6,11,18,14,14
31,PRAHOVA,"GRĂDINIȚA CU PROGRAM NORMAL NR. 1",280,"ORAŞ VĂLENII DE MUNTE",131817,1,PROV,PRCNCT,S,S_SV,"2021-01-21 12:30:02",1460,1420,32,8,441,409,24,8,1608,1167,429,7,5,21,85,24,171,80,2,6,2,14,8,16
31,PRAHOVA,"GRĂDINIȚA CU PROGRAM NORMAL NR. 4",281,"ORAŞ VĂLENII DE MUNTE",131817,1,PROV,PRCNCT,S,S_SV,"2021-01-21 12:30:02",1008,987,21,0,305,284,21,0,1100,795,290,6,9,15,39,12,162,25,0,3,5,14,5,10
31,PRAHOVA,"LICEUL TEHNOLOGIC AGROMONTAN ”ROMEO CONSTANTINESCU”",282,"ORAŞ VĂLENII DE MUNTE",131817,1,PROV,PRCNCT,S,S_SV,"2021-01-21 12:30:02",956,940,16,0,323,307,16,0,1001,678,312,6,5,22,45,12,152,34,1,5,5,18,7,11
31,PRAHOVA,"ȘCOALA PRIMARĂ NR.4 (MIULEȘTI)",283,"ORAŞ VĂLENII DE MUNTE",131817,1,PROV,PRCNCT,S,S_SV,"2021-01-21 12:30:02",1236,1208,28,0,401,373,28,0,1300,899,383,15,3,28,86,20,136,54,2,7,9,16,8,17
31,PRAHOVA,"ȘCOALA PRIMARĂ NR.2 (VALEA GARDULUI)",284,"ORAŞ VĂLENII DE MUNTE",131817,1,PROV,PRCNCT,S,S_SV,"2021-01-21 12:30:02",881,870,11,0,276,265,11,0,1004,728,262,7,7,7,45,17,140,17,2,1,9,7,6,11
31,PRAHOVA,"CĂMIN CULTURAL",285,ADUNAŢI,131899,1,PROV,PRCNCT,S,S_SV,"2021-01-21 12:30:02",893,873,15,5,259,239,15,5,900,641,254,5,0,8,130,8,79,11,2,0,5,3,6,2
31,PRAHOVA,"GRĂDINIȚA „CASTELUL PITICILOR”",286,ADUNAŢI,131899,1,PROV,PRCNCT,S,S_SV,"2021-01-21 12:30:02",792,785,6,1,215,208,6,1,900,685,211,1,3,4,129,3,53,15,1,0,4,0,1,1
31,PRAHOVA,"SCOALA GIMNAZIALA CLASELE I-VIII ALBESTI PALEOLOGU",287,ALBEŞTI-PALEOLOGU,131933,1,PROV,PRCNCT,S,S_SV,"2021-01-21 12:30:02",1483,1435,46,2,439,391,46,2,1600,1161,427,7,5,29,140,19,132,69,3,5,9,6,7,8
31,PRAHOVA,"SCOALA GIMNAZIALA CLASELE I-VIII SAT VADU PĂRULUI",288,ALBEŞTI-PALEOLOGU,131933,1,PROV,PRCNCT,S,S_SV,"2021-01-21 12:30:02",1563,1536,27,0,395,368,27,0,1700,1305,380,4,11,13,148,19,117,59,1,4,2,2,8,7
31,PRAHOVA,"SCOALA GIMNAZIALA CU CLASELE I-IV SAT ALBESTI MURU",289,ALBEŞTI-PALEOLOGU,131933,1,PROV,PRCNCT,S,S_SV,"2021-01-21 12:30:02",903,886,17,0,211,194,17,0,1000,789,208,2,1,7,72,8,63,40,0,4,5,1,4,4
31,PRAHOVA,"SCOALA GIMNAZIALA CU CLASELE I-VIII CIOCENI",290,ALBEŞTI-PALEOLOGU,131933,1,PROV,PRCNCT,S,S_SV,"2021-01-21 12:30:02",737,719,18,0,224,206,18,0,800,576,207,12,5,7,47,14,91,15,4,5,4,3,6,11
31,PRAHOVA,"SCOALA GIMNAZIALA GHEORGHE COSTESCU ALUNIS",291,ALUNIŞ,131988,1,PROV,PRCNCT,S,S_SV,"2021-01-21 12:30:02",1220,1187,33,0,465,432,33,0,1300,835,445,13,7,15,56,29,226,65,3,10,9,5,12,15
31,PRAHOVA,"SCOALA CU CLS. I-IV ALUNIS VALE",292,ALUNIŞ,131988,1,PROV,PRCNCT,S,S_SV,"2021-01-21 12:30:02",727,700,26,1,231,204,26,1,800,569,221,6,4,8,40,8,106,31,1,1,5,3,6,12
31,PRAHOVA,"SCOALA GIMNAZIALA SAT OSTROVU",293,ALUNIŞ,131988,1,PROV,PRCNCT,S,S_SV,"2021-01-21 12:30:02",805,780,25,0,280,255,25,0,901,621,261,13,6,9,46,19,128,30,2,2,10,2,5,8
31,PRAHOVA,"CONSILIUL LOCAL APOSTOLACHE",294,APOSTOLACHE,132011,1,PROV,PRCNCT,S,S_SV,"2021-01-21 12:30:02",899,864,31,4,346,311,31,4,900,554,330,6,10,23,142,12,99,28,2,2,6,8,6,2
31,PRAHOVA,"CONSILIUL LOCAL APOSTOLACHE",295,APOSTOLACHE,132011,1,PROV,PRCNCT,S,S_SV,"2021-01-21 12:30:02",805,784,20,1,236,215,20,1,900,664,220,6,10,8,95,5,75,17,3,5,4,2,4,2
31,PRAHOVA,"ȘCOALA GIMNAZIALĂ COMUNA ARICEȘTII RAHTIVANI NR. 96A",296,"ARICEŞTII RAHTIVANI",132075,1,PROV,PRCNCT,S,S_SV,"2021-01-21 12:30:02",1210,1184,26,0,356,330,26,0,1300,944,351,4,1,49,64,21,98,97,0,1,1,4,4,12
31,PRAHOVA,"CĂMINUL CULTURAL ARICEȘTII RAHTIVANI, NR. 527A",297,"ARICEŞTII RAHTIVANI",132075,1,PROV,PRCNCT,S,S_SV,"2021-01-21 12:30:02",1080,1065,15,0,289,274,15,0,1200,911,284,2,3,38,68,16,79,60,2,5,7,2,5,2
31,PRAHOVA,"GRĂDINIȚA CU PROGRAM NORMAL NEDELEA NR. 47A",298,"ARICEŞTII RAHTIVANI",132075,1,PROV,PRCNCT,S,S_SV,"2021-01-21 12:30:02",823,798,16,9,229,204,16,9,900,671,224,1,4,13,38,14,71,62,1,1,3,10,1,10
31,PRAHOVA,"ȘCOALA GIMNAZIALĂ SAT NEDELEA, COMUNA ARICEȘTII RAHTIVANI, NR. 491",299,"ARICEŞTII RAHTIVANI",132075,1,PROV,PRCNCT,S,S_SV,"2021-01-21 12:30:02",1167,1146,21,0,316,295,21,0,1300,984,305,11,0,37,59,15,90,86,0,4,3,4,3,4
31,PRAHOVA,"ȘCOALA GIMNAZIALĂ SAT STOENEȘTI NR. 14",300,"ARICEŞTII RAHTIVANI",132075,1,PROV,PRCNCT,S,S_SV,"2021-01-21 12:30:02",1164,1141,23,0,292,269,23,0,1200,908,285,6,1,19,61,22,88,73,0,4,5,1,4,8
31,PRAHOVA,"GRĂDINIȚA CU PROGRAM NORMAL TÎRGȘORU NOU, NR. 175",301,"ARICEŞTII RAHTIVANI",132075,1,PROV,PRCNCT,S,S_SV,"2021-01-21 12:30:02",1031,917,77,37,263,186,40,37,1000,737,254,6,3,16,40,13,99,58,0,2,4,5,7,10
31,PRAHOVA,"GRĂDINIȚA CU PROGRAM NORMAL BUDA NR. 46 A",302,"ARICEŞTII RAHTIVANI",132075,1,PROV,PRCNCT,S,S_SV,"2021-01-21 12:30:02",447,421,26,0,161,135,26,0,500,339,150,5,6,8,48,9,34,31,0,3,1,1,6,9
31,PRAHOVA,"ŞCOALA GIMNAZIALĂ ATHANASIE JAN STOICESCU",303,"ARICEŞTII ZELETIN",132137,1,PROV,PRCNCT,S,S_SV,"2021-01-21 12:30:02",973,926,44,3,357,310,44,3,1000,643,347,5,5,6,142,24,137,14,0,3,7,9,5,0
31,PRAHOVA,"SCOALA GIMNAZIALĂ BABA ANA",304,"BABA ANA",132164,1,PROV,PRCNCT,S,S_SV,"2021-01-21 12:30:02",1550,1531,19,0,355,336,19,0,1700,1345,342,7,6,25,108,25,128,29,1,3,10,1,7,5
31,PRAHOVA,"SCOALA GIMNAZIALĂ CONDURATU",305,"BABA ANA",132164,2,PART,PRCNCT,S,S_SV,"2021-01-21 12:30:02",1013,990,23,0,236,213,23,0,1103,867,228,5,3,10,64,13,88,26,2,3,6,3,4,9
31,PRAHOVA,"SCOALA GIMNAZIALĂ CIREŞANU",306,"BABA ANA",132164,1,PROV,PRCNCT,S,S_SV,"2021-01-21 12:30:02",711,678,33,0,180,147,33,0,700,520,170,7,3,62,25,6,64,9,0,0,0,0,2,2
31,PRAHOVA,"SCOALA CU CLS. I-IV SATU NOU",307,"BABA ANA",132164,1,PROV,PRCNCT,S,S_SV,"2021-01-21 12:30:02",102,91,11,0,34,23,11,0,100,66,32,2,0,6,9,3,10,2,0,0,0,0,0,2
31,PRAHOVA,"ȘCOALA GIMNAZIALĂ SFINȚII ÎMPĂRAȚI BALTA DOAMNEI",308,"BALTA DOAMNEI",132226,1,PROV,PRCNCT,S,S_SV,"2021-01-21 12:30:02",1221,1191,26,4,357,327,26,4,1300,943,344,11,2,17,61,13,165,56,0,5,6,9,6,6
31,PRAHOVA,"ȘCOALA PRIMARĂ DIN BÎRA",309,"BALTA DOAMNEI",132226,1,PROV,PRCNCT,S,S_SV,"2021-01-21 12:30:02",751,728,23,0,163,140,23,0,800,637,156,0,7,4,24,5,88,21,2,1,4,3,2,2
31,PRAHOVA,"ŞCOALA CU CLASELE I-IV",310,BĂLŢEŞTI,132271,1,PROV,PRCNCT,S,S_SV,"2021-01-21 12:30:02",1600,1538,62,0,579,517,62,0,1700,1121,557,15,7,17,332,18,106,38,6,4,5,6,19,6
31,PRAHOVA,"ŞCOALA PODENII VECHI",311,BĂLŢEŞTI,132271,1,PROV,PRCNCT,S,S_SV,"2021-01-21 12:30:02",1447,1404,41,2,475,432,41,2,1500,1025,452,15,8,23,241,24,93,22,2,7,10,2,19,9
31,PRAHOVA,"ŞCOALA GIMNAZIALĂ ”IOAN DUHOVNICUL” BĂNEŞTI",312,BĂNEŞTI,132315,1,PROV,PRCNCT,S,S_SV,"2021-01-21 12:30:02",1418,1380,34,4,392,354,34,4,1500,1108,379,9,4,39,102,22,97,80,1,6,9,5,7,11
31,PRAHOVA,"DISPENSAR UMAN BĂNEŞTI",313,BĂNEŞTI,132315,1,PROV,PRCNCT,S,S_SV,"2021-01-21 12:30:02",1370,1349,21,0,418,397,21,0,1500,1082,409,9,0,48,102,32,105,93,2,1,6,2,5,13
31,PRAHOVA,"ŞCOALA GIMNAZIALĂ ”IOAN DUHOVNICUL” BĂNEŞTI",314,BĂNEŞTI,132315,1,PROV,PRCNCT,S,S_SV,"2021-01-21 12:30:02",1102,1070,30,2,327,295,30,2,1200,873,321,4,2,24,104,22,95,55,0,3,4,3,1,10
31,PRAHOVA,"ŞCOALA GIMNAZIALĂ ”IOAN DUHOVNICUL” BĂNEŞTI",315,BĂNEŞTI,132315,1,PROV,PRCNCT,S,S_SV,"2021-01-21 12:30:02",984,955,29,0,270,241,29,0,1100,830,261,9,0,25,83,21,90,29,2,2,2,0,1,6
31,PRAHOVA,"ŞCOALA GIMNAZIALĂ ”GHEORGHE LAZĂR” COMUNA BĂRCĂNEŞTI",316,BĂRCĂNEŞTI,130552,1,PROV,PRCNCT,S,S_SV,"2021-01-21 12:30:02",1308,1294,14,0,204,190,14,0,1400,1196,193,8,3,7,33,12,72,36,0,6,6,6,7,8
31,PRAHOVA,"ŞCOALA GIMNAZIALĂ ”GHEORGHE LAZĂR” COMUNA BĂRCĂNEŞTI",317,BĂRCĂNEŞTI,130552,1,PROV,PRCNCT,S,S_SV,"2021-01-21 12:30:02",1388,1376,12,0,292,280,12,0,1500,1208,287,2,3,43,47,18,98,55,1,1,6,8,5,5
31,PRAHOVA,"SEDIUL FOSTEI ŞCOLI CU CLASELE I-IV GHIGHIU",318,BĂRCĂNEŞTI,130552,1,PROV,PRCNCT,S,S_SV,"2021-01-21 12:30:02",609,590,19,0,187,168,19,0,700,513,180,6,1,13,36,18,41,45,2,3,3,10,6,3
31,PRAHOVA,"SEDIUL FOSTEI ŞCOLI CU CLASELE I-IV PUŞCAŞI",319,BĂRCĂNEŞTI,130552,1,PROV,PRCNCT,S,S_SV,"2021-01-21 12:30:02",336,323,13,0,80,67,13,0,400,320,77,3,0,2,28,3,19,10,0,1,4,2,5,3
31,PRAHOVA,"ŞCOALA GIMNAZIALĂ ROMÂNEŞTI",320,BĂRCĂNEŞTI,130552,1,PROV,PRCNCT,S,S_SV,"2021-01-21 12:30:02",1589,1563,26,0,313,287,26,0,1700,1387,293,17,3,23,72,21,99,47,3,1,7,3,5,12
31,PRAHOVA,"ŞCOALA GIMNAZIALĂ TĂTĂRANI",321,BĂRCĂNEŞTI,130552,1,PROV,PRCNCT,S,S_SV,"2021-01-21 12:30:02",1243,1216,25,2,298,271,25,2,1400,1102,293,5,0,20,58,29,77,80,2,1,6,8,5,7
31,PRAHOVA,"ŞCOALA GIMNAZIALĂ TĂTĂRANI",322,BĂRCĂNEŞTI,130552,1,PROV,PRCNCT,S,S_SV,"2021-01-21 12:30:02",1312,1292,20,0,379,359,20,0,1400,1021,373,4,2,21,97,23,86,123,1,3,1,4,3,11
31,PRAHOVA,"SCOALA GIMNAZIALA, COMUNA BATRANI",323,BĂTRÂNI,136278,1,PROV,PRCNCT,S,S_SV,"2021-01-21 12:30:02",900,886,13,1,275,261,13,1,1000,725,264,6,5,16,42,9,158,11,0,2,9,3,3,11
31,PRAHOVA,"GRADINITA DE COPII",324,BĂTRÂNI,136278,2,PART,PRCNCT,S,S_SV,"2021-01-21 12:30:02",774,757,17,0,238,221,17,0,800,562,224,6,8,12,42,7,113,24,2,3,9,3,6,3
31,PRAHOVA,"SCOALA GIMNAZIALA BERCENI,SALA DE SPORT PARTER",325,BERCENI,130614,1,PROV,PRCNCT,S,S_SV,"2021-01-21 12:30:02",1370,1317,53,0,459,406,53,0,1500,1041,439,11,9,8,218,21,101,52,2,7,7,6,6,11
31,PRAHOVA,"GRADINITA CU PROGRAM NORMAL-SALA MICA PARTER,COM.BERCENI,SAT BERCENI,STR.GRADINITEI NR. 358 A",326,BERCENI,130614,1,PROV,PRCNCT,S,S_SV,"2021-01-21 12:30:02",785,763,22,0,253,231,22,0,800,547,246,6,1,7,124,9,59,28,2,4,6,1,2,4
31,PRAHOVA,"SCOALA CU CLASELE I-VIII-SALA DE SPORT PARTER,COM.BERCENI,SAT CORLATESTI,STR.SCOLII,NR.139 A",327,BERCENI,130614,1,PROV,PRCNCT,S,S_SV,"2021-01-21 12:30:02",1214,1196,18,0,388,370,18,0,1300,912,377,8,3,12,166,33,78,42,0,4,8,5,11,18
31,PRAHOVA,"CAMINUL CULTURAL -SALA MARE PARTER,COM.BERCENI,SAT DIMBU,STR.PLOPULUI,NR.73 A,",328,BERCENI,130614,1,PROV,PRCNCT,S,S_SV,"2021-01-21 12:30:02",417,384,33,0,168,135,33,0,400,232,161,5,2,5,72,14,48,13,0,1,2,1,2,3
31,PRAHOVA,"GRADINITA CU PROGRAM NORMAL,SALA MICA PARTER,COM.BERCENI,SAT CATUNU.STR.DEMOCRATIEI,NR.148 A",329,BERCENI,130614,1,PROV,PRCNCT,S,S_SV,"2021-01-21 12:30:02",567,536,31,0,220,189,31,0,600,380,211,5,4,5,114,4,47,24,1,4,5,1,4,2
31,PRAHOVA,"GRADINITA CU PROGRAM NORMAL-SALA MARE PARTER,COM.BERCENI,SAT MOARA NOUA,STR.SCOLII,NR.106 C",330,BERCENI,130614,1,PROV,PRCNCT,S,S_SV,"2021-01-21 12:30:02",949,904,23,22,281,236,23,22,1000,719,274,2,5,8,144,5,66,17,2,4,4,7,7,10
31,PRAHOVA,"GRADINITA DE COPII NR.1",331,BERTEA,132342,1,PROV,PRCNCT,S,S_SV,"2021-01-21 12:30:02",1403,1387,16,0,392,376,16,0,1500,1108,363,12,17,17,124,32,100,52,1,3,6,4,9,15
31,PRAHOVA,"GRADINITA DE COPII NR.2",332,BERTEA,132342,1,PROV,PRCNCT,S,S_SV,"2021-01-21 12:30:02",1163,1144,19,0,317,298,19,0,1300,983,306,10,1,9,90,15,118,24,2,4,4,22,9,9
31,PRAHOVA,"ȘCOALA GIMNAZIALĂ ”RADU TUDORAN” BLEJOI, SAT BLEJOI, NR. 510",333,BLEJOI,130678,1,PROV,PRCNCT,S,S_SV,"2021-01-21 12:30:02",1680,1641,36,3,517,478,36,3,1800,1283,508,7,2,33,119,18,149,120,4,4,13,25,7,16
31,PRAHOVA,"GRĂDINIȚA CU PROGRAM NORMAL BLEJOI, SAT BLEJOI, NR. 511",334,BLEJOI,130678,1,PROV,PRCNCT,S,S_SV,"2021-01-21 12:30:02",1583,1553,30,0,521,491,30,0,1700,1179,503,16,2,30,116,27,169,118,4,3,7,9,7,13
31,PRAHOVA,"GRĂDINIȚA CU PROGRAM NORMAL PLOIEȘTIORI, SAT PLOIEȘTIORI, NR. 537",335,BLEJOI,130678,1,PROV,PRCNCT,S,S_SV,"2021-01-21 12:30:02",1110,1091,19,0,337,318,19,0,1200,863,329,5,3,15,60,16,122,72,1,5,5,11,6,16
31,PRAHOVA,"CĂMINUL CULTURAL ”GEO BOGZA”, SAT PLOIEȘTIORI, NR. 174 B",336,BLEJOI,130678,1,PROV,PRCNCT,S,S_SV,"2021-01-21 12:30:02",1923,1887,29,7,623,587,29,7,2000,1377,608,10,5,38,150,14,129,186,1,6,10,43,6,25
31,PRAHOVA,"GRĂDINIȚA CU PROGRAM NORMAL ȚÎNȚĂRENI, SAT ȚÎNȚĂRENI, NR. 232 E",337,BLEJOI,130678,1,PROV,PRCNCT,S,S_SV,"2021-01-21 12:30:02",1437,1411,26,0,410,384,26,0,1600,1190,398,9,3,28,82,37,113,95,0,4,9,14,3,13
31,PRAHOVA,"CĂMİN CULTURAL BOLDEŞTİ",338,BOLDEŞTI-GRADIŞTEA,132379,1,PROV,PRCNCT,S,S_SV,"2021-01-21 12:30:02",650,634,16,0,193,177,16,0,700,507,184,3,6,5,44,18,92,6,1,0,9,1,7,1
31,PRAHOVA,"ŞCOALA GİMNAZİALĂ COMUNA BOLDEŞTİ-GRADİŞTEA,CORP B",339,BOLDEŞTI-GRADIŞTEA,132379,1,PROV,PRCNCT,S,S_SV,"2021-01-21 12:30:02",697,681,16,0,233,217,16,0,800,567,221,3,9,6,140,6,41,6,3,5,5,0,6,3
31,PRAHOVA,"SALA DE SPORT A ŞCOLII GIMNAZIALE ”DUMITRU HERA” BĂTEŞTI",340,BRAZI,130712,1,PROV,PRCNCT,S,S_SV,"2021-01-21 12:30:02",1459,1437,22,0,388,366,22,0,1500,1112,371,16,1,30,114,22,120,41,1,1,9,7,10,16
31,PRAHOVA,"SALA DE FESTIVITĂŢI A PRIMĂRIEI COMUNEI BRAZI",341,BRAZI,130712,1,PROV,PRCNCT,S,S_SV,"2021-01-21 12:30:02",656,629,25,2,196,169,25,2,700,504,190,4,2,20,57,17,37,27,3,3,4,5,4,13
31,PRAHOVA,"ŞCOALA GIMNAZIALĂ BRAZI",342,BRAZI,130712,1,PROV,PRCNCT,S,S_SV,"2021-01-21 12:30:02",1048,1023,25,0,338,313,25,0,1100,762,324,9,5,22,157,20,62,32,0,6,2,9,6,8
31,PRAHOVA,"PUNCTUL DE LUCRU AL PRIMĂRIEI BRAZI DIN SATUL POPEŞTI",343,BRAZI,130712,1,PROV,PRCNCT,S,S_SV,"2021-01-21 12:30:02",1485,1457,28,0,422,394,28,0,1600,1178,409,7,6,30,105,23,136,66,3,4,6,11,15,10
31,PRAHOVA,"SALA DE SPORT A ŞCOLII GIMNAZIALE ”PROFESOR OPREA MIHAI” SAT NEGOIEŞTI",344,BRAZI,130712,1,PROV,PRCNCT,S,S_SV,"2021-01-21 12:30:02",1566,1539,27,0,458,431,27,0,1700,1242,441,11,6,25,126,35,122,85,1,1,6,9,9,22
31,PRAHOVA,"FOSTUL SEDIU AL GRADINŢEI DE COPII DIN COLONIA BRAZI",345,BRAZI,130712,1,PROV,PRCNCT,S,S_SV,"2021-01-21 12:30:02",346,329,17,0,148,131,17,0,400,252,138,8,2,10,40,9,40,17,1,3,3,6,2,7
31,PRAHOVA,"FOSTUL SEDIU AL ŞCOLII GIMNAZIALE DIN SATUL STEJARU",346,BRAZI,130712,1,PROV,PRCNCT,S,S_SV,"2021-01-21 12:30:02",524,518,6,0,97,91,6,0,600,503,90,4,3,5,37,5,25,4,1,0,9,0,2,2
31,PRAHOVA,"ŞCOALA GIMNAZIALĂ MATEI BASARAB CORP B, SAT BREBU MÎNĂSTIREI, NR.803",347,BREBU,132404,1,PROV,PRCNCT,S,S_SV,"2021-01-21 12:30:02",919,876,39,4,285,242,39,4,1000,715,278,6,1,17,99,15,87,41,1,2,4,2,4,6
31,PRAHOVA,"ŞCOALA GIMNAZIALĂ MATEI BASARAB CORP A, SAT BREBU MÎNĂSTIREI, NR.799",348,BREBU,132404,1,PROV,PRCNCT,S,S_SV,"2021-01-21 12:30:02",1506,1486,20,0,402,382,20,0,1600,1198,389,12,1,28,129,15,135,46,0,7,5,3,8,13
31,PRAHOVA,"ŞCOALA GIMNAZIALĂ MATEI BASARAB, ŞCOALĂ PRIMARĂ STRUCTURĂ, NR.2, SAT BREBU MEGIEŞESC, NR.53",349,BREBU,132404,1,PROV,PRCNCT,S,S_SV,"2021-01-21 12:30:02",1477,1451,26,0,451,425,26,0,1500,1049,438,11,2,30,142,13,160,60,1,0,9,7,5,11
31,PRAHOVA,"ŞCOALA GIMNAZIALĂ MATEI BASARAB, ŞCOALĂ PRIMARĂ STRUCTURĂ, SAT BREBU MEGIEŞESC, NR.278",350,BREBU,132404,1,PROV,PRCNCT,S,S_SV,"2021-01-21 12:30:02",1077,1050,27,0,297,270,27,0,1200,903,290,5,2,26,101,9,70,50,0,3,3,5,14,9
31,PRAHOVA,"ŞCOALA GIMNAZIALĂ MATEI BASARAB, ŞCOALĂ GIMNAZIALĂ PIETRICEAUA, SAT PIETRICEAUA, NR.1",351,BREBU,132404,1,PROV,PRCNCT,S,S_SV,"2021-01-21 12:30:02",928,910,18,0,204,186,18,0,1000,796,197,6,1,18,92,8,49,18,0,0,3,2,2,5
31,PRAHOVA,"ŞCOALA GIMNAZIALĂ MATEI BASARAB, ŞCOALĂ PRIMARĂ STRUCTURĂ, SAT PODU CHEII, NR.12",352,BREBU,132404,1,PROV,PRCNCT,S,S_SV,"2021-01-21 12:30:02",144,132,12,0,53,41,12,0,200,147,51,2,0,3,18,2,21,4,0,1,0,0,1,1
31,PRAHOVA,"SALA DE SPORT BUCOV",353,BUCOV,130785,1,PROV,PRCNCT,S,S_SV,"2021-01-21 12:30:02",1605,1556,44,5,476,427,44,5,1700,1224,467,6,3,19,135,15,126,131,0,1,9,10,8,13
31,PRAHOVA,"SALA DE SPORT BUCOV",354,BUCOV,130785,1,PROV,PRCNCT,S,S_SV,"2021-01-21 12:30:02",1556,1509,41,6,434,387,41,6,1700,1266,416,8,10,13,184,6,119,66,0,6,5,3,6,8
31,PRAHOVA,"SALA DE SPORT BUCOV",355,BUCOV,130785,1,PROV,PRCNCT,S,S_SV,"2021-01-21 12:30:02",1378,1331,47,0,417,370,47,0,1500,1083,410,7,0,25,108,17,98,122,0,5,6,11,5,13
31,PRAHOVA,"CAMIN CULTURAL CHITORANI",356,BUCOV,130785,1,PROV,PRCNCT,S,S_SV,"2021-01-21 12:30:02",1358,1321,31,6,416,379,31,6,1400,984,403,8,5,19,144,18,82,95,1,4,6,8,13,13
31,PRAHOVA,"CAMIN CULTURAL PLEASA",357,BUCOV,130785,1,PROV,PRCNCT,S,S_SV,"2021-01-21 12:30:02",1263,1230,31,2,430,397,31,2,1300,870,420,7,3,12,127,18,129,85,1,3,12,7,8,18
31,PRAHOVA,"CAMIN CULTURAL PLEASA",358,BUCOV,130785,1,PROV,PRCNCT,S,S_SV,"2021-01-21 12:30:02",1341,1318,23,0,425,402,23,0,1500,1075,408,11,6,7,128,17,98,96,4,3,13,15,6,21
31,PRAHOVA,"CLUB PLEASA",359,BUCOV,130785,1,PROV,PRCNCT,S,S_SV,"2021-01-21 12:30:02",1075,1054,21,0,316,295,21,0,1200,884,298,13,5,19,130,21,65,28,2,10,6,5,3,9
31,PRAHOVA,"VECHIUL SEDIU AL PRIMARIEI",360,CĂLUGĂRENI,132459,1,PROV,PRCNCT,S,S_SV,"2021-01-21 12:30:02",938,927,11,0,207,196,11,0,1000,793,193,6,8,4,31,5,113,13,1,4,5,2,9,6
31,PRAHOVA,"ŞCOALA GIMNAZIALĂ CĂRBUNEŞTI",361,CĂRBUNEŞTI,132486,1,PROV,PRCNCT,S,S_SV,"2021-01-21 12:30:02",1394,1372,22,0,300,278,22,0,1500,1200,288,7,5,7,130,17,84,16,2,2,7,14,5,4
31,PRAHOVA,"SCOALA CU CLASELE I-VIII ”NICHITA STANESCU” CEPTURA",362,CEPTURA,132510,1,PROV,PRCNCT,S,S_SV,"2021-01-21 12:30:02",969,946,23,0,247,224,23,0,1000,753,238,7,2,7,44,10,113,40,2,2,4,5,4,7
31,PRAHOVA,"SCOALA CU CLASELE I-VIII ”NICHITA STANESCU” CEPTURA",363,CEPTURA,132510,1,PROV,PRCNCT,S,S_SV,"2021-01-21 12:30:02",909,901,8,0,213,205,8,0,1000,787,204,7,2,9,60,11,85,17,0,2,4,6,7,3
31,PRAHOVA,"SEDIUL SERVICIULUI PUBLIC DE GOSPODARIE COMUNALA CEPTURA",364,CEPTURA,132510,1,PROV,PRCNCT,S,S_SV,"2021-01-21 12:30:02",493,485,8,0,135,127,8,0,500,365,127,4,4,9,24,9,65,11,0,0,2,1,1,5
31,PRAHOVA,"GRADINITA DE COPII SOIMESTI",365,CEPTURA,132510,1,PROV,PRCNCT,S,S_SV,"2021-01-21 12:30:02",604,588,16,0,149,133,16,0,700,551,144,1,4,13,28,7,69,14,0,0,5,1,4,3
31,PRAHOVA,"SCOALA CU CLASELE I - VIII ROTARI",366,CEPTURA,132510,1,PROV,PRCNCT,S,S_SV,"2021-01-21 12:30:02",626,609,17,0,131,114,17,0,700,569,127,4,0,8,19,2,74,12,0,3,2,1,2,4
31,PRAHOVA,"SCOALA CU CLASELE I - IV",367,CEPTURA,132510,1,PROV,PRCNCT,S,S_SV,"2021-01-21 12:30:02",144,127,17,0,53,36,17,0,200,147,51,1,1,24,4,3,16,4,0,0,0,0,0,0
31,PRAHOVA,"LICEUL TEHNOLOGIC CERAŞU",368,CERAŞU,132574,1,PROV,PRCNCT,S,S_SV,"2021-01-21 12:30:02",1262,1235,26,1,499,472,26,1,1300,801,483,8,8,6,214,16,167,38,2,6,12,6,5,11
31,PRAHOVA,"ŞCOALA GIMNAZIALĂ VALEA BORULUI",369,CERAŞU,132574,1,PROV,PRCNCT,S,S_SV,"2021-01-21 12:30:02",712,681,25,6,293,262,25,6,800,507,281,10,2,8,145,9,72,19,1,4,5,2,4,12
31,PRAHOVA,"ŞCOALA GIMNAZIALĂ SLON",370,CERAŞU,132574,2,PART,PRCNCT,S,S_SV,"2021-01-21 12:30:02",791,768,17,6,314,291,17,6,900,586,305,1,8,6,171,8,82,20,0,2,5,3,3,5
31,PRAHOVA,"ŞCOALA GIMNAZIALĂ SLON",371,CERAŞU,132574,1,PROV,PRCNCT,S,S_SV,"2021-01-21 12:30:02",920,902,18,0,299,281,18,0,1000,701,284,9,6,6,134,10,100,16,0,3,7,2,2,4
31,PRAHOVA,"GRADINITA CHIOJDEANCA",372,CHIOJDEANCA,132645,1,PROV,PRCNCT,S,S_SV,"2021-01-21 12:30:02",811,790,21,0,265,244,21,0,900,635,243,10,12,48,59,5,91,18,3,2,5,2,6,4
31,PRAHOVA,"SCOALA TRENU",373,CHIOJDEANCA,132645,2,PART,PRCNCT,S,S_SV,"2021-01-21 12:30:02",485,464,21,0,141,120,21,0,500,359,132,5,4,15,18,6,69,12,2,1,3,1,3,2
31,PRAHOVA,"LICEUL CIORANI",374,CIORANI,132681,1,PROV,PRCNCT,S,S_SV,"2021-01-21 12:30:02",1010,970,25,15,265,228,25,12,1100,835,258,5,2,4,157,2,90,3,1,0,0,0,0,1
31,PRAHOVA,"LICEUL CIORANI",375,CIORANI,132681,1,PROV,PRCNCT,S,S_SV,"2021-01-21 12:30:02",1552,1514,23,15,375,337,23,15,1600,1225,369,4,2,3,211,2,146,3,0,0,2,0,0,2
31,PRAHOVA,"ȘCOALA CU CLASELE I-IV",376,CIORANI,132681,1,PROV,PRCNCT,S,S_SV,"2021-01-21 12:30:02",991,965,11,15,185,164,11,10,1100,915,178,5,2,3,92,7,51,11,0,3,5,2,4,0
31,PRAHOVA,"ȘCOALA GENERALĂ CIORANII DE SUS",377,CIORANI,132681,1,PROV,PRCNCT,S,S_SV,"2021-01-21 12:30:02",917,873,34,10,244,200,34,10,1000,756,242,0,2,8,127,6,91,1,1,0,2,2,4,0
31,PRAHOVA,PRIMĂRIA,378,CIORANI,132681,1,PROV,PRCNCT,S,S_SV,"2021-01-21 12:30:02",982,935,20,27,339,292,20,27,1000,661,334,2,3,7,147,8,130,24,4,2,4,0,4,4
31,PRAHOVA,"CASA DE CULTURA RURALA",379,"COCORĂŞTII COLŢ",136241,1,PROV,PRCNCT,S,S_SV,"2021-01-21 12:30:02",1431,1376,53,2,379,324,53,2,1500,1121,357,12,10,15,67,72,118,48,3,0,8,6,7,13
31,PRAHOVA,"SCOALA PRIMARA COCORASTII GRIND",380,"COCORĂŞTII COLŢ",136241,1,PROV,PRCNCT,S,S_SV,"2021-01-21 12:30:02",974,964,10,0,241,231,10,0,1100,859,228,13,0,15,41,30,106,9,1,2,7,3,6,8
31,PRAHOVA,"CĂMIN CULTURAL",381,"COCORĂŞTII MISLII",132716,1,PROV,PRCNCT,S,S_SV,"2021-01-21 12:30:02",1592,1561,24,7,533,502,24,7,1700,1167,515,12,6,13,149,33,176,106,2,2,8,5,8,13
31,PRAHOVA,"CĂMIN CULTURAL",382,"COCORĂŞTII MISLII",132716,1,PROV,PRCNCT,S,S_SV,"2021-01-21 12:30:02",1243,1216,24,3,469,442,24,3,1400,931,453,12,4,10,128,63,159,54,2,6,10,2,5,14
31,PRAHOVA,"SCOALA GIMNAZIALA, COMUNA COLCEAG PJ",383,COLCEAG,132752,1,PROV,PRCNCT,S,S_SV,"2021-01-21 12:30:02",1095,1075,20,0,193,173,20,0,1200,1007,177,6,10,5,71,6,51,31,1,1,6,1,3,1
31,PRAHOVA,"SCOALA PRIMARA VILCELELE - COLCEAG - STRUCTURA",384,COLCEAG,132752,1,PROV,PRCNCT,S,S_SV,"2021-01-21 12:30:02",439,419,20,0,106,86,20,0,500,394,101,4,1,2,63,8,18,5,0,3,1,0,0,1
31,PRAHOVA,"SCOALA GIMNAZIALA INOTESTI-COLCEAG-STRUCTURA",385,COLCEAG,132752,1,PROV,PRCNCT,S,S_SV,"2021-01-21 12:30:02",1474,1447,27,0,343,316,27,0,1500,1157,335,5,3,7,91,14,150,37,1,6,12,6,3,8
31,PRAHOVA,"SCOALA GIMNAZIALA PAREPA-RUSANI-COLCEAG-STRUCTURA",386,COLCEAG,132752,1,PROV,PRCNCT,S,S_SV,"2021-01-21 12:30:02",806,784,21,1,151,129,21,1,900,749,146,3,2,5,71,3,44,10,1,6,1,1,2,2
31,PRAHOVA,"GRĂDINIŢA CU PROGRAM NORMAL",387,CORNU,132805,1,PROV,PRCNCT,S,S_SV,"2021-01-21 12:30:02",1383,1351,26,6,470,438,26,6,1500,1030,457,7,6,32,77,38,203,73,1,7,6,4,4,12
31,PRAHOVA,"GRĂDINIŢA CU PROGRAM NORMAL",388,CORNU,132805,1,PROV,PRCNCT,S,S_SV,"2021-01-21 12:30:02",868,830,20,18,392,354,20,18,900,508,383,6,3,5,45,18,227,59,2,4,4,2,8,9
31,PRAHOVA,"ŞCOALA GIMNAZIALĂ ”PROFESOR CRISTEA STĂNESCU”",389,CORNU,132805,1,PROV,PRCNCT,S,S_SV,"2021-01-21 12:30:02",1468,1419,34,15,547,498,34,15,1600,1053,527,16,4,17,69,30,293,82,0,3,6,4,12,11
31,PRAHOVA,"BIBLIOTECA COMUNALĂ COSMINELE",390,COSMINELE,132841,1,PROV,PRCNCT,S,S_SV,"2021-01-21 12:30:02",843,817,26,0,300,274,26,0,900,600,291,6,3,24,59,78,88,21,0,5,6,0,3,7
31,PRAHOVA,"ȘCOALA GIMNAZIALĂ ”PLATON MOCANU”",391,DRAJNA,132896,1,PROV,PRCNCT,S,S_SV,"2021-01-21 12:30:02",1448,1413,31,4,384,349,31,4,1600,1216,372,5,7,23,99,31,153,33,2,4,6,7,5,9
31,PRAHOVA,"GRĂDINIȚA PLĂIȘANI",392,DRAJNA,132896,1,PROV,PRCNCT,S,S_SV,"2021-01-21 12:30:02",718,708,10,0,206,196,10,0,800,594,195,5,6,10,66,16,73,14,1,1,2,1,4,7
31,PRAHOVA,"ȘCOALA GIMNAZIALĂ DRAJNA DE SUS",393,DRAJNA,132896,1,PROV,PRCNCT,S,S_SV,"2021-01-21 12:30:02",1270,1242,28,0,280,252,28,0,1400,1120,271,4,5,18,95,12,109,21,1,1,2,1,3,8
31,PRAHOVA,"GRĂDINIȚA CU PROGRAM NORMAL OGRETIN",394,DRAJNA,132896,1,PROV,PRCNCT,S,S_SV,"2021-01-21 12:30:02",1062,1040,20,2,212,190,20,2,1100,888,206,1,5,14,91,7,56,21,1,0,6,2,4,4
31,PRAHOVA,"GRĂDINIȚA DRĂGĂNEȘTI",395,DRĂGĂNEŞTI,133018,1,PROV,PRCNCT,S,S_SV,"2021-01-21 12:30:02",1043,1024,19,0,251,232,19,0,1200,949,239,7,5,62,33,9,100,22,1,0,2,0,4,6
31,PRAHOVA,"ȘCOALA PRIMARĂ ” LEONIDA SECRETEANU”",396,DRĂGĂNEŞTI,133018,1,PROV,PRCNCT,S,S_SV,"2021-01-21 12:30:02",668,660,8,0,144,136,8,0,700,556,140,2,2,25,9,6,73,13,0,0,3,2,6,3
31,PRAHOVA,"ȘCOALA CU CLASELE I-IV BELCIUG",397,DRĂGĂNEŞTI,133018,1,PROV,PRCNCT,S,S_SV,"2021-01-21 12:30:02",442,433,9,0,143,134,9,0,500,357,135,6,2,45,14,3,60,8,1,1,1,0,2,0
31,PRAHOVA,"ȘCOALA CU CLASELE I-IV CORNU DE JOS",398,DRĂGĂNEŞTI,133018,1,PROV,PRCNCT,S,S_SV,"2021-01-21 12:30:02",493,479,14,0,122,108,14,0,500,378,111,8,3,27,14,5,46,12,0,1,1,2,1,2
31,PRAHOVA,"ȘCOALA PRIMARĂ MERI",399,DRĂGĂNEŞTI,133018,1,PROV,PRCNCT,S,S_SV,"2021-01-21 12:30:02",845,837,8,0,171,163,8,0,900,729,166,4,1,46,18,9,74,9,0,1,2,1,6,0
31,PRAHOVA,"COOPERATIVA DE CONSUM",400,DRĂGĂNEŞTI,133018,1,PROV,PRCNCT,S,S_SV,"2021-01-21 12:30:02",353,335,18,0,99,81,18,0,400,301,94,1,4,24,17,5,35,9,0,0,0,0,3,1
31,PRAHOVA,"CĂMIN CULTURAL LOCALITATEA DUMBRAVA",401,DUMBRAVA,133090,1,PROV,PRCNCT,S,S_SV,"2021-01-21 12:30:02",1325,1300,23,2,380,355,23,2,1400,1020,367,11,2,14,175,15,104,27,1,3,5,7,9,7
31,PRAHOVA,"CĂMIN CULTURAL LOCALITATEA ZĂNOAGA",402,DUMBRAVA,133090,2,PART,PRCNCT,S,S_SV,"2021-01-21 12:30:02",814,785,22,7,290,261,22,7,900,610,275,10,5,7,171,6,56,17,0,3,4,4,4,3
31,PRAHOVA,"CĂMIN CULTURAL LOCALITATEA CIUPELNIŢA",403,DUMBRAVA,133090,1,PROV,PRCNCT,S,S_SV,"2021-01-21 12:30:02",1445,1407,26,12,424,386,26,12,1600,1176,403,14,7,9,206,15,115,18,5,5,3,7,6,14
31,PRAHOVA,"CĂMIN CULTURAL",404,DUMBRĂVEŞTI,131461,2,PART,PRCNCT,S,S_SV,"2021-01-21 12:30:02",1179,1150,29,0,443,414,29,0,1300,857,431,7,5,12,180,21,126,46,1,5,8,4,8,20
31,PRAHOVA,"SALA DE UTILITATE PUBLICĂ",405,DUMBRĂVEŞTI,131461,1,PROV,PRCNCT,S,S_SV,"2021-01-21 12:30:02",1330,1311,18,1,485,466,18,1,1500,1015,466,14,5,13,225,16,138,29,1,4,8,7,11,14
31,PRAHOVA,"FOSTA ŞCOALĂ SAT SFÂRLEANCA",406,DUMBRĂVEŞTI,131461,1,PROV,PRCNCT,S,S_SV,"2021-01-21 12:30:02",509,484,25,0,215,190,25,0,500,285,207,5,3,5,127,8,45,16,0,1,1,2,0,2
31,PRAHOVA,"CAMINUL CULTURAL",407,FÂNTÂNELE,133278,1,PROV,PRCNCT,S,S_SV,"2021-01-21 12:30:02",846,806,35,5,259,224,30,5,900,641,247,8,4,32,45,12,99,33,0,2,2,2,7,13
31,PRAHOVA,"CAMINUL CULTURAL",408,FÂNTÂNELE,133278,1,PROV,PRCNCT,S,S_SV,"2021-01-21 12:30:02",833,812,18,3,245,224,18,3,900,655,241,4,0,22,45,13,126,15,1,1,1,3,4,10
31,PRAHOVA,"CLUBUL ”MINERUL”",409,"FILIPEŞTII DE PĂDURE",133161,1,PROV,PRCNCT,S,S_SV,"2021-01-21 12:30:02",1013,1008,5,0,297,292,5,0,1100,803,290,1,6,11,76,38,110,35,0,1,7,2,2,8
31,PRAHOVA,"ȘCOALA VECHE",410,"FILIPEŞTII DE PĂDURE",133161,1,PROV,PRCNCT,S,S_SV,"2021-01-21 12:30:02",1562,1550,12,0,488,476,12,0,1700,1212,480,7,1,22,105,36,184,82,2,1,9,6,14,19
31,PRAHOVA,"LICEUL TEORETIC",411,"FILIPEŞTII DE PĂDURE",133161,1,PROV,PRCNCT,S,S_SV,"2021-01-21 12:30:02",1532,1505,27,0,481,454,27,0,1602,1121,466,14,1,26,122,34,159,74,1,3,9,8,8,22
31,PRAHOVA,"ȘCOALA GIMNAZIALĂ ”IOAN MOGA”",412,"FILIPEŞTII DE PĂDURE",133161,1,PROV,PRCNCT,S,S_SV,"2021-01-21 12:30:02",1170,1155,15,0,287,272,15,0,1300,1013,273,11,3,15,73,19,99,26,2,6,13,4,5,11
31,PRAHOVA,"GRADINIȚA NR.1",413,"FILIPEŞTII DE PĂDURE",133161,1,PROV,PRCNCT,S,S_SV,"2021-01-21 12:30:02",1066,1053,13,0,269,256,13,0,1200,931,243,14,12,13,79,15,80,18,1,2,9,7,5,14
31,PRAHOVA,"GRADINIȚA NR. 2",414,"FILIPEŞTII DE PĂDURE",133161,1,PROV,PRCNCT,S,S_SV,"2021-01-21 12:30:02",969,958,11,0,227,216,11,0,1100,873,214,6,7,7,66,33,59,21,2,2,5,6,5,8
31,PRAHOVA,"LICEUL TEHNOLOGIC",415,"FILIPEŞTII DE PĂDURE",133161,1,PROV,PRCNCT,S,S_SV,"2021-01-21 12:30:02",1110,1095,15,0,277,262,15,0,1200,923,260,16,1,11,53,41,106,23,2,6,7,4,2,5
31,PRAHOVA,"CǍMIN FILIPEŞTII DE TÎRG (SALĂ ȘEDINȚĂ VIDEOCLUB)",416,"FILIPEŞTII DE TÂRG",133214,1,PROV,PRCNCT,S,S_SV,"2021-01-21 12:30:02",1063,1029,32,2,330,296,32,2,1200,870,322,4,4,9,106,14,105,58,0,1,6,1,2,20
31,PRAHOVA,"ṢCOALA FILIPEṢTII DE TȊRG",417,"FILIPEŞTII DE TÂRG",133214,1,PROV,PRCNCT,S,S_SV,"2021-01-21 12:30:02",1182,1152,28,2,355,325,28,2,1300,945,336,9,10,11,149,20,74,36,4,6,7,4,7,18
31,PRAHOVA,"ṢCOALA GENERALǍ BRǍTǍṢANCA",418,"FILIPEŞTII DE TÂRG",133214,1,PROV,PRCNCT,S,S_SV,"2021-01-21 12:30:02",1734,1664,51,19,675,605,51,19,1800,1125,657,15,3,35,351,18,124,64,1,8,14,6,9,27
31,PRAHOVA,"ṢCOALA GENERALǍ MǍRGINENII DE JOS (ṢCOALA NOUǍ)",419,"FILIPEŞTII DE TÂRG",133214,1,PROV,PRCNCT,S,S_SV,"2021-01-21 12:30:02",1578,1561,11,6,396,379,11,6,1700,1304,384,5,7,16,211,10,100,16,2,4,5,3,6,11
31,PRAHOVA,"ṢCOALA GENERALǍ MǍRGINENII DE JOS (ṢCOALA VECHE)",420,"FILIPEŞTII DE TÂRG",133214,1,PROV,PRCNCT,S,S_SV,"2021-01-21 12:30:02",1177,1153,24,0,216,192,24,0,1300,1084,209,4,3,4,55,6,106,9,1,4,7,0,4,13
31,PRAHOVA,"GRADINITA DE COPII FLORESTI",421,FLOREŞTI,133330,1,PROV,PRCNCT,S,S_SV,"2021-01-21 12:30:02",1107,1015,55,37,456,364,55,37,1100,644,443,9,4,27,239,11,102,25,2,2,9,12,7,7
31,PRAHOVA,"SCOALA CU CLASELE I - VIII FLORESTI (LOCALUL NOU)",422,FLOREŞTI,133330,1,PROV,PRCNCT,S,S_SV,"2021-01-21 12:30:02",1521,1499,20,2,524,502,20,2,1700,1176,498,12,14,24,220,18,145,38,1,5,13,13,10,11
31,PRAHOVA,"SCOALA CU CLASELE I-VIII FLORESTI (LOCALUL VECHI)",423,FLOREŞTI,133330,1,PROV,PRCNCT,S,S_SV,"2021-01-21 12:30:02",1165,1132,30,3,457,424,30,3,1300,843,445,9,3,32,190,22,85,69,2,7,5,10,7,16
31,PRAHOVA,"SCOALA CU CLASELE I-VIII CATINA",424,FLOREŞTI,133330,2,PART,PRCNCT,S,S_SV,"2021-01-21 12:30:02",961,836,45,80,331,224,27,80,900,569,325,6,0,15,173,12,82,20,1,2,2,2,5,11
31,PRAHOVA,"CAMINUL CULTURAL CALINESTI",425,FLOREŞTI,133330,1,PROV,PRCNCT,S,S_SV,"2021-01-21 12:30:02",1121,1092,29,0,352,323,29,0,1200,848,344,6,2,17,122,23,105,42,3,6,13,2,5,6
31,PRAHOVA,"PRIMĂRIA COMUNEI FLOREȘTI",426,FLOREŞTI,133330,1,PROV,PRCNCT,S,S_SV,"2021-01-21 12:30:02",604,590,14,0,203,189,14,0,700,497,199,4,0,9,84,13,41,27,1,3,5,3,6,7
31,PRAHOVA,"CAMINUL CULTURAL FULGA DE JOS",427,FULGA,133394,1,PROV,PRCNCT,S,S_SV,"2021-01-21 12:30:02",1242,1211,31,0,256,225,31,0,1300,1044,248,5,3,22,31,40,117,19,0,3,7,3,5,1
31,PRAHOVA,"SCOALA GIMNAZIALA ”LAURENTIU FULGA”",428,FULGA,133394,1,PROV,PRCNCT,S,S_SV,"2021-01-21 12:30:02",1370,1348,22,0,262,240,22,0,1500,1238,254,4,4,18,38,56,113,13,1,1,5,2,4,3
31,PRAHOVA,"ŞCOALA GIMAZIALĂ GHERGHIŢA, NUMĂRUL 125",429,GHERGHIŢA,133429,1,PROV,PRCNCT,S,S_SV,"2021-01-21 12:30:02",1068,996,49,23,444,372,49,23,1100,656,429,7,8,21,30,14,274,41,6,6,9,11,3,14
31,PRAHOVA,"GRĂDINIŢA CU PROGRAM NORMAL MALAMUC, NUMĂRUL 149C",430,GHERGHIŢA,133429,1,PROV,PRCNCT,S,S_SV,"2021-01-21 12:30:02",354,325,19,10,144,115,19,10,400,256,139,1,4,8,20,7,87,10,1,1,0,1,2,2
31,PRAHOVA,"ŞCOALA PRIMARĂ INDEPENDENŢA, NUMĂRUL 23",431,GHERGHIŢA,133429,1,PROV,PRCNCT,S,S_SV,"2021-01-21 12:30:02",194,176,17,1,76,58,17,1,200,124,73,3,0,3,12,2,46,3,1,0,5,0,0,1
31,PRAHOVA,"GRĂDINIȚA CU PROGRAM NORMAL SAT GORGOTA, COMUNA GORGOTA",432,GORGOTA,133508,1,PROV,PRCNCT,S,S_SV,"2021-01-21 12:30:02",1228,1175,53,0,381,328,53,0,1300,919,364,9,8,9,155,16,88,71,0,2,5,3,3,12
31,PRAHOVA,"GRĂDINIȚA CU PROGRAM NORMAL POTIGRAFU, COMUNA GORGOTA",433,GORGOTA,133508,1,PROV,PRCNCT,S,S_SV,"2021-01-21 12:30:02",1192,1035,157,0,429,272,157,0,1200,771,424,2,3,20,141,15,80,144,1,4,6,3,5,5
31,PRAHOVA,"ȘCOALA GIMNAZIALĂ SAT POIENARII APOSTOLI, COMUNA GORGOTA",434,GORGOTA,133508,1,PROV,PRCNCT,S,S_SV,"2021-01-21 12:30:02",1127,1104,23,0,278,255,23,0,1200,922,264,4,10,18,85,17,85,46,2,1,2,1,3,4
31,PRAHOVA,"ȘCOALA PRIMARĂ SAT CRIVINA, COMUNA GORGOTA",435,GORGOTA,133508,1,PROV,PRCNCT,S,S_SV,"2021-01-21 12:30:02",780,764,16,0,229,213,16,0,800,571,221,4,4,7,102,15,47,35,1,2,3,1,5,3
31,PRAHOVA,"SCOALA GIMNAZIALA GORNET",436,GORNET,133562,2,PART,PRCNCT,S,S_SV,"2021-01-21 12:30:02",994,967,27,0,410,383,27,0,1000,590,395,8,7,16,73,12,210,52,0,4,7,3,3,15
31,PRAHOVA,"CĂMINUL CULTURAL GORNET",437,GORNET,133562,1,PROV,PRCNCT,S,S_SV,"2021-01-21 12:30:02",991,973,18,0,419,401,18,0,1100,681,405,7,7,20,82,13,217,56,1,3,4,0,2,7
31,PRAHOVA,"SCOALA PRIMARA CUIB",438,GORNET,133562,1,PROV,PRCNCT,S,S_SV,"2021-01-21 12:30:02",271,262,9,0,81,72,9,0,300,219,71,4,6,1,15,4,38,6,1,0,0,0,1,5
31,PRAHOVA,"SCOALA PRIMARA NUCET",439,GORNET,133562,1,PROV,PRCNCT,S,S_SV,"2021-01-21 12:30:02",154,142,12,0,62,50,12,0,200,138,59,0,3,3,7,2,41,1,1,0,1,0,2,1
31,PRAHOVA,"CĂMIN CULTURAL GORNET-CRICOV",440,GORNET-CRICOV,133615,1,PROV,PRCNCT,S,S_SV,"2021-01-21 12:30:02",844,772,61,11,366,294,61,11,900,534,356,5,5,19,223,10,59,28,1,3,6,2,2,3
31,PRAHOVA,"GRĂDINIȚA COȘERELE",441,GORNET-CRICOV,133615,1,PROV,PRCNCT,S,S_SV,"2021-01-21 12:30:02",685,652,25,8,238,205,25,8,700,462,227,5,6,11,114,3,53,29,0,1,5,5,3,3
31,PRAHOVA,"GRĂDINIȚA DOBROTA",442,GORNET-CRICOV,133615,1,PROV,PRCNCT,S,S_SV,"2021-01-21 12:30:02",392,364,26,2,152,124,26,2,400,248,147,4,1,10,65,5,43,15,1,0,4,2,2,0
31,PRAHOVA,"CĂMINUL CULTURAL, NR. 212",443,"GURA VADULUI",133688,1,PROV,PRCNCT,S,S_SV,"2021-01-21 12:30:02",1118,1107,8,3,268,257,8,3,1200,932,257,7,4,8,81,36,78,26,1,6,5,1,5,10
31,PRAHOVA,"CĂMIN CULTURAL",444,"GURA VADULUI",133688,1,PROV,PRCNCT,S,S_SV,"2021-01-21 12:30:02",654,643,11,0,148,137,11,0,700,552,139,4,5,5,65,4,45,10,1,0,1,0,5,3
31,PRAHOVA,"SCOALA GIMNAZIALA GURA VITIOAREI",445,"GURA VITIOAREI",131835,1,PROV,PRCNCT,S,S_SV,"2021-01-21 12:30:02",1700,1673,26,1,460,433,26,1,1800,1340,443,9,8,16,137,36,156,40,4,4,6,21,10,13
31,PRAHOVA,"SCOALA PRIMARA FAGETU",446,"GURA VITIOAREI",131835,1,PROV,PRCNCT,S,S_SV,"2021-01-21 12:30:02",964,939,25,0,290,265,25,0,1000,710,280,7,3,15,101,17,82,40,0,3,7,8,4,3
31,PRAHOVA,"SCOALA GIMNAZIALA POIANA COPACENI",447,"GURA VITIOAREI",131835,1,PROV,PRCNCT,S,S_SV,"2021-01-21 12:30:02",868,852,16,0,250,234,16,0,900,650,235,9,6,5,77,16,82,19,2,7,4,13,9,1
31,PRAHOVA,"SCOALA GIMNAZIALA BUGHEA DE JOS",448,"GURA VITIOAREI",131835,1,PROV,PRCNCT,S,S_SV,"2021-01-21 12:30:02",871,854,17,0,181,164,17,0,1000,819,177,1,3,4,66,12,59,11,2,3,6,2,6,6
31,PRAHOVA,"GRADINITA CU PROGRAM NORMAL FUNDENI",449,"GURA VITIOAREI",131835,1,PROV,PRCNCT,S,S_SV,"2021-01-21 12:30:02",521,499,21,1,157,135,21,1,600,443,155,0,2,5,67,5,48,12,0,1,0,12,2,3
31,PRAHOVA,"GRǍDINIȚA IORDǍCHEANU",450,IORDĂCHEANU,133722,1,PROV,PRCNCT,S,S_SV,"2021-01-21 12:30:02",1058,994,61,3,323,259,61,3,1100,777,317,2,4,28,169,13,51,37,2,2,3,3,2,7
31,PRAHOVA,"ŞCOALA MOCEŞTI",451,IORDĂCHEANU,133722,1,PROV,PRCNCT,S,S_SV,"2021-01-21 12:30:02",999,968,31,0,354,323,31,0,1100,746,344,6,4,89,151,7,58,18,0,0,9,0,4,8
31,PRAHOVA,"CLǍDIRE NOUǍ - FOST SEDIU C.A.P.",452,IORDĂCHEANU,133722,1,PROV,PRCNCT,S,S_SV,"2021-01-21 12:30:02",1103,1050,48,5,454,401,48,5,1100,646,448,2,4,20,114,158,76,56,1,2,4,1,8,8
31,PRAHOVA,"ŞCOALA VǍRBILA",453,IORDĂCHEANU,133722,1,PROV,PRCNCT,S,S_SV,"2021-01-21 12:30:02",1170,1148,21,1,332,310,21,1,1300,968,313,10,9,37,126,51,62,15,1,1,6,4,5,5
31,PRAHOVA,"ŞCOALA GIMNAZIALĂ TRAIAN SĂVULESCU IZVOARELE",454,IZVOARELE,133795,1,PROV,PRCNCT,S,S_SV,"2021-01-21 12:30:02",1034,1020,12,2,276,263,11,2,1100,824,274,2,0,8,51,22,119,44,0,3,4,8,7,8
31,PRAHOVA,"ŞCOALA GIMNAZIALĂ TRAIAN SĂVULESCU IZVOARELE",455,IZVOARELE,133795,1,PROV,PRCNCT,S,S_SV,"2021-01-21 12:30:02",917,911,6,0,250,244,6,0,1000,750,242,4,4,7,23,12,141,31,2,3,5,4,7,7
31,PRAHOVA,"ŞCOALA GIMNAZIALĂ HOMORÎCIU",456,IZVOARELE,133795,1,PROV,PRCNCT,S,S_SV,"2021-01-21 12:30:02",943,930,13,0,246,233,13,0,1000,754,241,4,1,11,45,19,111,34,1,1,3,4,1,11
31,PRAHOVA,"ŞCOALA GIMNAZIALĂ HOMORÎCIU",457,IZVOARELE,133795,1,PROV,PRCNCT,S,S_SV,"2021-01-21 12:30:02",789,778,10,1,193,182,10,1,900,707,187,3,3,10,47,4,87,22,0,2,2,3,2,8
31,PRAHOVA,"ŞCOALA GIMNAZIALĂ SCHIULEȘTI",458,IZVOARELE,133795,1,PROV,PRCNCT,S,S_SV,"2021-01-21 12:30:02",1009,992,17,0,268,251,17,0,1100,832,258,4,6,10,39,15,136,33,1,2,7,1,9,5
31,PRAHOVA,"ŞCOALA PRIMARĂ MALU-VÎNĂT",459,IZVOARELE,133795,1,PROV,PRCNCT,S,S_SV,"2021-01-21 12:30:02",689,672,17,0,192,175,17,0,800,608,185,6,1,11,31,8,87,27,0,0,4,7,2,8
31,PRAHOVA,"CĂMINUL CULTURAL",460,JUGURENI,133866,1,PROV,PRCNCT,S,S_SV,"2021-01-21 12:30:02",425,355,32,38,184,114,32,38,400,216,180,1,3,3,21,9,129,10,1,2,3,0,2,0
31,PRAHOVA,"CĂMINUL CULTURAL",461,LAPOŞ,133919,1,PROV,PRCNCT,S,S_SV,"2021-01-21 12:30:02",930,894,36,0,409,373,36,0,1000,591,393,10,6,23,172,12,138,21,2,3,6,4,7,5
31,PRAHOVA,"GRĂDINIŢA CU PROGRAM NORMAL ZAMFIRA-SALA1",462,LIPĂNEŞTI,133964,1,PROV,PRCNCT,S,S_SV,"2021-01-21 12:30:02",731,703,28,0,251,223,28,0,800,549,232,16,3,10,101,26,53,24,0,3,3,2,4,6
31,PRAHOVA,"SCOALA GIMNAZIALA ”EROILOR” LIPANESTI",463,LIPĂNEŞTI,133964,1,PROV,PRCNCT,S,S_SV,"2021-01-21 12:30:02",874,851,23,0,238,215,23,0,1000,762,228,9,1,13,83,21,58,34,0,2,3,0,1,13
31,PRAHOVA,"SCOALA GIMNAZIALA ”EROILOR” LIPANESTI",464,LIPĂNEŞTI,133964,1,PROV,PRCNCT,S,S_SV,"2021-01-21 12:30:02",1034,1019,15,0,233,218,15,0,1100,867,227,5,1,14,74,14,67,34,1,4,5,8,1,5
31,PRAHOVA,"SCOALA GIMNAZIALA ”SPIREA SORESCU”ZAMFIRA",465,LIPĂNEŞTI,133964,1,PROV,PRCNCT,S,S_SV,"2021-01-21 12:30:02",969,937,32,0,283,251,32,0,1000,717,269,9,5,17,70,27,77,52,0,4,10,5,5,2
31,PRAHOVA,"GRĂDINIŢA CU PROGRAM NORMAL ZAMFIRA-SALA 2",466,LIPĂNEŞTI,133964,1,PROV,PRCNCT,S,S_SV,"2021-01-21 12:30:02",751,737,14,0,206,192,14,0,800,594,192,10,4,8,78,10,53,24,2,2,3,2,3,7
31,PRAHOVA,"ŞCOALA GIMNAZIALĂ COMUNA MĂGURELE-INVĂŢĂMÂNT PRIMAR",467,MĂGURELE,134014,1,PROV,PRCNCT,S,S_SV,"2021-01-21 12:30:02",1303,1280,23,0,366,343,23,0,1400,1034,356,7,3,12,125,27,85,77,2,2,8,3,2,13
31,PRAHOVA,"ŞCOALA GIMNAZIALĂ COMUNA MAGURELE-INVĂŢĂMÂNT PRIMAR",468,MĂGURELE,134014,1,PROV,PRCNCT,S,S_SV,"2021-01-21 12:30:02",1396,1379,16,1,432,415,16,1,1500,1068,420,9,3,35,152,25,110,63,1,2,10,4,3,15
31,PRAHOVA,"GRĂDINIŢA DE COPII SAT COADA MALULUI",469,MĂGURELE,134014,1,PROV,PRCNCT,S,S_SV,"2021-01-21 12:30:02",714,690,24,0,224,200,24,0,800,576,211,3,10,10,68,8,70,32,0,0,4,2,7,10
31,PRAHOVA,"GRĂDINIŢA DE COPII SAT IAZU",470,MĂGURELE,134014,1,PROV,PRCNCT,S,S_SV,"2021-01-21 12:30:02",539,506,31,2,199,167,30,2,600,401,191,5,3,10,61,24,45,24,2,3,3,11,6,2
31,PRAHOVA,"ȘCOALA PRIMARĂ MĂGURENI, CORP B, SAT MĂGURENI, NR.201",471,MĂGURENI,134050,1,PROV,PRCNCT,S,S_SV,"2021-01-21 12:30:02",1392,1370,22,0,402,380,22,0,1500,1098,393,6,3,27,108,15,151,56,3,3,12,2,6,10
31,PRAHOVA,"ȘCOALA PRIMARĂ SATUL BANULUI, SAT MĂGURENI, NR.541",472,MĂGURENI,134050,1,PROV,PRCNCT,S,S_SV,"2021-01-21 12:30:02",973,953,19,1,256,236,19,1,1100,844,252,1,3,18,65,15,90,40,0,4,8,1,1,10
31,PRAHOVA,"ȘCOALA GIMNAZIALĂ MĂGURENI,CORP A, SAT MĂGURENI, NR.982",473,MĂGURENI,134050,1,PROV,PRCNCT,S,S_SV,"2021-01-21 12:30:02",1319,1306,13,0,338,325,13,0,1400,1062,326,11,1,21,95,11,127,44,1,3,5,2,6,11
31,PRAHOVA,"ȘCOALA PRIMARĂ LUNCA PRAHOVEI, SAT LUNCA PRAHOVEI, NR.39",474,MĂGURENI,134050,1,PROV,PRCNCT,S,S_SV,"2021-01-21 12:30:02",944,931,11,2,205,192,11,2,1000,795,193,7,5,7,28,5,112,12,3,4,4,5,6,7
31,PRAHOVA,"CĂMIN CULTURAL COCORĂȘTII CAPLII, SAT COCORĂȘTII CAPLII, NR.130",475,MĂGURENI,134050,1,PROV,PRCNCT,S,S_SV,"2021-01-21 12:30:02",693,678,15,0,219,204,15,0,800,581,211,7,1,14,53,10,80,28,2,1,5,5,2,11
31,PRAHOVA,"GRĂDINIȚA CU PROGRAM NORMAL NR.3",476,MĂNECIU,134096,2,PART,PRCNCT,S,S_SV,"2021-01-21 12:30:02",1351,1339,12,0,418,406,12,0,1500,1082,412,2,4,30,128,48,133,37,1,3,14,3,7,8
31,PRAHOVA,"ŞCOALA MICĂ MĂNECIU",477,MĂNECIU,134096,1,PROV,PRCNCT,S,S_SV,"2021-01-21 12:30:02",1299,1285,14,0,384,370,14,0,1400,1016,369,7,8,25,108,32,106,52,3,6,9,7,9,12
31,PRAHOVA,"LICEUL TEHNOLOGIC MĂNECIU NR.5",478,MĂNECIU,134096,1,PROV,PRCNCT,S,S_SV,"2021-01-21 12:30:02",1244,1226,18,0,348,330,18,0,1400,1052,340,4,4,19,138,25,86,37,1,3,13,9,6,3
31,PRAHOVA,"LICEUL TEHNOLOGIC MĂNECIU NR.5",479,MĂNECIU,134096,1,PROV,PRCNCT,S,S_SV,"2021-01-21 12:30:02",1103,1093,10,0,310,300,10,0,1200,890,302,5,3,18,85,19,119,36,0,1,6,3,9,6
31,PRAHOVA,"ŞCOALA GIMNAZIALĂ MĂNECIU-PĂMÎNTENI, NR.267",480,MĂNECIU,134096,1,PROV,PRCNCT,S,S_SV,"2021-01-21 12:30:02",885,880,5,0,219,214,5,0,1000,781,212,4,3,25,58,25,43,33,1,1,3,8,7,8
31,PRAHOVA,"ŞCOALA GIMNAZIALĂ MĂNECIU-PĂMÎNTENI, NR.267",481,MĂNECIU,134096,1,PROV,PRCNCT,S,S_SV,"2021-01-21 12:30:02",930,920,10,0,234,224,10,0,1000,766,222,5,7,12,70,20,65,30,1,2,3,2,10,7
31,PRAHOVA,"ŞCOALA GIMNAZIALĂ MĂNECIU-PĂMÎNTENI, NR.1229",482,MĂNECIU,134096,1,PROV,PRCNCT,S,S_SV,"2021-01-21 12:30:02",1556,1537,19,0,449,430,19,0,1708,1259,435,6,8,28,131,40,120,58,2,1,8,32,4,11
31,PRAHOVA,"ŞCOALA PRIMARĂ CHEIA, NR.1",483,MĂNECIU,134096,1,PROV,PRCNCT,S,S_SV,"2021-01-21 12:30:02",362,312,50,0,131,81,50,0,400,269,124,5,2,10,48,8,29,19,0,0,3,2,1,4
31,PRAHOVA,"CĂMIN CULTURAL",484,MĂNEŞTI,134194,1,PROV,PRCNCT,S,S_SV,"2021-01-21 12:30:02",909,871,38,0,310,272,38,0,1000,690,296,11,3,14,132,14,81,28,0,3,8,2,6,8
31,PRAHOVA,"SALĂ MULTIFUNCȚIONALĂ ZALHANAUA",485,MĂNEŞTI,134194,1,PROV,PRCNCT,S,S_SV,"2021-01-21 12:30:02",844,831,13,0,225,212,13,0,900,675,219,4,2,7,94,8,70,19,0,3,4,2,4,8
31,PRAHOVA,"ȘCOALA COADA IZVORULUI",486,MĂNEŞTI,134194,1,PROV,PRCNCT,S,S_SV,"2021-01-21 12:30:02",763,729,34,0,324,290,34,0,800,476,317,5,2,13,176,8,63,35,0,5,3,4,6,4
31,PRAHOVA,"SALĂ MULTIFUNCȚIONALĂ BĂLTIȚA",487,MĂNEŞTI,134194,1,PROV,PRCNCT,S,S_SV,"2021-01-21 12:30:02",735,714,21,0,225,204,21,0,800,575,217,4,4,7,114,7,55,26,2,2,1,1,0,2
31,PRAHOVA,"ȘCOALA PRIMARӐ OLARII-VECHI, SAT OLARII-VECHI",488,OLARI,136250,1,PROV,PRCNCT,S,S_SV,"2021-01-21 12:30:02",620,599,21,0,211,190,21,0,700,489,197,8,6,10,22,9,127,10,2,1,3,3,7,3
31,PRAHOVA,"ȘCOALA GIMNAZIALӐ OLARI, SAT OLARI",489,OLARI,136250,1,PROV,PRCNCT,S,S_SV,"2021-01-21 12:30:02",580,562,18,0,184,166,18,0,600,416,178,2,4,7,20,5,123,11,1,1,1,1,4,4
31,PRAHOVA,"ȘCOALA PRIMARӐ FȂNARI, SAT FȂNARI",490,OLARI,136250,1,PROV,PRCNCT,S,S_SV,"2021-01-21 12:30:02",363,332,31,0,185,154,31,0,400,215,171,6,8,0,17,1,133,11,1,0,5,0,2,1
31,PRAHOVA,"GRĂDINIŢA CU PROGRAM NORMAL PĂCUREŢI",491,PĂCUREŢI,134336,2,PART,PRCNCT,S,S_SV,"2021-01-21 12:30:02",1021,1001,20,0,271,251,20,0,1100,829,260,6,5,30,29,26,140,12,0,1,3,1,13,5
31,PRAHOVA,"ŞCOALA GIMNAZIALĂ",492,PĂCUREŢI,134336,1,PROV,PRCNCT,S,S_SV,"2021-01-21 12:30:02",636,621,15,0,127,112,15,0,700,573,123,2,2,8,24,11,59,9,0,2,1,2,1,6
31,PRAHOVA,"SCOALA GENERALA CU CL.I-VIII ARH.TOMA T.SOCOLESCU PAULESTI",493,PĂULEŞTI,130847,1,PROV,PRCNCT,S,S_SV,"2021-01-21 12:30:02",1541,1473,67,1,573,505,67,1,1600,1027,564,6,3,54,135,26,146,168,3,4,4,7,5,12
31,PRAHOVA,"CENTRUL CULTURAL ARH.TOMA T.SOCOLESCU PAULESTI",494,PĂULEŞTI,130847,1,PROV,PRCNCT,S,S_SV,"2021-01-21 12:30:02",1471,1404,57,10,595,528,57,10,1600,1005,584,9,2,21,160,32,143,197,0,4,9,1,7,10
31,PRAHOVA,"SALA MULTIFUNCTIONALA COCOSESTI",495,PĂULEŞTI,130847,1,PROV,PRCNCT,S,S_SV,"2021-01-21 12:30:02",886,836,45,5,417,367,45,5,900,483,399,14,4,28,152,22,93,75,2,1,4,9,7,6
31,PRAHOVA,"SCOALA GENERALA CU CLS.I-VIII VLAD MUSATESCU GAGENI",496,PĂULEŞTI,130847,2,PART,PRCNCT,S,S_SV,"2021-01-21 12:30:02",845,806,36,3,288,249,36,3,900,612,279,8,1,11,74,20,83,62,1,3,4,8,5,8
31,PRAHOVA,"CAMINUL CULTURAL GAGENI",497,PĂULEŞTI,130847,1,PROV,PRCNCT,S,S_SV,"2021-01-21 12:30:02",1190,1111,55,24,447,392,31,24,1200,753,434,7,6,27,107,15,134,100,1,4,9,13,9,15
31,PRAHOVA,"GRADINITA CU PROGRAM NORMAL PLOPU",498,PLOPU,134390,1,PROV,PRCNCT,S,S_SV,"2021-01-21 12:30:02",933,873,60,0,453,393,60,0,996,543,442,8,3,14,256,24,87,30,5,6,6,6,1,7
31,PRAHOVA,"SCOALA CU CLS. I-IV NISIPOASA",499,PLOPU,134390,1,PROV,PRCNCT,S,S_SV,"2021-01-21 12:30:02",726,678,48,0,319,271,48,0,700,381,311,5,3,15,160,12,90,20,0,0,4,1,4,5
31,PRAHOVA,"FOSTA SCOALA CU CLS. I-IV GALMEIA",500,PLOPU,134390,1,PROV,PRCNCT,S,S_SV,"2021-01-21 12:30:02",239,200,39,0,138,99,39,0,200,62,136,2,0,10,84,3,15,14,0,3,1,5,1,0
31,PRAHOVA,"FOSTA SCOALA CU CLS. I-IV HARSA",501,PLOPU,134390,1,PROV,PRCNCT,S,S_SV,"2021-01-21 12:30:02",242,215,27,0,123,96,27,0,300,177,119,3,1,3,69,7,19,14,0,2,2,2,0,1
31,PRAHOVA,"CĂMIN CULTURAL DIN SAT PODENII NOI",502,"PODENII NOI",134443,1,PROV,PRCNCT,S,S_SV,"2021-01-21 12:30:02",1301,1274,25,2,261,234,25,2,1400,1139,250,5,6,10,66,13,101,33,1,2,4,7,4,9
31,PRAHOVA,"CĂMIN CULTURAL ÎN SAT VALEA DULCE",503,"PODENII NOI",134443,2,PART,PRCNCT,S,S_SV,"2021-01-21 12:30:02",820,805,14,1,265,250,14,1,900,635,253,6,6,15,47,17,132,16,3,2,6,2,10,3
31,PRAHOVA,"GRADINITA DE COPII POPESTI",504,"PODENII NOI",134443,1,PROV,PRCNCT,S,S_SV,"2021-01-21 12:30:02",482,461,21,0,95,74,21,0,500,405,88,4,3,9,16,3,40,10,1,0,4,2,2,1
31,PRAHOVA,"CĂMIN CULTURAL ÎN SAT MEHEDINȚA",505,"PODENII NOI",134443,1,PROV,PRCNCT,S,S_SV,"2021-01-21 12:30:02",1352,1301,40,11,349,298,40,11,1400,1051,343,4,2,11,48,29,208,26,2,1,5,6,2,5
31,PRAHOVA,"ŞCOALA GIMNAZIALĂ ”ÎNVĂŢĂTOR ION MATEESCU” POIANA-CĂMPINA",506,"POIANA CÂMPINA",131274,1,PROV,PRCNCT,S,S_SV,"2021-01-21 12:30:02",1050,1016,28,6,342,308,28,6,1100,758,329,10,3,24,149,17,82,39,0,0,3,6,2,7
31,PRAHOVA,"PRIMARIA COMUNEI POIANA-CÂMPINA",507,"POIANA CÂMPINA",131274,1,PROV,PRCNCT,S,S_SV,"2021-01-21 12:30:02",1247,1230,17,0,371,354,17,0,1400,1029,360,7,4,22,142,20,88,55,3,2,5,6,1,16
31,PRAHOVA,"BIBLIOTECA ”DIMITRIE GUSTI” COMUNA POIANA-CĂMPINA",508,"POIANA CÂMPINA",131274,1,PROV,PRCNCT,S,S_SV,"2021-01-21 12:30:02",627,612,15,0,200,185,15,0,700,500,192,6,2,19,56,12,54,35,0,1,5,0,4,6
31,PRAHOVA,"ŞCOALA GENERALĂ PIETRIŞU",509,"POIANA CÂMPINA",131274,1,PROV,PRCNCT,S,S_SV,"2021-01-21 12:30:02",494,477,17,0,153,136,17,0,500,347,148,4,1,14,50,7,42,18,1,2,1,4,2,7
31,PRAHOVA,"CĂMINUL CULTURAL BOBOLIA",510,"POIANA CÂMPINA",131274,1,PROV,PRCNCT,S,S_SV,"2021-01-21 12:30:02",907,879,28,0,345,317,28,0,1000,655,339,5,1,22,198,12,57,28,1,5,6,3,3,4
31,PRAHOVA,"SCOALA GIMANZIALA POIENARII BURCHII",511,"POIENARII BURCHII",134559,2,PART,PRCNCT,S,S_SV,"2021-01-21 12:30:02",969,946,22,1,232,209,22,1,1000,768,228,2,2,13,92,4,75,26,1,3,7,1,4,2
31,PRAHOVA,"GRADINITA DE COPII SAT CARBUNARI",512,"POIENARII BURCHII",134559,1,PROV,PRCNCT,S,S_SV,"2021-01-21 12:30:02",611,603,5,3,148,140,5,3,600,452,138,6,4,8,58,5,46,12,1,0,3,2,0,3
31,PRAHOVA,"SCOALA POIENARII RALI",513,"POIENARII BURCHII",134559,1,PROV,PRCNCT,S,S_SV,"2021-01-21 12:30:02",820,808,12,0,183,171,12,0,1000,817,178,5,0,17,41,7,75,18,4,2,2,2,5,5
31,PRAHOVA,"ANEXA PRIMARIE SAT OLOGENI",514,"POIENARII BURCHII",134559,1,PROV,PRCNCT,S,S_SV,"2021-01-21 12:30:02",1067,1051,16,0,217,201,16,0,1200,983,214,0,3,5,22,30,115,19,1,4,6,6,2,4
31,PRAHOVA,"ŞCOALA GIMNAZIALÃ OLOGENI",515,"POIENARII BURCHII",134559,2,PART,PRCNCT,S,S_SV,"2021-01-21 12:30:02",475,441,20,14,96,62,20,14,500,404,94,2,0,5,14,9,53,11,1,0,0,0,1,0
31,PRAHOVA,"CĂMINUL CULTURAL DIN SATUL POSEŞTII-PĂMÂNTENI",516,POSEŞTI,134648,1,PROV,PRCNCT,S,S_SV,"2021-01-21 12:30:02",654,642,12,0,173,161,12,0,700,527,167,4,2,10,58,17,59,8,1,1,1,4,5,3
31,PRAHOVA,"CLADIREA FOSTEI PRIMARII RANCEZI DIN SATUL NUCSOARA DE JOS",517,POSEŞTI,134648,1,PROV,PRCNCT,S,S_SV,"2021-01-21 12:30:02",1252,1233,19,0,303,284,19,0,1400,1097,290,6,7,17,71,17,138,21,0,3,2,6,7,8
31,PRAHOVA,"CĂMIN CULTURAL",518,POSEŞTI,134648,1,PROV,PRCNCT,S,S_SV,"2021-01-21 12:30:02",799,783,16,0,212,196,16,0,900,688,199,7,6,12,47,25,75,12,1,1,3,2,8,13
31,PRAHOVA,"FOSTA ŞCOALĂ GENERALĂ CU CLASELE I-IV DIN SATUL TÂRLEŞTI",519,POSEŞTI,134648,1,PROV,PRCNCT,S,S_SV,"2021-01-21 12:30:02",484,464,20,0,127,107,20,0,500,373,124,0,3,11,40,6,57,4,0,0,1,0,4,1
31,PRAHOVA,"ȘCOALA GIMNAZIALĂ ”MĂNĂSTIREANU MIHAI” PREDEAL",520,PREDEAL-SĂRARI,134755,1,PROV,PRCNCT,S,S_SV,"2021-01-21 12:30:02",732,716,16,0,252,236,16,0,799,547,247,5,0,6,100,23,88,13,0,5,4,3,2,3
31,PRAHOVA,"ȘCOALA ELEMENTARĂ ZÎMBROAIA",521,PREDEAL-SĂRARI,134755,1,PROV,PRCNCT,S,S_SV,"2021-01-21 12:30:02",150,136,14,0,69,55,14,0,200,131,65,0,4,4,36,1,17,1,0,2,3,0,0,1
31,PRAHOVA,"ȘCOALA GIMNAZIALĂ VITIOARA DE SUS",522,PREDEAL-SĂRARI,134755,1,PROV,PRCNCT,S,S_SV,"2021-01-21 12:30:02",987,973,14,0,371,357,14,0,1000,629,357,6,8,5,207,12,76,24,1,2,6,9,8,7
31,PRAHOVA,"SCOALA GIMNAZIALA PROVITA DE JOS",523,"PROVIŢA DE JOS",134853,1,PROV,PRCNCT,S,S_SV,"2021-01-21 12:30:02",910,893,17,0,223,206,17,0,1000,777,216,4,3,12,41,20,99,31,2,3,2,2,0,4
31,PRAHOVA,"GRADINITA CU PROGRAM NORMAL DRAGANEASA",524,"PROVIŢA DE JOS",134853,1,PROV,PRCNCT,S,S_SV,"2021-01-21 12:30:02",922,908,13,1,301,287,13,1,1000,699,282,8,11,12,40,12,171,21,3,5,1,2,7,8
31,PRAHOVA,"ŞCOALA GIMNAZIALĂ CU CLASELE I-VIII”MITROPOLIT PIMEN GEORGESCU” PROVIŢA DE SUS",525,"PROVIŢA DE SUS",134899,2,PART,PRCNCT,S,S_SV,"2021-01-21 12:30:02",1381,1338,20,23,385,342,20,23,1500,1115,373,7,5,16,132,44,117,25,4,5,2,6,5,17
31,PRAHOVA,"GRĂDINŢA CU PROGRAM NORMAL IZVORU",526,"PROVIŢA DE SUS",134899,1,PROV,PRCNCT,S,S_SV,"2021-01-21 12:30:02",313,291,22,0,87,65,22,0,300,213,86,1,0,2,41,7,20,5,0,1,4,1,2,3
31,PRAHOVA,"SCOALA GIMNAZIALA,COMUNA PUCHENII MARI",527,"PUCHENII MARI",134942,1,PROV,PRCNCT,S,S_SV,"2021-01-21 12:30:02",1080,1021,59,0,320,261,59,0,1100,780,311,8,1,13,151,16,63,46,1,4,4,3,5,5
31,PRAHOVA,"SCOALA GIMNAZIALA PIETROSANI",528,"PUCHENII MARI",134942,1,PROV,PRCNCT,S,S_SV,"2021-01-21 12:30:02",988,961,27,0,274,247,27,0,1100,826,264,9,1,17,104,22,51,52,1,3,5,1,4,4
31,PRAHOVA,"GRADINITA CU PROGRAM NORMALPIETROSANI",529,"PUCHENII MARI",134942,1,PROV,PRCNCT,S,S_SV,"2021-01-21 12:30:02",963,946,17,0,229,212,17,0,1100,871,222,5,2,6,75,24,44,49,1,3,5,1,9,5
31,PRAHOVA,"SCOALA GIMNAZIALA PUCHENII MOSNENI",530,"PUCHENII MARI",134942,1,PROV,PRCNCT,S,S_SV,"2021-01-21 12:30:02",1259,1219,40,0,343,303,40,0,1300,957,329,9,5,22,144,16,86,40,4,4,1,2,2,8
31,PRAHOVA,"SCOALA PRIMARA MIROSLAVESTI",531,"PUCHENII MARI",134942,1,PROV,PRCNCT,S,S_SV,"2021-01-21 12:30:02",1498,1483,15,0,336,321,15,0,1600,1264,325,10,1,26,108,12,111,42,3,3,3,5,3,9
31,PRAHOVA,"GRADINITA CU PROGRAM NORMAL ODAILE",532,"PUCHENII MARI",134942,1,PROV,PRCNCT,S,S_SV,"2021-01-21 12:30:02",1333,1309,24,0,379,355,24,0,1500,1121,367,8,4,29,132,20,115,54,2,4,2,1,4,4
31,PRAHOVA,"SCOALA PRIMARA MALAIESTI",533,RÂFOV,135020,1,PROV,PRCNCT,S,S_SV,"2021-01-21 12:30:02",673,649,24,0,246,222,24,0,700,454,244,2,0,12,32,4,164,25,0,0,3,0,1,3
31,PRAHOVA,"SCOALA PRIMARA MOARA DOMNEASCA",534,RÂFOV,135020,1,PROV,PRCNCT,S,S_SV,"2021-01-21 12:30:02",825,811,14,0,251,237,14,0,900,649,244,3,4,22,34,6,144,12,1,5,7,2,6,5
31,PRAHOVA,"SCOALA GIMNAZILA BUDA",535,RÂFOV,135020,1,PROV,PRCNCT,S,S_SV,"2021-01-21 12:30:02",866,850,16,0,253,237,16,0,895,642,248,3,2,15,50,12,126,21,3,1,8,5,3,4
31,PRAHOVA,"SCOALA PRIMARA PALANCA",536,RÂFOV,135020,1,PROV,PRCNCT,S,S_SV,"2021-01-21 12:30:02",872,854,17,1,211,193,17,1,900,689,205,6,0,10,27,12,112,22,2,0,6,3,9,2
31,PRAHOVA,"SCOALA PRIMARA GOGA",537,RÂFOV,135020,1,PROV,PRCNCT,S,S_SV,"2021-01-21 12:30:02",409,382,27,0,156,129,27,0,399,243,155,1,0,4,39,12,69,19,2,1,5,0,3,1
31,PRAHOVA,"SCOALA PRIMARA SICRITA",538,RÂFOV,135020,1,PROV,PRCNCT,S,S_SV,"2021-01-21 12:30:02",428,407,21,0,95,74,21,0,500,405,90,4,1,3,23,3,45,7,1,0,4,0,0,4
31,PRAHOVA,"FOSTUL SEDIU AL PRIMARIEI",539,RÂFOV,135020,1,PROV,PRCNCT,S,S_SV,"2021-01-21 12:30:02",301,284,17,0,91,74,17,0,300,209,89,2,0,4,19,3,36,19,0,0,1,3,1,3
31,PRAHOVA,"SCOALA DEZAFECTATA BUCHILASI",540,RÂFOV,135020,1,PROV,PRCNCT,S,S_SV,"2021-01-21 12:30:02",141,125,16,0,44,28,16,0,196,152,43,0,1,3,11,3,19,2,0,1,2,0,1,1
31,PRAHOVA,"SCOALA GIMNAZIALA",541,SALCIA,135128,1,PROV,PRCNCT,S,S_SV,"2021-01-21 12:30:02",817,776,35,6,317,276,35,6,900,583,309,3,5,7,186,9,75,13,1,4,7,2,3,2
31,PRAHOVA,"CĂMIN CULTURAL",542,SĂLCIILE,135146,1,PROV,PRCNCT,S,S_SV,"2021-01-21 12:30:02",798,721,30,47,293,216,30,47,800,507,284,7,2,16,151,5,92,5,1,4,3,1,2,4
31,PRAHOVA,"CAMINUL CULTURAL",543,SĂLCIILE,135146,1,PROV,PRCNCT,S,S_SV,"2021-01-21 12:30:02",787,698,40,49,283,194,40,49,800,517,271,9,3,11,132,7,107,3,0,3,2,1,4,1
31,PRAHOVA,"GRĂDINIŢA CU PROGRAM NORMAL",544,SÂNGERU,135244,1,PROV,PRCNCT,S,S_SV,"2021-01-21 12:30:02",1279,1268,11,0,178,167,11,0,1400,1222,170,2,6,12,22,11,96,5,5,2,6,2,6,3
31,PRAHOVA,"GRĂDINIŢA CU PROGRAM NORMAL",545,SÂNGERU,135244,1,PROV,PRCNCT,S,S_SV,"2021-01-21 12:30:02",680,670,10,0,189,179,10,0,700,511,181,4,4,8,26,13,105,14,0,1,4,0,6,4
31,PRAHOVA,"ŞCOALA GIMNAZIALĂ",546,SÂNGERU,135244,1,PROV,PRCNCT,S,S_SV,"2021-01-21 12:30:02",1171,1151,20,0,263,243,20,0,1300,1037,255,1,7,9,62,7,118,28,1,2,12,3,5,8
31,PRAHOVA,"GRĂDINIŢA CU PROGRAM NORMAL",547,SÂNGERU,135244,1,PROV,PRCNCT,S,S_SV,"2021-01-21 12:30:02",423,407,16,0,133,117,16,0,500,367,128,4,1,3,23,6,74,7,0,0,3,1,5,6
31,PRAHOVA,"GRĂDINIŢA CU PROGRAM NORMAL",548,SÂNGERU,135244,1,PROV,PRCNCT,S,S_SV,"2021-01-21 12:30:02",568,550,15,3,154,136,15,3,600,446,144,6,4,12,33,7,67,12,1,1,1,2,4,4
31,PRAHOVA,"SCOALA GIMNAZIALA SCORTENI",549,SCORŢENI,135164,2,PART,PRCNCT,S,S_SV,"2021-01-21 12:30:02",1203,1166,28,9,351,314,28,9,1300,949,341,7,3,17,114,24,116,31,0,8,5,2,6,18
31,PRAHOVA,"SCOALA GIMNAZIALA MISLEA",550,SCORŢENI,135164,1,PROV,PRCNCT,S,S_SV,"2021-01-21 12:30:02",1499,1475,16,8,395,371,16,8,1600,1205,379,9,7,22,83,29,135,72,0,6,5,1,9,17
31,PRAHOVA,"GRADINITA BORDENII MARI",551,SCORŢENI,135164,1,PROV,PRCNCT,S,S_SV,"2021-01-21 12:30:02",1227,1174,25,28,407,354,25,28,1300,893,399,4,4,8,133,13,117,55,2,4,8,4,3,52
31,PRAHOVA,"SCOALA GIMNAZIALA BORDENI",552,SCORŢENI,135164,1,PROV,PRCNCT,S,S_SV,"2021-01-21 12:30:02",838,813,20,5,225,200,20,5,900,675,223,1,1,7,89,8,76,22,0,1,4,1,2,13
31,PRAHOVA,"ŞCOALA GIMNAZIALĂ COMUNA SECĂRIA",553,SECĂRIA,135226,1,PROV,PRCNCT,S,S_SV,"2021-01-21 12:30:02",1023,1008,12,3,319,304,12,3,1100,781,310,5,4,28,47,8,179,25,3,3,3,2,7,5
31,PRAHOVA,"GRĂDINIŢA DE COPII DIN SATUL STARCHIOJD",554,STARCHIOJD,135315,1,PROV,PRCNCT,S,S_SV,"2021-01-21 12:30:02",1347,1319,28,0,303,275,28,0,1400,1097,289,7,7,26,68,13,109,44,1,2,8,4,9,5
31,PRAHOVA,"GRĂDINIŢA DE COPII DIN GÎRBEASCA",555,STARCHIOJD,135315,2,PART,PRCNCT,S,S_SV,"2021-01-21 12:30:02",1167,1157,10,0,303,293,10,0,1300,997,286,4,13,19,69,20,121,33,0,5,6,3,7,3
31,PRAHOVA,"ŞCOALA DIN SATUL VALEA ANEI",556,STARCHIOJD,135315,1,PROV,PRCNCT,S,S_SV,"2021-01-21 12:30:02",433,414,19,0,115,96,19,0,500,385,114,1,0,10,14,7,69,5,1,0,2,1,2,3
31,PRAHOVA,"GRĂDINIȚA CU PROGRAM NORMAL SURANI",557,SURANI,135404,1,PROV,PRCNCT,S,S_SV,"2021-01-21 12:30:02",1453,1414,39,0,445,406,39,0,1600,1155,428,10,7,11,206,12,111,32,1,4,11,19,13,8
31,PRAHOVA,"ŞCOALA GIMNAZIALĂ, SAT TĂRICENI",558,ŞIRNA,135431,1,PROV,PRCNCT,S,S_SV,"2021-01-21 12:30:02",884,864,20,0,232,212,20,0,1000,768,224,7,1,4,87,9,64,45,1,0,2,4,0,8
31,PRAHOVA,"ŞCOALA GIMNAZIALĂ, SAT TĂRICENI",559,ŞIRNA,135431,1,PROV,PRCNCT,S,S_SV,"2021-01-21 12:30:02",672,667,5,0,150,145,5,0,700,550,147,2,1,7,43,4,54,18,3,1,4,5,3,5
31,PRAHOVA,"ŞCOALA PRIMARĂ, SAT ŞIRNA",560,ŞIRNA,135431,2,PART,PRCNCT,S,S_SV,"2021-01-21 12:30:02",634,616,18,0,181,163,18,0,700,519,172,7,2,6,81,7,39,26,2,0,1,3,1,6
31,PRAHOVA,"ŞCOALA GIMNAZIALĂ, SAT VARNIŢA",561,ŞIRNA,135431,1,PROV,PRCNCT,S,S_SV,"2021-01-21 12:30:02",728,716,12,0,164,152,12,0,800,636,159,4,1,5,73,6,43,17,0,2,3,0,6,4
31,PRAHOVA,"ŞCOALA GIMNAZIALĂ, SAT HĂBUD",562,ŞIRNA,135431,1,PROV,PRCNCT,S,S_SV,"2021-01-21 12:30:02",650,639,11,0,151,140,11,0,700,549,145,4,2,4,63,11,31,21,3,0,5,2,2,3
31,PRAHOVA,"ŞCOALA PRIMARĂ, SAT BRĂTEŞTI",563,ŞIRNA,135431,1,PROV,PRCNCT,S,S_SV,"2021-01-21 12:30:02",402,387,15,0,117,102,15,0,400,283,114,2,1,6,53,6,22,19,0,1,2,1,2,2
31,PRAHOVA,"CĂMIN CULTURAL",564,ŞOIMARI,135501,1,PROV,PRCNCT,S,S_SV,"2021-01-21 12:30:02",438,421,17,0,106,89,17,0,500,394,102,3,1,1,19,17,48,7,0,1,2,0,1,6
31,PRAHOVA,"ȘCOALA GIMNAZIALĂ ”MINERVA ALEXANDRESCU”",565,ŞOIMARI,135501,1,PROV,PRCNCT,S,S_SV,"2021-01-21 12:30:02",1433,1403,30,0,249,219,30,0,1500,1251,237,5,7,14,42,12,125,22,0,1,9,1,5,6
31,PRAHOVA,"GRĂDINIȚA CU PROGRAM NORMAL",566,ŞOIMARI,135501,1,PROV,PRCNCT,S,S_SV,"2021-01-21 12:30:02",565,557,8,0,129,121,8,0,603,474,126,0,3,4,28,7,58,11,1,0,6,2,2,7
31,PRAHOVA,"SCOALA SAT PLAIU CAMPINEI, NR 35",567,ŞOTRILE,135547,2,PART,PRCNCT,S,S_SV,"2021-01-21 12:30:02",676,667,9,0,169,160,9,0,800,631,154,9,6,18,22,41,55,8,1,0,3,0,2,4
31,PRAHOVA,"ŞCOALA SAT SECIURI, NR 17",568,ŞOTRILE,135547,1,PROV,PRCNCT,S,S_SV,"2021-01-21 12:30:02",294,287,7,0,59,52,7,0,300,241,57,0,2,9,19,3,18,6,0,0,0,1,0,1
31,PRAHOVA,"ŞCOALA SAT LUNCA-MARE, NR 166",569,ŞOTRILE,135547,1,PROV,PRCNCT,S,S_SV,"2021-01-21 12:30:02",403,387,13,3,115,99,13,3,400,285,110,4,1,17,49,4,28,9,0,0,0,0,3,0
31,PRAHOVA,"ŞCOALA SAT VISTIERU, NR 25",570,ŞOTRILE,135547,1,PROV,PRCNCT,S,S_SV,"2021-01-21 12:30:02",473,460,13,0,119,106,13,0,500,381,117,2,0,10,34,3,60,9,0,0,1,0,0,0
31,PRAHOVA,"ŞCOALA GIMNAZIALĂ, SAT SOTRILE, NR 364",571,ŞOTRILE,135547,1,PROV,PRCNCT,S,S_SV,"2021-01-21 12:30:02",829,816,13,0,186,173,13,0,900,714,183,1,2,28,30,23,70,20,0,1,3,1,3,4
31,PRAHOVA,"GRĂDINIŢA DE COPII",572,ŞTEFEŞTI,135618,1,PROV,PRCNCT,S,S_SV,"2021-01-21 12:30:02",639,627,12,0,171,159,12,0,700,529,165,4,2,22,24,7,68,25,1,1,2,9,3,3
31,PRAHOVA,"SCOALA GIMNAZIALA STEFESTI",573,ŞTEFEŞTI,135618,1,PROV,PRCNCT,S,S_SV,"2021-01-21 12:30:02",1264,1253,10,1,326,315,10,1,1400,1074,314,7,5,19,63,29,121,55,0,3,10,2,5,7
31,PRAHOVA,"SCOALA GIMNAZIALA TALEA",574,TALEA,135654,1,PROV,PRCNCT,S,S_SV,"2021-01-21 12:30:02",884,841,30,13,408,365,30,13,900,492,395,5,8,37,89,20,195,30,2,3,4,2,5,8
31,PRAHOVA,"CAMIN CULTURAL",575,TĂTARU,135681,1,PROV,PRCNCT,S,S_SV,"2021-01-21 12:30:02",269,222,32,15,153,106,32,15,300,147,148,2,3,5,28,4,76,18,2,2,7,0,3,3
31,PRAHOVA,"CAMIN CULTURAL",576,TĂTARU,135681,1,PROV,PRCNCT,S,S_SV,"2021-01-21 12:30:02",511,469,27,15,181,139,27,15,500,319,174,1,6,7,38,7,88,21,3,2,1,2,2,3
31,PRAHOVA,"BAZA SPORTIVĂ STREJNICU",577,"TÂRGŞORU VECHI",130892,2,PART,PRCNCT,S,S_SV,"2021-01-21 12:30:02",1849,1823,25,1,482,456,25,1,2000,1518,474,7,1,27,134,15,102,148,3,6,11,14,6,8
31,PRAHOVA,"GRĂDINIŢA CU PROGRAM NORMAL STREJNICU",578,"TÂRGŞORU VECHI",130892,1,PROV,PRCNCT,S,S_SV,"2021-01-21 12:30:02",1466,1443,22,1,322,299,22,1,1600,1278,310,12,0,15,93,10,73,94,3,0,3,8,6,5
31,PRAHOVA,"ŞCOALA GIMNAZIALĂ STREJNICU",579,"TÂRGŞORU VECHI",130892,1,PROV,PRCNCT,S,S_SV,"2021-01-21 12:30:02",1720,1670,46,4,489,439,46,4,1800,1311,474,11,4,27,101,18,95,170,1,1,11,29,3,18
31,PRAHOVA,"CĂMINUL CULTURAL STREJNICU",580,"TÂRGŞORU VECHI",130892,1,PROV,PRCNCT,S,S_SV,"2021-01-21 12:30:02",972,940,32,0,283,251,32,0,1000,717,273,6,4,8,96,14,45,84,3,2,2,4,6,9
31,PRAHOVA,"ŞCOALA GIMNAZIALĂ TIRGŞORU VECHI",581,"TÂRGŞORU VECHI",130892,2,PART,PRCNCT,S,S_SV,"2021-01-21 12:30:02",1101,1074,25,2,254,227,25,2,1200,946,245,7,2,8,74,4,55,67,3,1,4,8,10,11
31,PRAHOVA,"GRĂDINIŢA CU PROGRAM NORMAL TÎRGŞORU VECHI",582,"TÂRGŞORU VECHI",130892,1,PROV,PRCNCT,S,S_SV,"2021-01-21 12:30:02",954,936,17,1,283,265,17,1,1000,717,269,12,2,10,67,13,67,71,1,2,7,6,9,16
31,PRAHOVA,"ŞCOALA GENERALĂ CU CLASELE I-IV STĂNCEŞTI",583,"TÂRGŞORU VECHI",130892,1,PROV,PRCNCT,S,S_SV,"2021-01-21 12:30:02",830,813,17,0,176,159,17,0,900,724,172,1,3,4,58,8,31,36,0,2,3,22,2,6
31,PRAHOVA,"ȘCOALA GIMNAZIALĂ ”DUMITRU BREZEANU”,SAT TEIȘANI,NR.160",584,TEIŞANI,135725,1,PROV,PRCNCT,S,S_SV,"2021-01-21 12:30:02",1442,1426,16,0,349,333,16,0,1600,1251,337,7,5,60,61,21,123,41,1,1,10,0,5,14
31,PRAHOVA,"SC ROM CABLU SRL, SAT VALEA STÎLPULUI,NR.2",585,TEIŞANI,135725,1,PROV,PRCNCT,S,S_SV,"2021-01-21 12:30:02",193,175,18,0,105,87,18,0,200,95,102,1,2,8,23,8,35,19,0,2,0,2,1,4
31,PRAHOVA,"SCOALA GIMNAZIALĂ ”MOISE VASILESCU”, SAT OLTENI, NR.147",586,TEIŞANI,135725,1,PROV,PRCNCT,S,S_SV,"2021-01-21 12:30:02",1430,1407,23,0,311,288,23,0,1500,1189,295,10,6,29,85,10,110,39,2,3,1,7,4,5
31,PRAHOVA,"ŞCOALA GIMNAZIALA NR.1 TELEGA",587,TELEGA,135789,1,PROV,PRCNCT,S,S_SV,"2021-01-21 12:30:02",1126,1100,22,4,292,266,22,4,1200,908,285,4,3,30,42,22,97,61,2,1,7,4,5,14
31,PRAHOVA,"SCOALA GENERALA NR.2 TELEGA-VALE",588,TELEGA,135789,1,PROV,PRCNCT,S,S_SV,"2021-01-21 12:30:02",1452,1433,19,0,332,313,19,0,1600,1268,319,7,6,31,54,12,140,48,2,2,1,4,8,17
31,PRAHOVA,"GRĂDINIŢA NR.1 TELEGA",589,TELEGA,135789,2,PART,PRCNCT,S,S_SV,"2021-01-21 12:30:02",1142,1120,22,0,295,273,22,0,1300,1005,282,11,2,25,53,11,108,52,4,3,4,2,2,18
31,PRAHOVA,"ŞCOALA GIMNAZIALĂ SAT BUŞTENARI",590,TELEGA,135789,1,PROV,PRCNCT,S,S_SV,"2021-01-21 12:30:02",504,492,12,0,92,80,12,0,500,408,91,1,0,6,21,4,38,19,1,0,0,0,1,1
31,PRAHOVA,"SCOALA PRIMARA SAT MELICEŞTI",591,TELEGA,135789,1,PROV,PRCNCT,S,S_SV,"2021-01-21 12:30:02",396,382,14,0,82,68,14,0,400,318,80,0,2,11,10,3,30,15,0,1,1,0,2,7
31,PRAHOVA,"CĂMINUL CULTURAL TINOSU, LOCALITATEA TINOSU",592,TINOSU,135850,1,PROV,PRCNCT,S,S_SV,"2021-01-21 12:30:02",937,914,20,3,280,257,20,3,1000,720,261,8,11,5,106,29,73,23,3,2,4,3,2,11
31,PRAHOVA,"ŞCOALA PRIMARĂ SAT PREDEŞTI, LOCALITATEA PREDEŞTI",593,TINOSU,135850,1,PROV,PRCNCT,S,S_SV,"2021-01-21 12:30:02",541,533,8,0,152,144,8,0,600,448,147,2,3,7,50,13,39,21,2,1,4,3,4,3
31,PRAHOVA,"ŞCOALA PRIMARĂ SAT PISCULEŞTI, LOCALITATEA PISCULEŞTI",594,TINOSU,135850,1,PROV,PRCNCT,S,S_SV,"2021-01-21 12:30:02",515,499,16,0,137,121,16,0,500,363,126,7,4,6,46,11,40,10,0,3,1,2,3,4
31,PRAHOVA,"ŞCOALA GIMNAZIALĂ ”PROF.DINU MIHAIL-DAN” SAT MAGULA, COMUNA TOMŞANI, JUDEŢUL PRAHOVA",595,TOMŞANI,135896,1,PROV,PRCNCT,S,S_SV,"2021-01-21 12:30:02",1338,1316,21,1,416,394,21,1,1400,984,402,6,8,35,65,10,204,65,0,6,3,3,5,6
31,PRAHOVA,"ṢCOALA VECHE MAGULA, SAT MAGULA, NR. 406A",596,TOMŞANI,135896,1,PROV,PRCNCT,S,S_SV,"2021-01-21 12:30:02",1086,1058,28,0,308,280,28,0,1200,892,300,4,4,11,60,7,162,33,1,2,9,4,5,6
31,PRAHOVA,"CĂMIN CULTURAL LOLOIASCA, SAT LOLOIASCA, NR. 6V",597,TOMŞANI,135896,1,PROV,PRCNCT,S,S_SV,"2021-01-21 12:30:02",1207,1189,18,0,350,332,18,0,1300,950,331,13,6,21,52,7,185,36,3,3,4,8,5,7
31,PRAHOVA,"ȘCOALĂ GIMNAZIALĂ VADU SĂPAT, COMUNA VADU SĂPAT, SAT VADU SĂPAT",598,"VADU SĂPAT",136269,1,PROV,PRCNCT,S,S_SV,"2021-01-21 12:30:02",1375,1348,19,8,350,323,19,8,1500,1150,336,9,5,38,83,9,150,41,1,1,4,2,2,5
31,PRAHOVA,"CAMIN CULTURAL",599,"VALEA CĂLUGĂREASCĂ",135949,1,PROV,PRCNCT,S,S_SV,"2021-01-21 12:30:02",1130,1108,20,2,302,280,20,2,1200,898,281,13,8,26,56,22,107,37,5,5,5,6,3,9
31,PRAHOVA,"SCOALA GIMNAZIALA ION IONESCU VALEA CALUGAREASCA",600,"VALEA CĂLUGĂREASCĂ",135949,1,PROV,PRCNCT,S,S_SV,"2021-01-21 12:30:02",1434,1418,16,0,357,341,16,0,1500,1143,350,5,2,14,52,25,142,82,1,2,9,0,7,16
31,PRAHOVA,"SCOALA GIMNAZIALA ION IONESCU VALEA CALUGAREASCA",601,"VALEA CĂLUGĂREASCĂ",135949,1,PROV,PRCNCT,S,S_SV,"2021-01-21 12:30:02",929,918,11,0,191,180,11,0,1000,809,186,3,2,13,35,16,58,42,2,0,5,2,5,8
31,PRAHOVA,"SCOAL GIMNAZIALA NICOVANI",602,"VALEA CĂLUGĂREASCĂ",135949,1,PROV,PRCNCT,S,S_SV,"2021-01-21 12:30:02",1177,1151,25,1,329,303,25,1,1300,971,312,8,9,30,66,14,84,75,2,7,11,4,6,13
31,PRAHOVA,"GRADINITA DIRVARI",603,"VALEA CĂLUGĂREASCĂ",135949,1,PROV,PRCNCT,S,S_SV,"2021-01-21 12:30:02",482,464,16,2,126,108,16,2,500,374,119,3,4,6,30,7,53,16,2,0,1,0,1,3
31,PRAHOVA,"GRADINITA COSLEGI",604,"VALEA CĂLUGĂREASCĂ",135949,1,PROV,PRCNCT,S,S_SV,"2021-01-21 12:30:02",555,543,12,0,100,88,12,0,600,500,98,1,1,13,15,10,36,7,1,2,3,1,1,9
31,PRAHOVA,"GRADINITA RADILA",605,"VALEA CĂLUGĂREASCĂ",135949,1,PROV,PRCNCT,S,S_SV,"2021-01-21 12:30:02",247,234,13,0,75,62,13,0,300,225,74,0,1,8,16,5,27,7,1,0,1,0,5,4
31,PRAHOVA,"SCOAL PRIMARA PANTAZI",606,"VALEA CĂLUGĂREASCĂ",135949,1,PROV,PRCNCT,S,S_SV,"2021-01-21 12:30:02",971,958,13,0,209,196,13,0,1100,891,205,2,2,21,43,21,64,28,4,3,7,1,3,10
31,PRAHOVA,"SCOAL GIMNAZIALA RACHIERI",607,"VALEA CĂLUGĂREASCĂ",135949,1,PROV,PRCNCT,S,S_SV,"2021-01-21 12:30:02",1192,1176,14,2,219,203,14,2,1300,1081,207,7,5,27,24,15,89,17,0,7,9,6,7,6
31,PRAHOVA,"COLEGIUL AGRICOL GHEORGHE IONESCU SISESTI",608,"VALEA CĂLUGĂREASCĂ",135949,1,PROV,PRCNCT,S,S_SV,"2021-01-21 12:30:02",764,745,19,0,188,169,19,0,800,612,180,6,2,9,44,17,53,38,0,1,5,1,2,10
31,PRAHOVA,"CABANA DE VANATOARE",609,"VALEA CĂLUGĂREASCĂ",135949,1,PROV,PRCNCT,S,S_SV,"2021-01-21 12:30:02",103,88,15,0,30,15,15,0,100,70,29,0,1,2,9,3,11,0,2,0,0,0,1,1
31,PRAHOVA,"LICEUL TEHNOLOGIC ”CAROL I” VALEA DOFTANEI",610,"VALEA DOFTANEI",136107,1,PROV,PRCNCT,S,S_SV,"2021-01-21 12:30:02",1334,1313,21,0,249,228,21,0,1500,1251,241,4,4,17,92,3,56,53,5,1,5,1,5,3
31,PRAHOVA,"PRIMĂRIA TRĂISTENI",611,"VALEA DOFTANEI",136107,1,PROV,PRCNCT,S,S_SV,"2021-01-21 12:30:02",973,956,17,0,211,194,17,0,1000,789,207,4,0,11,109,10,32,33,0,3,0,0,4,5
31,PRAHOVA,"ŞCOALA CU CLASELE I-VIII ”EROU INV.I.DRĂGĂNESCU”TRĂISTENI",612,"VALEA DOFTANEI",136107,1,PROV,PRCNCT,S,S_SV,"2021-01-21 12:30:02",1029,1023,6,0,221,215,6,0,1100,879,214,6,1,14,110,9,50,20,0,2,2,0,2,5
31,PRAHOVA,"GRĂDINIŢA NR.1 TEŞILA",613,"VALEA DOFTANEI",136107,1,PROV,PRCNCT,S,S_SV,"2021-01-21 12:30:02",1161,1143,18,0,238,220,18,0,1300,1062,230,3,5,25,74,14,52,44,2,2,4,1,1,11
31,PRAHOVA,"GRĂDINIŢA NR.2 TEŞILA",614,"VALEA DOFTANEI",136107,1,PROV,PRCNCT,S,S_SV,"2021-01-21 12:30:02",978,967,11,0,194,183,11,0,1100,906,181,10,3,23,53,4,43,43,0,1,8,2,2,2
31,PRAHOVA,"ȘCOALA PRIMARĂ VĂRBILĂU",615,VĂRBILĂU,136134,1,PROV,PRCNCT,S,S_SV,"2021-01-21 12:30:02",877,869,8,0,211,203,8,0,900,689,207,4,0,6,35,10,120,11,2,3,8,0,5,7
31,PRAHOVA,"ȘCOALA PRIMARĂ VĂRBILĂU",616,VĂRBILĂU,136134,1,PROV,PRCNCT,S,S_SV,"2021-01-21 12:30:02",832,819,13,0,200,187,13,0,900,700,188,8,4,8,29,11,91,26,0,3,8,2,3,7
31,PRAHOVA,"ȘCOALA GIMNAZIALĂ VĂRBILĂU",617,VĂRBILĂU,136134,1,PROV,PRCNCT,S,S_SV,"2021-01-21 12:30:02",1168,1148,20,0,326,306,20,0,1300,974,311,6,9,7,28,21,184,31,4,7,4,10,10,5
31,PRAHOVA,"ȘCOALA PRIMARĂ LIVADEA",618,VĂRBILĂU,136134,1,PROV,PRCNCT,S,S_SV,"2021-01-21 12:30:02",865,848,17,0,238,221,17,0,900,662,231,3,4,7,41,8,134,25,0,3,2,0,6,5
31,PRAHOVA,"ȘCOALA PRIMARĂ POIANA VĂRBILĂU",619,VĂRBILĂU,136134,1,PROV,PRCNCT,S,S_SV,"2021-01-21 12:30:02",1073,1064,9,0,247,238,9,0,1200,953,228,6,13,6,32,14,140,15,2,3,4,3,4,5
31,PRAHOVA,"ȘCOALA PRIMARĂ COȚOFENEȘTI",620,VĂRBILĂU,136134,1,PROV,PRCNCT,S,S_SV,"2021-01-21 12:30:02",716,696,20,0,225,205,20,0,800,575,221,1,3,10,39,14,91,27,2,1,6,17,4,10
31,PRAHOVA,"CENTRUL CULTURAL VÎLCĂNEŞTI",621,VÂLCĂNEŞTI,136198,1,PROV,PRCNCT,S,S_SV,"2021-01-21 12:30:02",1391,1376,13,2,373,358,13,2,1500,1127,352,11,10,20,122,24,127,29,2,9,5,4,6,4
31,PRAHOVA,"GRĂDINIŢA CU PROGRAM NORMAL NR.2 VÎLCĂNEŞTI",622,VÂLCĂNEŞTI,136198,1,PROV,PRCNCT,S,S_SV,"2021-01-21 12:30:02",748,740,8,0,178,170,8,0,800,622,166,7,5,4,47,12,64,17,2,3,6,3,6,2
31,PRAHOVA,"ŞCOALA GIMNAZIALĂ,COMUNA VÎLCĂNEŞTI, SAT CÎRJARI",623,VÂLCĂNEŞTI,136198,1,PROV,PRCNCT,S,S_SV,"2021-01-21 12:30:02",629,607,12,10,151,129,12,10,700,549,145,3,3,5,57,6,56,13,0,1,2,2,1,2
31,PRAHOVA,"ȘCOALA CU CLASELE I-IV TRESTIOARA",624,VÂLCĂNEŞTI,136198,1,PROV,PRCNCT,S,S_SV,"2021-01-21 12:30:02",362,354,8,0,109,101,8,0,400,291,109,0,0,4,46,3,29,7,2,3,3,3,4,5
