precinct_county_nce,precinct_county_name,precinct_name,precinct_nr,uat_name,uat_siruta,report_version,report_stage_code,report_type_scope_code,report_type_category_code,report_type_code,created_at,a,a1,a2,a3,b,b1,b2,b3,c,d,e,f,g,"ALIANȚA USR PLUS-voturi","PARTIDUL NAȚIONAL LIBERAL-voturi","UNIUNEA DEMOCRATĂ MAGHIARĂ DIN ROMÂNIA-voturi","PARTIDUL MIȘCAREA POPULARĂ-voturi","PARTIDUL PRO ROMÂNIA-voturi","PARTIDUL SOCIAL DEMOCRAT-voturi","PARTIDUL NAȚIUNEA ROMÂNĂ-voturi","PARTIDUL NOUA DREAPTĂ-voturi","PARTIDUL ROMÂNIA MARE-voturi","ALIANȚA PENTRU UNIREA ROMÂNILOR-voturi","PARTIDUL SOCIALIST ROMÂN-voturi","PARTIDUL VERDE-voturi","PARTIDUL PUTERII UMANISTE (SOCIAL-LIBERAL)-voturi","PARTIDUL SOCIAL DEMOCRAT AL MUNCITORILOR-voturi","PARTIDUL ECOLOGIST ROMÂN-voturi","PARTIDUL NOUA ROMÂNIE-voturi"
3,ARGEŞ,"BIBLIOTECA JUDEŢEANĂ ARGEŞ ”DINICU GOLESCU”",1,"MUNICIPIUL PITEŞTI",13169,1,PROV,PRCNCT,S,S_SV,"2021-01-21 12:30:02",1184,1135,49,0,418,369,49,0,1343,925,409,9,0,93,94,0,25,18,137,0,1,4,19,1,6,4,0,6,1
3,ARGEŞ,"COLEGIUL ECONOMIC ”MARIA TEIULEANU”",2,"MUNICIPIUL PITEŞTI",13169,2,PART,PRCNCT,S,S_SV,"2021-01-21 12:30:02",1136,1106,30,0,452,422,30,0,1200,748,447,2,2,106,118,0,28,19,135,2,2,0,19,4,1,4,4,3,2
3,ARGEŞ,"ŞCOALA GIMNAZIALĂ ”ION PILLAT” ( FOSTĂ ŞCOALĂ NR.3)",3,"MUNICIPIUL PITEŞTI",13169,1,PROV,PRCNCT,S,S_SV,"2021-01-21 12:30:02",1062,1037,23,2,366,341,23,2,1100,734,363,3,0,88,89,0,26,15,118,0,0,1,17,1,1,1,1,4,1
3,ARGEŞ,"COLEGIUL ECONOMIC ”MARIA TEIULEANU” (FOST LICEUL TEHNOLOGIC „ION MINCU”)",4,"MUNICIPIUL PITEŞTI",13169,1,PROV,PRCNCT,S,S_SV,"2021-01-21 12:30:02",1489,1464,13,12,544,519,13,12,1600,1056,533,7,4,131,132,2,26,30,157,2,1,5,33,2,1,3,3,3,2
3,ARGEŞ,"ŞCOALA GIMNAZIALĂ ” NEGRU VODĂ” ( FOSTĂ ŞCOALA NR. 12)",5,"MUNICIPIUL PITEŞTI",13169,2,PART,PRCNCT,S,S_SV,"2021-01-21 12:30:02",1725,1706,19,0,494,475,19,0,1800,1306,479,13,2,109,93,2,28,31,170,0,2,2,22,1,4,8,0,6,1
3,ARGEŞ,"ŞCOALA GIMNAZIALĂ ” NEGRU VODĂ” ( FOSTĂ ŞCOALA NR. 12)",6,"MUNICIPIUL PITEŞTI",13169,1,PROV,PRCNCT,S,S_SV,"2021-01-21 12:30:02",1875,1853,22,0,458,436,22,0,2000,1542,453,1,4,121,73,1,30,20,151,1,0,2,34,3,2,4,3,6,2
3,ARGEŞ,"ŞCOALA GIMNAZIALĂ ” NEGRU VODĂ” ( FOSTĂ ŞCOALA NR. 12)",7,"MUNICIPIUL PITEŞTI",13169,1,PROV,PRCNCT,S,S_SV,"2021-01-21 12:30:02",1712,1705,7,0,424,417,7,0,1900,1476,421,3,0,67,77,2,29,20,179,0,0,4,29,1,4,1,2,5,1
3,ARGEŞ,"ŞCOALA GIMNAZIALĂ ” NEGRU VODĂ” ( FOSTĂ ŞCOALA NR. 12)",8,"MUNICIPIUL PITEŞTI",13169,1,PROV,PRCNCT,S,S_SV,"2021-01-21 12:30:02",1864,1847,17,0,536,519,17,0,2000,1464,528,4,4,111,89,2,19,22,186,4,2,6,55,6,10,6,4,3,3
3,ARGEŞ,"GRĂDINIŢA CU PROGRAM PRELUNGIT ” MICUL PRINŢ” (FOSTA GRĂDINIŢA CU PROGRAM PRELUNGIT NR. 13",9,"MUNICIPIUL PITEŞTI",13169,1,PROV,PRCNCT,S,S_SV,"2021-01-21 12:30:02",1961,1937,21,3,618,594,21,3,2100,1482,611,5,2,165,109,0,23,28,232,1,1,2,37,0,2,3,1,5,2
3,ARGEŞ,"ŞCOALA GIMNAZIALĂ ”MIRCEA CEL BĂTRAN” (FOSTĂ ŞCOALA NR. 13)",10,"MUNICIPIUL PITEŞTI",13169,1,PROV,PRCNCT,S,S_SV,"2021-01-21 12:30:02",1845,1823,22,0,549,527,22,0,2000,1451,536,9,4,111,91,0,28,29,212,1,1,3,36,4,1,3,3,8,5
3,ARGEŞ,"ŞCOALA GIMNAZIALĂ ”MIRCEA CEL BĂTRAN” (FOSTĂ ŞCOALA NR. 13)",11,"MUNICIPIUL PITEŞTI",13169,1,PROV,PRCNCT,S,S_SV,"2021-01-21 12:30:02",1826,1813,13,0,536,523,13,0,2000,1464,533,2,1,115,86,1,20,37,199,1,0,0,41,2,5,10,2,9,5
3,ARGEŞ,"ŞCOALA GIMNAZIALĂ ”MIRCEA CEL BĂTRAN” (FOSTĂ ŞCOALA NR. 13)",12,"MUNICIPIUL PITEŞTI",13169,1,PROV,PRCNCT,S,S_SV,"2021-01-21 12:30:02",1924,1907,17,0,578,561,17,0,2100,1522,572,4,2,127,89,1,17,34,241,4,1,4,32,1,1,4,2,13,1
3,ARGEŞ,"ŞCOALA GIMNAZIALĂ ”MIRCEA CEL BĂTRAN” (FOSTĂ ŞCOALA NR. 13)",13,"MUNICIPIUL PITEŞTI",13169,1,PROV,PRCNCT,S,S_SV,"2021-01-21 12:30:02",1826,1795,31,0,555,524,31,0,1900,1345,549,4,2,109,94,1,20,33,230,0,1,1,31,2,10,2,3,10,2
3,ARGEŞ,"GRĂDINIŢA CU PROGRAM PRELUNGIT ”LUMINIŞUL PĂDURII” (FOSTĂ GRĂDINIŢĂ NR. 6)",14,"MUNICIPIUL PITEŞTI",13169,1,PROV,PRCNCT,S,S_SV,"2021-01-21 12:30:02",1386,1369,17,0,447,430,17,0,1490,1043,439,4,4,99,95,0,11,10,165,0,1,3,29,5,3,6,0,8,4
3,ARGEŞ,"GRĂDINIŢA CU PROGRAM PRELUNGIT ”LUMINIŞUL PĂDURII” (FOSTĂ GRĂDINIŢĂ NR. 6)",15,"MUNICIPIUL PITEŞTI",13169,1,PROV,PRCNCT,S,S_SV,"2021-01-21 12:30:02",1682,1663,17,2,530,511,17,2,1800,1270,514,12,4,114,102,0,17,19,191,1,3,5,34,4,1,9,2,11,1
3,ARGEŞ,"LICEUL TEHNOLOGIC ”DACIA” (FOST GRUP ŞCOLAR INDUSTRIAL CONSTRUCŢII MAŞINI)",16,"MUNICIPIUL PITEŞTI",13169,1,PROV,PRCNCT,S,S_SV,"2021-01-21 12:30:02",1518,1488,29,1,571,541,29,1,1600,1029,565,5,1,144,142,2,36,23,176,0,1,6,19,3,1,3,0,9,0
3,ARGEŞ,"COLEGIUL NAŢIONAL ”ION C. BRĂTIANU”",17,"MUNICIPIUL PITEŞTI",13169,2,PART,PRCNCT,S,S_SV,"2021-01-21 12:30:02",917,883,32,2,329,295,32,2,1000,671,328,1,0,79,96,0,13,12,93,3,2,2,20,2,1,2,0,3,0
3,ARGEŞ,"ŞCOALA NR.1 - STRUCTURĂ A ŞCOLII GIMNAZIALE „NICOLAE BĂLCESCU” (FOSTA ŞCOALA GIMNAZIALĂ NR.9)",18,"MUNICIPIUL PITEŞTI",13169,1,PROV,PRCNCT,S,S_SV,"2021-01-21 12:30:02",1690,1675,15,0,548,533,15,0,1800,1252,540,6,2,111,129,0,31,29,193,1,1,2,29,2,0,4,0,7,1
3,ARGEŞ,"ŞCOALA NR.1 - STRUCTURĂ A ŞCOLII GIMNAZIALE „NICOLAE BĂLCESCU” (FOSTA ŞCOALA GIMNAZIALĂ NR.9)",19,"MUNICIPIUL PITEŞTI",13169,1,PROV,PRCNCT,S,S_SV,"2021-01-21 12:30:02",1652,1625,11,16,562,535,11,16,1800,1238,554,8,0,112,149,3,16,20,195,2,0,2,34,2,4,5,0,10,0
3,ARGEŞ,"UNIVERSITATEA „CONSTANTIN BRÂNCOVEANU” (INTRAREA C)",20,"MUNICIPIUL PITEŞTI",13169,1,PROV,PRCNCT,S,S_SV,"2021-01-21 12:30:02",1538,1510,28,0,408,380,28,0,1700,1292,402,4,2,100,73,0,20,31,136,1,0,0,23,2,4,3,0,6,3
3,ARGEŞ,"ŞCOALA GIMNAZIALĂ „ALEXANDRU DAVILA” (INTRAREA B) (FOSTA ŞCOALĂ NR.14)",21,"MUNICIPIUL PITEŞTI",13169,1,PROV,PRCNCT,S,S_SV,"2021-01-21 12:30:02",1160,1136,24,0,332,308,24,0,1200,868,328,4,0,95,46,1,10,35,100,2,0,0,30,2,3,1,0,2,1
3,ARGEŞ,"ŞCOALA GIMNAZIALĂ ”NICOLAE BĂLCESCU” ( FOSTA ŞCOALĂ NR.6)",22,"MUNICIPIUL PITEŞTI",13169,2,PART,PRCNCT,S,S_SV,"2021-01-21 12:30:02",1761,1735,24,2,553,527,24,2,1900,1347,549,4,0,133,99,1,22,19,217,0,2,1,27,1,3,9,0,9,6
3,ARGEŞ,"ŞCOALA GIMNAZIALĂ ”NICOLAE BĂLCESCU” ( FOSTA ŞCOALĂ NR.6)",23,"MUNICIPIUL PITEŞTI",13169,2,PART,PRCNCT,S,S_SV,"2021-01-21 12:30:02",1691,1666,25,0,399,374,25,0,1799,1400,392,7,0,70,60,2,17,11,167,0,0,1,47,2,1,7,4,2,1
3,ARGEŞ,"ŞCOALA GIMNAZIALĂ ”NICOLAE BĂLCESCU” ( FOSTA ŞCOALĂ NR.6)",24,"MUNICIPIUL PITEŞTI",13169,1,PROV,PRCNCT,S,S_SV,"2021-01-21 12:30:02",1725,1708,17,0,483,466,17,0,1900,1417,473,8,2,103,86,0,19,19,188,1,0,0,38,1,4,2,1,8,3
3,ARGEŞ,"ŞCOALA GIMNAZIALĂ ”NICOLAE BĂLCESCU” ( FOSTA ŞCOALĂ NR.6)",25,"MUNICIPIUL PITEŞTI",13169,1,PROV,PRCNCT,S,S_SV,"2021-01-21 12:30:02",1751,1739,12,0,475,463,12,0,1900,1425,468,6,1,108,89,0,17,22,183,0,1,6,26,2,3,4,0,6,1
3,ARGEŞ,"GRĂDINIŢA CU PROGRAM PRELUNGIT ”ALBĂ CA ZĂPADA” ( FOSTA GRĂDINIŢĂ NR. 10)",26,"MUNICIPIUL PITEŞTI",13169,1,PROV,PRCNCT,S,S_SV,"2021-01-21 12:30:02",1830,1810,20,0,475,455,20,0,2000,1525,463,11,1,87,59,0,15,22,198,2,2,2,54,4,3,1,1,13,0
3,ARGEŞ,"ŞCOALA GIMNAZIALĂ ”ADRIAN PĂUNESCU” (FOSTĂ ŞCOALA NR. 15 )",27,"MUNICIPIUL PITEŞTI",13169,1,PROV,PRCNCT,S,S_SV,"2021-01-21 12:30:02",1776,1743,33,0,535,502,33,0,1900,1365,521,13,1,81,99,3,23,25,225,0,0,3,43,2,4,5,0,6,2
3,ARGEŞ,"ŞCOALA GIMNAZIALĂ ”ADRIAN PĂUNESCU” (FOSTĂ ŞCOALA NR. 15 )",28,"MUNICIPIUL PITEŞTI",13169,1,PROV,PRCNCT,S,S_SV,"2021-01-21 12:30:02",1820,1790,25,5,538,508,25,5,1900,1362,523,11,4,94,76,1,24,35,219,0,3,3,46,2,5,5,1,5,4
3,ARGEŞ,"SC APĂ CANAL 2000 SA",29,"MUNICIPIUL PITEŞTI",13169,1,PROV,PRCNCT,S,S_SV,"2021-01-21 12:30:02",1885,1864,21,0,561,540,21,0,2000,1439,554,7,0,154,101,1,22,28,194,1,2,1,33,2,2,6,1,5,1
3,ARGEŞ,"S.C. LISA DRAXLMAIER S.A.",30,"MUNICIPIUL PITEŞTI",13169,1,PROV,PRCNCT,S,S_SV,"2021-01-21 12:30:02",1836,1816,17,3,609,589,17,3,2000,1401,589,9,1,148,78,1,13,41,235,2,3,5,46,1,2,4,1,9,0
3,ARGEŞ,"COMALIMENT-TITAN SA",31,"MUNICIPIUL PITEŞTI",13169,1,PROV,PRCNCT,S,S_SV,"2021-01-21 12:30:02",2043,2016,27,0,570,543,27,0,2200,1630,560,10,0,109,81,1,29,32,185,3,1,6,79,2,8,9,1,12,2
3,ARGEŞ,"LICEUL TEORETIC ”ION CANTACUZINIO”",32,"MUNICIPIUL PITEŞTI",13169,1,PROV,PRCNCT,S,S_SV,"2021-01-21 12:30:02",1839,1823,16,0,532,516,16,0,2000,1468,522,5,5,118,86,1,20,27,210,1,0,4,26,4,4,7,1,9,4
3,ARGEŞ,"LICEUL TEORETIC ”ION CANTACUZINIO”",33,"MUNICIPIUL PITEŞTI",13169,1,PROV,PRCNCT,S,S_SV,"2021-01-21 12:30:02",1941,1915,26,0,670,644,26,0,2100,1430,654,12,4,158,111,1,29,38,244,1,1,4,48,3,4,1,3,6,2
3,ARGEŞ,"LICEUL TEORETIC ” ION CANTACUZINO”",34,"MUNICIPIUL PITEŞTI",13169,1,PROV,PRCNCT,S,S_SV,"2021-01-21 12:30:02",1745,1726,19,0,478,459,19,0,1900,1422,468,9,1,77,86,0,26,35,192,0,3,3,26,5,5,2,2,4,2
3,ARGEŞ,"LICEUL TEORETIC ”ION CANTACUZINO” (INTRAREA D)",35,"MUNICIPIUL PITEŞTI",13169,1,PROV,PRCNCT,S,S_SV,"2021-01-21 12:30:02",1681,1604,13,64,580,503,13,64,1800,1220,573,5,2,116,121,0,17,27,238,1,1,3,29,2,7,1,1,5,4
3,ARGEŞ,"ŞCOALA GIMNAZIALĂ ”MATEI BASARAB” ( FOSTA ŞCOALA NR. 19)",36,"MUNICIPIUL PITEŞTI",13169,1,PROV,PRCNCT,S,S_SV,"2021-01-21 12:30:02",1932,1918,14,0,612,598,14,0,2100,1488,605,6,1,178,113,2,20,26,195,2,2,4,39,1,2,8,1,11,1
3,ARGEŞ,"ŞCOALA GIMNAZIALĂ ”MATEI BASARAB” ( FOSTA ŞCOALA NR. 19)",37,"MUNICIPIUL PITEŞTI",13169,2,PART,PRCNCT,S,S_SV,"2021-01-21 12:30:02",1997,1980,17,0,765,748,17,0,2200,1435,757,5,3,234,153,1,29,29,233,1,1,4,45,1,4,6,0,15,1
3,ARGEŞ,"ŞCOALA GIMNAZIALĂ „MATEI BASARAB” (FOSTA ŞCOALĂ NR.19)",38,"MUNICIPIUL PITEŞTI",13169,1,PROV,PRCNCT,S,S_SV,"2021-01-21 12:30:02",1875,1852,23,0,625,602,23,0,2000,1375,615,9,1,171,116,1,22,26,222,0,1,1,33,1,4,4,1,10,2
3,ARGEŞ,"UNIVERSITATEA ”CONSTANTIN BRÂNCOVEANU”",39,"MUNICIPIUL PITEŞTI",13169,1,PROV,PRCNCT,S,S_SV,"2021-01-21 12:30:02",1487,1467,20,0,450,430,20,0,1600,1150,442,8,0,108,87,2,17,18,147,3,1,2,43,2,1,4,1,4,2
3,ARGEŞ,"UNIVERSITATEA ”CONSTANTIN BRÂNCOVEANU”",40,"MUNICIPIUL PITEŞTI",13169,1,PROV,PRCNCT,S,S_SV,"2021-01-21 12:30:02",1587,1574,13,0,442,429,13,0,1800,1358,434,8,0,106,79,0,10,25,154,1,3,2,22,2,9,4,3,13,1
3,ARGEŞ,"ŞCOALA GIMNAZIALĂ ”ALEXANDRU DAVILA” (FOSTĂ ŞCOALĂ NR.14)",41,"MUNICIPIUL PITEŞTI",13169,1,PROV,PRCNCT,S,S_SV,"2021-01-21 12:30:02",1834,1815,18,1,571,552,18,1,2000,1429,554,17,0,146,117,0,19,32,163,1,0,3,45,3,7,5,4,6,3
3,ARGEŞ,"ŞCOALA GIMNAZIALĂ ”MARIN PREDA” (FOSTA ŞCOALĂ NR.10)",42,"MUNICIPIUL PITEŞTI",13169,1,PROV,PRCNCT,S,S_SV,"2021-01-21 12:30:02",1766,1740,26,0,585,559,26,0,1900,1315,574,8,3,145,119,1,21,18,191,1,1,1,52,3,2,7,3,5,4
3,ARGEŞ,"ŞCOALA GIMNAZIALĂ ”MARIN PREDA” (FOSTA ŞCOALĂ NR.10)",43,"MUNICIPIUL PITEŞTI",13169,1,PROV,PRCNCT,S,S_SV,"2021-01-21 12:30:02",1442,1424,18,0,476,458,18,0,1600,1124,473,3,0,109,89,0,33,19,179,1,1,2,23,0,1,3,0,11,2
3,ARGEŞ,"ŞCOALA GIMNAZIALĂ ”MARIN PREDA” (FOSTA ŞCOALĂ NR.10)",44,"MUNICIPIUL PITEŞTI",13169,1,PROV,PRCNCT,S,S_SV,"2021-01-21 12:30:02",1652,1613,39,0,575,536,39,0,1800,1225,565,10,0,143,133,0,31,24,193,1,2,2,25,2,2,0,1,5,1
3,ARGEŞ,"COLEGIUL TEHNIC ” ARMAND CĂLINESCU”",45,"MUNICIPIUL PITEŞTI",13169,1,PROV,PRCNCT,S,S_SV,"2021-01-21 12:30:02",739,698,21,20,290,251,21,18,900,610,287,3,0,65,84,0,12,11,90,1,1,2,14,1,1,1,0,3,1
3,ARGEŞ,"COLEGIUL TEHNIC ” ARMAND CĂLINESCU”",46,"MUNICIPIUL PITEŞTI",13169,2,PART,PRCNCT,S,S_SV,"2021-01-21 12:30:02",1377,1356,13,8,445,424,13,8,1500,1055,436,8,1,103,136,1,18,13,134,0,3,1,14,1,4,1,0,4,3
3,ARGEŞ,"ŞCOALA GIMNAZIALĂ ”NICOLAE SIMONIDE” (FOSTĂ ŞCOALĂ NR.1)",47,"MUNICIPIUL PITEŞTI",13169,1,PROV,PRCNCT,S,S_SV,"2021-01-21 12:30:02",1105,1080,25,0,399,374,25,0,1200,801,392,7,0,111,73,0,20,16,148,0,0,0,14,1,0,1,1,5,2
3,ARGEŞ,"ŞCOALA GIMNAZIALĂ ”NICOLAE SIMONIDE” (FOSTĂ ŞCOALĂ NR.1)",48,"MUNICIPIUL PITEŞTI",13169,1,PROV,PRCNCT,S,S_SV,"2021-01-21 12:30:02",1552,1539,13,0,494,481,13,0,1700,1206,487,6,1,132,121,0,33,17,143,2,0,5,21,1,1,1,2,8,0
3,ARGEŞ,"ŞCOALA GIMNAZIALĂ ”NICOLAE SIMONIDE” (FOSTĂ ŞCOALĂ NR.1)",49,"MUNICIPIUL PITEŞTI",13169,1,PROV,PRCNCT,S,S_SV,"2021-01-21 12:30:02",903,887,12,4,305,289,12,4,1000,695,300,4,1,75,78,1,9,10,103,0,2,0,14,1,1,2,1,3,0
3,ARGEŞ,"DIRECŢIA APELOR ARGEŞ-VEDEA",50,"MUNICIPIUL PITEŞTI",13169,1,PROV,PRCNCT,S,S_SV,"2021-01-21 12:30:02",1118,1104,14,0,373,359,14,0,1200,827,368,4,1,68,99,3,13,26,124,1,1,2,17,3,0,1,1,2,7
3,ARGEŞ,"ŞCOALA GIMNAZIALĂ „NICOLAE SIMONIDE”, (FOSTA ŞCOALĂ NR.1), (INTRAREA D)",51,"MUNICIPIUL PITEŞTI",13169,2,PART,PRCNCT,S,S_SV,"2021-01-21 12:30:02",1719,1702,17,0,534,517,17,0,1900,1366,531,3,0,139,110,1,23,23,199,2,1,2,18,1,2,6,0,1,3
3,ARGEŞ,"ŞCOALA GIMNAZIALĂ ”NICOLAE IORGA”(FOSTĂ ŞCOALĂ NR.5)",52,"MUNICIPIUL PITEŞTI",13169,1,PROV,PRCNCT,S,S_SV,"2021-01-21 12:30:02",1436,1416,19,1,489,469,19,1,1600,1111,481,6,2,138,144,0,22,15,132,0,1,0,12,3,1,2,0,9,2
3,ARGEŞ,"ŞCOALA GIMNAZIALĂ ”NICOLAE IORGA”(FOSTĂ ŞCOALĂ NR.5)",53,"MUNICIPIUL PITEŞTI",13169,1,PROV,PRCNCT,S,S_SV,"2021-01-21 12:30:02",1080,1059,19,2,397,376,19,2,1200,803,390,6,1,77,118,1,23,15,120,1,0,1,22,0,0,3,1,8,0
3,ARGEŞ,"ŞCOALA GIMNAZIALĂ ”TUDOR VLADIMIRESCU” ( FOSTĂ ŞCOALĂ NR.20)",54,"MUNICIPIUL PITEŞTI",13169,1,PROV,PRCNCT,S,S_SV,"2021-01-21 12:30:02",1743,1720,22,1,556,533,22,1,1900,1344,549,6,1,126,112,0,13,23,197,0,2,1,56,4,0,4,2,8,1
3,ARGEŞ,"ŞCOALA GIMNAZIALĂ ”TUDOR VLADIMIRESCU” ( FOSTĂ ŞCOALĂ NR.20)",55,"MUNICIPIUL PITEŞTI",13169,1,PROV,PRCNCT,S,S_SV,"2021-01-21 12:30:02",1613,1589,23,1,486,462,23,1,1700,1214,476,7,3,106,94,1,17,27,179,2,1,5,23,8,3,2,0,8,0
3,ARGEŞ,"ŞCOALA GIMNAZIALĂ ” TUDOR VLADIMIRESCU” ( FOSTĂ ŞCOALĂ NR.20)",56,"MUNICIPIUL PITEŞTI",13169,1,PROV,PRCNCT,S,S_SV,"2021-01-21 12:30:02",1767,1746,21,0,595,574,21,0,1900,1305,581,13,1,143,93,0,29,27,231,0,0,1,36,3,2,6,2,8,0
3,ARGEŞ,"ŞCOALA GIMNAZIALĂ ” MIRCEA ELIADE” ( FOSTĂ ŞCOALĂ NR.18)",57,"MUNICIPIUL PITEŞTI",13169,1,PROV,PRCNCT,S,S_SV,"2021-01-21 12:30:02",1691,1670,20,1,494,473,20,1,1800,1306,492,2,0,128,78,1,22,30,194,0,0,1,21,3,0,6,3,4,1
3,ARGEŞ,"ŞCOALA GIMNAZIALĂ ” MIRCEA ELIADE” ( FOSTĂ ŞCOALĂ NR.18)",58,"MUNICIPIUL PITEŞTI",13169,1,PROV,PRCNCT,S,S_SV,"2021-01-21 12:30:02",1658,1645,11,2,438,425,11,2,1800,1362,435,3,0,109,72,1,13,32,160,1,0,4,25,1,1,4,1,9,2
3,ARGEŞ,"ŞCOALA GIMNAZIALĂ ” TUDOR ARGHEZI” ( FOSTĂ ŞCOALĂ NR.7)",59,"MUNICIPIUL PITEŞTI",13169,1,PROV,PRCNCT,S,S_SV,"2021-01-21 12:30:02",1791,1774,14,3,472,455,14,3,2000,1528,463,7,2,89,73,2,20,25,194,4,0,1,41,3,3,1,1,5,1
3,ARGEŞ,"ŞCOALA GIMNAZIALĂ ” TUDOR ARGHEZI” ( FOSTĂ ŞCOALĂ NR.7)",60,"MUNICIPIUL PITEŞTI",13169,1,PROV,PRCNCT,S,S_SV,"2021-01-21 12:30:02",1903,1859,44,0,640,596,44,0,2100,1460,630,8,2,164,115,1,28,30,219,3,0,6,50,3,1,3,1,6,0
3,ARGEŞ,"ŞCOALA GIMNAZIALĂ ” TUDOR ARGHEZI” ( FOSTĂ ŞCOALĂ NR.7)",61,"MUNICIPIUL PITEŞTI",13169,4,PART,PRCNCT,S,S_SV,"2021-01-21 12:30:02",2040,2018,22,0,675,653,22,0,2200,1525,667,8,0,189,130,1,32,32,219,1,0,7,39,3,2,3,2,7,0
3,ARGEŞ,"ŞCOALA GIMNAZIALĂ ” TUDOR ARGHEZI” ( FOSTĂ ŞCOALĂ NR.7)",62,"MUNICIPIUL PITEŞTI",13169,1,PROV,PRCNCT,S,S_SV,"2021-01-21 12:30:02",1789,1777,12,0,560,548,12,0,2000,1440,550,10,0,126,87,1,17,29,217,3,1,3,47,0,2,6,1,7,3
3,ARGEŞ,"COLEGIUL TEHNIC ”COSTIN D. NENIŢESCU”",63,"MUNICIPIUL PITEŞTI",13169,1,PROV,PRCNCT,S,S_SV,"2021-01-21 12:30:02",1604,1565,38,1,419,380,38,1,1700,1281,413,4,2,79,68,2,20,29,138,1,3,6,52,2,0,2,0,8,3
3,ARGEŞ,"COLEGIUL TEHNIC ”COSTIN D. NENIŢESCU”",64,"MUNICIPIUL PITEŞTI",13169,1,PROV,PRCNCT,S,S_SV,"2021-01-21 12:30:02",1752,1737,15,0,588,573,15,0,1900,1312,579,6,3,178,89,0,21,35,185,6,1,1,39,2,3,7,3,8,1
3,ARGEŞ,"COLEGIUL TEHNIC ”COSTIN D. NENIŢESCU”",65,"MUNICIPIUL PITEŞTI",13169,1,PROV,PRCNCT,S,S_SV,"2021-01-21 12:30:02",1614,1601,12,1,477,464,12,1,1800,1323,461,15,1,98,66,0,16,13,196,2,0,4,41,2,7,6,1,5,4
3,ARGEŞ,"ŞCOALA NR.2 - STRUCTURĂ A ŞCOLII GIMNAZIALE „TUDOR VLADIMIRESCU” (FOSTA ȘCOALĂ NR.8)",66,"MUNICIPIUL PITEŞTI",13169,2,PART,PRCNCT,S,S_SV,"2021-01-21 12:30:02",1777,1731,45,1,707,661,45,1,1900,1193,697,9,1,165,137,2,23,30,271,1,0,4,35,5,0,9,1,13,1
3,ARGEŞ,"DIRECȚIA DE ASISTENȚĂ SOCIALĂ A MUNICIPIULUI PITEȘTI",67,"MUNICIPIUL PITEŞTI",13169,3,PART,PRCNCT,S,S_SV,"2021-01-21 12:30:02",1927,1898,28,1,612,583,28,1,2100,1488,603,7,2,145,132,1,19,30,219,1,3,2,27,4,3,6,2,7,2
3,ARGEŞ,"ŞCOALA GIMNAZIALĂ ”MIHAI EMINESCU” (FOSTA ŞCOALA NR.11)",68,"MUNICIPIUL PITEŞTI",13169,1,PROV,PRCNCT,S,S_SV,"2021-01-21 12:30:02",1547,1513,34,0,541,507,34,0,1700,1159,531,8,2,129,109,3,24,28,190,0,0,2,23,3,6,3,2,7,2
3,ARGEŞ,"ŞCOALA GIMNAZIALĂ ”MIHAI EMINESCU” (FOSTA ŞCOALA NR.11)",69,"MUNICIPIUL PITEŞTI",13169,1,PROV,PRCNCT,S,S_SV,"2021-01-21 12:30:02",1451,1414,37,0,496,459,37,0,1600,1104,488,8,0,122,98,0,23,19,163,2,5,3,28,3,5,4,3,6,4
3,ARGEŞ,"GRĂDINIŢA CU PROGRAM PRELUNGIT ” FLOARE DE COLŢ” ( FOSTA GRĂDINIŢĂ NR.5)",70,"MUNICIPIUL PITEŞTI",13169,1,PROV,PRCNCT,S,S_SV,"2021-01-21 12:30:02",1252,1225,27,0,450,423,27,0,1400,950,435,10,5,119,71,1,19,36,132,0,3,5,30,1,6,3,1,6,2
3,ARGEŞ,"UNIVERSITATEA PITEŞTI",71,"MUNICIPIUL PITEŞTI",13169,1,PROV,PRCNCT,S,S_SV,"2021-01-21 12:30:02",1725,1701,24,0,575,551,24,0,1900,1325,570,5,0,136,113,2,25,42,192,1,0,2,34,0,5,12,2,4,0
3,ARGEŞ,"COLEGIUL NAŢIONAL ”ALEXANDRU ODOBESCU”",72,"MUNICIPIUL PITEŞTI",13169,1,PROV,PRCNCT,S,S_SV,"2021-01-21 12:30:02",2023,1991,32,0,627,595,32,0,2200,1573,616,10,1,172,122,1,30,37,197,2,3,2,30,0,3,10,1,5,1
3,ARGEŞ,"COLEGIUL NAŢIONAL ”ALEXANDRU ODOBESCU”",73,"MUNICIPIUL PITEŞTI",13169,1,PROV,PRCNCT,S,S_SV,"2021-01-21 12:30:02",1705,1695,10,0,432,422,10,0,1900,1468,426,5,1,100,64,1,20,19,165,3,1,4,29,4,0,6,1,6,3
3,ARGEŞ,"GRĂDINIŢA CU PROGRAM PRELUNGIT ” ARMONIA” ( FOSTA GRĂDINIŢĂ NR.8)",74,"MUNICIPIUL PITEŞTI",13169,1,PROV,PRCNCT,S,S_SV,"2021-01-21 12:30:02",1823,1801,22,0,456,434,22,0,2000,1544,444,10,2,83,66,1,14,26,180,1,0,5,47,4,0,7,3,6,1
3,ARGEŞ,"ŞCOALA GIMNAZIALĂ ”ION MINULESCU” (FOSTA ŞCOALĂ NR.2)",75,"MUNICIPIUL PITEŞTI",13169,1,PROV,PRCNCT,S,S_SV,"2021-01-21 12:30:02",1474,1424,50,0,419,369,50,0,1600,1181,409,10,0,89,79,1,16,24,152,0,1,1,27,2,3,7,1,4,2
3,ARGEŞ,"ŞCOALA GIMNAZIALĂ ”ION MINULESCU” (FOSTA ŞCOALĂ NR.2)",76,"MUNICIPIUL PITEŞTI",13169,1,PROV,PRCNCT,S,S_SV,"2021-01-21 12:30:02",1679,1638,39,2,521,480,39,2,1800,1279,512,8,1,106,110,1,24,38,179,1,1,3,29,1,2,4,3,10,0
3,ARGEŞ,"COLEGIUL TEHNIC ”DIMITRIE DIMA”",77,"MUNICIPIUL PITEŞTI",13169,1,PROV,PRCNCT,S,S_SV,"2021-01-21 12:30:02",1551,1537,13,1,467,453,13,1,1700,1233,459,6,2,121,80,0,15,24,169,2,0,6,21,1,2,6,3,8,1
3,ARGEŞ,"COLEGIUL TEHNIC ”DIMITRIE DIMA”",78,"MUNICIPIUL PITEŞTI",13169,1,PROV,PRCNCT,S,S_SV,"2021-01-21 12:30:02",1919,1891,28,0,481,453,28,0,2100,1619,474,5,2,58,70,1,35,20,196,8,0,4,63,3,2,7,1,6,0
3,ARGEŞ,"ŞCOALA GIMNAZIALĂ ” TUDOR MUŞATESCU” (FOSTA ŞCOALA NR. 17) (INTRAREA A)",79,"MUNICIPIUL PITEŞTI",13169,1,PROV,PRCNCT,S,S_SV,"2021-01-21 12:30:02",1349,1329,20,0,342,322,20,0,1500,1158,330,12,0,86,60,0,16,13,119,0,1,0,24,2,0,4,1,4,0
3,ARGEŞ,"ŞCOALA GIMNAZIALĂ „TUDOR MUŞATESCU” (FOSTĂ ŞCOALĂ NR.17) (INTRAREA B)",80,"MUNICIPIUL PITEŞTI",13169,1,PROV,PRCNCT,S,S_SV,"2021-01-21 12:30:02",1328,1310,18,0,363,345,18,0,1500,1137,353,9,1,73,53,0,13,15,139,3,0,3,33,1,8,2,2,5,3
3,ARGEŞ,"LICEUL TEHNOLOGIC ” CONSTANTIN BRÂNCUŞI” ( FOST LICEU TEHNOLOGIC DE INDUSTRIALIZAREA LEMNULUI)",81,"MUNICIPIUL PITEŞTI",13169,1,PROV,PRCNCT,S,S_SV,"2021-01-21 12:30:02",1666,1659,7,0,601,594,7,0,1800,1199,591,7,3,141,136,1,27,23,217,0,1,4,19,4,1,6,0,8,3
3,ARGEŞ,"LICEUL TEHNOLOGIC ” CONSTANTIN BRÂNCUŞI” ( FOST LICEU TEHNOLOGIC DE INDUSTRIALIZAREA LEMNULUI)",82,"MUNICIPIUL PITEŞTI",13169,1,PROV,PRCNCT,S,S_SV,"2021-01-21 12:30:02",1653,1626,26,1,520,493,26,1,1800,1280,513,6,1,135,111,1,22,18,187,1,1,2,17,2,2,3,1,10,0
3,ARGEŞ,"GRĂDINIŢA CU PROGRAM NORMAL ”ISTEŢEL” ( FOSTA GRĂDINIŢĂ NR.4)",83,"MUNICIPIUL PITEŞTI",13169,2,PART,PRCNCT,S,S_SV,"2021-01-21 12:30:02",1773,1747,26,0,551,525,26,0,1900,1349,538,13,0,130,94,1,16,18,227,1,2,2,27,7,2,6,1,4,0
3,ARGEŞ,"GRĂDINIŢA CU PROGRAM PRELUNGIT ” ARIPI DESCHISE” ( FOSTA GRĂDINIŢĂ NR.14)",84,"MUNICIPIUL PITEŞTI",13169,1,PROV,PRCNCT,S,S_SV,"2021-01-21 12:30:02",1786,1763,23,0,561,538,23,0,1900,1339,553,7,1,125,105,1,27,35,210,3,3,3,25,1,2,1,0,10,2
3,ARGEŞ,"ŞCOALA GIMNAZIALĂ ”I. L. CARAGIALE” (FOSTĂ ŞCOALĂ NR.16)",85,"MUNICIPIUL PITEŞTI",13169,1,PROV,PRCNCT,S,S_SV,"2021-01-21 12:30:02",1612,1590,22,0,513,491,22,0,1700,1187,497,14,2,123,97,0,17,30,177,1,2,1,30,3,2,2,4,8,0
3,ARGEŞ,"ŞCOALA GIMNAZIALĂ ”I. L. CARAGIALE” (FOSTĂ ŞCOALĂ NR.16)",86,"MUNICIPIUL PITEŞTI",13169,1,PROV,PRCNCT,S,S_SV,"2021-01-21 12:30:02",1732,1724,8,0,502,494,8,0,1900,1398,495,4,3,126,81,0,24,29,180,4,2,2,24,1,4,8,1,4,5
3,ARGEŞ,"ŞCOALA GIMNAZIALĂ ”I. L. CARAGIALE” (FOSTĂ ŞCOALĂ NR.16)",87,"MUNICIPIUL PITEŞTI",13169,1,PROV,PRCNCT,S,S_SV,"2021-01-21 12:30:02",1650,1642,8,0,537,529,8,0,1800,1263,530,6,1,143,90,2,24,36,190,2,2,3,20,1,2,9,0,3,3
3,ARGEŞ,"ŞCOALA GIMNAZIALĂ ” TRAIAN” ( FOSTĂ ŞCOALĂ NR.4)",88,"MUNICIPIUL PITEŞTI",13169,1,PROV,PRCNCT,S,S_SV,"2021-01-21 12:30:02",1391,1364,27,0,504,477,27,0,1500,996,493,11,0,109,101,1,14,28,175,0,0,3,34,3,3,6,2,11,3
3,ARGEŞ,"ŞCOALA GIMNAZIALĂ ” TRAIAN” ( FOSTĂ ŞCOALĂ NR.4)",89,"MUNICIPIUL PITEŞTI",13169,1,PROV,PRCNCT,S,S_SV,"2021-01-21 12:30:02",1680,1658,22,0,574,552,22,0,1800,1226,566,7,1,120,137,2,26,23,216,0,2,2,26,0,1,2,2,7,0
3,ARGEŞ,"ŞCOALA GIMNAZIALĂ ”OPREA IORGULESCU” - I",90,"MUNICIPIUL CÂMPULUNG",13490,3,PART,PRCNCT,S,S_SV,"2021-01-21 12:30:02",767,744,21,2,282,259,21,2,817,535,279,2,1,70,77,1,11,12,84,1,0,1,9,3,0,6,1,3,0
3,ARGEŞ,"ŞCOALA GIMNAZIALĂ ”OPREA IORGULESCU” - II",91,"MUNICIPIUL CÂMPULUNG",13490,1,PROV,PRCNCT,S,S_SV,"2021-01-21 12:30:02",874,860,12,2,300,286,12,2,1000,700,296,3,1,71,77,0,9,9,107,1,0,0,8,1,2,2,1,6,2
3,ARGEŞ,"ŞCOALA GIMNAZIALĂ NANU MUSCEL",92,"MUNICIPIUL CÂMPULUNG",13490,1,PROV,PRCNCT,S,S_SV,"2021-01-21 12:30:02",1194,1149,24,21,429,384,24,21,1200,771,422,5,2,98,112,0,15,19,129,0,1,1,34,0,0,4,3,6,0
3,ARGEŞ,"GRĂDINIȚA CU PROGRAM NORMAL NR. 9",93,"MUNICIPIUL CÂMPULUNG",13490,1,PROV,PRCNCT,S,S_SV,"2021-01-21 12:30:02",1686,1670,16,0,413,397,16,0,1800,1387,408,5,0,122,78,1,11,21,123,1,1,1,38,3,2,2,0,4,0
3,ARGEŞ,"BAZIN MUNICIPAL DE ÎNOT I",94,"MUNICIPIUL CÂMPULUNG",13490,1,PROV,PRCNCT,S,S_SV,"2021-01-21 12:30:02",1577,1566,11,0,457,446,11,0,1700,1243,449,7,1,105,101,0,29,24,144,2,3,0,31,1,0,3,1,4,1
3,ARGEŞ,"BAZIN MUNICIPAL DE ÎNOT II",95,"MUNICIPIUL CÂMPULUNG",13490,1,PROV,PRCNCT,S,S_SV,"2021-01-21 12:30:02",1461,1447,13,1,381,367,13,1,1600,1219,379,1,1,96,82,1,12,24,130,2,0,1,20,2,0,2,1,4,2
3,ARGEŞ,"BAZIN MUNICIPAL DE ÎNOT III",96,"MUNICIPIUL CÂMPULUNG",13490,1,PROV,PRCNCT,S,S_SV,"2021-01-21 12:30:02",1489,1466,22,1,454,431,22,1,1600,1146,443,6,5,101,73,0,17,25,188,3,0,4,24,1,0,3,2,2,0
3,ARGEŞ,"ŞCOALA GENERALĂ NR. 5",97,"MUNICIPIUL CÂMPULUNG",13490,1,PROV,PRCNCT,S,S_SV,"2021-01-21 12:30:02",1159,1136,20,3,298,275,20,3,1200,902,297,0,1,76,71,2,12,18,84,1,0,3,23,1,1,1,1,3,0
3,ARGEŞ,"S.C. HIDROELECTRICA S.A.",98,"MUNICIPIUL CÂMPULUNG",13490,1,PROV,PRCNCT,S,S_SV,"2021-01-21 12:30:02",938,918,20,0,296,276,20,0,1000,704,293,2,1,78,70,2,9,14,94,2,0,1,17,0,0,3,1,1,1
3,ARGEŞ,"ŞCOALA GIMNAZIALĂ ”THEODOR AMAN” - I",99,"MUNICIPIUL CÂMPULUNG",13490,1,PROV,PRCNCT,S,S_SV,"2021-01-21 12:30:02",1431,1409,22,0,383,361,22,0,1600,1217,368,12,3,86,71,1,14,20,132,3,2,3,26,3,1,3,1,2,0
3,ARGEŞ,"ŞCOALA GIMNAZIALĂ ”THEODOR AMAN” - II",100,"MUNICIPIUL CÂMPULUNG",13490,1,PROV,PRCNCT,S,S_SV,"2021-01-21 12:30:02",1109,1091,18,0,288,270,18,0,1200,912,287,1,0,57,49,2,8,14,113,1,0,6,33,0,1,2,0,0,1
3,ARGEŞ,"ŞCOALA GIMNAZIALĂ ”THEODOR AMAN” - III",101,"MUNICIPIUL CÂMPULUNG",13490,1,PROV,PRCNCT,S,S_SV,"2021-01-21 12:30:02",1306,1301,5,0,271,266,5,0,1400,1129,261,10,0,54,46,0,11,7,97,1,0,3,32,1,0,5,0,3,1
3,ARGEŞ,"GRĂDINIŢA CU PROGRAM PRELUNGIT ”SFÂNTA MARINA” - I",102,"MUNICIPIUL CÂMPULUNG",13490,2,PART,PRCNCT,S,S_SV,"2021-01-21 12:30:02",1350,1339,10,1,322,311,10,1,1400,1078,317,1,4,72,64,0,15,14,120,4,1,1,16,1,1,4,2,2,0
3,ARGEŞ,"GRĂDINIŢA CU PROGRAM PRELUNGIT ”SFÂNTA MARINA” - II",103,"MUNICIPIUL CÂMPULUNG",13490,1,PROV,PRCNCT,S,S_SV,"2021-01-21 12:30:02",1292,1278,14,0,303,289,14,0,1400,1097,301,0,2,73,53,0,10,15,108,0,0,2,24,4,1,4,0,7,0
3,ARGEŞ,"GRĂDINIŢA CU PROGRAM PRELUNGIT ”SFÂNTA MARINA” - III",104,"MUNICIPIUL CÂMPULUNG",13490,1,PROV,PRCNCT,S,S_SV,"2021-01-21 12:30:02",1618,1609,8,1,333,324,8,1,1800,1467,322,9,2,66,62,1,6,12,113,0,0,3,44,4,0,3,1,5,2
3,ARGEŞ,"GRĂDINIŢA CU PROGRAM NORMAL NR. 8 - I",105,"MUNICIPIUL CÂMPULUNG",13490,1,PROV,PRCNCT,S,S_SV,"2021-01-21 12:30:02",1602,1588,14,0,330,316,14,0,1600,1270,320,8,2,66,41,0,15,20,127,1,3,3,32,1,1,3,1,5,1
3,ARGEŞ,"GRĂDINIŢA CU PROGRAM NORMAL NR. 8 - II",106,"MUNICIPIUL CÂMPULUNG",13490,1,PROV,PRCNCT,S,S_SV,"2021-01-21 12:30:02",1466,1444,22,0,399,377,22,0,1600,1201,391,6,2,90,85,3,22,14,148,1,1,1,17,2,1,2,1,2,1
3,ARGEŞ,"GRĂDINIŢA VALEA ROMÂNEŞTILOR",107,"MUNICIPIUL CÂMPULUNG",13490,1,PROV,PRCNCT,S,S_SV,"2021-01-21 12:30:02",430,383,47,0,210,163,47,0,400,190,207,3,0,25,99,1,7,5,41,0,1,1,20,1,0,2,0,2,2
3,ARGEŞ,"LICEUL TEORETIC ”DAN BARBILIAN”",108,"MUNICIPIUL CÂMPULUNG",13490,1,PROV,PRCNCT,S,S_SV,"2021-01-21 12:30:02",1046,1029,17,0,309,292,17,0,1200,891,306,2,1,60,67,2,11,11,125,1,2,1,19,0,0,4,0,2,1
3,ARGEŞ,"COLEGIUL NAŢIONAL PEDAGOGIC ”CAROL I”",109,"MUNICIPIUL CÂMPULUNG",13490,1,PROV,PRCNCT,S,S_SV,"2021-01-21 12:30:02",770,745,23,2,248,223,23,2,800,552,245,1,2,67,58,0,8,11,79,0,1,2,11,1,0,2,2,3,0
3,ARGEŞ,"GRĂDINIȚA NR. 6",110,"MUNICIPIUL CÂMPULUNG",13490,1,PROV,PRCNCT,S,S_SV,"2021-01-21 12:30:02",965,959,6,0,255,249,6,0,1000,745,253,1,1,83,34,0,9,10,91,1,0,1,18,1,0,1,2,2,0
3,ARGEŞ,"LICEUL TEHNOLOGIC AUTO",111,"MUNICIPIUL CÂMPULUNG",13490,1,PROV,PRCNCT,S,S_SV,"2021-01-21 12:30:02",1218,1204,13,1,261,247,13,1,1400,1139,251,4,6,56,35,0,8,12,104,1,0,2,23,3,0,2,2,3,0
3,ARGEŞ,"ŞCOALA GENERALĂ NR.4 ”APA SĂRATĂ”",112,"MUNICIPIUL CÂMPULUNG",13490,1,PROV,PRCNCT,S,S_SV,"2021-01-21 12:30:02",746,735,11,0,155,144,11,0,800,645,151,3,1,45,33,0,3,3,50,3,0,1,9,1,1,0,1,0,1
3,ARGEŞ,"GRĂDINIŢA NR. 1",113,"MUNICIPIUL CÂMPULUNG",13490,1,PROV,PRCNCT,S,S_SV,"2021-01-21 12:30:02",519,509,10,0,133,123,10,0,600,467,132,1,0,48,24,0,1,4,38,2,0,2,12,1,0,0,0,0,0
3,ARGEŞ,"COLEGIUL NAŢIONAL ”DINICU GOLESCU”",114,"MUNICIPIUL CÂMPULUNG",13490,1,PROV,PRCNCT,S,S_SV,"2021-01-21 12:30:02",1266,1243,22,1,389,366,22,1,1400,1011,385,3,1,89,103,0,22,11,128,2,0,1,16,0,3,5,1,3,1
3,ARGEŞ,"ŞCOALA GIMNAZIALĂ ”C.D. ARICESCU”",115,"MUNICIPIUL CÂMPULUNG",13490,1,PROV,PRCNCT,S,S_SV,"2021-01-21 12:30:02",936,880,24,32,328,272,24,32,1000,672,322,6,0,65,93,1,13,12,101,1,1,1,24,1,0,0,2,6,1
3,ARGEŞ,"ȘCOALA GIMNAZIALĂ NR.2 ”REGINA MARIA” ( I )",116,"MUNICIPIUL CURTEA DE ARGEŞ",13622,1,PROV,PRCNCT,S,S_SV,"2021-01-21 12:30:02",1505,1492,12,1,435,422,12,1,1600,1165,429,4,2,86,48,0,19,38,179,0,0,4,46,1,1,2,1,3,1
3,ARGEŞ,"ȘCOALA GIMNAZIALĂ NR.2 ”REGINA MARIA” ( II )",117,"MUNICIPIUL CURTEA DE ARGEŞ",13622,1,PROV,PRCNCT,S,S_SV,"2021-01-21 12:30:02",1187,1175,11,1,355,343,11,1,1300,945,352,2,1,89,57,1,13,14,120,3,0,4,36,1,3,4,1,3,3
3,ARGEŞ,"ȘCOALA GIMNAZIALĂ NR.2 ”REGINA MARIA” ( III )",118,"MUNICIPIUL CURTEA DE ARGEŞ",13622,1,PROV,PRCNCT,S,S_SV,"2021-01-21 12:30:02",1650,1614,25,11,540,504,25,11,1800,1260,530,9,1,106,102,2,27,23,203,4,2,3,43,1,4,4,0,6,0
3,ARGEŞ,"GRUP ȘCOLAR ”FERDINAND I”",119,"MUNICIPIUL CURTEA DE ARGEŞ",13622,1,PROV,PRCNCT,S,S_SV,"2021-01-21 12:30:02",1642,1620,19,3,462,440,19,3,1800,1338,454,7,1,76,86,1,29,21,166,3,2,3,53,1,2,3,0,7,1
3,ARGEŞ,"GRUP ȘCOLAR AGRICOL ”CONSTANTIN DOBRESCU ARGEȘ” ( I )",120,"MUNICIPIUL CURTEA DE ARGEŞ",13622,1,PROV,PRCNCT,S,S_SV,"2021-01-21 12:30:02",1397,1376,21,0,359,338,21,0,1500,1140,352,4,3,52,58,1,22,21,146,4,2,2,33,1,0,4,1,5,0
3,ARGEŞ,"GRUP ȘCOLAR AGRICOL ”CONSTANTIN DOBRESCU ARGEȘ” ( II )",121,"MUNICIPIUL CURTEA DE ARGEŞ",13622,1,PROV,PRCNCT,S,S_SV,"2021-01-21 12:30:02",1701,1682,19,0,400,381,19,0,1900,1500,391,7,2,73,60,0,12,43,150,3,2,5,25,3,1,7,2,2,3
3,ARGEŞ,"ȘCOALA GIMNAZIALĂ NR.6 ”BASARAB I”",122,"MUNICIPIUL CURTEA DE ARGEŞ",13622,1,PROV,PRCNCT,S,S_SV,"2021-01-21 12:30:02",1429,1405,24,0,444,420,24,0,1500,1056,433,11,0,59,81,2,39,24,172,1,0,5,39,5,1,2,3,0,0
3,ARGEŞ,"GRUP ȘCOLAR FORESTIER CURTEA DE ARGEȘ ( I )",123,"MUNICIPIUL CURTEA DE ARGEŞ",13622,1,PROV,PRCNCT,S,S_SV,"2021-01-21 12:30:02",1448,1424,24,0,442,418,24,0,1600,1158,431,11,0,77,104,1,15,28,150,4,1,4,35,0,2,4,1,4,1
3,ARGEŞ,"GRUP ȘCOLAR FORESTIER CURTEA DE ARGEȘ ( II )",124,"MUNICIPIUL CURTEA DE ARGEŞ",13622,1,PROV,PRCNCT,S,S_SV,"2021-01-21 12:30:02",1481,1465,16,0,411,395,16,0,1600,1189,404,5,2,72,60,0,14,36,171,2,1,1,36,4,1,3,1,2,0
3,ARGEŞ,"CENTRUL DE CULTURĂ ȘI ARTE ” GEORGE TOPÎRCEANU” ( I )",125,"MUNICIPIUL CURTEA DE ARGEŞ",13622,1,PROV,PRCNCT,S,S_SV,"2021-01-21 12:30:02",1442,1419,21,2,460,437,21,2,1600,1140,454,6,0,79,78,1,21,23,196,5,1,2,37,2,0,3,1,5,0
3,ARGEŞ,"ȘCOALA GIMNAZIALĂ NR.4 ” MIRCEA CEL BATRÂN”",126,"MUNICIPIUL CURTEA DE ARGEŞ",13622,1,PROV,PRCNCT,S,S_SV,"2021-01-21 12:30:02",1381,1350,30,1,478,447,30,1,1500,1022,472,4,1,80,112,0,21,25,175,1,1,5,34,5,0,2,0,6,5
3,ARGEŞ,"ȘCOALA GIMNAZIALĂ NR.1 ”CAROL I”",127,"MUNICIPIUL CURTEA DE ARGEŞ",13622,1,PROV,PRCNCT,S,S_SV,"2021-01-21 12:30:02",1232,1212,18,2,348,328,18,2,1300,952,336,8,4,53,85,2,17,20,113,2,0,6,28,3,0,2,0,3,2
3,ARGEŞ,"ȘCOALA GIMNAZIALĂ NR.1 ”CAROL I”",128,"MUNICIPIUL CURTEA DE ARGEŞ",13622,1,PROV,PRCNCT,S,S_SV,"2021-01-21 12:30:02",1559,1542,17,0,446,429,17,0,1700,1254,439,7,0,75,89,1,15,21,180,5,0,5,33,2,0,1,2,8,2
3,ARGEŞ,"ȘCOALA GENERALĂ NR.5 ”ARMAND CĂLINESCU” (I)",129,"MUNICIPIUL CURTEA DE ARGEŞ",13622,1,PROV,PRCNCT,S,S_SV,"2021-01-21 12:30:02",1377,1360,17,0,383,366,17,0,1500,1117,382,0,1,66,72,0,5,23,152,1,4,2,44,3,0,6,2,2,0
3,ARGEŞ,"ȘCOALA GENERALĂ NR 5 ”ARMAND CĂLINESCU” (II)",130,"MUNICIPIUL CURTEA DE ARGEŞ",13622,1,PROV,PRCNCT,S,S_SV,"2021-01-21 12:30:02",1049,1028,21,0,310,289,21,0,1103,793,302,5,3,61,71,0,15,10,108,1,3,6,17,1,1,1,0,6,1
3,ARGEŞ,"ȘCOALA GENERALĂ VALEA SASULUI",131,"MUNICIPIUL CURTEA DE ARGEŞ",13622,1,PROV,PRCNCT,S,S_SV,"2021-01-21 12:30:02",875,859,11,5,275,259,11,5,900,625,269,4,2,42,47,0,14,12,118,1,0,0,27,3,0,2,0,1,2
3,ARGEŞ,"GRUP ȘCOLAR AUTO CURTEA DE ARGEȘ",132,"MUNICIPIUL CURTEA DE ARGEŞ",13622,1,PROV,PRCNCT,S,S_SV,"2021-01-21 12:30:02",1901,1893,8,0,460,452,8,0,2100,1640,451,9,0,96,71,0,25,23,172,2,1,4,43,0,3,2,1,6,2
3,ARGEŞ,"CENTRUL DE CULTURĂ ȘI ARTE ”GEORGE TOPÎRCEANU” (II)",133,"MUNICIPIUL CURTEA DE ARGEŞ",13622,1,PROV,PRCNCT,S,S_SV,"2021-01-21 12:30:02",1433,1416,17,0,485,468,17,0,1600,1115,475,9,1,92,123,0,10,23,161,6,2,3,33,5,0,9,3,2,3
3,ARGEŞ,"ȘCOALA GENERALĂ NR.3 ”SFÂNTUL APOSTOL ANDREI”",134,"MUNICIPIUL CURTEA DE ARGEŞ",13622,1,PROV,PRCNCT,S,S_SV,"2021-01-21 12:30:02",1393,1380,13,0,420,407,13,0,1500,1080,410,6,4,65,59,2,15,25,169,5,2,4,47,5,4,4,0,2,2
3,ARGEŞ,"ȘCOALA GENERALĂ NOAPTEȘ",135,"MUNICIPIUL CURTEA DE ARGEŞ",13622,1,PROV,PRCNCT,S,S_SV,"2021-01-21 12:30:02",749,737,12,0,257,245,12,0,902,645,255,1,1,24,50,0,6,25,83,2,1,0,46,1,0,8,1,5,3
3,ARGEŞ,"PRIMĂRIA ORAŞULUI COSTEŞTI",136,"ORAŞ COSTEŞTI",13668,1,PROV,PRCNCT,S,S_SV,"2021-01-21 12:30:02",1841,1804,34,3,532,495,34,3,2000,1468,527,5,0,76,63,1,17,29,259,4,1,4,48,4,2,5,4,9,1
3,ARGEŞ,"CASA DE CULTURĂ COSTEŞTI",137,"ORAŞ COSTEŞTI",13668,1,PROV,PRCNCT,S,S_SV,"2021-01-21 12:30:02",1732,1701,31,0,562,531,31,0,1880,1318,550,9,3,68,96,0,37,20,257,4,1,0,44,5,1,9,3,5,0
3,ARGEŞ,"LICEUL TEORETIC COSTEŞTI",138,"ORAŞ COSTEŞTI",13668,1,PROV,PRCNCT,S,S_SV,"2021-01-21 12:30:02",1639,1612,19,8,432,405,19,8,1770,1338,423,7,2,48,49,3,18,26,217,1,2,1,48,2,0,1,1,5,1
3,ARGEŞ,"ŞCOALA TELEŞTI",139,"ORAŞ COSTEŞTI",13668,1,PROV,PRCNCT,S,S_SV,"2021-01-21 12:30:02",796,778,17,1,241,223,17,1,860,619,237,3,1,29,30,2,2,15,108,2,1,0,35,3,0,4,0,3,3
3,ARGEŞ,"ŞCOALA GENERALĂ ZORILE",140,"ORAŞ COSTEŞTI",13668,1,PROV,PRCNCT,S,S_SV,"2021-01-21 12:30:02",853,834,19,0,233,214,19,0,920,687,231,1,1,12,24,1,13,3,131,1,1,1,31,0,0,2,3,7,1
3,ARGEŞ,"ŞCOALA GENERALĂ BROŞTENI",141,"ORAŞ COSTEŞTI",13668,1,PROV,PRCNCT,S,S_SV,"2021-01-21 12:30:02",690,669,21,0,184,163,21,0,740,556,179,4,1,15,28,1,4,8,101,0,0,1,8,3,0,7,2,1,0
3,ARGEŞ,"ŞCOALA GENERALĂ PODU BROŞTENI",142,"ORAŞ COSTEŞTI",13668,1,PROV,PRCNCT,S,S_SV,"2021-01-21 12:30:02",546,518,28,0,156,128,28,0,570,414,154,1,1,15,23,0,5,4,68,2,0,1,19,2,2,10,0,2,1
3,ARGEŞ,"ŞCOALA GENERALĂ PÎRVU ROŞU",143,"ORAŞ COSTEŞTI",13668,1,PROV,PRCNCT,S,S_SV,"2021-01-21 12:30:02",537,491,46,0,170,124,46,0,540,370,169,1,0,8,41,0,8,4,76,0,0,2,12,1,1,0,0,14,2
3,ARGEŞ,"ŞCOALA GENERALĂ STÎRCI",144,"ORAŞ COSTEŞTI",13668,1,PROV,PRCNCT,S,S_SV,"2021-01-21 12:30:02",205,194,11,0,61,50,11,0,220,159,61,0,0,12,1,1,3,5,30,0,1,1,5,1,0,0,0,1,0
3,ARGEŞ,"GRĂDINIŢA ”FLORILE SOARELUI”-INTRARE 1",145,"ORAŞ MIOVENI",13301,2,PART,PRCNCT,S,S_SV,"2021-01-21 12:30:02",1524,1503,21,0,412,391,21,0,1700,1288,404,7,1,95,70,0,21,23,136,3,0,1,47,1,0,1,0,3,3
3,ARGEŞ,"LICEUL TEORETIC ”IULIA ZAMFIRESCU” - INTRARE C",146,"ORAŞ MIOVENI",13301,1,PROV,PRCNCT,S,S_SV,"2021-01-21 12:30:02",1405,1387,18,0,406,388,18,0,1500,1094,399,5,2,74,82,1,7,38,144,0,0,2,41,1,1,0,1,6,1
3,ARGEŞ,"FOSTUL SEDIU AL GRĂDINIȚEI DIN BLOCUL M6",147,"ORAŞ MIOVENI",13301,1,PROV,PRCNCT,S,S_SV,"2021-01-21 12:30:02",1731,1713,18,0,518,500,18,0,1900,1382,512,6,0,71,76,2,14,36,240,1,2,5,50,3,3,4,0,4,1
3,ARGEŞ,"GRĂDINIŢA ”FLORILE SOARELUI” - INTRARE 2",148,"ORAŞ MIOVENI",13301,1,PROV,PRCNCT,S,S_SV,"2021-01-21 12:30:02",1388,1368,20,0,440,420,20,0,1500,1060,434,5,1,96,58,0,8,35,187,1,0,4,33,1,0,3,1,4,3
3,ARGEŞ,"DISPENSAR UMAN",149,"ORAŞ MIOVENI",13301,2,PART,PRCNCT,S,S_SV,"2021-01-21 12:30:02",1471,1455,15,1,451,435,15,1,1600,1149,444,6,1,63,63,0,12,29,206,2,2,2,55,1,0,3,0,5,1
3,ARGEŞ,"ŞCOALA GIMNAZIALĂ ”LIVIU REBREANU” (CĂMIN ȘCOALĂ) - CORP B",150,"ORAŞ MIOVENI",13301,1,PROV,PRCNCT,S,S_SV,"2021-01-21 12:30:02",1862,1826,36,0,600,564,36,0,2000,1400,581,11,8,95,89,0,9,29,244,6,2,5,75,3,2,5,1,13,3
3,ARGEŞ,"LICEUL TEORETIC ”IULIA ZAMFIRESCU” - INTRARE B",151,"ORAŞ MIOVENI",13301,2,PART,PRCNCT,S,S_SV,"2021-01-21 12:30:02",1470,1442,28,0,486,458,28,0,1600,1114,479,7,0,81,72,0,13,29,183,9,2,6,69,2,0,5,0,8,0
3,ARGEŞ,"ȘCOALA GIMNAZIALĂ LIVIU REBREANU” - INTRARE ELEVI",152,"ORAŞ MIOVENI",13301,1,PROV,PRCNCT,S,S_SV,"2021-01-21 12:30:02",966,953,13,0,322,309,13,0,1000,678,317,4,1,60,43,0,15,20,132,2,0,2,33,1,0,1,0,4,4
3,ARGEŞ,"ȘCOALA GIMNAZIALĂ ”LIVIU REBREANU” - INTRARE PROFESORI",153,"ORAŞ MIOVENI",13301,1,PROV,PRCNCT,S,S_SV,"2021-01-21 12:30:02",1173,1153,20,0,373,353,20,0,1300,927,366,7,0,77,40,1,11,17,147,1,1,1,56,1,7,0,0,2,4
3,ARGEŞ,"GRĂDINIŢA CU PROGRAM PRELUNGIT ”TIC-PITIC”",154,"ORAŞ MIOVENI",13301,1,PROV,PRCNCT,S,S_SV,"2021-01-21 12:30:02",1135,1114,21,0,363,342,21,0,1200,837,357,5,1,86,46,1,14,17,152,1,0,2,27,4,0,1,1,4,1
3,ARGEŞ,"GRĂDINIŢA CU PROGRAM PRELUNGIT ”TIC-PITIC”,",155,"ORAŞ MIOVENI",13301,1,PROV,PRCNCT,S,S_SV,"2021-01-21 12:30:02",1170,1152,16,2,378,360,16,2,1300,922,375,3,0,83,60,0,7,16,154,1,0,2,44,0,0,0,1,7,0
3,ARGEŞ,"ŞCOALA VECHE",156,"ORAŞ MIOVENI",13301,1,PROV,PRCNCT,S,S_SV,"2021-01-21 12:30:02",1330,1311,19,0,452,433,19,0,1400,948,445,6,1,79,72,0,24,26,181,1,1,4,40,1,2,6,1,4,3
3,ARGEŞ,"CASA DE CULTURĂ A SINDICATELOR DACIA",157,"ORAŞ MIOVENI",13301,3,PART,PRCNCT,S,S_SV,"2021-01-21 12:30:02",1325,1294,31,0,484,453,31,0,1400,916,472,12,0,85,83,2,16,27,200,3,0,0,35,5,3,4,0,7,2
3,ARGEŞ,"FOSTUL SEDIU AL GRĂDINIȚEI DIN BLOCUL T6",158,"ORAŞ MIOVENI",13301,1,PROV,PRCNCT,S,S_SV,"2021-01-21 12:30:02",1619,1607,12,0,545,533,12,0,1700,1155,542,2,1,117,83,0,29,19,215,6,1,5,43,4,4,5,2,6,3
3,ARGEŞ,"FOSTUL SEDIU AL GRĂDINIȚEI ”CAMPIONII” DIN BLOCUL T2A",159,"ORAŞ MIOVENI",13301,1,PROV,PRCNCT,S,S_SV,"2021-01-21 12:30:02",1352,1334,16,2,428,410,16,2,1500,1072,421,6,1,92,45,0,11,27,189,1,0,5,28,1,2,5,0,10,5
3,ARGEŞ,"GRĂDINIȚA ”CAMPIONII”",160,"ORAŞ MIOVENI",13301,1,PROV,PRCNCT,S,S_SV,"2021-01-21 12:30:02",1881,1856,25,0,550,525,25,0,2000,1450,536,13,1,130,91,0,20,21,211,2,0,7,39,5,1,3,1,3,2
3,ARGEŞ,"ȘCOALA GIMNAZIALĂ ”GEORGE TOPÂRCEANU”",161,"ORAŞ MIOVENI",13301,1,PROV,PRCNCT,S,S_SV,"2021-01-21 12:30:02",1068,858,64,146,507,297,64,146,1100,593,491,13,3,101,55,3,12,22,251,2,0,2,32,0,0,3,0,4,4
3,ARGEŞ,"ȘCOALA GIMNAZIALĂ ”MARIN SORESCU” RACOVIȚA",162,"ORAŞ MIOVENI",13301,1,PROV,PRCNCT,S,S_SV,"2021-01-21 12:30:02",1022,974,37,11,400,352,37,11,1041,641,395,4,1,70,49,0,12,19,201,3,1,2,23,6,1,4,0,2,2
3,ARGEŞ,"FOSTUL SEDIU AL ȘCOLII RACOVIȚA DE SUS",163,"ORAŞ MIOVENI",13301,1,PROV,PRCNCT,S,S_SV,"2021-01-21 12:30:02",709,692,17,0,294,277,17,0,700,406,282,8,4,33,32,1,7,18,167,2,0,4,13,1,1,1,1,1,0
3,ARGEŞ,"ȘCOALA GIMNAZIALĂ NR.1 MIOVENI (COLIBAȘI)",164,"ORAŞ MIOVENI",13301,1,PROV,PRCNCT,S,S_SV,"2021-01-21 12:30:02",1336,1306,26,4,469,439,26,4,1700,1231,463,6,0,77,86,1,6,25,188,1,1,4,53,3,2,5,0,8,3
3,ARGEŞ,"CĂMINUL CULTURAL COLIBAȘI",165,"ORAŞ MIOVENI",13301,1,PROV,PRCNCT,S,S_SV,"2021-01-21 12:30:02",653,640,13,0,259,246,13,0,700,441,253,6,0,49,40,0,6,12,95,3,1,2,36,0,0,3,1,4,1
3,ARGEŞ,"FOSTUL SEDIU AL ȘCOLII CLUCEREASA",166,"ORAŞ MIOVENI",13301,1,PROV,PRCNCT,S,S_SV,"2021-01-21 12:30:02",327,308,19,0,156,137,19,0,300,144,153,2,1,14,19,0,1,4,89,2,0,0,14,0,1,4,3,1,1
3,ARGEŞ,"ȘCOALA PRIMARĂ FĂGETU",167,"ORAŞ MIOVENI",13301,1,PROV,PRCNCT,S,S_SV,"2021-01-21 12:30:02",740,724,16,0,276,260,16,0,800,524,263,5,8,3,19,2,7,9,199,1,1,4,13,1,0,2,1,0,1
3,ARGEŞ,"CĂMINUL CULTURAL FĂGETU",168,"ORAŞ MIOVENI",13301,1,PROV,PRCNCT,S,S_SV,"2021-01-21 12:30:02",219,206,13,0,89,76,13,0,300,211,89,0,0,5,13,0,8,8,48,0,0,1,4,0,0,1,0,0,1
3,ARGEŞ,"ŞCOALA PRIMARĂ ENCULEŞTI",169,"ORAŞ ŞTEFĂNEŞTI",13392,1,PROV,PRCNCT,S,S_SV,"2021-01-21 12:30:02",487,469,18,0,131,113,18,0,500,369,127,3,1,14,11,0,14,8,58,1,0,0,10,2,1,0,1,7,0
3,ARGEŞ,"ȘCOALA GENERALĂ ”CONSTANTIN BRÂNCOVEANU”",170,"ORAŞ ŞTEFĂNEŞTI",13392,1,PROV,PRCNCT,S,S_SV,"2021-01-21 12:30:02",1222,1208,14,0,281,267,14,0,1400,1119,272,7,2,46,41,3,10,16,110,2,1,1,22,1,0,1,1,14,3
3,ARGEŞ,"ŞCOALA GENERALĂ ”CONSTANTIN BRÂNCOVEANU” VALEA MARE",171,"ORAŞ ŞTEFĂNEŞTI",13392,2,PART,PRCNCT,S,S_SV,"2021-01-21 12:30:02",1750,1724,24,2,545,519,24,2,1900,1355,531,6,8,118,110,1,18,36,204,1,2,0,16,3,0,7,3,10,2
3,ARGEŞ,"NIDEC MOTOR CORPORATION ROMANIA S.A.",172,"ORAŞ ŞTEFĂNEŞTI",13392,1,PROV,PRCNCT,S,S_SV,"2021-01-21 12:30:02",1977,1923,54,0,683,629,54,0,2100,1417,674,9,0,173,158,2,48,38,191,1,0,5,31,3,0,10,1,12,1
3,ARGEŞ,"LICEUL TEHNOLOGIC ”DINU BRĂTIANU”",173,"ORAŞ ŞTEFĂNEŞTI",13392,1,PROV,PRCNCT,S,S_SV,"2021-01-21 12:30:02",1823,1774,49,0,636,587,49,0,1900,1264,627,7,2,166,116,1,36,25,206,1,0,7,47,4,1,6,1,10,0
3,ARGEŞ,"LICEUL TEHNOLOGIC ”DINU BRĂTIANU”",174,"ORAŞ ŞTEFĂNEŞTI",13392,2,PART,PRCNCT,S,S_SV,"2021-01-21 12:30:02",1370,1324,36,10,397,351,36,10,1400,1003,388,8,1,66,58,3,34,26,164,2,1,7,21,1,2,0,1,2,0
3,ARGEŞ,"ŞCOALA GENERALĂ NR.1 ŞTEFĂNEŞTI, CORP C (GRĂDINIŢĂ)",175,"ORAŞ ŞTEFĂNEŞTI",13392,1,PROV,PRCNCT,S,S_SV,"2021-01-21 12:30:02",975,951,24,0,308,284,24,0,1094,786,304,4,0,50,55,1,25,9,131,0,3,2,19,3,1,0,0,5,0
3,ARGEŞ,"CASA DE CULTURĂ ŞTEFĂNEŞTI",176,"ORAŞ ŞTEFĂNEŞTI",13392,1,PROV,PRCNCT,S,S_SV,"2021-01-21 12:30:02",1104,1077,26,1,360,333,26,1,1200,840,357,3,0,75,67,0,25,10,137,1,1,1,29,6,0,4,1,0,0
3,ARGEŞ,"ŞCOALA PRIMARĂ ŞTEFĂNEŞTI",177,"ORAŞ ŞTEFĂNEŞTI",13392,1,PROV,PRCNCT,S,S_SV,"2021-01-21 12:30:02",1415,1391,23,1,430,406,23,1,1500,1070,422,5,3,38,59,0,64,14,184,1,2,3,41,3,0,5,0,7,1
3,ARGEŞ,"ŞCOALA ”RADU GOLESCU” GOLEȘTI",178,"ORAŞ ŞTEFĂNEŞTI",13392,1,PROV,PRCNCT,S,S_SV,"2021-01-21 12:30:02",1065,1035,30,0,298,268,30,0,1100,802,285,9,4,32,41,1,15,9,143,1,3,1,25,4,0,4,0,6,0
3,ARGEŞ,"ŞCOALA PRIMARĂ GOLEŞTII-BADII",179,"ORAŞ TOPOLOVENI",13757,1,PROV,PRCNCT,S,S_SV,"2021-01-21 12:30:02",848,837,11,0,279,268,11,0,900,621,275,4,0,24,77,0,10,15,116,0,0,2,9,2,2,3,1,12,2
3,ARGEŞ,"LICEUL TEORETIC ”ION MIHALACHE’’ TOPOLOVENI",180,"ORAŞ TOPOLOVENI",13757,1,PROV,PRCNCT,S,S_SV,"2021-01-21 12:30:02",1010,991,19,0,311,292,19,0,1100,789,304,7,0,36,65,0,9,14,133,2,0,1,30,3,1,2,0,7,1
3,ARGEŞ,"LICEUL TEORETIC ”ION MIHALACHE’’ TOPOLOVENI",181,"ORAŞ TOPOLOVENI",13757,1,PROV,PRCNCT,S,S_SV,"2021-01-21 12:30:02",900,878,22,0,361,339,22,0,1000,639,352,8,1,41,66,3,14,18,163,0,0,0,31,3,0,4,1,7,1
3,ARGEŞ,"CENTRUL DE ZI TOPOLOVENI",182,"ORAŞ TOPOLOVENI",13757,1,PROV,PRCNCT,S,S_SV,"2021-01-21 12:30:02",653,637,16,0,260,244,16,0,700,440,251,8,1,39,44,1,4,25,103,4,0,1,20,2,0,1,1,6,0
3,ARGEŞ,"ŞCOALA GIMNAZIALĂ ”NICOLAE CRISTESCU” TOPOLOVENI",183,"ORAŞ TOPOLOVENI",13757,1,PROV,PRCNCT,S,S_SV,"2021-01-21 12:30:02",861,834,24,3,329,302,24,3,900,571,324,2,3,42,61,0,9,22,139,3,2,3,30,1,0,1,1,9,1
3,ARGEŞ,"ŞCOALA GIMNAZIALĂ ”NICOLAE CRISTESCU” TOPOLOVENI",184,"ORAŞ TOPOLOVENI",13757,1,PROV,PRCNCT,S,S_SV,"2021-01-21 12:30:02",953,943,10,0,282,272,10,0,1000,718,275,5,2,32,61,0,4,18,105,2,0,2,30,3,0,3,0,15,0
3,ARGEŞ,"ŞCOALA GIMNAZIALĂ ” NICOLAE CRISTESCU” SALA DE SPORT",185,"ORAŞ TOPOLOVENI",13757,1,PROV,PRCNCT,S,S_SV,"2021-01-21 12:30:02",1088,1076,12,0,353,341,12,0,1200,847,346,7,0,56,73,0,13,16,148,1,0,2,21,1,1,2,1,11,0
3,ARGEŞ,"ŞCOALA PRIMARĂ INURI",186,"ORAŞ TOPOLOVENI",13757,1,PROV,PRCNCT,S,S_SV,"2021-01-21 12:30:02",261,247,14,0,100,86,14,0,300,200,94,4,2,4,17,1,2,2,59,0,1,0,4,1,0,1,0,2,0
3,ARGEŞ,"ŞCOALA PRIMARĂ ŢIGĂNEŞTI- LINIE",187,"ORAŞ TOPOLOVENI",13757,1,PROV,PRCNCT,S,S_SV,"2021-01-21 12:30:02",623,611,12,0,231,219,12,0,700,469,227,4,0,21,38,0,10,12,110,3,0,1,14,4,1,2,1,9,1
3,ARGEŞ,"ŞCOALA GENERALĂ ŢIGĂNEŞTI - CENTRU",188,"ORAŞ TOPOLOVENI",13757,1,PROV,PRCNCT,S,S_SV,"2021-01-21 12:30:02",686,668,18,0,235,217,18,0,700,465,232,1,2,12,28,0,11,6,132,2,1,1,21,6,0,6,2,3,1
3,ARGEŞ,"CASA DE CULTURĂ ALBEŞTII DE ARGEŞ",189,"ALBEŞTII DE ARGEŞ",13819,1,PROV,PRCNCT,S,S_SV,"2021-01-21 12:30:02",1612,1586,26,0,566,540,26,0,1700,1134,547,13,6,48,114,0,20,39,196,3,2,4,101,7,0,4,2,2,5
3,ARGEŞ,"ŞCOALA PRIMARĂ ALBEŞTII -UNGURENI",190,"ALBEŞTII DE ARGEŞ",13819,1,PROV,PRCNCT,S,S_SV,"2021-01-21 12:30:02",1038,1025,13,0,332,319,13,0,1100,768,325,3,4,21,77,0,14,38,113,0,3,1,49,1,2,6,0,0,0
3,ARGEŞ,"ŞCOALA PRIMARĂ ALBEŞTII-UNGURENI",191,"ALBEŞTII DE ARGEŞ",13819,1,PROV,PRCNCT,S,S_SV,"2021-01-21 12:30:02",1019,1006,13,0,325,312,13,0,1100,775,324,1,0,31,105,1,23,23,94,3,0,1,30,5,1,5,2,0,0
3,ARGEŞ,"ŞCOALA PRIMARĂ BRĂTEŞTI",192,"ALBEŞTII DE ARGEŞ",13819,1,PROV,PRCNCT,S,S_SV,"2021-01-21 12:30:02",601,586,13,2,209,195,12,2,600,391,208,0,1,18,54,0,11,9,92,2,0,1,17,2,0,1,0,1,0
3,ARGEŞ,"SCOALA PRIMARĂ DOBROŢU",193,"ALBEŞTII DE ARGEŞ",13819,2,PART,PRCNCT,S,S_SV,"2021-01-21 12:30:02",825,807,18,0,247,229,18,0,900,653,243,1,3,21,85,1,15,24,59,1,1,1,22,3,0,3,1,2,4
3,ARGEŞ,"ŞCOALA GIMNAZIALĂ NR.1 ALBEȘTII DE MUSCEL, STRADA MAGISTRAT SORIN MOISESCU NR.360",194,"ALBEŞTII DE MUSCEL",13891,1,PROV,PRCNCT,S,S_SV,"2021-01-21 12:30:02",926,897,18,11,295,266,18,11,1001,706,292,1,2,24,125,1,10,18,84,1,0,3,21,0,0,1,0,1,3
3,ARGEŞ,"ŞCOALA GENERALĂ I-IV CÂNDEȘTI, STRADA MAGISTRAT SORIN MOISESCU, NR.182",195,"ALBEŞTII DE MUSCEL",13891,1,PROV,PRCNCT,S,S_SV,"2021-01-21 12:30:02",374,347,23,4,155,128,23,4,400,245,151,3,1,7,65,0,13,6,53,0,0,1,4,1,0,1,0,0,0
3,ARGEŞ,"CĂMIN CULTURAL ALBOTA",196,ALBOTA,13935,2,PART,PRCNCT,S,S_SV,"2021-01-21 12:30:02",1983,1918,63,2,728,663,63,2,2100,1372,713,10,5,100,108,1,18,34,357,8,5,3,49,7,0,5,3,11,4
3,ARGEŞ,"ŞCOALA GIMNAZIALĂ MAREŞ",197,ALBOTA,13935,1,PROV,PRCNCT,S,S_SV,"2021-01-21 12:30:02",906,868,38,0,417,379,38,0,1000,583,412,3,2,44,57,0,2,31,247,5,1,3,14,1,0,4,0,0,3
3,ARGEŞ,"ŞCOALA PRIMARĂ CERBU",198,ALBOTA,13935,1,PROV,PRCNCT,S,S_SV,"2021-01-21 12:30:02",660,619,41,0,308,267,41,0,700,392,304,4,0,32,41,0,7,16,166,4,2,2,24,3,0,5,0,1,1
3,ARGEŞ,"ŞCOALA GIMNAZIALĂ BROŞTENI - ANINOASA, CORP B",199,ANINOASA,13999,1,PROV,PRCNCT,S,S_SV,"2021-01-21 12:30:02",1250,1220,28,2,472,442,28,2,1300,828,450,10,12,26,53,1,55,54,189,1,3,5,43,1,0,9,2,3,5
3,ARGEŞ,"CĂMIN CULTURAL VALEA SILIŞTII",200,ANINOASA,13999,1,PROV,PRCNCT,S,S_SV,"2021-01-21 12:30:02",525,501,24,0,225,201,24,0,600,375,221,2,2,15,39,1,15,12,116,0,0,0,16,3,1,3,0,0,0
3,ARGEŞ,"ŞCOALA GIMNAZIALĂ SLĂNIC",201,ANINOASA,13999,2,PART,PRCNCT,S,S_SV,"2021-01-21 12:30:02",932,909,23,0,400,377,23,0,1000,600,380,20,0,31,52,0,11,10,210,4,0,4,47,2,0,4,2,0,3
3,ARGEŞ,"CĂMINUL CULTURAL AREFU",202,AREFU,14049,1,PROV,PRCNCT,S,S_SV,"2021-01-21 12:30:02",1048,1020,28,0,274,246,28,0,1100,826,264,4,6,24,49,0,6,11,117,0,0,1,44,2,3,1,1,3,2
3,ARGEŞ,"ŞCOALA GIMNAZIALĂ GEORGE STEPHĂNESCU",203,AREFU,14049,1,PROV,PRCNCT,S,S_SV,"2021-01-21 12:30:02",927,906,21,0,241,220,21,0,1000,759,237,1,3,38,66,0,13,16,74,0,1,3,17,1,2,4,1,1,0
3,ARGEŞ,"GRĂDINIȚA NR. 1 BASCOV",204,BASCOV,13187,1,PROV,PRCNCT,S,S_SV,"2021-01-21 12:30:02",1464,1385,79,0,524,445,79,0,1500,976,518,5,1,125,88,0,46,20,181,1,0,1,40,2,3,5,0,6,0
3,ARGEŞ,"ŞCOALA GENERALĂ BASCOV, CLĂDIREA VECHE",205,BASCOV,13187,1,PROV,PRCNCT,S,S_SV,"2021-01-21 12:30:02",1985,1937,48,0,693,645,48,0,2100,1407,678,13,2,154,149,3,29,30,214,2,1,2,58,1,19,6,1,8,1
3,ARGEŞ,"ŞCOALA GENERALĂ BASCOV, CLĂDIREA NOUĂ",206,BASCOV,13187,2,PART,PRCNCT,S,S_SV,"2021-01-21 12:30:02",1321,1297,23,1,462,438,23,1,1400,938,459,3,0,84,102,0,41,26,137,0,1,1,47,2,6,3,1,4,4
3,ARGEŞ,"ŞCOALA GENERALĂ SCHIAU",207,BASCOV,13187,1,PROV,PRCNCT,S,S_SV,"2021-01-21 12:30:02",1562,1495,60,7,497,430,60,7,1600,1103,484,10,3,88,98,0,58,21,157,3,1,3,32,7,4,2,3,6,1
3,ARGEŞ,"ŞCOALA GENERALĂ GLÎMBOCU",208,BASCOV,13187,2,PART,PRCNCT,S,S_SV,"2021-01-21 12:30:02",817,795,20,2,296,274,20,2,900,604,293,3,0,58,57,0,13,17,90,1,0,0,48,0,2,4,2,0,1
3,ARGEŞ,"ŞCOALA GENERALĂ VALEA URSULUI",209,BASCOV,13187,1,PROV,PRCNCT,S,S_SV,"2021-01-21 12:30:02",1597,1573,21,3,469,445,21,3,1700,1231,464,5,0,82,82,2,13,22,187,6,0,4,49,6,3,2,3,1,2
3,ARGEŞ,"ŞCOALA GENERALĂ MICA",210,BASCOV,13187,1,PROV,PRCNCT,S,S_SV,"2021-01-21 12:30:02",516,495,21,0,241,220,21,0,505,264,236,5,0,36,21,0,10,11,119,1,0,0,32,2,3,0,1,0,0
3,ARGEŞ,"ŞCOALA BĂBANA",211,BĂBANA,14085,2,PART,PRCNCT,S,S_SV,"2021-01-21 12:30:02",785,761,24,0,267,243,24,0,800,533,255,8,4,20,48,1,2,11,126,0,4,0,39,2,0,0,0,1,1
3,ARGEŞ,"ŞCOALA SLĂTIOARELE",212,BĂBANA,14085,1,PROV,PRCNCT,S,S_SV,"2021-01-21 12:30:02",705,665,40,0,223,183,40,0,700,477,221,2,0,20,39,1,19,31,79,2,2,1,19,1,1,2,0,3,1
3,ARGEŞ,"SALA DE FESTIVITĂȚII A CONSILIULUI LOCAL BĂBANA",213,BĂBANA,14085,1,PROV,PRCNCT,S,S_SV,"2021-01-21 12:30:02",633,589,44,0,293,249,44,0,600,307,280,8,5,19,76,1,10,15,116,3,0,5,24,1,2,4,0,2,2
3,ARGEŞ,"ŞCOALA GROŞI",214,BĂBANA,14085,1,PROV,PRCNCT,S,S_SV,"2021-01-21 12:30:02",405,381,24,0,195,171,24,0,400,205,195,0,0,19,68,0,3,12,70,1,0,0,17,3,0,0,1,1,0
3,ARGEŞ,"PRIMĂRIA BĂICULEŞTI",215,BĂICULEŞTI,14165,1,PROV,PRCNCT,S,S_SV,"2021-01-21 12:30:02",1419,1394,25,0,401,376,25,0,1500,1099,397,2,2,41,65,0,6,24,218,3,1,0,28,3,0,1,2,4,1
3,ARGEŞ,"ŞCOALA MĂNICEŞTI",216,BĂICULEŞTI,14165,1,PROV,PRCNCT,S,S_SV,"2021-01-21 12:30:02",655,625,30,0,203,173,30,0,700,497,199,2,2,14,35,0,3,29,94,2,0,0,20,0,1,0,0,1,0
3,ARGEŞ,"CĂMINUL CULTURAL",217,BĂICULEŞTI,14165,1,PROV,PRCNCT,S,S_SV,"2021-01-21 12:30:02",843,825,17,1,303,285,17,1,900,597,298,3,2,43,52,1,9,16,144,2,0,1,23,1,0,3,0,2,1
3,ARGEŞ,"CĂMINUL CULTURAL",218,BĂICULEŞTI,14165,1,PROV,PRCNCT,S,S_SV,"2021-01-21 12:30:02",693,671,20,2,268,246,20,2,700,432,265,3,0,23,26,0,3,14,168,0,0,2,20,3,0,2,0,1,3
3,ARGEŞ,"SEDIUL ADMINISTRATIV TUTANA",219,BĂICULEŞTI,14165,1,PROV,PRCNCT,S,S_SV,"2021-01-21 12:30:02",1513,1487,26,0,407,381,26,0,1600,1193,395,9,3,31,54,1,10,25,201,4,0,2,58,3,0,2,1,2,1
3,ARGEŞ,"CĂMIN CULTURAL BĂLILEŞTI",220,BĂLILEŞTI,14272,2,PART,PRCNCT,S,S_SV,"2021-01-21 12:30:02",917,891,26,0,346,320,26,0,1000,654,340,5,1,26,71,0,15,13,179,2,1,0,26,1,0,0,0,3,3
3,ARGEŞ,"CĂMIN CULTURAL BĂJEŞTI",221,BĂLILEŞTI,14272,1,PROV,PRCNCT,S,S_SV,"2021-01-21 12:30:02",858,820,38,0,328,290,38,0,1000,672,322,5,1,29,61,1,43,13,126,1,0,6,25,5,1,5,4,1,1
3,ARGEŞ,"CĂMIN CULTURAL POIENIŢA",222,BĂLILEŞTI,14272,1,PROV,PRCNCT,S,S_SV,"2021-01-21 12:30:02",991,975,16,0,346,330,16,0,1000,654,342,3,1,22,49,0,40,5,188,0,1,4,23,3,0,1,4,1,1
3,ARGEŞ,"ŞCOALA CU CLASELE I-IV GOLEŞTI-PRIBOAIA",223,BĂLILEŞTI,14272,2,PART,PRCNCT,S,S_SV,"2021-01-21 12:30:02",593,566,27,0,225,198,27,0,600,375,220,5,0,12,38,0,21,1,126,3,0,0,15,1,0,1,0,1,1
3,ARGEŞ,"ŞCOALA URLUIENI",224,BÂRLA,14450,1,PROV,PRCNCT,S,S_SV,"2021-01-21 12:30:02",1057,991,66,0,324,258,66,0,1100,776,311,8,5,15,146,1,5,7,112,4,0,3,13,2,0,2,0,0,1
3,ARGEŞ,"ŞCOALA MÎNDRA",225,BÂRLA,14450,2,PART,PRCNCT,S,S_SV,"2021-01-21 12:30:02",699,652,47,0,230,183,47,0,700,470,219,8,3,6,101,1,5,9,82,2,0,2,6,0,0,2,0,2,1
3,ARGEŞ,"ŞCOALA CU CLASELE I-VIII BÂRLA",226,BÂRLA,14450,1,PROV,PRCNCT,S,S_SV,"2021-01-21 12:30:02",839,775,61,3,320,256,61,3,900,580,304,7,9,6,39,0,10,13,213,3,1,0,13,3,0,1,0,0,2
3,ARGEŞ,"CENTRUL AFTER SCHOOL MOZĂCENII VALE",227,BÂRLA,14450,1,PROV,PRCNCT,S,S_SV,"2021-01-21 12:30:02",967,908,59,0,369,310,59,0,1000,631,356,6,7,12,181,0,7,8,130,1,1,2,8,2,2,0,1,1,0
3,ARGEŞ,"ŞCOALA BĂDEŞTI",228,BÂRLA,14450,1,PROV,PRCNCT,S,S_SV,"2021-01-21 12:30:02",282,258,24,0,122,98,24,0,300,178,121,1,0,8,62,0,2,3,32,0,0,0,11,2,0,0,1,0,0
3,ARGEŞ,"CĂMIN CULTURAL BELEŢI",229,BELEŢI-NEGREŞTI,14352,1,PROV,PRCNCT,S,S_SV,"2021-01-21 12:30:02",536,529,7,0,205,198,7,0,600,395,196,6,3,21,41,0,8,44,51,2,2,2,19,0,0,2,0,3,1
3,ARGEŞ,"CĂMIN CULTURAL NEGREŞTI",230,BELEŢI-NEGREŞTI,14352,1,PROV,PRCNCT,S,S_SV,"2021-01-21 12:30:02",974,955,19,0,450,431,19,0,1000,550,440,6,4,64,79,2,40,52,161,1,1,0,30,4,0,2,3,1,0
3,ARGEŞ,"CĂMIN CULTURAL BEREVOEŞTI-PĂMÎNTENI",231,BEREVOEŞTI,14405,1,PROV,PRCNCT,S,S_SV,"2021-01-21 12:30:02",1718,1687,31,0,526,495,31,0,1800,1274,518,3,5,25,98,2,12,37,262,2,1,0,69,1,1,1,2,0,5
3,ARGEŞ,"ŞCOALA GĂMĂCEŞTI",232,BEREVOEŞTI,14405,1,PROV,PRCNCT,S,S_SV,"2021-01-21 12:30:02",865,848,17,0,324,307,17,0,900,576,273,17,34,5,10,0,34,30,152,3,0,4,27,2,0,5,0,0,1
3,ARGEŞ,"ŞCOALA BRATIA",233,BEREVOEŞTI,14405,1,PROV,PRCNCT,S,S_SV,"2021-01-21 12:30:02",157,141,16,0,73,57,16,0,200,127,73,0,0,0,2,1,2,9,55,0,0,0,4,0,0,0,0,0,0
3,ARGEŞ,"ŞCOALA BOGAŢI",234,BOGAŢI,14584,1,PROV,PRCNCT,S,S_SV,"2021-01-21 12:30:02",1378,1356,22,0,373,351,22,0,1500,1127,359,2,12,19,64,0,11,18,192,4,0,3,37,4,1,2,0,3,1
3,ARGEŞ,"ŞCOALA GLÎMBOCELU",235,BOGAŢI,14584,1,PROV,PRCNCT,S,S_SV,"2021-01-21 12:30:02",603,591,12,0,187,175,12,0,600,413,183,2,2,4,32,1,5,2,116,1,0,0,13,6,0,2,0,0,1
3,ARGEŞ,"ŞCOALA CHIŢEŞTI",236,BOGAŢI,14584,1,PROV,PRCNCT,S,S_SV,"2021-01-21 12:30:02",228,213,15,0,92,77,15,0,300,208,90,1,1,13,14,0,1,4,48,0,1,1,7,0,0,0,0,1,0
3,ARGEŞ,"GRĂDINIŢA BUJOI",237,BOGAŢI,14584,1,PROV,PRCNCT,S,S_SV,"2021-01-21 12:30:02",518,504,14,0,194,180,14,0,600,406,186,8,0,13,36,0,5,12,97,2,0,0,19,1,0,0,0,0,1
3,ARGEŞ,"ŞCOALA SUSENI",238,BOGAŢI,14584,1,PROV,PRCNCT,S,S_SV,"2021-01-21 12:30:02",784,778,6,0,248,242,6,0,900,652,242,1,5,7,34,0,16,18,130,3,1,0,28,2,1,1,0,0,1
3,ARGEŞ,"ŞCOALA GLÎMBOCEL",239,BOGAŢI,14584,2,PART,PRCNCT,S,S_SV,"2021-01-21 12:30:02",165,149,16,0,52,36,16,0,200,148,51,1,0,3,8,0,4,4,28,0,0,1,2,0,0,1,0,0,0
3,ARGEŞ,"CĂMIN CULTURAL BOTENI",240,BOTENI,14673,1,PROV,PRCNCT,S,S_SV,"2021-01-21 12:30:02",1533,1468,37,28,689,624,37,28,1600,911,667,17,5,43,92,1,74,42,363,4,1,11,24,3,0,3,1,2,3
3,ARGEŞ,"ŞCOALA PRIMARĂ LUNCA",241,BOTENI,14673,1,PROV,PRCNCT,S,S_SV,"2021-01-21 12:30:02",508,493,11,4,247,232,11,4,500,253,240,3,4,8,21,0,19,10,155,4,0,2,12,3,1,4,0,0,1
3,ARGEŞ,"CĂMINUL CULTURAL BOȚEȘTI",242,BOŢEŞTI,14726,1,PROV,PRCNCT,S,S_SV,"2021-01-21 12:30:02",687,657,30,0,295,265,30,0,700,405,285,8,2,7,77,1,13,16,139,2,1,2,14,3,3,6,1,0,0
3,ARGEŞ,"ŞCOALA PRIMARĂ MOŞTENI-GRECI",243,BOŢEŞTI,14726,2,PART,PRCNCT,S,S_SV,"2021-01-21 12:30:02",271,245,26,0,139,113,26,0,300,161,135,3,1,7,14,0,1,56,48,0,0,0,7,0,0,0,0,1,1
3,ARGEŞ,"CĂMINUL CULTURAL BRADU",244,BRADU,13276,1,PROV,PRCNCT,S,S_SV,"2021-01-21 12:30:02",1047,976,71,0,426,355,71,0,1100,674,417,9,0,61,61,3,23,26,195,2,0,3,33,1,1,2,0,4,2
3,ARGEŞ,"ȘCOALA PRIMARĂ ” MIHAI EMINESCU”",245,BRADU,13276,1,PROV,PRCNCT,S,S_SV,"2021-01-21 12:30:02",872,825,47,0,335,288,47,0,900,565,331,4,0,25,24,1,40,8,198,1,1,1,19,7,0,3,2,1,0
3,ARGEŞ,"GRĂDINIȚA ” SCUFIȚA ROȘIE ”",246,BRADU,13276,1,PROV,PRCNCT,S,S_SV,"2021-01-21 12:30:02",1975,1929,44,2,625,579,44,2,2100,1475,617,5,3,41,43,1,57,41,364,3,0,3,48,3,0,6,1,4,2
3,ARGEŞ,"GRĂDINIȚA AFTER SCHOOL - GEAMĂNA",247,BRADU,13276,1,PROV,PRCNCT,S,S_SV,"2021-01-21 12:30:02",1606,1538,68,0,576,508,68,0,1600,1024,574,2,0,121,137,1,37,23,202,2,1,2,29,2,3,4,1,7,2
3,ARGEŞ,"GRĂDINIȚA SCHOOL GEAMĂNA",248,BRADU,13276,1,PROV,PRCNCT,S,S_SV,"2021-01-21 12:30:02",1977,1807,167,3,748,578,167,3,2100,1352,742,2,4,99,83,2,190,32,248,7,2,8,51,2,1,3,2,7,5
3,ARGEŞ,"CĂMIN CULTURAL BRĂDULEŢ",249,BRĂDULEŢ,14753,1,PROV,PRCNCT,S,S_SV,"2021-01-21 12:30:02",465,449,16,0,175,159,16,0,450,275,168,2,5,11,18,0,29,10,46,0,1,3,26,0,0,2,2,20,0
3,ARGEŞ,"CĂMINUL CULTURAL GALEŞU",250,BRĂDULEŢ,14753,1,PROV,PRCNCT,S,S_SV,"2021-01-21 12:30:02",753,730,23,0,286,263,23,0,750,464,282,2,2,16,22,0,50,8,129,4,0,2,36,3,1,2,1,8,0
3,ARGEŞ,"ŞCOALA PRIMARĂ BRĂDETU",251,BRĂDULEŢ,14753,1,PROV,PRCNCT,S,S_SV,"2021-01-21 12:30:02",333,278,23,32,165,110,23,32,400,235,163,2,0,14,20,0,27,11,57,0,1,0,26,1,0,0,2,2,2
3,ARGEŞ,"ŞCOALA GENERALĂ BUDEASA MARE",252,BUDEASA,14851,1,PROV,PRCNCT,S,S_SV,"2021-01-21 12:30:02",1121,1093,28,0,327,299,28,0,1200,873,319,3,5,49,60,4,6,21,129,1,3,1,31,2,0,2,2,7,1
3,ARGEŞ,"ŞCOALA GENERALĂ BUDEASA MICĂ",253,BUDEASA,14851,1,PROV,PRCNCT,S,S_SV,"2021-01-21 12:30:02",762,738,24,0,277,253,24,0,800,523,269,8,0,16,40,1,16,10,143,0,0,3,31,2,0,5,0,2,0
3,ARGEŞ,"ŞCOALA GENERALĂ GĂLĂŞEŞTI",254,BUDEASA,14851,1,PROV,PRCNCT,S,S_SV,"2021-01-21 12:30:02",815,802,13,0,271,258,13,0,900,629,259,11,1,26,40,2,9,12,147,2,0,1,14,3,1,1,0,1,0
3,ARGEŞ,"ŞCOALA GENERALĂ CALOTEŞTI",255,BUDEASA,14851,2,PART,PRCNCT,S,S_SV,"2021-01-21 12:30:02",850,825,25,0,321,296,25,0,900,579,313,3,5,25,36,0,4,9,200,5,1,2,21,2,1,5,0,1,1
3,ARGEŞ,"SCOALA GIMNAZIALA BUGHEA DE JOS",256,"BUGHEA DE JOS",14922,1,PROV,PRCNCT,S,S_SV,"2021-01-21 12:30:02",1393,1376,17,0,416,399,17,0,1502,1086,404,6,6,73,95,1,16,10,144,2,0,7,44,5,0,2,2,2,1
3,ARGEŞ,"SCOALA PRIMARA MLACI",257,"BUGHEA DE JOS",14922,1,PROV,PRCNCT,S,S_SV,"2021-01-21 12:30:02",577,563,14,0,247,233,14,0,600,353,230,10,7,5,29,2,2,3,173,0,0,2,6,1,0,7,0,0,0
3,ARGEŞ,"SCOALA PRIMARA HULUBESTI",258,"BUGHEA DE JOS",14922,1,PROV,PRCNCT,S,S_SV,"2021-01-21 12:30:02",458,444,14,0,162,148,14,0,500,338,158,2,2,29,22,0,5,6,77,0,0,0,15,0,1,1,0,1,1
3,ARGEŞ,"ŞCOALA GIMNAZIALĂ NR. 1 BUGHEA DE SUS",259,"BUGHEA DE SUS",20063,1,PROV,PRCNCT,S,S_SV,"2021-01-21 12:30:02",1742,1692,33,17,601,551,33,17,1900,1299,574,15,12,26,233,2,4,32,207,7,2,2,47,3,1,5,0,3,0
3,ARGEŞ,"GRĂDINIŢA GRUI",260,"BUGHEA DE SUS",20063,1,PROV,PRCNCT,S,S_SV,"2021-01-21 12:30:02",717,690,21,6,314,287,21,6,800,486,305,9,0,37,127,0,6,10,104,1,0,1,10,3,0,3,2,0,1
3,ARGEŞ,"ȘCOALA GIMNAZIALĂ ŞERBOENI",261,BUZOEŞTI,14940,1,PROV,PRCNCT,S,S_SV,"2021-01-21 12:30:02",1239,1198,41,0,358,317,41,0,1300,942,351,7,0,22,56,2,32,30,146,4,0,1,48,5,0,2,3,0,0
3,ARGEŞ,"GRĂDINIŢA CU PROGRAM NORMAL IONEŞTI",262,BUZOEŞTI,14940,1,PROV,PRCNCT,S,S_SV,"2021-01-21 12:30:02",644,587,33,24,204,158,22,24,600,396,200,3,1,12,27,5,15,8,108,6,0,1,15,0,1,0,1,0,1
3,ARGEŞ,"ŞCOALA GIMNAZIALĂ TOMŞANCA",263,BUZOEŞTI,14940,1,PROV,PRCNCT,S,S_SV,"2021-01-21 12:30:02",311,293,18,0,100,82,18,0,300,200,95,4,1,3,10,0,15,10,54,0,0,0,3,0,0,0,0,0,0
3,ARGEŞ,"ŞCOALA GIMNAZIALĂ VULPEŞTI",264,BUZOEŞTI,14940,1,PROV,PRCNCT,S,S_SV,"2021-01-21 12:30:02",857,838,19,0,204,185,19,0,900,696,200,2,2,17,49,0,15,14,84,0,1,1,15,1,0,0,0,3,0
3,ARGEŞ,"ŞCOALA GIMNAZIALĂ CORNĂŢEL",265,BUZOEŞTI,14940,1,PROV,PRCNCT,S,S_SV,"2021-01-21 12:30:02",791,767,24,0,215,191,24,0,800,585,211,1,3,11,51,0,5,14,107,0,2,2,8,2,1,3,1,3,1
3,ARGEŞ,"ȘCOALA GIMNAZIALĂ BUZOEŞTI",266,BUZOEŞTI,14940,1,PROV,PRCNCT,S,S_SV,"2021-01-21 12:30:02",938,887,51,0,241,190,51,0,1000,759,237,1,3,17,45,1,8,22,110,1,0,3,13,2,7,5,3,0,0
3,ARGEŞ,"ŞCOALA GIM.”PROF.UNIV.DR.ION STOIA” CĂLDĂRARU",267,CĂLDĂRARU,15064,1,PROV,PRCNCT,S,S_SV,"2021-01-21 12:30:02",737,700,37,0,252,215,37,0,700,448,249,2,1,8,101,0,25,21,77,3,1,1,9,0,0,0,1,2,0
3,ARGEŞ,"ŞCOALAGEN CU CLS. I-VIII STRÎMBENI",268,CĂLDĂRARU,15064,1,PROV,PRCNCT,S,S_SV,"2021-01-21 12:30:02",703,678,25,0,176,151,25,0,700,524,169,5,2,4,24,1,4,17,90,1,0,2,20,3,1,0,0,2,0
3,ARGEŞ,"ŞCOALA PRIMARĂ ”ÎNV.CONSTANTIN MIHALCEA” BURDEA",269,CĂLDĂRARU,15064,2,PART,PRCNCT,S,S_SV,"2021-01-21 12:30:02",479,459,20,0,124,104,20,0,600,476,115,2,7,6,20,0,2,14,54,3,0,1,6,3,1,2,2,1,0
3,ARGEŞ,"SCOALA GENERALA VRANESTI",270,CĂLINEŞTI,15108,1,PROV,PRCNCT,S,S_SV,"2021-01-21 12:30:02",1654,1619,35,0,562,527,35,0,1800,1238,540,14,8,70,66,0,26,28,248,3,0,5,65,5,3,9,2,8,2
3,ARGEŞ,"SCOALA CALINESTI",271,CĂLINEŞTI,15108,1,PROV,PRCNCT,S,S_SV,"2021-01-21 12:30:02",1693,1658,32,3,402,367,32,3,1800,1398,387,11,4,47,51,1,17,26,179,3,2,3,42,4,0,5,3,4,0
3,ARGEŞ,"SCOALA CIRSTIENI",272,CĂLINEŞTI,15108,1,PROV,PRCNCT,S,S_SV,"2021-01-21 12:30:02",1538,1526,12,0,433,421,12,0,1700,1267,404,20,9,7,20,1,29,14,270,3,8,1,35,5,0,8,1,0,2
3,ARGEŞ,"SCOALA CIOCANESTI",273,CĂLINEŞTI,15108,1,PROV,PRCNCT,S,S_SV,"2021-01-21 12:30:02",796,778,18,0,220,202,18,0,900,680,215,2,3,38,32,0,13,9,89,1,0,2,23,0,1,1,0,5,1
3,ARGEŞ,"SCOALA GLODU",274,CĂLINEŞTI,15108,1,PROV,PRCNCT,S,S_SV,"2021-01-21 12:30:02",613,597,15,1,199,183,15,1,700,501,196,2,1,18,29,0,27,8,88,3,0,2,14,5,0,2,0,0,0
3,ARGEŞ,"GRĂDINIŢA DRĂGHICEŞTI",275,CĂLINEŞTI,15108,2,PART,PRCNCT,S,S_SV,"2021-01-21 12:30:02",866,849,15,2,239,222,15,2,900,661,236,2,1,42,45,0,16,7,98,0,0,1,21,1,1,1,0,1,2
3,ARGEŞ,"SCOALA RADU NEGRU",276,CĂLINEŞTI,15108,1,PROV,PRCNCT,S,S_SV,"2021-01-21 12:30:02",530,518,12,0,207,195,12,0,600,393,204,2,1,11,15,0,9,7,127,2,2,0,23,0,2,1,2,3,0
3,ARGEŞ,"SCOALA RINCACIOV",277,CĂLINEŞTI,15108,1,PROV,PRCNCT,S,S_SV,"2021-01-21 12:30:02",562,549,13,0,160,147,13,0,600,440,156,3,1,4,20,0,3,9,97,0,0,2,20,1,0,0,0,0,0
3,ARGEŞ,"SCOALA VALENI",278,CĂLINEŞTI,15108,2,PART,PRCNCT,S,S_SV,"2021-01-21 12:30:02",913,902,11,0,241,230,11,0,1000,759,240,0,1,32,40,1,15,28,87,2,1,0,21,2,1,5,3,2,0
3,ARGEŞ,"CĂMINUL CULTURAL CĂTEASCA",279,CĂTEASCA,15233,1,PROV,PRCNCT,S,S_SV,"2021-01-21 12:30:02",739,710,29,0,238,209,29,0,800,562,236,1,1,22,29,0,22,11,118,0,0,0,28,2,0,2,0,1,1
3,ARGEŞ,"CĂMINUL CULTURAL SILIŞTEA",280,CĂTEASCA,15233,1,PROV,PRCNCT,S,S_SV,"2021-01-21 12:30:02",420,403,17,0,137,120,17,0,400,263,136,1,0,13,15,1,2,16,71,0,0,1,14,1,0,1,1,0,0
3,ARGEŞ,"CĂMINUL CULTURAL GRUIU",281,CĂTEASCA,15233,1,PROV,PRCNCT,S,S_SV,"2021-01-21 12:30:02",563,532,29,2,203,172,29,2,600,397,197,4,2,23,35,0,9,6,103,1,0,0,15,1,0,3,0,0,1
3,ARGEŞ,"CĂMIN CULTURAL CIREŞU",282,CĂTEASCA,15233,1,PROV,PRCNCT,S,S_SV,"2021-01-21 12:30:02",598,575,23,0,210,187,23,0,600,390,206,3,1,15,19,0,16,6,125,0,0,0,18,2,0,3,0,1,1
3,ARGEŞ,"CĂMINUL CULTURAL CĂTANELE",283,CĂTEASCA,15233,1,PROV,PRCNCT,S,S_SV,"2021-01-21 12:30:02",869,822,47,0,337,290,47,0,900,563,333,3,1,36,58,1,16,9,160,3,1,2,38,2,2,2,1,2,0
3,ARGEŞ,"CĂMINUL CULTURAL CEPARI",284,CEPARI,15313,1,PROV,PRCNCT,S,S_SV,"2021-01-21 12:30:02",700,676,23,1,183,159,23,1,800,617,180,3,0,14,43,1,6,16,73,2,1,5,10,2,0,3,4,0,0
3,ARGEŞ,"ŞCOALA CĂRPENIŞ",285,CEPARI,15313,1,PROV,PRCNCT,S,S_SV,"2021-01-21 12:30:02",599,578,21,0,211,190,21,0,600,389,204,3,4,16,26,1,1,14,105,3,2,5,24,0,0,4,1,0,2
3,ARGEŞ,"ŞCOALA URLUIEŞTI",286,CEPARI,15313,1,PROV,PRCNCT,S,S_SV,"2021-01-21 12:30:02",231,217,14,0,84,70,14,0,300,216,82,1,1,3,25,0,1,6,38,2,0,0,2,0,0,0,2,1,2
3,ARGEŞ,"ŞCOALA CEPARI - UNGURENI",287,CEPARI,15313,1,PROV,PRCNCT,S,S_SV,"2021-01-21 12:30:02",299,281,18,0,86,68,18,0,300,214,84,1,1,6,21,0,7,9,35,0,0,0,5,0,0,0,0,1,0
3,ARGEŞ,"CĂMIN CULTURAL CETĂŢENI",288,CETĂŢENI,15402,1,PROV,PRCNCT,S,S_SV,"2021-01-21 12:30:02",895,877,17,1,324,306,17,1,1000,676,319,4,1,25,42,0,9,10,213,3,0,0,10,1,0,2,1,2,1
3,ARGEŞ,"GRĂDINIŢA LĂICĂI",289,CETĂŢENI,15402,1,PROV,PRCNCT,S,S_SV,"2021-01-21 12:30:02",658,643,12,3,239,224,12,3,700,461,232,6,1,25,21,1,14,8,134,2,1,2,21,2,0,0,0,0,1
3,ARGEŞ,"ŞCOALA I-IV VALEA CETĂŢUIA",290,CETĂŢENI,15402,1,PROV,PRCNCT,S,S_SV,"2021-01-21 12:30:02",717,702,15,0,275,260,15,0,800,525,255,13,7,2,11,1,3,3,218,0,0,2,2,2,0,10,1,0,0
3,ARGEŞ,"ŞCOALA GIMNAZIALĂ CICĂNEŞTI",291,CICĂNEŞTI,15448,1,PROV,PRCNCT,S,S_SV,"2021-01-21 12:30:02",1719,1687,32,0,636,604,32,0,1900,1264,624,2,10,40,217,2,56,30,208,7,3,2,40,7,1,8,0,2,1
3,ARGEŞ,"CĂMIN CULTURAL CIOFRÎNGENI",292,CIOFRÂNGENI,15493,1,PROV,PRCNCT,S,S_SV,"2021-01-21 12:30:02",1092,1043,49,0,419,370,49,0,1100,681,404,11,4,49,73,0,9,8,206,1,4,1,43,4,0,1,2,3,0
3,ARGEŞ,"CĂMINUL CULTURAL LACURILE",293,CIOFRÂNGENI,15493,1,PROV,PRCNCT,S,S_SV,"2021-01-21 12:30:02",526,505,21,0,195,174,21,0,600,405,190,4,1,18,19,0,12,1,113,1,1,2,18,1,0,2,0,2,0
3,ARGEŞ,"CĂMIN CULTURAL BURLUŞI",294,CIOFRÂNGENI,15493,1,PROV,PRCNCT,S,S_SV,"2021-01-21 12:30:02",392,380,12,0,144,132,12,0,400,256,141,1,2,15,21,1,3,4,90,1,0,1,3,0,0,0,0,2,0
3,ARGEŞ,"ȘCOALA GIMNAZIALĂ BRĂTIA",295,CIOMĂGEŞTI,15554,1,PROV,PRCNCT,S,S_SV,"2021-01-21 12:30:02",401,339,62,0,199,137,62,0,400,201,192,2,5,3,69,0,12,21,73,2,0,2,6,2,0,1,0,1,0
3,ARGEŞ,"GRĂDINITA CIOMĂGEŞTI-SAT",296,CIOMĂGEŞTI,15554,1,PROV,PRCNCT,S,S_SV,"2021-01-21 12:30:02",358,333,25,0,122,97,25,0,400,278,120,2,0,6,47,0,1,10,50,0,0,0,3,1,0,2,0,0,0
3,ARGEŞ,"GRĂDINIȚA DOGARI",297,CIOMĂGEŞTI,15554,1,PROV,PRCNCT,S,S_SV,"2021-01-21 12:30:02",224,208,16,0,78,62,16,0,300,222,76,1,1,1,21,0,1,5,37,1,0,0,6,0,0,3,0,0,1
3,ARGEŞ,"ŞCOALĂ GIMNAZIALĂ NR.1 COCU",298,COCU,15652,1,PROV,PRCNCT,S,S_SV,"2021-01-21 12:30:02",547,502,45,0,157,112,45,0,600,443,154,1,2,20,35,1,15,4,57,0,0,2,15,1,1,2,0,1,0
3,ARGEŞ,"ŞCOALĂ PRIMARĂ CRUCIŞOARA",299,COCU,15652,2,PART,PRCNCT,S,S_SV,"2021-01-21 12:30:02",263,244,19,0,88,69,19,0,300,212,85,2,1,12,10,0,3,1,46,0,0,0,8,2,0,1,1,0,1
3,ARGEŞ,"PRIMARIA COMUNEI COCU",300,COCU,15652,1,PROV,PRCNCT,S,S_SV,"2021-01-21 12:30:02",310,299,11,0,72,61,11,0,300,228,71,1,0,19,6,0,4,5,32,1,0,0,4,0,0,0,0,0,0
3,ARGEŞ,"ŞCOALĂ PRIMARĂ RICHIŢELE DE SUS",301,COCU,15652,1,PROV,PRCNCT,S,S_SV,"2021-01-21 12:30:02",312,297,15,0,51,36,15,0,300,249,51,0,0,7,4,0,2,1,32,0,0,0,4,0,0,1,0,0,0
3,ARGEŞ,"ŞCOALĂ PRIMARĂ BĂRBĂTEŞTI",302,COCU,15652,2,PART,PRCNCT,S,S_SV,"2021-01-21 12:30:02",491,466,25,0,118,93,25,0,500,382,112,5,1,7,8,0,14,4,50,1,0,0,18,7,0,2,0,1,0
3,ARGEŞ,"ŞCOALA GIMNAZIALĂ PROF. DR. VASILE VASILESCU",303,CORBENI,15741,1,PROV,PRCNCT,S,S_SV,"2021-01-21 12:30:02",839,829,10,0,242,232,10,0,900,658,240,1,1,21,39,0,3,10,137,2,1,1,20,1,0,2,1,1,1
3,ARGEŞ,"ŞCOALA GIMNAZIALĂ PROF. DR. VASILE VASILESCU",304,CORBENI,15741,1,PROV,PRCNCT,S,S_SV,"2021-01-21 12:30:02",1234,1210,24,0,444,420,24,0,1300,856,435,6,3,36,56,0,4,39,204,1,1,3,73,10,0,6,2,0,0
3,ARGEŞ,"GRĂDINIŢA NR. 1 CORBENI",305,CORBENI,15741,1,PROV,PRCNCT,S,S_SV,"2021-01-21 12:30:02",646,636,10,0,174,164,10,0,703,529,169,3,2,8,20,1,4,5,90,2,3,0,31,1,0,2,0,1,1
3,ARGEŞ,"ŞCOALA GIMNAZIALĂ NR. 1 CORBENI",306,CORBENI,15741,1,PROV,PRCNCT,S,S_SV,"2021-01-21 12:30:02",1307,1275,32,0,386,354,32,0,1400,1014,380,5,1,81,57,0,20,30,141,0,0,4,31,2,1,2,5,3,3
3,ARGEŞ,"ŞCOALA PRIMARĂ BERINDEŞTI",307,CORBENI,15741,1,PROV,PRCNCT,S,S_SV,"2021-01-21 12:30:02",600,583,17,0,206,189,17,0,600,394,201,4,1,53,31,1,2,12,56,0,0,1,36,0,1,2,1,5,0
3,ARGEŞ,"CĂMIN CULTURAL CORBI",308,CORBI,15830,1,PROV,PRCNCT,S,S_SV,"2021-01-21 12:30:02",1704,1658,44,2,660,614,44,2,1800,1140,608,9,43,37,73,2,70,54,215,4,2,7,113,4,3,7,6,4,7
3,ARGEŞ,"CĂMIN CULTURAL CORBŞORI",309,CORBI,15830,1,PROV,PRCNCT,S,S_SV,"2021-01-21 12:30:02",819,755,63,1,381,317,63,1,800,419,366,5,10,17,67,2,68,21,89,1,2,6,70,1,0,6,4,2,10
3,ARGEŞ,"CĂMIN CULTURAL STĂNEŞTI",310,CORBI,15830,1,PROV,PRCNCT,S,S_SV,"2021-01-21 12:30:02",961,919,41,1,396,354,41,1,1000,604,373,11,12,38,52,0,50,16,134,0,3,4,67,0,1,2,0,3,3
3,ARGEŞ,"ŞCOALA PETREŞTI",311,COŞEŞTI,15901,1,PROV,PRCNCT,S,S_SV,"2021-01-21 12:30:02",743,721,22,0,219,197,22,0,800,581,215,3,1,4,15,0,12,17,126,2,1,1,28,3,1,2,1,1,1
3,ARGEŞ,"CĂMIN CULTURAL COŞEŞTI",312,COŞEŞTI,15901,1,PROV,PRCNCT,S,S_SV,"2021-01-21 12:30:02",861,850,11,0,231,220,11,0,900,669,220,5,6,20,27,1,6,8,114,1,0,2,29,2,1,0,0,7,2
3,ARGEŞ,"CĂMIN CULTURAL LEICEŞTI",313,COŞEŞTI,15901,1,PROV,PRCNCT,S,S_SV,"2021-01-21 12:30:02",1595,1567,28,0,368,340,28,0,1700,1332,361,4,3,43,49,0,12,26,175,1,2,1,36,3,0,0,2,10,1
3,ARGEŞ,"CĂMIN CULTURAL JUPÎNEŞTI",314,COŞEŞTI,15901,1,PROV,PRCNCT,S,S_SV,"2021-01-21 12:30:02",907,892,15,0,259,244,15,0,1000,741,244,11,4,6,19,0,21,18,138,1,1,4,19,3,0,10,1,0,3
3,ARGEŞ,"CĂMINUL CULTURAL LĂPUŞANI",315,COŞEŞTI,15901,1,PROV,PRCNCT,S,S_SV,"2021-01-21 12:30:02",333,316,17,0,109,92,17,0,300,191,105,2,2,5,11,0,0,10,61,0,0,0,16,0,0,1,0,1,0
3,ARGEŞ,"CĂMIN CULTURAL COTMEANA",316,COTMEANA,15983,1,PROV,PRCNCT,S,S_SV,"2021-01-21 12:30:02",813,775,38,0,275,237,38,0,900,625,266,6,3,20,51,2,10,14,128,1,1,4,23,6,2,3,0,0,1
3,ARGEŞ,"ŞCOALA LINTEŞTI",317,COTMEANA,15983,1,PROV,PRCNCT,S,S_SV,"2021-01-21 12:30:02",351,327,24,0,115,91,24,0,400,285,113,1,1,4,15,0,4,4,59,2,2,0,7,6,0,9,0,0,1
3,ARGEŞ,"CENTRUL INGRIJIRE COPII",318,COTMEANA,15983,1,PROV,PRCNCT,S,S_SV,"2021-01-21 12:30:02",465,430,35,0,134,99,35,0,500,366,132,1,1,15,23,0,4,11,54,2,1,2,15,3,0,0,0,0,2
3,ARGEŞ,"ŞCOALA GIMNAZIALĂ ”MIRCEA GHIŢULESCU” CUCA",319,CUCA,16132,1,PROV,PRCNCT,S,S_SV,"2021-01-21 12:30:02",407,384,23,0,131,108,23,0,447,316,130,1,0,13,23,1,8,9,55,0,0,2,14,0,0,2,1,2,0
3,ARGEŞ,"ŞCOALA PRIMARĂ LĂUNELE",320,CUCA,16132,1,PROV,PRCNCT,S,S_SV,"2021-01-21 12:30:02",531,505,26,0,166,140,26,0,582,416,157,4,5,5,18,1,3,9,87,1,1,2,24,2,0,1,0,1,2
3,ARGEŞ,"ŞCOALA PRIMARĂ MĂCĂI",321,CUCA,16132,2,PART,PRCNCT,S,S_SV,"2021-01-21 12:30:02",541,503,38,0,199,161,38,0,579,380,196,1,2,11,27,0,10,19,83,3,0,5,30,3,0,3,1,0,1
3,ARGEŞ,"ŞCOALA PRIMARĂ CÎRCEŞTI",322,CUCA,16132,1,PROV,PRCNCT,S,S_SV,"2021-01-21 12:30:02",258,245,13,0,88,75,13,0,292,204,84,3,1,1,11,0,3,11,32,0,0,3,19,2,0,1,1,0,0
3,ARGEŞ,"ŞCOALA DAVIDEŞTI",323,DAVIDEŞTI,16285,1,PROV,PRCNCT,S,S_SV,"2021-01-21 12:30:02",502,484,18,0,196,178,18,0,500,304,190,2,4,31,43,0,6,10,77,0,1,0,15,1,0,2,0,0,4
3,ARGEŞ,"ŞCOALA VOROVENI",324,DAVIDEŞTI,16285,1,PROV,PRCNCT,S,S_SV,"2021-01-21 12:30:02",505,478,27,0,195,168,27,0,500,305,185,5,5,28,47,1,4,12,72,1,0,1,12,0,1,1,2,1,2
3,ARGEŞ,"ŞCOALA CONŢEŞTI NR.1",325,DAVIDEŞTI,16285,1,PROV,PRCNCT,S,S_SV,"2021-01-21 12:30:02",704,675,29,0,254,225,29,0,727,473,249,1,4,49,44,1,5,9,120,0,0,2,13,6,0,0,0,0,0
3,ARGEŞ,"ŞCOALA OLTEANCA",326,DAVIDEŞTI,16285,2,PART,PRCNCT,S,S_SV,"2021-01-21 12:30:02",763,752,11,0,240,229,11,0,800,560,230,8,2,1,14,0,6,10,175,0,1,2,14,0,0,4,1,2,0
3,ARGEŞ,"CĂMINUL CULTURAL PODU DÎMBOVIŢEI",327,DÂMBOVICIOARA,16329,1,PROV,PRCNCT,S,S_SV,"2021-01-21 12:30:02",505,462,42,1,269,226,42,1,500,231,263,2,4,23,42,0,12,19,108,3,1,1,23,3,1,5,2,18,2
3,ARGEŞ,"CLĂDIRE MULTIFUNCȚIONALĂ DÎMBOVICIOARA",328,DÂMBOVICIOARA,16329,1,PROV,PRCNCT,S,S_SV,"2021-01-21 12:30:02",254,231,23,0,153,130,23,0,300,147,149,2,2,6,43,1,2,10,69,2,1,0,5,2,1,2,2,3,0
3,ARGEŞ,"ŞCOALA CIOCANU",329,DÂMBOVICIOARA,16329,1,PROV,PRCNCT,S,S_SV,"2021-01-21 12:30:02",71,56,15,0,46,31,15,0,100,54,46,0,0,1,21,0,2,1,19,0,0,0,2,0,0,0,0,0,0
3,ARGEŞ,"ŞCOALA PISCANI",330,DÂRMĂNEŞTI,16365,1,PROV,PRCNCT,S,S_SV,"2021-01-21 12:30:02",781,759,22,0,254,232,22,0,800,546,249,3,2,26,42,0,7,3,122,1,1,2,36,4,0,3,0,2,0
3,ARGEŞ,"ŞCOALA DÎRMĂNEŞTI",331,DÂRMĂNEŞTI,16365,1,PROV,PRCNCT,S,S_SV,"2021-01-21 12:30:02",1044,1029,15,0,307,292,15,0,1100,793,304,3,0,36,37,1,13,20,146,0,0,2,41,2,0,1,3,2,0
3,ARGEŞ,"ŞCOALA VALEA NANDRII",332,DÂRMĂNEŞTI,16365,1,PROV,PRCNCT,S,S_SV,"2021-01-21 12:30:02",595,571,24,0,184,160,24,0,600,416,180,3,1,17,35,2,2,2,100,2,1,4,15,0,0,0,0,0,0
3,ARGEŞ,"CAMINUL CULTURAL NEGRENI",333,DÂRMĂNEŞTI,16365,1,PROV,PRCNCT,S,S_SV,"2021-01-21 12:30:02",568,542,26,0,235,209,26,0,600,365,229,2,4,22,20,0,6,11,139,0,0,2,20,4,1,1,0,1,2
3,ARGEŞ,"CĂMIN CULTURAL DOBREŞTI",334,DOBREŞTI,16427,1,PROV,PRCNCT,S,S_SV,"2021-01-21 12:30:02",778,729,44,5,297,248,44,5,800,503,287,4,6,8,69,1,21,9,140,1,1,1,32,4,0,0,0,0,0
3,ARGEŞ,"ŞCOALA GEN. I-IV FUREŞTI",335,DOBREŞTI,16427,1,PROV,PRCNCT,S,S_SV,"2021-01-21 12:30:02",732,703,25,4,231,202,25,4,800,569,227,2,2,18,38,1,12,9,124,0,0,2,20,1,0,1,1,0,0
3,ARGEŞ,"CAMINUL CULTURAL ”PETRE IONESCU MUSCEL”",336,DOMNEŞTI,16454,1,PROV,PRCNCT,S,S_SV,"2021-01-21 12:30:02",1362,1262,57,43,645,545,57,43,1400,755,636,6,3,32,267,0,25,23,215,2,4,3,46,5,0,6,0,3,5
3,ARGEŞ,"CAMINUL CULTURAL ”PETRE IONESCU MUSCEL” -",337,DOMNEŞTI,16454,2,PART,PRCNCT,S,S_SV,"2021-01-21 12:30:02",1412,1326,52,34,670,584,52,34,1400,730,649,10,11,38,280,0,17,27,227,2,1,6,33,4,1,3,2,6,2
3,ARGEŞ,"ŞCOALA GIMNAZIALĂ IOSIF CATRINESCU CLS. V-VIII",338,DRAGOSLAVELE,16472,1,PROV,PRCNCT,S,S_SV,"2021-01-21 12:30:02",658,648,10,0,238,228,10,0,701,463,230,3,5,24,63,0,17,15,85,2,0,2,18,0,1,1,0,1,1
3,ARGEŞ,"ŞCOALAPRIMARĂ DRAGOSLAVELE",339,DRAGOSLAVELE,16472,1,PROV,PRCNCT,S,S_SV,"2021-01-21 12:30:02",903,891,12,0,295,283,12,0,1000,705,287,3,5,22,110,0,17,7,97,4,0,3,24,2,0,1,0,0,0
3,ARGEŞ,"ŞCOALA VALEA HOTARULUI",340,DRAGOSLAVELE,16472,1,PROV,PRCNCT,S,S_SV,"2021-01-21 12:30:02",539,521,18,0,243,225,18,0,600,357,224,10,9,10,59,0,7,9,117,0,0,2,4,3,0,5,0,4,4
3,ARGEŞ,"CĂMIN CULTURAL DRĂGANU",341,DRĂGANU,16506,2,PART,PRCNCT,S,S_SV,"2021-01-21 12:30:02",829,783,45,1,283,237,45,1,900,617,280,1,2,20,42,0,10,8,164,2,0,0,25,5,0,1,3,0,0
3,ARGEŞ,"ŞCOALA DUMBRĂVEŞTI",342,DRĂGANU,16506,1,PROV,PRCNCT,S,S_SV,"2021-01-21 12:30:02",423,403,20,0,146,126,20,0,400,254,142,3,1,17,12,0,3,8,71,1,1,0,20,4,0,5,0,0,0
3,ARGEŞ,"ŞCOALA PRISLOP",343,DRĂGANU,16506,1,PROV,PRCNCT,S,S_SV,"2021-01-21 12:30:02",523,514,9,0,147,138,9,0,600,453,140,4,3,18,41,0,2,13,46,0,2,2,5,5,0,2,0,2,2
3,ARGEŞ,"ȘCOALA GODENI, NR.26",344,GODENI,16551,1,PROV,PRCNCT,S,S_SV,"2021-01-21 12:30:02",1022,1005,17,0,381,364,17,0,1100,719,371,4,6,36,59,0,7,12,199,7,0,3,21,2,0,4,5,16,0
3,ARGEŞ,"ŞCOALA GIMNAZIALĂ COTEȘTI-GODENI, NR.198",345,GODENI,16551,2,PART,PRCNCT,S,S_SV,"2021-01-21 12:30:02",1450,1417,21,12,463,430,21,12,1600,1137,456,4,3,41,62,0,5,12,258,3,3,3,49,4,2,5,2,5,2
3,ARGEŞ,"CĂMINUL CULTURAL HÂRSEŞTI",346,HÂRSEȘTI,16613,1,PROV,PRCNCT,S,S_SV,"2021-01-21 12:30:02",1315,1229,76,10,381,295,76,10,1400,1019,369,4,8,18,45,0,9,13,242,3,0,2,22,4,1,3,4,1,2
3,ARGEŞ,"ŞCOALA MARTALOGI",347,HÂRSEȘTI,16613,2,PART,PRCNCT,S,S_SV,"2021-01-21 12:30:02",630,585,39,6,234,189,39,6,600,366,229,5,0,3,26,0,23,5,146,1,0,5,13,3,0,4,0,0,0
3,ARGEŞ,"CĂMIN CULTURAL HÎRTIEŞTI",348,HÂRTIEŞTI,16659,2,PART,PRCNCT,S,S_SV,"2021-01-21 12:30:02",792,764,13,15,425,397,13,15,800,375,406,11,8,10,252,0,4,8,111,2,0,1,6,0,2,6,1,0,3
3,ARGEŞ,"PRIMĂRIA VECHE HÎRTIEŞTI",349,HÂRTIEŞTI,16659,1,PROV,PRCNCT,S,S_SV,"2021-01-21 12:30:02",342,296,39,7,213,167,39,7,300,87,205,3,5,3,135,0,2,2,51,0,0,1,7,0,0,1,1,1,1
3,ARGEŞ,"ŞCOALA LUCIENI",350,HÂRTIEŞTI,16659,1,PROV,PRCNCT,S,S_SV,"2021-01-21 12:30:02",294,276,17,1,184,166,17,1,300,116,183,1,0,2,92,1,6,3,72,4,0,0,0,0,0,3,0,0,0
3,ARGEŞ,"CENTRUL DE ZI LESPEZI",351,HÂRTIEŞTI,16659,1,PROV,PRCNCT,S,S_SV,"2021-01-21 12:30:02",413,396,17,0,306,289,17,0,400,94,275,18,13,2,188,2,1,4,56,1,0,4,5,3,0,5,0,1,3
3,ARGEŞ,"ŞCOALA GIMNAZIALĂ ELENA DAVILA PERTICARI",352,IZVORU,16739,1,PROV,PRCNCT,S,S_SV,"2021-01-21 12:30:02",955,909,46,0,281,235,46,0,1002,721,266,5,10,16,72,0,12,18,117,1,0,1,21,2,0,3,1,1,1
3,ARGEŞ,"ŞCOALA GIMNAZIALĂ ELENA DAVILA PERTICARI",353,IZVORU,16739,1,PROV,PRCNCT,S,S_SV,"2021-01-21 12:30:02",904,892,12,0,218,206,12,0,1000,782,212,5,1,17,80,0,13,16,65,3,0,2,13,1,0,1,1,0,0
3,ARGEŞ,PRIMĂRIE,354,LEORDENI,16757,1,PROV,PRCNCT,S,S_SV,"2021-01-21 12:30:02",1438,1400,38,0,521,483,38,0,1500,979,513,8,0,42,73,2,22,72,202,3,3,1,48,8,1,6,2,27,1
3,ARGEŞ,"CENTRUL CULTURAL MULTIFUNCȚIONAL BUDIŞTENI",355,LEORDENI,16757,1,PROV,PRCNCT,S,S_SV,"2021-01-21 12:30:02",1038,1023,15,0,252,237,15,0,1100,848,245,5,2,17,48,1,6,21,113,0,1,4,24,1,5,0,1,1,2
3,ARGEŞ,"CLĂDIREA MULTIFUNCŢIONALĂ GLÂMBOCATA-DEAL",356,LEORDENI,16757,1,PROV,PRCNCT,S,S_SV,"2021-01-21 12:30:02",904,877,25,2,238,211,25,2,1000,762,232,4,2,16,54,0,11,31,79,4,0,2,27,0,1,3,0,2,2
3,ARGEŞ,"ŞCOALA CIULNIŢA",357,LEORDENI,16757,1,PROV,PRCNCT,S,S_SV,"2021-01-21 12:30:02",919,902,17,0,278,261,17,0,1000,722,271,7,0,16,40,0,8,28,136,2,0,2,28,2,0,5,1,3,0
3,ARGEŞ,"GRĂDINIŢA CU PROGRAM NORMAL COTU MALULUI",358,LEORDENI,16757,1,PROV,PRCNCT,S,S_SV,"2021-01-21 12:30:02",350,340,10,0,94,84,10,0,400,306,92,2,0,2,2,0,1,9,65,1,0,0,10,0,0,1,0,1,0
3,ARGEŞ,"ȘCOALA GIMNAZIALĂ NR.1 LEREȘTI, SAT LEREȘTI",359,LEREŞTI,16908,1,PROV,PRCNCT,S,S_SV,"2021-01-21 12:30:02",1365,1337,25,3,499,471,25,3,1500,1001,496,3,0,69,65,0,15,20,278,2,1,3,16,7,1,11,1,6,1
3,ARGEŞ,"ȘCOALA GIMNAZIALĂ NR.1 LEREȘTI, SAT VOINEȘTI",360,LEREŞTI,16908,1,PROV,PRCNCT,S,S_SV,"2021-01-21 12:30:02",1362,1315,36,11,526,479,36,11,1400,874,511,10,5,75,85,1,20,27,259,0,1,2,17,6,0,6,2,6,4
3,ARGEŞ,"CĂMIN CULTURAL LEREȘTI",361,LEREŞTI,16908,2,PART,PRCNCT,S,S_SV,"2021-01-21 12:30:02",1117,1089,28,0,467,439,28,0,1206,739,451,16,0,37,52,2,7,17,300,0,0,0,24,2,0,6,2,1,1
3,ARGEŞ,"ŞCOALA GIMNAZIALĂ ”GENERAL CONSTANTIN CRISTESCU” LUNCA CORBULUI",362,"LUNCA CORBULUI",16944,2,PART,PRCNCT,S,S_SV,"2021-01-21 12:30:02",864,806,57,1,302,244,57,1,900,598,297,2,3,15,57,0,14,9,172,3,0,0,19,1,0,2,1,1,3
3,ARGEŞ,"ŞCOALA SILIŞTENI",363,"LUNCA CORBULUI",16944,1,PROV,PRCNCT,S,S_SV,"2021-01-21 12:30:02",233,208,25,0,110,85,25,0,200,90,106,2,2,8,9,1,6,3,64,0,0,1,11,1,0,2,0,0,0
3,ARGEŞ,"ŞCOALA PĂDUREŢI",364,"LUNCA CORBULUI",16944,2,PART,PRCNCT,S,S_SV,"2021-01-21 12:30:02",835,807,28,0,189,161,28,0,900,711,179,9,1,12,20,1,3,6,97,2,0,2,31,0,1,3,0,1,0
3,ARGEŞ,"ŞCOALA MÎRGHIA DE SUS",365,"LUNCA CORBULUI",16944,1,PROV,PRCNCT,S,S_SV,"2021-01-21 12:30:02",373,328,45,0,127,82,45,0,400,273,121,4,2,8,14,0,13,2,62,1,0,2,15,0,1,2,0,0,1
3,ARGEŞ,"ŞCOALA MĂLURENI",366,MĂLURENI,17049,1,PROV,PRCNCT,S,S_SV,"2021-01-21 12:30:02",538,504,34,0,160,126,34,0,507,347,153,4,3,16,13,1,3,13,85,3,1,2,10,3,0,1,0,2,0
3,ARGEŞ,"CĂMIN CULTURAL BĂDICENI",367,MĂLURENI,17049,1,PROV,PRCNCT,S,S_SV,"2021-01-21 12:30:02",454,422,32,0,153,121,32,0,507,354,144,7,2,13,29,1,7,4,70,2,0,0,12,2,0,0,1,3,0
3,ARGEŞ,"ŞCOALA BOHARI",368,MĂLURENI,17049,1,PROV,PRCNCT,S,S_SV,"2021-01-21 12:30:02",325,301,24,0,107,83,24,0,307,200,106,1,0,8,9,1,2,1,73,1,0,0,9,0,0,1,0,1,0
3,ARGEŞ,"ŞCOALA TOPLIŢA",369,MĂLURENI,17049,1,PROV,PRCNCT,S,S_SV,"2021-01-21 12:30:02",331,303,28,0,114,86,28,0,307,193,109,3,2,6,12,0,1,1,84,1,0,1,2,0,0,0,0,1,0
3,ARGEŞ,"ŞCOALA ZĂRNEŞTI",370,MĂLURENI,17049,1,PROV,PRCNCT,S,S_SV,"2021-01-21 12:30:02",783,762,21,0,211,190,21,0,810,599,203,6,2,15,38,0,5,9,122,0,0,0,9,0,0,2,0,1,2
3,ARGEŞ,"ŞCOALA BUNEŞTI",371,MĂLURENI,17049,1,PROV,PRCNCT,S,S_SV,"2021-01-21 12:30:02",596,572,24,0,132,108,24,0,600,468,131,1,0,7,17,1,2,4,82,0,0,2,11,0,0,2,2,1,0
3,ARGEŞ,"TABĂRA PĂULEASCA",372,MĂLURENI,17049,2,PART,PRCNCT,S,S_SV,"2021-01-21 12:30:02",679,667,12,0,186,174,12,0,707,521,176,5,5,5,2,2,1,1,149,1,1,2,3,1,0,6,0,2,0
3,ARGEŞ,"ŞCOALA GENERALĂ NR.1",373,MĂRĂCINENI,13365,1,PROV,PRCNCT,S,S_SV,"2021-01-21 12:30:02",1279,1196,83,0,491,408,83,0,1301,810,476,9,6,61,99,1,25,14,215,0,0,2,35,4,2,4,1,11,2
3,ARGEŞ,"ŞCOALA GENERALĂ NR.1",374,MĂRĂCINENI,13365,1,PROV,PRCNCT,S,S_SV,"2021-01-21 12:30:02",1560,1512,46,2,564,516,46,2,1600,1036,558,4,2,97,113,2,22,38,235,1,2,5,32,1,0,2,3,4,1
3,ARGEŞ,"ŞCOALA GENERALĂ ARGEŞELU",375,MĂRĂCINENI,13365,2,PART,PRCNCT,S,S_SV,"2021-01-21 12:30:02",1805,1741,54,10,652,588,54,10,2000,1348,639,8,5,88,95,0,32,28,320,2,1,5,45,7,2,4,2,6,2
3,ARGEŞ,"ŞCOALA PRIMARĂ DOBROGOSTEA",376,MERIŞANI,17101,1,PROV,PRCNCT,S,S_SV,"2021-01-21 12:30:02",1048,1035,13,0,230,217,13,0,1100,870,225,4,1,27,27,1,7,9,111,2,1,2,25,4,2,3,0,3,1
3,ARGEŞ,"ȘCOALA GENERALĂ BORLEȘTI",377,MERIŞANI,17101,2,PART,PRCNCT,S,S_SV,"2021-01-21 12:30:02",490,476,14,0,145,131,14,0,500,355,142,3,0,22,22,0,1,12,77,0,0,1,4,2,0,1,0,0,0
3,ARGEŞ,"CĂMINUL CULTURAL MERIŞANI",378,MERIŞANI,17101,1,PROV,PRCNCT,S,S_SV,"2021-01-21 12:30:02",703,683,19,1,190,170,19,1,700,510,188,2,0,51,21,1,6,6,68,1,0,1,23,3,1,1,2,1,2
3,ARGEŞ,"ŞCOALA PRIMARĂ MALU VÂNĂT",379,MERIŞANI,17101,2,PART,PRCNCT,S,S_SV,"2021-01-21 12:30:02",683,673,10,0,184,174,10,0,700,516,169,8,7,15,15,0,3,5,85,3,0,1,32,4,0,4,1,1,0
3,ARGEŞ,"CĂMINUL CULTURAL VÎLCELELE",380,MERIŞANI,17101,1,PROV,PRCNCT,S,S_SV,"2021-01-21 12:30:02",768,746,21,1,210,188,21,1,800,590,208,0,2,13,26,0,5,8,125,2,0,1,19,3,1,2,2,1,0
3,ARGEŞ,"ŞCOALA GIMNAZIALA NR.1 MICEŞTI",381,MICEŞTI,17209,1,PROV,PRCNCT,S,S_SV,"2021-01-21 12:30:02",1522,1490,32,0,577,545,32,0,1600,1023,565,8,4,41,91,0,14,69,231,3,3,6,80,6,0,5,5,8,3
3,ARGEŞ,"CĂMIN CULTURAL PURCĂRENI",382,MICEŞTI,17209,3,PART,PRCNCT,S,S_SV,"2021-01-21 12:30:02",1414,1383,31,0,444,413,31,0,1500,1056,432,12,0,41,64,3,68,20,172,3,0,5,39,6,0,5,3,1,2
3,ARGEŞ,"ŞCOALA PRIMARA NR.2 PĂULEASCA",383,MICEŞTI,17209,1,PROV,PRCNCT,S,S_SV,"2021-01-21 12:30:02",856,826,30,0,329,299,30,0,880,551,298,9,22,7,24,1,14,7,188,0,1,4,35,4,1,6,1,2,3
3,ARGEŞ,"CĂMINUL CULTURAL MIHĂEȘTI",384,MIHĂEŞTI,17254,1,PROV,PRCNCT,S,S_SV,"2021-01-21 12:30:02",2072,2041,31,0,618,587,31,0,2200,1582,585,19,14,23,50,0,9,40,377,2,0,9,46,8,0,10,5,4,2
3,ARGEŞ,"CĂMIN CULTURAL VALEA-POPII",385,MIHĂEŞTI,17254,1,PROV,PRCNCT,S,S_SV,"2021-01-21 12:30:02",797,776,21,0,348,327,21,0,800,452,337,6,5,24,47,2,13,21,185,1,2,4,26,4,0,1,1,2,4
3,ARGEŞ,"CĂMIN CULTURAL DRĂGHICI",386,MIHĂEŞTI,17254,1,PROV,PRCNCT,S,S_SV,"2021-01-21 12:30:02",903,874,29,0,293,264,29,0,900,607,287,3,3,18,41,1,4,12,171,2,0,1,25,4,0,2,3,3,0
3,ARGEŞ,"CĂMIN CULTURAL VĂCAREA",387,MIHĂEŞTI,17254,1,PROV,PRCNCT,S,S_SV,"2021-01-21 12:30:02",486,452,33,1,247,213,33,1,500,253,243,2,2,13,34,0,6,39,112,4,0,4,23,2,0,3,0,1,2
3,ARGEŞ,"CAMINUL CULTURAL FURNICOSI",388,MIHĂEŞTI,17254,1,PROV,PRCNCT,S,S_SV,"2021-01-21 12:30:02",761,739,22,0,289,267,22,0,800,511,281,5,3,22,28,2,2,39,149,3,0,3,18,1,2,2,4,3,3
3,ARGEŞ,"CĂMIN CULTURAL MĂŢĂU",389,MIOARELE,17334,1,PROV,PRCNCT,S,S_SV,"2021-01-21 12:30:02",1020,994,15,11,269,244,14,11,1100,831,262,2,5,25,69,0,28,15,96,0,0,1,18,2,0,4,0,0,4
3,ARGEŞ,"ŞCOALA PRIMARĂ I-IV SUSLĂNEŞTI",390,MIOARELE,17334,1,PROV,PRCNCT,S,S_SV,"2021-01-21 12:30:02",338,328,10,0,106,96,10,0,400,294,103,2,1,11,26,0,2,9,47,3,0,0,4,1,0,0,0,0,0
3,ARGEŞ,"CĂMIN CULTURAL MIROŞI",391,MIROŞI,17398,1,PROV,PRCNCT,S,S_SV,"2021-01-21 12:30:02",1215,1179,32,4,331,295,32,4,1300,969,317,11,3,23,39,0,17,20,186,1,0,1,14,8,1,6,1,0,0
3,ARGEŞ,"ŞCOALA SURDULEŞTI",392,MIROŞI,17398,1,PROV,PRCNCT,S,S_SV,"2021-01-21 12:30:02",757,712,40,5,254,209,40,5,800,546,238,5,11,6,30,1,9,9,162,1,0,1,5,5,0,3,4,1,1
3,ARGEŞ,"ŞCOALA GENERALĂ CU CLASELE I-VIII MORĂREŞTI",393,MORĂREŞTI,17423,1,PROV,PRCNCT,S,S_SV,"2021-01-21 12:30:02",933,879,54,0,352,298,54,0,1000,648,343,9,0,16,44,1,32,23,141,2,1,5,63,3,0,4,0,6,2
3,ARGEŞ,"ŞCOALA CU CLASELE I-IV DEDULEŞTI",394,MORĂREŞTI,17423,1,PROV,PRCNCT,S,S_SV,"2021-01-21 12:30:02",632,603,29,0,203,174,29,0,700,497,196,5,2,2,18,0,18,8,82,3,1,1,41,4,0,1,0,16,1
3,ARGEŞ,"CĂMIN CULTURAL MOŞOAIA",395,MOŞOAIA,17496,1,PROV,PRCNCT,S,S_SV,"2021-01-21 12:30:02",1460,1421,39,0,426,387,39,0,1600,1174,421,5,0,50,69,2,67,19,143,1,1,4,36,7,2,5,2,11,2
3,ARGEŞ,"ŞCOALA CU CLASELE I-VIII HINŢEŞTI",396,MOŞOAIA,17496,1,PROV,PRCNCT,S,S_SV,"2021-01-21 12:30:02",1063,1023,37,3,345,305,37,3,1117,772,342,1,2,49,73,1,26,17,119,1,2,1,33,1,4,2,2,10,1
3,ARGEŞ,"ŞCOALA CU CLASELE I-IV SMEURA",397,MOŞOAIA,17496,1,PROV,PRCNCT,S,S_SV,"2021-01-21 12:30:02",1435,1371,64,0,493,429,64,0,1500,1007,486,7,0,82,143,2,22,22,129,2,0,3,33,3,2,4,2,33,4
3,ARGEŞ,"ŞCOALA CU CLASELE I-IV CIOCĂNĂI",398,MOŞOAIA,17496,2,PART,PRCNCT,S,S_SV,"2021-01-21 12:30:02",561,537,22,2,176,152,22,2,600,424,167,4,5,30,18,0,12,9,47,1,0,3,32,2,1,3,2,6,1
3,ARGEŞ,"RESTAURANT CASTEL",399,MOŞOAIA,17496,1,PROV,PRCNCT,S,S_SV,"2021-01-21 12:30:02",1125,1069,50,6,448,392,50,6,1198,750,445,3,0,114,99,0,36,17,135,0,1,1,24,2,0,1,1,14,0
3,ARGEŞ,"LICEUL TEHNOLOGIC LIVIU REBREANU MOZĂCENI",400,MOZĂCENI,17575,1,PROV,PRCNCT,S,S_SV,"2021-01-21 12:30:02",1206,1178,28,0,339,311,28,0,1250,911,332,0,7,11,117,0,14,9,139,2,0,5,25,3,1,3,0,1,2
3,ARGEŞ,"ŞCOALA GENERALĂ MIŞEI",401,MOZĂCENI,17575,1,PROV,PRCNCT,S,S_SV,"2021-01-21 12:30:02",506,490,16,0,154,138,16,0,569,415,151,3,0,7,54,0,4,3,51,2,0,3,24,1,0,0,1,1,0
3,ARGEŞ,"ȘCOALA GIMNAZIALĂ CU CLASELE I-VIII",402,MUŞĂTEŞTI,17619,1,PROV,PRCNCT,S,S_SV,"2021-01-21 12:30:02",1208,1169,36,3,464,425,36,3,1303,839,455,6,3,37,82,0,33,7,204,2,2,2,55,10,0,7,2,8,4
3,ARGEŞ,"SEDIUL PRIMĂRIEI VECHI - VILSĂNEȘTI",403,MUŞĂTEŞTI,17619,1,PROV,PRCNCT,S,S_SV,"2021-01-21 12:30:02",468,445,22,1,129,106,22,1,500,371,127,1,1,14,17,1,16,3,58,1,0,3,11,1,0,1,1,0,0
3,ARGEŞ,"ŞCOALA GENERALĂ COSTEŞTI - VÎLSAN",404,MUŞĂTEŞTI,17619,1,PROV,PRCNCT,S,S_SV,"2021-01-21 12:30:02",568,540,25,3,179,151,25,3,600,421,174,1,4,10,23,0,7,3,101,3,2,0,17,3,1,1,1,2,0
3,ARGEŞ,"ŞCOALA GENERALĂ STROEŞTI",405,MUŞĂTEŞTI,17619,1,PROV,PRCNCT,S,S_SV,"2021-01-21 12:30:02",878,841,24,13,341,304,24,13,903,562,326,8,7,12,71,1,10,19,161,1,1,12,21,4,0,7,1,1,4
3,ARGEŞ,"ŞCOALA NEGRAŞI",406,NEGRAŞI,17726,1,PROV,PRCNCT,S,S_SV,"2021-01-21 12:30:02",631,602,29,0,200,171,29,0,700,500,196,1,3,13,40,0,5,5,107,0,1,2,13,2,0,3,0,4,1
3,ARGEŞ,"GRĂDINIŢA BÎRLOGU",407,NEGRAŞI,17726,2,PART,PRCNCT,S,S_SV,"2021-01-21 12:30:02",693,640,53,0,224,171,53,0,700,476,218,2,4,9,36,1,20,9,116,3,0,5,6,2,0,5,0,4,2
3,ARGEŞ,"ŞCOALA MOZACU",408,NEGRAŞI,17726,1,PROV,PRCNCT,S,S_SV,"2021-01-21 12:30:02",259,242,17,0,100,83,17,0,300,200,96,2,2,3,6,0,9,3,66,0,0,0,2,4,0,2,0,0,1
3,ARGEŞ,"ŞCOALA BUTA",409,NEGRAŞI,17726,1,PROV,PRCNCT,S,S_SV,"2021-01-21 12:30:02",178,153,25,0,76,51,25,0,200,124,75,1,0,21,7,0,2,2,34,0,0,0,3,2,0,0,2,1,1
3,ARGEŞ,"CAMINUL CULTURAL NUCSOARA",410,NUCŞOARA,17771,1,PROV,PRCNCT,S,S_SV,"2021-01-21 12:30:02",414,364,39,11,253,203,39,11,400,147,242,6,5,7,20,0,5,6,180,0,0,1,9,4,0,1,2,4,3
3,ARGEŞ,"CĂMIN CULTURAL SBOGHIŢEŞTI",411,NUCŞOARA,17771,1,PROV,PRCNCT,S,S_SV,"2021-01-21 12:30:02",362,335,19,8,190,163,19,8,400,210,187,3,0,8,31,0,4,2,118,1,1,1,19,1,0,1,0,0,0
3,ARGEŞ,"CĂMIN CULTURAL SLATINA",412,NUCŞOARA,17771,1,PROV,PRCNCT,S,S_SV,"2021-01-21 12:30:02",474,426,42,6,283,235,42,6,500,217,270,9,4,11,13,0,3,3,197,2,1,2,30,1,1,2,1,3,0
3,ARGEŞ,"ȘCOALA GIMNAZIALĂ ”D. RĂDULESCU” OARJA",413,OARJA,17824,1,PROV,PRCNCT,S,S_SV,"2021-01-21 12:30:02",1536,1422,52,62,600,486,52,62,1600,1000,587,11,2,36,67,3,11,28,372,2,1,4,37,8,0,4,0,12,2
3,ARGEŞ,"ŞCOALA PRIMARĂ OARJA SAT",414,OARJA,17824,1,PROV,PRCNCT,S,S_SV,"2021-01-21 12:30:02",841,782,26,33,297,238,26,33,900,603,291,4,2,18,29,0,2,11,177,1,0,0,31,2,0,3,1,13,3
3,ARGEŞ,"SALA DE SPORT PIETROŞANI",415,PIETROŞANI,17851,1,PROV,PRCNCT,S,S_SV,"2021-01-21 12:30:02",1430,1415,15,0,476,461,15,0,1600,1124,464,7,5,46,75,2,15,23,214,3,2,5,61,4,3,3,3,4,1
3,ARGEŞ,"CĂMIN CULTURAL BĂDEŞTI",416,PIETROŞANI,17851,1,PROV,PRCNCT,S,S_SV,"2021-01-21 12:30:02",1273,1255,18,0,426,408,18,0,1400,974,411,10,5,14,58,0,11,9,194,4,3,4,97,4,1,3,0,3,6
3,ARGEŞ,"ŞCOALA GENERALĂ CU CLASELE I-IV RETEVOIEŞTI",417,PIETROŞANI,17851,1,PROV,PRCNCT,S,S_SV,"2021-01-21 12:30:02",1370,1351,19,0,346,327,19,0,1500,1154,339,2,5,36,31,1,11,23,166,1,0,7,52,2,1,5,1,1,1
3,ARGEŞ,"ŞCOALAGENERALĂ CU CLASELE I-IV GĂNEŞTI",418,PIETROŞANI,17851,1,PROV,PRCNCT,S,S_SV,"2021-01-21 12:30:02",538,507,31,0,171,140,31,0,600,429,168,2,1,12,14,0,2,13,91,2,1,2,28,0,0,0,1,2,0
3,ARGEŞ,"ŞCOALA CU CLASELE I-VIII POIANA LACULUI",419,"POIANA LACULUI",18028,1,PROV,PRCNCT,S,S_SV,"2021-01-21 12:30:02",1469,1444,25,0,347,322,25,0,1600,1253,342,2,3,61,75,1,7,12,149,0,0,1,28,0,1,3,1,2,1
3,ARGEŞ,"ŞCOALA CU CLASELE I-IV DINCULEŞTI",420,"POIANA LACULUI",18028,1,PROV,PRCNCT,S,S_SV,"2021-01-21 12:30:02",297,284,13,0,108,95,13,0,300,192,101,4,3,12,23,1,6,10,40,0,0,2,6,0,0,1,0,0,0
3,ARGEŞ,"ŞCOALA CU CLASELE I-IV CĂTUNAŞI",421,"POIANA LACULUI",18028,1,PROV,PRCNCT,S,S_SV,"2021-01-21 12:30:02",438,403,35,0,171,136,35,0,500,329,167,2,2,10,51,0,6,3,82,0,1,0,8,1,0,3,0,2,0
3,ARGEŞ,"ŞCOALA CU CLASELE I-VIII SĂMARA",422,"POIANA LACULUI",18028,1,PROV,PRCNCT,S,S_SV,"2021-01-21 12:30:02",778,761,17,0,200,183,17,0,800,600,194,2,4,26,65,1,3,6,60,1,1,2,20,2,0,3,1,1,2
3,ARGEŞ,"ŞCOALA CU CLASELE I-IV METOFU",423,"POIANA LACULUI",18028,1,PROV,PRCNCT,S,S_SV,"2021-01-21 12:30:02",295,286,9,0,102,93,9,0,300,198,91,6,5,2,12,0,5,10,41,3,0,1,14,1,0,0,1,0,1
3,ARGEŞ,"ŞCOALA CU CLASELE I-IV DEALUL VIILOR",424,"POIANA LACULUI",18028,1,PROV,PRCNCT,S,S_SV,"2021-01-21 12:30:02",333,305,28,0,131,103,28,0,400,269,129,2,0,5,44,1,1,9,39,1,0,2,26,0,0,0,0,1,0
3,ARGEŞ,"GRĂDINIŢA PĂDUROIU DIN DEAL",425,"POIANA LACULUI",18028,1,PROV,PRCNCT,S,S_SV,"2021-01-21 12:30:02",768,751,17,0,186,169,17,0,800,614,180,4,2,20,38,0,10,12,64,1,0,4,22,1,1,2,1,3,1
3,ARGEŞ,"GRĂDINIŢA PĂDUROIU DIN VALE",426,"POIANA LACULUI",18028,1,PROV,PRCNCT,S,S_SV,"2021-01-21 12:30:02",643,631,12,0,140,128,12,0,700,560,136,4,0,10,45,0,3,6,52,1,1,0,14,1,0,1,0,1,1
3,ARGEŞ,"ŞCOALA CU CLASELE I-IV GĂRDINEŞTI",427,"POIANA LACULUI",18028,1,PROV,PRCNCT,S,S_SV,"2021-01-21 12:30:02",402,382,20,0,123,103,20,0,400,277,119,2,2,22,15,1,11,6,49,1,0,0,7,2,0,0,1,3,1
3,ARGEŞ,"CĂMIN CULTURAL POIENARI",428,"POIENARII DE ARGEŞ",17913,1,PROV,PRCNCT,S,S_SV,"2021-01-21 12:30:02",652,633,19,0,199,180,19,0,700,501,183,4,12,52,20,2,7,6,59,0,2,3,22,4,0,3,1,1,1
3,ARGEŞ,"ŞCOALA GENERALĂ I-IV IOANICEŞTI",429,"POIENARII DE ARGEŞ",17913,1,PROV,PRCNCT,S,S_SV,"2021-01-21 12:30:02",194,185,9,0,68,59,9,0,200,132,64,3,1,16,1,0,4,5,20,0,1,0,14,1,2,0,0,0,0
3,ARGEŞ,"ŞCOALA GIMNAZIALA NR.1 POIENARII DE MUSCEL",430,"POIENARII DE MUSCEL",17968,1,PROV,PRCNCT,S,S_SV,"2021-01-21 12:30:02",1236,1194,37,5,369,327,37,5,1200,831,367,1,1,12,108,0,53,17,158,0,0,0,14,0,0,1,0,3,1
3,ARGEŞ,"ŞCOALA PRIMARĂ NR.1 JUGUR",431,"POIENARII DE MUSCEL",17968,1,PROV,PRCNCT,S,S_SV,"2021-01-21 12:30:02",919,897,22,0,279,257,22,0,1000,721,272,5,2,14,83,0,16,13,120,0,0,3,16,5,0,0,0,1,1
3,ARGEŞ,"GRĂDINIŢA CU PROGRAM NORMAL NR.2 GROŞANI",432,"POIENARII DE MUSCEL",17968,1,PROV,PRCNCT,S,S_SV,"2021-01-21 12:30:02",628,615,13,0,205,192,13,0,800,595,197,8,0,5,76,0,4,10,76,3,1,5,7,1,0,3,3,0,3
3,ARGEŞ,"ŞCOALA POPEŞTI",433,POPEŞTI,18162,1,PROV,PRCNCT,S,S_SV,"2021-01-21 12:30:02",493,463,30,0,148,118,30,0,500,352,146,2,0,5,17,0,2,8,96,0,0,0,8,4,0,5,1,0,0
3,ARGEŞ,"ŞCOALA SLOBOZIA",434,POPEŞTI,18162,2,PART,PRCNCT,S,S_SV,"2021-01-21 12:30:02",574,536,38,0,151,113,38,0,600,449,145,5,1,1,12,0,3,11,110,0,0,0,7,0,1,0,0,0,0
3,ARGEŞ,"ŞCOALA PURCĂRENI",435,POPEŞTI,18162,2,PART,PRCNCT,S,S_SV,"2021-01-21 12:30:02",596,554,42,0,168,126,42,0,600,432,164,3,1,8,13,0,3,7,119,1,1,1,6,2,1,0,0,0,2
3,ARGEŞ,"ȘCOALA GIMNAZIALĂ ”C. RĂDULESCU CODIN”",436,PRIBOIENI,18242,2,PART,PRCNCT,S,S_SV,"2021-01-21 12:30:02",1445,1420,23,2,590,565,23,2,1600,1010,577,5,8,38,77,0,22,19,364,2,2,2,42,5,0,4,0,0,0
3,ARGEŞ,"CLUBUL TINERETULUI PRIBOIENI",437,PRIBOIENI,18242,1,PROV,PRCNCT,S,S_SV,"2021-01-21 12:30:02",1564,1538,26,0,620,594,26,0,1700,1080,601,10,9,44,126,0,7,25,340,0,2,5,31,7,0,8,3,1,2
3,ARGEŞ,"CĂMINUL CULTURAL TIGVENI",438,RĂTEŞTI,18331,1,PROV,PRCNCT,S,S_SV,"2021-01-21 12:30:02",710,667,43,0,216,173,43,0,730,514,203,13,0,12,28,0,12,6,127,0,0,0,18,0,0,0,0,0,0
3,ARGEŞ,"ŞCOALA CU CLASELE I-IV FURDUEŞTI",439,RĂTEŞTI,18331,2,PART,PRCNCT,S,S_SV,"2021-01-21 12:30:02",440,428,12,0,117,105,12,0,470,353,115,0,2,9,11,2,1,8,63,1,0,1,14,2,2,0,0,1,0
3,ARGEŞ,"ŞCOALA CU CLASELE I-IV NEJLOVELU",440,RĂTEŞTI,18331,1,PROV,PRCNCT,S,S_SV,"2021-01-21 12:30:02",436,389,47,0,103,56,47,0,430,327,102,1,0,16,18,0,2,11,43,3,1,0,8,0,0,0,0,0,0
3,ARGEŞ,"ŞCOALA CU CLASELE I-IV PĂTULENI",441,RĂTEŞTI,18331,1,PROV,PRCNCT,S,S_SV,"2021-01-21 12:30:02",798,769,29,0,267,238,29,0,840,573,258,9,0,17,35,0,27,8,144,4,0,1,17,1,0,2,0,1,1
3,ARGEŞ,"ŞCOALA CU CLASELE I-IV MAVRODOLU",442,RĂTEŞTI,18331,2,PART,PRCNCT,S,S_SV,"2021-01-21 12:30:02",149,128,21,0,55,34,21,0,130,75,55,0,0,4,3,0,3,8,32,0,0,2,1,1,0,0,0,1,0
3,ARGEŞ,"CAMINUL CULTURAL RÂCA",443,RÂCA,20048,1,PROV,PRCNCT,S,S_SV,"2021-01-21 12:30:02",885,816,69,0,480,411,69,0,900,420,480,0,0,2,80,0,7,2,378,0,0,0,11,0,0,0,0,0,0
3,ARGEŞ,"ŞCOALA GENERALA NR. 1 RECEA",444,RECEA,18411,1,PROV,PRCNCT,S,S_SV,"2021-01-21 12:30:02",1530,1424,79,27,565,459,79,27,1600,1035,544,14,7,22,62,0,50,12,346,1,0,0,38,3,0,5,0,2,3
3,ARGEŞ,"ŞCOALA CU CLASELE I-VIII DEAGURILE",445,RECEA,18411,1,PROV,PRCNCT,S,S_SV,"2021-01-21 12:30:02",798,751,28,19,245,198,28,19,800,555,242,3,0,6,22,0,22,7,165,1,0,3,14,0,0,2,0,0,0
3,ARGEŞ,"GRĂDINIŢA CU PROGRAM NORMAL ”MARIN ANGELESCU”, ROCIU",446,ROCIU,18475,1,PROV,PRCNCT,S,S_SV,"2021-01-21 12:30:02",450,369,61,20,225,144,61,20,400,175,216,5,4,9,9,0,5,25,148,1,2,3,10,1,1,1,0,0,1
3,ARGEŞ,"GRĂDINIŢA CU PROGRAM NORMAL ”THEODOR ANGHEL”, GLIGANU DE JOS",447,ROCIU,18475,2,PART,PRCNCT,S,S_SV,"2021-01-21 12:30:02",392,338,40,14,168,114,40,14,400,232,155,11,2,8,8,0,1,10,115,2,0,3,5,1,0,2,0,0,0
3,ARGEŞ,"ŞCOALA PRIMARĂ ”ION BĂLTEANU”, GLIGANU DE SUS",448,ROCIU,18475,1,PROV,PRCNCT,S,S_SV,"2021-01-21 12:30:02",635,532,71,32,333,230,71,32,600,267,323,6,4,7,47,0,6,10,239,3,0,1,6,2,0,2,0,0,0
3,ARGEŞ,"ŞCOALA GIMNAZIALĂ ”GHEORGHE MOCANU” PRIMAR, GIMNAZIAL, ŞERBĂNEŞTI",449,ROCIU,18475,1,PROV,PRCNCT,S,S_SV,"2021-01-21 12:30:02",910,797,74,39,498,385,74,39,900,402,491,4,3,44,31,0,7,14,358,0,0,5,12,10,1,2,3,1,3
3,ARGEŞ,"LICEUL TEHNOLOGIC ” VICTOR SLĂVESCU” - SALA DE SPORT",450,RUCĂR,18527,1,PROV,PRCNCT,S,S_SV,"2021-01-21 12:30:02",1266,1255,11,0,468,457,11,0,1400,932,462,3,3,48,83,0,59,26,184,3,1,1,41,6,0,3,4,3,0
3,ARGEŞ,"ŞCOALA GENERALĂ NR.2 - CLASA NR. 1",451,RUCĂR,18527,1,PROV,PRCNCT,S,S_SV,"2021-01-21 12:30:02",1061,1036,19,6,378,353,19,6,1100,722,374,2,2,29,81,1,42,16,165,6,0,1,24,2,2,1,1,1,2
3,ARGEŞ,"ŞCOALA GIMNAZIALĂ ”NAE A GHICA” - SALA DE SPORT",452,RUCĂR,18527,1,PROV,PRCNCT,S,S_SV,"2021-01-21 12:30:02",1016,998,16,2,371,353,16,2,1100,729,365,4,2,14,51,4,86,34,128,1,1,4,24,2,1,4,2,5,4
3,ARGEŞ,"ŞCOALA SĂTIC",453,RUCĂR,18527,1,PROV,PRCNCT,S,S_SV,"2021-01-21 12:30:02",142,102,40,0,77,37,40,0,200,123,76,1,0,6,19,0,11,2,32,1,0,1,4,0,0,0,0,0,0
3,ARGEŞ,"ȘCOALA GIMNAZIALĂ ”NAE A. GHICA” - SALA CLASĂ PREGĂTITOARE",454,RUCĂR,18527,1,PROV,PRCNCT,S,S_SV,"2021-01-21 12:30:02",1442,1427,14,1,492,477,14,1,1600,1108,487,4,1,46,105,0,59,26,180,3,1,3,46,2,2,5,0,7,2
3,ARGEŞ,"CĂMINUL CULTURAL SĂLĂTRUCU CENTRU",455,SĂLĂTRUCU,18554,1,PROV,PRCNCT,S,S_SV,"2021-01-21 12:30:02",1242,1210,22,10,386,354,22,10,1300,914,376,7,3,43,62,2,3,22,197,1,1,1,34,4,0,2,0,2,2
3,ARGEŞ,"ŞCOALA CU CLASELE I-IV VĂLENI",456,SĂLĂTRUCU,18554,1,PROV,PRCNCT,S,S_SV,"2021-01-21 12:30:02",562,535,24,3,195,168,24,3,600,405,192,2,1,9,17,2,8,8,120,0,2,1,20,0,1,1,0,1,2
3,ARGEŞ,"ŞCOALA GENERALĂ DEALU BRADULUI",457,SĂPATA,18581,1,PROV,PRCNCT,S,S_SV,"2021-01-21 12:30:02",184,154,30,0,100,70,30,0,200,100,98,2,0,5,14,1,10,4,53,1,0,4,3,1,0,2,0,0,0
3,ARGEŞ,"CĂMIN CULTURAL POPEŞTI",458,SĂPATA,18581,1,PROV,PRCNCT,S,S_SV,"2021-01-21 12:30:02",772,683,89,0,386,297,89,0,802,416,372,14,0,7,52,0,43,11,230,3,1,1,16,2,2,1,0,1,2
3,ARGEŞ,"ŞCOALA GIMNAZIALĂ DUMITRU UDRESCU SĂPATA",459,SĂPATA,18581,1,PROV,PRCNCT,S,S_SV,"2021-01-21 12:30:02",368,325,43,0,184,141,43,0,400,216,179,3,2,23,18,0,14,3,108,0,0,3,5,4,0,0,0,0,1
3,ARGEŞ,"IMOBIL PROPRIETATE MIU COSMIN",460,SĂPATA,18581,1,PROV,PRCNCT,S,S_SV,"2021-01-21 12:30:02",234,208,26,0,109,83,26,0,300,191,105,2,2,11,16,0,10,2,55,0,0,2,8,1,0,0,0,0,0
3,ARGEŞ,"ŞCOALA GIMNAZIALĂ NR.1 SCHITU GOLEȘTI",461,"SCHITU GOLEŞTI",18670,1,PROV,PRCNCT,S,S_SV,"2021-01-21 12:30:02",1546,1535,10,1,434,423,10,1,1700,1266,427,7,0,23,92,0,12,33,166,2,1,0,53,3,1,5,1,32,3
3,ARGEŞ,"GRĂDINIȚA VALEA PECHII",462,"SCHITU GOLEŞTI",18670,1,PROV,PRCNCT,S,S_SV,"2021-01-21 12:30:02",772,761,11,0,201,190,11,0,900,699,196,4,1,22,46,2,3,4,77,1,0,0,20,4,0,5,1,8,3
3,ARGEŞ,"CĂMIN CULTURAL LĂZĂREŞTI",463,"SCHITU GOLEŞTI",18670,1,PROV,PRCNCT,S,S_SV,"2021-01-21 12:30:02",1834,1805,29,0,520,491,29,0,2000,1480,496,19,5,41,128,1,9,15,178,3,1,0,63,1,1,2,0,52,1
3,ARGEŞ,"ŞCOALA GEN.NR.2 CLASELE I-IV",464,SLOBOZIA,18741,1,PROV,PRCNCT,S,S_SV,"2021-01-21 12:30:02",1901,1883,18,0,458,440,18,0,2000,1542,439,11,8,33,53,0,25,8,234,3,1,2,69,4,0,4,2,1,0
3,ARGEŞ,"ŞCOALA NIGRIŞOARA",465,SLOBOZIA,18741,1,PROV,PRCNCT,S,S_SV,"2021-01-21 12:30:02",267,256,11,0,94,83,11,0,300,206,88,3,3,14,11,0,4,5,40,1,0,0,10,2,0,0,0,0,1
3,ARGEŞ,"ȘOALA GENERALĂ DIN CENTRUL COMUNEI",466,SLOBOZIA,18741,1,PROV,PRCNCT,S,S_SV,"2021-01-21 12:30:02",1675,1636,39,0,491,452,39,0,1901,1410,480,9,2,37,30,2,4,15,337,1,0,0,42,3,0,2,4,2,1
3,ARGEŞ,"GRĂDINIŢA CU PROGRAM PRELUNGIT STÎLPENI",467,STÂLPENI,18778,2,PART,PRCNCT,S,S_SV,"2021-01-21 12:30:02",1555,1532,23,0,579,556,23,0,1800,1221,565,5,9,29,66,1,10,57,341,3,0,0,48,1,0,5,0,3,1
3,ARGEŞ,"ŞCOALA GENERALĂ LIVEZENI",468,STÂLPENI,18778,2,PART,PRCNCT,S,S_SV,"2021-01-21 12:30:02",1223,1197,26,0,429,403,26,0,1300,871,424,3,2,37,56,1,19,37,205,2,1,2,40,9,1,6,6,0,2
3,ARGEŞ,"CAMINUL CULTURAL RĂDEŞTI",469,STÂLPENI,18778,2,PART,PRCNCT,S,S_SV,"2021-01-21 12:30:02",1409,1373,36,0,526,490,36,0,1400,874,513,7,6,32,59,0,5,95,248,6,2,1,44,6,0,2,6,2,5
3,ARGEŞ,"CĂMIN CULTURAL STOENEŞTI",470,STOENEŞTI,18858,1,PROV,PRCNCT,S,S_SV,"2021-01-21 12:30:02",1070,1050,20,0,302,282,20,0,1200,898,294,3,5,68,37,3,15,15,118,0,1,0,19,2,0,3,0,13,0
3,ARGEŞ,"CĂMIN CULTURAL BĂDENI",471,STOENEŞTI,18858,1,PROV,PRCNCT,S,S_SV,"2021-01-21 12:30:02",1440,1432,8,0,320,312,8,0,1600,1280,311,5,4,58,33,0,14,14,145,2,0,2,22,1,1,2,1,15,1
3,ARGEŞ,"CĂMIN CULTURAL PIATRA",472,STOENEŞTI,18858,1,PROV,PRCNCT,S,S_SV,"2021-01-21 12:30:02",425,406,17,2,151,132,17,2,500,349,149,1,1,28,11,0,6,3,72,0,0,1,18,1,0,3,0,6,0
3,ARGEŞ,"ŞCOALA GEN. VALEA BĂDENILOR",473,STOENEŞTI,18858,1,PROV,PRCNCT,S,S_SV,"2021-01-21 12:30:02",627,611,16,0,252,236,16,0,700,448,246,6,0,10,15,0,13,1,188,1,0,1,5,2,0,5,2,3,0
3,ARGEŞ,"GRĂDINIȚA CU PROGRAM NORMAL STOLNICI",474,STOLNICI,18938,1,PROV,PRCNCT,S,S_SV,"2021-01-21 12:30:02",1534,1460,74,0,470,396,74,0,1600,1130,461,7,2,19,29,0,43,38,296,4,1,3,14,9,0,4,0,1,0
3,ARGEŞ,"CĂMINUL CULTURAL FÎLFANI",475,STOLNICI,18938,1,PROV,PRCNCT,S,S_SV,"2021-01-21 12:30:02",1065,991,74,0,299,225,74,0,1100,801,295,4,0,27,40,1,6,8,179,2,0,1,16,5,0,6,1,1,2
3,ARGEŞ,"ŞCOALA PRIMARĂ IOAN RIZESCU",476,SUSENI,19007,1,PROV,PRCNCT,S,S_SV,"2021-01-21 12:30:02",613,588,25,0,228,203,25,0,600,372,222,4,2,35,47,1,8,8,90,1,0,1,25,3,0,2,0,0,1
3,ARGEŞ,"ŞCOALA GIMNAZIALĂ MARIN BRANIŞTE",477,SUSENI,19007,1,PROV,PRCNCT,S,S_SV,"2021-01-21 12:30:02",926,880,46,0,285,239,46,0,1000,715,282,0,3,27,92,1,13,25,89,1,1,3,26,1,0,0,1,0,2
3,ARGEŞ,"ŞCOALA PRIMARĂ GHEOGHE TOMA",478,SUSENI,19007,1,PROV,PRCNCT,S,S_SV,"2021-01-21 12:30:02",1070,1024,44,2,383,337,44,2,1100,717,368,9,6,36,91,0,26,19,141,1,0,1,39,4,1,2,2,2,3
3,ARGEŞ,"ŞCOALA CU CLASELE I-VIII ŞTEFAN CEL MARE",479,"ŞTEFAN CEL MARE",19114,1,PROV,PRCNCT,S,S_SV,"2021-01-21 12:30:02",707,691,16,0,164,148,16,0,700,536,158,4,2,17,18,0,6,0,103,0,0,0,8,3,0,2,0,0,1
3,ARGEŞ,"ŞCOALA CU CLASELE I-VIII ŞTEFAN CEL MARE",480,"ŞTEFAN CEL MARE",19114,2,PART,PRCNCT,S,S_SV,"2021-01-21 12:30:02",824,819,5,0,229,224,5,0,1018,789,226,3,0,15,25,1,7,7,140,0,0,5,11,6,0,3,0,1,5
3,ARGEŞ,"ŞCOALA GLAVACIOC",481,"ŞTEFAN CEL MARE",19114,1,PROV,PRCNCT,S,S_SV,"2021-01-21 12:30:02",347,335,12,0,76,64,12,0,400,324,74,2,0,1,9,1,0,1,56,0,0,0,3,2,0,1,0,0,0
3,ARGEŞ,"CĂMIN CULTURAL ŞUICI",482,ŞUICI,19141,1,PROV,PRCNCT,S,S_SV,"2021-01-21 12:30:02",1036,991,20,25,361,316,20,25,1100,739,350,4,6,25,54,3,18,23,185,1,2,1,26,2,1,5,1,1,2
3,ARGEŞ,"ŞCOALA PRIMARĂ RUDENI",483,ŞUICI,19141,1,PROV,PRCNCT,S,S_SV,"2021-01-21 12:30:02",682,667,15,0,222,207,15,0,700,478,215,2,5,10,50,0,6,15,106,0,0,0,15,6,1,2,0,3,1
3,ARGEŞ,"ŞCOALA IANCULEŞTI",484,ŞUICI,19141,1,PROV,PRCNCT,S,S_SV,"2021-01-21 12:30:02",235,221,14,0,79,65,14,0,300,221,77,1,1,3,15,0,2,9,33,0,0,1,6,1,0,1,0,5,1
3,ARGEŞ,"ŞCOALA PRIMARĂ VALEA CALULUI",485,ŞUICI,19141,1,PROV,PRCNCT,S,S_SV,"2021-01-21 12:30:02",95,81,14,0,37,23,14,0,100,63,35,0,2,1,11,0,1,3,16,0,0,0,3,0,0,0,0,0,0
3,ARGEŞ,"CĂMIN CULTURAL TEIU",486,TEIU,19212,1,PROV,PRCNCT,S,S_SV,"2021-01-21 12:30:02",1027,914,112,1,431,318,112,1,1000,569,411,11,9,29,62,0,14,24,246,4,0,2,15,5,1,8,1,0,0
3,ARGEŞ,"ŞCOALA GENERALĂ LEŞILE",487,TEIU,19212,2,PART,PRCNCT,S,S_SV,"2021-01-21 12:30:02",178,149,29,0,69,40,29,0,200,131,66,1,2,2,11,0,6,3,40,0,0,0,1,0,0,2,0,0,1
3,ARGEŞ,"PRIMĂRIA TIGVENI",488,TIGVENI,19249,1,PROV,PRCNCT,S,S_SV,"2021-01-21 12:30:02",1523,1493,30,0,414,384,30,0,1600,1186,387,15,12,18,67,1,4,7,220,2,0,8,45,2,1,6,2,2,2
3,ARGEŞ,"ȘCOALA CU CLASELE I-IV BÎRSEȘTII DE JOS",489,TIGVENI,19249,2,PART,PRCNCT,S,S_SV,"2021-01-21 12:30:02",1021,998,23,0,304,281,23,0,1100,796,298,4,2,24,94,0,2,19,120,2,1,3,29,2,0,0,1,1,0
3,ARGEŞ,"ŞCOALA CU CLASELE I-IV VLĂDEŞTI",490,TIGVENI,19249,1,PROV,PRCNCT,S,S_SV,"2021-01-21 12:30:02",217,199,18,0,89,71,18,0,200,111,86,0,3,6,11,0,4,11,43,1,0,1,5,2,0,2,0,0,0
3,ARGEŞ,"PRIMĂRIA COMUNEI ȚIȚEȘTI",491,ŢIŢEŞTI,19338,1,PROV,PRCNCT,S,S_SV,"2021-01-21 12:30:02",1295,1266,29,0,412,383,29,0,1400,988,396,7,9,31,104,1,63,9,154,0,0,2,23,2,0,1,0,2,4
3,ARGEŞ,"ȘCOALA CU CLASELE I-IV VALEA STÂNII",492,ŢIŢEŞTI,19338,1,PROV,PRCNCT,S,S_SV,"2021-01-21 12:30:02",883,869,11,3,331,317,11,3,1000,669,326,4,1,33,77,0,18,19,140,0,0,4,22,4,0,3,2,2,2
3,ARGEŞ,"ȘCOALA CU CLASELE I-IV ȚIȚEȘTI",493,ŢIŢEŞTI,19338,1,PROV,PRCNCT,S,S_SV,"2021-01-21 12:30:02",1022,1010,12,0,299,287,12,0,1100,801,288,10,1,20,108,2,11,8,109,0,0,1,19,2,0,4,0,1,3
3,ARGEŞ,"ȘCOALA CU CLASELE I-IV VALEA MĂNĂSTIRII",494,ŢIŢEŞTI,19338,2,PART,PRCNCT,S,S_SV,"2021-01-21 12:30:02",818,798,20,0,180,160,20,0,900,720,165,9,6,3,63,0,7,2,72,4,0,4,6,0,0,3,0,0,1
3,ARGEŞ,"ŞCOALA I-VIII UDA",495,UDA,19392,1,PROV,PRCNCT,S,S_SV,"2021-01-21 12:30:02",544,517,27,0,142,115,27,0,600,458,137,3,2,4,38,0,1,6,79,2,0,0,5,0,0,1,0,0,1
3,ARGEŞ,"ŞCOALA COTU",496,UDA,19392,1,PROV,PRCNCT,S,S_SV,"2021-01-21 12:30:02",223,193,30,0,100,70,30,0,200,100,97,0,3,2,48,0,1,6,33,0,1,0,4,0,0,1,0,1,0
3,ARGEŞ,"ŞCOALA I - IV SĂLIŞTEA",497,UDA,19392,1,PROV,PRCNCT,S,S_SV,"2021-01-21 12:30:02",470,435,35,0,161,126,35,0,500,339,154,4,3,3,74,0,3,6,53,1,0,0,10,0,0,1,2,0,1
3,ARGEŞ,"CĂMIN CULTURAL GOVORA",498,UDA,19392,1,PROV,PRCNCT,S,S_SV,"2021-01-21 12:30:02",408,385,23,0,123,100,23,0,400,277,119,3,1,4,35,2,5,4,53,0,0,1,10,3,0,2,0,0,0
3,ARGEŞ,"ŞCOALA CU CLASELE I-VIII UNGHENI",499,UNGHENI,19560,1,PROV,PRCNCT,S,S_SV,"2021-01-21 12:30:02",596,568,28,0,192,164,28,0,600,408,181,4,7,10,29,0,14,5,103,3,0,1,9,3,0,3,0,1,0
3,ARGEŞ,"ŞCOALA COLŢU",500,UNGHENI,19560,1,PROV,PRCNCT,S,S_SV,"2021-01-21 12:30:02",616,561,55,0,300,245,55,0,600,300,292,8,0,5,13,1,6,3,253,0,0,3,2,1,0,4,1,0,0
3,ARGEŞ,"SOCIETATEA AGRICOLA ALBINA",501,UNGHENI,19560,1,PROV,PRCNCT,S,S_SV,"2021-01-21 12:30:02",1121,1056,65,0,376,311,65,0,1200,824,370,6,0,13,38,0,5,12,259,2,0,3,17,9,1,5,3,1,2
3,ARGEŞ,"CĂMINUL CULTURAL VALEA DANULUI",502,"VALEA DANULUI",19631,1,PROV,PRCNCT,S,S_SV,"2021-01-21 12:30:02",1667,1635,32,0,572,540,32,0,1800,1228,553,11,8,43,146,0,28,25,213,9,2,6,65,5,1,3,3,3,1
3,ARGEŞ,"CĂMINUL CULTURAL VERNEŞTI",503,"VALEA DANULUI",19631,1,PROV,PRCNCT,S,S_SV,"2021-01-21 12:30:02",906,889,17,0,347,330,17,0,1000,653,341,0,6,34,76,0,17,13,141,4,0,0,48,1,0,4,0,1,2
3,ARGEŞ,"ŞCOALA GIMNAZIALĂ VALEA IAŞULUI",504,"VALEA IAŞULUI",19695,1,PROV,PRCNCT,S,S_SV,"2021-01-21 12:30:02",874,825,25,24,301,252,25,24,1000,699,300,1,0,27,48,1,8,43,138,5,1,1,22,1,0,2,0,2,1
3,ARGEŞ,"PENSIUNEA ”VALEA BĂDILII”",505,"VALEA IAŞULUI",19695,1,PROV,PRCNCT,S,S_SV,"2021-01-21 12:30:02",206,191,15,0,73,58,15,0,200,127,71,1,1,5,12,0,1,5,34,0,0,1,10,0,0,0,0,0,3
3,ARGEŞ,"ŞCOALA PRIMARĂ MUSTĂTEŞTI",506,"VALEA IAŞULUI",19695,2,PART,PRCNCT,S,S_SV,"2021-01-21 12:30:02",1065,1051,14,0,356,342,14,0,1100,744,352,2,2,46,45,0,11,36,138,6,1,1,55,5,1,3,0,3,1
3,ARGEŞ,"GRĂDINIŢA CERBURENI",507,"VALEA IAŞULUI",19695,1,PROV,PRCNCT,S,S_SV,"2021-01-21 12:30:02",314,300,14,0,129,115,14,0,300,171,127,1,1,5,19,0,7,9,64,0,0,0,20,0,0,2,0,1,0
3,ARGEŞ,"CĂMIN CULTURAL VALEA MARE PRAVĂŢ",508,"VALEA MARE-PRAVĂŢ",13524,1,PROV,PRCNCT,S,S_SV,"2021-01-21 12:30:02",1237,1221,11,5,375,359,11,5,1300,925,368,6,1,59,66,0,5,23,171,2,0,0,28,4,2,5,0,3,0
3,ARGEŞ,"CĂMIN CULTURAL NĂMĂEŞTI",509,"VALEA MARE-PRAVĂŢ",13524,1,PROV,PRCNCT,S,S_SV,"2021-01-21 12:30:02",496,482,14,0,187,173,14,0,500,313,181,6,0,29,30,1,8,3,86,1,0,1,16,1,1,0,1,1,2
3,ARGEŞ,"CĂMINUL CULTURAL BILCEŞTI",510,"VALEA MARE-PRAVĂŢ",13524,1,PROV,PRCNCT,S,S_SV,"2021-01-21 12:30:02",693,684,9,0,197,188,9,0,800,603,196,1,0,35,55,0,6,8,62,0,0,2,23,0,0,4,1,0,0
3,ARGEŞ,"ŞCOALA GURA PRAVĂŢ",511,"VALEA MARE-PRAVĂŢ",13524,1,PROV,PRCNCT,S,S_SV,"2021-01-21 12:30:02",943,927,16,0,386,370,16,0,1000,614,351,24,11,3,17,3,4,4,290,1,2,2,12,2,0,7,0,3,1
3,ARGEŞ,"LICEUL TEHNOLOGIC VEDEA",512,VEDEA,19793,1,PROV,PRCNCT,S,S_SV,"2021-01-21 12:30:02",832,743,76,13,279,190,76,13,800,521,277,0,2,31,28,1,46,9,128,1,2,3,16,0,0,5,0,6,1
3,ARGEŞ,"ŞCOALA VAŢA",513,VEDEA,19793,1,PROV,PRCNCT,S,S_SV,"2021-01-21 12:30:02",535,501,34,0,145,111,34,0,600,455,143,1,1,27,17,0,18,7,59,0,0,0,10,2,0,1,1,0,1
3,ARGEŞ,"ŞCOALA PRODANI-CONTAINER MODULAR",514,VEDEA,19793,1,PROV,PRCNCT,S,S_SV,"2021-01-21 12:30:02",614,581,33,0,217,184,33,0,600,383,213,1,3,17,38,0,8,17,102,1,0,0,17,2,0,6,1,4,0
3,ARGEŞ,"ŞCOALA FATA",515,VEDEA,19793,1,PROV,PRCNCT,S,S_SV,"2021-01-21 12:30:02",454,432,20,2,128,106,20,2,500,372,125,2,1,11,14,0,7,6,58,0,0,1,17,1,0,0,0,10,0
3,ARGEŞ,"ŞCOALA IZVORU DE SUS",516,VEDEA,19793,1,PROV,PRCNCT,S,S_SV,"2021-01-21 12:30:02",296,270,26,0,118,92,26,0,300,182,115,1,2,6,7,0,32,4,49,2,0,1,9,0,0,0,0,5,0
3,ARGEŞ,"ŞCOALA FRĂTICI",517,VEDEA,19793,1,PROV,PRCNCT,S,S_SV,"2021-01-21 12:30:02",352,337,15,0,117,102,15,0,400,283,113,3,1,6,9,0,9,4,70,1,0,0,10,1,0,3,0,0,0
3,ARGEŞ,"CĂMINUL CULTURAL VLĂDEȘTI CENTRU",518,VLĂDEŞTI,19999,2,PART,PRCNCT,S,S_SV,"2021-01-21 12:30:02",1692,1671,21,0,531,510,21,0,1800,1269,518,5,8,34,95,0,39,28,241,2,0,2,56,3,0,15,1,0,2
3,ARGEŞ,"CĂMINUL CULTURAL VLĂDEȘTI DE SUS",519,VLĂDEŞTI,19999,1,PROV,PRCNCT,S,S_SV,"2021-01-21 12:30:02",883,877,6,0,264,258,6,0,1001,737,248,12,4,39,33,0,12,15,112,1,1,1,27,1,1,4,0,1,0
3,ARGEŞ,"PRIMĂRIA VULTUREȘTI",520,VULTUREŞTI,20055,1,PROV,PRCNCT,S,S_SV,"2021-01-21 12:30:02",1605,1575,30,0,518,488,30,0,1600,1082,499,13,6,34,78,3,6,31,298,4,0,5,28,3,0,2,0,5,2
3,ARGEŞ,"ȘCOALA PRIMARĂ BÂRZEȘTI",521,VULTUREŞTI,20055,1,PROV,PRCNCT,S,S_SV,"2021-01-21 12:30:02",475,459,16,0,200,184,16,0,600,400,194,5,1,19,25,1,6,9,100,1,1,2,24,2,0,2,2,0,0
3,ARGEŞ,"ȘCOALA PRIMARĂ HULUBA",522,VULTUREŞTI,20055,1,PROV,PRCNCT,S,S_SV,"2021-01-21 12:30:02",192,169,23,0,123,100,23,0,200,77,120,3,0,2,5,0,11,32,56,2,0,1,10,0,0,1,0,0,0
