precinct_county_nce,precinct_county_name,precinct_name,precinct_nr,uat_name,uat_siruta,report_version,report_stage_code,report_type_scope_code,report_type_category_code,report_type_code,created_at,a,a1,a2,a3,b,b1,b2,b3,c,d,e,f,g,"PARTIDUL NAȚIONAL LIBERAL-voturi","PARTIDUL PRO ROMÂNIA-voturi","ALIANȚA USR PLUS-voturi","PARTIDUL SOCIAL DEMOCRAT-voturi","PARTIDUL MIȘCAREA POPULARĂ-voturi","UNIUNEA DEMOCRATĂ MAGHIARĂ DIN ROMÂNIA-voturi","ALTERNATIVA DREAPTĂ-voturi","PARTIDUL ECOLOGIST ROMÂN-voturi","PARTIDUL PUTERII UMANISTE (SOCIAL-LIBERAL)-voturi","PARTIDUL VERDE-voturi","PARTIDUL NOUA ROMÂNIE-voturi","PARTIDUL ROMÂNIA MARE-voturi","PARTIDUL SOCIALIST ROMÂN-voturi","ALIANȚA PENTRU UNIREA ROMÂNILOR-voturi","PARTIDUL NOUA DREAPTĂ-voturi"
17,DOLJ,"COLEGIUL NAŢIONAL ”ELENA CUZA”",1,"MUNICIPIUL CRAIOVA",69900,1,PROV,PRCNCT,S,S_SV,"2021-01-21 12:30:02",1226,1179,41,6,414,367,41,6,1200,786,409,5,0,125,10,104,115,25,0,0,6,6,4,1,2,3,6,2
17,DOLJ,"CASA DE CULTURA A STUDENŢILOR",2,"MUNICIPIUL CRAIOVA",69900,1,PROV,PRCNCT,S,S_SV,"2021-01-21 12:30:02",1477,1458,19,0,465,446,19,0,1500,1035,462,3,0,131,17,102,145,25,1,1,7,4,3,0,2,1,23,0
17,DOLJ,"PRIMARIA CRAIOVA- DIRECŢIA DE ASISTENŢĂ ŞI PROTECŢIE SOCIALĂ",3,"MUNICIPIUL CRAIOVA",69900,2,PART,PRCNCT,S,S_SV,"2021-01-21 12:30:02",1367,1347,18,2,441,421,18,2,1400,959,439,2,0,122,17,114,115,22,2,1,10,5,2,0,1,0,26,2
17,DOLJ,"LICEUL CU PROGRAM SPORTIV ”PETRACHE TRIŞCU”",4,"MUNICIPIUL CRAIOVA",69900,1,PROV,PRCNCT,S,S_SV,"2021-01-21 12:30:02",1752,1724,25,3,649,621,25,3,1800,1151,645,4,0,210,24,162,199,22,5,0,1,0,5,2,2,1,10,2
17,DOLJ,"LICEUL CU PROGRAM SPORTIV ”PETRACHE TRIȘCU”",5,"MUNICIPIUL CRAIOVA",69900,1,PROV,PRCNCT,S,S_SV,"2021-01-21 12:30:02",1749,1730,12,7,632,613,12,7,1800,1168,625,7,0,211,19,153,164,36,2,1,5,3,0,1,0,2,27,1
17,DOLJ,"LICEUL TEORETIC ”TRAIAN VUIA”",6,"MUNICIPIUL CRAIOVA",69900,1,PROV,PRCNCT,S,S_SV,"2021-01-21 12:30:02",1235,1216,18,1,448,429,18,1,1300,852,442,6,0,150,18,107,119,21,0,2,4,2,2,1,1,2,13,0
17,DOLJ,"LICEUL TEORETIC ”TRAIAN VUIA”",7,"MUNICIPIUL CRAIOVA",69900,1,PROV,PRCNCT,S,S_SV,"2021-01-21 12:30:02",1056,1032,24,0,377,353,24,0,1100,723,374,3,0,88,21,95,132,18,2,0,3,1,1,0,1,0,12,0
17,DOLJ,"UNIVERSITATEA DIN CRAIOVA",8,"MUNICIPIUL CRAIOVA",69900,1,PROV,PRCNCT,S,S_SV,"2021-01-21 12:30:02",1716,1690,25,1,591,565,25,1,1800,1209,588,2,1,198,18,150,170,28,1,0,4,0,3,0,2,0,13,1
17,DOLJ,"UNIVERSITATEA DIN CRAIOVA",9,"MUNICIPIUL CRAIOVA",69900,1,PROV,PRCNCT,S,S_SV,"2021-01-21 12:30:02",989,971,15,3,373,355,15,3,1000,627,367,5,1,113,9,85,124,11,3,0,4,5,0,0,2,1,9,1
17,DOLJ,"UNIVERSITATEA DIN CRAIOVA",10,"MUNICIPIUL CRAIOVA",69900,1,PROV,PRCNCT,S,S_SV,"2021-01-21 12:30:02",1012,992,18,2,422,402,18,2,1100,678,416,5,1,145,13,93,110,25,0,2,5,6,2,0,1,1,13,0
17,DOLJ,"ŞCOALA GIMNAZIALĂ NR.22 ”MIRCEA ELIADE”",11,"MUNICIPIUL CRAIOVA",69900,1,PROV,PRCNCT,S,S_SV,"2021-01-21 12:30:02",1215,1192,20,3,398,375,20,3,1300,902,392,4,2,99,8,104,137,14,1,0,7,5,1,1,0,4,11,0
17,DOLJ,"ŞCOALA GIMNAZIALĂ ”MIRCEA ELIADE”",12,"MUNICIPIUL CRAIOVA",69900,1,PROV,PRCNCT,S,S_SV,"2021-01-21 12:30:02",1498,1472,26,0,545,519,26,0,1500,955,539,3,3,162,24,126,165,26,0,0,7,4,1,2,2,0,20,0
17,DOLJ,"GRADINIŢA CU PROGRAM PRELUNGIT ”DUMBRAVA MINUNATA” ( FOSTĂ NR.37)",13,"MUNICIPIUL CRAIOVA",69900,3,PART,PRCNCT,S,S_SV,"2021-01-21 12:30:02",1825,1759,31,35,686,620,31,35,1800,1114,677,4,5,166,28,173,233,29,0,1,12,4,3,1,0,1,26,0
17,DOLJ,"GRADINIŢA CU PROGRAM PRELUNGIT ”DUMBRAVA MINUNATA”(FOSTĂ NR.37)",14,"MUNICIPIUL CRAIOVA",69900,1,PROV,PRCNCT,S,S_SV,"2021-01-21 12:30:02",1704,1676,28,0,430,402,28,0,1700,1270,422,8,0,107,18,73,130,30,2,5,4,1,1,1,50,0,0,0
17,DOLJ,"ŞCOALA GIMNAZIALĂ ”MIHAI EMINESCU”(FOSTA NR.37",15,"MUNICIPIUL CRAIOVA",69900,2,PART,PRCNCT,S,S_SV,"2021-01-21 12:30:02",1246,1219,25,2,411,384,25,2,1299,888,406,4,1,84,16,89,146,19,0,3,11,7,5,0,0,0,26,0
17,DOLJ,"ŞCOALA GIMNAZIALĂ ”MIHAI EMINESCU”(FOSTA NR.37)",16,"MUNICIPIUL CRAIOVA",69900,1,PROV,PRCNCT,S,S_SV,"2021-01-21 12:30:02",1367,1335,32,0,411,379,32,0,1400,989,404,7,0,71,19,77,156,21,0,1,3,5,4,1,4,1,39,2
17,DOLJ,"ŞCOALA GIMNAZIALĂ ”MIHAI EMINESCU”(FOSTA NR. 37)",17,"MUNICIPIUL CRAIOVA",69900,1,PROV,PRCNCT,S,S_SV,"2021-01-21 12:30:02",1201,1185,15,1,318,302,15,1,1200,882,313,4,1,65,10,66,103,16,0,1,8,2,3,3,1,5,29,1
17,DOLJ,"GRADINIŢA CU PROGRAM NORMAL ”PRICHINDEL”(FOSTA NR. 55) – STRUCTURĂ A ŞCOLII GIMNAZIALE ”MIHAI EMINESCU” (FOSTA NR.37))",18,"MUNICIPIUL CRAIOVA",69900,1,PROV,PRCNCT,S,S_SV,"2021-01-21 12:30:02",1007,976,31,0,305,274,31,0,1000,695,300,5,0,55,25,49,117,23,1,1,3,4,1,0,2,1,18,0
17,DOLJ,"GRADINIŢA CU PROGRAM NORMAL ”PRICHINDEL”(FOSTA NR. 55) – STRUCTURĂ A ŞCOLII GIMNAZIALE ”MIHAI EMINESCU” (FOSTA NR.37)",19,"MUNICIPIUL CRAIOVA",69900,1,PROV,PRCNCT,S,S_SV,"2021-01-21 12:30:02",1326,1302,24,0,351,327,24,0,1400,1049,346,2,3,87,16,51,123,12,1,0,5,4,2,4,1,2,36,2
17,DOLJ,"LICEUL TEORETIC ”HENRI COANDĂ”",20,"MUNICIPIUL CRAIOVA",69900,1,PROV,PRCNCT,S,S_SV,"2021-01-21 12:30:02",1587,1546,41,0,417,376,41,0,1600,1183,416,1,0,108,5,117,141,11,0,0,4,3,3,0,2,0,20,2
17,DOLJ,"LICEUL TEORETIC ”HENRI COANDĂ”",21,"MUNICIPIUL CRAIOVA",69900,1,PROV,PRCNCT,S,S_SV,"2021-01-21 12:30:02",1417,1377,37,3,445,405,37,3,1400,955,440,2,3,94,15,119,143,16,3,0,8,2,2,2,2,2,31,1
17,DOLJ,"LICEUL TEORETIC ”HENRI COANDĂ”",22,"MUNICIPIUL CRAIOVA",69900,2,PART,PRCNCT,S,S_SV,"2021-01-21 12:30:02",1491,1469,21,1,494,472,21,1,1500,1006,490,4,0,129,11,123,156,21,0,4,13,2,3,2,0,2,24,0
17,DOLJ,"LICEUL TEHNOLOGIC UCECOM „SPIRU HARET”",23,"MUNICIPIUL CRAIOVA",69900,1,PROV,PRCNCT,S,S_SV,"2021-01-21 12:30:02",1722,1689,33,0,545,512,33,0,1800,1255,542,3,0,140,16,128,185,23,2,0,8,7,2,1,2,2,26,0
17,DOLJ,"LICEUL ”VOLTAIRE”",24,"MUNICIPIUL CRAIOVA",69900,1,PROV,PRCNCT,S,S_SV,"2021-01-21 12:30:02",1811,1791,20,0,472,452,20,0,1900,1428,466,5,1,109,14,109,177,17,0,0,1,1,0,1,2,0,35,0
17,DOLJ,"LICEUL ”VOLTAIRE”",25,"MUNICIPIUL CRAIOVA",69900,1,PROV,PRCNCT,S,S_SV,"2021-01-21 12:30:02",1731,1699,32,0,370,338,32,0,1800,1430,367,3,0,73,14,60,151,14,2,1,10,3,4,0,2,2,31,0
17,DOLJ,"GRADINIŢA DE COPII CU PROGRAM PRELUNGIT ”ELENA FARAGO”(FOSTA NR.41)",26,"MUNICIPIUL CRAIOVA",69900,1,PROV,PRCNCT,S,S_SV,"2021-01-21 12:30:02",914,874,40,0,254,214,40,0,900,646,251,3,0,55,5,50,101,9,1,0,1,2,3,2,1,1,19,1
17,DOLJ,"GRADINIŢA DE COPII CU PROGRAM PRELUNGIT ”ELENA FARAGO”(FOSTA NR. 41)",27,"MUNICIPIUL CRAIOVA",69900,1,PROV,PRCNCT,S,S_SV,"2021-01-21 12:30:02",1316,1289,27,0,383,356,27,0,1400,1017,376,7,0,76,21,60,152,20,0,1,4,1,3,1,1,36,0,0
17,DOLJ,"ŞCOALA GIMNAZIALĂ „NICOLAE ROMANESCU”",28,"MUNICIPIUL CRAIOVA",69900,1,PROV,PRCNCT,S,S_SV,"2021-01-21 12:30:02",1570,1527,43,0,541,498,43,0,1600,1059,531,7,3,131,14,114,209,25,0,0,5,4,5,0,0,3,20,1
17,DOLJ,"GRADINIŢA CU PROGRAM PRELUNGIT ”ION CREANGA” (FOSTA NR. 42)",29,"MUNICIPIUL CRAIOVA",69900,1,PROV,PRCNCT,S,S_SV,"2021-01-21 12:30:02",1328,1304,24,0,438,414,24,0,1400,962,434,4,0,84,16,114,164,16,2,2,8,5,4,0,1,1,17,0
17,DOLJ,"ŞCOALA GIMNAZIALĂ ”NICOLAE ROMANESCU” (FOSTA NR. 29)",30,"MUNICIPIUL CRAIOVA",69900,1,PROV,PRCNCT,S,S_SV,"2021-01-21 12:30:02",1486,1443,43,0,381,338,43,0,1500,1119,375,3,3,77,10,67,142,12,2,2,8,5,4,1,3,2,39,1
17,DOLJ,"ŞCOALA GIMNAZIALĂ ”NICOLAE ROMANESCU” (FOSTA NR. 29)",31,"MUNICIPIUL CRAIOVA",69900,2,PART,PRCNCT,S,S_SV,"2021-01-21 12:30:02",1302,1271,29,2,447,416,29,2,1300,853,439,8,0,109,16,80,177,16,1,2,7,1,1,1,0,1,26,1
17,DOLJ,"ŞCOALA GIMNAZIALĂ ”NICOLAE ROMANESCU” (FOSTA NR. 29)",32,"MUNICIPIUL CRAIOVA",69900,1,PROV,PRCNCT,S,S_SV,"2021-01-21 12:30:02",1217,1178,32,7,323,284,32,7,1200,877,319,3,1,67,13,71,125,15,1,0,4,0,1,0,3,2,16,1
17,DOLJ,"UNIVERSITATEA DE MEDICINĂ ŞI FARMACIE, (SEDIUL VECHI)",33,"MUNICIPIUL CRAIOVA",69900,1,PROV,PRCNCT,S,S_SV,"2021-01-21 12:30:02",1104,1069,35,0,347,312,35,0,1100,753,342,2,3,89,10,78,121,11,0,1,7,0,3,2,1,0,19,0
17,DOLJ,"UNIVERSITATEA DE MEDICINĂ ŞI FARMACIE, (SEDIUL VECHI)",34,"MUNICIPIUL CRAIOVA",69900,1,PROV,PRCNCT,S,S_SV,"2021-01-21 12:30:02",1139,1109,30,0,434,404,30,0,1204,770,425,8,1,146,11,103,112,10,1,4,6,4,3,0,4,2,19,0
17,DOLJ,"LICEUL TEHNOLOGIC DE TRANSPORTURI AUTO",35,"MUNICIPIUL CRAIOVA",69900,1,PROV,PRCNCT,S,S_SV,"2021-01-21 12:30:02",1907,1886,21,0,478,457,21,0,1900,1422,458,12,8,81,16,80,193,19,3,3,5,5,0,2,4,3,44,0
17,DOLJ,"LICEUL TEHNOLOGIC DE TRANSPORTURI AUTO",36,"MUNICIPIUL CRAIOVA",69900,1,PROV,PRCNCT,S,S_SV,"2021-01-21 12:30:02",1900,1884,15,1,472,456,15,1,1900,1428,458,12,2,101,20,95,163,26,5,10,7,5,2,1,1,1,20,1
17,DOLJ,"LICEUL TEHNOLOGIC DE TRANSPORTURI AUTO",37,"MUNICIPIUL CRAIOVA",69900,1,PROV,PRCNCT,S,S_SV,"2021-01-21 12:30:02",1667,1581,18,68,500,414,18,68,1600,1100,479,13,8,110,19,56,198,22,6,0,11,3,2,1,3,3,44,1
17,DOLJ,"LICEUL TEHNOLOGIC DE TRANSPORTURI AUTO",38,"MUNICIPIUL CRAIOVA",69900,1,PROV,PRCNCT,S,S_SV,"2021-01-21 12:30:02",1780,1762,18,0,444,426,18,0,1800,1356,432,11,1,79,24,69,187,28,2,2,10,5,3,0,2,1,20,0
17,DOLJ,"LICEUL TEHNOLOGIC DE TRANSPORTURI AUTO, (FOSTA ȘCOALĂ CU CLASELE I-VIII NR.25 FĂCĂI)",39,"MUNICIPIUL CRAIOVA",69900,1,PROV,PRCNCT,S,S_SV,"2021-01-21 12:30:02",1247,1196,15,36,293,242,15,36,1300,1007,284,9,0,68,12,31,109,13,2,0,6,6,0,0,1,2,34,0
17,DOLJ,"DIRECȚIA DE ASISTENȚĂ SOCIALĂ CRAIOVA CENTRUL DE ZI PENTRU PERSOANE VÂRSTNICE ”CLUBUL SENIORILOR”",40,"MUNICIPIUL CRAIOVA",69900,1,PROV,PRCNCT,S,S_SV,"2021-01-21 12:30:02",904,882,19,3,263,241,19,3,900,637,260,2,1,48,6,45,114,8,1,0,4,4,0,2,0,2,26,0
17,DOLJ,"ȘCOALA GIMNAZIALA ”GHEORGHE BIBESCU” (FOSTA NR. 36)",41,"MUNICIPIUL CRAIOVA",69900,2,PART,PRCNCT,S,S_SV,"2021-01-21 12:30:02",1345,1315,30,0,452,422,30,0,1400,948,446,6,0,105,14,106,163,19,1,0,7,3,3,0,3,3,17,2
17,DOLJ,"ȘCOALA GIMNAZIALA ”GHEORGHE BIBESCU” (FOSTA NR. 36)",42,"MUNICIPIUL CRAIOVA",69900,1,PROV,PRCNCT,S,S_SV,"2021-01-21 12:30:02",1634,1606,28,0,458,430,28,0,1700,1242,452,5,1,90,13,110,182,13,0,2,9,1,5,1,0,3,21,2
17,DOLJ,"ȘCOALA GIMNAZIALA ”GHEORGHE BIBESCU” (FOSTA NR. 36)",43,"MUNICIPIUL CRAIOVA",69900,1,PROV,PRCNCT,S,S_SV,"2021-01-21 12:30:02",1695,1669,26,0,510,484,26,0,1700,1190,494,13,3,133,15,104,176,17,0,2,4,3,2,3,4,2,29,0
17,DOLJ,"ȘCOALA GIMNAZIALA ”GHEORGHE BIBESCU” (FOSTA NR. 36)",44,"MUNICIPIUL CRAIOVA",69900,1,PROV,PRCNCT,S,S_SV,"2021-01-21 12:30:02",1503,1489,14,0,397,383,14,0,1600,1203,392,2,3,103,19,100,122,15,2,1,5,1,0,2,2,2,18,0
17,DOLJ,"COLEGIUL NAȚIONAL ECONOMIC ”GHEORGHE CHIȚU”",45,"MUNICIPIUL CRAIOVA",69900,1,PROV,PRCNCT,S,S_SV,"2021-01-21 12:30:02",1465,1424,41,0,409,368,41,0,1500,1091,402,7,0,82,16,104,130,18,0,1,6,3,2,2,2,3,32,1
17,DOLJ,"COLEGIUL NAȚIONAL ECONOMIC ”GHEORGHE CHIȚU”",46,"MUNICIPIUL CRAIOVA",69900,1,PROV,PRCNCT,S,S_SV,"2021-01-21 12:30:02",1383,1359,24,0,372,348,24,0,1400,1028,365,7,0,82,16,98,107,25,0,2,4,2,2,0,1,1,23,2
17,DOLJ,"COLEGIUL NAŢIONAL ECONOMIC ”GHEORGHE CHIŢU”",47,"MUNICIPIUL CRAIOVA",69900,1,PROV,PRCNCT,S,S_SV,"2021-01-21 12:30:02",1595,1572,23,0,486,463,23,0,1600,1114,481,5,0,115,20,123,158,26,0,1,5,6,4,1,1,1,19,1
17,DOLJ,"UNIVERSITATEA DE MEDICINA SI FARMACIE, (SEDIUL NOU)",48,"MUNICIPIUL CRAIOVA",69900,1,PROV,PRCNCT,S,S_SV,"2021-01-21 12:30:02",1669,1585,38,46,588,504,38,46,1700,1112,580,7,1,155,17,144,192,29,1,0,11,3,1,2,0,1,21,3
17,DOLJ,"ŞCOALA GIMNAZIALĂ ”SFÂNTUL DUMITRU” (FOSTA NR. 18)",49,"MUNICIPIUL CRAIOVA",69900,1,PROV,PRCNCT,S,S_SV,"2021-01-21 12:30:02",1126,1101,25,0,432,407,25,0,1200,768,427,4,1,129,20,100,142,14,1,0,4,3,0,1,2,2,8,1
17,DOLJ,"LICEUL DE ARTE ”MARIN SORESCU”",50,"MUNICIPIUL CRAIOVA",69900,1,PROV,PRCNCT,S,S_SV,"2021-01-21 12:30:02",1529,1404,36,89,630,505,36,89,1500,870,622,3,5,161,19,126,240,37,0,0,6,4,1,0,1,2,25,0
17,DOLJ,"LICEUL DE ARTE ”MARIN SORESCU”",51,"MUNICIPIUL CRAIOVA",69900,1,PROV,PRCNCT,S,S_SV,"2021-01-21 12:30:02",1476,1351,31,94,573,448,31,94,1400,827,562,5,6,163,21,99,230,18,0,1,10,3,3,3,1,1,9,0
17,DOLJ,"COLEGIUL NATIONAL ”FRAŢII BUZEŞTI”",52,"MUNICIPIUL CRAIOVA",69900,1,PROV,PRCNCT,S,S_SV,"2021-01-21 12:30:02",1907,1883,20,4,622,598,20,4,1900,1278,615,7,0,174,20,165,194,22,1,1,3,1,4,0,2,6,22,0
17,DOLJ,"COLEGIUL NATIONAL ”FRAŢII BUZEŞTI”",53,"MUNICIPIUL CRAIOVA",69900,1,PROV,PRCNCT,S,S_SV,"2021-01-21 12:30:02",1780,1747,28,5,563,530,28,5,1800,1237,560,3,0,159,17,129,202,15,1,0,3,2,2,1,1,2,26,0
17,DOLJ,"ŞCOALA GIMNAZIALĂ ”LASCĂR CATARGIU” (FOSTA NR. 19)",54,"MUNICIPIUL CRAIOVA",69900,2,PART,PRCNCT,S,S_SV,"2021-01-21 12:30:02",1934,1905,26,3,420,391,26,3,2000,1580,401,8,6,91,12,70,166,24,0,1,2,1,0,4,2,2,25,1
17,DOLJ,"ŞCOALA GIMNAZIALĂ ”LASCĂR CATARGIU” (FOSTA NR. 19)",55,"MUNICIPIUL CRAIOVA",69900,1,PROV,PRCNCT,S,S_SV,"2021-01-21 12:30:02",1887,1870,15,2,473,456,15,2,1900,1427,464,4,5,99,28,74,194,23,0,0,9,4,1,0,3,0,28,1
17,DOLJ,"ŞCOALA GIMNAZIALĂ ”LASCĂR CATARGIU” (FOSTA NR. 19)",56,"MUNICIPIUL CRAIOVA",69900,1,PROV,PRCNCT,S,S_SV,"2021-01-21 12:30:02",1838,1830,8,0,468,460,8,0,1900,1432,453,10,5,100,12,80,170,38,0,0,8,5,0,3,5,0,31,1
17,DOLJ,"ŞCOALA GIMNAZIALĂ ”LASCĂR CATARGIU” (FOSTA NR. 19)",57,"MUNICIPIUL CRAIOVA",69900,1,PROV,PRCNCT,S,S_SV,"2021-01-21 12:30:02",1832,1809,20,3,558,535,20,3,1900,1342,541,17,0,139,15,102,204,31,1,2,9,5,1,0,1,2,28,1
17,DOLJ,"ŞCOALA GIMNAZIALA NR. 26 MOFLENI – STRUCTURĂ A ŞCOLII GIMNAZIALE ”ANTON PAN” (FOSTA NR.13 BUCOVĂŢ)",58,"MUNICIPIUL CRAIOVA",69900,2,PART,PRCNCT,S,S_SV,"2021-01-21 12:30:02",1348,1325,22,1,304,281,22,1,1400,1096,295,9,0,54,5,44,132,19,1,0,9,5,0,1,0,3,22,0
17,DOLJ,"ȘCOALA GIMNAZIALĂ ”ANTON PAN” (FOSTA NR.13 BUCOVĂȚ)",59,"MUNICIPIUL CRAIOVA",69900,1,PROV,PRCNCT,S,S_SV,"2021-01-21 12:30:02",1968,1948,19,1,262,242,19,1,2000,1738,250,5,7,41,8,33,132,10,2,1,2,3,0,0,4,2,11,1
17,DOLJ,"ŞCOALA GIMNAZIALĂ ”ANTON PAN” (FOSTA NR.13 BUCOVĂŢ)",60,"MUNICIPIUL CRAIOVA",69900,1,PROV,PRCNCT,S,S_SV,"2021-01-21 12:30:02",1973,1943,30,0,345,315,30,0,2000,1655,341,2,2,92,10,48,134,16,1,0,1,1,2,1,2,3,28,2
17,DOLJ,"COLEGIUL NAŢIONAL ”CAROL I”",61,"MUNICIPIUL CRAIOVA",69900,1,PROV,PRCNCT,S,S_SV,"2021-01-21 12:30:02",923,906,17,0,343,326,17,0,1000,657,342,1,0,88,10,95,106,15,0,0,3,2,0,0,0,1,20,2
17,DOLJ,"COLEGIUL NAȚIONAL ”CAROL I”",62,"MUNICIPIUL CRAIOVA",69900,1,PROV,PRCNCT,S,S_SV,"2021-01-21 12:30:02",1300,1284,16,0,416,400,16,0,1400,984,409,7,0,115,13,109,126,25,1,0,5,1,2,2,4,0,5,1
17,DOLJ,"FACULTATEA DE AGRONOMIE",63,"MUNICIPIUL CRAIOVA",69900,1,PROV,PRCNCT,S,S_SV,"2021-01-21 12:30:02",1936,1914,22,0,526,504,22,0,2000,1474,516,9,1,128,22,107,191,21,2,2,5,2,2,0,2,3,28,1
17,DOLJ,"FACULTATEA DE AGRONOMIE",64,"MUNICIPIUL CRAIOVA",69900,1,PROV,PRCNCT,S,S_SV,"2021-01-21 12:30:02",1791,1774,17,0,605,588,17,0,1800,1195,594,10,1,165,22,146,169,34,1,1,10,2,3,4,2,5,29,1
17,DOLJ,"GRADINIŢA CU PROGRAM PRELUNGIT ”PARADISUL COPIILOR” (FOSTA NR. 24)",65,"MUNICIPIUL CRAIOVA",69900,1,PROV,PRCNCT,S,S_SV,"2021-01-21 12:30:02",1193,1168,25,0,330,305,25,0,1200,870,327,3,0,104,5,68,119,14,0,1,4,1,0,0,2,0,8,1
17,DOLJ,"GRADINIŢA CU PROGRAM PRELUNGIT ”PARADISUL COPIILOR”, (FOSTA NR. 24)",66,"MUNICIPIUL CRAIOVA",69900,1,PROV,PRCNCT,S,S_SV,"2021-01-21 12:30:02",1026,970,54,2,387,331,54,2,1000,613,384,3,0,89,9,102,139,17,0,1,7,1,0,1,2,1,14,1
17,DOLJ,"COLEGIUL TEHNIC DE INDUSTRIE ALIMENTARĂ",67,"MUNICIPIUL CRAIOVA",69900,1,PROV,PRCNCT,S,S_SV,"2021-01-21 12:30:02",1869,1836,33,0,563,530,33,0,1900,1337,559,4,0,140,22,130,194,28,1,5,10,2,1,2,1,2,19,2
17,DOLJ,"COLEGIUL TEHNIC DE INDUSTRIE ALIMENTARĂ",68,"MUNICIPIUL CRAIOVA",69900,1,PROV,PRCNCT,S,S_SV,"2021-01-21 12:30:02",1822,1803,18,1,430,411,18,1,1900,1470,422,5,3,76,32,65,181,21,0,1,3,2,1,2,4,1,33,0
17,DOLJ,"COLEGIUL TEHNIC DE INDUSTRIE ALIMENTARĂ",69,"MUNICIPIUL CRAIOVA",69900,2,PART,PRCNCT,S,S_SV,"2021-01-21 12:30:02",1708,1689,19,0,479,460,19,0,1800,1321,475,3,1,113,15,77,187,25,2,0,4,8,3,0,2,3,35,1
17,DOLJ,"ŞCOALA GIMNAZIALĂ ”ION CREANGĂ” (FOSTA NR.16)",70,"MUNICIPIUL CRAIOVA",69900,1,PROV,PRCNCT,S,S_SV,"2021-01-21 12:30:02",1713,1690,17,6,466,443,17,6,1800,1334,453,11,2,96,13,67,199,16,2,1,8,2,4,3,2,3,36,1
17,DOLJ,"ŞCOALA GIMNAZIALĂ ”ION CREANGĂ” (FOSTA NR.16)",71,"MUNICIPIUL CRAIOVA",69900,1,PROV,PRCNCT,S,S_SV,"2021-01-21 12:30:02",1866,1850,16,0,490,474,16,0,1900,1410,472,14,4,89,20,74,202,27,0,0,6,7,3,4,4,0,35,1
17,DOLJ,"ŞCOALA GIMNAZIALĂ ”ION CREANGĂ” (FOSTA NR.16)",72,"MUNICIPIUL CRAIOVA",69900,1,PROV,PRCNCT,S,S_SV,"2021-01-21 12:30:02",1824,1789,35,0,410,375,35,0,1900,1490,397,11,2,56,12,48,188,24,1,1,12,2,0,1,4,2,46,0
17,DOLJ,"GRĂDINITA CU PROGRAM NORMAL ”CASA CU PITICI” (FOSTA NR. 15) – STRUCTURĂ A ŞCOLII GIMNAZIALE ”ION CREANGA” (FOSTĂ NR.16)",73,"MUNICIPIUL CRAIOVA",69900,1,PROV,PRCNCT,S,S_SV,"2021-01-21 12:30:02",1745,1713,32,0,408,376,32,0,1800,1392,399,8,1,71,14,45,172,23,3,0,11,4,1,3,2,4,45,1
17,DOLJ,"RAT S.R.L.",74,"MUNICIPIUL CRAIOVA",69900,1,PROV,PRCNCT,S,S_SV,"2021-01-21 12:30:02",1638,1625,13,0,430,417,13,0,1700,1270,424,6,0,84,24,90,165,19,1,1,6,1,0,1,5,1,21,5
17,DOLJ,"ȘCOALA GIMNAZIALĂ ”ELENA FARAGO” (FOSTA SCOALA GIMNAZIALA NR.34)",75,"MUNICIPIUL CRAIOVA",69900,1,PROV,PRCNCT,S,S_SV,"2021-01-21 12:30:02",1482,1467,15,0,419,404,15,0,1500,1081,411,8,0,102,17,65,166,29,0,1,6,5,0,0,3,0,17,0
17,DOLJ,"ȘCOALA GIMNAZIALĂ ”ELENA FARAGO” (FOSTA SCOALA GIMNAZIALA NR.34)",76,"MUNICIPIUL CRAIOVA",69900,1,PROV,PRCNCT,S,S_SV,"2021-01-21 12:30:02",1547,1521,18,8,404,378,18,8,1600,1196,399,4,1,87,22,88,139,17,2,0,8,4,1,1,2,2,26,0
17,DOLJ,"ȘCOALA GIMNAZIALĂ ”ELENA FARAGO” (FOSTA SCOALA GIMNAZIALA NR.34)",77,"MUNICIPIUL CRAIOVA",69900,1,PROV,PRCNCT,S,S_SV,"2021-01-21 12:30:02",1536,1502,34,0,451,417,34,0,1600,1149,445,6,0,74,30,113,153,13,1,0,11,9,1,1,3,1,35,0
17,DOLJ,"ȘCOALA GIMNAZIALĂ ”ELENA FARAGO” (FOSTA SCOALA GIMNAZIALA NR.34)",78,"MUNICIPIUL CRAIOVA",69900,1,PROV,PRCNCT,S,S_SV,"2021-01-21 12:30:02",1741,1723,18,0,493,475,18,0,1800,1307,485,5,3,100,14,108,205,17,1,0,9,2,0,1,5,5,17,1
17,DOLJ,"ȘCOALA GIMNAZIALĂ ”ELENA FARAGO” (FOSTA SCOALA GIMNAZIALA NR.33)",79,"MUNICIPIUL CRAIOVA",69900,1,PROV,PRCNCT,S,S_SV,"2021-01-21 12:30:02",1772,1742,30,0,476,446,30,0,1800,1324,472,3,1,99,17,96,187,21,0,1,5,5,2,0,7,1,30,1
17,DOLJ,"ȘCOALA GIMNAZIALĂ ”ELENA FARAGO” (FOSTA SCOALA GIMNAZIALA NR.33)",80,"MUNICIPIUL CRAIOVA",69900,1,PROV,PRCNCT,S,S_SV,"2021-01-21 12:30:02",1720,1697,23,0,497,474,23,0,1800,1303,488,6,3,112,14,94,197,19,0,1,12,0,0,2,3,2,30,2
17,DOLJ,"ȘCOALA GIMNAZIALĂ ”ELENA FARAGO” (FOSTA SCOALA GIMNAZIALA NR.33)",81,"MUNICIPIUL CRAIOVA",69900,1,PROV,PRCNCT,S,S_SV,"2021-01-21 12:30:02",1608,1597,11,0,428,417,11,0,1700,1272,421,6,1,79,9,88,171,21,0,3,11,6,2,0,0,0,30,1
17,DOLJ,"GRADINIŢA CU PROGRAM PRELUNGIT ”PITICOT” (FOSTA NR.45)",82,"MUNICIPIUL CRAIOVA",69900,1,PROV,PRCNCT,S,S_SV,"2021-01-21 12:30:02",1624,1604,20,0,429,409,20,0,1700,1271,426,3,0,79,14,67,200,19,2,0,6,10,0,0,2,4,23,0
17,DOLJ,"GRADINIŢA CU PROGRAM PRELUNGIT ”PITICOT” (FOSTA NR.45)",83,"MUNICIPIUL CRAIOVA",69900,1,PROV,PRCNCT,S,S_SV,"2021-01-21 12:30:02",1238,1212,26,0,351,325,26,0,1300,949,348,2,1,70,11,49,157,26,2,0,4,1,0,1,2,0,24,1
17,DOLJ,"GRADINIŢA CU PROGRAM PRELUNGIT ”PITICOT” (FOSTA NR.45)",84,"MUNICIPIUL CRAIOVA",69900,1,PROV,PRCNCT,S,S_SV,"2021-01-21 12:30:02",1121,1062,58,1,342,283,58,1,1100,758,338,4,0,63,7,49,161,20,0,1,3,1,1,0,1,0,30,1
17,DOLJ,"GRADINIŢA CU PROGRAM PRELUNGIT ”FLOAREA SOARELUI” (FOSTA NR.51)",85,"MUNICIPIUL CRAIOVA",69900,1,PROV,PRCNCT,S,S_SV,"2021-01-21 12:30:02",1262,1243,19,0,452,433,19,0,1300,848,447,5,0,88,14,96,172,30,0,5,5,2,2,3,2,1,26,1
17,DOLJ,"GRADINIŢA CU PROGRAM PRELUNGIT ”FLOAREA SOARELUI” (FOSTA NR.51)",86,"MUNICIPIUL CRAIOVA",69900,1,PROV,PRCNCT,S,S_SV,"2021-01-21 12:30:02",1334,1314,20,0,369,349,20,0,1400,1031,366,3,0,69,9,75,141,21,3,3,5,5,1,0,1,1,30,2
17,DOLJ,"GRADINIŢA CU PROGRAM PRELUNGIT ”FLOAREA SOARELUI” (FOSTA NR.51)",87,"MUNICIPIUL CRAIOVA",69900,1,PROV,PRCNCT,S,S_SV,"2021-01-21 12:30:02",1278,1264,14,0,370,356,14,0,1300,930,367,3,0,78,17,69,154,19,0,0,7,3,1,3,2,2,12,0
17,DOLJ,"ŞCOALA GIMNAZIALĂ ”ALEXANDRU MACEDONSKI” (FOSTA NR.32)",88,"MUNICIPIUL CRAIOVA",69900,2,PART,PRCNCT,S,S_SV,"2021-01-21 12:30:02",1629,1608,18,3,440,419,18,3,1700,1260,436,2,2,81,18,75,169,31,4,2,5,5,3,1,5,3,34,0
17,DOLJ,"ŞCOALA GIMNAZIALĂ ”ALEXANDRU MACEDONSKI” (FOSTA NR.32)",89,"MUNICIPIUL CRAIOVA",69900,1,PROV,PRCNCT,S,S_SV,"2021-01-21 12:30:02",1696,1657,38,1,486,447,38,1,1700,1214,475,9,2,95,21,84,203,21,1,4,8,4,1,2,1,2,28,0
17,DOLJ,"ŞCOALA GIMNAZIALĂ ”ALEXANDRU MACEDONSKI” (FOSTA NR.32)",90,"MUNICIPIUL CRAIOVA",69900,1,PROV,PRCNCT,S,S_SV,"2021-01-21 12:30:02",1864,1799,65,0,496,431,65,0,1900,1404,486,7,3,107,22,95,192,15,0,1,7,6,3,2,4,0,32,0
17,DOLJ,"ŞCOALA GIMNAZIALĂ ”ALEXANDRU MACEDONSKI” (FOSTA NR.32)",91,"MUNICIPIUL CRAIOVA",69900,1,PROV,PRCNCT,S,S_SV,"2021-01-21 12:30:02",1698,1671,27,0,459,432,27,0,1700,1241,454,4,1,93,12,109,175,16,0,1,6,1,2,0,6,2,30,1
17,DOLJ,"GRĂDINIŢA CU PROGRAM PRELUNGIT ”FLOARE ALBASTRA” (FOSTA NR.40)",92,"MUNICIPIUL CRAIOVA",69900,1,PROV,PRCNCT,S,S_SV,"2021-01-21 12:30:02",1289,1269,20,0,345,325,20,0,1300,955,343,1,1,77,15,69,121,19,0,1,7,8,0,1,3,2,19,1
17,DOLJ,"GRĂDINIŢA CU PROGRAM PRELUNGIT ”FLOARE ALBASTRA” (FOSTA NR.40)",93,"MUNICIPIUL CRAIOVA",69900,1,PROV,PRCNCT,S,S_SV,"2021-01-21 12:30:02",1537,1510,27,0,398,371,27,0,1600,1202,391,6,1,66,16,79,155,22,0,0,6,2,1,0,2,2,39,1
17,DOLJ,"ŞCOALA GIMNAZIALĂ ”MIHAI VITEAZU” (FOSTA NR.30)",94,"MUNICIPIUL CRAIOVA",69900,1,PROV,PRCNCT,S,S_SV,"2021-01-21 12:30:02",1356,1347,9,0,347,338,9,0,1400,1053,342,4,1,78,11,63,133,21,0,1,8,2,0,4,2,2,17,0
17,DOLJ,"ŞCOALA GIMNAZIALĂ ”MIHAI VITEAZU” (FOSTA NR.30)",95,"MUNICIPIUL CRAIOVA",69900,1,PROV,PRCNCT,S,S_SV,"2021-01-21 12:30:02",1546,1531,15,0,326,311,15,0,1600,1274,323,2,1,55,11,70,140,15,0,0,5,4,0,0,2,2,18,1
17,DOLJ,"ŞCOALA GIMNAZIALĂ ”MIHAI VITEAZU” (FOSTA NR.30)",96,"MUNICIPIUL CRAIOVA",69900,1,PROV,PRCNCT,S,S_SV,"2021-01-21 12:30:02",1483,1470,11,2,376,363,11,2,1500,1124,370,5,1,96,13,73,139,18,3,0,4,2,1,2,3,2,14,0
17,DOLJ,"ŞCOALA GIMNAZIALĂ ”MIHAI VITEAZU” (FOSTA NR.30)",97,"MUNICIPIUL CRAIOVA",69900,1,PROV,PRCNCT,S,S_SV,"2021-01-21 12:30:02",1340,1328,10,2,374,362,10,2,1400,1026,366,5,3,73,7,77,150,24,1,0,7,3,0,0,1,0,21,2
17,DOLJ,"ŞCOALA GIMNAZIALĂ ”MIHAI VITEAZU” (FOSTA NR.30)",98,"MUNICIPIUL CRAIOVA",69900,2,PART,PRCNCT,S,S_SV,"2021-01-21 12:30:02",1415,1389,23,3,342,316,23,3,1500,1158,340,1,1,56,15,72,136,9,0,0,4,0,2,4,2,4,36,0
17,DOLJ,"LICEUL TEHNOLOGIC ”GEORGE BIBESCU”",99,"MUNICIPIUL CRAIOVA",69900,2,PART,PRCNCT,S,S_SV,"2021-01-21 12:30:02",1299,1254,45,0,359,314,45,0,1300,941,359,0,0,68,10,86,152,12,0,1,5,2,3,1,1,3,14,1
17,DOLJ,"LICEUL TEHNOLOGIC ”GEORGE BIBESCU”",100,"MUNICIPIUL CRAIOVA",69900,1,PROV,PRCNCT,S,S_SV,"2021-01-21 12:30:02",1183,1152,31,0,282,251,31,0,1200,918,279,3,0,49,16,61,123,14,0,0,3,2,0,0,1,2,8,0
17,DOLJ,"GRADINIŢA CU PROGRAM PRELUNGIT ”PHOENIX” (FOSTA NR.52)",101,"MUNICIPIUL CRAIOVA",69900,1,PROV,PRCNCT,S,S_SV,"2021-01-21 12:30:02",1196,1174,22,0,322,300,22,0,1200,878,320,2,0,55,16,75,128,15,0,0,6,0,0,4,2,1,18,0
17,DOLJ,"GRADINITA CU PROGRAM PRELUNGIT ”PHOENIX” (FOSTA NR. 52)",102,"MUNICIPIUL CRAIOVA",69900,2,PART,PRCNCT,S,S_SV,"2021-01-21 12:30:02",1143,1130,11,2,341,328,11,2,1200,859,332,8,1,84,7,70,127,17,2,0,2,0,0,2,2,1,18,0
17,DOLJ,"COLEGIUL TEHNIC ”COSTIN D. NENITESCU”",103,"MUNICIPIUL CRAIOVA",69900,1,PROV,PRCNCT,S,S_SV,"2021-01-21 12:30:02",1919,1886,32,1,642,609,32,1,1900,1258,636,6,0,150,27,151,224,24,0,4,8,2,3,3,8,0,31,1
17,DOLJ,"COLEGIUL TEHNIC ”COSTIN D. NENIŢESCU”",104,"MUNICIPIUL CRAIOVA",69900,1,PROV,PRCNCT,S,S_SV,"2021-01-21 12:30:02",1846,1816,30,0,538,508,30,0,1900,1362,531,7,0,129,21,134,182,24,1,0,2,2,1,1,3,1,30,0
17,DOLJ,"COLEGIUL TEHNIC ”COSTIN D. NENIŢESCU”",105,"MUNICIPIUL CRAIOVA",69900,1,PROV,PRCNCT,S,S_SV,"2021-01-21 12:30:02",1518,1495,23,0,424,401,23,0,1600,1176,417,5,2,98,15,82,160,24,1,0,11,4,4,0,3,2,11,2
17,DOLJ,"COLEGIUL TEHNIC ”COSTIN D. NENIŢESCU”",106,"MUNICIPIUL CRAIOVA",69900,1,PROV,PRCNCT,S,S_SV,"2021-01-21 12:30:02",1551,1539,12,0,481,469,12,0,1600,1119,479,1,1,104,13,105,185,30,1,2,8,0,2,3,1,4,19,2
17,DOLJ,"COLEGIUL TEHNIC ”COSTIN D. NENIŢESCU”",107,"MUNICIPIUL CRAIOVA",69900,1,PROV,PRCNCT,S,S_SV,"2021-01-21 12:30:02",1635,1623,12,0,441,429,12,0,1700,1259,431,10,0,110,18,93,140,21,0,1,10,1,2,3,2,1,29,0
17,DOLJ,"ŞCOALA GIMNAZIALĂ ”DECEBAL” (FOSTA NR. 12)",108,"MUNICIPIUL CRAIOVA",69900,1,PROV,PRCNCT,S,S_SV,"2021-01-21 12:30:02",1457,1423,34,0,444,410,34,0,1500,1056,441,3,0,102,14,101,174,17,0,0,5,4,1,1,0,2,19,1
17,DOLJ,"ŞCOALA GIMNAZIALĂ ”DECEBAL” (FOSTA NR. 12)",109,"MUNICIPIUL CRAIOVA",69900,1,PROV,PRCNCT,S,S_SV,"2021-01-21 12:30:02",1408,1383,25,0,471,446,25,0,1400,929,467,4,0,128,15,106,172,17,1,2,6,2,1,0,3,2,12,0
17,DOLJ,"ŞCOALA GIMNAZIALĂ ”DECEBAL” (FOSTA NR. 12)",110,"MUNICIPIUL CRAIOVA",69900,1,PROV,PRCNCT,S,S_SV,"2021-01-21 12:30:02",1493,1470,23,0,519,496,23,0,1500,981,516,3,0,110,15,143,163,24,0,2,13,6,2,2,5,4,27,0
17,DOLJ,"COLEGIUL TEHNIC ENERGETIC",111,"MUNICIPIUL CRAIOVA",69900,1,PROV,PRCNCT,S,S_SV,"2021-01-21 12:30:02",1570,1548,22,0,505,483,22,0,1600,1095,496,8,1,106,30,131,166,30,0,0,3,1,3,0,1,2,22,1
17,DOLJ,"COLEGIUL TEHNIC ENERGETIC",112,"MUNICIPIUL CRAIOVA",69900,1,PROV,PRCNCT,S,S_SV,"2021-01-21 12:30:02",1541,1494,21,26,484,437,21,26,1600,1116,481,3,0,101,17,103,196,29,0,0,4,0,2,1,4,0,24,0
17,DOLJ,"COLEGIUL TEHNIC ENERGETIC",113,"MUNICIPIUL CRAIOVA",69900,1,PROV,PRCNCT,S,S_SV,"2021-01-21 12:30:02",1321,1297,24,0,422,398,24,0,1400,978,417,3,2,80,13,105,165,21,1,1,7,4,1,0,0,1,18,0
17,DOLJ,"COLEGIUL NAŢIONAL PEDAGOGIC ”ŞTEFAN VELOVAN”",114,"MUNICIPIUL CRAIOVA",69900,1,PROV,PRCNCT,S,S_SV,"2021-01-21 12:30:02",1904,1878,26,0,570,544,26,0,1900,1330,562,8,0,126,25,150,178,28,0,0,11,3,3,0,2,1,35,0
17,DOLJ,"COLEGIUL NAŢIONAL PEDAGOGIC ”ŞTEFAN VELOVAN”",115,"MUNICIPIUL CRAIOVA",69900,1,PROV,PRCNCT,S,S_SV,"2021-01-21 12:30:02",1723,1691,32,0,569,537,32,0,1800,1231,559,10,0,145,25,139,186,18,1,2,9,4,2,1,2,2,23,0
17,DOLJ,"GRĂDINIŢA CU PROGRAM PRELUNGIT ”CASUTA CU POVESTI” (FOSTA NR.43)",116,"MUNICIPIUL CRAIOVA",69900,1,PROV,PRCNCT,S,S_SV,"2021-01-21 12:30:02",1631,1609,22,0,440,418,22,0,1700,1260,440,0,0,113,18,100,178,15,0,0,0,3,0,0,0,0,13,0
17,DOLJ,"GRADINITA CU PROGRAM PRELUNGIT ”CASUTA CU POVESTI” (FOSTA NR. 43)",117,"MUNICIPIUL CRAIOVA",69900,1,PROV,PRCNCT,S,S_SV,"2021-01-21 12:30:02",1501,1471,29,1,513,483,29,1,1500,987,505,6,2,131,13,124,180,27,0,1,4,5,2,0,1,2,14,1
17,DOLJ,"GRĂDINIŢA CU PROGRAM PRELUNGIT ”VOINICEII” (FOSTA NR.32)",118,"MUNICIPIUL CRAIOVA",69900,1,PROV,PRCNCT,S,S_SV,"2021-01-21 12:30:02",1451,1430,21,0,470,449,21,0,1500,1030,467,2,1,119,25,117,144,17,2,3,5,1,2,0,2,2,27,1
17,DOLJ,"GRĂDINIŢA CU PROGRAM PRELUNGIT ”VOINICEII” (FOSTA NR.32)",119,"MUNICIPIUL CRAIOVA",69900,2,PART,PRCNCT,S,S_SV,"2021-01-21 12:30:02",1316,1295,21,0,427,406,21,0,1400,973,424,3,0,113,23,86,158,20,0,0,3,5,1,2,0,0,12,1
17,DOLJ,"ŞCOALA GIMNAZIALĂ ”SFÂNTU GHEORGHE” (FOSTA NR.24)",120,"MUNICIPIUL CRAIOVA",69900,2,PART,PRCNCT,S,S_SV,"2021-01-21 12:30:02",1751,1719,32,0,606,574,32,0,1800,1194,596,5,5,156,25,156,179,22,0,1,11,5,4,2,1,1,31,2
17,DOLJ,"ŞCOALA GIMNAZIALĂ ”SFÂNTU GHEORGHE” (FOSTA NR.24)",121,"MUNICIPIUL CRAIOVA",69900,1,PROV,PRCNCT,S,S_SV,"2021-01-21 12:30:02",1608,1580,28,0,499,471,28,0,1600,1101,495,4,0,146,17,94,178,30,1,0,5,4,0,1,2,1,15,1
17,DOLJ,"ŞCOALA GIMNAZIALĂ ”SFÂNTU GHEORGHE” (FOSTA NR.24)",122,"MUNICIPIUL CRAIOVA",69900,1,PROV,PRCNCT,S,S_SV,"2021-01-21 12:30:02",1573,1554,19,0,447,428,19,0,1600,1153,440,7,0,102,17,94,165,26,1,1,3,6,1,0,3,2,19,0
17,DOLJ,"LICEUL TEHNOLOGIC TRANSPORTURI CĂI FERATE",123,"MUNICIPIUL CRAIOVA",69900,1,PROV,PRCNCT,S,S_SV,"2021-01-21 12:30:02",914,892,18,4,306,284,18,4,1000,694,303,3,0,89,8,85,96,8,0,0,3,2,1,1,3,1,6,0
17,DOLJ,"LICEUL TEHNOLOGIC TRANSPORTURI CĂI FERATE",124,"MUNICIPIUL CRAIOVA",69900,1,PROV,PRCNCT,S,S_SV,"2021-01-21 12:30:02",1056,995,30,31,434,373,30,31,1100,666,428,5,1,140,14,87,138,24,0,2,3,4,2,0,0,0,13,1
17,DOLJ,"COLEGIUL NAȚIONAL ”NICOLAE TITULESCU”",125,"MUNICIPIUL CRAIOVA",69900,1,PROV,PRCNCT,S,S_SV,"2021-01-21 12:30:02",1693,1664,27,2,596,567,27,2,1700,1104,588,8,0,161,20,134,181,39,0,1,8,7,4,3,4,2,22,2
17,DOLJ,"ŞCOALA GIMNAZIALĂ ”TRAIAN” (FOSTA NR. 2)",126,"MUNICIPIUL CRAIOVA",69900,1,PROV,PRCNCT,S,S_SV,"2021-01-21 12:30:02",983,943,39,1,385,345,39,1,1000,615,379,6,0,127,13,82,106,22,2,2,6,7,1,1,2,0,8,0
17,DOLJ,"ŞCOALA GIMNAZIALĂ ”TRAIAN” (FOSTA NR.2)",127,"MUNICIPIUL CRAIOVA",69900,1,PROV,PRCNCT,S,S_SV,"2021-01-21 12:30:02",1190,1164,25,1,474,448,25,1,1200,726,470,3,1,167,20,115,118,12,2,1,8,3,1,2,2,1,18,0
17,DOLJ,"GRĂDINIŢA CU PROGRAM PRELUNGIT ”TUDOR VLADIMIRESCU” (FOSTA NR.21)",128,"MUNICIPIUL CRAIOVA",69900,1,PROV,PRCNCT,S,S_SV,"2021-01-21 12:30:02",1731,1700,29,2,633,602,29,2,1800,1167,622,10,1,184,24,144,202,33,0,2,10,5,1,3,0,1,12,1
17,DOLJ,"ŞCOALA GIMNAZIALĂ „SF. GHEORGHE” (FOSTA SCOALA CU CLASELE I - VIII NR.23)",129,"MUNICIPIUL CRAIOVA",69900,1,PROV,PRCNCT,S,S_SV,"2021-01-21 12:30:02",1711,1703,8,0,569,561,8,0,1800,1231,563,5,1,147,20,142,181,23,1,0,10,10,3,0,3,2,21,0
17,DOLJ,"ŞCOALA GIMNAZIALĂ „SF. GHEORGHE” (FOSTA SCOALA CU CLASELE I - VIII NR.23)",130,"MUNICIPIUL CRAIOVA",69900,1,PROV,PRCNCT,S,S_SV,"2021-01-21 12:30:02",1700,1683,17,0,559,542,17,0,1700,1141,552,5,2,149,16,109,200,30,1,1,10,8,1,1,0,1,22,3
17,DOLJ,"ŞCOALA GIMNAZIALĂ „SF. GHEORGHE” (FOSTA SCOALA CU CLASELE I - VIII NR.23)",131,"MUNICIPIUL CRAIOVA",69900,1,PROV,PRCNCT,S,S_SV,"2021-01-21 12:30:02",1648,1631,15,2,510,493,15,2,1700,1190,502,8,0,135,21,129,145,31,4,0,9,0,0,0,2,1,25,0
17,DOLJ,"ȘCOALA GIMNAZIALĂ SF. GHEORGHE (FOSTA ȘCOALĂ CU CLASELE I-VIII, NR. 23",132,"MUNICIPIUL CRAIOVA",69900,2,PART,PRCNCT,S,S_SV,"2021-01-21 12:30:02",1216,1190,26,0,391,365,26,0,1300,909,383,8,0,78,19,60,154,21,1,3,8,11,1,0,2,3,22,0
17,DOLJ,"ȘCOALA GIMNAZIALĂ SF. GHEORGHE (FOSTA ȘCOALĂ CU CLASELE I-VIII, NR. 23)",133,"MUNICIPIUL CRAIOVA",69900,1,PROV,PRCNCT,S,S_SV,"2021-01-21 12:30:02",1669,1647,22,0,577,555,22,0,1700,1123,566,10,1,167,17,117,193,24,1,0,3,6,1,0,5,0,30,2
17,DOLJ,"ŞCOALA GIMNAZIALĂ ”ION ŢUCULESCU” (FOSTA NR. 14)",134,"MUNICIPIUL CRAIOVA",69900,1,PROV,PRCNCT,S,S_SV,"2021-01-21 12:30:02",2011,1950,44,17,590,529,44,17,2000,1410,578,7,5,140,25,85,246,23,0,4,13,5,0,2,1,2,31,1
17,DOLJ,"ŞCOALA GIMNAZIALĂ ”ION ŢUCULESCU” (FOSTA NR. 14)",135,"MUNICIPIUL CRAIOVA",69900,1,PROV,PRCNCT,S,S_SV,"2021-01-21 12:30:02",2000,1970,29,1,614,584,29,1,2000,1386,610,2,2,163,23,137,198,37,1,0,8,4,3,5,3,2,26,0
17,DOLJ,"GRĂDINIȚA CU PROGRAM NORMAL” ÎNGERAȘII” (FOSTĂ NR.5)",136,"MUNICIPIUL CRAIOVA",69900,1,PROV,PRCNCT,S,S_SV,"2021-01-21 12:30:02",1684,1668,16,0,475,459,16,0,1700,1225,468,5,2,93,12,112,182,20,0,1,9,6,0,1,3,2,27,0
17,DOLJ,"GRADINITA CU PROGRAM NORMAL NR.35 – STRUCTURĂ A SCOLII GIMNAZIALE ”ION ŢUCULESCU” (FOSTĂ NR.14)",137,"MUNICIPIUL CRAIOVA",69900,1,PROV,PRCNCT,S,S_SV,"2021-01-21 12:30:02",1036,999,37,0,342,305,37,0,1100,758,330,10,2,85,23,50,128,11,1,0,5,5,0,3,3,3,12,1
17,DOLJ,"GRĂDINIŢA CU PROGRAM NORMAL NR.16-STRUCTURĂ A ŞCOLII GIMNAZIALE ”ION ŢUCULESCU” (FOSTA NR.14)",138,"MUNICIPIUL CRAIOVA",69900,1,PROV,PRCNCT,S,S_SV,"2021-01-21 12:30:02",1512,1498,14,0,512,498,14,0,1600,1088,508,4,0,113,31,78,196,42,0,0,3,2,6,3,2,1,29,2
17,DOLJ,"GRĂDINIȚA CU PROGRAM NORMAL ”ÎNGERAȘII” ( FOSTA NR. 5)",139,"MUNICIPIUL CRAIOVA",69900,2,PART,PRCNCT,S,S_SV,"2021-01-21 12:30:02",1759,1747,12,0,533,521,12,0,1800,1267,528,5,0,109,23,99,214,25,0,0,9,6,1,0,2,1,39,0
17,DOLJ,"SUCURSALA REGIONALĂ CF CRAIOVA",140,"MUNICIPIUL CRAIOVA",69900,1,PROV,PRCNCT,S,S_SV,"2021-01-21 12:30:02",1243,1200,43,0,448,405,43,0,1300,852,437,10,1,108,13,107,171,16,0,0,6,5,0,0,1,0,9,1
17,DOLJ,"SUCURSALA REGIONALĂ CF CRAIOVA",141,"MUNICIPIUL CRAIOVA",69900,1,PROV,PRCNCT,S,S_SV,"2021-01-21 12:30:02",1563,1517,46,0,537,491,46,0,1600,1063,529,3,5,136,20,116,186,22,0,0,10,7,6,0,1,0,25,0
17,DOLJ,"GRĂDINIŢA CU PROGRAM PRELUNGIT ”SF. LUCIA” (FOSTA NR.50)",142,"MUNICIPIUL CRAIOVA",69900,1,PROV,PRCNCT,S,S_SV,"2021-01-21 12:30:02",962,947,15,0,326,311,15,0,1000,674,324,2,0,90,24,81,80,21,1,0,0,5,3,0,1,0,17,1
17,DOLJ,"GRĂDINIŢA CU PROGRAM PRELUNGIT ”SF. LUCIA” (FOSTA NR.50)",143,"MUNICIPIUL CRAIOVA",69900,1,PROV,PRCNCT,S,S_SV,"2021-01-21 12:30:02",937,924,12,1,343,330,12,1,1000,657,342,1,0,87,18,74,102,21,2,0,2,4,2,0,1,3,26,0
17,DOLJ,"GRĂDINIŢA CU PROGRAM PRELUNGIT ”PETRACHE POENARU” (FOSTA SCOALA CU CLASELE I VIII NR.9 PETRACHE POENARU)",144,"MUNICIPIUL CRAIOVA",69900,1,PROV,PRCNCT,S,S_SV,"2021-01-21 12:30:02",1794,1588,1,205,772,566,1,205,1700,928,742,18,12,208,15,131,310,14,7,1,17,1,2,1,0,5,28,2
17,DOLJ,"GRĂDINIŢA CU PROGRAM PRELUNGIT ”PETRACHE POENARU” (FOSTA SCOALA CU CLASELE I VIII NR.9 PETRACHE POENARU)",145,"MUNICIPIUL CRAIOVA",69900,1,PROV,PRCNCT,S,S_SV,"2021-01-21 12:30:02",1201,1155,46,0,440,394,46,0,1200,760,432,8,0,110,7,115,147,16,0,1,7,8,1,0,1,1,18,0
17,DOLJ,"ŞCOALA GIMNAZIALĂ ”GHEORGHE ŢIŢEICA” (FOSTA NR. 21)",146,"MUNICIPIUL CRAIOVA",69900,1,PROV,PRCNCT,S,S_SV,"2021-01-21 12:30:02",1462,1418,44,0,519,475,44,0,1500,981,512,5,2,152,16,131,145,23,0,5,3,3,4,2,3,2,21,2
17,DOLJ,"ŞCOALA GIMNAZIALĂ ”GHEORGHE ŢIŢEICA” (FOSTA NR. 21)",147,"MUNICIPIUL CRAIOVA",69900,1,PROV,PRCNCT,S,S_SV,"2021-01-21 12:30:02",1437,1407,30,0,486,456,30,0,1500,1014,470,9,7,130,16,124,143,23,2,0,4,6,1,1,0,0,20,0
17,DOLJ,"GRĂDINIŢA CU PROGRAM PRELUNGIT ”PINOCHIO”",148,"MUNICIPIUL CRAIOVA",69900,2,PART,PRCNCT,S,S_SV,"2021-01-21 12:30:02",1198,1163,34,1,406,371,34,1,1200,794,397,9,0,83,9,125,110,30,0,2,6,5,1,2,0,0,23,1
17,DOLJ,"PRIMĂRIA MUNICIPIULUI CRAIOVA, (FOSTA ŞCOALA CU CLASELE I-VIII NR.35 „I.D. SÎRBU”)”",149,"MUNICIPIUL CRAIOVA",69900,1,PROV,PRCNCT,S,S_SV,"2021-01-21 12:30:02",1112,1082,29,1,371,341,29,1,1100,729,363,6,2,99,10,86,130,17,0,0,2,1,0,0,1,2,15,0
17,DOLJ,"PRIMĂRIA MUNICIPIULUI CRAIOVA, (FOSTA ŞCOALA CU CLASELE I-VIII NR.35 „I.D. SÎRBU”)",150,"MUNICIPIUL CRAIOVA",69900,1,PROV,PRCNCT,S,S_SV,"2021-01-21 12:30:02",1054,1032,20,2,362,340,20,2,1100,738,354,7,1,79,19,81,139,8,0,0,7,7,1,2,2,0,9,0
17,DOLJ,"PRIMĂRIA MUNICIPIULUI CRAIOVA, (FOSTA ŞCOALA CU CLASELE I-VIII NR.35 „I.D. SÎRBU”)",151,"MUNICIPIUL CRAIOVA",69900,1,PROV,PRCNCT,S,S_SV,"2021-01-21 12:30:02",1200,1192,8,0,445,437,8,0,1300,855,438,4,3,127,20,98,148,14,0,1,4,4,1,1,2,1,17,0
17,DOLJ,"LICEUL ”MATEI BASARAB”",152,"MUNICIPIUL CRAIOVA",69900,2,PART,PRCNCT,S,S_SV,"2021-01-21 12:30:02",987,969,18,0,340,322,18,0,1000,660,338,1,1,89,9,88,117,15,1,0,4,2,2,1,0,0,10,0
17,DOLJ,"LICEUL ”MATEI BASARAB”",153,"MUNICIPIUL CRAIOVA",69900,1,PROV,PRCNCT,S,S_SV,"2021-01-21 12:30:02",946,905,37,4,274,233,37,4,1000,726,271,3,0,70,3,49,121,9,0,1,3,2,0,0,2,1,10,0
17,DOLJ,"LICEUL TEORETIC ”TUDOR ARGHEZI”",154,"MUNICIPIUL CRAIOVA",69900,1,PROV,PRCNCT,S,S_SV,"2021-01-21 12:30:02",1344,1253,91,0,489,398,91,0,1300,811,482,6,1,101,14,111,195,16,2,1,6,3,0,1,2,2,28,0
17,DOLJ,"LICEUL TEORETIC ”TUDOR ARGHEZI”",155,"MUNICIPIUL CRAIOVA",69900,1,PROV,PRCNCT,S,S_SV,"2021-01-21 12:30:02",1378,1342,36,0,479,443,36,0,1400,921,477,1,1,97,15,102,198,17,0,2,5,2,1,1,1,3,33,0
17,DOLJ,"LICEUL TEORETIC ”TUDOR ARGHEZI”",156,"MUNICIPIUL CRAIOVA",69900,1,PROV,PRCNCT,S,S_SV,"2021-01-21 12:30:02",1415,1390,25,0,454,429,25,0,1400,946,451,1,2,113,21,118,145,20,0,0,7,7,1,1,2,0,16,0
17,DOLJ,"ŞCOALA GIMNAZIALĂ ”NICOLAE BĂLCESCU” (FOSTA NR.39)",157,"MUNICIPIUL CRAIOVA",69900,1,PROV,PRCNCT,S,S_SV,"2021-01-21 12:30:02",1470,1448,20,2,473,451,20,2,1500,1027,471,2,0,94,19,104,180,23,1,0,9,4,1,2,1,2,29,2
17,DOLJ,"ŞCOALA GIMNAZIALĂ ”NICOLAE BĂLCESCU” (FOSTA NR.39)",158,"MUNICIPIUL CRAIOVA",69900,2,PART,PRCNCT,S,S_SV,"2021-01-21 12:30:02",1292,1265,24,3,456,429,24,3,1300,844,452,3,1,116,15,135,141,20,1,3,2,2,1,2,0,0,12,2
17,DOLJ,"ŞCOALA GIMNAZIALĂ ”NICOLAE BĂLCESCU” (FOSTA NR.39)",159,"MUNICIPIUL CRAIOVA",69900,1,PROV,PRCNCT,S,S_SV,"2021-01-21 12:30:02",1476,1448,28,0,484,456,28,0,1499,1015,477,6,1,106,18,103,182,21,0,1,5,4,0,0,1,2,34,0
17,DOLJ,"ŞCOALA GIMNAZIALĂ ”NICOLAE BĂLCESCU” (FOSTA NR.39)",160,"MUNICIPIUL CRAIOVA",69900,1,PROV,PRCNCT,S,S_SV,"2021-01-21 12:30:02",1461,1421,40,0,455,415,40,0,1500,1045,450,3,2,105,20,121,144,18,3,0,10,0,3,0,3,4,19,0
17,DOLJ,"GRĂDINIŢA CU PROGRAM NORMAL NR.14 ”LUCEAFĂRUL” – STRUCTURĂ A ŞCOLII GIMNAZIALE ”NICOLAE BĂLCESCU” (FOSTA NR.39)",161,"MUNICIPIUL CRAIOVA",69900,1,PROV,PRCNCT,S,S_SV,"2021-01-21 12:30:02",1453,1436,16,1,500,483,16,1,1500,1000,494,5,1,132,23,113,144,35,1,2,7,5,1,1,0,5,24,1
17,DOLJ,"FACULTATEA DE MECANICĂ",162,"MUNICIPIUL CRAIOVA",69900,1,PROV,PRCNCT,S,S_SV,"2021-01-21 12:30:02",1088,1036,30,22,378,326,30,22,1100,722,374,3,1,90,17,100,106,21,2,0,13,6,4,0,4,1,10,0
17,DOLJ,"LICEUL TEHNOLOGIC AUTO",163,"MUNICIPIUL CRAIOVA",69900,1,PROV,PRCNCT,S,S_SV,"2021-01-21 12:30:02",1673,1645,24,4,514,486,24,4,1700,1186,508,6,0,113,26,140,151,39,0,1,3,3,2,1,1,1,27,0
17,DOLJ,"LICEUL TEHNOLOGIC AUTO",164,"MUNICIPIUL CRAIOVA",69900,1,PROV,PRCNCT,S,S_SV,"2021-01-21 12:30:02",1390,1370,20,0,403,383,20,0,1400,997,397,6,0,110,18,102,120,13,1,0,1,4,0,0,3,3,22,0
17,DOLJ,"PUNCTUL TERMIC NR.1 LĂPUȘ (LÂNGĂ BL.23 - BLD. DECEBAL NR.66B)",165,"MUNICIPIUL CRAIOVA",69900,1,PROV,PRCNCT,S,S_SV,"2021-01-21 12:30:02",1264,1247,17,0,405,388,17,0,1300,895,401,4,0,85,23,80,156,20,0,0,2,9,1,3,3,1,18,0
17,DOLJ,"PUNCTUL TERMIC NR.2 LĂPUȘ (LÂNGĂ BL. 59 - BLD. DECEBAL NR.55B)",166,"MUNICIPIUL CRAIOVA",69900,1,PROV,PRCNCT,S,S_SV,"2021-01-21 12:30:02",1550,1532,16,2,563,545,16,2,1600,1037,554,7,2,133,35,127,186,26,0,0,7,3,5,1,3,0,27,1
17,DOLJ,"PRIMĂRIA MUNICIPIULUI CRAIOVA DIRECŢIA DE ASISTENŢĂ ŞI PROTECŢIE SOCIALĂ",167,"MUNICIPIUL CRAIOVA",69900,1,PROV,PRCNCT,S,S_SV,"2021-01-21 12:30:02",1486,1438,48,0,472,424,48,0,1500,1028,468,4,0,98,23,109,164,16,0,2,6,7,2,0,3,0,38,0
17,DOLJ,"PRIMĂRIA MUNICIPIULUI CRAIOVA-DIRECŢIA DE ASISTENŢĂ ŞI PROTECŢIE SOCIALĂ",168,"MUNICIPIUL CRAIOVA",69900,1,PROV,PRCNCT,S,S_SV,"2021-01-21 12:30:02",1470,1389,81,0,510,429,81,0,1500,990,504,3,3,99,24,93,217,20,4,6,5,2,2,1,0,0,30,1
17,DOLJ,"ŞCOALA GIMNAZIALĂ NR.38 - STRUCTURĂ A ŞCOLII GIMNAZIALE ”ION CREANGA” (FOSTĂ NR.16)",169,"MUNICIPIUL CRAIOVA",69900,1,PROV,PRCNCT,S,S_SV,"2021-01-21 12:30:02",1545,1520,21,4,442,417,21,4,1600,1158,429,9,4,92,19,75,166,20,2,1,9,4,0,0,2,2,37,0
17,DOLJ,"ŞCOALA GIMNAZIALĂ NR.38 - STRUCTURĂ A ŞCOLII GIMNAZIALE ”ION CREANGA” (FOSTĂ NR.16)",170,"MUNICIPIUL CRAIOVA",69900,1,PROV,PRCNCT,S,S_SV,"2021-01-21 12:30:02",1746,1725,21,0,374,353,21,0,1800,1426,361,11,2,61,13,28,182,15,2,0,7,3,0,0,0,3,47,0
17,DOLJ,"ŞCOALA GIMNAZIALĂ NR.38 - STRUCTURĂ A ŞCOLII GIMNAZIALE ”ION CREANGA” (FOSTĂ NR.16)",171,"MUNICIPIUL CRAIOVA",69900,1,PROV,PRCNCT,S,S_SV,"2021-01-21 12:30:02",1502,1492,10,0,352,342,10,0,1600,1248,342,8,2,44,16,47,156,9,1,4,13,3,0,0,1,4,43,1
17,DOLJ,"GRĂDINIŢA CU PROGRAM NORMAL ROVINE 2 – STRUCTURĂ A ŞCOLII GIMNAZIALE ”ION CREANGA” (FOSTĂ NR.16)",172,"MUNICIPIUL CRAIOVA",69900,1,PROV,PRCNCT,S,S_SV,"2021-01-21 12:30:02",588,576,12,0,141,129,12,0,700,559,138,1,2,26,6,15,68,7,0,0,1,1,0,1,0,0,13,0
17,DOLJ,"ŞCOALA PRIMARĂ IZVORUL RECE – STRUCTURĂ A ŞCOLII GIMNAZIALE ”DECEBAL” (FOSTĂ NR.12)",173,"MUNICIPIUL CRAIOVA",69900,1,PROV,PRCNCT,S,S_SV,"2021-01-21 12:30:02",679,668,10,1,215,204,10,1,800,585,211,4,0,51,3,41,78,12,1,0,3,3,1,2,1,1,12,2
17,DOLJ,"ŞCOALA GIMNAZIALĂ NR. 1",174,"MUNICIPIUL BĂILEŞTI",70316,1,PROV,PRCNCT,S,S_SV,"2021-01-21 12:30:02",1402,1394,8,0,325,317,8,0,1500,1175,307,7,11,76,10,13,138,20,2,0,1,1,1,1,3,5,34,2
17,DOLJ,"GRĂDINIŢA DE COPII NR. 3",175,"MUNICIPIUL BĂILEŞTI",70316,1,PROV,PRCNCT,S,S_SV,"2021-01-21 12:30:02",1184,1115,69,0,240,171,69,0,1200,960,233,3,4,97,11,14,74,16,0,0,2,3,2,1,0,3,9,1
17,DOLJ,"ŞCOALA GIMNAZIALĂ NR. 3",176,"MUNICIPIUL BĂILEŞTI",70316,1,PROV,PRCNCT,S,S_SV,"2021-01-21 12:30:02",553,523,30,0,109,79,30,0,600,491,104,4,1,31,4,8,39,9,0,0,0,2,1,0,0,0,10,0
17,DOLJ,"ŞCOALA GIMNAZIALĂ NR. 3",177,"MUNICIPIUL BĂILEŞTI",70316,1,PROV,PRCNCT,S,S_SV,"2021-01-21 12:30:02",907,891,16,0,196,180,16,0,1000,804,190,5,1,61,4,7,65,33,0,0,1,4,0,3,2,0,9,1
17,DOLJ,"ŞCOALA GIMNAZIALĂ NR. 5",178,"MUNICIPIUL BĂILEŞTI",70316,1,PROV,PRCNCT,S,S_SV,"2021-01-21 12:30:02",999,961,38,0,217,179,38,0,1000,783,214,2,1,64,5,16,89,19,0,0,0,2,0,0,1,0,18,0
17,DOLJ,"GRĂDINIŢA DE COPII NR. 7",179,"MUNICIPIUL BĂILEŞTI",70316,1,PROV,PRCNCT,S,S_SV,"2021-01-21 12:30:02",742,729,13,0,169,156,13,0,800,631,164,3,2,26,3,15,75,29,0,0,1,2,1,1,0,0,11,0
17,DOLJ,"LICEUL MIHAI VITEAZUL",180,"MUNICIPIUL BĂILEŞTI",70316,1,PROV,PRCNCT,S,S_SV,"2021-01-21 12:30:02",1042,980,61,1,262,200,61,1,1100,838,257,5,0,81,2,13,96,36,2,1,0,1,0,2,1,1,20,1
17,DOLJ,"GRĂDINIŢA DE COPII NR. 5",181,"MUNICIPIUL BĂILEŞTI",70316,1,PROV,PRCNCT,S,S_SV,"2021-01-21 12:30:02",671,657,14,0,141,127,14,0,700,559,136,4,1,31,4,17,65,9,1,0,0,2,0,1,0,0,6,0
17,DOLJ,"ŞCOALA GIMNAZIALĂ NR. 4",182,"MUNICIPIUL BĂILEŞTI",70316,1,PROV,PRCNCT,S,S_SV,"2021-01-21 12:30:02",1503,1478,25,0,349,324,25,0,1500,1151,336,9,4,98,9,19,141,25,0,0,0,5,2,1,3,4,29,0
17,DOLJ,"ŞCOALA GIMNAZIALĂ NR. 4",183,"MUNICIPIUL BĂILEŞTI",70316,1,PROV,PRCNCT,S,S_SV,"2021-01-21 12:30:02",1002,975,27,0,231,204,27,0,1100,869,225,2,4,49,7,24,111,13,0,0,2,3,1,1,1,1,12,0
17,DOLJ,"GRĂDINIŢA DE COPII NR. 8",184,"MUNICIPIUL BĂILEŞTI",70316,1,PROV,PRCNCT,S,S_SV,"2021-01-21 12:30:02",1356,1316,40,0,300,260,40,0,1400,1100,297,2,1,94,7,26,112,34,0,0,0,2,1,1,2,3,15,0
17,DOLJ,"LICEUL TEHNOLOGIC ŞTEFAN ANGHEL",185,"MUNICIPIUL BĂILEŞTI",70316,2,PART,PRCNCT,S,S_SV,"2021-01-21 12:30:02",643,630,13,0,158,145,13,0,700,542,155,2,1,42,2,26,58,11,0,0,1,2,0,0,0,1,12,0
17,DOLJ,"GRĂDINIŢA DE COPII NR. 2",186,"MUNICIPIUL BĂILEŞTI",70316,1,PROV,PRCNCT,S,S_SV,"2021-01-21 12:30:02",1012,998,14,0,193,179,14,0,1100,907,186,4,3,47,8,11,75,17,0,1,2,3,0,0,0,5,16,1
17,DOLJ,"AGROZIND S.A.",187,"MUNICIPIUL BĂILEŞTI",70316,2,PART,PRCNCT,S,S_SV,"2021-01-21 12:30:02",782,767,15,0,181,166,15,0,900,719,176,4,1,33,6,27,89,10,1,0,1,2,0,0,1,2,4,0
17,DOLJ,"ŞCOALA GIMNAZIALĂ NR. 6",188,"MUNICIPIUL BĂILEŞTI",70316,1,PROV,PRCNCT,S,S_SV,"2021-01-21 12:30:02",1372,1335,37,0,314,277,37,0,1400,1086,310,2,2,71,17,40,127,23,0,0,2,3,2,2,2,1,20,0
17,DOLJ,"ŞCOALA GIMNAZIALĂ BALASAN",189,"MUNICIPIUL BĂILEŞTI",70316,1,PROV,PRCNCT,S,S_SV,"2021-01-21 12:30:02",506,489,17,0,106,89,17,0,600,494,104,0,2,23,2,13,34,7,0,0,0,1,0,0,0,1,22,1
17,DOLJ,"ŞCOALA GOLENŢI",190,"MUNICIPIUL CALAFAT",70352,1,PROV,PRCNCT,S,S_SV,"2021-01-21 12:30:02",423,404,19,0,158,139,19,0,500,342,156,1,1,49,4,8,69,11,0,0,2,3,1,0,2,2,5,0
17,DOLJ,"CAMINUL CULTURAL BASARABI (DIN CADRUL CASEI DE CULTURA CALAFAT )",191,"MUNICIPIUL CALAFAT",70352,1,PROV,PRCNCT,S,S_SV,"2021-01-21 12:30:02",867,848,19,0,284,265,19,0,900,616,280,2,2,82,7,10,138,15,1,1,1,3,1,0,0,2,19,0
17,DOLJ,"CAMINUL CULTURAL CIUPERCENII VECHII ( DIN CADRUL CASEI DE CULTURA CALAFAT )",192,"MUNICIPIUL CALAFAT",70352,1,PROV,PRCNCT,S,S_SV,"2021-01-21 12:30:02",1794,1776,18,0,532,514,18,0,1800,1268,516,6,10,207,20,26,176,31,0,0,1,6,0,0,1,5,42,1
17,DOLJ,"SC. GENERALA NR. 1 CALAFAT",193,"MUNICIPIUL CALAFAT",70352,1,PROV,PRCNCT,S,S_SV,"2021-01-21 12:30:02",1574,1518,32,24,498,448,32,18,1600,1102,491,3,4,143,14,43,213,42,3,0,5,1,3,0,1,3,20,0
17,DOLJ,"LICEUL TEORETIC INDEPENDENTA",194,"MUNICIPIUL CALAFAT",70352,2,PART,PRCNCT,S,S_SV,"2021-01-21 12:30:02",1854,1816,38,0,585,547,38,0,1900,1315,572,9,4,169,12,43,249,44,0,1,5,1,2,1,4,1,39,1
17,DOLJ,"CLUBUL COPIILOR",195,"MUNICIPIUL CALAFAT",70352,2,PART,PRCNCT,S,S_SV,"2021-01-21 12:30:02",1448,1428,20,0,418,398,20,0,1500,1082,410,3,5,134,13,25,156,23,0,0,3,6,2,0,1,2,44,1
17,DOLJ,"SC. GENERALA NR. 2 CALAFAT",196,"MUNICIPIUL CALAFAT",70352,1,PROV,PRCNCT,S,S_SV,"2021-01-21 12:30:02",1807,1774,33,0,485,452,33,0,1900,1415,468,15,2,114,8,38,187,73,1,0,2,3,4,1,3,5,28,1
17,DOLJ,"SC.GENERALA NR. 2 CALAFAT",197,"MUNICIPIUL CALAFAT",70352,1,PROV,PRCNCT,S,S_SV,"2021-01-21 12:30:02",1671,1647,22,2,418,394,22,2,1700,1282,410,7,1,112,13,32,167,40,1,0,6,8,2,0,0,3,26,0
17,DOLJ,"ŞCOALA GENERALĂ NR.2 CALAFAT(LOCAL VECHI)",198,"MUNICIPIUL CALAFAT",70352,2,PART,PRCNCT,S,S_SV,"2021-01-21 12:30:02",1728,1700,28,0,382,354,28,0,1800,1418,375,5,2,94,21,37,150,26,3,0,4,1,3,0,3,0,32,1
17,DOLJ,"ŞCOALA GENERALĂ NR.2 CALAFAT(LOCAL NOU)",199,"MUNICIPIUL CALAFAT",70352,2,PART,PRCNCT,S,S_SV,"2021-01-21 12:30:02",1763,1744,19,0,439,420,19,0,1800,1361,434,5,0,103,16,52,186,33,0,0,2,1,3,2,3,1,32,0
17,DOLJ,"LICEUL TEORETIC BECHET",200,"ORAŞ BECHET",70879,1,PROV,PRCNCT,S,S_SV,"2021-01-21 12:30:02",1422,1364,41,17,488,430,41,17,1500,1012,460,16,12,72,16,14,263,25,1,0,29,7,2,2,2,3,21,3
17,DOLJ,"SCOALA PRIMARA BECHET VALE",201,"ORAŞ BECHET",70879,1,PROV,PRCNCT,S,S_SV,"2021-01-21 12:30:02",689,643,25,21,311,265,25,21,700,389,301,2,8,39,9,7,197,5,1,0,16,0,1,4,0,4,18,0
17,DOLJ,"BIBLIOTECA ORASENEASCA BECHET",202,"ORAŞ BECHET",70879,1,PROV,PRCNCT,S,S_SV,"2021-01-21 12:30:02",1355,1268,34,53,393,306,34,53,1300,907,377,4,12,61,21,15,239,11,1,1,5,1,0,0,2,2,17,1
17,DOLJ,"STRUCTURA SCOLII GIMNAZIALE NR. 1 DABULENI",203,"ORAŞ DĂBULENI",72007,1,PROV,PRCNCT,S,S_SV,"2021-01-21 12:30:02",1674,1645,27,2,581,552,27,2,1700,1119,561,13,7,152,14,18,283,20,1,0,13,3,3,1,1,2,50,0
17,DOLJ,"CLUBUL COPIILOR DABULENI",204,"ORAŞ DĂBULENI",72007,1,PROV,PRCNCT,S,S_SV,"2021-01-21 12:30:02",1563,1494,20,49,607,539,20,48,1600,993,592,6,9,165,11,18,316,11,0,1,5,12,9,3,2,9,30,0
17,DOLJ,"SCOALA GIMNAZIALA CU CLASELE I-VIII NR.1 DABULENI, NORD",205,"ORAŞ DĂBULENI",72007,1,PROV,PRCNCT,S,S_SV,"2021-01-21 12:30:02",1535,1511,20,4,622,598,20,4,1600,978,601,10,11,150,22,19,337,7,0,0,9,6,7,0,4,6,34,0
17,DOLJ,"SCOALA GIMNAZIALA CU CLASELE I-VIII NR.1 DABULENI, SUD",206,"ORAŞ DĂBULENI",72007,2,PART,PRCNCT,S,S_SV,"2021-01-21 12:30:02",1677,1652,25,0,646,621,25,0,1700,1054,627,5,14,166,7,18,346,16,1,0,5,5,1,2,3,5,50,2
17,DOLJ,"LICEUL TEORETIC CONSTANTIN BRANCOVEANU",207,"ORAŞ DĂBULENI",72007,2,PART,PRCNCT,S,S_SV,"2021-01-21 12:30:02",1164,1136,16,12,456,428,16,12,1200,744,447,4,5,113,13,30,234,7,2,0,5,5,3,3,1,6,24,1
17,DOLJ,"LICEUL TEORETIC CONSTANTIN BRANCOVEANU (FOSTA SCOALA NR. 3, INTRARE ELEVI)",208,"ORAŞ DĂBULENI",72007,1,PROV,PRCNCT,S,S_SV,"2021-01-21 12:30:02",1345,1309,30,6,604,568,30,6,1400,796,585,12,7,172,20,16,306,10,1,0,15,9,2,1,3,4,25,1
17,DOLJ,"LICEUL TEORETIC CONSTANTIN BRANCOVEANU (FOSTA SCOALA NR. 3, INTRARE PROFESORI)",209,"ORAŞ DĂBULENI",72007,1,PROV,PRCNCT,S,S_SV,"2021-01-21 12:30:02",1275,1240,18,17,553,518,18,17,1300,747,532,12,9,146,14,12,315,3,0,0,2,6,0,0,3,5,26,0
17,DOLJ,"CORP 2 PRIMĂRIE",210,"ORAŞ FILIAŞI",70414,1,PROV,PRCNCT,S,S_SV,"2021-01-21 12:30:02",1456,1436,17,3,529,509,17,3,1500,971,524,3,2,82,14,48,301,26,0,1,3,4,3,2,2,7,31,0
17,DOLJ,"GRĂDINIŢA NR. 1 FILIAŞI",211,"ORAŞ FILIAŞI",70414,1,PROV,PRCNCT,S,S_SV,"2021-01-21 12:30:02",1837,1806,25,6,654,623,25,6,1900,1246,639,10,5,92,13,42,367,47,4,1,3,5,1,3,4,8,49,0
17,DOLJ,"GRĂDINIŢA NR. 2 FILIAŞI",212,"ORAŞ FILIAŞI",70414,1,PROV,PRCNCT,S,S_SV,"2021-01-21 12:30:02",1792,1734,53,5,571,513,53,5,1800,1229,555,10,6,80,6,29,323,31,1,2,3,4,1,1,0,7,67,0
17,DOLJ,"GRĂDINIŢA NR. 3 FILIAŞI",213,"ORAŞ FILIAŞI",70414,2,PART,PRCNCT,S,S_SV,"2021-01-21 12:30:02",1323,1275,39,9,493,445,39,9,1400,907,493,0,0,37,12,35,326,22,1,1,3,7,1,2,2,0,44,0
17,DOLJ,"LICEUL TEHNOLOGIC DIMITRIE FILIŞANU",214,"ORAŞ FILIAŞI",70414,1,PROV,PRCNCT,S,S_SV,"2021-01-21 12:30:02",1680,1556,123,1,585,461,123,1,1600,1015,565,11,9,86,4,33,311,78,0,1,9,5,0,2,3,4,29,0
17,DOLJ,"PRIMĂRIA ORAŞULUI FILIAŞI",215,"ORAŞ FILIAŞI",70414,1,PROV,PRCNCT,S,S_SV,"2021-01-21 12:30:02",1715,1672,37,6,556,513,37,6,1800,1244,542,9,5,76,11,64,317,37,1,1,3,3,0,0,1,2,25,1
17,DOLJ,"ŞCOALA GIMNAZIALĂ FILIAŞI",216,"ORAŞ FILIAŞI",70414,1,PROV,PRCNCT,S,S_SV,"2021-01-21 12:30:02",1406,1354,37,15,520,468,37,15,1400,880,513,6,1,54,22,51,316,21,1,0,6,3,1,1,2,3,32,0
17,DOLJ,"ŞCOALA BÎLTA",217,"ORAŞ FILIAŞI",70414,1,PROV,PRCNCT,S,S_SV,"2021-01-21 12:30:02",972,920,42,10,504,452,42,10,1000,496,485,8,11,63,6,25,319,21,0,1,1,1,0,0,4,5,39,0
17,DOLJ,"SCOALA GIMNAZIALĂ FRATOŞTIŢA - CORP 1",218,"ORAŞ FILIAŞI",70414,1,PROV,PRCNCT,S,S_SV,"2021-01-21 12:30:02",1326,1312,14,0,410,396,14,0,1400,990,403,1,6,54,7,16,218,45,2,0,2,1,1,2,2,6,46,1
17,DOLJ,"ŞCOALA GIMNAZIALĂ FRATOŞTITA - CORP 2",219,"ORAŞ FILIAŞI",70414,1,PROV,PRCNCT,S,S_SV,"2021-01-21 12:30:02",781,774,7,0,220,213,7,0,900,680,209,8,3,14,2,8,98,57,2,0,1,2,0,0,1,1,23,0
17,DOLJ,"ŞCOALA RĂCARII DE SUS",220,"ORAŞ FILIAŞI",70414,1,PROV,PRCNCT,S,S_SV,"2021-01-21 12:30:02",966,946,20,0,371,351,20,0,1000,629,362,4,5,26,10,24,251,20,0,1,2,4,0,1,7,1,15,0
17,DOLJ,"LICEUL TEHNOLOGIC HORIA VINTILĂ",221,"ORAŞ ŞEGARCEA",70502,1,PROV,PRCNCT,S,S_SV,"2021-01-21 12:30:02",1705,1633,70,2,629,557,70,2,1700,1071,615,8,6,97,86,16,356,11,3,0,2,4,0,2,2,5,30,1
17,DOLJ,"SCOALA CU CLASELE I-VIII",222,"ORAŞ ŞEGARCEA",70502,2,PART,PRCNCT,S,S_SV,"2021-01-21 12:30:02",1485,1458,27,0,382,355,27,0,1500,1118,363,13,6,56,58,8,191,2,4,0,5,2,0,0,1,6,30,0
17,DOLJ,"BIBLIOTECA ORĂŞENEASCĂ MIRCEA RĂDINA",223,"ORAŞ ŞEGARCEA",70502,2,PART,PRCNCT,S,S_SV,"2021-01-21 12:30:02",1611,1559,46,6,613,561,46,6,1600,987,589,14,10,132,108,21,276,5,0,0,4,4,2,4,2,4,27,0
17,DOLJ,"CLUBUL COPIILOR",224,"ORAŞ ŞEGARCEA",70502,2,PART,PRCNCT,S,S_SV,"2021-01-21 12:30:02",1692,1653,38,1,566,527,38,1,1700,1134,548,11,7,88,73,20,317,14,1,0,1,2,1,2,3,5,21,0
17,DOLJ,"CONSILIUL LOCAL AFUMATI",225,AFUMAŢI,70520,1,PROV,PRCNCT,S,S_SV,"2021-01-21 12:30:02",939,892,45,2,331,284,45,2,1000,669,317,7,7,158,13,3,105,13,2,1,1,0,0,3,0,2,16,0
17,DOLJ,"CAMINUL CULTURAL BOURENI",226,AFUMAŢI,70520,1,PROV,PRCNCT,S,S_SV,"2021-01-21 12:30:02",858,806,52,0,298,246,52,0,900,602,282,9,7,62,24,14,146,14,0,0,0,0,1,1,1,3,16,0
17,DOLJ,"CAMINUL CULTURAL COVEI",227,AFUMAŢI,70520,1,PROV,PRCNCT,S,S_SV,"2021-01-21 12:30:02",411,385,26,0,156,130,26,0,500,344,150,0,6,41,7,5,82,3,1,0,1,1,2,0,1,0,6,0
17,DOLJ,"ŞCOALA GIMNAZIALĂ ”ION GHE. PLEŞA”",228,ALMĂJ,70566,2,PART,PRCNCT,S,S_SV,"2021-01-21 12:30:02",1189,1058,128,3,552,421,128,3,1200,648,542,7,3,191,7,48,254,10,0,1,4,0,2,1,0,2,22,0
17,DOLJ,"ŞCOALA PRIMARĂ ŞITOAIA",229,ALMĂJ,70566,1,PROV,PRCNCT,S,S_SV,"2021-01-21 12:30:02",575,513,62,0,300,238,62,0,600,300,297,2,1,68,4,41,135,24,0,0,2,0,0,0,1,6,16,0
17,DOLJ,"CĂMINUL CULTURAL",230,"AMĂRĂŞTII DE JOS",70637,1,PROV,PRCNCT,S,S_SV,"2021-01-21 12:30:02",1227,1128,62,37,521,422,62,37,1200,679,509,5,7,121,13,19,310,6,1,5,3,3,1,2,2,3,5,15
17,DOLJ,"GRADINITA TOSCA",231,"AMĂRĂŞTII DE JOS",70637,1,PROV,PRCNCT,S,S_SV,"2021-01-21 12:30:02",1030,991,28,11,361,322,28,11,1100,739,350,6,5,48,5,11,230,6,2,1,0,0,1,1,1,4,13,27
17,DOLJ,"GRĂDINIŢA PRAPOR",232,"AMĂRĂŞTII DE JOS",70637,2,PART,PRCNCT,S,S_SV,"2021-01-21 12:30:02",1110,1082,21,7,484,456,21,7,1200,716,467,9,8,60,59,6,251,11,1,4,4,5,3,2,0,8,19,34
17,DOLJ,"GRADINITA OCOLNA",233,"AMĂRĂŞTII DE JOS",70637,1,PROV,PRCNCT,S,S_SV,"2021-01-21 12:30:02",1022,1005,17,0,416,399,17,0,1100,684,332,21,63,49,2,2,238,2,13,0,3,8,1,0,3,4,4,3
17,DOLJ,"CĂMINUL CULTURAL",234,"AMĂRĂŞTII DE SUS",70673,1,PROV,PRCNCT,S,S_SV,"2021-01-21 12:30:02",1463,1299,111,53,866,702,111,53,1500,634,831,16,19,147,72,18,545,10,2,2,6,1,0,2,1,8,16,1
17,DOLJ,"GRĂDINITA CU PROGRAM NORMAL APELE VII",235,"APELE VII",70726,1,PROV,PRCNCT,S,S_SV,"2021-01-21 12:30:02",1882,1666,158,58,953,737,158,58,1900,947,911,23,19,465,13,22,304,41,0,0,5,11,2,0,3,3,38,4
17,DOLJ,"ȘCOALA PROFESIONALĂ C-TIN ARGETOAIANU",236,ARGETOAIA,70744,1,PROV,PRCNCT,S,S_SV,"2021-01-21 12:30:02",1142,1113,29,0,432,403,29,0,1200,768,418,7,7,155,9,3,205,17,0,0,1,1,0,1,1,2,22,1
17,DOLJ,"ȘCOALA PROFESIONALĂ C-TIN ARGETOAIANU",237,ARGETOAIA,70744,1,PROV,PRCNCT,S,S_SV,"2021-01-21 12:30:02",719,686,33,0,317,284,33,0,800,483,311,2,4,61,6,10,192,3,4,0,1,5,0,0,2,1,25,1
17,DOLJ,"ȘCOALA. GIMNAZIALĂ SALCIA",238,ARGETOAIA,70744,2,PART,PRCNCT,S,S_SV,"2021-01-21 12:30:02",1054,948,90,16,626,520,90,16,1100,474,602,14,10,117,5,15,396,11,1,0,2,1,2,0,2,7,42,1
17,DOLJ,"ȘCOALA. PRIMARĂ PIRIA",239,ARGETOAIA,70744,1,PROV,PRCNCT,S,S_SV,"2021-01-21 12:30:02",304,293,11,0,120,109,11,0,400,280,113,5,2,26,18,1,65,1,0,0,0,1,0,0,0,0,1,0
17,DOLJ,"ȘCOALA. PRIMARĂ LEORDOASA",240,ARGETOAIA,70744,1,PROV,PRCNCT,S,S_SV,"2021-01-21 12:30:02",411,389,22,0,153,131,22,0,500,347,150,1,2,50,9,5,67,2,0,0,0,3,1,0,0,1,12,0
17,DOLJ,"GRĂDINIȚA CU PROGRAM NORMAL NOVACU",241,ARGETOAIA,70744,1,PROV,PRCNCT,S,S_SV,"2021-01-21 12:30:02",254,226,28,0,158,130,28,0,400,242,154,2,2,66,4,4,62,6,2,0,1,0,0,1,0,1,7,0
17,DOLJ,"CAMINUL CULTURAL",242,BÂRCA,70940,1,PROV,PRCNCT,S,S_SV,"2021-01-21 12:30:02",1717,1652,65,0,496,431,65,0,1800,1304,483,7,6,88,12,14,281,59,2,1,1,2,1,1,1,2,18,0
17,DOLJ,"GRADINITA DE COPII",243,BÂRCA,70940,1,PROV,PRCNCT,S,S_SV,"2021-01-21 12:30:02",1505,1472,33,0,442,409,33,0,1600,1158,424,9,9,66,9,7,288,24,0,0,3,4,4,0,1,5,13,0
17,DOLJ,"CĂMINUL CULTURAL BISTREȚ",244,BISTREŢ,70897,1,PROV,PRCNCT,S,S_SV,"2021-01-21 12:30:02",1085,1036,49,0,510,461,49,0,1200,690,484,12,14,45,15,7,345,23,2,0,3,1,3,0,2,4,33,1
17,DOLJ,"ȘCOALA GIMNAZIALĂ BISTREȚ",245,BISTREŢ,70897,1,PROV,PRCNCT,S,S_SV,"2021-01-21 12:30:02",847,802,45,0,408,363,45,0,900,492,391,4,13,48,27,3,263,6,1,1,3,9,3,0,2,2,23,0
17,DOLJ,"GRĂDINIȚA BISTRETU NOU",246,BISTREŢ,70897,1,PROV,PRCNCT,S,S_SV,"2021-01-21 12:30:02",647,618,29,0,246,217,29,0,700,454,236,7,3,20,9,7,172,1,0,0,1,2,0,0,1,4,19,0
17,DOLJ,"ȘCOALA PRIMARĂ PLOSCA",247,BISTREŢ,70897,1,PROV,PRCNCT,S,S_SV,"2021-01-21 12:30:02",768,708,51,9,360,300,51,9,800,440,340,9,11,28,21,9,233,5,2,0,0,3,2,0,2,3,32,0
17,DOLJ,"CĂMINUL CULTURAL",248,BOTOŞEŞTI-PAIA,70968,3,PART,PRCNCT,S,S_SV,"2021-01-21 12:30:02",671,550,91,30,449,328,91,30,800,351,431,4,14,213,2,7,156,44,1,0,1,0,0,1,1,1,3,1
17,DOLJ,"CĂMINUL CULTURAL BRABOVA",249,BRABOVA,70986,1,PROV,PRCNCT,S,S_SV,"2021-01-21 12:30:02",537,444,81,12,260,167,81,12,500,240,252,4,4,49,10,3,175,3,1,0,2,3,1,0,0,1,4,0
17,DOLJ,"CĂMINUL CULTURAL URDINIȚA",250,BRABOVA,70986,1,PROV,PRCNCT,S,S_SV,"2021-01-21 12:30:02",266,231,35,0,125,90,35,0,400,275,116,8,1,16,35,1,55,3,0,0,0,1,0,0,1,1,3,0
17,DOLJ,"CĂMINUL CULTURAL RĂCHITA DE JOS",251,BRABOVA,70986,2,PART,PRCNCT,S,S_SV,"2021-01-21 12:30:02",290,221,64,5,193,124,64,5,300,107,187,3,3,52,18,3,103,2,1,0,0,1,2,0,0,2,3,0
17,DOLJ,"ȘCOALA CU CLASELE I-IV MOSNA",252,BRABOVA,70986,2,PART,PRCNCT,S,S_SV,"2021-01-21 12:30:02",161,128,28,5,91,58,28,5,300,209,90,0,1,25,6,5,50,2,0,0,0,1,0,0,1,0,0,0
17,DOLJ,"SALA DE SEDINȚE A CONSILIULUI LOCAL BRALOȘTIȚA",253,BRALOŞTIŢA,71126,1,PROV,PRCNCT,S,S_SV,"2021-01-21 12:30:02",698,626,72,0,320,248,72,0,700,380,317,0,3,94,39,16,110,9,0,4,1,2,1,2,1,2,35,1
17,DOLJ,"SCOALA DIN SATUL SFIRCEA",254,BRALOŞTIŢA,71126,1,PROV,PRCNCT,S,S_SV,"2021-01-21 12:30:02",901,828,69,4,414,341,69,4,900,486,410,1,3,126,20,16,130,47,1,2,0,1,1,2,2,3,59,0
17,DOLJ,"ŞCOALA DIN SATUL VALEA FÎNTÎNILOR",255,BRALOŞTIŢA,71126,1,PROV,PRCNCT,S,S_SV,"2021-01-21 12:30:02",560,521,39,0,264,225,39,0,600,336,259,2,3,171,5,6,56,6,2,0,0,0,1,0,1,0,11,0
17,DOLJ,"ŞCOALA DIN SATUL CIOCANE",256,BRALOŞTIŢA,71126,2,PART,PRCNCT,S,S_SV,"2021-01-21 12:30:02",681,656,25,0,281,256,25,0,800,519,270,4,7,120,17,6,84,8,0,2,1,4,2,1,3,3,19,0
17,DOLJ,"ŞCOALA DIN SATUL SCHITU",257,BRALOŞTIŢA,71126,1,PROV,PRCNCT,S,S_SV,"2021-01-21 12:30:02",424,392,32,0,185,153,32,0,500,315,181,1,3,73,5,8,65,7,0,0,1,1,1,0,0,2,18,0
17,DOLJ,"ȘCOALA PRIMARĂ BĂDOȘI",258,BRATOVOEŞTI,71199,1,PROV,PRCNCT,S,S_SV,"2021-01-21 12:30:02",741,709,32,0,247,215,32,0,800,553,240,5,2,37,19,7,144,9,1,0,0,2,0,0,1,3,17,0
17,DOLJ,"ȘCOALA PRIMARĂ PRUNET",259,BRATOVOEŞTI,71199,1,PROV,PRCNCT,S,S_SV,"2021-01-21 12:30:02",523,487,36,0,208,172,36,0,600,392,203,2,3,38,2,5,140,6,2,0,1,3,0,0,1,2,3,0
17,DOLJ,"CĂMIN CULTURAL",260,BRATOVOEŞTI,71199,1,PROV,PRCNCT,S,S_SV,"2021-01-21 12:30:02",1143,1117,26,0,428,402,26,0,1200,772,418,6,4,44,9,10,312,7,0,0,2,4,1,1,3,4,21,0
17,DOLJ,"ȘCOALA PRIMARĂ GEOROCU MARE",261,BRATOVOEŞTI,71199,1,PROV,PRCNCT,S,S_SV,"2021-01-21 12:30:02",399,381,18,0,142,124,18,0,500,358,139,1,2,27,1,2,63,2,1,0,2,2,0,3,1,4,31,0
17,DOLJ,"ŞCOALA GIMNAZIALĂ ”IOAN GRECESCU ” BRĂDEŞTI",262,BRĂDEŞTI,71055,1,PROV,PRCNCT,S,S_SV,"2021-01-21 12:30:02",1667,1582,85,0,538,453,85,0,1700,1162,524,14,0,136,31,48,233,27,0,3,2,2,2,2,0,2,35,1
17,DOLJ,"GRĂDINIŢA CU PROGRAM NORMAL BRĂDEŞTII BĂTRÂNI",263,BRĂDEŞTI,71055,2,PART,PRCNCT,S,S_SV,"2021-01-21 12:30:02",350,320,30,0,148,118,30,0,500,352,144,4,0,38,6,4,76,10,0,0,0,1,1,0,0,1,7,0
17,DOLJ,"GRĂDINIȚA CU PROGRAM PRELUNGIT ” DUMITRU CONSTANTINESCU ” TATOMIREŞTI",264,BRĂDEŞTI,71055,1,PROV,PRCNCT,S,S_SV,"2021-01-21 12:30:02",837,824,13,0,330,317,13,0,1000,670,319,10,1,48,11,20,186,11,0,1,4,5,1,3,2,5,22,0
17,DOLJ,"GRĂDINIŢA CU PROGRAM NORMAL ” CURCUBEUL ” RĂCARI",265,BRĂDEŞTI,71055,1,PROV,PRCNCT,S,S_SV,"2021-01-21 12:30:02",991,949,42,0,390,348,42,0,1100,710,388,1,1,86,9,17,172,45,2,1,2,1,0,3,2,0,48,0
17,DOLJ,"SCOALA GENERALA PISCANI",266,BRĂDEŞTI,71055,1,PROV,PRCNCT,S,S_SV,"2021-01-21 12:30:02",80,68,12,0,31,19,12,0,200,169,31,0,0,8,1,2,8,1,2,7,0,1,1,0,0,0,0,0
17,DOLJ,"ŞCOALA BREASTA",267,BREASTA,71260,1,PROV,PRCNCT,S,S_SV,"2021-01-21 12:30:02",1316,1220,96,0,517,421,96,0,1300,783,508,4,5,90,9,26,346,6,0,0,4,4,1,0,0,3,19,0
17,DOLJ,"ŞCOALA BREASTA",268,BREASTA,71260,1,PROV,PRCNCT,S,S_SV,"2021-01-21 12:30:02",1079,960,119,0,516,397,119,0,1100,584,504,7,5,82,7,27,342,9,1,0,2,2,1,1,1,3,26,0
17,DOLJ,"ŞCOALA VALEA LUNGULUI",269,BREASTA,71260,1,PROV,PRCNCT,S,S_SV,"2021-01-21 12:30:02",615,571,44,0,328,284,44,0,700,372,320,1,7,16,7,12,261,7,0,0,0,4,1,0,1,3,8,0
17,DOLJ,"ŞCOALA OBEDIN",270,BREASTA,71260,1,PROV,PRCNCT,S,S_SV,"2021-01-21 12:30:02",610,567,43,0,252,209,43,0,700,448,247,3,2,55,2,5,147,2,2,0,4,5,2,0,2,5,14,2
17,DOLJ,"SCOALA GENERALA CU CLASELE L-VLLL BUCOVAT",271,BUCOVĂŢ,69964,1,PROV,PRCNCT,S,S_SV,"2021-01-21 12:30:02",1857,1640,212,5,846,629,212,5,1800,954,834,6,6,377,14,64,247,31,1,2,10,6,4,4,3,10,60,1
17,DOLJ,"SCOALA GENERALA CU CLASELE L-LV LEAMNA DE JOS",272,BUCOVĂŢ,69964,1,PROV,PRCNCT,S,S_SV,"2021-01-21 12:30:02",364,300,64,0,207,143,64,0,400,193,205,0,2,77,8,13,63,7,1,1,5,3,0,1,0,1,25,0
17,DOLJ,"SCOALA GENERALA CU CLASELE L-LV LEAMNA DE SUS",273,BUCOVĂŢ,69964,1,PROV,PRCNCT,S,S_SV,"2021-01-21 12:30:02",410,327,55,28,213,130,55,28,500,287,207,2,4,103,6,11,62,5,0,1,2,0,1,1,0,3,12,0
17,DOLJ,"SCOALA GENERALA CU CLASELE L-VLLL SARBATOAREA",274,BUCOVĂŢ,69964,1,PROV,PRCNCT,S,S_SV,"2021-01-21 12:30:02",671,615,56,0,272,216,56,0,700,428,261,11,0,85,5,17,103,10,1,0,1,5,1,0,3,6,23,1
17,DOLJ,"SCOALA GENERALA CU CLASELE L-VLLL PALILULA",275,BUCOVĂŢ,69964,1,PROV,PRCNCT,S,S_SV,"2021-01-21 12:30:02",682,633,49,0,275,226,49,0,800,525,266,3,6,150,1,6,77,8,0,0,0,2,0,1,1,1,19,0
17,DOLJ,"CĂMINUL CULTURAL",276,BULZEŞTI,71340,1,PROV,PRCNCT,S,S_SV,"2021-01-21 12:30:02",686,608,64,14,264,186,64,14,700,436,255,5,4,99,15,4,84,18,2,1,4,0,0,0,2,4,22,0
17,DOLJ,"PUNCT INFORMARE, PRIMĂRIA BULZEŞTI",277,BULZEŞTI,71340,1,PROV,PRCNCT,S,S_SV,"2021-01-21 12:30:02",554,496,41,17,239,181,41,17,600,361,229,4,6,95,5,5,94,11,0,0,0,3,0,0,3,1,11,1
17,DOLJ,"ȘCOALA CU CLS.I-VIII CALOPĂR",278,CALOPĂR,71457,1,PROV,PRCNCT,S,S_SV,"2021-01-21 12:30:02",1234,1115,119,0,540,421,119,0,1300,760,520,15,5,253,112,9,117,3,3,0,2,1,2,1,2,2,13,0
17,DOLJ,"ȘCOALA CU CLS I-VIII BELCINU",279,CALOPĂR,71457,1,PROV,PRCNCT,S,S_SV,"2021-01-21 12:30:02",463,408,55,0,217,162,55,0,500,283,201,14,2,74,23,2,86,3,0,0,3,1,0,0,0,2,5,2
17,DOLJ,"ȘCOALA CU CLS I-IV PANAGHIA",280,CALOPĂR,71457,1,PROV,PRCNCT,S,S_SV,"2021-01-21 12:30:02",668,557,104,7,360,249,104,7,700,340,348,8,4,207,8,8,112,1,1,0,2,2,3,1,1,1,1,0
17,DOLJ,"CĂMIN CULTURAL SĂLCUȚA",281,CALOPĂR,71457,1,PROV,PRCNCT,S,S_SV,"2021-01-21 12:30:02",957,895,62,0,348,286,62,0,1000,652,333,6,9,185,5,2,119,1,0,0,1,2,1,2,2,5,8,0
17,DOLJ,"CĂMINUL CULTURAL",282,CARAULA,71518,3,PART,PRCNCT,S,S_SV,"2021-01-21 12:30:02",1060,947,76,37,553,440,76,37,1100,547,538,2,10,62,6,18,402,16,3,0,3,3,0,0,1,3,21,0
17,DOLJ,"CENTRUL SOCIAL CARAULA",283,CARAULA,71518,2,PART,PRCNCT,S,S_SV,"2021-01-21 12:30:02",1023,972,34,17,476,425,34,17,1100,624,443,33,0,40,3,9,331,12,3,0,6,6,0,0,4,4,25,0
17,DOLJ,"CĂMINUL CULTURAL CARPEN",284,CARPEN,71536,1,PROV,PRCNCT,S,S_SV,"2021-01-21 12:30:02",786,758,28,0,257,229,28,0,900,643,248,5,4,53,1,3,159,2,1,0,1,6,1,1,4,11,5,0
17,DOLJ,"CĂMINUL CULTURAL CLEANOV",285,CARPEN,71536,1,PROV,PRCNCT,S,S_SV,"2021-01-21 12:30:02",1093,1058,35,0,314,279,35,0,1200,886,305,4,5,65,7,20,181,7,0,0,1,7,0,4,1,6,6,0
17,DOLJ,"CAMINUL CULTURAL",286,CASTRANOVA,71572,1,PROV,PRCNCT,S,S_SV,"2021-01-21 12:30:02",1606,1457,108,41,786,638,108,40,1600,814,771,9,6,531,15,17,148,9,2,0,3,5,0,3,1,6,31,0
17,DOLJ,"ŞCOALA PUŢURI",287,CASTRANOVA,71572,1,PROV,PRCNCT,S,S_SV,"2021-01-21 12:30:02",1217,1081,81,55,573,437,81,55,1200,627,570,0,3,433,16,5,87,4,0,0,0,6,1,1,0,2,15,0
17,DOLJ,"SCOALA GIMNAZIALA CATANE",288,CATANE,74842,2,PART,PRCNCT,S,S_SV,"2021-01-21 12:30:02",1511,1395,36,80,601,485,36,80,1600,999,568,18,15,114,5,8,397,17,5,0,1,6,1,0,0,3,10,1
17,DOLJ,"CĂMINUL CULTURAL",289,CĂLĂRAŞI,71607,1,PROV,PRCNCT,S,S_SV,"2021-01-21 12:30:02",1510,1462,39,9,631,583,39,9,1600,969,616,6,9,373,7,20,158,4,0,0,5,3,1,2,1,4,38,0
17,DOLJ,"ŞCOALA GIMNAZIALĂ NR. 1 CĂLĂRAŞI",290,CĂLĂRAŞI,71607,1,PROV,PRCNCT,S,S_SV,"2021-01-21 12:30:02",1740,1690,49,1,713,663,49,1,1800,1087,691,10,12,426,13,12,177,12,2,0,1,5,1,5,0,2,35,0
17,DOLJ,"ŞCOALA GIMNAZIALĂ SĂRATA",291,CĂLĂRAŞI,71607,1,PROV,PRCNCT,S,S_SV,"2021-01-21 12:30:02",1679,1637,33,9,705,663,33,9,1800,1095,683,15,7,348,15,18,194,12,1,0,4,5,3,1,1,4,77,0
17,DOLJ,"CENTRUL CULTURAL",292,CÂRCEA,74859,1,PROV,PRCNCT,S,S_SV,"2021-01-21 12:30:02",1850,1598,204,48,888,636,204,48,1800,912,873,12,3,181,15,114,468,24,3,0,4,4,4,1,2,11,42,0
17,DOLJ,"LICEUL TEHNOLOGIC ”CONSTANTIN IANCULESCU”",293,CÂRCEA,74859,2,PART,PRCNCT,S,S_SV,"2021-01-21 12:30:02",992,885,93,14,453,346,93,14,1100,647,450,3,0,103,21,104,182,16,0,2,1,3,3,0,2,1,12,0
17,DOLJ,"SCOALA CU CLS. I-VIII CÂRNA",294,CÂRNA,74867,1,PROV,PRCNCT,S,S_SV,"2021-01-21 12:30:02",1265,1068,170,27,717,520,170,27,1300,583,690,13,14,218,9,13,411,8,2,1,3,3,0,0,0,7,14,1
17,DOLJ,"SCOALA NOUA CELARU",295,CELARU,71634,1,PROV,PRCNCT,S,S_SV,"2021-01-21 12:30:02",1523,1448,73,2,598,523,73,2,1600,1002,577,8,13,172,34,10,274,44,2,0,4,2,0,3,4,3,25,0
17,DOLJ,"CAMIN CULTURAL MAROTINU DE JOS",296,CELARU,71634,1,PROV,PRCNCT,S,S_SV,"2021-01-21 12:30:02",472,448,24,0,174,150,24,0,600,426,170,1,3,34,7,8,83,17,0,0,0,1,1,1,2,0,15,1
17,DOLJ,"CAMIN CULTURAL GHIZDAVESTI",297,CELARU,71634,2,PART,PRCNCT,S,S_SV,"2021-01-21 12:30:02",1256,1204,50,2,428,376,50,2,1400,972,402,17,9,85,11,12,246,20,0,0,0,0,0,0,3,0,25,0
17,DOLJ,"CAMIN CULTURAL MAROTINU DE SUS",298,CELARU,71634,1,PROV,PRCNCT,S,S_SV,"2021-01-21 12:30:02",487,455,32,0,186,154,32,0,600,414,179,3,4,64,11,3,66,14,0,0,1,1,0,0,5,1,12,1
17,DOLJ,"CAMINUL CULTURAL CERAT",299,CERĂT,71698,2,PART,PRCNCT,S,S_SV,"2021-01-21 12:30:02",2035,1976,59,0,664,605,59,0,2100,1436,636,8,20,74,26,8,456,3,5,0,5,8,0,0,5,9,36,1
17,DOLJ,"SCOALA GIMNAZIALA CERĂT - LOCALUL NR. 3",300,CERĂT,71698,1,PROV,PRCNCT,S,S_SV,"2021-01-21 12:30:02",1251,1230,21,0,268,247,21,0,1400,1132,248,3,17,40,8,3,177,0,2,1,0,4,0,0,0,2,11,0
17,DOLJ,"CENTRUL AFTER SCHOOL CERNĂTEȘTI",301,CERNĂTEŞTI,71723,1,PROV,PRCNCT,S,S_SV,"2021-01-21 12:30:02",420,373,47,0,217,170,47,0,500,283,207,4,6,43,4,7,125,10,1,0,0,3,0,0,2,2,10,0
17,DOLJ,"CĂMINUL CULTURAL ȚIU",302,CERNĂTEŞTI,71723,1,PROV,PRCNCT,S,S_SV,"2021-01-21 12:30:02",392,363,29,0,195,166,29,0,500,305,191,2,2,43,6,6,110,19,0,0,1,0,1,0,0,1,4,0
17,DOLJ,"ŞCOALA GENERALĂ",303,CERNĂTEŞTI,71723,1,PROV,PRCNCT,S,S_SV,"2021-01-21 12:30:02",248,233,15,0,102,87,15,0,400,298,98,3,1,12,2,3,70,6,0,0,3,0,0,0,0,1,1,0
17,DOLJ,"ŞCOALA GENERALĂ",304,CERNĂTEŞTI,71723,1,PROV,PRCNCT,S,S_SV,"2021-01-21 12:30:02",440,415,25,0,187,162,25,0,600,413,183,2,2,26,3,8,107,20,1,0,0,2,1,0,0,2,13,0
17,DOLJ,"SCOALA CU CLS. I-IV CETATE",305,CETATE,71787,1,PROV,PRCNCT,S,S_SV,"2021-01-21 12:30:02",1676,1640,19,17,568,532,19,17,1800,1232,558,10,0,263,5,3,240,43,1,0,0,0,3,0,0,0,0,0
17,DOLJ,"CĂMINUL CULTURAL CETATE",306,CETATE,71787,2,PART,PRCNCT,S,S_SV,"2021-01-21 12:30:02",1511,1432,26,53,470,391,26,53,1500,1030,459,4,7,207,10,17,165,37,6,0,4,3,6,0,0,0,4,0
17,DOLJ,"SCOALA CU CLS. I-VIII F-B",307,CETATE,71787,1,PROV,PRCNCT,S,S_SV,"2021-01-21 12:30:02",776,743,16,17,271,238,16,17,900,629,262,7,2,110,5,13,95,13,2,0,2,1,1,0,1,0,19,0
17,DOLJ,"SCOALA CU CLS. I-IV MORENI",308,CETATE,71787,1,PROV,PRCNCT,S,S_SV,"2021-01-21 12:30:02",434,409,10,15,175,150,10,15,600,425,170,5,0,82,9,7,50,5,1,0,0,0,0,0,1,1,14,0
17,DOLJ,"ȘCOALA CU CLASELE I-VIII CIOROIAȘI",309,CIOROIAŞI,71812,1,PROV,PRCNCT,S,S_SV,"2021-01-21 12:30:02",856,800,55,1,271,215,55,1,900,629,267,3,1,59,10,4,166,3,1,0,2,5,0,0,0,2,14,1
17,DOLJ,"ȘCOALA CU CLASELE I-IV CIOROIU NOU",310,CIOROIAŞI,71812,1,PROV,PRCNCT,S,S_SV,"2021-01-21 12:30:02",449,405,38,6,182,138,38,6,600,418,179,1,2,27,2,9,114,8,1,0,0,1,1,0,1,2,13,0
17,DOLJ,"ȘCOALA GIMNAZIALĂ ”NICOLAE CARAȘ ”",311,"CIUPERCENII NOI",71858,2,PART,PRCNCT,S,S_SV,"2021-01-21 12:30:02",1543,1508,20,15,512,477,20,15,1600,1088,493,5,14,60,8,32,335,7,0,0,2,6,1,0,4,2,36,0
17,DOLJ,"SCOALA GENERALA CIUPERCENII NOI",312,"CIUPERCENII NOI",71858,2,PART,PRCNCT,S,S_SV,"2021-01-21 12:30:02",1875,1825,23,27,629,579,23,27,1900,1271,622,0,7,93,14,59,360,32,0,1,1,4,0,0,1,4,52,1
17,DOLJ,"SCOALA GENERALA SMÎRDAN",313,"CIUPERCENII NOI",71858,1,PROV,PRCNCT,S,S_SV,"2021-01-21 12:30:02",1086,1057,24,5,363,334,24,5,1200,837,359,1,3,78,6,15,207,8,0,0,2,5,0,0,2,6,27,3
17,DOLJ,"CAMIN CULTURAL",314,COŞOVENI,71885,2,PART,PRCNCT,S,S_SV,"2021-01-21 12:30:02",1175,884,286,5,568,277,286,5,1000,432,553,5,10,116,9,23,317,49,4,1,8,3,1,1,2,5,14,0
17,DOLJ,"GRADINITA NR. 1",315,COŞOVENI,71885,1,PROV,PRCNCT,S,S_SV,"2021-01-21 12:30:02",1213,1092,112,9,503,382,112,9,1200,697,493,7,3,192,25,20,152,47,2,0,18,4,2,2,2,2,24,1
17,DOLJ,"GRADINITA NR. 2",316,COŞOVENI,71885,1,PROV,PRCNCT,S,S_SV,"2021-01-21 12:30:02",874,706,161,7,437,269,161,7,900,463,431,2,4,73,7,23,192,103,0,1,2,0,1,1,3,1,24,0
17,DOLJ,"SCOALA GIMNAZIALA COTOFENII DIN DOS",317,"COŢOFENII DIN DOS",71910,1,PROV,PRCNCT,S,S_SV,"2021-01-21 12:30:02",908,850,54,4,475,417,54,4,1000,525,464,5,6,73,16,6,291,37,0,6,6,9,1,0,2,1,14,2
17,DOLJ,"GRADINITA CU POGRAM NORMAL POTMELTU",318,"COŢOFENII DIN DOS",71910,1,PROV,PRCNCT,S,S_SV,"2021-01-21 12:30:02",463,425,36,2,215,177,36,2,600,385,207,2,6,67,2,5,111,4,0,0,1,0,0,0,4,0,13,0
17,DOLJ,"SCOALA GIMNAZIALA MIHAITA",319,"COŢOFENII DIN DOS",71910,1,PROV,PRCNCT,S,S_SV,"2021-01-21 12:30:02",683,617,65,1,338,272,65,1,700,362,323,10,5,61,10,11,214,5,0,0,1,1,1,0,0,4,13,2
17,DOLJ,"ŞCOALA CU CLASELE I-VIII COȚOFENII DIN FAŢĂ",320,"COŢOFENII DIN FAŢĂ",74875,2,PART,PRCNCT,S,S_SV,"2021-01-21 12:30:02",1406,1325,81,0,613,532,81,0,1500,887,588,14,11,94,29,22,373,20,3,0,9,3,0,0,2,1,32,0
17,DOLJ,"ȘCOALA CU CLASELE I-IV",321,"COŢOFENII DIN FAŢĂ",74875,1,PROV,PRCNCT,S,S_SV,"2021-01-21 12:30:02",301,261,40,0,175,135,40,0,400,225,174,0,1,37,10,14,95,10,0,0,0,2,0,0,3,1,2,0
17,DOLJ,"ȘCOALA PROFESIONALĂ DANEŢI",322,DANEŢI,71956,1,PROV,PRCNCT,S,S_SV,"2021-01-21 12:30:02",1717,1635,82,0,554,472,82,0,1800,1246,542,6,6,100,13,11,358,7,2,0,3,4,1,2,4,8,29,0
17,DOLJ,"ŞCOALA PROFESIONALĂ DANEŢI",323,DANEŢI,71956,1,PROV,PRCNCT,S,S_SV,"2021-01-21 12:30:02",1407,1357,50,0,425,375,50,0,1500,1075,409,7,9,91,6,15,254,5,0,0,3,3,2,0,0,3,27,0
17,DOLJ,"ŞCOALA GENERALĂ CU CLASELE I-VIII BRANIŞTE",324,DANEŢI,71956,1,PROV,PRCNCT,S,S_SV,"2021-01-21 12:30:02",545,505,40,0,203,163,40,0,600,397,202,0,1,31,3,9,135,4,0,0,2,1,0,0,1,1,15,0
17,DOLJ,"ŞCOALA GENERALĂ CU CLASELE I-IV LOCUSTENI",325,DANEŢI,71956,1,PROV,PRCNCT,S,S_SV,"2021-01-21 12:30:02",517,476,41,0,209,168,41,0,600,391,203,4,2,28,7,10,130,3,4,0,2,2,0,0,0,0,17,0
17,DOLJ,"ŞCOALA GENERALĂ CU CLASELE I-VIII BRABEŢI",326,DANEŢI,71956,1,PROV,PRCNCT,S,S_SV,"2021-01-21 12:30:02",883,828,55,0,368,313,55,0,1000,632,349,6,13,48,4,9,221,33,0,1,0,4,1,0,2,4,22,0
17,DOLJ,"GRADINITA DE COPII DESA",327,DESA,72034,1,PROV,PRCNCT,S,S_SV,"2021-01-21 12:30:02",1251,1209,19,23,461,419,19,23,1300,839,454,5,2,74,39,11,304,3,0,1,1,4,1,1,3,5,7,0
17,DOLJ,"ŞCOALA GIMNAZIALĂ DESA -CORPUL 2",328,DESA,72034,1,PROV,PRCNCT,S,S_SV,"2021-01-21 12:30:02",1378,1345,12,21,571,538,12,21,1500,929,562,3,6,87,39,6,397,11,0,1,0,1,2,0,2,3,13,0
17,DOLJ,"ŞCOALA GIMNAZIALĂ DESA",329,DESA,72034,2,PART,PRCNCT,S,S_SV,"2021-01-21 12:30:02",1394,1346,24,24,539,491,24,24,1500,961,526,7,6,93,25,19,355,6,0,0,0,4,0,1,3,6,14,0
17,DOLJ,"CLUB CAMIN CULTURAL DIOSTI",330,DIOŞTI,72052,1,PROV,PRCNCT,S,S_SV,"2021-01-21 12:30:02",1036,962,44,30,405,331,44,30,1100,695,391,10,4,83,5,13,253,5,0,0,0,1,0,2,1,2,25,1
17,DOLJ,"SCOALA GENERALA CU CLASELE I-IV RADOMIR",331,DIOŞTI,72052,1,PROV,PRCNCT,S,S_SV,"2021-01-21 12:30:02",940,884,36,20,284,228,36,20,1000,716,281,2,1,48,7,18,158,30,2,0,1,3,0,0,2,3,9,0
17,DOLJ,"SCOALA GENERALA CU CLASELE I-VIII CIOCANESTI",332,DIOŞTI,72052,1,PROV,PRCNCT,S,S_SV,"2021-01-21 12:30:02",605,550,27,28,241,186,27,28,700,459,231,4,6,48,4,8,145,8,1,0,1,4,2,0,1,5,4,0
17,DOLJ,"ȘCOALA DOBREȘTI",333,DOBREŞTI,72098,1,PROV,PRCNCT,S,S_SV,"2021-01-21 12:30:02",344,326,9,9,114,96,9,9,500,386,106,6,2,6,3,10,69,3,1,0,0,0,0,0,1,2,11,0
17,DOLJ,"ȘCOALA MURTA",334,DOBREŞTI,72098,1,PROV,PRCNCT,S,S_SV,"2021-01-21 12:30:02",718,676,34,8,185,143,34,8,800,615,182,1,2,24,20,4,116,1,0,0,0,2,0,0,0,3,12,0
17,DOLJ,"ȘCOALA TOCENI",335,DOBREŞTI,72098,2,PART,PRCNCT,S,S_SV,"2021-01-21 12:30:02",547,506,23,18,219,178,23,18,600,381,210,2,7,10,18,6,148,7,0,0,2,1,0,0,1,0,17,0
17,DOLJ,"ȘCOALA CĂCIULĂTEȘTI",336,DOBREŞTI,72098,1,PROV,PRCNCT,S,S_SV,"2021-01-21 12:30:02",442,400,40,2,160,118,40,2,500,340,156,2,2,25,23,5,63,15,0,0,0,3,1,1,3,3,12,2
17,DOLJ,"CĂMINUL CULTURAL",337,DOBROTEŞTI,74883,1,PROV,PRCNCT,S,S_SV,"2021-01-21 12:30:02",1496,1347,98,51,655,506,98,51,1500,845,630,13,12,140,33,21,370,27,1,0,2,6,0,0,2,12,15,1
17,DOLJ,"SCOALA CU CLS. I - IV VIIŞOARA",338,DRĂGOTEŞTI,72150,2,PART,PRCNCT,S,S_SV,"2021-01-21 12:30:02",448,411,30,7,209,172,30,7,500,291,189,13,7,45,12,7,94,11,0,0,3,1,2,1,2,4,7,0
17,DOLJ,"SCOALA VECHE DRĂGOTEŞTI",339,DRĂGOTEŞTI,72150,2,PART,PRCNCT,S,S_SV,"2021-01-21 12:30:02",400,361,26,13,199,162,26,11,500,301,191,4,4,33,17,5,113,4,0,0,3,4,0,2,1,2,7,0
17,DOLJ,"SCOALA CU CLS. I - IV BENEŞTI",340,DRĂGOTEŞTI,72150,1,PROV,PRCNCT,S,S_SV,"2021-01-21 12:30:02",371,344,23,4,176,149,23,4,500,324,172,3,1,18,12,8,105,14,0,0,0,1,0,1,1,7,4,1
17,DOLJ,"CĂMINUL CULTURAL POPÂNZĂLEȘTI",341,DRĂGOTEŞTI,72150,1,PROV,PRCNCT,S,S_SV,"2021-01-21 12:30:02",545,482,56,7,275,212,56,7,600,325,268,5,2,48,8,12,150,35,2,1,0,3,1,1,1,0,6,0
17,DOLJ,"SCOALA CU CLS. I - IV BUZDUC",342,DRĂGOTEŞTI,72150,1,PROV,PRCNCT,S,S_SV,"2021-01-21 12:30:02",145,104,35,6,92,51,35,6,200,108,89,2,1,26,4,2,44,2,0,0,0,1,0,1,0,2,7,0
17,DOLJ,"CAMINUL CULTURAL DRANIC",343,DRĂNIC,72221,2,PART,PRCNCT,S,S_SV,"2021-01-21 12:30:02",906,799,104,3,340,233,104,3,900,560,330,3,7,125,12,3,80,90,1,0,3,2,0,4,2,0,7,1
17,DOLJ,"SCOALA PRIMARA PADEA",344,DRĂNIC,72221,1,PROV,PRCNCT,S,S_SV,"2021-01-21 12:30:02",670,629,41,0,245,204,41,0,800,555,241,2,2,98,2,4,101,8,0,1,0,4,0,0,2,1,19,1
17,DOLJ,"SCOALA CU CLASELE I-IV BOOVENI",345,DRĂNIC,72221,1,PROV,PRCNCT,S,S_SV,"2021-01-21 12:30:02",319,290,29,0,169,140,29,0,398,229,166,2,1,24,17,2,108,4,2,0,0,1,0,0,0,2,6,0
17,DOLJ,"SCOALA CU CLASELE I-IV FOISOR",346,DRĂNIC,72221,1,PROV,PRCNCT,S,S_SV,"2021-01-21 12:30:02",234,195,39,0,138,99,39,0,300,162,131,2,5,13,51,2,54,6,0,0,0,0,0,0,2,0,3,0
17,DOLJ,"CAMINUL CULTURAL FARCAS",347,FĂRCAŞ,72276,1,PROV,PRCNCT,S,S_SV,"2021-01-21 12:30:02",1067,1006,59,2,356,295,59,2,1100,744,347,5,4,78,69,18,127,7,4,1,1,1,0,0,2,3,32,4
17,DOLJ,"SCOALA GENERALA GOLUMBU",348,FĂRCAŞ,72276,1,PROV,PRCNCT,S,S_SV,"2021-01-21 12:30:02",707,659,48,0,282,234,48,0,800,518,264,10,8,58,34,3,128,1,0,0,1,2,0,0,1,2,34,0
17,DOLJ,"ȘCOALA GIMNAZIALĂ CORP 3",349,"GALICEA MARE",72383,1,PROV,PRCNCT,S,S_SV,"2021-01-21 12:30:02",1408,1408,0,0,522,522,0,0,1600,1078,495,7,20,42,7,9,382,13,3,1,0,4,0,0,7,6,20,1
17,DOLJ,"ȘCOALA GIMNAZIALĂ -CORP 3",350,"GALICEA MARE",72383,1,PROV,PRCNCT,S,S_SV,"2021-01-21 12:30:02",833,689,134,10,397,253,134,10,800,403,394,1,2,46,4,19,284,13,1,0,1,2,0,0,0,2,22,0
17,DOLJ,"ȘCOALA GIMNAZIALĂ - CORP 3",351,"GALICEA MARE",72383,1,PROV,PRCNCT,S,S_SV,"2021-01-21 12:30:02",1191,1181,10,0,407,397,10,0,1300,893,395,6,6,42,15,5,280,11,0,0,0,6,0,0,2,8,26,0
17,DOLJ,"CAMINUL CULTURAL",352,GALICIUICA,74891,1,PROV,PRCNCT,S,S_SV,"2021-01-21 12:30:02",1198,1158,32,8,374,334,32,8,1300,926,366,5,3,101,29,15,159,25,0,0,6,2,0,0,0,1,28,0
17,DOLJ,"CĂMINUL CULTURAL GÎNGIOVA",353,GÂNGIOVA,72579,1,PROV,PRCNCT,S,S_SV,"2021-01-21 12:30:02",1224,1151,59,14,403,330,59,14,1300,897,379,12,12,105,42,9,152,10,3,0,14,4,0,1,7,2,30,0
17,DOLJ,"CĂMINUL CULTURAL COMOŞTENI",354,GÂNGIOVA,72579,1,PROV,PRCNCT,S,S_SV,"2021-01-21 12:30:02",888,842,43,3,234,188,43,3,1000,766,223,4,7,53,54,18,74,6,1,0,0,4,0,1,0,1,10,1
17,DOLJ,"CĂMINUL CULTURAL",355,GHERCEŞTI,72409,1,PROV,PRCNCT,S,S_SV,"2021-01-21 12:30:02",1097,919,172,6,623,445,172,6,1100,477,611,7,5,151,31,53,304,15,2,2,2,1,2,2,0,2,43,1
17,DOLJ,"ŞCOALA GENERALĂ GÂRLEŞTI",356,GHERCEŞTI,72409,2,PART,PRCNCT,S,S_SV,"2021-01-21 12:30:02",443,375,63,5,254,186,63,5,500,246,252,1,1,43,14,32,140,9,0,0,2,1,2,0,3,0,6,0
17,DOLJ,"ŞCOALA GENERALĂ UNGURENI",357,GHERCEŞTI,72409,1,PROV,PRCNCT,S,S_SV,"2021-01-21 12:30:02",384,268,111,5,262,146,111,5,500,238,251,8,3,53,4,28,143,4,1,1,0,1,0,1,0,4,11,0
17,DOLJ,"CĂMINUL CULTURAL",358,GHIDICI,74907,1,PROV,PRCNCT,S,S_SV,"2021-01-21 12:30:02",2041,1854,83,104,969,782,83,104,2100,1131,947,12,10,87,1,8,796,11,8,1,2,5,0,0,1,7,19,1
17,DOLJ,"CAMIN CULTURAL",359,GHINDENI,74915,2,PART,PRCNCT,S,S_SV,"2021-01-21 12:30:02",1726,1540,164,22,831,645,164,22,1700,869,791,23,17,147,12,34,476,71,2,0,2,3,0,1,4,20,19,0
17,DOLJ,"CĂMINUL CULTURAL GIGHERA",360,GIGHERA,72463,1,PROV,PRCNCT,S,S_SV,"2021-01-21 12:30:02",1021,974,45,2,417,370,45,2,1100,683,392,6,19,41,3,10,303,8,3,0,0,6,1,0,2,4,11,0
17,DOLJ,"CĂMINUL CULTURAL NEDEIA",361,GIGHERA,72463,1,PROV,PRCNCT,S,S_SV,"2021-01-21 12:30:02",724,664,60,0,309,249,60,0,800,491,297,5,7,44,7,8,203,6,3,0,0,1,0,0,0,5,20,0
17,DOLJ,"CĂMINUL CULTURAL ZĂVAL",362,GIGHERA,72463,1,PROV,PRCNCT,S,S_SV,"2021-01-21 12:30:02",638,605,33,0,215,182,33,0,700,485,210,2,3,39,11,3,126,6,0,0,4,4,1,0,1,2,13,0
17,DOLJ,"ȘCOALA GIMNAZIALĂ GIUBEGA",363,GIUBEGA,72506,2,PART,PRCNCT,S,S_SV,"2021-01-21 12:30:02",971,891,80,0,334,254,80,0,1000,666,322,5,7,56,12,12,191,10,0,1,8,3,0,1,1,1,26,0
17,DOLJ,"PRIMARIA VECHE",364,GIUBEGA,72506,1,PROV,PRCNCT,S,S_SV,"2021-01-21 12:30:02",909,843,66,0,329,263,66,0,900,571,320,7,2,55,7,13,205,5,0,0,0,1,2,2,0,2,28,0
17,DOLJ,"SCOALA GIMNAZIALA GIURGITA",365,GIURGIŢA,72533,1,PROV,PRCNCT,S,S_SV,"2021-01-21 12:30:02",1020,954,66,0,398,332,66,0,1100,702,383,11,4,59,10,9,268,13,4,1,2,1,1,1,1,1,12,0
17,DOLJ,"GRADINITA PORTARESTI",366,GIURGIŢA,72533,1,PROV,PRCNCT,S,S_SV,"2021-01-21 12:30:02",1007,951,56,0,380,324,56,0,1100,720,361,11,8,118,13,7,184,14,2,0,1,3,1,0,2,0,16,0
17,DOLJ,"GRADINITA CURMATURA",367,GIURGIŢA,72533,1,PROV,PRCNCT,S,S_SV,"2021-01-21 12:30:02",446,412,34,0,164,130,34,0,500,336,161,2,1,33,5,1,98,3,1,0,0,2,1,2,2,2,11,0
17,DOLJ,"CĂMINUL CULTURAL GOGOŞU",368,GOGOŞU,72604,1,PROV,PRCNCT,S,S_SV,"2021-01-21 12:30:02",269,167,102,0,189,87,102,0,300,111,184,1,4,76,29,7,55,5,0,0,0,1,2,1,1,2,5,0
17,DOLJ,"ŞCOALA CU CLASELE I-IV",369,GOGOŞU,72604,1,PROV,PRCNCT,S,S_SV,"2021-01-21 12:30:02",181,143,37,1,116,78,37,1,297,181,112,1,3,72,3,4,24,1,1,0,1,2,0,1,0,1,2,0
17,DOLJ,"ŞCOALA CU CLASELE I-IV",370,GOGOŞU,72604,1,PROV,PRCNCT,S,S_SV,"2021-01-21 12:30:02",185,141,43,1,140,96,43,1,300,160,138,2,0,96,3,0,31,3,0,0,1,0,1,0,0,0,3,0
17,DOLJ,"CENTRUL SOCIAL",371,GOICEA,72640,3,PART,PRCNCT,S,S_SV,"2021-01-21 12:30:02",1284,1145,105,34,587,448,105,34,1300,713,561,9,17,58,17,12,413,13,2,1,2,8,3,1,5,3,22,1
17,DOLJ,"GRĂDINIȚA NR.2",372,GOICEA,72640,1,PROV,PRCNCT,S,S_SV,"2021-01-21 12:30:02",906,843,47,16,331,268,47,16,900,569,316,8,7,52,26,6,180,18,2,1,0,4,2,0,4,6,15,0
17,DOLJ,"CAMIN CULTURAL GOIESTI SALA",373,GOIEŞTI,72677,2,PART,PRCNCT,S,S_SV,"2021-01-21 12:30:02",1251,1159,89,3,448,356,89,3,1300,852,435,10,3,91,28,35,213,20,3,0,2,5,5,1,3,3,25,1
17,DOLJ,"SCOALA CLS I-IV MOGOSESTI SALA",374,GOIEŞTI,72677,1,PROV,PRCNCT,S,S_SV,"2021-01-21 12:30:02",544,507,34,3,194,157,34,3,600,406,189,5,0,34,10,17,77,15,1,0,5,3,1,2,0,1,22,1
17,DOLJ,"SCOALA CU CLS I-IV MALAESTI SALA",375,GOIEŞTI,72677,1,PROV,PRCNCT,S,S_SV,"2021-01-21 12:30:02",509,476,31,2,195,162,31,2,600,405,187,5,3,35,6,3,93,11,1,1,18,3,4,1,0,0,11,0
17,DOLJ,"SCOALA CU CLS I-VIII TANDARA SALA",376,GOIEŞTI,72677,1,PROV,PRCNCT,S,S_SV,"2021-01-21 12:30:02",444,420,23,1,168,144,23,1,500,332,164,2,2,41,13,2,78,7,2,0,0,0,0,0,1,1,19,0
17,DOLJ,"ȘCOALA BĂRBOI",377,GRECEŞTI,72819,1,PROV,PRCNCT,S,S_SV,"2021-01-21 12:30:02",343,301,36,6,143,101,36,6,400,257,135,2,6,27,3,2,55,40,1,0,0,2,0,1,2,1,1,0
17,DOLJ,"ȘCOALA GRECEȘTI",378,GRECEŞTI,72819,2,PART,PRCNCT,S,S_SV,"2021-01-21 12:30:02",268,225,34,9,149,106,34,9,300,151,143,3,3,43,4,4,81,0,1,0,4,1,0,0,0,1,4,0
17,DOLJ,"ȘCOALA BUSU",379,GRECEŞTI,72819,1,PROV,PRCNCT,S,S_SV,"2021-01-21 12:30:02",583,533,26,24,322,272,26,24,600,278,315,3,4,46,1,6,234,4,0,1,3,2,1,1,0,2,14,0
17,DOLJ,"ȘCOALA GROPANELE",380,GRECEŞTI,72819,1,PROV,PRCNCT,S,S_SV,"2021-01-21 12:30:02",248,236,10,2,113,101,10,2,400,287,110,1,2,8,4,1,88,3,0,0,0,2,0,0,2,2,0,0
17,DOLJ,"ŞCOALA GIMNAZIALĂ ELIZA OPRAN",381,IŞALNIŢA,70094,1,PROV,PRCNCT,S,S_SV,"2021-01-21 12:30:02",1857,1692,94,71,954,789,94,71,1900,946,941,4,9,194,13,69,579,29,5,1,5,5,0,2,1,5,32,1
17,DOLJ,"ŞCOALA GIMNAZIALĂ ELIZA OPRAN",382,IŞALNIŢA,70094,1,PROV,PRCNCT,S,S_SV,"2021-01-21 12:30:02",1975,1829,102,44,1028,882,102,44,2000,972,1022,2,4,198,11,63,654,26,2,2,3,4,0,0,6,10,43,0
17,DOLJ,"GRADINITA IZVOARE",383,IZVOARE,72882,2,PART,PRCNCT,S,S_SV,"2021-01-21 12:30:02",1027,940,74,13,422,335,74,13,1100,678,414,4,4,67,16,9,285,11,2,1,3,4,0,0,1,9,6,0
17,DOLJ,"SCOALA CLASELE I-IV",384,IZVOARE,72882,3,PART,PRCNCT,S,S_SV,"2021-01-21 12:30:02",321,264,48,9,187,130,48,9,400,213,187,0,0,36,1,1,141,2,0,0,0,1,0,0,1,1,3,0
17,DOLJ,"CĂMINUL CULTURAL ÎNTORSURA",385,ÎNTORSURA,74923,1,PROV,PRCNCT,S,S_SV,"2021-01-21 12:30:02",1294,1210,84,0,582,498,84,0,1400,818,554,10,18,208,21,8,256,15,2,0,1,2,1,1,1,5,33,0
17,DOLJ,"ȘCOALA GIMNAZIALĂ „ N.B. LOCUSTEANU ” - SALA A",386,LEU,72926,1,PROV,PRCNCT,S,S_SV,"2021-01-21 12:30:02",1463,1392,71,0,504,433,71,0,1500,996,485,6,13,79,3,15,298,45,0,1,2,5,2,1,0,8,26,0
17,DOLJ,"ȘCOALA GIMNAZIALĂ „N.B. LOCUSTEANU” - SALA B",387,LEU,72926,1,PROV,PRCNCT,S,S_SV,"2021-01-21 12:30:02",1595,1518,77,0,594,517,77,0,1700,1106,569,13,12,102,3,30,345,28,1,0,2,10,2,2,0,7,37,0
17,DOLJ,"GRADINITA ZĂNOAGA",388,LEU,72926,1,PROV,PRCNCT,S,S_SV,"2021-01-21 12:30:02",1016,940,76,0,373,297,76,0,1100,727,353,7,13,57,8,18,217,22,0,0,1,3,1,0,2,6,17,1
17,DOLJ,"SCOALA GIMNAZIALA CLASELE I-VIII PETRE MANARCESCU",389,LIPOVU,72953,1,PROV,PRCNCT,S,S_SV,"2021-01-21 12:30:02",1358,1316,36,6,340,298,36,6,1400,1060,317,9,14,28,62,1,182,7,4,3,2,3,3,0,3,10,9,0
17,DOLJ,"LOCAL PRIMĂRIE",390,LIPOVU,72953,1,PROV,PRCNCT,S,S_SV,"2021-01-21 12:30:02",916,878,36,2,268,230,36,2,1000,732,257,2,9,18,14,4,207,9,0,0,0,0,0,0,0,4,0,1
17,DOLJ,"SCOALA PRIMARA CLSELE I-VIII",391,LIPOVU,72953,2,PART,PRCNCT,S,S_SV,"2021-01-21 12:30:02",171,155,16,0,62,46,16,0,300,238,59,1,2,11,9,2,34,1,0,0,0,0,1,0,0,0,1,0
17,DOLJ,"SCOALA CU CLASELE I-VIII MAGLAVIT",392,MAGLAVIT,73031,1,PROV,PRCNCT,S,S_SV,"2021-01-21 12:30:02",1901,1808,90,3,666,573,90,3,2000,1334,636,10,20,228,16,9,290,32,2,2,3,7,1,4,3,7,32,0
17,DOLJ,"SCOALA CLASELE I-IV MAGLAVIT",393,MAGLAVIT,73031,2,PART,PRCNCT,S,S_SV,"2021-01-21 12:30:02",1065,1020,43,2,343,298,43,2,1100,757,332,7,4,144,8,6,125,24,0,0,1,7,4,1,0,0,12,0
17,DOLJ,"ȘCOALA GENERALĂ HUNIA",394,MAGLAVIT,73031,1,PROV,PRCNCT,S,S_SV,"2021-01-21 12:30:02",1105,1055,46,4,361,311,46,4,1200,839,346,9,6,136,6,12,155,9,2,1,2,8,1,0,1,1,12,0
17,DOLJ,"LICEUL TEHNOLOGIC ”ING. IONETE AURELIAN”",395,"MALU MARE",73068,1,PROV,PRCNCT,S,S_SV,"2021-01-21 12:30:02",1046,964,78,4,344,262,78,4,1100,756,334,7,3,133,45,36,81,8,0,0,3,4,2,0,3,0,19,0
17,DOLJ,"ŞCOALA PRIMARĂ PREAJBA",396,"MALU MARE",73068,1,PROV,PRCNCT,S,S_SV,"2021-01-21 12:30:02",1112,1032,79,1,382,302,79,1,1200,818,367,10,5,112,28,48,107,28,0,0,0,5,0,4,1,1,32,1
17,DOLJ,"ȘCOALA GIMNAZIALĂ MALU MARE",397,"MALU MARE",73068,1,PROV,PRCNCT,S,S_SV,"2021-01-21 12:30:02",1404,1304,95,5,496,396,95,5,1500,1004,485,4,7,152,49,73,149,18,0,1,1,2,1,0,2,3,31,3
17,DOLJ,"ȘCOALA GIMNAZIALĂ PREAJBA",398,"MALU MARE",73068,1,PROV,PRCNCT,S,S_SV,"2021-01-21 12:30:02",1695,1574,116,5,553,432,116,5,1800,1247,547,4,2,127,58,155,140,17,1,1,4,3,0,2,2,0,36,1
17,DOLJ,"PRIMĂRIA MĂCEŞU DE JOS",399,"MĂCEŞU DE JOS",72980,2,PART,PRCNCT,S,S_SV,"2021-01-21 12:30:02",864,790,68,6,486,412,68,6,900,414,475,9,2,62,17,3,353,19,2,0,5,4,0,1,1,1,7,0
17,DOLJ,"ŞCOALA SĂPATA",400,"MĂCEŞU DE JOS",72980,1,PROV,PRCNCT,S,S_SV,"2021-01-21 12:30:02",279,263,16,0,115,99,16,0,400,285,110,4,1,20,7,3,66,2,0,0,0,1,1,0,1,2,7,0
17,DOLJ,"CAMINUL CULTURAL",401,"MĂCEŞU DE SUS",73013,1,PROV,PRCNCT,S,S_SV,"2021-01-21 12:30:02",1047,984,63,0,526,463,63,0,1200,674,501,13,12,218,11,12,157,44,5,0,1,15,1,3,3,6,24,1
17,DOLJ,"ȘCOALA GENERALĂ NR. 2 MÎRȘANI",402,MÂRŞANI,73317,1,PROV,PRCNCT,S,S_SV,"2021-01-21 12:30:02",1526,1402,65,59,681,559,65,57,1600,919,625,8,48,83,13,23,423,18,3,1,10,2,2,0,4,5,37,1
17,DOLJ,"ȘCOALA GIMNAZIALĂ NR. 1 MÂRȘANI",403,MÂRŞANI,73317,3,PART,PRCNCT,S,S_SV,"2021-01-21 12:30:02",1171,1078,61,32,547,454,61,32,1200,653,515,9,23,61,20,42,325,25,2,0,6,1,3,0,4,7,19,0
17,DOLJ,"ȘCOALA GENERALĂ NR. 3 MÎRȘANI",404,MÂRŞANI,73317,1,PROV,PRCNCT,S,S_SV,"2021-01-21 12:30:02",1278,1178,63,37,598,498,63,37,1300,702,582,7,9,91,26,29,342,20,0,3,6,9,5,0,6,4,41,0
17,DOLJ,"CĂMINUL CULTURAL MELINEŞTI",405,MELINEŞTI,73102,1,PROV,PRCNCT,S,S_SV,"2021-01-21 12:30:02",1030,932,86,12,405,307,86,12,1100,695,397,6,2,104,9,22,200,15,0,4,1,3,0,3,2,5,29,0
17,DOLJ,"ŞCOALA GENERALĂ NEGOIEŞTI",406,MELINEŞTI,73102,1,PROV,PRCNCT,S,S_SV,"2021-01-21 12:30:02",1240,1170,67,3,429,359,67,3,1300,871,415,10,4,103,13,13,232,12,2,2,3,3,0,0,5,4,23,0
17,DOLJ,"SEDIUL FOSTEI ŞCOLI GENERALE BODAIESTI",407,MELINEŞTI,73102,1,PROV,PRCNCT,S,S_SV,"2021-01-21 12:30:02",616,580,36,0,209,173,36,0,700,491,189,15,5,44,4,4,118,5,0,0,0,3,0,0,0,1,10,0
17,DOLJ,"ŞCOALA GENERALĂ BODĂIEŞTII DE SUS",408,MELINEŞTI,73102,1,PROV,PRCNCT,S,S_SV,"2021-01-21 12:30:02",256,238,18,0,96,78,18,0,300,204,91,3,2,23,4,4,29,24,1,0,0,0,0,0,0,2,4,0
17,DOLJ,"ŞCOALA GENERALĂ SPINENI",409,MELINEŞTI,73102,1,PROV,PRCNCT,S,S_SV,"2021-01-21 12:30:02",286,262,24,0,120,96,24,0,400,280,115,2,3,21,3,3,77,3,0,1,1,1,0,1,1,2,1,0
17,DOLJ,"ŞCOALA GENERALĂ MISCHII",410,MISCHII,73246,1,PROV,PRCNCT,S,S_SV,"2021-01-21 12:30:02",639,495,113,31,358,214,113,31,600,242,353,4,1,160,28,17,102,9,1,2,4,7,0,2,1,4,14,2
17,DOLJ,"ŞCOALA GENERALĂ MLECĂNEŞTI",411,MISCHII,73246,1,PROV,PRCNCT,S,S_SV,"2021-01-21 12:30:02",500,427,50,23,264,192,50,22,500,236,260,2,2,109,14,21,79,8,0,0,4,2,2,1,2,0,17,1
17,DOLJ,"ŞCOALA GENERALĂ URECHEŞTI",412,MISCHII,73246,1,PROV,PRCNCT,S,S_SV,"2021-01-21 12:30:02",538,425,72,41,317,204,72,41,500,183,311,4,2,165,30,26,58,8,0,0,1,2,0,2,1,2,15,1
17,DOLJ,"ŞCOALA GENERALĂ CĂLINEŞTI",413,MISCHII,73246,2,PART,PRCNCT,S,S_SV,"2021-01-21 12:30:02",147,96,34,17,91,40,34,17,200,109,88,1,2,52,2,4,22,1,0,0,1,1,1,0,0,0,4,0
17,DOLJ,"ŞCOALA MOŢĂŢEI GARĂ",414,MOŢĂŢEI,73335,1,PROV,PRCNCT,S,S_SV,"2021-01-21 12:30:02",716,682,17,17,237,203,17,17,800,563,231,2,4,17,1,1,151,35,1,2,1,4,0,1,0,1,16,0
17,DOLJ,"GRĂDINIŢA NR. 2 MOŢĂŢEI",415,MOŢĂŢEI,73335,1,PROV,PRCNCT,S,S_SV,"2021-01-21 12:30:02",1779,1739,28,12,685,645,28,12,1900,1215,658,6,21,72,7,12,459,59,3,2,1,4,0,0,0,7,31,1
17,DOLJ,"ŞCOALA NR. 1 MOŢĂŢEI",416,MOŢĂŢEI,73335,2,PART,PRCNCT,S,S_SV,"2021-01-21 12:30:02",1136,1100,29,7,394,358,29,7,1200,806,378,11,5,46,8,14,261,20,0,0,2,6,0,2,4,1,14,0
17,DOLJ,"GRĂDINIŢA NR. 3 MOŢĂŢEI",417,MOŢĂŢEI,73335,1,PROV,PRCNCT,S,S_SV,"2021-01-21 12:30:02",1629,1595,32,2,563,529,32,2,1700,1137,546,5,12,69,8,14,376,50,2,0,1,2,0,1,5,1,16,1
17,DOLJ,"GRĂDINIŢA NR. 2 DOBRIDOR",418,MOŢĂŢEI,73335,1,PROV,PRCNCT,S,S_SV,"2021-01-21 12:30:02",652,624,25,3,237,209,25,3,800,563,231,3,3,20,3,3,147,42,1,1,0,1,0,0,1,1,11,0
17,DOLJ,"ŞCOALA CU CLASELE I-VIII MURGAŞI",419,MURGAŞI,73371,1,PROV,PRCNCT,S,S_SV,"2021-01-21 12:30:02",964,865,69,30,505,406,69,30,1000,495,488,3,14,62,24,22,340,13,1,1,2,2,0,0,0,4,16,1
17,DOLJ,"GRĂDINIŢA BALOTA DE JOS",420,MURGAŞI,73371,1,PROV,PRCNCT,S,S_SV,"2021-01-21 12:30:02",772,705,40,27,374,307,40,27,800,426,364,4,6,46,4,14,263,5,3,0,3,1,0,1,1,0,23,0
17,DOLJ,"ŞCOALA CU CLASELE I-IV VELEŞTI",421,MURGAŞI,73371,1,PROV,PRCNCT,S,S_SV,"2021-01-21 12:30:02",420,353,53,14,233,166,53,14,500,267,230,0,3,23,1,7,179,3,0,0,1,1,0,1,2,3,9,0
17,DOLJ,"SCOALA GIMNAZIALA NEGOI",422,NEGOI,73460,2,PART,PRCNCT,S,S_SV,"2021-01-21 12:30:02",992,914,38,40,391,313,38,40,1100,709,371,13,7,31,4,6,227,76,4,0,0,2,0,2,3,3,13,0
17,DOLJ,"SCOALA GIMNAZIALA NEGOI",423,NEGOI,73460,2,PART,PRCNCT,S,S_SV,"2021-01-21 12:30:02",821,790,19,12,246,215,19,12,900,654,228,7,11,4,4,4,123,66,1,0,1,3,0,1,3,2,15,1
17,DOLJ,"ŞCOALA GENERALĂ ORODEL",424,ORODEL,73503,1,PROV,PRCNCT,S,S_SV,"2021-01-21 12:30:02",967,931,36,0,375,339,36,0,1100,725,364,4,7,45,7,11,266,3,0,0,1,7,0,1,1,4,17,1
17,DOLJ,"ŞCOALA GENERALĂ CORNU",425,ORODEL,73503,1,PROV,PRCNCT,S,S_SV,"2021-01-21 12:30:02",450,415,35,0,195,160,35,0,510,315,187,3,5,20,6,8,126,6,2,2,0,5,0,1,0,3,8,0
17,DOLJ,"ŞCOALA GENERALĂ TEIU",426,ORODEL,73503,1,PROV,PRCNCT,S,S_SV,"2021-01-21 12:30:02",207,183,24,0,80,56,24,0,300,220,78,0,2,10,2,4,49,1,3,0,0,2,2,0,2,0,3,0
17,DOLJ,"ŞCOALA GENERALĂ CĂLUGĂREI",427,ORODEL,73503,1,PROV,PRCNCT,S,S_SV,"2021-01-21 12:30:02",521,494,27,0,204,177,27,0,600,396,194,2,8,49,6,4,122,6,1,0,1,0,1,0,1,0,3,0
17,DOLJ,"CĂMINUL CULTURAL OSTROVENI",428,OSTROVENI,73567,1,PROV,PRCNCT,S,S_SV,"2021-01-21 12:30:02",1105,1063,42,0,337,295,42,0,1200,863,332,0,5,48,7,21,219,7,1,0,1,8,0,0,0,3,17,0
17,DOLJ,"GRĂDINIŢA DE COPII ORĂŞANI",429,OSTROVENI,73567,1,PROV,PRCNCT,S,S_SV,"2021-01-21 12:30:02",1126,1070,56,0,337,281,56,0,1200,863,317,6,14,64,5,18,193,10,0,0,2,1,0,0,2,0,22,0
17,DOLJ,"GRĂDINIŢA DE COPII GRINDENI",430,OSTROVENI,73567,1,PROV,PRCNCT,S,S_SV,"2021-01-21 12:30:02",589,562,27,0,190,163,27,0,700,510,180,5,5,48,3,1,95,2,3,0,0,5,3,2,2,1,15,0
17,DOLJ,"GRĂDINIŢA CU PROGRAM NORMAL LIŞTEAVA",431,OSTROVENI,73567,1,PROV,PRCNCT,S,S_SV,"2021-01-21 12:30:02",1233,1194,39,0,301,262,39,0,1300,999,280,11,10,55,14,10,162,7,0,1,0,3,2,2,3,5,15,1
17,DOLJ,"ŞCOALA PRIMARĂ(LOCAL VECHI)",432,PERIŞOR,73594,3,PART,PRCNCT,S,S_SV,"2021-01-21 12:30:02",1291,1137,131,23,608,454,131,23,1300,692,592,8,8,153,13,14,337,28,0,1,4,4,0,1,1,5,31,0
17,DOLJ,"ŞCOALA PRIMARĂ CL. I-IV",433,PERIŞOR,73594,1,PROV,PRCNCT,S,S_SV,"2021-01-21 12:30:02",267,222,45,0,132,87,45,0,400,268,130,2,0,18,3,2,70,22,0,1,5,1,0,0,0,2,5,1
17,DOLJ,"ŞCOALA GIMNAZIALĂ PIELEŞTI",434,PIELEŞTI,73629,1,PROV,PRCNCT,S,S_SV,"2021-01-21 12:30:02",1483,1251,229,3,662,430,229,3,1400,738,648,6,8,48,98,48,155,226,5,3,8,5,4,4,5,12,26,1
17,DOLJ,"SEDIUL FOSTEI ŞCOLI GENERALE NR 2 PIELEŞTI",435,PIELEŞTI,73629,1,PROV,PRCNCT,S,S_SV,"2021-01-21 12:30:02",1613,1536,75,2,502,425,75,2,1700,1198,496,2,4,103,16,91,129,111,2,2,0,3,7,3,1,1,26,1
17,DOLJ,"ŞCOALA GIMNAZIALĂ PIELEŞTI",436,PIELEŞTI,73629,1,PROV,PRCNCT,S,S_SV,"2021-01-21 12:30:02",642,597,44,1,263,218,44,1,800,537,257,6,0,56,35,10,102,17,2,1,2,5,3,1,2,5,16,0
17,DOLJ,"CAMINUL CULTURAL PISCU VECHI",437,"PISCU VECHI",73665,2,PART,PRCNCT,S,S_SV,"2021-01-21 12:30:02",1063,959,64,40,549,446,64,39,1100,551,521,13,15,45,2,6,413,10,1,1,2,9,0,0,0,2,30,0
17,DOLJ,"SCOALA PISCULET",438,"PISCU VECHI",73665,1,PROV,PRCNCT,S,S_SV,"2021-01-21 12:30:02",263,230,31,2,168,135,31,2,300,132,163,2,3,5,1,2,143,2,2,0,0,1,0,0,0,1,6,0
17,DOLJ,"SCOALA GIMNAZIALA PISCU VECHI",439,"PISCU VECHI",73665,1,PROV,PRCNCT,S,S_SV,"2021-01-21 12:30:02",1047,965,59,23,504,422,59,23,1100,596,490,8,6,56,2,7,376,18,0,0,3,6,0,1,1,4,16,0
17,DOLJ,"LICEUL TEHNOLOGIC C.N. PLOPSOR",440,PLENIŢA,73709,1,PROV,PRCNCT,S,S_SV,"2021-01-21 12:30:02",1081,1026,35,20,418,363,35,20,1200,782,398,11,9,191,16,20,113,15,0,0,4,1,16,0,3,2,17,0
17,DOLJ,"SCOALA CU CALSELE I-VIII LOCAL B POIANA",441,PLENIŢA,73709,2,PART,PRCNCT,S,S_SV,"2021-01-21 12:30:02",990,954,16,20,362,326,16,20,1100,738,338,13,11,149,19,9,101,8,1,1,0,2,7,0,1,5,34,1
17,DOLJ,"GRADINITA ”ALBA CA ZAPADA”",442,PLENIŢA,73709,1,PROV,PRCNCT,S,S_SV,"2021-01-21 12:30:02",1126,1039,34,53,458,371,34,53,1200,742,443,11,4,230,20,11,112,4,2,0,3,4,39,0,1,3,14,0
17,DOLJ,"SCOALA CU CLASELEI-IV DIN SATUL CASTRELE TRAIANE",443,PLENIŢA,73709,1,PROV,PRCNCT,S,S_SV,"2021-01-21 12:30:02",678,635,17,26,249,206,17,26,800,551,242,6,1,98,35,4,77,10,1,0,0,1,1,0,3,3,9,0
17,DOLJ,"SCOALA GIMNAZIALA PLEŞOI",444,PLEŞOI,74931,2,PART,PRCNCT,S,S_SV,"2021-01-21 12:30:02",1245,1015,208,22,746,516,208,22,1300,554,714,32,0,232,6,7,428,8,7,1,1,6,1,1,1,7,8,0
17,DOLJ,"ŞCOALA GENERALĂ BRANIŞTE",445,PODARI,70110,1,PROV,PRCNCT,S,S_SV,"2021-01-21 12:30:02",738,711,27,0,257,230,27,0,800,543,254,1,2,40,4,33,134,11,2,1,0,3,2,2,1,3,16,2
17,DOLJ,"ŞCOALA GENERALĂ BALTA VERDE",446,PODARI,70110,1,PROV,PRCNCT,S,S_SV,"2021-01-21 12:30:02",459,437,22,0,198,176,22,0,600,402,191,4,3,31,11,26,86,14,0,0,2,1,0,0,1,1,18,0
17,DOLJ,"PRIMĂRIA PODARI",447,PODARI,70110,1,PROV,PRCNCT,S,S_SV,"2021-01-21 12:30:02",1468,1388,80,0,489,409,80,0,1500,1011,484,3,2,56,13,37,305,27,4,1,5,3,1,2,0,5,25,0
17,DOLJ,"ŞCOALA GENERALĂ PODARI",448,PODARI,70110,1,PROV,PRCNCT,S,S_SV,"2021-01-21 12:30:02",2034,1955,79,0,568,489,79,0,2100,1532,553,8,7,79,21,54,323,18,1,0,1,10,2,1,2,3,38,0
17,DOLJ,"ŞCOALA GENERALĂ LIVEZI",449,PODARI,70110,2,PART,PRCNCT,S,S_SV,"2021-01-21 12:30:02",755,739,16,0,250,234,16,0,900,650,244,5,1,28,20,21,134,11,4,4,0,0,0,0,1,2,19,0
17,DOLJ,"ŞCOALA GENERALĂ GURA VĂII",450,PODARI,70110,3,PART,PRCNCT,S,S_SV,"2021-01-21 12:30:02",402,372,30,0,159,129,30,0,500,341,158,0,1,9,7,11,113,4,0,0,1,1,0,0,1,2,9,0
17,DOLJ,"ŞCOALA PRIMARĂ I-IV SÎRBI",451,"POIANA MARE",73736,1,PROV,PRCNCT,S,S_SV,"2021-01-21 12:30:02",1455,1432,23,0,489,466,23,0,1600,1111,474,7,8,166,12,12,211,35,0,0,0,4,1,0,2,1,30,0
17,DOLJ,"ŞCOALA GENERALĂ DRAGU",452,"POIANA MARE",73736,1,PROV,PRCNCT,S,S_SV,"2021-01-21 12:30:02",1564,1547,17,0,474,457,17,0,1700,1226,464,3,7,147,13,14,193,55,0,0,3,6,1,0,1,4,27,0
17,DOLJ,"ŞCOALA GENERALĂ 3 CENTRU",453,"POIANA MARE",73736,1,PROV,PRCNCT,S,S_SV,"2021-01-21 12:30:02",1465,1364,31,70,523,422,31,70,1500,977,508,12,3,177,15,13,201,62,4,4,5,7,0,1,1,3,15,0
17,DOLJ,"LICEUL GEORGE ST. MARINCU",454,"POIANA MARE",73736,1,PROV,PRCNCT,S,S_SV,"2021-01-21 12:30:02",1265,1246,19,0,426,407,19,0,1400,974,420,3,3,155,8,27,148,42,2,1,3,4,1,1,2,6,19,1
17,DOLJ,"ŞCOALA GENERALĂ TRAISTARU",455,"POIANA MARE",73736,1,PROV,PRCNCT,S,S_SV,"2021-01-21 12:30:02",1696,1632,62,2,595,531,62,2,1800,1205,580,9,6,198,20,13,226,82,1,0,1,6,1,0,1,3,27,1
17,DOLJ,"ŞCOALA GENERALĂ TUNARII VECHI",456,"POIANA MARE",73736,1,PROV,PRCNCT,S,S_SV,"2021-01-21 12:30:02",1086,1052,34,0,348,314,34,0,1200,852,339,3,6,125,11,14,132,23,0,0,3,3,1,2,1,3,21,0
17,DOLJ,"ŞCOALA GENERALĂ TUNARII NOI",457,"POIANA MARE",73736,1,PROV,PRCNCT,S,S_SV,"2021-01-21 12:30:02",428,412,16,0,169,153,16,0,500,331,162,3,4,62,4,4,42,36,1,0,0,1,1,1,1,3,6,0
17,DOLJ,"ŞC.GIMNAZIALĂ PREDEŞTI",458,PREDEŞTI,73772,1,PROV,PRCNCT,S,S_SV,"2021-01-21 12:30:02",1972,1676,280,16,1041,745,280,16,1900,859,1021,20,0,620,16,26,290,18,0,0,0,4,0,0,0,0,47,0
17,DOLJ,"ŞCOALA GIMNAZIALA RADOVAN",459,RADOVAN,73852,1,PROV,PRCNCT,S,S_SV,"2021-01-21 12:30:02",919,804,115,0,289,174,115,0,1000,711,289,0,0,61,10,9,111,74,0,0,1,1,4,0,1,2,15,0
17,DOLJ,"CAMIN CULTURAL FÂNTÂNELE",460,RADOVAN,73852,1,PROV,PRCNCT,S,S_SV,"2021-01-21 12:30:02",112,76,36,0,60,24,36,0,300,240,59,0,1,15,1,4,28,4,1,0,1,0,1,0,0,0,4,0
17,DOLJ,"CAMIN CULTURAL TÂRNAVA",461,RADOVAN,73852,1,PROV,PRCNCT,S,S_SV,"2021-01-21 12:30:02",183,153,30,0,62,32,30,0,300,238,61,0,1,23,7,2,19,4,1,0,1,0,1,0,0,0,3,0
17,DOLJ,"ȘCOALA GIMNAZIALĂ „GHEORGHE JIENESCU”” RAST - SALA DE SPORT",462,RAST,73905,1,PROV,PRCNCT,S,S_SV,"2021-01-21 12:30:02",1726,1640,75,11,904,818,75,11,1800,896,864,10,30,124,10,27,585,73,7,0,0,8,1,2,6,6,15,0
17,DOLJ,"SALA DE SPORT",463,RAST,73905,1,PROV,PRCNCT,S,S_SV,"2021-01-21 12:30:02",1276,1210,66,0,562,496,66,0,1400,838,524,19,19,62,7,17,359,42,4,0,2,5,1,1,0,6,18,0
17,DOLJ,"CĂMIN CULTURAL",464,ROBĂNEŞTI,73923,1,PROV,PRCNCT,S,S_SV,"2021-01-21 12:30:02",527,492,35,0,198,163,35,0,600,402,193,3,2,21,9,9,127,9,1,2,2,4,1,1,1,1,5,0
17,DOLJ,"ŞCOALA GOLFIN",465,ROBĂNEŞTI,73923,1,PROV,PRCNCT,S,S_SV,"2021-01-21 12:30:02",515,480,35,0,202,167,35,0,600,398,196,2,4,19,6,3,126,17,4,0,1,1,0,1,0,2,16,0
17,DOLJ,"ŞCOALA LĂCRIŢA MARE",466,ROBĂNEŞTI,73923,1,PROV,PRCNCT,S,S_SV,"2021-01-21 12:30:02",517,468,49,0,198,149,49,0,600,402,190,3,5,18,2,6,102,44,1,1,0,4,0,2,1,4,5,0
17,DOLJ,"ŞCOALA ROBĂNEŞTII DE SUS",467,ROBĂNEŞTI,73923,1,PROV,PRCNCT,S,S_SV,"2021-01-21 12:30:02",536,512,24,0,206,182,24,0,600,394,202,4,0,35,8,7,112,9,2,1,0,2,0,0,2,4,20,0
17,DOLJ,"ŞCOALA GIMNAZIALĂ ROJIŞTE",468,ROJIŞTE,74949,1,PROV,PRCNCT,S,S_SV,"2021-01-21 12:30:02",1677,1472,166,39,953,748,166,39,1700,747,918,5,30,667,3,8,214,1,2,1,3,4,1,1,2,6,5,0
17,DOLJ,"ŞCOALA CU CLS.I-IV",469,ROJIŞTE,74949,1,PROV,PRCNCT,S,S_SV,"2021-01-21 12:30:02",672,523,132,17,433,284,132,17,600,167,424,3,6,245,7,3,146,4,1,1,1,4,0,1,1,1,8,1
17,DOLJ,"SCOALA GIMNAZIALA STRUCTURA RAIETI",470,SADOVA,73996,1,PROV,PRCNCT,S,S_SV,"2021-01-21 12:30:02",538,519,14,5,158,139,14,5,600,442,146,9,3,46,5,1,45,33,0,0,0,2,0,0,2,1,11,0
17,DOLJ,"SCOALA GIMNAZIALA STRUCTURA RAIETI",471,SADOVA,73996,1,PROV,PRCNCT,S,S_SV,"2021-01-21 12:30:02",1455,1444,11,0,190,179,11,0,1600,1410,168,22,0,21,8,3,88,41,1,0,0,3,1,0,1,0,1,0
17,DOLJ,"SCOALA GIMNAZIALA SADOVA LOCAL VALE",472,SADOVA,73996,1,PROV,PRCNCT,S,S_SV,"2021-01-21 12:30:02",1274,1252,21,1,318,296,21,1,1400,1082,301,3,14,91,6,4,112,56,1,0,0,6,1,0,2,2,19,1
17,DOLJ,"SCOALA GIMNAZIALA SADOVA, LOCAL DEAL",473,SADOVA,73996,1,PROV,PRCNCT,S,S_SV,"2021-01-21 12:30:02",1248,1206,18,24,355,313,18,24,1300,945,324,10,21,103,10,6,106,58,1,0,0,6,0,0,2,2,29,1
17,DOLJ,"CĂMINUL CULTURAL DAMIAN",474,SADOVA,73996,2,PART,PRCNCT,S,S_SV,"2021-01-21 12:30:02",1467,1373,77,17,636,542,77,17,1500,864,618,8,10,44,27,14,84,402,1,0,0,2,0,5,2,4,33,0
17,DOLJ,"ŞCOALA GIMNAZIALĂ SADOVA, STRUCTURA PISCU – SADOVEI LOCAL VECHI",475,SADOVA,73996,2,PART,PRCNCT,S,S_SV,"2021-01-21 12:30:02",974,927,42,5,359,312,42,5,1000,641,341,4,14,68,35,3,79,133,1,0,3,3,0,2,0,2,11,1
17,DOLJ,"ŞCOALA VECHE SĂLCUŢA",476,SĂLCUŢA,74028,1,PROV,PRCNCT,S,S_SV,"2021-01-21 12:30:02",892,857,35,0,200,165,35,0,1000,800,191,2,7,29,10,6,110,24,0,1,1,2,0,0,0,1,7,0
17,DOLJ,"ŞCOALA VECHE TENCĂNĂU",477,SĂLCUŢA,74028,1,PROV,PRCNCT,S,S_SV,"2021-01-21 12:30:02",705,674,31,0,197,166,31,0,800,603,188,1,8,28,2,3,130,5,2,0,2,6,0,0,0,1,9,0
17,DOLJ,"ŞCOALA GENERALĂ SCAEŞTI",478,SCĂEŞTI,74073,1,PROV,PRCNCT,S,S_SV,"2021-01-21 12:30:02",981,886,69,26,454,359,69,26,1000,546,442,9,3,115,15,40,206,33,1,0,2,9,1,0,1,2,16,1
17,DOLJ,"ŞCOALA GENERALĂ VALEA LUI PĂTRU",479,SCĂEŞTI,74073,1,PROV,PRCNCT,S,S_SV,"2021-01-21 12:30:02",798,762,36,0,303,267,36,0,900,597,282,13,8,48,24,20,133,16,1,0,0,6,0,0,4,2,27,1
17,DOLJ,"ŞCOALA GIMNAZIALĂ CU CLASELE I-VIII DIN SEACA DE CÎMP",480,"SEACA DE CÂMP",74108,1,PROV,PRCNCT,S,S_SV,"2021-01-21 12:30:02",899,754,95,50,584,441,95,48,900,316,565,9,10,257,9,6,232,15,3,0,2,10,1,1,2,4,22,1
17,DOLJ,"ȘCOALA GIMNAZIALĂ PISCU NOU",481,"SEACA DE CÂMP",74108,1,PROV,PRCNCT,S,S_SV,"2021-01-21 12:30:02",869,727,107,35,565,423,107,35,900,335,545,10,10,199,4,5,239,83,1,1,0,1,0,2,1,1,8,0
17,DOLJ,"ŞCOALA SEACA DE PĂDURE",482,"SEACA DE PĂDURE",74135,1,PROV,PRCNCT,S,S_SV,"2021-01-21 12:30:02",371,310,42,19,224,163,42,19,400,176,220,0,4,8,5,4,191,0,1,0,1,1,0,0,1,2,6,0
17,DOLJ,"ŞCOALA VELENI",483,"SEACA DE PĂDURE",74135,1,PROV,PRCNCT,S,S_SV,"2021-01-21 12:30:02",328,286,32,10,153,111,32,10,400,247,146,2,5,21,2,2,102,3,1,0,1,4,0,1,1,0,8,0
17,DOLJ,"ŞCOALA RĂCHITA DE SUS",484,"SEACA DE PĂDURE",74135,1,PROV,PRCNCT,S,S_SV,"2021-01-21 12:30:02",171,134,25,12,98,61,25,12,200,102,97,0,1,7,1,1,74,2,1,0,0,3,1,0,1,4,2,0
17,DOLJ,"ȘCOALA GEN.CLASELE I-IV SECU",485,SECU,74171,2,PART,PRCNCT,S,S_SV,"2021-01-21 12:30:02",743,649,56,38,432,338,56,38,800,368,416,7,9,33,4,2,334,17,0,0,1,4,0,0,1,7,13,0
17,DOLJ,"ŞCOALA GENERALĂ CU CLS. I-IV SMADOVICIOARA",486,SECU,74171,2,PART,PRCNCT,S,S_SV,"2021-01-21 12:30:02",217,168,42,7,174,125,42,7,300,126,167,7,0,38,3,2,118,5,0,0,0,0,1,0,0,0,0,0
17,DOLJ,"CĂMINUL CULTURAL",487,"SILIŞTEA CRUCII",74224,1,PROV,PRCNCT,S,S_SV,"2021-01-21 12:30:02",1328,1206,85,37,573,451,85,37,1400,827,560,6,7,147,15,11,305,12,0,0,2,8,2,3,2,6,46,1
17,DOLJ,"SCOALA CU CLASELE I-IV SOPOT",488,SOPOT,74242,1,PROV,PRCNCT,S,S_SV,"2021-01-21 12:30:02",434,384,50,0,182,132,50,0,500,318,175,3,4,42,5,4,88,6,1,0,0,2,0,0,2,6,19,0
17,DOLJ,"SCOALA CU CLASELE I-VIII BELOŢ",489,SOPOT,74242,1,PROV,PRCNCT,S,S_SV,"2021-01-21 12:30:02",301,258,43,0,141,98,43,0,400,259,137,3,1,63,14,9,37,3,0,0,0,1,0,3,0,2,5,0
17,DOLJ,"SCOALA SÎRSCA",490,SOPOT,74242,2,PART,PRCNCT,S,S_SV,"2021-01-21 12:30:02",149,124,25,0,74,49,25,0,200,126,71,3,0,34,7,2,18,7,0,0,1,0,0,0,0,1,0,1
17,DOLJ,"SCOALA CU CLASELE I-IV BAŞCOV",491,SOPOT,74242,1,PROV,PRCNCT,S,S_SV,"2021-01-21 12:30:02",305,285,20,0,128,108,20,0,400,272,122,6,0,50,6,3,46,7,2,0,2,0,3,0,0,1,2,0
17,DOLJ,"SCOALA CU CLASELE I-IV PIETROAIA",492,SOPOT,74242,1,PROV,PRCNCT,S,S_SV,"2021-01-21 12:30:02",373,354,19,0,117,98,19,0,500,383,114,2,1,42,6,14,30,6,1,5,1,1,0,0,0,1,7,0
17,DOLJ,"CAMIN CULTURAL ALBESTI",493,"ŞIMNICU DE SUS",70174,1,PROV,PRCNCT,S,S_SV,"2021-01-21 12:30:02",1033,969,64,0,377,313,64,0,1100,723,367,6,4,67,24,74,132,17,1,0,2,4,0,1,3,2,39,1
17,DOLJ,"CAMIN CULTURAL DUDOVICESTI",494,"ŞIMNICU DE SUS",70174,1,PROV,PRCNCT,S,S_SV,"2021-01-21 12:30:02",900,804,94,2,285,189,94,2,900,615,278,7,0,60,16,50,106,15,0,0,5,7,0,1,1,2,15,0
17,DOLJ,"CAMIN CULTURAL FLORESTI",495,"ŞIMNICU DE SUS",70174,1,PROV,PRCNCT,S,S_SV,"2021-01-21 12:30:02",734,699,35,0,202,167,35,0,800,598,192,7,3,30,18,26,82,6,0,0,1,5,1,2,0,3,18,0
17,DOLJ,"SCOALA IZVOR",496,"ŞIMNICU DE SUS",70174,1,PROV,PRCNCT,S,S_SV,"2021-01-21 12:30:02",632,584,48,0,259,211,48,0,700,441,252,5,2,35,27,23,119,8,0,0,1,4,0,0,1,2,32,0
17,DOLJ,"GRADINITA LESILE",497,"ŞIMNICU DE SUS",70174,1,PROV,PRCNCT,S,S_SV,"2021-01-21 12:30:02",804,752,52,0,241,189,52,0,900,659,237,3,1,18,12,30,141,12,2,1,3,4,0,0,0,3,11,0
17,DOLJ,"SCOALA MILESTI",498,"ŞIMNICU DE SUS",70174,1,PROV,PRCNCT,S,S_SV,"2021-01-21 12:30:02",693,655,38,0,212,174,38,0,800,588,210,2,0,46,14,34,84,7,1,0,1,1,0,2,0,3,17,0
17,DOLJ,"SCOALA GIMNAZIALA TĂLPAȘ",499,TĂLPAŞ,74956,1,PROV,PRCNCT,S,S_SV,"2021-01-21 12:30:02",1054,989,65,0,416,351,65,0,1200,784,407,3,6,85,12,14,221,24,1,0,1,4,2,1,4,6,32,0
17,DOLJ,"CĂMINUL CULTURAL TEASC",500,TEASC,74322,1,PROV,PRCNCT,S,S_SV,"2021-01-21 12:30:02",1390,1343,47,0,498,451,47,0,1500,1002,488,7,3,210,14,42,171,13,0,0,1,5,0,1,1,2,28,0
17,DOLJ,"ŞCOALA GIMNAZIALĂ SECUI",501,TEASC,74322,1,PROV,PRCNCT,S,S_SV,"2021-01-21 12:30:02",1262,1211,51,0,438,387,51,0,1400,962,434,3,1,195,24,26,142,5,0,0,0,7,0,0,3,3,28,1
17,DOLJ,"ŞCOALA GENERALĂ TERPEZIŢA",502,TERPEZIŢA,74359,1,PROV,PRCNCT,S,S_SV,"2021-01-21 12:30:02",848,707,109,32,506,365,109,32,800,294,485,3,18,117,41,13,255,27,0,1,0,4,0,1,2,9,15,0
17,DOLJ,"ŞCOALA CU CLASELE I-IV CĂCIULATU",503,TERPEZIŢA,74359,1,PROV,PRCNCT,S,S_SV,"2021-01-21 12:30:02",302,265,28,9,181,144,28,9,400,219,173,4,4,64,6,2,85,7,2,0,0,3,0,0,0,0,4,0
17,DOLJ,"ŞCOALA CU CLASELE I-IV LAZU",504,TERPEZIŢA,74359,1,PROV,PRCNCT,S,S_SV,"2021-01-21 12:30:02",335,262,61,12,195,122,61,12,400,205,187,3,5,41,10,3,93,31,0,0,0,3,0,0,0,2,4,0
17,DOLJ,"SCOALA GIMNAZIALA TESLUI",505,TESLUI,74411,1,PROV,PRCNCT,S,S_SV,"2021-01-21 12:30:02",467,441,26,0,162,136,26,0,600,438,148,10,4,17,6,3,95,14,0,0,1,4,0,0,1,3,3,1
17,DOLJ,"ȘCOALA GENERALĂ CLASELE V-VIII PREAJBA DE PĂDURE",506,TESLUI,74411,1,PROV,PRCNCT,S,S_SV,"2021-01-21 12:30:02",676,633,43,0,320,277,43,0,800,480,312,2,6,27,7,20,219,11,0,0,3,4,0,1,1,4,15,0
17,DOLJ,"ȘCOALA CLASELE I-IV ȚĂRȚĂL",507,TESLUI,74411,1,PROV,PRCNCT,S,S_SV,"2021-01-21 12:30:02",301,277,24,0,161,137,24,0,400,239,158,2,1,28,2,4,59,51,1,0,6,6,0,1,0,0,0,0
17,DOLJ,"SCOALA VIISOARA MOSNENI",508,TESLUI,74411,1,PROV,PRCNCT,S,S_SV,"2021-01-21 12:30:02",463,434,29,0,188,159,29,0,500,312,181,3,4,31,5,12,96,14,1,0,0,6,0,0,2,5,9,0
17,DOLJ,"ȘCOALA GIMNAZIALĂ ȚUGLUI",509,ŢUGLUI,74509,1,PROV,PRCNCT,S,S_SV,"2021-01-21 12:30:02",1363,1308,49,6,549,494,49,6,1500,951,541,1,7,138,15,39,311,2,3,0,1,3,0,0,1,6,20,2
17,DOLJ,"GRĂDINIȚA NR 2 ȚUGLUI",510,ŢUGLUI,74509,1,PROV,PRCNCT,S,S_SV,"2021-01-21 12:30:02",929,903,24,2,401,375,24,2,1000,599,386,10,5,89,9,57,210,0,0,0,1,2,0,1,1,6,10,0
17,DOLJ,"DISPENSAR UMAN",511,ŢUGLUI,74509,1,PROV,PRCNCT,S,S_SV,"2021-01-21 12:30:02",260,232,28,0,119,91,28,0,300,181,116,2,1,14,2,6,80,1,0,0,1,3,0,2,0,2,5,0
17,DOLJ,"SCOALA DIN VALE NR.1",512,UNIREA,74536,2,PART,PRCNCT,S,S_SV,"2021-01-21 12:30:02",1718,1632,49,37,681,595,49,37,1800,1119,656,7,18,115,1,13,421,58,3,1,1,5,0,1,3,6,28,0
17,DOLJ,"SCOALA NR.2",513,UNIREA,74536,2,PART,PRCNCT,S,S_SV,"2021-01-21 12:30:02",1454,1396,35,23,542,484,35,23,1600,1058,520,8,14,92,6,7,330,45,2,0,0,2,1,2,1,7,25,0
17,DOLJ,"SCOALA CU CLS. I-VIII BARBU IONESCU URZICUTA",514,URZICUŢA,74554,1,PROV,PRCNCT,S,S_SV,"2021-01-21 12:30:02",1950,1868,82,0,494,412,82,0,2000,1506,475,19,0,158,46,9,208,5,2,0,4,8,1,6,2,3,22,1
17,DOLJ,"CĂMIN CULTURAL",515,URZICUŢA,74554,1,PROV,PRCNCT,S,S_SV,"2021-01-21 12:30:02",415,373,42,0,206,164,42,0,600,394,198,6,2,114,4,3,48,4,0,0,7,3,0,1,0,1,13,0
17,DOLJ,"SALA DE SEDINȚĂ A CONSILIULUI LOCAL",516,"VALEA STANCIULUI",74581,1,PROV,PRCNCT,S,S_SV,"2021-01-21 12:30:02",1252,1162,90,0,529,439,90,0,1300,771,503,23,3,192,19,21,220,9,3,1,2,3,0,1,2,10,19,1
17,DOLJ,"SCOALA CU CLASELE I-VIII",517,"VALEA STANCIULUI",74581,1,PROV,PRCNCT,S,S_SV,"2021-01-21 12:30:02",1388,1340,48,0,552,504,48,0,1500,948,526,26,0,76,9,19,352,20,2,0,4,6,6,2,2,6,20,2
17,DOLJ,"GRADINITA TUGURESTI",518,"VALEA STANCIULUI",74581,1,PROV,PRCNCT,S,S_SV,"2021-01-21 12:30:02",542,505,37,0,273,236,37,0,600,327,264,6,3,123,7,5,94,7,1,1,2,6,3,0,2,1,12,0
17,DOLJ,"GRĂDINIȚA CU PROGRAM NORMAL NR.1 VALEA STANCIULUI",519,"VALEA STANCIULUI",74581,1,PROV,PRCNCT,S,S_SV,"2021-01-21 12:30:02",721,680,41,0,293,252,41,0,800,507,282,11,0,129,1,2,119,9,1,2,1,2,1,0,0,4,10,1
17,DOLJ,"SCOALA CU CLASELE I-IV",520,"VALEA STANCIULUI",74581,3,PART,PRCNCT,S,S_SV,"2021-01-21 12:30:02",614,553,61,0,258,197,61,0,700,442,247,5,6,69,6,17,125,10,0,3,1,3,0,1,1,4,7,0
17,DOLJ,"ŞCOALA GIMNAZIALĂ VÎRTOP",521,VÂRTOP,74732,1,PROV,PRCNCT,S,S_SV,"2021-01-21 12:30:02",1373,1316,57,0,560,503,57,0,1500,940,534,0,26,77,2,4,402,7,4,0,3,6,1,0,1,3,24,0
17,DOLJ,"ŞCOALA CU CLASELE I-IV VÎRVOR",522,"VÂRVORU DE JOS",74750,1,PROV,PRCNCT,S,S_SV,"2021-01-21 12:30:02",602,520,82,0,212,130,82,0,700,488,201,5,6,24,1,8,88,61,0,0,2,2,1,1,2,0,10,1
17,DOLJ,"ŞCOALA CU CLASELE I-VIII VÎRVORU DE JOS",523,"VÂRVORU DE JOS",74750,2,PART,PRCNCT,S,S_SV,"2021-01-21 12:30:02",1071,967,62,42,393,291,62,40,1100,707,388,4,1,75,17,7,242,22,0,2,3,5,0,2,1,6,6,0
17,DOLJ,"SCOALA CU CLASELE I-IV CIUTURA",524,"VÂRVORU DE JOS",74750,1,PROV,PRCNCT,S,S_SV,"2021-01-21 12:30:02",655,554,76,25,248,147,76,25,800,552,239,5,4,21,20,5,149,14,2,2,7,3,0,0,1,1,13,1
17,DOLJ,"ŞCOALA CU CLASELE I-VIII VELA",525,VELA,74616,2,PART,PRCNCT,S,S_SV,"2021-01-21 12:30:02",453,362,73,18,277,186,73,18,500,223,274,3,0,25,6,6,211,1,1,2,2,6,5,0,1,4,4,0
17,DOLJ,"ŞCOALA CU CLASELE I-IV BUCOVICIOR",526,VELA,74616,2,PART,PRCNCT,S,S_SV,"2021-01-21 12:30:02",351,310,27,14,199,159,27,13,400,201,188,2,9,21,5,10,137,4,1,0,0,3,1,0,0,3,3,0
17,DOLJ,"ŞCOALA CU CLASELE I-IV STIUBEI",527,VELA,74616,1,PROV,PRCNCT,S,S_SV,"2021-01-21 12:30:02",118,76,36,6,77,35,36,6,200,123,76,1,0,18,1,4,46,4,0,0,1,1,1,0,0,0,0,0
17,DOLJ,"ŞCOALA CU CLASELE I-VIII GUBAUCEA",528,VELA,74616,1,PROV,PRCNCT,S,S_SV,"2021-01-21 12:30:02",549,519,19,11,301,271,19,11,600,299,292,3,6,35,3,4,231,2,2,1,1,3,5,0,0,1,4,0
17,DOLJ,"ŞCOALA CU CLASELE I-IV SUHARU",529,VELA,74616,1,PROV,PRCNCT,S,S_SV,"2021-01-21 12:30:02",266,217,33,16,158,109,33,16,400,242,152,4,2,33,1,4,95,5,1,0,0,2,1,0,1,1,8,0
17,DOLJ,"ŞCOALA GIMNAZIALĂ",530,VERBIŢA,74705,1,PROV,PRCNCT,S,S_SV,"2021-01-21 12:30:02",668,645,22,1,235,212,22,1,800,565,227,5,3,61,2,3,114,16,2,1,0,3,2,0,2,3,17,1
17,DOLJ,"GRĂDINIŢA CU PROGRAM NORMAL",531,VERBIŢA,74705,1,PROV,PRCNCT,S,S_SV,"2021-01-21 12:30:02",392,369,22,1,203,180,22,1,500,297,192,4,7,58,13,3,104,4,0,0,0,1,0,2,1,3,3,0
