precinct_county_nce,precinct_county_name,precinct_name,precinct_nr,uat_name,uat_siruta,report_version,report_stage_code,report_type_scope_code,report_type_category_code,report_type_code,created_at,a,a1,a2,a3,b,b1,b2,b3,c,d,e,f,g,"PARTIDUL MIȘCAREA POPULARĂ-voturi","PARTIDUL NAȚIONAL LIBERAL-voturi","ALIANȚA USR PLUS-voturi","PARTIDUL PRO ROMÂNIA-voturi","PARTIDUL SOCIAL DEMOCRAT-voturi","UNIUNEA DEMOCRATĂ MAGHIARĂ DIN ROMÂNIA-voturi","PARTIDUL ROMÂNIA MARE-voturi","ALIANȚA RENAȘTEREA NAȚIONALĂ-voturi","PARTIDUL NOUA ROMÂNIE-voturi","ALIANȚA PENTRU UNIREA ROMÂNILOR-voturi","PARTIDUL PUTERII UMANISTE (SOCIAL-LIBERAL)-voturi","PARTIDUL VERDE-voturi","PARTIDUL ECOLOGIST ROMÂN-voturi","UNIUNEA POLONEZILOR DIN ROMÂNIA-voturi","FEDERAȚIA COMUNITĂȚILOR EVREIEȘTI DIN ROMÂNIA-voturi","UNIUNEA ELENĂ DIN ROMÂNIA-voturi","UNIUNEA CULTURALĂ A RUTENILOR DIN ROMÂNIA-voturi","UNIUNEA DEMOCRATĂ TURCĂ DIN ROMÂNIA-voturi","UNIUNEA UCRAINENILOR DIN ROMÂNIA-voturi","COMUNITATEA RUȘILOR LIPOVENI DIN ROMÂNIA-voturi","UNIUNEA SÂRBILOR DIN ROMÂNIA-voturi","UNIUNEA CROAȚILOR DIN ROMÂNIA-voturi","FORUMUL DEMOCRAT AL GERMANILOR DIN ROMÂNIA-voturi","ASOCIAȚIA MACEDONENILOR DIN ROMÂNIA-voturi","ASOCIAȚIA PARTIDA ROMILOR “PRO-EUROPA”-voturi","ASOCIAȚIA LIGA ALBANEZILOR DIN ROMÂNIA-voturi","ASOCIAȚIA ITALIENILOR DIN ROMÂNIA – RO.AS.IT.-voturi","UNIUNEA DEMOCRATICĂ A SLOVACILOR ȘI CEHILOR DIN ROMÂNIA-voturi","UNIUNEA ARMENILOR DIN ROMÂNIA-voturi","UNIUNEA BULGARĂ DIN BANAT-ROMÂNIA-voturi","ROŞU GICĂ-CANDIDAT INDEPENDENT-voturi"
37,TIMIŞ,"UNIVERSITATEA DE MEDICINĂ ŞI FARMACIE ”VICTOR BABEŞ”",1,"MUNICIPIUL TIMIŞOARA",155243,1,PROV,PRCNCT,CD,CD_SV,"2021-01-21 12:30:02",1273,1229,34,10,330,286,34,10,1500,1170,325,4,1,19,80,132,6,45,11,3,4,1,9,1,1,5,0,0,0,1,0,1,0,0,0,1,0,0,0,0,1,1,0,3
37,TIMIŞ,"UNIVERSITATEA DE MEDICINĂ ŞI FARMACIE ”VICTOR BABEŞ”",2,"MUNICIPIUL TIMIŞOARA",155243,1,PROV,PRCNCT,CD,CD_SV,"2021-01-21 12:30:02",1086,1061,25,0,338,313,25,0,1200,862,334,4,0,11,92,134,10,51,5,2,3,0,6,2,3,3,0,2,1,1,0,1,0,1,0,4,0,0,0,0,1,0,0,1
37,TIMIŞ,"COLEGIUL NAȚIONAL PEDAGOGIC ”CARMEN SYLVA” TIMIȘOARA",3,"MUNICIPIUL TIMIŞOARA",155243,2,PART,PRCNCT,CD,CD_SV,"2021-01-21 12:30:02",706,648,48,10,250,192,48,10,700,450,248,2,0,14,48,92,12,58,5,0,1,0,12,0,2,1,0,0,0,0,0,0,0,0,0,0,0,0,0,0,0,0,2,1
37,TIMIŞ,"COLEGIUL TEHNIC ”EMANUIL UNGUREANU” TIMIȘOARA",4,"MUNICIPIUL TIMIŞOARA",155243,2,PART,PRCNCT,CD,CD_SV,"2021-01-21 12:30:02",1459,1397,61,1,470,408,61,1,1600,1130,469,1,0,21,101,187,13,80,16,1,1,1,23,2,3,5,0,1,0,3,0,0,0,2,0,5,0,0,1,0,0,1,1,1
37,TIMIŞ,"LICEUL TEORETIC ”NIKOLAUS LENAU” TIMIȘOARA",5,"MUNICIPIUL TIMIŞOARA",155243,1,PROV,PRCNCT,CD,CD_SV,"2021-01-21 12:30:02",798,758,31,9,284,244,31,9,900,616,282,2,0,17,75,105,2,45,14,1,0,0,6,3,0,3,0,0,0,0,0,0,0,6,0,3,0,0,0,0,0,0,2,0
37,TIMIŞ,"LICEUL TEORETIC ”NIKOLAUS LENAU” TIMIȘOARA",6,"MUNICIPIUL TIMIŞOARA",155243,1,PROV,PRCNCT,CD,CD_SV,"2021-01-21 12:30:02",867,825,41,1,264,222,41,1,1000,736,262,1,1,19,36,109,9,44,3,2,1,1,12,1,3,5,8,0,0,0,0,0,0,6,0,0,0,0,0,0,0,1,2,0
37,TIMIŞ,"LICEUL TEORETIC ”NIKOLAUS LENAU”TIMIȘOARA",7,"MUNICIPIUL TIMIŞOARA",155243,1,PROV,PRCNCT,CD,CD_SV,"2021-01-21 12:30:02",669,623,31,15,214,168,31,15,700,486,213,1,0,9,35,94,1,36,12,1,1,0,7,4,3,2,0,1,0,0,0,0,0,1,2,1,0,1,0,0,0,0,1,1
37,TIMIŞ,"COLEGIUL TEHNIC ”HENRI COANDĂ” TIMIȘOARA",8,"MUNICIPIUL TIMIŞOARA",155243,1,PROV,PRCNCT,CD,CD_SV,"2021-01-21 12:30:02",861,836,25,0,245,220,25,0,1000,755,242,3,0,10,52,114,5,30,8,0,1,0,5,3,1,2,0,0,0,0,0,1,0,1,0,4,0,0,0,0,0,0,4,1
37,TIMIŞ,"COLEGIUL TEHNIC ”HENRI COANDĂ” TIMIȘOARA",9,"MUNICIPIUL TIMIŞOARA",155243,1,PROV,PRCNCT,CD,CD_SV,"2021-01-21 12:30:02",1184,1170,12,2,387,373,12,2,1299,912,381,3,3,33,77,159,3,67,9,1,0,1,11,4,2,3,0,0,1,0,0,0,0,5,0,3,0,0,0,0,2,0,0,0
37,TIMIŞ,"LICEUL TEORETIC ”NIKOLAUS LENAU”",10,"MUNICIPIUL TIMIŞOARA",155243,1,PROV,PRCNCT,CD,CD_SV,"2021-01-21 12:30:02",633,597,36,0,227,191,36,0,700,473,227,0,0,11,39,109,10,36,5,0,1,1,6,1,0,4,1,0,0,0,0,0,0,0,0,2,0,0,0,0,0,0,1,0
37,TIMIŞ,"INSPECTORATUL TERITORIAL AL POLIŢIEI DE FRONTIERĂ TIMIȘOARA",11,"MUNICIPIUL TIMIŞOARA",155243,1,PROV,PRCNCT,CD,CD_SV,"2021-01-21 12:30:02",1311,1278,31,2,365,332,31,2,1400,1035,364,1,0,19,86,138,7,56,7,4,4,1,23,4,2,6,0,0,0,0,0,0,0,4,0,0,2,0,0,0,0,0,0,1
37,TIMIŞ,"INSPECTORATUL TERITORIAL AL POLIŢIEI DE FRONTIERĂ TIMIȘOARA",12,"MUNICIPIUL TIMIŞOARA",155243,1,PROV,PRCNCT,CD,CD_SV,"2021-01-21 12:30:02",1378,1364,14,0,433,419,14,0,1500,1067,433,0,0,19,91,204,12,50,11,1,2,0,23,3,1,7,0,1,0,2,0,1,0,1,1,0,0,0,1,0,0,1,0,1
37,TIMIŞ,"FUNDAŢIA IOAN SLAVICI",13,"MUNICIPIUL TIMIŞOARA",155243,1,PROV,PRCNCT,CD,CD_SV,"2021-01-21 12:30:02",1281,1247,34,0,420,386,34,0,1400,980,415,4,1,29,86,172,12,60,4,3,7,3,20,1,3,4,2,0,0,1,0,0,0,3,0,0,0,1,1,1,0,1,1,0
37,TIMIŞ,"FUNDAŢIA IOAN SLAVICI",14,"MUNICIPIUL TIMIŞOARA",155243,1,PROV,PRCNCT,CD,CD_SV,"2021-01-21 12:30:02",1361,1349,9,3,408,396,9,3,1600,1192,400,6,2,20,107,159,11,58,5,5,0,1,20,2,2,5,0,0,0,0,0,1,0,1,0,0,1,1,0,0,0,1,0,0
37,TIMIŞ,"ȘCOALA GIMNAZIALĂ NR.7 ”SFÂNTA MARIA” TIMIȘOARA",15,"MUNICIPIUL TIMIŞOARA",155243,1,PROV,PRCNCT,CD,CD_SV,"2021-01-21 12:30:02",1108,1088,19,1,348,328,19,1,1194,846,344,3,1,20,66,121,13,59,6,4,13,3,22,1,0,7,0,1,0,0,0,0,0,3,0,2,0,0,0,0,0,0,2,1
37,TIMIŞ,"ȘCOALA GIMNAZIALĂ NR.7 ”SFÂNTA MARIA” TIMIȘOARA",16,"MUNICIPIUL TIMIŞOARA",155243,1,PROV,PRCNCT,CD,CD_SV,"2021-01-21 12:30:02",1047,1024,23,0,280,257,23,0,1200,920,279,1,0,16,71,106,11,40,1,3,2,1,17,1,1,2,1,0,0,1,0,0,0,3,0,0,1,0,0,0,0,0,1,0
37,TIMIŞ,"ȘCOALA GIMNAZIALĂ NR.7 ”SFÂNTA MARIA”TIMIȘOARA",17,"MUNICIPIUL TIMIŞOARA",155243,1,PROV,PRCNCT,CD,CD_SV,"2021-01-21 12:30:02",1786,1761,25,0,523,498,25,0,2000,1477,516,6,1,32,98,183,14,121,6,1,2,1,40,8,1,2,0,0,0,0,0,0,0,6,0,0,0,0,0,0,0,0,1,0
37,TIMIŞ,"GRĂDINIŢA CU PROGRAM PRELUNGIT NR. 36 (FOSTA GRĂDINIŢĂ NR. 37)",18,"MUNICIPIUL TIMIŞOARA",155243,1,PROV,PRCNCT,CD,CD_SV,"2021-01-21 12:30:02",1705,1664,37,4,561,520,37,4,1800,1239,557,4,0,28,129,244,15,69,11,0,0,0,33,0,3,4,0,0,0,1,0,0,0,6,1,7,0,0,0,0,0,0,5,1
37,TIMIŞ,"GRĂDINIŢA CU PROGRAM PRELUNGIT NR. 36 (FOSTA GRĂDINIŢĂ NR. 37)",19,"MUNICIPIUL TIMIŞOARA",155243,1,PROV,PRCNCT,CD,CD_SV,"2021-01-21 12:30:02",1486,1454,32,0,420,388,32,0,1700,1280,417,2,1,11,85,188,6,78,9,1,6,0,10,3,1,6,0,0,1,1,0,0,0,3,0,4,0,0,0,0,0,1,0,3
37,TIMIŞ,"UNIVERSITATEA DE ȘTIINȚE AGRICOLE ȘI MEDICINĂ VETERINARĂ A BANATULUI( ÎN INCINTA FACULTĂȚII DE TEHNOLOGIA PRODUSELOR AGROALIMENTARE)",20,"MUNICIPIUL TIMIŞOARA",155243,1,PROV,PRCNCT,CD,CD_SV,"2021-01-21 12:30:02",1888,1849,37,2,672,633,37,2,2000,1328,668,4,0,37,127,330,15,83,10,4,3,2,28,2,1,6,2,0,0,0,0,0,0,10,0,1,0,0,0,0,0,1,5,1
37,TIMIŞ,"UNIVERSITATEA DE ȘTIINȚE AGRICOLE ȘI MEDICINĂ VETERINARĂ A BANATULUI( ÎN INCINTA FACULTĂȚII DE TEHNOLOGIA PRODUSELOR AGROALIMENTARE)",21,"MUNICIPIUL TIMIŞOARA",155243,1,PROV,PRCNCT,CD,CD_SV,"2021-01-21 12:30:02",1902,1855,47,0,680,633,47,0,1900,1220,676,2,2,43,112,337,20,95,11,0,4,0,24,7,12,4,2,0,0,0,0,0,0,3,0,2,0,0,0,0,0,0,0,0
37,TIMIŞ,"UNIVERSITATEA DE ȘTIINȚE AGRICOLE ȘI MEDICINĂ VETERINARĂ A BANATULUI( ÎN INCINTA FACULTĂȚII DE TEHNOLOGIA PRODUSELOR AGROALIMENTARE)",22,"MUNICIPIUL TIMIŞOARA",155243,1,PROV,PRCNCT,CD,CD_SV,"2021-01-21 12:30:02",1633,1597,29,7,409,373,29,7,1800,1391,404,4,1,21,90,164,16,53,14,2,2,1,21,2,0,4,0,0,0,0,0,0,0,5,0,3,0,0,0,0,0,1,3,2
37,TIMIŞ,"UNIVERSITATEA DE ȘTIINȚE AGRICOLE ȘI MEDICINĂ VETERINARĂ A BANATULUI( ÎN INCINTA FACULTĂȚII DE TEHNOLOGIA PRODUSELOR AGROALIMENTARE)",23,"MUNICIPIUL TIMIŞOARA",155243,1,PROV,PRCNCT,CD,CD_SV,"2021-01-21 12:30:02",1798,1771,25,2,625,598,25,2,1900,1275,620,5,0,43,132,257,19,101,19,1,5,0,16,5,3,10,0,0,0,0,0,0,0,5,1,0,0,0,0,0,0,0,2,1
37,TIMIŞ,"UNIVERSITATEA DE ȘTIINȚE AGRICOLE ȘI MEDICINĂ VETERINARĂ A BANATULUI( ÎN INCINTA FACULTĂȚII DE TEHNOLOGIA PRODUSELOR AGROALIMENTARE )",24,"MUNICIPIUL TIMIŞOARA",155243,1,PROV,PRCNCT,CD,CD_SV,"2021-01-21 12:30:02",1789,1768,20,1,531,510,20,1,2000,1469,528,3,0,24,107,258,16,71,6,1,3,0,22,4,1,9,0,0,0,0,0,0,0,3,0,0,0,0,0,0,0,0,3,0
37,TIMIŞ,"ŞCOALA GIMNAZIALĂ NR.24 (GRĂDINIŢA CU PROGRAM PRELUNGIT NR.27)",25,"MUNICIPIUL TIMIŞOARA",155243,2,PART,PRCNCT,CD,CD_SV,"2021-01-21 12:30:02",1355,1324,31,0,411,380,31,0,1500,1089,408,3,0,15,101,153,11,62,9,0,3,2,25,6,1,10,0,0,0,0,0,0,0,4,0,1,0,0,0,0,0,0,1,4
37,TIMIŞ,"ŞCOALA GIMNAZIALĂ NR.24 (GRĂDINIŢA CU PROGRAM PRELUNGIT NR.27)",26,"MUNICIPIUL TIMIŞOARA",155243,1,PROV,PRCNCT,CD,CD_SV,"2021-01-21 12:30:02",1293,1273,20,0,443,423,20,0,1400,957,436,7,0,23,93,157,16,79,19,1,2,2,21,10,0,4,0,1,0,0,0,1,0,2,0,1,0,1,0,0,0,0,1,2
37,TIMIŞ,"ŞCOALA GIMNAZIALĂ NR.19 ”AVRAM IANCU” TIMIȘOARA",27,"MUNICIPIUL TIMIŞOARA",155243,1,PROV,PRCNCT,CD,CD_SV,"2021-01-21 12:30:02",1393,1373,20,0,469,449,20,0,1500,1031,465,3,1,43,113,153,13,78,14,3,6,0,14,3,2,6,0,0,0,0,0,2,0,4,0,6,0,0,0,0,0,1,2,2
37,TIMIŞ,"ŞCOALA GIMNAZIALĂ NR.19 ”AVRAM IANCU” TIMIȘOARA",28,"MUNICIPIUL TIMIŞOARA",155243,1,PROV,PRCNCT,CD,CD_SV,"2021-01-21 12:30:02",1570,1550,20,0,531,511,20,0,1800,1269,527,3,1,23,113,243,11,79,4,1,3,0,19,4,3,12,0,0,0,1,0,1,0,7,0,2,0,0,0,0,0,0,1,0
37,TIMIŞ,"ŞCOALA GIMNAZIALĂ NR.24",29,"MUNICIPIUL TIMIŞOARA",155243,1,PROV,PRCNCT,CD,CD_SV,"2021-01-21 12:30:02",1274,1223,51,0,428,377,51,0,1400,972,422,5,1,31,88,188,11,66,9,5,2,1,10,1,1,6,0,0,0,0,0,0,0,1,0,1,0,0,1,0,0,0,0,0
37,TIMIŞ,"ŞCOALA GIMNAZIALĂ NR.24",30,"MUNICIPIUL TIMIŞOARA",155243,2,PART,PRCNCT,CD,CD_SV,"2021-01-21 12:30:02",1404,1383,21,0,451,430,21,0,1600,1149,447,4,0,29,95,181,13,58,25,1,1,2,20,6,1,5,1,0,1,0,0,0,0,2,0,2,0,0,0,0,0,0,2,2
37,TIMIŞ,"ŞCOALA GIMNAZIALĂ NR.24",31,"MUNICIPIUL TIMIŞOARA",155243,2,PART,PRCNCT,CD,CD_SV,"2021-01-21 12:30:02",805,784,21,0,234,213,21,0,900,666,231,1,2,16,45,101,8,44,3,0,1,0,4,0,1,3,0,0,0,0,0,1,0,2,0,1,1,0,0,0,0,0,0,0
37,TIMIŞ,"ŞCOALA GIMNAZIALĂ NR.24",32,"MUNICIPIUL TIMIŞOARA",155243,2,PART,PRCNCT,CD,CD_SV,"2021-01-21 12:30:02",936,920,16,0,313,297,16,0,1000,687,306,7,0,13,57,126,10,52,12,0,3,0,9,6,3,6,0,2,1,0,0,0,0,3,0,0,0,0,1,0,0,0,0,2
37,TIMIŞ,"ŞCOALA GIMNAZIALĂ NR.24",33,"MUNICIPIUL TIMIŞOARA",155243,1,PROV,PRCNCT,CD,CD_SV,"2021-01-21 12:30:02",1345,1327,18,0,378,360,18,0,1500,1122,375,2,1,16,94,168,14,50,5,3,1,2,12,0,0,3,1,0,0,0,0,0,0,5,0,0,0,0,0,0,0,0,0,1
37,TIMIŞ,"ŞCOALA GIMNAZIALĂ NR.24",34,"MUNICIPIUL TIMIŞOARA",155243,2,PART,PRCNCT,CD,CD_SV,"2021-01-21 12:30:02",1121,1106,13,2,356,341,13,2,1200,844,355,1,0,20,75,145,10,55,15,3,1,1,15,2,3,3,1,0,0,0,0,0,0,3,2,0,0,0,0,0,1,0,0,0
37,TIMIŞ,"ŞCOALA GIMNAZIALĂ NR.24",35,"MUNICIPIUL TIMIŞOARA",155243,1,PROV,PRCNCT,CD,CD_SV,"2021-01-21 12:30:02",1134,1111,23,0,391,368,23,0,1200,809,387,3,1,15,105,168,9,46,11,0,0,0,15,4,1,5,0,0,0,0,0,0,0,5,1,1,0,0,1,0,0,0,0,0
37,TIMIŞ,"ŞCOALA GIMNAZIALĂ NR.24",36,"MUNICIPIUL TIMIŞOARA",155243,1,PROV,PRCNCT,CD,CD_SV,"2021-01-21 12:30:02",1257,1239,17,1,445,427,17,1,1400,955,440,3,2,24,99,184,8,75,4,0,2,3,14,1,2,10,1,0,0,3,0,0,0,8,0,1,0,0,0,0,0,0,1,0
37,TIMIŞ,"ŞCOALA GIMNAZIALĂ NR.18",37,"MUNICIPIUL TIMIŞOARA",155243,1,PROV,PRCNCT,CD,CD_SV,"2021-01-21 12:30:02",1511,1482,29,0,489,460,29,0,1700,1211,487,1,1,27,93,183,29,85,16,0,4,0,29,1,2,6,0,0,0,2,0,0,0,7,0,1,1,0,0,0,0,0,0,1
37,TIMIŞ,"ŞCOALA GIMNAZIALĂ NR.18",38,"MUNICIPIUL TIMIŞOARA",155243,1,PROV,PRCNCT,CD,CD_SV,"2021-01-21 12:30:02",1559,1536,23,0,484,461,23,0,1700,1216,478,4,2,13,104,202,14,86,11,1,5,3,15,3,1,7,0,0,1,0,0,2,0,9,0,1,0,0,0,0,0,0,0,0
37,TIMIŞ,"ŞCOALA GIMNAZIALĂ NR.18",39,"MUNICIPIUL TIMIŞOARA",155243,1,PROV,PRCNCT,CD,CD_SV,"2021-01-21 12:30:02",1286,1266,20,0,329,309,20,0,1400,1071,326,2,1,11,66,137,11,44,17,3,3,0,9,8,3,7,1,0,0,2,0,0,0,3,1,0,0,0,0,0,0,0,0,0
37,TIMIŞ,"CLUBUL SPORTIV ŞCOLAR NR.1",40,"MUNICIPIUL TIMIŞOARA",155243,1,PROV,PRCNCT,CD,CD_SV,"2021-01-21 12:30:02",945,914,31,0,356,325,31,0,1100,744,348,3,5,20,75,143,9,58,10,1,5,1,7,5,3,2,0,0,0,3,0,0,0,0,0,3,0,0,1,0,1,0,1,0
37,TIMIŞ,"GRĂDINIŢA CU PROGRAM PRELUNGIT NR.36",41,"MUNICIPIUL TIMIŞOARA",155243,1,PROV,PRCNCT,CD,CD_SV,"2021-01-21 12:30:02",1296,1250,46,0,435,389,46,0,1400,965,433,2,0,24,80,194,13,63,15,1,5,0,20,1,1,4,0,1,0,0,0,0,2,3,0,2,2,1,0,0,0,0,1,0
37,TIMIŞ,"ŞCOALA GIMNAZIALĂ NR.19 ”AVRAM IANCU”",42,"MUNICIPIUL TIMIŞOARA",155243,1,PROV,PRCNCT,CD,CD_SV,"2021-01-21 12:30:02",1056,1037,19,0,360,341,19,0,1200,840,358,2,0,20,77,161,4,47,15,2,2,0,11,0,4,5,0,2,0,0,0,0,0,4,0,3,0,0,0,0,0,0,0,1
37,TIMIŞ,"ŞCOALA GIMNAZIALĂ NR.19 ”AVRAM IANCU”",43,"MUNICIPIUL TIMIŞOARA",155243,1,PROV,PRCNCT,CD,CD_SV,"2021-01-21 12:30:02",1177,1153,24,0,349,325,24,0,1300,951,345,4,0,24,77,118,8,67,13,3,3,1,11,2,3,5,0,2,0,0,0,1,0,3,0,1,0,0,1,0,0,1,1,0
37,TIMIŞ,"ŞCOALA GIMNAZIALĂ NR.19 ”AVRAM IANCU”",44,"MUNICIPIUL TIMIŞOARA",155243,1,PROV,PRCNCT,CD,CD_SV,"2021-01-21 12:30:02",1250,1211,38,1,416,377,38,1,1400,984,410,4,2,17,78,199,6,50,11,2,0,1,15,5,1,8,0,2,0,0,0,0,0,9,2,2,0,1,0,0,0,0,1,0
37,TIMIŞ,"ŞCOALA GIMNAZIALĂ NR.19 ”AVRAM IANCU”",45,"MUNICIPIUL TIMIŞOARA",155243,1,PROV,PRCNCT,CD,CD_SV,"2021-01-21 12:30:02",1418,1405,13,0,366,353,13,0,1600,1234,361,5,0,19,79,162,7,60,5,0,1,1,13,2,1,1,0,0,0,0,0,0,0,1,1,3,0,0,1,0,0,0,0,4
37,TIMIŞ,"GRĂDINIŢA CU PROGRAM PRELUNGIT NR.26",46,"MUNICIPIUL TIMIŞOARA",155243,1,PROV,PRCNCT,CD,CD_SV,"2021-01-21 12:30:02",1359,1331,28,0,421,393,28,0,1500,1079,418,3,0,14,99,188,5,65,14,2,3,0,8,4,5,1,0,0,0,0,0,0,0,1,0,5,1,0,0,1,0,0,1,1
37,TIMIŞ,"GRĂDINIŢA CU PROGRAM PRELUNGIT NR.26",47,"MUNICIPIUL TIMIŞOARA",155243,1,PROV,PRCNCT,CD,CD_SV,"2021-01-21 12:30:02",1326,1302,24,0,419,395,24,0,1500,1081,416,1,2,21,73,190,15,72,4,3,2,1,10,2,2,4,0,0,0,0,0,0,0,7,0,4,1,0,0,0,0,0,5,0
37,TIMIŞ,"GRĂDINIŢA CU PROGRAM PRELUNGIT NR.20 (GRĂDINIŢA CU PROGRAM PRELUNGIT NR.9 ”CARLA PELZ”)",48,"MUNICIPIUL TIMIŞOARA",155243,1,PROV,PRCNCT,CD,CD_SV,"2021-01-21 12:30:02",1419,1393,25,1,458,432,25,1,1600,1142,457,0,1,25,117,156,8,80,4,2,4,1,27,8,2,1,0,0,0,0,0,0,0,11,0,4,0,0,0,0,1,0,5,1
37,TIMIŞ,"GRĂDINIŢA CU PROGRAM PRELUNGIT NR.20 (GRĂDINIŢA CU PROGRAM PRELUNGIT NR.9 ”CARLA PELZ”)",49,"MUNICIPIUL TIMIŞOARA",155243,1,PROV,PRCNCT,CD,CD_SV,"2021-01-21 12:30:02",1450,1425,22,3,473,448,22,3,1594,1121,468,5,0,25,92,207,18,69,8,3,4,0,23,3,3,4,0,0,0,1,0,0,0,5,0,3,0,0,0,0,0,0,0,0
37,TIMIŞ,"BIROUL LOCUINŢE/DIRECŢIA CLĂDIRI, TERENURI ŞI DOTĂRI DIVERSE- PRIMĂRIA MUNICIPIULUI TIMIŞOARA",50,"MUNICIPIUL TIMIŞOARA",155243,1,PROV,PRCNCT,CD,CD_SV,"2021-01-21 12:30:02",749,712,33,4,282,245,33,4,800,518,282,0,0,9,50,124,3,45,10,3,3,0,15,3,4,5,1,0,0,1,0,0,0,1,0,4,0,0,0,0,0,1,0,0
37,TIMIŞ,"LICEUL TEHNOLOGIC DE INDUSTRIE ALIMENTARĂ",51,"MUNICIPIUL TIMIŞOARA",155243,1,PROV,PRCNCT,CD,CD_SV,"2021-01-21 12:30:02",1086,1045,41,0,340,299,41,0,1200,860,335,3,2,19,71,136,14,55,8,3,7,1,9,1,0,6,0,0,0,2,0,0,0,3,0,0,0,0,0,0,0,0,0,0
37,TIMIŞ,"LICEUL TEHNOLOGIC DE INDUSTRIE ALIMENTARĂ",52,"MUNICIPIUL TIMIŞOARA",155243,1,PROV,PRCNCT,CD,CD_SV,"2021-01-21 12:30:02",1225,1208,17,0,459,442,17,0,1400,941,453,6,0,25,101,176,11,76,8,6,6,0,14,6,5,10,0,0,0,0,0,0,0,3,0,5,0,0,0,0,0,0,0,1
37,TIMIŞ,"LICEUL TEHNOLOGIC UCECOM ”SPIRU HARET”",53,"MUNICIPIUL TIMIŞOARA",155243,1,PROV,PRCNCT,CD,CD_SV,"2021-01-21 12:30:02",1293,1268,23,2,414,389,23,2,1400,986,414,0,0,31,111,141,4,72,7,4,5,1,17,4,3,5,0,1,1,0,0,0,0,5,0,1,0,0,0,0,0,0,1,0
37,TIMIŞ,"LICEUL TEHNOLOGIC UCECOM ”SPIRU HARET”",54,"MUNICIPIUL TIMIŞOARA",155243,1,PROV,PRCNCT,CD,CD_SV,"2021-01-21 12:30:02",1498,1477,21,0,516,495,21,0,1600,1084,511,3,2,36,114,228,12,70,5,1,8,0,15,2,5,3,1,0,0,0,0,0,0,3,0,4,0,0,0,0,0,0,4,0
37,TIMIŞ,"COLEGIUL TEHNIC ”HENRI COANDĂ” (ŞCOALA PRIMARĂ NR.11)",55,"MUNICIPIUL TIMIŞOARA",155243,3,PART,PRCNCT,CD,CD_SV,"2021-01-21 12:30:02",1757,1737,18,2,577,557,18,2,1900,1323,575,2,0,56,146,208,10,78,10,1,8,0,29,3,2,6,0,0,2,1,0,0,0,2,0,3,1,0,0,0,1,0,4,4
37,TIMIŞ,"COLEGIUL TEHNIC ”HENRI COANDĂ” (ŞCOALA PRIMARĂ NR.11)",56,"MUNICIPIUL TIMIŞOARA",155243,2,PART,PRCNCT,CD,CD_SV,"2021-01-21 12:30:02",1748,1708,38,2,547,507,38,2,1900,1353,543,3,1,54,91,197,20,98,5,2,9,2,44,3,2,6,0,0,1,0,0,1,0,3,0,0,0,0,0,1,0,0,2,2
37,TIMIŞ,"COLEGIUL TEHNIC ”HENRI COANDĂ” (ŞCOALA PRIMARĂ NR.11)",57,"MUNICIPIUL TIMIŞOARA",155243,1,PROV,PRCNCT,CD,CD_SV,"2021-01-21 12:30:02",1938,1922,10,6,677,661,10,6,2100,1423,673,3,1,47,150,283,19,91,3,1,13,3,26,5,6,12,0,0,1,0,0,1,0,2,1,4,0,0,0,0,0,0,4,1
37,TIMIŞ,"ŞCOALA GIMNAZIALĂ NR.19 ”AVRAM IANCU” (ŞCOALA PRIMARĂ NR.19)",58,"MUNICIPIUL TIMIŞOARA",155243,1,PROV,PRCNCT,CD,CD_SV,"2021-01-21 12:30:02",1805,1774,29,2,527,496,29,2,1900,1373,521,4,0,14,115,223,14,74,11,4,4,3,24,6,2,11,0,2,0,0,0,0,0,7,0,2,1,0,0,0,0,0,1,3
37,TIMIŞ,"ŞCOALA GIMNAZIALĂ NR.19 ”AVRAM IANCU” (ŞCOALA PRIMARĂ NR.19)",59,"MUNICIPIUL TIMIŞOARA",155243,1,PROV,PRCNCT,CD,CD_SV,"2021-01-21 12:30:02",1703,1680,18,5,584,561,18,5,1900,1316,576,8,0,40,146,218,17,76,16,1,5,1,25,3,4,4,0,1,1,1,0,1,0,5,0,7,1,0,0,1,0,0,1,1
37,TIMIŞ,"ŞCOALA GIMNAZIALĂ NR.19 ”AVRAM IANCU” (ŞCOALA PRIMARĂ NR.19)",60,"MUNICIPIUL TIMIŞOARA",155243,1,PROV,PRCNCT,CD,CD_SV,"2021-01-21 12:30:02",1676,1648,24,4,376,348,24,4,1800,1424,374,2,0,28,65,119,14,68,1,3,11,2,45,5,3,5,0,0,0,0,0,0,0,1,0,0,1,0,1,1,1,0,0,0
37,TIMIŞ,"INSPECTORATUL TERITORIAL DE MUNCĂ TIMIŞ",61,"MUNICIPIUL TIMIŞOARA",155243,1,PROV,PRCNCT,CD,CD_SV,"2021-01-21 12:30:02",1374,1341,31,2,370,337,31,2,1500,1130,366,2,2,28,78,119,8,52,14,1,4,3,38,2,5,5,0,0,0,1,0,0,0,3,0,2,0,2,0,0,0,0,0,1
37,TIMIŞ,"S.C. DRUMURI MUNICIPALE TIMIŞOARA S.A.(FOSTA ADMINISTRAREA DOMENIULUI PUBLIC )",62,"MUNICIPIUL TIMIŞOARA",155243,1,PROV,PRCNCT,CD,CD_SV,"2021-01-21 12:30:02",1416,1403,13,0,395,382,13,0,1600,1205,391,4,0,12,72,142,21,72,11,2,6,0,28,5,2,8,0,0,1,0,0,0,0,3,0,3,0,0,0,0,0,0,3,0
37,TIMIŞ,"S.C. DRUMURI MUNICIPALE TIMIŞOARA S.A.(FOSTA ADMINISTRAREA DOMENIULUI PUBLIC )",63,"MUNICIPIUL TIMIŞOARA",155243,1,PROV,PRCNCT,CD,CD_SV,"2021-01-21 12:30:02",1429,1404,23,2,327,302,23,2,1500,1173,324,2,1,19,68,118,6,53,7,1,2,1,35,2,0,5,2,0,0,0,0,0,0,3,0,0,0,0,0,0,1,0,0,1
37,TIMIŞ,"LICEUL TEHNOLOGIC DE VEST TIMIȘOARA",64,"MUNICIPIUL TIMIŞOARA",155243,1,PROV,PRCNCT,CD,CD_SV,"2021-01-21 12:30:02",1263,1230,17,16,348,315,17,16,1400,1052,343,2,3,24,86,122,8,50,12,2,4,1,13,3,0,0,0,0,2,0,0,2,0,1,0,2,0,0,0,1,0,7,2,1
37,TIMIŞ,"LICEUL TEHNOLOGIC DE VEST TIMIȘOARA",65,"MUNICIPIUL TIMIŞOARA",155243,1,PROV,PRCNCT,CD,CD_SV,"2021-01-21 12:30:02",1086,1076,9,1,321,311,9,1,1200,879,315,6,0,19,64,130,7,40,10,3,0,3,16,2,3,6,0,1,0,0,0,0,0,6,0,0,0,1,0,0,0,0,2,2
37,TIMIŞ,"LICEUL TEHNOLOGIC DE VEST TIMIȘOARA",66,"MUNICIPIUL TIMIŞOARA",155243,1,PROV,PRCNCT,CD,CD_SV,"2021-01-21 12:30:02",985,963,22,0,283,261,22,0,1100,817,280,3,0,18,56,123,3,26,15,0,7,0,16,0,3,4,0,0,0,2,0,1,0,2,0,1,0,0,0,0,0,2,1,0
37,TIMIŞ,"ŞCOALA GIMNAZIALĂ NR.12",67,"MUNICIPIUL TIMIŞOARA",155243,1,PROV,PRCNCT,CD,CD_SV,"2021-01-21 12:30:02",1018,976,29,13,331,289,29,13,1100,769,329,2,0,17,65,123,10,52,13,5,3,1,25,0,3,4,0,0,0,0,0,0,0,4,0,1,1,0,0,0,0,0,1,1
37,TIMIŞ,"ŞCOALA GIMNAZIALĂ NR.12",68,"MUNICIPIUL TIMIŞOARA",155243,1,PROV,PRCNCT,CD,CD_SV,"2021-01-21 12:30:02",1249,1221,26,2,367,339,26,2,1400,1033,360,4,3,23,76,121,4,49,20,1,7,1,29,3,3,5,0,1,1,1,0,1,0,3,0,3,1,0,0,0,0,0,4,3
37,TIMIŞ,"COLEGIUL ECONOMIC ”FRANCESCO SEVERIO NITTI” TIMIȘOARA",69,"MUNICIPIUL TIMIŞOARA",155243,1,PROV,PRCNCT,CD,CD_SV,"2021-01-21 12:30:02",1185,1165,20,0,300,280,20,0,1300,1000,294,3,3,11,65,105,8,58,2,1,7,2,23,2,3,4,1,0,0,0,0,0,0,1,0,0,0,0,0,0,0,0,1,0
37,TIMIŞ,"COLEGIUL ECONOMIC ”FRANCESCO SEVERIO NITTI” TIMIȘOARA",70,"MUNICIPIUL TIMIŞOARA",155243,1,PROV,PRCNCT,CD,CD_SV,"2021-01-21 12:30:02",1195,1176,13,6,344,325,13,6,1300,956,339,4,1,31,63,118,12,51,11,0,4,1,19,5,1,9,0,0,1,0,0,0,0,7,0,1,0,0,0,0,0,0,5,0
37,TIMIŞ,"COLEGIUL ECONOMIC ”FRANCESCO SEVERIO NITTI” TIMIȘOARA",71,"MUNICIPIUL TIMIŞOARA",155243,1,PROV,PRCNCT,CD,CD_SV,"2021-01-21 12:30:02",1346,1318,11,17,465,437,11,17,1500,1035,456,9,0,16,87,191,3,84,19,2,5,1,20,3,1,7,1,0,1,1,0,1,1,4,0,3,0,0,0,0,0,1,2,2
37,TIMIŞ,"COLEGIUL ECONOMIC ”FRANCESCO SEVERIO NITTI” TIMIȘOARA",72,"MUNICIPIUL TIMIŞOARA",155243,1,PROV,PRCNCT,CD,CD_SV,"2021-01-21 12:30:02",1282,1264,17,1,443,425,17,1,1400,957,440,3,0,21,102,184,8,61,9,0,6,2,18,1,1,11,0,1,1,1,0,0,0,3,0,6,0,0,0,0,0,0,1,3
37,TIMIŞ,"LICEUL TEORETIC ”GRIGORE MOISIL” (ŞCOALA GIMNAZIALĂ NR.22)",73,"MUNICIPIUL TIMIŞOARA",155243,1,PROV,PRCNCT,CD,CD_SV,"2021-01-21 12:30:02",938,921,17,0,307,290,17,0,1000,693,304,3,0,13,61,122,5,40,15,2,4,0,11,3,1,13,0,0,0,0,0,1,0,4,0,4,1,0,0,1,0,0,1,2
37,TIMIŞ,"LICEUL TEORETIC ”GRIGORE MOISIL” (ŞCOALA GIMNAZIALĂ NR.22)",74,"MUNICIPIUL TIMIŞOARA",155243,1,PROV,PRCNCT,CD,CD_SV,"2021-01-21 12:30:02",955,928,27,0,300,273,27,0,1000,700,298,1,1,24,63,144,3,34,4,2,0,1,10,0,2,2,1,0,0,0,0,1,0,3,0,1,0,1,0,0,1,0,1,0
37,TIMIŞ,"LICEUL TEORETIC ”GRIGORE MOISIL” (ŞCOALA GIMNAZIALĂ NR.22)",75,"MUNICIPIUL TIMIŞOARA",155243,1,PROV,PRCNCT,CD,CD_SV,"2021-01-21 12:30:02",1040,1012,28,0,330,302,28,0,1100,770,326,4,0,5,72,136,10,55,12,0,0,0,18,2,0,9,0,1,1,0,0,2,0,0,0,1,0,0,0,0,0,0,0,2
37,TIMIŞ,"LICEUL TEORETIC ”GRIGORE MOISIL” (ŞCOALA GIMNAZIALĂ NR.22)",76,"MUNICIPIUL TIMIŞOARA",155243,1,PROV,PRCNCT,CD,CD_SV,"2021-01-21 12:30:02",1070,1045,24,1,394,369,24,1,1100,706,385,7,2,16,67,176,13,53,30,2,1,0,17,2,1,3,0,0,0,0,0,0,0,0,1,2,1,0,0,0,0,0,0,0
37,TIMIŞ,"LICEUL TEORETIC ”GRIGORE MOISIL” TIMIȘOARA",77,"MUNICIPIUL TIMIŞOARA",155243,1,PROV,PRCNCT,CD,CD_SV,"2021-01-21 12:30:02",1011,987,23,1,367,344,23,0,1100,733,364,3,0,14,76,173,6,39,23,1,0,0,13,0,2,8,0,0,0,4,0,1,0,2,0,1,0,0,0,0,0,0,1,0
37,TIMIŞ,"LICEUL TEORETIC ”GRIGORE MOISIL” TIMIȘOARA",78,"MUNICIPIUL TIMIŞOARA",155243,1,PROV,PRCNCT,CD,CD_SV,"2021-01-21 12:30:02",988,969,15,4,365,346,15,4,1100,735,361,4,0,24,77,142,12,57,11,0,0,0,15,1,3,6,0,1,0,0,0,0,0,4,0,6,1,0,0,0,0,0,1,0
37,TIMIŞ,"LICEUL TEOLOGIC ORTODOX ”SFÂNTUL ANTIM IVIREANUL” TIMIȘOARA",79,"MUNICIPIUL TIMIŞOARA",155243,1,PROV,PRCNCT,CD,CD_SV,"2021-01-21 12:30:02",1610,1583,25,2,608,581,25,2,1700,1092,602,6,0,33,127,230,14,94,24,3,8,1,28,9,3,9,1,1,2,0,0,0,0,3,0,4,1,0,3,0,0,0,2,2
37,TIMIŞ,"LICEUL TEOLOGIC ORTODOX ”SFÂNTUL ANTIM IVIREANUL” TIMIȘOARA",80,"MUNICIPIUL TIMIŞOARA",155243,1,PROV,PRCNCT,CD,CD_SV,"2021-01-21 12:30:02",1555,1540,15,0,455,440,15,0,1700,1245,451,2,2,24,89,191,11,57,15,1,5,2,26,5,6,5,0,1,0,4,0,1,0,1,0,4,0,0,0,0,0,0,2,1
37,TIMIŞ,"LICEUL TEOLOGIC ORTODOX ”SFÂNTUL ANTIM IVIREANUL” TIMIȘOARA",81,"MUNICIPIUL TIMIŞOARA",155243,2,PART,PRCNCT,CD,CD_SV,"2021-01-21 12:30:02",1637,1619,14,4,529,511,14,4,1800,1271,524,4,1,23,148,188,17,69,30,2,6,1,16,1,1,11,0,0,0,2,0,0,0,1,1,4,0,0,1,0,0,0,1,1
37,TIMIŞ,"LICEUL TEOLOGIC ORTODOX ”SFÂNTUL ANTIM IVIREANUL” TIMIȘOARA",82,"MUNICIPIUL TIMIŞOARA",155243,1,PROV,PRCNCT,CD,CD_SV,"2021-01-21 12:30:02",1564,1548,16,0,460,444,16,0,1700,1238,457,3,0,15,122,185,13,56,29,3,5,0,11,2,2,2,0,1,0,1,0,0,0,5,0,2,0,0,0,0,0,0,2,1
37,TIMIŞ,"ŞCOALA GIMNAZIALĂ NR.27 (GRADINIŢA CU PROGRAM PRELUNGIT NR. 3)",83,"MUNICIPIUL TIMIŞOARA",155243,1,PROV,PRCNCT,CD,CD_SV,"2021-01-21 12:30:02",1301,1284,17,0,379,362,17,0,1400,1021,378,1,0,22,88,141,8,74,14,0,0,0,13,6,0,7,0,0,1,0,0,0,0,1,0,2,0,0,0,0,0,0,1,0
37,TIMIŞ,"ŞCOALA GIMNAZIALĂ NR.27 (GRADINIŢA CU PROGRAM PRELUNGIT NR. 3)",84,"MUNICIPIUL TIMIŞOARA",155243,1,PROV,PRCNCT,CD,CD_SV,"2021-01-21 12:30:02",1265,1250,15,0,341,326,15,0,1400,1059,336,5,0,17,89,133,3,50,8,0,4,0,17,3,1,2,0,3,0,0,0,0,0,1,0,1,1,0,0,0,0,0,2,1
37,TIMIŞ,"ŞCOALA GIMNAZIALĂ NR. 27",85,"MUNICIPIUL TIMIŞOARA",155243,1,PROV,PRCNCT,CD,CD_SV,"2021-01-21 12:30:02",1722,1709,13,0,464,451,13,0,1900,1436,456,7,1,13,90,189,15,73,13,1,4,3,25,3,2,7,0,0,0,1,0,1,0,11,0,1,1,1,0,1,0,0,1,0
37,TIMIŞ,"ŞCOALA GIMNAZIALĂ NR. 27",86,"MUNICIPIUL TIMIŞOARA",155243,1,PROV,PRCNCT,CD,CD_SV,"2021-01-21 12:30:02",1662,1643,19,0,452,433,19,0,1808,1356,448,3,1,31,85,193,16,82,10,1,4,0,11,1,3,1,0,1,0,0,0,0,0,5,0,1,1,0,0,0,0,1,1,0
37,TIMIŞ,"ŞCOALA GIMNAZIALĂ NR. 27",87,"MUNICIPIUL TIMIŞOARA",155243,1,PROV,PRCNCT,CD,CD_SV,"2021-01-21 12:30:02",1692,1663,29,0,511,482,29,0,1800,1289,507,3,1,29,101,204,18,86,14,2,5,2,21,0,4,4,0,0,2,0,0,0,0,7,0,2,0,0,0,1,0,0,4,1
37,TIMIŞ,"ŞCOALA GIMNAZIALĂ NR. 27",88,"MUNICIPIUL TIMIŞOARA",155243,1,PROV,PRCNCT,CD,CD_SV,"2021-01-21 12:30:02",1649,1639,10,0,438,428,10,0,1900,1462,435,1,2,22,91,195,11,80,8,1,1,0,12,3,2,3,0,0,0,0,1,0,0,2,0,1,0,0,0,0,0,1,0,1
37,TIMIŞ,"ŞCOALA GIMNAZIALĂ NR. 6",89,"MUNICIPIUL TIMIŞOARA",155243,1,PROV,PRCNCT,CD,CD_SV,"2021-01-21 12:30:02",1095,1074,21,0,290,269,21,0,1200,910,286,3,1,11,60,108,4,50,8,2,6,0,23,2,0,9,0,0,0,0,0,1,0,0,0,0,0,0,0,1,0,0,0,1
37,TIMIŞ,"ŞCOALA GIMNAZIALĂ NR. 6",90,"MUNICIPIUL TIMIŞOARA",155243,1,PROV,PRCNCT,CD,CD_SV,"2021-01-21 12:30:02",1254,1233,19,2,402,381,19,2,1400,998,399,3,0,22,82,160,12,58,6,4,2,0,33,6,0,4,0,0,0,0,0,0,0,6,0,1,0,0,0,1,0,0,1,1
37,TIMIŞ,"ŞCOALA GIMNAZIALĂ NR. 6",91,"MUNICIPIUL TIMIŞOARA",155243,1,PROV,PRCNCT,CD,CD_SV,"2021-01-21 12:30:02",1263,1252,11,0,385,374,11,0,1400,1015,381,4,0,24,83,113,11,61,17,2,5,1,26,4,1,7,1,1,1,0,0,0,0,17,0,0,0,0,0,1,3,0,2,0
37,TIMIŞ,"ŞCOALA GIMNAZIALĂ NR. 6",92,"MUNICIPIUL TIMIŞOARA",155243,1,PROV,PRCNCT,CD,CD_SV,"2021-01-21 12:30:02",1476,1458,18,0,378,360,18,0,1600,1222,375,3,0,29,71,127,16,66,21,3,5,2,21,2,3,5,0,0,0,0,0,1,0,3,0,0,0,0,0,0,0,0,0,0
37,TIMIŞ,"LICEUL TEHNOLOGIC TRANSPORTURI AUTO",93,"MUNICIPIUL TIMIŞOARA",155243,1,PROV,PRCNCT,CD,CD_SV,"2021-01-21 12:30:02",1552,1525,27,0,496,469,27,0,1700,1204,488,8,0,28,98,193,13,67,19,1,3,2,36,4,9,7,0,0,0,0,0,1,0,4,1,0,0,0,0,0,1,0,0,1
37,TIMIŞ,"LICEUL TEHNOLOGIC TRANSPORTURI AUTO",94,"MUNICIPIUL TIMIŞOARA",155243,1,PROV,PRCNCT,CD,CD_SV,"2021-01-21 12:30:02",1660,1638,22,0,509,487,22,0,1800,1291,502,6,1,29,112,190,15,64,18,4,16,3,25,6,1,5,0,0,1,0,0,0,1,2,0,5,0,0,1,0,1,0,0,3
37,TIMIŞ,"LICEUL TEHNOLOGIC TRANSPORTURI AUTO",95,"MUNICIPIUL TIMIŞOARA",155243,1,PROV,PRCNCT,CD,CD_SV,"2021-01-21 12:30:02",1756,1742,13,1,500,486,13,1,2000,1500,494,6,0,41,68,202,14,90,5,2,16,1,34,4,3,7,0,0,0,0,0,0,0,5,0,0,0,0,0,1,1,0,0,0
37,TIMIŞ,"LICEUL TEHNOLOGIC TRANSPORTURI AUTO (ŞCOALA GIMNAZIALĂ NR. 29)",96,"MUNICIPIUL TIMIŞOARA",155243,1,PROV,PRCNCT,CD,CD_SV,"2021-01-21 12:30:02",1402,1380,20,2,380,358,20,2,1600,1220,378,2,0,20,75,125,14,67,16,2,9,0,28,1,1,6,0,0,0,6,0,0,0,3,0,1,0,0,1,0,0,0,3,0
37,TIMIŞ,"LICEUL TEHNOLOGIC TRANSPORTURI AUTO (ŞCOALA GIMNAZIALĂ NR. 29)",97,"MUNICIPIUL TIMIŞOARA",155243,1,PROV,PRCNCT,CD,CD_SV,"2021-01-21 12:30:02",1421,1399,22,0,268,246,22,0,1600,1332,267,1,0,18,48,75,13,50,8,5,2,3,30,9,0,3,0,0,0,0,0,0,0,1,0,1,0,0,0,0,0,0,0,1
37,TIMIŞ,"LICEUL TEHNOLOGIC TRANSPORTURI AUTO (ŞCOALA GIMNAZIALĂ NR. 29)",98,"MUNICIPIUL TIMIŞOARA",155243,1,PROV,PRCNCT,CD,CD_SV,"2021-01-21 12:30:02",1117,1107,10,0,282,272,10,0,1200,918,279,3,0,10,57,97,8,54,10,1,6,4,13,1,1,5,1,0,1,0,0,0,0,3,0,3,0,0,0,0,0,0,3,1
37,TIMIŞ,"ŞCOALA GIMNAZIALĂ NR.15 (ŞCOALA PRIMARĂ NR.15)",99,"MUNICIPIUL TIMIŞOARA",155243,1,PROV,PRCNCT,CD,CD_SV,"2021-01-21 12:30:02",1594,1567,27,0,436,409,27,0,1800,1364,434,2,0,30,102,164,16,60,12,2,8,1,20,3,5,3,0,0,1,0,0,0,0,3,0,1,0,0,0,0,0,0,2,1
37,TIMIŞ,"ŞCOALA GIMNAZIALĂ NR.15 (ŞCOALA PRIMARĂ NR.15)",100,"MUNICIPIUL TIMIŞOARA",155243,1,PROV,PRCNCT,CD,CD_SV,"2021-01-21 12:30:02",1507,1493,14,0,429,415,14,0,1700,1271,422,7,0,22,78,167,10,76,8,2,3,0,34,2,1,4,0,1,0,1,0,0,0,7,0,4,0,0,0,0,1,0,0,1
37,TIMIŞ,"ŞCOALA GIMNAZIALĂ NR.2 (GRĂDINIŢA CU PROGRAM PRELUNGIT NR. 29)",101,"MUNICIPIUL TIMIŞOARA",155243,1,PROV,PRCNCT,CD,CD_SV,"2021-01-21 12:30:02",1401,1379,20,2,427,405,20,2,1600,1173,424,2,1,19,103,166,14,69,11,1,10,1,14,6,3,3,0,1,0,0,0,0,0,3,0,0,0,0,0,0,0,0,0,0
37,TIMIŞ,"ŞCOALA GIMNAZIALĂ NR.2 (GRĂDINIŢA CU PROGRAM PRELUNGIT NR. 29)",102,"MUNICIPIUL TIMIŞOARA",155243,1,PROV,PRCNCT,CD,CD_SV,"2021-01-21 12:30:02",1235,1221,14,0,387,373,14,0,1400,1013,382,4,1,20,80,177,4,54,12,2,2,0,10,2,3,7,0,0,0,0,0,0,0,3,0,5,0,0,0,0,0,0,1,0
37,TIMIŞ,"ŞCOALA GIMNAZIALĂ NR.2",103,"MUNICIPIUL TIMIŞOARA",155243,1,PROV,PRCNCT,CD,CD_SV,"2021-01-21 12:30:02",1486,1466,20,0,410,390,20,0,1700,1290,406,3,1,26,85,145,15,56,30,1,8,3,20,2,2,1,0,1,0,0,0,0,0,9,0,1,0,0,0,0,0,0,0,1
37,TIMIŞ,"ŞCOALA GIMNAZIALĂ NR.2",104,"MUNICIPIUL TIMIŞOARA",155243,1,PROV,PRCNCT,CD,CD_SV,"2021-01-21 12:30:02",1441,1407,34,0,469,435,34,0,1600,1131,458,8,3,24,90,165,10,77,21,3,3,3,21,12,6,8,0,0,0,0,0,0,0,3,0,2,0,0,1,0,0,4,4,1
37,TIMIŞ,"ŞCOALA GIMNAZIALĂ NR.2",105,"MUNICIPIUL TIMIŞOARA",155243,1,PROV,PRCNCT,CD,CD_SV,"2021-01-21 12:30:02",1350,1330,20,0,375,355,20,0,1500,1125,374,1,0,18,68,148,14,62,7,1,0,0,35,3,1,7,0,0,0,0,0,0,0,5,0,1,0,0,1,0,0,0,3,0
37,TIMIŞ,"GRĂDINIŢA CU PROGRAM PRELUNGIT NR.2 (GRĂDINIŢA CU PROGRAM PRELUNGIT NR. 1)",106,"MUNICIPIUL TIMIŞOARA",155243,1,PROV,PRCNCT,CD,CD_SV,"2021-01-21 12:30:02",1879,1850,23,6,756,727,23,6,1900,1144,750,5,1,48,182,339,18,94,15,6,10,1,10,4,1,9,0,0,0,0,0,2,0,2,0,2,4,0,0,0,0,0,2,1
37,TIMIŞ,"GRĂDINIŢA CU PROGRAM PRELUNGIT NR.2 (GRĂDINIŢA CU PROGRAM PRELUNGIT NR. 1)",107,"MUNICIPIUL TIMIŞOARA",155243,1,PROV,PRCNCT,CD,CD_SV,"2021-01-21 12:30:02",1880,1840,38,2,617,577,38,2,2000,1383,614,3,0,37,120,280,21,75,16,4,4,0,30,4,1,6,1,1,0,0,0,2,0,1,1,4,1,0,0,0,0,0,4,1
37,TIMIŞ,"LICEUL TEORETIC ”VLAD ŢEPEȘ” TIMIȘOARA (GRĂDINIŢA CU PROGRAM PRELUNGIT NR.28)",108,"MUNICIPIUL TIMIŞOARA",155243,1,PROV,PRCNCT,CD,CD_SV,"2021-01-21 12:30:02",1256,1228,26,2,409,381,26,2,1400,991,407,2,0,14,89,154,13,63,13,2,2,2,34,4,0,4,1,0,0,3,0,0,0,7,0,0,1,0,0,0,0,0,0,1
37,TIMIŞ,"LICEUL CU PROGRAM SPORTIV ”BANATUL”",109,"MUNICIPIUL TIMIŞOARA",155243,1,PROV,PRCNCT,CD,CD_SV,"2021-01-21 12:30:02",1358,1335,20,3,448,425,20,3,1500,1052,445,1,2,16,120,169,10,73,18,0,2,1,11,2,2,5,0,0,0,0,0,0,0,6,0,7,0,0,1,0,1,0,1,0
37,TIMIŞ,"LICEUL DE ARTĂ ”ION VIDU” TIMIȘOARA",110,"MUNICIPIUL TIMIŞOARA",155243,1,PROV,PRCNCT,CD,CD_SV,"2021-01-21 12:30:02",568,523,45,0,249,204,45,0,700,451,247,1,1,13,67,104,5,31,3,1,2,0,4,2,0,4,1,0,2,1,1,0,0,2,0,1,0,0,0,0,0,0,2,1
37,TIMIŞ,"FUNDAŢIA JUDEŢEANĂ PENTRU TINERET TIMIŞ (FOSTA CASA TINERETULUI)",111,"MUNICIPIUL TIMIŞOARA",155243,1,PROV,PRCNCT,CD,CD_SV,"2021-01-21 12:30:02",1268,1227,36,5,456,415,36,5,1500,1044,453,3,0,17,103,191,11,81,13,2,3,1,13,4,3,3,0,1,0,0,0,0,0,3,0,0,0,0,0,0,1,0,2,1
37,TIMIŞ,"FUNDAŢIA JUDEŢEANĂ PENTRU TINERET TIMIŞ (FOSTA CASA TINERETULUI)",112,"MUNICIPIUL TIMIŞOARA",155243,1,PROV,PRCNCT,CD,CD_SV,"2021-01-21 12:30:02",1626,1578,41,7,589,541,41,7,1700,1111,584,5,0,37,125,281,15,70,8,2,1,1,14,3,4,8,0,0,1,0,0,1,0,8,0,2,0,0,0,1,1,1,0,0
37,TIMIŞ,"FUNDAŢIA JUDEŢEANĂ PENTRU TINERET TIMIŞ (FOSTA CASA TINERETULUI)",113,"MUNICIPIUL TIMIŞOARA",155243,3,PART,PRCNCT,CD,CD_SV,"2021-01-21 12:30:02",1119,1090,23,6,290,261,23,6,1200,908,288,2,0,16,48,122,13,52,6,0,4,0,9,3,2,6,0,0,1,0,0,0,0,5,0,1,0,0,0,0,0,0,0,0
37,TIMIŞ,"LICEUL TEORETIC ”JEAN LOUIS CALDERON” (FOSTA ŞCOALA GIMNAZIALĂ NR.28) ” CORP B ”",114,"MUNICIPIUL TIMIŞOARA",155243,1,PROV,PRCNCT,CD,CD_SV,"2021-01-21 12:30:02",898,877,21,0,242,221,21,0,1000,758,236,5,1,12,63,77,10,40,5,1,3,2,11,1,1,2,0,0,0,0,0,0,0,2,0,1,0,0,0,0,0,0,3,2
37,TIMIŞ,"ŞCOALA GIMNAZIALĂ NR.30",115,"MUNICIPIUL TIMIŞOARA",155243,2,PART,PRCNCT,CD,CD_SV,"2021-01-21 12:30:02",1894,1875,18,1,666,647,18,1,2000,1334,661,5,0,39,149,310,12,86,12,0,8,0,30,3,1,7,0,1,0,0,0,0,0,0,0,2,0,0,0,0,0,1,0,0
37,TIMIŞ,"ŞCOALA GIMNAZIALĂ NR.30",116,"MUNICIPIUL TIMIŞOARA",155243,1,PROV,PRCNCT,CD,CD_SV,"2021-01-21 12:30:02",1334,1311,23,0,481,458,23,0,1500,1019,479,1,1,34,105,194,17,73,9,1,0,3,20,6,0,9,0,0,1,1,0,1,0,1,0,0,0,0,1,0,0,0,1,2
37,TIMIŞ,"ŞCOALA GIMNAZIALĂ NR.30",117,"MUNICIPIUL TIMIŞOARA",155243,1,PROV,PRCNCT,CD,CD_SV,"2021-01-21 12:30:02",1496,1476,19,1,490,470,19,1,1700,1210,486,4,0,35,128,178,13,78,7,2,6,2,18,4,2,8,0,0,1,2,1,0,0,0,0,0,0,0,0,0,0,0,0,1
37,TIMIŞ,"ŞCOALA GIMNAZIALĂ NR.30",118,"MUNICIPIUL TIMIŞOARA",155243,1,PROV,PRCNCT,CD,CD_SV,"2021-01-21 12:30:02",1829,1803,26,0,564,538,26,0,1700,1136,558,5,1,32,110,240,10,82,12,4,9,1,29,5,1,12,0,0,3,1,0,3,0,3,0,0,0,0,0,0,0,0,1,0
37,TIMIŞ,"ŞCOALA GIMNAZIALĂ NR.30",119,"MUNICIPIUL TIMIŞOARA",155243,1,PROV,PRCNCT,CD,CD_SV,"2021-01-21 12:30:02",1337,1322,15,0,448,433,15,0,1500,1052,441,4,3,13,106,195,7,62,11,1,8,0,23,2,3,5,0,0,1,2,0,0,0,2,0,0,0,0,0,0,0,0,0,0
37,TIMIŞ,"UNIVERSITATEA POLITEHNICA TIMIŞOARA - CANTINA STUDENŢEASCĂ",120,"MUNICIPIUL TIMIŞOARA",155243,1,PROV,PRCNCT,CD,CD_SV,"2021-01-21 12:30:02",1055,1003,51,1,231,179,51,1,1100,869,228,3,0,15,58,90,10,29,9,1,0,0,6,6,2,0,0,0,1,0,0,0,0,1,0,0,0,0,0,0,0,0,0,0
37,TIMIŞ,"UNIVERSITATEA POLITEHNICA TIMIŞOARA- CANTINA STUDENŢEASCĂ",121,"MUNICIPIUL TIMIŞOARA",155243,1,PROV,PRCNCT,CD,CD_SV,"2021-01-21 12:30:02",956,908,48,0,287,239,48,0,1000,713,284,3,0,9,70,128,8,43,9,1,3,1,3,1,0,1,0,1,0,0,0,0,0,1,1,2,0,0,0,0,0,0,2,0
37,TIMIŞ,"LICEUL TEORETIC ”WILLIAM SHAKESPEARE” (FOSTA ŞCOALA GIMNAZIALĂ NR. 5 )",122,"MUNICIPIUL TIMIŞOARA",155243,2,PART,PRCNCT,CD,CD_SV,"2021-01-21 12:30:02",1271,1238,32,1,436,403,32,1,1400,964,434,2,0,31,108,156,3,59,9,4,2,3,39,2,3,6,0,0,0,0,0,2,0,0,0,2,1,0,0,0,0,0,2,2
37,TIMIŞ,"LICEUL TEORETIC ”WILLIAM SHAKESPEARE” ( FOSTA ŞCOALA GIMNAZIALĂ NR. 5 )",123,"MUNICIPIUL TIMIŞOARA",155243,1,PROV,PRCNCT,CD,CD_SV,"2021-01-21 12:30:02",1181,1165,16,0,413,397,16,0,1300,887,406,6,1,18,103,155,8,72,14,0,0,0,18,4,4,3,0,0,0,0,0,0,0,2,0,1,0,0,0,0,0,0,3,1
37,TIMIŞ,"GRĂDINIŢA CU PROGRAM PRELUNGIT NR.11 TIMIȘOARA",124,"MUNICIPIUL TIMIŞOARA",155243,1,PROV,PRCNCT,CD,CD_SV,"2021-01-21 12:30:02",1294,1273,17,4,389,368,17,4,1400,1011,382,5,2,30,86,146,13,64,8,3,2,0,16,3,3,2,1,0,0,1,0,0,0,1,0,0,0,0,0,0,0,0,1,2
37,TIMIŞ,"GRĂDINIŢA CU PROGRAM PRELUNGIT NR.11 TIMIȘOARA",125,"MUNICIPIUL TIMIŞOARA",155243,1,PROV,PRCNCT,CD,CD_SV,"2021-01-21 12:30:02",1087,1062,23,2,354,329,23,2,1200,846,351,2,1,18,81,151,11,49,4,1,2,0,19,5,2,4,0,0,0,1,0,1,0,0,0,1,1,0,0,0,0,0,0,0
37,TIMIŞ,"LICEUL TEHNOLOGIC ”AZUR” TIMIȘOARA",126,"MUNICIPIUL TIMIŞOARA",155243,1,PROV,PRCNCT,CD,CD_SV,"2021-01-21 12:30:02",1343,1316,27,0,385,358,27,0,1499,1114,382,3,0,16,75,159,17,67,6,1,4,1,16,2,1,6,0,1,1,0,0,1,0,1,0,6,0,0,0,0,0,0,0,1
37,TIMIŞ,"LICEUL TEHNOLOGIC ”AZUR” TIMIȘOARA",127,"MUNICIPIUL TIMIŞOARA",155243,1,PROV,PRCNCT,CD,CD_SV,"2021-01-21 12:30:02",903,889,12,2,320,306,12,2,1400,1080,317,3,0,11,56,152,9,57,6,4,0,0,10,2,1,3,0,0,0,0,0,0,0,5,0,0,0,0,0,0,0,0,0,1
37,TIMIŞ,"LICEUL TEHNOLOGIC ”AZUR” TIMIȘOARA",128,"MUNICIPIUL TIMIŞOARA",155243,1,PROV,PRCNCT,CD,CD_SV,"2021-01-21 12:30:02",1162,1149,13,0,332,319,13,0,1300,968,328,3,1,19,79,131,4,53,9,3,4,0,12,4,0,4,0,1,2,1,0,0,0,2,0,0,0,0,0,0,0,0,0,0
37,TIMIŞ,"LICEUL TEHNOLOGIC ”AZUR” TIMIȘOARA",129,"MUNICIPIUL TIMIŞOARA",155243,1,PROV,PRCNCT,CD,CD_SV,"2021-01-21 12:30:02",1257,1216,38,3,357,316,38,3,1400,1043,353,2,2,9,64,166,13,56,6,2,4,1,16,2,0,5,0,0,0,0,0,0,0,5,0,1,0,0,0,1,0,0,0,2
37,TIMIŞ,"LICEUL TEHNOLOGIC ”AZUR” TIMIȘOARA",130,"MUNICIPIUL TIMIŞOARA",155243,1,PROV,PRCNCT,CD,CD_SV,"2021-01-21 12:30:02",1372,1358,14,0,332,318,14,0,1500,1168,330,2,0,11,61,154,11,48,4,3,2,3,21,3,1,4,0,0,0,1,0,0,1,2,0,0,0,0,0,0,0,0,0,0
37,TIMIŞ,"LICEUL TEHNOLOGIC ”AZUR” TIMIȘOARA",131,"MUNICIPIUL TIMIŞOARA",155243,1,PROV,PRCNCT,CD,CD_SV,"2021-01-21 12:30:02",1164,1154,10,0,339,329,10,0,1300,961,335,4,0,13,67,170,11,43,9,1,3,0,7,2,3,1,0,0,0,2,1,0,0,0,0,0,0,0,0,0,0,1,0,1
37,TIMIŞ,"LICEUL TEORETIC ”IRIS”",132,"MUNICIPIUL TIMIŞOARA",155243,1,PROV,PRCNCT,CD,CD_SV,"2021-01-21 12:30:02",1444,1431,13,0,427,414,13,0,1600,1173,421,6,0,23,85,182,17,57,11,1,3,1,16,12,4,2,0,0,0,0,0,0,0,3,0,0,0,1,0,0,2,0,1,0
37,TIMIŞ,"ŞCOALA GIMNAZIALĂ NR.25",133,"MUNICIPIUL TIMIŞOARA",155243,2,PART,PRCNCT,CD,CD_SV,"2021-01-21 12:30:02",1590,1550,40,0,481,441,40,0,1700,1219,475,5,1,29,111,207,18,60,8,0,5,1,18,2,1,4,0,0,0,3,0,0,0,2,0,1,0,0,0,0,0,0,1,4
37,TIMIŞ,"ŞCOALA GIMNAZIALĂ NR.25",134,"MUNICIPIUL TIMIŞOARA",155243,1,PROV,PRCNCT,CD,CD_SV,"2021-01-21 12:30:02",1587,1548,37,2,554,515,37,2,1700,1146,549,4,1,27,110,262,12,83,16,1,3,0,24,1,1,3,0,0,1,0,0,0,0,1,0,3,0,1,0,0,0,0,0,0
37,TIMIŞ,"ŞCOALA GIMNAZIALĂ NR.25",135,"MUNICIPIUL TIMIŞOARA",155243,1,PROV,PRCNCT,CD,CD_SV,"2021-01-21 12:30:02",2019,1988,25,6,732,701,25,6,2100,1368,728,4,0,29,160,342,22,105,15,0,5,0,26,8,0,9,0,1,0,0,0,0,0,2,0,0,1,0,0,0,0,0,3,0
37,TIMIŞ,"ŞCOALA GIMNAZIALĂ NR.25",136,"MUNICIPIUL TIMIŞOARA",155243,1,PROV,PRCNCT,CD,CD_SV,"2021-01-21 12:30:02",1506,1493,13,0,487,474,13,0,1700,1213,483,2,2,31,92,197,13,77,8,1,7,2,27,8,1,9,0,1,0,1,0,1,0,4,1,0,0,0,0,0,0,0,0,2
37,TIMIŞ,"ŞCOALA GIMNAZIALĂ NR.25",137,"MUNICIPIUL TIMIŞOARA",155243,1,PROV,PRCNCT,CD,CD_SV,"2021-01-21 12:30:02",1616,1595,21,0,455,434,21,0,1800,1345,446,8,1,21,103,197,28,46,13,1,0,0,16,4,1,5,0,1,1,1,0,0,0,0,0,0,1,0,2,0,0,0,4,1
37,TIMIŞ,"GRĂDINIŢA CU PROGRAM PRELUNGIT NR. 11 ( GRĂDINIŢA CU PROGRAM PRELUNGIT NR.12)",138,"MUNICIPIUL TIMIŞOARA",155243,1,PROV,PRCNCT,CD,CD_SV,"2021-01-21 12:30:02",869,844,25,0,271,246,25,0,1000,729,270,1,0,28,76,90,6,40,6,0,2,1,9,2,2,5,0,0,0,1,0,0,0,2,0,0,0,0,0,0,0,0,0,0
37,TIMIŞ,"ŞCOALA GIMNAZIALĂ NR.15",139,"MUNICIPIUL TIMIŞOARA",155243,1,PROV,PRCNCT,CD,CD_SV,"2021-01-21 12:30:02",1356,1342,13,1,370,356,13,1,1500,1130,365,4,1,10,90,123,14,70,10,2,3,2,26,3,0,1,0,0,0,0,0,1,0,3,0,2,0,1,0,0,0,0,3,1
37,TIMIŞ,"ŞCOALA GIMNAZIALĂ NR.15",140,"MUNICIPIUL TIMIŞOARA",155243,1,PROV,PRCNCT,CD,CD_SV,"2021-01-21 12:30:02",1064,1044,20,0,360,340,20,0,1200,840,355,5,0,14,74,145,11,53,16,5,11,1,8,3,2,2,0,0,1,0,0,0,0,4,0,1,0,0,0,1,0,0,2,1
37,TIMIŞ,"ŞCOALA GIMNAZIALĂ NR.15",141,"MUNICIPIUL TIMIŞOARA",155243,1,PROV,PRCNCT,CD,CD_SV,"2021-01-21 12:30:02",1268,1249,15,4,389,370,15,4,1400,1011,387,0,2,30,91,160,7,52,10,1,4,1,9,0,1,3,1,2,0,0,0,0,0,7,0,0,2,0,1,1,1,0,2,1
37,TIMIŞ,"ŞCOALA GIMNAZIALĂ NR.15",142,"MUNICIPIUL TIMIŞOARA",155243,1,PROV,PRCNCT,CD,CD_SV,"2021-01-21 12:30:02",1285,1269,13,3,349,333,13,3,1400,1051,341,7,1,16,64,129,13,57,21,2,5,0,22,3,4,1,0,0,0,0,0,0,0,2,0,1,1,0,0,0,0,0,0,0
37,TIMIŞ,"S.C.” DRUMURI MUNICIPALE TIMIŞOARA ” S.A.",143,"MUNICIPIUL TIMIŞOARA",155243,1,PROV,PRCNCT,CD,CD_SV,"2021-01-21 12:30:02",1736,1713,20,3,411,388,20,3,1900,1489,406,5,0,16,94,156,7,47,9,6,3,1,44,2,3,5,0,1,0,0,0,0,0,2,2,5,0,0,0,2,0,0,0,1
37,TIMIŞ,"S.C.” DRUMURI MUNICIPALE TIMIŞOARA ” S.A.",144,"MUNICIPIUL TIMIŞOARA",155243,1,PROV,PRCNCT,CD,CD_SV,"2021-01-21 12:30:02",1678,1656,22,0,419,397,22,0,1800,1381,416,3,0,13,100,146,9,73,12,5,3,1,37,1,2,4,0,0,0,0,0,4,0,3,0,0,0,0,1,0,1,0,0,1
37,TIMIŞ,"GRADINIŢA CU PROGRAM PRELUNGIT NR.23",145,"MUNICIPIUL TIMIŞOARA",155243,1,PROV,PRCNCT,CD,CD_SV,"2021-01-21 12:30:02",1205,1179,24,2,372,346,24,2,1303,931,367,3,2,17,85,136,8,82,8,1,0,2,9,4,2,4,0,0,0,0,0,1,0,5,0,2,0,0,0,0,0,1,0,0
37,TIMIŞ,"ŞCOALA GIMNAZIALĂ NR.13",146,"MUNICIPIUL TIMIŞOARA",155243,1,PROV,PRCNCT,CD,CD_SV,"2021-01-21 12:30:02",1118,1099,19,0,258,239,19,0,1200,942,254,2,2,20,59,71,6,54,9,2,3,2,16,1,2,1,0,0,0,0,0,0,0,2,0,1,0,0,0,0,2,0,3,0
37,TIMIŞ,"ŞCOALA GIMNAZIALĂ NR.13",147,"MUNICIPIUL TIMIŞOARA",155243,1,PROV,PRCNCT,CD,CD_SV,"2021-01-21 12:30:02",1381,1359,22,0,380,358,22,0,1500,1120,371,7,2,14,79,145,6,68,7,4,3,0,16,2,7,5,0,0,0,0,0,1,0,6,1,3,1,0,0,0,0,0,1,2
37,TIMIŞ,"ŞCOALA GIMNAZIALĂ NR.13",148,"MUNICIPIUL TIMIŞOARA",155243,1,PROV,PRCNCT,CD,CD_SV,"2021-01-21 12:30:02",1266,1235,30,1,342,311,30,1,1500,1158,337,5,0,10,62,129,12,63,7,3,5,1,27,4,1,2,1,2,0,0,0,0,0,3,0,1,1,0,0,0,0,0,2,1
37,TIMIŞ,"ŞCOALA GIMNAZIALĂ NR.13",149,"MUNICIPIUL TIMIŞOARA",155243,2,PART,PRCNCT,CD,CD_SV,"2021-01-21 12:30:02",1062,1052,10,0,276,266,10,0,1200,924,272,3,1,10,55,112,9,51,7,1,1,0,15,4,1,2,0,0,1,1,0,0,0,1,0,0,0,0,0,0,0,0,1,0
37,TIMIŞ,"LICEUL TEHNOLOGIC ELECTROTIMIŞ TIMIȘOARA",150,"MUNICIPIUL TIMIŞOARA",155243,1,PROV,PRCNCT,CD,CD_SV,"2021-01-21 12:30:02",1592,1578,14,0,490,476,14,0,1800,1310,487,3,0,26,110,210,14,74,7,0,3,0,25,4,3,4,0,0,0,0,0,2,0,1,0,0,2,0,0,0,0,0,1,1
37,TIMIŞ,"LICEUL TEHNOLOGIC ELECTROTIMIŞ TIMIȘOARA",151,"MUNICIPIUL TIMIŞOARA",155243,1,PROV,PRCNCT,CD,CD_SV,"2021-01-21 12:30:02",1532,1497,32,3,449,414,32,3,1700,1251,449,0,0,35,86,140,18,81,27,1,3,7,35,4,0,8,0,0,0,0,0,0,0,0,0,0,0,0,0,0,0,0,1,3
37,TIMIŞ,"LICEUL TEHNOLOGIC ELECTROTIMIŞ TIMIȘOARA",152,"MUNICIPIUL TIMIŞOARA",155243,1,PROV,PRCNCT,CD,CD_SV,"2021-01-21 12:30:02",1651,1628,21,2,540,517,21,2,1900,1360,532,8,0,23,84,256,17,90,8,1,7,2,28,3,0,4,0,1,0,1,0,0,0,1,0,1,0,0,0,0,0,1,2,2
37,TIMIŞ,"LICEUL TEHNOLOGIC ELECTROTIMIŞ TIMIȘOARA",153,"MUNICIPIUL TIMIŞOARA",155243,1,PROV,PRCNCT,CD,CD_SV,"2021-01-21 12:30:02",1679,1645,34,0,353,319,34,0,1900,1547,350,0,3,22,65,119,11,60,12,3,2,1,38,4,1,1,1,1,0,0,0,3,0,4,0,0,0,2,0,0,0,0,0,0
37,TIMIŞ,"LICEUL TEORETIC ”VLAD ȚEPEȘ” TIMIȘOARA",154,"MUNICIPIUL TIMIŞOARA",155243,2,PART,PRCNCT,CD,CD_SV,"2021-01-21 12:30:02",1508,1488,20,0,512,492,20,0,1700,1188,506,4,2,25,136,184,16,87,26,1,1,1,8,1,1,11,0,0,0,1,0,0,0,3,1,2,0,0,0,0,0,0,1,0
37,TIMIŞ,"LICEUL TEORETIC ”VLAD ȚEPEȘ” TIMIȘOARA",155,"MUNICIPIUL TIMIŞOARA",155243,1,PROV,PRCNCT,CD,CD_SV,"2021-01-21 12:30:02",1307,1279,28,0,292,264,28,0,1400,1108,289,3,0,26,63,119,7,27,7,5,2,0,23,2,4,1,0,0,1,0,0,0,0,0,0,0,0,1,0,0,0,0,0,1
37,TIMIŞ,"CENTRUL ȘCOLAR PENTRU EDUCAȚIE INCLUZIVĂ ”CONSTANTIN PUFAN”",156,"MUNICIPIUL TIMIŞOARA",155243,1,PROV,PRCNCT,CD,CD_SV,"2021-01-21 12:30:02",1283,1260,23,0,465,442,23,0,1400,935,461,4,0,28,115,176,2,89,9,0,3,1,21,2,1,4,0,0,0,1,0,0,0,3,0,3,1,0,0,0,0,0,1,1
37,TIMIŞ,"ȘCOALA GIMNAZIALĂ NR.30 TIMIȘOARA",157,"MUNICIPIUL TIMIŞOARA",155243,1,PROV,PRCNCT,CD,CD_SV,"2021-01-21 12:30:02",1588,1564,24,0,495,471,24,0,1800,1305,489,5,1,18,122,199,10,66,12,2,3,1,28,6,6,4,0,3,1,0,0,0,0,2,0,3,0,0,0,1,1,0,0,1
37,TIMIŞ,"ȘCOALA GIMNAZIALĂ NR.30 TIMIȘOARA",158,"MUNICIPIUL TIMIŞOARA",155243,1,PROV,PRCNCT,CD,CD_SV,"2021-01-21 12:30:02",1540,1521,18,1,450,431,18,1,1800,1350,449,0,1,16,93,183,10,85,14,2,3,0,23,2,5,6,0,0,0,0,0,1,1,1,0,1,0,0,0,0,1,0,1,1
37,TIMIŞ,"ŞCOALA GIMNAZIALĂ NR.16 ” TAKE IONESCU ”",159,"MUNICIPIUL TIMIŞOARA",155243,1,PROV,PRCNCT,CD,CD_SV,"2021-01-21 12:30:02",1471,1355,36,80,562,446,36,80,1500,938,557,5,0,23,121,200,12,136,17,0,1,1,27,0,0,6,0,2,0,1,0,0,0,3,0,4,0,0,2,0,0,0,1,0
37,TIMIŞ,"ŞCOALA GIMNAZIALĂ NR.16 ” TAKE IONESCU ”",160,"MUNICIPIUL TIMIŞOARA",155243,1,PROV,PRCNCT,CD,CD_SV,"2021-01-21 12:30:02",1172,1069,36,67,504,401,36,67,1200,696,498,2,4,19,97,176,18,122,7,5,2,1,25,6,4,4,0,2,1,0,0,0,0,3,0,5,0,0,0,0,0,0,0,1
37,TIMIŞ,"ŞCOALA GIMNAZIALĂ NR.16 ” TAKE IONESCU ”",161,"MUNICIPIUL TIMIŞOARA",155243,1,PROV,PRCNCT,CD,CD_SV,"2021-01-21 12:30:02",1077,981,28,68,423,327,28,68,1150,727,414,3,6,12,78,154,7,127,7,2,1,0,8,6,1,1,0,1,0,0,0,0,0,2,0,4,1,0,0,0,0,1,0,1
37,TIMIŞ,"GRĂDINIŢA CU PROGRAM PRELUNGIT NR.53 ( GRĂDINIŢA CU PROGRAM PRELUNGIT NR.48)",162,"MUNICIPIUL TIMIŞOARA",155243,1,PROV,PRCNCT,CD,CD_SV,"2021-01-21 12:30:02",989,964,25,0,348,323,25,0,1000,652,346,2,0,16,94,149,7,35,6,3,4,0,12,2,3,5,0,1,0,0,0,0,1,1,0,2,0,1,0,0,1,0,3,0
37,TIMIŞ,"LICEUL DE ARTE PLASTICE TIMIȘOARA ( FOSTUL GRUP ȘCOLAR TUDOR TĂNĂSESCU)",163,"MUNICIPIUL TIMIŞOARA",155243,1,PROV,PRCNCT,CD,CD_SV,"2021-01-21 12:30:02",1633,1614,16,3,448,429,16,3,1800,1352,448,0,0,32,95,162,10,81,12,0,8,0,28,4,0,4,0,0,1,0,0,0,0,4,1,1,0,0,2,1,2,0,0,0
37,TIMIŞ,"LICEUL DE ARTE PLASTICE TIMIȘOARA ( FOSTUL GRUP ȘCOLAR TUDOR TĂNĂSESCU)",164,"MUNICIPIUL TIMIŞOARA",155243,1,PROV,PRCNCT,CD,CD_SV,"2021-01-21 12:30:02",1519,1497,22,0,261,239,22,0,1700,1439,257,2,2,9,59,85,9,44,5,4,7,0,22,5,2,4,0,0,0,0,0,0,0,0,0,1,0,0,0,0,0,0,1,0
37,TIMIŞ,"LICEUL DE ARTE PLASTICE TIMIȘOARA ( FOSTUL GRUP ȘCOLAR TUDOR TĂNĂSESCU)",165,"MUNICIPIUL TIMIŞOARA",155243,1,PROV,PRCNCT,CD,CD_SV,"2021-01-21 12:30:02",959,948,11,0,226,215,11,0,1097,871,224,2,0,13,60,69,7,43,3,0,0,0,19,1,1,2,0,0,0,0,0,0,0,0,0,4,1,0,0,1,0,0,0,0
37,TIMIŞ,"ŞCOALA GIMNAZIALĂ NR.21 ” VICENŢIU BABEŞ ”",166,"MUNICIPIUL TIMIŞOARA",155243,1,PROV,PRCNCT,CD,CD_SV,"2021-01-21 12:30:02",1448,1396,35,17,478,426,35,17,1500,1022,473,4,1,20,122,184,15,75,5,5,4,0,26,2,3,5,0,0,0,3,0,0,0,0,0,3,0,0,0,0,0,1,0,0
37,TIMIŞ,"ŞCOALA GIMNAZIALĂ NR.21 ” VICENŢIU BABEŞ ”",167,"MUNICIPIUL TIMIŞOARA",155243,2,PART,PRCNCT,CD,CD_SV,"2021-01-21 12:30:02",1564,1540,23,1,442,418,23,1,1700,1258,436,6,0,27,87,161,17,65,17,1,3,1,33,3,2,3,2,2,0,0,0,0,0,2,1,4,1,0,1,0,0,0,1,2
37,TIMIŞ,"ŞCOALA GIMNAZIALĂ NR.21 ” VICENŢIU BABEŞ ”",168,"MUNICIPIUL TIMIŞOARA",155243,1,PROV,PRCNCT,CD,CD_SV,"2021-01-21 12:30:02",1534,1504,30,0,494,464,30,0,1700,1206,488,5,1,29,90,189,14,110,9,5,2,1,22,5,3,4,0,0,0,0,0,1,0,1,0,0,1,0,0,0,0,0,1,1
37,TIMIŞ,"ŞCOALA GIMNAZIALĂ NR.21 ” VICENŢIU BABEŞ ”",169,"MUNICIPIUL TIMIŞOARA",155243,1,PROV,PRCNCT,CD,CD_SV,"2021-01-21 12:30:02",1147,1136,11,0,351,340,11,0,1300,949,345,5,1,15,74,118,5,78,5,1,4,1,20,7,2,6,0,0,0,0,0,0,0,4,1,1,1,0,0,0,0,1,0,1
37,TIMIŞ,"ŞCOALA GIMNAZIALĂ NR.7 ”SFÂNTA MARIA ”",170,"MUNICIPIUL TIMIŞOARA",155243,1,PROV,PRCNCT,CD,CD_SV,"2021-01-21 12:30:02",1486,1446,33,7,454,414,33,7,1600,1146,447,4,3,23,89,196,15,70,5,2,6,0,25,4,3,5,0,0,0,0,0,0,0,2,0,1,0,0,0,0,0,0,1,0
37,TIMIŞ,"ŞCOALA GIMNAZIALĂ NR.7 ”SFÂNTA MARIA ”",171,"MUNICIPIUL TIMIŞOARA",155243,1,PROV,PRCNCT,CD,CD_SV,"2021-01-21 12:30:02",1522,1495,27,0,432,405,27,0,1700,1268,426,6,0,19,85,182,14,63,6,1,8,0,21,6,0,10,0,0,1,0,0,0,0,2,0,4,0,0,0,1,0,1,0,2
37,TIMIŞ,"ŞCOALA GIMNAZIALĂ NR.7 ”SFÂNTA MARIA ”",172,"MUNICIPIUL TIMIŞOARA",155243,1,PROV,PRCNCT,CD,CD_SV,"2021-01-21 12:30:02",1454,1428,26,0,444,418,26,0,1600,1156,435,7,2,19,69,190,12,88,9,7,6,0,15,3,0,7,0,0,0,0,0,0,0,3,0,1,0,0,2,0,0,0,3,1
37,TIMIŞ,"ŞCOALA GIMNAZIALĂ NR.7 ”SFÂNTA MARIA ”",173,"MUNICIPIUL TIMIŞOARA",155243,1,PROV,PRCNCT,CD,CD_SV,"2021-01-21 12:30:02",1391,1354,35,2,423,386,35,2,1500,1077,420,2,1,26,91,158,15,74,8,1,10,1,24,2,1,2,1,0,0,0,0,2,0,2,0,0,0,0,0,0,0,1,0,1
37,TIMIŞ,"ŞCOALA GIMNAZIALĂ NR.7 ”SFÂNTA MARIA ”",174,"MUNICIPIUL TIMIŞOARA",155243,1,PROV,PRCNCT,CD,CD_SV,"2021-01-21 12:30:02",1104,1091,13,0,331,318,13,0,1200,869,325,4,2,18,54,135,13,60,11,2,1,0,16,5,0,3,0,0,0,0,1,0,0,3,0,1,0,0,0,0,0,1,1,0
37,TIMIŞ,"ŞCOALA GIMNAZIALĂ NR.7 ”SFÂNTA MARIA ”",175,"MUNICIPIUL TIMIŞOARA",155243,1,PROV,PRCNCT,CD,CD_SV,"2021-01-21 12:30:02",1241,1227,14,0,374,360,14,0,1400,1026,372,1,1,18,83,139,11,71,7,1,4,1,18,7,4,5,1,0,0,0,0,0,0,1,0,0,1,0,0,0,0,0,0,0
37,TIMIŞ,"GRĂDINIŢA CU PROGRAM PRELUNGIT NR.20 TIMIȘOARA",176,"MUNICIPIUL TIMIŞOARA",155243,1,PROV,PRCNCT,CD,CD_SV,"2021-01-21 12:30:02",1617,1580,35,2,448,411,35,2,1700,1252,446,1,1,21,90,181,12,88,6,0,12,0,15,3,3,2,1,0,1,0,0,0,0,1,0,1,1,1,2,0,1,0,2,2
37,TIMIŞ,"GRĂDINIŢA CU PROGRAM PRELUNGIT NR.20 TIMIȘOARA",177,"MUNICIPIUL TIMIŞOARA",155243,1,PROV,PRCNCT,CD,CD_SV,"2021-01-21 12:30:02",1624,1605,19,0,466,447,19,0,1800,1334,460,4,2,20,97,189,14,91,8,2,0,1,17,3,3,4,0,0,0,0,0,2,0,2,0,2,1,0,0,0,0,2,1,1
37,TIMIŞ,"GRĂDINIŢA CU PROGRAM PRELUNGIT NR.20 TIMIȘOARA",178,"MUNICIPIUL TIMIŞOARA",155243,1,PROV,PRCNCT,CD,CD_SV,"2021-01-21 12:30:02",1387,1363,24,0,477,453,24,0,1500,1023,474,2,1,26,133,176,16,66,1,4,10,0,19,9,1,7,0,0,0,0,0,0,0,3,0,1,0,0,0,0,1,0,0,1
37,TIMIŞ,"DIRECȚIA DE ASISTENȚĂ SOCIALĂ A MUNICIPIULUI TIMIȘOARA, COMPLEXUL DE SERVICII SOCIALE PENTRU PERSOANE VÂRSTNICE „SF. ARH. MIHAIL ȘI GAVRIL”",179,"MUNICIPIUL TIMIŞOARA",155243,1,PROV,PRCNCT,CD,CD_SV,"2021-01-21 12:30:02",1358,1344,14,0,398,384,14,0,1500,1102,396,2,0,25,107,133,12,60,4,2,4,2,19,5,3,7,0,0,0,0,0,0,0,5,0,0,1,0,0,0,1,0,3,3
37,TIMIŞ,"DIRECȚIA DE ASISTENȚĂ SOCIALĂ A MUNICIPIULUI TIMIȘOARA, COMPLEXUL DE SERVICII SOCIALE PENTRU PERSOANE VÂRSTNICE „SF. ARH. MIHAIL ȘI GAVRIL”",180,"MUNICIPIUL TIMIŞOARA",155243,1,PROV,PRCNCT,CD,CD_SV,"2021-01-21 12:30:02",1226,1190,36,0,402,366,36,0,1300,898,390,11,1,26,92,153,7,59,11,5,3,3,11,2,1,6,0,1,1,0,1,2,0,3,0,0,0,0,0,0,0,0,1,2
37,TIMIŞ,"LICEUL TEHNOLOGIC ENERGETIC ”REGELE FERDINAND I” TIMIȘOARA - CĂMIN NR.1 (FOST GRUP ŞCOLAR ”TUDOR TĂNĂSESCU”)",181,"MUNICIPIUL TIMIŞOARA",155243,1,PROV,PRCNCT,CD,CD_SV,"2021-01-21 12:30:02",1452,1421,29,2,409,378,29,2,1600,1191,407,2,0,14,89,180,9,52,9,2,2,2,28,3,6,5,1,1,0,0,0,0,0,0,0,2,0,0,0,0,0,0,1,1
37,TIMIŞ,"LICEUL TEHNOLOGIC ENERGETIC ”REGELE FERDINAND I” TIMIȘOARA - CĂMIN NR.1 (FOST GRUP ŞCOLAR ”TUDOR TĂNĂSESCU”)",182,"MUNICIPIUL TIMIŞOARA",155243,2,PART,PRCNCT,CD,CD_SV,"2021-01-21 12:30:02",1238,1225,13,0,320,307,13,0,1400,1080,319,1,0,29,53,135,12,47,8,0,2,0,20,4,2,3,0,0,0,0,0,0,0,1,0,0,0,0,0,0,1,1,0,1
37,TIMIŞ,"LICEUL TEHNOLOGIC ENERGETIC ”REGELE FERDINAND I” TIMIȘOARA - CĂMIN NR.1 (FOST GRUP ŞCOLAR ”TUDOR TĂNĂSESCU”)",183,"MUNICIPIUL TIMIŞOARA",155243,2,PART,PRCNCT,CD,CD_SV,"2021-01-21 12:30:02",1380,1362,18,0,342,324,18,0,1500,1158,337,4,1,15,88,144,7,42,9,1,1,0,17,1,0,8,1,0,0,3,0,0,0,0,0,0,0,0,0,0,0,0,0,0
37,TIMIŞ,"LICEUL TEHNOLOGIC ENERGETIC ”REGELE FERDINAND I” TIMIȘOARA - CĂMIN NR.1 (FOST GRUP ŞCOLAR ”TUDOR TĂNĂSESCU”)",184,"MUNICIPIUL TIMIŞOARA",155243,1,PROV,PRCNCT,CD,CD_SV,"2021-01-21 12:30:02",1319,1307,12,0,317,305,12,0,1400,1083,311,5,1,18,78,125,5,37,3,0,4,2,16,2,4,5,0,0,0,3,0,1,0,1,0,4,1,1,0,0,0,0,0,1
37,TIMIŞ,"LICEUL TEORETIC ”WILLIAM SHAKESPEARE”",185,"MUNICIPIUL TIMIŞOARA",155243,1,PROV,PRCNCT,CD,CD_SV,"2021-01-21 12:30:02",1384,1345,34,5,485,446,34,5,1500,1015,477,7,1,20,79,208,6,82,16,4,4,0,26,4,4,8,0,0,1,0,0,0,0,6,0,7,0,0,0,1,0,0,1,0
37,TIMIŞ,"CENTRUL ȘCOLAR PENTRU EDUCAȚIE INCLUZIVĂ ”PAUL POPESCU NEVEANU”",186,"MUNICIPIUL TIMIŞOARA",155243,2,PART,PRCNCT,CD,CD_SV,"2021-01-21 12:30:02",1209,1197,12,0,340,328,12,0,1400,1060,337,3,0,14,74,140,10,48,4,0,3,2,32,0,4,2,0,0,0,0,0,0,0,1,0,1,0,1,0,0,0,0,0,1
37,TIMIŞ,"CENTRUL ȘCOLAR PENTRU EDUCAȚIE INCLUZIVĂ ”PAUL POPESCU NEVEANU”",187,"MUNICIPIUL TIMIŞOARA",155243,2,PART,PRCNCT,CD,CD_SV,"2021-01-21 12:30:02",1188,1174,14,0,246,232,14,0,1300,1054,244,2,0,9,58,87,2,35,7,0,0,1,26,3,4,1,0,0,1,0,1,0,0,4,0,3,1,0,0,0,0,0,0,1
37,TIMIŞ,"CENTRUL ȘCOLAR PENTRU EDUCAȚIE INCLUZIVĂ ”PAUL POPESCU NEVEANU”",188,"MUNICIPIUL TIMIŞOARA",155243,2,PART,PRCNCT,CD,CD_SV,"2021-01-21 12:30:02",1264,1244,20,0,306,286,20,0,1400,1094,304,1,1,12,75,118,6,47,5,0,1,0,21,4,0,3,0,1,0,0,0,0,0,2,0,0,7,0,0,0,0,0,1,1
37,TIMIŞ,"CENTRUL ŞCOLAR PENTRU EDUCAŢIE INCLUZIVĂ ”PAUL POPESCU NEVEANU”",189,"MUNICIPIUL TIMIŞOARA",155243,1,PROV,PRCNCT,CD,CD_SV,"2021-01-21 12:30:02",1060,1037,21,2,281,258,21,2,1200,919,279,1,1,11,58,111,5,40,6,2,1,0,27,1,6,3,0,1,1,0,0,0,0,0,0,4,0,0,0,0,0,0,1,1
37,TIMIŞ,"LICEUL TEORETIC ”JEAN LOUIS CALDERON ” TIMIȘOARA - CORP A",190,"MUNICIPIUL TIMIŞOARA",155243,1,PROV,PRCNCT,CD,CD_SV,"2021-01-21 12:30:02",1174,1141,29,4,346,317,26,3,1301,955,344,2,0,28,80,134,12,54,8,0,5,1,13,0,1,4,0,1,0,0,1,0,0,1,0,0,0,0,0,0,0,0,1,0
37,TIMIŞ,"LICEUL TEORETIC ”JEAN LOUIS CALDERON ” TIMIȘOARA - CORP A",191,"MUNICIPIUL TIMIŞOARA",155243,1,PROV,PRCNCT,CD,CD_SV,"2021-01-21 12:30:02",1217,1196,21,0,379,358,21,0,1400,1021,378,1,0,28,78,157,9,51,22,2,5,0,13,0,3,2,0,0,0,0,0,1,0,3,0,2,1,0,0,0,0,0,0,1
37,TIMIŞ,"LICEUL TEORETIC ”JEAN LOUIS CALDERON ” TIMIȘOARA - CORP A",192,"MUNICIPIUL TIMIŞOARA",155243,1,PROV,PRCNCT,CD,CD_SV,"2021-01-21 12:30:02",1139,1122,16,1,366,349,16,1,1300,934,366,0,0,11,93,149,9,56,10,0,1,0,21,3,1,4,0,0,0,0,0,2,0,1,0,0,0,0,0,0,0,4,1,0
37,TIMIŞ,"LICEUL TEORETIC ”JEAN LOUIS CALDERON ” TIMIȘOARA - CORP A",193,"MUNICIPIUL TIMIŞOARA",155243,2,PART,PRCNCT,CD,CD_SV,"2021-01-21 12:30:02",988,974,9,5,293,280,9,4,1100,807,285,5,3,13,68,120,4,43,8,5,5,0,12,4,0,1,0,0,0,1,0,1,0,0,0,0,0,0,0,0,0,0,0,0
37,TIMIŞ,"LICEUL TEOLOGIC PENTICOSTAL LOGOS",194,"MUNICIPIUL TIMIŞOARA",155243,1,PROV,PRCNCT,CD,CD_SV,"2021-01-21 12:30:02",1421,1396,25,0,437,412,25,0,1600,1163,424,10,3,17,96,140,12,81,18,0,4,1,19,3,4,8,0,0,1,0,0,1,0,9,0,1,2,0,0,0,0,1,3,3
37,TIMIŞ,"LICEUL TEOLOGIC PENTICOSTAL LOGOS",195,"MUNICIPIUL TIMIŞOARA",155243,1,PROV,PRCNCT,CD,CD_SV,"2021-01-21 12:30:02",1047,1030,17,0,264,247,17,0,1200,936,261,3,0,13,45,97,8,53,11,2,4,0,11,1,1,4,0,0,1,0,0,0,0,3,1,3,1,0,0,0,2,0,0,0
37,TIMIŞ,"LICEUL TEOLOGIC PENTICOSTAL LOGOS",196,"MUNICIPIUL TIMIŞOARA",155243,1,PROV,PRCNCT,CD,CD_SV,"2021-01-21 12:30:02",1135,1108,27,0,336,309,27,0,1200,864,334,2,0,16,48,138,19,71,12,1,0,2,12,4,3,5,0,0,0,0,0,0,0,2,0,1,0,0,0,0,0,0,0,0
37,TIMIŞ,"LICEUL TEOLOGIC PENTICOSTAL LOGOS",197,"MUNICIPIUL TIMIŞOARA",155243,1,PROV,PRCNCT,CD,CD_SV,"2021-01-21 12:30:02",1253,1243,10,0,362,352,10,0,1400,1038,357,3,2,15,89,137,8,57,11,6,1,1,5,3,2,6,0,2,0,0,0,0,0,7,0,2,0,0,0,1,0,1,3,0
37,TIMIŞ,"ŞCOALA GIMNAZIALĂ NR.6 (GRADINIŢA CU PROGRAM PRELUNGIT NR. 30)",198,"MUNICIPIUL TIMIŞOARA",155243,1,PROV,PRCNCT,CD,CD_SV,"2021-01-21 12:30:02",1538,1518,19,1,376,356,19,1,1700,1324,370,4,2,15,86,135,15,44,20,0,5,0,29,8,2,4,0,0,0,0,0,0,1,1,0,0,2,0,1,0,0,1,1,0
37,TIMIŞ,"ŞCOALA GIMNAZIALĂ NR.6 (GRADINIŢA CU PROGRAM PRELUNGIT NR. 30)",199,"MUNICIPIUL TIMIŞOARA",155243,1,PROV,PRCNCT,CD,CD_SV,"2021-01-21 12:30:02",1774,1753,18,3,483,462,18,3,1900,1417,479,3,1,29,92,178,7,72,16,1,5,0,49,12,4,3,0,0,0,0,0,0,0,3,1,2,0,0,0,0,0,1,1,3
37,TIMIŞ,"LICEUL TEHNOLOGIC ELECTROTIMIŞ TIMIȘOARA (ŞCOALA GIMNAZIALĂ NR.20 )",200,"MUNICIPIUL TIMIŞOARA",155243,1,PROV,PRCNCT,CD,CD_SV,"2021-01-21 12:30:02",1861,1831,29,1,784,754,29,1,2000,1216,782,2,0,38,161,327,16,96,67,2,8,1,24,9,3,11,1,0,2,2,0,4,0,0,2,1,0,1,0,1,1,2,1,1
37,TIMIŞ,"ŞCOALA GIMNAZIALĂ NR.1( ŞCOALA GIMNAZIALĂ NR. 4 )",201,"MUNICIPIUL TIMIŞOARA",155243,1,PROV,PRCNCT,CD,CD_SV,"2021-01-21 12:30:02",1621,1599,20,2,464,442,20,2,1800,1336,458,4,2,23,115,171,5,77,7,1,4,2,27,6,2,8,0,0,0,2,0,0,0,3,0,3,0,0,0,0,0,2,0,0
37,TIMIŞ,"ŞCOALA GIMNAZIALĂ NR.1( ŞCOALA GIMNAZIALĂ NR. 4 )",202,"MUNICIPIUL TIMIŞOARA",155243,1,PROV,PRCNCT,CD,CD_SV,"2021-01-21 12:30:02",1462,1451,11,0,442,431,11,0,1600,1158,436,5,1,29,95,179,8,64,12,2,2,1,19,6,3,11,0,1,0,1,0,0,0,1,0,0,0,0,1,0,0,0,0,1
37,TIMIŞ,"GRĂDINIŢA CU PROGRAM PRELUNGIT NR.38 ( GRĂDINIŢA CU PROGRAM PRELUNGIT NR.6 )",203,"MUNICIPIUL TIMIŞOARA",155243,1,PROV,PRCNCT,CD,CD_SV,"2021-01-21 12:30:02",1330,1306,24,0,443,419,24,0,1400,957,437,6,0,40,109,128,15,72,9,4,4,0,32,4,3,10,0,1,0,0,0,0,0,0,1,0,0,1,0,0,1,0,2,1
37,TIMIŞ,"GRĂDINIŢA CU PROGRAM PRELUNGIT NR.38 ( GRĂDINIŢA CU PROGRAM PRELUNGIT NR.6 )",204,"MUNICIPIUL TIMIŞOARA",155243,1,PROV,PRCNCT,CD,CD_SV,"2021-01-21 12:30:02",1297,1281,16,0,396,380,16,0,1400,1004,391,2,3,31,99,132,16,60,7,1,2,0,31,2,0,3,0,0,0,0,1,0,0,4,0,0,0,0,0,1,0,0,0,1
37,TIMIŞ,"ȘCOALA GIMNAZIALĂ NR.1 TIMIȘOARA",205,"MUNICIPIUL TIMIŞOARA",155243,1,PROV,PRCNCT,CD,CD_SV,"2021-01-21 12:30:02",1273,1257,16,0,255,239,16,0,1400,1145,250,3,2,19,70,84,14,34,6,2,2,0,10,3,1,3,0,0,1,0,0,0,0,0,0,0,0,0,0,0,0,0,1,0
37,TIMIŞ,"ȘCOALA GIMNAZIALĂ NR.1 TIMIȘOARA",206,"MUNICIPIUL TIMIŞOARA",155243,2,PART,PRCNCT,CD,CD_SV,"2021-01-21 12:30:02",1076,1052,24,0,276,252,24,0,1200,924,272,2,2,20,53,101,4,37,11,0,5,1,24,3,0,7,0,0,0,1,0,0,0,3,0,2,0,0,0,0,0,0,0,0
37,TIMIŞ,"GRĂDINIȚA CU PROGRAM PRELUNGIT NR.13 TIMIȘOARA",207,"MUNICIPIUL TIMIŞOARA",155243,1,PROV,PRCNCT,CD,CD_SV,"2021-01-21 12:30:02",517,501,16,0,173,157,16,0,600,427,169,4,0,5,34,65,5,28,2,1,0,2,15,9,0,1,0,0,0,0,0,0,0,0,0,1,0,0,0,0,0,0,0,1
37,TIMIŞ,"COLEGIUL NAŢIONAL ”IULIA HAŞDEU”",208,"MUNICIPIUL LUGOJ",155350,1,PROV,PRCNCT,CD,CD_SV,"2021-01-21 12:30:02",1226,1197,29,0,348,319,29,0,1300,952,344,4,0,39,100,56,11,77,3,1,3,0,30,6,1,6,0,1,0,1,0,0,0,0,1,0,0,5,0,0,0,1,0,2
37,TIMIŞ,"ŞCOALA GIMNAZIALĂ NR.3",209,"MUNICIPIUL LUGOJ",155350,2,PART,PRCNCT,CD,CD_SV,"2021-01-21 12:30:02",1566,1532,34,0,368,334,34,0,1700,1332,363,2,3,16,124,63,17,87,10,1,1,1,28,4,5,3,0,0,1,0,0,0,0,0,0,1,1,0,0,0,0,0,0,0
37,TIMIŞ,"GRĂDINIŢA CU PROGRAM PRELUNGIT NR.3",210,"MUNICIPIUL LUGOJ",155350,1,PROV,PRCNCT,CD,CD_SV,"2021-01-21 12:30:02",1699,1670,29,0,402,373,29,0,1800,1398,397,2,3,30,137,60,22,69,8,0,4,3,48,3,2,5,0,1,0,0,0,2,0,0,1,0,1,0,0,0,0,0,0,1
37,TIMIŞ,"GRĂDINIŢA CU PROGRAM PRELUNGIT NR.4",211,"MUNICIPIUL LUGOJ",155350,1,PROV,PRCNCT,CD,CD_SV,"2021-01-21 12:30:02",1287,1273,14,0,299,285,14,0,1400,1101,296,2,1,8,77,47,16,64,11,4,0,2,45,7,2,3,0,0,1,0,0,4,0,0,0,0,0,1,0,0,0,1,1,2
37,TIMIŞ,"GRĂDINIŢA CU PROGRAM PRELUNGIT NR.4",212,"MUNICIPIUL LUGOJ",155350,1,PROV,PRCNCT,CD,CD_SV,"2021-01-21 12:30:02",1037,1025,12,0,258,246,12,0,1100,842,252,4,2,16,74,35,19,38,11,2,4,1,40,5,0,2,0,1,0,0,0,1,0,0,0,1,0,0,1,0,0,0,0,1
37,TIMIŞ,"ŞCOALA GIMNAZIALĂ NR.4",213,"MUNICIPIUL LUGOJ",155350,1,PROV,PRCNCT,CD,CD_SV,"2021-01-21 12:30:02",1033,1005,28,0,309,281,28,0,1100,791,305,4,0,31,111,40,6,59,12,2,4,1,22,4,1,3,0,2,1,2,0,0,0,0,0,2,0,1,0,0,0,0,1,0
37,TIMIŞ,"GRĂDINIŢA CU PROGRAM PRELUNGIT NR.5",214,"MUNICIPIUL LUGOJ",155350,1,PROV,PRCNCT,CD,CD_SV,"2021-01-21 12:30:02",1396,1376,20,0,321,301,20,0,1500,1179,317,2,2,15,79,53,21,90,12,2,0,2,29,3,2,4,0,0,1,0,0,0,0,0,0,1,0,1,0,1,0,0,1,0
37,TIMIŞ,"GRĂDINIŢA CU PROGRAM PRELUNGIT NR.5",215,"MUNICIPIUL LUGOJ",155350,1,PROV,PRCNCT,CD,CD_SV,"2021-01-21 12:30:02",1235,1219,16,0,305,289,16,0,1400,1095,296,9,0,11,88,63,18,55,14,2,0,1,25,4,2,6,0,1,0,0,0,0,0,0,0,0,1,2,1,0,0,0,2,0
37,TIMIŞ,"ŞCOALA GIMNAZIALĂ NR.2",216,"MUNICIPIUL LUGOJ",155350,1,PROV,PRCNCT,CD,CD_SV,"2021-01-21 12:30:02",1484,1463,21,0,321,300,21,0,1600,1279,312,6,3,14,102,37,20,74,8,1,3,3,31,3,0,6,0,0,0,1,0,1,0,1,1,3,1,1,0,0,0,0,0,1
37,TIMIŞ,"GRĂDINIŢA CU PROGRAM PRELUNGIT NR.7",217,"MUNICIPIUL LUGOJ",155350,1,PROV,PRCNCT,CD,CD_SV,"2021-01-21 12:30:02",1397,1381,13,3,294,278,13,3,1500,1206,288,3,3,4,90,44,14,64,6,2,2,3,45,4,1,3,2,1,0,0,0,1,0,0,0,0,1,0,0,0,0,0,0,1
37,TIMIŞ,"GRĂDINIŢA CU PROGRAM NORMAL NR.11",218,"MUNICIPIUL LUGOJ",155350,1,PROV,PRCNCT,CD,CD_SV,"2021-01-21 12:30:02",1304,1294,10,0,343,333,10,0,1400,1057,335,6,2,50,91,43,9,69,6,4,10,3,29,9,1,3,1,0,0,0,0,3,0,0,0,0,1,1,0,0,0,1,1,0
37,TIMIŞ,"GRĂDINIŢA CU PROGRAM NORMAL NR.11",219,"MUNICIPIUL LUGOJ",155350,1,PROV,PRCNCT,CD,CD_SV,"2021-01-21 12:30:02",1027,1013,14,0,324,310,14,0,1100,776,321,2,1,20,88,50,39,69,5,0,3,2,32,5,0,3,0,0,0,0,0,1,0,0,0,0,1,2,0,0,0,0,0,1
37,TIMIŞ,"SALA SPORTURILOR ”IOAN KUNST GHERMĂNESCU”",220,"MUNICIPIUL LUGOJ",155350,1,PROV,PRCNCT,CD,CD_SV,"2021-01-21 12:30:02",771,739,32,0,249,217,32,0,800,551,247,0,2,16,77,44,11,42,5,2,2,0,27,7,1,4,0,2,0,0,0,0,0,3,0,2,0,1,0,0,0,1,0,0
37,TIMIŞ,"SALA SPORTURILOR ”IOAN KUNST GHERMĂNESCU”",221,"MUNICIPIUL LUGOJ",155350,2,PART,PRCNCT,CD,CD_SV,"2021-01-21 12:30:02",1430,1394,33,3,413,377,33,3,1600,1187,408,5,0,25,122,65,32,87,9,3,1,1,46,3,1,7,0,0,1,0,0,2,0,0,0,0,0,0,0,0,1,0,0,2
37,TIMIŞ,"SALA SPORTURILOR ”IOAN KUNST GHERMĂNESCU”",222,"MUNICIPIUL LUGOJ",155350,1,PROV,PRCNCT,CD,CD_SV,"2021-01-21 12:30:02",1289,1277,12,0,335,323,12,0,1400,1065,331,4,0,9,111,61,15,83,7,3,1,1,21,7,0,3,0,0,1,0,0,1,0,0,1,4,0,0,0,1,0,0,1,0
37,TIMIŞ,"SALA SPORTURILOR ”IOAN KUNST GHERMĂNESCU”",223,"MUNICIPIUL LUGOJ",155350,1,PROV,PRCNCT,CD,CD_SV,"2021-01-21 12:30:02",1136,1125,11,0,299,288,11,0,1300,1001,297,0,2,19,98,32,23,76,10,2,2,1,23,3,2,5,0,0,0,0,0,0,0,0,0,0,0,0,0,0,0,0,0,1
37,TIMIŞ,"ŞCOALA GIMNAZIALĂ ”EFTIMIE MURGU”",224,"MUNICIPIUL LUGOJ",155350,1,PROV,PRCNCT,CD,CD_SV,"2021-01-21 12:30:02",1159,1139,20,0,314,294,20,0,1300,986,311,2,1,15,98,62,14,79,14,1,2,2,19,1,0,1,0,0,0,0,0,0,0,0,1,2,0,0,0,0,0,0,0,0
37,TIMIŞ,"ŞCOALA GIMNAZIALĂ ”EFTIMIE MURGU”",225,"MUNICIPIUL LUGOJ",155350,1,PROV,PRCNCT,CD,CD_SV,"2021-01-21 12:30:02",1373,1355,18,0,382,364,18,0,1500,1118,379,3,0,24,116,70,14,94,9,2,2,1,35,2,1,1,0,0,0,0,0,3,0,2,1,1,0,1,0,0,0,0,0,0
37,TIMIŞ,"GRĂDINIŢA CU PROGRAM NORMAL NR.13",226,"MUNICIPIUL LUGOJ",155350,1,PROV,PRCNCT,CD,CD_SV,"2021-01-21 12:30:02",1649,1623,25,1,471,445,25,1,1800,1329,470,1,0,30,152,86,16,99,22,0,2,2,41,7,2,2,0,0,1,0,0,2,0,0,0,3,0,2,0,0,0,0,0,1
37,TIMIŞ,"COLEGIUL TEHNIC ”VALERIU BRANIŞTE”",227,"MUNICIPIUL LUGOJ",155350,1,PROV,PRCNCT,CD,CD_SV,"2021-01-21 12:30:02",1161,1126,22,13,336,303,22,11,1300,964,332,3,1,11,91,70,11,72,21,0,5,2,25,7,0,6,0,0,1,1,0,3,0,1,0,3,0,1,0,0,0,0,0,1
37,TIMIŞ,"GRĂDINIŢA CU PROGRAM PRELUNGIT NR.2",228,"MUNICIPIUL LUGOJ",155350,1,PROV,PRCNCT,CD,CD_SV,"2021-01-21 12:30:02",1517,1498,19,0,348,329,19,0,1700,1352,339,7,2,15,109,71,17,51,8,3,0,0,43,2,0,7,0,1,0,0,0,1,0,1,0,4,1,0,1,1,0,0,0,3
37,TIMIŞ,"ŞCOALA GIMNAZIALĂ NR.1",229,"MUNICIPIUL LUGOJ",155350,1,PROV,PRCNCT,CD,CD_SV,"2021-01-21 12:30:02",1332,1318,14,0,411,397,14,0,1500,1089,407,3,1,35,163,72,7,57,17,1,2,0,32,2,1,4,1,1,0,0,0,1,0,0,0,7,0,1,0,0,0,0,0,3
37,TIMIŞ,"ŞCOALA GIMNAZIALĂ NR.1",230,"MUNICIPIUL LUGOJ",155350,1,PROV,PRCNCT,CD,CD_SV,"2021-01-21 12:30:02",1295,1282,13,0,325,312,13,0,1400,1075,322,3,0,15,127,44,13,60,18,3,2,2,18,6,1,1,0,0,0,0,0,3,0,1,0,1,5,0,0,0,0,0,0,2
37,TIMIŞ,"ŞCOALA GIMNAZIALĂ NR.1",231,"MUNICIPIUL LUGOJ",155350,1,PROV,PRCNCT,CD,CD_SV,"2021-01-21 12:30:02",471,444,27,0,105,78,27,0,500,395,102,1,2,5,31,8,7,7,1,1,0,1,36,0,0,0,0,0,0,0,0,1,0,1,0,0,1,0,0,1,0,0,0,1
37,TIMIŞ,"CINEMATOGRAFUL ”BELA LUGOSI”",232,"MUNICIPIUL LUGOJ",155350,1,PROV,PRCNCT,CD,CD_SV,"2021-01-21 12:30:02",1083,1062,19,2,251,230,19,2,1200,949,246,4,1,13,74,27,18,50,15,4,1,0,29,3,1,2,0,2,1,0,0,2,0,0,1,0,2,0,0,0,0,0,0,1
37,TIMIŞ,"SALA DE LUPTE ŞI GIMNASTICĂ ”FRANCISC HORVATH”",233,"MUNICIPIUL LUGOJ",155350,1,PROV,PRCNCT,CD,CD_SV,"2021-01-21 12:30:02",1090,1073,17,0,284,267,17,0,1200,916,279,4,1,15,82,37,18,68,3,2,3,2,31,3,0,5,0,0,0,3,0,5,0,0,0,1,0,0,0,1,0,0,0,0
37,TIMIŞ,"BAZA DE AGREMENT ŞTRAND",234,"MUNICIPIUL LUGOJ",155350,1,PROV,PRCNCT,CD,CD_SV,"2021-01-21 12:30:02",1214,1200,14,0,350,336,14,0,1400,1050,345,4,1,19,110,56,19,80,10,5,1,0,29,7,2,4,0,0,0,1,0,0,0,0,0,2,0,0,0,0,0,0,0,0
37,TIMIŞ,"SALA SPORTURILOR ”LAVINIA MILOŞOVICI”",235,"MUNICIPIUL LUGOJ",155350,2,PART,PRCNCT,CD,CD_SV,"2021-01-21 12:30:02",1542,1511,31,0,435,404,31,0,1700,1265,423,11,1,20,133,83,38,67,11,7,3,0,43,3,0,5,0,0,1,0,0,4,0,0,0,0,1,0,0,0,0,0,1,3
37,TIMIŞ,"SALA SPORTURILOR ”LAVINIA MILOŞOVICI”",236,"MUNICIPIUL LUGOJ",155350,2,PART,PRCNCT,CD,CD_SV,"2021-01-21 12:30:02",1522,1504,18,0,415,397,18,0,1700,1285,407,6,2,22,121,76,29,84,9,2,9,0,40,3,1,3,0,0,0,0,0,4,0,0,0,1,1,1,0,0,0,0,1,0
37,TIMIŞ,"SALA SPORTURILOR ”LAVINIA MILOŞOVICI”",237,"MUNICIPIUL LUGOJ",155350,1,PROV,PRCNCT,CD,CD_SV,"2021-01-21 12:30:02",1617,1572,45,0,432,387,45,0,1700,1268,425,7,0,28,155,72,31,62,10,1,5,3,31,4,2,10,0,0,3,0,0,3,0,0,1,3,0,0,0,0,0,0,1,0
37,TIMIŞ,"CĂMINUL CULTURAL MĂGURI",238,"MUNICIPIUL LUGOJ",155350,1,PROV,PRCNCT,CD,CD_SV,"2021-01-21 12:30:02",779,771,8,0,106,98,8,0,900,794,95,9,2,7,14,3,9,23,1,3,0,2,25,0,0,0,0,0,0,0,0,1,0,0,0,2,0,5,0,0,0,0,0,0
37,TIMIŞ,"GRĂDINIŢA CU PROGRAM NORMAL NR.5 TĂPIA",239,"MUNICIPIUL LUGOJ",155350,1,PROV,PRCNCT,CD,CD_SV,"2021-01-21 12:30:02",270,257,13,0,74,61,13,0,298,224,68,4,2,5,23,2,5,18,1,0,0,0,11,2,0,1,0,0,0,0,0,0,0,0,0,0,0,0,0,0,0,0,0,0
37,TIMIŞ,"ŞCOALA GIMNAZIALĂ BUZIAŞ",240,"ORAŞ BUZIAŞ",155403,1,PROV,PRCNCT,CD,CD_SV,"2021-01-21 12:30:02",1570,1531,38,1,431,392,38,1,1700,1269,423,8,0,14,145,54,19,120,6,6,6,3,22,7,0,9,1,0,0,0,0,0,0,0,0,2,0,1,1,0,1,0,0,6
37,TIMIŞ,"ŞCOALA GENERALĂ",241,"ORAŞ BUZIAŞ",155403,1,PROV,PRCNCT,CD,CD_SV,"2021-01-21 12:30:02",1393,1335,34,24,352,294,34,24,1500,1148,346,5,1,14,105,32,20,114,8,2,1,3,20,4,0,7,0,3,0,0,0,3,0,0,0,0,0,0,0,0,0,0,1,9
37,TIMIŞ,"LICEUL TEORETIC",242,"ORAŞ BUZIAŞ",155403,1,PROV,PRCNCT,CD,CD_SV,"2021-01-21 12:30:02",1843,1807,34,2,433,397,34,2,2000,1567,428,3,2,19,129,55,30,133,5,1,2,6,25,4,0,6,0,0,1,0,0,1,0,0,0,1,1,0,0,1,0,1,1,6
37,TIMIŞ,"ŞCOALA GIMNAZIALĂ BACOVA",243,"ORAŞ BUZIAŞ",155403,2,PART,PRCNCT,CD,CD_SV,"2021-01-21 12:30:02",1655,1610,45,0,301,256,45,0,1800,1499,294,4,3,41,93,36,7,53,4,2,1,3,27,5,1,14,0,0,1,0,0,0,0,0,0,1,1,0,0,0,0,2,0,2
37,TIMIŞ,"ŞCOALA PRIMARĂ SILAGIU",244,"ORAŞ BUZIAŞ",155403,1,PROV,PRCNCT,CD,CD_SV,"2021-01-21 12:30:02",670,658,12,0,199,187,12,0,700,501,188,6,5,3,66,21,10,50,2,0,16,3,0,1,0,7,0,0,2,0,0,0,0,3,0,0,0,1,0,0,0,3,0,0
37,TIMIŞ,"PRIMĂRIA ORAȘULUI CIACOVA",245,"ORAŞ CIACOVA",156357,1,PROV,PRCNCT,CD,CD_SV,"2021-01-21 12:30:02",1326,1291,33,2,305,270,33,2,1400,1095,297,6,2,7,124,45,3,64,8,1,1,2,27,3,0,5,1,0,1,0,0,0,0,1,0,0,1,1,2,0,0,0,0,0
37,TIMIŞ,"LICEUL TEORETIC ”ALEXANDRU MOCIONI ”CIACOVA",246,"ORAŞ CIACOVA",156357,1,PROV,PRCNCT,CD,CD_SV,"2021-01-21 12:30:02",1005,985,20,0,207,187,20,0,1100,893,203,2,2,2,84,34,4,41,2,2,0,2,21,3,0,2,0,0,0,0,0,0,0,1,0,4,0,1,0,0,0,0,0,0
37,TIMIŞ,"ȘCOALA PRIMARĂ CEBZA",247,"ORAŞ CIACOVA",156357,1,PROV,PRCNCT,CD,CD_SV,"2021-01-21 12:30:02",659,612,47,0,147,100,47,0,700,553,144,2,1,7,45,19,6,37,4,1,1,0,18,1,0,3,0,0,0,0,0,0,0,0,0,0,1,0,1,0,0,0,0,0
37,TIMIŞ,"ȘCOALA PRIMARĂ MACEDONIA",248,"ORAŞ CIACOVA",156357,1,PROV,PRCNCT,CD,CD_SV,"2021-01-21 12:30:02",396,373,23,0,121,98,23,0,400,279,119,2,0,4,44,14,2,31,3,2,0,2,9,1,0,2,0,0,0,0,0,0,0,2,0,0,0,1,1,0,0,1,0,0
37,TIMIŞ,"ŞCOALA PRIMARĂ OBAD",249,"ORAŞ CIACOVA",156357,1,PROV,PRCNCT,CD,CD_SV,"2021-01-21 12:30:02",540,516,24,0,172,148,24,0,600,428,168,3,1,8,63,16,2,22,4,0,1,2,46,1,0,2,0,0,0,0,0,0,0,0,0,0,0,0,0,0,0,0,1,0
37,TIMIŞ,"ŞCOALA PRIMARĂ PETROMAN",250,"ORAŞ CIACOVA",156357,1,PROV,PRCNCT,CD,CD_SV,"2021-01-21 12:30:02",619,590,29,0,170,141,29,0,700,530,164,3,3,2,90,13,3,29,1,2,0,1,13,5,0,2,0,0,0,0,0,0,0,1,0,0,1,0,0,0,0,1,0,0
37,TIMIŞ,"LICEUL TEHNOLOGIC ”SFÂNTUL NICOLAE” DETA",251,"ORAŞ DETA",155458,1,PROV,PRCNCT,CD,CD_SV,"2021-01-21 12:30:02",1660,1619,36,5,358,317,36,5,1800,1442,345,9,4,9,100,50,6,79,37,2,4,0,11,3,0,12,0,1,1,0,0,0,0,16,0,3,0,0,1,0,0,0,9,1
37,TIMIŞ,"ȘCOALA GIMNAZIALĂ DETA",252,"ORAŞ DETA",155458,1,PROV,PRCNCT,CD,CD_SV,"2021-01-21 12:30:02",1504,1478,21,5,273,247,21,5,1600,1327,265,6,2,12,52,33,7,69,19,5,8,2,17,12,0,7,0,0,1,0,0,2,0,8,0,4,0,1,0,0,1,0,5,0
37,TIMIŞ,"ȘCOALA GIMNAZIALĂ DETA",253,"ORAŞ DETA",155458,1,PROV,PRCNCT,CD,CD_SV,"2021-01-21 12:30:02",1602,1591,10,1,284,273,10,1,1800,1516,278,3,3,20,77,44,1,73,11,2,0,0,21,4,0,7,0,0,1,0,0,1,0,5,1,7,0,0,0,0,0,0,3,0
37,TIMIŞ,"CENTRUL CULTURAL AL ORAȘULUI DETA",254,"ORAŞ DETA",155458,1,PROV,PRCNCT,CD,CD_SV,"2021-01-21 12:30:02",1139,1124,15,0,210,195,15,0,1300,1090,205,5,0,7,56,29,12,46,9,3,1,0,13,2,0,9,0,0,0,0,0,1,0,4,0,3,0,0,1,0,0,0,9,0
37,TIMIŞ,"CĂMINUL CULTURAL OPATIŢA",255,"ORAŞ DETA",155458,1,PROV,PRCNCT,CD,CD_SV,"2021-01-21 12:30:02",593,575,18,0,130,112,18,0,600,470,127,2,1,5,37,18,5,17,1,2,0,0,16,3,1,18,0,0,0,0,0,0,0,0,0,0,0,0,1,0,0,1,1,1
37,TIMIŞ,"CASA DE CULTURĂ FĂGET",256,"ORAŞ FĂGET",156801,1,PROV,PRCNCT,CD,CD_SV,"2021-01-21 12:30:02",1565,1536,28,1,431,402,28,1,1700,1269,421,7,3,35,97,41,19,155,20,0,4,0,26,7,1,5,1,0,3,0,0,1,0,0,0,3,0,0,1,0,0,0,0,2
37,TIMIŞ,"SC TRANSPORT MIXT FĂGEȚEANA SA",257,"ORAŞ FĂGET",156801,1,PROV,PRCNCT,CD,CD_SV,"2021-01-21 12:30:02",314,303,11,0,85,74,11,0,400,315,84,1,0,8,27,6,2,16,4,0,1,0,10,8,1,1,0,0,0,0,0,0,0,0,0,0,0,0,0,0,0,0,0,0
37,TIMIŞ,"GRĂDINIŢA CU PROGRAM NORMAL FĂGET",258,"ORAŞ FĂGET",156801,1,PROV,PRCNCT,CD,CD_SV,"2021-01-21 12:30:02",1392,1374,18,0,380,362,18,0,1500,1120,372,6,2,25,109,39,11,102,4,3,9,1,49,4,0,2,0,0,0,0,0,0,0,1,1,1,0,1,1,0,0,1,2,6
37,TIMIŞ,"ŞCOALA PRIMARĂ BĂTEȘTI,",259,"ORAŞ FĂGET",156801,1,PROV,PRCNCT,CD,CD_SV,"2021-01-21 12:30:02",421,409,12,0,124,112,12,0,500,376,121,1,2,9,22,7,1,40,1,0,18,0,16,3,0,0,1,0,0,0,0,0,0,0,0,0,0,0,1,0,0,1,0,1
37,TIMIŞ,"FOSTA ŞCOALĂ GIMNAZIALĂ BEGHEIU MIC",260,"ORAŞ FĂGET",156801,1,PROV,PRCNCT,CD,CD_SV,"2021-01-21 12:30:02",282,272,10,0,82,72,10,0,300,218,82,0,0,5,10,8,7,33,1,1,0,0,12,2,0,1,0,1,0,0,0,1,0,0,0,0,0,0,0,0,0,0,0,0
37,TIMIŞ,"CĂMINUL CULTURAL BICHIGI",261,"ORAŞ FĂGET",156801,1,PROV,PRCNCT,CD,CD_SV,"2021-01-21 12:30:02",514,499,15,0,136,121,15,0,600,464,132,4,0,11,38,6,8,34,1,1,5,0,23,0,0,0,0,0,1,1,0,1,0,1,0,0,0,0,0,0,0,0,0,1
37,TIMIŞ,"CĂMINUL CULTURAL BRĂNEŞTI",262,"ORAŞ FĂGET",156801,1,PROV,PRCNCT,CD,CD_SV,"2021-01-21 12:30:02",422,402,20,0,145,125,20,0,500,355,141,0,4,4,16,14,3,57,1,1,2,0,15,22,0,3,0,0,0,0,0,2,0,0,0,0,1,0,0,0,0,0,0,0
37,TIMIŞ,"ȘCOALA PRIMARĂ BUNEA MARE",263,"ORAŞ FĂGET",156801,1,PROV,PRCNCT,CD,CD_SV,"2021-01-21 12:30:02",173,164,9,0,52,43,9,0,200,148,50,0,2,3,18,2,1,12,1,2,0,1,5,2,1,1,0,0,0,0,0,1,0,0,0,0,0,0,0,0,0,0,0,0
37,TIMIŞ,"ŞCOALA PRIMARĂ , COLONIA MICĂ",264,"ORAŞ FĂGET",156801,1,PROV,PRCNCT,CD,CD_SV,"2021-01-21 12:30:02",319,304,15,0,81,66,15,0,400,319,80,1,0,6,12,6,4,16,2,1,5,0,23,3,0,0,0,0,0,0,0,1,0,0,0,0,0,0,1,0,0,0,0,0
37,TIMIŞ,"FOSTA ȘCOALĂ GENERALĂ JUPÂNEŞTI",265,"ORAŞ FĂGET",156801,1,PROV,PRCNCT,CD,CD_SV,"2021-01-21 12:30:02",172,155,17,0,65,48,17,0,200,135,64,0,1,2,23,2,1,27,1,0,0,1,4,2,0,0,0,0,0,0,0,1,0,0,0,0,0,0,0,0,0,0,0,0
37,TIMIŞ,"CĂMINUL CULTURAL POVÂRGINA",266,"ORAŞ FĂGET",156801,1,PROV,PRCNCT,CD,CD_SV,"2021-01-21 12:30:02",141,128,13,0,57,44,13,0,200,143,53,2,2,2,17,1,2,15,1,0,1,0,10,1,0,0,0,0,1,0,0,1,0,0,0,0,0,0,0,0,0,1,0,0
37,TIMIŞ,"CĂMINUL CULTURAL TEMEREŞTI",267,"ORAŞ FĂGET",156801,1,PROV,PRCNCT,CD,CD_SV,"2021-01-21 12:30:02",439,423,16,0,149,133,16,0,500,351,147,0,2,4,26,10,10,70,1,1,1,1,14,4,0,2,0,0,0,0,0,0,0,0,1,0,0,1,0,0,0,0,0,1
37,TIMIŞ,"CASA DE CULTURĂ GĂTAIA",268,"ORAŞ GĂTAIA",157086,1,PROV,PRCNCT,CD,CD_SV,"2021-01-21 12:30:02",1381,1355,25,1,327,301,25,1,1500,1173,317,10,0,13,117,32,3,85,22,1,0,4,17,9,1,4,0,0,0,0,0,0,0,0,0,0,0,0,0,0,8,0,0,1
37,TIMIŞ,"PRIMARIA ORAS GATAIA",269,"ORAŞ GĂTAIA",157086,1,PROV,PRCNCT,CD,CD_SV,"2021-01-21 12:30:02",1366,1337,29,0,256,227,29,0,1500,1244,250,5,1,4,109,23,12,62,5,0,2,3,11,1,0,0,0,0,0,7,0,0,1,0,0,0,0,1,2,0,6,0,0,1
37,TIMIŞ,"SCOALA PRIMARA SCULIA",270,"ORAŞ GĂTAIA",157086,2,PART,PRCNCT,CD,CD_SV,"2021-01-21 12:30:02",1687,1659,19,9,392,366,19,7,1800,1408,385,5,2,30,136,28,8,118,11,1,4,4,23,5,0,1,1,0,0,11,0,0,0,0,1,0,0,0,0,2,1,0,0,0
37,TIMIŞ,"ŞCOALA PRIMARĂ BUTIN",271,"ORAŞ GĂTAIA",157086,2,PART,PRCNCT,CD,CD_SV,"2021-01-21 12:30:02",329,318,10,1,105,94,10,1,400,295,98,4,3,2,32,5,2,19,1,0,0,0,18,2,0,1,0,0,0,0,0,0,0,0,0,0,0,0,0,0,15,0,1,0
37,TIMIŞ,"ŞCOALA PRIMARĂ PERCOSOVA",272,"ORAŞ GĂTAIA",157086,1,PROV,PRCNCT,CD,CD_SV,"2021-01-21 12:30:02",259,240,19,0,96,77,19,0,300,204,93,3,0,1,40,4,7,19,1,0,0,0,10,7,1,0,0,0,0,1,0,0,0,0,0,0,0,1,0,0,1,0,0,0
37,TIMIŞ,"SCOALA PRIMARA SEMLACU MARE",273,"ORAŞ GĂTAIA",157086,1,PROV,PRCNCT,CD,CD_SV,"2021-01-21 12:30:02",279,260,19,0,73,54,19,0,300,227,69,3,1,4,32,6,0,6,3,1,0,0,9,1,0,0,0,0,1,3,1,1,0,0,0,0,0,0,0,0,1,0,0,0
37,TIMIŞ,"ŞCOALA PRIMARĂ ŞEMLACUL MIC",274,"ORAŞ GĂTAIA",157086,1,PROV,PRCNCT,CD,CD_SV,"2021-01-21 12:30:02",163,143,20,0,64,44,20,0,202,138,61,1,2,2,31,2,1,9,1,1,0,1,6,5,0,0,0,0,0,0,0,0,0,0,0,0,0,0,0,0,2,0,0,0
37,TIMIŞ,"LICEUL TEHNOLOGIC JIMBOLIA",275,"ORAŞ JIMBOLIA",155494,1,PROV,PRCNCT,CD,CD_SV,"2021-01-21 12:30:02",1730,1718,12,0,265,253,12,0,1900,1635,259,4,2,9,60,39,12,45,5,3,5,3,43,1,10,9,1,0,0,0,1,0,0,1,1,2,1,3,1,1,0,0,1,2
37,TIMIŞ,"LICEUL TEHNOLOGIC JIMBOLIA",276,"ORAŞ JIMBOLIA",155494,1,PROV,PRCNCT,CD,CD_SV,"2021-01-21 12:30:02",1537,1521,15,1,285,269,15,1,1700,1415,278,3,4,10,71,48,5,53,13,5,3,0,44,1,14,6,0,1,0,0,0,0,0,0,0,1,1,0,0,0,1,0,0,1
37,TIMIŞ,"ŞCOALA GIMNAZIALĂ JIMBOLIA",277,"ORAŞ JIMBOLIA",155494,1,PROV,PRCNCT,CD,CD_SV,"2021-01-21 12:30:02",1659,1643,16,0,317,301,16,0,1800,1483,309,6,2,17,96,50,11,42,8,2,2,2,57,3,7,1,1,2,0,0,0,0,0,0,0,3,0,1,0,0,3,0,0,1
37,TIMIŞ,"ŞCOALA GIMNAZIALĂ JIMBOLIA",278,"ORAŞ JIMBOLIA",155494,1,PROV,PRCNCT,CD,CD_SV,"2021-01-21 12:30:02",1639,1621,16,2,290,272,16,2,1800,1510,278,11,1,6,73,43,7,38,30,0,1,0,51,0,17,2,0,0,0,0,1,0,0,0,0,3,1,1,1,0,0,0,2,1
37,TIMIŞ,"INCUBATORUL DE AFACERI JIMBOLIA",279,"ORAŞ JIMBOLIA",155494,1,PROV,PRCNCT,CD,CD_SV,"2021-01-21 12:30:02",1494,1476,18,0,320,302,18,0,1600,1280,314,3,3,12,90,47,10,66,25,4,2,2,33,2,13,4,0,1,0,0,0,0,0,0,0,2,1,0,0,0,0,0,0,0
37,TIMIŞ,"CASA DE CULTURĂ",280,"ORAŞ JIMBOLIA",155494,1,PROV,PRCNCT,CD,CD_SV,"2021-01-21 12:30:02",1542,1518,23,1,265,241,23,1,1699,1434,260,4,1,15,95,35,7,39,8,1,4,2,26,3,11,0,0,2,0,1,0,0,0,0,1,2,2,0,2,0,0,1,1,2
37,TIMIŞ,"CASA DE CULTURĂ",281,"ORAŞ JIMBOLIA",155494,1,PROV,PRCNCT,CD,CD_SV,"2021-01-21 12:30:02",1350,1311,32,7,234,195,32,7,1500,1266,223,6,5,19,60,32,12,27,16,1,1,1,34,0,6,5,1,0,1,0,1,0,0,1,0,1,1,0,1,0,0,0,2,0
37,TIMIŞ,"GRADINITA CU PROGRAM NORMAL CLARII VII",282,"ORAŞ JIMBOLIA",155494,1,PROV,PRCNCT,CD,CD_SV,"2021-01-21 12:30:02",230,218,12,0,56,44,12,0,300,244,56,0,0,4,20,6,4,9,1,0,1,1,5,0,3,0,0,0,0,0,0,0,0,0,0,0,0,1,0,0,0,0,0,1
37,TIMIŞ,"PRIMĂRIA RECAȘ",283,"ORAŞ RECAŞ",158314,1,PROV,PRCNCT,CD,CD_SV,"2021-01-21 12:30:02",1881,1848,29,4,424,391,29,4,2000,1576,420,4,0,8,70,46,22,183,7,0,0,1,40,11,1,4,0,1,1,0,0,0,1,3,13,3,0,2,0,0,1,1,0,1
37,TIMIŞ,"GRĂDINIȚA CU P.P. RECAȘ",284,"ORAŞ RECAŞ",158314,1,PROV,PRCNCT,CD,CD_SV,"2021-01-21 12:30:02",1432,1419,13,0,310,297,13,0,1600,1290,302,7,1,15,75,41,8,103,5,1,5,0,28,1,0,4,0,2,1,0,0,0,1,6,3,0,0,1,1,0,0,0,0,1
37,TIMIŞ,"LICEUL TEORETIC RECAȘ",285,"ORAŞ RECAŞ",158314,2,PART,PRCNCT,CD,CD_SV,"2021-01-21 12:30:02",1802,1756,44,2,466,420,44,2,1900,1434,458,3,5,23,96,80,15,137,20,6,7,1,44,4,2,6,0,0,1,0,1,0,0,8,5,0,1,1,0,0,0,0,0,0
37,TIMIŞ,"ȘCOALA GIMNAZIALĂ BAZOȘ",286,"ORAŞ RECAŞ",158314,1,PROV,PRCNCT,CD,CD_SV,"2021-01-21 12:30:02",848,810,38,0,186,148,38,0,900,714,180,3,3,6,45,34,5,61,2,2,2,0,13,2,0,2,0,0,0,0,0,0,0,1,0,0,1,1,0,1,0,1,1,0
37,TIMIŞ,"ȘCOALA PRIMARĂ HERNEACOVA",287,"ORAŞ RECAŞ",158314,1,PROV,PRCNCT,CD,CD_SV,"2021-01-21 12:30:02",410,376,34,0,136,102,34,0,400,264,135,1,0,3,20,8,4,72,2,0,0,0,9,2,1,8,0,0,2,0,0,0,0,3,0,1,0,0,0,0,0,0,0,0
37,TIMIŞ,"ȘCOALA GIMNAZIALĂ IZVIN",288,"ORAŞ RECAŞ",158314,1,PROV,PRCNCT,CD,CD_SV,"2021-01-21 12:30:02",1394,1335,59,0,449,390,59,0,1500,1051,441,6,2,34,88,67,9,134,2,6,21,0,54,8,3,8,1,0,1,0,0,0,0,2,1,0,0,1,1,0,0,0,0,0
37,TIMIŞ,"ȘCOALA PRIMARĂ PETROVASELO",289,"ORAŞ RECAŞ",158314,1,PROV,PRCNCT,CD,CD_SV,"2021-01-21 12:30:02",236,209,27,0,82,55,27,0,300,218,77,5,0,4,12,1,2,31,1,1,0,1,3,1,0,2,0,0,0,0,0,0,0,17,1,0,0,0,0,0,0,0,0,0
37,TIMIŞ,"ȘCOALA PRIMARĂ STANCIOVA",290,"ORAŞ RECAŞ",158314,2,PART,PRCNCT,CD,CD_SV,"2021-01-21 12:30:02",355,301,54,0,152,98,54,0,400,248,149,0,3,3,15,13,6,60,3,2,0,1,3,3,1,3,0,0,0,0,0,0,0,35,0,0,0,0,0,0,1,0,0,0
37,TIMIŞ,"SALA CASEI DE CULTURĂ (CASTEL NAKO)ETAJ 1",291,"ORAŞ SÂNNICOLAU MARE",155528,1,PROV,PRCNCT,CD,CD_SV,"2021-01-21 12:30:02",1370,1341,28,1,408,379,28,1,1500,1092,399,9,0,8,140,67,17,50,18,3,4,0,42,4,2,3,0,1,0,0,0,0,0,12,0,1,1,0,1,0,0,0,19,6
37,TIMIŞ,"SALA CASEI DE CULTURĂ (CASTEL NAKO) DEMISOL",292,"ORAŞ SÂNNICOLAU MARE",155528,1,PROV,PRCNCT,CD,CD_SV,"2021-01-21 12:30:02",1680,1645,32,3,480,445,32,3,1800,1320,474,4,2,15,172,66,20,83,24,3,0,3,32,3,2,6,0,6,0,0,0,0,0,12,0,0,0,0,0,0,2,0,25,0
37,TIMIŞ,"PRIMĂRIA ORAŞULUI SÂNNICOLAU MARE",293,"ORAŞ SÂNNICOLAU MARE",155528,1,PROV,PRCNCT,CD,CD_SV,"2021-01-21 12:30:02",1811,1756,52,3,522,467,52,3,1900,1378,516,4,2,11,215,62,14,98,11,6,4,2,53,5,3,5,1,1,0,0,0,0,0,4,1,1,0,0,0,0,0,0,18,1
37,TIMIŞ,"GRĂDINIŢA PP1 NR.1 PARTER, SÂNNICOLAU MARE",294,"ORAŞ SÂNNICOLAU MARE",155528,1,PROV,PRCNCT,CD,CD_SV,"2021-01-21 12:30:02",1909,1872,35,2,480,443,35,2,2000,1520,460,13,7,12,177,82,11,71,6,3,5,3,65,1,2,1,1,1,1,0,1,0,0,1,0,1,1,0,1,0,0,0,9,4
37,TIMIŞ,"GRĂDINIŢA PP1 NR.1 ETAJ, SÂNNICOLAU MARE",295,"ORAŞ SÂNNICOLAU MARE",155528,1,PROV,PRCNCT,CD,CD_SV,"2021-01-21 12:30:02",1497,1474,19,4,417,394,19,4,1600,1183,412,4,1,3,174,55,15,69,16,2,0,0,41,2,3,1,1,1,0,3,0,2,0,2,0,5,0,1,0,0,0,0,9,7
37,TIMIŞ,"LICEUL TEHNOLOGIC CRISTOFOR NAKO ORAŞ SÂNNICOLAU MARE",296,"ORAŞ SÂNNICOLAU MARE",155528,1,PROV,PRCNCT,CD,CD_SV,"2021-01-21 12:30:02",1895,1865,30,0,423,393,30,0,2000,1577,407,12,4,8,153,45,24,37,10,0,1,2,86,8,1,3,1,0,3,0,0,2,0,2,0,6,1,5,0,0,0,0,6,3
37,TIMIŞ,"ŞCOALA GIMNAZIALA THEODOR BUCURESCU NR.1, SÂNNICOLAU MARE, PARTER",297,"ORAŞ SÂNNICOLAU MARE",155528,1,PROV,PRCNCT,CD,CD_SV,"2021-01-21 12:30:02",1883,1793,25,65,555,465,25,65,2000,1445,541,10,4,10,244,68,23,75,15,7,1,2,62,1,2,5,1,0,0,0,0,1,0,9,0,0,1,1,3,0,0,0,6,4
37,TIMIŞ,"CĂMINUL CULTURAL BALINŢ",298,BALINŢ,155546,1,PROV,PRCNCT,CD,CD_SV,"2021-01-21 12:30:02",452,406,42,4,159,113,42,4,599,440,153,1,5,5,16,26,3,68,5,1,0,0,19,3,0,2,0,0,1,0,0,0,0,0,0,1,1,2,0,0,0,0,0,0
37,TIMIŞ,"GRADINITA PN BODO",299,BALINŢ,155546,1,PROV,PRCNCT,CD,CD_SV,"2021-01-21 12:30:02",434,404,25,5,130,101,24,5,498,368,128,1,1,4,14,8,2,29,57,1,0,0,7,3,0,0,0,0,1,0,0,0,0,0,0,0,1,0,1,0,0,0,0,0
37,TIMIŞ,"ŞCOALA PRIMARĂ FĂDIMAC",300,BALINŢ,155546,1,PROV,PRCNCT,CD,CD_SV,"2021-01-21 12:30:02",210,182,25,3,88,60,25,3,200,112,83,4,1,2,16,5,6,36,4,0,0,1,8,3,0,0,0,0,1,0,0,0,0,0,0,0,0,0,0,0,0,0,1,0
37,TIMIŞ,"ŞCOALA PRIMARĂ TÂRGOVIŞTE",301,BALINŢ,155546,1,PROV,PRCNCT,CD,CD_SV,"2021-01-21 12:30:02",293,270,18,5,125,102,18,5,300,175,121,3,1,8,25,8,8,59,1,0,0,0,3,3,0,0,0,0,0,3,1,0,0,0,1,0,1,0,0,0,0,0,0,0
37,TIMIŞ,"PRIMĂRIA BANLOC",302,BANLOC,155591,2,PART,PRCNCT,CD,CD_SV,"2021-01-21 12:30:02",1354,1334,20,0,283,263,20,0,1500,1217,279,2,2,7,83,28,12,94,3,4,0,2,22,9,0,2,0,0,1,0,0,0,0,9,1,0,0,0,1,0,0,0,0,1
37,TIMIŞ,"GRĂDINIŢA CU PROGRAM NORMAL OFSENIŢA",303,BANLOC,155591,1,PROV,PRCNCT,CD,CD_SV,"2021-01-21 12:30:02",342,328,14,0,75,61,14,0,400,325,73,2,0,1,20,3,11,15,2,1,0,1,7,6,1,3,0,0,0,0,0,0,0,0,0,1,0,0,1,0,0,0,0,0
37,TIMIŞ,"GRĂDINIŢA CU PROGRAM NORMAL PARTOŞ",304,BANLOC,155591,1,PROV,PRCNCT,CD,CD_SV,"2021-01-21 12:30:02",410,375,35,0,109,74,35,0,400,291,107,1,1,4,31,7,11,36,2,2,0,1,9,2,0,2,0,0,0,0,0,0,0,0,0,0,0,0,0,0,0,0,0,0
37,TIMIŞ,"GRĂDINIŢA CU PROGRAM NORMAL SOCA",305,BANLOC,155591,1,PROV,PRCNCT,CD,CD_SV,"2021-01-21 12:30:02",459,446,13,0,148,135,13,0,500,352,142,6,0,2,16,9,2,13,1,1,0,2,7,0,0,1,1,0,0,0,0,54,1,27,0,0,0,0,0,2,0,0,3,0
37,TIMIŞ,"PRIMARIA BARA",306,BARA,155662,1,PROV,PRCNCT,CD,CD_SV,"2021-01-21 12:30:02",171,136,32,3,101,66,32,3,200,99,99,0,2,3,12,5,5,60,1,0,0,0,6,6,0,0,0,0,0,0,0,0,0,0,0,0,0,0,0,0,0,0,0,1
37,TIMIŞ,"CLĂDIREA COMUNEI BARA ( FOSTA SCOALĂ DOBRESTI)",307,BARA,155662,2,PART,PRCNCT,CD,CD_SV,"2021-01-21 12:30:02",106,40,66,0,85,19,66,0,101,16,85,0,0,1,35,4,1,25,12,1,0,0,4,1,0,0,0,0,0,0,0,0,0,0,0,0,0,0,0,0,0,0,1,0
37,TIMIŞ,"CĂMINUL CULTURAL LĂPUŞNIC",308,BARA,155662,2,PART,PRCNCT,CD,CD_SV,"2021-01-21 12:30:02",65,42,23,0,46,23,23,0,100,54,45,1,0,1,5,5,5,22,1,0,0,0,3,3,0,0,0,0,0,0,0,0,0,0,0,0,0,0,0,0,0,0,0,0
37,TIMIŞ,"CĂMINUL CULTURAL RĂDMĂNEŞTI",309,BARA,155662,1,PROV,PRCNCT,CD,CD_SV,"2021-01-21 12:30:02",69,49,20,0,42,22,20,0,100,58,42,0,0,1,4,3,1,28,1,0,0,0,2,1,0,0,0,0,0,1,0,0,0,0,0,0,0,0,0,0,0,0,0,0
37,TIMIŞ,"CĂMINUL CULTURAL BÂRNA",310,BÂRNA,155957,1,PROV,PRCNCT,CD,CD_SV,"2021-01-21 12:30:02",425,407,18,0,129,111,18,0,498,369,126,3,0,10,9,1,6,65,1,0,1,1,20,2,0,3,0,1,0,0,0,4,0,1,0,0,0,0,1,0,0,0,0,0
37,TIMIŞ,"CĂMINUL CULTURAL BOTINEŞTI",311,BÂRNA,155957,1,PROV,PRCNCT,CD,CD_SV,"2021-01-21 12:30:02",173,155,18,0,71,53,18,0,200,129,69,0,2,3,7,2,9,38,1,0,0,0,4,0,0,1,1,0,0,0,0,1,0,0,0,0,1,0,0,0,0,1,0,0
37,TIMIŞ,"CĂMINUL CULTURAL DRINOVA",312,BÂRNA,155957,1,PROV,PRCNCT,CD,CD_SV,"2021-01-21 12:30:02",177,155,22,0,97,75,22,0,200,103,96,0,1,2,11,4,3,58,1,1,0,1,7,3,0,1,0,0,0,0,0,3,0,0,0,0,1,0,0,0,0,0,0,0
37,TIMIŞ,"CĂMINUL CULTURAL JUREŞTI",313,BÂRNA,155957,1,PROV,PRCNCT,CD,CD_SV,"2021-01-21 12:30:02",193,183,10,0,84,74,10,0,200,116,77,1,6,4,14,5,2,38,0,1,0,0,6,0,0,0,0,1,0,0,0,4,0,0,0,0,0,0,0,1,0,0,1,0
37,TIMIŞ,"CĂMINUL CULTURAL POGĂNEŞTI",314,BÂRNA,155957,1,PROV,PRCNCT,CD,CD_SV,"2021-01-21 12:30:02",282,273,7,2,90,81,7,2,300,210,83,4,3,2,6,1,5,15,2,1,0,1,20,4,0,0,0,0,0,0,0,26,0,0,0,0,0,0,0,0,0,0,0,0
37,TIMIŞ,"CĂMINUL CULTURAL BEBA VECHE",315,"BEBA VECHE",155724,1,PROV,PRCNCT,CD,CD_SV,"2021-01-21 12:30:02",868,840,28,0,268,240,28,0,902,634,255,9,4,5,33,13,2,129,9,1,0,1,41,4,1,1,1,1,0,0,0,1,0,2,0,0,0,2,1,0,0,2,3,2
37,TIMIŞ,"CĂMINUL CULTURAL CHEREŞTUR",316,"BEBA VECHE",155724,1,PROV,PRCNCT,CD,CD_SV,"2021-01-21 12:30:02",429,415,14,0,144,130,14,0,501,357,137,3,4,1,24,12,0,38,36,1,0,0,19,3,0,0,0,0,0,0,0,0,0,1,0,0,1,0,0,0,0,0,1,0
37,TIMIŞ,"GRĂDINIŢA CU PROGRAM PRELUNGIT BECICHERECU MIC",317,"BECICHERECU MIC",155760,1,PROV,PRCNCT,CD,CD_SV,"2021-01-21 12:30:02",1556,1486,66,4,477,407,66,4,1600,1123,471,5,1,18,93,127,13,110,5,2,19,5,49,6,0,5,0,0,2,0,0,5,0,9,0,0,0,1,1,1,0,0,0,0
37,TIMIŞ,"BIBLIOTECA LOCALĂ ”DIMITRIE ŢICHINDEAL” BECICHERECU MIC",318,"BECICHERECU MIC",155760,1,PROV,PRCNCT,CD,CD_SV,"2021-01-21 12:30:02",1280,1228,50,2,340,288,50,2,1400,1060,330,9,1,8,65,86,3,106,2,2,5,1,32,1,1,4,0,0,0,0,0,4,0,3,0,0,0,0,2,0,0,3,2,0
37,TIMIŞ,"PRIMĂRIA BELINŢ",319,BELINŢ,155797,1,PROV,PRCNCT,CD,CD_SV,"2021-01-21 12:30:02",1211,1165,46,0,402,356,46,0,1300,898,396,4,2,33,165,51,12,95,0,1,1,2,30,3,0,0,1,0,0,0,1,0,0,0,1,0,0,0,0,0,0,0,0,0
37,TIMIŞ,"GRADINITA CU PROGRAM NORMAL BABSA-GRUNI",320,BELINŢ,155797,1,PROV,PRCNCT,CD,CD_SV,"2021-01-21 12:30:02",203,179,24,0,76,52,24,0,200,124,74,2,0,11,19,8,4,14,2,1,0,2,8,2,0,0,0,0,1,0,0,0,0,0,0,0,2,0,0,0,0,0,0,0
37,TIMIŞ,"GRADINITA CU PROGRAM NORMAL BABSA-GRUNI",321,BELINŢ,155797,1,PROV,PRCNCT,CD,CD_SV,"2021-01-21 12:30:02",207,181,26,0,92,66,26,0,200,108,89,3,0,4,29,10,4,26,0,0,3,1,9,2,0,0,0,0,0,0,0,0,0,0,0,0,0,0,0,0,0,0,1,0
37,TIMIŞ,"GRADINITA CU PROGRAM NORMAL CHIZATAU",322,BELINŢ,155797,2,PART,PRCNCT,CD,CD_SV,"2021-01-21 12:30:02",646,600,46,0,200,154,46,0,700,500,192,3,5,4,110,15,5,37,0,1,0,1,7,3,2,1,0,2,0,0,0,0,0,0,0,1,0,0,0,1,2,0,0,0
37,TIMIŞ,"PRIMĂRIA BETHAUSEN",323,BETHAUSEN,155840,1,PROV,PRCNCT,CD,CD_SV,"2021-01-21 12:30:02",753,703,50,0,304,254,50,0,800,496,295,8,1,4,107,13,28,68,2,2,2,5,42,3,0,0,1,0,1,0,0,10,2,0,0,2,0,0,1,0,0,1,0,1
37,TIMIŞ,"ȘCOALA PRIMARĂ CLADOVA ȘI GRĂDINIȚA CU PROGRAM NORMAL CLADOVA",324,BETHAUSEN,155840,1,PROV,PRCNCT,CD,CD_SV,"2021-01-21 12:30:02",385,370,15,0,177,162,15,0,399,222,174,1,2,4,63,7,6,53,1,0,6,1,26,1,0,0,0,0,0,0,0,5,0,0,0,0,1,0,0,0,0,0,0,0
37,TIMIŞ,"CĂMINUL CULTURAL CLICIOVA",325,BETHAUSEN,155840,1,PROV,PRCNCT,CD,CD_SV,"2021-01-21 12:30:02",362,341,21,0,153,132,21,0,400,247,146,1,6,0,67,6,6,30,0,1,0,3,17,1,0,0,0,0,0,0,0,9,0,0,0,1,0,2,2,0,1,0,0,0
37,TIMIŞ,"ŞCOALA PRIMARĂ CUTINA",326,BETHAUSEN,155840,1,PROV,PRCNCT,CD,CD_SV,"2021-01-21 12:30:02",285,246,39,0,126,87,39,0,300,174,120,4,2,3,50,4,8,26,3,0,0,3,13,2,2,2,0,0,1,0,0,2,0,0,0,0,0,0,0,0,0,0,1,0
37,TIMIŞ,"ŞCOALA PRIMARĂ LEUCUŞEŞTI",327,BETHAUSEN,155840,1,PROV,PRCNCT,CD,CD_SV,"2021-01-21 12:30:02",396,358,38,0,215,177,38,0,399,184,211,3,1,2,97,11,35,33,1,2,1,3,19,0,0,2,0,0,1,0,0,1,0,0,1,0,0,1,0,0,0,0,0,1
37,TIMIŞ,"GRĂDINIŢA CU PROGRAM NORMAL NEVRINCEA",328,BETHAUSEN,155840,2,PART,PRCNCT,CD,CD_SV,"2021-01-21 12:30:02",201,186,14,1,72,57,14,1,198,126,68,1,3,5,25,2,1,13,2,2,0,1,14,0,0,0,0,0,1,0,0,2,0,0,0,0,0,0,0,0,0,0,0,0
37,TIMIŞ,"CAMINUL CULTURAL BILED",329,BILED,155911,1,PROV,PRCNCT,CD,CD_SV,"2021-01-21 12:30:02",1971,1890,52,29,598,517,52,29,2100,1502,582,10,6,28,224,98,14,96,1,1,0,0,73,6,1,5,0,1,2,0,0,0,0,0,1,19,5,0,0,3,0,0,2,2
37,TIMIŞ,"ȘCOALA GIMNAZIALĂ COMUNA BILED",330,BILED,155911,1,PROV,PRCNCT,CD,CD_SV,"2021-01-21 12:30:02",1534,1499,18,17,418,383,18,17,1700,1282,407,4,7,19,163,60,14,75,2,1,3,1,45,5,0,4,0,0,2,0,0,0,0,0,0,2,6,1,0,0,1,1,1,1
37,TIMIŞ,"ŞCOALA GIMNAZIALĂ BIRDA",331,BIRDA,159366,1,PROV,PRCNCT,CD,CD_SV,"2021-01-21 12:30:02",989,923,56,10,386,320,56,10,993,607,378,4,4,3,62,18,3,235,4,1,3,1,22,1,1,1,2,0,0,15,0,0,0,0,0,0,0,0,0,0,1,1,3,1
37,TIMIŞ,"CĂMINUL CULTURAL BERECUŢA",332,BIRDA,159366,2,PART,PRCNCT,CD,CD_SV,"2021-01-21 12:30:02",173,153,18,2,79,59,18,2,197,118,78,1,0,2,13,5,3,45,1,0,0,1,3,2,0,0,0,0,0,3,0,0,0,0,0,0,0,0,0,0,0,0,0,0
37,TIMIŞ,"ŞCOALA PRIMARĂ MÂNĂSTIRE",333,BIRDA,159366,2,PART,PRCNCT,CD,CD_SV,"2021-01-21 12:30:02",192,168,18,6,77,53,18,6,200,123,75,1,1,4,6,6,2,42,1,0,1,0,8,0,0,1,0,0,0,3,0,0,0,0,0,0,0,0,0,1,0,0,0,0
37,TIMIŞ,"ŞCOALA PRIMARĂ SÂNGEORGE",334,BIRDA,159366,1,PROV,PRCNCT,CD,CD_SV,"2021-01-21 12:30:02",464,439,18,7,166,141,18,7,500,334,164,1,1,8,19,14,5,87,3,1,1,2,8,7,1,2,0,0,0,4,0,0,0,0,0,1,0,1,0,0,0,0,0,0
37,TIMIŞ,"SEDIUL PRIMĂRIEI BOGDA",335,BOGDA,156035,1,PROV,PRCNCT,CD,CD_SV,"2021-01-21 12:30:02",289,253,33,3,100,64,33,3,300,200,98,1,1,2,29,18,2,37,0,0,1,0,3,5,0,1,0,0,0,0,0,0,0,0,0,0,0,0,0,0,0,0,0,0
37,TIMIŞ,"CASA DE CULTURĂ BUZAD",336,BOGDA,156035,1,PROV,PRCNCT,CD,CD_SV,"2021-01-21 12:30:02",191,149,30,12,94,52,30,12,200,106,93,1,0,6,11,4,9,50,0,0,0,0,5,1,0,3,0,0,0,0,0,0,0,0,1,0,0,0,0,0,0,0,0,3
37,TIMIŞ,"ŞCOALA GIMNAZIALĂ BOLDUR",337,BOLDUR,156106,1,PROV,PRCNCT,CD,CD_SV,"2021-01-21 12:30:02",526,486,34,6,246,206,34,6,600,354,241,4,1,25,35,23,60,54,1,4,1,1,10,10,0,1,0,1,0,0,0,0,0,0,0,0,1,0,0,0,0,0,14,0
37,TIMIŞ,"ŞCOALA PRIMARĂ JABĂR",338,BOLDUR,156106,1,PROV,PRCNCT,CD,CD_SV,"2021-01-21 12:30:02",377,337,40,0,151,111,40,0,400,249,148,2,1,3,27,13,8,82,1,0,0,0,7,6,0,0,0,0,1,0,0,0,0,0,0,0,0,0,0,0,0,0,0,0
37,TIMIŞ,"ŞCOALA PRIMARĂ OHABA-FORGACI",339,BOLDUR,156106,1,PROV,PRCNCT,CD,CD_SV,"2021-01-21 12:30:02",690,642,47,1,269,221,47,1,700,431,265,3,1,7,72,20,27,98,1,2,0,2,21,6,0,2,1,0,0,0,0,1,1,1,0,0,0,0,0,0,0,1,0,2
37,TIMIŞ,"ŞCOALA PRIMARĂ SINERSIG",340,BOLDUR,156106,1,PROV,PRCNCT,CD,CD_SV,"2021-01-21 12:30:02",536,505,31,0,188,157,31,0,600,412,182,3,3,8,32,10,8,62,1,0,1,0,44,5,0,2,0,0,1,0,0,1,0,1,0,0,0,0,0,0,0,0,2,4
37,TIMIŞ,"PRIMĂRIA BRESTOVĂŢ",341,BRESTOVĂŢ,156151,2,PART,PRCNCT,CD,CD_SV,"2021-01-21 12:30:02",307,239,63,5,174,106,63,5,302,128,170,2,2,3,53,8,28,27,0,0,0,2,6,2,1,37,0,0,1,0,0,0,0,0,0,0,0,0,0,0,2,0,0,0
37,TIMIŞ,"CLĂDIREA COMUNEI BRESTOVĂŢ (FOSTA ŞCOALĂ GENERALĂ COŞARII)",342,BRESTOVĂŢ,156151,1,PROV,PRCNCT,CD,CD_SV,"2021-01-21 12:30:02",149,120,29,0,70,41,29,0,200,130,69,0,1,0,36,3,11,11,1,0,0,0,1,0,0,5,0,0,0,0,0,0,0,0,0,0,0,0,0,0,1,0,0,0
37,TIMIŞ,"CĂMINUL CULTURAL TEŞ",343,BRESTOVĂŢ,156151,1,PROV,PRCNCT,CD,CD_SV,"2021-01-21 12:30:02",280,242,38,0,148,110,38,0,300,152,147,0,1,2,58,8,6,37,0,1,0,1,14,2,1,12,0,0,0,0,0,0,0,0,0,0,1,3,0,0,0,0,0,1
37,TIMIŞ,"CĂMINUL CULTURAL BUCOVĂŢ",344,BUCOVĂŢ,159516,1,PROV,PRCNCT,CD,CD_SV,"2021-01-21 12:30:02",1573,1423,150,0,665,515,150,0,1500,835,654,5,6,106,155,119,29,142,4,7,3,5,54,4,12,5,0,0,0,0,1,0,0,0,1,0,3,1,1,0,0,1,0,1
37,TIMIŞ,"CĂMINUL CULTURAL BAZOŞU NOU",345,BUCOVĂŢ,159516,1,PROV,PRCNCT,CD,CD_SV,"2021-01-21 12:30:02",441,351,90,0,273,183,90,0,400,127,266,2,5,101,64,48,3,32,1,1,2,1,10,1,1,0,0,1,0,0,0,0,0,0,0,0,0,0,0,0,0,0,0,0
37,TIMIŞ,"PRIMARIA CĂRPINIŞ",346,CĂRPINIŞ,156213,1,PROV,PRCNCT,CD,CD_SV,"2021-01-21 12:30:02",1841,1815,24,2,334,308,24,2,2000,1666,318,7,9,34,77,65,5,75,1,4,5,1,38,3,1,1,1,1,0,2,0,0,0,0,0,1,0,1,0,1,0,0,0,1
37,TIMIŞ,"CĂMINUL CULTURAL CĂRPINIŞ",347,CĂRPINIŞ,156213,1,PROV,PRCNCT,CD,CD_SV,"2021-01-21 12:30:02",1727,1696,30,1,388,357,30,1,1800,1412,381,4,3,30,82,62,5,116,5,4,2,0,55,6,1,4,0,0,0,0,0,1,0,0,0,0,0,1,0,1,0,1,1,4
37,TIMIŞ,"CĂMINUL CULTURAL IECEA MICĂ",348,CĂRPINIŞ,156213,1,PROV,PRCNCT,CD,CD_SV,"2021-01-21 12:30:02",1023,1007,16,0,175,159,16,0,1100,925,166,6,3,4,49,16,1,52,3,1,2,1,25,1,1,5,1,0,2,0,0,0,1,0,0,0,0,0,1,0,0,0,0,0
37,TIMIŞ,"ŞCOALA GIMNAZIALĂ CENAD",349,CENAD,156259,3,PART,PRCNCT,CD,CD_SV,"2021-01-21 12:30:02",1984,1954,28,2,304,274,28,2,2100,1796,293,10,1,6,41,128,8,22,17,2,1,0,40,3,0,2,0,1,0,0,0,0,0,17,0,1,1,0,0,0,0,0,2,1
37,TIMIŞ,"ŞCOALA GIMNAZIALĂ CENAD",350,CENAD,156259,3,PART,PRCNCT,CD,CD_SV,"2021-01-21 12:30:02",1947,1911,34,2,335,299,34,2,2100,1765,326,7,2,6,49,97,7,58,7,1,0,2,74,2,1,5,1,0,2,0,0,0,0,5,0,1,0,2,2,1,0,1,2,0
37,TIMIŞ,"SEDIUL PRIMĂRIEI CENEI",351,CENEI,156277,1,PROV,PRCNCT,CD,CD_SV,"2021-01-21 12:30:02",1837,1801,36,0,351,315,36,0,2000,1649,336,11,4,13,77,33,11,70,19,3,3,0,54,2,2,3,1,0,0,1,0,0,0,38,0,0,3,1,0,0,1,1,0,0
37,TIMIŞ,"ŞCOALA PRIMARĂ BOBDA",352,CENEI,156277,1,PROV,PRCNCT,CD,CD_SV,"2021-01-21 12:30:02",791,757,34,0,218,184,34,0,800,582,210,5,3,5,48,43,8,44,3,4,0,0,39,4,2,0,0,0,1,0,0,0,0,4,0,0,0,1,0,1,0,1,2,0
37,TIMIŞ,"CĂMINUL CULTURAL CHECEA",353,CHECEA,159375,3,PART,PRCNCT,CD,CD_SV,"2021-01-21 12:30:02",1713,1682,29,2,338,307,29,2,1900,1562,311,16,11,7,115,24,16,40,5,4,2,2,68,8,4,3,0,0,2,0,0,0,0,0,4,3,0,0,1,1,0,0,1,1
37,TIMIŞ,"ȘCOALA GIMNAZIALĂ CHEVEREȘU MARE",354,"CHEVEREŞU MARE",156311,1,PROV,PRCNCT,CD,CD_SV,"2021-01-21 12:30:02",1177,1101,74,2,338,262,74,2,1200,862,331,3,4,9,54,49,6,171,2,1,1,1,27,2,1,0,0,0,0,0,0,0,0,0,0,2,1,3,0,0,0,0,0,1
37,TIMIŞ,"ŞCOALA PRIMARĂ DRAGŞINA",355,"CHEVEREŞU MARE",156311,1,PROV,PRCNCT,CD,CD_SV,"2021-01-21 12:30:02",582,518,64,0,233,169,64,0,600,367,230,1,2,8,50,34,5,95,9,1,0,0,20,2,0,3,0,1,0,0,0,0,0,0,0,0,0,0,2,0,0,0,0,0
37,TIMIŞ,"ŞCOALA PRIMARĂ VUCOVA",356,"CHEVEREŞU MARE",156311,1,PROV,PRCNCT,CD,CD_SV,"2021-01-21 12:30:02",372,323,48,1,167,118,48,1,400,233,162,3,2,14,36,16,11,49,1,1,0,1,10,1,0,2,0,0,0,0,0,0,0,0,0,0,0,0,2,0,18,0,0,0
37,TIMIŞ,"ŞCOALA GIMNAZIALĂ COMLOŞU MARE",357,"COMLOŞU MARE",156437,1,PROV,PRCNCT,CD,CD_SV,"2021-01-21 12:30:02",1547,1477,16,54,395,325,16,54,1600,1205,380,8,7,11,59,39,2,173,3,6,1,0,67,0,1,4,1,0,2,0,0,0,0,0,2,0,3,1,0,0,0,2,2,1
37,TIMIŞ,"CĂMINUL CULTURAL COMLOŞU MARE",358,"COMLOŞU MARE",156437,2,PART,PRCNCT,CD,CD_SV,"2021-01-21 12:30:02",1480,1457,23,0,339,316,23,0,1595,1256,312,17,10,5,46,35,3,150,4,4,1,1,43,5,2,3,0,0,4,0,0,0,0,1,0,1,0,1,0,0,0,0,3,0
37,TIMIŞ,"ŞCOALA PRIMARĂ COMLOŞU MIC",359,"COMLOŞU MARE",156437,1,PROV,PRCNCT,CD,CD_SV,"2021-01-21 12:30:02",912,892,20,0,224,204,20,0,1000,776,210,10,4,3,36,18,0,78,2,1,0,3,57,4,0,3,0,0,1,0,0,0,0,0,0,2,0,0,2,0,0,0,0,0
37,TIMIŞ,"ŞCOALA PRIMARĂ LUNGA",360,"COMLOŞU MARE",156437,1,PROV,PRCNCT,CD,CD_SV,"2021-01-21 12:30:02",484,462,22,0,149,127,22,0,500,351,139,5,5,11,12,5,6,55,3,3,0,0,35,1,0,1,1,0,1,0,0,0,0,0,0,0,0,0,2,0,1,0,0,2
37,TIMIŞ,"CĂMINUL CULTURAL COŞTEIU",361,COŞTEIU,156473,1,PROV,PRCNCT,CD,CD_SV,"2021-01-21 12:30:02",696,658,38,0,251,213,38,0,700,449,245,4,2,11,57,30,21,76,1,1,5,2,32,1,1,1,0,0,1,0,0,0,0,0,0,0,0,0,0,0,0,4,0,1
37,TIMIŞ,"PRIMĂRIA VECHECOŞTEIU",362,COŞTEIU,156473,1,PROV,PRCNCT,CD,CD_SV,"2021-01-21 12:30:02",1276,1240,36,0,363,327,36,0,1400,1037,357,4,2,20,130,30,16,102,4,2,0,1,33,5,2,3,0,0,1,0,0,0,0,1,0,0,0,1,1,0,0,4,1,0
37,TIMIŞ,"ŞCOALA PRIMARĂ HEZERIȘ",363,COŞTEIU,156473,1,PROV,PRCNCT,CD,CD_SV,"2021-01-21 12:30:02",230,214,16,0,74,58,16,0,300,226,72,1,1,2,14,5,10,30,2,0,1,0,5,1,0,1,0,0,0,0,0,0,0,0,0,0,0,0,0,0,0,1,0,0
37,TIMIŞ,"CĂMINUL CULTURAL PĂRU",364,COŞTEIU,156473,1,PROV,PRCNCT,CD,CD_SV,"2021-01-21 12:30:02",217,200,17,0,71,54,17,0,300,229,71,0,0,6,20,2,1,28,1,1,1,0,8,1,0,0,0,0,0,0,0,0,0,0,0,1,0,0,0,0,0,0,0,1
37,TIMIŞ,"CĂMINUL CULTURAL ŢIPARI",365,COŞTEIU,156473,1,PROV,PRCNCT,CD,CD_SV,"2021-01-21 12:30:02",742,721,21,0,149,128,21,0,800,651,148,0,1,5,17,12,3,18,62,0,1,2,17,3,1,3,0,0,0,1,0,0,0,0,0,0,0,0,1,0,0,1,0,1
37,TIMIŞ,"CĂMINUL CULTURAL VALEA LUNGĂ ROMÂNĂ",366,COŞTEIU,156473,1,PROV,PRCNCT,CD,CD_SV,"2021-01-21 12:30:02",139,125,14,0,48,34,14,0,200,152,46,0,2,3,6,3,1,21,1,0,0,0,8,1,0,1,0,0,0,0,0,0,0,0,0,0,0,0,1,0,0,0,0,0
37,TIMIŞ,"GRĂDINIŢA CU PROGRAM NORMAL CRICIOVA",367,CRICIOVA,156534,1,PROV,PRCNCT,CD,CD_SV,"2021-01-21 12:30:02",692,589,88,15,431,328,88,15,700,269,427,3,1,40,78,10,1,212,0,2,1,0,16,8,0,1,1,1,0,1,0,51,0,1,0,0,0,0,0,0,0,1,1,1
37,TIMIŞ,"CĂMINUL CULTURAL CIREŞU",368,CRICIOVA,156534,1,PROV,PRCNCT,CD,CD_SV,"2021-01-21 12:30:02",352,290,58,4,200,138,58,4,300,100,199,1,0,11,44,5,4,106,1,0,0,2,12,0,0,0,0,1,0,0,0,12,1,0,0,0,0,0,0,0,0,0,0,0
37,TIMIŞ,"GRĂDINIŢA CU PROGRAM NORMAL JDIOARA",369,CRICIOVA,156534,1,PROV,PRCNCT,CD,CD_SV,"2021-01-21 12:30:02",513,454,46,13,286,228,46,12,497,211,281,2,3,26,46,10,3,158,0,2,4,1,15,5,0,3,0,1,0,1,0,2,0,0,0,2,0,0,0,0,0,1,1,0
37,TIMIŞ,"CĂMINUL CULTURAL CURTEA",370,CURTEA,156589,2,PART,PRCNCT,CD,CD_SV,"2021-01-21 12:30:02",551,523,28,0,192,164,28,0,600,408,185,1,6,24,37,15,16,51,1,1,2,1,24,10,0,0,0,0,1,0,0,0,0,0,0,0,0,0,0,0,0,0,2,0
37,TIMIŞ,"CĂMINUL CULTURAL COŞAVA",371,CURTEA,156589,1,PROV,PRCNCT,CD,CD_SV,"2021-01-21 12:30:02",496,457,39,0,162,123,39,0,500,338,154,5,3,10,27,20,4,40,1,2,9,1,25,5,2,4,0,0,0,0,0,1,0,0,0,0,0,0,0,0,0,2,0,1
37,TIMIŞ,"SCOALA GIMNAZIALA COMUNA DAROVA",372,DAROVA,156623,1,PROV,PRCNCT,CD,CD_SV,"2021-01-21 12:30:02",1757,1743,14,0,394,380,14,0,1900,1506,382,9,3,23,81,66,7,67,3,4,7,7,88,17,2,3,0,0,1,1,0,0,0,0,1,0,1,0,1,0,0,1,0,1
37,TIMIŞ,"GRADINITA PN",373,DAROVA,156623,1,PROV,PRCNCT,CD,CD_SV,"2021-01-21 12:30:02",331,302,29,0,108,79,29,0,400,292,108,0,0,4,33,24,7,11,0,1,2,0,22,2,0,1,0,0,0,0,0,0,0,0,0,0,0,0,1,0,0,0,0,0
37,TIMIŞ,"SCOALA PRIMARA",374,DAROVA,156623,1,PROV,PRCNCT,CD,CD_SV,"2021-01-21 12:30:02",719,701,18,0,136,118,18,0,800,664,135,1,0,21,28,13,8,28,2,3,0,1,26,2,0,0,1,0,0,0,0,0,0,0,0,1,0,0,0,0,0,0,1,0
37,TIMIŞ,"SCOALA GIMNAZIALA DENTA",375,DENTA,156669,1,PROV,PRCNCT,CD,CD_SV,"2021-01-21 12:30:02",1006,982,24,0,263,239,24,0,1100,837,259,2,2,5,39,20,13,128,7,3,3,23,0,2,2,5,0,0,1,0,0,1,0,2,0,1,0,0,1,0,0,0,1,2
37,TIMIŞ,"SCOALA GIMNAZIALA DENTA",376,DENTA,156669,1,PROV,PRCNCT,CD,CD_SV,"2021-01-21 12:30:02",1011,978,29,4,262,229,29,4,1100,838,257,2,3,15,51,21,11,109,0,8,0,2,17,3,1,2,1,1,1,1,0,0,0,4,0,0,0,2,1,0,0,0,6,0
37,TIMIŞ,"ŞCOALA PRIMARA BRESTEA",377,DENTA,156669,1,PROV,PRCNCT,CD,CD_SV,"2021-01-21 12:30:02",422,392,30,0,153,123,30,0,500,347,144,9,0,2,17,15,0,40,1,0,1,0,9,0,0,1,0,0,0,0,0,0,0,0,0,0,0,0,0,0,0,0,58,0
37,TIMIŞ,"CĂMINUL CULTURAL ROVINIŢA MARE",378,DENTA,156669,2,PART,PRCNCT,CD,CD_SV,"2021-01-21 12:30:02",338,306,29,3,139,107,29,3,399,260,137,2,0,3,32,13,3,58,10,2,0,1,10,2,0,3,0,0,0,0,0,0,0,0,0,0,0,0,0,0,0,0,0,0
37,TIMIŞ,"ȘCOALA GIMNAZIALĂ DUDEȘTII NOI",379,"DUDEŞTII NOI",159384,1,PROV,PRCNCT,CD,CD_SV,"2021-01-21 12:30:02",1540,1486,51,3,361,307,51,3,1600,1239,359,1,1,17,116,83,10,70,0,0,10,3,39,0,1,3,0,1,1,0,0,0,0,1,0,1,0,0,0,1,0,2,0,0
37,TIMIŞ,"ȘCOALA GIMNAZIALĂ DUDEȘTII NOI",380,"DUDEŞTII NOI",159384,1,PROV,PRCNCT,CD,CD_SV,"2021-01-21 12:30:02",1530,1493,37,0,378,341,37,0,1600,1222,372,5,1,10,127,91,24,59,3,2,12,2,31,2,0,2,0,0,1,1,0,0,0,0,0,0,1,0,0,0,0,2,0,2
37,TIMIŞ,"LICEUL TEORETIC ”SFINȚII KIRIL ȘI METODII” DUDEȘTII VECHI",381,"DUDEŞTII VECHI",156712,1,PROV,PRCNCT,CD,CD_SV,"2021-01-21 12:30:02",1652,1579,63,10,574,501,63,10,1800,1226,552,20,2,4,182,40,11,39,2,2,1,1,20,2,1,5,0,2,0,0,0,2,1,1,5,2,1,1,0,2,0,0,222,3
37,TIMIŞ,"CONSILIUL LOCAL DUDEŞTII VECHI",382,"DUDEŞTII VECHI",156712,1,PROV,PRCNCT,CD,CD_SV,"2021-01-21 12:30:02",1518,1445,60,13,472,399,60,13,800,328,452,16,4,5,180,27,2,30,5,1,0,3,30,1,2,4,0,5,0,0,0,0,0,0,5,4,0,0,0,0,0,0,148,0
37,TIMIŞ,"CĂMINUL CULTURAL CHEGLEVICI",383,"DUDEŞTII VECHI",156712,1,PROV,PRCNCT,CD,CD_SV,"2021-01-21 12:30:02",558,541,15,2,106,89,15,2,600,494,106,0,0,2,32,8,1,8,4,0,0,0,33,2,0,2,1,0,1,0,0,0,0,0,0,3,1,0,0,0,0,0,8,0
37,TIMIŞ,"SEDIUL PRIMARIEI DUMBRAVA",384,DUMBRAVA,156767,1,PROV,PRCNCT,CD,CD_SV,"2021-01-21 12:30:02",951,915,30,6,306,270,30,6,1000,694,297,4,5,50,30,15,5,45,82,3,1,3,27,1,0,31,0,0,0,0,1,0,0,0,1,0,0,1,1,0,0,0,0,0
37,TIMIŞ,"ŞCOALA PRIMARĂ BUCOVĂȚ",385,DUMBRAVA,156767,1,PROV,PRCNCT,CD,CD_SV,"2021-01-21 12:30:02",430,412,17,1,177,159,17,1,500,323,172,0,5,5,9,9,7,103,4,0,2,2,17,3,0,5,0,0,0,0,0,0,0,0,0,0,1,1,3,0,0,0,0,1
37,TIMIŞ,"ŞCOALA GIMNAZIALĂ RĂCHITA",386,DUMBRAVA,156767,1,PROV,PRCNCT,CD,CD_SV,"2021-01-21 12:30:02",929,910,17,2,191,172,17,2,1000,809,186,1,4,8,44,21,5,59,1,4,0,1,28,6,0,5,1,0,0,0,0,1,0,0,0,0,0,0,1,0,0,0,1,0
37,TIMIŞ,"SCOALA GIMNAZIALA DUMBRAVITA",387,DUMBRĂVIŢA,155261,1,PROV,PRCNCT,CD,CD_SV,"2021-01-21 12:30:02",1887,1765,115,7,894,772,115,7,1900,1006,890,4,0,38,164,472,25,96,23,0,6,0,20,1,6,13,0,1,0,0,0,1,0,8,2,4,0,1,0,0,3,0,4,2
37,TIMIŞ,"ŞCOALA GIMNAZIALĂ DUMBRĂVIŢA",388,DUMBRĂVIŢA,155261,1,PROV,PRCNCT,CD,CD_SV,"2021-01-21 12:30:02",2013,1924,87,2,817,728,87,2,2100,1283,811,6,0,32,169,381,15,105,43,2,9,0,23,5,2,8,2,0,2,0,0,0,0,5,0,3,0,0,0,1,0,1,2,1
37,TIMIŞ,"ŞCOALA GIMNAZIALĂ DUMBRĂVIŢA",389,DUMBRĂVIŢA,155261,1,PROV,PRCNCT,CD,CD_SV,"2021-01-21 12:30:02",1814,1748,56,10,699,633,56,10,1900,1201,695,3,1,36,135,333,20,79,44,2,3,0,26,1,2,4,0,0,0,0,0,0,0,3,0,2,0,0,0,0,0,0,5,0
37,TIMIŞ,"SCOALA GIMNAZIALA",390,DUMBRĂVIŢA,155261,1,PROV,PRCNCT,CD,CD_SV,"2021-01-21 12:30:02",1802,1725,76,1,789,712,76,1,1800,1011,785,4,0,44,116,422,29,83,26,2,14,0,16,2,3,8,2,2,0,2,0,4,0,3,2,3,0,0,0,0,1,0,1,0
37,TIMIŞ,"SCOALA GIMNAZIALA",391,DUMBRĂVIŢA,155261,1,PROV,PRCNCT,CD,CD_SV,"2021-01-21 12:30:02",1758,1693,56,9,789,724,56,9,1900,1111,780,1,8,36,144,390,18,87,53,1,0,0,24,0,4,5,0,0,0,3,0,0,0,6,0,3,0,0,0,0,1,0,3,2
37,TIMIŞ,"SALA DE MESE A COMUNEI DUMBRĂVIŢA( SALA DIN SPATE CU INTRARE DIN PARTEA DREAPTĂ)",392,DUMBRĂVIŢA,155261,1,PROV,PRCNCT,CD,CD_SV,"2021-01-21 12:30:02",1937,1763,171,3,930,756,171,3,1900,970,928,2,0,55,154,462,31,121,33,3,4,1,26,4,7,9,0,0,1,1,0,0,0,8,1,1,0,1,0,0,0,0,2,3
37,TIMIŞ,"SALA DE MESE A COMUNEI DUMBRĂVIŢA( SALA DIN FAŢĂ)",393,DUMBRĂVIŢA,155261,1,PROV,PRCNCT,CD,CD_SV,"2021-01-21 12:30:02",1836,1774,58,4,805,743,58,4,1900,1095,801,3,1,39,167,362,20,112,39,0,5,0,32,3,2,5,1,0,0,0,0,1,0,3,0,3,0,0,0,0,0,1,3,3
37,TIMIŞ,"CĂMINUL CULTURAL FÂRDEA",394,FÂRDEA,156927,2,PART,PRCNCT,CD,CD_SV,"2021-01-21 12:30:02",617,569,44,4,237,189,44,4,600,363,233,3,1,10,30,15,32,90,3,0,0,2,42,6,0,0,0,1,0,0,1,0,0,0,0,0,0,0,1,0,0,0,0,0
37,TIMIŞ,"CĂMINUL CULTURAL DRĂGSINEŞTI",395,FÂRDEA,156927,1,PROV,PRCNCT,CD,CD_SV,"2021-01-21 12:30:02",394,371,23,0,176,153,23,0,400,224,170,1,5,4,19,10,3,94,4,0,1,1,20,6,3,2,0,0,1,0,0,0,0,0,0,0,0,0,1,0,0,0,1,0
37,TIMIŞ,"CĂMINUL CULTURAL GLADNA ROMÂNĂ",396,FÂRDEA,156927,1,PROV,PRCNCT,CD,CD_SV,"2021-01-21 12:30:02",466,443,23,0,191,168,23,0,500,309,190,0,1,8,26,11,7,93,3,1,4,0,10,26,0,0,0,0,0,0,0,0,0,0,0,0,0,0,1,0,0,0,0,0
37,TIMIŞ,"CĂMINUL CULTURAL FIBIŞ",397,FIBIŞ,159393,1,PROV,PRCNCT,CD,CD_SV,"2021-01-21 12:30:02",1505,1414,86,5,436,345,86,5,1600,1164,422,7,7,9,169,77,6,92,2,3,4,6,33,4,1,5,0,0,0,0,1,0,0,1,1,3,2,0,0,0,0,2,1,0
37,TIMIŞ,"ŞCOALA GIMNAZIALĂ FOENI",398,FOENI,157004,1,PROV,PRCNCT,CD,CD_SV,"2021-01-21 12:30:02",1050,985,63,2,288,223,63,2,1096,808,276,6,6,4,37,165,5,26,4,3,0,2,9,5,2,4,0,0,2,0,0,0,0,6,0,0,0,0,0,0,0,1,1,0
37,TIMIŞ,"PRIMĂRIA VECHE CRUCENI",399,FOENI,157004,1,PROV,PRCNCT,CD,CD_SV,"2021-01-21 12:30:02",477,452,25,0,134,109,25,0,500,366,128,4,2,1,19,53,5,15,16,2,0,1,6,3,1,1,0,1,2,0,0,0,0,0,1,0,0,0,0,0,0,0,1,0
37,TIMIŞ,"SEDIUL PRIMARIEI GĂVOJDIA",400,GAVOJDIA,157031,2,PART,PRCNCT,CD,CD_SV,"2021-01-21 12:30:02",1144,1099,43,2,295,250,43,2,1199,904,282,6,7,12,139,18,4,65,0,0,0,0,27,2,2,3,0,1,0,0,0,5,0,0,1,1,0,1,1,0,0,0,0,0
37,TIMIŞ,"CĂMINUL CULTURAL JENA",401,GAVOJDIA,157031,1,PROV,PRCNCT,CD,CD_SV,"2021-01-21 12:30:02",470,425,45,0,185,140,45,0,500,315,183,1,1,38,58,30,3,29,0,2,3,0,17,0,0,1,0,0,0,0,0,1,0,0,0,0,0,0,0,0,0,0,1,0
37,TIMIŞ,"CAMIN CULTURAL LUGOJEL",402,GAVOJDIA,157031,1,PROV,PRCNCT,CD,CD_SV,"2021-01-21 12:30:02",618,581,37,0,193,156,37,0,600,407,189,3,1,10,74,36,4,27,1,2,2,0,23,2,1,3,1,0,2,0,0,0,0,0,0,0,0,0,1,0,0,0,0,0
37,TIMIŞ,"CĂMINUL CULTURAL SĂLBĂGEL",403,GAVOJDIA,157031,1,PROV,PRCNCT,CD,CD_SV,"2021-01-21 12:30:02",268,236,32,0,144,112,32,0,300,156,136,4,4,9,49,7,3,18,0,2,0,9,27,0,2,0,0,0,0,0,0,4,0,0,0,0,2,0,3,1,0,0,0,0
37,TIMIŞ,"ŞCOALA GIMNAZIALA GHILAD",404,GHILAD,159400,1,PROV,PRCNCT,CD,CD_SV,"2021-01-21 12:30:02",1601,1570,31,0,279,248,31,0,1700,1421,268,10,1,23,65,45,10,62,0,6,1,3,28,8,0,9,0,0,2,0,0,0,0,2,0,0,1,0,2,0,0,0,0,1
37,TIMIŞ,"CĂMINUL CULTURAL GAD",405,GHILAD,159400,1,PROV,PRCNCT,CD,CD_SV,"2021-01-21 12:30:02",140,122,18,0,48,30,18,0,197,149,47,1,0,4,10,9,1,10,0,0,0,2,4,0,0,3,0,0,0,0,0,0,0,2,0,0,0,1,0,0,0,0,1,0
37,TIMIŞ,"ŞCOALA GIMNAZIALĂ GHIRODA",406,GHIRODA,155289,1,PROV,PRCNCT,CD,CD_SV,"2021-01-21 12:30:02",2042,1976,62,4,778,712,62,4,2100,1322,767,9,2,50,224,242,21,125,16,3,9,0,44,4,16,5,0,0,0,0,0,0,0,1,0,1,0,0,2,1,0,0,1,2
37,TIMIŞ,"ŞCOALA GIMNAZIALĂ GHIRODA",407,GHIRODA,155289,1,PROV,PRCNCT,CD,CD_SV,"2021-01-21 12:30:02",1637,1567,70,0,598,528,70,0,1700,1102,592,6,0,36,170,182,24,84,6,0,15,3,44,3,7,4,0,0,0,2,0,0,0,7,0,0,0,0,0,0,1,0,4,0
37,TIMIŞ,"CĂMINUL CULTURAL GHIRODA",408,GHIRODA,155289,1,PROV,PRCNCT,CD,CD_SV,"2021-01-21 12:30:02",1339,1285,50,4,497,443,50,4,1400,903,490,6,1,28,155,104,24,97,12,2,1,1,32,5,11,11,0,0,0,0,0,0,0,2,0,1,0,0,0,0,0,1,2,1
37,TIMIŞ,"CĂMINUL CULTURAL GIARMATA - VII",409,GHIRODA,155289,1,PROV,PRCNCT,CD,CD_SV,"2021-01-21 12:30:02",1795,1698,96,1,743,646,96,1,1800,1057,728,12,3,48,242,189,39,121,0,1,4,2,51,5,3,8,0,0,0,0,0,0,0,3,2,0,2,0,1,1,0,0,0,6
37,TIMIŞ,"SEDIUL PRIMARIEI GHIZELA",410,GHIZELA,157193,1,PROV,PRCNCT,CD,CD_SV,"2021-01-21 12:30:02",448,379,54,15,242,173,54,15,495,253,238,3,1,5,169,4,2,30,1,0,0,2,19,2,0,1,1,1,0,0,0,0,0,0,0,0,0,0,0,0,0,0,0,1
37,TIMIŞ,"CĂMINUL CULTURAL PANIOVA",411,GHIZELA,157193,1,PROV,PRCNCT,CD,CD_SV,"2021-01-21 12:30:02",250,198,42,10,139,87,42,10,200,61,137,1,1,2,100,0,3,20,1,0,0,2,6,1,0,0,0,0,1,0,0,0,0,0,0,0,0,1,0,0,0,0,0,0
37,TIMIŞ,"CASA NATIONALĂ ”NICOLAE URSU” ŞANOVIŢA",412,GHIZELA,157193,1,PROV,PRCNCT,CD,CD_SV,"2021-01-21 12:30:02",434,397,24,13,174,137,24,13,399,225,167,4,3,5,87,16,5,35,1,0,0,0,11,1,0,2,0,0,0,0,0,0,0,2,1,0,0,0,1,0,0,0,0,0
37,TIMIŞ,"GRĂDINIȚA CU PROGRAM PRELUNGIT GIARMATA",413,GIARMATA,157246,1,PROV,PRCNCT,CD,CD_SV,"2021-01-21 12:30:02",1644,1612,32,0,358,326,32,0,1800,1442,353,5,0,91,79,54,12,60,2,4,12,2,28,3,1,0,0,0,0,0,0,1,0,1,1,0,0,1,0,0,0,0,0,1
37,TIMIŞ,"SCOALA GIMNAZIALA GIARMATA",414,GIARMATA,157246,1,PROV,PRCNCT,CD,CD_SV,"2021-01-21 12:30:02",1831,1757,74,0,515,441,74,0,1900,1385,505,6,4,102,110,126,19,76,5,2,15,2,34,3,2,4,2,0,0,0,0,0,0,0,1,1,0,0,0,0,0,0,1,0
37,TIMIŞ,"GRADINITA CU PROGRAM PRELUNGIT COMUNA GIARMATA",415,GIARMATA,157246,1,PROV,PRCNCT,CD,CD_SV,"2021-01-21 12:30:02",1739,1656,83,0,517,434,83,0,1800,1283,509,6,2,113,138,111,16,68,2,4,8,2,31,4,2,3,0,0,0,0,0,1,0,0,0,1,0,0,1,0,2,0,0,2
37,TIMIŞ,"ŞCOALA PRIMARA CERNETEAZ",416,GIARMATA,157246,1,PROV,PRCNCT,CD,CD_SV,"2021-01-21 12:30:02",1245,1169,76,0,333,257,76,0,1300,967,326,5,2,54,95,49,3,74,1,4,1,0,29,3,1,3,0,0,0,0,0,1,0,0,0,1,4,1,0,0,0,0,1,1
37,TIMIŞ,"SEDIUL PRIMARIEI GIERA",417,GIERA,157273,1,PROV,PRCNCT,CD,CD_SV,"2021-01-21 12:30:02",646,639,7,0,107,100,7,0,696,589,104,2,1,2,11,13,11,45,5,1,0,1,6,6,1,0,0,1,0,0,0,0,0,0,0,0,0,0,0,0,1,0,0,0
37,TIMIŞ,"GRADINITA CU PROGRAM NORMAL GRĂNICERII",418,GIERA,157273,1,PROV,PRCNCT,CD,CD_SV,"2021-01-21 12:30:02",211,200,11,0,54,43,11,0,303,249,53,1,0,2,9,14,1,16,1,1,0,1,5,2,1,0,0,0,0,0,0,0,0,0,0,0,0,0,0,0,0,0,0,0
37,TIMIŞ,"GRADINITA CU PROGRAM NORMAL TOAGER",419,GIERA,157273,1,PROV,PRCNCT,CD,CD_SV,"2021-01-21 12:30:02",333,317,16,0,90,74,16,0,396,306,86,4,0,3,18,8,6,28,3,1,0,1,11,2,0,1,0,1,0,0,0,0,0,0,0,0,0,0,0,2,0,0,1,0
37,TIMIŞ,"CĂMINUL CULTURAL GIROC",420,GIROC,155314,1,PROV,PRCNCT,CD,CD_SV,"2021-01-21 12:30:02",1975,1913,58,4,761,699,58,4,2000,1239,751,9,1,45,161,295,26,140,6,1,14,1,35,7,5,7,0,0,0,0,0,0,0,3,1,1,0,0,0,0,1,0,0,2
37,TIMIŞ,"CĂMINUL CULTURAL GIROC",421,GIROC,155314,2,PART,PRCNCT,CD,CD_SV,"2021-01-21 12:30:02",2078,1987,86,5,757,671,86,0,2100,1343,753,4,0,40,123,387,20,92,6,6,10,1,35,2,11,10,1,0,0,2,0,0,0,3,0,0,0,0,0,1,1,0,1,1
37,TIMIŞ,"LICEUL TEORETIC ”DAVID VONIGA” GIROC",422,GIROC,155314,1,PROV,PRCNCT,CD,CD_SV,"2021-01-21 12:30:02",2035,1960,71,4,804,729,71,4,2100,1296,790,12,2,52,152,320,24,140,4,2,20,2,41,3,13,9,0,0,0,1,0,0,0,1,0,1,1,0,0,0,0,1,0,3
37,TIMIŞ,"LICEUL TEORETIC DAVID VONIGA GIROC",423,GIROC,155314,1,PROV,PRCNCT,CD,CD_SV,"2021-01-21 12:30:02",1999,1938,58,3,751,690,58,3,2100,1349,742,8,1,43,150,267,42,132,7,2,10,0,49,3,10,6,1,0,1,3,0,1,0,4,0,1,2,1,1,0,0,0,3,3
37,TIMIŞ,"ANEXA ADMINISTRATIVĂ A FOSTEI UNITĂȚI MILITARE - GIROC",424,GIROC,155314,1,PROV,PRCNCT,CD,CD_SV,"2021-01-21 12:30:02",2105,1989,116,0,884,768,116,0,2100,1216,878,6,0,41,130,476,22,85,10,3,20,3,53,4,8,10,0,1,0,0,0,0,0,8,0,0,1,0,0,0,0,2,0,1
37,TIMIŞ,"ANEXA ADMINISTRATIVĂ A FOSTEI UNITĂȚI MILITARE - GIROC",425,GIROC,155314,1,PROV,PRCNCT,CD,CD_SV,"2021-01-21 12:30:02",2064,1976,85,3,805,717,85,3,2100,1295,799,6,0,39,142,442,24,66,7,4,6,0,26,4,9,16,0,1,1,0,0,0,0,4,2,1,2,1,0,0,2,0,0,0
37,TIMIŞ,"ŞCOALA GIMNAZIALĂ ”IOSIF CIOROGARIU” ,CHIȘODA",426,GIROC,155314,1,PROV,PRCNCT,CD,CD_SV,"2021-01-21 12:30:02",1735,1680,51,4,701,646,51,4,1900,1199,699,1,1,28,149,239,27,120,15,9,16,0,38,9,5,13,0,0,0,0,0,2,0,11,2,9,0,0,0,0,0,0,5,2
37,TIMIŞ,"ŞCOALA GIMNAZIALĂ ”IOSIF CIOROGARIU” ,CHIȘODA",427,GIROC,155314,1,PROV,PRCNCT,CD,CD_SV,"2021-01-21 12:30:02",1879,1787,87,5,671,579,87,5,1900,1229,666,4,1,35,151,241,21,137,3,5,10,1,36,3,6,6,0,1,1,0,0,0,0,4,1,2,0,0,0,0,0,1,0,1
37,TIMIŞ,"PRIMĂRIA COMUNEI GIULVĂZ",428,GIULVĂZ,157317,1,PROV,PRCNCT,CD,CD_SV,"2021-01-21 12:30:02",1092,1062,30,0,214,184,30,0,1200,986,205,5,4,15,30,51,14,37,2,1,4,1,15,2,1,24,1,1,1,0,1,0,0,0,0,0,1,1,0,1,0,1,0,0
37,TIMIŞ,"CĂMIN CULTURAL CRAI NOU",429,GIULVĂZ,157317,1,PROV,PRCNCT,CD,CD_SV,"2021-01-21 12:30:02",372,345,27,0,98,71,27,0,400,302,95,1,2,3,20,18,9,21,1,0,0,0,18,1,0,2,0,0,0,0,0,0,0,0,0,0,0,0,0,0,0,0,1,1
37,TIMIŞ,"CĂMIN CULTURAL IVANDA",430,GIULVĂZ,157317,1,PROV,PRCNCT,CD,CD_SV,"2021-01-21 12:30:02",503,476,27,0,123,96,27,0,500,377,120,2,1,2,24,28,2,31,1,0,0,1,15,5,0,4,0,0,1,0,0,0,0,4,0,1,0,0,0,0,0,0,1,0
37,TIMIŞ,"CĂMIN CULTURAL RUDNA",431,GIULVĂZ,157317,1,PROV,PRCNCT,CD,CD_SV,"2021-01-21 12:30:02",608,579,29,0,95,66,29,0,600,505,90,3,2,1,13,13,5,28,0,0,0,0,11,0,1,2,0,0,0,0,0,0,1,12,0,0,1,1,0,0,0,1,0,0
37,TIMIŞ,"CLĂDIREA COMUNEI GOTTLOB (SALA DE ŞEDINŢE)",432,GOTTLOB,159419,1,PROV,PRCNCT,CD,CD_SV,"2021-01-21 12:30:02",1870,1853,17,0,415,398,17,0,2000,1585,399,13,3,25,159,35,5,69,2,2,3,6,51,2,0,19,0,0,2,0,0,1,0,0,0,6,2,0,0,0,0,0,4,6
37,TIMIŞ,"GRĂDINIŢA CU PROGRAM NORMAL VIZEJDIA",433,GOTTLOB,159419,1,PROV,PRCNCT,CD,CD_SV,"2021-01-21 12:30:02",386,371,15,0,81,66,15,0,400,319,78,2,1,3,32,7,0,5,1,0,0,0,20,2,0,6,0,0,0,0,0,0,0,0,0,1,0,0,0,0,0,0,0,1
37,TIMIŞ,"PRIMARIA IECEA MARE",434,"IECEA MARE",159428,1,PROV,PRCNCT,CD,CD_SV,"2021-01-21 12:30:02",1149,1119,30,0,289,259,30,0,1200,911,278,9,2,8,61,25,7,108,1,2,2,2,33,3,0,0,0,0,1,1,0,0,0,2,0,0,0,0,1,1,0,2,15,3
37,TIMIŞ,"SCOALA PRIMARĂ IECEA MARE",435,"IECEA MARE",159428,1,PROV,PRCNCT,CD,CD_SV,"2021-01-21 12:30:02",1153,1122,31,0,306,275,31,0,1300,994,300,3,3,6,79,15,8,96,1,3,1,3,51,2,2,2,0,1,2,7,0,0,0,0,4,0,2,1,0,0,0,0,14,0
37,TIMIŞ,"PRIMARIA JAMU MARE",436,"JAMU MARE",157362,1,PROV,PRCNCT,CD,CD_SV,"2021-01-21 12:30:02",1180,1156,21,3,274,250,21,3,1300,1026,271,3,0,7,79,72,34,38,2,5,1,5,13,3,1,3,0,0,0,3,0,1,0,0,0,0,1,1,0,0,0,0,1,1
37,TIMIŞ,"ŞCOALA PRIMARA CLOPODIA",437,"JAMU MARE",157362,1,PROV,PRCNCT,CD,CD_SV,"2021-01-21 12:30:02",597,579,18,0,124,106,18,0,600,476,124,0,0,7,42,16,10,12,1,2,1,1,19,5,1,2,0,0,0,1,0,0,0,0,1,0,0,0,1,0,0,0,2,0
37,TIMIŞ,"ŞCOALA PRIMARA FERENDIA",438,"JAMU MARE",157362,2,PART,PRCNCT,CD,CD_SV,"2021-01-21 12:30:02",367,334,33,0,94,61,33,0,400,306,93,1,0,3,39,6,5,20,3,0,0,1,11,0,0,0,0,0,0,3,0,0,0,0,0,0,2,0,0,0,0,0,0,0
37,TIMIŞ,"CĂMINUL CULTURAL GHERMAN",439,"JAMU MARE",157362,1,PROV,PRCNCT,CD,CD_SV,"2021-01-21 12:30:02",202,185,17,0,79,62,17,0,200,121,79,0,0,5,42,7,2,15,1,1,1,0,3,2,0,0,0,0,0,0,0,0,0,0,0,0,0,0,0,0,0,0,0,0
37,TIMIŞ,"CLADIREA COMUNEI JAMU MARE (FOSTA ŞCOALA LĂŢUNAŞ)",440,"JAMU MARE",157362,1,PROV,PRCNCT,CD,CD_SV,"2021-01-21 12:30:02",239,197,42,0,101,59,42,0,200,99,100,0,1,3,20,34,10,17,1,2,1,0,5,5,0,1,0,0,0,0,0,0,0,0,0,0,0,0,0,0,0,0,1,0
37,TIMIŞ,"CASA NATIONALA EFTA BOTOCA",441,JEBEL,157424,1,PROV,PRCNCT,CD,CD_SV,"2021-01-21 12:30:02",1616,1527,67,22,496,408,67,21,1700,1204,486,9,1,44,192,58,36,57,0,4,10,4,43,3,2,2,0,1,1,17,0,0,0,1,2,0,0,0,0,0,3,4,0,2
37,TIMIŞ,"GRADINITA PN JEBEL",442,JEBEL,157424,1,PROV,PRCNCT,CD,CD_SV,"2021-01-21 12:30:02",1562,1521,41,0,422,381,41,0,1700,1278,403,17,2,29,182,43,23,59,2,3,5,1,29,4,1,3,0,0,1,16,0,0,0,0,0,0,0,1,0,1,0,0,0,0
37,TIMIŞ,"CĂMINUL CULTURAL LENAUHEIM",443,LENAUHEIM,157451,1,PROV,PRCNCT,CD,CD_SV,"2021-01-21 12:30:02",1583,1564,18,1,298,279,18,1,1700,1402,290,8,0,19,62,68,7,53,1,4,2,2,58,3,3,2,0,1,0,0,0,0,0,2,0,0,1,0,1,0,1,0,0,0
37,TIMIŞ,"CĂMINUL CULTURAL BULGĂRUŞ",444,LENAUHEIM,157451,1,PROV,PRCNCT,CD,CD_SV,"2021-01-21 12:30:02",1811,1791,20,0,398,378,20,0,2000,1602,382,15,1,11,88,57,38,50,2,2,1,3,114,0,1,4,0,1,3,0,0,0,0,2,0,0,0,0,3,0,1,0,1,0
37,TIMIŞ,"CĂMINUL CULTURAL GRABAŢ",445,LENAUHEIM,157451,1,PROV,PRCNCT,CD,CD_SV,"2021-01-21 12:30:02",1780,1759,19,2,261,240,19,2,1900,1639,249,9,3,6,71,44,17,19,1,2,4,1,57,6,3,4,0,0,0,0,0,0,1,2,0,3,0,2,0,1,0,0,3,2
37,TIMIŞ,"CĂMINUL CULTURAL LIEBLING",446,LIEBLING,157497,1,PROV,PRCNCT,CD,CD_SV,"2021-01-21 12:30:02",1558,1530,28,0,278,250,28,0,1700,1422,272,3,3,8,52,57,12,50,2,0,2,5,53,11,1,4,1,0,3,5,0,0,0,0,2,0,0,0,0,0,0,4,0,0
37,TIMIŞ,"ȘCOALA GIMNAZIALĂ LIEBLING",447,LIEBLING,157497,1,PROV,PRCNCT,CD,CD_SV,"2021-01-21 12:30:02",1332,1306,26,0,319,293,26,0,1400,1081,315,3,1,15,73,66,7,67,2,2,6,1,44,6,2,3,0,0,1,10,0,0,0,0,0,0,0,0,0,1,0,8,1,0
37,TIMIŞ,"CLADIREA FOSTEI PRIMARII DIN CERNA",448,LIEBLING,157497,1,PROV,PRCNCT,CD,CD_SV,"2021-01-21 12:30:02",219,195,24,0,50,26,24,0,200,150,50,0,0,3,23,7,1,9,1,0,1,0,4,0,0,1,0,0,0,0,0,0,0,0,0,0,0,0,0,0,0,0,0,0
37,TIMIŞ,"CĂMINUL CULTURAL SATUL IOSIF",449,LIEBLING,157497,1,PROV,PRCNCT,CD,CD_SV,"2021-01-21 12:30:02",329,309,20,0,88,68,20,0,400,312,85,0,3,12,13,23,4,16,1,0,4,1,8,0,0,2,0,0,0,1,0,0,0,0,0,0,0,0,0,0,0,0,0,0
37,TIMIŞ,"PRIMARIA COMUNEI LIVEZILE",450,LIVEZILE,159491,1,PROV,PRCNCT,CD,CD_SV,"2021-01-21 12:30:02",911,895,15,1,200,184,15,1,1000,800,195,3,2,3,73,26,7,52,4,1,0,0,22,0,0,3,0,0,1,0,0,0,1,0,0,0,1,0,0,0,0,0,1,0
37,TIMIŞ,"ŞCOALA PRIMARA DOLAŢ",451,LIVEZILE,159491,1,PROV,PRCNCT,CD,CD_SV,"2021-01-21 12:30:02",467,451,16,0,69,53,16,0,500,431,69,0,0,0,33,14,3,7,0,0,0,1,5,2,0,0,0,0,0,0,0,0,0,1,0,0,2,0,1,0,0,0,0,0
37,TIMIŞ,"CASA DE CULTURĂ LOVRIN",452,LOVRIN,157530,1,PROV,PRCNCT,CD,CD_SV,"2021-01-21 12:30:02",1642,1618,24,0,367,343,24,0,1800,1433,359,5,3,28,151,40,3,64,2,2,0,1,48,2,1,2,0,1,0,0,0,3,0,0,0,2,1,1,1,1,0,0,3,2
37,TIMIŞ,"STRAND TERMAL LOVRIN, NR 752/B",453,LOVRIN,157530,1,PROV,PRCNCT,CD,CD_SV,"2021-01-21 12:30:02",1776,1754,22,0,468,446,22,0,1900,1432,454,8,6,68,170,61,5,73,1,1,0,1,61,1,0,3,0,0,1,0,0,1,0,0,0,2,0,0,1,0,0,2,0,2
37,TIMIŞ,"CĂMINUL CULTURAL MARGINA",454,MARGINA,157585,1,PROV,PRCNCT,CD,CD_SV,"2021-01-21 12:30:02",994,964,30,0,299,269,30,0,1100,801,293,5,1,12,25,45,10,122,0,2,2,2,47,18,0,5,0,0,0,0,0,0,1,0,0,0,0,0,1,0,0,0,1,0
37,TIMIŞ,"CĂMINUL CULTURAL BREAZOVA",455,MARGINA,157585,1,PROV,PRCNCT,CD,CD_SV,"2021-01-21 12:30:02",226,209,17,0,92,75,17,0,300,208,92,0,0,4,15,6,2,37,1,1,8,0,9,6,0,2,1,0,0,0,0,0,0,0,0,0,0,0,0,0,0,0,0,0
37,TIMIŞ,"CĂMINUL CULTURAL COŞTEIU DE SUS",456,MARGINA,157585,1,PROV,PRCNCT,CD,CD_SV,"2021-01-21 12:30:02",184,171,13,0,53,40,13,0,200,147,52,1,0,5,12,2,1,17,1,0,3,0,2,8,0,1,0,0,0,0,0,0,0,0,0,0,0,0,0,0,0,0,0,0
37,TIMIŞ,"CĂMINUL CULTURAL GROŞI",457,MARGINA,157585,1,PROV,PRCNCT,CD,CD_SV,"2021-01-21 12:30:02",89,70,19,0,42,23,19,0,100,58,42,0,0,1,5,5,1,22,0,0,0,1,2,5,0,0,0,0,0,0,0,0,0,0,0,0,0,0,0,0,0,0,0,0
37,TIMIŞ,"CĂMINUL CULTURAL SINTEŞTI",458,MARGINA,157585,1,PROV,PRCNCT,CD,CD_SV,"2021-01-21 12:30:02",423,408,15,0,136,121,15,0,500,364,134,1,1,8,40,25,1,41,1,1,2,0,3,6,0,1,0,1,0,0,0,0,0,0,3,0,0,0,0,1,0,0,0,0
37,TIMIŞ,"PRIMARIA MAŞLOC",459,MAŞLOC,157683,1,PROV,PRCNCT,CD,CD_SV,"2021-01-21 12:30:02",902,862,30,10,200,160,30,10,1000,800,190,5,5,1,62,23,5,68,2,0,0,5,14,3,0,1,1,0,0,0,0,2,0,0,1,0,0,0,0,1,0,0,1,0
37,TIMIŞ,"CĂMINUL CULTURAL ALIOS",460,MAŞLOC,157683,1,PROV,PRCNCT,CD,CD_SV,"2021-01-21 12:30:02",743,686,52,5,208,151,52,5,800,592,197,9,2,9,57,28,16,49,1,5,0,0,21,2,0,4,0,0,1,0,0,0,1,0,0,0,1,0,0,0,0,0,2,0
37,TIMIŞ,"CĂMINUL CULTURAL REMETEA MICĂ",461,MAŞLOC,157683,1,PROV,PRCNCT,CD,CD_SV,"2021-01-21 12:30:02",469,447,19,3,153,131,19,3,500,347,146,7,0,3,37,19,4,26,1,1,0,1,12,0,0,1,0,0,0,0,1,39,0,0,0,0,0,0,0,0,0,0,1,0
37,TIMIŞ,"ŞCOALA GIMNAZIALĂ GEORGE GÂRDA MĂNĂŞTIUR",462,MĂNĂŞTIUR,157736,1,PROV,PRCNCT,CD,CD_SV,"2021-01-21 12:30:02",1000,970,19,11,295,265,19,11,1100,802,286,4,5,5,41,20,13,133,14,5,4,2,40,1,0,3,1,0,0,0,0,0,0,0,1,0,0,0,0,0,0,0,2,1
37,TIMIŞ,"CLĂDIREA COMUNEI MĂNĂŞTIUR (FOSTA ŞCOALĂ GENERALĂ PĂDURANI)",463,MĂNĂŞTIUR,157736,1,PROV,PRCNCT,CD,CD_SV,"2021-01-21 12:30:02",76,62,14,0,31,17,14,0,100,69,31,0,0,5,5,2,2,10,1,1,0,0,2,0,0,2,0,1,0,0,0,0,0,0,0,0,0,0,0,0,0,0,0,0
37,TIMIŞ,"CĂMINUL CULTURAL REMETEA-LUNCĂ",464,MĂNĂŞTIUR,157736,1,PROV,PRCNCT,CD,CD_SV,"2021-01-21 12:30:02",348,328,20,0,108,88,20,0,400,292,104,1,3,13,13,5,5,23,14,1,0,0,23,4,0,1,0,0,0,0,0,0,0,0,1,0,0,1,0,0,0,0,0,0
37,TIMIŞ,"CASA NATIONALA DE CULTURA MORAVIŢA",465,MORAVIŢA,157781,1,PROV,PRCNCT,CD,CD_SV,"2021-01-21 12:30:02",1038,1007,31,0,276,245,31,0,1100,824,271,2,3,4,119,14,7,72,1,3,0,1,17,9,1,12,0,1,1,3,0,0,0,2,0,0,0,1,0,1,0,0,1,1
37,TIMIŞ,"CASA NAŢIONALĂ DEJAN",466,MORAVIŢA,157781,1,PROV,PRCNCT,CD,CD_SV,"2021-01-21 12:30:02",240,227,13,0,93,80,13,0,300,207,87,4,2,2,51,3,6,12,1,0,2,0,5,3,0,0,0,0,0,1,0,0,0,0,0,0,0,0,0,0,0,0,0,1
37,TIMIŞ,"CASA NAȚIONALĂ GAIU MIC",467,MORAVIŢA,157781,1,PROV,PRCNCT,CD,CD_SV,"2021-01-21 12:30:02",154,139,15,0,68,53,15,0,200,132,66,1,1,1,34,1,4,15,2,0,0,0,6,2,0,0,0,0,0,1,0,0,0,0,0,0,0,0,0,0,0,0,0,0
37,TIMIŞ,"ŞCOALA PRIMARA STAMORA GERMANĂ",468,MORAVIŢA,157781,1,PROV,PRCNCT,CD,CD_SV,"2021-01-21 12:30:02",866,842,24,0,273,249,24,0,900,627,263,6,4,4,120,20,10,61,3,5,2,2,20,2,0,7,0,0,1,3,0,0,0,0,0,0,0,2,0,0,0,0,0,1
37,TIMIŞ,"ȘCOALA GIMNAZIALĂ MOȘNIȚA NOUĂ",469,"MOŞNIŢA NOUĂ",157834,1,PROV,PRCNCT,CD,CD_SV,"2021-01-21 12:30:02",1470,1358,112,0,533,421,112,0,1500,967,524,5,4,47,128,152,13,72,48,4,7,1,32,3,4,6,0,1,0,0,0,1,0,0,0,0,0,0,1,0,3,1,0,0
37,TIMIŞ,"ȘCOALA GIMNAZIALĂ MOȘNIȚA NOUĂ",470,"MOŞNIŢA NOUĂ",157834,1,PROV,PRCNCT,CD,CD_SV,"2021-01-21 12:30:02",1632,1497,132,3,749,614,132,3,1600,851,742,6,1,50,170,320,22,102,16,1,8,1,26,4,2,5,0,0,0,4,0,1,0,1,0,3,1,0,0,0,0,1,2,2
37,TIMIŞ,"CLĂDIREA COMUNEI MOȘNIȚA NOUĂ FOSTA ȘCOALĂ PRIMARĂ ALBINA",471,"MOŞNIŢA NOUĂ",157834,1,PROV,PRCNCT,CD,CD_SV,"2021-01-21 12:30:02",401,342,59,0,205,146,59,0,400,195,202,3,0,18,60,32,11,43,5,2,1,1,16,3,1,7,0,0,1,0,0,0,0,0,0,0,0,1,0,0,0,0,0,0
37,TIMIŞ,"ŞCOALA PRIMARĂ MOŞNIŢA VECHE",472,"MOŞNIŢA NOUĂ",157834,1,PROV,PRCNCT,CD,CD_SV,"2021-01-21 12:30:02",1833,1700,131,2,598,465,131,2,1800,1202,592,4,2,75,165,174,16,91,2,3,3,5,31,4,4,15,2,0,0,0,0,1,0,1,0,0,0,0,0,0,0,0,0,0
37,TIMIŞ,"ŞCOALA PRIMARĂ MOŞNIŢA VECHE",473,"MOŞNIŢA NOUĂ",157834,1,PROV,PRCNCT,CD,CD_SV,"2021-01-21 12:30:02",1678,1603,70,5,857,782,70,5,1700,843,855,2,0,39,152,520,15,48,10,1,12,1,27,2,4,12,0,0,0,4,0,0,0,1,0,1,1,0,0,0,0,0,2,3
37,TIMIŞ,"ŞCOALA PRIMARĂ URSENI",474,"MOŞNIŢA NOUĂ",157834,1,PROV,PRCNCT,CD,CD_SV,"2021-01-21 12:30:02",1725,1608,116,1,623,506,116,1,1700,1077,618,3,2,46,183,185,12,102,20,0,4,1,41,6,1,4,1,1,1,1,0,0,1,0,0,2,1,0,1,0,0,0,0,4
37,TIMIŞ,"ȘCOALA GIMNAZIALĂ COMUNA MOȘNIȚA NOUĂ",475,"MOŞNIŢA NOUĂ",157834,1,PROV,PRCNCT,CD,CD_SV,"2021-01-21 12:30:02",1454,1386,68,0,563,495,68,0,1500,937,560,3,0,26,123,274,16,67,13,0,3,0,23,2,0,7,0,0,0,0,0,0,0,2,0,1,0,0,0,0,1,0,2,0
37,TIMIŞ,"GRĂDINIŢA CU PROGRAM PRELUNGIT NADRAG",476,NĂDRAG,157898,2,PART,PRCNCT,CD,CD_SV,"2021-01-21 12:30:02",1066,1040,22,4,384,358,22,4,1100,716,377,2,5,7,46,46,7,209,3,3,2,4,30,8,0,6,0,1,0,0,1,0,0,0,0,2,0,0,1,0,0,0,0,1
37,TIMIŞ,"LICEUL TEHNOLOGIC ”TRAIAN GROZĂVESCU” NĂDRAG",477,NĂDRAG,157898,1,PROV,PRCNCT,CD,CD_SV,"2021-01-21 12:30:02",1129,1098,30,1,399,368,30,1,1200,801,386,6,7,18,78,29,4,182,3,2,0,0,34,10,4,6,0,0,1,0,1,1,0,1,0,5,0,0,1,1,0,2,1,2
37,TIMIŞ,"ŞCOALA PRIMARA CRIVINA",478,NĂDRAG,157898,1,PROV,PRCNCT,CD,CD_SV,"2021-01-21 12:30:02",253,237,16,0,130,114,16,0,300,170,126,1,3,6,12,6,1,83,0,0,1,0,13,1,2,0,0,0,0,0,0,0,0,0,0,0,0,0,0,0,0,0,0,1
37,TIMIŞ,"CĂMINUL CULTURAL NIȚCHIDORF",479,NIŢCHIDORF,157923,1,PROV,PRCNCT,CD,CD_SV,"2021-01-21 12:30:02",1091,1071,20,0,340,320,20,0,1200,860,330,7,3,15,77,67,10,94,3,4,1,3,26,15,1,3,0,0,0,1,1,2,0,0,0,2,0,1,1,0,0,3,0,0
37,TIMIŞ,"CASA NAŢIONALĂ BLAJOVA",480,NIŢCHIDORF,157923,1,PROV,PRCNCT,CD,CD_SV,"2021-01-21 12:30:02",116,92,24,0,67,43,24,0,99,32,66,1,0,1,14,8,1,35,1,0,0,2,1,1,0,0,1,0,0,1,0,0,0,0,0,0,0,0,0,0,0,0,0,0
37,TIMIŞ,"CLADIREA COMUNEI NITCHIDORF(FOSTA SCOALA CU CLASELE I - IV)",481,NIŢCHIDORF,157923,1,PROV,PRCNCT,CD,CD_SV,"2021-01-21 12:30:02",187,160,27,0,76,49,27,0,200,124,72,1,3,1,7,6,3,46,1,1,0,1,4,0,0,0,1,0,0,1,0,0,0,0,0,0,0,0,0,0,0,0,0,0
37,TIMIŞ,"CĂMINUL CULTURAL OHABA LUNGĂ",482,"OHABA LUNGĂ",157969,1,PROV,PRCNCT,CD,CD_SV,"2021-01-21 12:30:02",375,308,50,17,216,149,50,17,400,184,210,1,5,40,31,9,5,94,3,3,0,2,17,0,1,1,0,1,1,0,0,1,0,0,0,0,0,0,0,1,0,0,0,0
37,TIMIŞ,"CĂMINUL CULTURAL DUBEŞTI",483,"OHABA LUNGĂ",157969,1,PROV,PRCNCT,CD,CD_SV,"2021-01-21 12:30:02",211,196,13,2,98,83,13,2,300,202,95,0,3,8,26,7,10,29,1,1,2,2,7,0,0,2,0,0,0,0,0,0,0,0,0,0,0,0,0,0,0,0,0,0
37,TIMIŞ,"CĂMINUL CULTURAL IERŞNIC",484,"OHABA LUNGĂ",157969,1,PROV,PRCNCT,CD,CD_SV,"2021-01-21 12:30:02",167,128,30,9,130,91,30,9,200,70,127,3,0,4,49,1,2,54,0,0,0,2,13,0,0,0,0,0,1,0,0,0,0,0,0,0,0,0,1,0,0,0,0,0
37,TIMIŞ,"CĂMINUL CULTURAL OHABA ROMÂNĂ",485,"OHABA LUNGĂ",157969,2,PART,PRCNCT,CD,CD_SV,"2021-01-21 12:30:02",204,174,25,5,113,83,25,5,200,87,109,1,3,17,21,30,4,24,2,0,0,0,7,2,0,0,0,0,0,0,0,1,0,0,0,0,1,0,0,0,0,0,0,0
37,TIMIŞ,"ȘCOALA PRIMARĂ ORȚIȘOARA",486,ORŢIŞOARA,158010,1,PROV,PRCNCT,CD,CD_SV,"2021-01-21 12:30:02",1185,1152,33,0,273,240,33,0,1300,1027,262,6,5,15,59,52,9,54,4,3,8,0,41,4,2,2,0,1,1,0,0,0,0,0,2,0,3,0,1,0,1,0,0,0
37,TIMIŞ,"BIBLIOTECA COMUNALĂ ORȚIȘOARA",487,ORŢIŞOARA,158010,4,PART,PRCNCT,CD,CD_SV,"2021-01-21 12:30:02",1043,965,75,3,301,223,75,3,1100,799,295,4,1,11,52,76,15,67,3,4,3,1,43,7,1,5,0,0,0,0,0,0,0,3,0,0,0,0,0,0,0,0,4,0
37,TIMIŞ,"ŞCOALA PRIMARĂ CĂLACEA",488,ORŢIŞOARA,158010,1,PROV,PRCNCT,CD,CD_SV,"2021-01-21 12:30:02",629,603,26,0,166,140,26,0,700,534,159,4,3,15,26,15,6,54,3,0,1,0,18,14,0,0,0,0,1,2,0,0,0,0,0,1,1,0,0,0,0,1,0,1
37,TIMIŞ,"ŞCOALA PRIMARĂ CORNEŞTI",489,ORŢIŞOARA,158010,1,PROV,PRCNCT,CD,CD_SV,"2021-01-21 12:30:02",613,557,53,3,201,145,53,3,600,399,194,3,4,16,33,53,9,36,4,3,2,1,27,1,1,2,1,0,0,0,0,0,0,0,2,0,0,0,0,0,1,1,0,1
37,TIMIŞ,"CĂMINUL CULTURAL SECEANI",490,ORŢIŞOARA,158010,1,PROV,PRCNCT,CD,CD_SV,"2021-01-21 12:30:02",485,458,27,0,141,114,27,0,500,359,141,0,0,8,36,21,4,41,1,0,0,2,17,4,0,2,2,0,0,0,0,0,0,0,1,0,1,0,0,0,0,0,1,0
37,TIMIŞ,"ȘCOALA GIMNAZIALĂ OTELEC",491,OTELEC,159525,1,PROV,PRCNCT,CD,CD_SV,"2021-01-21 12:30:02",675,655,20,0,164,144,20,0,800,636,161,1,2,10,20,12,14,9,76,0,1,1,9,1,0,7,0,0,1,0,0,0,0,0,0,0,0,0,0,0,0,0,0,0
37,TIMIŞ,"CĂMINUL CULTURAL IOHANISFELD",492,OTELEC,159525,1,PROV,PRCNCT,CD,CD_SV,"2021-01-21 12:30:02",866,854,12,0,173,161,12,0,900,727,172,0,1,11,20,32,46,17,2,2,1,2,4,32,1,0,0,0,0,0,0,0,0,0,0,0,0,1,0,0,1,0,0,0
37,TIMIŞ,"CĂMINUL CULTURAL PARŢA",493,PARŢA,159437,1,PROV,PRCNCT,CD,CD_SV,"2021-01-21 12:30:02",2047,1940,107,0,692,585,107,0,2100,1408,670,11,11,35,221,185,10,114,4,5,9,7,45,22,0,1,1,1,0,0,0,2,0,2,0,0,1,1,1,0,1,0,1,1
37,TIMIŞ,"CASA NAȚIONALĂ PĂDURENI",494,PĂDURENI,159446,1,PROV,PRCNCT,CD,CD_SV,"2021-01-21 12:30:02",1753,1627,86,40,595,469,86,40,1800,1205,569,13,13,20,280,95,13,71,3,6,3,6,51,9,0,3,0,0,1,0,0,0,0,1,0,2,0,0,2,1,0,0,0,2
37,TIMIŞ,"LICEUL TEORETIC PECIU NOU",495,"PECIU NOU",158065,1,PROV,PRCNCT,CD,CD_SV,"2021-01-21 12:30:02",1518,1497,21,0,297,276,21,0,1700,1403,295,1,1,9,75,66,7,66,2,7,2,1,44,1,1,5,0,0,1,0,0,0,0,4,0,2,1,0,0,1,0,0,0,0
37,TIMIŞ,"CĂMINUL CULTURAL PECIU NOU",496,"PECIU NOU",158065,1,PROV,PRCNCT,CD,CD_SV,"2021-01-21 12:30:02",1542,1483,59,0,400,341,59,0,1600,1200,391,5,4,18,124,87,11,85,4,2,6,0,35,5,1,1,0,0,0,0,0,2,0,8,0,0,1,0,1,0,0,0,0,0
37,TIMIŞ,"GRĂDINIȚA CU PROGRAM NORMAL DINIAȘ",497,"PECIU NOU",158065,2,PART,PRCNCT,CD,CD_SV,"2021-01-21 12:30:02",943,909,34,0,260,226,34,0,1000,740,251,4,5,8,61,39,3,47,0,0,30,1,19,0,3,4,0,0,1,0,0,1,0,29,0,1,0,0,1,0,1,0,0,2
37,TIMIŞ,"ŞCOALA PRIMARĂ SÂNMARTINU SÂRBESC",498,"PECIU NOU",158065,1,PROV,PRCNCT,CD,CD_SV,"2021-01-21 12:30:02",842,805,37,0,201,164,37,0,901,700,197,4,0,8,61,18,9,44,1,4,7,1,10,3,2,0,0,0,0,0,0,0,0,25,0,0,2,0,0,1,0,1,0,0
37,TIMIŞ,"LICEUL TEORETIC PERIAM",499,PERIAM,158109,1,PROV,PRCNCT,CD,CD_SV,"2021-01-21 12:30:02",1440,1423,16,1,331,314,16,1,1600,1269,321,8,2,8,64,45,12,75,2,1,0,3,94,4,1,1,0,1,1,0,0,0,0,1,0,0,0,2,0,1,0,1,1,3
37,TIMIŞ,"LICEUL TEORETIC PERIAM",500,PERIAM,158109,1,PROV,PRCNCT,CD,CD_SV,"2021-01-21 12:30:02",1554,1512,31,11,430,388,31,11,1700,1270,419,6,5,11,68,87,17,128,2,1,4,1,73,8,7,5,1,0,0,0,1,0,0,2,0,1,0,0,0,0,0,0,1,1
37,TIMIŞ,"CASA DE CULTURĂ",501,PERIAM,158109,1,PROV,PRCNCT,CD,CD_SV,"2021-01-21 12:30:02",1226,1184,15,27,255,213,15,27,1300,1045,247,6,2,11,57,20,8,93,2,6,1,0,34,4,0,3,1,0,0,0,0,0,0,1,1,1,0,1,1,1,0,0,0,1
37,TIMIŞ,"BIBLIOTECA COMUNALĂ PESAC",502,PESAC,159507,1,PROV,PRCNCT,CD,CD_SV,"2021-01-21 12:30:02",925,906,19,0,231,212,19,0,1000,769,222,6,3,5,34,23,9,114,0,1,0,3,24,0,1,1,0,0,1,0,0,0,0,0,0,0,1,1,0,0,1,1,0,2
37,TIMIŞ,"ȘCOALA GIMNAZIALĂ „MARIA BRINDEA”",503,PESAC,159507,1,PROV,PRCNCT,CD,CD_SV,"2021-01-21 12:30:02",936,922,14,0,184,170,14,0,1003,819,170,7,7,5,15,7,7,48,3,3,1,3,62,4,0,1,1,2,1,0,0,0,0,0,0,0,0,4,2,1,0,0,0,0
37,TIMIŞ,"GRĂDINIȚA CU PROGRAM NORMAL PIETROASA",504,PIETROASA,158136,1,PROV,PRCNCT,CD,CD_SV,"2021-01-21 12:30:02",295,269,26,0,173,147,26,0,300,127,168,1,4,4,58,8,32,34,1,1,4,2,8,14,0,0,0,0,0,0,0,0,0,0,0,1,0,0,0,0,0,0,0,1
37,TIMIŞ,"GRĂDINIȚA CU PROGRAM NORMAL CRIVINA DE SUS",505,PIETROASA,158136,1,PROV,PRCNCT,CD,CD_SV,"2021-01-21 12:30:02",196,170,26,0,116,90,26,0,200,84,111,3,2,1,17,5,25,33,0,3,7,1,10,4,0,3,0,0,0,0,0,0,0,0,1,0,1,0,0,0,0,0,0,0
37,TIMIŞ,"ȘCOALA PRIMARĂ FĂRĂŞEŞTI",506,PIETROASA,158136,1,PROV,PRCNCT,CD,CD_SV,"2021-01-21 12:30:02",189,179,10,0,91,81,10,0,200,109,84,4,3,2,17,5,20,27,1,0,5,1,1,5,0,0,0,0,0,0,0,0,0,0,0,0,0,0,0,0,0,0,0,0
37,TIMIŞ,"ȘCOALA PRIMARĂ POIENI",507,PIETROASA,158136,2,PART,PRCNCT,CD,CD_SV,"2021-01-21 12:30:02",239,224,15,0,165,150,15,0,300,135,158,3,4,4,49,1,4,68,0,0,1,0,13,15,0,1,0,0,1,0,0,0,0,1,0,0,0,0,0,0,0,0,0,0
37,TIMIŞ,"ȘCOALA GIMNAZIALĂ PIŞCHIA",508,PIŞCHIA,158181,1,PROV,PRCNCT,CD,CD_SV,"2021-01-21 12:30:02",1167,1104,63,0,315,252,63,0,1200,885,311,1,3,24,121,39,5,85,3,1,3,0,22,2,0,4,0,0,0,1,0,0,0,0,0,0,1,0,0,0,0,0,0,0
37,TIMIŞ,"GRĂDINIȚA CU P.N. BENCECU DE JOS",509,PIŞCHIA,158181,1,PROV,PRCNCT,CD,CD_SV,"2021-01-21 12:30:02",354,329,23,2,97,72,23,2,398,301,96,1,0,4,36,11,4,18,1,3,1,1,7,1,0,1,1,0,0,5,0,1,0,1,0,0,0,0,0,0,0,0,0,0
37,TIMIŞ,"ȘCOALA GIMNAZIALĂ BENCECU DE SUS",510,PIŞCHIA,158181,1,PROV,PRCNCT,CD,CD_SV,"2021-01-21 12:30:02",807,781,26,0,169,143,26,0,900,731,166,1,2,12,40,10,9,32,2,1,0,2,43,2,0,0,0,0,0,9,0,0,0,1,0,0,1,0,1,0,0,1,0,0
37,TIMIŞ,"GRĂDINIȚA CU P.N.MURANI NR.383",511,PIŞCHIA,158181,1,PROV,PRCNCT,CD,CD_SV,"2021-01-21 12:30:02",547,493,54,0,204,150,54,0,600,396,201,2,1,34,50,33,5,46,3,2,0,1,19,2,3,1,0,0,0,1,0,0,0,0,0,0,0,1,0,0,0,0,0,0
37,TIMIŞ,"ŞCOALA GIMNAZIALĂ RACOVIŢA",512,RACOVIŢA,158243,1,PROV,PRCNCT,CD,CD_SV,"2021-01-21 12:30:02",707,662,45,0,220,175,45,0,700,480,219,0,1,20,52,30,17,69,1,3,1,0,10,5,0,1,0,0,0,0,0,6,0,1,0,0,0,0,1,1,0,0,0,1
37,TIMIŞ,"ŞCOALA PRIMARĂ CĂPĂT",513,RACOVIŢA,158243,1,PROV,PRCNCT,CD,CD_SV,"2021-01-21 12:30:02",223,200,23,0,79,56,23,0,300,221,78,0,1,3,7,5,2,29,1,1,0,1,25,2,0,1,0,0,0,0,0,1,0,0,0,0,0,0,0,0,0,0,0,0
37,TIMIŞ,"ŞCOALA PRIMARĂ DRĂGOIEȘTI",514,RACOVIŢA,158243,1,PROV,PRCNCT,CD,CD_SV,"2021-01-21 12:30:02",346,320,25,1,103,77,25,1,400,297,96,2,5,4,15,17,3,34,1,2,0,0,17,0,0,1,0,0,0,0,0,0,0,0,0,0,0,0,1,0,0,1,0,0
37,TIMIŞ,"ŞCOALA PRIMARĂ FICĂTAR",515,RACOVIŢA,158243,1,PROV,PRCNCT,CD,CD_SV,"2021-01-21 12:30:02",332,313,19,0,76,57,19,0,400,324,73,1,2,5,12,8,3,24,1,0,0,0,11,1,0,1,0,0,1,0,1,3,0,0,0,0,0,1,1,0,0,0,0,0
37,TIMIŞ,"ŞCOALA GIMNAZIALĂ HITIAŞ",516,RACOVIŢA,158243,1,PROV,PRCNCT,CD,CD_SV,"2021-01-21 12:30:02",724,674,50,0,292,242,50,0,700,408,288,2,2,29,40,42,13,117,1,4,1,2,25,1,1,5,2,2,0,0,0,1,0,0,0,0,0,0,0,0,0,1,1,0
37,TIMIŞ,"ŞCOALA PRIMARĂ SÂRBOVA",517,RACOVIŢA,158243,1,PROV,PRCNCT,CD,CD_SV,"2021-01-21 12:30:02",256,237,19,0,89,70,19,0,300,211,84,5,0,2,15,13,12,27,1,0,0,1,4,2,1,1,0,0,0,0,0,3,0,0,0,1,0,0,0,1,0,0,0,0
37,TIMIŞ,"ŞCOALA GIMNAZIALA REMETEA MARE",518,"REMETEA MARE",158396,2,PART,PRCNCT,CD,CD_SV,"2021-01-21 12:30:02",1543,1464,76,3,471,392,76,3,1600,1129,464,3,4,23,153,111,26,93,7,5,0,3,24,7,3,4,0,0,1,0,0,0,1,0,0,0,0,1,1,0,1,0,0,0
37,TIMIŞ,"ŞCOALA PRIMARA IANOVA",519,"REMETEA MARE",158396,1,PROV,PRCNCT,CD,CD_SV,"2021-01-21 12:30:02",897,844,53,0,269,216,53,0,900,631,262,4,3,14,66,90,6,56,3,0,0,0,18,3,0,3,0,0,0,0,0,0,0,1,0,1,0,0,0,0,0,0,0,1
37,TIMIŞ,"SCOALA GIMNAZIALA SACOSU TURCESC",520,"SACOŞU TURCESC",158449,1,PROV,PRCNCT,CD,CD_SV,"2021-01-21 12:30:02",853,788,65,0,283,218,65,0,899,616,278,3,2,64,88,48,8,33,3,1,2,1,9,9,4,3,0,0,1,0,0,0,0,1,0,0,2,0,0,0,0,0,0,1
37,TIMIŞ,"ŞCOALA PRIMARA BERINI",521,"SACOŞU TURCESC",158449,1,PROV,PRCNCT,CD,CD_SV,"2021-01-21 12:30:02",470,413,57,0,130,73,57,0,500,370,126,4,0,8,35,36,12,20,2,2,0,2,6,2,0,1,0,0,0,0,0,0,0,0,0,0,0,0,0,0,0,0,0,0
37,TIMIŞ,"CLADIREA COMUNEI SACOSU TURCESC ( FOSTA SCOALA PRIMARA ICLODA )",522,"SACOŞU TURCESC",158449,1,PROV,PRCNCT,CD,CD_SV,"2021-01-21 12:30:02",256,223,32,1,86,53,32,1,300,214,86,0,0,2,27,26,4,7,1,1,0,0,9,2,3,1,0,0,0,0,0,0,0,0,0,0,0,1,0,0,0,0,1,1
37,TIMIŞ,"ŞCOALA PRIMARA OTVESTI",523,"SACOŞU TURCESC",158449,1,PROV,PRCNCT,CD,CD_SV,"2021-01-21 12:30:02",315,287,28,0,110,82,28,0,300,190,108,2,0,7,20,18,2,7,41,0,0,0,7,2,0,0,0,0,0,0,0,0,0,0,0,1,0,0,2,0,0,0,0,1
37,TIMIŞ,"CLADIREA COMUNEI SACOSU TURCESC ( FOSTA SCOALA PRIMARA STAMORA ROMANA )",524,"SACOŞU TURCESC",158449,1,PROV,PRCNCT,CD,CD_SV,"2021-01-21 12:30:02",270,223,47,0,103,56,47,0,300,197,101,0,2,6,31,12,6,25,2,2,2,1,8,1,0,2,0,0,0,0,0,0,0,0,0,2,0,0,0,0,0,0,1,0
37,TIMIŞ,"ŞCOALA GIMNAZIALA ULIUC",525,"SACOŞU TURCESC",158449,1,PROV,PRCNCT,CD,CD_SV,"2021-01-21 12:30:02",623,586,37,0,137,100,37,0,600,463,131,6,0,8,32,22,8,29,1,1,1,1,20,0,1,1,0,1,0,0,0,0,0,1,0,1,1,0,0,1,0,1,0,0
37,TIMIŞ,"CAMIN CULTURAL UNIP",526,"SACOŞU TURCESC",158449,1,PROV,PRCNCT,CD,CD_SV,"2021-01-21 12:30:02",203,187,16,0,66,50,16,0,200,134,66,0,0,5,15,6,0,10,1,2,0,0,19,2,1,3,0,1,0,0,0,0,0,0,0,0,0,0,0,0,0,0,1,0
37,TIMIŞ,"SALA PRIMARIEI NR. 167B, SARAVALE",527,SARAVALE,159455,1,PROV,PRCNCT,CD,CD_SV,"2021-01-21 12:30:02",1255,1233,18,4,310,288,18,4,1300,990,284,17,9,12,34,23,23,105,0,1,1,1,63,3,0,2,0,0,1,1,0,0,0,6,0,2,3,0,2,0,0,0,1,0
37,TIMIŞ,"CAMINUL CULTURAL NR. 673, SARAVALE",528,SARAVALE,159455,1,PROV,PRCNCT,CD,CD_SV,"2021-01-21 12:30:02",927,900,13,14,251,224,13,14,1000,749,243,4,4,12,23,33,12,97,1,1,1,2,44,5,2,2,0,0,0,0,0,1,0,2,0,0,1,2,1,0,0,0,1,0
37,TIMIŞ,"SCOALA GIMNAZIALA SATCHINEZ",529,SATCHINEZ,158528,1,PROV,PRCNCT,CD,CD_SV,"2021-01-21 12:30:02",1192,1164,28,0,262,234,28,0,1300,1038,259,1,2,16,80,29,13,47,1,5,0,4,49,5,2,3,0,0,0,2,0,0,0,1,0,0,1,0,0,1,0,0,0,0
37,TIMIŞ,"SCOALA GIMNAZIALA SATCHINEZ",530,SATCHINEZ,158528,1,PROV,PRCNCT,CD,CD_SV,"2021-01-21 12:30:02",1353,1338,15,0,255,240,15,0,1500,1245,246,6,3,14,80,29,11,42,3,2,2,5,42,5,0,3,1,0,1,1,0,0,0,1,0,0,0,3,0,0,0,0,1,0
37,TIMIŞ,"ȘCOALA PRIMARĂ BĂRĂTEAZ",531,SATCHINEZ,158528,1,PROV,PRCNCT,CD,CD_SV,"2021-01-21 12:30:02",573,557,16,0,142,126,16,0,600,458,139,3,0,9,37,17,9,20,2,0,0,2,33,4,1,2,0,0,1,0,0,0,0,0,0,1,0,0,0,0,0,0,1,0
37,TIMIŞ,"SCOALA GIMNAZIALA HODONI",532,SATCHINEZ,158528,2,PART,PRCNCT,CD,CD_SV,"2021-01-21 12:30:02",1008,990,18,0,257,239,18,0,1000,743,252,0,5,9,87,34,11,38,3,4,2,2,50,3,1,3,0,0,1,0,0,1,0,0,0,0,0,1,1,0,0,0,0,1
37,TIMIŞ,"ŞCOALA GIMNAZIALĂ COMUNA SĂCĂLAZ",533,SĂCĂLAZ,158564,1,PROV,PRCNCT,CD,CD_SV,"2021-01-21 12:30:02",1975,1895,80,0,598,518,80,0,2000,1402,593,4,1,65,123,204,28,77,6,2,8,3,53,3,3,6,2,0,0,3,0,0,0,3,0,0,2,0,0,0,0,1,0,1
37,TIMIŞ,"ŞCOALA GIMNAZIALĂ COMUNA SĂCĂLAZ",534,SĂCĂLAZ,158564,2,PART,PRCNCT,CD,CD_SV,"2021-01-21 12:30:02",1892,1850,41,1,409,367,41,1,2000,1591,404,3,2,58,91,81,10,86,4,3,7,1,28,13,2,13,1,1,0,1,0,0,0,1,0,0,0,1,0,0,1,0,1,0
37,TIMIŞ,"CĂMINUL CULTURAL SĂCĂLAZ",535,SĂCĂLAZ,158564,1,PROV,PRCNCT,CD,CD_SV,"2021-01-21 12:30:02",2030,1948,82,0,485,403,82,0,2100,1615,475,9,1,71,85,107,27,84,0,2,12,3,48,10,0,11,0,0,1,1,0,0,0,1,0,0,2,0,0,0,0,0,9,1
37,TIMIŞ,"CĂMINUL CULTURAL BEREGSĂU MARE",536,SĂCĂLAZ,158564,1,PROV,PRCNCT,CD,CD_SV,"2021-01-21 12:30:02",1941,1869,71,1,528,456,71,1,2100,1572,523,4,1,101,128,68,72,59,4,7,13,1,51,8,0,4,0,1,0,0,0,0,0,0,0,1,0,0,0,0,0,0,2,3
37,TIMIŞ,"CĂMINUL CULTURAL BEREGSĂU MIC",537,SĂCĂLAZ,158564,1,PROV,PRCNCT,CD,CD_SV,"2021-01-21 12:30:02",795,772,23,0,201,178,23,0,900,699,195,6,0,17,38,39,8,33,14,1,3,1,26,2,1,1,0,0,0,0,0,0,1,8,1,0,0,1,0,0,0,0,0,0
37,TIMIŞ,"CĂMINUL CULTURAL SÂNANDREI",538,SÂNANDREI,158653,1,PROV,PRCNCT,CD,CD_SV,"2021-01-21 12:30:02",2066,1957,109,0,645,536,109,0,2100,1455,632,9,4,27,172,247,21,78,10,2,7,5,36,8,7,7,0,0,0,0,0,0,0,1,0,0,1,0,0,0,0,1,0,2
37,TIMIŞ,"ŞCOALA GIMNAZIALĂ SÂNANDREI",539,SÂNANDREI,158653,1,PROV,PRCNCT,CD,CD_SV,"2021-01-21 12:30:02",1853,1804,49,0,443,394,49,0,2000,1557,433,7,3,25,130,109,22,74,8,0,6,3,26,10,2,7,0,0,2,1,0,0,0,1,0,3,0,0,0,0,1,1,0,2
37,TIMIŞ,"CĂMINUL CULTURAL CARANI",540,SÂNANDREI,158653,1,PROV,PRCNCT,CD,CD_SV,"2021-01-21 12:30:02",1753,1708,44,1,445,400,44,1,1900,1455,440,1,4,23,127,91,26,74,2,8,4,2,58,5,9,3,0,0,3,1,0,0,0,1,1,1,0,0,0,0,0,0,0,1
37,TIMIŞ,"ŞCOALA PRIMARĂ COVACI",541,SÂNANDREI,158653,1,PROV,PRCNCT,CD,CD_SV,"2021-01-21 12:30:02",881,793,88,0,358,270,88,0,900,542,349,6,3,11,155,70,10,43,4,1,4,1,36,2,3,1,0,0,1,1,0,0,0,1,0,1,1,1,0,0,0,0,1,1
37,TIMIŞ,"PRIMĂRIA SÂNMIHAIU ROMÂN",542,"SÂNMIHAIU ROMÂN",158699,1,PROV,PRCNCT,CD,CD_SV,"2021-01-21 12:30:02",1722,1646,76,0,540,464,76,0,1800,1260,530,5,5,25,109,183,19,98,8,2,11,1,31,18,5,4,0,0,2,3,0,2,0,4,1,0,1,0,0,0,1,0,0,2
37,TIMIŞ,"ȘCOALA GIMNAZIALĂ SÂNMIHAIU ROMÂN",543,"SÂNMIHAIU ROMÂN",158699,1,PROV,PRCNCT,CD,CD_SV,"2021-01-21 12:30:02",1728,1659,69,0,550,481,69,0,1800,1250,544,6,0,56,135,163,11,97,11,0,9,1,35,11,2,6,0,0,0,2,0,0,0,2,1,0,0,0,0,0,0,0,1,1
37,TIMIŞ,"ŞCOALA PRIMARĂ SÂNMIHAIU GERMAN",544,"SÂNMIHAIU ROMÂN",158699,1,PROV,PRCNCT,CD,CD_SV,"2021-01-21 12:30:02",911,876,35,0,238,203,35,0,1000,762,238,0,0,56,36,54,10,49,1,1,2,0,12,8,0,2,0,0,0,1,0,0,1,1,0,3,0,0,1,0,0,0,0,0
37,TIMIŞ,"GRĂDINIŢA PN UTVIN",545,"SÂNMIHAIU ROMÂN",158699,1,PROV,PRCNCT,CD,CD_SV,"2021-01-21 12:30:02",1238,1201,34,3,391,354,34,3,1300,909,385,4,2,22,86,104,16,84,8,1,6,1,36,9,2,1,0,0,1,1,0,0,0,3,1,0,1,0,0,1,0,0,1,0
37,TIMIŞ,"ȘCOALA GIMNAZIALĂ UTVIN",546,"SÂNMIHAIU ROMÂN",158699,1,PROV,PRCNCT,CD,CD_SV,"2021-01-21 12:30:02",1480,1388,90,2,512,420,90,2,1500,988,506,5,1,68,115,122,12,74,5,5,9,0,48,23,4,5,1,0,0,7,0,0,2,1,0,2,1,0,0,0,0,1,0,1
37,TIMIŞ,"PRIMĂRIA COMUNEI SÂNPETRU MARE",547,"SÂNPETRU MARE",158733,1,PROV,PRCNCT,CD,CD_SV,"2021-01-21 12:30:02",998,976,22,0,211,189,22,0,1100,889,203,5,3,3,35,10,15,46,2,0,0,0,55,1,0,1,0,0,0,0,0,0,0,29,0,0,0,1,1,0,0,1,1,2
37,TIMIŞ,"PRIMĂRIA COMUNEI SÂNPETRU MARE",548,"SÂNPETRU MARE",158733,1,PROV,PRCNCT,CD,CD_SV,"2021-01-21 12:30:02",874,856,18,0,183,165,18,0,1000,817,177,2,4,8,29,25,9,30,1,1,0,0,29,0,0,0,0,0,1,0,0,0,0,39,1,0,1,0,0,0,0,0,2,1
37,TIMIŞ,"ŞCOALA GIMNAZIALĂ ACADEMICIAN PROFESOR DOCTOR MUNTEANU IOAN IGRIȘ",549,"SÂNPETRU MARE",158733,2,PART,PRCNCT,CD,CD_SV,"2021-01-21 12:30:02",1001,960,41,0,234,193,41,0,1000,766,226,3,5,9,33,35,2,76,3,3,0,0,44,6,0,3,0,0,0,0,0,0,0,9,0,0,1,0,0,0,0,0,2,0
37,TIMIŞ,"SEDIUL PRIMĂRIEI SECAŞ",550,SECAŞ,158608,1,PROV,PRCNCT,CD,CD_SV,"2021-01-21 12:30:02",262,230,32,0,103,71,32,0,310,207,96,4,3,1,65,4,3,13,2,0,0,0,2,2,0,1,0,0,0,0,0,0,0,3,0,0,0,0,0,0,0,0,0,0
37,TIMIŞ,"CĂMINUL CULTURAL CRIVOBARA",551,SECAŞ,158608,2,PART,PRCNCT,CD,CD_SV,"2021-01-21 12:30:02",119,70,49,0,69,20,49,0,100,31,67,0,2,3,31,11,2,13,1,1,0,1,3,0,0,0,0,0,0,0,0,0,0,1,0,0,0,0,0,0,0,0,0,0
37,TIMIŞ,"CASA NATIONALA MIHAI VITEAZU",552,ŞAG,158779,1,PROV,PRCNCT,CD,CD_SV,"2021-01-21 12:30:02",1971,1817,144,10,727,573,144,10,1900,1173,714,11,2,27,137,191,22,199,23,2,2,1,43,7,2,8,0,0,1,27,0,1,0,3,4,3,0,0,1,1,0,5,2,2
37,TIMIŞ,"CASA NATIONALA MIHAI VITEAZUL",553,ŞAG,158779,3,PART,PRCNCT,CD,CD_SV,"2021-01-21 12:30:02",1956,1807,127,22,744,595,127,22,1900,1156,727,15,1,43,159,167,15,180,38,1,10,2,46,5,2,14,0,0,0,31,0,0,0,6,1,0,0,0,0,0,0,3,0,4
37,TIMIŞ,"SCOALA GIMNAZIALA SANDRA",554,ŞANDRA,159464,1,PROV,PRCNCT,CD,CD_SV,"2021-01-21 12:30:02",1242,1197,43,2,364,319,43,2,1300,936,351,7,6,27,112,54,9,60,2,2,2,5,62,4,4,2,0,0,1,0,0,0,0,1,1,0,0,0,2,0,0,1,0,0
37,TIMIŞ,"SCOALA GIMNAZIALA SANDRA",555,ŞANDRA,159464,1,PROV,PRCNCT,CD,CD_SV,"2021-01-21 12:30:02",896,867,29,0,284,255,29,0,1000,716,266,11,7,18,100,41,3,33,2,1,2,2,53,0,1,0,0,0,2,0,0,0,0,0,0,0,0,0,0,0,0,1,4,3
37,TIMIŞ,"ŞCOALA PRIMARA UIHEI",556,ŞANDRA,159464,1,PROV,PRCNCT,CD,CD_SV,"2021-01-21 12:30:02",496,471,24,1,167,142,24,1,497,330,160,3,4,12,77,9,0,6,1,1,12,4,33,1,2,0,1,0,1,0,0,0,0,0,0,0,0,0,0,0,0,0,0,0
37,TIMIŞ,"CĂMINUL CULTURAL ŞTIUCA",557,ŞTIUCA,158804,1,PROV,PRCNCT,CD,CD_SV,"2021-01-21 12:30:02",953,902,51,0,376,325,51,0,1000,624,368,5,3,93,113,10,2,33,2,1,12,1,60,4,4,1,0,0,0,0,1,27,0,0,0,0,2,0,0,1,0,0,1,0
37,TIMIŞ,"ŞCOALA PRIMARĂ DRAGOMIREŞTI",558,ŞTIUCA,158804,1,PROV,PRCNCT,CD,CD_SV,"2021-01-21 12:30:02",315,306,9,0,95,86,9,0,400,305,91,1,3,10,14,4,1,19,1,0,2,0,21,2,7,0,0,0,0,0,0,9,0,0,0,0,0,0,0,0,0,0,1,0
37,TIMIŞ,"CĂMINUL CULTURAL OLOŞAG",559,ŞTIUCA,158804,1,PROV,PRCNCT,CD,CD_SV,"2021-01-21 12:30:02",332,286,46,0,131,85,46,0,299,168,127,2,2,20,42,10,4,27,1,2,0,0,13,0,0,1,0,0,0,0,0,2,0,0,0,0,1,0,1,1,0,0,2,0
37,TIMIŞ,"CĂMINUL CULTURAL ZGRIBEŞTI",560,ŞTIUCA,158804,1,PROV,PRCNCT,CD,CD_SV,"2021-01-21 12:30:02",205,187,18,0,76,58,18,0,199,123,75,0,1,15,24,1,0,20,0,1,0,1,11,1,0,0,0,0,0,0,0,1,0,0,0,0,0,0,0,0,0,0,0,0
37,TIMIŞ,"ȘCOALA GIMNAZIALĂ TEREMIA MARE",561,"TEREMIA MARE",158859,1,PROV,PRCNCT,CD,CD_SV,"2021-01-21 12:30:02",1152,1139,12,1,208,195,12,1,1300,1092,204,4,0,7,71,13,7,41,11,3,2,2,31,0,2,1,0,0,0,0,0,0,0,0,0,2,0,2,1,1,0,0,3,4
37,TIMIŞ,"ȘCOALA GIMNAZIALĂ TEREMIA MARE",562,"TEREMIA MARE",158859,1,PROV,PRCNCT,CD,CD_SV,"2021-01-21 12:30:02",1154,1144,7,3,241,231,7,3,1200,959,236,5,0,23,89,24,13,34,5,3,0,3,34,1,2,0,0,1,0,0,0,1,1,0,0,0,0,0,1,1,0,0,0,0
37,TIMIŞ,"ȘCOALA PRIMARĂ NERĂU",563,"TEREMIA MARE",158859,1,PROV,PRCNCT,CD,CD_SV,"2021-01-21 12:30:02",928,905,23,0,243,220,23,0,1000,757,236,4,3,14,55,15,8,17,2,0,3,3,91,2,1,2,0,0,2,0,0,0,0,0,1,0,3,0,1,1,0,2,9,4
37,TIMIŞ,"ŞCOALA PRIMARA TEREMIA MICĂ",564,"TEREMIA MARE",158859,1,PROV,PRCNCT,CD,CD_SV,"2021-01-21 12:30:02",579,565,14,0,114,100,14,0,600,486,112,0,2,20,34,2,3,16,2,4,0,1,26,0,0,1,0,0,0,0,0,0,0,0,0,0,1,0,1,0,0,0,1,0
37,TIMIŞ,"CASA DE CULTURĂ COLONIA FABRICII",565,TOMEŞTI,158895,1,PROV,PRCNCT,CD,CD_SV,"2021-01-21 12:30:02",660,638,22,0,196,174,22,0,700,504,189,3,4,16,51,10,15,55,3,5,2,1,12,15,0,1,0,0,1,0,0,0,0,0,0,1,0,0,0,0,0,0,1,0
37,TIMIŞ,"CĂMINUL CULTURAL BALOȘEȘTI",566,TOMEŞTI,158895,1,PROV,PRCNCT,CD,CD_SV,"2021-01-21 12:30:02",121,108,13,0,64,51,13,0,200,136,59,2,3,4,22,13,1,10,0,0,0,0,5,2,0,0,1,0,0,0,0,0,0,0,0,0,0,0,0,0,0,1,0,0
37,TIMIŞ,"CĂMINUL CULTURAL LUNCANII DE JOS",567,TOMEŞTI,158895,1,PROV,PRCNCT,CD,CD_SV,"2021-01-21 12:30:02",302,279,23,0,144,121,23,0,300,156,135,7,2,9,63,4,2,35,1,0,0,1,9,10,0,0,0,0,0,0,0,0,0,0,0,0,0,1,0,0,0,0,0,0
37,TIMIŞ,"CĂMINUL CULTURAL ROMÂNEŞTI",568,TOMEŞTI,158895,2,PART,PRCNCT,CD,CD_SV,"2021-01-21 12:30:02",438,411,27,0,146,119,27,0,500,354,135,8,3,12,38,9,6,44,2,1,1,2,8,10,0,0,0,0,0,0,0,0,0,0,1,0,1,0,0,0,0,0,0,0
37,TIMIŞ,"GRĂDINIȚA CU PROGRAM NORMAL TOMEŞTI",569,TOMEŞTI,158895,1,PROV,PRCNCT,CD,CD_SV,"2021-01-21 12:30:02",283,270,13,0,134,121,13,0,300,166,131,2,1,10,57,8,9,28,1,3,4,1,7,2,1,0,0,0,0,0,0,0,0,0,0,0,0,0,0,0,0,0,0,0
37,TIMIŞ,"PRIMARIA COMUNEI TOMNATIC , CORP A",570,TOMNATIC,159473,1,PROV,PRCNCT,CD,CD_SV,"2021-01-21 12:30:02",1698,1682,14,2,360,344,14,2,1900,1540,340,8,12,11,49,38,5,126,9,2,2,3,63,4,0,3,0,1,1,0,0,0,0,0,0,0,1,2,0,0,0,1,0,19
37,TIMIŞ,"PRIMARIA COMUNEI TOMNATIC , CORP B",571,TOMNATIC,159473,1,PROV,PRCNCT,CD,CD_SV,"2021-01-21 12:30:02",1387,1370,14,3,296,279,14,3,1500,1204,273,13,10,3,42,25,4,129,2,0,1,0,46,3,1,3,1,0,0,0,0,0,0,0,0,0,1,0,0,0,0,2,2,8
37,TIMIŞ,"PRIMĂRIA TOPOLOVĂŢU MARE",572,"TOPOLOVĂŢU MARE",158966,1,PROV,PRCNCT,CD,CD_SV,"2021-01-21 12:30:02",990,943,47,0,243,196,47,0,1000,757,237,3,3,14,78,35,7,49,2,3,1,3,28,1,0,8,0,0,3,1,0,0,2,0,0,0,0,0,1,0,0,1,0,0
37,TIMIŞ,"CĂMINUL CULTURAL CRALOVĂŢ",573,"TOPOLOVĂŢU MARE",158966,1,PROV,PRCNCT,CD,CD_SV,"2021-01-21 12:30:02",120,85,35,0,49,14,35,0,100,51,47,2,0,1,10,8,2,10,1,0,0,0,5,0,0,1,0,0,0,0,0,0,0,8,0,0,0,0,0,0,0,0,0,1
37,TIMIŞ,"CLADIREA COMUNEI TOPOLOVATU MARE (SEDIUL FOSTULUI CAP ICTAR - BUDINŢI)",574,"TOPOLOVĂŢU MARE",158966,1,PROV,PRCNCT,CD,CD_SV,"2021-01-21 12:30:02",380,333,47,0,137,90,47,0,400,263,137,0,0,3,60,24,4,13,2,4,8,0,10,0,0,8,0,0,0,0,0,0,0,0,0,0,1,0,0,0,0,0,0,0
37,TIMIŞ,"SCOALA PRIMARĂ IOSIFALĂU",575,"TOPOLOVĂŢU MARE",158966,1,PROV,PRCNCT,CD,CD_SV,"2021-01-21 12:30:02",459,437,22,0,92,70,22,0,500,408,88,3,1,6,29,8,3,8,2,0,0,1,22,4,0,3,0,0,1,0,0,0,0,0,0,0,1,0,0,0,0,0,0,0
37,TIMIŞ,"CĂMINUL CULTURAL ŞUŞTRA",576,"TOPOLOVĂŢU MARE",158966,1,PROV,PRCNCT,CD,CD_SV,"2021-01-21 12:30:02",365,334,31,0,94,63,31,0,400,306,94,0,0,3,28,24,3,18,1,0,0,0,10,1,1,4,0,0,0,0,0,0,0,0,0,0,0,0,0,0,0,0,1,0
37,TIMIŞ,"CĂMINUL CULTURAL TORMAC",577,TORMAC,159035,1,PROV,PRCNCT,CD,CD_SV,"2021-01-21 12:30:02",1439,1395,37,7,368,324,37,7,1500,1132,358,3,7,1,117,33,4,38,128,0,0,4,22,2,1,3,1,0,0,0,0,0,0,0,0,1,0,0,2,0,0,0,0,1
37,TIMIŞ,"CĂMINUL CULTURAL CADAR",578,TORMAC,159035,1,PROV,PRCNCT,CD,CD_SV,"2021-01-21 12:30:02",261,221,35,5,108,68,35,5,300,192,104,3,1,6,38,9,3,31,1,0,1,1,4,7,2,1,0,0,0,0,0,0,0,0,0,0,0,0,0,0,0,0,0,0
37,TIMIŞ,"CĂMINUL CULTURAL ŞIPET",579,TORMAC,159035,1,PROV,PRCNCT,CD,CD_SV,"2021-01-21 12:30:02",730,712,18,0,145,127,18,0,800,655,144,0,1,2,47,18,6,28,1,0,1,5,25,2,4,0,0,0,0,0,0,0,0,0,0,0,0,0,4,0,0,0,0,1
37,TIMIŞ,"TELECENTRUL ”TRAIAN VUIA” SUDRIAŞ",580,"TRAIAN VUIA",159071,1,PROV,PRCNCT,CD,CD_SV,"2021-01-21 12:30:02",714,650,55,9,240,176,55,9,700,460,233,3,4,16,25,9,11,122,2,2,3,3,24,5,1,3,0,1,0,0,0,0,0,0,1,0,0,1,1,1,0,0,2,0
37,TIMIŞ,"CĂMINUL CULTURAL SĂCENI",581,"TRAIAN VUIA",159071,1,PROV,PRCNCT,CD,CD_SV,"2021-01-21 12:30:02",186,176,10,0,71,61,10,0,200,129,70,1,0,4,8,5,4,24,4,1,0,2,11,4,0,1,0,0,1,0,0,0,0,0,0,0,0,0,1,0,0,0,0,0
37,TIMIŞ,"CĂMINUL CULTURAL SURDUCU MIC",582,"TRAIAN VUIA",159071,1,PROV,PRCNCT,CD,CD_SV,"2021-01-21 12:30:02",278,256,22,0,86,64,22,0,299,213,84,2,0,7,14,4,10,28,1,0,1,0,13,4,0,1,0,0,1,0,0,0,0,0,0,0,0,0,0,0,0,0,0,0
37,TIMIŞ,"GRĂDINIȚA CU PROGRAM NORMAL SUSANI",583,"TRAIAN VUIA",159071,2,PART,PRCNCT,CD,CD_SV,"2021-01-21 12:30:02",326,308,17,1,122,104,17,1,400,278,112,10,0,12,13,3,1,59,2,0,0,0,15,7,0,0,0,0,0,0,0,0,0,0,0,0,0,0,0,0,0,0,0,0
37,TIMIŞ,"CĂMINUL CULTURAL TRAIAN VUIA",584,"TRAIAN VUIA",159071,1,PROV,PRCNCT,CD,CD_SV,"2021-01-21 12:30:02",405,365,39,1,153,113,39,1,400,247,150,3,0,14,27,15,22,41,0,0,1,1,17,12,0,0,0,0,0,0,0,0,0,0,0,0,0,0,0,0,0,0,0,0
37,TIMIŞ,"CĂMINUL CULTURAL UIVAR",585,UIVAR,159142,1,PROV,PRCNCT,CD,CD_SV,"2021-01-21 12:30:02",1189,1163,25,1,231,205,25,1,1300,1069,222,3,6,13,50,16,7,61,2,2,6,3,42,12,1,2,1,0,1,1,0,0,0,1,0,1,0,0,0,0,0,0,0,0
37,TIMIŞ,"CĂMINUL CULTURAL PUSTINIŞ",586,UIVAR,159142,1,PROV,PRCNCT,CD,CD_SV,"2021-01-21 12:30:02",621,594,27,0,123,96,27,0,700,577,117,3,3,18,13,16,5,35,2,0,0,0,20,4,0,1,0,1,2,0,0,0,0,0,0,0,0,0,0,0,0,0,0,0
37,TIMIŞ,"CĂMINUL CULTURAL RĂUŢI",587,UIVAR,159142,1,PROV,PRCNCT,CD,CD_SV,"2021-01-21 12:30:02",519,508,11,0,121,110,11,0,600,479,116,3,2,9,18,21,11,13,12,1,2,1,20,0,0,2,1,0,1,0,0,0,0,1,1,0,2,0,0,0,0,0,0,0
37,TIMIŞ,"CĂMINUL CULTURAL SÂNMARTINU MAGHIAR",588,UIVAR,159142,1,PROV,PRCNCT,CD,CD_SV,"2021-01-21 12:30:02",244,235,9,0,65,56,9,0,300,235,65,0,0,8,16,8,4,8,12,1,2,0,4,0,0,0,0,0,1,0,0,0,0,1,0,0,0,0,0,0,0,0,0,0
37,TIMIŞ,"CĂMINUL CULTURAL VARIAŞ",589,VARIAŞ,159213,1,PROV,PRCNCT,CD,CD_SV,"2021-01-21 12:30:02",1844,1814,29,1,534,504,29,1,2000,1466,520,9,5,13,53,90,185,35,18,10,1,3,75,6,3,4,0,0,1,0,0,1,1,12,1,1,1,1,0,1,0,0,0,4
37,TIMIŞ,"ŞCOALA GIMNAZIALĂ VARIAŞ",590,VARIAŞ,159213,1,PROV,PRCNCT,CD,CD_SV,"2021-01-21 12:30:02",1871,1828,41,2,581,538,41,2,2000,1419,565,14,2,10,44,70,228,40,12,10,3,4,63,10,5,2,0,2,2,0,1,0,2,36,4,3,3,0,3,0,1,1,4,2
37,TIMIŞ,"ȘCOALA GIMNAZIALĂ GELU",591,VARIAŞ,159213,1,PROV,PRCNCT,CD,CD_SV,"2021-01-21 12:30:02",1245,1193,52,0,338,286,52,0,1300,962,332,3,3,3,42,26,98,51,6,5,2,2,61,5,0,0,0,0,1,0,0,6,0,13,0,1,1,1,1,1,0,1,3,2
37,TIMIŞ,"GRĂDINIŢA CU PROGRAM NORMAL SÂNPETRU MIC",592,VARIAŞ,159213,1,PROV,PRCNCT,CD,CD_SV,"2021-01-21 12:30:02",464,452,12,0,93,81,12,0,500,407,91,2,0,3,18,10,26,8,10,1,0,0,8,0,2,2,0,0,0,0,1,0,0,0,0,1,0,0,0,0,0,0,1,0
37,TIMIŞ,"PRIMARIA VĂLCANI",593,VĂLCANI,159482,1,PROV,PRCNCT,CD,CD_SV,"2021-01-21 12:30:02",1186,1134,14,38,384,332,14,38,1200,816,378,3,3,6,150,26,16,72,3,2,4,3,54,6,0,4,0,0,0,0,0,0,0,0,0,1,0,0,1,2,0,1,23,4
37,TIMIŞ,"CĂMINUL CULTURAL V.V DELAMARINA",594,"VICTOR VLAD DELAMARINA",159259,1,PROV,PRCNCT,CD,CD_SV,"2021-01-21 12:30:02",401,380,21,0,179,158,21,0,400,221,175,4,0,2,37,20,5,88,1,1,0,1,10,5,1,0,0,0,1,0,0,0,0,1,0,0,1,0,0,0,0,0,0,1
37,TIMIŞ,"CĂMINUL CULTURAL HERENDEŞTI",595,"VICTOR VLAD DELAMARINA",159259,1,PROV,PRCNCT,CD,CD_SV,"2021-01-21 12:30:02",410,374,36,0,168,132,36,0,400,232,166,2,0,8,46,18,6,42,3,4,0,1,23,4,1,3,0,0,0,0,0,7,0,0,0,0,0,0,0,0,0,0,0,0
37,TIMIŞ,"CĂMINUL CULTURAL HONORICI",596,"VICTOR VLAD DELAMARINA",159259,1,PROV,PRCNCT,CD,CD_SV,"2021-01-21 12:30:02",280,256,24,0,115,91,24,0,300,185,110,3,2,7,46,6,8,24,1,2,0,2,6,2,0,1,0,0,0,0,0,1,0,0,0,0,0,1,1,1,0,0,1,0
37,TIMIŞ,"CĂMINUL CULTURAL PĂDURENI",597,"VICTOR VLAD DELAMARINA",159259,1,PROV,PRCNCT,CD,CD_SV,"2021-01-21 12:30:02",159,138,20,1,74,53,20,1,200,126,72,2,0,13,20,1,0,23,2,2,0,0,3,2,0,0,0,0,0,0,0,6,0,0,0,0,0,0,0,0,0,0,0,0
37,TIMIŞ,"ŞCOALA GIMNAZIALĂ PETROASA MARE",598,"VICTOR VLAD DELAMARINA",159259,1,PROV,PRCNCT,CD,CD_SV,"2021-01-21 12:30:02",884,869,15,0,207,192,15,0,900,693,196,10,1,15,17,8,5,64,1,4,0,0,54,3,2,0,0,2,1,0,0,15,1,0,1,0,0,0,0,1,0,2,0,0
37,TIMIŞ,"ŞCOALA PRIMARĂ VISAG",599,"VICTOR VLAD DELAMARINA",159259,1,PROV,PRCNCT,CD,CD_SV,"2021-01-21 12:30:02",289,277,12,0,58,46,12,0,300,242,51,3,4,1,10,4,1,29,1,0,0,0,1,2,0,0,0,0,1,0,0,1,0,0,0,0,0,0,0,0,0,0,0,0
37,TIMIŞ,"PRIMĂRIA VOITEG",600,VOITEG,159339,1,PROV,PRCNCT,CD,CD_SV,"2021-01-21 12:30:02",1706,1655,50,1,445,394,50,1,1800,1355,437,4,4,14,127,64,34,109,4,3,18,6,38,3,2,4,2,1,0,1,0,0,0,1,0,1,0,0,1,0,0,1,3,0
37,TIMIŞ,"ŞCOALA PRIMARĂ FOLEA",601,VOITEG,159339,2,PART,PRCNCT,CD,CD_SV,"2021-01-21 12:30:02",387,371,16,0,90,74,16,0,400,310,88,1,1,6,25,15,1,19,0,0,0,0,10,1,0,5,0,0,1,2,0,0,0,0,0,0,0,0,0,1,0,0,1,1
