precinct_county_nce,precinct_county_name,precinct_name,precinct_nr,uat_name,uat_siruta,report_version,report_stage_code,report_type_scope_code,report_type_category_code,report_type_code,created_at,a,a1,a2,a3,b,b1,b2,b3,c,d,e,f,g,"UNIUNEA DEMOCRATĂ MAGHIARĂ DIN ROMÂNIA-voturi","PARTIDUL NAȚIONAL LIBERAL-voturi","PARTIDUL PRO ROMÂNIA-voturi","PARTIDUL MIȘCAREA POPULARĂ-voturi","PARTIDUL SOCIAL DEMOCRAT-voturi","ALIANȚA USR PLUS-voturi","PARTIDUL ECOLOGIST ROMÂN-voturi","ALIANȚA RENAȘTEREA NAȚIONALĂ-voturi","PARTIDUL PUTERII UMANISTE (SOCIAL-LIBERAL)-voturi","PARTIDUL VERDE-voturi","ALIANȚA PENTRU UNIREA ROMÂNILOR-voturi","PARTIDUL NOUA ROMÂNIE-voturi"
35,SUCEAVA,"PRIMĂRIA MUNICIPIULUI SUCEAVA",1,"MUNICIPIUL SUCEAVA",146263,1,PROV,PRCNCT,S,S_SV,"2021-01-21 12:30:02",1680,1638,40,2,551,509,40,2,1800,1249,543,7,1,0,132,21,63,128,129,9,5,15,1,36,4
35,SUCEAVA,"COLEGIUL NAŢIONAL ”PETRU RAREŞ” SALA A",2,"MUNICIPIUL SUCEAVA",146263,1,PROV,PRCNCT,S,S_SV,"2021-01-21 12:30:02",1690,1649,41,0,555,514,41,0,1800,1245,547,7,1,2,130,21,44,140,120,21,6,22,4,34,3
35,SUCEAVA,"COLEGIUL NAŢIONAL ”PETRU RAREŞ” SALA B",3,"MUNICIPIUL SUCEAVA",146263,1,PROV,PRCNCT,S,S_SV,"2021-01-21 12:30:02",1696,1671,25,0,457,432,25,0,1800,1343,451,5,1,1,89,22,53,131,71,6,8,29,3,33,5
35,SUCEAVA,"COLEGIUL NAŢIONAL ”ŞTEFAN CEL MARE”",4,"MUNICIPIUL SUCEAVA",146263,2,PART,PRCNCT,S,S_SV,"2021-01-21 12:30:02",1643,1623,16,4,556,536,16,4,1799,1248,539,11,1,8,189,14,55,109,89,13,7,3,6,43,3
35,SUCEAVA,"COLEGIUL NAȚIONAL ”ȘTEFAN CEL MARE”",5,"MUNICIPIUL SUCEAVA",146263,1,PROV,PRCNCT,S,S_SV,"2021-01-21 12:30:02",904,871,33,0,237,204,33,0,1000,763,229,6,2,0,58,8,18,57,46,12,3,9,0,17,1
35,SUCEAVA,"CENTRUL CULTURAL BUCOVINA",6,"MUNICIPIUL SUCEAVA",146263,2,PART,PRCNCT,S,S_SV,"2021-01-21 12:30:02",1667,1631,36,0,515,479,36,0,1800,1285,497,13,5,1,118,18,51,137,100,16,3,14,5,29,5
35,SUCEAVA,"ŞCOALA GIMNAZIALĂ NR .1",7,"MUNICIPIUL SUCEAVA",146263,1,PROV,PRCNCT,S,S_SV,"2021-01-21 12:30:02",1359,1324,32,3,482,447,32,3,1400,918,468,13,1,1,109,25,42,120,101,12,5,20,2,29,2
35,SUCEAVA,"COLEGIUL TEHNIC ”SAMUIL ISOPESCU”",8,"MUNICIPIUL SUCEAVA",146263,1,PROV,PRCNCT,S,S_SV,"2021-01-21 12:30:02",1242,1216,24,2,448,422,24,2,1300,852,445,3,0,1,117,12,39,118,84,12,5,20,3,31,3
35,SUCEAVA,"COLEGIUL DE ARTĂ „CIPRIAN PORUMBESCU” SALA A",9,"MUNICIPIUL SUCEAVA",146263,1,PROV,PRCNCT,S,S_SV,"2021-01-21 12:30:02",1360,1339,21,0,234,213,21,0,1500,1266,230,1,3,0,65,6,27,41,49,10,1,10,0,21,0
35,SUCEAVA,"COLEGIUL DE ARTĂ „CIPRIAN PORUMBESCU” SALA B",10,"MUNICIPIUL SUCEAVA",146263,1,PROV,PRCNCT,S,S_SV,"2021-01-21 12:30:02",1255,1236,19,0,385,366,19,0,1300,915,379,5,1,0,100,10,40,86,68,11,7,14,11,27,5
35,SUCEAVA,"ŞCOALA GIMNAZIALĂ NR.3 SALA A",11,"MUNICIPIUL SUCEAVA",146263,1,PROV,PRCNCT,S,S_SV,"2021-01-21 12:30:02",1064,1029,35,0,351,316,35,0,1100,749,345,6,0,1,95,14,24,79,85,11,7,12,1,13,3
35,SUCEAVA,"ŞCOALA GIMNAZIALĂ NR.3 SALA B",12,"MUNICIPIUL SUCEAVA",146263,1,PROV,PRCNCT,S,S_SV,"2021-01-21 12:30:02",1173,1149,22,2,409,385,22,2,1300,891,399,8,2,3,85,22,29,124,88,9,1,9,4,24,1
35,SUCEAVA,"COLEGIUL ECONOMIC ” DIMITRIE CANTEMIR”",13,"MUNICIPIUL SUCEAVA",146263,1,PROV,PRCNCT,S,S_SV,"2021-01-21 12:30:02",1156,1137,17,2,357,338,17,2,1200,843,349,7,1,1,71,27,35,82,83,7,3,17,6,12,5
35,SUCEAVA,"CENTRUL PENTRU SUSŢINEREA TRADIŢIILOR BUCOVINENE",14,"MUNICIPIUL SUCEAVA",146263,1,PROV,PRCNCT,S,S_SV,"2021-01-21 12:30:02",1492,1464,28,0,413,385,28,0,1600,1187,408,4,1,2,104,20,32,98,79,14,4,17,3,32,3
35,SUCEAVA,"UNIVERSITATEA ”ŞTEFAN CEL MARE”",15,"MUNICIPIUL SUCEAVA",146263,1,PROV,PRCNCT,S,S_SV,"2021-01-21 12:30:02",983,837,117,29,409,263,117,29,1000,591,401,8,0,1,86,17,24,100,103,12,3,13,1,37,4
35,SUCEAVA,"DIRECŢIA SILVICĂ SUCEAVA",16,"MUNICIPIUL SUCEAVA",146263,1,PROV,PRCNCT,S,S_SV,"2021-01-21 12:30:02",1131,1066,25,40,375,317,25,33,1400,1025,365,8,2,2,85,7,42,106,58,9,11,18,1,22,4
35,SUCEAVA,"COLEGIUL NAŢIONAL DE INFORMATICĂ ”SPIRU HARET”, SALA A",17,"MUNICIPIUL SUCEAVA",146263,2,PART,PRCNCT,S,S_SV,"2021-01-21 12:30:02",1165,1103,38,24,392,330,38,24,1400,1008,387,2,3,0,91,7,30,112,66,15,1,19,0,44,2
35,SUCEAVA,"COLEGIUL NAŢIONAL DE INFORMATICĂ ” SPIRU HARET”, SALA B",18,"MUNICIPIUL SUCEAVA",146263,2,PART,PRCNCT,S,S_SV,"2021-01-21 12:30:02",1007,955,27,25,339,287,27,25,1200,861,337,2,0,1,75,13,29,101,53,7,4,16,3,34,1
35,SUCEAVA,"GRĂDINIŢA CU PROGRAM PRELUNGIT NR.7 ”ABC ”",19,"MUNICIPIUL SUCEAVA",146263,1,PROV,PRCNCT,S,S_SV,"2021-01-21 12:30:02",1624,1603,21,0,425,404,21,0,1700,1275,414,9,2,1,100,13,36,118,56,13,8,26,3,38,2
35,SUCEAVA,"ŞCOALA GIMNAZIALĂ NR. 4 SALA A",20,"MUNICIPIUL SUCEAVA",146263,1,PROV,PRCNCT,S,S_SV,"2021-01-21 12:30:02",1493,1477,16,0,470,454,16,0,1600,1130,462,7,1,1,90,21,31,147,72,14,3,37,5,37,4
35,SUCEAVA,"ŞCOALA GIMNAZIALĂ NR. 4, SALA B",21,"MUNICIPIUL SUCEAVA",146263,1,PROV,PRCNCT,S,S_SV,"2021-01-21 12:30:02",1310,1298,12,0,416,404,12,0,1400,984,407,6,3,1,90,14,37,113,68,12,0,20,2,47,3
35,SUCEAVA,"ŞCOALA GIMNAZIALĂ NR. 8",22,"MUNICIPIUL SUCEAVA",146263,1,PROV,PRCNCT,S,S_SV,"2021-01-21 12:30:02",1972,1940,30,2,586,554,30,2,2100,1514,581,4,1,2,117,25,69,175,81,13,14,22,4,56,3
35,SUCEAVA,"GRADINIŢA CU PROGRAM NORMAL NR. 5",23,"MUNICIPIUL SUCEAVA",146263,1,PROV,PRCNCT,S,S_SV,"2021-01-21 12:30:02",1801,1775,25,1,563,537,25,1,1900,1337,552,11,0,4,122,25,45,165,105,13,14,21,7,29,2
35,SUCEAVA,"GRADINIŢA CU PROGRAM PRELUNGIT NR.1 ”GULIVER”",24,"MUNICIPIUL SUCEAVA",146263,2,PART,PRCNCT,S,S_SV,"2021-01-21 12:30:02",1301,1258,43,0,474,431,43,0,1400,926,463,9,2,2,118,19,39,130,65,13,14,21,5,35,2
35,SUCEAVA,"LICEUL CU PROGRAM SPORTIV SALA A",25,"MUNICIPIUL SUCEAVA",146263,1,PROV,PRCNCT,S,S_SV,"2021-01-21 12:30:02",1611,1585,26,0,481,455,26,0,1700,1219,468,9,4,0,101,26,48,128,88,15,9,15,5,31,2
35,SUCEAVA,"LICEUL CU PROGRAM SPORTIV SALA B",26,"MUNICIPIUL SUCEAVA",146263,1,PROV,PRCNCT,S,S_SV,"2021-01-21 12:30:02",1776,1765,11,0,476,465,11,0,1900,1424,468,8,0,0,107,15,33,140,83,9,8,22,2,46,3
35,SUCEAVA,"COLEGIUL NAŢIONAL ”MIHAI EMINESCU”",27,"MUNICIPIUL SUCEAVA",146263,1,PROV,PRCNCT,S,S_SV,"2021-01-21 12:30:02",1910,1884,26,0,197,171,26,0,2000,1803,190,7,0,1,40,3,16,41,34,7,10,18,0,18,2
35,SUCEAVA,"COLEGIUL NAŢIONAL ”MIHAI EMINESCU”",28,"MUNICIPIUL SUCEAVA",146263,1,PROV,PRCNCT,S,S_SV,"2021-01-21 12:30:02",1678,1664,13,1,550,536,13,1,1800,1250,546,3,1,4,136,41,58,134,97,8,10,15,5,35,3
35,SUCEAVA,"COLEGIUL NAŢIONAL ”MIHAI EMINESCU”",29,"MUNICIPIUL SUCEAVA",146263,1,PROV,PRCNCT,S,S_SV,"2021-01-21 12:30:02",1945,1931,14,0,520,506,14,0,2100,1580,511,9,0,3,113,24,53,150,91,9,6,22,6,30,4
35,SUCEAVA,"COLEGIUL NAȚIONAL ”MIHAI EMINESCU”",30,"MUNICIPIUL SUCEAVA",146263,1,PROV,PRCNCT,S,S_SV,"2021-01-21 12:30:02",1507,1469,38,0,420,382,38,0,1600,1180,413,4,3,2,97,19,46,101,76,10,13,20,0,26,3
35,SUCEAVA,"COLEGIUL TEHNIC DE INDUSTRIE ALIMENTARĂ, SALA A",31,"MUNICIPIUL SUCEAVA",146263,2,PART,PRCNCT,S,S_SV,"2021-01-21 12:30:02",1837,1815,20,2,554,532,20,2,2000,1446,546,7,1,2,122,18,55,127,121,14,13,17,8,47,2
35,SUCEAVA,"COLEGIUL TEHNIC DE INDUSTRIE ALIMENTARĂ, SALA B",32,"MUNICIPIUL SUCEAVA",146263,1,PROV,PRCNCT,S,S_SV,"2021-01-21 12:30:02",1903,1880,23,0,528,505,23,0,2000,1472,517,11,0,2,118,25,65,149,83,8,5,21,5,34,2
35,SUCEAVA,"COLEGIUL TEHNIC „PETRU MUŞAT”",33,"MUNICIPIUL SUCEAVA",146263,1,PROV,PRCNCT,S,S_SV,"2021-01-21 12:30:02",1131,1116,15,0,182,167,15,0,1200,1018,173,8,1,1,45,10,29,35,22,3,4,7,1,15,1
35,SUCEAVA,"S.C. ROMTELECOM S.A.",34,"MUNICIPIUL SUCEAVA",146263,1,PROV,PRCNCT,S,S_SV,"2021-01-21 12:30:02",1977,1940,37,0,614,577,37,0,2100,1486,605,8,1,1,144,14,50,123,148,15,18,26,5,58,3
35,SUCEAVA,"INSPECTORATUL TERITORIAL DE MUNCĂ",35,"MUNICIPIUL SUCEAVA",146263,1,PROV,PRCNCT,S,S_SV,"2021-01-21 12:30:02",1988,1960,27,1,567,539,27,1,2100,1533,557,8,2,0,129,32,55,131,103,19,8,24,5,47,4
35,SUCEAVA,"AGENŢIA PENTRU PROTECŢIA MEDIULUI",36,"MUNICIPIUL SUCEAVA",146263,1,PROV,PRCNCT,S,S_SV,"2021-01-21 12:30:02",2056,2017,39,0,696,657,39,0,2200,1504,674,19,3,1,155,35,58,143,122,18,20,41,4,76,1
35,SUCEAVA,"ŞCOALA GIMNAZIALĂ NR. 9 ”ION CREANGĂ” SALA A",37,"MUNICIPIUL SUCEAVA",146263,1,PROV,PRCNCT,S,S_SV,"2021-01-21 12:30:02",1846,1830,16,0,604,588,16,0,2000,1396,595,9,0,1,125,17,62,134,135,12,19,36,3,49,2
35,SUCEAVA,"ŞCOALA GIMNAZIALĂ NR. 9 ”ION CREANGĂ” SALA B",38,"MUNICIPIUL SUCEAVA",146263,3,PART,PRCNCT,S,S_SV,"2021-01-21 12:30:02",1877,1858,19,0,582,563,19,0,2000,1419,575,5,1,1,151,23,48,121,111,18,13,24,2,61,2
35,SUCEAVA,"ŞCOALA GIMNAZIALĂ NR. 9 ”ION CREANGĂ”, SALA C",39,"MUNICIPIUL SUCEAVA",146263,1,PROV,PRCNCT,S,S_SV,"2021-01-21 12:30:02",1728,1680,48,0,559,511,48,0,1800,1241,548,9,2,1,143,20,47,113,134,11,10,23,5,38,3
35,SUCEAVA,"SCOALA GIMNAZIALĂ NR. 9 ”ION CREANGA”, SALA D",40,"MUNICIPIUL SUCEAVA",146263,2,PART,PRCNCT,S,S_SV,"2021-01-21 12:30:02",1893,1874,17,2,597,578,17,2,2000,1403,581,11,5,1,120,20,59,138,134,14,12,39,3,39,2
35,SUCEAVA,"GRĂDINIŢA CU PROGRAM NORMAL NR. 9 ”NOROCEL” SALA A",41,"MUNICIPIUL SUCEAVA",146263,1,PROV,PRCNCT,S,S_SV,"2021-01-21 12:30:02",1957,1929,28,0,314,286,28,0,2100,1786,303,9,2,0,70,14,29,52,55,14,8,9,1,49,2
35,SUCEAVA,"GRĂDINIŢA CU PROGRAM NORMAL NR.9 ”NOROCEL” SALA B",42,"MUNICIPIUL SUCEAVA",146263,2,PART,PRCNCT,S,S_SV,"2021-01-21 12:30:02",1930,1903,25,2,527,500,25,2,2000,1473,509,14,2,1,81,20,72,72,110,15,13,29,5,87,4
35,SUCEAVA,"ATELIER ZONĂ CFR",43,"MUNICIPIUL SUCEAVA",146263,1,PROV,PRCNCT,S,S_SV,"2021-01-21 12:30:02",1549,1531,18,0,290,272,18,0,1700,1410,283,6,1,3,44,9,24,71,44,18,0,32,3,33,2
35,SUCEAVA,"GARA BURDUJENI",44,"MUNICIPIUL SUCEAVA",146263,1,PROV,PRCNCT,S,S_SV,"2021-01-21 12:30:02",1858,1832,26,0,207,181,26,0,2200,1993,204,3,0,2,37,4,19,59,25,14,2,16,1,25,0
35,SUCEAVA,"GARA BURDUJENI",45,"MUNICIPIUL SUCEAVA",146263,1,PROV,PRCNCT,S,S_SV,"2021-01-21 12:30:02",1891,1831,60,0,435,375,60,0,2200,1765,424,5,6,2,95,23,39,95,61,19,17,20,2,47,4
35,SUCEAVA,"ŞCOALA GIMNAZIALĂ NR. 10, SALA A",46,"MUNICIPIUL SUCEAVA",146263,1,PROV,PRCNCT,S,S_SV,"2021-01-21 12:30:02",2012,1995,17,0,558,541,17,0,2100,1542,547,7,4,0,110,26,52,131,86,15,14,37,9,66,1
35,SUCEAVA,"ŞCOALA GIMNAZIALĂ NR. 10, SALA B",47,"MUNICIPIUL SUCEAVA",146263,1,PROV,PRCNCT,S,S_SV,"2021-01-21 12:30:02",1990,1978,12,0,548,536,12,0,2100,1552,538,8,2,2,103,25,46,138,100,18,8,24,3,67,4
35,SUCEAVA,"COLEGIUL TEHNIC ”A.I.CUZA” SALA A, CALEA UNIRII, NR.49",48,"MUNICIPIUL SUCEAVA",146263,1,PROV,PRCNCT,S,S_SV,"2021-01-21 12:30:02",1891,1870,21,0,494,473,21,0,2000,1506,486,7,1,2,111,26,33,96,106,14,10,21,3,61,3
35,SUCEAVA,"COLEGIUL TEHNIC ”A.I.CUZA” SALA B, CALEA UNIRII, NR.49",49,"MUNICIPIUL SUCEAVA",146263,1,PROV,PRCNCT,S,S_SV,"2021-01-21 12:30:02",1573,1561,12,0,419,407,12,0,1700,1281,408,10,1,1,101,18,34,107,43,11,3,19,5,62,4
35,SUCEAVA,"COLEGIUL TEHNIC ”AL. I. CUZA” SALA C",50,"MUNICIPIUL SUCEAVA",146263,1,PROV,PRCNCT,S,S_SV,"2021-01-21 12:30:02",1293,1287,6,0,340,334,6,0,1400,1060,334,6,0,1,66,13,23,82,66,7,12,16,2,42,4
35,SUCEAVA,"ŞCOALA GIMNAZIALĂ NR. 5 ”JEAN BART”",51,"MUNICIPIUL SUCEAVA",146263,1,PROV,PRCNCT,S,S_SV,"2021-01-21 12:30:02",1568,1553,15,0,415,400,15,0,1700,1285,412,3,0,3,78,22,54,101,57,12,23,15,5,40,2
35,SUCEAVA,"CENTRUL ŞCOLAR PENTRU EDUCAŢIE INCLUZIVĂ SUCEAVA, CORP A",52,"MUNICIPIUL SUCEAVA",146263,1,PROV,PRCNCT,S,S_SV,"2021-01-21 12:30:02",1915,1894,21,0,527,506,21,0,2000,1473,515,10,2,4,97,22,52,111,89,13,15,34,4,71,3
35,SUCEAVA,"CENTRUL ŞCOLAR PENTRU EDUCAŢIE INCLUZIVĂ SUCEAVA- CORP B",53,"MUNICIPIUL SUCEAVA",146263,1,PROV,PRCNCT,S,S_SV,"2021-01-21 12:30:02",1733,1718,15,0,381,366,15,0,1900,1519,368,10,3,2,79,18,21,92,64,14,4,22,1,49,2
35,SUCEAVA,"GRĂDINIŢA CU PROGRAM NORMAL NR. 12 ”ŢĂNDĂRICĂ”",54,"MUNICIPIUL SUCEAVA",146263,1,PROV,PRCNCT,S,S_SV,"2021-01-21 12:30:02",1784,1764,20,0,523,503,20,0,1900,1377,508,15,0,1,92,22,48,115,92,8,15,31,3,78,3
35,SUCEAVA,"ŞCOALA GIMNAZIALĂ NR.11, ”MIRON COSTIN”, SALA A",55,"MUNICIPIUL SUCEAVA",146263,1,PROV,PRCNCT,S,S_SV,"2021-01-21 12:30:02",1867,1832,35,0,495,460,35,0,2000,1505,491,4,0,2,106,23,65,96,75,11,19,27,5,59,3
35,SUCEAVA,"ŞCOALA GIMNAZIALĂ NR.11, ”MIRON COSTIN”, SALA B",56,"MUNICIPIUL SUCEAVA",146263,1,PROV,PRCNCT,S,S_SV,"2021-01-21 12:30:02",1805,1792,13,0,406,393,13,0,1900,1494,398,7,1,1,88,17,31,92,60,9,10,36,4,48,2
35,SUCEAVA,"ŞCOALA GIMNAZIALĂ NR.11, ”MIRON COSTIN”, SALA C",57,"MUNICIPIUL SUCEAVA",146263,1,PROV,PRCNCT,S,S_SV,"2021-01-21 12:30:02",1728,1717,11,0,479,468,11,0,1900,1421,469,10,0,1,95,25,50,110,59,13,14,25,3,72,2
35,SUCEAVA,"ŞCOALA GIMNAZIALĂ NR.11, ”MIRON COSTIN”, SALA D",58,"MUNICIPIUL SUCEAVA",146263,1,PROV,PRCNCT,S,S_SV,"2021-01-21 12:30:02",1798,1785,13,0,464,451,13,0,1900,1436,452,10,2,2,92,15,48,84,93,10,8,32,5,63,0
35,SUCEAVA,"SCOALA GIMNAZIALA NR.11 ”MIRON COSTIN”, SALA E",59,"MUNICIPIUL SUCEAVA",146263,1,PROV,PRCNCT,S,S_SV,"2021-01-21 12:30:02",1676,1662,14,0,377,363,14,0,1800,1423,368,8,1,1,72,12,21,95,66,11,9,16,1,61,3
35,SUCEAVA,"PRIMĂRIA BURDUJENI",60,"MUNICIPIUL SUCEAVA",146263,1,PROV,PRCNCT,S,S_SV,"2021-01-21 12:30:02",1399,1374,25,0,419,394,25,0,1500,1081,405,12,2,2,121,17,36,50,54,20,12,14,3,74,2
35,SUCEAVA,"ŞCOALA GIMNAZIALĂ NR. 6, SALA A",61,"MUNICIPIUL SUCEAVA",146263,1,PROV,PRCNCT,S,S_SV,"2021-01-21 12:30:02",1399,1385,14,0,309,295,14,0,1500,1191,297,10,2,1,63,6,32,55,34,12,8,19,1,66,0
35,SUCEAVA,"SCOALA GIMNAZIALA NR.6 SALA B",62,"MUNICIPIUL SUCEAVA",146263,1,PROV,PRCNCT,S,S_SV,"2021-01-21 12:30:02",1882,1873,9,0,300,291,9,0,2000,1700,297,3,0,0,83,9,33,54,31,8,9,20,4,44,2
35,SUCEAVA,"GRĂDINIŢA CU PROGRAM NORMAL NR.7",63,"MUNICIPIUL SUCEAVA",146263,1,PROV,PRCNCT,S,S_SV,"2021-01-21 12:30:02",1406,1370,36,0,399,363,36,0,1500,1101,395,2,2,2,80,14,59,109,60,11,9,17,2,29,3
35,SUCEAVA,"GRĂDINIŢA CU PROGRAM NORMAL NR.8",64,"MUNICIPIUL SUCEAVA",146263,1,PROV,PRCNCT,S,S_SV,"2021-01-21 12:30:02",1763,1735,28,0,428,400,28,0,1900,1472,417,6,5,1,115,7,90,75,37,9,12,17,3,50,1
35,SUCEAVA,"ŞCOALA GENERALĂ NR. 7 ”GRIGORE GHICA VOIEVOD”",65,"MUNICIPIUL SUCEAVA",146263,1,PROV,PRCNCT,S,S_SV,"2021-01-21 12:30:02",1821,1790,28,3,502,471,28,3,1900,1398,489,11,2,2,77,13,134,88,43,9,26,11,9,73,4
35,SUCEAVA,"ŞCOALA GIMNAZIALĂ „THEODOR DARIE”",66,"MUNICIPIUL CÂMPULUNG MOLDOVENESC",146502,1,PROV,PRCNCT,S,S_SV,"2021-01-21 12:30:02",1540,1523,17,0,466,449,17,0,1700,1234,456,8,2,2,119,21,38,114,77,8,0,28,3,43,3
35,SUCEAVA,"LICEUL TEHNOLOGIC NR. 1",67,"MUNICIPIUL CÂMPULUNG MOLDOVENESC",146502,1,PROV,PRCNCT,S,S_SV,"2021-01-21 12:30:02",843,805,22,16,304,266,22,16,1200,896,291,11,2,1,113,21,19,69,36,6,0,8,1,16,1
35,SUCEAVA,"CIRCUMSCRIPŢIA SANITAR-VETERINARĂ",68,"MUNICIPIUL CÂMPULUNG MOLDOVENESC",146502,2,PART,PRCNCT,S,S_SV,"2021-01-21 12:30:02",2280,2269,11,0,468,457,11,0,2400,1932,462,4,2,3,110,25,47,106,69,6,2,15,5,68,6
35,SUCEAVA,"ŞCOALA GIMNAZIALĂ „TEODOR ŞTEFANELLI”",69,"MUNICIPIUL CÂMPULUNG MOLDOVENESC",146502,1,PROV,PRCNCT,S,S_SV,"2021-01-21 12:30:02",861,846,15,0,222,207,15,0,900,678,219,3,0,0,46,20,9,62,34,9,0,13,5,21,0
35,SUCEAVA,"COLEGIUL NAŢIONAL ”DRAGOŞ VODĂ”",70,"MUNICIPIUL CÂMPULUNG MOLDOVENESC",146502,4,PART,PRCNCT,S,S_SV,"2021-01-21 12:30:02",1146,1123,23,0,353,330,23,0,1200,847,345,7,1,2,97,20,31,80,49,6,0,18,1,40,1
35,SUCEAVA,"CLUBUL COPIILOR ŞI ELEVILOR",71,"MUNICIPIUL CÂMPULUNG MOLDOVENESC",146502,2,PART,PRCNCT,S,S_SV,"2021-01-21 12:30:02",1323,1297,26,0,431,405,26,0,1400,969,419,9,3,0,121,13,32,93,73,11,2,27,7,39,1
35,SUCEAVA,"ŞCOALA GIMNAZIALĂ ”BOGDAN VODĂ”",72,"MUNICIPIUL CÂMPULUNG MOLDOVENESC",146502,1,PROV,PRCNCT,S,S_SV,"2021-01-21 12:30:02",1429,1401,27,1,469,441,27,1,1500,1031,451,17,1,0,117,27,36,125,73,3,0,20,3,44,3
35,SUCEAVA,"CLUBUL COPIILOR ŞI ELEVILOR – SATUL DE VACANŢĂ",73,"MUNICIPIUL CÂMPULUNG MOLDOVENESC",146502,1,PROV,PRCNCT,S,S_SV,"2021-01-21 12:30:02",659,641,18,0,226,208,18,0,700,474,222,2,2,2,49,42,19,48,29,4,1,6,2,18,2
35,SUCEAVA,"COLEGIUL SILVIC ”BUCOVINA” (CORP A)",74,"MUNICIPIUL CÂMPULUNG MOLDOVENESC",146502,1,PROV,PRCNCT,S,S_SV,"2021-01-21 12:30:02",1413,1396,16,1,445,428,16,1,1500,1055,436,7,2,2,118,30,36,110,68,9,3,22,1,34,3
35,SUCEAVA,"COLEGIUL SILVIC ”BUCOVINA” (CORP B)",75,"MUNICIPIUL CÂMPULUNG MOLDOVENESC",146502,1,PROV,PRCNCT,S,S_SV,"2021-01-21 12:30:02",1345,1326,19,0,363,344,19,0,1400,1037,354,9,0,1,107,12,22,87,55,8,2,16,4,38,2
35,SUCEAVA,"COLEGIUL SILVIC ”BUCOVINA” (CORP C)",76,"MUNICIPIUL CÂMPULUNG MOLDOVENESC",146502,1,PROV,PRCNCT,S,S_SV,"2021-01-21 12:30:02",1451,1437,14,0,441,427,14,0,1600,1159,434,6,1,0,122,21,44,105,57,9,5,15,7,48,1
35,SUCEAVA,"GRĂDINIŢA NR. 4 „VALEA SEACĂ”",77,"MUNICIPIUL CÂMPULUNG MOLDOVENESC",146502,1,PROV,PRCNCT,S,S_SV,"2021-01-21 12:30:02",1178,1170,8,0,437,429,8,0,1300,863,421,11,5,1,118,18,36,114,57,10,2,12,7,38,8
35,SUCEAVA,"ŞCOALA GIMNAZIALĂ „GEORGE VOEVIDCA” - CORP A",78,"MUNICIPIUL CÂMPULUNG MOLDOVENESC",146502,1,PROV,PRCNCT,S,S_SV,"2021-01-21 12:30:02",1045,1029,16,0,330,314,16,0,1100,770,324,3,3,3,89,12,18,66,56,7,1,18,1,49,4
35,SUCEAVA,"ŞCOALA GIMNAZIALĂ „GEORGE VOEVIDCA” - CORP B",79,"MUNICIPIUL CÂMPULUNG MOLDOVENESC",146502,1,PROV,PRCNCT,S,S_SV,"2021-01-21 12:30:02",1078,1074,4,0,307,303,4,0,1200,893,301,6,0,0,93,12,17,85,36,9,2,17,3,23,4
35,SUCEAVA,"COLEGIUL TEHNIC ”MIHAI BĂCESCU”",80,"MUNICIPIUL FĂLTICENI",146539,1,PROV,PRCNCT,S,S_SV,"2021-01-21 12:30:02",1418,1408,10,0,487,477,10,0,1800,1313,471,13,3,0,94,12,15,133,121,12,2,20,6,54,2
35,SUCEAVA,"ŞCOALA GIMNAZIALĂ ”ALEXANDRU IOAN CUZA”",81,"MUNICIPIUL FĂLTICENI",146539,1,PROV,PRCNCT,S,S_SV,"2021-01-21 12:30:02",1492,1472,20,0,463,443,20,0,1700,1237,451,10,2,2,71,18,6,163,112,9,4,17,2,44,3
35,SUCEAVA,"COLEGIUL NAŢIONAL ”NICU GANE”",82,"MUNICIPIUL FĂLTICENI",146539,1,PROV,PRCNCT,S,S_SV,"2021-01-21 12:30:02",1494,1479,15,0,463,448,15,0,1600,1137,448,13,2,0,102,12,11,142,113,12,0,15,0,37,4
35,SUCEAVA,"COLEGIUL NAŢIONAL ”NICU GANE”",83,"MUNICIPIUL FĂLTICENI",146539,1,PROV,PRCNCT,S,S_SV,"2021-01-21 12:30:02",1568,1553,15,0,466,451,15,0,1700,1234,459,5,2,2,79,18,14,138,91,15,1,29,5,63,4
35,SUCEAVA,"ŞCOALA GIMNAZIALĂ ”IOAN CIUREA”",84,"MUNICIPIUL FĂLTICENI",146539,1,PROV,PRCNCT,S,S_SV,"2021-01-21 12:30:02",1431,1421,10,0,392,382,10,0,1500,1108,386,5,1,1,77,31,6,113,67,5,1,22,6,56,1
35,SUCEAVA,"ŞCOALA GIMNAZIALĂ ”IOAN CIUREA”",85,"MUNICIPIUL FĂLTICENI",146539,1,PROV,PRCNCT,S,S_SV,"2021-01-21 12:30:02",846,832,14,0,292,278,14,0,900,608,287,4,1,1,39,10,7,106,57,4,0,12,4,47,0
35,SUCEAVA,"ŞCOALA GIMNAZIALĂ ”IOAN CIUREA”",86,"MUNICIPIUL FĂLTICENI",146539,1,PROV,PRCNCT,S,S_SV,"2021-01-21 12:30:02",1164,1157,7,0,363,356,7,0,1300,937,356,7,0,4,64,21,8,126,56,4,1,22,0,47,3
35,SUCEAVA,"ŞCOALA GIMNAZIALĂ ”MIHAIL SADOVEANU”",87,"MUNICIPIUL FĂLTICENI",146539,1,PROV,PRCNCT,S,S_SV,"2021-01-21 12:30:02",1677,1661,16,0,517,501,16,0,1800,1283,503,13,1,4,70,15,14,155,128,11,5,34,1,64,2
35,SUCEAVA,"ŞCOALA GIMNAZIALĂ ”MIHAIL SADOVEANU”",88,"MUNICIPIUL FĂLTICENI",146539,1,PROV,PRCNCT,S,S_SV,"2021-01-21 12:30:02",1277,1251,26,0,380,354,26,0,1400,1020,371,8,1,2,60,14,8,131,92,4,3,17,0,37,3
35,SUCEAVA,"ŞCOALA GIMNAZIALĂ ”MIHAIL SADOVEANU”",89,"MUNICIPIUL FĂLTICENI",146539,1,PROV,PRCNCT,S,S_SV,"2021-01-21 12:30:02",1203,1192,11,0,399,388,11,0,1300,901,390,7,2,1,54,22,7,120,99,9,1,27,3,46,1
35,SUCEAVA,"ŞCOALA GIMNAZIALĂ ”ION IRIMIESCU”",90,"MUNICIPIUL FĂLTICENI",146539,1,PROV,PRCNCT,S,S_SV,"2021-01-21 12:30:02",1214,1200,14,0,364,350,14,0,1300,936,354,10,0,1,64,13,6,121,86,4,2,15,1,38,3
35,SUCEAVA,"ŞCOALA GIMNAZIALĂ ”ION IRIMIESCU”",91,"MUNICIPIUL FĂLTICENI",146539,1,PROV,PRCNCT,S,S_SV,"2021-01-21 12:30:02",1143,1130,13,0,339,326,13,0,1200,861,327,10,2,3,52,16,14,94,75,6,5,16,3,40,3
35,SUCEAVA,"GRĂDINIŢA CU PROGRAM PRELUNGIT ”DUMBRAVA MINUNATĂ”",92,"MUNICIPIUL FĂLTICENI",146539,1,PROV,PRCNCT,S,S_SV,"2021-01-21 12:30:02",1067,1056,11,0,257,246,11,0,1200,943,245,12,0,1,55,11,11,66,54,6,1,14,2,22,2
35,SUCEAVA,"GRĂDINIŢA CU PROGRAM PRELUNGIT ”DUMBRAVA MINUNATĂ”",93,"MUNICIPIUL FĂLTICENI",146539,1,PROV,PRCNCT,S,S_SV,"2021-01-21 12:30:02",1128,1118,10,0,298,288,10,0,1200,902,287,8,3,2,31,15,9,117,55,5,0,12,2,38,1
35,SUCEAVA,"GRĂDINIŢA CU PROGRAM PRELUNGIT ”DUMBRAVA MINUNATĂ”",94,"MUNICIPIUL FĂLTICENI",146539,1,PROV,PRCNCT,S,S_SV,"2021-01-21 12:30:02",911,901,10,0,246,236,10,0,1100,854,244,2,0,4,48,8,3,77,48,6,0,3,3,43,1
35,SUCEAVA,"COLEGIUL ”VASILE LOVINESCU”",95,"MUNICIPIUL FĂLTICENI",146539,1,PROV,PRCNCT,S,S_SV,"2021-01-21 12:30:02",1433,1426,7,0,394,387,7,0,1600,1206,388,6,0,3,50,14,7,157,67,8,1,26,3,47,5
35,SUCEAVA,"COLEGIUL ”VASILE LOVINESCU”",96,"MUNICIPIUL FĂLTICENI",146539,1,PROV,PRCNCT,S,S_SV,"2021-01-21 12:30:02",1456,1443,9,4,411,398,9,4,1600,1189,399,10,2,0,82,16,7,143,78,13,0,17,7,34,2
35,SUCEAVA,"COLEGIUL ”VASILE LOVINESCU”",97,"MUNICIPIUL FĂLTICENI",146539,1,PROV,PRCNCT,S,S_SV,"2021-01-21 12:30:02",1549,1536,8,5,521,508,8,5,1700,1179,516,4,1,1,113,21,16,124,157,10,2,24,2,44,2
35,SUCEAVA,"ŞCOALA GIMNAZIALĂ ”IOAN CIUREA”- CLĂDIRE GHEORGHE GAFENCU",98,"MUNICIPIUL FĂLTICENI",146539,1,PROV,PRCNCT,S,S_SV,"2021-01-21 12:30:02",1568,1558,10,0,482,472,10,0,1700,1218,471,9,2,3,61,17,9,179,100,11,2,12,3,71,3
35,SUCEAVA,"GRĂDINIŢA CU PROGRAM NORMAL ŢARNA MARE",99,"MUNICIPIUL FĂLTICENI",146539,1,PROV,PRCNCT,S,S_SV,"2021-01-21 12:30:02",817,809,8,0,254,246,8,0,900,646,247,3,4,1,68,7,5,66,32,4,1,7,0,55,1
35,SUCEAVA,"PRIMARIA RADAUTI",100,"MUNICIPIUL RĂDĂUŢI",146628,1,PROV,PRCNCT,S,S_SV,"2021-01-21 12:30:02",2005,1980,23,2,450,425,23,2,2100,1650,437,8,5,0,126,28,32,110,55,5,12,12,2,51,4
35,SUCEAVA,"CASA DE CULTURA",101,"MUNICIPIUL RĂDĂUŢI",146628,1,PROV,PRCNCT,S,S_SV,"2021-01-21 12:30:02",1805,1785,20,0,488,468,20,0,1900,1412,481,6,1,0,139,33,34,134,77,21,6,11,0,25,1
35,SUCEAVA,"GALERIILE DE ARTA",102,"MUNICIPIUL RĂDĂUŢI",146628,1,PROV,PRCNCT,S,S_SV,"2021-01-21 12:30:02",1580,1557,23,0,394,371,23,0,1700,1306,383,7,4,0,103,26,18,95,57,8,16,12,6,40,2
35,SUCEAVA,"SCOALA GIMNAZIALA REGINA ELISABETA NR.4",103,"MUNICIPIUL RĂDĂUŢI",146628,1,PROV,PRCNCT,S,S_SV,"2021-01-21 12:30:02",1968,1954,14,0,489,475,14,0,2100,1611,481,6,2,1,166,15,40,107,57,9,11,14,2,56,3
35,SUCEAVA,"COLEGIUL TEHNIC",104,"MUNICIPIUL RĂDĂUŢI",146628,1,PROV,PRCNCT,S,S_SV,"2021-01-21 12:30:02",1938,1905,33,0,459,426,33,0,2000,1541,453,3,3,0,129,23,19,98,77,20,21,19,4,39,4
35,SUCEAVA,"COLEGIUL EUDOXIU HURMUZACHI",105,"MUNICIPIUL RĂDĂUŢI",146628,2,PART,PRCNCT,S,S_SV,"2021-01-21 12:30:02",1687,1661,26,0,423,397,26,0,1800,1377,422,1,0,1,109,31,19,123,56,8,11,23,2,38,1
35,SUCEAVA,"SCOALA GIMNAZIALA NR.5 BOGDAN VODA",106,"MUNICIPIUL RĂDĂUŢI",146628,1,PROV,PRCNCT,S,S_SV,"2021-01-21 12:30:02",1735,1718,17,0,397,380,17,0,1900,1503,387,6,4,2,110,24,19,106,74,5,4,13,2,26,2
35,SUCEAVA,"GRADINITA NR.8",107,"MUNICIPIUL RĂDĂUŢI",146628,1,PROV,PRCNCT,S,S_SV,"2021-01-21 12:30:02",1906,1894,12,0,432,420,12,0,2000,1568,421,6,5,2,103,20,27,90,73,14,25,23,1,41,2
35,SUCEAVA,"DIRECȚIA DE ASISTENȚĂ SOCIALĂ",108,"MUNICIPIUL RĂDĂUŢI",146628,1,PROV,PRCNCT,S,S_SV,"2021-01-21 12:30:02",1864,1812,16,36,440,393,16,31,2200,1760,435,3,2,1,121,25,22,112,84,7,13,14,2,30,4
35,SUCEAVA,POLICLINICA,109,"MUNICIPIUL RĂDĂUŢI",146628,1,PROV,PRCNCT,S,S_SV,"2021-01-21 12:30:02",1929,1828,33,68,504,405,33,66,2100,1596,491,8,5,1,128,25,17,139,71,10,27,14,4,52,3
35,SUCEAVA,"SCOALA GIMNAZIALA NR.3 MIHAI EMINESCU",110,"MUNICIPIUL RĂDĂUŢI",146628,1,PROV,PRCNCT,S,S_SV,"2021-01-21 12:30:02",2012,1991,19,2,498,477,19,2,2100,1602,487,8,2,1,118,39,33,117,61,13,29,34,2,36,4
35,SUCEAVA,"CRESA HIPODROM",111,"MUNICIPIUL RĂDĂUŢI",146628,1,PROV,PRCNCT,S,S_SV,"2021-01-21 12:30:02",1902,1885,17,0,439,422,17,0,2000,1561,423,10,6,2,109,23,21,117,53,11,2,30,2,52,1
35,SUCEAVA,"SCOALA GIMNAZIALA NR.2",112,"MUNICIPIUL RĂDĂUŢI",146628,1,PROV,PRCNCT,S,S_SV,"2021-01-21 12:30:02",1630,1603,25,2,356,329,25,2,1700,1344,349,6,1,1,78,20,25,88,42,7,18,12,3,52,3
35,SUCEAVA,"SCOALA GIMNAZIALA GHEORGHE POPADIUC NR.1",113,"MUNICIPIUL RĂDĂUŢI",146628,1,PROV,PRCNCT,S,S_SV,"2021-01-21 12:30:02",1877,1865,12,0,391,379,12,0,2000,1609,379,12,0,0,119,19,10,86,44,21,6,17,2,54,1
35,SUCEAVA,"GRADINITA CU PROGRAM PRELUNGIT PINOCHIO",114,"MUNICIPIUL RĂDĂUŢI",146628,1,PROV,PRCNCT,S,S_SV,"2021-01-21 12:30:02",1760,1743,17,0,391,374,17,0,1900,1509,382,6,3,1,80,16,19,110,54,8,11,28,5,43,7
35,SUCEAVA,"COLEGIUL ANDRONIC MOTRESCU",115,"MUNICIPIUL RĂDĂUŢI",146628,1,PROV,PRCNCT,S,S_SV,"2021-01-21 12:30:02",1426,1412,14,0,383,369,14,0,1500,1117,378,4,1,0,107,20,21,63,73,3,28,8,3,51,1
35,SUCEAVA,"CASA DE CULTURA ” PLATON PARDAU”",116,"MUNICIPIUL VATRA DORNEI",146744,1,PROV,PRCNCT,S,S_SV,"2021-01-21 12:30:02",1320,1289,29,2,409,378,29,2,1700,1291,396,13,0,2,103,19,23,100,45,8,1,21,2,68,4
35,SUCEAVA,"HOTEL BRADUL",117,"MUNICIPIUL VATRA DORNEI",146744,1,PROV,PRCNCT,S,S_SV,"2021-01-21 12:30:02",873,850,23,0,293,270,23,0,1000,707,291,1,1,1,75,12,18,69,38,7,4,27,2,35,3
35,SUCEAVA,"CASA DE CULTURA ”PLATON PARDĂU”",118,"MUNICIPIUL VATRA DORNEI",146744,1,PROV,PRCNCT,S,S_SV,"2021-01-21 12:30:02",932,909,22,1,341,318,22,1,1100,759,337,3,1,2,100,9,22,100,47,5,0,18,1,32,1
35,SUCEAVA,"ŞCOALA GIMNAZIALĂ NR.1",119,"MUNICIPIUL VATRA DORNEI",146744,1,PROV,PRCNCT,S,S_SV,"2021-01-21 12:30:02",1024,1007,17,0,365,348,17,0,1100,735,357,6,2,0,152,8,17,77,48,5,3,15,2,30,0
35,SUCEAVA,"ŞCOALA GIMNAZIALĂ NR.1",120,"MUNICIPIUL VATRA DORNEI",146744,1,PROV,PRCNCT,S,S_SV,"2021-01-21 12:30:02",1533,1512,21,0,531,510,21,0,1600,1069,522,7,2,3,162,25,24,113,72,15,4,16,1,85,2
35,SUCEAVA,"PENSIUNE TURISTICĂ - AUTOTURIST",121,"MUNICIPIUL VATRA DORNEI",146744,1,PROV,PRCNCT,S,S_SV,"2021-01-21 12:30:02",557,524,32,1,183,150,32,1,600,417,181,2,0,0,45,6,17,48,25,2,1,12,2,23,0
35,SUCEAVA,"ŞCOALA GIMNAZIALĂ NR.2",122,"MUNICIPIUL VATRA DORNEI",146744,1,PROV,PRCNCT,S,S_SV,"2021-01-21 12:30:02",881,855,25,1,303,277,25,1,900,597,299,4,0,0,90,8,25,83,51,5,0,17,1,18,1
35,SUCEAVA,"ȘCOALA GIMNAZIALĂ NR.2",123,"MUNICIPIUL VATRA DORNEI",146744,1,PROV,PRCNCT,S,S_SV,"2021-01-21 12:30:02",1200,1185,15,0,417,402,15,0,1300,883,410,7,0,2,96,24,22,134,49,3,0,22,4,54,0
35,SUCEAVA,"GRĂDINIȚA CU PROGRAM PRELUNGIT NR.3 ”SCUFIȚA ROȘIE”",124,"MUNICIPIUL VATRA DORNEI",146744,1,PROV,PRCNCT,S,S_SV,"2021-01-21 12:30:02",1075,1025,48,2,395,345,48,2,1100,705,391,4,0,2,107,13,25,131,45,4,2,23,4,32,3
35,SUCEAVA,"GRADINITA CU PROGRAM NORMAL NR.5",125,"MUNICIPIUL VATRA DORNEI",146744,1,PROV,PRCNCT,S,S_SV,"2021-01-21 12:30:02",1088,1071,17,0,357,340,17,0,1200,843,346,9,2,1,100,15,13,100,28,8,0,17,1,60,3
35,SUCEAVA,"ȘCOALA PRIMARĂ NR.3",126,"MUNICIPIUL VATRA DORNEI",146744,1,PROV,PRCNCT,S,S_SV,"2021-01-21 12:30:02",1050,1034,14,2,360,344,14,2,1100,740,353,5,2,1,96,13,16,82,61,3,4,29,4,40,4
35,SUCEAVA,"ȘCOALA PRIMARĂ NR.3",127,"MUNICIPIUL VATRA DORNEI",146744,1,PROV,PRCNCT,S,S_SV,"2021-01-21 12:30:02",860,852,8,0,267,259,8,0,900,633,261,5,1,2,65,15,16,71,23,3,0,23,1,40,2
35,SUCEAVA,"COMPLEX CFR GARA MARE",128,"MUNICIPIUL VATRA DORNEI",146744,1,PROV,PRCNCT,S,S_SV,"2021-01-21 12:30:02",1090,1074,16,0,319,303,16,0,1200,881,311,6,2,3,85,10,21,57,38,7,2,14,4,66,4
35,SUCEAVA,"SCOALA GENERALA ARGESTRU",129,"MUNICIPIUL VATRA DORNEI",146744,1,PROV,PRCNCT,S,S_SV,"2021-01-21 12:30:02",505,498,7,0,179,172,7,0,600,421,174,4,1,0,48,4,21,46,16,2,2,17,4,14,0
35,SUCEAVA,"CĂMIN CULTURAL HOLDA",130,"ORAŞ BROŞTENI",147358,2,PART,PRCNCT,S,S_SV,"2021-01-21 12:30:02",1036,1021,13,2,315,300,13,2,1100,785,306,9,0,0,33,29,6,69,26,5,0,25,0,109,4
35,SUCEAVA,"PRIMĂRIA BROŞTENI",131,"ORAŞ BROŞTENI",147358,1,PROV,PRCNCT,S,S_SV,"2021-01-21 12:30:02",822,810,12,0,229,217,12,0,900,671,225,4,0,1,37,39,11,74,16,4,0,19,1,22,1
35,SUCEAVA,"LICEUL TEHNOLOGIC ”NICOLAI NANU” BROŞTENI",132,"ORAŞ BROŞTENI",147358,1,PROV,PRCNCT,S,S_SV,"2021-01-21 12:30:02",1456,1448,8,0,390,382,8,0,1600,1210,382,5,3,2,56,62,8,143,30,2,1,11,2,61,4
35,SUCEAVA,"SPITAL MEDICO SOCIAL CARMEN SYLVA",133,"ORAŞ BROŞTENI",147358,1,PROV,PRCNCT,S,S_SV,"2021-01-21 12:30:02",451,441,10,0,137,127,10,0,500,363,132,2,3,1,24,26,2,44,5,3,0,7,2,18,0
35,SUCEAVA,"ŞCOALA COTÎRGAŞI NR.1",134,"ORAŞ BROŞTENI",147358,1,PROV,PRCNCT,S,S_SV,"2021-01-21 12:30:02",1059,1042,15,2,340,323,15,2,1100,760,329,9,2,3,43,54,13,86,21,3,1,11,1,93,0
35,SUCEAVA,"GRADINITA SAT FRASIN, BROSTENI",135,"ORAŞ BROŞTENI",147358,1,PROV,PRCNCT,S,S_SV,"2021-01-21 12:30:02",418,407,11,0,133,122,11,0,500,367,127,4,2,2,26,8,3,47,8,2,0,8,0,21,2
35,SUCEAVA,"ŞCOALA GENERALĂ DÎRMOXA",136,"ORAŞ BROŞTENI",147358,1,PROV,PRCNCT,S,S_SV,"2021-01-21 12:30:02",132,119,13,0,61,48,13,0,200,139,61,0,0,1,12,3,7,14,1,3,0,5,0,15,0
35,SUCEAVA,"CĂMIN CULTURAL CAJVANA",137,"ORAŞ CAJVANA",147633,2,PART,PRCNCT,S,S_SV,"2021-01-21 12:30:02",1811,1801,9,1,329,319,9,1,1900,1571,320,7,2,1,55,2,32,121,22,3,0,41,0,42,1
35,SUCEAVA,"LICEUL TEHNOLOGIC CAJVANA",138,"ORAŞ CAJVANA",147633,2,PART,PRCNCT,S,S_SV,"2021-01-21 12:30:02",1915,1901,10,4,313,299,10,4,2000,1687,308,3,2,0,56,4,18,112,24,4,1,45,1,39,4
35,SUCEAVA,"LICEUL TEHNOLOGIC CAJVANA",139,"ORAŞ CAJVANA",147633,1,PROV,PRCNCT,S,S_SV,"2021-01-21 12:30:02",1755,1749,5,1,246,240,5,1,1900,1654,235,2,9,1,58,2,15,58,27,4,0,27,1,41,1
35,SUCEAVA,"GRADINITA CU PROGRAM NORMAL CAJVANA",140,"ORAŞ CAJVANA",147633,2,PART,PRCNCT,S,S_SV,"2021-01-21 12:30:02",1510,1504,5,1,297,291,5,1,1600,1303,285,6,6,3,26,1,16,102,17,4,5,43,4,63,1
35,SUCEAVA,"LICEUL TEHNOLOGIC ”OLTEA DOAMNA”",141,"ORAŞ DOLHASCA",148006,1,PROV,PRCNCT,S,S_SV,"2021-01-21 12:30:02",1244,1203,41,0,346,305,41,0,1300,954,339,3,4,1,113,13,27,94,29,5,0,15,2,40,0
35,SUCEAVA,"BAZA SPORTIVĂ ”STRĂPUC LAURENŢIU”",142,"ORAŞ DOLHASCA",148006,1,PROV,PRCNCT,S,S_SV,"2021-01-21 12:30:02",1026,1006,20,0,275,255,20,0,1100,825,266,9,0,0,92,10,15,78,27,10,0,7,1,26,0
35,SUCEAVA,"ŞCOALA PRIMARĂ SÂNDENI",143,"ORAŞ DOLHASCA",148006,1,PROV,PRCNCT,S,S_SV,"2021-01-21 12:30:02",732,723,9,0,235,226,9,0,800,565,229,4,2,0,66,9,41,34,11,9,0,5,3,50,1
35,SUCEAVA,"ŞCOALA PRIMARĂ POIANA",144,"ORAŞ DOLHASCA",148006,1,PROV,PRCNCT,S,S_SV,"2021-01-21 12:30:02",377,362,15,0,115,100,15,0,400,285,109,3,3,0,48,1,6,22,3,1,0,7,1,19,1
35,SUCEAVA,"ŞCOALA GIMNAZIALĂ GULIA",145,"ORAŞ DOLHASCA",148006,1,PROV,PRCNCT,S,S_SV,"2021-01-21 12:30:02",1830,1821,9,0,537,528,9,0,2000,1463,512,7,18,4,113,11,21,137,18,7,2,23,2,168,6
35,SUCEAVA,"ŞCOALA GIMNAZIALĂ PROBOTA",146,"ORAŞ DOLHASCA",148006,1,PROV,PRCNCT,S,S_SV,"2021-01-21 12:30:02",1478,1452,26,0,509,483,26,0,1600,1091,491,9,9,1,223,11,11,133,14,3,0,24,2,64,5
35,SUCEAVA,"ŞCOALA PRIMARĂ POIENARI",147,"ORAŞ DOLHASCA",148006,1,PROV,PRCNCT,S,S_SV,"2021-01-21 12:30:02",246,234,12,0,105,93,12,0,300,195,101,4,0,2,24,3,16,32,6,2,0,2,0,12,2
35,SUCEAVA,"CĂMINUL CULTURAL SILIŞTEA",148,"ORAŞ DOLHASCA",148006,1,PROV,PRCNCT,S,S_SV,"2021-01-21 12:30:02",623,612,11,0,153,142,11,0,700,547,147,4,2,1,53,4,11,41,10,4,0,4,0,19,0
35,SUCEAVA,"ȘCOALA GIMNAZIALĂ BUDENI",149,"ORAŞ DOLHASCA",148006,1,PROV,PRCNCT,S,S_SV,"2021-01-21 12:30:02",1145,1135,10,0,285,275,10,0,1200,915,270,8,7,3,75,17,3,89,10,5,0,8,2,56,2
35,SUCEAVA,"ŞCOALA PRIMARĂ VALEA POIENII",150,"ORAŞ DOLHASCA",148006,1,PROV,PRCNCT,S,S_SV,"2021-01-21 12:30:02",417,403,14,0,178,164,14,0,500,322,174,2,2,1,77,4,15,25,6,1,0,3,0,40,2
35,SUCEAVA,"PRIMĂRIA ORAŞULUI FRASIN",151,"ORAŞ FRASIN",148612,2,PART,PRCNCT,S,S_SV,"2021-01-21 12:30:02",1358,1330,27,1,275,247,27,1,1400,1125,267,3,5,1,59,16,39,70,34,3,1,13,2,28,1
35,SUCEAVA,"ŞCOALA GIMNAZIALĂ FRASIN",152,"ORAŞ FRASIN",148612,2,PART,PRCNCT,S,S_SV,"2021-01-21 12:30:02",1080,1062,17,1,231,213,17,1,1200,969,228,1,2,2,47,19,9,50,42,5,0,10,3,34,7
35,SUCEAVA,"ŞCOALA GIMNAZIALĂ BUCŞOAIA",153,"ORAŞ FRASIN",148612,1,PROV,PRCNCT,S,S_SV,"2021-01-21 12:30:02",1308,1289,19,0,369,350,19,0,1400,1031,363,5,1,2,95,15,12,121,37,5,6,17,2,50,1
35,SUCEAVA,"ŞCOALA GIMNAZIALĂ DOROTEIA",154,"ORAŞ FRASIN",148612,1,PROV,PRCNCT,S,S_SV,"2021-01-21 12:30:02",736,724,12,0,158,146,12,0,800,642,151,2,5,2,53,3,6,22,18,3,0,11,1,30,2
35,SUCEAVA,"CĂMIN CULTURAL PLUTONIŢA",155,"ORAŞ FRASIN",148612,1,PROV,PRCNCT,S,S_SV,"2021-01-21 12:30:02",949,937,12,0,212,200,12,0,1000,788,205,6,1,2,47,13,13,49,15,1,0,10,2,48,5
35,SUCEAVA,"MUZEUL OBICEIURILOR POPULARE GURA HUMORULUI",156,"ORAŞ GURA HUMORULUI",146584,1,PROV,PRCNCT,S,S_SV,"2021-01-21 12:30:02",1899,1852,32,15,567,520,32,15,2200,1633,554,11,2,1,154,37,9,119,86,9,2,16,1,116,4
35,SUCEAVA,"GRADINITA CU PROGRAM NORMAL ”PINOCHIO”",157,"ORAŞ GURA HUMORULUI",146584,1,PROV,PRCNCT,S,S_SV,"2021-01-21 12:30:02",1604,1580,20,4,385,361,20,4,1700,1315,380,1,4,2,90,18,14,103,67,6,1,13,1,65,0
35,SUCEAVA,"COLEGIUL ”ALEXANDRU CEL BUN” CORPUL B",158,"ORAŞ GURA HUMORULUI",146584,1,PROV,PRCNCT,S,S_SV,"2021-01-21 12:30:02",1956,1932,22,2,504,480,22,2,2200,1696,489,13,2,0,149,24,14,123,81,11,3,16,7,57,4
35,SUCEAVA,"SCOALA GIMNAZIALA NR.1",159,"ORAŞ GURA HUMORULUI",146584,1,PROV,PRCNCT,S,S_SV,"2021-01-21 12:30:02",1941,1917,24,0,499,475,24,0,2100,1601,493,5,1,2,144,31,20,125,61,12,3,22,2,68,3
35,SUCEAVA,"SCOALA GIMNAZIALA ”PETRU COMARNESCU”",160,"ORAŞ GURA HUMORULUI",146584,1,PROV,PRCNCT,S,S_SV,"2021-01-21 12:30:02",1807,1777,30,0,492,462,30,0,1900,1408,478,10,4,0,145,21,14,122,89,13,4,25,1,41,3
35,SUCEAVA,"COLEGIUL” ALEXANDRU CEL BUN” CORPUL A",161,"ORAŞ GURA HUMORULUI",146584,1,PROV,PRCNCT,S,S_SV,"2021-01-21 12:30:02",1856,1824,32,0,472,440,32,0,2000,1528,459,13,0,3,171,21,7,124,48,5,0,18,5,52,5
35,SUCEAVA,"SCOALA GIMNAZIALA ”TEODOR BALAN”",162,"ORAŞ GURA HUMORULUI",146584,1,PROV,PRCNCT,S,S_SV,"2021-01-21 12:30:02",1771,1747,24,0,520,496,24,0,1900,1380,508,11,1,1,157,17,17,141,73,13,0,19,3,66,1
35,SUCEAVA,"SCOALA PRIMARA BOURENI",163,"ORAŞ GURA HUMORULUI",146584,4,PART,PRCNCT,S,S_SV,"2021-01-21 12:30:02",943,928,15,0,226,211,15,0,1000,774,219,3,4,1,31,11,10,45,17,2,6,7,2,87,0
35,SUCEAVA,"GRADINITA CU PROGRAM NORMAL VORONET",164,"ORAŞ GURA HUMORULUI",146584,1,PROV,PRCNCT,S,S_SV,"2021-01-21 12:30:02",737,714,21,2,229,206,21,2,800,571,222,4,3,2,77,10,4,43,14,4,0,16,1,51,0
35,SUCEAVA,"CASA DE CULTURĂ LITENI",165,"ORAŞ LITENI",149227,1,PROV,PRCNCT,S,S_SV,"2021-01-21 12:30:02",1747,1729,18,0,423,405,18,0,1900,1477,407,13,3,1,148,10,24,102,45,6,1,12,2,55,1
35,SUCEAVA,"CORPUL III LICEUL TEHNOLOGIC IORGU VÂRNAV LITEANU LITENI",166,"ORAŞ LITENI",149227,1,PROV,PRCNCT,S,S_SV,"2021-01-21 12:30:02",1303,1291,12,0,331,319,12,0,1400,1069,323,8,0,2,117,10,19,62,23,6,1,18,1,62,2
35,SUCEAVA,"CORPUL A LICEUL TEHNOLOGIC IORGU VÂRNAV LITEANU LITENI",167,"ORAŞ LITENI",149227,1,PROV,PRCNCT,S,S_SV,"2021-01-21 12:30:02",985,963,22,0,237,215,22,0,1100,863,231,5,1,0,79,9,15,45,18,2,4,7,0,50,2
35,SUCEAVA,"ŞCOALA GIMNAZIALĂ NR. 1 ROTUNDA",168,"ORAŞ LITENI",149227,1,PROV,PRCNCT,S,S_SV,"2021-01-21 12:30:02",1176,1164,12,0,256,244,12,0,1300,1044,246,4,6,1,81,11,4,61,8,6,0,12,2,56,4
35,SUCEAVA,"ŞCOALA PRIMARĂ NR. 2 ROTUNDA",169,"ORAŞ LITENI",149227,1,PROV,PRCNCT,S,S_SV,"2021-01-21 12:30:02",732,723,9,0,163,154,9,0,800,637,155,4,4,2,44,6,4,49,10,2,1,2,0,34,1
35,SUCEAVA,"ŞCOALA GIMNAZIALĂ ROŞCANI",170,"ORAŞ LITENI",149227,1,PROV,PRCNCT,S,S_SV,"2021-01-21 12:30:02",1017,990,27,0,280,253,27,0,1100,820,271,8,1,2,95,12,14,66,12,2,1,11,0,56,0
35,SUCEAVA,"ŞCOALA GIMNAZIALĂ CORNI",171,"ORAŞ LITENI",149227,2,PART,PRCNCT,S,S_SV,"2021-01-21 12:30:02",649,638,11,0,140,129,11,0,700,560,136,3,1,2,52,7,2,33,9,5,2,5,2,17,0
35,SUCEAVA,"ŞCOALA GIMNAZIALĂ SILIŞTEA",172,"ORAŞ LITENI",149227,1,PROV,PRCNCT,S,S_SV,"2021-01-21 12:30:02",663,640,23,0,140,117,23,0,700,560,135,5,0,1,45,5,7,22,4,4,1,8,0,35,3
35,SUCEAVA,"SEDIUL PRIMĂRIEI MILIȘĂUȚI",173,"ORAŞ MILIŞĂUŢI",146931,1,PROV,PRCNCT,S,S_SV,"2021-01-21 12:30:02",1530,1523,7,0,435,428,7,0,1700,1265,421,9,5,1,66,11,23,84,128,6,9,24,3,62,4
35,SUCEAVA,"CĂMINUL CULTURAL MILIŞĂUŢI",174,"ORAŞ MILIŞĂUŢI",146931,1,PROV,PRCNCT,S,S_SV,"2021-01-21 12:30:02",1678,1668,10,0,487,477,10,0,1800,1313,476,5,6,3,51,6,43,77,203,5,3,27,56,2,0
35,SUCEAVA,"GRĂDINIȚA CU PROGRAM NORMAL BĂDEUȚI",175,"ORAŞ MILIŞĂUŢI",146931,1,PROV,PRCNCT,S,S_SV,"2021-01-21 12:30:02",1254,1249,5,0,354,349,5,0,1400,1046,333,15,6,0,43,14,15,91,84,3,7,24,0,48,4
35,SUCEAVA,"CĂMINUL CULTURAL SALCEA",176,"ORAŞ SALCEA",146370,1,PROV,PRCNCT,S,S_SV,"2021-01-21 12:30:02",1215,1198,15,2,295,278,15,2,1300,1005,290,2,3,2,40,8,38,73,37,13,6,13,2,57,1
35,SUCEAVA,"CĂMINUL CULTURAL SALCEA",177,"ORAŞ SALCEA",146370,1,PROV,PRCNCT,S,S_SV,"2021-01-21 12:30:02",1400,1385,15,0,395,380,15,0,1500,1105,385,7,3,4,52,18,51,82,36,2,6,31,4,95,4
35,SUCEAVA,"CAMIN CULTURAL PLOPENI",178,"ORAŞ SALCEA",146370,1,PROV,PRCNCT,S,S_SV,"2021-01-21 12:30:02",1962,1950,12,0,509,497,12,0,2100,1591,499,5,5,1,101,15,52,142,56,7,28,24,4,62,7
35,SUCEAVA,"ȘCOALA MERENI",179,"ORAŞ SALCEA",146370,1,PROV,PRCNCT,S,S_SV,"2021-01-21 12:30:02",1186,1171,15,0,324,309,15,0,1300,976,319,1,4,1,68,7,37,69,23,11,7,14,2,77,3
35,SUCEAVA,"CĂMIN CULTURAL VĂRATEC",180,"ORAŞ SALCEA",146370,1,PROV,PRCNCT,S,S_SV,"2021-01-21 12:30:02",1266,1250,16,0,421,405,16,0,1400,979,406,10,5,2,32,13,112,107,24,3,13,14,4,78,4
35,SUCEAVA,"CĂMINUL CULTURAL - PRELIPCA",181,"ORAŞ SALCEA",146370,1,PROV,PRCNCT,S,S_SV,"2021-01-21 12:30:02",1114,1077,37,0,338,301,37,0,1200,862,327,6,5,3,40,21,33,105,6,1,56,13,1,48,0
35,SUCEAVA,"CENTRUL CULTURAL ”MIHAI TELIMAN”",182,"ORAŞ SIRET",146655,1,PROV,PRCNCT,S,S_SV,"2021-01-21 12:30:02",1301,1289,12,0,404,392,12,0,1400,996,391,12,1,2,135,19,9,128,25,7,9,16,3,36,2
35,SUCEAVA,"COLEGIUL LATCU VODA",183,"ORAŞ SIRET",146655,1,PROV,PRCNCT,S,S_SV,"2021-01-21 12:30:02",1428,1412,16,0,385,369,16,0,1500,1115,376,8,1,1,145,18,12,99,34,5,1,23,3,31,4
35,SUCEAVA,"BIBLIOTECA ORĂȘENEASCĂ SIRET",184,"ORAŞ SIRET",146655,1,PROV,PRCNCT,S,S_SV,"2021-01-21 12:30:02",1295,1284,11,0,326,315,11,0,1400,1074,313,11,2,1,105,18,5,100,15,7,5,13,6,37,1
35,SUCEAVA,"COLEGIUL LAȚCU VODĂ ȘCOALA PROFESIONALĂ",185,"ORAŞ SIRET",146655,1,PROV,PRCNCT,S,S_SV,"2021-01-21 12:30:02",747,737,10,0,208,198,10,0,800,592,203,5,0,2,67,9,5,54,21,4,2,13,2,24,0
35,SUCEAVA,"ȘCOALA GIMNAZIALĂ PETRU MUȘAT CORP C",186,"ORAŞ SIRET",146655,1,PROV,PRCNCT,S,S_SV,"2021-01-21 12:30:02",1077,1069,7,1,310,302,7,1,1200,890,300,8,2,2,125,6,12,83,20,7,7,10,1,26,1
35,SUCEAVA,"ȘCOALA GIMNAZIALĂ PETRU MUȘAT CORP I",187,"ORAŞ SIRET",146655,1,PROV,PRCNCT,S,S_SV,"2021-01-21 12:30:02",1364,1349,9,6,352,337,9,6,1500,1148,345,4,3,1,131,19,10,96,32,4,4,15,3,24,6
35,SUCEAVA,"ȘCOALA GIMNAZIALĂ PĂDURENI",188,"ORAŞ SIRET",146655,1,PROV,PRCNCT,S,S_SV,"2021-01-21 12:30:02",475,461,14,0,167,153,14,0,500,333,162,4,1,0,46,7,6,63,7,3,2,4,0,23,1
35,SUCEAVA,"ȘCOALA GIMNAZIALĂ MANASTIOARA",189,"ORAŞ SIRET",146655,1,PROV,PRCNCT,S,S_SV,"2021-01-21 12:30:02",462,447,15,0,135,120,15,0,500,365,130,5,0,1,60,3,5,35,5,3,1,0,1,13,3
35,SUCEAVA,"PRIMĂRIA ORAŞULUI SOLCA",190,"ORAŞ SOLCA",146708,2,PART,PRCNCT,S,S_SV,"2021-01-21 12:30:02",1037,1024,10,3,294,281,10,3,1100,806,289,4,1,2,59,18,10,108,31,11,2,10,2,35,1
35,SUCEAVA,"LICEUL TEHNOLOGIC TOMŞA VODĂ SOLCA",191,"ORAŞ SOLCA",146708,1,PROV,PRCNCT,S,S_SV,"2021-01-21 12:30:02",1059,1042,14,3,294,277,14,3,1100,806,285,5,4,2,46,9,6,133,28,8,2,11,2,37,1
35,SUCEAVA,"CĂMINUL CULTURAL VICOVU DE SUS-EST",192,"ORAŞ VICOVU DE SUS",151095,1,PROV,PRCNCT,S,S_SV,"2021-01-21 12:30:02",1271,1252,19,0,329,310,19,0,1400,1071,324,4,1,1,50,11,10,89,27,6,44,24,3,56,3
35,SUCEAVA,"GRĂDINIŢA CU PROGRAM NORMAL NR. 1-EST",193,"ORAŞ VICOVU DE SUS",151095,1,PROV,PRCNCT,S,S_SV,"2021-01-21 12:30:02",1386,1376,10,0,256,246,10,0,1500,1244,245,7,4,2,34,9,5,92,10,4,47,11,0,29,2
35,SUCEAVA,"LICEUL TEHHNOLOGIC ”ION NISTOR” VICOVU DE SUS-CORPUL 4",194,"ORAŞ VICOVU DE SUS",151095,1,PROV,PRCNCT,S,S_SV,"2021-01-21 12:30:02",1069,1059,10,0,262,252,10,0,1200,938,256,3,3,2,25,9,11,71,18,0,30,28,1,59,2
35,SUCEAVA,"ŞCOALA GIMNAZIALĂ NR. 3 VICOVU DE SUS",195,"ORAŞ VICOVU DE SUS",151095,1,PROV,PRCNCT,S,S_SV,"2021-01-21 12:30:02",1503,1491,12,0,279,267,12,0,1600,1321,268,8,3,1,66,6,9,81,8,2,7,22,1,58,7
35,SUCEAVA,"ŞCOALA GIMNAZIALĂ NR. 2 VICOVU DE SUS",196,"ORAŞ VICOVU DE SUS",151095,1,PROV,PRCNCT,S,S_SV,"2021-01-21 12:30:02",1463,1450,13,0,315,302,13,0,1600,1285,310,2,3,2,30,9,8,118,24,6,3,35,0,69,6
35,SUCEAVA,"CASA DE CULTURĂ VICOVU DE SUS - LAURA",197,"ORAŞ VICOVU DE SUS",151095,1,PROV,PRCNCT,S,S_SV,"2021-01-21 12:30:02",1712,1708,4,0,346,342,4,0,1800,1454,339,3,4,1,29,9,9,161,7,1,9,40,0,72,1
35,SUCEAVA,"ŞCOALA GIMNAZIALĂ BIVOLĂRIA",198,"ORAŞ VICOVU DE SUS",151095,1,PROV,PRCNCT,S,S_SV,"2021-01-21 12:30:02",1711,1697,14,0,446,432,14,0,1800,1354,433,13,0,0,98,6,30,80,18,6,121,21,1,50,2
35,SUCEAVA,"GRĂDINIŢA NOUĂ BIVOLĂRIE",199,"ORAŞ VICOVU DE SUS",151095,1,PROV,PRCNCT,S,S_SV,"2021-01-21 12:30:02",887,874,13,0,192,179,13,0,1000,808,188,1,3,0,40,8,7,42,13,1,20,13,1,43,0
35,SUCEAVA,"GRĂDINIŢA CU PROGRAM NORMAL ”LUMEA COPIILOR”",200,"ORAŞ VICOVU DE SUS",151095,1,PROV,PRCNCT,S,S_SV,"2021-01-21 12:30:02",1270,1254,13,3,295,279,13,3,1400,1105,289,6,0,1,27,14,10,92,17,2,63,14,4,41,4
35,SUCEAVA,"SCOALA GIMNAZIALĂ IOAN BĂNCESCU ADÂNCATA - CORPUL CU CLASELE I-IV",201,ADÂNCATA,146799,1,PROV,PRCNCT,S,S_SV,"2021-01-21 12:30:02",1430,1414,16,0,418,402,16,0,1500,1082,401,9,8,2,187,12,11,71,35,6,1,18,4,52,2
35,SUCEAVA,"SCOALA GIMNAZIALĂ IOAN BĂNCESCU ADÂNCATA - CORPUL CU CLASELE V-VIII",202,ADÂNCATA,146799,1,PROV,PRCNCT,S,S_SV,"2021-01-21 12:30:02",1041,1018,23,0,318,295,23,0,1100,782,306,8,4,1,131,10,18,53,32,8,5,13,2,32,1
35,SUCEAVA,"ŞCOALA PRIMARĂ CĂLUGĂRENI",203,ADÂNCATA,146799,1,PROV,PRCNCT,S,S_SV,"2021-01-21 12:30:02",682,648,34,0,177,143,34,0,700,523,168,5,4,1,72,7,5,27,5,6,1,17,1,25,1
35,SUCEAVA,"ŞCOALA PRIMARĂ FETEŞTI",204,ADÂNCATA,146799,1,PROV,PRCNCT,S,S_SV,"2021-01-21 12:30:02",497,469,28,0,194,166,28,0,500,306,186,6,2,2,108,1,5,36,12,3,1,8,0,10,0
35,SUCEAVA,"SCOALA GIMNAZIALA NR. 1 ”LUCA ARBURE”, CORP B",205,ARBORE,146860,1,PROV,PRCNCT,S,S_SV,"2021-01-21 12:30:02",1785,1767,18,0,404,386,18,0,1900,1496,389,8,7,1,98,24,14,126,27,9,3,23,2,58,4
35,SUCEAVA,"SCOALA GIMNAZIALA NR.2 ARBORE",206,ARBORE,146860,1,PROV,PRCNCT,S,S_SV,"2021-01-21 12:30:02",1703,1692,11,0,352,341,11,0,1800,1448,321,13,18,1,74,12,14,107,29,6,0,22,3,49,4
35,SUCEAVA,"SCOALA GIMNAZIALA NR.3 ARBORE",207,ARBORE,146860,1,PROV,PRCNCT,S,S_SV,"2021-01-21 12:30:02",1098,1082,16,0,262,246,16,0,1200,938,253,5,4,1,64,8,20,93,9,4,1,24,1,25,3
35,SUCEAVA,"SALĂ DE FESTIVITĂŢI CLIT",208,ARBORE,146860,1,PROV,PRCNCT,S,S_SV,"2021-01-21 12:30:02",1061,1043,18,0,300,282,18,0,1100,800,293,3,4,1,43,4,8,143,16,2,7,17,2,47,3
35,SUCEAVA,"ŞCOALA PRIMARĂ BODNĂRENI",209,ARBORE,146860,1,PROV,PRCNCT,S,S_SV,"2021-01-21 12:30:02",268,256,12,0,60,48,12,0,300,240,60,0,0,1,6,3,2,27,3,2,0,2,0,13,1
35,SUCEAVA,"SEDIUL PRIMARIEI BAIA",210,BAIA,146904,1,PROV,PRCNCT,S,S_SV,"2021-01-21 12:30:02",1637,1594,43,0,371,328,43,0,1800,1429,359,4,8,0,39,26,5,171,25,4,1,31,2,53,2
35,SUCEAVA,"ŞCOALA NR. 2 BAIA",211,BAIA,146904,1,PROV,PRCNCT,S,S_SV,"2021-01-21 12:30:02",1170,1137,33,0,286,253,33,0,1400,1114,275,5,6,1,32,17,23,110,13,1,0,20,1,54,3
35,SUCEAVA,"ŞCOALA NR. 3 BAIA",212,BAIA,146904,1,PROV,PRCNCT,S,S_SV,"2021-01-21 12:30:02",1741,1704,37,0,373,336,37,0,1900,1527,349,17,7,2,28,28,5,151,24,4,0,26,0,77,4
35,SUCEAVA,"ŞCOALA GIMNAZIALĂ BOGATA",213,BAIA,146904,1,PROV,PRCNCT,S,S_SV,"2021-01-21 12:30:02",1105,1087,16,2,252,234,16,2,1200,948,247,1,4,1,19,10,5,155,6,3,0,14,1,32,1
35,SUCEAVA,"ŞCOALA GIMNAZIALĂ BĂLĂCEANA",214,BĂLĂCEANA,151530,2,PART,PRCNCT,S,S_SV,"2021-01-21 12:30:02",1248,1203,45,0,345,300,45,0,1300,955,335,10,0,2,36,7,27,181,12,3,1,9,1,55,1
35,SUCEAVA,"SEDIUL PRIMĂRIEI COMUNEI BĂLCĂUŢI",215,BĂLCĂUŢI,146995,1,PROV,PRCNCT,S,S_SV,"2021-01-21 12:30:02",1236,1215,15,6,256,235,15,6,1300,1044,241,4,11,3,78,9,4,85,10,3,2,9,0,37,1
35,SUCEAVA,"ŞCOALA GIMNAZIALA NEGOSTINA",216,BĂLCĂUŢI,146995,1,PROV,PRCNCT,S,S_SV,"2021-01-21 12:30:02",1136,1107,22,7,359,330,22,7,1200,841,349,8,2,1,160,4,13,68,16,9,19,34,1,23,1
35,SUCEAVA,"ŞCOALA PRIMARA GROPENI",217,BĂLCĂUŢI,146995,1,PROV,PRCNCT,S,S_SV,"2021-01-21 12:30:02",324,311,13,0,83,70,13,0,400,317,82,0,1,2,26,2,4,21,5,0,0,1,0,21,0
35,SUCEAVA,"ȘCOALA GIMNAZIALĂ BERCHIȘEȘTI",218,BERCHIŞEŞTI,151576,2,PART,PRCNCT,S,S_SV,"2021-01-21 12:30:02",880,863,11,6,296,279,11,6,1000,704,289,4,3,2,56,7,9,113,22,10,2,16,1,49,2
35,SUCEAVA,"ȘCOALA GIMNAZIALĂ BERCHIȘEȘTI",219,BERCHIŞEŞTI,151576,2,PART,PRCNCT,S,S_SV,"2021-01-21 12:30:02",1306,1178,105,23,556,428,105,23,1300,744,529,17,10,4,74,4,17,257,25,5,9,23,3,105,3
35,SUCEAVA,"SCOALA PRIMARA CORLATA",220,BERCHIŞEŞTI,151576,2,PART,PRCNCT,S,S_SV,"2021-01-21 12:30:02",454,410,30,14,194,150,30,14,500,306,187,5,2,2,19,3,1,103,3,7,2,8,1,38,0
35,SUCEAVA,PRIMARIA,221,BILCA,147036,1,PROV,PRCNCT,S,S_SV,"2021-01-21 12:30:02",1170,1156,11,3,256,242,11,3,1300,1044,245,7,4,1,68,13,5,69,14,8,7,19,3,36,2
35,SUCEAVA,"SCOALA GIMNAZIALA NR. 2",222,BILCA,147036,1,PROV,PRCNCT,S,S_SV,"2021-01-21 12:30:02",1026,999,16,11,279,252,16,11,1100,821,271,2,6,2,102,7,11,59,21,4,0,21,4,39,1
35,SUCEAVA,"SCOALA PRIMARA NR. 3",223,BILCA,147036,1,PROV,PRCNCT,S,S_SV,"2021-01-21 12:30:02",971,961,10,0,200,190,10,0,1100,900,188,6,6,0,57,17,5,29,13,3,21,11,0,31,1
35,SUCEAVA,"ȘCOALA GIMNAZIALĂ NUMĂRUL 1 BOGDĂNEȘTI, LOCAL VECHI",224,BOGDĂNEŞTI,147054,4,PART,PRCNCT,S,S_SV,"2021-01-21 12:30:02",1881,1853,28,0,506,478,28,0,2000,1494,489,13,4,0,67,18,31,140,32,6,0,108,2,80,5
35,SUCEAVA,"ȘCOALA GIMNAZIALĂ NR. 2 BOGDĂNEȘTI, LOCAL VECHI",225,BOGDĂNEŞTI,147054,1,PROV,PRCNCT,S,S_SV,"2021-01-21 12:30:02",1433,1418,15,0,393,378,15,0,1500,1107,378,11,4,0,38,9,13,116,61,6,0,66,1,65,3
35,SUCEAVA,"CĂMIN CULTURAL MIHAI BOLEAC",226,BOROAIA,147072,1,PROV,PRCNCT,S,S_SV,"2021-01-21 12:30:02",850,824,26,0,218,192,26,0,900,682,216,1,1,0,31,3,13,93,33,5,1,13,3,19,2
35,SUCEAVA,"ŞCOALA PRIMARĂ NR.2 BOROAIA",227,BOROAIA,147072,1,PROV,PRCNCT,S,S_SV,"2021-01-21 12:30:02",728,716,12,0,177,165,12,0,800,623,171,4,2,2,23,7,5,83,19,2,0,7,0,23,0
35,SUCEAVA,"ȘCOALA PRIMARĂ",228,BOROAIA,147072,2,PART,PRCNCT,S,S_SV,"2021-01-21 12:30:02",473,460,13,0,131,118,13,0,500,369,122,7,2,0,22,4,8,57,3,0,1,6,0,21,0
35,SUCEAVA,"GRĂDINIŢA CU PROGRAM NORMAL BĂRĂŞTI",229,BOROAIA,147072,1,PROV,PRCNCT,S,S_SV,"2021-01-21 12:30:02",845,827,18,0,273,255,18,0,900,627,266,2,5,2,25,14,6,131,16,1,2,11,1,56,1
35,SUCEAVA,"ŞCOALA PRIMARĂ SĂCUŢA",230,BOROAIA,147072,1,PROV,PRCNCT,S,S_SV,"2021-01-21 12:30:02",456,443,13,0,114,101,13,0,500,386,107,1,6,1,8,4,0,52,4,3,1,8,1,24,1
35,SUCEAVA,"ŞCOALA GIMNAZIALĂ MOIŞA",231,BOROAIA,147072,1,PROV,PRCNCT,S,S_SV,"2021-01-21 12:30:02",585,561,24,0,175,151,24,0,600,425,167,4,4,1,15,2,5,57,8,1,0,13,0,65,0
35,SUCEAVA,"CAMINUL CULTURAL BOSANCI",232,BOSANCI,147134,1,PROV,PRCNCT,S,S_SV,"2021-01-21 12:30:02",1212,1203,9,0,267,258,9,0,1300,1033,259,7,1,2,77,11,27,48,17,3,32,11,2,26,3
35,SUCEAVA,"CĂMINUL CULTURAL BOSANCI",233,BOSANCI,147134,1,PROV,PRCNCT,S,S_SV,"2021-01-21 12:30:02",1262,1247,15,0,331,316,15,0,1400,1069,321,8,2,1,75,8,36,73,19,7,36,6,1,55,4
35,SUCEAVA,"ŞCOALA GIMNAZIALĂ BOSANCI",234,BOSANCI,147134,1,PROV,PRCNCT,S,S_SV,"2021-01-21 12:30:02",1282,1269,13,0,254,241,13,0,1400,1146,243,6,5,1,84,7,13,50,24,4,23,6,1,26,4
35,SUCEAVA,"ŞCOALA PRIMARĂ BOSANCI",235,BOSANCI,147134,1,PROV,PRCNCT,S,S_SV,"2021-01-21 12:30:02",1854,1834,20,0,413,393,20,0,2000,1587,395,11,7,3,98,9,20,83,46,5,37,18,4,65,7
35,SUCEAVA,"ŞCOALA PRIMARĂ CUMPĂRĂTURA",236,BOSANCI,147134,1,PROV,PRCNCT,S,S_SV,"2021-01-21 12:30:02",323,308,15,0,90,75,15,0,400,310,89,1,0,1,25,3,2,22,4,2,3,4,0,22,1
35,SUCEAVA,"SCOALA GIMNAZIALA CU CLASELE I-VIII BOTOSANA",237,BOTOŞANA,147161,1,PROV,PRCNCT,S,S_SV,"2021-01-21 12:30:02",1056,1043,13,0,327,314,13,0,1100,773,317,3,7,1,155,10,9,53,9,1,1,19,3,55,1
35,SUCEAVA,"CĂMIN CULTURAL BOTOŞANA",238,BOTOŞANA,147161,1,PROV,PRCNCT,S,S_SV,"2021-01-21 12:30:02",1081,1060,21,0,367,346,21,0,1200,833,360,2,5,1,166,7,6,91,11,5,0,39,1,33,0
35,SUCEAVA,"CAMINUL CULTURAL SAT BREAZA",239,BREAZA,147205,2,PART,PRCNCT,S,S_SV,"2021-01-21 12:30:02",1323,1280,22,21,390,347,22,21,1400,1010,371,10,9,1,57,18,14,161,14,11,5,29,0,59,2
35,SUCEAVA,"SEDIUL NOU AL PRIMARIEI COMUNEI BRODINA",240,BRODINA,147241,1,PROV,PRCNCT,S,S_SV,"2021-01-21 12:30:02",1310,1286,24,0,389,365,24,0,1414,1025,378,7,4,1,53,42,44,85,17,7,23,25,1,79,1
35,SUCEAVA,"CENTRU DE ASISTENTA DUPA PROGRAMUL SCOLAR TIP AFTER SCHOOL",241,BRODINA,147241,1,PROV,PRCNCT,S,S_SV,"2021-01-21 12:30:02",664,644,20,0,167,147,20,0,700,533,163,2,2,0,36,18,25,25,3,2,3,11,0,39,1
35,SUCEAVA,"GRADINITA CU PROGRAM NORMAL FALCAU",242,BRODINA,147241,1,PROV,PRCNCT,S,S_SV,"2021-01-21 12:30:02",1123,1098,25,0,342,317,25,0,1200,858,325,12,5,0,62,11,19,45,23,6,35,26,2,94,2
35,SUCEAVA,"GRĂDINIȚA CU PROGRAM NORMAL BUNEȘTI",243,BUNEŞTI,147465,3,PART,PRCNCT,S,S_SV,"2021-01-21 12:30:02",572,558,14,0,198,184,14,0,600,402,194,4,0,1,79,4,3,71,6,3,0,3,1,22,1
35,SUCEAVA,"GRADINITA CU PROGRAM NORMAL PODENI",244,BUNEŞTI,147465,1,PROV,PRCNCT,S,S_SV,"2021-01-21 12:30:02",493,483,10,0,160,150,10,0,600,440,157,3,0,1,21,2,2,69,15,2,15,9,0,21,0
35,SUCEAVA,"SCOALA GIMNAZIALA PETIA",245,BUNEŞTI,147465,1,PROV,PRCNCT,S,S_SV,"2021-01-21 12:30:02",632,621,11,0,178,167,11,0,700,522,172,3,3,0,23,6,5,78,4,5,0,4,0,45,2
35,SUCEAVA,"SCOALA UNCESTI",246,BUNEŞTI,147465,1,PROV,PRCNCT,S,S_SV,"2021-01-21 12:30:02",561,537,24,0,159,135,24,0,600,441,154,2,3,2,29,4,2,61,12,4,0,7,0,31,2
35,SUCEAVA,"CAMINUL CULTURAL BURLA - SALA MARE",247,BURLA,151521,1,PROV,PRCNCT,S,S_SV,"2021-01-21 12:30:02",1687,1678,9,0,376,367,9,0,1800,1424,368,5,3,0,108,42,35,73,21,4,7,11,1,59,7
35,SUCEAVA,"CENTRUL DE AFACERI MULTICULTURAL CACICA",248,CACICA,147526,1,PROV,PRCNCT,S,S_SV,"2021-01-21 12:30:02",1564,1540,22,2,511,487,22,2,1700,1189,489,16,6,4,153,29,14,148,35,10,4,18,4,66,4
35,SUCEAVA,"ȘCOALA CACICA",249,CACICA,147526,1,PROV,PRCNCT,S,S_SV,"2021-01-21 12:30:02",1123,1104,18,1,308,289,18,1,1200,892,294,8,6,4,90,12,7,96,24,9,2,15,5,29,1
35,SUCEAVA,"ŞCOALA SOLONEŢU NOU",250,CACICA,147526,1,PROV,PRCNCT,S,S_SV,"2021-01-21 12:30:02",734,688,22,24,348,302,22,24,800,452,319,9,20,2,133,23,5,49,21,4,2,8,3,62,7
35,SUCEAVA,"ŞCOALA RUNCU",251,CACICA,147526,1,PROV,PRCNCT,S,S_SV,"2021-01-21 12:30:02",197,169,26,2,76,48,26,2,200,124,72,2,2,2,19,2,2,26,1,3,1,1,0,15,0
35,SUCEAVA,"SALA DE SPORT CALAFINDESTI SALA A",252,CALAFINDEŞTI,147580,1,PROV,PRCNCT,S,S_SV,"2021-01-21 12:30:02",1013,1005,8,0,292,284,8,0,1100,808,285,2,5,1,107,19,17,67,15,2,5,18,0,33,1
35,SUCEAVA,"SALA DE SPORT CALAFINDESTI- SALA B",253,CALAFINDEŞTI,147580,1,PROV,PRCNCT,S,S_SV,"2021-01-21 12:30:02",985,974,11,0,271,260,11,0,1100,829,263,4,3,3,115,20,12,54,8,3,12,10,0,26,0
35,SUCEAVA,"SCOALA PRIMARA BOTOŞANIŢA MARE",254,CALAFINDEŞTI,147580,1,PROV,PRCNCT,S,S_SV,"2021-01-21 12:30:02",305,293,12,0,94,82,12,0,400,306,91,0,3,0,18,9,2,39,4,1,0,7,1,8,2
35,SUCEAVA,"GRĂDINIŢA CU PROGRAM NORMAL NR.1 CAPU CÂMPULUI",255,"CAPU CÂMPULUI",151503,2,PART,PRCNCT,S,S_SV,"2021-01-21 12:30:02",2081,1904,96,81,1179,1002,96,81,2100,921,1147,14,18,2,639,47,17,162,28,4,3,26,5,202,12
35,SUCEAVA,"LOCAL AFTER SCHOOL",256,CÂRLIBABA,147713,1,PROV,PRCNCT,S,S_SV,"2021-01-21 12:30:02",1593,1573,20,0,470,450,20,0,1700,1230,457,11,2,8,174,18,11,117,10,7,1,26,1,78,6
35,SUCEAVA,"CASA DE CULTURĂ CIOCĂNEȘTI",257,CIOCĂNEŞTI,151451,2,PART,PRCNCT,S,S_SV,"2021-01-21 12:30:02",933,906,19,8,378,351,19,8,1000,622,365,6,7,0,124,18,14,94,15,4,0,21,4,70,1
35,SUCEAVA,"ȘCOALA BOTOȘ",258,CIOCĂNEŞTI,151451,2,PART,PRCNCT,S,S_SV,"2021-01-21 12:30:02",355,337,11,7,167,149,11,7,400,233,164,3,0,0,62,11,2,33,11,3,0,12,0,28,2
35,SUCEAVA,"PRIMARIA COMUNEI CIPRIAN PORUMBESCU",259,"CIPRIAN PORUMBESCU",151567,1,PROV,PRCNCT,S,S_SV,"2021-01-21 12:30:02",1685,1665,20,0,374,354,20,0,1800,1426,356,5,13,1,28,7,8,203,23,9,3,23,0,47,4
35,SUCEAVA,"SCOALA GIMNAZIALA CU CLASELE I-VIII COMANESTI",260,COMĂNEŞTI,151433,1,PROV,PRCNCT,S,S_SV,"2021-01-21 12:30:02",1003,982,21,0,324,303,21,0,1100,776,315,3,6,1,127,18,18,79,17,7,1,12,2,30,3
35,SUCEAVA,"SCOALA GIMNAZIALA CU CLASELE I-VIII HUMORENI",261,COMĂNEŞTI,151433,1,PROV,PRCNCT,S,S_SV,"2021-01-21 12:30:02",923,908,15,0,290,275,15,0,1000,710,270,10,10,2,108,10,24,67,7,2,0,26,1,20,3
35,SUCEAVA,"SCOALA GIMNAZIALA CORNU LUNCII",262,"CORNU LUNCII",147786,2,PART,PRCNCT,S,S_SV,"2021-01-21 12:30:02",1076,1046,25,5,375,345,25,5,1100,725,361,13,1,1,49,9,5,180,18,5,1,27,3,61,2
35,SUCEAVA,"SCOALA GIMNAZIALA BAISESTI",263,"CORNU LUNCII",147786,2,PART,PRCNCT,S,S_SV,"2021-01-21 12:30:02",1231,1200,26,5,428,397,26,5,1300,872,412,9,7,1,57,9,11,172,44,4,0,35,3,74,2
35,SUCEAVA,"SCOALA GIMNAZIALA BRAIESTI",264,"CORNU LUNCII",147786,3,PART,PRCNCT,S,S_SV,"2021-01-21 12:30:02",1006,994,12,0,320,308,12,0,1100,780,309,11,0,1,46,9,10,124,29,4,0,11,0,75,0
35,SUCEAVA,"SCOALA PRIMARA DUMBRAVA",265,"CORNU LUNCII",147786,2,PART,PRCNCT,S,S_SV,"2021-01-21 12:30:02",466,452,10,4,122,108,10,4,500,378,114,3,5,1,13,2,3,52,7,0,3,5,1,27,0
35,SUCEAVA,"SCOALA SASCA NOUA",266,"CORNU LUNCII",147786,1,PROV,PRCNCT,S,S_SV,"2021-01-21 12:30:02",200,182,18,0,77,59,18,0,200,123,75,2,0,1,10,2,1,30,8,4,1,4,2,10,2
35,SUCEAVA,"SCOALA PRIMARA SASCA MICA",267,"CORNU LUNCII",147786,1,PROV,PRCNCT,S,S_SV,"2021-01-21 12:30:02",632,613,18,1,214,195,18,1,695,481,203,8,3,1,25,5,6,116,8,2,2,10,2,24,2
35,SUCEAVA,"SCOALA SINCA",268,"CORNU LUNCII",147786,1,PROV,PRCNCT,S,S_SV,"2021-01-21 12:30:02",163,142,14,7,84,63,14,7,200,116,83,0,1,1,10,0,1,54,2,3,0,5,1,6,0
35,SUCEAVA,"SCOALA SASCA MARE",269,"CORNU LUNCII",147786,4,PART,PRCNCT,S,S_SV,"2021-01-21 12:30:02",586,558,18,10,234,206,18,10,600,366,227,1,6,0,18,8,3,136,12,7,6,10,1,25,1
35,SUCEAVA,"SCOALA PAISENI",270,"CORNU LUNCII",147786,2,PART,PRCNCT,S,S_SV,"2021-01-21 12:30:02",651,631,13,7,279,259,13,7,700,421,271,4,4,1,22,7,3,155,5,3,0,13,0,62,0
35,SUCEAVA,"CĂMIN CULTURAL COȘNA",271,COŞNA,151497,2,PART,PRCNCT,S,S_SV,"2021-01-21 12:30:02",1245,1223,22,0,514,492,22,0,1300,786,505,3,6,2,98,22,30,160,75,3,1,35,1,73,5
35,SUCEAVA,"PRIMĂRIA COMUNEI CRUCEA SALĂ FESTIVITĂȚI",272,CRUCEA,147884,1,PROV,PRCNCT,S,S_SV,"2021-01-21 12:30:02",1216,1207,9,0,385,376,9,0,1300,915,375,9,1,0,63,8,7,165,25,4,1,41,1,58,2
35,SUCEAVA,"CĂMINUL CULTURAL CHIRIL",273,CRUCEA,147884,1,PROV,PRCNCT,S,S_SV,"2021-01-21 12:30:02",478,452,26,0,183,157,26,0,500,317,179,3,1,0,21,11,7,94,7,4,0,13,0,21,1
35,SUCEAVA,"GRĂDINIŢA CU PROGRAM NORMAL NR.1 DĂRMĂNEŞTI",274,DĂRMĂNEŞTI,147937,3,PART,PRCNCT,S,S_SV,"2021-01-21 12:30:02",1017,975,34,8,319,277,34,8,1100,781,309,6,4,4,119,11,18,63,18,7,0,18,0,48,3
35,SUCEAVA,"ŞCOALA DĂRMĂNEŞTI NR.2",275,DĂRMĂNEŞTI,147937,1,PROV,PRCNCT,S,S_SV,"2021-01-21 12:30:02",832,816,16,0,321,305,16,0,900,579,308,10,3,1,133,15,7,53,33,9,0,13,7,34,3
35,SUCEAVA,"ŞCOALA GIMNAZIALĂ MĂRIŢEI",276,DĂRMĂNEŞTI,147937,2,PART,PRCNCT,S,S_SV,"2021-01-21 12:30:02",1484,1448,23,13,539,503,23,13,1600,1061,524,11,4,3,235,19,40,93,26,7,1,30,1,65,4
35,SUCEAVA,"ŞCOALA GIMNAZIALĂ CĂLINEŞTI ENACHE",277,DĂRMĂNEŞTI,147937,2,PART,PRCNCT,S,S_SV,"2021-01-21 12:30:02",557,524,30,3,204,171,30,3,600,396,201,2,1,0,102,3,6,40,10,4,3,11,2,19,1
35,SUCEAVA,"ŞCOALA CĂLINEŞTI-VASILACHE",278,DĂRMĂNEŞTI,147937,1,PROV,PRCNCT,S,S_SV,"2021-01-21 12:30:02",175,160,15,0,61,46,15,0,200,139,57,2,2,0,32,0,1,8,4,2,0,2,0,8,0
35,SUCEAVA,"ŞCOALA GIMNAZIALĂ DĂNILA",279,DĂRMĂNEŞTI,147937,1,PROV,PRCNCT,S,S_SV,"2021-01-21 12:30:02",907,886,21,0,271,250,21,0,1000,729,267,1,3,1,80,17,55,38,16,6,1,13,1,39,0
35,SUCEAVA,"PRIMĂRIA DOLHEŞTI",280,DOLHEŞTI,148097,1,PROV,PRCNCT,S,S_SV,"2021-01-21 12:30:02",1430,1412,18,0,397,379,18,0,1500,1103,388,4,5,4,38,13,6,228,26,5,0,21,2,43,2
35,SUCEAVA,"ŞCOALA GIMNAZIALĂ DOLHEŞTII MICI",281,DOLHEŞTI,148097,1,PROV,PRCNCT,S,S_SV,"2021-01-21 12:30:02",996,965,31,0,256,225,31,0,1100,844,248,4,4,1,31,17,6,104,25,3,0,22,0,39,0
35,SUCEAVA,"ŞCOALA PRIMARĂ VALEA BOUREI",282,DOLHEŞTI,148097,1,PROV,PRCNCT,S,S_SV,"2021-01-21 12:30:02",647,624,23,0,231,208,23,0,700,469,223,5,3,1,37,7,3,89,10,4,1,20,2,48,1
35,SUCEAVA,"CĂMIN CULTURAL DORNA CANDRENILOR",283,"DORNA CANDRENILOR",148202,1,PROV,PRCNCT,S,S_SV,"2021-01-21 12:30:02",1774,1749,25,0,631,606,25,0,1900,1269,622,3,6,5,117,26,38,210,62,5,6,53,1,97,2
35,SUCEAVA,"CĂMINUL CULTURAL POIANA NEGRII",284,"DORNA CANDRENILOR",148202,1,PROV,PRCNCT,S,S_SV,"2021-01-21 12:30:02",787,771,16,0,284,268,16,0,900,616,278,5,1,1,63,11,20,76,7,5,2,18,0,75,0
35,SUCEAVA,"SEDIU ASOCIAŢIE ”OBŞTEA GURA NEGRII” DORNA ARINI",285,DORNA-ARINI,148131,1,PROV,PRCNCT,S,S_SV,"2021-01-21 12:30:02",567,557,10,0,192,182,10,0,600,408,188,3,1,0,74,7,6,34,18,5,1,7,2,32,2
35,SUCEAVA,"CĂMIN CULTURAL COZĂNEŞTI",286,DORNA-ARINI,148131,1,PROV,PRCNCT,S,S_SV,"2021-01-21 12:30:02",1271,1247,24,0,466,442,24,0,1400,934,460,4,2,1,205,21,13,110,37,2,0,23,1,44,3
35,SUCEAVA,"GRĂDINIŢA CU PROGRAM NORMAL RUSCA, SAT RUSCA, NR. 59A",287,DORNA-ARINI,148131,1,PROV,PRCNCT,S,S_SV,"2021-01-21 12:30:02",699,680,19,0,321,302,19,0,800,479,313,5,3,0,165,7,10,60,23,3,0,14,0,26,5
35,SUCEAVA,"SCOALA GIMNAZIALA DORNESTI",288,DORNEŞTI,148293,2,PART,PRCNCT,S,S_SV,"2021-01-21 12:30:02",1800,1788,10,2,344,332,10,2,1900,1556,337,7,0,0,104,17,10,85,39,2,0,4,0,73,3
35,SUCEAVA,"PRIMĂRIA COMUNEI DORNEȘTI",289,DORNEŞTI,148293,1,PROV,PRCNCT,S,S_SV,"2021-01-21 12:30:02",1807,1795,12,0,370,358,12,0,1900,1530,365,4,1,1,112,21,9,97,41,5,4,11,1,58,5
35,SUCEAVA,"SCOALA PRIMARA IAZ",290,DORNEŞTI,148293,1,PROV,PRCNCT,S,S_SV,"2021-01-21 12:30:02",237,229,8,0,56,48,8,0,300,244,54,0,2,0,22,1,1,7,3,1,0,2,1,16,0
35,SUCEAVA,"PRIMARIA COMUNEI DRĂGOIEŞTI",291,DRĂGOIEŞTI,148328,1,PROV,PRCNCT,S,S_SV,"2021-01-21 12:30:02",476,470,6,0,134,128,6,0,500,366,129,3,2,0,38,6,3,40,4,8,0,4,1,25,0
35,SUCEAVA,"CĂMIN CULTURAL DRĂGOIEȘTI",292,DRĂGOIEŞTI,148328,1,PROV,PRCNCT,S,S_SV,"2021-01-21 12:30:02",1472,1443,29,0,413,384,29,0,1600,1187,403,6,4,1,91,11,16,174,9,4,1,19,7,67,3
35,SUCEAVA,"CĂMIN CULTURAL LUCĂCEȘTI",293,DRĂGOIEŞTI,148328,1,PROV,PRCNCT,S,S_SV,"2021-01-21 12:30:02",231,218,13,0,78,65,13,0,300,222,71,3,4,2,20,2,4,18,4,2,1,4,0,13,1
35,SUCEAVA,"PRIMĂRIA COMUNEI DRĂGUŞENI",294,DRĂGUŞENI,148382,1,PROV,PRCNCT,S,S_SV,"2021-01-21 12:30:02",1850,1794,56,0,482,426,56,0,1900,1418,466,9,7,0,47,23,9,219,49,5,1,28,5,78,2
35,SUCEAVA,"GRĂDINIŢA CU PROGRAM NORMAL BROŞTENI",295,DRĂGUŞENI,148382,1,PROV,PRCNCT,S,S_SV,"2021-01-21 12:30:02",288,273,15,0,81,66,15,0,300,219,78,1,2,0,3,9,1,40,4,1,0,5,0,15,0
35,SUCEAVA,"ATENEU DUMBRAVENI",296,DUMBRĂVENI,148426,1,PROV,PRCNCT,S,S_SV,"2021-01-21 12:30:02",1644,1623,21,0,495,474,21,0,1800,1305,474,17,4,4,44,6,71,189,22,8,18,17,3,90,2
35,SUCEAVA,"LICEUL TEHNOLOGIC MIHAI EMINESCU DUMBRAVENI",297,DUMBRĂVENI,148426,1,PROV,PRCNCT,S,S_SV,"2021-01-21 12:30:02",1826,1806,20,0,470,450,20,0,1900,1430,464,2,4,1,70,8,42,163,30,8,17,27,0,94,4
35,SUCEAVA,"SCOALA TOLOACA",298,DUMBRĂVENI,148426,1,PROV,PRCNCT,S,S_SV,"2021-01-21 12:30:02",1870,1858,12,0,452,440,12,0,2000,1548,434,9,9,2,52,5,48,139,29,5,23,17,1,111,2
35,SUCEAVA,"SCOALA DEAL",299,DUMBRĂVENI,148426,1,PROV,PRCNCT,S,S_SV,"2021-01-21 12:30:02",1593,1575,18,0,397,379,18,0,1700,1303,385,4,8,2,50,7,44,143,11,2,5,21,1,97,2
35,SUCEAVA,"SCOALA SALAGENI",300,DUMBRĂVENI,148426,1,PROV,PRCNCT,S,S_SV,"2021-01-21 12:30:02",423,411,12,0,103,91,12,0,500,397,101,0,2,1,11,2,3,38,5,6,0,6,3,25,1
35,SUCEAVA,"SCOALA CU CLASELE I-IV FANTANA MARE",301,"FÂNTÂNA MARE",151488,2,PART,PRCNCT,S,S_SV,"2021-01-21 12:30:02",883,867,16,0,251,235,16,0,1000,749,243,5,3,2,80,8,33,54,16,3,1,20,0,20,6
35,SUCEAVA,"SCOALA CU CLASELE I-IV COTU BAII",302,"FÂNTÂNA MARE",151488,1,PROV,PRCNCT,S,S_SV,"2021-01-21 12:30:02",799,775,23,1,231,207,23,1,900,669,222,5,4,1,29,6,61,57,15,2,0,19,4,24,4
35,SUCEAVA,"SCOALA CU CLASELE I-IV PRAXIA",303,"FÂNTÂNA MARE",151488,1,PROV,PRCNCT,S,S_SV,"2021-01-21 12:30:02",143,127,16,0,46,30,16,0,200,154,45,1,0,1,15,1,3,10,3,1,0,2,0,9,0
35,SUCEAVA,"SCOALA CU CLASELE I-IV SPĂTĂREȘTI",304,"FÂNTÂNA MARE",151488,1,PROV,PRCNCT,S,S_SV,"2021-01-21 12:30:02",389,369,20,0,114,94,20,0,400,286,108,4,2,0,22,4,12,33,8,2,0,2,1,23,1
35,SUCEAVA,"GRĂDINIȚA CU PROGRAM NORMAL CU 3 GRUPE NR.1 FÂNTÂNELE",305,FÂNTÂNELE,148453,1,PROV,PRCNCT,S,S_SV,"2021-01-21 12:30:02",919,903,16,0,216,200,16,0,1000,784,208,3,5,0,50,34,9,55,5,3,1,10,0,41,0
35,SUCEAVA,"SCOALA DIN SATUL SLOBOZIA",306,FÂNTÂNELE,148453,1,PROV,PRCNCT,S,S_SV,"2021-01-21 12:30:02",183,172,11,0,59,48,11,0,200,141,57,1,1,1,8,12,3,21,1,1,0,3,0,7,0
35,SUCEAVA,"CĂMINUL CULTURAL BĂNEŞTI",307,FÂNTÂNELE,148453,1,PROV,PRCNCT,S,S_SV,"2021-01-21 12:30:02",966,939,27,0,280,253,27,0,1000,720,270,5,5,0,60,26,16,89,10,5,3,21,1,37,2
35,SUCEAVA,"ȘCOALA PRIMARĂ CU CLASELE I-IV STAMATE",308,FÂNTÂNELE,148453,1,PROV,PRCNCT,S,S_SV,"2021-01-21 12:30:02",1564,1556,8,0,388,380,8,0,1700,1312,377,8,3,4,76,26,44,117,3,3,6,15,2,79,2
35,SUCEAVA,"SCOALA DIN SATUL COTU DOBEI",309,FÂNTÂNELE,148453,1,PROV,PRCNCT,S,S_SV,"2021-01-21 12:30:02",164,144,20,0,59,39,20,0,200,141,57,2,0,0,7,7,8,21,1,2,0,4,0,6,1
35,SUCEAVA,"SEDIUL PRIMARIEI FORASTI",310,FORĂŞTI,148514,1,PROV,PRCNCT,S,S_SV,"2021-01-21 12:30:02",502,483,12,7,158,139,12,7,600,442,154,1,3,0,23,4,5,73,2,1,1,8,0,36,1
35,SUCEAVA,"SCOALA ANTOCENI",311,FORĂŞTI,148514,1,PROV,PRCNCT,S,S_SV,"2021-01-21 12:30:02",276,263,13,0,93,80,13,0,300,207,91,0,2,0,18,7,3,34,2,4,0,10,0,12,1
35,SUCEAVA,"SCOALA GIMNAZIALA ONICENI",312,FORĂŞTI,148514,1,PROV,PRCNCT,S,S_SV,"2021-01-21 12:30:02",799,783,11,5,211,195,11,5,900,689,205,4,2,0,27,6,6,96,11,3,4,13,1,33,5
35,SUCEAVA,"SCOALA ROSIORI",313,FORĂŞTI,148514,1,PROV,PRCNCT,S,S_SV,"2021-01-21 12:30:02",307,294,13,0,99,86,13,0,400,301,96,1,2,0,13,5,1,54,4,1,0,6,0,10,2
35,SUCEAVA,"SCOALA PRIMARA RUSI",314,FORĂŞTI,148514,1,PROV,PRCNCT,S,S_SV,"2021-01-21 12:30:02",332,319,13,0,148,135,13,0,400,252,140,4,4,0,15,3,5,59,7,2,0,9,1,38,1
35,SUCEAVA,"SCOALA TOLESTI",315,FORĂŞTI,148514,1,PROV,PRCNCT,S,S_SV,"2021-01-21 12:30:02",339,329,10,0,85,75,10,0,400,315,77,2,6,1,14,4,1,43,3,1,0,3,1,6,0
35,SUCEAVA,"SCOALA PRIMARA BOURA",316,FORĂŞTI,148514,1,PROV,PRCNCT,S,S_SV,"2021-01-21 12:30:02",468,454,14,0,156,142,14,0,500,344,151,4,1,2,15,4,2,72,4,3,0,8,1,40,0
35,SUCEAVA,"SEDIUL FOSTEI PRIMARII MANOLEA",317,FORĂŞTI,148514,1,PROV,PRCNCT,S,S_SV,"2021-01-21 12:30:02",438,419,19,0,172,153,19,0,500,328,164,8,0,0,12,4,7,72,20,1,1,6,0,40,1
35,SUCEAVA,"SCOALA PRIMARA UIDESTI",318,FORĂŞTI,148514,1,PROV,PRCNCT,S,S_SV,"2021-01-21 12:30:02",145,132,13,0,66,53,13,0,200,134,63,2,1,0,3,5,2,43,1,2,0,0,0,7,0
35,SUCEAVA,"SCOALA VIISOARA, CATUN VIISOARA",319,FORĂŞTI,148514,1,PROV,PRCNCT,S,S_SV,"2021-01-21 12:30:02",178,164,14,0,70,56,14,0,200,130,66,2,2,1,12,4,0,24,5,2,0,3,0,12,3
35,SUCEAVA,"ȘCOALA GIMNAZIALĂ ”IRACLIE PORUMBESCU” FRĂTĂUȚII NOI",320,"FRĂTĂUŢII NOI",148667,1,PROV,PRCNCT,S,S_SV,"2021-01-21 12:30:02",1227,1208,19,0,323,304,19,0,1300,977,317,3,3,1,55,16,48,73,72,7,1,19,2,20,3
35,SUCEAVA,"ŞCOALA GIMNAZIALĂ NR 2 FRĂTĂUŢII NOI",321,"FRĂTĂUŢII NOI",148667,1,PROV,PRCNCT,S,S_SV,"2021-01-21 12:30:02",1621,1611,10,0,222,212,10,0,1700,1478,207,11,4,3,39,6,56,32,20,5,1,11,0,33,1
35,SUCEAVA,"GRADINITA CU PROGRAM NORMAL NR 3 FRĂTĂUŢII NOI",322,"FRĂTĂUŢII NOI",148667,2,PART,PRCNCT,S,S_SV,"2021-01-21 12:30:02",410,404,6,0,104,98,6,0,494,390,102,0,2,1,17,9,30,19,8,4,0,3,1,9,1
35,SUCEAVA,"CĂMIN CULTURAL COSTIŞA",323,"FRĂTĂUŢII NOI",148667,1,PROV,PRCNCT,S,S_SV,"2021-01-21 12:30:02",808,797,11,0,179,168,11,0,900,721,174,3,2,1,52,12,22,35,11,8,2,16,1,14,0
35,SUCEAVA,"GRĂDINIŢA CU PROGRAM NORMAL NR 2 COSTIŞA",324,"FRĂTĂUŢII NOI",148667,1,PROV,PRCNCT,S,S_SV,"2021-01-21 12:30:02",521,508,13,0,122,109,13,0,600,478,119,2,1,1,22,7,17,39,12,8,0,3,1,9,0
35,SUCEAVA,"CAMIN CULTURAL FRATAUTII VECHI",325,"FRĂTĂUŢII VECHI",148694,1,PROV,PRCNCT,S,S_SV,"2021-01-21 12:30:02",1527,1516,11,0,233,222,11,0,1600,1367,227,6,0,1,58,12,15,50,23,11,9,6,1,40,1
35,SUCEAVA,"ŞCOALA PRIMARĂ LIVIU V. IONESI FRĂTĂUŢII-VECHI",326,"FRĂTĂUŢII VECHI",148694,1,PROV,PRCNCT,S,S_SV,"2021-01-21 12:30:02",1218,1202,16,0,240,224,16,0,1300,1060,232,7,1,0,73,15,6,45,36,6,4,6,2,37,2
35,SUCEAVA,"CAMIN CULTURAL MĂNEUŢI",327,"FRĂTĂUŢII VECHI",148694,1,PROV,PRCNCT,S,S_SV,"2021-01-21 12:30:02",1790,1769,21,0,302,281,21,0,1900,1598,288,11,3,1,65,13,15,62,21,4,8,18,2,77,2
35,SUCEAVA,"PRIMARIA FRUMOSU",328,FRUMOSU,148729,1,PROV,PRCNCT,S,S_SV,"2021-01-21 12:30:02",1870,1833,21,16,666,629,21,16,2000,1334,652,6,8,1,279,17,30,181,30,7,2,22,0,76,7
35,SUCEAVA,"SCOALA GENERALA CU CLASELE I-IV DEIA",329,FRUMOSU,148729,1,PROV,PRCNCT,S,S_SV,"2021-01-21 12:30:02",678,651,15,12,248,221,15,12,700,452,245,2,1,1,101,3,15,61,15,3,0,13,1,27,5
35,SUCEAVA,"SCOALA DRAGOSA",330,FRUMOSU,148729,1,PROV,PRCNCT,S,S_SV,"2021-01-21 12:30:02",370,357,11,2,114,101,11,2,400,286,108,2,4,2,36,3,4,29,5,1,0,2,0,25,1
35,SUCEAVA,"ŞCOALA GIMNAZIALĂ”DIMITRIE GUSTI”",331,"FUNDU MOLDOVEI",148765,2,PART,PRCNCT,S,S_SV,"2021-01-21 12:30:02",1571,1549,21,1,595,573,21,1,1700,1105,585,7,3,1,253,14,46,134,54,7,1,15,1,52,7
35,SUCEAVA,"ȘCOALA GIMNAZIALĂ ”TRAIAN POPOVICI” COLACU",332,"FUNDU MOLDOVEI",148765,1,PROV,PRCNCT,S,S_SV,"2021-01-21 12:30:02",836,824,12,0,330,318,12,0,900,570,325,1,4,0,121,9,33,84,26,1,0,15,1,34,1
35,SUCEAVA,"CĂMINUL CULTURAL BOTUȘ",333,"FUNDU MOLDOVEI",148765,1,PROV,PRCNCT,S,S_SV,"2021-01-21 12:30:02",984,963,19,2,296,275,19,2,1100,804,286,4,6,1,149,2,12,52,14,2,1,16,0,33,4
35,SUCEAVA,"ŞCOALA PRIMARĂ DIN SATUL GĂLĂNEŞTI",334,GĂLĂNEŞTI,148872,1,PROV,PRCNCT,S,S_SV,"2021-01-21 12:30:02",1566,1559,7,0,308,301,7,0,1700,1392,301,4,3,1,38,19,11,97,36,10,0,20,2,67,0
35,SUCEAVA,"CĂMIN CULTURAL GĂLĂNEŞTI",335,GĂLĂNEŞTI,148872,1,PROV,PRCNCT,S,S_SV,"2021-01-21 12:30:02",911,898,13,0,165,152,13,0,1000,835,161,3,1,0,22,13,8,63,15,2,1,12,3,22,0
35,SUCEAVA,"ȘCOALA GIMNAZIALĂ ” PAHOMIE C. VASILIU”",336,GRĂMEŞTI,148916,2,PART,PRCNCT,S,S_SV,"2021-01-21 12:30:02",1673,1648,23,2,386,361,23,2,1800,1414,377,6,3,1,66,7,14,139,29,7,0,52,4,54,4
35,SUCEAVA,"ŞCOALA PRIMARĂ BĂLINEŞTI",337,GRĂMEŞTI,148916,1,PROV,PRCNCT,S,S_SV,"2021-01-21 12:30:02",575,567,8,0,110,102,8,0,600,490,102,5,3,3,13,5,2,49,6,2,0,10,0,10,2
35,SUCEAVA,"ŞCOALA CU CLASELE I-IV BOTOŞANIŢA MICĂ",338,GRĂMEŞTI,148916,2,PART,PRCNCT,S,S_SV,"2021-01-21 12:30:02",214,197,16,1,76,59,16,1,300,224,68,5,3,3,6,2,1,36,2,4,0,3,0,11,0
35,SUCEAVA,"ŞCOALA GIMNAZIALĂ ”MIHAIL SADOVEANU” GRĂNICEŞTI",339,GRĂNICEŞTI,148970,1,PROV,PRCNCT,S,S_SV,"2021-01-21 12:30:02",1018,1008,10,0,208,198,10,0,1100,892,200,4,4,1,30,5,36,57,8,6,27,9,0,19,2
35,SUCEAVA,"SCOALA GIMNAZIALA MIHAIL SADOVEANU GRANICESTI",340,GRĂNICEŞTI,148970,1,PROV,PRCNCT,S,S_SV,"2021-01-21 12:30:02",947,940,7,0,142,135,7,0,1000,858,138,1,3,1,15,5,30,44,6,2,6,9,0,20,0
35,SUCEAVA,"ȘCOALA PRIMARĂ DUMBRAVA",341,GRĂNICEŞTI,148970,1,PROV,PRCNCT,S,S_SV,"2021-01-21 12:30:02",351,340,11,0,68,57,11,0,400,332,67,1,0,1,16,1,14,17,4,0,2,1,1,9,1
35,SUCEAVA,"ŞCOALA GIMNAZIALĂ GURA SOLCII",342,GRĂNICEŞTI,148970,1,PROV,PRCNCT,S,S_SV,"2021-01-21 12:30:02",603,594,9,0,135,126,9,0,700,565,133,2,0,1,6,1,6,102,4,0,5,1,0,7,0
35,SUCEAVA,"ŞCOALA PRIMARĂ IACOBEŞTI",343,GRĂNICEŞTI,148970,2,PART,PRCNCT,S,S_SV,"2021-01-21 12:30:02",468,449,19,0,123,104,19,0,500,377,121,2,0,1,18,9,15,23,14,4,6,9,0,18,4
35,SUCEAVA,"ŞCOALA GIMNAZIALĂ ROMÂNEŞTI",344,GRĂNICEŞTI,148970,1,PROV,PRCNCT,S,S_SV,"2021-01-21 12:30:02",596,571,25,0,138,113,25,0,600,462,130,7,1,1,30,1,5,38,12,2,3,7,0,31,0
35,SUCEAVA,"ŞCOALA PRIMARĂ SLOBOZIA SUCEVEI",345,GRĂNICEŞTI,148970,1,PROV,PRCNCT,S,S_SV,"2021-01-21 12:30:02",577,569,8,0,129,121,8,0,700,571,126,3,0,1,16,3,14,42,17,3,1,4,0,22,3
35,SUCEAVA,"CĂMINUL CULTURAL HĂNŢEŞTI",346,HĂNŢEŞTI,151512,1,PROV,PRCNCT,S,S_SV,"2021-01-21 12:30:02",1474,1455,17,2,406,387,17,2,1600,1194,385,15,6,0,53,19,18,179,19,8,5,17,4,61,2
35,SUCEAVA,"ȘCOALA PRIMARĂ NR. 2 HĂNȚEȘTI VALE",347,HĂNŢEŞTI,151512,1,PROV,PRCNCT,S,S_SV,"2021-01-21 12:30:02",1215,1199,16,0,298,282,16,0,1300,1002,285,7,6,1,38,20,15,134,6,7,6,18,2,37,1
35,SUCEAVA,"ȘCOALA PRIMARĂ BEREȘTI",348,HĂNŢEŞTI,151512,1,PROV,PRCNCT,S,S_SV,"2021-01-21 12:30:02",520,504,16,0,118,102,16,0,596,478,115,3,0,1,23,2,5,62,7,3,0,0,0,7,5
35,SUCEAVA,"CLĂDIRE ADMINISTRATIVĂ",349,HÂRTOP,151549,1,PROV,PRCNCT,S,S_SV,"2021-01-21 12:30:02",1168,1162,6,0,363,357,6,0,1300,937,346,5,12,1,50,16,11,82,22,7,1,39,1,116,0
35,SUCEAVA,"CLĂDIRE ADMINISTRATIVĂ",350,HÂRTOP,151549,1,PROV,PRCNCT,S,S_SV,"2021-01-21 12:30:02",890,878,12,0,235,223,12,0,1000,765,225,2,8,0,55,16,2,52,6,1,2,17,2,70,2
35,SUCEAVA,"CĂMINUL CULTURAL HORODNIC DE JOS",351,"HORODNIC DE JOS",149101,1,PROV,PRCNCT,S,S_SV,"2021-01-21 12:30:02",1394,1375,19,0,391,372,19,0,1500,1109,380,8,3,3,84,24,24,83,93,2,1,26,3,35,2
35,SUCEAVA,"SCOALA PRIMARĂ VASILE ŢIGĂNESCU",352,"HORODNIC DE JOS",149101,1,PROV,PRCNCT,S,S_SV,"2021-01-21 12:30:02",638,628,10,0,164,154,10,0,700,536,160,4,0,2,30,7,4,34,40,2,0,13,0,25,3
35,SUCEAVA,"SCOALA GIMNAZIALA NR.2",353,"HORODNIC DE SUS",151479,1,PROV,PRCNCT,S,S_SV,"2021-01-21 12:30:02",1221,1206,15,0,295,280,15,0,1300,1005,285,9,1,1,101,25,10,46,16,4,28,19,0,32,3
35,SUCEAVA,"CASA DE CULTURĂ",354,"HORODNIC DE SUS",151479,1,PROV,PRCNCT,S,S_SV,"2021-01-21 12:30:02",1764,1745,19,0,515,496,19,0,1900,1385,505,5,5,2,197,25,12,78,33,10,9,59,5,72,3
35,SUCEAVA,"SCOALA GIMNAZIALA NR.3",355,"HORODNIC DE SUS",151479,1,PROV,PRCNCT,S,S_SV,"2021-01-21 12:30:02",1104,1091,13,0,243,230,13,0,1200,957,230,10,3,0,59,12,11,68,8,5,1,20,2,42,2
35,SUCEAVA,"PRIMĂRIA COMUNEI HORODNICENI",356,HORODNICENI,149049,1,PROV,PRCNCT,S,S_SV,"2021-01-21 12:30:02",953,889,33,31,421,357,33,31,1000,579,411,10,0,2,161,12,20,104,24,7,0,25,0,50,6
35,SUCEAVA,"ȘCOALA CU CL.I-IV BOTEȘTI",357,HORODNICENI,149049,2,PART,PRCNCT,S,S_SV,"2021-01-21 12:30:02",421,376,28,17,180,135,28,17,400,220,174,0,6,2,83,11,2,38,13,3,2,4,0,14,2
35,SUCEAVA,"ȘCOALA CU CL.I-IV BRĂDĂȚEL",358,HORODNICENI,149049,1,PROV,PRCNCT,S,S_SV,"2021-01-21 12:30:02",502,465,25,12,222,185,25,12,500,278,214,4,4,1,74,9,4,47,12,2,3,4,1,56,1
35,SUCEAVA,"ȘCOALA CU CL.I-VIII MIHĂIEȘTI",359,HORODNICENI,149049,1,PROV,PRCNCT,S,S_SV,"2021-01-21 12:30:02",709,645,20,44,376,312,20,44,700,324,362,9,5,1,142,18,8,106,11,2,0,19,0,53,2
35,SUCEAVA,"PUNCT DOCUMENTAR NICOALE ISTRATI",360,HORODNICENI,149049,1,PROV,PRCNCT,S,S_SV,"2021-01-21 12:30:02",474,457,11,6,165,148,11,6,500,335,160,3,2,0,61,6,11,50,9,2,0,2,0,18,1
35,SUCEAVA,"ȘCOALA GIMNAZIALĂ LIVIU SUHAR",361,IACOBENI,149138,1,PROV,PRCNCT,S,S_SV,"2021-01-21 12:30:02",906,894,8,4,370,358,8,4,1000,630,363,6,1,2,107,4,12,130,24,11,1,28,1,39,4
35,SUCEAVA,"CLUBUL FERMIERILOR MESTECANIS STR FERMIERILOR NR 14 SAT MESTECANIS COMUNA IACOBENI JUDETUL SUCEAVA",362,IACOBENI,149138,2,PART,PRCNCT,S,S_SV,"2021-01-21 12:30:02",276,263,13,0,128,115,13,0,300,173,127,0,0,0,27,1,5,50,11,3,3,15,0,11,1
35,SUCEAVA,"LICEUL TEHNOLOGIC LIVIU SUHAR IACOBENI CORP A STR. MINELOR NR 17 COMUNA IACOBENI JUDETUL SUCEAVA",363,IACOBENI,149138,1,PROV,PRCNCT,S,S_SV,"2021-01-21 12:30:02",595,579,16,0,223,207,16,0,700,477,218,4,1,0,52,5,9,69,19,8,0,16,0,40,0
35,SUCEAVA,"SALA MICĂ A CĂMINULUI CULTURAL IASLOVĂŢ",364,IASLOVĂŢ,151442,1,PROV,PRCNCT,S,S_SV,"2021-01-21 12:30:02",1587,1570,17,0,375,358,17,0,1700,1325,359,6,10,2,51,3,24,131,11,8,11,22,1,92,3
35,SUCEAVA,"ŞCOALA GIMNAZIALA NR. 2 IASLOVAT",365,IASLOVĂŢ,151442,1,PROV,PRCNCT,S,S_SV,"2021-01-21 12:30:02",1595,1585,10,0,367,357,10,0,1700,1333,357,4,6,0,56,4,21,138,16,5,27,19,0,70,1
35,SUCEAVA,"PRIMARIA ILISESTI",366,ILIŞEŞTI,147660,1,PROV,PRCNCT,S,S_SV,"2021-01-21 12:30:02",1982,1953,29,0,485,456,29,0,2100,1615,461,18,6,3,153,20,13,119,23,9,4,56,5,52,4
35,SUCEAVA,"CAMIN CULTURAL BRASCA",367,ILIŞEŞTI,147660,1,PROV,PRCNCT,S,S_SV,"2021-01-21 12:30:02",325,308,17,0,124,107,17,0,400,276,121,2,1,0,51,2,4,28,5,3,2,11,0,13,2
35,SUCEAVA,"ȘCOALA GIMNAZIALĂ IPOTEȘTI",368,IPOTEŞTI,146281,1,PROV,PRCNCT,S,S_SV,"2021-01-21 12:30:02",1744,1717,27,0,570,543,27,0,1788,1218,558,11,1,3,163,21,54,91,81,5,50,12,2,72,4
35,SUCEAVA,"GRĂDINIȚA CU PROGRAM NORMAL IPOTEȘTI",369,IPOTEŞTI,146281,4,PART,PRCNCT,S,S_SV,"2021-01-21 12:30:02",1730,1690,39,1,583,543,39,1,1800,1217,572,9,2,3,152,19,71,87,108,5,59,14,1,48,5
35,SUCEAVA,"ȘCOALA PRIMARĂ IPOTEȘTI",370,IPOTEŞTI,146281,1,PROV,PRCNCT,S,S_SV,"2021-01-21 12:30:02",1183,1165,18,0,319,301,18,0,1300,981,307,6,6,2,114,11,28,35,34,3,17,12,1,48,2
35,SUCEAVA,"ŞCOALA PRIMARĂ TIŞĂUŢI",371,IPOTEŞTI,146281,1,PROV,PRCNCT,S,S_SV,"2021-01-21 12:30:02",1115,1092,23,0,432,409,23,0,1200,768,421,11,0,1,70,17,66,85,51,11,22,33,1,62,2
35,SUCEAVA,"ŞCOALA PRIMARĂ LISAURA",372,IPOTEŞTI,146281,1,PROV,PRCNCT,S,S_SV,"2021-01-21 12:30:02",1083,1059,24,0,448,424,24,0,1100,652,439,7,2,1,102,14,46,102,66,8,17,31,4,45,3
35,SUCEAVA,"PRIMARIA IZVOARELE SUCEVEI",373,"IZVOARELE SUCEVEI",149183,2,PART,PRCNCT,S,S_SV,"2021-01-21 12:30:02",717,700,17,0,173,156,17,0,796,623,169,1,3,1,43,5,7,59,19,2,0,7,3,23,0
35,SUCEAVA,"CENTRUL SOCIAL DE ZI PENTRU PERSOANE VÂRSTNICE, SAT BOBEICA",374,"IZVOARELE SUCEVEI",149183,1,PROV,PRCNCT,S,S_SV,"2021-01-21 12:30:02",362,351,11,0,99,88,11,0,400,301,96,1,2,1,33,3,5,16,15,1,2,1,0,19,0
35,SUCEAVA,"SCOALA GIMNAZIALĂ BRODINA - IZVOARELE SUCEVEI",375,"IZVOARELE SUCEVEI",149183,1,PROV,PRCNCT,S,S_SV,"2021-01-21 12:30:02",604,582,22,0,132,110,22,0,705,573,121,0,11,2,32,7,4,39,4,1,1,12,2,16,1
35,SUCEAVA,"SCOALA CU CLASELE I-VIII NR. 2 MARGINEA",376,MARGINEA,149290,1,PROV,PRCNCT,S,S_SV,"2021-01-21 12:30:02",1656,1645,11,0,425,414,11,0,1800,1375,410,6,9,2,83,30,55,51,13,8,31,42,3,89,3
35,SUCEAVA,"LICEUL TEHNOLOGIC VASILE GHERASIM MARGINEA",377,MARGINEA,149290,1,PROV,PRCNCT,S,S_SV,"2021-01-21 12:30:02",1688,1679,9,0,348,339,9,0,1800,1452,329,14,5,4,59,14,40,60,19,10,12,36,0,73,2
35,SUCEAVA,"LICEUL TEHNOLOGIC VASILE GHERASIM MARGINEA",378,MARGINEA,149290,1,PROV,PRCNCT,S,S_SV,"2021-01-21 12:30:02",1639,1630,9,0,378,369,9,0,1800,1422,368,6,4,2,85,13,45,56,32,6,20,46,0,60,3
35,SUCEAVA,"LICEUL TEHNOLOGIC VASILE GHERASIM MARGINEA",379,MARGINEA,149290,2,PART,PRCNCT,S,S_SV,"2021-01-21 12:30:02",1728,1713,14,1,364,349,14,1,1800,1436,351,10,3,0,72,19,64,60,20,8,9,26,0,71,2
35,SUCEAVA,"SCOALA CU CLASELE I-VIII NR. 3 MARGINEA",380,MARGINEA,149290,1,PROV,PRCNCT,S,S_SV,"2021-01-21 12:30:02",1885,1866,19,0,434,415,19,0,2000,1566,409,15,10,1,58,24,62,70,29,10,9,61,0,81,4
35,SUCEAVA,"PRIMARIA MALINI",381,MĂLINI,149316,1,PROV,PRCNCT,S,S_SV,"2021-01-21 12:30:02",1336,1307,29,0,479,450,29,0,1400,921,445,19,15,2,111,18,12,141,33,6,0,20,4,95,3
35,SUCEAVA,"SCOALA GIMNAZIALA SUHA",382,MĂLINI,149316,1,PROV,PRCNCT,S,S_SV,"2021-01-21 12:30:02",1548,1526,21,1,499,477,21,1,1700,1201,479,8,12,1,98,19,10,128,38,4,1,17,0,157,6
35,SUCEAVA,"SCOALA GIMNAZIALA PIRAIE",383,MĂLINI,149316,1,PROV,PRCNCT,S,S_SV,"2021-01-21 12:30:02",1565,1556,9,0,393,384,9,0,1700,1307,378,9,6,1,88,6,6,96,15,4,3,23,3,127,6
35,SUCEAVA,"SCOALA GIMNAZIALA POIANA MARULUI",384,MĂLINI,149316,1,PROV,PRCNCT,S,S_SV,"2021-01-21 12:30:02",1039,1021,18,0,345,327,18,0,1100,755,330,6,9,2,89,16,4,89,14,2,0,20,0,94,0
35,SUCEAVA,"SCOALA GIMNAZIALA VALENI-STANISOARA",385,MĂLINI,149316,1,PROV,PRCNCT,S,S_SV,"2021-01-21 12:30:02",657,639,18,0,250,232,18,0,700,450,244,4,2,0,85,2,2,67,14,2,1,9,2,59,1
35,SUCEAVA,"ŞCOALA GIMNAZIALĂ MĂNĂSTIREA HUMORULUI",386,"MĂNĂSTIREA HUMORULUI",149370,1,PROV,PRCNCT,S,S_SV,"2021-01-21 12:30:02",1020,1007,11,2,347,334,11,2,1100,753,338,8,1,3,89,6,39,62,68,3,3,19,0,45,1
35,SUCEAVA,"ŞCOALA GIMNAZIALĂ MĂNĂSTIREA HUMORULUI",387,"MĂNĂSTIREA HUMORULUI",149370,2,PART,PRCNCT,S,S_SV,"2021-01-21 12:30:02",1084,1052,30,2,310,278,30,2,1200,890,296,7,7,2,94,7,18,53,58,6,0,10,1,43,4
35,SUCEAVA,"CASA POLONĂ ”DOM POLSKI”",388,"MĂNĂSTIREA HUMORULUI",149370,1,PROV,PRCNCT,S,S_SV,"2021-01-21 12:30:02",175,159,14,2,72,56,14,2,200,128,68,1,3,1,29,2,4,4,7,5,0,1,1,10,4
35,SUCEAVA,"ŞCOALA GIMNAZIALĂ ”KRYSTINA BOCHENEK” POIANA MICULUI",389,"MĂNĂSTIREA HUMORULUI",149370,1,PROV,PRCNCT,S,S_SV,"2021-01-21 12:30:02",513,503,10,0,196,186,10,0,600,404,189,2,5,2,61,3,13,15,47,4,0,5,1,36,2
35,SUCEAVA,"FOSTA ”ŞCOALĂ PRIMARĂ NR. .1 POIANA MICULUI”",390,"MĂNĂSTIREA HUMORULUI",149370,1,PROV,PRCNCT,S,S_SV,"2021-01-21 12:30:02",348,335,13,0,105,92,13,0,400,295,103,1,1,0,9,2,11,19,16,1,0,7,1,36,1
35,SUCEAVA,"CAMINUL CULTURAL AL COMUNEI MITOCU DRAGOMIRNEI",391,"MITOCU DRAGOMIRNEI",146325,1,PROV,PRCNCT,S,S_SV,"2021-01-21 12:30:02",1490,1387,96,7,568,465,96,7,1500,932,554,6,8,1,224,8,82,83,29,6,41,27,0,52,1
35,SUCEAVA,"GRĂDINIŢA CU PROGRAM NORMAL NR. 1",392,"MITOCU DRAGOMIRNEI",146325,1,PROV,PRCNCT,S,S_SV,"2021-01-21 12:30:02",1658,1585,73,0,695,622,73,0,1700,1005,664,21,10,1,253,12,36,109,27,7,43,45,2,125,4
35,SUCEAVA,"ŞCOALA PRIMARĂ ”ION CREANGĂ” MITOCAŞI",393,"MITOCU DRAGOMIRNEI",146325,1,PROV,PRCNCT,S,S_SV,"2021-01-21 12:30:02",745,729,16,0,260,244,16,0,800,540,253,1,6,3,91,10,25,44,13,5,1,17,4,34,6
35,SUCEAVA,"ŞCOALA PRIMARĂ LIPOVENI",394,"MITOCU DRAGOMIRNEI",146325,1,PROV,PRCNCT,S,S_SV,"2021-01-21 12:30:02",416,389,27,0,181,154,27,0,500,319,172,4,5,1,100,5,8,37,3,10,2,3,0,1,2
35,SUCEAVA,"GRĂDINIȚA CU PROGRAM PRELUNGIT, SAT MOARA NICA, COMUNA MOARA , JUDEȚUL SUCEAVA",395,MOARA,149414,2,PART,PRCNCT,S,S_SV,"2021-01-21 12:30:02",1600,1567,33,0,488,455,33,0,1700,1212,471,15,2,1,183,19,18,91,59,11,0,20,4,61,4
35,SUCEAVA,"SCOALA GENERALA MOARA NICA",396,MOARA,149414,1,PROV,PRCNCT,S,S_SV,"2021-01-21 12:30:02",1278,1234,37,7,442,398,37,7,1300,858,433,4,5,2,166,16,29,79,43,5,21,17,5,48,2
35,SUCEAVA,"SCOALA GENERALA MOARA CARP",397,MOARA,149414,1,PROV,PRCNCT,S,S_SV,"2021-01-21 12:30:02",733,722,11,0,177,166,11,0,800,623,175,2,0,1,63,11,6,36,16,5,0,7,0,27,3
35,SUCEAVA,"SCOALA GENERALA FRUMOASA",398,MOARA,149414,1,PROV,PRCNCT,S,S_SV,"2021-01-21 12:30:02",234,214,20,0,63,43,20,0,300,237,61,1,1,0,15,5,7,9,8,4,7,1,0,5,0
35,SUCEAVA,"CĂMIN CULTURAL LITENI",399,MOARA,149414,1,PROV,PRCNCT,S,S_SV,"2021-01-21 12:30:02",775,747,28,0,257,229,28,0,800,543,248,8,1,0,80,34,6,45,24,2,0,8,3,43,3
35,SUCEAVA,"SCOALA GENERALA VORNICENII MARI",400,MOARA,149414,1,PROV,PRCNCT,S,S_SV,"2021-01-21 12:30:02",222,212,10,0,58,48,10,0,300,242,57,0,1,0,14,3,8,20,2,1,0,3,0,5,1
35,SUCEAVA,"PRIMĂRIA COM MOLDOVA SULIȚA",401,MOLDOVA-SULIŢA,149502,1,PROV,PRCNCT,S,S_SV,"2021-01-21 12:30:02",1049,1039,10,0,243,233,10,0,1100,857,235,3,5,0,51,4,21,83,8,5,0,21,2,38,2
35,SUCEAVA,"ȘCOALA PRIMARĂ BENIA",402,MOLDOVA-SULIŢA,149502,1,PROV,PRCNCT,S,S_SV,"2021-01-21 12:30:02",529,520,9,0,163,154,9,0,600,437,156,3,4,5,61,12,12,32,13,1,0,7,0,12,1
35,SUCEAVA,"SALA DE SPECTACOLE",403,MOLDOVIŢA,149539,1,PROV,PRCNCT,S,S_SV,"2021-01-21 12:30:02",1924,1893,31,0,534,503,31,0,2000,1466,529,2,3,1,201,25,19,73,31,4,3,37,15,115,5
35,SUCEAVA,"ŞCOALA GIMNAZIALĂ ARGEL",404,MOLDOVIŢA,149539,2,PART,PRCNCT,S,S_SV,"2021-01-21 12:30:02",827,817,10,0,136,126,10,0,900,764,129,1,6,1,46,3,3,28,6,0,0,13,0,27,2
35,SUCEAVA,"GRĂDINIŢA CU PROGRAM NORMAL DEMACUŞA",405,MOLDOVIŢA,149539,1,PROV,PRCNCT,S,S_SV,"2021-01-21 12:30:02",806,793,13,0,259,246,13,0,900,641,246,8,5,1,56,9,55,36,14,4,0,7,2,61,1
35,SUCEAVA,"GRĂDINIŢA CU PROGRAM NORMAL RAŞCA",406,MOLDOVIŢA,149539,1,PROV,PRCNCT,S,S_SV,"2021-01-21 12:30:02",681,661,20,0,228,208,20,0,700,472,225,2,1,1,105,8,7,32,15,3,0,7,2,44,1
35,SUCEAVA,"CĂMINUL CULTURAL BAINEŢ",407,MUŞENIŢA,149584,1,PROV,PRCNCT,S,S_SV,"2021-01-21 12:30:02",245,238,7,0,70,63,7,0,300,230,68,2,0,3,19,6,2,19,5,2,0,3,3,4,2
35,SUCEAVA,"CĂMINUL CULTURAL CLIMĂUŢI",408,MUŞENIŢA,149584,1,PROV,PRCNCT,S,S_SV,"2021-01-21 12:30:02",310,295,15,0,101,86,15,0,400,299,96,4,1,2,26,11,3,16,13,2,0,7,2,11,3
35,SUCEAVA,"CLĂDIREA ”DOM POLSKI” VICŞANI",409,MUŞENIŢA,149584,1,PROV,PRCNCT,S,S_SV,"2021-01-21 12:30:02",187,179,8,0,59,51,8,0,400,341,59,0,0,1,22,1,5,17,2,3,0,2,0,6,0
35,SUCEAVA,"ŞCOALA CU CL.I-IV MUŞENIŢA",410,MUŞENIŢA,149584,1,PROV,PRCNCT,S,S_SV,"2021-01-21 12:30:02",311,302,9,0,99,90,9,0,400,301,95,3,1,1,25,4,2,32,3,4,0,3,0,19,2
35,SUCEAVA,"CĂMINUL CULTURAL VĂŞCĂUŢI",411,MUŞENIŢA,149584,3,PART,PRCNCT,S,S_SV,"2021-01-21 12:30:02",524,515,9,0,144,135,9,0,600,456,139,5,0,1,45,9,3,32,7,2,0,7,2,27,4
35,SUCEAVA,"CĂMINUL CULTURAL NOU",412,OSTRA,149655,2,PART,PRCNCT,S,S_SV,"2021-01-21 12:30:02",1803,1795,7,1,562,554,7,1,1900,1338,544,16,2,1,143,10,4,204,22,11,1,21,3,122,2
35,SUCEAVA,"CASA DE TIP FAMILIAL ”CIREŞARII”",413,OSTRA,149655,1,PROV,PRCNCT,S,S_SV,"2021-01-21 12:30:02",1023,1012,10,1,316,305,10,1,1100,784,307,5,4,2,81,9,11,99,16,2,2,11,2,68,4
35,SUCEAVA,"ȘCOALA GIMNAZIALĂ PANACI",414,PANACI,149682,2,PART,PRCNCT,S,S_SV,"2021-01-21 12:30:02",670,657,13,0,258,245,13,0,700,442,257,1,0,2,45,10,9,102,14,2,0,17,4,51,1
35,SUCEAVA,"SCOALA CU CLASELE I-IV COVERCA",415,PANACI,149682,1,PROV,PRCNCT,S,S_SV,"2021-01-21 12:30:02",670,662,8,0,165,157,8,0,700,535,162,3,0,1,31,5,4,37,5,4,0,13,4,54,4
35,SUCEAVA,"ȘCOALA CU CLASELE I-IV PĂLTINIȘ",416,PANACI,149682,1,PROV,PRCNCT,S,S_SV,"2021-01-21 12:30:02",298,284,14,0,71,57,14,0,300,229,70,1,0,0,33,2,1,17,1,0,0,0,1,15,0
35,SUCEAVA,"CAMIN CULTURAL GLODU",417,PANACI,149682,1,PROV,PRCNCT,S,S_SV,"2021-01-21 12:30:02",285,270,15,0,80,65,15,0,300,220,78,0,2,0,15,2,3,25,7,2,0,14,0,10,0
35,SUCEAVA,"CĂMINUL CULTURAL PĂLTINOASA",418,PĂLTINOASA,149753,1,PROV,PRCNCT,S,S_SV,"2021-01-21 12:30:02",1357,1242,104,11,589,474,104,11,1400,811,571,11,7,4,290,17,25,113,16,4,0,15,2,79,6
35,SUCEAVA,"ŞCOALA GIMNAZIALĂ PĂLTINOASA",419,PĂLTINOASA,149753,1,PROV,PRCNCT,S,S_SV,"2021-01-21 12:30:02",1489,1378,96,15,723,612,96,15,1500,777,705,11,7,3,390,15,24,105,17,6,0,32,2,107,4
35,SUCEAVA,"CĂMINUL CULTURAL CAPU CODRULUI",420,PĂLTINOASA,149753,1,PROV,PRCNCT,S,S_SV,"2021-01-21 12:30:02",1002,919,76,7,433,350,76,7,1000,567,419,8,6,1,163,26,16,86,27,6,2,12,3,70,7
35,SUCEAVA,"ŞCOALA GIMNAZIALĂ BOGDAN VODĂ CAPU CODRULUI",421,PĂLTINOASA,149753,2,PART,PRCNCT,S,S_SV,"2021-01-21 12:30:02",1264,1236,25,3,382,354,25,3,1300,918,362,17,3,1,157,14,11,80,6,8,0,17,2,62,4
35,SUCEAVA,"CĂMINUL CULTURAL PĂTRĂUȚI",422,PĂTRĂUŢI,149833,1,PROV,PRCNCT,S,S_SV,"2021-01-21 12:30:02",2018,1997,20,1,469,448,20,1,2200,1731,458,6,5,2,90,25,47,144,48,10,15,11,1,63,2
35,SUCEAVA,"CAMINUL CULTURAL VECHI PATRAUTI",423,PĂTRĂUŢI,149833,1,PROV,PRCNCT,S,S_SV,"2021-01-21 12:30:02",1982,1972,10,0,554,544,10,0,2100,1546,528,18,8,1,40,7,21,173,21,4,4,21,3,232,1
35,SUCEAVA,"LICEUL TEHNOLOGIC ”NICANOR MOROȘAN” PÎRTEȘTII DE JOS",424,"PÂRTEŞTII DE JOS",149780,1,PROV,PRCNCT,S,S_SV,"2021-01-21 12:30:02",1631,1590,39,2,474,433,39,2,1700,1226,457,7,10,1,127,20,26,134,37,7,3,33,3,61,5
35,SUCEAVA,"ŞCOALA DELENI",425,"PÂRTEŞTII DE JOS",149780,1,PROV,PRCNCT,S,S_SV,"2021-01-21 12:30:02",610,577,33,0,169,136,33,0,700,531,162,5,2,2,33,2,5,67,7,2,2,15,0,26,1
35,SUCEAVA,"ŞCOALA VÂRFU DEALULUI",426,"PÂRTEŞTII DE JOS",149780,1,PROV,PRCNCT,S,S_SV,"2021-01-21 12:30:02",163,142,21,0,61,40,21,0,200,139,61,0,0,1,23,1,6,17,7,1,0,1,0,4,0
35,SUCEAVA,"CASA DE CULTURĂ ”ELISEI TODAȘCĂ”",427,"POIANA STAMPEI",149851,1,PROV,PRCNCT,S,S_SV,"2021-01-21 12:30:02",1658,1605,50,3,796,743,50,3,1700,904,772,15,9,3,118,31,22,367,70,5,10,31,4,103,8
35,SUCEAVA,"CENTRUL CULTURAL EDUCAȚIONAL",428,"POIANA STAMPEI",149851,1,PROV,PRCNCT,S,S_SV,"2021-01-21 12:30:02",268,258,9,1,119,109,9,1,300,181,115,3,1,0,2,6,5,75,5,1,0,7,1,13,0
35,SUCEAVA,"PRIMĂRIA POIENI-SOLCA",429,POIENI-SOLCA,151585,1,PROV,PRCNCT,S,S_SV,"2021-01-21 12:30:02",1741,1716,25,0,475,450,25,0,1900,1425,467,0,8,3,107,16,18,161,10,8,0,29,2,111,2
35,SUCEAVA,"ŞCOALA CU CLASELE I-IV POJORÎTA",430,POJORÂTA,149931,1,PROV,PRCNCT,S,S_SV,"2021-01-21 12:30:02",842,800,26,16,327,285,26,16,900,573,319,6,2,1,79,8,27,92,30,9,2,30,4,32,5
35,SUCEAVA,"CĂMINUL CULTURAL POJORÂTA",431,POJORÂTA,149931,1,PROV,PRCNCT,S,S_SV,"2021-01-21 12:30:02",1390,1375,14,1,484,469,14,1,1500,1016,475,6,3,1,97,13,40,134,52,6,4,46,4,74,4
35,SUCEAVA,"CĂMINUL CULTURAL VALEA PUTNEI",432,POJORÂTA,149931,1,PROV,PRCNCT,S,S_SV,"2021-01-21 12:30:02",301,291,10,0,97,87,10,0,400,303,91,3,3,0,34,1,4,12,10,0,0,12,2,13,3
35,SUCEAVA,"ŞCOALA GIMNAZIALĂ ARGHIRA",433,PREUTEŞTI,149968,1,PROV,PRCNCT,S,S_SV,"2021-01-21 12:30:02",951,932,19,0,309,290,19,0,1000,691,296,7,6,2,46,13,16,109,13,4,0,22,0,67,4
35,SUCEAVA,"ŞCOALA GIMNAZIALĂ BASARABI",434,PREUTEŞTI,149968,1,PROV,PRCNCT,S,S_SV,"2021-01-21 12:30:02",1412,1397,15,0,425,410,15,0,1500,1075,406,12,7,0,66,14,36,138,25,6,0,9,0,109,3
35,SUCEAVA,"ŞCOALA PRIMARĂ BAHNA ARIN",435,PREUTEŞTI,149968,1,PROV,PRCNCT,S,S_SV,"2021-01-21 12:30:02",202,185,17,0,90,73,17,0,200,110,81,6,3,1,18,1,4,39,2,1,0,1,0,14,0
35,SUCEAVA,"CĂMINUL CULTURAL PREUTEŞTI",436,PREUTEŞTI,149968,1,PROV,PRCNCT,S,S_SV,"2021-01-21 12:30:02",1554,1524,30,0,465,435,30,0,1700,1235,453,7,5,2,88,19,8,187,21,8,1,28,0,90,1
35,SUCEAVA,"ŞCOALA PRIMARĂ HUŞI",437,PREUTEŞTI,149968,1,PROV,PRCNCT,S,S_SV,"2021-01-21 12:30:02",567,554,13,0,202,189,13,0,600,398,186,9,7,1,42,6,2,63,4,3,0,17,1,45,2
35,SUCEAVA,"ŞCOALA GIMNAZIALĂ LEUCUŞEŞTI",438,PREUTEŞTI,149968,1,PROV,PRCNCT,S,S_SV,"2021-01-21 12:30:02",930,915,15,0,320,305,15,0,1000,680,315,1,4,0,35,5,21,103,13,7,1,12,7,110,1
35,SUCEAVA,"CĂMINUL CULTURAL PUTNA- SALA CĂSĂTORIILOR",439,PUTNA,150043,1,PROV,PRCNCT,S,S_SV,"2021-01-21 12:30:02",1282,1260,20,2,502,480,20,2,1400,898,494,5,3,2,162,17,6,114,28,40,0,56,3,66,0
35,SUCEAVA,"CĂMINUL CULTURAL PUTNA- SALA DE ŞEDINŢE",440,PUTNA,150043,1,PROV,PRCNCT,S,S_SV,"2021-01-21 12:30:02",843,830,10,3,291,278,10,3,900,609,279,7,5,2,110,12,6,52,13,9,4,14,1,54,2
35,SUCEAVA,"CĂMINUL CULTURAL GURA PUTNEI",441,PUTNA,150043,1,PROV,PRCNCT,S,S_SV,"2021-01-21 12:30:02",1111,1097,14,0,325,311,14,0,1200,875,318,5,2,0,91,14,7,91,10,4,2,27,2,66,4
35,SUCEAVA,"ȘCOALA GIMNAZIALĂ ”ION LOVINESCU” RĂDĂȘENI",442,RĂDĂŞENI,150070,2,PART,PRCNCT,S,S_SV,"2021-01-21 12:30:02",1043,1028,15,0,258,243,15,0,1100,842,249,7,2,1,89,8,5,20,53,3,0,19,2,48,1
35,SUCEAVA,"ȘCOALA GIMNAZIALĂ ”ION LOVINESCU” RĂDĂȘENI",443,RĂDĂŞENI,150070,1,PROV,PRCNCT,S,S_SV,"2021-01-21 12:30:02",1201,1172,29,0,321,292,29,0,1300,979,315,5,1,1,126,9,4,45,67,2,2,18,0,40,1
35,SUCEAVA,"ȘCOALA MIHAI NICULĂIASA, SAT LĂMĂȘENI",444,RĂDĂŞENI,150070,1,PROV,PRCNCT,S,S_SV,"2021-01-21 12:30:02",1046,1031,15,0,311,296,15,0,1100,789,298,11,2,0,110,3,11,76,27,3,0,12,0,55,1
35,SUCEAVA,"ȘCOALA POCOLENI",445,RĂDĂŞENI,150070,1,PROV,PRCNCT,S,S_SV,"2021-01-21 12:30:02",169,155,14,0,54,40,14,0,200,146,49,5,0,2,19,2,3,13,3,1,0,1,0,5,0
35,SUCEAVA,"CĂMIN CULTURAL RÎŞCA",446,RÂŞCA,150114,1,PROV,PRCNCT,S,S_SV,"2021-01-21 12:30:02",1518,1507,10,1,417,406,10,1,1600,1183,402,10,5,4,61,31,24,102,32,13,0,25,4,101,5
35,SUCEAVA,"ŞCOALA GENERALĂ RÎŞCA 3",447,RÂŞCA,150114,1,PROV,PRCNCT,S,S_SV,"2021-01-21 12:30:02",736,733,3,0,214,211,3,0,800,586,209,4,1,2,35,8,5,58,13,22,0,10,5,49,2
35,SUCEAVA,"CĂMIN CULTURAL JAHALIA",448,RÂŞCA,150114,1,PROV,PRCNCT,S,S_SV,"2021-01-21 12:30:02",274,262,12,0,81,69,12,0,300,219,80,0,1,1,11,5,7,22,16,1,1,4,1,11,0
35,SUCEAVA,"ȘCOALA PRIMARĂ NR. 2 RÎȘCA",449,RÂŞCA,150114,1,PROV,PRCNCT,S,S_SV,"2021-01-21 12:30:02",613,596,17,0,189,172,17,0,700,511,184,2,3,1,48,12,5,37,24,6,0,7,0,44,0
35,SUCEAVA,"ȘCOALA DUMBRĂVENI",450,RÂŞCA,150114,1,PROV,PRCNCT,S,S_SV,"2021-01-21 12:30:02",333,324,9,0,124,115,9,0,400,276,121,3,0,2,19,7,2,18,7,8,0,12,0,46,0
35,SUCEAVA,"ȘCOALA SLĂTIOARA",451,RÂŞCA,150114,1,PROV,PRCNCT,S,S_SV,"2021-01-21 12:30:02",663,646,17,0,197,180,17,0,700,503,187,7,3,1,15,21,14,51,7,2,1,12,0,62,1
35,SUCEAVA,"CĂMINUL CULTURAL SADOVA",452,SADOVA,150178,1,PROV,PRCNCT,S,S_SV,"2021-01-21 12:30:02",1213,1176,35,2,527,490,35,2,1300,773,507,18,2,1,246,20,30,81,38,7,0,20,2,59,3
35,SUCEAVA,"ŞCOALA GENERALĂ FUNDU SADOVEI",453,SADOVA,150178,1,PROV,PRCNCT,S,S_SV,"2021-01-21 12:30:02",927,917,10,0,352,342,10,0,1000,648,345,6,1,0,135,8,21,78,33,4,0,10,4,50,2
35,SUCEAVA,"CAMIN CULTURAL",454,"SATU MARE",150196,1,PROV,PRCNCT,S,S_SV,"2021-01-21 12:30:02",1164,1156,8,0,259,251,8,0,1300,1041,251,5,3,1,42,14,13,79,12,4,32,16,1,35,2
35,SUCEAVA,"SCOALA GIMNAZIALA SATU MARE",455,"SATU MARE",150196,1,PROV,PRCNCT,S,S_SV,"2021-01-21 12:30:02",1225,1221,4,0,322,318,4,0,1300,978,316,2,4,1,33,12,9,141,15,10,39,19,2,32,3
35,SUCEAVA,"SCOALA GIMNAZIALA SAT TIBENI",456,"SATU MARE",150196,1,PROV,PRCNCT,S,S_SV,"2021-01-21 12:30:02",1158,1148,9,1,237,227,9,1,1298,1061,231,4,2,1,23,9,18,109,13,3,3,8,1,41,2
35,SUCEAVA,"CĂMINUL CULTURAL SIMINICEA",457,SIMINICEA,150221,1,PROV,PRCNCT,S,S_SV,"2021-01-21 12:30:02",1275,1256,19,0,322,303,19,0,1400,1078,308,10,4,1,64,11,19,104,20,14,1,21,3,45,5
35,SUCEAVA,"SCOALA GIMNAZIALA SIMINICEA",458,SIMINICEA,150221,1,PROV,PRCNCT,S,S_SV,"2021-01-21 12:30:02",861,848,13,0,217,204,13,0,900,683,210,7,0,2,61,5,3,77,10,0,0,15,3,34,0
35,SUCEAVA,"SCOALA PRIMARA GRIGORESTI",459,SIMINICEA,150221,1,PROV,PRCNCT,S,S_SV,"2021-01-21 12:30:02",295,270,25,0,113,88,25,0,300,187,110,2,1,1,14,9,3,33,5,3,0,11,1,29,1
35,SUCEAVA,"PRIMARIA COMUNEI SLATINA",460,SLATINA,150258,1,PROV,PRCNCT,S,S_SV,"2021-01-21 12:30:02",1590,1576,14,0,381,367,14,0,1700,1319,365,11,5,2,29,12,7,148,14,6,1,28,4,112,2
35,SUCEAVA,"CĂMINUL CULTURAL HERLA",461,SLATINA,150258,1,PROV,PRCNCT,S,S_SV,"2021-01-21 12:30:02",1149,1138,11,0,323,312,11,0,1200,877,319,2,2,3,84,5,20,116,9,3,0,12,3,64,0
35,SUCEAVA,"ȘCOALA GIMNAZIALĂ GĂINEȘTI",462,SLATINA,150258,1,PROV,PRCNCT,S,S_SV,"2021-01-21 12:30:02",1681,1651,30,0,560,530,30,0,1800,1240,554,2,4,0,90,6,10,366,8,5,0,15,0,54,0
35,SUCEAVA,"GRĂDINIŢA DE COPII NR. 1 STRAJA",463,STRAJA,150294,1,PROV,PRCNCT,S,S_SV,"2021-01-21 12:30:02",1272,1258,14,0,351,337,14,0,1400,1049,340,7,4,0,80,12,30,95,9,3,5,26,3,74,3
35,SUCEAVA,"GRĂDINIŢA DE COPII NR. 3 STRAJA",464,STRAJA,150294,1,PROV,PRCNCT,S,S_SV,"2021-01-21 12:30:02",1120,1111,9,0,351,342,9,0,1200,849,338,5,8,0,80,5,21,94,27,0,2,30,1,74,4
35,SUCEAVA,"PRIMĂRIA COMUNEI STRAJA",465,STRAJA,150294,1,PROV,PRCNCT,S,S_SV,"2021-01-21 12:30:02",1190,1177,13,0,273,260,13,0,1300,1027,268,3,2,0,73,13,5,89,14,2,8,20,1,43,0
35,SUCEAVA,"GRĂDINIŢA DE COPII NR. 2 STRAJA",466,STRAJA,150294,1,PROV,PRCNCT,S,S_SV,"2021-01-21 12:30:02",1018,997,21,0,280,259,21,0,1100,820,275,3,2,1,36,2,5,50,9,4,64,9,1,93,1
35,SUCEAVA,"ŞCOALA GIMNAZIALĂ STROIEŞTI, SALA DE SPORT",467,STROIEŞTI,150310,1,PROV,PRCNCT,S,S_SV,"2021-01-21 12:30:02",1171,1156,15,0,387,372,15,0,1300,913,375,6,6,0,144,29,11,95,13,7,1,25,1,44,5
35,SUCEAVA,"ŞCOALA GIMNAZIALĂ STROIEŞTI, SALA DE CLASĂ",468,STROIEŞTI,150310,1,PROV,PRCNCT,S,S_SV,"2021-01-21 12:30:02",1029,1010,19,0,324,305,19,0,1100,776,315,6,3,1,131,28,2,68,12,5,1,32,3,31,1
35,SUCEAVA,"SCOALA CU CLASELE I - IV ” ILIE GRAMADA”",469,STROIEŞTI,150310,1,PROV,PRCNCT,S,S_SV,"2021-01-21 12:30:02",618,590,28,0,252,224,28,0,700,448,241,6,5,0,118,5,10,58,5,7,0,20,0,17,1
35,SUCEAVA,"CASA TINERETULUI",470,STULPICANI,150356,1,PROV,PRCNCT,S,S_SV,"2021-01-21 12:30:02",1177,1171,6,0,354,348,6,0,1300,946,353,1,0,1,85,32,8,127,9,12,0,10,1,65,3
35,SUCEAVA,"GRĂDINIŢA CU PROGRAM NORMAL STULPICANI",471,STULPICANI,150356,2,PART,PRCNCT,S,S_SV,"2021-01-21 12:30:02",1157,1145,12,0,342,330,12,0,1300,958,338,3,1,1,101,29,9,89,9,15,0,10,1,73,1
35,SUCEAVA,"CĂMINUL CULTURAL NEGRILESA",472,STULPICANI,150356,2,PART,PRCNCT,S,S_SV,"2021-01-21 12:30:02",845,830,15,0,279,264,15,0,900,621,271,4,4,2,79,11,5,59,6,2,3,10,0,92,2
35,SUCEAVA,"ŞCOALA PRIMARĂ VADU NEGRILESEI",473,STULPICANI,150356,1,PROV,PRCNCT,S,S_SV,"2021-01-21 12:30:02",472,456,16,0,190,174,16,0,500,310,186,2,2,2,32,22,2,45,4,2,0,9,1,64,3
35,SUCEAVA,"ŞCOALA GIMNAZIALĂ GEMENEA",474,STULPICANI,150356,2,PART,PRCNCT,S,S_SV,"2021-01-21 12:30:02",648,634,14,0,201,187,14,0,700,499,197,3,1,2,53,6,2,70,10,4,0,2,0,46,2
35,SUCEAVA,"ŞCOALA GIMNAZIALĂ SLĂTIOARA",475,STULPICANI,150356,1,PROV,PRCNCT,S,S_SV,"2021-01-21 12:30:02",489,479,10,0,154,144,10,0,600,446,150,3,1,1,41,8,4,66,4,5,0,5,1,13,2
35,SUCEAVA,"SCOALA GIMNAZIALĂ DIMITRIE VATAMANIUC",476,SUCEVIŢA,150418,3,PART,PRCNCT,S,S_SV,"2021-01-21 12:30:02",1478,1423,45,10,461,406,45,10,1500,1039,454,4,3,1,87,8,18,134,52,3,5,74,2,69,1
35,SUCEAVA,"CĂMINUL CULTURAL VOIEVODEASA",477,SUCEVIŢA,150418,1,PROV,PRCNCT,S,S_SV,"2021-01-21 12:30:02",1080,1073,7,0,267,260,7,0,1200,933,254,12,1,1,37,5,9,83,25,8,17,20,2,46,1
35,SUCEAVA,"SCOALA GIMNAZIALA NEAGRA SARULUI",478,"ŞARU DORNEI",150445,1,PROV,PRCNCT,S,S_SV,"2021-01-21 12:30:02",1606,1578,21,7,567,539,21,7,1700,1133,554,8,5,1,148,40,21,123,46,6,1,22,5,136,5
35,SUCEAVA,"SCOALA CU CLASELE I-VIII SARU DORNEI",479,"ŞARU DORNEI",150445,1,PROV,PRCNCT,S,S_SV,"2021-01-21 12:30:02",974,966,7,1,300,292,7,1,1100,800,296,4,0,0,55,14,24,76,39,4,1,33,1,49,0
35,SUCEAVA,"SCOALA CU CLASELE I-IV GURA HAITII",480,"ŞARU DORNEI",150445,1,PROV,PRCNCT,S,S_SV,"2021-01-21 12:30:02",488,477,11,0,161,150,11,0,600,439,157,1,3,0,23,12,13,46,16,2,1,12,1,28,3
35,SUCEAVA,"SCOALA CU CLASELE I-IV SARISORU MARE",481,"ŞARU DORNEI",150445,1,PROV,PRCNCT,S,S_SV,"2021-01-21 12:30:02",453,443,10,0,161,151,10,0,500,339,157,1,3,0,24,10,30,37,8,4,0,18,0,26,0
35,SUCEAVA,"CĂMIN CULTURAL",482,ŞCHEIA,146432,1,PROV,PRCNCT,S,S_SV,"2021-01-21 12:30:02",945,927,18,0,336,318,18,0,1000,664,332,2,2,1,73,19,25,63,93,6,9,12,1,29,1
35,SUCEAVA,"CĂMIN CULTURAL",483,ŞCHEIA,146432,2,PART,PRCNCT,S,S_SV,"2021-01-21 12:30:02",1396,1377,17,2,409,390,17,2,1500,1091,400,7,2,1,109,13,31,82,78,10,12,11,8,41,4
35,SUCEAVA,"CĂMIN CULTURAL",484,ŞCHEIA,146432,1,PROV,PRCNCT,S,S_SV,"2021-01-21 12:30:02",1974,1964,10,0,554,544,10,0,2100,1546,538,9,7,2,102,27,37,158,98,14,2,17,5,67,9
35,SUCEAVA,"CAMIN CULTURAL",485,ŞCHEIA,146432,1,PROV,PRCNCT,S,S_SV,"2021-01-21 12:30:02",185,171,14,0,62,48,14,0,200,138,58,4,0,0,17,1,3,20,6,1,0,4,0,6,0
35,SUCEAVA,"ȘCOALA GIMNAZIALĂ ”DIMITRIE PĂCURARIU” ȘCHEIA",486,ŞCHEIA,146432,1,PROV,PRCNCT,S,S_SV,"2021-01-21 12:30:02",1779,1739,40,0,619,579,40,0,1900,1281,602,8,9,3,153,18,70,168,74,19,7,21,4,60,5
35,SUCEAVA,"ȘCOALA GIMNAZIALĂ ”DIMITRIE PĂCURARIU” ȘCHEIA",487,ŞCHEIA,146432,4,PART,PRCNCT,S,S_SV,"2021-01-21 12:30:02",1637,1596,39,2,513,472,39,2,1700,1187,488,14,11,2,96,8,59,149,73,7,7,28,4,50,5
35,SUCEAVA,"ŞCOALA GIMNAZIALĂ",488,ŞCHEIA,146432,3,PART,PRCNCT,S,S_SV,"2021-01-21 12:30:02",1846,1808,34,4,495,457,34,4,1900,1405,471,14,10,2,87,19,68,129,38,8,24,36,5,50,5
35,SUCEAVA,"CAMIN CULTURAL SERBAUTI",489,ŞERBĂUŢI,151460,1,PROV,PRCNCT,S,S_SV,"2021-01-21 12:30:02",1644,1626,18,0,363,345,18,0,1800,1437,352,6,5,1,87,71,26,44,16,5,10,33,3,52,4
35,SUCEAVA,"ȘCOALA GIMNAZIALĂ CĂLINEȘTI",490,ŞERBĂUŢI,151460,1,PROV,PRCNCT,S,S_SV,"2021-01-21 12:30:02",1000,979,21,0,264,243,21,0,1100,836,250,3,11,2,89,4,9,81,10,10,1,6,0,37,1
35,SUCEAVA,"SCOALA GIMNAZIALĂ TODIREŞTI",491,TODIREŞTI,150524,1,PROV,PRCNCT,S,S_SV,"2021-01-21 12:30:02",1233,1207,26,0,365,339,26,0,1300,935,357,4,4,4,135,13,14,98,10,3,0,31,32,13,4
35,SUCEAVA,"SCOALA GIMNAZIALĂ ”VASILE BUMBAC” COSTÎNA",492,TODIREŞTI,150524,1,PROV,PRCNCT,S,S_SV,"2021-01-21 12:30:02",969,943,26,0,283,257,26,0,1000,717,278,3,2,2,91,10,13,86,12,6,0,11,8,36,3
35,SUCEAVA,"CĂMIN CULTURAL PĂRHĂUȚI",493,TODIREŞTI,150524,1,PROV,PRCNCT,S,S_SV,"2021-01-21 12:30:02",1012,979,33,0,393,360,33,0,1100,707,382,4,7,3,217,28,10,68,12,5,0,13,6,18,2
35,SUCEAVA,"SCOALA GIMNAZIALĂ ”I.V.RACHIERU” SOLONEŢ",494,TODIREŞTI,150524,1,PROV,PRCNCT,S,S_SV,"2021-01-21 12:30:02",1318,1293,25,0,328,303,25,0,1400,1072,323,3,2,1,118,16,7,74,28,12,1,16,21,26,3
35,SUCEAVA,"PRIMĂRIA COMUNEI UDEŞTI",495,UDEŞTI,150588,1,PROV,PRCNCT,S,S_SV,"2021-01-21 12:30:02",1986,1951,35,0,432,397,35,0,2100,1668,412,13,7,2,50,7,30,151,57,11,10,20,1,65,8
35,SUCEAVA,"CĂMINUL CULTURAL POIENI - SUCEAVA",496,UDEŞTI,150588,1,PROV,PRCNCT,S,S_SV,"2021-01-21 12:30:02",517,493,24,0,162,138,24,0,600,438,156,2,4,0,18,1,14,47,27,3,8,4,0,33,1
35,SUCEAVA,"CĂMINUL CULTURAL CHILIŞENI",497,UDEŞTI,150588,1,PROV,PRCNCT,S,S_SV,"2021-01-21 12:30:02",650,634,16,0,249,233,16,0,700,451,242,3,4,1,39,2,18,124,15,1,3,9,0,29,1
35,SUCEAVA,"CĂMINUL CULTURAL ŞTIRBĂŢ",498,UDEŞTI,150588,1,PROV,PRCNCT,S,S_SV,"2021-01-21 12:30:02",472,443,29,0,158,129,29,0,500,342,152,3,3,3,26,6,15,50,15,3,2,3,2,26,1
35,SUCEAVA,"CĂMINUL CULTURAL RACOVA",499,UDEŞTI,150588,1,PROV,PRCNCT,S,S_SV,"2021-01-21 12:30:02",255,244,11,0,86,75,11,0,300,214,82,3,1,1,8,2,5,37,11,2,0,5,0,11,0
35,SUCEAVA,"ŞCOALA PRIMARĂ RUŞII - MĂNĂSTIOARA",500,UDEŞTI,150588,1,PROV,PRCNCT,S,S_SV,"2021-01-21 12:30:02",446,434,12,0,156,144,12,0,500,344,149,4,3,0,23,0,8,45,23,6,4,18,0,21,1
35,SUCEAVA,"ŞCOALA PRIMARĂ LUNCUŞOARA",501,UDEŞTI,150588,1,PROV,PRCNCT,S,S_SV,"2021-01-21 12:30:02",559,530,29,0,227,198,29,0,600,373,220,3,4,0,27,7,11,58,20,10,31,7,1,47,1
35,SUCEAVA,"CASA TRADIȚIILOR",502,UDEŞTI,150588,1,PROV,PRCNCT,S,S_SV,"2021-01-21 12:30:02",547,527,20,0,170,150,20,0,600,430,166,0,4,1,27,14,6,61,21,2,1,2,0,30,1
35,SUCEAVA,"GRĂDINIŢA CU PROGRAM NORMAL PLĂVĂLARI",503,UDEŞTI,150588,1,PROV,PRCNCT,S,S_SV,"2021-01-21 12:30:02",916,901,15,0,259,244,15,0,1000,741,248,7,4,0,21,5,22,86,12,3,2,10,2,84,1
35,SUCEAVA,"CĂMINUL CULTURAL ULMA",504,ULMA,150702,2,PART,PRCNCT,S,S_SV,"2021-01-21 12:30:02",563,550,11,2,122,109,11,2,600,478,118,3,1,0,35,3,3,30,5,3,0,14,1,20,4
35,SUCEAVA,"ŞCOALA GIMNAZIALĂ LUPCINA",505,ULMA,150702,1,PROV,PRCNCT,S,S_SV,"2021-01-21 12:30:02",798,775,23,0,285,262,23,0,900,615,259,14,12,1,31,11,8,43,1,2,2,73,0,85,2
35,SUCEAVA,"SALA DE ŞEDINŢE A CONSILIULUI LOCAL ULMA",506,ULMA,150702,1,PROV,PRCNCT,S,S_SV,"2021-01-21 12:30:02",381,355,26,0,126,100,26,0,400,274,124,1,1,0,23,2,5,40,6,3,0,15,2,24,4
35,SUCEAVA,"ȘCOALA GIMNAZIALĂ NR 1 VADU MOLDOVEI",507,"VADU MOLDOVEI",150766,1,PROV,PRCNCT,S,S_SV,"2021-01-21 12:30:02",898,887,11,0,264,253,11,0,1000,736,259,3,2,1,40,31,8,100,22,5,0,17,2,32,1
35,SUCEAVA,"ȘCOALA PRIMARĂ DUMBRĂVIȚA",508,"VADU MOLDOVEI",150766,1,PROV,PRCNCT,S,S_SV,"2021-01-21 12:30:02",855,829,26,0,244,218,26,0,900,656,230,12,2,1,28,18,6,82,43,4,3,13,1,28,3
35,SUCEAVA,"ȘCOALA GIMNAZIALĂ NIGOTEȘTI",509,"VADU MOLDOVEI",150766,1,PROV,PRCNCT,S,S_SV,"2021-01-21 12:30:02",360,346,14,0,109,95,14,0,400,291,102,5,2,0,16,1,2,43,9,3,0,7,1,19,1
35,SUCEAVA,"ȘCOALA PRIMARĂ MOVILENI",510,"VADU MOLDOVEI",150766,1,PROV,PRCNCT,S,S_SV,"2021-01-21 12:30:02",234,221,13,0,67,54,13,0,295,228,66,0,1,0,2,5,2,33,2,1,1,4,0,15,1
35,SUCEAVA,"ȘCOALA PRIMARĂ MESTECENI",511,"VADU MOLDOVEI",150766,1,PROV,PRCNCT,S,S_SV,"2021-01-21 12:30:02",164,151,13,0,57,44,13,0,200,143,53,2,2,1,10,3,3,9,1,2,0,1,1,21,1
35,SUCEAVA,"ȘCOALA PRIMARĂ IONEASA",512,"VADU MOLDOVEI",150766,1,PROV,PRCNCT,S,S_SV,"2021-01-21 12:30:02",287,276,11,0,96,85,11,0,300,204,91,4,1,1,7,3,3,43,9,3,0,4,1,17,0
35,SUCEAVA,"CĂMINUL CULTURAL CIUMULEȘTI",513,"VADU MOLDOVEI",150766,1,PROV,PRCNCT,S,S_SV,"2021-01-21 12:30:02",728,709,19,0,232,213,19,0,800,568,229,3,0,1,19,6,8,92,13,2,0,50,1,35,2
35,SUCEAVA,"ȘCOALA GIMNAZIALĂ NR 2 VADU MOLDOVEI",514,"VADU MOLDOVEI",150766,1,PROV,PRCNCT,S,S_SV,"2021-01-21 12:30:02",347,327,20,0,98,78,20,0,400,302,96,1,1,0,14,4,6,38,20,1,0,4,1,5,3
35,SUCEAVA,"CĂMINUL CULTURAL VALEA MOLDOVEI",515,"VALEA MOLDOVEI",150891,1,PROV,PRCNCT,S,S_SV,"2021-01-21 12:30:02",1395,1370,25,0,477,452,25,0,1500,1023,457,11,9,1,54,22,5,236,9,6,0,22,0,102,0
35,SUCEAVA,"GRĂDINIȚA MIRONU",516,"VALEA MOLDOVEI",150891,1,PROV,PRCNCT,S,S_SV,"2021-01-21 12:30:02",1688,1677,11,0,437,426,11,0,1800,1363,393,27,17,2,44,6,14,241,4,3,0,7,7,65,0
35,SUCEAVA,"CĂMIN CULTURAL VAMA",517,VAMA,150935,1,PROV,PRCNCT,S,S_SV,"2021-01-21 12:30:02",1013,988,24,1,283,258,24,1,1100,817,278,3,2,1,78,5,17,89,35,3,1,12,3,30,4
35,SUCEAVA,"SCOALA GIMNAZIALĂ ”IORGU G. TOMA” LOCALUL NR.2",518,VAMA,150935,1,PROV,PRCNCT,S,S_SV,"2021-01-21 12:30:02",1725,1704,19,2,432,411,19,2,1800,1368,418,10,4,2,135,30,13,83,66,3,7,16,4,53,6
35,SUCEAVA,"ŞCOALA GIMNAZIALĂ ”IORGU G. TOMA” LOCALUL DIN SATUL STRÂMTURA",519,VAMA,150935,1,PROV,PRCNCT,S,S_SV,"2021-01-21 12:30:02",1058,1048,10,0,305,295,10,0,1200,895,297,3,5,1,110,10,8,46,37,3,0,14,1,66,1
35,SUCEAVA,"ŞCOLA GIMNAZIALĂ ”IORGU G. TOMA” LOCALUL DIN SATUL MOLID",520,VAMA,150935,1,PROV,PRCNCT,S,S_SV,"2021-01-21 12:30:02",541,526,11,4,165,150,11,4,600,435,161,4,0,1,40,9,10,33,27,2,0,6,0,31,2
35,SUCEAVA,"ŞCOALA GIMNAZIALĂ ”IORGU G. TOMA” LOCALUL DIN SATUL PRISACA DORNEI",521,VAMA,150935,2,PART,PRCNCT,S,S_SV,"2021-01-21 12:30:02",712,692,20,0,218,198,20,0,800,582,206,9,3,1,36,17,13,50,27,5,1,20,1,33,2
35,SUCEAVA,"CENTRUL LOCAL DE PROMOVARE ȘI INFORMARE TURISTICĂ VATRA MOLDOVIȚEI",522,"VATRA MOLDOVIŢEI",150980,1,PROV,PRCNCT,S,S_SV,"2021-01-21 12:30:02",1180,1170,10,0,388,378,10,0,1300,912,381,2,5,2,165,11,13,85,23,6,0,9,3,57,7
35,SUCEAVA,"CENTRU DE ZI PENTRU COPII",523,"VATRA MOLDOVIŢEI",150980,1,PROV,PRCNCT,S,S_SV,"2021-01-21 12:30:02",654,645,9,0,197,188,9,0,700,503,187,5,5,0,100,14,4,20,14,4,0,7,3,18,3
35,SUCEAVA,"SALA POLIVALENTĂ CIUMÂRNA",524,"VATRA MOLDOVIŢEI",150980,1,PROV,PRCNCT,S,S_SV,"2021-01-21 12:30:02",399,389,10,0,160,150,10,0,500,340,150,4,6,1,81,12,1,16,2,4,0,5,1,27,0
35,SUCEAVA,"CĂMINUL CULTURAL PALTINU",525,"VATRA MOLDOVIŢEI",150980,1,PROV,PRCNCT,S,S_SV,"2021-01-21 12:30:02",705,689,16,0,258,242,16,0,800,542,238,8,12,1,88,11,3,33,12,1,0,11,3,74,1
35,SUCEAVA,"ŞCOALA PRIMARĂ SPĂRTURI",526,"VATRA MOLDOVIŢEI",150980,1,PROV,PRCNCT,S,S_SV,"2021-01-21 12:30:02",694,677,17,0,274,257,17,0,800,526,268,3,3,1,114,13,8,39,11,2,0,7,2,66,5
35,SUCEAVA,"CAMINUL CULTURAL VERESTI",527,VEREŞTI,151022,1,PROV,PRCNCT,S,S_SV,"2021-01-21 12:30:02",1282,1267,15,0,368,353,15,0,1400,1032,359,6,3,1,46,10,62,108,15,7,9,19,0,81,1
35,SUCEAVA,"SALA DE SEDINTE A CONSILIULUI LOCAL VERESTI",528,VEREŞTI,151022,1,PROV,PRCNCT,S,S_SV,"2021-01-21 12:30:02",923,912,11,0,219,208,11,0,1000,781,202,12,5,1,31,5,38,63,6,2,0,10,3,39,4
35,SUCEAVA,"SCOALA GIMNAZIALA COROCAIESTI",529,VEREŞTI,151022,1,PROV,PRCNCT,S,S_SV,"2021-01-21 12:30:02",1062,1049,13,0,230,217,13,0,1200,970,227,2,1,1,29,4,47,73,7,6,0,13,1,42,4
35,SUCEAVA,"CAMINUL CULTURAL COROCAIESTI",530,VEREŞTI,151022,1,PROV,PRCNCT,S,S_SV,"2021-01-21 12:30:02",1284,1277,7,0,239,232,7,0,1400,1161,233,5,1,2,32,12,23,95,10,3,2,13,2,38,1
35,SUCEAVA,"SCOALA GIMNAZIALA BURSUCENI",531,VEREŞTI,151022,1,PROV,PRCNCT,S,S_SV,"2021-01-21 12:30:02",1170,1151,19,0,274,255,19,0,1300,1026,264,5,5,1,55,17,38,87,8,5,5,20,1,27,0
35,SUCEAVA,"SCOALA CU CLASELE I-VIII IOAN VICOVEANU",532,"VICOVU DE JOS",151077,1,PROV,PRCNCT,S,S_SV,"2021-01-21 12:30:02",1370,1350,20,0,387,367,20,0,1500,1113,378,5,4,2,60,24,11,150,26,5,9,23,1,62,5
35,SUCEAVA,"SCOALA CU CLASELE I-VIII NR.2 REMEZAU",533,"VICOVU DE JOS",151077,1,PROV,PRCNCT,S,S_SV,"2021-01-21 12:30:02",2005,1993,12,0,367,355,12,0,2100,1733,354,5,8,0,53,24,12,178,11,7,8,19,5,36,1
35,SUCEAVA,"SCOALA CU CLASELE I-IV MARGINE",534,"VICOVU DE JOS",151077,1,PROV,PRCNCT,S,S_SV,"2021-01-21 12:30:02",808,793,15,0,229,214,15,0,900,671,215,9,5,0,22,11,4,125,21,2,0,14,1,15,0
35,SUCEAVA,"GRĂDINIŢA ”POD DABÎCA”",535,"VICOVU DE JOS",151077,1,PROV,PRCNCT,S,S_SV,"2021-01-21 12:30:02",1064,1054,10,0,198,188,10,0,1200,1002,191,4,3,1,31,6,6,70,16,5,13,13,1,29,0
35,SUCEAVA,"CĂMINUL CULTURAL VOITINEL",536,VOITINEL,151558,2,PART,PRCNCT,S,S_SV,"2021-01-21 12:30:02",1842,1804,10,28,540,502,10,28,2000,1460,520,10,10,0,24,15,16,339,14,2,4,11,2,90,3
35,SUCEAVA,"SCOALA CU CLASELE I-VIII VOITINEL",537,VOITINEL,151558,2,PART,PRCNCT,S,S_SV,"2021-01-21 12:30:02",1646,1616,13,17,546,516,13,17,1700,1154,531,11,4,0,61,10,33,301,17,10,12,11,3,72,1
35,SUCEAVA,"CĂMINUL CULTURAL",538,VOLOVĂŢ,151120,1,PROV,PRCNCT,S,S_SV,"2021-01-21 12:30:02",1713,1698,14,1,405,390,14,1,1800,1395,391,9,5,2,82,25,7,126,20,4,29,7,1,81,7
35,SUCEAVA,"CĂMINUL CULTURAL",539,VOLOVĂŢ,151120,2,PART,PRCNCT,S,S_SV,"2021-01-21 12:30:02",1717,1705,10,2,442,430,10,2,1800,1358,422,2,18,0,81,21,20,159,20,4,23,12,3,76,3
35,SUCEAVA,"PRIMĂRIA COMUNEI VOLOVĂŢ",540,VOLOVĂŢ,151120,1,PROV,PRCNCT,S,S_SV,"2021-01-21 12:30:02",883,875,7,1,246,238,7,1,1000,754,238,6,2,0,55,14,2,82,19,2,18,10,2,33,1
35,SUCEAVA,"ŞCOALA GIMNAZIALĂ ”CONSTANTIN TOMESCU” PLEŞEŞTI",541,VULTUREŞTI,151157,2,PART,PRCNCT,S,S_SV,"2021-01-21 12:30:02",531,517,14,0,131,117,14,0,600,469,126,0,5,1,20,7,7,50,4,1,0,9,2,25,0
35,SUCEAVA,"ŞCOALA GIMNAZIALĂ VALEA GLODULUI",542,VULTUREŞTI,151157,1,PROV,PRCNCT,S,S_SV,"2021-01-21 12:30:02",742,735,7,0,190,183,7,0,800,610,179,4,7,1,34,14,1,65,12,2,1,17,1,28,3
35,SUCEAVA,"SCOALA GIMNAZIALĂ GIURGEŞTI",543,VULTUREŞTI,151157,1,PROV,PRCNCT,S,S_SV,"2021-01-21 12:30:02",593,574,19,0,158,139,19,0,700,542,154,2,2,1,41,23,4,38,5,4,0,11,1,25,1
35,SUCEAVA,"LOCALUL FOSTEI ŞCOLI HREAŢCA (IMOBIL PROPRIETATEA SOCIETĂŢII COOPERATIVE ”VULTURUL PLEŞUV” VULTUREŞTI)",544,VULTUREŞTI,151157,2,PART,PRCNCT,S,S_SV,"2021-01-21 12:30:02",355,340,15,0,113,98,15,0,400,287,108,1,4,1,7,10,1,50,7,7,0,4,0,21,0
35,SUCEAVA,"ŞCOALA CU CLASELE I - IV",545,VULTUREŞTI,151157,1,PROV,PRCNCT,S,S_SV,"2021-01-21 12:30:02",224,207,17,0,74,57,17,0,300,226,71,1,2,1,7,2,1,41,3,6,0,3,0,7,0
35,SUCEAVA,"LOCALUL FOSTEI ŞCOLI JACOTA",546,VULTUREŞTI,151157,1,PROV,PRCNCT,S,S_SV,"2021-01-21 12:30:02",129,113,16,0,43,27,16,0,196,153,43,0,0,1,7,3,1,17,1,4,0,3,0,6,0
35,SUCEAVA,"SCOALA PRIMARĂ OSOI",547,VULTUREŞTI,151157,2,PART,PRCNCT,S,S_SV,"2021-01-21 12:30:02",293,276,17,0,100,83,17,0,300,200,97,1,2,1,23,3,1,45,4,2,0,6,11,1,0
35,SUCEAVA,"CĂMINUL CULTURAL ZAMOSTEA",548,ZAMOSTEA,151246,1,PROV,PRCNCT,S,S_SV,"2021-01-21 12:30:02",1242,1216,26,0,383,357,26,0,1300,917,360,13,10,1,48,20,11,201,11,0,2,13,1,51,1
35,SUCEAVA,"ȘCOALA PRIMARĂ CIOMÎRTAN",549,ZAMOSTEA,151246,1,PROV,PRCNCT,S,S_SV,"2021-01-21 12:30:02",476,459,16,1,150,133,16,1,500,350,144,4,2,1,2,9,6,83,9,5,3,9,0,17,0
35,SUCEAVA,"ȘCOALA PRIMARĂ LUNCA",550,ZAMOSTEA,151246,1,PROV,PRCNCT,S,S_SV,"2021-01-21 12:30:02",223,208,15,0,75,60,15,0,300,225,69,5,1,0,12,2,4,38,3,0,0,2,0,8,0
35,SUCEAVA,"ȘCOALA PRIMARĂ NICANI",551,ZAMOSTEA,151246,1,PROV,PRCNCT,S,S_SV,"2021-01-21 12:30:02",441,425,16,0,151,135,16,0,500,349,143,4,4,1,8,10,42,54,5,2,0,4,0,16,1
35,SUCEAVA,"ȘCOALA PRIMARĂ TĂUTEȘTI",552,ZAMOSTEA,151246,1,PROV,PRCNCT,S,S_SV,"2021-01-21 12:30:02",166,156,10,0,53,43,10,0,200,147,53,0,0,1,5,5,4,25,2,1,0,4,0,3,3
35,SUCEAVA,"ŞCOALA GENERALĂ ZVORIŞTEA",553,ZVORIŞTEA,151344,1,PROV,PRCNCT,S,S_SV,"2021-01-21 12:30:02",797,743,23,31,254,200,23,31,800,546,249,3,2,1,40,5,7,136,15,2,1,13,2,26,1
35,SUCEAVA,"ŞCOALA GENERALĂ BUDA",554,ZVORIŞTEA,151344,1,PROV,PRCNCT,S,S_SV,"2021-01-21 12:30:02",690,674,10,6,159,145,10,4,800,641,152,4,3,1,25,9,12,60,6,1,0,20,1,14,3
35,SUCEAVA,"ŞCOALA GENERALĂ BUDA",555,ZVORIŞTEA,151344,1,PROV,PRCNCT,S,S_SV,"2021-01-21 12:30:02",950,941,6,3,207,198,6,3,1000,793,200,2,5,3,25,5,6,114,3,9,4,8,0,23,0
35,SUCEAVA,"ŞCOALA PRIMARĂ STÂNCA",556,ZVORIŞTEA,151344,1,PROV,PRCNCT,S,S_SV,"2021-01-21 12:30:02",499,485,14,0,112,98,14,0,600,488,109,0,3,2,10,5,1,53,9,4,1,16,0,8,0
35,SUCEAVA,"ŞCOALA GENERALĂ STÎNCUŢA",557,ZVORIŞTEA,151344,1,PROV,PRCNCT,S,S_SV,"2021-01-21 12:30:02",149,135,14,0,43,29,14,0,200,157,42,0,1,2,3,1,3,17,1,0,0,5,0,10,0
35,SUCEAVA,"CASA DE PRĂZNUIRE A PAROHIEI ORTODOXE POIANA",558,ZVORIŞTEA,151344,1,PROV,PRCNCT,S,S_SV,"2021-01-21 12:30:02",495,466,29,0,160,131,29,0,500,340,151,2,7,1,44,7,4,50,4,4,0,9,0,28,0
35,SUCEAVA,"ŞCOALA GENERALĂ ŞERBĂNEŞTI",559,ZVORIŞTEA,151344,1,PROV,PRCNCT,S,S_SV,"2021-01-21 12:30:02",932,917,15,0,141,126,15,0,1000,859,136,2,3,4,17,10,7,51,8,7,0,15,0,14,3
35,SUCEAVA,"ŞCOALA PRIMARĂ SLOBOZIA",560,ZVORIŞTEA,151344,1,PROV,PRCNCT,S,S_SV,"2021-01-21 12:30:02",502,485,17,0,148,131,17,0,603,455,141,4,3,1,22,9,6,55,7,2,0,22,0,15,2
