precinct_county_nce,precinct_county_name,precinct_name,precinct_nr,uat_name,uat_siruta,report_version,report_stage_code,report_type_scope_code,report_type_category_code,report_type_code,created_at,a,a1,a2,a3,b,b1,b2,b3,c,d,e,f,g,"PARTIDUL SOCIAL DEMOCRAT-voturi","UNIUNEA DEMOCRATĂ MAGHIARĂ DIN ROMÂNIA-voturi","ALIANȚA USR PLUS-voturi","PARTIDUL MIȘCAREA POPULARĂ-voturi","PARTIDUL PRO ROMÂNIA-voturi","PARTIDUL NAȚIONAL LIBERAL-voturi","PARTIDUL NOUA DREAPTĂ-voturi","ALIANȚA RENAȘTEREA NAȚIONALĂ-voturi","PARTIDUL PUTERII UMANISTE (SOCIAL-LIBERAL)-voturi","ALIANȚA PENTRU UNIREA ROMÂNILOR-voturi","PARTIDUL VERDE-voturi","PARTIDUL ECOLOGIST ROMÂN-voturi","UNIUNEA SÂRBILOR DIN ROMÂNIA-voturi","ASOCIAȚIA ITALIENILOR DIN ROMÂNIA – RO.AS.IT.-voturi","UNIUNEA CULTURALĂ A RUTENILOR DIN ROMÂNIA-voturi","COMUNITATEA RUȘILOR LIPOVENI DIN ROMÂNIA-voturi","UNIUNEA BULGARĂ DIN BANAT-ROMÂNIA-voturi","FEDERAȚIA COMUNITĂȚILOR EVREIEȘTI DIN ROMÂNIA-voturi","FORUMUL DEMOCRAT AL GERMANILOR DIN ROMÂNIA-voturi","UNIUNEA UCRAINENILOR DIN ROMÂNIA-voturi","UNIUNEA DEMOCRATICĂ A SLOVACILOR ȘI CEHILOR DIN ROMÂNIA-voturi","UNIUNEA DEMOCRATĂ TURCĂ DIN ROMÂNIA-voturi","UNIUNEA POLONEZILOR DIN ROMÂNIA-voturi","ASOCIAȚIA PARTIDA ROMILOR “PRO-EUROPA”-voturi","UNIUNEA ARMENILOR DIN ROMÂNIA-voturi","ASOCIAȚIA LIGA ALBANEZILOR DIN ROMÂNIA-voturi","ASOCIAȚIA MACEDONENILOR DIN ROMÂNIA-voturi","UNIUNEA ELENĂ DIN ROMÂNIA-voturi","UNIUNEA CROAȚILOR DIN ROMÂNIA-voturi","BENDORFEAN TRAIAN-CANDIDAT INDEPENDENT-voturi"
28,MUREŞ,"CASA ”APOLLO” (ŞCOALA DE ARTE)",1,"MUNICIPIUL TÂRGU MUREŞ",114319,1,PROV,PRCNCT,CD,CD_SV,"2021-01-21 12:30:02",1335,1275,56,4,513,453,56,4,1387,874,508,5,0,72,238,61,33,9,59,0,1,0,19,5,6,0,0,1,0,0,1,0,0,0,1,0,0,0,2,0,0,0,0
28,MUREŞ,"UNIVERSITATEA ”PETRU MAIOR”",2,"MUNICIPIUL TÂRGU MUREŞ",114319,1,PROV,PRCNCT,CD,CD_SV,"2021-01-21 12:30:02",1549,1515,33,1,602,568,33,1,1700,1098,594,5,3,58,294,102,40,8,50,3,2,2,20,3,5,1,0,1,0,0,0,1,0,0,0,0,0,0,2,0,0,0,2
28,MUREŞ,"LICEUL TEORETIC ”BOLYAI FARKAS”,",3,"MUNICIPIUL TÂRGU MUREŞ",114319,1,PROV,PRCNCT,CD,CD_SV,"2021-01-21 12:30:02",1476,1379,41,56,670,573,41,56,1600,930,651,9,10,75,370,82,49,8,36,3,0,2,13,2,3,0,1,0,0,0,0,2,0,2,0,0,0,0,0,1,1,1,0
28,MUREŞ,"INTERNAT LICEUL TEHNOLOGIC ”AVRAM IANCU”",4,"MUNICIPIUL TÂRGU MUREŞ",114319,1,PROV,PRCNCT,CD,CD_SV,"2021-01-21 12:30:02",1348,1330,18,0,480,462,18,0,1500,1020,473,4,3,55,245,49,24,18,50,1,3,1,16,3,0,1,1,0,0,0,0,0,0,0,1,0,0,0,1,0,1,0,3
28,MUREŞ,"ŞCOALA GIMNAZIALĂ ”NICOLAE BĂLCESCU”",5,"MUNICIPIUL TÂRGU MUREŞ",114319,1,PROV,PRCNCT,CD,CD_SV,"2021-01-21 12:30:02",1674,1655,15,4,557,538,15,4,1800,1243,555,0,2,73,284,52,37,22,53,1,5,3,17,0,2,0,0,1,1,0,0,0,0,0,1,0,2,0,1,0,0,0,0
28,MUREŞ,"ŞCOALA GIMNAZIALĂ ”NICOLAE BĂLCESCU”",6,"MUNICIPIUL TÂRGU MUREŞ",114319,1,PROV,PRCNCT,CD,CD_SV,"2021-01-21 12:30:02",1182,1174,7,1,290,282,7,1,1300,1010,284,3,3,34,118,39,20,21,22,0,0,0,21,2,1,1,1,0,0,0,0,0,0,0,0,0,1,0,0,2,0,0,1
28,MUREŞ,"ŞCOALA GIMNAZIALĂ ”NICOLAE BĂLCESCU”",7,"MUNICIPIUL TÂRGU MUREŞ",114319,1,PROV,PRCNCT,CD,CD_SV,"2021-01-21 12:30:02",1364,1345,16,3,382,363,16,3,1600,1218,376,5,1,63,144,41,23,24,41,1,3,2,19,4,7,0,0,0,0,0,0,1,0,0,0,0,0,0,0,1,0,0,2
28,MUREŞ,"ŞCOALA GIMNAZIALĂ ”NICOLAE BĂLCESCU”",8,"MUNICIPIUL TÂRGU MUREŞ",114319,1,PROV,PRCNCT,CD,CD_SV,"2021-01-21 12:30:02",1295,1274,15,6,513,492,15,6,1391,878,499,9,5,44,250,64,31,16,63,1,2,0,17,0,3,1,0,0,0,0,3,0,0,0,1,0,0,0,1,0,0,0,2
28,MUREŞ,"ŞCOALA GIMNAZIALĂ ”NICOLAE BĂLCESCU”",9,"MUNICIPIUL TÂRGU MUREŞ",114319,1,PROV,PRCNCT,CD,CD_SV,"2021-01-21 12:30:02",1624,1597,22,5,600,573,22,5,1700,1100,594,3,3,44,413,48,16,11,35,0,1,0,16,1,2,0,0,0,0,0,0,1,0,1,0,0,2,0,3,0,0,0,0
28,MUREŞ,"LICEUL TEHNOLOGIC ”AUREL PERŞU”",10,"MUNICIPIUL TÂRGU MUREŞ",114319,1,PROV,PRCNCT,CD,CD_SV,"2021-01-21 12:30:02",1293,1277,16,0,253,237,16,0,1400,1147,247,3,3,25,68,37,14,14,30,0,0,0,44,2,1,0,2,0,0,0,0,0,0,0,0,0,1,0,2,2,0,0,5
28,MUREŞ,"LICEUL TEHNOLOGIC ”AUREL PERŞU”",11,"MUNICIPIUL TÂRGU MUREŞ",114319,1,PROV,PRCNCT,CD,CD_SV,"2021-01-21 12:30:02",1237,1222,14,1,407,392,14,1,1345,938,400,5,2,60,140,58,30,11,61,0,1,3,24,1,2,0,1,0,1,0,0,0,0,0,0,0,0,0,2,0,0,0,5
28,MUREŞ,"PRIMĂRIA MUNICIPIULUI TG.MUREŞ",12,"MUNICIPIUL TÂRGU MUREŞ",114319,1,PROV,PRCNCT,CD,CD_SV,"2021-01-21 12:30:02",1357,1308,46,3,517,468,46,3,1453,936,512,4,1,40,273,64,27,13,46,2,2,3,29,3,4,0,0,0,0,0,0,0,0,0,0,1,0,0,5,0,0,0,0
28,MUREŞ,"COLEGIUL AGRICOL ”TRAIAN SAVULESCU”",13,"MUNICIPIUL TÂRGU MUREŞ",114319,2,PART,PRCNCT,CD,CD_SV,"2021-01-21 12:30:02",1586,1540,36,10,577,531,36,10,1700,1123,569,4,4,60,281,84,30,11,63,2,0,3,16,3,4,0,0,0,1,0,0,0,0,1,1,0,3,0,2,0,0,0,4
28,MUREŞ,"ŞCOALA GIMNAZIALĂ ”AL.I.CUZA”",14,"MUNICIPIUL TÂRGU MUREŞ",114319,1,PROV,PRCNCT,CD,CD_SV,"2021-01-21 12:30:02",1811,1792,16,3,631,612,16,3,1990,1359,622,8,1,91,147,135,68,40,91,1,2,3,35,1,2,0,0,0,0,1,0,0,0,0,1,0,0,0,1,0,0,0,3
28,MUREŞ,"ŞCOALA GIMNAZIALĂ ”AL.I.CUZA”",15,"MUNICIPIUL TÂRGU MUREŞ",114319,1,PROV,PRCNCT,CD,CD_SV,"2021-01-21 12:30:02",1831,1813,17,1,653,635,17,1,2000,1347,637,11,5,93,248,112,46,17,59,2,4,5,41,1,2,1,1,0,1,0,0,0,0,0,0,0,1,0,2,0,0,0,1
28,MUREŞ,"ŞCOALA GIMNAZIALĂ ”AL.I.CUZA”",16,"MUNICIPIUL TÂRGU MUREŞ",114319,1,PROV,PRCNCT,CD,CD_SV,"2021-01-21 12:30:02",1683,1668,13,2,573,558,13,2,1800,1227,566,6,1,72,174,101,48,27,87,2,0,5,37,4,3,0,2,0,0,0,0,0,0,0,0,0,0,0,0,0,0,0,4
28,MUREŞ,"ŞCOALA GIMNAZIALĂ”AL.I.CUZA”",17,"MUNICIPIUL TÂRGU MUREŞ",114319,1,PROV,PRCNCT,CD,CD_SV,"2021-01-21 12:30:02",1934,1910,22,2,696,672,22,2,2000,1304,678,15,3,107,128,162,83,32,89,5,2,4,39,8,7,0,0,2,0,1,0,0,1,0,0,1,0,0,0,0,0,0,7
28,MUREŞ,"ŞCOALA GIMNAZIALĂ”AL.I.CUZA”",18,"MUNICIPIUL TÂRGU MUREŞ",114319,1,PROV,PRCNCT,CD,CD_SV,"2021-01-21 12:30:02",1633,1610,22,1,519,496,22,1,1800,1281,509,4,6,64,212,58,40,13,77,2,3,3,27,1,3,0,0,0,0,0,2,0,0,0,0,0,1,0,1,0,0,0,2
28,MUREŞ,"ŞCOALA GIMNAZIALĂ”AL.I.CUZA”",19,"MUNICIPIUL TÂRGU MUREŞ",114319,1,PROV,PRCNCT,CD,CD_SV,"2021-01-21 12:30:02",1802,1783,18,1,649,630,18,1,2000,1351,642,5,2,102,183,137,63,29,67,2,0,1,34,11,1,0,0,0,0,1,0,0,0,0,0,0,0,0,2,0,0,0,9
28,MUREŞ,"ŞCOALA GEN. NR. 19 BEŞA",20,"MUNICIPIUL TÂRGU MUREŞ",114319,1,PROV,PRCNCT,CD,CD_SV,"2021-01-21 12:30:02",818,807,11,0,235,224,11,0,898,663,218,17,0,12,119,12,6,5,27,1,1,2,17,1,1,0,0,0,1,0,0,0,0,0,1,0,4,0,1,4,0,1,2
28,MUREŞ,"ŞCOALA GIMNAZIALĂ ”FRIEDERICH SCHILLER”",21,"MUNICIPIUL TÂRGU MUREŞ",114319,1,PROV,PRCNCT,CD,CD_SV,"2021-01-21 12:30:02",1251,1215,26,10,454,418,26,10,1350,896,448,5,1,50,240,66,26,6,41,0,1,0,6,3,4,0,0,0,0,0,0,0,0,0,0,0,1,0,1,0,0,0,3
28,MUREŞ,"ŞCOALA GIMNAZIALĂ ”FRIEDERICH SCHILLER”",22,"MUNICIPIUL TÂRGU MUREŞ",114319,2,PART,PRCNCT,CD,CD_SV,"2021-01-21 12:30:02",1265,1246,18,1,488,469,18,1,1350,844,485,1,2,68,247,45,36,14,45,1,2,6,8,5,3,1,1,0,0,0,0,0,0,0,0,0,0,0,1,1,0,0,1
28,MUREŞ,"LICEUL CU PROGRAM SPORTIV ”SZASZ ADALBERT”",23,"MUNICIPIUL TÂRGU MUREŞ",114319,1,PROV,PRCNCT,CD,CD_SV,"2021-01-21 12:30:02",1578,1542,23,13,536,500,23,13,1700,1164,530,3,3,51,294,56,33,17,39,1,1,4,11,3,4,0,0,0,0,0,1,0,0,0,1,0,1,0,1,0,0,0,12
28,MUREŞ,"ŞCOALA GIMNAZIALĂ ”EUROPA”",24,"MUNICIPIUL TÂRGU MUREŞ",114319,1,PROV,PRCNCT,CD,CD_SV,"2021-01-21 12:30:02",1483,1409,58,16,625,552,58,15,1549,924,615,9,0,72,269,98,49,15,72,2,0,1,24,4,4,1,1,0,0,0,1,0,0,0,0,0,0,0,1,0,0,0,1
28,MUREŞ,"GRĂDINIŢA PROGR.PREL.NR.6",25,"MUNICIPIUL TÂRGU MUREŞ",114319,1,PROV,PRCNCT,CD,CD_SV,"2021-01-21 12:30:02",1292,1269,20,3,483,460,20,3,1400,917,481,1,1,58,159,97,40,40,60,0,0,1,13,1,4,0,0,0,0,0,1,1,0,0,1,1,0,1,0,0,0,0,3
28,MUREŞ,"LICEUL TEHNOLOGIC ”C-TIN BRÂNCUŞI”",26,"MUNICIPIUL TÂRGU MUREŞ",114319,1,PROV,PRCNCT,CD,CD_SV,"2021-01-21 12:30:02",1392,1344,45,3,614,566,45,3,1500,886,605,4,5,83,341,59,33,4,55,3,1,6,13,0,5,0,0,0,0,0,1,0,0,0,0,0,0,0,0,0,0,0,1
28,MUREŞ,"ŞCOALA GIMNAZIALĂ NR. 7 CORP A",27,"MUNICIPIUL TÂRGU MUREŞ",114319,1,PROV,PRCNCT,CD,CD_SV,"2021-01-21 12:30:02",1390,1357,31,2,552,519,31,2,1500,948,545,7,0,87,250,71,34,7,66,0,0,0,18,3,3,0,0,0,0,0,0,0,1,0,0,0,0,1,4,0,0,0,0
28,MUREŞ,"ŞCOALA GIMNAZIALĂ NR. 7, CORPUL B",28,"MUNICIPIUL TÂRGU MUREŞ",114319,1,PROV,PRCNCT,CD,CD_SV,"2021-01-21 12:30:02",1119,1068,29,22,359,308,29,22,1200,841,350,6,3,59,152,40,12,5,45,2,2,3,16,1,2,1,1,0,0,0,0,1,0,0,0,0,1,1,1,2,0,0,3
28,MUREŞ,"ŞCOALA GIMNAZIALĂ NR. 7, CORPUL B",29,"MUNICIPIUL TÂRGU MUREŞ",114319,1,PROV,PRCNCT,CD,CD_SV,"2021-01-21 12:30:02",1289,1265,22,2,427,403,22,2,1400,973,421,1,5,51,213,54,19,10,56,0,0,1,5,1,2,0,1,0,0,0,0,0,0,0,0,0,1,0,3,0,0,0,4
28,MUREŞ,"LICEUL TEHNOLOGIC ”ION VLASIU”",30,"MUNICIPIUL TÂRGU MUREŞ",114319,1,PROV,PRCNCT,CD,CD_SV,"2021-01-21 12:30:02",1556,1481,30,45,611,536,30,45,1650,1039,599,8,4,80,279,75,28,17,80,3,3,5,18,2,3,0,0,0,0,0,1,1,0,0,0,0,1,1,1,0,1,0,0
28,MUREŞ,"CENTRUL CULTURAL ”MIHAI EMINESCU”",31,"MUNICIPIUL TÂRGU MUREŞ",114319,2,PART,PRCNCT,CD,CD_SV,"2021-01-21 12:30:02",894,804,68,22,415,325,68,22,900,485,411,3,1,46,200,61,31,5,50,0,2,1,7,1,2,0,0,0,0,0,0,0,0,1,0,0,1,0,2,0,1,0,0
28,MUREŞ,"COLEGIUL NAŢIONAL ”UNIREA”",32,"MUNICIPIUL TÂRGU MUREŞ",114319,1,PROV,PRCNCT,CD,CD_SV,"2021-01-21 12:30:02",1644,1604,33,7,747,707,33,7,1700,953,741,2,4,89,335,82,69,10,114,0,3,1,25,5,3,1,1,1,0,0,0,1,0,0,0,0,0,0,1,0,0,0,0
28,MUREŞ,"LICEUL VOCAŢIONAL ”M. EMINESCU”",33,"MUNICIPIUL TÂRGU MUREŞ",114319,1,PROV,PRCNCT,CD,CD_SV,"2021-01-21 12:30:02",1619,1604,11,4,513,498,11,4,1694,1181,512,0,1,56,235,76,28,14,55,0,0,3,35,1,2,0,1,0,0,0,0,0,0,0,1,0,0,0,2,0,0,0,3
28,MUREŞ,"ŞCOALA GIMNAZIALĂ ”T.VLADIMIRESCU”",34,"MUNICIPIUL TÂRGU MUREŞ",114319,1,PROV,PRCNCT,CD,CD_SV,"2021-01-21 12:30:02",1522,1480,40,2,507,465,40,2,1650,1143,501,3,3,102,156,80,37,17,70,2,3,2,24,1,2,0,0,0,0,0,0,1,0,0,0,0,0,0,0,0,0,0,4
28,MUREŞ,"ŞCOALA GIMNAZIALĂ ”T.VLADIMIRESCU”",35,"MUNICIPIUL TÂRGU MUREŞ",114319,1,PROV,PRCNCT,CD,CD_SV,"2021-01-21 12:30:02",1500,1477,21,2,535,512,21,2,1600,1065,526,7,2,107,155,95,42,24,68,0,0,1,18,5,4,0,0,0,0,0,0,0,0,0,0,0,1,0,0,0,1,1,4
28,MUREŞ,"ŞCOALA GIMNAZIALĂ ”T.VLADIMIRESCU”",36,"MUNICIPIUL TÂRGU MUREŞ",114319,1,PROV,PRCNCT,CD,CD_SV,"2021-01-21 12:30:02",1511,1496,15,0,598,583,15,0,1650,1052,586,11,1,117,189,95,42,30,52,2,1,1,33,5,8,0,0,1,0,0,0,0,0,0,0,0,0,0,2,0,0,0,8
28,MUREŞ,"ŞCOALA GIMNAZIALĂ ”T.VLADIMIRESCU”",37,"MUNICIPIUL TÂRGU MUREŞ",114319,1,PROV,PRCNCT,CD,CD_SV,"2021-01-21 12:30:02",1550,1529,21,0,520,499,21,0,1700,1180,515,2,3,92,187,82,33,15,65,2,3,3,23,3,3,0,0,0,0,0,0,0,0,0,0,0,0,0,0,0,0,0,4
28,MUREŞ,"ŞCOALA GIMNAZIALĂ ”T.VLADIMIRESCU”",38,"MUNICIPIUL TÂRGU MUREŞ",114319,1,PROV,PRCNCT,CD,CD_SV,"2021-01-21 12:30:02",1408,1390,16,2,500,482,16,2,1550,1050,489,6,5,97,156,89,44,17,54,0,2,2,19,3,2,0,0,0,0,0,0,1,0,0,0,0,0,0,0,1,0,0,2
28,MUREŞ,"LICEUL TEHNOLOGIC ELECTROMUREŞ",39,"MUNICIPIUL TÂRGU MUREŞ",114319,1,PROV,PRCNCT,CD,CD_SV,"2021-01-21 12:30:02",1818,1792,24,2,669,643,24,2,1890,1221,663,5,1,109,189,154,50,19,83,2,2,3,37,4,4,0,0,0,0,0,0,0,0,0,0,0,1,0,1,0,0,0,5
28,MUREŞ,"LICEUL TEHNOLOGIC ELECTROMUREŞ",40,"MUNICIPIUL TÂRGU MUREŞ",114319,1,PROV,PRCNCT,CD,CD_SV,"2021-01-21 12:30:02",1626,1595,28,3,546,515,28,3,1700,1154,535,9,2,81,182,113,27,24,60,0,3,3,28,3,4,1,0,0,0,0,1,0,0,1,0,0,1,0,0,0,0,0,3
28,MUREŞ,"LICEUL TEHNOLOGIC ELECTROMUREŞ",41,"MUNICIPIUL TÂRGU MUREŞ",114319,1,PROV,PRCNCT,CD,CD_SV,"2021-01-21 12:30:02",1501,1481,20,0,551,531,20,0,1648,1097,548,2,1,97,199,89,29,24,68,0,1,5,20,4,3,0,1,1,0,0,0,0,0,1,0,0,0,0,1,1,0,0,4
28,MUREŞ,"LICEUL TEHNOLOGIC ELECTROMUREŞ",42,"MUNICIPIUL TÂRGU MUREŞ",114319,1,PROV,PRCNCT,CD,CD_SV,"2021-01-21 12:30:02",1537,1494,41,2,535,492,41,2,1650,1115,527,5,3,102,167,89,34,39,43,1,6,6,27,4,4,0,1,0,0,0,0,0,0,0,0,0,0,0,2,0,0,0,2
28,MUREŞ,"PUNCT COLECTARE TAXE ŞI IMPOZITE",43,"MUNICIPIUL TÂRGU MUREŞ",114319,1,PROV,PRCNCT,CD,CD_SV,"2021-01-21 12:30:02",1089,1062,24,3,444,417,24,3,1150,706,442,2,0,70,119,76,51,11,78,2,3,2,15,1,7,1,1,0,0,1,0,0,0,0,0,0,0,0,1,0,0,0,3
28,MUREŞ,"ŞCOALA GIMNAZIALĂ ”MIHAI VITEAZUL”",44,"MUNICIPIUL TÂRGU MUREŞ",114319,1,PROV,PRCNCT,CD,CD_SV,"2021-01-21 12:30:02",1624,1585,39,0,621,582,39,0,1700,1079,616,4,1,93,261,107,30,33,46,1,3,3,24,1,3,1,0,0,0,0,0,0,0,0,2,0,0,0,0,1,0,0,7
28,MUREŞ,"ŞCOALA GIMNAZIALĂ ”MIHAI VITEAZUL”",45,"MUNICIPIUL TÂRGU MUREŞ",114319,1,PROV,PRCNCT,CD,CD_SV,"2021-01-21 12:30:02",1554,1521,31,2,615,582,31,2,1700,1085,607,6,2,115,207,113,31,35,58,4,0,3,22,3,4,0,0,0,0,0,2,1,0,0,0,0,1,0,2,0,1,0,5
28,MUREŞ,"ŞCOALA GIMNAZIALĂ ”MIHAI VITEAZUL”",46,"MUNICIPIUL TÂRGU MUREŞ",114319,1,PROV,PRCNCT,CD,CD_SV,"2021-01-21 12:30:02",1594,1577,15,2,584,567,15,2,1750,1166,575,5,4,89,217,117,41,19,54,0,7,3,17,4,2,0,0,0,0,0,0,0,0,0,0,0,1,0,0,0,0,0,4
28,MUREŞ,"ŞCOALA GIMNAZIALĂ ”MIHAI VITEAZUL”",47,"MUNICIPIUL TÂRGU MUREŞ",114319,1,PROV,PRCNCT,CD,CD_SV,"2021-01-21 12:30:02",1517,1496,20,1,479,458,20,1,1650,1171,473,4,2,83,162,65,38,22,60,0,0,2,27,4,2,0,0,0,0,0,0,0,0,0,0,0,0,0,3,0,0,0,5
28,MUREŞ,"ŞCOALA GIMNAZIALĂ ”ROMULUS GUGA”",48,"MUNICIPIUL TÂRGU MUREŞ",114319,1,PROV,PRCNCT,CD,CD_SV,"2021-01-21 12:30:02",1505,1476,26,3,566,537,26,3,1650,1084,561,2,3,98,168,122,38,18,59,0,1,5,37,6,1,0,0,1,0,0,0,0,0,0,0,1,0,0,0,0,0,0,6
28,MUREŞ,"ŞCOALA GIMNAZIALĂ ”ROMULUS GUGA”",49,"MUNICIPIUL TÂRGU MUREŞ",114319,1,PROV,PRCNCT,CD,CD_SV,"2021-01-21 12:30:02",1814,1763,48,3,765,714,48,3,1900,1135,757,7,1,132,161,196,57,40,101,2,2,1,39,9,9,0,1,0,0,0,1,0,0,0,0,0,1,0,0,0,0,0,5
28,MUREŞ,"ŞCOALA GIMNAZIALĂ ”ROMULUS GUGA”",50,"MUNICIPIUL TÂRGU MUREŞ",114319,1,PROV,PRCNCT,CD,CD_SV,"2021-01-21 12:30:02",1499,1476,23,0,539,516,23,0,1650,1111,534,5,0,101,145,103,44,17,70,3,4,6,30,2,4,0,1,0,0,0,0,0,0,0,0,0,0,0,0,0,0,1,3
28,MUREŞ,"ŞCOALA GIMNAZIALĂ ”ROMULUS GUGA”",51,"MUNICIPIUL TÂRGU MUREŞ",114319,1,PROV,PRCNCT,CD,CD_SV,"2021-01-21 12:30:02",1422,1406,16,0,494,478,16,0,1550,1056,487,6,1,100,133,85,51,23,62,2,3,1,14,4,3,1,0,1,0,0,0,0,0,1,0,0,0,0,0,0,0,0,3
28,MUREŞ,"GRĂDINIŢA CU PROGR.PREL.”CODRIŞOR”",52,"MUNICIPIUL TÂRGU MUREŞ",114319,1,PROV,PRCNCT,CD,CD_SV,"2021-01-21 12:30:02",1641,1609,30,2,639,607,30,2,1700,1061,634,2,3,104,187,120,54,22,95,1,1,4,24,6,7,0,2,0,0,0,0,0,0,0,0,0,0,0,1,0,0,0,6
28,MUREŞ,"ŞCOALA GIMNAZIALĂ ”G.COŞBUC”",53,"MUNICIPIUL TÂRGU MUREŞ",114319,1,PROV,PRCNCT,CD,CD_SV,"2021-01-21 12:30:02",1431,1403,26,2,514,486,26,2,1550,1036,509,1,4,63,248,87,25,15,48,0,1,2,9,3,1,0,0,0,1,1,1,2,0,0,0,0,0,0,1,0,0,0,1
28,MUREŞ,"ŞCOALA GIMNAZIALĂ ”G.COŞBUC”",54,"MUNICIPIUL TÂRGU MUREŞ",114319,1,PROV,PRCNCT,CD,CD_SV,"2021-01-21 12:30:02",1539,1513,17,9,558,532,17,9,1650,1092,551,5,2,41,315,66,22,14,53,0,2,3,24,4,2,0,0,0,0,0,0,0,0,0,0,0,0,0,4,0,0,0,1
28,MUREŞ,"ŞCOALA GIMNAZIALĂ ”DACIA”/B",55,"MUNICIPIUL TÂRGU MUREŞ",114319,1,PROV,PRCNCT,CD,CD_SV,"2021-01-21 12:30:02",1513,1480,31,2,580,547,31,2,1650,1070,568,6,6,78,266,76,32,11,69,0,2,1,23,1,2,1,0,0,0,0,0,0,0,0,0,0,0,0,1,0,0,0,5
28,MUREŞ,"ŞCOALA GIMNAZIALĂ ”DACIA”/B",56,"MUNICIPIUL TÂRGU MUREŞ",114319,1,PROV,PRCNCT,CD,CD_SV,"2021-01-21 12:30:02",1512,1483,28,1,515,486,28,1,1650,1135,504,6,5,68,222,63,37,14,61,2,0,3,18,1,4,0,0,0,1,0,3,0,0,0,2,0,0,0,0,0,0,1,4
28,MUREŞ,"CENTRUL ŞCOLAR PENTRU EDUCAŢIE INCLUZIVĂ NR.1",57,"MUNICIPIUL TÂRGU MUREŞ",114319,1,PROV,PRCNCT,CD,CD_SV,"2021-01-21 12:30:02",1595,1515,16,64,578,498,16,64,1650,1072,569,6,3,100,273,64,26,15,56,2,1,3,18,1,3,1,0,1,1,2,0,0,0,0,0,0,0,0,0,1,0,1,0
28,MUREŞ,"CENTRUL ŞCOLAR PENTRU EDUCAŢIE INCLUZIVĂ NR.1",58,"MUNICIPIUL TÂRGU MUREŞ",114319,1,PROV,PRCNCT,CD,CD_SV,"2021-01-21 12:30:02",1487,1425,21,41,257,195,21,41,1550,1293,222,23,12,42,93,21,10,6,10,1,5,4,12,0,1,2,1,0,0,0,0,0,0,0,0,0,3,2,1,2,1,1,4
28,MUREŞ,"ŞCOALA GIMNAZIALĂ ”DACIA”/A",59,"MUNICIPIUL TÂRGU MUREŞ",114319,1,PROV,PRCNCT,CD,CD_SV,"2021-01-21 12:30:02",1519,1506,13,0,566,553,13,0,1650,1084,561,4,1,75,174,97,59,23,94,0,4,3,22,1,3,0,0,0,0,0,0,0,0,0,0,0,0,0,0,1,1,0,4
28,MUREŞ,"ŞCOALA GIMNAZIALĂ ”DACIA”/A",60,"MUNICIPIUL TÂRGU MUREŞ",114319,1,PROV,PRCNCT,CD,CD_SV,"2021-01-21 12:30:02",1419,1392,27,0,615,588,27,0,1550,935,608,5,2,83,244,105,56,14,71,0,0,0,20,1,5,0,0,0,0,0,0,0,0,1,0,0,0,0,2,0,1,0,5
28,MUREŞ,"ŞCOALA GIMNAZIALĂ ”DACIA”/A",61,"MUNICIPIUL TÂRGU MUREŞ",114319,1,PROV,PRCNCT,CD,CD_SV,"2021-01-21 12:30:02",965,947,17,1,318,300,17,1,1050,732,315,2,1,20,170,50,23,10,27,0,0,0,8,2,1,0,0,0,0,0,0,0,0,0,1,0,0,0,2,0,0,0,1
28,MUREŞ,"LICEUL TEHNOLOGIC ”AVRAM IANCU”",62,"MUNICIPIUL TÂRGU MUREŞ",114319,1,PROV,PRCNCT,CD,CD_SV,"2021-01-21 12:30:02",1328,1296,28,4,516,484,28,4,1450,934,510,5,1,44,275,81,21,6,53,1,1,0,14,3,1,0,2,0,0,0,3,1,0,0,0,0,0,1,2,0,0,0,1
28,MUREŞ,"LICEUL TEHNOLOGIC ”AVRAM IANCU”",63,"MUNICIPIUL TÂRGU MUREŞ",114319,1,PROV,PRCNCT,CD,CD_SV,"2021-01-21 12:30:02",1540,1521,18,1,567,548,18,1,1650,1083,559,4,4,72,298,61,31,17,56,1,5,2,7,4,1,0,1,0,0,0,0,0,0,0,0,0,0,0,1,0,0,0,2
28,MUREŞ,"LICEUL TEHNOLOGIC ”AVRAM IANCU”",64,"MUNICIPIUL TÂRGU MUREŞ",114319,1,PROV,PRCNCT,CD,CD_SV,"2021-01-21 12:30:02",1431,1396,32,3,454,419,32,3,1550,1096,441,9,4,62,226,50,25,13,32,2,0,0,21,0,4,0,1,0,0,0,1,0,0,0,0,1,0,0,1,0,0,0,2
28,MUREŞ,"GRĂDINIŢA PROG.PREL.”ALBINUŢA”",65,"MUNICIPIUL TÂRGU MUREŞ",114319,1,PROV,PRCNCT,CD,CD_SV,"2021-01-21 12:30:02",1346,1313,30,3,466,433,30,3,1450,984,458,0,8,74,203,61,25,13,49,1,2,2,14,1,1,0,1,0,0,0,0,0,0,0,1,0,0,0,4,0,0,0,6
28,MUREŞ,"ŞCOALA GIMNAZIALĂ ”LIVIU REBREANU”",66,"MUNICIPIUL TÂRGU MUREŞ",114319,1,PROV,PRCNCT,CD,CD_SV,"2021-01-21 12:30:02",1397,1379,18,0,439,421,18,0,1500,1061,427,6,6,55,221,34,36,20,34,0,4,3,7,2,5,0,1,0,1,0,0,0,0,1,0,0,0,0,1,0,0,0,2
28,MUREŞ,"ŞCOALA GIMNAZIALĂ ”LIVIU REBREANU”",67,"MUNICIPIUL TÂRGU MUREŞ",114319,2,PART,PRCNCT,CD,CD_SV,"2021-01-21 12:30:02",1424,1400,23,1,529,505,23,1,1550,1021,520,4,5,78,218,82,36,13,54,0,1,2,25,0,3,0,1,0,0,1,0,0,0,0,0,0,0,0,1,0,0,0,5
28,MUREŞ,"ŞCOALA GIMNAZIALĂ ”LIVIU REBREANU”",68,"MUNICIPIUL TÂRGU MUREŞ",114319,1,PROV,PRCNCT,CD,CD_SV,"2021-01-21 12:30:02",1448,1434,14,0,527,513,14,0,1550,1023,513,5,9,65,313,48,20,4,29,0,2,5,14,3,3,0,0,0,0,0,1,0,0,0,1,0,0,1,0,1,0,0,3
28,MUREŞ,"ŞCOALA GIMNAZIALĂ ”LIVIU REBREANU”",69,"MUNICIPIUL TÂRGU MUREŞ",114319,1,PROV,PRCNCT,CD,CD_SV,"2021-01-21 12:30:02",1464,1447,17,0,551,534,17,0,1597,1046,541,8,2,79,274,68,36,10,49,0,1,3,11,1,2,0,1,0,0,0,0,0,0,0,0,0,0,0,4,0,0,0,2
28,MUREŞ,"GRĂDINIŢA PROG.PREL.”LICURICI”",70,"MUNICIPIUL TÂRGU MUREŞ",114319,1,PROV,PRCNCT,CD,CD_SV,"2021-01-21 12:30:02",1470,1452,17,1,558,540,17,1,1593,1035,547,6,5,73,307,50,22,10,37,1,0,3,28,1,2,0,0,1,0,0,1,2,0,0,0,0,0,1,3,1,0,0,4
28,MUREŞ,"GRĂDINIŢA PROG.PREL.”LICURICI”",71,"MUNICIPIUL TÂRGU MUREŞ",114319,1,PROV,PRCNCT,CD,CD_SV,"2021-01-21 12:30:02",1266,1241,23,2,538,513,23,2,1350,812,531,6,1,56,264,69,48,16,48,2,1,2,13,2,2,1,0,0,0,0,1,0,0,1,0,1,0,1,0,0,0,0,3
28,MUREŞ,"LICEUL TEHNOLOGIC ”GH. ŞINCAI”",72,"MUNICIPIUL TÂRGU MUREŞ",114319,1,PROV,PRCNCT,CD,CD_SV,"2021-01-21 12:30:02",1541,1522,14,5,574,555,14,5,1650,1076,563,6,5,69,301,73,23,17,46,1,2,3,15,4,2,0,0,0,0,0,0,1,0,0,1,0,0,0,2,0,0,0,3
28,MUREŞ,"LICEUL TEHNOLOGIC ”GH. ŞINCAI”",73,"MUNICIPIUL TÂRGU MUREŞ",114319,1,PROV,PRCNCT,CD,CD_SV,"2021-01-21 12:30:02",1440,1416,20,4,541,517,20,4,1550,1009,535,4,2,93,297,39,23,14,51,1,1,2,11,0,1,0,0,0,0,0,0,0,0,0,0,0,0,0,1,0,0,0,1
28,MUREŞ,"ŞCOALA GIMNAZIALĂ LIVIU REBREANU",74,"MUNICIPIUL TÂRGU MUREŞ",114319,1,PROV,PRCNCT,CD,CD_SV,"2021-01-21 12:30:02",1336,1325,11,0,529,518,11,0,1449,920,519,8,2,53,302,40,32,18,42,0,1,1,17,4,4,0,0,1,0,0,0,0,0,0,0,0,2,0,0,1,0,0,1
28,MUREŞ,"ŞCOALA GIMNAZIALĂ LIVIU REBREANU",75,"MUNICIPIUL TÂRGU MUREŞ",114319,1,PROV,PRCNCT,CD,CD_SV,"2021-01-21 12:30:02",1417,1401,15,1,456,440,15,1,1550,1094,449,5,2,67,203,45,34,15,44,0,0,1,29,3,4,0,0,0,0,1,0,0,0,0,0,0,1,0,1,0,0,0,1
28,MUREŞ,"GRĂDINIŢA CU PROG.PREL.”RÂNDUNICA”",76,"MUNICIPIUL TÂRGU MUREŞ",114319,1,PROV,PRCNCT,CD,CD_SV,"2021-01-21 12:30:02",1648,1632,16,0,504,488,16,0,1800,1296,493,9,2,69,242,47,27,11,37,3,5,0,35,2,3,0,0,0,0,0,0,0,0,0,0,1,1,0,2,0,0,1,7
28,MUREŞ,"LICEUL TEHNOLOGIC ”GH.ŞINCAI”",77,"MUNICIPIUL TÂRGU MUREŞ",114319,1,PROV,PRCNCT,CD,CD_SV,"2021-01-21 12:30:02",1564,1538,20,6,524,498,20,6,1700,1176,515,4,5,83,289,48,32,9,30,0,2,0,9,2,3,0,0,0,0,0,1,0,0,0,1,0,0,0,2,0,0,0,4
28,MUREŞ,"ŞCOALA GIMNAZIALĂ ”SERAFIM DUICU”",78,"MUNICIPIUL TÂRGU MUREŞ",114319,1,PROV,PRCNCT,CD,CD_SV,"2021-01-21 12:30:02",1659,1643,13,3,624,608,13,3,1800,1176,617,2,5,73,336,56,38,16,61,0,4,0,20,5,5,0,0,1,0,0,0,0,0,0,0,0,0,0,1,0,0,0,1
28,MUREŞ,"ŞCOALA GIMNAZIALĂ ”SERAFIM DUICU”",79,"MUNICIPIUL TÂRGU MUREŞ",114319,1,PROV,PRCNCT,CD,CD_SV,"2021-01-21 12:30:02",1412,1389,20,3,355,332,20,3,1550,1195,349,5,1,43,139,38,24,19,47,0,0,1,20,4,3,0,1,0,0,1,0,0,0,0,0,0,1,0,2,0,0,0,6
28,MUREŞ,"ŞCOALA GIMNAZIALĂ ”SERAFIM DUICU”",80,"MUNICIPIUL TÂRGU MUREŞ",114319,1,PROV,PRCNCT,CD,CD_SV,"2021-01-21 12:30:02",1609,1588,19,2,446,425,19,2,1750,1304,437,7,2,56,154,59,25,23,51,0,3,3,47,3,1,0,0,0,1,0,0,3,0,0,1,0,0,0,1,0,0,0,6
28,MUREŞ,"LICEUL TEHNOLOGIC ”TRAIAN VUIA”",81,"MUNICIPIUL TÂRGU MUREŞ",114319,1,PROV,PRCNCT,CD,CD_SV,"2021-01-21 12:30:02",1635,1617,18,0,485,467,18,0,1800,1315,477,6,2,66,157,82,36,17,52,0,3,3,42,3,5,0,2,0,0,0,0,0,0,0,0,0,1,0,2,0,0,0,6
28,MUREŞ,"LICEUL TEHNOLOGIC ”TRAIAN VUIA”",82,"MUNICIPIUL TÂRGU MUREŞ",114319,1,PROV,PRCNCT,CD,CD_SV,"2021-01-21 12:30:02",1598,1576,21,1,349,327,21,1,1750,1401,343,5,1,56,102,44,17,24,38,1,0,2,49,2,0,0,1,0,0,0,0,0,0,0,0,0,0,0,1,0,0,0,6
28,MUREŞ,"LICEUL TEHNOLOGIC ”TRAIAN VUIA”",83,"MUNICIPIUL TÂRGU MUREŞ",114319,1,PROV,PRCNCT,CD,CD_SV,"2021-01-21 12:30:02",1516,1474,24,18,487,445,24,18,1600,1113,478,9,0,77,152,81,33,24,43,1,5,0,38,2,4,0,1,0,0,1,0,0,0,0,1,0,2,0,2,1,0,1,9
28,MUREŞ,"LICEUL TEHNOLOGIC ”EMIL DANDEA”",84,"MUNICIPIUL TÂRGU MUREŞ",114319,1,PROV,PRCNCT,CD,CD_SV,"2021-01-21 12:30:02",1263,1238,25,0,320,295,25,0,1350,1030,279,29,12,63,94,36,15,13,23,2,2,5,10,1,2,0,2,0,1,0,0,1,0,0,0,0,3,1,4,0,0,0,1
28,MUREŞ,"CĂMINUL CULTURAL",85,"MUNICIPIUL TÂRGU MUREŞ",114319,1,PROV,PRCNCT,CD,CD_SV,"2021-01-21 12:30:02",1000,982,17,1,271,253,17,1,1100,829,267,1,3,54,47,42,31,10,41,2,2,3,26,1,2,0,0,0,0,0,1,2,0,0,0,0,0,0,0,0,1,0,2
28,MUREŞ,"ŞCOALA GIMNAZIALĂ ”ALEXANDRU CEUŞIANU”",86,"MUNICIPIUL REGHIN",114809,1,PROV,PRCNCT,CD,CD_SV,"2021-01-21 12:30:02",1432,1410,22,0,461,439,22,0,1550,1089,457,3,1,88,97,101,13,9,95,1,4,2,25,4,2,1,0,0,0,1,0,1,0,0,0,0,1,0,1,3,0,0,8
28,MUREŞ,"CLUBUL COPIILOR",87,"MUNICIPIUL REGHIN",114809,1,PROV,PRCNCT,CD,CD_SV,"2021-01-21 12:30:02",1395,1378,13,4,499,482,13,4,1500,1001,487,7,5,69,83,112,36,15,124,1,3,1,23,6,5,0,0,0,0,1,0,1,0,0,0,1,0,0,0,0,0,0,6
28,MUREŞ,"LICEUL TEHNOLOGIC ”LUCIAN BLAGA”",88,"MUNICIPIUL REGHIN",114809,1,PROV,PRCNCT,CD,CD_SV,"2021-01-21 12:30:02",1561,1533,22,6,602,574,22,6,1700,1098,594,7,1,94,94,139,50,16,121,2,2,3,35,11,6,3,1,0,0,0,0,2,0,0,0,0,1,0,0,1,1,0,12
28,MUREŞ,"LICEUL TEHNOLOGIC ”LUCIAN BLAGA”",89,"MUNICIPIUL REGHIN",114809,1,PROV,PRCNCT,CD,CD_SV,"2021-01-21 12:30:02",1339,1325,13,1,407,393,13,1,1450,1043,398,6,3,70,85,75,21,8,87,0,2,9,27,5,0,0,0,0,0,0,0,0,0,0,0,0,1,0,0,0,0,0,8
28,MUREŞ,"LICEUL TEHNOLOGIC ”PETRU MAIOR”",90,"MUNICIPIUL REGHIN",114809,1,PROV,PRCNCT,CD,CD_SV,"2021-01-21 12:30:02",1636,1612,23,1,514,490,23,1,1750,1236,501,13,0,98,70,112,24,21,131,2,5,3,20,5,1,0,0,0,1,0,0,0,0,0,1,0,0,0,0,0,0,0,7
28,MUREŞ,"LICEUL TEHNOLOGIC ”PETRU MAIOR”",91,"MUNICIPIUL REGHIN",114809,1,PROV,PRCNCT,CD,CD_SV,"2021-01-21 12:30:02",1556,1535,21,0,452,431,21,0,1700,1248,444,8,0,82,93,80,21,11,112,1,0,3,22,8,1,0,2,0,0,1,0,0,0,0,0,0,0,0,0,0,0,0,7
28,MUREŞ,"LICEUL TEHNOLOGIC ”PETRU MAIOR”",92,"MUNICIPIUL REGHIN",114809,1,PROV,PRCNCT,CD,CD_SV,"2021-01-21 12:30:02",1452,1438,13,1,449,435,13,1,1600,1151,443,5,1,91,67,80,24,8,116,2,2,4,31,4,5,0,0,0,1,0,0,3,1,0,0,0,0,0,0,0,0,1,3
28,MUREŞ,"LICEUL TEHNOLOGIC ”IOAN BOJOR”",93,"MUNICIPIUL REGHIN",114809,1,PROV,PRCNCT,CD,CD_SV,"2021-01-21 12:30:02",1643,1627,16,0,526,510,16,0,1800,1274,519,3,4,98,75,114,25,16,120,2,4,6,34,4,4,1,1,0,0,0,0,1,0,0,0,0,1,0,0,0,0,0,13
28,MUREŞ,"LICEUL TEHNOLOGIC ”IOAN BOJOR”",94,"MUNICIPIUL REGHIN",114809,1,PROV,PRCNCT,CD,CD_SV,"2021-01-21 12:30:02",1682,1667,14,1,509,494,14,1,1800,1291,507,2,0,94,100,114,16,12,112,1,3,6,30,3,2,0,0,0,2,0,0,4,0,0,1,0,0,0,0,2,0,0,5
28,MUREŞ,"GRĂDINIŢA CU PROGRAM PRELUNGIT NR.4",95,"MUNICIPIUL REGHIN",114809,1,PROV,PRCNCT,CD,CD_SV,"2021-01-21 12:30:02",995,983,12,0,293,281,12,0,1095,802,286,7,0,37,45,43,18,23,58,1,1,2,35,1,2,0,0,0,0,0,0,1,0,0,0,0,0,2,0,1,0,0,16
28,MUREŞ,"GRĂDINIŢA CU PROGRAM PRELUNGIT NR.4",96,"MUNICIPIUL REGHIN",114809,1,PROV,PRCNCT,CD,CD_SV,"2021-01-21 12:30:02",974,960,14,0,257,243,14,0,1050,793,251,6,0,53,59,24,9,10,50,3,1,3,18,8,5,0,0,1,1,0,0,0,1,0,0,0,1,0,0,2,0,0,2
28,MUREŞ,"CĂMINUL CULTURAL ”IERNUŢENI”",97,"MUNICIPIUL REGHIN",114809,1,PROV,PRCNCT,CD,CD_SV,"2021-01-21 12:30:02",1725,1697,28,0,611,583,28,0,1800,1189,600,4,7,91,166,83,19,14,137,2,0,4,50,10,7,0,0,0,0,1,0,0,0,0,0,0,2,1,2,0,0,1,10
28,MUREŞ,"ŞCOALA GIMNAZIALĂ NR.4",98,"MUNICIPIUL REGHIN",114809,1,PROV,PRCNCT,CD,CD_SV,"2021-01-21 12:30:02",1076,1066,10,0,240,230,10,0,1200,960,206,20,14,23,9,4,77,9,37,3,1,2,12,0,0,2,0,0,2,1,0,5,0,3,1,1,12,0,0,2,0,0,0
28,MUREŞ,"ŞCOALA GIMNAZIALĂ NR.4",99,"MUNICIPIUL REGHIN",114809,1,PROV,PRCNCT,CD,CD_SV,"2021-01-21 12:30:02",1124,1108,16,0,319,303,16,0,1200,881,311,4,4,48,110,22,7,12,80,0,0,2,18,3,0,0,0,1,0,0,0,0,0,1,0,1,0,1,0,1,0,1,3
28,MUREŞ,"GRĂDINIŢA CU PROGRAM PRELUNGIT NR.3",100,"MUNICIPIUL REGHIN",114809,1,PROV,PRCNCT,CD,CD_SV,"2021-01-21 12:30:02",1319,1303,16,0,413,397,16,0,1450,1037,406,5,2,99,100,57,14,11,93,0,1,1,19,6,1,0,0,0,0,0,0,0,0,0,0,0,0,0,0,2,0,0,2
28,MUREŞ,"ŞCOALA GIMNAZIALĂ ”FLOREA BOGDAN”",101,"MUNICIPIUL REGHIN",114809,1,PROV,PRCNCT,CD,CD_SV,"2021-01-21 12:30:02",1325,1307,18,0,358,340,18,0,1450,1092,349,6,3,72,96,49,15,4,71,0,0,2,24,7,0,0,0,0,0,0,0,0,1,0,1,0,1,0,1,0,0,1,4
28,MUREŞ,"ŞCOALA GIMNAZIALĂ ”FLOREA BOGDAN”",102,"MUNICIPIUL REGHIN",114809,1,PROV,PRCNCT,CD,CD_SV,"2021-01-21 12:30:02",1416,1404,12,0,397,385,12,0,1550,1153,390,7,0,61,86,72,22,6,106,1,1,1,22,1,4,1,0,0,0,0,0,0,0,1,2,0,0,0,0,0,0,0,3
28,MUREŞ,"ŞCOALA GIMNAZIALĂ ”FLOREA BOGDAN”",103,"MUNICIPIUL REGHIN",114809,1,PROV,PRCNCT,CD,CD_SV,"2021-01-21 12:30:02",1356,1340,16,0,337,321,16,0,1450,1113,333,2,2,60,89,41,11,12,81,0,1,6,20,2,1,0,1,2,0,0,0,0,0,0,0,0,0,0,1,0,0,0,5
28,MUREŞ,"GRĂDINIŢA CU PROGRAM NORMAL NR.3",104,"MUNICIPIUL REGHIN",114809,2,PART,PRCNCT,CD,CD_SV,"2021-01-21 12:30:02",1275,1250,21,4,472,447,21,4,1348,876,465,3,4,75,83,86,42,14,107,1,1,3,27,6,4,0,0,0,0,1,0,1,0,0,0,0,1,1,0,1,1,0,10
28,MUREŞ,"GRĂDINIŢA CU PROGRAM NORMAL NR.3",105,"MUNICIPIUL REGHIN",114809,1,PROV,PRCNCT,CD,CD_SV,"2021-01-21 12:30:02",1084,1073,11,0,355,344,11,0,1204,849,349,5,1,67,52,72,31,6,85,0,2,4,20,2,0,0,0,0,0,0,0,1,0,0,0,0,0,0,2,0,0,0,5
28,MUREŞ,"GRĂDINITA CU PROGRAM NORMAL NR.1 REGHIN",106,"MUNICIPIUL REGHIN",114809,1,PROV,PRCNCT,CD,CD_SV,"2021-01-21 12:30:02",1145,1121,24,0,335,311,24,0,1250,915,333,2,0,64,101,56,8,12,72,0,2,2,10,0,2,0,0,0,0,0,0,1,0,0,0,0,1,0,0,0,0,0,2
28,MUREŞ,"ŞCOALA GIMNAZIALĂ ”AUGUSTIN MAIOR”",107,"MUNICIPIUL REGHIN",114809,1,PROV,PRCNCT,CD,CD_SV,"2021-01-21 12:30:02",1210,1195,15,0,343,328,15,0,1300,957,332,7,4,54,108,51,7,3,66,0,0,8,21,0,2,0,1,0,0,0,0,3,0,0,2,0,1,0,1,1,0,0,3
28,MUREŞ,"CASA DE CULTURĂ DR. ”EUGEN NICOARA”",108,"MUNICIPIUL REGHIN",114809,1,PROV,PRCNCT,CD,CD_SV,"2021-01-21 12:30:02",1294,1239,24,31,445,390,24,31,1343,898,437,7,1,69,94,71,31,8,113,1,2,4,30,2,0,0,1,0,0,0,0,0,0,2,0,0,0,0,0,1,0,0,8
28,MUREŞ,"ŞCOALA GIMNAZIALĂ ” OCTAVIAN GOGA ”",109,"MUNICIPIUL SIGHIŞOARA",114514,1,PROV,PRCNCT,CD,CD_SV,"2021-01-21 12:30:02",1373,1357,16,0,419,403,16,0,1550,1131,409,9,1,72,40,66,27,14,123,0,5,6,36,4,9,0,0,1,1,0,0,1,0,0,1,0,0,0,0,0,0,0,3
28,MUREŞ,"LICEUL TEHNOLOGIC NR. 2",110,"MUNICIPIUL SIGHIŞOARA",114514,1,PROV,PRCNCT,CD,CD_SV,"2021-01-21 12:30:02",1099,1091,8,0,276,268,8,0,1200,924,271,5,0,38,26,41,15,8,102,0,7,3,16,4,3,0,0,0,0,0,0,2,0,0,0,0,0,0,1,0,0,0,5
28,MUREŞ,"LICEUL TEHNOLOGIC NR. 2",111,"MUNICIPIUL SIGHIŞOARA",114514,1,PROV,PRCNCT,CD,CD_SV,"2021-01-21 12:30:02",968,955,13,0,252,239,13,0,1050,798,250,0,2,37,23,34,24,8,73,0,2,0,30,5,2,0,0,0,0,0,0,9,0,0,0,0,0,0,0,0,0,0,3
28,MUREŞ,"ŞCOALA GIMNAZIALĂ ”MIRON NEAGU”",112,"MUNICIPIUL SIGHIŞOARA",114514,1,PROV,PRCNCT,CD,CD_SV,"2021-01-21 12:30:02",1333,1320,13,0,335,322,13,0,1450,1115,329,3,3,50,42,36,28,13,81,3,4,5,46,2,5,0,0,0,0,1,0,1,1,0,0,1,4,0,0,0,1,1,4
28,MUREŞ,"ŞCOALA GIMNAZIALĂ ”MIRON NEAGU”",113,"MUNICIPIUL SIGHIŞOARA",114514,1,PROV,PRCNCT,CD,CD_SV,"2021-01-21 12:30:02",1313,1297,14,2,299,283,14,2,1400,1101,289,6,4,47,27,42,30,14,83,1,3,5,24,3,2,1,0,0,0,0,1,1,0,0,0,0,1,0,1,0,0,1,2
28,MUREŞ,"LICEUL TEORETIC ”JOSEPH HALTRICH”",114,"MUNICIPIUL SIGHIŞOARA",114514,1,PROV,PRCNCT,CD,CD_SV,"2021-01-21 12:30:02",1081,1069,12,0,242,230,12,0,1200,958,235,5,2,27,19,36,24,10,73,1,3,0,25,1,2,0,0,0,0,0,0,7,0,0,0,0,0,0,0,1,0,0,6
28,MUREŞ,"GRĂDINIŢA CU PROGRAM PRELUNGIT NR.2",115,"MUNICIPIUL SIGHIŞOARA",114514,1,PROV,PRCNCT,CD,CD_SV,"2021-01-21 12:30:02",1252,1240,12,0,325,313,12,0,1344,1019,321,4,0,52,44,59,24,10,87,1,1,3,23,5,2,0,0,0,0,0,1,0,0,0,0,0,0,1,1,2,0,1,4
28,MUREŞ,"ŞCOALA GIMNAZIALĂ ” NICOLAE IORGA ”",116,"MUNICIPIUL SIGHIŞOARA",114514,1,PROV,PRCNCT,CD,CD_SV,"2021-01-21 12:30:02",974,967,7,0,219,212,7,0,1050,831,215,2,2,42,25,32,11,7,70,0,1,0,14,6,2,0,0,0,0,0,0,3,0,0,0,0,0,0,0,0,0,1,1
28,MUREŞ,"ŞCOALA GIMNAZIALĂ ” NICOLAE IORGA ”",117,"MUNICIPIUL SIGHIŞOARA",114514,1,PROV,PRCNCT,CD,CD_SV,"2021-01-21 12:30:02",983,975,8,0,219,211,8,0,1100,881,213,1,5,30,36,28,2,8,82,0,1,3,10,1,2,0,0,0,0,0,0,1,0,1,0,0,1,0,0,1,0,0,6
28,MUREŞ,"ŞCOALA GIMNAZIALĂ ” NICOLAE IORGA ”",118,"MUNICIPIUL SIGHIŞOARA",114514,1,PROV,PRCNCT,CD,CD_SV,"2021-01-21 12:30:02",1343,1336,7,0,325,318,7,0,1500,1175,318,6,1,52,54,34,11,11,89,3,2,3,39,5,3,1,1,0,1,1,0,4,0,0,1,0,0,0,0,0,0,0,3
28,MUREŞ,"ŞCOALA GIMNAZIALĂ ” NICOLAE IORGA ”",119,"MUNICIPIUL SIGHIŞOARA",114514,1,PROV,PRCNCT,CD,CD_SV,"2021-01-21 12:30:02",1137,1130,7,0,240,233,7,0,1250,1010,238,1,1,30,45,30,12,9,73,0,0,4,26,2,2,0,1,0,0,0,0,1,0,0,0,0,0,1,1,0,0,0,1
28,MUREŞ,"ŞCOALA GIMNAZIALĂ ” ZAHARIA BOIU ”",120,"MUNICIPIUL SIGHIŞOARA",114514,1,PROV,PRCNCT,CD,CD_SV,"2021-01-21 12:30:02",1241,1235,6,0,268,262,6,0,1350,1082,265,2,1,36,31,49,11,8,91,0,1,0,25,3,3,1,0,0,0,0,1,1,0,0,0,0,1,0,1,0,0,0,2
28,MUREŞ,"ŞCOALA GIMNAZIALĂ ” ZAHARIA BOIU ”",121,"MUNICIPIUL SIGHIŞOARA",114514,1,PROV,PRCNCT,CD,CD_SV,"2021-01-21 12:30:02",1282,1271,11,0,360,349,11,0,1400,1040,357,1,2,64,49,56,18,12,105,3,0,3,28,6,7,0,0,0,0,0,0,3,0,0,0,0,0,1,1,0,0,0,1
28,MUREŞ,"ŞCOALA GIMNAZIALĂ ” ZAHARIA BOIU ”",122,"MUNICIPIUL SIGHIŞOARA",114514,2,PART,PRCNCT,CD,CD_SV,"2021-01-21 12:30:02",1165,1151,14,0,309,295,14,0,1250,941,298,7,4,62,39,53,11,9,75,2,6,2,28,3,1,0,0,0,0,0,0,2,0,0,0,0,1,0,0,1,0,0,3
28,MUREŞ,"ŞCOALA GIMNAZIALĂ ” ZAHARIA BOIU ”",123,"MUNICIPIUL SIGHIŞOARA",114514,1,PROV,PRCNCT,CD,CD_SV,"2021-01-21 12:30:02",1632,1621,11,0,447,436,11,0,1800,1353,438,6,3,38,52,94,24,22,123,3,1,2,58,5,5,0,0,0,1,0,0,0,0,0,0,0,1,0,0,0,0,0,9
28,MUREŞ,"ŞCOALA GIMNAZIALĂ ” ZAHARIA BOIU ”",124,"MUNICIPIUL SIGHIŞOARA",114514,1,PROV,PRCNCT,CD,CD_SV,"2021-01-21 12:30:02",1425,1415,10,0,357,347,10,0,1550,1193,351,5,1,45,42,63,12,11,105,1,1,2,44,3,7,0,0,0,3,0,0,4,0,0,1,0,1,0,0,2,0,1,3
28,MUREŞ,"ŞCOALA PRIMARĂ ”DEALUL VIILOR”",125,"MUNICIPIUL SIGHIŞOARA",114514,1,PROV,PRCNCT,CD,CD_SV,"2021-01-21 12:30:02",1634,1621,13,0,338,325,13,0,1800,1462,315,16,7,37,40,37,25,11,90,2,3,6,45,2,4,0,0,1,2,0,0,2,0,0,0,0,2,0,0,0,0,2,4
28,MUREŞ,"ŞCOALA GIMNAZIALĂ ”AUREL MOSORA”",126,"MUNICIPIUL SIGHIŞOARA",114514,1,PROV,PRCNCT,CD,CD_SV,"2021-01-21 12:30:02",1422,1389,31,2,407,374,31,2,1550,1143,401,5,1,76,70,85,29,10,90,2,3,2,18,4,2,0,0,0,1,0,0,2,0,0,0,0,2,0,0,1,0,0,4
28,MUREŞ,"ŞCOALA GIMNAZIALĂ ”AUREL MOSORA”",127,"MUNICIPIUL SIGHIŞOARA",114514,1,PROV,PRCNCT,CD,CD_SV,"2021-01-21 12:30:02",1358,1345,12,1,369,356,12,1,1500,1131,360,7,2,62,49,61,18,12,93,2,2,2,26,5,3,1,1,0,0,0,0,6,0,0,1,0,5,3,1,0,0,0,7
28,MUREŞ,"ŞCOALA GIMNAZIALĂ ”RADU POPA”",128,"MUNICIPIUL SIGHIŞOARA",114514,1,PROV,PRCNCT,CD,CD_SV,"2021-01-21 12:30:02",1127,1108,15,4,327,308,15,4,1200,873,319,7,1,58,49,50,28,10,83,0,2,1,22,2,4,2,1,0,0,0,0,2,0,0,0,0,0,2,0,0,0,0,3
28,MUREŞ,"ŞCOALA GIMNAZIALĂ ” VICTOR JINGA”",129,"MUNICIPIUL SIGHIŞOARA",114514,1,PROV,PRCNCT,CD,CD_SV,"2021-01-21 12:30:02",1199,1179,18,2,347,327,18,2,1300,953,342,4,1,59,28,64,32,8,111,3,5,3,18,5,2,0,0,0,0,0,0,1,0,0,0,0,0,0,1,1,0,0,1
28,MUREŞ,"ŞCOALA GIMNAZIALĂ ” VICTOR JINGA”",130,"MUNICIPIUL SIGHIŞOARA",114514,1,PROV,PRCNCT,CD,CD_SV,"2021-01-21 12:30:02",986,976,10,0,225,215,10,0,1050,825,215,9,1,32,22,33,15,3,67,0,5,5,16,1,2,0,0,0,0,0,0,5,0,0,0,0,2,0,1,2,0,0,4
28,MUREŞ,"ȘCOALA PRIMARĂ HETIUR",131,"MUNICIPIUL SIGHIŞOARA",114514,1,PROV,PRCNCT,CD,CD_SV,"2021-01-21 12:30:02",866,852,14,0,149,135,14,0,950,801,143,4,2,23,4,26,10,4,52,1,1,2,15,2,1,0,0,0,0,1,0,0,0,0,0,0,0,0,0,0,0,0,1
28,MUREŞ,"GRĂDINIȚA CU PROGRAM PRELUNGIT NR. 4",132,"MUNICIPIUL TÂRNĂVENI",114925,1,PROV,PRCNCT,CD,CD_SV,"2021-01-21 12:30:02",959,943,16,0,219,203,16,0,1050,831,214,3,2,54,27,25,3,16,52,0,2,3,17,3,4,0,1,0,0,0,0,0,0,0,0,0,1,0,0,0,1,0,5
28,MUREŞ,"ȘCOALA GIMNAZIALĂ NR.3",133,"MUNICIPIUL TÂRNĂVENI",114925,1,PROV,PRCNCT,CD,CD_SV,"2021-01-21 12:30:02",1125,1117,8,0,210,202,8,0,1250,1040,181,27,2,34,4,2,21,9,41,1,1,0,40,0,4,1,0,1,1,0,0,1,0,0,0,0,10,2,1,4,2,0,1
28,MUREŞ,"ȘCOALA GIMNAZIALĂ NR.3",134,"MUNICIPIUL TÂRNĂVENI",114925,1,PROV,PRCNCT,CD,CD_SV,"2021-01-21 12:30:02",989,982,7,0,206,199,7,0,1096,890,189,12,5,24,7,11,19,14,48,3,1,4,40,2,0,1,0,0,0,0,1,0,0,0,0,0,6,0,2,1,1,1,3
28,MUREŞ,"GRĂDINIȚA CU PROGRAM PRELUNGIT NR.1",135,"MUNICIPIUL TÂRNĂVENI",114925,1,PROV,PRCNCT,CD,CD_SV,"2021-01-21 12:30:02",931,925,6,0,275,269,6,0,1000,725,274,1,0,64,57,27,11,28,56,0,4,2,14,0,2,0,2,0,0,0,0,0,0,0,0,0,1,0,1,0,0,0,5
28,MUREŞ,"ȘCOALA GIMNAZIALĂ TRAIAN",136,"MUNICIPIUL TÂRNĂVENI",114925,1,PROV,PRCNCT,CD,CD_SV,"2021-01-21 12:30:02",1092,1076,16,0,268,252,16,0,1200,932,263,4,1,65,46,29,10,13,72,0,1,3,10,1,2,0,0,0,0,0,0,0,0,1,0,0,4,0,1,1,0,0,4
28,MUREŞ,"LICEUL CONSTANTIN BRÂNCUŞI",137,"MUNICIPIUL TÂRNĂVENI",114925,1,PROV,PRCNCT,CD,CD_SV,"2021-01-21 12:30:02",1173,1151,22,0,232,210,22,0,1250,1018,219,13,0,70,23,23,4,15,39,2,0,2,30,2,2,0,0,0,0,0,0,0,0,0,0,0,4,0,0,0,0,0,3
28,MUREŞ,"CASA DE CULTURĂ MIHAI EMINESCU",138,"MUNICIPIUL TÂRNĂVENI",114925,1,PROV,PRCNCT,CD,CD_SV,"2021-01-21 12:30:02",1186,1174,12,0,278,266,12,0,1300,1022,278,0,0,82,24,49,12,5,79,0,0,0,21,0,3,0,0,0,0,0,0,0,0,0,0,0,3,0,0,0,0,0,0
28,MUREŞ,"COLEGIUL TEHNIC",139,"MUNICIPIUL TÂRNĂVENI",114925,1,PROV,PRCNCT,CD,CD_SV,"2021-01-21 12:30:02",940,931,9,0,246,237,9,0,1000,754,244,2,0,46,48,27,7,13,61,0,0,4,25,1,1,0,0,0,0,0,0,1,0,0,0,0,2,0,1,0,0,0,7
28,MUREŞ,"ŞCOALA GIMNAZIALĂ AVRAM IANCU",140,"MUNICIPIUL TÂRNĂVENI",114925,1,PROV,PRCNCT,CD,CD_SV,"2021-01-21 12:30:02",937,923,14,0,173,159,14,0,998,825,171,1,1,41,21,24,5,7,36,0,3,1,21,1,1,0,1,1,0,0,0,0,0,0,0,0,3,1,1,0,0,1,2
28,MUREŞ,"ȘCOALA GIMNAZIALĂ AVRAM IANCU",141,"MUNICIPIUL TÂRNĂVENI",114925,1,PROV,PRCNCT,CD,CD_SV,"2021-01-21 12:30:02",905,893,9,3,208,196,9,3,1000,792,204,2,2,43,38,14,2,11,62,0,1,3,21,0,3,0,0,0,0,0,0,0,0,0,0,0,0,1,0,1,0,0,4
28,MUREŞ,"LICEUL TEORETIC ANDREI BÂRSEANU",142,"MUNICIPIUL TÂRNĂVENI",114925,1,PROV,PRCNCT,CD,CD_SV,"2021-01-21 12:30:02",1291,1281,10,0,280,270,10,0,1400,1120,275,3,2,67,29,35,8,34,68,0,0,2,22,0,2,0,1,0,0,0,0,0,0,0,0,0,2,2,0,0,0,0,3
28,MUREŞ,"LICEUL TEORETIC ANDREI BÂRSEANU",143,"MUNICIPIUL TÂRNĂVENI",114925,1,PROV,PRCNCT,CD,CD_SV,"2021-01-21 12:30:02",1334,1325,9,0,257,248,9,0,1450,1193,254,3,0,59,29,21,9,15,80,0,0,0,34,1,1,0,0,0,0,0,0,0,0,0,0,1,0,0,0,0,0,0,4
28,MUREŞ,"GRĂDINIȚA CU PROGRAM NORMAL NR. 6",144,"MUNICIPIUL TÂRNĂVENI",114925,1,PROV,PRCNCT,CD,CD_SV,"2021-01-21 12:30:02",1144,1128,16,0,254,238,16,0,1250,996,246,4,4,63,32,42,7,15,43,0,0,2,27,0,4,0,1,1,0,0,0,0,0,0,0,0,2,1,1,1,0,0,4
28,MUREŞ,"CLUBUL PENSIONARILOR NR. 2",145,"MUNICIPIUL TÂRNĂVENI",114925,1,PROV,PRCNCT,CD,CD_SV,"2021-01-21 12:30:02",1136,1125,11,0,256,245,11,0,1250,994,247,6,3,60,39,29,7,17,49,0,0,5,30,1,3,0,0,0,0,0,0,0,0,0,0,0,3,0,1,1,0,0,2
28,MUREŞ,"CENTRUL SOCIAL VICTORIA",146,"MUNICIPIUL TÂRNĂVENI",114925,1,PROV,PRCNCT,CD,CD_SV,"2021-01-21 12:30:02",1090,1065,16,9,269,244,16,9,1200,931,263,4,2,62,17,38,8,32,69,0,0,5,22,1,4,0,0,0,0,0,0,0,0,0,0,0,0,0,0,1,0,0,4
28,MUREŞ,"ŞCOALA GIMNAZIALĂ VASILE MOLDOVAN",147,"MUNICIPIUL TÂRNĂVENI",114925,1,PROV,PRCNCT,CD,CD_SV,"2021-01-21 12:30:02",1074,1064,10,0,250,240,10,0,1150,900,246,2,2,30,29,60,8,18,58,0,1,2,26,1,2,0,2,0,0,0,0,0,0,0,0,0,3,0,0,0,0,1,5
28,MUREŞ,"ŞCOALA GIMNAZIALĂ VASILE MOLDOVAN",148,"MUNICIPIUL TÂRNĂVENI",114925,2,PART,PRCNCT,CD,CD_SV,"2021-01-21 12:30:02",1134,1124,10,0,275,265,10,0,1250,975,251,22,2,92,4,31,8,10,57,0,0,10,16,1,4,4,0,1,0,0,0,0,0,1,0,0,6,2,1,0,0,1,2
28,MUREŞ,"ŞCOALA GIMNAZIALĂ VASILE MOLDOVAN",149,"MUNICIPIUL TÂRNĂVENI",114925,1,PROV,PRCNCT,CD,CD_SV,"2021-01-21 12:30:02",1170,1163,7,0,273,266,7,0,1300,1027,268,4,1,50,38,41,15,25,49,0,4,3,30,1,3,1,1,0,1,0,0,0,0,0,0,0,0,1,0,2,0,0,3
28,MUREŞ,"ŞCOALA PRIMARĂ BOTORCA",150,"MUNICIPIUL TÂRNĂVENI",114925,1,PROV,PRCNCT,CD,CD_SV,"2021-01-21 12:30:02",305,293,12,0,86,74,12,0,298,212,82,3,1,13,5,11,5,4,32,0,0,0,7,0,2,0,0,0,0,0,0,0,0,0,0,1,1,0,0,0,0,0,1
28,MUREŞ,"CĂMINUL CULTURAL BOBOHALMA",151,"MUNICIPIUL TÂRNĂVENI",114925,1,PROV,PRCNCT,CD,CD_SV,"2021-01-21 12:30:02",828,819,9,0,171,162,9,0,900,729,166,2,3,35,3,18,16,4,69,0,0,4,12,0,0,0,0,0,0,0,0,0,0,0,0,0,0,1,0,1,1,1,1
28,MUREŞ,"GRĂDINIŢA CU PROGRAM NORMAL NR. 6",152,"MUNICIPIUL TÂRNĂVENI",114925,1,PROV,PRCNCT,CD,CD_SV,"2021-01-21 12:30:02",454,445,9,0,77,68,9,0,500,423,75,1,1,20,1,5,5,9,11,0,0,1,11,1,2,1,0,0,1,0,0,1,0,1,0,0,0,1,0,1,0,1,2
28,MUREŞ,"CASA DE CULTURĂ IERNUT",153,"ORAŞ IERNUT",117827,1,PROV,PRCNCT,CD,CD_SV,"2021-01-21 12:30:02",1317,1295,22,0,402,380,22,0,1450,1048,399,2,1,109,53,36,44,10,82,3,1,5,44,5,2,0,1,0,0,0,0,0,0,0,0,0,1,0,0,2,0,0,1
28,MUREŞ,"GRĂDINIŢA CU PROGRAM NORMAL IERNUT",154,"ORAŞ IERNUT",117827,1,PROV,PRCNCT,CD,CD_SV,"2021-01-21 12:30:02",1094,1072,20,2,330,308,20,2,1200,870,321,7,2,78,48,35,43,6,71,0,1,5,26,1,4,0,0,0,0,0,0,0,0,0,1,0,1,0,0,0,0,0,1
28,MUREŞ,"ŞCOALA GIMNAZIALĂ IERNUT",155,"ORAŞ IERNUT",117827,1,PROV,PRCNCT,CD,CD_SV,"2021-01-21 12:30:02",1267,1251,16,0,357,341,16,0,1400,1043,349,6,2,75,25,43,45,12,102,0,1,3,38,2,2,0,1,0,0,0,0,0,0,0,0,0,0,0,0,0,0,0,0
28,MUREŞ,"ŞCOALA GIMNAZIALĂ IERNUT",156,"ORAŞ IERNUT",117827,1,PROV,PRCNCT,CD,CD_SV,"2021-01-21 12:30:02",1385,1366,17,2,383,364,17,2,1500,1117,368,13,2,91,34,31,34,16,92,0,2,2,50,0,3,0,1,1,1,0,1,0,0,0,0,0,2,0,1,2,1,0,3
28,MUREŞ,"ŞCOALA GIMNAZIALĂ CIPĂU",157,"ORAŞ IERNUT",117827,1,PROV,PRCNCT,CD,CD_SV,"2021-01-21 12:30:02",907,871,35,1,309,273,35,1,1000,691,282,17,10,46,13,18,17,13,114,3,0,3,40,0,3,0,2,0,0,0,0,2,0,0,0,0,2,1,2,2,1,0,0
28,MUREŞ,"CĂMIN CULTURAL",158,"ORAŞ IERNUT",117827,1,PROV,PRCNCT,CD,CD_SV,"2021-01-21 12:30:02",286,274,12,0,52,40,12,0,300,248,50,1,1,16,2,1,9,2,15,0,0,0,4,0,0,0,0,0,0,0,0,0,0,0,0,0,0,0,0,0,0,0,1
28,MUREŞ,"ŞCOALA GIMNAZIALĂ LECHINŢA",159,"ORAŞ IERNUT",117827,1,PROV,PRCNCT,CD,CD_SV,"2021-01-21 12:30:02",731,718,13,0,168,155,13,0,800,632,165,2,1,51,2,13,17,7,37,0,1,2,24,1,1,0,0,0,0,1,0,1,0,1,2,1,2,0,0,0,0,0,1
28,MUREŞ,"CĂMIN CULTURAL OARBA DE MUREŞ",160,"ORAŞ IERNUT",117827,1,PROV,PRCNCT,CD,CD_SV,"2021-01-21 12:30:02",101,85,16,0,39,23,16,0,100,61,36,1,2,6,3,3,7,1,13,0,0,2,0,0,1,0,0,0,0,0,0,0,0,0,0,0,0,0,0,0,0,0,0
28,MUREŞ,"ŞCOALA PRIMARĂ SĂLCUD",161,"ORAŞ IERNUT",117827,1,PROV,PRCNCT,CD,CD_SV,"2021-01-21 12:30:02",529,518,11,0,97,86,11,0,550,453,89,3,5,25,2,5,8,1,41,0,1,0,3,0,2,0,0,0,0,0,0,0,0,0,0,0,0,0,1,0,0,0,0
28,MUREŞ,"ŞCOALA PRIMARĂ SFÎNTU GHEORGHE",162,"ORAŞ IERNUT",117827,1,PROV,PRCNCT,CD,CD_SV,"2021-01-21 12:30:02",345,325,20,0,122,102,20,0,350,228,116,1,5,25,6,21,11,2,32,0,2,2,11,0,1,0,0,0,0,1,0,0,0,0,0,0,0,0,1,0,0,0,1
28,MUREŞ,"CĂMINUL CULTURAL GHEJA-LUDUȘ",163,"ORAŞ LUDUŞ",114710,1,PROV,PRCNCT,CD,CD_SV,"2021-01-21 12:30:02",1278,1260,18,0,455,437,18,0,1400,945,442,10,3,188,2,53,15,9,103,0,2,4,52,2,4,0,1,1,0,1,0,0,0,1,0,0,0,1,0,2,0,0,1
28,MUREŞ,"CĂMINUL CULTURAL ROȘIORI-LUDUȘ",164,"ORAŞ LUDUŞ",114710,1,PROV,PRCNCT,CD,CD_SV,"2021-01-21 12:30:02",1084,1070,14,0,267,253,14,0,1197,930,265,1,1,20,148,21,4,6,37,0,0,1,20,0,2,0,0,0,1,0,0,1,0,0,0,0,0,0,2,1,0,0,1
28,MUREŞ,"CASA DE CULTURĂ ”POMPEIU HĂRĂŞTEANU” - LUDUȘ",165,"ORAŞ LUDUŞ",114710,1,PROV,PRCNCT,CD,CD_SV,"2021-01-21 12:30:02",1612,1562,33,17,457,407,33,17,1700,1243,452,4,1,124,59,71,22,12,92,1,4,2,56,1,4,0,0,1,0,0,0,0,0,0,0,0,0,0,0,0,0,0,3
28,MUREŞ,"ŞCOALA GIMNAZIALĂ ”IOAN VLĂDUŢIU” - LUDUȘ",166,"ORAŞ LUDUŞ",114710,1,PROV,PRCNCT,CD,CD_SV,"2021-01-21 12:30:02",1325,1303,18,4,438,416,18,4,1500,1062,435,3,0,135,56,68,14,15,98,1,1,2,36,4,3,0,0,0,0,0,0,0,0,0,0,0,1,0,0,1,0,0,0
28,MUREŞ,"ŞCOALA GIMNAZIALĂ ”IOAN VLĂDUŢIU” - LUDUȘ",167,"ORAŞ LUDUŞ",114710,2,PART,PRCNCT,CD,CD_SV,"2021-01-21 12:30:02",1602,1592,10,0,440,430,10,0,1700,1260,434,4,2,125,79,58,22,11,89,0,7,4,26,4,6,0,0,0,0,1,0,0,0,0,0,0,0,0,0,0,0,1,1
28,MUREŞ,"LICEUL TEHNOLOGIC NR. 1 - LUDUȘ",168,"ORAŞ LUDUŞ",114710,2,PART,PRCNCT,CD,CD_SV,"2021-01-21 12:30:02",1339,1319,19,1,358,338,19,1,1450,1092,350,7,1,109,52,57,13,8,59,2,3,3,29,4,1,0,1,0,0,1,0,1,0,0,0,1,3,0,0,2,0,0,1
28,MUREŞ,"GRĂDINIŢA ”CĂSUŢA FERMECATĂ” - LUDUȘ",169,"ORAŞ LUDUŞ",114710,1,PROV,PRCNCT,CD,CD_SV,"2021-01-21 12:30:02",1368,1356,12,0,361,349,12,0,1500,1139,352,6,3,131,49,38,17,11,57,0,3,2,33,3,3,0,0,1,0,0,0,0,0,0,1,0,0,0,1,1,0,0,1
28,MUREŞ,"GRĂDINIȚA CU PROGRAM NORMAL NR. 02 - LUDUȘ",170,"ORAŞ LUDUŞ",114710,1,PROV,PRCNCT,CD,CD_SV,"2021-01-21 12:30:02",1466,1438,28,0,445,417,28,0,1600,1155,440,4,1,121,54,64,23,18,84,0,1,6,60,2,4,1,0,0,1,1,0,0,0,0,0,0,0,0,0,0,0,0,0
28,MUREŞ,"GRĂDINIŢA CU PROGRAM PRELUNGIT NR. 01 - LUDUȘ",171,"ORAŞ LUDUŞ",114710,1,PROV,PRCNCT,CD,CD_SV,"2021-01-21 12:30:02",1113,1093,17,3,280,260,17,3,1200,920,264,8,8,83,46,20,14,9,41,0,0,2,36,0,1,0,0,0,2,0,0,1,0,1,0,0,1,0,0,2,1,1,3
28,MUREŞ,"ŞCOALA GIMNAZIALĂ NR.1 - LUDUȘ",172,"ORAŞ LUDUŞ",114710,1,PROV,PRCNCT,CD,CD_SV,"2021-01-21 12:30:02",1130,1108,21,1,261,239,21,1,1200,939,254,3,4,71,50,29,18,7,44,1,1,1,19,2,1,0,0,0,0,2,0,0,0,0,1,0,3,0,0,1,1,0,2
28,MUREŞ,"ŞCOALA GIMNAZIALĂ NR.1 - LUDUȘ",173,"ORAŞ LUDUŞ",114710,1,PROV,PRCNCT,CD,CD_SV,"2021-01-21 12:30:02",1126,1101,25,0,293,268,25,0,1200,907,281,9,3,82,72,47,7,4,40,1,2,1,14,3,1,0,0,0,0,1,0,0,0,0,1,0,3,0,0,0,1,0,1
28,MUREŞ,"ȘCOALA PRIMARĂ MIERCUREA NIRAJULUI",174,"ORAŞ MIERCUREA NIRAJULUI",118281,1,PROV,PRCNCT,CD,CD_SV,"2021-01-21 12:30:02",705,686,18,1,233,214,18,1,750,517,225,1,7,2,202,4,1,0,6,2,0,0,0,1,0,1,0,0,0,0,0,1,0,0,0,1,0,1,2,0,0,0,1
28,MUREŞ,"ŞCOALA GIMNAZIALĂ DEÁK FARKAS",175,"ORAŞ MIERCUREA NIRAJULUI",118281,1,PROV,PRCNCT,CD,CD_SV,"2021-01-21 12:30:02",1633,1561,35,37,669,597,35,37,1700,1031,648,13,8,10,607,9,0,2,10,0,0,1,3,1,1,0,0,0,0,0,0,2,0,0,0,0,1,0,1,0,0,0,0
28,MUREŞ,"ȘCOALĂ GIMNAZIALĂ ”DEÁK FARKAS” MIERCUREA NIRAJULUI",176,"ORAŞ MIERCUREA NIRAJULUI",118281,1,PROV,PRCNCT,CD,CD_SV,"2021-01-21 12:30:02",859,831,17,11,332,304,17,11,900,568,325,5,2,3,304,2,1,1,9,0,0,0,1,0,0,0,0,0,0,0,0,0,0,0,0,1,0,0,3,0,0,0,0
28,MUREŞ,"CAMINUL CULTURAL",177,"ORAŞ MIERCUREA NIRAJULUI",118281,1,PROV,PRCNCT,CD,CD_SV,"2021-01-21 12:30:02",279,259,13,7,134,114,13,7,300,166,130,2,2,3,120,1,1,1,0,0,0,0,0,0,1,0,0,0,0,0,0,0,1,0,0,0,1,1,0,0,0,0,0
28,MUREŞ,"CAMINUL CULTURAL",178,"ORAŞ MIERCUREA NIRAJULUI",118281,1,PROV,PRCNCT,CD,CD_SV,"2021-01-21 12:30:02",462,451,11,0,88,77,11,0,500,412,84,0,4,3,65,2,1,1,3,0,0,1,4,0,1,0,1,0,0,0,0,0,0,0,0,0,2,0,0,0,0,0,0
28,MUREŞ,"ŞCOALA GIMNAZIALĂ",179,"ORAŞ MIERCUREA NIRAJULUI",118281,1,PROV,PRCNCT,CD,CD_SV,"2021-01-21 12:30:02",591,571,20,0,123,103,20,0,650,527,111,9,3,10,49,8,5,2,14,0,0,0,8,2,3,0,2,0,3,0,0,0,1,0,0,0,2,0,0,1,0,0,1
28,MUREŞ,"ŞCOALA PRIMARĂ",180,"ORAŞ MIERCUREA NIRAJULUI",118281,1,PROV,PRCNCT,CD,CD_SV,"2021-01-21 12:30:02",327,311,16,0,90,74,16,0,350,260,85,0,5,6,34,5,2,5,24,0,0,0,2,0,0,0,0,0,1,0,0,0,0,0,0,0,2,0,3,1,0,0,0
28,MUREŞ,"CĂMINUL CULTURAL BALDA",181,"ORAŞ SĂRMAŞU",119242,1,PROV,PRCNCT,CD,CD_SV,"2021-01-21 12:30:02",902,887,14,1,177,162,14,1,1000,823,166,6,5,38,2,20,11,23,47,0,0,0,14,2,3,0,1,0,0,1,0,0,0,0,1,0,0,0,0,0,2,0,1
28,MUREŞ,"CĂMINUL CULTURAL SĂRMĂŞEL GARĂ",182,"ORAŞ SĂRMAŞU",119242,1,PROV,PRCNCT,CD,CD_SV,"2021-01-21 12:30:02",588,551,30,7,159,122,30,7,596,437,146,9,4,54,10,23,5,8,28,1,0,2,5,2,2,1,0,0,1,0,0,0,0,0,0,0,1,0,2,0,0,1,0
28,MUREŞ,"CĂMINUL CULTURAL VIŞINELU",183,"ORAŞ SĂRMAŞU",119242,1,PROV,PRCNCT,CD,CD_SV,"2021-01-21 12:30:02",384,366,14,4,150,132,14,4,394,244,146,1,3,58,1,2,3,19,46,0,0,1,13,1,2,0,0,0,0,0,0,0,0,0,0,0,0,0,0,0,0,0,0
28,MUREŞ,"SALĂ SPORT SĂRMAŞU",184,"ORAŞ SĂRMAŞU",119242,1,PROV,PRCNCT,CD,CD_SV,"2021-01-21 12:30:02",1151,1127,19,5,296,272,19,5,1250,954,289,4,3,87,78,26,5,24,43,1,1,1,17,1,3,1,0,0,0,0,0,0,0,0,0,0,0,0,0,1,0,0,0
28,MUREŞ,"LICEUL TEORETIC ”SAMUIL MICU” SĂRMAŞU",185,"ORAŞ SĂRMAŞU",119242,1,PROV,PRCNCT,CD,CD_SV,"2021-01-21 12:30:02",836,813,17,6,166,143,17,6,900,734,162,2,2,25,79,8,7,8,22,0,0,0,11,0,1,0,0,0,0,0,0,0,0,0,0,0,0,0,1,0,0,0,0
28,MUREŞ,"LICEUL TEORETIC ”SAMUIL MICU” - ŞCOALA GIMNAZIALĂ SĂRMAŞU",186,"ORAŞ SĂRMAŞU",119242,1,PROV,PRCNCT,CD,CD_SV,"2021-01-21 12:30:02",1004,989,11,4,247,232,11,4,1100,853,234,8,5,63,51,24,10,27,22,0,0,1,18,1,1,0,0,0,0,1,0,0,0,0,0,0,9,1,1,0,2,1,1
28,MUREŞ,"ŞCOALA PRIMARĂ LARGA",187,"ORAŞ SĂRMAŞU",119242,1,PROV,PRCNCT,CD,CD_SV,"2021-01-21 12:30:02",161,148,13,0,34,21,13,0,147,113,32,2,0,4,4,4,3,2,9,1,1,0,1,0,1,1,0,0,0,0,0,0,0,0,0,0,0,0,0,0,0,0,1
28,MUREŞ,"CĂMINUL CULTURAL SĂRMĂŞEL",188,"ORAŞ SĂRMAŞU",119242,1,PROV,PRCNCT,CD,CD_SV,"2021-01-21 12:30:02",621,603,17,1,145,127,17,1,650,505,143,1,1,47,4,14,6,16,42,0,0,0,7,1,3,0,0,0,0,0,0,0,0,0,0,0,0,0,0,0,0,0,3
28,MUREŞ,"CAMINUL CULTURAL SÂNGEORGIU DE PĂDURE",189,"ORAŞ SÂNGEORGIU DE PĂDURE",119331,1,PROV,PRCNCT,CD,CD_SV,"2021-01-21 12:30:02",1284,1237,15,32,464,417,15,32,1350,886,453,4,7,35,368,14,2,3,17,1,0,1,3,1,0,0,0,0,0,0,0,0,0,0,1,0,0,0,5,0,0,0,2
28,MUREŞ,"CAMINUL CULTURAL SÂNGEORGIU DE PĂDURE",190,"ORAŞ SÂNGEORGIU DE PĂDURE",119331,1,PROV,PRCNCT,CD,CD_SV,"2021-01-21 12:30:02",1303,1267,25,11,393,357,25,11,1400,1007,371,11,11,54,225,5,1,8,35,0,1,4,12,1,2,0,2,1,0,0,1,0,0,0,1,0,10,0,2,1,0,0,5
28,MUREŞ,"LICEUL TEHNOLOGIC” SFÂNTUL GHEORGHE” SÂNGEORGIU DE PĂDURE",191,"ORAŞ SÂNGEORGIU DE PĂDURE",119331,1,PROV,PRCNCT,CD,CD_SV,"2021-01-21 12:30:02",1387,1313,20,54,443,369,20,54,1450,1007,418,7,18,40,320,8,4,1,21,0,0,0,7,0,1,1,3,0,0,0,0,1,0,0,1,0,5,0,2,3,0,0,0
28,MUREŞ,"SCOALA GIMNAZIALĂ BEZID",192,"ORAŞ SÂNGEORGIU DE PĂDURE",119331,1,PROV,PRCNCT,CD,CD_SV,"2021-01-21 12:30:02",562,508,18,36,251,197,18,36,550,299,236,8,7,3,212,1,1,1,4,2,0,1,3,0,1,0,0,0,0,0,0,0,0,0,1,0,1,0,4,1,0,0,0
28,MUREŞ,"CĂMINUL CULTURAL SATUL ILIEŞI",193,"ORAŞ SOVATA",114854,1,PROV,PRCNCT,CD,CD_SV,"2021-01-21 12:30:02",365,357,8,0,147,139,8,0,500,353,135,0,12,5,125,0,1,1,0,0,0,0,0,0,0,0,0,0,2,0,0,0,0,0,0,0,0,0,1,0,0,0,0
28,MUREŞ,"ŞCOALA PRIMARĂ SĂCĂDATU DE JOS",194,"ORAŞ SOVATA",114854,2,PART,PRCNCT,CD,CD_SV,"2021-01-21 12:30:02",1198,1182,16,0,358,342,16,0,1300,942,351,1,6,10,288,10,3,11,13,0,0,1,5,2,1,0,0,0,0,0,0,0,0,0,0,0,1,0,4,1,0,0,1
28,MUREŞ,"ŞCOALA GIMNAZIALĂ ”S.ILLYES LAJOS” SOVATA",195,"ORAŞ SOVATA",114854,1,PROV,PRCNCT,CD,CD_SV,"2021-01-21 12:30:02",1021,1011,6,4,340,330,6,4,1100,760,329,5,6,13,290,13,0,3,6,0,0,0,2,0,0,0,0,0,0,0,0,0,0,0,0,0,0,0,2,0,0,0,0
28,MUREŞ,"ŞCOALA GIMNAZIALĂ ”S.ILLYES LAJOS” SOVATA",196,"ORAŞ SOVATA",114854,1,PROV,PRCNCT,CD,CD_SV,"2021-01-21 12:30:02",1375,1355,16,4,516,496,16,4,1500,984,503,6,7,21,429,17,0,5,15,1,0,3,3,1,0,0,0,0,0,0,0,0,0,0,0,0,1,0,7,0,0,0,0
28,MUREŞ,"PRIMĂRIA ORAŞ SOVATA",197,"ORAŞ SOVATA",114854,1,PROV,PRCNCT,CD,CD_SV,"2021-01-21 12:30:02",1440,1388,38,14,545,493,38,14,1600,1055,530,4,11,23,457,13,5,6,13,0,0,1,4,0,3,0,1,0,0,0,1,0,0,0,0,0,0,0,3,0,0,0,0
28,MUREŞ,"CENTRUL NAȚIONAL DE INFORMARE ȘI PROMOVARE TURISTICĂ SOVATA",198,"ORAŞ SOVATA",114854,1,PROV,PRCNCT,CD,CD_SV,"2021-01-21 12:30:02",485,432,53,0,216,163,53,0,500,284,209,6,1,10,135,15,7,1,25,0,0,1,9,1,1,0,0,0,0,0,0,0,0,0,0,0,0,0,1,0,0,0,3
28,MUREŞ,"CENTRUL CULTURAL ”DOMOKOS KÁZMÉR” SOVATA",199,"ORAŞ SOVATA",114854,1,PROV,PRCNCT,CD,CD_SV,"2021-01-21 12:30:02",1542,1514,24,4,472,444,24,4,1700,1228,451,21,0,22,382,15,0,2,11,0,0,0,4,0,1,0,0,1,1,1,0,0,1,0,0,0,3,2,4,0,0,0,1
28,MUREŞ,"ŞCOALA PRRIMARĂ SOVATA NR.3",200,"ORAŞ SOVATA",114854,1,PROV,PRCNCT,CD,CD_SV,"2021-01-21 12:30:02",1115,1099,16,0,385,369,16,0,1200,812,368,7,10,8,336,3,2,1,5,0,0,0,1,1,0,0,0,0,0,0,0,0,0,0,0,0,2,1,6,0,1,0,1
28,MUREŞ,"ŞCOALA GIMNAZIALĂ ”EMIL DRĂGAN” UNGHENI",201,"ORAŞ UNGHENI",119894,1,PROV,PRCNCT,CD,CD_SV,"2021-01-21 12:30:02",941,920,21,0,264,243,21,0,1000,736,262,2,0,61,19,31,25,5,80,0,0,4,29,6,1,0,0,0,0,0,0,0,0,0,0,0,1,0,0,0,0,0,0
28,MUREŞ,"ŞCOALA GIMNAZIALĂ ”EMIL DRĂGAN”UNGHENI",202,"ORAŞ UNGHENI",119894,1,PROV,PRCNCT,CD,CD_SV,"2021-01-21 12:30:02",872,855,17,0,212,195,17,0,950,738,210,2,0,40,35,37,26,11,41,0,0,3,15,1,0,0,0,0,0,0,0,0,0,0,0,0,1,0,0,0,0,0,0
28,MUREŞ,"CĂMIN CULTURAL UNGHENI",203,"ORAŞ UNGHENI",119894,1,PROV,PRCNCT,CD,CD_SV,"2021-01-21 12:30:02",840,820,20,0,239,219,20,0,900,661,227,4,8,61,15,17,13,11,65,1,0,2,30,6,1,1,0,0,0,2,0,0,0,0,0,0,1,0,0,0,1,0,0
28,MUREŞ,"CĂMIN CULTURAL UNGHENI",204,"ORAŞ UNGHENI",119894,1,PROV,PRCNCT,CD,CD_SV,"2021-01-21 12:30:02",843,830,13,0,185,172,13,0,900,715,174,4,7,29,27,21,15,3,47,0,1,0,22,1,1,0,0,0,0,1,0,0,0,0,1,0,0,0,0,2,0,1,2
28,MUREŞ,"CĂMIN CULTURAL CERGHID",205,"ORAŞ UNGHENI",119894,1,PROV,PRCNCT,CD,CD_SV,"2021-01-21 12:30:02",451,419,30,2,150,118,30,2,450,300,149,0,1,42,2,15,19,8,39,0,1,1,19,0,1,0,0,0,1,0,0,0,0,0,0,0,0,0,0,0,0,0,1
28,MUREŞ,"CĂMIN CULTURAL MOREŞTI",206,"ORAŞ UNGHENI",119894,1,PROV,PRCNCT,CD,CD_SV,"2021-01-21 12:30:02",682,651,31,0,215,184,31,0,700,485,207,4,4,53,2,17,19,7,71,0,1,1,26,0,2,0,2,0,1,0,1,0,0,1,0,0,0,0,1,2,0,0,0
28,MUREŞ,"ȘCOALA PRIMARĂ CERGHIZEL",207,"ORAŞ UNGHENI",119894,1,PROV,PRCNCT,CD,CD_SV,"2021-01-21 12:30:02",420,390,30,0,206,176,30,0,450,244,199,3,4,56,3,19,47,6,54,1,0,0,6,3,0,0,1,0,0,0,0,0,0,0,0,0,1,0,0,1,0,1,0
28,MUREŞ,"ȘCOALA PRIMARĂ ŞĂUŞA",208,"ORAŞ UNGHENI",119894,1,PROV,PRCNCT,CD,CD_SV,"2021-01-21 12:30:02",221,208,13,0,83,70,13,0,250,167,80,2,1,21,1,4,5,3,37,1,0,0,6,0,1,0,0,0,0,0,0,0,0,0,0,0,1,0,0,0,0,0,0
28,MUREŞ,"ȘCOALA PRIMARĂ VIDRASĂU",209,"ORAŞ UNGHENI",119894,1,PROV,PRCNCT,CD,CD_SV,"2021-01-21 12:30:02",941,915,26,0,282,256,26,0,994,712,271,4,7,59,3,18,22,3,107,2,1,0,41,1,2,0,0,0,2,2,0,0,0,0,0,0,1,0,0,6,0,0,1
28,MUREŞ,"SALĂ DE SPORT ACĂȚARI",210,ACĂŢARI,114970,1,PROV,PRCNCT,CD,CD_SV,"2021-01-21 12:30:02",1056,999,31,26,428,371,31,26,1100,672,405,8,15,12,359,6,2,3,5,0,0,0,2,0,2,0,0,0,0,0,0,0,0,0,1,0,4,1,6,1,0,0,1
28,MUREŞ,"CĂMINUL CULTURAL GRUIȘOR",211,ACĂŢARI,114970,1,PROV,PRCNCT,CD,CD_SV,"2021-01-21 12:30:02",356,335,14,7,139,118,14,7,350,211,131,7,1,12,91,5,0,2,3,0,0,0,1,1,0,1,0,1,0,2,0,0,0,0,0,0,1,1,8,0,0,0,2
28,MUREŞ,"CĂMIN CULTURAL GĂIEȘTI",212,ACĂŢARI,114970,1,PROV,PRCNCT,CD,CD_SV,"2021-01-21 12:30:02",310,290,17,3,163,143,17,3,296,133,159,2,2,6,138,1,0,1,4,1,0,0,1,0,2,0,0,0,0,0,0,0,0,0,0,0,2,0,2,0,1,0,0
28,MUREŞ,"CĂMIN CULTURAL MURGEȘTI",213,ACĂŢARI,114970,1,PROV,PRCNCT,CD,CD_SV,"2021-01-21 12:30:02",447,413,20,14,199,165,20,14,450,251,191,2,6,3,166,2,2,1,4,0,0,0,4,0,1,1,0,1,0,0,0,0,0,0,0,0,0,1,3,0,0,0,2
28,MUREŞ,"CĂMINUL CULTURAL ROTENI",214,ACĂŢARI,114970,1,PROV,PRCNCT,CD,CD_SV,"2021-01-21 12:30:02",655,624,18,13,360,329,18,13,700,340,343,7,10,6,327,1,1,1,1,0,0,0,0,0,1,0,1,0,0,0,0,0,0,0,0,0,0,0,4,0,0,0,0
28,MUREŞ,"CĂMIN CULTURAL STEJERIȘ",215,ACĂŢARI,114970,1,PROV,PRCNCT,CD,CD_SV,"2021-01-21 12:30:02",296,274,20,2,117,95,20,2,300,183,115,0,2,3,96,1,2,2,0,0,0,0,5,0,2,0,0,0,0,0,0,0,1,0,0,0,2,0,1,0,0,0,0
28,MUREŞ,"CĂMIN CULTURAL SUVEICA",216,ACĂŢARI,114970,1,PROV,PRCNCT,CD,CD_SV,"2021-01-21 12:30:02",201,176,20,5,84,59,20,5,201,117,82,0,2,1,67,1,2,2,2,0,0,0,0,0,1,0,0,0,0,0,0,0,0,0,0,0,0,0,6,0,0,0,0
28,MUREŞ,"CASA DE TINERET VĂLENII",217,ACĂŢARI,114970,1,PROV,PRCNCT,CD,CD_SV,"2021-01-21 12:30:02",677,648,19,10,235,206,19,10,697,462,228,2,5,5,193,2,1,3,10,0,0,1,3,1,2,0,0,1,0,1,0,1,0,1,0,0,0,0,3,0,0,0,0
28,MUREŞ,"ȘCOALA GIMNAZIALĂ ADĂMUȘ",218,ADĂMUŞ,115076,1,PROV,PRCNCT,CD,CD_SV,"2021-01-21 12:30:02",658,651,7,0,127,120,7,0,700,573,119,4,4,11,46,12,5,5,15,0,0,2,11,1,0,0,1,0,0,0,0,0,0,0,2,0,3,2,1,0,0,1,1
28,MUREŞ,"CĂMINUL CULTURAL ADĂMUȘ",219,ADĂMUŞ,115076,1,PROV,PRCNCT,CD,CD_SV,"2021-01-21 12:30:02",1095,1085,10,0,185,175,10,0,1200,1015,177,4,4,36,15,21,9,30,39,0,0,3,15,1,1,0,0,0,0,0,0,0,0,0,1,0,1,0,0,0,0,1,4
28,MUREŞ,"ȘCOALA PRIMARĂ CORNEȘTI",220,ADĂMUŞ,115076,1,PROV,PRCNCT,CD,CD_SV,"2021-01-21 12:30:02",996,977,19,0,246,227,19,0,1100,854,234,1,11,53,55,15,9,20,22,0,16,4,24,0,2,0,1,2,0,0,0,1,0,0,0,0,2,0,0,5,0,1,2
28,MUREŞ,"SCOALA PRIMARĂ CRĂIEȘTI",221,ADĂMUŞ,115076,1,PROV,PRCNCT,CD,CD_SV,"2021-01-21 12:30:02",874,854,20,0,202,182,20,0,949,747,187,7,8,14,81,2,5,26,20,1,3,5,13,1,3,0,1,0,1,0,0,0,0,0,0,0,3,0,3,1,0,1,3
28,MUREŞ,"GRĂDINIȚA DE COPII CU PROGRAM NORMAL DÎMBĂU",222,ADĂMUŞ,115076,1,PROV,PRCNCT,CD,CD_SV,"2021-01-21 12:30:02",882,871,11,0,219,208,11,0,950,731,218,1,0,30,116,16,0,13,30,0,0,0,8,0,2,0,0,0,0,0,0,0,0,0,0,0,1,1,0,1,0,0,0
28,MUREŞ,"CĂMIN CULTURAL ȚOPA",223,ALBEŞTI,114603,1,PROV,PRCNCT,CD,CD_SV,"2021-01-21 12:30:02",306,290,16,0,92,76,16,0,300,208,87,4,1,33,5,11,3,5,15,0,1,1,9,1,0,0,0,0,0,0,0,1,0,0,0,0,0,1,0,0,0,0,1
28,MUREŞ,"CĂMIN CULTURAL ALBEȘTI",224,ALBEŞTI,114603,2,PART,PRCNCT,CD,CD_SV,"2021-01-21 12:30:02",1696,1684,12,0,416,404,12,0,1800,1384,395,16,5,104,66,59,15,13,87,0,1,2,34,0,4,1,2,0,0,0,0,0,0,0,1,1,0,0,0,2,0,0,3
28,MUREŞ,"SALA DE SPORT",225,ALBEŞTI,114603,1,PROV,PRCNCT,CD,CD_SV,"2021-01-21 12:30:02",1818,1799,19,0,461,442,19,0,1900,1439,449,9,3,88,63,59,25,12,109,4,1,2,70,0,1,0,0,1,0,0,0,3,0,0,0,0,1,1,1,0,1,0,7
28,MUREŞ,"ȘCOALA GIMNAZIALĂ BOIU",226,ALBEŞTI,114603,1,PROV,PRCNCT,CD,CD_SV,"2021-01-21 12:30:02",1244,1211,33,0,254,221,33,0,1350,1096,243,4,7,56,38,15,41,2,43,0,0,2,35,1,0,1,0,0,1,0,0,0,0,0,0,0,2,0,1,4,0,1,0
28,MUREŞ,"CĂMINUL CULTURAL ALUNIŞ-SALA MARE",227,ALUNIŞ,115147,1,PROV,PRCNCT,CD,CD_SV,"2021-01-21 12:30:02",827,799,17,11,281,253,17,11,900,619,262,6,13,14,183,3,1,6,17,2,0,0,22,1,0,1,0,0,0,1,0,0,0,1,0,0,5,0,1,1,1,0,2
28,MUREŞ,"CĂMINUL CULTURAL ALUNIŞ-SALA MICĂ",228,ALUNIŞ,115147,1,PROV,PRCNCT,CD,CD_SV,"2021-01-21 12:30:02",804,782,11,11,270,248,11,11,850,580,258,0,12,10,217,5,3,3,14,0,0,0,3,0,0,0,1,0,0,0,0,0,0,0,0,0,1,0,1,0,0,0,0
28,MUREŞ,"ŞCOALA PRIMARĂ FIŢCĂU",229,ALUNIŞ,115147,1,PROV,PRCNCT,CD,CD_SV,"2021-01-21 12:30:02",434,399,18,17,245,210,18,17,450,205,241,1,3,7,202,5,1,1,12,0,0,0,5,1,1,0,0,0,1,0,0,0,1,0,0,0,1,0,2,0,1,0,0
28,MUREŞ,"CĂMINUL CULTURAL LUNCA- MUREŞ - SALA MICĂ",230,ALUNIŞ,115147,1,PROV,PRCNCT,CD,CD_SV,"2021-01-21 12:30:02",557,515,19,23,222,180,19,23,600,378,216,0,6,6,184,1,0,3,3,0,1,1,9,0,1,0,2,1,0,0,0,0,0,0,0,0,0,0,2,1,0,1,0
28,MUREŞ,"GRĂDINIŢA CU PROGRAM NORMAL APOLD",231,APOLD,115183,1,PROV,PRCNCT,CD,CD_SV,"2021-01-21 12:30:02",845,830,15,0,237,222,15,0,900,663,232,2,3,12,2,6,6,5,180,0,0,4,14,0,0,0,1,0,0,1,0,0,0,0,0,0,0,0,0,1,0,0,0
28,MUREŞ,"ŞCOALA PRIMARĂ DAIA",232,APOLD,115183,1,PROV,PRCNCT,CD,CD_SV,"2021-01-21 12:30:02",562,550,12,0,140,128,12,0,600,460,133,5,2,16,3,3,1,4,88,1,1,1,12,0,1,0,0,0,0,0,0,0,0,0,0,0,0,0,0,1,0,0,1
28,MUREŞ,"ŞCOALA GIMNAZIALĂ ŞAEŞ",233,APOLD,115183,1,PROV,PRCNCT,CD,CD_SV,"2021-01-21 12:30:02",1121,1108,13,0,213,200,13,0,1200,987,201,8,4,25,3,8,3,5,117,0,0,5,26,0,2,0,1,0,0,0,0,0,0,0,1,0,2,1,0,1,1,0,0
28,MUREŞ,"SEDIUL PRIMARIEI ATINTIS",234,AŢINTIŞ,115236,1,PROV,PRCNCT,CD,CD_SV,"2021-01-21 12:30:02",606,584,18,4,152,130,18,4,650,498,140,10,2,27,4,26,4,6,52,0,1,1,11,0,3,0,0,0,0,1,0,0,0,0,1,0,0,0,2,1,0,0,0
28,MUREŞ,"CAMIN CULTURAL BOTEZ",235,AŢINTIŞ,115236,1,PROV,PRCNCT,CD,CD_SV,"2021-01-21 12:30:02",146,137,9,0,56,47,9,0,148,92,54,0,2,10,1,30,1,2,3,0,0,0,1,0,5,0,0,0,0,0,0,0,0,0,0,0,1,0,0,0,0,0,0
28,MUREŞ,"SCOALA PRIMARA CECALACA",236,AŢINTIŞ,115236,1,PROV,PRCNCT,CD,CD_SV,"2021-01-21 12:30:02",329,312,17,0,102,85,17,0,342,240,97,2,3,15,18,35,3,2,9,0,0,0,5,0,5,1,0,0,0,0,0,0,0,0,1,0,2,0,1,0,0,0,0
28,MUREŞ,"SCOALA PRIMARA ISTIHAZA",237,AŢINTIŞ,115236,1,PROV,PRCNCT,CD,CD_SV,"2021-01-21 12:30:02",174,160,14,0,55,41,14,0,199,144,53,0,2,3,32,9,1,2,2,0,0,0,0,0,4,0,0,0,0,0,0,0,0,0,0,0,0,0,0,0,0,0,0
28,MUREŞ,"ŞCOALA GIMNAZIALĂ BAHNEA",238,BAHNEA,115307,1,PROV,PRCNCT,CD,CD_SV,"2021-01-21 12:30:02",971,961,10,0,320,310,10,0,1043,723,288,15,17,30,14,9,31,3,110,4,7,2,54,2,3,0,0,0,1,0,0,1,0,0,0,0,8,0,2,3,0,1,3
28,MUREŞ,"ŞCOALA GIMNAZIALĂ BAHNEA",239,BAHNEA,115307,1,PROV,PRCNCT,CD,CD_SV,"2021-01-21 12:30:02",596,575,21,0,156,135,21,0,650,494,148,3,5,10,67,5,8,2,41,0,0,1,6,0,1,0,0,0,0,0,0,0,0,0,1,0,1,2,1,0,0,1,1
28,MUREŞ,"CĂMIN CULTURAL BERNADEA",240,BAHNEA,115307,1,PROV,PRCNCT,CD,CD_SV,"2021-01-21 12:30:02",172,147,25,0,69,44,25,0,150,81,69,0,0,24,3,4,1,3,23,0,0,0,9,0,1,0,0,0,0,0,0,0,0,0,0,0,1,0,0,0,0,0,0
28,MUREŞ,"ŞCOALA PRIMARĂ LEPINDEA",241,BAHNEA,115307,2,PART,PRCNCT,CD,CD_SV,"2021-01-21 12:30:02",148,127,21,0,49,28,21,0,150,101,43,4,2,9,1,5,1,2,15,0,1,1,1,0,1,0,0,0,1,0,0,0,0,0,0,0,1,0,1,1,0,1,1
28,MUREŞ,"ŞCOALA PRIMARĂ DAIA",242,BAHNEA,115307,1,PROV,PRCNCT,CD,CD_SV,"2021-01-21 12:30:02",142,133,9,0,37,28,9,0,146,109,36,1,0,3,11,1,1,1,12,0,0,0,3,0,2,0,0,0,0,1,0,0,0,0,0,0,1,0,0,0,0,0,0
28,MUREŞ,"CĂMIN CULTURAL IDICIU",243,BAHNEA,115307,1,PROV,PRCNCT,CD,CD_SV,"2021-01-21 12:30:02",259,244,15,0,125,110,15,0,250,125,113,6,6,11,4,5,1,1,66,0,0,1,14,0,3,0,1,0,1,0,0,0,0,0,0,0,5,0,0,0,0,0,0
28,MUREŞ,"ŞCOALA GIMNAZIALĂ GOGAN",244,BAHNEA,115307,1,PROV,PRCNCT,CD,CD_SV,"2021-01-21 12:30:02",425,411,14,0,69,55,14,0,447,378,64,1,4,4,34,3,5,2,6,0,0,1,5,0,1,0,0,0,0,0,0,0,0,0,0,0,2,0,1,0,0,0,0
28,MUREŞ,"ŞCOALA PRIMARĂ CUND",245,BAHNEA,115307,2,PART,PRCNCT,CD,CD_SV,"2021-01-21 12:30:02",186,174,12,0,61,49,12,0,200,139,57,1,3,10,16,0,2,1,10,2,1,0,13,0,1,0,0,0,0,0,0,0,0,0,0,0,1,0,0,0,0,0,0
28,MUREŞ,"SCOALA PROFESIONALA BAND",246,BAND,115389,1,PROV,PRCNCT,CD,CD_SV,"2021-01-21 12:30:02",665,657,8,0,180,172,8,0,750,570,175,2,3,23,98,24,7,8,11,0,0,0,4,0,0,0,0,0,0,0,0,0,0,0,0,0,0,0,0,0,0,0,0
28,MUREŞ,"SCOALA PROFESIONALA BAND",247,BAND,115389,1,PROV,PRCNCT,CD,CD_SV,"2021-01-21 12:30:02",807,795,12,0,125,113,12,0,850,725,115,3,7,5,72,2,2,5,10,0,0,2,11,0,1,0,0,0,0,0,0,0,0,0,0,0,0,0,4,1,0,0,0
28,MUREŞ,"CAMIN CULTURAL BAND",248,BAND,115389,1,PROV,PRCNCT,CD,CD_SV,"2021-01-21 12:30:02",944,932,12,0,347,335,12,0,1000,653,269,55,23,63,53,3,2,15,48,7,0,2,29,2,2,0,7,0,0,0,0,3,0,2,0,0,12,0,8,10,1,0,0
28,MUREŞ,"GRĂDINIŢA CU PROGRAM NORMAL BAND",249,BAND,115389,2,PART,PRCNCT,CD,CD_SV,"2021-01-21 12:30:02",774,765,9,0,223,214,9,0,850,627,195,14,14,25,73,4,6,37,20,3,0,0,12,3,1,0,1,1,0,0,0,1,0,0,2,0,4,0,1,1,0,0,0
28,MUREŞ,"SALĂ FESTIVĂ ȚIPTELNIC",250,BAND,115389,1,PROV,PRCNCT,CD,CD_SV,"2021-01-21 12:30:02",101,91,10,0,35,25,10,0,100,65,32,3,0,18,1,2,1,1,5,0,0,0,1,0,1,0,1,0,0,0,0,0,0,0,0,0,1,0,0,0,0,0,0
28,MUREŞ,"ŞCOALA PRIMARA VALEA RECE",251,BAND,115389,1,PROV,PRCNCT,CD,CD_SV,"2021-01-21 12:30:02",224,214,10,0,43,33,10,0,250,207,39,3,1,8,6,1,5,5,9,0,0,0,3,0,1,0,1,0,0,0,0,0,0,0,0,0,0,0,0,0,0,0,0
28,MUREŞ,"ŞCOALA PRIMARA MĂRĂŞEŞTI",252,BAND,115389,1,PROV,PRCNCT,CD,CD_SV,"2021-01-21 12:30:02",270,262,8,0,67,59,8,0,298,231,61,2,4,14,3,4,3,6,10,0,0,0,19,0,0,0,1,0,1,0,0,0,0,0,0,0,0,0,0,0,0,0,0
28,MUREŞ,"ŞCOALA GIMNAZIALA FÎNAŢE",253,BAND,115389,1,PROV,PRCNCT,CD,CD_SV,"2021-01-21 12:30:02",352,342,10,0,73,63,10,0,400,327,67,6,0,33,4,2,2,4,9,0,0,2,9,1,1,0,0,0,0,0,0,0,0,0,0,0,0,0,0,0,0,0,0
28,MUREŞ,"CĂMIN CULTURAL OROIU",254,BAND,115389,1,PROV,PRCNCT,CD,CD_SV,"2021-01-21 12:30:02",253,240,13,0,60,47,13,0,249,189,59,1,0,17,2,6,3,3,22,0,0,0,1,0,1,0,0,0,0,0,0,0,0,0,1,0,0,0,0,0,0,0,3
28,MUREŞ,"ŞCOALA PRIMARA PETEA",255,BAND,115389,1,PROV,PRCNCT,CD,CD_SV,"2021-01-21 12:30:02",164,156,8,0,42,34,8,0,150,108,38,2,2,8,5,1,4,5,9,1,0,0,4,1,0,0,0,0,0,0,0,0,0,0,0,0,0,0,0,0,0,0,0
28,MUREŞ,"ŞCOALA PRIMARA DRĂCULEA BANDULUI",256,BAND,115389,1,PROV,PRCNCT,CD,CD_SV,"2021-01-21 12:30:02",117,103,14,0,35,21,14,0,100,65,32,1,2,12,4,3,3,2,5,0,1,0,2,0,0,0,0,0,0,0,0,0,0,0,0,0,0,0,0,0,0,0,0
28,MUREŞ,"SALA SEDINTA- PAROHIA REFORMATA NEGRENII DE CAMPIE",257,BAND,115389,1,PROV,PRCNCT,CD,CD_SV,"2021-01-21 12:30:02",109,96,13,0,38,25,13,0,100,62,36,1,1,5,11,1,1,1,9,1,0,0,5,0,0,0,0,0,0,0,0,0,0,0,0,0,0,1,1,0,0,0,0
28,MUREŞ,"ŞCOALA PRIMARA VALEA MARE",258,BAND,115389,1,PROV,PRCNCT,CD,CD_SV,"2021-01-21 12:30:02",181,169,12,0,39,27,12,0,200,161,37,2,0,10,2,4,2,3,6,0,0,0,7,0,1,0,0,0,0,1,0,0,0,0,0,0,0,1,0,0,0,0,0
28,MUREŞ,"CĂMIN CULTURAL BATOŞ",259,BATOŞ,115520,1,PROV,PRCNCT,CD,CD_SV,"2021-01-21 12:30:02",1117,1103,14,0,268,254,14,0,1200,932,257,5,6,47,30,45,15,10,81,1,1,3,14,1,3,0,0,0,1,0,0,2,0,0,0,0,0,1,0,1,0,0,1
28,MUREŞ,"CĂMIN CULTURAL DEDRAD",260,BATOŞ,115520,1,PROV,PRCNCT,CD,CD_SV,"2021-01-21 12:30:02",1301,1287,14,0,283,269,14,0,1400,1117,280,1,2,67,4,38,24,6,84,0,0,4,37,1,1,0,0,0,0,0,0,0,0,1,0,1,1,1,0,1,0,0,9
28,MUREŞ,"CĂMIN CULTURAL GORENI",261,BATOŞ,115520,1,PROV,PRCNCT,CD,CD_SV,"2021-01-21 12:30:02",506,493,13,0,137,124,13,0,550,413,125,8,4,8,18,10,16,12,26,0,0,1,25,1,0,0,0,0,0,0,0,1,0,0,0,0,4,0,1,1,0,0,1
28,MUREŞ,"CĂMIN CULTURAL UILA",262,BATOŞ,115520,1,PROV,PRCNCT,CD,CD_SV,"2021-01-21 12:30:02",491,479,12,0,103,91,12,0,550,447,95,3,5,19,29,5,4,1,23,0,0,1,10,0,0,0,0,0,0,0,0,0,0,0,0,0,0,0,0,2,0,0,1
28,MUREŞ,"CĂMINUL CULTURAL BĂGACIU",263,BĂGACIU,115575,2,PART,PRCNCT,CD,CD_SV,"2021-01-21 12:30:02",1151,1143,8,0,198,190,8,0,1250,1052,178,12,8,63,1,3,7,7,29,1,11,2,46,0,0,1,0,0,1,0,0,0,0,0,0,0,3,0,1,1,1,0,0
28,MUREŞ,"CĂMIN CULTURAL DELENII",264,BĂGACIU,115575,1,PROV,PRCNCT,CD,CD_SV,"2021-01-21 12:30:02",913,901,8,4,232,220,8,4,1000,768,225,3,4,21,124,11,1,3,39,0,0,2,15,2,2,0,0,0,0,0,0,0,0,0,0,0,1,0,1,0,0,0,3
28,MUREŞ,"CĂMIN CULTURAL",265,BĂLA,115600,1,PROV,PRCNCT,CD,CD_SV,"2021-01-21 12:30:02",456,412,42,2,172,128,42,2,500,328,164,2,6,42,3,11,13,34,47,0,0,2,8,0,0,0,1,0,0,0,0,0,0,0,0,0,0,1,0,1,1,0,0
28,MUREŞ,"ȘCOALA PRIMARĂ",266,BĂLA,115600,1,PROV,PRCNCT,CD,CD_SV,"2021-01-21 12:30:02",151,131,20,0,64,44,20,0,147,83,61,2,1,17,2,4,2,12,17,0,0,1,5,1,0,0,0,0,0,0,0,0,0,0,0,0,0,0,0,0,0,0,0
28,MUREŞ,"ŞCOALA GIMNAZIALĂ TOROK JANOS BĂLĂUŞERI",267,BĂLĂUŞERI,115637,1,PROV,PRCNCT,CD,CD_SV,"2021-01-21 12:30:02",982,950,12,20,272,240,12,20,1050,778,257,6,9,12,216,1,1,2,14,0,1,0,3,1,1,1,0,0,0,0,0,0,0,0,0,1,0,0,3,0,0,0,0
28,MUREŞ,"CĂMIN CULTURAL AGRIŞTEU",268,BĂLĂUŞERI,115637,1,PROV,PRCNCT,CD,CD_SV,"2021-01-21 12:30:02",655,634,19,2,167,146,19,2,700,533,155,6,6,7,88,4,4,7,16,8,0,0,17,1,1,0,0,0,0,0,0,0,0,0,1,0,1,0,0,0,0,0,0
28,MUREŞ,"CĂMIN CULTURAL DUMITRENI",269,BĂLĂUŞERI,115637,1,PROV,PRCNCT,CD,CD_SV,"2021-01-21 12:30:02",414,370,26,18,176,132,26,18,400,224,165,4,7,6,139,0,2,1,6,0,0,0,1,0,1,1,1,0,0,0,0,0,0,0,0,0,2,0,5,0,0,0,0
28,MUREŞ,"CĂMIN CULTURAL FILITELNIC",270,BĂLĂUŞERI,115637,1,PROV,PRCNCT,CD,CD_SV,"2021-01-21 12:30:02",192,179,13,0,60,47,13,0,200,140,59,0,1,9,11,3,3,2,16,0,0,1,7,1,1,0,0,0,0,0,0,0,0,0,0,0,1,1,1,1,0,1,0
28,MUREŞ,"SCOALĂ GIMNAZIALĂ SAMUEL JOZSEF CHENDU",271,BĂLĂUŞERI,115637,1,PROV,PRCNCT,CD,CD_SV,"2021-01-21 12:30:02",1193,1162,17,14,399,368,17,14,1300,901,373,13,13,10,336,1,1,4,7,0,0,1,2,0,1,1,3,0,0,0,0,0,0,0,1,0,0,0,4,0,0,0,1
28,MUREŞ,"SCOALĂ GIMNAZIALĂ SENEREUŞ",272,BĂLĂUŞERI,115637,1,PROV,PRCNCT,CD,CD_SV,"2021-01-21 12:30:02",540,529,11,0,164,153,11,0,600,436,149,9,6,21,5,6,5,3,59,0,0,3,29,3,2,2,1,0,1,1,0,3,0,0,0,0,1,0,0,3,0,0,1
28,MUREŞ,"CĂMINUL CULTURAL BEICA DE JOS",273,"BEICA DE JOS",115708,1,PROV,PRCNCT,CD,CD_SV,"2021-01-21 12:30:02",719,701,18,0,164,146,18,0,750,586,148,9,7,39,37,11,1,6,13,0,0,1,25,2,0,0,0,0,0,2,0,0,0,0,1,0,7,0,1,1,1,0,0
28,MUREŞ,"GRĂDINIȚA CU PROGRAM NORMAL BEICA DE SUS",274,"BEICA DE JOS",115708,1,PROV,PRCNCT,CD,CD_SV,"2021-01-21 12:30:02",238,221,17,0,46,29,17,0,248,202,44,2,0,16,1,4,0,3,6,0,0,1,10,0,0,0,0,0,0,0,0,0,0,0,0,0,2,1,0,0,0,0,0
28,MUREŞ,"ȘCOALA PRIMARĂ NADĂȘA",275,"BEICA DE JOS",115708,1,PROV,PRCNCT,CD,CD_SV,"2021-01-21 12:30:02",204,180,24,0,67,43,24,0,200,133,66,1,0,33,2,3,2,4,12,0,0,1,5,0,1,0,1,0,1,0,0,0,0,0,1,0,0,0,0,0,0,0,0
28,MUREŞ,"ȘCOALA PRIMARĂ CĂCUCIU",276,"BEICA DE JOS",115708,1,PROV,PRCNCT,CD,CD_SV,"2021-01-21 12:30:02",142,118,24,0,76,52,24,0,150,74,71,5,0,32,1,6,3,4,16,0,0,0,3,1,1,0,0,0,0,1,0,0,0,0,0,0,1,0,0,1,0,0,1
28,MUREŞ,"CĂMIN CULTURAL ȘERBENI",277,"BEICA DE JOS",115708,1,PROV,PRCNCT,CD,CD_SV,"2021-01-21 12:30:02",289,272,16,1,104,87,16,1,299,195,98,4,2,34,2,8,3,5,33,0,1,2,5,1,0,0,0,0,0,0,0,0,0,0,1,0,2,0,0,0,0,0,1
28,MUREŞ,"CĂMINUL CULTURAL SÎNMIHAI DE PĂDURE",278,"BEICA DE JOS",115708,1,PROV,PRCNCT,CD,CD_SV,"2021-01-21 12:30:02",210,193,17,0,76,59,17,0,199,123,75,0,1,27,1,16,2,1,21,0,0,0,0,0,2,0,0,1,1,0,0,0,0,0,0,0,2,0,0,0,0,0,1
28,MUREŞ,"CĂMINUL CULTURAL BERENI",279,BERENI,120511,1,PROV,PRCNCT,CD,CD_SV,"2021-01-21 12:30:02",496,444,27,25,206,154,27,25,500,294,198,0,8,6,172,3,2,1,1,0,0,0,7,1,0,0,0,0,0,0,0,0,0,0,0,0,1,0,4,0,0,0,0
28,MUREŞ,"CĂMINUL CULTURAL EREMIENI",280,BERENI,120511,1,PROV,PRCNCT,CD,CD_SV,"2021-01-21 12:30:02",227,203,12,12,129,105,12,12,200,71,124,1,4,1,114,2,1,0,1,0,0,0,1,0,1,0,0,1,0,0,0,0,0,0,0,0,0,0,1,0,0,0,1
28,MUREŞ,"CĂMINUL CULTURAL MĂRCULENI",281,BERENI,120511,1,PROV,PRCNCT,CD,CD_SV,"2021-01-21 12:30:02",407,358,19,30,180,132,19,29,400,220,172,3,5,5,153,5,1,1,1,0,0,0,0,0,2,0,1,0,0,0,0,0,0,0,0,0,1,0,1,0,1,0,0
28,MUREŞ,"CĂMIN CULTURAL BICHIŞ",282,BICHIŞ,115771,1,PROV,PRCNCT,CD,CD_SV,"2021-01-21 12:30:02",186,160,19,7,77,51,19,7,199,122,76,0,1,2,60,1,3,1,7,0,0,0,1,0,0,0,0,0,0,0,0,0,0,0,0,0,0,0,1,0,0,0,0
28,MUREŞ,"CÃMIN CULTURAL GÎMBUŢ",283,BICHIŞ,115771,1,PROV,PRCNCT,CD,CD_SV,"2021-01-21 12:30:02",140,122,14,4,60,42,14,4,150,90,58,0,2,19,5,6,1,4,19,0,0,0,2,0,1,0,0,0,0,0,0,0,0,0,0,0,0,0,0,1,0,0,0
28,MUREŞ,"ŞCOALA PRIMARĂ NANDRA",284,BICHIŞ,115771,1,PROV,PRCNCT,CD,CD_SV,"2021-01-21 12:30:02",125,115,10,0,30,20,10,0,146,116,26,3,1,9,2,1,1,2,3,0,0,0,2,0,1,0,1,0,1,0,0,0,0,0,0,0,2,1,0,0,0,0,0
28,MUREŞ,"CĂMINUL CULTURAL OZD",285,BICHIŞ,115771,1,PROV,PRCNCT,CD,CD_SV,"2021-01-21 12:30:02",279,247,18,14,122,90,18,14,247,125,116,3,3,5,96,1,1,1,2,0,0,0,5,0,1,0,1,0,0,0,0,1,0,0,0,0,1,0,0,1,0,0,0
28,MUREŞ,"ŞCOALA PRIMARĂ",286,BOGATA,115824,1,PROV,PRCNCT,CD,CD_SV,"2021-01-21 12:30:02",252,238,14,0,66,52,14,0,250,184,64,0,2,7,10,4,13,3,11,0,0,3,10,1,1,0,0,0,0,0,0,0,0,0,0,0,0,0,0,1,0,0,0
28,MUREŞ,"PRIMARIA BOGATA",287,BOGATA,115824,1,PROV,PRCNCT,CD,CD_SV,"2021-01-21 12:30:02",1297,1273,24,0,250,226,24,0,1400,1150,247,0,3,46,71,21,16,32,31,0,0,2,16,0,1,0,0,0,0,0,0,1,1,0,0,0,3,1,2,0,1,2,0
28,MUREŞ,"CĂMIN CULTURAL",288,BRÂNCOVENEŞTI,115897,1,PROV,PRCNCT,CD,CD_SV,"2021-01-21 12:30:02",391,373,18,0,111,93,18,0,400,289,107,3,1,19,5,6,10,7,37,0,0,0,17,3,1,0,0,0,0,0,0,0,0,0,0,0,0,0,0,0,0,0,2
28,MUREŞ,"ȘCOALA PRIMARĂ",289,BRÂNCOVENEŞTI,115897,2,PART,PRCNCT,CD,CD_SV,"2021-01-21 12:30:02",1341,1326,10,5,267,252,10,5,1450,1183,258,2,7,29,160,17,6,2,25,0,1,2,7,2,1,0,0,0,0,0,0,0,1,0,1,0,0,0,0,0,0,0,4
28,MUREŞ,"ȘCOALA PRIMARĂ",290,BRÂNCOVENEŞTI,115897,1,PROV,PRCNCT,CD,CD_SV,"2021-01-21 12:30:02",345,325,20,0,99,79,20,0,350,251,98,1,0,18,5,20,7,14,20,1,0,3,7,2,1,0,0,0,0,0,0,0,0,0,0,0,0,0,0,0,0,0,0
28,MUREŞ,"ȘCOALA PRIMARĂ",291,BRÂNCOVENEŞTI,115897,1,PROV,PRCNCT,CD,CD_SV,"2021-01-21 12:30:02",291,266,25,0,95,70,25,0,300,205,91,4,0,23,9,7,1,14,25,0,0,0,8,0,0,0,0,0,0,0,0,0,0,0,0,0,0,0,0,1,0,0,3
28,MUREŞ,"CLUB-CĂMIN CULTURAL",292,BRÂNCOVENEŞTI,115897,1,PROV,PRCNCT,CD,CD_SV,"2021-01-21 12:30:02",1043,1019,17,7,275,251,17,7,1100,825,263,4,8,11,229,7,1,2,7,0,0,0,2,0,0,0,0,0,0,0,0,0,0,0,0,0,0,0,2,0,0,0,2
28,MUREŞ,"CĂMIN CULTURAL FILPIŞU MARE",293,BREAZA,115851,1,PROV,PRCNCT,CD,CD_SV,"2021-01-21 12:30:02",656,640,16,0,191,175,16,0,700,509,183,1,7,20,39,10,6,4,30,0,0,1,52,1,2,1,0,0,2,0,0,0,0,0,0,0,5,1,1,5,0,2,1
28,MUREŞ,"ȘCOALA PRIMARĂ FILPIȘU MIC",294,BREAZA,115851,1,PROV,PRCNCT,CD,CD_SV,"2021-01-21 12:30:02",349,340,9,0,136,127,9,0,350,214,125,2,9,7,62,6,4,4,13,0,0,2,18,1,1,0,0,0,0,0,0,0,0,0,1,0,1,0,2,0,1,1,1
28,MUREŞ,"CAMIN CULTURAL BREAZA",295,BREAZA,115851,1,PROV,PRCNCT,CD,CD_SV,"2021-01-21 12:30:02",1078,1060,18,0,377,359,18,0,1150,773,370,4,3,23,190,42,15,5,54,0,0,3,30,0,0,1,1,0,1,0,0,0,0,0,0,0,0,0,0,2,0,0,3
28,MUREŞ,"CĂMINUL CULTURAL CEUAŞU DE CÎMPIE",296,"CEUAŞU DE CÂMPIE",115959,1,PROV,PRCNCT,CD,CD_SV,"2021-01-21 12:30:02",1383,1357,26,0,360,334,26,0,1500,1140,339,13,8,50,161,29,16,10,30,0,0,7,24,0,1,1,0,0,1,1,0,0,0,0,0,0,1,0,2,0,2,0,3
28,MUREŞ,"CĂMINUL CULTURAL BOZED",297,"CEUAŞU DE CÂMPIE",115959,1,PROV,PRCNCT,CD,CD_SV,"2021-01-21 12:30:02",123,109,14,0,35,21,14,0,100,65,33,0,2,10,3,1,2,2,11,0,0,0,1,0,0,0,0,0,1,0,1,0,0,0,0,0,1,0,0,0,0,0,0
28,MUREŞ,"CĂMINUL CULTURAL CÎMPENIŢA",298,"CEUAŞU DE CÂMPIE",115959,1,PROV,PRCNCT,CD,CD_SV,"2021-01-21 12:30:02",742,729,13,0,245,232,13,0,800,555,241,1,3,9,200,9,1,2,7,0,0,0,4,1,2,0,1,0,0,0,0,0,0,0,0,0,0,0,3,0,0,0,2
28,MUREŞ,"CĂMINUL CULTURAL CULPIU",299,"CEUAŞU DE CÂMPIE",115959,1,PROV,PRCNCT,CD,CD_SV,"2021-01-21 12:30:02",324,313,11,0,87,76,11,0,350,263,78,4,5,4,50,1,3,1,9,0,0,2,4,0,0,0,0,0,0,0,0,0,0,0,0,0,1,0,2,0,0,0,1
28,MUREŞ,"CĂMINUL CULTURAL HERGHELIA",300,"CEUAŞU DE CÂMPIE",115959,1,PROV,PRCNCT,CD,CD_SV,"2021-01-21 12:30:02",339,316,23,0,80,57,23,0,350,270,78,2,0,17,9,9,8,6,11,1,3,0,7,0,2,1,0,0,0,0,0,0,0,0,1,0,0,0,0,0,0,0,3
28,MUREŞ,"ŞCOALA PRIMARĂ PORUMBENI",301,"CEUAŞU DE CÂMPIE",115959,1,PROV,PRCNCT,CD,CD_SV,"2021-01-21 12:30:02",481,468,13,0,156,143,13,0,500,344,139,10,7,21,62,4,2,8,18,0,0,5,7,1,2,1,0,2,1,0,0,0,0,0,0,0,3,1,1,0,0,0,0
28,MUREŞ,"CĂMINUL CULTURAL SĂBED",302,"CEUAŞU DE CÂMPIE",115959,1,PROV,PRCNCT,CD,CD_SV,"2021-01-21 12:30:02",640,627,13,0,182,169,13,0,700,518,176,3,3,3,144,4,2,5,3,0,1,1,5,0,1,0,0,0,1,0,0,0,0,0,0,0,0,0,5,1,0,0,0
28,MUREŞ,"CĂMINUL CULTURAL VOINICENI",303,"CEUAŞU DE CÂMPIE",115959,1,PROV,PRCNCT,CD,CD_SV,"2021-01-21 12:30:02",958,926,32,0,308,276,32,0,1000,692,296,7,5,75,2,49,26,24,68,1,2,6,30,1,2,0,0,1,0,1,0,0,0,0,1,0,1,0,0,1,0,1,4
28,MUREŞ,"CAMIN CULTURAL",304,CHEŢANI,116046,1,PROV,PRCNCT,CD,CD_SV,"2021-01-21 12:30:02",475,468,7,0,101,94,7,0,500,399,93,2,6,13,22,9,16,3,23,0,0,0,4,0,0,0,0,0,0,0,0,0,0,1,1,0,1,0,0,0,0,0,0
28,MUREŞ,"SEDIUL PRIMARIEI CHETANI",305,CHEŢANI,116046,1,PROV,PRCNCT,CD,CD_SV,"2021-01-21 12:30:02",946,911,35,0,216,181,35,0,1000,784,202,5,9,40,3,45,36,6,38,0,4,1,20,1,2,0,0,0,0,0,0,0,0,0,3,0,2,1,0,0,0,0,0
28,MUREŞ,"CAMIN CULTURAL HADARENI",306,CHEŢANI,116046,1,PROV,PRCNCT,CD,CD_SV,"2021-01-21 12:30:02",782,662,120,0,256,136,120,0,744,488,245,6,5,23,26,98,22,11,41,0,1,4,15,0,1,1,0,0,1,1,0,0,0,0,0,0,0,0,0,0,0,0,0
28,MUREŞ,"PRIMĂRIA COMUNEI CHIBED",307,CHIBED,120478,1,PROV,PRCNCT,CD,CD_SV,"2021-01-21 12:30:02",1353,1335,18,0,393,375,18,0,1500,1107,371,6,16,3,340,2,1,2,2,0,0,0,5,2,0,1,0,1,0,2,0,2,0,1,0,0,1,1,3,0,0,1,1
28,MUREŞ,"SEDIUL PRIMĂRIEI COMUNEI CHIHERU DE JOS",308,"CHIHERU DE JOS",116126,1,PROV,PRCNCT,CD,CD_SV,"2021-01-21 12:30:02",379,358,20,1,141,120,20,1,400,259,136,4,1,35,1,6,11,22,44,0,0,1,10,0,0,0,0,0,0,0,0,0,0,1,0,0,1,0,0,0,0,1,3
28,MUREŞ,"ŞCOALA PRIMARĂ CHIHERU DE SUS",309,"CHIHERU DE JOS",116126,1,PROV,PRCNCT,CD,CD_SV,"2021-01-21 12:30:02",330,313,17,0,79,62,17,0,343,264,77,2,0,29,2,3,4,3,19,0,1,1,8,0,0,2,0,0,0,0,0,1,0,0,1,1,0,0,2,0,0,0,0
28,MUREŞ,"ŞCOALA PRIMARĂ URISIU DE JOS",310,"CHIHERU DE JOS",116126,1,PROV,PRCNCT,CD,CD_SV,"2021-01-21 12:30:02",266,251,15,0,103,88,15,0,291,188,101,1,1,25,1,3,14,2,40,0,0,2,9,1,2,0,0,0,0,0,0,0,0,0,1,0,0,1,0,0,0,0,0
28,MUREŞ,"CAMINUL CULTURAL URISIU DE SUS",311,"CHIHERU DE JOS",116126,1,PROV,PRCNCT,CD,CD_SV,"2021-01-21 12:30:02",353,337,16,0,106,90,16,0,349,243,101,1,4,40,3,4,7,7,27,0,0,3,5,1,1,0,0,0,0,0,0,0,0,0,0,0,1,0,1,0,0,0,1
28,MUREŞ,"ȘCOALA GIMNAZIALĂ COROISÎNMĂRTIN",312,COROISÂNMĂRTIN,116171,1,PROV,PRCNCT,CD,CD_SV,"2021-01-21 12:30:02",351,333,18,0,84,66,18,0,350,266,79,1,4,8,19,5,2,12,24,0,0,0,1,2,1,0,0,0,0,1,0,0,0,0,0,0,0,0,0,1,1,0,2
28,MUREŞ,"ȘCOALA PRIMARĂ ȘOIMUȘ",313,COROISÂNMĂRTIN,116171,1,PROV,PRCNCT,CD,CD_SV,"2021-01-21 12:30:02",319,310,9,0,106,97,9,0,350,244,98,2,6,13,2,1,5,6,56,0,1,1,5,0,3,0,1,0,0,0,0,1,0,0,0,0,0,0,0,0,1,0,2
28,MUREŞ,"CĂMINUL CULTURAL ODRIHEI",314,COROISÂNMĂRTIN,116171,1,PROV,PRCNCT,CD,CD_SV,"2021-01-21 12:30:02",421,407,14,0,119,105,14,0,436,317,99,16,4,19,25,12,1,7,20,1,0,1,9,1,0,0,0,0,1,0,0,0,0,0,0,0,0,0,2,0,0,0,0
28,MUREŞ,"ȘCOALA PRIMARĂ COROI",315,COROISÂNMĂRTIN,116171,1,PROV,PRCNCT,CD,CD_SV,"2021-01-21 12:30:02",108,92,16,0,38,22,16,0,100,62,38,0,0,11,3,3,2,4,13,0,0,0,1,1,0,0,0,0,0,0,0,0,0,0,0,0,0,0,0,0,0,0,0
28,MUREŞ,"CĂMINUL CULTURAL CORUNCA",316,CORUNCA,120487,2,PART,PRCNCT,CD,CD_SV,"2021-01-21 12:30:02",1495,1446,42,7,454,405,42,7,1600,1146,440,8,6,23,286,49,14,5,31,1,4,0,12,6,2,0,0,0,1,0,1,0,0,0,1,0,1,0,1,0,0,0,2
28,MUREŞ,"CĂMINUL CULTURAL CORUNCA",317,CORUNCA,120487,1,PROV,PRCNCT,CD,CD_SV,"2021-01-21 12:30:02",1452,1405,42,5,653,606,42,5,1550,897,646,4,3,71,186,190,57,18,84,0,1,1,26,3,3,0,0,0,0,0,0,1,0,0,0,0,0,0,1,0,0,0,4
28,MUREŞ,"CĂMINUL CULTURAL BOZENI",318,CORUNCA,120487,1,PROV,PRCNCT,CD,CD_SV,"2021-01-21 12:30:02",144,119,25,0,78,53,25,0,149,71,72,4,2,1,57,7,2,2,1,0,0,0,0,0,1,0,0,0,0,0,0,0,0,0,0,0,0,0,0,0,0,0,1
28,MUREŞ,"CAMIN CULTURAL",319,COZMA,116224,1,PROV,PRCNCT,CD,CD_SV,"2021-01-21 12:30:02",113,103,10,0,37,27,10,0,99,62,34,1,2,7,2,3,1,1,17,0,0,0,1,0,1,0,0,0,0,0,0,0,0,0,0,0,0,0,0,0,0,0,1
28,MUREŞ,"PRIMARIA COZMA",320,COZMA,116224,1,PROV,PRCNCT,CD,CD_SV,"2021-01-21 12:30:02",343,317,23,3,92,66,23,3,346,254,85,4,3,11,2,4,0,4,46,0,0,1,13,0,1,0,1,0,1,0,0,0,1,0,0,0,0,0,0,0,0,0,0
28,MUREŞ,"CĂMIN CULTURAL CRĂCIUNEŞTI SALA MICĂ",321,CRĂCIUNEŞTI,116288,1,PROV,PRCNCT,CD,CD_SV,"2021-01-21 12:30:02",824,792,17,15,135,103,17,15,900,765,130,1,4,6,106,2,2,2,4,1,0,0,2,0,1,0,1,0,0,0,0,0,0,0,0,1,0,0,1,0,0,0,1
28,MUREŞ,"CĂMINUL CULTURAL CRĂCIUNEŞTI SALA MARE",322,CRĂCIUNEŞTI,116288,1,PROV,PRCNCT,CD,CD_SV,"2021-01-21 12:30:02",1019,1002,15,2,313,296,15,2,1090,777,302,4,7,4,276,3,1,2,3,0,0,0,7,0,1,1,0,0,0,0,0,0,0,0,0,0,0,0,1,1,0,0,2
28,MUREŞ,"CĂMINUL CULTURAL CORNEŞTI",323,CRĂCIUNEŞTI,116288,1,PROV,PRCNCT,CD,CD_SV,"2021-01-21 12:30:02",737,711,21,5,338,312,21,5,798,460,330,3,5,9,295,4,0,2,1,1,0,0,1,2,0,0,1,0,1,0,0,0,0,0,0,0,1,1,8,0,0,0,3
28,MUREŞ,"ŞCOALA PRIMARĂ CINTA",324,CRĂCIUNEŞTI,116288,2,PART,PRCNCT,CD,CD_SV,"2021-01-21 12:30:02",446,421,19,6,202,177,19,6,450,248,195,3,4,1,178,2,2,0,4,0,0,0,1,0,1,0,0,0,0,0,0,0,0,0,0,0,1,0,3,0,0,0,2
28,MUREŞ,"ŞCOALA PRIMARĂ BUDIU MIC",325,CRĂCIUNEŞTI,116288,1,PROV,PRCNCT,CD,CD_SV,"2021-01-21 12:30:02",366,351,15,0,91,76,15,0,400,309,87,2,2,10,50,6,1,4,6,0,0,0,6,1,1,0,0,0,0,0,0,0,0,0,0,0,0,0,1,0,0,0,1
28,MUREŞ,"PRIMARIA COMUNEI CRAIESTI",326,CRĂIEŞTI,116340,1,PROV,PRCNCT,CD,CD_SV,"2021-01-21 12:30:02",523,504,19,0,181,162,19,0,550,369,172,4,5,34,3,10,10,4,70,0,0,1,33,0,1,1,0,0,0,1,0,0,0,0,0,0,0,1,0,3,0,0,0
28,MUREŞ,"CĂMIN CULTURAL MILAȘEL",327,CRĂIEŞTI,116340,1,PROV,PRCNCT,CD,CD_SV,"2021-01-21 12:30:02",173,152,21,0,64,43,21,0,150,86,62,1,1,10,2,2,1,4,19,1,0,3,18,0,1,0,0,0,0,0,0,0,0,0,0,0,0,0,0,1,0,0,0
28,MUREŞ,"CĂMIN CULTURAL LEFAIA",328,CRĂIEŞTI,116340,2,PART,PRCNCT,CD,CD_SV,"2021-01-21 12:30:02",63,47,16,0,34,18,16,0,50,16,32,1,1,2,2,1,1,2,11,0,0,3,8,0,0,0,0,0,0,1,0,0,0,0,0,0,0,0,0,1,0,0,0
28,MUREŞ,PRIMARIA,329,CRISTEŞTI,114355,1,PROV,PRCNCT,CD,CD_SV,"2021-01-21 12:30:02",1472,1447,24,1,435,410,24,1,1600,1165,411,15,9,67,160,49,22,14,45,1,1,3,37,0,3,0,0,0,0,0,0,0,0,0,0,0,0,0,1,2,0,1,5
28,MUREŞ,PRIMĂRIE,330,CRISTEŞTI,114355,1,PROV,PRCNCT,CD,CD_SV,"2021-01-21 12:30:02",1303,1293,10,0,416,406,10,0,1400,984,409,4,3,69,104,59,38,18,52,1,7,2,48,2,1,0,0,0,0,1,0,0,0,0,0,1,0,0,1,0,0,0,5
28,MUREŞ,"ŞCOALA GIMNAZIALA CRISTEŞTI",331,CRISTEŞTI,114355,1,PROV,PRCNCT,CD,CD_SV,"2021-01-21 12:30:02",1473,1443,29,1,418,388,29,1,1600,1182,405,10,3,57,158,30,35,12,55,0,0,4,41,4,0,0,0,0,1,0,0,1,0,0,0,0,1,0,3,0,0,0,3
28,MUREŞ,"CĂMINUL CULTURAL",332,CRISTEŞTI,114355,1,PROV,PRCNCT,CD,CD_SV,"2021-01-21 12:30:02",822,805,17,0,217,200,17,0,900,683,202,9,6,9,154,11,5,1,7,0,1,0,5,1,1,0,1,0,0,0,0,0,0,0,0,0,0,0,1,2,1,0,2
28,MUREŞ,"PRIMARIA CUCERDEA",333,CUCERDEA,116395,1,PROV,PRCNCT,CD,CD_SV,"2021-01-21 12:30:02",605,571,33,1,180,146,33,1,650,470,175,2,3,37,3,19,16,7,71,0,0,2,14,0,2,0,0,0,0,0,0,0,0,0,0,0,0,0,0,2,1,0,1
28,MUREŞ,"ȘCOALA GIMNAZIALĂ ȘEULIA DE MUREȘ",334,CUCERDEA,116395,1,PROV,PRCNCT,CD,CD_SV,"2021-01-21 12:30:02",472,455,17,0,106,89,17,0,500,394,102,2,2,28,3,8,10,2,36,0,3,2,3,0,1,0,1,0,0,0,1,0,0,0,0,0,0,0,1,0,1,1,1
28,MUREŞ,"CĂMIN CULTURAL BORD",335,CUCERDEA,116395,1,PROV,PRCNCT,CD,CD_SV,"2021-01-21 12:30:02",111,96,15,0,49,34,15,0,100,51,44,2,3,12,3,1,1,1,20,0,0,1,5,0,0,0,0,0,0,0,0,0,0,0,0,0,0,0,0,0,0,0,0
28,MUREŞ,"CAMIN CULTURAL",336,CUCI,116439,1,PROV,PRCNCT,CD,CD_SV,"2021-01-21 12:30:02",147,135,12,0,68,56,12,0,150,82,63,2,3,31,2,4,2,12,7,0,0,0,4,0,1,0,0,0,0,0,0,0,0,0,0,0,0,0,0,0,0,0,0
28,MUREŞ,"CĂMIN CULTURAL",337,CUCI,116439,1,PROV,PRCNCT,CD,CD_SV,"2021-01-21 12:30:02",450,437,13,0,120,107,13,0,498,378,115,3,2,63,2,1,5,7,27,0,0,0,2,1,2,1,2,0,0,0,0,0,0,0,0,0,1,0,0,0,0,0,1
28,MUREŞ,"SCOALA PRIMARĂ",338,CUCI,116439,1,PROV,PRCNCT,CD,CD_SV,"2021-01-21 12:30:02",286,270,12,4,68,52,12,4,300,232,64,3,1,14,1,7,4,2,29,0,0,0,1,0,1,1,0,0,0,0,0,0,0,0,0,1,0,0,2,0,0,0,1
28,MUREŞ,"PRIMĂRIA CUCI",339,CUCI,116439,2,PART,PRCNCT,CD,CD_SV,"2021-01-21 12:30:02",699,667,22,10,266,234,22,10,746,480,257,5,4,83,44,22,16,11,38,0,2,7,21,2,3,0,0,1,0,0,0,1,0,0,1,0,0,0,4,0,0,1,0
28,MUREŞ,"CĂMINUL CULTURAL DANES",340,DANEŞ,116493,1,PROV,PRCNCT,CD,CD_SV,"2021-01-21 12:30:02",1017,996,21,0,252,231,21,0,1100,848,247,4,1,35,4,48,19,7,87,1,7,4,26,2,0,0,0,0,0,0,0,0,0,0,0,0,0,0,1,0,0,0,6
28,MUREŞ,"CLUBUL TINERETULUI",341,DANEŞ,116493,1,PROV,PRCNCT,CD,CD_SV,"2021-01-21 12:30:02",1000,993,7,0,225,218,7,0,1100,875,206,15,4,36,2,30,15,3,74,0,1,2,27,1,3,0,2,2,0,0,0,0,0,0,0,0,1,0,2,4,0,0,1
28,MUREŞ,"SCOALA GIMNAZIALA SELEUS-DANES",342,DANEŞ,116493,1,PROV,PRCNCT,CD,CD_SV,"2021-01-21 12:30:02",877,866,11,0,167,156,11,0,950,783,162,3,2,26,2,17,10,5,63,1,5,3,25,0,3,1,0,0,0,0,0,0,0,0,0,0,0,0,0,0,0,0,1
28,MUREŞ,"SCOALA GIMNAZIALA SELEUS-DANES",343,DANEŞ,116493,1,PROV,PRCNCT,CD,CD_SV,"2021-01-21 12:30:02",929,918,11,0,273,262,11,0,1000,727,239,20,14,41,1,30,7,4,109,0,4,2,21,1,0,0,3,1,1,1,0,0,0,0,0,0,3,1,1,7,1,0,0
28,MUREŞ,"ŞCOALA GIMNAZIALA INV.”STROIESCU IOAN ”CRIŞ",344,DANEŞ,116493,1,PROV,PRCNCT,CD,CD_SV,"2021-01-21 12:30:02",581,561,15,5,97,77,15,5,600,503,93,2,2,18,1,22,5,1,24,2,0,1,18,0,0,0,0,0,0,0,0,0,0,0,0,0,1,0,0,0,0,0,0
28,MUREŞ,"CĂMINUL CULTURAL STEJĂRENII",345,DANEŞ,116493,1,PROV,PRCNCT,CD,CD_SV,"2021-01-21 12:30:02",284,268,16,0,42,26,16,0,300,258,42,0,0,12,2,3,2,1,13,0,1,0,6,2,0,0,0,0,0,0,0,0,0,0,0,0,0,0,0,0,0,0,0
28,MUREŞ,"ŞCOALA GIMNAZIALĂ BISTRA-MUREŞULUI",346,DEDA,116545,1,PROV,PRCNCT,CD,CD_SV,"2021-01-21 12:30:02",860,822,36,2,314,276,36,2,900,586,309,2,3,101,8,13,46,43,53,0,4,3,20,6,3,1,0,0,0,0,0,0,0,0,2,1,1,0,1,1,1,0,1
28,MUREŞ,"ŞCOALA PRIMARĂ FILEA",347,DEDA,116545,1,PROV,PRCNCT,CD,CD_SV,"2021-01-21 12:30:02",589,566,22,1,301,278,22,1,600,299,286,10,5,150,5,17,20,30,39,0,0,3,16,0,0,0,1,0,0,0,0,0,0,0,0,0,1,0,1,0,0,2,1
28,MUREŞ,"ŞCOALA PRIMARĂ PIETRŞ",348,DEDA,116545,1,PROV,PRCNCT,CD,CD_SV,"2021-01-21 12:30:02",393,375,17,1,163,145,17,1,400,237,158,3,2,67,2,10,15,9,34,0,0,1,14,2,2,0,0,0,0,0,0,0,0,0,0,0,0,0,0,1,1,0,0
28,MUREŞ,"CĂMIN CULTURAL DEDA",349,DEDA,116545,2,PART,PRCNCT,CD,CD_SV,"2021-01-21 12:30:02",1577,1517,45,15,621,561,45,15,1650,1029,595,15,11,272,4,22,70,55,73,0,0,4,71,2,3,0,0,0,0,3,0,0,0,0,0,0,9,0,1,0,0,1,5
28,MUREŞ,"ȘCOALA GIMNAZIALĂ ”DR. NYULAS FERENC ” EREMITU",350,EREMITU,116590,1,PROV,PRCNCT,CD,CD_SV,"2021-01-21 12:30:02",1480,1448,30,2,487,455,30,2,1592,1105,438,18,31,21,349,6,3,4,9,0,0,4,18,0,3,1,1,1,0,0,0,0,0,1,1,0,4,0,8,2,1,0,1
28,MUREŞ,"ȘCOALA PRIMARĂ CĂLUGĂRENI",351,EREMITU,116590,1,PROV,PRCNCT,CD,CD_SV,"2021-01-21 12:30:02",473,449,24,0,100,76,24,0,500,400,82,12,6,3,64,2,0,1,4,0,2,0,0,0,0,0,0,0,0,1,0,1,0,0,1,0,1,0,2,0,0,0,0
28,MUREŞ,"ȘCOALA PRIMARĂ CÎMPU CETĂŢII",352,EREMITU,116590,1,PROV,PRCNCT,CD,CD_SV,"2021-01-21 12:30:02",343,308,35,0,137,102,35,0,350,213,132,1,4,4,118,3,1,0,1,0,0,0,1,0,2,0,0,0,1,0,0,0,0,0,0,0,0,0,1,0,0,0,0
28,MUREŞ,"ȘCOALA PRIMARĂ DĂMIENI",353,EREMITU,116590,1,PROV,PRCNCT,CD,CD_SV,"2021-01-21 12:30:02",201,180,21,0,81,60,21,0,198,117,78,1,2,2,60,2,2,1,4,0,2,0,0,0,0,0,0,0,0,0,0,0,0,0,0,0,1,0,2,1,0,0,1
28,MUREŞ,"ȘCOALA GIMNAZIALĂ MĂTRICI",354,EREMITU,116590,1,PROV,PRCNCT,CD,CD_SV,"2021-01-21 12:30:02",756,734,22,0,251,229,22,0,800,549,223,9,19,12,181,1,0,2,7,0,1,0,3,0,3,0,1,0,0,0,0,0,0,0,0,0,2,2,7,0,0,0,1
28,MUREŞ,"CĂMINUL CULTURAL ERNEI",355,ERNEI,116652,1,PROV,PRCNCT,CD,CD_SV,"2021-01-21 12:30:02",910,871,26,13,274,235,26,13,950,676,262,4,8,9,222,10,5,2,6,0,0,2,3,2,1,0,0,0,0,0,0,0,0,0,0,0,0,0,0,0,0,0,0
28,MUREŞ,"SALA DE ŞEDINŢE - PRIMĂRIA COMUNEI ERNEI",356,ERNEI,116652,2,PART,PRCNCT,CD,CD_SV,"2021-01-21 12:30:02",1107,1076,16,15,353,322,16,15,1200,847,332,13,8,12,234,21,8,6,20,0,0,1,17,2,2,0,0,0,1,0,0,1,1,1,1,0,1,0,1,0,1,0,1
28,MUREŞ,"CĂMINUL CULTURAL CĂLUŞERI",357,ERNEI,116652,1,PROV,PRCNCT,CD,CD_SV,"2021-01-21 12:30:02",513,464,29,20,176,127,29,20,500,324,168,0,8,3,133,11,2,1,5,0,0,0,1,1,2,0,0,0,0,0,0,0,0,0,2,0,1,0,4,1,0,0,1
28,MUREŞ,"CĂMINUL CULTURAL DUMBRĂVIOARA",358,ERNEI,116652,1,PROV,PRCNCT,CD,CD_SV,"2021-01-21 12:30:02",1551,1500,32,19,506,455,32,19,1650,1144,483,15,8,25,392,10,4,1,16,0,0,2,7,1,1,1,2,1,1,0,0,0,0,0,0,0,0,2,11,2,0,0,4
28,MUREŞ,"CĂMINUL CULTURAL ICLAND",359,ERNEI,116652,1,PROV,PRCNCT,CD,CD_SV,"2021-01-21 12:30:02",337,308,24,5,105,76,24,5,350,245,96,5,4,9,70,1,1,1,8,0,0,0,3,0,0,0,0,0,0,0,0,0,0,0,0,0,0,1,1,0,0,0,1
28,MUREŞ,"SCOALA PRIMARĂ SĂCĂRENI",360,ERNEI,116652,1,PROV,PRCNCT,CD,CD_SV,"2021-01-21 12:30:02",236,205,28,3,70,39,28,3,250,180,67,1,2,3,52,5,1,1,2,0,0,0,0,0,1,0,0,0,0,0,0,1,0,0,0,0,1,0,0,0,0,0,0
28,MUREŞ,"CĂMINUL CULTURAL SÎNGERU DE PĂDURE",361,ERNEI,116652,1,PROV,PRCNCT,CD,CD_SV,"2021-01-21 12:30:02",338,324,14,0,55,41,14,0,350,295,49,3,3,13,7,2,4,3,5,0,0,4,7,0,0,1,0,0,0,0,0,0,0,0,0,0,0,1,1,0,0,0,1
28,MUREŞ,"SEDIU PRIMARIE",362,FĂRĂGĂU,116723,1,PROV,PRCNCT,CD,CD_SV,"2021-01-21 12:30:02",402,360,41,1,211,169,41,1,400,189,188,9,13,92,4,14,1,10,27,0,0,7,20,2,0,1,0,0,1,0,0,0,0,0,0,0,2,1,0,0,0,2,4
28,MUREŞ,"CĂMINUL CULTURAL POARTA",363,FĂRĂGĂU,116723,1,PROV,PRCNCT,CD,CD_SV,"2021-01-21 12:30:02",206,179,27,0,85,58,27,0,200,115,83,0,2,37,4,6,3,2,15,0,2,0,9,0,1,0,0,0,0,0,0,0,0,1,1,0,0,0,1,0,1,0,0
28,MUREŞ,"CĂMINUL CULTURAL TONCIU",364,FĂRĂGĂU,116723,1,PROV,PRCNCT,CD,CD_SV,"2021-01-21 12:30:02",725,713,12,0,364,352,12,0,800,436,306,23,35,154,15,3,0,14,8,3,0,1,70,5,0,0,0,0,1,0,0,0,0,0,0,1,13,0,5,12,1,0,0
28,MUREŞ,"ŞCOALA GIMNAZIALĂ FÎNTÎNELE",365,FÂNTÂNELE,116796,1,PROV,PRCNCT,CD,CD_SV,"2021-01-21 12:30:02",994,971,10,13,372,349,10,13,1050,678,359,4,9,3,335,1,1,1,7,0,0,1,1,0,3,0,0,0,1,0,0,0,0,0,0,0,2,0,3,0,0,0,0
28,MUREŞ,"ŞCOALA GIMNAZIALĂ FÎNTÎNELE",366,FÂNTÂNELE,116796,1,PROV,PRCNCT,CD,CD_SV,"2021-01-21 12:30:02",1006,967,19,20,327,288,19,20,1048,721,312,5,10,9,287,6,1,1,2,0,0,0,0,0,1,0,0,0,0,0,0,0,0,0,0,0,1,0,2,1,0,0,1
28,MUREŞ,"ŞCOALA GIMNAZIALĂ CĂLIMĂNEŞTI",367,FÂNTÂNELE,116796,1,PROV,PRCNCT,CD,CD_SV,"2021-01-21 12:30:02",736,709,21,6,254,227,21,6,800,546,244,5,5,8,211,2,2,4,4,1,1,1,2,0,0,0,0,1,3,0,0,0,0,0,1,0,0,0,2,0,0,0,1
28,MUREŞ,"ŞCOALA PRIMARĂ VIFOROASA",368,FÂNTÂNELE,116796,1,PROV,PRCNCT,CD,CD_SV,"2021-01-21 12:30:02",711,667,25,19,249,205,25,19,750,501,241,6,2,3,214,4,3,2,5,0,0,1,2,1,1,0,0,1,1,1,0,0,0,1,0,0,0,0,1,0,0,0,0
28,MUREŞ,"ŞCOALA PRIMARĂ BORDOŞIU",369,FÂNTÂNELE,116796,1,PROV,PRCNCT,CD,CD_SV,"2021-01-21 12:30:02",260,248,12,0,104,92,12,0,250,146,100,1,3,9,65,1,1,2,5,0,0,1,3,0,1,0,0,1,0,0,0,1,0,0,1,0,7,0,1,1,0,0,0
28,MUREŞ,"GRĂDINIŢA CU PROGRAM NORMAL CIBU",370,FÂNTÂNELE,116796,1,PROV,PRCNCT,CD,CD_SV,"2021-01-21 12:30:02",107,85,22,0,52,30,22,0,100,48,46,0,6,3,36,1,1,1,1,0,0,1,0,0,1,0,0,0,0,0,0,0,0,0,0,0,0,0,1,0,0,0,0
28,MUREŞ,"ŞCOALA PRIMARĂ ROUA",371,FÂNTÂNELE,116796,1,PROV,PRCNCT,CD,CD_SV,"2021-01-21 12:30:02",313,295,18,0,109,91,18,0,300,191,95,8,6,5,73,2,1,1,2,0,0,0,0,1,1,1,1,0,0,0,0,0,0,0,0,0,3,0,3,0,1,0,0
28,MUREŞ,"SALA DE ŞEDINŢĂ DE LA SEDIUL PRIMĂRIEI COMUNEI GĂLEŞTI",372,GĂLEŞTI,116867,1,PROV,PRCNCT,CD,CD_SV,"2021-01-21 12:30:02",785,753,17,15,182,150,17,15,850,668,175,3,4,2,154,3,1,3,3,1,0,0,0,1,3,1,0,0,0,0,0,0,0,0,0,2,0,0,1,0,0,0,0
28,MUREŞ,"ŞCOALA GIMNAZIALĂ TROIŢA",373,GĂLEŞTI,116867,1,PROV,PRCNCT,CD,CD_SV,"2021-01-21 12:30:02",615,571,14,30,172,128,14,30,650,478,165,2,5,2,147,2,1,1,2,1,0,0,3,1,2,0,0,0,1,0,0,0,0,0,0,0,0,0,2,0,0,0,0
28,MUREŞ,"ŞCOALA PRIMARĂ MAIAD",374,GĂLEŞTI,116867,1,PROV,PRCNCT,CD,CD_SV,"2021-01-21 12:30:02",249,226,20,3,74,51,20,3,250,176,70,0,4,1,56,5,2,0,1,0,0,0,0,1,0,0,0,0,0,0,0,0,0,0,0,0,1,0,3,0,0,0,0
28,MUREŞ,"CĂMINUL CULTURAL SÂNVĂSII",375,GĂLEŞTI,116867,1,PROV,PRCNCT,CD,CD_SV,"2021-01-21 12:30:02",277,257,18,2,98,78,18,2,300,202,91,5,2,3,78,1,1,1,3,0,0,0,1,0,1,0,0,0,0,0,0,0,0,0,0,0,0,0,2,0,0,0,0
28,MUREŞ,"ŞCOALA PRIMARĂ ADRIANU MARE",376,GĂLEŞTI,116867,1,PROV,PRCNCT,CD,CD_SV,"2021-01-21 12:30:02",128,106,13,9,50,28,13,9,95,45,47,0,3,1,36,2,1,1,3,0,0,0,0,0,1,0,0,0,0,0,0,0,0,0,0,0,1,0,1,0,0,0,0
28,MUREŞ,"CLĂDIREA SPAŢIU COMERCIAL BEDENI",377,GĂLEŞTI,116867,1,PROV,PRCNCT,CD,CD_SV,"2021-01-21 12:30:02",140,114,19,7,64,38,19,7,100,36,62,0,2,2,43,2,1,2,4,0,0,0,0,0,1,0,1,0,0,0,0,0,0,0,0,0,0,0,6,0,0,0,0
28,MUREŞ,"SALA DE SPORT GĂNEŞTI",378,GĂNEŞTI,116938,1,PROV,PRCNCT,CD,CD_SV,"2021-01-21 12:30:02",997,965,10,22,424,392,10,22,1050,626,391,4,29,18,283,8,1,3,24,0,1,0,35,1,0,0,1,1,1,0,0,1,0,0,0,0,2,0,9,0,0,0,2
28,MUREŞ,"ŞCOALA GIMNAZIALĂ FOGARASI SAMUEL GĂNEŞTI",379,GĂNEŞTI,116938,1,PROV,PRCNCT,CD,CD_SV,"2021-01-21 12:30:02",785,761,9,15,321,297,9,15,850,529,312,3,6,18,231,11,1,6,17,1,0,1,14,1,1,1,2,0,0,0,0,0,0,0,0,0,0,0,6,1,0,0,0
28,MUREŞ,"ŞCOALA PRIMARĂ PĂUCIŞOARA",380,GĂNEŞTI,116938,1,PROV,PRCNCT,CD,CD_SV,"2021-01-21 12:30:02",220,208,9,3,64,52,9,3,250,186,57,5,2,5,33,4,2,4,3,0,0,0,4,0,0,0,0,0,0,0,0,0,0,0,1,0,0,0,1,0,0,0,0
28,MUREŞ,"ŞCOALA PRIMARĂ SEUCA",381,GĂNEŞTI,116938,1,PROV,PRCNCT,CD,CD_SV,"2021-01-21 12:30:02",956,927,21,8,275,246,21,8,1050,775,267,3,5,21,161,14,8,6,24,2,2,1,15,1,1,0,0,0,0,0,0,1,0,0,1,0,1,1,2,0,0,0,5
28,MUREŞ,"CĂMINUL CULTURAL GHEORGHE DOJA",382,"GHEORGHE DOJA",116983,1,PROV,PRCNCT,CD,CD_SV,"2021-01-21 12:30:02",416,394,13,9,136,115,13,8,450,314,134,2,0,2,117,2,2,1,5,0,0,0,2,1,1,0,0,0,0,0,0,0,0,0,1,0,0,0,0,0,0,0,0
28,MUREŞ,"CĂMINUL CULTURAL ILIENI",383,"GHEORGHE DOJA",116983,1,PROV,PRCNCT,CD,CD_SV,"2021-01-21 12:30:02",363,334,19,10,151,122,19,10,350,199,146,5,0,0,133,5,1,0,4,0,0,1,0,0,0,0,0,0,0,0,0,0,0,0,0,0,0,0,2,0,0,0,0
28,MUREŞ,"CĂMINUL CULTURAL LEORDENI",384,"GHEORGHE DOJA",116983,1,PROV,PRCNCT,CD,CD_SV,"2021-01-21 12:30:02",347,320,15,12,120,93,15,12,350,230,116,2,2,3,91,6,1,3,9,0,0,0,0,1,0,0,0,0,0,0,0,0,0,0,0,0,1,0,1,0,0,0,0
28,MUREŞ,"CĂMIN CULTURAL SATU NOU",385,"GHEORGHE DOJA",116983,1,PROV,PRCNCT,CD,CD_SV,"2021-01-21 12:30:02",654,625,8,21,209,180,8,21,700,491,199,4,6,4,179,2,2,1,4,0,0,0,2,0,1,0,0,0,0,0,0,0,0,0,0,0,1,0,3,0,0,0,0
28,MUREŞ,"CĂMIN CULTURAL TIRIMIA",386,"GHEORGHE DOJA",116983,1,PROV,PRCNCT,CD,CD_SV,"2021-01-21 12:30:02",716,691,21,4,154,129,21,4,797,643,147,5,2,19,28,17,7,2,39,1,0,1,25,1,2,0,0,0,1,0,0,0,0,0,0,1,0,1,0,0,0,1,1
28,MUREŞ,"ȘCOALA GIMNAZIALĂ WESSELÉNYI MIKLÓS",387,GHINDARI,117042,1,PROV,PRCNCT,CD,CD_SV,"2021-01-21 12:30:02",1276,1251,25,0,322,297,25,0,1400,1078,287,21,14,13,238,3,0,2,7,1,2,2,2,1,5,1,2,0,1,0,0,1,0,1,1,0,0,1,1,0,1,1,0
28,MUREŞ,"CĂMIN CULTURAL TREI SATE",388,GHINDARI,117042,1,PROV,PRCNCT,CD,CD_SV,"2021-01-21 12:30:02",996,975,21,0,253,232,21,0,1050,797,230,18,5,13,194,2,0,0,4,0,1,0,3,0,2,1,1,0,0,0,0,0,0,0,1,1,4,0,1,0,0,0,2
28,MUREŞ,"ȘCOALĂ PRIMARĂ SOLOCMA",389,GHINDARI,117042,1,PROV,PRCNCT,CD,CD_SV,"2021-01-21 12:30:02",273,254,19,0,88,69,19,0,300,212,69,4,15,3,55,1,0,2,0,0,0,1,1,0,2,0,1,0,0,0,0,1,0,0,0,1,0,0,1,0,0,0,0
28,MUREŞ,"ȘCOALĂ PRIMARĂ ABUD",390,GHINDARI,117042,1,PROV,PRCNCT,CD,CD_SV,"2021-01-21 12:30:02",115,97,18,0,45,27,18,0,100,55,44,1,0,4,30,2,3,1,1,0,0,0,0,0,1,0,0,0,0,0,0,0,0,1,0,0,0,0,1,0,0,0,0
28,MUREŞ,"ȘCOALA GIMNAZIALĂ „ADORJANI KAROLY” GLODENI",391,GLODENI,117113,1,PROV,PRCNCT,CD,CD_SV,"2021-01-21 12:30:02",986,963,15,8,162,140,14,8,1050,888,144,8,10,8,97,1,2,10,6,1,0,1,5,3,1,0,0,0,0,0,0,0,0,1,0,0,3,1,1,0,0,0,3
28,MUREŞ,"ȘCOALA GIMNAZIALĂ „ADORJANI KAROLY” GLODENI",392,GLODENI,117113,2,PART,PRCNCT,CD,CD_SV,"2021-01-21 12:30:02",1100,1055,18,27,373,328,18,27,1150,777,364,2,7,11,323,1,2,9,4,0,0,2,4,1,2,0,0,0,0,1,0,0,0,0,0,0,0,0,4,0,0,0,0
28,MUREŞ,"ȘCOALA PRIMARĂ MERIȘOR",393,GLODENI,117113,1,PROV,PRCNCT,CD,CD_SV,"2021-01-21 12:30:02",158,135,19,4,81,58,19,4,150,69,77,2,2,12,6,2,4,19,7,0,0,1,22,0,1,0,0,0,1,1,0,0,0,0,0,0,1,0,0,0,0,0,0
28,MUREŞ,"ŞCOALA PRIMARĂ MOIȘA",394,GLODENI,117113,1,PROV,PRCNCT,CD,CD_SV,"2021-01-21 12:30:02",230,189,24,17,135,94,24,17,200,65,127,4,4,43,3,6,3,41,20,0,0,3,6,0,0,0,0,0,0,0,0,0,0,0,0,1,1,0,0,0,0,0,0
28,MUREŞ,"ŞCOALA PRIMARĂ PĂCURENI",395,GLODENI,117113,1,PROV,PRCNCT,CD,CD_SV,"2021-01-21 12:30:02",195,179,16,0,66,50,16,0,200,134,61,1,4,2,45,2,1,2,3,0,0,2,0,0,1,0,1,0,0,0,0,0,0,0,0,0,1,0,1,0,0,0,0
28,MUREŞ,"ȘCOALA PRIMARĂ PĂINGENI",396,GLODENI,117113,1,PROV,PRCNCT,CD,CD_SV,"2021-01-21 12:30:02",326,297,29,0,138,109,29,0,350,212,131,1,6,11,92,4,1,3,10,0,0,0,2,0,1,1,1,0,0,0,0,1,0,0,0,0,0,1,2,1,0,0,0
28,MUREŞ,"CAMIN CULTURAL",397,GORNEŞTI,117177,1,PROV,PRCNCT,CD,CD_SV,"2021-01-21 12:30:02",101,84,17,0,44,27,17,0,99,55,38,2,4,2,25,1,1,1,6,0,0,0,1,0,0,0,0,0,0,0,0,0,0,0,0,0,0,0,0,0,0,0,1
28,MUREŞ,"CAMIN CULTURAL",398,GORNEŞTI,117177,1,PROV,PRCNCT,CD,CD_SV,"2021-01-21 12:30:02",378,353,22,3,206,181,22,3,400,194,197,0,9,3,178,4,1,1,4,0,0,0,1,0,0,0,1,0,0,0,0,0,0,1,0,0,0,0,3,0,0,0,0
28,MUREŞ,"ȘCOALA PRIMARĂ PETRILACA DE MUREȘ",399,GORNEŞTI,117177,1,PROV,PRCNCT,CD,CD_SV,"2021-01-21 12:30:02",375,331,24,20,152,108,24,20,350,198,139,10,3,8,107,2,3,2,5,0,0,0,0,0,2,0,1,0,1,0,0,0,0,1,0,0,2,2,3,0,0,0,0
28,MUREŞ,"CĂMIN CULTURAL TELEAC",400,GORNEŞTI,117177,1,PROV,PRCNCT,CD,CD_SV,"2021-01-21 12:30:02",336,324,12,0,94,82,12,0,350,256,90,3,1,29,10,8,7,8,21,0,0,2,3,0,1,0,0,0,0,0,0,0,0,0,0,0,1,0,0,0,0,0,0
28,MUREŞ,"SCOALA GIMNAZIALA TELEKI DOMOKOS",401,GORNEŞTI,117177,1,PROV,PRCNCT,CD,CD_SV,"2021-01-21 12:30:02",854,812,25,17,317,275,25,17,900,583,294,11,12,18,211,7,7,13,13,0,0,4,7,0,3,1,2,0,0,0,0,0,0,0,1,0,5,1,1,0,0,0,0
28,MUREŞ,"GRADINITA CU PROGRAM NORMAL",402,GORNEŞTI,117177,1,PROV,PRCNCT,CD,CD_SV,"2021-01-21 12:30:02",825,804,17,4,207,186,17,4,900,693,199,3,5,22,115,9,8,14,11,1,1,2,9,1,0,0,0,0,0,0,0,0,0,0,1,0,2,2,1,0,0,0,0
28,MUREŞ,"ȘCOALA GIMNAZIALĂ PERIȘ",403,GORNEŞTI,117177,1,PROV,PRCNCT,CD,CD_SV,"2021-01-21 12:30:02",1562,1486,30,46,633,557,30,46,1650,1017,614,9,10,9,545,7,3,5,17,0,0,2,5,0,1,0,0,0,1,0,1,2,0,2,1,0,4,1,5,1,0,1,1
28,MUREŞ,"SCOALA PRIMARĂ IARA DE MUREŞ",404,GORNEŞTI,117177,1,PROV,PRCNCT,CD,CD_SV,"2021-01-21 12:30:02",279,235,30,14,100,56,30,14,248,148,96,3,1,5,76,1,1,1,3,0,0,0,2,0,1,0,0,0,0,0,0,0,0,0,1,0,0,0,3,0,0,1,1
28,MUREŞ,"CĂMIN CULTURAL GREBENISU DE CIMPIE",405,"GREBENIŞU DE CÂMPIE",117275,1,PROV,PRCNCT,CD,CD_SV,"2021-01-21 12:30:02",1424,1347,34,43,454,377,34,43,1500,1046,441,5,8,154,3,18,60,35,50,0,1,2,102,2,1,0,1,1,0,0,0,1,0,1,0,0,1,1,2,1,0,0,4
28,MUREŞ,"CĂMINUL CULTURAL GURGHIU",406,GURGHIU,117319,2,PART,PRCNCT,CD,CD_SV,"2021-01-21 12:30:02",868,851,17,0,243,226,17,0,950,707,236,3,4,42,10,25,14,5,91,0,1,1,34,1,4,0,0,0,0,0,0,0,0,0,0,0,3,0,1,0,3,0,1
28,MUREŞ,"CAMINUL CULTURAL GURGHIU",407,GURGHIU,117319,1,PROV,PRCNCT,CD,CD_SV,"2021-01-21 12:30:02",767,758,9,0,176,167,9,0,850,674,172,3,1,29,7,10,19,5,64,1,1,4,16,4,5,0,0,0,0,0,0,0,0,1,1,0,1,0,0,0,0,0,4
28,MUREŞ,"CĂMINUL CULTURAL ADRIAN",408,GURGHIU,117319,1,PROV,PRCNCT,CD,CD_SV,"2021-01-21 12:30:02",252,241,11,0,93,82,11,0,250,157,88,0,5,13,2,2,6,1,43,0,0,0,19,1,1,0,0,0,0,0,0,0,0,0,0,0,0,0,0,0,0,0,0
28,MUREŞ,"SCOALA PRIMARA CASVA",409,GURGHIU,117319,1,PROV,PRCNCT,CD,CD_SV,"2021-01-21 12:30:02",669,655,14,0,229,215,14,0,695,466,219,5,5,44,2,12,22,8,94,0,2,1,24,6,0,1,0,0,0,0,0,0,0,0,0,0,0,0,0,0,0,0,3
28,MUREŞ,"FOSTA SCOALA PRIMARA COMORI",410,GURGHIU,117319,1,PROV,PRCNCT,CD,CD_SV,"2021-01-21 12:30:02",169,149,20,0,81,61,20,0,150,69,76,3,2,20,2,1,2,1,44,0,0,2,3,0,0,0,0,0,0,1,0,0,0,0,0,0,0,0,0,0,0,0,0
28,MUREŞ,"CAMINUL CULTURAL GLAJARIE",411,GURGHIU,117319,1,PROV,PRCNCT,CD,CD_SV,"2021-01-21 12:30:02",1448,1410,9,29,394,356,9,29,1550,1156,377,5,12,28,300,6,4,4,18,0,0,0,7,1,1,0,0,0,0,0,0,1,1,0,0,0,0,0,5,0,0,1,0
28,MUREŞ,"SCOALA PRIMARA LARGA",412,GURGHIU,117319,1,PROV,PRCNCT,CD,CD_SV,"2021-01-21 12:30:02",203,188,15,0,65,50,15,0,200,135,58,3,4,4,7,3,2,3,25,0,0,1,7,1,2,0,0,0,0,0,0,0,0,0,0,0,0,0,2,1,0,0,0
28,MUREŞ,"CAMINUL CULTURAL ORSOVA",413,GURGHIU,117319,1,PROV,PRCNCT,CD,CD_SV,"2021-01-21 12:30:02",667,649,18,0,202,184,18,0,700,498,195,3,4,36,4,16,3,6,96,1,0,2,24,3,1,0,0,0,0,0,0,0,0,0,0,0,1,0,0,0,1,0,1
28,MUREŞ,"CAMINUL CULTURAL HODAC",414,HODAC,117426,1,PROV,PRCNCT,CD,CD_SV,"2021-01-21 12:30:02",1011,994,17,0,223,206,17,0,1100,877,214,7,2,52,1,9,37,14,51,0,0,7,37,0,2,0,0,0,1,0,0,0,0,0,0,0,0,0,0,0,1,1,1
28,MUREŞ,"SCOALA GIMNAZIALA HODAC",415,HODAC,117426,1,PROV,PRCNCT,CD,CD_SV,"2021-01-21 12:30:02",1079,1058,21,0,306,285,21,0,1150,844,300,5,1,82,3,31,19,9,116,0,0,1,31,1,1,0,2,1,1,0,0,0,0,0,0,0,1,0,0,0,0,1,0
28,MUREŞ,"GRADINITA CU PROGRAM NORMAL TOACA",416,HODAC,117426,1,PROV,PRCNCT,CD,CD_SV,"2021-01-21 12:30:02",681,670,11,0,170,159,11,0,750,580,165,4,1,41,2,11,16,7,63,0,0,2,19,0,1,0,0,0,0,0,0,0,0,0,0,1,0,0,0,1,0,0,1
28,MUREŞ,"SCOALA GIMNAZIALA DUBISTEA DE PADURE",417,HODAC,117426,1,PROV,PRCNCT,CD,CD_SV,"2021-01-21 12:30:02",394,383,11,0,108,97,11,0,399,291,106,1,1,37,3,9,8,3,29,0,0,1,12,0,1,0,0,0,0,0,0,0,0,0,0,0,0,0,0,0,0,0,3
28,MUREŞ,"ȘCOALA GIMNAZIALĂ TOACA",418,HODAC,117426,1,PROV,PRCNCT,CD,CD_SV,"2021-01-21 12:30:02",886,865,21,0,252,231,21,0,950,698,238,4,3,65,4,38,19,14,70,0,0,0,20,4,1,0,0,0,1,0,0,0,0,0,0,0,0,0,0,0,1,1,0
28,MUREŞ,"ȘCOALA PRIMARĂ HODOȘA",419,HODOŞA,117505,1,PROV,PRCNCT,CD,CD_SV,"2021-01-21 12:30:02",203,179,19,5,114,90,19,5,198,84,104,1,9,8,81,1,1,2,4,0,1,1,0,0,2,0,0,0,0,0,0,0,0,0,0,0,0,0,3,0,0,0,0
28,MUREŞ,"ȘCOALA PRIMARĂ IHOD",420,HODOŞA,117505,1,PROV,PRCNCT,CD,CD_SV,"2021-01-21 12:30:02",113,98,15,0,62,47,15,0,99,37,59,0,3,1,48,3,1,1,2,0,0,1,0,0,0,0,0,0,0,0,0,0,0,1,0,0,0,0,1,0,0,0,0
28,MUREŞ,"CLĂDIREA BAZEI SPORTIVE ISLA",421,HODOŞA,117505,1,PROV,PRCNCT,CD,CD_SV,"2021-01-21 12:30:02",241,221,18,2,75,55,18,2,250,175,71,1,3,4,54,4,1,1,3,0,0,0,1,0,1,0,0,0,0,0,0,0,0,0,0,0,0,0,2,0,0,0,0
28,MUREŞ,"ȘCOALA GIMNAZIALĂ ”PETREȘ KÁLMÁN „ SÎMBRIAȘ",422,HODOŞA,117505,1,PROV,PRCNCT,CD,CD_SV,"2021-01-21 12:30:02",519,496,17,6,205,182,17,6,550,345,187,3,15,4,164,1,1,2,1,0,1,0,1,0,1,0,0,1,0,1,0,0,0,0,0,0,0,0,9,0,0,0,0
28,MUREŞ,"CENTRUL DE DOCUMENTARE ȘI INFORMARE",423,IBĂNEŞTI,117550,2,PART,PRCNCT,CD,CD_SV,"2021-01-21 12:30:02",1344,1313,31,0,447,416,31,0,1450,1003,437,7,3,181,3,37,43,15,112,1,1,2,20,2,9,0,0,0,1,0,0,0,0,0,0,0,2,0,0,3,0,0,5
28,MUREŞ,"SALĂ MANIFESTĂRI ISTICEU",424,IBĂNEŞTI,117550,1,PROV,PRCNCT,CD,CD_SV,"2021-01-21 12:30:02",499,484,15,0,162,147,15,0,550,388,161,0,1,68,2,15,17,2,36,0,0,2,15,1,1,0,0,0,1,0,0,0,0,0,0,0,0,0,0,0,0,0,1
28,MUREŞ,"GRĂDINIŢA CU PROGRAM PRELUNGIT IBĂNEŞTI-PĂDURE",425,IBĂNEŞTI,117550,1,PROV,PRCNCT,CD,CD_SV,"2021-01-21 12:30:02",789,765,24,0,231,207,24,0,850,619,223,6,2,88,2,23,14,7,55,2,0,4,19,0,1,1,0,0,0,1,0,0,0,1,0,0,2,0,0,0,2,0,1
28,MUREŞ,"CĂMIN CULTURAL DULCEA",426,IBĂNEŞTI,117550,1,PROV,PRCNCT,CD,CD_SV,"2021-01-21 12:30:02",913,886,27,0,325,298,27,0,1000,675,307,12,6,137,2,30,29,9,49,1,0,8,38,0,1,0,0,0,1,0,0,0,0,0,0,0,0,0,0,0,0,0,2
28,MUREŞ,"CAMINUL CULTURAL",427,ICLĂNZEL,117667,1,PROV,PRCNCT,CD,CD_SV,"2021-01-21 12:30:02",1050,1022,26,2,231,203,26,2,1150,919,229,0,2,157,2,8,3,7,37,2,1,0,8,0,1,0,0,0,0,0,0,0,0,1,0,0,1,0,1,0,0,0,0
28,MUREŞ,"CĂMIN CULTURAL CĂPUȘU DE CÎMPIE",428,ICLĂNZEL,117667,1,PROV,PRCNCT,CD,CD_SV,"2021-01-21 12:30:02",646,624,22,0,140,118,22,0,700,560,135,1,4,40,4,22,8,17,22,2,0,1,15,0,0,1,0,0,0,0,0,0,0,0,0,0,0,0,0,1,1,0,1
28,MUREŞ,"ȘCOALA GIMNAZIALĂ IDECIU DE JOS",429,"IDECIU DE JOS",117783,1,PROV,PRCNCT,CD,CD_SV,"2021-01-21 12:30:02",918,853,43,22,305,265,21,19,950,645,293,6,6,44,24,47,8,20,87,1,1,5,32,9,3,1,1,0,0,0,0,0,0,0,0,0,1,0,0,1,0,0,8
28,MUREŞ,"CĂMIN CULTURAL IDECIU DE SUS",430,"IDECIU DE JOS",117783,1,PROV,PRCNCT,CD,CD_SV,"2021-01-21 12:30:02",709,685,24,0,204,180,24,0,750,546,195,3,6,31,6,23,4,5,103,1,0,0,18,0,1,0,0,0,0,0,0,0,0,0,0,0,1,0,0,0,0,1,1
28,MUREŞ,"CĂMIN CULTURAL DELENI",431,"IDECIU DE JOS",117783,1,PROV,PRCNCT,CD,CD_SV,"2021-01-21 12:30:02",223,205,18,0,104,86,18,0,250,146,99,3,2,26,2,6,4,7,34,0,1,0,16,0,1,0,0,0,0,0,0,0,0,0,0,0,0,1,0,0,0,0,1
28,MUREŞ,"ȘCOALA PRIMARĂ IVĂNEȘTI",432,LIVEZENI,117925,1,PROV,PRCNCT,CD,CD_SV,"2021-01-21 12:30:02",397,372,25,0,108,83,25,0,397,289,101,6,1,15,22,22,10,2,16,2,2,0,7,1,1,0,0,0,0,0,0,0,0,0,1,0,0,0,0,0,0,0,0
28,MUREŞ,"ȘCOALA PRIMARĂ POIENIȚA",433,LIVEZENI,117925,1,PROV,PRCNCT,CD,CD_SV,"2021-01-21 12:30:02",258,245,13,0,49,36,13,0,249,200,47,2,0,10,8,5,1,3,8,0,1,4,2,2,0,0,0,0,0,0,0,1,0,0,0,0,0,0,0,1,0,0,1
28,MUREŞ,"CENTRUL COMUNITAR DE SERVICII INTEGRATE LIVEZENI",434,LIVEZENI,117925,1,PROV,PRCNCT,CD,CD_SV,"2021-01-21 12:30:02",968,942,25,1,400,374,25,1,1048,648,394,3,3,42,118,91,38,22,53,1,3,5,10,3,1,0,1,1,0,1,0,0,0,0,0,0,1,0,1,0,0,1,1
28,MUREŞ,"CENTRUL COMUNITAR DE SERVICII INTEGRATE LIVEZENI",435,LIVEZENI,117925,1,PROV,PRCNCT,CD,CD_SV,"2021-01-21 12:30:02",1125,1071,54,0,365,311,54,0,1197,832,351,3,11,20,226,53,9,9,18,1,0,0,6,3,2,0,0,0,0,0,0,0,0,0,0,0,2,0,0,0,2,0,0
28,MUREŞ,"ȘCOALA PRIMARĂ SÂNIȘOR",436,LIVEZENI,117925,1,PROV,PRCNCT,CD,CD_SV,"2021-01-21 12:30:02",231,205,26,0,77,51,26,0,249,172,75,0,2,2,29,15,5,2,12,0,1,0,7,0,1,0,0,0,0,0,0,0,0,0,0,0,1,0,0,0,0,0,0
28,MUREŞ,"SEDIUL ADMINISTRATIV AL PRIMĂRIEI",437,LUNCA,117998,1,PROV,PRCNCT,CD,CD_SV,"2021-01-21 12:30:02",420,397,23,0,150,127,23,0,450,300,144,2,4,45,5,15,11,5,46,0,2,2,5,1,1,1,0,0,0,0,0,1,0,0,0,0,0,0,1,0,0,0,3
28,MUREŞ,"ŞCOALA GIMNAZIALĂ BĂIŢA",438,LUNCA,117998,1,PROV,PRCNCT,CD,CD_SV,"2021-01-21 12:30:02",630,615,15,0,177,162,15,0,650,473,167,5,5,40,2,17,3,8,78,0,0,4,8,2,3,0,1,0,0,0,0,0,0,0,0,0,0,0,0,0,0,0,1
28,MUREŞ,"ŞCOALA PRIMARĂ FRUNZENI",439,LUNCA,117998,1,PROV,PRCNCT,CD,CD_SV,"2021-01-21 12:30:02",339,323,16,0,101,85,16,0,350,249,93,4,4,36,2,12,4,3,27,0,0,0,9,0,0,0,0,0,0,0,0,0,0,0,0,0,0,0,0,0,0,0,0
28,MUREŞ,"ŞCOALA PRIMARĂ LOGIG",440,LUNCA,117998,1,PROV,PRCNCT,CD,CD_SV,"2021-01-21 12:30:02",333,317,16,0,103,87,16,0,350,247,99,3,1,35,4,3,9,4,30,1,0,5,1,1,1,0,0,0,0,0,0,1,0,0,0,0,1,1,0,1,0,1,0
28,MUREŞ,"ŞCOALA PRIMARĂ SÎNTU",441,LUNCA,117998,1,PROV,PRCNCT,CD,CD_SV,"2021-01-21 12:30:02",291,267,24,0,106,82,24,0,300,194,103,1,2,21,2,16,3,4,45,0,0,0,9,0,1,0,0,0,0,0,0,0,0,0,0,0,0,2,0,0,0,0,0
28,MUREŞ,"CASA DE CULTURA LUNCA BRADULUI",442,"LUNCA BRADULUI",118058,1,PROV,PRCNCT,CD,CD_SV,"2021-01-21 12:30:02",1218,1191,27,0,281,254,27,0,1299,1018,268,9,4,128,10,18,25,7,42,0,0,4,28,0,4,0,0,0,0,0,0,0,0,0,0,0,1,0,0,1,0,0,0
28,MUREŞ,"SCOALA PRIMARA SAT NEAGRA",443,"LUNCA BRADULUI",118058,1,PROV,PRCNCT,CD,CD_SV,"2021-01-21 12:30:02",376,356,20,0,101,81,20,0,399,298,98,2,1,27,4,5,23,3,23,1,0,2,6,0,2,0,0,0,0,0,0,0,0,0,0,0,1,0,0,1,0,0,0
28,MUREŞ,"ȘCOALA GIMNAZIALĂ ” PATAKY AGOTHA” MĂDĂRAȘ",444,MĂDĂRAŞ,120502,1,PROV,PRCNCT,CD,CD_SV,"2021-01-21 12:30:02",1046,1036,10,0,337,327,10,0,1148,811,297,15,25,13,243,3,1,1,8,2,0,2,6,0,2,0,0,0,2,0,0,0,0,0,1,0,2,0,6,3,1,1,0
28,MUREŞ,"ȘCOALA PRIMARĂ CU CLASELE I-IV FÂNAȚTELE MĂDĂRAȘULUI",445,MĂDĂRAŞ,120502,1,PROV,PRCNCT,CD,CD_SV,"2021-01-21 12:30:02",251,230,21,0,133,112,21,0,250,117,125,0,8,6,101,2,1,1,8,0,0,0,0,0,2,0,0,0,0,0,0,0,0,1,0,0,0,0,3,0,0,0,0
28,MUREŞ,"ŞCOALA GIMNAZIALĂ MĂGHERANI",446,MĂGHERANI,118094,1,PROV,PRCNCT,CD,CD_SV,"2021-01-21 12:30:02",660,617,23,20,228,185,23,20,700,472,210,1,17,2,191,1,1,1,4,0,0,0,2,1,2,0,0,0,0,0,0,0,0,0,0,0,0,0,5,0,0,0,0
28,MUREŞ,"ŞCOALA PRIMARĂ ŞILEA NIRAJULUI",447,MĂGHERANI,118094,1,PROV,PRCNCT,CD,CD_SV,"2021-01-21 12:30:02",354,319,15,20,155,120,15,20,349,194,148,1,6,1,135,1,1,1,2,0,0,0,0,0,1,1,0,0,0,0,0,0,0,0,0,0,0,0,3,1,0,0,1
28,MUREŞ,"CĂMIN CULTURAL TORBA",448,MĂGHERANI,118094,1,PROV,PRCNCT,CD,CD_SV,"2021-01-21 12:30:02",150,126,22,2,81,57,22,2,148,67,77,0,4,2,63,1,1,1,3,0,0,0,0,0,1,0,2,0,0,0,0,0,0,0,0,0,1,0,0,0,0,0,2
28,MUREŞ,"ȘCOALA PRIMARĂ MICA",449,MICA,118209,1,PROV,PRCNCT,CD,CD_SV,"2021-01-21 12:30:02",581,565,16,0,104,88,16,0,600,496,101,1,2,15,69,3,3,2,5,0,0,0,2,0,1,0,0,0,0,0,0,0,0,0,0,0,1,0,0,0,0,0,0
28,MUREŞ,"ȘCOALA GIMNAZIALĂ ”BELLE JOZSEF”",450,MICA,118209,1,PROV,PRCNCT,CD,CD_SV,"2021-01-21 12:30:02",731,718,12,1,234,221,12,1,795,561,205,17,12,16,154,1,1,7,9,0,1,3,1,0,1,1,0,0,0,0,0,1,0,2,1,0,2,0,3,0,1,0,0
28,MUREŞ,"ȘCOALA GIMNAZIALĂ DEAJ",451,MICA,118209,2,PART,PRCNCT,CD,CD_SV,"2021-01-21 12:30:02",1212,1203,9,0,320,311,9,0,1300,980,277,18,25,32,139,2,4,4,13,1,1,7,19,0,1,1,2,1,2,0,0,2,0,0,2,0,23,1,14,4,2,0,0
28,MUREŞ,"ȘCOALA GIMNAZIALĂ HĂRĂNGLAB",452,MICA,118209,1,PROV,PRCNCT,CD,CD_SV,"2021-01-21 12:30:02",638,627,11,0,165,154,11,0,694,529,138,23,4,6,80,4,6,2,21,0,1,0,1,0,1,1,3,0,0,0,0,0,0,0,0,0,1,1,4,5,1,0,0
28,MUREŞ,"ȘCOALA PRIMARĂ ȘOMOȘTELNIC",453,MICA,118209,1,PROV,PRCNCT,CD,CD_SV,"2021-01-21 12:30:02",204,192,12,0,33,21,12,0,197,164,33,0,0,3,4,2,2,9,3,2,0,0,6,0,0,0,0,0,0,0,0,0,0,0,0,0,0,0,0,1,0,0,1
28,MUREŞ,"ȘCOALA PRIMARĂ",454,MICA,118209,1,PROV,PRCNCT,CD,CD_SV,"2021-01-21 12:30:02",245,236,9,0,60,51,9,0,250,190,56,2,2,10,23,1,7,2,8,0,0,0,1,0,0,0,0,0,0,1,0,0,0,0,0,1,0,0,2,0,0,0,0
28,MUREŞ,"CĂMINUL CULTURAL MIHEȘU DE CÎMPIE",455,"MIHEŞU DE CÂMPIE",118370,1,PROV,PRCNCT,CD,CD_SV,"2021-01-21 12:30:02",1245,1224,21,0,214,193,21,0,1350,1136,206,4,4,57,12,10,2,7,75,0,0,5,31,0,3,0,1,0,1,0,0,0,0,1,0,0,1,0,0,0,0,0,0
28,MUREŞ,"CĂMINUL CULTURAL RĂZOARE",456,"MIHEŞU DE CÂMPIE",118370,1,PROV,PRCNCT,CD,CD_SV,"2021-01-21 12:30:02",679,662,17,0,122,105,17,0,747,625,114,7,1,40,2,1,8,2,31,0,0,6,18,0,2,0,1,0,0,0,0,0,0,0,0,0,2,0,0,0,0,1,0
28,MUREŞ,"ŞCOALA GIMNAZIALĂ CORPUL A NADEŞ",457,NADEŞ,118469,1,PROV,PRCNCT,CD,CD_SV,"2021-01-21 12:30:02",1195,1182,13,0,168,155,13,0,1300,1132,159,3,6,20,21,9,5,5,59,1,2,2,22,0,1,0,0,0,0,0,0,0,0,0,0,0,5,0,2,4,0,0,1
28,MUREŞ,"ŞCOALA PRIMARĂ MĂGHERUŞ",458,NADEŞ,118469,1,PROV,PRCNCT,CD,CD_SV,"2021-01-21 12:30:02",108,98,10,0,36,26,10,0,100,64,33,2,1,5,3,3,0,1,16,0,0,1,3,0,1,0,0,0,0,0,0,0,0,0,0,0,0,0,0,0,0,0,0
28,MUREŞ,"CĂMINUL CULTURAL PIPEA",459,NADEŞ,118469,1,PROV,PRCNCT,CD,CD_SV,"2021-01-21 12:30:02",55,43,12,0,22,10,12,0,50,28,20,1,1,3,9,2,0,1,2,0,0,0,2,0,1,0,0,0,0,0,0,0,0,0,0,0,0,0,0,0,0,0,0
28,MUREŞ,"ŞCOALA GIMNAZIALĂ ŢIGMANDRU",460,NADEŞ,118469,1,PROV,PRCNCT,CD,CD_SV,"2021-01-21 12:30:02",896,888,8,0,174,166,8,0,1000,826,162,6,6,17,7,43,5,5,53,1,0,4,18,0,0,0,1,0,0,1,0,0,0,0,1,0,2,0,1,1,0,0,2
28,MUREŞ,"ŞCOALA GIMNAZIALĂ NEAUA",461,NEAUA,118511,1,PROV,PRCNCT,CD,CD_SV,"2021-01-21 12:30:02",318,298,19,1,103,83,19,1,350,247,99,3,1,3,81,2,2,2,3,1,1,0,0,0,0,0,0,0,0,0,0,1,0,0,0,0,0,0,3,0,0,0,0
28,MUREŞ,"CĂMINUL CULTURAL VĂDAȘ",462,NEAUA,118511,1,PROV,PRCNCT,CD,CD_SV,"2021-01-21 12:30:02",315,296,11,8,128,109,11,8,345,217,118,3,7,5,99,2,1,1,1,2,0,0,1,0,1,1,0,0,0,0,0,0,0,0,1,0,0,0,2,0,0,1,0
28,MUREŞ,"ŞCOALA PRIMARĂ GHINEȘTI",463,NEAUA,118511,1,PROV,PRCNCT,CD,CD_SV,"2021-01-21 12:30:02",235,211,21,3,103,79,21,3,251,148,99,0,4,2,87,0,2,1,2,0,0,0,0,0,1,0,0,0,0,0,0,0,0,1,0,0,0,0,3,0,0,0,0
28,MUREŞ,"CĂMINUL CULTURAL SÎNSIMION",464,NEAUA,118511,1,PROV,PRCNCT,CD,CD_SV,"2021-01-21 12:30:02",71,55,16,0,42,26,16,0,49,7,41,1,0,2,33,1,1,1,1,0,0,0,0,0,1,0,0,0,0,0,0,0,0,0,0,0,0,0,1,0,0,0,0
28,MUREŞ,"ŞCOALA PRIMARĂ RIGMANI",465,NEAUA,118511,1,PROV,PRCNCT,CD,CD_SV,"2021-01-21 12:30:02",208,192,11,5,117,101,11,5,197,80,116,1,0,1,106,1,1,1,3,0,0,0,0,0,1,0,2,0,0,0,0,0,0,0,0,0,0,0,0,0,0,0,0
28,MUREŞ,"CLUB CĂMIN CULTURAL OGRA",466,OGRA,118575,1,PROV,PRCNCT,CD,CD_SV,"2021-01-21 12:30:02",1347,1323,24,0,344,320,24,0,1450,1106,326,12,6,131,78,9,8,17,30,0,0,10,22,1,1,1,1,0,1,0,0,0,0,1,0,0,3,7,1,2,1,0,1
28,MUREŞ,"CĂMIN CULTURAL DILEU VECHI",467,OGRA,118575,1,PROV,PRCNCT,CD,CD_SV,"2021-01-21 12:30:02",135,119,16,0,40,24,16,0,150,110,39,0,1,11,11,1,2,2,4,0,0,0,5,0,1,0,0,0,1,0,0,0,0,0,0,0,0,1,0,0,0,0,0
28,MUREŞ,"FOSTA ŞCOALĂ GENERALĂ GIULUŞ",468,OGRA,118575,2,PART,PRCNCT,CD,CD_SV,"2021-01-21 12:30:02",118,99,19,0,42,23,19,0,100,58,40,2,0,15,1,2,5,5,7,0,0,0,4,0,0,0,0,0,0,0,0,0,0,0,0,0,1,0,0,0,0,0,0
28,MUREŞ,"ŞCOALA PRIMARĂ LĂSCUD",469,OGRA,118575,1,PROV,PRCNCT,CD,CD_SV,"2021-01-21 12:30:02",217,202,15,0,65,50,15,0,200,135,63,1,1,28,3,2,1,6,13,0,0,2,5,0,1,0,0,0,0,0,0,0,0,0,0,0,1,1,0,0,0,0,0
28,MUREŞ,"CAMIN CULTURAL VAIDEIU",470,OGRA,118575,2,PART,PRCNCT,CD,CD_SV,"2021-01-21 12:30:02",123,97,26,0,52,26,26,0,100,48,49,1,2,21,1,3,2,3,7,0,0,2,6,0,2,0,0,0,0,0,0,0,0,0,0,0,2,0,0,0,0,0,0
28,MUREŞ,"CAMIN CULTURAL",471,"PAPIU ILARIAN",118637,1,PROV,PRCNCT,CD,CD_SV,"2021-01-21 12:30:02",695,686,8,1,189,180,8,1,750,561,179,1,9,17,103,4,6,10,14,1,0,2,17,0,1,0,0,0,0,0,0,0,0,0,0,0,1,0,3,0,0,0,0
28,MUREŞ,"GRĂDINIŢA CU PROGRAM NORMAL PĂNET",472,PĂNET,118691,1,PROV,PRCNCT,CD,CD_SV,"2021-01-21 12:30:02",1062,1048,14,0,430,416,14,0,1150,720,421,3,6,3,396,4,3,2,3,0,1,0,0,0,1,0,0,0,0,0,0,0,0,0,0,0,1,0,4,1,0,1,1
28,MUREŞ,"SEDIUL PRIMĂRIEI COMUNEI PĂNET",473,PĂNET,118691,1,PROV,PRCNCT,CD,CD_SV,"2021-01-21 12:30:02",868,853,15,0,409,394,15,0,950,541,398,6,5,4,380,1,1,1,1,0,0,0,0,0,1,0,1,0,0,0,0,3,0,0,0,0,0,0,5,0,0,0,0
28,MUREŞ,"GRĂDINIȚA BERGHIA",474,PĂNET,118691,1,PROV,PRCNCT,CD,CD_SV,"2021-01-21 12:30:02",998,982,16,0,250,234,16,0,1100,850,244,4,2,3,175,12,4,4,23,0,0,1,14,2,1,0,0,0,1,0,0,0,0,0,0,1,0,0,3,0,0,0,0
28,MUREŞ,"ŞCOALA PRIMARĂ CUIEŞD",475,PĂNET,118691,1,PROV,PRCNCT,CD,CD_SV,"2021-01-21 12:30:02",672,654,18,0,174,156,18,0,700,526,152,10,12,14,92,3,1,7,5,3,1,0,13,0,1,1,0,0,1,0,0,0,0,1,3,0,2,1,0,2,1,0,0
28,MUREŞ,"GRĂDINIȚA HĂRŢĂU",476,PĂNET,118691,1,PROV,PRCNCT,CD,CD_SV,"2021-01-21 12:30:02",293,280,13,0,90,77,13,0,300,210,87,3,0,19,38,1,3,5,7,1,0,1,5,0,1,0,2,0,0,0,0,0,0,0,0,0,1,0,1,0,0,0,2
28,MUREŞ,"GRĂDINIȚA SÎNTIOANA DE MUREŞ",477,PĂNET,118691,1,PROV,PRCNCT,CD,CD_SV,"2021-01-21 12:30:02",1173,1154,19,0,380,361,19,0,1304,924,369,3,8,19,309,8,2,0,16,1,0,0,5,1,1,0,0,0,0,1,0,0,0,1,0,0,1,0,3,0,0,0,1
28,MUREŞ,"ŞCOALA GIMNANZIALĂ ”KISS GERGELY” PĂSĂRENI",478,PĂSĂRENI,118753,1,PROV,PRCNCT,CD,CD_SV,"2021-01-21 12:30:02",735,689,29,17,308,262,29,17,750,442,302,3,3,3,279,4,3,0,3,0,1,0,0,1,2,0,1,0,0,0,0,0,0,0,0,2,0,2,1,0,0,0,0
28,MUREŞ,"ŞCOALA PRIMARĂ GĂLĂŢENI, SAT GĂLĂȚENI",479,PĂSĂRENI,118753,1,PROV,PRCNCT,CD,CD_SV,"2021-01-21 12:30:02",580,551,15,14,197,168,15,14,595,398,194,1,2,2,175,3,1,1,1,0,0,0,1,0,1,0,0,0,0,0,0,0,0,0,0,0,1,0,8,0,0,0,0
28,MUREŞ,"CĂMIN CULTURAL BOLINTINENI, SAT BOLINTINENI",480,PĂSĂRENI,118753,1,PROV,PRCNCT,CD,CD_SV,"2021-01-21 12:30:02",192,179,13,0,43,30,13,0,200,157,42,0,1,8,10,2,12,2,3,1,1,0,2,0,1,0,0,0,0,0,0,0,0,0,0,0,0,0,0,0,0,0,0
28,MUREŞ,"FOSTUL SEDIU AL POSTEI ROMANE",481,PETELEA,118799,1,PROV,PRCNCT,CD,CD_SV,"2021-01-21 12:30:02",1120,1106,14,0,233,219,14,0,1200,967,216,15,2,31,4,11,9,3,124,0,0,2,16,2,2,0,1,0,0,1,0,0,0,0,1,0,6,0,0,1,0,0,2
28,MUREŞ,"SEDIUL PRIMARIEI",482,PETELEA,118799,1,PROV,PRCNCT,CD,CD_SV,"2021-01-21 12:30:02",977,927,50,0,295,245,50,0,1000,705,285,5,5,46,4,45,9,10,125,0,0,5,28,0,2,0,0,1,0,0,0,3,0,0,0,0,2,0,1,0,1,0,3
28,MUREŞ,"SCOALA PRIMARA HABIC",483,PETELEA,118799,1,PROV,PRCNCT,CD,CD_SV,"2021-01-21 12:30:02",221,193,28,0,71,43,28,0,195,124,68,1,2,10,3,2,11,14,18,0,0,3,5,0,2,0,0,0,0,0,0,0,0,0,0,0,0,0,0,0,0,0,0
28,MUREŞ,"CĂMINUL CULTURAL POGĂCEAUA",484,POGĂCEAUA,118824,1,PROV,PRCNCT,CD,CD_SV,"2021-01-21 12:30:02",1092,1072,20,0,241,221,20,0,1200,959,233,2,6,82,1,8,17,2,45,0,2,1,68,1,1,0,0,0,1,0,0,1,0,0,0,0,0,1,0,0,0,0,2
28,MUREŞ,"ȘCOALA PRIMARĂ ”VASILE FLOREA” VĂLENI",485,POGĂCEAUA,118824,1,PROV,PRCNCT,CD,CD_SV,"2021-01-21 12:30:02",430,411,19,0,103,84,19,0,450,347,96,3,4,38,2,1,9,4,17,1,2,2,18,0,1,0,1,0,0,0,0,0,0,0,0,0,0,0,0,0,0,0,0
28,MUREŞ,"ȘCOALA GIMNAZIALĂ RĂSTOLIȚA",486,RĂSTOLIŢA,118931,1,PROV,PRCNCT,CD,CD_SV,"2021-01-21 12:30:02",1516,1473,40,3,451,408,40,3,1600,1149,436,10,5,84,31,29,98,30,92,1,4,4,45,2,3,0,0,0,2,1,0,0,0,0,0,0,0,0,0,0,1,1,8
28,MUREŞ,"CĂMINUL CULTURAL SÎNMARTINU DE CÎMPIE",487,RÂCIU,118995,1,PROV,PRCNCT,CD,CD_SV,"2021-01-21 12:30:02",788,732,37,19,261,205,37,19,800,539,250,7,4,51,3,6,7,3,135,0,0,3,34,0,1,1,0,1,0,0,0,1,0,1,0,0,0,0,0,1,0,0,2
28,MUREŞ,"CĂMINUL CULTURAL NIMA RÎCIULUI",488,RÂCIU,118995,1,PROV,PRCNCT,CD,CD_SV,"2021-01-21 12:30:02",149,130,19,0,52,33,19,0,150,98,51,0,1,16,2,2,2,11,12,0,0,1,1,0,1,0,0,0,1,0,0,0,0,0,0,0,0,0,0,0,0,0,2
28,MUREŞ,"ŞCOALA GIMNAZIALĂ ULIEŞ",489,RÂCIU,118995,1,PROV,PRCNCT,CD,CD_SV,"2021-01-21 12:30:02",497,482,15,0,93,78,15,0,540,447,85,2,6,16,2,3,3,5,32,0,0,0,17,1,1,0,1,0,1,1,0,0,0,0,0,0,1,0,0,0,0,0,1
28,MUREŞ,"CASA DE CULTURĂ ”VASILE CONȚIU” RÂCIU",490,RÂCIU,118995,1,PROV,PRCNCT,CD,CD_SV,"2021-01-21 12:30:02",1245,1206,36,3,408,369,36,3,1350,942,391,9,8,76,2,23,15,15,126,2,2,8,107,1,0,1,1,0,0,0,0,0,0,0,2,0,3,0,2,3,0,2,0
28,MUREŞ,"SCOALA PRIMARA COASTA MARE",491,RÂCIU,118995,1,PROV,PRCNCT,CD,CD_SV,"2021-01-21 12:30:02",261,247,13,1,78,64,13,1,250,172,73,1,4,13,4,3,2,3,31,0,0,0,12,0,1,0,0,0,0,0,0,0,0,0,0,0,0,0,0,2,0,0,2
28,MUREŞ,"CĂMINUL CULTURAL",492,RUŞII-MUNŢI,119153,1,PROV,PRCNCT,CD,CD_SV,"2021-01-21 12:30:02",1292,1260,29,3,450,418,29,3,1393,943,441,5,4,178,2,28,38,16,73,0,0,5,83,1,2,0,0,0,1,0,0,0,0,0,0,0,3,0,1,3,0,1,6
28,MUREŞ,"CĂMINUL CULTURAL",493,RUŞII-MUNŢI,119153,1,PROV,PRCNCT,CD,CD_SV,"2021-01-21 12:30:02",211,188,23,0,109,86,23,0,200,91,108,0,1,36,2,8,7,5,44,0,0,2,3,0,0,0,0,0,0,1,0,0,0,0,0,0,0,0,0,0,0,0,0
28,MUREŞ,"FOSTA SCOALA PRIMARA",494,RUŞII-MUNŢI,119153,1,PROV,PRCNCT,CD,CD_SV,"2021-01-21 12:30:02",334,316,18,0,140,122,18,0,350,210,134,3,3,69,2,7,6,6,24,0,0,3,11,0,1,0,0,0,0,0,0,0,0,0,0,0,1,0,0,0,0,0,4
28,MUREŞ,"ȘCOALA GIMNAZIALĂ ”ION DACIAN”",495,SASCHIZ,119206,1,PROV,PRCNCT,CD,CD_SV,"2021-01-21 12:30:02",1416,1383,33,0,279,246,33,0,1550,1271,260,12,7,23,5,34,19,34,85,3,0,0,41,0,0,1,0,0,3,0,0,7,0,0,1,0,1,0,1,2,0,0,0
28,MUREŞ,"CĂMIN CULTURAL MIHAI VITEAZU",496,SASCHIZ,119206,1,PROV,PRCNCT,CD,CD_SV,"2021-01-21 12:30:02",273,254,19,0,67,48,19,0,298,231,62,4,1,7,2,12,4,3,24,0,0,2,4,0,1,1,0,0,0,0,0,0,0,0,0,0,0,0,1,1,0,0,0
28,MUREŞ,"CĂMIN CULTURAL CLOAȘTERF",497,SASCHIZ,119206,1,PROV,PRCNCT,CD,CD_SV,"2021-01-21 12:30:02",162,149,13,0,53,40,13,0,147,94,50,2,1,7,1,3,6,2,20,0,1,0,8,1,0,0,0,0,1,0,0,0,0,0,0,0,0,0,0,0,0,0,0
28,MUREŞ,"PRIMĂRIA COMUNEI SĂRĂȚENI",498,SĂRĂŢENI,120496,1,PROV,PRCNCT,CD,CD_SV,"2021-01-21 12:30:02",1272,1242,29,1,510,480,29,1,1350,840,461,21,28,19,386,5,0,2,9,1,1,2,9,2,2,1,0,0,0,0,0,1,0,0,0,0,10,0,11,0,0,0,0
28,MUREŞ,"CĂMINUL CULTURAL SÎNCRAIU DE MUREŞ",499,"SÂNCRAIU DE MUREŞ",114382,1,PROV,PRCNCT,CD,CD_SV,"2021-01-21 12:30:02",1923,1875,46,2,722,674,46,2,2000,1278,708,6,8,112,226,124,52,24,102,1,12,4,38,6,1,0,1,0,0,0,0,1,0,0,0,0,0,0,1,0,1,0,2
28,MUREŞ,"PRIMĂRIA SÎNCRAIU DE MUREŞ",500,"SÂNCRAIU DE MUREŞ",114382,1,PROV,PRCNCT,CD,CD_SV,"2021-01-21 12:30:02",1773,1727,45,1,616,570,45,1,1900,1284,606,7,3,84,145,141,50,16,103,3,3,4,33,4,5,0,2,0,2,0,0,1,0,0,2,0,0,0,2,0,0,0,6
28,MUREŞ,"FOSTUL CĂMIN CULTURAL SÎNCRAIU DE MUREŞ",501,"SÂNCRAIU DE MUREŞ",114382,1,PROV,PRCNCT,CD,CD_SV,"2021-01-21 12:30:02",1875,1847,28,0,508,480,28,0,2000,1492,493,7,8,101,168,60,27,13,65,4,7,3,31,2,1,0,2,0,0,0,0,0,0,0,0,0,2,0,3,0,0,1,3
28,MUREŞ,"CĂMINUL CULTURAL NAZNA",502,"SÂNCRAIU DE MUREŞ",114382,1,PROV,PRCNCT,CD,CD_SV,"2021-01-21 12:30:02",1202,1177,25,0,444,419,25,0,1300,856,432,7,5,85,37,82,30,22,118,3,2,1,33,3,4,0,1,0,0,0,0,0,1,0,0,0,0,1,0,1,0,0,8
28,MUREŞ,"ŞCOALA GIMNAZIALĂ NAZNA",503,"SÂNCRAIU DE MUREŞ",114382,1,PROV,PRCNCT,CD,CD_SV,"2021-01-21 12:30:02",1063,1024,39,0,404,365,39,0,1150,746,397,4,3,84,17,56,51,27,90,6,1,2,44,3,5,0,0,0,0,0,1,0,0,1,0,0,0,0,1,1,1,0,6
28,MUREŞ,"ȘCOALA GIMNAZIALĂ ”SFÂNTU GHEORGHE” SÂNGEORGIU DE MUREȘ",504,"SÂNGEORGIU DE MUREŞ",114417,1,PROV,PRCNCT,CD,CD_SV,"2021-01-21 12:30:02",1219,1197,18,4,416,394,18,4,1340,924,406,5,5,57,155,67,24,9,52,3,0,3,22,1,4,0,2,1,0,0,0,3,0,0,0,0,1,1,0,0,0,0,1
28,MUREŞ,"ȘCOALA GIMNAZIALĂ ”SFÂNTU GHEORGHE” SÂNGEORGIU DE MUREȘ",505,"SÂNGEORGIU DE MUREŞ",114417,1,PROV,PRCNCT,CD,CD_SV,"2021-01-21 12:30:02",1728,1692,36,0,619,583,36,0,1800,1181,606,8,5,75,223,130,43,11,79,1,6,1,24,3,2,2,0,0,1,0,0,0,0,0,0,0,0,0,2,0,0,0,3
28,MUREŞ,"ȘCOALA GIMNAZIALĂ ”SFÂNTUL GHEORGHE” - ȘCOALA PRIMARĂ COTUȘ",506,"SÂNGEORGIU DE MUREŞ",114417,1,PROV,PRCNCT,CD,CD_SV,"2021-01-21 12:30:02",434,420,14,0,128,114,14,0,448,320,112,11,5,15,67,2,2,12,3,1,1,1,2,0,1,1,1,0,0,0,0,0,0,0,0,0,1,0,2,0,0,0,0
28,MUREŞ,"GRĂDINIȚA CU PROGRAM PRELUNGIT ”BAMBI” SÎNGEORGIU DE MUREȘ",507,"SÂNGEORGIU DE MUREŞ",114417,1,PROV,PRCNCT,CD,CD_SV,"2021-01-21 12:30:02",1529,1505,21,3,556,532,21,3,1700,1144,549,5,2,42,299,84,22,9,39,1,0,5,27,5,2,0,1,0,0,1,0,0,0,0,1,0,2,1,4,1,1,0,2
28,MUREŞ,"ȘCOALA GIMNAZIALĂ ”SFÂNTUL GHEORGHE” SÎNGEORGIU DE MUREȘ",508,"SÂNGEORGIU DE MUREŞ",114417,1,PROV,PRCNCT,CD,CD_SV,"2021-01-21 12:30:02",1257,1222,35,0,377,342,35,0,1346,969,361,10,6,40,201,23,15,9,24,2,1,1,32,1,2,0,1,0,0,0,0,0,0,0,0,0,4,0,1,3,0,0,1
28,MUREŞ,"ȘCOALA GIMNAZIALĂ ”SFÂNTUL GHEORGHE” SÎNGEORGIU DE MUREȘ",509,"SÂNGEORGIU DE MUREŞ",114417,1,PROV,PRCNCT,CD,CD_SV,"2021-01-21 12:30:02",1271,1253,16,2,370,352,16,2,1400,1030,360,6,4,54,152,59,18,4,38,0,0,4,20,5,2,0,0,1,0,0,0,0,0,0,1,0,0,1,0,0,0,0,1
28,MUREŞ,"ȘCOALA GIMNAZIALĂ ”SFÂNTUL GHEORGHE” SÎNGEORGIU DE MUREȘ",510,"SÂNGEORGIU DE MUREŞ",114417,1,PROV,PRCNCT,CD,CD_SV,"2021-01-21 12:30:02",1177,1158,19,0,398,379,19,0,1300,902,390,6,2,40,214,46,16,9,32,0,0,2,22,1,5,1,0,0,0,0,0,0,0,0,0,0,0,0,0,0,0,1,1
28,MUREŞ,"GRADINITA CU PROGRAM NORMAL SANGER",511,SÂNGER,119386,1,PROV,PRCNCT,CD,CD_SV,"2021-01-21 12:30:02",1270,1255,15,0,241,226,15,0,1400,1159,226,8,7,55,4,16,14,5,70,1,0,0,20,31,2,0,2,0,0,0,0,0,0,0,0,0,1,0,1,2,0,0,2
28,MUREŞ,"CAMINUL CULTURAL CIPAIENI",512,SÂNGER,119386,1,PROV,PRCNCT,CD,CD_SV,"2021-01-21 12:30:02",579,572,7,0,104,97,7,0,650,546,102,0,2,22,1,9,1,20,22,0,0,2,7,8,2,0,0,0,2,0,0,0,0,0,1,0,2,0,0,1,1,0,1
28,MUREŞ,"CĂMINUL CULTURAL",513,SÂNPAUL,119466,1,PROV,PRCNCT,CD,CD_SV,"2021-01-21 12:30:02",1486,1420,42,24,474,408,42,24,1550,1076,455,13,6,87,250,12,19,8,25,0,1,3,40,0,0,0,0,0,2,0,0,0,0,0,1,0,2,0,1,1,1,1,1
28,MUREŞ,"CĂMIN CULTURAL CHIRILEU",514,SÂNPAUL,119466,1,PROV,PRCNCT,CD,CD_SV,"2021-01-21 12:30:02",708,685,23,0,259,236,23,0,750,491,236,9,14,43,78,5,31,16,38,0,0,4,14,0,1,0,1,0,0,1,0,0,0,0,1,0,2,0,0,0,1,0,0
28,MUREŞ,"CĂMINUL CULTURAL",515,SÂNPAUL,119466,1,PROV,PRCNCT,CD,CD_SV,"2021-01-21 12:30:02",166,136,25,5,79,49,25,5,147,68,78,0,1,7,57,1,3,1,5,0,0,0,1,0,2,0,0,0,0,0,0,0,0,0,0,0,1,0,0,0,0,0,0
28,MUREŞ,"CĂMINUL CULTURAL",516,SÂNPAUL,119466,1,PROV,PRCNCT,CD,CD_SV,"2021-01-21 12:30:02",217,200,17,0,73,56,17,0,200,127,72,0,1,15,5,2,21,6,10,0,1,0,9,0,1,0,0,0,0,0,0,0,0,0,0,0,1,1,0,0,0,0,0
28,MUREŞ,"CĂMINUL CULTURAL",517,SÂNPAUL,119466,1,PROV,PRCNCT,CD,CD_SV,"2021-01-21 12:30:02",1043,976,23,44,503,436,23,44,1050,547,492,3,8,25,394,9,13,5,13,0,0,1,21,1,1,0,0,0,0,0,0,1,0,0,0,0,1,0,4,2,0,0,1
28,MUREŞ,"CĂMINUL CULTURAL SÎNPETRU DE CÎMPIE",518,"SÂNPETRU DE CÂMPIE",119527,1,PROV,PRCNCT,CD,CD_SV,"2021-01-21 12:30:02",856,831,25,0,197,172,25,0,900,703,186,6,5,34,6,6,59,16,23,0,0,1,14,1,1,0,0,0,0,1,0,0,0,0,0,0,11,1,1,1,0,0,10
28,MUREŞ,"CĂMINUL CULTURAL BÎRLIBAȘ",519,"SÂNPETRU DE CÂMPIE",119527,1,PROV,PRCNCT,CD,CD_SV,"2021-01-21 12:30:02",124,111,13,0,34,21,13,0,86,52,34,0,0,7,2,0,11,1,4,0,0,0,8,0,0,0,0,0,0,0,0,0,0,1,0,0,0,0,0,0,0,0,0
28,MUREŞ,"ȘCOALA GENERALĂ DÎMBU",520,"SÂNPETRU DE CÂMPIE",119527,1,PROV,PRCNCT,CD,CD_SV,"2021-01-21 12:30:02",481,468,13,0,181,168,13,0,500,319,168,8,5,21,1,2,51,45,21,0,0,2,13,5,1,1,0,0,0,0,1,1,0,0,0,0,0,1,0,1,0,0,1
28,MUREŞ,"FOSTA ȘCOALA PRIMARA SATU -NOU",521,"SÂNPETRU DE CÂMPIE",119527,1,PROV,PRCNCT,CD,CD_SV,"2021-01-21 12:30:02",164,156,8,0,56,48,8,0,150,94,56,0,0,5,3,3,22,9,8,0,1,1,3,0,0,0,0,0,0,0,0,0,0,0,0,0,0,1,0,0,0,0,0
28,MUREŞ,"CĂMINUL CULTURAL SÎNGEORGIU DE CÎMPIE",522,"SÂNPETRU DE CÂMPIE",119527,1,PROV,PRCNCT,CD,CD_SV,"2021-01-21 12:30:02",288,267,21,0,105,84,21,0,298,193,94,7,4,15,1,1,21,5,11,1,0,1,32,1,1,0,0,0,0,0,0,0,0,0,0,0,0,2,0,0,0,1,1
28,MUREŞ,"ȘCOALA GENERALĂ TUȘINU",523,"SÂNPETRU DE CÂMPIE",119527,1,PROV,PRCNCT,CD,CD_SV,"2021-01-21 12:30:02",401,387,14,0,100,86,14,0,450,350,90,2,8,22,3,4,26,14,10,0,0,1,7,0,1,0,0,0,0,1,0,0,0,0,0,0,0,1,0,0,0,0,0
28,MUREŞ,"CĂMIN CULTURAL SÂNTANA DE MUREȘ",524,"SÂNTANA DE MUREŞ",114453,1,PROV,PRCNCT,CD,CD_SV,"2021-01-21 12:30:02",1568,1517,45,6,565,514,45,6,1650,1085,550,8,7,90,148,96,45,14,91,1,4,6,35,4,3,0,0,1,0,2,0,0,0,1,0,0,0,1,1,1,0,0,6
28,MUREŞ,"CĂMIN CULTURAL SÂNTANA DE MUREȘ",525,"SÂNTANA DE MUREŞ",114453,1,PROV,PRCNCT,CD,CD_SV,"2021-01-21 12:30:02",1601,1549,46,6,578,526,46,6,1700,1122,566,10,2,110,115,102,80,20,88,1,2,4,23,8,2,2,0,1,0,0,2,0,0,0,0,0,1,0,1,1,0,0,3
28,MUREŞ,"CĂMIN CULTURAL CURTENI",526,"SÂNTANA DE MUREŞ",114453,1,PROV,PRCNCT,CD,CD_SV,"2021-01-21 12:30:02",886,816,40,30,400,330,40,30,952,552,388,6,6,10,338,13,4,1,13,0,1,0,3,0,0,0,0,0,1,0,0,2,0,0,0,0,0,0,2,0,0,0,0
28,MUREŞ,"CÂMIN CULTURAL CHINARI",527,"SÂNTANA DE MUREŞ",114453,1,PROV,PRCNCT,CD,CD_SV,"2021-01-21 12:30:02",626,604,22,0,173,151,22,0,639,466,167,4,2,20,74,12,10,2,24,0,0,4,15,1,2,0,1,0,0,0,0,1,0,0,0,0,0,0,0,0,0,0,1
28,MUREŞ,"CĂMINUL CULTURAL BĂRDEŞTI",528,"SÂNTANA DE MUREŞ",114453,1,PROV,PRCNCT,CD,CD_SV,"2021-01-21 12:30:02",463,412,45,6,198,147,45,6,447,249,192,6,0,48,9,30,28,8,36,0,4,5,21,1,0,0,0,0,1,0,0,0,0,0,0,0,0,0,0,1,0,0,0
28,MUREŞ,"ŞCOALA GIMNAZIALĂ SOLOVĂSTRU",529,SOLOVĂSTRU,119590,1,PROV,PRCNCT,CD,CD_SV,"2021-01-21 12:30:02",1449,1422,27,0,380,353,27,0,1550,1170,367,9,4,109,2,64,9,20,91,1,0,2,49,1,4,0,0,0,0,0,0,0,0,0,0,0,0,2,1,1,1,0,10
28,MUREŞ,"ŞCOALA GIMNAZIALĂ JABENIŢA",530,SOLOVĂSTRU,119590,1,PROV,PRCNCT,CD,CD_SV,"2021-01-21 12:30:02",976,954,20,2,291,269,20,2,1044,753,276,9,6,60,2,62,20,7,89,0,0,1,24,1,2,0,2,0,1,0,0,0,0,0,0,0,1,1,0,1,0,0,2
28,MUREŞ,"CĂMIN CULTURAL STÎNCENI",531,STÂNCENI,119625,2,PART,PRCNCT,CD,CD_SV,"2021-01-21 12:30:02",1242,1195,44,3,415,368,44,3,1289,874,403,6,6,86,51,20,41,4,110,0,0,4,64,2,8,0,2,0,1,2,0,1,0,0,0,1,0,0,1,1,0,0,4
28,MUREŞ,"ȘCOALA PRIMARĂ SUPLAC",532,SUPLAC,119661,1,PROV,PRCNCT,CD,CD_SV,"2021-01-21 12:30:02",647,615,16,16,179,147,16,16,700,521,172,4,3,15,111,5,7,2,15,0,0,1,7,0,2,0,0,0,1,1,0,0,0,0,0,0,1,0,3,0,0,0,1
28,MUREŞ,"ȘCOALA GIMNAZIALĂ ” BORDI ANDRÁS ”IDRIFAIA",533,SUPLAC,119661,1,PROV,PRCNCT,CD,CD_SV,"2021-01-21 12:30:02",569,520,21,28,256,207,21,28,550,294,241,6,9,14,198,3,2,1,9,0,0,0,6,0,2,0,1,1,0,0,0,0,0,0,0,0,1,0,2,0,0,0,1
28,MUREŞ,"ȘCOALA GIMNAZIALĂ ” SF.NICOLAE” LASLĂU MARE",534,SUPLAC,119661,2,PART,PRCNCT,CD,CD_SV,"2021-01-21 12:30:02",320,302,18,0,130,112,18,0,350,220,124,1,5,52,3,3,3,5,29,0,0,3,19,0,4,0,0,0,0,0,0,0,0,0,0,0,1,1,1,0,0,0,0
28,MUREŞ,"ŞCOALA PRIMARĂ LASLĂU MIC",535,SUPLAC,119661,1,PROV,PRCNCT,CD,CD_SV,"2021-01-21 12:30:02",412,400,12,0,77,65,12,0,450,373,72,1,4,18,2,3,0,2,24,0,1,0,10,0,0,1,0,0,0,0,0,0,0,1,0,0,6,0,0,1,2,0,1
28,MUREŞ,"ŞCOALA GIMNAZIALĂ SUSENI",536,SUSENI,119723,1,PROV,PRCNCT,CD,CD_SV,"2021-01-21 12:30:02",1451,1412,32,7,453,414,32,7,1550,1097,434,9,10,66,105,30,6,5,187,1,1,2,23,0,0,0,0,0,0,0,0,0,0,0,0,0,1,1,2,0,0,1,3
28,MUREŞ,"FOSTA ŞCOALĂ GENERALĂ LUIERIU",537,SUSENI,119723,1,PROV,PRCNCT,CD,CD_SV,"2021-01-21 12:30:02",531,506,25,0,186,161,25,0,550,364,178,2,6,55,1,5,4,5,83,0,0,4,7,1,2,0,0,0,0,2,0,0,0,0,0,0,1,0,1,1,0,0,6
28,MUREŞ,"CĂMINUL CULTURAL ȘĂULIA",538,ŞĂULIA,119750,1,PROV,PRCNCT,CD,CD_SV,"2021-01-21 12:30:02",1369,1300,54,15,512,443,54,15,1450,938,479,16,17,265,3,17,17,9,114,1,0,2,32,0,2,0,0,0,1,0,0,0,0,0,0,0,7,0,1,3,0,1,4
28,MUREŞ,"CLUBUL TINERETULUI ȘĂULIA",539,ŞĂULIA,119750,1,PROV,PRCNCT,CD,CD_SV,"2021-01-21 12:30:02",297,258,39,0,124,85,39,0,297,173,120,1,3,66,3,6,1,1,24,0,1,2,9,1,1,0,1,0,0,0,0,0,0,1,0,0,0,0,0,1,0,0,2
28,MUREŞ,"CONSILIUL LOCAL ŞINCAI",540,ŞINCAI,119803,1,PROV,PRCNCT,CD,CD_SV,"2021-01-21 12:30:02",846,810,24,12,223,187,24,12,946,723,220,1,2,84,81,3,9,3,21,0,0,2,11,1,1,0,0,0,0,0,0,0,0,0,1,0,0,0,2,1,0,0,0
28,MUREŞ,"ŞCOALA PRIMARĂ LECHINCIOARA",541,ŞINCAI,119803,1,PROV,PRCNCT,CD,CD_SV,"2021-01-21 12:30:02",96,81,15,0,49,34,15,0,99,50,49,0,0,14,2,1,2,3,15,0,0,0,11,0,1,0,0,0,0,0,0,0,0,0,0,0,0,0,0,0,0,0,0
28,MUREŞ,"ŞCOALA PRIMARĂ PUSTA",542,ŞINCAI,119803,1,PROV,PRCNCT,CD,CD_SV,"2021-01-21 12:30:02",109,94,15,0,58,43,15,0,98,40,55,3,0,26,2,1,2,2,7,0,0,3,9,0,1,1,0,0,0,0,0,0,0,0,0,0,0,0,0,1,0,0,0
28,MUREŞ,"ŞCOALA PRIMARĂ ŞINCAI-FÎNAŢE",543,ŞINCAI,119803,1,PROV,PRCNCT,CD,CD_SV,"2021-01-21 12:30:02",180,168,10,2,65,53,10,2,196,131,61,3,1,32,2,2,2,1,11,0,0,1,3,1,1,0,0,0,0,0,0,0,0,0,0,0,1,0,2,0,0,0,2
28,MUREŞ,"PRIMĂRIA TĂURENI",544,TĂURENI,119858,1,PROV,PRCNCT,CD,CD_SV,"2021-01-21 12:30:02",786,754,27,5,254,222,27,5,844,590,247,5,2,137,3,10,2,3,46,1,0,6,31,1,0,0,1,0,1,0,0,0,0,0,0,0,3,0,1,0,0,0,1
28,MUREŞ,"PRIMARIA COMUNEI VALEA LARGA",545,"VALEA LARGĂ",119974,1,PROV,PRCNCT,CD,CD_SV,"2021-01-21 12:30:02",1112,1099,6,7,207,194,6,7,1200,993,202,5,0,35,3,9,6,5,122,0,0,1,18,0,1,0,1,0,1,0,0,0,0,0,0,0,0,0,0,0,0,0,0
28,MUREŞ,"CĂMINUL CULTURAL VALEA LARGA",546,"VALEA LARGĂ",119974,1,PROV,PRCNCT,CD,CD_SV,"2021-01-21 12:30:02",917,898,11,8,179,160,11,8,1000,821,171,5,3,41,3,13,6,7,78,0,1,1,17,1,1,0,0,0,0,0,0,0,0,0,0,0,0,0,0,0,0,0,2
28,MUREŞ,"ŞCOALA PRIMARĂ VALEA FRĂŢIEI",547,"VALEA LARGĂ",119974,1,PROV,PRCNCT,CD,CD_SV,"2021-01-21 12:30:02",509,496,9,4,103,90,9,4,550,447,102,0,1,11,1,12,6,13,40,0,0,3,11,0,2,0,0,0,0,0,0,0,0,0,0,0,0,0,0,1,0,0,2
28,MUREŞ,"ŞCOALA GIMNAZIALĂ VĂRGATA",548,VĂRGATA,120076,1,PROV,PRCNCT,CD,CD_SV,"2021-01-21 12:30:02",662,636,19,7,185,159,19,7,747,562,176,4,5,1,160,3,2,0,7,0,0,0,0,1,2,0,0,0,0,0,0,0,0,0,0,0,0,0,0,0,0,0,0
28,MUREŞ,"CASĂ PARTCULARĂ PROPRIETATEA LUI MÁJAI PETER",549,VĂRGATA,120076,1,PROV,PRCNCT,CD,CD_SV,"2021-01-21 12:30:02",167,148,17,2,55,36,17,2,150,95,51,1,3,3,35,1,2,0,1,0,0,1,5,0,1,0,0,0,0,0,0,0,0,0,0,0,0,0,1,1,0,0,0
28,MUREŞ,"PAROHIA UNITARIANĂ VADU",550,VĂRGATA,120076,1,PROV,PRCNCT,CD,CD_SV,"2021-01-21 12:30:02",227,197,24,6,91,61,24,6,200,109,84,5,2,3,63,3,1,1,1,0,1,0,2,0,1,0,0,0,1,0,0,0,0,0,1,0,4,0,1,1,0,0,0
28,MUREŞ,"GRĂDINIŢA CU PROGRAM NORMAL VALEA",551,VĂRGATA,120076,1,PROV,PRCNCT,CD,CD_SV,"2021-01-21 12:30:02",562,535,12,15,196,169,12,15,600,404,186,4,6,2,165,4,1,1,5,0,1,0,1,0,1,1,0,0,0,0,0,0,0,0,0,0,0,0,3,0,0,1,0
28,MUREŞ,"CĂMINUL CULTURAL VĂTAVA",552,VĂTAVA,120138,1,PROV,PRCNCT,CD,CD_SV,"2021-01-21 12:30:02",661,634,27,0,235,208,27,0,700,465,228,6,1,97,3,14,12,6,63,1,0,2,23,0,2,0,1,0,0,0,0,1,0,0,0,0,1,0,0,0,0,0,2
28,MUREŞ,"ȘCOALA PRIMARĂ DUMBRAVA",553,VĂTAVA,120138,1,PROV,PRCNCT,CD,CD_SV,"2021-01-21 12:30:02",534,520,14,0,203,189,14,0,550,347,202,1,0,111,4,10,12,17,19,0,0,6,14,0,3,0,1,0,0,0,0,1,0,0,0,0,1,0,1,0,1,0,1
28,MUREŞ,"ȘCOALA ”MIHAI TOMSA” RÎPA DE JOS",554,VĂTAVA,120138,1,PROV,PRCNCT,CD,CD_SV,"2021-01-21 12:30:02",376,356,20,0,168,148,20,0,400,232,165,2,1,56,2,7,18,16,48,2,0,2,9,2,0,0,0,0,0,0,0,0,0,0,0,0,0,0,0,2,0,0,1
28,MUREŞ,"ŞCOALA GIMNAZIALĂ ” PETRE N. POPESCU ” VÎNĂTORI",555,VÂNĂTORI,120254,1,PROV,PRCNCT,CD,CD_SV,"2021-01-21 12:30:02",1440,1416,22,2,366,342,22,2,1500,1134,330,25,11,42,46,25,20,7,113,1,0,6,47,5,0,0,0,0,1,1,0,0,0,0,0,0,13,0,2,1,0,0,0
28,MUREŞ,"GRĂDINIŢA CU PROGRAM NORMAL ARCHITA",556,VÂNĂTORI,120254,1,PROV,PRCNCT,CD,CD_SV,"2021-01-21 12:30:02",721,712,9,0,121,112,9,0,800,679,116,4,1,17,1,10,30,3,40,0,0,1,8,2,0,1,0,0,0,1,0,0,0,0,0,0,1,1,0,0,0,0,0
28,MUREŞ,"ŞCOALA PRIMARĂ FELEAG",557,VÂNĂTORI,120254,1,PROV,PRCNCT,CD,CD_SV,"2021-01-21 12:30:02",192,163,29,0,78,49,29,0,200,122,75,1,2,18,1,6,3,7,28,0,0,3,6,0,1,0,0,0,0,0,0,0,0,0,0,0,1,0,0,0,1,0,0
28,MUREŞ,"ŞCOALA PRIMARĂ MURENI",558,VÂNĂTORI,120254,1,PROV,PRCNCT,CD,CD_SV,"2021-01-21 12:30:02",279,268,11,0,65,54,11,0,300,235,62,2,1,3,25,4,4,1,14,0,0,0,4,0,1,0,0,0,0,1,0,0,0,0,0,0,2,0,2,0,0,0,1
28,MUREŞ,"ŞCOALA PRIMARĂ ŞOARD",559,VÂNĂTORI,120254,1,PROV,PRCNCT,CD,CD_SV,"2021-01-21 12:30:02",606,594,12,0,105,93,12,0,650,545,97,3,5,17,4,3,4,5,36,0,1,1,16,0,2,0,2,0,1,0,0,0,0,0,0,0,2,0,0,0,0,0,3
28,MUREŞ,"ȘCOALA GIMNAZIALĂ VEȚCA",560,VEŢCA,120174,1,PROV,PRCNCT,CD,CD_SV,"2021-01-21 12:30:02",392,376,16,0,140,124,16,0,400,260,132,0,8,1,122,1,1,1,4,0,0,0,0,0,1,0,0,0,0,1,0,0,0,0,0,0,0,0,0,0,0,0,0
28,MUREŞ,"CĂMINUL CULTURAL JACODU",561,VEŢCA,120174,1,PROV,PRCNCT,CD,CD_SV,"2021-01-21 12:30:02",216,192,24,0,96,72,24,0,200,104,89,5,2,2,67,1,1,1,5,1,0,0,0,1,1,0,1,0,0,0,0,0,0,0,0,0,1,0,7,0,0,0,0
28,MUREŞ,"PRIMĂRIA VIIŞOARA",562,VIIŞOARA,120218,1,PROV,PRCNCT,CD,CD_SV,"2021-01-21 12:30:02",647,639,8,0,96,88,8,0,697,601,89,2,5,19,0,8,4,21,21,0,0,0,11,0,1,0,2,0,0,0,0,0,0,0,0,0,0,0,0,1,1,0,0
28,MUREŞ,"CĂMINUL CULTURAL SÎNTIOANA",563,VIIŞOARA,120218,1,PROV,PRCNCT,CD,CD_SV,"2021-01-21 12:30:02",447,436,11,0,77,66,11,0,500,423,71,3,3,10,1,2,15,17,16,0,0,1,6,0,1,0,0,0,0,0,0,0,0,0,0,0,0,0,0,2,0,0,0
28,MUREŞ,"ȘCOALA GIMNAZIALA ORMENIŞ",564,VIIŞOARA,120218,1,PROV,PRCNCT,CD,CD_SV,"2021-01-21 12:30:02",364,351,13,0,67,54,13,0,397,330,64,0,3,5,2,1,5,12,12,1,0,1,18,1,3,0,1,0,0,0,0,0,0,0,0,0,1,0,0,1,0,0,0
28,MUREŞ,"ȘCOALA GIMNAZIALĂ VOIVODENI",565,VOIVODENI,120316,1,PROV,PRCNCT,CD,CD_SV,"2021-01-21 12:30:02",1344,1289,34,21,360,305,34,21,1400,1040,346,8,6,109,157,5,5,10,23,0,0,3,19,0,1,1,1,1,1,0,0,0,0,2,0,0,0,1,1,0,1,0,5
28,MUREŞ,"CĂMINUL CULTURAL TOLDAL",566,VOIVODENI,120316,1,PROV,PRCNCT,CD,CD_SV,"2021-01-21 12:30:02",192,176,16,0,78,62,16,0,196,118,73,0,5,27,8,3,6,12,8,0,0,1,3,0,1,0,1,1,0,0,0,0,0,0,0,0,0,0,0,1,0,0,1
28,MUREŞ,"PRIMARIA ZAGAR",567,ZAGĂR,120343,1,PROV,PRCNCT,CD,CD_SV,"2021-01-21 12:30:02",1021,1010,11,0,187,176,11,0,1101,914,176,11,0,50,5,14,16,8,49,1,0,5,10,3,0,0,0,0,0,0,2,2,0,0,0,0,11,0,0,0,0,0,0
28,MUREŞ,"ȘCOALA PRIMARĂ CLASELE 0-IV ZAU DE CÎMPIE",568,"ZAU DE CÂMPIE",120370,1,PROV,PRCNCT,CD,CD_SV,"2021-01-21 12:30:02",955,939,15,1,192,176,15,1,1048,856,189,1,2,54,9,8,8,3,67,1,0,2,34,0,0,0,0,0,0,0,0,1,0,0,0,0,0,0,1,1,0,0,0
28,MUREŞ,"ŞCOALA GIMNAZIALĂ ZAU DE CÎMPIE",569,"ZAU DE CÂMPIE",120370,1,PROV,PRCNCT,CD,CD_SV,"2021-01-21 12:30:02",1256,1249,7,0,192,185,7,0,1346,1154,181,7,4,46,8,10,2,5,60,0,0,3,31,1,1,0,1,0,0,1,0,1,0,0,0,0,10,0,0,0,0,0,1
28,MUREŞ,"ȘCOALA GIMNAZIALĂ BĂRBOȘI",570,"ZAU DE CÂMPIE",120370,1,PROV,PRCNCT,CD,CD_SV,"2021-01-21 12:30:02",373,364,9,0,80,71,9,0,397,317,78,0,2,18,1,2,3,1,37,1,0,1,13,0,0,0,1,0,0,0,0,0,0,0,0,0,0,0,0,0,0,0,0
