precinct_county_nce,precinct_county_name,precinct_name,precinct_nr,uat_name,uat_siruta,report_version,report_stage_code,report_type_scope_code,report_type_category_code,report_type_code,created_at,a,a1,a2,a3,b,b1,b2,b3,c,d,e,f,g,"UNIUNEA DEMOCRATĂ MAGHIARĂ DIN ROMÂNIA-voturi","PARTIDUL SOCIAL DEMOCRAT-voturi","PARTIDUL PRO ROMÂNIA-voturi","ALIANȚA USR PLUS-voturi","PARTIDUL NAȚIONAL LIBERAL-voturi","PARTIDUL MIȘCAREA POPULARĂ-voturi","ALTERNATIVA DREAPTĂ-voturi","PARTIDUL PUTERII UMANISTE (SOCIAL-LIBERAL)-voturi","ALIANȚA RENAȘTEREA NAȚIONALĂ-voturi","ALIANȚA PENTRU UNIREA ROMÂNILOR-voturi","PARTIDUL ROMÂNIA MARE-voturi","PARTIDUL SOCIALIST ROMÂN-voturi","PARTIDUL ECOLOGIST ROMÂN-voturi","UNIUNEA ELENĂ DIN ROMÂNIA-voturi","UNIUNEA BULGARĂ DIN BANAT-ROMÂNIA-voturi","ASOCIAȚIA MACEDONENILOR DIN ROMÂNIA-voturi","UNIUNEA SÂRBILOR DIN ROMÂNIA-voturi","UNIUNEA ARMENILOR DIN ROMÂNIA-voturi","ASOCIAȚIA LIGA ALBANEZILOR DIN ROMÂNIA-voturi","COMUNITATEA RUȘILOR LIPOVENI DIN ROMÂNIA-voturi","UNIUNEA DEMOCRATICĂ A SLOVACILOR ȘI CEHILOR DIN ROMÂNIA-voturi","ASOCIAȚIA PARTIDA ROMILOR “PRO-EUROPA”-voturi","ASOCIAȚIA ITALIENILOR DIN ROMÂNIA – RO.AS.IT.-voturi","UNIUNEA POLONEZILOR DIN ROMÂNIA-voturi","FORUMUL DEMOCRAT AL GERMANILOR DIN ROMÂNIA-voturi","FEDERAȚIA COMUNITĂȚILOR EVREIEȘTI DIN ROMÂNIA-voturi","UNIUNEA CULTURALĂ A RUTENILOR DIN ROMÂNIA-voturi","UNIUNEA UCRAINENILOR DIN ROMÂNIA-voturi","UNIUNEA DEMOCRATĂ TURCĂ DIN ROMÂNIA-voturi","UNIUNEA CROAȚILOR DIN ROMÂNIA-voturi","NAŞ SORIN-VALERIU-CANDIDAT INDEPENDENT-voturi"
13,CLUJ,"COLEGIUL ECONOMIC ”IULIAN POP”",1,"MUNICIPIUL CLUJ-NAPOCA",54975,1,PROV,PRCNCT,CD,CD_SV,"2021-01-21 12:30:02",731,684,47,0,53,6,47,0,756,703,53,0,0,5,3,4,18,13,2,0,0,1,4,1,0,1,1,0,0,0,0,0,0,0,0,0,0,0,0,0,0,0,0,0
13,CLUJ,"COLEGIUL ECONOMIC ”IULIAN POP”",2,"MUNICIPIUL CLUJ-NAPOCA",54975,1,PROV,PRCNCT,CD,CD_SV,"2021-01-21 12:30:02",1170,1148,20,2,414,392,20,2,1262,848,412,2,0,75,46,13,122,116,8,1,1,4,12,3,1,6,0,0,1,0,0,0,0,0,0,0,0,0,1,0,0,0,1,1
13,CLUJ,"COLEGIUL TEHNIC DE TELECOMUNICATII ”AUGUSTIN MAIOR”,",3,"MUNICIPIUL CLUJ-NAPOCA",54975,1,PROV,PRCNCT,CD,CD_SV,"2021-01-21 12:30:02",1623,1539,35,49,594,510,35,49,1698,1104,588,4,2,92,56,14,187,178,18,0,5,7,22,2,1,3,0,0,0,0,0,0,0,0,0,0,0,0,0,0,0,0,0,3
13,CLUJ,"COLEGIUL TEHNIC DE TELECOMUNICATII ”AUGUSTIN MAIOR”,",4,"MUNICIPIUL CLUJ-NAPOCA",54975,1,PROV,PRCNCT,CD,CD_SV,"2021-01-21 12:30:02",1428,1387,36,5,582,541,36,5,1531,949,579,2,1,123,64,6,188,145,12,1,1,2,20,3,1,4,0,0,0,0,2,1,0,0,0,1,0,0,1,0,0,0,0,4
13,CLUJ,"ŞCOALA ”ION CREANGĂ” ,",5,"MUNICIPIUL CLUJ-NAPOCA",54975,1,PROV,PRCNCT,CD,CD_SV,"2021-01-21 12:30:02",1081,1034,47,0,458,411,47,0,1139,681,451,6,1,52,61,15,123,149,12,1,1,12,14,0,0,7,0,0,1,0,0,0,0,0,0,0,0,1,0,0,0,0,0,2
13,CLUJ,"ŞCOALA ”ION CREANGĂ” ,",6,"MUNICIPIUL CLUJ-NAPOCA",54975,1,PROV,PRCNCT,CD,CD_SV,"2021-01-21 12:30:02",1524,1502,20,2,550,528,20,2,1672,1122,545,3,2,72,102,11,139,167,9,1,7,3,23,5,0,4,0,0,1,0,0,0,0,0,0,0,0,0,0,0,0,0,0,1
13,CLUJ,"ŞCOALA ”ION CREANGĂ” ,",7,"MUNICIPIUL CLUJ-NAPOCA",54975,1,PROV,PRCNCT,CD,CD_SV,"2021-01-21 12:30:02",1233,1221,10,2,409,397,10,2,1342,933,404,4,1,45,38,20,99,148,10,0,9,5,16,3,0,3,0,1,0,0,1,0,0,0,0,0,0,1,0,0,0,0,1,4
13,CLUJ,"GRADINITA DUMBRAVA MINUNATA",8,"MUNICIPIUL CLUJ-NAPOCA",54975,1,PROV,PRCNCT,CD,CD_SV,"2021-01-21 12:30:02",1270,1242,26,2,404,376,26,2,1371,967,400,3,1,55,43,11,103,135,13,0,6,7,15,1,0,7,0,0,0,2,0,0,0,0,0,0,1,0,0,0,0,0,0,1
13,CLUJ,"GRADINITA ”DUMBRAVA MINUNATĂ”",9,"MUNICIPIUL CLUJ-NAPOCA",54975,1,PROV,PRCNCT,CD,CD_SV,"2021-01-21 12:30:02",1568,1549,17,2,575,556,17,2,1706,1131,570,4,1,80,70,12,162,169,18,0,7,8,23,4,1,9,0,0,1,0,0,0,0,1,0,0,0,1,3,0,0,0,0,1
13,CLUJ,"GRĂDINIŢA ”DUMBRAVA MINUNATĂ” (FOSTA 66),",10,"MUNICIPIUL CLUJ-NAPOCA",54975,1,PROV,PRCNCT,CD,CD_SV,"2021-01-21 12:30:02",1540,1510,26,4,486,456,26,4,1668,1182,484,2,0,62,44,8,125,179,19,1,4,3,25,3,1,5,0,0,0,0,0,0,0,0,0,1,0,0,0,0,1,0,0,3
13,CLUJ,"ŞCOALA ”IULIU HAŢIEGANU” (FOSTĂ NR.21)",11,"MUNICIPIUL CLUJ-NAPOCA",54975,1,PROV,PRCNCT,CD,CD_SV,"2021-01-21 12:30:02",923,885,38,0,292,254,38,0,977,685,291,0,1,31,44,12,66,103,8,1,2,3,10,2,1,5,0,0,0,0,0,0,0,0,0,1,0,0,0,0,0,0,0,2
13,CLUJ,"ŞCOALA ”IULIU HAŢIEGANU” (FOSTĂ NR.21)",12,"MUNICIPIUL CLUJ-NAPOCA",54975,1,PROV,PRCNCT,CD,CD_SV,"2021-01-21 12:30:02",930,904,25,1,342,316,25,1,992,650,339,3,0,32,58,7,85,111,5,1,4,6,14,7,1,4,1,0,0,0,0,0,0,0,1,0,0,0,1,0,0,0,0,1
13,CLUJ,"ŞCOALA ”IULIU HAŢIEGANU” (FOSTĂ NR.21)",13,"MUNICIPIUL CLUJ-NAPOCA",54975,1,PROV,PRCNCT,CD,CD_SV,"2021-01-21 12:30:02",1631,1598,26,7,680,647,26,7,1757,1077,676,4,0,32,56,15,277,213,16,2,5,19,24,1,2,11,0,0,0,0,0,0,0,0,1,0,0,0,1,0,0,0,0,1
13,CLUJ,"ŞCOALA ”IULIU HAŢIEGANU” (FOSTĂ NR.21)",14,"MUNICIPIUL CLUJ-NAPOCA",54975,1,PROV,PRCNCT,CD,CD_SV,"2021-01-21 12:30:02",1702,1666,32,4,695,659,32,4,1834,1139,691,3,1,31,42,12,358,178,26,5,1,3,25,2,0,4,1,0,0,0,0,0,0,0,0,0,0,1,0,0,0,0,0,2
13,CLUJ,"ŞCOALA ”IULIU HAŢIEGANU” (FOSTĂ NR.21)",15,"MUNICIPIUL CLUJ-NAPOCA",54975,1,PROV,PRCNCT,CD,CD_SV,"2021-01-21 12:30:02",1469,1448,18,3,489,468,18,3,1586,1097,487,2,0,63,53,18,154,146,13,1,5,6,20,2,2,3,0,0,0,0,0,0,0,0,0,0,0,0,0,0,0,0,0,1
13,CLUJ,"ŞCOALA ”IULIU HAŢIEGANU” (FOSTĂ NR.21)",16,"MUNICIPIUL CLUJ-NAPOCA",54975,1,PROV,PRCNCT,CD,CD_SV,"2021-01-21 12:30:02",1624,1604,18,2,572,552,18,2,1770,1198,565,7,0,53,80,18,178,167,22,2,2,5,23,4,0,8,0,0,0,0,0,0,0,0,0,0,0,0,0,0,0,0,0,3
13,CLUJ,"ŞCOALA ”IULIU HAŢIEGANU” (FOSTĂ NR.21)",17,"MUNICIPIUL CLUJ-NAPOCA",54975,1,PROV,PRCNCT,CD,CD_SV,"2021-01-21 12:30:02",1475,1456,17,2,510,491,17,2,1601,1091,505,5,0,37,71,14,141,181,17,1,6,8,18,0,1,8,0,1,0,0,0,0,0,0,0,0,0,0,0,0,0,0,0,1
13,CLUJ,"GRĂDINIŢA ”ALBINUŢA” (FOSTĂ CĂSUŢA POVEŞTILOR), STR. GRIGORE ALEXANDRESCU, NR.21/A",18,"MUNICIPIUL CLUJ-NAPOCA",54975,3,PART,PRCNCT,CD,CD_SV,"2021-01-21 12:30:02",1649,1630,13,6,557,538,13,6,1788,1231,551,4,2,70,95,9,108,190,18,1,5,9,26,3,1,10,0,0,0,0,0,1,0,0,1,1,0,0,0,0,0,0,0,3
13,CLUJ,"ŞCOALA ”IULIU HAŢIEGANU” (FOSTĂ NR.21),",19,"MUNICIPIUL CLUJ-NAPOCA",54975,1,PROV,PRCNCT,CD,CD_SV,"2021-01-21 12:30:02",1562,1540,22,0,508,486,22,0,1657,1149,504,3,1,60,61,4,151,166,13,3,5,2,20,2,2,11,0,1,1,0,0,0,0,0,0,0,0,0,1,0,0,0,0,1
13,CLUJ,"ŞCOALA ”IULIU HAŢIEGANU” (FOSTĂ NR.21),",20,"MUNICIPIUL CLUJ-NAPOCA",54975,2,PART,PRCNCT,CD,CD_SV,"2021-01-21 12:30:02",1868,1851,17,0,654,637,17,0,2036,1382,643,11,0,63,94,25,183,212,12,1,5,11,25,1,1,8,0,0,0,0,0,1,0,0,0,0,0,0,0,0,0,0,0,1
13,CLUJ,"ŞCOALA ”IULIU HAŢIEGANU” (FOSTĂ NR.21),",21,"MUNICIPIUL CLUJ-NAPOCA",54975,1,PROV,PRCNCT,CD,CD_SV,"2021-01-21 12:30:02",1388,1369,18,1,444,425,18,1,1509,1065,441,2,1,45,64,14,139,136,18,1,4,3,10,1,0,4,1,0,0,0,0,0,0,1,0,0,0,0,0,0,0,0,0,0
13,CLUJ,"COLEGIUL TEHNIC NAPOCA",22,"MUNICIPIUL CLUJ-NAPOCA",54975,2,PART,PRCNCT,CD,CD_SV,"2021-01-21 12:30:02",1529,1471,54,4,530,472,54,4,1625,1095,528,2,0,19,86,16,135,195,19,2,6,5,30,2,4,3,0,0,0,0,0,0,0,1,0,0,0,0,2,0,0,0,0,3
13,CLUJ,"LICEUL CU PROGRAM SPORTIV (FOSTA SCOALA NR.20).",23,"MUNICIPIUL CLUJ-NAPOCA",54975,1,PROV,PRCNCT,CD,CD_SV,"2021-01-21 12:30:02",1624,1591,33,0,618,585,33,0,1752,1134,613,5,0,40,83,14,184,216,24,3,1,10,22,3,0,9,1,0,0,0,0,0,0,0,0,0,0,0,1,0,0,0,1,1
13,CLUJ,"LICEUL CU PROGRAM SPORTIV (FOSTA SCOALA NR.20).",24,"MUNICIPIUL CLUJ-NAPOCA",54975,1,PROV,PRCNCT,CD,CD_SV,"2021-01-21 12:30:02",1579,1549,27,3,623,593,27,3,1707,1084,615,5,3,40,71,19,186,200,16,2,3,13,39,3,1,17,0,0,1,0,0,1,0,0,1,0,0,0,0,0,0,0,0,2
13,CLUJ,"LICEUL CU PROGRAM SPORTIV (FOSTA SCOALA NR.20).",25,"MUNICIPIUL CLUJ-NAPOCA",54975,1,PROV,PRCNCT,CD,CD_SV,"2021-01-21 12:30:02",1529,1510,19,0,558,539,19,0,1662,1104,555,1,2,38,63,9,143,198,25,3,6,7,54,2,2,4,0,0,0,0,0,0,0,0,0,0,0,0,0,0,0,0,0,1
13,CLUJ,"LICEUL TEORETIC ”EUGEN PORA”",26,"MUNICIPIUL CLUJ-NAPOCA",54975,1,PROV,PRCNCT,CD,CD_SV,"2021-01-21 12:30:02",1685,1639,46,0,629,583,46,0,1799,1170,629,0,0,36,74,11,198,227,27,1,5,8,25,3,1,6,0,0,0,0,0,0,0,0,0,0,0,0,3,0,0,0,0,4
13,CLUJ,"LICEUL TEORETIC ”EUGEN PORA”",27,"MUNICIPIUL CLUJ-NAPOCA",54975,1,PROV,PRCNCT,CD,CD_SV,"2021-01-21 12:30:02",1602,1582,20,0,560,540,20,0,1748,1188,558,1,1,52,74,10,121,214,15,7,6,8,34,4,3,7,0,0,0,0,0,0,0,0,0,0,0,1,0,0,0,0,0,2
13,CLUJ,"LICEUL TEORETIC ”EUGEN PORA”",28,"MUNICIPIUL CLUJ-NAPOCA",54975,1,PROV,PRCNCT,CD,CD_SV,"2021-01-21 12:30:02",881,867,14,0,277,263,14,0,954,677,274,2,1,13,32,8,83,106,18,0,1,1,6,1,0,3,0,0,1,0,0,0,0,0,1,0,0,0,0,0,0,0,0,0
13,CLUJ,"LICEUL TEORETIC ”EUGEN PORA”",29,"MUNICIPIUL CLUJ-NAPOCA",54975,1,PROV,PRCNCT,CD,CD_SV,"2021-01-21 12:30:02",1699,1676,22,1,558,535,22,1,1843,1285,557,0,1,46,84,16,163,173,25,4,8,6,13,3,0,9,1,1,0,0,1,0,0,0,0,0,0,1,0,0,0,0,0,3
13,CLUJ,"SCOALA INTERNATIONALA ”SPECTRUM”",30,"MUNICIPIUL CLUJ-NAPOCA",54975,1,PROV,PRCNCT,CD,CD_SV,"2021-01-21 12:30:02",1817,1769,29,19,723,675,29,19,1910,1187,721,2,0,22,73,18,292,237,21,3,6,5,32,1,1,2,1,1,0,2,0,0,0,0,2,0,0,2,0,0,0,0,0,0
13,CLUJ,"SCOALA INTERNATIONALA ”SPECTRUM”",31,"MUNICIPIUL CLUJ-NAPOCA",54975,1,PROV,PRCNCT,CD,CD_SV,"2021-01-21 12:30:02",1439,1413,23,3,506,480,23,3,1556,1050,502,1,3,54,39,5,159,181,22,1,3,6,19,2,1,2,0,0,0,1,0,1,0,0,0,0,0,1,0,0,0,0,0,5
13,CLUJ,"SCOALA INTERNATIONALA ”SPECTRUM”",32,"MUNICIPIUL CLUJ-NAPOCA",54975,1,PROV,PRCNCT,CD,CD_SV,"2021-01-21 12:30:02",1316,1276,36,4,446,406,36,4,1406,960,439,5,2,56,40,11,125,159,18,1,1,3,13,2,0,5,0,0,0,0,0,0,1,0,1,0,0,0,0,0,0,0,1,2
13,CLUJ,"SCOALA INTERNATIONALA ”SPECTRUM”",33,"MUNICIPIUL CLUJ-NAPOCA",54975,1,PROV,PRCNCT,CD,CD_SV,"2021-01-21 12:30:02",1200,1177,20,3,417,394,20,3,1298,881,413,4,0,42,46,6,122,139,17,3,6,0,23,1,1,5,0,0,0,0,0,0,0,0,0,0,0,0,1,0,0,0,0,1
13,CLUJ,"LICEUL TEORETIC ”EUGEN PORA”, STR.MOGOŞOAIA NR.6",34,"MUNICIPIUL CLUJ-NAPOCA",54975,2,PART,PRCNCT,CD,CD_SV,"2021-01-21 12:30:02",1603,1578,25,0,487,462,25,0,1738,1251,484,2,1,39,80,17,101,185,8,0,4,16,22,3,1,7,0,0,0,0,0,1,0,0,0,0,0,0,0,0,0,0,0,0
13,CLUJ,"SALA SPORTURILOR ”HOREA DEMIAN”",35,"MUNICIPIUL CLUJ-NAPOCA",54975,1,PROV,PRCNCT,CD,CD_SV,"2021-01-21 12:30:02",942,903,37,2,382,343,37,2,994,612,382,0,0,58,32,5,146,85,9,1,3,13,20,1,0,5,0,0,0,0,0,0,0,0,0,0,0,1,0,0,0,0,0,3
13,CLUJ,"SALA SPORTURILOR ”HOREA DEMIAN”",36,"MUNICIPIUL CLUJ-NAPOCA",54975,1,PROV,PRCNCT,CD,CD_SV,"2021-01-21 12:30:02",1408,1389,17,2,442,423,17,2,1536,1094,437,5,0,63,44,6,113,149,15,2,1,2,26,3,1,5,1,0,0,0,0,0,0,1,0,1,0,1,0,0,0,0,0,3
13,CLUJ,"SALA SPORTURILOR ”HOREA DEMIAN”",37,"MUNICIPIUL CLUJ-NAPOCA",54975,1,PROV,PRCNCT,CD,CD_SV,"2021-01-21 12:30:02",1418,1388,28,2,561,531,28,2,1524,963,556,5,0,50,45,12,216,189,15,1,1,8,13,1,0,5,0,0,0,0,0,0,0,0,0,0,0,0,0,0,0,0,0,0
13,CLUJ,"CENTRUL REGIONAL DE EXCELENŢĂ,",38,"MUNICIPIUL CLUJ-NAPOCA",54975,1,PROV,PRCNCT,CD,CD_SV,"2021-01-21 12:30:02",1630,1591,34,5,619,580,34,5,1756,1137,614,3,2,117,68,16,177,176,20,1,3,2,21,5,0,3,0,0,0,0,2,1,0,0,0,0,0,0,0,0,0,0,0,2
13,CLUJ,"LICEUL TEORETIC ”ONISIFOR GHIBU”,",39,"MUNICIPIUL CLUJ-NAPOCA",54975,1,PROV,PRCNCT,CD,CD_SV,"2021-01-21 12:30:02",1772,1744,28,0,759,731,28,0,1917,1158,757,2,0,113,95,19,244,193,28,4,4,1,32,1,0,11,0,0,0,1,0,0,1,1,0,0,0,2,4,0,0,0,0,3
13,CLUJ,"LICEUL TEORETIC ”ONISIFOR GHIBU”,",40,"MUNICIPIUL CLUJ-NAPOCA",54975,1,PROV,PRCNCT,CD,CD_SV,"2021-01-21 12:30:02",1550,1516,33,1,575,541,33,1,1664,1089,566,6,3,55,69,10,169,186,21,1,12,1,20,4,0,10,0,0,0,0,2,0,0,0,0,0,1,1,0,0,0,0,0,4
13,CLUJ,"LICEUL TEORETIC ”ONISIFOR GHIBU”,",41,"MUNICIPIUL CLUJ-NAPOCA",54975,1,PROV,PRCNCT,CD,CD_SV,"2021-01-21 12:30:02",1257,1239,14,4,523,505,14,4,1365,842,518,3,2,73,36,14,177,166,12,2,4,1,16,4,0,6,0,0,0,0,1,0,0,0,1,0,0,0,1,0,0,0,0,4
13,CLUJ,"LICEUL TEORETIC ”ONISIFOR GHIBU”,",42,"MUNICIPIUL CLUJ-NAPOCA",54975,1,PROV,PRCNCT,CD,CD_SV,"2021-01-21 12:30:02",1659,1633,24,2,631,605,24,2,1793,1162,628,3,0,77,65,11,204,219,15,0,8,1,13,2,2,2,0,1,1,0,0,1,0,0,0,0,0,1,1,0,0,0,0,4
13,CLUJ,"LICEUL TEORETIC ”ONISIFOR GHIBU”,",43,"MUNICIPIUL CLUJ-NAPOCA",54975,1,PROV,PRCNCT,CD,CD_SV,"2021-01-21 12:30:02",1309,1259,46,4,497,447,46,4,1392,895,489,4,4,45,58,14,182,136,13,3,7,2,8,2,0,17,0,0,0,0,0,0,0,0,0,0,0,0,1,0,0,0,1,0
13,CLUJ,"GRADINIŢA” MICA SIRENA” (FOSTĂ 64),",44,"MUNICIPIUL CLUJ-NAPOCA",54975,1,PROV,PRCNCT,CD,CD_SV,"2021-01-21 12:30:02",1485,1461,22,2,641,617,22,2,1620,979,637,4,0,80,53,12,199,223,20,1,9,3,22,5,0,6,1,1,0,0,0,0,0,0,0,1,0,0,0,0,0,0,0,1
13,CLUJ,"GRADINIŢA ”LICURICI” (FOSTA STELUŢA FERMECATĂ), STR.FÂNTÂNELE NR.46",45,"MUNICIPIUL CLUJ-NAPOCA",54975,2,PART,PRCNCT,CD,CD_SV,"2021-01-21 12:30:02",1378,1353,22,3,528,503,22,3,1491,963,525,2,1,83,80,7,141,156,21,0,2,2,23,1,0,3,0,0,0,0,1,0,0,0,0,0,0,0,0,0,0,0,0,5
13,CLUJ,"GRADINIŢA ”LICURICI” (FOSTA STELUŢA FERMECATĂ), STR.FÂNTÂNELE NR.46",46,"MUNICIPIUL CLUJ-NAPOCA",54975,1,PROV,PRCNCT,CD,CD_SV,"2021-01-21 12:30:02",1641,1620,18,3,625,604,18,3,1790,1165,624,1,0,78,70,6,191,233,13,1,4,2,14,5,1,2,0,0,0,1,0,0,0,0,0,0,0,1,0,0,0,0,1,1
13,CLUJ,"INSTITUTUL DE CERCETARI ÎN CHIMIE ”RALUCA RIPAN”",47,"MUNICIPIUL CLUJ-NAPOCA",54975,1,PROV,PRCNCT,CD,CD_SV,"2021-01-21 12:30:02",1664,1624,37,3,632,592,37,3,1790,1158,630,2,0,91,63,13,162,232,16,0,7,2,21,4,2,7,1,0,0,0,0,0,0,0,1,0,0,0,0,1,0,0,0,7
13,CLUJ,"INSTITUTUL DE CERCETARI ÎN CHIMIE ”RALUCA RIPAN”",48,"MUNICIPIUL CLUJ-NAPOCA",54975,1,PROV,PRCNCT,CD,CD_SV,"2021-01-21 12:30:02",1470,1446,21,3,569,545,21,3,1592,1023,566,3,0,97,58,8,193,170,5,3,5,2,11,2,1,5,0,0,0,0,0,0,0,0,0,1,0,0,0,2,0,0,0,3
13,CLUJ,"INSTITUTUL DE CERCETARI ÎN CHIMIE” RALUCA RIPAN”,",49,"MUNICIPIUL CLUJ-NAPOCA",54975,1,PROV,PRCNCT,CD,CD_SV,"2021-01-21 12:30:02",1572,1522,48,2,656,606,48,2,1677,1021,651,5,0,103,65,10,220,192,16,2,4,6,14,5,5,5,0,0,0,0,0,1,0,2,0,0,1,0,0,0,0,0,0,0
13,CLUJ,"INSTITUTUL DE CERCETARI ÎN CHIMIE” RALUCA RIPAN”,",50,"MUNICIPIUL CLUJ-NAPOCA",54975,1,PROV,PRCNCT,CD,CD_SV,"2021-01-21 12:30:02",1872,1841,31,0,712,681,31,0,2030,1318,706,4,2,117,78,15,209,208,26,2,7,2,26,4,3,6,0,1,0,0,0,0,0,0,0,0,0,0,1,0,0,0,0,1
13,CLUJ,"LICEUL DE INFORMATICĂ „TIBERIU POPOVICIU”",51,"MUNICIPIUL CLUJ-NAPOCA",54975,1,PROV,PRCNCT,CD,CD_SV,"2021-01-21 12:30:02",1610,1550,39,21,656,596,39,21,1722,1066,648,3,5,49,71,20,216,204,30,1,5,6,29,1,5,5,0,1,0,1,0,1,0,0,0,1,0,0,0,0,1,0,0,1
13,CLUJ,"LICEUL DE INFORMATICĂ „TIBERIU POPOVICIU”",52,"MUNICIPIUL CLUJ-NAPOCA",54975,2,PART,PRCNCT,CD,CD_SV,"2021-01-21 12:30:02",1500,1466,34,0,576,542,34,0,1624,1048,572,3,1,40,55,15,194,207,6,4,7,3,23,2,3,8,0,2,0,0,0,0,0,0,1,0,0,0,0,0,0,0,0,2
13,CLUJ,"LICEUL DE INFORMATICĂ „TIBERIU POPOVICIU”",53,"MUNICIPIUL CLUJ-NAPOCA",54975,1,PROV,PRCNCT,CD,CD_SV,"2021-01-21 12:30:02",1626,1580,46,0,661,615,46,0,1739,1078,656,2,3,50,73,16,215,218,19,2,4,16,23,3,0,6,1,0,0,0,0,0,0,0,0,0,0,0,3,0,0,0,2,5
13,CLUJ,"LICEUL DE INFORMATICĂ „TIBERIU POPOVICIU”",54,"MUNICIPIUL CLUJ-NAPOCA",54975,1,PROV,PRCNCT,CD,CD_SV,"2021-01-21 12:30:02",1383,1344,39,0,544,505,39,0,1473,929,538,4,2,80,45,14,166,190,17,0,3,8,10,1,0,2,0,0,1,0,0,0,0,0,0,0,0,0,0,0,0,0,0,1
13,CLUJ,"LICEUL DE INFORMATICĂ „TIBERIU POPOVICIU”",55,"MUNICIPIUL CLUJ-NAPOCA",54975,1,PROV,PRCNCT,CD,CD_SV,"2021-01-21 12:30:02",1270,1247,23,0,489,466,23,0,1384,895,484,5,0,65,47,6,132,153,32,0,0,11,26,2,1,6,0,0,0,0,1,1,0,0,0,0,0,0,0,0,0,0,0,1
13,CLUJ,"LICEUL DE INFORMATICĂ „TIBERIU POPOVICIU”",56,"MUNICIPIUL CLUJ-NAPOCA",54975,1,PROV,PRCNCT,CD,CD_SV,"2021-01-21 12:30:02",2009,1969,39,1,800,760,39,1,2166,1366,791,8,1,48,55,20,360,236,17,4,6,13,16,2,0,6,0,0,1,0,0,0,0,0,0,0,0,0,1,2,0,0,0,4
13,CLUJ,"LICEUL DE INFORMATICĂ „TIBERIU POPOVICIU”",57,"MUNICIPIUL CLUJ-NAPOCA",54975,1,PROV,PRCNCT,CD,CD_SV,"2021-01-21 12:30:02",2073,2002,59,12,1018,947,59,12,2179,1161,1012,5,1,40,34,7,660,219,19,1,2,8,8,1,1,8,0,0,0,0,1,0,0,0,0,0,0,0,0,1,0,0,0,2
13,CLUJ,"LICEUL DE INFORMATICĂ „TIBERIU POPOVICIU”",58,"MUNICIPIUL CLUJ-NAPOCA",54975,1,PROV,PRCNCT,CD,CD_SV,"2021-01-21 12:30:02",2070,1995,73,2,881,806,73,2,2179,1298,881,0,0,45,64,19,406,253,22,4,5,15,21,4,2,13,0,0,1,0,0,0,0,0,0,0,0,0,1,0,0,0,0,6
13,CLUJ,"LICEUL DE INFORMATICĂ „TIBERIU POPOVICIU”",59,"MUNICIPIUL CLUJ-NAPOCA",54975,1,PROV,PRCNCT,CD,CD_SV,"2021-01-21 12:30:02",1987,1945,32,10,878,836,32,10,2141,1263,876,2,0,35,62,22,425,245,34,0,2,18,14,4,2,2,0,0,0,1,0,0,0,2,0,0,0,0,0,1,0,0,1,6
13,CLUJ,"ASOCIAŢIA ”CARITATEA”",60,"MUNICIPIUL CLUJ-NAPOCA",54975,1,PROV,PRCNCT,CD,CD_SV,"2021-01-21 12:30:02",2070,2004,63,3,1035,969,63,3,2201,1166,1030,4,1,35,57,12,493,298,54,1,5,25,25,4,1,12,0,2,0,0,0,1,0,0,0,1,0,0,0,0,1,0,0,3
13,CLUJ,"GRADINIŢA ”ZÎNA ZORILOR”, STR.L.PASTEUR NR.12",61,"MUNICIPIUL CLUJ-NAPOCA",54975,2,PART,PRCNCT,CD,CD_SV,"2021-01-21 12:30:02",1826,1761,39,26,659,594,39,26,1943,1284,654,5,0,65,63,11,219,224,24,1,2,8,26,2,1,3,1,0,1,0,1,0,0,0,0,0,0,1,0,0,0,0,0,1
13,CLUJ,"FACULTATEA DE ARHITECTURĂ ŞI URBANISM, STR.OBSERVATORULUI NR.72",62,"MUNICIPIUL CLUJ-NAPOCA",54975,1,PROV,PRCNCT,CD,CD_SV,"2021-01-21 12:30:02",1558,1508,50,0,567,517,50,0,1662,1095,561,6,0,41,75,17,180,168,16,1,4,10,27,3,0,8,3,0,0,0,2,0,0,0,0,0,0,2,0,0,0,1,1,2
13,CLUJ,"FACULTATEA DE ARHITECTURĂ ŞI URBANISM, STR.OBSERVATORULUI NR.72",63,"MUNICIPIUL CLUJ-NAPOCA",54975,1,PROV,PRCNCT,CD,CD_SV,"2021-01-21 12:30:02",1421,1383,38,0,522,484,38,0,1521,999,515,6,1,44,43,12,173,196,13,0,4,1,18,2,0,4,1,0,0,0,0,0,0,0,0,0,0,0,0,0,1,0,0,3
13,CLUJ,"FACULTATEA DE ARHITECTURĂ ŞI URBANISM, STR.OBSERVATORULUI NR.72",64,"MUNICIPIUL CLUJ-NAPOCA",54975,1,PROV,PRCNCT,CD,CD_SV,"2021-01-21 12:30:02",1147,1133,12,2,433,419,12,2,1251,818,430,3,0,20,32,9,187,138,17,1,4,2,13,0,0,4,0,0,0,0,0,0,0,0,0,0,0,0,0,0,1,0,0,2
13,CLUJ,"FACULTATEA DE ARHITECTURĂ ŞI URBANISM, STR.OBSERVATORULUI NR.72",65,"MUNICIPIUL CLUJ-NAPOCA",54975,1,PROV,PRCNCT,CD,CD_SV,"2021-01-21 12:30:02",1311,1287,24,0,550,526,24,0,1427,877,543,3,4,41,62,13,196,157,30,1,3,7,20,3,1,4,0,0,0,0,0,0,0,1,0,0,0,0,1,0,0,0,1,2
13,CLUJ,"”PALATUL COPIILOR ”",66,"MUNICIPIUL CLUJ-NAPOCA",54975,1,PROV,PRCNCT,CD,CD_SV,"2021-01-21 12:30:02",1471,1403,36,32,577,509,36,32,1550,973,574,2,1,101,71,16,156,163,20,2,6,7,12,3,0,8,0,0,1,0,0,0,0,0,0,0,0,1,0,0,0,0,0,7
13,CLUJ,"SCOALA ”IOAN BOB”",67,"MUNICIPIUL CLUJ-NAPOCA",54975,1,PROV,PRCNCT,CD,CD_SV,"2021-01-21 12:30:02",1421,1385,32,4,551,515,32,4,1518,967,542,7,2,119,69,10,164,121,15,3,6,4,18,3,0,4,0,0,0,0,0,0,0,0,1,0,0,1,1,1,0,0,0,2
13,CLUJ,"COLEGIUL NAŢIONAL ”G.COŞBUC”",68,"MUNICIPIUL CLUJ-NAPOCA",54975,1,PROV,PRCNCT,CD,CD_SV,"2021-01-21 12:30:02",1186,1155,27,4,490,459,27,4,1260,770,487,3,0,45,59,7,156,154,19,4,3,5,16,3,1,6,1,0,0,0,2,4,0,0,0,0,0,0,1,0,0,0,0,1
13,CLUJ,"LICEUL TEORETIC ”GH. SINCAI”",69,"MUNICIPIUL CLUJ-NAPOCA",54975,1,PROV,PRCNCT,CD,CD_SV,"2021-01-21 12:30:02",1473,1414,55,4,659,600,55,4,1560,901,653,5,1,61,55,14,207,243,22,6,7,2,16,1,1,5,0,0,0,0,0,1,0,0,0,0,0,3,0,0,0,1,0,8
13,CLUJ,"LICEUL TEORETIC ”GH. SINCAI”",70,"MUNICIPIUL CLUJ-NAPOCA",54975,1,PROV,PRCNCT,CD,CD_SV,"2021-01-21 12:30:02",1185,1163,19,3,505,483,19,3,1276,771,500,5,0,47,68,6,167,150,25,2,4,4,7,3,1,12,1,0,0,0,0,0,0,0,0,1,0,0,0,0,0,0,0,2
13,CLUJ,"LICEUL TEORETIC ”GH. SINCAI”",71,"MUNICIPIUL CLUJ-NAPOCA",54975,1,PROV,PRCNCT,CD,CD_SV,"2021-01-21 12:30:02",1744,1684,43,17,671,611,43,17,1856,1185,668,2,1,52,84,24,212,202,27,5,3,10,27,4,2,10,1,0,0,1,1,0,0,0,0,0,1,0,0,0,0,0,0,2
13,CLUJ,"LICEUL TEORETIC ”GH. SINCAI”",72,"MUNICIPIUL CLUJ-NAPOCA",54975,1,PROV,PRCNCT,CD,CD_SV,"2021-01-21 12:30:02",1175,1145,30,0,520,490,30,0,1259,739,518,1,1,16,77,10,173,172,19,2,4,8,25,1,1,8,0,0,0,0,0,0,0,0,0,0,0,0,0,0,0,0,0,2
13,CLUJ,"LICEUL TEORETIC ”GH. SINCAI”",73,"MUNICIPIUL CLUJ-NAPOCA",54975,1,PROV,PRCNCT,CD,CD_SV,"2021-01-21 12:30:02",1429,1401,24,4,496,468,24,4,1542,1046,486,8,2,19,59,14,154,180,16,8,2,8,16,3,0,5,0,0,0,0,1,0,0,0,0,0,0,0,0,0,0,0,0,1
13,CLUJ,"LICEUL TEORETIC ”GH. SINCAI”",74,"MUNICIPIUL CLUJ-NAPOCA",54975,1,PROV,PRCNCT,CD,CD_SV,"2021-01-21 12:30:02",1409,1380,24,5,507,478,24,5,1515,1008,503,3,1,40,39,11,181,177,15,3,5,3,17,0,1,4,0,0,0,1,0,1,0,0,0,0,0,0,0,0,1,0,0,4
13,CLUJ,"ŞCOALA ”LIVIU REBREANU”",75,"MUNICIPIUL CLUJ-NAPOCA",54975,1,PROV,PRCNCT,CD,CD_SV,"2021-01-21 12:30:02",1566,1549,17,0,536,519,17,0,1708,1172,533,2,1,68,73,19,124,182,19,1,5,8,13,2,3,7,3,0,0,1,0,0,0,0,3,0,0,0,0,0,0,0,0,2
13,CLUJ,"ŞCOALA ”LIVIU REBREANU”",76,"MUNICIPIUL CLUJ-NAPOCA",54975,2,PART,PRCNCT,CD,CD_SV,"2021-01-21 12:30:02",1565,1540,23,2,487,462,23,2,1700,1213,478,6,3,47,63,21,126,160,11,2,6,7,24,3,1,4,0,0,0,0,0,0,0,0,0,0,0,0,0,0,0,0,1,2
13,CLUJ,"ŞCOALA ”LIVIU REBREANU”",77,"MUNICIPIUL CLUJ-NAPOCA",54975,1,PROV,PRCNCT,CD,CD_SV,"2021-01-21 12:30:02",1580,1551,29,0,487,458,29,0,1703,1216,481,4,2,42,61,15,116,173,12,0,2,5,34,7,3,8,0,1,0,0,0,0,0,0,0,0,0,1,0,0,0,0,0,1
13,CLUJ,"GRADINIŢA ”UNIVERSUL COPIILOR” (FOSTĂ NR.71)",78,"MUNICIPIUL CLUJ-NAPOCA",54975,1,PROV,PRCNCT,CD,CD_SV,"2021-01-21 12:30:02",1461,1430,31,0,516,485,31,0,1579,1063,509,7,0,57,57,19,117,185,17,7,8,10,17,2,1,7,0,1,0,1,0,1,0,0,0,0,0,0,0,0,1,0,0,1
13,CLUJ,"ŞCOALA ” LIVIU REBREANU”( FOSTA CONSTANTIN BRÂNCOVEANU),ALEEA RETEZAT NR.4",79,"MUNICIPIUL CLUJ-NAPOCA",54975,1,PROV,PRCNCT,CD,CD_SV,"2021-01-21 12:30:02",1526,1510,16,0,464,448,16,0,1659,1195,460,3,1,27,67,18,108,162,15,1,6,9,32,4,0,6,0,1,0,0,0,0,0,0,0,0,0,1,0,0,2,0,0,1
13,CLUJ,"ŞCOALA ” LIVIU REBREANU” ( FOSTA CONSTANTIN BRÂNCOVEANU), ALEEA RETEZAT NR.4",80,"MUNICIPIUL CLUJ-NAPOCA",54975,1,PROV,PRCNCT,CD,CD_SV,"2021-01-21 12:30:02",1128,1110,14,4,397,379,14,4,1224,827,390,6,1,28,57,9,110,128,13,1,7,9,16,4,1,6,0,0,0,0,0,0,0,0,0,0,0,0,0,0,0,0,0,1
13,CLUJ,"ŞCOALA ” LIVIU REBREANU” ( FOSTA CONSTANTIN BRÂNCOVEANU), ALEEA RETEZAT NR.4",81,"MUNICIPIUL CLUJ-NAPOCA",54975,1,PROV,PRCNCT,CD,CD_SV,"2021-01-21 12:30:02",1400,1364,35,1,480,444,35,1,1503,1023,475,4,1,57,64,9,125,167,17,4,5,3,16,0,0,3,1,0,0,1,0,0,0,0,0,0,0,1,0,0,0,1,0,1
13,CLUJ,"ŞCOALA ” LIVIU REBREANU” ( FOSTA CONSTANTIN BRÂNCOVEANU), ALEEA RETEZAT NR.4",82,"MUNICIPIUL CLUJ-NAPOCA",54975,1,PROV,PRCNCT,CD,CD_SV,"2021-01-21 12:30:02",957,933,24,0,310,286,24,0,1024,714,308,1,1,19,26,13,91,106,5,0,4,6,26,2,1,9,0,0,0,0,0,0,0,0,0,0,0,0,0,0,0,0,0,0
13,CLUJ,"GRADINIŢA” BUBURUZA” (FOSTĂ NR. 70),",83,"MUNICIPIUL CLUJ-NAPOCA",54975,3,PART,PRCNCT,CD,CD_SV,"2021-01-21 12:30:02",1154,1115,39,0,361,322,39,0,1231,870,360,1,0,29,50,5,112,121,12,0,2,9,11,1,1,2,0,0,0,0,0,0,0,0,2,0,0,1,0,0,0,0,0,2
13,CLUJ,"GRADINIŢA” BUBURUZA” (FOSTĂ NR. 70),",84,"MUNICIPIUL CLUJ-NAPOCA",54975,1,PROV,PRCNCT,CD,CD_SV,"2021-01-21 12:30:02",1567,1536,26,5,482,451,26,5,1699,1217,473,6,3,32,59,11,133,179,16,2,2,6,22,1,1,7,1,1,0,0,0,0,0,0,0,0,0,0,0,0,0,0,0,0
13,CLUJ,"GRADINIŢA ”ACADEMIA PITICILOR”(FOSTĂ NR. 72),",85,"MUNICIPIUL CLUJ-NAPOCA",54975,1,PROV,PRCNCT,CD,CD_SV,"2021-01-21 12:30:02",1731,1713,17,1,601,583,17,1,1890,1289,596,5,0,64,78,20,123,237,11,6,6,8,23,5,2,5,0,0,1,0,0,0,0,0,2,0,0,1,0,0,0,0,0,4
13,CLUJ,"GRADINIŢA ”ACADEMIA PITICILOR”(FOSTĂ NR. 72),",86,"MUNICIPIUL CLUJ-NAPOCA",54975,1,PROV,PRCNCT,CD,CD_SV,"2021-01-21 12:30:02",1457,1427,23,7,451,421,23,7,1570,1119,444,2,5,51,61,15,133,136,17,0,3,3,13,3,2,3,0,0,0,0,0,0,0,0,1,0,0,0,0,0,0,0,0,3
13,CLUJ,"FOSTA ŞCOALĂ NR.6,",87,"MUNICIPIUL CLUJ-NAPOCA",54975,1,PROV,PRCNCT,CD,CD_SV,"2021-01-21 12:30:02",1399,1373,22,4,431,405,22,4,1507,1076,426,4,1,53,46,7,109,157,11,2,3,3,19,2,1,7,0,0,0,0,0,0,0,0,0,0,0,0,0,1,0,0,0,5
13,CLUJ,"FOSTA ŞCOALĂ NR.6,",88,"MUNICIPIUL CLUJ-NAPOCA",54975,1,PROV,PRCNCT,CD,CD_SV,"2021-01-21 12:30:02",1569,1545,16,8,558,534,16,8,1701,1143,551,7,0,90,59,15,153,169,11,1,7,7,24,1,2,4,1,1,0,0,0,0,0,0,2,0,2,1,0,0,0,0,0,1
13,CLUJ,"FOSTA ŞCOALĂ NR.6,",89,"MUNICIPIUL CLUJ-NAPOCA",54975,1,PROV,PRCNCT,CD,CD_SV,"2021-01-21 12:30:02",1603,1568,33,2,505,470,33,2,1723,1218,495,9,1,49,54,15,114,184,17,3,2,4,30,3,1,10,0,2,0,0,0,1,0,0,0,0,0,0,0,0,0,0,2,4
13,CLUJ,"FOSTA ŞCOALĂ NR.6,",90,"MUNICIPIUL CLUJ-NAPOCA",54975,1,PROV,PRCNCT,CD,CD_SV,"2021-01-21 12:30:02",1199,1184,15,0,454,439,15,0,1306,852,447,5,2,56,64,11,126,125,21,0,4,3,18,5,2,10,1,0,0,0,0,0,0,0,0,0,0,0,0,0,0,0,0,1
13,CLUJ,"ŞCOALA ”OCTAVIAN GOGA”",91,"MUNICIPIUL CLUJ-NAPOCA",54975,1,PROV,PRCNCT,CD,CD_SV,"2021-01-21 12:30:02",1548,1501,47,0,543,496,47,0,1661,1118,541,0,2,69,79,13,138,181,17,4,3,7,17,2,1,7,0,0,1,0,1,1,0,0,0,0,0,0,0,0,0,0,0,0
13,CLUJ,"ŞCOALA ”OCTAVIAN GOGA”",92,"MUNICIPIUL CLUJ-NAPOCA",54975,1,PROV,PRCNCT,CD,CD_SV,"2021-01-21 12:30:02",1426,1397,29,0,439,410,29,0,1537,1098,434,4,1,38,58,5,98,176,9,1,1,5,26,5,1,9,0,0,0,0,0,0,0,0,0,0,0,0,1,0,0,0,0,1
13,CLUJ,"ŞCOALA ”OCTAVIAN GOGA”",93,"MUNICIPIUL CLUJ-NAPOCA",54975,1,PROV,PRCNCT,CD,CD_SV,"2021-01-21 12:30:02",1608,1581,25,2,456,429,25,2,1738,1282,452,4,0,33,44,7,115,170,20,0,8,7,33,1,1,8,0,0,0,0,0,0,0,0,0,1,1,0,0,0,0,0,0,3
13,CLUJ,"COLEGIUL NAŢIONAL”GEORGE COŞBUC”,",94,"MUNICIPIUL CLUJ-NAPOCA",54975,1,PROV,PRCNCT,CD,CD_SV,"2021-01-21 12:30:02",1236,1183,34,19,457,404,34,19,1307,850,451,5,1,34,51,10,160,152,12,3,1,3,14,1,0,5,0,0,0,0,0,0,0,0,1,0,0,1,1,0,1,0,0,1
13,CLUJ,"COLEGIUL NAŢIONAL”GEORGE COŞBUC”,",95,"MUNICIPIUL CLUJ-NAPOCA",54975,1,PROV,PRCNCT,CD,CD_SV,"2021-01-21 12:30:02",942,928,14,0,366,352,14,0,1028,662,364,2,0,47,37,7,120,116,11,0,3,1,5,5,0,5,0,0,0,0,2,0,0,0,0,0,0,0,0,0,1,0,2,2
13,CLUJ,"GRADINIŢA ”POIENIŢA”,",96,"MUNICIPIUL CLUJ-NAPOCA",54975,1,PROV,PRCNCT,CD,CD_SV,"2021-01-21 12:30:02",1645,1607,33,5,743,705,33,5,1766,1023,739,4,0,94,83,14,199,272,24,3,5,8,13,3,0,9,0,1,1,0,0,2,0,0,0,0,0,2,2,0,1,0,0,3
13,CLUJ,"GRADINIŢA ”POIENIŢA”,",97,"MUNICIPIUL CLUJ-NAPOCA",54975,1,PROV,PRCNCT,CD,CD_SV,"2021-01-21 12:30:02",1702,1642,45,15,788,728,45,15,1790,1002,785,3,0,53,45,13,393,230,14,0,3,10,14,4,0,4,0,0,0,0,1,0,0,0,0,0,0,0,0,0,0,0,0,1
13,CLUJ,"GRADINIŢA ”POIENIŢA”,",98,"MUNICIPIUL CLUJ-NAPOCA",54975,1,PROV,PRCNCT,CD,CD_SV,"2021-01-21 12:30:02",1904,1858,45,1,772,726,45,1,2046,1274,764,7,1,85,65,16,279,233,30,4,7,6,17,2,2,10,0,1,0,2,1,1,0,0,0,1,0,0,0,1,1,0,0,0
13,CLUJ,"GRADINIŢA ”POIENIŢA”,",99,"MUNICIPIUL CLUJ-NAPOCA",54975,1,PROV,PRCNCT,CD,CD_SV,"2021-01-21 12:30:02",1415,1394,21,0,694,673,21,0,1529,835,691,3,0,43,53,14,325,192,24,1,1,9,15,0,0,7,0,0,0,0,0,0,1,0,1,0,0,0,1,0,0,0,0,4
13,CLUJ,"ŞCOALA ”CONSTANTIN BRÂNCUŞI”",100,"MUNICIPIUL CLUJ-NAPOCA",54975,2,PART,PRCNCT,CD,CD_SV,"2021-01-21 12:30:02",2014,1978,24,12,932,896,24,12,2169,1237,929,3,0,82,94,19,332,275,40,12,4,17,34,0,0,11,0,1,0,0,0,1,0,0,0,1,0,2,0,0,1,1,0,2
13,CLUJ,"ŞCOALA ”CONSTANTIN BRÂNCUŞI”",101,"MUNICIPIUL CLUJ-NAPOCA",54975,1,PROV,PRCNCT,CD,CD_SV,"2021-01-21 12:30:02",1638,1601,30,7,667,630,30,7,1766,1099,649,16,2,87,64,10,199,213,21,2,8,4,20,4,1,9,3,0,0,0,0,1,0,0,0,0,0,0,0,0,0,0,0,3
13,CLUJ,"ŞCOALA ”CONSTANTIN BRÂNCUŞI”",102,"MUNICIPIUL CLUJ-NAPOCA",54975,1,PROV,PRCNCT,CD,CD_SV,"2021-01-21 12:30:02",1451,1413,33,5,615,577,33,5,1548,933,612,1,2,69,54,6,239,186,21,2,0,3,16,1,0,7,0,0,0,0,0,0,0,0,0,0,1,0,2,2,0,0,1,2
13,CLUJ,"ŞCOALA ”CONSTANTIN BRÂNCUŞI”",103,"MUNICIPIUL CLUJ-NAPOCA",54975,1,PROV,PRCNCT,CD,CD_SV,"2021-01-21 12:30:02",1542,1502,38,2,548,508,38,2,1652,1104,546,2,0,51,64,11,201,160,16,2,2,1,16,3,0,10,1,1,1,0,0,0,0,0,0,0,0,0,0,2,0,1,1,2
13,CLUJ,"GRĂDINIŢA ”LUMEA COPIILOR”, STR.SEPTIMIU ALBINI NR 53",104,"MUNICIPIUL CLUJ-NAPOCA",54975,1,PROV,PRCNCT,CD,CD_SV,"2021-01-21 12:30:02",1014,976,38,0,459,421,38,0,1075,616,454,4,1,101,38,13,119,137,15,0,2,3,17,0,1,7,0,0,0,0,0,0,0,0,0,0,0,0,0,0,0,0,0,1
13,CLUJ,"CREŞA ”CASTELUL FERMECAT”, STR.SEPTIMIU ALBINI NR.91",105,"MUNICIPIUL CLUJ-NAPOCA",54975,1,PROV,PRCNCT,CD,CD_SV,"2021-01-21 12:30:02",1516,1481,33,2,574,539,33,2,1629,1055,572,2,0,109,48,17,189,156,11,3,6,3,12,1,0,6,5,0,0,0,2,2,0,0,0,0,0,1,0,0,1,0,0,0
13,CLUJ,"CREŞA ”CASTELUL FERMECAT”, STR.SEPTIMIU ALBINI NR.91",106,"MUNICIPIUL CLUJ-NAPOCA",54975,1,PROV,PRCNCT,CD,CD_SV,"2021-01-21 12:30:02",1513,1484,29,0,571,542,29,0,1636,1065,568,3,0,99,61,11,158,182,21,1,6,4,15,3,1,2,1,0,0,0,0,0,0,0,0,0,0,0,0,1,0,0,0,2
13,CLUJ,"GRĂDINIŢA ” LUMEA COPIILOR” (FOSTĂ NR. 20),",107,"MUNICIPIUL CLUJ-NAPOCA",54975,2,PART,PRCNCT,CD,CD_SV,"2021-01-21 12:30:02",1737,1699,34,4,552,514,34,4,1873,1321,544,7,1,88,50,21,147,186,10,1,5,7,17,0,1,7,0,0,0,0,0,0,0,0,0,0,0,2,0,0,0,0,1,1
13,CLUJ,"GRĂDINIŢA ” LUMEA COPIILOR” (FOSTĂ NR. 20),",108,"MUNICIPIUL CLUJ-NAPOCA",54975,1,PROV,PRCNCT,CD,CD_SV,"2021-01-21 12:30:02",1549,1530,18,1,505,486,18,1,1689,1184,497,5,3,81,57,16,127,181,5,2,3,2,10,3,1,8,0,0,0,0,0,0,0,0,0,0,0,0,0,0,0,0,0,1
13,CLUJ,"LICEUL TEORETIC ”LUCIAN BLAGA”",109,"MUNICIPIUL CLUJ-NAPOCA",54975,1,PROV,PRCNCT,CD,CD_SV,"2021-01-21 12:30:02",1621,1581,39,1,632,592,39,1,1740,1108,625,5,2,122,67,12,170,184,8,7,3,3,30,3,2,8,1,0,0,0,0,0,0,0,0,0,1,0,0,1,0,0,1,2
13,CLUJ,"LICEUL TEORETIC ”LUCIAN BLAGA”",110,"MUNICIPIUL CLUJ-NAPOCA",54975,1,PROV,PRCNCT,CD,CD_SV,"2021-01-21 12:30:02",1326,1307,15,4,460,441,15,4,1439,979,454,4,2,67,46,9,143,136,14,6,7,1,10,1,2,10,0,0,0,0,0,0,0,0,0,0,0,0,0,1,0,0,0,1
13,CLUJ,"LICEUL TEORETIC ”LUCIAN BLAGA”",111,"MUNICIPIUL CLUJ-NAPOCA",54975,1,PROV,PRCNCT,CD,CD_SV,"2021-01-21 12:30:02",1294,1234,58,2,511,451,58,2,1370,859,509,2,0,87,48,15,162,144,15,4,2,5,16,1,0,6,0,0,1,0,0,0,0,0,0,0,0,1,0,0,0,0,0,2
13,CLUJ,"LICEUL TEORETIC ”LUCIAN BLAGA”",112,"MUNICIPIUL CLUJ-NAPOCA",54975,1,PROV,PRCNCT,CD,CD_SV,"2021-01-21 12:30:02",1466,1428,32,6,500,462,32,6,1571,1071,493,6,1,48,52,15,161,156,16,3,1,5,25,5,1,1,0,1,0,0,0,1,0,0,0,0,0,0,0,0,0,0,1,1
13,CLUJ,"ŞCOALA ” N.TITULESCU”",113,"MUNICIPIUL CLUJ-NAPOCA",54975,1,PROV,PRCNCT,CD,CD_SV,"2021-01-21 12:30:02",1852,1801,47,4,704,653,47,4,1981,1277,697,5,2,66,75,26,241,207,19,9,4,9,17,7,1,10,0,0,0,0,0,0,0,0,0,1,0,0,0,1,1,0,0,3
13,CLUJ,"ŞCOALA ” N.TITULESCU”",114,"MUNICIPIUL CLUJ-NAPOCA",54975,1,PROV,PRCNCT,CD,CD_SV,"2021-01-21 12:30:02",1715,1683,30,2,641,609,30,2,1845,1204,637,2,2,74,74,16,171,215,17,4,5,4,28,2,4,13,0,1,1,0,0,0,0,0,0,1,0,0,0,1,2,0,0,4
13,CLUJ,"LICEUL TEHNOLOGIC ”AL. BORZA”",115,"MUNICIPIUL CLUJ-NAPOCA",54975,2,PART,PRCNCT,CD,CD_SV,"2021-01-21 12:30:02",1595,1530,65,0,697,632,65,0,1679,982,695,2,0,73,61,26,252,183,26,4,11,14,25,1,0,11,0,0,0,0,1,0,0,0,2,0,0,2,1,0,0,0,0,2
13,CLUJ,"LICEUL TEHNOLOGIC ”AL. BORZA”",116,"MUNICIPIUL CLUJ-NAPOCA",54975,1,PROV,PRCNCT,CD,CD_SV,"2021-01-21 12:30:02",1919,1824,90,5,914,819,90,5,1970,1056,909,5,0,46,49,18,524,203,25,0,3,6,12,3,2,13,0,0,0,1,0,0,1,0,0,0,0,1,0,0,0,0,0,2
13,CLUJ,"COLEGIUL TEHNIC DE TRANSPORTURI” TRANSILVANIA”",117,"MUNICIPIUL CLUJ-NAPOCA",54975,1,PROV,PRCNCT,CD,CD_SV,"2021-01-21 12:30:02",1520,1495,23,2,630,605,23,2,1646,1016,628,1,1,116,60,12,180,200,19,0,1,10,18,2,1,5,1,0,0,1,0,0,0,0,1,0,0,0,0,0,0,0,1,0
13,CLUJ,"COLEGIUL TEHNIC DE TRANSPORTURI” TRANSILVANIA”",118,"MUNICIPIUL CLUJ-NAPOCA",54975,1,PROV,PRCNCT,CD,CD_SV,"2021-01-21 12:30:02",1873,1835,34,4,758,720,34,4,2025,1267,754,4,0,72,79,19,260,244,27,0,5,6,26,1,2,8,0,0,0,0,2,0,0,0,0,0,0,0,0,0,0,0,0,3
13,CLUJ,"COLEGIUL TEHNIC ”ENERGETIC”",119,"MUNICIPIUL CLUJ-NAPOCA",54975,1,PROV,PRCNCT,CD,CD_SV,"2021-01-21 12:30:02",1610,1562,44,4,671,623,44,4,1716,1045,663,8,0,57,85,11,221,220,19,1,9,5,17,3,3,6,1,0,0,1,0,0,0,0,1,0,0,0,1,0,0,1,0,1
13,CLUJ,"UNIVERSITATEA ”BABES-BOLYAI” - FACULTATEA DE ŞTIINŢE ECONOMICE ŞI GESTIUNEA AFACERILOR,",120,"MUNICIPIUL CLUJ-NAPOCA",54975,1,PROV,PRCNCT,CD,CD_SV,"2021-01-21 12:30:02",1917,1875,42,0,645,603,42,0,2060,1415,640,4,1,48,66,14,238,201,21,4,4,7,18,3,3,9,0,0,0,1,0,0,0,0,0,0,0,1,0,1,0,0,0,1
13,CLUJ,"UNIVERSITATEA ”BABES-BOLYAI” - FACULTATEA DE ŞTIINŢE ECONOMICE ŞI GESTIUNEA AFACERILOR,",121,"MUNICIPIUL CLUJ-NAPOCA",54975,1,PROV,PRCNCT,CD,CD_SV,"2021-01-21 12:30:02",1299,1273,25,1,401,375,25,1,1396,995,398,3,0,42,43,13,106,140,13,7,5,6,13,1,1,6,0,0,0,0,0,0,0,0,0,0,0,0,0,0,0,0,0,2
13,CLUJ,"ŞCOALA ”ION AGÂRBICEANU”,",122,"MUNICIPIUL CLUJ-NAPOCA",54975,1,PROV,PRCNCT,CD,CD_SV,"2021-01-21 12:30:02",1292,1255,34,3,463,426,34,3,1387,924,460,3,0,61,69,14,129,127,11,0,6,5,17,7,1,10,0,0,1,0,0,0,0,0,0,0,0,0,0,0,0,0,0,2
13,CLUJ,"ŞCOALA ”ION AGÂRBICEANU”,",123,"MUNICIPIUL CLUJ-NAPOCA",54975,1,PROV,PRCNCT,CD,CD_SV,"2021-01-21 12:30:02",1399,1367,30,2,559,527,30,2,1502,943,551,8,0,62,58,10,135,204,17,1,7,18,19,4,2,5,1,0,0,1,1,0,0,0,0,0,0,0,1,0,0,0,0,5
13,CLUJ,"ŞCOALA ”ION AGÂRBICEANU”,",124,"MUNICIPIUL CLUJ-NAPOCA",54975,1,PROV,PRCNCT,CD,CD_SV,"2021-01-21 12:30:02",1555,1516,35,4,555,516,35,4,1672,1117,554,1,0,57,50,8,172,184,22,0,7,3,35,3,0,6,0,0,0,0,0,0,0,1,0,0,0,1,0,0,0,0,0,5
13,CLUJ,"ŞCOALA ”ION AGÂRBICEANU”,",125,"MUNICIPIUL CLUJ-NAPOCA",54975,1,PROV,PRCNCT,CD,CD_SV,"2021-01-21 12:30:02",1395,1359,36,0,498,462,36,0,1497,999,494,3,1,61,59,18,116,175,6,1,9,7,14,12,1,11,0,1,0,0,1,0,0,0,0,0,0,0,0,0,0,0,0,2
13,CLUJ,"ŞCOALA ”ION AGÂRBICEANU”,",126,"MUNICIPIUL CLUJ-NAPOCA",54975,1,PROV,PRCNCT,CD,CD_SV,"2021-01-21 12:30:02",1422,1387,31,4,527,492,31,4,1527,1000,521,3,3,45,69,17,153,172,20,2,2,9,16,3,4,8,0,1,0,0,0,0,0,0,0,0,0,0,0,0,0,0,0,0
13,CLUJ,"ŞCOALA ”ION AGÂRBICEANU”,",127,"MUNICIPIUL CLUJ-NAPOCA",54975,1,PROV,PRCNCT,CD,CD_SV,"2021-01-21 12:30:02",1403,1375,28,0,461,433,28,0,1513,1052,458,3,0,52,60,11,140,149,20,1,0,3,11,5,1,2,0,0,0,0,1,0,0,0,0,1,0,0,0,0,0,0,0,1
13,CLUJ,"ŞCOALA ”ION AGÂRBICEANU”,",128,"MUNICIPIUL CLUJ-NAPOCA",54975,1,PROV,PRCNCT,CD,CD_SV,"2021-01-21 12:30:02",1420,1380,30,10,432,392,30,10,1493,1061,425,5,2,55,32,7,140,117,11,3,4,15,30,0,2,4,0,0,1,0,0,0,0,1,1,0,0,0,0,0,0,0,1,1
13,CLUJ,"GRĂDINŢA ”MĂMARUŢA” (FOSTĂ NR. 42),",129,"MUNICIPIUL CLUJ-NAPOCA",54975,1,PROV,PRCNCT,CD,CD_SV,"2021-01-21 12:30:02",1616,1586,26,4,631,601,26,4,1749,1118,621,7,3,58,75,10,205,199,16,1,8,5,25,3,0,9,0,0,0,0,0,0,0,0,0,1,0,0,0,0,0,0,0,6
13,CLUJ,"COLEGIUL TEHNIC ”ANGHEL SALIGNY”,",130,"MUNICIPIUL CLUJ-NAPOCA",54975,1,PROV,PRCNCT,CD,CD_SV,"2021-01-21 12:30:02",1446,1414,32,0,555,523,32,0,1557,1002,550,3,2,58,64,25,133,177,22,3,10,4,39,4,0,6,0,0,0,0,0,0,0,0,1,0,0,2,0,0,0,0,0,2
13,CLUJ,"COLEGIUL TEHNIC ”ANGHEL SALIGNY”,",131,"MUNICIPIUL CLUJ-NAPOCA",54975,2,PART,PRCNCT,CD,CD_SV,"2021-01-21 12:30:02",1253,1227,25,1,437,411,25,1,1353,916,433,2,2,57,59,15,113,119,12,3,4,10,25,6,1,4,0,0,0,0,0,0,0,0,2,1,0,0,0,0,0,1,0,1
13,CLUJ,"COLEGIUL TEHNIC ”ANGHEL SALIGNY”,",132,"MUNICIPIUL CLUJ-NAPOCA",54975,2,PART,PRCNCT,CD,CD_SV,"2021-01-21 12:30:02",1566,1514,21,31,600,548,21,31,1663,1063,595,5,0,65,73,23,151,216,21,5,10,4,17,4,0,2,0,0,0,0,0,0,0,0,0,0,1,1,0,0,0,2,0,0
13,CLUJ,"COLEGIUL TEHNIC ”ANGHEL SALIGNY”",133,"MUNICIPIUL CLUJ-NAPOCA",54975,1,PROV,PRCNCT,CD,CD_SV,"2021-01-21 12:30:02",1601,1567,28,6,556,522,28,6,1729,1173,555,1,0,85,55,18,154,193,8,5,2,6,18,1,1,5,1,0,1,0,1,0,0,0,1,0,0,0,0,0,0,0,0,0
13,CLUJ,"COLEGIUL DE MUZICĂ ”SIGISMUND TODUŢĂ” (FOSTUL GRUP SCOLAR DE MATERIAL RULANT- UNIREA)",134,"MUNICIPIUL CLUJ-NAPOCA",54975,1,PROV,PRCNCT,CD,CD_SV,"2021-01-21 12:30:02",1618,1588,29,1,571,541,29,1,1741,1170,570,1,0,55,72,15,166,178,15,1,9,19,20,1,0,14,0,0,0,1,0,1,0,0,2,0,0,0,0,0,0,0,0,1
13,CLUJ,"COLEGIUL DE MUZICĂ ”SIGISMUND TODUŢĂ” (FOSTUL GRUP SCOLAR DE MATERIAL RULANT- UNIREA)",135,"MUNICIPIUL CLUJ-NAPOCA",54975,1,PROV,PRCNCT,CD,CD_SV,"2021-01-21 12:30:02",934,903,28,3,307,276,28,3,991,684,306,1,0,45,30,9,99,87,7,1,0,0,17,0,1,5,1,0,0,0,0,0,0,0,0,0,0,1,0,0,0,0,0,3
13,CLUJ,"LICEUL TEORETIC ”A. IANCU”,",136,"MUNICIPIUL CLUJ-NAPOCA",54975,1,PROV,PRCNCT,CD,CD_SV,"2021-01-21 12:30:02",1651,1602,46,3,644,595,46,3,1744,1100,637,4,3,80,61,11,236,189,14,3,2,4,23,3,0,5,0,0,0,0,0,0,0,0,0,1,0,0,1,0,0,1,1,2
13,CLUJ,"LICEUL TEORETIC ”VICTOR BABEŞ” (FOSTA SCOALA ”DAVID PRODAN”),",137,"MUNICIPIUL CLUJ-NAPOCA",54975,1,PROV,PRCNCT,CD,CD_SV,"2021-01-21 12:30:02",1852,1793,35,24,616,557,35,24,1961,1345,606,6,4,126,60,11,139,184,18,1,10,5,32,2,1,7,3,0,1,0,0,2,0,0,2,0,0,0,0,1,0,0,0,1
13,CLUJ,"LICEUL TEORETIC ”VICTOR BABEŞ” (FOSTA SCOALA ”DAVID PRODAN”)",138,"MUNICIPIUL CLUJ-NAPOCA",54975,1,PROV,PRCNCT,CD,CD_SV,"2021-01-21 12:30:02",1874,1836,38,0,730,692,38,0,2020,1290,721,7,2,144,53,21,227,191,31,2,4,4,28,2,2,5,0,0,1,1,0,1,0,0,0,0,0,1,0,0,0,1,0,2
13,CLUJ,"ŞCOALA ”HOREA”",139,"MUNICIPIUL CLUJ-NAPOCA",54975,1,PROV,PRCNCT,CD,CD_SV,"2021-01-21 12:30:02",1541,1489,36,16,509,457,36,16,1642,1133,501,7,1,66,89,14,143,136,13,1,2,2,20,0,3,7,0,0,0,0,0,0,0,0,0,0,0,1,1,0,0,0,0,3
13,CLUJ,"LICEUL TEORETIC ”N. BALCESCU”,",140,"MUNICIPIUL CLUJ-NAPOCA",54975,2,PART,PRCNCT,CD,CD_SV,"2021-01-21 12:30:02",1473,1392,63,18,558,477,63,18,1545,987,550,8,0,79,58,16,172,162,18,1,3,8,19,1,2,7,0,0,0,0,0,1,0,0,0,0,0,0,0,0,0,0,0,3
13,CLUJ,"LICEUL TEORETIC UNITARIAN” JANOS ZSIGMOND”",141,"MUNICIPIUL CLUJ-NAPOCA",54975,1,PROV,PRCNCT,CD,CD_SV,"2021-01-21 12:30:02",1331,1281,48,2,483,433,48,2,1420,937,479,2,2,101,59,13,133,111,16,3,0,4,25,0,0,4,0,0,0,0,4,0,0,0,1,0,0,1,0,0,1,0,0,3
13,CLUJ,"PAVILIONUL ”EXPO TRANSILVANIA”",142,"MUNICIPIUL CLUJ-NAPOCA",54975,1,PROV,PRCNCT,CD,CD_SV,"2021-01-21 12:30:02",1722,1700,22,0,661,639,22,0,1875,1214,657,3,1,53,74,20,160,249,36,7,5,8,25,4,0,11,1,0,1,0,0,0,0,0,0,0,0,0,0,0,0,0,0,3
13,CLUJ,"PAVILIONUL ”EXPO TRANSILVANIA”",143,"MUNICIPIUL CLUJ-NAPOCA",54975,1,PROV,PRCNCT,CD,CD_SV,"2021-01-21 12:30:02",1285,1261,23,1,480,456,23,1,1381,901,477,3,0,30,55,12,170,157,11,1,4,8,21,1,2,4,0,0,0,0,0,0,0,0,0,0,0,0,0,0,1,0,0,0
13,CLUJ,"PAVILIONUL ”EXPO TRANSILVANIA”",144,"MUNICIPIUL CLUJ-NAPOCA",54975,1,PROV,PRCNCT,CD,CD_SV,"2021-01-21 12:30:02",1595,1566,27,2,622,593,27,2,1729,1107,618,3,1,70,75,21,175,204,18,1,10,9,21,2,1,6,0,0,0,0,0,0,0,0,0,0,0,0,0,0,0,0,0,5
13,CLUJ,"PAVILIONUL ”EXPO TRANSILVANIA”",145,"MUNICIPIUL CLUJ-NAPOCA",54975,1,PROV,PRCNCT,CD,CD_SV,"2021-01-21 12:30:02",1462,1415,47,0,507,460,47,0,1552,1045,501,6,0,32,57,19,124,175,13,9,7,9,44,2,0,8,0,0,0,0,1,0,0,0,0,0,0,0,0,0,0,0,0,1
13,CLUJ,"PAVILIONUL ”EXPO TRANSILVANIA”",146,"MUNICIPIUL CLUJ-NAPOCA",54975,1,PROV,PRCNCT,CD,CD_SV,"2021-01-21 12:30:02",1318,1295,23,0,350,327,23,0,1429,1079,346,1,3,33,30,9,74,133,15,3,4,3,31,3,0,5,0,0,0,1,1,0,0,0,0,0,0,0,0,0,0,0,0,1
13,CLUJ,"PAVILIONUL ”EXPO TRANSILVANIA”",147,"MUNICIPIUL CLUJ-NAPOCA",54975,1,PROV,PRCNCT,CD,CD_SV,"2021-01-21 12:30:02",1572,1533,38,1,490,451,38,1,1685,1195,481,7,2,26,45,24,114,185,14,3,8,11,42,3,0,2,0,1,1,0,0,0,0,0,0,0,0,0,0,0,0,0,0,2
13,CLUJ,"PAVILIONUL ”EXPO TRANSILVANIA”",148,"MUNICIPIUL CLUJ-NAPOCA",54975,1,PROV,PRCNCT,CD,CD_SV,"2021-01-21 12:30:02",1459,1414,45,0,475,430,45,0,1526,1051,468,7,0,52,55,8,110,165,19,0,11,12,22,1,1,3,0,0,1,1,0,0,0,0,1,0,0,0,0,0,0,0,2,4
13,CLUJ,"GRĂDINIŢA ”DEGEŢICA” (FOSTĂ NR. 53),",149,"MUNICIPIUL CLUJ-NAPOCA",54975,1,PROV,PRCNCT,CD,CD_SV,"2021-01-21 12:30:02",1689,1653,36,0,676,640,36,0,1815,1139,670,5,1,53,64,21,231,223,21,1,4,8,31,1,1,7,0,0,0,0,0,0,0,0,1,0,0,1,0,1,0,0,0,1
13,CLUJ,"GRĂDINIŢA ”DEGEŢICA” (FOSTĂ NR. 53),",150,"MUNICIPIUL CLUJ-NAPOCA",54975,1,PROV,PRCNCT,CD,CD_SV,"2021-01-21 12:30:02",1530,1500,30,0,493,463,30,0,1653,1160,491,1,1,41,38,11,129,200,20,4,5,8,25,3,0,3,0,0,0,0,3,0,0,0,0,0,0,0,0,0,0,0,0,1
13,CLUJ,"ŞCOALA ” AL.VAIDA VOEVOD”,",151,"MUNICIPIUL CLUJ-NAPOCA",54975,1,PROV,PRCNCT,CD,CD_SV,"2021-01-21 12:30:02",1645,1609,36,0,533,497,36,0,1767,1234,524,8,1,37,41,13,147,225,18,0,2,8,21,2,1,4,0,1,0,0,0,0,0,0,0,0,0,1,0,0,0,0,0,3
13,CLUJ,"ŞCOALA ” AL.VAIDA VOEVOD”,",152,"MUNICIPIUL CLUJ-NAPOCA",54975,1,PROV,PRCNCT,CD,CD_SV,"2021-01-21 12:30:02",1669,1642,24,3,662,635,24,3,1809,1147,657,4,1,71,53,10,194,231,23,0,3,10,41,6,0,10,1,1,0,1,1,0,0,0,0,0,0,0,0,0,0,0,0,1
13,CLUJ,"ŞCOALA ” AL.VAIDA VOEVOD”,",153,"MUNICIPIUL CLUJ-NAPOCA",54975,1,PROV,PRCNCT,CD,CD_SV,"2021-01-21 12:30:02",1483,1463,19,1,561,541,19,1,1611,1050,556,5,0,39,57,13,144,211,20,1,3,11,35,3,2,6,0,1,0,0,0,2,0,1,0,0,0,0,0,1,0,1,0,5
13,CLUJ,"ŞCOALA ” AL.VAIDA VOEVOD”,",154,"MUNICIPIUL CLUJ-NAPOCA",54975,1,PROV,PRCNCT,CD,CD_SV,"2021-01-21 12:30:02",1216,1196,20,0,431,411,20,0,1314,883,429,2,0,28,55,12,117,144,18,0,7,6,31,3,0,5,0,0,0,0,0,0,0,0,0,0,0,0,0,0,0,0,0,3
13,CLUJ,"ŞCOALA ” AL.VAIDA VOEVOD”,",155,"MUNICIPIUL CLUJ-NAPOCA",54975,1,PROV,PRCNCT,CD,CD_SV,"2021-01-21 12:30:02",1304,1264,40,0,469,429,40,0,1398,929,467,1,1,50,43,11,151,145,12,3,3,13,29,0,0,5,0,0,0,0,1,0,0,0,1,0,0,0,0,0,0,0,0,0
13,CLUJ,"GRUP ŞCOLAR ”SAMUS”",156,"MUNICIPIUL CLUJ-NAPOCA",54975,1,PROV,PRCNCT,CD,CD_SV,"2021-01-21 12:30:02",1691,1654,37,0,595,558,37,0,1817,1222,592,1,2,70,81,15,156,196,16,4,4,6,23,9,1,8,1,0,1,0,0,0,0,0,0,0,0,0,0,0,0,0,0,1
13,CLUJ,"GRUP ŞCOLAR ”SAMUS”",157,"MUNICIPIUL CLUJ-NAPOCA",54975,1,PROV,PRCNCT,CD,CD_SV,"2021-01-21 12:30:02",1640,1623,17,0,529,512,17,0,1792,1263,525,3,1,58,56,6,140,196,16,1,1,11,25,3,1,7,0,0,0,0,0,0,0,0,1,0,0,0,1,0,0,0,0,2
13,CLUJ,"GRUP ŞCOLAR ”SAMUS”",158,"MUNICIPIUL CLUJ-NAPOCA",54975,1,PROV,PRCNCT,CD,CD_SV,"2021-01-21 12:30:02",1560,1548,12,0,476,464,12,0,1706,1230,472,3,1,31,77,21,117,163,14,1,6,3,28,2,0,4,0,0,1,0,0,2,0,0,0,0,0,0,0,0,0,0,0,2
13,CLUJ,"GRĂDINIȚA„PARFUM DE TEI”",159,"MUNICIPIUL CLUJ-NAPOCA",54975,2,PART,PRCNCT,CD,CD_SV,"2021-01-21 12:30:02",1650,1595,47,8,476,421,47,8,1755,1279,472,4,0,73,60,3,123,159,23,0,2,2,16,1,0,8,0,0,0,0,0,0,0,0,0,0,0,1,0,0,0,0,0,1
13,CLUJ,"GRĂDINIȚA „PARFUM DE TEI”",160,"MUNICIPIUL CLUJ-NAPOCA",54975,1,PROV,PRCNCT,CD,CD_SV,"2021-01-21 12:30:02",1561,1530,29,2,498,467,29,2,1684,1186,492,4,2,85,58,8,154,136,19,0,2,1,16,1,0,7,0,0,0,0,0,0,0,1,0,0,0,0,0,0,0,0,0,4
13,CLUJ,"EPARHIA REFORMATĂ DIN ARDEAL , STR.HOREA NR.51",161,"MUNICIPIUL CLUJ-NAPOCA",54975,1,PROV,PRCNCT,CD,CD_SV,"2021-01-21 12:30:02",1371,1317,53,1,447,393,53,1,1445,998,445,2,0,85,53,9,126,114,16,0,6,8,22,0,0,5,0,0,0,0,0,0,0,0,0,0,0,0,0,0,0,0,0,1
13,CLUJ,"ŞCOALA ”HOREA” (FOSTĂ NR.27)",162,"MUNICIPIUL CLUJ-NAPOCA",54975,1,PROV,PRCNCT,CD,CD_SV,"2021-01-21 12:30:02",1562,1519,42,1,697,654,42,1,1671,974,691,4,2,150,65,14,201,192,24,3,1,2,14,4,0,13,1,0,0,0,0,1,0,0,0,0,0,0,0,0,2,0,0,4
13,CLUJ,"LICEUL TEOLOGIC ”EMANUEL”",163,"MUNICIPIUL CLUJ-NAPOCA",54975,1,PROV,PRCNCT,CD,CD_SV,"2021-01-21 12:30:02",1783,1763,18,2,666,646,18,2,1938,1272,656,9,1,91,45,16,206,226,15,0,7,7,24,2,0,6,0,1,1,0,0,0,0,0,0,0,0,1,4,0,1,0,0,3
13,CLUJ,"LICEUL TEOLOGIC ”EMANUEL”",164,"MUNICIPIUL CLUJ-NAPOCA",54975,1,PROV,PRCNCT,CD,CD_SV,"2021-01-21 12:30:02",1568,1547,13,8,629,608,13,8,1707,1078,621,4,4,135,61,13,157,182,18,3,3,14,26,2,2,5,0,0,0,0,0,0,0,0,0,0,0,0,0,0,0,0,0,0
13,CLUJ,"GRĂDINIŢA ”NEGHINIŢĂ”",165,"MUNICIPIUL CLUJ-NAPOCA",54975,1,PROV,PRCNCT,CD,CD_SV,"2021-01-21 12:30:02",1655,1636,18,1,560,541,18,1,1799,1239,555,2,3,63,44,23,154,190,15,3,5,14,27,0,0,4,0,0,2,0,0,0,0,0,1,1,0,3,1,1,0,0,3,1
13,CLUJ,"GRĂDINIŢA ”NEGHINIŢĂ”",166,"MUNICIPIUL CLUJ-NAPOCA",54975,1,PROV,PRCNCT,CD,CD_SV,"2021-01-21 12:30:02",1793,1767,26,0,526,500,26,0,1942,1416,522,3,1,33,46,32,116,200,24,2,5,7,39,2,2,9,1,0,0,0,0,0,0,0,1,0,0,0,0,2,0,0,0,1
13,CLUJ,"GRĂDINIŢA ”NEGHINIŢĂ”",167,"MUNICIPIUL CLUJ-NAPOCA",54975,1,PROV,PRCNCT,CD,CD_SV,"2021-01-21 12:30:02",1701,1676,25,0,575,550,25,0,1841,1266,564,11,0,91,55,21,150,183,15,3,5,10,21,1,1,6,0,0,0,0,0,1,0,0,1,0,0,0,0,0,0,0,0,0
13,CLUJ,"GRĂDINIŢA ”NEGHINIŢĂ”",168,"MUNICIPIUL CLUJ-NAPOCA",54975,1,PROV,PRCNCT,CD,CD_SV,"2021-01-21 12:30:02",1824,1809,14,1,658,643,14,1,1990,1332,645,11,2,98,66,11,209,188,28,1,1,4,18,1,0,10,2,0,1,0,0,0,0,0,0,0,0,0,0,0,2,0,0,5
13,CLUJ,"ŞCOALA ”EMIL ISAC”",169,"MUNICIPIUL CLUJ-NAPOCA",54975,1,PROV,PRCNCT,CD,CD_SV,"2021-01-21 12:30:02",1558,1528,23,7,612,582,23,7,1681,1069,604,6,2,138,65,23,138,171,10,1,3,14,17,6,0,9,0,0,0,0,0,0,0,0,1,0,0,0,0,0,1,0,1,6
13,CLUJ,"ŞCOALA ”EMIL ISAC”",170,"MUNICIPIUL CLUJ-NAPOCA",54975,1,PROV,PRCNCT,CD,CD_SV,"2021-01-21 12:30:02",1014,987,27,0,366,339,27,0,1088,722,363,2,1,51,59,1,87,108,17,0,1,2,21,0,0,10,0,0,1,0,1,0,0,0,0,0,0,1,2,0,0,0,0,1
13,CLUJ,"ŞCOALA ”NICOLAE IORGA”",171,"MUNICIPIUL CLUJ-NAPOCA",54975,1,PROV,PRCNCT,CD,CD_SV,"2021-01-21 12:30:02",1824,1783,35,6,556,515,35,6,1963,1407,554,2,0,95,56,17,126,175,29,0,0,5,32,2,2,10,1,0,0,0,0,0,0,0,0,0,0,0,2,1,0,0,0,1
13,CLUJ,"ŞCOALA ”NICOLAE IORGA”",172,"MUNICIPIUL CLUJ-NAPOCA",54975,1,PROV,PRCNCT,CD,CD_SV,"2021-01-21 12:30:02",1718,1679,38,1,496,457,38,1,1854,1358,490,5,1,45,39,19,112,192,22,1,6,14,30,1,1,4,0,0,0,0,1,0,0,0,0,0,0,0,0,0,0,0,0,3
13,CLUJ,"ŞCOALA ”NICOLAE IORGA”",173,"MUNICIPIUL CLUJ-NAPOCA",54975,1,PROV,PRCNCT,CD,CD_SV,"2021-01-21 12:30:02",1816,1796,20,0,648,628,20,0,1972,1324,640,4,4,141,54,18,150,185,29,2,2,17,27,5,1,7,1,0,0,0,0,0,0,0,0,0,0,0,0,0,0,0,0,1
13,CLUJ,"ŞCOALA ”NICOLAE IORGA”",174,"MUNICIPIUL CLUJ-NAPOCA",54975,1,PROV,PRCNCT,CD,CD_SV,"2021-01-21 12:30:02",1833,1793,39,1,651,611,39,1,1954,1303,645,5,1,70,38,10,276,176,17,2,1,11,33,2,0,3,0,0,0,0,0,0,0,0,0,1,0,0,0,0,2,1,0,2
13,CLUJ,"LICEUL TEHNOLOGIC NR.1 (FOSTUL GRUP ŞCOLAR TEHNOFRIG), STR.MARAMUREŞULUI NR.165/A",175,"MUNICIPIUL CLUJ-NAPOCA",54975,1,PROV,PRCNCT,CD,CD_SV,"2021-01-21 12:30:02",1935,1910,24,1,376,351,24,1,2103,1727,367,5,4,44,16,7,78,136,19,0,2,19,32,2,0,7,0,0,2,0,0,1,0,0,0,0,0,0,0,0,0,0,0,2
13,CLUJ,"LICEUL TEHNOLOGIC NR.1 (FOSTUL GRUP ŞCOLAR TEHNOFRIG), STR.MARAMUREŞULUI NR.165/A",176,"MUNICIPIUL CLUJ-NAPOCA",54975,1,PROV,PRCNCT,CD,CD_SV,"2021-01-21 12:30:02",1948,1901,42,5,717,670,42,5,2077,1360,709,6,2,35,50,14,274,239,28,0,2,14,33,4,1,10,0,0,1,0,0,0,0,0,0,1,1,0,0,0,0,0,0,2
13,CLUJ,"LICEUL TEHNOLOGIC ”AUREL VLAICU”",177,"MUNICIPIUL CLUJ-NAPOCA",54975,1,PROV,PRCNCT,CD,CD_SV,"2021-01-21 12:30:02",1372,1337,32,3,480,445,32,3,1462,982,477,2,1,38,36,11,152,170,14,2,2,5,31,3,3,8,0,0,0,0,0,0,0,1,0,0,0,1,0,0,0,0,0,0
13,CLUJ,"LICEUL TEHNOLOGIC ”AUREL VLAICU”",178,"MUNICIPIUL CLUJ-NAPOCA",54975,1,PROV,PRCNCT,CD,CD_SV,"2021-01-21 12:30:02",1768,1749,17,2,487,468,17,2,1928,1441,479,5,3,30,44,13,138,174,15,0,9,8,37,1,1,3,1,0,1,0,0,0,0,0,1,0,0,0,1,0,0,0,0,2
13,CLUJ,"GARAJE COMPANIA DE TRANSPORT PUBLIC CLUJ-NAPOCA S.A.",179,"MUNICIPIUL CLUJ-NAPOCA",54975,1,PROV,PRCNCT,CD,CD_SV,"2021-01-21 12:30:02",1684,1656,25,3,563,535,25,3,1824,1261,557,2,4,184,49,5,99,159,13,3,6,8,17,1,0,4,0,0,3,0,0,0,0,0,1,0,0,0,0,0,0,0,1,4
13,CLUJ,"ŞCOALA ”TRAIAN DARJAN”",180,"MUNICIPIUL CLUJ-NAPOCA",54975,2,PART,PRCNCT,CD,CD_SV,"2021-01-21 12:30:02",1685,1662,23,0,525,502,23,0,1826,1301,517,6,2,27,61,13,106,217,22,1,4,10,36,5,1,7,1,1,0,0,0,1,0,1,0,0,0,0,0,0,0,0,0,3
13,CLUJ,"ŞCOALA ”TRAIAN DARJAN”",181,"MUNICIPIUL CLUJ-NAPOCA",54975,1,PROV,PRCNCT,CD,CD_SV,"2021-01-21 12:30:02",2011,1981,28,2,616,586,28,2,2167,1551,609,5,2,53,53,9,160,259,23,2,5,13,25,1,0,2,1,0,0,0,0,1,0,1,0,0,0,0,0,0,0,0,0,1
13,CLUJ,"ŞCOALA ”TRAIAN DARJAN”",182,"MUNICIPIUL CLUJ-NAPOCA",54975,2,PART,PRCNCT,CD,CD_SV,"2021-01-21 12:30:02",1846,1817,28,1,627,598,28,1,1997,1370,616,7,4,58,55,18,152,255,20,2,4,7,27,4,1,7,0,1,0,1,0,0,0,1,0,0,0,1,0,0,0,0,0,2
13,CLUJ,"ŞCOALA ”TRAIAN DARJAN”",183,"MUNICIPIUL CLUJ-NAPOCA",54975,1,PROV,PRCNCT,CD,CD_SV,"2021-01-21 12:30:02",1452,1424,20,8,493,465,20,8,1568,1075,487,3,3,68,45,11,122,178,8,4,7,10,22,1,0,4,0,0,0,0,0,0,0,2,0,0,1,0,0,0,0,1,0,3
13,CLUJ,"COLEGIUL TEHNIC ”VICTOR UNGUREANU”",184,"MUNICIPIUL CÂMPIA TURZII",55357,1,PROV,PRCNCT,CD,CD_SV,"2021-01-21 12:30:02",1208,1186,21,1,264,242,21,1,1303,1039,243,14,7,2,47,9,21,86,7,1,4,1,43,2,1,2,1,1,2,0,0,1,0,0,8,1,1,2,0,0,0,0,0,0
13,CLUJ,"COLEGIUL TEHNIC ”VICTOR UNGUREANU”",185,"MUNICIPIUL CÂMPIA TURZII",55357,1,PROV,PRCNCT,CD,CD_SV,"2021-01-21 12:30:02",1176,1162,14,0,294,280,14,0,1282,988,289,3,2,15,70,17,31,109,10,0,4,2,22,0,2,5,2,0,0,0,0,0,0,0,0,0,0,0,0,0,0,0,0,0
13,CLUJ,"COLEGIUL TEHNIC ”VICTOR UNGUREANU”",186,"MUNICIPIUL CÂMPIA TURZII",55357,1,PROV,PRCNCT,CD,CD_SV,"2021-01-21 12:30:02",1309,1294,14,1,248,233,14,1,1428,1180,246,2,0,14,58,7,18,77,10,0,4,1,37,3,2,3,0,1,1,0,0,0,0,0,7,0,0,0,0,2,0,1,0,0
13,CLUJ,"LICEUL TEORETIC ”PAVEL DAN”",187,"MUNICIPIUL CÂMPIA TURZII",55357,1,PROV,PRCNCT,CD,CD_SV,"2021-01-21 12:30:02",870,854,12,4,248,232,12,4,941,693,244,1,3,14,50,7,29,99,11,1,3,4,19,1,0,2,1,0,0,0,0,0,0,0,0,0,0,0,0,1,0,0,0,2
13,CLUJ,"LICEUL TEORETIC ”PAVEL DAN”",188,"MUNICIPIUL CÂMPIA TURZII",55357,1,PROV,PRCNCT,CD,CD_SV,"2021-01-21 12:30:02",1020,1009,10,1,274,263,10,1,1112,838,270,4,0,9,56,3,37,114,10,0,5,0,26,0,1,4,0,0,1,0,0,0,0,0,0,0,0,0,0,1,0,0,0,3
13,CLUJ,"LICEUL TEORETIC ”PAVEL DAN”",189,"MUNICIPIUL CÂMPIA TURZII",55357,2,PART,PRCNCT,CD,CD_SV,"2021-01-21 12:30:02",1042,1021,20,1,270,249,20,1,1119,849,267,3,0,6,51,4,31,120,12,1,2,6,21,3,2,6,0,0,1,0,0,0,0,0,0,0,0,0,0,0,0,0,0,1
13,CLUJ,"LICEUL TEORETIC ”PAVEL DAN”",190,"MUNICIPIUL CÂMPIA TURZII",55357,1,PROV,PRCNCT,CD,CD_SV,"2021-01-21 12:30:02",1341,1327,14,0,319,305,14,0,1464,1145,315,3,1,15,66,10,47,125,9,0,6,4,20,7,0,3,0,0,0,0,0,0,0,0,3,0,0,0,0,0,0,0,0,0
13,CLUJ,"LICEUL TEORETIC ”PAVEL DAN”",191,"MUNICIPIUL CÂMPIA TURZII",55357,1,PROV,PRCNCT,CD,CD_SV,"2021-01-21 12:30:02",1093,1076,16,1,271,254,16,1,1180,909,267,4,0,23,71,8,48,80,12,0,3,0,9,8,1,2,0,1,0,0,0,0,0,0,0,0,0,0,0,0,0,0,0,1
13,CLUJ,"LICEUL TEORETIC ”PAVEL DAN”",192,"MUNICIPIUL CÂMPIA TURZII",55357,1,PROV,PRCNCT,CD,CD_SV,"2021-01-21 12:30:02",1208,1183,23,2,331,306,23,2,1301,970,324,6,1,12,69,16,70,99,21,1,1,1,22,5,0,3,0,0,1,0,0,0,0,0,0,0,0,0,1,0,1,0,0,1
13,CLUJ,"ȘCOALA GIMNAZIALĂ ”AVRAM IANCU”",193,"MUNICIPIUL CÂMPIA TURZII",55357,1,PROV,PRCNCT,CD,CD_SV,"2021-01-21 12:30:02",1203,1186,12,5,345,328,12,5,1305,960,331,4,10,14,72,8,61,140,9,1,0,0,13,4,1,4,0,0,0,0,0,0,0,0,1,0,1,0,0,0,0,1,1,0
13,CLUJ,"ȘCOALA GIMNAZIALĂ ”AVRAM IANCU”",194,"MUNICIPIUL CÂMPIA TURZII",55357,1,PROV,PRCNCT,CD,CD_SV,"2021-01-21 12:30:02",1266,1233,28,5,357,324,28,5,1358,1001,352,3,2,59,62,22,58,111,13,1,3,0,16,2,0,3,0,0,0,0,0,0,0,0,1,0,0,0,0,0,0,0,0,1
13,CLUJ,"ȘCOALA GIMNAZIALĂ ”AVRAM IANCU”",195,"MUNICIPIUL CÂMPIA TURZII",55357,1,PROV,PRCNCT,CD,CD_SV,"2021-01-21 12:30:02",1197,1180,12,5,342,325,12,5,1307,965,337,4,1,72,52,15,43,109,18,0,4,1,15,0,1,3,0,1,0,0,0,1,0,0,1,1,0,0,0,0,0,0,0,0
13,CLUJ,"SC GIMNAZIALA MIHAI VITEAZU-SALA DE SPORT",196,"MUNICIPIUL CÂMPIA TURZII",55357,1,PROV,PRCNCT,CD,CD_SV,"2021-01-21 12:30:02",1265,1252,10,3,398,385,10,3,1380,982,392,6,0,21,115,20,66,128,9,0,1,2,17,4,1,6,0,0,0,0,0,0,0,0,0,0,0,0,1,0,0,0,0,1
13,CLUJ,"SC.GIMNAZIALA MIHAI VITEAZU-SALA DE SPORT",197,"MUNICIPIUL CÂMPIA TURZII",55357,1,PROV,PRCNCT,CD,CD_SV,"2021-01-21 12:30:02",1347,1328,19,0,303,284,19,0,1466,1163,299,3,1,6,62,16,51,115,11,1,4,0,22,2,0,5,0,0,0,0,0,1,0,0,2,0,0,0,0,0,0,0,0,1
13,CLUJ,"SC. GIMNAZIALA MIHAI VITEAZU-SALA DE SPORT",198,"MUNICIPIUL CÂMPIA TURZII",55357,2,PART,PRCNCT,CD,CD_SV,"2021-01-21 12:30:02",1406,1396,10,0,339,329,10,0,1536,1197,339,0,0,13,74,8,64,124,16,0,5,3,23,1,1,0,0,0,0,0,0,0,0,0,7,0,0,0,0,0,0,0,0,0
13,CLUJ,"ȘCOALA GIMNAZIALĂ ”MIHAI VITEAZU”",199,"MUNICIPIUL CÂMPIA TURZII",55357,1,PROV,PRCNCT,CD,CD_SV,"2021-01-21 12:30:02",1097,1083,14,0,309,295,14,0,1191,882,307,1,1,10,77,12,45,110,14,1,2,0,21,5,2,3,0,0,0,0,0,0,0,0,0,0,0,1,0,1,0,0,0,3
13,CLUJ,"ȘCOALA GIMNAZIALĂ ”MIHAI VITEAZU”",200,"MUNICIPIUL CÂMPIA TURZII",55357,1,PROV,PRCNCT,CD,CD_SV,"2021-01-21 12:30:02",1538,1517,14,7,403,382,14,7,1674,1271,391,6,6,13,102,17,44,117,16,0,8,1,49,3,1,5,1,1,0,0,0,0,0,1,7,1,0,0,0,0,0,1,0,3
13,CLUJ,"ȘCOALA GIMNAZIALĂ ”MIHAI VITEAZU”",201,"MUNICIPIUL CÂMPIA TURZII",55357,1,PROV,PRCNCT,CD,CD_SV,"2021-01-21 12:30:02",1399,1394,5,0,340,335,5,0,1539,1199,330,6,4,15,88,13,44,125,14,0,2,0,17,2,2,1,0,0,0,0,0,2,0,0,3,0,0,0,0,0,0,0,0,2
13,CLUJ,"ȘCOALA GIMNAZIALĂ ”MIHAI VITEAZU”",202,"MUNICIPIUL CÂMPIA TURZII",55357,1,PROV,PRCNCT,CD,CD_SV,"2021-01-21 12:30:02",1172,1166,5,1,215,209,5,1,1283,1068,211,2,2,8,65,8,26,73,2,0,3,2,16,2,0,3,0,0,1,0,0,0,0,0,1,0,0,1,0,0,0,0,0,0
13,CLUJ,"S.C. VASROM S.R.L DEJ",203,"MUNICIPIUL DEJ",55008,1,PROV,PRCNCT,CD,CD_SV,"2021-01-21 12:30:02",1315,1289,23,3,302,276,23,3,1420,1118,296,5,1,5,57,23,49,91,13,0,5,6,22,3,0,4,0,1,1,0,0,0,0,0,12,0,0,1,0,0,0,0,1,2
13,CLUJ,"SCOALA GENERALA NR.1 DEJ",204,"MUNICIPIUL DEJ",55008,1,PROV,PRCNCT,CD,CD_SV,"2021-01-21 12:30:02",1337,1308,27,2,403,374,27,2,1425,1022,396,5,2,43,61,14,86,137,18,0,2,4,18,0,0,7,0,0,0,0,0,0,0,0,1,1,0,0,0,0,0,0,0,4
13,CLUJ,"SCOALA MIHAI EMINESCU DEJ",205,"MUNICIPIUL DEJ",55008,1,PROV,PRCNCT,CD,CD_SV,"2021-01-21 12:30:02",859,813,15,31,201,155,15,31,899,698,192,7,2,8,33,4,26,63,11,1,4,5,23,2,1,2,0,0,3,0,0,0,0,0,3,2,0,0,0,0,0,0,0,1
13,CLUJ,"SCOALA MIHAI EMINESCU DEJ",206,"MUNICIPIUL DEJ",55008,1,PROV,PRCNCT,CD,CD_SV,"2021-01-21 12:30:02",974,958,16,0,268,252,16,0,1057,789,267,1,0,23,55,10,36,88,11,0,4,4,20,4,0,6,0,0,1,0,0,1,0,0,1,0,0,1,1,0,1,0,0,0
13,CLUJ,"SCOALA MIHAI EMINESCU DEJ",207,"MUNICIPIUL DEJ",55008,1,PROV,PRCNCT,CD,CD_SV,"2021-01-21 12:30:02",1604,1568,33,3,525,489,33,3,1726,1201,518,3,4,40,88,33,113,158,29,4,6,0,34,1,0,5,0,0,0,0,0,0,0,0,3,1,0,0,0,0,0,1,0,2
13,CLUJ,"LICEUL AL.P.ILARIAN DIN DEJ",208,"MUNICIPIUL DEJ",55008,1,PROV,PRCNCT,CD,CD_SV,"2021-01-21 12:30:02",1533,1513,19,1,412,392,19,1,1669,1257,402,9,1,69,64,14,53,123,22,0,3,7,34,4,1,3,0,0,1,0,0,1,0,0,1,0,0,0,1,0,0,1,0,0
13,CLUJ,"LICEUL AL.P.ILARIAN DIN DEJ",209,"MUNICIPIUL DEJ",55008,1,PROV,PRCNCT,CD,CD_SV,"2021-01-21 12:30:02",1521,1492,28,1,449,420,28,1,1641,1192,440,6,3,46,113,24,52,129,29,0,1,7,22,1,2,5,0,0,0,1,0,1,0,0,5,0,0,0,0,0,0,0,0,2
13,CLUJ,"OCOLUL SILVIC DEJ",210,"MUNICIPIUL DEJ",55008,1,PROV,PRCNCT,CD,CD_SV,"2021-01-21 12:30:02",1395,1359,29,7,399,363,29,7,1497,1098,392,7,0,40,70,19,60,117,40,0,5,0,28,3,0,4,1,0,1,0,0,0,0,0,0,1,0,1,0,0,0,0,0,2
13,CLUJ,"CLUBUL COPIILOR DEJ",211,"MUNICIPIUL DEJ",55008,1,PROV,PRCNCT,CD,CD_SV,"2021-01-21 12:30:02",1442,1418,23,1,436,412,23,1,1560,1124,432,3,1,40,103,17,84,115,8,1,9,4,34,9,0,5,0,0,0,0,0,0,0,0,2,0,0,0,0,0,0,0,0,1
13,CLUJ,"CAMINUL CULTURAL DEJ",212,"MUNICIPIUL DEJ",55008,1,PROV,PRCNCT,CD,CD_SV,"2021-01-21 12:30:02",750,738,12,0,253,241,12,0,815,562,251,1,1,5,48,28,42,88,11,0,2,4,14,3,1,0,0,1,0,1,1,1,0,0,0,1,0,0,0,0,0,0,0,0
13,CLUJ,"SCOALA GENERALA AVRAM IANCU DEJ",213,"MUNICIPIUL DEJ",55008,2,PART,PRCNCT,CD,CD_SV,"2021-01-21 12:30:02",1418,1395,23,0,342,319,23,0,1545,1203,339,3,0,23,103,18,34,110,18,0,1,4,19,3,0,3,1,0,0,0,0,0,0,0,1,0,0,0,0,0,0,0,0,1
13,CLUJ,"SCOALA GENERALA AVRAM IANCU DEJ",214,"MUNICIPIUL DEJ",55008,1,PROV,PRCNCT,CD,CD_SV,"2021-01-21 12:30:02",1520,1509,11,0,343,332,11,0,1660,1317,342,1,0,19,88,19,64,102,13,1,6,0,20,3,1,1,0,0,0,1,0,1,0,0,1,0,0,1,0,0,0,0,0,1
13,CLUJ,"SCOALA GENERALA NR. 5 DEJ",215,"MUNICIPIUL DEJ",55008,1,PROV,PRCNCT,CD,CD_SV,"2021-01-21 12:30:02",1718,1709,9,0,411,402,9,0,1878,1467,407,3,1,35,90,18,95,118,18,0,4,1,14,2,1,6,1,0,0,1,0,0,0,0,3,0,0,0,0,0,0,0,0,0
13,CLUJ,"SCOALA GENERALA NR.5 DEJ",216,"MUNICIPIUL DEJ",55008,1,PROV,PRCNCT,CD,CD_SV,"2021-01-21 12:30:02",1513,1486,25,2,311,284,25,2,1636,1325,306,5,0,21,79,22,47,91,11,1,5,2,20,1,1,3,0,0,0,0,0,0,0,0,0,0,0,0,0,0,0,0,0,2
13,CLUJ,"SCOALA GENERALA NR.5 DEJ",217,"MUNICIPIUL DEJ",55008,1,PROV,PRCNCT,CD,CD_SV,"2021-01-21 12:30:02",1406,1400,5,1,366,360,5,1,1542,1176,361,1,4,27,97,23,71,89,8,0,3,4,32,1,2,2,0,0,0,0,0,0,0,0,1,0,0,0,1,0,0,0,0,0
13,CLUJ,"GRADINITA PITICOT DEJ",218,"MUNICIPIUL DEJ",55008,1,PROV,PRCNCT,CD,CD_SV,"2021-01-21 12:30:02",960,948,10,2,203,191,10,2,1042,839,198,4,1,21,49,11,35,58,5,0,0,1,9,2,2,1,1,0,0,0,0,0,0,0,2,0,0,0,0,0,0,0,0,1
13,CLUJ,"GRADINITA PITICOT DEJ",219,"MUNICIPIUL DEJ",55008,1,PROV,PRCNCT,CD,CD_SV,"2021-01-21 12:30:02",1248,1224,23,1,273,249,23,1,1349,1076,271,0,2,24,63,12,49,71,19,0,0,3,18,1,3,3,1,0,0,1,0,0,0,0,0,0,0,1,0,0,0,0,0,2
13,CLUJ,"GRADINITA PITICOT DEJ",220,"MUNICIPIUL DEJ",55008,1,PROV,PRCNCT,CD,CD_SV,"2021-01-21 12:30:02",1391,1376,13,2,329,314,13,2,1505,1176,328,0,1,17,78,23,81,85,12,0,2,5,13,2,0,7,0,0,0,1,0,0,0,0,0,0,1,0,0,0,0,0,0,1
13,CLUJ,"GRADINITA PARADISUL PITICILOR DEJ",221,"MUNICIPIUL DEJ",55008,1,PROV,PRCNCT,CD,CD_SV,"2021-01-21 12:30:02",1266,1244,22,0,321,299,22,0,1366,1045,313,6,2,22,79,12,67,83,8,0,0,1,28,3,2,6,0,0,0,0,0,0,0,0,0,0,0,0,0,0,0,0,0,2
13,CLUJ,"SCOALA GENERALA AVRAM IANCU DEJ - CORP B",222,"MUNICIPIUL DEJ",55008,1,PROV,PRCNCT,CD,CD_SV,"2021-01-21 12:30:02",1386,1373,13,0,296,283,13,0,1515,1219,293,1,2,24,58,12,53,81,6,4,6,0,34,5,1,4,0,0,0,0,0,0,0,0,0,0,1,0,0,0,0,0,0,4
13,CLUJ,"SCOALA GENERALA AVRAM IANCU DEJ - CORP B",223,"MUNICIPIUL DEJ",55008,1,PROV,PRCNCT,CD,CD_SV,"2021-01-21 12:30:02",1407,1389,18,0,328,310,18,0,1536,1208,322,5,1,27,60,20,50,107,6,0,4,6,29,3,1,5,1,0,1,0,0,0,0,1,0,0,0,0,0,0,0,0,0,1
13,CLUJ,"SCOALA GENERALA OCNA DEJ",224,"MUNICIPIUL DEJ",55008,2,PART,PRCNCT,CD,CD_SV,"2021-01-21 12:30:02",1027,1015,11,1,261,249,11,1,1121,860,259,1,1,14,58,8,34,93,10,0,1,1,32,4,0,0,0,1,0,0,0,1,0,0,0,0,0,0,0,1,0,0,0,1
13,CLUJ,"SCOALA GENERALA OCNA DEJ",225,"MUNICIPIUL DEJ",55008,1,PROV,PRCNCT,CD,CD_SV,"2021-01-21 12:30:02",1091,1080,11,0,257,246,11,0,1186,929,254,3,0,19,54,13,27,77,22,1,3,4,20,5,1,4,0,0,0,0,0,0,0,0,0,0,0,0,0,1,0,0,0,3
13,CLUJ,"GRADINITA DE COPII LUMEA PITICILOR",226,"MUNICIPIUL DEJ",55008,1,PROV,PRCNCT,CD,CD_SV,"2021-01-21 12:30:02",1449,1441,8,0,324,316,8,0,1585,1261,317,6,1,89,36,13,52,84,16,0,4,1,14,3,1,2,0,0,0,0,0,1,0,0,0,0,0,0,0,0,0,1,0,0
13,CLUJ,"CAMINUL CULTURAL SOMCUTU MIC",227,"MUNICIPIUL DEJ",55008,1,PROV,PRCNCT,CD,CD_SV,"2021-01-21 12:30:02",491,478,13,0,120,107,13,0,527,407,114,4,2,3,32,5,9,40,6,0,1,0,10,0,1,1,0,0,1,0,0,0,0,0,1,0,0,0,1,0,0,1,1,1
13,CLUJ,"ŞCOALA GENERALĂ PINTIC",228,"MUNICIPIUL DEJ",55008,1,PROV,PRCNCT,CD,CD_SV,"2021-01-21 12:30:02",196,181,15,0,46,31,15,0,198,152,43,1,2,2,15,2,3,10,5,1,1,0,2,0,0,0,0,0,0,0,0,0,0,0,0,0,0,0,1,0,0,0,0,1
13,CLUJ,"LICEUL TEORETIC PETRU MAIOR GHERLA",229,"MUNICIPIUL GHERLA",55384,1,PROV,PRCNCT,CD,CD_SV,"2021-01-21 12:30:02",1704,1512,18,174,594,402,18,174,1661,1067,573,13,8,35,204,17,84,150,21,1,9,2,30,3,1,8,0,0,1,0,1,0,0,0,1,0,0,0,1,0,2,1,1,0
13,CLUJ,"LICEUL TEORETIC PETRU MAIOR GHERLA",230,"MUNICIPIUL GHERLA",55384,1,PROV,PRCNCT,CD,CD_SV,"2021-01-21 12:30:02",1657,1633,24,0,532,508,24,0,1789,1257,526,6,0,71,77,22,92,168,18,3,10,3,44,5,2,3,0,1,0,0,1,2,0,0,0,1,1,0,0,0,0,0,0,2
13,CLUJ,"LICEUL TEORETIC ANA IPATESCU",231,"MUNICIPIUL GHERLA",55384,1,PROV,PRCNCT,CD,CD_SV,"2021-01-21 12:30:02",1491,1457,34,0,441,407,34,0,1612,1171,435,3,3,70,74,16,81,120,13,3,4,7,30,5,1,7,1,0,0,0,1,0,0,0,1,0,0,0,0,0,0,0,0,1
13,CLUJ,"ŞCOALA GIMNAZIALĂ NR.1",232,"MUNICIPIUL GHERLA",55384,1,PROV,PRCNCT,CD,CD_SV,"2021-01-21 12:30:02",1073,1047,26,0,324,298,26,0,1151,827,318,6,0,45,63,16,60,86,12,1,1,0,28,0,1,4,0,0,0,0,0,0,0,0,0,0,0,0,0,0,0,0,0,1
13,CLUJ,"ŞCOALA GIMNAZIALĂ NR.1",233,"MUNICIPIUL GHERLA",55384,2,PART,PRCNCT,CD,CD_SV,"2021-01-21 12:30:02",1815,1798,14,3,497,480,14,3,1978,1481,487,9,1,75,64,17,109,132,15,1,9,4,42,4,3,7,1,0,0,0,1,1,0,0,1,0,0,0,0,0,0,0,1,0
13,CLUJ,"ŞCOALA GIMNAZIALĂ NR.1",234,"MUNICIPIUL GHERLA",55384,2,PART,PRCNCT,CD,CD_SV,"2021-01-21 12:30:02",871,841,22,8,268,238,22,8,923,655,263,5,0,23,44,4,59,85,8,1,4,1,22,3,3,1,0,0,0,0,0,0,0,1,1,0,0,0,0,0,0,0,0,3
13,CLUJ,"SCOALA GIMNAZIALA NR. 1",235,"MUNICIPIUL GHERLA",55384,1,PROV,PRCNCT,CD,CD_SV,"2021-01-21 12:30:02",1302,1285,16,1,343,326,16,1,1414,1071,337,4,2,40,85,10,45,100,11,1,4,4,25,3,2,3,0,0,0,0,0,1,0,0,2,0,0,0,0,1,0,0,0,0
13,CLUJ,"SCOALA GIMNAZIALA NR. 1",236,"MUNICIPIUL GHERLA",55384,1,PROV,PRCNCT,CD,CD_SV,"2021-01-21 12:30:02",1213,1197,16,0,353,337,16,0,1319,966,349,3,1,67,50,6,55,119,11,1,3,6,24,2,0,1,0,0,2,0,0,0,0,0,0,0,0,1,0,1,0,0,0,0
13,CLUJ,"LICEUL TEORETIC ANA IPĂTESCU",237,"MUNICIPIUL GHERLA",55384,1,PROV,PRCNCT,CD,CD_SV,"2021-01-21 12:30:02",1595,1561,21,13,461,427,21,13,1721,1260,454,5,2,54,89,10,70,158,18,0,6,2,34,4,1,2,1,0,0,0,3,0,0,1,0,0,0,0,0,0,0,0,0,1
13,CLUJ,"LICEUL TEORETIC ANA IPĂTESCU",238,"MUNICIPIUL GHERLA",55384,2,PART,PRCNCT,CD,CD_SV,"2021-01-21 12:30:02",1435,1414,18,3,388,367,18,3,1557,1169,383,3,2,33,63,14,91,123,8,3,4,2,27,2,4,6,0,0,0,0,2,0,0,0,1,0,0,0,0,0,0,0,0,0
13,CLUJ,"LICEUL TEORETIC ANA IPĂTESCU",239,"MUNICIPIUL GHERLA",55384,1,PROV,PRCNCT,CD,CD_SV,"2021-01-21 12:30:02",1382,1358,24,0,384,360,24,0,1503,1119,380,3,1,39,78,20,71,121,9,1,4,1,25,2,2,1,0,0,0,0,0,1,0,0,1,0,0,0,0,1,0,0,1,2
13,CLUJ,"LICEUL TEORETIC ANA IPĂTESCU",240,"MUNICIPIUL GHERLA",55384,1,PROV,PRCNCT,CD,CD_SV,"2021-01-21 12:30:02",1447,1433,12,2,355,341,12,2,1578,1223,351,2,2,56,73,7,61,113,5,1,7,0,16,0,2,3,2,1,0,0,2,0,0,0,1,0,0,0,0,0,0,0,1,0
13,CLUJ,"CLUBUL COPIILOR GHERLA",241,"MUNICIPIUL GHERLA",55384,1,PROV,PRCNCT,CD,CD_SV,"2021-01-21 12:30:02",1521,1503,18,0,366,348,18,0,1661,1295,361,5,0,31,76,16,55,126,7,0,4,0,37,3,0,1,0,0,1,0,1,1,0,0,1,0,0,0,0,0,0,0,1,0
13,CLUJ,"SCOALA CLS. I - IV BAITA",242,"MUNICIPIUL GHERLA",55384,1,PROV,PRCNCT,CD,CD_SV,"2021-01-21 12:30:02",397,389,8,0,101,93,8,0,427,326,100,0,1,19,14,1,18,28,4,0,1,2,3,1,2,0,0,1,1,0,0,2,0,0,0,0,0,0,0,1,0,0,0,2
13,CLUJ,"ŞCOALA CLS. I - IV HĂŞDATE",243,"MUNICIPIUL GHERLA",55384,1,PROV,PRCNCT,CD,CD_SV,"2021-01-21 12:30:02",290,277,13,0,75,62,13,0,302,227,72,2,1,2,9,1,17,27,3,1,1,0,8,0,0,1,0,0,0,0,0,0,0,0,0,0,0,0,0,1,0,0,1,0
13,CLUJ,"ŞCOALA CLS. I - IV SILIVAŞ",244,"MUNICIPIUL GHERLA",55384,2,PART,PRCNCT,CD,CD_SV,"2021-01-21 12:30:02",178,164,14,0,31,17,14,0,211,180,29,0,2,4,6,2,6,5,1,1,0,0,1,1,0,0,0,0,0,0,0,1,0,0,0,0,1,0,0,0,0,0,0,0
13,CLUJ,"LICEUL TEORETIC ”JOSIKA MIKLOS”",245,"MUNICIPIUL TURDA",55259,1,PROV,PRCNCT,CD,CD_SV,"2021-01-21 12:30:02",906,888,15,3,230,212,15,3,980,750,227,3,0,36,32,13,44,58,10,0,3,0,21,3,1,3,0,0,1,0,1,0,0,0,0,0,0,0,1,0,0,0,0,0
13,CLUJ,"LICEUL TEORETIC ”JOSIKA MIKLOS”",246,"MUNICIPIUL TURDA",55259,1,PROV,PRCNCT,CD,CD_SV,"2021-01-21 12:30:02",1195,1168,26,1,368,341,26,1,1287,919,360,7,1,55,64,11,76,104,12,0,3,2,12,8,2,9,0,0,0,0,0,0,0,0,0,0,0,0,0,0,0,0,0,2
13,CLUJ,"SCOALA GIMNAZIALĂ ”TEODOR MURĂŞANU”",247,"MUNICIPIUL TURDA",55259,1,PROV,PRCNCT,CD,CD_SV,"2021-01-21 12:30:02",1134,1109,24,1,353,328,24,1,1223,870,348,5,0,44,57,11,90,77,22,0,7,3,23,1,0,9,0,1,0,0,0,0,0,0,0,0,0,1,0,0,1,0,0,1
13,CLUJ,"COLEGIUL TEHNIC ”DR.IOAN RAŢIU”",248,"MUNICIPIUL TURDA",55259,1,PROV,PRCNCT,CD,CD_SV,"2021-01-21 12:30:02",1389,1376,13,0,339,326,13,0,1513,1174,332,4,3,33,40,7,83,83,12,2,2,5,46,4,0,2,1,1,1,1,0,1,0,0,3,1,0,0,0,0,0,0,1,3
13,CLUJ,"COLEGIUL TEHNIC ”DR.IOAN RAŢIU”",249,"MUNICIPIUL TURDA",55259,1,PROV,PRCNCT,CD,CD_SV,"2021-01-21 12:30:02",984,970,13,1,260,246,13,1,1067,807,254,4,2,6,53,12,19,92,10,1,1,2,42,2,0,7,2,0,2,0,0,0,0,0,1,1,0,1,0,0,0,0,0,0
13,CLUJ,"COLEGIUL TEHNIC ”DR.IOAN RAŢIU”",250,"MUNICIPIUL TURDA",55259,1,PROV,PRCNCT,CD,CD_SV,"2021-01-21 12:30:02",1078,1071,7,0,204,197,7,0,1179,975,198,3,3,5,48,9,20,56,6,0,3,2,34,1,1,4,0,0,0,0,0,0,0,0,6,0,0,2,0,0,0,0,0,1
13,CLUJ,"ŞCOALA GIMNAZIALĂ ”TEODOR MURĂŞANU”",251,"MUNICIPIUL TURDA",55259,1,PROV,PRCNCT,CD,CD_SV,"2021-01-21 12:30:02",1562,1533,27,2,416,387,27,2,1683,1267,413,2,1,49,60,10,106,113,17,1,5,2,36,4,1,2,1,0,1,0,0,0,0,0,2,0,0,0,0,0,0,0,0,3
13,CLUJ,"ŞCOALA GIMNAZIALĂ ”TEODOR MURĂŞANU”",252,"MUNICIPIUL TURDA",55259,1,PROV,PRCNCT,CD,CD_SV,"2021-01-21 12:30:02",1217,1200,17,0,346,329,17,0,1315,969,342,3,1,38,52,6,84,94,21,0,7,6,19,3,0,9,0,1,1,0,0,0,0,0,0,0,0,0,0,0,0,0,0,1
13,CLUJ,"SCOALA GIMNAZIALA ”TEODOR MURĂŞANU”",253,"MUNICIPIUL TURDA",55259,1,PROV,PRCNCT,CD,CD_SV,"2021-01-21 12:30:02",1155,1130,23,2,311,286,23,2,1241,930,307,1,3,6,46,11,72,114,8,3,2,8,27,2,0,2,0,0,0,0,0,0,0,0,1,0,0,0,0,0,0,0,1,4
13,CLUJ,"COLEGIUL TEHNIC",254,"MUNICIPIUL TURDA",55259,1,PROV,PRCNCT,CD,CD_SV,"2021-01-21 12:30:02",1212,1193,18,1,357,338,18,1,1314,957,351,4,2,39,59,13,67,124,13,0,1,4,21,2,1,2,1,0,0,0,0,0,0,0,1,0,1,0,0,0,0,1,0,1
13,CLUJ,"COLEGIUL TEHNIC",255,"MUNICIPIUL TURDA",55259,1,PROV,PRCNCT,CD,CD_SV,"2021-01-21 12:30:02",1170,1151,12,7,357,338,12,7,1270,913,354,2,1,41,57,11,73,108,21,1,2,2,19,2,4,2,1,1,0,0,0,1,0,0,1,0,0,0,0,0,0,0,0,7
13,CLUJ,"COLEGIUL NAŢIONAL ”MIHAI VITEAZU”",256,"MUNICIPIUL TURDA",55259,1,PROV,PRCNCT,CD,CD_SV,"2021-01-21 12:30:02",1083,1050,33,0,335,302,33,0,1151,816,324,8,3,44,43,8,83,95,18,0,1,2,27,3,0,0,0,0,0,0,0,0,0,0,0,0,0,0,0,0,0,0,0,0
13,CLUJ,"COLEGIUL ”EMIL NEGRUŢIU”",257,"MUNICIPIUL TURDA",55259,1,PROV,PRCNCT,CD,CD_SV,"2021-01-21 12:30:02",1222,1212,10,0,333,323,10,0,1336,1003,327,3,3,9,45,15,74,112,27,0,8,3,22,4,0,1,0,0,3,0,0,0,0,0,0,0,0,0,0,0,0,0,1,3
13,CLUJ,"ŞCOALA GIMNAZIALĂ ”ANDREI ŞAGUNA”",258,"MUNICIPIUL TURDA",55259,1,PROV,PRCNCT,CD,CD_SV,"2021-01-21 12:30:02",1256,1246,10,0,264,254,10,0,1373,1109,262,2,0,13,44,7,46,80,15,0,4,3,32,2,0,2,1,0,1,0,2,2,0,0,6,0,0,0,0,0,0,0,1,1
13,CLUJ,"ŞCOALA GIMNAZIALĂ ”ANDREI ŞAGUNA”",259,"MUNICIPIUL TURDA",55259,2,PART,PRCNCT,CD,CD_SV,"2021-01-21 12:30:02",977,954,23,0,282,259,23,0,1058,776,276,5,1,23,45,9,54,87,15,0,1,2,19,4,1,2,2,0,1,0,1,1,1,0,3,0,0,2,0,0,0,0,2,1
13,CLUJ,"ŞCOALA GIMNAZIALĂ ”ANDREI ŞAGUNA”",260,"MUNICIPIUL TURDA",55259,1,PROV,PRCNCT,CD,CD_SV,"2021-01-21 12:30:02",1058,1047,11,0,256,245,11,0,1156,900,255,1,0,20,51,7,41,81,17,0,4,4,17,4,1,3,0,1,0,0,0,0,0,1,1,0,0,0,1,0,0,0,0,1
13,CLUJ,"ŞCOALA GIMNAZIALĂ ”AVRAM IANCU”",261,"MUNICIPIUL TURDA",55259,1,PROV,PRCNCT,CD,CD_SV,"2021-01-21 12:30:02",1005,977,28,0,270,242,28,0,1076,806,267,3,0,4,55,18,57,76,18,0,1,1,27,2,1,0,1,1,1,0,0,1,0,0,1,0,0,0,0,1,0,1,0,0
13,CLUJ,"ŞCOALA GIMNAZIALĂ ”AVRAM IANCU”",262,"MUNICIPIUL TURDA",55259,1,PROV,PRCNCT,CD,CD_SV,"2021-01-21 12:30:02",1153,1137,16,0,314,298,16,0,1254,940,305,7,2,13,75,14,65,68,12,1,2,0,37,9,0,1,1,0,0,0,1,0,0,0,2,1,0,0,0,0,0,0,1,2
13,CLUJ,"ŞCOALA GIMNAZIALĂ ”AVRAM IANCU”",263,"MUNICIPIUL TURDA",55259,1,PROV,PRCNCT,CD,CD_SV,"2021-01-21 12:30:02",1131,1123,8,0,314,306,8,0,1232,918,310,3,1,11,62,11,69,101,20,1,5,2,16,2,2,6,0,1,0,0,0,0,0,0,0,0,0,0,0,0,0,0,0,1
13,CLUJ,"ŞCOALA GIMNAZIALĂ ”AVRAM IANCU”",264,"MUNICIPIUL TURDA",55259,1,PROV,PRCNCT,CD,CD_SV,"2021-01-21 12:30:02",1237,1231,6,0,270,264,6,0,1352,1082,264,5,1,6,74,10,48,63,9,0,4,2,33,3,3,4,0,0,1,1,0,1,0,0,0,0,0,1,0,0,0,0,0,1
13,CLUJ,"ŞCOALA GIMNAZIALĂ ”ION OPRIŞ”",265,"MUNICIPIUL TURDA",55259,1,PROV,PRCNCT,CD,CD_SV,"2021-01-21 12:30:02",1223,1205,18,0,337,319,18,0,1329,992,334,3,0,6,56,12,96,108,16,0,3,2,27,2,1,4,1,0,0,0,0,0,0,0,0,0,0,0,0,0,0,0,0,0
13,CLUJ,"ŞCOALA GIMNAZIALĂ ”ION OPRIŞ”",266,"MUNICIPIUL TURDA",55259,1,PROV,PRCNCT,CD,CD_SV,"2021-01-21 12:30:02",1029,1021,8,0,293,285,8,0,1127,834,289,3,1,9,63,9,59,88,17,0,6,0,27,4,1,4,0,0,0,0,0,0,0,0,0,0,0,0,0,0,0,0,0,2
13,CLUJ,"ŞCOALA GIMNAZIALĂ ”ION OPRIŞ”",267,"MUNICIPIUL TURDA",55259,1,PROV,PRCNCT,CD,CD_SV,"2021-01-21 12:30:02",1320,1311,9,0,329,320,9,0,1444,1115,324,4,1,23,82,13,69,97,16,1,0,1,14,1,0,2,0,1,1,0,0,0,0,0,1,0,0,0,0,0,0,0,0,2
13,CLUJ,"LICEUL TEORETIC ”LIVIU REBREANU”",268,"MUNICIPIUL TURDA",55259,1,PROV,PRCNCT,CD,CD_SV,"2021-01-21 12:30:02",1411,1396,15,0,367,352,15,0,1535,1168,358,9,0,6,61,10,106,104,21,0,3,3,32,6,0,3,0,0,0,0,0,1,1,0,0,0,1,0,0,0,0,0,0,0
13,CLUJ,"LICEUL TEORETIC ”LIVIU REBREANU”",269,"MUNICIPIUL TURDA",55259,1,PROV,PRCNCT,CD,CD_SV,"2021-01-21 12:30:02",1461,1448,12,1,291,278,12,1,1596,1305,286,5,0,10,68,8,36,100,15,1,2,1,30,5,1,4,1,0,1,0,0,0,0,0,1,0,0,0,0,0,0,1,0,1
13,CLUJ,"LICEUL TEORETIC ”LIVIU REBREANU”",270,"MUNICIPIUL TURDA",55259,1,PROV,PRCNCT,CD,CD_SV,"2021-01-21 12:30:02",1391,1381,10,0,359,349,10,0,1524,1165,353,6,0,17,78,22,42,109,29,0,9,1,35,5,2,1,0,0,0,0,0,1,0,1,0,0,0,0,0,0,0,0,1,0
13,CLUJ,"LICEUL TEORETIC ”LIVIU REBREANU”",271,"MUNICIPIUL TURDA",55259,1,PROV,PRCNCT,CD,CD_SV,"2021-01-21 12:30:02",1271,1252,19,0,344,325,19,0,1388,1044,344,0,0,21,67,12,70,121,20,0,2,4,19,2,0,5,0,0,0,0,0,0,0,0,0,0,0,0,0,0,0,0,0,1
13,CLUJ,"LICEUL TEORETIC ”LIVIU REBREANU”",272,"MUNICIPIUL TURDA",55259,1,PROV,PRCNCT,CD,CD_SV,"2021-01-21 12:30:02",1454,1443,11,0,381,370,11,0,1590,1209,380,0,1,13,80,15,86,114,18,0,9,4,29,3,0,6,0,1,0,0,0,0,0,0,0,1,0,0,0,0,0,0,0,1
13,CLUJ,"LICEUL TEORETIC ”LIVIU REBREANU”",273,"MUNICIPIUL TURDA",55259,1,PROV,PRCNCT,CD,CD_SV,"2021-01-21 12:30:02",1067,1057,10,0,241,231,10,0,1166,925,232,7,2,6,54,5,48,71,8,0,1,0,28,2,2,3,0,0,0,0,0,0,0,1,1,0,0,0,0,0,0,1,0,1
13,CLUJ,"ŞCOALA GIMNAZIALĂ ”HOREA CLOŞCA ŞI CRIŞAN”",274,"MUNICIPIUL TURDA",55259,1,PROV,PRCNCT,CD,CD_SV,"2021-01-21 12:30:02",1386,1374,12,0,348,336,12,0,1509,1161,341,7,0,15,59,11,85,106,20,0,5,0,24,4,1,6,0,0,0,0,0,0,0,0,2,0,0,0,0,1,0,0,0,2
13,CLUJ,"ŞCOALA GIMNAZIALĂ ”HOREA CLOŞCA ŞI CRIŞAN”",275,"MUNICIPIUL TURDA",55259,1,PROV,PRCNCT,CD,CD_SV,"2021-01-21 12:30:02",1396,1386,10,0,322,312,10,0,1527,1205,317,1,4,9,78,11,54,79,18,0,7,2,48,2,0,2,0,0,0,0,0,1,0,0,1,0,0,0,0,1,0,1,0,3
13,CLUJ,"ŞCOALA GIMNAZIALĂ ”HOREA CLOŞCA ŞI CRIŞAN”",276,"MUNICIPIUL TURDA",55259,1,PROV,PRCNCT,CD,CD_SV,"2021-01-21 12:30:02",1387,1378,9,0,311,302,9,0,1523,1212,311,0,0,5,67,10,59,84,16,0,1,10,46,3,1,3,0,0,1,1,0,2,0,0,1,0,0,0,0,1,0,0,0,0
13,CLUJ,"ŞCOALA GIMNAZIALĂ ”HOREA CLOŞCA ŞI CRIŞAN”",277,"MUNICIPIUL TURDA",55259,1,PROV,PRCNCT,CD,CD_SV,"2021-01-21 12:30:02",1334,1318,16,0,306,290,16,0,1443,1137,301,2,3,9,66,14,53,84,20,2,1,2,40,2,0,3,0,0,1,0,0,1,0,0,1,0,0,0,2,0,0,0,0,0
13,CLUJ,"ŞCOALA GIMNAZIALĂ ”HOREA CLOŞCA ŞI CRIŞAN”",278,"MUNICIPIUL TURDA",55259,1,PROV,PRCNCT,CD,CD_SV,"2021-01-21 12:30:02",1209,1198,11,0,283,272,11,0,1320,1037,279,3,1,13,55,11,55,85,17,1,7,0,26,1,1,4,0,0,1,0,0,1,0,0,0,0,0,0,1,0,0,0,0,0
13,CLUJ,"ŞCOALA GIMNAZIALĂ ”HOREA CLOŞCA ŞI CRIŞAN”",279,"MUNICIPIUL TURDA",55259,1,PROV,PRCNCT,CD,CD_SV,"2021-01-21 12:30:02",1185,1176,6,3,277,268,6,3,1295,1018,270,2,5,24,54,13,49,78,11,0,2,3,26,6,0,2,0,0,0,0,0,0,0,0,0,1,0,0,0,0,0,0,1,0
13,CLUJ,"ŞCOALA GIMNAZIALĂ ”HOREA CLOŞCA ŞI CRIŞAN”",280,"MUNICIPIUL TURDA",55259,1,PROV,PRCNCT,CD,CD_SV,"2021-01-21 12:30:02",1354,1348,6,0,305,299,6,0,1487,1182,303,1,1,21,49,19,60,89,16,1,4,1,33,2,0,1,1,0,1,1,0,0,0,0,1,0,0,0,0,0,0,0,0,3
13,CLUJ,"ŞCOALA PROFESIONALĂ POIANA",281,"MUNICIPIUL TURDA",55259,1,PROV,PRCNCT,CD,CD_SV,"2021-01-21 12:30:02",1291,1280,11,0,340,329,11,0,1414,1074,335,5,0,36,69,18,49,102,17,1,0,1,31,2,1,0,0,1,0,1,2,0,0,0,1,0,0,0,0,0,0,0,1,2
13,CLUJ,"ŞCOALA PROFESIONALĂ POIANA",282,"MUNICIPIUL TURDA",55259,1,PROV,PRCNCT,CD,CD_SV,"2021-01-21 12:30:02",1482,1462,14,6,517,497,14,6,1611,1094,496,18,3,24,63,15,37,261,24,1,8,0,49,2,1,2,1,1,0,0,2,1,0,0,1,0,0,1,0,0,0,1,0,1
13,CLUJ,"SCOALA NOUA CU 16 SALI DE CLASA",283,"ORAŞ HUEDIN",55446,1,PROV,PRCNCT,CD,CD_SV,"2021-01-21 12:30:02",1062,1036,23,3,334,308,23,3,1135,801,328,6,0,64,56,15,45,104,6,1,3,7,11,9,2,1,1,0,0,0,0,0,0,0,0,0,0,0,0,0,1,0,0,2
13,CLUJ,"LICEUL TEHNOLOGIC VLADEASA",284,"ORAŞ HUEDIN",55446,1,PROV,PRCNCT,CD,CD_SV,"2021-01-21 12:30:02",1550,1527,19,4,358,335,19,4,1679,1321,355,1,2,146,47,12,26,89,9,0,5,1,14,1,0,1,0,0,0,0,1,1,0,0,0,0,0,0,0,0,1,1,0,0
13,CLUJ,"CASA DE COPII",285,"ORAŞ HUEDIN",55446,1,PROV,PRCNCT,CD,CD_SV,"2021-01-21 12:30:02",1637,1581,54,2,574,518,54,2,1743,1169,564,6,4,111,114,15,64,186,20,0,6,18,19,5,1,2,1,0,0,0,0,0,0,0,0,1,0,0,1,0,0,0,0,0
13,CLUJ,"PRIMARIA ORAS HUEDIN",286,"ORAŞ HUEDIN",55446,1,PROV,PRCNCT,CD,CD_SV,"2021-01-21 12:30:02",1466,1411,54,1,403,348,54,1,1559,1156,386,14,3,74,51,13,41,138,18,1,4,4,27,3,2,2,1,0,1,0,1,2,0,0,1,0,0,1,0,0,0,0,0,1
13,CLUJ,"LICEUL TEORETIC OCTAVIAN GOGA",287,"ORAŞ HUEDIN",55446,1,PROV,PRCNCT,CD,CD_SV,"2021-01-21 12:30:02",1418,1368,46,4,442,392,46,4,1512,1070,434,5,3,105,58,6,70,132,10,0,5,4,30,3,1,3,0,0,0,0,0,2,0,1,0,0,0,0,0,0,0,0,1,3
13,CLUJ,"FOSTA CASĂ PAROHIALĂ",288,"ORAŞ HUEDIN",55446,3,PART,PRCNCT,CD,CD_SV,"2021-01-21 12:30:02",362,350,12,0,50,38,12,0,383,333,46,0,4,3,6,2,5,24,1,0,0,0,2,0,0,1,1,0,0,0,0,0,0,0,1,0,0,0,0,0,0,0,0,0
13,CLUJ,"CAMIN CULTURAL",289,"ORAŞ HUEDIN",55446,1,PROV,PRCNCT,CD,CD_SV,"2021-01-21 12:30:02",267,253,14,0,84,70,14,0,281,197,77,4,3,56,3,1,3,9,1,0,0,0,0,0,0,2,0,1,0,0,0,0,0,0,0,0,0,0,0,0,1,0,0,0
13,CLUJ,"SCOALA GENERALA AGHIRESU",290,AGHIREŞU,55473,1,PROV,PRCNCT,CD,CD_SV,"2021-01-21 12:30:02",1108,1074,34,0,191,157,34,0,1178,987,180,6,5,11,27,5,28,82,5,0,3,3,12,0,0,0,0,0,0,0,0,0,0,0,2,0,0,1,1,0,0,0,0,0
13,CLUJ,"CĂMINUL CULTURAL AGHIREŞU FABRICI",291,AGHIREŞU,55473,2,PART,PRCNCT,CD,CD_SV,"2021-01-21 12:30:02",1200,1178,22,0,265,243,22,0,1294,1029,259,0,6,38,33,11,30,106,8,0,0,5,18,1,1,2,0,0,1,1,0,0,0,0,3,0,0,0,0,0,0,0,0,1
13,CLUJ,"SCOALA GENERALA AGHIRESU-FABRICI",292,AGHIREŞU,55473,1,PROV,PRCNCT,CD,CD_SV,"2021-01-21 12:30:02",1394,1369,25,0,210,185,25,0,1510,1300,204,5,1,24,31,9,38,63,6,0,0,2,19,0,0,1,0,1,0,0,0,0,0,0,6,1,0,1,0,0,0,1,1,0
13,CLUJ,"CAMIN CULTURAL ARGHISU",293,AGHIREŞU,55473,1,PROV,PRCNCT,CD,CD_SV,"2021-01-21 12:30:02",117,97,20,0,46,26,20,0,106,60,44,1,1,2,5,5,7,17,3,0,0,0,0,1,0,2,2,0,0,0,0,0,0,0,0,0,0,0,0,0,0,0,0,0
13,CLUJ,"SCOALA GENERALA BAGARA",294,AGHIREŞU,55473,1,PROV,PRCNCT,CD,CD_SV,"2021-01-21 12:30:02",366,325,39,2,132,91,39,2,354,222,130,0,2,109,4,1,5,6,1,0,0,0,0,0,1,1,1,0,0,0,0,0,0,0,0,0,0,1,0,0,0,0,0,0
13,CLUJ,"SCOALA GENERALA DANCU",295,AGHIREŞU,55473,1,PROV,PRCNCT,CD,CD_SV,"2021-01-21 12:30:02",87,53,34,0,40,6,34,0,58,18,40,0,0,2,15,3,0,9,2,0,0,0,6,1,0,1,0,0,0,0,0,0,0,0,0,0,0,0,0,1,0,0,0,0
13,CLUJ,"CAMIN CULTURAL DOROLTU",296,AGHIREŞU,55473,1,PROV,PRCNCT,CD,CD_SV,"2021-01-21 12:30:02",89,72,17,0,38,21,17,0,78,40,38,0,0,23,2,1,4,4,1,0,0,0,3,0,0,0,0,0,0,0,0,0,0,0,0,0,0,0,0,0,0,0,0,0
13,CLUJ,"SCOALA GENERALA INUCU",297,AGHIREŞU,55473,1,PROV,PRCNCT,CD,CD_SV,"2021-01-21 12:30:02",278,253,25,0,130,105,25,0,278,148,130,0,0,117,1,3,2,4,1,0,0,0,1,0,0,0,0,0,0,0,0,0,0,0,0,0,0,1,0,0,0,0,0,0
13,CLUJ,"CAMIN CULTURAL LEGHIA",298,AGHIREŞU,55473,1,PROV,PRCNCT,CD,CD_SV,"2021-01-21 12:30:02",386,372,14,0,128,114,14,0,408,280,127,0,1,101,5,2,4,8,1,0,0,1,2,1,0,0,0,1,0,0,0,0,0,0,1,0,0,0,0,0,0,0,0,0
13,CLUJ,"IMOBIL CONSILIU NR. 7",299,AGHIREŞU,55473,3,PART,PRCNCT,CD,CD_SV,"2021-01-21 12:30:02",541,497,41,3,239,195,41,3,543,304,238,1,0,210,4,0,3,16,1,0,0,0,2,1,0,0,0,0,0,0,0,0,0,0,1,0,0,0,0,0,0,0,0,0
13,CLUJ,"SCOALA GENERALA TICU",300,AGHIREŞU,55473,1,PROV,PRCNCT,CD,CD_SV,"2021-01-21 12:30:02",63,49,14,0,27,13,14,0,53,26,26,0,1,3,5,1,2,11,2,0,0,1,0,0,0,1,0,0,0,0,0,0,0,0,0,0,0,0,0,0,0,0,0,0
13,CLUJ,"SCOALA GENERALA TICU-COLONIE",301,AGHIREŞU,55473,1,PROV,PRCNCT,CD,CD_SV,"2021-01-21 12:30:02",144,124,20,0,37,17,20,0,136,99,35,2,0,2,2,2,5,16,2,0,0,0,2,0,0,0,1,0,0,0,0,0,0,0,3,0,0,0,0,0,0,0,0,0
13,CLUJ,"CAMIN CULTURAL AITON",302,AITON,55598,1,PROV,PRCNCT,CD,CD_SV,"2021-01-21 12:30:02",572,502,70,0,191,121,70,0,550,359,180,7,4,20,27,20,31,56,12,1,1,0,6,2,0,3,0,0,0,0,0,0,0,0,0,0,0,1,0,0,0,0,0,0
13,CLUJ,"CAMIN CULTURAL REDIU",303,AITON,55598,1,PROV,PRCNCT,CD,CD_SV,"2021-01-21 12:30:02",441,382,59,0,145,86,59,0,415,270,140,2,3,2,9,10,21,79,5,1,3,1,4,0,0,2,0,0,0,0,0,0,1,1,1,0,0,0,0,0,0,0,0,0
13,CLUJ,"CAMIN CULTURAL ALUNIS",304,ALUNIŞ,55623,1,PROV,PRCNCT,CD,CD_SV,"2021-01-21 12:30:02",472,439,33,0,126,93,33,0,482,356,123,2,1,2,15,2,6,50,27,1,0,0,12,6,1,0,0,0,0,0,0,0,0,0,1,0,0,0,0,0,0,0,0,0
13,CLUJ,"CAMIN CULTURAL CORNENI",305,ALUNIŞ,55623,1,PROV,PRCNCT,CD,CD_SV,"2021-01-21 12:30:02",126,105,21,0,41,20,21,0,114,73,40,1,0,1,4,16,4,13,1,1,0,0,0,0,0,0,0,0,0,0,0,0,0,0,0,0,0,0,0,0,0,0,0,0
13,CLUJ,"SEDIU ADMINISTRATIV GHIROLT",306,ALUNIŞ,55623,1,PROV,PRCNCT,CD,CD_SV,"2021-01-21 12:30:02",346,323,23,0,72,49,23,0,357,285,69,3,0,2,10,8,8,27,5,0,1,0,5,0,1,0,1,0,0,0,0,0,0,0,0,0,1,0,0,0,0,0,0,0
13,CLUJ,"CAMIN CULTURAL VALE",307,ALUNIŞ,55623,1,PROV,PRCNCT,CD,CD_SV,"2021-01-21 12:30:02",99,72,27,0,48,21,27,0,110,62,47,0,1,2,13,1,3,16,4,2,0,0,3,0,2,1,0,0,0,0,0,0,0,0,0,0,0,0,0,0,0,0,0,0
13,CLUJ,"SALA SPORT LICEU TEHNOLOGIC ”ŞTEFAN PASCU”",308,APAHIDA,55687,1,PROV,PRCNCT,CD,CD_SV,"2021-01-21 12:30:02",1909,1853,54,2,558,502,54,2,2040,1482,547,8,3,4,105,26,150,162,30,2,6,6,38,3,1,9,0,0,1,0,0,0,0,0,0,0,0,2,0,0,0,0,1,1
13,CLUJ,"SALA SPORT LICEU TEHNOLOGIC ”ŞTEFAN PASCU”",309,APAHIDA,55687,1,PROV,PRCNCT,CD,CD_SV,"2021-01-21 12:30:02",1736,1697,39,0,467,428,39,0,1867,1400,463,4,0,8,87,9,111,162,21,0,5,6,45,1,0,4,0,2,0,0,0,0,0,0,2,0,0,0,0,0,0,0,0,0
13,CLUJ,"SALA SPORT LICEU TEHNOLOGIC ”ŞTEFAN PASCU”",310,APAHIDA,55687,1,PROV,PRCNCT,CD,CD_SV,"2021-01-21 12:30:02",1879,1827,51,1,583,531,51,1,2008,1425,571,12,0,7,88,29,145,216,26,0,3,5,42,0,1,3,1,0,2,1,0,1,0,0,1,0,0,0,0,0,0,0,0,0
13,CLUJ,"SALA SPORT LICEU TEHNOLOGIC ”ŞTEFAN PASCU”",311,APAHIDA,55687,1,PROV,PRCNCT,CD,CD_SV,"2021-01-21 12:30:02",1512,1470,42,0,397,355,42,0,1613,1216,389,7,1,12,57,14,102,147,10,4,0,5,27,3,1,1,1,0,0,0,0,2,0,0,1,0,0,0,0,0,0,0,0,2
13,CLUJ,"CĂMIN CULTURAL SÎNNICOARĂ",312,APAHIDA,55687,1,PROV,PRCNCT,CD,CD_SV,"2021-01-21 12:30:02",2060,1968,90,2,743,651,90,2,2162,1419,729,8,6,13,108,9,170,284,44,0,8,24,43,8,1,8,0,0,1,0,0,1,0,1,2,0,0,0,0,0,0,0,1,3
13,CLUJ,"CĂMINUL CULTURAL DEZMIR",313,APAHIDA,55687,1,PROV,PRCNCT,CD,CD_SV,"2021-01-21 12:30:02",2035,1859,158,18,816,640,158,18,2024,1208,797,11,8,13,92,16,274,272,38,2,7,22,41,4,1,7,0,0,2,1,1,0,0,0,0,0,0,0,0,0,0,0,0,4
13,CLUJ,"CĂMINUL CULTURAL PATA",314,APAHIDA,55687,1,PROV,PRCNCT,CD,CD_SV,"2021-01-21 12:30:02",553,503,46,4,174,124,46,4,554,380,172,2,0,19,49,4,39,39,3,0,1,0,12,1,0,1,0,0,0,0,3,0,0,0,0,0,0,0,0,0,0,0,0,1
13,CLUJ,"CĂMIN CULTURAL CORPADEA",315,APAHIDA,55687,1,PROV,PRCNCT,CD,CD_SV,"2021-01-21 12:30:02",366,333,33,0,109,76,33,0,364,255,107,0,2,2,23,4,19,38,3,0,0,0,15,1,0,2,0,0,0,0,0,0,0,0,0,0,0,0,0,0,0,0,0,0
13,CLUJ,"SEDIU SECTOR PISCICOLA",316,APAHIDA,55687,1,PROV,PRCNCT,CD,CD_SV,"2021-01-21 12:30:02",187,147,40,0,111,71,40,0,213,102,110,0,1,5,11,8,31,38,5,1,2,0,6,1,0,1,0,0,0,0,0,0,1,0,0,0,0,0,0,0,0,0,0,0
13,CLUJ,"GRĂDINIŢA AŞCHILEU MARE",317,AŞCHILEU,55776,1,PROV,PRCNCT,CD,CD_SV,"2021-01-21 12:30:02",460,429,31,0,130,99,31,0,471,341,123,3,4,0,22,18,7,61,5,0,0,0,8,0,0,1,0,0,1,0,0,0,0,0,0,0,0,0,0,0,0,0,0,0
13,CLUJ,"GRĂDINIŢA AŞCHILEU MIC",318,AŞCHILEU,55776,1,PROV,PRCNCT,CD,CD_SV,"2021-01-21 12:30:02",257,225,32,0,84,52,32,0,249,165,78,3,3,1,14,3,7,41,2,1,1,0,5,0,0,0,0,0,1,0,0,0,0,0,0,0,0,2,0,0,0,0,0,0
13,CLUJ,"GRĂDINIŢA CRISTOREL",319,AŞCHILEU,55776,1,PROV,PRCNCT,CD,CD_SV,"2021-01-21 12:30:02",308,296,12,0,65,53,12,0,326,261,64,1,0,1,11,15,2,24,4,3,1,1,0,0,0,0,0,0,0,1,0,0,0,0,1,0,0,0,0,0,0,0,0,0
13,CLUJ,"ŞCOALA PRIMARĂ FODORA",320,AŞCHILEU,55776,2,PART,PRCNCT,CD,CD_SV,"2021-01-21 12:30:02",233,200,33,0,93,60,33,0,219,126,90,0,3,10,19,5,10,39,1,1,0,0,4,1,0,0,0,0,0,0,0,0,0,0,0,0,0,0,0,0,0,0,0,0
13,CLUJ,"GRĂDINIȚĂ CU PROGRAM PRELUNGIT (STRUCTURĂ BLOCURI)",321,BACIU,55838,1,PROV,PRCNCT,CD,CD_SV,"2021-01-21 12:30:02",1923,1799,124,0,796,672,124,0,1965,1169,794,1,1,94,51,19,327,207,16,5,5,14,41,0,0,7,0,0,1,0,2,0,0,0,1,0,0,0,0,0,0,0,0,4
13,CLUJ,"CASA DE CULTURĂ BACIU",322,BACIU,55838,1,PROV,PRCNCT,CD,CD_SV,"2021-01-21 12:30:02",1800,1724,72,4,685,609,72,4,1897,1212,675,7,3,196,40,22,178,170,18,3,0,7,22,2,0,5,2,0,0,0,0,0,0,1,4,0,0,3,0,0,0,0,0,2
13,CLUJ,"CASA DE CULTURĂ BACIU",323,BACIU,55838,1,PROV,PRCNCT,CD,CD_SV,"2021-01-21 12:30:02",1770,1713,54,3,602,545,54,3,1889,1287,600,1,1,171,68,14,139,144,7,1,3,8,23,5,3,3,0,2,0,0,3,0,0,0,3,0,0,1,1,0,0,0,0,1
13,CLUJ,"CASA DE CULTURĂ BACIU",324,BACIU,55838,1,PROV,PRCNCT,CD,CD_SV,"2021-01-21 12:30:02",1155,1130,24,1,327,302,24,1,1241,914,323,2,2,121,29,15,41,68,9,2,4,7,14,5,3,1,0,0,0,0,0,0,0,0,0,0,0,1,1,1,1,0,0,0
13,CLUJ,"ȘCOALA CORUȘU",325,BACIU,55838,1,PROV,PRCNCT,CD,CD_SV,"2021-01-21 12:30:02",536,480,55,1,232,176,55,1,527,295,228,1,3,5,37,23,30,94,8,2,2,2,16,2,3,2,0,0,0,0,0,1,0,0,0,0,0,1,0,0,0,0,0,0
13,CLUJ,"ȘCOALA MERA",326,BACIU,55838,1,PROV,PRCNCT,CD,CD_SV,"2021-01-21 12:30:02",1361,1298,41,22,423,360,41,22,1425,1002,410,7,6,291,16,7,20,33,7,0,1,4,23,0,3,0,0,0,1,0,1,1,0,0,2,0,0,0,0,0,0,0,0,0
13,CLUJ,"ȘCOALA POPEȘTI",327,BACIU,55838,1,PROV,PRCNCT,CD,CD_SV,"2021-01-21 12:30:02",677,604,69,4,270,197,69,4,662,392,270,0,0,9,26,10,90,87,12,1,3,4,18,3,1,3,0,0,1,0,0,0,0,0,0,0,0,0,0,0,0,0,0,2
13,CLUJ,"ȘCOALA SĂLIȘTEA NOUĂ",328,BACIU,55838,1,PROV,PRCNCT,CD,CD_SV,"2021-01-21 12:30:02",180,145,33,2,90,55,33,2,192,102,90,0,0,3,13,7,15,41,1,0,1,1,6,0,0,1,0,0,1,0,0,0,0,0,0,0,0,0,0,0,0,0,0,0
13,CLUJ,"ȘCOALA SUCEAGU",329,BACIU,55838,1,PROV,PRCNCT,CD,CD_SV,"2021-01-21 12:30:02",1194,1151,43,0,298,255,43,0,1264,966,286,5,7,127,31,5,33,67,1,0,0,1,10,1,0,2,0,0,0,0,0,3,0,1,0,0,0,2,0,0,0,0,1,1
13,CLUJ,"ŞCOALA GENERALĂ BĂIŞOARA",330,BĂIŞOARA,55918,1,PROV,PRCNCT,CD,CD_SV,"2021-01-21 12:30:02",887,834,50,3,265,212,50,3,922,657,257,7,1,0,68,13,45,81,12,0,6,0,24,1,1,3,0,0,0,0,0,0,0,0,1,1,0,0,1,0,0,0,0,0
13,CLUJ,"ŞCOALA PRIMARĂ SĂCEL",331,BĂIŞOARA,55918,1,PROV,PRCNCT,CD,CD_SV,"2021-01-21 12:30:02",351,339,12,0,113,101,12,0,377,264,113,0,0,0,18,5,5,32,13,0,1,3,26,2,1,6,0,0,0,0,0,1,0,0,0,0,0,0,0,0,0,0,0,0
13,CLUJ,"ŞCOALA PRIMARĂ MUNTELE BĂIŞORII",332,BĂIŞOARA,55918,1,PROV,PRCNCT,CD,CD_SV,"2021-01-21 12:30:02",311,266,45,0,111,66,45,0,293,182,106,2,3,5,14,7,25,42,4,0,0,0,6,1,1,1,0,0,0,0,0,0,0,0,0,0,0,0,0,0,0,0,0,0
13,CLUJ,"ŞCOALA PRIMARĂ MUNTELE CACOVEI",333,BĂIŞOARA,55918,1,PROV,PRCNCT,CD,CD_SV,"2021-01-21 12:30:02",86,74,12,0,33,21,12,0,82,49,31,0,2,0,5,2,5,10,2,0,1,1,2,0,0,1,1,1,0,0,0,0,0,0,0,0,0,0,0,0,0,0,0,0
13,CLUJ,"ŞCOALA PRIMARĂ MUNTELE SĂCELULUI",334,BĂIŞOARA,55918,1,PROV,PRCNCT,CD,CD_SV,"2021-01-21 12:30:02",63,52,11,0,27,16,11,0,56,29,25,0,2,0,4,4,1,12,2,0,1,0,0,0,0,1,0,0,0,0,0,0,0,0,0,0,0,0,0,0,0,0,0,0
13,CLUJ,"GOSPODĂRIA D-NEI. PAŞCA TODORICA, SAT MOARA DE PĂDURE, NR. 24",335,BĂIŞOARA,55918,2,PART,PRCNCT,CD,CD_SV,"2021-01-21 12:30:02",144,115,29,0,63,34,29,0,126,63,61,1,1,1,8,4,9,17,3,0,0,1,13,1,0,2,0,0,1,1,0,0,0,0,0,0,0,0,0,0,0,0,0,0
13,CLUJ,"PRIMĂRIA BELIŞ",336,BELIŞ,56014,1,PROV,PRCNCT,CD,CD_SV,"2021-01-21 12:30:02",606,502,104,0,263,159,104,0,600,337,258,3,2,2,77,30,26,89,11,0,3,3,15,0,0,1,0,0,0,1,0,0,0,0,0,0,0,0,0,0,0,0,0,0
13,CLUJ,"CĂMIN CULTURAL BĂLCEŞTI",337,BELIŞ,56014,1,PROV,PRCNCT,CD,CD_SV,"2021-01-21 12:30:02",138,117,21,0,46,25,21,0,129,83,45,0,1,0,9,2,7,16,4,0,1,0,3,2,1,0,0,0,0,0,0,0,0,0,0,0,0,0,0,0,0,0,0,0
13,CLUJ,"ŞCOALA PRIMARĂ DEALU BOTII",338,BELIŞ,56014,1,PROV,PRCNCT,CD,CD_SV,"2021-01-21 12:30:02",59,46,13,0,32,19,13,0,51,19,32,0,0,0,10,1,2,12,4,0,0,1,0,1,0,1,0,0,0,0,0,0,0,0,0,0,0,0,0,0,0,0,0,0
13,CLUJ,"ŞCOALA PRIMARĂ SMIDA",339,BELIŞ,56014,1,PROV,PRCNCT,CD,CD_SV,"2021-01-21 12:30:02",61,44,17,0,38,21,17,0,89,51,38,0,0,0,11,2,4,12,4,0,0,0,0,0,0,4,0,0,0,0,0,0,0,0,0,0,0,0,0,0,0,0,0,1
13,CLUJ,"MAGAZINUL SǍTESC",340,BELIŞ,56014,1,PROV,PRCNCT,CD,CD_SV,"2021-01-21 12:30:02",122,108,14,0,65,51,14,0,118,53,63,1,1,0,33,2,7,11,2,0,0,0,4,1,1,1,0,0,1,0,0,0,0,0,0,0,0,0,0,0,0,0,0,0
13,CLUJ,"ŞCOALA PRIMARǍ POIANA HOREA",341,BELIŞ,56014,1,PROV,PRCNCT,CD,CD_SV,"2021-01-21 12:30:02",295,282,13,0,120,107,13,0,311,191,114,3,3,2,50,3,6,25,7,0,2,1,8,0,1,8,0,0,0,1,0,0,0,0,0,0,0,0,0,0,0,0,0,0
13,CLUJ,"SCOLA GENERALA BABDIU",342,BOBÂLNA,56096,1,PROV,PRCNCT,CD,CD_SV,"2021-01-21 12:30:02",150,126,24,0,61,37,24,0,139,78,58,3,0,2,21,7,5,9,2,0,2,0,5,2,0,1,0,0,1,0,0,1,0,0,0,0,0,0,0,0,0,0,0,0
13,CLUJ,"SCOALA GENERALA BOBÎLNA",343,BOBÂLNA,56096,1,PROV,PRCNCT,CD,CD_SV,"2021-01-21 12:30:02",327,296,31,0,99,68,31,0,326,227,96,0,3,1,43,11,3,19,15,1,0,0,2,0,0,0,1,0,0,0,0,0,0,0,0,0,0,0,0,0,0,0,0,0
13,CLUJ,"SCOALA GENERALA MAIA",344,BOBÂLNA,56096,1,PROV,PRCNCT,CD,CD_SV,"2021-01-21 12:30:02",204,185,18,1,71,52,18,1,202,131,68,2,1,2,28,3,4,17,1,0,1,0,9,2,0,0,0,1,0,0,0,0,0,0,0,0,0,0,0,0,0,0,0,0
13,CLUJ,"SCOALA GENERALA OSORHEL",345,BOBÂLNA,56096,1,PROV,PRCNCT,CD,CD_SV,"2021-01-21 12:30:02",123,105,18,0,54,36,18,0,115,61,50,2,2,2,15,7,2,11,5,0,0,2,4,0,0,0,0,0,2,0,0,0,0,0,0,0,0,0,0,0,0,0,0,0
13,CLUJ,"CAMINUL CULTURAL PRUNI",346,BOBÂLNA,56096,1,PROV,PRCNCT,CD,CD_SV,"2021-01-21 12:30:02",47,25,22,0,30,8,22,0,57,27,30,0,0,2,11,6,4,2,3,0,0,0,1,0,0,0,0,1,0,0,0,0,0,0,0,0,0,0,0,0,0,0,0,0
13,CLUJ,"SCOALA GENERALA RAZBUNENI",347,BOBÂLNA,56096,1,PROV,PRCNCT,CD,CD_SV,"2021-01-21 12:30:02",207,186,21,0,91,70,21,0,205,114,90,0,1,3,30,2,3,33,3,0,2,0,6,1,3,0,0,1,0,0,0,0,0,0,1,0,0,0,0,0,0,0,1,1
13,CLUJ,"CAMINUL CULTURAL SUARĂŞ",348,BOBÂLNA,56096,1,PROV,PRCNCT,CD,CD_SV,"2021-01-21 12:30:02",133,111,22,0,59,37,22,0,123,64,57,1,1,3,23,6,3,11,7,0,1,0,2,1,0,0,0,0,0,0,0,0,0,0,0,0,0,0,0,0,0,0,0,0
13,CLUJ,"SCOALA GENERALA VÎLCELELE",349,BOBÂLNA,56096,1,PROV,PRCNCT,CD,CD_SV,"2021-01-21 12:30:02",98,82,16,0,28,12,16,0,89,61,28,0,0,2,10,1,2,8,1,0,0,0,4,0,0,0,0,0,0,0,0,0,0,0,0,0,0,0,0,0,0,0,0,0
13,CLUJ,"CAMIN CULTURAL BONTIDA",350,BONŢIDA,56210,1,PROV,PRCNCT,CD,CD_SV,"2021-01-21 12:30:02",1653,1611,42,0,391,349,42,0,1779,1388,374,9,8,47,44,11,44,94,3,1,59,0,53,2,1,1,0,1,1,0,0,1,0,1,7,0,0,1,0,1,1,0,0,0
13,CLUJ,"CLUBUL TINERETULUI",351,BONŢIDA,56210,1,PROV,PRCNCT,CD,CD_SV,"2021-01-21 12:30:02",872,845,27,0,224,197,27,0,927,703,217,6,1,20,31,4,39,88,11,0,8,0,10,1,0,1,0,0,1,0,1,1,0,0,0,0,0,0,0,0,0,0,0,1
13,CLUJ,"CĂMINUL CULTURAL RASCRUCI",352,BONŢIDA,56210,1,PROV,PRCNCT,CD,CD_SV,"2021-01-21 12:30:02",1320,1251,69,0,359,290,69,0,1384,1025,349,7,3,55,39,5,44,106,21,0,20,3,31,5,1,3,1,0,1,0,0,0,0,2,10,0,0,0,0,0,1,1,0,0
13,CLUJ,"CAMIN CULTURAL COASTA",353,BONŢIDA,56210,1,PROV,PRCNCT,CD,CD_SV,"2021-01-21 12:30:02",116,89,27,0,53,26,27,0,97,44,52,1,0,4,17,1,7,15,1,0,1,0,4,0,0,0,1,0,0,0,0,0,0,0,1,0,0,0,0,0,0,0,0,0
13,CLUJ,"CAMINUL CULTURAL TAUSENI",354,BONŢIDA,56210,1,PROV,PRCNCT,CD,CD_SV,"2021-01-21 12:30:02",68,37,31,0,44,13,31,0,90,46,42,2,0,2,12,1,5,14,3,0,0,0,1,0,1,0,0,0,0,0,0,0,0,1,0,0,0,1,0,0,0,1,0,0
13,CLUJ,"CAMIN CULTURAL MARE BORSA",355,BORŞA,56265,2,PART,PRCNCT,CD,CD_SV,"2021-01-21 12:30:02",973,871,77,25,450,348,77,25,958,508,439,4,7,11,38,24,15,312,10,0,0,1,18,1,0,4,1,2,0,0,0,0,0,0,0,0,0,0,0,0,0,0,1,1
13,CLUJ,"CAMINUL CULTURAL GIULA",356,BORŞA,56265,1,PROV,PRCNCT,CD,CD_SV,"2021-01-21 12:30:02",146,105,40,1,72,31,40,1,115,43,71,1,0,2,10,4,1,43,0,2,0,0,3,0,2,0,1,0,0,1,0,0,0,0,1,0,0,0,0,0,0,0,0,1
13,CLUJ,"SCOALA GENERALA CIUMĂFAIA",357,BORŞA,56265,1,PROV,PRCNCT,CD,CD_SV,"2021-01-21 12:30:02",156,131,21,4,61,36,21,4,143,82,59,0,2,2,8,3,3,31,1,0,0,0,6,1,0,0,0,1,0,0,1,0,0,0,0,0,0,1,0,0,1,0,0,0
13,CLUJ,"CAMINUL CULTURAL BUZA",358,BUZA,56327,1,PROV,PRCNCT,CD,CD_SV,"2021-01-21 12:30:02",1022,1000,22,0,290,268,22,0,1101,811,265,15,10,102,34,13,16,66,1,0,0,0,13,5,2,1,1,3,1,0,0,1,1,0,1,0,0,1,0,0,1,0,1,1
13,CLUJ,"CAMINUL CULTURAL",359,CĂIANU,56354,1,PROV,PRCNCT,CD,CD_SV,"2021-01-21 12:30:02",651,599,52,0,253,201,52,0,659,406,249,2,2,2,31,10,9,146,31,0,0,1,6,3,1,2,2,0,0,0,0,0,0,0,1,0,0,2,0,0,0,1,0,1
13,CLUJ,"CAMINUL CULTURAL BĂRĂI",360,CĂIANU,56354,2,PART,PRCNCT,CD,CD_SV,"2021-01-21 12:30:02",237,212,24,1,93,68,24,1,233,140,90,3,0,4,16,1,3,38,20,0,1,0,3,1,2,1,0,0,0,0,0,0,0,0,0,0,0,0,0,0,0,0,0,0
13,CLUJ,"SCOALA GENERALĂ CĂIANU VAMĂ",361,CĂIANU,56354,1,PROV,PRCNCT,CD,CD_SV,"2021-01-21 12:30:02",500,481,19,0,154,135,19,0,525,371,152,2,0,3,15,11,1,110,6,0,2,0,0,0,0,1,1,0,0,0,0,0,0,0,0,0,0,0,1,0,0,1,0,0
13,CLUJ,"SCOALA GIMNAZIALA VAIDA CĂMĂRAS",362,CĂIANU,56354,2,PART,PRCNCT,CD,CD_SV,"2021-01-21 12:30:02",735,711,24,0,161,137,24,0,784,623,159,2,0,91,10,2,7,31,6,1,0,0,2,0,0,1,3,0,1,0,1,2,0,0,0,0,0,0,0,0,1,0,0,0
13,CLUJ,"CAMINUL CULTURAL CALARASI",363,CĂLĂRAŞI,56425,1,PROV,PRCNCT,CD,CD_SV,"2021-01-21 12:30:02",804,789,15,0,213,198,15,0,869,656,208,3,2,101,15,2,10,34,16,1,3,1,19,2,0,1,0,0,0,0,0,0,0,0,2,1,0,0,0,0,0,0,0,0
13,CLUJ,"CĂMINUL CULTURAL BOGATA",364,CĂLĂRAŞI,56425,1,PROV,PRCNCT,CD,CD_SV,"2021-01-21 12:30:02",946,930,16,0,243,227,16,0,1028,785,233,5,5,16,35,10,19,63,17,0,3,0,50,7,1,3,1,2,2,0,0,1,0,0,1,0,0,0,0,0,0,0,0,2
13,CLUJ,"CAMINUL CULTURAL CALARASI -GARA",365,CĂLĂRAŞI,56425,1,PROV,PRCNCT,CD,CD_SV,"2021-01-21 12:30:02",336,317,19,0,117,98,19,0,349,232,117,0,0,6,14,3,19,30,26,2,3,2,7,4,0,1,0,0,0,0,0,0,0,0,0,0,0,0,0,0,0,0,0,0
13,CLUJ,"ŞCOALA DIN CĂLĂŢELE",366,CĂLĂŢELE,56461,1,PROV,PRCNCT,CD,CD_SV,"2021-01-21 12:30:02",739,723,16,0,169,153,16,0,795,626,156,8,5,2,42,5,7,59,8,0,3,2,17,2,1,3,0,0,2,0,0,0,0,0,1,0,0,1,0,0,0,0,1,0
13,CLUJ,"CAMINUL CULTURAL CĂLĂŢELE PĂDURE",367,CĂLĂŢELE,56461,1,PROV,PRCNCT,CD,CD_SV,"2021-01-21 12:30:02",230,211,19,0,75,56,19,0,231,156,70,2,3,2,21,3,5,26,2,0,0,1,8,1,0,1,0,0,0,0,0,0,0,0,0,0,0,0,0,0,0,0,0,0
13,CLUJ,"SCOALA CĂLATA",368,CĂLĂŢELE,56461,1,PROV,PRCNCT,CD,CD_SV,"2021-01-21 12:30:02",357,319,38,0,129,91,38,0,345,216,128,0,1,3,35,8,14,50,6,0,0,0,8,1,0,3,0,0,0,0,0,0,0,0,0,0,0,0,0,0,0,0,0,0
13,CLUJ,"CĂMINUL CULTURAL VĂLENI",369,CĂLĂŢELE,56461,1,PROV,PRCNCT,CD,CD_SV,"2021-01-21 12:30:02",285,261,24,0,108,84,24,0,286,178,108,0,0,73,11,1,4,13,3,0,0,0,2,0,0,0,0,0,1,0,0,0,0,0,0,0,0,0,0,0,0,0,0,0
13,CLUJ,"CĂMINUL CULTURAL FINCIU",370,CĂLĂŢELE,56461,1,PROV,PRCNCT,CD,CD_SV,"2021-01-21 12:30:02",124,104,20,0,56,36,20,0,113,57,53,2,1,2,6,9,4,20,1,0,0,0,7,0,1,2,0,1,0,0,0,0,0,0,0,0,0,0,0,0,0,0,0,0
13,CLUJ,"ŞCOALA DIN DEALU NEGRU",371,CĂLĂŢELE,56461,1,PROV,PRCNCT,CD,CD_SV,"2021-01-21 12:30:02",387,349,38,0,151,113,38,0,383,232,149,2,0,2,17,9,14,70,15,0,0,0,15,3,1,1,0,0,0,1,0,0,0,0,0,0,0,0,0,0,0,1,0,0
13,CLUJ,"CAMIN CULTURAL CAMARASU",372,CĂMĂRAŞU,56522,1,PROV,PRCNCT,CD,CD_SV,"2021-01-21 12:30:02",1246,1211,35,0,281,246,35,0,1334,1053,259,17,5,8,69,19,14,86,11,0,2,1,17,4,2,0,1,1,2,1,0,1,0,2,12,0,0,3,2,0,0,0,0,1
13,CLUJ,"CAMIN CULTURAL NAOIU",373,CĂMĂRAŞU,56522,2,PART,PRCNCT,CD,CD_SV,"2021-01-21 12:30:02",377,358,19,0,130,111,19,0,393,263,125,1,4,2,66,3,3,30,2,0,1,2,10,1,2,0,0,0,0,0,0,0,0,0,1,0,0,0,0,0,0,1,1,0
13,CLUJ,"CAMIN CULTURAL SIMBOLENI",374,CĂMĂRAŞU,56522,1,PROV,PRCNCT,CD,CD_SV,"2021-01-21 12:30:02",493,469,24,0,104,80,24,0,516,412,99,3,2,3,49,7,1,26,4,0,0,0,1,7,0,1,0,0,0,0,0,0,0,0,0,0,0,0,0,0,0,0,0,0
13,CLUJ,"CĂMINUL CULTURAL CĂPUŞU MARE",375,"CĂPUŞU MARE",56568,1,PROV,PRCNCT,CD,CD_SV,"2021-01-21 12:30:02",761,687,74,0,296,222,74,0,758,462,285,8,3,186,9,5,11,28,26,0,0,1,15,1,0,1,0,0,0,0,0,0,0,0,0,0,1,0,1,0,0,0,0,0
13,CLUJ,"CENTRUL DE INFORMARE TURISTICĂ",376,"CĂPUŞU MARE",56568,1,PROV,PRCNCT,CD,CD_SV,"2021-01-21 12:30:02",641,578,60,3,240,177,60,3,637,397,234,3,3,121,13,8,29,27,19,0,2,2,6,0,0,1,0,0,0,0,0,0,0,0,4,1,0,0,0,0,0,0,0,1
13,CLUJ,"ȘCOALA PRIMARĂ AGÂRBICIU",377,"CĂPUŞU MARE",56568,1,PROV,PRCNCT,CD,CD_SV,"2021-01-21 12:30:02",456,389,66,1,241,174,66,1,429,188,232,2,7,3,19,27,17,91,54,0,5,0,4,1,1,3,0,0,0,0,0,0,0,0,0,0,0,0,0,0,1,5,1,0
13,CLUJ,"FOSTUL SEDIU CAP",378,"CĂPUŞU MARE",56568,1,PROV,PRCNCT,CD,CD_SV,"2021-01-21 12:30:02",325,298,27,0,124,97,27,0,326,202,119,3,2,37,10,14,11,27,10,0,0,0,3,0,1,1,0,0,0,0,0,2,0,0,2,0,0,0,1,0,0,0,0,0
13,CLUJ,"CĂMINUL CLULTURAL",379,"CĂPUŞU MARE",56568,2,PART,PRCNCT,CD,CD_SV,"2021-01-21 12:30:02",270,227,43,0,122,79,43,0,244,122,121,1,0,2,12,35,12,42,2,0,0,0,7,4,1,1,1,0,1,0,0,0,0,0,0,1,0,0,0,0,0,0,0,0
13,CLUJ,"ŞCOLA CU CLASELE I-IV DÎNGĂUL MARE",380,"CĂPUŞU MARE",56568,1,PROV,PRCNCT,CD,CD_SV,"2021-01-21 12:30:02",397,377,18,2,115,95,18,2,414,299,113,2,0,2,28,5,6,56,4,0,1,0,3,3,1,1,0,0,1,0,0,0,0,0,0,0,0,1,0,1,0,0,0,0
13,CLUJ,"CĂMINUL CULTURAL",381,CĂŞEIU,56666,2,PART,PRCNCT,CD,CD_SV,"2021-01-21 12:30:02",1238,1206,32,0,326,294,32,0,1327,1001,319,4,3,2,68,13,31,133,7,0,2,3,50,1,2,2,0,0,1,0,0,0,0,0,3,1,0,0,0,0,0,0,0,0
13,CLUJ,"ŞCOALA COPLEAN",382,CĂŞEIU,56666,1,PROV,PRCNCT,CD,CD_SV,"2021-01-21 12:30:02",372,354,18,0,116,98,18,0,390,274,115,0,1,2,25,5,14,41,4,2,4,0,8,1,0,5,0,0,0,1,0,0,0,0,1,1,0,0,0,0,0,0,1,0
13,CLUJ,"ŞCOALA GIMNAZIALĂ RUGĂŞEŞTI",383,CĂŞEIU,56666,1,PROV,PRCNCT,CD,CD_SV,"2021-01-21 12:30:02",883,870,13,0,176,163,13,0,958,782,172,2,2,2,42,9,12,59,8,0,5,2,15,2,3,3,4,0,1,0,0,0,0,1,0,0,1,0,1,0,0,0,1,1
13,CLUJ,"ŞCOALA GUGA",384,CĂŞEIU,56666,1,PROV,PRCNCT,CD,CD_SV,"2021-01-21 12:30:02",264,253,11,0,64,53,11,0,278,214,59,3,2,1,23,3,2,19,4,0,1,0,2,0,2,1,0,0,0,0,0,0,0,0,0,0,0,0,0,0,0,0,0,1
13,CLUJ,"ŞCOALA GARBĂUL DEJULUI",385,CĂŞEIU,56666,1,PROV,PRCNCT,CD,CD_SV,"2021-01-21 12:30:02",196,178,18,0,61,43,18,0,195,134,60,1,0,3,16,3,1,24,4,0,0,0,3,1,1,0,0,0,1,0,0,0,0,2,0,0,0,0,0,0,0,1,0,0
13,CLUJ,"ŞCOALA SĂLĂTRUC",386,CĂŞEIU,56666,1,PROV,PRCNCT,CD,CD_SV,"2021-01-21 12:30:02",146,120,26,0,53,27,26,0,131,78,53,0,0,2,8,8,5,21,6,0,0,0,0,0,0,2,0,0,0,0,0,1,0,0,0,0,0,0,0,0,0,0,0,0
13,CLUJ,"ŞCOALA PRIMARĂ URIŞOR",387,CĂŞEIU,56666,1,PROV,PRCNCT,CD,CD_SV,"2021-01-21 12:30:02",830,805,25,0,255,230,25,0,887,632,245,6,4,4,47,17,39,80,33,0,2,2,14,2,1,1,0,0,0,0,0,0,0,0,0,0,0,1,0,0,0,0,0,2
13,CLUJ,"CAMIN CULTURAL CATINA",388,CĂTINA,56773,1,PROV,PRCNCT,CD,CD_SV,"2021-01-21 12:30:02",947,893,45,9,387,333,45,9,986,599,370,6,11,14,36,6,8,127,129,3,3,0,8,11,6,1,3,3,0,0,0,0,0,2,1,0,0,0,0,2,0,0,3,4
13,CLUJ,"CAMIN CULTURAL FELDIOARA",389,CĂTINA,56773,1,PROV,PRCNCT,CD,CD_SV,"2021-01-21 12:30:02",417,396,21,0,130,109,21,0,438,308,120,3,7,32,17,15,3,24,9,1,2,0,7,2,2,0,0,0,0,1,0,1,0,0,1,0,0,0,0,0,0,0,0,3
13,CLUJ,"CĂMINUL CULTURAL COPRU",390,CĂTINA,56773,1,PROV,PRCNCT,CD,CD_SV,"2021-01-21 12:30:02",105,94,11,0,47,36,11,0,102,55,45,0,2,3,9,8,0,14,7,0,0,0,1,1,1,0,0,1,0,0,0,0,0,0,0,0,0,0,0,0,0,0,0,0
13,CLUJ,"SCOALA GIMNAZIALA CÎŢCĂU",391,CÂŢCĂU,57314,1,PROV,PRCNCT,CD,CD_SV,"2021-01-21 12:30:02",1371,1201,127,43,652,482,127,43,1330,678,640,6,6,5,104,33,53,358,21,1,5,1,39,5,2,5,1,0,1,0,0,2,0,1,1,1,0,0,0,0,0,1,0,0
13,CLUJ,"ŞCOAL GEN. MUNCEL",392,CÂŢCĂU,57314,1,PROV,PRCNCT,CD,CD_SV,"2021-01-21 12:30:02",228,187,35,6,96,55,35,6,208,112,96,0,0,2,19,3,4,60,1,0,3,0,2,0,0,0,0,0,1,0,1,0,0,0,0,0,0,0,0,0,0,0,0,0
13,CLUJ,"ŞCOALA GEN. SĂLIŞCA",393,CÂŢCĂU,57314,1,PROV,PRCNCT,CD,CD_SV,"2021-01-21 12:30:02",547,469,59,19,307,229,59,19,513,206,297,5,5,3,20,4,23,234,2,0,0,0,6,1,0,2,0,1,0,0,0,0,0,0,0,0,0,0,0,0,0,1,0,0
13,CLUJ,"CAMIN CULTURAL CEANU MARE",394,"CEANU MARE",56844,1,PROV,PRCNCT,CD,CD_SV,"2021-01-21 12:30:02",1156,1129,27,0,250,223,27,0,1245,995,240,5,5,10,43,17,12,62,42,0,7,1,30,8,3,1,1,1,0,0,0,1,0,0,0,0,0,0,0,0,0,0,1,0
13,CLUJ,"GRADINITA BOIAN",395,"CEANU MARE",56844,1,PROV,PRCNCT,CD,CD_SV,"2021-01-21 12:30:02",778,747,29,2,208,177,29,2,824,616,201,4,3,2,30,5,11,28,93,0,3,3,21,2,0,0,1,0,1,0,0,0,0,0,1,0,0,0,0,0,0,0,0,0
13,CLUJ,"CAMIN CULTURAL BOLDUT",396,"CEANU MARE",56844,1,PROV,PRCNCT,CD,CD_SV,"2021-01-21 12:30:02",708,681,27,0,215,188,27,0,749,534,207,5,3,4,40,4,12,51,53,1,5,7,18,3,2,2,0,0,1,0,0,0,0,0,0,0,0,1,0,1,0,0,1,1
13,CLUJ,"SCOALA PRIMARA IACOBENI",397,"CEANU MARE",56844,1,PROV,PRCNCT,CD,CD_SV,"2021-01-21 12:30:02",535,513,22,0,135,113,22,0,564,429,129,3,3,1,33,6,3,19,42,0,2,3,13,3,2,0,0,1,1,0,0,0,0,0,0,0,0,0,0,0,0,0,0,0
13,CLUJ,"SCOALA DOSU NAPULUI",398,"CEANU MARE",56844,1,PROV,PRCNCT,CD,CD_SV,"2021-01-21 12:30:02",139,112,27,0,42,15,27,0,123,81,40,0,2,2,6,4,6,6,12,0,0,3,1,0,0,0,0,0,0,0,0,0,0,0,0,0,0,0,0,0,0,0,0,0
13,CLUJ,"PRIMĂRIA COMUNEI CHINTENI",399,CHINTENI,56988,1,PROV,PRCNCT,CD,CD_SV,"2021-01-21 12:30:02",1634,1500,134,0,656,522,134,0,1648,992,645,7,4,67,121,17,196,159,16,1,1,18,29,2,3,4,1,0,1,2,0,1,0,0,0,0,0,0,0,2,0,0,1,3
13,CLUJ,"ȘCOALA CLS.I-IV DEUȘU",400,CHINTENI,56988,1,PROV,PRCNCT,CD,CD_SV,"2021-01-21 12:30:02",649,577,70,2,225,153,70,2,637,412,217,4,4,24,56,9,26,63,11,0,0,5,12,2,4,3,1,0,0,0,0,0,0,0,0,0,0,0,0,0,0,1,0,0
13,CLUJ,"ȘCOALA CLS.I-IV MĂCICAȘU",401,CHINTENI,56988,1,PROV,PRCNCT,CD,CD_SV,"2021-01-21 12:30:02",371,344,27,0,112,85,27,0,380,268,109,1,2,11,42,1,6,33,2,1,0,0,9,2,1,0,0,0,0,0,0,0,0,0,0,0,0,1,0,0,0,0,0,0
13,CLUJ,"PUNCT LUCRU FEIURDENI AL PRIMĂRIEI COMUNEI CHINTENI",402,CHINTENI,56988,1,PROV,PRCNCT,CD,CD_SV,"2021-01-21 12:30:02",457,400,57,0,193,136,57,0,441,248,177,9,7,2,97,6,7,23,7,1,1,0,16,4,1,2,0,1,1,0,0,3,0,0,1,0,0,1,0,0,0,1,0,2
13,CLUJ,"SCOALA GIMNAZ. CHIUIESTI",403,CHIUIEŞTI,57083,1,PROV,PRCNCT,CD,CD_SV,"2021-01-21 12:30:02",1265,1202,63,0,461,398,63,0,1332,871,451,6,4,4,66,25,30,240,16,1,0,7,29,7,3,1,2,1,1,1,0,1,0,1,0,2,0,2,2,2,1,0,1,5
13,CLUJ,"SCOALA PRIMARA MAGOAJA",404,CHIUIEŞTI,57083,1,PROV,PRCNCT,CD,CD_SV,"2021-01-21 12:30:02",339,310,29,0,112,83,29,0,344,232,111,0,1,7,18,17,7,28,2,1,3,2,9,2,3,8,1,0,1,0,0,0,0,0,0,1,0,0,1,0,0,0,0,0
13,CLUJ,"SCOALA PRIMARA STRAMBU",405,CHIUIEŞTI,57083,1,PROV,PRCNCT,CD,CD_SV,"2021-01-21 12:30:02",352,333,19,0,96,77,19,0,367,271,90,2,4,0,16,2,17,40,3,0,1,0,6,1,2,0,0,0,0,0,0,0,0,0,0,1,0,0,0,0,0,0,0,1
13,CLUJ,"SALA NUNTI",406,CHIUIEŞTI,57083,1,PROV,PRCNCT,CD,CD_SV,"2021-01-21 12:30:02",119,101,18,0,59,41,18,0,109,50,55,2,2,1,10,3,3,21,9,0,0,0,2,2,0,1,0,2,0,1,0,0,0,0,0,0,0,0,0,0,0,0,0,0
13,CLUJ,"SCOALA CU CL. I - VIII, CIUCEA",407,CIUCEA,57163,2,PART,PRCNCT,CD,CD_SV,"2021-01-21 12:30:02",788,734,35,19,346,292,35,19,811,465,337,6,3,3,85,15,30,154,1,0,0,5,31,6,0,3,1,0,0,0,0,0,0,0,0,0,0,0,0,1,0,0,2,0
13,CLUJ,"SCOALA CLASELE I - IV CALEA LATA",408,CIUCEA,57163,1,PROV,PRCNCT,CD,CD_SV,"2021-01-21 12:30:02",212,190,22,0,73,51,22,0,209,136,72,0,1,0,6,2,7,48,0,0,0,0,5,2,1,0,0,0,0,0,0,0,0,0,1,0,0,0,0,0,0,0,0,0
13,CLUJ,"SCOALA CLS.I-IV VANATORI",409,CIUCEA,57163,1,PROV,PRCNCT,CD,CD_SV,"2021-01-21 12:30:02",384,360,11,13,186,162,11,13,397,211,180,4,2,0,27,15,5,117,3,0,0,1,3,4,1,1,0,0,1,0,0,0,0,0,0,0,0,0,0,0,0,2,0,0
13,CLUJ,"CONSILIUL LOCAL CIURILA",410,CIURILA,57225,1,PROV,PRCNCT,CD,CD_SV,"2021-01-21 12:30:02",261,209,52,0,121,69,52,0,227,106,116,3,2,2,12,6,18,34,9,1,1,0,23,0,1,4,0,0,3,0,0,0,0,0,1,0,0,0,0,1,0,0,0,0
13,CLUJ,"SCOALA GIMNAZIALA",411,CIURILA,57225,1,PROV,PRCNCT,CD,CD_SV,"2021-01-21 12:30:02",282,234,48,0,116,68,48,0,259,143,115,1,0,1,30,7,10,38,1,1,2,0,18,1,0,2,1,0,0,0,0,0,0,0,0,0,0,0,1,0,0,2,0,0
13,CLUJ,"SCOALA GIMNAZIALA",412,CIURILA,57225,1,PROV,PRCNCT,CD,CD_SV,"2021-01-21 12:30:02",313,279,34,0,114,80,34,0,307,193,112,2,0,0,11,3,8,76,2,0,0,0,10,1,1,0,0,0,0,0,0,0,0,0,0,0,0,0,0,0,0,0,0,0
13,CLUJ,"CĂMINUL CULTURAL SĂLICEA",413,CIURILA,57225,1,PROV,PRCNCT,CD,CD_SV,"2021-01-21 12:30:02",566,430,136,0,331,195,136,0,523,192,323,4,4,3,21,3,80,150,7,0,0,7,44,2,0,3,0,0,0,0,0,1,0,0,0,0,0,0,0,1,0,0,1,0
13,CLUJ,"CAMIN CULTURAL SALISTE",414,CIURILA,57225,1,PROV,PRCNCT,CD,CD_SV,"2021-01-21 12:30:02",103,76,27,0,62,35,27,0,83,21,61,0,1,1,5,3,12,22,2,1,0,2,8,2,0,2,0,0,0,0,0,0,0,0,0,0,0,0,0,0,0,0,0,1
13,CLUJ,"ȘCOALA GIMNAZIALĂ COJOCNA SALA NR.4",415,COJOCNA,57350,1,PROV,PRCNCT,CD,CD_SV,"2021-01-21 12:30:02",1074,1033,36,5,218,177,36,5,1134,916,212,1,5,92,14,4,18,37,9,0,1,0,13,0,0,1,0,0,0,0,0,0,0,0,21,0,0,0,0,0,1,0,1,0
13,CLUJ,"ȘCOALA GIMNAZIALĂ COJOCNA SALA NR.7",416,COJOCNA,57350,2,PART,PRCNCT,CD,CD_SV,"2021-01-21 12:30:02",922,886,35,1,182,146,35,1,975,793,175,5,2,38,16,5,16,53,7,0,2,0,14,0,0,2,1,0,0,0,0,1,0,1,18,0,0,0,0,0,0,0,0,1
13,CLUJ,"ŞCOALA BOJU",417,COJOCNA,57350,1,PROV,PRCNCT,CD,CD_SV,"2021-01-21 12:30:02",380,336,44,0,112,68,44,0,372,260,109,2,1,4,17,3,5,60,2,0,2,0,9,2,0,0,0,0,1,0,0,1,0,0,1,0,0,0,0,0,0,1,0,1
13,CLUJ,"MAGAZIN COOPERATIST BOJU CATUN (FOSTUL)",418,COJOCNA,57350,1,PROV,PRCNCT,CD,CD_SV,"2021-01-21 12:30:02",198,183,15,0,41,26,15,0,203,162,41,0,0,3,6,0,4,18,3,0,2,0,3,0,0,0,1,0,0,0,0,0,0,0,0,0,0,0,1,0,0,0,0,0
13,CLUJ,"BIROUL PRIMĂRIEI CARA",419,COJOCNA,57350,1,PROV,PRCNCT,CD,CD_SV,"2021-01-21 12:30:02",733,690,43,0,167,124,43,0,761,594,157,6,4,10,23,25,31,43,3,1,5,1,6,0,1,0,1,0,1,0,0,0,0,0,2,2,0,0,0,0,0,0,0,2
13,CLUJ,"CĂMINUL CULTURAL IURIU DE CÎMPIE",420,COJOCNA,57350,1,PROV,PRCNCT,CD,CD_SV,"2021-01-21 12:30:02",227,194,33,0,57,24,33,0,216,159,55,0,2,3,16,3,4,15,2,0,0,0,7,1,0,0,0,0,1,0,0,0,0,0,1,0,0,0,1,0,0,0,0,1
13,CLUJ,"CĂMIN CULTURAL IGRIŢIA",421,CORNEŞTI,57449,1,PROV,PRCNCT,CD,CD_SV,"2021-01-21 12:30:02",48,31,17,0,29,12,17,0,34,5,27,1,1,2,9,1,2,9,1,0,0,0,1,1,0,0,0,0,0,0,0,1,0,0,0,0,0,0,0,0,0,0,0,0
13,CLUJ,"CĂMIN CULTURAL TIOCU DE SUS",422,CORNEŞTI,57449,1,PROV,PRCNCT,CD,CD_SV,"2021-01-21 12:30:02",86,72,14,0,40,26,14,0,78,38,40,0,0,8,8,2,0,14,2,0,2,0,3,0,0,0,0,0,0,0,0,0,0,0,0,0,0,0,0,0,1,0,0,0
13,CLUJ,"CĂMIN CULTURAL TIOCU DE JOS",423,CORNEŞTI,57449,1,PROV,PRCNCT,CD,CD_SV,"2021-01-21 12:30:02",119,97,22,0,54,32,22,0,106,52,48,2,4,9,7,1,3,11,3,0,1,0,8,0,0,2,0,0,0,1,0,0,0,0,2,0,0,0,0,0,0,0,0,0
13,CLUJ,"ŞCOALA GIMNAZIALĂ LIA MANOLIU CORNEŞTI",424,CORNEŞTI,57449,1,PROV,PRCNCT,CD,CD_SV,"2021-01-21 12:30:02",208,185,23,0,80,57,23,0,202,122,78,0,2,6,13,3,0,29,11,0,0,0,12,2,0,0,0,0,0,0,1,1,0,0,0,0,0,0,0,0,0,0,0,0
13,CLUJ,"COOPERATIVA VECHE- STOIANA",425,CORNEŞTI,57449,1,PROV,PRCNCT,CD,CD_SV,"2021-01-21 12:30:02",206,169,37,0,93,56,37,0,186,93,91,2,0,10,12,4,6,41,1,1,0,7,2,0,3,0,0,1,1,0,0,0,0,1,0,0,0,0,0,0,0,0,0,1
13,CLUJ,"CĂMIN CULTURAL MORĂU",426,CORNEŞTI,57449,1,PROV,PRCNCT,CD,CD_SV,"2021-01-21 12:30:02",68,42,26,0,50,24,26,0,86,36,50,0,0,1,5,3,3,33,3,0,0,0,2,0,0,0,0,0,0,0,0,0,0,0,0,0,0,0,0,0,0,0,0,0
13,CLUJ,"CENTRUL DE INFORMARE ŞI PROMOVARE TURISTICĂ LUJERDIU",427,CORNEŞTI,57449,2,PART,PRCNCT,CD,CD_SV,"2021-01-21 12:30:02",292,252,40,0,108,68,40,0,279,171,106,1,1,2,17,9,6,55,3,2,0,1,8,1,0,1,0,0,0,0,0,0,0,0,0,0,0,0,0,0,0,0,0,1
13,CLUJ,"CĂMIN CULTURAL BÎRLEA",428,CORNEŞTI,57449,1,PROV,PRCNCT,CD,CD_SV,"2021-01-21 12:30:02",138,123,15,0,73,58,15,0,136,63,72,1,0,2,19,4,18,24,2,1,0,0,2,0,0,0,0,0,0,0,0,0,0,0,0,0,0,0,0,0,0,0,0,0
13,CLUJ,"CĂMIN CULTURAL TIOLTIUR",429,CORNEŞTI,57449,2,PART,PRCNCT,CD,CD_SV,"2021-01-21 12:30:02",165,144,21,0,56,35,21,0,158,102,54,0,2,1,11,2,2,31,1,0,0,0,5,0,0,0,1,0,0,0,0,0,0,0,0,0,0,0,0,0,0,0,0,0
13,CLUJ,"SCOALA GIMNAZIALA CUZDRIOARA",430,CUZDRIOARA,55062,2,PART,PRCNCT,CD,CD_SV,"2021-01-21 12:30:02",936,902,25,9,255,221,25,9,992,737,248,3,4,17,61,24,29,78,14,0,1,4,10,1,1,4,3,0,0,0,0,0,0,0,0,0,0,0,0,0,0,0,0,1
13,CLUJ,"SCOALA GIMNAZIALA CUZDRIOARA",431,CUZDRIOARA,55062,1,PROV,PRCNCT,CD,CD_SV,"2021-01-21 12:30:02",855,827,28,0,217,189,28,0,911,694,215,1,1,3,54,20,47,69,6,0,2,0,10,1,0,0,0,0,0,0,0,0,0,1,1,0,0,0,0,0,0,0,1,0
13,CLUJ,"CĂMINUL CULTURAL",432,CUZDRIOARA,55062,1,PROV,PRCNCT,CD,CD_SV,"2021-01-21 12:30:02",727,704,23,0,156,133,23,0,775,619,152,2,2,2,36,5,15,41,21,1,1,0,14,2,1,2,0,1,0,1,0,0,0,0,6,0,0,3,0,0,0,0,0,0
13,CLUJ,"ŞCOALA GIMNAZIALĂ CU CLASELE I-VIII ”GELU ROMÂNUL”",433,DĂBÂCA,57546,1,PROV,PRCNCT,CD,CD_SV,"2021-01-21 12:30:02",575,522,46,7,190,137,46,7,577,387,189,0,1,3,54,4,19,86,4,0,0,0,6,3,4,0,1,1,1,0,0,1,0,0,1,0,0,0,0,0,0,0,1,0
13,CLUJ,"ŞCOALA CU CLASELE I-IV LUNA DE JOS",434,DĂBÂCA,57546,1,PROV,PRCNCT,CD,CD_SV,"2021-01-21 12:30:02",585,545,36,4,105,65,36,4,599,494,104,1,0,2,9,10,9,42,6,1,5,2,12,2,1,0,0,0,0,0,0,0,0,0,0,0,0,1,0,0,0,0,0,2
13,CLUJ,"CĂMINUL CULTURAL PÎGLIŞA",435,DĂBÂCA,57546,1,PROV,PRCNCT,CD,CD_SV,"2021-01-21 12:30:02",113,77,36,0,62,26,36,0,83,21,58,1,3,1,22,6,1,13,9,0,1,0,3,0,0,0,0,0,0,0,0,1,0,0,0,1,0,0,0,0,0,0,0,0
13,CLUJ,"CAMINUL CULTURAL FELEACU DIN LOCALITATEA FELEACU",436,FELEACU,57582,1,PROV,PRCNCT,CD,CD_SV,"2021-01-21 12:30:02",1898,1698,196,4,723,523,196,4,1860,1137,718,5,0,18,81,18,280,216,37,2,2,8,36,3,0,9,1,2,1,0,0,0,0,0,1,0,0,1,0,0,0,0,1,1
13,CLUJ,"CAMINUL CULTURAL DIN LOCALITATEA GHEORGHENI",437,FELEACU,57582,1,PROV,PRCNCT,CD,CD_SV,"2021-01-21 12:30:02",980,880,99,1,379,279,99,1,967,588,374,3,2,253,4,8,59,34,2,1,1,0,7,1,1,2,0,0,0,0,0,1,0,0,0,0,0,0,0,0,0,0,0,0
13,CLUJ,"FOSTUL SEDIU CAP VILCELE DIN LOCALITATEA VILCELE",438,FELEACU,57582,1,PROV,PRCNCT,CD,CD_SV,"2021-01-21 12:30:02",918,870,48,0,274,226,48,0,955,681,269,4,1,2,19,37,33,128,17,0,5,1,19,4,0,1,0,0,0,0,0,0,0,0,1,0,1,0,0,0,0,0,0,1
13,CLUJ,"SCOALA PRIMARA FIZESU GHERLII",439,"FIZEŞU GHERLII",57644,1,PROV,PRCNCT,CD,CD_SV,"2021-01-21 12:30:02",1135,1110,24,1,252,227,24,1,1223,971,248,2,2,105,21,9,30,40,5,0,2,1,6,2,3,7,0,0,3,0,0,3,0,1,10,0,0,0,0,0,0,0,0,0
13,CLUJ,"SCOALA CU CLS.I-IV NICULA",440,"FIZEŞU GHERLII",57644,1,PROV,PRCNCT,CD,CD_SV,"2021-01-21 12:30:02",582,543,35,4,141,102,35,4,597,456,139,2,0,2,21,8,13,47,6,1,1,0,33,0,0,0,0,3,0,0,0,0,0,0,0,0,0,1,1,1,0,0,0,1
13,CLUJ,"SCOALA CLS.I-IV BONT",441,"FIZEŞU GHERLII",57644,1,PROV,PRCNCT,CD,CD_SV,"2021-01-21 12:30:02",305,290,15,0,56,41,15,0,316,260,54,0,2,1,12,2,2,21,9,0,1,0,6,0,0,0,0,0,0,0,0,0,0,0,0,0,0,0,0,0,0,0,0,0
13,CLUJ,"SCOALA CLS.I-IV SACALAIA",442,"FIZEŞU GHERLII",57644,1,PROV,PRCNCT,CD,CD_SV,"2021-01-21 12:30:02",232,206,26,0,106,80,26,0,227,121,106,0,0,1,29,6,8,52,3,0,2,0,1,2,0,1,0,0,0,0,0,0,0,0,0,0,0,0,0,0,1,0,0,0
13,CLUJ,"GRĂDINIȚA CU PROGRAM PRELUNGIT FLOREȘTI",443,FLOREŞTI,57706,1,PROV,PRCNCT,CD,CD_SV,"2021-01-21 12:30:02",1802,1725,75,2,606,529,75,2,1892,1286,604,2,0,58,50,18,227,168,23,5,1,2,36,4,0,10,0,0,0,0,0,0,0,0,0,0,0,0,0,0,0,0,0,2
13,CLUJ,"GRĂDINIȚA CU PROGRAM PRELUNGIT FLOREȘTI",444,FLOREŞTI,57706,1,PROV,PRCNCT,CD,CD_SV,"2021-01-21 12:30:02",1684,1606,76,2,661,583,76,2,1762,1101,657,4,0,23,37,11,287,207,25,1,7,7,33,0,0,14,0,0,0,0,0,0,0,0,2,0,0,0,0,0,1,0,0,2
13,CLUJ,"GRĂDINIȚA CU PROGRAM PRELUNGIT FLOREȘTI",445,FLOREŞTI,57706,1,PROV,PRCNCT,CD,CD_SV,"2021-01-21 12:30:02",1677,1619,56,2,485,427,56,2,1768,1283,478,6,1,24,42,7,169,153,22,2,3,11,27,5,1,9,0,0,0,0,0,0,0,0,0,0,0,0,0,0,0,0,0,3
13,CLUJ,"GRĂDINIȚA CU PROGRAM PRELUNGIT FLOREȘTI",446,FLOREŞTI,57706,1,PROV,PRCNCT,CD,CD_SV,"2021-01-21 12:30:02",1628,1575,49,4,505,452,49,4,1723,1218,502,3,0,30,45,10,186,144,20,2,5,3,39,3,2,5,1,0,0,0,1,0,0,0,1,0,0,0,1,0,0,0,0,4
13,CLUJ,"GRĂDINIȚA CU PROGRAM PRELUNGIR FLOREȘTI",447,FLOREŞTI,57706,1,PROV,PRCNCT,CD,CD_SV,"2021-01-21 12:30:02",1471,1419,52,0,438,386,52,0,1559,1121,426,7,5,39,23,10,134,154,14,1,1,9,29,2,0,2,1,1,1,0,0,1,0,1,2,0,0,0,0,0,0,0,0,1
13,CLUJ,"PRIMĂRIA COMUNEI FLOREȘTI",448,FLOREŞTI,57706,1,PROV,PRCNCT,CD,CD_SV,"2021-01-21 12:30:02",1793,1705,84,4,506,418,84,4,1869,1363,491,12,3,25,55,11,159,153,18,2,3,10,32,2,0,4,0,0,1,1,1,0,1,0,7,0,0,1,0,0,0,0,0,5
13,CLUJ,"PRIMĂRIA COMUNEI FLOREȘTI",449,FLOREŞTI,57706,1,PROV,PRCNCT,CD,CD_SV,"2021-01-21 12:30:02",1555,1466,86,3,544,455,86,3,1603,1059,534,9,1,23,34,7,239,166,13,1,4,4,29,2,1,6,0,0,0,0,0,0,0,0,1,0,0,2,0,0,1,1,0,0
13,CLUJ,"ȘCOALA GIMNAZIALĂ ”GHEORGHE ȘINCAI” FLOREȘTI",450,FLOREŞTI,57706,1,PROV,PRCNCT,CD,CD_SV,"2021-01-21 12:30:02",1854,1794,60,0,599,539,60,0,1955,1356,597,1,1,36,46,15,245,170,19,0,0,6,43,2,0,8,1,0,0,0,0,2,0,0,0,0,0,0,0,0,1,0,0,3
13,CLUJ,"ȘCOALA GIMNAZIALĂ ”GHEORGHE ȘINCAI” FLOREȘTI",451,FLOREŞTI,57706,1,PROV,PRCNCT,CD,CD_SV,"2021-01-21 12:30:02",1076,997,78,1,390,311,78,1,1095,705,385,3,2,35,47,13,100,133,20,3,0,4,27,0,0,2,0,0,0,0,0,0,0,0,0,0,0,0,0,1,0,0,0,0
13,CLUJ,"ȘCOALA GIMNAZIALĂ ”GHEORGHE ȘINCAI” FLOREȘTI",452,FLOREŞTI,57706,1,PROV,PRCNCT,CD,CD_SV,"2021-01-21 12:30:02",1902,1844,56,2,636,578,56,2,2012,1376,631,4,1,38,36,4,250,202,23,2,0,12,44,4,0,7,1,0,1,0,0,1,0,0,1,0,0,0,0,2,0,1,0,2
13,CLUJ,"GRADINITA NR.2",453,FLOREŞTI,57706,1,PROV,PRCNCT,CD,CD_SV,"2021-01-21 12:30:02",1468,1410,58,0,615,557,58,0,1547,932,612,3,0,53,37,10,291,152,13,3,2,8,35,0,0,4,0,0,0,0,0,0,0,0,0,0,0,0,1,0,0,0,1,2
13,CLUJ,"GRADINITA NR.2",454,FLOREŞTI,57706,1,PROV,PRCNCT,CD,CD_SV,"2021-01-21 12:30:02",1587,1503,79,5,619,535,79,5,1637,1018,611,5,3,52,64,14,204,171,28,1,5,11,43,2,2,5,1,0,2,1,0,0,0,0,0,0,0,2,0,0,3,0,0,0
13,CLUJ,ȘCOALA,455,FLOREŞTI,57706,2,PART,PRCNCT,CD,CD_SV,"2021-01-21 12:30:02",1835,1763,72,0,583,511,72,0,1938,1355,581,2,0,20,39,17,226,185,22,1,1,15,39,1,1,10,0,0,0,0,0,1,0,0,0,0,0,0,0,0,1,0,0,2
13,CLUJ,ȘCOALA,456,FLOREŞTI,57706,1,PROV,PRCNCT,CD,CD_SV,"2021-01-21 12:30:02",1799,1737,62,0,486,424,62,0,1912,1426,481,5,0,41,20,7,190,154,9,1,1,10,37,1,1,6,0,0,0,0,0,0,0,0,0,0,0,0,0,0,0,0,0,3
13,CLUJ,ȘCOALA,457,FLOREŞTI,57706,1,PROV,PRCNCT,CD,CD_SV,"2021-01-21 12:30:02",1885,1804,79,2,536,455,79,2,1982,1446,534,2,0,29,31,10,196,181,16,2,0,8,49,1,0,3,0,0,1,0,0,0,0,0,0,0,0,2,1,0,0,0,0,4
13,CLUJ,ȘCOALA,458,FLOREŞTI,57706,1,PROV,PRCNCT,CD,CD_SV,"2021-01-21 12:30:02",1799,1731,67,1,518,450,67,1,1901,1383,512,5,1,37,28,13,178,147,24,2,2,11,57,1,0,8,0,0,0,0,0,0,0,0,0,0,0,1,0,0,1,0,0,2
13,CLUJ,ȘCOALA,459,FLOREŞTI,57706,1,PROV,PRCNCT,CD,CD_SV,"2021-01-21 12:30:02",2173,2117,53,3,579,523,53,3,2310,1731,574,3,2,29,33,11,201,211,16,2,3,14,41,0,1,9,0,0,0,0,0,0,0,0,0,0,0,0,0,0,0,0,0,3
13,CLUJ,"SCOALA LUNA DE SUS",460,FLOREŞTI,57706,1,PROV,PRCNCT,CD,CD_SV,"2021-01-21 12:30:02",874,809,63,2,287,222,63,2,891,604,282,3,2,113,28,3,33,71,3,1,2,1,20,2,0,1,2,0,0,0,0,0,0,0,0,0,0,0,0,0,1,0,0,1
13,CLUJ,"SCOALA LUNA DE SUS",461,FLOREŞTI,57706,1,PROV,PRCNCT,CD,CD_SV,"2021-01-21 12:30:02",1038,1003,35,0,341,306,35,0,1100,759,338,1,2,174,13,3,33,99,5,0,0,1,6,0,0,2,0,0,0,0,0,0,0,0,0,0,0,0,0,2,0,0,0,0
13,CLUJ,"CAMINUL CULTURAL TAUTI",462,FLOREŞTI,57706,1,PROV,PRCNCT,CD,CD_SV,"2021-01-21 12:30:02",261,203,58,0,124,66,58,0,244,120,124,0,0,7,19,3,23,48,4,1,0,2,11,4,0,2,0,0,0,0,0,0,0,0,0,0,0,0,0,0,0,0,0,0
13,CLUJ,"ȘCOALA GIMNAZIALĂ ”GHEORGHE ȘINCAI” FLOREȘTI-GRĂDINIȚA",463,FLOREŞTI,57706,1,PROV,PRCNCT,CD,CD_SV,"2021-01-21 12:30:02",2138,2059,71,8,722,643,71,8,2239,1517,718,4,0,32,39,20,359,186,25,3,3,8,28,5,0,7,0,0,0,0,0,0,0,0,0,0,0,0,0,1,0,0,0,2
13,CLUJ,"ȘCOALA GIMNAZIALĂ ”GHEORGHE ȘINCAI” FLOREȘTI-GRĂDINIȚA",464,FLOREŞTI,57706,1,PROV,PRCNCT,CD,CD_SV,"2021-01-21 12:30:02",1882,1825,53,4,709,652,53,4,1980,1271,702,7,0,26,46,16,305,233,30,3,6,5,24,0,1,6,0,0,0,0,0,0,0,0,0,0,0,0,0,0,0,0,0,1
13,CLUJ,"CAMINUL CULTURAL FRATA",465,FRATA,57742,1,PROV,PRCNCT,CD,CD_SV,"2021-01-21 12:30:02",1565,1520,45,0,367,322,45,0,1674,1307,357,3,7,5,130,23,19,117,12,2,3,4,23,4,6,3,0,0,0,0,0,1,0,0,3,0,0,0,0,0,0,1,1,0
13,CLUJ,"CAMINUL CULTURAL BERCHIESU",466,FRATA,57742,1,PROV,PRCNCT,CD,CD_SV,"2021-01-21 12:30:02",503,493,10,0,133,123,10,0,545,412,122,2,9,4,50,5,3,39,2,0,1,1,8,1,1,4,0,0,2,0,0,0,0,0,0,1,0,0,0,0,0,0,0,0
13,CLUJ,"CAMINUL CULTURAL POIANA FRATII",467,FRATA,57742,1,PROV,PRCNCT,CD,CD_SV,"2021-01-21 12:30:02",194,175,19,0,80,61,19,0,192,112,78,1,1,2,32,7,5,12,4,0,0,3,10,1,0,0,0,0,1,0,0,0,0,0,0,0,0,0,0,1,0,0,0,0
13,CLUJ,"CAMINUL CULTURAL SOPORU DE CIMPIE",468,FRATA,57742,1,PROV,PRCNCT,CD,CD_SV,"2021-01-21 12:30:02",1008,974,34,0,268,234,34,0,1072,804,247,5,16,2,153,8,11,24,11,0,2,0,25,2,0,1,0,0,0,0,0,0,0,1,3,0,0,2,0,0,0,2,0,0
13,CLUJ,"CAMINUL CULTURAL GARBAU",469,GÂRBĂU,57948,1,PROV,PRCNCT,CD,CD_SV,"2021-01-21 12:30:02",591,566,25,0,223,198,25,0,626,403,218,5,0,4,35,11,22,114,12,0,0,0,14,0,0,1,0,2,2,0,0,0,0,0,0,0,0,0,0,0,0,0,1,0
13,CLUJ,"SCOALA PRIMARA VISTEA",470,GÂRBĂU,57948,1,PROV,PRCNCT,CD,CD_SV,"2021-01-21 12:30:02",631,592,37,2,303,264,37,2,649,346,297,3,3,226,7,1,15,41,1,0,0,0,1,1,0,2,0,0,0,0,1,1,0,0,0,0,0,0,0,0,0,0,0,0
13,CLUJ,"CAMIN CULTURAL TUREA",471,GÂRBĂU,57948,1,PROV,PRCNCT,CD,CD_SV,"2021-01-21 12:30:02",459,436,21,2,166,143,21,2,482,316,164,0,2,90,7,4,6,45,2,0,1,0,5,0,0,0,1,0,0,0,0,2,0,0,0,0,0,1,0,0,0,0,0,0
13,CLUJ,"CĂMINUL CULTURAL NĂDĂȘELU",472,GÂRBĂU,57948,1,PROV,PRCNCT,CD,CD_SV,"2021-01-21 12:30:02",233,197,36,0,107,71,36,0,218,111,104,2,1,2,19,5,10,51,4,1,0,0,6,0,1,1,1,0,1,0,0,0,0,0,0,0,0,0,0,1,0,0,0,1
13,CLUJ,"CAMINUL CULTURAL CORNESTI",473,GÂRBĂU,57948,1,PROV,PRCNCT,CD,CD_SV,"2021-01-21 12:30:02",130,97,33,0,63,30,33,0,110,47,61,1,1,2,11,2,2,28,2,0,2,1,7,1,1,0,0,0,0,0,0,0,0,0,2,0,0,0,0,0,0,0,0,0
13,CLUJ,"CAMIN CULTURAL GEACA",474,GEACA,57831,2,PART,PRCNCT,CD,CD_SV,"2021-01-21 12:30:02",464,430,34,0,176,142,34,0,478,302,172,3,1,4,17,24,4,93,4,1,1,2,15,2,1,1,1,0,1,0,0,1,0,0,0,0,0,0,0,0,0,0,0,0
13,CLUJ,"CAMINUL CULTURAL SUCUTARD",475,GEACA,57831,1,PROV,PRCNCT,CD,CD_SV,"2021-01-21 12:30:02",327,293,34,0,103,69,34,0,324,221,100,0,3,6,11,7,18,46,7,0,0,0,2,0,2,1,0,0,0,0,0,0,0,0,0,0,0,0,0,0,0,0,0,0
13,CLUJ,"CAMINUL CULTURAL LACU",476,GEACA,57831,1,PROV,PRCNCT,CD,CD_SV,"2021-01-21 12:30:02",241,224,17,0,96,79,17,0,244,148,87,4,5,37,6,13,2,13,2,1,0,0,8,0,0,0,0,0,0,0,0,2,0,0,0,0,1,2,0,0,0,0,0,0
13,CLUJ,"CAMINUL CULTURAL LEGII",477,GEACA,57831,1,PROV,PRCNCT,CD,CD_SV,"2021-01-21 12:30:02",146,119,27,0,73,46,27,0,130,57,70,2,1,2,14,3,3,33,0,0,0,1,11,0,0,0,0,0,0,0,0,1,0,0,1,0,0,0,0,0,0,1,0,0
13,CLUJ,"SCOALA CHIRIS",478,GEACA,57831,1,PROV,PRCNCT,CD,CD_SV,"2021-01-21 12:30:02",73,64,9,0,20,11,9,0,69,49,20,0,0,1,2,5,0,6,1,0,0,1,3,0,0,0,0,0,0,0,0,0,0,0,0,1,0,0,0,0,0,0,0,0
13,CLUJ,"CAMINUL CULTURAL PUINI",479,GEACA,57831,1,PROV,PRCNCT,CD,CD_SV,"2021-01-21 12:30:02",84,75,9,0,33,24,9,0,83,50,32,0,1,7,1,2,1,16,1,0,1,0,2,0,0,0,0,0,0,0,0,1,0,0,0,0,0,0,0,0,0,0,0,0
13,CLUJ,"CASA DE CULTURĂ ”DUMITRU SOPON”",480,GILĂU,57902,1,PROV,PRCNCT,CD,CD_SV,"2021-01-21 12:30:02",1982,1891,86,5,736,645,86,5,2079,1343,714,14,8,75,89,21,94,307,44,0,9,4,46,2,1,4,1,2,0,0,0,0,0,0,14,0,0,0,0,0,0,0,0,1
13,CLUJ,"CĂMINUL CULTURAL VECHI GILĂU",481,GILĂU,57902,2,PART,PRCNCT,CD,CD_SV,"2021-01-21 12:30:02",1944,1869,69,6,613,538,69,6,2058,1445,603,4,6,77,86,13,65,259,31,2,9,4,23,4,1,7,0,0,2,0,0,0,0,0,19,0,0,0,0,0,0,0,0,1
13,CLUJ,"LICEUL TEORETIC ”GELU VOIEVOD”, CLĂDIREA INTERNAT",482,GILĂU,57902,1,PROV,PRCNCT,CD,CD_SV,"2021-01-21 12:30:02",2053,1995,53,5,604,546,53,5,2196,1592,587,9,8,88,56,10,85,193,28,2,2,7,29,4,2,1,2,0,1,0,0,0,0,0,72,0,0,2,0,0,0,0,0,3
13,CLUJ,"CĂMINUL CULTURAL SOMEȘU RECE",483,GILĂU,57902,1,PROV,PRCNCT,CD,CD_SV,"2021-01-21 12:30:02",1121,1043,78,0,364,286,78,0,1147,783,359,3,2,3,54,20,31,169,25,1,3,15,20,3,2,3,0,0,0,0,0,0,0,0,10,0,0,0,0,0,0,0,0,0
13,CLUJ,"GRĂDINIȚA - UZINA ELECTRICĂ",484,GILĂU,57902,1,PROV,PRCNCT,CD,CD_SV,"2021-01-21 12:30:02",538,511,27,0,145,118,27,0,562,417,141,1,3,1,20,9,9,56,7,0,1,0,34,1,1,0,1,0,0,1,0,0,0,0,0,0,0,0,0,0,0,0,0,0
13,CLUJ,SCOALA,485,IARA,58008,1,PROV,PRCNCT,CD,CD_SV,"2021-01-21 12:30:02",332,312,20,0,78,58,20,0,343,265,73,3,2,3,10,10,4,25,4,1,1,0,10,1,2,1,0,0,0,0,0,1,0,0,0,0,0,0,0,0,0,0,0,0
13,CLUJ,SCOALA,486,IARA,58008,1,PROV,PRCNCT,CD,CD_SV,"2021-01-21 12:30:02",340,323,17,0,98,81,17,0,355,257,96,0,2,2,22,20,14,24,2,0,0,0,6,2,2,1,0,0,1,0,0,0,0,0,0,0,0,0,0,0,0,0,0,0
13,CLUJ,SCOALA,487,IARA,58008,1,PROV,PRCNCT,CD,CD_SV,"2021-01-21 12:30:02",256,247,9,0,68,59,9,0,272,204,66,2,0,2,13,7,5,29,2,0,0,0,6,0,0,1,1,0,0,0,0,0,0,0,0,0,0,0,0,0,0,0,0,0
13,CLUJ,"ȘCOALA GIMNAZIALA CU CLASELE I-IV IARA",488,IARA,58008,1,PROV,PRCNCT,CD,CD_SV,"2021-01-21 12:30:02",771,746,25,0,157,132,25,0,823,666,152,2,3,9,40,9,9,41,7,0,3,0,26,2,2,2,0,0,1,1,0,0,0,0,0,0,0,0,0,0,0,0,0,0
13,CLUJ,"SCOALA GIMNAZIALA CU CLASELE I-IV IARA",489,IARA,58008,1,PROV,PRCNCT,CD,CD_SV,"2021-01-21 12:30:02",887,869,18,0,170,152,18,0,962,792,168,1,1,2,51,22,9,45,6,0,1,0,24,2,1,1,0,0,0,0,0,0,0,0,0,0,0,0,1,0,1,1,0,1
13,CLUJ,SCOALA,490,IARA,58008,1,PROV,PRCNCT,CD,CD_SV,"2021-01-21 12:30:02",142,126,16,0,35,19,16,0,138,103,34,0,1,2,9,5,7,7,1,0,1,0,2,0,0,0,0,0,0,0,0,0,0,0,0,0,0,0,0,0,0,0,0,0
13,CLUJ,SCOALA,491,IARA,58008,2,PART,PRCNCT,CD,CD_SV,"2021-01-21 12:30:02",118,106,12,0,32,20,12,0,116,84,28,2,2,1,9,2,2,10,1,0,0,0,3,0,0,0,0,0,0,0,0,0,0,0,0,0,0,0,0,0,0,0,0,0
13,CLUJ,SCOALA,492,IARA,58008,1,PROV,PRCNCT,CD,CD_SV,"2021-01-21 12:30:02",260,248,12,0,73,61,12,0,267,194,71,1,1,2,10,5,6,21,12,0,0,1,10,0,0,0,2,0,1,0,0,1,0,0,0,0,0,0,0,0,0,0,0,0
13,CLUJ,SCOALA,493,IARA,58008,1,PROV,PRCNCT,CD,CD_SV,"2021-01-21 12:30:02",58,37,21,0,26,5,21,0,71,45,26,0,0,2,7,1,3,6,4,0,1,0,2,0,0,0,0,0,0,0,0,0,0,0,0,0,0,0,0,0,0,0,0,0
13,CLUJ,"CASA PROPRIETATE PARTICULARA",494,IARA,58008,1,PROV,PRCNCT,CD,CD_SV,"2021-01-21 12:30:02",73,55,18,0,24,6,18,0,60,36,24,0,0,2,1,5,3,5,5,0,0,0,1,0,1,0,0,0,0,0,0,0,0,0,1,0,0,0,0,0,0,0,0,0
13,CLUJ,"CASA PROPRIETATE PARTICULARĂ",495,IARA,58008,1,PROV,PRCNCT,CD,CD_SV,"2021-01-21 12:30:02",147,129,18,0,54,36,18,0,142,88,53,1,0,2,10,1,6,17,7,0,0,0,7,3,0,0,0,0,0,0,0,0,0,0,0,0,0,0,0,0,0,0,0,0
13,CLUJ,"CASA PROPRIETATE PARTICULARĂ",496,IARA,58008,1,PROV,PRCNCT,CD,CD_SV,"2021-01-21 12:30:02",60,35,25,0,32,7,25,0,38,6,32,0,0,3,10,1,3,8,3,0,1,0,3,0,0,0,0,0,0,0,0,0,0,0,0,0,0,0,0,0,0,0,0,0
13,CLUJ,"CASA PROPRIETATE PARTICULARĂ",497,IARA,58008,1,PROV,PRCNCT,CD,CD_SV,"2021-01-21 12:30:02",33,18,15,0,22,7,15,0,50,28,22,0,0,2,7,1,3,4,2,0,0,0,2,0,0,0,0,0,0,0,0,0,0,0,0,0,0,0,1,0,0,0,0,0
13,CLUJ,"CENTRUL CULTURAL ICLOD",498,ICLOD,58142,1,PROV,PRCNCT,CD,CD_SV,"2021-01-21 12:30:02",1711,1666,45,0,383,338,45,0,1835,1452,371,8,4,1,67,12,68,146,21,1,8,3,31,1,2,3,1,0,0,0,0,0,0,2,0,1,0,0,0,0,1,0,1,1
13,CLUJ,"SCOALA DIN FUNDATURA",499,ICLOD,58142,1,PROV,PRCNCT,CD,CD_SV,"2021-01-21 12:30:02",590,565,25,0,165,140,25,0,622,457,163,0,2,2,30,5,31,73,7,0,1,0,8,1,1,3,0,0,1,0,0,0,0,0,0,0,0,0,0,0,0,0,0,0
13,CLUJ,"SCOALA DIN LIVADA",500,ICLOD,58142,1,PROV,PRCNCT,CD,CD_SV,"2021-01-21 12:30:02",925,884,41,0,218,177,41,0,973,755,214,3,1,4,30,9,33,81,25,1,7,4,13,2,0,2,0,0,1,0,0,0,0,0,0,0,0,0,0,0,0,0,1,1
13,CLUJ,"SCOALA DIN ORMAN",501,ICLOD,58142,1,PROV,PRCNCT,CD,CD_SV,"2021-01-21 12:30:02",452,436,16,0,47,31,16,0,480,433,44,3,0,2,7,3,5,15,4,0,0,0,6,0,0,1,0,0,1,0,0,0,0,0,0,0,0,0,0,0,0,0,0,0
13,CLUJ,"CĂMINUL CULTURAL",502,"IZVORU CRIŞULUI",58204,1,PROV,PRCNCT,CD,CD_SV,"2021-01-21 12:30:02",207,178,29,0,65,36,29,0,196,131,60,2,3,10,13,5,4,19,2,0,0,1,3,0,1,0,0,1,0,0,0,0,0,0,0,0,0,0,0,0,0,0,1,0
13,CLUJ,"PRIMĂRIA COMUNEI",503,"IZVORU CRIŞULUI",58204,1,PROV,PRCNCT,CD,CD_SV,"2021-01-21 12:30:02",796,764,24,8,356,324,24,8,843,487,352,2,2,319,4,0,7,9,2,1,0,2,4,0,0,1,0,0,1,0,0,2,0,0,0,0,0,0,0,0,0,0,0,0
13,CLUJ,"ŞCOALA GENERALĂ",504,"IZVORU CRIŞULUI",58204,2,PART,PRCNCT,CD,CD_SV,"2021-01-21 12:30:02",339,318,20,1,196,175,20,1,349,153,194,1,1,161,1,2,7,14,1,0,0,0,3,0,0,2,1,0,1,0,0,1,0,0,0,0,0,0,0,0,0,0,0,0
13,CLUJ,"CĂMINUL CULTURAL",505,"JICHIŞU DE JOS",55106,1,PROV,PRCNCT,CD,CD_SV,"2021-01-21 12:30:02",372,345,27,0,140,113,27,0,381,241,136,3,1,3,37,9,19,47,2,0,2,0,8,1,1,1,0,0,0,0,0,3,0,0,2,0,0,1,0,0,0,0,0,0
13,CLUJ,"CĂMINUL CULTURAL",506,"JICHIŞU DE JOS",55106,1,PROV,PRCNCT,CD,CD_SV,"2021-01-21 12:30:02",355,344,11,0,98,87,11,0,377,279,94,2,2,3,28,4,4,34,3,0,1,0,9,1,2,2,0,0,0,0,0,0,0,0,0,0,0,1,0,0,1,0,1,0
13,CLUJ,"ŞCOALA GENERALĂ",507,"JICHIŞU DE JOS",55106,1,PROV,PRCNCT,CD,CD_SV,"2021-01-21 12:30:02",195,183,12,0,69,57,12,0,203,134,68,0,1,2,5,1,3,48,4,0,0,0,1,0,1,0,1,1,0,0,0,0,0,0,0,0,0,1,0,0,0,0,0,0
13,CLUJ,"ŞCOALA GENERALĂ",508,"JICHIŞU DE JOS",55106,1,PROV,PRCNCT,CD,CD_SV,"2021-01-21 12:30:02",105,80,25,0,47,22,25,0,87,40,47,0,0,3,6,3,1,26,4,0,1,0,2,0,0,1,0,0,0,0,0,0,0,0,0,0,0,0,0,0,0,0,0,0
13,CLUJ,"ŞCOALA GENERALĂ",509,"JICHIŞU DE JOS",55106,1,PROV,PRCNCT,CD,CD_SV,"2021-01-21 12:30:02",41,17,24,0,29,5,24,0,57,28,29,0,0,0,11,3,1,11,1,0,0,0,1,0,0,0,0,0,0,0,0,0,0,0,0,0,0,0,0,0,0,0,1,0
13,CLUJ,"ŞCOALA PRIMARĂ",510,JUCU,58259,1,PROV,PRCNCT,CD,CD_SV,"2021-01-21 12:30:02",1108,1029,79,0,387,308,79,0,1129,742,381,2,4,10,112,7,90,117,17,0,0,1,19,3,2,2,0,0,0,0,0,0,0,0,0,0,0,0,1,0,0,0,0,0
13,CLUJ,"ŞCOALA PRIMARĂ",511,JUCU,58259,1,PROV,PRCNCT,CD,CD_SV,"2021-01-21 12:30:02",606,544,62,0,247,185,62,0,597,350,237,4,6,3,98,7,28,63,8,0,2,4,13,4,1,1,1,0,0,0,1,0,0,0,0,0,0,0,0,1,0,1,1,0
13,CLUJ,"ŞCOALA PRIMARĂ",512,JUCU,58259,1,PROV,PRCNCT,CD,CD_SV,"2021-01-21 12:30:02",485,451,34,0,154,120,34,0,497,343,144,3,7,84,12,2,6,18,8,0,0,1,3,2,4,1,1,0,0,0,1,0,0,0,0,0,0,0,0,0,0,1,0,0
13,CLUJ,"GRĂDINIȚA CU PROGRAM NORMAL",513,JUCU,58259,1,PROV,PRCNCT,CD,CD_SV,"2021-01-21 12:30:02",380,360,20,0,118,98,20,0,395,277,117,1,0,12,47,8,13,12,7,0,2,0,8,2,2,1,2,0,1,0,0,0,0,0,0,0,0,0,0,0,0,0,0,0
13,CLUJ,"ȘCOALA GIMNAZIALĂ ”GEORGE BARIȚIU”",514,JUCU,58259,1,PROV,PRCNCT,CD,CD_SV,"2021-01-21 12:30:02",1046,981,65,0,277,212,65,0,1079,802,274,1,2,3,68,3,69,88,6,1,5,11,12,0,2,2,1,0,1,0,0,0,0,0,0,0,0,1,1,0,0,0,0,0
13,CLUJ,"ASEZAMANTUL SOCIAL BISERICESC",515,JUCU,58259,1,PROV,PRCNCT,CD,CD_SV,"2021-01-21 12:30:02",578,550,28,0,158,130,28,0,601,443,153,4,1,2,36,12,33,38,5,4,5,5,10,0,0,1,0,0,0,0,0,0,0,0,0,0,0,0,0,0,0,0,0,2
13,CLUJ,"CĂMINUL CULTURAL ”PROF. NICOLAE MAZARE” LUNA",516,LUNA,58311,1,PROV,PRCNCT,CD,CD_SV,"2021-01-21 12:30:02",1138,1108,21,9,246,216,21,9,1221,975,240,6,0,1,41,8,36,99,24,0,0,0,24,2,0,3,0,0,0,0,0,1,0,0,0,0,0,0,0,0,0,0,0,1
13,CLUJ,"CĂMINUL CULTURAL ”PROF. NICOLAE MAZARE” LUNA",517,LUNA,58311,1,PROV,PRCNCT,CD,CD_SV,"2021-01-21 12:30:02",1024,1013,6,5,197,186,6,5,1113,916,191,4,2,1,41,11,16,58,8,1,3,1,40,1,2,0,1,0,2,0,0,0,0,0,2,0,0,3,0,0,0,0,0,0
13,CLUJ,"CAMINUL CULTURAL LUNCANI",518,LUNA,58311,1,PROV,PRCNCT,CD,CD_SV,"2021-01-21 12:30:02",1286,1249,37,0,233,196,37,0,1374,1141,231,2,0,32,47,11,29,73,12,0,1,2,21,1,0,0,0,0,1,0,0,0,0,0,0,0,0,1,0,0,0,0,0,0
13,CLUJ,"GRĂDINIŢA GLIGORESTI",519,LUNA,58311,1,PROV,PRCNCT,CD,CD_SV,"2021-01-21 12:30:02",475,460,14,1,115,100,14,1,506,391,111,2,2,1,21,7,8,46,13,0,1,1,9,1,0,1,0,0,0,0,0,0,0,0,0,0,0,0,0,0,0,0,0,2
13,CLUJ,"SCOALA GIMNAZIALA MUNTELE-RECE",520,MĂGURI-RĂCĂTĂU,58357,2,PART,PRCNCT,CD,CD_SV,"2021-01-21 12:30:02",460,433,27,0,87,60,27,0,474,387,84,1,2,0,23,4,8,20,7,0,1,0,19,1,0,0,1,0,0,0,0,0,0,0,0,0,0,0,0,0,0,0,0,0
13,CLUJ,"PRIMARIA COMUNEI",521,MĂGURI-RĂCĂTĂU,58357,1,PROV,PRCNCT,CD,CD_SV,"2021-01-21 12:30:02",729,707,22,0,168,146,22,0,783,615,161,4,3,1,27,13,20,43,18,0,2,2,24,2,0,2,0,1,1,0,0,0,0,0,0,1,1,0,0,0,0,0,0,3
13,CLUJ,"SCOALA GENERALA",522,MĂGURI-RĂCĂTĂU,58357,1,PROV,PRCNCT,CD,CD_SV,"2021-01-21 12:30:02",741,732,9,0,152,143,9,0,803,651,143,3,6,0,33,12,19,33,21,0,2,0,13,1,1,0,1,0,0,0,1,1,0,0,1,0,0,1,0,0,0,0,1,2
13,CLUJ,"PRIMĂRIA COMUNEI",523,MĂNĂSTIRENI,58393,1,PROV,PRCNCT,CD,CD_SV,"2021-01-21 12:30:02",796,722,73,1,262,188,73,1,800,538,256,2,4,55,46,7,35,51,20,2,4,0,21,1,0,11,0,0,0,0,0,0,0,0,0,0,0,1,1,0,0,0,0,1
13,CLUJ,"ŞCOALA GENERALĂ",524,MĂNĂSTIRENI,58393,1,PROV,PRCNCT,CD,CD_SV,"2021-01-21 12:30:02",454,426,28,0,173,145,28,0,470,297,167,5,1,3,54,31,5,35,2,0,16,3,11,1,0,4,1,0,0,0,0,0,0,1,0,0,0,0,0,0,0,0,0,0
13,CLUJ,"CĂMIN CULTURAL",525,MĂRGĂU,58464,1,PROV,PRCNCT,CD,CD_SV,"2021-01-21 12:30:02",162,148,14,0,73,59,14,0,162,89,71,0,2,0,21,8,8,28,1,0,0,0,4,0,0,0,0,0,0,0,0,0,0,0,0,0,0,0,0,0,0,0,0,1
13,CLUJ,"CĂMIN CULTURAL",526,MĂRGĂU,58464,1,PROV,PRCNCT,CD,CD_SV,"2021-01-21 12:30:02",214,180,33,1,92,58,33,1,197,105,91,0,1,0,23,14,10,36,3,0,3,0,0,1,0,1,0,0,0,0,0,0,0,0,0,0,0,0,0,0,0,0,0,0
13,CLUJ,"PRIMĂRIA COMUNEI MĂRGĂU",527,MĂRGĂU,58464,1,PROV,PRCNCT,CD,CD_SV,"2021-01-21 12:30:02",387,352,35,0,151,116,35,0,388,237,148,0,3,1,36,8,10,72,7,0,0,2,7,2,0,1,0,1,0,0,0,0,0,0,0,0,0,0,0,0,0,1,0,0
13,CLUJ,"CĂMIN CULTURAL",528,MĂRGĂU,58464,1,PROV,PRCNCT,CD,CD_SV,"2021-01-21 12:30:02",619,595,23,1,233,209,23,1,691,458,231,1,1,0,38,24,17,127,6,0,6,1,8,1,1,1,1,0,0,0,0,0,0,0,0,0,0,0,0,0,0,0,0,0
13,CLUJ,"ŞCOALA GENERALĂ",529,MĂRIŞEL,58534,1,PROV,PRCNCT,CD,CD_SV,"2021-01-21 12:30:02",141,99,42,0,90,48,42,0,108,18,90,0,0,0,11,7,10,43,12,0,0,1,6,0,0,0,0,0,0,0,0,0,0,0,0,0,0,0,0,0,0,0,0,0
13,CLUJ,"ŞCOALA GENERALĂ",530,MĂRIŞEL,58534,1,PROV,PRCNCT,CD,CD_SV,"2021-01-21 12:30:02",1062,1015,47,0,405,358,47,0,1116,711,387,5,13,2,60,33,45,199,14,1,4,2,16,7,0,1,0,1,0,0,0,0,0,0,0,0,0,0,1,0,0,0,1,0
13,CLUJ,"ŞCOALA GENERALĂ",531,MĂRIŞEL,58534,2,PART,PRCNCT,CD,CD_SV,"2021-01-21 12:30:02",170,139,31,0,104,73,31,0,152,48,99,0,5,0,14,52,6,16,5,0,0,0,2,2,0,1,0,0,0,0,0,0,0,0,0,0,0,0,0,0,0,1,0,0
13,CLUJ,"CĂMINUL CULTURAL",532,MICA,55160,1,PROV,PRCNCT,CD,CD_SV,"2021-01-21 12:30:02",617,559,49,9,238,180,49,9,615,377,237,0,1,4,75,7,23,60,37,1,2,0,15,3,1,4,0,0,0,0,0,1,0,0,2,0,0,0,0,0,0,0,0,2
13,CLUJ,"CĂMINUL CULTURAL",533,MICA,55160,1,PROV,PRCNCT,CD,CD_SV,"2021-01-21 12:30:02",672,608,62,2,231,167,62,2,670,439,225,5,1,2,40,12,15,108,25,0,3,0,8,4,2,2,0,0,0,0,0,1,0,0,0,0,0,0,0,0,0,0,0,3
13,CLUJ,"FOSTUL SEDIU CAP",534,MICA,55160,1,PROV,PRCNCT,CD,CD_SV,"2021-01-21 12:30:02",920,898,22,0,293,271,22,0,981,688,287,3,3,64,32,13,9,116,21,0,3,4,17,1,1,1,1,1,1,0,0,0,0,0,0,0,0,1,0,0,0,0,1,0
13,CLUJ,"ŞCOALA GENERALĂ",535,MICA,55160,1,PROV,PRCNCT,CD,CD_SV,"2021-01-21 12:30:02",916,882,28,6,228,194,28,6,970,742,223,3,2,44,30,6,41,62,24,0,5,0,6,2,0,0,0,0,2,0,0,1,0,0,0,0,0,0,0,0,0,0,0,0
13,CLUJ,"ŞCOALA GENERALĂ",536,"MIHAI VITEAZU",55277,1,PROV,PRCNCT,CD,CD_SV,"2021-01-21 12:30:02",1573,1548,25,0,388,363,25,0,1707,1319,383,3,2,82,59,11,51,93,24,1,6,5,39,2,1,5,0,1,0,0,0,1,0,0,0,0,0,0,0,1,0,0,0,1
13,CLUJ,"ŞCOALA GENERALĂ",537,"MIHAI VITEAZU",55277,1,PROV,PRCNCT,CD,CD_SV,"2021-01-21 12:30:02",481,462,19,0,112,93,19,0,508,396,110,2,0,22,10,3,10,29,27,1,1,0,5,1,0,0,0,0,0,0,0,0,0,0,0,0,0,0,0,0,0,0,1,0
13,CLUJ,"CAMIN CULTURAL",538,"MIHAI VITEAZU",55277,1,PROV,PRCNCT,CD,CD_SV,"2021-01-21 12:30:02",680,638,42,0,229,187,42,0,704,475,222,5,2,50,23,7,22,20,63,0,1,2,32,0,1,0,0,0,0,0,0,0,0,0,1,0,0,0,0,0,0,0,0,0
13,CLUJ,"CASĂ DE CULTURĂ",539,"MIHAI VITEAZU",55277,1,PROV,PRCNCT,CD,CD_SV,"2021-01-21 12:30:02",1384,1357,25,2,356,329,25,2,1494,1138,349,6,1,53,51,28,77,83,19,1,3,1,23,0,5,2,0,0,0,0,0,0,0,0,0,0,0,0,0,0,1,1,0,1
13,CLUJ,"SALA DE SPORT",540,"MIHAI VITEAZU",55277,1,PROV,PRCNCT,CD,CD_SV,"2021-01-21 12:30:02",970,947,23,0,229,206,23,0,1040,811,223,6,0,49,34,3,38,36,23,0,6,0,28,1,1,1,0,0,0,0,0,1,0,0,0,0,0,0,1,0,0,0,0,1
13,CLUJ,"PRIMĂRIA COMUNEI",541,"MINTIU GHERLII",58552,2,PART,PRCNCT,CD,CD_SV,"2021-01-21 12:30:02",1306,1278,27,1,288,260,27,1,1406,1118,277,7,4,5,66,12,30,103,14,2,7,1,23,2,2,3,0,1,1,0,0,1,1,0,0,0,0,1,0,0,0,0,0,2
13,CLUJ,"ŞCOALA GENERALĂ",542,"MINTIU GHERLII",58552,1,PROV,PRCNCT,CD,CD_SV,"2021-01-21 12:30:02",781,757,23,1,178,154,23,1,836,658,167,5,6,1,32,3,9,70,3,1,1,3,40,1,0,0,0,0,1,1,0,0,0,0,0,0,0,0,0,0,0,1,0,0
13,CLUJ,"ŞCOALA GENERALĂ",543,"MINTIU GHERLII",58552,1,PROV,PRCNCT,CD,CD_SV,"2021-01-21 12:30:02",600,582,18,0,168,150,18,0,644,476,162,3,3,2,48,9,13,66,6,1,2,0,9,2,2,1,0,0,0,0,0,0,0,0,0,0,0,0,0,0,0,0,0,1
13,CLUJ,"ŞCOALA GENERALĂ",544,"MINTIU GHERLII",58552,1,PROV,PRCNCT,CD,CD_SV,"2021-01-21 12:30:02",92,72,20,0,29,9,20,0,78,49,28,0,1,1,4,1,3,12,2,0,0,0,2,1,0,0,0,1,0,0,0,0,0,0,0,0,0,0,1,0,0,0,0,0
13,CLUJ,"ŞCOALA GENERALĂ",545,"MINTIU GHERLII",58552,1,PROV,PRCNCT,CD,CD_SV,"2021-01-21 12:30:02",219,194,25,0,63,38,25,0,212,149,61,2,0,3,9,2,3,26,5,0,2,0,8,1,1,1,0,0,0,0,0,0,0,0,0,0,0,0,0,0,0,0,0,0
13,CLUJ,"ŞCOALA GENERALĂ",546,"MINTIU GHERLII",58552,1,PROV,PRCNCT,CD,CD_SV,"2021-01-21 12:30:02",241,219,22,0,68,46,22,0,240,172,68,0,0,1,9,1,7,37,2,0,4,0,4,3,0,0,0,0,0,0,0,0,0,0,0,0,0,0,0,0,0,0,0,0
13,CLUJ,"CAMIN CULTURAL MOCIU - SALA MICA",547,MOCIU,58623,1,PROV,PRCNCT,CD,CD_SV,"2021-01-21 12:30:02",1407,1343,64,0,342,278,64,0,1477,1135,322,10,10,10,54,24,31,119,15,2,1,0,31,3,4,0,1,0,1,0,1,0,0,0,21,0,0,3,0,0,0,0,0,1
13,CLUJ,"ŞCOALA ELEMENTARA",548,MOCIU,58623,1,PROV,PRCNCT,CD,CD_SV,"2021-01-21 12:30:02",273,255,18,0,73,55,18,0,281,208,70,1,2,48,3,4,2,10,1,1,0,0,0,0,0,0,0,0,0,0,0,0,0,0,0,0,0,0,0,0,1,0,0,0
13,CLUJ,"ŞCOALA GENERALĂ",549,MOCIU,58623,2,PART,PRCNCT,CD,CD_SV,"2021-01-21 12:30:02",232,212,20,0,66,46,20,0,232,166,64,1,1,2,11,2,4,34,6,0,0,0,1,1,0,0,0,1,1,0,0,0,0,0,0,0,0,0,0,0,0,0,1,0
13,CLUJ,"CAMIN CULTURAL",550,MOCIU,58623,1,PROV,PRCNCT,CD,CD_SV,"2021-01-21 12:30:02",294,264,30,0,108,78,30,0,291,183,107,1,0,2,17,3,9,61,4,1,0,1,5,1,0,0,0,0,0,0,0,0,0,0,0,0,1,0,1,0,0,0,0,1
13,CLUJ,"CLADIRE MULTIFUNCTIONALA",551,MOCIU,58623,1,PROV,PRCNCT,CD,CD_SV,"2021-01-21 12:30:02",274,252,19,3,87,65,19,3,278,191,86,1,0,2,15,3,7,42,5,4,0,0,6,0,0,1,0,0,1,0,0,0,0,0,0,0,0,0,0,0,0,0,0,0
13,CLUJ,"SALĂ MULTIFUNCŢIONALĂ",552,MOCIU,58623,1,PROV,PRCNCT,CD,CD_SV,"2021-01-21 12:30:02",210,175,35,0,63,28,35,0,196,133,61,1,1,2,19,0,9,16,1,0,0,0,6,1,1,0,0,1,1,0,0,2,0,0,0,0,0,0,0,0,1,0,1,0
13,CLUJ,"CLADIRE MULTIFUNCŢIONALĂ",553,MOCIU,58623,1,PROV,PRCNCT,CD,CD_SV,"2021-01-21 12:30:02",151,136,15,0,47,32,15,0,150,103,43,2,2,2,3,1,3,11,14,0,0,0,6,1,2,0,0,0,0,0,0,0,0,0,0,0,0,0,0,0,0,0,0,0
13,CLUJ,"PRIMĂRIA COMUNEI",554,MOLDOVENEŞTI,58721,1,PROV,PRCNCT,CD,CD_SV,"2021-01-21 12:30:02",609,579,25,5,164,134,25,5,636,472,160,2,2,91,10,5,14,19,5,0,1,0,12,2,0,0,0,0,1,0,0,0,0,0,0,0,0,0,0,0,0,0,0,0
13,CLUJ,"ŞCOALA CU CLASELE I-VIII",555,MOLDOVENEŞTI,58721,1,PROV,PRCNCT,CD,CD_SV,"2021-01-21 12:30:02",442,418,24,0,100,76,24,0,457,357,100,0,0,61,8,2,8,10,4,0,0,0,7,0,0,0,0,0,0,0,0,0,0,0,0,0,0,0,0,0,0,0,0,0
13,CLUJ,"ŞCOALA CU CLASELE I-IV",556,MOLDOVENEŞTI,58721,1,PROV,PRCNCT,CD,CD_SV,"2021-01-21 12:30:02",562,533,21,8,148,119,21,8,588,440,146,0,2,101,14,2,7,10,1,0,0,1,6,0,0,1,1,0,0,0,1,0,0,0,0,0,0,0,0,0,0,1,0,0
13,CLUJ,"CASA SATULUI",557,MOLDOVENEŞTI,58721,1,PROV,PRCNCT,CD,CD_SV,"2021-01-21 12:30:02",588,550,20,18,179,141,20,18,604,425,170,4,5,113,14,1,11,24,2,0,2,0,1,0,0,0,0,0,0,0,0,0,0,0,0,0,1,0,0,0,0,1,0,0
13,CLUJ,"CLĂDIREA PRIMĂRIEI",558,MOLDOVENEŞTI,58721,1,PROV,PRCNCT,CD,CD_SV,"2021-01-21 12:30:02",176,152,24,0,58,34,24,0,166,108,58,0,0,17,15,1,6,14,1,0,0,0,2,0,0,0,0,0,0,0,0,0,0,0,0,0,1,1,0,0,0,0,0,0
13,CLUJ,"CĂMINUL CULTURAL",559,MOLDOVENEŞTI,58721,1,PROV,PRCNCT,CD,CD_SV,"2021-01-21 12:30:02",135,109,26,0,44,18,26,0,117,73,42,2,0,12,6,2,9,7,3,1,0,0,1,0,0,0,0,0,0,0,0,0,0,0,1,0,0,0,0,0,0,0,0,0
13,CLUJ,"ŞCOALA CU CLASELE I-IV",560,MOLDOVENEŞTI,58721,1,PROV,PRCNCT,CD,CD_SV,"2021-01-21 12:30:02",371,348,23,0,79,56,23,0,386,307,76,2,1,5,10,11,5,32,3,0,0,0,6,0,0,2,0,0,1,0,0,0,0,0,0,0,0,0,0,0,0,0,0,1
13,CLUJ,"CĂMINUL CULTURAL",561,NEGRENI,60169,1,PROV,PRCNCT,CD,CD_SV,"2021-01-21 12:30:02",1345,1308,37,0,482,445,37,0,1438,956,469,9,4,2,76,30,53,192,9,1,4,26,58,9,2,1,0,1,0,0,0,0,0,1,1,1,0,0,0,0,0,1,0,1
13,CLUJ,"CASA DE CULTURĂ",562,NEGRENI,60169,1,PROV,PRCNCT,CD,CD_SV,"2021-01-21 12:30:02",587,566,21,0,242,221,21,0,622,380,235,3,4,1,49,15,19,80,8,0,0,3,43,6,6,0,1,0,1,1,0,1,0,0,0,0,0,0,0,1,0,0,0,0
13,CLUJ,"SCOALA CU CLASELE I-IV",563,NEGRENI,60169,1,PROV,PRCNCT,CD,CD_SV,"2021-01-21 12:30:02",109,96,13,0,50,37,13,0,106,56,49,1,0,1,8,3,2,19,3,0,2,0,4,0,1,0,0,0,0,0,0,1,0,0,1,1,0,0,0,0,0,1,0,2
13,CLUJ,"SCOALA PRIMARĂ",564,PANTICEU,58856,1,PROV,PRCNCT,CD,CD_SV,"2021-01-21 12:30:02",270,248,22,0,76,54,22,0,274,198,71,2,3,1,5,2,16,10,27,0,1,0,5,2,0,0,0,0,1,0,0,0,0,0,1,0,0,0,0,0,0,0,0,0
13,CLUJ,"SCOALĂ GENERALĂ IULIU HAȚIEGANU PANTICEU",565,PANTICEU,58856,1,PROV,PRCNCT,CD,CD_SV,"2021-01-21 12:30:02",564,524,40,0,183,143,40,0,581,398,172,6,5,2,24,6,49,56,11,0,3,2,12,1,0,1,1,0,0,0,0,0,0,0,1,0,0,2,0,0,0,0,1,0
13,CLUJ,"ŞCOALA CLASELE I-IV",566,PANTICEU,58856,1,PROV,PRCNCT,CD,CD_SV,"2021-01-21 12:30:02",350,304,46,0,84,38,46,0,333,249,82,1,1,4,12,7,18,23,4,1,1,0,9,0,0,0,0,0,1,0,0,0,0,0,0,0,0,0,0,1,0,1,0,0
13,CLUJ,"CLADIRE SCOALA",567,PANTICEU,58856,1,PROV,PRCNCT,CD,CD_SV,"2021-01-21 12:30:02",201,177,24,0,72,48,24,0,197,125,70,1,1,1,7,4,23,18,1,0,0,2,12,1,0,0,0,0,0,0,0,0,0,0,0,0,0,0,0,0,0,1,0,0
13,CLUJ,"CAMIN CULTURAL",568,PANTICEU,58856,1,PROV,PRCNCT,CD,CD_SV,"2021-01-21 12:30:02",79,51,28,0,44,16,28,0,55,11,43,1,0,0,5,1,11,15,1,0,2,0,3,2,0,0,0,0,0,0,0,0,0,0,1,0,0,1,0,0,1,0,0,0
13,CLUJ,"CĂMINUL CULTURAL PĂLATCA",569,PĂLATCA,58794,1,PROV,PRCNCT,CD,CD_SV,"2021-01-21 12:30:02",659,615,44,0,196,152,44,0,679,483,188,6,2,24,24,14,7,95,6,0,1,2,8,1,2,0,0,1,0,0,0,1,0,0,0,0,0,0,0,0,0,0,0,2
13,CLUJ,"CĂMINUL CULTURAL SAVA",570,PĂLATCA,58794,2,PART,PRCNCT,CD,CD_SV,"2021-01-21 12:30:02",286,260,26,0,98,72,26,0,287,189,92,2,4,2,15,3,2,62,1,2,0,0,2,0,2,1,0,0,0,0,0,0,0,0,0,0,0,0,0,0,0,0,0,0
13,CLUJ,"CĂMINUL CULTURAL",571,"PETREŞTII DE JOS",58918,1,PROV,PRCNCT,CD,CD_SV,"2021-01-21 12:30:02",130,99,31,0,54,23,31,0,108,54,51,1,2,0,19,1,6,18,1,0,3,0,2,0,0,0,0,0,0,1,0,0,0,0,0,0,0,0,0,0,0,0,0,0
13,CLUJ,"ŞCOALA GENERALĂ",572,"PETREŞTII DE JOS",58918,1,PROV,PRCNCT,CD,CD_SV,"2021-01-21 12:30:02",134,107,27,0,56,29,27,0,118,62,55,0,1,0,18,1,5,16,3,0,2,0,4,1,1,1,0,0,0,0,0,2,0,0,0,0,1,0,0,0,0,0,0,0
13,CLUJ,"ŞCOALA GENERALĂ",573,"PETREŞTII DE JOS",58918,1,PROV,PRCNCT,CD,CD_SV,"2021-01-21 12:30:02",212,177,35,0,76,41,35,0,196,120,73,3,0,0,13,4,8,35,3,0,3,0,5,0,0,0,0,0,0,0,0,0,0,0,0,0,0,1,0,0,0,0,1,0
13,CLUJ,"ŞCOALA GENERALĂ",574,"PETREŞTII DE JOS",58918,1,PROV,PRCNCT,CD,CD_SV,"2021-01-21 12:30:02",190,170,20,0,70,50,20,0,188,118,69,1,0,2,7,8,5,26,1,0,1,0,18,0,0,0,1,0,0,0,0,0,0,0,0,0,0,0,0,0,0,0,0,0
13,CLUJ,"CĂMIN CULTURAL",575,"PETREŞTII DE JOS",58918,1,PROV,PRCNCT,CD,CD_SV,"2021-01-21 12:30:02",580,492,83,5,229,141,83,5,544,315,222,3,4,0,27,10,37,113,7,0,2,1,14,4,0,0,1,0,0,0,1,0,0,1,0,1,0,0,0,0,0,1,0,2
13,CLUJ,"CAMIN CULTURAL LIVADA",576,"PETREŞTII DE JOS",58918,1,PROV,PRCNCT,CD,CD_SV,"2021-01-21 12:30:02",183,162,21,0,55,34,21,0,179,124,49,4,2,0,4,4,4,21,2,0,1,0,10,0,0,1,0,0,0,0,0,0,0,0,0,2,0,0,0,0,0,0,0,0
13,CLUJ,"CAMINUL CULTURAL",577,"PETREŞTII DE JOS",58918,1,PROV,PRCNCT,CD,CD_SV,"2021-01-21 12:30:02",96,76,20,0,45,25,20,0,83,38,43,1,1,0,7,2,3,22,2,0,0,0,3,2,0,1,0,0,0,0,0,0,0,0,0,0,0,0,0,0,0,0,0,1
13,CLUJ,"CĂMINUL CULTURAL",578,PLOSCOŞ,58990,1,PROV,PRCNCT,CD,CD_SV,"2021-01-21 12:30:02",349,325,24,0,131,107,24,0,359,228,125,2,4,0,10,5,6,86,8,0,0,0,3,1,1,0,1,1,2,0,0,0,0,0,0,1,0,0,0,0,0,0,0,0
13,CLUJ,"ŞCOALA CU CLASELE I-IV",579,PLOSCOŞ,58990,1,PROV,PRCNCT,CD,CD_SV,"2021-01-21 12:30:02",239,218,21,0,87,66,21,0,239,152,82,1,4,0,18,5,5,43,3,1,0,1,6,0,0,0,0,0,0,0,0,0,0,0,0,0,0,0,0,0,0,0,0,0
13,CLUJ,"PRIMĂRIA COMUNEI POIENI",580,POIENI,59041,1,PROV,PRCNCT,CD,CD_SV,"2021-01-21 12:30:02",974,940,30,4,249,215,30,4,1035,786,246,1,2,2,42,33,30,89,10,0,1,3,20,2,0,3,1,0,1,1,0,1,0,0,4,0,0,2,0,0,0,0,1,0
13,CLUJ,"ŞCOALA PRIMARA BOLOGA",581,POIENI,59041,1,PROV,PRCNCT,CD,CD_SV,"2021-01-21 12:30:02",527,509,17,1,189,171,17,1,561,372,188,0,1,0,47,16,37,49,5,0,0,1,24,2,0,1,0,0,0,0,0,1,0,0,1,0,0,0,0,0,0,0,1,3
13,CLUJ,"ŞCOALA PRIMARA MORLACA",582,POIENI,59041,1,PROV,PRCNCT,CD,CD_SV,"2021-01-21 12:30:02",610,585,25,0,161,136,25,0,640,479,158,2,1,0,43,17,24,47,9,0,1,0,10,0,3,3,0,0,0,0,0,0,0,0,0,1,0,0,0,0,0,0,0,0
13,CLUJ,"ŞCOALA HODIŞU",583,POIENI,59041,1,PROV,PRCNCT,CD,CD_SV,"2021-01-21 12:30:02",320,289,31,0,103,72,31,0,317,214,100,1,2,0,14,7,8,44,7,0,2,6,7,3,0,1,0,0,0,0,0,0,0,0,0,0,0,0,1,0,0,0,0,0
13,CLUJ,"ŞCOALA GIMNAZIALA ”AUREL MUNTEANU” VALEA DRĂGANULUI",584,POIENI,59041,1,PROV,PRCNCT,CD,CD_SV,"2021-01-21 12:30:02",1323,1265,58,0,414,356,58,0,1393,979,406,3,5,1,99,25,52,136,8,0,7,1,47,6,4,16,0,0,1,0,0,0,0,1,1,0,0,1,0,0,0,0,0,0
13,CLUJ,"ŞCOALA TRANIŞU",585,POIENI,59041,1,PROV,PRCNCT,CD,CD_SV,"2021-01-21 12:30:02",305,281,24,0,83,59,24,0,309,226,80,0,3,0,7,6,19,36,3,0,0,0,3,3,2,1,0,0,0,0,0,0,0,0,0,0,0,0,0,0,0,0,0,0
13,CLUJ,"ŞCOALA LUNCA VIŞAGULUI",586,POIENI,59041,1,PROV,PRCNCT,CD,CD_SV,"2021-01-21 12:30:02",198,181,17,0,60,43,17,0,198,138,58,0,2,0,21,2,8,14,2,0,1,0,3,1,0,5,0,0,0,0,0,0,0,1,0,0,0,0,0,0,0,0,0,0
13,CLUJ,"SEDIUL PRIMĂRIEI SALA DE SEDINŢE",587,RECEA-CRISTUR,59130,1,PROV,PRCNCT,CD,CD_SV,"2021-01-21 12:30:02",720,558,104,58,414,252,104,58,616,202,397,6,11,1,47,4,10,310,4,1,0,0,14,0,1,0,0,0,0,0,2,1,0,0,0,0,0,0,1,0,0,1,0,0
13,CLUJ,ŞCOALA,588,RECEA-CRISTUR,59130,1,PROV,PRCNCT,CD,CD_SV,"2021-01-21 12:30:02",135,78,51,6,96,39,51,6,104,8,94,1,1,0,3,1,1,83,3,1,1,0,0,1,0,0,0,0,0,0,0,0,0,0,0,0,0,0,0,0,0,0,0,0
13,CLUJ,ŞCOALA,589,RECEA-CRISTUR,59130,1,PROV,PRCNCT,CD,CD_SV,"2021-01-21 12:30:02",105,69,25,11,62,26,25,11,75,13,59,0,3,0,5,1,5,41,1,0,0,0,3,0,0,0,1,0,0,0,0,0,0,0,1,0,1,0,0,0,0,0,0,0
13,CLUJ,ŞCOALA,590,RECEA-CRISTUR,59130,1,PROV,PRCNCT,CD,CD_SV,"2021-01-21 12:30:02",121,79,34,8,84,42,34,8,100,16,83,1,0,0,12,2,4,62,1,1,1,0,0,0,0,0,0,0,0,0,0,0,0,0,0,0,0,0,0,0,0,0,0,0
13,CLUJ,ŞCOALA,591,RECEA-CRISTUR,59130,1,PROV,PRCNCT,CD,CD_SV,"2021-01-21 12:30:02",147,128,15,4,88,69,15,4,161,73,87,0,1,0,18,1,1,60,2,0,0,0,3,0,0,0,2,0,0,0,0,0,0,0,0,0,0,0,0,0,0,0,0,0
13,CLUJ,"CAMINUL CULTURAL CIUBANCA",592,RECEA-CRISTUR,59130,1,PROV,PRCNCT,CD,CD_SV,"2021-01-21 12:30:02",104,73,20,11,59,28,20,11,79,20,59,0,0,0,10,3,1,41,3,0,1,0,0,0,0,0,0,0,0,0,0,0,0,0,0,0,0,0,0,0,0,0,0,0
13,CLUJ,"ŞCOALA GIMNAZIALĂ CU CLASELE I-VIII",593,RIŞCA,59238,1,PROV,PRCNCT,CD,CD_SV,"2021-01-21 12:30:02",799,757,40,2,265,223,40,2,835,570,260,2,3,0,89,11,20,90,19,0,0,0,24,2,0,1,0,0,1,0,0,2,0,0,0,0,0,0,0,0,0,0,0,1
13,CLUJ,"ŞCOALA PRIMARĂ CU CLASELE I-IV",594,RIŞCA,59238,1,PROV,PRCNCT,CD,CD_SV,"2021-01-21 12:30:02",320,309,11,0,93,82,11,0,340,247,85,1,7,0,38,6,4,25,3,0,0,2,3,1,0,1,0,0,0,0,0,0,0,0,0,0,0,0,1,0,0,1,0,0
13,CLUJ,"ŞCOALA PRIMARĂ CU CLASELE I-IV",595,RIŞCA,59238,1,PROV,PRCNCT,CD,CD_SV,"2021-01-21 12:30:02",177,147,30,0,76,46,30,0,161,85,75,1,0,0,19,2,7,33,1,0,2,1,5,1,1,1,0,0,0,0,0,0,0,0,0,0,0,1,0,0,0,0,1,0
13,CLUJ,"CĂMINUL CULTURAL",596,SĂCUIEU,59283,1,PROV,PRCNCT,CD,CD_SV,"2021-01-21 12:30:02",471,455,16,0,130,114,16,0,500,370,123,6,1,0,21,6,10,52,10,1,0,3,15,1,0,2,0,0,1,0,0,0,0,0,0,0,0,1,0,0,0,0,0,0
13,CLUJ,"CĂMINUL CULTURAL",597,SĂCUIEU,59283,1,PROV,PRCNCT,CD,CD_SV,"2021-01-21 12:30:02",527,507,20,0,140,120,20,0,556,416,137,2,1,1,28,4,24,39,11,1,0,2,18,5,1,0,0,0,1,0,0,1,0,0,0,0,0,0,0,1,0,0,0,0
13,CLUJ,"CAMINUL CULTURAL",598,SĂCUIEU,59283,1,PROV,PRCNCT,CD,CD_SV,"2021-01-21 12:30:02",229,207,22,0,76,54,22,0,227,151,74,0,2,0,34,1,7,14,3,0,0,1,7,1,0,2,0,0,1,0,0,0,0,0,0,0,0,0,0,0,0,2,0,1
13,CLUJ,ŞCOALA,599,SĂNDULEŞTI,55311,1,PROV,PRCNCT,CD,CD_SV,"2021-01-21 12:30:02",673,602,63,8,244,173,63,8,665,421,236,3,5,7,36,5,26,117,7,0,4,4,18,0,1,5,1,0,0,0,1,0,0,0,0,0,0,0,0,1,0,0,1,2
13,CLUJ,"ŞCOALA SIMION BALINT",600,SĂNDULEŞTI,55311,1,PROV,PRCNCT,CD,CD_SV,"2021-01-21 12:30:02",1193,1149,34,10,346,302,34,10,1264,918,334,8,4,5,39,16,48,159,10,1,4,2,39,2,2,0,0,0,1,0,0,0,0,0,1,1,0,0,0,0,1,1,0,2
13,CLUJ,"CĂMINUL CULTURAL",601,SĂVĂDISLA,59327,1,PROV,PRCNCT,CD,CD_SV,"2021-01-21 12:30:02",972,874,52,46,475,377,52,46,960,485,470,3,2,384,7,3,24,34,5,0,0,0,0,1,2,1,2,0,0,1,0,1,0,0,4,0,0,1,0,0,0,0,0,0
13,CLUJ,"CĂMINUL CULTURAL",602,SĂVĂDISLA,59327,1,PROV,PRCNCT,CD,CD_SV,"2021-01-21 12:30:02",278,251,27,0,112,85,27,0,316,204,111,0,1,6,19,4,16,44,3,1,1,0,10,2,0,0,0,0,0,0,0,1,0,0,0,0,1,0,0,0,0,1,0,2
13,CLUJ,"CĂMINUL CULTURAL",603,SĂVĂDISLA,59327,2,PART,PRCNCT,CD,CD_SV,"2021-01-21 12:30:02",82,42,40,0,50,10,40,0,80,30,49,0,1,5,7,4,7,17,1,0,1,0,5,1,1,0,0,0,0,0,0,0,0,0,0,0,0,0,0,0,0,0,0,0
13,CLUJ,"CĂMINUL CULTURAL",604,SĂVĂDISLA,59327,1,PROV,PRCNCT,CD,CD_SV,"2021-01-21 12:30:02",896,755,114,27,546,405,114,27,828,282,542,2,2,471,10,2,19,21,4,0,1,2,3,0,1,2,0,1,1,0,0,1,0,0,1,1,0,1,0,0,0,0,0,0
13,CLUJ,"ŞCOALA CU CLASELE I-VIII",605,SĂVĂDISLA,59327,1,PROV,PRCNCT,CD,CD_SV,"2021-01-21 12:30:02",418,382,36,0,140,104,36,0,419,279,131,2,7,2,22,34,9,33,10,0,0,0,11,7,1,1,0,0,0,0,0,0,0,0,0,0,0,0,0,0,0,0,0,1
13,CLUJ,"ŞCOALA CU CLASELE I-VIII",606,SĂVĂDISLA,59327,1,PROV,PRCNCT,CD,CD_SV,"2021-01-21 12:30:02",683,661,22,0,173,151,22,0,726,553,171,2,0,2,53,5,16,43,8,0,0,1,31,2,0,3,1,0,0,1,1,0,1,0,0,1,0,0,0,0,0,0,2,0
13,CLUJ,"ŞCOALA CU CLASELE I-IV",607,SĂVĂDISLA,59327,1,PROV,PRCNCT,CD,CD_SV,"2021-01-21 12:30:02",347,319,28,0,149,121,28,0,350,201,140,6,3,107,4,1,5,11,1,0,0,2,5,2,0,0,0,0,0,0,0,0,0,0,0,0,0,0,1,0,0,0,0,1
13,CLUJ,"ŞCOALA CU CLASELE I-IV",608,SĂVĂDISLA,59327,1,PROV,PRCNCT,CD,CD_SV,"2021-01-21 12:30:02",242,208,27,7,107,73,27,7,226,119,107,0,0,4,10,5,18,57,3,1,0,0,8,0,0,0,0,0,0,0,0,0,0,0,0,0,0,0,0,0,0,0,0,1
13,CLUJ,"SANCRAIU NR.330 CAMINUL CULTURAL",609,SÂNCRAIU,59434,2,PART,PRCNCT,CD,CD_SV,"2021-01-21 12:30:02",1036,924,50,62,662,550,50,62,1018,356,656,3,3,530,23,3,33,32,5,0,1,0,14,0,1,4,0,1,1,0,0,7,0,0,0,0,0,0,0,0,0,0,0,1
13,CLUJ,"ALUNISU NR.74 CAMINUL CULTURAL",610,SÂNCRAIU,59434,1,PROV,PRCNCT,CD,CD_SV,"2021-01-21 12:30:02",124,93,31,0,73,42,31,0,101,28,73,0,0,44,10,1,5,6,2,0,0,0,2,0,0,3,0,0,0,0,0,0,0,0,0,0,0,0,0,0,0,0,0,0
13,CLUJ,"DOMOSU NR.22 CAMINUL CULTURAL",611,SÂNCRAIU,59434,1,PROV,PRCNCT,CD,CD_SV,"2021-01-21 12:30:02",314,293,12,9,198,177,12,9,324,126,195,1,2,164,5,0,4,10,2,0,0,0,4,0,0,1,1,0,0,0,0,2,0,1,1,0,0,0,0,0,0,0,0,0
13,CLUJ,"PRIMARIA SANMARTIN",612,SÂNMĂRTIN,59498,1,PROV,PRCNCT,CD,CD_SV,"2021-01-21 12:30:02",204,190,14,0,88,74,14,0,211,123,86,1,1,26,14,1,6,29,2,0,0,1,3,0,0,1,0,0,0,0,1,1,0,0,0,0,0,1,0,0,0,0,0,0
13,CLUJ,"SC. PRIM. CEABA",613,SÂNMĂRTIN,59498,1,PROV,PRCNCT,CD,CD_SV,"2021-01-21 12:30:02",203,178,25,0,113,88,25,0,199,86,112,0,1,1,9,1,7,81,1,0,2,0,8,1,0,0,0,0,0,0,0,1,0,0,0,0,0,0,0,0,0,0,0,0
13,CLUJ,"SC. GIMNAZIALA CUTCA",614,SÂNMĂRTIN,59498,1,PROV,PRCNCT,CD,CD_SV,"2021-01-21 12:30:02",349,320,29,0,250,221,29,0,352,102,247,1,2,2,12,2,1,220,2,0,1,0,2,1,1,0,0,1,0,0,0,0,0,1,0,0,0,0,0,0,0,1,0,0
13,CLUJ,"CAMIN CULT. SAMBOIENI",615,SÂNMĂRTIN,59498,1,PROV,PRCNCT,CD,CD_SV,"2021-01-21 12:30:02",136,119,17,0,80,63,17,0,130,50,80,0,0,2,5,0,4,61,2,0,0,0,3,2,0,1,0,0,0,0,0,0,0,0,0,0,0,0,0,0,0,0,0,0
13,CLUJ,"SC. PRIM. TARGUSOR",616,SÂNMĂRTIN,59498,1,PROV,PRCNCT,CD,CD_SV,"2021-01-21 12:30:02",133,91,42,0,92,50,42,0,99,7,86,4,2,5,5,0,4,69,1,0,0,0,1,0,0,1,0,0,0,0,0,0,0,0,0,0,0,0,0,0,0,0,0,0
13,CLUJ,"SC. PRIM. MAHAL",617,SÂNMĂRTIN,59498,1,PROV,PRCNCT,CD,CD_SV,"2021-01-21 12:30:02",79,64,15,0,46,31,15,0,69,23,45,0,1,2,8,2,2,30,0,0,0,0,1,0,0,0,0,0,0,0,0,0,0,0,0,0,0,0,0,0,0,0,0,0
13,CLUJ,"SC. PRIM. DIV-MARI",618,SÂNMĂRTIN,59498,1,PROV,PRCNCT,CD,CD_SV,"2021-01-21 12:30:02",139,115,24,0,78,54,24,0,126,48,74,3,1,3,6,3,2,51,0,0,0,0,3,0,1,2,0,1,1,0,0,0,0,1,0,0,0,0,0,0,0,0,0,0
13,CLUJ,"SC. PRIM. DIV-MICI",619,SÂNMĂRTIN,59498,1,PROV,PRCNCT,CD,CD_SV,"2021-01-21 12:30:02",70,44,26,0,49,23,26,0,49,0,49,0,0,2,2,1,2,40,0,0,0,0,2,0,0,0,0,0,0,0,0,0,0,0,0,0,0,0,0,0,0,0,0,0
13,CLUJ,"SEDIUL PRIMĂRIEI",620,SÂNPAUL,59586,1,PROV,PRCNCT,CD,CD_SV,"2021-01-21 12:30:02",778,715,61,2,248,185,61,2,784,536,230,9,9,1,40,12,26,105,21,2,1,5,8,1,0,2,0,0,1,0,0,1,0,0,1,0,0,1,0,0,0,2,0,0
13,CLUJ,"CĂMIN CULTURAL ȘARDU",621,SÂNPAUL,59586,1,PROV,PRCNCT,CD,CD_SV,"2021-01-21 12:30:02",363,335,26,2,105,77,26,2,368,263,103,2,0,2,8,12,12,47,1,1,1,7,7,2,0,1,0,0,1,0,0,0,0,0,0,0,0,1,0,0,0,0,0,0
13,CLUJ,"CĂMIN CULTURAL BERINDU",622,SÂNPAUL,59586,1,PROV,PRCNCT,CD,CD_SV,"2021-01-21 12:30:02",387,352,34,1,144,109,34,1,394,250,141,2,1,1,13,55,5,45,3,2,1,2,6,5,1,1,0,0,0,0,0,0,0,0,1,0,0,0,0,0,0,0,0,0
13,CLUJ,"ȘCOALA GENERALĂ MIHĂIEȘTI",623,SÂNPAUL,59586,1,PROV,PRCNCT,CD,CD_SV,"2021-01-21 12:30:02",237,211,24,2,80,54,24,2,231,151,78,1,1,0,7,9,14,34,5,0,0,6,3,0,0,0,0,0,0,0,0,0,0,0,0,0,0,0,0,0,0,0,0,0
13,CLUJ,"MAGAZINUL COOPERAȚIEI",624,SÂNPAUL,59586,1,PROV,PRCNCT,CD,CD_SV,"2021-01-21 12:30:02",232,186,46,0,77,31,46,0,204,127,76,0,1,0,14,6,16,32,3,0,0,2,2,0,0,0,0,0,0,0,0,0,0,0,0,0,0,0,0,0,0,0,0,1
13,CLUJ,"CAMIN CULTURAL SIC",625,SIC,59416,1,PROV,PRCNCT,CD,CD_SV,"2021-01-21 12:30:02",794,755,30,9,250,211,30,9,831,581,246,1,3,226,3,2,5,1,3,1,0,1,4,0,0,0,0,0,0,0,0,0,0,0,0,0,0,0,0,0,0,0,0,0
13,CLUJ,"CAMIN CULTURAL SIC",626,SIC,59416,1,PROV,PRCNCT,CD,CD_SV,"2021-01-21 12:30:02",1197,1197,0,0,293,293,0,0,1318,1025,288,1,4,263,1,0,11,5,1,1,0,1,0,0,1,0,1,0,1,0,0,1,0,0,0,0,0,0,1,0,0,0,0,0
13,CLUJ,"SEDIUL ADMINISTRATIV AL PRIMARIEI SUATU",627,SUATU,59657,1,PROV,PRCNCT,CD,CD_SV,"2021-01-21 12:30:02",1116,1046,69,1,412,342,69,1,1152,740,395,9,8,238,22,5,8,34,9,0,0,1,8,3,0,1,1,0,0,0,0,7,0,0,55,0,0,2,0,0,0,0,0,1
13,CLUJ,"CLADIREA COOPERATIVEI DE CONSUM CAIANU",628,SUATU,59657,1,PROV,PRCNCT,CD,CD_SV,"2021-01-21 12:30:02",264,249,15,0,61,46,15,0,274,213,58,3,0,1,13,3,7,24,1,0,0,1,2,0,0,1,1,1,0,0,0,1,0,0,0,0,0,0,0,0,0,0,1,1
13,CLUJ,"SCOALA PAVEL DAN",629,"TRITENII DE JOS",59693,1,PROV,PRCNCT,CD,CD_SV,"2021-01-21 12:30:02",1268,1249,19,0,236,217,19,0,1372,1136,230,3,3,3,38,22,38,66,30,0,1,1,21,1,0,2,0,0,3,0,0,1,0,1,1,0,1,0,0,0,0,0,0,0
13,CLUJ,"SCOALA PRIMARA",630,"TRITENII DE JOS",59693,1,PROV,PRCNCT,CD,CD_SV,"2021-01-21 12:30:02",883,868,15,0,188,173,15,0,958,770,181,5,2,3,47,11,15,49,16,0,1,0,28,3,2,2,0,0,0,1,0,1,0,0,1,0,0,1,0,0,0,0,0,0
13,CLUJ,"SCOALA PRIMARA",631,"TRITENII DE JOS",59693,1,PROV,PRCNCT,CD,CD_SV,"2021-01-21 12:30:02",400,394,6,0,107,101,6,0,432,325,105,1,1,60,7,9,7,10,7,0,0,2,1,0,1,0,0,0,0,1,0,0,0,0,0,0,0,0,0,0,0,0,0,0
13,CLUJ,"CAMIN CULTURAL",632,"TRITENII DE JOS",59693,1,PROV,PRCNCT,CD,CD_SV,"2021-01-21 12:30:02",981,967,14,0,157,143,14,0,1066,909,148,3,6,4,31,13,16,25,17,0,1,0,38,1,0,1,1,0,0,0,0,0,0,0,0,0,0,0,0,0,0,0,0,0
13,CLUJ,"CAMIN CULTURAL",633,"TRITENII DE JOS",59693,1,PROV,PRCNCT,CD,CD_SV,"2021-01-21 12:30:02",244,227,17,0,57,40,17,0,249,192,57,0,0,2,16,3,3,18,7,0,0,0,5,0,0,2,0,0,0,0,0,0,0,0,1,0,0,0,0,0,0,0,0,0
13,CLUJ,"CASA PARTICULARA",634,"TRITENII DE JOS",59693,1,PROV,PRCNCT,CD,CD_SV,"2021-01-21 12:30:02",82,68,14,0,23,9,14,0,74,51,22,0,1,2,3,7,2,4,1,0,1,0,0,0,0,0,1,0,1,0,0,0,0,0,0,0,0,0,0,0,0,0,0,0
13,CLUJ,"PRIMARIA COMUNEI TURENI , NR. 243",635,TURENI,59764,1,PROV,PRCNCT,CD,CD_SV,"2021-01-21 12:30:02",840,773,64,3,296,229,64,3,852,556,286,6,4,81,32,12,47,74,20,0,0,0,11,3,0,3,1,0,0,0,0,1,0,0,0,0,0,1,0,0,0,0,0,0
13,CLUJ,"CAMINUL CULTURAL CEANU MIC , NR.184",636,TURENI,59764,1,PROV,PRCNCT,CD,CD_SV,"2021-01-21 12:30:02",342,318,24,0,84,60,24,0,351,267,82,2,0,2,5,6,16,27,10,0,0,0,9,0,1,2,0,1,0,1,0,0,0,0,0,1,0,0,0,0,0,0,1,0
13,CLUJ,"SCOALA CU CLS. I-IV COMSESTI , NR.111",637,TURENI,59764,1,PROV,PRCNCT,CD,CD_SV,"2021-01-21 12:30:02",196,180,16,0,60,44,16,0,198,138,58,0,2,12,5,1,8,21,4,0,0,0,4,0,0,1,1,0,0,0,0,0,1,0,0,0,0,0,0,0,0,0,0,0
13,CLUJ,"SCOALA CU CLS. I-IV MĂRTINEŞTI ,NR.60",638,TURENI,59764,1,PROV,PRCNCT,CD,CD_SV,"2021-01-21 12:30:02",305,293,12,0,82,70,12,0,321,239,75,5,2,4,9,1,6,24,6,0,1,0,20,0,0,1,0,0,0,0,0,1,0,0,1,0,0,0,0,0,0,1,0,0
13,CLUJ,"SCOALA CU CLS. I - IV MICESTI , NR.57",639,TURENI,59764,1,PROV,PRCNCT,CD,CD_SV,"2021-01-21 12:30:02",249,208,41,0,103,62,41,0,231,128,102,1,0,2,19,7,9,45,4,0,2,0,8,0,0,3,0,0,0,0,0,0,0,0,0,1,0,0,0,0,0,1,0,1
13,CLUJ,"PRIMĂRIA ŢAGA",640,ŢAGA,59826,2,PART,PRCNCT,CD,CD_SV,"2021-01-21 12:30:02",624,589,29,6,226,191,29,6,649,423,222,4,0,3,26,26,13,122,7,0,3,0,9,2,2,4,0,1,0,0,0,0,0,0,0,2,0,0,0,0,0,0,2,0
13,CLUJ,"CĂMIN CULTURAL SÎNTIOANA",641,ŢAGA,59826,1,PROV,PRCNCT,CD,CD_SV,"2021-01-21 12:30:02",462,438,22,2,135,111,22,2,481,346,130,3,2,2,22,4,15,52,17,0,0,1,8,3,1,2,1,0,0,0,0,0,0,0,0,1,0,0,1,0,0,0,0,0
13,CLUJ,"FOSTA ŞCOALĂ I- IV NĂSAL",642,ŢAGA,59826,1,PROV,PRCNCT,CD,CD_SV,"2021-01-21 12:30:02",260,238,22,0,85,63,22,0,262,177,83,0,2,7,17,7,5,40,2,0,0,0,3,0,1,1,0,0,0,0,0,0,0,0,0,0,0,0,0,0,0,0,0,0
13,CLUJ,"CĂMINUL CULTURAL SÎNTEJUDE",643,ŢAGA,59826,1,PROV,PRCNCT,CD,CD_SV,"2021-01-21 12:30:02",236,194,42,0,97,55,42,0,214,117,94,3,0,5,11,5,8,55,2,0,1,0,0,1,0,2,1,0,2,0,0,0,0,1,0,0,0,0,0,0,0,0,0,0
13,CLUJ,"GRADINITA CU PROGRAM NORMAL",644,UNGURAŞ,59880,2,PART,PRCNCT,CD,CD_SV,"2021-01-21 12:30:02",774,753,13,8,298,277,13,8,828,530,295,1,2,236,3,18,5,7,7,1,0,0,6,5,1,1,1,0,0,0,0,3,0,0,1,0,0,0,0,0,0,0,0,0
13,CLUJ,"CAMINUL CULTURAL UNGURAS",645,UNGURAŞ,59880,1,PROV,PRCNCT,CD,CD_SV,"2021-01-21 12:30:02",761,732,14,15,258,229,14,15,806,548,255,1,2,188,4,6,2,18,16,1,0,4,2,2,2,0,2,1,0,1,0,3,0,0,0,0,0,2,0,0,0,0,0,1
13,CLUJ,"SCOALA GIMNAZIALA BATIN",646,UNGURAŞ,59880,1,PROV,PRCNCT,CD,CD_SV,"2021-01-21 12:30:02",565,550,15,0,160,145,15,0,604,444,157,3,0,13,55,11,4,51,6,0,1,1,5,6,0,0,2,0,0,0,0,0,0,0,0,0,0,0,0,0,0,1,1,0
13,CLUJ,"GRADINIŢA CU PROGRAM NORMAL VALEA UNGURAŞULUI",647,UNGURAŞ,59880,1,PROV,PRCNCT,CD,CD_SV,"2021-01-21 12:30:02",179,163,16,0,65,49,16,0,178,113,62,0,3,6,5,2,3,32,4,0,1,2,5,0,1,0,0,0,0,0,0,1,0,0,0,0,0,0,0,0,0,0,0,0
13,CLUJ,"CĂMIN CULTURAL VAD",648,VAD,59942,1,PROV,PRCNCT,CD,CD_SV,"2021-01-21 12:30:02",332,264,52,16,183,115,52,16,289,106,174,7,2,0,40,4,13,89,12,0,2,0,13,1,0,0,0,0,0,0,0,0,0,0,0,0,0,0,0,0,0,0,0,0
13,CLUJ,"ȘCOALA CETAN",649,VAD,59942,1,PROV,PRCNCT,CD,CD_SV,"2021-01-21 12:30:02",570,492,50,28,259,181,50,28,540,281,254,3,2,2,63,2,16,122,6,0,4,5,21,4,3,0,0,0,1,0,1,2,0,0,0,0,0,0,0,0,0,0,0,2
13,CLUJ,"CENTRU DE ZI PENTRU COPII",650,VAD,59942,1,PROV,PRCNCT,CD,CD_SV,"2021-01-21 12:30:02",219,188,20,11,104,73,20,11,208,104,95,4,5,0,21,2,2,58,4,0,0,0,2,1,0,0,0,0,2,0,2,0,0,0,0,0,0,1,0,0,0,0,0,0
13,CLUJ,"ȘCOALA CURTUIUȘ",651,VAD,59942,1,PROV,PRCNCT,CD,CD_SV,"2021-01-21 12:30:02",162,130,24,8,83,51,24,8,143,60,77,3,3,0,5,1,2,62,1,0,0,0,0,1,1,0,0,1,0,0,0,1,0,0,1,0,0,0,0,0,1,0,0,0
13,CLUJ,"CĂMIN CULTURAL BOGATA DE SUS",652,VAD,59942,1,PROV,PRCNCT,CD,CD_SV,"2021-01-21 12:30:02",252,201,31,20,152,101,31,20,223,71,145,1,6,2,13,5,8,107,2,0,0,0,2,3,0,0,0,0,1,0,0,0,0,0,0,0,0,0,0,0,0,1,1,0
13,CLUJ,"ȘCOALA VALEA GROȘILOR",653,VAD,59942,1,PROV,PRCNCT,CD,CD_SV,"2021-01-21 12:30:02",255,203,40,12,121,69,40,12,225,104,119,0,2,3,8,3,10,67,1,0,0,0,20,3,0,3,0,0,0,0,0,0,0,0,0,0,0,0,0,0,0,1,0,0
13,CLUJ,"CĂMIN CULTURAL CALNA",654,VAD,59942,1,PROV,PRCNCT,CD,CD_SV,"2021-01-21 12:30:02",143,116,19,8,85,58,19,8,127,42,82,2,1,0,13,10,2,33,7,1,4,0,3,1,6,0,0,0,2,0,0,0,0,0,0,0,0,0,0,0,0,0,0,0
13,CLUJ,"STADION COMUNAL-VESTIARE",655,"VALEA IERII",60026,1,PROV,PRCNCT,CD,CD_SV,"2021-01-21 12:30:02",858,815,39,4,298,255,39,4,899,601,288,2,8,4,116,13,22,88,10,1,1,1,14,2,2,8,0,1,0,0,0,0,0,0,1,2,1,0,0,0,1,0,0,0
13,CLUJ,"SCOALA GEN CLS I-VIII",656,VIIŞOARA,60062,1,PROV,PRCNCT,CD,CD_SV,"2021-01-21 12:30:02",1398,1377,21,0,379,358,21,0,1512,1133,372,5,2,229,17,5,26,66,4,0,3,7,10,2,1,0,0,1,0,0,0,1,0,0,0,0,0,0,0,0,0,0,0,0
13,CLUJ,"ȘCOALA GIMNAZIALA VIIȘOARA CORP II",657,VIIŞOARA,60062,2,PART,PRCNCT,CD,CD_SV,"2021-01-21 12:30:02",1386,1362,19,5,287,263,19,5,1507,1220,285,0,2,13,73,3,41,93,12,0,1,2,26,4,1,5,2,0,3,0,0,0,0,0,1,0,0,0,0,0,0,0,0,5
13,CLUJ,"ȘCOALA GIMNAZIALA VIIȘOARA CORP II",658,VIIŞOARA,60062,1,PROV,PRCNCT,CD,CD_SV,"2021-01-21 12:30:02",1313,1296,17,0,291,274,17,0,1424,1133,261,23,7,26,87,5,17,51,14,0,3,0,38,2,3,2,0,1,0,0,0,1,0,0,7,1,0,1,0,0,0,1,1,0
13,CLUJ,"ȘCOALA PRIMARĂ URCA CORP I",659,VIIŞOARA,60062,1,PROV,PRCNCT,CD,CD_SV,"2021-01-21 12:30:02",791,775,15,1,201,185,15,1,854,653,191,7,3,2,74,6,17,61,2,0,1,0,17,2,3,0,1,2,1,0,0,0,0,0,2,0,0,0,0,0,0,0,0,0
13,CLUJ,"PRIMARIA COMUNEI VULTURENI",660,VULTURENI,60099,1,PROV,PRCNCT,CD,CD_SV,"2021-01-21 12:30:02",355,323,32,0,114,82,32,0,355,241,109,1,4,1,24,6,15,46,2,1,2,1,5,0,2,1,0,0,0,0,1,0,0,0,0,1,0,0,0,0,0,1,0,0
13,CLUJ,"CAMIN CULTURAL BABUTIU",661,VULTURENI,60099,1,PROV,PRCNCT,CD,CD_SV,"2021-01-21 12:30:02",220,191,29,0,92,63,29,0,213,121,89,2,1,2,12,17,3,20,14,0,1,1,16,0,1,0,1,0,1,0,0,0,0,0,0,0,0,0,0,0,0,0,0,0
13,CLUJ,"CAMINUL CULTURAL BADESTI",662,VULTURENI,60099,1,PROV,PRCNCT,CD,CD_SV,"2021-01-21 12:30:02",134,105,29,0,74,45,29,0,114,40,73,0,1,1,8,4,4,47,1,0,3,0,1,1,0,1,0,0,0,0,0,0,0,0,0,0,0,1,0,0,1,0,0,0
13,CLUJ,"FUNDATIA KIDE",663,VULTURENI,60099,1,PROV,PRCNCT,CD,CD_SV,"2021-01-21 12:30:02",131,93,38,0,67,29,38,0,102,35,64,2,1,44,5,0,4,4,2,0,0,1,0,1,0,0,0,1,0,0,0,0,0,0,0,1,0,0,0,0,0,0,0,1
13,CLUJ,"CAMINUL CULTURAL FAURENI",664,VULTURENI,60099,1,PROV,PRCNCT,CD,CD_SV,"2021-01-21 12:30:02",172,151,21,0,50,29,21,0,170,120,49,1,0,1,3,7,4,19,2,0,2,0,4,1,0,2,0,1,0,0,0,0,0,0,0,1,0,1,0,0,0,0,1,0
13,CLUJ,"SCOALA SOIMENI",665,VULTURENI,60099,1,PROV,PRCNCT,CD,CD_SV,"2021-01-21 12:30:02",280,260,20,0,97,77,20,0,285,188,97,0,0,1,18,7,7,42,6,1,1,0,7,0,1,1,1,0,1,0,0,0,0,0,1,0,0,0,0,0,0,0,0,2
