precinct_county_nce,precinct_county_name,precinct_name,precinct_nr,uat_name,uat_siruta,report_version,report_stage_code,report_type_scope_code,report_type_category_code,report_type_code,created_at,a,a1,a2,a3,b,b1,b2,b3,c,d,e,f,g,"PARTIDUL SOCIAL DEMOCRAT-voturi","PARTIDUL PRO ROMÂNIA-voturi","ALIANȚA USR PLUS-voturi","UNIUNEA DEMOCRATĂ MAGHIARĂ DIN ROMÂNIA-voturi","PARTIDUL MIȘCAREA POPULARĂ-voturi","PARTIDUL NAȚIONAL LIBERAL-voturi","PARTIDUL ECOLOGIST ROMÂN-voturi","PARTIDUL ROMÂNIA MARE-voturi","ALIANȚA RENAȘTEREA NAȚIONALĂ-voturi","PARTIDUL RE:START ROMÂNIA-voturi","ALIANȚA PENTRU UNIREA ROMÂNILOR-voturi","PARTIDUL PUTERII UMANISTE (SOCIAL-LIBERAL)-voturi","PARTIDUL NOUA ROMÂNIE-voturi","PARTIDUL SOCIALIST ROMÂN-voturi","FORUMUL DEMOCRAT AL GERMANILOR DIN ROMÂNIA-voturi","FEDERAȚIA COMUNITĂȚILOR EVREIEȘTI DIN ROMÂNIA-voturi","UNIUNEA SÂRBILOR DIN ROMÂNIA-voturi","UNIUNEA CULTURALĂ A RUTENILOR DIN ROMÂNIA-voturi","UNIUNEA ARMENILOR DIN ROMÂNIA-voturi","UNIUNEA CROAȚILOR DIN ROMÂNIA-voturi","ASOCIAȚIA MACEDONENILOR DIN ROMÂNIA-voturi","ASOCIAȚIA LIGA ALBANEZILOR DIN ROMÂNIA-voturi","UNIUNEA DEMOCRATICĂ A SLOVACILOR ȘI CEHILOR DIN ROMÂNIA-voturi","ASOCIAȚIA PARTIDA ROMILOR “PRO-EUROPA”-voturi","UNIUNEA DEMOCRATĂ TURCĂ DIN ROMÂNIA-voturi","UNIUNEA POLONEZILOR DIN ROMÂNIA-voturi","UNIUNEA ELENĂ DIN ROMÂNIA-voturi","ASOCIAȚIA ITALIENILOR DIN ROMÂNIA – RO.AS.IT.-voturi","UNIUNEA UCRAINENILOR DIN ROMÂNIA-voturi","UNIUNEA BULGARĂ DIN BANAT-ROMÂNIA-voturi","COMUNITATEA RUȘILOR LIPOVENI DIN ROMÂNIA-voturi"
22,HUNEDOARA,"CENTRUL CULTURAL DRĂGAN MUNTEAN",1,"MUNICIPIUL DEVA",86687,1,PROV,PRCNCT,CD,CD_SV,"2021-01-21 12:30:02",1766,1726,40,0,586,546,40,0,1900,1314,576,9,1,143,21,108,34,13,172,12,4,9,0,38,12,0,0,0,0,0,8,0,0,0,0,0,1,0,0,0,1,0,0,0
22,HUNEDOARA,"CENTRUL CULTURAL DRĂGAN MUNTEAN",2,"MUNICIPIUL DEVA",86687,2,PART,PRCNCT,CD,CD_SV,"2021-01-21 12:30:02",1204,1189,14,1,336,321,14,1,1300,964,329,6,1,88,11,49,10,11,81,10,3,7,0,35,15,1,2,0,0,0,5,0,0,0,0,0,0,0,0,0,1,0,0,0
22,HUNEDOARA,"CENTRUL CULTURAL DRĂGAN MUNTEAN",3,"MUNICIPIUL DEVA",86687,2,PART,PRCNCT,CD,CD_SV,"2021-01-21 12:30:02",1523,1506,17,0,411,394,17,0,1650,1239,407,4,0,104,23,76,12,14,116,4,4,3,0,30,10,2,2,1,0,0,2,0,0,1,0,1,0,0,0,1,0,0,1,0
22,HUNEDOARA,"ŞCOALA GIMNAZIALĂ ”ANDREI ŞAGUNA”",4,"MUNICIPIUL DEVA",86687,1,PROV,PRCNCT,CD,CD_SV,"2021-01-21 12:30:02",1381,1370,9,2,418,407,9,2,1500,1082,406,8,4,97,9,66,24,15,125,9,4,6,0,33,8,0,1,0,0,0,6,0,0,0,0,0,0,0,0,0,1,0,2,0
22,HUNEDOARA,"ŞCOALA GIMNAZIALĂ ”ANDREI ŞAGUNA”",5,"MUNICIPIUL DEVA",86687,1,PROV,PRCNCT,CD,CD_SV,"2021-01-21 12:30:02",1350,1341,9,0,400,391,9,0,1450,1050,396,4,0,109,14,84,13,11,95,4,4,5,1,43,6,1,2,0,1,0,2,0,0,0,1,0,0,0,0,0,0,0,0,0
22,HUNEDOARA,"ŞCOALA GIMNAZIALĂ ”ANDREI ŞAGUNA”",6,"MUNICIPIUL DEVA",86687,1,PROV,PRCNCT,CD,CD_SV,"2021-01-21 12:30:02",1300,1288,12,0,395,383,12,0,1400,1005,386,9,0,103,13,57,12,12,122,7,2,8,1,33,10,1,1,0,0,0,1,0,0,1,0,0,0,0,1,0,0,0,1,0
22,HUNEDOARA,"ŞCOALA GIMNAZIALĂ ”ANDREI ŞAGUNA”",7,"MUNICIPIUL DEVA",86687,2,PART,PRCNCT,CD,CD_SV,"2021-01-21 12:30:02",1458,1440,16,2,438,420,16,2,1550,1112,429,9,0,93,17,68,21,16,119,12,6,1,0,67,6,1,0,0,0,0,2,0,0,0,0,0,0,0,0,0,0,0,0,0
22,HUNEDOARA,"ŞCOALA GIMNAZIALĂ ”ANDREI ŞAGUNA”CORPUL DE CLĂDIRE A",8,"MUNICIPIUL DEVA",86687,1,PROV,PRCNCT,CD,CD_SV,"2021-01-21 12:30:02",1406,1386,17,3,407,387,17,3,1500,1093,400,7,0,101,6,60,31,13,100,9,3,9,0,48,7,0,3,0,1,1,8,0,0,0,0,0,0,0,0,0,0,0,0,0
22,HUNEDOARA,"GRĂDINIȚA CU PROGRAM PRELUNGIT NR 7",9,"MUNICIPIUL DEVA",86687,2,PART,PRCNCT,CD,CD_SV,"2021-01-21 12:30:02",1217,1194,19,4,424,401,19,4,1301,877,418,5,0,117,10,50,16,22,128,4,3,5,0,44,8,2,0,0,1,1,3,1,0,0,0,0,1,1,1,0,0,0,0,0
22,HUNEDOARA,"COLEGIUL NAŢIONAL PEDAGOGIC”REGINA MARIA”",10,"MUNICIPIUL DEVA",86687,1,PROV,PRCNCT,CD,CD_SV,"2021-01-21 12:30:02",1217,1205,12,0,416,404,12,0,1300,884,410,6,0,96,20,67,27,14,122,8,3,6,2,28,5,0,3,1,1,2,3,0,0,0,0,0,1,0,0,0,0,1,0,0
22,HUNEDOARA,"LICEUL DE ARTE SIGISMUND TODUTA (FOSTA ŞCOALA GENERALĂ ” LUCIAN BLAGA” NR.2)",11,"MUNICIPIUL DEVA",86687,1,PROV,PRCNCT,CD,CD_SV,"2021-01-21 12:30:02",1250,1223,26,1,386,359,26,1,1300,914,374,12,0,113,12,47,16,13,105,11,1,5,0,42,4,0,1,0,0,0,3,0,0,0,0,0,1,0,0,0,0,0,0,0
22,HUNEDOARA,"GALERIA FORMA",12,"MUNICIPIUL DEVA",86687,1,PROV,PRCNCT,CD,CD_SV,"2021-01-21 12:30:02",1334,1301,33,0,472,439,33,0,1400,928,465,7,0,157,12,73,12,12,120,7,2,7,0,42,12,1,3,0,0,0,2,0,0,0,1,0,2,0,0,0,0,0,0,0
22,HUNEDOARA,"COLEGIUL NAŢIONAL ”DECEBAL”",13,"MUNICIPIUL DEVA",86687,1,PROV,PRCNCT,CD,CD_SV,"2021-01-21 12:30:02",1170,1147,23,0,427,404,23,0,1250,823,422,5,0,114,19,67,18,14,127,4,1,1,0,35,9,1,3,0,0,0,7,0,1,0,0,0,1,0,0,0,0,0,0,0
22,HUNEDOARA,"COLEGIUL NAȚIONAL SPORTIV CETATE DEVA",14,"MUNICIPIUL DEVA",86687,1,PROV,PRCNCT,CD,CD_SV,"2021-01-21 12:30:02",1422,1395,26,1,554,527,26,1,1500,946,545,5,4,125,25,98,32,13,169,12,4,10,0,39,4,0,3,3,1,1,3,0,0,0,0,0,2,0,0,1,0,0,0,0
22,HUNEDOARA,"ŞCOALĂ PRIMARA VIILE NOI",15,"MUNICIPIUL DEVA",86687,1,PROV,PRCNCT,CD,CD_SV,"2021-01-21 12:30:02",880,866,14,0,259,245,14,0,950,691,256,3,0,75,7,28,4,9,68,4,1,16,0,27,6,1,0,1,1,0,5,0,0,0,0,0,0,1,0,1,1,0,0,0
22,HUNEDOARA,"LICEUL DE ARTE SIGISMUND TODUȚA (FOSTA ŞCOALA GENERALĂ ”LUCIAN BLAGA” NR.2)",16,"MUNICIPIUL DEVA",86687,1,PROV,PRCNCT,CD,CD_SV,"2021-01-21 12:30:02",1274,1258,16,0,403,387,16,0,1350,947,397,6,0,84,14,57,36,22,117,7,1,5,1,38,9,0,0,0,0,0,3,0,0,0,0,0,0,1,1,0,0,0,1,0
22,HUNEDOARA,"DIRECȚIA GENERALĂ DE ASISTENȚĂ SOCIALĂ ȘI PROTECȚIA COPILULUI",17,"MUNICIPIUL DEVA",86687,1,PROV,PRCNCT,CD,CD_SV,"2021-01-21 12:30:02",1122,1097,25,0,357,332,25,0,1200,843,354,2,1,113,7,57,14,11,92,8,4,5,0,27,10,1,2,0,0,0,1,0,0,0,0,1,0,0,0,0,0,0,1,0
22,HUNEDOARA,"DIRECŢIA SILVICĂ DEVA",18,"MUNICIPIUL DEVA",86687,1,PROV,PRCNCT,CD,CD_SV,"2021-01-21 12:30:02",1301,1281,20,0,399,379,20,0,1400,1001,396,2,1,110,17,51,16,9,99,12,7,4,0,55,10,1,1,0,0,0,1,1,0,0,0,1,0,0,1,0,0,0,0,0
22,HUNEDOARA,"SPAŢIUL ADMINISTRATIV AL PRIMĂRIEI MUNICIPIULUI DEVA",19,"MUNICIPIUL DEVA",86687,1,PROV,PRCNCT,CD,CD_SV,"2021-01-21 12:30:02",1408,1358,38,12,485,435,38,12,1450,965,481,4,0,156,19,80,12,21,139,5,1,0,0,31,7,1,3,0,1,0,4,0,1,0,0,0,0,0,0,0,0,0,0,0
22,HUNEDOARA,"SALA SPORTURILOR",20,"MUNICIPIUL DEVA",86687,1,PROV,PRCNCT,CD,CD_SV,"2021-01-21 12:30:02",1303,1276,27,0,418,391,27,0,1400,982,412,6,0,97,11,49,25,12,99,6,4,9,2,87,6,0,1,1,0,0,1,0,0,2,0,0,0,0,0,0,0,0,0,0
22,HUNEDOARA,"COLEGIUL TEHNIC ”TRANSILVANIA”",21,"MUNICIPIUL DEVA",86687,1,PROV,PRCNCT,CD,CD_SV,"2021-01-21 12:30:02",962,923,25,14,293,254,25,14,1000,707,291,2,0,77,16,45,16,15,71,4,2,8,0,29,6,0,0,0,0,0,0,0,0,1,0,0,0,0,0,0,0,0,1,0
22,HUNEDOARA,"COLEGIUL TEHNIC ”TRANSILVANIA”",22,"MUNICIPIUL DEVA",86687,1,PROV,PRCNCT,CD,CD_SV,"2021-01-21 12:30:02",1583,1553,17,13,426,397,17,12,1700,1274,414,10,2,116,17,70,14,11,99,6,5,0,0,56,8,6,1,0,0,0,4,0,0,0,0,0,0,0,0,0,0,0,1,0
22,HUNEDOARA,"COLEGIUL TEHNIC ”TRANSILVANIA”",23,"MUNICIPIUL DEVA",86687,1,PROV,PRCNCT,CD,CD_SV,"2021-01-21 12:30:02",794,774,10,10,235,215,10,10,850,615,233,2,0,48,5,51,13,7,65,13,1,0,0,25,3,0,1,0,0,0,0,0,0,0,0,0,1,0,0,0,0,0,0,0
22,HUNEDOARA,"LICEUL DE ARTE ”SIGISMUND TODUŢĂ”",24,"MUNICIPIUL DEVA",86687,1,PROV,PRCNCT,CD,CD_SV,"2021-01-21 12:30:02",1217,1187,30,0,424,394,30,0,1300,876,415,8,1,95,24,72,23,13,101,14,3,14,0,32,9,2,5,0,0,1,5,0,1,0,0,0,0,0,0,0,1,0,0,0
22,HUNEDOARA,"COLEGIUL TEHNIC ”TRANSILVANIA” (FOSTA ŞCOALĂ GENERALĂ)",25,"MUNICIPIUL DEVA",86687,1,PROV,PRCNCT,CD,CD_SV,"2021-01-21 12:30:02",1499,1474,25,0,463,438,25,0,1600,1137,454,5,4,113,16,70,25,8,115,5,2,13,2,68,6,2,1,2,1,0,3,0,0,0,2,0,0,0,0,0,0,0,0,0
22,HUNEDOARA,"COLEGIUL TEHNIC ”TRANSILVANIA” (FOSTA ŞCOALĂ GENERALĂ)",26,"MUNICIPIUL DEVA",86687,1,PROV,PRCNCT,CD,CD_SV,"2021-01-21 12:30:02",1353,1327,26,0,396,370,26,0,1450,1054,387,7,2,92,12,43,19,15,104,6,3,4,0,69,7,1,2,0,0,1,4,0,1,0,0,0,0,0,0,0,1,1,2,0
22,HUNEDOARA,"COLEGIUL TEHNIC ”TRANSILVANIA” (FOSTA ŞCOALĂ GENERALĂ)",27,"MUNICIPIUL DEVA",86687,1,PROV,PRCNCT,CD,CD_SV,"2021-01-21 12:30:02",1669,1651,18,0,436,418,18,0,1800,1364,426,10,0,100,19,44,32,18,93,10,1,15,0,70,12,2,7,0,0,0,1,0,1,0,0,0,0,1,0,0,0,0,0,0
22,HUNEDOARA,"COLEGIUL TEHNIC” TRANSILVANIA”",28,"MUNICIPIUL DEVA",86687,1,PROV,PRCNCT,CD,CD_SV,"2021-01-21 12:30:02",1498,1477,10,11,416,395,10,11,1600,1184,409,7,0,115,6,75,16,10,108,12,1,7,0,36,17,0,1,0,0,1,2,0,0,0,0,1,0,0,0,0,0,1,0,0
22,HUNEDOARA,"CLUB ŞCOLAR SPORTIV",29,"MUNICIPIUL DEVA",86687,1,PROV,PRCNCT,CD,CD_SV,"2021-01-21 12:30:02",1392,1371,21,0,474,453,21,0,1500,1026,467,7,0,97,18,85,22,15,147,15,2,17,0,33,6,1,3,0,0,0,4,0,0,0,0,0,1,1,0,0,0,0,0,0
22,HUNEDOARA,"CASA MAGHIARĂ DEVA ( FOSTA CASA ARMATEI)",30,"MUNICIPIUL DEVA",86687,1,PROV,PRCNCT,CD,CD_SV,"2021-01-21 12:30:02",1149,1104,23,22,410,365,23,22,1200,790,403,6,1,86,8,64,72,9,101,5,2,8,0,36,5,0,2,0,1,0,2,0,0,0,0,0,1,0,0,0,0,1,0,0
22,HUNEDOARA,"CASA MAGHIARĂ DEVA (FOSTA CASA ARMATEI)",31,"MUNICIPIUL DEVA",86687,1,PROV,PRCNCT,CD,CD_SV,"2021-01-21 12:30:02",1217,1178,15,24,472,433,15,24,1300,828,467,5,0,145,13,79,26,12,124,6,1,10,0,36,8,1,0,0,0,0,3,0,0,0,0,2,1,0,0,0,0,0,0,0
22,HUNEDOARA,"COLEGIUL TEHNIC ENERGETIC DRAGOMIR HURMUZESCU (FOSTA ŞCOALĂ GENERALĂ ”OCTAVIAN GOGA”)",32,"MUNICIPIUL DEVA",86687,1,PROV,PRCNCT,CD,CD_SV,"2021-01-21 12:30:02",1451,1436,15,0,330,315,15,0,1550,1220,324,5,1,72,5,39,7,11,60,5,4,13,0,91,4,2,2,2,0,0,4,0,0,0,1,1,1,0,0,0,0,0,0,0
22,HUNEDOARA,"COLEGIUL TEHNIC ENERGETIC DRAGOMIR HURMUZESCU (FOSTA ŞCOALĂ GENERALĂ ”OCTAVIAN GOGA”)",33,"MUNICIPIUL DEVA",86687,1,PROV,PRCNCT,CD,CD_SV,"2021-01-21 12:30:02",1826,1813,13,0,441,428,13,0,1950,1509,431,8,2,80,14,53,20,17,92,8,5,8,0,118,6,4,4,1,0,0,1,0,0,0,0,0,0,0,0,0,0,0,0,0
22,HUNEDOARA,"COLEGIUL TEHNIC ENERGETIC DRAGOMIR HURMUZESCU (FOSTA ŞCOALĂ GENERALĂ ”OCTAVIAN GOGA”)",34,"MUNICIPIUL DEVA",86687,1,PROV,PRCNCT,CD,CD_SV,"2021-01-21 12:30:02",1442,1426,15,1,318,302,15,1,1550,1232,314,3,1,78,7,41,8,4,61,8,1,8,0,88,1,0,2,0,1,0,2,0,0,2,1,0,1,0,0,0,0,0,0,0
22,HUNEDOARA,"GRADINIŢA P.N. NR.3",35,"MUNICIPIUL DEVA",86687,2,PART,PRCNCT,CD,CD_SV,"2021-01-21 12:30:02",1531,1521,8,2,382,372,8,2,1650,1268,374,8,0,82,14,53,11,10,76,5,6,19,0,80,8,2,2,0,0,0,3,0,0,1,2,0,0,0,0,0,0,0,0,0
22,HUNEDOARA,"GRADINIŢA P.N. NR.3",36,"MUNICIPIUL DEVA",86687,2,PART,PRCNCT,CD,CD_SV,"2021-01-21 12:30:02",1554,1543,9,2,417,406,9,2,1700,1283,411,6,0,119,10,64,15,14,94,3,1,4,0,73,7,1,1,1,1,0,2,0,0,0,0,0,0,0,0,0,1,0,0,0
22,HUNEDOARA,"LICEUL DE ARTE SIGISMUND TODUŢĂ",37,"MUNICIPIUL DEVA",86687,1,PROV,PRCNCT,CD,CD_SV,"2021-01-21 12:30:02",1470,1446,24,0,418,394,24,0,1550,1132,412,6,0,121,8,81,24,12,95,8,1,1,1,51,4,1,0,0,1,0,3,0,0,0,0,0,0,0,0,0,0,0,0,0
22,HUNEDOARA,"LICEUL TEHNOLOGIC ”GRIGORE MOISIL”(FOSTUL LICEU MINIER)",38,"MUNICIPIUL DEVA",86687,1,PROV,PRCNCT,CD,CD_SV,"2021-01-21 12:30:02",882,853,29,0,266,237,29,0,900,634,262,2,2,51,9,37,21,7,82,6,1,1,0,36,4,2,1,0,0,0,2,0,0,1,0,0,0,0,0,0,0,0,1,0
22,HUNEDOARA,"COLEGIUL TEHNIC ENERGETIC DRAGOMIR HURMUZESCU (FOSTA ȘCOALĂ GENERALĂ. NR.5)",39,"MUNICIPIUL DEVA",86687,1,PROV,PRCNCT,CD,CD_SV,"2021-01-21 12:30:02",1226,1210,16,0,333,317,16,0,1300,967,324,8,1,87,10,46,10,5,77,7,5,10,0,51,8,1,2,1,0,0,2,0,0,2,0,0,0,0,0,0,0,0,0,0
22,HUNEDOARA,"COLEGIUL TEHNIC ENERGETIC DRAGOMIR HURMUZESCU (FOSTA ȘCOALĂ GENERALĂ. NR.5)",40,"MUNICIPIUL DEVA",86687,1,PROV,PRCNCT,CD,CD_SV,"2021-01-21 12:30:02",960,940,20,0,281,261,20,0,1000,719,274,7,0,69,11,40,14,5,69,1,5,7,0,45,3,0,2,0,0,0,0,0,0,1,1,0,1,0,0,0,0,0,0,0
22,HUNEDOARA,"COLEGIUL TEHNIC ENERGETIC DRAGOMIR HURMUZESCU (FOSTA ȘCOALĂ GENERALĂ. NR.5)",41,"MUNICIPIUL DEVA",86687,1,PROV,PRCNCT,CD,CD_SV,"2021-01-21 12:30:02",945,921,24,0,282,258,24,0,1000,718,280,2,0,77,7,45,15,6,53,7,6,7,0,47,2,0,3,0,0,0,5,0,0,0,0,0,0,0,0,0,0,0,0,0
22,HUNEDOARA,"ȘCOALA PRIMARĂ CRISTUR",42,"MUNICIPIUL DEVA",86687,1,PROV,PRCNCT,CD,CD_SV,"2021-01-21 12:30:02",1449,1399,17,33,435,385,17,33,1500,1065,429,6,0,119,8,25,112,9,91,2,3,2,1,41,6,2,0,2,1,0,3,0,0,1,0,0,0,0,0,0,0,0,1,0
22,HUNEDOARA,"CĂMINUL CULTURAL SÎNTUHALM",43,"MUNICIPIUL DEVA",86687,1,PROV,PRCNCT,CD,CD_SV,"2021-01-21 12:30:02",672,629,13,30,227,184,13,30,704,477,224,3,0,74,8,31,14,6,48,2,2,3,0,30,3,0,1,0,0,0,1,0,0,0,0,0,1,0,0,0,0,0,0,0
22,HUNEDOARA,"ŞCOALĂ PRIMARĂ VIILE NOI",44,"MUNICIPIUL DEVA",86687,1,PROV,PRCNCT,CD,CD_SV,"2021-01-21 12:30:02",837,826,10,1,255,244,10,1,900,645,253,2,0,80,7,32,5,6,74,1,6,6,0,30,2,0,1,0,0,0,1,0,0,0,0,0,0,1,0,1,0,0,0,0
22,HUNEDOARA,"ADĂPOSTUL DE URGENŢĂ PE TIMP DE NOAPTE",45,"MUNICIPIUL DEVA",86687,1,PROV,PRCNCT,CD,CD_SV,"2021-01-21 12:30:02",795,776,19,0,249,230,19,0,900,651,240,6,3,78,2,17,4,9,48,6,4,12,0,45,6,0,1,2,0,1,1,0,0,0,1,0,0,2,0,0,0,0,1,0
22,HUNEDOARA,"CANTINA DE AJUTOR SOCIAL (FOSTA CANTINA LICEU MINER)",46,"MUNICIPIUL DEVA",86687,1,PROV,PRCNCT,CD,CD_SV,"2021-01-21 12:30:02",1042,1022,20,0,324,304,20,0,1100,776,319,5,0,71,7,48,16,11,96,3,4,5,0,50,1,1,0,0,0,1,3,0,0,1,1,0,0,0,0,0,0,0,0,0
22,HUNEDOARA,"CASA DE CULTURA",47,"MUNICIPIUL BRAD",87291,2,PART,PRCNCT,CD,CD_SV,"2021-01-21 12:30:02",881,860,21,0,281,260,21,0,900,619,275,4,2,103,6,46,4,5,78,8,1,1,0,19,3,0,0,0,0,0,1,0,0,0,0,0,0,0,0,0,0,0,0,0
22,HUNEDOARA,"CASA DE CULTURA",48,"MUNICIPIUL BRAD",87291,2,PART,PRCNCT,CD,CD_SV,"2021-01-21 12:30:02",962,939,14,9,319,296,14,9,1000,681,316,3,0,146,14,27,5,4,68,10,4,1,0,30,4,0,1,0,0,0,0,0,1,0,0,0,0,1,0,0,0,0,0,0
22,HUNEDOARA,"ŞCOALA GIMNAZIALA „MIRCEA SÂNTIMBREANU”",49,"MUNICIPIUL BRAD",87291,1,PROV,PRCNCT,CD,CD_SV,"2021-01-21 12:30:02",1560,1542,18,0,477,459,18,0,1700,1223,467,8,2,176,14,61,6,6,118,16,4,0,0,53,4,0,4,3,0,0,1,0,0,0,0,0,1,0,0,0,0,0,0,0
22,HUNEDOARA,"ŞCOALA GIMNAZIALĂ „MIRCEA SÂNTIMBREANU”",50,"MUNICIPIUL BRAD",87291,1,PROV,PRCNCT,CD,CD_SV,"2021-01-21 12:30:02",1265,1246,19,0,345,326,19,0,1352,1007,333,10,2,138,17,31,5,8,82,10,1,0,0,38,0,0,2,0,0,0,1,0,0,0,0,0,0,0,0,0,0,0,0,0
22,HUNEDOARA,"ŞCOALA GIMNAZIALĂ „MIRCEA SÂNTIMBREANU”",51,"MUNICIPIUL BRAD",87291,1,PROV,PRCNCT,CD,CD_SV,"2021-01-21 12:30:02",1262,1249,13,0,331,318,13,0,1351,1020,323,4,4,161,8,23,2,6,57,8,0,0,0,50,7,0,0,0,0,0,0,0,0,0,1,0,0,0,0,0,0,0,0,0
22,HUNEDOARA,"ŞCOALA GIMNAZIALĂ „MIRCEA SÂNTIMBREANU”",52,"MUNICIPIUL BRAD",87291,1,PROV,PRCNCT,CD,CD_SV,"2021-01-21 12:30:02",1296,1277,13,6,379,360,13,6,1400,1021,370,8,1,180,12,32,1,6,56,8,1,0,0,66,3,0,2,0,0,0,1,0,0,1,0,0,0,0,0,0,0,0,0,1
22,HUNEDOARA,"LICEUL TEORETIC „AVRAM IANCU” BRAD",53,"MUNICIPIUL BRAD",87291,1,PROV,PRCNCT,CD,CD_SV,"2021-01-21 12:30:02",1015,1002,13,0,281,268,13,0,1100,819,275,4,2,128,8,26,4,3,42,17,1,0,0,38,3,2,2,0,0,0,0,0,0,1,0,0,0,0,0,0,0,0,0,0
22,HUNEDOARA,"LICEUL TEORETIC „AVRAM IANCU” BRAD",54,"MUNICIPIUL BRAD",87291,1,PROV,PRCNCT,CD,CD_SV,"2021-01-21 12:30:02",1037,1020,17,0,317,300,17,0,1100,783,312,2,3,117,9,32,3,9,60,17,2,0,0,56,1,1,4,1,0,0,0,0,0,0,0,0,0,0,0,0,0,0,0,0
22,HUNEDOARA,"GRĂDINIŢA P.P. ”FLOARE DE COLŢ”",55,"MUNICIPIUL BRAD",87291,1,PROV,PRCNCT,CD,CD_SV,"2021-01-21 12:30:02",1126,1081,22,23,339,297,22,20,1150,811,328,7,4,124,10,30,4,8,96,7,3,0,0,33,3,1,2,0,0,0,0,0,0,1,2,0,0,1,0,0,0,2,0,1
22,HUNEDOARA,"ŞCOALA GIMNAZIALĂ „HOREA CLOŞCA ŞI CRIŞAN”",56,"MUNICIPIUL BRAD",87291,1,PROV,PRCNCT,CD,CD_SV,"2021-01-21 12:30:02",1095,1071,23,1,344,320,23,1,1100,756,338,6,0,146,10,39,1,7,73,9,1,0,0,46,4,0,0,0,0,0,2,0,0,0,0,0,0,0,0,0,0,0,0,0
22,HUNEDOARA,"ŞCOALA GENERALĂ VALEA BRADULUI",57,"MUNICIPIUL BRAD",87291,2,PART,PRCNCT,CD,CD_SV,"2021-01-21 12:30:02",627,614,13,0,193,180,13,0,650,457,189,4,0,101,7,12,1,4,34,7,2,0,0,18,1,0,0,0,0,0,1,0,0,0,0,0,0,0,0,1,0,0,0,0
22,HUNEDOARA,"ȘCOALA GENERALĂ ŢĂRĂŢEL",58,"MUNICIPIUL BRAD",87291,1,PROV,PRCNCT,CD,CD_SV,"2021-01-21 12:30:02",598,583,14,1,190,175,14,1,600,410,188,2,0,63,4,22,3,3,56,6,1,0,0,23,6,0,0,0,0,0,0,1,0,0,0,0,0,0,0,0,0,0,0,0
22,HUNEDOARA,"CĂMINUL CULTURAL MESTEACĂN",59,"MUNICIPIUL BRAD",87291,1,PROV,PRCNCT,CD,CD_SV,"2021-01-21 12:30:02",453,438,15,0,164,149,15,0,450,286,160,3,1,87,6,10,1,2,24,4,1,0,0,18,5,0,0,0,0,0,1,0,0,0,0,0,0,0,0,0,0,0,1,0
22,HUNEDOARA,"CĂMINUL CULTURAL RUDA-BRAD",60,"MUNICIPIUL BRAD",87291,1,PROV,PRCNCT,CD,CD_SV,"2021-01-21 12:30:02",171,159,12,0,46,34,12,0,200,154,45,1,0,14,1,3,2,2,7,2,0,0,0,12,0,0,0,0,0,0,1,0,0,0,0,0,0,0,0,0,0,0,0,1
22,HUNEDOARA,"ȘCOALA GIMNAZIALĂ NR. 1 ( FOSTA ȘCOALĂ GENERALĂ NR. 12)",61,"MUNICIPIUL HUNEDOARA",86810,1,PROV,PRCNCT,CD,CD_SV,"2021-01-21 12:30:02",1510,1497,13,0,313,300,13,0,1650,1337,299,14,0,131,6,21,1,24,42,1,0,1,0,66,4,0,0,0,0,0,0,0,0,0,0,0,0,0,0,1,0,0,1,0
22,HUNEDOARA,"ȘCOALA GIMNAZIALĂ NR. 1 ( FOSTA ȘCOALĂ GENERALĂ NR. 12)",62,"MUNICIPIUL HUNEDOARA",86810,1,PROV,PRCNCT,CD,CD_SV,"2021-01-21 12:30:02",1482,1469,13,0,246,233,13,0,1600,1354,237,9,0,97,8,14,4,11,26,4,1,1,0,63,3,1,0,0,0,0,1,0,0,0,0,0,0,0,0,1,0,1,1,0
22,HUNEDOARA,"ȘCOALA GIMNAZIALĂ NR. 1 ( FOSTA ȘCOALĂ GENERALĂ NR. 12)",63,"MUNICIPIUL HUNEDOARA",86810,1,PROV,PRCNCT,CD,CD_SV,"2021-01-21 12:30:02",1447,1431,15,1,262,246,15,1,1550,1288,255,3,4,93,8,12,0,15,47,3,2,3,0,65,0,1,4,0,0,0,1,0,0,0,0,0,1,0,0,0,0,0,0,0
22,HUNEDOARA,"ŞCOALA GIMNAZIALĂ NR. 1 (FOSTA ȘCOALĂ GENERALĂ NR. 9)",64,"MUNICIPIUL HUNEDOARA",86810,1,PROV,PRCNCT,CD,CD_SV,"2021-01-21 12:30:02",1431,1415,16,0,293,277,16,0,1550,1257,291,1,1,119,11,34,4,5,53,10,0,6,0,40,3,2,1,0,0,0,1,0,0,0,0,0,1,0,0,0,0,0,0,1
22,HUNEDOARA,"ŞCOALA GIMNAZIALĂ NR. 1 (FOSTA ŞCOALĂ GENERALĂ NR. 9)",65,"MUNICIPIUL HUNEDOARA",86810,1,PROV,PRCNCT,CD,CD_SV,"2021-01-21 12:30:02",1510,1500,10,0,322,312,10,0,1650,1328,310,9,3,145,7,27,2,7,42,4,5,2,0,61,2,0,3,0,0,0,1,0,0,0,0,0,1,0,0,0,0,0,1,0
22,HUNEDOARA,"ŞCOALA GIMNAZIALĂ NR. 1 (FOSTA ŞCOALĂ GENERALĂ NR. 9)",66,"MUNICIPIUL HUNEDOARA",86810,1,PROV,PRCNCT,CD,CD_SV,"2021-01-21 12:30:02",1503,1492,11,0,262,251,11,0,1600,1338,254,5,3,110,3,14,5,10,37,2,3,1,0,53,6,3,2,0,1,0,1,0,0,0,0,0,0,0,0,1,0,0,1,1
22,HUNEDOARA,"ŞCOALA GIMNAZIALĂ NR. 1 (FOSTA ŞCOALĂ GENERALĂ NR. 9)",67,"MUNICIPIUL HUNEDOARA",86810,1,PROV,PRCNCT,CD,CD_SV,"2021-01-21 12:30:02",1430,1420,10,0,351,341,10,0,1550,1199,337,11,3,143,7,34,12,8,53,8,4,6,0,50,3,3,2,0,1,0,0,0,1,0,0,0,1,0,0,0,1,0,0,0
22,HUNEDOARA,"ŞCOALA GIMNAZIALĂ NR. 1 (FOSTA ŞCOALĂ GENERALĂ NR. 9)",68,"MUNICIPIUL HUNEDOARA",86810,1,PROV,PRCNCT,CD,CD_SV,"2021-01-21 12:30:02",1297,1289,8,0,346,338,8,0,1400,1054,330,15,1,130,12,49,5,14,54,8,1,5,0,41,5,1,2,0,0,0,0,0,0,0,0,0,0,0,0,0,0,1,2,0
22,HUNEDOARA,"GRĂDINIŢA CU PROGRAM NORMAL MICRO VII PN6",69,"MUNICIPIUL HUNEDOARA",86810,1,PROV,PRCNCT,CD,CD_SV,"2021-01-21 12:30:02",1242,1230,12,0,261,249,12,0,1350,1089,257,4,0,126,5,19,3,10,44,0,6,1,0,37,1,2,1,0,0,0,0,0,0,0,0,0,2,0,0,0,0,0,0,0
22,HUNEDOARA,"COLEGIUL ECONOMIC ”EMANUIL GOJDU” (FOSTUL LICEU NR. 2)",70,"MUNICIPIUL HUNEDOARA",86810,1,PROV,PRCNCT,CD,CD_SV,"2021-01-21 12:30:02",1245,1233,12,0,378,366,12,0,1350,972,374,3,1,140,11,51,15,19,83,5,5,7,0,25,7,3,2,0,0,0,0,0,0,1,0,0,0,0,0,0,0,0,0,0
22,HUNEDOARA,"LICEUL TEHNOLOGIC ”CONSTANTIN BURSAN” (FOSTUL LICEU NR. 3)",71,"MUNICIPIUL HUNEDOARA",86810,1,PROV,PRCNCT,CD,CD_SV,"2021-01-21 12:30:02",1292,1277,15,0,331,316,15,0,1400,1069,324,6,1,111,16,44,12,17,80,10,1,1,0,24,0,1,1,2,1,0,0,0,1,2,0,0,0,0,0,0,0,0,0,0
22,HUNEDOARA,"COLEGIUL NAŢIONAL DE INFORMATICĂ ”TRAIAN LALESCU” (CLĂDIREA NOUĂ)",72,"MUNICIPIUL HUNEDOARA",86810,1,PROV,PRCNCT,CD,CD_SV,"2021-01-21 12:30:02",1382,1370,12,0,450,438,12,0,1500,1050,443,4,3,142,10,82,15,28,119,8,1,3,0,19,10,0,1,3,0,0,0,0,0,1,0,0,0,0,0,0,0,0,0,1
22,HUNEDOARA,"COLEGIUL NAŢIONAL DE INFORMATICĂ ”TRAIAN LALESCU” ( FOSTA ŞCOALĂ GENERALĂ NR. 4)",73,"MUNICIPIUL HUNEDOARA",86810,1,PROV,PRCNCT,CD,CD_SV,"2021-01-21 12:30:02",1161,1145,15,1,406,390,15,1,1200,794,399,4,3,147,5,81,15,26,66,6,1,15,0,25,6,1,0,1,0,0,1,1,0,2,0,0,0,0,0,0,0,0,0,0
22,HUNEDOARA,"COLEGIUL NAŢIONAL DE INFORMATICĂ ”TRAIAN LALESCU” ( FOSTA ŞCOALĂ GENERALĂ NR. 4)",74,"MUNICIPIUL HUNEDOARA",86810,1,PROV,PRCNCT,CD,CD_SV,"2021-01-21 12:30:02",1332,1261,12,59,384,313,12,59,1350,966,377,6,1,152,8,39,21,21,78,10,5,0,2,25,8,5,0,0,0,1,1,0,0,0,0,0,0,0,0,1,0,0,0,0
22,HUNEDOARA,"COLEGIUL NAȚIONAL ”IANCU DE HUNEDOARA” (FOSTA ȘCOALĂ GENERALĂ NR. 5)",75,"MUNICIPIUL HUNEDOARA",86810,1,PROV,PRCNCT,CD,CD_SV,"2021-01-21 12:30:02",1521,1472,18,31,390,345,18,27,1600,1210,374,15,1,150,16,40,4,21,80,7,4,2,0,37,2,0,6,0,0,0,1,0,0,1,0,1,1,1,0,0,0,0,0,0
22,HUNEDOARA,"COLEGIUL NAȚIONAL ”IANCU DE HUNEDOARA” (FOSTA ȘCOALĂ GENERALĂ NR. 5)",76,"MUNICIPIUL HUNEDOARA",86810,1,PROV,PRCNCT,CD,CD_SV,"2021-01-21 12:30:02",1152,1136,16,0,279,263,16,0,1200,921,274,5,0,84,12,34,14,20,70,5,0,5,0,24,0,2,1,0,0,0,0,0,0,0,0,0,0,0,0,1,0,0,2,0
22,HUNEDOARA,"COLEGIUL NAȚIONAL ”IANCU DE HUNEDOARA” (FOSTA ȘCOALĂ GENERALĂ NR. 5)",77,"MUNICIPIUL HUNEDOARA",86810,1,PROV,PRCNCT,CD,CD_SV,"2021-01-21 12:30:02",1196,1188,8,0,360,352,8,0,1300,940,356,3,1,125,14,52,30,14,63,12,5,9,0,26,3,1,1,0,0,0,0,0,0,0,0,0,1,0,0,0,0,0,0,0
22,HUNEDOARA,"ŞCOALA PRIMARĂ HĂŞDAT",78,"MUNICIPIUL HUNEDOARA",86810,1,PROV,PRCNCT,CD,CD_SV,"2021-01-21 12:30:02",389,378,11,0,121,110,11,0,450,329,120,0,1,24,6,12,12,5,30,3,0,2,0,21,0,1,0,0,0,0,1,0,0,1,0,0,0,1,1,0,0,0,0,0
22,HUNEDOARA,"ŞCOALA GIMNAZIALĂ NR.6 (FOSTA ȘCOALĂ GENERALĂ NR. 6)",79,"MUNICIPIUL HUNEDOARA",86810,1,PROV,PRCNCT,CD,CD_SV,"2021-01-21 12:30:02",1496,1480,15,1,421,405,15,1,1600,1179,411,7,3,165,11,52,18,18,94,7,3,3,0,32,3,3,1,0,0,0,0,0,0,0,0,0,0,0,0,1,0,0,0,0
22,HUNEDOARA,"ŞCOALA GIMNAZIALĂ NR.6 (FOSTA ȘCOALĂ GENERALĂ NR. 6)",80,"MUNICIPIUL HUNEDOARA",86810,1,PROV,PRCNCT,CD,CD_SV,"2021-01-21 12:30:02",1574,1557,17,0,405,388,17,0,1700,1295,398,5,2,145,12,59,12,8,82,6,5,7,1,51,5,0,2,0,0,1,0,0,0,0,0,0,0,0,0,0,0,0,2,0
22,HUNEDOARA,"COLEGIUL TEHNIC ”MATEI CORVIN” (FOSTUL LICEU NR. 1)",81,"MUNICIPIUL HUNEDOARA",86810,1,PROV,PRCNCT,CD,CD_SV,"2021-01-21 12:30:02",1086,1070,16,0,313,297,16,0,1150,837,306,5,2,145,7,34,12,9,52,7,1,2,0,29,6,1,1,0,0,0,0,0,0,0,0,0,0,0,0,0,0,0,0,0
22,HUNEDOARA,"GRĂDINIŢA CU PROGRAM NORMAL NR.4 MICRO I (LÂNGĂ FOSTA ŞCOALĂ GENERALĂ NR. 3)",82,"MUNICIPIUL HUNEDOARA",86810,2,PART,PRCNCT,CD,CD_SV,"2021-01-21 12:30:02",1524,1502,16,6,427,405,16,6,1650,1223,419,6,2,159,9,53,12,37,79,9,3,2,3,44,1,2,3,1,0,0,0,0,0,0,0,0,0,0,0,0,0,0,2,0
22,HUNEDOARA,"GRĂDINIŢA CU PROGRAM PRELUNGIT ”PITICOT”",83,"MUNICIPIUL HUNEDOARA",86810,1,PROV,PRCNCT,CD,CD_SV,"2021-01-21 12:30:02",864,856,8,0,244,236,8,0,950,706,244,0,0,108,12,25,10,4,51,5,4,2,0,17,2,0,0,1,1,0,1,0,0,0,0,0,0,0,0,0,1,0,0,0
22,HUNEDOARA,"GRĂDINIŢA CU PROGRAM PRELUNGIT ”PITICOT”",84,"MUNICIPIUL HUNEDOARA",86810,1,PROV,PRCNCT,CD,CD_SV,"2021-01-21 12:30:02",1169,1157,12,0,299,287,12,0,1250,951,293,3,3,111,12,32,7,14,61,5,3,1,0,39,2,3,0,0,0,0,1,0,0,0,0,0,0,0,0,1,1,0,0,0
22,HUNEDOARA,"COLEGIUL ECONOMIC ”EMANUIL GOJDU” (FOSTA ŞCOALĂ GENERALĂ NR. 3)",85,"MUNICIPIUL HUNEDOARA",86810,1,PROV,PRCNCT,CD,CD_SV,"2021-01-21 12:30:02",1365,1350,15,0,409,394,15,0,1450,1041,403,5,1,152,9,71,17,18,84,8,2,8,0,23,6,2,1,1,0,0,0,0,0,1,0,0,0,0,0,0,0,0,0,0
22,HUNEDOARA,"COLEGIUL ECONOMIC ”EMANUIL GOJDU” (FOSTA ŞCOALĂ GENERALĂ NR. 3)",86,"MUNICIPIUL HUNEDOARA",86810,1,PROV,PRCNCT,CD,CD_SV,"2021-01-21 12:30:02",1369,1354,15,0,469,454,15,0,1450,981,459,4,6,168,13,65,12,17,137,5,4,5,1,21,7,2,0,1,0,0,0,0,0,0,0,0,0,0,0,0,0,1,0,0
22,HUNEDOARA,"ŞCOALA GIMNAZIALĂ NR. 7 (FOSTA ȘCOALĂ GENERALĂ NR. 7)",87,"MUNICIPIUL HUNEDOARA",86810,2,PART,PRCNCT,CD,CD_SV,"2021-01-21 12:30:02",1157,1148,9,0,326,317,9,0,1250,924,318,8,0,124,10,34,13,15,62,7,3,5,0,30,9,1,1,0,0,0,0,0,0,0,0,0,1,0,3,0,0,0,0,0
22,HUNEDOARA,"ŞCOALA GIMNAZIALĂ NR. 7 (FOSTA ȘCOALĂ GENERALĂ NR. 7)",88,"MUNICIPIUL HUNEDOARA",86810,1,PROV,PRCNCT,CD,CD_SV,"2021-01-21 12:30:02",1212,1196,16,0,361,345,16,0,1300,939,358,1,2,127,12,48,7,14,86,5,6,9,0,37,1,2,0,1,0,0,1,0,0,1,0,0,0,1,0,0,0,0,0,0
22,HUNEDOARA,"ŞCOALA GIMNAZIALĂ NR. 7 (FOSTA ȘCOALĂ GENERALĂ NR. 7)",89,"MUNICIPIUL HUNEDOARA",86810,1,PROV,PRCNCT,CD,CD_SV,"2021-01-21 12:30:02",1202,1189,13,0,355,342,13,0,1300,945,349,2,4,135,13,52,9,24,54,6,6,2,0,39,4,0,1,1,0,0,2,0,0,0,0,0,0,0,0,0,0,0,0,1
22,HUNEDOARA,"GRĂDINIȚA CU PROGRAM PRELUNGIT „FLOAREA SOARELUI” HUNEDOARA",90,"MUNICIPIUL HUNEDOARA",86810,1,PROV,PRCNCT,CD,CD_SV,"2021-01-21 12:30:02",1181,1169,12,0,329,317,12,0,1250,921,326,3,0,137,14,50,4,13,52,7,7,4,0,31,2,1,2,0,1,0,0,0,0,0,0,0,1,0,0,0,0,0,0,0
22,HUNEDOARA,"GRĂDINIȚA CU PROGRAM PRELUNGIT „FLOAREA SOARELUI” HUNEDOARA",91,"MUNICIPIUL HUNEDOARA",86810,1,PROV,PRCNCT,CD,CD_SV,"2021-01-21 12:30:02",1021,1012,9,0,237,228,9,0,1100,863,236,1,0,86,10,27,9,11,41,6,5,3,0,25,2,1,3,0,2,0,1,1,0,1,0,0,1,0,0,1,0,0,0,0
22,HUNEDOARA,"GRĂDINIȚA CU PROGRAM PRELUNGIT „FLOAREA SOARELUI” HUNEDOARA",92,"MUNICIPIUL HUNEDOARA",86810,2,PART,PRCNCT,CD,CD_SV,"2021-01-21 12:30:02",1136,1130,6,0,255,249,6,0,1030,775,251,2,2,105,14,23,6,13,47,7,2,2,0,30,0,0,0,0,0,0,0,0,0,0,0,0,0,1,0,1,0,0,0,0
22,HUNEDOARA,"GRĂDINIŢA CU ORAR NORMAL MICRO III PN 2 ”ZORI DE ZI”",93,"MUNICIPIUL HUNEDOARA",86810,1,PROV,PRCNCT,CD,CD_SV,"2021-01-21 12:30:02",1330,1312,18,0,371,353,18,0,1450,1079,359,8,4,126,17,41,12,18,73,10,7,5,0,32,2,7,0,1,0,0,1,0,0,1,3,0,1,0,0,0,0,0,1,1
22,HUNEDOARA,"ŞCOALA GIMNAZIALĂ NR. 2 (FOSTA ŞCOALĂ GENERALĂ NR. 2)",94,"MUNICIPIUL HUNEDOARA",86810,2,PART,PRCNCT,CD,CD_SV,"2021-01-21 12:30:02",1509,1499,8,2,424,414,8,2,1650,1226,417,4,3,206,13,39,13,28,61,2,5,7,0,35,1,1,2,0,0,0,3,0,0,1,0,0,0,0,0,0,0,0,0,0
22,HUNEDOARA,"ŞCOALA GIMNAZIALĂ NR. 2 (FOSTA ŞCOALĂ GENERALĂ NR. 2)",95,"MUNICIPIUL HUNEDOARA",86810,2,PART,PRCNCT,CD,CD_SV,"2021-01-21 12:30:02",1520,1507,12,1,483,470,12,1,1650,1167,471,11,1,192,12,63,8,17,98,10,0,15,1,51,3,0,0,0,0,0,0,0,0,0,0,0,0,0,0,1,0,0,0,0
22,HUNEDOARA,"ŞCOALA GIMNAZIALĂ NR. 2 (FOSTA ŞCOALĂ GENERALĂ NR. 2)",96,"MUNICIPIUL HUNEDOARA",86810,1,PROV,PRCNCT,CD,CD_SV,"2021-01-21 12:30:02",1305,1298,7,0,364,357,7,0,1400,1036,354,8,2,134,13,51,8,14,60,6,13,2,0,34,6,4,2,0,0,0,1,0,0,1,1,1,2,0,0,0,0,0,1,0
22,HUNEDOARA,"ŞCOALA GIMNAZIALĂ NR. 2 (FOSTA ŞCOALĂ GENERALĂ NR. 2)",97,"MUNICIPIUL HUNEDOARA",86810,1,PROV,PRCNCT,CD,CD_SV,"2021-01-21 12:30:02",1527,1518,9,0,366,357,9,0,1650,1284,358,8,0,148,7,43,18,13,51,7,3,3,0,53,5,1,0,0,0,0,3,0,0,1,0,0,0,1,0,0,0,1,0,0
22,HUNEDOARA,"CENTRUL ŞCOLAR PENTRU EDUCAŢIE INCLUZIVĂ ”RUDOLF STEINER” (FOSTUL CENTRU DE ZI)",98,"MUNICIPIUL HUNEDOARA",86810,1,PROV,PRCNCT,CD,CD_SV,"2021-01-21 12:30:02",1181,1172,9,0,231,222,9,0,1250,1019,223,3,5,111,12,20,3,7,37,4,6,1,0,17,1,2,1,0,0,0,0,1,0,0,0,0,0,0,0,0,0,0,0,0
22,HUNEDOARA,"CENTRUL ŞCOLAR PENTRU EDUCAŢIE INCLUZIVĂ ”RUDOLF STEINER” (FOSTUL CENTRU DE ZI)",99,"MUNICIPIUL HUNEDOARA",86810,2,PART,PRCNCT,CD,CD_SV,"2021-01-21 12:30:02",1172,1153,19,0,273,254,19,0,1250,977,261,10,2,89,7,36,4,13,53,8,6,4,1,33,4,0,0,0,0,0,1,0,0,0,1,0,1,0,0,0,0,0,0,0
22,HUNEDOARA,"ȘCOALA GIMNAZIALĂ NR. 2 (FOSTA ȘCOALĂ GENERALĂ NR. 11)",100,"MUNICIPIUL HUNEDOARA",86810,1,PROV,PRCNCT,CD,CD_SV,"2021-01-21 12:30:02",1323,1312,10,1,353,342,10,1,1400,1047,345,4,4,149,15,46,6,24,67,2,1,6,0,21,2,2,1,0,0,1,2,0,0,0,0,0,0,0,0,0,0,0,0,0
22,HUNEDOARA,"ȘCOALA GIMNAZIALĂ NR. 2 (FOSTA ȘCOALĂ GENERALĂ NR. 11)",101,"MUNICIPIUL HUNEDOARA",86810,1,PROV,PRCNCT,CD,CD_SV,"2021-01-21 12:30:02",1475,1461,14,0,382,368,14,0,1600,1218,379,3,0,159,9,50,11,12,73,9,3,4,0,39,6,1,0,1,0,0,0,0,1,0,0,0,0,0,0,0,0,0,1,0
22,HUNEDOARA,"ȘCOALA GIMNAZIALĂ NR. 2 (FOSTA ȘCOALĂ GENERALĂ NR. 11)",102,"MUNICIPIUL HUNEDOARA",86810,1,PROV,PRCNCT,CD,CD_SV,"2021-01-21 12:30:02",1213,1204,9,0,291,282,9,0,1300,1009,286,4,1,129,4,33,5,5,46,5,4,3,0,44,1,0,4,0,0,1,0,0,0,0,1,0,0,0,0,1,0,0,0,0
22,HUNEDOARA,"ȘCOALA GIMNAZIALĂ NR. 2 (FOSTA ȘCOALĂ GENERALĂ NR. 11)",103,"MUNICIPIUL HUNEDOARA",86810,1,PROV,PRCNCT,CD,CD_SV,"2021-01-21 12:30:02",1317,1309,8,0,377,369,8,0,1400,1023,371,6,0,133,13,72,26,12,61,4,1,4,1,34,5,1,0,0,1,0,1,0,0,0,0,0,1,0,0,1,0,0,0,0
22,HUNEDOARA,"CĂMIN CULTURAL BUITURI",104,"MUNICIPIUL HUNEDOARA",86810,1,PROV,PRCNCT,CD,CD_SV,"2021-01-21 12:30:02",686,673,13,0,235,222,13,0,750,515,231,4,0,73,14,36,3,18,47,2,6,6,0,16,4,0,4,0,0,0,0,0,0,0,0,0,1,0,0,0,0,0,1,0
22,HUNEDOARA,"SEDIUL PRIMĂRIEI MUNICIPIULUI HUNEDOARA (FOSTA B.R.D.)",105,"MUNICIPIUL HUNEDOARA",86810,1,PROV,PRCNCT,CD,CD_SV,"2021-01-21 12:30:02",1639,1616,21,2,503,480,21,2,1750,1247,492,7,4,193,10,72,31,30,85,10,8,7,1,32,5,1,0,1,0,0,1,0,0,0,0,0,2,0,0,1,0,0,1,1
22,HUNEDOARA,"ŞCOALA PRIMARĂ RĂCĂŞTIA",106,"MUNICIPIUL HUNEDOARA",86810,1,PROV,PRCNCT,CD,CD_SV,"2021-01-21 12:30:02",546,535,11,0,145,134,11,0,600,455,138,6,1,32,9,17,22,8,21,3,2,3,0,18,0,0,1,0,0,0,0,0,0,1,1,0,0,0,0,0,0,0,0,0
22,HUNEDOARA,"COLEGIUL NAȚIONAL ”IANCU DE HUNEDOARA” (FOSTA ȘCOALĂ GENERALĂ ZLAȘTI)",107,"MUNICIPIUL HUNEDOARA",86810,1,PROV,PRCNCT,CD,CD_SV,"2021-01-21 12:30:02",446,436,10,0,148,138,10,0,500,352,148,0,0,54,3,26,4,14,28,0,0,2,0,15,0,0,2,0,0,0,0,0,0,0,0,0,0,0,0,0,0,0,0,0
22,HUNEDOARA,"CĂMIN CULTURAL BOŞ (GRĂDINIŢA)",108,"MUNICIPIUL HUNEDOARA",86810,1,PROV,PRCNCT,CD,CD_SV,"2021-01-21 12:30:02",505,496,9,0,155,146,9,0,550,395,148,6,1,37,6,28,1,3,49,3,1,0,0,13,1,1,4,0,0,0,1,0,0,0,0,0,0,0,0,0,0,0,0,0
22,HUNEDOARA,"ŞCOALA PRIMARĂ PEŞTIŞUL MARE",109,"MUNICIPIUL HUNEDOARA",86810,1,PROV,PRCNCT,CD,CD_SV,"2021-01-21 12:30:02",1017,1007,10,0,332,322,10,0,1100,768,320,6,6,120,11,24,8,20,72,3,4,8,2,39,0,2,4,0,0,0,1,0,0,0,2,0,0,0,0,0,0,0,0,0
22,HUNEDOARA,"ŞCOALA GIMNAZIALĂ NR. 1, LUPENI",110,"MUNICIPIUL LUPENI",87059,1,PROV,PRCNCT,CD,CD_SV,"2021-01-21 12:30:02",1564,1555,9,0,489,480,9,0,1700,1211,472,16,1,318,14,13,12,4,39,6,3,0,1,42,5,5,4,0,0,1,1,0,0,0,0,0,3,1,0,0,0,0,0,0
22,HUNEDOARA,"ŞCOALA GIMNAZIALĂ NR. 1",111,"MUNICIPIUL LUPENI",87059,1,PROV,PRCNCT,CD,CD_SV,"2021-01-21 12:30:02",1347,1323,7,17,390,366,7,17,1450,1060,381,9,0,205,16,36,14,9,57,1,5,0,0,28,0,2,1,1,0,0,1,0,0,1,1,0,0,1,0,1,0,0,0,1
22,HUNEDOARA,"ŞCOALA GIMNAZIALĂ NR. 1",112,"MUNICIPIUL LUPENI",87059,1,PROV,PRCNCT,CD,CD_SV,"2021-01-21 12:30:02",1099,1092,7,0,324,317,7,0,1200,876,318,3,3,189,6,30,15,1,28,2,3,0,1,35,2,0,3,0,1,0,2,0,0,0,0,0,0,0,0,0,0,0,0,0
22,HUNEDOARA,"GRĂDINIȚA CU PROGRAM NORMAL ŞCOALA GIMNAZIALĂ NR. 1",113,"MUNICIPIUL LUPENI",87059,1,PROV,PRCNCT,CD,CD_SV,"2021-01-21 12:30:02",829,821,8,0,233,225,8,0,900,667,229,2,2,153,4,9,7,2,18,2,1,2,0,20,3,1,3,0,0,0,1,0,0,0,0,0,0,0,0,2,0,0,1,0
22,HUNEDOARA,"SPCLEP LUPENI",114,"MUNICIPIUL LUPENI",87059,1,PROV,PRCNCT,CD,CD_SV,"2021-01-21 12:30:02",1695,1672,19,4,516,493,19,4,1800,1284,505,7,4,282,14,45,18,13,53,9,4,6,0,46,6,1,2,0,1,0,0,0,0,0,0,1,0,1,1,2,0,0,0,0
22,HUNEDOARA,"ŞCOALA GIMNAZIALĂ NR. 3",115,"MUNICIPIUL LUPENI",87059,1,PROV,PRCNCT,CD,CD_SV,"2021-01-21 12:30:02",1023,1010,13,0,324,311,13,0,1100,776,318,5,1,192,10,28,18,3,35,5,0,3,0,14,0,2,5,0,0,0,1,0,0,0,0,0,0,0,0,0,1,0,1,0
22,HUNEDOARA,"ŞCOALA GIMNAZIALĂ NR. 3",116,"MUNICIPIUL LUPENI",87059,1,PROV,PRCNCT,CD,CD_SV,"2021-01-21 12:30:02",982,971,11,0,270,259,11,0,1050,780,267,3,0,165,7,19,14,3,19,3,2,2,0,24,5,1,1,0,0,0,0,0,0,1,0,0,0,0,0,0,0,0,0,1
22,HUNEDOARA,"GRĂDINIŢA CU PROGRAM NORMAL NR. 1 LUPENI",117,"MUNICIPIUL LUPENI",87059,1,PROV,PRCNCT,CD,CD_SV,"2021-01-21 12:30:02",1265,1249,16,0,343,327,16,0,1350,1007,328,13,2,215,5,21,13,4,26,5,2,5,0,24,2,0,0,1,0,0,1,0,0,2,0,0,0,0,0,0,1,0,1,0
22,HUNEDOARA,"GRĂDINIŢA CU PROGRAM NORMAL NR. 1 LUPENI",118,"MUNICIPIUL LUPENI",87059,1,PROV,PRCNCT,CD,CD_SV,"2021-01-21 12:30:02",1586,1574,12,0,428,416,12,0,1700,1272,420,8,0,289,16,22,5,4,21,3,0,1,0,42,4,1,3,1,1,0,2,0,0,0,0,0,3,0,0,1,0,0,0,1
22,HUNEDOARA,"GRĂDINIȚA CU PROGRAM SĂPTĂMÂNAL LUMEA COPIILOR",119,"MUNICIPIUL LUPENI",87059,1,PROV,PRCNCT,CD,CD_SV,"2021-01-21 12:30:02",1585,1573,12,0,482,470,12,0,1700,1218,470,12,0,296,17,28,18,9,49,5,1,4,0,32,1,1,2,0,0,0,1,0,0,0,0,0,2,1,2,0,0,0,1,0
22,HUNEDOARA,"LICEUL TEORETIC ”MIRCEA ELIADE” LUPENI",120,"MUNICIPIUL LUPENI",87059,1,PROV,PRCNCT,CD,CD_SV,"2021-01-21 12:30:02",1401,1385,12,4,367,351,12,4,1500,1133,356,7,4,237,9,16,1,5,40,4,2,6,0,28,1,0,4,0,0,0,1,0,0,0,0,0,0,0,0,0,0,0,1,1
22,HUNEDOARA,"LICEUL TEORETIC ”MIRCEA ELIADE” LUPENI",121,"MUNICIPIUL LUPENI",87059,1,PROV,PRCNCT,CD,CD_SV,"2021-01-21 12:30:02",938,923,15,0,240,225,15,0,1000,760,233,5,2,137,2,13,5,2,23,0,0,0,0,45,1,0,1,0,0,0,1,0,0,0,1,0,1,0,0,0,0,0,0,1
22,HUNEDOARA,"ŞCOALA GIMNAZIALĂ NR. 2 LUPENI",122,"MUNICIPIUL LUPENI",87059,1,PROV,PRCNCT,CD,CD_SV,"2021-01-21 12:30:02",1300,1289,11,0,355,344,11,0,1400,1045,345,8,2,238,12,17,6,4,34,2,1,5,0,22,0,0,0,1,0,0,1,0,0,0,0,0,1,0,0,0,1,0,0,0
22,HUNEDOARA,"ŞCOALA GIMNAZIALĂ NR. 2 LUPENI",123,"MUNICIPIUL LUPENI",87059,1,PROV,PRCNCT,CD,CD_SV,"2021-01-21 12:30:02",1064,1055,9,0,352,343,9,0,1150,798,345,6,1,217,7,14,14,10,47,5,0,2,0,22,2,0,1,1,0,1,1,0,0,0,0,0,1,0,0,0,0,0,0,0
22,HUNEDOARA,"GRĂDINIŢA CU PROGRAM NORMAL NR. 2 LUPENI",124,"MUNICIPIUL LUPENI",87059,1,PROV,PRCNCT,CD,CD_SV,"2021-01-21 12:30:02",960,954,6,0,264,258,6,0,1000,736,260,4,0,149,4,23,8,3,37,2,1,2,0,28,0,0,0,0,0,1,1,0,0,0,0,0,1,0,0,0,0,0,0,0
22,HUNEDOARA,"GRĂDINIŢA CU PROGRAM NORMAL NR. 2 LUPENI",125,"MUNICIPIUL LUPENI",87059,1,PROV,PRCNCT,CD,CD_SV,"2021-01-21 12:30:02",953,941,9,3,279,267,9,3,1000,721,275,3,1,172,11,20,3,3,22,0,2,0,0,36,2,0,0,0,1,0,1,0,0,0,1,0,0,0,0,0,0,0,1,0
22,HUNEDOARA,"GRĂDINIŢA CU PROGRAM NORMAL NR. 2 LUPENI",126,"MUNICIPIUL LUPENI",87059,1,PROV,PRCNCT,CD,CD_SV,"2021-01-21 12:30:02",1265,1255,10,0,333,323,10,0,1350,1017,326,7,0,211,4,22,4,10,24,3,1,4,0,36,2,0,0,0,0,1,1,0,0,0,0,0,2,0,0,0,0,0,1,0
22,HUNEDOARA,"SC UNIVERSAL EDIL SA",127,"MUNICIPIUL LUPENI",87059,1,PROV,PRCNCT,CD,CD_SV,"2021-01-21 12:30:02",803,792,11,0,226,215,11,0,850,624,221,4,1,123,8,14,3,6,32,2,1,0,0,30,0,0,2,0,0,0,0,0,0,0,0,0,0,0,0,0,0,0,0,0
22,HUNEDOARA,"CASA DE CULTURĂ",128,"MUNICIPIUL ORĂŞTIE",87638,1,PROV,PRCNCT,CD,CD_SV,"2021-01-21 12:30:02",1613,1579,34,0,520,486,34,0,1700,1180,515,3,2,163,16,97,6,16,145,3,0,2,3,45,5,1,3,1,1,0,3,1,0,0,1,0,1,0,0,0,0,1,1,0
22,HUNEDOARA,"SALA DE SPORT A ŞCOLII GIMNAZIALE ” DOMINIC STANCA ”",129,"MUNICIPIUL ORĂŞTIE",87638,1,PROV,PRCNCT,CD,CD_SV,"2021-01-21 12:30:02",1574,1556,18,0,394,376,18,0,1700,1306,379,13,2,107,12,62,2,14,123,7,4,2,1,37,4,1,0,1,0,0,1,0,0,0,1,0,0,0,0,0,0,0,0,0
22,HUNEDOARA,"GRĂDINIŢA CU PROGRAM NORMAL ”SCUFIŢA ROŞIE”",130,"MUNICIPIUL ORĂŞTIE",87638,2,PART,PRCNCT,CD,CD_SV,"2021-01-21 12:30:02",1444,1393,37,14,385,347,24,14,1500,1115,380,4,1,106,17,49,4,10,98,3,5,4,0,73,5,1,4,0,0,0,0,0,0,0,0,0,0,0,0,0,0,0,0,1
22,HUNEDOARA,"ŞC. GIM. ”D.STANCA”",131,"MUNICIPIUL ORĂŞTIE",87638,1,PROV,PRCNCT,CD,CD_SV,"2021-01-21 12:30:02",1493,1464,29,0,370,341,29,0,1600,1230,357,10,3,94,13,49,2,10,95,10,3,2,0,68,4,1,1,0,1,0,0,0,0,0,0,0,1,0,0,1,0,0,1,1
22,HUNEDOARA,"COMPLEX SERVICII PENTRU VÂRSTNICI",132,"MUNICIPIUL ORĂŞTIE",87638,1,PROV,PRCNCT,CD,CD_SV,"2021-01-21 12:30:02",1644,1601,21,22,433,390,21,22,1750,1317,427,5,1,144,14,64,2,8,120,6,1,5,0,52,3,3,3,0,0,0,0,0,0,0,0,0,0,0,0,0,0,0,2,0
22,HUNEDOARA,"ŞC.GIM. ”DR. AUREL VLAD”",133,"MUNICIPIUL ORĂŞTIE",87638,2,PART,PRCNCT,CD,CD_SV,"2021-01-21 12:30:02",1521,1497,24,0,448,424,24,0,1650,1202,435,11,2,126,13,90,7,11,114,5,2,1,0,49,10,1,1,0,1,0,3,0,0,0,0,0,0,0,0,0,0,0,0,1
22,HUNEDOARA,"ŞC.GIM. I-IV GARĂ",134,"MUNICIPIUL ORĂŞTIE",87638,1,PROV,PRCNCT,CD,CD_SV,"2021-01-21 12:30:02",1481,1463,18,0,379,361,18,0,1600,1221,370,6,3,110,7,53,1,6,95,3,3,4,0,65,9,0,4,0,0,2,3,0,0,0,1,0,1,0,1,1,0,0,1,0
22,HUNEDOARA,"OFICIUL DE GOSPODĂRIRE A APELOR",135,"MUNICIPIUL ORĂŞTIE",87638,2,PART,PRCNCT,CD,CD_SV,"2021-01-21 12:30:02",1729,1714,10,5,531,516,10,5,1850,1319,523,8,0,161,17,73,3,17,164,8,3,6,0,59,6,1,3,1,0,0,0,0,0,0,0,0,1,0,0,0,0,0,0,0
22,HUNEDOARA,"LIC.TEHNOLOGIC ”N.OLAHUS”",136,"MUNICIPIUL ORĂŞTIE",87638,1,PROV,PRCNCT,CD,CD_SV,"2021-01-21 12:30:02",1396,1372,24,0,368,344,24,0,1500,1132,359,5,4,120,5,45,7,8,102,6,0,6,1,43,4,0,2,5,0,1,1,0,0,0,1,0,0,1,0,1,0,0,0,0
22,HUNEDOARA,"COLEGIUL NAŢIONAL ”AUREL VLAICU”",137,"MUNICIPIUL ORĂŞTIE",87638,2,PART,PRCNCT,CD,CD_SV,"2021-01-21 12:30:02",1356,1321,33,2,430,395,33,2,1450,1020,405,16,9,103,8,35,3,11,168,1,1,0,0,58,3,1,5,1,0,0,1,0,1,1,0,0,3,0,0,0,0,1,0,0
22,HUNEDOARA,"PRIMĂRIA MUNICIPIULUI ORĂŞTIE",138,"MUNICIPIUL ORĂŞTIE",87638,1,PROV,PRCNCT,CD,CD_SV,"2021-01-21 12:30:02",1404,1383,21,0,427,406,21,0,1500,1073,424,3,0,127,13,79,3,10,142,7,0,2,0,30,3,0,2,1,0,0,2,1,0,0,0,0,1,0,0,0,0,0,1,0
22,HUNEDOARA,"SERVICIUL PUBLIC DE ASISTENŢĂ SOCIALĂ",139,"MUNICIPIUL ORĂŞTIE",87638,2,PART,PRCNCT,CD,CD_SV,"2021-01-21 12:30:02",1721,1699,22,0,437,415,22,0,1850,1413,430,5,2,115,19,74,1,10,137,5,1,8,0,50,5,0,2,0,0,0,1,0,0,0,0,0,0,0,0,1,0,1,0,0
22,HUNEDOARA,"ȘCOALA GIMNAZIALĂ ”I. G. DUCA” (ȘCOALA GENERALĂ NR.1) SEDIUL VECHI",140,"MUNICIPIUL PETROŞANI",86990,2,PART,PRCNCT,CD,CD_SV,"2021-01-21 12:30:02",1665,1649,15,1,517,501,15,1,1800,1283,509,7,1,155,40,84,25,13,104,14,4,16,0,43,3,1,1,3,0,0,1,0,0,0,1,1,0,0,0,0,0,0,0,0
22,HUNEDOARA,"ȘCOALA GIMNAZIALĂ I.G.DUCA (ȘCOALA GENERALĂ NR. 1 - SEDIUL VECHI)",141,"MUNICIPIUL PETROŞANI",86990,1,PROV,PRCNCT,CD,CD_SV,"2021-01-21 12:30:02",1517,1494,23,0,476,453,23,0,1600,1124,464,10,2,185,28,86,10,9,90,10,0,4,0,27,1,1,8,0,0,0,2,0,0,1,1,0,0,0,0,0,1,0,0,0
22,HUNEDOARA,"ȘCOALA GIMNAZIALĂ I.G. DUCA (ȘCOALA GENERALĂ NR. 1 - SEDIUL NOU)",142,"MUNICIPIUL PETROŞANI",86990,1,PROV,PRCNCT,CD,CD_SV,"2021-01-21 12:30:02",1363,1350,13,0,425,412,13,0,1450,1025,419,5,1,183,20,61,10,10,90,6,5,0,0,24,5,2,2,0,0,0,1,0,0,0,0,0,0,0,0,0,0,0,0,0
22,HUNEDOARA,"AMFITEATRUL UNIVERSITĂȚII",143,"MUNICIPIUL PETROŞANI",86990,1,PROV,PRCNCT,CD,CD_SV,"2021-01-21 12:30:02",1387,1372,15,0,388,373,15,0,1500,1112,381,7,0,136,15,56,8,11,94,5,1,3,1,43,5,0,1,1,0,0,0,0,0,0,0,0,0,0,0,0,0,0,0,1
22,HUNEDOARA,"CLUB SPORTIV ȘCOLAR",144,"MUNICIPIUL PETROŞANI",86990,1,PROV,PRCNCT,CD,CD_SV,"2021-01-21 12:30:02",1010,988,19,3,294,272,19,3,1050,756,288,3,3,110,16,43,10,9,61,7,1,0,0,24,0,1,2,2,0,0,2,0,0,0,0,0,0,0,0,0,0,0,0,0
22,HUNEDOARA,"ȘCOALA GIMNAZIALĂ AVRAM STANCA (ȘCOALA GENERALĂ NR.4)",145,"MUNICIPIUL PETROŞANI",86990,1,PROV,PRCNCT,CD,CD_SV,"2021-01-21 12:30:02",1051,1040,11,0,326,315,11,0,1100,774,318,8,0,120,18,41,15,8,66,8,2,7,0,24,5,1,2,0,0,0,1,0,0,0,0,0,0,0,0,0,0,0,0,0
22,HUNEDOARA,"ȘCOALA GIMNAZIALĂ AVRAM STANCA (ȘCOALA GENERALĂ NR.4)",146,"MUNICIPIUL PETROŞANI",86990,1,PROV,PRCNCT,CD,CD_SV,"2021-01-21 12:30:02",1695,1669,25,1,545,519,25,1,1800,1255,537,7,1,191,32,96,14,8,123,5,2,10,0,37,3,0,10,0,0,0,1,1,0,0,2,0,0,0,0,0,1,1,0,0
22,HUNEDOARA,"COLEGIUL NAȚIONAL ”MIHAI EMINESCU” (LICEUL TEORETIC)",147,"MUNICIPIUL PETROŞANI",86990,1,PROV,PRCNCT,CD,CD_SV,"2021-01-21 12:30:02",1764,1752,12,0,443,431,12,0,1900,1457,425,15,3,175,34,44,12,11,77,6,8,3,0,36,5,2,8,0,0,0,0,0,0,1,2,0,0,0,0,0,1,0,0,0
22,HUNEDOARA,"GRĂDINIȚA NR.3 CU PROGRAM PRELUNGIT",148,"MUNICIPIUL PETROŞANI",86990,1,PROV,PRCNCT,CD,CD_SV,"2021-01-21 12:30:02",920,904,16,0,281,265,16,0,1000,719,279,2,0,114,19,42,8,2,53,11,1,6,0,20,2,0,0,1,0,0,0,0,0,0,0,0,0,0,0,0,0,0,0,0
22,HUNEDOARA,"COLEGIUL NAȚIONAL DE INFORMATICĂ CARMEN SYLVA (LICEUL DE INFORMATICĂ)",149,"MUNICIPIUL PETROŞANI",86990,1,PROV,PRCNCT,CD,CD_SV,"2021-01-21 12:30:02",1393,1377,16,0,427,411,16,0,1500,1073,419,8,0,148,33,66,8,8,77,12,9,16,0,34,4,0,2,0,1,0,0,0,0,0,0,0,0,0,0,1,0,0,0,0
22,HUNEDOARA,"COLEGIUL ECONOMIC ”HERMES ”",150,"MUNICIPIUL PETROŞANI",86990,1,PROV,PRCNCT,CD,CD_SV,"2021-01-21 12:30:02",1535,1498,15,22,399,366,15,18,1650,1251,395,4,0,143,23,53,7,14,77,7,3,8,2,46,4,3,1,0,0,0,1,0,0,0,0,0,0,0,1,0,2,0,0,0
22,HUNEDOARA,"COLEGIUL NAȚIONAL DE INFORMATICĂ ”CARMEN SYLVA” (GRĂDINIȚA CU PROGRAM NORMAL NR.5)",151,"MUNICIPIUL PETROŞANI",86990,1,PROV,PRCNCT,CD,CD_SV,"2021-01-21 12:30:02",1484,1473,11,0,372,361,11,0,1600,1228,366,6,0,161,25,57,14,7,53,6,1,3,0,29,3,0,4,0,1,0,1,0,0,0,0,0,0,0,0,0,0,0,1,0
22,HUNEDOARA,"COLEGIUL NAȚIONAL DE INFORMATICĂ ”CARMEN SYLVA” (GRĂDINIȚA CU PROGRAM NORMAL NR.5)",152,"MUNICIPIUL PETROŞANI",86990,1,PROV,PRCNCT,CD,CD_SV,"2021-01-21 12:30:02",1459,1445,13,1,374,360,13,1,1550,1176,365,8,1,144,30,48,13,10,59,11,2,2,0,35,2,2,1,0,1,0,1,0,0,0,1,0,0,0,0,1,1,0,0,1
22,HUNEDOARA,"ȘCOALA GIMNAZIALĂ CARMEN SYLVA (ȘCOALA GENERALĂ NR.6)",153,"MUNICIPIUL PETROŞANI",86990,1,PROV,PRCNCT,CD,CD_SV,"2021-01-21 12:30:02",1677,1663,13,1,475,461,13,1,1800,1325,464,11,0,189,24,74,26,13,63,5,4,4,0,43,6,1,3,1,0,0,1,0,0,1,2,0,2,0,1,0,0,0,0,1
22,HUNEDOARA,"ȘCOALA GIMNAZIALĂ CARMEN SYLVA (ȘCOALA GENERALĂ NR.6)",154,"MUNICIPIUL PETROŞANI",86990,1,PROV,PRCNCT,CD,CD_SV,"2021-01-21 12:30:02",1619,1603,16,0,337,321,16,0,1750,1413,329,6,2,144,23,27,4,8,52,6,3,3,0,49,2,1,1,1,0,0,0,0,1,0,1,1,1,0,0,0,0,1,0,0
22,HUNEDOARA,"GRĂDINIȚA CU PROGRAM PRELUNGIT AEROPORT",155,"MUNICIPIUL PETROŞANI",86990,1,PROV,PRCNCT,CD,CD_SV,"2021-01-21 12:30:02",888,878,10,0,208,198,10,0,950,742,206,1,1,88,13,23,3,3,30,5,1,8,0,28,2,0,1,0,0,0,0,0,0,0,0,0,1,0,0,0,0,0,0,0
22,HUNEDOARA,"BIBLIOTECA MUNICIPALĂ PETROȘANI",156,"MUNICIPIUL PETROŞANI",86990,1,PROV,PRCNCT,CD,CD_SV,"2021-01-21 12:30:02",1495,1484,11,0,392,381,11,0,1600,1208,385,7,0,158,25,37,11,5,57,8,5,11,0,62,1,1,0,0,0,0,0,0,1,1,0,0,0,0,0,0,0,0,2,0
22,HUNEDOARA,"BIBLIOTECA MUNICIPALĂ PETROȘANI",157,"MUNICIPIUL PETROŞANI",86990,1,PROV,PRCNCT,CD,CD_SV,"2021-01-21 12:30:02",1735,1723,12,0,383,371,12,0,1850,1467,374,8,1,173,24,43,6,6,38,13,2,6,0,52,1,1,4,0,2,0,0,0,0,0,0,0,0,2,0,1,0,0,0,0
22,HUNEDOARA,"ȘCOALA GIMNAZIALĂ NR.7",158,"MUNICIPIUL PETROŞANI",86990,1,PROV,PRCNCT,CD,CD_SV,"2021-01-21 12:30:02",1689,1678,11,0,433,422,11,0,1800,1367,425,7,1,200,28,42,5,6,50,6,4,5,1,67,3,3,1,0,1,0,0,0,0,1,1,0,0,0,0,1,0,0,0,0
22,HUNEDOARA,"ȘCOALA GIMNAZIALĂ NR.7",159,"MUNICIPIUL PETROŞANI",86990,1,PROV,PRCNCT,CD,CD_SV,"2021-01-21 12:30:02",1804,1790,14,0,439,425,14,0,1950,1511,417,19,3,174,18,21,5,6,67,7,5,3,0,97,3,4,3,1,0,0,0,0,0,0,0,0,1,1,0,0,1,0,0,0
22,HUNEDOARA,"S.C. GENERAL TRANS S.A.",160,"MUNICIPIUL PETROŞANI",86990,2,PART,PRCNCT,CD,CD_SV,"2021-01-21 12:30:02",657,643,14,0,161,147,14,0,750,589,153,5,3,51,12,8,1,6,30,1,4,5,0,27,3,2,0,1,0,0,0,0,0,1,0,0,0,0,0,0,0,0,0,1
22,HUNEDOARA,"CASA PENSIONARILOR",161,"MUNICIPIUL PETROŞANI",86990,1,PROV,PRCNCT,CD,CD_SV,"2021-01-21 12:30:02",1480,1467,11,2,354,341,11,2,1599,1245,347,7,0,111,26,29,13,9,54,6,3,8,0,77,2,4,1,0,0,1,0,0,0,1,1,0,0,0,0,0,0,0,1,0
22,HUNEDOARA,"CASA PENSIONARILOR",162,"MUNICIPIUL PETROŞANI",86990,1,PROV,PRCNCT,CD,CD_SV,"2021-01-21 12:30:02",1047,1036,11,0,287,276,11,0,1100,813,278,7,2,100,8,11,7,2,37,9,0,0,0,98,2,1,0,0,0,0,0,0,0,2,0,0,0,0,0,1,0,0,0,0
22,HUNEDOARA,"ȘCOALA GIMNAZIALĂ NR. 2",163,"MUNICIPIUL PETROŞANI",86990,1,PROV,PRCNCT,CD,CD_SV,"2021-01-21 12:30:02",1207,1195,12,0,253,241,12,0,1300,1047,248,4,1,116,19,19,2,7,25,3,1,12,0,32,0,0,3,0,1,0,1,0,0,0,0,1,3,0,0,1,0,1,1,0
22,HUNEDOARA,"SEDIUL S.C. TERMOFICARE",164,"MUNICIPIUL PETROŞANI",86990,1,PROV,PRCNCT,CD,CD_SV,"2021-01-21 12:30:02",1114,1095,19,0,275,256,19,0,1200,925,271,3,1,89,17,22,3,4,21,5,4,15,1,78,1,1,3,1,2,1,0,0,1,1,1,0,0,0,0,0,0,0,0,0
22,HUNEDOARA,"COLEGIUL NAŢIONAL ”MIHAI EMINESCU” (ŞCOALA GIMNAZIALĂ DÂLJA MARE)",165,"MUNICIPIUL PETROŞANI",86990,2,PART,PRCNCT,CD,CD_SV,"2021-01-21 12:30:02",180,169,11,0,80,69,11,0,200,120,80,0,0,53,7,5,1,1,4,1,1,0,0,6,0,0,0,0,0,0,1,0,0,0,0,0,0,0,0,0,0,0,0,0
22,HUNEDOARA,"GRĂDINIȚA PN+PP NR. 1",166,"MUNICIPIUL VULCAN",87175,1,PROV,PRCNCT,CD,CD_SV,"2021-01-21 12:30:02",1182,1171,11,0,319,308,11,0,1250,931,318,1,0,157,33,46,4,9,36,3,0,2,0,21,2,0,1,0,0,0,3,0,0,0,0,0,0,0,0,1,0,0,0,0
22,HUNEDOARA,"ȘCOALĂ GIMNAZIALĂ NR. 4",167,"MUNICIPIUL VULCAN",87175,1,PROV,PRCNCT,CD,CD_SV,"2021-01-21 12:30:02",1025,1016,9,0,286,277,9,0,1100,814,280,5,1,136,33,28,9,9,26,3,2,1,0,26,2,1,2,0,0,0,0,0,0,0,2,0,0,0,0,0,0,0,0,0
22,HUNEDOARA,"ȘCOALA GIMNAZIALĂ NR. 4",168,"MUNICIPIUL VULCAN",87175,1,PROV,PRCNCT,CD,CD_SV,"2021-01-21 12:30:02",1088,1076,12,0,300,288,12,0,1150,850,295,4,1,168,26,28,8,6,16,5,5,2,0,26,0,0,0,0,0,0,1,0,0,0,1,0,2,0,1,0,0,0,0,0
22,HUNEDOARA,"CANTINA DE AJUTOR SOCIAL",169,"MUNICIPIUL VULCAN",87175,1,PROV,PRCNCT,CD,CD_SV,"2021-01-21 12:30:02",1367,1359,8,0,331,323,8,0,1450,1119,324,7,0,135,60,22,14,6,34,3,4,0,0,41,1,1,0,0,0,0,1,0,0,1,0,1,0,0,0,0,0,0,0,0
22,HUNEDOARA,"LICEUL TEHNOLOGIC ”MIHAI VITEAZU” VULCAN",170,"MUNICIPIUL VULCAN",87175,1,PROV,PRCNCT,CD,CD_SV,"2021-01-21 12:30:02",1068,1057,11,0,261,250,11,0,1150,889,257,4,0,120,36,36,6,6,25,1,0,3,0,22,0,0,0,0,0,0,1,0,0,0,0,0,0,0,1,0,0,0,0,0
22,HUNEDOARA,"LICEUL TEHNOLOGIC ”MIHAI VITEAZU” VULCAN",171,"MUNICIPIUL VULCAN",87175,1,PROV,PRCNCT,CD,CD_SV,"2021-01-21 12:30:02",1058,1048,10,0,303,293,10,0,1150,847,297,5,1,158,32,38,4,2,24,3,0,0,0,26,6,0,0,1,0,0,2,0,0,0,1,0,0,0,0,0,0,0,0,0
22,HUNEDOARA,"ȘCOALA GIMNAZIALĂ NR. 5",172,"MUNICIPIUL VULCAN",87175,1,PROV,PRCNCT,CD,CD_SV,"2021-01-21 12:30:02",1342,1330,10,2,362,350,10,2,1450,1088,355,7,0,171,37,45,14,11,27,5,4,3,0,30,2,3,1,1,1,0,0,0,0,0,0,0,0,0,0,0,0,0,0,0
22,HUNEDOARA,"ȘCOALA GIMNAZIALĂ NR. 5",173,"MUNICIPIUL VULCAN",87175,1,PROV,PRCNCT,CD,CD_SV,"2021-01-21 12:30:02",1461,1457,4,0,378,374,4,0,1600,1222,367,9,2,176,48,37,6,5,46,2,7,0,0,26,2,1,4,0,0,1,1,0,0,0,0,0,4,0,0,0,0,0,0,1
22,HUNEDOARA,"STADIONUL CENTRAL",174,"MUNICIPIUL VULCAN",87175,1,PROV,PRCNCT,CD,CD_SV,"2021-01-21 12:30:02",1251,1240,11,0,316,305,11,0,1350,1034,308,7,1,142,48,34,7,4,40,4,3,0,0,19,4,0,1,0,1,0,1,0,0,0,0,0,0,0,0,0,0,0,0,0
22,HUNEDOARA,"SALA DE SPORT",175,"MUNICIPIUL VULCAN",87175,1,PROV,PRCNCT,CD,CD_SV,"2021-01-21 12:30:02",1466,1457,9,0,368,359,9,0,1600,1232,358,8,2,182,33,59,4,4,23,5,1,1,1,41,4,0,0,0,0,0,0,0,0,0,0,0,0,0,0,0,0,0,0,0
22,HUNEDOARA,"ȘCOALA GIMNAZIALĂ NR. 6",176,"MUNICIPIUL VULCAN",87175,1,PROV,PRCNCT,CD,CD_SV,"2021-01-21 12:30:02",1238,1227,11,0,230,219,11,0,1350,1120,215,14,1,92,34,11,2,2,13,4,3,0,0,40,2,4,2,2,0,0,0,0,0,1,0,0,0,0,0,0,0,3,0,0
22,HUNEDOARA,"ȘCOALA GIMNAZIALĂ NR. 6",177,"MUNICIPIUL VULCAN",87175,1,PROV,PRCNCT,CD,CD_SV,"2021-01-21 12:30:02",1347,1340,7,0,259,252,7,0,1450,1191,252,6,1,125,20,22,5,10,19,2,3,1,0,38,1,2,2,0,0,0,1,0,0,0,0,0,1,0,0,0,0,0,0,0
22,HUNEDOARA,"ȘCOALA GIMNAZIALĂ NR. 6,",178,"MUNICIPIUL VULCAN",87175,1,PROV,PRCNCT,CD,CD_SV,"2021-01-21 12:30:02",1440,1430,10,0,302,292,10,0,1550,1248,287,14,1,152,32,26,3,3,17,1,1,0,0,40,2,2,5,1,0,0,0,0,0,0,1,0,0,1,0,0,0,0,0,0
22,HUNEDOARA,"GRĂDINIȚA CU PROGRAM NORMAL DIN CADRUL ȘCOLII GIMNAZIALE NR. 6",179,"MUNICIPIUL VULCAN",87175,1,PROV,PRCNCT,CD,CD_SV,"2021-01-21 12:30:02",1300,1290,10,0,255,245,10,0,1400,1145,246,6,3,90,29,22,4,8,19,0,2,0,0,64,3,1,1,0,0,0,1,0,0,1,0,0,1,0,0,0,0,0,0,0
22,HUNEDOARA,"ȘCOALA GIMNAZIALĂ TEODORA LUCACIU",180,"MUNICIPIUL VULCAN",87175,1,PROV,PRCNCT,CD,CD_SV,"2021-01-21 12:30:02",1199,1188,11,0,273,262,11,0,1300,1027,265,6,2,138,31,27,2,3,18,4,4,1,0,26,4,1,5,0,0,0,1,0,0,0,0,0,0,0,0,0,0,0,0,0
22,HUNEDOARA,"ȘCOALA GIMNAZIALĂ TEODORA LUCACIU",181,"MUNICIPIUL VULCAN",87175,1,PROV,PRCNCT,CD,CD_SV,"2021-01-21 12:30:02",941,932,6,3,253,244,6,3,1000,747,248,2,3,119,24,26,9,4,23,2,3,4,0,25,1,1,2,0,1,0,1,0,0,0,0,0,1,0,0,0,1,0,0,1
22,HUNEDOARA,"CLUBUL COPIILOR ȘI ELEVILOR",182,"MUNICIPIUL VULCAN",87175,1,PROV,PRCNCT,CD,CD_SV,"2021-01-21 12:30:02",1000,989,11,0,290,279,11,0,1050,760,283,6,1,119,36,31,4,4,44,3,2,4,0,28,4,0,2,0,0,0,1,0,0,0,0,0,0,1,0,0,0,0,0,0
22,HUNEDOARA,"ȘCOALA NR. 2",183,"MUNICIPIUL VULCAN",87175,1,PROV,PRCNCT,CD,CD_SV,"2021-01-21 12:30:02",835,827,8,0,170,162,8,0,900,730,166,4,0,87,22,8,0,7,11,0,2,0,0,21,3,1,2,0,0,0,1,0,0,0,0,0,1,0,0,0,0,0,0,0
22,HUNEDOARA,"ȘCOALA GIMNAZIALĂ NR. 3",184,"MUNICIPIUL VULCAN",87175,1,PROV,PRCNCT,CD,CD_SV,"2021-01-21 12:30:02",1383,1378,5,0,429,424,5,0,1500,1071,418,11,0,150,71,49,7,12,63,5,1,4,0,43,6,4,1,0,1,0,1,0,0,0,0,0,0,0,0,0,0,0,0,0
22,HUNEDOARA,"SCOALA GIMNAZIALA ”SF. VARVARA” ANINOASA",185,"ORAŞ ANINOASA",87219,2,PART,PRCNCT,CD,CD_SV,"2021-01-21 12:30:02",1538,1518,19,1,415,395,19,1,1650,1235,409,6,0,262,13,11,3,7,58,5,5,1,0,34,1,1,4,0,1,0,0,0,0,1,0,0,0,0,0,0,1,0,0,1
22,HUNEDOARA,"STADIONUL ”MINERUL ANINOASA”",186,"ORAŞ ANINOASA",87219,2,PART,PRCNCT,CD,CD_SV,"2021-01-21 12:30:02",881,867,10,4,261,247,10,4,950,689,253,6,2,140,6,7,3,9,39,2,1,0,0,44,0,0,1,0,0,0,0,0,0,1,0,0,0,0,0,0,0,0,0,0
22,HUNEDOARA,"SCOALA GIMNAZIALA ISCRONI",187,"ORAŞ ANINOASA",87219,2,PART,PRCNCT,CD,CD_SV,"2021-01-21 12:30:02",1338,1309,29,0,364,335,29,0,1400,1036,358,5,1,181,28,29,5,8,39,3,4,0,0,57,0,0,2,0,0,0,0,0,0,1,1,0,0,0,0,0,0,0,0,0
22,HUNEDOARA,"CONSILIUL LOCAL CĂLAN",188,"ORAŞ CĂLAN",87424,1,PROV,PRCNCT,CD,CD_SV,"2021-01-21 12:30:02",1061,1037,15,9,322,298,15,9,1100,778,308,11,3,102,18,32,2,9,91,3,2,15,0,23,0,0,2,2,0,0,5,0,0,0,0,1,0,0,0,0,0,0,1,0
22,HUNEDOARA,"ŞCOALA GIMNAZIALĂ",189,"ORAŞ CĂLAN",87424,1,PROV,PRCNCT,CD,CD_SV,"2021-01-21 12:30:02",1121,1105,16,0,269,253,16,0,1200,931,254,12,3,82,14,18,4,8,76,1,3,4,3,32,0,0,1,1,0,0,0,0,0,1,3,0,0,0,0,0,1,0,1,1
22,HUNEDOARA,"ŞCOALA GIMNAZIALĂ",190,"ORAŞ CĂLAN",87424,1,PROV,PRCNCT,CD,CD_SV,"2021-01-21 12:30:02",1477,1442,24,11,338,303,24,11,1550,1212,330,5,3,89,15,29,9,13,98,2,1,9,0,53,1,3,3,0,1,0,1,0,0,1,0,0,2,0,0,0,0,0,0,0
22,HUNEDOARA,"LICEU TEHNOLOGIC OVID DENSUŞIANU",191,"ORAŞ CĂLAN",87424,1,PROV,PRCNCT,CD,CD_SV,"2021-01-21 12:30:02",1514,1496,14,4,370,352,14,4,1600,1230,360,8,2,124,22,37,4,15,81,6,2,9,0,52,1,2,1,1,0,0,1,0,0,0,0,0,2,0,0,0,0,0,0,0
22,HUNEDOARA,"CENTRUL DE SĂNĂTATE MULTIFUNCŢIONAL",192,"ORAŞ CĂLAN",87424,1,PROV,PRCNCT,CD,CD_SV,"2021-01-21 12:30:02",1461,1447,11,3,424,410,11,3,1550,1126,420,4,0,127,22,55,7,13,116,3,3,12,1,46,5,3,1,2,0,0,1,0,0,0,1,0,0,1,0,1,0,0,0,0
22,HUNEDOARA,"CASA CĂSĂTORIILOR",193,"ORAŞ CĂLAN",87424,1,PROV,PRCNCT,CD,CD_SV,"2021-01-21 12:30:02",1382,1371,11,0,337,326,11,0,1500,1163,328,8,1,121,19,38,6,12,89,1,5,6,0,25,3,0,1,1,0,0,1,0,0,0,0,0,0,0,0,0,0,0,0,0
22,HUNEDOARA,"CĂMINUL CULTURAL",194,"ORAŞ CĂLAN",87424,1,PROV,PRCNCT,CD,CD_SV,"2021-01-21 12:30:02",277,257,20,0,121,101,20,0,300,179,120,1,0,21,1,8,1,1,62,1,1,7,0,11,1,1,3,0,0,0,1,0,0,0,0,0,0,0,0,0,0,0,0,0
22,HUNEDOARA,"CĂMINUL CULTURAL",195,"ORAŞ CĂLAN",87424,1,PROV,PRCNCT,CD,CD_SV,"2021-01-21 12:30:02",231,222,9,0,95,86,9,0,250,155,95,0,0,32,6,6,1,4,38,1,1,0,0,3,1,1,0,0,0,0,1,0,0,0,0,0,0,0,0,0,0,0,0,0
22,HUNEDOARA,"CĂMINUL CULTURAL",196,"ORAŞ CĂLAN",87424,1,PROV,PRCNCT,CD,CD_SV,"2021-01-21 12:30:02",324,312,12,0,100,88,12,0,350,250,96,4,0,25,10,10,1,2,26,1,2,1,0,15,0,0,1,0,0,0,1,0,0,1,0,0,0,0,0,0,0,0,0,0
22,HUNEDOARA,"CĂMINUL CULTURAL",197,"ORAŞ CĂLAN",87424,1,PROV,PRCNCT,CD,CD_SV,"2021-01-21 12:30:02",173,158,12,3,71,56,12,3,200,129,67,4,0,13,6,3,1,7,21,0,0,1,0,12,0,1,0,0,0,0,1,0,0,0,0,0,0,0,0,0,0,0,0,1
22,HUNEDOARA,"CĂMINUL CULTURAL",198,"ORAŞ CĂLAN",87424,1,PROV,PRCNCT,CD,CD_SV,"2021-01-21 12:30:02",263,248,15,0,100,85,15,0,300,200,100,0,0,33,3,4,1,2,27,2,1,1,0,22,0,0,1,0,0,0,1,0,0,0,1,1,0,0,0,0,0,0,0,0
22,HUNEDOARA,"ŞCOALA PRIMARĂ",199,"ORAŞ CĂLAN",87424,1,PROV,PRCNCT,CD,CD_SV,"2021-01-21 12:30:02",499,488,11,0,111,100,11,0,500,389,107,4,0,29,9,14,2,1,25,2,0,2,1,13,1,2,2,0,1,0,1,0,0,0,0,0,1,0,0,0,0,0,1,0
22,HUNEDOARA,"ŞCOALA PRIMARĂ",200,"ORAŞ CĂLAN",87424,1,PROV,PRCNCT,CD,CD_SV,"2021-01-21 12:30:02",220,202,18,0,109,91,18,0,250,141,106,1,2,29,11,1,2,4,49,3,1,0,0,4,0,0,0,0,0,1,1,0,0,0,0,0,0,0,0,0,0,0,0,0
22,HUNEDOARA,"ŞCOALA PRIMARĂ SÎNCRAI",201,"ORAŞ CĂLAN",87424,1,PROV,PRCNCT,CD,CD_SV,"2021-01-21 12:30:02",262,254,8,0,69,61,8,0,300,231,67,2,0,28,7,3,1,2,18,2,0,1,0,3,0,1,0,0,0,0,1,0,0,0,0,0,0,0,0,0,0,0,0,0
22,HUNEDOARA,"CĂMINUL CULTURAL SÂNTĂMĂRIA DE PIATRĂ",202,"ORAŞ CĂLAN",87424,1,PROV,PRCNCT,CD,CD_SV,"2021-01-21 12:30:02",133,118,15,0,52,37,15,0,150,98,51,1,0,15,8,4,1,4,16,0,0,1,0,1,0,0,0,0,0,0,1,0,0,0,0,0,0,0,0,0,0,0,0,0
22,HUNEDOARA,"CĂMINUL CULTURAL STREISÎNGEORGIU",203,"ORAŞ CĂLAN",87424,1,PROV,PRCNCT,CD,CD_SV,"2021-01-21 12:30:02",642,624,12,6,232,214,12,6,650,418,229,3,0,59,9,27,16,5,79,2,0,1,0,28,0,0,0,0,0,0,3,0,0,0,0,0,0,0,0,0,0,0,0,0
22,HUNEDOARA,"SEDIUL PRIMARIEI GEOAGIU",204,"ORAŞ GEOAGIU",89561,1,PROV,PRCNCT,CD,CD_SV,"2021-01-21 12:30:02",1279,1215,43,21,467,422,24,21,1300,833,454,9,4,196,12,51,3,10,121,3,4,0,0,37,6,4,1,1,0,0,0,0,1,0,1,0,0,0,0,0,0,0,3,0
22,HUNEDOARA,"GRĂDINIŢA CU PROGRAM NORMAL NR.1 GEOAGIU,",205,"ORAŞ GEOAGIU",89561,1,PROV,PRCNCT,CD,CD_SV,"2021-01-21 12:30:02",1237,1208,25,4,471,442,25,4,1300,829,463,4,4,290,3,28,2,5,90,0,2,0,1,29,4,0,4,0,0,0,2,0,0,1,1,0,0,0,0,0,0,0,1,0
22,HUNEDOARA,"CĂMINUL CULTURAL AUREL VLAICU",206,"ORAŞ GEOAGIU",89561,1,PROV,PRCNCT,CD,CD_SV,"2021-01-21 12:30:02",806,768,38,0,301,263,38,0,800,499,296,1,4,78,10,33,2,4,111,0,0,1,0,47,1,0,4,0,0,0,1,0,0,1,1,0,0,0,0,1,0,1,0,0
22,HUNEDOARA,"CĂMINUL CULTURAL BOZES",207,"ORAŞ GEOAGIU",89561,1,PROV,PRCNCT,CD,CD_SV,"2021-01-21 12:30:02",201,178,23,0,104,81,23,0,200,96,100,3,1,36,6,13,0,3,28,0,0,1,1,9,1,1,0,0,0,0,0,0,0,0,0,0,0,0,0,0,1,0,0,0
22,HUNEDOARA,"ŞCOALA PRIMARĂ CIGMAU",208,"ORAŞ GEOAGIU",89561,1,PROV,PRCNCT,CD,CD_SV,"2021-01-21 12:30:02",93,79,14,0,32,18,14,0,100,68,32,0,0,20,1,4,0,1,6,0,0,0,0,0,0,0,0,0,0,0,0,0,0,0,0,0,0,0,0,0,0,0,0,0
22,HUNEDOARA,"SCOALA PRIMARA GEOAGIU BAI",209,"ORAŞ GEOAGIU",89561,1,PROV,PRCNCT,CD,CD_SV,"2021-01-21 12:30:02",386,350,35,1,182,146,35,1,350,168,178,4,0,67,3,27,2,7,44,2,0,0,0,21,3,0,0,1,0,0,1,0,0,0,0,0,0,0,0,0,0,0,0,0
22,HUNEDOARA,"ŞCOALA PRIMARĂ GELMAR",210,"ORAŞ GEOAGIU",89561,1,PROV,PRCNCT,CD,CD_SV,"2021-01-21 12:30:02",394,379,15,0,144,129,15,0,400,256,144,0,0,58,9,17,0,3,33,0,1,0,0,16,3,0,1,1,0,0,0,0,0,1,1,0,0,0,0,0,0,0,0,0
22,HUNEDOARA,"CĂMINUL CULTURAL HOMOROD",211,"ORAŞ GEOAGIU",89561,1,PROV,PRCNCT,CD,CD_SV,"2021-01-21 12:30:02",282,276,6,0,100,94,6,0,300,200,99,0,1,54,5,8,0,1,13,0,0,0,0,16,0,0,1,0,0,0,1,0,0,0,0,0,0,0,0,0,0,0,0,0
22,HUNEDOARA,"CĂMINUL CULTURAL RENGHET",212,"ORAŞ GEOAGIU",89561,1,PROV,PRCNCT,CD,CD_SV,"2021-01-21 12:30:02",184,168,16,0,74,58,16,0,200,126,70,2,2,28,3,4,1,4,25,1,0,0,0,2,0,0,0,0,0,0,0,0,1,0,0,0,0,0,0,1,0,0,0,0
22,HUNEDOARA,"ŞCOALA PRIMARĂ VĂLENI",213,"ORAŞ GEOAGIU",89561,1,PROV,PRCNCT,CD,CD_SV,"2021-01-21 12:30:02",52,40,12,0,17,5,12,0,70,53,17,0,0,9,1,2,0,0,4,0,0,0,0,0,0,1,0,0,0,0,0,0,0,0,0,0,0,0,0,0,0,0,0,0
22,HUNEDOARA,"PRIMĂRIA ORAŞULUI HAŢEG",214,"ORAŞ HAŢEG",87576,1,PROV,PRCNCT,CD,CD_SV,"2021-01-21 12:30:02",1543,1519,23,1,495,471,23,1,1650,1155,482,8,5,150,30,35,4,38,143,0,3,6,0,54,3,2,4,2,0,0,4,1,0,1,0,0,0,0,0,0,1,0,1,0
22,HUNEDOARA,"ȘCOALA GIMNAZIALĂ ”OVID DENSUȘIANU”, HAȚEG",215,"ORAŞ HAŢEG",87576,1,PROV,PRCNCT,CD,CD_SV,"2021-01-21 12:30:02",1580,1555,25,0,466,441,25,0,1700,1234,458,8,0,127,39,43,8,29,145,2,2,6,2,35,5,0,6,0,1,0,4,0,0,1,1,0,0,0,0,0,1,0,1,0
22,HUNEDOARA,"ȘCOALA GIMNAZIALĂ ”ARON DENSUȘIANU”, HAȚEG",216,"ORAŞ HAŢEG",87576,2,PART,PRCNCT,CD,CD_SV,"2021-01-21 12:30:02",1621,1596,24,1,495,470,24,1,1750,1255,490,5,0,142,36,74,5,25,130,0,5,5,0,62,1,0,2,1,0,0,2,0,0,0,0,0,0,0,0,0,0,0,0,0
22,HUNEDOARA,"COLEGIUL NAŢIONAL ”I.C.BRĂTIANU” HAŢEG",217,"ORAŞ HAŢEG",87576,1,PROV,PRCNCT,CD,CD_SV,"2021-01-21 12:30:02",1568,1526,35,7,534,498,30,6,1650,1116,526,8,0,152,45,60,7,48,149,4,2,2,0,49,4,0,0,1,0,0,0,0,0,1,1,0,0,0,0,0,1,0,0,0
22,HUNEDOARA,"CANTINA SOCIALĂ HAŢEG",218,"ORAŞ HAŢEG",87576,1,PROV,PRCNCT,CD,CD_SV,"2021-01-21 12:30:02",1721,1684,29,8,595,558,29,8,1850,1255,578,17,0,167,28,65,4,59,181,3,4,5,1,32,13,2,7,0,1,0,5,0,0,0,0,1,0,0,0,0,0,0,0,0
22,HUNEDOARA,"ŞCOALA PRIMARĂ NĂLAŢVAD",219,"ORAŞ HAŢEG",87576,1,PROV,PRCNCT,CD,CD_SV,"2021-01-21 12:30:02",328,310,16,2,163,145,16,2,350,187,161,2,0,43,8,7,2,23,43,1,1,11,0,16,1,1,2,1,0,0,0,0,0,0,0,0,0,0,0,1,0,0,0,0
22,HUNEDOARA,"SCOALA PRIMARĂ SIVAŞU DE JOS",220,"ORAŞ HAŢEG",87576,1,PROV,PRCNCT,CD,CD_SV,"2021-01-21 12:30:02",332,310,22,0,171,149,22,0,350,179,170,1,0,52,10,13,3,9,68,1,1,0,0,9,1,0,2,0,0,0,0,1,0,0,0,0,0,0,0,0,0,0,0,0
22,HUNEDOARA,"ȘCOALA PRIMARĂ SILVAȘU DE SUS",221,"ORAŞ HAŢEG",87576,1,PROV,PRCNCT,CD,CD_SV,"2021-01-21 12:30:02",286,269,17,0,133,116,17,0,300,167,129,4,0,38,9,12,1,11,34,4,0,0,0,18,1,1,0,0,0,0,0,0,0,0,0,0,0,0,0,0,0,0,0,0
22,HUNEDOARA,"CASA DE CULTURĂ „LADISLAU SCHMIDT”",222,"ORAŞ PETRILA",87077,1,PROV,PRCNCT,CD,CD_SV,"2021-01-21 12:30:02",1473,1449,24,0,459,435,24,0,1550,1091,447,9,3,267,12,28,13,6,41,5,1,4,1,56,2,0,5,1,0,1,0,1,0,0,1,1,1,0,0,0,0,0,0,0
22,HUNEDOARA,"ȘCOALA GIMNAZIALĂ „ION DESIDERIU SÎRBU” PETRILA (GRĂDINIȚA CU PROGRAM NORMAL „I.D.SÎRBU”)",223,"ORAŞ PETRILA",87077,1,PROV,PRCNCT,CD,CD_SV,"2021-01-21 12:30:02",1412,1404,8,0,411,403,8,0,1500,1089,402,6,3,241,9,34,5,3,38,11,1,11,0,41,2,1,3,0,0,0,1,0,0,0,1,0,0,0,0,0,0,0,0,0
22,HUNEDOARA,"ȘCOALA GIMNAZIALĂ „ION DESIDERIU SÎRBU” PETRILA (GRĂDINIȚA CU PROGRAM NORMAL „I.D.SÎRBU”)",224,"ORAŞ PETRILA",87077,2,PART,PRCNCT,CD,CD_SV,"2021-01-21 12:30:02",1374,1363,10,1,393,382,10,1,1500,1107,385,6,2,216,8,20,10,9,47,6,2,7,0,48,6,1,2,0,1,0,1,0,0,0,0,0,1,0,0,0,0,0,0,0
22,HUNEDOARA,"ȘCOALA GIMNAZIALĂ „ION DESIDERIU SÎRBU” PETRILA",225,"ORAŞ PETRILA",87077,1,PROV,PRCNCT,CD,CD_SV,"2021-01-21 12:30:02",1245,1233,12,0,348,336,12,0,1350,1002,339,8,1,204,8,38,7,5,40,2,3,2,0,22,5,1,0,0,0,0,1,0,0,0,0,0,1,0,0,0,0,0,0,0
22,HUNEDOARA,"CLUBUL COPIILOR PETRILA",226,"ORAŞ PETRILA",87077,1,PROV,PRCNCT,CD,CD_SV,"2021-01-21 12:30:02",1382,1370,12,0,412,400,12,0,1500,1088,402,10,0,274,12,34,5,2,34,2,2,1,1,29,2,0,2,0,0,0,0,0,0,0,1,0,0,0,0,0,0,0,0,1
22,HUNEDOARA,"ȘCOALA GIMNAZIALĂ NR. 6 PETRILA",227,"ORAŞ PETRILA",87077,1,PROV,PRCNCT,CD,CD_SV,"2021-01-21 12:30:02",1266,1257,9,0,419,410,9,0,1350,931,410,3,6,269,11,39,2,9,30,3,0,1,0,37,3,0,2,1,0,0,0,1,0,0,0,0,0,1,0,1,0,0,0,0
22,HUNEDOARA,"ȘCOALA GIMNAZIALĂ NR. 6 PETRILA",228,"ORAŞ PETRILA",87077,1,PROV,PRCNCT,CD,CD_SV,"2021-01-21 12:30:02",944,938,6,0,262,256,6,0,1000,738,256,6,0,154,9,24,2,5,16,0,1,5,0,32,3,1,1,1,0,0,0,0,1,0,1,0,0,0,0,0,0,0,0,0
22,HUNEDOARA,"ȘCOALA GIMNAZIALĂ NR. 5 PETRILA",229,"ORAŞ PETRILA",87077,1,PROV,PRCNCT,CD,CD_SV,"2021-01-21 12:30:02",1406,1393,13,0,345,332,13,0,1500,1155,342,3,0,226,4,21,7,1,29,3,4,1,0,40,1,1,1,0,1,0,0,0,0,0,2,0,0,0,0,0,0,0,0,0
22,HUNEDOARA,"ȘCOALA GIMNAZIALĂ NR. 5 PETRILA",230,"ORAŞ PETRILA",87077,1,PROV,PRCNCT,CD,CD_SV,"2021-01-21 12:30:02",1356,1345,11,0,347,336,11,0,1450,1103,341,6,0,221,17,24,8,1,25,4,2,0,1,29,1,0,2,2,0,1,0,0,0,0,0,0,2,0,0,0,0,1,0,0
22,HUNEDOARA,"GRĂDINIȚA CU PROGRAM NORMAL NR. 2 PETRILA",231,"ORAŞ PETRILA",87077,1,PROV,PRCNCT,CD,CD_SV,"2021-01-21 12:30:02",1314,1301,13,0,332,319,13,0,1400,1068,322,9,1,187,20,15,4,5,22,1,4,2,0,53,2,2,1,0,0,0,0,0,1,0,0,0,2,0,0,0,0,0,1,0
22,HUNEDOARA,"COLEGIUL TEHNIC „CONSTANTIN BRÂNCUȘI” PETRILA",232,"ORAŞ PETRILA",87077,1,PROV,PRCNCT,CD,CD_SV,"2021-01-21 12:30:02",976,964,12,0,345,333,12,0,1050,705,337,5,3,227,17,11,6,2,35,1,2,5,0,26,1,1,0,0,0,1,0,0,0,1,0,0,0,0,0,1,0,0,0,0
22,HUNEDOARA,"CASA PENSIONARILOR LONEA",233,"ORAŞ PETRILA",87077,1,PROV,PRCNCT,CD,CD_SV,"2021-01-21 12:30:02",1195,1186,9,0,413,404,9,0,1300,887,398,11,4,267,10,13,5,3,36,3,4,4,1,43,5,1,2,0,0,0,0,0,0,1,0,0,0,0,0,0,0,0,0,0
22,HUNEDOARA,"COLEGIUL TEHNIC „CONSTANTIN BRÂNCUȘI” PETRILA (FOSTA ȘCOALĂ GIMNAZIALĂ „ANA COLDA”)",234,"ORAŞ PETRILA",87077,1,PROV,PRCNCT,CD,CD_SV,"2021-01-21 12:30:02",1438,1425,12,1,480,467,12,1,1550,1070,470,10,0,340,3,21,9,3,28,1,4,9,0,45,0,0,3,1,1,0,0,0,0,0,0,0,0,2,0,0,0,0,0,0
22,HUNEDOARA,"ȘCOALA PRIMARĂ NR. 3 PETRILA",235,"ORAŞ PETRILA",87077,1,PROV,PRCNCT,CD,CD_SV,"2021-01-21 12:30:02",1401,1388,11,2,593,580,11,2,1500,907,581,10,2,473,9,9,2,3,30,3,4,8,0,28,1,1,3,0,1,0,0,0,0,1,2,0,0,0,1,1,0,0,1,0
22,HUNEDOARA,"COLEGIUL TEHNIC „CONSTANTIN BRÂNCUȘI” PETRILA (FOSTA GRĂDINIȚĂ CU PROGRAM NORMAL „ANA COLDA”)",236,"ORAŞ PETRILA",87077,1,PROV,PRCNCT,CD,CD_SV,"2021-01-21 12:30:02",1236,1212,12,12,462,441,12,9,1300,838,456,5,1,315,10,22,5,3,50,5,9,0,0,29,2,0,1,0,1,0,0,0,0,1,1,0,1,0,0,0,0,0,1,0
22,HUNEDOARA,"ȘCOALA PRIMARĂ NR. 4 PETRILA",237,"ORAŞ PETRILA",87077,2,PART,PRCNCT,CD,CD_SV,"2021-01-21 12:30:02",587,569,16,2,255,237,16,2,650,395,252,3,0,202,6,3,1,0,14,1,1,0,0,23,0,0,1,0,0,0,0,0,0,0,0,0,0,0,0,0,0,0,0,0
22,HUNEDOARA,"SCOALA GIMNAZIALA ”SIGISMUND TODUTA ” SIMERIA",238,"ORAŞ SIMERIA",87665,1,PROV,PRCNCT,CD,CD_SV,"2021-01-21 12:30:02",1540,1511,29,0,500,471,29,0,1650,1150,485,13,2,167,64,72,10,11,103,1,3,2,1,39,3,2,1,1,1,1,1,0,0,0,0,0,1,0,0,1,0,0,0,0
22,HUNEDOARA,"SCOALA GIMNAZIALA ”SIGISMUND TODUTA ” SIMERIA",239,"ORAŞ SIMERIA",87665,1,PROV,PRCNCT,CD,CD_SV,"2021-01-21 12:30:02",1489,1467,19,3,505,483,19,3,1600,1095,498,5,2,179,73,82,9,12,89,3,2,11,2,24,7,1,1,0,0,0,2,0,0,0,0,0,1,0,0,0,0,0,0,0
22,HUNEDOARA,"GRADINITA CU PROGRAM NORMAL NR.1 SIMERIA",240,"ORAŞ SIMERIA",87665,1,PROV,PRCNCT,CD,CD_SV,"2021-01-21 12:30:02",1535,1514,21,0,474,453,21,0,1650,1176,460,14,0,159,70,51,4,13,75,3,3,6,0,62,6,0,0,0,3,1,0,0,0,1,1,0,1,0,0,0,1,0,0,0
22,HUNEDOARA,"GRADINITA P.P.1",241,"ORAŞ SIMERIA",87665,1,PROV,PRCNCT,CD,CD_SV,"2021-01-21 12:30:02",1481,1460,21,0,490,469,21,0,1600,1110,475,15,0,148,52,61,10,14,122,5,4,5,0,40,10,1,2,0,0,0,0,0,1,0,0,0,0,0,0,0,0,0,0,0
22,HUNEDOARA,"OCOLUL SILVIC SIMERIA",242,"ORAŞ SIMERIA",87665,1,PROV,PRCNCT,CD,CD_SV,"2021-01-21 12:30:02",1391,1378,13,0,430,417,13,0,1500,1070,416,13,1,133,58,68,5,5,77,9,2,5,0,40,7,1,3,0,0,0,2,0,0,1,0,0,0,0,0,0,0,0,0,0
22,HUNEDOARA,"COLEGIUL TEHNIC DE TRANSPORT FEROVIAR ”ANGHEL SALIGNY” SIMERIA",243,"ORAŞ SIMERIA",87665,1,PROV,PRCNCT,CD,CD_SV,"2021-01-21 12:30:02",1253,1238,15,0,342,327,15,0,1350,1008,338,4,0,91,55,57,2,11,64,1,2,5,2,32,10,0,4,0,0,0,0,0,0,0,0,0,0,0,1,0,0,0,0,1
22,HUNEDOARA,"STATIA CFR SIMERIA",244,"ORAŞ SIMERIA",87665,1,PROV,PRCNCT,CD,CD_SV,"2021-01-21 12:30:02",1045,1012,33,0,340,307,33,0,1100,760,333,6,1,87,40,34,8,13,64,4,1,10,0,53,7,2,6,0,0,0,1,0,0,0,1,0,1,0,1,0,0,0,0,0
22,HUNEDOARA,"SCOALA GENERALA SIMERIA VECHE",245,"ORAŞ SIMERIA",87665,1,PROV,PRCNCT,CD,CD_SV,"2021-01-21 12:30:02",360,338,22,0,137,115,22,0,350,213,135,2,0,44,14,11,3,2,28,4,1,0,0,21,1,1,3,0,0,0,0,0,0,2,0,0,0,0,0,0,0,0,0,0
22,HUNEDOARA,"CASA SATULUI UROI",246,"ORAŞ SIMERIA",87665,2,PART,PRCNCT,CD,CD_SV,"2021-01-21 12:30:02",556,535,19,2,199,178,19,2,550,351,198,1,0,48,25,23,2,6,41,3,2,4,2,33,1,2,1,0,0,0,5,0,0,0,0,0,0,0,0,0,0,0,0,0
22,HUNEDOARA,"SCOALA GENERALA SÎNTANDREI",247,"ORAŞ SIMERIA",87665,1,PROV,PRCNCT,CD,CD_SV,"2021-01-21 12:30:02",979,931,48,0,320,272,48,0,1000,680,313,5,2,128,17,32,2,4,70,5,2,3,0,42,1,1,4,0,0,0,1,0,0,0,0,0,0,0,0,0,0,0,1,0
22,HUNEDOARA,"CENTRUL NAŢIONAL DE INFORMARE ŞI PROMOVARE TURISTICĂ",248,"ORAŞ URICANI",87139,1,PROV,PRCNCT,CD,CD_SV,"2021-01-21 12:30:02",1903,1886,15,2,575,558,15,2,2050,1475,567,7,1,328,13,68,3,5,64,5,2,1,0,67,7,0,2,0,0,0,1,0,0,0,0,0,0,0,0,0,0,1,0,0
22,HUNEDOARA,"ȘCOALA GIMNAZIALĂ NR. 2 URICANI",249,"ORAŞ URICANI",87139,1,PROV,PRCNCT,CD,CD_SV,"2021-01-21 12:30:02",1905,1888,16,1,457,440,16,1,2050,1593,439,16,2,254,12,47,2,5,37,7,1,2,0,63,2,2,1,2,0,0,1,0,0,0,0,0,1,0,0,0,0,0,0,0
22,HUNEDOARA,"LICEUL TEHNOLOGIC ”RETEZAT” URICANI",250,"ORAŞ URICANI",87139,1,PROV,PRCNCT,CD,CD_SV,"2021-01-21 12:30:02",1797,1785,12,0,432,420,12,0,1950,1518,428,2,2,264,9,35,3,7,60,2,3,1,0,34,3,2,2,0,0,0,0,0,0,0,0,0,1,1,0,0,0,0,1,0
22,HUNEDOARA,"CASA DE CULTURĂ URICANI",251,"ORAŞ URICANI",87139,1,PROV,PRCNCT,CD,CD_SV,"2021-01-21 12:30:02",1709,1693,12,4,409,393,12,4,1850,1441,403,5,1,276,8,21,4,2,51,5,3,0,2,28,1,0,1,0,0,0,0,0,0,0,0,0,0,0,0,1,0,0,0,0
22,HUNEDOARA,"ŞCOALA PRIMARĂ CÂMPU LUI NEAG",252,"ORAŞ URICANI",87139,1,PROV,PRCNCT,CD,CD_SV,"2021-01-21 12:30:02",448,413,27,8,163,128,27,8,450,287,157,6,0,71,3,11,1,4,42,3,0,0,0,16,0,0,3,1,0,0,1,0,0,0,0,0,0,0,0,0,0,0,1,0
22,HUNEDOARA,"ŞCOALA GIMNAZIALĂ ”AVRAM IANCU” BAIA DE CRIŞ",253,"BAIA DE CRIŞ",87745,1,PROV,PRCNCT,CD,CD_SV,"2021-01-21 12:30:02",631,600,31,0,225,194,31,0,660,435,221,1,3,93,10,29,2,9,43,3,1,3,0,21,1,1,2,0,0,0,1,0,0,1,0,0,0,0,0,0,0,0,1,0
22,HUNEDOARA,"SCOALA PRIMARA LUNCA",254,"BAIA DE CRIŞ",87745,1,PROV,PRCNCT,CD,CD_SV,"2021-01-21 12:30:02",249,236,13,0,83,70,13,0,270,187,82,1,0,25,6,13,4,2,16,10,1,0,0,4,0,0,0,0,0,0,1,0,0,0,0,0,0,0,0,0,0,0,0,0
22,HUNEDOARA,"SCOALA PRIMARA CARASTAU",255,"BAIA DE CRIŞ",87745,1,PROV,PRCNCT,CD,CD_SV,"2021-01-21 12:30:02",175,158,17,0,70,53,17,0,181,111,68,1,1,38,2,5,4,1,15,1,1,0,0,0,0,0,0,0,0,0,1,0,0,0,0,0,0,0,0,0,0,0,0,0
22,HUNEDOARA,"CAMIN CULTURAL RISCA",256,"BAIA DE CRIŞ",87745,1,PROV,PRCNCT,CD,CD_SV,"2021-01-21 12:30:02",195,179,16,0,84,68,16,0,211,127,82,1,1,29,5,6,4,10,13,1,0,0,0,12,1,0,0,0,0,0,1,0,0,0,0,0,0,0,0,0,0,0,0,0
22,HUNEDOARA,"SCOALA PRIMARA RISCULITA",257,"BAIA DE CRIŞ",87745,2,PART,PRCNCT,CD,CD_SV,"2021-01-21 12:30:02",420,395,20,5,159,134,20,5,450,291,158,1,0,88,4,13,5,5,17,4,2,0,0,16,1,0,1,0,0,0,1,0,0,0,0,0,1,0,0,0,0,0,0,0
22,HUNEDOARA,"SCOALA PRIMARA TEBEA",258,"BAIA DE CRIŞ",87745,1,PROV,PRCNCT,CD,CD_SV,"2021-01-21 12:30:02",588,561,24,3,223,196,24,3,630,407,218,2,3,86,4,10,6,8,59,0,0,3,1,25,5,2,5,0,1,0,1,0,0,0,1,0,0,0,0,0,0,0,1,0
22,HUNEDOARA,"BALŞA, SEDIUL PRIMĂRIEI COMUNEI",259,BALŞA,87843,1,PROV,PRCNCT,CD,CD_SV,"2021-01-21 12:30:02",260,227,24,9,106,73,24,9,270,164,103,1,2,21,2,6,1,4,57,0,0,0,0,7,2,1,1,0,0,0,1,0,0,0,0,0,0,0,0,0,0,0,0,0
22,HUNEDOARA,"ARDEU, CĂMINUL CULTURAL",260,BALŞA,87843,1,PROV,PRCNCT,CD,CD_SV,"2021-01-21 12:30:02",65,48,17,0,53,36,17,0,80,27,51,1,1,17,2,7,0,1,15,0,0,0,0,6,1,0,2,0,0,0,0,0,0,0,0,0,0,0,0,0,0,0,0,0
22,HUNEDOARA,"MADA, CĂMINUL CULTURAL",261,BALŞA,87843,1,PROV,PRCNCT,CD,CD_SV,"2021-01-21 12:30:02",113,93,20,0,51,31,20,0,120,69,51,0,0,16,4,1,1,1,19,0,0,0,0,8,0,0,0,0,0,0,1,0,0,0,0,0,0,0,0,0,0,0,0,0
22,HUNEDOARA,"VOIA, CĂMINUL CULTURAL",262,BALŞA,87843,1,PROV,PRCNCT,CD,CD_SV,"2021-01-21 12:30:02",95,64,25,6,56,25,25,6,100,44,55,1,0,15,4,2,0,2,26,0,1,2,0,1,0,0,0,0,0,0,1,0,0,1,0,0,0,0,0,0,0,0,0,0
22,HUNEDOARA,"VĂLIŞOARA, ŞCOALA GENERALĂ",263,BALŞA,87843,2,PART,PRCNCT,CD,CD_SV,"2021-01-21 12:30:02",69,48,20,1,32,11,20,1,60,28,32,0,0,6,1,2,0,2,14,1,0,0,0,5,0,0,0,0,0,0,1,0,0,0,0,0,0,0,0,0,0,0,0,0
22,HUNEDOARA,"ALMAŞU MIC DE MUNTE, ŞCOALA GENERALĂ",264,BALŞA,87843,1,PROV,PRCNCT,CD,CD_SV,"2021-01-21 12:30:02",81,60,17,4,40,19,17,4,100,60,40,0,0,12,2,2,0,4,11,0,0,0,0,6,1,0,1,0,0,0,1,0,0,0,0,0,0,0,0,0,0,0,0,0
22,HUNEDOARA,"POIANA, CĂMINUL CULTURAL",265,BALŞA,87843,1,PROV,PRCNCT,CD,CD_SV,"2021-01-21 12:30:02",107,78,21,8,61,32,21,8,100,39,61,0,0,22,1,1,2,3,28,1,1,0,0,1,0,0,0,0,0,0,1,0,0,0,0,0,0,0,0,0,0,0,0,0
22,HUNEDOARA,"POIENIŢA, CĂMINUL CULTURAL",266,BALŞA,87843,2,PART,PRCNCT,CD,CD_SV,"2021-01-21 12:30:02",82,63,19,0,40,21,19,0,100,60,39,1,0,10,2,1,0,4,19,0,0,0,0,2,0,0,0,0,0,0,1,0,0,0,0,0,0,0,0,0,0,0,0,0
22,HUNEDOARA,"SCOALA PRIMARĂ BARU",267,BARU,87996,1,PROV,PRCNCT,CD,CD_SV,"2021-01-21 12:30:02",1721,1594,77,50,840,716,77,47,1770,930,812,21,7,187,39,57,10,18,393,6,7,20,0,60,3,1,2,1,1,0,3,0,0,1,1,0,0,0,0,0,1,0,1,0
22,HUNEDOARA,"SCOALA PRIMARĂ LIVADIA",268,BARU,87996,1,PROV,PRCNCT,CD,CD_SV,"2021-01-21 12:30:02",587,522,50,15,304,240,50,14,600,296,297,6,1,68,9,10,7,6,131,4,2,0,0,47,0,7,1,0,0,0,2,1,0,0,1,0,0,0,0,1,0,0,0,0
22,HUNEDOARA,"SCOALA PRIMARĂ VALEA LUPULUI",269,BARU,87996,1,PROV,PRCNCT,CD,CD_SV,"2021-01-21 12:30:02",193,156,33,4,118,81,33,4,200,82,115,3,0,25,4,5,2,1,63,3,0,1,0,7,1,0,1,0,0,0,1,0,0,0,0,0,0,0,0,0,0,1,0,0
22,HUNEDOARA,"CĂMINUL CULTURAL BĂCIA",270,BĂCIA,88047,1,PROV,PRCNCT,CD,CD_SV,"2021-01-21 12:30:02",893,820,73,0,414,341,73,0,930,516,407,7,0,171,73,36,34,5,51,5,0,2,0,18,2,2,4,0,1,0,0,0,0,0,0,1,1,0,0,1,0,0,0,0
22,HUNEDOARA,"ŞCOALA PRIMARĂ TOTIA",271,BĂCIA,88047,2,PART,PRCNCT,CD,CD_SV,"2021-01-21 12:30:02",110,83,27,0,55,28,27,0,121,66,51,4,0,15,5,4,2,1,13,2,0,0,0,6,1,1,0,0,0,0,1,0,0,0,0,0,0,0,0,0,0,0,0,0
22,HUNEDOARA,"ŞCOALA PRIMARĂ TÂMPA",272,BĂCIA,88047,1,PROV,PRCNCT,CD,CD_SV,"2021-01-21 12:30:02",685,661,24,0,318,294,24,0,750,432,310,7,1,165,29,21,3,2,36,3,1,2,0,35,1,8,2,0,1,0,1,0,0,0,0,0,0,0,0,0,0,0,0,0
22,HUNEDOARA,"ȘCOALA PRIMARĂ BĂIȚA",273,BĂIŢA,88092,1,PROV,PRCNCT,CD,CD_SV,"2021-01-21 12:30:02",1057,1018,39,0,379,340,39,0,1140,761,374,5,0,219,14,27,0,8,55,1,1,1,0,42,3,0,1,0,0,0,0,1,0,0,0,0,0,0,0,0,1,0,0,0
22,HUNEDOARA,"ŞCOALA PRIMARA HĂRŢĂGANI",274,BĂIŢA,88092,1,PROV,PRCNCT,CD,CD_SV,"2021-01-21 12:30:02",636,605,31,0,172,141,31,0,690,518,169,2,1,85,8,6,0,10,25,3,1,0,0,20,3,1,2,0,1,0,1,0,0,0,0,0,1,0,0,0,0,0,2,0
22,HUNEDOARA,"CĂMINUL CULTURAL CĂINELU DE SUS",275,BĂIŢA,88092,1,PROV,PRCNCT,CD,CD_SV,"2021-01-21 12:30:02",350,334,16,0,143,127,16,0,390,247,141,2,0,80,5,7,2,2,27,3,1,0,0,10,2,0,0,0,0,0,1,0,0,0,1,0,0,0,0,0,0,0,0,0
22,HUNEDOARA,"CĂMINUL CULTURAL ORMINDEA",276,BĂIŢA,88092,1,PROV,PRCNCT,CD,CD_SV,"2021-01-21 12:30:02",458,441,17,0,146,129,17,0,510,364,143,3,0,69,2,13,5,4,25,5,0,0,0,15,2,0,0,0,1,0,2,0,0,0,0,0,0,0,0,0,0,0,0,0
22,HUNEDOARA,"CĂMINUL CULTURAL FIZEŞ",277,BĂIŢA,88092,1,PROV,PRCNCT,CD,CD_SV,"2021-01-21 12:30:02",269,253,16,0,122,106,16,0,300,178,121,1,0,52,4,26,1,4,17,1,3,0,0,10,1,0,1,0,0,0,1,0,0,0,0,0,0,0,0,0,0,0,0,0
22,HUNEDOARA,"CĂMINUL CULTURAL LUNCA",278,BĂIŢA,88092,1,PROV,PRCNCT,CD,CD_SV,"2021-01-21 12:30:02",275,235,40,0,135,95,40,0,270,135,132,3,0,74,2,16,1,1,17,1,0,0,0,16,0,0,0,0,0,0,1,0,0,0,0,0,1,0,0,1,0,0,1,0
22,HUNEDOARA,"CĂMIN CULTURAL BĂNIȚA",279,BĂNIŢA,87246,1,PROV,PRCNCT,CD,CD_SV,"2021-01-21 12:30:02",1031,988,40,3,521,478,40,3,1150,629,512,9,0,96,247,26,1,12,74,3,4,12,3,22,0,2,4,1,0,0,2,0,0,0,0,0,0,0,1,1,0,1,0,0
22,HUNEDOARA,"PRIMĂRIA COMUNEI BĂTRÂNA",280,BĂTRÂNA,88216,1,PROV,PRCNCT,CD,CD_SV,"2021-01-21 12:30:02",112,97,12,3,67,52,12,3,150,83,67,0,0,14,14,11,5,1,18,1,0,0,0,0,0,1,0,0,0,0,1,0,0,0,0,0,0,1,0,0,0,0,0,0
22,HUNEDOARA,"CĂMINUL CULTURAL BERIU",281,BERIU,88261,2,PART,PRCNCT,CD,CD_SV,"2021-01-21 12:30:02",644,610,34,0,206,172,34,0,690,484,204,2,0,45,8,22,1,7,88,2,3,0,0,21,5,0,0,1,0,0,1,0,0,0,0,0,0,0,0,0,0,0,0,0
22,HUNEDOARA,"ȘCOALA GENERALĂ CĂSTĂU",282,BERIU,88261,1,PROV,PRCNCT,CD,CD_SV,"2021-01-21 12:30:02",1112,1089,23,0,321,298,23,0,1200,879,308,11,2,66,4,19,2,17,133,2,2,6,0,50,1,2,2,0,0,0,1,0,0,0,0,0,1,0,0,0,0,0,0,0
22,HUNEDOARA,"ȘCOALA PRIMARĂ CUCUIȘ",283,BERIU,88261,1,PROV,PRCNCT,CD,CD_SV,"2021-01-21 12:30:02",115,102,13,0,47,34,13,0,120,73,43,3,1,15,2,2,1,4,12,1,0,0,0,4,0,1,0,0,0,0,1,0,0,0,0,0,0,0,0,0,0,0,0,0
22,HUNEDOARA,"ȘCOALA PRIMARĂ ORĂȘTIOARA DE JOS",284,BERIU,88261,1,PROV,PRCNCT,CD,CD_SV,"2021-01-21 12:30:02",301,287,14,0,123,109,14,0,330,207,121,2,0,33,8,5,9,7,42,0,1,1,0,13,0,1,0,0,0,0,1,0,0,0,0,0,0,0,0,0,0,0,0,0
22,HUNEDOARA,"ȘCOALA PRIMARĂ SERECA",285,BERIU,88261,1,PROV,PRCNCT,CD,CD_SV,"2021-01-21 12:30:02",229,214,15,0,94,79,15,0,240,146,91,3,0,20,8,7,1,5,35,0,1,0,0,9,1,1,0,0,0,0,3,0,0,0,0,0,0,0,0,0,0,0,0,0
22,HUNEDOARA,"ȘCOALA PRIMARĂ SIBIȘEL",286,BERIU,88261,1,PROV,PRCNCT,CD,CD_SV,"2021-01-21 12:30:02",601,578,23,0,197,174,23,0,660,463,192,4,1,47,2,7,1,35,69,2,2,0,0,22,0,3,0,0,0,0,1,0,0,0,0,0,1,0,0,0,0,0,0,0
22,HUNEDOARA,"CAMINUL CULTURAL BLAJENI",287,BLĂJENI,88350,1,PROV,PRCNCT,CD,CD_SV,"2021-01-21 12:30:02",513,481,29,3,223,191,29,3,540,317,222,0,1,72,3,9,5,1,109,2,3,0,0,15,0,1,0,0,0,0,1,0,0,1,0,0,0,0,0,0,0,0,0,0
22,HUNEDOARA,"SCOALA PRIMARA CRIS",288,BLĂJENI,88350,1,PROV,PRCNCT,CD,CD_SV,"2021-01-21 12:30:02",265,239,21,5,114,88,21,5,270,156,112,1,1,38,1,4,2,4,54,1,1,0,0,4,0,0,1,0,0,0,1,0,0,0,1,0,0,0,0,0,0,0,0,0
22,HUNEDOARA,"SCOALA PRIMARA BLAJENI VULCAN",289,BLĂJENI,88350,1,PROV,PRCNCT,CD,CD_SV,"2021-01-21 12:30:02",87,71,15,1,55,39,15,1,100,45,55,0,0,16,0,2,3,1,27,1,0,0,0,2,0,1,1,0,0,0,1,0,0,0,0,0,0,0,0,0,0,0,0,0
22,HUNEDOARA,"SCOALA PRIMARA RET",290,BLĂJENI,88350,2,PART,PRCNCT,CD,CD_SV,"2021-01-21 12:30:02",89,72,16,1,46,29,16,1,100,54,46,0,0,7,2,2,1,5,26,1,1,0,0,0,0,1,0,0,0,0,0,0,0,0,0,0,0,0,0,0,0,0,0,0
22,HUNEDOARA,"CĂMINUL CULTURAL BOŞOROD",291,BOŞOROD,88449,2,PART,PRCNCT,CD,CD_SV,"2021-01-21 12:30:02",820,776,44,0,400,356,44,0,870,470,391,5,4,176,31,22,1,48,73,4,1,4,0,19,1,3,4,0,1,0,1,0,1,0,1,0,0,0,0,0,0,0,0,0
22,HUNEDOARA,"CENTRUL LOCAL DE INFORMARE TURISTICĂ",292,BOŞOROD,88449,2,PART,PRCNCT,CD,CD_SV,"2021-01-21 12:30:02",473,457,16,0,190,174,16,0,510,320,183,3,4,79,13,17,1,4,42,3,3,0,0,13,3,0,1,0,0,0,1,0,0,1,0,0,1,0,0,0,0,0,0,1
22,HUNEDOARA,"CĂMINUL CULTURAL LUNCANI",293,BOŞOROD,88449,1,PROV,PRCNCT,CD,CD_SV,"2021-01-21 12:30:02",118,101,17,0,51,34,17,0,120,69,49,2,0,27,4,7,1,3,4,1,0,0,0,0,0,1,0,0,0,0,1,0,0,0,0,0,0,0,0,0,0,0,0,0
22,HUNEDOARA,"CĂMINUL CULTURAL URSICI",294,BOŞOROD,88449,1,PROV,PRCNCT,CD,CD_SV,"2021-01-21 12:30:02",62,50,12,0,33,21,12,0,69,36,32,0,1,17,3,4,0,1,2,1,0,0,0,0,2,0,0,0,0,0,1,0,0,1,0,0,0,0,0,0,0,0,0,0
22,HUNEDOARA,"CĂMINUL CULTURAL ALUN",295,BOŞOROD,88449,1,PROV,PRCNCT,CD,CD_SV,"2021-01-21 12:30:02",73,59,14,0,36,22,14,0,100,64,36,0,0,15,2,4,0,2,7,1,0,0,0,4,0,0,0,0,0,0,0,0,0,0,1,0,0,0,0,0,0,0,0,0
22,HUNEDOARA,"CĂMINUL CULTURAL TÂRSA",296,BOŞOROD,88449,1,PROV,PRCNCT,CD,CD_SV,"2021-01-21 12:30:02",173,164,9,0,99,90,9,0,210,111,98,1,0,56,4,3,1,1,15,1,1,0,0,11,0,0,1,0,0,0,0,2,0,0,1,0,0,0,0,0,0,0,1,0
22,HUNEDOARA,"CĂMINUL CULTURAL BRĂNIȘCA",297,BRĂNIŞCA,88546,1,PROV,PRCNCT,CD,CD_SV,"2021-01-21 12:30:02",583,512,61,10,227,160,57,10,573,346,225,1,1,104,10,18,1,9,50,0,1,4,0,25,0,1,1,0,0,0,1,0,0,0,0,0,0,0,0,0,0,0,0,0
22,HUNEDOARA,"CĂMINUL CULTURAL BOZ",298,BRĂNIŞCA,88546,1,PROV,PRCNCT,CD,CD_SV,"2021-01-21 12:30:02",411,365,46,0,168,122,46,0,420,252,163,3,2,79,6,11,2,1,27,0,0,0,0,14,19,2,0,0,0,0,1,0,0,0,0,1,0,0,0,0,0,0,0,0
22,HUNEDOARA,"CĂMINUL CULTURAL ROVINA",299,BRĂNIŞCA,88546,1,PROV,PRCNCT,CD,CD_SV,"2021-01-21 12:30:02",208,184,23,1,87,63,23,1,209,122,85,1,1,28,3,5,0,1,19,0,1,3,0,18,4,0,1,0,0,0,1,0,0,0,0,0,0,0,0,0,0,0,1,0
22,HUNEDOARA,"CĂMINUL CULTURAL TÂRNAVA",300,BRĂNIŞCA,88546,1,PROV,PRCNCT,CD,CD_SV,"2021-01-21 12:30:02",106,92,14,0,44,30,14,0,120,76,44,0,0,19,5,2,0,1,10,0,0,0,0,4,1,0,0,0,0,0,1,0,0,0,0,0,0,0,0,0,0,0,0,1
22,HUNEDOARA,"CĂMINUL CULTURAL TÂRNĂVIȚA",301,BRĂNIŞCA,88546,1,PROV,PRCNCT,CD,CD_SV,"2021-01-21 12:30:02",168,150,18,0,70,52,18,0,180,110,68,1,1,25,4,4,1,1,15,1,0,1,0,9,5,1,0,0,0,0,1,0,0,0,0,0,0,0,0,0,0,0,0,0
22,HUNEDOARA,"CĂMINUL CULTURAL FURCȘOARA",302,BRĂNIŞCA,88546,1,PROV,PRCNCT,CD,CD_SV,"2021-01-21 12:30:02",57,40,17,0,23,6,17,0,70,47,23,0,0,8,2,5,0,2,3,0,0,0,0,2,0,0,0,0,0,0,1,0,0,0,0,0,0,0,0,0,0,0,0,0
22,HUNEDOARA,"ȘCOALA GIMNAZIALĂ BRETEA ROMÂNĂ",303,"BRETEA ROMÂNĂ",88644,1,PROV,PRCNCT,CD,CD_SV,"2021-01-21 12:30:02",245,228,17,0,98,81,17,0,270,172,96,2,0,46,3,4,2,5,28,1,0,0,0,5,1,0,0,0,0,0,1,0,0,0,0,0,0,0,0,0,0,0,0,0
22,HUNEDOARA,"CĂMINUL CULTURAL BRETEA STREIULUI",304,"BRETEA ROMÂNĂ",88644,1,PROV,PRCNCT,CD,CD_SV,"2021-01-21 12:30:02",229,210,19,0,108,89,19,0,240,132,108,0,0,63,4,10,1,5,10,2,1,2,0,7,0,0,0,0,0,0,2,0,0,0,1,0,0,0,0,0,0,0,0,0
22,HUNEDOARA,"CĂMINUL CULTURAL RUȘI",305,"BRETEA ROMÂNĂ",88644,1,PROV,PRCNCT,CD,CD_SV,"2021-01-21 12:30:02",223,199,24,0,125,101,24,0,242,117,120,4,1,51,6,5,1,3,23,2,1,0,0,26,0,0,0,0,0,0,1,0,0,1,0,0,0,0,0,0,0,0,0,0
22,HUNEDOARA,"ȘCOALA PRIMARĂ BĂȚĂLAR",306,"BRETEA ROMÂNĂ",88644,1,PROV,PRCNCT,CD,CD_SV,"2021-01-21 12:30:02",238,209,28,1,111,82,28,1,240,129,106,2,3,64,3,7,1,3,17,1,1,0,0,8,0,0,0,0,0,0,1,0,0,0,0,0,0,0,0,0,0,0,0,0
22,HUNEDOARA,"CĂMINUL CULTURAL OCOLIȘU MARE",307,"BRETEA ROMÂNĂ",88644,2,PART,PRCNCT,CD,CD_SV,"2021-01-21 12:30:02",207,172,34,1,150,115,34,1,210,60,146,3,1,99,1,8,2,3,24,1,1,0,0,7,0,0,0,0,0,0,0,0,0,0,0,0,0,0,0,0,0,0,0,0
22,HUNEDOARA,"CĂMINUL CULTURAL COVRAGIU",308,"BRETEA ROMÂNĂ",88644,1,PROV,PRCNCT,CD,CD_SV,"2021-01-21 12:30:02",152,135,16,1,66,49,16,1,150,84,66,0,0,38,0,3,1,2,15,0,0,0,1,6,0,0,0,0,0,0,0,0,0,0,0,0,0,0,0,0,0,0,0,0
22,HUNEDOARA,"ȘCOALA PRIMARĂ GÂNȚAGA",309,"BRETEA ROMÂNĂ",88644,1,PROV,PRCNCT,CD,CD_SV,"2021-01-21 12:30:02",239,221,18,0,125,107,18,0,270,145,119,4,2,54,2,12,1,2,26,0,0,0,0,21,0,1,0,0,0,0,0,0,0,0,0,0,0,0,0,0,0,0,0,0
22,HUNEDOARA,"ȘCOALA PRIMARĂ MĂCEU",310,"BRETEA ROMÂNĂ",88644,1,PROV,PRCNCT,CD,CD_SV,"2021-01-21 12:30:02",271,260,11,0,100,89,11,0,300,200,95,4,1,59,6,5,2,2,12,0,1,0,0,7,0,0,0,0,0,0,0,0,0,0,0,0,0,1,0,0,0,0,0,0
22,HUNEDOARA,"ȘCOALA PRIMARĂ PLOPI",311,"BRETEA ROMÂNĂ",88644,1,PROV,PRCNCT,CD,CD_SV,"2021-01-21 12:30:02",243,223,18,2,114,94,18,2,270,156,110,3,1,44,9,6,1,15,16,4,0,2,0,12,1,0,0,0,0,0,0,0,0,0,0,0,0,0,0,0,0,0,0,0
22,HUNEDOARA,"ȘCOALA PRIMARĂ VÂLCELELE BUNE",312,"BRETEA ROMÂNĂ",88644,1,PROV,PRCNCT,CD,CD_SV,"2021-01-21 12:30:02",358,330,28,0,180,152,28,0,390,210,180,0,0,68,5,12,2,3,63,1,0,3,0,19,3,0,0,0,0,1,0,0,0,0,0,0,0,0,0,0,0,0,0,0
22,HUNEDOARA,"ȘCOALA PRIMARĂ VÂLCELE",313,"BRETEA ROMÂNĂ",88644,2,PART,PRCNCT,CD,CD_SV,"2021-01-21 12:30:02",234,211,22,1,151,128,22,1,241,90,146,2,3,95,6,7,1,2,19,0,3,1,0,8,2,1,0,0,0,0,0,0,0,0,0,0,0,0,0,1,0,0,0,0
22,HUNEDOARA,"PRIMĂRIA COMUNEI BUCEŞ",314,BUCEŞ,88788,1,PROV,PRCNCT,CD,CD_SV,"2021-01-21 12:30:02",147,125,22,0,96,74,22,0,150,54,95,1,0,37,3,4,1,3,30,3,0,0,0,8,1,0,4,0,0,0,1,0,0,0,0,0,0,0,0,0,0,0,0,0
22,HUNEDOARA,"SCOALA PRIMARA BUCES-VULCAN",315,BUCEŞ,88788,1,PROV,PRCNCT,CD,CD_SV,"2021-01-21 12:30:02",178,169,9,0,86,77,9,0,210,124,83,2,1,32,1,4,1,2,28,1,1,0,0,3,1,0,1,0,0,0,8,0,0,0,0,0,0,0,0,0,0,0,0,0
22,HUNEDOARA,"SCOALA PRIMARA DUPAPIATRA",316,BUCEŞ,88788,1,PROV,PRCNCT,CD,CD_SV,"2021-01-21 12:30:02",411,392,19,0,195,176,19,0,450,255,194,0,1,62,5,7,0,1,97,2,1,0,0,9,1,0,4,0,0,0,4,0,0,0,0,0,0,1,0,0,0,0,0,0
22,HUNEDOARA,"SCOALA PRIMARA GROHOTELE",317,BUCEŞ,88788,1,PROV,PRCNCT,CD,CD_SV,"2021-01-21 12:30:02",170,164,6,0,93,87,6,0,210,117,87,6,0,26,3,4,1,1,36,3,0,0,0,10,0,0,0,0,0,0,1,0,0,0,1,0,0,0,0,0,0,0,1,0
22,HUNEDOARA,"SCOALA PRIMARA MIHAILENI",318,BUCEŞ,88788,1,PROV,PRCNCT,CD,CD_SV,"2021-01-21 12:30:02",361,337,24,0,146,122,24,0,390,244,141,5,0,45,24,2,3,3,39,1,1,0,0,12,0,0,4,0,1,0,2,0,0,0,0,1,2,0,0,0,0,0,1,0
22,HUNEDOARA,"SCOALA PRIMARA STANIJA",319,BUCEŞ,88788,1,PROV,PRCNCT,CD,CD_SV,"2021-01-21 12:30:02",329,321,7,1,141,133,7,1,360,219,134,6,1,22,4,8,0,1,78,2,2,0,0,14,0,0,2,0,0,0,1,0,0,0,0,0,0,0,0,0,0,0,0,0
22,HUNEDOARA,"CĂMINUL CULTURAL BUCUREŞCI",320,BUCUREŞCI,88868,2,PART,PRCNCT,CD,CD_SV,"2021-01-21 12:30:02",522,490,27,5,306,274,27,5,570,264,301,3,2,88,8,10,2,4,149,2,1,0,0,28,2,1,3,0,0,0,1,0,0,2,0,0,0,0,0,0,0,0,0,0
22,HUNEDOARA,"CĂMINUL CULTURAL CURECHIU",321,BUCUREŞCI,88868,2,PART,PRCNCT,CD,CD_SV,"2021-01-21 12:30:02",307,268,37,2,202,163,37,2,300,98,196,3,3,48,3,8,4,0,99,3,1,0,0,23,0,1,3,0,0,0,1,0,0,0,0,0,0,1,1,0,0,0,0,0
22,HUNEDOARA,"CĂMINUL CULTURAL ROVINA",322,BUCUREŞCI,88868,1,PROV,PRCNCT,CD,CD_SV,"2021-01-21 12:30:02",144,133,11,0,55,44,11,0,149,94,54,1,0,19,2,1,0,2,21,1,0,0,0,4,0,1,2,0,0,0,1,0,0,0,0,0,0,0,0,0,0,0,0,0
22,HUNEDOARA,"CĂMINUL CULTURAL MERIŞOR",323,BUCUREŞCI,88868,1,PROV,PRCNCT,CD,CD_SV,"2021-01-21 12:30:02",86,72,14,0,57,43,14,0,100,43,57,0,0,16,3,2,0,3,28,2,0,0,0,1,0,0,1,0,0,0,1,0,0,0,0,0,0,0,0,0,0,0,0,0
22,HUNEDOARA,"CĂMINUL CULTURAL ŞESURI",324,BUCUREŞCI,88868,1,PROV,PRCNCT,CD,CD_SV,"2021-01-21 12:30:02",362,337,19,6,230,205,19,6,400,170,227,0,3,71,3,5,2,3,129,0,0,0,0,6,0,5,1,1,0,0,1,0,0,0,0,0,0,0,0,0,0,0,0,0
22,HUNEDOARA,"PRIMARIA BULZESTII DE SUS SALA DE SEDINTA",325,"BULZEŞTII DE SUS",88920,2,PART,PRCNCT,CD,CD_SV,"2021-01-21 12:30:02",173,125,48,0,109,61,48,0,150,41,104,2,2,50,3,3,3,8,33,0,0,0,0,1,2,0,0,0,0,0,1,0,0,0,0,0,0,0,0,0,0,0,0,0
22,HUNEDOARA,"SCOALA PRIMARA BULZESTII DE JOS",326,"BULZEŞTII DE SUS",88920,1,PROV,PRCNCT,CD,CD_SV,"2021-01-21 12:30:02",121,98,23,0,76,53,23,0,120,44,75,1,0,29,2,1,3,6,27,0,0,0,0,6,0,0,0,0,0,0,1,0,0,0,0,0,0,0,0,0,0,0,0,0
22,HUNEDOARA,"CĂMINUL CULTURAL BUNILA",327,BUNILA,89026,1,PROV,PRCNCT,CD,CD_SV,"2021-01-21 12:30:02",79,66,13,0,40,27,13,0,100,60,40,0,0,10,2,1,1,1,22,0,0,0,0,2,0,0,0,0,0,0,0,0,0,1,0,0,0,0,0,0,0,0,0,0
22,HUNEDOARA,"CLADIRE DISPENSAR MEDICAL CERNISOARA FLORESE",328,BUNILA,89026,1,PROV,PRCNCT,CD,CD_SV,"2021-01-21 12:30:02",201,168,33,0,107,74,33,0,210,103,105,1,1,20,3,1,2,1,71,1,0,0,0,4,0,1,0,0,0,0,0,0,0,1,0,0,0,0,0,0,0,0,0,0
22,HUNEDOARA,"CAMINUL CULTURAL POIENITA VOINII",329,BUNILA,89026,1,PROV,PRCNCT,CD,CD_SV,"2021-01-21 12:30:02",108,70,38,0,90,52,38,0,100,10,89,1,0,4,1,2,1,7,70,2,0,0,0,1,0,1,0,0,0,0,0,0,0,0,0,0,0,0,0,0,0,0,0,0
22,HUNEDOARA,"CAMIN CULTURAL BURJUC",330,BURJUC,89080,1,PROV,PRCNCT,CD,CD_SV,"2021-01-21 12:30:02",152,132,20,0,76,56,20,0,152,76,74,1,1,36,2,17,1,5,3,1,1,3,0,3,0,0,1,1,0,0,0,0,0,0,0,0,0,0,0,0,0,0,0,0
22,HUNEDOARA,"CAMIN CULTURAL TĂTĂRĂŞTI",331,BURJUC,89080,1,PROV,PRCNCT,CD,CD_SV,"2021-01-21 12:30:02",166,142,21,3,59,35,21,3,180,121,58,0,1,25,0,7,1,4,12,0,1,4,0,3,0,0,0,0,0,0,1,0,0,0,0,0,0,0,0,0,0,0,0,0
22,HUNEDOARA,"CAMIN CULTURAL TISA",332,BURJUC,89080,1,PROV,PRCNCT,CD,CD_SV,"2021-01-21 12:30:02",135,95,40,0,76,36,40,0,120,44,75,1,0,25,2,11,1,1,30,0,0,0,0,2,0,0,1,0,0,0,2,0,0,0,0,0,0,0,0,0,0,0,0,0
22,HUNEDOARA,"ŞCOALA PRIMARA GLODGHILEŞTI",333,BURJUC,89080,1,PROV,PRCNCT,CD,CD_SV,"2021-01-21 12:30:02",194,180,14,0,73,59,14,0,210,137,71,1,1,41,2,4,1,2,12,1,0,0,0,5,2,0,0,0,0,0,1,0,0,0,0,0,0,0,0,0,0,0,0,0
22,HUNEDOARA,"ŞCOALA PRIMARA BRĂDĂŢEL",334,BURJUC,89080,1,PROV,PRCNCT,CD,CD_SV,"2021-01-21 12:30:02",128,113,15,0,47,32,15,0,150,103,47,0,0,25,3,4,1,2,6,1,0,1,0,2,0,0,0,0,0,0,1,0,0,0,0,0,0,0,0,1,0,0,0,0
22,HUNEDOARA,"CĂMINUL CULTURAL CÂRJIŢI",335,CÂRJIŢI,86749,1,PROV,PRCNCT,CD,CD_SV,"2021-01-21 12:30:02",131,98,33,0,68,35,33,0,120,52,67,0,1,11,3,8,3,1,28,2,0,3,0,4,0,0,0,0,0,0,4,0,0,0,0,0,0,0,0,0,0,0,0,0
22,HUNEDOARA,"CĂMINUL CULTURAL CHERGHEŞ",336,CÂRJIŢI,86749,2,PART,PRCNCT,CD,CD_SV,"2021-01-21 12:30:02",90,76,14,0,39,25,14,0,100,61,38,0,1,11,10,1,2,1,6,1,0,0,0,3,0,0,2,0,0,0,1,0,0,0,0,0,0,0,0,0,0,0,0,0
22,HUNEDOARA,"CĂMINUL CULTURAL POPEŞTI",337,CÂRJIŢI,86749,1,PROV,PRCNCT,CD,CD_SV,"2021-01-21 12:30:02",141,108,32,1,78,45,32,1,120,42,77,0,1,28,15,1,1,7,16,0,2,0,0,1,0,1,1,0,0,1,2,0,0,0,0,0,1,0,0,0,0,0,0,0
22,HUNEDOARA,"CĂMINUL CULTURAL ALMAŞU SEC",338,CÂRJIŢI,86749,1,PROV,PRCNCT,CD,CD_SV,"2021-01-21 12:30:02",200,165,35,0,96,61,35,0,210,114,96,0,0,14,5,5,6,2,44,1,0,3,1,13,1,0,0,0,0,0,1,0,0,0,0,0,0,0,0,0,0,0,0,0
22,HUNEDOARA,"CĂMINUL CULTURAL COZIA",339,CÂRJIŢI,86749,1,PROV,PRCNCT,CD,CD_SV,"2021-01-21 12:30:02",153,138,15,0,61,46,15,0,180,119,58,3,0,20,2,1,1,3,13,0,0,7,0,7,2,2,0,0,0,0,0,0,0,0,0,0,0,0,0,0,0,0,0,0
22,HUNEDOARA,"CASA COMUNALĂ CERBĂL-SALA DE ŞEDINŢĂ A CONSILIULUI LOCAL CERBĂL",340,CERBĂL,89151,1,PROV,PRCNCT,CD,CD_SV,"2021-01-21 12:30:02",310,181,129,0,241,112,129,0,260,19,236,2,3,36,4,5,0,4,175,0,0,0,0,6,1,1,0,0,0,0,1,0,0,0,0,0,0,0,0,0,1,0,1,1
22,HUNEDOARA,"ŞCOALA PRIMARĂ FEREGI",341,CERBĂL,89151,1,PROV,PRCNCT,CD,CD_SV,"2021-01-21 12:30:02",151,111,40,0,107,67,40,0,150,43,103,2,2,31,0,5,0,2,63,2,0,0,0,0,0,0,0,0,0,0,0,0,0,0,0,0,0,0,0,0,0,0,0,0
22,HUNEDOARA,"ŞCOALA PRIMARĂ POIANA RĂCHIŢELII",342,CERBĂL,89151,1,PROV,PRCNCT,CD,CD_SV,"2021-01-21 12:30:02",147,99,48,0,125,77,48,0,170,45,121,3,1,18,2,0,0,0,98,2,0,1,0,0,0,0,0,0,0,0,0,0,0,0,0,0,0,0,0,0,0,0,0,0
22,HUNEDOARA,"CĂMINUL CULTURAL CERTEJU DE SUS",343,"CERTEJU DE SUS",89240,1,PROV,PRCNCT,CD,CD_SV,"2021-01-21 12:30:02",1250,1215,34,1,379,344,34,1,1350,971,372,5,2,115,6,23,3,40,78,14,3,7,1,68,4,2,2,0,0,0,2,0,0,1,2,0,1,0,0,0,0,0,0,0
22,HUNEDOARA,"CĂMINUL CULTURAL HONDOL",344,"CERTEJU DE SUS",89240,1,PROV,PRCNCT,CD,CD_SV,"2021-01-21 12:30:02",446,426,20,0,160,140,20,0,480,320,155,5,0,50,6,7,1,18,41,8,1,1,0,20,0,1,0,0,0,1,0,0,0,0,0,0,0,0,0,0,0,0,0,0
22,HUNEDOARA,"CĂMINUL CULTURAL SĂCĂRÂMB",345,"CERTEJU DE SUS",89240,2,PART,PRCNCT,CD,CD_SV,"2021-01-21 12:30:02",165,147,18,0,60,42,18,0,181,121,58,1,1,12,3,3,3,3,26,1,1,0,0,3,1,0,1,0,0,0,1,0,0,0,0,0,0,0,0,0,0,0,0,0
22,HUNEDOARA,"SPAȚIU ADMINISTRATIV BOCȘA MICĂ",346,"CERTEJU DE SUS",89240,1,PROV,PRCNCT,CD,CD_SV,"2021-01-21 12:30:02",99,85,14,0,48,34,14,0,122,74,48,0,0,15,1,3,0,1,17,3,0,2,0,4,0,1,0,0,0,0,1,0,0,0,0,0,0,0,0,0,0,0,0,0
22,HUNEDOARA,"CĂMINUL CULTURAL MĂGURA-TOPLIȚA",347,"CERTEJU DE SUS",89240,1,PROV,PRCNCT,CD,CD_SV,"2021-01-21 12:30:02",100,83,17,0,54,37,17,0,120,66,53,0,1,20,2,1,1,9,14,1,0,0,0,2,1,0,0,0,0,0,1,0,0,0,0,0,0,0,0,0,0,0,0,1
22,HUNEDOARA,"CĂMINUL CULTURAL TOPLIȚA MUREȘULUI",348,"CERTEJU DE SUS",89240,1,PROV,PRCNCT,CD,CD_SV,"2021-01-21 12:30:02",95,64,31,0,63,32,31,0,100,37,63,0,0,16,0,2,0,7,30,2,0,0,0,5,0,0,1,0,0,0,0,0,0,0,0,0,0,0,0,0,0,0,0,0
22,HUNEDOARA,"ȘCOALA GENERALĂ CU CLS. I-IV NOJAG",349,"CERTEJU DE SUS",89240,1,PROV,PRCNCT,CD,CD_SV,"2021-01-21 12:30:02",212,190,22,0,82,60,22,0,240,158,81,1,0,32,1,6,0,4,19,4,1,0,0,12,0,0,1,0,0,0,1,0,0,0,0,0,0,0,0,0,0,0,0,0
22,HUNEDOARA,"ȘCOALA GENERALĂ CU CLS. I-IV VĂRMAGA",350,"CERTEJU DE SUS",89240,1,PROV,PRCNCT,CD,CD_SV,"2021-01-21 12:30:02",276,245,31,0,107,76,31,0,302,195,104,3,0,42,3,2,1,5,25,2,0,0,0,21,0,0,0,0,0,0,2,0,0,0,0,0,0,0,0,0,1,0,0,0
22,HUNEDOARA,"CĂMINUL CULTURAL ZDRAPȚI",351,CRIŞCIOR,87362,1,PROV,PRCNCT,CD,CD_SV,"2021-01-21 12:30:02",751,732,18,1,221,202,18,1,810,589,216,3,2,71,14,9,2,4,91,0,2,1,0,13,3,2,2,0,0,0,1,0,0,0,0,0,0,1,0,0,0,0,0,0
22,HUNEDOARA,"LICEUL TEHNOLOGIC ”CRIȘAN” CRIȘCIOR ( FOSTA ȘCOALĂ GENERALĂ NR. 1 CRIȘCIOR)",352,CRIŞCIOR,87362,1,PROV,PRCNCT,CD,CD_SV,"2021-01-21 12:30:02",1344,1308,35,1,510,474,35,1,1470,960,502,5,3,131,38,26,5,5,211,2,4,0,0,67,9,2,0,0,0,0,1,0,0,0,0,1,0,0,0,0,0,0,0,0
22,HUNEDOARA,"LICEUL TEHNOLOGIC ”CRIŞAN” CRIŞCIOR",353,CRIŞCIOR,87362,1,PROV,PRCNCT,CD,CD_SV,"2021-01-21 12:30:02",1238,1213,25,0,435,410,25,0,1350,915,418,15,2,129,36,7,2,13,121,3,5,3,0,86,7,1,1,0,0,0,1,0,0,0,1,0,1,0,0,0,1,0,0,0
22,HUNEDOARA,"SCOALA GIMNAZIALA DENSUS",354,DENSUŞ,89348,1,PROV,PRCNCT,CD,CD_SV,"2021-01-21 12:30:02",526,492,26,8,243,209,26,8,570,327,242,0,1,147,9,24,0,10,26,5,2,2,0,14,0,1,0,0,0,0,0,1,0,0,0,0,1,0,0,0,0,0,0,0
22,HUNEDOARA,"ŞCOALA PRIMARĂ PEŞTEANA",355,DENSUŞ,89348,1,PROV,PRCNCT,CD,CD_SV,"2021-01-21 12:30:02",320,297,17,6,153,132,17,4,330,177,152,1,0,84,7,14,1,6,26,2,1,1,0,9,1,0,0,0,0,0,0,0,0,0,0,0,0,0,0,0,0,0,0,0
22,HUNEDOARA,"SCOALA PRIMARA PESTENITA",356,DENSUŞ,89348,1,PROV,PRCNCT,CD,CD_SV,"2021-01-21 12:30:02",229,217,12,0,112,100,12,0,270,158,111,1,0,49,4,11,0,12,23,3,0,0,0,8,0,1,0,0,0,0,0,0,0,0,0,0,0,0,0,0,0,0,0,0
22,HUNEDOARA,"ȘCOALA PRIMARĂ ȘTEI",357,DENSUŞ,89348,1,PROV,PRCNCT,CD,CD_SV,"2021-01-21 12:30:02",188,159,22,7,108,79,22,7,180,72,108,0,0,85,2,2,0,2,6,1,0,0,0,6,0,0,0,0,0,0,3,0,0,0,0,0,0,0,0,0,1,0,0,0
22,HUNEDOARA,"SCOALA PRIMARA POIENI",358,DENSUŞ,89348,1,PROV,PRCNCT,CD,CD_SV,"2021-01-21 12:30:02",82,69,11,2,52,39,11,2,100,48,52,0,0,34,4,3,0,1,7,0,0,1,0,1,0,0,0,0,0,1,0,0,0,0,0,0,0,0,0,0,0,0,0,0
22,HUNEDOARA,"CĂMINUL CULTURAL DOBRA",359,DOBRA,89428,1,PROV,PRCNCT,CD,CD_SV,"2021-01-21 12:30:02",1392,1305,77,10,565,478,77,10,1440,875,543,15,7,247,24,49,2,10,104,4,2,34,0,45,6,7,1,0,0,0,6,0,0,1,0,0,0,0,0,1,0,0,0,0
22,HUNEDOARA,"CĂMINUL CULTURAL LAPUSNIC",360,DOBRA,89428,1,PROV,PRCNCT,CD,CD_SV,"2021-01-21 12:30:02",400,378,22,0,131,109,22,0,420,289,126,5,0,55,1,7,1,6,33,4,0,0,0,11,1,2,2,0,0,0,1,0,0,0,0,0,0,0,0,0,0,0,2,0
22,HUNEDOARA,"CAMINUL CULTURAL RADULESTI",361,DOBRA,89428,1,PROV,PRCNCT,CD,CD_SV,"2021-01-21 12:30:02",165,151,14,0,67,53,14,0,180,113,65,2,0,34,6,8,0,3,5,0,0,2,0,3,0,0,1,0,0,1,2,0,0,0,0,0,0,0,0,0,0,0,0,0
22,HUNEDOARA,"CĂMINUL CULTURAL STANCESTI",362,DOBRA,89428,1,PROV,PRCNCT,CD,CD_SV,"2021-01-21 12:30:02",111,96,15,0,45,30,15,0,120,75,42,2,1,20,1,2,0,3,3,1,0,5,0,4,0,0,0,0,0,0,3,0,0,0,0,0,0,0,0,0,0,0,0,0
22,HUNEDOARA,"CĂMINUL CULTURAL ROȘCANI",363,DOBRA,89428,1,PROV,PRCNCT,CD,CD_SV,"2021-01-21 12:30:02",571,536,30,5,203,168,30,5,600,397,194,9,0,104,11,8,2,4,26,2,2,17,0,10,2,1,3,0,0,0,1,0,0,1,0,0,0,0,0,0,0,0,0,0
22,HUNEDOARA,"CĂMINUL CULTURAL PANC",364,DOBRA,89428,1,PROV,PRCNCT,CD,CD_SV,"2021-01-21 12:30:02",171,141,26,4,88,58,26,4,180,92,86,0,2,38,4,2,1,1,29,0,2,0,0,7,0,0,0,0,0,0,2,0,0,0,0,0,0,0,0,0,0,0,0,0
22,HUNEDOARA,"CĂMINUL CULTURAL GENERAL BERTHELOT - CLĂDIRE ANEXĂ AFTER SCHOOL",365,"GENERAL BERTHELOT",91731,1,PROV,PRCNCT,CD,CD_SV,"2021-01-21 12:30:02",567,534,27,6,189,156,27,6,600,411,187,0,2,43,6,38,1,2,73,0,8,1,1,12,1,0,0,0,0,1,0,0,0,0,0,0,0,0,0,0,0,0,0,0
22,HUNEDOARA,"SCOALA PRIMARA TUSTEA",366,"GENERAL BERTHELOT",91731,1,PROV,PRCNCT,CD,CD_SV,"2021-01-21 12:30:02",232,216,16,0,105,89,16,0,240,135,103,2,0,17,7,12,0,7,46,0,2,0,0,12,0,0,0,0,0,0,0,0,0,0,0,0,0,0,0,0,0,0,0,0
22,HUNEDOARA,"PRIMĂRIA COMUNEI GHELARI",367,GHELARI,86883,1,PROV,PRCNCT,CD,CD_SV,"2021-01-21 12:30:02",682,641,34,7,272,231,34,7,720,448,269,3,0,103,27,24,1,37,42,5,4,0,0,15,1,2,2,0,0,0,5,0,0,1,0,0,0,0,0,0,0,0,0,0
22,HUNEDOARA,"CĂMINUL CULTURAL ”MINERUL” GHELARI",368,GHELARI,86883,1,PROV,PRCNCT,CD,CD_SV,"2021-01-21 12:30:02",902,861,31,10,304,263,31,10,960,656,289,9,6,159,20,11,3,20,34,1,5,1,0,27,0,1,1,1,0,1,0,0,0,0,2,1,1,0,0,0,0,0,0,0
22,HUNEDOARA,"CĂMINUL CULTURAL RUDA",369,GHELARI,86883,2,PART,PRCNCT,CD,CD_SV,"2021-01-21 12:30:02",160,129,26,5,80,49,26,5,149,69,79,1,0,33,3,5,1,2,17,2,1,1,0,12,0,0,1,0,0,0,0,0,0,0,0,1,0,0,0,0,0,0,0,0
22,HUNEDOARA,"MAGAZIN SĂTESC DIN SATUL PLOP",370,GHELARI,86883,1,PROV,PRCNCT,CD,CD_SV,"2021-01-21 12:30:02",43,20,23,0,36,13,23,0,50,14,36,0,0,22,2,1,2,1,2,3,1,0,0,1,0,0,1,0,0,0,0,0,0,0,0,0,0,0,0,0,0,0,0,0
22,HUNEDOARA,"DISPENSAR GOVĂJDIA",371,GHELARI,86883,1,PROV,PRCNCT,CD,CD_SV,"2021-01-21 12:30:02",112,78,34,0,54,20,34,0,100,46,53,1,0,19,6,8,5,3,6,1,1,0,0,3,0,0,1,0,0,0,0,0,0,0,0,0,0,0,0,0,0,0,0,0
22,HUNEDOARA,"SALĂ DE ȘEDINȚE PRIMĂRIA COMUNEI GURASADA",372,GURASADA,89687,1,PROV,PRCNCT,CD,CD_SV,"2021-01-21 12:30:02",626,585,41,0,191,150,41,0,660,469,182,8,1,105,8,9,1,2,31,1,2,2,0,13,1,1,1,0,0,0,3,0,0,0,0,0,1,0,0,0,0,0,1,0
22,HUNEDOARA,"CĂMINUL CULTURAL CÂMPURI-SURDUC",373,GURASADA,89687,1,PROV,PRCNCT,CD,CD_SV,"2021-01-21 12:30:02",382,346,36,0,156,120,36,0,390,234,147,4,5,84,2,5,1,1,16,4,0,13,0,12,2,0,0,0,0,0,7,0,0,0,0,0,0,0,0,0,0,0,0,0
22,HUNEDOARA,"CĂMINUL CULTURAL BOIU DE SUS",374,GURASADA,89687,1,PROV,PRCNCT,CD,CD_SV,"2021-01-21 12:30:02",96,84,12,0,47,35,12,0,120,73,47,0,0,36,2,1,1,1,1,1,0,0,0,2,0,0,1,0,0,0,1,0,0,0,0,0,0,0,0,0,0,0,0,0
22,HUNEDOARA,"ŞCOALA GENERALĂ CĂRMĂZĂNEŞTI",375,GURASADA,89687,1,PROV,PRCNCT,CD,CD_SV,"2021-01-21 12:30:02",96,80,16,0,45,29,16,0,100,55,43,1,1,23,2,3,1,2,5,1,0,0,0,4,0,0,0,0,0,0,2,0,0,0,0,0,0,0,0,0,0,0,0,0
22,HUNEDOARA,"CĂMINUL CULTURAL HĂRĂU",376,HĂRĂU,89801,1,PROV,PRCNCT,CD,CD_SV,"2021-01-21 12:30:02",699,673,26,0,210,184,26,0,750,540,209,1,0,69,9,34,9,4,46,3,1,1,0,27,1,2,1,0,0,0,1,0,0,0,1,0,0,0,0,0,0,0,0,0
22,HUNEDOARA,"CĂMINUL CULTURAL BANPOTOC",377,HĂRĂU,89801,1,PROV,PRCNCT,CD,CD_SV,"2021-01-21 12:30:02",405,376,29,0,164,135,29,0,420,256,156,7,1,71,5,10,2,4,43,1,1,0,0,16,2,1,0,0,0,0,0,0,0,0,0,0,0,0,0,0,0,0,0,0
22,HUNEDOARA,"GRĂDINIȚA CU PROGRAM NORMAL BÂRSĂU",378,HĂRĂU,89801,1,PROV,PRCNCT,CD,CD_SV,"2021-01-21 12:30:02",449,413,36,0,170,134,36,0,480,310,165,3,2,48,3,40,2,6,37,5,0,0,0,21,2,0,1,0,0,0,0,0,0,0,0,0,0,0,0,0,0,0,0,0
22,HUNEDOARA,"GRĂDINIȚA CU PROGRAM NORMAL CHIMINDIA",379,HĂRĂU,89801,1,PROV,PRCNCT,CD,CD_SV,"2021-01-21 12:30:02",327,308,19,0,120,101,19,0,360,240,118,1,1,65,6,7,1,6,12,0,0,0,0,19,0,0,0,0,0,0,0,0,0,0,0,0,1,0,0,1,0,0,0,0
22,HUNEDOARA,"CĂMINUL CULTURAL DIN ILIA",380,ILIA,89856,2,PART,PRCNCT,CD,CD_SV,"2021-01-21 12:30:02",1534,1442,73,19,621,529,73,19,1620,999,606,12,3,161,16,30,5,15,245,2,1,16,0,60,6,4,2,0,1,0,37,0,0,2,0,0,1,0,0,0,0,1,0,1
22,HUNEDOARA,"CĂMINUL CULTURAL BRETEA MUREȘANĂ",381,ILIA,89856,1,PROV,PRCNCT,CD,CD_SV,"2021-01-21 12:30:02",555,497,51,7,247,189,51,7,570,323,243,1,3,59,17,16,1,6,112,3,0,0,1,24,0,1,1,0,0,0,2,0,0,0,0,0,0,0,0,0,0,0,0,0
22,HUNEDOARA,"CĂMINUL CULTURAL DIN SÎRBI",382,ILIA,89856,1,PROV,PRCNCT,CD,CD_SV,"2021-01-21 12:30:02",373,355,18,0,174,156,18,0,390,216,166,6,2,36,5,11,1,1,64,0,0,1,0,32,0,3,3,0,0,0,6,0,0,0,0,0,0,0,0,1,1,0,0,1
22,HUNEDOARA,"CĂMINUL CULTURAL DINVALEA LUNGĂ",383,ILIA,89856,1,PROV,PRCNCT,CD,CD_SV,"2021-01-21 12:30:02",107,91,16,0,64,48,16,0,120,56,62,2,0,15,2,4,0,3,18,1,0,0,0,3,0,1,3,0,0,1,10,0,0,0,0,0,1,0,0,0,0,0,0,0
22,HUNEDOARA,"CĂMINUL CULTURAL DIN BACEA",384,ILIA,89856,1,PROV,PRCNCT,CD,CD_SV,"2021-01-21 12:30:02",313,298,15,0,127,112,15,0,330,203,121,4,2,26,10,0,0,7,50,4,1,0,0,12,2,1,1,0,1,0,5,0,0,1,0,0,0,0,0,0,0,0,0,0
22,HUNEDOARA,"CĂMINUL CULTURAL DIN BRÎZNIC",385,ILIA,89856,1,PROV,PRCNCT,CD,CD_SV,"2021-01-21 12:30:02",212,177,34,1,123,88,34,1,210,87,122,0,1,30,6,2,1,8,50,1,1,0,0,10,0,0,0,0,0,0,11,0,0,1,0,0,1,0,0,0,0,0,0,0
22,HUNEDOARA,"CĂMINUL CULTURAL DIN SĂCĂMAŞ",386,ILIA,89856,2,PART,PRCNCT,CD,CD_SV,"2021-01-21 12:30:02",207,177,25,5,128,98,25,5,210,82,123,1,4,25,7,8,0,5,54,0,0,0,0,17,0,0,0,0,0,0,5,0,0,0,2,0,0,0,0,0,0,0,0,0
22,HUNEDOARA,"CĂMINUL CULTURAL LĂPUGIU DE JOS",387,"LĂPUGIU DE JOS",89954,1,PROV,PRCNCT,CD,CD_SV,"2021-01-21 12:30:02",435,366,68,1,192,124,67,1,420,228,191,0,1,50,3,9,2,13,59,1,0,0,0,29,17,3,0,0,0,0,4,0,0,0,0,0,0,1,0,0,0,0,0,0
22,HUNEDOARA,"CĂMINUL CULTURAL OHABA",388,"LĂPUGIU DE JOS",89954,1,PROV,PRCNCT,CD,CD_SV,"2021-01-21 12:30:02",502,396,106,0,217,111,106,0,450,233,215,1,1,32,2,50,2,2,57,0,0,24,0,36,3,2,1,0,0,0,4,0,0,0,0,0,0,0,0,0,0,0,0,0
22,HUNEDOARA,"CĂMINUL CULTURAL LĂPUGIU DE SUS",389,"LĂPUGIU DE JOS",89954,1,PROV,PRCNCT,CD,CD_SV,"2021-01-21 12:30:02",333,305,28,0,143,115,28,0,360,217,138,4,1,45,5,5,1,10,21,1,0,2,0,43,2,0,1,0,0,0,1,0,0,0,1,0,0,0,0,0,0,0,0,0
22,HUNEDOARA,"PRIMARIA COMUNEI LELESE, SALA BIBLIONET",390,LELESE,90066,1,PROV,PRCNCT,CD,CD_SV,"2021-01-21 12:30:02",165,150,12,3,66,52,11,3,180,114,65,0,1,39,5,1,1,1,12,2,0,0,0,3,0,0,1,0,0,0,0,0,0,0,0,0,0,0,0,0,0,0,0,0
22,HUNEDOARA,"CĂMINUL CULTURAL CERIȘOR",391,LELESE,90066,1,PROV,PRCNCT,CD,CD_SV,"2021-01-21 12:30:02",96,78,18,0,53,35,18,0,100,47,51,2,0,36,2,2,0,1,3,0,0,0,0,7,0,0,0,0,0,0,0,0,0,0,0,0,0,0,0,0,0,0,0,0
22,HUNEDOARA,"CAMIN CULTURAL RUNCU MARE",392,LELESE,90066,1,PROV,PRCNCT,CD,CD_SV,"2021-01-21 12:30:02",99,84,15,0,43,28,15,0,120,77,42,1,0,20,2,6,0,1,7,1,1,1,0,2,0,0,0,0,0,0,0,0,0,0,0,0,1,0,0,0,0,0,0,0
22,HUNEDOARA,"ŞCOALA GIMNAZIALĂ LUNCA CERNII DE JOS",393,"LUNCA CERNII DE JOS",90119,1,PROV,PRCNCT,CD,CD_SV,"2021-01-21 12:30:02",383,370,13,0,155,142,13,0,420,265,151,3,1,47,14,1,0,3,77,0,1,1,0,5,1,0,1,0,0,0,0,0,0,0,0,0,0,0,0,0,0,0,0,0
22,HUNEDOARA,"CĂMIN CULTURAL NEGOIU",394,"LUNCA CERNII DE JOS",90119,1,PROV,PRCNCT,CD,CD_SV,"2021-01-21 12:30:02",162,148,14,0,79,65,14,0,180,101,76,3,0,12,10,1,0,1,37,0,3,0,0,7,1,0,2,0,1,0,1,0,0,0,0,0,0,0,0,0,0,0,0,0
22,HUNEDOARA,"CĂMIN CULTURAL MERIA",395,"LUNCA CERNII DE JOS",90119,1,PROV,PRCNCT,CD,CD_SV,"2021-01-21 12:30:02",219,216,3,0,90,87,3,0,240,150,88,2,0,6,13,6,0,15,37,1,0,1,0,2,6,0,1,0,0,0,0,0,0,0,0,0,0,0,0,0,0,0,0,0
22,HUNEDOARA,"CĂMINUL CULTURAL LUNCOIU DE JOS",396,"LUNCOIU DE JOS",90208,1,PROV,PRCNCT,CD,CD_SV,"2021-01-21 12:30:02",912,873,39,0,373,334,39,0,1000,627,362,6,5,113,8,27,2,12,115,2,0,0,0,72,6,0,1,0,1,0,0,0,0,0,0,0,0,0,0,1,0,0,1,1
22,HUNEDOARA,"CĂMINUL CULTURAL LUNCOIU DE SUS",397,"LUNCOIU DE JOS",90208,1,PROV,PRCNCT,CD,CD_SV,"2021-01-21 12:30:02",649,623,26,0,285,259,26,0,690,405,276,7,2,72,12,17,1,3,100,4,0,0,0,61,0,1,3,1,0,0,1,0,0,0,0,0,0,0,0,0,0,0,0,0
22,HUNEDOARA,"ȘCOALA PRIMARĂ MĂRTINEŞTI",398,MĂRTINEŞTI,90262,1,PROV,PRCNCT,CD,CD_SV,"2021-01-21 12:30:02",256,227,29,0,113,84,29,0,270,157,111,2,0,40,3,22,1,1,13,1,0,0,0,19,1,0,0,0,0,0,6,0,0,2,0,0,0,0,0,0,1,0,1,0
22,HUNEDOARA,"CĂMINUL CULTURAL DÂNCU MARE",399,MĂRTINEŞTI,90262,1,PROV,PRCNCT,CD,CD_SV,"2021-01-21 12:30:02",232,198,34,0,130,96,34,0,240,110,129,0,1,86,2,5,2,3,21,0,0,0,0,7,1,0,0,0,0,0,1,0,0,0,1,0,0,0,0,0,0,0,0,0
22,HUNEDOARA,"CĂMINUL CULTURAL DÂNCU MIC",400,MĂRTINEŞTI,90262,1,PROV,PRCNCT,CD,CD_SV,"2021-01-21 12:30:02",137,89,48,0,87,39,48,0,121,34,85,0,2,26,2,5,4,1,41,0,1,0,0,1,0,0,1,1,0,0,1,0,0,1,0,0,0,0,0,0,0,0,0,0
22,HUNEDOARA,"CĂMINUL CULTURAL JELEDINŢI",401,MĂRTINEŞTI,90262,1,PROV,PRCNCT,CD,CD_SV,"2021-01-21 12:30:02",230,209,21,0,93,72,21,0,240,147,93,0,0,26,1,16,11,3,27,0,0,0,0,5,0,2,0,0,0,0,1,0,0,0,0,0,0,0,0,0,0,0,1,0
22,HUNEDOARA,"CĂMINUL CULTURAL TĂMĂŞASA",402,MĂRTINEŞTI,90262,1,PROV,PRCNCT,CD,CD_SV,"2021-01-21 12:30:02",115,94,21,0,60,39,21,0,120,60,56,2,2,32,1,2,1,2,11,1,0,0,0,4,0,1,0,0,0,0,1,0,0,0,0,0,0,0,0,0,0,0,0,0
22,HUNEDOARA,"CAMIN CULTURAL ORASTIOARA DE SUS",403,"ORĂŞTIOARA DE SUS",90342,1,PROV,PRCNCT,CD,CD_SV,"2021-01-21 12:30:02",436,414,21,1,160,138,21,1,480,320,156,3,1,32,6,11,14,8,66,2,1,0,0,10,1,2,0,0,0,0,1,0,1,0,0,0,0,1,0,0,0,0,0,0
22,HUNEDOARA,"CAMIN CULTURAL BUCIUM",404,"ORĂŞTIOARA DE SUS",90342,1,PROV,PRCNCT,CD,CD_SV,"2021-01-21 12:30:02",303,275,23,5,181,153,23,5,330,149,177,3,1,35,11,13,2,8,84,2,3,1,0,13,0,3,0,0,0,0,1,0,0,0,0,1,0,0,0,0,0,0,0,0
22,HUNEDOARA,"CĂMINUL CULTURAL LUDEŞTII DE JOS",405,"ORĂŞTIOARA DE SUS",90342,1,PROV,PRCNCT,CD,CD_SV,"2021-01-21 12:30:02",302,280,21,1,116,94,21,1,330,214,116,0,0,33,5,6,1,1,54,4,0,1,0,6,1,0,1,0,0,0,1,1,0,1,0,0,0,0,0,0,0,0,0,0
22,HUNEDOARA,"CAMIN CULTURAL COSTESTI",406,"ORĂŞTIOARA DE SUS",90342,1,PROV,PRCNCT,CD,CD_SV,"2021-01-21 12:30:02",451,414,32,5,189,153,31,5,476,287,187,1,1,48,13,12,1,2,100,1,0,0,0,6,0,1,0,0,1,0,1,0,0,0,0,0,0,0,0,0,0,0,1,0
22,HUNEDOARA,"CĂMINUL CULTURAL GRĂDIŞTEA DE MUNTE",407,"ORĂŞTIOARA DE SUS",90342,1,PROV,PRCNCT,CD,CD_SV,"2021-01-21 12:30:02",144,132,12,0,67,55,12,0,150,83,67,0,0,16,5,2,1,4,26,1,0,0,0,7,0,0,1,0,0,0,1,0,0,0,1,0,0,1,0,0,0,0,1,0
22,HUNEDOARA,"CĂMINUL CULTURAL OCOLIŞU MIC",408,"ORĂŞTIOARA DE SUS",90342,1,PROV,PRCNCT,CD,CD_SV,"2021-01-21 12:30:02",322,307,15,0,147,132,15,0,360,213,145,2,0,35,6,6,2,2,60,2,3,0,0,21,2,1,1,0,0,1,1,1,0,0,1,0,0,0,0,0,0,0,0,0
22,HUNEDOARA,"CĂMINUL CULTURAL PESTIȘU MIC",409,"PESTIŞU MIC",90431,1,PROV,PRCNCT,CD,CD_SV,"2021-01-21 12:30:02",205,179,26,0,115,89,26,0,210,95,115,0,0,26,3,12,7,4,49,2,1,1,0,10,0,0,0,0,0,0,0,0,0,0,0,0,0,0,0,0,0,0,0,0
22,HUNEDOARA,"CĂMINUL CULTURAL ALMAŞU MIC",410,"PESTIŞU MIC",90431,1,PROV,PRCNCT,CD,CD_SV,"2021-01-21 12:30:02",93,55,38,0,69,31,38,0,100,31,66,1,2,20,1,7,1,8,19,1,1,1,0,6,0,0,1,0,0,0,0,0,0,0,0,0,0,0,0,0,0,0,0,0
22,HUNEDOARA,"CĂMINUL CULTURAL CIULPĂZ",411,"PESTIŞU MIC",90431,1,PROV,PRCNCT,CD,CD_SV,"2021-01-21 12:30:02",106,91,15,0,42,27,15,0,121,79,42,0,0,19,4,3,1,2,11,0,0,0,0,0,1,0,0,0,0,0,1,0,0,0,0,0,0,0,0,0,0,0,0,0
22,HUNEDOARA,"ȘCOALA PRIMARĂ JOSANI",412,"PESTIŞU MIC",90431,1,PROV,PRCNCT,CD,CD_SV,"2021-01-21 12:30:02",193,170,22,1,100,77,22,1,210,110,100,0,0,31,11,6,1,1,36,0,1,0,1,6,0,0,0,0,0,0,3,0,0,1,1,0,1,0,0,0,0,0,0,0
22,HUNEDOARA,"ȘCOALA PRIMARĂ MĂNERĂU",413,"PESTIŞU MIC",90431,1,PROV,PRCNCT,CD,CD_SV,"2021-01-21 12:30:02",251,235,16,0,118,102,16,0,270,152,116,2,0,54,7,5,0,6,26,1,2,2,1,8,1,1,0,0,0,0,1,0,0,0,0,0,0,1,0,0,0,0,0,0
22,HUNEDOARA,"ȘCOALA PRIMARĂ NANDRU",414,"PESTIŞU MIC",90431,1,PROV,PRCNCT,CD,CD_SV,"2021-01-21 12:30:02",163,135,27,1,96,68,27,1,150,54,94,2,0,34,2,5,1,11,27,2,0,0,3,5,1,0,1,0,0,0,1,0,0,1,0,0,0,0,0,0,0,0,0,0
22,HUNEDOARA,"ȘCOALA PRIMARĂ VALEA NANDRULUI",415,"PESTIŞU MIC",90431,1,PROV,PRCNCT,CD,CD_SV,"2021-01-21 12:30:02",149,119,27,3,94,64,27,3,150,56,93,1,0,14,3,4,0,17,45,1,1,0,0,6,0,1,0,0,0,0,0,0,0,0,0,0,1,0,0,0,0,0,0,0
22,HUNEDOARA,"ŞCOALA GIMNAZIALĂ PUI",416,PUI,90538,1,PROV,PRCNCT,CD,CD_SV,"2021-01-21 12:30:02",692,663,21,8,270,241,21,8,750,480,258,7,5,74,14,16,5,5,109,0,0,0,0,31,3,0,0,0,0,0,1,0,0,0,0,0,0,0,0,0,0,0,0,0
22,HUNEDOARA,"ŞCOALA PRIMARĂ RUŞOR",417,PUI,90538,1,PROV,PRCNCT,CD,CD_SV,"2021-01-21 12:30:02",289,270,15,4,149,130,15,4,300,151,148,1,0,37,5,8,3,4,73,0,1,0,0,13,3,1,0,0,0,0,0,0,0,0,0,0,0,0,0,0,0,0,0,0
22,HUNEDOARA,"ŞCOALA GIMNAZIALĂ BĂIEŞTI (CORP CLS. I-IV)",418,PUI,90538,1,PROV,PRCNCT,CD,CD_SV,"2021-01-21 12:30:02",219,193,21,5,113,87,21,5,240,127,110,1,2,20,9,6,2,4,53,2,1,0,0,11,0,1,0,0,0,0,1,0,0,0,0,0,0,0,0,0,0,0,0,0
22,HUNEDOARA,"ŞCOALA PRIMARĂ GALAŢI",419,PUI,90538,2,PART,PRCNCT,CD,CD_SV,"2021-01-21 12:30:02",409,386,21,2,155,132,21,2,450,295,145,9,1,36,9,5,3,3,67,2,0,0,0,19,0,0,0,0,0,0,1,0,0,0,0,0,0,0,0,0,0,0,0,0
22,HUNEDOARA,"ŞCOALA PRIMARĂ NR. 1 FIZEŞTI",420,PUI,90538,1,PROV,PRCNCT,CD,CD_SV,"2021-01-21 12:30:02",272,257,11,4,102,87,11,4,300,198,99,3,0,12,12,9,3,2,52,1,1,0,1,4,0,0,0,0,0,0,0,0,0,0,2,0,0,0,0,0,0,0,0,0
22,HUNEDOARA,"ŞCOALA PRIMARĂ ŞEREL",421,PUI,90538,1,PROV,PRCNCT,CD,CD_SV,"2021-01-21 12:30:02",371,358,13,0,166,153,13,0,420,254,161,4,1,21,6,9,1,2,79,1,0,3,0,34,2,2,1,0,0,0,0,0,0,0,0,0,0,0,0,0,0,0,0,0
22,HUNEDOARA,"CĂMINUL CULTURAL RÂU BĂRBAT",422,PUI,90538,1,PROV,PRCNCT,CD,CD_SV,"2021-01-21 12:30:02",193,158,20,15,114,79,20,15,180,66,112,2,0,21,5,4,1,2,76,1,0,0,0,1,0,0,0,0,0,0,0,0,0,0,0,1,0,0,0,0,0,0,0,0
22,HUNEDOARA,"ŞCOALA PRIMARĂ HOBIŢA",423,PUI,90538,1,PROV,PRCNCT,CD,CD_SV,"2021-01-21 12:30:02",169,153,12,4,100,84,12,4,180,80,98,2,0,14,6,12,4,4,50,2,0,0,0,6,0,0,0,0,0,0,0,0,0,0,0,0,0,0,0,0,0,0,0,0
22,HUNEDOARA,"ŞCOALA PRIMARĂ URIC",424,PUI,90538,2,PART,PRCNCT,CD,CD_SV,"2021-01-21 12:30:02",273,255,11,7,145,127,11,7,300,155,144,1,0,39,15,8,1,3,67,2,1,0,0,7,0,0,1,0,0,0,0,0,0,0,0,0,0,0,0,0,0,0,0,0
22,HUNEDOARA,"ŞCOALA PRIMARĂ PONOR",425,PUI,90538,2,PART,PRCNCT,CD,CD_SV,"2021-01-21 12:30:02",376,365,8,3,149,138,8,3,420,271,148,1,0,46,16,7,3,3,62,0,0,0,0,8,0,0,0,1,0,0,0,0,0,0,0,0,1,0,0,0,0,0,0,1
22,HUNEDOARA,"ŞCOALA PRIMARĂ OHABA PONOR",426,PUI,90538,1,PROV,PRCNCT,CD,CD_SV,"2021-01-21 12:30:02",213,203,9,1,84,74,9,1,240,156,84,0,0,16,9,12,2,4,29,0,0,0,1,9,0,0,1,0,0,0,0,0,0,0,0,0,1,0,0,0,0,0,0,0
22,HUNEDOARA,"ŞCOALA PRIMARĂ FEDERI",427,PUI,90538,1,PROV,PRCNCT,CD,CD_SV,"2021-01-21 12:30:02",208,197,11,0,75,64,11,0,240,165,75,0,0,8,4,2,4,2,47,4,0,0,0,4,0,0,0,0,0,0,0,0,0,0,0,0,0,0,0,0,0,0,0,0
22,HUNEDOARA,"CĂMINUL CULTURAL BOIU",428,"RAPOLTU MARE",90663,1,PROV,PRCNCT,CD,CD_SV,"2021-01-21 12:30:02",139,123,16,0,69,53,16,0,150,81,65,3,1,19,10,2,1,2,17,2,0,0,0,3,3,0,2,0,1,1,2,0,0,0,0,0,0,0,0,0,0,0,0,0
22,HUNEDOARA,"CĂMINUL CULTURAL BOBÂLNA",429,"RAPOLTU MARE",90663,1,PROV,PRCNCT,CD,CD_SV,"2021-01-21 12:30:02",408,381,27,0,146,119,27,0,420,274,142,3,1,50,11,1,1,4,48,1,1,0,0,15,4,1,0,2,0,0,2,0,0,0,0,0,1,0,0,0,0,0,0,0
22,HUNEDOARA,"CĂMINUL CULTURAL FOLT",430,"RAPOLTU MARE",90663,1,PROV,PRCNCT,CD,CD_SV,"2021-01-21 12:30:02",155,135,20,0,75,55,20,0,149,74,73,1,1,20,8,7,1,2,14,2,2,0,0,9,4,1,0,0,0,0,1,0,0,0,0,0,0,0,0,0,0,0,1,1
22,HUNEDOARA,"CĂMINUL CULTURAL RAPOLŢEL",431,"RAPOLTU MARE",90663,2,PART,PRCNCT,CD,CD_SV,"2021-01-21 12:30:02",202,181,21,0,79,58,21,0,209,130,78,1,0,22,8,1,1,2,33,0,1,0,0,7,1,0,0,0,0,0,1,0,0,1,0,0,0,0,0,0,0,0,0,0
22,HUNEDOARA,"PRIMĂRIA COMUNEI RAPOLTU MARE",432,"RAPOLTU MARE",90663,1,PROV,PRCNCT,CD,CD_SV,"2021-01-21 12:30:02",790,759,31,0,299,268,31,0,840,541,296,1,2,101,32,15,0,7,72,0,3,3,1,43,3,0,0,0,0,0,13,0,0,1,0,0,0,0,0,1,1,0,0,0
22,HUNEDOARA,"CAMINUL CULTURAL RĂCHITOVA",433,RĂCHITOVA,90725,1,PROV,PRCNCT,CD,CD_SV,"2021-01-21 12:30:02",532,505,27,0,261,234,27,0,570,309,258,3,0,192,8,9,3,5,29,1,1,0,0,2,4,0,1,0,0,0,1,1,0,0,0,0,0,0,0,0,0,1,0,0
22,HUNEDOARA,"SCOALA PRIMARA BOIȚA",434,RĂCHITOVA,90725,1,PROV,PRCNCT,CD,CD_SV,"2021-01-21 12:30:02",380,353,25,2,159,132,25,2,400,241,158,1,0,71,3,7,1,5,64,0,0,1,0,6,0,0,0,0,0,0,0,0,0,0,0,0,0,0,0,0,0,0,0,0
22,HUNEDOARA,"SCOALA PRIMARA VĂLIOARA",435,RĂCHITOVA,90725,1,PROV,PRCNCT,CD,CD_SV,"2021-01-21 12:30:02",199,186,13,0,94,81,13,0,210,116,94,0,0,36,13,5,3,4,21,0,2,0,0,10,0,0,0,0,0,0,0,0,0,0,0,0,0,0,0,0,0,0,0,0
22,HUNEDOARA,"ŞCOALA GENERALĂ RÎU DE MORI",436,"RÂU DE MORI",90878,1,PROV,PRCNCT,CD,CD_SV,"2021-01-21 12:30:02",893,845,39,9,394,346,39,9,960,566,389,4,1,220,6,25,10,12,71,1,2,3,0,31,1,0,1,0,2,1,1,0,0,0,0,0,1,0,0,0,0,0,1,0
22,HUNEDOARA,"ȘCOALA PRIMARĂ CLOPOTIVA",437,"RÂU DE MORI",90878,1,PROV,PRCNCT,CD,CD_SV,"2021-01-21 12:30:02",711,679,29,3,309,279,27,3,750,441,304,5,0,126,26,33,5,12,72,1,2,6,0,16,1,0,0,0,0,0,2,0,0,1,1,0,0,0,0,0,0,0,0,0
22,HUNEDOARA,"CĂMINUL CULTURAL OSTROV",438,"RÂU DE MORI",90878,1,PROV,PRCNCT,CD,CD_SV,"2021-01-21 12:30:02",397,381,16,0,168,152,16,0,420,252,168,0,0,93,4,14,5,7,37,0,2,0,0,5,0,0,0,0,0,0,1,0,0,0,0,0,0,0,0,0,0,0,0,0
22,HUNEDOARA,"CĂMINUL CULTURAL VALEA DÎLJII",439,"RÂU DE MORI",90878,1,PROV,PRCNCT,CD,CD_SV,"2021-01-21 12:30:02",203,192,11,0,112,101,11,0,240,128,110,2,0,55,8,3,1,8,19,6,0,0,0,9,0,0,0,0,0,0,1,0,0,0,0,0,0,0,0,0,0,0,0,0
22,HUNEDOARA,"ȘCOALA PRIMARĂ UNCIUC",440,"RÂU DE MORI",90878,1,PROV,PRCNCT,CD,CD_SV,"2021-01-21 12:30:02",211,189,22,0,121,99,22,0,210,89,118,3,0,63,8,4,9,3,14,6,2,1,0,6,0,0,1,0,0,0,1,0,0,0,0,0,0,0,0,0,0,0,0,0
22,HUNEDOARA,"ȘCOALA PRIMARĂ SIBIȘEL",441,"RÂU DE MORI",90878,2,PART,PRCNCT,CD,CD_SV,"2021-01-21 12:30:02",337,316,21,0,158,137,21,0,360,202,153,4,1,70,5,14,6,3,26,7,0,4,0,16,0,1,0,0,0,0,1,0,0,0,0,0,0,0,0,0,0,0,0,0
22,HUNEDOARA,"CĂMINUL CULTURAL RIBIŢA",442,RIBIŢA,90805,1,PROV,PRCNCT,CD,CD_SV,"2021-01-21 12:30:02",565,514,35,16,272,221,35,16,570,298,268,1,3,113,4,17,6,4,85,3,1,2,0,27,1,2,0,0,0,0,0,0,0,0,0,0,0,0,1,0,0,0,2,0
22,HUNEDOARA,"CĂMINUL CULTURAL ”VIOREL BRANA” CRIŞAN",443,RIBIŢA,90805,1,PROV,PRCNCT,CD,CD_SV,"2021-01-21 12:30:02",374,341,18,15,208,175,18,15,389,181,207,1,0,139,6,7,2,3,28,1,0,0,0,17,2,1,0,0,0,0,1,0,0,0,0,0,0,0,0,0,0,0,0,0
22,HUNEDOARA,"CĂMINUL CULTURAL DUMBRAVA DE JOS",444,RIBIŢA,90805,1,PROV,PRCNCT,CD,CD_SV,"2021-01-21 12:30:02",166,133,23,10,102,69,23,10,150,48,99,2,1,61,3,3,6,1,15,4,0,0,0,4,0,0,1,0,0,0,1,0,0,0,0,0,0,0,0,0,0,0,0,0
22,HUNEDOARA,"ŞCOALA PRIMARĂ DUMBRAVA DE SUS",445,RIBIŢA,90805,1,PROV,PRCNCT,CD,CD_SV,"2021-01-21 12:30:02",89,72,15,2,52,35,15,2,100,48,49,0,3,22,1,2,8,1,4,2,0,0,0,5,0,1,1,0,1,0,1,0,0,0,0,0,0,0,0,0,0,0,0,0
22,HUNEDOARA,"ŞCOALA PRIMARĂ UIBĂREŞTI",446,RIBIŢA,90805,1,PROV,PRCNCT,CD,CD_SV,"2021-01-21 12:30:02",75,54,19,2,42,21,19,2,70,28,40,1,1,18,2,1,5,1,7,1,0,0,0,4,0,0,0,0,0,0,1,0,0,0,0,0,0,0,0,0,0,0,0,0
22,HUNEDOARA,"SCOALA PRIMARA ROMOS",447,ROMOS,90994,1,PROV,PRCNCT,CD,CD_SV,"2021-01-21 12:30:02",985,958,18,9,333,308,16,9,1080,747,327,5,1,70,12,43,3,7,151,2,0,0,0,29,2,1,3,1,0,0,1,1,0,0,0,0,0,1,0,0,0,0,0,0
22,HUNEDOARA,"SCOALA PRIMARA ROMOSEL",448,ROMOS,90994,1,PROV,PRCNCT,CD,CD_SV,"2021-01-21 12:30:02",601,586,13,2,202,188,12,2,660,458,194,6,2,30,2,35,4,7,79,3,0,0,0,27,2,1,1,0,0,0,1,0,0,0,1,0,0,1,0,0,0,0,0,0
22,HUNEDOARA,"SCOALA PRIMARA VAIDEI",449,ROMOS,90994,1,PROV,PRCNCT,CD,CD_SV,"2021-01-21 12:30:02",546,526,19,1,166,146,19,1,600,434,161,5,0,32,10,42,2,3,44,3,1,0,0,21,1,0,2,0,0,0,0,0,0,0,0,0,0,0,0,0,0,0,0,0
22,HUNEDOARA,"SCOALA PRIMARA PISCHINTI",450,ROMOS,90994,1,PROV,PRCNCT,CD,CD_SV,"2021-01-21 12:30:02",185,175,10,0,67,57,10,0,210,143,66,1,0,19,3,4,0,2,26,2,0,0,0,8,0,0,0,0,0,0,1,0,0,0,1,0,0,0,0,0,0,0,0,0
22,HUNEDOARA,"CAMINUL CULTURAL SARMIZEGETUSA",451,SARMIZEGETUSA,91054,3,PART,PRCNCT,CD,CD_SV,"2021-01-21 12:30:02",488,448,15,25,296,256,15,25,510,214,296,0,0,64,22,10,6,3,175,0,0,0,0,12,1,0,0,0,0,0,3,0,0,0,0,0,0,0,0,0,0,0,0,0
22,HUNEDOARA,"SCOALA PRIMARA BREAZOVA",452,SARMIZEGETUSA,91054,1,PROV,PRCNCT,CD,CD_SV,"2021-01-21 12:30:02",167,153,10,4,117,103,10,4,180,63,115,2,0,15,13,2,10,3,58,0,0,8,2,3,0,1,0,0,0,0,0,0,0,0,0,0,0,0,0,0,0,0,0,0
22,HUNEDOARA,"SCOALA PRIMARA HOBITA-GRADISTE",453,SARMIZEGETUSA,91054,1,PROV,PRCNCT,CD,CD_SV,"2021-01-21 12:30:02",131,109,11,11,88,66,11,11,120,32,85,2,1,9,16,9,1,0,47,0,0,0,0,1,0,0,1,0,0,0,0,0,0,1,0,0,0,0,0,0,0,0,0,0
22,HUNEDOARA,"CAMINUL CULTURAL PAUCINESTI",454,SARMIZEGETUSA,91054,1,PROV,PRCNCT,CD,CD_SV,"2021-01-21 12:30:02",168,145,13,10,120,97,13,10,180,60,119,1,0,9,5,6,3,1,92,0,0,0,0,3,0,0,0,0,0,0,0,0,0,0,0,0,0,0,0,0,0,0,0,0
22,HUNEDOARA,"CAMINUL CULTURAL ZEICANI",455,SARMIZEGETUSA,91054,1,PROV,PRCNCT,CD,CD_SV,"2021-01-21 12:30:02",121,103,11,7,75,57,11,7,120,45,75,0,0,13,6,5,10,1,32,0,0,0,0,6,0,1,1,0,0,0,0,0,0,0,0,0,0,0,0,0,0,0,0,0
22,HUNEDOARA,"CĂMINUL CULTURAL SĂLAȘU DE SUS",456,"SĂLAŞU DE SUS",91116,1,PROV,PRCNCT,CD,CD_SV,"2021-01-21 12:30:02",451,414,36,1,207,170,36,1,480,273,201,5,1,64,35,18,3,3,51,1,1,4,0,12,2,4,1,0,0,0,1,0,0,0,1,0,0,0,0,0,0,0,0,0
22,HUNEDOARA,"ŞCOALA GENERALĂ SĂLAŞU DE JOS",457,"SĂLAŞU DE SUS",91116,1,PROV,PRCNCT,CD,CD_SV,"2021-01-21 12:30:02",209,190,19,0,116,97,19,0,240,124,114,2,0,27,52,5,3,7,11,0,4,0,0,5,0,0,0,0,0,0,0,0,0,0,0,0,0,0,0,0,0,0,0,0
22,HUNEDOARA,"ŞCOALA GENERALĂ OHABA DE SUB PIATRĂ",458,"SĂLAŞU DE SUS",91116,1,PROV,PRCNCT,CD,CD_SV,"2021-01-21 12:30:02",181,163,18,0,93,75,18,0,180,87,93,0,0,24,15,6,4,29,7,1,2,0,0,5,0,0,0,0,0,0,0,0,0,0,0,0,0,0,0,0,0,0,0,0
22,HUNEDOARA,"ŞCOALA GENERALĂ RÂU ALB",459,"SĂLAŞU DE SUS",91116,1,PROV,PRCNCT,CD,CD_SV,"2021-01-21 12:30:02",168,157,11,0,73,62,11,0,180,107,71,2,0,29,8,4,6,8,14,0,0,0,0,2,0,0,0,0,0,0,0,0,0,0,0,0,0,0,0,0,0,0,0,0
22,HUNEDOARA,"CĂMINUL CULTURAL COROIEŞTI",460,"SĂLAŞU DE SUS",91116,1,PROV,PRCNCT,CD,CD_SV,"2021-01-21 12:30:02",164,153,11,0,80,69,11,0,180,100,78,1,1,34,3,2,2,2,28,1,0,0,0,4,0,0,1,0,0,0,0,0,0,0,0,0,0,0,0,0,0,0,1,0
22,HUNEDOARA,"ŞCOALA GENERALĂ PAROŞ",461,"SĂLAŞU DE SUS",91116,1,PROV,PRCNCT,CD,CD_SV,"2021-01-21 12:30:02",294,265,29,0,163,134,29,0,300,137,159,4,0,50,34,11,14,14,20,1,1,0,0,9,0,1,1,0,0,1,0,0,0,0,1,0,0,0,0,0,0,0,1,0
22,HUNEDOARA,"ŞCOALA GENERALĂ NUCŞOARA",462,"SĂLAŞU DE SUS",91116,1,PROV,PRCNCT,CD,CD_SV,"2021-01-21 12:30:02",247,232,15,0,117,102,15,0,270,153,112,5,0,46,7,5,18,3,24,1,1,1,0,5,0,0,0,0,0,0,0,0,0,1,0,0,0,0,0,0,0,0,0,0
22,HUNEDOARA,"CĂMINUL CULTURAL MĂLĂIEŞTI",463,"SĂLAŞU DE SUS",91116,2,PART,PRCNCT,CD,CD_SV,"2021-01-21 12:30:02",133,123,10,0,91,81,10,0,150,59,90,0,1,22,23,3,2,2,33,0,0,0,0,4,1,0,0,0,0,0,0,0,0,0,0,0,0,0,0,0,0,0,0,0
22,HUNEDOARA,"CĂMINUL CULTURAL ZĂVOI",464,"SĂLAŞU DE SUS",91116,1,PROV,PRCNCT,CD,CD_SV,"2021-01-21 12:30:02",122,108,14,0,65,51,14,0,119,54,65,0,0,25,11,4,3,5,13,1,1,0,0,2,0,0,0,0,0,0,0,0,0,0,0,0,0,0,0,0,0,0,0,0
22,HUNEDOARA,"ŞCOALA GENERALĂ RÂU MIC",465,"SĂLAŞU DE SUS",91116,1,PROV,PRCNCT,CD,CD_SV,"2021-01-21 12:30:02",158,146,12,0,86,74,12,0,180,94,85,0,1,35,12,7,0,5,23,1,0,0,0,2,0,0,0,0,0,0,0,0,0,0,0,0,0,0,0,0,0,0,0,0
22,HUNEDOARA,"CĂMINUL CULTURAL SÂNTĂMĂRIA-ORLEA",466,SÂNTĂMĂRIA-ORLEA,91232,1,PROV,PRCNCT,CD,CD_SV,"2021-01-21 12:30:02",656,631,21,4,249,224,21,4,720,471,246,2,1,106,18,18,5,20,46,2,1,0,0,26,3,0,0,0,1,0,0,0,0,0,0,0,0,0,0,0,0,0,0,0
22,HUNEDOARA,"ŞCOALA PRIMARĂ SUBCETATE",467,SÂNTĂMĂRIA-ORLEA,91232,1,PROV,PRCNCT,CD,CD_SV,"2021-01-21 12:30:02",487,470,12,5,145,128,12,5,540,395,142,3,0,69,12,15,2,13,16,1,0,0,0,11,1,0,0,0,0,0,0,0,0,0,1,1,0,0,0,0,0,0,0,0
22,HUNEDOARA,"CĂMINUL CULTURAL BUCIUM-ORLEA",468,SÂNTĂMĂRIA-ORLEA,91232,1,PROV,PRCNCT,CD,CD_SV,"2021-01-21 12:30:02",181,168,12,1,93,80,12,1,210,117,91,2,0,43,6,3,1,6,16,1,1,2,0,10,0,0,1,0,0,0,1,0,0,0,0,0,0,0,0,0,0,0,0,0
22,HUNEDOARA,"CĂMINUL CULTURAL BALOMIR",469,SÂNTĂMĂRIA-ORLEA,91232,1,PROV,PRCNCT,CD,CD_SV,"2021-01-21 12:30:02",282,264,13,5,141,123,13,5,300,159,138,3,0,82,8,7,2,1,13,2,1,2,0,13,1,0,5,0,1,0,0,0,0,0,0,0,0,0,0,0,0,0,0,0
22,HUNEDOARA,"ŞCOALA PRIMARĂ CIOPEIA",470,SÂNTĂMĂRIA-ORLEA,91232,1,PROV,PRCNCT,CD,CD_SV,"2021-01-21 12:30:02",339,324,12,3,112,97,12,3,360,248,110,1,1,71,11,5,0,3,6,2,2,2,0,5,1,0,0,0,0,0,0,0,0,1,0,0,0,0,0,0,1,0,0,0
22,HUNEDOARA,"ŞCOALA PRIMARĂ BĂRĂŞTII-HAŢEGULUI",471,SÂNTĂMĂRIA-ORLEA,91232,1,PROV,PRCNCT,CD,CD_SV,"2021-01-21 12:30:02",323,305,12,6,113,96,11,6,360,247,110,1,2,47,8,10,0,8,27,5,0,0,0,5,0,0,0,0,0,0,0,0,0,0,0,0,0,0,0,0,0,0,0,0
22,HUNEDOARA,"ŞCOALA SĂCEL",472,SÂNTĂMĂRIA-ORLEA,91232,1,PROV,PRCNCT,CD,CD_SV,"2021-01-21 12:30:02",237,228,8,1,84,75,8,1,270,186,84,0,0,32,13,7,1,2,18,2,2,0,0,4,1,0,1,0,0,0,0,0,0,0,0,0,0,0,0,0,0,1,0,0
22,HUNEDOARA,"CĂMINUL CULTURAL SÂNPETRU",473,SÂNTĂMĂRIA-ORLEA,91232,2,PART,PRCNCT,CD,CD_SV,"2021-01-21 12:30:02",211,195,13,3,106,90,13,3,240,134,106,0,0,53,15,6,0,8,16,1,0,0,0,7,0,0,0,0,0,0,0,0,0,0,0,0,0,0,0,0,0,0,0,0
22,HUNEDOARA,"CĂMIN CULTURAL,SAT ŞOIMUŞNR. 310",474,ŞOIMUŞ,91330,1,PROV,PRCNCT,CD,CD_SV,"2021-01-21 12:30:02",1153,1084,68,1,503,434,68,1,1200,697,495,7,1,129,16,28,3,8,224,5,2,3,0,66,2,1,2,0,0,0,3,0,0,0,2,0,0,1,0,0,0,0,0,0
22,HUNEDOARA,"CĂMIN CULTURAL,SAT BĂLATANR. 37",475,ŞOIMUŞ,91330,1,PROV,PRCNCT,CD,CD_SV,"2021-01-21 12:30:02",392,367,25,0,164,139,25,0,420,256,163,0,1,47,6,15,0,3,56,1,1,0,0,28,0,2,1,0,0,1,1,0,0,1,0,0,0,0,0,0,0,0,0,0
22,HUNEDOARA,"CĂMIN CULTURAL SAT BOHOLT, NR. 39",476,ŞOIMUŞ,91330,1,PROV,PRCNCT,CD,CD_SV,"2021-01-21 12:30:02",295,270,25,0,135,110,25,0,300,165,135,0,0,50,4,5,2,4,48,2,1,4,1,12,1,0,0,0,0,0,1,0,0,0,0,0,0,0,0,0,0,0,0,0
22,HUNEDOARA,"CĂMIN CULTURAL SAT FORNĂDIA, NR. 71",477,ŞOIMUŞ,91330,2,PART,PRCNCT,CD,CD_SV,"2021-01-21 12:30:02",204,180,24,0,111,87,24,0,211,100,110,1,0,28,11,10,1,3,43,2,2,0,0,6,0,1,1,0,1,0,1,0,0,0,0,0,0,0,0,0,0,0,0,0
22,HUNEDOARA,"ŞCOALA PRIMARĂ SAT SULIGHETE NR. 88",478,ŞOIMUŞ,91330,1,PROV,PRCNCT,CD,CD_SV,"2021-01-21 12:30:02",263,224,37,2,143,104,37,2,269,126,141,0,2,18,10,3,1,2,96,1,1,1,0,5,0,1,1,0,0,0,1,0,0,0,0,0,0,0,0,0,0,0,0,0
22,HUNEDOARA,"CĂMIN CULTURAL , SAT PĂULIŞ, NR. 61",479,ŞOIMUŞ,91330,1,PROV,PRCNCT,CD,CD_SV,"2021-01-21 12:30:02",609,567,35,7,276,234,35,7,630,354,269,5,2,98,10,13,0,2,104,1,1,0,0,32,3,1,2,0,0,1,0,0,0,0,1,0,0,0,0,0,0,0,0,0
22,HUNEDOARA,"CĂMIN CULTURAL SAT CHIŞCĂDAGA, NR. 94",480,ŞOIMUŞ,91330,1,PROV,PRCNCT,CD,CD_SV,"2021-01-21 12:30:02",331,290,39,2,199,158,39,2,330,131,196,3,0,41,12,9,0,0,112,1,1,0,0,17,0,2,0,0,0,0,1,0,0,0,0,0,0,0,0,0,0,0,0,0
22,HUNEDOARA,"CĂMINUL CULTURAL TELIUCU INFERIOR",481,"TELIUCU INFERIOR",86936,1,PROV,PRCNCT,CD,CD_SV,"2021-01-21 12:30:02",1227,1201,24,2,434,408,24,2,1350,916,420,14,0,133,64,12,3,14,109,6,3,6,2,49,5,8,1,0,1,0,2,0,0,0,0,0,0,0,0,1,0,1,0,0
22,HUNEDOARA,"CASA TINERETULUI CINCIȘAN",482,"TELIUCU INFERIOR",86936,1,PROV,PRCNCT,CD,CD_SV,"2021-01-21 12:30:02",560,528,32,0,238,206,32,0,600,362,232,5,1,89,9,20,2,4,79,1,2,6,0,12,4,3,0,0,0,0,0,0,0,0,1,0,0,0,0,0,0,0,0,0
22,HUNEDOARA,"CĂMINUL CULTURAL IZVOARELE",483,"TELIUCU INFERIOR",86936,2,PART,PRCNCT,CD,CD_SV,"2021-01-21 12:30:02",104,73,30,1,62,31,30,1,100,38,61,0,1,28,4,2,2,1,15,3,1,1,0,2,0,0,0,0,0,0,0,0,1,0,0,0,1,0,0,0,0,0,0,0
22,HUNEDOARA,"CENTRUL CULTURAL RECREATIV PLOSCA",484,"TELIUCU INFERIOR",86936,1,PROV,PRCNCT,CD,CD_SV,"2021-01-21 12:30:02",283,264,19,0,114,95,19,0,300,186,113,0,1,36,5,7,2,3,44,5,1,0,0,5,1,1,1,0,1,0,0,0,1,0,0,0,0,0,0,0,0,0,0,0
22,HUNEDOARA,"ȘCOALA GENERALĂ CLS.1-4 ȘTEIA",485,TOMEŞTI,91447,1,PROV,PRCNCT,CD,CD_SV,"2021-01-21 12:30:02",320,306,14,0,155,141,14,0,360,205,152,1,2,58,7,2,7,1,60,1,1,0,0,10,1,1,0,0,0,0,3,0,0,0,0,0,0,0,0,0,0,0,0,0
22,HUNEDOARA,"CĂMINUL CULTURAL TOMEŞTI",486,TOMEŞTI,91447,1,PROV,PRCNCT,CD,CD_SV,"2021-01-21 12:30:02",230,212,18,0,104,86,18,0,240,136,104,0,0,24,9,2,0,1,54,1,2,1,0,8,0,0,0,0,0,0,1,0,0,0,0,0,0,1,0,0,0,0,0,0
22,HUNEDOARA,"CĂMINUL CULTURAL DOBROȚ",487,TOMEŞTI,91447,1,PROV,PRCNCT,CD,CD_SV,"2021-01-21 12:30:02",347,324,23,0,193,170,23,0,360,167,185,7,1,56,4,5,1,4,100,7,0,1,0,5,0,0,0,0,0,0,1,0,0,1,0,0,0,0,0,0,0,0,0,0
22,HUNEDOARA,"CAMINUL CULTURAL TOPLITA",488,TOPLIŢA,91535,1,PROV,PRCNCT,CD,CD_SV,"2021-01-21 12:30:02",186,150,36,0,95,59,36,0,180,85,93,2,0,23,5,15,1,3,38,3,2,0,0,2,0,1,0,0,0,0,0,0,0,0,0,0,0,0,0,0,0,0,0,0
22,HUNEDOARA,"SCOALA PRIMARA HASDAU",489,TOPLIŢA,91535,1,PROV,PRCNCT,CD,CD_SV,"2021-01-21 12:30:02",316,294,22,0,155,133,22,0,360,205,152,3,0,53,11,19,7,3,46,1,1,1,0,6,0,1,1,0,0,0,0,0,0,0,0,0,0,0,0,0,0,1,1,0
22,HUNEDOARA,"CAMINUL CULTURAL DABICA",490,TOPLIŢA,91535,1,PROV,PRCNCT,CD,CD_SV,"2021-01-21 12:30:02",161,127,34,0,86,52,34,0,150,64,84,2,0,17,7,4,1,2,42,1,0,0,0,7,0,0,2,0,1,0,0,0,0,0,0,0,0,0,0,0,0,0,0,0
22,HUNEDOARA,"CAMINUL CULTURAL DEALU MIC",491,TOPLIŢA,91535,1,PROV,PRCNCT,CD,CD_SV,"2021-01-21 12:30:02",55,40,15,0,32,17,15,0,70,38,32,0,0,9,2,1,1,3,15,1,0,0,0,0,0,0,0,0,0,0,0,0,0,0,0,0,0,0,0,0,0,0,0,0
22,HUNEDOARA,"CĂMIN CULTURAL VĂLARI",492,TOPLIŢA,91535,1,PROV,PRCNCT,CD,CD_SV,"2021-01-21 12:30:02",39,28,11,0,22,11,11,0,60,38,22,0,0,6,2,1,1,0,8,1,0,0,0,2,0,0,0,0,0,0,0,0,0,0,0,0,0,0,0,1,0,0,0,0
22,HUNEDOARA,"ȘCOALA GIMNAZIALĂ TOTEȘTI",493,TOTEŞTI,91624,1,PROV,PRCNCT,CD,CD_SV,"2021-01-21 12:30:02",344,311,20,13,214,181,20,13,360,146,210,3,1,140,14,9,0,7,30,2,1,1,0,6,0,0,0,0,0,0,0,0,0,0,0,0,0,0,0,0,0,0,0,0
22,HUNEDOARA,"CAMINUL CULTURAL CIRNESTI",494,TOTEŞTI,91624,2,PART,PRCNCT,CD,CD_SV,"2021-01-21 12:30:02",400,371,19,10,193,164,19,10,420,227,191,2,0,118,4,16,1,6,29,0,0,0,0,10,2,1,2,0,1,0,0,0,0,0,0,0,0,1,0,0,0,0,0,0
22,HUNEDOARA,"SCOALA PRIMARA PACLISA",495,TOTEŞTI,91624,1,PROV,PRCNCT,CD,CD_SV,"2021-01-21 12:30:02",563,501,32,30,284,222,32,30,570,286,281,3,0,221,4,11,0,0,21,0,1,2,0,17,2,0,0,0,0,0,0,0,0,0,1,0,1,0,0,0,0,0,0,0
22,HUNEDOARA,"SCOALA PRIMARA REEA",496,TOTEŞTI,91624,1,PROV,PRCNCT,CD,CD_SV,"2021-01-21 12:30:02",359,345,12,2,186,172,12,2,400,214,184,2,0,94,9,3,8,2,40,1,1,7,0,17,1,1,0,0,0,0,0,0,0,0,0,0,0,0,0,0,0,0,0,0
22,HUNEDOARA,"CĂMINUL CULTURAL TURDAŞ",497,TURDAŞ,91688,1,PROV,PRCNCT,CD,CD_SV,"2021-01-21 12:30:02",434,409,25,0,180,155,25,0,480,300,178,2,0,60,4,9,3,6,74,0,1,0,0,17,2,0,0,0,0,0,1,0,0,0,0,0,0,0,0,0,1,0,0,0
22,HUNEDOARA,"CĂMINUL CULTURAL PRICAZ",498,TURDAŞ,91688,2,PART,PRCNCT,CD,CD_SV,"2021-01-21 12:30:02",1072,1049,22,1,327,304,22,1,1170,843,307,17,3,96,5,24,7,11,79,6,1,0,0,57,4,1,4,1,0,0,1,0,0,0,0,0,9,0,0,0,0,0,1,0
22,HUNEDOARA,"ŞCOALA PRIMARĂ SPINI",499,TURDAŞ,91688,1,PROV,PRCNCT,CD,CD_SV,"2021-01-21 12:30:02",253,239,14,0,78,64,14,0,270,192,75,1,2,30,4,3,1,4,20,0,0,0,0,10,0,1,0,0,1,0,1,0,0,0,0,0,0,0,0,0,0,0,0,0
22,HUNEDOARA,"ȘCOALA GIMNAZIALĂ VAȚA DE JOS",500,"VAŢA DE JOS",91795,2,PART,PRCNCT,CD,CD_SV,"2021-01-21 12:30:02",860,846,14,0,304,290,14,0,930,626,300,3,1,136,11,13,5,6,85,6,5,1,0,22,2,0,1,0,1,0,2,0,0,0,2,0,2,0,0,0,0,0,0,0
22,HUNEDOARA,"ȘCOALA PRIMARĂ CĂZĂNEȘTI",501,"VAŢA DE JOS",91795,1,PROV,PRCNCT,CD,CD_SV,"2021-01-21 12:30:02",172,162,10,0,65,55,10,0,180,115,65,0,0,29,5,1,1,2,17,3,3,0,0,3,0,0,0,0,0,0,1,0,0,0,0,0,0,0,0,0,0,0,0,0
22,HUNEDOARA,"ȘCOALA PRIMARĂ BIRTIN",502,"VAŢA DE JOS",91795,2,PART,PRCNCT,CD,CD_SV,"2021-01-21 12:30:02",261,249,12,0,121,109,12,0,300,179,117,3,1,41,5,3,1,6,31,1,0,0,0,23,0,2,2,0,0,0,1,0,0,0,0,0,0,0,0,0,0,0,1,0
22,HUNEDOARA,"ŞCOALA PRIMARĂ PRĂVĂLENI",503,"VAŢA DE JOS",91795,1,PROV,PRCNCT,CD,CD_SV,"2021-01-21 12:30:02",235,224,11,0,91,80,11,0,270,179,88,2,1,36,2,4,0,3,42,1,0,0,0,0,0,0,0,0,0,0,0,0,0,0,0,0,0,0,0,0,0,0,0,0
22,HUNEDOARA,"ŞCOALA PRIMARĂ CIUNGANI",504,"VAŢA DE JOS",91795,1,PROV,PRCNCT,CD,CD_SV,"2021-01-21 12:30:02",205,198,7,0,76,69,7,0,240,164,74,1,1,30,5,14,0,1,16,1,1,0,0,3,1,0,0,0,0,0,1,0,0,1,0,0,0,0,0,0,0,0,0,0
22,HUNEDOARA,"ŞCOALA PRIMARĂ PRIHODIȘTE",505,"VAŢA DE JOS",91795,1,PROV,PRCNCT,CD,CD_SV,"2021-01-21 12:30:02",307,295,12,0,139,127,12,0,330,191,136,2,1,73,5,14,0,3,27,1,5,0,0,6,0,0,1,0,0,0,1,0,0,0,0,0,0,0,0,0,0,0,0,0
22,HUNEDOARA,"ŞCOALA PRIMARĂ TÂRNAVA DE CRIȘ",506,"VAŢA DE JOS",91795,1,PROV,PRCNCT,CD,CD_SV,"2021-01-21 12:30:02",672,656,14,2,266,250,14,2,750,484,262,4,0,80,7,8,1,2,107,12,3,0,0,36,5,0,0,0,0,0,0,0,0,0,0,0,0,0,0,0,0,1,0,0
22,HUNEDOARA,"ŞCOALA PRIMARĂ OCIU",507,"VAŢA DE JOS",91795,1,PROV,PRCNCT,CD,CD_SV,"2021-01-21 12:30:02",404,394,10,0,118,108,10,0,450,332,118,0,0,47,12,12,0,2,34,2,0,0,0,6,2,0,0,0,0,0,1,0,0,0,0,0,0,0,0,0,0,0,0,0
22,HUNEDOARA,"CĂMINUL CULTURAL VĂLIŞOARA",508,VĂLIŞOARA,91937,2,PART,PRCNCT,CD,CD_SV,"2021-01-21 12:30:02",671,615,54,2,310,254,54,2,700,390,305,4,1,136,20,17,4,5,66,2,3,1,0,42,2,0,0,0,0,0,1,0,0,1,0,0,1,1,0,2,0,0,1,0
22,HUNEDOARA,"CĂMINUL CULTURAL DEALU MARE",509,VĂLIŞOARA,91937,1,PROV,PRCNCT,CD,CD_SV,"2021-01-21 12:30:02",176,159,17,0,99,82,17,0,179,80,94,5,0,54,2,3,1,3,17,2,0,1,0,9,0,0,2,0,0,0,0,0,0,0,0,0,0,0,0,0,0,0,0,0
22,HUNEDOARA,"CĂMINUL CULTURAL SĂLIŞTIOARA",510,VĂLIŞOARA,91937,2,PART,PRCNCT,CD,CD_SV,"2021-01-21 12:30:02",243,230,13,0,111,98,13,0,270,159,107,4,0,64,3,3,1,1,23,4,2,0,0,2,1,1,1,1,0,0,0,0,0,0,0,0,0,0,0,0,0,0,0,0
22,HUNEDOARA,"CĂMINUL CULTURAL VEŢEL",511,VEŢEL,91982,1,PROV,PRCNCT,CD,CD_SV,"2021-01-21 12:30:02",942,894,47,1,323,275,47,1,1000,677,312,7,4,117,25,30,4,8,51,3,2,19,0,37,12,0,0,0,0,0,1,1,0,0,0,0,0,0,0,0,0,0,1,1
22,HUNEDOARA,"CĂMINUL CULTURAL MINTIA",512,VEŢEL,91982,2,PART,PRCNCT,CD,CD_SV,"2021-01-21 12:30:02",929,908,21,0,258,237,21,0,1020,762,249,9,0,62,14,28,2,6,50,2,0,26,0,46,6,0,3,0,0,0,3,0,0,0,0,0,1,0,0,0,0,0,0,0
22,HUNEDOARA,"CĂMINUL CULTURAL LEȘNIC",513,VEŢEL,91982,1,PROV,PRCNCT,CD,CD_SV,"2021-01-21 12:30:02",499,458,41,0,200,159,41,0,510,310,199,1,0,90,12,17,3,5,25,2,0,5,1,33,1,0,1,0,0,0,4,0,0,0,0,0,0,0,0,0,0,0,0,0
22,HUNEDOARA,"ŞCOALA PRIMARĂ MUNCELU MIC",514,VEŢEL,91982,1,PROV,PRCNCT,CD,CD_SV,"2021-01-21 12:30:02",116,95,21,0,54,33,21,0,120,66,53,0,1,30,1,1,2,1,8,3,1,1,0,4,0,0,0,0,0,0,1,0,0,0,0,0,0,0,0,0,0,0,0,0
22,HUNEDOARA,"CĂMIN CULTURAL MUNCELU MARE",515,VEŢEL,91982,2,PART,PRCNCT,CD,CD_SV,"2021-01-21 12:30:02",77,61,16,0,30,14,16,0,100,70,29,1,0,7,2,2,0,3,4,0,0,0,0,10,0,0,0,0,0,0,1,0,0,0,0,0,0,0,0,0,0,0,0,0
22,HUNEDOARA,"CENTRUL DE INFORMARE TURISTICA VORTA",516,VORŢA,92097,1,PROV,PRCNCT,CD,CD_SV,"2021-01-21 12:30:02",154,125,20,9,84,55,20,9,150,66,82,1,1,10,10,0,2,3,44,1,1,0,0,7,2,0,0,0,0,0,1,0,0,1,0,0,0,0,0,0,0,0,0,0
22,HUNEDOARA,"CAMINUL CULTURAL VISCA",517,VORŢA,92097,1,PROV,PRCNCT,CD,CD_SV,"2021-01-21 12:30:02",310,291,19,0,160,141,19,0,330,170,154,3,3,26,11,3,0,3,67,5,1,11,0,23,0,1,1,0,0,0,1,0,0,0,0,0,0,0,0,0,0,0,1,0
22,HUNEDOARA,"SCOALA PRIMARA VALEA POIENII",518,VORŢA,92097,1,PROV,PRCNCT,CD,CD_SV,"2021-01-21 12:30:02",130,109,21,0,68,47,21,0,150,82,68,0,0,16,9,3,2,1,25,0,1,3,0,6,1,0,0,0,0,0,1,0,0,0,0,0,0,0,0,0,0,0,0,0
22,HUNEDOARA,"IMOBILUL NR 9 DIN SATUL COAJA",519,VORŢA,92097,1,PROV,PRCNCT,CD,CD_SV,"2021-01-21 12:30:02",111,99,10,2,65,53,10,2,120,55,58,4,3,14,5,3,3,1,26,0,0,0,0,1,0,0,2,0,0,0,2,0,0,0,0,0,0,0,0,0,0,0,1,0
22,HUNEDOARA,"CĂMINUL CULTURAL ZAM",520,ZAM,92177,1,PROV,PRCNCT,CD,CD_SV,"2021-01-21 12:30:02",586,538,48,0,224,176,48,0,605,381,222,2,0,77,9,21,3,4,70,1,4,4,0,24,0,2,0,1,0,0,1,0,0,1,0,0,0,0,0,0,0,0,0,0
22,HUNEDOARA,"ŞCOALA PRIMARĂ POGĂNEŞTI",521,ZAM,92177,1,PROV,PRCNCT,CD,CD_SV,"2021-01-21 12:30:02",228,203,25,0,65,40,25,0,240,175,63,2,0,24,6,4,1,3,17,2,0,1,0,4,0,0,0,0,0,0,1,0,0,0,0,0,0,0,0,0,0,0,0,0
22,HUNEDOARA,"CĂMINUL CULTURAL ALMAŞ SĂLIŞTE",522,ZAM,92177,1,PROV,PRCNCT,CD,CD_SV,"2021-01-21 12:30:02",124,109,15,0,48,33,15,0,150,102,47,1,0,18,1,2,0,3,20,1,0,0,0,1,0,0,0,0,0,0,1,0,0,0,0,0,0,0,0,0,0,0,0,0
22,HUNEDOARA,"CĂMINUL CULTURAL GODINEŞTI",523,ZAM,92177,1,PROV,PRCNCT,CD,CD_SV,"2021-01-21 12:30:02",112,100,12,0,50,38,12,0,120,70,48,1,1,11,1,3,0,1,26,1,0,0,0,1,0,1,2,0,0,0,1,0,0,0,0,0,0,0,0,0,0,0,0,0
22,HUNEDOARA,"CĂMINUL CULTURAL SĂLCIVA",524,ZAM,92177,1,PROV,PRCNCT,CD,CD_SV,"2021-01-21 12:30:02",425,402,23,0,150,127,23,0,450,300,142,4,4,44,2,9,1,4,40,1,0,0,0,5,0,0,1,0,0,0,32,0,0,1,0,0,0,0,0,0,1,1,0,0
