precinct_county_nce,precinct_county_name,precinct_name,precinct_nr,uat_name,uat_siruta,report_version,report_stage_code,report_type_scope_code,report_type_category_code,report_type_code,created_at,a,a1,a2,a3,b,b1,b2,b3,c,d,e,f,g,"PARTIDUL MIȘCAREA POPULARĂ-voturi","PARTIDUL SOCIAL DEMOCRAT-voturi","ALIANȚA USR PLUS-voturi","PARTIDUL NAȚIONAL LIBERAL-voturi","UNIUNEA DEMOCRATĂ MAGHIARĂ DIN ROMÂNIA-voturi","PARTIDUL PRO ROMÂNIA-voturi","PARTIDUL ROMÂNIA MARE-voturi","PARTIDUL SOCIALIST ROMÂN-voturi","ALIANȚA RENAȘTEREA NAȚIONALĂ-voturi","PARTIDUL PUTERII UMANISTE (SOCIAL-LIBERAL)-voturi","PARTIDUL ECOLOGIST ROMÂN-voturi","ALIANȚA PENTRU UNIREA ROMÂNILOR-voturi","ASOCIAȚIA ITALIENILOR DIN ROMÂNIA – RO.AS.IT.-voturi","UNIUNEA BULGARĂ DIN BANAT-ROMÂNIA-voturi","UNIUNEA CULTURALĂ A RUTENILOR DIN ROMÂNIA-voturi","UNIUNEA SÂRBILOR DIN ROMÂNIA-voturi","UNIUNEA ARMENILOR DIN ROMÂNIA-voturi","ASOCIAȚIA MACEDONENILOR DIN ROMÂNIA-voturi","FEDERAȚIA COMUNITĂȚILOR EVREIEȘTI DIN ROMÂNIA-voturi","UNIUNEA DEMOCRATICĂ A SLOVACILOR ȘI CEHILOR DIN ROMÂNIA-voturi","ASOCIAȚIA LIGA ALBANEZILOR DIN ROMÂNIA-voturi","UNIUNEA DEMOCRATĂ TURCĂ DIN ROMÂNIA-voturi","UNIUNEA ELENĂ DIN ROMÂNIA-voturi","UNIUNEA UCRAINENILOR DIN ROMÂNIA-voturi","UNIUNEA POLONEZILOR DIN ROMÂNIA-voturi","UNIUNEA CROAȚILOR DIN ROMÂNIA-voturi","FORUMUL DEMOCRAT AL GERMANILOR DIN ROMÂNIA-voturi","ASOCIAȚIA PARTIDA ROMILOR “PRO-EUROPA”-voturi","COMUNITATEA RUȘILOR LIPOVENI DIN ROMÂNIA-voturi","PETREA IONEL-CANDIDAT INDEPENDENT-voturi","JALBĂ TIBERIU-MIHAI-ANTONIU-CANDIDAT INDEPENDENT-voturi"
18,GALAŢI,"ȘCOALA GIMNAZIALĂ NR. 26 (ŞCOALA GENERALĂ ”ION CREANGĂ” - ȘCOALA GENERALĂ NR. 26)",1,"MUNICIPIUL GALAŢI",75098,1,PROV,PRCNCT,CD,CD_SV,"2021-01-21 12:30:02",1194,1180,14,0,383,369,14,0,1309,926,378,4,1,26,122,72,106,3,6,3,3,0,2,7,17,0,0,0,0,0,0,2,0,0,0,3,0,0,0,1,0,0,4,1
18,GALAŢI,"ȘCOALA GIMNAZIALĂ NR. 26 (ŞCOALA GENERALĂ ”ION CREANGĂ” - ȘCOALA GENERALĂ NR. 26)",2,"MUNICIPIUL GALAŢI",75098,1,PROV,PRCNCT,CD,CD_SV,"2021-01-21 12:30:02",1152,1137,15,0,402,387,15,0,1251,849,395,4,3,21,116,112,92,1,13,2,1,0,6,8,17,1,0,0,1,0,0,1,0,0,0,1,0,0,0,0,0,0,2,0
18,GALAŢI,"ȘCOALA GIMNAZIALĂ NR. 28 (ŞCOALA GENERALĂ ”MIHAI EMINESCU” - ȘCOALA GENERALĂ NR. 28)",3,"MUNICIPIUL GALAŢI",75098,1,PROV,PRCNCT,CD,CD_SV,"2021-01-21 12:30:02",1240,1211,27,2,450,421,27,2,1336,886,445,4,1,25,110,120,131,2,8,2,1,1,6,5,22,1,0,0,0,1,0,0,0,0,0,3,0,0,0,0,0,0,7,0
18,GALAŢI,"ȘCOALA GIMNAZIALĂ NR. 28 (ŞCOALA GENERALĂ ”MIHAI EMINESCU” - ȘCOALA GENERALĂ NR. 28)",4,"MUNICIPIUL GALAŢI",75098,1,PROV,PRCNCT,CD,CD_SV,"2021-01-21 12:30:02",1056,1045,11,0,380,369,11,0,1153,773,376,2,2,17,129,98,86,2,12,2,0,0,3,6,13,0,0,0,0,0,0,0,0,0,0,1,0,0,0,1,0,1,4,1
18,GALAŢI,"ȘCOALA GIMNAZIALĂ NR. 28 (ŞCOALA GENERALĂ ”MIHAI EMINESCU” - ȘCOALA GENERALĂ NR. 28)",5,"MUNICIPIUL GALAŢI",75098,1,PROV,PRCNCT,CD,CD_SV,"2021-01-21 12:30:02",1311,1293,16,2,468,450,16,2,1431,963,463,4,1,22,138,128,113,3,12,1,2,2,4,6,18,0,0,0,0,0,1,0,0,0,0,5,1,1,0,1,0,0,5,0
18,GALAŢI,"ȘCOALA GIMNAZIALĂ NR. 28 (ŞCOALA GENERALĂ ”MIHAI EMINESCU” - ȘCOALA GENERALĂ NR. 28)",6,"MUNICIPIUL GALAŢI",75098,1,PROV,PRCNCT,CD,CD_SV,"2021-01-21 12:30:02",1282,1272,10,0,457,447,10,0,1396,939,448,8,1,26,130,115,118,4,14,4,2,2,4,4,15,2,1,0,0,0,0,0,0,1,0,1,0,0,1,0,0,0,3,1
18,GALAŢI,"ȘCOALA GIMNAZIALĂ NR. 28 (ŞCOALA GENERALĂ ”MIHAI EMINESCU” - ȘCOALA GENERALĂ NR. 28)",7,"MUNICIPIUL GALAŢI",75098,1,PROV,PRCNCT,CD,CD_SV,"2021-01-21 12:30:02",954,940,12,2,332,318,12,2,1040,708,327,4,1,26,107,58,73,1,19,3,3,0,2,7,15,0,0,0,0,1,0,0,0,0,1,2,0,0,0,0,0,0,9,0
18,GALAŢI,"S.C. ”APA-CANAL” S.A.",8,"MUNICIPIUL GALAŢI",75098,1,PROV,PRCNCT,CD,CD_SV,"2021-01-21 12:30:02",1670,1659,11,0,597,586,11,0,1834,1237,585,10,2,33,200,134,125,2,26,3,3,4,6,6,32,1,1,0,1,0,0,0,0,0,0,1,0,0,0,1,0,0,5,1
18,GALAŢI,"S.C. ”APA-CANAL” S.A.",9,"MUNICIPIUL GALAŢI",75098,1,PROV,PRCNCT,CD,CD_SV,"2021-01-21 12:30:02",1588,1575,8,5,595,583,8,4,1745,1150,583,12,0,43,154,155,132,2,22,2,3,2,4,16,31,3,1,0,1,0,0,0,0,0,0,1,0,0,0,0,0,1,8,2
18,GALAŢI,"S.C. ”APA-CANAL” S.A.",10,"MUNICIPIUL GALAŢI",75098,2,PART,PRCNCT,CD,CD_SV,"2021-01-21 12:30:02",1348,1327,19,2,473,452,19,2,1475,1002,463,8,2,10,119,130,128,2,17,1,1,1,7,14,23,0,0,0,0,0,0,1,0,0,0,0,0,0,0,0,1,0,5,3
18,GALAŢI,"ȘCOALA GIMNAZIALĂ ”CONSTANTIN GH. MARINESCU” (ȘCOALA GIMNAZIALĂ ”CONSTANTIN GHEORGHE MARINESCU” - SCOALA GENERALĂ NR.2)",11,"MUNICIPIUL GALAŢI",75098,1,PROV,PRCNCT,CD,CD_SV,"2021-01-21 12:30:02",1471,1457,14,0,496,482,14,0,1606,1110,488,8,0,37,148,128,100,1,25,2,1,1,6,7,15,2,0,0,0,0,0,0,0,0,0,2,0,0,0,2,0,1,7,3
18,GALAŢI,"ȘCOALA GIMNAZIALĂ ”CONSTANTIN GH. MARINESCU” (ȘCOALA GIMNAZIALĂ ”CONSTANTIN GHEORGHE MARINESCU” - SCOALA GENERALĂ NR.2)",12,"MUNICIPIUL GALAŢI",75098,1,PROV,PRCNCT,CD,CD_SV,"2021-01-21 12:30:02",1592,1575,16,1,510,493,16,1,1747,1237,495,13,2,26,161,110,108,2,22,2,2,0,12,5,34,0,0,0,0,0,0,0,0,1,0,0,0,0,1,1,0,0,6,2
18,GALAŢI,"LICEUL TEORETIC ”EMIL RACOVIȚĂ” (LICEUL ”EMIL RACOVIŢĂ” - ȘCOALA GENERALĂ NR. 6)",13,"MUNICIPIUL GALAŢI",75098,1,PROV,PRCNCT,CD,CD_SV,"2021-01-21 12:30:02",1729,1711,14,4,539,521,14,4,1887,1348,526,8,5,33,137,115,145,2,22,1,3,0,8,14,28,3,0,0,0,0,0,0,0,0,0,5,0,0,0,0,2,1,5,2
18,GALAŢI,"LICEUL TEORETIC ”EMIL RACOVIȚĂ” (LICEUL ”EMIL RACOVIŢĂ” - ȘCOALA GENERALĂ NR. 6)",14,"MUNICIPIUL GALAŢI",75098,1,PROV,PRCNCT,CD,CD_SV,"2021-01-21 12:30:02",1273,1260,13,0,382,369,13,0,1393,1011,371,9,2,20,131,74,78,1,14,3,5,0,5,7,21,1,0,0,0,0,0,0,0,0,1,1,0,0,0,1,0,0,8,0
18,GALAŢI,"LICEUL TEORETIC ”EMIL RACOVIȚĂ” (LICEUL ”EMIL RACOVIŢĂ” - ȘCOALA GENERALĂ NR. 6)",15,"MUNICIPIUL GALAŢI",75098,1,PROV,PRCNCT,CD,CD_SV,"2021-01-21 12:30:02",1129,1119,10,0,258,248,10,0,1248,990,248,8,2,16,75,55,58,2,12,0,2,0,5,5,13,0,1,0,1,0,0,0,0,0,0,0,0,0,0,0,0,0,3,0
18,GALAŢI,"COLEGIUL NAȚIONAL ”MIHAIL KOGĂLNICEANU”",16,"MUNICIPIUL GALAŢI",75098,1,PROV,PRCNCT,CD,CD_SV,"2021-01-21 12:30:02",1163,1136,25,2,299,272,25,2,1265,966,293,3,3,15,97,55,59,1,12,4,3,1,3,5,28,0,0,0,0,0,1,0,0,0,0,0,0,1,0,0,2,1,4,1
18,GALAŢI,"COLEGIUL NAȚIONAL ”MIHAIL KOGĂLNICEANU”",17,"MUNICIPIUL GALAŢI",75098,1,PROV,PRCNCT,CD,CD_SV,"2021-01-21 12:30:02",1175,1155,17,3,371,351,17,3,1273,902,361,7,3,28,117,88,66,0,10,2,1,0,9,10,24,0,0,0,0,0,0,0,0,0,0,1,0,2,0,0,0,0,2,1
18,GALAŢI,"COLEGIUL NAȚIONAL ”COSTACHE NEGRI” (LICEUL PEDAGOGIC ”COSTACHE NEGRI”)",18,"MUNICIPIUL GALAŢI",75098,1,PROV,PRCNCT,CD,CD_SV,"2021-01-21 12:30:02",1113,1095,15,3,353,335,15,3,1208,855,348,4,1,20,113,69,97,2,9,2,2,1,2,5,20,0,0,0,0,1,0,0,0,0,0,1,0,0,0,0,0,0,0,4
18,GALAŢI,"COLEGIUL NAȚIONAL ”COSTACHE NEGRI” (LICEUL PEDAGOGIC ”COSTACHE NEGRI”)",19,"MUNICIPIUL GALAŢI",75098,2,PART,PRCNCT,CD,CD_SV,"2021-01-21 12:30:02",1533,1522,11,0,474,463,11,0,1680,1206,466,8,0,35,123,112,106,5,20,3,2,2,9,7,30,0,0,0,0,0,0,0,0,0,3,1,0,1,1,0,1,1,3,1
18,GALAŢI,"COLEGIUL NAȚIONAL ”COSTACHE NEGRI” (LICEUL PEDAGOGIC ”COSTACHE NEGRI”)",20,"MUNICIPIUL GALAŢI",75098,1,PROV,PRCNCT,CD,CD_SV,"2021-01-21 12:30:02",1516,1486,16,14,494,464,16,14,1651,1157,489,4,1,44,113,133,111,1,14,2,0,1,14,12,28,0,0,1,0,0,0,0,0,1,0,2,0,0,0,0,0,1,10,1
18,GALAŢI,"COLEGIUL NAȚIONAL ”COSTACHE NEGRI” (LICEUL PEDAGOGIC ”COSTACHE NEGRI”)",21,"MUNICIPIUL GALAŢI",75098,1,PROV,PRCNCT,CD,CD_SV,"2021-01-21 12:30:02",1470,1458,8,4,471,459,8,4,1608,1137,457,9,5,26,137,121,102,1,15,2,1,0,2,12,28,0,0,0,1,0,0,0,0,0,0,3,0,0,0,0,0,0,4,2
18,GALAŢI,"COLEGIUL NAȚIONAL ”COSTACHE NEGRI” (LICEUL PEDAGOGIC ”COSTACHE NEGRI”)",22,"MUNICIPIUL GALAŢI",75098,1,PROV,PRCNCT,CD,CD_SV,"2021-01-21 12:30:02",1458,1443,15,0,480,465,15,0,1590,1110,472,3,5,30,137,124,117,3,13,4,0,1,5,9,22,0,0,0,0,0,0,1,0,0,0,0,0,0,0,2,0,0,3,1
18,GALAŢI,"ȘCOALA GIMNAZIALĂ ”ELENA CUZA” (ȘCOALA NR.15)",23,"MUNICIPIUL GALAŢI",75098,1,PROV,PRCNCT,CD,CD_SV,"2021-01-21 12:30:02",1362,1350,12,0,404,392,12,0,1486,1082,399,5,0,15,119,80,88,1,20,7,5,3,8,3,44,0,0,0,0,0,0,0,0,0,0,0,0,0,0,0,1,1,4,0
18,GALAŢI,"ȘCOALA GIMNAZIALĂ ”ELENA CUZA” (ȘCOALA NR.15)",24,"MUNICIPIUL GALAŢI",75098,2,PART,PRCNCT,CD,CD_SV,"2021-01-21 12:30:02",1711,1703,8,0,399,391,8,0,1882,1483,392,6,1,23,103,102,84,1,19,3,1,3,2,8,33,0,0,0,0,0,0,1,0,0,0,0,0,0,1,0,2,1,5,0
18,GALAŢI,"GRĂDINIȚA CU PROGRAM NORMAL ”IOAN NENIȚESCU” (GRĂDINIȚA NR. 15)",25,"MUNICIPIUL GALAŢI",75098,1,PROV,PRCNCT,CD,CD_SV,"2021-01-21 12:30:02",1387,1376,9,2,365,354,9,2,1515,1150,354,10,1,23,99,56,77,1,21,4,3,2,7,6,38,1,1,0,0,0,0,0,0,1,0,2,0,0,1,1,5,0,5,0
18,GALAŢI,"GRĂDINIȚA CU PROGRAM NORMAL ”IOAN NENIȚESCU” (GRĂDINIȚA NR. 15)",26,"MUNICIPIUL GALAŢI",75098,1,PROV,PRCNCT,CD,CD_SV,"2021-01-21 12:30:02",1328,1318,10,0,360,350,10,0,1449,1089,349,7,4,22,92,54,75,3,22,2,1,2,2,3,54,2,0,0,0,0,0,0,0,0,4,1,0,0,0,0,3,2,3,2
18,GALAŢI,"COLEGIUL NAȚIONAL ”VASILE ALECSANDRI”",27,"MUNICIPIUL GALAŢI",75098,1,PROV,PRCNCT,CD,CD_SV,"2021-01-21 12:30:02",962,934,19,9,318,290,19,9,1033,715,314,4,0,15,104,64,65,3,17,1,4,2,2,9,22,0,0,0,0,0,0,0,0,0,0,1,0,0,0,0,2,0,2,1
18,GALAŢI,"COLEGIUL NAȚIONAL ”VASILE ALECSANDRI”",28,"MUNICIPIUL GALAŢI",75098,1,PROV,PRCNCT,CD,CD_SV,"2021-01-21 12:30:02",1366,1353,13,0,403,390,13,0,1491,1088,397,5,1,32,93,83,126,2,11,1,5,1,2,8,24,0,0,0,0,0,0,0,0,0,0,0,0,0,0,0,2,0,6,1
18,GALAŢI,"COLEGIUL NAȚIONAL ”VASILE ALECSANDRI”",29,"MUNICIPIUL GALAŢI",75098,1,PROV,PRCNCT,CD,CD_SV,"2021-01-21 12:30:02",1323,1305,15,3,414,396,15,3,1448,1034,406,6,2,23,110,100,95,0,15,4,2,0,7,4,38,1,0,0,0,0,0,0,0,0,0,0,0,0,0,0,0,1,5,1
18,GALAŢI,"ȘCOALA GIMNAZIALĂ NR. 16 (ȘCOALA GENERALĂ ”NICOLAE BĂLCESCU” - ȘCOALA GENERALĂ NR. 16)",30,"MUNICIPIUL GALAŢI",75098,1,PROV,PRCNCT,CD,CD_SV,"2021-01-21 12:30:02",1369,1356,11,2,434,421,11,2,1499,1065,425,9,0,20,142,107,88,2,16,1,1,4,5,7,21,1,0,0,0,0,0,0,0,0,0,1,0,0,0,0,0,0,9,0
18,GALAŢI,"ȘCOALA GIMNAZIALĂ NR. 16 (ȘCOALA GENERALĂ ”NICOLAE BĂLCESCU” - ȘCOALA GENERALĂ NR. 16)",31,"MUNICIPIUL GALAŢI",75098,1,PROV,PRCNCT,CD,CD_SV,"2021-01-21 12:30:02",1187,1169,12,6,325,307,12,6,1289,964,314,7,4,25,99,57,67,1,11,2,3,0,6,4,25,0,1,0,2,0,0,1,0,0,0,2,0,0,0,1,2,1,3,1
18,GALAŢI,"ȘCOALA GIMNAZIALĂ NR. 16 (ȘCOALA GENERALĂ ”NICOLAE BĂLCESCU” - ȘCOALA GENERALĂ NR. 16)",32,"MUNICIPIUL GALAŢI",75098,2,PART,PRCNCT,CD,CD_SV,"2021-01-21 12:30:02",1227,1210,13,4,462,445,13,4,1393,931,456,6,0,27,110,109,130,1,19,2,0,0,5,10,27,0,2,0,1,1,0,0,0,1,0,0,0,0,0,0,1,0,9,1
18,GALAŢI,"ȘCOALA GIMNAZIALĂ NR. 16 (ȘCOALA GENERALĂ ”NICOLAE BĂLCESCU” - ȘCOALA GENERALĂ NR. 16)",33,"MUNICIPIUL GALAŢI",75098,1,PROV,PRCNCT,CD,CD_SV,"2021-01-21 12:30:02",1276,1264,12,0,452,440,12,0,1398,946,444,4,4,27,136,115,86,1,17,2,3,2,7,7,27,0,0,0,0,0,0,1,0,0,0,0,0,0,0,2,0,0,6,5
18,GALAŢI,"ȘCOALA GIMNAZIALĂ NR. 25 (ȘCOALA GENERALĂ ”PETRU RAREȘ” - ȘCOALA GENERALĂ NR. 25)",34,"MUNICIPIUL GALAŢI",75098,1,PROV,PRCNCT,CD,CD_SV,"2021-01-21 12:30:02",1515,1493,20,2,441,419,20,2,1633,1192,434,6,1,16,141,111,76,1,13,2,1,3,4,4,43,0,0,0,0,1,0,0,0,1,0,1,0,0,0,2,3,0,8,3
18,GALAŢI,"ȘCOALA GIMNAZIALĂ NR. 25 (ȘCOALA GENERALĂ ”PETRU RAREȘ” - ȘCOALA GENERALĂ NR. 25)",35,"MUNICIPIUL GALAŢI",75098,1,PROV,PRCNCT,CD,CD_SV,"2021-01-21 12:30:02",1628,1510,14,104,615,497,14,104,1655,1040,600,11,4,40,203,122,110,1,31,1,4,2,10,4,43,1,0,0,0,4,1,0,0,3,1,5,1,0,1,0,1,3,7,1
18,GALAŢI,"ȘCOALA GIMNAZIALĂ NR. 25 (ȘCOALA GENERALĂ ”PETRU RAREȘ” - ȘCOALA GENERALĂ NR. 25)",36,"MUNICIPIUL GALAŢI",75098,1,PROV,PRCNCT,CD,CD_SV,"2021-01-21 12:30:02",1248,1237,10,1,365,354,10,1,1375,1010,357,8,0,21,101,72,98,4,17,0,1,0,2,8,24,1,0,0,0,0,0,0,0,0,0,4,0,1,0,0,0,0,2,1
18,GALAŢI,"UNIVERSITATEA ”DUNĂREA DE JOS” GALAȚI (UNIVERSITATEA GALAŢI)",37,"MUNICIPIUL GALAŢI",75098,1,PROV,PRCNCT,CD,CD_SV,"2021-01-21 12:30:02",1503,1472,17,14,453,422,17,14,1638,1185,446,4,3,18,130,88,113,4,14,2,0,2,3,11,41,0,0,0,1,0,1,0,0,0,0,5,0,1,0,2,1,1,4,4
18,GALAŢI,"ȘCOALA GIMNAZIALĂ ”LUDOVIC COSMA” (ȘCOALA GENERALĂ NR. 19)",38,"MUNICIPIUL GALAŢI",75098,1,PROV,PRCNCT,CD,CD_SV,"2021-01-21 12:30:02",1338,1287,15,36,394,343,15,36,1425,1031,382,10,2,18,101,76,87,3,13,4,1,0,6,9,44,1,1,0,3,0,1,0,0,0,0,1,0,1,1,1,2,1,5,2
18,GALAŢI,"ȘCOALA GIMNAZIALĂ ”LUDOVIC COSMA” (ȘCOALA GENERALĂ NR. 19)",39,"MUNICIPIUL GALAŢI",75098,1,PROV,PRCNCT,CD,CD_SV,"2021-01-21 12:30:02",1525,1512,13,0,476,463,13,0,1671,1195,465,10,1,27,151,90,105,1,16,6,4,1,5,9,30,0,0,0,0,0,1,0,0,1,0,3,0,0,0,0,0,3,8,4
18,GALAŢI,"LICEUL TEHNOLOGIC ”RADU NEGRU” (COLEGIUL TEHNIC ”RADU NEGRU” - GRUP ȘCOLAR ”RADU NEGRU”)",40,"MUNICIPIUL GALAŢI",75098,1,PROV,PRCNCT,CD,CD_SV,"2021-01-21 12:30:02",1776,1621,15,140,579,424,15,140,1791,1212,566,8,5,32,220,108,88,7,33,4,5,1,3,12,34,1,2,1,1,0,0,0,0,0,0,1,0,0,0,1,1,0,8,3
18,GALAŢI,"LICEUL TEHNOLOGIC ”RADU NEGRU” (COLEGIUL TEHNIC ”RADU NEGRU” - GRUP ȘCOLAR ”RADU NEGRU”)",41,"MUNICIPIUL GALAŢI",75098,1,PROV,PRCNCT,CD,CD_SV,"2021-01-21 12:30:02",1889,1879,9,1,574,564,9,1,2071,1497,567,4,3,59,157,134,133,3,18,9,5,1,5,8,21,0,0,0,1,0,0,0,0,1,0,2,0,1,0,1,0,3,4,1
18,GALAŢI,"COLEGIUL DE INDUSTRIE ALIMENTARĂ ”ELENA DOAMNA” (GRUP ȘCOLAR ”ELENA DOAMNA”)",42,"MUNICIPIUL GALAŢI",75098,1,PROV,PRCNCT,CD,CD_SV,"2021-01-21 12:30:02",1909,1857,27,25,511,459,27,25,2040,1529,497,12,2,29,143,99,126,1,34,2,4,0,6,13,24,0,0,0,1,0,0,1,1,1,1,3,0,0,0,0,1,2,3,2
18,GALAŢI,"COLEGIUL DE INDUSTRIE ALIMENTARĂ ”ELENA DOAMNA” (GRUP ȘCOLAR ”ELENA DOAMNA”)",43,"MUNICIPIUL GALAŢI",75098,2,PART,PRCNCT,CD,CD_SV,"2021-01-21 12:30:02",1651,1600,14,37,471,420,14,37,1771,1300,460,6,5,27,134,96,101,2,22,6,4,1,10,7,31,1,0,0,0,0,1,0,1,0,0,2,0,0,0,0,3,2,4,5
18,GALAŢI,"ȘCOALA GIMNAZIALĂ NR. 20 (ȘCOALA GENERALĂ NR. 20 ”TRAIAN”)",44,"MUNICIPIUL GALAŢI",75098,1,PROV,PRCNCT,CD,CD_SV,"2021-01-21 12:30:02",1948,1942,6,0,566,560,6,0,2143,1577,553,7,6,38,137,152,125,2,19,13,3,0,7,7,38,0,1,0,0,0,0,0,0,1,0,3,1,0,0,0,0,0,3,3
18,GALAŢI,"ȘCOALA GIMNAZIALĂ NR. 20 (ȘCOALA GENERALĂ NR. 20 ”TRAIAN”)",45,"MUNICIPIUL GALAŢI",75098,1,PROV,PRCNCT,CD,CD_SV,"2021-01-21 12:30:02",1917,1897,20,0,32,12,20,0,2111,2079,32,0,0,1,3,10,9,1,1,0,1,0,0,0,5,0,0,0,0,0,0,0,0,0,0,1,0,0,0,0,0,0,0,0
18,GALAŢI,"ȘCOALA GIMNAZIALĂ NR. 20 (ȘCOALA GENERALĂ NR. 20 ”TRAIAN”)",46,"MUNICIPIUL GALAŢI",75098,1,PROV,PRCNCT,CD,CD_SV,"2021-01-21 12:30:02",1937,1906,13,18,468,437,13,18,2112,1644,462,3,3,37,105,108,104,1,23,2,3,0,6,6,49,0,0,0,0,0,0,0,0,2,2,3,2,0,0,1,0,1,2,5
18,GALAŢI,"ȘCOALA GIMNAZIALĂ NR. 24 (ȘCOALA GENERALĂ NR. 24)",47,"MUNICIPIUL GALAŢI",75098,1,PROV,PRCNCT,CD,CD_SV,"2021-01-21 12:30:02",1541,1523,15,3,609,591,15,3,1696,1087,606,3,0,36,161,155,164,2,18,2,5,0,10,11,13,1,2,0,0,3,1,2,0,1,0,5,0,0,1,0,0,0,9,4
18,GALAŢI,"LICEUL TEHNOLOGIC ”GENERAL DE MARINA NICOLAE DUMITRESCU MAICAN” (LICEUL TEHNOLOGIC DE MARINĂ - GRUP ȘCOLAR INDUSTRIAL DE MARINĂ - LICEUL DE MARINĂ)",48,"MUNICIPIUL GALAŢI",75098,1,PROV,PRCNCT,CD,CD_SV,"2021-01-21 12:30:02",1405,1393,12,0,303,291,12,0,1540,1237,291,10,2,23,106,28,47,2,11,3,1,2,3,6,49,0,0,0,0,0,0,0,0,1,0,2,0,0,0,1,2,0,3,1
18,GALAŢI,"LICEUL TEHNOLOGIC ”GENERAL DE MARINA NICOLAE DUMITRESCU MAICAN” (LICEUL TEHNOLOGIC DE MARINĂ - GRUP ȘCOLAR INDUSTRIAL DE MARINĂ - LICEUL DE MARINĂ)",49,"MUNICIPIUL GALAŢI",75098,1,PROV,PRCNCT,CD,CD_SV,"2021-01-21 12:30:02",1482,1452,17,13,417,387,17,13,1612,1195,403,14,0,18,128,63,76,3,16,5,1,1,7,6,69,0,0,0,0,0,1,0,0,0,0,2,0,0,0,0,2,0,4,1
18,GALAŢI,"LICEUL TEHNOLOGIC ”GENERAL DE MARINA NICOLAE DUMITRESCU MAICAN” (LICEUL TEHNOLOGIC DE MARINĂ - GRUP ȘCOLAR INDUSTRIAL DE MARINĂ - LICEUL DE MARINĂ)",50,"MUNICIPIUL GALAŢI",75098,1,PROV,PRCNCT,CD,CD_SV,"2021-01-21 12:30:02",1342,1327,15,0,434,419,15,0,1473,1039,427,7,0,24,138,90,100,1,25,1,2,0,2,4,27,0,0,0,0,0,0,0,0,2,0,5,0,0,0,0,1,0,3,2
18,GALAŢI,"COLEGIUL NAȚIONAL ”ALEXANDRU IOAN CUZA” (GRĂDINIȚA NR. 59 - FOSTA ȘCOALĂ GENERALĂ NR. 8)",51,"MUNICIPIUL GALAŢI",75098,1,PROV,PRCNCT,CD,CD_SV,"2021-01-21 12:30:02",1299,1275,20,4,476,452,20,4,1406,930,471,4,1,28,138,145,97,1,20,2,1,2,2,5,18,0,0,0,1,0,0,0,0,0,0,1,0,0,0,1,0,0,7,2
18,GALAŢI,"COLEGIUL NAȚIONAL ”ALEXANDRU IOAN CUZA” (GRĂDINIȚA NR. 59 - FOSTA ȘCOALĂ GENERALĂ NR. 8)",52,"MUNICIPIUL GALAŢI",75098,1,PROV,PRCNCT,CD,CD_SV,"2021-01-21 12:30:02",1436,1426,10,0,525,515,10,0,1575,1050,515,10,0,33,184,109,99,3,21,1,3,0,6,14,25,1,0,0,0,1,0,1,0,0,0,2,0,0,0,1,0,0,6,5
18,GALAŢI,"COLEGIUL NAȚIONAL ”ALEXANDRU IOAN CUZA” (GRĂDINIȚA NR. 59 - FOSTA ȘCOALĂ GENERALĂ NR. 8)",53,"MUNICIPIUL GALAŢI",75098,1,PROV,PRCNCT,CD,CD_SV,"2021-01-21 12:30:02",1405,1393,12,0,430,418,12,0,1543,1113,426,3,1,36,103,107,106,3,18,3,3,1,4,8,18,0,0,0,0,0,0,1,0,0,0,2,0,0,1,0,0,1,11,0
18,GALAŢI,"COLEGIUL NAȚIONAL ”ALEXANDRU IOAN CUZA” (GRĂDINIȚA NR. 59 - FOSTA ȘCOALĂ GENERALĂ NR. 8)",54,"MUNICIPIUL GALAŢI",75098,1,PROV,PRCNCT,CD,CD_SV,"2021-01-21 12:30:02",1846,1832,14,0,364,350,14,0,2025,1661,357,4,3,24,107,79,69,2,12,6,0,0,3,6,35,1,0,0,1,0,1,0,0,1,0,2,1,0,0,1,0,0,3,3
18,GALAŢI,"LICEUL CU PROGRAM SPORTIV (LICEUL CU PROGRAM DE EDUCAȚIE FIZICĂ - LICEUL INDUSTRIAL NR.12)",55,"MUNICIPIUL GALAŢI",75098,1,PROV,PRCNCT,CD,CD_SV,"2021-01-21 12:30:02",2005,1985,20,0,271,251,20,0,2185,1914,264,6,1,10,92,43,63,2,10,3,1,0,1,1,27,0,0,1,1,0,0,0,0,0,1,1,0,0,0,1,1,1,3,1
18,GALAŢI,"LICEUL CU PROGRAM SPORTIV (LICEUL CU PROGRAM DE EDUCAȚIE FIZICĂ - LICEUL INDUSTRIAL NR.12)",56,"MUNICIPIUL GALAŢI",75098,1,PROV,PRCNCT,CD,CD_SV,"2021-01-21 12:30:02",1993,1980,11,2,97,84,11,2,2174,2077,96,1,0,3,24,28,15,0,4,2,1,0,0,3,9,0,0,0,0,0,0,0,0,0,0,1,0,0,0,0,0,0,3,3
18,GALAŢI,"LICEUL CU PROGRAM SPORTIV (LICEUL CU PROGRAM DE EDUCAȚIE FIZICĂ - LICEUL INDUSTRIAL NR.12)",57,"MUNICIPIUL GALAŢI",75098,1,PROV,PRCNCT,CD,CD_SV,"2021-01-21 12:30:02",1849,1799,12,38,400,350,12,38,1954,1554,393,7,0,39,120,71,49,2,21,4,1,3,10,9,50,1,0,1,1,0,0,0,0,0,0,0,1,0,0,0,3,0,6,1
18,GALAŢI,"LICEUL CU PROGRAM SPORTIV (LICEUL CU PROGRAM DE EDUCAȚIE FIZICĂ - LICEUL INDUSTRIAL NR.12)",58,"MUNICIPIUL GALAŢI",75098,1,PROV,PRCNCT,CD,CD_SV,"2021-01-21 12:30:02",1909,1894,13,2,428,413,13,2,2087,1659,423,4,1,27,148,97,74,3,14,2,2,0,5,5,39,0,1,0,0,0,0,0,1,0,0,0,0,0,0,0,0,0,4,1
18,GALAŢI,"ȘCOALA GIMNAZIALĂ NR. 17 (ȘCOALA GENERALĂ ”NICHITA STĂNESCU” - ȘCOALA GENERALĂ NR. 17)",59,"MUNICIPIUL GALAŢI",75098,1,PROV,PRCNCT,CD,CD_SV,"2021-01-21 12:30:02",1809,1786,23,0,475,452,23,0,1980,1505,461,13,1,23,148,90,61,1,15,11,3,2,5,12,71,1,1,0,1,1,1,1,0,1,0,2,0,1,0,0,2,0,6,1
18,GALAŢI,"ȘCOALA GIMNAZIALĂ NR. 17 (ȘCOALA GENERALĂ ”NICHITA STĂNESCU” - ȘCOALA GENERALĂ NR. 17)",60,"MUNICIPIUL GALAŢI",75098,1,PROV,PRCNCT,CD,CD_SV,"2021-01-21 12:30:02",1781,1769,12,0,451,439,12,0,1969,1518,434,14,3,20,158,85,61,3,25,15,2,2,9,10,29,0,0,0,1,0,0,0,0,1,0,0,0,0,1,0,0,2,8,2
18,GALAŢI,"ȘCOALA GIMNAZIALĂ NR. 17 (ȘCOALA GENERALĂ ”NICHITA STĂNESCU” - ȘCOALA GENERALĂ NR. 17)",61,"MUNICIPIUL GALAŢI",75098,1,PROV,PRCNCT,CD,CD_SV,"2021-01-21 12:30:02",1798,1788,10,0,388,378,10,0,1976,1588,373,13,2,22,131,53,59,1,14,3,3,1,9,9,60,0,1,0,2,0,0,0,0,0,0,0,0,0,0,0,1,0,1,3
18,GALAŢI,"COLEGIUL ECONOMIC ”VIRGIL MADGEARU” (GRUP ȘCOLAR ECONOMIC ADMINISTRATIV ”VIRGIL MADGEARU”)",62,"MUNICIPIUL GALAŢI",75098,1,PROV,PRCNCT,CD,CD_SV,"2021-01-21 12:30:02",1318,1291,25,2,371,344,25,2,1418,1047,353,15,3,18,126,65,72,1,13,4,2,0,7,5,33,0,1,0,1,0,0,0,0,0,0,1,0,0,0,0,0,0,3,1
18,GALAŢI,"ȘCOALA GIMNAZIALĂ NR. 29 (ȘCOALA GENERALĂ ”SFÂNTA ANA” - ȘCOALA GENERALĂ NR. 29)",63,"MUNICIPIUL GALAŢI",75098,2,PART,PRCNCT,CD,CD_SV,"2021-01-21 12:30:02",1616,1596,18,2,428,408,18,2,1762,1334,418,7,2,21,143,80,81,2,13,7,2,4,6,10,34,0,0,0,1,0,0,0,0,2,0,0,0,1,1,0,1,1,5,3
18,GALAŢI,"ȘCOALA GIMNAZIALĂ NR. 29 (ȘCOALA GENERALĂ ”SFÂNTA ANA” - ȘCOALA GENERALĂ NR. 29)",64,"MUNICIPIUL GALAŢI",75098,1,PROV,PRCNCT,CD,CD_SV,"2021-01-21 12:30:02",1542,1531,11,0,448,437,11,0,1702,1254,434,10,4,21,157,99,65,1,14,4,2,3,9,11,34,0,0,0,1,0,0,0,0,1,2,3,0,0,1,0,0,0,4,2
18,GALAŢI,"ȘCOALA GIMNAZIALĂ NR. 29 (ȘCOALA GENERALĂ ”SFÂNTA ANA” - ȘCOALA GENERALĂ NR. 29)",65,"MUNICIPIUL GALAŢI",75098,1,PROV,PRCNCT,CD,CD_SV,"2021-01-21 12:30:02",1342,1323,19,0,400,381,19,0,1470,1070,396,3,1,18,158,80,56,1,13,1,4,0,5,7,38,0,0,0,0,1,0,1,0,0,2,1,0,0,0,0,1,0,7,2
18,GALAŢI,"ȘCOALA GIMNAZIALĂ NR. 29 (ȘCOALA GENERALĂ ”SFÂNTA ANA” - ȘCOALA GENERALĂ NR. 29)",66,"MUNICIPIUL GALAŢI",75098,1,PROV,PRCNCT,CD,CD_SV,"2021-01-21 12:30:02",1466,1453,7,6,473,460,7,6,1608,1135,466,6,1,12,144,116,113,1,22,1,2,1,5,11,27,1,0,0,0,0,0,0,0,0,0,4,0,0,0,0,0,0,2,4
18,GALAŢI,"ȘCOALA GIMNAZIALĂ NR. 22 (ȘCOALA GENERALĂ ”DIMITRIE CANTEMIR” - ȘCOALA GENERALĂ NR. 22)",67,"MUNICIPIUL GALAŢI",75098,1,PROV,PRCNCT,CD,CD_SV,"2021-01-21 12:30:02",1485,1466,19,0,416,397,19,0,1619,1203,407,7,2,22,152,70,54,2,19,4,5,1,6,11,50,2,1,0,0,0,1,0,0,0,0,1,0,0,0,0,0,0,4,2
18,GALAŢI,"ȘCOALA GIMNAZIALĂ NR. 22 (ȘCOALA GENERALĂ ”DIMITRIE CANTEMIR” - ȘCOALA GENERALĂ NR. 22)",68,"MUNICIPIUL GALAŢI",75098,1,PROV,PRCNCT,CD,CD_SV,"2021-01-21 12:30:02",1447,1441,6,0,497,491,6,0,1597,1100,489,4,4,30,182,90,77,2,31,5,2,2,12,5,35,0,0,0,0,1,1,0,0,0,0,2,0,0,0,0,0,1,7,4
18,GALAŢI,"ȘCOALA GIMNAZIALĂ NR. 22 (ȘCOALA GENERALĂ ”DIMITRIE CANTEMIR” - ȘCOALA GENERALĂ NR. 22)",69,"MUNICIPIUL GALAŢI",75098,1,PROV,PRCNCT,CD,CD_SV,"2021-01-21 12:30:02",1512,1503,9,0,401,392,9,0,1673,1272,392,5,4,34,150,50,70,1,13,5,1,0,2,8,44,0,0,0,0,0,0,0,1,0,0,1,0,0,0,0,2,0,5,5
18,GALAŢI,"GRĂDINIȚA CU PROGRAM PRELUNGIT ”MOTANUL ÎNCĂLȚAT” (GRĂDINIȚA CU PROGRAM PRELUNGIT ”PRICHINDEL” - GRĂDINIȚA ”PRICHINDEL” - GRĂDINIȚA NR. 62)",70,"MUNICIPIUL GALAŢI",75098,1,PROV,PRCNCT,CD,CD_SV,"2021-01-21 12:30:02",1511,1496,14,1,508,493,14,1,1658,1150,495,13,0,31,185,104,74,2,23,0,2,2,8,9,33,2,1,2,0,0,0,0,0,0,1,1,0,0,0,0,0,1,10,4
18,GALAŢI,"GRĂDINIȚA CU PROGRAM PRELUNGIT ”MOTANUL ÎNCĂLȚAT” (GRĂDINIȚA CU PROGRAM PRELUNGIT ”PRICHINDEL” - GRĂDINIȚA ”PRICHINDEL” - GRĂDINIȚA NR. 62)",71,"MUNICIPIUL GALAŢI",75098,1,PROV,PRCNCT,CD,CD_SV,"2021-01-21 12:30:02",1475,1461,14,0,443,429,14,0,1612,1169,434,7,2,25,163,87,80,1,20,1,0,1,10,9,27,0,0,0,1,0,0,0,0,0,0,1,0,0,0,0,3,0,4,1
18,GALAŢI,"GRĂDINIȚA CU PROGRAM PRELUNGIT ”MOTANUL ÎNCĂLȚAT” (GRĂDINIȚA CU PROGRAM PRELUNGIT ”PRICHINDEL” - GRĂDINIȚA ”PRICHINDEL” - GRĂDINIȚA NR. 62)",72,"MUNICIPIUL GALAŢI",75098,1,PROV,PRCNCT,CD,CD_SV,"2021-01-21 12:30:02",1390,1369,20,1,444,423,20,1,1508,1064,436,7,1,22,136,102,89,0,19,4,4,1,5,10,29,0,0,0,0,0,0,0,0,1,0,0,0,0,1,1,2,0,8,2
18,GALAŢI,"STAȚIE DE POMPARE APE UZATE S.C. APĂ-CANAL S.A.",73,"MUNICIPIUL GALAŢI",75098,1,PROV,PRCNCT,CD,CD_SV,"2021-01-21 12:30:02",476,461,15,0,147,132,15,0,523,376,145,1,1,12,49,22,25,1,10,3,0,0,4,5,11,0,0,0,0,0,1,0,0,0,0,0,0,0,0,0,0,0,1,1
18,GALAŢI,"ȘCOALA GIMNAZIALĂ ”DAN BARBILIAN” (ȘCOALA GENERALĂ ”DAN BARBILIAN” - ȘCOALA GENERALĂ NR. 43)",74,"MUNICIPIUL GALAŢI",75098,1,PROV,PRCNCT,CD,CD_SV,"2021-01-21 12:30:02",1626,1603,21,2,469,446,21,2,1773,1304,461,4,4,13,181,117,61,1,20,6,0,1,8,5,36,0,0,0,0,0,0,0,0,1,0,2,0,0,0,0,1,0,7,1
18,GALAŢI,"ȘCOALA GIMNAZIALĂ ”DAN BARBILIAN” (ȘCOALA GENERALĂ ”DAN BARBILIAN” - ȘCOALA GENERALĂ NR. 43)",75,"MUNICIPIUL GALAŢI",75098,1,PROV,PRCNCT,CD,CD_SV,"2021-01-21 12:30:02",1461,1446,15,0,439,424,15,0,1590,1151,428,8,3,15,170,100,73,0,7,3,3,1,6,6,34,0,0,0,1,0,0,0,0,0,0,2,0,1,0,0,0,0,4,2
18,GALAŢI,"ȘCOALA GIMNAZIALĂ ”DAN BARBILIAN” (ȘCOALA GENERALĂ ”DAN BARBILIAN” - ȘCOALA GENERALĂ NR. 43)",76,"MUNICIPIUL GALAŢI",75098,1,PROV,PRCNCT,CD,CD_SV,"2021-01-21 12:30:02",1461,1423,9,29,470,432,9,29,1581,1111,460,8,2,25,141,111,86,1,19,3,3,1,7,9,42,0,1,0,0,0,0,0,0,1,0,1,0,0,0,0,1,0,8,0
18,GALAŢI,"ȘCOALA GIMNAZIALĂ ”DAN BARBILIAN” (ȘCOALA GENERALĂ ”DAN BARBILIAN” - ȘCOALA GENERALĂ NR. 43)",77,"MUNICIPIUL GALAŢI",75098,1,PROV,PRCNCT,CD,CD_SV,"2021-01-21 12:30:02",1491,1485,6,0,434,428,6,0,1638,1204,419,15,0,17,157,95,67,3,19,2,0,0,4,9,41,0,0,0,0,0,0,0,0,0,0,0,0,0,0,0,0,0,4,1
18,GALAŢI,"ȘCOALA GIMNAZIALĂ ”DAN BARBILIAN” (ȘCOALA GENERALĂ ”DAN BARBILIAN” - ȘCOALA GENERALĂ NR. 43)",78,"MUNICIPIUL GALAŢI",75098,1,PROV,PRCNCT,CD,CD_SV,"2021-01-21 12:30:02",1511,1496,13,2,456,441,13,2,1652,1196,448,5,3,26,187,85,55,1,25,4,1,0,13,11,33,0,0,0,0,0,0,0,0,0,0,1,0,0,0,0,0,0,4,2
18,GALAŢI,"ȘCOALA GIMNAZIALĂ ”DAN BARBILIAN” (ȘCOALA GENERALĂ ”DAN BARBILIAN” - ȘCOALA GENERALĂ NR. 43)",79,"MUNICIPIUL GALAŢI",75098,1,PROV,PRCNCT,CD,CD_SV,"2021-01-21 12:30:02",1449,1438,11,0,436,425,11,0,1587,1151,429,7,0,21,146,91,80,0,24,3,4,2,8,8,32,0,0,0,0,0,0,0,0,0,0,1,0,0,1,0,0,0,8,0
18,GALAŢI,"ȘCOALA GIMNAZIALĂ ”DAN BARBILIAN” (ȘCOALA GENERALĂ ”DAN BARBILIAN” - ȘCOALA GENERALĂ NR. 43)",80,"MUNICIPIUL GALAŢI",75098,1,PROV,PRCNCT,CD,CD_SV,"2021-01-21 12:30:02",1531,1520,11,0,438,427,11,0,3344,2906,433,4,1,20,163,113,76,0,10,4,2,4,3,7,18,0,1,0,0,0,0,0,1,0,0,1,1,0,0,0,1,1,3,4
18,GALAŢI,"ȘCOALA GIMNAZIALĂ NR. 3 (ȘCOALA GENERALĂ NR. 3)",81,"MUNICIPIUL GALAŢI",75098,1,PROV,PRCNCT,CD,CD_SV,"2021-01-21 12:30:02",1579,1549,25,5,503,473,25,5,1722,1219,497,6,0,35,141,104,90,1,20,2,4,2,8,10,64,0,0,0,0,0,0,0,0,0,0,2,0,0,1,0,1,2,10,0
18,GALAŢI,"ȘCOALA GIMNAZIALĂ NR. 3 (ȘCOALA GENERALĂ NR. 3)",82,"MUNICIPIUL GALAŢI",75098,1,PROV,PRCNCT,CD,CD_SV,"2021-01-21 12:30:02",1586,1576,10,0,440,430,10,0,1741,1301,426,11,3,20,168,90,64,1,17,2,1,0,6,8,38,0,1,0,0,0,0,0,0,0,2,2,0,0,0,0,0,0,6,0
18,GALAŢI,"ȘCOALA GIMNAZIALĂ NR. 3 (ȘCOALA GENERALĂ NR. 3)",83,"MUNICIPIUL GALAŢI",75098,1,PROV,PRCNCT,CD,CD_SV,"2021-01-21 12:30:02",1484,1482,2,0,422,420,2,0,1647,1225,417,5,0,23,135,99,76,2,12,2,3,0,5,7,45,0,0,0,1,0,0,0,0,1,0,0,0,1,0,0,0,0,3,2
18,GALAŢI,"ȘCOALA GIMNAZIALĂ NR. 3 (ȘCOALA GENERALĂ NR. 3)",84,"MUNICIPIUL GALAŢI",75098,1,PROV,PRCNCT,CD,CD_SV,"2021-01-21 12:30:02",1684,1676,8,0,531,523,8,0,1853,1322,520,11,0,24,191,103,89,1,29,3,3,2,8,8,49,0,0,0,0,0,0,0,0,0,2,0,0,0,0,1,0,0,3,4
18,GALAŢI,"ȘCOALA GIMNAZIALĂ NR. 3 (ȘCOALA GENERALĂ NR. 3)",85,"MUNICIPIUL GALAŢI",75098,1,PROV,PRCNCT,CD,CD_SV,"2021-01-21 12:30:02",1399,1387,12,0,437,425,12,0,1531,1094,432,4,1,35,129,113,75,1,19,1,0,2,4,6,39,1,0,0,0,0,0,0,0,0,0,2,0,0,0,0,0,0,5,0
18,GALAŢI,"ȘCOALA GIMNAZIALĂ ”IULIA HAȘDEU” (ȘCOALA GENERALĂ ”IULIA HAȘDEU” - ȘCOALA GENERALĂ NR. 40)",86,"MUNICIPIUL GALAŢI",75098,1,PROV,PRCNCT,CD,CD_SV,"2021-01-21 12:30:02",1445,1424,18,3,475,454,18,3,1569,1094,464,10,1,26,167,100,90,1,11,3,1,1,12,6,32,1,0,0,1,0,0,0,0,0,0,3,0,0,0,0,0,0,5,4
18,GALAŢI,"ȘCOALA GIMNAZIALĂ ”IULIA HAȘDEU” (ȘCOALA GENERALĂ ”IULIA HAȘDEU” - ȘCOALA GENERALĂ NR. 40)",87,"MUNICIPIUL GALAŢI",75098,1,PROV,PRCNCT,CD,CD_SV,"2021-01-21 12:30:02",1385,1374,9,2,385,374,9,2,1514,1129,377,5,3,17,146,76,66,1,11,3,4,1,5,6,28,1,0,0,0,1,0,0,0,0,1,1,0,0,0,0,0,0,7,2
18,GALAŢI,"ȘCOALA GIMNAZIALĂ ”IULIA HAȘDEU” (ȘCOALA GENERALĂ ”IULIA HAȘDEU” - ȘCOALA GENERALĂ NR. 40)",88,"MUNICIPIUL GALAŢI",75098,1,PROV,PRCNCT,CD,CD_SV,"2021-01-21 12:30:02",1384,1376,8,0,407,399,8,0,1516,1109,398,7,2,23,158,76,60,1,19,2,3,2,6,4,33,0,1,0,1,0,0,0,0,0,0,1,0,0,0,0,1,0,5,2
18,GALAŢI,"ȘCOALA GIMNAZIALĂ ”IULIA HAȘDEU” (ȘCOALA GENERALĂ ”IULIA HAȘDEU” - ȘCOALA GENERALĂ NR. 40)",89,"MUNICIPIUL GALAŢI",75098,1,PROV,PRCNCT,CD,CD_SV,"2021-01-21 12:30:02",1456,1441,12,3,499,484,12,3,1592,1093,488,10,1,26,165,106,89,0,20,2,4,3,8,8,43,0,1,0,0,0,0,0,0,1,0,2,0,1,1,0,0,1,5,2
18,GALAŢI,"ȘCOALA GIMNAZIALĂ ”IULIA HAȘDEU” (ȘCOALA GENERALĂ ”IULIA HAȘDEU” - ȘCOALA GENERALĂ NR. 40)",90,"MUNICIPIUL GALAŢI",75098,1,PROV,PRCNCT,CD,CD_SV,"2021-01-21 12:30:02",1597,1583,10,4,449,435,10,4,1744,1295,442,7,0,33,148,99,100,1,11,2,0,2,6,8,23,0,0,0,0,0,1,0,0,1,0,1,1,0,0,0,0,0,4,1
18,GALAŢI,"ȘCOALA GIMNAZIALĂ ”IULIA HAȘDEU” (ȘCOALA GENERALĂ ”IULIA HAȘDEU” - ȘCOALA GENERALĂ NR. 40)",91,"MUNICIPIUL GALAŢI",75098,1,PROV,PRCNCT,CD,CD_SV,"2021-01-21 12:30:02",1277,1269,8,0,366,358,8,0,1397,1031,359,6,1,18,115,83,67,1,18,0,3,1,8,8,28,0,0,0,0,0,1,0,0,1,0,1,0,0,0,0,1,0,3,2
18,GALAŢI,"ȘCOALA GIMNAZIALĂ NR. 9 (ȘCOALA GIMNAZIALĂ NR. 9 ”CALISTRAT HOGAȘ”)",92,"MUNICIPIUL GALAŢI",75098,2,PART,PRCNCT,CD,CD_SV,"2021-01-21 12:30:02",1456,1449,5,2,471,464,5,2,1606,1135,460,10,1,17,153,119,72,2,24,4,1,0,2,12,40,0,0,0,0,1,0,0,0,0,0,3,0,0,0,0,0,0,10,0
18,GALAŢI,"ȘCOALA GIMNAZIALĂ NR. 9 (ȘCOALA GIMNAZIALĂ NR. 9 ”CALISTRAT HOGAȘ”)",93,"MUNICIPIUL GALAŢI",75098,1,PROV,PRCNCT,CD,CD_SV,"2021-01-21 12:30:02",1274,1263,11,0,301,290,11,0,1385,1084,295,4,2,19,86,73,52,0,12,4,0,1,3,3,22,1,0,1,0,0,0,1,0,0,0,5,0,0,0,0,2,4,3,3
18,GALAŢI,"ȘCOALA GIMNAZIALĂ NR. 9 (ȘCOALA GIMNAZIALĂ NR. 9 ”CALISTRAT HOGAȘ”)",94,"MUNICIPIUL GALAŢI",75098,1,PROV,PRCNCT,CD,CD_SV,"2021-01-21 12:30:02",1443,1424,19,0,435,416,19,0,1553,1118,427,6,2,13,130,91,87,1,23,4,1,3,4,11,48,0,0,1,0,1,0,0,0,0,0,0,0,0,1,0,0,1,5,2
18,GALAŢI,"GRĂDINIȚA CU PROGRAM NORMAL NR. 59 (FOSTA ȘCOALĂ GIMNAZIALĂ ”NICOLAE MANTU”)",95,"MUNICIPIUL GALAŢI",75098,1,PROV,PRCNCT,CD,CD_SV,"2021-01-21 12:30:02",1632,1582,22,28,531,482,22,27,1751,1220,524,6,1,30,177,126,107,0,21,2,1,2,8,5,33,0,0,0,1,0,1,0,0,1,0,0,0,0,1,0,2,1,3,2
18,GALAŢI,"GRĂDINIȚA CU PROGRAM NORMAL NR. 59 (FOSTA ȘCOALĂ GIMNAZIALĂ ”NICOLAE MANTU”)",96,"MUNICIPIUL GALAŢI",75098,1,PROV,PRCNCT,CD,CD_SV,"2021-01-21 12:30:02",1450,1410,14,26,465,425,14,26,1559,1094,460,3,2,27,145,84,105,3,13,4,5,4,5,10,40,0,0,0,0,0,0,0,1,0,0,0,0,1,1,1,0,0,9,2
18,GALAŢI,"ȘCOALA GIMNAZIALĂ NR. 5 (ȘCOALA GENERALĂ ”CUZA VODĂ” - ȘCOALA GENERALĂ NR. 5)",97,"MUNICIPIUL GALAŢI",75098,2,PART,PRCNCT,CD,CD_SV,"2021-01-21 12:30:02",1523,1513,10,0,453,443,10,0,1672,1219,449,4,0,24,126,98,95,1,26,4,2,3,7,7,34,1,2,0,0,1,1,1,0,2,2,1,0,0,0,1,0,0,8,2
18,GALAŢI,"ȘCOALA GIMNAZIALĂ NR. 5 (ȘCOALA GENERALĂ ”CUZA VODĂ” - ȘCOALA GENERALĂ NR. 5)",98,"MUNICIPIUL GALAŢI",75098,1,PROV,PRCNCT,CD,CD_SV,"2021-01-21 12:30:02",1295,1273,20,2,417,395,20,2,1405,988,407,9,1,24,133,79,77,3,15,2,1,0,6,7,50,1,0,0,0,0,0,0,0,0,0,0,0,0,0,1,1,0,5,2
18,GALAŢI,"ȘCOALA GIMNAZIALĂ NR. 5 (ȘCOALA GENERALĂ ”CUZA VODĂ” - ȘCOALA GENERALĂ NR. 5)",99,"MUNICIPIUL GALAŢI",75098,1,PROV,PRCNCT,CD,CD_SV,"2021-01-21 12:30:02",1548,1535,13,0,435,422,13,0,1710,1275,416,16,3,28,112,97,84,1,28,5,1,0,8,4,35,1,1,0,0,0,0,1,0,0,0,0,0,0,0,0,0,1,6,3
18,GALAŢI,"ȘCOALA GIMNAZIALĂ NR. 5 (ȘCOALA GENERALĂ ”CUZA VODĂ” - ȘCOALA GENERALĂ NR. 5)",100,"MUNICIPIUL GALAŢI",75098,1,PROV,PRCNCT,CD,CD_SV,"2021-01-21 12:30:02",1373,1363,9,1,420,410,9,1,1504,1084,406,12,2,32,128,91,77,1,19,7,1,0,4,10,24,0,0,0,0,0,0,0,0,0,0,0,0,0,0,0,1,2,7,2
18,GALAŢI,"LICEUL TEORETIC ”DUNAREA”",101,"MUNICIPIUL GALAŢI",75098,1,PROV,PRCNCT,CD,CD_SV,"2021-01-21 12:30:02",1331,1313,16,2,404,386,16,2,1441,1037,391,11,2,15,125,95,88,1,14,4,1,1,7,7,22,0,0,0,0,0,0,0,0,0,0,1,0,1,0,0,1,0,5,3
18,GALAŢI,"LICEUL TEORETIC ”DUNAREA”",102,"MUNICIPIUL GALAŢI",75098,1,PROV,PRCNCT,CD,CD_SV,"2021-01-21 12:30:02",1276,1260,16,0,355,339,16,0,1388,1033,349,6,0,8,116,74,73,2,18,2,1,0,4,7,32,1,0,0,0,1,1,0,0,0,0,1,1,0,0,0,0,0,6,1
18,GALAŢI,"LICEUL TEORETIC ”DUNAREA”",103,"MUNICIPIUL GALAŢI",75098,1,PROV,PRCNCT,CD,CD_SV,"2021-01-21 12:30:02",1402,1391,10,1,416,405,10,1,1547,1131,411,2,3,29,161,80,66,1,20,3,0,4,6,6,24,0,0,1,1,1,0,0,0,0,0,1,0,0,0,0,0,0,5,2
18,GALAŢI,"GRĂDINIȚA CU PROGRAM PRELUNGIT NR. 30",104,"MUNICIPIUL GALAŢI",75098,1,PROV,PRCNCT,CD,CD_SV,"2021-01-21 12:30:02",1529,1513,13,3,406,390,13,3,1670,1264,400,5,1,28,125,79,75,2,16,0,1,6,8,5,47,1,0,0,1,0,0,0,0,0,0,1,0,0,0,0,0,0,5,0
18,GALAŢI,"GRĂDINIȚA CU PROGRAM PRELUNGIT NR. 30",105,"MUNICIPIUL GALAŢI",75098,1,PROV,PRCNCT,CD,CD_SV,"2021-01-21 12:30:02",1452,1444,8,0,403,395,8,0,1597,1194,395,5,3,23,127,80,91,1,14,4,1,0,5,9,25,0,0,0,1,2,1,0,0,0,0,1,0,1,0,0,0,1,4,4
18,GALAŢI,"GRĂDINIȚA CU PROGRAM PRELUNGIT NR. 30",106,"MUNICIPIUL GALAŢI",75098,1,PROV,PRCNCT,CD,CD_SV,"2021-01-21 12:30:02",1136,1124,10,2,297,285,10,2,1080,783,292,4,1,17,94,67,49,1,13,3,1,1,5,6,28,0,0,0,1,0,0,0,0,0,1,1,0,0,0,0,0,0,4,0
18,GALAŢI,"GRĂDINIȚA CU PROGRAM PRELUNGIT NR. 30",107,"MUNICIPIUL GALAŢI",75098,1,PROV,PRCNCT,CD,CD_SV,"2021-01-21 12:30:02",1346,1337,9,0,402,393,9,0,1543,1141,396,5,1,24,136,85,69,1,24,4,0,0,4,9,34,2,0,0,0,0,0,0,0,0,0,1,0,0,0,0,0,0,3,0
18,GALAŢI,"GRĂDINIȚA CU PROGRAM PRELUNGIT NR. 30",108,"MUNICIPIUL GALAŢI",75098,1,PROV,PRCNCT,CD,CD_SV,"2021-01-21 12:30:02",1351,1338,10,3,409,396,10,3,1483,1074,402,6,1,17,122,108,88,2,17,5,0,2,4,6,20,0,0,0,1,0,0,0,0,1,0,0,0,0,0,0,0,0,8,1
18,GALAŢI,"GRĂDINIȚA CU PROGRAM PRELUNGIT NR. 30",109,"MUNICIPIUL GALAŢI",75098,1,PROV,PRCNCT,CD,CD_SV,"2021-01-21 12:30:02",1414,1403,9,2,429,418,9,2,1549,1120,420,4,5,31,143,86,89,1,14,3,0,1,7,7,20,3,1,0,0,4,0,0,0,0,1,0,0,0,0,1,1,1,2,4
18,GALAŢI,"ȘCOALA GIMNAZIALĂ NR. 10 (ȘCOALA GENERALĂ ”PETRE ȚUȚEA” - ȘCOALA GENERALĂ NR. 10)",110,"MUNICIPIUL GALAŢI",75098,1,PROV,PRCNCT,CD,CD_SV,"2021-01-21 12:30:02",1587,1572,15,0,513,498,15,0,1739,1226,501,7,5,34,151,107,99,2,23,5,1,0,14,8,41,0,0,1,1,0,0,1,0,0,0,2,0,0,0,0,3,1,6,1
18,GALAŢI,"ȘCOALA GIMNAZIALĂ NR. 10 (ȘCOALA GENERALĂ ”PETRE ȚUȚEA” - ȘCOALA GENERALĂ NR. 10)",111,"MUNICIPIUL GALAŢI",75098,1,PROV,PRCNCT,CD,CD_SV,"2021-01-21 12:30:02",1613,1601,12,0,484,472,12,0,1780,1296,479,5,0,27,175,81,70,5,20,10,2,3,8,7,58,2,0,0,0,0,0,1,0,1,1,1,0,1,0,0,0,0,6,0
18,GALAŢI,"ȘCOALA GIMNAZIALĂ NR. 10 (ȘCOALA GENERALĂ ”PETRE ȚUȚEA” - ȘCOALA GENERALĂ NR. 10)",112,"MUNICIPIUL GALAŢI",75098,1,PROV,PRCNCT,CD,CD_SV,"2021-01-21 12:30:02",1666,1648,18,0,505,487,18,0,1837,1332,495,8,2,30,168,92,89,1,18,4,2,0,9,11,51,0,0,0,0,0,0,0,0,0,0,4,0,0,0,1,1,0,13,1
18,GALAŢI,"ȘCOALA GIMNAZIALĂ NR. 10 (ȘCOALA GENERALĂ ”PETRE ȚUȚEA” - ȘCOALA GENERALĂ NR. 10)",113,"MUNICIPIUL GALAŢI",75098,1,PROV,PRCNCT,CD,CD_SV,"2021-01-21 12:30:02",1453,1443,10,0,444,434,10,0,1592,1148,430,10,4,37,164,77,89,3,16,4,0,1,5,7,21,0,0,0,1,0,0,0,0,0,0,0,0,0,0,0,0,0,5,0
18,GALAŢI,"ȘCOALA GIMNAZIALĂ NR. 10 (ȘCOALA GENERALĂ ”PETRE ȚUȚEA” - ȘCOALA GENERALĂ NR. 10)",114,"MUNICIPIUL GALAŢI",75098,1,PROV,PRCNCT,CD,CD_SV,"2021-01-21 12:30:02",1742,1734,7,1,514,506,7,1,1926,1412,504,7,3,32,174,98,83,4,20,3,5,10,10,7,45,1,1,0,1,0,0,0,0,0,0,2,0,0,0,1,0,0,5,2
18,GALAŢI,"LICEUL DE TRANSPORTURI AUTO ”TRAIAN VUIA” (COLEGIUL TEHNIC ”TRAIAN VUIA” - GRUP ŞCOLAR TRANSPORTURI AUTO)",115,"MUNICIPIUL GALAŢI",75098,1,PROV,PRCNCT,CD,CD_SV,"2021-01-21 12:30:02",1299,1271,17,11,434,406,17,11,1410,976,425,9,0,22,128,119,69,0,13,7,5,6,8,12,23,3,0,1,0,0,0,0,0,0,0,2,0,0,1,1,1,0,3,1
18,GALAŢI,"LICEUL DE TRANSPORTURI AUTO ”TRAIAN VUIA” (COLEGIUL TEHNIC ”TRAIAN VUIA” - GRUP ŞCOLAR TRANSPORTURI AUTO)",116,"MUNICIPIUL GALAŢI",75098,1,PROV,PRCNCT,CD,CD_SV,"2021-01-21 12:30:02",1376,1367,9,0,428,419,9,0,1505,1077,420,6,2,26,115,104,97,2,15,2,3,4,4,6,34,0,1,0,0,0,0,0,0,1,0,1,0,0,0,0,1,0,3,1
18,GALAŢI,"LICEUL DE TRANSPORTURI AUTO ”TRAIAN VUIA” (COLEGIUL TEHNIC ”TRAIAN VUIA” - GRUP ŞCOLAR TRANSPORTURI AUTO)",117,"MUNICIPIUL GALAŢI",75098,1,PROV,PRCNCT,CD,CD_SV,"2021-01-21 12:30:02",1283,1274,7,2,371,362,7,2,1415,1044,365,4,2,25,113,85,68,2,19,1,1,2,10,10,16,0,0,0,0,0,2,0,1,0,0,0,0,0,1,0,0,0,8,1
18,GALAŢI,"ȘCOALA GIMNAZIALĂ ”SFINȚII ÎMPĂRAȚI” (ȘCOALA GENERALĂ ”SFINȚII ÎMPĂRAȚI” - ȘCOALA GENERALĂ NR. 42)",118,"MUNICIPIUL GALAŢI",75098,1,PROV,PRCNCT,CD,CD_SV,"2021-01-21 12:30:02",1702,1686,15,1,568,552,15,1,1866,1298,559,6,3,20,194,106,132,2,22,1,3,1,6,16,38,0,0,0,1,0,1,0,0,0,0,3,0,0,0,0,0,0,12,1
18,GALAŢI,"ȘCOALA GIMNAZIALĂ ”SFINȚII ÎMPĂRAȚI” (ȘCOALA GENERALĂ ”SFINȚII ÎMPĂRAȚI” - ȘCOALA GENERALĂ NR. 42)",119,"MUNICIPIUL GALAŢI",75098,1,PROV,PRCNCT,CD,CD_SV,"2021-01-21 12:30:02",1556,1547,9,0,508,499,9,0,1708,1200,502,5,1,23,146,132,123,0,15,7,2,3,7,8,24,1,0,1,0,1,1,0,0,0,0,1,0,0,0,0,0,0,5,2
18,GALAŢI,"ȘCOALA GIMNAZIALĂ ”SFINȚII ÎMPĂRAȚI” (ȘCOALA GENERALĂ ”SFINȚII ÎMPĂRAȚI” - ȘCOALA GENERALĂ NR. 42)",120,"MUNICIPIUL GALAŢI",75098,1,PROV,PRCNCT,CD,CD_SV,"2021-01-21 12:30:02",1349,1337,12,0,400,388,12,0,1479,1079,393,5,2,21,137,80,82,2,15,3,2,1,4,8,25,1,0,0,0,2,0,0,0,0,0,1,0,0,0,0,0,0,4,5
18,GALAŢI,"ȘCOALA GIMNAZIALĂ ”SFÂNTUL GRIGORE TEOLOGUL” (ȘCOALA GENERALĂ ”SFÂNTUL GRIGORE TEOLOGUL” - ȘCOALA GENERALĂ NR. 41)",121,"MUNICIPIUL GALAŢI",75098,1,PROV,PRCNCT,CD,CD_SV,"2021-01-21 12:30:02",1733,1721,9,3,462,450,9,3,1904,1442,460,2,0,21,181,113,74,1,18,6,2,1,1,9,27,0,0,0,0,0,0,1,0,0,0,1,0,0,0,0,0,0,3,1
18,GALAŢI,"ȘCOALA GIMNAZIALĂ ”SFÂNTUL GRIGORE TEOLOGUL” (ȘCOALA GENERALĂ ”SFÂNTUL GRIGORE TEOLOGUL” - ȘCOALA GENERALĂ NR. 41)",122,"MUNICIPIUL GALAŢI",75098,1,PROV,PRCNCT,CD,CD_SV,"2021-01-21 12:30:02",1730,1720,8,2,498,488,8,2,1901,1403,486,10,2,42,159,110,94,1,18,1,4,2,7,8,30,0,0,0,0,0,0,0,0,0,0,1,1,0,1,0,0,1,5,1
18,GALAŢI,"ȘCOALA GIMNAZIALĂ ”SFÂNTUL GRIGORE TEOLOGUL” (ȘCOALA GENERALĂ ”SFÂNTUL GRIGORE TEOLOGUL” - ȘCOALA GENERALĂ NR. 41)",123,"MUNICIPIUL GALAŢI",75098,1,PROV,PRCNCT,CD,CD_SV,"2021-01-21 12:30:02",1738,1729,9,0,480,471,9,0,1913,1433,469,10,1,22,167,98,94,0,13,3,1,2,8,10,34,0,0,0,2,0,0,0,0,0,0,0,0,0,0,1,0,0,10,4
18,GALAŢI,"ȘCOALA GIMNAZIALĂ ”SFÂNTUL GRIGORE TEOLOGUL” (ȘCOALA GENERALĂ ”SFÂNTUL GRIGORE TEOLOGUL” - ȘCOALA GENERALĂ NR. 41)",124,"MUNICIPIUL GALAŢI",75098,1,PROV,PRCNCT,CD,CD_SV,"2021-01-21 12:30:02",1741,1730,8,3,409,398,8,3,1915,1506,401,8,0,26,144,81,74,0,17,3,4,1,5,7,30,0,0,0,0,0,0,0,1,0,0,1,0,0,0,1,0,1,3,2
18,GALAŢI,"LICEUL TEHNOLOGIC ”ANGHEL SALIGNY” (GRUP ȘCOLAR INDUSTRIAL ”ANGHEL SALIGNY” - LICEUL INDUSTRIAL NR.9)",125,"MUNICIPIUL GALAŢI",75098,1,PROV,PRCNCT,CD,CD_SV,"2021-01-21 12:30:02",1991,1984,7,0,413,406,7,0,2184,1771,406,6,1,27,135,76,67,3,20,4,1,9,9,10,35,0,0,0,0,0,0,1,0,1,0,1,0,0,0,1,0,0,5,1
18,GALAŢI,"LICEUL TEHNOLOGIC ”ANGHEL SALIGNY” (GRUP ȘCOLAR INDUSTRIAL ”ANGHEL SALIGNY” - LICEUL INDUSTRIAL NR.9)",126,"MUNICIPIUL GALAŢI",75098,1,PROV,PRCNCT,CD,CD_SV,"2021-01-21 12:30:02",1736,1716,19,1,59,39,19,1,1895,1836,55,4,0,5,13,11,10,0,4,1,0,0,0,2,5,1,0,0,1,0,0,0,0,0,0,1,0,0,0,0,1,0,0,0
18,GALAŢI,"LICEUL TEHNOLOGIC ”ANGHEL SALIGNY” (GRUP ȘCOLAR INDUSTRIAL ”ANGHEL SALIGNY” - LICEUL INDUSTRIAL NR.9)",127,"MUNICIPIUL GALAŢI",75098,1,PROV,PRCNCT,CD,CD_SV,"2021-01-21 12:30:02",1874,1865,9,0,113,104,9,0,2087,1974,109,4,0,8,36,23,14,0,3,1,1,0,1,1,18,0,0,0,0,0,0,0,0,0,0,1,0,0,1,0,0,1,0,0
18,GALAŢI,"LICEUL TEHNOLOGIC ”ANGHEL SALIGNY” (GRUP ȘCOLAR INDUSTRIAL ”ANGHEL SALIGNY” - LICEUL INDUSTRIAL NR.9)",128,"MUNICIPIUL GALAŢI",75098,1,PROV,PRCNCT,CD,CD_SV,"2021-01-21 12:30:02",1887,1881,6,0,404,398,6,0,2077,1673,398,3,3,21,103,71,65,1,17,6,2,7,10,7,67,1,2,0,2,0,2,0,0,0,1,1,1,1,2,0,2,0,4,2
18,GALAŢI,"LICEUL TEORETIC ”SFÂNTA MARIA” (GRUP ȘCOLAR INDUSTRIAL ”SFÂNTA MARIA” - LICEUL INDUSTRIAL NR.10)",129,"MUNICIPIUL GALAŢI",75098,1,PROV,PRCNCT,CD,CD_SV,"2021-01-21 12:30:02",1247,1226,21,0,405,384,21,0,1347,942,391,13,1,24,119,104,75,2,11,3,3,0,5,5,26,1,0,0,1,0,0,0,0,0,0,0,1,0,0,0,1,2,6,2
18,GALAŢI,"LICEUL TEORETIC ”SFÂNTA MARIA” (GRUP ȘCOLAR INDUSTRIAL ”SFÂNTA MARIA” - LICEUL INDUSTRIAL NR.10)",130,"MUNICIPIUL GALAŢI",75098,1,PROV,PRCNCT,CD,CD_SV,"2021-01-21 12:30:02",1476,1463,13,0,480,467,13,0,1613,1133,473,4,3,32,197,95,77,0,20,2,0,1,8,4,28,0,0,0,0,0,0,1,0,0,1,0,0,0,1,1,0,0,4,1
18,GALAŢI,"ȘCOALA GIMNAZIALĂ ”ȘTEFAN CEL MARE” (ȘCOALA GENERALĂ ”ȘTEFAN CEL MARE” - ȘCOALA GENERALĂ NR. 13)",131,"MUNICIPIUL GALAŢI",75098,1,PROV,PRCNCT,CD,CD_SV,"2021-01-21 12:30:02",1409,1386,23,0,407,384,23,0,1541,1134,393,12,2,23,142,83,72,2,16,2,3,4,7,7,21,0,1,0,0,1,0,0,0,0,1,3,0,1,0,0,1,0,3,0
18,GALAŢI,"ȘCOALA GIMNAZIALĂ ”ȘTEFAN CEL MARE” (ȘCOALA GENERALĂ ”ȘTEFAN CEL MARE” - ȘCOALA GENERALĂ NR. 13)",132,"MUNICIPIUL GALAŢI",75098,1,PROV,PRCNCT,CD,CD_SV,"2021-01-21 12:30:02",1516,1506,10,0,488,478,10,0,1673,1185,473,10,5,36,152,103,106,2,13,1,0,3,5,8,30,1,1,0,0,1,0,0,0,1,0,1,0,0,1,0,1,1,5,1
18,GALAŢI,"ȘCOALA GIMNAZIALĂ ”GRIGORE MOISIL” (ȘCOALA GENERALĂ ”GRIGORE MOISIL” - ȘCOALA GENERALĂ NR. 38)",133,"MUNICIPIUL GALAŢI",75098,1,PROV,PRCNCT,CD,CD_SV,"2021-01-21 12:30:02",1733,1718,15,0,512,497,15,0,1893,1381,502,8,2,24,160,93,94,3,19,7,3,9,5,5,61,1,1,0,2,0,0,0,0,0,1,1,0,1,0,1,1,1,6,3
18,GALAŢI,"ȘCOALA GIMNAZIALĂ ”GRIGORE MOISIL” (ȘCOALA GENERALĂ ”GRIGORE MOISIL” - ȘCOALA GENERALĂ NR. 38)",134,"MUNICIPIUL GALAŢI",75098,1,PROV,PRCNCT,CD,CD_SV,"2021-01-21 12:30:02",1352,1339,13,0,431,418,13,0,1482,1051,425,6,0,17,152,85,73,1,22,1,5,1,7,6,45,0,0,0,1,0,0,0,0,0,0,1,1,0,0,0,1,1,4,1
18,GALAŢI,"ȘCOALA GIMNAZIALĂ ”GRIGORE MOISIL” (ȘCOALA GENERALĂ ”GRIGORE MOISIL” - ȘCOALA GENERALĂ NR. 38)",135,"MUNICIPIUL GALAŢI",75098,1,PROV,PRCNCT,CD,CD_SV,"2021-01-21 12:30:02",1436,1426,10,0,408,398,10,0,1582,1174,401,5,2,27,125,80,69,2,15,5,1,4,1,12,53,1,1,1,0,0,0,1,0,0,0,0,0,0,0,1,0,0,1,1
18,GALAŢI,"ȘCOALA GIMNAZIALĂ ”GRIGORE MOISIL” (ȘCOALA GENERALĂ ”GRIGORE MOISIL” - ȘCOALA GENERALĂ NR. 38)",136,"MUNICIPIUL GALAŢI",75098,1,PROV,PRCNCT,CD,CD_SV,"2021-01-21 12:30:02",1691,1685,5,1,484,478,5,1,1854,1370,476,4,4,29,171,83,85,1,20,3,0,4,10,10,43,1,0,0,0,1,0,0,0,0,0,2,0,2,0,0,1,0,8,2
18,GALAŢI,"ȘCOALA GIMNAZIALĂ ”GHEORGHE MUNTEANU” (ȘCOALA GENERALĂ ”GHEORGHE MUNTEANU” - ȘCOALA GENERALĂ NR. 31)",137,"MUNICIPIUL GALAŢI",75098,1,PROV,PRCNCT,CD,CD_SV,"2021-01-21 12:30:02",1507,1491,16,0,455,439,16,0,1644,1189,445,10,0,27,152,96,85,2,18,3,0,1,5,6,39,1,1,0,0,0,0,0,0,0,0,2,2,0,0,1,0,0,3,1
18,GALAŢI,"ȘCOALA GIMNAZIALĂ ”GHEORGHE MUNTEANU” (ȘCOALA GENERALĂ ”GHEORGHE MUNTEANU” - ȘCOALA GENERALĂ NR. 31)",138,"MUNICIPIUL GALAŢI",75098,1,PROV,PRCNCT,CD,CD_SV,"2021-01-21 12:30:02",1533,1516,17,0,371,354,17,0,1671,1300,363,7,1,12,138,61,46,1,24,7,0,2,7,11,42,0,1,0,2,1,0,0,0,1,0,0,0,1,0,0,1,0,4,1
18,GALAŢI,"ȘCOALA GIMNAZIALĂ ”GHEORGHE MUNTEANU” (ȘCOALA GENERALĂ ”GHEORGHE MUNTEANU” - ȘCOALA GENERALĂ NR. 31)",139,"MUNICIPIUL GALAŢI",75098,1,PROV,PRCNCT,CD,CD_SV,"2021-01-21 12:30:02",1436,1425,11,0,348,337,11,0,1571,1223,337,7,4,13,131,65,54,1,16,1,3,2,11,5,27,1,0,0,2,0,0,0,0,0,0,0,0,1,0,0,0,0,2,2
18,GALAŢI,"GRĂDINIȚA CU PROGRAM NORMAL NR. 29, ARONDATĂ GRĂDINIȚEI CU PROGRAM PRELUNGIT ”CAMIL RESSU” (GRĂDINIȚA FILEȘTI - GRĂDINIȚA NR.29)",140,"MUNICIPIUL GALAŢI",75098,1,PROV,PRCNCT,CD,CD_SV,"2021-01-21 12:30:02",490,474,16,0,167,151,16,0,522,355,162,5,0,61,31,20,14,0,5,5,3,0,5,1,14,0,0,0,0,0,0,0,0,0,0,1,0,0,0,0,1,0,1,0
18,GALAŢI,"LICEUL TEHNOLOGIC ”PAUL DIMO” (COLEGIUL TEHNIC ”PAUL DIMO” - LICEUL ENERGETIC NR.4)",141,"MUNICIPIUL GALAŢI",75098,1,PROV,PRCNCT,CD,CD_SV,"2021-01-21 12:30:02",1413,1394,19,0,376,357,19,0,1546,1170,360,14,2,10,109,61,55,5,18,5,3,10,8,5,61,0,1,0,1,0,0,0,0,0,0,0,0,0,0,0,4,0,4,0
18,GALAŢI,"LICEUL TEHNOLOGIC ”PAUL DIMO” (COLEGIUL TEHNIC ”PAUL DIMO” - LICEUL ENERGETIC NR.4)",142,"MUNICIPIUL GALAŢI",75098,1,PROV,PRCNCT,CD,CD_SV,"2021-01-21 12:30:02",1421,1408,10,3,357,344,10,3,1562,1205,347,6,4,21,114,73,43,0,22,0,3,2,8,7,43,1,0,0,0,0,0,0,0,0,0,1,1,0,0,0,0,0,6,2
18,GALAŢI,"LICEUL TEHNOLOGIC ”PAUL DIMO” (COLEGIUL TEHNIC ”PAUL DIMO” - LICEUL ENERGETIC NR.4)",143,"MUNICIPIUL GALAŢI",75098,1,PROV,PRCNCT,CD,CD_SV,"2021-01-21 12:30:02",1470,1460,8,2,391,381,8,2,1618,1227,387,2,2,10,149,74,58,1,16,2,3,4,9,3,45,0,1,1,0,0,0,0,0,0,0,0,0,2,0,0,1,0,8,0
18,GALAŢI,"LICEUL TEHNOLOGIC ”PAUL DIMO” (COLEGIUL TEHNIC ”PAUL DIMO” - LICEUL ENERGETIC NR.4)",144,"MUNICIPIUL GALAŢI",75098,1,PROV,PRCNCT,CD,CD_SV,"2021-01-21 12:30:02",1098,1086,12,0,324,312,12,0,1196,872,320,3,1,17,125,47,51,0,15,3,3,4,3,9,36,0,0,0,0,0,0,0,0,0,0,2,0,0,1,0,0,0,3,1
18,GALAŢI,"ȘCOALA GIMNAZIALĂ NR. 33 (ȘCOALA GENERALĂ ”SFÂNTUL DUMITRU” - ȘCOALA GENERALĂ NR.33)",145,"MUNICIPIUL GALAŢI",75098,1,PROV,PRCNCT,CD,CD_SV,"2021-01-21 12:30:02",1420,1402,18,0,396,378,18,0,1553,1157,387,8,1,16,154,61,70,2,14,5,4,7,7,4,35,0,0,0,0,0,0,1,0,0,0,0,0,0,0,0,0,1,5,1
18,GALAŢI,"ȘCOALA GIMNAZIALĂ NR. 33 (ȘCOALA GENERALĂ ”SFÂNTUL DUMITRU” - ȘCOALA GENERALĂ NR.33)",146,"MUNICIPIUL GALAŢI",75098,1,PROV,PRCNCT,CD,CD_SV,"2021-01-21 12:30:02",1754,1747,7,0,398,391,7,0,1934,1536,388,10,0,17,114,101,69,1,21,1,4,2,2,7,34,0,0,0,0,0,1,1,0,2,1,1,1,0,0,1,0,0,3,4
18,GALAŢI,"ȘCOALA GIMNAZIALĂ NR. 33 (ȘCOALA GENERALĂ ”SFÂNTUL DUMITRU” - ȘCOALA GENERALĂ NR.33)",147,"MUNICIPIUL GALAŢI",75098,1,PROV,PRCNCT,CD,CD_SV,"2021-01-21 12:30:02",1379,1369,10,0,351,341,10,0,1512,1161,338,10,3,11,126,82,42,3,17,2,0,0,4,3,36,0,1,0,0,0,1,0,0,1,0,1,0,0,0,0,0,0,8,0
18,GALAŢI,"ȘCOALA GIMNAZIALĂ NR. 33 (ȘCOALA GENERALĂ ”SFÂNTUL DUMITRU” - ȘCOALA GENERALĂ NR.33)",148,"MUNICIPIUL GALAŢI",75098,1,PROV,PRCNCT,CD,CD_SV,"2021-01-21 12:30:02",1352,1342,10,0,368,358,10,0,1486,1118,364,2,2,18,157,52,54,1,15,1,3,2,6,6,37,0,0,0,0,0,0,0,0,2,0,1,0,0,0,0,1,1,6,1
18,GALAŢI,"ȘCOALA GIMNAZIALĂ ”MIHAI VITEAZUL” (ȘCOALA GENERALĂ ”MIHAI VITEAZUL” - ȘCOALA GENERALĂ NR. 34)",149,"MUNICIPIUL GALAŢI",75098,1,PROV,PRCNCT,CD,CD_SV,"2021-01-21 12:30:02",1567,1546,19,2,405,384,19,2,1712,1307,398,5,2,18,146,77,63,0,9,3,5,1,8,4,57,0,0,0,2,0,0,0,1,0,0,1,0,0,0,0,0,0,2,1
18,GALAŢI,"ȘCOALA GIMNAZIALĂ ”MIHAI VITEAZUL” (ȘCOALA GENERALĂ ”MIHAI VITEAZUL” - ȘCOALA GENERALĂ NR. 34)",150,"MUNICIPIUL GALAŢI",75098,1,PROV,PRCNCT,CD,CD_SV,"2021-01-21 12:30:02",1411,1400,11,0,405,394,11,0,1541,1136,393,11,1,26,128,67,58,2,28,1,1,0,10,7,50,1,0,0,0,0,0,0,0,0,1,4,0,0,0,1,4,0,2,2
18,GALAŢI,"GRĂDINIȚA CU PROGRAM PRELUNGIT NR. 47, ARONDATĂ GRĂDINIȚEI CU PROGRAM NORMAL ”ION CREANGĂ” (GRĂDINIȚA NR.47)",151,"MUNICIPIUL GALAŢI",75098,2,PART,PRCNCT,CD,CD_SV,"2021-01-21 12:30:02",1757,1750,7,0,425,418,7,0,1930,1505,414,6,5,18,135,84,71,0,21,6,4,0,11,5,50,0,0,0,0,0,1,0,0,1,0,2,0,0,0,0,0,0,3,2
18,GALAŢI,"GRĂDINIȚA CU PROGRAM PRELUNGIT NR. 47, ARONDATĂ GRĂDINIȚEI CU PROGRAM NORMAL ”ION CREANGĂ” (GRĂDINIȚA NR.47)",152,"MUNICIPIUL GALAŢI",75098,1,PROV,PRCNCT,CD,CD_SV,"2021-01-21 12:30:02",1629,1619,7,3,361,351,7,3,1779,1418,351,9,1,16,133,67,58,3,17,2,2,3,5,6,35,0,0,0,0,0,0,0,0,0,0,0,1,0,0,0,0,1,2,0
18,GALAŢI,"GRĂDINIȚA CU PROGRAM PRELUNGIT NR. 47, ARONDATĂ GRĂDINIȚEI CU PROGRAM NORMAL ”ION CREANGĂ” (GRĂDINIȚA NR.47)",153,"MUNICIPIUL GALAŢI",75098,1,PROV,PRCNCT,CD,CD_SV,"2021-01-21 12:30:02",1704,1670,13,21,371,337,13,21,1935,1564,365,4,2,16,112,58,61,2,11,4,3,3,9,7,60,1,1,0,0,1,0,0,0,0,0,0,0,0,0,2,1,1,10,2
18,GALAŢI,"GRĂDINIȚA CU PROGRAM PRELUNGIT NR. 47, ARONDATĂ GRĂDINIȚEI CU PROGRAM NORMAL ”ION CREANGĂ” (GRĂDINIȚA NR.47)",154,"MUNICIPIUL GALAŢI",75098,1,PROV,PRCNCT,CD,CD_SV,"2021-01-21 12:30:02",1759,1740,19,0,145,126,19,0,1908,1763,142,2,1,6,61,8,17,1,4,2,2,0,1,2,34,0,0,0,1,0,0,0,0,0,0,0,0,0,1,0,1,0,1,0
18,GALAŢI,"LICEUL TEHNOLOGIC ”AUREL VLAICU” (COLEGIUL TEHNIC ”AUREL VLAICU” - GRUP ȘCOLAR METALURGIC - LICEUL INDUSTRIAL NR. 3 )",155,"MUNICIPIUL GALAŢI",75098,2,PART,PRCNCT,CD,CD_SV,"2021-01-21 12:30:02",1641,1629,12,0,336,324,12,0,1792,1456,331,5,0,18,123,53,50,2,14,2,0,6,6,4,32,1,2,0,2,1,0,0,0,0,0,3,0,1,0,1,0,1,7,2
18,GALAŢI,"LICEUL TEHNOLOGIC ”AUREL VLAICU” (COLEGIUL TEHNIC ”AUREL VLAICU” - GRUP ȘCOLAR METALURGIC - LICEUL INDUSTRIAL NR. 3 )",156,"MUNICIPIUL GALAŢI",75098,1,PROV,PRCNCT,CD,CD_SV,"2021-01-21 12:30:02",1877,1863,14,0,140,126,14,0,2068,1928,138,1,1,5,45,17,31,1,3,0,1,0,3,3,23,1,0,0,0,0,1,0,0,0,0,0,1,0,0,0,0,1,2,0
18,GALAŢI,"LICEUL TEHNOLOGIC ”AUREL VLAICU” (COLEGIUL TEHNIC ”AUREL VLAICU” - GRUP ȘCOLAR METALURGIC - LICEUL INDUSTRIAL NR. 3 )",157,"MUNICIPIUL GALAŢI",75098,1,PROV,PRCNCT,CD,CD_SV,"2021-01-21 12:30:02",1530,1519,11,0,406,395,11,0,1673,1267,401,4,1,14,147,72,91,1,15,4,3,1,4,2,37,0,0,0,0,0,0,0,0,0,0,1,0,0,0,1,0,0,6,2
18,GALAŢI,"LICEUL TEHNOLOGIC ”AUREL VLAICU” (COLEGIUL TEHNIC ”AUREL VLAICU” - GRUP ȘCOLAR METALURGIC - LICEUL INDUSTRIAL NR. 3 )",158,"MUNICIPIUL GALAŢI",75098,1,PROV,PRCNCT,CD,CD_SV,"2021-01-21 12:30:02",1738,1726,12,0,367,355,12,0,1916,1549,361,6,0,21,116,65,48,0,16,2,4,4,7,8,59,1,1,0,0,0,0,0,0,0,0,2,0,0,0,0,0,1,5,1
18,GALAŢI,"LICEUL TEORETIC ”MIRCEA ELIADE” (GRUP ȘCOLAR INDUSTRIAL ”GHEORGHE ASACHI” - LICEUL INDUSTRIAL NR. 8)",159,"MUNICIPIUL GALAŢI",75098,1,PROV,PRCNCT,CD,CD_SV,"2021-01-21 12:30:02",1990,1975,13,2,303,288,13,2,2170,1867,299,3,1,17,111,38,32,2,19,1,2,1,5,6,56,0,0,0,0,0,1,0,0,0,0,0,0,0,0,0,1,0,5,2
18,GALAŢI,"LICEUL TEORETIC ”MIRCEA ELIADE” (GRUP ȘCOLAR INDUSTRIAL ”GHEORGHE ASACHI” - LICEUL INDUSTRIAL NR. 8)",160,"MUNICIPIUL GALAŢI",75098,1,PROV,PRCNCT,CD,CD_SV,"2021-01-21 12:30:02",1959,1947,12,0,315,303,12,0,2133,1818,310,5,0,18,94,65,61,1,14,6,2,2,3,7,26,0,0,0,0,0,0,0,0,0,0,1,0,0,0,1,0,0,7,2
18,GALAŢI,"LICEUL TEORETIC ”MIRCEA ELIADE” (GRUP ȘCOLAR INDUSTRIAL ”GHEORGHE ASACHI” - LICEUL INDUSTRIAL NR. 8)",161,"MUNICIPIUL GALAŢI",75098,1,PROV,PRCNCT,CD,CD_SV,"2021-01-21 12:30:02",1927,1907,20,0,301,281,20,0,2075,1774,295,4,2,12,87,57,38,1,24,1,5,1,4,5,43,2,1,0,0,1,0,0,0,0,0,0,0,1,0,0,2,0,7,3
18,GALAŢI,"LICEUL TEHNOLOGIC ”CAROL I” (LICEUL TEHNOLOGIC CĂI FERATE - GRUP ȘCOLAR INDUSTRIAL TRANSPORTURI CF - LICEUL CFR)",162,"MUNICIPIUL GALAŢI",75098,2,PART,PRCNCT,CD,CD_SV,"2021-01-21 12:30:02",1530,1515,12,3,430,415,12,3,1663,1233,427,3,0,36,137,94,81,2,13,2,2,2,3,10,34,1,0,1,0,0,1,0,0,0,1,0,0,0,0,0,2,0,4,1
18,GALAŢI,"LICEUL TEHNOLOGIC ”CAROL I” (LICEUL TEHNOLOGIC CĂI FERATE - GRUP ȘCOLAR INDUSTRIAL TRANSPORTURI CF - LICEUL CFR)",163,"MUNICIPIUL GALAŢI",75098,1,PROV,PRCNCT,CD,CD_SV,"2021-01-21 12:30:02",1484,1474,10,0,421,411,10,0,1639,1218,414,6,1,25,136,90,80,0,18,5,1,0,1,6,38,0,0,1,1,0,0,0,0,1,0,2,0,1,0,1,0,0,7,0
18,GALAŢI,"LICEUL TEHNOLOGIC ”CAROL I” (LICEUL TEHNOLOGIC CĂI FERATE - GRUP ȘCOLAR INDUSTRIAL TRANSPORTURI CF - LICEUL CFR)",164,"MUNICIPIUL GALAŢI",75098,1,PROV,PRCNCT,CD,CD_SV,"2021-01-21 12:30:02",1544,1530,14,0,410,396,14,0,1692,1282,406,4,0,15,130,112,58,1,20,4,2,6,1,8,32,0,1,0,0,0,0,0,0,0,0,2,1,0,0,0,0,1,11,1
18,GALAŢI,"ȘCOALA GIMNAZIALĂ ”MIRON COSTIN” (ȘCOALA GENERALĂ ”MIRON COSTIN” - ȘCOALA GENERALĂ NR.12)",165,"MUNICIPIUL GALAŢI",75098,1,PROV,PRCNCT,CD,CD_SV,"2021-01-21 12:30:02",1496,1484,12,0,476,464,12,0,1636,1160,466,9,1,18,155,111,86,3,18,3,3,3,8,14,35,1,0,0,0,0,0,0,0,0,1,0,0,0,0,0,0,0,4,3
18,GALAŢI,"ȘCOALA GIMNAZIALĂ ”MIRON COSTIN” (ȘCOALA GENERALĂ ”MIRON COSTIN” - ȘCOALA GENERALĂ NR.12)",166,"MUNICIPIUL GALAŢI",75098,1,PROV,PRCNCT,CD,CD_SV,"2021-01-21 12:30:02",1487,1469,18,0,446,428,18,0,1626,1180,433,11,2,22,140,89,77,1,16,4,3,6,8,8,40,1,0,0,0,0,0,0,0,0,0,2,0,0,0,0,0,0,13,3
18,GALAŢI,"ȘCOALA GIMNAZIALĂ ”MIRON COSTIN” (ȘCOALA GENERALĂ ”MIRON COSTIN” - ȘCOALA GENERALĂ NR.12)",167,"MUNICIPIUL GALAŢI",75098,1,PROV,PRCNCT,CD,CD_SV,"2021-01-21 12:30:02",1548,1531,16,1,420,403,16,1,1692,1272,410,9,1,28,120,98,92,1,16,2,1,6,3,7,28,0,0,0,0,1,0,0,0,0,0,0,0,0,0,0,0,0,6,1
18,GALAŢI,"ȘCOALA GIMNAZIALĂ ”MIRON COSTIN” (ȘCOALA GENERALĂ ”MIRON COSTIN” - ȘCOALA GENERALĂ NR.12)",168,"MUNICIPIUL GALAŢI",75098,1,PROV,PRCNCT,CD,CD_SV,"2021-01-21 12:30:02",1510,1496,12,2,430,416,12,2,1668,1238,425,3,2,21,128,110,85,1,16,2,2,1,12,5,36,2,0,0,0,0,0,0,0,0,0,0,0,0,0,0,0,0,4,0
18,GALAŢI,"ȘCOALA GIMNAZIALĂ ”MIRON COSTIN” (ȘCOALA GENERALĂ ”MIRON COSTIN” - ȘCOALA GENERALĂ NR.12)",169,"MUNICIPIUL GALAŢI",75098,1,PROV,PRCNCT,CD,CD_SV,"2021-01-21 12:30:02",1500,1487,13,0,453,440,13,0,1645,1192,449,3,1,27,160,87,95,0,24,2,1,0,3,5,37,0,0,0,0,0,0,0,0,0,0,0,0,0,0,0,0,0,6,2
18,GALAŢI,"ȘCOALA GIMNAZIALĂ ”MIRON COSTIN” (ȘCOALA GENERALĂ ”MIRON COSTIN” - ȘCOALA GENERALĂ NR.12)",170,"MUNICIPIUL GALAŢI",75098,1,PROV,PRCNCT,CD,CD_SV,"2021-01-21 12:30:02",1531,1517,11,3,503,489,11,3,1686,1183,493,9,1,25,139,125,84,1,23,5,3,5,11,13,47,0,0,0,0,0,0,0,0,1,0,0,0,0,0,2,0,0,9,0
18,GALAŢI,"ȘCOALA GIMNAZIALĂ ”MIRON COSTIN” (ȘCOALA GENERALĂ ”MIRON COSTIN” - ȘCOALA GENERALĂ NR.12)",171,"MUNICIPIUL GALAŢI",75098,1,PROV,PRCNCT,CD,CD_SV,"2021-01-21 12:30:02",1433,1415,18,0,436,418,18,0,1556,1120,431,5,0,24,151,83,78,1,20,3,3,2,5,14,30,0,0,1,0,0,1,0,0,0,1,0,0,0,0,1,2,1,10,0
18,GALAŢI,"ȘCOALA GIMNAZIALĂ ”MIRON COSTIN” (ȘCOALA GENERALĂ ”MIRON COSTIN” - ȘCOALA GENERALĂ NR.12)",172,"MUNICIPIUL GALAŢI",75098,1,PROV,PRCNCT,CD,CD_SV,"2021-01-21 12:30:02",1470,1447,23,0,476,453,23,0,1597,1121,465,7,4,31,142,123,103,1,17,8,3,2,2,7,17,0,0,0,0,0,0,0,0,0,0,0,0,0,0,0,0,0,5,4
18,GALAŢI,"ȘCOALA GIMNAZIALĂ ”MIRON COSTIN” (ȘCOALA GENERALĂ ”MIRON COSTIN” - ȘCOALA GENERALĂ NR.12)",173,"MUNICIPIUL GALAŢI",75098,1,PROV,PRCNCT,CD,CD_SV,"2021-01-21 12:30:02",1448,1433,15,0,464,449,15,0,1592,1128,456,8,0,23,145,99,100,1,12,0,1,5,5,11,43,0,0,0,0,0,0,0,0,0,0,1,0,0,0,0,0,0,9,1
18,GALAŢI,"ȘCOALA GIMNAZIALĂ ”MIRON COSTIN” (ȘCOALA GENERALĂ ”MIRON COSTIN” - ȘCOALA GENERALĂ NR.12)",174,"MUNICIPIUL GALAŢI",75098,1,PROV,PRCNCT,CD,CD_SV,"2021-01-21 12:30:02",1340,1333,7,0,362,355,7,0,1461,1099,356,5,1,17,100,106,64,1,17,4,2,3,5,4,28,0,0,0,0,0,0,0,0,0,0,0,0,0,0,0,0,1,3,1
18,GALAŢI,"GRĂDINIȚA CU PROGRAM NORMAL NR. 20, ARONDATĂ ȘCOLII GIMNAZIALE ”MIRON COSTIN” (GRĂDINIȚA NR. 20 - ANEXA ȘCOLII NR. 12)",175,"MUNICIPIUL GALAŢI",75098,1,PROV,PRCNCT,CD,CD_SV,"2021-01-21 12:30:02",1570,1556,14,0,462,448,14,0,1704,1242,457,3,2,42,116,137,88,1,17,6,0,1,3,8,28,1,0,0,2,0,1,0,0,0,1,0,0,1,0,0,0,0,3,1
18,GALAŢI,"GRĂDINIȚA CU PROGRAM NORMAL NR. 20, ARONDATĂ ȘCOLII GIMNAZIALE ”MIRON COSTIN” (GRĂDINIȚA NR. 20 - ANEXA ȘCOLII NR. 12)",176,"MUNICIPIUL GALAŢI",75098,1,PROV,PRCNCT,CD,CD_SV,"2021-01-21 12:30:02",1419,1407,12,0,386,374,12,0,1550,1164,379,7,0,19,141,70,78,2,10,3,2,0,4,12,28,0,0,0,1,0,0,0,0,0,0,0,0,0,0,0,1,0,6,2
18,GALAŢI,"ŞCOALA NR.1",177,"MUNICIPIUL TECUCI",75203,1,PROV,PRCNCT,CD,CD_SV,"2021-01-21 12:30:02",1304,1291,13,0,343,330,13,0,1425,1082,336,6,1,10,111,21,97,1,16,2,4,1,7,3,51,0,0,0,1,0,0,0,0,0,0,1,0,0,0,2,2,1,2,3
18,GALAŢI,"ŞCOALA NR.1",178,"MUNICIPIUL TECUCI",75203,1,PROV,PRCNCT,CD,CD_SV,"2021-01-21 12:30:02",1304,1299,5,0,290,285,5,0,1432,1142,274,14,2,9,73,13,81,1,11,3,4,0,8,4,50,5,0,0,1,0,0,0,0,0,0,0,0,1,0,1,0,1,4,4
18,GALAŢI,"ŞCOALA NR.1",179,"MUNICIPIUL TECUCI",75203,1,PROV,PRCNCT,CD,CD_SV,"2021-01-21 12:30:02",1498,1489,9,0,352,343,9,0,1653,1301,339,11,2,12,80,45,120,0,13,7,4,0,2,4,31,1,3,1,2,1,0,0,0,1,1,0,0,0,0,1,0,0,5,5
18,GALAŢI,"ŞCOALA NR.10",180,"MUNICIPIUL TECUCI",75203,1,PROV,PRCNCT,CD,CD_SV,"2021-01-21 12:30:02",930,921,9,0,289,280,9,0,1023,734,285,4,0,6,102,25,93,1,14,2,3,0,3,1,26,0,1,0,1,0,2,0,0,0,0,0,0,0,0,0,1,0,0,4
18,GALAŢI,"ŞCOALA NR.10",181,"MUNICIPIUL TECUCI",75203,1,PROV,PRCNCT,CD,CD_SV,"2021-01-21 12:30:02",749,739,10,0,230,220,10,0,816,586,228,1,1,5,70,18,70,1,3,4,1,1,7,3,19,0,0,0,1,0,0,0,0,0,0,0,0,0,0,0,3,1,1,20
18,GALAŢI,"ŞCOALA NR.2",182,"MUNICIPIUL TECUCI",75203,2,PART,PRCNCT,CD,CD_SV,"2021-01-21 12:30:02",996,977,19,0,255,236,19,0,1077,822,245,9,1,6,74,16,79,1,3,4,1,1,8,5,27,0,2,1,0,0,1,0,1,1,0,1,0,0,1,0,2,2,3,5
18,GALAŢI,"ŞCOALA NR.2",183,"MUNICIPIUL TECUCI",75203,1,PROV,PRCNCT,CD,CD_SV,"2021-01-21 12:30:02",1441,1431,10,0,317,307,10,0,1574,1257,304,11,2,5,107,18,91,1,16,2,1,0,5,4,38,0,0,0,0,1,1,0,0,0,0,0,1,1,1,1,3,1,2,4
18,GALAŢI,"SPAŢIU ALIMENTAŢIE PUBLICĂ OBOR",184,"MUNICIPIUL TECUCI",75203,1,PROV,PRCNCT,CD,CD_SV,"2021-01-21 12:30:02",1639,1627,11,1,355,343,11,1,1794,1439,344,8,3,6,109,15,101,1,20,5,4,6,7,3,47,1,1,0,0,0,1,0,0,2,0,1,1,0,1,0,1,1,2,8
18,GALAŢI,"ŞCOALA NR.4",185,"MUNICIPIUL TECUCI",75203,1,PROV,PRCNCT,CD,CD_SV,"2021-01-21 12:30:02",1044,978,47,19,378,312,47,19,1077,699,364,10,4,13,121,17,130,1,10,4,3,0,7,1,32,2,0,0,0,0,1,3,0,1,0,2,0,2,0,0,8,0,1,5
18,GALAŢI,"ŞCOALA NR.4",186,"MUNICIPIUL TECUCI",75203,1,PROV,PRCNCT,CD,CD_SV,"2021-01-21 12:30:02",743,717,26,0,231,205,26,0,788,557,227,3,1,5,78,25,72,1,7,0,1,1,9,2,11,0,0,0,0,1,0,0,0,0,0,0,0,0,0,0,2,0,2,10
18,GALAŢI,"LICEUL SPIRU HARET",187,"MUNICIPIUL TECUCI",75203,1,PROV,PRCNCT,CD,CD_SV,"2021-01-21 12:30:02",1208,1182,26,0,407,381,26,0,1301,894,401,5,1,11,132,45,135,2,10,1,3,0,4,0,28,0,0,1,0,0,0,3,0,1,0,1,0,0,0,0,1,0,0,23
18,GALAŢI,"LICEUL SPIRU HARET",188,"MUNICIPIUL TECUCI",75203,1,PROV,PRCNCT,CD,CD_SV,"2021-01-21 12:30:02",690,675,15,0,182,167,15,0,745,563,177,4,1,5,58,21,58,1,9,0,2,0,0,3,18,0,0,0,0,0,0,0,0,0,0,0,0,0,0,0,0,0,0,2
18,GALAŢI,"COLEGIUL AGRICOL",189,"MUNICIPIUL TECUCI",75203,1,PROV,PRCNCT,CD,CD_SV,"2021-01-21 12:30:02",1012,985,27,0,287,260,27,0,1090,803,282,5,0,5,93,23,88,1,13,0,1,2,5,3,38,0,0,0,0,0,1,2,0,0,0,0,0,0,1,0,0,0,2,4
18,GALAŢI,"COLEGIUL AGRICOL",190,"MUNICIPIUL TECUCI",75203,1,PROV,PRCNCT,CD,CD_SV,"2021-01-21 12:30:02",1269,1252,17,0,387,370,17,0,1383,996,381,6,0,18,128,36,117,1,14,7,1,0,4,5,32,0,1,0,0,0,0,1,0,0,1,0,0,0,0,0,0,0,4,11
18,GALAŢI,"GRĂDINIŢA NR.17",191,"MUNICIPIUL TECUCI",75203,1,PROV,PRCNCT,CD,CD_SV,"2021-01-21 12:30:02",1167,1152,15,0,314,299,15,0,1278,964,306,6,2,17,82,31,77,1,17,4,1,1,3,4,49,1,0,1,0,0,0,0,0,0,1,1,0,1,0,0,1,1,5,7
18,GALAŢI,"GRĂDINIŢA NR.17",192,"MUNICIPIUL TECUCI",75203,1,PROV,PRCNCT,CD,CD_SV,"2021-01-21 12:30:02",909,896,13,0,223,210,13,0,991,768,217,6,0,4,67,23,75,3,9,1,1,0,2,2,22,0,0,1,0,0,0,0,0,1,0,0,0,0,0,0,0,0,0,6
18,GALAŢI,"ŞCOALA NR.11",193,"MUNICIPIUL TECUCI",75203,1,PROV,PRCNCT,CD,CD_SV,"2021-01-21 12:30:02",845,832,13,0,239,226,13,0,918,679,232,6,1,14,82,19,73,0,14,1,0,0,0,0,19,1,0,0,0,0,0,0,0,0,0,0,0,0,0,0,0,0,0,9
18,GALAŢI,"ŞCOALA NR.11",194,"MUNICIPIUL TECUCI",75203,1,PROV,PRCNCT,CD,CD_SV,"2021-01-21 12:30:02",1152,1132,19,1,321,301,19,1,1248,927,312,7,2,11,116,32,75,0,12,4,3,0,7,4,30,0,2,1,1,0,0,0,0,0,0,0,0,0,0,0,0,0,3,11
18,GALAŢI,"ŞCOALA NR.11",195,"MUNICIPIUL TECUCI",75203,1,PROV,PRCNCT,CD,CD_SV,"2021-01-21 12:30:02",1195,1183,12,0,344,332,12,0,1304,960,338,6,0,9,99,41,114,0,17,1,0,0,4,3,26,0,1,2,0,0,0,1,0,0,0,0,0,1,0,0,0,0,0,19
18,GALAŢI,"ŞCOALA NR.8",196,"MUNICIPIUL TECUCI",75203,1,PROV,PRCNCT,CD,CD_SV,"2021-01-21 12:30:02",1299,1281,18,0,391,373,18,0,1419,1028,380,8,3,13,122,35,114,2,20,1,3,0,10,2,40,0,0,1,0,0,1,0,0,0,0,1,0,0,1,1,1,0,3,9
18,GALAŢI,"ŞCOALA NR.6",197,"MUNICIPIUL TECUCI",75203,1,PROV,PRCNCT,CD,CD_SV,"2021-01-21 12:30:02",1433,1387,46,0,462,416,46,0,1537,1075,449,9,4,10,143,38,152,3,13,4,5,0,10,9,36,1,1,0,1,0,1,2,0,0,0,0,0,2,0,0,1,2,4,11
18,GALAŢI,"ŞCOALA NR.6",198,"MUNICIPIUL TECUCI",75203,1,PROV,PRCNCT,CD,CD_SV,"2021-01-21 12:30:02",1146,1114,32,0,321,289,32,0,1227,906,318,2,1,10,104,31,111,0,17,2,3,0,4,1,28,0,0,0,1,0,0,0,0,0,0,0,0,0,0,1,0,0,2,3
18,GALAŢI,"ŞCOALA NR.7",199,"MUNICIPIUL TECUCI",75203,1,PROV,PRCNCT,CD,CD_SV,"2021-01-21 12:30:02",1111,1106,5,0,329,324,5,0,1221,892,301,21,7,11,105,21,82,1,10,2,4,1,2,2,42,0,1,0,2,0,0,0,0,0,1,1,1,0,0,4,4,1,2,1
18,GALAŢI,"ŞCOALA NR.7",200,"MUNICIPIUL TECUCI",75203,1,PROV,PRCNCT,CD,CD_SV,"2021-01-21 12:30:02",1006,1002,4,0,273,269,4,0,1112,839,260,7,6,9,84,35,73,1,6,0,1,0,5,1,34,0,1,2,0,1,0,0,0,0,0,0,0,0,0,1,0,0,0,6
18,GALAŢI,"GRĂDINIŢA DIN CARTIERUL N BALCESCU",201,"MUNICIPIUL TECUCI",75203,1,PROV,PRCNCT,CD,CD_SV,"2021-01-21 12:30:02",995,987,8,0,245,237,8,0,1089,844,235,8,2,10,75,21,70,0,9,4,1,0,1,1,33,0,1,0,0,0,0,0,0,1,0,0,0,0,0,0,2,0,1,5
18,GALAŢI,"GRĂDINIŢA 18",202,"MUNICIPIUL TECUCI",75203,1,PROV,PRCNCT,CD,CD_SV,"2021-01-21 12:30:02",1288,1239,49,0,385,336,49,0,1372,987,376,7,2,11,171,29,86,0,15,1,4,1,6,3,35,0,0,0,0,0,0,1,0,1,0,2,1,0,0,0,0,0,3,6
18,GALAŢI,"GRĂDINIŢA NR.2",203,"MUNICIPIUL TECUCI",75203,1,PROV,PRCNCT,CD,CD_SV,"2021-01-21 12:30:02",1048,1041,7,0,292,285,7,0,1145,853,290,2,0,5,86,36,96,2,17,2,4,0,3,5,15,0,0,0,1,0,0,0,0,0,0,0,0,0,0,0,0,0,0,18
18,GALAŢI,"GRĂDINIŢA NR.2",204,"MUNICIPIUL TECUCI",75203,1,PROV,PRCNCT,CD,CD_SV,"2021-01-21 12:30:02",1232,1221,11,0,313,302,11,0,1350,1037,306,6,1,9,109,34,93,0,20,1,2,0,2,2,22,0,1,0,1,0,0,0,0,0,0,0,0,0,0,1,0,0,0,9
18,GALAŢI,"LICEUL CALISTRAT HOGAŞ",205,"MUNICIPIUL TECUCI",75203,1,PROV,PRCNCT,CD,CD_SV,"2021-01-21 12:30:02",1875,1853,22,0,41,19,22,0,2315,2274,40,1,0,1,7,3,11,1,2,0,0,1,0,1,10,0,0,0,0,0,0,0,0,0,0,0,0,0,0,0,0,0,0,3
18,GALAŢI,"LICEUL CALISTRAT HOGAŞ",206,"MUNICIPIUL TECUCI",75203,2,PART,PRCNCT,CD,CD_SV,"2021-01-21 12:30:02",2003,1988,15,0,382,367,15,0,2158,1776,369,8,5,12,120,35,135,1,7,1,4,1,7,1,25,0,1,0,2,0,0,1,0,0,0,0,0,0,0,0,0,0,2,14
18,GALAŢI,"GRĂDINIŢA CU PROGRAM NORMAL NR.1",207,"MUNICIPIUL TECUCI",75203,1,PROV,PRCNCT,CD,CD_SV,"2021-01-21 12:30:02",841,828,13,0,179,166,13,0,915,736,175,4,0,5,44,15,57,1,9,6,2,0,2,2,23,0,0,0,0,0,0,0,0,1,0,0,0,0,0,0,1,0,1,6
18,GALAŢI,"LICEUL TEHNOLOGIC ”ELENA CARAGIANI”",208,"MUNICIPIUL TECUCI",75203,1,PROV,PRCNCT,CD,CD_SV,"2021-01-21 12:30:02",1621,1597,24,0,222,198,24,0,1319,1097,213,7,2,6,77,21,54,1,10,3,1,1,5,1,21,0,0,0,0,0,0,0,0,1,0,0,0,1,0,1,1,2,1,5
18,GALAŢI,"ŞCOALA NR.9",209,"MUNICIPIUL TECUCI",75203,1,PROV,PRCNCT,CD,CD_SV,"2021-01-21 12:30:02",996,981,15,0,341,326,15,0,1083,742,321,15,5,9,98,10,132,1,15,3,2,3,6,0,25,0,0,0,2,0,1,0,0,3,0,1,0,0,1,0,0,0,2,7
18,GALAŢI,"CASA DE CULTURA „ION CREANGĂ” BERESTI",210,"ORAŞ BEREŞTI",75338,1,PROV,PRCNCT,CD,CD_SV,"2021-01-21 12:30:02",1311,1234,56,21,569,492,56,21,1393,824,544,13,12,5,195,10,265,1,19,1,7,0,14,2,17,0,1,0,1,0,1,0,0,0,0,0,0,0,1,0,0,0,3,1
18,GALAŢI,"SALA DE SPORT",211,"ORAŞ BEREŞTI",75338,1,PROV,PRCNCT,CD,CD_SV,"2021-01-21 12:30:02",1369,1299,31,39,580,510,31,39,1485,905,562,15,3,4,255,10,214,0,14,8,5,1,15,3,23,0,0,0,1,0,0,0,0,2,0,1,0,0,1,1,1,2,0,1
18,GALAŢI,"GRADINIŢA NR.2 CĂSUŢA PITICILOR",212,"ORAŞ TÂRGU BUJOR",75472,1,PROV,PRCNCT,CD,CD_SV,"2021-01-21 12:30:02",753,720,22,11,247,214,22,11,794,547,235,9,3,5,141,3,42,1,7,4,6,0,4,1,19,0,1,0,0,0,0,0,0,0,0,0,0,0,0,0,1,0,0,0
18,GALAŢI,"GRADINIŢA NR.2 CĂSUŢA PITICILOR",213,"ORAŞ TÂRGU BUJOR",75472,1,PROV,PRCNCT,CD,CD_SV,"2021-01-21 12:30:02",822,810,11,1,235,223,11,1,876,641,222,13,0,3,127,16,23,1,4,2,5,0,5,0,7,1,1,0,0,0,0,0,0,0,1,0,0,0,0,0,25,0,0,1
18,GALAŢI,"ŞCOALA GIMNAZIALĂ ”GRIGORE HAGIU”",214,"ORAŞ TÂRGU BUJOR",75472,1,PROV,PRCNCT,CD,CD_SV,"2021-01-21 12:30:02",1363,1326,20,17,411,374,20,17,1462,1051,396,11,4,6,221,23,92,4,8,3,4,0,6,0,17,0,2,0,0,0,1,0,0,1,0,1,0,0,0,0,4,0,1,2
18,GALAŢI,"CASA DE CULTURA ”MIHAI EMINESCU”",215,"ORAŞ TÂRGU BUJOR",75472,1,PROV,PRCNCT,CD,CD_SV,"2021-01-21 12:30:02",1063,1034,28,1,402,373,28,1,1145,743,391,8,3,4,183,32,123,2,7,1,2,0,5,3,20,1,0,0,2,0,1,0,0,0,0,0,0,0,0,0,1,0,4,0
18,GALAŢI,"GRĂDINIŢA MOSCU",216,"ORAŞ TÂRGU BUJOR",75472,1,PROV,PRCNCT,CD,CD_SV,"2021-01-21 12:30:02",1024,993,16,15,352,321,16,15,1114,762,336,10,6,1,211,6,41,3,14,6,3,0,10,5,28,0,1,0,0,0,0,0,1,1,0,1,0,0,1,0,1,2,0,0
18,GALAŢI,"SCOALA GENERALĂ UMBRĂREŞTI",217,"ORAŞ TÂRGU BUJOR",75472,1,PROV,PRCNCT,CD,CD_SV,"2021-01-21 12:30:02",915,894,21,0,289,268,21,0,989,700,279,5,5,3,150,12,38,2,10,2,4,0,14,1,30,1,2,0,0,0,0,0,0,0,0,0,0,0,1,2,6,0,1,0
18,GALAŢI,"ŞCOALA NR. 2 BARCEA",218,BARCEA,75515,1,PROV,PRCNCT,CD,CD_SV,"2021-01-21 12:30:02",846,830,16,0,252,236,16,0,913,661,246,3,3,5,52,25,121,2,13,0,1,0,3,2,17,0,0,0,1,0,0,0,0,0,0,0,0,0,0,0,2,0,1,1
18,GALAŢI,"ŞCOALA NR. 2 BARCEA",219,BARCEA,75515,1,PROV,PRCNCT,CD,CD_SV,"2021-01-21 12:30:02",910,877,33,0,290,257,33,0,974,684,275,11,4,7,60,32,111,0,24,5,3,0,5,2,12,0,0,0,0,0,0,0,2,2,0,0,0,0,0,0,6,1,0,3
18,GALAŢI,"ŞCOALA NR. 3 BARCEA",220,BARCEA,75515,1,PROV,PRCNCT,CD,CD_SV,"2021-01-21 12:30:02",1018,994,24,0,303,279,24,0,1098,795,291,8,4,6,99,24,101,1,6,3,1,2,5,2,29,0,0,0,1,0,0,0,0,1,0,0,1,0,0,0,4,1,2,2
18,GALAŢI,"ŞCOALA NR. 1 BARCEA",221,BARCEA,75515,1,PROV,PRCNCT,CD,CD_SV,"2021-01-21 12:30:02",1088,1077,11,0,324,313,11,0,1186,862,308,10,6,19,114,16,94,1,8,5,2,0,5,0,19,1,1,0,1,0,0,1,0,0,2,0,0,0,0,1,17,0,0,1
18,GALAŢI,"ŞCOALA NR. 4 PODOLENI",222,BARCEA,75515,1,PROV,PRCNCT,CD,CD_SV,"2021-01-21 12:30:02",1270,1258,12,0,386,374,12,0,1384,998,356,24,6,6,84,9,96,1,26,2,1,0,6,2,43,0,2,0,0,0,1,0,0,0,0,2,0,0,0,3,70,1,1,0
18,GALAŢI,"CĂMINUL CULTURAL BĂLĂBĂNEŞTI",223,BĂLĂBĂNEŞTI,75542,1,PROV,PRCNCT,CD,CD_SV,"2021-01-21 12:30:02",623,594,29,0,265,236,29,0,658,393,258,1,6,30,130,17,25,1,15,3,2,0,12,3,8,2,2,0,1,2,0,0,0,0,1,0,1,1,0,0,1,1,0,0
18,GALAŢI,"CAMIN CULTURAL BURSUCANI",224,BĂLĂBĂNEŞTI,75542,1,PROV,PRCNCT,CD,CD_SV,"2021-01-21 12:30:02",506,488,18,0,192,174,18,0,538,346,183,5,4,19,95,4,38,0,10,3,1,1,1,0,8,1,0,0,0,0,0,0,0,0,0,0,0,0,1,0,0,0,1,0
18,GALAŢI,"SCOALA GENERALĂ LUNGEŞTI",225,BĂLĂBĂNEŞTI,75542,1,PROV,PRCNCT,CD,CD_SV,"2021-01-21 12:30:02",478,458,20,0,186,166,20,0,506,320,179,4,3,8,100,6,23,0,6,3,3,0,6,0,19,0,0,0,0,0,1,0,2,0,0,0,0,0,0,0,0,1,1,0
18,GALAŢI,"CĂMINUL CULTURAL BĂLĂŞEŞTI",226,BĂLĂŞEŞTI,75613,1,PROV,PRCNCT,CD,CD_SV,"2021-01-21 12:30:02",971,933,38,0,321,283,38,0,1028,707,307,10,4,22,181,8,44,1,5,1,8,0,5,1,19,1,1,1,1,1,0,1,0,2,0,0,0,0,1,0,1,1,1,0
18,GALAŢI,"GRADINITA CIUREŞTII NOI",227,BĂLĂŞEŞTI,75613,1,PROV,PRCNCT,CD,CD_SV,"2021-01-21 12:30:02",446,416,30,0,135,105,30,0,458,323,128,4,3,6,70,6,18,1,4,3,2,0,3,1,8,0,0,0,0,0,2,0,0,1,0,0,0,0,0,1,1,0,0,1
18,GALAŢI,"SCOALA GENERALĂ CIUREŞTI",228,BĂLĂŞEŞTI,75613,1,PROV,PRCNCT,CD,CD_SV,"2021-01-21 12:30:02",252,240,12,0,74,62,12,0,264,190,72,1,1,3,33,5,15,0,6,0,3,0,2,1,1,0,0,0,0,0,1,0,0,0,0,0,0,0,0,0,2,0,0,0
18,GALAŢI,"SCOALA GENERALĂ PUPEZENI",229,BĂLĂŞEŞTI,75613,2,PART,PRCNCT,CD,CD_SV,"2021-01-21 12:30:02",160,148,12,0,69,57,12,0,163,94,64,3,2,6,37,3,11,0,1,0,0,0,2,1,2,0,0,0,0,0,0,0,0,1,0,0,0,0,0,0,0,0,0,0
18,GALAŢI,"”ȘCOALA GIMNAZIALĂ NR. 1 BĂLENI”",230,BĂLENI,75668,1,PROV,PRCNCT,CD,CD_SV,"2021-01-21 12:30:02",981,902,45,34,347,271,45,31,1031,684,334,4,9,11,199,11,54,2,11,1,3,0,10,0,22,1,2,0,0,0,0,0,0,0,0,3,0,0,0,0,1,0,2,1
18,GALAŢI,"”ȘCOALA GIMNAZIALĂ NR. 1 BĂLENI”",231,BĂLENI,75668,1,PROV,PRCNCT,CD,CD_SV,"2021-01-21 12:30:02",990,922,38,30,358,290,38,30,1058,700,340,7,11,5,201,11,66,1,7,1,5,0,6,1,29,0,0,1,1,0,1,0,1,1,0,1,0,0,0,1,0,0,0,0
18,GALAŢI,"GRĂDINIȚA BĂNEASA",232,BĂNEASA,75686,1,PROV,PRCNCT,CD,CD_SV,"2021-01-21 12:30:02",1248,1158,54,36,527,437,54,36,1322,795,489,29,9,28,267,11,94,0,38,0,5,1,7,2,16,1,1,0,1,0,1,0,0,2,0,0,0,0,0,2,12,0,0,0
18,GALAŢI,"SCOALA PRIMARA ”ION VODA CEL VITEAZ ROSCANI",233,BĂNEASA,75686,1,PROV,PRCNCT,CD,CD_SV,"2021-01-21 12:30:02",509,464,33,12,236,191,33,12,526,290,226,4,6,7,103,2,66,0,16,1,4,1,6,0,12,0,3,0,0,0,1,0,0,1,0,0,0,0,1,0,2,0,0,0
18,GALAŢI,"ŞCOALA GIMNAZIALĂ NR. 1 SAT BEREŞTI - MERIA",234,BEREŞTI-MERIA,75356,1,PROV,PRCNCT,CD,CD_SV,"2021-01-21 12:30:02",440,415,20,5,160,135,20,5,456,296,152,6,2,10,54,8,53,0,2,4,4,1,5,0,5,0,0,0,2,0,1,0,0,1,0,0,0,0,0,1,0,1,0,0
18,GALAŢI,"ŞCOALA GIMNAZIALĂ NR. 1 SAT SLIVNA",235,BEREŞTI-MERIA,75356,1,PROV,PRCNCT,CD,CD_SV,"2021-01-21 12:30:02",568,549,16,3,159,140,16,3,610,451,152,3,4,8,71,8,23,0,6,3,5,0,2,5,13,3,0,0,0,1,1,0,0,1,0,0,0,0,0,0,0,2,0,0
18,GALAŢI,"CĂMIN CULTURAL",236,BEREŞTI-MERIA,75356,1,PROV,PRCNCT,CD,CD_SV,"2021-01-21 12:30:02",242,211,30,1,111,80,30,1,232,121,106,0,5,6,57,8,19,0,4,0,3,0,2,1,4,0,0,0,1,0,0,0,0,0,0,0,0,0,0,0,0,1,0,0
18,GALAŢI,"ŞCOALA PRIMARĂ ANDRONACHI GOGA NR. 1 SAT ALDEŞTI",237,BEREŞTI-MERIA,75356,1,PROV,PRCNCT,CD,CD_SV,"2021-01-21 12:30:02",355,333,17,5,129,107,17,5,372,243,124,2,3,12,72,3,16,2,4,1,2,0,1,1,6,0,0,0,1,1,0,0,0,0,0,0,0,0,1,0,0,1,0,0
18,GALAŢI,"GRĂDINIŢA CU PROGRAM NORMAL NR. 1 SAT PLEŞA",238,BEREŞTI-MERIA,75356,1,PROV,PRCNCT,CD,CD_SV,"2021-01-21 12:30:02",512,491,13,8,185,164,13,8,556,371,175,6,4,8,87,6,38,1,9,2,2,0,2,0,17,1,1,0,0,0,0,0,0,0,0,0,0,1,0,0,0,0,0,0
18,GALAŢI,"ȘCOALA GIMNAZIALĂ NR.1 SAT BALINTEȘTI",239,BEREŞTI-MERIA,75356,1,PROV,PRCNCT,CD,CD_SV,"2021-01-21 12:30:02",773,743,19,11,310,280,19,11,823,513,293,11,6,11,168,10,42,1,10,1,2,2,6,2,25,0,1,2,0,0,0,1,0,0,0,1,1,0,0,0,3,1,3,0
18,GALAŢI,"ȘCOALA GIMNAZIALĂ UNIREA BRANIȘTEA",240,BRANIŞTEA,75711,1,PROV,PRCNCT,CD,CD_SV,"2021-01-21 12:30:02",1267,1227,26,14,345,305,26,14,1361,1016,328,5,12,30,80,19,117,4,19,7,3,0,10,3,27,1,1,0,0,0,1,0,0,0,0,2,0,1,0,0,0,0,3,0
18,GALAŢI,"ȘCOALA GIMNAZIALĂ UNIREA BRANIȘTEA",241,BRANIŞTEA,75711,1,PROV,PRCNCT,CD,CD_SV,"2021-01-21 12:30:02",1046,1017,21,8,278,249,21,8,1129,851,268,5,5,30,81,29,77,0,8,2,2,0,7,1,26,0,0,0,0,0,1,0,0,0,0,0,0,0,1,2,1,0,0,0
18,GALAŢI,"SCOALA GENERALA VASILE ALECSANDRI",242,BRANIŞTEA,75711,1,PROV,PRCNCT,CD,CD_SV,"2021-01-21 12:30:02",933,908,25,0,267,242,25,0,993,726,260,6,1,42,58,24,51,1,8,5,1,1,24,2,34,0,0,0,1,0,0,0,0,1,0,0,0,0,0,1,1,1,2,2
18,GALAŢI,"SCOALA GENERALĂ TRAIAN",243,BRANIŞTEA,75711,1,PROV,PRCNCT,CD,CD_SV,"2021-01-21 12:30:02",507,469,36,2,214,176,36,2,516,302,211,1,2,53,42,24,49,1,7,0,1,0,7,3,21,0,0,0,0,0,0,0,0,1,0,0,0,0,0,0,1,0,1,0
18,GALAŢI,"SCOALA GIMNAZIALA NR.1 BRĂHĂŞEŞTI",244,BRĂHĂŞEŞTI,75766,1,PROV,PRCNCT,CD,CD_SV,"2021-01-21 12:30:02",1387,1327,53,7,399,340,53,6,1461,1062,368,10,21,2,168,3,105,3,12,1,2,4,7,1,46,1,0,2,0,0,0,0,0,1,0,0,0,3,0,1,2,1,0,3
18,GALAŢI,"SCOALA GIMNAZIALA NR.1 BRĂHĂŞEŞTI",245,BRĂHĂŞEŞTI,75766,1,PROV,PRCNCT,CD,CD_SV,"2021-01-21 12:30:02",1066,1027,34,5,331,292,34,5,1135,804,305,13,13,5,136,6,103,1,4,4,3,0,8,1,25,0,1,0,1,1,0,0,0,0,1,0,1,0,1,1,1,1,0,0
18,GALAŢI,"SCOALA GIMNAZIALA TOFLEA",246,BRĂHĂŞEŞTI,75766,1,PROV,PRCNCT,CD,CD_SV,"2021-01-21 12:30:02",1578,1567,11,0,272,261,11,0,1726,1454,242,20,10,3,181,3,14,5,2,0,0,0,20,0,8,0,0,0,0,0,1,0,0,1,0,1,0,0,0,0,3,0,0,0
18,GALAŢI,"SCOALA GIMNAZIALA TOFLEA",247,BRĂHĂŞEŞTI,75766,1,PROV,PRCNCT,CD,CD_SV,"2021-01-21 12:30:02",1174,1166,8,0,191,183,8,0,1285,1094,164,10,17,0,120,1,15,2,3,0,0,2,7,0,5,2,1,0,0,0,0,0,0,0,0,0,0,0,0,0,3,2,1,0
18,GALAŢI,"SCOALA GIMNAZIALA TOFLEA",248,BRĂHĂŞEŞTI,75766,1,PROV,PRCNCT,CD,CD_SV,"2021-01-21 12:30:02",1479,1470,9,0,244,235,9,0,1626,1382,209,12,23,0,146,1,17,6,3,1,2,0,5,0,14,1,0,0,0,0,0,0,0,0,0,0,0,1,0,0,12,0,0,0
18,GALAŢI,"SCOALA NATALIA NEGRU",249,BUCIUMENI,75819,1,PROV,PRCNCT,CD,CD_SV,"2021-01-21 12:30:02",941,909,32,0,267,235,32,0,1003,736,251,7,9,25,92,25,47,1,9,2,1,0,3,0,35,3,0,0,0,0,0,0,0,1,1,0,0,0,1,0,2,0,1,2
18,GALAŢI,"SCOALA SMARANDA BRAESCU",250,BUCIUMENI,75819,1,PROV,PRCNCT,CD,CD_SV,"2021-01-21 12:30:02",397,381,16,0,122,106,16,0,418,296,115,6,1,9,53,10,12,0,11,5,1,0,1,2,4,1,0,1,1,1,0,0,0,0,1,0,0,0,0,0,1,0,0,1
18,GALAŢI,"SCOALA CU CLASE I-IV",251,BUCIUMENI,75819,1,PROV,PRCNCT,CD,CD_SV,"2021-01-21 12:30:02",334,323,11,0,83,72,11,0,355,272,80,2,1,8,30,6,12,0,1,1,3,0,3,0,9,0,0,0,0,0,0,0,0,0,0,0,1,0,0,0,0,1,3,2
18,GALAŢI,"SCOALA CU CLASE I-IV",252,BUCIUMENI,75819,1,PROV,PRCNCT,CD,CD_SV,"2021-01-21 12:30:02",371,351,20,0,137,117,20,0,386,249,131,5,1,9,46,2,21,0,16,1,3,0,4,7,15,1,1,0,0,0,0,1,0,1,0,0,0,0,0,1,0,0,0,2
18,GALAŢI,"SCOALA PRIMARA NR.3",253,CAVADINEŞTI,75864,1,PROV,PRCNCT,CD,CD_SV,"2021-01-21 12:30:02",209,177,26,6,107,75,26,6,194,87,97,6,4,2,38,0,41,0,2,0,2,0,4,0,5,0,0,0,0,0,1,0,0,0,0,1,0,0,0,0,1,0,0,0
18,GALAŢI,"SCOALA GIMNAZIALĂ NR.2",254,CAVADINEŞTI,75864,1,PROV,PRCNCT,CD,CD_SV,"2021-01-21 12:30:02",960,858,68,34,434,332,68,34,951,517,415,7,12,3,155,13,197,1,8,4,5,0,7,0,9,2,1,0,1,0,1,0,1,3,0,0,0,1,0,1,1,0,1,0
18,GALAŢI,"SCOALA GIMNAZIALA GĂNEŞTI",255,CAVADINEŞTI,75864,1,PROV,PRCNCT,CD,CD_SV,"2021-01-21 12:30:02",770,720,36,14,266,216,36,14,794,528,254,5,7,5,101,7,91,0,9,2,2,1,7,1,21,0,2,0,1,2,0,1,0,0,0,0,0,0,1,0,0,0,0,0
18,GALAŢI,"SCOALA GENERALĂ VĂDENI",256,CAVADINEŞTI,75864,2,PART,PRCNCT,CD,CD_SV,"2021-01-21 12:30:02",406,353,40,13,199,146,40,13,387,188,186,6,7,1,60,2,98,0,4,2,5,0,5,1,4,0,0,0,1,0,0,0,0,3,0,0,0,0,0,0,0,0,0,0
18,GALAŢI,"SCOALA GENERALĂ COMĂNEŞTI",257,CAVADINEŞTI,75864,1,PROV,PRCNCT,CD,CD_SV,"2021-01-21 12:30:02",195,169,22,4,89,63,22,4,187,98,85,1,3,0,43,4,33,0,1,0,0,0,1,0,1,0,0,0,0,0,0,0,0,0,0,0,0,0,0,0,0,1,1,0
18,GALAŢI,"CĂMIN CULTURAL",258,CERŢEŞTI,75917,1,PROV,PRCNCT,CD,CD_SV,"2021-01-21 12:30:02",718,702,16,0,276,260,16,0,772,496,263,6,7,4,93,3,126,0,3,1,2,0,5,2,15,1,0,1,1,0,3,0,0,0,0,0,0,0,0,1,1,0,0,1
18,GALAŢI,"CĂMIN CULTURAL",259,CERŢEŞTI,75917,1,PROV,PRCNCT,CD,CD_SV,"2021-01-21 12:30:02",617,606,11,0,249,238,11,0,666,417,233,6,10,3,68,4,118,0,16,2,2,0,2,1,12,0,0,0,0,1,0,1,0,0,0,1,0,1,0,0,0,0,0,1
18,GALAŢI,"CĂMIN CULTURAL",260,CERŢEŞTI,75917,1,PROV,PRCNCT,CD,CD_SV,"2021-01-21 12:30:02",590,568,22,0,229,207,22,0,625,396,222,4,3,4,70,8,93,1,18,1,2,0,7,0,9,1,2,0,0,0,0,0,0,0,1,1,0,0,0,0,2,1,1,0
18,GALAŢI,"SCOALA NOUA - SAT CORNI",261,CORNI,76004,2,PART,PRCNCT,CD,CD_SV,"2021-01-21 12:30:02",670,649,21,0,257,236,21,0,756,499,247,4,6,5,101,7,93,1,7,0,0,0,4,5,14,0,0,0,4,0,0,0,0,0,0,2,0,1,2,1,0,0,0,0
18,GALAŢI,"SCOALA GENERALA MĂCIŞENI",262,CORNI,76004,1,PROV,PRCNCT,CD,CD_SV,"2021-01-21 12:30:02",666,651,15,0,256,241,15,0,727,471,244,6,6,11,99,6,95,0,2,1,3,0,6,0,16,0,0,1,1,0,0,0,0,0,0,1,0,0,1,0,0,0,1,0
18,GALAŢI,"SCOALA GENERALA URLEŞTI",263,CORNI,76004,1,PROV,PRCNCT,CD,CD_SV,"2021-01-21 12:30:02",384,373,11,0,111,100,11,0,410,299,105,3,3,7,41,5,33,0,2,0,0,0,1,0,8,2,1,0,1,0,0,0,0,0,1,1,0,0,0,0,0,1,0,1
18,GALAŢI,"ŞCOALA NR.2 COROD",264,COROD,75953,1,PROV,PRCNCT,CD,CD_SV,"2021-01-21 12:30:02",1231,1214,17,0,321,304,17,0,1341,1020,306,14,1,67,61,21,61,1,8,3,1,0,5,2,53,2,3,0,1,0,0,0,0,0,1,0,0,1,0,0,2,0,2,11
18,GALAŢI,"GRĂDINIŢA NR 2",265,COROD,75953,1,PROV,PRCNCT,CD,CD_SV,"2021-01-21 12:30:02",1222,1207,15,0,332,317,15,0,1340,1008,318,7,7,80,74,21,66,2,10,1,3,0,4,2,39,0,1,0,1,0,1,0,0,0,0,1,0,0,0,0,1,0,1,10
18,GALAŢI,"ŞCOALA NR.3 COROD",266,COROD,75953,1,PROV,PRCNCT,CD,CD_SV,"2021-01-21 12:30:02",1513,1496,17,0,373,356,17,0,1652,1296,337,13,6,101,74,11,59,1,5,5,0,0,4,2,54,4,1,0,0,0,0,3,0,2,0,0,0,0,0,3,1,0,2,5
18,GALAŢI,"ŞCOALA BLÎNZI",267,COROD,75953,1,PROV,PRCNCT,CD,CD_SV,"2021-01-21 12:30:02",982,972,10,0,170,160,10,0,1072,902,152,8,10,27,64,8,16,1,2,3,0,0,3,3,17,0,0,0,0,0,0,0,0,0,1,0,0,0,0,0,0,1,5,1
18,GALAŢI,"ŞCOALA BRĂTULEŞTI",268,COROD,75953,1,PROV,PRCNCT,CD,CD_SV,"2021-01-21 12:30:02",493,481,12,0,98,86,12,0,528,430,94,0,4,19,29,1,18,1,5,2,0,0,2,0,14,0,1,0,0,0,0,0,0,0,0,0,0,0,0,0,0,0,2,0
18,GALAŢI,"ŞCOALA CĂRĂPCEŞTI",269,COROD,75953,1,PROV,PRCNCT,CD,CD_SV,"2021-01-21 12:30:02",657,642,15,0,162,147,15,0,706,544,148,6,8,55,40,4,21,0,1,2,2,0,7,0,12,0,0,0,0,0,1,0,0,0,0,0,0,0,0,0,1,0,0,2
18,GALAŢI,"CĂMIN CULTURAL ”G-RAL EREMIA GRIGORESCU”",270,COSMEŞTI,76040,1,PROV,PRCNCT,CD,CD_SV,"2021-01-21 12:30:02",1285,1218,38,29,381,314,38,29,1373,992,368,6,7,12,192,17,57,0,6,3,3,0,9,0,59,1,0,0,0,1,0,0,0,0,0,0,0,0,0,1,0,0,5,2
18,GALAŢI,"ŞCOALA CU CLASELE I-VIII COSMEŞTII-VALE",271,COSMEŞTI,76040,1,PROV,PRCNCT,CD,CD_SV,"2021-01-21 12:30:02",963,920,22,21,297,254,22,21,1034,737,283,6,8,9,177,13,29,0,3,0,11,0,10,0,31,0,0,0,0,0,0,0,0,0,0,0,0,0,0,0,0,0,0,0
18,GALAŢI,"ŞCOALA CU CLASELE I-IV BĂLTĂREŢI",272,COSMEŞTI,76040,1,PROV,PRCNCT,CD,CD_SV,"2021-01-21 12:30:02",727,699,17,11,234,206,17,11,803,569,226,5,3,3,103,12,54,0,6,2,3,1,6,1,29,0,0,0,0,0,2,0,0,0,0,0,0,0,0,0,3,0,1,0
18,GALAŢI,"CAMIN CULTURAL DIN SAT FURCENII VECHI",273,COSMEŞTI,76040,1,PROV,PRCNCT,CD,CD_SV,"2021-01-21 12:30:02",1305,1284,13,8,318,297,13,8,1418,1100,302,8,8,17,127,25,69,2,7,3,5,0,6,2,28,1,1,0,0,0,1,0,0,1,0,1,0,0,1,0,1,1,2,1
18,GALAŢI,"SCOALA CU CLASELE I-VIII FURCENII NOI",274,COSMEŞTI,76040,1,PROV,PRCNCT,CD,CD_SV,"2021-01-21 12:30:02",1296,1271,16,9,312,287,16,9,1420,1108,291,13,8,3,132,5,63,1,12,5,3,0,8,3,52,0,0,0,2,0,0,1,0,0,0,0,0,0,0,0,1,0,0,0
18,GALAŢI,"CAMINUL CULTURAL COSTACHE NEGRI",275,"COSTACHE NEGRI",76111,2,PART,PRCNCT,CD,CD_SV,"2021-01-21 12:30:02",1231,1192,22,17,418,379,22,17,1310,892,401,9,8,52,138,17,80,3,34,5,3,5,5,5,42,1,0,1,0,0,0,0,1,3,0,1,1,1,0,1,0,0,0,2
18,GALAŢI,"CAMINUL CULTURAL COSTACHE NEGRI",276,"COSTACHE NEGRI",76111,1,PROV,PRCNCT,CD,CD_SV,"2021-01-21 12:30:02",1089,1019,52,18,414,344,52,18,1125,711,395,19,0,48,156,7,82,0,28,3,1,5,7,4,41,1,0,0,0,0,0,0,0,0,0,2,1,0,0,0,2,0,6,1
18,GALAŢI,"CĂMINUL CULTURAL CUCA",277,CUCA,76139,1,PROV,PRCNCT,CD,CD_SV,"2021-01-21 12:30:02",1005,901,83,21,443,339,83,21,1013,570,419,12,12,5,145,13,167,3,33,2,4,1,5,0,18,4,2,2,2,0,0,0,0,3,2,1,2,0,1,2,1,1,0,0
18,GALAŢI,"ŞCOALA GENERALĂ CUCA",278,CUCA,76139,1,PROV,PRCNCT,CD,CD_SV,"2021-01-21 12:30:02",929,823,92,14,395,289,92,14,944,549,372,7,16,22,126,9,148,0,23,1,4,0,4,2,19,2,1,2,1,0,0,0,0,0,1,2,0,0,0,1,1,3,0,0
18,GALAŢI,"ȘCOALA GIMNAZIALĂ PROF. EMIL PANAITESCU",279,CUDALBI,76157,1,PROV,PRCNCT,CD,CD_SV,"2021-01-21 12:30:02",1768,1737,31,0,540,509,31,0,1930,1390,502,26,12,12,172,34,92,2,90,11,3,1,7,1,57,5,1,0,0,1,0,1,0,0,0,2,1,1,1,1,1,2,1,2
18,GALAŢI,"ŞCOALA GIMNAZIALA PROF. EMIL PANAITESCU",280,CUDALBI,76157,1,PROV,PRCNCT,CD,CD_SV,"2021-01-21 12:30:02",1542,1506,36,0,435,399,36,0,1660,1225,413,10,12,5,108,39,69,1,98,7,3,0,6,2,51,1,4,1,2,0,1,0,0,1,0,2,0,1,2,2,5,0,2,0
18,GALAŢI,"ŞCOALA GIMNAZIALA PROF. EMIL PANAITESCU",281,CUDALBI,76157,1,PROV,PRCNCT,CD,CD_SV,"2021-01-21 12:30:02",1343,1287,56,0,351,295,56,0,1413,1062,323,15,13,8,102,21,49,2,63,8,3,0,10,1,30,2,3,0,1,1,0,1,0,1,1,3,1,0,0,2,2,3,3,2
18,GALAŢI,"LICEUL TEHNOLOGIC NR.1",282,CUDALBI,76157,1,PROV,PRCNCT,CD,CD_SV,"2021-01-21 12:30:02",1600,1571,29,0,371,342,29,0,1734,1363,354,7,10,16,90,27,61,1,62,2,2,0,10,3,56,7,0,0,3,0,0,2,0,3,0,0,0,1,1,0,2,3,2,0
18,GALAŢI,"ŞCOALA GIMNAZIALA ELENA DOAMNA,",283,"CUZA VODĂ",77595,1,PROV,PRCNCT,CD,CD_SV,"2021-01-21 12:30:02",1255,1210,44,1,351,306,44,1,1337,986,331,10,10,9,131,16,66,1,37,5,4,1,6,3,34,1,0,0,0,1,0,1,0,0,3,1,1,0,0,3,2,2,2,1
18,GALAŢI,"ŞCOALA GIMNAZIALA ELENA DOAMNA,",284,"CUZA VODĂ",77595,1,PROV,PRCNCT,CD,CD_SV,"2021-01-21 12:30:02",1148,1072,69,7,367,291,69,7,1187,820,356,7,4,15,105,12,67,2,86,4,4,0,5,5,38,0,0,0,0,0,1,0,0,0,0,1,2,1,1,1,3,0,1,2
18,GALAŢI,"SCOALA DIN SATUL DRĂGĂNEŞTI",285,DRĂGĂNEŞTI,75221,1,PROV,PRCNCT,CD,CD_SV,"2021-01-21 12:30:02",1877,1848,25,4,529,500,25,4,2035,1506,507,12,10,25,141,51,175,2,42,5,3,0,4,2,44,1,0,0,1,0,0,2,0,1,0,0,0,0,0,1,3,1,1,2
18,GALAŢI,"CAMINUL CULTURAL DIN SATUL DRĂGĂNEŞTI",286,DRĂGĂNEŞTI,75221,1,PROV,PRCNCT,CD,CD_SV,"2021-01-21 12:30:02",1971,1936,34,1,558,523,34,1,2120,1562,511,37,10,49,108,32,127,1,24,5,7,0,8,4,89,1,3,0,0,0,0,0,0,2,0,1,1,0,0,2,43,1,0,3
18,GALAŢI,"SCOALA DIN MALUL ALB",287,DRĂGĂNEŞTI,75221,1,PROV,PRCNCT,CD,CD_SV,"2021-01-21 12:30:02",1734,1691,36,7,548,505,36,7,1871,1323,529,9,10,18,108,58,225,3,30,3,2,2,7,3,47,1,1,1,1,0,0,0,0,1,1,0,2,0,1,2,2,2,5,3
18,GALAŢI,"ŞCOALA DRĂGUŞENI",288,DRĂGUŞENI,76175,1,PROV,PRCNCT,CD,CD_SV,"2021-01-21 12:30:02",1536,1504,32,0,431,399,32,0,1662,1231,401,11,19,9,172,14,75,1,18,7,2,4,7,0,50,3,3,0,0,2,0,0,0,0,1,0,0,0,2,1,24,2,2,2
18,GALAŢI,"GRADINITA CU PROGRAM NORMAL NR.1",289,DRĂGUŞENI,76175,1,PROV,PRCNCT,CD,CD_SV,"2021-01-21 12:30:02",766,745,21,0,187,166,21,0,821,634,168,11,8,7,70,6,50,0,3,2,0,0,4,0,24,0,0,0,0,0,0,0,0,0,0,0,0,0,0,0,0,1,1,0
18,GALAŢI,"SCOALA NICOPOLE",290,DRĂGUŞENI,76175,1,PROV,PRCNCT,CD,CD_SV,"2021-01-21 12:30:02",482,459,23,0,151,128,23,0,504,353,141,8,2,8,47,3,46,0,3,1,0,0,1,1,28,0,0,0,0,0,0,0,0,1,0,0,0,0,1,0,0,1,0,0
18,GALAŢI,"GRADINITA CU PROGRAM NORMAL NR.1",291,DRĂGUŞENI,76175,1,PROV,PRCNCT,CD,CD_SV,"2021-01-21 12:30:02",472,461,11,0,157,146,11,0,509,352,152,3,2,2,72,5,50,2,5,0,2,0,2,1,4,0,0,0,1,0,0,1,0,1,0,0,0,0,2,1,0,1,0,0
18,GALAŢI,"SCOALA ŞTIETEŞTI",292,DRĂGUŞENI,76175,1,PROV,PRCNCT,CD,CD_SV,"2021-01-21 12:30:02",259,247,12,0,128,116,12,0,274,146,123,2,3,3,37,3,62,0,2,2,0,0,0,1,12,0,0,0,0,0,0,1,0,0,0,0,0,0,0,0,0,0,0,0
18,GALAŢI,"SCOALA GIMNAZIALA NR.1",293,DRĂGUŞENI,76175,2,PART,PRCNCT,CD,CD_SV,"2021-01-21 12:30:02",581,572,9,0,149,140,9,0,638,489,128,13,8,2,69,2,27,0,0,1,2,0,3,1,17,0,0,0,0,0,0,0,0,1,0,1,0,0,0,2,0,0,0,0
18,GALAŢI,"SCOALA GHINGHEŞTI",294,DRĂGUŞENI,76175,1,PROV,PRCNCT,CD,CD_SV,"2021-01-21 12:30:02",252,228,16,8,105,81,16,8,261,156,93,7,5,3,48,2,19,0,4,1,0,0,4,1,8,0,0,0,0,0,0,0,0,0,0,0,0,0,0,0,3,0,0,0
18,GALAŢI,"CAMINUL CULTURAL FIRTANESTI",295,FÂRŢĂNEŞTI,76255,1,PROV,PRCNCT,CD,CD_SV,"2021-01-21 12:30:02",1420,1359,61,0,455,394,61,0,1502,1047,429,14,12,2,280,25,44,0,6,3,5,1,11,0,44,0,0,0,0,0,0,0,0,2,1,0,0,1,0,0,1,1,2,0
18,GALAŢI,"CAMINUL CULTURAL FIRTANESTI",296,FÂRŢĂNEŞTI,76255,1,PROV,PRCNCT,CD,CD_SV,"2021-01-21 12:30:02",1483,1448,35,0,464,429,35,0,1598,1134,449,6,9,5,263,17,57,2,17,4,4,2,18,3,42,1,2,1,1,0,0,0,0,0,0,0,0,3,1,0,3,0,2,1
18,GALAŢI,"CĂMINUL CULTURAL VIILE",297,FÂRŢĂNEŞTI,76255,1,PROV,PRCNCT,CD,CD_SV,"2021-01-21 12:30:02",1284,1255,29,0,402,373,29,0,1392,990,375,16,11,3,257,32,36,0,2,1,2,1,8,1,22,0,0,0,0,0,0,0,0,0,0,0,2,0,0,1,1,2,4,0
18,GALAŢI,"GRADINITA CU PROGRAM NORMAL NR. 1 FOLTESTI - SALA NR.1",298,FOLTEŞTI,76282,1,PROV,PRCNCT,CD,CD_SV,"2021-01-21 12:30:02",897,870,27,0,245,218,27,0,963,718,232,13,0,9,103,17,49,1,6,3,2,1,7,2,19,0,1,0,0,0,0,0,0,2,0,0,1,0,0,0,8,1,0,0
18,GALAŢI,"GRADINITA CU PROGRAM NORMAL NR.1 FOLTESTI - SALA NR.2",299,FOLTEŞTI,76282,1,PROV,PRCNCT,CD,CD_SV,"2021-01-21 12:30:02",918,902,16,0,287,271,16,0,993,706,279,6,2,9,134,23,69,0,5,2,2,0,3,2,18,0,0,0,2,0,0,0,0,0,0,0,0,0,0,0,8,1,1,0
18,GALAŢI,"SCOALA GIMNAZIALA NR.1 STOICANI",300,FOLTEŞTI,76282,1,PROV,PRCNCT,CD,CD_SV,"2021-01-21 12:30:02",884,851,28,5,279,246,28,5,937,658,269,3,7,6,114,21,57,1,17,7,3,0,9,0,17,2,0,0,1,1,0,0,0,3,1,2,1,0,0,1,1,1,3,0
18,GALAŢI,"ŞCOALA GENERALA NR.1 FRUMUŞIŢA (ŞCOALA DIN CENTRU)",301,FRUMUŞIŢA,76317,1,PROV,PRCNCT,CD,CD_SV,"2021-01-21 12:30:02",1856,1808,25,23,532,484,25,23,1990,1458,512,15,5,11,285,13,79,0,22,8,10,3,13,1,16,1,0,1,2,0,0,0,1,1,1,0,0,1,0,1,38,1,2,1
18,GALAŢI,"SCOALA GENERALĂ NR.2 PETRU RAREŞ",302,FRUMUŞIŢA,76317,1,PROV,PRCNCT,CD,CD_SV,"2021-01-21 12:30:02",883,825,50,8,323,265,50,8,914,591,310,8,5,11,173,10,56,1,9,2,1,0,6,1,25,0,1,0,1,1,1,0,0,1,0,1,0,0,0,1,6,0,1,1
18,GALAŢI,"SCOALA GENERALA IJDILENI",303,FRUMUŞIŢA,76317,1,PROV,PRCNCT,CD,CD_SV,"2021-01-21 12:30:02",813,767,29,17,244,198,29,17,850,606,224,10,10,11,94,11,73,2,6,1,1,0,4,0,11,0,0,1,2,0,0,0,0,1,0,0,0,0,0,0,6,0,0,0
18,GALAŢI,"SCOALA GENERALA TĂMĂOANI",304,FRUMUŞIŢA,76317,1,PROV,PRCNCT,CD,CD_SV,"2021-01-21 12:30:02",990,951,36,3,290,251,36,3,1045,755,277,8,5,10,159,17,37,0,5,2,4,0,7,1,26,0,0,0,0,0,0,0,0,0,0,0,0,0,0,0,9,0,0,0
18,GALAŢI,"ŞCOALA GENERALA FUNDENI",305,FUNDENI,76353,1,PROV,PRCNCT,CD,CD_SV,"2021-01-21 12:30:02",700,667,32,1,245,212,32,1,738,493,234,6,5,5,89,13,52,2,11,2,2,0,3,2,44,1,0,0,0,0,0,0,0,0,0,1,0,0,0,1,3,0,3,0
18,GALAŢI,"SCOALA ELEMENTARA LUNGOCI",306,FUNDENI,76353,1,PROV,PRCNCT,CD,CD_SV,"2021-01-21 12:30:02",454,419,35,0,187,152,35,0,463,276,176,3,8,7,98,11,22,3,4,4,2,0,3,4,12,1,0,0,0,0,0,0,0,0,0,0,0,1,0,0,2,1,1,0
18,GALAŢI,"ŞCOALA GENERALA HANU CONACHI",307,FUNDENI,76353,1,PROV,PRCNCT,CD,CD_SV,"2021-01-21 12:30:02",1221,1206,15,0,326,311,15,0,1327,1001,317,5,4,44,82,17,101,11,17,7,2,0,4,4,21,0,0,0,0,1,1,0,0,1,0,0,1,0,0,1,0,0,2,0
18,GALAŢI,"ŞCOALA GENERALA HANU CONACHI",308,FUNDENI,76353,1,PROV,PRCNCT,CD,CD_SV,"2021-01-21 12:30:02",884,854,30,0,253,223,30,0,946,693,242,6,5,30,56,17,74,1,13,3,0,2,9,3,27,1,0,0,0,0,1,0,0,0,0,0,0,0,0,0,2,0,2,1
18,GALAŢI,"ŞCOALA GIMNAZIALĂ NR.1 GHIDIGENI",309,GHIDIGENI,76406,1,PROV,PRCNCT,CD,CD_SV,"2021-01-21 12:30:02",1706,1695,11,0,569,558,11,0,1866,1297,532,24,13,12,124,8,244,1,32,4,6,0,12,0,78,3,0,0,1,0,0,1,0,0,0,2,0,0,1,1,1,0,0,1
18,GALAŢI,"ȘCOALA GEFU",310,GHIDIGENI,76406,1,PROV,PRCNCT,CD,CD_SV,"2021-01-21 12:30:02",852,846,6,0,408,402,6,0,931,523,347,39,22,3,83,2,206,2,8,2,1,0,3,5,14,2,1,0,0,0,0,0,0,0,0,3,0,0,0,2,10,0,0,0
18,GALAŢI,"ȘCOALA GÂRBOVĂȚ",311,GHIDIGENI,76406,1,PROV,PRCNCT,CD,CD_SV,"2021-01-21 12:30:02",222,207,15,0,81,66,15,0,227,146,76,2,3,1,15,1,36,1,3,1,1,0,2,0,15,0,0,0,0,0,0,0,0,0,0,0,0,0,0,0,0,0,0,0
18,GALAŢI,"ȘCOALA TĂLPIGI",312,GHIDIGENI,76406,1,PROV,PRCNCT,CD,CD_SV,"2021-01-21 12:30:02",1684,1668,16,0,708,692,16,0,1837,1129,625,56,27,3,98,4,328,1,35,9,3,1,7,4,94,2,2,0,0,1,2,0,1,1,1,2,1,1,0,1,20,2,0,1
18,GALAŢI,"ȘCOALA SLOBOZIA",313,GHIDIGENI,76406,1,PROV,PRCNCT,CD,CD_SV,"2021-01-21 12:30:02",659,638,21,0,236,215,21,0,706,470,230,4,2,4,54,7,109,2,5,2,3,0,5,0,35,0,0,0,1,0,0,0,0,0,0,0,0,0,1,0,1,0,0,1
18,GALAŢI,"ŞCOALA GIMNAZIALA NR.1 GOHOR",314,GOHOR,76497,1,PROV,PRCNCT,CD,CD_SV,"2021-01-21 12:30:02",1416,1305,66,45,606,495,66,45,1433,827,573,15,18,5,376,15,77,3,13,3,8,0,19,2,31,1,0,2,0,0,1,0,0,0,2,0,1,0,0,1,2,4,1,6
18,GALAŢI,"ŞCOALA CU CLASELE I-IV IREASCA",315,GOHOR,76497,1,PROV,PRCNCT,CD,CD_SV,"2021-01-21 12:30:02",244,218,17,9,111,85,17,9,249,138,102,5,4,3,62,4,18,0,3,0,0,0,2,1,6,0,0,0,0,0,1,0,1,0,0,0,0,0,0,0,1,0,0,0
18,GALAŢI,"ŞCOALA CU CLASELE I-IV NĂRTEŞTI",316,GOHOR,76497,1,PROV,PRCNCT,CD,CD_SV,"2021-01-21 12:30:02",732,660,59,13,321,249,59,13,736,415,305,11,5,1,139,3,96,1,7,4,5,0,6,4,35,0,0,0,0,0,0,0,0,0,1,0,0,1,0,0,0,1,0,1
18,GALAŢI,"ŞCOALA GIMNAZIALA - SAT GARA BERHECI",317,GOHOR,76497,1,PROV,PRCNCT,CD,CD_SV,"2021-01-21 12:30:02",603,558,44,1,249,204,44,1,615,366,241,8,0,5,124,4,56,1,10,4,2,0,3,5,19,0,0,0,0,0,0,0,0,1,1,1,0,0,0,1,1,0,1,2
18,GALAŢI,"SCOALA NOUA GRIVITA",318,GRIVIŢA,76558,1,PROV,PRCNCT,CD,CD_SV,"2021-01-21 12:30:02",1559,1534,23,2,334,309,23,2,1696,1362,324,3,7,17,168,18,52,2,7,3,4,0,10,0,35,0,1,0,0,0,1,0,0,0,1,3,0,0,0,0,0,0,0,2
18,GALAŢI,"ŞCOALA VECHE GRIVIŢA",319,GRIVIŢA,76558,1,PROV,PRCNCT,CD,CD_SV,"2021-01-21 12:30:02",994,976,18,0,215,197,18,0,1076,861,210,2,3,3,108,5,37,2,11,2,3,2,4,1,24,0,0,0,0,0,0,0,0,0,1,1,0,0,0,0,3,1,2,0
18,GALAŢI,"SCOALA PRIMARA, SAT CĂLMĂŢUI",320,GRIVIŢA,76558,1,PROV,PRCNCT,CD,CD_SV,"2021-01-21 12:30:02",587,570,17,0,157,140,17,0,625,468,141,9,7,10,64,4,20,0,8,0,3,0,5,2,15,0,0,0,0,0,0,1,0,0,0,0,0,0,0,2,7,0,0,0
18,GALAŢI,"SCOALA GIMNAZIALA NR. 1",321,INDEPENDENŢA,76585,1,PROV,PRCNCT,CD,CD_SV,"2021-01-21 12:30:02",1356,1333,23,0,379,356,23,0,1474,1095,372,5,2,20,107,37,67,2,72,7,1,0,5,4,38,0,3,0,1,0,0,0,0,0,2,0,0,0,1,0,2,0,2,1
18,GALAŢI,"SCOALA GIMNAZIALA NR. 2",322,INDEPENDENŢA,76585,1,PROV,PRCNCT,CD,CD_SV,"2021-01-21 12:30:02",1646,1605,38,3,459,418,38,3,1768,1309,443,13,3,20,120,42,100,2,60,5,4,1,9,3,57,3,2,1,1,0,1,0,1,1,0,0,1,0,1,0,1,1,4,2
18,GALAŢI,"CLADIREA GRADINITA NR.1",323,INDEPENDENŢA,76585,1,PROV,PRCNCT,CD,CD_SV,"2021-01-21 12:30:02",975,953,21,1,206,184,21,1,1048,842,198,3,5,8,63,14,37,4,22,7,2,0,5,1,27,1,0,0,0,0,0,0,0,1,0,0,0,0,0,1,3,0,2,0
18,GALAŢI,"ŞCOALA NR.2 IVEŞTI",324,IVEŞTI,76601,2,PART,PRCNCT,CD,CD_SV,"2021-01-21 12:30:02",750,731,14,5,308,289,14,5,808,500,299,7,0,1,73,15,163,2,10,3,2,0,0,1,21,0,0,0,1,0,0,1,0,3,0,1,0,0,0,0,2,0,0,0
18,GALAŢI,"ŞCOALA GIMNAZIALĂ ”VICTOR ION POPA ” IVEŞTI (ŞCOALA GIMNAZIALA NR.3 IVEŞTI)",325,IVEŞTI,76601,2,PART,PRCNCT,CD,CD_SV,"2021-01-21 12:30:02",1542,1521,17,4,571,550,17,4,1680,1109,513,34,24,6,92,9,279,5,16,5,5,1,8,2,34,2,1,1,3,0,0,2,1,0,2,1,6,3,0,0,25,4,0,0
18,GALAŢI,"LICEUL TEHNOLOGIC ”HORTENSIA PAPADAT – BENGESCU”",326,IVEŞTI,76601,2,PART,PRCNCT,CD,CD_SV,"2021-01-21 12:30:02",1015,996,19,0,295,276,19,0,1099,804,282,11,2,4,72,15,132,0,5,1,1,0,3,1,27,2,0,1,2,0,0,0,0,0,0,0,0,1,2,0,10,1,2,0
18,GALAŢI,"LICEUL TEHNOLOGIC ”HORTENSIA PAPADAT – BENGESCU”",327,IVEŞTI,76601,1,PROV,PRCNCT,CD,CD_SV,"2021-01-21 12:30:02",1093,1071,21,1,451,429,21,1,1183,732,394,36,21,3,112,14,165,1,7,4,5,0,9,6,30,0,1,1,0,0,1,0,0,1,0,0,0,2,0,1,29,1,1,0
18,GALAŢI,"ŞCOALA GIMNAZIALA ”NEGOIŢĂ DĂNĂILĂ”",328,IVEŞTI,76601,1,PROV,PRCNCT,CD,CD_SV,"2021-01-21 12:30:02",1932,1894,25,13,544,506,25,13,2106,1562,517,15,12,8,145,50,205,1,26,1,4,2,5,5,48,0,1,0,1,0,1,0,0,0,2,1,1,0,1,2,1,1,4,1
18,GALAŢI,"ŞCOALA GIMNAZIALA ”GEN.EREMIA GRIGORESCU”",329,IVEŞTI,76601,1,PROV,PRCNCT,CD,CD_SV,"2021-01-21 12:30:02",1749,1716,31,2,489,456,31,2,1901,1412,463,14,12,10,142,50,193,2,9,1,2,0,6,2,36,1,1,0,0,0,0,0,0,2,1,0,1,0,0,0,2,0,1,1
18,GALAŢI,"CĂMINUL CULTURAL JORĂȘTI",330,JORĂŞTI,76638,1,PROV,PRCNCT,CD,CD_SV,"2021-01-21 12:30:02",919,885,34,0,365,331,34,0,981,616,342,12,11,17,225,3,43,0,14,4,10,0,8,1,13,0,0,0,0,0,0,0,0,1,0,0,0,0,0,0,3,0,0,0
18,GALAŢI,"SALĂ ÎNTRUNIRI LUNCA",331,JORĂŞTI,76638,1,PROV,PRCNCT,CD,CD_SV,"2021-01-21 12:30:02",200,168,32,0,109,77,32,0,183,74,105,2,2,11,60,1,21,1,1,3,2,0,1,2,1,0,0,0,0,0,0,0,0,0,0,0,0,0,0,0,0,0,1,0
18,GALAŢI,"CĂMINUL CULTURAL ZĂRNEȘTI",332,JORĂŞTI,76638,1,PROV,PRCNCT,CD,CD_SV,"2021-01-21 12:30:02",319,292,27,0,142,115,27,0,320,178,132,3,7,31,68,1,14,1,1,0,0,1,5,0,3,0,2,0,1,0,0,0,0,0,1,0,0,0,0,1,1,1,0,0
18,GALAŢI,"ŞCOALA GIMNAZIALĂ NR. 1",333,LIEŞTI,76674,1,PROV,PRCNCT,CD,CD_SV,"2021-01-21 12:30:02",1712,1694,18,0,443,425,18,0,1877,1434,424,16,3,19,125,54,121,3,10,5,3,0,4,14,53,1,0,0,0,0,1,0,0,0,0,3,1,0,2,1,3,0,1,0
18,GALAŢI,"ŞCOALA GIMNAZIALĂ NR. 2",334,LIEŞTI,76674,1,PROV,PRCNCT,CD,CD_SV,"2021-01-21 12:30:02",1431,1416,8,7,394,379,8,7,1576,1182,384,7,3,18,91,48,138,2,8,1,1,1,6,3,57,2,0,0,0,0,0,0,0,0,0,0,0,0,1,0,0,1,5,1
18,GALAŢI,"ŞCOALA GIMNAZIALĂ NR. 2",335,LIEŞTI,76674,1,PROV,PRCNCT,CD,CD_SV,"2021-01-21 12:30:02",1370,1359,11,0,391,380,11,0,1504,1113,366,17,8,13,88,25,139,1,8,5,2,2,9,3,64,0,0,0,1,0,0,0,0,0,0,0,1,0,1,0,0,1,3,0
18,GALAŢI,"ŞCOALA GIMNAZIALĂ NR. 3",336,LIEŞTI,76674,1,PROV,PRCNCT,CD,CD_SV,"2021-01-21 12:30:02",1429,1402,21,6,387,360,21,6,1551,1164,381,2,4,9,109,32,159,2,13,1,2,0,7,3,34,1,0,2,0,0,0,2,0,0,1,0,0,0,0,0,1,0,2,1
18,GALAŢI,"GRADINITA NR. 3",337,LIEŞTI,76674,1,PROV,PRCNCT,CD,CD_SV,"2021-01-21 12:30:02",1447,1429,18,0,402,384,18,0,1573,1171,383,9,10,11,88,11,193,0,4,4,1,3,7,3,38,2,0,0,0,0,0,2,0,0,1,2,0,0,2,2,3,3,2,1
18,GALAŢI,"ŞCOALA GIMNAZIALĂ ”SFÂNTUL NICOLAE”",338,LIEŞTI,76674,1,PROV,PRCNCT,CD,CD_SV,"2021-01-21 12:30:02",1551,1518,32,1,464,431,32,1,1686,1222,443,21,0,18,90,40,189,2,10,9,1,1,8,1,57,1,2,0,1,1,2,0,0,1,2,0,0,0,2,1,2,0,1,1
18,GALAŢI,"ŞCOALA NR.2 MATCA",339,MATCA,76692,1,PROV,PRCNCT,CD,CD_SV,"2021-01-21 12:30:02",1484,1467,17,0,490,473,17,0,1613,1123,468,12,10,15,147,22,72,1,89,5,6,0,4,0,92,1,0,0,0,0,0,1,1,1,0,3,0,0,1,0,2,2,1,2
18,GALAŢI,"ŞCOALA NR.1 SUSENI",340,MATCA,76692,1,PROV,PRCNCT,CD,CD_SV,"2021-01-21 12:30:02",1787,1776,11,0,584,573,11,0,2001,1417,561,15,8,11,208,23,57,1,88,6,6,0,13,0,119,1,0,0,1,0,3,0,0,3,3,4,0,0,2,2,2,2,2,4
18,GALAŢI,"SCOALA NR.1 MATCA",341,MATCA,76692,1,PROV,PRCNCT,CD,CD_SV,"2021-01-21 12:30:02",1502,1496,6,0,477,471,6,0,1650,1173,464,6,7,9,160,38,69,2,84,6,4,0,7,3,71,1,0,0,1,0,1,1,0,1,1,0,0,0,1,2,1,0,0,1
18,GALAŢI,"SCOALA NR.1 MATCA",342,MATCA,76692,1,PROV,PRCNCT,CD,CD_SV,"2021-01-21 12:30:02",1606,1593,13,0,526,513,13,0,1759,1233,507,9,10,16,169,46,76,1,67,11,4,0,10,0,82,3,4,0,1,1,2,0,0,1,1,1,0,1,2,3,2,0,0,3
18,GALAŢI,"ŞCOALA NR.1 MATCA",343,MATCA,76692,1,PROV,PRCNCT,CD,CD_SV,"2021-01-21 12:30:02",1586,1576,10,0,495,485,10,0,1737,1242,471,12,12,14,174,29,55,2,75,10,4,0,6,3,75,4,1,1,2,0,2,1,1,1,1,0,0,1,0,0,1,0,1,7
18,GALAŢI,"SCOALA NR.3 MATCA",344,MATCA,76692,1,PROV,PRCNCT,CD,CD_SV,"2021-01-21 12:30:02",1921,1908,13,0,673,660,13,0,2117,1444,646,19,8,27,207,45,62,1,116,7,6,1,8,2,147,2,0,0,0,0,0,0,0,4,0,0,0,0,0,2,1,0,2,6
18,GALAŢI,"SCOALA GIMNAZIALA NR 1 GHE. POALELUNGI MASTACANI",345,MĂSTĂCANI,76718,1,PROV,PRCNCT,CD,CD_SV,"2021-01-21 12:30:02",1132,1087,45,0,277,232,45,0,1206,929,268,3,6,8,143,14,41,4,5,2,4,0,3,3,31,0,1,0,0,0,0,0,0,3,0,1,0,3,1,0,0,0,1,0
18,GALAŢI,"SCOALA GIMNAZIALA NR. 3 MĂSTĂCANI",346,MĂSTĂCANI,76718,1,PROV,PRCNCT,CD,CD_SV,"2021-01-21 12:30:02",815,787,28,0,204,176,28,0,863,659,184,16,4,5,93,8,25,2,3,2,1,1,11,0,20,1,1,0,0,0,1,0,0,3,0,0,1,0,0,2,1,1,2,0
18,GALAŢI,"SCOALA GIMNAZIALA NR. 1 CHIRAFTEI",347,MĂSTĂCANI,76718,1,PROV,PRCNCT,CD,CD_SV,"2021-01-21 12:30:02",1108,1085,23,0,262,239,23,0,1190,928,242,10,10,8,144,20,13,1,8,5,4,0,11,1,21,0,0,0,0,0,1,0,0,0,1,0,0,0,1,0,1,0,2,0
18,GALAŢI,"SCOALA GIMNAZIALA NR. 2 CHIRAFTEI",348,MĂSTĂCANI,76718,1,PROV,PRCNCT,CD,CD_SV,"2021-01-21 12:30:02",1086,1059,18,9,199,172,18,9,1165,966,194,1,4,5,101,17,29,3,7,0,2,2,1,1,22,0,1,1,0,0,0,0,0,0,0,0,0,0,0,0,1,0,0,1
18,GALAŢI,"CAMIN CULTURAL",349,MOVILENI,76745,1,PROV,PRCNCT,CD,CD_SV,"2021-01-21 12:30:02",1594,1572,22,0,341,319,22,0,1727,1386,321,12,8,37,118,33,49,1,14,2,0,1,5,0,40,1,1,0,0,0,0,1,0,1,0,0,0,0,1,2,13,0,0,1
18,GALAŢI,"SCOALA NR.2 MOVILENI",350,MOVILENI,76745,1,PROV,PRCNCT,CD,CD_SV,"2021-01-21 12:30:02",1175,1158,16,1,309,292,16,1,1279,970,294,5,10,2,100,24,95,1,11,2,4,0,3,2,36,0,1,0,0,0,2,0,1,1,0,0,0,0,0,2,2,0,1,4
18,GALAŢI,"SCOALA GIMNAZIALA NR.2",351,MUNTENI,75258,1,PROV,PRCNCT,CD,CD_SV,"2021-01-21 12:30:02",1374,1333,32,9,516,475,32,9,1484,968,492,11,13,5,294,17,80,1,12,2,3,0,9,2,56,0,2,0,1,1,0,0,0,0,0,0,0,1,0,0,0,2,2,2
18,GALAŢI,"SCOALA GENERALĂ NR.1 SAT MUNTENI",352,MUNTENI,75258,1,PROV,PRCNCT,CD,CD_SV,"2021-01-21 12:30:02",1717,1680,29,8,653,616,29,8,1859,1206,597,26,30,2,243,16,165,2,13,2,7,0,9,2,98,3,0,0,0,0,4,0,0,3,0,3,0,0,1,3,16,3,0,2
18,GALAŢI,"SCOALA GENERALĂ FRUNZEASCA",353,MUNTENI,75258,1,PROV,PRCNCT,CD,CD_SV,"2021-01-21 12:30:02",1083,992,88,3,450,359,88,3,1096,646,438,7,5,6,199,15,108,1,8,9,4,0,5,1,71,2,1,0,1,2,2,1,0,1,0,0,0,0,0,0,0,0,0,1
18,GALAŢI,"SCOALA GENERALĂ – SAT ŢIGĂNEŞTI",354,MUNTENI,75258,1,PROV,PRCNCT,CD,CD_SV,"2021-01-21 12:30:02",875,841,28,6,328,294,28,6,930,602,315,10,3,6,179,9,56,1,7,5,3,0,9,1,29,1,1,0,0,0,0,0,0,1,2,0,0,1,0,0,1,1,0,2
18,GALAŢI,"SCOALA GENERALĂ UNGURENI",355,MUNTENI,75258,1,PROV,PRCNCT,CD,CD_SV,"2021-01-21 12:30:02",1130,1101,28,1,345,316,28,1,1217,872,323,14,8,5,148,10,81,2,8,1,5,0,4,0,50,0,0,0,1,1,1,0,0,1,0,1,0,0,1,1,0,0,0,2
18,GALAŢI,"SCOALA GENERALA NAMOLOASA",356,NĂMOLOASA,76763,1,PROV,PRCNCT,CD,CD_SV,"2021-01-21 12:30:02",796,778,18,0,254,236,18,0,859,605,241,7,6,12,141,9,37,1,10,3,5,0,3,2,12,0,0,0,0,0,2,0,0,0,0,2,0,0,0,0,0,0,2,0
18,GALAŢI,"SCOALA GENERALA NAMOLOASA SAT",357,NĂMOLOASA,76763,1,PROV,PRCNCT,CD,CD_SV,"2021-01-21 12:30:02",932,897,35,0,342,307,35,0,988,646,328,7,7,3,217,10,45,2,8,5,2,0,7,3,12,1,4,2,0,0,1,0,0,0,1,0,0,0,0,1,1,2,1,0
18,GALAŢI,"CĂMINUL CULTURAL DIN SATUL NEGRILEŞTI",358,NEGRILEŞTI,77579,1,PROV,PRCNCT,CD,CD_SV,"2021-01-21 12:30:02",1473,1374,57,42,628,529,57,42,1515,887,600,15,13,11,401,17,77,0,11,9,9,2,14,2,33,1,0,0,0,0,0,1,0,3,1,0,0,2,0,0,2,0,0,4
18,GALAŢI,"SCOALA GENERALĂ SLOBOZIA BLĂNEASA",359,NEGRILEŞTI,77579,1,PROV,PRCNCT,CD,CD_SV,"2021-01-21 12:30:02",836,779,41,16,431,374,41,16,856,425,411,15,5,2,272,13,46,0,6,7,2,0,9,1,38,0,0,1,1,0,0,0,0,0,1,0,1,1,0,1,3,0,2,4
18,GALAŢI,"ŞCOALA NICOREŞTI",360,NICOREŞTI,76807,2,PART,PRCNCT,CD,CD_SV,"2021-01-21 12:30:02",1221,1150,71,0,356,285,71,0,1265,909,342,8,6,5,67,14,178,1,10,0,1,0,2,4,51,1,0,0,0,1,0,0,0,2,0,1,0,0,1,2,0,0,1,0
18,GALAŢI,"ŞCOALA FÎNTÂNI",361,NICOREŞTI,76807,1,PROV,PRCNCT,CD,CD_SV,"2021-01-21 12:30:02",480,459,21,0,137,116,21,0,527,369,128,4,5,3,49,10,40,0,2,2,0,0,0,3,16,0,1,0,0,1,0,0,0,0,0,0,0,0,0,0,0,0,0,1
18,GALAŢI,"ŞCOALA COASTA LUPEI",362,NICOREŞTI,76807,1,PROV,PRCNCT,CD,CD_SV,"2021-01-21 12:30:02",274,261,13,0,94,81,13,0,286,192,92,2,0,1,20,3,43,0,3,1,0,0,2,2,10,0,0,0,0,0,1,0,0,1,0,0,0,0,0,0,1,3,1,0
18,GALAŢI,"ŞCOALA PISCU CORBULUI",363,NICOREŞTI,76807,1,PROV,PRCNCT,CD,CD_SV,"2021-01-21 12:30:02",258,242,16,0,81,65,16,0,266,185,77,3,1,1,18,5,27,0,3,1,2,0,2,2,16,0,0,0,0,0,0,0,0,0,0,0,0,0,0,0,0,0,0,0
18,GALAŢI,"ŞCOALA MĂLURENI",364,NICOREŞTI,76807,1,PROV,PRCNCT,CD,CD_SV,"2021-01-21 12:30:02",168,157,11,0,61,50,11,0,172,111,59,2,0,3,21,5,18,1,1,2,0,0,2,0,5,0,0,0,0,0,0,0,0,0,0,0,0,0,0,0,1,0,0,0
18,GALAŢI,"ŞCOALA IONĂŞEŞTI",365,NICOREŞTI,76807,1,PROV,PRCNCT,CD,CD_SV,"2021-01-21 12:30:02",575,556,19,0,227,208,19,0,612,385,219,0,8,9,43,6,128,0,8,3,2,0,2,0,12,0,1,0,0,1,2,0,0,1,0,0,1,0,0,0,0,0,0,0
18,GALAŢI,"ŞCOALA DOBRINEŞTI.",366,NICOREŞTI,76807,1,PROV,PRCNCT,CD,CD_SV,"2021-01-21 12:30:02",471,405,66,0,198,132,66,0,447,249,185,8,5,2,21,13,118,0,1,1,0,0,1,1,19,0,0,0,0,1,1,0,0,1,1,0,0,1,0,1,0,0,1,1
18,GALAŢI,"CĂMIN CULTURAL OANCEA",367,OANCEA,76932,1,PROV,PRCNCT,CD,CD_SV,"2021-01-21 12:30:02",1603,1529,74,0,490,416,74,0,1670,1180,472,12,6,30,120,10,246,1,9,3,6,1,6,3,20,1,0,1,3,0,1,0,0,2,0,3,2,0,1,1,0,2,0,0
18,GALAŢI,"SCOALA NR.1 PECHEA",368,PECHEA,76969,1,PROV,PRCNCT,CD,CD_SV,"2021-01-21 12:30:02",1288,1263,25,0,352,327,25,0,1389,1037,343,2,7,10,126,38,67,1,34,2,2,0,7,8,34,2,1,0,0,0,1,0,0,0,0,0,1,0,0,1,2,0,4,2
18,GALAŢI,"SCOALA NR.2 PECHEA",369,PECHEA,76969,1,PROV,PRCNCT,CD,CD_SV,"2021-01-21 12:30:02",1454,1425,27,2,343,314,27,2,1572,1229,325,8,10,7,138,32,50,2,29,1,2,0,7,1,46,0,0,0,1,0,0,0,0,0,1,2,0,0,0,1,2,0,1,2
18,GALAŢI,"SCOALA NR.3 PECHEA",370,PECHEA,76969,1,PROV,PRCNCT,CD,CD_SV,"2021-01-21 12:30:02",1475,1458,17,0,312,295,17,0,1602,1290,295,9,8,6,130,20,54,3,23,2,1,0,7,1,43,1,0,0,0,0,0,0,0,1,0,1,0,0,0,0,1,0,1,0
18,GALAŢI,"GRĂDINIŢA NR.2 PECHEA",371,PECHEA,76969,1,PROV,PRCNCT,CD,CD_SV,"2021-01-21 12:30:02",1316,1297,19,0,299,280,19,0,1427,1128,286,6,7,5,126,18,62,1,23,1,3,1,7,3,25,1,0,1,0,0,1,0,0,0,1,1,0,0,0,0,1,1,2,2
18,GALAŢI,"CĂMINUL CULTURAL PECHEA",372,PECHEA,76969,1,PROV,PRCNCT,CD,CD_SV,"2021-01-21 12:30:02",1950,1928,22,0,395,373,22,0,2122,1727,381,7,7,12,151,29,56,0,45,4,2,3,10,3,57,0,0,1,0,0,0,1,0,1,0,0,0,0,0,0,1,3,1,1
18,GALAŢI,"SCOALA NR.4 PECHEA",373,PECHEA,76969,2,PART,PRCNCT,CD,CD_SV,"2021-01-21 12:30:02",1756,1736,20,0,401,381,20,0,1912,1511,379,10,12,13,172,17,28,1,37,10,4,0,14,4,55,0,2,0,2,0,2,1,0,1,0,2,0,0,0,0,10,2,2,0
18,GALAŢI,"CĂMIN CULTURAL PISCU",374,PISCU,76996,1,PROV,PRCNCT,CD,CD_SV,"2021-01-21 12:30:02",1188,1161,25,2,325,298,25,2,1274,949,317,2,6,8,135,36,54,4,6,2,0,2,6,1,49,0,0,1,0,0,0,0,0,2,0,1,0,0,0,1,1,1,5,2
18,GALAŢI,"SCOALA GIMNAZIALĂ ”DIMITRIE LUCHIAN ”CORP B , PISCU",375,PISCU,76996,1,PROV,PRCNCT,CD,CD_SV,"2021-01-21 12:30:02",965,927,32,6,294,256,32,6,1029,735,284,6,4,5,129,36,40,3,3,0,2,0,7,3,50,2,1,0,0,0,0,1,0,0,0,0,0,1,0,0,1,0,0,0
18,GALAŢI,"SCOALA GIMNAZIALĂ ” STEFAN CEL MARE” PISCU",376,PISCU,76996,1,PROV,PRCNCT,CD,CD_SV,"2021-01-21 12:30:02",1505,1471,30,4,436,402,30,4,1628,1192,425,7,4,23,166,45,58,8,24,2,2,1,14,7,65,0,1,0,0,0,0,0,0,0,1,0,0,0,1,0,0,0,6,1
18,GALAŢI,"ȘCOALA PRIMARĂ VAMEȘ",377,PISCU,76996,1,PROV,PRCNCT,CD,CD_SV,"2021-01-21 12:30:02",445,430,15,0,124,109,15,0,474,350,120,3,1,4,60,4,15,7,3,0,2,1,6,2,9,2,0,0,0,0,0,0,1,0,0,1,1,0,0,1,0,0,1,0
18,GALAŢI,"SCOALA GIMNAZIALA NR.1 COMUNA POIANA,JUDETUL GALATI",378,POIANA,77587,1,PROV,PRCNCT,CD,CD_SV,"2021-01-21 12:30:02",1064,980,46,38,518,434,46,38,1123,605,494,16,8,17,312,8,84,3,2,3,4,0,12,0,36,1,1,0,1,0,1,0,0,1,0,1,0,1,1,1,2,1,0,1
18,GALAŢI,"SCOALA PRIMARA NR.1 SAT VISINA, COMUNA POIANA, JUDETUL GALATI",379,POIANA,77587,1,PROV,PRCNCT,CD,CD_SV,"2021-01-21 12:30:02",424,379,25,20,246,201,25,20,435,189,233,8,5,6,154,8,27,0,7,0,6,0,9,1,11,0,0,0,0,0,0,1,0,0,0,0,0,0,0,1,1,0,1,0
18,GALAŢI,"SCOALA GIMNAZIALĂ",380,PRIPONEŞTI,77028,1,PROV,PRCNCT,CD,CD_SV,"2021-01-21 12:30:02",765,745,11,9,203,183,11,9,834,631,192,5,6,4,87,10,59,2,5,2,2,1,5,5,6,0,0,0,0,0,0,0,0,0,0,1,0,2,0,1,0,0,0,0
18,GALAŢI,"ȘCOALA GIMNAZIALĂ NR. 1",381,PRIPONEŞTI,77028,1,PROV,PRCNCT,CD,CD_SV,"2021-01-21 12:30:02",903,816,76,11,320,233,76,11,899,579,312,5,3,26,148,18,64,2,6,1,5,0,5,1,29,2,0,0,1,0,0,1,0,1,0,0,0,1,1,0,0,0,0,0
18,GALAŢI,"ȘCOALA PRIMARĂ",382,PRIPONEŞTI,77028,1,PROV,PRCNCT,CD,CD_SV,"2021-01-21 12:30:02",190,174,13,3,64,48,13,3,192,128,63,1,0,2,38,4,7,0,3,0,0,0,0,0,6,0,0,0,0,0,0,0,0,0,1,0,1,0,0,0,1,0,0,0
18,GALAŢI,"CĂMINUL CULTURAL RĂDEŞTI",383,RĂDEŞTI,77561,1,PROV,PRCNCT,CD,CD_SV,"2021-01-21 12:30:02",945,884,49,12,427,366,49,12,993,566,396,21,10,3,261,7,50,1,3,0,6,1,9,2,37,1,2,0,1,1,1,0,0,2,1,0,0,1,0,1,3,1,1,0
18,GALAŢI,"GRĂDINIŢA CRUCEANU",384,RĂDEŞTI,77561,1,PROV,PRCNCT,CD,CD_SV,"2021-01-21 12:30:02",255,247,8,0,111,103,8,0,270,159,98,5,8,2,75,2,5,0,1,0,0,0,3,0,9,0,0,0,0,0,0,0,0,0,0,0,0,0,0,0,1,0,0,0
18,GALAŢI,"FOSTA GRADINITA NR. 1 REDIU",385,REDIU,77082,1,PROV,PRCNCT,CD,CD_SV,"2021-01-21 12:30:02",1389,1220,97,72,553,404,97,52,1420,867,525,16,12,39,133,8,242,1,41,4,4,2,8,1,25,1,1,0,1,0,1,0,0,2,0,3,2,0,0,0,2,1,1,2
18,GALAŢI,"SCOALA NR1 PLEVNA",386,REDIU,77082,1,PROV,PRCNCT,CD,CD_SV,"2021-01-21 12:30:02",489,433,44,12,224,168,44,12,485,261,217,6,1,8,65,5,89,2,25,0,2,0,1,2,10,0,3,0,0,0,0,0,0,0,0,2,0,0,0,1,0,1,1,0
18,GALAŢI,"CAMINUL CULTURAL",387,SCÂNTEIEŞTI,77126,1,PROV,PRCNCT,CD,CD_SV,"2021-01-21 12:30:02",778,724,38,16,244,190,38,16,799,555,237,4,3,20,90,16,70,0,9,3,1,0,5,3,14,1,2,0,0,1,1,0,0,0,0,1,0,0,0,0,0,0,0,0
18,GALAŢI,"CAMINUL CULTURAL",388,SCÂNTEIEŞTI,77126,1,PROV,PRCNCT,CD,CD_SV,"2021-01-21 12:30:02",1283,1238,32,13,378,333,32,13,1376,998,344,19,15,25,146,13,71,2,29,5,2,0,14,6,22,1,0,0,0,0,0,0,1,2,0,0,0,0,2,0,3,0,0,0
18,GALAŢI,"GRADINITA DE COPII SCHELA",389,SCHELA,77153,1,PROV,PRCNCT,CD,CD_SV,"2021-01-21 12:30:02",1474,1416,58,0,517,459,58,0,1562,1045,502,7,8,100,159,29,86,0,39,5,1,3,6,2,37,0,0,0,0,0,1,0,1,1,1,0,0,1,1,0,0,0,27,2
18,GALAŢI,"GRADINITA DE COPII SCHELA",390,SCHELA,77153,1,PROV,PRCNCT,CD,CD_SV,"2021-01-21 12:30:02",1224,1186,38,0,432,394,38,0,1307,875,421,5,6,77,122,31,70,0,25,6,2,5,9,0,45,2,1,0,0,0,0,0,0,1,0,1,0,0,1,0,0,0,22,1
18,GALAŢI,"AȘEZĂMÂNTUL CULTURAL NEGREA",391,SCHELA,77153,1,PROV,PRCNCT,CD,CD_SV,"2021-01-21 12:30:02",573,540,33,0,208,175,33,0,595,387,196,7,5,14,71,3,57,0,9,3,1,0,2,0,10,0,0,0,1,0,0,0,1,0,0,0,0,0,0,0,1,1,21,1
18,GALAŢI,"SCOALA GIMNAZIALA SLOBOZIA-CONACHI",392,"SLOBOZIA CONACHI",77180,1,PROV,PRCNCT,CD,CD_SV,"2021-01-21 12:30:02",1465,1366,85,14,426,327,85,14,1506,1080,415,8,3,13,231,30,76,2,15,0,3,1,9,0,30,0,1,0,0,0,0,0,0,1,0,1,0,0,0,1,0,0,1,0
18,GALAŢI,"CENTRUL DE FORMARE PROFESIONALA",393,"SLOBOZIA CONACHI",77180,1,PROV,PRCNCT,CD,CD_SV,"2021-01-21 12:30:02",1291,1240,40,11,367,316,40,11,1364,997,355,8,4,10,201,16,66,1,16,0,1,1,11,1,23,0,0,0,1,0,0,0,0,0,0,1,0,0,0,1,0,1,3,1
18,GALAŢI,"SCOALA GIMNAZIALA IZVOARELE",394,"SLOBOZIA CONACHI",77180,1,PROV,PRCNCT,CD,CD_SV,"2021-01-21 12:30:02",846,804,30,12,262,220,30,12,897,635,249,7,6,2,132,23,17,4,9,2,3,2,2,0,47,1,0,0,0,0,1,0,0,0,0,0,0,0,0,0,1,0,3,0
18,GALAŢI,"SCOALA GENERALĂ ”SFÂNTA CUVIOASĂ PARASCHEVA” SMÎRDAN",395,SMÂRDAN,77224,1,PROV,PRCNCT,CD,CD_SV,"2021-01-21 12:30:02",1489,1435,53,1,464,410,53,1,1583,1119,449,12,3,11,135,180,52,2,15,4,1,3,6,4,28,0,0,0,2,0,0,0,0,0,1,0,0,0,0,0,1,0,4,0
18,GALAŢI,"ŞCOALA GENERALĂ ”SFÂNTA CUVIOASĂ PARASCHEVA” SMÂRDAN",396,SMÂRDAN,77224,1,PROV,PRCNCT,CD,CD_SV,"2021-01-21 12:30:02",1200,1153,47,0,355,308,47,0,1283,928,351,2,2,14,106,144,20,2,7,0,2,5,7,6,29,1,0,0,0,0,0,0,0,0,0,0,0,0,1,0,1,0,6,0
18,GALAŢI,"SCOALA GIMNAZIALĂ ”MIHAIL ŞI GAVRIL” M.KOGĂLNICEANU",397,SMÂRDAN,77224,1,PROV,PRCNCT,CD,CD_SV,"2021-01-21 12:30:02",944,913,31,0,281,250,31,0,1002,721,273,4,4,23,56,122,25,1,14,0,0,0,3,1,22,0,1,0,1,0,0,0,1,1,0,0,0,0,0,1,1,0,0,0
18,GALAŢI,"SCOALA PRIMARĂ NR.1 CIŞMELE",398,SMÂRDAN,77224,1,PROV,PRCNCT,CD,CD_SV,"2021-01-21 12:30:02",1244,1228,16,0,346,330,16,0,1352,1006,333,7,6,10,129,95,32,2,9,4,3,0,7,3,29,0,0,0,3,0,0,0,0,0,1,0,0,1,0,1,0,1,3,0
18,GALAŢI,"GRADINITA SMULTI",399,SMULŢI,77260,1,PROV,PRCNCT,CD,CD_SV,"2021-01-21 12:30:02",1195,1120,36,39,414,339,36,39,1235,821,388,11,15,11,207,8,58,3,41,2,4,0,14,1,24,4,1,0,2,0,1,0,0,0,1,3,0,0,1,0,1,1,0,0
18,GALAŢI,"CĂMINUL CULTURAL SUCEVENI",400,SUCEVENI,77288,1,PROV,PRCNCT,CD,CD_SV,"2021-01-21 12:30:02",1029,929,67,33,414,314,67,33,1025,611,402,7,5,35,189,17,45,1,32,1,3,1,9,1,50,1,2,0,1,0,3,0,0,3,2,0,1,0,0,0,0,0,4,1
18,GALAŢI,"SCOALA GIMNAZIALĂ ROGOJENI",401,SUCEVENI,77288,1,PROV,PRCNCT,CD,CD_SV,"2021-01-21 12:30:02",488,441,30,17,233,186,30,17,489,256,224,6,3,25,145,3,24,0,11,2,0,0,2,0,6,1,0,0,0,0,0,1,0,1,2,0,0,0,0,0,0,0,1,0
18,GALAŢI,"SCOALA GIMNAZIALĂ NR.1 SUHURLUI",402,SUHURLUI,77601,1,PROV,PRCNCT,CD,CD_SV,"2021-01-21 12:30:02",1187,1123,55,9,404,340,55,9,1243,839,382,14,8,19,91,9,160,3,14,6,6,4,8,2,42,3,1,0,0,2,0,0,2,1,0,2,1,0,0,1,0,2,2,1
18,GALAŢI,"SCOALA GIMNAZIALA NR. 1",403,ŞENDRENI,75114,1,PROV,PRCNCT,CD,CD_SV,"2021-01-21 12:30:02",1831,1774,49,8,587,530,49,8,1960,1373,578,8,1,27,228,125,108,1,21,1,0,4,12,4,27,0,0,0,0,0,1,1,2,0,0,1,0,0,0,0,1,0,9,5
18,GALAŢI,"SCOALA GIMNAZIALA NR. 1",404,ŞENDRENI,75114,1,PROV,PRCNCT,CD,CD_SV,"2021-01-21 12:30:02",1250,1201,42,7,417,368,42,7,1326,909,409,6,2,11,165,77,77,1,10,3,4,7,13,4,30,0,0,1,0,0,0,0,0,1,0,1,1,0,0,0,0,0,2,1
18,GALAŢI,"GRADINITA MOVILENI",405,ŞENDRENI,75114,1,PROV,PRCNCT,CD,CD_SV,"2021-01-21 12:30:02",575,554,21,0,184,163,21,0,608,424,181,2,1,11,67,13,36,3,7,2,2,1,1,3,28,0,1,0,2,0,0,0,0,0,1,0,0,0,0,0,2,1,0,0
18,GALAŢI,"GRADINITA SERBESTII VECHI",406,ŞENDRENI,75114,1,PROV,PRCNCT,CD,CD_SV,"2021-01-21 12:30:02",744,720,24,0,244,220,24,0,799,555,236,3,5,31,79,21,43,1,5,2,2,0,10,0,35,1,2,0,0,0,0,0,0,0,0,0,0,0,1,0,1,0,1,1
18,GALAŢI,"ŞCOALA GIMNAZIALĂ NR. 1(ŞCOALA GENERALA DE 8 CLASETUDOR VLADIMIRESCU MOARĂ)",407,"TUDOR VLADIMIRESCU",77313,1,PROV,PRCNCT,CD,CD_SV,"2021-01-21 12:30:02",821,796,25,0,204,179,25,0,875,671,191,9,4,13,74,6,42,4,3,4,1,0,0,2,37,0,2,0,1,0,0,0,0,0,0,0,0,0,0,0,1,0,1,0
18,GALAŢI,"GRĂDINIŢA TUDOR VLADIMIRESCU,",408,"TUDOR VLADIMIRESCU",77313,1,PROV,PRCNCT,CD,CD_SV,"2021-01-21 12:30:02",1430,1385,45,0,408,363,45,0,1530,1122,397,6,5,38,154,26,88,4,16,8,2,1,6,8,30,1,1,1,0,0,1,0,0,1,1,0,0,1,1,1,5,0,0,2
18,GALAŢI,"SCOALA GENERALA DE 4 ANI - PRIVAL",409,"TUDOR VLADIMIRESCU",77313,1,PROV,PRCNCT,CD,CD_SV,"2021-01-21 12:30:02",968,933,35,0,317,282,35,0,1024,707,303,10,4,18,134,18,53,3,8,1,5,1,6,7,34,1,0,0,2,0,1,0,0,1,0,1,0,0,1,2,2,1,2,1
18,GALAŢI,"LICEUL TEHNOLOGIC ”TUDOR VLADIMIRESCU”",410,"TUDOR VLADIMIRESCU",77313,2,PART,PRCNCT,CD,CD_SV,"2021-01-21 12:30:02",1197,1172,24,1,309,284,24,1,1290,981,300,7,2,14,124,15,58,1,17,3,2,0,4,10,45,0,0,0,0,0,0,2,0,1,0,0,0,0,0,0,1,0,3,0
18,GALAŢI,"GRADINITA TULUCESTI",411,TULUCEŞTI,77331,1,PROV,PRCNCT,CD,CD_SV,"2021-01-21 12:30:02",1881,1836,37,8,493,448,37,8,2031,1538,476,8,9,14,181,57,120,3,12,8,8,1,16,2,37,2,0,0,1,1,1,0,0,2,0,0,0,0,0,0,3,1,5,1
18,GALAŢI,"SCOALA TULUCESTI",412,TULUCEŞTI,77331,1,PROV,PRCNCT,CD,CD_SV,"2021-01-21 12:30:02",1818,1779,31,8,476,437,31,8,1974,1498,459,7,10,13,168,56,99,2,25,4,2,0,5,4,63,1,2,2,0,2,0,0,0,0,0,1,0,0,1,1,1,1,6,0
18,GALAŢI,"SCOALA TATARCA",413,TULUCEŞTI,77331,1,PROV,PRCNCT,CD,CD_SV,"2021-01-21 12:30:02",682,665,15,2,155,138,15,2,732,577,140,9,6,7,52,12,29,1,10,1,0,2,4,1,16,0,0,1,0,0,0,0,0,1,0,0,0,0,0,1,0,1,1,0
18,GALAŢI,"SCOALA SIVITA",414,TULUCEŞTI,77331,1,PROV,PRCNCT,CD,CD_SV,"2021-01-21 12:30:02",1066,1038,21,7,326,298,21,7,1152,826,308,10,8,15,152,31,35,0,21,0,2,0,8,1,32,2,0,0,0,1,0,0,0,0,0,1,0,0,0,2,1,0,4,0
18,GALAŢI,"ŞCOALA VECHE ŞIVIŢA",415,TULUCEŞTI,77331,1,PROV,PRCNCT,CD,CD_SV,"2021-01-21 12:30:02",1057,1029,26,2,296,268,26,2,1138,842,282,8,6,20,100,33,66,0,9,5,2,0,6,3,26,0,0,1,1,0,0,0,0,1,0,0,0,0,0,1,2,0,6,0
18,GALAŢI,"SCOALA TUDOR PAMFILE",416,ŢEPU,77377,1,PROV,PRCNCT,CD,CD_SV,"2021-01-21 12:30:02",1227,1113,98,16,628,514,98,16,1243,615,594,21,13,32,342,14,117,2,13,4,7,0,6,3,37,0,2,2,0,0,2,0,0,1,1,2,0,0,2,0,3,2,0,0
18,GALAŢI,"GRĂDINIŢA PROFESOR IOAN BASOC",417,ŢEPU,77377,1,PROV,PRCNCT,CD,CD_SV,"2021-01-21 12:30:02",883,821,42,20,429,367,42,20,923,494,405,15,9,2,254,9,70,1,17,3,4,0,11,2,24,0,0,1,1,0,0,0,0,1,0,0,0,0,0,2,2,0,0,1
18,GALAŢI,"ȘCOALA GIMNAZIALĂ NR. 1 UMBRĂREȘTI",418,UMBRĂREŞTI,77402,1,PROV,PRCNCT,CD,CD_SV,"2021-01-21 12:30:02",1700,1689,11,0,387,376,11,0,1869,1482,356,25,6,4,144,14,98,1,13,3,3,0,5,2,42,2,2,1,2,2,0,0,0,0,1,1,2,0,0,1,8,0,2,3
18,GALAŢI,"ȘCOALA GIMNAZIALĂ „ SFÂNTUL STELIAN” UMBRĂREȘTI - DEAL",419,UMBRĂREŞTI,77402,1,PROV,PRCNCT,CD,CD_SV,"2021-01-21 12:30:02",1201,1189,12,0,304,292,12,0,1309,1005,291,13,0,10,125,18,70,1,10,0,5,0,6,1,42,0,0,0,0,0,0,0,0,0,0,1,0,0,0,0,0,1,0,1
18,GALAŢI,"ȘCOALA GIMNAZIALĂ „ SFÂNTUL STELIAN„ UMBRĂREȘTI - DEAL",420,UMBRĂREŞTI,77402,1,PROV,PRCNCT,CD,CD_SV,"2021-01-21 12:30:02",855,838,17,0,230,213,17,0,925,695,225,5,0,1,84,17,71,1,6,2,2,0,6,2,22,1,1,0,0,0,0,0,1,0,0,1,0,0,0,1,1,1,2,2
18,GALAŢI,"ȘCOALA GIMNAZIALĂ TORCEȘTI",421,UMBRĂREŞTI,77402,1,PROV,PRCNCT,CD,CD_SV,"2021-01-21 12:30:02",601,588,13,0,218,205,13,0,655,437,210,4,4,5,85,5,47,4,8,1,5,1,4,0,38,2,0,0,1,0,0,0,0,0,0,0,0,2,0,1,0,0,1,0
18,GALAŢI,"ȘCOALA GIMNAZIALĂ CONDREA",422,UMBRĂREŞTI,77402,1,PROV,PRCNCT,CD,CD_SV,"2021-01-21 12:30:02",580,564,16,0,178,162,16,0,627,449,161,12,5,6,40,9,39,1,16,1,0,1,2,0,35,0,1,0,0,0,0,0,0,1,1,1,0,1,3,0,0,3,0,0
18,GALAŢI,"ȘCOALA GIMNAZIALĂ SALCIA",423,UMBRĂREŞTI,77402,1,PROV,PRCNCT,CD,CD_SV,"2021-01-21 12:30:02",718,707,11,0,180,169,11,0,783,603,162,14,4,9,52,4,42,0,17,1,1,0,3,4,22,0,1,0,0,0,0,0,0,0,0,0,0,1,0,0,2,1,1,1
18,GALAŢI,"IMOBIL PROPRIETATE CLINCIU MARIA",424,UMBRĂREŞTI,77402,1,PROV,PRCNCT,CD,CD_SV,"2021-01-21 12:30:02",278,265,13,0,100,87,13,0,296,196,97,2,1,2,46,6,29,2,3,0,0,1,1,1,3,0,0,0,0,0,0,0,0,0,1,0,0,1,0,0,1,0,0,0
18,GALAŢI,"ȘCOALA GIMNAZIALĂ NR.1",425,"VALEA MĂRULUI",77475,2,PART,PRCNCT,CD,CD_SV,"2021-01-21 12:30:02",1009,949,27,33,296,236,27,33,1081,785,289,4,3,6,143,40,44,0,7,2,4,0,7,3,26,0,0,0,0,0,0,0,0,0,0,3,0,1,0,0,2,0,1,0
18,GALAŢI,"ȘCOALA GIMNAZIALĂ NR. 1",426,"VALEA MĂRULUI",77475,1,PROV,PRCNCT,CD,CD_SV,"2021-01-21 12:30:02",809,776,15,18,205,174,15,16,872,667,198,5,2,4,108,11,20,0,9,3,2,0,3,0,28,0,0,0,2,1,0,1,0,1,1,1,0,0,0,0,0,1,1,1
18,GALAŢI,"ȘCOALA COASTA VĂII",427,"VALEA MĂRULUI",77475,1,PROV,PRCNCT,CD,CD_SV,"2021-01-21 12:30:02",398,387,11,0,89,78,11,0,425,336,85,4,0,3,25,15,16,0,5,0,1,0,1,0,14,1,0,0,0,0,0,0,0,0,1,0,0,1,0,1,1,0,0,0
18,GALAŢI,"ȘCOALA MÎNDRESTI",428,"VALEA MĂRULUI",77475,1,PROV,PRCNCT,CD,CD_SV,"2021-01-21 12:30:02",808,757,20,31,268,217,20,31,871,603,257,5,6,1,159,15,32,2,4,3,4,0,5,2,18,3,0,0,1,0,0,0,1,1,0,1,1,2,0,0,0,1,0,1
18,GALAŢI,"SCOALA SFINTUL NICOLAE",429,VÂNĂTORI,75150,1,PROV,PRCNCT,CD,CD_SV,"2021-01-21 12:30:02",1283,1217,66,0,451,385,66,0,1342,891,446,2,3,28,168,63,104,1,21,9,7,0,7,1,33,0,0,0,0,0,1,0,0,1,0,1,0,0,0,0,0,0,1,0
18,GALAŢI,"SCOALA SFINTUL NICOLAE",430,VÂNĂTORI,75150,1,PROV,PRCNCT,CD,CD_SV,"2021-01-21 12:30:02",1256,1184,72,0,460,388,72,0,1317,857,449,7,4,18,160,60,85,1,34,2,4,0,9,5,58,0,1,0,0,0,1,0,0,0,0,2,0,0,0,1,0,0,7,1
18,GALAŢI,"SCOALA GIMNAZIALA MARIA GRECU ODAIA MANOLACHE",431,VÂNĂTORI,75150,1,PROV,PRCNCT,CD,CD_SV,"2021-01-21 12:30:02",1688,1664,24,0,466,442,24,0,1832,1366,448,12,6,16,192,74,55,2,24,2,4,1,8,4,53,0,0,0,0,1,0,0,1,1,1,1,0,0,2,0,1,2,3,0
18,GALAŢI,"GRADINITA COPII",432,VÂNĂTORI,75150,1,PROV,PRCNCT,CD,CD_SV,"2021-01-21 12:30:02",1365,1273,86,6,515,423,86,6,1399,884,510,4,1,31,145,124,102,1,37,5,1,0,3,4,51,0,0,0,0,0,0,1,0,0,0,0,0,0,0,0,2,0,2,1
18,GALAŢI,"SCOALA GIMNAZIALĂ VÎRLEZI",433,VÂRLEZI,77509,1,PROV,PRCNCT,CD,CD_SV,"2021-01-21 12:30:02",989,872,65,52,466,355,65,46,965,499,439,13,14,3,249,12,113,0,9,2,2,0,16,0,22,2,0,0,1,0,1,0,0,0,0,1,1,1,0,1,2,1,0,0
18,GALAŢI,"GRĂDINIŢA CRĂIEŞTI",434,VÂRLEZI,77509,1,PROV,PRCNCT,CD,CD_SV,"2021-01-21 12:30:02",700,643,36,21,340,287,36,17,707,367,320,7,13,6,180,15,72,1,3,1,5,0,10,2,12,1,2,1,0,0,0,0,0,4,0,0,0,0,0,1,1,1,1,1
18,GALAŢI,"CAMINUL CULTURAL",435,VLĂDEŞTI,77536,1,PROV,PRCNCT,CD,CD_SV,"2021-01-21 12:30:02",1306,1218,62,26,404,316,62,26,1370,966,373,15,16,15,195,12,81,1,25,8,2,0,4,2,21,1,0,1,0,1,0,0,1,0,0,0,0,0,0,0,2,1,0,0
18,GALAŢI,"ȘCOALA GIMNAZIALĂ BRĂNEȘTI",436,VLĂDEŞTI,77536,1,PROV,PRCNCT,CD,CD_SV,"2021-01-21 12:30:02",908,830,62,16,305,227,62,16,937,632,283,13,9,6,133,8,82,2,13,3,4,0,4,2,17,2,2,0,0,1,0,0,0,1,1,0,0,0,1,0,0,1,0,0
