precinct_county_nce,precinct_county_name,precinct_name,precinct_nr,uat_name,uat_siruta,report_version,report_stage_code,report_type_scope_code,report_type_category_code,report_type_code,created_at,a,a1,a2,a3,b,b1,b2,b3,c,d,e,f,g,"UNIUNEA DEMOCRATĂ MAGHIARĂ DIN ROMÂNIA-voturi","PARTIDUL SOCIAL DEMOCRAT-voturi","PARTIDUL PRO ROMÂNIA-voturi","ALIANȚA USR PLUS-voturi","PARTIDUL NAȚIONAL LIBERAL-voturi","PARTIDUL MIȘCAREA POPULARĂ-voturi","ALTERNATIVA DREAPTĂ-voturi","PARTIDUL PUTERII UMANISTE (SOCIAL-LIBERAL)-voturi","PARTIDUL NOUA ROMÂNIE-voturi","ALIANȚA RENAȘTEREA NAȚIONALĂ-voturi","ALIANȚA PENTRU UNIREA ROMÂNILOR-voturi","PARTIDUL ROMÂNIA MARE-voturi","PARTIDUL SOCIALIST ROMÂN-voturi","PARTIDUL ECOLOGIST ROMÂN-voturi"
13,CLUJ,"COLEGIUL ECONOMIC ”IULIAN POP”",1,"MUNICIPIUL CLUJ-NAPOCA",54975,1,PROV,PRCNCT,S,S_SV,"2021-01-21 12:30:02",731,684,47,0,53,6,47,0,757,704,52,1,0,3,5,3,18,12,3,1,0,0,1,4,2,0,0
13,CLUJ,"COLEGIUL ECONOMIC ”IULIAN POP”",2,"MUNICIPIUL CLUJ-NAPOCA",54975,1,PROV,PRCNCT,S,S_SV,"2021-01-21 12:30:02",1170,1148,20,2,414,392,20,2,1262,848,410,2,2,75,49,12,123,114,7,0,2,0,3,12,5,1,7
13,CLUJ,"COLEGIUL TEHNIC DE TELECOMUNICATII ”AUGUSTIN MAIOR”,",3,"MUNICIPIUL CLUJ-NAPOCA",54975,1,PROV,PRCNCT,S,S_SV,"2021-01-21 12:30:02",1623,1539,35,49,594,510,35,49,1708,1114,588,6,0,89,62,17,183,174,18,0,8,1,8,23,1,0,4
13,CLUJ,"COLEGIUL TEHNIC DE TELECOMUNICATII ”AUGUSTIN MAIOR”,",4,"MUNICIPIUL CLUJ-NAPOCA",54975,1,PROV,PRCNCT,S,S_SV,"2021-01-21 12:30:02",1428,1387,36,5,582,541,36,5,1434,852,578,3,1,119,65,4,201,140,11,1,3,0,2,21,3,4,4
13,CLUJ,"ŞCOALA ”ION CREANGĂ” ,",5,"MUNICIPIUL CLUJ-NAPOCA",54975,1,PROV,PRCNCT,S,S_SV,"2021-01-21 12:30:02",1081,1034,47,0,458,411,47,0,1148,690,450,6,2,54,57,11,126,150,13,2,1,2,12,15,0,0,7
13,CLUJ,"ŞCOALA ”ION CREANGĂ” ,",6,"MUNICIPIUL CLUJ-NAPOCA",54975,1,PROV,PRCNCT,S,S_SV,"2021-01-21 12:30:02",1524,1502,20,2,550,528,20,2,1660,1110,547,1,2,70,102,13,138,170,11,5,6,0,2,20,2,4,4
13,CLUJ,"ŞCOALA ”ION CREANGĂ” ,",7,"MUNICIPIUL CLUJ-NAPOCA",54975,1,PROV,PRCNCT,S,S_SV,"2021-01-21 12:30:02",1233,1221,10,2,409,397,10,2,1342,933,405,4,0,45,41,20,99,147,11,0,6,2,4,20,1,1,8
13,CLUJ,"GRADINITA DUMBRAVA MINUNATA",8,"MUNICIPIUL CLUJ-NAPOCA",54975,1,PROV,PRCNCT,S,S_SV,"2021-01-21 12:30:02",1270,1242,26,2,404,376,26,2,1366,962,399,5,0,56,43,10,100,133,13,0,7,1,8,19,1,1,7
13,CLUJ,"GRADINITA ”DUMBRAVA MINUNATĂ”",9,"MUNICIPIUL CLUJ-NAPOCA",54975,1,PROV,PRCNCT,S,S_SV,"2021-01-21 12:30:02",1568,1549,17,2,575,556,17,2,1706,1131,565,6,4,81,67,10,150,181,21,1,6,1,10,21,3,3,10
13,CLUJ,"GRĂDINIŢA ”DUMBRAVA MINUNATĂ” (FOSTA 66),",10,"MUNICIPIUL CLUJ-NAPOCA",54975,1,PROV,PRCNCT,S,S_SV,"2021-01-21 12:30:02",1540,1510,26,4,486,456,26,4,1663,1177,481,4,1,58,49,6,124,172,23,1,4,2,2,24,5,1,10
13,CLUJ,"ŞCOALA ”IULIU HAŢIEGANU” (FOSTĂ NR.21)",11,"MUNICIPIUL CLUJ-NAPOCA",54975,1,PROV,PRCNCT,S,S_SV,"2021-01-21 12:30:02",923,885,38,0,292,254,38,0,983,691,290,1,1,31,42,13,70,96,11,0,4,1,3,10,2,3,4
13,CLUJ,"ŞCOALA ”IULIU HAŢIEGANU” (FOSTĂ NR.21)",12,"MUNICIPIUL CLUJ-NAPOCA",54975,1,PROV,PRCNCT,S,S_SV,"2021-01-21 12:30:02",930,904,25,1,342,316,25,1,992,650,339,3,0,32,64,8,83,114,9,2,1,0,8,10,3,0,5
13,CLUJ,"ŞCOALA ”IULIU HAŢIEGANU” (FOSTĂ NR.21)",13,"MUNICIPIUL CLUJ-NAPOCA",54975,1,PROV,PRCNCT,S,S_SV,"2021-01-21 12:30:02",1631,1598,26,7,680,647,26,7,1757,1077,678,2,0,32,55,11,277,217,19,2,7,0,20,26,2,0,10
13,CLUJ,"ŞCOALA ”IULIU HAŢIEGANU” (FOSTĂ NR.21)",14,"MUNICIPIUL CLUJ-NAPOCA",54975,1,PROV,PRCNCT,S,S_SV,"2021-01-21 12:30:02",1702,1666,32,4,695,659,32,4,1834,1139,692,2,1,30,44,10,357,177,29,4,1,2,6,28,1,0,3
13,CLUJ,"ŞCOALA ”IULIU HAŢIEGANU” (FOSTĂ NR.21)",15,"MUNICIPIUL CLUJ-NAPOCA",54975,1,PROV,PRCNCT,S,S_SV,"2021-01-21 12:30:02",1469,1448,18,3,489,468,18,3,1586,1097,487,2,0,60,52,16,150,151,16,1,10,0,7,16,1,2,5
13,CLUJ,"ŞCOALA ”IULIU HAŢIEGANU” (FOSTĂ NR.21)",16,"MUNICIPIUL CLUJ-NAPOCA",54975,1,PROV,PRCNCT,S,S_SV,"2021-01-21 12:30:02",1624,1604,18,2,572,552,18,2,1769,1197,562,8,2,52,78,16,176,177,18,1,2,2,4,24,4,2,6
13,CLUJ,"ŞCOALA ”IULIU HAŢIEGANU” (FOSTĂ NR.21)",17,"MUNICIPIUL CLUJ-NAPOCA",54975,1,PROV,PRCNCT,S,S_SV,"2021-01-21 12:30:02",1475,1456,17,2,510,491,17,2,1601,1091,507,3,0,38,72,10,143,184,19,1,8,1,8,15,1,0,7
13,CLUJ,"GRĂDINIŢA ”ALBINUŢA” (FOSTĂ CĂSUŢA POVEŞTILOR), STR. GRIGORE ALEXANDRESCU, NR.21/A",18,"MUNICIPIUL CLUJ-NAPOCA",54975,2,PART,PRCNCT,S,S_SV,"2021-01-21 12:30:02",1649,1630,13,6,557,538,13,6,1788,1231,551,6,0,73,87,14,105,192,23,1,5,2,8,25,4,4,8
13,CLUJ,"ŞCOALA ”IULIU HAŢIEGANU” (FOSTĂ NR.21),",19,"MUNICIPIUL CLUJ-NAPOCA",54975,1,PROV,PRCNCT,S,S_SV,"2021-01-21 12:30:02",1562,1540,22,0,508,486,22,0,1661,1153,499,5,4,55,61,4,150,167,13,2,7,3,5,19,1,2,10
13,CLUJ,"ŞCOALA ”IULIU HAŢIEGANU” (FOSTĂ NR.21),",20,"MUNICIPIUL CLUJ-NAPOCA",54975,2,PART,PRCNCT,S,S_SV,"2021-01-21 12:30:02",1868,1851,17,0,654,637,17,0,2036,1382,646,6,2,60,103,22,181,218,14,1,2,2,8,27,0,2,6
13,CLUJ,"ŞCOALA ”IULIU HAŢIEGANU” (FOSTĂ NR.21),",21,"MUNICIPIUL CLUJ-NAPOCA",54975,2,PART,PRCNCT,S,S_SV,"2021-01-21 12:30:02",1388,1369,18,1,444,425,18,1,1509,1065,441,1,2,45,57,19,142,134,20,0,5,0,3,12,0,0,4
13,CLUJ,"COLEGIUL TEHNIC NAPOCA",22,"MUNICIPIUL CLUJ-NAPOCA",54975,2,PART,PRCNCT,S,S_SV,"2021-01-21 12:30:02",1529,1471,54,4,530,472,54,4,1625,1095,523,5,0,23,87,12,128,185,14,2,4,4,5,50,1,1,7
13,CLUJ,"LICEUL CU PROGRAM SPORTIV (FOSTA SCOALA NR.20).",23,"MUNICIPIUL CLUJ-NAPOCA",54975,1,PROV,PRCNCT,S,S_SV,"2021-01-21 12:30:02",1624,1591,33,0,618,585,33,0,1752,1134,613,5,0,39,81,18,182,213,20,4,2,0,8,32,5,0,9
13,CLUJ,"LICEUL CU PROGRAM SPORTIV (FOSTA SCOALA NR.20).",24,"MUNICIPIUL CLUJ-NAPOCA",54975,1,PROV,PRCNCT,S,S_SV,"2021-01-21 12:30:02",1579,1549,27,3,623,593,27,3,1707,1084,619,3,1,39,72,17,183,198,20,3,4,3,15,41,3,3,18
13,CLUJ,"LICEUL CU PROGRAM SPORTIV (FOSTA SCOALA NR.20).",25,"MUNICIPIUL CLUJ-NAPOCA",54975,1,PROV,PRCNCT,S,S_SV,"2021-01-21 12:30:02",1529,1510,19,0,558,539,19,0,1662,1104,554,3,1,38,62,9,147,190,21,3,11,0,7,58,0,1,7
13,CLUJ,"LICEUL TEORETIC ”EUGEN PORA”",26,"MUNICIPIUL CLUJ-NAPOCA",54975,1,PROV,PRCNCT,S,S_SV,"2021-01-21 12:30:02",1685,1639,46,0,629,583,46,0,1801,1172,629,0,0,37,77,10,194,227,31,0,5,1,9,25,3,2,8
13,CLUJ,"LICEUL TEORETIC ”EUGEN PORA”",27,"MUNICIPIUL CLUJ-NAPOCA",54975,3,PART,PRCNCT,S,S_SV,"2021-01-21 12:30:02",1602,1582,20,0,560,540,20,0,1748,1188,557,2,1,47,74,9,118,210,19,7,8,4,10,35,7,1,8
13,CLUJ,"LICEUL TEORETIC ”EUGEN PORA”",28,"MUNICIPIUL CLUJ-NAPOCA",54975,1,PROV,PRCNCT,S,S_SV,"2021-01-21 12:30:02",881,867,14,0,277,263,14,0,953,676,274,2,1,13,33,7,80,107,16,0,1,0,1,10,2,0,4
13,CLUJ,"LICEUL TEORETIC ”EUGEN PORA”",29,"MUNICIPIUL CLUJ-NAPOCA",54975,1,PROV,PRCNCT,S,S_SV,"2021-01-21 12:30:02",1699,1676,22,1,558,535,22,1,1843,1285,551,3,4,47,84,16,158,182,24,4,6,3,3,13,2,1,8
13,CLUJ,"SCOALA INTERNATIONALA ”SPECTRUM”",30,"MUNICIPIUL CLUJ-NAPOCA",54975,1,PROV,PRCNCT,S,S_SV,"2021-01-21 12:30:02",1817,1769,29,19,723,675,29,19,1910,1187,717,6,0,25,74,22,284,228,27,3,4,0,4,44,1,0,1
13,CLUJ,"SCOALA INTERNATIONALA ”SPECTRUM”",31,"MUNICIPIUL CLUJ-NAPOCA",54975,1,PROV,PRCNCT,S,S_SV,"2021-01-21 12:30:02",1439,1413,23,3,506,480,23,3,1559,1053,503,3,0,53,34,9,165,181,23,1,3,2,4,23,1,0,4
13,CLUJ,"SCOALA INTERNATIONALA ”SPECTRUM”",32,"MUNICIPIUL CLUJ-NAPOCA",54975,1,PROV,PRCNCT,S,S_SV,"2021-01-21 12:30:02",1316,1276,36,4,446,406,36,4,1406,960,439,6,1,57,37,11,125,163,20,1,5,1,3,11,2,1,2
13,CLUJ,"SCOALA INTERNATIONALA ”SPECTRUM”",33,"MUNICIPIUL CLUJ-NAPOCA",54975,1,PROV,PRCNCT,S,S_SV,"2021-01-21 12:30:02",1200,1177,20,3,417,394,20,3,1301,884,412,4,1,43,51,5,118,144,13,2,5,1,2,19,2,0,7
13,CLUJ,"LICEUL TEORETIC ”EUGEN PORA”, STR.MOGOŞOAIA NR.6",34,"MUNICIPIUL CLUJ-NAPOCA",54975,2,PART,PRCNCT,S,S_SV,"2021-01-21 12:30:02",1603,1578,25,0,487,462,25,0,1738,1251,485,1,1,39,81,15,97,182,9,1,3,5,11,27,5,3,7
13,CLUJ,"SALA SPORTURILOR ”HOREA DEMIAN”",35,"MUNICIPIUL CLUJ-NAPOCA",54975,1,PROV,PRCNCT,S,S_SV,"2021-01-21 12:30:02",942,903,37,2,382,343,37,2,1001,619,381,1,0,60,31,6,146,93,8,1,1,0,6,19,3,0,7
13,CLUJ,"SALA SPORTURILOR ”HOREA DEMIAN”",36,"MUNICIPIUL CLUJ-NAPOCA",54975,1,PROV,PRCNCT,S,S_SV,"2021-01-21 12:30:02",1408,1389,17,2,442,423,17,2,1538,1096,431,8,3,63,45,4,113,145,15,5,2,1,2,26,1,2,7
13,CLUJ,"SALA SPORTURILOR ”HOREA DEMIAN”",37,"MUNICIPIUL CLUJ-NAPOCA",54975,1,PROV,PRCNCT,S,S_SV,"2021-01-21 12:30:02",1418,1388,28,2,561,531,28,2,1524,963,560,1,0,49,45,12,213,195,14,2,1,1,8,15,0,0,5
13,CLUJ,"CENTRUL REGIONAL DE EXCELENŢĂ,",38,"MUNICIPIUL CLUJ-NAPOCA",54975,1,PROV,PRCNCT,S,S_SV,"2021-01-21 12:30:02",1630,1591,34,5,619,580,34,5,1755,1136,614,1,4,118,66,13,182,178,16,1,4,1,2,23,3,2,5
13,CLUJ,"LICEUL TEORETIC ”ONISIFOR GHIBU”,",39,"MUNICIPIUL CLUJ-NAPOCA",54975,1,PROV,PRCNCT,S,S_SV,"2021-01-21 12:30:02",1772,1744,28,0,759,731,28,0,1917,1158,755,4,0,115,95,17,251,191,30,1,5,3,1,31,2,3,10
13,CLUJ,"LICEUL TEORETIC ”ONISIFOR GHIBU”,",40,"MUNICIPIUL CLUJ-NAPOCA",54975,1,PROV,PRCNCT,S,S_SV,"2021-01-21 12:30:02",1550,1516,33,1,575,541,33,1,1664,1089,570,4,1,61,68,13,175,184,19,1,14,3,2,16,2,0,12
13,CLUJ,"LICEUL TEORETIC ”ONISIFOR GHIBU”,",41,"MUNICIPIUL CLUJ-NAPOCA",54975,1,PROV,PRCNCT,S,S_SV,"2021-01-21 12:30:02",1257,1239,14,4,523,505,14,4,1365,842,516,5,2,73,43,13,183,156,11,4,4,1,1,17,3,2,5
13,CLUJ,"LICEUL TEORETIC ”ONISIFOR GHIBU”,",42,"MUNICIPIUL CLUJ-NAPOCA",54975,1,PROV,PRCNCT,S,S_SV,"2021-01-21 12:30:02",1659,1633,24,2,631,605,24,2,1600,969,623,4,4,76,63,10,200,228,14,0,7,3,0,16,2,1,3
13,CLUJ,"LICEUL TEORETIC ”ONISIFOR GHIBU”,",43,"MUNICIPIUL CLUJ-NAPOCA",54975,1,PROV,PRCNCT,S,S_SV,"2021-01-21 12:30:02",1309,1259,46,4,497,447,46,4,1200,703,491,4,2,49,59,19,181,132,13,3,7,0,1,10,3,0,14
13,CLUJ,"GRADINIŢA” MICA SIRENA” (FOSTĂ 64),",44,"MUNICIPIUL CLUJ-NAPOCA",54975,1,PROV,PRCNCT,S,S_SV,"2021-01-21 12:30:02",1485,1461,22,2,641,617,22,2,1616,975,637,4,0,80,52,10,202,226,21,2,4,0,4,26,1,0,9
13,CLUJ,"GRADINIŢA ”LICURICI” (FOSTA STELUŢA FERMECATĂ), STR.FÂNTÂNELE NR.46",45,"MUNICIPIUL CLUJ-NAPOCA",54975,2,PART,PRCNCT,S,S_SV,"2021-01-21 12:30:02",1378,1353,22,3,528,503,22,3,1491,963,519,8,1,82,81,7,134,152,22,1,3,2,2,30,0,0,3
13,CLUJ,"GRADINIŢA ”LICURICI” (FOSTA STELUŢA FERMECATĂ), STR.FÂNTÂNELE NR.46",46,"MUNICIPIUL CLUJ-NAPOCA",54975,1,PROV,PRCNCT,S,S_SV,"2021-01-21 12:30:02",1641,1620,18,3,625,604,18,3,1790,1165,619,5,1,76,69,7,189,234,14,2,4,1,2,13,4,1,3
13,CLUJ,"INSTITUTUL DE CERCETARI ÎN CHIMIE ”RALUCA RIPAN”",47,"MUNICIPIUL CLUJ-NAPOCA",54975,1,PROV,PRCNCT,S,S_SV,"2021-01-21 12:30:02",1664,1624,37,3,632,592,37,3,1790,1158,631,1,0,86,60,16,161,239,19,3,6,0,3,26,5,1,6
13,CLUJ,"INSTITUTUL DE CERCETARI ÎN CHIMIE ”RALUCA RIPAN”",48,"MUNICIPIUL CLUJ-NAPOCA",54975,1,PROV,PRCNCT,S,S_SV,"2021-01-21 12:30:02",1470,1446,21,3,569,545,21,3,1592,1023,566,3,0,98,63,8,186,166,9,3,6,0,1,19,0,0,7
13,CLUJ,"INSTITUTUL DE CERCETARI ÎN CHIMIE” RALUCA RIPAN”,",49,"MUNICIPIUL CLUJ-NAPOCA",54975,1,PROV,PRCNCT,S,S_SV,"2021-01-21 12:30:02",1572,1522,48,2,656,606,48,2,1677,1021,652,4,0,102,72,8,209,208,17,2,6,1,5,15,4,1,2
13,CLUJ,"INSTITUTUL DE CERCETARI ÎN CHIMIE” RALUCA RIPAN”,",50,"MUNICIPIUL CLUJ-NAPOCA",54975,1,PROV,PRCNCT,S,S_SV,"2021-01-21 12:30:02",1872,1841,31,0,712,681,31,0,2030,1318,707,2,3,117,82,16,209,203,33,1,6,0,3,26,3,1,7
13,CLUJ,"LICEUL DE INFORMATICĂ „TIBERIU POPOVICIU”",51,"MUNICIPIUL CLUJ-NAPOCA",54975,1,PROV,PRCNCT,S,S_SV,"2021-01-21 12:30:02",1610,1550,39,21,656,596,39,21,1724,1068,653,2,1,50,70,19,220,208,26,4,10,1,6,33,1,1,4
13,CLUJ,"LICEUL DE INFORMATICĂ „TIBERIU POPOVICIU”",52,"MUNICIPIUL CLUJ-NAPOCA",54975,2,PART,PRCNCT,S,S_SV,"2021-01-21 12:30:02",1500,1466,34,0,576,542,34,0,1619,1043,574,2,0,38,58,16,196,201,13,2,7,2,3,22,2,3,11
13,CLUJ,"LICEUL DE INFORMATICĂ „TIBERIU POPOVICIU”",53,"MUNICIPIUL CLUJ-NAPOCA",54975,1,PROV,PRCNCT,S,S_SV,"2021-01-21 12:30:02",1626,1580,46,0,661,615,46,0,1739,1078,657,2,2,51,75,15,216,215,25,2,3,0,16,26,4,2,7
13,CLUJ,"LICEUL DE INFORMATICĂ „TIBERIU POPOVICIU”",54,"MUNICIPIUL CLUJ-NAPOCA",54975,1,PROV,PRCNCT,S,S_SV,"2021-01-21 12:30:02",1383,1344,39,0,544,505,39,0,1473,929,537,5,2,79,46,9,167,187,16,1,3,0,7,15,0,0,7
13,CLUJ,"LICEUL DE INFORMATICĂ „TIBERIU POPOVICIU”",55,"MUNICIPIUL CLUJ-NAPOCA",54975,1,PROV,PRCNCT,S,S_SV,"2021-01-21 12:30:02",1270,1247,23,0,489,466,23,0,1385,896,483,5,1,64,46,6,125,160,34,1,2,1,10,25,1,2,6
13,CLUJ,"LICEUL DE INFORMATICĂ „TIBERIU POPOVICIU”",56,"MUNICIPIUL CLUJ-NAPOCA",54975,1,PROV,PRCNCT,S,S_SV,"2021-01-21 12:30:02",2009,1969,39,1,800,760,39,1,2166,1366,792,7,1,47,54,20,359,237,22,3,7,0,16,17,1,1,8
13,CLUJ,"LICEUL DE INFORMATICĂ „TIBERIU POPOVICIU”",57,"MUNICIPIUL CLUJ-NAPOCA",54975,1,PROV,PRCNCT,S,S_SV,"2021-01-21 12:30:02",2073,2002,59,12,1018,947,59,12,2179,1161,1012,5,1,38,36,10,655,221,17,1,4,0,7,9,0,2,12
13,CLUJ,"LICEUL DE INFORMATICĂ „TIBERIU POPOVICIU”",58,"MUNICIPIUL CLUJ-NAPOCA",54975,1,PROV,PRCNCT,S,S_SV,"2021-01-21 12:30:02",2070,1995,73,2,881,806,73,2,2179,1298,872,7,2,44,68,13,402,252,31,4,4,1,11,27,1,2,12
13,CLUJ,"LICEUL DE INFORMATICĂ „TIBERIU POPOVICIU”",59,"MUNICIPIUL CLUJ-NAPOCA",54975,1,PROV,PRCNCT,S,S_SV,"2021-01-21 12:30:02",1987,1945,32,10,878,836,32,10,2139,1261,873,4,1,35,67,23,410,263,29,1,4,4,14,17,2,1,3
13,CLUJ,"ASOCIAŢIA ”CARITATEA”",60,"MUNICIPIUL CLUJ-NAPOCA",54975,1,PROV,PRCNCT,S,S_SV,"2021-01-21 12:30:02",2070,2004,63,3,1035,969,63,3,2201,1166,1023,6,6,34,56,14,492,303,54,2,4,0,26,25,1,0,12
13,CLUJ,"GRADINIŢA ”ZÎNA ZORILOR”, STR.L.PASTEUR NR.12",61,"MUNICIPIUL CLUJ-NAPOCA",54975,1,PROV,PRCNCT,S,S_SV,"2021-01-21 12:30:02",1826,1761,39,26,659,594,39,26,1940,1281,653,5,1,64,61,14,214,227,27,1,1,0,9,24,2,2,7
13,CLUJ,"FACULTATEA DE ARHITECTURĂ ŞI URBANISM, STR.OBSERVATORULUI NR.72",62,"MUNICIPIUL CLUJ-NAPOCA",54975,1,PROV,PRCNCT,S,S_SV,"2021-01-21 12:30:02",1558,1508,50,0,567,517,50,0,1662,1095,561,5,1,44,78,18,176,171,19,3,7,1,8,26,1,1,8
13,CLUJ,"FACULTATEA DE ARHITECTURĂ ŞI URBANISM, STR.OBSERVATORULUI NR.72",63,"MUNICIPIUL CLUJ-NAPOCA",54975,1,PROV,PRCNCT,S,S_SV,"2021-01-21 12:30:02",1421,1383,38,0,522,484,38,0,1521,999,517,5,0,42,45,10,164,202,14,0,4,4,3,21,2,2,4
13,CLUJ,"FACULTATEA DE ARHITECTURĂ ŞI URBANISM, STR.OBSERVATORULUI NR.72",64,"MUNICIPIUL CLUJ-NAPOCA",54975,1,PROV,PRCNCT,S,S_SV,"2021-01-21 12:30:02",1147,1133,12,2,433,419,12,2,1251,818,430,3,0,21,31,8,187,138,14,0,5,2,2,15,1,0,6
13,CLUJ,"FACULTATEA DE ARHITECTURĂ ŞI URBANISM, STR.OBSERVATORULUI NR.72",65,"MUNICIPIUL CLUJ-NAPOCA",54975,1,PROV,PRCNCT,S,S_SV,"2021-01-21 12:30:02",1311,1287,24,0,550,526,24,0,1430,880,546,3,1,41,58,18,194,160,31,1,3,0,7,21,2,0,10
13,CLUJ,"”PALATUL COPIILOR ”",66,"MUNICIPIUL CLUJ-NAPOCA",54975,1,PROV,PRCNCT,S,S_SV,"2021-01-21 12:30:02",1471,1403,36,32,577,509,36,32,1550,973,576,1,0,100,72,13,157,163,20,2,7,4,8,19,1,2,8
13,CLUJ,"SCOALA ”IOAN BOB”",67,"MUNICIPIUL CLUJ-NAPOCA",54975,1,PROV,PRCNCT,S,S_SV,"2021-01-21 12:30:02",1421,1385,32,4,551,515,32,4,1532,981,545,6,0,123,71,8,163,121,16,3,9,1,6,17,1,0,6
13,CLUJ,"COLEGIUL NAŢIONAL ”G.COŞBUC”",68,"MUNICIPIUL CLUJ-NAPOCA",54975,1,PROV,PRCNCT,S,S_SV,"2021-01-21 12:30:02",1186,1155,27,4,490,459,27,4,1277,787,486,2,2,42,62,8,162,143,19,7,7,2,4,16,4,1,9
13,CLUJ,"LICEUL TEORETIC ”GH. SINCAI”",69,"MUNICIPIUL CLUJ-NAPOCA",54975,1,PROV,PRCNCT,S,S_SV,"2021-01-21 12:30:02",1473,1414,55,4,659,600,55,4,1560,901,650,9,0,60,56,12,218,239,27,7,8,0,2,18,0,1,2
13,CLUJ,"LICEUL TEORETIC ”GH. SINCAI”",70,"MUNICIPIUL CLUJ-NAPOCA",54975,1,PROV,PRCNCT,S,S_SV,"2021-01-21 12:30:02",1185,1163,19,3,505,483,19,3,1276,771,500,4,1,44,68,7,166,160,22,3,3,0,3,6,4,1,13
13,CLUJ,"LICEUL TEORETIC ”GH. SINCAI”",71,"MUNICIPIUL CLUJ-NAPOCA",54975,1,PROV,PRCNCT,S,S_SV,"2021-01-21 12:30:02",1744,1684,43,17,671,611,43,17,1856,1185,665,4,2,57,83,21,222,188,33,3,3,1,12,27,3,1,11
13,CLUJ,"LICEUL TEORETIC ”GH. SINCAI”",72,"MUNICIPIUL CLUJ-NAPOCA",54975,1,PROV,PRCNCT,S,S_SV,"2021-01-21 12:30:02",1175,1145,30,0,520,490,30,0,1259,739,520,0,0,17,77,11,158,179,24,3,11,0,9,21,1,1,8
13,CLUJ,"LICEUL TEORETIC ”GH. SINCAI”",73,"MUNICIPIUL CLUJ-NAPOCA",54975,1,PROV,PRCNCT,S,S_SV,"2021-01-21 12:30:02",1429,1401,24,4,496,468,24,4,1542,1046,488,8,0,18,58,14,165,177,16,9,2,0,8,16,2,0,3
13,CLUJ,"LICEUL TEORETIC ”GH. SINCAI”",74,"MUNICIPIUL CLUJ-NAPOCA",54975,1,PROV,PRCNCT,S,S_SV,"2021-01-21 12:30:02",1409,1380,24,5,507,478,24,5,1515,1008,504,2,1,41,41,11,179,177,16,3,5,0,5,20,1,1,4
13,CLUJ,"ŞCOALA ”LIVIU REBREANU”",75,"MUNICIPIUL CLUJ-NAPOCA",54975,1,PROV,PRCNCT,S,S_SV,"2021-01-21 12:30:02",1566,1549,17,0,536,519,17,0,1714,1178,532,3,1,71,73,16,122,181,21,1,9,6,4,13,2,6,7
13,CLUJ,"ŞCOALA ”LIVIU REBREANU”",76,"MUNICIPIUL CLUJ-NAPOCA",54975,2,PART,PRCNCT,S,S_SV,"2021-01-21 12:30:02",1565,1540,23,2,487,462,23,2,1700,1213,473,11,3,43,68,16,125,150,16,2,3,3,5,30,6,2,4
13,CLUJ,"ŞCOALA ”LIVIU REBREANU”",77,"MUNICIPIUL CLUJ-NAPOCA",54975,1,PROV,PRCNCT,S,S_SV,"2021-01-21 12:30:02",1580,1551,29,0,487,458,29,0,1703,1216,480,5,2,41,56,11,113,175,13,0,3,3,4,32,7,11,11
13,CLUJ,"GRADINIŢA ”UNIVERSUL COPIILOR” (FOSTĂ NR.71)",78,"MUNICIPIUL CLUJ-NAPOCA",54975,1,PROV,PRCNCT,S,S_SV,"2021-01-21 12:30:02",1461,1430,31,0,516,485,31,0,1579,1063,507,8,1,58,64,16,120,185,15,6,8,0,7,20,2,2,4
13,CLUJ,"ŞCOALA ” LIVIU REBREANU”( FOSTA CONSTANTIN BRÂNCOVEANU),ALEEA RETEZAT NR.4",79,"MUNICIPIUL CLUJ-NAPOCA",54975,1,PROV,PRCNCT,S,S_SV,"2021-01-21 12:30:02",1526,1510,16,0,464,448,16,0,1659,1195,458,6,0,27,69,20,103,161,18,0,7,0,7,35,3,0,8
13,CLUJ,"ŞCOALA ” LIVIU REBREANU” ( FOSTA CONSTANTIN BRÂNCOVEANU), ALEEA RETEZAT NR.4",80,"MUNICIPIUL CLUJ-NAPOCA",54975,1,PROV,PRCNCT,S,S_SV,"2021-01-21 12:30:02",1128,1110,14,4,397,379,14,4,1235,838,390,5,2,25,61,8,114,121,16,1,7,0,9,21,4,0,3
13,CLUJ,"ŞCOALA ” LIVIU REBREANU” ( FOSTA CONSTANTIN BRÂNCOVEANU), ALEEA RETEZAT NR.4",81,"MUNICIPIUL CLUJ-NAPOCA",54975,1,PROV,PRCNCT,S,S_SV,"2021-01-21 12:30:02",1400,1364,35,1,480,444,35,1,1503,1023,472,6,2,58,63,7,124,164,19,4,4,1,2,18,3,2,3
13,CLUJ,"ŞCOALA ” LIVIU REBREANU” ( FOSTA CONSTANTIN BRÂNCOVEANU), ALEEA RETEZAT NR.4",82,"MUNICIPIUL CLUJ-NAPOCA",54975,1,PROV,PRCNCT,S,S_SV,"2021-01-21 12:30:02",957,933,24,0,310,286,24,0,1029,719,308,1,1,19,30,12,84,112,9,0,4,1,6,23,3,1,4
13,CLUJ,"GRADINIŢA” BUBURUZA” (FOSTĂ NR. 70),",83,"MUNICIPIUL CLUJ-NAPOCA",54975,2,PART,PRCNCT,S,S_SV,"2021-01-21 12:30:02",1154,1115,39,0,361,322,39,0,1231,870,359,2,0,23,48,5,118,126,10,0,3,1,9,9,1,2,4
13,CLUJ,"GRADINIŢA” BUBURUZA” (FOSTĂ NR. 70),",84,"MUNICIPIUL CLUJ-NAPOCA",54975,1,PROV,PRCNCT,S,S_SV,"2021-01-21 12:30:02",1567,1536,26,5,482,451,26,5,1699,1217,474,4,4,37,54,11,140,166,15,1,5,5,7,15,7,2,9
13,CLUJ,"GRADINIŢA ”ACADEMIA PITICILOR”(FOSTĂ NR. 72),",85,"MUNICIPIUL CLUJ-NAPOCA",54975,1,PROV,PRCNCT,S,S_SV,"2021-01-21 12:30:02",1731,1713,17,1,601,583,17,1,1890,1289,593,4,4,64,72,19,120,235,13,5,5,5,12,26,4,4,9
13,CLUJ,"GRADINIŢA ”ACADEMIA PITICILOR”(FOSTĂ NR. 72),",86,"MUNICIPIUL CLUJ-NAPOCA",54975,1,PROV,PRCNCT,S,S_SV,"2021-01-21 12:30:02",1457,1427,23,7,451,421,23,7,1570,1119,450,1,0,51,59,16,129,143,21,0,1,2,4,14,5,2,3
13,CLUJ,"FOSTA ŞCOALĂ NR.6,",87,"MUNICIPIUL CLUJ-NAPOCA",54975,1,PROV,PRCNCT,S,S_SV,"2021-01-21 12:30:02",1399,1373,22,4,431,405,22,4,1521,1090,426,4,1,50,48,7,113,148,12,2,4,3,3,23,2,3,8
13,CLUJ,"FOSTA ŞCOALĂ NR.6,",88,"MUNICIPIUL CLUJ-NAPOCA",54975,1,PROV,PRCNCT,S,S_SV,"2021-01-21 12:30:02",1569,1545,16,8,558,534,16,8,1701,1143,550,7,1,88,62,20,154,165,12,1,9,0,5,21,2,4,7
13,CLUJ,"FOSTA ŞCOALĂ NR.6,",89,"MUNICIPIUL CLUJ-NAPOCA",54975,1,PROV,PRCNCT,S,S_SV,"2021-01-21 12:30:02",1603,1568,33,2,505,470,33,2,1723,1218,496,8,1,51,58,13,115,179,17,3,1,4,4,35,2,4,10
13,CLUJ,"FOSTA ŞCOALĂ NR.6,",90,"MUNICIPIUL CLUJ-NAPOCA",54975,1,PROV,PRCNCT,S,S_SV,"2021-01-21 12:30:02",1199,1184,15,0,454,439,15,0,1201,747,451,3,0,57,67,12,125,127,18,0,8,4,3,14,4,0,12
13,CLUJ,"ŞCOALA ”OCTAVIAN GOGA”",91,"MUNICIPIUL CLUJ-NAPOCA",54975,1,PROV,PRCNCT,S,S_SV,"2021-01-21 12:30:02",1548,1501,47,0,543,496,47,0,1761,1218,540,0,3,73,73,12,132,178,14,3,9,2,8,21,4,2,9
13,CLUJ,"ŞCOALA ”OCTAVIAN GOGA”",92,"MUNICIPIUL CLUJ-NAPOCA",54975,1,PROV,PRCNCT,S,S_SV,"2021-01-21 12:30:02",1426,1397,29,0,439,410,29,0,1537,1098,430,6,3,33,61,5,95,174,10,0,2,4,5,25,3,3,10
13,CLUJ,"ŞCOALA ”OCTAVIAN GOGA”",93,"MUNICIPIUL CLUJ-NAPOCA",54975,1,PROV,PRCNCT,S,S_SV,"2021-01-21 12:30:02",1608,1581,25,2,456,429,25,2,1738,1282,454,2,0,33,42,7,116,168,19,0,8,4,9,34,3,1,10
13,CLUJ,"COLEGIUL NAŢIONAL”GEORGE COŞBUC”,",94,"MUNICIPIUL CLUJ-NAPOCA",54975,1,PROV,PRCNCT,S,S_SV,"2021-01-21 12:30:02",1236,1183,34,19,457,404,34,19,1310,853,453,4,0,38,51,8,149,158,16,1,2,4,2,16,1,0,7
13,CLUJ,"COLEGIUL NAŢIONAL”GEORGE COŞBUC”,",95,"MUNICIPIUL CLUJ-NAPOCA",54975,1,PROV,PRCNCT,S,S_SV,"2021-01-21 12:30:02",942,928,14,0,366,352,14,0,1028,662,363,3,0,48,35,10,115,119,15,0,4,0,0,5,4,2,6
13,CLUJ,"GRADINIŢA ”POIENIŢA”,",96,"MUNICIPIUL CLUJ-NAPOCA",54975,1,PROV,PRCNCT,S,S_SV,"2021-01-21 12:30:02",1645,1607,33,5,743,705,33,5,1766,1023,737,4,2,92,68,21,207,266,33,3,7,2,7,13,5,1,12
13,CLUJ,"GRADINIŢA ”POIENIŢA”,",97,"MUNICIPIUL CLUJ-NAPOCA",54975,1,PROV,PRCNCT,S,S_SV,"2021-01-21 12:30:02",1702,1642,45,15,788,728,45,15,1790,1002,782,3,3,55,49,13,390,225,9,2,5,0,10,16,2,0,6
13,CLUJ,"GRADINIŢA ”POIENIŢA”,",98,"MUNICIPIUL CLUJ-NAPOCA",54975,1,PROV,PRCNCT,S,S_SV,"2021-01-21 12:30:02",1904,1858,45,1,772,726,45,1,2046,1274,760,8,4,85,54,20,279,222,31,2,11,2,10,25,4,0,15
13,CLUJ,"GRADINIŢA ”POIENIŢA”,",99,"MUNICIPIUL CLUJ-NAPOCA",54975,1,PROV,PRCNCT,S,S_SV,"2021-01-21 12:30:02",1415,1394,21,0,694,673,21,0,1555,861,690,3,1,41,53,15,323,194,21,2,1,2,11,15,1,1,10
13,CLUJ,"ŞCOALA ”CONSTANTIN BRÂNCUŞI”",100,"MUNICIPIUL CLUJ-NAPOCA",54975,2,PART,PRCNCT,S,S_SV,"2021-01-21 12:30:02",2014,1978,24,12,932,896,24,12,2169,1237,926,3,3,82,92,18,337,277,38,12,7,1,14,32,0,2,14
13,CLUJ,"ŞCOALA ”CONSTANTIN BRÂNCUŞI”",101,"MUNICIPIUL CLUJ-NAPOCA",54975,1,PROV,PRCNCT,S,S_SV,"2021-01-21 12:30:02",1638,1601,30,7,667,630,30,7,1766,1099,656,7,4,85,63,13,193,220,20,4,8,2,4,26,5,3,10
13,CLUJ,"ŞCOALA ”CONSTANTIN BRÂNCUŞI”",102,"MUNICIPIUL CLUJ-NAPOCA",54975,1,PROV,PRCNCT,S,S_SV,"2021-01-21 12:30:02",1451,1413,33,5,615,577,33,5,1548,933,613,2,0,62,54,9,242,182,21,2,1,2,4,19,1,2,12
13,CLUJ,"ŞCOALA ”CONSTANTIN BRÂNCUŞI”",103,"MUNICIPIUL CLUJ-NAPOCA",54975,1,PROV,PRCNCT,S,S_SV,"2021-01-21 12:30:02",1542,1502,38,2,548,508,38,2,1652,1104,546,2,0,50,67,6,192,170,20,2,3,2,2,17,0,3,12
13,CLUJ,"GRĂDINIŢA ”LUMEA COPIILOR”, STR.SEPTIMIU ALBINI NR 53",104,"MUNICIPIUL CLUJ-NAPOCA",54975,1,PROV,PRCNCT,S,S_SV,"2021-01-21 12:30:02",1014,976,38,0,459,421,38,0,1075,616,455,3,1,100,38,14,117,134,15,0,0,1,3,21,1,2,9
13,CLUJ,"CREŞA ”CASTELUL FERMECAT”, STR.SEPTIMIU ALBINI NR.91",105,"MUNICIPIUL CLUJ-NAPOCA",54975,2,PART,PRCNCT,S,S_SV,"2021-01-21 12:30:02",1516,1481,33,2,574,539,33,2,1629,1055,570,3,1,109,49,17,195,153,13,3,4,0,1,13,2,3,8
13,CLUJ,"CREŞA ”CASTELUL FERMECAT”, STR.SEPTIMIU ALBINI NR.91",106,"MUNICIPIUL CLUJ-NAPOCA",54975,1,PROV,PRCNCT,S,S_SV,"2021-01-21 12:30:02",1513,1484,29,0,571,542,29,0,1636,1065,566,5,0,97,63,15,154,181,17,1,4,3,8,15,2,1,5
13,CLUJ,"GRĂDINIŢA ” LUMEA COPIILOR” (FOSTĂ NR. 20),",107,"MUNICIPIUL CLUJ-NAPOCA",54975,2,PART,PRCNCT,S,S_SV,"2021-01-21 12:30:02",1737,1699,34,4,552,514,34,4,1873,1321,536,13,3,81,48,17,147,188,13,1,5,1,5,20,1,1,8
13,CLUJ,"GRĂDINIŢA ” LUMEA COPIILOR” (FOSTĂ NR. 20),",108,"MUNICIPIUL CLUJ-NAPOCA",54975,1,PROV,PRCNCT,S,S_SV,"2021-01-21 12:30:02",1549,1530,18,1,505,486,18,1,1689,1184,502,1,2,76,54,14,126,184,10,3,3,2,3,14,1,4,8
13,CLUJ,"LICEUL TEORETIC ”LUCIAN BLAGA”",109,"MUNICIPIUL CLUJ-NAPOCA",54975,1,PROV,PRCNCT,S,S_SV,"2021-01-21 12:30:02",1621,1581,39,1,632,592,39,1,1740,1108,624,5,3,123,67,15,165,180,16,9,3,2,2,26,3,3,10
13,CLUJ,"LICEUL TEORETIC ”LUCIAN BLAGA”",110,"MUNICIPIUL CLUJ-NAPOCA",54975,1,PROV,PRCNCT,S,S_SV,"2021-01-21 12:30:02",1326,1307,15,4,460,441,15,4,1439,979,454,5,1,63,53,7,145,133,16,5,8,0,0,10,2,0,12
13,CLUJ,"LICEUL TEORETIC ”LUCIAN BLAGA”",111,"MUNICIPIUL CLUJ-NAPOCA",54975,1,PROV,PRCNCT,S,S_SV,"2021-01-21 12:30:02",1294,1234,58,2,511,451,58,2,1370,859,508,3,0,90,49,14,156,146,17,3,7,0,6,13,0,1,6
13,CLUJ,"LICEUL TEORETIC ”LUCIAN BLAGA”",112,"MUNICIPIUL CLUJ-NAPOCA",54975,1,PROV,PRCNCT,S,S_SV,"2021-01-21 12:30:02",1466,1428,32,6,500,462,32,6,1571,1071,492,8,0,49,55,12,169,147,12,3,7,4,5,18,4,3,4
13,CLUJ,"ŞCOALA ” N.TITULESCU”",113,"MUNICIPIUL CLUJ-NAPOCA",54975,1,PROV,PRCNCT,S,S_SV,"2021-01-21 12:30:02",1852,1801,47,4,704,653,47,4,1981,1277,701,2,1,66,76,29,243,202,24,11,5,2,9,20,4,2,8
13,CLUJ,"ŞCOALA ” N.TITULESCU”",114,"MUNICIPIUL CLUJ-NAPOCA",54975,1,PROV,PRCNCT,S,S_SV,"2021-01-21 12:30:02",1715,1683,30,2,641,609,30,2,1845,1204,639,1,1,70,76,17,175,214,13,4,6,2,2,33,2,5,20
13,CLUJ,"LICEUL TEHNOLOGIC ”AL. BORZA”",115,"MUNICIPIUL CLUJ-NAPOCA",54975,2,PART,PRCNCT,S,S_SV,"2021-01-21 12:30:02",1595,1530,65,0,697,632,65,0,1680,983,696,1,0,76,55,27,259,185,26,2,14,1,12,21,1,2,15
13,CLUJ,"LICEUL TEHNOLOGIC ”AL. BORZA”",116,"MUNICIPIUL CLUJ-NAPOCA",54975,1,PROV,PRCNCT,S,S_SV,"2021-01-21 12:30:02",1919,1824,90,5,914,819,90,5,1972,1058,909,4,1,43,50,19,525,197,30,2,2,1,7,14,4,2,13
13,CLUJ,"COLEGIUL TEHNIC DE TRANSPORTURI” TRANSILVANIA”",117,"MUNICIPIUL CLUJ-NAPOCA",54975,1,PROV,PRCNCT,S,S_SV,"2021-01-21 12:30:02",1520,1495,23,2,630,605,23,2,1646,1016,623,2,5,110,60,10,181,193,16,0,2,5,13,18,2,4,9
13,CLUJ,"COLEGIUL TEHNIC DE TRANSPORTURI” TRANSILVANIA”",118,"MUNICIPIUL CLUJ-NAPOCA",54975,1,PROV,PRCNCT,S,S_SV,"2021-01-21 12:30:02",1873,1835,34,4,758,720,34,4,2025,1267,750,7,1,70,86,13,262,247,24,1,6,2,6,26,0,0,7
13,CLUJ,"COLEGIUL TEHNIC ”ENERGETIC”",119,"MUNICIPIUL CLUJ-NAPOCA",54975,1,PROV,PRCNCT,S,S_SV,"2021-01-21 12:30:02",1610,1562,44,4,671,623,44,4,1716,1045,663,8,0,60,90,10,217,218,21,1,8,0,4,15,7,4,8
13,CLUJ,"UNIVERSITATEA ”BABES-BOLYAI” - FACULTATEA DE ŞTIINŢE ECONOMICE ŞI GESTIUNEA AFACERILOR,",120,"MUNICIPIUL CLUJ-NAPOCA",54975,1,PROV,PRCNCT,S,S_SV,"2021-01-21 12:30:02",1917,1875,42,0,645,603,42,0,2060,1415,640,4,1,48,67,14,232,214,13,3,2,1,7,22,1,2,14
13,CLUJ,"UNIVERSITATEA ”BABES-BOLYAI” - FACULTATEA DE ŞTIINŢE ECONOMICE ŞI GESTIUNEA AFACERILOR,",121,"MUNICIPIUL CLUJ-NAPOCA",54975,1,PROV,PRCNCT,S,S_SV,"2021-01-21 12:30:02",1299,1273,25,1,401,375,25,1,1404,1003,397,3,1,42,44,13,107,135,14,9,6,0,3,18,1,0,5
13,CLUJ,"ŞCOALA ”ION AGÂRBICEANU”,",122,"MUNICIPIUL CLUJ-NAPOCA",54975,1,PROV,PRCNCT,S,S_SV,"2021-01-21 12:30:02",1292,1255,34,3,463,426,34,3,1388,925,458,4,1,57,67,12,124,133,14,0,4,1,5,17,8,3,13
13,CLUJ,"ŞCOALA ”ION AGÂRBICEANU”,",123,"MUNICIPIUL CLUJ-NAPOCA",54975,1,PROV,PRCNCT,S,S_SV,"2021-01-21 12:30:02",1399,1367,30,2,559,527,30,2,1502,943,554,5,0,65,58,9,139,203,15,1,13,3,17,21,3,1,6
13,CLUJ,"ŞCOALA ”ION AGÂRBICEANU”,",124,"MUNICIPIUL CLUJ-NAPOCA",54975,1,PROV,PRCNCT,S,S_SV,"2021-01-21 12:30:02",1555,1516,35,4,555,516,35,4,1672,1117,550,2,3,57,50,6,175,180,27,0,4,2,3,36,4,0,6
13,CLUJ,"ŞCOALA ”ION AGÂRBICEANU”,",125,"MUNICIPIUL CLUJ-NAPOCA",54975,1,PROV,PRCNCT,S,S_SV,"2021-01-21 12:30:02",1395,1359,36,0,498,462,36,0,1497,999,494,3,1,62,61,16,113,169,11,1,7,1,8,22,11,1,11
13,CLUJ,"ŞCOALA ”ION AGÂRBICEANU”,",126,"MUNICIPIUL CLUJ-NAPOCA",54975,1,PROV,PRCNCT,S,S_SV,"2021-01-21 12:30:02",1422,1387,31,4,527,492,31,4,1527,1000,525,1,1,48,71,17,154,171,21,2,2,2,10,17,0,2,8
13,CLUJ,"ŞCOALA ”ION AGÂRBICEANU”,",127,"MUNICIPIUL CLUJ-NAPOCA",54975,1,PROV,PRCNCT,S,S_SV,"2021-01-21 12:30:02",1403,1375,28,0,461,433,28,0,1513,1052,455,5,1,49,57,12,139,145,20,1,2,1,5,14,4,2,4
13,CLUJ,"ŞCOALA ”ION AGÂRBICEANU”,",128,"MUNICIPIUL CLUJ-NAPOCA",54975,1,PROV,PRCNCT,S,S_SV,"2021-01-21 12:30:02",1420,1380,30,10,432,392,30,10,1493,1061,424,5,3,52,34,9,144,117,11,2,4,4,13,28,0,0,6
13,CLUJ,"GRĂDINŢA ”MĂMARUŢA” (FOSTĂ NR. 42),",129,"MUNICIPIUL CLUJ-NAPOCA",54975,1,PROV,PRCNCT,S,S_SV,"2021-01-21 12:30:02",1616,1586,26,4,631,601,26,4,1749,1118,625,5,1,59,78,8,208,199,16,1,7,3,2,27,3,2,12
13,CLUJ,"COLEGIUL TEHNIC ”ANGHEL SALIGNY”,",130,"MUNICIPIUL CLUJ-NAPOCA",54975,1,PROV,PRCNCT,S,S_SV,"2021-01-21 12:30:02",1446,1414,32,0,555,523,32,0,1557,1002,552,2,1,56,71,21,138,184,20,3,3,2,3,41,2,0,8
13,CLUJ,"COLEGIUL TEHNIC ”ANGHEL SALIGNY”,",131,"MUNICIPIUL CLUJ-NAPOCA",54975,1,PROV,PRCNCT,S,S_SV,"2021-01-21 12:30:02",1253,1227,25,1,437,411,25,1,1359,922,427,7,3,56,58,13,113,120,14,3,4,0,11,26,2,1,6
13,CLUJ,"COLEGIUL TEHNIC ”ANGHEL SALIGNY”,",132,"MUNICIPIUL CLUJ-NAPOCA",54975,2,PART,PRCNCT,S,S_SV,"2021-01-21 12:30:02",1566,1514,21,31,600,548,21,31,1679,1079,596,2,2,63,79,20,162,210,23,1,7,0,6,19,2,0,4
13,CLUJ,"COLEGIUL TEHNIC ”ANGHEL SALIGNY”",133,"MUNICIPIUL CLUJ-NAPOCA",54975,1,PROV,PRCNCT,S,S_SV,"2021-01-21 12:30:02",1601,1567,28,6,556,522,28,6,1743,1187,550,6,0,83,54,17,150,184,14,4,2,2,7,23,0,3,7
13,CLUJ,"COLEGIUL DE MUZICĂ ”SIGISMUND TODUŢĂ” (FOSTUL GRUP SCOLAR DE MATERIAL RULANT- UNIREA)",134,"MUNICIPIUL CLUJ-NAPOCA",54975,1,PROV,PRCNCT,S,S_SV,"2021-01-21 12:30:02",1618,1588,29,1,571,541,29,1,1741,1170,569,2,0,51,67,13,171,176,15,1,8,2,16,28,2,1,18
13,CLUJ,"COLEGIUL DE MUZICĂ ”SIGISMUND TODUŢĂ” (FOSTUL GRUP SCOLAR DE MATERIAL RULANT- UNIREA)",135,"MUNICIPIUL CLUJ-NAPOCA",54975,1,PROV,PRCNCT,S,S_SV,"2021-01-21 12:30:02",934,903,28,3,307,276,28,3,1001,694,306,0,1,49,27,9,97,85,11,0,0,0,1,20,1,0,6
13,CLUJ,"LICEUL TEORETIC ”A. IANCU”,",136,"MUNICIPIUL CLUJ-NAPOCA",54975,1,PROV,PRCNCT,S,S_SV,"2021-01-21 12:30:02",1651,1602,46,3,644,595,46,3,1744,1100,638,4,2,83,59,10,230,193,18,3,7,0,2,24,2,0,7
13,CLUJ,"LICEUL TEORETIC ”VICTOR BABEŞ” (FOSTA SCOALA ”DAVID PRODAN”),",137,"MUNICIPIUL CLUJ-NAPOCA",54975,1,PROV,PRCNCT,S,S_SV,"2021-01-21 12:30:02",1852,1793,35,24,616,557,35,24,1961,1345,611,4,1,122,58,11,146,192,17,2,8,3,1,35,4,2,10
13,CLUJ,"LICEUL TEORETIC ”VICTOR BABEŞ” (FOSTA SCOALA ”DAVID PRODAN”)",138,"MUNICIPIUL CLUJ-NAPOCA",54975,1,PROV,PRCNCT,S,S_SV,"2021-01-21 12:30:02",1874,1836,38,0,730,692,38,0,2020,1290,724,5,1,145,46,24,223,204,32,4,10,3,5,21,2,1,4
13,CLUJ,"ŞCOALA ”HOREA”",139,"MUNICIPIUL CLUJ-NAPOCA",54975,1,PROV,PRCNCT,S,S_SV,"2021-01-21 12:30:02",1541,1489,36,16,509,457,36,16,1642,1133,498,9,2,67,87,16,151,123,14,1,1,0,2,23,0,3,10
13,CLUJ,"LICEUL TEORETIC ”N. BALCESCU”,",140,"MUNICIPIUL CLUJ-NAPOCA",54975,2,PART,PRCNCT,S,S_SV,"2021-01-21 12:30:02",1473,1392,63,18,558,477,63,18,1545,987,552,6,0,78,66,15,173,162,13,2,3,3,5,16,2,3,11
13,CLUJ,"LICEUL TEORETIC UNITARIAN” JANOS ZSIGMOND”",141,"MUNICIPIUL CLUJ-NAPOCA",54975,1,PROV,PRCNCT,S,S_SV,"2021-01-21 12:30:02",1331,1281,48,2,483,433,48,2,1420,937,481,2,0,105,64,11,135,115,12,4,0,1,3,25,2,0,4
13,CLUJ,"PAVILIONUL ”EXPO TRANSILVANIA”",142,"MUNICIPIUL CLUJ-NAPOCA",54975,1,PROV,PRCNCT,S,S_SV,"2021-01-21 12:30:02",1722,1700,22,0,661,639,22,0,1875,1214,655,3,3,49,76,16,163,252,36,2,10,1,6,25,4,1,14
13,CLUJ,"PAVILIONUL ”EXPO TRANSILVANIA”",143,"MUNICIPIUL CLUJ-NAPOCA",54975,1,PROV,PRCNCT,S,S_SV,"2021-01-21 12:30:02",1285,1261,23,1,480,456,23,1,1381,901,476,2,2,29,58,11,174,153,11,1,4,2,4,22,1,2,4
13,CLUJ,"PAVILIONUL ”EXPO TRANSILVANIA”",144,"MUNICIPIUL CLUJ-NAPOCA",54975,1,PROV,PRCNCT,S,S_SV,"2021-01-21 12:30:02",1595,1566,27,2,622,593,27,2,1729,1107,617,3,2,68,67,22,176,206,19,1,10,3,10,25,1,2,7
13,CLUJ,"PAVILIONUL ”EXPO TRANSILVANIA”",145,"MUNICIPIUL CLUJ-NAPOCA",54975,1,PROV,PRCNCT,S,S_SV,"2021-01-21 12:30:02",1462,1415,47,0,507,460,47,0,1552,1045,500,6,1,32,59,17,128,170,14,8,8,1,8,44,3,0,8
13,CLUJ,"PAVILIONUL ”EXPO TRANSILVANIA”",146,"MUNICIPIUL CLUJ-NAPOCA",54975,1,PROV,PRCNCT,S,S_SV,"2021-01-21 12:30:02",1318,1295,23,0,350,327,23,0,1438,1088,344,2,4,33,30,7,76,134,17,2,1,4,4,29,1,0,6
13,CLUJ,"PAVILIONUL ”EXPO TRANSILVANIA”",147,"MUNICIPIUL CLUJ-NAPOCA",54975,1,PROV,PRCNCT,S,S_SV,"2021-01-21 12:30:02",1572,1533,38,1,490,451,38,1,1685,1195,482,7,1,27,46,22,110,184,17,3,10,3,7,46,1,1,5
13,CLUJ,"PAVILIONUL ”EXPO TRANSILVANIA”",148,"MUNICIPIUL CLUJ-NAPOCA",54975,1,PROV,PRCNCT,S,S_SV,"2021-01-21 12:30:02",1459,1414,45,0,475,430,45,0,1534,1059,469,5,1,52,58,9,111,161,22,0,8,0,14,22,4,5,3
13,CLUJ,"GRĂDINIŢA ”DEGEŢICA” (FOSTĂ NR. 53),",149,"MUNICIPIUL CLUJ-NAPOCA",54975,1,PROV,PRCNCT,S,S_SV,"2021-01-21 12:30:02",1689,1653,36,0,676,640,36,0,1815,1139,671,4,1,55,64,19,240,219,21,1,1,3,3,37,1,0,7
13,CLUJ,"GRĂDINIŢA ”DEGEŢICA” (FOSTĂ NR. 53),",150,"MUNICIPIUL CLUJ-NAPOCA",54975,1,PROV,PRCNCT,S,S_SV,"2021-01-21 12:30:02",1530,1500,30,0,493,463,30,0,1659,1166,492,1,0,40,41,9,134,194,22,2,8,2,9,27,1,0,3
13,CLUJ,"ŞCOALA ” AL.VAIDA VOEVOD”,",151,"MUNICIPIUL CLUJ-NAPOCA",54975,1,PROV,PRCNCT,S,S_SV,"2021-01-21 12:30:02",1645,1609,36,0,533,497,36,0,1611,1078,524,7,2,36,43,11,144,228,15,1,4,0,9,21,5,1,6
13,CLUJ,"ŞCOALA ” AL.VAIDA VOEVOD”,",152,"MUNICIPIUL CLUJ-NAPOCA",54975,1,PROV,PRCNCT,S,S_SV,"2021-01-21 12:30:02",1669,1642,24,3,662,635,24,3,1809,1147,652,5,5,68,53,8,204,216,23,0,3,1,11,47,5,1,12
13,CLUJ,"ŞCOALA ” AL.VAIDA VOEVOD”,",153,"MUNICIPIUL CLUJ-NAPOCA",54975,1,PROV,PRCNCT,S,S_SV,"2021-01-21 12:30:02",1483,1463,19,1,561,541,19,1,1611,1050,554,5,2,34,58,12,153,208,22,2,3,0,12,40,1,1,8
13,CLUJ,"ŞCOALA ” AL.VAIDA VOEVOD”,",154,"MUNICIPIUL CLUJ-NAPOCA",54975,1,PROV,PRCNCT,S,S_SV,"2021-01-21 12:30:02",1216,1196,20,0,431,411,20,0,1321,890,428,2,1,28,49,13,111,146,21,1,8,3,5,32,1,4,6
13,CLUJ,"ŞCOALA ” AL.VAIDA VOEVOD”,",155,"MUNICIPIUL CLUJ-NAPOCA",54975,1,PROV,PRCNCT,S,S_SV,"2021-01-21 12:30:02",1304,1264,40,0,469,429,40,0,1400,931,466,2,1,49,46,11,147,141,13,5,3,1,13,32,2,1,2
13,CLUJ,"GRUP ŞCOLAR ”SAMUS”",156,"MUNICIPIUL CLUJ-NAPOCA",54975,1,PROV,PRCNCT,S,S_SV,"2021-01-21 12:30:02",1691,1654,37,0,595,558,37,0,1817,1222,590,3,2,76,82,9,148,198,21,2,4,0,7,25,5,4,9
13,CLUJ,"GRUP ŞCOLAR ”SAMUS”",157,"MUNICIPIUL CLUJ-NAPOCA",54975,1,PROV,PRCNCT,S,S_SV,"2021-01-21 12:30:02",1640,1623,17,0,529,512,17,0,1792,1263,524,4,1,58,57,4,143,188,13,2,3,1,9,32,4,3,7
13,CLUJ,"GRUP ŞCOLAR ”SAMUS”",158,"MUNICIPIUL CLUJ-NAPOCA",54975,1,PROV,PRCNCT,S,S_SV,"2021-01-21 12:30:02",1560,1548,12,0,476,464,12,0,1708,1232,473,1,2,29,74,18,115,167,15,1,8,5,3,28,1,4,5
13,CLUJ,"GRĂDINIȚA„PARFUM DE TEI”",159,"MUNICIPIUL CLUJ-NAPOCA",54975,2,PART,PRCNCT,S,S_SV,"2021-01-21 12:30:02",1650,1595,47,8,476,421,47,8,1759,1283,468,7,1,76,52,4,120,153,23,0,2,0,2,21,2,3,10
13,CLUJ,"GRĂDINIȚA „PARFUM DE TEI”",160,"MUNICIPIUL CLUJ-NAPOCA",54975,1,PROV,PRCNCT,S,S_SV,"2021-01-21 12:30:02",1561,1530,29,2,498,467,29,2,1684,1186,492,5,1,84,62,6,155,130,18,1,2,0,1,20,1,0,12
13,CLUJ,"EPARHIA REFORMATĂ DIN ARDEAL , STR.HOREA NR.51",161,"MUNICIPIUL CLUJ-NAPOCA",54975,1,PROV,PRCNCT,S,S_SV,"2021-01-21 12:30:02",1371,1317,53,1,447,393,53,1,1448,1001,445,1,1,81,48,9,128,111,18,0,5,1,8,26,1,1,8
13,CLUJ,"ŞCOALA ”HOREA” (FOSTĂ NR.27)",162,"MUNICIPIUL CLUJ-NAPOCA",54975,1,PROV,PRCNCT,S,S_SV,"2021-01-21 12:30:02",1562,1519,42,1,697,654,42,1,1680,983,691,3,3,148,64,14,201,192,22,3,2,5,1,24,1,1,13
13,CLUJ,"LICEUL TEOLOGIC ”EMANUEL”",163,"MUNICIPIUL CLUJ-NAPOCA",54975,1,PROV,PRCNCT,S,S_SV,"2021-01-21 12:30:02",1783,1763,18,2,666,646,18,2,1938,1272,658,7,1,90,45,17,209,227,19,0,8,2,7,24,2,1,7
13,CLUJ,"LICEUL TEOLOGIC ”EMANUEL”",164,"MUNICIPIUL CLUJ-NAPOCA",54975,1,PROV,PRCNCT,S,S_SV,"2021-01-21 12:30:02",1568,1547,13,8,629,608,13,8,1707,1078,627,2,0,136,63,10,163,174,23,5,5,1,13,27,2,0,5
13,CLUJ,"GRĂDINIŢA ”NEGHINIŢĂ”",165,"MUNICIPIUL CLUJ-NAPOCA",54975,1,PROV,PRCNCT,S,S_SV,"2021-01-21 12:30:02",1655,1636,18,1,560,541,18,1,1799,1239,554,6,0,66,49,20,158,190,18,3,10,2,14,17,1,0,6
13,CLUJ,"GRĂDINIŢA ”NEGHINIŢĂ”",166,"MUNICIPIUL CLUJ-NAPOCA",54975,1,PROV,PRCNCT,S,S_SV,"2021-01-21 12:30:02",1793,1767,26,0,526,500,26,0,1942,1416,523,1,2,34,46,28,112,205,30,2,3,2,4,39,3,3,12
13,CLUJ,"GRĂDINIŢA ”NEGHINIŢĂ”",167,"MUNICIPIUL CLUJ-NAPOCA",54975,1,PROV,PRCNCT,S,S_SV,"2021-01-21 12:30:02",1701,1676,25,0,575,550,25,0,1841,1266,563,9,3,91,56,20,157,173,13,2,4,1,9,26,2,0,9
13,CLUJ,"GRĂDINIŢA ”NEGHINIŢĂ”",168,"MUNICIPIUL CLUJ-NAPOCA",54975,1,PROV,PRCNCT,S,S_SV,"2021-01-21 12:30:02",1824,1809,14,1,658,643,14,1,1990,1332,649,9,0,97,75,8,216,189,27,3,1,1,4,16,2,0,10
13,CLUJ,"ŞCOALA ”EMIL ISAC”",169,"MUNICIPIUL CLUJ-NAPOCA",54975,1,PROV,PRCNCT,S,S_SV,"2021-01-21 12:30:02",1558,1528,23,7,612,582,23,7,1681,1069,603,8,1,138,67,22,140,171,11,2,4,2,15,15,3,0,13
13,CLUJ,"ŞCOALA ”EMIL ISAC”",170,"MUNICIPIUL CLUJ-NAPOCA",54975,1,PROV,PRCNCT,S,S_SV,"2021-01-21 12:30:02",1014,987,27,0,366,339,27,0,1088,722,362,4,0,51,59,0,92,110,17,1,0,0,1,20,1,0,10
13,CLUJ,"ŞCOALA ”NICOLAE IORGA”",171,"MUNICIPIUL CLUJ-NAPOCA",54975,1,PROV,PRCNCT,S,S_SV,"2021-01-21 12:30:02",1824,1783,35,6,556,515,35,6,1963,1407,552,3,1,91,49,19,128,177,30,0,3,2,5,31,7,2,8
13,CLUJ,"ŞCOALA ”NICOLAE IORGA”",172,"MUNICIPIUL CLUJ-NAPOCA",54975,1,PROV,PRCNCT,S,S_SV,"2021-01-21 12:30:02",1718,1679,38,1,496,457,38,1,1854,1358,488,6,2,44,43,15,107,206,20,1,8,1,24,13,1,1,4
13,CLUJ,"ŞCOALA ”NICOLAE IORGA”",173,"MUNICIPIUL CLUJ-NAPOCA",54975,1,PROV,PRCNCT,S,S_SV,"2021-01-21 12:30:02",1816,1796,20,0,648,628,20,0,1972,1324,642,3,3,141,55,18,144,192,33,3,4,1,16,22,3,0,10
13,CLUJ,"ŞCOALA ”NICOLAE IORGA”",174,"MUNICIPIUL CLUJ-NAPOCA",54975,1,PROV,PRCNCT,S,S_SV,"2021-01-21 12:30:02",1833,1793,39,1,651,611,39,1,1954,1303,644,5,2,69,37,12,280,168,19,1,1,1,12,38,2,0,4
13,CLUJ,"LICEUL TEHNOLOGIC NR.1 (FOSTUL GRUP ŞCOLAR TEHNOFRIG), STR.MARAMUREŞULUI NR.165/A",175,"MUNICIPIUL CLUJ-NAPOCA",54975,1,PROV,PRCNCT,S,S_SV,"2021-01-21 12:30:02",1935,1910,24,1,376,351,24,1,2103,1727,368,6,2,42,15,5,75,138,19,0,11,4,17,30,1,1,10
13,CLUJ,"LICEUL TEHNOLOGIC NR.1 (FOSTUL GRUP ŞCOLAR TEHNOFRIG), STR.MARAMUREŞULUI NR.165/A",176,"MUNICIPIUL CLUJ-NAPOCA",54975,1,PROV,PRCNCT,S,S_SV,"2021-01-21 12:30:02",1948,1901,42,5,717,670,42,5,2077,1360,710,6,1,30,51,13,275,234,27,0,3,3,15,39,3,3,14
13,CLUJ,"LICEUL TEHNOLOGIC ”AUREL VLAICU”",177,"MUNICIPIUL CLUJ-NAPOCA",54975,1,PROV,PRCNCT,S,S_SV,"2021-01-21 12:30:02",1372,1337,32,3,480,445,32,3,1462,982,479,1,0,35,40,13,149,167,12,3,6,4,5,32,2,2,9
13,CLUJ,"LICEUL TEHNOLOGIC ”AUREL VLAICU”",178,"MUNICIPIUL CLUJ-NAPOCA",54975,1,PROV,PRCNCT,S,S_SV,"2021-01-21 12:30:02",1768,1749,17,2,487,468,17,2,1928,1441,478,6,3,30,47,10,141,168,17,2,5,2,6,45,1,0,4
13,CLUJ,"GARAJE COMPANIA DE TRANSPORT PUBLIC CLUJ-NAPOCA S.A.",179,"MUNICIPIUL CLUJ-NAPOCA",54975,1,PROV,PRCNCT,S,S_SV,"2021-01-21 12:30:02",1684,1656,25,3,563,535,25,3,1824,1261,559,3,1,189,51,5,100,161,11,2,6,0,8,16,4,2,4
13,CLUJ,"ŞCOALA ”TRAIAN DARJAN”",180,"MUNICIPIUL CLUJ-NAPOCA",54975,1,PROV,PRCNCT,S,S_SV,"2021-01-21 12:30:02",1685,1662,23,0,525,502,23,0,1826,1301,516,8,1,27,59,12,102,222,22,2,4,5,10,37,4,0,10
13,CLUJ,"ŞCOALA ”TRAIAN DARJAN”",181,"MUNICIPIUL CLUJ-NAPOCA",54975,1,PROV,PRCNCT,S,S_SV,"2021-01-21 12:30:02",2011,1981,28,2,616,586,28,2,2167,1551,609,7,0,55,53,8,156,255,24,2,7,1,15,30,0,0,3
13,CLUJ,"ŞCOALA ”TRAIAN DARJAN”",182,"MUNICIPIUL CLUJ-NAPOCA",54975,2,PART,PRCNCT,S,S_SV,"2021-01-21 12:30:02",1846,1817,28,1,627,598,28,1,1997,1370,614,7,6,58,57,14,154,235,21,2,3,0,12,35,8,3,12
13,CLUJ,"ŞCOALA ”TRAIAN DARJAN”",183,"MUNICIPIUL CLUJ-NAPOCA",54975,1,PROV,PRCNCT,S,S_SV,"2021-01-21 12:30:02",1452,1424,20,8,493,465,20,8,1568,1075,480,9,4,64,49,10,121,167,11,3,11,0,8,27,1,0,8
13,CLUJ,"COLEGIUL TEHNIC ”VICTOR UNGUREANU”",184,"MUNICIPIUL CÂMPIA TURZII",55357,1,PROV,PRCNCT,S,S_SV,"2021-01-21 12:30:02",1208,1186,21,1,264,242,21,1,1303,1039,256,6,2,1,47,10,24,78,5,2,3,4,4,66,2,0,10
13,CLUJ,"COLEGIUL TEHNIC ”VICTOR UNGUREANU”",185,"MUNICIPIUL CÂMPIA TURZII",55357,1,PROV,PRCNCT,S,S_SV,"2021-01-21 12:30:02",1176,1162,14,0,294,280,14,0,1282,988,289,3,2,14,70,16,27,106,14,0,5,1,2,20,1,4,9
13,CLUJ,"COLEGIUL TEHNIC ”VICTOR UNGUREANU”",186,"MUNICIPIUL CÂMPIA TURZII",55357,1,PROV,PRCNCT,S,S_SV,"2021-01-21 12:30:02",1309,1294,14,1,248,233,14,1,1428,1180,240,4,4,14,57,7,16,78,10,2,1,3,0,44,3,2,3
13,CLUJ,"LICEUL TEORETIC ”PAVEL DAN”",187,"MUNICIPIUL CÂMPIA TURZII",55357,1,PROV,PRCNCT,S,S_SV,"2021-01-21 12:30:02",870,854,12,4,248,232,12,4,941,693,242,3,3,14,48,7,32,95,9,3,2,0,2,20,0,4,6
13,CLUJ,"LICEUL TEORETIC ”PAVEL DAN”",188,"MUNICIPIUL CÂMPIA TURZII",55357,1,PROV,PRCNCT,S,S_SV,"2021-01-21 12:30:02",1020,1009,10,1,274,263,10,1,1112,838,268,5,1,9,56,6,39,109,9,0,8,1,1,23,0,1,6
13,CLUJ,"LICEUL TEORETIC ”PAVEL DAN”",189,"MUNICIPIUL CÂMPIA TURZII",55357,2,PART,PRCNCT,S,S_SV,"2021-01-21 12:30:02",1042,1021,20,1,270,249,20,1,1119,849,267,3,0,5,49,4,32,122,8,6,1,3,2,27,1,2,5
13,CLUJ,"LICEUL TEORETIC ”PAVEL DAN”",190,"MUNICIPIUL CÂMPIA TURZII",55357,1,PROV,PRCNCT,S,S_SV,"2021-01-21 12:30:02",1341,1327,14,0,319,305,14,0,1464,1145,315,3,1,15,68,7,45,125,10,0,7,1,4,21,5,1,6
13,CLUJ,"LICEUL TEORETIC ”PAVEL DAN”",191,"MUNICIPIUL CÂMPIA TURZII",55357,1,PROV,PRCNCT,S,S_SV,"2021-01-21 12:30:02",1093,1076,16,1,271,254,16,1,1180,909,267,3,1,25,70,9,47,76,10,0,3,1,0,12,8,4,2
13,CLUJ,"LICEUL TEORETIC ”PAVEL DAN”",192,"MUNICIPIUL CÂMPIA TURZII",55357,1,PROV,PRCNCT,S,S_SV,"2021-01-21 12:30:02",1208,1183,23,2,331,306,23,2,1301,970,323,8,0,12,70,14,68,98,19,1,3,0,1,25,4,3,5
13,CLUJ,"ȘCOALA GIMNAZIALĂ ”AVRAM IANCU”",193,"MUNICIPIUL CÂMPIA TURZII",55357,1,PROV,PRCNCT,S,S_SV,"2021-01-21 12:30:02",1203,1186,12,5,345,328,12,5,1305,960,330,3,12,14,70,8,59,137,11,1,2,3,0,11,4,3,7
13,CLUJ,"ȘCOALA GIMNAZIALĂ ”AVRAM IANCU”",194,"MUNICIPIUL CÂMPIA TURZII",55357,1,PROV,PRCNCT,S,S_SV,"2021-01-21 12:30:02",1266,1233,28,5,357,324,28,5,1358,1001,354,3,0,56,62,24,59,113,14,0,2,3,0,13,3,2,3
13,CLUJ,"ȘCOALA GIMNAZIALĂ ”AVRAM IANCU”",195,"MUNICIPIUL CÂMPIA TURZII",55357,1,PROV,PRCNCT,S,S_SV,"2021-01-21 12:30:02",1197,1180,12,5,342,325,12,5,1307,965,331,6,5,69,50,10,45,109,14,0,7,1,1,14,3,2,6
13,CLUJ,"SC GIMNAZIALA MIHAI VITEAZU-SALA DE SPORT",196,"MUNICIPIUL CÂMPIA TURZII",55357,1,PROV,PRCNCT,S,S_SV,"2021-01-21 12:30:02",1265,1252,10,3,398,385,10,3,1380,982,394,4,0,22,117,15,67,127,11,0,7,1,2,15,3,0,7
13,CLUJ,"SC.GIMNAZIALA MIHAI VITEAZU-SALA DE SPORT",197,"MUNICIPIUL CÂMPIA TURZII",55357,1,PROV,PRCNCT,S,S_SV,"2021-01-21 12:30:02",1347,1328,19,0,303,284,19,0,1466,1163,299,3,1,6,60,13,52,112,12,1,4,1,0,27,4,2,5
13,CLUJ,"SC. GIMNAZIALA MIHAI VITEAZU-SALA DE SPORT",198,"MUNICIPIUL CÂMPIA TURZII",55357,2,PART,PRCNCT,S,S_SV,"2021-01-21 12:30:02",1406,1396,10,0,339,329,10,0,1536,1197,335,2,2,15,70,7,63,116,17,0,8,2,3,23,3,5,3
13,CLUJ,"ȘCOALA GIMNAZIALĂ ”MIHAI VITEAZU”",199,"MUNICIPIUL CÂMPIA TURZII",55357,1,PROV,PRCNCT,S,S_SV,"2021-01-21 12:30:02",1097,1083,14,0,309,295,14,0,1191,882,305,1,3,10,77,8,48,109,14,1,6,2,0,18,6,3,3
13,CLUJ,"ȘCOALA GIMNAZIALĂ ”MIHAI VITEAZU”",200,"MUNICIPIUL CÂMPIA TURZII",55357,1,PROV,PRCNCT,S,S_SV,"2021-01-21 12:30:02",1538,1517,14,7,403,382,14,7,1674,1271,397,5,1,12,102,18,48,110,20,0,7,3,3,59,6,4,5
13,CLUJ,"ȘCOALA GIMNAZIALĂ ”MIHAI VITEAZU”",201,"MUNICIPIUL CÂMPIA TURZII",55357,1,PROV,PRCNCT,S,S_SV,"2021-01-21 12:30:02",1399,1394,5,0,340,335,5,0,1539,1199,334,4,2,13,86,14,49,119,14,0,2,3,0,23,4,3,4
13,CLUJ,"ȘCOALA GIMNAZIALĂ ”MIHAI VITEAZU”",202,"MUNICIPIUL CÂMPIA TURZII",55357,1,PROV,PRCNCT,S,S_SV,"2021-01-21 12:30:02",1172,1166,5,1,215,209,5,1,1283,1068,213,2,0,9,65,7,22,72,4,0,3,2,1,18,4,1,5
13,CLUJ,"S.C. VASROM S.R.L DEJ",203,"MUNICIPIUL DEJ",55008,1,PROV,PRCNCT,S,S_SV,"2021-01-21 12:30:02",1315,1289,23,3,302,276,23,3,1420,1118,292,6,4,7,55,23,43,93,16,0,8,3,5,27,3,2,7
13,CLUJ,"SCOALA GENERALA NR.1 DEJ",204,"MUNICIPIUL DEJ",55008,1,PROV,PRCNCT,S,S_SV,"2021-01-21 12:30:02",1337,1308,27,2,403,374,27,2,1425,1022,396,4,3,44,65,13,85,125,23,0,2,0,6,27,0,1,5
13,CLUJ,"SCOALA MIHAI EMINESCU DEJ",205,"MUNICIPIUL DEJ",55008,1,PROV,PRCNCT,S,S_SV,"2021-01-21 12:30:02",859,813,15,31,201,155,15,31,899,698,191,9,1,7,37,5,26,64,13,0,7,1,2,25,0,1,3
13,CLUJ,"SCOALA MIHAI EMINESCU DEJ",206,"MUNICIPIUL DEJ",55008,1,PROV,PRCNCT,S,S_SV,"2021-01-21 12:30:02",974,958,16,0,268,252,16,0,1057,789,263,5,0,25,52,9,31,90,12,0,4,1,5,27,3,1,3
13,CLUJ,"SCOALA MIHAI EMINESCU DEJ",207,"MUNICIPIUL DEJ",55008,1,PROV,PRCNCT,S,S_SV,"2021-01-21 12:30:02",1604,1568,33,3,525,489,33,3,1726,1201,519,4,2,36,90,32,104,160,30,3,8,2,0,41,1,5,7
13,CLUJ,"LICEUL AL.P.ILARIAN DIN DEJ",208,"MUNICIPIUL DEJ",55008,1,PROV,PRCNCT,S,S_SV,"2021-01-21 12:30:02",1533,1513,19,1,412,392,19,1,1669,1257,402,7,3,68,66,13,52,110,25,1,4,4,8,46,1,1,3
13,CLUJ,"LICEUL AL.P.ILARIAN DIN DEJ",209,"MUNICIPIUL DEJ",55008,1,PROV,PRCNCT,S,S_SV,"2021-01-21 12:30:02",1521,1492,28,1,449,420,28,1,1641,1192,442,5,2,44,112,39,49,121,28,0,3,2,7,30,1,0,6
13,CLUJ,"OCOLUL SILVIC DEJ",210,"MUNICIPIUL DEJ",55008,1,PROV,PRCNCT,S,S_SV,"2021-01-21 12:30:02",1395,1359,29,7,399,363,29,7,1497,1098,395,4,0,41,68,19,63,115,41,0,4,2,2,29,3,2,6
13,CLUJ,"CLUBUL COPIILOR DEJ",211,"MUNICIPIUL DEJ",55008,1,PROV,PRCNCT,S,S_SV,"2021-01-21 12:30:02",1442,1418,23,1,436,412,23,1,1560,1124,432,2,2,42,100,16,85,114,11,1,9,0,5,36,4,2,7
13,CLUJ,"CAMINUL CULTURAL DEJ",212,"MUNICIPIUL DEJ",55008,1,PROV,PRCNCT,S,S_SV,"2021-01-21 12:30:02",750,738,12,0,253,241,12,0,815,562,249,2,2,5,50,28,43,82,13,1,3,2,1,12,6,2,1
13,CLUJ,"SCOALA GENERALA AVRAM IANCU DEJ",213,"MUNICIPIUL DEJ",55008,2,PART,PRCNCT,S,S_SV,"2021-01-21 12:30:02",1418,1395,23,0,342,319,23,0,1545,1203,337,4,1,24,102,16,31,105,15,1,0,0,5,30,2,1,5
13,CLUJ,"SCOALA GENERALA AVRAM IANCU DEJ",214,"MUNICIPIUL DEJ",55008,1,PROV,PRCNCT,S,S_SV,"2021-01-21 12:30:02",1520,1509,11,0,343,332,11,0,1660,1317,340,2,1,18,87,16,59,107,12,1,7,0,0,23,3,2,5
13,CLUJ,"SCOALA GENERALA NR. 5 DEJ",215,"MUNICIPIUL DEJ",55008,1,PROV,PRCNCT,S,S_SV,"2021-01-21 12:30:02",1718,1709,9,0,411,402,9,0,1878,1467,408,3,0,35,88,18,94,108,20,0,8,2,2,16,5,4,8
13,CLUJ,"SCOALA GENERALA NR.5 DEJ",216,"MUNICIPIUL DEJ",55008,1,PROV,PRCNCT,S,S_SV,"2021-01-21 12:30:02",1513,1486,25,2,311,284,25,2,1636,1325,304,5,2,19,79,21,47,88,13,1,2,3,1,23,1,4,2
13,CLUJ,"SCOALA GENERALA NR.5 DEJ",217,"MUNICIPIUL DEJ",55008,1,PROV,PRCNCT,S,S_SV,"2021-01-21 12:30:02",1406,1400,5,1,366,360,5,1,1542,1176,363,0,3,26,91,28,67,93,9,0,4,1,5,30,1,3,5
13,CLUJ,"GRADINITA PITICOT DEJ",218,"MUNICIPIUL DEJ",55008,1,PROV,PRCNCT,S,S_SV,"2021-01-21 12:30:02",960,948,10,2,203,191,10,2,1042,839,195,4,4,21,50,10,34,60,6,0,0,1,0,9,2,2,0
13,CLUJ,"GRADINITA PITICOT DEJ",219,"MUNICIPIUL DEJ",55008,1,PROV,PRCNCT,S,S_SV,"2021-01-21 12:30:02",1248,1224,23,1,273,249,23,1,1349,1076,270,0,3,25,59,13,45,75,19,0,2,0,2,20,2,4,4
13,CLUJ,"GRADINITA PITICOT DEJ",220,"MUNICIPIUL DEJ",55008,1,PROV,PRCNCT,S,S_SV,"2021-01-21 12:30:02",1391,1376,13,2,329,314,13,2,1493,1164,328,1,0,18,75,23,76,84,14,0,4,4,2,18,2,0,8
13,CLUJ,"GRADINITA PARADISUL PITICILOR DEJ",221,"MUNICIPIUL DEJ",55008,1,PROV,PRCNCT,S,S_SV,"2021-01-21 12:30:02",1266,1244,22,0,321,299,22,0,1366,1045,315,4,2,21,79,12,67,82,6,0,2,3,1,30,2,5,5
13,CLUJ,"SCOALA GENERALA AVRAM IANCU DEJ - CORP B",222,"MUNICIPIUL DEJ",55008,1,PROV,PRCNCT,S,S_SV,"2021-01-21 12:30:02",1386,1373,13,0,296,283,13,0,1515,1219,293,1,2,22,53,14,50,82,7,0,7,3,1,43,2,4,5
13,CLUJ,"SCOALA GENERALA AVRAM IANCU DEJ - CORP B",223,"MUNICIPIUL DEJ",55008,1,PROV,PRCNCT,S,S_SV,"2021-01-21 12:30:02",1407,1389,18,0,328,310,18,0,1536,1208,324,4,0,27,60,19,51,110,5,0,4,3,5,32,2,0,6
13,CLUJ,"SCOALA GENERALA OCNA DEJ",224,"MUNICIPIUL DEJ",55008,2,PART,PRCNCT,S,S_SV,"2021-01-21 12:30:02",1027,1015,11,1,261,249,11,1,1121,860,258,1,2,17,53,10,32,91,11,0,1,1,0,37,3,2,0
13,CLUJ,"SCOALA GENERALA OCNA DEJ",225,"MUNICIPIUL DEJ",55008,1,PROV,PRCNCT,S,S_SV,"2021-01-21 12:30:02",1091,1080,11,0,257,246,11,0,1186,929,254,2,1,18,53,11,30,69,24,1,3,7,3,23,4,1,7
13,CLUJ,"GRADINITA DE COPII LUMEA PITICILOR",226,"MUNICIPIUL DEJ",55008,1,PROV,PRCNCT,S,S_SV,"2021-01-21 12:30:02",1449,1441,8,0,324,316,8,0,1585,1261,319,5,0,90,33,15,52,85,16,0,4,1,0,15,5,1,2
13,CLUJ,"CAMINUL CULTURAL SOMCUTU MIC",227,"MUNICIPIUL DEJ",55008,1,PROV,PRCNCT,S,S_SV,"2021-01-21 12:30:02",491,478,13,0,120,107,13,0,527,407,115,3,2,2,36,4,9,41,5,0,2,0,0,12,1,2,1
13,CLUJ,"ŞCOALA GENERALĂ PINTIC",228,"MUNICIPIUL DEJ",55008,1,PROV,PRCNCT,S,S_SV,"2021-01-21 12:30:02",196,181,15,0,46,31,15,0,198,152,41,4,1,2,14,2,2,12,5,0,0,1,0,1,0,1,1
13,CLUJ,"LICEUL TEORETIC PETRU MAIOR GHERLA",229,"MUNICIPIUL GHERLA",55384,1,PROV,PRCNCT,S,S_SV,"2021-01-21 12:30:02",1704,1512,18,174,594,402,18,174,1661,1067,574,12,8,35,204,19,75,164,19,0,8,1,0,31,3,3,12
13,CLUJ,"LICEUL TEORETIC PETRU MAIOR GHERLA",230,"MUNICIPIUL GHERLA",55384,1,PROV,PRCNCT,S,S_SV,"2021-01-21 12:30:02",1657,1633,24,0,532,508,24,0,1789,1257,527,3,2,73,81,22,88,170,21,2,7,1,4,46,6,3,3
13,CLUJ,"LICEUL TEORETIC ANA IPATESCU",231,"MUNICIPIUL GHERLA",55384,1,PROV,PRCNCT,S,S_SV,"2021-01-21 12:30:02",1491,1457,34,0,441,407,34,0,1607,1166,439,2,0,73,75,14,79,124,14,3,4,0,7,35,5,4,2
13,CLUJ,"ŞCOALA GIMNAZIALĂ NR.1",232,"MUNICIPIUL GHERLA",55384,1,PROV,PRCNCT,S,S_SV,"2021-01-21 12:30:02",1073,1047,26,0,324,298,26,0,1151,827,319,4,1,44,64,13,59,87,13,0,1,1,1,30,0,0,6
13,CLUJ,"ŞCOALA GIMNAZIALĂ NR.1",233,"MUNICIPIUL GHERLA",55384,2,PART,PRCNCT,S,S_SV,"2021-01-21 12:30:02",1815,1798,14,3,497,480,14,3,1978,1481,487,9,1,75,69,15,111,133,14,1,6,2,5,46,4,2,4
13,CLUJ,"ŞCOALA GIMNAZIALĂ NR.1",234,"MUNICIPIUL GHERLA",55384,2,PART,PRCNCT,S,S_SV,"2021-01-21 12:30:02",871,841,22,8,268,238,22,8,923,655,265,3,0,23,45,4,60,87,9,1,3,6,0,23,0,4,0
13,CLUJ,"SCOALA GIMNAZIALA NR. 1",235,"MUNICIPIUL GHERLA",55384,1,PROV,PRCNCT,S,S_SV,"2021-01-21 12:30:02",1302,1285,16,1,343,326,16,1,1414,1071,338,2,3,40,83,7,40,100,12,1,6,2,4,28,2,5,8
13,CLUJ,"SCOALA GIMNAZIALA NR. 1",236,"MUNICIPIUL GHERLA",55384,1,PROV,PRCNCT,S,S_SV,"2021-01-21 12:30:02",1213,1197,16,0,353,337,16,0,1319,966,349,2,2,65,49,5,57,115,15,1,5,1,5,28,0,0,3
13,CLUJ,"LICEUL TEORETIC ANA IPĂTESCU",237,"MUNICIPIUL GHERLA",55384,1,PROV,PRCNCT,S,S_SV,"2021-01-21 12:30:02",1595,1561,21,13,461,427,21,13,1721,1260,453,7,1,56,91,7,73,152,18,1,7,4,1,32,4,3,4
13,CLUJ,"LICEUL TEORETIC ANA IPĂTESCU",238,"MUNICIPIUL GHERLA",55384,2,PART,PRCNCT,S,S_SV,"2021-01-21 12:30:02",1435,1414,18,3,388,367,18,3,1557,1169,380,3,5,36,66,14,84,126,8,2,1,1,1,30,3,3,5
13,CLUJ,"LICEUL TEORETIC ANA IPĂTESCU",239,"MUNICIPIUL GHERLA",55384,1,PROV,PRCNCT,S,S_SV,"2021-01-21 12:30:02",1382,1358,24,0,384,360,24,0,1503,1119,380,3,1,37,75,12,72,123,10,1,5,1,1,32,4,4,3
13,CLUJ,"LICEUL TEORETIC ANA IPĂTESCU",240,"MUNICIPIUL GHERLA",55384,1,PROV,PRCNCT,S,S_SV,"2021-01-21 12:30:02",1447,1433,12,2,355,341,12,2,1578,1223,352,1,2,57,73,6,63,106,6,1,8,6,0,17,2,5,2
13,CLUJ,"CLUBUL COPIILOR GHERLA",241,"MUNICIPIUL GHERLA",55384,1,PROV,PRCNCT,S,S_SV,"2021-01-21 12:30:02",1521,1503,18,0,366,348,18,0,1661,1295,361,5,0,30,81,15,58,128,7,0,3,1,0,35,1,0,2
13,CLUJ,"SCOALA CLS. I - IV BAITA",242,"MUNICIPIUL GHERLA",55384,1,PROV,PRCNCT,S,S_SV,"2021-01-21 12:30:02",397,389,8,0,101,93,8,0,427,326,101,0,0,19,16,1,17,35,3,0,3,0,4,2,0,1,0
13,CLUJ,"ŞCOALA CLS. I - IV HĂŞDATE",243,"MUNICIPIUL GHERLA",55384,1,PROV,PRCNCT,S,S_SV,"2021-01-21 12:30:02",290,277,13,0,75,62,13,0,302,227,72,3,0,2,8,2,16,25,4,1,0,0,0,12,0,2,0
13,CLUJ,"ŞCOALA CLS. I - IV SILIVAŞ",244,"MUNICIPIUL GHERLA",55384,2,PART,PRCNCT,S,S_SV,"2021-01-21 12:30:02",178,164,14,0,31,17,14,0,211,180,31,0,0,3,7,2,6,5,1,1,0,3,0,0,1,2,0
13,CLUJ,"LICEUL TEORETIC ”JOSIKA MIKLOS”",245,"MUNICIPIUL TURDA",55259,1,PROV,PRCNCT,S,S_SV,"2021-01-21 12:30:02",906,888,15,3,230,212,15,3,980,750,225,4,1,36,33,12,44,55,11,1,3,5,0,20,1,1,3
13,CLUJ,"LICEUL TEORETIC ”JOSIKA MIKLOS”",246,"MUNICIPIUL TURDA",55259,1,PROV,PRCNCT,S,S_SV,"2021-01-21 12:30:02",1195,1168,26,1,368,341,26,1,1287,919,362,6,0,56,71,10,73,103,14,0,3,1,2,16,7,0,6
13,CLUJ,"SCOALA GIMNAZIALĂ ”TEODOR MURĂŞANU”",247,"MUNICIPIUL TURDA",55259,1,PROV,PRCNCT,S,S_SV,"2021-01-21 12:30:02",1134,1109,24,1,353,328,24,1,1223,870,347,5,1,42,59,8,90,79,19,1,8,1,2,26,1,0,11
13,CLUJ,"COLEGIUL TEHNIC ”DR.IOAN RAŢIU”",248,"MUNICIPIUL TURDA",55259,1,PROV,PRCNCT,S,S_SV,"2021-01-21 12:30:02",1389,1376,13,0,339,326,13,0,1513,1174,332,4,3,33,39,7,86,82,8,3,4,3,4,53,2,1,7
13,CLUJ,"COLEGIUL TEHNIC ”DR.IOAN RAŢIU”",249,"MUNICIPIUL TURDA",55259,1,PROV,PRCNCT,S,S_SV,"2021-01-21 12:30:02",984,970,13,1,260,246,13,1,1067,807,254,6,0,7,51,14,20,87,9,0,3,3,2,47,1,5,5
13,CLUJ,"COLEGIUL TEHNIC ”DR.IOAN RAŢIU”",250,"MUNICIPIUL TURDA",55259,1,PROV,PRCNCT,S,S_SV,"2021-01-21 12:30:02",1078,1071,7,0,204,197,7,0,1179,975,199,5,0,4,49,9,20,49,8,0,2,4,2,42,3,2,5
13,CLUJ,"ŞCOALA GIMNAZIALĂ ”TEODOR MURĂŞANU”",251,"MUNICIPIUL TURDA",55259,1,PROV,PRCNCT,S,S_SV,"2021-01-21 12:30:02",1562,1533,27,2,416,387,27,2,1683,1267,409,4,3,49,63,13,103,108,14,2,6,5,4,34,4,2,2
13,CLUJ,"ŞCOALA GIMNAZIALĂ ”TEODOR MURĂŞANU”",252,"MUNICIPIUL TURDA",55259,1,PROV,PRCNCT,S,S_SV,"2021-01-21 12:30:02",1217,1200,17,0,346,329,17,0,1322,976,341,4,1,38,56,6,77,96,19,0,6,2,7,20,5,1,8
13,CLUJ,"SCOALA GIMNAZIALA ”TEODOR MURĂŞANU”",253,"MUNICIPIUL TURDA",55259,1,PROV,PRCNCT,S,S_SV,"2021-01-21 12:30:02",1155,1130,23,2,311,286,23,2,1241,930,307,4,0,6,47,11,76,110,8,3,3,2,8,25,3,0,5
13,CLUJ,"COLEGIUL TEHNIC",254,"MUNICIPIUL TURDA",55259,1,PROV,PRCNCT,S,S_SV,"2021-01-21 12:30:02",1212,1193,18,1,357,338,18,1,1318,961,352,3,2,38,60,11,67,117,14,0,2,6,3,24,3,3,4
13,CLUJ,"COLEGIUL TEHNIC",255,"MUNICIPIUL TURDA",55259,1,PROV,PRCNCT,S,S_SV,"2021-01-21 12:30:02",1170,1151,12,7,357,338,12,7,1270,913,347,7,3,39,61,8,73,103,26,0,4,4,1,20,3,1,4
13,CLUJ,"COLEGIUL NAŢIONAL ”MIHAI VITEAZU”",256,"MUNICIPIUL TURDA",55259,1,PROV,PRCNCT,S,S_SV,"2021-01-21 12:30:02",1083,1050,33,0,335,302,33,0,1156,821,327,4,4,45,40,10,81,92,23,0,1,0,2,30,3,0,0
13,CLUJ,"COLEGIUL ”EMIL NEGRUŢIU”",257,"MUNICIPIUL TURDA",55259,1,PROV,PRCNCT,S,S_SV,"2021-01-21 12:30:02",1222,1212,10,0,333,323,10,0,1336,1003,327,6,0,10,50,17,73,96,29,0,8,3,3,27,5,2,4
13,CLUJ,"ŞCOALA GIMNAZIALĂ ”ANDREI ŞAGUNA”",258,"MUNICIPIUL TURDA",55259,1,PROV,PRCNCT,S,S_SV,"2021-01-21 12:30:02",1256,1246,10,0,264,254,10,0,1373,1109,260,2,2,13,42,7,45,81,12,0,7,1,2,43,3,3,1
13,CLUJ,"ŞCOALA GIMNAZIALĂ ”ANDREI ŞAGUNA”",259,"MUNICIPIUL TURDA",55259,1,PROV,PRCNCT,S,S_SV,"2021-01-21 12:30:02",977,954,23,0,282,259,23,0,1058,776,278,4,0,24,48,8,52,84,16,0,1,3,3,24,9,1,5
13,CLUJ,"ŞCOALA GIMNAZIALĂ ”ANDREI ŞAGUNA”",260,"MUNICIPIUL TURDA",55259,1,PROV,PRCNCT,S,S_SV,"2021-01-21 12:30:02",1058,1047,11,0,256,245,11,0,1156,900,252,2,2,15,51,6,36,76,21,0,3,5,5,25,2,2,5
13,CLUJ,"ŞCOALA GIMNAZIALĂ ”AVRAM IANCU”",261,"MUNICIPIUL TURDA",55259,1,PROV,PRCNCT,S,S_SV,"2021-01-21 12:30:02",1005,977,28,0,270,242,28,0,1076,806,265,3,2,4,52,15,57,73,22,2,1,1,4,29,1,2,2
13,CLUJ,"ŞCOALA GIMNAZIALĂ ”AVRAM IANCU”",262,"MUNICIPIUL TURDA",55259,1,PROV,PRCNCT,S,S_SV,"2021-01-21 12:30:02",1153,1137,16,0,314,298,16,0,1254,940,307,6,1,15,73,13,63,75,10,2,3,2,4,39,6,0,2
13,CLUJ,"ŞCOALA GIMNAZIALĂ ”AVRAM IANCU”",263,"MUNICIPIUL TURDA",55259,1,PROV,PRCNCT,S,S_SV,"2021-01-21 12:30:02",1131,1123,8,0,314,306,8,0,1232,918,310,3,1,11,61,13,67,94,24,2,3,0,1,21,6,3,4
13,CLUJ,"ŞCOALA GIMNAZIALĂ ”AVRAM IANCU”",264,"MUNICIPIUL TURDA",55259,1,PROV,PRCNCT,S,S_SV,"2021-01-21 12:30:02",1237,1231,6,0,270,264,6,0,1352,1082,265,5,0,8,73,8,50,60,10,0,3,1,1,39,4,3,5
13,CLUJ,"ŞCOALA GIMNAZIALĂ ”ION OPRIŞ”",265,"MUNICIPIUL TURDA",55259,1,PROV,PRCNCT,S,S_SV,"2021-01-21 12:30:02",1223,1205,18,0,337,319,18,0,1329,992,333,2,2,6,56,9,91,111,16,1,3,1,2,30,2,0,5
13,CLUJ,"ŞCOALA GIMNAZIALĂ ”ION OPRIŞ”",266,"MUNICIPIUL TURDA",55259,1,PROV,PRCNCT,S,S_SV,"2021-01-21 12:30:02",1029,1021,8,0,293,285,8,0,1141,848,288,2,3,9,62,11,56,84,22,0,6,2,0,26,2,4,4
13,CLUJ,"ŞCOALA GIMNAZIALĂ ”ION OPRIŞ”",267,"MUNICIPIUL TURDA",55259,1,PROV,PRCNCT,S,S_SV,"2021-01-21 12:30:02",1320,1311,9,0,329,320,9,0,1444,1115,321,7,1,23,80,11,62,99,19,1,1,3,2,11,1,2,6
13,CLUJ,"LICEUL TEORETIC ”LIVIU REBREANU”",268,"MUNICIPIUL TURDA",55259,1,PROV,PRCNCT,S,S_SV,"2021-01-21 12:30:02",1411,1396,15,0,367,352,15,0,1535,1168,361,6,0,6,63,9,108,99,18,0,3,1,3,41,5,1,4
13,CLUJ,"LICEUL TEORETIC ”LIVIU REBREANU”",269,"MUNICIPIUL TURDA",55259,1,PROV,PRCNCT,S,S_SV,"2021-01-21 12:30:02",1461,1448,12,1,291,278,12,1,1596,1305,287,3,1,8,65,9,37,95,18,0,1,2,0,35,4,2,11
13,CLUJ,"LICEUL TEORETIC ”LIVIU REBREANU”",270,"MUNICIPIUL TURDA",55259,1,PROV,PRCNCT,S,S_SV,"2021-01-21 12:30:02",1391,1381,10,0,359,349,10,0,1524,1165,353,5,1,19,80,18,44,101,29,1,8,3,0,34,8,2,6
13,CLUJ,"LICEUL TEORETIC ”LIVIU REBREANU”",271,"MUNICIPIUL TURDA",55259,1,PROV,PRCNCT,S,S_SV,"2021-01-21 12:30:02",1271,1252,19,0,344,325,19,0,1388,1044,343,1,0,21,65,12,70,114,20,0,3,2,3,20,3,3,7
13,CLUJ,"LICEUL TEORETIC ”LIVIU REBREANU”",272,"MUNICIPIUL TURDA",55259,1,PROV,PRCNCT,S,S_SV,"2021-01-21 12:30:02",1454,1443,11,0,381,370,11,0,1590,1209,379,1,1,13,77,15,84,117,17,0,7,2,3,33,3,2,6
13,CLUJ,"LICEUL TEORETIC ”LIVIU REBREANU”",273,"MUNICIPIUL TURDA",55259,1,PROV,PRCNCT,S,S_SV,"2021-01-21 12:30:02",1067,1057,10,0,241,231,10,0,1166,925,233,5,3,6,50,4,48,62,7,0,3,3,0,33,6,6,5
13,CLUJ,"ŞCOALA GIMNAZIALĂ ”HOREA CLOŞCA ŞI CRIŞAN”",274,"MUNICIPIUL TURDA",55259,1,PROV,PRCNCT,S,S_SV,"2021-01-21 12:30:02",1386,1374,12,0,348,336,12,0,1509,1161,341,7,0,14,57,10,75,106,25,1,5,2,1,29,8,0,8
13,CLUJ,"ŞCOALA GIMNAZIALĂ ”HOREA CLOŞCA ŞI CRIŞAN”",275,"MUNICIPIUL TURDA",55259,1,PROV,PRCNCT,S,S_SV,"2021-01-21 12:30:02",1396,1386,10,0,322,312,10,0,1527,1205,318,4,0,10,70,10,54,81,23,0,4,3,1,49,3,4,6
13,CLUJ,"ŞCOALA GIMNAZIALĂ ”HOREA CLOŞCA ŞI CRIŞAN”",276,"MUNICIPIUL TURDA",55259,1,PROV,PRCNCT,S,S_SV,"2021-01-21 12:30:02",1387,1378,9,0,311,302,9,0,1523,1212,310,1,0,4,67,12,55,87,16,0,3,1,8,51,3,0,3
13,CLUJ,"ŞCOALA GIMNAZIALĂ ”HOREA CLOŞCA ŞI CRIŞAN”",277,"MUNICIPIUL TURDA",55259,1,PROV,PRCNCT,S,S_SV,"2021-01-21 12:30:02",1334,1318,16,0,306,290,16,0,1443,1137,301,4,1,11,58,14,53,85,17,1,1,3,2,44,3,6,3
13,CLUJ,"ŞCOALA GIMNAZIALĂ ”HOREA CLOŞCA ŞI CRIŞAN”",278,"MUNICIPIUL TURDA",55259,1,PROV,PRCNCT,S,S_SV,"2021-01-21 12:30:02",1209,1198,11,0,283,272,11,0,1320,1037,281,2,0,12,57,13,55,85,18,0,6,3,0,23,3,4,2
13,CLUJ,"ŞCOALA GIMNAZIALĂ ”HOREA CLOŞCA ŞI CRIŞAN”",279,"MUNICIPIUL TURDA",55259,1,PROV,PRCNCT,S,S_SV,"2021-01-21 12:30:02",1185,1176,6,3,277,268,6,3,1295,1018,274,3,0,24,55,11,44,81,14,0,5,1,1,29,5,1,3
13,CLUJ,"ŞCOALA GIMNAZIALĂ ”HOREA CLOŞCA ŞI CRIŞAN”",280,"MUNICIPIUL TURDA",55259,1,PROV,PRCNCT,S,S_SV,"2021-01-21 12:30:02",1354,1348,6,0,305,299,6,0,1487,1182,300,1,4,20,52,15,58,85,21,1,4,1,0,35,3,4,1
13,CLUJ,"ŞCOALA PROFESIONALĂ POIANA",281,"MUNICIPIUL TURDA",55259,1,PROV,PRCNCT,S,S_SV,"2021-01-21 12:30:02",1291,1280,11,0,340,329,11,0,1414,1074,336,3,1,38,70,16,51,97,18,2,1,2,0,33,4,4,0
13,CLUJ,"ŞCOALA PROFESIONALĂ POIANA",282,"MUNICIPIUL TURDA",55259,1,PROV,PRCNCT,S,S_SV,"2021-01-21 12:30:02",1482,1462,14,6,517,497,14,6,1611,1094,491,16,10,25,59,15,36,238,22,1,9,7,0,68,1,5,5
13,CLUJ,"SCOALA NOUA CU 16 SALI DE CLASA",283,"ORAŞ HUEDIN",55446,1,PROV,PRCNCT,S,S_SV,"2021-01-21 12:30:02",1062,1036,23,3,334,308,23,3,1135,801,330,4,0,64,55,12,40,117,8,1,4,0,8,14,6,0,1
13,CLUJ,"LICEUL TEHNOLOGIC VLADEASA",284,"ORAŞ HUEDIN",55446,1,PROV,PRCNCT,S,S_SV,"2021-01-21 12:30:02",1550,1527,19,4,358,335,19,4,1679,1321,349,4,5,137,39,13,25,99,10,0,2,1,1,15,3,2,2
13,CLUJ,"CASA DE COPII",285,"ORAŞ HUEDIN",55446,1,PROV,PRCNCT,S,S_SV,"2021-01-21 12:30:02",1637,1581,54,2,574,518,54,2,1743,1169,569,4,1,104,93,11,49,232,18,0,6,3,18,28,3,1,3
13,CLUJ,"PRIMARIA ORAS HUEDIN",286,"ORAŞ HUEDIN",55446,1,PROV,PRCNCT,S,S_SV,"2021-01-21 12:30:02",1466,1411,54,1,403,348,54,1,1559,1156,388,9,6,73,56,12,38,141,14,2,5,3,6,26,4,4,4
13,CLUJ,"LICEUL TEORETIC OCTAVIAN GOGA",287,"ORAŞ HUEDIN",55446,1,PROV,PRCNCT,S,S_SV,"2021-01-21 12:30:02",1418,1368,46,4,442,392,46,4,1512,1070,433,5,4,100,57,6,64,143,11,0,4,3,5,32,3,1,4
13,CLUJ,"FOSTA CASĂ PAROHIALĂ",288,"ORAŞ HUEDIN",55446,3,PART,PRCNCT,S,S_SV,"2021-01-21 12:30:02",362,350,12,0,50,38,12,0,383,333,49,0,1,3,7,2,4,24,1,0,0,4,0,2,0,0,2
13,CLUJ,"CAMIN CULTURAL",289,"ORAŞ HUEDIN",55446,1,PROV,PRCNCT,S,S_SV,"2021-01-21 12:30:02",267,253,14,0,84,70,14,0,281,197,81,2,1,52,4,1,1,19,1,0,0,0,0,1,0,0,2
13,CLUJ,"SCOALA GENERALA AGHIRESU",290,AGHIREŞU,55473,1,PROV,PRCNCT,S,S_SV,"2021-01-21 12:30:02",1108,1074,34,0,191,157,34,0,1178,987,183,7,1,15,27,4,23,82,9,0,1,4,1,15,1,0,1
13,CLUJ,"CĂMINUL CULTURAL AGHIREŞU FABRICI",291,AGHIREŞU,55473,1,PROV,PRCNCT,S,S_SV,"2021-01-21 12:30:02",1200,1178,22,0,265,243,22,0,1294,1029,262,0,3,37,35,12,28,110,7,1,2,0,6,20,3,1,0
13,CLUJ,"SCOALA GENERALA AGHIRESU-FABRICI",292,AGHIREŞU,55473,1,PROV,PRCNCT,S,S_SV,"2021-01-21 12:30:02",1394,1369,25,0,210,185,25,0,1510,1300,207,2,1,22,33,9,38,62,9,0,1,1,2,25,1,2,2
13,CLUJ,"CAMIN CULTURAL ARGHISU",293,AGHIREŞU,55473,1,PROV,PRCNCT,S,S_SV,"2021-01-21 12:30:02",117,97,20,0,46,26,20,0,106,60,45,1,0,2,5,4,6,16,5,0,0,0,0,2,1,1,3
13,CLUJ,"SCOALA GENERALA BAGARA",294,AGHIREŞU,55473,1,PROV,PRCNCT,S,S_SV,"2021-01-21 12:30:02",366,325,39,2,132,91,39,2,362,230,128,1,3,106,4,1,4,5,2,0,0,2,0,1,0,1,2
13,CLUJ,"SCOALA GENERALA DANCU",295,AGHIREŞU,55473,1,PROV,PRCNCT,S,S_SV,"2021-01-21 12:30:02",87,53,34,0,40,6,34,0,58,18,40,0,0,2,15,3,0,9,3,0,1,0,0,6,0,0,1
13,CLUJ,"CAMIN CULTURAL DOROLTU",296,AGHIREŞU,55473,1,PROV,PRCNCT,S,S_SV,"2021-01-21 12:30:02",89,72,17,0,38,21,17,0,78,40,38,0,0,24,1,1,4,4,1,0,0,0,0,3,0,0,0
13,CLUJ,"SCOALA GENERALA INUCU",297,AGHIREŞU,55473,1,PROV,PRCNCT,S,S_SV,"2021-01-21 12:30:02",278,253,25,0,130,105,25,0,278,148,129,0,1,115,1,3,2,6,1,0,0,0,0,1,0,0,0
13,CLUJ,"CAMIN CULTURAL LEGHIA",298,AGHIREŞU,55473,1,PROV,PRCNCT,S,S_SV,"2021-01-21 12:30:02",386,372,14,0,128,114,14,0,408,280,126,2,0,102,4,2,4,9,1,0,1,0,0,3,0,0,0
13,CLUJ,"IMOBIL CONSILIU NR. 7",299,AGHIREŞU,55473,3,PART,PRCNCT,S,S_SV,"2021-01-21 12:30:02",541,497,41,3,239,195,41,3,547,308,234,1,4,202,3,1,4,14,2,0,0,3,1,3,0,0,1
13,CLUJ,"SCOALA GENERALA TICU",300,AGHIREŞU,55473,1,PROV,PRCNCT,S,S_SV,"2021-01-21 12:30:02",63,49,14,0,27,13,14,0,53,26,26,1,0,2,6,1,2,11,2,0,0,0,1,1,0,0,0
13,CLUJ,"SCOALA GENERALA TICU-COLONIE",301,AGHIREŞU,55473,1,PROV,PRCNCT,S,S_SV,"2021-01-21 12:30:02",144,124,20,0,37,17,20,0,138,101,36,0,1,2,2,1,5,17,2,0,1,1,0,2,2,0,1
13,CLUJ,"CAMIN CULTURAL AITON",302,AITON,55598,1,PROV,PRCNCT,S,S_SV,"2021-01-21 12:30:02",572,502,70,0,191,121,70,0,550,359,179,9,3,19,25,18,29,59,10,2,3,1,1,7,1,0,4
13,CLUJ,"CAMIN CULTURAL REDIU",303,AITON,55598,1,PROV,PRCNCT,S,S_SV,"2021-01-21 12:30:02",441,382,59,0,145,86,59,0,419,274,141,2,2,2,10,9,21,84,5,1,2,1,0,3,0,0,3
13,CLUJ,"CAMIN CULTURAL ALUNIS",304,ALUNIŞ,55623,1,PROV,PRCNCT,S,S_SV,"2021-01-21 12:30:02",472,439,33,0,126,93,33,0,484,358,122,3,1,2,15,3,6,49,26,1,0,0,0,14,5,0,1
13,CLUJ,"CAMIN CULTURAL CORNENI",305,ALUNIŞ,55623,1,PROV,PRCNCT,S,S_SV,"2021-01-21 12:30:02",126,105,21,0,41,20,21,0,116,75,38,1,2,1,4,14,4,13,1,1,0,0,0,0,0,0,0
13,CLUJ,"SEDIU ADMINISTRATIV GHIROLT",306,ALUNIŞ,55623,1,PROV,PRCNCT,S,S_SV,"2021-01-21 12:30:02",346,323,23,0,72,49,23,0,357,285,68,3,1,1,10,8,7,29,5,0,1,2,0,4,0,0,1
13,CLUJ,"CAMIN CULTURAL VALE",307,ALUNIŞ,55623,1,PROV,PRCNCT,S,S_SV,"2021-01-21 12:30:02",99,72,27,0,48,21,27,0,110,62,46,0,2,2,15,1,3,18,2,1,0,2,0,1,0,1,0
13,CLUJ,"SALA SPORT LICEU TEHNOLOGIC ”ŞTEFAN PASCU”",308,APAHIDA,55687,2,PART,PRCNCT,S,S_SV,"2021-01-21 12:30:02",1909,1853,54,2,558,502,54,2,2040,1482,547,11,0,4,95,18,149,165,28,3,7,1,6,48,7,7,9
13,CLUJ,"SALA SPORT LICEU TEHNOLOGIC ”ŞTEFAN PASCU”",309,APAHIDA,55687,1,PROV,PRCNCT,S,S_SV,"2021-01-21 12:30:02",1736,1697,39,0,467,428,39,0,1867,1400,462,4,1,8,84,9,111,158,20,0,3,2,6,53,2,2,4
13,CLUJ,"SALA SPORT LICEU TEHNOLOGIC ”ŞTEFAN PASCU”",310,APAHIDA,55687,1,PROV,PRCNCT,S,S_SV,"2021-01-21 12:30:02",1879,1827,51,1,583,531,51,1,2008,1425,574,7,2,8,77,24,142,214,24,1,3,1,6,53,5,9,7
13,CLUJ,"SALA SPORT LICEU TEHNOLOGIC ”ŞTEFAN PASCU”",311,APAHIDA,55687,1,PROV,PRCNCT,S,S_SV,"2021-01-21 12:30:02",1512,1470,42,0,397,355,42,0,1613,1216,394,2,1,8,62,11,103,143,12,4,2,2,4,38,4,0,1
13,CLUJ,"CĂMIN CULTURAL SÎNNICOARĂ",312,APAHIDA,55687,1,PROV,PRCNCT,S,S_SV,"2021-01-21 12:30:02",2060,1968,90,2,743,651,90,2,2162,1419,730,8,5,11,106,7,166,291,38,0,8,4,23,55,9,4,8
13,CLUJ,"CĂMINUL CULTURAL DEZMIR",313,APAHIDA,55687,1,PROV,PRCNCT,S,S_SV,"2021-01-21 12:30:02",2035,1859,158,18,816,640,158,18,2024,1208,805,9,2,14,96,11,285,263,33,5,6,5,20,55,3,1,8
13,CLUJ,"CĂMINUL CULTURAL PATA",314,APAHIDA,55687,1,PROV,PRCNCT,S,S_SV,"2021-01-21 12:30:02",553,503,46,4,174,124,46,4,551,377,170,0,4,19,52,3,35,37,4,0,1,0,1,14,3,0,1
13,CLUJ,"CĂMIN CULTURAL CORPADEA",315,APAHIDA,55687,1,PROV,PRCNCT,S,S_SV,"2021-01-21 12:30:02",366,333,33,0,109,76,33,0,362,253,108,0,1,2,20,1,20,38,2,0,0,2,0,16,1,3,3
13,CLUJ,"SEDIU SECTOR PISCICOLA",316,APAHIDA,55687,1,PROV,PRCNCT,S,S_SV,"2021-01-21 12:30:02",187,147,40,0,111,71,40,0,212,101,111,0,0,5,12,7,28,36,5,1,2,2,0,9,2,0,2
13,CLUJ,"GRĂDINIŢA AŞCHILEU MARE",317,AŞCHILEU,55776,1,PROV,PRCNCT,S,S_SV,"2021-01-21 12:30:02",460,429,31,0,130,99,31,0,471,341,126,4,0,0,23,21,6,57,6,0,0,0,0,9,2,2,0
13,CLUJ,"GRĂDINIŢA AŞCHILEU MIC",318,AŞCHILEU,55776,1,PROV,PRCNCT,S,S_SV,"2021-01-21 12:30:02",257,225,32,0,84,52,32,0,249,165,78,2,4,1,14,3,7,38,3,1,1,1,0,5,1,1,2
13,CLUJ,"GRĂDINIŢA CRISTOREL",319,AŞCHILEU,55776,1,PROV,PRCNCT,S,S_SV,"2021-01-21 12:30:02",308,296,12,0,65,53,12,0,326,261,65,0,0,1,11,14,2,22,5,3,2,0,1,1,2,0,1
13,CLUJ,"ŞCOALA PRIMARĂ FODORA",320,AŞCHILEU,55776,2,PART,PRCNCT,S,S_SV,"2021-01-21 12:30:02",233,200,33,0,93,60,33,0,223,130,88,1,4,10,17,6,9,36,1,0,0,1,0,7,0,0,1
13,CLUJ,"GRĂDINIȚĂ CU PROGRAM PRELUNGIT (STRUCTURĂ BLOCURI)",321,BACIU,55838,1,PROV,PRCNCT,S,S_SV,"2021-01-21 12:30:02",1923,1799,124,0,796,672,124,0,1965,1169,794,1,1,89,52,19,336,213,13,2,5,1,12,41,0,1,10
13,CLUJ,"CASA DE CULTURĂ BACIU",322,BACIU,55838,1,PROV,PRCNCT,S,S_SV,"2021-01-21 12:30:02",1800,1724,72,4,685,609,72,4,1897,1212,675,6,4,197,41,27,185,167,15,3,0,3,1,27,2,2,5
13,CLUJ,"CASA DE CULTURĂ BACIU",323,BACIU,55838,1,PROV,PRCNCT,S,S_SV,"2021-01-21 12:30:02",1770,1713,54,3,602,545,54,3,1889,1287,600,1,1,166,66,15,140,154,10,2,7,2,9,20,1,2,6
13,CLUJ,"CASA DE CULTURĂ BACIU",324,BACIU,55838,1,PROV,PRCNCT,S,S_SV,"2021-01-21 12:30:02",1155,1130,24,1,327,302,24,1,1241,914,325,0,2,124,37,16,38,73,7,3,2,1,4,16,1,2,1
13,CLUJ,"ȘCOALA CORUȘU",325,BACIU,55838,1,PROV,PRCNCT,S,S_SV,"2021-01-21 12:30:02",536,480,55,1,232,176,55,1,525,293,229,1,2,6,45,19,33,90,10,2,1,0,3,16,0,2,2
13,CLUJ,"ȘCOALA MERA",326,BACIU,55838,1,PROV,PRCNCT,S,S_SV,"2021-01-21 12:30:02",1361,1298,41,22,423,360,41,22,1425,1002,408,4,11,284,13,6,20,33,8,0,2,4,5,25,3,3,2
13,CLUJ,"ȘCOALA POPEȘTI",327,BACIU,55838,2,PART,PRCNCT,S,S_SV,"2021-01-21 12:30:02",677,604,69,4,270,197,69,4,662,392,269,0,1,7,27,9,87,86,14,0,3,3,3,22,2,1,5
13,CLUJ,"ȘCOALA SĂLIȘTEA NOUĂ",328,BACIU,55838,1,PROV,PRCNCT,S,S_SV,"2021-01-21 12:30:02",180,145,33,2,90,55,33,2,192,102,89,0,1,2,13,6,15,42,2,0,0,0,1,7,0,0,1
13,CLUJ,"ȘCOALA SUCEAGU",329,BACIU,55838,1,PROV,PRCNCT,S,S_SV,"2021-01-21 12:30:02",1194,1151,43,0,298,255,43,0,1264,966,287,4,7,127,30,6,34,62,4,0,0,3,2,13,1,2,3
13,CLUJ,"ŞCOALA GENERALĂ BĂIŞOARA",330,BĂIŞOARA,55918,1,PROV,PRCNCT,S,S_SV,"2021-01-21 12:30:02",887,834,50,3,265,212,50,3,922,657,257,5,3,1,66,13,43,77,12,0,5,4,0,26,3,4,3
13,CLUJ,"ŞCOALA PRIMARĂ SĂCEL",331,BĂIŞOARA,55918,1,PROV,PRCNCT,S,S_SV,"2021-01-21 12:30:02",351,339,12,0,113,101,12,0,377,264,111,1,1,0,17,4,5,31,12,0,1,1,2,31,2,0,5
13,CLUJ,"ŞCOALA PRIMARĂ MUNTELE BĂIŞORII",332,BĂIŞOARA,55918,1,PROV,PRCNCT,S,S_SV,"2021-01-21 12:30:02",311,266,45,0,111,66,45,0,292,181,109,0,2,3,16,8,24,43,2,0,0,0,0,8,1,1,3
13,CLUJ,"ŞCOALA PRIMARĂ MUNTELE CACOVEI",333,BĂIŞOARA,55918,1,PROV,PRCNCT,S,S_SV,"2021-01-21 12:30:02",86,74,12,0,33,21,12,0,80,47,31,1,1,0,4,2,6,11,3,0,1,0,0,2,0,1,1
13,CLUJ,"ŞCOALA PRIMARĂ MUNTELE SĂCELULUI",334,BĂIŞOARA,55918,1,PROV,PRCNCT,S,S_SV,"2021-01-21 12:30:02",63,52,11,0,27,16,11,0,56,29,27,0,0,0,7,4,1,11,1,0,1,1,0,0,0,0,1
13,CLUJ,"GOSPODĂRIA D-NEI. PAŞCA TODORICA, SAT MOARA DE PĂDURE, NR. 24",335,BĂIŞOARA,55918,3,PART,PRCNCT,S,S_SV,"2021-01-21 12:30:02",144,115,29,0,63,34,29,0,126,63,60,2,1,1,9,4,8,16,4,0,0,0,1,14,0,0,3
13,CLUJ,"PRIMĂRIA BELIŞ",336,BELIŞ,56014,1,PROV,PRCNCT,S,S_SV,"2021-01-21 12:30:02",606,502,104,0,263,159,104,0,600,337,259,4,0,2,79,24,28,93,11,0,3,3,3,9,2,2,0
13,CLUJ,"CĂMIN CULTURAL BĂLCEŞTI",337,BELIŞ,56014,1,PROV,PRCNCT,S,S_SV,"2021-01-21 12:30:02",138,117,21,0,46,25,21,0,127,81,46,0,0,0,12,2,7,18,4,0,1,0,0,1,1,0,0
13,CLUJ,"ŞCOALA PRIMARĂ DEALU BOTII",338,BELIŞ,56014,2,PART,PRCNCT,S,S_SV,"2021-01-21 12:30:02",59,46,13,0,32,19,13,0,50,18,32,0,0,0,9,1,2,13,3,0,0,0,1,0,1,0,2
13,CLUJ,"ŞCOALA PRIMARĂ SMIDA",339,BELIŞ,56014,1,PROV,PRCNCT,S,S_SV,"2021-01-21 12:30:02",61,44,17,0,38,21,17,0,89,51,38,0,0,0,13,1,4,11,3,0,0,0,0,1,0,1,4
13,CLUJ,"MAGAZINUL SǍTESC",340,BELIŞ,56014,1,PROV,PRCNCT,S,S_SV,"2021-01-21 12:30:02",122,108,14,0,65,51,14,0,118,53,63,1,1,0,33,2,6,13,3,0,0,0,0,1,1,3,1
13,CLUJ,"ŞCOALA PRIMARǍ POIANA HOREA",341,BELIŞ,56014,1,PROV,PRCNCT,S,S_SV,"2021-01-21 12:30:02",295,282,13,0,120,107,13,0,309,189,117,3,0,1,54,2,5,28,7,0,3,0,0,10,0,0,7
13,CLUJ,"SCOLA GENERALA BABDIU",342,BOBÂLNA,56096,1,PROV,PRCNCT,S,S_SV,"2021-01-21 12:30:02",150,126,24,0,61,37,24,0,139,78,55,4,2,2,19,7,4,8,2,0,2,0,0,8,2,0,1
13,CLUJ,"SCOALA GENERALA BOBÎLNA",343,BOBÂLNA,56096,1,PROV,PRCNCT,S,S_SV,"2021-01-21 12:30:02",327,296,31,0,99,68,31,0,326,227,97,0,2,1,43,12,1,22,12,0,0,2,0,3,1,0,0
13,CLUJ,"SCOALA GENERALA MAIA",344,BOBÂLNA,56096,1,PROV,PRCNCT,S,S_SV,"2021-01-21 12:30:02",204,185,18,1,71,52,18,1,203,132,70,1,0,2,29,3,5,18,1,0,0,0,0,8,4,0,0
13,CLUJ,"SCOALA GENERALA OSORHEL",345,BOBÂLNA,56096,1,PROV,PRCNCT,S,S_SV,"2021-01-21 12:30:02",123,105,18,0,54,36,18,0,116,62,51,1,2,2,16,7,3,13,5,0,0,1,1,3,0,0,0
13,CLUJ,"CAMINUL CULTURAL PRUNI",346,BOBÂLNA,56096,1,PROV,PRCNCT,S,S_SV,"2021-01-21 12:30:02",47,25,22,0,30,8,22,0,57,27,29,0,1,2,10,6,3,3,3,0,0,0,0,1,1,0,0
13,CLUJ,"SCOALA GENERALA RAZBUNENI",347,BOBÂLNA,56096,1,PROV,PRCNCT,S,S_SV,"2021-01-21 12:30:02",207,186,21,0,91,70,21,0,205,114,90,0,1,3,33,2,4,30,3,0,0,0,0,9,0,6,0
13,CLUJ,"CAMINUL CULTURAL SUARĂŞ",348,BOBÂLNA,56096,1,PROV,PRCNCT,S,S_SV,"2021-01-21 12:30:02",133,111,22,0,59,37,22,0,121,62,55,0,4,4,21,6,3,11,6,0,1,1,0,2,0,0,0
13,CLUJ,"SCOALA GENERALA VÎLCELELE",349,BOBÂLNA,56096,1,PROV,PRCNCT,S,S_SV,"2021-01-21 12:30:02",98,82,16,0,28,12,16,0,89,61,28,0,0,3,8,1,2,7,1,0,0,0,0,4,1,0,1
13,CLUJ,"CAMIN CULTURAL BONTIDA",350,BONŢIDA,56210,1,PROV,PRCNCT,S,S_SV,"2021-01-21 12:30:02",1653,1611,42,0,391,349,42,0,1779,1388,374,8,9,49,38,11,47,95,5,2,56,0,0,65,1,4,1
13,CLUJ,"CLUBUL TINERETULUI",351,BONŢIDA,56210,1,PROV,PRCNCT,S,S_SV,"2021-01-21 12:30:02",872,845,27,0,224,197,27,0,927,703,214,9,1,19,28,5,41,85,8,0,11,3,0,9,3,1,1
13,CLUJ,"CĂMINUL CULTURAL RASCRUCI",352,BONŢIDA,56210,1,PROV,PRCNCT,S,S_SV,"2021-01-21 12:30:02",1320,1251,69,0,359,290,69,0,1384,1025,346,4,9,54,32,5,48,113,25,0,19,4,2,34,4,2,4
13,CLUJ,"CAMIN CULTURAL COASTA",353,BONŢIDA,56210,1,PROV,PRCNCT,S,S_SV,"2021-01-21 12:30:02",116,89,27,0,53,26,27,0,97,44,50,0,3,4,14,1,8,14,2,0,0,0,0,4,0,1,2
13,CLUJ,"CAMINUL CULTURAL TAUSENI",354,BONŢIDA,56210,1,PROV,PRCNCT,S,S_SV,"2021-01-21 12:30:02",68,37,31,0,44,13,31,0,90,46,41,2,1,2,9,1,5,15,3,0,0,1,0,3,0,2,0
13,CLUJ,"CAMIN CULTURAL MARE BORSA",355,BORŞA,56265,1,PROV,PRCNCT,S,S_SV,"2021-01-21 12:30:02",973,871,77,25,450,348,77,25,958,508,441,4,5,10,39,20,15,312,7,0,0,4,3,23,3,0,5
13,CLUJ,"CAMINUL CULTURAL GIULA",356,BORŞA,56265,1,PROV,PRCNCT,S,S_SV,"2021-01-21 12:30:02",146,105,40,1,72,31,40,1,115,43,68,2,2,2,9,3,1,41,1,2,0,0,0,4,1,4,0
13,CLUJ,"SCOALA GENERALA CIUMĂFAIA",357,BORŞA,56265,1,PROV,PRCNCT,S,S_SV,"2021-01-21 12:30:02",156,131,21,4,61,36,21,4,143,82,61,0,0,3,9,2,3,34,1,0,0,0,0,6,2,0,1
13,CLUJ,"CAMINUL CULTURAL BUZA",358,BUZA,56327,1,PROV,PRCNCT,S,S_SV,"2021-01-21 12:30:02",1022,1000,22,0,290,268,22,0,1101,811,268,12,10,100,28,15,15,67,1,0,0,3,3,16,5,7,8
13,CLUJ,"CAMINUL CULTURAL",359,CĂIANU,56354,1,PROV,PRCNCT,S,S_SV,"2021-01-21 12:30:02",651,599,52,0,253,201,52,0,659,406,246,3,4,2,33,11,9,139,31,0,1,0,0,13,1,2,4
13,CLUJ,"CAMINUL CULTURAL BĂRĂI",360,CĂIANU,56354,2,PART,PRCNCT,S,S_SV,"2021-01-21 12:30:02",237,212,24,1,93,68,24,1,232,139,89,3,1,4,18,1,3,36,18,0,0,1,0,5,1,2,0
13,CLUJ,"SCOALA GENERALĂ CĂIANU VAMĂ",361,CĂIANU,56354,1,PROV,PRCNCT,S,S_SV,"2021-01-21 12:30:02",500,481,19,0,154,135,19,0,525,371,153,1,0,4,16,10,1,108,6,0,0,2,1,1,1,0,3
13,CLUJ,"SCOALA GIMNAZIALA VAIDA CĂMĂRAS",362,CĂIANU,56354,1,PROV,PRCNCT,S,S_SV,"2021-01-21 12:30:02",735,711,24,0,161,137,24,0,784,623,158,3,0,95,7,2,6,31,5,1,0,1,1,3,2,2,2
13,CLUJ,"CAMINUL CULTURAL CALARASI",363,CĂLĂRAŞI,56425,1,PROV,PRCNCT,S,S_SV,"2021-01-21 12:30:02",804,789,15,0,213,198,15,0,868,655,205,4,4,102,12,1,9,31,15,1,3,2,0,23,2,3,1
13,CLUJ,"CĂMINUL CULTURAL BOGATA",364,CĂLĂRAŞI,56425,1,PROV,PRCNCT,S,S_SV,"2021-01-21 12:30:02",946,930,16,0,243,227,16,0,1030,787,234,5,4,17,36,6,21,63,15,0,3,5,0,57,3,4,4
13,CLUJ,"CAMINUL CULTURAL CALARASI -GARA",365,CĂLĂRAŞI,56425,1,PROV,PRCNCT,S,S_SV,"2021-01-21 12:30:02",336,317,19,0,117,98,19,0,349,232,117,0,0,6,14,2,16,30,26,2,4,1,2,10,4,0,0
13,CLUJ,"ŞCOALA DIN CĂLĂŢELE",366,CĂLĂŢELE,56461,1,PROV,PRCNCT,S,S_SV,"2021-01-21 12:30:02",739,723,16,0,169,153,16,0,795,626,157,8,4,2,47,7,7,62,5,0,4,0,1,18,1,1,2
13,CLUJ,"CAMINUL CULTURAL CĂLĂŢELE PĂDURE",367,CĂLĂŢELE,56461,1,PROV,PRCNCT,S,S_SV,"2021-01-21 12:30:02",230,211,19,0,75,56,19,0,231,156,73,1,1,3,23,2,5,20,3,0,0,1,1,11,0,2,2
13,CLUJ,"SCOALA CĂLATA",368,CĂLĂŢELE,56461,1,PROV,PRCNCT,S,S_SV,"2021-01-21 12:30:02",357,319,38,0,129,91,38,0,347,218,127,0,2,3,33,7,13,51,5,0,0,0,0,8,1,0,6
13,CLUJ,"CĂMINUL CULTURAL VĂLENI",369,CĂLĂŢELE,56461,1,PROV,PRCNCT,S,S_SV,"2021-01-21 12:30:02",285,261,24,0,108,84,24,0,286,178,108,0,0,73,11,1,4,13,3,0,0,1,0,2,0,0,0
13,CLUJ,"CĂMINUL CULTURAL FINCIU",370,CĂLĂŢELE,56461,1,PROV,PRCNCT,S,S_SV,"2021-01-21 12:30:02",124,104,20,0,56,36,20,0,113,57,54,2,0,2,5,10,5,18,2,0,0,2,0,8,0,0,2
13,CLUJ,"ŞCOALA DIN DEALU NEGRU",371,CĂLĂŢELE,56461,1,PROV,PRCNCT,S,S_SV,"2021-01-21 12:30:02",387,349,38,0,151,113,38,0,383,232,147,2,2,1,15,10,13,69,13,0,2,2,0,19,0,1,2
13,CLUJ,"CAMIN CULTURAL CAMARASU",372,CĂMĂRAŞU,56522,1,PROV,PRCNCT,S,S_SV,"2021-01-21 12:30:02",1246,1211,35,0,281,246,35,0,1334,1053,266,7,8,10,80,9,18,89,19,0,3,5,1,20,5,6,1
13,CLUJ,"CAMIN CULTURAL NAOIU",373,CĂMĂRAŞU,56522,1,PROV,PRCNCT,S,S_SV,"2021-01-21 12:30:02",377,358,19,0,130,111,19,0,393,263,125,3,2,2,64,3,3,24,2,0,3,0,1,14,1,7,1
13,CLUJ,"CAMIN CULTURAL SIMBOLENI",374,CĂMĂRAŞU,56522,1,PROV,PRCNCT,S,S_SV,"2021-01-21 12:30:02",493,469,24,0,104,80,24,0,516,412,99,3,2,2,54,3,1,21,4,0,1,0,0,8,2,2,1
13,CLUJ,"CĂMINUL CULTURAL CĂPUŞU MARE",375,"CĂPUŞU MARE",56568,1,PROV,PRCNCT,S,S_SV,"2021-01-21 12:30:02",761,687,74,0,296,222,74,0,758,462,284,10,2,179,10,5,13,28,28,0,1,0,0,15,1,0,4
13,CLUJ,"CENTRUL DE INFORMARE TURISTICĂ",376,"CĂPUŞU MARE",56568,1,PROV,PRCNCT,S,S_SV,"2021-01-21 12:30:02",641,578,60,3,240,177,60,3,633,393,233,1,6,119,15,8,32,21,18,0,2,1,5,8,0,3,1
13,CLUJ,"ȘCOALA PRIMARĂ AGÂRBICIU",377,"CĂPUŞU MARE",56568,1,PROV,PRCNCT,S,S_SV,"2021-01-21 12:30:02",456,389,66,1,241,174,66,1,431,190,237,3,1,3,20,21,12,97,58,0,3,8,0,6,3,2,4
13,CLUJ,"FOSTUL SEDIU CAP",378,"CĂPUŞU MARE",56568,1,PROV,PRCNCT,S,S_SV,"2021-01-21 12:30:02",325,298,27,0,124,97,27,0,326,202,118,3,3,36,10,16,9,28,8,0,0,5,0,2,0,2,2
13,CLUJ,"CĂMINUL CLULTURAL",379,"CĂPUŞU MARE",56568,2,PART,PRCNCT,S,S_SV,"2021-01-21 12:30:02",270,227,43,0,122,79,43,0,243,121,118,4,0,2,10,34,12,44,2,0,0,0,0,8,2,2,2
13,CLUJ,"ŞCOLA CU CLASELE I-IV DÎNGĂUL MARE",380,"CĂPUŞU MARE",56568,1,PROV,PRCNCT,S,S_SV,"2021-01-21 12:30:02",397,377,18,2,115,95,18,2,414,299,111,1,3,2,27,6,5,49,4,0,0,3,0,8,4,1,2
13,CLUJ,"CĂMINUL CULTURAL",381,CĂŞEIU,56666,1,PROV,PRCNCT,S,S_SV,"2021-01-21 12:30:02",1238,1206,32,0,326,294,32,0,1327,1001,321,4,1,3,64,13,28,140,4,0,2,1,3,55,2,4,2
13,CLUJ,"ŞCOALA COPLEAN",382,CĂŞEIU,56666,1,PROV,PRCNCT,S,S_SV,"2021-01-21 12:30:02",372,354,18,0,116,98,18,0,390,274,115,0,1,2,23,5,14,38,6,2,5,2,1,8,3,0,6
13,CLUJ,"ŞCOALA GIMNAZIALĂ RUGĂŞEŞTI",383,CĂŞEIU,56666,1,PROV,PRCNCT,S,S_SV,"2021-01-21 12:30:02",883,870,13,0,176,163,13,0,958,782,174,1,1,2,47,9,12,57,8,1,4,5,3,17,2,2,5
13,CLUJ,"ŞCOALA GUGA",384,CĂŞEIU,56666,1,PROV,PRCNCT,S,S_SV,"2021-01-21 12:30:02",264,253,11,0,64,53,11,0,278,214,62,2,0,1,25,3,2,19,4,0,2,0,0,3,0,1,2
13,CLUJ,"ŞCOALA GARBĂUL DEJULUI",385,CĂŞEIU,56666,1,PROV,PRCNCT,S,S_SV,"2021-01-21 12:30:02",196,178,18,0,61,43,18,0,195,134,59,0,2,2,17,4,1,21,3,0,0,2,0,4,0,2,3
13,CLUJ,"ŞCOALA SĂLĂTRUC",386,CĂŞEIU,56666,1,PROV,PRCNCT,S,S_SV,"2021-01-21 12:30:02",146,120,26,0,53,27,26,0,131,78,53,0,0,2,7,8,5,21,7,0,1,0,0,0,0,1,1
13,CLUJ,"ŞCOALA PRIMARĂ URIŞOR",387,CĂŞEIU,56666,1,PROV,PRCNCT,S,S_SV,"2021-01-21 12:30:02",830,805,25,0,255,230,25,0,887,632,248,4,3,4,42,20,35,82,29,0,3,3,2,18,2,3,5
13,CLUJ,"CAMIN CULTURAL CATINA",388,CĂTINA,56773,1,PROV,PRCNCT,S,S_SV,"2021-01-21 12:30:02",947,893,45,9,387,333,45,9,986,599,370,6,11,13,36,8,10,133,138,4,5,2,0,7,7,6,1
13,CLUJ,"CAMIN CULTURAL FELDIOARA",389,CĂTINA,56773,1,PROV,PRCNCT,S,S_SV,"2021-01-21 12:30:02",417,396,21,0,130,109,21,0,438,308,124,1,5,36,20,19,4,26,8,1,1,0,0,8,0,0,1
13,CLUJ,"CĂMINUL CULTURAL COPRU",390,CĂTINA,56773,1,PROV,PRCNCT,S,S_SV,"2021-01-21 12:30:02",105,94,11,0,47,36,11,0,102,55,47,0,0,3,10,9,0,16,7,2,0,0,0,0,0,0,0
13,CLUJ,"SCOALA GIMNAZIALA CÎŢCĂU",391,CÂŢCĂU,57314,1,PROV,PRCNCT,S,S_SV,"2021-01-21 12:30:02",1371,1201,127,43,652,482,127,43,1330,678,637,6,9,5,108,28,53,358,20,1,3,3,3,42,2,4,7
13,CLUJ,"ŞCOAL GEN. MUNCEL",392,CÂŢCĂU,57314,1,PROV,PRCNCT,S,S_SV,"2021-01-21 12:30:02",228,187,35,6,96,55,35,6,205,109,95,0,1,2,23,3,4,57,1,0,3,0,0,2,0,0,0
13,CLUJ,"ŞCOALA GEN. SĂLIŞCA",393,CÂŢCĂU,57314,1,PROV,PRCNCT,S,S_SV,"2021-01-21 12:30:02",547,469,59,19,307,229,59,19,513,206,303,1,3,6,19,5,21,235,2,0,2,0,0,7,0,3,3
13,CLUJ,"CAMIN CULTURAL CEANU MARE",394,"CEANU MARE",56844,1,PROV,PRCNCT,S,S_SV,"2021-01-21 12:30:02",1156,1129,27,0,250,223,27,0,1245,995,241,3,6,12,46,14,10,61,47,0,3,3,0,34,5,4,2
13,CLUJ,"GRADINITA BOIAN",395,"CEANU MARE",56844,1,PROV,PRCNCT,S,S_SV,"2021-01-21 12:30:02",778,747,29,2,208,177,29,2,824,616,203,4,1,2,29,5,10,27,102,0,3,1,2,21,0,1,0
13,CLUJ,"CAMIN CULTURAL BOLDUT",396,"CEANU MARE",56844,1,PROV,PRCNCT,S,S_SV,"2021-01-21 12:30:02",708,681,27,0,215,188,27,0,749,534,209,4,2,5,42,3,11,54,63,2,4,0,4,19,0,0,2
13,CLUJ,"SCOALA PRIMARA IACOBENI",397,"CEANU MARE",56844,1,PROV,PRCNCT,S,S_SV,"2021-01-21 12:30:02",535,513,22,0,135,113,22,0,564,429,131,3,1,1,35,4,3,18,45,0,2,1,4,16,0,2,0
13,CLUJ,"SCOALA DOSU NAPULUI",398,"CEANU MARE",56844,1,PROV,PRCNCT,S,S_SV,"2021-01-21 12:30:02",139,112,27,0,42,15,27,0,123,81,42,0,0,2,7,5,6,7,10,0,0,0,3,1,1,0,0
13,CLUJ,"PRIMĂRIA COMUNEI CHINTENI",399,CHINTENI,56988,1,PROV,PRCNCT,S,S_SV,"2021-01-21 12:30:02",1634,1500,134,0,656,522,134,0,1648,992,647,5,4,70,121,18,197,147,18,3,1,5,19,37,1,3,7
13,CLUJ,"ȘCOALA CLS.I-IV DEUȘU",400,CHINTENI,56988,1,PROV,PRCNCT,S,S_SV,"2021-01-21 12:30:02",649,577,70,2,225,153,70,2,637,412,222,3,0,22,66,7,26,58,12,0,1,3,5,13,1,4,4
13,CLUJ,"ȘCOALA CLS.I-IV MĂCICAȘU",401,CHINTENI,56988,1,PROV,PRCNCT,S,S_SV,"2021-01-21 12:30:02",371,344,27,0,112,85,27,0,380,268,110,0,2,10,43,1,8,30,2,1,0,2,0,9,3,1,0
13,CLUJ,"PUNCT LUCRU FEIURDENI AL PRIMĂRIEI COMUNEI CHINTENI",402,CHINTENI,56988,1,PROV,PRCNCT,S,S_SV,"2021-01-21 12:30:02",457,400,57,0,193,136,57,0,441,248,176,8,9,3,88,5,7,26,7,1,1,1,0,21,3,8,5
13,CLUJ,"SCOALA GIMNAZ. CHIUIESTI",403,CHIUIEŞTI,57083,1,PROV,PRCNCT,S,S_SV,"2021-01-21 12:30:02",1265,1202,63,0,461,398,63,0,1328,867,450,5,6,6,80,23,34,243,20,0,3,3,4,31,2,0,1
13,CLUJ,"SCOALA PRIMARA MAGOAJA",404,CHIUIEŞTI,57083,1,PROV,PRCNCT,S,S_SV,"2021-01-21 12:30:02",339,310,29,0,112,83,29,0,344,232,111,0,1,6,26,14,9,30,2,1,3,0,5,8,1,3,3
13,CLUJ,"SCOALA PRIMARA STRAMBU",405,CHIUIEŞTI,57083,1,PROV,PRCNCT,S,S_SV,"2021-01-21 12:30:02",352,333,19,0,96,77,19,0,357,261,94,2,0,0,20,2,17,45,3,0,1,0,0,5,1,0,0
13,CLUJ,"SALA NUNTI",406,CHIUIEŞTI,57083,1,PROV,PRCNCT,S,S_SV,"2021-01-21 12:30:02",119,101,18,0,59,41,18,0,109,50,55,2,2,1,7,3,3,21,12,1,0,1,0,3,2,1,0
13,CLUJ,"SCOALA CU CL. I - VIII, CIUCEA",407,CIUCEA,57163,2,PART,PRCNCT,S,S_SV,"2021-01-21 12:30:02",788,734,35,19,346,292,35,19,811,465,344,2,0,3,84,15,31,172,2,0,0,0,5,26,2,1,3
13,CLUJ,"SCOALA CLASELE I - IV CALEA LATA",408,CIUCEA,57163,1,PROV,PRCNCT,S,S_SV,"2021-01-21 12:30:02",212,190,22,0,73,51,22,0,209,136,73,0,0,0,7,2,5,49,0,0,2,0,0,8,0,0,0
13,CLUJ,"SCOALA CLS.I-IV VANATORI",409,CIUCEA,57163,1,PROV,PRCNCT,S,S_SV,"2021-01-21 12:30:02",384,360,11,13,186,162,11,13,397,211,184,1,1,0,28,15,6,115,7,0,1,1,1,6,2,1,1
13,CLUJ,"CONSILIUL LOCAL CIURILA",410,CIURILA,57225,1,PROV,PRCNCT,S,S_SV,"2021-01-21 12:30:02",261,209,52,0,121,69,52,0,227,106,118,3,0,3,16,5,17,37,10,1,2,0,0,24,0,0,3
13,CLUJ,"SCOALA GIMNAZIALA",411,CIURILA,57225,1,PROV,PRCNCT,S,S_SV,"2021-01-21 12:30:02",282,234,48,0,116,68,48,0,259,143,114,1,1,1,30,4,12,41,1,1,0,0,0,20,0,2,2
13,CLUJ,"SCOALA GIMNAZIALA",412,CIURILA,57225,2,PART,PRCNCT,S,S_SV,"2021-01-21 12:30:02",313,279,34,0,114,80,34,0,304,190,110,4,0,0,14,2,9,73,3,0,0,0,0,9,0,0,0
13,CLUJ,"CĂMINUL CULTURAL SĂLICEA",413,CIURILA,57225,1,PROV,PRCNCT,S,S_SV,"2021-01-21 12:30:02",566,430,136,0,331,195,136,0,518,187,321,6,4,4,22,4,76,150,8,0,2,0,6,45,2,0,2
13,CLUJ,"CAMIN CULTURAL SALISTE",414,CIURILA,57225,1,PROV,PRCNCT,S,S_SV,"2021-01-21 12:30:02",103,76,27,0,62,35,27,0,83,21,61,1,0,1,5,4,13,23,3,1,1,0,2,7,0,0,1
13,CLUJ,"ȘCOALA GIMNAZIALĂ COJOCNA SALA NR.4",415,COJOCNA,57350,1,PROV,PRCNCT,S,S_SV,"2021-01-21 12:30:02",1074,1033,36,5,218,177,36,5,1134,916,205,3,10,95,16,4,20,45,8,0,0,1,0,15,0,0,1
13,CLUJ,"ȘCOALA GIMNAZIALĂ COJOCNA SALA NR.7",416,COJOCNA,57350,1,PROV,PRCNCT,S,S_SV,"2021-01-21 12:30:02",922,886,35,1,182,146,35,1,975,793,170,3,9,40,16,4,17,61,7,0,2,3,0,16,1,1,2
13,CLUJ,"ŞCOALA BOJU",417,COJOCNA,57350,1,PROV,PRCNCT,S,S_SV,"2021-01-21 12:30:02",380,336,44,0,112,68,44,0,371,259,111,1,0,4,25,3,4,57,2,0,3,0,0,12,0,0,1
13,CLUJ,"MAGAZIN COOPERATIST BOJU CATUN (FOSTUL)",418,COJOCNA,57350,1,PROV,PRCNCT,S,S_SV,"2021-01-21 12:30:02",198,183,15,0,41,26,15,0,203,162,40,0,1,3,5,2,3,19,4,0,1,0,0,2,0,0,1
13,CLUJ,"BIROUL PRIMĂRIEI CARA",419,COJOCNA,57350,1,PROV,PRCNCT,S,S_SV,"2021-01-21 12:30:02",733,690,43,0,167,124,43,0,761,594,158,7,2,12,25,22,34,42,2,2,6,0,11,1,1,0,0
13,CLUJ,"CĂMINUL CULTURAL IURIU DE CÎMPIE",420,COJOCNA,57350,1,PROV,PRCNCT,S,S_SV,"2021-01-21 12:30:02",227,194,33,0,57,24,33,0,216,159,55,1,1,2,18,4,4,16,2,0,1,1,0,7,0,0,0
13,CLUJ,"CĂMIN CULTURAL IGRIŢIA",421,CORNEŞTI,57449,1,PROV,PRCNCT,S,S_SV,"2021-01-21 12:30:02",48,31,17,0,29,12,17,0,34,5,25,3,1,2,8,1,2,9,2,0,0,0,0,1,0,0,0
13,CLUJ,"CĂMIN CULTURAL TIOCU DE SUS",422,CORNEŞTI,57449,1,PROV,PRCNCT,S,S_SV,"2021-01-21 12:30:02",86,72,14,0,40,26,14,0,78,38,39,1,0,8,10,1,0,13,2,0,2,0,0,3,0,0,0
13,CLUJ,"CĂMIN CULTURAL TIOCU DE JOS",423,CORNEŞTI,57449,1,PROV,PRCNCT,S,S_SV,"2021-01-21 12:30:02",119,97,22,0,54,32,22,0,107,53,51,2,1,10,8,1,3,15,3,0,2,0,0,9,0,0,0
13,CLUJ,"ŞCOALA GIMNAZIALĂ LIA MANOLIU CORNEŞTI",424,CORNEŞTI,57449,1,PROV,PRCNCT,S,S_SV,"2021-01-21 12:30:02",208,185,23,0,80,57,23,0,201,121,79,1,0,6,13,3,1,32,12,0,0,0,0,12,0,0,0
13,CLUJ,"COOPERATIVA VECHE- STOIANA",425,CORNEŞTI,57449,1,PROV,PRCNCT,S,S_SV,"2021-01-21 12:30:02",206,169,37,0,93,56,37,0,185,92,91,1,1,9,16,4,7,41,1,1,0,0,6,4,1,0,1
13,CLUJ,"CĂMIN CULTURAL MORĂU",426,CORNEŞTI,57449,1,PROV,PRCNCT,S,S_SV,"2021-01-21 12:30:02",68,42,26,0,50,24,26,0,85,35,49,1,0,1,5,3,3,30,3,0,0,0,1,2,1,0,0
13,CLUJ,"CENTRUL DE INFORMARE ŞI PROMOVARE TURISTICĂ LUJERDIU",427,CORNEŞTI,57449,2,PART,PRCNCT,S,S_SV,"2021-01-21 12:30:02",292,252,40,0,108,68,40,0,276,168,107,1,0,3,17,10,6,59,3,2,0,1,0,5,0,0,1
13,CLUJ,"CĂMIN CULTURAL BÎRLEA",428,CORNEŞTI,57449,1,PROV,PRCNCT,S,S_SV,"2021-01-21 12:30:02",138,123,15,0,73,58,15,0,133,60,72,1,0,2,22,2,16,23,2,1,0,0,0,3,1,0,0
13,CLUJ,"CĂMIN CULTURAL TIOLTIUR",429,CORNEŞTI,57449,2,PART,PRCNCT,S,S_SV,"2021-01-21 12:30:02",165,144,21,0,56,35,21,0,154,98,55,0,1,1,11,2,2,33,1,0,0,0,1,4,0,0,0
13,CLUJ,"SCOALA GIMNAZIALA CUZDRIOARA",430,CUZDRIOARA,55062,2,PART,PRCNCT,S,S_SV,"2021-01-21 12:30:02",936,902,25,9,255,221,25,9,992,737,250,2,3,16,66,19,28,85,12,0,3,2,4,10,2,1,2
13,CLUJ,"SCOALA GIMNAZIALA CUZDRIOARA",431,CUZDRIOARA,55062,1,PROV,PRCNCT,S,S_SV,"2021-01-21 12:30:02",855,827,28,0,217,189,28,0,911,694,213,1,3,3,53,20,49,63,9,0,2,0,0,9,1,4,0
13,CLUJ,"CĂMINUL CULTURAL",432,CUZDRIOARA,55062,1,PROV,PRCNCT,S,S_SV,"2021-01-21 12:30:02",727,704,23,0,156,133,23,0,775,619,154,2,0,3,35,5,13,48,29,1,3,0,0,13,0,2,2
13,CLUJ,"ŞCOALA GIMNAZIALĂ CU CLASELE I-VIII ”GELU ROMÂNUL”",433,DĂBÂCA,57546,1,PROV,PRCNCT,S,S_SV,"2021-01-21 12:30:02",575,522,46,7,190,137,46,7,577,387,187,0,3,4,55,4,20,85,6,0,1,2,0,6,2,1,1
13,CLUJ,"ŞCOALA CU CLASELE I-IV LUNA DE JOS",434,DĂBÂCA,57546,1,PROV,PRCNCT,S,S_SV,"2021-01-21 12:30:02",585,545,36,4,105,65,36,4,599,494,102,2,1,2,10,8,11,40,8,0,7,1,1,12,0,0,2
13,CLUJ,"CĂMINUL CULTURAL PÎGLIŞA",435,DĂBÂCA,57546,1,PROV,PRCNCT,S,S_SV,"2021-01-21 12:30:02",113,77,36,0,62,26,36,0,83,21,61,1,0,0,25,6,1,14,10,0,2,0,0,2,1,0,0
13,CLUJ,"CAMINUL CULTURAL FELEACU DIN LOCALITATEA FELEACU",436,FELEACU,57582,1,PROV,PRCNCT,S,S_SV,"2021-01-21 12:30:02",1898,1698,196,4,723,523,196,4,1860,1137,712,5,6,16,83,13,282,217,36,1,7,0,10,37,2,1,7
13,CLUJ,"CAMINUL CULTURAL DIN LOCALITATEA GHEORGHENI",437,FELEACU,57582,1,PROV,PRCNCT,S,S_SV,"2021-01-21 12:30:02",980,880,99,1,379,279,99,1,967,588,377,2,0,257,5,7,59,31,2,1,1,2,0,10,0,1,1
13,CLUJ,"FOSTUL SEDIU CAP VILCELE DIN LOCALITATEA VILCELE",438,FELEACU,57582,1,PROV,PRCNCT,S,S_SV,"2021-01-21 12:30:02",918,870,48,0,274,226,48,0,955,681,268,6,0,3,18,21,35,141,20,1,4,1,3,20,0,0,1
13,CLUJ,"SCOALA PRIMARA FIZESU GHERLII",439,"FIZEŞU GHERLII",57644,1,PROV,PRCNCT,S,S_SV,"2021-01-21 12:30:02",1135,1110,24,1,252,227,24,1,1223,971,247,1,4,105,26,7,35,44,6,0,4,1,0,12,1,0,6
13,CLUJ,"SCOALA CU CLS.I-IV NICULA",440,"FIZEŞU GHERLII",57644,1,PROV,PRCNCT,S,S_SV,"2021-01-21 12:30:02",582,543,35,4,141,102,35,4,597,456,140,1,0,4,21,11,13,51,5,1,1,0,0,33,0,0,0
13,CLUJ,"SCOALA CLS.I-IV BONT",441,"FIZEŞU GHERLII",57644,1,PROV,PRCNCT,S,S_SV,"2021-01-21 12:30:02",305,290,15,0,56,41,15,0,316,260,56,0,0,1,12,2,2,21,10,0,2,0,0,6,0,0,0
13,CLUJ,"SCOALA CLS.I-IV SACALAIA",442,"FIZEŞU GHERLII",57644,1,PROV,PRCNCT,S,S_SV,"2021-01-21 12:30:02",232,206,26,0,106,80,26,0,227,121,105,1,0,1,30,6,8,53,3,0,2,0,0,1,0,0,1
13,CLUJ,"GRĂDINIȚA CU PROGRAM PRELUNGIT FLOREȘTI",443,FLOREŞTI,57706,1,PROV,PRCNCT,S,S_SV,"2021-01-21 12:30:02",1802,1725,75,2,606,529,75,2,1896,1290,602,4,0,50,48,19,232,164,21,7,2,3,1,37,3,2,13
13,CLUJ,"GRĂDINIȚA CU PROGRAM PRELUNGIT FLOREȘTI",444,FLOREŞTI,57706,1,PROV,PRCNCT,S,S_SV,"2021-01-21 12:30:02",1684,1606,76,2,661,583,76,2,1769,1108,658,3,0,23,37,10,288,209,25,1,8,1,6,37,1,0,12
13,CLUJ,"GRĂDINIȚA CU PROGRAM PRELUNGIT FLOREȘTI",445,FLOREŞTI,57706,1,PROV,PRCNCT,S,S_SV,"2021-01-21 12:30:02",1677,1619,56,2,485,427,56,2,1768,1283,479,4,2,25,42,9,163,152,23,0,3,2,13,28,5,3,11
13,CLUJ,"GRĂDINIȚA CU PROGRAM PRELUNGIT FLOREȘTI",446,FLOREŞTI,57706,1,PROV,PRCNCT,S,S_SV,"2021-01-21 12:30:02",1628,1575,49,4,505,452,49,4,1723,1218,498,6,1,30,43,13,178,150,18,1,7,2,3,38,2,3,10
13,CLUJ,"GRĂDINIȚA CU PROGRAM PRELUNGIR FLOREȘTI",447,FLOREŞTI,57706,1,PROV,PRCNCT,S,S_SV,"2021-01-21 12:30:02",1471,1419,52,0,438,386,52,0,1551,1113,430,5,3,41,23,9,130,159,13,1,1,1,9,38,2,0,3
13,CLUJ,"PRIMĂRIA COMUNEI FLOREȘTI",448,FLOREŞTI,57706,1,PROV,PRCNCT,S,S_SV,"2021-01-21 12:30:02",1793,1705,84,4,506,418,84,4,1869,1363,495,6,5,27,56,15,162,147,15,1,3,4,8,42,3,2,10
13,CLUJ,"PRIMĂRIA COMUNEI FLOREȘTI",449,FLOREŞTI,57706,1,PROV,PRCNCT,S,S_SV,"2021-01-21 12:30:02",1555,1466,86,3,544,455,86,3,1603,1059,536,4,4,25,32,10,240,157,17,1,4,0,8,32,1,3,6
13,CLUJ,"ȘCOALA GIMNAZIALĂ ”GHEORGHE ȘINCAI” FLOREȘTI",450,FLOREŞTI,57706,1,PROV,PRCNCT,S,S_SV,"2021-01-21 12:30:02",1854,1794,60,0,599,539,60,0,1955,1356,597,1,1,36,46,9,245,173,20,0,0,2,5,51,4,0,6
13,CLUJ,"ȘCOALA GIMNAZIALĂ ”GHEORGHE ȘINCAI” FLOREȘTI",451,FLOREŞTI,57706,1,PROV,PRCNCT,S,S_SV,"2021-01-21 12:30:02",1076,997,78,1,390,311,78,1,1095,705,387,2,1,35,45,12,95,134,24,3,0,3,4,28,1,1,2
13,CLUJ,"ȘCOALA GIMNAZIALĂ ”GHEORGHE ȘINCAI” FLOREȘTI",452,FLOREŞTI,57706,2,PART,PRCNCT,S,S_SV,"2021-01-21 12:30:02",1902,1844,56,2,636,578,56,2,2012,1376,631,5,0,39,37,5,247,197,27,1,0,1,13,52,2,0,10
13,CLUJ,"GRADINITA NR.2",453,FLOREŞTI,57706,1,PROV,PRCNCT,S,S_SV,"2021-01-21 12:30:02",1468,1410,58,0,615,557,58,0,1547,932,612,3,0,49,39,9,292,156,14,3,1,0,8,36,1,0,4
13,CLUJ,"GRADINITA NR.2",454,FLOREŞTI,57706,1,PROV,PRCNCT,S,S_SV,"2021-01-21 12:30:02",1587,1503,79,5,619,535,79,5,1637,1018,613,4,2,49,64,19,203,177,24,3,8,0,7,47,1,4,7
13,CLUJ,ȘCOALA,455,FLOREŞTI,57706,2,PART,PRCNCT,S,S_SV,"2021-01-21 12:30:02",1835,1763,72,0,583,511,72,0,1938,1355,578,4,1,23,39,13,221,188,22,2,0,2,15,39,1,1,12
13,CLUJ,ȘCOALA,456,FLOREŞTI,57706,1,PROV,PRCNCT,S,S_SV,"2021-01-21 12:30:02",1799,1737,62,0,486,424,62,0,1912,1426,481,5,0,40,21,7,186,153,10,1,1,1,10,36,1,1,13
13,CLUJ,ȘCOALA,457,FLOREŞTI,57706,1,PROV,PRCNCT,S,S_SV,"2021-01-21 12:30:02",1885,1804,79,2,536,455,79,2,1982,1446,533,3,0,31,32,10,193,183,17,0,2,1,10,49,2,0,3
13,CLUJ,ȘCOALA,458,FLOREŞTI,57706,1,PROV,PRCNCT,S,S_SV,"2021-01-21 12:30:02",1799,1731,67,1,518,450,67,1,1901,1383,512,6,0,37,28,15,177,149,19,1,2,2,11,58,2,1,10
13,CLUJ,ȘCOALA,459,FLOREŞTI,57706,1,PROV,PRCNCT,S,S_SV,"2021-01-21 12:30:02",2173,2117,53,3,579,523,53,3,2310,1731,574,4,1,30,31,11,203,195,17,1,6,2,13,46,2,3,14
13,CLUJ,"SCOALA LUNA DE SUS",460,FLOREŞTI,57706,1,PROV,PRCNCT,S,S_SV,"2021-01-21 12:30:02",874,809,63,2,287,222,63,2,891,604,278,2,7,111,26,3,34,76,2,1,2,1,2,18,1,0,1
13,CLUJ,"SCOALA LUNA DE SUS",461,FLOREŞTI,57706,1,PROV,PRCNCT,S,S_SV,"2021-01-21 12:30:02",1038,1003,35,0,341,306,35,0,1100,759,336,2,3,173,13,4,31,96,7,0,1,0,1,7,0,1,2
13,CLUJ,"CAMINUL CULTURAL TAUTI",462,FLOREŞTI,57706,1,PROV,PRCNCT,S,S_SV,"2021-01-21 12:30:02",261,203,58,0,124,66,58,0,222,98,120,4,0,6,17,3,23,44,4,1,0,1,3,11,2,4,1
13,CLUJ,"ȘCOALA GIMNAZIALĂ ”GHEORGHE ȘINCAI” FLOREȘTI-GRĂDINIȚA",463,FLOREŞTI,57706,1,PROV,PRCNCT,S,S_SV,"2021-01-21 12:30:02",2138,2059,71,8,722,643,71,8,2239,1517,717,4,1,31,40,19,363,183,27,2,4,3,7,27,3,0,8
13,CLUJ,"ȘCOALA GIMNAZIALĂ ”GHEORGHE ȘINCAI” FLOREȘTI-GRĂDINIȚA",464,FLOREŞTI,57706,1,PROV,PRCNCT,S,S_SV,"2021-01-21 12:30:02",1882,1825,53,4,709,652,53,4,1980,1271,702,7,0,30,51,13,291,239,28,3,6,1,8,24,0,0,8
13,CLUJ,"CAMINUL CULTURAL FRATA",465,FRATA,57742,1,PROV,PRCNCT,S,S_SV,"2021-01-21 12:30:02",1565,1520,45,0,367,322,45,0,1674,1307,359,3,5,7,136,25,20,115,16,2,5,1,2,25,2,1,2
13,CLUJ,"CAMINUL CULTURAL BERCHIESU",466,FRATA,57742,1,PROV,PRCNCT,S,S_SV,"2021-01-21 12:30:02",503,493,10,0,133,123,10,0,545,412,130,1,2,3,58,5,3,42,5,0,2,0,0,8,1,0,3
13,CLUJ,"CAMINUL CULTURAL POIANA FRATII",467,FRATA,57742,1,PROV,PRCNCT,S,S_SV,"2021-01-21 12:30:02",194,175,19,0,80,61,19,0,192,112,77,0,3,2,30,8,5,11,4,0,1,0,3,12,0,1,0
13,CLUJ,"CAMINUL CULTURAL SOPORU DE CIMPIE",468,FRATA,57742,1,PROV,PRCNCT,S,S_SV,"2021-01-21 12:30:02",1008,974,34,0,268,234,34,0,1072,804,258,3,7,2,157,7,11,25,12,0,4,1,0,36,1,1,1
13,CLUJ,"CAMINUL CULTURAL GARBAU",469,GÂRBĂU,57948,2,PART,PRCNCT,S,S_SV,"2021-01-21 12:30:02",591,566,25,0,223,198,25,0,624,401,218,4,1,3,37,11,23,115,12,1,0,0,0,12,1,1,2
13,CLUJ,"SCOALA PRIMARA VISTEA",470,GÂRBĂU,57948,1,PROV,PRCNCT,S,S_SV,"2021-01-21 12:30:02",631,592,37,2,303,264,37,2,649,346,296,4,3,226,6,1,16,43,1,1,0,0,0,1,0,0,1
13,CLUJ,"CAMIN CULTURAL TUREA",471,GÂRBĂU,57948,1,PROV,PRCNCT,S,S_SV,"2021-01-21 12:30:02",459,436,21,2,166,143,21,2,481,315,165,0,1,92,8,4,7,42,2,0,1,2,0,6,0,1,0
13,CLUJ,"CĂMINUL CULTURAL NĂDĂȘELU",472,GÂRBĂU,57948,1,PROV,PRCNCT,S,S_SV,"2021-01-21 12:30:02",233,197,36,0,107,71,36,0,221,114,103,4,0,2,21,7,9,50,5,1,0,0,0,6,0,1,1
13,CLUJ,"CAMINUL CULTURAL CORNESTI",473,GÂRBĂU,57948,1,PROV,PRCNCT,S,S_SV,"2021-01-21 12:30:02",130,97,33,0,63,30,33,0,108,45,62,1,0,2,13,1,2,30,3,0,2,0,1,7,1,0,0
13,CLUJ,"CAMIN CULTURAL GEACA",474,GEACA,57831,2,PART,PRCNCT,S,S_SV,"2021-01-21 12:30:02",464,430,34,0,176,142,34,0,470,294,168,3,5,4,17,24,4,94,7,2,2,0,0,12,1,0,1
13,CLUJ,"CAMINUL CULTURAL SUCUTARD",475,GEACA,57831,1,PROV,PRCNCT,S,S_SV,"2021-01-21 12:30:02",327,293,34,0,103,69,34,0,321,218,102,0,1,6,10,7,17,45,10,0,0,0,0,3,0,2,2
13,CLUJ,"CAMINUL CULTURAL LACU",476,GEACA,57831,1,PROV,PRCNCT,S,S_SV,"2021-01-21 12:30:02",241,224,17,0,96,79,17,0,239,143,84,5,7,40,6,12,2,15,2,1,0,0,0,6,0,0,0
13,CLUJ,"CAMINUL CULTURAL LEGII",477,GEACA,57831,1,PROV,PRCNCT,S,S_SV,"2021-01-21 12:30:02",146,119,27,0,73,46,27,0,130,57,71,2,0,2,15,4,4,31,1,0,0,2,1,11,0,0,0
13,CLUJ,"SCOALA CHIRIS",478,GEACA,57831,1,PROV,PRCNCT,S,S_SV,"2021-01-21 12:30:02",73,64,9,0,20,11,9,0,69,49,20,0,0,1,2,5,0,7,1,0,0,0,1,3,0,0,0
13,CLUJ,"CAMINUL CULTURAL PUINI",479,GEACA,57831,1,PROV,PRCNCT,S,S_SV,"2021-01-21 12:30:02",84,75,9,0,33,24,9,0,83,50,31,1,1,6,2,1,1,18,1,0,1,0,0,1,0,0,0
13,CLUJ,"CASA DE CULTURĂ ”DUMITRU SOPON”",480,GILĂU,57902,1,PROV,PRCNCT,S,S_SV,"2021-01-21 12:30:02",1982,1891,86,5,736,645,86,5,2079,1343,717,15,4,73,95,19,96,306,45,2,7,3,4,59,0,2,6
13,CLUJ,"CĂMINUL CULTURAL VECHI GILĂU",481,GILĂU,57902,2,PART,PRCNCT,S,S_SV,"2021-01-21 12:30:02",1944,1869,69,6,613,538,69,6,2058,1445,600,3,10,78,89,12,61,267,34,3,7,0,3,36,2,2,6
13,CLUJ,"LICEUL TEORETIC ”GELU VOIEVOD”, CLĂDIREA INTERNAT",482,GILĂU,57902,1,PROV,PRCNCT,S,S_SV,"2021-01-21 12:30:02",2053,1995,53,5,604,546,53,5,2196,1592,565,9,30,86,76,12,82,204,35,1,4,1,7,52,3,0,2
13,CLUJ,"CĂMINUL CULTURAL SOMEȘU RECE",483,GILĂU,57902,1,PROV,PRCNCT,S,S_SV,"2021-01-21 12:30:02",1121,1043,78,0,364,286,78,0,1147,783,361,1,2,2,58,18,31,174,24,1,3,0,15,26,3,1,5
13,CLUJ,"GRĂDINIȚA - UZINA ELECTRICĂ",484,GILĂU,57902,1,PROV,PRCNCT,S,S_SV,"2021-01-21 12:30:02",538,511,27,0,145,118,27,0,562,417,143,1,1,2,27,6,9,55,6,0,1,3,0,34,0,0,0
13,CLUJ,SCOALA,485,IARA,58008,1,PROV,PRCNCT,S,S_SV,"2021-01-21 12:30:02",332,312,20,0,78,58,20,0,343,265,74,1,3,3,13,11,4,29,3,1,0,0,0,10,0,0,0
13,CLUJ,SCOALA,486,IARA,58008,1,PROV,PRCNCT,S,S_SV,"2021-01-21 12:30:02",340,323,17,0,98,81,17,0,355,257,98,0,0,2,25,17,15,26,4,0,1,0,0,5,0,1,2
13,CLUJ,SCOALA,487,IARA,58008,1,PROV,PRCNCT,S,S_SV,"2021-01-21 12:30:02",256,247,9,0,68,59,9,0,272,204,66,2,0,2,13,7,4,29,1,0,1,0,0,6,2,0,1
13,CLUJ,"ȘCOALA GIMNAZIALA CU CLASELE I-IV IARA",488,IARA,58008,1,PROV,PRCNCT,S,S_SV,"2021-01-21 12:30:02",771,746,25,0,157,132,25,0,823,666,153,3,1,9,40,10,8,47,8,0,1,0,0,26,2,0,2
13,CLUJ,"SCOALA GIMNAZIALA CU CLASELE I-IV IARA",489,IARA,58008,1,PROV,PRCNCT,S,S_SV,"2021-01-21 12:30:02",887,869,18,0,170,152,18,0,962,792,166,2,2,4,49,20,8,48,4,0,3,0,0,26,2,1,1
13,CLUJ,SCOALA,490,IARA,58008,1,PROV,PRCNCT,S,S_SV,"2021-01-21 12:30:02",142,126,16,0,35,19,16,0,138,103,35,0,0,2,11,5,7,7,1,0,0,0,0,2,0,0,0
13,CLUJ,SCOALA,491,IARA,58008,2,PART,PRCNCT,S,S_SV,"2021-01-21 12:30:02",118,106,12,0,32,20,12,0,116,84,30,2,0,1,8,2,2,12,1,0,0,0,0,3,1,0,0
13,CLUJ,SCOALA,492,IARA,58008,1,PROV,PRCNCT,S,S_SV,"2021-01-21 12:30:02",260,248,12,0,73,61,12,0,267,194,71,1,1,2,10,4,6,23,13,0,1,1,0,10,1,0,0
13,CLUJ,SCOALA,493,IARA,58008,1,PROV,PRCNCT,S,S_SV,"2021-01-21 12:30:02",58,37,21,0,26,5,21,0,71,45,26,0,0,2,6,2,3,6,3,0,1,0,0,3,0,0,0
13,CLUJ,"CASA PROPRIETATE PARTICULARA",494,IARA,58008,1,PROV,PRCNCT,S,S_SV,"2021-01-21 12:30:02",73,55,18,0,24,6,18,0,60,36,24,0,0,2,2,5,3,6,5,0,0,0,0,1,0,0,0
13,CLUJ,"CASA PROPRIETATE PARTICULARĂ",495,IARA,58008,1,PROV,PRCNCT,S,S_SV,"2021-01-21 12:30:02",147,129,18,0,54,36,18,0,142,88,54,0,0,2,9,3,6,16,8,0,0,0,0,9,1,0,0
13,CLUJ,"CASA PROPRIETATE PARTICULARĂ",496,IARA,58008,1,PROV,PRCNCT,S,S_SV,"2021-01-21 12:30:02",60,35,25,0,32,7,25,0,38,6,32,0,0,2,9,1,3,9,3,0,1,0,0,4,0,0,0
13,CLUJ,"CASA PROPRIETATE PARTICULARĂ",497,IARA,58008,1,PROV,PRCNCT,S,S_SV,"2021-01-21 12:30:02",33,18,15,0,22,7,15,0,50,28,22,0,0,2,7,1,2,5,1,0,1,0,0,2,1,0,0
13,CLUJ,"CENTRUL CULTURAL ICLOD",498,ICLOD,58142,1,PROV,PRCNCT,S,S_SV,"2021-01-21 12:30:02",1711,1666,45,0,383,338,45,0,1835,1452,374,7,2,2,73,7,63,149,30,2,6,1,3,32,1,1,4
13,CLUJ,"SCOALA DIN FUNDATURA",499,ICLOD,58142,1,PROV,PRCNCT,S,S_SV,"2021-01-21 12:30:02",590,565,25,0,165,140,25,0,622,457,164,0,1,2,31,6,30,72,7,0,2,0,0,9,1,0,4
13,CLUJ,"SCOALA DIN LIVADA",500,ICLOD,58142,1,PROV,PRCNCT,S,S_SV,"2021-01-21 12:30:02",925,884,41,0,218,177,41,0,973,755,215,3,0,4,29,12,32,82,29,0,8,0,6,9,1,1,2
13,CLUJ,"SCOALA DIN ORMAN",501,ICLOD,58142,1,PROV,PRCNCT,S,S_SV,"2021-01-21 12:30:02",452,436,16,0,47,31,16,0,480,433,46,1,0,2,8,4,5,15,4,0,0,0,0,7,0,0,1
13,CLUJ,"CĂMINUL CULTURAL",502,"IZVORU CRIŞULUI",58204,1,PROV,PRCNCT,S,S_SV,"2021-01-21 12:30:02",207,178,29,0,65,36,29,0,196,131,64,1,0,10,14,7,5,22,2,0,0,0,1,3,0,0,0
13,CLUJ,"PRIMĂRIA COMUNEI",503,"IZVORU CRIŞULUI",58204,1,PROV,PRCNCT,S,S_SV,"2021-01-21 12:30:02",796,764,24,8,356,324,24,8,843,487,352,2,2,321,3,0,9,9,3,0,0,0,1,4,0,0,2
13,CLUJ,"ŞCOALA GENERALĂ",504,"IZVORU CRIŞULUI",58204,2,PART,PRCNCT,S,S_SV,"2021-01-21 12:30:02",339,318,20,1,196,175,20,1,349,153,196,0,0,165,1,2,7,15,1,0,0,1,0,3,0,0,1
13,CLUJ,"CĂMINUL CULTURAL",505,"JICHIŞU DE JOS",55106,1,PROV,PRCNCT,S,S_SV,"2021-01-21 12:30:02",372,345,27,0,140,113,27,0,381,241,137,0,3,3,35,9,19,44,2,1,2,1,3,13,2,1,2
13,CLUJ,"CĂMINUL CULTURAL",506,"JICHIŞU DE JOS",55106,1,PROV,PRCNCT,S,S_SV,"2021-01-21 12:30:02",355,344,11,0,98,87,11,0,377,279,95,3,0,2,28,4,4,38,4,0,1,0,0,9,1,1,3
13,CLUJ,"ŞCOALA GENERALĂ",507,"JICHIŞU DE JOS",55106,1,PROV,PRCNCT,S,S_SV,"2021-01-21 12:30:02",195,183,12,0,69,57,12,0,201,132,67,0,2,2,6,0,3,48,5,1,0,0,0,1,0,1,0
13,CLUJ,"ŞCOALA GENERALĂ",508,"JICHIŞU DE JOS",55106,1,PROV,PRCNCT,S,S_SV,"2021-01-21 12:30:02",105,80,25,0,47,22,25,0,87,40,47,0,0,3,6,3,1,25,4,0,0,1,0,2,1,0,1
13,CLUJ,"ŞCOALA GENERALĂ",509,"JICHIŞU DE JOS",55106,1,PROV,PRCNCT,S,S_SV,"2021-01-21 12:30:02",41,17,24,0,29,5,24,0,57,28,29,0,0,0,11,1,2,11,2,0,0,0,0,1,1,0,0
13,CLUJ,"ŞCOALA PRIMARĂ",510,JUCU,58259,1,PROV,PRCNCT,S,S_SV,"2021-01-21 12:30:02",1108,1029,79,0,387,308,79,0,1129,742,380,5,2,9,114,6,86,115,19,0,0,4,1,20,2,1,3
13,CLUJ,"ŞCOALA PRIMARĂ",511,JUCU,58259,1,PROV,PRCNCT,S,S_SV,"2021-01-21 12:30:02",606,544,62,0,247,185,62,0,597,350,240,4,3,3,97,7,30,71,8,1,4,0,4,10,4,0,1
13,CLUJ,"ŞCOALA PRIMARĂ",512,JUCU,58259,1,PROV,PRCNCT,S,S_SV,"2021-01-21 12:30:02",485,451,34,0,154,120,34,0,497,343,148,4,2,83,14,2,6,20,10,0,3,2,0,4,0,2,2
13,CLUJ,"GRĂDINIȚA CU PROGRAM NORMAL",513,JUCU,58259,1,PROV,PRCNCT,S,S_SV,"2021-01-21 12:30:02",380,360,20,0,118,98,20,0,395,277,117,1,0,13,54,6,12,11,9,1,3,0,0,6,1,0,1
13,CLUJ,"ȘCOALA GIMNAZIALĂ ”GEORGE BARIȚIU”",514,JUCU,58259,1,PROV,PRCNCT,S,S_SV,"2021-01-21 12:30:02",1046,981,65,0,277,212,65,0,1079,802,275,2,0,3,69,4,68,92,5,0,6,2,8,13,1,2,2
13,CLUJ,"ASEZAMANTUL SOCIAL BISERICESC",515,JUCU,58259,1,PROV,PRCNCT,S,S_SV,"2021-01-21 12:30:02",578,550,28,0,158,130,28,0,601,443,151,6,1,1,34,11,35,37,4,4,5,1,5,9,2,1,2
13,CLUJ,"CĂMINUL CULTURAL ”PROF. NICOLAE MAZARE” LUNA",516,LUNA,58311,1,PROV,PRCNCT,S,S_SV,"2021-01-21 12:30:02",1138,1108,21,9,246,216,21,9,1221,975,242,2,2,1,40,10,35,100,24,0,1,0,0,24,2,1,4
13,CLUJ,"CĂMINUL CULTURAL ”PROF. NICOLAE MAZARE” LUNA",517,LUNA,58311,1,PROV,PRCNCT,S,S_SV,"2021-01-21 12:30:02",1024,1013,6,5,197,186,6,5,1113,916,194,1,2,1,44,9,16,59,10,0,2,0,2,48,1,2,0
13,CLUJ,"CAMINUL CULTURAL LUNCANI",518,LUNA,58311,1,PROV,PRCNCT,S,S_SV,"2021-01-21 12:30:02",1286,1249,37,0,233,196,37,0,1374,1141,229,2,2,31,44,9,30,67,10,0,1,4,2,26,1,3,1
13,CLUJ,"GRĂDINIŢA GLIGORESTI",519,LUNA,58311,1,PROV,PRCNCT,S,S_SV,"2021-01-21 12:30:02",475,460,14,1,115,100,14,1,506,391,113,1,1,1,24,5,8,42,12,0,5,2,0,10,1,1,2
13,CLUJ,"SCOALA GIMNAZIALA MUNTELE-RECE",520,MĂGURI-RĂCĂTĂU,58357,2,PART,PRCNCT,S,S_SV,"2021-01-21 12:30:02",460,433,27,0,87,60,27,0,474,387,83,2,2,0,24,4,10,19,3,0,1,0,0,22,0,0,0
13,CLUJ,"PRIMARIA COMUNEI",521,MĂGURI-RĂCĂTĂU,58357,1,PROV,PRCNCT,S,S_SV,"2021-01-21 12:30:02",729,707,22,0,168,146,22,0,783,615,162,4,2,1,27,15,20,40,15,1,2,3,1,31,2,1,3
13,CLUJ,"SCOALA GENERALA",522,MĂGURI-RĂCĂTĂU,58357,1,PROV,PRCNCT,S,S_SV,"2021-01-21 12:30:02",741,732,9,0,152,143,9,0,803,651,145,4,3,0,42,13,17,40,17,0,0,1,0,14,1,0,0
13,CLUJ,"PRIMĂRIA COMUNEI",523,MĂNĂSTIRENI,58393,1,PROV,PRCNCT,S,S_SV,"2021-01-21 12:30:02",796,722,73,1,262,188,73,1,800,538,259,3,0,56,51,8,35,54,19,2,3,0,0,20,0,1,10
13,CLUJ,"ŞCOALA GENERALĂ",524,MĂNĂSTIRENI,58393,1,PROV,PRCNCT,S,S_SV,"2021-01-21 12:30:02",454,426,28,0,173,145,28,0,470,297,168,3,2,3,56,28,6,32,3,0,12,2,5,11,2,3,5
13,CLUJ,"CĂMIN CULTURAL",525,MĂRGĂU,58464,1,PROV,PRCNCT,S,S_SV,"2021-01-21 12:30:02",162,148,14,0,73,59,14,0,162,89,71,2,0,0,23,7,5,30,1,0,0,0,0,4,0,1,0
13,CLUJ,"CĂMIN CULTURAL",526,MĂRGĂU,58464,1,PROV,PRCNCT,S,S_SV,"2021-01-21 12:30:02",214,180,33,1,92,58,33,1,197,105,92,0,0,0,24,15,9,36,3,0,2,0,0,2,1,0,0
13,CLUJ,"PRIMĂRIA COMUNEI MĂRGĂU",527,MĂRGĂU,58464,1,PROV,PRCNCT,S,S_SV,"2021-01-21 12:30:02",387,352,35,0,151,116,35,0,388,237,150,0,1,0,37,8,13,77,3,1,2,0,2,5,0,1,1
13,CLUJ,"CĂMIN CULTURAL",528,MĂRGĂU,58464,1,PROV,PRCNCT,S,S_SV,"2021-01-21 12:30:02",619,595,23,1,233,209,23,1,638,405,233,0,0,0,37,27,16,132,5,0,6,0,1,6,1,0,2
13,CLUJ,"ŞCOALA GENERALĂ",529,MĂRIŞEL,58534,1,PROV,PRCNCT,S,S_SV,"2021-01-21 12:30:02",141,99,42,0,90,48,42,0,108,18,89,1,0,0,11,5,10,47,11,0,0,0,0,5,0,0,0
13,CLUJ,"ŞCOALA GENERALĂ",530,MĂRIŞEL,58534,1,PROV,PRCNCT,S,S_SV,"2021-01-21 12:30:02",1062,1015,47,0,405,358,47,0,1116,711,395,3,7,1,62,20,47,202,21,0,3,0,4,31,2,1,1
13,CLUJ,"ŞCOALA GENERALĂ",531,MĂRIŞEL,58534,2,PART,PRCNCT,S,S_SV,"2021-01-21 12:30:02",170,139,31,0,104,73,31,0,152,48,102,0,2,0,20,44,4,22,5,0,1,0,0,5,0,0,1
13,CLUJ,"CĂMINUL CULTURAL",532,MICA,55160,1,PROV,PRCNCT,S,S_SV,"2021-01-21 12:30:02",617,559,49,9,238,180,49,9,615,377,237,0,1,4,77,9,21,63,36,0,3,0,0,18,1,3,2
13,CLUJ,"CĂMINUL CULTURAL",533,MICA,55160,1,PROV,PRCNCT,S,S_SV,"2021-01-21 12:30:02",672,608,62,2,231,167,62,2,670,439,225,5,1,2,46,12,17,106,23,0,2,2,0,10,3,0,2
13,CLUJ,"FOSTUL SEDIU CAP",534,MICA,55160,1,PROV,PRCNCT,S,S_SV,"2021-01-21 12:30:02",920,898,22,0,293,271,22,0,981,688,289,1,3,62,40,5,7,127,22,0,3,0,2,20,0,0,1
13,CLUJ,"ŞCOALA GENERALĂ",535,MICA,55160,1,PROV,PRCNCT,S,S_SV,"2021-01-21 12:30:02",916,882,28,6,228,194,28,6,970,742,223,0,5,43,31,6,42,64,21,2,4,1,0,7,1,1,0
13,CLUJ,"ŞCOALA GENERALĂ",536,"MIHAI VITEAZU",55277,1,PROV,PRCNCT,S,S_SV,"2021-01-21 12:30:02",1573,1548,25,0,388,363,25,0,1714,1326,382,3,3,83,53,13,52,89,25,0,6,2,6,44,2,2,5
13,CLUJ,"ŞCOALA GENERALĂ",537,"MIHAI VITEAZU",55277,1,PROV,PRCNCT,S,S_SV,"2021-01-21 12:30:02",481,462,19,0,112,93,19,0,507,395,109,3,0,22,10,3,9,33,25,1,0,0,0,5,1,0,0
13,CLUJ,"CAMIN CULTURAL",538,"MIHAI VITEAZU",55277,1,PROV,PRCNCT,S,S_SV,"2021-01-21 12:30:02",680,638,42,0,229,187,42,0,709,480,227,1,1,48,23,9,23,21,63,0,1,1,1,32,2,1,2
13,CLUJ,"CASĂ DE CULTURĂ",539,"MIHAI VITEAZU",55277,1,PROV,PRCNCT,S,S_SV,"2021-01-21 12:30:02",1384,1357,25,2,356,329,25,2,1494,1138,349,5,2,53,51,22,77,84,23,0,2,2,1,25,2,5,2
13,CLUJ,"SALA DE SPORT",540,"MIHAI VITEAZU",55277,1,PROV,PRCNCT,S,S_SV,"2021-01-21 12:30:02",970,947,23,0,229,206,23,0,1040,811,219,8,2,49,34,4,35,34,26,1,5,2,0,27,1,0,1
13,CLUJ,"PRIMĂRIA COMUNEI",541,"MINTIU GHERLII",58552,2,PART,PRCNCT,S,S_SV,"2021-01-21 12:30:02",1306,1278,27,1,288,260,27,1,1406,1118,280,4,4,3,70,16,28,114,15,0,7,1,1,21,1,0,3
13,CLUJ,"ŞCOALA GENERALĂ",542,"MINTIU GHERLII",58552,1,PROV,PRCNCT,S,S_SV,"2021-01-21 12:30:02",781,757,23,1,178,154,23,1,836,658,173,1,4,2,32,2,9,73,3,1,1,0,1,48,1,0,0
13,CLUJ,"ŞCOALA GENERALĂ",543,"MINTIU GHERLII",58552,1,PROV,PRCNCT,S,S_SV,"2021-01-21 12:30:02",600,582,18,0,168,150,18,0,644,476,163,3,2,3,46,11,12,60,6,1,2,6,0,11,1,1,3
13,CLUJ,"ŞCOALA GENERALĂ",544,"MINTIU GHERLII",58552,1,PROV,PRCNCT,S,S_SV,"2021-01-21 12:30:02",92,72,20,0,29,9,20,0,78,49,29,0,0,1,2,1,4,13,2,0,1,0,0,4,1,0,0
13,CLUJ,"ŞCOALA GENERALĂ",545,"MINTIU GHERLII",58552,1,PROV,PRCNCT,S,S_SV,"2021-01-21 12:30:02",219,194,25,0,63,38,25,0,212,149,59,1,3,3,12,2,3,23,5,0,2,0,0,8,0,0,1
13,CLUJ,"ŞCOALA GENERALĂ",546,"MINTIU GHERLII",58552,1,PROV,PRCNCT,S,S_SV,"2021-01-21 12:30:02",241,219,22,0,68,46,22,0,240,172,66,0,2,1,8,1,7,37,3,0,3,0,0,4,1,1,0
13,CLUJ,"CAMIN CULTURAL MOCIU - SALA MICA",547,MOCIU,58623,1,PROV,PRCNCT,S,S_SV,"2021-01-21 12:30:02",1407,1343,64,0,342,278,64,0,1477,1135,322,9,11,9,56,26,28,125,17,3,2,5,1,39,7,4,0
13,CLUJ,"ŞCOALA ELEMENTARA",548,MOCIU,58623,2,PART,PRCNCT,S,S_SV,"2021-01-21 12:30:02",273,255,18,0,73,55,18,0,281,208,70,1,2,51,3,4,2,8,1,1,0,0,0,0,0,0,0
13,CLUJ,"ŞCOALA GENERALĂ",549,MOCIU,58623,1,PROV,PRCNCT,S,S_SV,"2021-01-21 12:30:02",232,212,20,0,66,46,20,0,232,166,63,1,2,2,15,2,4,33,4,0,0,1,0,1,0,1,0
13,CLUJ,"CAMIN CULTURAL",550,MOCIU,58623,1,PROV,PRCNCT,S,S_SV,"2021-01-21 12:30:02",294,264,30,0,108,78,30,0,291,183,104,0,4,2,15,2,8,60,4,1,0,2,0,7,2,1,0
13,CLUJ,"CLADIRE MULTIFUNCTIONALA",551,MOCIU,58623,1,PROV,PRCNCT,S,S_SV,"2021-01-21 12:30:02",274,252,19,3,87,65,19,3,278,191,86,1,0,2,15,3,6,42,5,5,0,1,0,4,0,2,1
13,CLUJ,"SALĂ MULTIFUNCŢIONALĂ",552,MOCIU,58623,1,PROV,PRCNCT,S,S_SV,"2021-01-21 12:30:02",210,175,35,0,63,28,35,0,193,130,63,0,0,4,20,0,8,17,4,0,0,0,0,7,2,0,1
13,CLUJ,"CLADIRE MULTIFUNCŢIONALĂ",553,MOCIU,58623,1,PROV,PRCNCT,S,S_SV,"2021-01-21 12:30:02",151,136,15,0,47,32,15,0,150,103,45,1,1,2,5,2,3,10,14,0,1,0,0,7,1,0,0
13,CLUJ,"PRIMĂRIA COMUNEI",554,MOLDOVENEŞTI,58721,1,PROV,PRCNCT,S,S_SV,"2021-01-21 12:30:02",609,579,25,5,164,134,25,5,636,472,162,1,1,92,9,5,16,20,5,0,1,1,0,13,0,0,0
13,CLUJ,"ŞCOALA CU CLASELE I-VIII",555,MOLDOVENEŞTI,58721,1,PROV,PRCNCT,S,S_SV,"2021-01-21 12:30:02",442,418,24,0,100,76,24,0,457,357,100,0,0,64,8,2,8,8,2,0,0,0,0,8,0,0,0
13,CLUJ,"ŞCOALA CU CLASELE I-IV",556,MOLDOVENEŞTI,58721,1,PROV,PRCNCT,S,S_SV,"2021-01-21 12:30:02",562,533,21,8,148,119,21,8,588,440,146,1,1,100,13,2,8,11,1,0,0,0,0,11,0,0,0
13,CLUJ,"CASA SATULUI",557,MOLDOVENEŞTI,58721,1,PROV,PRCNCT,S,S_SV,"2021-01-21 12:30:02",588,550,20,18,179,141,20,18,604,425,172,6,1,112,13,2,9,26,3,0,1,1,0,3,0,1,1
13,CLUJ,"CLĂDIREA PRIMĂRIEI",558,MOLDOVENEŞTI,58721,1,PROV,PRCNCT,S,S_SV,"2021-01-21 12:30:02",176,152,24,0,58,34,24,0,166,108,58,0,0,18,13,1,7,14,2,0,0,0,0,3,0,0,0
13,CLUJ,"CĂMINUL CULTURAL",559,MOLDOVENEŞTI,58721,1,PROV,PRCNCT,S,S_SV,"2021-01-21 12:30:02",135,109,26,0,44,18,26,0,117,73,42,1,1,13,4,2,9,6,3,1,0,1,0,2,0,1,0
13,CLUJ,"ŞCOALA CU CLASELE I-IV",560,MOLDOVENEŞTI,58721,1,PROV,PRCNCT,S,S_SV,"2021-01-21 12:30:02",371,348,23,0,79,56,23,0,386,307,76,2,1,5,7,11,6,31,3,0,0,0,0,6,2,2,3
13,CLUJ,"CĂMINUL CULTURAL",561,NEGRENI,60169,1,PROV,PRCNCT,S,S_SV,"2021-01-21 12:30:02",1345,1308,37,0,482,445,37,0,1438,956,464,9,9,2,85,26,58,182,8,1,5,6,23,59,6,3,0
13,CLUJ,"CASA DE CULTURĂ",562,NEGRENI,60169,3,PART,PRCNCT,S,S_SV,"2021-01-21 12:30:02",587,566,21,0,242,221,21,0,622,380,237,2,3,2,53,14,19,77,7,0,0,2,6,44,7,5,1
13,CLUJ,"SCOALA CU CLASELE I-IV",563,NEGRENI,60169,1,PROV,PRCNCT,S,S_SV,"2021-01-21 12:30:02",109,96,13,0,50,37,13,0,106,56,49,0,1,2,10,3,2,20,2,0,2,0,0,4,1,2,1
13,CLUJ,"SCOALA PRIMARĂ",564,PANTICEU,58856,1,PROV,PRCNCT,S,S_SV,"2021-01-21 12:30:02",270,248,22,0,76,54,22,0,274,198,74,2,0,2,7,3,14,12,28,0,1,0,0,6,1,0,0
13,CLUJ,"SCOALĂ GENERALĂ IULIU HAȚIEGANU PANTICEU",565,PANTICEU,58856,1,PROV,PRCNCT,S,S_SV,"2021-01-21 12:30:02",564,524,40,0,183,143,40,0,575,392,175,6,2,0,23,6,47,60,11,0,2,2,1,20,1,1,1
13,CLUJ,"ŞCOALA CLASELE I-IV",566,PANTICEU,58856,1,PROV,PRCNCT,S,S_SV,"2021-01-21 12:30:02",350,304,46,0,84,38,46,0,340,256,82,2,0,4,13,6,19,23,6,1,3,0,0,7,0,0,0
13,CLUJ,"CLADIRE SCOALA",567,PANTICEU,58856,1,PROV,PRCNCT,S,S_SV,"2021-01-21 12:30:02",201,177,24,0,72,48,24,0,196,124,69,1,2,1,6,4,23,17,1,0,0,0,1,15,0,1,0
13,CLUJ,"CAMIN CULTURAL",568,PANTICEU,58856,1,PROV,PRCNCT,S,S_SV,"2021-01-21 12:30:02",79,51,28,0,44,16,28,0,55,11,43,1,0,0,4,1,14,16,1,0,2,1,0,3,0,1,0
13,CLUJ,"CĂMINUL CULTURAL PĂLATCA",569,PĂLATCA,58794,1,PROV,PRCNCT,S,S_SV,"2021-01-21 12:30:02",659,615,44,0,196,152,44,0,679,483,184,5,7,25,25,15,6,91,6,0,2,3,0,7,2,1,1
13,CLUJ,"CĂMINUL CULTURAL SAVA",570,PĂLATCA,58794,1,PROV,PRCNCT,S,S_SV,"2021-01-21 12:30:02",286,260,26,0,98,72,26,0,292,194,93,1,4,2,15,3,2,60,2,2,1,0,0,4,0,2,0
13,CLUJ,"CĂMINUL CULTURAL",571,"PETREŞTII DE JOS",58918,1,PROV,PRCNCT,S,S_SV,"2021-01-21 12:30:02",130,99,31,0,54,23,31,0,108,54,53,1,0,0,23,0,6,19,1,0,1,0,0,2,0,1,0
13,CLUJ,"ŞCOALA GENERALĂ",572,"PETREŞTII DE JOS",58918,1,PROV,PRCNCT,S,S_SV,"2021-01-21 12:30:02",134,107,27,0,56,29,27,0,118,62,55,0,1,0,18,1,4,15,3,1,3,0,0,6,1,2,1
13,CLUJ,"ŞCOALA GENERALĂ",573,"PETREŞTII DE JOS",58918,1,PROV,PRCNCT,S,S_SV,"2021-01-21 12:30:02",212,177,35,0,76,41,35,0,195,119,74,2,0,0,14,4,6,34,3,0,3,0,0,7,2,0,1
13,CLUJ,"ŞCOALA GENERALĂ",574,"PETREŞTII DE JOS",58918,1,PROV,PRCNCT,S,S_SV,"2021-01-21 12:30:02",190,170,20,0,70,50,20,0,187,117,68,1,1,2,8,8,4,25,1,0,2,1,0,16,0,0,1
13,CLUJ,"CĂMIN CULTURAL",575,"PETREŞTII DE JOS",58918,1,PROV,PRCNCT,S,S_SV,"2021-01-21 12:30:02",580,492,83,5,229,141,83,5,544,315,223,2,4,0,26,5,39,117,7,0,1,4,1,20,2,0,1
13,CLUJ,"CAMIN CULTURAL LIVADA",576,"PETREŞTII DE JOS",58918,1,PROV,PRCNCT,S,S_SV,"2021-01-21 12:30:02",183,162,21,0,55,34,21,0,179,124,47,4,4,0,3,5,2,24,1,0,0,0,0,11,0,0,1
13,CLUJ,"CAMINUL CULTURAL",577,"PETREŞTII DE JOS",58918,1,PROV,PRCNCT,S,S_SV,"2021-01-21 12:30:02",96,76,20,0,45,25,20,0,83,38,44,1,0,1,7,1,4,22,2,1,0,1,0,4,0,1,0
13,CLUJ,"CĂMINUL CULTURAL",578,PLOSCOŞ,58990,1,PROV,PRCNCT,S,S_SV,"2021-01-21 12:30:02",349,325,24,0,131,107,24,0,359,228,130,0,1,0,15,4,6,91,8,0,0,2,0,3,1,0,0
13,CLUJ,"ŞCOALA CU CLASELE I-IV",579,PLOSCOŞ,58990,1,PROV,PRCNCT,S,S_SV,"2021-01-21 12:30:02",239,218,21,0,87,66,21,0,239,152,87,0,0,0,22,5,5,45,2,0,0,0,1,7,0,0,0
13,CLUJ,"PRIMĂRIA COMUNEI POIENI",580,POIENI,59041,1,PROV,PRCNCT,S,S_SV,"2021-01-21 12:30:02",974,940,30,4,249,215,30,4,1035,786,247,2,0,2,42,28,25,106,6,0,2,1,3,24,4,1,3
13,CLUJ,"ŞCOALA PRIMARA BOLOGA",581,POIENI,59041,1,PROV,PRCNCT,S,S_SV,"2021-01-21 12:30:02",527,509,17,1,189,171,17,1,561,372,187,2,0,0,44,14,38,54,6,0,0,0,0,27,2,0,2
13,CLUJ,"ŞCOALA PRIMARA MORLACA",582,POIENI,59041,1,PROV,PRCNCT,S,S_SV,"2021-01-21 12:30:02",610,585,25,0,161,136,25,0,640,479,157,2,2,0,43,18,24,50,7,1,3,0,0,9,0,0,2
13,CLUJ,"ŞCOALA HODIŞU",583,POIENI,59041,1,PROV,PRCNCT,S,S_SV,"2021-01-21 12:30:02",320,289,31,0,103,72,31,0,317,214,99,1,3,0,14,7,6,48,5,0,3,1,6,6,2,0,1
13,CLUJ,"ŞCOALA GIMNAZIALA ”AUREL MUNTEANU” VALEA DRĂGANULUI",584,POIENI,59041,1,PROV,PRCNCT,S,S_SV,"2021-01-21 12:30:02",1323,1265,58,0,414,356,58,0,1393,979,409,3,2,0,97,23,48,156,7,2,13,3,0,44,2,0,14
13,CLUJ,"ŞCOALA TRANIŞU",585,POIENI,59041,1,PROV,PRCNCT,S,S_SV,"2021-01-21 12:30:02",305,281,24,0,83,59,24,0,309,226,83,0,0,0,8,6,19,40,4,0,1,0,0,2,2,0,1
13,CLUJ,"ŞCOALA LUNCA VIŞAGULUI",586,POIENI,59041,1,PROV,PRCNCT,S,S_SV,"2021-01-21 12:30:02",198,181,17,0,60,43,17,0,198,138,60,0,0,0,22,3,7,14,1,0,1,0,0,5,1,0,6
13,CLUJ,"SEDIUL PRIMĂRIEI SALA DE SEDINŢE",587,RECEA-CRISTUR,59130,1,PROV,PRCNCT,S,S_SV,"2021-01-21 12:30:02",720,558,104,58,414,252,104,58,614,200,403,6,5,2,46,6,10,315,6,1,1,1,0,12,1,0,2
13,CLUJ,ŞCOALA,588,RECEA-CRISTUR,59130,1,PROV,PRCNCT,S,S_SV,"2021-01-21 12:30:02",135,78,51,6,96,39,51,6,104,8,95,1,0,0,2,2,2,82,3,1,2,0,0,0,0,0,1
13,CLUJ,ŞCOALA,589,RECEA-CRISTUR,59130,1,PROV,PRCNCT,S,S_SV,"2021-01-21 12:30:02",105,69,25,11,62,26,25,11,75,13,59,2,1,1,7,1,4,40,1,0,0,0,0,5,0,0,0
13,CLUJ,ŞCOALA,590,RECEA-CRISTUR,59130,1,PROV,PRCNCT,S,S_SV,"2021-01-21 12:30:02",121,79,34,8,84,42,34,8,100,16,83,1,0,0,10,4,3,63,2,1,0,0,0,0,0,0,0
13,CLUJ,ŞCOALA,591,RECEA-CRISTUR,59130,1,PROV,PRCNCT,S,S_SV,"2021-01-21 12:30:02",147,128,15,4,88,69,15,4,161,73,87,0,1,0,17,1,1,62,2,0,0,0,0,4,0,0,0
13,CLUJ,"CAMINUL CULTURAL CIUBANCA",592,RECEA-CRISTUR,59130,1,PROV,PRCNCT,S,S_SV,"2021-01-21 12:30:02",104,73,20,11,59,28,20,11,79,20,59,0,0,0,14,3,1,36,3,0,1,0,0,1,0,0,0
13,CLUJ,"ŞCOALA GIMNAZIALĂ CU CLASELE I-VIII",593,RIŞCA,59238,1,PROV,PRCNCT,S,S_SV,"2021-01-21 12:30:02",799,757,40,2,265,223,40,2,835,570,259,3,3,0,89,7,22,91,23,0,0,0,0,24,0,2,1
13,CLUJ,"ŞCOALA PRIMARĂ CU CLASELE I-IV",594,RIŞCA,59238,1,PROV,PRCNCT,S,S_SV,"2021-01-21 12:30:02",320,309,11,0,93,82,11,0,340,247,91,1,1,0,41,3,4,31,4,1,0,0,1,4,1,1,0
13,CLUJ,"ŞCOALA PRIMARĂ CU CLASELE I-IV",595,RIŞCA,59238,1,PROV,PRCNCT,S,S_SV,"2021-01-21 12:30:02",177,147,30,0,76,46,30,0,161,85,75,1,0,0,21,4,9,30,2,0,3,0,0,5,0,0,1
13,CLUJ,"CĂMINUL CULTURAL",596,SĂCUIEU,59283,1,PROV,PRCNCT,S,S_SV,"2021-01-21 12:30:02",471,455,16,0,130,114,16,0,508,378,123,5,2,0,22,6,9,58,8,0,0,2,2,13,1,0,2
13,CLUJ,"CĂMINUL CULTURAL",597,SĂCUIEU,59283,1,PROV,PRCNCT,S,S_SV,"2021-01-21 12:30:02",527,507,20,0,140,120,20,0,564,424,140,0,0,1,30,2,24,37,9,3,0,1,0,24,6,2,1
13,CLUJ,"CAMINUL CULTURAL",598,SĂCUIEU,59283,1,PROV,PRCNCT,S,S_SV,"2021-01-21 12:30:02",229,207,22,0,76,54,22,0,227,151,72,0,4,0,35,1,5,16,3,0,0,3,1,6,1,0,1
13,CLUJ,ŞCOALA,599,SĂNDULEŞTI,55311,1,PROV,PRCNCT,S,S_SV,"2021-01-21 12:30:02",673,602,63,8,244,173,63,8,665,421,237,6,1,7,35,4,28,117,10,1,4,1,4,21,0,1,4
13,CLUJ,"ŞCOALA SIMION BALINT",600,SĂNDULEŞTI,55311,1,PROV,PRCNCT,S,S_SV,"2021-01-21 12:30:02",1193,1149,34,10,346,302,34,10,1264,918,338,6,2,6,42,15,48,167,9,1,4,0,1,41,0,1,3
13,CLUJ,"CĂMINUL CULTURAL",601,SĂVĂDISLA,59327,1,PROV,PRCNCT,S,S_SV,"2021-01-21 12:30:02",972,874,52,46,475,377,52,46,960,485,473,0,2,388,10,5,25,35,6,1,0,0,0,1,0,0,2
13,CLUJ,"CĂMINUL CULTURAL",602,SĂVĂDISLA,59327,1,PROV,PRCNCT,S,S_SV,"2021-01-21 12:30:02",278,251,27,0,112,85,27,0,316,204,110,2,0,6,19,4,16,46,3,2,1,0,0,12,1,0,0
13,CLUJ,"CĂMINUL CULTURAL",603,SĂVĂDISLA,59327,2,PART,PRCNCT,S,S_SV,"2021-01-21 12:30:02",82,42,40,0,50,10,40,0,80,30,50,0,0,5,8,3,7,20,1,0,3,0,0,2,1,0,0
13,CLUJ,"CĂMINUL CULTURAL",604,SĂVĂDISLA,59327,1,PROV,PRCNCT,S,S_SV,"2021-01-21 12:30:02",896,755,114,27,546,405,114,27,828,282,541,1,4,470,11,3,19,24,6,0,1,1,0,4,0,0,2
13,CLUJ,"ŞCOALA CU CLASELE I-VIII",605,SĂVĂDISLA,59327,1,PROV,PRCNCT,S,S_SV,"2021-01-21 12:30:02",418,382,36,0,140,104,36,0,419,279,139,0,1,3,22,37,9,36,14,0,0,2,1,12,2,0,1
13,CLUJ,"ŞCOALA CU CLASELE I-VIII",606,SĂVĂDISLA,59327,1,PROV,PRCNCT,S,S_SV,"2021-01-21 12:30:02",683,661,22,0,173,151,22,0,726,553,171,2,0,2,46,2,15,51,8,3,3,1,0,37,0,1,2
13,CLUJ,"ŞCOALA CU CLASELE I-IV",607,SĂVĂDISLA,59327,1,PROV,PRCNCT,S,S_SV,"2021-01-21 12:30:02",347,319,28,0,149,121,28,0,350,201,147,2,0,114,6,1,7,13,1,0,0,0,1,3,1,0,0
13,CLUJ,"ŞCOALA CU CLASELE I-IV",608,SĂVĂDISLA,59327,1,PROV,PRCNCT,S,S_SV,"2021-01-21 12:30:02",242,208,27,7,107,73,27,7,226,119,107,0,0,4,11,5,19,55,3,1,0,1,0,7,1,0,0
13,CLUJ,"SANCRAIU NR.330 CAMINUL CULTURAL",609,SÂNCRAIU,59434,2,PART,PRCNCT,S,S_SV,"2021-01-21 12:30:02",1036,924,50,62,662,550,50,62,1018,356,658,2,2,538,26,1,33,35,3,0,4,0,0,15,0,0,3
13,CLUJ,"ALUNISU NR.74 CAMINUL CULTURAL",610,SÂNCRAIU,59434,1,PROV,PRCNCT,S,S_SV,"2021-01-21 12:30:02",124,93,31,0,73,42,31,0,101,28,72,1,0,44,9,1,5,8,2,0,0,0,0,0,0,0,3
13,CLUJ,"DOMOSU NR.22 CAMINUL CULTURAL",611,SÂNCRAIU,59434,1,PROV,PRCNCT,S,S_SV,"2021-01-21 12:30:02",314,293,12,9,198,177,12,9,324,126,193,1,4,166,7,1,3,11,1,0,0,0,0,3,0,0,1
13,CLUJ,"PRIMARIA SANMARTIN",612,SÂNMĂRTIN,59498,1,PROV,PRCNCT,S,S_SV,"2021-01-21 12:30:02",204,190,14,0,88,74,14,0,211,123,88,0,0,29,13,2,7,30,2,0,0,0,1,3,0,0,1
13,CLUJ,"SC. PRIM. CEABA",613,SÂNMĂRTIN,59498,1,PROV,PRCNCT,S,S_SV,"2021-01-21 12:30:02",203,178,25,0,113,88,25,0,199,86,111,1,1,2,10,2,7,79,1,0,2,0,0,7,0,0,1
13,CLUJ,"SC. GIMNAZIALA CUTCA",614,SÂNMĂRTIN,59498,1,PROV,PRCNCT,S,S_SV,"2021-01-21 12:30:02",349,320,29,0,250,221,29,0,352,102,247,1,2,3,14,4,1,214,5,0,0,1,0,4,0,1,0
13,CLUJ,"CAMIN CULT. SAMBOIENI",615,SÂNMĂRTIN,59498,1,PROV,PRCNCT,S,S_SV,"2021-01-21 12:30:02",136,119,17,0,80,63,17,0,130,50,79,0,1,2,5,1,3,62,2,0,0,0,0,2,2,0,0
13,CLUJ,"SC. PRIM. TARGUSOR",616,SÂNMĂRTIN,59498,1,PROV,PRCNCT,S,S_SV,"2021-01-21 12:30:02",133,91,42,0,92,50,42,0,99,7,89,3,0,5,7,0,4,71,1,0,0,0,0,1,0,0,0
13,CLUJ,"SC. PRIM. MAHAL",617,SÂNMĂRTIN,59498,1,PROV,PRCNCT,S,S_SV,"2021-01-21 12:30:02",79,64,15,0,46,31,15,0,69,23,44,1,1,2,7,1,1,31,0,1,0,0,0,1,0,0,0
13,CLUJ,"SC. PRIM. DIV-MARI",618,SÂNMĂRTIN,59498,1,PROV,PRCNCT,S,S_SV,"2021-01-21 12:30:02",139,115,24,0,78,54,24,0,126,48,74,1,3,2,7,0,2,55,1,0,0,1,0,3,0,0,3
13,CLUJ,"SC. PRIM. DIV-MICI",619,SÂNMĂRTIN,59498,1,PROV,PRCNCT,S,S_SV,"2021-01-21 12:30:02",70,44,26,0,49,23,26,0,49,0,49,0,0,2,4,0,1,40,0,0,0,0,0,2,0,0,0
13,CLUJ,"SEDIUL PRIMĂRIEI",620,SÂNPAUL,59586,1,PROV,PRCNCT,S,S_SV,"2021-01-21 12:30:02",778,715,61,2,248,185,61,2,784,536,237,8,3,2,43,13,26,112,24,2,3,0,2,8,2,0,0
13,CLUJ,"CĂMIN CULTURAL ȘARDU",621,SÂNPAUL,59586,1,PROV,PRCNCT,S,S_SV,"2021-01-21 12:30:02",363,335,26,2,105,77,26,2,368,263,103,1,1,3,10,9,10,51,1,1,1,0,5,9,2,0,1
13,CLUJ,"CĂMIN CULTURAL BERINDU",622,SÂNPAUL,59586,1,PROV,PRCNCT,S,S_SV,"2021-01-21 12:30:02",387,352,34,1,144,109,34,1,396,252,141,2,1,1,17,41,5,61,3,1,1,0,1,7,1,0,2
13,CLUJ,"ȘCOALA GENERALĂ MIHĂIEȘTI",623,SÂNPAUL,59586,1,PROV,PRCNCT,S,S_SV,"2021-01-21 12:30:02",237,211,24,2,80,54,24,2,231,151,78,1,1,0,5,9,15,33,5,0,2,0,6,2,1,0,0
13,CLUJ,"MAGAZINUL COOPERAȚIEI",624,SÂNPAUL,59586,1,PROV,PRCNCT,S,S_SV,"2021-01-21 12:30:02",232,186,46,0,77,31,46,0,201,124,77,0,0,0,16,6,16,32,3,0,0,0,2,2,0,0,0
13,CLUJ,"CAMIN CULTURAL SIC",625,SIC,59416,3,PART,PRCNCT,S,S_SV,"2021-01-21 12:30:02",794,755,30,9,250,211,30,9,831,581,237,0,4,216,4,2,4,2,3,1,0,0,0,4,0,0,1
13,CLUJ,"CAMIN CULTURAL SIC",626,SIC,59416,1,PROV,PRCNCT,S,S_SV,"2021-01-21 12:30:02",1197,1197,0,0,293,293,0,0,1318,1025,287,1,5,266,1,0,11,4,2,1,1,1,0,0,0,0,0
13,CLUJ,"SEDIUL ADMINISTRATIV AL PRIMARIEI SUATU",627,SUATU,59657,1,PROV,PRCNCT,S,S_SV,"2021-01-21 12:30:02",1116,1046,69,1,412,342,69,1,1152,740,387,7,18,278,27,11,6,39,9,0,3,1,0,8,0,1,4
13,CLUJ,"CLADIREA COOPERATIVEI DE CONSUM CAIANU",628,SUATU,59657,1,PROV,PRCNCT,S,S_SV,"2021-01-21 12:30:02",264,249,15,0,61,46,15,0,274,213,56,1,4,1,13,2,7,24,1,0,0,0,0,1,1,2,4
13,CLUJ,"SCOALA PAVEL DAN",629,"TRITENII DE JOS",59693,1,PROV,PRCNCT,S,S_SV,"2021-01-21 12:30:02",1268,1249,19,0,236,217,19,0,1372,1136,232,2,2,3,38,22,37,66,31,1,1,3,0,24,2,3,1
13,CLUJ,"SCOALA PRIMARA",630,"TRITENII DE JOS",59693,1,PROV,PRCNCT,S,S_SV,"2021-01-21 12:30:02",883,868,15,0,188,173,15,0,964,776,182,4,2,4,48,13,19,45,18,0,1,0,0,30,1,2,1
13,CLUJ,"SCOALA PRIMARA",631,"TRITENII DE JOS",59693,1,PROV,PRCNCT,S,S_SV,"2021-01-21 12:30:02",400,394,6,0,107,101,6,0,432,325,104,3,0,62,7,9,8,10,5,0,0,0,1,2,0,0,0
13,CLUJ,"CAMIN CULTURAL",632,"TRITENII DE JOS",59693,1,PROV,PRCNCT,S,S_SV,"2021-01-21 12:30:02",981,967,14,0,157,143,14,0,1066,909,152,2,3,4,30,14,16,25,18,1,2,1,0,37,1,2,1
13,CLUJ,"CAMIN CULTURAL",633,"TRITENII DE JOS",59693,1,PROV,PRCNCT,S,S_SV,"2021-01-21 12:30:02",244,227,17,0,57,40,17,0,252,195,57,0,0,2,17,4,4,16,7,0,0,0,0,5,1,0,1
13,CLUJ,"CASA PARTICULARA",634,"TRITENII DE JOS",59693,1,PROV,PRCNCT,S,S_SV,"2021-01-21 12:30:02",82,68,14,0,23,9,14,0,74,51,23,0,0,2,3,10,3,2,2,0,1,0,0,0,0,0,0
13,CLUJ,"PRIMARIA COMUNEI TURENI , NR. 243",635,TURENI,59764,1,PROV,PRCNCT,S,S_SV,"2021-01-21 12:30:02",840,773,64,3,296,229,64,3,852,556,287,6,3,75,35,7,47,78,26,0,0,0,17,1,0,1,0
13,CLUJ,"CAMINUL CULTURAL CEANU MIC , NR.184",636,TURENI,59764,1,PROV,PRCNCT,S,S_SV,"2021-01-21 12:30:02",342,318,24,0,84,60,24,0,351,267,80,1,3,3,8,4,14,27,12,0,1,2,0,7,0,0,2
13,CLUJ,"SCOALA CU CLS. I-IV COMSESTI , NR.111",637,TURENI,59764,1,PROV,PRCNCT,S,S_SV,"2021-01-21 12:30:02",196,180,16,0,60,44,16,0,198,138,58,1,1,11,5,1,11,21,3,0,1,0,0,3,0,0,2
13,CLUJ,"SCOALA CU CLS. I-IV MĂRTINEŞTI ,NR.60",638,TURENI,59764,1,PROV,PRCNCT,S,S_SV,"2021-01-21 12:30:02",305,293,12,0,82,70,12,0,321,239,80,2,0,4,11,0,6,26,6,0,1,0,0,23,0,2,1
13,CLUJ,"SCOALA CU CLS. I - IV MICESTI , NR.57",639,TURENI,59764,1,PROV,PRCNCT,S,S_SV,"2021-01-21 12:30:02",249,208,41,0,103,62,41,0,231,128,102,1,0,3,19,5,7,50,3,0,2,0,0,9,1,0,3
13,CLUJ,"PRIMĂRIA ŢAGA",640,ŢAGA,59826,1,PROV,PRCNCT,S,S_SV,"2021-01-21 12:30:02",624,589,29,6,226,191,29,6,649,423,221,5,0,3,27,24,14,123,7,1,2,0,0,12,2,1,5
13,CLUJ,"CĂMIN CULTURAL SÎNTIOANA",641,ŢAGA,59826,1,PROV,PRCNCT,S,S_SV,"2021-01-21 12:30:02",462,438,22,2,135,111,22,2,481,346,132,3,0,2,24,4,15,49,20,0,0,3,0,9,1,0,5
13,CLUJ,"FOSTA ŞCOALĂ I- IV NĂSAL",642,ŢAGA,59826,1,PROV,PRCNCT,S,S_SV,"2021-01-21 12:30:02",260,238,22,0,85,63,22,0,262,177,85,0,0,6,17,9,7,39,1,0,1,0,0,2,0,1,2
13,CLUJ,"CĂMINUL CULTURAL SÎNTEJUDE",643,ŢAGA,59826,1,PROV,PRCNCT,S,S_SV,"2021-01-21 12:30:02",236,194,42,0,97,55,42,0,214,117,92,3,2,4,12,2,9,51,2,0,0,2,0,3,1,1,5
13,CLUJ,"GRADINITA CU PROGRAM NORMAL",644,UNGURAŞ,59880,2,PART,PRCNCT,S,S_SV,"2021-01-21 12:30:02",774,753,13,8,298,277,13,8,828,530,290,3,5,231,1,22,5,5,6,1,0,4,0,8,6,1,0
13,CLUJ,"CAMINUL CULTURAL UNGURAS",645,UNGURAŞ,59880,1,PROV,PRCNCT,S,S_SV,"2021-01-21 12:30:02",761,732,14,15,258,229,14,15,806,548,256,2,0,198,7,6,3,20,15,1,0,0,4,2,0,0,0
13,CLUJ,"SCOALA GIMNAZIALA BATIN",646,UNGURAŞ,59880,1,PROV,PRCNCT,S,S_SV,"2021-01-21 12:30:02",565,550,15,0,160,145,15,0,604,444,156,2,2,13,62,4,4,54,8,0,2,3,0,3,3,0,0
13,CLUJ,"GRADINIŢA CU PROGRAM NORMAL VALEA UNGURAŞULUI",647,UNGURAŞ,59880,1,PROV,PRCNCT,S,S_SV,"2021-01-21 12:30:02",179,163,16,0,65,49,16,0,178,113,62,2,1,6,6,2,3,34,4,0,0,0,0,7,0,0,0
13,CLUJ,"CĂMIN CULTURAL VAD",648,VAD,59942,1,PROV,PRCNCT,S,S_SV,"2021-01-21 12:30:02",332,264,52,16,183,115,52,16,289,106,177,5,1,1,41,5,13,88,13,0,1,0,0,15,0,0,0
13,CLUJ,"ȘCOALA CETAN",649,VAD,59942,1,PROV,PRCNCT,S,S_SV,"2021-01-21 12:30:02",570,492,50,28,259,181,50,28,546,287,253,3,3,2,57,1,16,119,7,0,6,5,5,27,2,6,0
13,CLUJ,"CENTRU DE ZI PENTRU COPII",650,VAD,59942,1,PROV,PRCNCT,S,S_SV,"2021-01-21 12:30:02",219,188,20,11,104,73,20,11,208,104,88,6,10,0,18,2,2,55,4,0,0,1,0,4,0,2,0
13,CLUJ,"ȘCOALA CURTUIUȘ",651,VAD,59942,1,PROV,PRCNCT,S,S_SV,"2021-01-21 12:30:02",162,130,24,8,83,51,24,8,143,60,80,3,0,0,7,1,2,59,1,0,0,1,0,5,3,0,1
13,CLUJ,"CĂMIN CULTURAL BOGATA DE SUS",652,VAD,59942,1,PROV,PRCNCT,S,S_SV,"2021-01-21 12:30:02",252,201,31,20,152,101,31,20,223,71,150,2,0,3,13,6,9,105,3,0,2,0,0,5,2,1,1
13,CLUJ,"ȘCOALA VALEA GROȘILOR",653,VAD,59942,1,PROV,PRCNCT,S,S_SV,"2021-01-21 12:30:02",255,203,40,12,121,69,40,12,225,104,119,0,2,3,8,4,10,65,3,0,0,1,0,24,1,0,0
13,CLUJ,"CĂMIN CULTURAL CALNA",654,VAD,59942,1,PROV,PRCNCT,S,S_SV,"2021-01-21 12:30:02",143,116,19,8,85,58,19,8,127,42,82,1,2,0,14,10,2,31,6,0,7,0,0,5,3,4,0
13,CLUJ,"STADION COMUNAL-VESTIARE",655,"VALEA IERII",60026,1,PROV,PRCNCT,S,S_SV,"2021-01-21 12:30:02",858,815,39,4,298,255,39,4,899,601,292,2,4,4,125,11,24,88,11,1,2,1,1,14,3,2,5
13,CLUJ,"SCOALA GEN CLS I-VIII",656,VIIŞOARA,60062,1,PROV,PRCNCT,S,S_SV,"2021-01-21 12:30:02",1398,1377,21,0,379,358,21,0,1512,1133,371,4,4,225,15,5,30,59,6,0,3,5,4,15,2,1,1
13,CLUJ,"ȘCOALA GIMNAZIALA VIIȘOARA CORP II",657,VIIŞOARA,60062,2,PART,PRCNCT,S,S_SV,"2021-01-21 12:30:02",1386,1362,19,5,287,263,19,5,1507,1220,285,0,2,13,75,5,38,96,16,1,1,0,1,30,4,2,3
13,CLUJ,"ȘCOALA GIMNAZIALA VIIȘOARA CORP II",658,VIIŞOARA,60062,1,PROV,PRCNCT,S,S_SV,"2021-01-21 12:30:02",1313,1296,17,0,291,274,17,0,1424,1133,273,15,3,24,89,5,19,52,11,0,4,10,0,42,4,9,4
13,CLUJ,"ȘCOALA PRIMARĂ URCA CORP I",659,VIIŞOARA,60062,1,PROV,PRCNCT,S,S_SV,"2021-01-21 12:30:02",791,775,15,1,201,185,15,1,854,653,194,4,3,2,72,3,20,60,3,0,2,2,1,19,1,6,3
13,CLUJ,"PRIMARIA COMUNEI VULTURENI",660,VULTURENI,60099,1,PROV,PRCNCT,S,S_SV,"2021-01-21 12:30:02",355,323,32,0,114,82,32,0,354,240,111,2,1,2,26,6,12,49,3,1,3,1,1,6,0,0,1
13,CLUJ,"CAMIN CULTURAL BABUTIU",661,VULTURENI,60099,1,PROV,PRCNCT,S,S_SV,"2021-01-21 12:30:02",220,191,29,0,92,63,29,0,210,118,85,5,2,2,10,14,4,19,12,0,1,1,1,21,0,0,0
13,CLUJ,"CAMINUL CULTURAL BADESTI",662,VULTURENI,60099,1,PROV,PRCNCT,S,S_SV,"2021-01-21 12:30:02",134,105,29,0,74,45,29,0,108,34,72,0,2,1,7,3,5,46,1,0,0,3,0,1,2,2,1
13,CLUJ,"FUNDATIA KIDE",663,VULTURENI,60099,1,PROV,PRCNCT,S,S_SV,"2021-01-21 12:30:02",131,93,38,0,67,29,38,0,102,35,63,2,2,44,5,1,4,4,2,1,0,0,0,0,2,0,0
13,CLUJ,"CAMINUL CULTURAL FAURENI",664,VULTURENI,60099,1,PROV,PRCNCT,S,S_SV,"2021-01-21 12:30:02",172,151,21,0,50,29,21,0,167,117,49,1,0,4,3,7,3,19,4,0,2,1,0,4,1,1,0
13,CLUJ,"SCOALA SOIMENI",665,VULTURENI,60099,1,PROV,PRCNCT,S,S_SV,"2021-01-21 12:30:02",280,260,20,0,97,77,20,0,285,188,95,2,0,1,18,7,7,39,4,1,2,2,2,9,1,0,2
