precinct_county_nce,precinct_county_name,precinct_name,precinct_nr,uat_name,uat_siruta,report_version,report_stage_code,report_type_scope_code,report_type_category_code,report_type_code,created_at,a,a1,a2,a3,b,b1,b2,b3,c,d,e,f,g,"PARTIDUL NAȚIONAL LIBERAL-voturi","PARTIDUL PRO ROMÂNIA-voturi","ALIANȚA USR PLUS-voturi","PARTIDUL SOCIAL DEMOCRAT-voturi","PARTIDUL MIȘCAREA POPULARĂ-voturi","UNIUNEA DEMOCRATĂ MAGHIARĂ DIN ROMÂNIA-voturi","ALTERNATIVA DREAPTĂ-voturi","PARTIDUL ECOLOGIST ROMÂN-voturi","PARTIDUL PUTERII UMANISTE (SOCIAL-LIBERAL)-voturi","PARTIDUL VERDE-voturi","PARTIDUL NOUA ROMÂNIE-voturi","PARTIDUL ROMÂNIA MARE-voturi","PARTIDUL SOCIALIST ROMÂN-voturi","ALIANȚA PENTRU UNIREA ROMÂNILOR-voturi","PARTIDUL NOUA DREAPTĂ-voturi","UNIUNEA POLONEZILOR DIN ROMÂNIA-voturi","ASOCIAȚIA PARTIDA ROMILOR “PRO-EUROPA”-voturi","UNIUNEA SÂRBILOR DIN ROMÂNIA-voturi","ASOCIAȚIA ITALIENILOR DIN ROMÂNIA – RO.AS.IT.-voturi","FORUMUL DEMOCRAT AL GERMANILOR DIN ROMÂNIA-voturi","UNIUNEA ARMENILOR DIN ROMÂNIA-voturi","FEDERAȚIA COMUNITĂȚILOR EVREIEȘTI DIN ROMÂNIA-voturi","UNIUNEA UCRAINENILOR DIN ROMÂNIA-voturi","UNIUNEA DEMOCRATĂ TURCĂ DIN ROMÂNIA-voturi","UNIUNEA CULTURALĂ A RUTENILOR DIN ROMÂNIA-voturi","UNIUNEA DEMOCRATICĂ A SLOVACILOR ȘI CEHILOR DIN ROMÂNIA-voturi","ASOCIAȚIA LIGA ALBANEZILOR DIN ROMÂNIA-voturi","COMUNITATEA RUȘILOR LIPOVENI DIN ROMÂNIA-voturi","UNIUNEA CROAȚILOR DIN ROMÂNIA-voturi","UNIUNEA ELENĂ DIN ROMÂNIA-voturi","UNIUNEA BULGARĂ DIN BANAT-ROMÂNIA-voturi","ASOCIAȚIA MACEDONENILOR DIN ROMÂNIA-voturi"
17,DOLJ,"COLEGIUL NAŢIONAL ”ELENA CUZA”",1,"MUNICIPIUL CRAIOVA",69900,1,PROV,PRCNCT,CD,CD_SV,"2021-01-21 12:30:02",1226,1179,41,6,414,367,41,6,1200,786,411,3,0,123,11,106,110,24,0,0,7,5,4,1,3,2,8,2,0,0,0,0,1,0,1,0,0,0,0,0,0,0,0,1,2
17,DOLJ,"CASA DE CULTURA A STUDENŢILOR",2,"MUNICIPIUL CRAIOVA",69900,1,PROV,PRCNCT,CD,CD_SV,"2021-01-21 12:30:02",1477,1458,19,0,465,446,19,0,1500,1035,462,3,0,129,17,106,139,25,1,1,7,1,2,1,2,2,18,0,0,1,0,0,0,0,0,0,1,0,1,1,0,0,0,0,7
17,DOLJ,"PRIMARIA CRAIOVA- DIRECŢIA DE ASISTENŢĂ ŞI PROTECŢIE SOCIALĂ",3,"MUNICIPIUL CRAIOVA",69900,2,PART,PRCNCT,CD,CD_SV,"2021-01-21 12:30:02",1367,1347,18,2,441,421,18,2,1400,959,436,4,1,109,12,116,110,22,1,2,11,4,4,0,1,3,24,1,1,0,0,0,0,0,1,0,0,0,0,0,0,0,1,2,11
17,DOLJ,"LICEUL CU PROGRAM SPORTIV ”PETRACHE TRIŞCU”",4,"MUNICIPIUL CRAIOVA",69900,1,PROV,PRCNCT,CD,CD_SV,"2021-01-21 12:30:02",1752,1724,25,3,649,621,25,3,1800,1151,642,6,1,201,22,167,196,25,4,2,3,1,3,1,0,1,9,0,0,0,0,0,0,0,0,1,0,0,0,1,0,1,0,0,4
17,DOLJ,"LICEUL CU PROGRAM SPORTIV ”PETRACHE TRIȘCU”",5,"MUNICIPIUL CRAIOVA",69900,1,PROV,PRCNCT,CD,CD_SV,"2021-01-21 12:30:02",1749,1730,12,7,632,613,12,7,1800,1168,622,6,4,196,20,159,165,33,0,2,5,2,1,0,1,1,25,1,0,0,0,0,0,1,1,0,0,0,0,0,0,0,4,0,5
17,DOLJ,"LICEUL TEORETIC ”TRAIAN VUIA”",6,"MUNICIPIUL CRAIOVA",69900,1,PROV,PRCNCT,CD,CD_SV,"2021-01-21 12:30:02",1235,1216,18,1,448,429,18,1,1300,852,442,6,0,146,18,114,112,20,0,2,1,2,2,1,0,2,13,0,0,0,0,0,4,0,0,0,0,0,0,4,0,0,0,0,1
17,DOLJ,"LICEUL TEORETIC ”TRAIAN VUIA”",7,"MUNICIPIUL CRAIOVA",69900,1,PROV,PRCNCT,CD,CD_SV,"2021-01-21 12:30:02",1056,1032,24,0,377,353,24,0,1100,723,373,4,0,80,17,101,131,18,1,0,7,2,1,0,1,0,10,0,0,0,0,1,0,0,0,0,0,0,0,3,0,0,0,0,0
17,DOLJ,"UNIVERSITATEA DIN CRAIOVA",8,"MUNICIPIUL CRAIOVA",69900,1,PROV,PRCNCT,CD,CD_SV,"2021-01-21 12:30:02",1716,1690,25,1,591,565,25,1,1800,1209,589,1,1,182,14,156,171,31,0,1,6,1,5,0,1,0,13,0,0,1,0,0,0,0,0,0,1,0,0,1,0,0,0,0,5
17,DOLJ,"UNIVERSITATEA DIN CRAIOVA",9,"MUNICIPIUL CRAIOVA",69900,1,PROV,PRCNCT,CD,CD_SV,"2021-01-21 12:30:02",989,971,15,3,373,355,15,3,1000,627,369,3,1,108,12,81,119,11,0,0,5,2,0,1,0,1,19,1,0,0,0,0,0,4,2,0,0,0,0,0,0,0,0,0,3
17,DOLJ,"UNIVERSITATEA DIN CRAIOVA",10,"MUNICIPIUL CRAIOVA",69900,1,PROV,PRCNCT,CD,CD_SV,"2021-01-21 12:30:02",1012,992,18,2,422,402,18,2,1100,678,419,3,0,141,15,96,106,20,0,3,4,5,4,0,1,2,15,0,0,0,0,0,0,0,0,0,0,0,0,2,0,0,0,0,5
17,DOLJ,"ŞCOALA GIMNAZIALĂ NR.22 ”MIRCEA ELIADE”",11,"MUNICIPIUL CRAIOVA",69900,1,PROV,PRCNCT,CD,CD_SV,"2021-01-21 12:30:02",1215,1192,20,3,398,375,20,3,1300,902,392,5,1,92,7,113,137,11,1,1,7,5,0,0,0,3,11,0,0,0,0,1,0,0,0,0,0,0,0,0,0,0,1,0,2
17,DOLJ,"ŞCOALA GIMNAZIALĂ ”MIRCEA ELIADE”",12,"MUNICIPIUL CRAIOVA",69900,1,PROV,PRCNCT,CD,CD_SV,"2021-01-21 12:30:02",1498,1472,26,0,545,519,26,0,1500,955,539,6,0,155,23,131,158,25,0,0,7,6,1,1,2,2,22,0,0,0,0,0,0,0,0,0,0,0,0,0,0,1,0,0,5
17,DOLJ,"GRADINIŢA CU PROGRAM PRELUNGIT ”DUMBRAVA MINUNATA” ( FOSTĂ NR.37)",13,"MUNICIPIUL CRAIOVA",69900,2,PART,PRCNCT,CD,CD_SV,"2021-01-21 12:30:02",1825,1759,31,35,686,620,31,35,1800,1114,674,5,7,155,24,173,232,26,2,0,9,5,2,3,1,3,25,0,1,0,0,0,0,0,2,0,0,0,0,2,0,0,1,0,8
17,DOLJ,"GRADINIŢA CU PROGRAM PRELUNGIT ”DUMBRAVA MINUNATA”(FOSTĂ NR.37)",14,"MUNICIPIUL CRAIOVA",69900,1,PROV,PRCNCT,CD,CD_SV,"2021-01-21 12:30:02",1704,1676,28,0,430,402,28,0,1700,1270,422,8,0,103,19,78,128,28,1,3,6,3,0,0,4,0,44,0,0,0,0,0,0,0,0,0,0,0,0,1,0,0,0,0,4
17,DOLJ,"ŞCOALA GIMNAZIALĂ ”MIHAI EMINESCU”(FOSTA NR.37",15,"MUNICIPIUL CRAIOVA",69900,2,PART,PRCNCT,CD,CD_SV,"2021-01-21 12:30:02",1246,1219,25,2,411,384,25,2,1299,888,409,2,0,73,20,95,135,19,0,1,12,4,4,0,1,2,28,0,0,0,0,0,0,0,0,0,0,1,0,14,0,0,0,0,0
17,DOLJ,"ŞCOALA GIMNAZIALĂ ”MIHAI EMINESCU”(FOSTA NR.37)",16,"MUNICIPIUL CRAIOVA",69900,1,PROV,PRCNCT,CD,CD_SV,"2021-01-21 12:30:02",1367,1335,32,0,411,379,32,0,1400,989,401,10,0,67,18,74,156,18,0,1,4,5,1,1,6,3,41,0,0,0,0,0,0,0,0,0,0,0,0,5,0,0,0,0,1
17,DOLJ,"ŞCOALA GIMNAZIALĂ ”MIHAI EMINESCU”(FOSTA NR. 37)",17,"MUNICIPIUL CRAIOVA",69900,1,PROV,PRCNCT,CD,CD_SV,"2021-01-21 12:30:02",1201,1185,15,1,318,302,15,1,1200,882,313,5,0,68,11,64,113,10,0,0,7,1,3,3,3,1,26,1,0,0,0,0,0,0,0,0,2,0,0,0,0,0,0,0,0
17,DOLJ,"GRADINIŢA CU PROGRAM NORMAL ”PRICHINDEL”(FOSTA NR. 55) – STRUCTURĂ A ŞCOLII GIMNAZIALE ”MIHAI EMINESCU” (FOSTA NR.37))",18,"MUNICIPIUL CRAIOVA",69900,1,PROV,PRCNCT,CD,CD_SV,"2021-01-21 12:30:02",1007,976,31,0,305,274,31,0,1000,695,299,5,1,53,19,46,120,22,2,2,1,4,2,1,2,1,19,0,0,0,0,0,0,0,0,0,0,0,0,5,0,0,0,0,0
17,DOLJ,"GRADINIŢA CU PROGRAM NORMAL ”PRICHINDEL”(FOSTA NR. 55) – STRUCTURĂ A ŞCOLII GIMNAZIALE ”MIHAI EMINESCU” (FOSTA NR.37)",19,"MUNICIPIUL CRAIOVA",69900,1,PROV,PRCNCT,CD,CD_SV,"2021-01-21 12:30:02",1326,1302,24,0,351,327,24,0,1400,1049,346,4,1,81,14,47,123,10,2,0,4,4,2,2,1,3,38,1,0,0,0,0,0,1,0,0,0,0,1,10,0,1,0,0,1
17,DOLJ,"LICEUL TEORETIC ”HENRI COANDĂ”",20,"MUNICIPIUL CRAIOVA",69900,1,PROV,PRCNCT,CD,CD_SV,"2021-01-21 12:30:02",1587,1546,41,0,417,376,41,0,1600,1183,417,0,0,96,9,118,135,10,0,0,3,5,3,3,3,1,21,3,0,1,0,0,0,0,0,0,0,0,0,3,0,0,2,0,1
17,DOLJ,"LICEUL TEORETIC ”HENRI COANDĂ”",21,"MUNICIPIUL CRAIOVA",69900,1,PROV,PRCNCT,CD,CD_SV,"2021-01-21 12:30:02",1417,1377,37,3,445,405,37,3,1400,955,441,4,0,93,16,119,144,12,2,2,8,2,2,0,1,2,33,0,0,0,0,0,0,0,0,0,0,0,0,1,0,0,1,0,3
17,DOLJ,"LICEUL TEORETIC ”HENRI COANDĂ”",22,"MUNICIPIUL CRAIOVA",69900,2,PART,PRCNCT,CD,CD_SV,"2021-01-21 12:30:02",1491,1469,21,1,494,472,21,1,1500,1006,491,3,0,126,10,130,155,19,0,5,11,3,3,1,0,1,22,0,1,0,0,0,0,1,0,0,0,0,0,0,0,0,1,0,2
17,DOLJ,"LICEUL TEHNOLOGIC UCECOM „SPIRU HARET”",23,"MUNICIPIUL CRAIOVA",69900,1,PROV,PRCNCT,CD,CD_SV,"2021-01-21 12:30:02",1722,1689,33,0,545,512,33,0,1800,1255,541,3,1,143,16,124,183,23,2,0,8,6,2,1,2,0,26,0,0,0,1,0,0,0,0,0,0,0,0,0,0,0,3,0,1
17,DOLJ,"LICEUL ”VOLTAIRE”",24,"MUNICIPIUL CRAIOVA",69900,1,PROV,PRCNCT,CD,CD_SV,"2021-01-21 12:30:02",1811,1791,20,0,472,452,20,0,1900,1428,463,7,2,104,13,111,170,13,0,0,2,2,2,1,2,4,37,0,0,0,0,0,0,0,0,0,0,0,0,2,0,0,0,0,0
17,DOLJ,"LICEUL ”VOLTAIRE”",25,"MUNICIPIUL CRAIOVA",69900,1,PROV,PRCNCT,CD,CD_SV,"2021-01-21 12:30:02",1731,1699,32,0,370,338,32,0,1800,1430,367,2,1,72,16,61,141,15,0,1,8,5,2,0,4,3,34,0,1,0,0,0,0,0,0,0,0,0,0,2,0,0,0,0,2
17,DOLJ,"GRADINIŢA DE COPII CU PROGRAM PRELUNGIT ”ELENA FARAGO”(FOSTA NR.41)",26,"MUNICIPIUL CRAIOVA",69900,1,PROV,PRCNCT,CD,CD_SV,"2021-01-21 12:30:02",914,874,40,0,254,214,40,0,900,646,249,3,2,52,6,52,97,6,1,0,3,1,1,2,1,2,19,0,1,0,0,0,0,0,0,0,1,0,0,3,0,0,0,0,1
17,DOLJ,"GRADINIŢA DE COPII CU PROGRAM PRELUNGIT ”ELENA FARAGO”(FOSTA NR. 41)",27,"MUNICIPIUL CRAIOVA",69900,1,PROV,PRCNCT,CD,CD_SV,"2021-01-21 12:30:02",1316,1289,27,0,383,356,27,0,1400,1017,375,7,1,80,22,61,143,17,0,2,3,1,2,0,0,2,36,0,0,0,0,0,0,0,0,0,0,1,0,3,0,0,0,0,2
17,DOLJ,"ŞCOALA GIMNAZIALĂ „NICOLAE ROMANESCU”",28,"MUNICIPIUL CRAIOVA",69900,1,PROV,PRCNCT,CD,CD_SV,"2021-01-21 12:30:02",1570,1527,43,0,541,498,43,0,1600,1059,533,8,0,131,14,118,208,20,1,0,6,2,3,0,0,3,18,0,0,3,0,1,0,0,0,0,3,0,0,0,0,0,0,0,2
17,DOLJ,"GRADINIŢA CU PROGRAM PRELUNGIT ”ION CREANGA” (FOSTA NR. 42)",29,"MUNICIPIUL CRAIOVA",69900,1,PROV,PRCNCT,CD,CD_SV,"2021-01-21 12:30:02",1328,1304,24,0,438,414,24,0,1400,962,437,1,0,82,16,114,167,16,3,0,10,2,4,0,0,5,13,0,1,0,0,0,1,0,0,0,0,0,0,1,0,0,0,0,2
17,DOLJ,"ŞCOALA GIMNAZIALĂ ”NICOLAE ROMANESCU” (FOSTA NR. 29)",30,"MUNICIPIUL CRAIOVA",69900,1,PROV,PRCNCT,CD,CD_SV,"2021-01-21 12:30:02",1486,1443,43,0,381,338,43,0,1500,1119,378,2,1,79,8,64,146,12,0,1,6,6,3,2,3,1,37,0,0,3,1,0,0,0,0,0,0,0,0,4,0,0,0,0,2
17,DOLJ,"ŞCOALA GIMNAZIALĂ ”NICOLAE ROMANESCU” (FOSTA NR. 29)",31,"MUNICIPIUL CRAIOVA",69900,2,PART,PRCNCT,CD,CD_SV,"2021-01-21 12:30:02",1302,1271,29,2,447,416,29,2,1300,853,441,6,0,104,17,83,177,17,1,1,6,3,2,2,0,1,24,1,0,0,0,0,0,0,0,0,0,0,0,0,0,0,0,0,2
17,DOLJ,"ŞCOALA GIMNAZIALĂ ”NICOLAE ROMANESCU” (FOSTA NR. 29)",32,"MUNICIPIUL CRAIOVA",69900,1,PROV,PRCNCT,CD,CD_SV,"2021-01-21 12:30:02",1217,1178,32,7,323,284,32,7,1200,877,320,3,0,67,8,71,124,14,0,2,3,0,0,0,4,3,20,0,0,0,0,0,0,0,0,0,0,0,0,1,0,0,0,0,3
17,DOLJ,"UNIVERSITATEA DE MEDICINĂ ŞI FARMACIE, (SEDIUL VECHI)",33,"MUNICIPIUL CRAIOVA",69900,1,PROV,PRCNCT,CD,CD_SV,"2021-01-21 12:30:02",1104,1069,35,0,347,312,35,0,1100,753,345,2,0,95,11,73,122,8,0,1,8,0,3,1,0,0,17,0,0,0,0,0,0,0,0,1,0,0,0,2,0,0,1,0,2
17,DOLJ,"UNIVERSITATEA DE MEDICINĂ ŞI FARMACIE, (SEDIUL VECHI)",34,"MUNICIPIUL CRAIOVA",69900,1,PROV,PRCNCT,CD,CD_SV,"2021-01-21 12:30:02",1139,1109,30,0,434,404,30,0,1194,760,426,6,2,144,11,104,108,11,3,1,10,4,1,0,4,3,17,0,1,0,0,0,0,0,0,0,0,0,0,3,0,0,1,0,0
17,DOLJ,"LICEUL TEHNOLOGIC DE TRANSPORTURI AUTO",35,"MUNICIPIUL CRAIOVA",69900,1,PROV,PRCNCT,CD,CD_SV,"2021-01-21 12:30:02",1907,1886,21,0,478,457,21,0,1900,1422,463,14,1,77,17,79,191,19,5,4,8,6,0,1,2,2,42,1,0,0,0,0,0,1,0,0,1,0,1,2,0,0,0,0,4
17,DOLJ,"LICEUL TEHNOLOGIC DE TRANSPORTURI AUTO",36,"MUNICIPIUL CRAIOVA",69900,1,PROV,PRCNCT,CD,CD_SV,"2021-01-21 12:30:02",1900,1884,15,1,472,456,15,1,1900,1428,459,7,6,100,17,96,162,21,3,6,8,8,1,3,2,2,18,0,1,0,0,0,0,0,0,0,0,0,1,1,0,0,1,0,8
17,DOLJ,"LICEUL TEHNOLOGIC DE TRANSPORTURI AUTO",37,"MUNICIPIUL CRAIOVA",69900,1,PROV,PRCNCT,CD,CD_SV,"2021-01-21 12:30:02",1667,1581,18,68,500,414,18,68,1600,1100,476,17,7,108,17,56,198,21,6,0,7,0,4,0,0,3,43,1,2,0,0,0,1,0,0,1,0,0,0,0,0,0,0,0,8
17,DOLJ,"LICEUL TEHNOLOGIC DE TRANSPORTURI AUTO",38,"MUNICIPIUL CRAIOVA",69900,1,PROV,PRCNCT,CD,CD_SV,"2021-01-21 12:30:02",1780,1762,18,0,444,426,18,0,1800,1356,425,15,4,80,21,66,182,23,3,2,10,4,2,1,1,3,20,0,2,0,0,2,0,0,0,0,0,0,1,0,0,0,0,0,2
17,DOLJ,"LICEUL TEHNOLOGIC DE TRANSPORTURI AUTO, (FOSTA ȘCOALĂ CU CLASELE I-VIII NR.25 FĂCĂI)",39,"MUNICIPIUL CRAIOVA",69900,1,PROV,PRCNCT,CD,CD_SV,"2021-01-21 12:30:02",1247,1196,15,36,293,242,15,36,1300,1007,278,15,0,65,12,28,100,12,2,1,4,3,1,0,4,2,33,0,0,0,0,0,0,0,0,0,0,0,0,0,0,0,0,0,11
17,DOLJ,"DIRECȚIA DE ASISTENȚĂ SOCIALĂ CRAIOVA CENTRUL DE ZI PENTRU PERSOANE VÂRSTNICE ”CLUBUL SENIORILOR”",40,"MUNICIPIUL CRAIOVA",69900,1,PROV,PRCNCT,CD,CD_SV,"2021-01-21 12:30:02",904,882,19,3,263,241,19,3,900,637,259,3,1,44,6,44,118,11,1,0,3,2,0,2,1,1,23,0,1,0,0,0,0,0,0,0,0,0,0,0,0,0,0,0,2
17,DOLJ,"ȘCOALA GIMNAZIALA ”GHEORGHE BIBESCU” (FOSTA NR. 36)",41,"MUNICIPIUL CRAIOVA",69900,1,PROV,PRCNCT,CD,CD_SV,"2021-01-21 12:30:02",1345,1315,30,0,452,422,30,0,1400,948,448,4,0,105,18,105,161,15,0,1,10,2,2,0,2,2,17,3,0,0,0,0,0,0,0,0,0,0,0,1,0,0,1,0,3
17,DOLJ,"ȘCOALA GIMNAZIALA ”GHEORGHE BIBESCU” (FOSTA NR. 36)",42,"MUNICIPIUL CRAIOVA",69900,1,PROV,PRCNCT,CD,CD_SV,"2021-01-21 12:30:02",1634,1606,28,0,458,430,28,0,1700,1242,453,4,1,78,16,120,184,9,0,1,9,0,2,1,0,2,24,1,0,0,0,0,0,0,0,0,0,0,0,1,0,0,0,0,5
17,DOLJ,"ȘCOALA GIMNAZIALA ”GHEORGHE BIBESCU” (FOSTA NR. 36)",43,"MUNICIPIUL CRAIOVA",69900,1,PROV,PRCNCT,CD,CD_SV,"2021-01-21 12:30:02",1695,1669,26,0,510,484,26,0,1700,1190,497,11,2,132,18,107,174,17,1,1,6,2,1,3,3,2,25,0,0,0,1,0,0,0,1,0,1,0,0,1,0,0,0,0,1
17,DOLJ,"ȘCOALA GIMNAZIALA ”GHEORGHE BIBESCU” (FOSTA NR. 36)",44,"MUNICIPIUL CRAIOVA",69900,1,PROV,PRCNCT,CD,CD_SV,"2021-01-21 12:30:02",1503,1489,14,0,397,383,14,0,1600,1203,393,2,2,101,16,104,122,15,2,0,6,1,0,1,0,2,19,0,2,0,0,0,0,0,1,0,0,0,0,0,0,0,0,0,1
17,DOLJ,"COLEGIUL NAȚIONAL ECONOMIC ”GHEORGHE CHIȚU”",45,"MUNICIPIUL CRAIOVA",69900,1,PROV,PRCNCT,CD,CD_SV,"2021-01-21 12:30:02",1465,1424,41,0,409,368,41,0,1500,1091,402,7,0,81,17,109,132,12,0,0,4,2,2,2,3,2,33,1,0,0,0,0,0,0,0,0,0,0,0,0,0,0,1,0,1
17,DOLJ,"COLEGIUL NAȚIONAL ECONOMIC ”GHEORGHE CHIȚU”",46,"MUNICIPIUL CRAIOVA",69900,1,PROV,PRCNCT,CD,CD_SV,"2021-01-21 12:30:02",1383,1359,24,0,372,348,24,0,1400,1028,364,8,0,81,19,97,107,24,0,2,3,0,1,0,2,1,22,0,0,1,0,0,0,0,0,0,0,0,0,1,0,0,2,0,1
17,DOLJ,"COLEGIUL NAŢIONAL ECONOMIC ”GHEORGHE CHIŢU”",47,"MUNICIPIUL CRAIOVA",69900,1,PROV,PRCNCT,CD,CD_SV,"2021-01-21 12:30:02",1595,1572,23,0,486,463,23,0,1600,1114,480,5,1,115,19,122,165,24,1,1,6,5,3,1,0,1,15,1,0,0,0,0,0,0,0,0,0,0,0,0,0,0,1,0,0
17,DOLJ,"UNIVERSITATEA DE MEDICINA SI FARMACIE, (SEDIUL NOU)",48,"MUNICIPIUL CRAIOVA",69900,1,PROV,PRCNCT,CD,CD_SV,"2021-01-21 12:30:02",1669,1585,38,46,588,504,38,46,1700,1112,575,11,2,153,17,145,192,21,0,0,11,4,0,1,2,1,20,2,1,0,0,1,1,1,1,0,0,0,0,0,0,0,0,0,1
17,DOLJ,"ŞCOALA GIMNAZIALĂ ”SFÂNTUL DUMITRU” (FOSTA NR. 18)",49,"MUNICIPIUL CRAIOVA",69900,1,PROV,PRCNCT,CD,CD_SV,"2021-01-21 12:30:02",1126,1101,25,0,432,407,25,0,1200,768,427,2,3,119,20,114,133,14,0,0,4,3,2,1,2,1,10,0,0,0,0,0,0,0,0,0,0,0,0,2,0,0,1,0,1
17,DOLJ,"LICEUL DE ARTE ”MARIN SORESCU”",50,"MUNICIPIUL CRAIOVA",69900,1,PROV,PRCNCT,CD,CD_SV,"2021-01-21 12:30:02",1529,1404,36,89,630,505,36,89,1500,870,622,3,5,148,19,130,243,31,0,1,7,4,1,0,2,2,22,0,0,0,0,0,0,0,1,0,0,0,0,2,0,0,2,0,7
17,DOLJ,"LICEUL DE ARTE ”MARIN SORESCU”",51,"MUNICIPIUL CRAIOVA",69900,1,PROV,PRCNCT,CD,CD_SV,"2021-01-21 12:30:02",1476,1351,31,94,573,448,31,94,1400,827,569,4,0,162,27,105,218,15,1,2,11,4,2,3,1,1,10,0,0,0,0,0,0,0,0,1,0,0,0,1,1,0,2,0,2
17,DOLJ,"COLEGIUL NATIONAL ”FRAŢII BUZEŞTI”",52,"MUNICIPIUL CRAIOVA",69900,1,PROV,PRCNCT,CD,CD_SV,"2021-01-21 12:30:02",1907,1883,20,4,622,598,20,4,1900,1278,616,5,1,166,20,168,198,17,1,0,4,0,4,0,0,5,20,1,1,1,1,0,0,0,0,0,2,0,0,1,0,0,0,0,6
17,DOLJ,"COLEGIUL NATIONAL ”FRAŢII BUZEŞTI”",53,"MUNICIPIUL CRAIOVA",69900,1,PROV,PRCNCT,CD,CD_SV,"2021-01-21 12:30:02",1780,1747,28,5,563,530,28,5,1800,1237,560,3,0,141,26,134,193,14,0,1,4,6,4,0,0,1,27,0,0,0,0,0,0,0,0,0,0,0,1,1,0,0,0,0,7
17,DOLJ,"ŞCOALA GIMNAZIALĂ ”LASCĂR CATARGIU” (FOSTA NR. 19)",54,"MUNICIPIUL CRAIOVA",69900,2,PART,PRCNCT,CD,CD_SV,"2021-01-21 12:30:02",1934,1905,26,3,420,391,26,3,2000,1580,412,3,4,90,12,76,174,18,1,1,2,0,0,2,0,2,27,0,0,0,1,1,0,0,0,0,0,0,0,0,0,0,1,0,4
17,DOLJ,"ŞCOALA GIMNAZIALĂ ”LASCĂR CATARGIU” (FOSTA NR. 19)",55,"MUNICIPIUL CRAIOVA",69900,1,PROV,PRCNCT,CD,CD_SV,"2021-01-21 12:30:02",1887,1870,15,2,473,456,15,2,1900,1427,468,5,0,101,20,75,202,18,1,0,8,2,1,0,2,3,32,0,0,1,0,0,0,0,0,0,0,0,0,0,0,0,0,0,2
17,DOLJ,"ŞCOALA GIMNAZIALĂ ”LASCĂR CATARGIU” (FOSTA NR. 19)",56,"MUNICIPIUL CRAIOVA",69900,1,PROV,PRCNCT,CD,CD_SV,"2021-01-21 12:30:02",1838,1830,8,0,468,460,8,0,1900,1432,455,10,3,106,12,81,168,34,0,2,11,2,0,1,3,0,30,2,0,1,0,0,0,0,0,0,0,0,0,0,0,0,0,0,2
17,DOLJ,"ŞCOALA GIMNAZIALĂ ”LASCĂR CATARGIU” (FOSTA NR. 19)",57,"MUNICIPIUL CRAIOVA",69900,1,PROV,PRCNCT,CD,CD_SV,"2021-01-21 12:30:02",1832,1809,20,3,558,535,20,3,1900,1342,543,15,0,134,11,107,199,25,1,2,7,4,1,1,0,3,30,1,0,1,0,0,0,0,0,0,0,0,0,0,0,1,5,0,10
17,DOLJ,"ŞCOALA GIMNAZIALA NR. 26 MOFLENI – STRUCTURĂ A ŞCOLII GIMNAZIALE ”ANTON PAN” (FOSTA NR.13 BUCOVĂŢ)",58,"MUNICIPIUL CRAIOVA",69900,2,PART,PRCNCT,CD,CD_SV,"2021-01-21 12:30:02",1348,1325,22,1,304,281,22,1,1400,1096,292,12,0,58,6,41,129,16,1,0,7,3,0,1,1,3,19,0,0,4,0,0,0,0,0,0,0,0,0,0,0,0,1,0,2
17,DOLJ,"ȘCOALA GIMNAZIALĂ ”ANTON PAN” (FOSTA NR.13 BUCOVĂȚ)",59,"MUNICIPIUL CRAIOVA",69900,1,PROV,PRCNCT,CD,CD_SV,"2021-01-21 12:30:02",1968,1948,19,1,262,242,19,1,2000,1738,247,7,8,39,8,33,115,10,2,1,3,4,1,1,4,1,11,1,0,4,1,0,0,1,0,0,1,0,0,1,0,0,0,0,5
17,DOLJ,"ŞCOALA GIMNAZIALĂ ”ANTON PAN” (FOSTA NR.13 BUCOVĂŢ)",60,"MUNICIPIUL CRAIOVA",69900,1,PROV,PRCNCT,CD,CD_SV,"2021-01-21 12:30:02",1973,1943,30,0,345,315,30,0,2000,1655,339,6,0,90,7,47,130,13,2,0,2,2,2,1,3,1,27,1,2,1,1,0,0,2,0,0,1,1,0,1,0,0,0,0,2
17,DOLJ,"COLEGIUL NAŢIONAL ”CAROL I”",61,"MUNICIPIUL CRAIOVA",69900,1,PROV,PRCNCT,CD,CD_SV,"2021-01-21 12:30:02",923,906,17,0,343,326,17,0,1000,657,342,1,0,85,10,96,101,13,1,2,0,0,1,0,1,0,21,2,0,0,1,0,0,0,0,0,0,0,0,0,0,0,2,0,6
17,DOLJ,"COLEGIUL NAȚIONAL ”CAROL I”",62,"MUNICIPIUL CRAIOVA",69900,1,PROV,PRCNCT,CD,CD_SV,"2021-01-21 12:30:02",1300,1284,16,0,416,400,16,0,1400,984,410,6,0,110,21,103,126,20,2,1,5,1,1,1,6,0,5,1,0,0,0,0,0,0,0,0,0,0,0,0,0,0,0,0,7
17,DOLJ,"FACULTATEA DE AGRONOMIE",63,"MUNICIPIUL CRAIOVA",69900,1,PROV,PRCNCT,CD,CD_SV,"2021-01-21 12:30:02",1936,1914,22,0,526,504,22,0,2000,1474,513,10,3,127,22,110,186,15,4,3,2,3,1,0,1,0,29,0,0,0,1,0,0,0,0,1,0,0,0,2,0,0,0,0,6
17,DOLJ,"FACULTATEA DE AGRONOMIE",64,"MUNICIPIUL CRAIOVA",69900,1,PROV,PRCNCT,CD,CD_SV,"2021-01-21 12:30:02",1791,1774,17,0,605,588,17,0,1800,1195,596,9,0,159,27,144,160,36,2,1,18,2,1,2,2,4,28,1,0,0,0,0,1,0,0,0,0,0,0,2,0,0,0,0,6
17,DOLJ,"GRADINIŢA CU PROGRAM PRELUNGIT ”PARADISUL COPIILOR” (FOSTA NR. 24)",65,"MUNICIPIUL CRAIOVA",69900,1,PROV,PRCNCT,CD,CD_SV,"2021-01-21 12:30:02",1193,1168,25,0,330,305,25,0,1200,870,326,4,0,99,9,63,116,16,0,1,2,2,0,0,2,0,12,1,0,1,0,0,0,0,0,0,0,0,0,0,0,0,0,0,2
17,DOLJ,"GRADINIŢA CU PROGRAM PRELUNGIT ”PARADISUL COPIILOR”, (FOSTA NR. 24)",66,"MUNICIPIUL CRAIOVA",69900,1,PROV,PRCNCT,CD,CD_SV,"2021-01-21 12:30:02",1026,970,54,2,387,331,54,2,1000,613,385,2,0,85,13,98,133,19,1,1,12,2,0,2,1,0,12,1,0,0,0,0,0,0,0,0,0,0,0,0,0,0,1,0,4
17,DOLJ,"COLEGIUL TEHNIC DE INDUSTRIE ALIMENTARĂ",67,"MUNICIPIUL CRAIOVA",69900,1,PROV,PRCNCT,CD,CD_SV,"2021-01-21 12:30:02",1869,1836,33,0,563,530,33,0,1900,1337,560,3,0,131,26,128,192,25,1,7,11,2,0,1,5,1,26,0,0,0,0,0,1,0,2,0,0,0,0,1,0,0,0,0,0
17,DOLJ,"COLEGIUL TEHNIC DE INDUSTRIE ALIMENTARĂ",68,"MUNICIPIUL CRAIOVA",69900,2,PART,PRCNCT,CD,CD_SV,"2021-01-21 12:30:02",1822,1803,18,1,430,411,18,1,1900,1470,422,4,4,76,35,61,178,22,0,3,6,2,2,2,3,0,31,0,0,1,0,0,0,0,0,0,0,0,0,0,0,0,0,0,0
17,DOLJ,"COLEGIUL TEHNIC DE INDUSTRIE ALIMENTARĂ",69,"MUNICIPIUL CRAIOVA",69900,2,PART,PRCNCT,CD,CD_SV,"2021-01-21 12:30:02",1708,1689,19,0,479,460,19,0,1800,1321,475,3,1,110,17,81,182,24,1,1,5,6,1,1,3,0,31,0,0,1,1,0,0,1,0,1,1,0,0,0,0,0,0,0,7
17,DOLJ,"ŞCOALA GIMNAZIALĂ ”ION CREANGĂ” (FOSTA NR.16)",70,"MUNICIPIUL CRAIOVA",69900,1,PROV,PRCNCT,CD,CD_SV,"2021-01-21 12:30:02",1713,1690,17,6,466,443,17,6,1800,1334,454,7,5,97,9,70,197,13,1,2,11,3,3,2,1,2,35,1,0,0,0,0,0,0,0,0,0,0,0,0,0,0,1,0,6
17,DOLJ,"ŞCOALA GIMNAZIALĂ ”ION CREANGĂ” (FOSTA NR.16)",71,"MUNICIPIUL CRAIOVA",69900,1,PROV,PRCNCT,CD,CD_SV,"2021-01-21 12:30:02",1866,1850,16,0,490,474,16,0,1900,1410,475,10,5,87,23,71,201,28,2,0,9,6,1,2,2,0,38,1,0,0,0,0,0,0,0,0,0,0,0,0,0,0,0,1,3
17,DOLJ,"ŞCOALA GIMNAZIALĂ ”ION CREANGĂ” (FOSTA NR.16)",72,"MUNICIPIUL CRAIOVA",69900,1,PROV,PRCNCT,CD,CD_SV,"2021-01-21 12:30:02",1824,1789,35,0,410,375,35,0,1900,1490,394,13,3,57,10,42,189,22,2,1,11,0,1,0,1,2,49,0,0,0,0,0,0,0,0,2,1,0,0,1,0,1,1,0,1
17,DOLJ,"GRĂDINITA CU PROGRAM NORMAL ”CASA CU PITICI” (FOSTA NR. 15) – STRUCTURĂ A ŞCOLII GIMNAZIALE ”ION CREANGA” (FOSTĂ NR.16)",73,"MUNICIPIUL CRAIOVA",69900,1,PROV,PRCNCT,CD,CD_SV,"2021-01-21 12:30:02",1745,1713,32,0,408,376,32,0,1800,1392,397,7,4,75,17,45,174,16,3,1,5,0,2,2,3,4,43,1,0,0,0,0,0,0,0,1,0,0,0,0,1,1,0,0,3
17,DOLJ,"RAT S.R.L.",74,"MUNICIPIUL CRAIOVA",69900,1,PROV,PRCNCT,CD,CD_SV,"2021-01-21 12:30:02",1638,1625,13,0,430,417,13,0,1700,1270,425,3,2,80,17,96,163,21,0,0,10,5,0,0,2,0,22,3,0,1,0,0,0,0,0,0,0,0,0,1,0,0,1,0,3
17,DOLJ,"ȘCOALA GIMNAZIALĂ ”ELENA FARAGO” (FOSTA SCOALA GIMNAZIALA NR.34)",75,"MUNICIPIUL CRAIOVA",69900,1,PROV,PRCNCT,CD,CD_SV,"2021-01-21 12:30:02",1482,1467,15,0,419,404,15,0,1500,1081,412,7,0,95,19,68,166,26,0,1,5,5,0,1,4,0,19,0,0,0,0,0,0,1,0,0,0,0,0,2,0,0,0,0,0
17,DOLJ,"ȘCOALA GIMNAZIALĂ ”ELENA FARAGO” (FOSTA SCOALA GIMNAZIALA NR.34)",76,"MUNICIPIUL CRAIOVA",69900,1,PROV,PRCNCT,CD,CD_SV,"2021-01-21 12:30:02",1547,1521,18,8,404,378,18,8,1600,1196,401,2,1,92,21,86,136,13,0,1,8,5,1,2,2,1,24,0,0,0,0,0,0,0,0,0,0,0,0,3,0,0,1,0,5
17,DOLJ,"ȘCOALA GIMNAZIALĂ ”ELENA FARAGO” (FOSTA SCOALA GIMNAZIALA NR.34)",77,"MUNICIPIUL CRAIOVA",69900,1,PROV,PRCNCT,CD,CD_SV,"2021-01-21 12:30:02",1536,1502,34,0,451,417,34,0,1600,1149,445,5,1,69,27,114,152,15,3,0,9,8,2,0,2,1,33,1,0,1,0,0,0,0,0,0,0,0,0,2,0,0,0,0,6
17,DOLJ,"ȘCOALA GIMNAZIALĂ ”ELENA FARAGO” (FOSTA SCOALA GIMNAZIALA NR.34)",78,"MUNICIPIUL CRAIOVA",69900,1,PROV,PRCNCT,CD,CD_SV,"2021-01-21 12:30:02",1741,1723,18,0,493,475,18,0,1800,1307,488,4,1,91,15,118,202,15,1,1,8,1,2,0,3,4,19,2,0,0,0,0,0,0,0,0,0,0,0,3,0,0,0,0,3
17,DOLJ,"ȘCOALA GIMNAZIALĂ ”ELENA FARAGO” (FOSTA SCOALA GIMNAZIALA NR.33)",79,"MUNICIPIUL CRAIOVA",69900,1,PROV,PRCNCT,CD,CD_SV,"2021-01-21 12:30:02",1772,1742,30,0,476,446,30,0,1800,1324,471,3,2,98,17,95,188,17,0,0,6,7,1,1,5,0,30,1,0,0,0,0,0,0,0,0,1,0,0,4,0,0,0,0,0
17,DOLJ,"ȘCOALA GIMNAZIALĂ ”ELENA FARAGO” (FOSTA SCOALA GIMNAZIALA NR.33)",80,"MUNICIPIUL CRAIOVA",69900,1,PROV,PRCNCT,CD,CD_SV,"2021-01-21 12:30:02",1720,1697,23,0,497,474,23,0,1800,1303,487,6,4,108,18,96,193,13,1,3,10,0,1,1,3,2,34,2,0,0,0,0,0,0,0,0,0,0,0,2,0,0,0,0,0
17,DOLJ,"ȘCOALA GIMNAZIALĂ ”ELENA FARAGO” (FOSTA SCOALA GIMNAZIALA NR.33)",81,"MUNICIPIUL CRAIOVA",69900,1,PROV,PRCNCT,CD,CD_SV,"2021-01-21 12:30:02",1608,1597,11,0,428,417,11,0,1700,1272,422,6,0,73,8,92,174,16,0,3,12,6,3,0,1,0,32,1,0,0,0,0,0,0,0,0,0,0,0,1,0,0,0,0,0
17,DOLJ,"GRADINIŢA CU PROGRAM PRELUNGIT ”PITICOT” (FOSTA NR.45)",82,"MUNICIPIUL CRAIOVA",69900,1,PROV,PRCNCT,CD,CD_SV,"2021-01-21 12:30:02",1624,1604,20,0,429,409,20,0,1700,1271,422,3,4,76,14,67,197,16,2,0,6,10,0,1,2,3,22,0,1,0,0,0,0,0,0,0,0,0,0,0,0,0,0,0,5
17,DOLJ,"GRADINIŢA CU PROGRAM PRELUNGIT ”PITICOT” (FOSTA NR.45)",83,"MUNICIPIUL CRAIOVA",69900,1,PROV,PRCNCT,CD,CD_SV,"2021-01-21 12:30:02",1238,1212,26,0,351,325,26,0,1300,949,349,2,0,68,16,47,156,23,0,1,2,2,0,0,3,2,25,0,0,0,1,0,0,0,0,1,0,0,0,0,0,0,0,0,2
17,DOLJ,"GRADINIŢA CU PROGRAM PRELUNGIT ”PITICOT” (FOSTA NR.45)",84,"MUNICIPIUL CRAIOVA",69900,1,PROV,PRCNCT,CD,CD_SV,"2021-01-21 12:30:02",1121,1062,58,1,342,283,58,1,1100,758,336,5,1,57,6,51,161,17,0,1,3,2,1,1,0,1,31,0,0,0,0,0,0,0,0,0,0,0,0,3,0,0,0,0,1
17,DOLJ,"GRADINIŢA CU PROGRAM PRELUNGIT ”FLOAREA SOARELUI” (FOSTA NR.51)",85,"MUNICIPIUL CRAIOVA",69900,1,PROV,PRCNCT,CD,CD_SV,"2021-01-21 12:30:02",1262,1243,19,0,452,433,19,0,1300,848,445,5,2,88,17,100,174,19,0,5,4,2,1,3,3,2,24,0,0,0,0,0,0,0,0,0,0,0,0,0,0,0,1,1,1
17,DOLJ,"GRADINIŢA CU PROGRAM PRELUNGIT ”FLOAREA SOARELUI” (FOSTA NR.51)",86,"MUNICIPIUL CRAIOVA",69900,1,PROV,PRCNCT,CD,CD_SV,"2021-01-21 12:30:02",1334,1314,20,0,369,349,20,0,1400,1031,363,6,0,68,10,73,139,17,3,0,4,3,2,2,3,2,28,0,0,0,0,0,0,0,0,1,1,0,0,0,0,0,1,1,5
17,DOLJ,"GRADINIŢA CU PROGRAM PRELUNGIT ”FLOAREA SOARELUI” (FOSTA NR.51)",87,"MUNICIPIUL CRAIOVA",69900,1,PROV,PRCNCT,CD,CD_SV,"2021-01-21 12:30:02",1278,1264,14,0,370,356,14,0,1300,930,365,5,0,70,19,68,160,20,0,0,5,1,1,2,2,2,12,0,1,0,0,0,0,0,0,0,0,0,0,0,0,0,1,0,1
17,DOLJ,"ŞCOALA GIMNAZIALĂ ”ALEXANDRU MACEDONSKI” (FOSTA NR.32)",88,"MUNICIPIUL CRAIOVA",69900,2,PART,PRCNCT,CD,CD_SV,"2021-01-21 12:30:02",1629,1608,18,3,440,419,18,3,1700,1260,438,2,0,79,28,82,158,23,1,3,4,6,4,1,5,5,33,1,0,0,0,1,0,0,1,0,0,0,0,2,0,0,0,0,1
17,DOLJ,"ŞCOALA GIMNAZIALĂ ”ALEXANDRU MACEDONSKI” (FOSTA NR.32)",89,"MUNICIPIUL CRAIOVA",69900,1,PROV,PRCNCT,CD,CD_SV,"2021-01-21 12:30:02",1696,1657,38,1,486,447,38,1,1700,1214,472,10,4,94,22,83,194,23,1,3,8,5,1,2,2,3,28,0,1,0,0,0,0,0,0,0,0,0,0,2,0,0,0,0,0
17,DOLJ,"ŞCOALA GIMNAZIALĂ ”ALEXANDRU MACEDONSKI” (FOSTA NR.32)",90,"MUNICIPIUL CRAIOVA",69900,1,PROV,PRCNCT,CD,CD_SV,"2021-01-21 12:30:02",1864,1799,65,0,496,431,65,0,1900,1404,484,9,3,104,23,92,188,14,0,1,7,4,0,2,7,0,31,0,1,0,1,1,0,0,1,0,0,0,0,3,0,1,0,0,3
17,DOLJ,"ŞCOALA GIMNAZIALĂ ”ALEXANDRU MACEDONSKI” (FOSTA NR.32)",91,"MUNICIPIUL CRAIOVA",69900,1,PROV,PRCNCT,CD,CD_SV,"2021-01-21 12:30:02",1698,1671,27,0,459,432,27,0,1700,1241,451,6,2,90,14,110,179,11,0,1,5,3,2,0,3,1,25,0,0,1,1,0,0,1,0,0,1,0,0,0,0,0,0,0,3
17,DOLJ,"GRĂDINIŢA CU PROGRAM PRELUNGIT ”FLOARE ALBASTRA” (FOSTA NR.40)",92,"MUNICIPIUL CRAIOVA",69900,1,PROV,PRCNCT,CD,CD_SV,"2021-01-21 12:30:02",1289,1269,20,0,345,325,20,0,1300,955,344,0,1,72,19,69,120,14,2,1,7,6,0,0,4,5,21,1,0,0,0,0,0,1,0,1,0,0,0,0,0,0,0,0,1
17,DOLJ,"GRĂDINIŢA CU PROGRAM PRELUNGIT ”FLOARE ALBASTRA” (FOSTA NR.40)",93,"MUNICIPIUL CRAIOVA",69900,1,PROV,PRCNCT,CD,CD_SV,"2021-01-21 12:30:02",1537,1510,27,0,398,371,27,0,1600,1202,390,6,2,68,18,78,151,18,0,0,6,4,1,0,1,2,40,0,0,0,0,0,0,0,1,0,0,0,0,0,0,0,0,0,2
17,DOLJ,"ŞCOALA GIMNAZIALĂ ”MIHAI VITEAZU” (FOSTA NR.30)",94,"MUNICIPIUL CRAIOVA",69900,1,PROV,PRCNCT,CD,CD_SV,"2021-01-21 12:30:02",1356,1347,9,0,347,338,9,0,1400,1053,343,3,1,77,13,63,136,17,0,1,11,1,0,2,1,1,17,1,0,0,0,0,0,0,0,0,0,0,0,1,0,0,0,0,1
17,DOLJ,"ŞCOALA GIMNAZIALĂ ”MIHAI VITEAZU” (FOSTA NR.30)",95,"MUNICIPIUL CRAIOVA",69900,1,PROV,PRCNCT,CD,CD_SV,"2021-01-21 12:30:02",1546,1531,15,0,326,311,15,0,1600,1274,322,4,0,51,14,69,136,13,0,1,5,6,1,1,1,1,19,2,1,0,0,0,0,0,0,0,0,0,0,0,0,0,0,0,1
17,DOLJ,"ŞCOALA GIMNAZIALĂ ”MIHAI VITEAZU” (FOSTA NR.30)",96,"MUNICIPIUL CRAIOVA",69900,1,PROV,PRCNCT,CD,CD_SV,"2021-01-21 12:30:02",1483,1470,11,2,376,363,11,2,1500,1124,372,3,1,89,10,76,144,18,3,0,4,2,1,1,5,1,14,0,0,0,0,0,0,0,0,0,0,0,0,2,0,0,0,0,2
17,DOLJ,"ŞCOALA GIMNAZIALĂ ”MIHAI VITEAZU” (FOSTA NR.30)",97,"MUNICIPIUL CRAIOVA",69900,1,PROV,PRCNCT,CD,CD_SV,"2021-01-21 12:30:02",1340,1328,10,2,374,362,10,2,1400,1026,364,9,1,64,8,81,153,19,1,0,10,2,0,0,3,1,19,1,0,0,0,0,0,0,0,0,0,0,0,0,0,0,0,0,2
17,DOLJ,"ŞCOALA GIMNAZIALĂ ”MIHAI VITEAZU” (FOSTA NR.30)",98,"MUNICIPIUL CRAIOVA",69900,2,PART,PRCNCT,CD,CD_SV,"2021-01-21 12:30:02",1415,1389,23,3,342,316,23,3,1500,1158,341,0,1,57,14,69,133,9,0,1,5,1,0,3,2,3,39,0,0,0,0,0,0,0,0,0,0,0,0,0,0,1,0,0,4
17,DOLJ,"LICEUL TEHNOLOGIC ”GEORGE BIBESCU”",99,"MUNICIPIUL CRAIOVA",69900,2,PART,PRCNCT,CD,CD_SV,"2021-01-21 12:30:02",1299,1254,45,0,359,314,45,0,1300,941,357,0,2,59,13,87,151,13,0,1,4,2,1,1,2,3,15,0,0,0,0,0,0,0,0,0,1,0,0,0,0,0,0,0,4
17,DOLJ,"LICEUL TEHNOLOGIC ”GEORGE BIBESCU”",100,"MUNICIPIUL CRAIOVA",69900,1,PROV,PRCNCT,CD,CD_SV,"2021-01-21 12:30:02",1183,1152,31,0,282,251,31,0,1200,918,280,0,2,49,17,58,123,13,0,0,3,2,0,0,1,2,9,0,0,0,0,0,0,0,0,0,0,0,0,1,0,0,0,0,2
17,DOLJ,"GRADINIŢA CU PROGRAM PRELUNGIT ”PHOENIX” (FOSTA NR.52)",101,"MUNICIPIUL CRAIOVA",69900,1,PROV,PRCNCT,CD,CD_SV,"2021-01-21 12:30:02",1196,1174,22,0,322,300,22,0,1200,878,320,2,0,56,21,71,127,13,0,0,6,0,0,0,3,2,20,0,0,0,0,0,0,0,0,0,0,0,0,1,0,0,0,0,0
17,DOLJ,"GRADINITA CU PROGRAM PRELUNGIT ”PHOENIX” (FOSTA NR. 52)",102,"MUNICIPIUL CRAIOVA",69900,2,PART,PRCNCT,CD,CD_SV,"2021-01-21 12:30:02",1143,1130,11,2,341,328,11,2,1200,859,332,9,0,82,8,71,124,17,1,0,4,0,0,1,2,0,16,1,0,0,0,0,0,0,0,0,0,0,0,1,0,0,1,0,3
17,DOLJ,"COLEGIUL TEHNIC ”COSTIN D. NENITESCU”",103,"MUNICIPIUL CRAIOVA",69900,1,PROV,PRCNCT,CD,CD_SV,"2021-01-21 12:30:02",1919,1886,32,1,642,609,32,1,1900,1258,636,6,0,145,27,154,226,22,1,4,6,3,2,4,6,1,28,1,0,1,0,0,0,0,0,0,1,0,0,0,0,0,0,0,4
17,DOLJ,"COLEGIUL TEHNIC ”COSTIN D. NENIŢESCU”",104,"MUNICIPIUL CRAIOVA",69900,1,PROV,PRCNCT,CD,CD_SV,"2021-01-21 12:30:02",1846,1816,30,0,538,508,30,0,1900,1362,529,4,5,113,26,138,179,21,0,1,4,5,2,1,3,1,33,0,0,0,0,0,0,0,0,0,0,0,0,0,0,0,0,0,2
17,DOLJ,"COLEGIUL TEHNIC ”COSTIN D. NENIŢESCU”",105,"MUNICIPIUL CRAIOVA",69900,1,PROV,PRCNCT,CD,CD_SV,"2021-01-21 12:30:02",1518,1495,23,0,424,401,23,0,1600,1176,414,6,4,99,13,87,154,21,2,2,11,3,3,0,3,0,10,0,0,0,2,0,1,0,0,0,0,0,0,0,0,0,0,0,3
17,DOLJ,"COLEGIUL TEHNIC ”COSTIN D. NENIŢESCU”",106,"MUNICIPIUL CRAIOVA",69900,1,PROV,PRCNCT,CD,CD_SV,"2021-01-21 12:30:02",1551,1539,12,0,481,469,12,0,1600,1119,476,4,1,106,13,104,184,21,1,2,14,1,2,1,2,2,19,1,0,0,0,0,0,0,0,0,0,0,0,0,0,0,0,0,3
17,DOLJ,"COLEGIUL TEHNIC ”COSTIN D. NENIŢESCU”",107,"MUNICIPIUL CRAIOVA",69900,2,PART,PRCNCT,CD,CD_SV,"2021-01-21 12:30:02",1635,1623,12,0,441,429,12,0,1700,1259,433,7,1,105,18,101,142,13,0,0,13,2,0,1,2,3,27,0,0,1,0,0,0,0,0,0,1,0,0,0,0,0,2,0,2
17,DOLJ,"ŞCOALA GIMNAZIALĂ ”DECEBAL” (FOSTA NR. 12)",108,"MUNICIPIUL CRAIOVA",69900,1,PROV,PRCNCT,CD,CD_SV,"2021-01-21 12:30:02",1457,1423,34,0,444,410,34,0,1500,1056,441,3,0,102,15,98,176,17,0,1,2,4,0,2,1,0,16,0,2,1,1,0,0,0,0,0,0,0,0,3,0,0,0,0,0
17,DOLJ,"ŞCOALA GIMNAZIALĂ ”DECEBAL” (FOSTA NR. 12)",109,"MUNICIPIUL CRAIOVA",69900,1,PROV,PRCNCT,CD,CD_SV,"2021-01-21 12:30:02",1408,1383,25,0,471,446,25,0,1400,929,466,3,2,115,13,106,178,20,2,1,4,2,3,0,3,1,13,0,1,0,0,0,0,0,0,0,0,0,0,1,0,0,1,0,2
17,DOLJ,"ŞCOALA GIMNAZIALĂ ”DECEBAL” (FOSTA NR. 12)",110,"MUNICIPIUL CRAIOVA",69900,1,PROV,PRCNCT,CD,CD_SV,"2021-01-21 12:30:02",1493,1470,23,0,519,496,23,0,1497,978,517,2,0,103,15,143,162,23,3,2,14,7,1,1,4,0,23,1,2,0,0,1,0,0,0,0,0,0,0,1,0,2,0,0,9
17,DOLJ,"COLEGIUL TEHNIC ENERGETIC",111,"MUNICIPIUL CRAIOVA",69900,1,PROV,PRCNCT,CD,CD_SV,"2021-01-21 12:30:02",1570,1548,22,0,505,483,22,0,1600,1095,496,5,4,109,29,140,157,27,0,0,3,3,2,1,1,1,19,0,0,0,0,0,0,0,0,0,0,0,0,0,1,0,1,0,2
17,DOLJ,"COLEGIUL TEHNIC ENERGETIC",112,"MUNICIPIUL CRAIOVA",69900,1,PROV,PRCNCT,CD,CD_SV,"2021-01-21 12:30:02",1541,1494,21,26,484,437,21,26,1600,1116,479,5,0,100,17,99,192,27,1,0,6,1,3,0,2,1,23,1,0,1,1,0,0,0,1,0,1,0,0,1,0,1,0,0,0
17,DOLJ,"COLEGIUL TEHNIC ENERGETIC",113,"MUNICIPIUL CRAIOVA",69900,1,PROV,PRCNCT,CD,CD_SV,"2021-01-21 12:30:02",1321,1297,24,0,422,398,24,0,1400,978,416,5,1,79,15,103,161,21,0,0,4,3,1,0,0,3,18,0,1,0,0,1,0,0,1,0,0,0,1,2,0,0,0,1,1
17,DOLJ,"COLEGIUL NAŢIONAL PEDAGOGIC ”ŞTEFAN VELOVAN”",114,"MUNICIPIUL CRAIOVA",69900,1,PROV,PRCNCT,CD,CD_SV,"2021-01-21 12:30:02",1904,1878,26,0,570,544,26,0,1900,1330,559,11,0,127,28,150,178,20,0,1,7,3,2,2,2,2,30,0,0,0,0,0,0,0,0,0,0,0,0,4,0,0,0,0,3
17,DOLJ,"COLEGIUL NAŢIONAL PEDAGOGIC ”ŞTEFAN VELOVAN”",115,"MUNICIPIUL CRAIOVA",69900,1,PROV,PRCNCT,CD,CD_SV,"2021-01-21 12:30:02",1723,1691,32,0,569,537,32,0,1800,1231,558,11,0,154,26,135,177,17,0,2,9,3,2,1,5,3,19,1,1,0,0,0,0,0,0,0,1,0,0,2,0,0,0,0,0
17,DOLJ,"GRĂDINIŢA CU PROGRAM PRELUNGIT ”CASUTA CU POVESTI” (FOSTA NR.43)",116,"MUNICIPIUL CRAIOVA",69900,1,PROV,PRCNCT,CD,CD_SV,"2021-01-21 12:30:02",1631,1609,22,0,440,418,22,0,1700,1260,439,1,0,109,22,99,165,18,0,1,4,4,1,0,0,0,13,0,0,0,0,0,0,0,0,0,1,0,0,0,0,0,0,0,2
17,DOLJ,"GRADINITA CU PROGRAM PRELUNGIT ”CASUTA CU POVESTI” (FOSTA NR. 43)",117,"MUNICIPIUL CRAIOVA",69900,1,PROV,PRCNCT,CD,CD_SV,"2021-01-21 12:30:02",1501,1471,29,1,513,483,29,1,1500,987,513,0,0,131,12,123,186,25,1,1,5,6,3,0,1,2,13,0,0,0,0,0,0,0,0,0,0,0,0,1,0,0,0,0,3
17,DOLJ,"GRĂDINIŢA CU PROGRAM PRELUNGIT ”VOINICEII” (FOSTA NR.32)",118,"MUNICIPIUL CRAIOVA",69900,1,PROV,PRCNCT,CD,CD_SV,"2021-01-21 12:30:02",1451,1430,21,0,470,449,21,0,1500,1030,464,5,1,111,24,110,143,24,1,4,5,4,1,0,2,1,26,1,0,0,0,0,0,0,1,0,0,0,0,3,0,0,0,0,3
17,DOLJ,"GRĂDINIŢA CU PROGRAM PRELUNGIT ”VOINICEII” (FOSTA NR.32)",119,"MUNICIPIUL CRAIOVA",69900,2,PART,PRCNCT,CD,CD_SV,"2021-01-21 12:30:02",1316,1295,21,0,427,406,21,0,1400,973,423,3,1,115,22,81,155,16,0,0,3,4,2,2,1,1,13,1,1,0,0,0,2,0,0,0,0,0,0,0,0,0,0,0,4
17,DOLJ,"ŞCOALA GIMNAZIALĂ ”SFÂNTU GHEORGHE” (FOSTA NR.24)",120,"MUNICIPIUL CRAIOVA",69900,2,PART,PRCNCT,CD,CD_SV,"2021-01-21 12:30:02",1751,1719,32,0,606,574,32,0,1800,1194,602,3,1,151,20,159,178,24,0,0,13,7,1,2,6,4,32,2,1,0,0,0,0,0,0,0,1,0,0,0,0,0,0,0,1
17,DOLJ,"ŞCOALA GIMNAZIALĂ ”SFÂNTU GHEORGHE” (FOSTA NR.24)",121,"MUNICIPIUL CRAIOVA",69900,1,PROV,PRCNCT,CD,CD_SV,"2021-01-21 12:30:02",1608,1580,28,0,499,471,28,0,1600,1101,491,6,2,144,19,98,173,24,2,1,4,2,0,0,3,0,17,1,0,0,0,0,0,0,0,0,0,0,0,0,0,0,0,0,3
17,DOLJ,"ŞCOALA GIMNAZIALĂ ”SFÂNTU GHEORGHE” (FOSTA NR.24)",122,"MUNICIPIUL CRAIOVA",69900,1,PROV,PRCNCT,CD,CD_SV,"2021-01-21 12:30:02",1573,1554,19,0,447,428,19,0,1600,1153,440,6,1,100,21,94,168,22,0,1,3,6,1,0,3,1,17,0,0,0,0,0,0,0,0,0,0,0,0,2,1,0,0,0,0
17,DOLJ,"LICEUL TEHNOLOGIC TRANSPORTURI CĂI FERATE",123,"MUNICIPIUL CRAIOVA",69900,1,PROV,PRCNCT,CD,CD_SV,"2021-01-21 12:30:02",914,892,18,4,306,284,18,4,1000,694,305,1,0,88,13,81,90,8,0,0,5,2,0,0,2,3,6,0,0,1,0,0,0,0,0,0,1,0,0,0,0,0,1,0,4
17,DOLJ,"LICEUL TEHNOLOGIC TRANSPORTURI CĂI FERATE",124,"MUNICIPIUL CRAIOVA",69900,1,PROV,PRCNCT,CD,CD_SV,"2021-01-21 12:30:02",1056,995,30,31,434,373,30,31,1100,666,429,5,0,134,12,87,142,25,0,1,3,3,1,0,0,3,14,0,0,0,0,0,0,0,0,0,0,0,0,0,0,0,0,0,4
17,DOLJ,"COLEGIUL NAȚIONAL ”NICOLAE TITULESCU”",125,"MUNICIPIUL CRAIOVA",69900,1,PROV,PRCNCT,CD,CD_SV,"2021-01-21 12:30:02",1693,1664,27,2,596,567,27,2,1700,1104,590,6,0,151,21,137,182,34,1,2,9,7,4,0,3,4,20,2,1,1,0,0,1,0,0,0,0,0,0,5,0,0,0,0,5
17,DOLJ,"ŞCOALA GIMNAZIALĂ ”TRAIAN” (FOSTA NR. 2)",126,"MUNICIPIUL CRAIOVA",69900,1,PROV,PRCNCT,CD,CD_SV,"2021-01-21 12:30:02",983,943,39,1,385,345,39,1,1000,615,380,5,0,124,10,91,101,20,2,2,6,9,2,0,0,1,6,0,0,2,0,0,0,0,0,0,0,0,0,1,0,0,0,0,3
17,DOLJ,"ŞCOALA GIMNAZIALĂ ”TRAIAN” (FOSTA NR.2)",127,"MUNICIPIUL CRAIOVA",69900,1,PROV,PRCNCT,CD,CD_SV,"2021-01-21 12:30:02",1190,1164,25,1,474,448,25,1,1200,726,468,6,0,157,15,125,118,12,1,0,5,4,2,0,2,1,19,1,1,0,0,0,0,0,1,0,0,0,0,1,0,0,0,0,3
17,DOLJ,"GRĂDINIŢA CU PROGRAM PRELUNGIT ”TUDOR VLADIMIRESCU” (FOSTA NR.21)",128,"MUNICIPIUL CRAIOVA",69900,1,PROV,PRCNCT,CD,CD_SV,"2021-01-21 12:30:02",1731,1700,29,2,633,602,29,2,1800,1167,625,8,0,175,25,152,197,36,0,0,10,3,1,4,1,1,11,1,0,0,0,0,0,0,0,0,1,0,0,0,0,0,1,0,6
17,DOLJ,"ŞCOALA GIMNAZIALĂ „SF. GHEORGHE” (FOSTA SCOALA CU CLASELE I - VIII NR.23)",129,"MUNICIPIUL CRAIOVA",69900,1,PROV,PRCNCT,CD,CD_SV,"2021-01-21 12:30:02",1711,1703,8,0,569,561,8,0,1800,1231,562,4,3,146,18,145,182,19,2,1,8,11,1,0,3,1,21,0,0,0,0,0,0,0,0,0,0,0,0,2,0,0,0,1,1
17,DOLJ,"ŞCOALA GIMNAZIALĂ „SF. GHEORGHE” (FOSTA SCOALA CU CLASELE I - VIII NR.23)",130,"MUNICIPIUL CRAIOVA",69900,1,PROV,PRCNCT,CD,CD_SV,"2021-01-21 12:30:02",1700,1683,17,0,559,542,17,0,1700,1141,555,4,0,144,13,115,199,27,0,1,10,5,3,2,2,3,22,0,0,0,0,0,0,0,0,0,0,2,0,2,0,0,0,0,5
17,DOLJ,"ŞCOALA GIMNAZIALĂ „SF. GHEORGHE” (FOSTA SCOALA CU CLASELE I - VIII NR.23)",131,"MUNICIPIUL CRAIOVA",69900,1,PROV,PRCNCT,CD,CD_SV,"2021-01-21 12:30:02",1648,1631,15,2,510,493,15,2,1700,1190,500,9,1,131,23,126,148,23,2,1,8,2,1,0,2,1,22,2,0,0,0,0,0,0,0,0,0,1,0,1,0,1,0,0,5
17,DOLJ,"ȘCOALA GIMNAZIALĂ SF. GHEORGHE (FOSTA ȘCOALĂ CU CLASELE I-VIII, NR. 23",132,"MUNICIPIUL CRAIOVA",69900,2,PART,PRCNCT,CD,CD_SV,"2021-01-21 12:30:02",1216,1190,26,0,391,365,26,0,1300,909,379,11,1,82,21,60,150,19,0,3,5,11,0,0,3,1,22,0,0,0,0,0,0,1,0,0,0,0,0,0,0,0,1,0,0
17,DOLJ,"ȘCOALA GIMNAZIALĂ SF. GHEORGHE (FOSTA ȘCOALĂ CU CLASELE I-VIII, NR. 23)",133,"MUNICIPIUL CRAIOVA",69900,1,PROV,PRCNCT,CD,CD_SV,"2021-01-21 12:30:02",1669,1647,22,0,577,555,22,0,1700,1123,566,9,2,160,20,119,187,23,2,1,3,7,1,0,5,2,30,2,1,1,0,0,0,0,0,0,0,0,0,0,0,0,0,0,2
17,DOLJ,"ŞCOALA GIMNAZIALĂ ”ION ŢUCULESCU” (FOSTA NR. 14)",134,"MUNICIPIUL CRAIOVA",69900,1,PROV,PRCNCT,CD,CD_SV,"2021-01-21 12:30:02",2011,1950,44,17,590,529,44,17,2000,1410,579,6,5,142,24,89,238,19,0,5,14,5,0,5,2,2,28,1,1,0,0,0,1,0,0,0,1,0,0,0,0,0,0,0,2
17,DOLJ,"ŞCOALA GIMNAZIALĂ ”ION ŢUCULESCU” (FOSTA NR. 14)",135,"MUNICIPIUL CRAIOVA",69900,1,PROV,PRCNCT,CD,CD_SV,"2021-01-21 12:30:02",2000,1970,29,1,614,584,29,1,2000,1386,608,5,1,153,19,134,201,36,2,0,10,4,4,1,1,4,27,0,1,0,1,0,0,0,0,0,2,0,0,1,0,0,0,0,7
17,DOLJ,"GRĂDINIȚA CU PROGRAM NORMAL” ÎNGERAȘII” (FOSTĂ NR.5)",136,"MUNICIPIUL CRAIOVA",69900,1,PROV,PRCNCT,CD,CD_SV,"2021-01-21 12:30:02",1684,1668,16,0,475,459,16,0,1700,1225,468,4,3,83,15,114,179,19,0,1,4,9,0,2,6,4,27,0,0,1,0,0,0,0,0,0,1,0,0,1,0,0,0,0,2
17,DOLJ,"GRADINITA CU PROGRAM NORMAL NR.35 – STRUCTURĂ A SCOLII GIMNAZIALE ”ION ŢUCULESCU” (FOSTĂ NR.14)",137,"MUNICIPIUL CRAIOVA",69900,1,PROV,PRCNCT,CD,CD_SV,"2021-01-21 12:30:02",1036,999,37,0,342,305,37,0,1100,758,330,11,1,73,19,54,129,13,0,1,5,7,0,2,4,2,15,1,0,0,0,0,0,0,0,0,0,0,1,1,0,0,0,0,3
17,DOLJ,"GRĂDINIŢA CU PROGRAM NORMAL NR.16-STRUCTURĂ A ŞCOLII GIMNAZIALE ”ION ŢUCULESCU” (FOSTA NR.14)",138,"MUNICIPIUL CRAIOVA",69900,1,PROV,PRCNCT,CD,CD_SV,"2021-01-21 12:30:02",1512,1498,14,0,512,498,14,0,1600,1088,508,4,0,106,28,85,195,42,0,0,4,3,5,3,2,0,26,1,0,0,1,2,0,0,1,1,0,0,0,0,0,0,0,0,3
17,DOLJ,"GRĂDINIȚA CU PROGRAM NORMAL ”ÎNGERAȘII” ( FOSTA NR. 5)",139,"MUNICIPIUL CRAIOVA",69900,2,PART,PRCNCT,CD,CD_SV,"2021-01-21 12:30:02",1759,1747,12,0,533,521,12,0,1800,1267,524,9,0,112,26,96,200,23,0,0,10,6,0,1,2,1,38,0,1,0,0,0,0,0,1,1,1,0,1,1,0,1,0,0,2
17,DOLJ,"SUCURSALA REGIONALĂ CF CRAIOVA",140,"MUNICIPIUL CRAIOVA",69900,1,PROV,PRCNCT,CD,CD_SV,"2021-01-21 12:30:02",1243,1200,43,0,448,405,43,0,1300,852,438,10,0,101,16,105,173,15,1,0,7,4,0,0,2,0,10,0,0,0,0,0,0,0,0,0,1,0,0,2,0,0,0,0,1
17,DOLJ,"SUCURSALA REGIONALĂ CF CRAIOVA",141,"MUNICIPIUL CRAIOVA",69900,1,PROV,PRCNCT,CD,CD_SV,"2021-01-21 12:30:02",1563,1517,46,0,537,491,46,0,1600,1063,530,5,2,136,18,117,184,20,0,0,10,9,5,0,1,0,23,0,0,0,1,0,0,0,0,0,0,0,0,2,1,0,1,1,1
17,DOLJ,"GRĂDINIŢA CU PROGRAM PRELUNGIT ”SF. LUCIA” (FOSTA NR.50)",142,"MUNICIPIUL CRAIOVA",69900,1,PROV,PRCNCT,CD,CD_SV,"2021-01-21 12:30:02",962,947,15,0,326,311,15,0,1000,674,325,1,0,84,19,91,82,17,1,0,0,3,4,0,1,0,17,0,0,0,0,0,0,0,1,0,0,0,0,1,0,0,0,0,4
17,DOLJ,"GRĂDINIŢA CU PROGRAM PRELUNGIT ”SF. LUCIA” (FOSTA NR.50)",143,"MUNICIPIUL CRAIOVA",69900,1,PROV,PRCNCT,CD,CD_SV,"2021-01-21 12:30:02",937,924,12,1,343,330,12,1,1000,657,340,3,0,90,14,75,107,15,1,0,0,3,3,0,0,3,25,0,0,0,0,0,0,0,1,0,0,0,0,0,0,0,1,0,2
17,DOLJ,"GRĂDINIŢA CU PROGRAM PRELUNGIT ”PETRACHE POENARU” (FOSTA SCOALA CU CLASELE I VIII NR.9 PETRACHE POENARU)",144,"MUNICIPIUL CRAIOVA",69900,1,PROV,PRCNCT,CD,CD_SV,"2021-01-21 12:30:02",1794,1588,1,205,772,566,1,205,1700,928,743,16,13,213,14,133,302,19,4,1,14,3,3,2,1,2,24,2,0,1,0,0,0,0,0,0,1,0,0,0,0,0,1,0,3
17,DOLJ,"GRĂDINIŢA CU PROGRAM PRELUNGIT ”PETRACHE POENARU” (FOSTA SCOALA CU CLASELE I VIII NR.9 PETRACHE POENARU)",145,"MUNICIPIUL CRAIOVA",69900,1,PROV,PRCNCT,CD,CD_SV,"2021-01-21 12:30:02",1201,1155,46,0,440,394,46,0,1200,760,436,3,1,107,8,115,147,21,0,1,8,8,0,0,0,0,14,0,0,0,0,0,0,0,0,0,0,0,0,2,0,0,0,0,5
17,DOLJ,"ŞCOALA GIMNAZIALĂ ”GHEORGHE ŢIŢEICA” (FOSTA NR. 21)",146,"MUNICIPIUL CRAIOVA",69900,1,PROV,PRCNCT,CD,CD_SV,"2021-01-21 12:30:02",1462,1418,44,0,519,475,44,0,1500,981,512,7,0,139,18,141,146,17,0,7,5,2,2,0,0,2,23,0,0,0,0,0,0,0,0,0,0,0,0,2,0,0,2,0,6
17,DOLJ,"ŞCOALA GIMNAZIALĂ ”GHEORGHE ŢIŢEICA” (FOSTA NR. 21)",147,"MUNICIPIUL CRAIOVA",69900,1,PROV,PRCNCT,CD,CD_SV,"2021-01-21 12:30:02",1437,1407,30,0,486,456,30,0,1500,1014,474,5,7,124,20,127,146,20,3,0,6,1,1,0,1,0,21,0,0,0,0,0,0,0,0,0,1,0,0,1,0,1,0,0,1
17,DOLJ,"GRĂDINIŢA CU PROGRAM PRELUNGIT ”PINOCHIO”",148,"MUNICIPIUL CRAIOVA",69900,1,PROV,PRCNCT,CD,CD_SV,"2021-01-21 12:30:02",1198,1163,34,1,406,371,34,1,1200,794,397,9,0,85,12,125,104,27,0,2,9,5,1,1,0,0,20,2,0,0,0,0,0,0,0,0,0,0,0,0,1,0,0,0,3
17,DOLJ,"PRIMĂRIA MUNICIPIULUI CRAIOVA, (FOSTA ŞCOALA CU CLASELE I-VIII NR.35 „I.D. SÎRBU”)”",149,"MUNICIPIUL CRAIOVA",69900,1,PROV,PRCNCT,CD,CD_SV,"2021-01-21 12:30:02",1112,1082,29,1,371,341,29,1,1100,729,365,5,1,98,10,85,134,16,0,0,3,2,0,0,2,2,12,0,0,0,0,0,0,0,0,0,0,0,0,1,0,0,0,0,0
17,DOLJ,"PRIMĂRIA MUNICIPIULUI CRAIOVA, (FOSTA ŞCOALA CU CLASELE I-VIII NR.35 „I.D. SÎRBU”)",150,"MUNICIPIUL CRAIOVA",69900,1,PROV,PRCNCT,CD,CD_SV,"2021-01-21 12:30:02",1054,1032,20,2,362,340,20,2,1100,738,354,6,2,81,17,83,140,6,0,0,7,7,1,1,1,0,7,0,0,1,0,0,0,0,0,0,0,0,0,0,0,0,0,0,2
17,DOLJ,"PRIMĂRIA MUNICIPIULUI CRAIOVA, (FOSTA ŞCOALA CU CLASELE I-VIII NR.35 „I.D. SÎRBU”)",151,"MUNICIPIUL CRAIOVA",69900,1,PROV,PRCNCT,CD,CD_SV,"2021-01-21 12:30:02",1200,1192,8,0,445,437,8,0,1300,855,441,3,1,124,14,94,154,19,0,1,3,3,1,0,3,0,23,0,0,0,0,0,0,0,0,0,0,0,0,0,0,0,0,0,2
17,DOLJ,"LICEUL ”MATEI BASARAB”",152,"MUNICIPIUL CRAIOVA",69900,1,PROV,PRCNCT,CD,CD_SV,"2021-01-21 12:30:02",987,969,18,0,340,322,18,0,1000,660,338,0,2,84,10,88,118,14,2,0,3,2,3,2,0,0,10,0,0,0,0,0,1,0,0,0,0,0,0,1,0,0,0,0,0
17,DOLJ,"LICEUL ”MATEI BASARAB”",153,"MUNICIPIUL CRAIOVA",69900,2,PART,PRCNCT,CD,CD_SV,"2021-01-21 12:30:02",946,905,37,4,274,233,37,4,1000,726,269,3,2,67,3,52,114,11,0,1,2,2,0,0,1,0,10,0,0,0,0,0,0,0,0,0,1,0,0,0,0,0,1,0,4
17,DOLJ,"LICEUL TEORETIC ”TUDOR ARGHEZI”",154,"MUNICIPIUL CRAIOVA",69900,1,PROV,PRCNCT,CD,CD_SV,"2021-01-21 12:30:02",1344,1253,91,0,489,398,91,0,1300,811,482,6,1,98,13,112,194,15,3,1,5,3,3,0,2,4,27,0,0,0,0,0,0,0,0,0,0,0,0,1,0,0,0,0,1
17,DOLJ,"LICEUL TEORETIC ”TUDOR ARGHEZI”",155,"MUNICIPIUL CRAIOVA",69900,1,PROV,PRCNCT,CD,CD_SV,"2021-01-21 12:30:02",1378,1342,36,0,479,443,36,0,1400,921,472,3,4,98,14,98,191,18,3,1,5,3,0,2,2,4,30,0,0,0,0,0,0,0,0,0,0,0,0,1,0,0,0,1,1
17,DOLJ,"LICEUL TEORETIC ”TUDOR ARGHEZI”",156,"MUNICIPIUL CRAIOVA",69900,1,PROV,PRCNCT,CD,CD_SV,"2021-01-21 12:30:02",1415,1390,25,0,454,429,25,0,1400,946,450,4,0,114,21,112,144,15,0,0,6,8,1,0,1,5,17,0,0,0,1,0,0,1,0,0,0,0,0,0,0,0,0,1,3
17,DOLJ,"ŞCOALA GIMNAZIALĂ ”NICOLAE BĂLCESCU” (FOSTA NR.39)",157,"MUNICIPIUL CRAIOVA",69900,1,PROV,PRCNCT,CD,CD_SV,"2021-01-21 12:30:02",1470,1448,20,2,473,451,20,2,1500,1027,468,5,0,90,19,108,175,18,0,1,12,7,1,2,1,3,24,2,0,0,0,0,0,0,0,0,1,0,0,2,0,0,0,0,2
17,DOLJ,"ŞCOALA GIMNAZIALĂ ”NICOLAE BĂLCESCU” (FOSTA NR.39)",158,"MUNICIPIUL CRAIOVA",69900,2,PART,PRCNCT,CD,CD_SV,"2021-01-21 12:30:02",1292,1265,24,3,456,429,24,3,1300,844,454,1,1,122,15,138,133,12,3,6,4,2,1,0,2,13,2,0,0,0,0,0,0,0,0,0,0,0,0,0,0,1,0,0,0
17,DOLJ,"ŞCOALA GIMNAZIALĂ ”NICOLAE BĂLCESCU” (FOSTA NR.39)",159,"MUNICIPIUL CRAIOVA",69900,1,PROV,PRCNCT,CD,CD_SV,"2021-01-21 12:30:02",1476,1448,28,0,484,456,28,0,1500,1016,478,5,1,107,12,110,180,20,1,1,2,4,0,1,1,4,33,0,0,0,0,0,0,0,0,0,0,0,0,1,0,0,0,0,1
17,DOLJ,"ŞCOALA GIMNAZIALĂ ”NICOLAE BĂLCESCU” (FOSTA NR.39)",160,"MUNICIPIUL CRAIOVA",69900,1,PROV,PRCNCT,CD,CD_SV,"2021-01-21 12:30:02",1461,1421,40,0,455,415,40,0,1500,1045,450,4,1,102,19,121,144,11,0,1,11,3,4,0,5,0,17,0,0,0,1,3,0,0,0,0,0,1,0,4,0,0,0,0,3
17,DOLJ,"GRĂDINIŢA CU PROGRAM NORMAL NR.14 ”LUCEAFĂRUL” – STRUCTURĂ A ŞCOLII GIMNAZIALE ”NICOLAE BĂLCESCU” (FOSTA NR.39)",161,"MUNICIPIUL CRAIOVA",69900,1,PROV,PRCNCT,CD,CD_SV,"2021-01-21 12:30:02",1453,1436,16,1,500,483,16,1,1500,1000,494,5,1,134,24,114,141,26,1,1,12,4,1,2,3,4,22,1,0,0,0,0,0,0,0,0,0,0,0,1,0,0,0,0,3
17,DOLJ,"FACULTATEA DE MECANICĂ",162,"MUNICIPIUL CRAIOVA",69900,1,PROV,PRCNCT,CD,CD_SV,"2021-01-21 12:30:02",1088,1036,30,22,378,326,30,22,1100,722,373,3,2,91,15,104,100,18,1,1,9,7,2,1,2,1,13,0,0,0,0,0,1,0,0,0,1,0,0,5,0,0,0,0,1
17,DOLJ,"LICEUL TEHNOLOGIC AUTO",163,"MUNICIPIUL CRAIOVA",69900,2,PART,PRCNCT,CD,CD_SV,"2021-01-21 12:30:02",1673,1645,24,4,514,486,24,4,1700,1186,508,5,1,116,27,141,146,32,0,0,6,2,2,1,1,1,29,1,0,0,0,0,0,0,0,0,0,0,0,2,0,0,0,0,1
17,DOLJ,"LICEUL TEHNOLOGIC AUTO",164,"MUNICIPIUL CRAIOVA",69900,1,PROV,PRCNCT,CD,CD_SV,"2021-01-21 12:30:02",1390,1370,20,0,403,383,20,0,1400,997,397,5,1,106,20,109,116,11,0,0,2,4,0,0,2,3,21,0,0,0,0,0,0,0,0,0,0,0,0,1,0,0,0,0,2
17,DOLJ,"PUNCTUL TERMIC NR.1 LĂPUȘ (LÂNGĂ BL.23 - BLD. DECEBAL NR.66B)",165,"MUNICIPIUL CRAIOVA",69900,1,PROV,PRCNCT,CD,CD_SV,"2021-01-21 12:30:02",1264,1247,17,0,405,388,17,0,1300,895,397,6,2,84,22,81,153,16,1,0,3,9,1,0,1,1,18,1,0,2,0,0,1,1,0,0,0,0,0,1,0,0,1,0,0
17,DOLJ,"PUNCTUL TERMIC NR.2 LĂPUȘ (LÂNGĂ BL. 59 - BLD. DECEBAL NR.55B)",166,"MUNICIPIUL CRAIOVA",69900,1,PROV,PRCNCT,CD,CD_SV,"2021-01-21 12:30:02",1550,1532,16,2,563,545,16,2,1600,1037,555,6,2,132,37,129,188,23,0,0,3,5,4,2,1,1,27,0,0,0,0,0,1,1,0,0,0,0,0,0,0,0,0,0,1
17,DOLJ,"PRIMĂRIA MUNICIPIULUI CRAIOVA DIRECŢIA DE ASISTENŢĂ ŞI PROTECŢIE SOCIALĂ",167,"MUNICIPIUL CRAIOVA",69900,1,PROV,PRCNCT,CD,CD_SV,"2021-01-21 12:30:02",1486,1438,48,0,472,424,48,0,1500,1028,467,3,2,103,20,103,155,18,2,0,9,8,1,0,4,2,35,0,0,0,0,0,0,0,0,0,1,0,0,2,0,0,0,0,4
17,DOLJ,"PRIMĂRIA MUNICIPIULUI CRAIOVA-DIRECŢIA DE ASISTENŢĂ ŞI PROTECŢIE SOCIALĂ",168,"MUNICIPIUL CRAIOVA",69900,1,PROV,PRCNCT,CD,CD_SV,"2021-01-21 12:30:02",1470,1389,81,0,510,429,81,0,1500,990,510,0,0,95,24,94,219,22,2,6,4,5,1,2,0,1,28,0,0,0,0,0,0,0,0,0,2,0,0,3,0,0,1,0,1
17,DOLJ,"ŞCOALA GIMNAZIALĂ NR.38 - STRUCTURĂ A ŞCOLII GIMNAZIALE ”ION CREANGA” (FOSTĂ NR.16)",169,"MUNICIPIUL CRAIOVA",69900,1,PROV,PRCNCT,CD,CD_SV,"2021-01-21 12:30:02",1545,1520,21,4,442,417,21,4,1600,1158,430,8,4,87,18,73,165,19,2,2,10,5,0,0,0,2,37,0,0,2,0,1,0,0,0,1,0,1,0,1,0,1,0,0,3
17,DOLJ,"ŞCOALA GIMNAZIALĂ NR.38 - STRUCTURĂ A ŞCOLII GIMNAZIALE ”ION CREANGA” (FOSTĂ NR.16)",170,"MUNICIPIUL CRAIOVA",69900,1,PROV,PRCNCT,CD,CD_SV,"2021-01-21 12:30:02",1746,1725,21,0,374,353,21,0,1800,1426,355,16,3,56,14,25,175,14,1,0,4,3,1,0,1,4,51,0,1,1,1,0,0,0,0,0,0,0,0,0,0,0,0,0,3
17,DOLJ,"ŞCOALA GIMNAZIALĂ NR.38 - STRUCTURĂ A ŞCOLII GIMNAZIALE ”ION CREANGA” (FOSTĂ NR.16)",171,"MUNICIPIUL CRAIOVA",69900,1,PROV,PRCNCT,CD,CD_SV,"2021-01-21 12:30:02",1502,1492,10,0,352,342,10,0,1600,1248,345,7,0,43,18,47,160,9,0,3,12,6,0,0,3,1,35,0,0,0,0,0,0,0,0,0,0,0,0,1,0,0,2,0,5
17,DOLJ,"GRĂDINIŢA CU PROGRAM NORMAL ROVINE 2 – STRUCTURĂ A ŞCOLII GIMNAZIALE ”ION CREANGA” (FOSTĂ NR.16)",172,"MUNICIPIUL CRAIOVA",69900,1,PROV,PRCNCT,CD,CD_SV,"2021-01-21 12:30:02",588,576,12,0,141,129,12,0,700,559,138,1,2,26,7,16,67,7,0,0,1,1,0,1,0,0,11,0,0,0,0,0,0,0,0,0,0,0,0,0,0,0,0,1,0
17,DOLJ,"ŞCOALA PRIMARĂ IZVORUL RECE – STRUCTURĂ A ŞCOLII GIMNAZIALE ”DECEBAL” (FOSTĂ NR.12)",173,"MUNICIPIUL CRAIOVA",69900,1,PROV,PRCNCT,CD,CD_SV,"2021-01-21 12:30:02",679,668,10,1,215,204,10,1,800,585,212,2,1,52,2,42,79,10,1,0,6,3,0,2,1,1,10,0,0,0,0,0,0,0,1,1,1,0,0,0,0,0,0,0,0
17,DOLJ,"ŞCOALA GIMNAZIALĂ NR. 1",174,"MUNICIPIUL BĂILEŞTI",70316,1,PROV,PRCNCT,CD,CD_SV,"2021-01-21 12:30:02",1402,1394,8,0,325,317,8,0,1500,1175,308,7,10,75,10,9,139,21,1,1,2,3,0,1,2,2,30,2,2,1,0,0,0,0,0,0,0,0,0,0,0,0,3,0,4
17,DOLJ,"GRĂDINIŢA DE COPII NR. 3",175,"MUNICIPIUL BĂILEŞTI",70316,1,PROV,PRCNCT,CD,CD_SV,"2021-01-21 12:30:02",1184,1115,69,0,240,171,69,0,1200,960,235,3,2,94,9,15,79,15,0,0,2,3,0,0,0,4,7,0,0,0,1,0,0,0,0,0,1,0,1,1,0,0,0,0,3
17,DOLJ,"ŞCOALA GIMNAZIALĂ NR. 3",176,"MUNICIPIUL BĂILEŞTI",70316,1,PROV,PRCNCT,CD,CD_SV,"2021-01-21 12:30:02",553,523,30,0,109,79,30,0,600,491,103,2,4,28,4,7,40,9,0,0,1,2,1,1,0,0,9,0,0,0,0,0,0,0,0,0,0,0,0,1,0,0,0,0,0
17,DOLJ,"ŞCOALA GIMNAZIALĂ NR. 3",177,"MUNICIPIUL BĂILEŞTI",70316,1,PROV,PRCNCT,CD,CD_SV,"2021-01-21 12:30:02",907,891,16,0,196,180,16,0,1000,804,186,6,4,60,4,9,64,33,0,0,0,6,0,0,1,0,7,1,0,0,0,0,0,0,0,0,0,0,0,1,0,0,0,0,0
17,DOLJ,"ŞCOALA GIMNAZIALĂ NR. 5",178,"MUNICIPIUL BĂILEŞTI",70316,1,PROV,PRCNCT,CD,CD_SV,"2021-01-21 12:30:02",999,961,38,0,217,179,38,0,1000,783,214,3,0,61,6,14,88,18,0,0,1,2,0,1,0,3,19,0,0,0,0,0,0,0,0,0,0,0,0,0,0,0,0,0,1
17,DOLJ,"GRĂDINIŢA DE COPII NR. 7",179,"MUNICIPIUL BĂILEŞTI",70316,1,PROV,PRCNCT,CD,CD_SV,"2021-01-21 12:30:02",742,729,13,0,169,156,13,0,800,631,167,1,1,29,4,16,71,30,0,0,0,3,1,1,1,0,11,0,0,0,0,0,0,0,0,0,0,0,0,0,0,0,0,0,0
17,DOLJ,"LICEUL MIHAI VITEAZUL",180,"MUNICIPIUL BĂILEŞTI",70316,1,PROV,PRCNCT,CD,CD_SV,"2021-01-21 12:30:02",1042,980,61,1,262,200,61,1,1100,838,256,3,3,80,2,11,97,34,2,2,1,0,0,1,0,2,21,0,0,0,1,0,0,0,0,0,0,1,0,0,0,0,0,0,1
17,DOLJ,"GRĂDINIŢA DE COPII NR. 5",181,"MUNICIPIUL BĂILEŞTI",70316,1,PROV,PRCNCT,CD,CD_SV,"2021-01-21 12:30:02",671,657,14,0,141,127,14,0,700,559,135,4,2,28,4,16,69,9,1,0,0,1,0,1,0,0,6,0,0,0,0,0,0,0,0,0,0,0,0,0,0,0,0,0,0
17,DOLJ,"ŞCOALA GIMNAZIALĂ NR. 4",182,"MUNICIPIUL BĂILEŞTI",70316,1,PROV,PRCNCT,CD,CD_SV,"2021-01-21 12:30:02",1503,1478,25,0,349,324,25,0,1500,1151,334,12,3,97,11,21,140,25,0,0,0,2,0,0,1,3,28,0,0,0,0,0,0,1,1,0,1,0,0,0,0,0,0,0,3
17,DOLJ,"ŞCOALA GIMNAZIALĂ NR. 4",183,"MUNICIPIUL BĂILEŞTI",70316,1,PROV,PRCNCT,CD,CD_SV,"2021-01-21 12:30:02",1002,975,27,0,231,204,27,0,1100,869,224,5,2,50,7,22,108,15,0,0,4,3,0,0,0,1,11,0,0,0,0,0,0,0,1,0,0,0,0,1,0,0,0,0,1
17,DOLJ,"GRĂDINIŢA DE COPII NR. 8",184,"MUNICIPIUL BĂILEŞTI",70316,1,PROV,PRCNCT,CD,CD_SV,"2021-01-21 12:30:02",1356,1316,40,0,300,260,40,0,1400,1100,297,1,2,94,8,26,115,34,0,1,0,2,0,0,2,0,14,0,0,1,0,0,0,0,0,0,0,0,0,0,0,0,0,0,0
17,DOLJ,"LICEUL TEHNOLOGIC ŞTEFAN ANGHEL",185,"MUNICIPIUL BĂILEŞTI",70316,1,PROV,PRCNCT,CD,CD_SV,"2021-01-21 12:30:02",643,630,13,0,158,145,13,0,700,542,156,2,0,41,2,27,58,10,0,0,1,1,0,0,1,1,12,0,0,0,0,0,0,0,0,0,0,0,0,1,0,0,0,0,1
17,DOLJ,"GRĂDINIŢA DE COPII NR. 2",186,"MUNICIPIUL BĂILEŞTI",70316,1,PROV,PRCNCT,CD,CD_SV,"2021-01-21 12:30:02",1012,998,14,0,193,179,14,0,1100,907,189,1,3,50,9,12,73,17,1,1,1,3,0,0,0,2,19,0,0,0,0,0,0,0,0,0,0,0,0,0,0,0,0,0,1
17,DOLJ,"AGROZIND S.A.",187,"MUNICIPIUL BĂILEŞTI",70316,2,PART,PRCNCT,CD,CD_SV,"2021-01-21 12:30:02",782,767,15,0,181,166,15,0,900,719,178,3,0,33,5,26,91,11,1,0,1,3,0,0,0,2,4,0,0,0,0,0,0,0,0,0,0,0,0,0,0,0,0,0,1
17,DOLJ,"ŞCOALA GIMNAZIALĂ NR. 6",188,"MUNICIPIUL BĂILEŞTI",70316,1,PROV,PRCNCT,CD,CD_SV,"2021-01-21 12:30:02",1372,1335,37,0,314,277,37,0,1400,1086,312,2,0,67,17,41,127,20,2,0,5,2,1,1,2,1,20,0,0,0,0,0,0,0,1,0,1,0,0,0,0,0,0,0,4
17,DOLJ,"ŞCOALA GIMNAZIALĂ BALASAN",189,"MUNICIPIUL BĂILEŞTI",70316,1,PROV,PRCNCT,CD,CD_SV,"2021-01-21 12:30:02",506,489,17,0,106,89,17,0,600,494,105,1,0,20,1,16,37,10,0,0,0,1,0,0,0,0,19,0,0,0,0,0,0,0,0,0,0,0,0,1,0,0,0,0,0
17,DOLJ,"ŞCOALA GOLENŢI",190,"MUNICIPIUL CALAFAT",70352,1,PROV,PRCNCT,CD,CD_SV,"2021-01-21 12:30:02",423,404,19,0,158,139,19,0,500,342,157,1,0,51,3,8,68,10,0,0,2,4,1,0,1,3,4,0,0,0,0,0,0,0,0,0,0,0,0,0,0,0,1,1,0
17,DOLJ,"CAMINUL CULTURAL BASARABI (DIN CADRUL CASEI DE CULTURA CALAFAT )",191,"MUNICIPIUL CALAFAT",70352,1,PROV,PRCNCT,CD,CD_SV,"2021-01-21 12:30:02",867,848,19,0,284,265,19,0,900,616,278,1,5,80,7,12,136,14,2,0,1,1,1,0,0,1,19,0,0,0,0,0,0,0,0,0,0,0,0,3,0,0,1,0,0
17,DOLJ,"CAMINUL CULTURAL CIUPERCENII VECHII ( DIN CADRUL CASEI DE CULTURA CALAFAT )",192,"MUNICIPIUL CALAFAT",70352,1,PROV,PRCNCT,CD,CD_SV,"2021-01-21 12:30:02",1794,1776,18,0,532,514,18,0,1800,1268,520,4,8,200,27,24,170,35,2,0,3,7,0,0,0,4,40,0,0,0,0,0,0,0,0,2,0,0,0,1,1,0,2,2,0
17,DOLJ,"SC. GENERALA NR. 1 CALAFAT",193,"MUNICIPIUL CALAFAT",70352,1,PROV,PRCNCT,CD,CD_SV,"2021-01-21 12:30:02",1574,1518,32,24,498,448,32,18,1600,1102,489,4,5,140,14,41,210,43,3,0,4,1,3,1,2,2,20,1,0,0,0,0,0,0,0,0,0,0,0,0,0,0,4,0,0
17,DOLJ,"LICEUL TEORETIC INDEPENDENTA",194,"MUNICIPIUL CALAFAT",70352,3,PART,PRCNCT,CD,CD_SV,"2021-01-21 12:30:02",1854,1816,38,0,585,547,38,0,1900,1315,568,12,5,159,16,41,245,43,1,0,6,5,3,1,2,2,38,0,0,0,0,0,1,0,0,0,0,0,0,1,0,0,4,0,0
17,DOLJ,"CLUBUL COPIILOR",195,"MUNICIPIUL CALAFAT",70352,2,PART,PRCNCT,CD,CD_SV,"2021-01-21 12:30:02",1448,1428,20,0,418,398,20,0,1500,1082,409,5,4,133,14,27,146,21,0,0,1,6,2,0,0,2,43,0,0,0,0,0,1,0,0,0,0,0,0,0,0,1,11,0,1
17,DOLJ,"SC. GENERALA NR. 2 CALAFAT",196,"MUNICIPIUL CALAFAT",70352,1,PROV,PRCNCT,CD,CD_SV,"2021-01-21 12:30:02",1807,1774,33,0,485,452,33,0,1900,1415,463,19,3,110,8,36,181,66,0,1,4,0,3,3,0,2,33,0,1,1,0,0,0,0,0,0,1,0,0,2,0,0,7,0,4
17,DOLJ,"SC.GENERALA NR. 2 CALAFAT",197,"MUNICIPIUL CALAFAT",70352,1,PROV,PRCNCT,CD,CD_SV,"2021-01-21 12:30:02",1671,1647,22,2,418,394,22,2,1700,1282,410,8,0,112,15,31,162,41,0,1,3,8,4,0,0,0,25,0,0,2,1,0,1,0,0,0,0,0,0,1,0,0,3,0,0
17,DOLJ,"ŞCOALA GENERALĂ NR.2 CALAFAT(LOCAL VECHI)",198,"MUNICIPIUL CALAFAT",70352,1,PROV,PRCNCT,CD,CD_SV,"2021-01-21 12:30:02",1728,1700,28,0,382,354,28,0,1800,1418,376,6,0,87,27,37,150,29,1,1,0,2,2,1,1,2,31,0,0,0,0,0,0,0,0,0,0,0,0,0,0,0,5,0,0
17,DOLJ,"ŞCOALA GENERALĂ NR.2 CALAFAT(LOCAL NOU)",199,"MUNICIPIUL CALAFAT",70352,1,PROV,PRCNCT,CD,CD_SV,"2021-01-21 12:30:02",1763,1744,19,0,439,420,19,0,1800,1361,431,5,3,103,23,48,177,38,0,0,1,3,2,0,0,2,29,0,0,0,0,0,0,0,1,0,0,0,0,1,0,0,1,0,2
17,DOLJ,"LICEUL TEORETIC BECHET",200,"ORAŞ BECHET",70879,1,PROV,PRCNCT,CD,CD_SV,"2021-01-21 12:30:02",1422,1364,41,17,488,430,41,17,1500,1012,462,13,13,70,18,12,262,20,1,0,30,7,1,2,1,2,20,0,0,3,0,0,0,0,1,2,0,0,0,2,0,0,0,1,7
17,DOLJ,"SCOALA PRIMARA BECHET VALE",201,"ORAŞ BECHET",70879,1,PROV,PRCNCT,CD,CD_SV,"2021-01-21 12:30:02",689,643,25,21,311,265,25,21,700,389,303,4,4,37,9,9,197,4,1,0,15,1,1,0,0,4,17,0,0,1,0,0,0,0,0,1,0,0,1,0,0,1,0,1,3
17,DOLJ,"BIBLIOTECA ORASENEASCA BECHET",202,"ORAŞ BECHET",70879,1,PROV,PRCNCT,CD,CD_SV,"2021-01-21 12:30:02",1355,1268,34,53,393,306,34,53,1300,907,370,11,12,55,23,14,236,12,0,0,5,2,0,0,1,1,20,0,0,0,0,0,0,1,0,0,0,0,0,0,0,0,0,0,0
17,DOLJ,"STRUCTURA SCOLII GIMNAZIALE NR. 1 DABULENI",203,"ORAŞ DĂBULENI",72007,1,PROV,PRCNCT,CD,CD_SV,"2021-01-21 12:30:02",1674,1645,27,2,581,552,27,2,1700,1119,564,11,6,154,12,16,277,23,1,0,9,4,2,2,2,3,50,0,0,1,0,1,0,0,1,0,0,1,0,1,0,0,1,1,2
17,DOLJ,"CLUBUL COPIILOR DABULENI",204,"ORAŞ DĂBULENI",72007,1,PROV,PRCNCT,CD,CD_SV,"2021-01-21 12:30:02",1563,1494,20,49,607,539,20,48,1600,993,598,6,3,171,13,19,314,11,0,1,4,7,7,0,3,9,31,1,0,1,0,0,0,0,0,2,0,0,0,0,0,0,0,1,3
17,DOLJ,"SCOALA GIMNAZIALA CU CLASELE I-VIII NR.1 DABULENI, NORD",205,"ORAŞ DĂBULENI",72007,1,PROV,PRCNCT,CD,CD_SV,"2021-01-21 12:30:02",1535,1511,20,4,622,598,20,4,1600,978,608,9,5,151,21,20,336,8,2,0,9,4,7,0,4,3,33,1,0,0,0,1,0,2,1,1,1,0,0,1,0,0,1,0,1
17,DOLJ,"SCOALA GIMNAZIALA CU CLASELE I-VIII NR.1 DABULENI, SUD",206,"ORAŞ DĂBULENI",72007,2,PART,PRCNCT,CD,CD_SV,"2021-01-21 12:30:02",1677,1652,25,0,646,621,25,0,1700,1054,636,4,6,170,11,17,339,10,3,0,4,3,1,2,4,10,47,3,1,1,0,1,1,0,0,1,0,1,0,2,0,0,1,1,2
17,DOLJ,"LICEUL TEORETIC CONSTANTIN BRANCOVEANU",207,"ORAŞ DĂBULENI",72007,2,PART,PRCNCT,CD,CD_SV,"2021-01-21 12:30:02",1164,1136,16,12,456,428,16,12,1200,744,444,4,8,108,14,25,239,11,3,0,2,3,3,2,1,1,28,1,0,0,0,0,0,1,0,0,0,0,0,2,0,0,0,0,0
17,DOLJ,"LICEUL TEORETIC CONSTANTIN BRANCOVEANU (FOSTA SCOALA NR. 3, INTRARE ELEVI)",208,"ORAŞ DĂBULENI",72007,1,PROV,PRCNCT,CD,CD_SV,"2021-01-21 12:30:02",1345,1309,30,6,604,568,30,6,1400,796,589,12,3,169,19,17,321,8,0,0,10,5,1,0,1,5,28,0,1,1,0,0,0,0,0,0,1,0,1,0,0,0,0,0,1
17,DOLJ,"LICEUL TEORETIC CONSTANTIN BRANCOVEANU (FOSTA SCOALA NR. 3, INTRARE PROFESORI)",209,"ORAŞ DĂBULENI",72007,1,PROV,PRCNCT,CD,CD_SV,"2021-01-21 12:30:02",1275,1240,18,17,553,518,18,17,1300,747,537,9,7,142,16,12,308,4,1,0,1,7,0,0,4,9,26,0,0,1,0,0,0,1,0,0,1,0,0,1,0,0,2,1,0
17,DOLJ,"CORP 2 PRIMĂRIE",210,"ORAŞ FILIAŞI",70414,1,PROV,PRCNCT,CD,CD_SV,"2021-01-21 12:30:02",1456,1436,17,3,529,509,17,3,1500,971,524,3,2,73,18,50,301,24,2,0,2,4,3,1,4,7,28,0,0,2,1,2,0,1,0,0,0,0,0,1,0,0,0,0,0
17,DOLJ,"GRĂDINIŢA NR. 1 FILIAŞI",211,"ORAŞ FILIAŞI",70414,1,PROV,PRCNCT,CD,CD_SV,"2021-01-21 12:30:02",1837,1806,25,6,654,623,25,6,1900,1246,649,5,0,95,13,44,371,50,1,4,4,5,0,1,5,8,48,0,0,0,0,0,0,0,0,0,0,0,0,0,0,0,0,0,0
17,DOLJ,"GRĂDINIŢA NR. 2 FILIAŞI",212,"ORAŞ FILIAŞI",70414,1,PROV,PRCNCT,CD,CD_SV,"2021-01-21 12:30:02",1792,1734,53,5,571,513,53,5,1800,1229,555,8,8,80,5,27,322,35,0,0,3,4,2,2,1,5,67,0,0,0,0,0,0,0,0,0,0,0,0,1,0,0,1,0,0
17,DOLJ,"GRĂDINIŢA NR. 3 FILIAŞI",213,"ORAŞ FILIAŞI",70414,2,PART,PRCNCT,CD,CD_SV,"2021-01-21 12:30:02",1323,1275,39,9,493,445,39,9,1400,907,493,0,0,36,13,32,326,21,2,1,4,5,2,1,4,0,40,0,0,0,0,0,0,0,0,0,0,0,1,1,0,0,0,0,4
17,DOLJ,"LICEUL TEHNOLOGIC DIMITRIE FILIŞANU",214,"ORAŞ FILIAŞI",70414,1,PROV,PRCNCT,CD,CD_SV,"2021-01-21 12:30:02",1680,1556,123,1,585,461,123,1,1600,1015,559,18,8,85,11,34,281,83,2,0,6,6,1,6,4,1,31,1,0,1,0,1,1,0,0,1,2,0,0,1,0,0,0,0,0
17,DOLJ,"PRIMĂRIA ORAŞULUI FILIAŞI",215,"ORAŞ FILIAŞI",70414,1,PROV,PRCNCT,CD,CD_SV,"2021-01-21 12:30:02",1715,1672,37,6,556,513,37,6,1800,1244,552,4,0,76,11,64,319,37,1,1,3,4,0,0,0,4,23,0,0,0,0,0,0,0,0,0,4,0,0,3,0,0,0,1,1
17,DOLJ,"ŞCOALA GIMNAZIALĂ FILIAŞI",216,"ORAŞ FILIAŞI",70414,1,PROV,PRCNCT,CD,CD_SV,"2021-01-21 12:30:02",1406,1354,37,15,520,468,37,15,1400,880,508,4,8,55,21,51,312,22,0,0,6,1,1,1,1,2,29,0,0,0,1,0,0,0,1,0,2,0,0,0,0,0,0,0,2
17,DOLJ,"ŞCOALA BÎLTA",217,"ORAŞ FILIAŞI",70414,1,PROV,PRCNCT,CD,CD_SV,"2021-01-21 12:30:02",972,920,42,10,504,452,42,10,1000,496,490,4,10,67,8,23,313,19,0,1,3,0,0,0,4,5,40,2,0,0,0,0,0,0,0,0,0,0,0,4,0,0,0,0,1
17,DOLJ,"SCOALA GIMNAZIALĂ FRATOŞTIŢA - CORP 1",218,"ORAŞ FILIAŞI",70414,1,PROV,PRCNCT,CD,CD_SV,"2021-01-21 12:30:02",1326,1312,14,0,410,396,14,0,1400,990,393,0,17,52,8,17,210,47,1,0,0,0,0,2,3,6,38,1,1,0,0,2,0,0,1,0,1,0,0,1,0,1,0,0,1
17,DOLJ,"ŞCOALA GIMNAZIALĂ FRATOŞTITA - CORP 2",219,"ORAŞ FILIAŞI",70414,1,PROV,PRCNCT,CD,CD_SV,"2021-01-21 12:30:02",781,774,7,0,220,213,7,0,900,680,205,6,9,14,2,7,88,58,1,0,1,0,0,0,1,1,26,0,0,1,0,0,0,1,1,0,1,0,0,0,0,0,0,0,2
17,DOLJ,"ŞCOALA RĂCARII DE SUS",220,"ORAŞ FILIAŞI",70414,1,PROV,PRCNCT,CD,CD_SV,"2021-01-21 12:30:02",966,946,20,0,371,351,20,0,1000,629,356,8,7,30,12,23,243,16,1,1,1,4,0,0,6,3,14,0,0,0,0,0,0,0,0,0,0,0,0,1,0,0,0,0,1
17,DOLJ,"LICEUL TEHNOLOGIC HORIA VINTILĂ",221,"ORAŞ ŞEGARCEA",70502,1,PROV,PRCNCT,CD,CD_SV,"2021-01-21 12:30:02",1705,1633,70,2,629,557,70,2,1700,1071,619,8,2,100,69,25,368,10,0,0,2,2,1,1,3,4,31,0,0,0,0,0,0,0,0,0,0,0,0,1,0,0,0,0,2
17,DOLJ,"SCOALA CU CLASELE I-VIII",222,"ORAŞ ŞEGARCEA",70502,2,PART,PRCNCT,CD,CD_SV,"2021-01-21 12:30:02",1485,1458,27,0,382,355,27,0,1500,1118,354,16,12,60,42,7,200,1,4,0,4,0,1,0,1,2,27,1,0,2,0,0,0,0,0,0,0,0,0,0,0,0,2,0,0
17,DOLJ,"BIBLIOTECA ORĂŞENEASCĂ MIRCEA RĂDINA",223,"ORAŞ ŞEGARCEA",70502,2,PART,PRCNCT,CD,CD_SV,"2021-01-21 12:30:02",1611,1559,46,6,613,561,46,6,1600,987,598,8,7,136,90,20,285,8,0,1,4,4,6,1,1,4,31,0,0,0,1,1,1,1,1,0,1,0,0,1,0,0,0,0,0
17,DOLJ,"CLUBUL COPIILOR",224,"ORAŞ ŞEGARCEA",70502,2,PART,PRCNCT,CD,CD_SV,"2021-01-21 12:30:02",1692,1653,38,1,566,527,38,1,1700,1134,548,8,10,91,65,23,328,10,2,0,2,0,0,0,2,2,20,0,0,0,0,0,0,0,0,0,0,0,0,0,0,0,0,0,3
17,DOLJ,"CONSILIUL LOCAL AFUMATI",225,AFUMAŢI,70520,1,PROV,PRCNCT,CD,CD_SV,"2021-01-21 12:30:02",939,892,45,2,331,284,45,2,1000,669,326,3,2,152,13,5,116,15,0,0,1,2,0,2,0,2,15,0,0,0,0,1,0,1,0,0,0,0,0,1,0,0,0,0,0
17,DOLJ,"CAMINUL CULTURAL BOURENI",226,AFUMAŢI,70520,1,PROV,PRCNCT,CD,CD_SV,"2021-01-21 12:30:02",858,806,52,0,298,246,52,0,900,602,285,9,4,59,23,14,152,16,1,1,1,1,1,0,0,1,14,0,0,0,0,0,0,0,0,0,0,0,0,0,0,0,0,0,1
17,DOLJ,"CAMINUL CULTURAL COVEI",227,AFUMAŢI,70520,1,PROV,PRCNCT,CD,CD_SV,"2021-01-21 12:30:02",411,385,26,0,156,130,26,0,500,344,150,2,4,42,6,4,83,3,1,0,1,1,1,1,0,0,4,0,0,0,0,0,0,0,0,0,0,1,0,0,0,0,0,0,2
17,DOLJ,"ŞCOALA GIMNAZIALĂ ”ION GHE. PLEŞA”",228,ALMĂJ,70566,2,PART,PRCNCT,CD,CD_SV,"2021-01-21 12:30:02",1189,1058,128,3,552,421,128,3,1200,648,544,6,2,180,6,47,246,11,2,1,3,2,1,0,1,1,22,0,0,0,0,0,0,0,0,0,0,0,0,18,0,0,1,0,2
17,DOLJ,"ŞCOALA PRIMARĂ ŞITOAIA",229,ALMĂJ,70566,1,PROV,PRCNCT,CD,CD_SV,"2021-01-21 12:30:02",575,513,62,0,300,238,62,0,600,300,290,6,4,61,4,43,129,18,1,1,3,2,0,1,1,2,12,0,0,0,0,0,0,1,0,0,0,0,0,11,0,0,0,0,0
17,DOLJ,"CĂMINUL CULTURAL",230,"AMĂRĂŞTII DE JOS",70637,1,PROV,PRCNCT,CD,CD_SV,"2021-01-21 12:30:02",1227,1128,62,37,521,422,62,37,1200,679,505,12,4,126,12,21,305,4,1,1,1,1,0,2,1,0,6,17,0,4,0,0,1,0,1,0,0,0,0,0,0,0,1,0,0
17,DOLJ,"GRADINITA TOSCA",231,"AMĂRĂŞTII DE JOS",70637,1,PROV,PRCNCT,CD,CD_SV,"2021-01-21 12:30:02",1030,991,28,11,361,322,28,11,1100,739,347,3,11,47,4,10,228,5,4,1,0,0,1,0,1,3,11,29,0,0,1,0,0,0,1,0,0,0,0,0,0,0,0,0,1
17,DOLJ,"GRĂDINIŢA PRAPOR",232,"AMĂRĂŞTII DE JOS",70637,2,PART,PRCNCT,CD,CD_SV,"2021-01-21 12:30:02",1110,1082,21,7,484,456,21,7,1200,716,463,11,10,52,53,7,254,8,3,4,1,4,3,0,0,5,24,32,0,1,1,0,0,1,2,1,0,0,0,0,0,0,4,1,2
17,DOLJ,"GRADINITA OCOLNA",233,"AMĂRĂŞTII DE JOS",70637,1,PROV,PRCNCT,CD,CD_SV,"2021-01-21 12:30:02",1022,1005,17,0,416,399,17,0,1100,684,333,59,24,35,2,1,118,2,7,0,7,2,1,0,0,0,3,2,2,139,0,0,5,2,0,0,0,0,3,0,0,0,0,0,2
17,DOLJ,"CĂMINUL CULTURAL",234,"AMĂRĂŞTII DE SUS",70673,1,PROV,PRCNCT,CD,CD_SV,"2021-01-21 12:30:02",1463,1299,111,53,866,702,111,53,1500,634,831,18,17,147,67,18,552,8,3,2,2,4,0,1,2,3,19,1,0,0,0,0,0,0,0,0,0,0,0,0,0,0,0,0,2
17,DOLJ,"GRĂDINITA CU PROGRAM NORMAL APELE VII",235,"APELE VII",70726,1,PROV,PRCNCT,CD,CD_SV,"2021-01-21 12:30:02",1882,1666,158,58,953,737,158,58,1900,947,923,29,1,472,15,22,296,40,3,2,1,9,5,0,0,13,38,1,0,1,0,0,0,0,1,0,0,0,0,1,0,0,1,0,2
17,DOLJ,"ȘCOALA PROFESIONALĂ C-TIN ARGETOAIANU",236,ARGETOAIA,70744,1,PROV,PRCNCT,CD,CD_SV,"2021-01-21 12:30:02",1142,1113,29,0,432,403,29,0,1200,768,416,8,8,153,10,3,194,13,0,0,1,4,0,0,1,7,23,1,0,2,0,0,0,0,0,0,0,0,0,4,0,0,0,0,0
17,DOLJ,"ȘCOALA PROFESIONALĂ C-TIN ARGETOAIANU",237,ARGETOAIA,70744,1,PROV,PRCNCT,CD,CD_SV,"2021-01-21 12:30:02",719,686,33,0,317,284,33,0,800,483,304,1,12,67,2,9,180,6,2,1,0,6,0,1,1,1,26,0,0,0,0,0,0,0,0,0,0,0,0,1,0,0,0,0,1
17,DOLJ,"ȘCOALA. GIMNAZIALĂ SALCIA",238,ARGETOAIA,70744,2,PART,PRCNCT,CD,CD_SV,"2021-01-21 12:30:02",1054,948,90,16,626,520,90,16,1100,474,607,11,8,122,3,11,400,10,3,1,1,0,2,1,1,6,44,0,0,0,0,0,0,0,0,0,0,0,0,1,0,0,1,0,0
17,DOLJ,"ȘCOALA. PRIMARĂ PIRIA",239,ARGETOAIA,70744,1,PROV,PRCNCT,CD,CD_SV,"2021-01-21 12:30:02",304,293,11,0,120,109,11,0,400,280,113,4,3,25,19,1,62,1,0,1,0,2,0,1,0,0,0,0,0,0,0,0,0,0,0,0,0,0,0,1,0,0,0,0,0
17,DOLJ,"ȘCOALA. PRIMARĂ LEORDOASA",240,ARGETOAIA,70744,1,PROV,PRCNCT,CD,CD_SV,"2021-01-21 12:30:02",411,389,22,0,153,131,22,0,500,347,149,3,1,45,8,5,70,2,2,0,0,0,1,0,0,1,14,1,0,0,0,0,0,0,0,0,0,0,0,0,0,0,0,0,0
17,DOLJ,"GRĂDINIȚA CU PROGRAM NORMAL NOVACU",241,ARGETOAIA,70744,1,PROV,PRCNCT,CD,CD_SV,"2021-01-21 12:30:02",254,226,28,0,158,130,28,0,400,242,156,1,1,64,4,4,62,7,1,0,0,0,0,2,2,1,7,0,0,0,0,0,0,0,0,0,0,0,1,1,0,0,0,0,0
17,DOLJ,"CAMINUL CULTURAL",242,BÂRCA,70940,1,PROV,PRCNCT,CD,CD_SV,"2021-01-21 12:30:02",1717,1652,65,0,496,431,65,0,1800,1304,463,22,11,82,9,16,232,60,3,0,5,1,1,0,0,5,19,0,0,26,0,0,2,0,0,0,1,0,0,0,0,0,0,0,1
17,DOLJ,"GRADINITA DE COPII",243,BÂRCA,70940,1,PROV,PRCNCT,CD,CD_SV,"2021-01-21 12:30:02",1505,1472,33,0,442,409,33,0,1600,1158,413,16,13,54,5,7,269,26,0,1,7,5,4,0,1,6,12,0,1,11,0,0,0,0,0,0,0,0,0,1,0,0,0,1,2
17,DOLJ,"CĂMINUL CULTURAL BISTREȚ",244,BISTREŢ,70897,1,PROV,PRCNCT,CD,CD_SV,"2021-01-21 12:30:02",1085,1036,49,0,510,461,49,0,1200,690,482,16,12,49,23,7,340,16,2,1,4,2,2,0,0,3,28,0,0,0,0,0,1,0,0,0,0,0,0,0,1,0,0,0,3
17,DOLJ,"ȘCOALA GIMNAZIALĂ BISTREȚ",245,BISTREŢ,70897,1,PROV,PRCNCT,CD,CD_SV,"2021-01-21 12:30:02",847,802,45,0,408,363,45,0,900,492,389,6,13,55,24,5,252,6,1,2,3,4,0,0,0,2,27,1,0,0,0,0,0,0,0,0,2,0,0,0,0,0,1,2,2
17,DOLJ,"GRĂDINIȚA BISTRETU NOU",246,BISTREŢ,70897,1,PROV,PRCNCT,CD,CD_SV,"2021-01-21 12:30:02",647,618,29,0,246,217,29,0,700,454,233,10,3,18,13,6,164,3,1,1,1,3,0,0,2,2,15,0,0,0,0,0,1,0,0,0,1,0,0,2,0,0,0,0,0
17,DOLJ,"ȘCOALA PRIMARĂ PLOSCA",247,BISTREŢ,70897,1,PROV,PRCNCT,CD,CD_SV,"2021-01-21 12:30:02",768,708,51,9,360,300,51,9,800,440,340,11,9,25,19,12,228,3,1,0,1,0,1,1,3,6,31,0,0,0,0,0,0,1,2,0,0,0,0,4,0,0,2,0,0
17,DOLJ,"CĂMINUL CULTURAL",248,BOTOŞEŞTI-PAIA,70968,1,PROV,PRCNCT,CD,CD_SV,"2021-01-21 12:30:02",671,550,91,30,449,328,91,30,800,351,427,10,12,212,0,6,152,42,1,1,0,5,0,1,1,0,3,0,2,0,0,0,0,0,0,0,0,0,0,0,0,0,0,0,1
17,DOLJ,"CĂMINUL CULTURAL BRABOVA",249,BRABOVA,70986,1,PROV,PRCNCT,CD,CD_SV,"2021-01-21 12:30:02",537,444,81,12,260,167,81,12,500,240,258,1,1,51,8,3,176,3,1,1,2,5,1,0,0,1,3,0,0,0,0,0,0,1,0,0,0,1,0,0,0,0,0,0,1
17,DOLJ,"CĂMINUL CULTURAL URDINIȚA",250,BRABOVA,70986,1,PROV,PRCNCT,CD,CD_SV,"2021-01-21 12:30:02",266,231,35,0,125,90,35,0,400,275,109,5,11,16,34,1,49,0,0,0,0,0,0,0,2,2,2,0,0,0,0,0,0,0,0,0,0,0,0,0,0,0,1,0,2
17,DOLJ,"CĂMINUL CULTURAL RĂCHITA DE JOS",251,BRABOVA,70986,2,PART,PRCNCT,CD,CD_SV,"2021-01-21 12:30:02",290,221,64,5,193,124,64,5,300,107,189,0,4,48,20,3,101,2,1,0,1,3,1,0,0,4,3,0,0,0,0,0,0,0,0,0,0,0,0,2,0,0,0,0,0
17,DOLJ,"ȘCOALA CU CLASELE I-IV MOSNA",252,BRABOVA,70986,2,PART,PRCNCT,CD,CD_SV,"2021-01-21 12:30:02",161,128,28,5,91,58,28,5,300,209,90,0,1,25,5,5,50,1,0,0,1,2,0,0,0,0,0,0,0,0,0,0,0,0,0,0,0,0,0,1,0,0,0,0,0
17,DOLJ,"SALA DE SEDINȚE A CONSILIULUI LOCAL BRALOȘTIȚA",253,BRALOŞTIŢA,71126,1,PROV,PRCNCT,CD,CD_SV,"2021-01-21 12:30:02",698,626,72,0,320,248,72,0,700,380,309,3,8,99,38,13,98,12,0,1,0,1,0,0,4,4,33,2,0,1,0,0,0,0,0,0,0,0,0,0,0,0,1,0,2
17,DOLJ,"SCOALA DIN SATUL SFIRCEA",254,BRALOŞTIŢA,71126,1,PROV,PRCNCT,CD,CD_SV,"2021-01-21 12:30:02",901,828,69,4,414,341,69,4,900,486,406,4,4,127,22,14,125,47,2,2,1,2,1,3,0,1,56,0,0,0,0,0,0,0,0,0,0,0,0,0,0,0,1,0,2
17,DOLJ,"ŞCOALA DIN SATUL VALEA FÎNTÎNILOR",255,BRALOŞTIŢA,71126,1,PROV,PRCNCT,CD,CD_SV,"2021-01-21 12:30:02",560,521,39,0,264,225,39,0,600,336,257,3,4,165,7,5,52,6,0,0,0,3,1,1,1,0,11,0,0,0,0,0,0,0,0,0,1,0,0,3,0,0,0,0,1
17,DOLJ,"ŞCOALA DIN SATUL CIOCANE",256,BRALOŞTIŢA,71126,2,PART,PRCNCT,CD,CD_SV,"2021-01-21 12:30:02",681,656,25,0,281,256,25,0,800,519,270,7,4,116,18,6,78,10,0,1,1,3,1,3,2,5,19,0,1,1,0,0,0,1,0,0,0,0,0,2,0,0,2,0,0
17,DOLJ,"ŞCOALA DIN SATUL SCHITU",257,BRALOŞTIŢA,71126,1,PROV,PRCNCT,CD,CD_SV,"2021-01-21 12:30:02",424,392,32,0,185,153,32,0,500,315,184,0,1,79,5,8,61,7,0,0,1,1,0,0,0,2,19,0,0,0,0,0,0,0,0,0,1,0,0,0,0,0,0,0,0
17,DOLJ,"ȘCOALA PRIMARĂ BĂDOȘI",258,BRATOVOEŞTI,71199,1,PROV,PRCNCT,CD,CD_SV,"2021-01-21 12:30:02",741,709,32,0,247,215,32,0,800,553,239,6,2,34,18,7,143,8,2,3,1,1,1,0,0,3,16,0,0,1,0,0,0,0,1,0,0,0,0,0,0,0,0,0,0
17,DOLJ,"ȘCOALA PRIMARĂ PRUNET",259,BRATOVOEŞTI,71199,1,PROV,PRCNCT,CD,CD_SV,"2021-01-21 12:30:02",523,487,36,0,208,172,36,0,600,392,199,5,4,34,3,4,133,9,1,0,0,5,0,0,1,2,3,0,0,0,1,0,0,0,0,0,0,0,0,0,0,0,0,0,3
17,DOLJ,"CĂMIN CULTURAL",260,BRATOVOEŞTI,71199,1,PROV,PRCNCT,CD,CD_SV,"2021-01-21 12:30:02",1143,1117,26,0,428,402,26,0,1200,772,408,13,7,46,8,9,297,6,1,0,0,2,1,1,4,8,19,0,0,0,0,0,0,1,0,0,0,0,1,4,0,0,0,0,0
17,DOLJ,"ȘCOALA PRIMARĂ GEOROCU MARE",261,BRATOVOEŞTI,71199,1,PROV,PRCNCT,CD,CD_SV,"2021-01-21 12:30:02",399,381,18,0,142,124,18,0,500,358,133,4,5,26,1,2,62,1,2,0,0,1,1,2,0,2,31,0,0,0,0,0,0,0,0,0,0,0,0,2,0,0,0,0,0
17,DOLJ,"ŞCOALA GIMNAZIALĂ ”IOAN GRECESCU ” BRĂDEŞTI",262,BRĂDEŞTI,71055,1,PROV,PRCNCT,CD,CD_SV,"2021-01-21 12:30:02",1667,1582,85,0,538,453,85,0,1700,1162,522,16,0,136,36,47,214,30,1,1,2,2,1,2,0,0,38,1,0,0,0,2,0,1,0,1,0,0,1,6,0,0,0,0,0
17,DOLJ,"GRĂDINIŢA CU PROGRAM NORMAL BRĂDEŞTII BĂTRÂNI",263,BRĂDEŞTI,71055,2,PART,PRCNCT,CD,CD_SV,"2021-01-21 12:30:02",350,320,30,0,148,118,30,0,500,352,140,4,4,37,5,4,70,11,0,0,1,1,1,0,2,0,7,0,0,0,0,0,0,0,0,0,0,0,0,1,0,0,0,0,0
17,DOLJ,"GRĂDINIȚA CU PROGRAM PRELUNGIT ” DUMITRU CONSTANTINESCU ” TATOMIREŞTI",264,BRĂDEŞTI,71055,1,PROV,PRCNCT,CD,CD_SV,"2021-01-21 12:30:02",837,824,13,0,330,317,13,0,1000,670,319,7,4,55,9,21,178,10,1,1,2,8,1,1,1,5,22,0,0,0,0,0,1,0,0,0,0,0,0,0,0,1,0,1,1
17,DOLJ,"GRĂDINIŢA CU PROGRAM NORMAL ” CURCUBEUL ” RĂCARI",265,BRĂDEŞTI,71055,1,PROV,PRCNCT,CD,CD_SV,"2021-01-21 12:30:02",991,949,42,0,390,348,42,0,1100,710,383,1,6,79,10,15,170,42,4,2,1,2,2,1,0,3,50,0,0,0,1,0,0,0,0,1,0,0,0,0,0,0,0,0,0
17,DOLJ,"SCOALA GENERALA PISCANI",266,BRĂDEŞTI,71055,1,PROV,PRCNCT,CD,CD_SV,"2021-01-21 12:30:02",80,68,12,0,31,19,12,0,200,169,31,0,0,8,1,1,7,2,2,7,0,2,1,0,0,0,0,0,0,0,0,0,0,0,0,0,0,0,0,0,0,0,0,0,0
17,DOLJ,"ŞCOALA BREASTA",267,BREASTA,71260,1,PROV,PRCNCT,CD,CD_SV,"2021-01-21 12:30:02",1316,1220,96,0,517,421,96,0,1300,783,507,5,5,87,9,25,340,4,0,0,1,5,1,0,3,9,20,0,0,1,0,0,0,0,0,0,0,0,0,0,0,1,0,0,1
17,DOLJ,"ŞCOALA BREASTA",268,BREASTA,71260,1,PROV,PRCNCT,CD,CD_SV,"2021-01-21 12:30:02",1079,960,119,0,516,397,119,0,1100,584,501,6,9,90,6,27,328,8,4,0,1,4,1,0,0,6,24,0,0,0,1,0,0,0,0,0,1,0,0,0,0,0,0,0,0
17,DOLJ,"ŞCOALA VALEA LUNGULUI",269,BREASTA,71260,1,PROV,PRCNCT,CD,CD_SV,"2021-01-21 12:30:02",615,571,44,0,328,284,44,0,700,372,319,2,7,17,7,9,258,4,1,0,2,3,1,3,1,2,9,0,0,1,0,0,0,0,0,0,0,0,0,0,0,0,0,0,1
17,DOLJ,"ŞCOALA OBEDIN",270,BREASTA,71260,1,PROV,PRCNCT,CD,CD_SV,"2021-01-21 12:30:02",610,567,43,0,252,209,43,0,700,448,246,3,3,55,2,4,146,3,0,0,2,5,2,0,2,2,15,1,0,0,0,0,0,1,0,0,0,0,0,0,0,0,0,0,6
17,DOLJ,"SCOALA GENERALA CU CLASELE L-VLLL BUCOVAT",271,BUCOVĂŢ,69964,1,PROV,PRCNCT,CD,CD_SV,"2021-01-21 12:30:02",1857,1640,212,5,846,629,212,5,1800,954,831,8,7,370,14,62,250,31,1,0,10,5,5,3,4,8,60,0,0,0,0,0,0,0,1,0,0,0,1,4,0,0,0,0,2
17,DOLJ,"SCOALA GENERALA CU CLASELE L-LV LEAMNA DE JOS",272,BUCOVĂŢ,69964,1,PROV,PRCNCT,CD,CD_SV,"2021-01-21 12:30:02",364,300,64,0,207,143,64,0,400,193,205,0,2,73,8,15,66,5,0,3,3,1,0,1,0,1,24,3,0,0,0,0,0,0,0,0,0,0,0,0,0,0,1,0,1
17,DOLJ,"SCOALA GENERALA CU CLASELE L-LV LEAMNA DE SUS",273,BUCOVĂŢ,69964,1,PROV,PRCNCT,CD,CD_SV,"2021-01-21 12:30:02",410,327,55,28,213,130,55,28,500,287,209,3,1,101,4,11,61,3,0,2,4,2,2,1,0,6,11,0,0,0,0,0,0,0,0,0,0,0,0,1,0,0,0,0,0
17,DOLJ,"SCOALA GENERALA CU CLASELE L-VLLL SARBATOAREA",274,BUCOVĂŢ,69964,1,PROV,PRCNCT,CD,CD_SV,"2021-01-21 12:30:02",671,615,56,0,272,216,56,0,700,428,260,12,0,83,8,15,102,8,0,0,2,4,1,1,3,3,23,0,0,0,0,0,0,0,1,0,1,0,0,2,0,1,0,0,2
17,DOLJ,"SCOALA GENERALA CU CLASELE L-VLLL PALILULA",275,BUCOVĂŢ,69964,1,PROV,PRCNCT,CD,CD_SV,"2021-01-21 12:30:02",682,633,49,0,275,226,49,0,800,525,267,6,2,146,3,6,71,7,0,0,0,3,0,0,1,3,21,0,0,1,0,0,0,0,1,0,1,0,1,1,0,0,0,0,1
17,DOLJ,"CĂMINUL CULTURAL",276,BULZEŞTI,71340,1,PROV,PRCNCT,CD,CD_SV,"2021-01-21 12:30:02",686,608,64,14,264,186,64,14,700,436,254,5,5,99,11,8,86,13,0,1,3,4,2,1,1,4,20,0,1,0,0,0,0,0,0,0,0,0,0,0,0,0,0,0,0
17,DOLJ,"PUNCT INFORMARE, PRIMĂRIA BULZEŞTI",277,BULZEŞTI,71340,1,PROV,PRCNCT,CD,CD_SV,"2021-01-21 12:30:02",554,496,41,17,239,181,41,17,600,361,230,4,5,95,6,5,90,10,0,0,0,8,1,1,2,1,9,1,1,0,0,0,0,0,0,0,0,0,0,0,0,0,0,0,0
17,DOLJ,"ȘCOALA CU CLS.I-VIII CALOPĂR",278,CALOPĂR,71457,1,PROV,PRCNCT,CD,CD_SV,"2021-01-21 12:30:02",1234,1115,119,0,540,421,119,0,1300,760,525,7,8,260,113,9,111,3,1,0,3,4,3,2,1,4,8,0,0,0,0,0,1,0,1,0,0,0,0,0,0,0,0,0,1
17,DOLJ,"ȘCOALA CU CLS I-VIII BELCINU",279,CALOPĂR,71457,4,PART,PRCNCT,CD,CD_SV,"2021-01-21 12:30:02",463,408,55,0,217,162,55,0,500,283,196,13,8,67,22,2,77,3,0,0,3,6,0,3,1,4,6,1,0,0,0,0,0,1,0,0,0,0,0,0,0,0,0,0,0
17,DOLJ,"ȘCOALA CU CLS I-IV PANAGHIA",280,CALOPĂR,71457,1,PROV,PRCNCT,CD,CD_SV,"2021-01-21 12:30:02",668,557,104,7,360,249,104,7,700,340,352,5,3,206,8,7,107,0,1,0,2,4,1,5,3,2,1,0,0,2,0,0,0,0,0,0,1,0,0,0,0,0,0,1,1
17,DOLJ,"CĂMIN CULTURAL SĂLCUȚA",281,CALOPĂR,71457,1,PROV,PRCNCT,CD,CD_SV,"2021-01-21 12:30:02",957,895,62,0,348,286,62,0,1000,652,335,6,7,187,5,2,112,0,0,1,1,4,1,2,1,5,10,1,0,1,0,0,0,0,0,0,1,0,0,0,0,0,0,0,1
17,DOLJ,"CĂMINUL CULTURAL",282,CARAULA,71518,4,PART,PRCNCT,CD,CD_SV,"2021-01-21 12:30:02",1060,947,76,37,553,440,76,37,1100,547,527,13,10,53,7,17,379,17,3,0,2,3,0,0,3,8,25,0,0,1,0,0,0,0,0,0,0,0,0,4,0,0,2,1,2
17,DOLJ,"CENTRUL SOCIAL CARAULA",283,CARAULA,71518,3,PART,PRCNCT,CD,CD_SV,"2021-01-21 12:30:02",1023,972,34,17,476,425,34,17,1100,624,421,55,0,33,2,10,310,13,1,0,2,6,0,0,4,4,21,0,0,6,0,0,1,0,0,0,0,0,0,7,0,0,1,0,0
17,DOLJ,"CĂMINUL CULTURAL CARPEN",284,CARPEN,71536,1,PROV,PRCNCT,CD,CD_SV,"2021-01-21 12:30:02",786,758,28,0,257,229,28,0,900,643,244,4,9,44,1,5,158,2,1,0,1,10,1,1,5,5,6,0,0,1,0,1,0,0,0,0,1,1,0,0,0,0,0,0,0
17,DOLJ,"CĂMINUL CULTURAL CLEANOV",285,CARPEN,71536,1,PROV,PRCNCT,CD,CD_SV,"2021-01-21 12:30:02",1093,1058,35,0,314,279,35,0,1200,886,303,5,6,73,7,17,180,7,0,0,1,5,0,1,1,5,4,0,0,0,0,0,0,1,0,0,0,0,0,1,0,0,0,0,0
17,DOLJ,"CAMINUL CULTURAL",286,CASTRANOVA,71572,1,PROV,PRCNCT,CD,CD_SV,"2021-01-21 12:30:02",1606,1457,108,41,786,638,108,40,1600,814,762,9,15,527,13,15,148,4,3,0,0,6,1,2,0,4,31,0,2,0,0,0,0,0,0,0,0,0,0,4,0,1,0,1,0
17,DOLJ,"ŞCOALA PUŢURI",287,CASTRANOVA,71572,1,PROV,PRCNCT,CD,CD_SV,"2021-01-21 12:30:02",1217,1081,81,55,573,437,81,55,1200,627,568,0,5,433,10,7,81,5,0,0,1,7,1,0,2,2,14,0,1,0,0,0,0,1,0,0,0,0,0,1,0,0,0,0,2
17,DOLJ,"SCOALA GIMNAZIALA CATANE",288,CATANE,74842,2,PART,PRCNCT,CD,CD_SV,"2021-01-21 12:30:02",1511,1395,36,80,601,485,36,80,1600,999,557,21,23,116,5,8,370,16,3,0,0,5,1,0,1,3,11,1,0,5,0,0,1,2,0,0,2,2,0,0,0,0,2,0,3
17,DOLJ,"CĂMINUL CULTURAL",289,CĂLĂRAŞI,71607,1,PROV,PRCNCT,CD,CD_SV,"2021-01-21 12:30:02",1510,1462,39,9,631,583,39,9,1600,969,618,4,9,363,10,19,144,6,0,0,4,7,0,2,2,3,44,0,1,2,0,0,0,1,1,0,1,0,0,3,0,0,2,1,2
17,DOLJ,"ŞCOALA GIMNAZIALĂ NR. 1 CĂLĂRAŞI",290,CĂLĂRAŞI,71607,1,PROV,PRCNCT,CD,CD_SV,"2021-01-21 12:30:02",1740,1690,49,1,713,663,49,1,1800,1087,687,16,10,415,13,15,176,10,2,0,2,3,3,4,1,2,35,0,0,0,0,0,0,0,0,0,1,0,0,3,0,0,0,1,1
17,DOLJ,"ŞCOALA GIMNAZIALĂ SĂRATA",291,CĂLĂRAŞI,71607,1,PROV,PRCNCT,CD,CD_SV,"2021-01-21 12:30:02",1679,1637,33,9,705,663,33,9,1800,1095,667,26,12,330,14,15,178,11,1,0,3,3,2,3,2,5,92,1,0,0,0,0,0,0,0,0,1,0,0,1,0,0,0,1,4
17,DOLJ,"CENTRUL CULTURAL",292,CÂRCEA,74859,1,PROV,PRCNCT,CD,CD_SV,"2021-01-21 12:30:02",1850,1598,204,48,888,636,204,48,1800,912,870,9,9,175,15,120,469,20,2,0,4,3,5,0,0,6,36,0,1,0,0,0,1,2,0,0,3,0,0,2,0,0,0,0,6
17,DOLJ,"LICEUL TEHNOLOGIC ”CONSTANTIN IANCULESCU”",293,CÂRCEA,74859,2,PART,PRCNCT,CD,CD_SV,"2021-01-21 12:30:02",992,885,93,14,453,346,93,14,1100,647,448,2,3,102,21,108,179,11,0,1,5,3,2,0,1,1,11,0,1,0,0,0,0,0,0,0,1,0,0,1,0,0,0,0,0
17,DOLJ,"SCOALA CU CLS. I-VIII CÂRNA",294,CÂRNA,74867,1,PROV,PRCNCT,CD,CD_SV,"2021-01-21 12:30:02",1265,1068,170,27,717,520,170,27,1300,583,689,9,19,221,9,13,414,8,2,1,0,1,0,2,0,5,8,0,0,0,1,0,0,0,0,0,2,0,0,0,0,0,0,0,2
17,DOLJ,"SCOALA NOUA CELARU",295,CELARU,71634,1,PROV,PRCNCT,CD,CD_SV,"2021-01-21 12:30:02",1523,1448,73,2,598,523,73,2,1600,1002,585,7,6,172,34,12,271,48,1,1,2,8,0,0,1,5,24,1,0,1,0,0,0,0,0,0,0,0,0,2,0,0,2,0,0
17,DOLJ,"CAMIN CULTURAL MAROTINU DE JOS",296,CELARU,71634,1,PROV,PRCNCT,CD,CD_SV,"2021-01-21 12:30:02",472,448,24,0,174,150,24,0,600,426,165,4,5,32,7,7,82,17,0,1,0,0,1,0,3,0,13,0,0,0,0,0,0,0,0,1,0,0,0,0,0,0,0,1,0
17,DOLJ,"CAMIN CULTURAL GHIZDAVESTI",297,CELARU,71634,2,PART,PRCNCT,CD,CD_SV,"2021-01-21 12:30:02",1256,1204,50,2,428,376,50,2,1400,972,407,11,10,78,13,10,232,25,7,0,0,0,0,0,3,4,23,2,0,0,0,0,0,0,0,0,0,0,0,10,0,0,0,0,0
17,DOLJ,"CAMIN CULTURAL MAROTINU DE SUS",298,CELARU,71634,1,PROV,PRCNCT,CD,CD_SV,"2021-01-21 12:30:02",487,455,32,0,186,154,32,0,600,414,176,7,3,62,10,2,64,15,0,0,1,0,0,0,6,1,13,0,0,0,0,0,0,0,0,0,1,0,0,1,0,0,0,0,0
17,DOLJ,"CAMINUL CULTURAL CERAT",299,CERĂT,71698,1,PROV,PRCNCT,CD,CD_SV,"2021-01-21 12:30:02",2035,1976,59,0,664,605,59,0,2100,1436,615,21,28,69,21,10,433,6,2,0,5,7,0,0,3,5,41,1,1,3,0,0,1,2,2,0,1,0,0,0,0,0,1,1,0
17,DOLJ,"SCOALA GIMNAZIALA CERĂT - LOCALUL NR. 3",300,CERĂT,71698,1,PROV,PRCNCT,CD,CD_SV,"2021-01-21 12:30:02",1251,1230,21,0,268,247,21,0,1400,1132,244,11,13,39,5,2,175,1,2,0,0,0,0,0,0,2,12,0,0,3,0,0,0,0,0,0,1,0,0,0,0,0,0,1,1
17,DOLJ,"CENTRUL AFTER SCHOOL CERNĂTEȘTI",301,CERNĂTEŞTI,71723,1,PROV,PRCNCT,CD,CD_SV,"2021-01-21 12:30:02",420,373,47,0,217,170,47,0,500,283,199,5,13,45,4,5,121,5,0,1,0,4,1,0,1,0,10,0,0,0,0,0,0,0,0,0,0,0,0,2,0,0,0,0,0
17,DOLJ,"CĂMINUL CULTURAL ȚIU",302,CERNĂTEŞTI,71723,1,PROV,PRCNCT,CD,CD_SV,"2021-01-21 12:30:02",392,363,29,0,195,166,29,0,500,305,187,2,6,41,4,6,104,17,0,0,0,2,1,1,0,2,3,0,0,0,0,0,0,1,0,0,0,0,0,5,0,0,0,0,0
17,DOLJ,"ŞCOALA GENERALĂ",303,CERNĂTEŞTI,71723,1,PROV,PRCNCT,CD,CD_SV,"2021-01-21 12:30:02",248,233,15,0,102,87,15,0,400,298,99,2,1,13,3,3,70,2,0,0,3,1,1,0,0,0,1,0,0,0,0,0,0,0,0,0,0,0,0,2,0,0,0,0,0
17,DOLJ,"ŞCOALA GENERALĂ",304,CERNĂTEŞTI,71723,1,PROV,PRCNCT,CD,CD_SV,"2021-01-21 12:30:02",440,415,25,0,187,162,25,0,600,413,184,2,1,26,3,9,114,9,1,0,0,1,1,0,1,4,12,0,0,0,0,0,0,0,0,0,0,0,1,1,0,0,0,0,1
17,DOLJ,"SCOALA CU CLS. I-IV CETATE",305,CETATE,71787,1,PROV,PRCNCT,CD,CD_SV,"2021-01-21 12:30:02",1676,1640,19,17,568,532,19,17,1800,1232,558,10,0,263,5,3,240,43,1,0,0,0,3,0,0,0,0,0,0,0,0,0,0,0,0,0,0,0,0,0,0,0,0,0,0
17,DOLJ,"CĂMINUL CULTURAL CETATE",306,CETATE,71787,2,PART,PRCNCT,CD,CD_SV,"2021-01-21 12:30:02",1511,1432,26,53,470,391,26,53,1500,1030,461,6,3,196,10,14,165,40,2,0,5,6,5,0,0,0,6,0,0,12,0,0,0,0,0,0,0,0,0,0,0,0,0,0,0
17,DOLJ,"SCOALA CU CLS. I-VIII F-B",307,CETATE,71787,1,PROV,PRCNCT,CD,CD_SV,"2021-01-21 12:30:02",776,743,16,17,271,238,16,17,900,629,261,8,2,108,6,13,91,13,2,0,1,1,1,0,1,1,21,0,0,0,0,0,0,0,0,0,0,0,0,0,0,0,0,1,1
17,DOLJ,"SCOALA CU CLS. I-IV MORENI",308,CETATE,71787,1,PROV,PRCNCT,CD,CD_SV,"2021-01-21 12:30:02",434,409,10,15,175,150,10,15,600,425,170,5,0,85,7,7,52,4,1,1,0,0,0,0,0,0,11,0,0,0,0,0,0,0,0,0,0,0,0,0,0,0,1,0,1
17,DOLJ,"ȘCOALA CU CLASELE I-VIII CIOROIAȘI",309,CIOROIAŞI,71812,1,PROV,PRCNCT,CD,CD_SV,"2021-01-21 12:30:02",856,800,55,1,271,215,55,1,900,629,266,1,4,59,10,5,168,4,1,0,2,0,1,0,0,2,10,1,0,0,0,0,0,0,1,0,0,0,0,0,0,0,0,0,2
17,DOLJ,"ȘCOALA CU CLASELE I-IV CIOROIU NOU",310,CIOROIAŞI,71812,1,PROV,PRCNCT,CD,CD_SV,"2021-01-21 12:30:02",449,405,38,6,182,138,38,6,600,418,180,0,2,23,1,8,115,8,3,0,0,2,1,0,1,0,14,0,0,0,0,0,0,0,0,0,1,0,0,1,0,0,1,0,1
17,DOLJ,"ȘCOALA GIMNAZIALĂ ”NICOLAE CARAȘ ”",311,"CIUPERCENII NOI",71858,2,PART,PRCNCT,CD,CD_SV,"2021-01-21 12:30:02",1543,1508,20,15,512,477,20,15,1600,1088,494,12,6,60,6,30,332,8,2,0,2,6,1,0,4,1,36,0,0,0,0,0,0,0,0,0,0,0,0,5,0,0,1,0,0
17,DOLJ,"SCOALA GENERALA CIUPERCENII NOI",312,"CIUPERCENII NOI",71858,2,PART,PRCNCT,CD,CD_SV,"2021-01-21 12:30:02",1875,1825,23,27,629,579,23,27,1900,1271,623,2,4,63,13,48,435,19,0,1,0,3,0,0,1,6,25,0,1,0,0,1,0,0,0,0,0,0,0,5,0,0,1,0,1
17,DOLJ,"SCOALA GENERALA SMÎRDAN",313,"CIUPERCENII NOI",71858,1,PROV,PRCNCT,CD,CD_SV,"2021-01-21 12:30:02",1086,1057,24,5,363,334,24,5,1200,837,359,1,3,71,5,15,216,12,1,1,2,3,1,1,2,3,26,0,0,0,0,0,0,0,0,0,0,0,0,0,0,0,0,0,0
17,DOLJ,"CAMIN CULTURAL",314,COŞOVENI,71885,2,PART,PRCNCT,CD,CD_SV,"2021-01-21 12:30:02",1175,884,286,5,568,277,286,5,1000,432,554,8,6,116,8,22,316,44,1,1,5,3,2,2,2,3,16,0,0,3,1,0,1,0,0,0,0,0,0,6,0,0,2,0,0
17,DOLJ,"GRADINITA NR. 1",315,COŞOVENI,71885,1,PROV,PRCNCT,CD,CD_SV,"2021-01-21 12:30:02",1213,1092,112,9,503,382,112,9,1200,697,488,12,3,200,23,19,140,44,0,0,18,5,4,0,2,2,25,0,0,0,2,0,0,0,0,1,0,0,0,2,0,0,0,0,1
17,DOLJ,"GRADINITA NR. 2",316,COŞOVENI,71885,1,PROV,PRCNCT,CD,CD_SV,"2021-01-21 12:30:02",874,706,161,7,437,269,161,7,900,463,427,5,5,79,8,22,186,96,0,1,2,0,1,1,5,0,24,0,0,0,0,0,0,0,0,0,1,0,0,1,0,0,0,0,0
17,DOLJ,"SCOALA GIMNAZIALA COTOFENII DIN DOS",317,"COŢOFENII DIN DOS",71910,1,PROV,PRCNCT,CD,CD_SV,"2021-01-21 12:30:02",908,850,54,4,475,417,54,4,1000,525,456,9,10,74,22,7,283,32,0,2,3,5,0,0,5,1,15,0,0,0,1,0,0,0,0,0,0,0,0,0,0,0,0,0,6
17,DOLJ,"GRADINITA CU POGRAM NORMAL POTMELTU",318,"COŢOFENII DIN DOS",71910,1,PROV,PRCNCT,CD,CD_SV,"2021-01-21 12:30:02",463,425,36,2,215,177,36,2,600,385,210,2,3,64,4,5,109,2,0,0,1,0,0,0,1,0,15,0,0,1,0,0,0,0,0,0,0,0,0,0,0,0,0,0,8
17,DOLJ,"SCOALA GIMNAZIALA MIHAITA",319,"COŢOFENII DIN DOS",71910,1,PROV,PRCNCT,CD,CD_SV,"2021-01-21 12:30:02",683,617,65,1,338,272,65,1,700,362,326,8,4,60,12,7,217,2,0,0,1,2,1,0,1,4,13,0,0,0,0,0,0,0,0,0,0,0,0,0,0,0,0,1,5
17,DOLJ,"ŞCOALA CU CLASELE I-VIII COȚOFENII DIN FAŢĂ",320,"COŢOFENII DIN FAŢĂ",74875,2,PART,PRCNCT,CD,CD_SV,"2021-01-21 12:30:02",1406,1325,81,0,613,532,81,0,1500,887,576,14,23,91,31,17,356,19,5,0,12,4,0,2,0,2,31,0,0,1,0,0,0,1,0,0,1,0,0,0,0,0,0,0,3
17,DOLJ,"ȘCOALA CU CLASELE I-IV",321,"COŢOFENII DIN FAŢĂ",74875,1,PROV,PRCNCT,CD,CD_SV,"2021-01-21 12:30:02",301,261,40,0,175,135,40,0,400,225,175,0,0,34,8,14,99,10,0,0,1,3,0,0,2,0,3,0,0,0,0,0,0,0,0,0,0,0,0,0,0,0,0,0,1
17,DOLJ,"ȘCOALA PROFESIONALĂ DANEŢI",322,DANEŢI,71956,1,PROV,PRCNCT,CD,CD_SV,"2021-01-21 12:30:02",1717,1635,82,0,554,472,82,0,1800,1246,536,6,12,119,14,15,331,9,2,0,2,3,1,0,4,4,27,0,0,0,0,0,0,0,0,1,1,1,0,0,0,0,1,0,1
17,DOLJ,"ŞCOALA PROFESIONALĂ DANEŢI",323,DANEŢI,71956,1,PROV,PRCNCT,CD,CD_SV,"2021-01-21 12:30:02",1407,1357,50,0,425,375,50,0,1500,1075,413,3,9,93,5,15,253,6,0,1,2,2,2,2,0,3,26,0,0,0,0,0,0,0,1,0,0,0,0,0,0,0,1,0,1
17,DOLJ,"ŞCOALA GENERALĂ CU CLASELE I-VIII BRANIŞTE",324,DANEŢI,71956,1,PROV,PRCNCT,CD,CD_SV,"2021-01-21 12:30:02",545,505,40,0,203,163,40,0,600,397,200,0,3,37,2,9,122,3,1,0,1,2,0,0,2,1,15,0,0,0,0,0,0,0,0,0,0,0,0,0,0,0,0,2,3
17,DOLJ,"ŞCOALA GENERALĂ CU CLASELE I-IV LOCUSTENI",325,DANEŢI,71956,1,PROV,PRCNCT,CD,CD_SV,"2021-01-21 12:30:02",517,476,41,0,209,168,41,0,600,391,201,3,5,30,7,10,121,2,2,0,1,5,1,0,0,0,15,0,0,1,0,0,0,0,0,0,0,0,0,0,0,0,2,0,4
17,DOLJ,"ŞCOALA GENERALĂ CU CLASELE I-VIII BRABEŢI",326,DANEŢI,71956,1,PROV,PRCNCT,CD,CD_SV,"2021-01-21 12:30:02",883,828,55,0,368,313,55,0,1000,632,348,10,10,49,4,8,227,25,0,0,0,2,2,0,2,3,17,1,0,0,0,0,0,0,2,0,1,0,0,0,0,0,0,0,5
17,DOLJ,"GRADINITA DE COPII DESA",327,DESA,72034,1,PROV,PRCNCT,CD,CD_SV,"2021-01-21 12:30:02",1251,1209,19,23,461,419,19,23,1300,839,451,5,5,72,42,10,292,6,0,1,0,4,0,1,3,6,8,0,0,0,0,0,0,0,0,0,0,0,0,4,2,0,0,0,0
17,DOLJ,"ŞCOALA GIMNAZIALĂ DESA -CORPUL 2",328,DESA,72034,1,PROV,PRCNCT,CD,CD_SV,"2021-01-21 12:30:02",1378,1345,12,21,571,538,12,21,1500,929,563,2,6,84,39,7,396,10,1,0,0,1,2,0,1,3,11,0,0,0,0,0,0,1,0,0,0,0,0,6,0,0,1,0,0
17,DOLJ,"ŞCOALA GIMNAZIALĂ DESA",329,DESA,72034,2,PART,PRCNCT,CD,CD_SV,"2021-01-21 12:30:02",1394,1346,24,24,539,491,24,24,1500,961,511,10,18,95,27,16,353,6,0,0,0,4,0,0,5,3,0,0,0,0,0,0,1,0,0,0,0,0,0,1,0,0,0,0,0
17,DOLJ,"CLUB CAMIN CULTURAL DIOSTI",330,DIOŞTI,72052,1,PROV,PRCNCT,CD,CD_SV,"2021-01-21 12:30:02",1036,962,44,30,405,331,44,30,1100,695,388,7,10,81,9,14,243,6,0,0,0,3,0,0,1,2,27,0,1,0,0,0,0,0,0,0,0,0,0,0,1,0,0,0,0
17,DOLJ,"SCOALA GENERALA CU CLASELE I-IV RADOMIR",331,DIOŞTI,72052,1,PROV,PRCNCT,CD,CD_SV,"2021-01-21 12:30:02",940,884,36,20,284,228,36,20,1000,716,277,5,2,48,7,18,157,28,1,0,1,2,0,0,0,1,9,0,0,1,0,0,0,1,0,0,0,0,1,1,0,0,0,0,1
17,DOLJ,"SCOALA GENERALA CU CLASELE I-VIII CIOCANESTI",332,DIOŞTI,72052,1,PROV,PRCNCT,CD,CD_SV,"2021-01-21 12:30:02",605,550,27,28,241,186,27,28,700,459,230,5,6,46,4,9,144,8,0,1,2,4,1,0,0,6,4,0,0,1,0,0,0,0,0,0,0,0,0,0,0,0,0,0,0
17,DOLJ,"ȘCOALA DOBREȘTI",333,DOBREŞTI,72098,1,PROV,PRCNCT,CD,CD_SV,"2021-01-21 12:30:02",344,326,9,9,114,96,9,9,500,386,113,1,0,9,3,11,71,2,1,0,0,1,0,1,1,1,6,0,0,0,0,0,0,0,0,0,0,0,0,0,0,0,0,0,6
17,DOLJ,"ȘCOALA MURTA",334,DOBREŞTI,72098,1,PROV,PRCNCT,CD,CD_SV,"2021-01-21 12:30:02",718,676,34,8,185,143,34,8,800,615,181,1,3,20,16,3,118,2,0,0,0,1,0,0,0,1,15,0,0,0,0,0,0,0,0,0,0,0,0,0,0,0,0,0,5
17,DOLJ,"ȘCOALA TOCENI",335,DOBREŞTI,72098,2,PART,PRCNCT,CD,CD_SV,"2021-01-21 12:30:02",547,506,23,18,219,178,23,18,600,381,215,1,3,15,16,4,149,5,2,0,2,0,0,0,1,2,16,0,0,1,0,0,0,0,1,0,0,0,0,0,0,0,0,0,1
17,DOLJ,"ȘCOALA CĂCIULĂTEȘTI",336,DOBREŞTI,72098,1,PROV,PRCNCT,CD,CD_SV,"2021-01-21 12:30:02",442,400,40,2,160,118,40,2,500,340,159,1,0,21,25,4,67,19,1,0,0,1,0,0,4,3,12,0,0,0,0,0,0,0,0,0,1,0,0,0,0,0,0,0,1
17,DOLJ,"CĂMINUL CULTURAL",337,DOBROTEŞTI,74883,1,PROV,PRCNCT,CD,CD_SV,"2021-01-21 12:30:02",1496,1347,98,51,655,506,98,51,1500,845,630,10,15,142,32,25,360,33,1,1,3,3,1,1,1,6,14,1,1,2,0,0,0,1,0,0,1,0,0,0,0,0,0,0,1
17,DOLJ,"SCOALA CU CLS. I - IV VIIŞOARA",338,DRĂGOTEŞTI,72150,2,PART,PRCNCT,CD,CD_SV,"2021-01-21 12:30:02",448,411,30,7,209,172,30,7,500,291,193,13,3,45,16,4,100,8,1,1,2,1,2,1,1,1,8,0,0,0,0,0,0,2,0,0,0,0,0,0,0,0,0,0,0
17,DOLJ,"SCOALA VECHE DRĂGOTEŞTI",339,DRĂGOTEŞTI,72150,2,PART,PRCNCT,CD,CD_SV,"2021-01-21 12:30:02",400,361,26,13,199,162,26,11,500,301,192,6,1,36,16,5,111,8,0,0,3,3,0,0,0,2,5,0,0,0,0,0,0,0,0,1,1,0,0,0,0,0,0,0,1
17,DOLJ,"SCOALA CU CLS. I - IV BENEŞTI",340,DRĂGOTEŞTI,72150,1,PROV,PRCNCT,CD,CD_SV,"2021-01-21 12:30:02",371,344,23,4,176,149,23,4,500,324,169,3,4,20,10,8,110,13,1,0,0,0,0,0,0,3,3,0,0,0,0,0,0,0,0,0,0,0,0,0,0,0,1,0,0
17,DOLJ,"CĂMINUL CULTURAL POPÂNZĂLEȘTI",341,DRĂGOTEŞTI,72150,1,PROV,PRCNCT,CD,CD_SV,"2021-01-21 12:30:02",545,482,56,7,275,212,56,7,600,325,267,5,3,48,8,12,145,37,0,0,0,5,1,1,1,0,6,0,1,0,0,0,0,0,0,1,0,0,0,0,0,0,0,0,1
17,DOLJ,"SCOALA CU CLS. I - IV BUZDUC",342,DRĂGOTEŞTI,72150,1,PROV,PRCNCT,CD,CD_SV,"2021-01-21 12:30:02",145,104,35,6,92,51,35,6,200,108,90,1,1,26,4,2,41,3,0,0,0,2,0,0,1,2,7,0,0,0,0,0,0,0,1,0,0,0,0,0,0,0,0,0,1
17,DOLJ,"CAMINUL CULTURAL DRANIC",343,DRĂNIC,72221,2,PART,PRCNCT,CD,CD_SV,"2021-01-21 12:30:02",906,799,104,3,340,233,104,3,900,560,333,4,3,130,11,3,78,91,1,0,2,1,0,4,0,2,8,0,1,0,0,0,0,0,0,0,0,0,0,0,1,0,0,0,0
17,DOLJ,"SCOALA PRIMARA PADEA",344,DRĂNIC,72221,1,PROV,PRCNCT,CD,CD_SV,"2021-01-21 12:30:02",670,629,41,0,245,204,41,0,800,555,239,4,2,92,4,4,105,6,0,0,3,2,0,0,1,4,18,0,0,0,0,0,0,0,0,0,0,0,0,0,0,0,0,0,0
17,DOLJ,"SCOALA CU CLASELE I-IV BOOVENI",345,DRĂNIC,72221,1,PROV,PRCNCT,CD,CD_SV,"2021-01-21 12:30:02",319,290,29,0,169,140,29,0,401,232,166,1,2,23,17,3,112,2,0,0,0,1,0,0,0,1,6,0,0,0,0,0,0,0,0,0,0,0,0,0,0,0,0,0,1
17,DOLJ,"SCOALA CU CLASELE I-IV FOISOR",346,DRĂNIC,72221,1,PROV,PRCNCT,CD,CD_SV,"2021-01-21 12:30:02",234,195,39,0,138,99,39,0,300,162,134,1,3,13,51,2,56,3,0,0,0,0,2,0,2,0,4,0,0,0,0,0,0,0,0,0,0,0,0,0,0,0,0,0,1
17,DOLJ,"CAMINUL CULTURAL FARCAS",347,FĂRCAŞ,72276,1,PROV,PRCNCT,CD,CD_SV,"2021-01-21 12:30:02",1067,1006,59,2,356,295,59,2,1100,744,344,6,6,76,63,15,131,9,0,0,2,1,0,0,2,2,27,4,0,9,0,1,0,0,0,0,0,0,0,2,0,0,0,0,0
17,DOLJ,"SCOALA GENERALA GOLUMBU",348,FĂRCAŞ,72276,1,PROV,PRCNCT,CD,CD_SV,"2021-01-21 12:30:02",707,659,48,0,282,234,48,0,800,518,263,13,6,56,34,3,123,1,0,0,2,1,0,0,3,1,32,0,0,5,0,0,1,0,0,0,0,0,0,1,0,0,0,0,0
17,DOLJ,"ȘCOALA GIMNAZIALĂ CORP 3",349,"GALICEA MARE",72383,1,PROV,PRCNCT,CD,CD_SV,"2021-01-21 12:30:02",1408,1408,0,0,522,522,0,0,1600,1078,507,3,12,35,7,9,399,7,1,1,0,7,0,2,7,6,21,0,0,0,0,0,0,1,1,0,1,1,0,0,0,0,1,0,0
17,DOLJ,"ȘCOALA GIMNAZIALĂ -CORP 3",350,"GALICEA MARE",72383,2,PART,PRCNCT,CD,CD_SV,"2021-01-21 12:30:02",833,689,134,10,397,253,134,10,800,403,392,2,3,52,6,19,273,11,1,0,1,3,0,0,1,3,21,0,0,0,0,0,0,1,0,0,0,0,0,0,0,0,0,0,0
17,DOLJ,"ȘCOALA GIMNAZIALĂ - CORP 3",351,"GALICEA MARE",72383,1,PROV,PRCNCT,CD,CD_SV,"2021-01-21 12:30:02",1191,1181,10,0,407,397,10,0,1300,893,394,6,7,44,12,6,284,9,2,0,1,3,0,0,2,4,25,0,0,0,0,0,0,1,0,0,0,0,0,0,0,0,0,0,1
17,DOLJ,"CAMINUL CULTURAL",352,GALICIUICA,74891,1,PROV,PRCNCT,CD,CD_SV,"2021-01-21 12:30:02",1198,1158,32,8,374,334,32,8,1300,926,355,10,9,90,24,13,158,26,0,0,3,6,0,1,1,2,27,0,2,0,0,0,0,0,0,0,0,0,0,2,0,0,0,0,0
17,DOLJ,"CĂMINUL CULTURAL GÎNGIOVA",353,GÂNGIOVA,72579,1,PROV,PRCNCT,CD,CD_SV,"2021-01-21 12:30:02",1224,1151,59,14,403,330,59,14,1300,897,379,7,17,97,41,10,141,13,0,0,11,3,0,0,2,1,30,0,0,22,0,0,0,1,0,1,0,0,2,1,0,0,0,0,3
17,DOLJ,"CĂMINUL CULTURAL COMOŞTENI",354,GÂNGIOVA,72579,1,PROV,PRCNCT,CD,CD_SV,"2021-01-21 12:30:02",888,842,43,3,234,188,43,3,1000,766,218,10,6,42,46,17,67,5,0,0,2,4,0,0,0,5,11,1,0,16,0,1,0,0,0,0,1,0,0,0,0,0,0,0,0
17,DOLJ,"CĂMINUL CULTURAL",355,GHERCEŞTI,72409,1,PROV,PRCNCT,CD,CD_SV,"2021-01-21 12:30:02",1097,919,172,6,623,445,172,6,1100,477,614,6,3,146,29,55,304,17,1,0,2,3,3,0,0,2,43,1,0,1,0,0,1,0,0,0,2,0,0,2,0,0,0,0,2
17,DOLJ,"ŞCOALA GENERALĂ GÂRLEŞTI",356,GHERCEŞTI,72409,2,PART,PRCNCT,CD,CD_SV,"2021-01-21 12:30:02",443,375,63,5,254,186,63,5,500,246,251,2,1,39,15,32,138,9,0,0,0,2,1,0,2,0,6,0,0,0,0,0,0,0,0,0,0,1,0,1,0,0,0,0,5
17,DOLJ,"ŞCOALA GENERALĂ UNGURENI",357,GHERCEŞTI,72409,1,PROV,PRCNCT,CD,CD_SV,"2021-01-21 12:30:02",384,268,111,5,262,146,111,5,500,238,247,7,8,46,7,29,146,2,3,0,0,0,0,0,2,2,9,0,0,0,0,0,0,0,0,0,0,0,0,0,0,0,0,0,1
17,DOLJ,"CĂMINUL CULTURAL",358,GHIDICI,74907,1,PROV,PRCNCT,CD,CD_SV,"2021-01-21 12:30:02",2041,1854,83,104,969,782,83,104,2100,1131,932,15,22,90,2,7,765,7,10,1,4,5,0,0,4,7,19,0,0,1,0,0,1,0,1,1,1,0,1,4,0,0,0,0,1
17,DOLJ,"CAMIN CULTURAL",359,GHINDENI,74915,2,PART,PRCNCT,CD,CD_SV,"2021-01-21 12:30:02",1726,1540,164,22,831,645,164,22,1700,869,807,5,19,138,14,31,460,114,2,1,2,3,2,0,4,5,16,2,0,1,0,0,0,0,1,0,0,0,0,10,0,0,1,0,0
17,DOLJ,"CĂMINUL CULTURAL GIGHERA",360,GIGHERA,72463,1,PROV,PRCNCT,CD,CD_SV,"2021-01-21 12:30:02",1021,974,45,2,417,370,45,2,1100,683,399,16,2,32,3,8,291,5,4,0,1,4,0,0,0,4,7,0,0,29,0,1,4,0,0,1,0,0,0,3,0,0,0,0,2
17,DOLJ,"CĂMINUL CULTURAL NEDEIA",361,GIGHERA,72463,1,PROV,PRCNCT,CD,CD_SV,"2021-01-21 12:30:02",724,664,60,0,309,249,60,0,800,491,297,5,7,46,9,6,203,6,2,0,0,1,0,0,1,3,14,0,0,3,0,0,0,0,2,0,1,0,0,0,0,0,0,0,0
17,DOLJ,"CĂMINUL CULTURAL ZĂVAL",362,GIGHERA,72463,1,PROV,PRCNCT,CD,CD_SV,"2021-01-21 12:30:02",638,605,33,0,215,182,33,0,700,485,206,6,3,37,9,4,130,3,0,1,2,2,0,0,2,1,14,0,0,1,0,0,0,0,0,0,0,0,0,0,0,0,0,0,0
17,DOLJ,"ȘCOALA GIMNAZIALĂ GIUBEGA",363,GIUBEGA,72506,2,PART,PRCNCT,CD,CD_SV,"2021-01-21 12:30:02",971,891,80,0,334,254,80,0,1000,666,326,4,4,53,11,11,191,11,0,2,10,3,0,1,1,1,27,0,0,0,0,0,0,0,2,0,0,0,0,1,0,0,0,0,1
17,DOLJ,"PRIMARIA VECHE",364,GIUBEGA,72506,1,PROV,PRCNCT,CD,CD_SV,"2021-01-21 12:30:02",909,843,66,0,329,263,66,0,900,571,314,11,4,56,9,12,194,5,0,0,2,4,1,0,0,2,27,0,0,0,0,0,0,0,0,0,0,0,0,1,0,0,0,0,1
17,DOLJ,"SCOALA GIMNAZIALA GIURGITA",365,GIURGIŢA,72533,1,PROV,PRCNCT,CD,CD_SV,"2021-01-21 12:30:02",1020,954,66,0,398,332,66,0,1100,702,376,15,7,59,10,12,261,12,3,0,2,0,0,0,0,1,10,0,0,0,0,0,0,0,1,0,0,0,0,0,0,1,1,0,3
17,DOLJ,"GRADINITA PORTARESTI",366,GIURGIŢA,72533,1,PROV,PRCNCT,CD,CD_SV,"2021-01-21 12:30:02",1007,951,56,0,380,324,56,0,1100,720,355,10,15,116,5,6,181,14,1,0,0,3,1,2,1,1,17,0,0,0,0,0,0,2,0,0,0,1,1,1,0,0,0,0,2
17,DOLJ,"GRADINITA CURMATURA",367,GIURGIŢA,72533,1,PROV,PRCNCT,CD,CD_SV,"2021-01-21 12:30:02",446,412,34,0,164,130,34,0,500,336,158,2,4,34,6,1,101,2,0,0,0,0,0,1,0,2,9,0,1,0,0,0,0,0,0,0,0,0,0,0,0,0,0,0,1
17,DOLJ,"CĂMINUL CULTURAL GOGOŞU",368,GOGOŞU,72604,1,PROV,PRCNCT,CD,CD_SV,"2021-01-21 12:30:02",269,167,102,0,189,87,102,0,300,111,180,5,4,76,30,7,54,5,0,0,0,1,0,1,0,1,5,0,0,0,0,0,0,0,0,0,0,0,0,0,0,0,0,0,0
17,DOLJ,"ŞCOALA CU CLASELE I-IV",369,GOGOŞU,72604,1,PROV,PRCNCT,CD,CD_SV,"2021-01-21 12:30:02",181,143,37,1,116,78,37,1,299,183,113,1,2,72,4,3,25,0,1,0,1,1,0,1,0,2,2,0,0,0,0,0,1,0,0,0,0,0,0,0,0,0,0,0,0
17,DOLJ,"ŞCOALA CU CLASELE I-IV",370,GOGOŞU,72604,1,PROV,PRCNCT,CD,CD_SV,"2021-01-21 12:30:02",185,141,43,1,140,96,43,1,300,160,138,1,1,94,4,0,31,3,0,0,0,2,0,0,0,1,2,0,0,0,0,0,0,0,0,0,0,0,0,0,0,0,0,0,1
17,DOLJ,"CENTRUL SOCIAL",371,GOICEA,72640,4,PART,PRCNCT,CD,CD_SV,"2021-01-21 12:30:02",1284,1145,105,34,587,448,105,34,1300,713,562,9,16,66,21,8,400,18,5,0,2,4,1,1,2,4,23,0,0,0,0,1,0,1,1,0,2,0,0,0,0,0,1,0,1
17,DOLJ,"GRĂDINIȚA NR.2",372,GOICEA,72640,1,PROV,PRCNCT,CD,CD_SV,"2021-01-21 12:30:02",906,843,47,16,331,268,47,16,900,569,314,9,8,51,28,9,172,20,1,2,1,5,1,1,1,3,12,0,0,1,0,0,1,0,1,1,1,0,0,0,0,1,0,1,0
17,DOLJ,"CAMIN CULTURAL GOIESTI SALA",373,GOIEŞTI,72677,1,PROV,PRCNCT,CD,CD_SV,"2021-01-21 12:30:02",1251,1159,89,3,448,356,89,3,1300,852,435,10,3,87,34,36,217,15,3,0,3,6,3,0,2,3,24,0,0,0,0,0,0,0,0,0,1,0,0,0,0,0,1,0,0
17,DOLJ,"SCOALA CLS I-IV MOGOSESTI SALA",374,GOIEŞTI,72677,1,PROV,PRCNCT,CD,CD_SV,"2021-01-21 12:30:02",544,507,34,3,194,157,34,3,600,406,187,5,2,35,8,20,82,9,0,0,4,0,1,0,1,2,21,0,0,0,0,0,0,0,1,0,0,0,0,2,1,0,0,0,0
17,DOLJ,"SCOALA CU CLS I-IV MALAESTI SALA",375,GOIEŞTI,72677,1,PROV,PRCNCT,CD,CD_SV,"2021-01-21 12:30:02",509,476,31,2,195,162,31,2,600,405,179,11,5,34,6,6,89,8,0,1,14,0,5,1,0,0,9,1,1,1,0,0,0,0,0,0,1,0,1,0,0,0,0,0,1
17,DOLJ,"SCOALA CU CLS I-VIII TANDARA SALA",376,GOIEŞTI,72677,1,PROV,PRCNCT,CD,CD_SV,"2021-01-21 12:30:02",444,420,23,1,168,144,23,1,500,332,162,4,2,41,10,1,78,4,1,1,0,1,2,0,1,0,20,0,0,0,0,0,0,0,0,0,0,0,0,1,1,0,0,0,0
17,DOLJ,"ȘCOALA BĂRBOI",377,GRECEŞTI,72819,1,PROV,PRCNCT,CD,CD_SV,"2021-01-21 12:30:02",343,301,36,6,143,101,36,6,400,257,137,2,4,25,5,2,56,35,1,0,0,3,0,2,3,2,1,0,1,0,0,0,0,0,0,0,0,0,0,0,0,0,0,1,0
17,DOLJ,"ȘCOALA GRECEȘTI",378,GRECEŞTI,72819,2,PART,PRCNCT,CD,CD_SV,"2021-01-21 12:30:02",268,225,34,9,149,106,34,9,300,151,143,4,2,43,4,4,75,1,2,0,4,1,1,0,0,1,4,0,0,0,0,0,0,0,0,0,0,1,0,1,0,0,0,0,1
17,DOLJ,"ȘCOALA BUSU",379,GRECEŞTI,72819,1,PROV,PRCNCT,CD,CD_SV,"2021-01-21 12:30:02",583,533,26,24,322,272,26,24,600,278,314,3,5,44,1,7,219,4,0,0,2,8,1,1,1,3,15,0,0,0,0,0,1,1,0,0,1,0,0,1,0,0,0,0,4
17,DOLJ,"ȘCOALA GROPANELE",380,GRECEŞTI,72819,1,PROV,PRCNCT,CD,CD_SV,"2021-01-21 12:30:02",248,236,10,2,113,101,10,2,400,287,105,1,7,7,3,1,81,2,0,0,0,1,0,3,2,3,0,0,0,0,0,0,1,0,0,0,0,0,0,1,0,0,0,0,0
17,DOLJ,"ŞCOALA GIMNAZIALĂ ELIZA OPRAN",381,IŞALNIŢA,70094,1,PROV,PRCNCT,CD,CD_SV,"2021-01-21 12:30:02",1857,1692,94,71,954,789,94,71,1900,946,945,5,4,193,11,69,579,31,6,2,5,5,1,3,0,1,32,0,0,0,0,1,0,1,0,0,0,0,0,0,1,0,0,0,4
17,DOLJ,"ŞCOALA GIMNAZIALĂ ELIZA OPRAN",382,IŞALNIŢA,70094,1,PROV,PRCNCT,CD,CD_SV,"2021-01-21 12:30:02",1975,1829,102,44,1028,882,102,44,2000,972,1025,1,2,192,11,64,649,25,2,2,2,12,0,1,0,16,37,1,1,0,0,0,1,0,0,0,1,0,0,6,0,0,0,0,2
17,DOLJ,"GRADINITA IZVOARE",383,IZVOARE,72882,2,PART,PRCNCT,CD,CD_SV,"2021-01-21 12:30:02",1027,940,74,13,422,335,74,13,1100,678,412,4,6,62,17,7,293,10,2,0,3,5,0,0,0,5,5,0,0,0,0,0,0,0,0,1,0,0,0,1,0,0,0,0,1
17,DOLJ,"SCOALA CLASELE I-IV",384,IZVOARE,72882,3,PART,PRCNCT,CD,CD_SV,"2021-01-21 12:30:02",321,264,48,9,187,130,48,9,400,213,181,2,4,33,1,1,138,1,0,1,0,2,0,0,0,0,3,0,0,0,1,0,0,0,0,0,0,0,0,0,0,0,0,0,0
17,DOLJ,"CĂMINUL CULTURAL ÎNTORSURA",385,ÎNTORSURA,74923,1,PROV,PRCNCT,CD,CD_SV,"2021-01-21 12:30:02",1294,1210,84,0,582,498,84,0,1400,818,551,16,15,201,19,7,257,15,1,1,0,7,0,0,3,7,30,1,0,0,0,0,0,0,0,0,1,0,0,0,0,0,0,0,1
17,DOLJ,"ȘCOALA GIMNAZIALĂ „ N.B. LOCUSTEANU ” - SALA A",386,LEU,72926,2,PART,PRCNCT,CD,CD_SV,"2021-01-21 12:30:02",1463,1392,71,0,504,433,71,0,1500,996,485,5,14,76,4,18,292,43,0,1,3,3,1,1,5,8,22,0,0,0,0,0,0,1,0,0,0,1,1,3,0,1,0,0,1
17,DOLJ,"ȘCOALA GIMNAZIALĂ „N.B. LOCUSTEANU” - SALA B",387,LEU,72926,1,PROV,PRCNCT,CD,CD_SV,"2021-01-21 12:30:02",1595,1518,77,0,594,517,77,0,1700,1106,569,12,13,100,4,30,341,29,0,0,2,13,1,3,1,7,35,1,0,0,0,0,0,0,0,0,0,0,0,1,0,0,1,0,0
17,DOLJ,"GRADINITA ZĂNOAGA",388,LEU,72926,1,PROV,PRCNCT,CD,CD_SV,"2021-01-21 12:30:02",1016,940,76,0,373,297,76,0,1100,727,354,8,11,59,11,17,212,22,1,1,2,4,2,0,0,6,15,0,0,0,0,0,0,0,0,0,0,1,0,0,0,0,0,0,1
17,DOLJ,"SCOALA GIMNAZIALA CLASELE I-VIII PETRE MANARCESCU",389,LIPOVU,72953,1,PROV,PRCNCT,CD,CD_SV,"2021-01-21 12:30:02",1358,1316,36,6,340,298,36,6,1400,1060,296,33,11,26,49,1,156,6,0,1,2,8,2,1,1,9,5,0,0,25,0,0,3,0,0,0,0,0,0,0,1,0,0,0,0
17,DOLJ,"LOCAL PRIMĂRIE",390,LIPOVU,72953,1,PROV,PRCNCT,CD,CD_SV,"2021-01-21 12:30:02",916,878,36,2,268,230,36,2,1000,732,256,5,7,20,14,3,198,9,1,0,1,4,0,1,1,0,2,1,0,0,0,0,0,1,0,0,0,0,0,0,0,0,0,0,0
17,DOLJ,"SCOALA PRIMARA CLSELE I-VIII",391,LIPOVU,72953,2,PART,PRCNCT,CD,CD_SV,"2021-01-21 12:30:02",171,155,16,0,62,46,16,0,300,238,57,3,2,11,4,2,34,1,0,0,0,0,0,0,0,2,2,0,0,1,0,0,0,0,0,0,0,0,0,0,0,0,0,0,0
17,DOLJ,"SCOALA CU CLASELE I-VIII MAGLAVIT",392,MAGLAVIT,73031,1,PROV,PRCNCT,CD,CD_SV,"2021-01-21 12:30:02",1901,1808,90,3,666,573,90,3,2000,1334,630,13,23,219,16,10,280,34,0,0,3,12,3,2,4,6,36,0,0,5,0,0,0,0,0,0,0,0,0,0,0,0,0,0,0
17,DOLJ,"SCOALA CLASELE I-IV MAGLAVIT",393,MAGLAVIT,73031,2,PART,PRCNCT,CD,CD_SV,"2021-01-21 12:30:02",1065,1020,43,2,343,298,43,2,1100,757,333,7,3,142,8,7,124,24,0,0,1,4,3,0,1,3,11,0,0,0,0,0,0,0,0,0,0,0,0,1,0,0,0,0,4
17,DOLJ,"ȘCOALA GENERALĂ HUNIA",394,MAGLAVIT,73031,2,PART,PRCNCT,CD,CD_SV,"2021-01-21 12:30:02",1105,1055,46,4,361,311,46,4,1200,839,345,6,10,131,8,14,150,8,1,0,4,6,1,0,1,1,15,1,1,0,0,0,0,1,1,0,0,0,0,1,0,0,0,0,0
17,DOLJ,"LICEUL TEHNOLOGIC ”ING. IONETE AURELIAN”",395,"MALU MARE",73068,1,PROV,PRCNCT,CD,CD_SV,"2021-01-21 12:30:02",1046,964,78,4,344,262,78,4,1100,756,332,8,4,134,38,41,68,7,0,0,2,1,2,2,2,3,15,0,0,10,0,0,0,0,0,0,0,1,0,3,0,0,0,0,3
17,DOLJ,"ŞCOALA PRIMARĂ PREAJBA",396,"MALU MARE",73068,1,PROV,PRCNCT,CD,CD_SV,"2021-01-21 12:30:02",1112,1032,79,1,382,302,79,1,1200,818,369,9,4,105,26,50,104,31,0,0,0,4,0,4,2,2,33,2,2,2,0,0,0,0,0,0,0,0,0,2,0,0,0,0,0
17,DOLJ,"ȘCOALA GIMNAZIALĂ MALU MARE",397,"MALU MARE",73068,1,PROV,PRCNCT,CD,CD_SV,"2021-01-21 12:30:02",1404,1304,95,5,496,396,95,5,1500,1004,480,10,6,137,49,86,126,12,0,0,5,1,0,2,2,2,25,0,0,19,0,0,0,12,0,0,0,0,0,0,0,1,0,0,1
17,DOLJ,"ȘCOALA GIMNAZIALĂ PREAJBA",398,"MALU MARE",73068,1,PROV,PRCNCT,CD,CD_SV,"2021-01-21 12:30:02",1695,1574,116,5,553,432,116,5,1800,1247,549,3,1,114,41,155,123,13,1,0,4,3,0,4,1,0,28,1,0,2,0,0,0,0,0,0,1,0,0,58,0,0,0,0,0
17,DOLJ,"PRIMĂRIA MĂCEŞU DE JOS",399,"MĂCEŞU DE JOS",72980,2,PART,PRCNCT,CD,CD_SV,"2021-01-21 12:30:02",864,790,68,6,486,412,68,6,900,414,474,6,6,58,20,3,348,18,2,0,2,2,0,2,2,4,6,0,0,1,0,1,0,2,0,0,0,0,0,3,0,0,0,0,0
17,DOLJ,"ŞCOALA SĂPATA",400,"MĂCEŞU DE JOS",72980,1,PROV,PRCNCT,CD,CD_SV,"2021-01-21 12:30:02",279,263,16,0,115,99,16,0,400,285,108,6,1,22,7,3,63,2,1,0,0,0,1,0,0,2,5,0,0,1,0,0,0,0,0,0,1,0,0,0,0,0,0,0,0
17,DOLJ,"CAMINUL CULTURAL",401,"MĂCEŞU DE SUS",73013,1,PROV,PRCNCT,CD,CD_SV,"2021-01-21 12:30:02",1047,984,63,0,526,463,63,0,1200,674,499,9,18,211,10,13,171,49,2,0,0,4,2,0,1,4,27,0,1,0,0,1,1,0,0,0,1,0,0,0,0,0,0,0,1
17,DOLJ,"ȘCOALA GENERALĂ NR. 2 MÎRȘANI",402,MÂRŞANI,73317,1,PROV,PRCNCT,CD,CD_SV,"2021-01-21 12:30:02",1526,1402,65,59,681,559,65,57,1600,919,635,13,33,86,14,25,414,33,2,3,4,5,0,0,3,8,29,2,0,1,0,0,1,0,1,0,0,0,0,0,0,0,0,0,4
17,DOLJ,"ȘCOALA GIMNAZIALĂ NR. 1 MÂRȘANI",403,MÂRŞANI,73317,3,PART,PRCNCT,CD,CD_SV,"2021-01-21 12:30:02",1171,1078,61,32,547,454,61,32,1200,653,511,8,28,61,21,40,323,26,3,0,5,6,1,1,2,1,15,0,0,1,0,1,0,0,0,0,1,0,0,0,0,0,0,0,3
17,DOLJ,"ȘCOALA GENERALĂ NR. 3 MÎRȘANI",404,MÂRŞANI,73317,1,PROV,PRCNCT,CD,CD_SV,"2021-01-21 12:30:02",1278,1178,63,37,598,498,63,37,1300,702,574,9,15,86,24,32,342,20,0,0,7,8,1,0,5,4,39,1,0,0,0,0,0,1,1,0,1,0,1,0,0,0,0,0,1
17,DOLJ,"CĂMINUL CULTURAL MELINEŞTI",405,MELINEŞTI,73102,1,PROV,PRCNCT,CD,CD_SV,"2021-01-21 12:30:02",1030,932,86,12,405,307,86,12,1100,695,394,6,5,101,7,23,200,17,0,4,1,2,0,2,1,4,28,0,0,0,0,0,0,0,1,0,2,0,0,0,0,0,1,0,0
17,DOLJ,"ŞCOALA GENERALĂ NEGOIEŞTI",406,MELINEŞTI,73102,1,PROV,PRCNCT,CD,CD_SV,"2021-01-21 12:30:02",1240,1170,67,3,429,359,67,3,1300,871,412,9,8,107,14,13,234,8,2,0,4,1,0,0,4,4,17,0,0,0,0,0,0,0,0,0,0,0,0,1,1,0,0,0,2
17,DOLJ,"SEDIUL FOSTEI ŞCOLI GENERALE BODAIESTI",407,MELINEŞTI,73102,1,PROV,PRCNCT,CD,CD_SV,"2021-01-21 12:30:02",616,580,36,0,209,173,36,0,700,491,194,8,7,45,4,1,119,4,0,0,1,4,0,0,1,4,11,0,0,0,0,0,0,0,0,0,0,0,0,0,0,0,0,0,0
17,DOLJ,"ŞCOALA GENERALĂ BODĂIEŞTII DE SUS",408,MELINEŞTI,73102,1,PROV,PRCNCT,CD,CD_SV,"2021-01-21 12:30:02",256,238,18,0,96,78,18,0,300,204,90,4,2,24,3,4,27,26,0,0,0,0,0,0,0,1,3,0,0,0,0,0,0,0,0,0,0,0,0,1,0,0,0,1,0
17,DOLJ,"ŞCOALA GENERALĂ SPINENI",409,MELINEŞTI,73102,1,PROV,PRCNCT,CD,CD_SV,"2021-01-21 12:30:02",286,262,24,0,120,96,24,0,400,280,117,1,2,24,2,3,80,3,1,0,1,1,0,0,0,0,1,0,0,0,0,0,0,0,0,0,0,0,0,1,0,0,0,0,0
17,DOLJ,"ŞCOALA GENERALĂ MISCHII",410,MISCHII,73246,1,PROV,PRCNCT,CD,CD_SV,"2021-01-21 12:30:02",639,495,113,31,358,214,113,31,600,242,354,3,1,171,24,14,100,11,3,1,5,4,0,1,3,3,11,0,0,1,1,0,0,0,0,0,0,0,0,0,0,0,0,0,1
17,DOLJ,"ŞCOALA GENERALĂ MLECĂNEŞTI",411,MISCHII,73246,1,PROV,PRCNCT,CD,CD_SV,"2021-01-21 12:30:02",500,427,50,23,264,192,50,22,500,236,258,4,2,120,14,15,74,5,0,1,4,4,0,0,3,0,14,1,0,0,0,0,0,0,0,0,0,0,0,0,0,0,2,0,1
17,DOLJ,"ŞCOALA GENERALĂ URECHEŞTI",412,MISCHII,73246,1,PROV,PRCNCT,CD,CD_SV,"2021-01-21 12:30:02",538,425,72,41,317,204,72,41,500,183,313,3,1,169,31,29,60,2,0,0,1,2,1,2,2,0,12,0,1,0,0,0,0,0,0,0,0,0,0,0,0,0,0,0,1
17,DOLJ,"ŞCOALA GENERALĂ CĂLINEŞTI",413,MISCHII,73246,1,PROV,PRCNCT,CD,CD_SV,"2021-01-21 12:30:02",147,96,34,17,91,40,34,17,200,109,87,3,1,52,2,4,18,0,0,0,1,3,0,0,0,3,3,0,0,0,0,0,0,0,0,0,0,0,0,0,0,0,0,0,1
17,DOLJ,"ŞCOALA MOŢĂŢEI GARĂ",414,MOŢĂŢEI,73335,1,PROV,PRCNCT,CD,CD_SV,"2021-01-21 12:30:02",716,682,17,17,237,203,17,17,800,563,230,3,4,19,1,0,148,38,0,1,0,2,0,0,1,1,13,0,0,2,1,0,0,0,0,0,0,0,0,2,0,0,0,0,1
17,DOLJ,"GRĂDINIŢA NR. 2 MOŢĂŢEI",415,MOŢĂŢEI,73335,1,PROV,PRCNCT,CD,CD_SV,"2021-01-21 12:30:02",1779,1739,28,12,685,645,28,12,1900,1215,666,11,8,77,10,12,469,56,1,2,0,4,0,0,1,2,28,0,0,0,0,0,1,0,1,0,1,0,0,1,0,0,0,0,0
17,DOLJ,"ŞCOALA NR. 1 MOŢĂŢEI",416,MOŢĂŢEI,73335,2,PART,PRCNCT,CD,CD_SV,"2021-01-21 12:30:02",1136,1100,29,7,394,358,29,7,1200,806,377,8,9,54,8,13,250,25,1,1,1,2,0,0,4,1,13,0,1,0,0,2,1,0,0,0,0,0,0,0,0,0,0,0,0
17,DOLJ,"GRĂDINIŢA NR. 3 MOŢĂŢEI",417,MOŢĂŢEI,73335,1,PROV,PRCNCT,CD,CD_SV,"2021-01-21 12:30:02",1629,1595,32,2,563,529,32,2,1700,1137,548,5,10,69,9,14,375,56,2,1,1,1,0,1,1,2,13,1,1,0,0,0,0,0,0,0,0,0,0,1,0,0,0,0,0
17,DOLJ,"GRĂDINIŢA NR. 2 DOBRIDOR",418,MOŢĂŢEI,73335,2,PART,PRCNCT,CD,CD_SV,"2021-01-21 12:30:02",652,624,25,3,237,209,25,3,800,563,229,3,5,20,3,5,139,43,1,0,1,0,0,0,1,2,12,0,0,0,0,0,0,0,0,0,1,0,0,1,0,0,0,0,0
17,DOLJ,"ŞCOALA CU CLASELE I-VIII MURGAŞI",419,MURGAŞI,73371,1,PROV,PRCNCT,CD,CD_SV,"2021-01-21 12:30:02",964,865,69,30,505,406,69,30,1000,495,488,8,9,59,27,23,341,9,1,0,0,3,1,1,0,5,16,1,0,0,0,1,0,0,0,0,0,0,0,0,0,0,0,0,0
17,DOLJ,"GRĂDINIŢA BALOTA DE JOS",420,MURGAŞI,73371,1,PROV,PRCNCT,CD,CD_SV,"2021-01-21 12:30:02",772,705,40,27,374,307,40,27,800,426,359,6,9,51,2,11,265,3,0,0,3,1,0,0,0,0,22,0,0,0,0,0,0,0,1,0,0,0,0,0,0,0,0,0,0
17,DOLJ,"ŞCOALA CU CLASELE I-IV VELEŞTI",421,MURGAŞI,73371,1,PROV,PRCNCT,CD,CD_SV,"2021-01-21 12:30:02",420,353,53,14,233,166,53,14,500,267,223,1,9,20,1,7,176,1,0,0,1,2,1,0,1,1,9,0,0,0,0,0,0,1,0,0,0,0,1,1,0,0,0,0,0
17,DOLJ,"SCOALA GIMNAZIALA NEGOI",422,NEGOI,73460,2,PART,PRCNCT,CD,CD_SV,"2021-01-21 12:30:02",992,914,38,40,391,313,38,40,1100,709,368,8,15,27,5,6,258,46,2,0,0,5,0,1,1,1,11,1,0,0,0,0,0,0,0,0,0,0,0,1,0,0,0,1,2
17,DOLJ,"SCOALA GIMNAZIALA NEGOI",423,NEGOI,73460,2,PART,PRCNCT,CD,CD_SV,"2021-01-21 12:30:02",821,790,19,12,246,215,19,12,900,654,226,9,11,7,5,4,124,48,2,0,1,6,0,2,1,6,15,1,0,1,0,0,0,0,1,1,0,0,0,0,0,0,0,0,1
17,DOLJ,"ŞCOALA GENERALĂ ORODEL",424,ORODEL,73503,1,PROV,PRCNCT,CD,CD_SV,"2021-01-21 12:30:02",967,931,36,0,375,339,36,0,1100,725,370,2,3,47,7,11,263,4,0,1,0,7,0,0,0,4,18,0,0,0,0,1,0,0,0,0,0,0,0,5,0,1,0,0,1
17,DOLJ,"ŞCOALA GENERALĂ CORNU",425,ORODEL,73503,1,PROV,PRCNCT,CD,CD_SV,"2021-01-21 12:30:02",450,415,35,0,195,160,35,0,499,304,191,0,4,18,7,6,119,6,2,0,0,8,0,1,0,5,10,0,0,0,0,0,0,0,0,0,0,0,0,9,0,0,0,0,0
17,DOLJ,"ŞCOALA GENERALĂ TEIU",426,ORODEL,73503,1,PROV,PRCNCT,CD,CD_SV,"2021-01-21 12:30:02",207,183,24,0,80,56,24,0,300,220,76,2,2,9,2,4,47,1,2,0,0,1,3,0,0,0,3,0,0,0,1,0,0,0,0,0,0,0,0,3,0,0,0,0,0
17,DOLJ,"ŞCOALA GENERALĂ CĂLUGĂREI",427,ORODEL,73503,1,PROV,PRCNCT,CD,CD_SV,"2021-01-21 12:30:02",521,494,27,0,204,177,27,0,600,396,188,6,10,42,6,5,118,4,1,0,0,0,1,1,0,1,3,1,0,0,0,0,0,0,0,0,0,0,0,4,0,1,0,0,0
17,DOLJ,"CĂMINUL CULTURAL OSTROVENI",428,OSTROVENI,73567,1,PROV,PRCNCT,CD,CD_SV,"2021-01-21 12:30:02",1105,1063,42,0,337,295,42,0,1200,863,329,2,6,43,7,19,217,4,0,0,1,6,1,0,1,4,18,0,0,1,0,0,0,0,0,0,0,0,0,3,0,0,0,0,4
17,DOLJ,"GRĂDINIŢA DE COPII ORĂŞANI",429,OSTROVENI,73567,1,PROV,PRCNCT,CD,CD_SV,"2021-01-21 12:30:02",1126,1070,56,0,337,281,56,0,1200,863,326,6,5,56,4,17,191,14,0,0,2,2,0,2,4,3,21,0,0,0,0,0,1,0,1,0,0,0,0,1,0,0,3,1,3
17,DOLJ,"GRĂDINIŢA DE COPII GRINDENI",430,OSTROVENI,73567,1,PROV,PRCNCT,CD,CD_SV,"2021-01-21 12:30:02",589,562,27,0,190,163,27,0,700,510,180,5,5,41,5,4,93,1,4,1,0,4,0,0,0,2,13,0,0,0,0,0,0,1,0,0,0,0,0,8,0,0,0,0,3
17,DOLJ,"GRĂDINIŢA CU PROGRAM NORMAL LIŞTEAVA",431,OSTROVENI,73567,1,PROV,PRCNCT,CD,CD_SV,"2021-01-21 12:30:02",1233,1194,39,0,301,262,39,0,1300,999,270,17,14,42,14,8,150,8,0,1,0,3,2,1,1,2,14,0,0,1,0,0,0,0,2,0,1,0,1,0,0,0,1,0,18
17,DOLJ,"ŞCOALA PRIMARĂ(LOCAL VECHI)",432,PERIŞOR,73594,2,PART,PRCNCT,CD,CD_SV,"2021-01-21 12:30:02",1291,1137,131,23,608,454,131,23,1300,692,587,8,13,151,12,12,329,28,2,1,4,1,0,1,1,7,32,0,0,2,0,0,1,0,0,0,1,0,0,1,0,0,1,0,0
17,DOLJ,"ŞCOALA PRIMARĂ CL. I-IV",433,PERIŞOR,73594,1,PROV,PRCNCT,CD,CD_SV,"2021-01-21 12:30:02",267,222,45,0,132,87,45,0,400,268,128,3,1,20,4,2,70,15,1,0,6,1,0,1,0,0,5,1,0,0,0,0,0,0,0,1,0,0,0,1,0,0,0,0,0
17,DOLJ,"ŞCOALA GIMNAZIALĂ PIELEŞTI",434,PIELEŞTI,73629,1,PROV,PRCNCT,CD,CD_SV,"2021-01-21 12:30:02",1483,1251,229,3,662,430,229,3,1400,738,651,7,4,46,97,48,153,230,4,1,7,8,6,3,6,6,26,0,1,0,1,0,0,3,0,0,0,0,0,0,0,0,1,0,4
17,DOLJ,"SEDIUL FOSTEI ŞCOLI GENERALE NR 2 PIELEŞTI",435,PIELEŞTI,73629,1,PROV,PRCNCT,CD,CD_SV,"2021-01-21 12:30:02",1613,1536,75,2,502,425,75,2,1700,1198,500,2,0,94,14,101,131,111,2,2,0,4,5,3,0,2,23,1,0,1,0,0,2,0,0,0,0,0,0,0,0,0,0,1,3
17,DOLJ,"ŞCOALA GIMNAZIALĂ PIELEŞTI",436,PIELEŞTI,73629,1,PROV,PRCNCT,CD,CD_SV,"2021-01-21 12:30:02",642,597,44,1,263,218,44,1,800,537,255,1,7,57,37,10,96,17,1,1,2,4,1,1,3,5,16,0,1,0,0,0,0,0,0,0,0,1,0,0,0,0,1,0,1
17,DOLJ,"CAMINUL CULTURAL PISCU VECHI",437,"PISCU VECHI",73665,2,PART,PRCNCT,CD,CD_SV,"2021-01-21 12:30:02",1063,959,64,40,549,446,64,39,1100,551,521,15,13,46,3,6,412,8,0,1,1,8,0,0,0,3,30,0,0,1,0,0,0,0,0,0,0,0,0,2,0,0,0,0,0
17,DOLJ,"SCOALA PISCULET",438,"PISCU VECHI",73665,1,PROV,PRCNCT,CD,CD_SV,"2021-01-21 12:30:02",263,230,31,2,168,135,31,2,300,132,163,2,3,5,1,2,142,2,2,0,0,2,0,0,0,1,6,0,0,0,0,0,0,0,0,0,0,0,0,0,0,0,0,0,0
17,DOLJ,"SCOALA GIMNAZIALA PISCU VECHI",439,"PISCU VECHI",73665,1,PROV,PRCNCT,CD,CD_SV,"2021-01-21 12:30:02",1047,965,59,23,504,422,59,23,1100,596,490,4,10,51,5,8,370,16,1,1,3,3,0,1,0,6,13,0,0,5,0,0,0,1,0,0,0,0,0,0,1,0,0,0,5
17,DOLJ,"LICEUL TEHNOLOGIC C.N. PLOPSOR",440,PLENIŢA,73709,1,PROV,PRCNCT,CD,CD_SV,"2021-01-21 12:30:02",1081,1026,35,20,418,363,35,20,1200,782,404,12,2,157,13,23,129,14,0,1,3,2,34,0,3,0,19,0,0,0,0,0,0,0,0,0,0,0,0,5,0,0,0,0,1
17,DOLJ,"SCOALA CU CALSELE I-VIII LOCAL B POIANA",441,PLENIŢA,73709,1,PROV,PRCNCT,CD,CD_SV,"2021-01-21 12:30:02",990,954,16,20,362,326,16,20,1100,738,335,17,10,114,21,13,113,7,1,0,2,5,16,1,1,3,30,0,0,0,0,0,0,0,0,0,0,0,0,6,0,0,1,0,1
17,DOLJ,"GRADINITA ”ALBA CA ZAPADA”",442,PLENIŢA,73709,2,PART,PRCNCT,CD,CD_SV,"2021-01-21 12:30:02",1126,1039,34,53,458,371,34,53,1200,742,443,10,5,176,17,15,151,5,1,0,4,3,38,0,1,5,18,1,1,2,0,0,0,1,1,0,1,0,0,1,0,0,1,0,0
17,DOLJ,"SCOALA CU CLASELEI-IV DIN SATUL CASTRELE TRAIANE",443,PLENIŢA,73709,1,PROV,PRCNCT,CD,CD_SV,"2021-01-21 12:30:02",678,635,17,26,249,206,17,26,800,551,244,4,1,93,36,3,81,6,2,0,1,0,4,2,2,2,10,0,0,0,0,0,0,0,0,0,0,0,0,2,0,0,0,0,0
17,DOLJ,"SCOALA GIMNAZIALA PLEŞOI",444,PLEŞOI,74931,3,PART,PRCNCT,CD,CD_SV,"2021-01-21 12:30:02",1245,1015,208,22,746,516,208,22,1300,554,714,32,0,222,5,9,410,10,3,0,1,15,0,0,3,15,8,5,0,0,0,0,1,1,0,1,0,0,1,1,0,0,1,0,2
17,DOLJ,"ŞCOALA GENERALĂ BRANIŞTE",445,PODARI,70110,1,PROV,PRCNCT,CD,CD_SV,"2021-01-21 12:30:02",738,711,27,0,257,230,27,0,800,543,249,2,6,36,3,32,134,11,1,1,2,4,0,3,0,2,15,0,2,1,0,0,0,0,1,0,0,0,0,1,0,0,0,0,0
17,DOLJ,"ŞCOALA GENERALĂ BALTA VERDE",446,PODARI,70110,1,PROV,PRCNCT,CD,CD_SV,"2021-01-21 12:30:02",459,437,22,0,198,176,22,0,600,402,195,1,2,24,13,28,86,10,1,0,4,2,0,0,2,2,21,1,0,0,0,0,0,0,0,0,0,0,0,0,0,0,0,0,1
17,DOLJ,"PRIMĂRIA PODARI",447,PODARI,70110,1,PROV,PRCNCT,CD,CD_SV,"2021-01-21 12:30:02",1468,1388,80,0,489,409,80,0,1500,1011,483,3,3,59,16,36,310,21,1,0,4,4,1,0,0,4,23,0,0,0,0,0,0,1,0,0,0,0,0,1,0,0,1,0,1
17,DOLJ,"ŞCOALA GENERALĂ PODARI",448,PODARI,70110,1,PROV,PRCNCT,CD,CD_SV,"2021-01-21 12:30:02",2034,1955,79,0,568,489,79,0,2100,1532,544,15,9,74,19,55,317,14,1,0,0,7,3,2,0,10,38,0,0,1,0,0,0,0,0,1,0,1,0,0,0,0,0,0,1
17,DOLJ,"ŞCOALA GENERALĂ LIVEZI",449,PODARI,70110,1,PROV,PRCNCT,CD,CD_SV,"2021-01-21 12:30:02",755,739,16,0,250,234,16,0,900,650,244,4,2,29,16,21,134,8,1,0,0,6,0,0,1,4,20,0,1,0,0,0,0,0,0,0,0,0,0,0,0,0,1,0,2
17,DOLJ,"ŞCOALA GENERALĂ GURA VĂII",450,PODARI,70110,3,PART,PRCNCT,CD,CD_SV,"2021-01-21 12:30:02",402,372,30,0,159,129,30,0,500,341,154,2,3,12,6,9,105,5,0,0,2,1,0,0,0,3,9,0,0,1,0,0,0,0,0,0,0,0,0,0,0,0,0,0,1
17,DOLJ,"ŞCOALA PRIMARĂ I-IV SÎRBI",451,"POIANA MARE",73736,2,PART,PRCNCT,CD,CD_SV,"2021-01-21 12:30:02",1455,1432,23,0,489,466,23,0,1600,1111,475,10,4,171,13,10,197,33,1,0,0,4,1,1,1,7,27,0,0,0,0,0,0,1,0,0,0,1,0,3,0,0,2,0,2
17,DOLJ,"ŞCOALA GENERALĂ DRAGU",452,"POIANA MARE",73736,1,PROV,PRCNCT,CD,CD_SV,"2021-01-21 12:30:02",1564,1547,17,0,474,457,17,0,1700,1226,465,3,6,145,12,19,194,49,0,0,2,4,1,1,1,5,24,0,0,1,0,0,0,0,0,0,1,0,1,1,0,0,2,1,1
17,DOLJ,"ŞCOALA GENERALĂ 3 CENTRU",453,"POIANA MARE",73736,1,PROV,PRCNCT,CD,CD_SV,"2021-01-21 12:30:02",1465,1364,31,70,523,422,31,70,1500,977,507,12,4,183,13,12,194,58,4,5,0,8,0,4,1,4,10,0,0,1,0,0,0,0,1,0,0,1,0,6,0,0,1,0,1
17,DOLJ,"LICEUL GEORGE ST. MARINCU",454,"POIANA MARE",73736,1,PROV,PRCNCT,CD,CD_SV,"2021-01-21 12:30:02",1265,1246,19,0,426,407,19,0,1400,974,416,4,6,152,6,25,148,44,1,0,3,5,1,1,2,4,19,0,0,0,0,0,0,0,2,0,0,0,0,2,0,1,0,0,0
17,DOLJ,"ŞCOALA GENERALĂ TRAISTARU",455,"POIANA MARE",73736,1,PROV,PRCNCT,CD,CD_SV,"2021-01-21 12:30:02",1696,1632,62,2,595,531,62,2,1800,1205,587,2,6,203,20,13,225,78,1,0,1,4,1,3,2,3,28,1,0,0,0,0,0,0,0,0,0,0,0,0,0,0,0,0,4
17,DOLJ,"ŞCOALA GENERALĂ TUNARII VECHI",456,"POIANA MARE",73736,1,PROV,PRCNCT,CD,CD_SV,"2021-01-21 12:30:02",1086,1052,34,0,348,314,34,0,1200,852,338,3,7,131,10,11,129,21,0,0,2,1,1,2,1,5,21,1,0,0,0,0,0,0,0,0,1,0,0,1,0,0,0,0,0
17,DOLJ,"ŞCOALA GENERALĂ TUNARII NOI",457,"POIANA MARE",73736,1,PROV,PRCNCT,CD,CD_SV,"2021-01-21 12:30:02",428,412,16,0,169,153,16,0,500,331,164,2,3,61,3,5,45,32,2,0,1,0,4,1,0,2,7,0,0,0,0,0,0,0,0,0,0,0,0,1,0,0,0,0,0
17,DOLJ,"ŞC.GIMNAZIALĂ PREDEŞTI",458,PREDEŞTI,73772,2,PART,PRCNCT,CD,CD_SV,"2021-01-21 12:30:02",1972,1676,280,16,1041,745,280,16,1900,859,1038,3,0,676,11,29,300,12,0,0,0,4,0,0,0,3,0,0,0,0,0,0,0,0,0,0,0,0,0,3,0,0,0,0,0
17,DOLJ,"ŞCOALA GIMNAZIALA RADOVAN",459,RADOVAN,73852,1,PROV,PRCNCT,CD,CD_SV,"2021-01-21 12:30:02",919,804,115,0,289,174,115,0,1000,711,286,0,3,62,9,10,104,71,2,0,1,1,2,0,1,3,13,1,1,0,0,0,0,0,0,0,0,0,0,1,0,0,0,0,4
17,DOLJ,"CAMIN CULTURAL FÂNTÂNELE",460,RADOVAN,73852,1,PROV,PRCNCT,CD,CD_SV,"2021-01-21 12:30:02",112,76,36,0,60,24,36,0,300,240,57,1,2,15,3,3,26,4,0,0,1,0,1,0,1,0,3,0,0,0,0,0,0,0,0,0,0,0,0,0,0,0,0,0,0
17,DOLJ,"CAMIN CULTURAL TÂRNAVA",461,RADOVAN,73852,1,PROV,PRCNCT,CD,CD_SV,"2021-01-21 12:30:02",183,153,30,0,62,32,30,0,300,238,59,1,2,21,6,2,17,2,2,0,1,1,1,0,0,0,3,0,0,0,0,0,0,0,0,0,0,0,0,0,0,0,0,0,3
17,DOLJ,"ȘCOALA GIMNAZIALĂ „GHEORGHE JIENESCU”” RAST - SALA DE SPORT",462,RAST,73905,1,PROV,PRCNCT,CD,CD_SV,"2021-01-21 12:30:02",1726,1640,75,11,904,818,75,11,1800,896,858,16,30,131,7,28,588,68,3,1,2,2,0,3,3,4,14,0,0,0,0,0,0,0,0,0,2,0,0,0,0,0,0,1,1
17,DOLJ,"SALA DE SPORT",463,RAST,73905,1,PROV,PRCNCT,CD,CD_SV,"2021-01-21 12:30:02",1276,1210,66,0,562,496,66,0,1400,838,528,17,17,62,5,16,368,37,2,1,1,4,1,1,2,3,19,0,0,0,1,0,0,0,0,0,0,0,1,2,0,0,1,0,1
17,DOLJ,"CĂMIN CULTURAL",464,ROBĂNEŞTI,73923,1,PROV,PRCNCT,CD,CD_SV,"2021-01-21 12:30:02",527,492,35,0,198,163,35,0,600,402,190,7,1,21,10,10,125,9,2,1,1,1,0,1,1,5,0,0,0,0,0,1,0,0,0,0,0,0,0,2,0,0,0,0,0
17,DOLJ,"ŞCOALA GOLFIN",465,ROBĂNEŞTI,73923,1,PROV,PRCNCT,CD,CD_SV,"2021-01-21 12:30:02",515,480,35,0,202,167,35,0,600,398,198,1,3,16,6,4,126,15,1,0,1,6,0,0,0,1,18,0,0,0,0,0,0,0,1,0,0,0,0,1,0,0,2,0,0
17,DOLJ,"ŞCOALA LĂCRIŢA MARE",466,ROBĂNEŞTI,73923,1,PROV,PRCNCT,CD,CD_SV,"2021-01-21 12:30:02",517,468,49,0,198,149,49,0,600,402,193,3,2,16,5,6,107,45,1,0,0,2,0,0,3,0,7,0,0,0,0,0,0,0,0,0,0,0,0,1,0,0,0,0,0
17,DOLJ,"ŞCOALA ROBĂNEŞTII DE SUS",467,ROBĂNEŞTI,73923,1,PROV,PRCNCT,CD,CD_SV,"2021-01-21 12:30:02",536,512,24,0,206,182,24,0,600,394,199,5,2,29,7,7,113,10,1,0,2,0,1,0,1,4,22,0,0,0,0,0,0,0,0,0,0,0,0,1,0,0,0,1,0
17,DOLJ,"ŞCOALA GIMNAZIALĂ ROJIŞTE",468,ROJIŞTE,74949,1,PROV,PRCNCT,CD,CD_SV,"2021-01-21 12:30:02",1677,1472,166,39,953,748,166,39,1700,747,916,15,22,663,1,7,204,2,0,0,4,6,2,1,0,4,11,2,1,0,0,0,0,0,0,0,0,1,1,5,0,0,0,0,1
17,DOLJ,"ŞCOALA CU CLS.I-IV",469,ROJIŞTE,74949,1,PROV,PRCNCT,CD,CD_SV,"2021-01-21 12:30:02",672,523,132,17,433,284,132,17,600,167,426,0,7,249,2,3,154,5,1,0,0,1,0,0,1,1,7,0,0,0,0,1,0,0,0,0,0,0,1,0,0,0,0,0,0
17,DOLJ,"SCOALA GIMNAZIALA STRUCTURA RAIETI",470,SADOVA,73996,1,PROV,PRCNCT,CD,CD_SV,"2021-01-21 12:30:02",538,519,14,5,158,139,14,5,600,442,149,6,3,46,6,2,42,35,0,0,0,1,0,1,0,0,12,0,0,2,0,0,1,0,0,0,0,0,0,1,0,0,0,0,0
17,DOLJ,"SCOALA GIMNAZIALA STRUCTURA RAIETI",471,SADOVA,73996,2,PART,PRCNCT,CD,CD_SV,"2021-01-21 12:30:02",1455,1444,11,0,190,179,11,0,1600,1410,168,22,0,20,8,2,80,38,3,1,0,2,0,0,0,0,1,0,0,8,0,0,0,0,0,0,0,0,2,1,0,0,1,0,1
17,DOLJ,"SCOALA GIMNAZIALA SADOVA LOCAL VALE",472,SADOVA,73996,1,PROV,PRCNCT,CD,CD_SV,"2021-01-21 12:30:02",1274,1252,21,1,318,296,21,1,1400,1082,300,4,14,87,5,4,112,58,1,1,0,4,1,1,2,1,20,0,0,1,0,0,1,0,0,0,0,0,0,0,0,0,0,0,1
17,DOLJ,"SCOALA GIMNAZIALA SADOVA, LOCAL DEAL",473,SADOVA,73996,1,PROV,PRCNCT,CD,CD_SV,"2021-01-21 12:30:02",1248,1206,18,24,355,313,18,24,1300,945,335,11,9,113,8,6,103,64,1,0,0,2,1,0,2,2,29,1,0,1,0,0,0,0,1,0,0,0,0,0,0,0,1,0,0
17,DOLJ,"CĂMINUL CULTURAL DAMIAN",474,SADOVA,73996,2,PART,PRCNCT,CD,CD_SV,"2021-01-21 12:30:02",1467,1373,77,17,636,542,77,17,1500,864,618,10,8,43,25,13,80,404,1,0,1,4,1,3,1,2,35,1,0,0,0,0,0,0,0,0,0,0,0,0,0,0,2,0,2
17,DOLJ,"ŞCOALA GIMNAZIALĂ SADOVA, STRUCTURA PISCU – SADOVEI LOCAL VECHI",475,SADOVA,73996,2,PART,PRCNCT,CD,CD_SV,"2021-01-21 12:30:02",974,927,42,5,359,312,42,5,1000,641,346,9,4,68,37,2,78,135,2,0,3,4,0,1,1,1,7,2,1,1,0,0,0,0,0,0,0,0,0,1,0,0,2,0,0
17,DOLJ,"ŞCOALA VECHE SĂLCUŢA",476,SĂLCUŢA,74028,1,PROV,PRCNCT,CD,CD_SV,"2021-01-21 12:30:02",892,857,35,0,200,165,35,0,1000,800,186,6,8,32,8,4,99,25,0,1,1,2,0,0,0,1,7,0,0,4,0,0,0,0,0,0,0,0,0,0,0,1,0,0,1
17,DOLJ,"ŞCOALA VECHE TENCĂNĂU",477,SĂLCUŢA,74028,1,PROV,PRCNCT,CD,CD_SV,"2021-01-21 12:30:02",705,674,31,0,197,166,31,0,800,603,185,6,6,28,1,3,125,4,4,0,1,1,0,0,0,4,8,0,0,1,0,1,0,0,0,0,2,0,0,1,0,0,0,0,1
17,DOLJ,"ŞCOALA GENERALĂ SCAEŞTI",478,SCĂEŞTI,74073,1,PROV,PRCNCT,CD,CD_SV,"2021-01-21 12:30:02",981,886,69,26,454,359,69,26,1000,546,442,7,5,114,14,40,209,32,0,0,3,6,0,1,2,2,16,1,0,0,0,0,0,0,0,0,0,1,0,0,0,0,0,0,1
17,DOLJ,"ŞCOALA GENERALĂ VALEA LUI PĂTRU",479,SCĂEŞTI,74073,1,PROV,PRCNCT,CD,CD_SV,"2021-01-21 12:30:02",798,762,36,0,303,267,36,0,900,597,280,10,13,46,26,20,118,14,1,1,0,6,0,2,4,7,23,0,0,9,0,0,0,0,0,0,1,0,0,2,0,0,0,0,0
17,DOLJ,"ŞCOALA GIMNAZIALĂ CU CLASELE I-VIII DIN SEACA DE CÎMP",480,"SEACA DE CÂMP",74108,1,PROV,PRCNCT,CD,CD_SV,"2021-01-21 12:30:02",899,754,95,50,584,441,95,48,900,316,564,11,9,260,6,5,229,13,2,1,3,10,0,1,2,6,23,0,0,1,0,0,0,0,0,0,0,0,1,0,0,0,1,0,0
17,DOLJ,"ȘCOALA GIMNAZIALĂ PISCU NOU",481,"SEACA DE CÂMP",74108,1,PROV,PRCNCT,CD,CD_SV,"2021-01-21 12:30:02",869,727,107,35,565,423,107,35,900,335,552,7,6,199,4,5,240,86,2,0,0,3,1,1,1,0,8,0,0,0,0,0,0,0,0,0,0,0,0,0,0,1,0,1,0
17,DOLJ,"ŞCOALA SEACA DE PĂDURE",482,"SEACA DE PĂDURE",74135,1,PROV,PRCNCT,CD,CD_SV,"2021-01-21 12:30:02",371,310,42,19,224,163,42,19,400,176,220,0,4,9,1,5,192,0,1,0,1,0,0,0,0,3,6,0,0,0,0,0,0,0,0,0,0,0,0,1,0,0,0,0,1
17,DOLJ,"ŞCOALA VELENI",483,"SEACA DE PĂDURE",74135,1,PROV,PRCNCT,CD,CD_SV,"2021-01-21 12:30:02",328,286,32,10,153,111,32,10,400,247,142,3,8,23,2,2,95,2,1,0,0,4,1,2,1,0,7,0,0,0,0,0,0,0,0,0,0,0,0,1,1,0,0,0,0
17,DOLJ,"ŞCOALA RĂCHITA DE SUS",484,"SEACA DE PĂDURE",74135,2,PART,PRCNCT,CD,CD_SV,"2021-01-21 12:30:02",171,134,25,12,98,61,25,12,200,102,95,1,2,7,1,1,73,2,0,0,0,2,1,0,0,4,2,0,0,0,0,0,1,0,0,0,0,0,0,1,0,0,0,0,0
17,DOLJ,"ȘCOALA GEN.CLASELE I-IV SECU",485,SECU,74171,2,PART,PRCNCT,CD,CD_SV,"2021-01-21 12:30:02",743,649,56,38,432,338,56,38,800,368,410,7,15,35,4,2,320,17,1,0,1,3,0,1,5,6,13,1,0,0,0,0,0,1,0,0,0,0,0,0,0,0,0,0,0
17,DOLJ,"ŞCOALA GENERALĂ CU CLS. I-IV SMADOVICIOARA",486,SECU,74171,2,PART,PRCNCT,CD,CD_SV,"2021-01-21 12:30:02",217,168,42,7,174,125,42,7,300,126,160,14,0,35,3,2,115,5,0,0,0,0,0,0,0,0,0,0,0,0,0,0,0,0,0,0,0,0,0,0,0,0,0,0,0
17,DOLJ,"CĂMINUL CULTURAL",487,"SILIŞTEA CRUCII",74224,2,PART,PRCNCT,CD,CD_SV,"2021-01-21 12:30:02",1328,1206,85,37,573,451,85,37,1400,827,555,7,11,145,20,11,298,11,1,2,0,9,3,3,4,2,43,1,0,1,0,0,0,0,0,0,0,0,0,0,0,0,0,0,1
17,DOLJ,"SCOALA CU CLASELE I-IV SOPOT",488,SOPOT,74242,1,PROV,PRCNCT,CD,CD_SV,"2021-01-21 12:30:02",434,384,50,0,182,132,50,0,500,318,174,3,5,35,7,5,93,5,1,0,0,2,1,0,2,2,19,1,0,1,0,0,0,0,0,0,0,0,0,0,0,0,0,0,0
17,DOLJ,"SCOALA CU CLASELE I-VIII BELOŢ",489,SOPOT,74242,2,PART,PRCNCT,CD,CD_SV,"2021-01-21 12:30:02",301,258,43,0,141,98,43,0,399,258,136,3,2,63,13,9,38,1,0,0,0,1,3,0,1,3,3,0,0,0,0,0,0,0,0,0,0,0,0,0,0,0,1,0,0
17,DOLJ,"SCOALA SÎRSCA",490,SOPOT,74242,1,PROV,PRCNCT,CD,CD_SV,"2021-01-21 12:30:02",149,124,25,0,74,49,25,0,200,126,70,4,0,29,7,1,19,3,1,0,1,0,2,1,1,0,1,1,0,0,1,0,0,0,0,0,0,0,0,0,0,1,0,0,1
17,DOLJ,"SCOALA CU CLASELE I-IV BAŞCOV",491,SOPOT,74242,1,PROV,PRCNCT,CD,CD_SV,"2021-01-21 12:30:02",305,285,20,0,128,108,20,0,400,272,122,4,2,49,6,3,48,6,0,1,1,2,3,0,1,0,1,1,0,0,0,0,0,0,0,0,0,0,0,0,0,0,0,0,0
17,DOLJ,"SCOALA CU CLASELE I-IV PIETROAIA",492,SOPOT,74242,1,PROV,PRCNCT,CD,CD_SV,"2021-01-21 12:30:02",373,354,19,0,117,98,19,0,500,383,112,2,3,44,4,13,32,6,0,2,1,2,0,0,0,0,7,0,0,0,0,0,0,0,0,0,0,0,1,0,0,0,0,0,0
17,DOLJ,"CAMIN CULTURAL ALBESTI",493,"ŞIMNICU DE SUS",70174,1,PROV,PRCNCT,CD,CD_SV,"2021-01-21 12:30:02",1033,969,64,0,377,313,64,0,1100,723,370,7,0,65,20,73,138,20,1,1,3,2,0,2,0,3,37,0,0,0,0,0,0,0,0,0,0,0,0,0,0,0,0,0,5
17,DOLJ,"CAMIN CULTURAL DUDOVICESTI",494,"ŞIMNICU DE SUS",70174,1,PROV,PRCNCT,CD,CD_SV,"2021-01-21 12:30:02",900,804,94,2,285,189,94,2,900,615,284,1,0,62,18,49,107,14,0,0,5,7,0,1,0,2,15,0,1,0,0,0,0,0,0,0,0,1,0,0,0,0,1,0,1
17,DOLJ,"CAMIN CULTURAL FLORESTI",495,"ŞIMNICU DE SUS",70174,1,PROV,PRCNCT,CD,CD_SV,"2021-01-21 12:30:02",734,699,35,0,202,167,35,0,800,598,191,8,3,30,15,27,82,6,2,1,0,3,1,1,0,3,16,0,0,0,0,0,0,0,0,0,0,0,1,0,0,0,0,0,3
17,DOLJ,"SCOALA IZVOR",496,"ŞIMNICU DE SUS",70174,1,PROV,PRCNCT,CD,CD_SV,"2021-01-21 12:30:02",632,584,48,0,259,211,48,0,700,441,252,5,2,36,29,24,110,6,0,1,3,4,0,0,2,2,34,0,0,0,0,0,0,0,0,0,0,0,0,1,0,0,0,0,0
17,DOLJ,"GRADINITA LESILE",497,"ŞIMNICU DE SUS",70174,1,PROV,PRCNCT,CD,CD_SV,"2021-01-21 12:30:02",804,752,52,0,241,189,52,0,900,659,233,3,5,18,11,32,144,9,1,1,3,3,0,0,0,0,11,0,0,0,0,0,0,0,0,0,0,0,0,0,0,0,0,0,0
17,DOLJ,"SCOALA MILESTI",498,"ŞIMNICU DE SUS",70174,1,PROV,PRCNCT,CD,CD_SV,"2021-01-21 12:30:02",693,655,38,0,212,174,38,0,800,588,208,4,0,44,13,32,85,6,2,0,2,1,0,1,1,0,16,0,0,0,0,0,0,0,2,0,0,0,0,1,0,0,2,0,0
17,DOLJ,"SCOALA GIMNAZIALA TĂLPAȘ",499,TĂLPAŞ,74956,1,PROV,PRCNCT,CD,CD_SV,"2021-01-21 12:30:02",1054,989,65,0,416,351,65,0,1200,784,406,3,7,87,14,14,228,25,1,1,1,0,0,0,1,2,30,0,0,0,0,0,0,1,0,0,0,0,0,1,0,0,0,0,0
17,DOLJ,"CĂMINUL CULTURAL TEASC",500,TEASC,74322,1,PROV,PRCNCT,CD,CD_SV,"2021-01-21 12:30:02",1390,1343,47,0,498,451,47,0,1500,1002,490,6,2,200,16,41,182,15,0,0,1,3,1,0,0,2,28,0,0,0,0,0,0,0,0,0,0,0,0,1,0,0,0,0,0
17,DOLJ,"ŞCOALA GIMNAZIALĂ SECUI",501,TEASC,74322,1,PROV,PRCNCT,CD,CD_SV,"2021-01-21 12:30:02",1262,1211,51,0,438,387,51,0,1400,962,433,4,1,191,23,26,145,6,0,0,0,7,0,1,0,2,28,0,0,0,1,1,0,0,0,0,0,1,0,1,0,0,0,0,0
17,DOLJ,"ŞCOALA GENERALĂ TERPEZIŢA",502,TERPEZIŢA,74359,1,PROV,PRCNCT,CD,CD_SV,"2021-01-21 12:30:02",848,707,109,32,506,365,109,32,800,294,481,5,20,117,39,11,263,27,0,0,1,2,0,0,2,3,14,0,1,0,0,0,0,0,0,1,0,0,0,0,0,0,0,0,0
17,DOLJ,"ŞCOALA CU CLASELE I-IV CĂCIULATU",503,TERPEZIŢA,74359,1,PROV,PRCNCT,CD,CD_SV,"2021-01-21 12:30:02",302,265,28,9,181,144,28,9,400,219,174,4,3,66,5,2,84,7,1,0,0,2,0,0,0,2,4,0,0,0,0,0,0,0,0,0,1,0,0,0,0,0,0,0,0
17,DOLJ,"ŞCOALA CU CLASELE I-IV LAZU",504,TERPEZIŢA,74359,1,PROV,PRCNCT,CD,CD_SV,"2021-01-21 12:30:02",335,262,61,12,195,122,61,12,400,205,184,6,5,45,9,3,90,28,0,0,0,1,1,1,0,1,3,0,0,0,0,0,0,0,0,0,0,1,0,1,0,0,0,0,0
17,DOLJ,"SCOALA GIMNAZIALA TESLUI",505,TESLUI,74411,1,PROV,PRCNCT,CD,CD_SV,"2021-01-21 12:30:02",467,441,26,0,162,136,26,0,600,438,147,8,7,18,5,3,101,10,0,0,0,2,0,0,0,2,4,0,0,0,0,0,0,1,0,0,0,0,0,1,0,0,0,0,0
17,DOLJ,"ȘCOALA GENERALĂ CLASELE V-VIII PREAJBA DE PĂDURE",506,TESLUI,74411,1,PROV,PRCNCT,CD,CD_SV,"2021-01-21 12:30:02",676,633,43,0,320,277,43,0,800,480,310,4,6,30,7,24,214,6,1,2,0,1,1,0,1,4,18,0,0,0,0,0,0,0,0,0,0,0,1,0,0,0,0,0,0
17,DOLJ,"ȘCOALA CLASELE I-IV ȚĂRȚĂL",507,TESLUI,74411,1,PROV,PRCNCT,CD,CD_SV,"2021-01-21 12:30:02",301,277,24,0,161,137,24,0,400,239,158,1,2,27,2,4,58,51,1,0,5,8,0,0,0,1,0,0,0,0,0,0,0,0,0,0,0,0,0,0,0,0,0,0,1
17,DOLJ,"SCOALA VIISOARA MOSNENI",508,TESLUI,74411,1,PROV,PRCNCT,CD,CD_SV,"2021-01-21 12:30:02",463,434,29,0,188,159,29,0,500,312,179,4,5,29,8,14,96,9,1,0,0,4,0,0,2,4,9,0,0,1,0,0,0,1,0,1,0,0,0,0,0,0,0,0,0
17,DOLJ,"ȘCOALA GIMNAZIALĂ ȚUGLUI",509,ŢUGLUI,74509,1,PROV,PRCNCT,CD,CD_SV,"2021-01-21 12:30:02",1363,1308,49,6,549,494,49,6,1500,951,544,2,3,138,13,31,316,4,2,0,2,2,0,0,0,5,28,1,0,1,0,0,0,0,0,0,0,0,0,0,0,0,0,0,1
17,DOLJ,"GRĂDINIȚA NR 2 ȚUGLUI",510,ŢUGLUI,74509,1,PROV,PRCNCT,CD,CD_SV,"2021-01-21 12:30:02",929,903,24,2,401,375,24,2,1000,599,384,9,8,89,9,58,208,2,0,0,2,2,0,0,0,1,12,0,0,0,0,1,0,0,0,0,0,0,0,0,0,0,0,0,0
17,DOLJ,"DISPENSAR UMAN",511,ŢUGLUI,74509,1,PROV,PRCNCT,CD,CD_SV,"2021-01-21 12:30:02",260,232,28,0,119,91,28,0,300,181,113,2,4,14,1,6,76,1,0,0,1,2,0,0,1,2,6,0,0,0,0,0,0,0,0,0,0,0,0,0,0,0,1,0,2
17,DOLJ,"SCOALA DIN VALE NR.1",512,UNIREA,74536,2,PART,PRCNCT,CD,CD_SV,"2021-01-21 12:30:02",1718,1632,49,37,681,595,49,37,1800,1119,649,9,23,109,1,13,414,55,3,1,2,5,0,0,1,6,32,0,0,2,1,1,1,0,1,0,0,0,0,1,0,0,0,0,0
17,DOLJ,"SCOALA NR.2",513,UNIREA,74536,1,PROV,PRCNCT,CD,CD_SV,"2021-01-21 12:30:02",1454,1396,35,23,542,484,35,23,1600,1058,521,10,11,85,8,9,318,46,1,0,2,8,1,4,2,9,23,1,0,2,0,0,0,0,1,0,0,0,0,1,0,0,0,0,0
17,DOLJ,"SCOALA CU CLS. I-VIII BARBU IONESCU URZICUTA",514,URZICUŢA,74554,1,PROV,PRCNCT,CD,CD_SV,"2021-01-21 12:30:02",1950,1868,82,0,494,412,82,0,2000,1506,473,21,0,143,45,10,199,7,0,0,2,6,1,4,1,5,20,0,1,1,0,0,0,0,0,0,0,0,0,3,0,0,0,0,25
17,DOLJ,"CĂMIN CULTURAL",515,URZICUŢA,74554,1,PROV,PRCNCT,CD,CD_SV,"2021-01-21 12:30:02",415,373,42,0,206,164,42,0,600,394,194,6,6,106,3,3,46,4,0,1,6,2,0,1,0,3,13,0,0,2,0,0,0,0,0,0,0,0,0,0,0,0,0,0,4
17,DOLJ,"SALA DE SEDINȚĂ A CONSILIULUI LOCAL",516,"VALEA STANCIULUI",74581,1,PROV,PRCNCT,CD,CD_SV,"2021-01-21 12:30:02",1252,1162,90,0,529,439,90,0,1300,771,513,9,7,203,15,20,225,8,2,0,2,3,0,0,1,4,17,1,0,1,0,0,1,0,0,0,0,0,1,2,0,0,2,0,5
17,DOLJ,"SCOALA CU CLASELE I-VIII",517,"VALEA STANCIULUI",74581,1,PROV,PRCNCT,CD,CD_SV,"2021-01-21 12:30:02",1388,1340,48,0,552,504,48,0,1500,948,522,30,0,72,6,18,349,15,3,0,0,2,0,0,1,4,23,1,0,1,0,1,0,0,0,0,0,0,0,0,0,0,2,1,23
17,DOLJ,"GRADINITA TUGURESTI",518,"VALEA STANCIULUI",74581,1,PROV,PRCNCT,CD,CD_SV,"2021-01-21 12:30:02",542,505,37,0,273,236,37,0,600,327,258,8,7,115,6,8,95,8,0,0,2,4,1,0,0,0,12,0,2,0,0,0,0,0,0,0,0,0,0,2,0,0,0,0,3
17,DOLJ,"GRĂDINIȚA CU PROGRAM NORMAL NR.1 VALEA STANCIULUI",519,"VALEA STANCIULUI",74581,1,PROV,PRCNCT,CD,CD_SV,"2021-01-21 12:30:02",721,680,41,0,293,252,41,0,800,507,275,18,0,134,2,2,107,6,7,0,2,2,0,1,0,3,9,0,0,0,0,0,0,0,0,0,0,0,0,0,0,0,0,0,0
17,DOLJ,"SCOALA CU CLASELE I-IV",520,"VALEA STANCIULUI",74581,3,PART,PRCNCT,CD,CD_SV,"2021-01-21 12:30:02",614,553,61,0,258,197,61,0,700,442,247,2,9,68,4,15,128,10,0,1,0,6,0,2,0,5,7,0,0,0,0,0,0,1,0,0,0,0,0,0,0,0,0,0,0
17,DOLJ,"ŞCOALA GIMNAZIALĂ VÎRTOP",521,VÂRTOP,74732,1,PROV,PRCNCT,CD,CD_SV,"2021-01-21 12:30:02",1373,1316,57,0,560,503,57,0,1500,940,531,13,16,71,2,3,384,6,5,0,2,9,0,0,0,4,17,0,0,27,0,0,0,0,1,0,0,0,0,0,0,0,0,0,0
17,DOLJ,"ŞCOALA CU CLASELE I-IV VÎRVOR",522,"VÂRVORU DE JOS",74750,1,PROV,PRCNCT,CD,CD_SV,"2021-01-21 12:30:02",602,520,82,0,212,130,82,0,700,488,199,6,7,23,1,8,80,68,0,0,2,2,1,0,1,1,8,1,0,0,0,0,1,0,1,0,0,0,0,1,0,0,0,0,0
17,DOLJ,"ŞCOALA CU CLASELE I-VIII VÎRVORU DE JOS",523,"VÂRVORU DE JOS",74750,2,PART,PRCNCT,CD,CD_SV,"2021-01-21 12:30:02",1071,967,62,42,393,291,62,40,1100,707,381,6,6,74,22,5,231,22,1,2,3,3,0,0,0,7,5,0,0,0,0,0,0,1,0,0,0,0,0,3,0,0,0,1,1
17,DOLJ,"SCOALA CU CLASELE I-IV CIUTURA",524,"VÂRVORU DE JOS",74750,1,PROV,PRCNCT,CD,CD_SV,"2021-01-21 12:30:02",655,554,76,25,248,147,76,25,800,552,239,5,4,20,17,5,147,15,3,1,5,2,0,1,1,3,13,2,1,1,0,0,0,0,0,1,0,0,0,1,0,0,0,0,0
17,DOLJ,"ŞCOALA CU CLASELE I-VIII VELA",525,VELA,74616,2,PART,PRCNCT,CD,CD_SV,"2021-01-21 12:30:02",453,362,73,18,277,186,73,18,500,223,271,6,0,24,4,5,214,1,1,0,1,4,6,0,2,2,5,0,0,0,0,0,0,0,0,0,0,0,0,0,0,0,1,0,1
17,DOLJ,"ŞCOALA CU CLASELE I-IV BUCOVICIOR",526,VELA,74616,2,PART,PRCNCT,CD,CD_SV,"2021-01-21 12:30:02",351,310,27,14,199,159,27,13,400,201,191,3,5,18,4,7,142,3,0,0,0,2,1,0,2,3,3,0,0,1,0,0,0,0,0,0,0,0,0,1,0,0,0,0,4
17,DOLJ,"ŞCOALA CU CLASELE I-IV STIUBEI",527,VELA,74616,1,PROV,PRCNCT,CD,CD_SV,"2021-01-21 12:30:02",118,76,36,6,77,35,36,6,200,123,74,3,0,17,1,4,40,3,1,0,0,2,1,0,1,0,0,1,0,1,0,0,0,0,0,0,0,0,0,0,0,0,1,0,1
17,DOLJ,"ŞCOALA CU CLASELE I-VIII GUBAUCEA",528,VELA,74616,1,PROV,PRCNCT,CD,CD_SV,"2021-01-21 12:30:02",549,519,19,11,301,271,19,11,600,299,291,6,4,34,2,5,225,5,3,1,0,4,3,1,0,2,2,0,0,0,0,0,0,1,0,0,1,0,0,0,0,1,0,1,0
17,DOLJ,"ŞCOALA CU CLASELE I-IV SUHARU",529,VELA,74616,1,PROV,PRCNCT,CD,CD_SV,"2021-01-21 12:30:02",266,217,33,16,158,109,33,16,400,242,151,5,2,33,1,3,98,4,1,0,0,0,1,0,0,0,7,0,0,0,0,0,0,1,0,0,0,0,0,1,0,0,0,0,1
17,DOLJ,"ŞCOALA GIMNAZIALĂ",530,VERBIŢA,74705,1,PROV,PRCNCT,CD,CD_SV,"2021-01-21 12:30:02",668,645,22,1,235,212,22,1,800,565,224,5,6,63,4,2,109,17,2,0,0,2,1,0,1,1,19,1,0,0,0,0,0,0,0,0,0,0,0,1,0,0,0,0,1
17,DOLJ,"GRĂDINIŢA CU PROGRAM NORMAL",531,VERBIŢA,74705,1,PROV,PRCNCT,CD,CD_SV,"2021-01-21 12:30:02",392,369,22,1,203,180,22,1,500,297,195,4,4,53,10,4,95,6,0,0,1,2,0,0,1,2,3,0,0,0,0,0,0,0,0,0,0,0,0,15,0,2,0,1,0
