precinct_county_nce,precinct_county_name,precinct_name,precinct_nr,uat_name,uat_siruta,report_version,report_stage_code,report_type_scope_code,report_type_category_code,report_type_code,created_at,a,a1,a2,a3,b,b1,b2,b3,c,d,e,f,g,"PARTIDUL MIȘCAREA POPULARĂ-voturi","PARTIDUL PRO ROMÂNIA-voturi","UNIUNEA DEMOCRATĂ MAGHIARĂ DIN ROMÂNIA-voturi","PARTIDUL SOCIAL DEMOCRAT-voturi","PARTIDUL NAȚIONAL LIBERAL-voturi","ALIANȚA USR PLUS-voturi","ALIANȚA PENTRU UNIREA ROMÂNILOR-voturi","PARTIDUL ROMÂNIA MARE-voturi","PARTIDUL NOUA ROMÂNIE-voturi","PARTIDUL VERDE-voturi","PARTIDUL NOUA DREAPTĂ-voturi","PARTIDUL ECOLOGIST ROMÂN-voturi","PARTIDUL PUTERII UMANISTE (SOCIAL-LIBERAL)-voturi","PARTIDUL SOCIALIST ROMÂN-voturi","ASOCIAȚIA PARTIDA ROMILOR “PRO-EUROPA”-voturi","UNIUNEA POLONEZILOR DIN ROMÂNIA-voturi","ASOCIAȚIA MACEDONENILOR DIN ROMÂNIA-voturi","UNIUNEA CULTURALĂ A RUTENILOR DIN ROMÂNIA-voturi","COMUNITATEA RUȘILOR LIPOVENI DIN ROMÂNIA-voturi","UNIUNEA CROAȚILOR DIN ROMÂNIA-voturi","FEDERAȚIA COMUNITĂȚILOR EVREIEȘTI DIN ROMÂNIA-voturi","UNIUNEA ELENĂ DIN ROMÂNIA-voturi","UNIUNEA BULGARĂ DIN BANAT-ROMÂNIA-voturi","UNIUNEA ARMENILOR DIN ROMÂNIA-voturi","UNIUNEA DEMOCRATĂ A TĂTARILOR TURCO-MUSULMANI DIN ROMÂNIA-voturi","UNIUNEA DEMOCRATĂ TURCĂ DIN ROMÂNIA-voturi","UNIUNEA UCRAINENILOR DIN ROMÂNIA-voturi","UNIUNEA DEMOCRATICĂ A SLOVACILOR ȘI CEHILOR DIN ROMÂNIA-voturi","ASOCIAȚIA LIGA ALBANEZILOR DIN ROMÂNIA-voturi","ASOCIAȚIA ITALIENILOR DIN ROMÂNIA – RO.AS.IT.-voturi","UNIUNEA SÂRBILOR DIN ROMÂNIA-voturi","FORUMUL DEMOCRAT AL GERMANILOR DIN ROMÂNIA-voturi","MARTIN CORINA-CANDIDAT INDEPENDENT-voturi"
14,CONSTANŢA,"COLEGIUL NATIONAL ” MIHAI EMINESCU”",1,"MUNICIPIUL CONSTANŢA",60419,1,PROV,PRCNCT,CD,CD_SV,"2021-01-21 12:30:02",818,800,18,0,237,219,18,0,900,663,234,2,1,14,4,0,50,66,63,13,3,1,4,1,2,1,2,1,0,0,0,1,0,1,1,0,1,1,0,0,0,1,0,0,0,3
14,CONSTANŢA,"COLEGIUL NATIONAL ” MIHAI EMINESCU”",2,"MUNICIPIUL CONSTANŢA",60419,1,PROV,PRCNCT,CD,CD_SV,"2021-01-21 12:30:02",631,610,17,4,227,206,17,4,700,473,223,3,1,14,8,3,44,48,56,22,3,2,4,0,4,5,1,1,0,0,0,0,0,0,2,0,2,0,0,0,0,0,0,0,0,4
14,CONSTANŢA,"COLEGIUL NAȚIONAL „MIHAI EMINESCU„",3,"MUNICIPIUL CONSTANŢA",60419,1,PROV,PRCNCT,CD,CD_SV,"2021-01-21 12:30:02",893,877,13,3,268,252,13,3,1000,732,264,3,1,24,7,2,47,91,47,23,0,1,3,0,3,1,1,4,0,1,0,1,0,0,2,0,1,0,1,0,0,0,1,0,0,3
14,CONSTANŢA,"COLEGIUL NAŢIONAL MIRCEA CEL BĂTRÂN",4,"MUNICIPIUL CONSTANŢA",60419,1,PROV,PRCNCT,CD,CD_SV,"2021-01-21 12:30:02",610,579,28,3,246,215,28,3,600,354,243,1,2,8,14,0,57,59,72,13,6,1,3,0,2,0,0,0,0,0,0,0,0,0,0,0,1,3,0,0,0,1,0,0,0,3
14,CONSTANŢA,"COLEGIUL NAŢIONAL MIRCEA CEL BĂTRÂN",5,"MUNICIPIUL CONSTANŢA",60419,1,PROV,PRCNCT,CD,CD_SV,"2021-01-21 12:30:02",602,579,23,0,269,246,23,0,596,327,268,1,0,10,7,0,52,83,92,9,2,0,3,0,1,2,1,0,0,0,0,0,0,0,1,0,0,3,0,0,0,0,0,1,0,1
14,CONSTANŢA,"ŞCOALA GIMNAZIALA NR.28 ” DAN BARBILIAN”",6,"MUNICIPIUL CONSTANŢA",60419,1,PROV,PRCNCT,CD,CD_SV,"2021-01-21 12:30:02",445,424,20,1,155,134,20,1,500,345,153,2,0,7,6,0,34,48,34,13,0,0,2,1,0,0,1,0,0,0,0,0,0,0,2,0,1,3,0,0,0,0,1,0,0,0
14,CONSTANŢA,"COLEGIUL COMERCIAL ”CAROL I”",7,"MUNICIPIUL CONSTANŢA",60419,1,PROV,PRCNCT,CD,CD_SV,"2021-01-21 12:30:02",1390,1369,17,4,530,509,17,4,1500,970,521,8,1,22,16,0,104,194,138,23,5,0,0,0,3,3,0,2,0,1,0,0,0,0,2,1,0,3,0,0,0,0,0,0,0,4
14,CONSTANŢA,"COLEGIUL COMERCIAL ”CAROL I”",8,"MUNICIPIUL CONSTANŢA",60419,1,PROV,PRCNCT,CD,CD_SV,"2021-01-21 12:30:02",863,842,18,3,343,322,18,3,900,557,336,6,1,21,8,0,67,105,97,16,4,0,2,0,1,4,2,1,0,0,0,0,0,0,3,0,0,2,0,0,0,0,1,0,0,2
14,CONSTANŢA,"COLEGIUL NATIONAL PEDAGOGIC ”CONSTANTIN BRĂTESCU”",9,"MUNICIPIUL CONSTANŢA",60419,1,PROV,PRCNCT,CD,CD_SV,"2021-01-21 12:30:02",1580,1568,7,5,518,506,7,5,1700,1182,510,6,2,32,14,1,103,189,107,25,2,1,5,0,4,3,1,1,0,1,0,0,0,0,0,1,0,9,4,0,0,1,0,0,0,6
14,CONSTANŢA,"COLEGIUL NATIONAL PEDAGOGIC ”CONSTANTIN BRĂTESCU”",10,"MUNICIPIUL CONSTANŢA",60419,1,PROV,PRCNCT,CD,CD_SV,"2021-01-21 12:30:02",1218,1203,15,0,425,410,15,0,1300,875,417,6,2,28,9,1,97,120,101,18,3,3,7,1,6,1,1,0,1,1,0,0,0,0,1,0,3,6,0,0,0,0,1,0,1,7
14,CONSTANŢA,"COLEGIUL NATIONAL PEDAGOGIC ”CONSTANTIN BRĂTESCU”",11,"MUNICIPIUL CONSTANŢA",60419,1,PROV,PRCNCT,CD,CD_SV,"2021-01-21 12:30:02",1232,1218,14,0,424,410,14,0,1300,876,415,7,2,20,12,3,76,131,105,28,2,1,2,4,9,7,2,0,1,0,0,0,0,0,5,0,2,4,0,1,0,0,0,0,0,0
14,CONSTANŢA,"LICEUL TEHNOLOGIC ”IOAN N.ROMAN” (ŞCOALA NR.25)",12,"MUNICIPIUL CONSTANŢA",60419,1,PROV,PRCNCT,CD,CD_SV,"2021-01-21 12:30:02",1181,1161,20,0,374,354,20,0,1300,926,366,7,1,16,3,1,85,118,88,20,3,1,1,1,5,3,2,4,0,0,0,1,0,0,7,0,2,1,1,0,0,0,1,0,0,2
14,CONSTANŢA,"LICEUL TEHNOLOGIC ”IOAN N.ROMAN” (ŞCOALA NR.25)",13,"MUNICIPIUL CONSTANŢA",60419,1,PROV,PRCNCT,CD,CD_SV,"2021-01-21 12:30:02",1128,1107,21,0,350,329,21,0,1200,850,337,9,4,11,7,2,58,110,79,34,3,2,4,0,3,2,3,2,0,1,0,0,0,1,4,0,1,6,1,0,0,1,0,0,0,2
14,CONSTANŢA,"TEATRUL DE STAT CONSTANȚA (TEATRUL ”FANTASIO” )",14,"MUNICIPIUL CONSTANŢA",60419,2,PART,PRCNCT,CD,CD_SV,"2021-01-21 12:30:02",647,635,10,2,234,222,10,2,635,401,234,0,0,10,7,0,46,66,59,17,2,0,1,0,5,5,0,0,0,0,0,0,0,3,0,1,0,6,1,0,0,0,2,0,0,3
14,CONSTANŢA,"TEATRUL DE STAT CONSTANȚA (TEATRUL ”FANTASIO” )",15,"MUNICIPIUL CONSTANŢA",60419,1,PROV,PRCNCT,CD,CD_SV,"2021-01-21 12:30:02",805,785,20,0,292,272,20,0,900,608,291,1,0,15,14,1,67,67,90,20,2,1,0,0,2,4,1,0,0,0,0,0,0,0,0,0,0,3,0,0,0,0,1,0,0,3
14,CONSTANŢA,"LICEUL TEORETIC ”TRAIAN”",16,"MUNICIPIUL CONSTANŢA",60419,1,PROV,PRCNCT,CD,CD_SV,"2021-01-21 12:30:02",849,838,11,0,300,289,11,0,900,600,297,3,0,12,13,0,65,73,94,17,0,0,2,0,1,2,0,0,0,0,0,0,0,0,8,0,1,3,1,0,0,0,0,0,0,5
14,CONSTANŢA,"LICEUL TEORETIC ”TRAIAN”",17,"MUNICIPIUL CONSTANŢA",60419,1,PROV,PRCNCT,CD,CD_SV,"2021-01-21 12:30:02",446,427,19,0,166,147,19,0,504,338,163,3,0,8,6,0,26,48,43,13,0,0,5,0,3,3,0,0,0,0,0,0,0,0,1,0,1,3,0,0,0,0,0,0,1,2
14,CONSTANŢA,"LICEUL TEORETIC ”TRAIAN”",18,"MUNICIPIUL CONSTANŢA",60419,1,PROV,PRCNCT,CD,CD_SV,"2021-01-21 12:30:02",1293,1268,23,2,481,456,23,2,1400,919,478,3,0,16,11,1,89,141,149,40,1,0,3,1,6,4,0,0,1,0,0,0,0,0,2,0,0,10,0,0,0,0,0,0,1,2
14,CONSTANŢA,"ŞCOALA GIMNAZIALA NR. 24 ”ION JALEA”",19,"MUNICIPIUL CONSTANŢA",60419,1,PROV,PRCNCT,CD,CD_SV,"2021-01-21 12:30:02",1235,1206,24,5,429,400,24,5,1300,871,424,5,0,21,11,0,97,127,107,24,3,2,4,0,5,5,2,0,0,0,0,1,0,0,2,0,0,8,1,0,0,0,0,0,0,4
14,CONSTANŢA,"ŞCOALA GIMNAZIALA NR. 24 ”ION JALEA”",20,"MUNICIPIUL CONSTANŢA",60419,1,PROV,PRCNCT,CD,CD_SV,"2021-01-21 12:30:02",1138,1118,17,3,447,427,17,3,1200,753,437,10,0,21,15,1,106,118,105,18,3,0,8,4,14,4,0,0,0,1,0,0,0,0,4,0,1,6,2,0,1,1,0,0,0,4
14,CONSTANŢA,"ŞCOALA GIMNAZIALA NR. 24 ”ION JALEA”",21,"MUNICIPIUL CONSTANŢA",60419,1,PROV,PRCNCT,CD,CD_SV,"2021-01-21 12:30:02",1450,1431,15,4,538,519,15,4,1600,1062,532,3,3,23,12,3,104,149,177,29,2,0,3,1,5,7,2,2,0,0,0,0,0,1,0,0,0,8,0,0,0,0,1,0,0,3
14,CONSTANŢA,"LICEUL CU PROGRAM SPORTIV ”NICOLAE ROTARU ” (ŞCOALA NR.34)",22,"MUNICIPIUL CONSTANŢA",60419,1,PROV,PRCNCT,CD,CD_SV,"2021-01-21 12:30:02",1412,1402,10,0,509,499,10,0,1500,991,500,7,2,20,17,0,137,127,120,41,3,1,3,1,3,7,2,0,0,0,0,0,0,0,1,0,0,12,2,1,0,0,0,0,0,2
14,CONSTANŢA,"LICEUL CU PROGRAM SPORTIV ”NICOLAE ROTARU ” (ŞCOALA NR.34)",23,"MUNICIPIUL CONSTANŢA",60419,1,PROV,PRCNCT,CD,CD_SV,"2021-01-21 12:30:02",1141,1125,16,0,381,365,16,0,1198,817,372,8,1,16,10,2,90,91,106,31,2,0,4,0,8,3,1,0,0,0,0,0,0,0,0,0,0,3,0,0,0,0,0,0,0,5
14,CONSTANŢA,"LICEUL CU PROGRAM SPORTIV ”NICOLAE ROTARU ” (ŞCOALA NR.34)",24,"MUNICIPIUL CONSTANŢA",60419,1,PROV,PRCNCT,CD,CD_SV,"2021-01-21 12:30:02",1266,1246,18,2,466,446,18,2,1400,934,448,17,1,15,15,1,102,116,114,44,2,1,3,2,8,8,4,0,0,0,0,1,0,0,0,0,0,4,1,0,0,0,0,1,0,6
14,CONSTANŢA,"LICEUL CU PROGRAM SPORTIV ”NICOLAE ROTARU ” (ŞCOALA NR.34)",25,"MUNICIPIUL CONSTANŢA",60419,1,PROV,PRCNCT,CD,CD_SV,"2021-01-21 12:30:02",1471,1457,14,0,548,534,14,0,1600,1052,538,8,2,22,18,1,127,150,159,20,1,1,5,2,7,5,0,0,0,0,0,0,0,0,3,0,0,9,4,0,0,0,0,0,0,4
14,CONSTANŢA,"COLEGIUL NAȚIONAL DE ARTE ”REGINA MARIA” (ȘCOALA NR. 42)",26,"MUNICIPIUL CONSTANŢA",60419,1,PROV,PRCNCT,CD,CD_SV,"2021-01-21 12:30:02",951,925,26,0,342,316,26,0,1000,658,338,1,3,20,5,1,82,86,94,22,1,1,3,1,9,3,0,0,0,1,0,0,0,0,0,0,2,5,0,0,0,0,0,0,0,2
14,CONSTANŢA,"COLEGIUL NAȚIONAL DE ARTE ”REGINA MARIA” (ȘCOALA NR. 42)",27,"MUNICIPIUL CONSTANŢA",60419,1,PROV,PRCNCT,CD,CD_SV,"2021-01-21 12:30:02",903,894,9,0,333,324,9,0,1000,667,331,2,0,10,12,3,56,107,77,30,1,1,2,0,9,9,1,0,0,0,0,2,0,0,0,0,0,6,0,0,0,0,0,0,0,5
14,CONSTANŢA,"COLEGIUL NAȚIONAL DE ARTE ”REGINA MARIA” (ȘCOALA NR. 42)",28,"MUNICIPIUL CONSTANŢA",60419,1,PROV,PRCNCT,CD,CD_SV,"2021-01-21 12:30:02",1046,1036,10,0,366,356,10,0,1100,734,354,8,4,5,9,1,85,111,75,28,1,1,9,0,7,7,1,0,0,0,0,2,0,0,1,0,0,0,6,0,0,0,1,0,0,4
14,CONSTANŢA,"COLEGIUL NAȚIONAL DE ARTE ”REGINA MARIA” (ȘCOALA NR. 42)",29,"MUNICIPIUL CONSTANŢA",60419,1,PROV,PRCNCT,CD,CD_SV,"2021-01-21 12:30:02",574,555,18,1,218,199,18,1,600,382,213,5,0,6,2,1,76,58,40,15,0,0,0,1,2,4,1,0,0,0,0,1,0,0,0,0,0,1,1,0,0,0,1,0,0,3
14,CONSTANŢA,"LICEUL TEORETIC ”OVIDIUS”",30,"MUNICIPIUL CONSTANŢA",60419,1,PROV,PRCNCT,CD,CD_SV,"2021-01-21 12:30:02",1628,1556,37,35,551,479,37,35,1700,1149,548,3,0,24,12,3,104,161,158,39,4,1,5,2,9,2,2,1,0,1,0,1,0,1,4,0,0,8,0,0,0,0,0,1,0,5
14,CONSTANŢA,"LICEUL TEORETIC ”OVIDIUS”",31,"MUNICIPIUL CONSTANŢA",60419,2,PART,PRCNCT,CD,CD_SV,"2021-01-21 12:30:02",1202,1184,14,4,431,413,14,4,1300,869,427,4,0,27,10,0,101,112,91,44,8,1,4,2,8,1,0,1,1,0,0,2,0,0,0,0,2,6,0,0,0,0,0,0,0,6
14,CONSTANŢA,"ANEXĂ ŞCOALA GIMNAZIALĂ NR.8",32,"MUNICIPIUL CONSTANŢA",60419,1,PROV,PRCNCT,CD,CD_SV,"2021-01-21 12:30:02",942,925,16,1,334,317,16,1,1000,666,330,4,0,6,11,1,65,79,104,36,3,0,3,0,8,5,1,1,1,0,0,0,0,0,1,0,0,1,0,0,0,0,0,0,0,4
14,CONSTANŢA,"ANEXĂ ŞCOALA GIMNAZIALĂ NR.8",33,"MUNICIPIUL CONSTANŢA",60419,1,PROV,PRCNCT,CD,CD_SV,"2021-01-21 12:30:02",1615,1597,16,2,519,501,16,2,1800,1281,510,6,3,18,24,0,112,129,132,51,8,1,3,1,7,5,1,0,0,0,0,0,0,0,4,1,0,9,0,0,0,0,2,1,0,1
14,CONSTANŢA,"ANEXĂ ŞCOALA GIMNAZIALĂ NR.8",34,"MUNICIPIUL CONSTANŢA",60419,1,PROV,PRCNCT,CD,CD_SV,"2021-01-21 12:30:02",1330,1325,2,3,359,354,2,3,1500,1141,354,4,1,8,18,1,120,73,39,52,6,2,3,1,8,2,0,0,0,0,1,0,0,0,3,0,0,6,1,0,0,0,0,0,0,10
14,CONSTANŢA,"ANEXĂ ŞCOALA GIMNAZIALĂ NR.8",35,"MUNICIPIUL CONSTANŢA",60419,1,PROV,PRCNCT,CD,CD_SV,"2021-01-21 12:30:02",1235,1227,8,0,388,380,8,0,1400,1012,386,2,0,9,11,1,124,86,67,49,1,1,6,0,7,5,1,0,0,1,1,1,1,0,1,0,0,5,0,0,0,0,0,0,0,8
14,CONSTANŢA,"ANEXĂ ŞCOALA GIMNAZIALĂ NR.8",36,"MUNICIPIUL CONSTANŢA",60419,1,PROV,PRCNCT,CD,CD_SV,"2021-01-21 12:30:02",1260,1252,8,0,346,338,8,0,1400,1054,340,4,2,14,10,0,95,72,78,34,3,1,0,2,7,6,0,1,0,0,0,0,0,0,1,0,2,10,2,0,0,0,0,0,0,2
14,CONSTANŢA,"ANEXĂ ŞCOALA GIMNAZIALĂ NR.8",37,"MUNICIPIUL CONSTANŢA",60419,2,PART,PRCNCT,CD,CD_SV,"2021-01-21 12:30:02",1729,1715,9,5,500,486,9,5,1729,1229,489,11,0,20,15,4,148,112,89,63,5,1,2,2,8,2,2,0,0,0,0,0,0,0,0,0,1,8,4,0,0,0,0,0,1,2
14,CONSTANŢA,"LICEUL TEHNOLOGIC ”C.A.ROSETTI”",38,"MUNICIPIUL CONSTANŢA",60419,1,PROV,PRCNCT,CD,CD_SV,"2021-01-21 12:30:02",1099,1089,10,0,407,397,10,0,1200,793,402,5,0,12,19,1,91,110,120,27,3,1,1,0,2,5,2,0,0,0,0,0,0,0,1,0,0,4,0,0,1,0,1,0,0,1
14,CONSTANŢA,"LICEUL TEHNOLOGIC ”C.A.ROSETTI”",39,"MUNICIPIUL CONSTANŢA",60419,1,PROV,PRCNCT,CD,CD_SV,"2021-01-21 12:30:02",1175,1150,25,0,366,341,25,0,1300,934,363,2,1,14,18,1,82,104,91,23,5,2,3,0,12,1,1,0,0,0,0,0,0,0,0,0,0,4,1,0,0,0,1,0,0,0
14,CONSTANŢA,"LICEUL TEHNOLOGIC ”C.A.ROSETTI”",40,"MUNICIPIUL CONSTANŢA",60419,1,PROV,PRCNCT,CD,CD_SV,"2021-01-21 12:30:02",1161,1134,24,3,452,425,24,3,1200,748,447,5,0,17,13,1,90,114,139,29,5,0,4,4,7,3,0,1,1,0,0,0,0,0,3,1,1,8,0,1,0,1,1,0,0,3
14,CONSTANŢA,"LICEUL TEHNOLOGIC ”C.A.ROSETTI”",41,"MUNICIPIUL CONSTANŢA",60419,1,PROV,PRCNCT,CD,CD_SV,"2021-01-21 12:30:02",864,852,12,0,307,295,12,0,900,593,303,1,3,7,12,0,62,103,76,17,4,1,2,4,4,3,1,0,0,0,0,1,0,0,0,0,0,3,0,0,0,0,0,0,0,3
14,CONSTANŢA,"ŞCOALA GIMNAZIALA NR. 16 ”MARIN IONESCU DOBROGIANU”",42,"MUNICIPIUL CONSTANŢA",60419,1,PROV,PRCNCT,CD,CD_SV,"2021-01-21 12:30:02",1635,1600,32,3,561,526,32,3,1800,1239,549,10,2,21,16,0,137,132,150,50,2,0,9,0,13,6,0,1,0,0,0,3,0,0,2,0,0,5,0,0,0,0,0,0,0,2
14,CONSTANŢA,"ŞCOALA GIMNAZIALA NR. 16 ”MARIN IONESCU DOBROGIANU”",43,"MUNICIPIUL CONSTANŢA",60419,1,PROV,PRCNCT,CD,CD_SV,"2021-01-21 12:30:02",1622,1603,17,2,514,495,17,2,1800,1286,506,6,2,19,17,0,141,126,103,58,2,0,5,2,8,5,3,2,0,0,0,3,0,0,1,3,0,2,1,0,0,0,1,0,0,4
14,CONSTANŢA,"ŞCOALA GIMNAZIALA NR. 16 ”MARIN IONESCU DOBROGIANU”",44,"MUNICIPIUL CONSTANŢA",60419,1,PROV,PRCNCT,CD,CD_SV,"2021-01-21 12:30:02",1635,1617,18,0,518,500,18,0,1800,1282,510,8,0,21,18,1,107,114,136,65,7,0,7,1,11,1,0,1,1,0,0,0,0,0,5,0,1,7,0,0,0,0,0,0,0,6
14,CONSTANŢA,"ŞCOALA GIMNAZIALA NR. 16 ”MARIN IONESCU DOBROGIANU”",45,"MUNICIPIUL CONSTANŢA",60419,1,PROV,PRCNCT,CD,CD_SV,"2021-01-21 12:30:02",1507,1488,19,0,448,429,19,0,1600,1143,439,6,3,23,13,0,108,90,98,54,3,2,6,1,16,4,3,1,0,0,0,1,0,0,0,0,0,4,0,0,0,0,2,0,1,9
14,CONSTANŢA,"ŞCOALA GIMNAZIALA NR. 16 ”MARIN IONESCU DOBROGIANU”",46,"MUNICIPIUL CONSTANŢA",60419,1,PROV,PRCNCT,CD,CD_SV,"2021-01-21 12:30:02",1555,1534,20,1,513,492,20,1,1700,1187,503,6,4,11,13,1,144,119,121,57,10,3,3,0,8,1,0,1,0,0,0,0,0,0,0,0,1,3,1,0,0,0,0,0,0,6
14,CONSTANŢA,"LICEUL TEORETIC ” LUCIAN BLAGA”",47,"MUNICIPIUL CONSTANŢA",60419,1,PROV,PRCNCT,CD,CD_SV,"2021-01-21 12:30:02",1821,1785,33,3,574,538,33,3,2000,1426,564,10,0,15,23,2,137,118,143,90,6,0,5,0,8,3,1,0,1,0,0,0,0,1,1,0,1,3,1,0,1,0,0,0,2,2
14,CONSTANŢA,"LICEUL TEORETIC ”LUCIAN BLAGA”",48,"MUNICIPIUL CONSTANŢA",60419,1,PROV,PRCNCT,CD,CD_SV,"2021-01-21 12:30:02",1795,1780,13,2,452,437,13,2,2000,1548,447,4,1,26,20,0,94,82,117,72,2,1,4,1,11,5,2,0,0,0,0,0,0,0,2,0,0,4,0,0,0,0,0,0,1,3
14,CONSTANŢA,"LICEUL TEORETIC ”LUCIAN BLAGA”",49,"MUNICIPIUL CONSTANŢA",60419,1,PROV,PRCNCT,CD,CD_SV,"2021-01-21 12:30:02",1517,1512,3,2,485,480,3,2,1700,1215,480,5,0,20,15,1,107,104,118,66,2,2,6,0,15,7,1,1,0,1,0,0,0,0,2,0,0,4,0,0,1,0,0,0,0,7
14,CONSTANŢA,"LICEUL TEORETIC ”LUCIAN BLAGA”",50,"MUNICIPIUL CONSTANŢA",60419,1,PROV,PRCNCT,CD,CD_SV,"2021-01-21 12:30:02",1606,1591,13,2,561,546,13,2,1800,1239,554,7,0,19,14,1,129,127,147,51,9,5,5,0,19,7,3,1,0,1,0,0,0,1,4,1,0,4,0,0,0,0,0,0,0,6
14,CONSTANŢA,"LICEUL TEORETIC ”LUCIAN BLAGA”",51,"MUNICIPIUL CONSTANŢA",60419,1,PROV,PRCNCT,CD,CD_SV,"2021-01-21 12:30:02",1653,1648,5,0,483,478,5,0,1802,1319,478,5,0,25,15,0,120,92,136,49,1,0,6,1,14,5,1,1,0,0,0,2,0,1,0,0,0,3,0,0,0,0,0,0,0,6
14,CONSTANŢA,"LICEUL TEORETIC ”LUCIAN BLAGA”",52,"MUNICIPIUL CONSTANŢA",60419,1,PROV,PRCNCT,CD,CD_SV,"2021-01-21 12:30:02",1517,1506,10,1,474,463,10,1,1700,1226,466,6,2,11,17,0,114,78,138,47,2,1,8,2,11,8,6,1,0,0,0,1,0,0,1,1,0,10,2,0,0,0,1,0,1,5
14,CONSTANŢA,"LICEUL TEORETIC ”LUCIAN BLAGA”",53,"MUNICIPIUL CONSTANŢA",60419,1,PROV,PRCNCT,CD,CD_SV,"2021-01-21 12:30:02",1474,1470,4,0,482,478,4,0,1600,1118,476,5,1,23,17,0,110,92,134,48,4,5,6,2,13,3,2,0,0,0,0,1,0,0,3,0,0,1,0,0,0,0,5,0,0,7
14,CONSTANŢA,"SCOALA GIMNAZIALA ”GRIGORE ANTIPA” (ŞCOALA NR. 15 )",54,"MUNICIPIUL CONSTANŢA",60419,1,PROV,PRCNCT,CD,CD_SV,"2021-01-21 12:30:02",1500,1484,16,0,532,516,16,0,1600,1068,520,8,4,22,7,2,118,119,129,70,5,2,6,0,14,7,1,0,0,2,0,0,0,0,1,0,0,12,0,0,0,0,0,0,0,3
14,CONSTANŢA,"SCOALA GIMNAZIALA ”GRIGORE ANTIPA” (ŞCOALA NR. 15 )",55,"MUNICIPIUL CONSTANŢA",60419,1,PROV,PRCNCT,CD,CD_SV,"2021-01-21 12:30:02",1752,1739,11,2,488,475,11,2,1900,1412,474,13,1,22,21,0,93,116,128,55,4,2,2,0,8,2,4,1,1,2,0,0,1,0,1,1,0,5,0,0,0,2,0,0,2,1
14,CONSTANŢA,"SCOALA GIMNAZIALA ”GRIGORE ANTIPA” (ŞCOALA NR. 15 )",56,"MUNICIPIUL CONSTANŢA",60419,1,PROV,PRCNCT,CD,CD_SV,"2021-01-21 12:30:02",869,853,13,3,267,251,13,3,900,633,262,2,3,13,8,0,46,76,62,36,5,2,1,2,4,0,0,1,0,0,0,0,0,0,1,0,0,2,0,1,0,0,1,1,0,0
14,CONSTANŢA,"ŞCOALA GIMNAZIALA NR. 17 ”ION MINULESCU”",57,"MUNICIPIUL CONSTANŢA",60419,1,PROV,PRCNCT,CD,CD_SV,"2021-01-21 12:30:02",1794,1776,15,3,535,517,15,3,1900,1365,526,7,2,33,17,1,87,136,135,74,8,2,3,0,7,1,3,0,0,1,0,1,0,0,1,0,0,8,0,0,1,0,0,3,0,4
14,CONSTANŢA,"ŞCOALA GIMNAZIALA NR. 17 ”ION MINULESCU”",58,"MUNICIPIUL CONSTANŢA",60419,1,PROV,PRCNCT,CD,CD_SV,"2021-01-21 12:30:02",1886,1857,24,5,587,558,24,5,2000,1413,577,6,4,27,19,1,101,156,129,99,4,4,6,0,8,7,1,0,0,0,0,0,0,0,3,0,1,3,0,0,0,0,0,0,0,8
14,CONSTANŢA,"ŞCOALA GIMNAZIALA NR. 17 ”ION MINULESCU”",59,"MUNICIPIUL CONSTANŢA",60419,1,PROV,PRCNCT,CD,CD_SV,"2021-01-21 12:30:02",1741,1722,16,3,533,514,16,3,1900,1367,524,6,3,31,17,0,111,112,132,68,5,2,4,2,3,9,3,0,0,0,0,1,0,0,7,0,1,3,3,0,1,0,0,0,2,7
14,CONSTANŢA,"ŞCOALA GIMNAZIALA NR. 17 ”ION MINULESCU”",60,"MUNICIPIUL CONSTANŢA",60419,1,PROV,PRCNCT,CD,CD_SV,"2021-01-21 12:30:02",1679,1664,14,1,566,551,14,1,1800,1234,557,8,1,17,16,3,121,142,122,85,8,2,0,2,9,6,1,1,0,0,0,0,1,0,1,1,0,13,1,0,0,0,0,0,0,5
14,CONSTANŢA,"ŞCOALA GIMNAZIALA NR. 33 ”ANGHEL SALIGNY”",61,"MUNICIPIUL CONSTANŢA",60419,2,PART,PRCNCT,CD,CD_SV,"2021-01-21 12:30:02",1242,1231,11,0,358,347,11,0,1400,1042,349,9,0,11,19,1,85,79,72,53,4,0,3,0,8,2,0,0,0,0,0,0,1,1,1,0,1,1,0,0,0,0,1,0,0,6
14,CONSTANŢA,"ŞCOALA GIMNAZIALA NR. 33 ”ANGHEL SALIGNY”",62,"MUNICIPIUL CONSTANŢA",60419,1,PROV,PRCNCT,CD,CD_SV,"2021-01-21 12:30:02",1645,1635,10,0,489,479,10,0,1800,1311,482,4,3,17,12,0,150,118,88,43,3,0,4,0,15,12,2,1,0,0,0,1,0,0,1,0,0,5,3,1,0,0,0,0,3,3
14,CONSTANŢA,"ŞCOALA GIMNAZIALA NR. 33 ”ANGHEL SALIGNY”",63,"MUNICIPIUL CONSTANŢA",60419,1,PROV,PRCNCT,CD,CD_SV,"2021-01-21 12:30:02",955,936,19,0,320,301,19,0,1000,681,311,8,0,12,10,2,71,79,82,27,1,1,3,0,9,5,1,0,0,1,0,0,0,0,0,0,0,1,1,0,0,0,0,0,0,5
14,CONSTANŢA,"ŞCOALA GIMNAZIALA NR. 33 ”ANGHEL SALIGNY”",64,"MUNICIPIUL CONSTANŢA",60419,1,PROV,PRCNCT,CD,CD_SV,"2021-01-21 12:30:02",1372,1361,8,3,464,453,8,3,1500,1036,455,8,1,18,15,0,117,91,144,29,0,1,5,0,12,6,2,1,0,0,0,2,0,1,0,0,0,8,0,1,0,0,0,0,0,2
14,CONSTANŢA,"ŞCOALA GIMNAZIALA NR. 37",65,"MUNICIPIUL CONSTANŢA",60419,1,PROV,PRCNCT,CD,CD_SV,"2021-01-21 12:30:02",1207,1180,27,0,376,349,27,0,1300,924,371,5,0,19,14,1,103,80,67,50,2,1,7,1,9,4,3,0,0,0,0,0,0,0,0,0,0,6,1,0,0,0,1,0,0,2
14,CONSTANŢA,"ŞCOALA GIMNAZIALA NR. 37",66,"MUNICIPIUL CONSTANŢA",60419,1,PROV,PRCNCT,CD,CD_SV,"2021-01-21 12:30:02",1310,1289,21,0,413,392,21,0,1400,987,405,5,3,24,17,0,104,67,91,64,4,2,1,1,6,5,1,0,1,0,0,2,0,0,1,0,0,3,1,0,0,0,0,0,1,9
14,CONSTANŢA,"ŞCOALA GIMNAZIALA NR. 37",67,"MUNICIPIUL CONSTANŢA",60419,1,PROV,PRCNCT,CD,CD_SV,"2021-01-21 12:30:02",1269,1259,9,1,393,383,9,1,1400,1007,384,8,1,13,14,2,95,69,88,60,3,1,8,0,5,9,2,4,0,1,0,0,0,0,0,0,1,3,0,0,0,1,0,1,1,3
14,CONSTANŢA,"ŞCOALA GIMNAZIALA NR. 18 ”JEAN BART”",68,"MUNICIPIUL CONSTANŢA",60419,1,PROV,PRCNCT,CD,CD_SV,"2021-01-21 12:30:02",1253,1237,16,0,389,373,16,0,1400,1011,385,4,0,16,14,1,91,81,101,39,5,0,2,0,9,8,0,0,0,0,0,0,0,0,0,0,0,4,5,0,0,1,1,0,1,6
14,CONSTANŢA,"ŞCOALA GIMNAZIALA NR. 18 ”JEAN BART”",69,"MUNICIPIUL CONSTANŢA",60419,1,PROV,PRCNCT,CD,CD_SV,"2021-01-21 12:30:02",1800,1783,15,2,484,467,15,2,2000,1516,476,5,3,21,14,2,104,126,117,42,4,4,7,0,9,6,4,0,0,1,0,1,0,0,3,0,1,4,0,0,0,0,0,0,1,5
14,CONSTANŢA,"ŞCOALA GIMNAZIALA NR. 18 ”JEAN BART”",70,"MUNICIPIUL CONSTANŢA",60419,1,PROV,PRCNCT,CD,CD_SV,"2021-01-21 12:30:02",1261,1250,8,3,392,381,8,3,1400,1008,390,1,1,19,12,0,92,102,101,33,0,1,4,2,10,4,0,1,0,0,0,0,0,1,2,0,0,1,1,0,0,0,0,0,0,4
14,CONSTANŢA,"ŞCOALA GIMNAZIALA NR. 18 ”JEAN BART”",71,"MUNICIPIUL CONSTANŢA",60419,1,PROV,PRCNCT,CD,CD_SV,"2021-01-21 12:30:02",1064,1054,7,3,369,359,7,3,1200,831,364,5,0,19,13,0,59,113,110,31,3,2,0,0,6,1,1,0,0,0,0,0,0,0,1,0,0,1,0,0,0,1,0,0,0,3
14,CONSTANŢA,"LICEUL TEHNOLOGIC ”GHEORGHE MIRON COSTIN” (INDUSTRIE ALIMENTARA)",72,"MUNICIPIUL CONSTANŢA",60419,1,PROV,PRCNCT,CD,CD_SV,"2021-01-21 12:30:02",1284,1267,17,0,435,418,17,0,1400,965,428,7,0,12,12,3,107,102,88,67,3,2,0,2,11,3,3,0,1,1,0,1,0,0,0,1,0,3,0,0,0,0,0,0,0,6
14,CONSTANŢA,"LICEUL TEHNOLOGIC ”GHEORGHE MIRON COSTIN” (INDUSTRIE ALIMENTARA)",73,"MUNICIPIUL CONSTANŢA",60419,1,PROV,PRCNCT,CD,CD_SV,"2021-01-21 12:30:02",1611,1582,26,3,425,396,26,3,1700,1275,421,4,0,16,9,1,107,105,85,61,3,0,1,0,9,7,1,0,0,1,0,0,0,0,1,1,0,1,3,0,0,0,1,1,0,7
14,CONSTANŢA,"LICEUL TEHNOLOGIC ”DIMITRIE LEONIDA”",74,"MUNICIPIUL CONSTANŢA",60419,1,PROV,PRCNCT,CD,CD_SV,"2021-01-21 12:30:02",1748,1728,15,5,521,501,15,5,1900,1379,515,6,0,18,19,2,95,121,123,73,6,0,10,4,9,4,1,0,0,3,0,2,0,0,1,1,0,12,2,0,0,0,0,0,0,9
14,CONSTANŢA,"LICEUL TEHNOLOGIC ”DIMITRIE LEONIDA”",75,"MUNICIPIUL CONSTANŢA",60419,1,PROV,PRCNCT,CD,CD_SV,"2021-01-21 12:30:02",1729,1714,13,2,544,529,13,2,1900,1356,540,4,0,23,21,1,122,122,132,71,6,3,4,1,10,5,2,1,0,1,0,0,0,0,0,0,0,8,0,0,0,0,0,0,0,7
14,CONSTANŢA,"ŞCOALA GIMNAZIALA NR. 40 ”AUREL VLAICU”",76,"MUNICIPIUL CONSTANŢA",60419,1,PROV,PRCNCT,CD,CD_SV,"2021-01-21 12:30:02",1565,1554,10,1,400,389,10,1,1700,1300,392,6,2,11,9,1,103,82,80,57,6,3,2,1,10,7,4,0,0,1,1,0,0,0,0,0,1,2,0,0,0,0,0,1,1,9
14,CONSTANŢA,"ŞCOALA GIMNAZIALA NR. 40 ”AUREL VLAICU”",77,"MUNICIPIUL CONSTANŢA",60419,1,PROV,PRCNCT,CD,CD_SV,"2021-01-21 12:30:02",843,805,38,0,256,218,38,0,900,644,254,2,0,8,19,1,64,39,50,47,1,2,5,1,5,4,2,0,0,0,0,0,0,0,2,0,0,0,0,0,0,0,0,1,0,3
14,CONSTANŢA,"ŞCOALA GIMNAZIALA NR. 40 ”AUREL VLAICU”",78,"MUNICIPIUL CONSTANŢA",60419,2,PART,PRCNCT,CD,CD_SV,"2021-01-21 12:30:02",1407,1399,6,2,413,405,6,2,1500,1087,404,6,3,16,9,1,115,87,99,43,4,0,3,0,6,2,3,0,1,1,0,0,1,0,1,1,0,2,1,0,0,1,0,0,0,7
14,CONSTANŢA,"ŞCOALA GIMNAZIALA NR. 40 ”AUREL VLAICU”",79,"MUNICIPIUL CONSTANŢA",60419,1,PROV,PRCNCT,CD,CD_SV,"2021-01-21 12:30:02",1625,1611,12,2,495,481,12,2,1800,1305,480,11,4,20,21,3,136,95,91,73,6,1,8,2,7,3,1,1,1,0,0,0,0,0,0,0,0,4,0,0,0,0,0,0,0,7
14,CONSTANŢA,"ŞCOALA GIMNAZIALA NR. 40 ”AUREL VLAICU”",80,"MUNICIPIUL CONSTANŢA",60419,1,PROV,PRCNCT,CD,CD_SV,"2021-01-21 12:30:02",840,831,9,0,240,231,9,0,900,660,236,3,1,6,11,2,71,45,39,40,3,1,1,0,5,2,1,0,0,0,0,0,0,0,0,0,0,0,1,0,0,0,1,0,1,6
14,CONSTANŢA,"ŞCOALA GIMNAZIALA NR. 40 ”AUREL VLAICU”",81,"MUNICIPIUL CONSTANŢA",60419,1,PROV,PRCNCT,CD,CD_SV,"2021-01-21 12:30:02",859,849,10,0,252,242,10,0,900,648,240,7,5,4,6,2,73,49,44,35,1,3,2,2,6,1,1,1,0,0,0,2,0,0,0,0,0,0,0,0,0,1,1,0,1,5
14,CONSTANŢA,"ŞCOALA GIMNAZIALA NR. 40 ”AUREL VLAICU”",82,"MUNICIPIUL CONSTANŢA",60419,1,PROV,PRCNCT,CD,CD_SV,"2021-01-21 12:30:02",1228,1217,11,0,246,235,11,0,1400,1154,237,5,4,10,10,1,71,49,26,60,1,1,2,0,1,2,1,0,0,0,0,0,0,0,0,1,0,0,0,0,0,0,0,0,0,1
14,CONSTANŢA,"GRĂDINIȚA CU PROGRAM NORMAL NR.34",83,"MUNICIPIUL CONSTANŢA",60419,1,PROV,PRCNCT,CD,CD_SV,"2021-01-21 12:30:02",1615,1602,10,3,482,469,10,3,1802,1320,471,10,1,17,13,2,106,106,112,77,7,1,2,1,3,2,3,0,0,0,0,1,0,0,4,0,0,1,0,0,0,0,0,0,1,12
14,CONSTANŢA,"GRĂDINIȚA CU PROGRAM NORMAL NR.34",84,"MUNICIPIUL CONSTANŢA",60419,1,PROV,PRCNCT,CD,CD_SV,"2021-01-21 12:30:02",1313,1299,14,0,376,362,14,0,1399,1023,365,9,2,16,6,1,86,95,69,58,5,1,1,0,8,5,2,1,0,0,0,0,0,0,2,1,1,1,0,0,0,0,0,0,0,6
14,CONSTANŢA,"ŞCOALA GIMNAZIALA NR. 31",85,"MUNICIPIUL CONSTANŢA",60419,1,PROV,PRCNCT,CD,CD_SV,"2021-01-21 12:30:02",1578,1560,18,0,429,411,18,0,1700,1271,415,7,7,8,18,3,119,82,76,73,5,0,2,0,7,5,1,3,1,1,0,0,0,0,0,1,0,0,1,0,0,0,0,0,0,9
14,CONSTANŢA,"ŞCOALA GIMNAZIALA NR. 31",86,"MUNICIPIUL CONSTANŢA",60419,1,PROV,PRCNCT,CD,CD_SV,"2021-01-21 12:30:02",1219,1213,6,0,327,321,6,0,1300,973,311,14,2,10,18,1,78,55,56,62,6,0,1,3,3,4,3,1,0,1,1,0,0,0,1,0,0,2,0,0,0,0,1,1,0,3
14,CONSTANŢA,"ŞCOALA GIMNAZIALA NR. 31",87,"MUNICIPIUL CONSTANŢA",60419,1,PROV,PRCNCT,CD,CD_SV,"2021-01-21 12:30:02",1285,1270,15,0,289,274,15,0,1400,1111,267,16,6,13,10,1,69,69,27,51,4,1,1,0,2,7,3,1,0,0,0,0,0,2,0,1,0,2,0,0,0,0,0,0,0,3
14,CONSTANŢA,"LICEUL TEHNOLOGIC ”GHEORGHE DUCA”",88,"MUNICIPIUL CONSTANŢA",60419,1,PROV,PRCNCT,CD,CD_SV,"2021-01-21 12:30:02",1625,1611,14,0,485,471,14,0,1800,1315,471,10,4,11,15,1,112,112,95,89,4,0,2,0,10,3,2,2,1,0,0,1,0,0,0,0,0,6,0,0,0,0,0,1,1,3
14,CONSTANŢA,"ŞCOALA GIMNAZIALA ”MARIN SORESCU” (SCOALA NR. 20 )",89,"MUNICIPIUL CONSTANŢA",60419,1,PROV,PRCNCT,CD,CD_SV,"2021-01-21 12:30:02",866,849,13,4,274,257,13,4,900,626,265,6,3,21,7,1,49,55,54,44,1,3,3,1,7,2,0,1,0,0,0,0,1,0,1,0,1,9,0,0,0,0,0,0,0,4
14,CONSTANŢA,"ŞCOALA GIMNAZIALA NR. 22 ”I.C.BRATIANU”",90,"MUNICIPIUL CONSTANŢA",60419,2,PART,PRCNCT,CD,CD_SV,"2021-01-21 12:30:02",1809,1794,12,3,526,511,12,3,2007,1481,518,8,0,21,17,0,146,126,95,65,11,2,4,3,8,1,3,1,0,1,0,0,0,0,2,0,0,1,0,0,0,1,0,0,0,10
14,CONSTANŢA,"ŞCOALA GIMNAZIALA NR. 22 ”I.C.BRATIANU”",91,"MUNICIPIUL CONSTANŢA",60419,1,PROV,PRCNCT,CD,CD_SV,"2021-01-21 12:30:02",1266,1246,19,1,389,369,19,1,1400,1011,383,4,2,12,18,1,86,98,74,56,5,1,2,0,8,1,1,1,0,0,0,1,0,0,1,0,0,4,2,0,0,2,1,0,1,7
14,CONSTANŢA,"CENTRUL SCOLAR PENTRU EDUCATIE INCLUZIVA”MARIA MONTESSORI” (ŞCOALA AJUTATOARE NR. 2)",92,"MUNICIPIUL CONSTANŢA",60419,1,PROV,PRCNCT,CD,CD_SV,"2021-01-21 12:30:02",1645,1636,9,0,458,449,9,0,1800,1342,448,9,1,14,23,0,99,107,101,69,6,5,3,0,6,1,1,1,0,0,0,1,0,1,1,0,0,0,1,0,0,0,0,0,2,6
14,CONSTANŢA,"CENTRUL SCOLAR PENTRU EDUCATIE INCLUZIVA”MARIA MONTESSORI” (ŞCOALA AJUTATOARE NR. 2)",93,"MUNICIPIUL CONSTANŢA",60419,1,PROV,PRCNCT,CD,CD_SV,"2021-01-21 12:30:02",819,809,10,0,261,251,10,0,900,639,261,0,0,15,13,3,57,65,74,13,0,0,4,1,5,1,1,0,1,0,0,0,0,0,0,0,0,5,0,0,0,0,0,0,0,3
14,CONSTANŢA,"CENTRUL SCOLAR PENTRU EDUCATIE INCLUZIVA”MARIA MONTESSORI” (ŞCOALA AJUTATOARE NR. 2)",94,"MUNICIPIUL CONSTANŢA",60419,1,PROV,PRCNCT,CD,CD_SV,"2021-01-21 12:30:02",1135,1123,9,3,320,308,9,3,1200,880,317,2,1,24,9,3,46,76,106,27,6,0,1,0,8,3,0,0,0,0,0,1,0,0,1,0,0,1,0,0,0,0,0,0,0,5
14,CONSTANŢA,"CENTRUL SCOLAR PENTRU EDUCATIE INCLUZIVA”MARIA MONTESSORI” (ŞCOALA AJUTATOARE NR. 2)",95,"MUNICIPIUL CONSTANŢA",60419,1,PROV,PRCNCT,CD,CD_SV,"2021-01-21 12:30:02",857,848,9,0,260,251,9,0,900,640,260,0,0,11,15,0,68,59,60,23,0,1,3,1,3,6,0,0,0,0,0,2,0,1,2,0,1,1,0,0,0,0,1,0,0,2
14,CONSTANŢA,"ŞCOALA GIMNAZIALA NR. 8",96,"MUNICIPIUL CONSTANŢA",60419,1,PROV,PRCNCT,CD,CD_SV,"2021-01-21 12:30:02",2002,1972,30,0,565,535,30,0,2200,1635,552,13,0,13,22,1,144,117,160,42,3,0,3,2,16,4,1,0,0,0,0,0,0,0,3,0,1,5,0,0,0,2,2,0,0,11
14,CONSTANŢA,"ŞCOALA GIMNAZIALA NR. 8",97,"MUNICIPIUL CONSTANŢA",60419,1,PROV,PRCNCT,CD,CD_SV,"2021-01-21 12:30:02",1467,1448,17,2,477,458,17,2,1600,1123,470,6,1,21,19,2,103,93,152,35,4,0,3,1,9,7,0,0,0,1,0,2,0,0,1,0,0,9,1,0,0,0,1,0,0,6
14,CONSTANŢA,"ŞCOALA GIMNAZIALA NR. 8",98,"MUNICIPIUL CONSTANŢA",60419,1,PROV,PRCNCT,CD,CD_SV,"2021-01-21 12:30:02",1605,1580,19,6,530,505,19,6,1700,1170,521,9,0,17,16,0,94,117,188,41,8,2,6,0,6,4,1,0,0,0,0,0,0,0,1,0,0,5,1,0,1,1,0,1,1,10
14,CONSTANŢA,"ŞCOALA GIMNAZIALA NR. 8",99,"MUNICIPIUL CONSTANŢA",60419,2,PART,PRCNCT,CD,CD_SV,"2021-01-21 12:30:02",1481,1458,18,5,485,462,18,5,1600,1115,476,9,0,19,15,1,103,117,133,47,7,2,0,0,10,1,3,0,0,2,0,1,0,0,0,0,0,1,9,0,0,0,0,1,0,4
14,CONSTANŢA,"ŞCOALA GIMNAZIALA NR.23 ”CONSTANTIN BRÂNCOVEANU”",100,"MUNICIPIUL CONSTANŢA",60419,1,PROV,PRCNCT,CD,CD_SV,"2021-01-21 12:30:02",1521,1488,33,0,487,454,33,0,1600,1113,481,5,1,22,16,1,96,143,144,34,4,3,3,0,1,1,0,0,0,0,0,0,0,0,0,0,1,7,0,0,0,0,0,0,0,5
14,CONSTANŢA,"ŞCOALA GIMNAZIALA NR.23 ”CONSTANTIN BRÂNCOVEANU”",101,"MUNICIPIUL CONSTANŢA",60419,1,PROV,PRCNCT,CD,CD_SV,"2021-01-21 12:30:02",1632,1598,27,7,556,522,27,7,1800,1245,540,14,1,10,11,2,104,133,185,43,2,1,2,2,12,6,3,0,0,0,0,1,0,0,2,1,1,7,1,0,0,0,0,1,1,9
14,CONSTANŢA,"ŞCOALA GIMNAZIALA NR.23 ”CONSTANTIN BRÂNCOVEANU”",102,"MUNICIPIUL CONSTANŢA",60419,1,PROV,PRCNCT,CD,CD_SV,"2021-01-21 12:30:02",1786,1759,23,4,628,601,23,4,1900,1272,624,4,0,22,15,3,80,150,273,39,5,1,3,0,12,5,0,0,1,0,0,3,0,0,1,0,0,1,2,0,0,0,0,1,0,7
14,CONSTANŢA,"ȘCOALA GIMNAZIALA NR.23 ”CONSTANTIN BRÂNCOVEANU”",103,"MUNICIPIUL CONSTANŢA",60419,1,PROV,PRCNCT,CD,CD_SV,"2021-01-21 12:30:02",1361,1345,12,4,456,440,12,4,1500,1044,449,5,2,28,10,1,96,109,126,46,2,3,5,1,6,2,0,0,0,0,0,0,0,0,3,0,1,0,3,0,0,0,0,0,1,6
14,CONSTANŢA,"ŞCOALA GIMNAZIALA NR. 39 ”NICOLAE TONITZA”",104,"MUNICIPIUL CONSTANŢA",60419,1,PROV,PRCNCT,CD,CD_SV,"2021-01-21 12:30:02",1779,1758,19,2,628,607,19,2,1900,1272,622,5,1,29,21,1,161,165,139,50,7,4,8,1,8,3,4,0,2,0,0,1,0,0,0,1,2,6,2,0,0,0,2,0,0,5
14,CONSTANŢA,"ŞCOALA GIMNAZIALA NR. 39 ”NICOLAE TONITZA”",105,"MUNICIPIUL CONSTANŢA",60419,1,PROV,PRCNCT,CD,CD_SV,"2021-01-21 12:30:02",1541,1522,19,0,519,500,19,0,1700,1181,512,7,0,23,16,1,105,121,150,49,4,1,1,0,8,11,4,0,0,0,0,0,0,0,0,0,2,6,1,0,1,0,0,0,1,7
14,CONSTANŢA,"ŞCOALA GIMNAZIALA NR. 39 ”NICOLAE TONITZA”",106,"MUNICIPIUL CONSTANŢA",60419,1,PROV,PRCNCT,CD,CD_SV,"2021-01-21 12:30:02",1701,1682,19,0,512,493,19,0,1900,1388,501,8,3,9,13,4,111,118,136,57,6,2,4,1,6,3,2,0,0,2,0,1,0,2,1,0,3,8,0,0,0,0,1,1,0,10
14,CONSTANŢA,"ŞCOALA GIMNAZIALA NR. 39 ”NICOLAE TONITZA”",107,"MUNICIPIUL CONSTANŢA",60419,1,PROV,PRCNCT,CD,CD_SV,"2021-01-21 12:30:02",1849,1832,17,0,659,642,17,0,2000,1341,641,14,4,15,25,1,158,129,191,47,6,2,9,1,14,12,5,0,0,0,0,4,0,0,4,0,0,5,2,0,0,0,0,1,0,10
14,CONSTANŢA,"CENTRUL DE PERFECȚIONARE AL MARINEI CIVILE",108,"MUNICIPIUL CONSTANŢA",60419,1,PROV,PRCNCT,CD,CD_SV,"2021-01-21 12:30:02",1979,1961,16,2,658,640,16,2,2200,1542,648,8,2,18,20,1,131,161,209,58,3,1,8,1,9,2,1,0,0,0,0,6,0,0,4,0,1,8,0,0,0,0,1,1,1,3
14,CONSTANŢA,"CENTRUL DE PERFECȚIONARE AL MARINEI CIVILE",109,"MUNICIPIUL CONSTANŢA",60419,1,PROV,PRCNCT,CD,CD_SV,"2021-01-21 12:30:02",1802,1782,16,4,619,599,16,4,2000,1381,606,11,2,29,28,2,127,138,175,63,6,2,7,0,7,1,1,1,0,0,0,2,0,0,0,0,1,5,5,0,0,0,0,0,1,5
14,CONSTANŢA,"CENTRUL DE PERFECȚIONARE AL MARINEI CIVILE",110,"MUNICIPIUL CONSTANŢA",60419,1,PROV,PRCNCT,CD,CD_SV,"2021-01-21 12:30:02",1513,1499,13,1,470,456,13,1,1600,1130,460,8,2,10,20,2,65,90,204,30,3,1,8,0,9,2,1,0,0,0,0,0,0,0,1,0,1,7,3,0,0,0,0,0,0,3
14,CONSTANŢA,"ŞCOALA GIMNAZIALA NR. 10 ”MIHAIL KOICIU”",111,"MUNICIPIUL CONSTANŢA",60419,2,PART,PRCNCT,CD,CD_SV,"2021-01-21 12:30:02",1455,1441,14,0,397,383,14,0,1604,1207,388,5,4,17,10,1,85,121,93,31,2,0,8,1,8,3,2,0,0,0,0,0,0,0,1,2,0,1,0,0,0,1,0,1,0,0
14,CONSTANŢA,"ŞCOALA GIMNAZIALA NR. 10 ”MIHAIL KOICIU”",112,"MUNICIPIUL CONSTANŢA",60419,1,PROV,PRCNCT,CD,CD_SV,"2021-01-21 12:30:02",1192,1179,13,0,411,398,13,0,1300,889,398,13,0,20,14,1,83,115,101,27,0,1,2,0,7,5,3,0,0,2,0,0,0,0,2,0,1,9,1,0,0,0,0,0,0,4
14,CONSTANŢA,"ŞCOALA GIMNAZIALA NR. 10 ”MIHAIL KOICIU”",113,"MUNICIPIUL CONSTANŢA",60419,1,PROV,PRCNCT,CD,CD_SV,"2021-01-21 12:30:02",1840,1826,14,0,636,622,14,0,2000,1364,627,6,3,32,16,4,143,180,144,66,5,2,3,1,10,4,1,1,0,1,0,0,0,0,1,0,0,3,2,0,0,0,1,0,0,7
14,CONSTANŢA,"ŞCOALA GIMNAZIALA NR. 10 ”MIHAIL KOICIU”",114,"MUNICIPIUL CONSTANŢA",60419,1,PROV,PRCNCT,CD,CD_SV,"2021-01-21 12:30:02",1562,1539,18,5,498,475,18,5,1700,1202,493,4,1,31,12,1,120,130,109,41,1,1,7,0,12,12,1,1,0,0,0,0,0,2,0,0,0,6,1,0,0,0,1,0,0,4
14,CONSTANŢA,"ŞCOALA GIMNAZIALA NR. 10 ”MIHAIL KOICIU”",115,"MUNICIPIUL CONSTANŢA",60419,1,PROV,PRCNCT,CD,CD_SV,"2021-01-21 12:30:02",1458,1443,13,2,453,438,13,2,1600,1147,449,2,2,10,16,1,110,129,126,31,2,0,2,0,7,1,2,0,1,0,0,0,0,2,1,0,0,3,1,0,0,1,0,0,0,3
14,CONSTANŢA,"CENTRUL ȘCOLAR ”ALBATROS”",116,"MUNICIPIUL CONSTANŢA",60419,1,PROV,PRCNCT,CD,CD_SV,"2021-01-21 12:30:02",1123,1113,10,0,324,314,10,0,1200,876,321,3,0,9,11,0,72,80,102,13,2,2,3,1,9,5,0,0,1,0,0,0,0,0,2,0,0,2,1,0,0,0,0,0,0,6
14,CONSTANŢA,"CENTRUL ȘCOLAR ”ALBATROS”",117,"MUNICIPIUL CONSTANŢA",60419,1,PROV,PRCNCT,CD,CD_SV,"2021-01-21 12:30:02",1643,1630,10,3,501,488,10,3,1800,1299,491,10,0,18,11,0,122,142,140,22,4,1,5,0,8,6,3,1,0,0,0,0,0,0,0,0,1,4,1,0,0,0,0,0,0,2
14,CONSTANŢA,"CENTRUL ȘCOLAR ”ALBATROS”",118,"MUNICIPIUL CONSTANŢA",60419,2,PART,PRCNCT,CD,CD_SV,"2021-01-21 12:30:02",976,967,8,1,327,318,8,1,1100,773,321,4,2,10,15,2,89,83,78,29,0,0,1,0,3,4,0,1,0,0,0,0,0,0,1,0,0,0,1,0,0,1,0,0,0,3
14,CONSTANŢA,"CENTRUL ȘCOLAR ”ALBATROS”",119,"MUNICIPIUL CONSTANŢA",60419,2,PART,PRCNCT,CD,CD_SV,"2021-01-21 12:30:02",1032,1016,13,3,352,336,13,3,1100,748,344,8,0,20,13,1,81,64,79,34,6,3,7,0,16,4,1,1,1,0,0,1,0,1,1,1,0,2,1,0,0,0,1,0,0,5
14,CONSTANŢA,"CENTRUL ȘCOLAR ”ALBATROS”",120,"MUNICIPIUL CONSTANŢA",60419,3,PART,PRCNCT,CD,CD_SV,"2021-01-21 12:30:02",784,761,23,0,247,224,23,0,800,553,242,3,2,5,10,1,52,63,56,25,3,3,1,0,4,5,2,0,0,1,0,0,0,1,0,0,0,5,1,0,0,0,0,0,0,4
14,CONSTANŢA,"CENTRUL SCOLAR PENTRU EDUCATIE INCLUZIVA ”DELFINUL” (ŞCOALA AJUTATOARE NR. 1)",121,"MUNICIPIUL CONSTANŢA",60419,1,PROV,PRCNCT,CD,CD_SV,"2021-01-21 12:30:02",1600,1583,14,3,438,421,14,3,1700,1262,426,6,6,20,9,1,96,108,112,38,3,0,6,4,8,3,1,1,0,0,0,0,0,0,1,0,1,5,1,0,0,0,1,0,1,6
14,CONSTANŢA,"CENTRUL SCOLAR PENTRU EDUCATIE INCLUZIVA ”DELFINUL” (ŞCOALA AJUTATOARE NR. 1)",122,"MUNICIPIUL CONSTANŢA",60419,1,PROV,PRCNCT,CD,CD_SV,"2021-01-21 12:30:02",1748,1734,11,3,458,444,11,3,1900,1442,442,11,5,14,13,1,100,121,117,42,2,1,2,2,4,4,1,0,0,0,0,0,0,0,1,0,0,4,4,0,0,0,0,0,0,9
14,CONSTANŢA,"ŞCOALA GIMNAZIALA NR. 12 ”B. P. HASDEU”",123,"MUNICIPIUL CONSTANŢA",60419,1,PROV,PRCNCT,CD,CD_SV,"2021-01-21 12:30:02",1751,1731,19,1,604,584,19,1,1900,1296,588,9,7,22,22,1,130,208,142,21,2,2,2,0,6,4,1,0,0,1,0,0,0,0,1,0,0,13,1,0,0,0,0,0,0,9
14,CONSTANŢA,"ŞCOALA GIMNAZIALA NR. 12 ”B. P. HASDEU”",124,"MUNICIPIUL CONSTANŢA",60419,1,PROV,PRCNCT,CD,CD_SV,"2021-01-21 12:30:02",1475,1448,27,0,493,466,27,0,1600,1107,481,9,3,16,11,0,107,168,110,24,2,0,8,0,7,4,0,1,0,0,0,0,1,1,2,0,1,4,4,1,0,0,0,0,1,8
14,CONSTANŢA,"ŞCOALA GIMNAZIALA ”DIMITRIE ȘTIUBEI” (ŞCOALA NR.36 )",125,"MUNICIPIUL CONSTANŢA",60419,1,PROV,PRCNCT,CD,CD_SV,"2021-01-21 12:30:02",1767,1731,34,2,557,521,34,2,1900,1343,548,7,2,31,15,1,89,176,152,47,6,1,1,2,6,5,1,0,0,1,0,1,0,0,0,0,0,9,0,0,0,0,0,0,0,4
14,CONSTANŢA,"SCOALA GIMNAZIALA ”DIMITRIE ȘTIUBEI” (ŞCOALA NR.36)",126,"MUNICIPIUL CONSTANŢA",60419,1,PROV,PRCNCT,CD,CD_SV,"2021-01-21 12:30:02",1959,1935,24,0,619,595,24,0,2200,1581,600,8,11,16,19,2,192,125,94,76,4,4,8,1,9,17,5,4,1,0,0,0,1,0,1,0,1,6,1,0,1,3,0,1,3,5
14,CONSTANŢA,"SCOALA GIMNAZIALA ”DIMITRIE ȘTIUBEI” (ŞCOALA NR.36)",127,"MUNICIPIUL CONSTANŢA",60419,1,PROV,PRCNCT,CD,CD_SV,"2021-01-21 12:30:02",1859,1846,13,0,585,572,13,0,1992,1407,578,2,5,29,11,0,134,150,184,33,5,0,4,1,5,3,2,0,0,0,0,0,1,0,2,0,0,6,1,0,0,0,0,0,0,7
14,CONSTANŢA,"SCOALA GIMNAZIALA ”DIMITRIE ȘTIUBEI” (ŞCOALA NR.36)",128,"MUNICIPIUL CONSTANŢA",60419,1,PROV,PRCNCT,CD,CD_SV,"2021-01-21 12:30:02",1513,1502,11,0,520,509,11,0,1600,1080,513,5,2,22,19,2,114,121,145,42,3,3,6,1,12,3,1,0,0,0,0,4,0,2,0,0,0,3,1,0,1,0,0,0,1,7
14,CONSTANŢA,"SCOALA GIMNAZIALA ”DIMITRIE ȘTIUBEI” (ŞCOALA NR.36)",129,"MUNICIPIUL CONSTANŢA",60419,2,PART,PRCNCT,CD,CD_SV,"2021-01-21 12:30:02",1797,1778,18,1,631,612,18,1,1997,1366,628,3,0,26,27,1,139,165,199,37,5,1,0,0,8,4,0,0,0,0,0,0,0,2,1,1,0,2,1,0,0,0,3,0,1,5
14,CONSTANŢA,"GRĂDINIŢA CU PROGRAM PRELUNGIT ”MUGUREL” (GRĂDINIŢA NR. 43)",130,"MUNICIPIUL CONSTANŢA",60419,2,PART,PRCNCT,CD,CD_SV,"2021-01-21 12:30:02",1403,1388,15,0,394,379,15,0,1500,1106,386,3,5,15,17,0,94,88,97,23,0,4,2,3,7,7,7,0,1,0,0,0,0,0,0,0,1,6,2,0,0,1,3,0,1,7
14,CONSTANŢA,"GRĂDINIŢA CU PROGRAM PRELUNGIT ”MUGUREL” (GRĂDINIŢA NR. 43)",131,"MUNICIPIUL CONSTANŢA",60419,1,PROV,PRCNCT,CD,CD_SV,"2021-01-21 12:30:02",1520,1507,12,1,477,464,12,1,1700,1223,470,6,1,22,13,1,119,112,120,41,5,1,1,3,7,7,6,1,0,1,0,1,0,1,0,0,0,2,1,0,0,0,1,0,0,4
14,CONSTANŢA,"GRĂDINIŢA CU PROGRAM NORMAL NR. 51",132,"MUNICIPIUL CONSTANŢA",60419,2,PART,PRCNCT,CD,CD_SV,"2021-01-21 12:30:02",1510,1493,15,2,457,440,15,2,1700,1243,449,5,3,16,14,2,121,102,112,37,4,2,5,1,8,9,2,1,0,1,0,1,0,0,1,0,1,2,0,0,1,1,0,1,0,4
14,CONSTANŢA,"GRĂDINIŢA CU PROGRAM NORMAL NR. 51",133,"MUNICIPIUL CONSTANŢA",60419,1,PROV,PRCNCT,CD,CD_SV,"2021-01-21 12:30:02",1522,1504,16,2,540,522,16,2,1700,1160,533,6,1,15,20,1,127,142,158,23,5,3,3,2,7,6,3,1,1,1,0,1,0,0,1,0,1,4,2,0,0,0,1,1,0,4
14,CONSTANŢA,"AGENȚIA FISCALĂ NR.1-4",134,"MUNICIPIUL CONSTANŢA",60419,1,PROV,PRCNCT,CD,CD_SV,"2021-01-21 12:30:02",1681,1661,18,2,577,557,18,2,1800,1223,571,5,1,32,19,2,120,154,169,30,3,1,2,1,12,6,1,1,0,1,0,0,0,0,1,0,0,2,1,0,0,1,1,2,0,9
14,CONSTANŢA,"AGENȚIA FISCALĂ NR.1-4",135,"MUNICIPIUL CONSTANŢA",60419,1,PROV,PRCNCT,CD,CD_SV,"2021-01-21 12:30:02",1448,1426,22,0,449,427,22,0,1600,1151,445,0,4,12,9,2,96,119,142,33,1,1,2,1,8,4,2,1,0,0,0,2,0,0,1,0,0,1,0,0,0,0,1,0,0,7
14,CONSTANŢA,"LICEUL TEORETIC ”GEORGE CĂLINESCU”",136,"MUNICIPIUL CONSTANŢA",60419,1,PROV,PRCNCT,CD,CD_SV,"2021-01-21 12:30:02",1120,1091,29,0,392,363,29,0,1200,808,384,6,2,19,6,2,109,101,101,22,1,1,3,0,10,3,0,0,0,1,0,1,0,0,0,0,1,0,0,0,0,0,0,0,0,3
14,CONSTANŢA,"LICEUL TEORETIC ”GEORGE CĂLINESCU”",137,"MUNICIPIUL CONSTANŢA",60419,1,PROV,PRCNCT,CD,CD_SV,"2021-01-21 12:30:02",1051,1034,17,0,393,376,17,0,1100,707,389,3,1,19,15,0,102,111,90,21,4,0,5,0,5,4,1,0,1,0,0,2,0,1,0,0,1,3,0,0,0,0,0,0,0,4
14,CONSTANŢA,"LICEUL TEORETIC ”GEORGE CĂLINESCU”",138,"MUNICIPIUL CONSTANŢA",60419,1,PROV,PRCNCT,CD,CD_SV,"2021-01-21 12:30:02",1044,1032,12,0,363,351,12,0,1100,737,357,3,3,19,18,2,70,100,102,22,1,0,4,0,12,2,0,0,0,1,0,1,0,0,0,0,0,1,0,1,0,0,1,0,0,0
14,CONSTANŢA,"ŞCOALA GIMNAZIALA NR.14",139,"MUNICIPIUL CONSTANŢA",60419,1,PROV,PRCNCT,CD,CD_SV,"2021-01-21 12:30:02",1882,1829,32,21,648,595,32,21,2000,1352,637,10,1,33,25,2,103,189,149,94,2,1,10,0,5,6,2,0,1,1,0,0,0,0,2,1,2,3,0,0,0,0,2,0,1,3
14,CONSTANŢA,"ŞCOALA GIMNAZIALA NR.14",140,"MUNICIPIUL CONSTANŢA",60419,1,PROV,PRCNCT,CD,CD_SV,"2021-01-21 12:30:02",1990,1957,25,8,589,556,25,8,2200,1611,574,14,1,43,22,1,84,141,127,96,2,0,13,1,10,3,0,0,1,1,0,0,0,1,1,0,0,17,2,0,0,0,0,0,4,4
14,CONSTANŢA,"ŞCOALA GIMNAZIALA NR.14",141,"MUNICIPIUL CONSTANŢA",60419,1,PROV,PRCNCT,CD,CD_SV,"2021-01-21 12:30:02",967,950,17,0,284,267,17,0,1000,716,280,2,2,6,10,1,59,42,75,53,4,1,1,0,3,5,2,2,0,0,0,0,1,1,0,0,0,6,2,0,0,0,0,1,0,5
14,CONSTANŢA,"ŞCOALA GIMNAZIALA NR. 38 ”DIMITRIE CANTEMIR”",142,"MUNICIPIUL CONSTANŢA",60419,1,PROV,PRCNCT,CD,CD_SV,"2021-01-21 12:30:02",966,937,27,2,371,342,27,2,1000,629,369,2,0,12,9,1,94,100,97,29,6,0,0,0,9,2,0,0,1,0,0,0,0,0,0,0,1,4,1,2,0,0,0,0,0,1
14,CONSTANŢA,"ŞCOALA GIMNAZIALA NR. 38 ”DIMITRIE CANTEMIR”",143,"MUNICIPIUL CONSTANŢA",60419,2,PART,PRCNCT,CD,CD_SV,"2021-01-21 12:30:02",995,975,20,0,353,333,20,0,1100,747,347,5,1,9,13,1,79,77,118,20,3,1,3,0,6,4,1,1,0,0,0,0,0,0,2,1,0,4,0,0,0,0,0,0,1,3
14,CONSTANŢA,"LICEUL TEORETIC ”DECEBAL”",144,"MUNICIPIUL CONSTANŢA",60419,1,PROV,PRCNCT,CD,CD_SV,"2021-01-21 12:30:02",921,905,15,1,326,310,15,1,1000,670,322,3,1,8,10,2,78,99,80,26,1,0,2,0,2,4,0,0,0,0,0,0,0,0,2,0,1,4,2,0,0,0,0,0,0,1
14,CONSTANŢA,"LICEUL TEORETIC ”DECEBAL”",145,"MUNICIPIUL CONSTANŢA",60419,1,PROV,PRCNCT,CD,CD_SV,"2021-01-21 12:30:02",591,574,17,0,170,153,17,0,600,430,170,0,0,7,7,1,29,36,51,23,2,1,1,0,4,0,0,0,0,0,0,0,0,1,1,0,0,3,0,0,0,0,1,0,1,1
14,CONSTANŢA,"LICEUL TEORETIC ”DECEBAL”",146,"MUNICIPIUL CONSTANŢA",60419,1,PROV,PRCNCT,CD,CD_SV,"2021-01-21 12:30:02",790,770,20,0,259,239,20,0,899,640,258,1,0,5,10,1,40,70,73,25,4,1,5,1,3,4,1,1,0,0,0,4,0,1,4,0,0,2,0,0,0,1,0,0,0,2
14,CONSTANŢA,"LICEUL TEORETIC ”DECEBAL”",147,"MUNICIPIUL CONSTANŢA",60419,1,PROV,PRCNCT,CD,CD_SV,"2021-01-21 12:30:02",907,880,27,0,280,253,27,0,1000,720,276,3,1,13,6,2,71,71,61,25,3,1,5,0,5,2,1,0,0,0,0,1,0,0,0,0,1,2,2,0,0,0,1,0,0,3
14,CONSTANŢA,"LICEUL TEHNOLOGIC ”VIRGIL MADGEARU” (ŞCOALA NR.35)",148,"MUNICIPIUL CONSTANŢA",60419,1,PROV,PRCNCT,CD,CD_SV,"2021-01-21 12:30:02",804,776,28,0,276,248,28,0,900,624,270,6,0,14,10,1,81,57,47,41,0,0,6,0,5,0,1,0,0,1,0,0,0,0,0,0,0,3,0,0,0,0,1,0,0,2
14,CONSTANŢA,"LICEUL TEHNOLOGIC ”VIRGIL MADGEARU” (ŞCOALA NR.35)",149,"MUNICIPIUL CONSTANŢA",60419,1,PROV,PRCNCT,CD,CD_SV,"2021-01-21 12:30:02",1137,1117,20,0,377,357,20,0,1200,823,368,5,4,15,11,1,81,103,96,24,5,0,9,0,7,2,0,1,0,0,0,1,0,0,2,0,0,7,0,0,0,0,0,0,0,3
14,CONSTANŢA,"LICEUL TEHNOLOGIC ”VIRGIL MADGEARU” (ŞCOALA NR.35)",150,"MUNICIPIUL CONSTANŢA",60419,1,PROV,PRCNCT,CD,CD_SV,"2021-01-21 12:30:02",767,750,15,2,242,225,15,2,800,558,239,3,0,11,9,1,82,51,60,11,0,0,1,0,4,1,1,0,0,0,0,0,0,0,0,0,0,6,0,0,0,0,0,0,0,1
14,CONSTANŢA,"GRĂDINIŢA CU PROGRAM PRELUNGIT”AMICII” (GRĂDINIŢA NR.12 )",151,"MUNICIPIUL CONSTANŢA",60419,1,PROV,PRCNCT,CD,CD_SV,"2021-01-21 12:30:02",1182,1158,24,0,425,401,24,0,1300,875,413,11,1,21,11,1,115,81,105,39,3,2,3,0,8,4,2,0,0,1,0,3,0,0,3,0,0,2,0,0,0,0,0,0,2,7
14,CONSTANŢA,"ŞCOALA GIMNAZIALA NR. 29 ”MIHAI VITEAZUL”",152,"MUNICIPIUL CONSTANŢA",60419,1,PROV,PRCNCT,CD,CD_SV,"2021-01-21 12:30:02",685,655,30,0,238,208,30,0,700,462,232,6,0,18,6,0,51,57,51,25,5,1,3,0,4,1,0,0,0,0,0,0,0,0,0,0,1,2,0,0,0,0,0,0,0,7
14,CONSTANŢA,"ŞCOALA GIMNAZIALA NR. 29 ”MIHAI VITEAZUL”",153,"MUNICIPIUL CONSTANŢA",60419,2,PART,PRCNCT,CD,CD_SV,"2021-01-21 12:30:02",747,720,24,3,258,231,24,3,800,542,254,3,1,6,13,1,59,73,70,17,2,1,2,0,3,1,0,0,0,0,0,0,0,0,0,0,0,3,0,0,0,0,0,0,0,3
14,CONSTANŢA,"ŞCOALA GIMNAZIALA NR. 29 ”MIHAI VITEAZUL”",154,"MUNICIPIUL CONSTANŢA",60419,2,PART,PRCNCT,CD,CD_SV,"2021-01-21 12:30:02",1238,1224,14,0,369,355,14,0,1300,931,364,5,0,10,8,0,79,92,109,38,3,1,4,1,6,2,1,0,0,0,0,2,0,0,0,0,0,4,1,1,0,0,0,0,0,2
14,CONSTANŢA,"ŞCOALA NR. 29 ”MIHAI VITEAZU”",155,"MUNICIPIUL CONSTANŢA",60419,1,PROV,PRCNCT,CD,CD_SV,"2021-01-21 12:30:02",678,666,10,2,255,243,10,2,700,445,251,3,1,11,9,1,72,53,71,19,1,2,0,0,5,1,0,0,0,0,0,0,0,0,0,0,0,3,0,0,0,0,1,0,0,2
14,CONSTANŢA,"ŞCOALA GIMNAZIALA NR. 7 ”REMUS OPREANU”",156,"MUNICIPIUL CONSTANŢA",60419,1,PROV,PRCNCT,CD,CD_SV,"2021-01-21 12:30:02",1274,1256,18,0,441,423,18,0,1400,959,433,6,2,17,19,1,80,142,124,21,2,0,1,1,6,4,1,0,0,1,0,0,0,0,3,0,1,4,1,0,0,0,0,0,0,4
14,CONSTANŢA,"ŞCOALA GIMNAZIALA NR. 7 ”REMUS OPREANU”",157,"MUNICIPIUL CONSTANŢA",60419,1,PROV,PRCNCT,CD,CD_SV,"2021-01-21 12:30:02",770,750,20,0,253,233,20,0,800,545,251,1,1,7,9,1,41,60,82,27,3,1,1,0,4,4,2,0,0,0,0,1,0,0,0,0,0,8,0,0,0,0,0,0,0,0
14,CONSTANŢA,"ŞCOALA GIMNAZIALA NR. 7 ”REMUS OPREANU”",158,"MUNICIPIUL CONSTANŢA",60419,1,PROV,PRCNCT,CD,CD_SV,"2021-01-21 12:30:02",1309,1280,26,3,415,386,26,3,1400,985,408,7,0,20,8,3,92,96,125,27,3,0,3,1,9,5,1,0,0,0,0,0,0,0,2,1,0,7,0,0,0,0,0,0,1,4
14,CONSTANŢA,"ŞCOALA GIMNAZIALA NR. 7 ”REMUS OPREANU”",159,"MUNICIPIUL CONSTANŢA",60419,1,PROV,PRCNCT,CD,CD_SV,"2021-01-21 12:30:02",1352,1334,18,0,523,505,18,0,1500,977,516,5,2,17,15,2,116,151,154,30,3,2,4,1,10,0,1,1,0,0,0,0,0,0,3,0,0,4,0,0,0,0,0,0,0,2
14,CONSTANŢA,"ŞCOALA GIMNAZIALA NR. 7 ”REMUS OPREANU”",160,"MUNICIPIUL CONSTANŢA",60419,1,PROV,PRCNCT,CD,CD_SV,"2021-01-21 12:30:02",1194,1161,28,5,465,432,28,5,1300,835,457,6,2,16,15,1,97,120,145,21,0,1,3,0,8,5,3,0,1,0,0,1,0,0,2,2,0,4,1,1,1,0,0,0,0,9
14,CONSTANŢA,"ŞCOALA GIMNAZIALA NR.6 ”NICOLAE TITULESCU”",161,"MUNICIPIUL CONSTANŢA",60419,1,PROV,PRCNCT,CD,CD_SV,"2021-01-21 12:30:02",929,908,17,4,375,354,17,4,1000,625,370,2,3,17,11,0,69,102,119,16,3,0,6,0,9,6,0,1,0,0,0,0,0,1,2,0,1,6,1,0,0,0,0,0,0,0
14,CONSTANŢA,"ŞCOALA GIMNAZIALA NR.6 ”NICOLAE TITULESCU”",162,"MUNICIPIUL CONSTANŢA",60419,1,PROV,PRCNCT,CD,CD_SV,"2021-01-21 12:30:02",1116,1094,22,0,392,370,22,0,1200,808,387,4,1,18,11,2,75,117,99,22,1,1,4,1,4,6,1,0,0,0,0,1,0,0,0,0,0,11,2,0,0,0,1,0,0,10
14,CONSTANŢA,"ŞCOALA GIMNAZIALA NR.6 ”NICOLAE TITULESCU”",163,"MUNICIPIUL CONSTANŢA",60419,1,PROV,PRCNCT,CD,CD_SV,"2021-01-21 12:30:02",998,987,10,1,402,391,10,1,1100,698,397,5,0,13,11,0,68,123,132,21,2,0,2,0,3,9,1,0,0,0,1,2,0,0,0,0,0,5,2,0,0,0,0,0,0,2
14,CONSTANŢA,"ŞCOALA GIMNAZIALA NR.6 ”NICOLAE TITULESCU”",164,"MUNICIPIUL CONSTANŢA",60419,1,PROV,PRCNCT,CD,CD_SV,"2021-01-21 12:30:02",1032,1018,14,0,415,401,14,0,1100,685,402,12,1,21,11,1,68,116,125,21,0,1,1,0,10,5,1,0,0,1,0,3,0,0,0,0,1,3,0,0,0,0,0,1,0,12
14,CONSTANŢA,"GRĂDINIŢA CU PROGRAM PRELUNGIT ”NOROCEL”(GRĂDINIŢA NR.13)",165,"MUNICIPIUL CONSTANŢA",60419,1,PROV,PRCNCT,CD,CD_SV,"2021-01-21 12:30:02",892,875,17,0,303,286,17,0,1000,697,301,2,0,17,6,0,86,80,73,17,4,0,1,1,6,0,1,0,0,0,0,0,0,0,2,0,0,4,1,0,0,0,0,0,0,2
14,CONSTANŢA,"GRĂDINIŢA CU PROGRAM PRELUNGIT ”NOROCEL”(GRĂDINIŢA NR.13)",166,"MUNICIPIUL CONSTANŢA",60419,1,PROV,PRCNCT,CD,CD_SV,"2021-01-21 12:30:02",997,979,16,2,352,334,16,2,1100,748,347,4,1,15,5,0,72,107,93,20,3,0,2,0,12,3,0,0,1,0,0,0,0,0,1,0,1,7,0,0,0,0,0,0,1,4
14,CONSTANŢA,"PALATUL COPIILOR",167,"MUNICIPIUL CONSTANŢA",60419,1,PROV,PRCNCT,CD,CD_SV,"2021-01-21 12:30:02",729,719,10,0,268,258,10,0,800,532,262,6,0,10,12,1,29,87,78,15,2,0,5,1,4,1,1,1,0,0,0,0,0,0,0,1,1,1,0,1,0,0,0,0,0,11
14,CONSTANŢA,"PALATUL COPIILOR",168,"MUNICIPIUL CONSTANŢA",60419,1,PROV,PRCNCT,CD,CD_SV,"2021-01-21 12:30:02",599,582,17,0,206,189,17,0,600,394,204,2,0,8,8,1,45,43,64,18,0,1,2,0,6,2,0,0,0,0,0,0,0,0,0,0,0,6,0,0,0,0,0,0,0,0
14,CONSTANŢA,"SCOALA GIMNAZIALA ”SPECTRUM” (ŞCOALA NR.27)",169,"MUNICIPIUL CONSTANŢA",60419,1,PROV,PRCNCT,CD,CD_SV,"2021-01-21 12:30:02",1370,1348,22,0,533,511,22,0,1500,967,531,1,1,40,13,0,131,160,104,37,2,0,8,1,5,3,1,0,0,0,0,2,0,2,2,0,0,9,2,0,0,0,1,0,1,7
14,CONSTANŢA,"SCOALA GIMNAZIALA ”SPECTRUM” (ŞCOALA NR.27)",170,"MUNICIPIUL CONSTANŢA",60419,1,PROV,PRCNCT,CD,CD_SV,"2021-01-21 12:30:02",1572,1551,20,1,516,495,20,1,1700,1184,510,4,2,19,11,1,94,152,152,36,5,1,3,0,4,2,2,0,0,0,0,1,0,2,2,1,0,11,4,0,0,1,1,0,0,5
14,CONSTANŢA,"COLEGIUL TEHNIC ”TOMIS”",171,"MUNICIPIUL CONSTANŢA",60419,1,PROV,PRCNCT,CD,CD_SV,"2021-01-21 12:30:02",996,978,13,5,353,335,13,5,1100,747,348,4,1,23,15,1,66,110,100,12,5,0,2,0,5,0,0,0,0,0,0,0,0,0,1,0,0,6,1,0,0,0,0,0,0,1
14,CONSTANŢA,"COLEGIUL TEHNIC ”TOMIS”",172,"MUNICIPIUL CONSTANŢA",60419,1,PROV,PRCNCT,CD,CD_SV,"2021-01-21 12:30:02",958,931,27,0,355,328,27,0,1000,645,347,8,0,18,5,1,62,108,111,17,0,1,6,1,3,3,1,0,0,0,0,2,0,0,0,0,0,1,1,0,0,0,1,1,2,2
14,CONSTANŢA,"COLEGIUL TEHNIC ”TOMIS”",173,"MUNICIPIUL CONSTANŢA",60419,1,PROV,PRCNCT,CD,CD_SV,"2021-01-21 12:30:02",651,642,8,1,220,211,8,1,699,479,216,3,1,12,14,1,43,68,64,2,0,2,1,1,1,0,0,0,0,0,0,0,0,0,0,0,1,5,1,0,0,0,0,0,0,0
14,CONSTANŢA,"COLEGIUL TEHNIC ”TOMIS”",174,"MUNICIPIUL CONSTANŢA",60419,1,PROV,PRCNCT,CD,CD_SV,"2021-01-21 12:30:02",1032,1014,14,4,389,371,14,4,1100,711,384,5,0,24,11,2,92,128,97,14,1,0,0,0,3,2,0,0,0,1,0,1,0,0,2,0,0,2,2,0,0,0,0,0,0,2
14,CONSTANŢA,"ŞCOALA GIMNAZIALA NR.30 ”GHEORGHE ŢIŢEICA”",175,"MUNICIPIUL CONSTANŢA",60419,1,PROV,PRCNCT,CD,CD_SV,"2021-01-21 12:30:02",1232,1218,14,0,333,319,14,0,1300,967,331,2,0,19,10,0,63,113,77,24,2,0,0,0,1,5,1,0,0,0,0,0,0,0,1,0,0,9,2,0,0,1,1,0,0,2
14,CONSTANŢA,"ŞCOALA GIMNAZIALA NR.30 ”GHEORGHE ŢIŢEICA”",176,"MUNICIPIUL CONSTANŢA",60419,1,PROV,PRCNCT,CD,CD_SV,"2021-01-21 12:30:02",853,838,13,2,320,305,13,2,900,580,312,7,1,14,11,2,59,101,83,11,1,0,0,0,5,2,0,0,0,0,0,1,0,0,2,0,0,8,2,0,0,1,0,0,2,7
14,CONSTANŢA,"ŞCOALA GIMNAZIALA NR.30 ”GHEORGHE ŢIŢEICA”",177,"MUNICIPIUL CONSTANŢA",60419,1,PROV,PRCNCT,CD,CD_SV,"2021-01-21 12:30:02",862,838,24,0,328,304,24,0,900,572,327,1,0,16,16,1,63,94,102,15,1,1,5,0,6,1,0,0,0,0,0,0,0,0,0,0,0,5,0,0,0,0,0,0,0,1
14,CONSTANŢA,"CENTRUL JUDEŢEAN DE RESURSE ŞI ASISTENŢĂ EDUCAŢIONALĂ",178,"MUNICIPIUL CONSTANŢA",60419,1,PROV,PRCNCT,CD,CD_SV,"2021-01-21 12:30:02",1203,1185,17,1,406,388,17,1,1300,894,397,9,0,21,7,0,71,136,112,15,3,1,3,0,8,1,1,1,0,0,0,0,0,1,2,0,2,6,3,0,0,0,0,1,1,1
14,CONSTANŢA,"CENTRUL JUDEŢEAN DE RESURSE ŞI ASISTENŢĂ EDUCAŢIONALĂ",179,"MUNICIPIUL CONSTANŢA",60419,1,PROV,PRCNCT,CD,CD_SV,"2021-01-21 12:30:02",962,937,24,1,380,355,24,1,1000,620,373,6,1,13,10,0,76,101,131,24,1,1,1,1,7,1,2,0,0,1,0,0,0,0,0,0,0,1,0,1,0,0,0,0,0,1
14,CONSTANŢA,"CENTRUL JUDEŢEAN DE RESURSE ŞI ASISTENŢĂ EDUCAŢIONALĂ",180,"MUNICIPIUL CONSTANŢA",60419,1,PROV,PRCNCT,CD,CD_SV,"2021-01-21 12:30:02",1042,1032,6,4,393,383,6,4,1100,707,381,10,2,13,8,4,83,129,94,19,1,3,5,2,8,4,2,0,0,0,0,0,0,0,0,0,0,0,4,0,0,0,0,0,0,2
14,CONSTANŢA,"ȘCOALA PRIMARĂ „COLIBRI”",181,"MUNICIPIUL CONSTANŢA",60419,1,PROV,PRCNCT,CD,CD_SV,"2021-01-21 12:30:02",1263,1162,35,66,478,377,35,66,1300,822,465,8,5,22,21,1,95,145,131,15,5,1,4,1,6,0,2,1,0,0,0,0,0,0,1,1,0,1,1,0,0,0,1,1,0,9
14,CONSTANŢA,"ȘCOALA PRIMARĂ „COLIBRI”",182,"MUNICIPIUL CONSTANŢA",60419,1,PROV,PRCNCT,CD,CD_SV,"2021-01-21 12:30:02",1621,1607,14,0,554,540,14,0,1800,1246,546,5,3,15,19,2,121,155,147,45,1,6,6,1,6,7,2,1,0,0,0,1,0,0,1,0,0,7,0,0,0,1,0,0,0,2
14,CONSTANŢA,"COLEGIUL TEHNIC ENERGETIC",183,"MUNICIPIUL CONSTANŢA",60419,1,PROV,PRCNCT,CD,CD_SV,"2021-01-21 12:30:02",1253,1238,14,1,472,457,14,1,1400,928,465,6,1,26,14,0,78,123,165,30,2,0,2,2,9,4,0,0,0,1,0,0,1,0,2,0,0,2,3,0,0,0,0,1,0,0
14,CONSTANŢA,"COLEGIUL TEHNIC ENERGETIC",184,"MUNICIPIUL CONSTANŢA",60419,1,PROV,PRCNCT,CD,CD_SV,"2021-01-21 12:30:02",716,690,25,1,270,244,25,1,800,530,266,4,0,11,7,2,47,53,111,17,2,2,4,0,2,4,0,0,0,0,0,0,0,0,0,0,0,1,0,0,0,0,0,0,0,3
14,CONSTANŢA,"COLEGIUL TEHNIC ENERGETIC",185,"MUNICIPIUL CONSTANŢA",60419,1,PROV,PRCNCT,CD,CD_SV,"2021-01-21 12:30:02",1279,1264,15,0,444,429,15,0,1400,956,439,5,0,22,18,0,65,120,152,23,4,3,4,1,7,4,1,0,0,0,0,0,0,0,0,0,0,5,2,0,0,0,3,0,0,5
14,CONSTANŢA,"COLEGIUL TEHNIC ENERGETIC",186,"MUNICIPIUL CONSTANŢA",60419,1,PROV,PRCNCT,CD,CD_SV,"2021-01-21 12:30:02",1660,1637,15,8,602,579,15,8,1799,1197,590,10,2,27,27,1,114,175,170,29,3,0,9,0,2,6,1,0,0,0,0,0,0,1,1,0,4,7,3,0,0,0,1,0,0,9
14,CONSTANŢA,"ŞCOALA GIMNAZIALA NR. 3 ”CIPRIAN PORUMBESCU”",187,"MUNICIPIUL CONSTANŢA",60419,1,PROV,PRCNCT,CD,CD_SV,"2021-01-21 12:30:02",1339,1330,9,0,538,529,9,0,1500,962,527,11,0,38,21,0,121,162,121,29,6,1,3,2,4,4,1,0,0,0,0,0,1,0,1,0,1,3,1,0,0,1,0,0,0,6
14,CONSTANŢA,"ŞCOALA GIMNAZIALA NR. 3 ”CIPRIAN PORUMBESCU”",188,"MUNICIPIUL CONSTANŢA",60419,1,PROV,PRCNCT,CD,CD_SV,"2021-01-21 12:30:02",1189,1173,16,0,412,396,16,0,1300,888,404,5,3,31,20,0,86,121,102,13,6,1,2,1,9,0,1,1,0,0,0,0,0,0,0,1,0,4,0,0,0,0,0,0,0,5
14,CONSTANŢA,"ŞCOALA GIMNAZIALA NR. 3 ”CIPRIAN PORUMBESCU”",189,"MUNICIPIUL CONSTANŢA",60419,1,PROV,PRCNCT,CD,CD_SV,"2021-01-21 12:30:02",1091,1072,17,2,404,385,17,2,1200,796,396,6,2,20,13,0,79,121,111,19,5,2,1,3,7,3,1,0,0,0,0,1,0,0,2,0,0,3,0,0,0,0,0,0,0,5
14,CONSTANŢA,"GRĂDINIŢA CU PROGRAM PRELUNGIT NR.45",190,"MUNICIPIUL CONSTANŢA",60419,1,PROV,PRCNCT,CD,CD_SV,"2021-01-21 12:30:02",885,846,36,3,348,309,36,3,900,552,346,2,0,16,15,1,63,98,111,17,1,0,2,0,4,5,1,0,1,1,0,0,0,0,1,1,0,1,3,0,0,0,0,0,1,3
14,CONSTANŢA,"UNIVERSITATEA ”OVIDIUS”",191,"MUNICIPIUL CONSTANŢA",60419,1,PROV,PRCNCT,CD,CD_SV,"2021-01-21 12:30:02",1756,1727,26,3,621,592,26,3,1900,1279,616,5,0,22,26,3,114,196,182,20,3,0,5,1,13,8,1,1,0,2,1,0,0,0,1,0,3,7,3,0,0,0,0,0,0,4
14,CONSTANŢA,"UNIVERSITATEA ”OVIDIUS”",192,"MUNICIPIUL CONSTANŢA",60419,1,PROV,PRCNCT,CD,CD_SV,"2021-01-21 12:30:02",1096,1026,12,58,407,339,12,56,1100,693,403,3,1,18,3,3,100,101,104,36,3,5,2,1,5,3,0,1,0,2,0,0,0,0,0,0,0,11,1,0,0,0,0,0,0,4
14,CONSTANŢA,"UNIVERSITATEA ”OVIDIUS”",193,"MUNICIPIUL CONSTANŢA",60419,1,PROV,PRCNCT,CD,CD_SV,"2021-01-21 12:30:02",1124,1103,21,0,367,346,21,0,1200,833,363,4,0,22,13,0,73,130,89,17,2,1,0,0,1,3,0,1,0,0,0,2,0,0,0,0,1,4,3,0,0,0,0,0,0,1
14,CONSTANŢA,"UNIVERSITATEA ”OVIDIUS”",194,"MUNICIPIUL CONSTANŢA",60419,1,PROV,PRCNCT,CD,CD_SV,"2021-01-21 12:30:02",302,280,22,0,117,95,22,0,299,182,117,0,0,3,2,0,20,29,46,7,2,0,2,0,1,2,0,0,0,0,0,0,0,0,0,0,0,2,0,0,0,0,0,0,0,1
14,CONSTANŢA,"ŞCOALA GIMNAZIALA NR. 43 ”FERDINAND”",195,"MUNICIPIUL CONSTANŢA",60419,1,PROV,PRCNCT,CD,CD_SV,"2021-01-21 12:30:02",685,665,20,0,335,315,20,0,700,365,332,3,0,20,6,0,44,108,121,12,2,0,2,0,6,2,1,1,0,0,0,0,0,0,3,0,0,0,0,0,0,1,0,0,0,3
14,CONSTANŢA,"ŞCOALA GIMNAZIALA NR.5 ”NICOLAE IORGA”",196,"MUNICIPIUL CONSTANŢA",60419,1,PROV,PRCNCT,CD,CD_SV,"2021-01-21 12:30:02",1428,1399,10,19,504,475,10,19,1500,996,498,3,3,27,12,5,87,168,133,26,2,2,4,0,6,3,0,0,0,1,0,1,0,0,2,0,2,11,2,0,0,0,0,1,0,3
14,CONSTANŢA,"ŞCOALA GIMNAZIALA NR.5 ”NICOLAE IORGA”",197,"MUNICIPIUL CONSTANŢA",60419,1,PROV,PRCNCT,CD,CD_SV,"2021-01-21 12:30:02",766,743,18,5,294,271,18,5,800,506,291,3,0,6,12,2,42,105,74,28,1,1,3,2,2,1,1,0,0,0,0,0,0,0,0,0,0,4,1,0,0,0,0,0,0,6
14,CONSTANŢA,"ŞCOALA GIMNAZIALA NR.5 ”NICOLAE IORGA”",198,"MUNICIPIUL CONSTANŢA",60419,1,PROV,PRCNCT,CD,CD_SV,"2021-01-21 12:30:02",505,481,10,14,186,162,10,14,500,314,182,4,0,9,12,0,40,47,49,15,2,0,0,0,2,1,0,0,0,0,0,0,0,0,0,0,0,2,0,0,0,0,0,0,1,2
14,CONSTANŢA,"ANEXĂ LA COLEGIUL NAŢIONAL ”MIRCEA CEL BĂTRÂN”",199,"MUNICIPIUL CONSTANŢA",60419,1,PROV,PRCNCT,CD,CD_SV,"2021-01-21 12:30:02",662,611,12,39,260,209,12,39,700,440,257,1,2,11,8,0,65,76,61,23,1,2,2,0,3,1,0,0,0,0,0,1,0,0,1,0,0,0,0,0,0,0,0,0,0,2
14,CONSTANŢA,"ANEXĂ LA COLEGIUL NAŢIONAL ”MIRCEA CEL BĂTRÂN”",200,"MUNICIPIUL CONSTANŢA",60419,1,PROV,PRCNCT,CD,CD_SV,"2021-01-21 12:30:02",631,590,16,25,256,215,16,25,700,444,250,6,0,10,6,0,53,81,73,11,2,1,1,2,4,1,0,0,0,0,0,0,0,0,0,0,0,2,0,0,0,0,1,0,0,2
14,CONSTANŢA,"GRĂDINIŢA CU PROGRAM PRELUNGIT NR. 8 (TOMIS II)",201,"MUNICIPIUL CONSTANŢA",60419,1,PROV,PRCNCT,CD,CD_SV,"2021-01-21 12:30:02",806,768,30,8,350,312,30,8,800,450,341,7,2,11,9,2,94,93,94,16,2,0,2,0,3,3,1,0,0,0,0,0,0,0,0,0,1,6,0,0,0,0,0,1,1,2
14,CONSTANŢA,"ATELIER ŞCOALĂ",202,"MUNICIPIUL CONSTANŢA",60419,1,PROV,PRCNCT,CD,CD_SV,"2021-01-21 12:30:02",711,698,11,2,262,249,11,2,800,538,261,0,1,8,5,1,58,87,60,22,2,0,5,0,1,0,1,0,0,1,0,0,0,0,0,0,0,2,3,0,0,0,0,0,1,4
14,CONSTANŢA,"GRĂDINIŢA CU PROGRAM PRELUNGIT NR.6",203,"MUNICIPIUL CONSTANŢA",60419,1,PROV,PRCNCT,CD,CD_SV,"2021-01-21 12:30:02",750,730,19,1,256,236,19,1,800,544,252,4,0,8,15,0,60,72,64,13,0,1,1,1,2,0,3,1,0,0,0,1,0,0,0,0,0,8,0,0,0,0,0,0,0,2
14,CONSTANŢA,"ŞCOALA GIMNAZIALA NR. 11 ”DR.CONSTANTIN ANGELESCU”",204,"MUNICIPIUL CONSTANŢA",60419,1,PROV,PRCNCT,CD,CD_SV,"2021-01-21 12:30:02",1232,1218,12,2,483,469,12,2,1300,817,470,6,7,19,13,0,66,178,130,19,2,0,1,0,13,7,0,0,0,0,0,0,0,0,0,0,1,9,7,0,0,0,0,0,0,5
14,CONSTANŢA,"ŞCOALA GIMNAZIALA NR. 11 ”DR.CONSTANTIN ANGELESCU”",205,"MUNICIPIUL CONSTANŢA",60419,1,PROV,PRCNCT,CD,CD_SV,"2021-01-21 12:30:02",1479,1453,23,3,527,501,23,3,1600,1073,519,6,2,18,25,1,123,139,132,23,7,2,6,0,13,5,1,1,0,1,0,0,0,0,4,1,0,11,3,0,0,0,0,0,0,3
14,CONSTANŢA,"LICEUL TEHNOLOGIC DE ELECTROTEHNICA SI TELECOMUNICAȚII",206,"MUNICIPIUL CONSTANŢA",60419,1,PROV,PRCNCT,CD,CD_SV,"2021-01-21 12:30:02",1255,1235,16,4,508,488,16,4,1400,892,504,4,0,18,15,0,111,156,138,23,1,1,2,0,9,3,0,0,3,1,0,0,0,0,4,1,0,16,1,0,0,0,0,0,0,1
14,CONSTANŢA,"UNIVERSITATEA ”ANDREI ŞAGUNA”",207,"MUNICIPIUL CONSTANŢA",60419,1,PROV,PRCNCT,CD,CD_SV,"2021-01-21 12:30:02",790,771,17,2,288,269,17,2,800,512,281,5,2,13,7,0,65,78,83,17,2,1,2,0,5,1,0,0,0,0,0,1,0,0,1,0,0,5,0,0,0,0,0,0,0,0
14,CONSTANŢA,"CARTIER TOMIS PLUS",208,"MUNICIPIUL CONSTANŢA",60419,1,PROV,PRCNCT,CD,CD_SV,"2021-01-21 12:30:02",1181,1131,46,4,477,427,46,4,1200,723,473,4,0,10,10,0,57,128,200,30,1,0,3,1,11,2,0,1,0,0,0,1,0,0,2,0,0,4,0,0,1,1,0,1,0,9
14,CONSTANŢA,"SC GEMINI ESTATE SRL",209,"MUNICIPIUL CONSTANŢA",60419,1,PROV,PRCNCT,CD,CD_SV,"2021-01-21 12:30:02",1235,1213,22,0,476,454,22,0,1300,824,473,2,1,16,18,0,77,114,180,25,4,3,12,0,8,2,1,0,0,0,0,0,0,1,3,0,0,2,1,0,0,1,0,0,1,4
14,CONSTANŢA,"HOTEL VENUS",210,"MUNICIPIUL CONSTANŢA",60419,1,PROV,PRCNCT,CD,CD_SV,"2021-01-21 12:30:02",385,348,37,0,137,100,37,0,397,260,134,3,0,5,3,1,27,34,38,11,0,0,1,1,2,2,0,0,0,0,0,0,0,0,0,0,0,4,0,0,0,0,0,0,0,5
14,CONSTANŢA,"CAMPUS SOCIAL ”HENRI COANDĂ”",211,"MUNICIPIUL CONSTANŢA",60419,1,PROV,PRCNCT,CD,CD_SV,"2021-01-21 12:30:02",1749,1733,16,0,558,542,16,0,1900,1342,503,55,0,9,18,3,201,55,15,121,6,7,3,1,8,12,15,3,2,3,0,2,0,2,0,0,1,1,4,0,0,2,1,2,1,5
14,CONSTANŢA,"CASA MUNICIPALĂ DE CULTURĂ",212,"MUNICIPIUL MANGALIA",60482,1,PROV,PRCNCT,CD,CD_SV,"2021-01-21 12:30:02",1455,1417,34,4,559,521,34,4,1600,1041,549,7,3,20,19,0,189,142,84,38,7,2,2,2,13,12,4,0,0,0,0,0,0,0,1,0,0,7,0,0,0,0,2,1,0,4
14,CONSTANŢA,"GRUP ȘCOLAR ECONOMIC",213,"MUNICIPIUL MANGALIA",60482,1,PROV,PRCNCT,CD,CD_SV,"2021-01-21 12:30:02",1387,1367,20,0,514,494,20,0,1500,986,504,8,2,33,24,2,113,148,55,49,6,4,4,2,16,7,3,2,0,0,0,0,0,2,1,0,2,20,3,0,0,1,0,1,0,6
14,CONSTANŢA,"LICEUL TEHNOLOGIC ”ION BĂNESCU” MANGALIA",214,"MUNICIPIUL MANGALIA",60482,1,PROV,PRCNCT,CD,CD_SV,"2021-01-21 12:30:02",1144,1119,24,1,387,362,24,1,1200,813,373,11,3,25,12,1,70,93,34,95,4,1,9,1,11,1,5,1,1,0,0,0,0,0,1,0,0,2,0,0,0,0,0,0,1,5
14,CONSTANŢA,"GRUP ȘCOLAR INDUSTRIAL ”ION BĂNESCU”",215,"MUNICIPIUL MANGALIA",60482,1,PROV,PRCNCT,CD,CD_SV,"2021-01-21 12:30:02",1429,1415,12,2,455,441,12,2,1602,1147,441,11,3,19,19,1,104,110,56,90,6,0,7,0,14,4,2,0,0,0,0,0,0,0,0,0,0,2,4,0,0,0,0,0,1,2
14,CONSTANŢA,"BAZA SPOTIVĂ PESCĂRUȘ",216,"MUNICIPIUL MANGALIA",60482,1,PROV,PRCNCT,CD,CD_SV,"2021-01-21 12:30:02",1103,1086,17,0,396,379,17,0,1200,804,385,9,2,22,21,0,110,92,51,58,3,3,4,0,10,3,1,0,0,0,0,0,0,0,0,0,0,0,3,0,0,0,0,0,0,4
14,CONSTANŢA,"ȘCOALA GENERALĂ NR.3",217,"MUNICIPIUL MANGALIA",60482,1,PROV,PRCNCT,CD,CD_SV,"2021-01-21 12:30:02",1692,1662,28,2,559,529,28,2,1800,1241,553,6,0,27,30,3,149,111,75,105,8,2,5,1,14,8,3,0,0,0,0,6,0,0,0,1,0,1,1,0,0,0,0,0,0,3
14,CONSTANŢA,"ȘCOALA GENERALĂ NR.3",218,"MUNICIPIUL MANGALIA",60482,1,PROV,PRCNCT,CD,CD_SV,"2021-01-21 12:30:02",1569,1558,10,1,457,446,10,1,1700,1243,445,11,1,24,15,0,104,110,73,69,3,0,6,0,17,5,1,1,0,0,0,1,0,0,0,0,0,3,2,0,1,0,1,0,0,9
14,CONSTANŢA,"GRĂDINIȚA NR.3",219,"MUNICIPIUL MANGALIA",60482,1,PROV,PRCNCT,CD,CD_SV,"2021-01-21 12:30:02",1590,1577,13,0,492,479,13,0,1700,1208,481,10,1,23,24,0,142,97,54,92,6,0,2,2,8,2,3,0,0,0,0,0,0,0,3,0,0,13,1,0,0,0,1,1,0,7
14,CONSTANŢA,"ȘCOALA GENERALĂ NR.1",220,"MUNICIPIUL MANGALIA",60482,1,PROV,PRCNCT,CD,CD_SV,"2021-01-21 12:30:02",1170,1148,22,0,366,344,22,0,1300,934,351,12,3,16,15,1,66,97,59,61,2,0,1,0,8,3,1,1,0,1,0,0,0,0,0,1,0,13,1,0,0,0,0,0,0,4
14,CONSTANŢA,"ȘCOALA GENERALĂ NR.1",221,"MUNICIPIUL MANGALIA",60482,1,PROV,PRCNCT,CD,CD_SV,"2021-01-21 12:30:02",1399,1380,19,0,417,398,19,0,1500,1083,389,22,6,17,16,0,78,113,33,75,4,1,1,0,12,4,2,0,0,5,0,0,0,1,1,1,0,16,0,0,0,1,1,0,1,6
14,CONSTANŢA,"ȘCOALA GENERALĂ NR.2",222,"MUNICIPIUL MANGALIA",60482,1,PROV,PRCNCT,CD,CD_SV,"2021-01-21 12:30:02",1431,1415,15,1,423,407,15,1,1600,1177,414,8,1,12,24,3,117,98,40,79,5,1,1,0,9,2,4,2,1,1,0,2,0,0,1,0,1,3,1,1,0,0,1,1,0,4
14,CONSTANŢA,"ȘCOALA GENERALĂ NR.2",223,"MUNICIPIUL MANGALIA",60482,1,PROV,PRCNCT,CD,CD_SV,"2021-01-21 12:30:02",1654,1632,20,2,522,500,20,2,1800,1278,509,12,1,26,20,2,125,142,55,93,3,2,2,2,10,6,5,1,0,1,0,0,0,1,1,0,0,6,1,0,0,0,0,2,0,3
14,CONSTANŢA,"SEDIU S.C. ECO GOLD S.A.",224,"MUNICIPIUL MANGALIA",60482,1,PROV,PRCNCT,CD,CD_SV,"2021-01-21 12:30:02",1996,1976,20,0,736,716,20,0,2200,1464,714,19,3,46,17,1,147,216,112,95,5,0,5,3,30,4,3,1,0,0,0,2,0,2,0,1,0,13,2,1,0,1,0,0,0,7
14,CONSTANŢA,"GRĂDINIȚA NR. 4",225,"MUNICIPIUL MANGALIA",60482,1,PROV,PRCNCT,CD,CD_SV,"2021-01-21 12:30:02",1277,1252,22,3,444,419,22,3,1408,964,428,14,2,13,9,2,110,138,44,70,8,1,3,0,10,4,2,0,0,1,0,0,0,0,0,0,0,5,1,0,0,0,1,0,0,6
14,CONSTANŢA,"FUNDAȚIA PENTRU TINERET MANGALIA",226,"MUNICIPIUL MANGALIA",60482,1,PROV,PRCNCT,CD,CD_SV,"2021-01-21 12:30:02",1204,1189,14,1,286,271,14,1,1300,1014,256,25,5,9,6,1,64,69,13,54,4,3,0,0,7,4,1,2,1,1,0,0,0,2,3,0,1,5,2,1,0,1,0,1,0,1
14,CONSTANŢA,"FUNDATIA PENTRU TINERET",227,"MUNICIPIUL MANGALIA",60482,1,PROV,PRCNCT,CD,CD_SV,"2021-01-21 12:30:02",1412,1393,17,2,512,493,17,2,1500,988,498,10,4,23,24,2,133,129,85,45,9,2,4,1,15,3,0,0,0,0,0,0,0,1,0,0,0,15,1,0,0,1,1,0,0,4
14,CONSTANŢA,"ȘCOALA GENERALĂ NR.5",228,"MUNICIPIUL MANGALIA",60482,1,PROV,PRCNCT,CD,CD_SV,"2021-01-21 12:30:02",1190,1174,14,2,395,379,14,2,1305,910,388,6,1,21,12,1,99,124,49,32,5,3,5,0,15,2,1,0,0,0,0,2,0,0,2,0,1,11,1,0,0,0,1,0,0,1
14,CONSTANŢA,"ȘCOALA GENERALĂ NR.5",229,"MUNICIPIUL MANGALIA",60482,1,PROV,PRCNCT,CD,CD_SV,"2021-01-21 12:30:02",1222,1202,20,0,453,433,20,0,1300,847,447,5,1,21,15,2,121,127,56,62,4,0,2,1,9,3,2,0,0,0,0,1,0,0,2,0,0,13,0,0,0,0,0,0,1,5
14,CONSTANŢA,"FUNDAȚIA PENTRU TINERET",230,"MUNICIPIUL MANGALIA",60482,1,PROV,PRCNCT,CD,CD_SV,"2021-01-21 12:30:02",1222,1205,15,2,427,410,15,2,1300,873,413,11,3,20,16,2,114,102,49,62,1,1,6,0,20,3,1,0,0,0,0,0,0,0,0,1,0,10,1,0,0,0,0,0,0,4
14,CONSTANŢA,"HOTEL MANGALIA",231,"MUNICIPIUL MANGALIA",60482,1,PROV,PRCNCT,CD,CD_SV,"2021-01-21 12:30:02",1255,1244,10,1,446,435,10,1,1400,954,435,11,0,15,16,1,127,138,50,40,1,1,4,0,15,5,1,0,0,0,0,3,0,0,0,0,0,14,0,0,0,0,0,0,0,4
14,CONSTANŢA,"CLUB SPITAL MANGALIA",232,"MUNICIPIUL MANGALIA",60482,1,PROV,PRCNCT,CD,CD_SV,"2021-01-21 12:30:02",919,869,18,32,345,295,18,32,1000,655,338,6,1,16,8,2,97,98,47,33,2,0,0,1,7,5,2,0,0,0,0,1,0,0,1,0,1,12,2,0,0,0,0,0,0,3
14,CONSTANŢA,"GRĂDINIȚA CALLATIS",233,"MUNICIPIUL MANGALIA",60482,1,PROV,PRCNCT,CD,CD_SV,"2021-01-21 12:30:02",1113,1094,17,2,357,338,17,2,1200,843,353,4,0,22,12,1,95,98,40,52,3,0,2,0,11,2,3,0,0,0,0,0,1,1,1,1,0,3,0,0,0,0,0,0,0,5
14,CONSTANŢA,"LICEUL CALLATIS",234,"MUNICIPIUL MANGALIA",60482,2,PART,PRCNCT,CD,CD_SV,"2021-01-21 12:30:02",1167,1148,19,0,404,385,19,0,1310,906,395,8,1,17,20,4,109,102,43,46,3,1,6,0,12,8,5,1,1,1,0,4,0,0,0,0,0,7,0,0,0,0,0,0,0,5
14,CONSTANŢA,"LICEUL CALLATIS",235,"MUNICIPIUL MANGALIA",60482,2,PART,PRCNCT,CD,CD_SV,"2021-01-21 12:30:02",1060,1049,10,1,322,311,10,1,1200,878,309,8,5,5,10,1,70,88,37,61,4,2,4,0,10,6,0,0,0,1,0,0,0,0,1,1,0,6,0,0,0,0,1,0,0,1
14,CONSTANŢA,"GRADINITA NR. 5 NEPTUN",236,"MUNICIPIUL MANGALIA",60482,1,PROV,PRCNCT,CD,CD_SV,"2021-01-21 12:30:02",1330,1311,17,2,405,386,17,2,1400,995,402,1,2,21,18,2,95,151,42,42,5,3,5,0,7,2,1,0,0,1,0,0,0,0,0,1,0,1,0,0,0,0,0,1,0,4
14,CONSTANŢA,"GRĂDINIȚA NR. 5 NEPTUN",237,"MUNICIPIUL MANGALIA",60482,1,PROV,PRCNCT,CD,CD_SV,"2021-01-21 12:30:02",499,488,10,1,119,108,10,1,509,390,109,6,4,3,1,0,21,32,7,32,0,0,0,0,1,2,6,0,0,1,0,0,0,1,1,0,0,0,0,0,0,0,0,0,0,1
14,CONSTANŢA,"CASA DE CULTURĂ ”I.N.ROMAN”",238,"MUNICIPIUL MEDGIDIA",60847,1,PROV,PRCNCT,CD,CD_SV,"2021-01-21 12:30:02",858,846,12,0,290,278,12,0,910,620,286,3,1,17,15,0,95,59,40,42,0,0,1,0,1,1,1,0,0,0,0,0,0,0,0,0,0,9,2,0,0,0,0,0,0,3
14,CONSTANŢA,"GRĂDINIŢA NR.1 -BILINGVĂ ROMANO-TURCA",239,"MUNICIPIUL MEDGIDIA",60847,1,PROV,PRCNCT,CD,CD_SV,"2021-01-21 12:30:02",768,753,15,0,206,191,15,0,800,594,200,3,3,3,15,0,59,54,18,30,4,0,0,0,4,2,2,0,1,1,0,0,0,1,0,2,0,3,1,0,0,0,0,0,0,0
14,CONSTANŢA,"GRADINITA NR.1",240,"MUNICIPIUL MEDGIDIA",60847,1,PROV,PRCNCT,CD,CD_SV,"2021-01-21 12:30:02",853,841,12,0,199,187,12,0,907,708,192,6,1,12,6,3,56,34,16,31,4,1,1,0,5,5,0,0,1,0,0,1,0,0,0,0,0,9,6,0,0,0,0,0,0,1
14,CONSTANŢA,"ŞCOALA ”MIHAIL SADOVEANU”",241,"MUNICIPIUL MEDGIDIA",60847,1,PROV,PRCNCT,CD,CD_SV,"2021-01-21 12:30:02",919,911,8,0,168,160,8,0,995,827,161,6,1,4,7,0,47,34,17,24,2,1,1,0,2,1,1,0,0,0,0,0,0,0,0,0,0,12,6,0,0,1,0,0,0,1
14,CONSTANŢA,"ŞCOALA ”MIHAIL SADOVEANU”",242,"MUNICIPIUL MEDGIDIA",60847,1,PROV,PRCNCT,CD,CD_SV,"2021-01-21 12:30:02",1464,1456,8,0,162,154,8,0,1600,1438,141,17,4,3,4,0,52,28,4,26,3,2,0,0,3,3,0,2,0,2,0,0,0,0,1,0,0,6,2,0,0,0,0,0,0,0
14,CONSTANŢA,"ŞCOALA GIMNAZIALĂ ”MIHAIL SADOVEANU”",243,"MUNICIPIUL MEDGIDIA",60847,1,PROV,PRCNCT,CD,CD_SV,"2021-01-21 12:30:02",1148,1133,15,0,168,153,15,0,1200,1032,146,16,6,6,7,1,45,29,4,36,3,1,1,1,2,0,2,2,0,0,0,0,0,0,0,0,0,6,0,0,0,0,0,0,0,0
14,CONSTANŢA,"GRĂDINIŢA NR.8",244,"MUNICIPIUL MEDGIDIA",60847,1,PROV,PRCNCT,CD,CD_SV,"2021-01-21 12:30:02",1380,1366,14,0,314,300,14,0,1500,1186,301,10,3,11,21,1,94,49,43,56,3,2,1,0,2,0,2,0,1,0,0,1,0,0,0,0,0,7,5,0,0,0,0,0,0,2
14,CONSTANŢA,"LICEUL TEHNOLOGIC ”DRAGOMIR HURMUZESCU”",245,"MUNICIPIUL MEDGIDIA",60847,1,PROV,PRCNCT,CD,CD_SV,"2021-01-21 12:30:02",1283,1271,12,0,281,269,12,0,1400,1119,269,9,3,7,6,0,69,68,21,76,3,1,2,0,3,4,1,0,0,0,0,0,0,0,0,0,0,6,2,0,0,0,0,0,0,0
14,CONSTANŢA,"ŞCOALA ”CONSTANTIN BRÂNCUŞI”",246,"MUNICIPIUL MEDGIDIA",60847,1,PROV,PRCNCT,CD,CD_SV,"2021-01-21 12:30:02",1004,994,10,0,276,266,10,0,1100,824,261,11,4,4,11,1,56,42,17,37,4,1,0,1,8,3,3,0,4,0,0,0,0,1,1,0,1,56,6,1,0,1,1,0,0,1
14,CONSTANŢA,"ŞCOALA ”CONSTANTIN BRÂNCUŞI”",247,"MUNICIPIUL MEDGIDIA",60847,1,PROV,PRCNCT,CD,CD_SV,"2021-01-21 12:30:02",991,979,12,0,256,244,12,0,1100,844,251,4,1,4,6,1,80,62,33,42,1,0,5,0,3,1,2,0,0,0,0,0,0,0,0,0,0,5,1,0,0,0,0,0,0,5
14,CONSTANŢA,"LICEUL TEORETIC ”NICOLAE BĂLCESCU”",248,"MUNICIPIUL MEDGIDIA",60847,1,PROV,PRCNCT,CD,CD_SV,"2021-01-21 12:30:02",840,825,12,3,208,193,12,3,898,690,197,9,2,3,3,1,61,40,14,25,1,0,1,0,3,2,1,0,0,0,0,0,0,0,1,0,0,37,2,1,0,0,0,0,0,1
14,CONSTANŢA,"LICEUL TEORETIC ”NICOLAE BĂLCESCU”",249,"MUNICIPIUL MEDGIDIA",60847,1,PROV,PRCNCT,CD,CD_SV,"2021-01-21 12:30:02",767,754,13,0,204,191,13,0,800,596,203,1,0,13,4,0,72,40,26,20,2,0,2,0,5,0,1,0,0,0,0,0,0,0,0,0,0,17,1,0,0,0,0,0,0,0
14,CONSTANŢA,"SCOALA ”MIRCEA DRAGOMIRESCU”",250,"MUNICIPIUL MEDGIDIA",60847,1,PROV,PRCNCT,CD,CD_SV,"2021-01-21 12:30:02",818,811,7,0,236,229,7,0,900,664,235,1,0,9,16,2,75,50,25,33,2,0,0,0,5,2,2,0,0,0,0,0,0,0,0,0,0,11,1,0,0,0,0,0,0,2
14,CONSTANŢA,"ŞCOALA ”MIRCEA DRAGOMIRESCU”",251,"MUNICIPIUL MEDGIDIA",60847,1,PROV,PRCNCT,CD,CD_SV,"2021-01-21 12:30:02",783,763,19,1,165,145,19,1,900,735,160,4,1,3,9,0,66,31,17,21,0,0,1,0,4,1,0,0,1,0,0,1,0,0,0,0,0,2,1,0,0,0,0,0,0,2
14,CONSTANŢA,"ŞCOALA GIMNAZIALĂ ”MIRCEA DRAGOMIRESCU”",252,"MUNICIPIUL MEDGIDIA",60847,1,PROV,PRCNCT,CD,CD_SV,"2021-01-21 12:30:02",1223,1214,9,0,306,297,9,0,1300,994,300,6,0,16,12,1,68,76,33,34,0,0,0,0,12,6,2,1,1,0,0,1,1,0,0,1,1,26,3,0,0,0,0,0,0,5
14,CONSTANŢA,"LICEUL TEORETIC ”NICOLAE BĂLCESCU” MEDGIDIA",253,"MUNICIPIUL MEDGIDIA",60847,1,PROV,PRCNCT,CD,CD_SV,"2021-01-21 12:30:02",888,880,8,0,223,215,8,0,996,773,220,3,0,5,12,1,79,63,23,18,2,2,0,0,3,1,0,0,0,1,0,0,1,0,0,0,0,8,1,0,0,0,0,0,0,0
14,CONSTANŢA,"ŞCOALA GIMNAZIALĂ ”CONSTANTIN BRÂNCUŞI” MEDGIDIA",254,"MUNICIPIUL MEDGIDIA",60847,2,PART,PRCNCT,CD,CD_SV,"2021-01-21 12:30:02",758,748,9,1,227,217,9,1,799,582,212,4,1,14,12,1,56,51,33,28,0,0,1,0,2,2,0,1,0,0,0,0,0,0,0,0,0,9,2,0,0,0,0,0,0,0
14,CONSTANŢA,"COLEGIUL ”KEMAL ATATURK”",255,"MUNICIPIUL MEDGIDIA",60847,1,PROV,PRCNCT,CD,CD_SV,"2021-01-21 12:30:02",957,938,19,0,255,236,19,0,1000,745,250,3,2,6,15,0,69,67,29,31,2,1,1,0,5,2,2,0,0,0,0,0,0,0,1,0,1,13,2,0,0,0,0,1,0,2
14,CONSTANŢA,"HOTEL ”STADION”",256,"MUNICIPIUL MEDGIDIA",60847,1,PROV,PRCNCT,CD,CD_SV,"2021-01-21 12:30:02",898,884,12,2,274,260,12,2,1000,726,267,6,1,2,15,1,80,66,45,42,2,0,0,0,3,4,1,0,0,0,0,0,0,1,0,1,0,4,0,0,0,0,0,0,0,0
14,CONSTANŢA,"HOTEL ”STADION”",257,"MUNICIPIUL MEDGIDIA",60847,1,PROV,PRCNCT,CD,CD_SV,"2021-01-21 12:30:02",888,881,7,0,276,269,7,0,1000,724,273,3,0,9,16,1,90,61,29,44,3,0,2,0,7,2,2,0,1,0,0,0,0,0,0,0,0,5,0,0,0,0,0,0,0,1
14,CONSTANŢA,"HOTEL ”STADION”",258,"MUNICIPIUL MEDGIDIA",60847,1,PROV,PRCNCT,CD,CD_SV,"2021-01-21 12:30:02",1026,1020,6,0,282,276,6,0,1100,819,277,4,0,7,13,0,117,51,32,31,2,2,2,1,2,1,1,1,0,1,0,0,0,0,1,0,0,9,0,0,0,0,0,0,1,2
14,CONSTANŢA,"ANEXA - COLEGIUL ”KEMAL ATATURK”",259,"MUNICIPIUL MEDGIDIA",60847,1,PROV,PRCNCT,CD,CD_SV,"2021-01-21 12:30:02",912,901,11,0,244,233,11,0,1001,757,236,7,1,4,12,1,82,47,20,53,1,0,0,0,4,2,1,1,0,0,0,0,0,0,0,0,1,3,3,0,1,0,0,0,0,0
14,CONSTANŢA,"ANEXA - COLEGIUL ”KEMAL ATATURK”",260,"MUNICIPIUL MEDGIDIA",60847,1,PROV,PRCNCT,CD,CD_SV,"2021-01-21 12:30:02",766,754,12,0,213,201,12,0,800,587,208,2,3,6,11,0,64,61,25,32,1,0,0,2,2,2,0,0,0,0,0,0,0,0,1,0,0,0,0,0,0,0,0,0,0,1
14,CONSTANŢA,"ŞCOALA ”LUCIAN GRIGORESCU”",261,"MUNICIPIUL MEDGIDIA",60847,2,PART,PRCNCT,CD,CD_SV,"2021-01-21 12:30:02",1053,1030,23,0,321,298,23,0,1100,779,313,7,1,6,10,0,115,64,39,47,0,2,9,0,7,0,0,1,0,0,0,0,1,0,0,0,0,9,0,0,0,0,0,1,0,2
14,CONSTANŢA,"ŞCOALA ”LUCIAN GRIGORESCU”",262,"MUNICIPIUL MEDGIDIA",60847,2,PART,PRCNCT,CD,CD_SV,"2021-01-21 12:30:02",627,606,21,0,222,201,21,0,700,478,220,2,0,5,9,1,71,63,26,23,3,0,0,1,4,5,0,0,0,0,0,0,0,0,0,0,1,4,2,1,0,0,0,0,0,1
14,CONSTANŢA,"ŞCOALA GIMNAZIALĂ ”I.L.CARAGIALE” MEDGIDIA",263,"MUNICIPIUL MEDGIDIA",60847,1,PROV,PRCNCT,CD,CD_SV,"2021-01-21 12:30:02",692,674,18,0,166,148,18,0,700,534,161,3,2,4,7,0,50,34,16,40,4,1,0,0,1,2,1,0,0,0,0,0,0,0,1,0,0,0,0,0,0,0,0,0,0,0
14,CONSTANŢA,"ŞCOALA ”I.L.CARAGIALE”",264,"MUNICIPIUL MEDGIDIA",60847,2,PART,PRCNCT,CD,CD_SV,"2021-01-21 12:30:02",981,975,5,1,310,304,5,1,1100,790,304,4,2,8,12,0,104,69,40,55,2,0,4,0,0,1,2,0,0,0,0,0,0,0,1,0,0,4,0,0,0,0,0,0,0,2
14,CONSTANŢA,"SCOALA ”I.L.CARAGIALE”",265,"MUNICIPIUL MEDGIDIA",60847,1,PROV,PRCNCT,CD,CD_SV,"2021-01-21 12:30:02",1030,1019,11,0,235,224,11,0,1100,865,229,4,2,6,7,2,81,39,15,68,0,0,1,0,2,3,0,0,0,0,0,0,0,1,1,0,0,3,0,0,0,0,0,0,0,0
14,CONSTANŢA,"SCOALA ”I.L.CARAGIALE”",266,"MUNICIPIUL MEDGIDIA",60847,1,PROV,PRCNCT,CD,CD_SV,"2021-01-21 12:30:02",1028,1022,5,1,273,267,5,1,1100,827,272,1,0,5,12,0,103,57,18,56,0,1,2,0,4,6,1,0,1,0,0,0,0,0,0,1,0,4,0,0,0,0,0,0,0,1
14,CONSTANŢA,"COLEGIUL TEHNIC ”NICOLAE TITULESCU”",267,"MUNICIPIUL MEDGIDIA",60847,1,PROV,PRCNCT,CD,CD_SV,"2021-01-21 12:30:02",1006,993,13,0,260,247,13,0,1100,840,259,1,0,5,8,1,96,53,29,42,3,2,0,0,3,4,5,2,0,0,0,0,0,1,0,0,1,0,1,0,0,0,0,0,0,3
14,CONSTANŢA,"COLEGIUL TEHNIC ”NICOLAE TITULESCU”",268,"MUNICIPIUL MEDGIDIA",60847,1,PROV,PRCNCT,CD,CD_SV,"2021-01-21 12:30:02",1238,1227,9,2,367,356,9,2,1400,1033,359,5,3,10,14,1,116,96,44,54,4,1,2,0,3,1,0,1,0,0,0,0,0,0,1,0,0,6,1,0,0,0,0,0,0,4
14,CONSTANŢA,"ŞCOALA ”SPIRU HARET”",269,"MUNICIPIUL MEDGIDIA",60847,1,PROV,PRCNCT,CD,CD_SV,"2021-01-21 12:30:02",1054,1037,17,0,258,241,17,0,1100,842,246,9,3,11,12,1,78,60,25,40,1,0,2,0,1,1,1,1,0,0,0,0,0,0,0,0,1,4,0,0,0,0,0,0,0,7
14,CONSTANŢA,"ŞCOALA ”SPIRU HARET”",270,"MUNICIPIUL MEDGIDIA",60847,1,PROV,PRCNCT,CD,CD_SV,"2021-01-21 12:30:02",1206,1193,13,0,246,233,13,0,1300,1054,233,8,5,5,4,0,71,54,19,56,5,1,0,0,1,2,4,3,0,0,0,0,0,0,2,0,1,3,0,0,0,0,0,0,0,2
14,CONSTANŢA,"ŞCOALA ”SPIRU HARET”",271,"MUNICIPIUL MEDGIDIA",60847,1,PROV,PRCNCT,CD,CD_SV,"2021-01-21 12:30:02",1235,1218,17,0,306,289,17,0,1291,985,300,5,1,5,20,1,81,79,30,50,8,1,2,2,6,2,1,1,0,1,0,0,1,2,0,0,0,5,0,0,0,0,0,0,0,2
14,CONSTANŢA,"GRADINIŢA NR.7",272,"MUNICIPIUL MEDGIDIA",60847,1,PROV,PRCNCT,CD,CD_SV,"2021-01-21 12:30:02",1332,1322,10,0,439,429,10,0,1500,1061,435,4,0,5,23,1,146,102,40,86,4,2,4,0,3,0,1,1,1,0,0,1,0,0,0,0,0,9,0,0,0,0,1,0,0,5
14,CONSTANŢA,"ŞCOALA ”IULIU PRODAN”",273,"MUNICIPIUL MEDGIDIA",60847,1,PROV,PRCNCT,CD,CD_SV,"2021-01-21 12:30:02",1246,1233,13,0,298,285,13,0,1397,1099,287,10,1,12,10,0,76,70,23,62,3,0,0,0,5,1,0,0,0,0,0,0,0,0,0,0,1,22,2,0,0,0,0,0,0,0
14,CONSTANŢA,"S.C. ”MAXICOMP” SRL",274,"MUNICIPIUL MEDGIDIA",60847,2,PART,PRCNCT,CD,CD_SV,"2021-01-21 12:30:02",306,294,12,0,82,70,12,0,300,218,79,0,3,6,2,0,13,31,3,18,2,0,1,0,1,0,0,0,0,0,0,0,0,0,1,1,0,0,0,0,0,0,0,0,0,0
14,CONSTANŢA,"ŞCOALA GIMNAZIALĂ NR. 1",275,"ORAŞ CERNAVODĂ",60776,1,PROV,PRCNCT,CD,CD_SV,"2021-01-21 12:30:02",1735,1727,8,0,404,396,8,0,1900,1496,398,5,1,8,12,0,96,91,39,120,2,1,6,0,6,4,1,1,0,0,0,3,0,1,1,0,0,2,3,0,0,0,0,0,0,1
14,CONSTANŢA,"ŞCOALA GIMNAZIALĂ NR. 1",276,"ORAŞ CERNAVODĂ",60776,1,PROV,PRCNCT,CD,CD_SV,"2021-01-21 12:30:02",1368,1359,9,0,330,321,9,0,1500,1170,320,7,3,5,9,0,96,72,22,94,2,1,1,0,7,4,0,1,0,0,0,0,0,0,0,1,0,0,0,1,0,1,0,0,0,3
14,CONSTANŢA,"GRĂDINIŢA CU PROGRAM PRELUNGIT ”PANSELUŢA”",277,"ORAŞ CERNAVODĂ",60776,1,PROV,PRCNCT,CD,CD_SV,"2021-01-21 12:30:02",1598,1585,12,1,393,380,12,1,1700,1307,387,4,2,13,18,2,105,76,38,115,4,0,0,0,7,1,1,1,0,0,0,1,0,0,1,0,0,1,0,1,0,0,0,0,0,2
14,CONSTANŢA,"ŞCOALA GIMNAZIALĂ NR. 2",278,"ORAŞ CERNAVODĂ",60776,1,PROV,PRCNCT,CD,CD_SV,"2021-01-21 12:30:02",1417,1403,14,0,373,359,14,0,1500,1127,368,4,1,20,14,1,114,88,28,70,1,1,1,0,15,4,1,1,0,1,0,1,0,0,0,1,0,0,0,1,0,0,0,0,0,5
14,CONSTANŢA,"LICEUL TEORETIC ANGHEL SALIGNY",279,"ORAŞ CERNAVODĂ",60776,1,PROV,PRCNCT,CD,CD_SV,"2021-01-21 12:30:02",1613,1560,53,0,492,439,53,0,1700,1208,486,6,0,16,19,2,124,134,89,72,3,1,0,2,5,6,0,0,0,1,0,3,0,0,0,0,0,4,0,0,0,1,0,0,0,4
14,CONSTANŢA,"LICEUL TEORETIC ANGHEL SALIGNY",280,"ORAŞ CERNAVODĂ",60776,1,PROV,PRCNCT,CD,CD_SV,"2021-01-21 12:30:02",1549,1511,36,2,494,456,36,2,1700,1206,476,15,3,17,29,0,129,140,72,60,6,0,1,0,8,3,2,3,0,0,0,1,0,0,0,0,0,0,2,0,0,0,0,0,1,2
14,CONSTANŢA,"GRĂDINIŢA CU PROGRAM PRELUNGIT NR. 4",281,"ORAŞ CERNAVODĂ",60776,1,PROV,PRCNCT,CD,CD_SV,"2021-01-21 12:30:02",1417,1409,8,0,301,293,8,0,1600,1299,296,5,0,11,12,0,85,71,17,71,0,0,1,0,8,4,5,1,0,1,0,0,0,0,0,0,0,0,2,0,0,0,0,0,1,6
14,CONSTANŢA,"CREŞA DIN STRADA TUDOR VLADIMIRESCU",282,"ORAŞ CERNAVODĂ",60776,1,PROV,PRCNCT,CD,CD_SV,"2021-01-21 12:30:02",1013,1002,11,0,229,218,11,0,1101,872,220,4,5,11,2,1,83,49,9,44,3,2,0,0,7,0,2,1,1,0,0,0,0,0,0,0,0,1,1,0,0,0,1,0,0,2
14,CONSTANŢA,"LICEUL TEHNOLOGIC AXIOPOLIS CERNAVODĂ",283,"ORAŞ CERNAVODĂ",60776,1,PROV,PRCNCT,CD,CD_SV,"2021-01-21 12:30:02",1476,1457,19,0,393,374,19,0,1600,1207,385,8,0,16,18,6,70,109,56,78,2,0,1,0,12,3,1,0,1,0,0,0,0,0,1,1,0,0,2,0,1,0,0,0,0,7
14,CONSTANŢA,"LICEUL TEHNOLOGIC AXIOPOLIS CERNAVODĂ",284,"ORAŞ CERNAVODĂ",60776,1,PROV,PRCNCT,CD,CD_SV,"2021-01-21 12:30:02",1170,1153,15,2,322,305,15,2,1300,978,318,4,0,11,11,0,63,93,70,42,1,1,0,0,13,3,1,1,0,0,0,1,0,0,1,0,0,0,0,0,0,0,0,0,0,6
14,CONSTANŢA,"ŞCOALA GIMNAZIALĂ MIRCEA ELIADE",285,"ORAŞ CERNAVODĂ",60776,2,PART,PRCNCT,CD,CD_SV,"2021-01-21 12:30:02",1131,1090,41,0,312,271,41,0,1200,888,307,5,0,12,15,0,73,92,62,31,1,0,2,0,5,5,0,0,1,0,0,1,0,0,0,0,0,5,1,0,0,0,1,0,0,0
14,CONSTANŢA,"LICEUL CARMEN SILVA EFORIE SUD",286,"ORAŞ EFORIE",60455,1,PROV,PRCNCT,CD,CD_SV,"2021-01-21 12:30:02",1492,1439,44,9,543,490,44,9,1600,1057,532,11,0,24,13,0,97,221,74,51,1,0,3,1,8,5,1,0,2,0,0,1,0,0,4,0,1,21,1,0,0,0,0,0,1,2
14,CONSTANŢA,"SEDIUL POLITIEI LOCALE EFORIE SUD",287,"ORAŞ EFORIE",60455,1,PROV,PRCNCT,CD,CD_SV,"2021-01-21 12:30:02",1569,1541,28,0,445,417,28,0,1703,1258,434,7,4,22,13,0,74,202,46,37,5,1,0,1,10,1,3,0,1,0,0,1,0,0,3,1,0,12,0,0,0,0,0,0,0,1
14,CONSTANŢA,"GRĂDINIȚA DE COPII EFORIE SUD",288,"ORAŞ EFORIE",60455,1,PROV,PRCNCT,CD,CD_SV,"2021-01-21 12:30:02",1010,985,23,2,392,367,23,2,1100,708,383,7,2,29,21,0,57,138,72,35,2,0,2,0,9,1,1,0,0,0,0,0,0,0,1,0,1,8,0,0,0,1,0,0,0,5
14,CONSTANŢA,"HOTEL ”TRAIAN” EFORIE NORD",289,"ORAŞ EFORIE",60455,1,PROV,PRCNCT,CD,CD_SV,"2021-01-21 12:30:02",1408,1376,30,2,452,420,30,2,1500,1048,440,10,2,25,7,2,69,189,54,31,3,1,2,0,11,8,2,0,0,0,0,0,0,0,1,0,0,25,1,0,0,0,1,0,0,8
14,CONSTANŢA,"SALA DE SPORT EFORIE NORD",290,"ORAŞ EFORIE",60455,1,PROV,PRCNCT,CD,CD_SV,"2021-01-21 12:30:02",1575,1531,28,16,598,554,28,16,1700,1102,586,11,1,33,14,2,71,247,93,45,5,0,3,3,12,7,2,2,0,2,0,0,0,1,0,1,1,32,1,0,0,0,0,0,0,9
14,CONSTANŢA,"ȘCOALA GENERALĂ EFORIE NORD",291,"ORAŞ EFORIE",60455,1,PROV,PRCNCT,CD,CD_SV,"2021-01-21 12:30:02",1619,1607,7,5,610,598,7,5,1800,1190,604,4,2,29,14,1,89,258,88,62,5,4,4,2,9,4,2,0,0,3,0,0,0,0,1,0,0,22,0,0,0,0,1,0,0,6
14,CONSTANŢA,"ȘCOALA GENERALĂ EFORIE NORD",292,"ORAŞ EFORIE",60455,1,PROV,PRCNCT,CD,CD_SV,"2021-01-21 12:30:02",810,746,64,0,308,244,64,0,800,492,298,10,0,19,10,1,43,110,46,38,7,2,3,0,6,3,1,0,0,0,0,0,0,0,0,0,0,6,1,0,0,0,1,0,0,1
14,CONSTANŢA,"CASA DE CULTURA",293,"ORAŞ HÂRŞOVA",60801,1,PROV,PRCNCT,CD,CD_SV,"2021-01-21 12:30:02",773,754,19,0,213,194,19,0,800,587,208,3,2,7,13,0,66,66,27,22,0,1,0,0,1,0,0,1,0,0,0,0,0,2,0,0,0,1,1,0,0,0,0,0,0,0
14,CONSTANŢA,"LICEUL TEORETIC ”IOAN COTOVU”",294,"ORAŞ HÂRŞOVA",60801,1,PROV,PRCNCT,CD,CD_SV,"2021-01-21 12:30:02",1343,1316,22,5,337,310,22,5,1503,1166,332,5,0,11,16,1,105,102,28,42,3,3,2,1,4,3,2,0,0,1,0,2,0,0,1,1,0,2,1,0,0,0,0,0,0,1
14,CONSTANŢA,"LICEUL TEORETIC ”IOAN COTOVU”",295,"ORAŞ HÂRŞOVA",60801,1,PROV,PRCNCT,CD,CD_SV,"2021-01-21 12:30:02",1442,1411,18,13,346,315,18,13,1600,1254,342,4,0,7,8,1,127,99,36,44,3,3,0,0,2,2,1,0,0,1,0,0,0,0,0,2,0,2,2,1,0,0,0,0,1,0
14,CONSTANŢA,"CENTRUL PERMANENT PENTRU PERSOANE ABUZATE",296,"ORAŞ HÂRŞOVA",60801,1,PROV,PRCNCT,CD,CD_SV,"2021-01-21 12:30:02",1213,1205,8,0,306,298,8,0,1300,994,294,6,6,12,14,1,89,89,25,31,5,0,0,0,4,7,2,1,0,0,0,0,0,1,1,1,0,2,7,0,0,0,1,0,0,1
14,CONSTANŢA,"ŞCOALA PORT HÂRŞOVA",297,"ORAŞ HÂRŞOVA",60801,1,PROV,PRCNCT,CD,CD_SV,"2021-01-21 12:30:02",1186,1178,7,1,238,230,7,1,1300,1062,228,7,3,7,7,2,47,69,26,45,3,3,0,0,1,1,1,1,1,0,0,2,0,1,0,0,0,0,4,0,0,1,3,0,0,3
14,CONSTANŢA,"ŞCOALA GIMNAZIALĂ NR. 1",298,"ORAŞ HÂRŞOVA",60801,1,PROV,PRCNCT,CD,CD_SV,"2021-01-21 12:30:02",1172,1151,21,0,285,264,21,0,1300,1015,276,7,2,5,5,0,74,81,25,67,2,1,2,0,5,0,2,1,1,0,0,0,0,0,0,0,0,0,2,1,0,0,0,0,0,2
14,CONSTANŢA,"GRADINIŢA VAROŞ",299,"ORAŞ HÂRŞOVA",60801,1,PROV,PRCNCT,CD,CD_SV,"2021-01-21 12:30:02",1294,1284,10,0,264,254,10,0,1400,1136,255,7,2,17,3,0,61,69,27,63,2,2,0,0,0,1,0,3,1,0,0,0,0,2,0,1,0,0,3,0,0,0,0,0,0,0
14,CONSTANŢA,"ŞCOALA PRIMARĂ VADU OII",300,"ORAŞ HÂRŞOVA",60801,1,PROV,PRCNCT,CD,CD_SV,"2021-01-21 12:30:02",309,300,9,0,61,52,9,0,400,339,60,0,1,1,1,1,27,13,3,10,0,1,0,0,1,0,0,0,0,0,0,0,0,0,0,0,0,0,1,0,0,0,0,1,0,0
14,CONSTANŢA,"LICEUL TEORETIC MURFATLAR",301,"ORAŞ MURFATLAR",62360,2,PART,PRCNCT,CD,CD_SV,"2021-01-21 12:30:02",1405,1379,26,0,375,349,26,0,1500,1123,366,8,1,22,10,2,114,95,32,60,3,2,1,0,2,2,0,8,0,1,0,0,0,0,0,1,0,3,2,0,0,0,3,0,0,3
14,CONSTANŢA,"LICEUL TEORETIC MURFATLAR",302,"ORAŞ MURFATLAR",62360,1,PROV,PRCNCT,CD,CD_SV,"2021-01-21 12:30:02",1169,1150,17,2,386,367,17,2,1300,914,368,16,2,20,7,0,96,122,29,53,5,2,1,1,7,6,1,4,0,0,0,1,0,0,1,0,0,9,1,0,0,0,0,0,0,2
14,CONSTANŢA,"SALA DE SPORT",303,"ORAŞ MURFATLAR",62360,1,PROV,PRCNCT,CD,CD_SV,"2021-01-21 12:30:02",1183,1164,16,3,406,387,16,3,1300,894,397,9,0,17,10,0,89,144,24,81,7,1,1,2,3,4,0,6,0,0,0,0,0,0,0,0,0,3,1,0,0,0,0,0,0,4
14,CONSTANŢA,"ȘCOALA GENERALĂ NR.2 MURFATLAR",304,"ORAŞ MURFATLAR",62360,1,PROV,PRCNCT,CD,CD_SV,"2021-01-21 12:30:02",1783,1759,22,2,501,477,22,2,1900,1399,493,8,0,22,17,2,105,155,35,82,7,1,0,1,4,4,2,16,0,0,1,0,0,0,1,0,2,31,1,0,0,0,0,0,0,4
14,CONSTANŢA,"GRADINITA CU PROGRAM NORMAL NR.2 MURFATLAR",305,"ORAŞ MURFATLAR",62360,1,PROV,PRCNCT,CD,CD_SV,"2021-01-21 12:30:02",1482,1465,15,2,481,464,15,2,1600,1119,472,8,1,18,15,0,110,145,44,79,12,1,5,0,5,4,3,2,0,0,0,0,0,0,0,0,0,21,2,0,0,1,0,0,1,4
14,CONSTANŢA,"S.C.U.G S.A. MURFATLAR",306,"ORAŞ MURFATLAR",62360,1,PROV,PRCNCT,CD,CD_SV,"2021-01-21 12:30:02",1043,1024,19,0,299,280,19,0,1100,801,295,2,2,14,5,1,67,86,28,61,3,0,0,3,8,5,1,1,0,0,0,0,0,0,0,0,0,8,0,0,0,0,0,0,0,4
14,CONSTANŢA,"CĂMIN CULTURAL SIMINOC",307,"ORAŞ MURFATLAR",62360,1,PROV,PRCNCT,CD,CD_SV,"2021-01-21 12:30:02",1052,1036,16,0,341,325,16,0,1100,759,335,6,0,18,6,0,70,136,21,68,1,0,0,0,3,2,1,4,0,0,0,0,0,1,1,0,0,0,1,0,0,0,0,0,0,2
14,CONSTANŢA,"GRĂDINIȚA ”PEȘTIȘORUL DE AUR”",308,"ORAŞ NĂVODARI",60507,1,PROV,PRCNCT,CD,CD_SV,"2021-01-21 12:30:02",1509,1483,26,0,407,381,26,0,1600,1193,400,5,2,28,12,0,111,61,89,67,2,4,1,1,7,3,0,1,0,1,0,2,0,0,2,0,0,6,0,0,0,0,0,0,0,2
14,CONSTANŢA,"LICEUL TEHNOLOGIC „LAZĂR EDELEANU”",309,"ORAŞ NĂVODARI",60507,1,PROV,PRCNCT,CD,CD_SV,"2021-01-21 12:30:02",1320,1298,22,0,387,365,22,0,1400,1013,378,9,0,28,13,0,91,87,81,54,2,2,1,0,8,2,1,0,0,0,0,0,0,1,0,0,1,0,0,0,0,0,0,0,0,6
14,CONSTANŢA,"LICEUL TEHNOLOGIC „LAZĂR EDELEANU”",310,"ORAŞ NĂVODARI",60507,1,PROV,PRCNCT,CD,CD_SV,"2021-01-21 12:30:02",1116,1102,14,0,296,282,14,0,1200,904,293,3,0,22,16,0,63,59,63,37,5,0,3,0,11,3,0,0,1,0,0,2,0,0,1,0,1,2,0,0,0,1,0,1,0,2
14,CONSTANŢA,"LICEUL TEHNOLOGIC „LAZĂR EDELEANU”",311,"ORAŞ NĂVODARI",60507,1,PROV,PRCNCT,CD,CD_SV,"2021-01-21 12:30:02",1691,1675,15,1,457,441,15,1,1900,1443,447,7,3,32,5,2,132,64,71,89,10,5,2,1,6,7,4,1,2,1,0,0,0,0,0,1,0,2,0,0,0,0,0,1,1,8
14,CONSTANŢA,"LICEUL TEHNOLOGIC „LAZĂR EDELEANU”",312,"ORAŞ NĂVODARI",60507,1,PROV,PRCNCT,CD,CD_SV,"2021-01-21 12:30:02",1462,1445,15,2,388,371,15,2,1600,1212,384,3,1,22,19,1,100,84,76,54,4,1,4,0,7,2,0,0,0,1,0,0,0,0,0,0,0,4,0,0,0,0,1,0,0,4
14,CONSTANŢA,"ŞCOALA GIMNAZIALĂ „GEORGE ENESCU”",313,"ORAŞ NĂVODARI",60507,1,PROV,PRCNCT,CD,CD_SV,"2021-01-21 12:30:02",1481,1461,19,1,414,394,19,1,1600,1186,401,10,3,25,13,0,101,86,75,65,7,2,1,2,6,4,0,0,0,0,0,2,0,0,1,0,0,0,1,0,0,1,1,0,0,8
14,CONSTANŢA,"ŞCOALA GIMNAZIALĂ „GEORGE ENESCU”",314,"ORAŞ NĂVODARI",60507,1,PROV,PRCNCT,CD,CD_SV,"2021-01-21 12:30:02",1648,1631,15,2,527,510,15,2,1800,1273,515,12,0,40,18,0,110,102,128,84,6,0,3,0,6,2,0,0,2,0,0,3,0,0,2,1,1,0,1,0,0,1,3,0,0,2
14,CONSTANŢA,"ŞCOALA GIMNAZIALĂ „GEORGE ENESCU”",315,"ORAŞ NĂVODARI",60507,1,PROV,PRCNCT,CD,CD_SV,"2021-01-21 12:30:02",1755,1738,14,3,581,564,14,3,1900,1319,571,9,1,42,18,0,131,95,120,128,5,0,4,1,9,8,2,0,0,0,0,2,0,0,0,0,0,0,0,0,0,1,1,0,0,4
14,CONSTANŢA,"ŞCOALA GIMNAZIALĂ „GEORGE ENESCU”",316,"ORAŞ NĂVODARI",60507,1,PROV,PRCNCT,CD,CD_SV,"2021-01-21 12:30:02",914,895,19,0,253,234,19,0,1000,747,246,7,0,18,8,1,44,45,61,43,0,2,1,0,2,1,2,0,0,0,0,1,0,0,1,2,0,5,0,0,0,0,1,1,0,7
14,CONSTANŢA,"ŞCOALA GIMNAZIALĂ „GEORGE ENESCU”",317,"ORAŞ NĂVODARI",60507,1,PROV,PRCNCT,CD,CD_SV,"2021-01-21 12:30:02",1822,1809,9,4,548,535,9,4,2000,1452,539,6,3,51,15,0,118,118,114,71,6,3,9,2,16,4,2,0,0,1,0,2,0,0,1,0,0,0,1,1,0,0,0,0,0,4
14,CONSTANŢA,"ŞCOALA GIMNAZIALĂ „GRIGORE MOISIL”",318,"ORAŞ NĂVODARI",60507,1,PROV,PRCNCT,CD,CD_SV,"2021-01-21 12:30:02",1689,1667,22,0,396,374,22,0,1800,1404,386,8,2,28,10,1,98,80,53,76,2,2,6,0,8,1,3,0,1,1,2,8,0,0,0,0,0,1,1,0,0,0,1,0,0,3
14,CONSTANŢA,"ŞCOALA GIMNAZIALĂ „GRIGORE MOISIL”",319,"ORAŞ NĂVODARI",60507,1,PROV,PRCNCT,CD,CD_SV,"2021-01-21 12:30:02",1484,1468,16,0,374,358,16,0,1600,1226,364,10,0,22,8,1,93,62,64,71,7,2,7,1,8,5,1,0,0,0,0,1,0,0,3,0,0,2,0,0,0,1,3,0,0,2
14,CONSTANŢA,"ŞCOALA GIMNAZIALĂ „GRIGORE MOISIL”",320,"ORAŞ NĂVODARI",60507,1,PROV,PRCNCT,CD,CD_SV,"2021-01-21 12:30:02",1349,1337,12,0,346,334,12,0,1500,1154,337,7,2,17,13,1,99,56,50,70,1,5,4,0,4,3,2,1,0,0,0,3,0,0,0,1,0,0,0,0,1,0,0,1,0,5
14,CONSTANŢA,"ȘCOALA GIMNAZIALĂ „GRIGORE MOISIL”",321,"ORAŞ NĂVODARI",60507,1,PROV,PRCNCT,CD,CD_SV,"2021-01-21 12:30:02",995,984,11,0,247,236,11,0,1100,853,234,10,3,10,12,0,75,37,36,38,3,2,6,0,6,1,4,0,0,0,0,0,0,0,0,1,1,0,1,0,0,0,0,0,0,1
14,CONSTANŢA,"GRĂDINIȚA CU PROGRAM PRELUNGIT „VESELIEI”",322,"ORAŞ NĂVODARI",60507,1,PROV,PRCNCT,CD,CD_SV,"2021-01-21 12:30:02",1699,1685,13,1,439,425,13,1,1900,1461,433,5,1,30,19,0,97,98,49,83,6,0,6,0,14,7,1,1,1,2,0,8,0,0,0,0,0,1,0,0,0,3,0,0,0,7
14,CONSTANŢA,"CLUBUL SINDICATULUI „PETROCHIMISTUL”",323,"ORAŞ NĂVODARI",60507,1,PROV,PRCNCT,CD,CD_SV,"2021-01-21 12:30:02",1329,1311,18,0,383,365,18,0,1400,1017,376,7,0,30,9,1,91,70,72,65,2,3,7,2,5,2,4,1,0,0,0,1,0,0,1,0,0,1,0,0,0,1,0,0,1,7
14,CONSTANŢA,"ŞCOALA GIMNAZIALĂ „TUDOR ARGHEZI”",324,"ORAŞ NĂVODARI",60507,1,PROV,PRCNCT,CD,CD_SV,"2021-01-21 12:30:02",1175,1157,18,0,380,362,18,0,1300,920,374,5,1,29,10,0,80,90,76,57,6,0,6,1,8,2,2,0,0,0,0,1,0,0,1,0,1,0,1,0,0,0,0,0,0,3
14,CONSTANŢA,"ŞCOALA GIMNAZIALĂ „TUDOR ARGHEZI”",325,"ORAŞ NĂVODARI",60507,1,PROV,PRCNCT,CD,CD_SV,"2021-01-21 12:30:02",847,835,12,0,193,181,12,0,900,707,187,5,1,12,10,0,47,44,28,31,1,1,3,0,3,0,1,0,0,0,0,0,0,0,0,0,0,0,0,0,0,0,0,0,0,6
14,CONSTANŢA,"CASA CĂSĂTORIILOR",326,"ORAŞ NĂVODARI",60507,1,PROV,PRCNCT,CD,CD_SV,"2021-01-21 12:30:02",1511,1473,38,0,415,377,38,0,1600,1185,399,15,1,29,12,0,103,83,63,69,4,2,6,0,12,5,1,1,0,0,0,0,0,0,0,0,0,2,1,0,0,0,0,0,1,5
14,CONSTANŢA,"CASA DE CULTURĂ",327,"ORAŞ NĂVODARI",60507,1,PROV,PRCNCT,CD,CD_SV,"2021-01-21 12:30:02",1454,1431,21,2,469,446,21,2,1600,1131,456,12,1,34,20,0,93,83,107,68,6,2,5,3,20,4,0,1,0,0,0,3,0,1,0,0,0,2,0,0,0,0,0,0,0,4
14,CONSTANŢA,"CASA DE CULTURĂ",328,"ORAŞ NĂVODARI",60507,1,PROV,PRCNCT,CD,CD_SV,"2021-01-21 12:30:02",1755,1731,24,0,514,490,24,0,1900,1386,503,9,2,36,21,0,128,98,91,74,3,0,2,2,13,7,4,1,0,1,0,6,0,0,0,0,0,0,0,0,0,0,0,0,0,16
14,CONSTANŢA,"CREȘA NR. 20 NĂVODARI",329,"ORAŞ NĂVODARI",60507,1,PROV,PRCNCT,CD,CD_SV,"2021-01-21 12:30:02",1678,1644,33,1,375,341,33,1,1794,1419,366,6,3,17,8,4,93,65,50,76,7,5,1,1,10,5,7,1,0,2,0,2,1,1,1,0,0,3,1,0,0,0,2,0,0,3
14,CONSTANŢA,"SALA DE SPORT CU NIVEL DE PRACTICĂ ȘCOLARĂ COMPETIȚIONALĂ LOCALĂ",330,"ORAŞ NĂVODARI",60507,1,PROV,PRCNCT,CD,CD_SV,"2021-01-21 12:30:02",1370,1347,23,0,321,298,23,0,1500,1179,319,2,0,21,12,0,81,62,70,55,1,2,2,0,3,1,4,0,0,1,0,0,0,0,0,0,1,0,0,0,1,0,1,0,0,1
14,CONSTANŢA,"ȘCOALA PRIMARĂ NR.1 PENINSULA NĂVODARI",331,"ORAŞ NĂVODARI",60507,1,PROV,PRCNCT,CD,CD_SV,"2021-01-21 12:30:02",567,546,21,0,130,109,21,0,600,470,126,4,0,4,4,0,31,15,23,33,3,0,1,0,1,3,4,3,0,0,0,0,0,0,0,0,0,0,0,0,0,0,0,0,0,1
14,CONSTANŢA,"CENTRUL DE AFACERI NĂVODARI",332,"ORAŞ NĂVODARI",60507,1,PROV,PRCNCT,CD,CD_SV,"2021-01-21 12:30:02",1901,1847,46,8,626,572,46,8,2000,1374,620,4,2,46,14,1,101,163,207,43,2,2,3,3,10,7,2,1,1,0,0,4,0,0,1,1,0,6,0,0,0,0,0,0,0,2
14,CONSTANŢA,"CASA DE CULTURĂ",333,"ORAŞ NEGRU VODĂ",62397,1,PROV,PRCNCT,CD,CD_SV,"2021-01-21 12:30:02",1267,1250,16,1,335,318,16,1,1400,1065,328,2,5,10,19,1,76,96,17,90,3,0,1,0,5,2,3,0,0,0,0,0,0,0,0,0,1,0,0,0,0,1,0,0,0,3
14,CONSTANŢA,"ŞCOALA GENERALĂ",334,"ORAŞ NEGRU VODĂ",62397,1,PROV,PRCNCT,CD,CD_SV,"2021-01-21 12:30:02",1125,1107,18,0,267,249,18,0,1200,933,252,11,4,8,14,1,75,56,15,63,2,2,1,0,6,3,4,0,0,0,0,0,0,0,1,0,0,0,0,0,0,1,0,0,0,0
14,CONSTANŢA,"CĂMIN CULTURAL",335,"ORAŞ NEGRU VODĂ",62397,1,PROV,PRCNCT,CD,CD_SV,"2021-01-21 12:30:02",1243,1224,16,3,315,296,16,3,1300,985,299,11,5,12,9,0,85,86,22,63,1,2,3,0,0,1,2,1,0,0,0,0,0,0,1,0,1,1,1,1,0,0,0,0,2,5
14,CONSTANŢA,"SEDIU ADMINISTRATIV",336,"ORAŞ NEGRU VODĂ",62397,1,PROV,PRCNCT,CD,CD_SV,"2021-01-21 12:30:02",147,132,15,0,55,40,15,0,200,145,54,0,1,1,1,1,15,11,3,17,0,1,0,0,1,1,0,0,0,0,0,0,0,0,0,0,0,0,0,0,0,0,0,2,0,0
14,CONSTANŢA,"SEDIU ADMINISTRATIV AL PRIMARIEI",337,"ORAŞ NEGRU VODĂ",62397,1,PROV,PRCNCT,CD,CD_SV,"2021-01-21 12:30:02",623,611,12,0,145,133,12,0,700,555,137,3,5,5,2,1,33,19,4,67,0,0,0,1,1,0,1,0,0,1,0,0,0,1,0,0,0,0,0,0,0,0,0,1,0,0
14,CONSTANŢA,"SCOALA GENERALĂ CLASELE I-IV",338,"ORAŞ NEGRU VODĂ",62397,1,PROV,PRCNCT,CD,CD_SV,"2021-01-21 12:30:02",215,201,14,0,37,23,14,0,300,263,37,0,0,2,2,0,7,7,1,16,0,0,0,0,1,0,0,0,0,0,0,0,0,0,0,0,0,0,0,0,0,0,0,0,0,1
14,CONSTANŢA,"LICEUL TEORETIC OVIDIU",339,"ORAŞ OVIDIU",60687,1,PROV,PRCNCT,CD,CD_SV,"2021-01-21 12:30:02",1932,1877,54,1,540,485,54,1,2100,1560,516,22,2,11,10,0,128,146,59,110,5,5,3,0,8,11,4,0,1,1,0,1,0,0,3,1,0,0,4,0,0,0,2,1,0,2
14,CONSTANŢA,"LICEUL TEORETIC OVIDIU",340,"ORAŞ OVIDIU",60687,1,PROV,PRCNCT,CD,CD_SV,"2021-01-21 12:30:02",1921,1890,30,1,519,488,30,1,2100,1581,496,20,3,20,9,0,113,124,81,100,5,2,2,0,9,6,4,1,1,3,0,0,0,1,0,0,0,7,1,0,0,0,0,0,2,5
14,CONSTANŢA,"ŞCOALA NR. 2 OVIDIU",341,"ORAŞ OVIDIU",60687,2,PART,PRCNCT,CD,CD_SV,"2021-01-21 12:30:02",1728,1693,34,1,538,503,34,1,1900,1362,525,9,4,28,12,5,94,155,80,80,5,2,5,2,12,6,0,0,2,0,0,0,0,2,6,1,0,24,0,0,0,1,0,0,0,3
14,CONSTANŢA,"ŞCOALA NR. 2 OVIDIU",342,"ORAŞ OVIDIU",60687,1,PROV,PRCNCT,CD,CD_SV,"2021-01-21 12:30:02",1800,1774,23,3,514,488,23,3,2000,1486,493,21,0,18,19,1,87,131,72,125,5,1,2,1,7,3,0,2,2,0,0,0,0,2,0,0,0,8,1,0,0,0,1,0,1,4
14,CONSTANŢA,"ŞCOALA NR. 2 OVIDIU",343,"ORAŞ OVIDIU",60687,1,PROV,PRCNCT,CD,CD_SV,"2021-01-21 12:30:02",1926,1891,33,2,645,610,33,2,2100,1455,633,8,4,36,14,4,101,180,157,65,9,2,3,3,13,4,2,2,0,0,1,0,0,0,1,1,2,21,1,1,0,0,0,1,1,8
14,CONSTANŢA,"CENTRUL CULTURAL OVIDIU",344,"ORAŞ OVIDIU",60687,1,PROV,PRCNCT,CD,CD_SV,"2021-01-21 12:30:02",1859,1820,27,12,562,523,27,12,2000,1438,540,19,3,25,22,1,122,168,82,78,7,0,5,1,6,5,2,5,0,0,0,0,0,0,0,0,0,4,2,1,0,0,0,1,1,2
14,CONSTANŢA,"CENTRUL CULTURAL ”GABRIEL COTABIȚĂ” POIANA",345,"ORAŞ OVIDIU",60687,1,PROV,PRCNCT,CD,CD_SV,"2021-01-21 12:30:02",1002,937,64,1,348,283,64,1,1000,652,341,6,1,13,6,0,47,107,52,82,6,1,2,0,2,4,1,1,0,2,0,0,0,1,0,0,0,9,0,0,0,1,0,1,1,2
14,CONSTANŢA,"SCOALA GENERALA DIN SATUL CULMEA",346,"ORAŞ OVIDIU",60687,1,PROV,PRCNCT,CD,CD_SV,"2021-01-21 12:30:02",1058,1036,22,0,231,209,22,0,1198,967,224,5,2,2,4,1,30,83,10,74,4,0,0,0,0,6,1,3,0,1,0,0,0,0,0,2,0,0,0,0,0,0,0,0,1,2
14,CONSTANŢA,"SALA DE SPORT",347,"ORAŞ TECHIRGHIOL",60534,1,PROV,PRCNCT,CD,CD_SV,"2021-01-21 12:30:02",1908,1826,60,22,647,565,60,22,1995,1348,630,14,3,44,11,2,135,217,88,67,6,2,6,0,15,1,5,0,1,0,0,0,0,0,1,1,0,20,4,0,0,0,0,0,2,2
14,CONSTANŢA,"GRĂDINIȚA NR.1",348,"ORAŞ TECHIRGHIOL",60534,1,PROV,PRCNCT,CD,CD_SV,"2021-01-21 12:30:02",1748,1705,42,1,587,544,42,1,1893,1306,577,10,0,33,8,2,89,178,100,65,3,0,4,3,21,8,3,0,0,0,0,0,0,0,1,0,0,50,3,0,0,0,0,0,0,6
14,CONSTANŢA,"GRĂDINIȚA NR.2",349,"ORAŞ TECHIRGHIOL",60534,1,PROV,PRCNCT,CD,CD_SV,"2021-01-21 12:30:02",1967,1922,45,0,613,568,45,0,2095,1482,599,11,3,33,19,3,113,180,63,128,8,1,1,0,22,4,7,1,0,0,0,0,0,0,0,1,0,7,2,0,0,0,2,0,0,4
14,CONSTANŢA,"LICEUL ”EMIL RACOVIȚĂ”",350,"ORAŞ TECHIRGHIOL",60534,1,PROV,PRCNCT,CD,CD_SV,"2021-01-21 12:30:02",1492,1425,57,10,528,461,57,10,1600,1072,520,5,3,45,7,2,88,173,94,54,3,1,1,0,33,0,0,0,0,1,0,0,0,0,1,0,0,6,5,0,0,1,0,0,0,5
14,CONSTANŢA,"ŞCOALA CU CLASELE I-VIII, LOCALITATEA 23 AUGUST",351,"23 AUGUST",60598,1,PROV,PRCNCT,CD,CD_SV,"2021-01-21 12:30:02",1332,1292,40,0,406,366,40,0,1397,991,398,5,3,14,11,1,95,126,42,77,1,2,2,0,8,1,4,0,0,2,0,1,1,0,0,0,0,6,1,0,0,1,0,0,1,1
14,CONSTANŢA,"ŞCOALA CU CLASELE I-VIII, LOCALITATEA 23 AUGUST",352,"23 AUGUST",60598,1,PROV,PRCNCT,CD,CD_SV,"2021-01-21 12:30:02",1297,1262,30,5,421,386,30,5,1400,979,410,9,2,11,7,0,83,126,44,99,3,2,3,1,6,4,4,1,0,1,0,0,0,1,1,0,0,7,2,0,0,2,0,0,1,1
14,CONSTANŢA,"ŞCOALA CU CLASELE I-VIII, LOCALITATEA DULCEŞTI",353,"23 AUGUST",60598,1,PROV,PRCNCT,CD,CD_SV,"2021-01-21 12:30:02",1167,1144,23,0,331,308,23,0,1300,969,324,7,0,12,2,1,33,158,17,71,1,0,1,4,5,2,1,0,0,2,0,0,0,0,0,0,0,13,0,0,0,0,0,0,0,1
14,CONSTANŢA,"ŞCOALA CU CLASELE I-VIII, LOCALITATEA MOŞNENI",354,"23 AUGUST",60598,2,PART,PRCNCT,CD,CD_SV,"2021-01-21 12:30:02",1064,1050,14,0,265,251,14,0,1199,934,256,5,4,5,2,2,56,78,10,67,2,6,1,1,6,1,2,0,0,2,0,0,0,0,1,1,0,7,0,0,0,0,0,0,0,6
14,CONSTANŢA,"LICEUL TEHNOLOGIC ”JEAN DINU”",355,ADAMCLISI,60883,1,PROV,PRCNCT,CD,CD_SV,"2021-01-21 12:30:02",984,937,37,10,426,379,37,10,995,569,413,6,7,16,60,0,78,147,23,60,5,1,2,1,2,4,3,0,0,1,0,1,0,1,1,1,0,0,4,0,0,2,0,0,0,0
14,CONSTANŢA,"ŞCOALA ZORILE",356,ADAMCLISI,60883,1,PROV,PRCNCT,CD,CD_SV,"2021-01-21 12:30:02",489,471,13,5,183,165,13,5,500,317,179,2,2,12,11,0,31,90,7,19,2,0,0,1,1,1,1,0,1,1,0,0,0,0,0,0,0,0,0,1,0,0,0,0,0,0
14,CONSTANŢA,"ȘCOALA GENERALĂ URLUIA",357,ADAMCLISI,60883,1,PROV,PRCNCT,CD,CD_SV,"2021-01-21 12:30:02",315,292,16,7,147,124,16,7,298,151,139,4,4,3,11,0,12,68,6,21,1,1,4,0,1,1,3,2,0,0,0,0,0,0,1,0,0,0,2,0,0,1,1,0,0,0
14,CONSTANŢA,"ȘCOALA GENERALĂ ABRUD",358,ADAMCLISI,60883,1,PROV,PRCNCT,CD,CD_SV,"2021-01-21 12:30:02",123,110,13,0,77,64,13,0,200,123,73,4,0,5,11,1,5,28,2,15,1,1,0,0,0,0,0,1,0,0,0,0,0,2,0,0,0,0,0,0,0,1,0,0,0,0
14,CONSTANŢA,"ȘCOALA GIMNAZIALĂ ION BORCEA - LABORATORUL DE ISTORIE",359,AGIGEA,60570,1,PROV,PRCNCT,CD,CD_SV,"2021-01-21 12:30:02",1326,1292,33,1,529,495,33,1,1400,871,519,8,2,16,21,0,145,114,117,54,4,1,3,1,15,4,3,0,1,0,0,0,1,0,3,0,0,11,0,0,0,0,0,0,1,4
14,CONSTANŢA,"ȘCOALA GIMNAZIALĂ ION BORCEA - LABORATORUL DE CHIMIE",360,AGIGEA,60570,1,PROV,PRCNCT,CD,CD_SV,"2021-01-21 12:30:02",1237,1189,48,0,553,505,48,0,1296,743,542,10,1,36,14,0,114,122,108,76,3,1,5,2,30,11,0,3,0,1,0,0,0,0,3,2,1,6,0,0,0,0,2,0,0,2
14,CONSTANŢA,"GRĂDINIȚA CU ORAR PRELUNGIT RIȚA GĂRGĂRIȚA - GRUPA FLUTURAȘILOR",361,AGIGEA,60570,2,PART,PRCNCT,CD,CD_SV,"2021-01-21 12:30:02",1312,1288,24,0,541,517,24,0,1400,859,523,14,4,18,13,1,117,80,123,81,2,3,4,1,24,6,5,2,1,1,1,0,0,0,1,0,0,35,2,0,0,0,0,1,0,1
14,CONSTANŢA,"GRĂDINIȚA CU ORAR PRELUNGIT RIȚA GĂRGĂRIȚA - GRUPA RĂȚUȘTELOR",362,AGIGEA,60570,2,PART,PRCNCT,CD,CD_SV,"2021-01-21 12:30:02",1119,1082,37,0,445,408,37,0,1200,755,431,14,0,19,15,1,91,104,87,72,4,3,1,0,18,4,1,0,0,0,0,0,0,0,1,0,0,4,0,1,0,0,0,2,0,3
14,CONSTANŢA,"GRĂDINIȚA CU ORAR NORMAL NR. 2",363,AGIGEA,60570,1,PROV,PRCNCT,CD,CD_SV,"2021-01-21 12:30:02",598,560,21,17,211,175,21,15,601,390,208,1,2,6,3,0,66,38,39,33,5,0,0,1,7,3,2,0,0,1,0,0,0,0,1,1,0,0,0,0,0,1,0,0,0,1
14,CONSTANŢA,"GRĂDINIȚA CU ORAR NORMAL STRUCTURA LAZU",364,AGIGEA,60570,1,PROV,PRCNCT,CD,CD_SV,"2021-01-21 12:30:02",1862,1783,77,2,832,753,77,2,1900,1068,813,16,3,40,13,4,165,161,241,108,4,1,3,1,14,14,3,0,1,0,0,1,0,0,1,1,0,11,16,0,0,1,0,1,1,7
14,CONSTANŢA,"ȘCOALA GIMNAZIALĂ”ION CREANGĂ” ALBEȘTI",365,ALBEŞTI,60945,1,PROV,PRCNCT,CD,CD_SV,"2021-01-21 12:30:02",1357,1279,60,18,521,443,60,18,1399,878,498,14,9,7,16,2,66,231,18,128,1,2,3,1,0,2,3,1,0,1,1,0,0,1,1,0,2,5,2,0,0,2,1,0,0,1
14,CONSTANŢA,"ȘCOALA PRIMARĂ NR. 2 ARSA",366,ALBEŞTI,60945,1,PROV,PRCNCT,CD,CD_SV,"2021-01-21 12:30:02",532,518,14,0,142,128,14,0,601,459,138,4,0,1,2,1,23,46,9,48,3,0,2,0,1,1,1,0,0,0,0,0,0,0,0,0,0,0,0,0,0,0,0,0,0,0
14,CONSTANŢA,"SCOALA GIMNAZIALĂ NR. 1 COTU-VAII",367,ALBEŞTI,60945,1,PROV,PRCNCT,CD,CD_SV,"2021-01-21 12:30:02",930,903,23,4,270,243,23,4,1000,730,263,3,4,4,5,8,58,63,7,100,1,1,1,0,2,1,3,0,0,1,0,0,0,0,0,1,1,2,0,0,0,2,0,0,1,1
14,CONSTANŢA,"SCOALA PRIMARĂ COROANA",368,ALBEŞTI,60945,1,PROV,PRCNCT,CD,CD_SV,"2021-01-21 12:30:02",105,90,15,0,33,18,15,0,98,65,33,0,0,1,1,1,10,9,0,9,1,1,0,0,0,0,0,0,0,0,0,0,0,0,0,0,0,0,0,0,0,0,0,0,0,0
14,CONSTANŢA,"ȘCOALA PRIMARĂ NR.3 VÎRTOP",369,ALBEŞTI,60945,1,PROV,PRCNCT,CD,CD_SV,"2021-01-21 12:30:02",244,226,18,0,106,88,18,0,302,196,102,2,2,0,10,0,14,41,4,25,1,0,0,0,1,3,0,0,0,0,0,0,0,1,0,0,0,0,0,0,0,1,0,0,0,1
14,CONSTANŢA,"SCOALA GIMNAZIALA ”DAN SPATARU” ALIMAN",370,ALIMAN,61005,1,PROV,PRCNCT,CD,CD_SV,"2021-01-21 12:30:02",666,651,14,1,211,196,14,1,700,489,201,5,5,5,5,1,29,121,2,32,3,0,0,0,0,1,1,0,0,0,0,0,0,0,0,0,0,0,0,0,0,0,0,0,0,1
14,CONSTANŢA,"SCOALA GIMNAZIALA NR. 1 DUNARENI",371,ALIMAN,61005,1,PROV,PRCNCT,CD,CD_SV,"2021-01-21 12:30:02",1128,1110,11,7,272,254,11,7,1200,928,262,7,3,5,23,1,33,121,10,57,1,1,0,0,0,6,1,0,0,1,0,0,0,0,0,0,0,0,0,0,0,0,0,1,0,1
14,CONSTANŢA,"SCOALA PRIMARA NR.2 VLAHII",372,ALIMAN,61005,1,PROV,PRCNCT,CD,CD_SV,"2021-01-21 12:30:02",421,408,13,0,128,115,13,0,501,373,119,6,3,0,1,1,22,51,3,33,1,0,0,0,3,0,0,1,0,1,0,0,0,0,0,0,0,0,0,0,0,2,0,0,0,0
14,CONSTANŢA,"ȘCOALA AMZACEA",373,AMZACEA,63198,1,PROV,PRCNCT,CD,CD_SV,"2021-01-21 12:30:02",1206,1183,21,2,305,282,21,2,1305,1000,291,9,5,8,10,0,91,52,14,65,3,0,0,1,10,3,3,0,0,0,0,0,0,0,0,1,0,23,1,2,0,0,1,0,1,2
14,CONSTANŢA,"ȘCOALA GENERALĂ GENERAL SCĂRIȘOREANU",374,AMZACEA,63198,1,PROV,PRCNCT,CD,CD_SV,"2021-01-21 12:30:02",819,795,24,0,149,125,24,0,899,750,144,5,0,3,13,2,47,21,8,36,2,1,0,1,2,3,0,0,0,1,0,0,0,0,0,0,0,2,0,0,0,0,0,0,1,1
14,CONSTANŢA,"ȘCOALA GENERALĂ CASICEA",375,AMZACEA,63198,1,PROV,PRCNCT,CD,CD_SV,"2021-01-21 12:30:02",350,342,8,0,64,56,8,0,399,335,63,1,0,3,4,1,16,13,4,19,1,0,0,0,0,0,0,0,0,0,0,0,0,1,0,0,0,0,0,0,0,0,0,0,0,1
14,CONSTANŢA,"ȘCOALA GENERALĂ NR 1 BĂNEASA",376,BĂNEASA,63171,1,PROV,PRCNCT,CD,CD_SV,"2021-01-21 12:30:02",1040,1019,19,2,282,261,19,2,1100,818,267,11,4,5,10,0,77,96,12,34,1,1,0,0,7,4,5,7,0,0,0,0,0,0,1,0,1,0,3,0,1,0,0,0,0,2
14,CONSTANŢA,"LICEUL TEORETIC BĂNEASA",377,BĂNEASA,63171,2,PART,PRCNCT,CD,CD_SV,"2021-01-21 12:30:02",1692,1671,18,3,498,477,18,3,1800,1302,486,9,3,19,19,0,170,155,17,53,5,2,1,1,22,4,2,2,0,1,1,0,0,0,0,0,0,6,0,0,0,0,0,0,0,6
14,CONSTANŢA,"ȘCOALA GENERALĂ NEGURENI",378,BĂNEASA,63171,2,PART,PRCNCT,CD,CD_SV,"2021-01-21 12:30:02",564,547,17,0,176,159,17,0,600,424,171,5,0,5,5,1,39,42,6,44,4,1,0,0,18,1,1,1,0,1,0,0,0,0,0,0,0,0,1,0,0,0,0,0,0,1
14,CONSTANŢA,"ȘCOALA GENERALĂ FĂUREI",379,BĂNEASA,63171,1,PROV,PRCNCT,CD,CD_SV,"2021-01-21 12:30:02",1038,1025,13,0,264,251,13,0,1100,836,225,24,15,7,3,5,106,10,2,18,0,0,0,0,3,2,0,0,11,0,0,0,0,0,0,1,8,0,49,0,0,0,0,0,0,0
14,CONSTANŢA,"ȘCOALA GIMNAZIALĂ ”EMIL GÂRLEANU” BĂRĂGANU",380,BĂRĂGANU,63294,1,PROV,PRCNCT,CD,CD_SV,"2021-01-21 12:30:02",933,915,18,0,221,203,18,0,1000,779,216,3,2,2,3,0,94,24,15,61,3,0,1,0,2,3,1,1,0,1,0,0,0,0,0,0,0,2,1,0,0,0,1,0,1,0
14,CONSTANŢA,"ȘCOALA GIMNAZIALĂ ”EMIL GÂRLEANU” BĂRĂGANU - ȘCOALA PRIMARĂ NR. 1 LANURILE",381,BĂRĂGANU,63294,3,PART,PRCNCT,CD,CD_SV,"2021-01-21 12:30:02",779,759,20,0,206,186,20,0,800,594,202,0,4,6,3,0,47,44,11,80,2,1,1,0,0,3,0,1,0,0,0,0,0,0,1,0,0,0,2,0,0,0,0,0,0,0
14,CONSTANŢA,"ŞCOALA GIMNAZIALĂ NR. 1 CASTELU",382,CASTELU,61121,1,PROV,PRCNCT,CD,CD_SV,"2021-01-21 12:30:02",1152,1143,9,0,320,311,9,0,1300,980,300,15,5,51,7,1,71,26,18,65,1,1,1,1,2,2,0,1,2,0,0,0,0,1,0,0,0,38,7,2,0,1,0,0,0,1
14,CONSTANŢA,"ŞCOALA GIMNAZIALĂ NR. 1 CASTELU",383,CASTELU,61121,1,PROV,PRCNCT,CD,CD_SV,"2021-01-21 12:30:02",1411,1397,14,0,415,401,14,0,1500,1085,352,55,8,55,5,0,98,46,12,74,4,0,0,1,6,3,2,1,1,0,0,0,0,0,2,1,1,31,6,0,0,0,0,0,1,2
14,CONSTANŢA,"ŞCOALA GIMNAZIALĂ „IULIU VALAORI” NISIPARI",384,CASTELU,61121,1,PROV,PRCNCT,CD,CD_SV,"2021-01-21 12:30:02",1598,1572,26,0,419,393,26,0,1700,1281,405,13,1,121,4,0,88,41,15,106,1,2,0,0,0,3,2,0,1,1,0,0,0,0,0,0,1,17,1,0,0,0,0,0,0,1
14,CONSTANŢA,"CĂMINUL CULTURAL CERCHEZU",385,CERCHEZU,61167,1,PROV,PRCNCT,CD,CD_SV,"2021-01-21 12:30:02",434,399,24,11,193,158,24,11,502,309,188,4,1,4,9,2,101,42,4,14,5,0,0,0,0,0,4,0,0,0,0,0,0,0,1,0,0,0,1,0,0,0,0,0,1,0
14,CONSTANŢA,"CĂMINUL CULTURAL CĂSCIOARELE",386,CERCHEZU,61167,1,PROV,PRCNCT,CD,CD_SV,"2021-01-21 12:30:02",243,226,17,0,141,124,17,0,300,159,139,2,0,1,4,0,36,69,5,18,3,0,0,0,0,1,1,0,0,0,0,0,0,0,0,0,0,0,0,0,0,0,0,0,0,1
14,CONSTANŢA,"CĂMINUL CULTURAL VIROAGA",387,CERCHEZU,61167,1,PROV,PRCNCT,CD,CD_SV,"2021-01-21 12:30:02",402,382,18,2,163,143,18,2,400,237,153,5,5,2,3,2,50,65,5,19,1,2,0,0,0,0,1,0,0,0,0,0,0,1,0,1,0,0,0,0,0,1,0,0,0,0
14,CONSTANŢA,"CASA AGRONOMULUI MĂGURA",388,CERCHEZU,61167,1,PROV,PRCNCT,CD,CD_SV,"2021-01-21 12:30:02",84,72,12,0,57,45,12,0,100,43,53,1,3,0,1,1,22,20,3,1,3,0,0,0,0,0,0,0,0,1,0,0,0,0,0,0,1,0,0,0,0,0,0,0,0,0
14,CONSTANŢA,"ȘCOALA GIMNAZIALĂ NR.1 CHIRNOGENI",389,CHIRNOGENI,61210,1,PROV,PRCNCT,CD,CD_SV,"2021-01-21 12:30:02",1499,1476,21,2,354,331,21,2,1600,1246,343,7,4,8,17,2,131,70,14,65,3,3,0,0,14,2,5,1,0,0,0,0,0,0,2,1,0,3,0,0,0,1,0,0,0,1
14,CONSTANŢA,"ȘCOALA GIMNAZIALĂ NR.2 PLOPENI",390,CHIRNOGENI,61210,1,PROV,PRCNCT,CD,CD_SV,"2021-01-21 12:30:02",894,869,24,1,163,138,24,1,1000,837,157,3,3,7,2,2,62,28,9,31,2,0,1,0,2,6,0,0,0,0,0,0,0,0,1,0,1,0,0,0,0,0,0,0,0,3
14,CONSTANŢA,"ŞCOALA PRIMARĂ NR.3 CREDINŢA",391,CHIRNOGENI,61210,1,PROV,PRCNCT,CD,CD_SV,"2021-01-21 12:30:02",261,250,11,0,71,60,11,0,300,229,69,1,1,1,1,1,19,12,4,22,0,2,0,0,5,0,0,0,0,1,0,0,0,0,0,0,0,0,0,0,1,0,0,0,0,0
14,CONSTANŢA,"LICEUL TEHNOLOGIC CIOBANU -SALA CLASA 1",392,CIOBANU,61256,2,PART,PRCNCT,CD,CD_SV,"2021-01-21 12:30:02",1264,1243,21,0,371,350,21,0,1400,1029,363,6,2,7,10,1,243,47,10,28,2,0,1,0,3,3,2,0,0,1,0,1,0,0,0,1,1,0,0,0,0,2,0,0,0,0
14,CONSTANŢA,"LICEUL TEHNOLOGIC CIOBANU -SALA CLASA 2",393,CIOBANU,61256,1,PROV,PRCNCT,CD,CD_SV,"2021-01-21 12:30:02",1315,1304,11,0,394,383,11,0,1400,1006,387,4,3,3,7,0,247,45,11,57,3,2,1,0,4,1,2,1,0,0,1,0,0,0,0,0,0,0,0,0,0,1,0,0,0,1
14,CONSTANŢA,"SCOALA GENERALA MIORIȚA",394,CIOBANU,61256,1,PROV,PRCNCT,CD,CD_SV,"2021-01-21 12:30:02",263,253,10,0,78,68,10,0,300,222,73,5,0,2,8,0,37,8,4,7,0,0,0,0,2,3,0,1,0,1,0,0,0,0,0,0,0,0,0,0,0,0,0,0,0,0
14,CONSTANŢA,"CĂMIN CULTURAL SAT CIOCÎRLIA",395,CIOCÂRLIA,61283,1,PROV,PRCNCT,CD,CD_SV,"2021-01-21 12:30:02",1303,1253,50,0,559,509,50,0,1400,841,543,12,4,24,8,0,95,256,17,90,6,3,0,0,3,3,2,1,1,0,0,0,0,0,1,0,0,25,0,1,1,0,0,0,3,3
14,CONSTANŢA,"CĂMIN CULTURAL SAT CIOCÎRLIA DE SUS",396,CIOCÂRLIA,61283,1,PROV,PRCNCT,CD,CD_SV,"2021-01-21 12:30:02",1242,1201,41,0,401,360,41,0,1300,899,388,8,5,10,12,1,59,160,24,72,7,3,0,0,0,2,1,0,0,0,0,0,0,0,1,0,0,35,0,0,0,1,0,0,0,0
14,CONSTANŢA,"CĂMIN CULTURAL COBADIN",397,COBADIN,61318,1,PROV,PRCNCT,CD,CD_SV,"2021-01-21 12:30:02",1938,1903,35,0,397,362,35,0,2100,1703,386,9,2,28,9,0,109,64,25,81,7,1,2,0,8,6,3,0,0,0,0,0,0,0,0,0,1,22,17,0,0,1,0,0,0,2
14,CONSTANŢA,"ȘCOALA TĂTARĂ COBADIN",398,COBADIN,61318,1,PROV,PRCNCT,CD,CD_SV,"2021-01-21 12:30:02",1814,1792,22,0,406,384,22,0,2000,1594,390,13,3,18,10,1,134,58,29,84,8,1,0,0,6,1,2,0,1,1,0,0,0,0,0,0,0,16,19,0,0,0,0,0,0,1
14,CONSTANŢA,"SCOALA ROMANA",399,COBADIN,61318,1,PROV,PRCNCT,CD,CD_SV,"2021-01-21 12:30:02",1736,1721,13,2,367,352,13,2,1900,1533,361,2,4,27,7,0,121,41,21,116,1,1,1,0,2,4,2,1,0,0,0,0,0,0,0,0,0,4,9,0,0,0,1,0,0,2
14,CONSTANŢA,"ȘCOALA GENERALĂ CONACU",400,COBADIN,61318,1,PROV,PRCNCT,CD,CD_SV,"2021-01-21 12:30:02",292,278,14,0,45,31,14,0,300,255,45,0,0,5,2,0,8,15,1,7,1,1,0,0,1,1,0,0,1,0,0,0,0,0,0,0,0,0,1,0,0,0,0,0,0,1
14,CONSTANŢA,"CĂMIN CULTURAL NEGREȘTI",401,COBADIN,61318,1,PROV,PRCNCT,CD,CD_SV,"2021-01-21 12:30:02",373,358,15,0,84,69,15,0,400,316,78,2,4,6,2,0,25,13,4,19,1,1,0,0,1,2,2,0,0,1,0,0,0,0,0,0,0,1,0,0,0,0,0,0,0,0
14,CONSTANŢA,"GRĂDINIȚA VIIȘOARA",402,COBADIN,61318,1,PROV,PRCNCT,CD,CD_SV,"2021-01-21 12:30:02",1321,1302,17,2,297,278,17,2,1400,1103,284,7,6,12,4,1,75,42,16,108,4,2,1,1,5,0,3,3,0,0,0,0,0,0,2,0,0,1,1,0,0,0,0,0,1,2
14,CONSTANŢA,"GRĂDINIȚA CU ORAR NORMAL COGEALAC",403,COGEALAC,61372,1,PROV,PRCNCT,CD,CD_SV,"2021-01-21 12:30:02",1610,1581,29,0,328,299,29,0,1700,1372,319,3,6,73,9,0,119,35,14,44,3,1,2,0,4,4,4,1,0,1,0,0,0,0,1,0,0,2,0,0,0,0,1,0,1,0
14,CONSTANŢA,"SCOALA GIMNAZIALA ” CRISTEA CARAMAN” COGEALAC",404,COGEALAC,61372,1,PROV,PRCNCT,CD,CD_SV,"2021-01-21 12:30:02",1331,1309,22,0,278,256,22,0,1400,1122,271,4,3,57,5,0,96,39,13,41,3,2,4,0,4,3,4,0,0,0,0,0,0,0,0,0,0,0,0,0,0,0,0,0,0,0
14,CONSTANŢA,"ȘCOALA GIMNAZIALA NUMARUL 2 TARIVERDE",405,COGEALAC,61372,2,PART,PRCNCT,CD,CD_SV,"2021-01-21 12:30:02",866,848,18,0,195,177,18,0,900,705,189,3,3,30,4,0,42,27,7,63,1,2,0,1,0,5,3,0,0,0,0,0,0,0,0,0,1,0,0,0,0,0,0,1,0,2
14,CONSTANŢA,"ȘCOALA GIMNAZIALA NUMARUL 1 RÂMNICU DE JOS",406,COGEALAC,61372,2,PART,PRCNCT,CD,CD_SV,"2021-01-21 12:30:02",694,673,21,0,167,146,21,0,700,533,164,3,0,26,1,0,34,28,5,60,3,1,1,0,1,1,0,1,0,0,0,0,0,1,0,0,0,1,0,0,0,0,0,0,0,0
14,CONSTANŢA,"SCOALA CU CLASELE I-VIII COMANA",407,COMANA,61452,1,PROV,PRCNCT,CD,CD_SV,"2021-01-21 12:30:02",830,814,16,0,199,183,16,0,900,701,192,5,2,3,9,1,39,73,5,41,2,0,3,0,12,1,1,0,0,0,0,0,0,0,0,0,1,0,0,0,0,1,0,0,0,0
14,CONSTANŢA,"ȘCOALA GENERALĂ”NEGIP HAGI FAZAL” TĂTARU",408,COMANA,61452,1,PROV,PRCNCT,CD,CD_SV,"2021-01-21 12:30:02",549,536,13,0,139,126,13,0,600,461,132,5,2,6,5,0,28,27,6,35,0,1,0,0,9,1,1,0,0,0,0,2,0,0,0,0,0,11,0,0,0,0,0,0,0,0
14,CONSTANŢA,"ŞCOALA CU CLS. I - IV PELINU",409,COMANA,61452,1,PROV,PRCNCT,CD,CD_SV,"2021-01-21 12:30:02",234,226,8,0,59,51,8,0,300,241,59,0,0,0,2,1,12,26,5,11,0,0,1,0,1,0,0,0,0,0,0,0,0,0,0,0,0,0,0,0,0,0,0,0,0,0
14,CONSTANŢA,"ȘCOALA GIMNAZIALĂ ”GHEORGHE LAZĂR”",410,CORBU,61513,1,PROV,PRCNCT,CD,CD_SV,"2021-01-21 12:30:02",1529,1486,43,0,400,357,43,0,1600,1200,397,1,2,71,12,2,89,69,41,79,4,4,4,1,13,5,0,0,0,0,0,0,0,0,0,1,0,1,0,0,0,0,0,0,0,1
14,CONSTANŢA,"GRĂDINIȚA CU PROGRAM NORMAL NR. 1",411,CORBU,61513,1,PROV,PRCNCT,CD,CD_SV,"2021-01-21 12:30:02",1475,1426,49,0,408,359,49,0,1600,1192,403,4,1,50,12,0,57,92,25,130,9,2,3,1,8,3,5,0,0,0,0,0,0,0,0,0,0,0,0,0,0,1,0,0,0,5
14,CONSTANŢA,"CĂMIN CULTURAL CORBU DE SUS",412,CORBU,61513,1,PROV,PRCNCT,CD,CD_SV,"2021-01-21 12:30:02",1766,1718,48,0,455,407,48,0,1900,1445,448,6,1,93,8,0,73,88,30,122,13,0,1,1,7,1,4,0,0,0,0,0,0,0,1,0,0,0,0,0,0,1,1,0,2,2
14,CONSTANŢA,"SCOALA PRIMARA VADU",413,CORBU,61513,2,PART,PRCNCT,CD,CD_SV,"2021-01-21 12:30:02",589,551,27,11,173,135,27,11,600,428,169,0,3,36,2,1,29,32,12,38,2,0,0,0,0,6,2,0,0,0,0,0,0,0,2,1,1,0,0,0,0,0,1,1,1,2
14,CONSTANŢA,"ŞCOALA GIMNAZIALĂ ”MIHAI EMINESCU” COSTINEŞTI",414,COSTINEŞTI,63286,1,PROV,PRCNCT,CD,CD_SV,"2021-01-21 12:30:02",1028,983,45,0,361,316,45,0,1100,739,356,4,1,68,11,1,76,83,47,48,3,0,1,0,5,2,3,1,0,0,0,0,0,0,0,0,1,4,1,0,0,0,0,0,0,1
14,CONSTANŢA,"ŞCOALA PRIMARA” ION CREANGA” SCHITU",415,COSTINEŞTI,63286,1,PROV,PRCNCT,CD,CD_SV,"2021-01-21 12:30:02",1828,1793,32,3,522,487,32,3,2000,1478,516,3,3,87,14,0,89,133,78,79,8,1,0,0,3,10,1,3,0,0,0,0,0,0,0,0,0,2,1,0,0,0,0,1,0,6
14,CONSTANŢA,"CAMIN CULTURAL CRUCEA",416,CRUCEA,61559,1,PROV,PRCNCT,CD,CD_SV,"2021-01-21 12:30:02",910,891,19,0,259,240,19,0,1000,741,245,7,7,4,13,2,40,116,5,47,3,1,0,1,3,1,1,1,0,1,0,0,0,0,0,2,0,0,0,0,0,1,1,0,0,2
14,CONSTANŢA,"CAMIN CULTURALGĂLBIORI",417,CRUCEA,61559,1,PROV,PRCNCT,CD,CD_SV,"2021-01-21 12:30:02",271,256,15,0,110,95,15,0,300,190,109,0,1,3,3,1,12,64,4,18,0,0,0,0,1,1,0,0,0,0,0,0,0,1,0,0,0,0,0,0,0,0,1,0,0,0
14,CONSTANŢA,"ŞCOALA PRIMARĂ NR.1 BĂLTĂGEŞTI",418,CRUCEA,61559,1,PROV,PRCNCT,CD,CD_SV,"2021-01-21 12:30:02",327,316,11,0,117,106,11,0,400,283,117,0,0,1,7,1,15,67,1,20,2,0,0,1,0,1,0,0,0,0,0,0,0,0,0,0,0,0,0,0,0,1,0,0,0,0
14,CONSTANŢA,"GRĂDINIŢA CRIŞAN",419,CRUCEA,61559,1,PROV,PRCNCT,CD,CD_SV,"2021-01-21 12:30:02",291,284,7,0,92,85,7,0,301,209,85,7,0,3,1,0,9,49,5,12,0,2,0,0,0,1,0,0,0,1,0,1,0,0,0,1,0,0,0,0,0,0,0,0,0,0
14,CONSTANŢA,"ŞCOALA PRIMARĂ NR.4 STUPINA",420,CRUCEA,61559,1,PROV,PRCNCT,CD,CD_SV,"2021-01-21 12:30:02",577,548,10,19,161,132,10,19,600,439,159,0,2,3,8,0,35,70,5,30,1,3,0,0,1,0,1,0,0,1,0,0,0,0,0,0,0,0,0,0,0,1,0,0,0,0
14,CONSTANŢA,"ŞCOALA PRIMARĂ NR.3 ŞIRIU",421,CRUCEA,61559,1,PROV,PRCNCT,CD,CD_SV,"2021-01-21 12:30:02",179,173,6,0,44,38,6,0,200,156,44,0,0,0,1,0,9,25,2,7,0,0,0,0,0,0,0,0,0,0,0,0,0,0,0,0,0,0,0,0,0,0,0,0,0,0
14,CONSTANŢA,"LICEUL TEHNOLOGIC ”NICOLAE DUMITRESCU”",422,CUMPĂNA,61620,1,PROV,PRCNCT,CD,CD_SV,"2021-01-21 12:30:02",1680,1635,44,1,552,507,44,1,1800,1248,548,2,2,31,12,0,177,88,95,110,4,0,4,1,7,3,1,0,0,0,0,0,0,0,0,1,0,5,6,0,0,0,0,0,0,3
14,CONSTANŢA,"LICEUL TEHNOLOGIC ”NICOLAE DUMITRESCU”",423,CUMPĂNA,61620,1,PROV,PRCNCT,CD,CD_SV,"2021-01-21 12:30:02",1807,1754,43,10,619,566,43,10,1900,1281,604,9,6,10,16,1,157,101,135,136,8,3,5,0,8,2,2,0,0,1,0,0,2,0,0,0,0,7,1,0,0,0,1,1,1,6
14,CONSTANŢA,"LICEUL TEHNOLOGIC ”NICOLAE DUMITRESCU”",424,CUMPĂNA,61620,1,PROV,PRCNCT,CD,CD_SV,"2021-01-21 12:30:02",1743,1712,27,4,632,601,27,4,1901,1269,614,16,2,12,19,1,187,90,125,129,8,4,6,0,12,3,5,1,0,0,0,0,0,0,1,0,0,2,3,0,0,0,2,0,0,4
14,CONSTANŢA,"SALA DE SPORT 1",425,CUMPĂNA,61620,1,PROV,PRCNCT,CD,CD_SV,"2021-01-21 12:30:02",1857,1827,28,2,629,599,28,2,2000,1371,621,5,3,18,16,1,176,119,125,116,8,2,5,0,3,5,4,2,2,0,0,0,0,0,1,1,0,2,3,0,1,0,0,0,0,11
14,CONSTANŢA,"SALA DE SPORT 1",426,CUMPĂNA,61620,1,PROV,PRCNCT,CD,CD_SV,"2021-01-21 12:30:02",1891,1862,28,1,620,591,28,1,2000,1380,593,22,5,13,13,1,158,89,119,159,6,4,3,0,6,4,1,0,0,2,0,1,0,1,3,0,4,2,1,0,0,2,0,0,0,1
14,CONSTANŢA,"GRĂDINIȚA ”FLORILOR”",427,CUMPĂNA,61620,1,PROV,PRCNCT,CD,CD_SV,"2021-01-21 12:30:02",1704,1676,25,3,558,530,25,3,1900,1342,538,14,6,15,13,1,158,85,98,111,6,4,3,1,9,6,2,4,0,0,0,1,0,0,0,0,1,3,5,0,1,2,0,0,1,8
14,CONSTANŢA,"ANEXA LICEULUI TEHNOLOGIC ”NICOLAE DUMITRESCU”",428,CUMPĂNA,61620,1,PROV,PRCNCT,CD,CD_SV,"2021-01-21 12:30:02",1871,1806,56,9,666,601,56,9,2000,1334,648,15,3,28,23,3,171,125,138,102,6,2,6,1,8,3,4,0,0,0,0,1,1,1,2,2,1,6,0,0,0,1,1,0,2,10
14,CONSTANŢA,"ȘCOALA GIMNAZIALĂ NR. 1",429,"CUZA VODĂ",63300,1,PROV,PRCNCT,CD,CD_SV,"2021-01-21 12:30:02",1544,1529,15,0,283,268,15,0,1700,1417,269,9,5,20,1,0,84,99,6,45,1,3,0,0,0,2,1,5,0,0,0,0,0,0,0,0,1,0,0,0,0,0,0,0,0,1
14,CONSTANŢA,"ŞCOALA GIMNAZIALĂ NR. 1",430,"CUZA VODĂ",63300,1,PROV,PRCNCT,CD,CD_SV,"2021-01-21 12:30:02",1689,1679,10,0,279,269,10,0,1900,1621,265,6,8,18,2,1,78,114,2,38,0,0,2,0,1,5,2,1,0,0,0,0,0,0,0,0,0,0,0,0,0,1,0,0,0,0
14,CONSTANŢA,"LICEUL NICOLAE ISTRATOIU",431,DELENI,61675,1,PROV,PRCNCT,CD,CD_SV,"2021-01-21 12:30:02",334,316,13,5,141,123,13,5,400,259,132,5,4,7,3,0,51,26,9,31,1,0,0,0,0,2,0,0,0,0,0,0,0,0,1,0,0,0,0,0,0,1,0,0,0,0
14,CONSTANŢA,"FOST SEDIU C.A.P. PIETRENI",432,DELENI,61675,1,PROV,PRCNCT,CD,CD_SV,"2021-01-21 12:30:02",717,698,13,6,247,228,13,6,800,553,237,7,3,12,7,0,110,34,8,54,2,2,0,0,1,2,2,0,1,2,0,0,0,0,0,0,0,0,0,0,0,0,0,0,0,0
14,CONSTANŢA,"SCOALA GENERALA ȘIPOTELE",433,DELENI,61675,1,PROV,PRCNCT,CD,CD_SV,"2021-01-21 12:30:02",453,415,32,6,202,164,32,6,500,298,197,5,0,5,6,0,88,35,7,37,1,2,0,0,1,4,3,1,1,0,0,1,0,1,0,1,0,0,0,0,0,1,0,1,1,0
14,CONSTANŢA,"FOST SEDIU C.A.P. PETROŞANI",434,DELENI,61675,1,PROV,PRCNCT,CD,CD_SV,"2021-01-21 12:30:02",476,450,22,4,167,141,22,4,500,333,163,4,0,8,7,0,71,43,3,25,1,0,0,0,0,0,2,0,0,0,0,0,1,1,0,0,1,0,0,0,0,0,0,0,0,0
14,CONSTANŢA,"CĂMINUL CULTURAL DOBROMIR -",435,DOBROMIR,61737,1,PROV,PRCNCT,CD,CD_SV,"2021-01-21 12:30:02",742,734,8,0,309,301,8,0,801,492,273,14,22,9,0,2,186,30,7,16,1,0,0,0,1,3,1,2,1,0,0,0,0,3,3,0,2,1,2,0,0,2,0,0,1,0
14,CONSTANŢA,"ȘCOALA GEN CU CLS. I - IV DOBROMIR DEAL",436,DOBROMIR,61737,1,PROV,PRCNCT,CD,CD_SV,"2021-01-21 12:30:02",281,266,15,0,96,81,15,0,300,204,92,4,0,2,1,0,17,54,3,7,1,0,0,0,2,3,0,0,0,0,0,0,1,0,1,0,0,0,0,0,0,0,0,0,0,0
14,CONSTANŢA,"ȘCOALA GEN CU CLS. I - IV LESPEZI",437,DOBROMIR,61737,1,PROV,PRCNCT,CD,CD_SV,"2021-01-21 12:30:02",414,404,10,0,175,165,10,0,500,325,161,3,11,0,0,3,89,45,1,12,1,1,0,0,1,0,2,0,0,0,0,0,0,0,0,0,0,0,1,0,1,1,2,0,1,0
14,CONSTANŢA,"ȘCOALA GEN CU CLS. I - IV VĂLENI",438,DOBROMIR,61737,1,PROV,PRCNCT,CD,CD_SV,"2021-01-21 12:30:02",668,662,6,0,267,261,6,0,700,433,228,26,13,1,0,2,158,23,1,12,1,1,0,0,1,1,0,0,1,0,0,1,0,2,0,0,0,5,17,1,0,0,0,0,0,0
14,CONSTANŢA,"ȘCOALA GEN CU CLS. I - IV PĂDURENI",439,DOBROMIR,61737,1,PROV,PRCNCT,CD,CD_SV,"2021-01-21 12:30:02",127,116,11,0,41,30,11,0,199,158,35,3,3,2,0,0,15,7,3,6,1,0,0,0,0,0,0,1,0,0,0,0,0,0,0,0,0,0,0,0,0,0,0,0,0,0
14,CONSTANŢA,"SCOALA GENERALA SAT CETATEA",440,DOBROMIR,61737,1,PROV,PRCNCT,CD,CD_SV,"2021-01-21 12:30:02",181,173,8,0,80,72,8,0,200,120,79,1,0,12,0,0,16,39,2,6,0,0,0,1,0,0,1,0,0,0,0,0,0,0,0,0,0,0,0,0,0,1,0,0,0,1
14,CONSTANŢA,"CĂMINUL CULTURAL DUMBRĂVENI",441,DUMBRĂVENI,63161,1,PROV,PRCNCT,CD,CD_SV,"2021-01-21 12:30:02",402,365,29,8,166,129,29,8,400,234,162,4,0,1,11,0,81,20,5,31,0,4,1,1,0,3,0,0,0,0,0,0,1,0,1,0,0,1,0,0,0,0,0,0,0,1
14,CONSTANŢA,"GRĂDINIȚA DE COPII FURNICA",442,DUMBRĂVENI,63161,1,PROV,PRCNCT,CD,CD_SV,"2021-01-21 12:30:02",77,54,21,2,49,26,21,2,107,58,48,0,1,3,2,1,26,3,2,6,0,1,0,0,1,1,1,0,0,0,0,0,0,0,0,0,0,1,0,0,0,0,0,0,0,0
14,CONSTANŢA,"ȘCOALA GIMNAZIALA NR.1 FÂNTÂNELE",443,FÂNTÂNELE,63334,1,PROV,PRCNCT,CD,CD_SV,"2021-01-21 12:30:02",1330,1317,13,0,342,329,13,0,1500,1158,331,6,5,2,23,0,91,155,18,34,1,1,1,0,0,0,1,0,0,0,0,0,0,2,0,0,0,0,0,0,0,0,1,0,0,1
14,CONSTANŢA,"CENTRUL CULTURAL DUNĂREA VECHE DIN COMUNA GÂRLICIU",444,GÂRLICIU,61808,1,PROV,PRCNCT,CD,CD_SV,"2021-01-21 12:30:02",1298,1272,26,0,303,277,26,0,1400,1097,296,5,2,21,6,0,66,94,10,76,6,3,0,0,2,2,0,1,0,0,0,0,1,0,0,0,4,0,0,0,0,3,0,0,0,1
14,CONSTANŢA,"SCOALA GIMNAZIALA ”SA ESENIN” GHINDARESTI",445,GHINDĂREŞTI,61826,1,PROV,PRCNCT,CD,CD_SV,"2021-01-21 12:30:02",1153,1122,28,3,312,281,28,3,1200,888,286,19,7,0,2,0,38,71,59,19,0,0,0,0,2,1,0,0,0,2,0,87,0,0,0,0,0,0,0,0,0,1,0,0,0,4
14,CONSTANŢA,"SCOALA GIMNAZIALA ”SA ESENIN” GHINDARESTI",446,GHINDĂREŞTI,61826,1,PROV,PRCNCT,CD,CD_SV,"2021-01-21 12:30:02",1100,1082,18,0,283,265,18,0,1200,917,270,11,2,2,11,0,32,67,49,24,0,0,0,0,1,0,2,0,1,0,0,78,0,0,0,0,0,0,0,0,0,2,0,0,0,1
14,CONSTANŢA,"GRĂDINIȚA P+M GRĂDINA",447,GRĂDINA,63326,1,PROV,PRCNCT,CD,CD_SV,"2021-01-21 12:30:02",595,576,19,0,276,257,19,0,600,324,268,5,3,9,4,1,156,44,10,25,1,0,0,0,2,1,4,0,0,0,0,0,0,0,2,0,0,4,0,0,0,2,1,0,1,1
14,CONSTANŢA,"GRADINITA CU PROGRAM NORMAL CHEIA",448,GRĂDINA,63326,1,PROV,PRCNCT,CD,CD_SV,"2021-01-21 12:30:02",311,295,16,0,176,160,16,0,300,124,172,3,1,5,0,2,91,39,6,19,0,1,0,0,2,0,1,0,1,0,0,0,0,0,0,0,0,5,0,0,0,0,0,0,0,0
14,CONSTANŢA,"CĂMIN CULTURAL HORIA",449,HORIA,63278,1,PROV,PRCNCT,CD,CD_SV,"2021-01-21 12:30:02",697,682,15,0,180,165,15,0,800,620,177,3,0,19,4,0,39,80,6,20,2,1,0,0,4,0,0,0,0,0,0,0,0,0,0,0,0,1,0,0,0,0,0,0,1,0
14,CONSTANŢA,"CĂMINUL CULTURAL TICHILEȘTI",450,HORIA,63278,1,PROV,PRCNCT,CD,CD_SV,"2021-01-21 12:30:02",266,257,9,0,81,72,9,0,300,219,79,2,0,12,5,0,21,23,2,8,2,1,0,0,0,0,1,2,0,1,0,0,0,0,0,0,0,0,0,0,0,0,0,0,0,1
14,CONSTANŢA,"LICEUL TEHNOLOGIC",451,INDEPENDENŢA,61871,1,PROV,PRCNCT,CD,CD_SV,"2021-01-21 12:30:02",975,967,8,0,257,249,8,0,1100,843,240,15,2,17,4,2,81,60,15,17,4,3,0,0,1,0,2,0,0,1,0,0,0,0,1,1,2,22,3,1,0,0,0,0,0,3
14,CONSTANŢA,"SCOALA GENERALĂ",452,INDEPENDENŢA,61871,1,PROV,PRCNCT,CD,CD_SV,"2021-01-21 12:30:02",515,504,11,0,111,100,11,0,600,489,108,3,0,6,0,0,31,46,4,12,3,0,0,0,1,2,0,0,0,2,0,0,0,0,0,0,0,0,1,0,0,0,0,0,0,0
14,CONSTANŢA,"SCOALA GENERALĂ",453,INDEPENDENŢA,61871,1,PROV,PRCNCT,CD,CD_SV,"2021-01-21 12:30:02",316,300,16,0,89,73,16,0,399,310,87,2,0,5,2,2,32,21,3,16,2,0,0,0,0,2,1,0,0,0,0,0,0,0,0,0,0,0,0,0,0,0,0,0,0,1
14,CONSTANŢA,"SCOALA GENERALĂ",454,INDEPENDENŢA,61871,1,PROV,PRCNCT,CD,CD_SV,"2021-01-21 12:30:02",257,252,5,0,80,75,5,0,303,223,77,0,3,2,1,4,28,23,0,13,4,0,0,0,0,0,2,0,0,0,0,0,0,0,0,0,0,0,0,0,0,0,0,0,0,0
14,CONSTANŢA,"CĂMIN CULTURAL",455,INDEPENDENŢA,61871,1,PROV,PRCNCT,CD,CD_SV,"2021-01-21 12:30:02",294,287,7,0,104,97,7,0,300,196,94,9,1,20,4,2,20,22,1,4,0,0,0,0,1,0,0,0,0,2,0,0,0,0,0,0,0,6,12,0,0,0,0,0,0,0
14,CONSTANŢA,"ŞCOALA GIMNAZIALĂ NR.1 ION CORVIN, LOC. ION CORVIN",456,"ION CORVIN",61951,1,PROV,PRCNCT,CD,CD_SV,"2021-01-21 12:30:02",506,491,10,5,176,161,10,5,500,324,160,13,3,3,9,1,30,74,11,23,3,1,0,1,1,1,2,0,0,0,0,0,0,0,0,0,0,0,0,0,0,0,0,0,0,0
14,CONSTANŢA,"CĂMIN CULTURAL VIILE",457,"ION CORVIN",61951,1,PROV,PRCNCT,CD,CD_SV,"2021-01-21 12:30:02",802,761,18,23,363,322,18,23,900,537,349,8,6,4,8,5,69,200,7,44,1,0,1,0,0,4,0,2,1,0,0,0,1,0,1,0,0,0,0,0,0,0,0,0,0,1
14,CONSTANŢA,"GRĂDINIȚA CU PROGRAM NORMAL RARIȘTEA, LOC. RARIȘTEA",458,"ION CORVIN",61951,1,PROV,PRCNCT,CD,CD_SV,"2021-01-21 12:30:02",213,190,23,0,91,68,23,0,200,109,90,0,1,0,1,1,23,37,5,14,0,2,0,0,0,1,2,0,0,0,0,0,0,0,0,1,0,0,1,0,0,2,0,0,0,0
14,CONSTANŢA,"ŞCOALA CRÎNGU",459,"ION CORVIN",61951,1,PROV,PRCNCT,CD,CD_SV,"2021-01-21 12:30:02",100,81,19,0,46,27,19,0,100,54,39,5,2,4,5,1,6,13,4,5,0,0,0,0,0,0,0,0,0,0,0,0,0,0,0,0,0,0,1,0,0,0,0,0,0,0
14,CONSTANŢA,"ȘCOALA GIMNAZIALĂ NR. 1 ISTRIA",460,ISTRIA,62020,1,PROV,PRCNCT,CD,CD_SV,"2021-01-21 12:30:02",1131,1100,31,0,331,300,31,0,1200,869,321,8,2,4,9,0,155,51,15,61,1,1,1,0,7,7,4,1,1,0,0,0,0,0,0,0,0,0,0,0,0,1,0,0,0,2
14,CONSTANŢA,"ȘCOALA GIMNAZIALĂ NR. 2 NUNTAȘI",461,ISTRIA,62020,1,PROV,PRCNCT,CD,CD_SV,"2021-01-21 12:30:02",880,854,26,0,297,271,26,0,900,603,282,13,2,0,5,0,115,51,13,75,1,0,0,2,6,4,3,2,0,0,0,0,0,0,0,0,0,0,0,0,1,1,1,1,0,1
14,CONSTANŢA,"SCOALA GENERALĂ CU CLS. I – VIII LIMANU",462,LIMANU,60632,1,PROV,PRCNCT,CD,CD_SV,"2021-01-21 12:30:02",1440,1399,34,7,436,395,34,7,1600,1164,426,9,1,13,9,1,158,63,40,98,4,1,3,0,8,5,4,1,0,0,0,1,0,0,0,1,0,0,0,0,0,0,1,0,1,14
14,CONSTANŢA,"SCOALA GENERALĂ CU CLS. I – VIII LIMANU",463,LIMANU,60632,1,PROV,PRCNCT,CD,CD_SV,"2021-01-21 12:30:02",1459,1434,17,8,435,410,17,8,1600,1165,424,7,4,15,10,2,196,58,31,86,4,1,1,0,7,2,1,0,0,1,0,0,0,0,0,0,0,3,0,0,0,0,0,1,0,5
14,CONSTANŢA,"SCOALA GENERALĂ CU CLS. I – VIII 2MAI",464,LIMANU,60632,2,PART,PRCNCT,CD,CD_SV,"2021-01-21 12:30:02",1361,1293,55,13,525,457,55,13,1400,875,515,5,5,12,16,3,199,84,53,91,4,0,1,0,7,0,0,3,1,1,0,15,0,0,1,0,0,16,2,0,0,0,0,1,1,4
14,CONSTANŢA,"SCOALA GENERALĂ CU CLS. I – VIII 2MAI",465,LIMANU,60632,1,PROV,PRCNCT,CD,CD_SV,"2021-01-21 12:30:02",1501,1437,56,8,556,493,56,7,1600,1044,544,11,1,23,15,1,256,81,57,83,2,0,4,0,5,1,2,0,0,0,0,2,0,0,1,1,0,5,0,0,0,0,0,1,0,4
14,CONSTANŢA,"CAMIN CULTURAL LIPNITA",466,LIPNIŢA,62057,1,PROV,PRCNCT,CD,CD_SV,"2021-01-21 12:30:02",781,761,20,0,191,171,20,0,800,609,182,5,4,4,3,0,41,81,10,29,0,3,0,0,3,1,4,0,0,1,0,0,0,0,0,0,0,0,2,0,0,0,0,0,0,0
14,CONSTANŢA,"ȘCOALA CU CLASELE I - VIII COSLUGEA",467,LIPNIŢA,62057,1,PROV,PRCNCT,CD,CD_SV,"2021-01-21 12:30:02",615,608,7,0,109,102,7,0,700,591,107,2,0,7,3,0,41,38,5,8,2,0,0,0,1,0,1,0,0,0,0,0,0,0,0,0,0,0,1,0,0,0,0,0,0,0
14,CONSTANŢA,"CĂMINUL CULTURAL CANLIA",468,LIPNIŢA,62057,1,PROV,PRCNCT,CD,CD_SV,"2021-01-21 12:30:02",432,419,13,0,107,94,13,0,500,393,104,3,0,3,5,0,27,45,9,7,2,0,0,0,2,1,1,0,0,0,0,0,0,0,0,0,0,0,0,0,0,0,0,0,0,2
14,CONSTANŢA,"ȘCOALA GENERALĂ CARVĂN",469,LIPNIŢA,62057,1,PROV,PRCNCT,CD,CD_SV,"2021-01-21 12:30:02",340,335,5,0,63,58,5,0,400,337,59,3,1,1,3,0,22,16,5,3,0,3,0,0,1,0,1,0,0,0,0,0,0,0,0,0,0,1,3,0,0,0,0,0,0,0
14,CONSTANŢA,"ȘCOALA GENERALĂ CU CLASELE I - IV IZVOARELE",470,LIPNIŢA,62057,1,PROV,PRCNCT,CD,CD_SV,"2021-01-21 12:30:02",101,92,9,0,28,19,9,0,99,71,25,1,2,2,0,0,2,13,4,3,0,0,0,0,1,0,0,0,0,0,0,0,0,0,0,0,0,0,0,0,0,0,0,0,0,0
14,CONSTANŢA,"ȘCOALA GENERALĂ CU CLASELE I - IV GORUNI",471,LIPNIŢA,62057,1,PROV,PRCNCT,CD,CD_SV,"2021-01-21 12:30:02",90,78,12,0,29,17,12,0,102,73,26,3,0,2,2,0,10,8,2,1,0,0,0,0,0,0,0,0,0,0,0,0,0,0,0,0,0,0,1,0,0,0,0,0,0,0
14,CONSTANŢA,"ȘCOALA GENERALĂ CU CLASELE I - IV CUIUGIUC",472,LIPNIŢA,62057,1,PROV,PRCNCT,CD,CD_SV,"2021-01-21 12:30:02",152,144,8,0,54,46,8,0,204,150,50,2,2,5,1,0,4,33,2,2,0,0,0,0,0,0,0,0,0,0,0,0,0,0,0,0,0,0,3,0,0,0,0,0,0,0
14,CONSTANŢA,"ȘCOALA VECHE LUMINA",473,LUMINA,63152,2,PART,PRCNCT,CD,CD_SV,"2021-01-21 12:30:02",1564,1527,37,0,425,388,37,0,1700,1275,412,8,5,12,31,2,94,70,76,90,9,1,0,0,9,3,2,1,0,0,0,0,0,0,0,0,0,5,0,0,1,1,1,0,0,4
14,CONSTANŢA,"ȘCOALA NOUĂ LUMINA",474,LUMINA,63152,2,PART,PRCNCT,CD,CD_SV,"2021-01-21 12:30:02",1895,1841,49,5,604,550,49,5,2005,1401,541,8,0,27,26,1,121,121,102,105,7,1,5,0,3,2,1,2,0,0,0,0,0,0,0,0,0,8,0,0,0,0,0,0,1,8
14,CONSTANŢA,"GRĂDINIȚA LUMINA",475,LUMINA,63152,1,PROV,PRCNCT,CD,CD_SV,"2021-01-21 12:30:02",1825,1768,57,0,493,436,57,0,1900,1407,478,14,1,26,24,1,105,92,85,103,0,1,1,2,6,3,0,0,0,0,0,0,1,0,2,0,0,20,0,0,0,1,0,0,0,5
14,CONSTANŢA,"CĂMINUL CULTURAL LUMINA",476,LUMINA,63152,2,PART,PRCNCT,CD,CD_SV,"2021-01-21 12:30:02",1580,1530,49,1,512,462,49,1,1700,1188,498,8,6,14,27,1,107,92,75,132,5,0,1,0,4,1,1,0,1,0,0,0,0,0,0,0,0,32,1,0,0,0,1,0,0,3
14,CONSTANŢA,"ȘCOALA GIMNAZIALĂ NR.1 LUMINA - CLĂDIREA C8",477,LUMINA,63152,1,PROV,PRCNCT,CD,CD_SV,"2021-01-21 12:30:02",1629,1598,29,2,478,447,29,2,1801,1323,468,10,0,21,24,3,106,102,88,85,7,3,5,0,6,3,3,0,1,2,0,1,0,0,0,0,0,2,0,0,0,0,0,1,2,3
14,CONSTANŢA,"ȘCOALA OITUZ",478,LUMINA,63152,1,PROV,PRCNCT,CD,CD_SV,"2021-01-21 12:30:02",716,701,15,0,212,197,15,0,800,588,210,2,0,9,4,1,33,42,33,74,0,2,1,1,4,2,1,0,0,0,0,0,0,0,0,0,0,1,0,0,1,0,0,0,1,0
14,CONSTANŢA,"ȘCOALA SIBIOARA",479,LUMINA,63152,1,PROV,PRCNCT,CD,CD_SV,"2021-01-21 12:30:02",371,353,15,3,117,99,15,3,400,283,113,3,1,2,3,0,40,29,12,20,0,0,0,0,2,3,0,0,0,0,0,0,0,0,0,0,0,1,0,0,0,0,0,0,0,1
14,CONSTANŢA,"SCOALA GIMNAZIALA NICHITA STANESCU",480,MERENI,62137,1,PROV,PRCNCT,CD,CD_SV,"2021-01-21 12:30:02",1186,1148,29,9,342,304,29,9,1300,958,334,6,2,8,8,1,98,81,32,77,4,0,0,1,3,6,5,1,0,1,0,0,0,2,0,1,0,2,0,0,0,0,0,0,1,2
14,CONSTANŢA,"ŞCOALA CU CLASELE I - VIII",481,MERENI,62137,1,PROV,PRCNCT,CD,CD_SV,"2021-01-21 12:30:02",486,474,12,0,200,188,12,0,499,299,195,4,1,4,3,0,116,14,5,28,1,0,0,0,1,3,2,0,0,0,0,0,0,0,0,1,1,13,1,0,1,0,0,1,0,0
14,CONSTANŢA,"ŞCOALA CU CLASELE I -IV",482,MERENI,62137,1,PROV,PRCNCT,CD,CD_SV,"2021-01-21 12:30:02",237,222,15,0,88,73,15,0,300,212,86,1,1,4,1,0,23,23,6,22,2,1,0,0,2,2,0,0,0,0,0,0,0,0,0,0,0,0,0,0,0,0,0,0,0,0
14,CONSTANŢA,"LICEUL TEHNOLOGIC ” MIHAI VITEAZUL”",483,"MIHAI VITEAZU",62253,1,PROV,PRCNCT,CD,CD_SV,"2021-01-21 12:30:02",1584,1565,19,0,344,325,19,0,1700,1356,327,17,0,41,10,0,74,124,15,42,1,4,0,0,4,5,2,0,0,0,0,0,0,0,1,1,0,0,0,0,1,0,0,0,0,2
14,CONSTANŢA,"SCOALA CU CLASELE I-VII SINOE",484,"MIHAI VITEAZU",62253,1,PROV,PRCNCT,CD,CD_SV,"2021-01-21 12:30:02",1210,1179,26,5,350,319,26,5,1300,950,341,5,4,19,4,0,38,170,2,87,1,3,0,0,3,6,2,2,0,1,0,0,0,0,0,1,0,0,0,0,0,1,0,1,0,0
14,CONSTANŢA,"GRĂDINIŢA DOMINO",485,"MIHAIL KOGĂLNICEANU",62191,1,PROV,PRCNCT,CD,CD_SV,"2021-01-21 12:30:02",1311,1259,41,11,425,373,41,11,1300,875,420,4,1,22,8,1,60,220,20,68,1,0,1,0,7,0,1,0,0,0,0,0,0,2,2,0,0,0,1,0,0,1,0,0,1,4
14,CONSTANŢA,"GRĂDINIŢA PINOCHIO",486,"MIHAIL KOGĂLNICEANU",62191,1,PROV,PRCNCT,CD,CD_SV,"2021-01-21 12:30:02",1197,1161,26,10,393,357,26,10,1300,907,390,3,0,15,3,2,47,207,30,68,0,1,4,0,3,1,0,0,0,3,0,0,0,2,0,0,0,0,0,0,0,0,0,0,4,0
14,CONSTANŢA,"CENTRUL PENTRU TINERET",487,"MIHAIL KOGĂLNICEANU",62191,1,PROV,PRCNCT,CD,CD_SV,"2021-01-21 12:30:02",1257,1231,22,4,359,333,22,4,1400,1041,353,6,0,17,4,0,67,158,48,45,1,2,2,0,3,1,0,0,0,0,0,0,0,0,0,0,1,1,0,0,0,1,0,0,0,2
14,CONSTANŢA,"LICEUL TEORETIC MIHAIL KOGĂLNICEANU",488,"MIHAIL KOGĂLNICEANU",62191,1,PROV,PRCNCT,CD,CD_SV,"2021-01-21 12:30:02",1425,1402,21,2,405,382,21,2,1600,1195,390,15,0,9,6,0,81,133,35,63,1,0,0,1,3,2,1,0,0,1,0,0,0,1,0,0,2,45,2,0,0,1,0,0,0,3
14,CONSTANŢA,"GRĂDINIŢA PITICOT",489,"MIHAIL KOGĂLNICEANU",62191,1,PROV,PRCNCT,CD,CD_SV,"2021-01-21 12:30:02",778,766,10,2,188,176,10,2,900,712,183,4,1,1,5,0,28,72,23,44,3,0,1,0,1,2,0,1,0,0,0,0,0,0,0,0,0,0,0,0,0,0,0,0,0,2
14,CONSTANŢA,"GRĂDINIŢA PITICOT",490,"MIHAIL KOGĂLNICEANU",62191,2,PART,PRCNCT,CD,CD_SV,"2021-01-21 12:30:02",784,776,7,1,251,243,7,1,900,649,242,9,0,8,7,0,64,62,37,47,2,0,0,0,3,3,1,0,0,0,0,0,0,0,0,0,1,6,0,0,0,0,0,1,0,0
14,CONSTANŢA,"ŞCOALA GENERALĂ CERES",491,"MIHAIL KOGĂLNICEANU",62191,1,PROV,PRCNCT,CD,CD_SV,"2021-01-21 12:30:02",381,370,11,0,133,122,11,0,400,267,131,2,0,2,3,0,8,71,3,36,0,2,0,0,1,3,1,0,0,0,0,0,0,0,0,1,0,0,0,0,0,0,0,0,0,0
14,CONSTANŢA,"UNITATEA AGRICOLĂ SIBIOARA, CENTRUL PENTRU TINERET",492,"MIHAIL KOGĂLNICEANU",62191,1,PROV,PRCNCT,CD,CD_SV,"2021-01-21 12:30:02",384,364,19,1,195,175,19,1,400,205,192,3,0,6,3,0,23,110,7,35,2,0,0,1,0,1,0,0,0,1,0,0,0,0,0,0,1,0,0,0,0,0,0,0,0,2
14,CONSTANŢA,"CĂMINUL CULTURAL",493,"MIHAIL KOGĂLNICEANU",62191,1,PROV,PRCNCT,CD,CD_SV,"2021-01-21 12:30:02",721,693,28,0,297,269,28,0,800,503,283,5,9,17,3,0,36,172,11,33,1,2,0,0,3,3,0,0,0,0,0,0,0,0,0,0,0,0,0,0,1,0,0,0,0,1
14,CONSTANŢA,"ŞCOALA GENERALĂ",494,"MIHAIL KOGĂLNICEANU",62191,1,PROV,PRCNCT,CD,CD_SV,"2021-01-21 12:30:02",304,264,40,0,132,92,40,0,300,168,129,2,1,3,1,0,9,92,6,14,0,1,1,0,1,0,0,0,0,0,0,1,0,0,0,0,0,0,0,0,0,0,0,0,0,0
14,CONSTANŢA,"ŞCOALA GIMNAZIALĂ NR.1 MIRCEA VODĂ",495,"MIRCEA VODĂ",62280,1,PROV,PRCNCT,CD,CD_SV,"2021-01-21 12:30:02",1724,1691,25,8,417,384,25,8,1900,1483,405,9,3,13,9,0,148,69,14,123,2,3,1,1,3,5,3,4,0,1,0,0,0,0,1,0,1,0,0,0,1,1,0,2,0,0
14,CONSTANŢA,"ȘCOALA GIMNAZIALĂ NR.2 SATU NOU",496,"MIRCEA VODĂ",62280,1,PROV,PRCNCT,CD,CD_SV,"2021-01-21 12:30:02",1037,1031,6,0,198,192,6,0,1100,902,178,13,7,3,2,0,77,25,5,46,4,1,0,0,0,3,1,7,0,1,0,2,0,0,0,0,0,0,0,0,1,0,0,0,0,0
14,CONSTANŢA,"ȘCOALA GIMNAZIALĂ NR.2 SATU NOU",497,"MIRCEA VODĂ",62280,1,PROV,PRCNCT,CD,CD_SV,"2021-01-21 12:30:02",1331,1322,9,0,294,285,9,0,1500,1206,286,8,0,3,13,0,128,49,13,53,9,2,0,0,1,2,2,5,2,0,0,0,0,0,0,0,0,1,0,1,0,2,0,0,0,0
14,CONSTANŢA,"LICEUL ”I.C. BRĂTIANU” NICOLAE BĂLCESCU",498,"NICOLAE BĂLCESCU",62440,1,PROV,PRCNCT,CD,CD_SV,"2021-01-21 12:30:02",1374,1346,28,0,397,369,28,0,1500,1103,386,4,7,5,2,0,152,90,21,93,4,0,0,0,3,4,5,1,0,1,0,0,0,0,0,2,0,0,0,0,0,1,1,0,0,1
14,CONSTANŢA,"LICEUL ”I.C. BRĂTIANU” NICOLAE BĂLCESCU",499,"NICOLAE BĂLCESCU",62440,1,PROV,PRCNCT,CD,CD_SV,"2021-01-21 12:30:02",1475,1454,21,0,418,397,21,0,1600,1182,408,10,0,12,2,2,160,84,30,100,0,1,1,1,4,2,2,0,0,1,0,0,0,0,0,1,1,1,1,0,0,0,0,0,0,2
14,CONSTANŢA,"ȘCOALA GENERALĂ DOROBANȚU",500,"NICOLAE BĂLCESCU",62440,1,PROV,PRCNCT,CD,CD_SV,"2021-01-21 12:30:02",1570,1546,23,1,417,393,23,1,1700,1283,408,4,5,6,4,0,124,47,21,181,8,2,0,0,3,3,2,0,0,0,0,0,0,0,2,0,0,1,0,0,0,2,0,0,0,2
14,CONSTANŢA,"ȘCOALA GIMNAZIALĂ NR. 1 OLTINA",501,OLTINA,62486,1,PROV,PRCNCT,CD,CD_SV,"2021-01-21 12:30:02",1434,1379,39,16,460,405,39,16,1496,1036,445,6,9,16,8,2,259,86,24,32,1,2,0,0,2,5,2,0,0,0,0,0,0,1,3,1,0,0,0,0,0,0,0,0,1,0
14,CONSTANŢA,"ȘCOALA GIMNAZIALĂ NR. 2 RĂZOARELE",502,OLTINA,62486,1,PROV,PRCNCT,CD,CD_SV,"2021-01-21 12:30:02",497,487,10,0,147,137,10,0,500,353,140,3,4,4,5,0,56,26,5,34,2,1,0,0,2,0,0,0,0,0,0,0,0,1,0,2,0,0,0,0,0,0,1,0,0,1
14,CONSTANŢA,"ȘCOALA CU CLS. I - IV SATU NOU",503,OLTINA,62486,1,PROV,PRCNCT,CD,CD_SV,"2021-01-21 12:30:02",174,157,17,0,48,31,17,0,200,152,43,3,2,1,4,0,19,10,1,4,0,1,0,0,1,1,1,0,0,0,0,0,0,0,0,0,0,0,0,0,0,0,0,0,0,0
14,CONSTANŢA,"CĂMIN CULTURAL OSTROV",504,OSTROV,62538,1,PROV,PRCNCT,CD,CD_SV,"2021-01-21 12:30:02",923,913,8,2,207,197,8,2,1000,793,198,7,2,11,8,0,92,43,9,16,3,0,1,0,2,5,1,0,0,2,0,1,0,0,1,0,0,0,0,1,0,0,0,1,0,1
14,CONSTANŢA,"CĂMIN CULTURAL OSTROV",505,OSTROV,62538,1,PROV,PRCNCT,CD,CD_SV,"2021-01-21 12:30:02",1143,1130,13,0,278,265,13,0,1200,922,270,8,0,10,10,0,110,40,25,42,5,1,0,0,6,2,8,0,1,0,0,0,0,0,1,1,0,0,0,0,0,3,0,0,0,5
14,CONSTANŢA,"CĂMIN CULTURAL ALMĂLĂU",506,OSTROV,62538,2,PART,PRCNCT,CD,CD_SV,"2021-01-21 12:30:02",675,663,12,0,165,153,12,0,700,535,160,4,1,6,9,1,76,34,10,16,1,0,0,0,0,3,0,1,0,0,0,0,0,1,0,1,1,0,0,0,0,0,0,0,0,0
14,CONSTANŢA,"CĂMIN CULTURAL ESECHIOI",507,OSTROV,62538,1,PROV,PRCNCT,CD,CD_SV,"2021-01-21 12:30:02",200,193,7,0,65,58,7,0,200,135,65,0,0,3,2,0,39,8,3,5,1,1,0,1,0,0,0,1,0,0,0,0,0,0,0,0,0,0,0,0,1,0,0,0,0,0
14,CONSTANŢA,"CĂMIN CULTURAL GÎRLIȚA",508,OSTROV,62538,1,PROV,PRCNCT,CD,CD_SV,"2021-01-21 12:30:02",245,232,13,0,98,85,13,0,300,202,92,3,3,3,2,0,53,12,4,11,1,1,1,0,0,2,2,0,0,0,0,0,0,0,0,0,0,0,0,0,0,0,0,0,0,0
14,CONSTANŢA,"CĂMIN CULTURAL GALIȚA",509,OSTROV,62538,1,PROV,PRCNCT,CD,CD_SV,"2021-01-21 12:30:02",579,571,8,0,119,111,8,0,600,481,102,12,5,2,2,0,32,12,3,37,1,0,0,0,0,1,1,2,1,0,0,0,0,0,0,0,0,0,0,0,0,3,3,0,1,1
14,CONSTANŢA,"CAMIN CULTURAL BUGEAC",510,OSTROV,62538,1,PROV,PRCNCT,CD,CD_SV,"2021-01-21 12:30:02",166,150,16,0,75,59,16,0,200,125,73,1,1,1,1,0,44,11,8,5,1,0,1,0,0,0,0,0,0,0,0,0,0,0,0,0,1,0,0,0,0,0,0,0,0,0
14,CONSTANŢA,"ȘCOALA GIMNAZIALĂ NR.1 PANTELIMON",511,PANTELIMON,62609,1,PROV,PRCNCT,CD,CD_SV,"2021-01-21 12:30:02",636,596,29,11,288,248,29,11,700,412,276,12,0,7,4,1,57,125,8,62,2,2,1,0,1,3,1,0,0,0,0,0,0,0,0,0,0,0,0,0,0,1,0,0,0,1
14,CONSTANŢA,"ȘCOALA CU CLS. I - IV PANTELIMON DE JOS",512,PANTELIMON,62609,1,PROV,PRCNCT,CD,CD_SV,"2021-01-21 12:30:02",233,218,15,0,83,68,15,0,299,216,80,1,2,1,0,0,15,39,2,15,1,1,4,0,0,1,0,0,0,0,0,0,0,0,0,0,0,0,0,0,0,1,0,0,0,0
14,CONSTANŢA,"ȘCOALA CU CLS. I - IV RUNCU",513,PANTELIMON,62609,1,PROV,PRCNCT,CD,CD_SV,"2021-01-21 12:30:02",364,350,9,5,140,126,9,5,401,261,133,3,4,1,3,0,15,79,3,25,0,3,0,0,1,0,0,0,0,1,0,0,0,1,1,0,0,0,0,0,0,0,0,0,0,0
14,CONSTANŢA,"ȘCOALA CU CLS. I - IV NISTOREȘTI",514,PANTELIMON,62609,1,PROV,PRCNCT,CD,CD_SV,"2021-01-21 12:30:02",248,233,11,4,91,76,11,4,299,208,89,1,1,4,1,0,4,51,2,25,0,1,0,0,0,1,0,0,0,0,0,0,0,0,0,0,0,0,0,0,0,0,0,0,0,0
14,CONSTANŢA,"CĂMIN CULTURAL PECINEAGA",515,PECINEAGA,62672,1,PROV,PRCNCT,CD,CD_SV,"2021-01-21 12:30:02",1333,1294,39,0,368,329,39,0,1400,1032,349,13,6,8,7,1,117,63,27,101,4,0,0,0,4,1,2,1,0,0,0,1,0,0,0,1,2,1,0,1,0,0,1,1,1,4
14,CONSTANŢA,"ŞCOALA GIMNAZIALĂ NR.1 PECINEAGA",516,PECINEAGA,62672,1,PROV,PRCNCT,CD,CD_SV,"2021-01-21 12:30:02",1408,1386,22,0,331,309,22,0,1500,1169,322,6,3,5,9,0,98,55,10,127,2,3,1,0,3,2,1,0,0,1,1,0,0,0,0,0,0,1,0,0,0,2,0,0,0,1
14,CONSTANŢA,"CĂMIN CULTURAL PEŞTERA",517,PEŞTERA,62707,1,PROV,PRCNCT,CD,CD_SV,"2021-01-21 12:30:02",1543,1537,6,0,387,381,6,0,1700,1313,374,9,4,14,15,1,117,43,12,156,4,0,1,0,4,3,0,1,0,0,0,0,0,0,0,0,0,0,0,0,0,0,1,0,2,0
14,CONSTANŢA,"CAMIN CULTURAL IVRINEZU MARE",518,PEŞTERA,62707,1,PROV,PRCNCT,CD,CD_SV,"2021-01-21 12:30:02",728,719,9,0,133,124,9,0,800,667,125,5,3,4,1,0,20,21,3,64,2,1,1,0,1,2,1,0,1,1,0,0,0,0,0,0,0,0,1,0,0,0,0,0,0,1
14,CONSTANŢA,"SCOALA PRIMARA NR.3",519,PEŞTERA,62707,1,PROV,PRCNCT,CD,CD_SV,"2021-01-21 12:30:02",605,594,11,0,97,86,11,0,700,603,94,2,1,1,2,0,22,18,3,41,1,1,0,0,0,2,0,0,1,0,0,0,0,0,0,0,1,0,0,0,0,0,0,0,0,1
14,CONSTANŢA,"CENTRU PENTRU TINERET",520,"POARTA ALBĂ",62761,1,PROV,PRCNCT,CD,CD_SV,"2021-01-21 12:30:02",1719,1572,31,116,568,421,31,116,1700,1132,546,14,8,21,12,2,171,145,35,103,3,2,1,0,5,29,5,4,1,2,0,0,0,0,0,0,0,1,0,0,0,0,1,1,0,2
14,CONSTANŢA,"CENTRU PENTRU TINERET",521,"POARTA ALBĂ",62761,1,PROV,PRCNCT,CD,CD_SV,"2021-01-21 12:30:02",1617,1451,14,152,514,348,14,152,1600,1086,491,17,6,14,4,0,175,131,30,74,4,2,2,1,3,26,6,3,0,1,0,0,0,1,2,3,0,4,1,2,0,0,1,0,0,1
14,CONSTANŢA,"LICEUL AGRICOL POARTA ALBĂ",522,"POARTA ALBĂ",62761,2,PART,PRCNCT,CD,CD_SV,"2021-01-21 12:30:02",1041,1003,15,23,300,262,15,23,1100,800,294,6,0,10,2,0,87,75,12,79,2,1,2,0,1,19,0,0,0,0,0,0,0,0,0,0,0,0,0,0,0,0,1,1,0,2
14,CONSTANŢA,"GRĂDINIŢA CU PROGRAM NORMAL NAZARCEA",523,"POARTA ALBĂ",62761,1,PROV,PRCNCT,CD,CD_SV,"2021-01-21 12:30:02",454,441,13,0,113,100,13,0,500,387,111,2,0,2,1,2,21,50,6,21,1,0,0,0,0,3,2,0,0,0,0,0,1,0,1,0,0,0,0,0,0,0,0,0,0,0
14,CONSTANŢA,"SCOALA GIMNAZIALA NR.2 RASOVA",524,RASOVA,62798,1,PROV,PRCNCT,CD,CD_SV,"2021-01-21 12:30:02",1100,1090,10,0,165,155,10,0,1200,1035,163,1,1,1,3,0,30,57,14,42,2,2,1,0,0,6,2,0,0,1,0,0,0,0,0,0,1,0,0,0,0,1,0,0,0,0
14,CONSTANŢA,"SCOALA GIMNAZIALA NR.2 RASOVA",525,RASOVA,62798,2,PART,PRCNCT,CD,CD_SV,"2021-01-21 12:30:02",929,923,6,0,141,135,6,0,1000,859,134,5,2,3,4,0,25,55,4,35,2,1,0,0,2,1,0,0,0,1,0,0,0,0,0,0,0,1,0,0,0,0,0,0,0,0
14,CONSTANŢA,"SCOALA GIMNAZIALA COCHIRLENI",526,RASOVA,62798,1,PROV,PRCNCT,CD,CD_SV,"2021-01-21 12:30:02",906,898,8,0,177,169,8,0,1000,823,172,5,0,0,7,0,47,43,9,46,4,1,1,1,4,2,1,0,0,0,0,0,0,0,1,1,0,0,0,0,0,0,1,0,1,2
14,CONSTANŢA,"SCOALA PRIMARA NR 2 FACLIA",527,SALIGNY,63318,1,PROV,PRCNCT,CD,CD_SV,"2021-01-21 12:30:02",736,719,17,0,224,207,17,0,800,576,221,3,0,12,1,1,95,20,11,72,1,1,1,0,1,0,0,0,1,1,0,0,0,0,2,0,0,0,0,0,0,0,0,0,0,1
14,CONSTANŢA,"ȘCOALA GIMNAZIALA NR 1 SALIGNY",528,SALIGNY,63318,1,PROV,PRCNCT,CD,CD_SV,"2021-01-21 12:30:02",719,706,13,0,256,243,13,0,801,545,255,0,1,13,3,1,130,15,18,70,1,0,0,1,2,0,0,0,0,0,0,0,0,1,0,0,0,0,0,0,0,0,0,0,0,0
14,CONSTANŢA,"ȘCOALA PRIMARA NR 3 STEFAN CEL MARE",529,SALIGNY,63318,2,PART,PRCNCT,CD,CD_SV,"2021-01-21 12:30:02",469,452,17,0,130,113,17,0,500,370,128,2,0,6,3,0,63,15,16,19,3,0,0,0,2,0,0,0,0,0,0,0,0,0,0,0,0,0,0,0,0,0,1,0,0,0
14,CONSTANŢA,"ȘCOALA GIMNAZIALĂ ”NICOLAE MARALOI” SARAIU",530,SARAIU,62823,1,PROV,PRCNCT,CD,CD_SV,"2021-01-21 12:30:02",606,586,20,0,276,256,20,0,600,324,260,10,6,4,7,1,117,32,10,72,2,0,0,0,4,1,2,0,0,1,0,0,0,1,0,1,0,0,0,1,0,1,0,0,0,3
14,CONSTANŢA,"ȘCOALA PRIMARĂ NR. 1 DULGHERU",531,SARAIU,62823,1,PROV,PRCNCT,CD,CD_SV,"2021-01-21 12:30:02",461,450,11,0,171,160,11,0,500,329,166,3,2,5,2,2,82,15,10,37,4,0,0,0,3,4,0,0,0,0,0,0,0,1,1,0,0,0,0,0,0,0,0,0,0,0
14,CONSTANŢA,"ȘCOALA GIMNAZIALĂ ”A.GHENCEA”",532,SĂCELE,62878,1,PROV,PRCNCT,CD,CD_SV,"2021-01-21 12:30:02",1981,1911,57,13,662,592,57,13,2100,1438,641,12,9,27,7,0,132,271,19,163,5,3,1,0,5,1,2,0,0,0,0,0,0,2,0,0,0,0,0,0,0,0,0,0,1,2
14,CONSTANŢA,"SCOALA CU CLS. I-IV SEIMENII MICI",533,SEIMENI,62903,1,PROV,PRCNCT,CD,CD_SV,"2021-01-21 12:30:02",731,718,13,0,162,149,13,0,800,638,156,2,4,6,5,0,75,13,13,38,1,2,0,0,0,2,0,0,0,0,0,0,0,0,0,0,0,0,0,0,0,1,0,0,0,0
14,CONSTANŢA,"ŞCOALA CU CLS I-VIII SEIMENI",534,SEIMENI,62903,2,PART,PRCNCT,CD,CD_SV,"2021-01-21 12:30:02",460,449,11,0,105,94,11,0,500,395,102,2,1,2,5,0,41,19,7,22,1,1,1,0,0,0,0,0,0,1,0,0,0,0,0,0,0,1,0,0,0,0,0,0,0,1
14,CONSTANŢA,"GRĂDINIŢA CU PROGRAM NORMAL DUNĂREA",535,SEIMENI,62903,1,PROV,PRCNCT,CD,CD_SV,"2021-01-21 12:30:02",569,551,18,0,124,106,18,0,600,476,122,1,1,5,1,0,46,34,6,22,1,1,0,0,0,1,2,0,0,0,0,0,0,0,0,0,0,0,0,0,0,0,1,1,0,1
14,CONSTANŢA,"SCOALA GIMNAZIALA NR. 1",536,SILIŞTEA,62949,1,PROV,PRCNCT,CD,CD_SV,"2021-01-21 12:30:02",575,554,20,1,236,215,20,1,600,364,230,1,5,2,1,0,69,109,3,33,1,3,0,0,4,2,0,0,0,1,0,0,0,0,0,0,0,0,0,0,0,0,0,0,0,2
14,CONSTANŢA,"CAMIN CULTURAL",537,SILIŞTEA,62949,2,PART,PRCNCT,CD,CD_SV,"2021-01-21 12:30:02",638,619,18,1,197,178,18,1,700,503,194,2,1,8,1,0,60,37,4,71,2,0,0,0,2,2,1,0,0,0,2,0,0,0,2,0,0,0,0,0,0,0,0,0,1,1
14,CONSTANŢA,"CONSILIULUI LOCAL TÎRGUȘOR",538,TÂRGUŞOR,62985,1,PROV,PRCNCT,CD,CD_SV,"2021-01-21 12:30:02",1070,1055,13,2,307,292,13,2,1200,893,302,2,3,4,14,1,118,56,21,65,3,2,0,0,4,2,2,0,0,0,0,1,0,0,2,0,0,0,0,0,0,0,2,0,0,5
14,CONSTANŢA,"ȘCOALA PRIMARĂ NR.2 MIREASA",539,TÂRGUŞOR,62985,1,PROV,PRCNCT,CD,CD_SV,"2021-01-21 12:30:02",271,258,13,0,84,71,13,0,300,216,83,1,0,3,3,1,35,14,8,16,0,0,0,0,1,0,1,0,0,0,0,0,0,0,0,0,0,0,0,0,0,0,0,0,0,1
14,CONSTANŢA,"ȘCOALA GENERALĂ TOPALU",540,TOPALU,63045,1,PROV,PRCNCT,CD,CD_SV,"2021-01-21 12:30:02",1485,1410,38,37,483,408,38,37,1500,1017,469,5,9,9,10,0,275,94,12,52,4,1,1,0,2,2,2,0,0,1,0,0,0,0,0,0,0,1,0,0,0,1,2,0,0,0
14,CONSTANŢA,"LICEUL TEHNOLOGIC TOPRAISAR",541,TOPRAISAR,63072,1,PROV,PRCNCT,CD,CD_SV,"2021-01-21 12:30:02",1442,1393,49,0,360,311,49,0,1500,1140,346,11,3,15,22,2,111,44,45,67,3,1,0,1,3,7,2,1,0,1,0,0,0,1,0,0,1,13,1,0,0,0,0,0,0,5
14,CONSTANŢA,"ȘCOALA VECHE TOPRAISAR",542,TOPRAISAR,63072,1,PROV,PRCNCT,CD,CD_SV,"2021-01-21 12:30:02",1624,1590,31,3,419,385,31,3,1700,1281,412,5,2,14,21,1,101,82,42,116,7,1,0,0,2,4,3,0,0,1,0,1,0,0,1,1,0,10,0,0,0,1,0,0,0,3
14,CONSTANŢA,"ȘCOALA I-VIII BIRUINȚA",543,TOPRAISAR,63072,1,PROV,PRCNCT,CD,CD_SV,"2021-01-21 12:30:02",673,660,13,0,173,160,13,0,700,527,166,7,0,4,4,1,54,25,15,53,0,0,0,0,3,1,1,0,0,0,0,0,0,0,0,0,0,2,0,0,0,1,0,1,0,1
14,CONSTANŢA,"ȘCOALA I-VIII MOVILIȚA",544,TOPRAISAR,63072,2,PART,PRCNCT,CD,CD_SV,"2021-01-21 12:30:02",965,933,31,1,291,259,31,1,1000,709,279,8,4,12,5,4,72,43,46,67,6,1,1,2,3,3,1,0,0,1,0,0,0,0,0,0,1,7,1,0,0,1,0,0,0,2
14,CONSTANŢA,"ȘCOALA I-IV POTÂRNICHEA",545,TOPRAISAR,63072,1,PROV,PRCNCT,CD,CD_SV,"2021-01-21 12:30:02",415,386,29,0,100,71,29,0,400,300,99,0,1,8,6,1,25,12,7,32,1,0,0,2,1,0,0,0,0,0,0,0,0,0,0,0,0,2,0,0,0,1,1,0,0,0
14,CONSTANŢA,"CĂMINUL CULTURAL TORTOMAN",546,TORTOMAN,63189,1,PROV,PRCNCT,CD,CD_SV,"2021-01-21 12:30:02",1472,1457,15,0,391,376,15,0,1600,1209,381,10,0,20,3,0,110,95,26,109,5,1,0,0,1,4,2,0,0,0,0,0,0,0,1,0,0,0,0,0,1,1,0,0,0,2
14,CONSTANŢA,"GRADINITA VECHE",547,TUZLA,60721,1,PROV,PRCNCT,CD,CD_SV,"2021-01-21 12:30:02",1217,1177,40,0,360,320,40,0,1300,940,350,9,1,13,11,1,74,68,46,54,3,0,3,0,7,3,2,0,0,0,0,0,0,0,1,0,1,44,16,0,1,0,0,0,0,2
14,CONSTANŢA,"ŞCOALA MICĂ TUZLA",548,TUZLA,60721,1,PROV,PRCNCT,CD,CD_SV,"2021-01-21 12:30:02",1774,1750,24,0,495,471,24,0,1900,1405,483,12,0,19,16,3,101,128,68,68,4,1,6,2,15,6,4,0,0,2,0,0,0,0,3,0,0,27,8,0,0,1,0,0,0,1
14,CONSTANŢA,"ŞCOALA MARE TUZLA",549,TUZLA,60721,1,PROV,PRCNCT,CD,CD_SV,"2021-01-21 12:30:02",1786,1756,30,0,547,517,30,0,1899,1352,538,9,0,28,36,0,124,115,63,124,3,1,4,2,18,4,1,1,2,0,0,0,0,0,1,2,0,3,0,0,0,0,0,1,1,4
14,CONSTANŢA,"GRĂDINIŢĂ NOUĂ",550,TUZLA,60721,1,PROV,PRCNCT,CD,CD_SV,"2021-01-21 12:30:02",1374,1355,19,0,375,356,19,0,1501,1126,370,5,0,18,24,0,79,91,58,69,2,2,2,0,12,3,4,0,0,0,1,0,0,0,0,0,0,3,0,0,0,0,0,0,0,2
14,CONSTANŢA,"SALA DE SPORT",551,"VALU LUI TRAIAN",63125,1,PROV,PRCNCT,CD,CD_SV,"2021-01-21 12:30:02",1734,1704,27,3,666,636,27,3,1900,1234,643,18,5,18,9,2,122,198,70,94,5,7,3,0,16,6,4,0,0,0,1,0,0,0,0,0,0,68,8,1,0,0,0,1,0,10
14,CONSTANŢA,"ŞCOALA GIMNAZIALĂ NR.1",552,"VALU LUI TRAIAN",63125,1,PROV,PRCNCT,CD,CD_SV,"2021-01-21 12:30:02",1676,1624,48,4,593,541,48,4,1800,1207,576,17,0,16,11,1,97,161,88,69,0,1,2,1,16,3,0,0,1,0,0,0,0,0,0,1,3,94,8,0,1,0,0,0,0,2
14,CONSTANŢA,"GRĂDINIŢA CU PROGRAM PRELUNGIT NR.3",553,"VALU LUI TRAIAN",63125,2,PART,PRCNCT,CD,CD_SV,"2021-01-21 12:30:02",2098,2022,71,5,812,736,71,5,2200,1388,797,11,4,30,12,0,92,282,168,137,6,7,7,0,11,9,2,0,2,0,1,0,1,0,0,2,0,18,4,0,1,0,1,0,1,3
14,CONSTANŢA,"PIAŢA AGROALIMENTARĂ-CENTRUL TRANSFRONTALIER DE AFACERI",554,"VALU LUI TRAIAN",63125,1,PROV,PRCNCT,CD,CD_SV,"2021-01-21 12:30:02",1396,1351,43,2,545,500,43,2,1500,955,534,9,2,18,28,3,90,187,82,65,12,1,0,0,10,7,2,0,0,0,0,1,0,0,0,0,1,20,2,0,0,0,0,0,0,5
14,CONSTANŢA,"CLĂDIRE VESTIARE TEREN FOTBAL (STADION)",555,"VALU LUI TRAIAN",63125,1,PROV,PRCNCT,CD,CD_SV,"2021-01-21 12:30:02",1723,1699,24,0,572,548,24,0,1900,1328,556,14,2,18,9,2,59,237,67,121,4,3,4,1,5,13,1,1,0,3,0,0,0,1,0,0,0,2,0,0,0,0,0,0,1,4
14,CONSTANŢA,"ŞCOALA GIMNAZIALĂ ”VICEAMIRAL IOAN MURGESCU”",556,"VALU LUI TRAIAN",63125,1,PROV,PRCNCT,CD,CD_SV,"2021-01-21 12:30:02",1800,1749,51,0,641,590,51,0,1900,1259,626,11,4,24,25,1,96,232,84,93,6,6,5,1,8,9,2,1,1,1,0,0,0,0,0,0,0,19,2,0,0,0,0,0,0,10
14,CONSTANŢA,"GRĂDINIŢA CU PROGRAM NORMAL NR.2",557,"VALU LUI TRAIAN",63125,1,PROV,PRCNCT,CD,CD_SV,"2021-01-21 12:30:02",1935,1700,51,184,827,592,51,184,1900,1073,796,20,11,22,14,1,232,236,101,107,6,3,5,2,13,7,5,4,0,0,0,0,1,0,3,0,1,23,1,0,1,1,0,0,1,6
14,CONSTANŢA,"CENTRU DE TINERET",558,"VALU LUI TRAIAN",63125,1,PROV,PRCNCT,CD,CD_SV,"2021-01-21 12:30:02",1563,1520,42,1,581,538,42,1,1700,1119,559,18,4,17,22,1,79,186,91,108,5,5,2,1,7,3,5,0,0,0,0,0,0,0,1,1,0,15,1,0,0,0,0,1,1,7
14,CONSTANŢA,"CAMIN CULTURAL VULTURU",559,VULTURU,63170,1,PROV,PRCNCT,CD,CD_SV,"2021-01-21 12:30:02",577,563,14,0,189,175,14,0,600,411,184,3,2,10,2,0,106,19,9,21,4,0,0,0,3,4,3,1,0,0,0,0,0,0,0,0,0,0,0,0,0,0,1,0,0,1
