precinct_county_nce,precinct_county_name,precinct_name,precinct_nr,uat_name,uat_siruta,report_version,report_stage_code,report_type_scope_code,report_type_category_code,report_type_code,created_at,a,a1,a2,a3,b,b1,b2,b3,c,d,e,f,g,"PARTIDUL MIȘCAREA POPULARĂ-voturi","ALIANȚA USR PLUS-voturi","PARTIDUL NAȚIONAL LIBERAL-voturi","PARTIDUL PRO ROMÂNIA-voturi","UNIUNEA DEMOCRATĂ MAGHIARĂ DIN ROMÂNIA-voturi","PARTIDUL SOCIAL DEMOCRAT-voturi","PARTIDUL ECOLOGIST ROMÂN-voturi","PARTIDUL PUTERII UMANISTE (SOCIAL-LIBERAL)-voturi","PARTIDUL ROMÂNIA MARE-voturi","ALIANȚA PENTRU UNIREA ROMÂNILOR-voturi","PARTIDUL SOCIALIST ROMÂN-voturi"
4,BACĂU,"ŞCOALA GIMNAZIALĂ NR. 9",1,"MUNICIPIUL BACĂU",20297,1,PROV,PRCNCT,S,S_SV,"2021-01-21 12:30:02",1316,1304,12,0,385,373,12,0,1430,1045,375,8,2,23,119,71,10,0,83,17,6,3,41,2
4,BACĂU,"ŞCOALA GIMNAZIALĂ NR. 9",2,"MUNICIPIUL BACĂU",20297,1,PROV,PRCNCT,S,S_SV,"2021-01-21 12:30:02",1151,1136,15,0,369,354,15,0,1300,931,365,3,1,29,73,88,17,0,86,17,4,5,43,3
4,BACĂU,"ȘCOALA GIMNAZIALĂ ”GEORGETA MIRCEA CANCICOV”",3,"MUNICIPIUL BACĂU",20297,1,PROV,PRCNCT,S,S_SV,"2021-01-21 12:30:02",1580,1560,20,0,405,385,20,0,1702,1297,390,10,5,25,120,80,9,0,87,13,6,5,42,3
4,BACĂU,"ȘCOALA GIMNAZIALĂ ”GEORGETA MIRCEA CANCICOV”",4,"MUNICIPIUL BACĂU",20297,1,PROV,PRCNCT,S,S_SV,"2021-01-21 12:30:02",1579,1560,19,0,453,434,19,0,1700,1247,444,7,2,32,119,108,32,4,87,13,7,2,39,1
4,BACĂU,"ȘCOALA GIMNAZIALĂ ”GEORGETA MIRCEA CANCICOV”",5,"MUNICIPIUL BACĂU",20297,1,PROV,PRCNCT,S,S_SV,"2021-01-21 12:30:02",1494,1472,21,1,422,400,21,1,1600,1178,416,5,1,19,110,86,26,1,116,8,2,4,39,5
4,BACĂU,"ȘCOALA GIMNAZIALĂ ”GEORGETA MIRCEA CANCICOV”",6,"MUNICIPIUL BACĂU",20297,1,PROV,PRCNCT,S,S_SV,"2021-01-21 12:30:02",1490,1464,26,0,475,449,26,0,1596,1121,464,9,2,34,111,101,31,0,107,17,12,4,44,3
4,BACĂU,"DIRECȚIA DE ASISTENTĂ SOCIALĂ",7,"MUNICIPIUL BACĂU",20297,1,PROV,PRCNCT,S,S_SV,"2021-01-21 12:30:02",1390,1360,30,0,424,394,30,0,1500,1076,412,10,2,27,116,91,15,2,92,15,7,2,43,2
4,BACĂU,"GRĂDINIȚA CU PROGRAM PRELUNGIT ”CRAI NOU”",8,"MUNICIPIUL BACĂU",20297,1,PROV,PRCNCT,S,S_SV,"2021-01-21 12:30:02",1097,1086,9,2,247,236,9,2,1200,953,240,7,0,18,64,47,16,1,53,6,5,1,28,1
4,BACĂU,"GRĂDINIȚA CU PROGRAM PRELUNGIT ”CRAI NOU”",9,"MUNICIPIUL BACĂU",20297,1,PROV,PRCNCT,S,S_SV,"2021-01-21 12:30:02",1079,1060,19,0,284,265,19,0,1200,916,280,4,0,15,82,67,11,1,56,12,5,2,25,4
4,BACĂU,"ȘCOALA GIMNAZIALĂ ”MIHAIL SADOVEANU”",10,"MUNICIPIUL BACĂU",20297,1,PROV,PRCNCT,S,S_SV,"2021-01-21 12:30:02",1391,1364,25,2,367,340,25,2,1500,1133,358,7,2,18,87,77,23,5,89,15,10,6,26,2
4,BACĂU,"ȘCOALA GIMNAZIALĂ ”MIHAIL SADOVEANU”",11,"MUNICIPIUL BACĂU",20297,1,PROV,PRCNCT,S,S_SV,"2021-01-21 12:30:02",1383,1368,15,0,340,325,15,0,1500,1160,337,3,0,23,94,65,31,7,66,6,7,3,34,1
4,BACĂU,"ȘCOALA GIMNAZIALĂ ”MIHAIL SADOVEANU”",12,"MUNICIPIUL BACĂU",20297,1,PROV,PRCNCT,S,S_SV,"2021-01-21 12:30:02",1380,1370,9,1,369,359,9,1,1500,1131,356,13,0,18,111,73,16,3,68,15,10,2,38,2
4,BACĂU,"ȘCOALA GIMNAZIALĂ ”MIHAIL SADOVEANU”",13,"MUNICIPIUL BACĂU",20297,1,PROV,PRCNCT,S,S_SV,"2021-01-21 12:30:02",1619,1603,15,1,459,443,15,1,1800,1341,447,12,0,26,149,77,22,1,81,27,7,1,51,5
4,BACĂU,"GRĂDINIŢA CU PROGRAM NORMAL NR. 4",14,"MUNICIPIUL BACĂU",20297,2,PART,PRCNCT,S,S_SV,"2021-01-21 12:30:02",1250,1234,16,0,286,270,16,0,1400,1114,274,10,2,27,62,59,15,0,62,10,11,0,26,2
4,BACĂU,"GRĂDINIŢA CU PROGRAM NORMAL NR. 4",15,"MUNICIPIUL BACĂU",20297,1,PROV,PRCNCT,S,S_SV,"2021-01-21 12:30:02",1217,1205,9,3,340,328,9,3,1300,960,338,2,0,31,85,65,18,1,75,12,4,5,39,3
4,BACĂU,"ȘCOALA GIMNAZIALĂ ”MIHAI DRĂGAN”",16,"MUNICIPIUL BACĂU",20297,1,PROV,PRCNCT,S,S_SV,"2021-01-21 12:30:02",1249,1231,17,1,399,381,17,1,1400,1001,394,4,1,27,105,74,35,2,90,16,7,3,33,2
4,BACĂU,"ȘCOALA GIMNAZIALĂ ”MIHAI DRĂGAN”",17,"MUNICIPIUL BACĂU",20297,1,PROV,PRCNCT,S,S_SV,"2021-01-21 12:30:02",1231,1218,12,1,359,346,12,1,1298,939,350,7,2,31,66,53,19,1,125,14,4,5,28,4
4,BACĂU,"ȘCOALA GIMNAZIALĂ ”MIHAI DRĂGAN”",18,"MUNICIPIUL BACĂU",20297,1,PROV,PRCNCT,S,S_SV,"2021-01-21 12:30:02",1754,1720,34,0,94,60,34,0,1902,1808,89,5,0,7,22,18,6,0,18,2,4,0,12,0
4,BACĂU,"ȘCOALA GIMNAZIALĂ ”MIHAI DRĂGAN” BACĂU",19,"MUNICIPIUL BACĂU",20297,1,PROV,PRCNCT,S,S_SV,"2021-01-21 12:30:02",1461,1442,18,1,385,366,18,1,1600,1215,381,4,0,30,85,87,27,0,95,13,10,2,27,5
4,BACĂU,"ȘCOALA GIMNAZIALĂ ”MIHAI DRĂGAN” BACĂU",20,"MUNICIPIUL BACĂU",20297,1,PROV,PRCNCT,S,S_SV,"2021-01-21 12:30:02",1441,1426,15,0,390,375,15,0,1600,1210,384,5,1,20,78,89,29,1,104,11,10,3,35,4
4,BACĂU,"ADMINISTRAȚIA FINANȚELOR PUBLICE BACĂU",21,"MUNICIPIUL BACĂU",20297,1,PROV,PRCNCT,S,S_SV,"2021-01-21 12:30:02",990,976,14,0,268,254,14,0,1100,832,260,8,0,15,48,54,19,0,87,6,4,2,21,4
4,BACĂU,"COLEGIUL NAŢIONAL ”GHEORGHE VRÂNCEANU”",22,"MUNICIPIUL BACĂU",20297,1,PROV,PRCNCT,S,S_SV,"2021-01-21 12:30:02",1442,1421,18,3,589,570,16,3,1603,1014,582,6,1,60,142,172,32,1,119,11,10,3,30,2
4,BACĂU,"COLEGIUL NAŢIONAL ”GHEORGHE VRÂNCEANU”",23,"MUNICIPIUL BACĂU",20297,1,PROV,PRCNCT,S,S_SV,"2021-01-21 12:30:02",1296,1270,26,0,375,349,26,0,1400,1025,370,5,0,18,63,100,32,3,88,14,16,5,28,3
4,BACĂU,"ŞCOALA GIMNAZIALĂ ”ALEXANDRU IOAN CUZA”",24,"MUNICIPIUL BACĂU",20297,2,PART,PRCNCT,S,S_SV,"2021-01-21 12:30:02",1222,1198,24,0,432,408,24,0,1300,868,423,9,0,23,92,119,24,0,110,10,15,3,24,3
4,BACĂU,"COLEGIUL NAŢIONAL ”FERDINAND I”",25,"MUNICIPIUL BACĂU",20297,1,PROV,PRCNCT,S,S_SV,"2021-01-21 12:30:02",1221,1178,41,2,347,304,41,2,1300,953,336,9,2,19,61,78,19,1,93,10,7,1,43,4
4,BACĂU,"COLEGIUL NAŢIONAL ”FERDINAND I”",26,"MUNICIPIUL BACĂU",20297,1,PROV,PRCNCT,S,S_SV,"2021-01-21 12:30:02",981,966,14,1,296,281,14,1,1100,804,293,3,0,11,67,84,12,3,73,13,4,6,20,0
4,BACĂU,"COLEGIUL NAŢIONAL ”FERDINAND I”",27,"MUNICIPIUL BACĂU",20297,1,PROV,PRCNCT,S,S_SV,"2021-01-21 12:30:02",1519,1504,12,3,425,410,12,3,1700,1275,415,10,0,17,107,96,21,3,117,13,7,5,25,4
4,BACĂU,"COLEGIUL NAȚIONAL ”FERDINAND I”",28,"MUNICIPIUL BACĂU",20297,1,PROV,PRCNCT,S,S_SV,"2021-01-21 12:30:02",1223,1213,10,0,329,319,10,0,1300,971,321,8,0,20,76,81,20,0,81,9,9,3,20,2
4,BACĂU,"COLEGIUL NAȚIONAL ”FERDINAND I”",29,"MUNICIPIUL BACĂU",20297,1,PROV,PRCNCT,S,S_SV,"2021-01-21 12:30:02",1581,1572,8,1,469,460,8,1,1700,1231,457,11,1,29,121,103,24,0,129,10,12,4,21,4
4,BACĂU,"DIRECŢIA PENTRU AGRICULTURĂ BACĂU",30,"MUNICIPIUL BACĂU",20297,1,PROV,PRCNCT,S,S_SV,"2021-01-21 12:30:02",1472,1458,14,0,516,502,14,0,1601,1085,507,9,0,30,125,122,27,1,124,9,11,5,52,1
4,BACĂU,"GRADINITA CU PROGRAM PRELUNGIT NR.29",31,"MUNICIPIUL BACĂU",20297,1,PROV,PRCNCT,S,S_SV,"2021-01-21 12:30:02",1248,1241,7,0,343,336,7,0,1400,1057,333,10,0,26,73,74,22,0,81,9,6,4,32,6
4,BACĂU,"GRADINITA CU PROGRAM PRELUNGIT NR.29",32,"MUNICIPIUL BACĂU",20297,1,PROV,PRCNCT,S,S_SV,"2021-01-21 12:30:02",1055,1040,15,0,325,310,15,0,1096,771,316,9,0,15,94,89,22,1,47,6,8,2,31,1
4,BACĂU,"GRADINITA CU PROGRAM PRELUNGIT NR.29",33,"MUNICIPIUL BACĂU",20297,1,PROV,PRCNCT,S,S_SV,"2021-01-21 12:30:02",1155,1135,18,2,341,321,18,2,1299,958,336,4,1,19,83,71,16,3,88,9,8,8,30,1
4,BACĂU,"ȘCOALA GIMNAZIALĂ ”ION CREANGĂ”",34,"MUNICIPIUL BACĂU",20297,1,PROV,PRCNCT,S,S_SV,"2021-01-21 12:30:02",1385,1364,21,0,371,350,21,0,1500,1129,366,4,1,27,76,81,24,3,97,16,11,1,27,3
4,BACĂU,"ȘCOALA GIMNAZIALĂ ”ION CREANGĂ”",35,"MUNICIPIUL BACĂU",20297,1,PROV,PRCNCT,S,S_SV,"2021-01-21 12:30:02",1440,1420,19,1,391,371,19,1,1600,1209,386,4,1,19,102,103,23,1,62,11,11,1,47,6
4,BACĂU,"ȘCOALA GIMNAZIALĂ ”ION CREANGĂ”",36,"MUNICIPIUL BACĂU",20297,1,PROV,PRCNCT,S,S_SV,"2021-01-21 12:30:02",1283,1270,13,0,428,415,13,0,1400,972,418,9,1,19,123,85,16,0,101,15,11,3,43,2
4,BACĂU,"COLEGIUL TEHNIC DE COMUNICAȚII ”NICOLAE VASILESCU-KARPEN”",37,"MUNICIPIUL BACĂU",20297,2,PART,PRCNCT,S,S_SV,"2021-01-21 12:30:02",1611,1584,27,0,500,473,27,0,1700,1200,489,10,1,24,127,108,28,0,113,18,7,5,54,5
4,BACĂU,"COLEGIUL TEHNIC DE COMUNICAȚII ”NICOLAE VASILESCU-KARPEN”",38,"MUNICIPIUL BACĂU",20297,1,PROV,PRCNCT,S,S_SV,"2021-01-21 12:30:02",1774,1749,23,2,472,447,23,2,1900,1428,462,8,2,31,102,113,21,2,130,16,9,1,34,3
4,BACĂU,"COLEGIUL TEHNIC DE COMUNICAȚII ”NICOLAE VASILESCU-KARPEN”",39,"MUNICIPIUL BACĂU",20297,1,PROV,PRCNCT,S,S_SV,"2021-01-21 12:30:02",1634,1621,13,0,146,133,13,0,1800,1654,141,3,2,7,42,36,10,1,29,2,6,1,7,0
4,BACĂU,"COLEGIUL TEHNIC DE COMUNICAȚII ”NICOLAE VASILESCU-KARPEN”",40,"MUNICIPIUL BACĂU",20297,1,PROV,PRCNCT,S,S_SV,"2021-01-21 12:30:02",1656,1633,21,2,464,441,21,2,1800,1336,455,9,0,38,113,85,26,5,116,16,10,3,38,5
4,BACĂU,"COLEGIUL TEHNIC ”ANGHEL SALIGNY” - CORPUL F",41,"MUNICIPIUL BACĂU",20297,2,PART,PRCNCT,S,S_SV,"2021-01-21 12:30:02",1614,1536,7,71,487,409,7,71,1700,1213,463,15,9,20,90,98,25,9,134,19,5,15,43,5
4,BACĂU,"COLEGIUL TEHNIC ”ANGHEL SALIGNY” - CORPUL F",42,"MUNICIPIUL BACĂU",20297,1,PROV,PRCNCT,S,S_SV,"2021-01-21 12:30:02",1400,1313,17,70,418,331,17,70,1400,982,395,23,0,29,59,90,26,1,123,10,14,2,39,2
4,BACĂU,"COLEGIUL ”MIHAI EMINESCU”",43,"MUNICIPIUL BACĂU",20297,1,PROV,PRCNCT,S,S_SV,"2021-01-21 12:30:02",1119,1090,29,0,354,325,29,0,1200,846,345,7,2,24,85,82,25,1,77,10,4,2,33,2
4,BACĂU,"COLEGIUL ”MIHAI EMINESCU”",44,"MUNICIPIUL BACĂU",20297,1,PROV,PRCNCT,S,S_SV,"2021-01-21 12:30:02",1378,1363,15,0,315,300,15,0,1500,1185,310,3,2,15,55,61,15,2,105,14,6,2,30,5
4,BACĂU,"SCOALA GIMNAZIALĂ ”ALEXANDRU CEL BUN”",45,"MUNICIPIUL BACĂU",20297,1,PROV,PRCNCT,S,S_SV,"2021-01-21 12:30:02",1263,1250,13,0,404,391,13,0,1400,996,396,7,1,36,102,105,7,1,108,8,6,3,17,3
4,BACĂU,"GRĂDINIŢA CU PROGRAM PRELUNGIT NR.12",46,"MUNICIPIUL BACĂU",20297,5,PART,PRCNCT,S,S_SV,"2021-01-21 12:30:02",1013,1003,10,0,274,264,10,0,1100,826,256,18,0,13,45,65,10,2,89,4,7,2,18,1
4,BACĂU,"COLEGIUL NATIONAL ”VASILE ALECSANDRI”",47,"MUNICIPIUL BACĂU",20297,1,PROV,PRCNCT,S,S_SV,"2021-01-21 12:30:02",891,877,13,1,294,280,13,1,1000,706,287,6,1,12,52,95,15,2,75,5,5,1,24,1
4,BACĂU,"COLEGIUL NATIONAL ”VASILE ALECSANDRI”",48,"MUNICIPIUL BACĂU",20297,2,PART,PRCNCT,S,S_SV,"2021-01-21 12:30:02",864,843,20,1,269,248,20,1,900,631,263,5,1,18,60,65,12,0,66,10,11,0,20,1
4,BACĂU,"COLEGIUL NAȚIONAL DE ARTĂ ”GEORGE APOSTU”",49,"MUNICIPIUL BACĂU",20297,1,PROV,PRCNCT,S,S_SV,"2021-01-21 12:30:02",761,738,22,1,281,258,22,1,800,519,275,5,1,15,51,80,17,2,78,6,3,0,21,2
4,BACĂU,"COLEGIUL NAȚIONAL PEDAGOGIC ”ŞTEFAN CEL MARE”",50,"MUNICIPIUL BACĂU",20297,1,PROV,PRCNCT,S,S_SV,"2021-01-21 12:30:02",1375,1297,28,50,441,363,28,50,1400,959,437,4,0,29,106,99,25,4,116,13,9,3,29,4
4,BACĂU,"COLEGIUL NAȚIONAL PEDAGOGIC ”ŞTEFAN CEL MARE”",51,"MUNICIPIUL BACĂU",20297,1,PROV,PRCNCT,S,S_SV,"2021-01-21 12:30:02",1513,1447,23,43,434,368,23,43,1600,1166,422,11,0,30,80,90,26,1,123,19,6,3,37,7
4,BACĂU,"ŞCOALA GIMNAZIALĂ ”GEORGE BACOVIA”",52,"MUNICIPIUL BACĂU",20297,1,PROV,PRCNCT,S,S_SV,"2021-01-21 12:30:02",1259,1231,28,0,358,330,28,0,1397,1039,348,10,0,19,71,82,23,1,98,12,7,3,31,1
4,BACĂU,"ŞCOALA GIMNAZIALĂ ”GEORGE BACOVIA”",53,"MUNICIPIUL BACĂU",20297,1,PROV,PRCNCT,S,S_SV,"2021-01-21 12:30:02",1300,1281,19,0,319,300,19,0,1400,1081,314,4,1,11,51,80,16,3,95,12,7,2,36,1
4,BACĂU,"ȘCOALA GIMNAZIALĂ ”GEORGE BACOVIA”",54,"MUNICIPIUL BACĂU",20297,1,PROV,PRCNCT,S,S_SV,"2021-01-21 12:30:02",1051,1037,14,0,265,251,14,0,1200,935,259,2,4,21,51,68,18,0,73,10,2,0,13,3
4,BACĂU,"ȘCOALA GIMNAZIALĂ ”GEORGE BACOVIA”",55,"MUNICIPIUL BACĂU",20297,1,PROV,PRCNCT,S,S_SV,"2021-01-21 12:30:02",1209,1198,9,2,291,280,9,2,1300,1009,286,3,2,21,57,49,22,1,70,11,9,3,42,1
4,BACĂU,"ȘCOALA GIMNAZIALĂ ”GEORGE BACOVIA”",56,"MUNICIPIUL BACĂU",20297,1,PROV,PRCNCT,S,S_SV,"2021-01-21 12:30:02",1227,1218,9,0,295,286,9,0,1300,1005,289,6,0,15,84,48,15,0,81,6,3,0,32,5
4,BACĂU,"ŞCOALA GIMNAZIALĂ ”DOMNIȚA MARIA”",57,"MUNICIPIUL BACĂU",20297,1,PROV,PRCNCT,S,S_SV,"2021-01-21 12:30:02",1546,1515,31,0,417,386,31,0,1699,1282,407,8,2,25,64,107,23,2,87,8,7,7,75,2
4,BACĂU,"ŞCOALA GIMNAZIALĂ ”DOMNIȚA MARIA”",58,"MUNICIPIUL BACĂU",20297,1,PROV,PRCNCT,S,S_SV,"2021-01-21 12:30:02",1255,1244,11,0,358,347,11,0,1400,1042,349,9,0,32,83,74,22,2,76,6,8,5,37,4
4,BACĂU,"ŞCOALA GIMNAZIALĂ ”DOMNIȚA MARIA”",59,"MUNICIPIUL BACĂU",20297,1,PROV,PRCNCT,S,S_SV,"2021-01-21 12:30:02",1431,1413,18,0,400,382,18,0,1604,1204,396,4,0,24,83,93,23,3,119,10,7,2,29,3
4,BACĂU,"ŞCOALA GIMNAZIALĂ ”DOMNIȚA MARIA”",60,"MUNICIPIUL BACĂU",20297,1,PROV,PRCNCT,S,S_SV,"2021-01-21 12:30:02",1350,1325,25,0,358,333,25,0,1500,1142,351,5,2,24,56,63,32,2,98,17,2,1,56,0
4,BACĂU,"ŞCOALA GIMNAZIALĂ ”DOMNIȚA MARIA”",61,"MUNICIPIUL BACĂU",20297,1,PROV,PRCNCT,S,S_SV,"2021-01-21 12:30:02",1579,1568,11,0,461,450,11,0,1700,1239,449,9,3,27,110,78,26,2,112,14,11,2,64,3
4,BACĂU,"ȘCOALA GIMNAZIALĂ ”DR.ALEXANDRU ŞAFRAN”",62,"MUNICIPIUL BACĂU",20297,1,PROV,PRCNCT,S,S_SV,"2021-01-21 12:30:02",1919,1893,26,0,293,267,26,0,2100,1807,286,5,2,11,55,65,15,0,79,16,4,5,33,3
4,BACĂU,"ȘCOALA GIMNAZIALĂ ”DR.ALEXANDRU ŞAFRAN”",63,"MUNICIPIUL BACĂU",20297,1,PROV,PRCNCT,S,S_SV,"2021-01-21 12:30:02",1770,1753,17,0,405,388,17,0,1900,1495,398,6,1,15,67,73,28,2,124,13,8,5,58,5
4,BACĂU,"GRADINITA CU PROGRAM PRELUNGIT NR.24",64,"MUNICIPIUL BACĂU",20297,1,PROV,PRCNCT,S,S_SV,"2021-01-21 12:30:02",1602,1580,20,2,448,426,20,2,1700,1252,437,6,5,24,91,78,29,3,120,22,11,6,47,6
4,BACĂU,"COLEGIUL „GRIGORE ANTIPA”",65,"MUNICIPIUL BACĂU",20297,1,PROV,PRCNCT,S,S_SV,"2021-01-21 12:30:02",1405,1383,22,0,347,325,22,0,1500,1153,339,8,0,26,68,80,19,2,82,13,6,1,40,2
4,BACĂU,"COLEGIUL „GRIGORE ANTIPA”",66,"MUNICIPIUL BACĂU",20297,1,PROV,PRCNCT,S,S_SV,"2021-01-21 12:30:02",1425,1412,13,0,363,350,13,0,1600,1237,358,4,1,17,75,76,25,2,99,16,7,3,37,1
4,BACĂU,"CLĂDIRE CĂMIN (CARE A APARȚINUT FOSTULUI COLEGIU TEHNIC ”LETEA”",67,"MUNICIPIUL BACĂU",20297,1,PROV,PRCNCT,S,S_SV,"2021-01-21 12:30:02",1755,1741,14,0,446,432,14,0,1900,1454,435,10,1,22,90,91,23,3,114,13,7,8,58,6
4,BACĂU,"CLĂDIRE CĂMIN (CARE A APARȚINUT FOSTULUI COLEGIU TEHNIC ”LETEA”",68,"MUNICIPIUL BACĂU",20297,1,PROV,PRCNCT,S,S_SV,"2021-01-21 12:30:02",1580,1569,11,0,369,358,11,0,1700,1331,353,12,4,24,76,69,22,4,104,13,8,1,30,2
4,BACĂU,"CLĂDIRE CĂMIN (CARE A APARȚINUT FOSTULUI COLEGIU TEHNIC ”LETEA”",69,"MUNICIPIUL BACĂU",20297,1,PROV,PRCNCT,S,S_SV,"2021-01-21 12:30:02",1647,1636,11,0,439,428,11,0,1800,1361,428,11,0,27,87,90,28,3,117,25,10,1,39,1
4,BACĂU,"ŞCOALA GIMNAZIALĂ NR.10",70,"MUNICIPIUL BACĂU",20297,1,PROV,PRCNCT,S,S_SV,"2021-01-21 12:30:02",1329,1313,15,1,424,408,15,1,1401,977,415,8,1,14,98,102,21,1,116,19,10,1,32,1
4,BACĂU,"ȘCOALA GIMNAZIALĂ NR.10",71,"MUNICIPIUL BACĂU",20297,1,PROV,PRCNCT,S,S_SV,"2021-01-21 12:30:02",1258,1236,19,3,404,382,19,3,1400,996,395,6,3,20,73,80,30,2,115,13,11,4,43,4
4,BACĂU,"ȘCOALA GIMNAZIALĂ NR.10",72,"MUNICIPIUL BACĂU",20297,1,PROV,PRCNCT,S,S_SV,"2021-01-21 12:30:02",795,787,8,0,267,259,8,0,904,637,264,3,0,21,63,76,11,2,52,6,5,1,26,1
4,BACĂU,"COLEGIUL TEHNIC ”DUMITRU MANGERON”",73,"MUNICIPIUL BACĂU",20297,1,PROV,PRCNCT,S,S_SV,"2021-01-21 12:30:02",1649,1617,32,0,352,320,32,0,1800,1448,348,2,2,19,82,86,22,3,86,13,4,3,30,0
4,BACĂU,"COLEGIUL TEHNIC ”DUMITRU MANGERON”",74,"MUNICIPIUL BACĂU",20297,1,PROV,PRCNCT,S,S_SV,"2021-01-21 12:30:02",1779,1763,16,0,368,352,16,0,1899,1531,365,2,1,29,86,87,26,3,77,20,1,2,34,0
4,BACĂU,"ŞCOALA PRIMARĂ NR.1",75,"MUNICIPIUL BACĂU",20297,1,PROV,PRCNCT,S,S_SV,"2021-01-21 12:30:02",1877,1865,12,0,234,222,12,0,2100,1866,227,6,1,11,37,41,19,2,55,11,5,4,42,0
4,BACĂU,"ŞCOALA PRIMARĂ NR.1",76,"MUNICIPIUL BACĂU",20297,1,PROV,PRCNCT,S,S_SV,"2021-01-21 12:30:02",1683,1663,20,0,259,239,20,0,1800,1541,247,10,2,16,39,46,13,10,47,12,8,3,52,1
4,BACĂU,"SCOALA GIMNAZIALĂ ”OCTAVIAN VOICU”",77,"MUNICIPIUL BACĂU",20297,1,PROV,PRCNCT,S,S_SV,"2021-01-21 12:30:02",1142,1126,16,0,288,272,16,0,1200,912,282,6,0,13,64,47,21,0,84,9,6,1,32,5
4,BACĂU,"SCOALA GIMNAZIALĂ ”OCTAVIAN VOICU”",78,"MUNICIPIUL BACĂU",20297,1,PROV,PRCNCT,S,S_SV,"2021-01-21 12:30:02",1054,1034,20,0,291,271,20,0,1098,807,279,10,2,14,58,60,17,2,79,11,5,0,31,2
4,BACĂU,"SCOALA GIMNAZIALĂ ”OCTAVIAN VOICU”",79,"MUNICIPIUL BACĂU",20297,1,PROV,PRCNCT,S,S_SV,"2021-01-21 12:30:02",1198,1193,5,0,288,283,5,0,1298,1010,283,5,0,13,68,52,20,0,71,17,5,2,30,5
4,BACĂU,"SCOALA GIMNAZIALĂ ”OCTAVIAN VOICU”",80,"MUNICIPIUL BACĂU",20297,1,PROV,PRCNCT,S,S_SV,"2021-01-21 12:30:02",1202,1196,6,0,262,256,6,0,1300,1038,258,3,1,12,53,49,8,2,72,12,5,1,40,4
4,BACĂU,"GRĂDINIŢA CU PROGRAM PRELUNGIT ”DUMBRAVA MINUNATĂ”",81,"MUNICIPIUL BACĂU",20297,1,PROV,PRCNCT,S,S_SV,"2021-01-21 12:30:02",1233,1216,17,0,294,277,17,0,1300,1006,290,4,0,18,68,49,11,0,98,9,4,4,25,4
4,BACĂU,"GRĂDINIŢA CU PROGRAM PRELUNGIT ”DUMBRAVA MINUNATĂ”",82,"MUNICIPIUL BACĂU",20297,1,PROV,PRCNCT,S,S_SV,"2021-01-21 12:30:02",1128,1109,19,0,279,260,19,0,1200,921,277,2,0,12,56,63,10,5,67,12,7,3,37,5
4,BACĂU,"GRĂDINIŢA CU PROGRAM PRELUNGIT NR.31",83,"MUNICIPIUL BACĂU",20297,1,PROV,PRCNCT,S,S_SV,"2021-01-21 12:30:02",1089,1071,18,0,310,292,18,0,1200,890,303,7,0,22,62,48,21,2,102,7,7,1,29,2
4,BACĂU,"ŞCOALA GIMNAZIALĂ ”NICOLAE IORGA”",84,"MUNICIPIUL BACĂU",20297,1,PROV,PRCNCT,S,S_SV,"2021-01-21 12:30:02",1324,1292,32,0,341,309,32,0,1400,1059,334,5,2,12,80,71,24,0,92,10,11,3,26,5
4,BACĂU,"ŞCOALA GIMNAZIALĂ ”NICOLAE IORGA”",85,"MUNICIPIUL BACĂU",20297,1,PROV,PRCNCT,S,S_SV,"2021-01-21 12:30:02",1141,1131,9,1,257,247,9,1,1200,943,248,9,0,18,47,55,13,0,71,14,5,2,21,2
4,BACĂU,"ŞCOALA GIMNAZIALĂ ”NICOLAE IORGA”",86,"MUNICIPIUL BACĂU",20297,1,PROV,PRCNCT,S,S_SV,"2021-01-21 12:30:02",1378,1365,11,2,363,350,11,2,1500,1137,357,5,1,14,86,63,19,5,108,12,13,5,28,4
4,BACĂU,"ŞCOALA GIMNAZIALĂ ”NICOLAE IORGA”",87,"MUNICIPIUL BACĂU",20297,1,PROV,PRCNCT,S,S_SV,"2021-01-21 12:30:02",1431,1424,7,0,356,349,7,0,1600,1244,348,8,0,12,67,85,19,1,108,9,8,3,36,0
4,BACĂU,"GRĂDINIŢA CU PROGRAM PRELUNGIT NR.21 (CORPUL I)",88,"MUNICIPIUL BACĂU",20297,1,PROV,PRCNCT,S,S_SV,"2021-01-21 12:30:02",840,819,20,1,298,277,20,1,900,602,294,4,0,14,82,60,20,1,81,18,4,1,12,1
4,BACĂU,"UNIVERSITATEA ”VASILE ALECSANDRI” - CORPUL A",89,"MUNICIPIUL BACĂU",20297,1,PROV,PRCNCT,S,S_SV,"2021-01-21 12:30:02",1022,984,38,0,332,294,38,0,1100,768,322,8,2,13,62,79,27,2,85,9,6,3,32,4
4,BACĂU,"UNIVERSITATEA ”VASILE ALECSANDRI” - CANTINĂ STUDENȚEASCĂ",90,"MUNICIPIUL BACĂU",20297,1,PROV,PRCNCT,S,S_SV,"2021-01-21 12:30:02",864,854,10,0,229,219,10,0,890,661,227,2,0,13,40,75,5,3,59,9,7,2,12,2
4,BACĂU,"GRĂDNIŢA CU PROGRAM PRELUNGIT NR.30",91,"MUNICIPIUL BACĂU",20297,1,PROV,PRCNCT,S,S_SV,"2021-01-21 12:30:02",1100,1082,18,0,268,250,18,0,1196,928,264,4,0,9,51,49,12,1,90,25,4,0,22,1
4,BACĂU,"GRĂDNIŢA CU PROGRAM PRELUNGIT NR.30",92,"MUNICIPIUL BACĂU",20297,1,PROV,PRCNCT,S,S_SV,"2021-01-21 12:30:02",992,976,16,0,250,234,16,0,1100,850,241,9,0,9,27,42,18,1,76,14,5,3,45,1
4,BACĂU,"ŞCOALA GIMNAZIALĂ ”ION LUCA”",93,"MUNICIPIUL BACĂU",20297,1,PROV,PRCNCT,S,S_SV,"2021-01-21 12:30:02",965,953,12,0,287,275,12,0,1000,713,285,2,0,19,51,68,28,1,71,8,5,5,28,1
4,BACĂU,"ŞCOALA GIMNAZIALĂ ”ION LUCA”",94,"MUNICIPIUL BACĂU",20297,1,PROV,PRCNCT,S,S_SV,"2021-01-21 12:30:02",1382,1364,18,0,405,387,18,0,1500,1095,392,11,2,22,90,68,29,1,106,19,7,2,41,7
4,BACĂU,"ŞCOALA GIMNAZIALĂ ”ION LUCA”",95,"MUNICIPIUL BACĂU",20297,1,PROV,PRCNCT,S,S_SV,"2021-01-21 12:30:02",1281,1273,8,0,311,303,8,0,1400,1089,305,6,0,13,73,47,10,2,83,14,4,1,53,5
4,BACĂU,"ŞCOALA GIMNAZIALĂ ”ION LUCA”",96,"MUNICIPIUL BACĂU",20297,2,PART,PRCNCT,S,S_SV,"2021-01-21 12:30:02",1121,1108,13,0,258,245,13,0,1200,942,251,6,1,15,44,43,19,3,82,5,5,2,29,4
4,BACĂU,"GRĂDINIŢA CU PROGRAM PRELUNGIT NR.27",97,"MUNICIPIUL BACĂU",20297,1,PROV,PRCNCT,S,S_SV,"2021-01-21 12:30:02",1261,1245,16,0,309,293,16,0,1400,1091,302,7,0,13,66,54,23,1,75,16,3,2,47,2
4,BACĂU,"GRĂDINIŢA CU PROGRAM PRELUNGIT NR.27",98,"MUNICIPIUL BACĂU",20297,1,PROV,PRCNCT,S,S_SV,"2021-01-21 12:30:02",1357,1336,21,0,351,330,21,0,1504,1153,343,8,0,14,69,75,19,1,81,19,10,3,49,3
4,BACĂU,"ŞCOALA GIMNAZIALĂ ”ALECU RUSSO”",99,"MUNICIPIUL BACĂU",20297,1,PROV,PRCNCT,S,S_SV,"2021-01-21 12:30:02",1723,1702,21,0,348,327,21,0,1900,1552,336,11,1,15,58,62,26,2,104,8,13,2,39,7
4,BACĂU,"ȘCOALA GIMNAZIALĂ ”ALECU RUSSO”",100,"MUNICIPIUL BACĂU",20297,1,PROV,PRCNCT,S,S_SV,"2021-01-21 12:30:02",1668,1654,14,0,330,316,14,0,1804,1474,324,6,0,11,70,59,14,1,91,23,7,4,36,8
4,BACĂU,"ŞCOALA GIMNAZIALĂ ”ALECU RUSSO”",101,"MUNICIPIUL BACĂU",20297,1,PROV,PRCNCT,S,S_SV,"2021-01-21 12:30:02",1312,1303,9,0,310,301,9,0,1400,1090,304,6,0,18,84,52,20,2,62,17,6,2,39,2
4,BACĂU,"BAZINUL OLIMPIC BACĂU",102,"MUNICIPIUL BACĂU",20297,1,PROV,PRCNCT,S,S_SV,"2021-01-21 12:30:02",1795,1781,14,0,416,402,14,0,1900,1484,403,8,5,18,81,71,17,1,114,15,3,8,70,5
4,BACĂU,"BAZINUL OLIMPIC BACĂU",103,"MUNICIPIUL BACĂU",20297,1,PROV,PRCNCT,S,S_SV,"2021-01-21 12:30:02",1767,1754,13,0,116,103,13,0,1900,1784,114,2,0,4,19,36,5,2,28,3,2,2,13,0
4,BACĂU,"UNIVERSITATEA ”GEORGE BACOVIA”",104,"MUNICIPIUL BACĂU",20297,1,PROV,PRCNCT,S,S_SV,"2021-01-21 12:30:02",885,875,10,0,255,245,10,0,1000,745,254,1,0,19,52,47,21,0,78,5,7,2,18,5
4,BACĂU,"UNIVERSITATEA ”GEORGE BACOVIA”",105,"MUNICIPIUL BACĂU",20297,1,PROV,PRCNCT,S,S_SV,"2021-01-21 12:30:02",1436,1421,15,0,216,201,15,0,1596,1380,211,4,1,17,48,41,6,1,59,5,6,1,24,3
4,BACĂU,"CENTRUL DE ZI ”CLUBUL PENSIONARILOR” BACĂU",106,"MUNICIPIUL BACĂU",20297,1,PROV,PRCNCT,S,S_SV,"2021-01-21 12:30:02",1415,1333,16,66,481,399,16,66,1500,1019,474,6,1,19,73,108,41,1,151,22,12,4,37,6
4,BACĂU,"ŞCOALA GIMNAZIALĂ ”MIRON COSTIN”",107,"MUNICIPIUL BACĂU",20297,1,PROV,PRCNCT,S,S_SV,"2021-01-21 12:30:02",1252,1230,22,0,279,257,22,0,1400,1121,272,5,2,19,46,42,21,1,94,7,4,4,31,3
4,BACĂU,"ŞCOALA GIMNAZIALĂ ”MIRON COSTIN”",108,"MUNICIPIUL BACĂU",20297,1,PROV,PRCNCT,S,S_SV,"2021-01-21 12:30:02",1372,1359,13,0,393,380,13,0,1500,1107,385,7,1,20,96,92,19,0,99,7,6,3,41,2
4,BACĂU,"ŞCOALA GIMNAZIALĂ ”MIRON COSTIN”",109,"MUNICIPIUL BACĂU",20297,1,PROV,PRCNCT,S,S_SV,"2021-01-21 12:30:02",1345,1333,12,0,408,396,12,0,1501,1093,406,2,0,18,70,112,22,1,121,16,9,3,33,1
4,BACĂU,"GRĂDINIŢA CU PROGRAM PRELUNGIT NR.23",110,"MUNICIPIUL BACĂU",20297,1,PROV,PRCNCT,S,S_SV,"2021-01-21 12:30:02",1091,1073,18,0,289,271,18,0,1200,911,280,8,1,10,64,60,17,0,80,14,6,3,22,4
4,BACĂU,"GRĂDINIŢA CU PROGRAM PRELUNGIT NR.23",111,"MUNICIPIUL BACĂU",20297,1,PROV,PRCNCT,S,S_SV,"2021-01-21 12:30:02",1242,1230,11,1,322,310,11,1,1400,1078,314,8,0,11,69,63,12,1,98,13,7,1,34,5
4,BACĂU,"GRĂDINIŢA CU PROGRAM PRELUNGIT NR.33",112,"MUNICIPIUL BACĂU",20297,1,PROV,PRCNCT,S,S_SV,"2021-01-21 12:30:02",1332,1311,21,0,418,397,21,0,1400,982,411,6,1,22,91,100,30,1,116,12,6,5,25,3
4,BACĂU,"LICEUL CU PROGRAM SPORTIV",113,"MUNICIPIUL BACĂU",20297,1,PROV,PRCNCT,S,S_SV,"2021-01-21 12:30:02",1093,1067,26,0,355,329,26,0,1200,845,351,2,2,24,78,85,16,1,106,5,5,3,28,0
4,BACĂU,"LICEUL CU PROGRAM SPORTIV",114,"MUNICIPIUL BACĂU",20297,1,PROV,PRCNCT,S,S_SV,"2021-01-21 12:30:02",1262,1240,22,0,410,388,22,0,1400,990,404,6,0,26,111,97,22,1,98,4,13,2,27,3
4,BACĂU,"LICEUL CU PROGRAM SPORTIV",115,"MUNICIPIUL BACĂU",20297,2,PART,PRCNCT,S,S_SV,"2021-01-21 12:30:02",1160,1134,26,0,412,386,26,0,1200,788,404,8,0,16,107,117,19,3,93,17,6,3,22,1
4,BACĂU,"ŞCOALA GIMNAZIALĂ ”COSTANTIN PLATON”",116,"MUNICIPIUL BACĂU",20297,1,PROV,PRCNCT,S,S_SV,"2021-01-21 12:30:02",1436,1404,32,0,489,457,32,0,1497,1008,482,6,1,23,136,144,27,1,97,13,3,2,35,1
4,BACĂU,"ŞCOALA GIMNAZIALĂ ”COSTANTIN PLATON”",117,"MUNICIPIUL BACĂU",20297,1,PROV,PRCNCT,S,S_SV,"2021-01-21 12:30:02",1356,1337,19,0,455,436,19,0,1500,1045,454,1,0,31,83,132,15,3,137,13,7,0,30,3
4,BACĂU,"ŞCOALA GIMNAZIALĂ ”COSTANTIN PLATON”",118,"MUNICIPIUL BACĂU",20297,1,PROV,PRCNCT,S,S_SV,"2021-01-21 12:30:02",1549,1533,16,0,526,510,16,0,1700,1174,518,8,0,32,150,141,21,2,112,11,15,1,32,1
4,BACĂU,"COLEGIUL ECONOMIC ”ION GHICA”",119,"MUNICIPIUL BACĂU",20297,1,PROV,PRCNCT,S,S_SV,"2021-01-21 12:30:02",1190,1144,45,1,454,408,45,1,1300,846,450,2,2,38,127,98,25,3,100,17,12,5,23,2
4,BACĂU,"COLEGIUL ECONOMIC ”ION GHICA”",120,"MUNICIPIUL BACĂU",20297,1,PROV,PRCNCT,S,S_SV,"2021-01-21 12:30:02",1107,1084,23,0,253,230,23,0,1200,947,247,6,0,11,47,37,18,3,68,13,6,2,40,2
4,BACĂU,"LICEUL TEHNOLOGIC ”PETRU RAREȘ”",121,"MUNICIPIUL BACĂU",20297,1,PROV,PRCNCT,S,S_SV,"2021-01-21 12:30:02",1577,1553,24,0,427,403,24,0,1700,1273,419,4,4,29,92,88,25,2,110,11,13,5,40,4
4,BACĂU,"LICEUL TEHNOLOGIC ”PETRU RAREȘ”",122,"MUNICIPIUL BACĂU",20297,2,PART,PRCNCT,S,S_SV,"2021-01-21 12:30:02",1315,1298,17,0,356,339,17,0,1400,1044,343,9,4,31,72,80,17,1,73,18,9,4,34,4
4,BACĂU,"ŞCOALA GIMNAZIALĂ ”NICU ENEA”",123,"MUNICIPIUL BACĂU",20297,1,PROV,PRCNCT,S,S_SV,"2021-01-21 12:30:02",1329,1313,16,0,342,326,16,0,1400,1058,331,4,7,24,73,114,14,0,63,8,7,2,25,1
4,BACĂU,"ȘCOALA GIMNAZIALĂ ”NICU ENEA”",124,"MUNICIPIUL BACĂU",20297,1,PROV,PRCNCT,S,S_SV,"2021-01-21 12:30:02",1305,1294,11,0,370,359,11,0,1400,1030,356,13,1,23,77,87,21,1,95,10,8,3,27,4
4,BACĂU,"ȘCOALA GIMNAZIALĂ ”NICU ENEA”",125,"MUNICIPIUL BACĂU",20297,2,PART,PRCNCT,S,S_SV,"2021-01-21 12:30:02",1455,1423,32,0,448,416,32,0,1600,1152,431,13,4,20,101,106,10,1,93,16,12,4,60,8
4,BACĂU,"LICEUL SPIRU HARET",126,"MUNICIPIUL MOINEŞTI",20876,1,PROV,PRCNCT,S,S_SV,"2021-01-21 12:30:02",924,909,15,0,272,257,15,0,1000,728,260,8,4,14,31,48,10,0,107,8,5,3,30,4
4,BACĂU,"LICEUL SPIRU HARET",127,"MUNICIPIUL MOINEŞTI",20876,1,PROV,PRCNCT,S,S_SV,"2021-01-21 12:30:02",1096,1022,18,56,335,261,18,56,1100,765,324,7,4,16,34,91,21,0,91,10,9,10,37,5
4,BACĂU,"SALA DE SPORT A LICEULUI SPIRU HARET",128,"MUNICIPIUL MOINEŞTI",20876,1,PROV,PRCNCT,S,S_SV,"2021-01-21 12:30:02",1250,1229,21,0,460,439,21,0,1400,940,454,4,2,24,85,107,12,1,137,17,7,6,52,6
4,BACĂU,"ŞCOALA ŞTEFAN LUCHIAN",129,"MUNICIPIUL MOINEŞTI",20876,1,PROV,PRCNCT,S,S_SV,"2021-01-21 12:30:02",1195,1184,11,0,349,338,11,0,1300,951,339,8,2,24,40,69,33,1,105,10,6,3,45,3
4,BACĂU,"ŞCOALA ŞTEFAN LUCHIAN",130,"MUNICIPIUL MOINEŞTI",20876,1,PROV,PRCNCT,S,S_SV,"2021-01-21 12:30:02",1128,1110,18,0,333,315,18,0,1200,867,328,3,2,22,51,76,16,0,100,6,7,5,40,5
4,BACĂU,"BIBLIOTECA MUNICIPALA",131,"MUNICIPIUL MOINEŞTI",20876,1,PROV,PRCNCT,S,S_SV,"2021-01-21 12:30:02",1257,1243,14,0,387,373,14,0,1400,1013,376,11,0,25,64,108,22,0,96,13,7,2,34,5
4,BACĂU,"ŞCOALA GEORGE ENESCU",132,"MUNICIPIUL MOINEŞTI",20876,1,PROV,PRCNCT,S,S_SV,"2021-01-21 12:30:02",1601,1586,15,0,350,335,15,0,1700,1350,328,19,3,14,42,76,19,1,110,6,13,1,43,3
4,BACĂU,"ŞCOALA GEORGE ENESCU",133,"MUNICIPIUL MOINEŞTI",20876,1,PROV,PRCNCT,S,S_SV,"2021-01-21 12:30:02",1312,1297,15,0,308,293,15,0,1400,1092,286,12,10,13,26,53,10,2,112,6,7,5,51,1
4,BACĂU,"ŞCOALA GEORGE ENESCU",134,"MUNICIPIUL MOINEŞTI",20876,1,PROV,PRCNCT,S,S_SV,"2021-01-21 12:30:02",1204,1197,7,0,313,306,7,0,1300,987,303,7,3,15,38,94,14,3,98,5,6,1,27,2
4,BACĂU,"CLUBUL ELEVILOR",135,"MUNICIPIUL MOINEŞTI",20876,1,PROV,PRCNCT,S,S_SV,"2021-01-21 12:30:02",1336,1322,14,0,308,294,14,0,1500,1192,300,3,5,10,20,63,11,0,119,5,4,2,65,1
4,BACĂU,"ŞCOALA TRISTAN TZARA",136,"MUNICIPIUL MOINEŞTI",20876,1,PROV,PRCNCT,S,S_SV,"2021-01-21 12:30:02",1259,1247,12,0,351,339,12,0,1400,1049,335,14,2,10,33,62,13,3,135,7,3,6,54,9
4,BACĂU,"ŞCOALA TRISTAN TZARA",137,"MUNICIPIUL MOINEŞTI",20876,1,PROV,PRCNCT,S,S_SV,"2021-01-21 12:30:02",1329,1317,12,0,357,345,12,0,1500,1143,340,15,2,13,52,72,18,1,109,7,9,5,50,4
4,BACĂU,"CLĂDIRE ŞCOALA LUNCA",138,"MUNICIPIUL MOINEŞTI",20876,1,PROV,PRCNCT,S,S_SV,"2021-01-21 12:30:02",1154,1145,9,0,303,294,9,0,1300,997,293,6,4,13,29,78,7,2,81,6,10,6,55,6
4,BACĂU,"ŞCOALA ALEXANDRU SEVER",139,"MUNICIPIUL MOINEŞTI",20876,1,PROV,PRCNCT,S,S_SV,"2021-01-21 12:30:02",636,622,14,0,222,208,14,0,700,478,208,10,4,14,9,60,7,0,65,0,3,8,37,5
4,BACĂU,"ŞCOALA ALEXANDRU SEVER",140,"MUNICIPIUL MOINEŞTI",20876,1,PROV,PRCNCT,S,S_SV,"2021-01-21 12:30:02",1094,1084,10,0,336,326,10,0,1200,864,305,21,10,9,20,62,11,0,114,3,12,4,61,9
4,BACĂU,"ŞCOALA ALEXANDRU SEVER HANGANI",141,"MUNICIPIUL MOINEŞTI",20876,1,PROV,PRCNCT,S,S_SV,"2021-01-21 12:30:02",1154,1138,16,0,287,271,16,0,1300,1013,275,8,4,5,14,57,23,5,95,4,5,8,46,13
4,BACĂU,"CLĂDIRE ŞCOALA GĂZĂRIE",142,"MUNICIPIUL MOINEŞTI",20876,3,PART,PRCNCT,S,S_SV,"2021-01-21 12:30:02",1049,1026,23,0,261,238,23,0,1100,839,251,6,4,15,16,50,22,2,81,9,4,2,47,3
4,BACĂU,"COLEGIUL NAŢIONAL ”GRIGORE C.MOISIL”",143,"MUNICIPIUL ONEŞTI",20563,1,PROV,PRCNCT,S,S_SV,"2021-01-21 12:30:02",1370,1351,19,0,378,359,19,0,1500,1122,373,3,2,51,65,63,13,0,123,10,10,1,35,2
4,BACĂU,"COLEGIUL NAŢIONAL ”GRIGORE C.MOISIL”",144,"MUNICIPIUL ONEŞTI",20563,1,PROV,PRCNCT,S,S_SV,"2021-01-21 12:30:02",1109,1084,25,0,294,269,25,0,1200,906,285,9,0,27,44,71,10,1,93,4,6,4,24,1
4,BACĂU,"COLEGIUL NAŢIONAL ”GRIGORE C.MOISIL”",145,"MUNICIPIUL ONEŞTI",20563,1,PROV,PRCNCT,S,S_SV,"2021-01-21 12:30:02",942,933,9,0,254,245,9,0,1000,746,250,4,0,23,34,37,10,0,106,5,2,5,27,1
4,BACĂU,"ȘCOALA GIMNAZIALĂ ”SFÂNTUL VOIEVOD ȘTEFAN CEL MARE” (FOSTA NR.9)",146,"MUNICIPIUL ONEŞTI",20563,2,PART,PRCNCT,S,S_SV,"2021-01-21 12:30:02",1275,1252,21,2,318,295,21,2,1400,1082,312,5,1,30,50,58,13,4,128,6,4,1,15,3
4,BACĂU,"ȘCOALA GIMNAZIALĂ ”SFÂNTUL VOIEVOD ȘTEFAN CEL MARE”(FOSTA NR.9)",147,"MUNICIPIUL ONEŞTI",20563,1,PROV,PRCNCT,S,S_SV,"2021-01-21 12:30:02",1345,1327,16,2,350,332,16,2,1500,1150,341,7,2,44,44,89,13,1,108,7,4,3,23,5
4,BACĂU,"ȘCOALA GIMNAZIALĂ ”EMIL RACOVIȚĂ” (FOSTA NR.10)",148,"MUNICIPIUL ONEŞTI",20563,1,PROV,PRCNCT,S,S_SV,"2021-01-21 12:30:02",1133,1117,16,0,274,258,16,0,1200,926,269,5,0,48,32,48,12,0,85,7,7,4,23,3
4,BACĂU,"ȘCOALA GIMNAZIALĂ ”EMIL RACOVIȚĂ” (FOSTA NR.10)",149,"MUNICIPIUL ONEŞTI",20563,1,PROV,PRCNCT,S,S_SV,"2021-01-21 12:30:02",1293,1279,14,0,325,311,14,0,1400,1075,321,4,0,57,46,49,11,0,96,13,6,1,41,1
4,BACĂU,"ȘCOALA GIMNAZIALĂ ”EMIL RACOVIȚĂ” (FOSTA NR.10)",150,"MUNICIPIUL ONEŞTI",20563,1,PROV,PRCNCT,S,S_SV,"2021-01-21 12:30:02",1012,1002,10,0,229,219,10,0,1100,871,223,6,0,18,30,46,8,1,86,5,4,3,19,3
4,BACĂU,"LICEUL TEHNOLOGIC (FOSTA NR.7)",151,"MUNICIPIUL ONEŞTI",20563,1,PROV,PRCNCT,S,S_SV,"2021-01-21 12:30:02",1217,1194,23,0,259,236,23,0,1300,1041,250,7,2,40,38,50,5,0,70,9,2,8,25,3
4,BACĂU,"LICEUL TEHNOLOGIC (FOSTA NR.7)",152,"MUNICIPIUL ONEŞTI",20563,2,PART,PRCNCT,S,S_SV,"2021-01-21 12:30:02",1153,1134,19,0,317,298,19,0,1300,983,314,3,0,42,36,61,13,0,99,10,5,1,46,1
4,BACĂU,"LICEUL TEHNOLOGIC (FOSTA NR.7)",153,"MUNICIPIUL ONEŞTI",20563,1,PROV,PRCNCT,S,S_SV,"2021-01-21 12:30:02",1192,1181,11,0,278,267,11,0,1300,1022,273,3,2,37,48,45,18,0,85,9,7,2,21,1
4,BACĂU,"LICEUL TEHNOLOGIC (FOSTA NR.7)",154,"MUNICIPIUL ONEŞTI",20563,2,PART,PRCNCT,S,S_SV,"2021-01-21 12:30:02",1157,1141,14,2,309,293,14,2,1300,991,303,6,0,28,57,50,15,2,113,7,4,1,24,2
4,BACĂU,"ŞCOALA GIMNAZIALĂ ”GHIŢĂ MOCANU” (FOSTĂ NR.5)",155,"MUNICIPIUL ONEŞTI",20563,1,PROV,PRCNCT,S,S_SV,"2021-01-21 12:30:02",1180,1171,9,0,320,311,9,0,1300,980,318,2,0,34,46,62,13,5,118,8,8,2,19,3
4,BACĂU,"ŞCOALA GIMNAZIALĂ ”GHIŢĂ MOCANU” (FOSTĂ NR.5)",156,"MUNICIPIUL ONEŞTI",20563,1,PROV,PRCNCT,S,S_SV,"2021-01-21 12:30:02",833,813,20,0,259,239,20,0,900,641,252,7,0,41,53,43,5,1,70,9,8,3,19,0
4,BACĂU,"ȘCOALA GIMNAZIALĂ ”GHIȚĂ MOCANU” (FOSTĂ NR.5)",157,"MUNICIPIUL ONEŞTI",20563,1,PROV,PRCNCT,S,S_SV,"2021-01-21 12:30:02",1443,1430,11,2,395,382,11,2,1600,1205,383,11,1,39,46,71,17,1,143,11,6,5,40,4
4,BACĂU,"ȘCOALA GIMNAZIALĂ ”GHIȚĂ MOCANU” (FOSTĂ NR.5)",158,"MUNICIPIUL ONEŞTI",20563,1,PROV,PRCNCT,S,S_SV,"2021-01-21 12:30:02",1549,1529,20,0,391,371,20,0,1700,1309,383,6,2,32,59,71,24,1,145,7,4,3,34,3
4,BACĂU,"ȘCOALA GIMNAZIALĂ NR.1",159,"MUNICIPIUL ONEŞTI",20563,1,PROV,PRCNCT,S,S_SV,"2021-01-21 12:30:02",985,980,5,0,274,269,5,0,1100,826,267,3,4,46,35,55,13,2,81,8,5,1,18,3
4,BACĂU,"ȘCOALA GIMNAZIALĂ NR.1",160,"MUNICIPIUL ONEŞTI",20563,1,PROV,PRCNCT,S,S_SV,"2021-01-21 12:30:02",1316,1305,11,0,408,397,11,0,1400,992,406,2,0,42,80,93,14,0,114,14,7,3,37,2
4,BACĂU,"ȘCOALA GIMNAZIALĂ NR.1",161,"MUNICIPIUL ONEŞTI",20563,1,PROV,PRCNCT,S,S_SV,"2021-01-21 12:30:02",1318,1294,24,0,391,367,24,0,1400,1009,386,4,1,35,72,93,12,1,120,9,10,6,27,1
4,BACĂU,"LICEUL CU PROGRAM SPORTIV ”NADIA COMĂNECI”",162,"MUNICIPIUL ONEŞTI",20563,1,PROV,PRCNCT,S,S_SV,"2021-01-21 12:30:02",1107,1055,9,43,337,285,9,43,1200,863,328,5,4,41,35,88,14,1,111,7,5,2,18,6
4,BACĂU,"LICEUL CU PROGRAM SPORTIV ”NADIA COMĂNECI”",163,"MUNICIPIUL ONEŞTI",20563,2,PART,PRCNCT,S,S_SV,"2021-01-21 12:30:02",1132,1126,6,0,315,309,6,0,1200,885,311,4,0,36,51,62,18,0,103,8,4,5,22,2
4,BACĂU,"LICEUL CU PROGRAM SPORTIV ”NADIA COMĂNECI”",164,"MUNICIPIUL ONEŞTI",20563,1,PROV,PRCNCT,S,S_SV,"2021-01-21 12:30:02",1432,1421,10,1,333,322,10,1,1600,1267,328,4,1,35,38,59,15,3,114,8,4,4,44,4
4,BACĂU,"COLEGIU NAŢIONAL ”DIMITRIE CANTEMIR”",165,"MUNICIPIUL ONEŞTI",20563,1,PROV,PRCNCT,S,S_SV,"2021-01-21 12:30:02",1209,1192,17,0,353,336,17,0,1300,947,351,2,0,45,80,66,14,0,117,7,1,1,17,3
4,BACĂU,"COLEGIU NAŢIONAL ”DIMITRIE CANTEMIR”",166,"MUNICIPIUL ONEŞTI",20563,1,PROV,PRCNCT,S,S_SV,"2021-01-21 12:30:02",1400,1387,13,0,383,370,13,0,1500,1117,377,6,0,43,85,73,19,3,103,8,5,2,32,4
4,BACĂU,"COLEGIU NAŢIONAL ”DIMITRIE CANTEMIR”",167,"MUNICIPIUL ONEŞTI",20563,1,PROV,PRCNCT,S,S_SV,"2021-01-21 12:30:02",1219,1209,10,0,334,324,10,0,1300,966,326,5,3,40,65,60,19,0,79,16,7,0,37,3
4,BACĂU,"LICEUL TEHNOLOGIC ”PETRU PONI”",168,"MUNICIPIUL ONEŞTI",20563,1,PROV,PRCNCT,S,S_SV,"2021-01-21 12:30:02",927,921,6,0,237,231,6,0,1004,767,230,7,0,32,33,51,15,0,81,1,5,1,11,0
4,BACĂU,"LICEUL TEHNOLOGIC ”PETRU PONI”",169,"MUNICIPIUL ONEŞTI",20563,1,PROV,PRCNCT,S,S_SV,"2021-01-21 12:30:02",928,917,11,0,246,235,11,0,1000,754,243,3,0,24,41,42,7,2,93,5,3,0,25,1
4,BACĂU,"ȘCOALA GIMNAZIALĂ ”GEORGE CĂLINESCU” (FOSTĂ NR.8)",170,"MUNICIPIUL ONEŞTI",20563,1,PROV,PRCNCT,S,S_SV,"2021-01-21 12:30:02",1489,1474,15,0,383,368,15,0,1600,1217,381,2,0,48,61,80,21,2,120,12,9,1,26,1
4,BACĂU,"ȘCOALA GIMNAZIALĂ ”GEORGE CĂLINESCU” (FOSTĂ NR.8)",171,"MUNICIPIUL ONEŞTI",20563,1,PROV,PRCNCT,S,S_SV,"2021-01-21 12:30:02",1333,1320,13,0,340,327,13,0,1500,1160,337,3,0,59,45,65,17,1,98,9,10,1,30,2
4,BACĂU,"COLEGIUL TEHNIC ”GHEORGHE ASACHI”",172,"MUNICIPIUL ONEŞTI",20563,1,PROV,PRCNCT,S,S_SV,"2021-01-21 12:30:02",1362,1346,16,0,344,328,16,0,1500,1156,336,7,1,36,48,74,18,0,93,7,7,2,48,3
4,BACĂU,"COLEGIUL TEHNIC ”GHEORGHE ASACHI”",173,"MUNICIPIUL ONEŞTI",20563,1,PROV,PRCNCT,S,S_SV,"2021-01-21 12:30:02",1226,1212,14,0,309,295,14,0,1300,991,307,2,0,29,72,56,14,0,88,6,5,3,30,4
4,BACĂU,"LICEUL TEHNOLOGIC (TCR)",174,"MUNICIPIUL ONEŞTI",20563,1,PROV,PRCNCT,S,S_SV,"2021-01-21 12:30:02",948,934,10,4,272,258,10,4,1000,728,264,7,1,29,34,64,14,1,61,9,6,3,43,0
4,BACĂU,"SERA BORZEŞTI",175,"MUNICIPIUL ONEŞTI",20563,1,PROV,PRCNCT,S,S_SV,"2021-01-21 12:30:02",800,785,11,4,175,160,11,4,900,725,172,2,1,18,22,35,8,1,49,6,2,3,28,0
4,BACĂU,"CENTRUL SOCIAL SLOBOZIA",176,"MUNICIPIUL ONEŞTI",20563,1,PROV,PRCNCT,S,S_SV,"2021-01-21 12:30:02",1055,1049,6,0,306,300,6,0,1200,894,294,7,5,82,27,31,9,1,104,3,6,5,21,5
4,BACĂU,"GRĂDINIŢA ”SFÂNTUL PAUL”",177,"MUNICIPIUL ONEŞTI",20563,1,PROV,PRCNCT,S,S_SV,"2021-01-21 12:30:02",1360,1345,6,9,363,348,6,9,1500,1137,354,8,1,42,41,109,9,1,105,11,5,2,26,3
4,BACĂU,"GRĂDINIŢA ”SFÂNTUL PAUL”",178,"MUNICIPIUL ONEŞTI",20563,1,PROV,PRCNCT,S,S_SV,"2021-01-21 12:30:02",1360,1344,14,2,339,323,14,2,1500,1161,326,9,4,55,48,52,26,3,81,10,5,2,39,5
4,BACĂU,"PRIMĂRIA ORAŞ BUHUŞI",179,"ORAŞ BUHUŞI",20778,1,PROV,PRCNCT,S,S_SV,"2021-01-21 12:30:02",1755,1734,21,0,339,318,21,0,1900,1561,330,7,2,17,23,59,16,2,161,11,6,5,28,2
4,BACĂU,"LICEUL TEORETIC ”ION BORCEA”",180,"ORAŞ BUHUŞI",20778,1,PROV,PRCNCT,S,S_SV,"2021-01-21 12:30:02",1464,1451,13,0,274,261,13,0,1600,1326,265,9,0,7,22,48,14,1,100,6,5,2,57,3
4,BACĂU,"LICEUL TEORETIC ”ION BORCEA”",181,"ORAŞ BUHUŞI",20778,1,PROV,PRCNCT,S,S_SV,"2021-01-21 12:30:02",1313,1293,12,8,234,214,12,8,1400,1166,223,6,5,10,20,43,12,1,75,10,8,3,35,6
4,BACĂU,"CASA DE CULTURĂ ”ELISABETA BOSTAN”",182,"ORAŞ BUHUŞI",20778,1,PROV,PRCNCT,S,S_SV,"2021-01-21 12:30:02",1589,1566,23,0,401,378,23,0,1700,1299,390,10,1,13,20,81,19,0,123,12,6,5,110,1
4,BACĂU,"ŞCOALA GIMNAZIALĂ ”MIHAI EMINESCU”",183,"ORAŞ BUHUŞI",20778,1,PROV,PRCNCT,S,S_SV,"2021-01-21 12:30:02",1558,1547,11,0,323,312,11,0,1700,1377,308,14,1,19,41,39,18,0,121,9,15,2,41,3
4,BACĂU,"BIBLIOTECA ORĂŞENEASCĂ ”GEORGE BACOVIA”",184,"ORAŞ BUHUŞI",20778,1,PROV,PRCNCT,S,S_SV,"2021-01-21 12:30:02",1418,1393,12,13,386,361,12,13,1500,1114,374,9,3,15,49,65,18,1,158,13,8,4,41,2
4,BACĂU,"ŞCOALA GIMNAZIALĂ NR. 2 BUHUȘI",185,"ORAŞ BUHUŞI",20778,1,PROV,PRCNCT,S,S_SV,"2021-01-21 12:30:02",1627,1616,11,0,278,267,11,0,1800,1522,276,1,1,16,33,49,10,1,123,7,4,2,29,2
4,BACĂU,"COMPLEXUL DE SERVICII COMUNITARE ȘI CENTRUL DE CONSILIERE, INFORMARE ȘI SPRIJIN",186,"ORAŞ BUHUŞI",20778,1,PROV,PRCNCT,S,S_SV,"2021-01-21 12:30:02",1737,1726,11,0,271,260,11,0,1900,1629,263,8,0,12,26,35,14,1,116,4,7,5,39,4
4,BACĂU,"ŞCOALA GIMNAZIALĂ ŞTEFAN CEL MARE",187,"ORAŞ BUHUŞI",20778,1,PROV,PRCNCT,S,S_SV,"2021-01-21 12:30:02",2030,2018,12,0,238,226,12,0,2020,1782,226,8,4,11,23,42,24,2,85,2,4,4,27,2
4,BACĂU,"LICEUL TEORETIC ”ION BORCEA” BUHUȘI CORP B",188,"ORAŞ BUHUŞI",20778,1,PROV,PRCNCT,S,S_SV,"2021-01-21 12:30:02",1692,1673,19,0,265,246,19,0,1800,1535,251,10,4,8,25,36,16,1,106,12,5,4,33,5
4,BACĂU,"SALA SPORT POLIVALENTĂ",189,"ORAŞ BUHUŞI",20778,1,PROV,PRCNCT,S,S_SV,"2021-01-21 12:30:02",1777,1767,10,0,316,306,10,0,1900,1584,311,4,1,11,24,68,18,0,102,14,3,2,64,5
4,BACĂU,"ŞCOALA GIMNAZIALĂ BUHUȘI",190,"ORAŞ BUHUŞI",20778,1,PROV,PRCNCT,S,S_SV,"2021-01-21 12:30:02",1341,1330,11,0,201,190,11,0,1500,1299,190,7,4,6,9,23,10,4,106,3,2,1,24,2
4,BACĂU,"CENTRUL 5",191,"ORAŞ COMĂNEŞTI",20821,1,PROV,PRCNCT,S,S_SV,"2021-01-21 12:30:02",1122,1098,24,0,396,372,24,0,1200,804,387,6,3,17,38,116,8,1,145,5,7,3,36,11
4,BACĂU,"ŞCOALA CIPRIAN PORUMBESCU",192,"ORAŞ COMĂNEŞTI",20821,1,PROV,PRCNCT,S,S_SV,"2021-01-21 12:30:02",1272,1260,8,4,370,358,8,4,1400,1030,361,7,2,1,44,100,12,2,142,6,4,7,39,4
4,BACĂU,"ȘCOALA CIPRIAN PORUMBESCU",193,"ORAŞ COMĂNEŞTI",20821,1,PROV,PRCNCT,S,S_SV,"2021-01-21 12:30:02",1274,1202,9,63,428,356,9,63,1400,972,418,8,2,9,29,145,14,0,143,3,7,5,57,6
4,BACĂU,"SCOALA CIPRIAN PORUMBESCU",194,"ORAŞ COMĂNEŞTI",20821,1,PROV,PRCNCT,S,S_SV,"2021-01-21 12:30:02",529,504,25,0,178,153,25,0,600,422,171,3,4,4,9,68,1,1,33,3,2,3,41,6
4,BACĂU,"BIBLIOTECA ORAŞULUI COMĂNEȘTI",195,"ORAŞ COMĂNEŞTI",20821,1,PROV,PRCNCT,S,S_SV,"2021-01-21 12:30:02",1465,1433,32,0,463,431,32,0,1600,1137,451,10,2,8,33,157,20,0,139,12,3,6,63,10
4,BACĂU,"SCOALA LIVIU REBREANU",196,"ORAŞ COMĂNEŞTI",20821,1,PROV,PRCNCT,S,S_SV,"2021-01-21 12:30:02",1598,1587,11,0,494,483,11,0,1700,1206,485,7,2,15,44,156,18,0,168,9,8,4,63,0
4,BACĂU,"ŞCOALA LIVIU REBREANU",197,"ORAŞ COMĂNEŞTI",20821,1,PROV,PRCNCT,S,S_SV,"2021-01-21 12:30:02",1025,1014,11,0,291,280,11,0,1100,809,284,7,0,8,41,104,5,2,79,7,4,0,31,3
4,BACĂU,"ŞCOALA LIVIU REBREANU",198,"ORAŞ COMĂNEŞTI",20821,1,PROV,PRCNCT,S,S_SV,"2021-01-21 12:30:02",651,624,27,0,190,163,27,0,701,511,187,3,0,2,34,46,6,1,63,5,2,2,23,3
4,BACĂU,"PRIMĂRIA ORAȘULUI COMĂNEȘTI",199,"ORAŞ COMĂNEŞTI",20821,1,PROV,PRCNCT,S,S_SV,"2021-01-21 12:30:02",1454,1395,59,0,474,415,59,0,1500,1026,460,13,1,8,53,153,6,2,129,12,7,4,79,7
4,BACĂU,"ŞCOALA ŞUPAN",200,"ORAŞ COMĂNEŞTI",20821,1,PROV,PRCNCT,S,S_SV,"2021-01-21 12:30:02",1470,1454,15,1,446,430,15,1,1600,1154,423,14,9,9,18,130,7,1,152,1,7,11,85,2
4,BACĂU,"ŞCOALA LĂLOAIA",201,"ORAŞ COMĂNEŞTI",20821,1,PROV,PRCNCT,S,S_SV,"2021-01-21 12:30:02",1210,1192,18,0,418,400,18,0,1300,882,408,4,6,9,20,102,7,0,186,5,2,5,61,11
4,BACĂU,"ŞCOALA NR.5 BIS SUBLĂLOAIA",202,"ORAŞ COMĂNEŞTI",20821,1,PROV,PRCNCT,S,S_SV,"2021-01-21 12:30:02",1500,1476,24,0,504,480,24,0,1600,1096,489,11,4,7,30,138,6,1,183,4,9,5,96,10
4,BACĂU,"ŞCOALA COSTACHI S.CIOCAN LĂLOAIA",203,"ORAŞ COMĂNEŞTI",20821,2,PART,PRCNCT,S,S_SV,"2021-01-21 12:30:02",727,713,14,0,210,196,14,0,800,590,207,3,0,8,6,65,8,0,79,1,0,3,32,5
4,BACĂU,"ŞCOALA NR.3 LEORDA",204,"ORAŞ COMĂNEŞTI",20821,1,PROV,PRCNCT,S,S_SV,"2021-01-21 12:30:02",1309,1293,15,1,421,405,15,1,1400,979,407,7,7,2,26,118,12,3,136,5,9,4,83,9
4,BACĂU,"ŞCOALA DIMITRIE GHICA ZĂVOI",205,"ORAŞ COMĂNEŞTI",20821,1,PROV,PRCNCT,S,S_SV,"2021-01-21 12:30:02",1287,1266,19,2,396,375,19,2,1400,1004,384,7,5,7,32,105,11,2,137,11,9,4,57,9
4,BACĂU,"ŞCOALA VERMEŞTI",206,"ORAŞ COMĂNEŞTI",20821,1,PROV,PRCNCT,S,S_SV,"2021-01-21 12:30:02",1090,1078,12,0,289,277,12,0,1200,911,274,11,4,9,19,91,3,2,62,3,7,8,66,4
4,BACĂU,"CLĂDIRE ŞIPOTENI (FOSTĂ ȘCOALĂ ȘIPOTENI)",207,"ORAŞ COMĂNEŞTI",20821,1,PROV,PRCNCT,S,S_SV,"2021-01-21 12:30:02",649,633,16,0,198,182,16,0,700,502,193,4,1,2,20,62,5,4,41,4,3,1,46,5
4,BACĂU,"ŞCOALA NR.2",208,"ORAŞ DĂRMĂNEŞTI",22166,1,PROV,PRCNCT,S,S_SV,"2021-01-21 12:30:02",1333,1317,16,0,390,374,16,0,1500,1110,375,8,7,6,30,115,10,2,122,6,3,3,71,7
4,BACĂU,"ŞCOALA NR.2",209,"ORAŞ DĂRMĂNEŞTI",22166,1,PROV,PRCNCT,S,S_SV,"2021-01-21 12:30:02",976,962,14,0,250,236,14,0,1100,850,240,7,3,9,19,96,5,1,60,5,3,0,40,2
4,BACĂU,"LICEUL TEHNOLOGIC DĂRMĂNEȘTI",210,"ORAŞ DĂRMĂNEŞTI",22166,1,PROV,PRCNCT,S,S_SV,"2021-01-21 12:30:02",1538,1514,24,0,401,377,24,0,1700,1299,389,8,4,8,31,133,7,3,110,7,6,4,73,7
4,BACĂU,"CENTRUL CULTURAL NEMIRA",211,"ORAŞ DĂRMĂNEŞTI",22166,1,PROV,PRCNCT,S,S_SV,"2021-01-21 12:30:02",782,768,14,0,241,227,14,0,804,563,233,5,3,7,17,88,9,0,61,6,5,1,39,0
4,BACĂU,"ŞCOALA NR.3 DĂRMĂNEȘTI",212,"ORAŞ DĂRMĂNEŞTI",22166,1,PROV,PRCNCT,S,S_SV,"2021-01-21 12:30:02",690,677,13,0,169,156,13,0,700,531,162,6,1,3,13,51,6,1,52,1,2,1,30,2
4,BACĂU,"ŞCOALA NR.3 DĂRMĂNEȘTI",213,"ORAŞ DĂRMĂNEŞTI",22166,1,PROV,PRCNCT,S,S_SV,"2021-01-21 12:30:02",1053,1045,8,0,263,255,8,0,1200,937,217,31,15,8,4,86,3,1,64,3,4,11,30,3
4,BACĂU,"SCOALA LAPOȘ",214,"ORAŞ DĂRMĂNEŞTI",22166,1,PROV,PRCNCT,S,S_SV,"2021-01-21 12:30:02",803,794,5,4,229,220,5,4,900,671,221,4,4,3,11,82,6,1,75,0,7,3,32,1
4,BACĂU,"ŞCOALA CU CLASELE I-VIII PLOPU",215,"ORAŞ DĂRMĂNEŞTI",22166,1,PROV,PRCNCT,S,S_SV,"2021-01-21 12:30:02",1285,1256,17,12,364,335,17,12,1400,1036,338,20,6,7,10,109,8,0,107,3,3,15,70,6
4,BACĂU,"GRĂDINIŢA SĂLĂTRUC",216,"ORAŞ DĂRMĂNEŞTI",22166,1,PROV,PRCNCT,S,S_SV,"2021-01-21 12:30:02",655,641,14,0,194,180,14,0,700,506,185,8,1,1,10,72,7,0,42,2,3,5,39,4
4,BACĂU,"ŞCOALA CU CLASELE L-IV PĂGUBENI",217,"ORAŞ DĂRMĂNEŞTI",22166,1,PROV,PRCNCT,S,S_SV,"2021-01-21 12:30:02",314,303,11,0,111,100,11,0,400,289,106,5,0,2,3,43,3,0,41,1,1,1,10,1
4,BACĂU,"PRIMĂRIA DĂRMĂNEȘTI",218,"ORAŞ DĂRMĂNEŞTI",22166,1,PROV,PRCNCT,S,S_SV,"2021-01-21 12:30:02",1304,1299,5,0,368,363,5,0,1400,1032,347,20,1,5,19,104,9,1,96,1,2,3,105,2
4,BACĂU,"SCOALA CU CLASELE I-IV DĂRMĂNEASCA",219,"ORAŞ DĂRMĂNEŞTI",22166,1,PROV,PRCNCT,S,S_SV,"2021-01-21 12:30:02",720,706,14,0,211,197,14,0,800,589,197,12,2,6,19,63,4,2,42,6,7,2,45,1
4,BACĂU,"SCOALA GIMNAZIALA NR. 3",220,"ORAŞ SLĂNIC-MOLDOVA",20910,1,PROV,PRCNCT,S,S_SV,"2021-01-21 12:30:02",1136,1107,15,14,317,288,15,14,1200,883,304,8,5,11,23,119,9,1,87,6,5,1,36,6
4,BACĂU,"SCOALA NR. 1 SLĂNIC",221,"ORAŞ SLĂNIC-MOLDOVA",20910,1,PROV,PRCNCT,S,S_SV,"2021-01-21 12:30:02",1612,1548,51,13,524,460,51,13,1700,1176,510,12,2,29,38,208,11,0,150,8,12,6,42,6
4,BACĂU,"SCOALA NR. 2 CIRESOAIA",222,"ORAŞ SLĂNIC-MOLDOVA",20910,1,PROV,PRCNCT,S,S_SV,"2021-01-21 12:30:02",1525,1495,18,12,491,461,18,12,1600,1109,484,5,2,21,30,229,6,1,115,6,8,6,57,5
4,BACĂU,"SCOALA GENERALA NR. 1",223,"ORAŞ TÂRGU OCNA",20965,1,PROV,PRCNCT,S,S_SV,"2021-01-21 12:30:02",1412,1360,26,26,429,377,26,26,1496,1067,418,8,3,39,56,107,17,0,125,8,11,6,43,6
4,BACĂU,"CLUBUL ELEVILOR",224,"ORAŞ TÂRGU OCNA",20965,2,PART,PRCNCT,S,S_SV,"2021-01-21 12:30:02",1367,1349,18,0,426,408,18,0,1482,1056,413,11,2,28,80,87,18,2,122,14,6,6,45,5
4,BACĂU,"COLEGIUL NATIONAL COSTACHE NEGRI",225,"ORAŞ TÂRGU OCNA",20965,1,PROV,PRCNCT,S,S_SV,"2021-01-21 12:30:02",1459,1403,53,3,477,421,53,3,1500,1023,447,30,0,35,78,83,14,1,154,12,6,5,55,4
4,BACĂU,"SCOALA GENERALA NR. 2",226,"ORAŞ TÂRGU OCNA",20965,1,PROV,PRCNCT,S,S_SV,"2021-01-21 12:30:02",1498,1478,20,0,419,399,20,0,1600,1181,404,13,2,23,81,92,21,0,111,12,9,2,52,1
4,BACĂU,"SCOALA GENERALA NR. 3",227,"ORAŞ TÂRGU OCNA",20965,1,PROV,PRCNCT,S,S_SV,"2021-01-21 12:30:02",1062,1051,11,0,314,303,11,0,1200,886,308,5,1,14,45,65,16,1,87,17,12,1,47,3
4,BACĂU,"SCOALA GENERALA NR. 4",228,"ORAŞ TÂRGU OCNA",20965,1,PROV,PRCNCT,S,S_SV,"2021-01-21 12:30:02",1171,1161,10,0,352,342,10,0,1300,948,346,6,0,24,43,65,14,2,119,9,9,2,55,4
4,BACĂU,"SCOALA GENERALA NR. 5",229,"ORAŞ TÂRGU OCNA",20965,1,PROV,PRCNCT,S,S_SV,"2021-01-21 12:30:02",788,775,13,0,213,200,13,0,796,583,207,6,0,9,24,38,4,0,64,3,5,1,56,3
4,BACĂU,"SCOALA GENERALA NR. 6",230,"ORAŞ TÂRGU OCNA",20965,1,PROV,PRCNCT,S,S_SV,"2021-01-21 12:30:02",992,980,12,0,267,255,12,0,1100,833,253,14,0,11,36,23,12,0,107,5,5,5,48,1
4,BACĂU,"SCOALA GENERALA NR. 3-SALA DE SPORT",231,"ORAŞ TÂRGU OCNA",20965,2,PART,PRCNCT,S,S_SV,"2021-01-21 12:30:02",917,907,10,0,280,270,10,0,1000,720,274,4,2,7,50,52,10,2,90,4,4,2,51,2
4,BACĂU,"CONSILIUL LOCAL AGĂŞ",232,AGĂŞ,21007,1,PROV,PRCNCT,S,S_SV,"2021-01-21 12:30:02",1026,1007,19,0,295,276,19,0,1100,805,291,2,2,6,6,68,7,2,129,2,8,4,52,7
4,BACĂU,"ŞCOALA CU CLASELE I-IV COTUMBA",233,AGĂŞ,21007,1,PROV,PRCNCT,S,S_SV,"2021-01-21 12:30:02",1128,1110,18,0,285,267,18,0,1200,915,275,6,4,3,17,32,5,3,141,3,3,5,57,6
4,BACĂU,"ŞCOALA GENERALĂ SULŢA",234,AGĂŞ,21007,1,PROV,PRCNCT,S,S_SV,"2021-01-21 12:30:02",832,814,18,0,223,205,18,0,900,677,213,6,4,1,10,37,4,2,93,3,1,4,50,8
4,BACĂU,"CĂMINUL CULTURAL COȘNEA",235,AGĂŞ,21007,1,PROV,PRCNCT,S,S_SV,"2021-01-21 12:30:02",363,339,24,0,99,75,24,0,400,301,99,0,0,1,1,16,2,41,34,0,1,0,2,1
4,BACĂU,"ŞCOALA GENERALĂ PRELUCI",236,AGĂŞ,21007,1,PROV,PRCNCT,S,S_SV,"2021-01-21 12:30:02",984,967,17,0,255,238,17,0,1100,845,248,6,1,9,19,49,5,2,95,2,6,1,56,4
4,BACĂU,"ŞCOALA GENERALĂ GOIOASA",237,AGĂŞ,21007,1,PROV,PRCNCT,S,S_SV,"2021-01-21 12:30:02",694,683,11,0,158,147,11,0,800,642,152,4,2,2,8,30,7,2,73,2,3,0,22,3
4,BACĂU,"ŞCOALA NR.1 ARDEOANI",238,ARDEOANI,21098,1,PROV,PRCNCT,S,S_SV,"2021-01-21 12:30:02",1407,1279,128,0,549,421,128,0,1400,851,524,18,7,14,19,240,8,2,172,2,9,2,53,3
4,BACĂU,"ŞCOALA LEONTINEŞTI",239,ARDEOANI,21098,2,PART,PRCNCT,S,S_SV,"2021-01-21 12:30:02",728,680,48,0,299,251,48,0,700,401,281,12,6,7,14,137,3,1,72,1,7,2,37,0
4,BACĂU,"ŞCOALA GENERALA CU CLASELE I-VIII ASAU",240,ASĂU,21123,1,PROV,PRCNCT,S,S_SV,"2021-01-21 12:30:02",891,872,19,0,260,241,19,0,1000,740,255,1,4,3,38,43,15,1,101,1,2,1,46,4
4,BACĂU,"ŞCOALA GENERALĂ CU CLASELE I-VIII ASAU",241,ASĂU,21123,1,PROV,PRCNCT,S,S_SV,"2021-01-21 12:30:02",913,900,11,2,242,229,11,2,1000,758,234,8,0,1,17,56,20,2,83,5,2,2,40,6
4,BACĂU,"ŞCOALA CU CLASELE I-IV LUNCA ASĂU",242,ASĂU,21123,1,PROV,PRCNCT,S,S_SV,"2021-01-21 12:30:02",643,629,14,0,213,199,14,0,700,487,202,9,2,5,5,35,22,3,90,3,0,4,33,2
4,BACĂU,"ŞCOALA CU CLASELE I-IV STRAJA",243,ASĂU,21123,1,PROV,PRCNCT,S,S_SV,"2021-01-21 12:30:02",985,970,15,0,250,235,15,0,1100,850,239,6,5,5,12,42,7,0,83,1,7,1,74,7
4,BACĂU,"ŞCOALA CU CLASELE I-IV CIOBĂNUŞ",244,ASĂU,21123,1,PROV,PRCNCT,S,S_SV,"2021-01-21 12:30:02",469,456,13,0,144,131,13,0,500,356,138,3,3,2,12,28,12,1,56,1,2,1,20,3
4,BACĂU,"ŞCOALA GENERALĂ CU CLASELE I-VIII APA-ASĂU",245,ASĂU,21123,1,PROV,PRCNCT,S,S_SV,"2021-01-21 12:30:02",663,659,4,0,188,184,4,0,700,512,185,3,0,4,7,29,7,2,78,5,5,1,47,0
4,BACĂU,"ŞCOALA GENERALĂ CU CLASELE I-VIII APA-ASĂU",246,ASĂU,21123,1,PROV,PRCNCT,S,S_SV,"2021-01-21 12:30:02",599,587,12,0,183,171,12,0,600,417,174,8,1,1,18,18,6,1,68,1,3,4,46,8
4,BACĂU,"ŞCOALA CU CLASELE I-IV PĂLTINIŞ",247,ASĂU,21123,1,PROV,PRCNCT,S,S_SV,"2021-01-21 12:30:02",527,517,10,0,152,142,10,0,600,448,145,4,3,2,5,14,6,0,71,3,3,1,35,5
4,BACĂU,"BIBLIOTECA PUBLICA ”CALISTRAT HOGAS” BALCANI",248,BALCANI,21196,1,PROV,PRCNCT,S,S_SV,"2021-01-21 12:30:02",1123,1099,11,13,277,253,11,13,1196,919,256,10,11,16,19,32,11,2,130,8,3,5,24,6
4,BACĂU,"GRĂDINIŢA FRUMOASA",249,BALCANI,21196,1,PROV,PRCNCT,S,S_SV,"2021-01-21 12:30:02",1056,1039,5,12,279,262,5,12,1100,821,267,4,8,9,20,51,2,6,121,4,6,6,37,5
4,BACĂU,"GRĂDINIŢA FRUMOASA",250,BALCANI,21196,1,PROV,PRCNCT,S,S_SV,"2021-01-21 12:30:02",1449,1424,12,13,342,317,12,13,1600,1258,331,5,6,5,42,50,8,1,174,5,8,3,28,7
4,BACĂU,"GRĂDINIŢA FRUMOASA",251,BALCANI,21196,1,PROV,PRCNCT,S,S_SV,"2021-01-21 12:30:02",548,532,8,8,164,148,8,8,600,436,150,4,10,2,15,24,1,0,91,1,2,2,10,2
4,BACĂU,"GRADINITA NR.2 SCHITU-FRUMOASA",252,BALCANI,21196,1,PROV,PRCNCT,S,S_SV,"2021-01-21 12:30:02",655,642,12,1,173,160,12,1,698,525,165,4,4,3,8,22,28,2,62,5,3,3,27,2
4,BACĂU,"ŞCOALA GIMNAZIALA SCHITU-FRUMOASA",253,BALCANI,21196,1,PROV,PRCNCT,S,S_SV,"2021-01-21 12:30:02",943,926,13,4,254,237,13,4,1000,746,244,5,5,7,6,32,19,1,101,36,5,6,26,5
4,BACĂU,"ŞCOALA GIMNAZIALA LUDAŞI",254,BALCANI,21196,1,PROV,PRCNCT,S,S_SV,"2021-01-21 12:30:02",807,788,14,5,199,180,14,5,900,701,192,2,5,6,10,15,5,1,117,5,2,0,28,3
4,BACĂU,"PRIMĂRIA BÎRSĂNEŞTI",255,BÂRSĂNEŞTI,21454,1,PROV,PRCNCT,S,S_SV,"2021-01-21 12:30:02",1472,1435,32,5,336,299,32,5,1600,1264,328,3,5,23,39,35,5,2,148,4,8,2,44,18
4,BACĂU,"ŞCOALA GIMNAZIALĂ ALBELE",256,BÂRSĂNEŞTI,21454,1,PROV,PRCNCT,S,S_SV,"2021-01-21 12:30:02",548,525,23,0,166,143,23,0,600,434,157,4,5,5,15,19,2,1,89,2,3,1,17,3
4,BACĂU,"ŞCOALA GIMNAZIALĂ BRĂTEŞTI",257,BÂRSĂNEŞTI,21454,1,PROV,PRCNCT,S,S_SV,"2021-01-21 12:30:02",891,877,14,0,253,239,14,0,1000,747,243,3,7,8,34,28,9,2,59,0,6,5,87,5
4,BACĂU,"ŞCOALA GIMNAZIALĂ CARACLĂU",258,BÂRSĂNEŞTI,21454,1,PROV,PRCNCT,S,S_SV,"2021-01-21 12:30:02",935,910,25,0,282,257,25,0,1000,718,263,7,12,5,15,37,5,1,117,1,7,4,67,4
4,BACĂU,"SCOALA GIMNAZIALA ”VASILE BORCEA”",259,BEREŞTI-BISTRIŢA,21249,1,PROV,PRCNCT,S,S_SV,"2021-01-21 12:30:02",957,921,23,13,236,200,23,13,1000,764,227,3,6,3,24,21,13,1,126,6,0,7,22,4
4,BACĂU,"SCOALA CU CLASELE I-IV PĂDURENI",260,BEREŞTI-BISTRIŢA,21249,1,PROV,PRCNCT,S,S_SV,"2021-01-21 12:30:02",376,356,18,2,103,83,18,2,400,297,92,2,9,1,1,14,3,1,54,0,1,3,9,5
4,BACĂU,"ŞCOALA CU CLASELE I-IV CLIMEŞTI",261,BEREŞTI-BISTRIŢA,21249,1,PROV,PRCNCT,S,S_SV,"2021-01-21 12:30:02",266,244,22,0,96,74,22,0,300,204,95,0,1,3,21,10,2,1,43,1,1,0,12,1
4,BACĂU,"ŞCOALA CU CLASELE I-IV BRAD",262,BEREŞTI-BISTRIŢA,21249,1,PROV,PRCNCT,S,S_SV,"2021-01-21 12:30:02",164,139,25,0,75,50,25,0,196,121,74,1,0,3,7,10,1,0,44,0,3,1,3,2
4,BACĂU,"ŞCOALA CU CLASELEI-VIII BEREŞTI-TAZLĂU",263,BEREŞTI-TAZLĂU,21338,1,PROV,PRCNCT,S,S_SV,"2021-01-21 12:30:02",958,925,13,20,237,204,13,20,1000,763,230,2,5,12,12,30,2,0,131,2,3,2,31,5
4,BACĂU,"ŞCOALA GENERALĂ BOŞOTENI",264,BEREŞTI-TAZLĂU,21338,1,PROV,PRCNCT,S,S_SV,"2021-01-21 12:30:02",358,345,12,1,101,88,12,1,400,299,94,6,1,1,4,15,4,1,55,0,0,2,12,0
4,BACĂU,"ŞCOALA GENERALĂ ENĂCHEŞTI",265,BEREŞTI-TAZLĂU,21338,1,PROV,PRCNCT,S,S_SV,"2021-01-21 12:30:02",639,608,23,8,186,155,23,8,700,514,181,2,3,5,14,19,9,1,93,3,9,1,24,3
4,BACĂU,"ŞCOALA GENERALĂ PRISACA",266,BEREŞTI-TAZLĂU,21338,1,PROV,PRCNCT,S,S_SV,"2021-01-21 12:30:02",437,420,16,1,136,119,16,1,500,364,130,6,0,2,11,21,1,1,73,0,4,0,15,2
4,BACĂU,"ŞCOALA GENERALĂ ROMÂNEŞTI",267,BEREŞTI-TAZLĂU,21338,1,PROV,PRCNCT,S,S_SV,"2021-01-21 12:30:02",388,361,13,14,151,124,13,14,400,249,147,1,3,2,12,13,2,1,90,1,2,3,15,6
4,BACĂU,"ŞCOALA GENERALĂ TESCANI",268,BEREŞTI-TAZLĂU,21338,1,PROV,PRCNCT,S,S_SV,"2021-01-21 12:30:02",641,619,18,4,198,176,18,4,700,502,193,2,3,6,9,20,13,1,114,3,5,2,16,4
4,BACĂU,"ŞCOALA GENERALĂ TURLUIANU",269,BEREŞTI-TAZLĂU,21338,1,PROV,PRCNCT,S,S_SV,"2021-01-21 12:30:02",1112,1080,13,19,239,207,13,19,1200,961,232,5,2,8,9,38,1,2,101,2,1,2,65,3
4,BACĂU,"ŞCOALA CU CLASELE I-VIII ALEXANDRU CEL BUN BERZUNŢI",270,BERZUNŢI,21418,1,PROV,PRCNCT,S,S_SV,"2021-01-21 12:30:02",1418,1399,19,0,397,378,19,0,1600,1203,378,7,12,19,43,43,7,1,197,5,2,5,47,9
4,BACĂU,"ŞCOALA CU CLASELE I-IV NR. 2 BERZUNŢI",271,BERZUNŢI,21418,1,PROV,PRCNCT,S,S_SV,"2021-01-21 12:30:02",671,664,7,0,199,192,7,0,700,501,189,4,6,5,24,8,3,2,115,1,4,3,18,6
4,BACĂU,"SCOALA CU CLASELE I-IV NR. 1 DRAGOMIR",272,BERZUNŢI,21418,1,PROV,PRCNCT,S,S_SV,"2021-01-21 12:30:02",959,948,11,0,275,264,11,0,996,721,257,8,10,6,26,22,5,4,139,2,7,1,41,4
4,BACĂU,"ŞCOALA CU CLASELE I-VIII NR.2 DRAGOMIR",273,BERZUNŢI,21418,1,PROV,PRCNCT,S,S_SV,"2021-01-21 12:30:02",725,709,16,0,193,177,16,0,800,607,161,12,20,6,1,1,1,2,110,2,2,4,28,4
4,BACĂU,"SCOALA CU CLASELE I-IV BUDA",274,BERZUNŢI,21418,1,PROV,PRCNCT,S,S_SV,"2021-01-21 12:30:02",465,449,16,0,126,110,16,0,500,374,119,4,3,5,12,8,1,1,76,0,2,0,10,4
4,BACĂU,"ŞCOALA CU CLASELE I-VIII NR.1 BLĂGEŞTI",275,BLĂGEŞTI,21506,1,PROV,PRCNCT,S,S_SV,"2021-01-21 12:30:02",979,970,8,1,155,146,8,1,1100,945,144,2,9,6,16,21,3,1,58,6,0,4,28,1
4,BACĂU,"ŞCOALA CU CLASELE .I-VIII NR.1 BLĂGEŞTI",276,BLĂGEŞTI,21506,1,PROV,PRCNCT,S,S_SV,"2021-01-21 12:30:02",959,951,7,1,175,167,7,1,1000,825,164,8,3,2,18,24,4,1,80,9,1,2,19,4
4,BACĂU,"ŞCOALA CU CLASELE I-VIII NR.1 BUDA",277,BLĂGEŞTI,21506,1,PROV,PRCNCT,S,S_SV,"2021-01-21 12:30:02",1583,1558,25,0,285,260,25,0,1700,1415,266,13,6,12,11,43,5,1,122,4,6,5,50,7
4,BACĂU,"ŞCOALA CU CLASELE.I-VIII NR.1 VALEA LUI ION",278,BLĂGEŞTI,21506,1,PROV,PRCNCT,S,S_SV,"2021-01-21 12:30:02",1168,1150,18,0,268,250,18,0,1300,1032,256,10,2,4,17,76,2,0,88,29,2,1,30,7
4,BACĂU,"ŞCOALA CU CLASELE I-IV ŢÎRDENII MARI",279,BLĂGEŞTI,21506,1,PROV,PRCNCT,S,S_SV,"2021-01-21 12:30:02",581,575,6,0,130,124,6,0,600,470,126,2,2,2,3,17,9,0,47,14,2,2,24,6
4,BACĂU,"ŞCOALA CU CLASELE I-IV POIANA NEGUSTORULUI",280,BLĂGEŞTI,21506,1,PROV,PRCNCT,S,S_SV,"2021-01-21 12:30:02",587,570,17,0,254,237,17,0,600,346,222,21,11,2,1,31,1,1,157,4,14,8,1,2
4,BACĂU,"ŞCOALA GIMNAZIALĂ BOGDĂNEŞTI",281,BOGDĂNEŞTI,21560,1,PROV,PRCNCT,S,S_SV,"2021-01-21 12:30:02",901,884,17,0,172,155,17,0,1000,828,164,2,6,8,8,18,14,1,72,4,2,2,33,2
4,BACĂU,"ŞCOALA GIMNAZIALĂ BOGDĂNEŞTI",282,BOGDĂNEŞTI,21560,1,PROV,PRCNCT,S,S_SV,"2021-01-21 12:30:02",860,850,10,0,161,151,10,0,900,739,151,6,4,5,7,26,15,1,57,4,2,5,25,4
4,BACĂU,"GRĂDINIŢA FILIPEŞTI",283,BOGDĂNEŞTI,21560,1,PROV,PRCNCT,S,S_SV,"2021-01-21 12:30:02",495,479,16,0,133,117,16,0,600,467,130,1,2,20,5,20,12,1,44,2,2,2,20,2
4,BACĂU,"PRIMĂRIA BRUSTUROASA",284,BRUSTUROASA,21597,1,PROV,PRCNCT,S,S_SV,"2021-01-21 12:30:02",1286,1269,17,0,298,281,17,0,1400,1102,290,5,3,13,18,32,5,0,145,3,10,4,52,8
4,BACĂU,"ŞCOALA PRIMARĂ CAMENCA",285,BRUSTUROASA,21597,1,PROV,PRCNCT,S,S_SV,"2021-01-21 12:30:02",781,772,9,0,201,192,9,0,800,599,196,4,1,13,9,33,4,2,82,3,4,6,39,1
4,BACĂU,"ŞCOALA PRIMARĂ CUCHINIŞ",286,BRUSTUROASA,21597,1,PROV,PRCNCT,S,S_SV,"2021-01-21 12:30:02",631,621,10,0,129,119,10,0,700,571,122,7,0,5,7,11,2,0,61,3,1,6,26,0
4,BACĂU,"ŞCOALA GIMNAZIALĂ BUCIUMI",287,BUCIUMI,26338,1,PROV,PRCNCT,S,S_SV,"2021-01-21 12:30:02",1179,1157,22,0,352,330,22,0,1200,848,336,6,10,13,19,33,14,1,195,2,4,2,47,6
4,BACĂU,"ŞCOALA GIMNAZIALĂ RĂCĂUŢI",288,BUCIUMI,26338,1,PROV,PRCNCT,S,S_SV,"2021-01-21 12:30:02",1285,1262,23,0,534,511,23,0,1400,866,483,25,26,11,18,33,16,1,331,5,3,12,49,4
4,BACĂU,"ŞCOALA CU CLASELE I-VIII BUHOCI",289,BUHOCI,21668,1,PROV,PRCNCT,S,S_SV,"2021-01-21 12:30:02",1459,1418,41,0,360,319,41,0,1500,1140,333,17,10,38,82,54,7,4,87,16,6,6,26,7
4,BACĂU,"SCOALA CU CLASELE I-VIII BIJGHIR",290,BUHOCI,21668,1,PROV,PRCNCT,S,S_SV,"2021-01-21 12:30:02",1107,1100,7,0,270,263,7,0,1200,930,257,13,0,3,32,132,7,2,35,9,4,4,24,5
4,BACĂU,"SCOALA CU CLASELE I-VIII BIJGHIR",291,BUHOCI,21668,1,PROV,PRCNCT,S,S_SV,"2021-01-21 12:30:02",979,961,18,0,184,166,18,0,1000,816,177,4,3,4,14,90,2,2,23,9,2,4,22,5
4,BACĂU,"ŞCOALA CU CLASELE I-IV COTENI",292,BUHOCI,21668,1,PROV,PRCNCT,S,S_SV,"2021-01-21 12:30:02",629,611,18,0,162,144,18,0,700,538,151,7,4,6,24,30,5,2,50,3,0,1,28,2
4,BACĂU,"ŞCOALA GIMNAZIALĂ N.PÂSLARU CAŞIN",293,CAŞIN,21720,1,PROV,PRCNCT,S,S_SV,"2021-01-21 12:30:02",1422,1406,16,0,446,430,16,0,1500,1054,433,7,6,14,37,86,10,0,222,6,3,10,33,12
4,BACĂU,"ŞCOALA GIMNAZIALĂ N.PÂSLARU CAŞIN",294,CAŞIN,21720,1,PROV,PRCNCT,S,S_SV,"2021-01-21 12:30:02",1308,1282,26,0,379,353,26,0,1400,1021,366,5,8,8,31,107,5,0,170,1,2,6,33,3
4,BACĂU,"GRĂDINIŢA CURIŢA",295,CAŞIN,21720,1,PROV,PRCNCT,S,S_SV,"2021-01-21 12:30:02",634,615,16,3,186,167,16,3,700,514,178,2,6,6,14,55,6,0,67,5,5,2,14,4
4,BACĂU,"SCOALA GIMNAZIALA CAIUTI",296,CĂIUŢI,21757,1,PROV,PRCNCT,S,S_SV,"2021-01-21 12:30:02",1362,1347,15,0,278,263,15,0,1500,1222,257,12,9,8,20,36,15,1,117,7,4,6,38,5
4,BACĂU,"ŞCOALA POPENI",297,CĂIUŢI,21757,1,PROV,PRCNCT,S,S_SV,"2021-01-21 12:30:02",690,667,22,1,202,179,22,1,700,498,197,3,2,6,18,30,8,1,85,3,4,2,30,10
4,BACĂU,"ŞCOALA BLIDARI",298,CĂIUŢI,21757,1,PROV,PRCNCT,S,S_SV,"2021-01-21 12:30:02",607,596,11,0,133,122,11,0,600,467,128,2,3,6,4,20,6,1,55,2,1,3,25,5
4,BACĂU,"ŞCOALA PRALEA",299,CĂIUŢI,21757,1,PROV,PRCNCT,S,S_SV,"2021-01-21 12:30:02",754,744,10,0,201,191,10,0,804,603,194,3,4,10,9,26,7,0,108,2,5,5,21,1
4,BACĂU,"ŞCOALA BOIŞTEA",300,CĂIUŢI,21757,1,PROV,PRCNCT,S,S_SV,"2021-01-21 12:30:02",150,138,12,0,45,33,12,0,200,155,43,2,0,1,1,5,4,0,21,2,2,0,5,2
4,BACĂU,"ŞCOALA HELTIU",301,CĂIUŢI,21757,1,PROV,PRCNCT,S,S_SV,"2021-01-21 12:30:02",316,304,12,0,81,69,12,0,400,319,80,1,0,3,8,25,7,0,18,1,3,2,13,0
4,BACĂU,"ŞCOALA VRÂNCENI",302,CĂIUŢI,21757,1,PROV,PRCNCT,S,S_SV,"2021-01-21 12:30:02",324,307,17,0,88,71,17,0,400,312,85,2,1,3,1,17,5,1,37,3,2,0,14,2
4,BACĂU,"SCOALA PRIMARA MARCESTI",303,CĂIUŢI,21757,1,PROV,PRCNCT,S,S_SV,"2021-01-21 12:30:02",127,115,12,0,50,38,12,0,200,150,45,4,1,2,1,4,9,0,22,1,0,1,2,3
4,BACĂU,"ŞCOALA NR.1 CLEJA",304,CLEJA,21855,1,PROV,PRCNCT,S,S_SV,"2021-01-21 12:30:02",794,784,10,0,181,171,10,0,800,619,171,8,2,10,44,55,9,4,12,6,6,7,16,2
4,BACĂU,"SCOALA NR.1 CLEJA",305,CLEJA,21855,1,PROV,PRCNCT,S,S_SV,"2021-01-21 12:30:02",1507,1499,7,1,311,303,7,1,1600,1289,298,9,4,11,99,87,12,7,36,3,6,3,30,4
4,BACĂU,"ŞCOALA NR.2 CLEJA",306,CLEJA,21855,1,PROV,PRCNCT,S,S_SV,"2021-01-21 12:30:02",1463,1454,9,0,358,349,9,0,1600,1242,346,9,3,12,91,96,7,11,40,5,3,7,71,3
4,BACĂU,"ŞCOALA SOMUŞCA",307,CLEJA,21855,1,PROV,PRCNCT,S,S_SV,"2021-01-21 12:30:02",1187,1181,6,0,250,244,6,0,1300,1050,236,9,5,12,58,57,3,21,28,11,2,3,40,1
4,BACĂU,"ŞCOALA VALEA MICĂ",308,CLEJA,21855,1,PROV,PRCNCT,S,S_SV,"2021-01-21 12:30:02",567,562,5,0,161,156,5,0,598,437,153,3,5,4,24,30,4,3,25,4,4,8,46,1
4,BACĂU,"ŞCOALA GIMNAZIALĂ COLONEŞTI",309,COLONEŞTI,21891,1,PROV,PRCNCT,S,S_SV,"2021-01-21 12:30:02",1141,1122,19,0,382,363,19,0,1200,818,353,13,16,19,3,31,4,1,197,6,4,2,76,10
4,BACĂU,"ŞCOALA GIMNAZIALĂ SPRIA",310,COLONEŞTI,21891,1,PROV,PRCNCT,S,S_SV,"2021-01-21 12:30:02",285,273,12,0,98,86,12,0,300,202,93,5,0,4,3,14,3,1,53,3,2,1,6,3
4,BACĂU,"ŞCOALA PRIMARĂ SATU NOU",311,COLONEŞTI,21891,1,PROV,PRCNCT,S,S_SV,"2021-01-21 12:30:02",283,270,13,0,119,106,13,0,300,181,111,5,3,3,0,37,3,1,53,1,3,4,6,0
4,BACĂU,"SCOALA GIMNAZIALA CU CLASELE I - VIII",312,CORBASCA,21971,1,PROV,PRCNCT,S,S_SV,"2021-01-21 12:30:02",620,602,17,1,223,205,17,1,700,477,211,5,7,15,9,26,8,0,124,1,5,1,16,6
4,BACĂU,"ŞCOALA CU CLASELE I -IV SCARISOARA",313,CORBASCA,21971,1,PROV,PRCNCT,S,S_SV,"2021-01-21 12:30:02",642,628,14,0,197,183,14,0,700,503,186,10,1,5,8,18,4,0,135,1,3,3,9,0
4,BACĂU,"ŞCOALA CU CLASELE I-VIII MARVILA",314,CORBASCA,21971,1,PROV,PRCNCT,S,S_SV,"2021-01-21 12:30:02",490,477,13,0,115,102,13,0,500,385,112,2,1,2,12,20,2,1,58,2,1,4,8,2
4,BACĂU,"ŞCOALA CU CLASELE.I-IV VÎLCELE",315,CORBASCA,21971,1,PROV,PRCNCT,S,S_SV,"2021-01-21 12:30:02",518,507,11,0,150,139,11,0,600,450,136,8,6,6,7,19,2,1,68,2,4,6,17,4
4,BACĂU,"ŞCOALA CU CLASELE.I-VIII BĂCIOIU",316,CORBASCA,21971,1,PROV,PRCNCT,S,S_SV,"2021-01-21 12:30:02",1628,1599,27,2,248,219,27,2,1800,1552,211,22,15,1,2,14,3,1,142,4,1,8,27,8
4,BACĂU,"ŞCOALA CU CLASELE .I-IV ROGOAZA",317,CORBASCA,21971,1,PROV,PRCNCT,S,S_SV,"2021-01-21 12:30:02",273,260,13,0,68,55,13,0,300,232,63,5,0,3,5,9,1,2,29,4,1,3,4,2
4,BACĂU,"PRIMĂRIA COŢOFĂNEŞTI",318,COŢOFĂNEŞTI,22059,1,PROV,PRCNCT,S,S_SV,"2021-01-21 12:30:02",1008,989,16,3,360,341,16,3,1108,748,346,5,9,8,16,33,12,0,231,1,5,5,30,5
4,BACĂU,"ŞCOALA CU CLASELE I-VIII BORŞANI",319,COŢOFĂNEŞTI,22059,1,PROV,PRCNCT,S,S_SV,"2021-01-21 12:30:02",592,576,16,0,227,211,16,0,600,373,221,3,3,5,12,27,31,2,102,1,3,3,32,3
4,BACĂU,"ŞCOALA CU CLASELE I-IV BÎLCA",320,COŢOFĂNEŞTI,22059,1,PROV,PRCNCT,S,S_SV,"2021-01-21 12:30:02",598,578,20,0,240,220,20,0,608,368,229,3,8,3,3,26,4,1,145,3,3,5,31,5
4,BACĂU,"ŞCOALA CU CLASELE I-IV TĂMĂSOAIA",321,COŢOFĂNEŞTI,22059,1,PROV,PRCNCT,S,S_SV,"2021-01-21 12:30:02",376,366,10,0,194,184,10,0,400,206,185,4,5,0,2,5,1,0,151,1,1,1,21,2
4,BACĂU,"ŞCOALA GENERALĂ CU CLASELE I-IV DĂMIENEŞTI",322,DĂMIENEŞTI,22111,1,PROV,PRCNCT,S,S_SV,"2021-01-21 12:30:02",464,443,21,0,150,129,21,0,500,350,140,2,8,4,14,12,2,0,86,1,3,5,10,3
4,BACĂU,"ŞCOALA GENERALĂ CU CLASELE I-VIII CĂLUGĂRENI",323,DĂMIENEŞTI,22111,1,PROV,PRCNCT,S,S_SV,"2021-01-21 12:30:02",786,780,6,0,201,195,6,0,800,599,191,4,6,24,29,38,0,1,73,2,2,7,8,7
4,BACĂU,"ŞCOALA GENERALĂ CU CASELE I-IV DRĂGEŞTI",324,DĂMIENEŞTI,22111,1,PROV,PRCNCT,S,S_SV,"2021-01-21 12:30:02",246,228,18,0,94,76,18,0,300,206,91,0,3,1,6,14,1,1,60,0,1,2,3,2
4,BACĂU,"CAMIN CULTURAL DEALU MORII",325,"DEALU MORII",22237,2,PART,PRCNCT,S,S_SV,"2021-01-21 12:30:02",906,859,29,18,366,319,29,18,900,534,346,9,11,8,5,60,5,1,209,1,2,5,41,9
4,BACĂU,"ŞCOALA CU CLASELE I-IV CĂUIA",326,"DEALU MORII",22237,1,PROV,PRCNCT,S,S_SV,"2021-01-21 12:30:02",522,479,11,32,206,163,11,32,600,394,201,0,5,6,8,45,0,0,117,2,1,5,15,2
4,BACĂU,"ŞCOALA CU CLASELE I-VIII NEGULEŞTI",327,"DEALU MORII",22237,1,PROV,PRCNCT,S,S_SV,"2021-01-21 12:30:02",468,450,12,6,171,153,12,6,500,329,164,6,1,5,9,44,1,0,88,2,4,1,8,2
4,BACĂU,"ŞCOALA TĂVĂDĂRĂŞTI",328,"DEALU MORII",22237,1,PROV,PRCNCT,S,S_SV,"2021-01-21 12:30:02",287,252,16,19,159,124,16,19,300,141,156,1,2,3,7,18,3,1,108,1,3,1,7,4
4,BACĂU,"SCOALA SCARLAT LONGHIN DOFTEANA",329,DOFTEANA,22380,1,PROV,PRCNCT,S,S_SV,"2021-01-21 12:30:02",1508,1476,15,17,436,404,15,17,1600,1164,420,12,4,5,41,55,5,1,193,4,7,11,83,15
4,BACĂU,"SCOALA SCARLAT LONGHIN DOFTEANA",330,DOFTEANA,22380,1,PROV,PRCNCT,S,S_SV,"2021-01-21 12:30:02",1231,1195,20,16,383,347,20,16,1300,917,374,7,2,7,46,57,8,0,163,6,8,3,71,5
4,BACĂU,"ŞCOALA GENERALA CU CLASELE I-VIII HĂGHIAC",331,DOFTEANA,22380,1,PROV,PRCNCT,S,S_SV,"2021-01-21 12:30:02",1256,1226,8,22,452,422,8,22,1300,848,430,19,3,8,33,36,0,0,199,11,7,2,125,9
4,BACĂU,"ȘCOALA CU CLASELE I-IV BOGATA",332,DOFTEANA,22380,1,PROV,PRCNCT,S,S_SV,"2021-01-21 12:30:02",725,702,17,6,216,193,17,6,800,584,211,2,3,12,16,28,6,0,98,1,2,6,40,2
4,BACĂU,"SCOALA GENERALA CU CLASELE I-VIII CUCUIETI",333,DOFTEANA,22380,1,PROV,PRCNCT,S,S_SV,"2021-01-21 12:30:02",921,894,7,20,302,275,7,20,1000,698,291,11,0,3,15,26,3,0,173,6,4,5,54,2
4,BACĂU,"SCOALA GENERALA CU CLASELE I-VIII CUCUIETI",334,DOFTEANA,22380,1,PROV,PRCNCT,S,S_SV,"2021-01-21 12:30:02",1058,1036,8,14,376,354,8,14,1100,724,367,4,5,6,12,22,5,0,205,3,3,7,99,5
4,BACĂU,"ŞCOALA GENERALA CU CLASELE I-VIII LARGA",335,DOFTEANA,22380,1,PROV,PRCNCT,S,S_SV,"2021-01-21 12:30:02",1047,1003,19,25,496,452,19,25,1100,604,471,16,9,7,16,54,5,0,293,7,4,6,72,7
4,BACĂU,"ŞCOALA GENERALA CU CLASELE I-IV ŞTEFAN VODĂ",336,DOFTEANA,22380,1,PROV,PRCNCT,S,S_SV,"2021-01-21 12:30:02",904,879,13,12,317,292,13,12,1000,683,304,5,8,7,14,17,7,1,161,9,1,6,74,7
4,BACĂU,"ŞCOALA GENERALA CU CLASELE I-IV SEACA",337,DOFTEANA,22380,1,PROV,PRCNCT,S,S_SV,"2021-01-21 12:30:02",388,373,10,5,156,141,10,5,400,244,147,9,0,5,9,17,2,1,62,2,1,4,41,3
4,BACĂU,"ŞCOALA GIMNAZIALA NR.1 FARAOANI",338,FARAOANI,22460,1,PROV,PRCNCT,S,S_SV,"2021-01-21 12:30:02",1160,1140,20,0,312,292,20,0,1200,888,299,7,6,6,101,86,8,5,47,4,6,1,26,9
4,BACĂU,"ŞCOALA GIMNAZIALA NR.1 FARAOANI",339,FARAOANI,22460,1,PROV,PRCNCT,S,S_SV,"2021-01-21 12:30:02",1377,1370,6,1,352,345,6,1,1500,1148,343,5,4,5,107,81,10,1,68,6,5,5,50,5
4,BACĂU,"ŞCOALA GIMNAZIALA NR.2 FARAOANI",340,FARAOANI,22460,1,PROV,PRCNCT,S,S_SV,"2021-01-21 12:30:02",1053,1030,23,0,285,262,23,0,1100,815,276,8,1,7,63,55,4,4,94,4,1,5,36,3
4,BACĂU,"ŞCOALA GIMNAZIALA NR.2 FARAOANI",341,FARAOANI,22460,1,PROV,PRCNCT,S,S_SV,"2021-01-21 12:30:02",888,882,6,0,214,208,6,0,1000,786,200,9,5,4,49,45,5,5,57,5,4,5,15,6
4,BACĂU,"PRIMĂRIA FILIPENI",342,FILIPENI,22488,1,PROV,PRCNCT,S,S_SV,"2021-01-21 12:30:02",631,494,105,32,400,263,105,32,600,200,381,10,9,62,9,76,6,1,207,4,1,6,6,3
4,BACĂU,"ŞCOALA CU CLASELE I-IV MĂRĂŞTI",343,FILIPENI,22488,1,PROV,PRCNCT,S,S_SV,"2021-01-21 12:30:02",670,567,74,29,334,231,74,29,600,266,316,12,6,5,3,129,2,0,155,1,4,4,10,3
4,BACĂU,"ŞCOALA CU CLASELE I-IV FRUNTEŞTI",344,FILIPENI,22488,2,PART,PRCNCT,S,S_SV,"2021-01-21 12:30:02",394,332,50,12,226,164,50,12,400,174,212,6,8,15,3,49,6,0,124,1,2,2,4,6
4,BACĂU,"ȘCOALA PRIMARĂ VALEA BOȚULUI",345,FILIPENI,22488,1,PROV,PRCNCT,S,S_SV,"2021-01-21 12:30:02",286,274,12,0,115,103,12,0,300,185,109,6,0,9,1,41,5,0,40,1,0,3,9,0
4,BACĂU,"ŞCOALA FILIPEŞTI",346,FILIPEŞTI,22576,1,PROV,PRCNCT,S,S_SV,"2021-01-21 12:30:02",829,784,45,0,237,192,45,0,900,663,231,2,4,10,28,63,7,0,87,3,5,2,24,2
4,BACĂU,"ŞCOALA GALBENI",347,FILIPEŞTI,22576,1,PROV,PRCNCT,S,S_SV,"2021-01-21 12:30:02",720,701,19,0,170,151,19,0,800,630,166,4,0,3,11,42,6,0,70,2,4,2,20,6
4,BACĂU,"ŞCOALA CÎRLIGI",348,FILIPEŞTI,22576,1,PROV,PRCNCT,S,S_SV,"2021-01-21 12:30:02",934,911,23,0,200,177,23,0,1000,800,194,3,3,4,10,63,7,0,63,4,1,4,32,6
4,BACĂU,"ŞCOALA ONIŞCANI",349,FILIPEŞTI,22576,1,PROV,PRCNCT,S,S_SV,"2021-01-21 12:30:02",447,414,33,0,145,112,33,0,500,355,141,3,1,2,16,60,5,0,30,2,5,3,16,2
4,BACĂU,"CĂMINUL CULTURAL BOANŢA",350,FILIPEŞTI,22576,1,PROV,PRCNCT,S,S_SV,"2021-01-21 12:30:02",282,262,20,0,81,61,20,0,300,219,78,2,1,5,5,24,6,0,18,3,3,3,10,1
4,BACĂU,"ŞCOALA HÎRLEŞTI",351,FILIPEŞTI,22576,1,PROV,PRCNCT,S,S_SV,"2021-01-21 12:30:02",673,647,26,0,232,206,26,0,700,468,226,4,2,1,22,90,4,1,39,4,3,3,54,5
4,BACĂU,"PRIMĂRIA GĂICEANA",352,GĂICEANA,22665,1,PROV,PRCNCT,S,S_SV,"2021-01-21 12:30:02",772,748,22,2,266,242,22,2,800,534,257,3,6,1,10,108,2,12,86,0,5,6,25,2
4,BACĂU,"ŞCOALA ARINI",353,GĂICEANA,22665,1,PROV,PRCNCT,S,S_SV,"2021-01-21 12:30:02",987,974,9,4,278,265,9,4,1100,822,259,10,9,1,8,70,4,60,58,5,4,5,37,7
4,BACĂU,"ŞCOALA HUŢU",354,GĂICEANA,22665,1,PROV,PRCNCT,S,S_SV,"2021-01-21 12:30:02",477,453,19,5,185,161,19,5,500,315,181,2,2,0,2,80,6,3,65,2,3,3,16,1
4,BACĂU,"ŞCOALA CU CL.I-VIII GÎRLENII DE SUS",355,GÂRLENI,22781,1,PROV,PRCNCT,S,S_SV,"2021-01-21 12:30:02",1526,1506,20,0,304,284,20,0,1600,1296,296,6,2,12,102,69,11,4,42,3,2,3,46,2
4,BACĂU,"ŞCOALA CU CL.I-VIII GÎRLENI",356,GÂRLENI,22781,1,PROV,PRCNCT,S,S_SV,"2021-01-21 12:30:02",1070,1057,13,0,202,189,13,0,1200,998,197,5,0,2,47,33,6,4,51,3,2,0,45,4
4,BACĂU,"ŞCOALA CU CL.I-VIII GÎRLENI",357,GÂRLENI,22781,1,PROV,PRCNCT,S,S_SV,"2021-01-21 12:30:02",962,948,14,0,203,189,14,0,1000,797,198,4,1,8,49,31,7,1,50,5,5,2,40,0
4,BACĂU,"ŞCOALA CU CL.I-VIII LESPEZI",358,GÂRLENI,22781,1,PROV,PRCNCT,S,S_SV,"2021-01-21 12:30:02",960,941,19,0,194,175,19,0,1000,806,193,0,1,8,54,48,5,0,33,8,3,2,27,5
4,BACĂU,"ŞCOALA CU CL.I-VIII LESPEZI",359,GÂRLENI,22781,2,PART,PRCNCT,S,S_SV,"2021-01-21 12:30:02",1247,1244,0,3,208,205,0,3,1400,1192,197,8,3,5,70,50,4,2,30,6,2,1,26,1
4,BACĂU,"PRIMĂRIA FĂGET",360,GHIMEŞ-FĂGET,22718,1,PROV,PRCNCT,S,S_SV,"2021-01-21 12:30:02",1116,1094,22,0,304,282,22,0,1201,897,292,8,4,3,19,14,5,163,41,1,2,4,36,4
4,BACĂU,"ŞCOALA GENERALA CU CLASELE I-VIII TĂRHĂUŞI",361,GHIMEŞ-FĂGET,22718,1,PROV,PRCNCT,S,S_SV,"2021-01-21 12:30:02",661,650,11,0,161,150,11,0,700,539,156,4,1,4,9,13,4,50,43,0,4,0,28,1
4,BACĂU,"ŞCOALA GENERALA CU CLASELE I-VIII GHIMEŞ",362,GHIMEŞ-FĂGET,22718,1,PROV,PRCNCT,S,S_SV,"2021-01-21 12:30:02",886,872,14,0,300,286,14,0,899,599,286,7,7,2,9,14,3,202,32,2,4,1,14,3
4,BACĂU,"ŞCOALA GENERALA CU CLASELE I-IV FĂGETUL DE SUS",363,GHIMEŞ-FĂGET,22718,1,PROV,PRCNCT,S,S_SV,"2021-01-21 12:30:02",216,207,9,0,46,37,9,0,300,254,46,0,0,2,3,5,1,19,12,0,1,1,2,0
4,BACĂU,"ŞCOALA GENERALA CU CLASELE I-VIII BOLOVĂNIŞ",364,GHIMEŞ-FĂGET,22718,1,PROV,PRCNCT,S,S_SV,"2021-01-21 12:30:02",743,735,8,0,186,178,8,0,800,614,179,1,6,3,12,6,5,41,38,1,4,4,63,2
4,BACĂU,"ŞCOALA GENERALA CU CLASELE I-IV RĂCHITIŞ",365,GHIMEŞ-FĂGET,22718,1,PROV,PRCNCT,S,S_SV,"2021-01-21 12:30:02",201,191,10,0,62,52,10,0,200,138,62,0,0,4,7,6,2,2,19,0,4,0,18,0
4,BACĂU,"ŞCOALA GENERALA CU CLASELE I-VIII ION STRAT GIOSENI",366,GIOSENI,26346,1,PROV,PRCNCT,S,S_SV,"2021-01-21 12:30:02",934,921,13,0,213,200,13,0,1000,787,205,4,4,1,24,93,8,3,39,4,3,5,23,2
4,BACĂU,"ŞCOALA GENERALA CU CLASELE I-VIII ION STRAT GIOSENI",367,GIOSENI,26346,1,PROV,PRCNCT,S,S_SV,"2021-01-21 12:30:02",1196,1185,11,0,282,271,11,0,1300,1018,273,3,6,7,39,125,11,2,41,3,5,7,30,3
4,BACĂU,"SCOALA GENERALA CU CLASELE I-VIII ION STRAT GIOSENI",368,GIOSENI,26346,1,PROV,PRCNCT,S,S_SV,"2021-01-21 12:30:02",1094,1085,9,0,228,219,9,0,1200,972,221,3,4,1,25,98,7,1,50,0,5,2,26,6
4,BACĂU,"CĂMINUL CULTURAL GLĂVĂNEŞTI",369,GLĂVĂNEŞTI,22834,1,PROV,PRCNCT,S,S_SV,"2021-01-21 12:30:02",1412,1396,16,0,358,342,16,0,1500,1142,342,8,8,14,15,110,7,1,122,3,7,5,55,3
4,BACĂU,"CĂMINUL CULTURAL FRUMUŞELU",370,GLĂVĂNEŞTI,22834,1,PROV,PRCNCT,S,S_SV,"2021-01-21 12:30:02",1050,1033,17,0,254,237,17,0,1100,846,243,4,7,10,14,117,2,1,63,2,2,1,24,7
4,BACĂU,"SCOALA MUNCELU",371,GLĂVĂNEŞTI,22834,1,PROV,PRCNCT,S,S_SV,"2021-01-21 12:30:02",195,187,8,0,72,64,8,0,200,128,67,2,3,1,2,31,1,0,21,1,1,2,5,2
4,BACĂU,"PRIMĂRIA GURA VĂII",372,"GURA VĂII",20607,1,PROV,PRCNCT,S,S_SV,"2021-01-21 12:30:02",1262,1237,25,0,414,389,25,0,1400,986,399,11,4,28,18,41,11,0,227,3,4,6,46,15
4,BACĂU,"GRĂDINIŢA PĂTRĂŞCANI",373,"GURA VĂII",20607,1,PROV,PRCNCT,S,S_SV,"2021-01-21 12:30:02",329,316,13,0,122,109,13,0,400,278,115,3,4,5,7,18,1,1,64,3,2,1,12,1
4,BACĂU,"CASA PRAZNICALĂ BISERICA ORTODOXĂ SF.TREIME - MOTOCEŞTI",374,"GURA VĂII",20607,1,PROV,PRCNCT,S,S_SV,"2021-01-21 12:30:02",128,113,15,0,45,30,15,0,200,155,43,2,0,3,2,11,1,0,19,0,0,0,4,3
4,BACĂU,"ŞCOALA TEMELIA",375,"GURA VĂII",20607,1,PROV,PRCNCT,S,S_SV,"2021-01-21 12:30:02",776,770,6,0,151,145,6,0,800,649,137,7,7,8,7,16,3,0,79,3,1,1,11,8
4,BACĂU,"ŞCOALA PĂLTINATA",376,"GURA VĂII",20607,1,PROV,PRCNCT,S,S_SV,"2021-01-21 12:30:02",370,365,5,0,114,109,5,0,400,286,106,3,5,3,2,11,21,0,53,2,2,2,10,0
4,BACĂU,"SCOALA GENERALA CU CLASELE I-VIII DUMBRAVA",377,"GURA VĂII",20607,1,PROV,PRCNCT,S,S_SV,"2021-01-21 12:30:02",976,966,10,0,251,241,10,0,1100,849,238,5,8,7,7,25,25,0,123,4,4,4,28,11
4,BACĂU,"ŞCOALA CAPĂTA",378,"GURA VĂII",20607,1,PROV,PRCNCT,S,S_SV,"2021-01-21 12:30:02",300,292,8,0,124,116,8,0,300,176,113,4,7,8,3,12,4,0,59,0,2,2,20,3
4,BACĂU,"ŞCOALA GIMNAZIALĂ HELEGIU",379,HELEGIU,22898,1,PROV,PRCNCT,S,S_SV,"2021-01-21 12:30:02",959,948,11,0,243,232,11,0,1000,757,237,3,3,23,20,68,13,1,57,3,4,4,38,6
4,BACĂU,"ŞCOALA GIMNAZIALĂ BRĂTILA 2",380,HELEGIU,22898,1,PROV,PRCNCT,S,S_SV,"2021-01-21 12:30:02",671,650,18,3,176,155,18,3,700,524,171,5,0,42,4,26,9,1,48,4,1,6,30,0
4,BACĂU,"SCOALA CU CLASELE I-VIII BRATILA 1",381,HELEGIU,22898,2,PART,PRCNCT,S,S_SV,"2021-01-21 12:30:02",863,847,16,0,178,162,16,0,900,722,174,4,0,27,17,33,2,1,50,1,4,5,30,4
4,BACĂU,"SCOALA GIMNAZIALA DELENI",382,HELEGIU,22898,1,PROV,PRCNCT,S,S_SV,"2021-01-21 12:30:02",1353,1346,7,0,257,250,7,0,1500,1243,246,5,6,16,13,44,14,2,89,1,2,8,52,5
4,BACĂU,"ŞCOALA GIMNAZIALĂ NR.1 DRĂGUGEŞTI",383,HELEGIU,22898,1,PROV,PRCNCT,S,S_SV,"2021-01-21 12:30:02",1225,1207,18,0,223,205,18,0,1300,1077,206,9,8,15,7,46,17,2,78,1,4,6,23,7
4,BACĂU,"ŞCOALA PRIMARĂ NR.2 DRĂGUGEŞTI",384,HELEGIU,22898,1,PROV,PRCNCT,S,S_SV,"2021-01-21 12:30:02",377,364,13,0,84,71,13,0,396,312,79,2,3,5,2,14,4,2,35,1,2,2,10,2
4,BACĂU,"CĂMINUL CULTURAL HEMEIUŞ",385,HEMEIUŞ,20313,1,PROV,PRCNCT,S,S_SV,"2021-01-21 12:30:02",1534,1486,48,0,484,436,48,0,1600,1116,472,8,4,25,95,127,37,3,114,11,6,9,42,3
4,BACĂU,"ŞCOALA GENERALA GRIGORE TĂBĂCARU HEMEIUŞ",386,HEMEIUŞ,20313,1,PROV,PRCNCT,S,S_SV,"2021-01-21 12:30:02",964,904,60,0,365,305,60,0,1000,635,357,8,0,21,70,99,43,1,71,9,7,3,31,2
4,BACĂU,"SCOALA GENERALA ION SIMIONESCU, LILIECI",387,HEMEIUŞ,20313,1,PROV,PRCNCT,S,S_SV,"2021-01-21 12:30:02",1509,1490,19,0,444,425,19,0,1600,1156,438,2,4,11,81,115,17,2,105,15,4,6,75,7
4,BACĂU,"ŞCOALA GENERALA ION SIMIONESCU LILIECI",388,HEMEIUŞ,20313,1,PROV,PRCNCT,S,S_SV,"2021-01-21 12:30:02",1298,1263,33,2,421,386,33,2,1400,979,411,8,2,15,70,111,17,0,99,10,10,3,71,5
4,BACĂU,"PRIMĂRIA HORGEŞTI",389,HORGEŞTI,22941,1,PROV,PRCNCT,S,S_SV,"2021-01-21 12:30:02",1387,1370,17,0,280,263,17,0,1500,1220,276,3,1,7,40,40,8,1,127,4,8,4,21,16
4,BACĂU,"ŞCOALA SOHODOR",390,HORGEŞTI,22941,1,PROV,PRCNCT,S,S_SV,"2021-01-21 12:30:02",1062,1049,13,0,309,296,13,0,1200,891,287,10,12,1,3,18,2,0,213,0,7,6,28,9
4,BACĂU,"ŞCOALA RECEA",391,HORGEŞTI,22941,2,PART,PRCNCT,S,S_SV,"2021-01-21 12:30:02",672,665,7,0,173,166,7,0,700,527,160,5,8,1,2,7,1,1,116,1,3,3,22,3
4,BACĂU,"ŞCOALA RĂCĂTĂU",392,HORGEŞTI,22941,1,PROV,PRCNCT,S,S_SV,"2021-01-21 12:30:02",924,909,15,0,250,235,15,0,1000,750,234,10,6,8,9,3,7,0,152,0,2,1,46,6
4,BACĂU,"PRIMĂRIA HURUIEŞTI",393,HURUIEŞTI,23047,1,PROV,PRCNCT,S,S_SV,"2021-01-21 12:30:02",588,570,18,0,172,154,18,0,600,428,167,1,4,4,4,22,1,1,110,1,1,3,16,4
4,BACĂU,"FOSTUL LOCAL AL ŞCOLII PERCHIU",394,HURUIEŞTI,23047,1,PROV,PRCNCT,S,S_SV,"2021-01-21 12:30:02",132,121,11,0,51,40,11,0,200,149,46,3,2,0,4,4,1,0,25,1,0,0,10,1
4,BACĂU,"FOSTUL LOCAL AL ŞCOLII PRADAIŞ",395,HURUIEŞTI,23047,1,PROV,PRCNCT,S,S_SV,"2021-01-21 12:30:02",267,251,16,0,111,95,16,0,300,189,108,1,2,5,3,19,2,0,63,1,0,3,7,5
4,BACĂU,"FOSTUL LOCAL AL ŞCOLII CAPOTEŞTI",396,HURUIEŞTI,23047,1,PROV,PRCNCT,S,S_SV,"2021-01-21 12:30:02",184,160,24,0,86,62,24,0,200,114,78,4,4,6,0,3,1,0,56,1,0,4,5,2
4,BACĂU,"LOCALUL ŞCOLII OCHENI",397,HURUIEŞTI,23047,1,PROV,PRCNCT,S,S_SV,"2021-01-21 12:30:02",288,282,6,0,125,119,6,0,300,175,116,7,2,3,0,11,1,1,84,1,1,3,6,5
4,BACĂU,"FOSTUL LOCAL AL ŞCOLII FLOREŞTI",398,HURUIEŞTI,23047,1,PROV,PRCNCT,S,S_SV,"2021-01-21 12:30:02",142,133,9,0,57,48,9,0,200,143,54,2,1,1,2,11,2,0,31,1,1,2,2,1
4,BACĂU,"LOCALUL ŞCOLII FUNDOAIA",399,HURUIEŞTI,23047,1,PROV,PRCNCT,S,S_SV,"2021-01-21 12:30:02",323,311,12,0,139,127,12,0,400,261,132,2,5,3,2,15,2,0,96,0,1,3,5,5
4,BACĂU,"ŞCOALA CL.I-VIII ITEŞTI",400,ITEŞTI,26379,1,PROV,PRCNCT,S,S_SV,"2021-01-21 12:30:02",739,717,22,0,258,236,22,0,796,538,251,4,3,3,8,115,18,0,45,2,2,5,49,4
4,BACĂU,"ŞCOALA DUMBRAVA",401,ITEŞTI,26379,1,PROV,PRCNCT,S,S_SV,"2021-01-21 12:30:02",377,360,17,0,142,125,17,0,404,262,138,3,1,3,24,35,13,1,32,10,2,2,15,1
4,BACĂU,"CĂMINUL CULTURAL CIUMAŞI",402,ITEŞTI,26379,1,PROV,PRCNCT,S,S_SV,"2021-01-21 12:30:02",155,137,18,0,57,39,18,0,200,143,55,0,2,8,2,19,3,1,2,2,2,1,3,12
4,BACĂU,"ŞCOALA CONSTANTIN MOSCU IZV.BERHECIULUI",403,"IZVORU BERHECIULUI",23127,1,PROV,PRCNCT,S,S_SV,"2021-01-21 12:30:02",678,651,27,0,193,166,27,0,700,507,186,5,2,62,16,28,1,1,52,2,1,9,13,1
4,BACĂU,"ŞCOALA GENERALĂ ANTOHEŞTI",404,"IZVORU BERHECIULUI",23127,1,PROV,PRCNCT,S,S_SV,"2021-01-21 12:30:02",328,308,20,0,103,83,20,0,400,297,100,1,2,34,2,14,5,0,31,0,4,4,5,1
4,BACĂU,"ŞCOALA GENERALĂ OBÎRŞIA",405,"IZVORU BERHECIULUI",23127,1,PROV,PRCNCT,S,S_SV,"2021-01-21 12:30:02",335,310,25,0,129,104,25,0,400,271,123,3,3,26,3,49,4,0,26,1,2,3,5,4
4,BACĂU,"ŞCOALA COORDONATOARE LETEA VECHE",406,"LETEA VECHE",20359,1,PROV,PRCNCT,S,S_SV,"2021-01-21 12:30:02",1475,1440,35,0,437,402,35,0,1600,1163,430,6,1,21,61,83,20,3,160,11,14,4,49,4
4,BACĂU,"SCOALA COORDONATOARE LETEA VECHE",407,"LETEA VECHE",20359,1,PROV,PRCNCT,S,S_SV,"2021-01-21 12:30:02",1670,1649,19,2,535,514,19,2,1791,1256,523,12,0,26,111,92,25,1,159,15,10,3,71,10
4,BACĂU,"ŞCOALA HOLT",408,"LETEA VECHE",20359,1,PROV,PRCNCT,S,S_SV,"2021-01-21 12:30:02",1516,1465,51,0,520,469,51,0,1600,1080,501,13,6,38,54,103,21,3,170,14,13,9,65,11
4,BACĂU,"ŞCOALA RADOMIREŞTI",409,"LETEA VECHE",20359,1,PROV,PRCNCT,S,S_SV,"2021-01-21 12:30:02",357,336,21,0,99,78,21,0,400,301,94,4,1,6,16,16,5,1,28,1,5,2,13,1
4,BACĂU,"ŞCOALA RUŞI CIUTEA",410,"LETEA VECHE",20359,1,PROV,PRCNCT,S,S_SV,"2021-01-21 12:30:02",636,610,26,0,261,235,26,0,700,439,254,7,0,7,18,36,15,0,103,6,5,5,57,2
4,BACĂU,"ŞCOALA SIRETU",411,"LETEA VECHE",20359,1,PROV,PRCNCT,S,S_SV,"2021-01-21 12:30:02",503,478,25,0,169,144,25,0,500,331,167,2,0,7,22,17,9,1,78,2,3,2,26,0
4,BACĂU,"ŞCOALA CU CLASELE I-VIII M.EMINESCU LIPOVA",412,LIPOVA,23207,1,PROV,PRCNCT,S,S_SV,"2021-01-21 12:30:02",511,497,14,0,226,212,14,0,496,270,207,14,5,3,8,23,0,1,134,5,3,5,15,10
4,BACĂU,"ŞCOALA CU CLASELE I-IV VALEA HOGEI",413,LIPOVA,23207,1,PROV,PRCNCT,S,S_SV,"2021-01-21 12:30:02",244,224,20,0,118,98,20,0,300,182,112,3,3,10,2,16,1,0,68,1,0,4,8,2
4,BACĂU,"ŞCOALA CU CLASELE I-VIII SATU NOU",414,LIPOVA,23207,1,PROV,PRCNCT,S,S_SV,"2021-01-21 12:30:02",410,402,8,0,156,148,8,0,406,250,142,5,9,8,1,12,1,0,103,1,1,2,10,3
4,BACĂU,"ŞCOALA CU CLASELE I-IV VALEA CASELOR",415,LIPOVA,23207,1,PROV,PRCNCT,S,S_SV,"2021-01-21 12:30:02",382,372,10,0,165,155,10,0,400,235,156,6,3,4,1,11,4,0,96,1,2,3,34,0
4,BACĂU,"ŞCOALA CU CLASELE I-VIII MÎLOSU",416,LIPOVA,23207,2,PART,PRCNCT,S,S_SV,"2021-01-21 12:30:02",779,768,11,0,291,280,11,0,800,509,269,12,10,4,5,16,3,4,199,2,1,1,27,7
4,BACĂU,"ŞCOALA GIMNAZIALĂ NR.1 LIVEZI",417,LIVEZI,23289,1,PROV,PRCNCT,S,S_SV,"2021-01-21 12:30:02",795,779,16,0,171,155,16,0,900,729,164,2,5,6,13,38,5,0,66,3,5,5,20,3
4,BACĂU,"ŞCOALA PRIMARĂ ORĂŞA",418,LIVEZI,23289,1,PROV,PRCNCT,S,S_SV,"2021-01-21 12:30:02",716,699,17,0,199,182,17,0,800,601,192,3,4,4,33,48,4,2,73,1,1,7,14,5
4,BACĂU,"ŞCOALA PRIMARĂ PRĂJOAIA",419,LIVEZI,23289,1,PROV,PRCNCT,S,S_SV,"2021-01-21 12:30:02",820,805,15,0,195,180,15,0,900,705,187,4,4,4,24,52,7,0,53,0,2,5,37,3
4,BACĂU,"ŞCOALA PRIMARĂ SCĂRIGA",420,LIVEZI,23289,1,PROV,PRCNCT,S,S_SV,"2021-01-21 12:30:02",457,446,11,0,144,133,11,0,500,356,137,5,2,2,15,54,1,1,51,3,2,3,4,1
4,BACĂU,"ŞCOALA GIMNAZIALĂ POIANA",421,LIVEZI,23289,1,PROV,PRCNCT,S,S_SV,"2021-01-21 12:30:02",757,742,15,0,177,162,15,0,800,623,168,5,4,4,21,48,15,2,41,0,1,3,30,3
4,BACĂU,"ŞCOALA PRIMARĂ BĂLĂNEASA",422,LIVEZI,23289,1,PROV,PRCNCT,S,S_SV,"2021-01-21 12:30:02",937,925,12,0,206,194,12,0,1000,794,188,11,7,9,18,41,6,1,59,2,4,3,39,6
4,BACĂU,"ŞCOALA CU CLASELE I-VIII LUIZI CĂLUGĂRA",423,LUIZI-CĂLUGĂRA,23350,1,PROV,PRCNCT,S,S_SV,"2021-01-21 12:30:02",1261,1232,27,2,301,272,27,2,1300,999,291,5,5,9,52,146,3,1,42,3,2,6,21,6
4,BACĂU,"ŞCOALA CU CLASELE I-VIII LUIZI CĂLUGĂRA",424,LUIZI-CĂLUGĂRA,23350,1,PROV,PRCNCT,S,S_SV,"2021-01-21 12:30:02",1254,1229,19,6,282,257,19,6,1300,1018,273,3,6,6,56,140,1,5,30,2,1,6,24,2
4,BACĂU,"ŞCOALA CU CLASELE I-VIII OSEBIŢI",425,LUIZI-CĂLUGĂRA,23350,1,PROV,PRCNCT,S,S_SV,"2021-01-21 12:30:02",896,880,14,2,231,215,14,2,1000,769,221,6,4,8,70,85,0,2,28,7,1,4,12,4
4,BACĂU,"ŞCOALA CU CLASELE I-VIII OSEBIŢI",426,LUIZI-CĂLUGĂRA,23350,1,PROV,PRCNCT,S,S_SV,"2021-01-21 12:30:02",893,881,12,0,234,222,12,0,1000,766,221,6,7,6,37,94,9,4,33,3,6,7,17,5
4,BACĂU,"CAMINUL CULTURAL MAGIRESTI",427,MĂGIREŞTI,23387,1,PROV,PRCNCT,S,S_SV,"2021-01-21 12:30:02",1506,1490,16,0,478,462,16,0,1600,1122,456,12,10,23,32,135,19,1,131,7,12,4,81,11
4,BACĂU,"ŞCOALA CU CLASELE.I-IV STĂNEŞTI (CORP NOU)",428,MĂGIREŞTI,23387,1,PROV,PRCNCT,S,S_SV,"2021-01-21 12:30:02",507,495,12,0,161,149,12,0,500,339,150,5,6,5,8,54,4,0,44,1,1,3,27,3
4,BACĂU,"ŞCOALA CU CLASELE I-VIII VALEA ARINILOR",429,MĂGIREŞTI,23387,1,PROV,PRCNCT,S,S_SV,"2021-01-21 12:30:02",980,966,14,0,312,298,14,0,1100,788,300,7,5,7,29,97,8,1,78,5,5,5,56,9
4,BACĂU,"SCOALA CU CLASELE I-IV PRAJESTII",430,MĂGIREŞTI,23387,1,PROV,PRCNCT,S,S_SV,"2021-01-21 12:30:02",511,484,27,0,177,150,27,0,500,323,168,3,6,2,9,86,4,0,35,5,3,2,20,2
4,BACĂU,"ŞCOALA NR.2 MĂGURA-SALA 1",431,MĂGURA,20411,1,PROV,PRCNCT,S,S_SV,"2021-01-21 12:30:02",1122,1094,28,0,359,331,28,0,1200,841,352,7,0,28,73,97,27,1,79,13,8,3,20,3
4,BACĂU,"SCOALA NR.2 SAT MAGURA - SALA 2",432,MĂGURA,20411,1,PROV,PRCNCT,S,S_SV,"2021-01-21 12:30:02",877,831,46,0,243,197,46,0,900,657,240,3,0,23,36,65,17,0,74,4,6,2,12,1
4,BACĂU,"ŞCOALA GENERALA NR.1 EMIL BRĂIESCU MĂGURA",433,MĂGURA,20411,1,PROV,PRCNCT,S,S_SV,"2021-01-21 12:30:02",1493,1414,79,0,447,368,79,0,1500,1053,443,0,4,66,89,98,35,0,96,6,4,4,37,8
4,BACĂU,"CAMIN CULTURAL SOHODOL",434,MĂGURA,20411,1,PROV,PRCNCT,S,S_SV,"2021-01-21 12:30:02",1149,1109,40,0,330,290,40,0,1198,868,326,3,1,28,41,97,29,0,80,6,4,5,32,4
4,BACĂU,"CĂMINUL CULTURAL SATUL MĂNĂSTIREA CAŞIN",435,"MĂNĂSTIREA CAŞIN",23449,1,PROV,PRCNCT,S,S_SV,"2021-01-21 12:30:02",1516,1507,9,0,340,331,9,0,1700,1360,327,4,9,4,17,95,9,0,124,3,4,6,60,5
4,BACĂU,"CĂMINUL CULTURAL SATUL MĂNĂSTIREA CAŞIN",436,"MĂNĂSTIREA CAŞIN",23449,1,PROV,PRCNCT,S,S_SV,"2021-01-21 12:30:02",579,574,5,0,110,105,5,0,598,488,109,1,0,2,7,22,4,2,39,1,0,0,30,2
4,BACĂU,"ŞCOALA GENERALA.NR.2 MĂNĂSTIREA CAŞIN",437,"MĂNĂSTIREA CAŞIN",23449,1,PROV,PRCNCT,S,S_SV,"2021-01-21 12:30:02",1654,1640,11,3,333,319,11,3,1800,1467,322,4,7,11,13,128,2,1,107,2,2,3,46,7
4,BACĂU,"ŞCOALA LUPEŞTI",438,"MĂNĂSTIREA CAŞIN",23449,1,PROV,PRCNCT,S,S_SV,"2021-01-21 12:30:02",637,624,13,0,128,115,13,0,700,572,126,0,2,7,11,33,6,1,33,2,4,4,22,3
4,BACĂU,"ŞCOALA CU CLASELE I-VIII MĂRGINENI",439,MĂRGINENI,20466,1,PROV,PRCNCT,S,S_SV,"2021-01-21 12:30:02",1131,1111,20,0,310,290,20,0,1200,890,305,2,3,11,60,78,14,2,67,6,10,4,49,4
4,BACĂU,"ŞCOALA CU CLASELE I-VIII MĂRGINENI",440,MĂRGINENI,20466,1,PROV,PRCNCT,S,S_SV,"2021-01-21 12:30:02",1353,1324,29,0,338,309,29,0,1400,1062,324,9,5,14,61,89,14,2,69,8,8,3,55,1
4,BACĂU,"ŞCOALA CU CLASELE I-VIII MĂRGINENI",441,MĂRGINENI,20466,1,PROV,PRCNCT,S,S_SV,"2021-01-21 12:30:02",1113,1097,16,0,257,241,16,0,1196,939,246,10,1,7,56,57,6,1,67,3,4,3,38,4
4,BACĂU,"ŞCOALA CU CLASELE I-VIII BARAŢI",442,MĂRGINENI,20466,1,PROV,PRCNCT,S,S_SV,"2021-01-21 12:30:02",1756,1735,21,0,471,450,21,0,1900,1429,461,9,1,12,90,96,14,5,140,9,13,7,64,11
4,BACĂU,"ŞCOALA CU CLASELE I-VIII TREBEŞ",443,MĂRGINENI,20466,1,PROV,PRCNCT,S,S_SV,"2021-01-21 12:30:02",715,696,19,0,204,185,19,0,796,592,190,11,3,4,27,38,9,1,74,6,6,1,21,3
4,BACĂU,"ŞCOALA CU CLASELE I - IV VALEA BUDULUI",444,MĂRGINENI,20466,1,PROV,PRCNCT,S,S_SV,"2021-01-21 12:30:02",440,423,17,0,149,132,17,0,496,347,146,3,0,12,33,42,4,1,28,5,3,4,13,1
4,BACĂU,"ŞCOALA CU CLASELE I - IV PĂDURENI",445,MĂRGINENI,20466,1,PROV,PRCNCT,S,S_SV,"2021-01-21 12:30:02",327,317,10,0,86,76,10,0,400,314,85,0,1,0,17,17,4,1,30,3,2,2,9,0
4,BACĂU,"ŞCOALA CU CLASELE I-VIII LUNCANI",446,MĂRGINENI,20466,2,PART,PRCNCT,S,S_SV,"2021-01-21 12:30:02",1084,1047,37,0,322,285,37,0,1100,778,315,5,2,20,46,61,12,1,121,3,5,8,33,5
4,BACĂU,"ŞCOALA CU CLASELE I - IV PODIȘ",447,MĂRGINENI,20466,1,PROV,PRCNCT,S,S_SV,"2021-01-21 12:30:02",599,564,35,0,161,126,35,0,600,439,155,5,1,7,14,35,11,0,55,6,3,3,18,3
4,BACĂU,"CASA SATULUI SI TRADITIILOR",448,MOTOŞENI,23494,1,PROV,PRCNCT,S,S_SV,"2021-01-21 12:30:02",876,851,24,1,260,235,24,1,900,640,251,5,4,19,5,27,0,0,165,0,0,6,20,9
4,BACĂU,"ŞCOALA SATUL ŢEPOAIA",449,MOTOŞENI,23494,1,PROV,PRCNCT,S,S_SV,"2021-01-21 12:30:02",424,415,9,0,135,126,9,0,500,365,128,2,5,7,5,19,1,0,88,1,2,0,3,2
4,BACĂU,"ŞCOALA SATUL COCIU",450,MOTOŞENI,23494,1,PROV,PRCNCT,S,S_SV,"2021-01-21 12:30:02",249,239,10,0,84,74,10,0,300,216,74,7,3,1,2,6,1,1,47,1,2,5,5,3
4,BACĂU,"ŞCOALA SATUL POIANA",451,MOTOŞENI,23494,1,PROV,PRCNCT,S,S_SV,"2021-01-21 12:30:02",277,256,21,0,121,100,21,0,300,179,109,5,7,1,2,6,2,0,82,0,2,1,12,1
4,BACĂU,"ŞCOALA SATUL FÎNTÎNELE",452,MOTOŞENI,23494,1,PROV,PRCNCT,S,S_SV,"2021-01-21 12:30:02",536,529,7,0,179,172,7,0,600,421,162,6,11,2,8,20,4,0,113,1,1,0,9,4
4,BACĂU,"ŞCOALA SATUL ŞENDREŞTI",453,MOTOŞENI,23494,1,PROV,PRCNCT,S,S_SV,"2021-01-21 12:30:02",303,292,11,0,128,117,11,0,300,172,122,3,3,2,4,22,3,1,82,0,1,3,4,0
4,BACĂU,"ŞCOALA COSTACHE NEGRI SATUL NEGRI",454,NEGRI,23644,1,PROV,PRCNCT,S,S_SV,"2021-01-21 12:30:02",1105,1078,27,0,299,272,27,0,1200,901,282,10,7,13,19,52,5,2,154,3,3,1,18,12
4,BACĂU,"ŞCOALA ION IONESCU DE LA BRAD SATUL POIANA-NEGRI",455,NEGRI,23644,1,PROV,PRCNCT,S,S_SV,"2021-01-21 12:30:02",1194,1181,13,0,266,253,13,0,1300,1034,256,5,5,24,4,44,1,1,140,1,2,9,16,14
4,BACĂU,"SCOALA NICOLAE BALCESCU",456,"NICOLAE BĂLCESCU",23715,1,PROV,PRCNCT,S,S_SV,"2021-01-21 12:30:02",1221,1207,13,1,281,267,13,1,1300,1019,275,5,1,19,74,85,6,7,48,3,4,7,19,3
4,BACĂU,"SCOALA NICOLAE BALCESCU",457,"NICOLAE BĂLCESCU",23715,1,PROV,PRCNCT,S,S_SV,"2021-01-21 12:30:02",1565,1545,19,1,333,313,19,1,1700,1367,323,6,4,24,112,74,9,9,56,4,4,4,21,6
4,BACĂU,"SCOALA NICOLAE BALCESCU",458,"NICOLAE BĂLCESCU",23715,1,PROV,PRCNCT,S,S_SV,"2021-01-21 12:30:02",1638,1620,18,0,349,331,18,0,1800,1451,339,3,7,37,104,72,5,15,53,5,1,10,35,2
4,BACĂU,"ŞCOALA SATUL GALBENI",459,"NICOLAE BĂLCESCU",23715,1,PROV,PRCNCT,S,S_SV,"2021-01-21 12:30:02",1229,1214,13,2,328,313,13,2,1300,972,320,8,0,20,72,124,7,9,34,2,5,8,35,4
4,BACĂU,"ȘCOALA GIMNAZIALĂ NR.1 VALEA-SEACĂ",460,"NICOLAE BĂLCESCU",23715,2,PART,PRCNCT,S,S_SV,"2021-01-21 12:30:02",801,785,16,0,168,152,16,0,900,732,166,1,1,12,20,46,1,5,37,9,2,5,26,3
4,BACĂU,"ȘCOALA GIMNAZIALĂ NR.1 VALEA-SEACĂ",461,"NICOLAE BĂLCESCU",23715,1,PROV,PRCNCT,S,S_SV,"2021-01-21 12:30:02",1028,1019,9,0,205,196,9,0,1100,895,198,4,3,10,35,73,3,5,32,6,3,3,23,5
4,BACĂU,"ȘCOALA GIMNAZIALĂ NR.1 VALEA-SEACĂ",462,"NICOLAE BĂLCESCU",23715,1,PROV,PRCNCT,S,S_SV,"2021-01-21 12:30:02",668,659,9,0,118,109,9,0,700,582,115,3,0,7,16,35,8,0,21,3,6,2,15,2
4,BACĂU,"ŞCOALA SATUL LĂRGUŢA",463,"NICOLAE BĂLCESCU",23715,1,PROV,PRCNCT,S,S_SV,"2021-01-21 12:30:02",192,180,12,0,69,57,12,0,200,131,67,2,0,2,12,17,2,2,24,1,1,4,1,1
4,BACĂU,"ŞCOALA CU CLASELE I-IV ODOBEŞTI",464,ODOBEŞTI,26353,1,PROV,PRCNCT,S,S_SV,"2021-01-21 12:30:02",408,373,35,0,137,102,35,0,400,263,127,8,2,6,6,39,6,0,45,1,5,1,17,1
4,BACĂU,"ŞCOALA CU CLASELE I-VIII TISA SILVESTRI",465,ODOBEŞTI,26353,1,PROV,PRCNCT,S,S_SV,"2021-01-21 12:30:02",940,887,49,4,345,292,49,4,1000,655,336,6,3,9,18,43,7,1,227,1,5,2,17,6
4,BACĂU,"ŞCOALA CU CLASELE I-VIII CIUTUREŞTI",466,ODOBEŞTI,26353,1,PROV,PRCNCT,S,S_SV,"2021-01-21 12:30:02",649,627,22,0,257,235,22,0,704,447,239,10,8,43,13,34,14,1,101,1,3,9,12,8
4,BACĂU,"SCOALA GIMNAZIALA, COMUNA OITUZ",467,OITUZ,23797,1,PROV,PRCNCT,S,S_SV,"2021-01-21 12:30:02",534,525,9,0,99,90,9,0,603,504,98,1,0,2,19,30,6,1,22,2,3,2,9,2
4,BACĂU,"SCOALA GIMNAZIALA NR. 1 OITUZ",468,OITUZ,23797,1,PROV,PRCNCT,S,S_SV,"2021-01-21 12:30:02",1320,1306,14,0,228,214,14,0,1400,1172,221,4,3,6,22,69,8,0,67,1,2,3,35,8
4,BACĂU,"GRADINITA NR. 1 OITUZ",469,OITUZ,23797,1,PROV,PRCNCT,S,S_SV,"2021-01-21 12:30:02",1504,1492,9,3,257,245,9,3,1604,1347,250,1,6,6,20,114,7,2,63,2,4,4,24,4
4,BACĂU,"GRADINITA NR. 2 OITUZ",470,OITUZ,23797,1,PROV,PRCNCT,S,S_SV,"2021-01-21 12:30:02",920,902,18,0,161,143,18,0,1000,839,154,5,2,7,7,42,7,1,53,6,2,3,22,4
4,BACĂU,"GRADINITA NR.3 OITUZ",471,OITUZ,23797,1,PROV,PRCNCT,S,S_SV,"2021-01-21 12:30:02",1052,1041,11,0,181,170,11,0,1100,919,175,3,3,4,5,77,4,1,37,1,6,8,32,0
4,BACĂU,"GRĂDINIŢA MARGINEA",472,OITUZ,23797,1,PROV,PRCNCT,S,S_SV,"2021-01-21 12:30:02",605,601,4,0,133,129,4,0,700,567,126,4,3,2,4,17,7,2,58,3,2,3,26,2
4,BACĂU,"GRĂDINIŢA CĂLCÂI",473,OITUZ,23797,1,PROV,PRCNCT,S,S_SV,"2021-01-21 12:30:02",389,378,11,0,54,43,11,0,400,346,52,2,0,3,6,11,1,2,16,1,2,2,7,1
4,BACĂU,"ŞCOALA GIMNAZIALA FERESTRAU",474,OITUZ,23797,1,PROV,PRCNCT,S,S_SV,"2021-01-21 12:30:02",898,888,10,0,184,174,10,0,1000,816,178,2,4,9,13,56,5,0,49,4,4,4,28,6
4,BACĂU,"AŞEZĂMÂNT FILANTROPIC ”SFÂNTUL VOIEVOD ŞTEFAN CEL MARE” HÎRJA",475,OITUZ,23797,1,PROV,PRCNCT,S,S_SV,"2021-01-21 12:30:02",293,263,29,1,79,49,29,1,300,221,77,0,2,3,4,19,5,1,28,6,2,0,7,2
4,BACĂU,"SCOALA POIANA-SĂRATĂ",476,OITUZ,23797,1,PROV,PRCNCT,S,S_SV,"2021-01-21 12:30:02",247,218,29,0,81,52,29,0,300,219,79,1,1,6,14,19,1,2,24,4,2,0,6,1
4,BACĂU,"CĂMINUL CULTURAL SATUL ONCEŞTI",477,ONCEŞTI,23868,1,PROV,PRCNCT,S,S_SV,"2021-01-21 12:30:02",770,735,35,0,276,241,35,0,800,524,263,5,8,30,8,21,8,4,159,2,2,7,14,8
4,BACĂU,"SALA DE FESTIVITĂŢI SATUL TARNIŢA",478,ONCEŞTI,23868,1,PROV,PRCNCT,S,S_SV,"2021-01-21 12:30:02",554,525,29,0,234,205,29,0,600,366,223,2,9,12,15,17,4,2,136,1,3,0,23,10
4,BACĂU,"ŞCOALA CU CLASELE I-VIII SATUL ORBENI",479,ORBENI,23948,1,PROV,PRCNCT,S,S_SV,"2021-01-21 12:30:02",937,912,25,0,253,228,25,0,1000,747,246,3,4,17,8,41,9,1,128,3,7,2,24,6
4,BACĂU,"ŞCOALA PRIMARĂ NR.2 SATUL ORBENI",480,ORBENI,23948,1,PROV,PRCNCT,S,S_SV,"2021-01-21 12:30:02",673,662,11,0,188,177,11,0,700,512,174,4,10,7,4,31,6,1,83,2,4,5,21,10
4,BACĂU,"ŞCOALA GIMNAZIALA NR. 1 SATUL SCURTA",481,ORBENI,23948,1,PROV,PRCNCT,S,S_SV,"2021-01-21 12:30:02",610,595,15,0,166,151,15,0,600,434,156,4,6,1,1,22,2,1,89,3,5,3,24,5
4,BACĂU,"SCOALA PRIMARA NR 3 SCURTA",482,ORBENI,23948,1,PROV,PRCNCT,S,S_SV,"2021-01-21 12:30:02",804,790,14,0,294,280,14,0,900,606,263,21,10,2,2,33,6,1,159,1,4,7,42,6
4,BACĂU,"PRIMĂRIA PALANCA",483,PALANCA,23975,1,PROV,PRCNCT,S,S_SV,"2021-01-21 12:30:02",1257,1244,13,0,347,334,13,0,1400,1053,328,12,7,10,22,51,4,5,166,3,5,2,53,7
4,BACĂU,"CĂMINUL CULTURAL SATUL CIUGHEŞ",484,PALANCA,23975,1,PROV,PRCNCT,S,S_SV,"2021-01-21 12:30:02",1453,1439,14,0,380,366,14,0,1600,1220,367,7,6,10,9,17,4,1,238,6,8,4,65,5
4,BACĂU,"ŞCOALA SATUL CĂDĂRĂŞTI",485,PALANCA,23975,1,PROV,PRCNCT,S,S_SV,"2021-01-21 12:30:02",99,85,14,0,23,9,14,0,100,77,23,0,0,1,4,2,1,1,11,1,1,0,1,0
4,BACĂU,"PRIMARIA COMUNEI PARAVA (SALA DE FESTIVITATI)",486,PARAVA,24034,1,PROV,PRCNCT,S,S_SV,"2021-01-21 12:30:02",776,742,27,7,236,202,27,7,800,564,226,7,3,8,17,80,1,2,60,2,6,2,36,12
4,BACĂU,"ŞCOALA GIMNAZIALĂ SATUL DRĂGUŞANI",487,PARAVA,24034,1,PROV,PRCNCT,S,S_SV,"2021-01-21 12:30:02",724,686,33,5,207,169,33,5,700,493,200,3,4,4,15,29,33,0,83,4,3,6,17,6
4,BACĂU,"ŞCOALA GIMNAZIALĂ SATUL RĂDOAIA",488,PARAVA,24034,1,PROV,PRCNCT,S,S_SV,"2021-01-21 12:30:02",989,971,14,4,133,115,14,4,1100,967,114,10,9,5,2,4,5,2,62,1,0,5,22,6
4,BACĂU,"ŞCOALA PRIMARĂ SATUL TEIUŞ",489,PARAVA,24034,1,PROV,PRCNCT,S,S_SV,"2021-01-21 12:30:02",227,210,17,0,87,70,17,0,300,213,84,2,1,8,7,17,14,1,19,2,1,2,10,3
4,BACĂU,"LICEUL TEHNOLOGIC ”G.J.CANCICOV” PARINCEA",490,PARINCEA,24089,1,PROV,PRCNCT,S,S_SV,"2021-01-21 12:30:02",747,723,24,0,274,250,24,0,800,526,254,16,4,10,21,24,6,0,144,3,2,6,28,10
4,BACĂU,"ŞCOALA VĂLENI",491,PARINCEA,24089,1,PROV,PRCNCT,S,S_SV,"2021-01-21 12:30:02",445,434,11,0,108,97,11,0,500,392,104,1,3,2,12,20,4,1,50,3,3,1,4,4
4,BACĂU,"ŞCOALA VLADNIC",492,PARINCEA,24089,1,PROV,PRCNCT,S,S_SV,"2021-01-21 12:30:02",683,667,16,0,217,201,16,0,700,483,198,12,7,2,15,19,2,6,109,1,3,8,28,5
4,BACĂU,"ŞCOALA NĂNEŞTI",493,PARINCEA,24089,1,PROV,PRCNCT,S,S_SV,"2021-01-21 12:30:02",590,577,13,0,160,147,13,0,600,440,150,4,6,3,7,9,1,3,103,1,1,0,20,2
4,BACĂU,"CENTRU EVENIMENTE POIENI",494,PARINCEA,24089,1,PROV,PRCNCT,S,S_SV,"2021-01-21 12:30:02",261,241,20,0,78,58,20,0,300,222,76,2,0,2,2,9,2,1,47,3,3,1,6,0
4,BACĂU,"ŞCOALA MILEŞTII DE JOS",495,PARINCEA,24089,1,PROV,PRCNCT,S,S_SV,"2021-01-21 12:30:02",251,228,21,2,81,58,21,2,300,219,80,1,0,4,3,6,13,1,40,0,3,0,9,1
4,BACĂU,"ŞCOALA NR.1 PÎNCEŞTI",496,PÂNCEŞTI,24187,1,PROV,PRCNCT,S,S_SV,"2021-01-21 12:30:02",1182,1146,36,0,281,245,36,0,1200,919,245,10,26,5,10,32,10,1,145,1,3,7,20,11
4,BACĂU,"ŞCOALA SATUL DIENEŢ",497,PÂNCEŞTI,24187,1,PROV,PRCNCT,S,S_SV,"2021-01-21 12:30:02",553,531,22,0,178,156,22,0,600,422,160,7,11,1,7,35,3,2,81,3,1,2,20,5
4,BACĂU,"ŞCOALA GENERALĂ SATUL PETREŞTI",498,PÂNCEŞTI,24187,1,PROV,PRCNCT,S,S_SV,"2021-01-21 12:30:02",685,655,28,2,179,149,28,2,700,521,164,9,6,3,8,21,2,3,89,1,3,3,20,11
4,BACĂU,"ŞCOALA GENERALĂ SATUL SOCI",499,PÂNCEŞTI,24187,2,PART,PRCNCT,S,S_SV,"2021-01-21 12:30:02",660,640,20,0,149,129,20,0,700,551,139,5,5,2,3,13,3,0,95,2,2,0,18,1
4,BACĂU,"ŞCOALA GENERALĂ SATUL FULGERIŞ",500,PÂNCEŞTI,24187,1,PROV,PRCNCT,S,S_SV,"2021-01-21 12:30:02",424,412,12,0,99,87,12,0,500,401,86,6,7,1,2,19,1,0,45,1,2,0,11,4
4,BACĂU,"GRĂDINIŢA CU PROGRAM NORMAL SATUL PÎRÎU BOGHII",501,PÂRGĂREŞTI,24276,1,PROV,PRCNCT,S,S_SV,"2021-01-21 12:30:02",380,371,9,0,137,128,9,0,400,263,130,5,2,7,8,23,7,0,58,1,2,3,17,4
4,BACĂU,"ŞCOALA GIMNAZIALĂ DUMITRU MĂRTINAŞ SATUL PÎRGĂREŞTI",502,PÂRGĂREŞTI,24276,1,PROV,PRCNCT,S,S_SV,"2021-01-21 12:30:02",809,793,16,0,158,142,16,0,900,742,154,3,1,9,16,39,2,3,54,1,2,1,25,2
4,BACĂU,"ŞCOALA GIMNAZIALĂ VASILE GH.RADUSATUL SATU NOU",503,PÂRGĂREŞTI,24276,1,PROV,PRCNCT,S,S_SV,"2021-01-21 12:30:02",1354,1341,13,0,253,240,13,0,1500,1247,239,9,5,41,25,51,1,3,52,3,1,4,49,9
4,BACĂU,"ŞCOALA GIMNAZIALĂ CONSTANTIN MUŞAT SATUL NICOREŞTI",504,PÂRGĂREŞTI,24276,1,PROV,PRCNCT,S,S_SV,"2021-01-21 12:30:02",844,835,9,0,199,190,9,0,900,701,183,9,7,32,20,47,2,1,32,2,9,6,31,1
4,BACĂU,"GRĂDINIŢA CU PROGRAM NORMAL BAHNA",505,PÂRGĂREŞTI,24276,1,PROV,PRCNCT,S,S_SV,"2021-01-21 12:30:02",491,475,16,0,92,76,16,0,500,408,88,4,0,3,7,26,1,0,28,2,2,3,14,2
4,BACĂU,"ŞCOALA SATUL PÎRJOL",506,PÂRJOL,24338,1,PROV,PRCNCT,S,S_SV,"2021-01-21 12:30:02",771,747,17,7,178,154,17,7,800,622,174,1,3,13,16,47,7,1,61,3,7,1,17,1
4,BACĂU,"ȘCOALA GIMNAZIALĂ TĂRÂȚA",507,PÂRJOL,24338,1,PROV,PRCNCT,S,S_SV,"2021-01-21 12:30:02",858,839,16,3,224,205,16,3,900,676,218,4,2,9,16,118,3,3,38,1,8,3,17,2
4,BACĂU,"ŞCOALA SATUL BĂHNĂŞENI",508,PÂRJOL,24338,1,PROV,PRCNCT,S,S_SV,"2021-01-21 12:30:02",723,703,20,0,161,141,20,0,800,639,151,8,2,2,9,32,9,2,39,1,7,1,49,0
4,BACĂU,"ŞCOALA SATUL BĂRNEŞTI",509,PÂRJOL,24338,1,PROV,PRCNCT,S,S_SV,"2021-01-21 12:30:02",200,183,15,2,62,45,15,2,200,138,60,2,0,6,3,16,2,2,20,2,2,1,3,3
4,BACĂU,"ŞCOALA SATUL BĂSEŞTI",510,PÂRJOL,24338,1,PROV,PRCNCT,S,S_SV,"2021-01-21 12:30:02",484,470,14,0,106,92,14,0,500,394,102,3,1,7,7,22,4,1,38,3,3,2,14,1
4,BACĂU,"ŞCOALA SATUL HĂINEALA",511,PÂRJOL,24338,1,PROV,PRCNCT,S,S_SV,"2021-01-21 12:30:02",222,209,13,0,56,43,13,0,300,244,54,1,1,3,1,21,0,2,18,1,2,0,4,2
4,BACĂU,"ŞCOALA SATUL CÎMPENI",512,PÂRJOL,24338,1,PROV,PRCNCT,S,S_SV,"2021-01-21 12:30:02",501,489,10,2,117,105,10,2,500,383,114,2,1,2,9,30,5,2,31,1,2,4,26,2
4,BACĂU,"GRĂDINIŢA PUSTIANA",513,PÂRJOL,24338,1,PROV,PRCNCT,S,S_SV,"2021-01-21 12:30:02",692,683,9,0,135,126,9,0,700,565,126,5,4,3,28,34,3,9,37,4,1,1,6,0
4,BACĂU,"ŞCOALA CU CLASELE .I-VIII PUSTIANA",514,PÂRJOL,24338,1,PROV,PRCNCT,S,S_SV,"2021-01-21 12:30:02",868,851,13,4,184,167,13,4,900,716,178,5,1,4,41,67,8,12,31,6,2,0,5,2
4,BACĂU,"PRIMĂRIA PLOPANA",515,PLOPANA,24427,1,PROV,PRCNCT,S,S_SV,"2021-01-21 12:30:02",776,744,19,13,216,186,19,11,800,584,203,6,7,12,9,35,13,1,95,9,4,3,16,6
4,BACĂU,"ŞCOALA CU CLASELE I-IV SATUL FUNDU TUTOVEI",516,PLOPANA,24427,1,PROV,PRCNCT,S,S_SV,"2021-01-21 12:30:02",486,467,19,0,145,126,19,0,500,355,131,8,6,0,2,17,4,0,82,2,3,2,16,3
4,BACĂU,"ŞCOALA CU CLASELE I-IV SATUL IŢCANI",517,PLOPANA,24427,1,PROV,PRCNCT,S,S_SV,"2021-01-21 12:30:02",655,630,22,3,259,234,22,3,700,441,246,5,8,1,2,16,7,1,191,2,1,6,14,5
4,BACĂU,"ŞCOALA CU CLASELE I-VIII SATUL RUSENII-RĂZEŞI",518,PLOPANA,24427,1,PROV,PRCNCT,S,S_SV,"2021-01-21 12:30:02",342,313,27,2,125,96,27,2,400,275,118,0,7,4,6,14,9,1,69,1,1,1,9,3
4,BACĂU,"ŞCOALA CU CLASELE I-IV SATUL STRĂMINOASA",519,PLOPANA,24427,1,PROV,PRCNCT,S,S_SV,"2021-01-21 12:30:02",358,333,25,0,152,127,25,0,400,248,137,7,8,2,3,7,4,2,97,2,3,4,4,9
4,BACĂU,"CĂMINUL CULTURAL PODU TURCULUI",520,"PODU TURCULUI",24524,1,PROV,PRCNCT,S,S_SV,"2021-01-21 12:30:02",1808,1774,34,0,522,488,34,0,1900,1378,504,18,0,42,32,105,7,1,224,4,8,5,73,3
4,BACĂU,"ȘCOALA GENERALĂ NR. 3 PODU TURCULUI",521,"PODU TURCULUI",24524,1,PROV,PRCNCT,S,S_SV,"2021-01-21 12:30:02",539,526,13,0,170,157,13,0,600,430,163,2,5,16,12,14,2,1,86,2,2,4,19,5
4,BACĂU,"CĂMINUL CULTURAL SATUL CĂBEŞTI",522,"PODU TURCULUI",24524,1,PROV,PRCNCT,S,S_SV,"2021-01-21 12:30:02",723,708,15,0,171,156,15,0,800,629,159,12,0,12,11,30,3,2,58,5,4,4,20,10
4,BACĂU,"CAMINUL CULTURAL SAT LEHANCEA",523,"PODU TURCULUI",24524,1,PROV,PRCNCT,S,S_SV,"2021-01-21 12:30:02",529,512,17,0,122,105,17,0,600,478,116,2,4,5,8,19,3,1,60,1,4,2,11,2
4,BACĂU,"ŞCOALA GENERALĂ SATUL SÎRBI",524,"PODU TURCULUI",24524,1,PROV,PRCNCT,S,S_SV,"2021-01-21 12:30:02",369,355,14,0,126,112,14,0,400,274,117,4,5,14,6,21,5,1,52,6,2,1,3,6
4,BACĂU,"ŞCOALA SATUL PODURI",525,PODURI,24631,1,PROV,PRCNCT,S,S_SV,"2021-01-21 12:30:02",1207,1189,18,0,312,294,18,0,1300,988,300,8,4,8,20,52,1,0,146,4,4,4,51,10
4,BACĂU,"ŞCOALA SATUL PODURI",526,PODURI,24631,1,PROV,PRCNCT,S,S_SV,"2021-01-21 12:30:02",1044,1028,15,1,295,279,15,1,1100,805,274,10,11,3,21,32,6,0,146,3,2,8,44,9
4,BACĂU,"ŞCOALA SATUL VALEA ŞOSII",527,PODURI,24631,1,PROV,PRCNCT,S,S_SV,"2021-01-21 12:30:02",975,963,12,0,279,267,12,0,1100,821,264,11,4,2,7,31,2,0,173,2,2,5,37,3
4,BACĂU,"ŞCOALA SATUL PROHOZEŞTI",528,PODURI,24631,1,PROV,PRCNCT,S,S_SV,"2021-01-21 12:30:02",813,793,20,0,249,229,20,0,900,651,244,1,4,3,11,47,2,0,127,2,2,1,46,3
4,BACĂU,"ŞCOALA SATUL BUCŞEŞTI",529,PODURI,24631,1,PROV,PRCNCT,S,S_SV,"2021-01-21 12:30:02",1331,1316,15,0,320,305,15,0,1400,1080,306,10,4,7,21,37,2,2,158,4,6,8,54,7
4,BACĂU,"ŞCOALA SATUL CERNU",530,PODURI,24631,1,PROV,PRCNCT,S,S_SV,"2021-01-21 12:30:02",1212,1192,20,0,281,261,20,0,1300,1019,276,4,1,4,11,21,5,1,181,4,5,4,31,9
4,BACĂU,"SCOALA GIMNAZIALA GHEORGHE AVRAMESCU PRAJESTI",531,PRĂJEŞTI,26361,1,PROV,PRCNCT,S,S_SV,"2021-01-21 12:30:02",1008,974,27,7,314,280,27,7,1100,786,303,9,2,8,10,103,4,1,123,4,3,5,39,3
4,BACĂU,"SCOALA GIMNAZIALA GHEORGHE AVRAMESCU PRĂJEŞTI",532,PRĂJEŞTI,26361,1,PROV,PRCNCT,S,S_SV,"2021-01-21 12:30:02",979,936,40,3,274,231,40,3,1000,726,265,8,1,1,15,78,3,1,118,3,1,6,33,6
4,BACĂU,"ŞCOALA NR.1 IOAN BORCEA RACOVA",533,RACOVA,24711,1,PROV,PRCNCT,S,S_SV,"2021-01-21 12:30:02",1325,1305,20,0,302,282,20,0,1500,1198,298,3,1,8,25,123,17,1,70,3,3,3,44,1
4,BACĂU,"ŞCOALA NR.2 RACOVA-ŞES",534,RACOVA,24711,1,PROV,PRCNCT,S,S_SV,"2021-01-21 12:30:02",658,624,34,0,218,184,34,0,700,482,212,2,4,2,22,70,10,0,63,5,5,2,30,3
4,BACĂU,"ŞCOALA SATUL GURA VĂII",535,RACOVA,24711,1,PROV,PRCNCT,S,S_SV,"2021-01-21 12:30:02",1040,1025,15,0,280,265,15,0,1100,820,269,6,5,7,15,94,7,1,83,5,2,6,46,3
4,BACĂU,"BAZA SPORTIVA ”LIA MANOLIU” RĂCĂCIUNI",536,RĂCĂCIUNI,24766,1,PROV,PRCNCT,S,S_SV,"2021-01-21 12:30:02",1574,1552,22,0,344,322,22,0,1700,1356,333,5,6,2,46,72,13,1,118,4,4,4,68,1
4,BACĂU,"GRĂDINIŢA NR.2 SATUL RĂCĂCIUNI",537,RĂCĂCIUNI,24766,1,PROV,PRCNCT,S,S_SV,"2021-01-21 12:30:02",1371,1346,25,0,255,230,25,0,1500,1245,248,5,2,6,24,53,10,2,93,1,6,4,47,2
4,BACĂU,"ŞCOALA CU CLASELE I-VIII SATUL GHEORGHE DOJA",538,RĂCĂCIUNI,24766,1,PROV,PRCNCT,S,S_SV,"2021-01-21 12:30:02",937,919,18,0,247,229,18,0,1000,753,238,5,4,6,29,40,3,3,43,3,3,3,101,4
4,BACĂU,"ŞCOALA CU CLASELE I-VIII SATUL GÎŞTENI",539,RĂCĂCIUNI,24766,1,PROV,PRCNCT,S,S_SV,"2021-01-21 12:30:02",830,770,60,0,260,200,60,0,800,540,217,33,10,6,18,21,3,4,61,1,5,9,83,6
4,BACĂU,"ŞCOALA CU CLASELE I-VIII SATUL FUNDU RĂCĂCIUNI",540,RĂCĂCIUNI,24766,1,PROV,PRCNCT,S,S_SV,"2021-01-21 12:30:02",1516,1498,18,0,315,297,18,0,1600,1285,284,14,17,3,26,51,8,12,60,2,8,13,94,7
4,BACĂU,"ŞCOALA CU CLASELE I-IV SATUL CIUCANI",541,RĂCĂCIUNI,24766,1,PROV,PRCNCT,S,S_SV,"2021-01-21 12:30:02",482,469,13,0,154,141,13,0,500,346,151,1,2,4,18,47,3,4,26,2,3,1,42,1
4,BACĂU,"CĂMINUL CULTURAL SATUL RĂCHITOASA",542,RĂCHITOASA,24837,1,PROV,PRCNCT,S,S_SV,"2021-01-21 12:30:02",1096,1075,14,7,289,268,14,7,1200,911,280,1,8,19,4,27,4,0,194,1,9,4,13,5
4,BACĂU,"ŞCOALA CU CLASELE .I-IV SATUL FUNDĂTURA-RĂCHITOASA",543,RĂCHITOASA,24837,1,PROV,PRCNCT,S,S_SV,"2021-01-21 12:30:02",238,227,11,0,73,62,11,0,300,227,66,5,2,4,6,8,4,0,38,1,2,0,1,2
4,BACĂU,"CASA PRASNICALĂ DIN SATUL DUMBRAVA",544,RĂCHITOASA,24837,1,PROV,PRCNCT,S,S_SV,"2021-01-21 12:30:02",554,536,18,0,164,146,18,0,600,436,147,7,10,4,1,8,0,0,115,1,3,3,10,2
4,BACĂU,"ŞCOALA CU CLASELE.I-VIII SATUL BURDUSACI",545,RĂCHITOASA,24837,1,PROV,PRCNCT,S,S_SV,"2021-01-21 12:30:02",706,692,14,0,194,180,14,0,800,606,179,6,9,3,4,23,1,3,116,1,4,5,17,2
4,BACĂU,"ŞCOALA CU CLASELE .I-IV SATUL BARCANA",546,RĂCHITOASA,24837,1,PROV,PRCNCT,S,S_SV,"2021-01-21 12:30:02",526,516,7,3,146,136,7,3,600,454,130,7,9,1,5,21,2,0,76,2,0,2,19,2
4,BACĂU,"ŞCOALA CU CLASELE .I-VIII SATUL BUDA",547,RĂCHITOASA,24837,1,PROV,PRCNCT,S,S_SV,"2021-01-21 12:30:02",549,524,13,12,182,157,13,12,600,418,169,4,9,6,3,19,1,1,117,1,1,2,9,9
4,BACĂU,"ŞCOALA GIMNAZIALĂ NR.1 SATUL ROŞIORI",548,ROŞIORI,24999,1,PROV,PRCNCT,S,S_SV,"2021-01-21 12:30:02",1013,1000,13,0,281,268,13,0,1100,819,268,10,3,18,9,32,1,2,131,24,4,7,29,11
4,BACĂU,"ŞCOALA PRIMARĂ SATUL POIENI",549,ROŞIORI,24999,1,PROV,PRCNCT,S,S_SV,"2021-01-21 12:30:02",292,279,13,0,71,58,13,0,300,229,69,2,0,9,2,10,1,1,34,4,1,1,3,3
4,BACĂU,"ŞCOALA PRIMARĂ SATUL VALEA MARE",550,ROŞIORI,24999,1,PROV,PRCNCT,S,S_SV,"2021-01-21 12:30:02",497,471,23,3,150,124,23,3,500,350,139,5,6,5,6,21,1,1,81,3,2,2,14,3
4,BACĂU,"LICEUL JACQUES MENACHEN ELIAS SASCUT",551,SASCUT,25068,1,PROV,PRCNCT,S,S_SV,"2021-01-21 12:30:02",1382,1355,23,4,363,336,23,4,1500,1137,358,4,1,12,29,105,8,2,130,4,6,5,51,6
4,BACĂU,"LICEUL JACQUES MENACHEN ELIAS SASCUT",552,SASCUT,25068,1,PROV,PRCNCT,S,S_SV,"2021-01-21 12:30:02",1263,1223,31,9,350,310,31,9,1300,950,339,10,1,21,28,92,8,1,132,4,10,6,32,5
4,BACĂU,"SCOALA GENERALA CU CLASELE I-IV BERESTI",553,SASCUT,25068,2,PART,PRCNCT,S,S_SV,"2021-01-21 12:30:02",1160,1122,25,13,390,352,25,13,1200,810,369,7,14,9,26,76,6,4,201,1,8,7,24,7
4,BACĂU,"SCOALA CU CLASELE I-IV SATUL CONTESTI",554,SASCUT,25068,1,PROV,PRCNCT,S,S_SV,"2021-01-21 12:30:02",449,428,18,3,142,121,18,3,503,361,131,2,9,6,9,17,1,0,64,0,4,1,27,2
4,BACĂU,"SCOALA CU CLASELE I-VIII NR 1 PANCESTI",555,SASCUT,25068,2,PART,PRCNCT,S,S_SV,"2021-01-21 12:30:02",919,892,25,2,258,231,25,2,1000,742,243,9,6,3,17,59,4,2,117,1,4,3,29,4
4,BACĂU,"SCOALA CU CLASELE I-VIII NR 1 PANCESTI",556,SASCUT,25068,1,PROV,PRCNCT,S,S_SV,"2021-01-21 12:30:02",1284,1265,17,2,312,293,17,2,1400,1088,299,13,0,5,13,81,3,1,126,3,2,4,55,6
4,BACĂU,"SCOALA CU CLASELE I-VIII SATUL SASCUT-SAT",557,SASCUT,25068,1,PROV,PRCNCT,S,S_SV,"2021-01-21 12:30:02",919,891,26,2,243,215,26,2,1000,757,233,4,6,2,19,55,8,7,96,2,5,5,27,7
4,BACĂU,"SCOALA CU CLASELE I-VIII SATUL SASCUT-SAT",558,SASCUT,25068,1,PROV,PRCNCT,S,S_SV,"2021-01-21 12:30:02",788,774,10,4,210,196,10,4,800,590,194,10,6,9,10,42,2,1,83,2,1,4,37,3
4,BACĂU,"ŞOALA GENERALĂ CU CLASELE I-VIII SĂNDULENI",559,SĂNDULENI,25148,1,PROV,PRCNCT,S,S_SV,"2021-01-21 12:30:02",1623,1599,24,0,359,335,24,0,1800,1441,337,14,8,6,19,61,5,2,168,2,3,8,49,14
4,BACĂU,"ŞCOALA GENERALA CU CLASELE I-VIII VERŞEŞTI",560,SĂNDULENI,25148,1,PROV,PRCNCT,S,S_SV,"2021-01-21 12:30:02",689,669,20,0,233,213,20,0,700,467,219,3,11,2,9,22,4,1,144,0,3,2,26,6
4,BACĂU,"ŞCOALA GENERALĂ CU CLASELE I-VIII COMAN",561,SĂNDULENI,25148,1,PROV,PRCNCT,S,S_SV,"2021-01-21 12:30:02",1090,1076,14,0,248,234,14,0,1200,952,234,4,10,3,12,45,0,1,120,1,2,2,41,7
4,BACĂU,"ŞCOALA GENERALĂ CU CLASELE I-IV STUFU",562,SĂNDULENI,25148,1,PROV,PRCNCT,S,S_SV,"2021-01-21 12:30:02",317,293,24,0,131,107,24,0,300,169,125,2,4,4,4,40,3,1,53,1,1,1,13,4
4,BACĂU,"SCOALA NR. 1 SĂRATA",563,SĂRATA,26320,1,PROV,PRCNCT,S,S_SV,"2021-01-21 12:30:02",641,608,33,0,216,183,33,0,700,484,203,13,0,4,30,47,2,1,65,3,0,7,40,4
4,BACĂU,"SCOALA NR. 2 SĂRATA",564,SĂRATA,26320,1,PROV,PRCNCT,S,S_SV,"2021-01-21 12:30:02",880,846,33,1,267,233,33,1,900,633,255,9,3,7,34,55,3,1,96,9,9,9,30,2
4,BACĂU,"SCOALA NR. 3 SĂRATA",565,SĂRATA,26320,1,PROV,PRCNCT,S,S_SV,"2021-01-21 12:30:02",413,387,26,0,155,129,26,0,400,245,149,3,3,3,10,15,6,2,80,1,2,4,17,9
4,BACĂU,"ŞCOALA I.S.STURZA SATUL SĂUCEŞTI",566,SĂUCEŞTI,25228,1,PROV,PRCNCT,S,S_SV,"2021-01-21 12:30:02",1124,1098,24,2,397,371,24,2,1200,803,382,9,6,18,58,64,10,0,172,7,3,4,42,4
4,BACĂU,"ŞCOALA I.S.STURZA SATUL SĂUCEŞTI",567,SĂUCEŞTI,25228,1,PROV,PRCNCT,S,S_SV,"2021-01-21 12:30:02",995,953,38,4,337,295,38,4,1000,663,325,7,5,13,44,61,11,0,134,5,4,0,51,2
4,BACĂU,"ŞCOALA SATUL SCHINENI",568,SĂUCEŞTI,25228,1,PROV,PRCNCT,S,S_SV,"2021-01-21 12:30:02",730,680,50,0,259,209,50,0,700,441,252,2,5,10,28,46,7,1,122,2,10,2,22,2
4,BACĂU,"ŞCOALA SATUL SIRETU",569,SĂUCEŞTI,25228,1,PROV,PRCNCT,S,S_SV,"2021-01-21 12:30:02",673,638,35,0,223,188,35,0,700,477,217,6,0,11,12,32,3,0,99,4,14,2,34,6
4,BACĂU,"ŞCOALA SATUL ŞERBEŞTI",570,SĂUCEŞTI,25228,1,PROV,PRCNCT,S,S_SV,"2021-01-21 12:30:02",509,479,30,0,181,151,30,0,500,319,176,5,0,3,4,31,2,0,106,5,4,0,17,4
4,BACĂU,"ŞCOALA SATUL BOGDAN VODĂ",571,SĂUCEŞTI,25228,1,PROV,PRCNCT,S,S_SV,"2021-01-21 12:30:02",637,598,34,5,280,241,34,5,600,320,269,9,2,12,29,68,3,0,111,4,6,2,30,4
4,BACĂU,"ŞCOALA CU CLASELE I-VIII SATUL SCORŢENI",572,SCORŢENI,25291,1,PROV,PRCNCT,S,S_SV,"2021-01-21 12:30:02",1253,1230,23,0,259,236,23,0,1428,1169,252,4,3,5,41,30,37,2,96,6,1,2,31,1
4,BACĂU,"CAMIN CULTURAL GRIGORENI",573,SCORŢENI,25291,1,PROV,PRCNCT,S,S_SV,"2021-01-21 12:30:02",706,675,31,0,200,169,31,0,700,500,195,5,0,5,16,31,26,2,69,3,6,6,29,2
4,BACĂU,"CAMIN CULTURAL FLORESTI",574,SCORŢENI,25291,1,PROV,PRCNCT,S,S_SV,"2021-01-21 12:30:02",582,568,14,0,159,145,14,0,600,441,158,0,1,1,10,37,2,2,66,5,4,2,29,0
4,BACĂU,"ŞCOALA GIMNAZIALĂ SATUL SECUIENI",575,SECUIENI,25362,1,PROV,PRCNCT,S,S_SV,"2021-01-21 12:30:02",1162,1120,42,0,294,252,42,0,1200,906,285,7,2,8,18,113,17,3,64,4,9,8,39,2
4,BACĂU,"ŞCOALA SATUL FUNDENI",576,SECUIENI,25362,1,PROV,PRCNCT,S,S_SV,"2021-01-21 12:30:02",321,282,39,0,127,88,39,0,300,173,122,2,3,11,6,38,5,0,32,2,1,3,20,4
4,BACĂU,"ŞCOALA SATUL CHITICENI",577,SECUIENI,25362,1,PROV,PRCNCT,S,S_SV,"2021-01-21 12:30:02",164,147,17,0,65,48,17,0,200,135,61,4,0,5,4,23,4,0,19,1,1,2,2,0
4,BACĂU,"ŞCOALA SATUL GLODIŞOARELE",578,SECUIENI,25362,1,PROV,PRCNCT,S,S_SV,"2021-01-21 12:30:02",243,233,10,0,75,65,10,0,300,225,69,2,4,4,1,24,4,0,22,1,1,1,10,1
4,BACĂU,"ŞCOALA CU CLASELE I-VIII SATUL SOLONŢ",579,SOLONŢ,25488,1,PROV,PRCNCT,S,S_SV,"2021-01-21 12:30:02",1208,1185,23,0,293,270,23,0,1300,1007,281,9,3,4,16,32,11,2,127,2,6,4,72,5
4,BACĂU,"CABINET MEDICAL",580,SOLONŢ,25488,1,PROV,PRCNCT,S,S_SV,"2021-01-21 12:30:02",681,668,13,0,166,153,13,0,700,534,158,7,1,4,9,10,7,2,92,1,3,3,24,3
4,BACĂU,"ŞCOALA CU CLASELE I-VIII SATUL CUCUIEȚI",581,SOLONŢ,25488,1,PROV,PRCNCT,S,S_SV,"2021-01-21 12:30:02",1025,1011,14,0,258,244,14,0,1100,842,248,5,5,6,11,30,3,2,148,1,2,3,35,7
4,BACĂU,"PRIMĂRIA STĂNIŞEŞTI",582,STĂNIŞEŞTI,25521,1,PROV,PRCNCT,S,S_SV,"2021-01-21 12:30:02",818,802,15,1,249,233,15,1,900,651,237,6,6,5,8,24,4,1,147,3,4,5,31,5
4,BACĂU,"SCOALA BENESTI",583,STĂNIŞEŞTI,25521,1,PROV,PRCNCT,S,S_SV,"2021-01-21 12:30:02",390,374,16,0,114,98,16,0,400,286,110,3,1,23,1,14,1,1,51,2,1,6,8,2
4,BACĂU,"SCOALA SATUL CRĂIEŞTI",584,STĂNIŞEŞTI,25521,1,PROV,PRCNCT,S,S_SV,"2021-01-21 12:30:02",389,378,11,0,120,109,11,0,400,280,114,4,2,21,2,12,2,2,68,0,0,1,6,0
4,BACĂU,"SCOALA SLOBOZIA NR. 2",585,STĂNIŞEŞTI,25521,1,PROV,PRCNCT,S,S_SV,"2021-01-21 12:30:02",468,458,10,0,119,109,10,0,500,381,113,4,2,8,4,15,3,1,63,1,2,5,9,2
4,BACĂU,"ŞCOALA 1 SATUL SLOBOZIA",586,STĂNIŞEŞTI,25521,1,PROV,PRCNCT,S,S_SV,"2021-01-21 12:30:02",763,756,7,0,138,131,7,0,800,662,133,4,1,4,1,19,1,1,93,1,3,0,10,0
4,BACĂU,"ŞCOALA SATUL SLOBOZIA NOUĂ",587,STĂNIŞEŞTI,25521,1,PROV,PRCNCT,S,S_SV,"2021-01-21 12:30:02",595,585,10,0,182,172,10,0,600,418,171,4,7,4,3,13,3,2,125,2,1,4,9,5
4,BACĂU,"ŞCOALA GENERALĂ SATUL STRUGARI",588,STRUGARI,25629,1,PROV,PRCNCT,S,S_SV,"2021-01-21 12:30:02",826,812,14,0,248,234,14,0,900,652,233,6,9,6,18,24,5,12,135,2,7,3,16,5
4,BACĂU,"ŞCOALA GENERALĂ SATUL RĂCHITIŞ",589,STRUGARI,25629,1,PROV,PRCNCT,S,S_SV,"2021-01-21 12:30:02",353,340,13,0,126,113,13,0,400,274,118,4,4,8,4,14,3,3,71,1,4,2,7,1
4,BACĂU,"ŞCOALA GENERALĂ SATUL PETRICICA",590,STRUGARI,25629,2,PART,PRCNCT,S,S_SV,"2021-01-21 12:30:02",595,583,11,1,117,105,11,1,600,483,109,5,3,1,7,21,7,1,45,1,3,3,14,6
4,BACĂU,"SCOALA GENERALA CETATUIA",591,STRUGARI,25629,1,PROV,PRCNCT,S,S_SV,"2021-01-21 12:30:02",235,220,15,0,80,65,15,0,300,220,79,1,0,1,3,10,1,5,37,3,2,1,14,2
4,BACĂU,"GRĂDINIŢA CU PROGRAM NORMAL SATUL ŞTEFAN CEL MARE",592,"ŞTEFAN CEL MARE",20670,1,PROV,PRCNCT,S,S_SV,"2021-01-21 12:30:02",757,741,14,2,274,258,14,2,800,526,256,8,10,7,19,58,7,2,121,5,0,6,31,0
4,BACĂU,"SCOALA GENERALA SATUL BOGDANA",593,"ŞTEFAN CEL MARE",20670,1,PROV,PRCNCT,S,S_SV,"2021-01-21 12:30:02",490,471,15,4,205,186,15,4,500,295,194,8,3,7,5,21,5,1,130,2,3,0,15,5
4,BACĂU,"GRADINITA CU PROGRAM NORMAL NEGOIESTI",594,"ŞTEFAN CEL MARE",20670,1,PROV,PRCNCT,S,S_SV,"2021-01-21 12:30:02",754,727,25,2,286,259,25,2,800,514,268,8,10,10,17,26,5,0,168,2,4,2,29,5
4,BACĂU,"GRĂDINIŢA CU PROGRAM NORMAL SATUL VIIŞOARA",595,"ŞTEFAN CEL MARE",20670,2,PART,PRCNCT,S,S_SV,"2021-01-21 12:30:02",508,487,18,3,190,169,18,3,500,310,184,5,1,6,2,34,7,4,88,0,5,2,30,6
4,BACĂU,"GRĂDINIŢA CU PROGRAM NORMAL SATUL GUTINAŞ",596,"ŞTEFAN CEL MARE",20670,1,PROV,PRCNCT,S,S_SV,"2021-01-21 12:30:02",349,329,20,0,137,117,20,0,400,263,132,3,2,2,5,12,4,1,79,0,2,4,20,3
4,BACĂU,"GRĂDINIŢA CU PROGRAM NORMAL SATUL RĂDEANA",597,"ŞTEFAN CEL MARE",20670,1,PROV,PRCNCT,S,S_SV,"2021-01-21 12:30:02",1241,1222,19,0,472,453,19,0,1300,828,405,29,38,51,4,42,4,1,243,6,4,19,27,4
4,BACĂU,"CENTRUL EDUCAŢIONAL ÎNV.DUMITRU NEDIŢĂ TAMAŞI",598,TAMAŞI,25692,1,PROV,PRCNCT,S,S_SV,"2021-01-21 12:30:02",731,690,39,2,301,260,39,2,800,499,278,9,14,7,14,27,2,0,153,4,11,3,48,9
4,BACĂU,"ŞCOALA CU CLASELE I-VIII SATUL CHETRIŞ",599,TAMAŞI,25692,1,PROV,PRCNCT,S,S_SV,"2021-01-21 12:30:02",700,673,27,0,283,256,27,0,700,417,274,3,6,18,13,56,8,0,112,8,7,4,45,3
4,BACĂU,"ŞCOALA CU CLASELE I-IV SATUL FURNICARI",600,TAMAŞI,25692,1,PROV,PRCNCT,S,S_SV,"2021-01-21 12:30:02",555,539,16,0,239,223,16,0,600,361,223,12,4,9,9,26,5,0,145,6,2,2,16,3
4,BACĂU,"ȘCOALA GIMNAZIALĂ NR. 1 TAMAȘI",601,TAMAŞI,25692,1,PROV,PRCNCT,S,S_SV,"2021-01-21 12:30:02",590,570,20,0,230,210,20,0,600,370,219,8,3,14,9,34,1,2,109,3,8,3,30,6
4,BACĂU,"PRIMĂRIA TĂTĂRĂŞTI",602,TĂTĂRĂŞTI,25745,1,PROV,PRCNCT,S,S_SV,"2021-01-21 12:30:02",390,383,7,0,140,133,7,0,400,260,126,7,7,13,6,9,0,0,62,2,1,1,28,4
4,BACĂU,"ŞCOALA GIMNAZIALA SATUL CORNII DE SUS",603,TĂTĂRĂŞTI,25745,1,PROV,PRCNCT,S,S_SV,"2021-01-21 12:30:02",731,720,11,0,184,173,11,0,800,616,171,3,10,5,3,17,5,1,105,0,2,4,25,4
4,BACĂU,"ŞCOALA PRIMARA SATUL GIURGENI",604,TĂTĂRĂŞTI,25745,1,PROV,PRCNCT,S,S_SV,"2021-01-21 12:30:02",210,197,13,0,103,90,13,0,200,97,97,3,3,1,6,7,2,0,58,1,3,2,11,6
4,BACĂU,"ŞCOALA PRIMARA SATUL DRĂGEŞTI",605,TĂTĂRĂŞTI,25745,1,PROV,PRCNCT,S,S_SV,"2021-01-21 12:30:02",310,296,14,0,122,108,14,0,300,178,121,1,0,3,4,6,1,0,81,0,3,2,15,6
4,BACĂU,"ŞCOALA PRIMARA SATUL GHERDANA",606,TĂTĂRĂŞTI,25745,1,PROV,PRCNCT,S,S_SV,"2021-01-21 12:30:02",292,281,11,0,108,97,11,0,300,192,99,3,6,3,4,10,4,0,52,0,1,0,17,8
4,BACĂU,"GRĂDINIŢA CU PROGRAM NORMAL SATUL VIIŞOARA",607,"TÂRGU TROTUŞ",25825,1,PROV,PRCNCT,S,S_SV,"2021-01-21 12:30:02",909,885,24,0,242,218,24,0,1000,758,234,3,5,7,18,46,20,2,95,4,4,4,32,2
4,BACĂU,"GRĂDINIŢA CU PROGRAM NORMAL TG.TROTUŞ",608,"TÂRGU TROTUŞ",25825,1,PROV,PRCNCT,S,S_SV,"2021-01-21 12:30:02",978,938,39,1,290,250,39,1,1000,710,287,1,2,6,24,50,9,3,128,3,4,3,51,6
4,BACĂU,"GRĂDINIŢA CU PROGRAM NORMAL TG.TROTUŞ",609,"TÂRGU TROTUŞ",25825,1,PROV,PRCNCT,S,S_SV,"2021-01-21 12:30:02",900,886,14,0,265,251,14,0,900,635,254,9,2,7,29,52,4,1,115,3,2,4,29,8
4,BACĂU,"GRĂDINIŢA CU PROGRAM NORMAL SATUL TUTA",610,"TÂRGU TROTUŞ",25825,1,PROV,PRCNCT,S,S_SV,"2021-01-21 12:30:02",834,819,15,0,240,225,15,0,900,660,236,1,3,5,41,34,2,6,82,2,5,0,56,3
4,BACĂU,"GRĂDINIŢA CU PROGRAM NORMAL SATUL TUTA",611,"TÂRGU TROTUŞ",25825,1,PROV,PRCNCT,S,S_SV,"2021-01-21 12:30:02",938,934,4,0,279,275,4,0,1000,721,275,2,2,7,50,36,7,16,95,0,7,2,51,4
4,BACĂU,"ŞCOALA CU CLASELE I-VIII SATUL TRAIAN",612,TRAIAN,25861,1,PROV,PRCNCT,S,S_SV,"2021-01-21 12:30:02",1551,1479,71,1,379,307,71,1,1600,1221,367,12,0,41,40,143,10,1,70,5,7,5,41,4
4,BACĂU,"ŞCOALA CU CLASELE I-IV SATUL BOGDĂNEŞTI",613,TRAIAN,25861,1,PROV,PRCNCT,S,S_SV,"2021-01-21 12:30:02",467,451,16,0,103,87,16,0,500,397,101,2,0,7,14,47,1,0,15,1,3,2,10,1
4,BACĂU,"ŞCOALA CU CLASELE I-IV SATUL ZĂPODIA",614,TRAIAN,25861,1,PROV,PRCNCT,S,S_SV,"2021-01-21 12:30:02",545,525,20,0,107,87,20,0,600,493,107,0,0,13,10,44,1,1,8,1,1,3,24,1
4,BACĂU,"ŞCOALA CU CLASELE I-IV SATUL HERTIOANA DE JOS",615,TRAIAN,25861,1,PROV,PRCNCT,S,S_SV,"2021-01-21 12:30:02",171,142,29,0,55,26,29,0,200,145,52,1,2,2,4,20,4,0,11,3,4,1,3,0
4,BACĂU,"CĂMINUL CULTURAL UNGURENI",616,UNGURENI,25932,1,PROV,PRCNCT,S,S_SV,"2021-01-21 12:30:02",805,763,42,0,283,241,42,0,800,517,256,12,15,2,15,21,5,0,162,3,6,4,29,9
4,BACĂU,"SCOALA VIFORENI",617,UNGURENI,25932,1,PROV,PRCNCT,S,S_SV,"2021-01-21 12:30:02",392,372,20,0,121,101,20,0,400,279,116,2,3,1,4,14,7,0,71,1,1,3,11,3
4,BACĂU,"ŞCOALA SATUL BĂRTĂŞEŞTI",618,UNGURENI,25932,1,PROV,PRCNCT,S,S_SV,"2021-01-21 12:30:02",325,311,14,0,165,151,14,0,400,235,155,2,8,4,4,2,1,0,120,1,2,4,14,3
4,BACĂU,"CĂMINUL CULTURAL SATUL BOTEŞTI",619,UNGURENI,25932,1,PROV,PRCNCT,S,S_SV,"2021-01-21 12:30:02",720,692,28,0,237,209,28,0,800,563,222,6,9,5,4,22,4,1,148,1,5,3,21,8
4,BACĂU,"SCOALA BIBIRESTI II",620,UNGURENI,25932,2,PART,PRCNCT,S,S_SV,"2021-01-21 12:30:02",801,763,38,0,314,276,38,0,800,486,295,19,0,2,5,27,2,0,206,5,5,3,34,6
4,BACĂU,"SALA DE CEREMONII",621,URECHEŞTI,26029,1,PROV,PRCNCT,S,S_SV,"2021-01-21 12:30:02",1390,1368,20,2,273,251,20,2,1500,1227,260,4,9,8,28,83,3,0,79,1,5,3,45,5
4,BACĂU,"CĂMINUL CULTURAL SATUL CORNĂŢEL",622,URECHEŞTI,26029,1,PROV,PRCNCT,S,S_SV,"2021-01-21 12:30:02",734,708,23,3,205,179,23,3,800,595,197,8,0,8,36,42,8,0,67,1,6,1,27,1
4,BACĂU,"GRĂDINIŢA SATUL SLOBOZIA",623,URECHEŞTI,26029,1,PROV,PRCNCT,S,S_SV,"2021-01-21 12:30:02",453,442,11,0,123,112,11,0,500,377,119,4,0,27,5,22,1,0,36,2,4,2,18,2
4,BACĂU,"ŞCOALA GENERALA CU CASELE I-IV SATUL LUNCA DOCHIEI",624,URECHEŞTI,26029,1,PROV,PRCNCT,S,S_SV,"2021-01-21 12:30:02",264,254,10,0,79,69,10,0,300,221,77,2,0,10,10,21,2,1,21,2,1,2,6,1
4,BACĂU,"ŞCOALA GENERALA CU CLASELE I-IV SATUL SATU NOU",625,URECHEŞTI,26029,1,PROV,PRCNCT,S,S_SV,"2021-01-21 12:30:02",272,262,10,0,88,78,10,0,300,212,87,1,0,7,6,16,1,1,38,1,2,2,12,1
4,BACĂU,"ŞCOALA GIMNAZIALĂ NR.1 VALEA SEACĂ",626,"VALEA SEACĂ",26083,1,PROV,PRCNCT,S,S_SV,"2021-01-21 12:30:02",979,924,38,17,342,290,38,14,1000,658,327,6,9,2,1,15,1,0,265,2,3,8,26,4
4,BACĂU,"ŞCOALA PRIMARĂ NR.2 VALEA SEACĂ",627,"VALEA SEACĂ",26083,1,PROV,PRCNCT,S,S_SV,"2021-01-21 12:30:02",754,698,41,15,312,256,41,15,800,488,293,9,10,10,10,22,4,0,219,1,3,4,13,7
4,BACĂU,"ŞCOALA PRIMARĂ NR.3 VALEA SEACĂ",628,"VALEA SEACĂ",26083,1,PROV,PRCNCT,S,S_SV,"2021-01-21 12:30:02",788,754,24,10,343,309,24,10,800,457,318,2,23,9,5,11,1,4,236,2,2,12,29,7
4,BACĂU,"ŞCOALA PRIMARĂ CUCOVA",629,"VALEA SEACĂ",26083,1,PROV,PRCNCT,S,S_SV,"2021-01-21 12:30:02",589,541,38,10,239,191,38,10,600,361,236,1,2,3,4,33,3,0,164,3,7,5,14,0
4,BACĂU,"SCOALA VULTURENI",630,VULTURENI,26118,1,PROV,PRCNCT,S,S_SV,"2021-01-21 12:30:02",409,390,19,0,123,104,19,0,400,277,119,2,2,2,3,22,4,0,73,4,1,1,8,1
4,BACĂU,"CENTRU DE ZI LICHITISENI",631,VULTURENI,26118,1,PROV,PRCNCT,S,S_SV,"2021-01-21 12:30:02",429,424,5,0,107,102,5,0,500,393,102,2,3,0,1,16,1,0,69,0,5,1,6,3
4,BACĂU,"GRADINIȚA CU PROGRAM NORMAL GODINEŞTII DE JOS",632,VULTURENI,26118,1,PROV,PRCNCT,S,S_SV,"2021-01-21 12:30:02",312,300,12,0,102,90,12,0,300,198,96,5,1,1,3,10,1,1,64,2,2,2,8,2
4,BACĂU,"ŞCOALA MEDELENI",633,VULTURENI,26118,1,PROV,PRCNCT,S,S_SV,"2021-01-21 12:30:02",154,135,19,0,67,48,19,0,200,133,61,4,2,0,2,18,0,2,28,0,1,5,4,1
4,BACĂU,"ŞCOALA GHILĂVEŞTI",634,VULTURENI,26118,1,PROV,PRCNCT,S,S_SV,"2021-01-21 12:30:02",241,228,13,0,106,93,13,0,300,194,101,2,3,2,4,9,1,1,79,0,0,1,0,4
4,BACĂU,"ŞCOALA MIHAI EMINESCU ZEMEŞ",635,ZEMEŞ,26289,1,PROV,PRCNCT,S,S_SV,"2021-01-21 12:30:02",1122,1109,13,0,288,275,13,0,1200,912,275,7,6,9,21,80,7,0,72,9,3,3,66,5
4,BACĂU,"ŞCOALA ŞTEFAN CEL MARE ZEMEŞ",636,ZEMEŞ,26289,1,PROV,PRCNCT,S,S_SV,"2021-01-21 12:30:02",1181,1178,3,0,365,362,3,0,1300,935,357,6,2,12,29,88,4,0,116,11,7,4,82,4
4,BACĂU,"ŞCOALA ŞTEFAN CEL MARE ZEMEŞ",637,ZEMEŞ,26289,1,PROV,PRCNCT,S,S_SV,"2021-01-21 12:30:02",718,704,14,0,215,201,14,0,800,585,211,3,1,3,21,54,6,1,57,11,6,5,45,2
4,BACĂU,"ŞCOALA ION CREANGĂ ZEMEŞ",638,ZEMEŞ,26289,1,PROV,PRCNCT,S,S_SV,"2021-01-21 12:30:02",890,877,13,0,192,179,13,0,1000,808,183,3,6,8,16,72,8,2,43,3,1,4,26,0
