precinct_county_nce,precinct_county_name,precinct_name,precinct_nr,uat_name,uat_siruta,report_version,report_stage_code,report_type_scope_code,report_type_category_code,report_type_code,created_at,a,a1,a2,a3,b,b1,b2,b3,c,d,e,f,g,"PARTIDUL MIȘCAREA POPULARĂ-voturi","ALIANȚA USR PLUS-voturi","PARTIDUL PRO ROMÂNIA-voturi","PARTIDUL SOCIAL DEMOCRAT-voturi","PARTIDUL NAȚIONAL LIBERAL-voturi","UNIUNEA DEMOCRATĂ MAGHIARĂ DIN ROMÂNIA-voturi","PARTIDUL COMUNIȘTILOR-voturi","ALIANȚA RENAȘTEREA NAȚIONALĂ-voturi","PARTIDUL ECOLOGIST ROMÂN-voturi","PARTIDUL NOUA DREAPTĂ-voturi","ALIANȚA PENTRU UNIREA ROMÂNILOR-voturi","PARTIDUL PUTERII UMANISTE (SOCIAL-LIBERAL)-voturi","PARTIDUL VERDE-voturi"
28,MUREŞ,"CASA ”APOLLO” (ŞCOALA DE ARTE)",1,"MUNICIPIUL TÂRGU MUREŞ",114319,1,PROV,PRCNCT,S,S_SV,"2021-01-21 12:30:02",1335,1275,56,4,513,453,56,4,1387,874,508,5,0,20,58,15,77,67,238,3,2,4,0,21,2,1
28,MUREŞ,"UNIVERSITATEA ”PETRU MAIOR”",2,"MUNICIPIUL TÂRGU MUREŞ",114319,1,PROV,PRCNCT,S,S_SV,"2021-01-21 12:30:02",1549,1515,33,1,602,568,33,1,1700,1098,596,6,0,24,99,12,62,60,302,2,2,4,1,22,2,4
28,MUREŞ,"LICEUL TEORETIC ”BOLYAI FARKAS”,",3,"MUNICIPIUL TÂRGU MUREŞ",114319,1,PROV,PRCNCT,S,S_SV,"2021-01-21 12:30:02",1476,1379,41,56,670,573,41,56,1600,930,651,11,8,22,75,14,74,58,381,2,2,2,2,16,2,1
28,MUREŞ,"INTERNAT LICEUL TEHNOLOGIC ”AVRAM IANCU”",4,"MUNICIPIUL TÂRGU MUREŞ",114319,1,PROV,PRCNCT,S,S_SV,"2021-01-21 12:30:02",1348,1330,18,0,480,462,18,0,1500,1020,474,2,4,14,43,23,58,53,252,2,3,2,4,18,0,2
28,MUREŞ,"ŞCOALA GIMNAZIALĂ ”NICOLAE BĂLCESCU”",5,"MUNICIPIUL TÂRGU MUREŞ",114319,1,PROV,PRCNCT,S,S_SV,"2021-01-21 12:30:02",1674,1655,15,4,557,538,15,4,1800,1243,553,1,3,25,48,31,72,61,289,1,4,0,1,19,2,0
28,MUREŞ,"ŞCOALA GIMNAZIALĂ ”NICOLAE BĂLCESCU”",6,"MUNICIPIUL TÂRGU MUREŞ",114319,1,PROV,PRCNCT,S,S_SV,"2021-01-21 12:30:02",1182,1174,7,1,290,282,7,1,1300,1010,289,1,0,13,39,21,35,25,128,1,0,0,0,26,0,1
28,MUREŞ,"ŞCOALA GIMNAZIALĂ ”NICOLAE BĂLCESCU”",7,"MUNICIPIUL TÂRGU MUREŞ",114319,1,PROV,PRCNCT,S,S_SV,"2021-01-21 12:30:02",1364,1345,16,3,382,363,16,3,1600,1218,373,8,1,14,43,24,67,46,143,1,4,7,1,19,0,4
28,MUREŞ,"ŞCOALA GIMNAZIALĂ ”NICOLAE BĂLCESCU”",8,"MUNICIPIUL TÂRGU MUREŞ",114319,1,PROV,PRCNCT,S,S_SV,"2021-01-21 12:30:02",1295,1274,15,6,513,492,15,6,1397,884,504,8,1,24,64,19,44,69,258,2,3,3,1,17,0,0
28,MUREŞ,"ŞCOALA GIMNAZIALĂ ”NICOLAE BĂLCESCU”",9,"MUNICIPIUL TÂRGU MUREŞ",114319,1,PROV,PRCNCT,S,S_SV,"2021-01-21 12:30:02",1624,1597,22,5,600,573,22,5,1700,1100,598,2,0,10,48,12,52,35,420,0,1,0,0,18,1,1
28,MUREŞ,"LICEUL TEHNOLOGIC ”AUREL PERŞU”",10,"MUNICIPIUL TÂRGU MUREŞ",114319,1,PROV,PRCNCT,S,S_SV,"2021-01-21 12:30:02",1293,1277,16,0,253,237,16,0,1400,1147,250,3,0,13,35,19,25,30,78,0,1,3,2,41,0,3
28,MUREŞ,"LICEUL TEHNOLOGIC ”AUREL PERŞU”",11,"MUNICIPIUL TÂRGU MUREŞ",114319,1,PROV,PRCNCT,S,S_SV,"2021-01-21 12:30:02",1237,1222,14,1,407,392,14,1,1350,943,403,4,0,24,58,17,57,64,145,0,2,4,0,27,4,1
28,MUREŞ,"PRIMĂRIA MUNICIPIULUI TG.MUREŞ",12,"MUNICIPIUL TÂRGU MUREŞ",114319,1,PROV,PRCNCT,S,S_SV,"2021-01-21 12:30:02",1357,1308,46,3,517,468,46,3,1453,936,510,6,1,22,61,14,44,51,278,1,0,5,1,29,2,2
28,MUREŞ,"COLEGIUL AGRICOL ”TRAIAN SAVULESCU”",13,"MUNICIPIUL TÂRGU MUREŞ",114319,2,PART,PRCNCT,S,S_SV,"2021-01-21 12:30:02",1586,1540,36,10,577,531,36,10,1700,1123,569,5,3,27,84,16,62,64,285,1,1,6,3,13,4,3
28,MUREŞ,"ŞCOALA GIMNAZIALĂ ”AL.I.CUZA”",14,"MUNICIPIUL TÂRGU MUREŞ",114319,1,PROV,PRCNCT,S,S_SV,"2021-01-21 12:30:02",1811,1792,16,3,631,612,16,3,1999,1368,626,3,2,47,135,50,87,103,147,2,1,4,4,41,2,3
28,MUREŞ,"ŞCOALA GIMNAZIALĂ ”AL.I.CUZA”",15,"MUNICIPIUL TÂRGU MUREŞ",114319,1,PROV,PRCNCT,S,S_SV,"2021-01-21 12:30:02",1831,1813,17,1,653,635,17,1,2000,1347,640,11,2,32,105,21,99,72,253,0,4,3,2,39,3,7
28,MUREŞ,"ŞCOALA GIMNAZIALĂ ”AL.I.CUZA”",16,"MUNICIPIUL TÂRGU MUREŞ",114319,1,PROV,PRCNCT,S,S_SV,"2021-01-21 12:30:02",1683,1668,13,2,573,558,13,2,1800,1227,568,3,2,34,98,36,70,92,175,2,1,10,4,41,4,1
28,MUREŞ,"ŞCOALA GIMNAZIALĂ”AL.I.CUZA”",17,"MUNICIPIUL TÂRGU MUREŞ",114319,1,PROV,PRCNCT,S,S_SV,"2021-01-21 12:30:02",1934,1910,22,2,696,672,22,2,2000,1304,683,12,1,51,161,46,117,107,128,4,1,8,3,44,5,8
28,MUREŞ,"ŞCOALA GIMNAZIALĂ”AL.I.CUZA”",18,"MUNICIPIUL TÂRGU MUREŞ",114319,1,PROV,PRCNCT,S,S_SV,"2021-01-21 12:30:02",1633,1610,22,1,519,496,22,1,1800,1281,512,6,1,34,58,16,61,81,216,2,3,4,2,30,3,2
28,MUREŞ,"ŞCOALA GIMNAZIALĂ”AL.I.CUZA”",19,"MUNICIPIUL TÂRGU MUREŞ",114319,1,PROV,PRCNCT,S,S_SV,"2021-01-21 12:30:02",1802,1783,18,1,649,630,18,1,2000,1351,639,8,2,41,145,37,96,79,184,0,0,6,0,44,1,6
28,MUREŞ,"ŞCOALA GEN. NR. 19 BEŞA",20,"MUNICIPIUL TÂRGU MUREŞ",114319,1,PROV,PRCNCT,S,S_SV,"2021-01-21 12:30:02",818,807,11,0,235,224,11,0,900,665,221,14,0,2,12,8,9,28,132,0,1,2,1,26,0,0
28,MUREŞ,"ŞCOALA GIMNAZIALĂ ”FRIEDERICH SCHILLER”",21,"MUNICIPIUL TÂRGU MUREŞ",114319,1,PROV,PRCNCT,S,S_SV,"2021-01-21 12:30:02",1251,1215,26,10,454,418,26,10,1350,896,453,1,0,14,69,11,50,48,246,2,0,2,0,5,0,6
28,MUREŞ,"ŞCOALA GIMNAZIALĂ ”FRIEDERICH SCHILLER”",22,"MUNICIPIUL TÂRGU MUREŞ",114319,2,PART,PRCNCT,S,S_SV,"2021-01-21 12:30:02",1265,1246,18,1,488,469,18,1,1350,862,487,1,0,27,54,15,70,45,249,2,2,1,1,13,2,6
28,MUREŞ,"LICEUL CU PROGRAM SPORTIV ”SZASZ ADALBERT”",23,"MUNICIPIUL TÂRGU MUREŞ",114319,1,PROV,PRCNCT,S,S_SV,"2021-01-21 12:30:02",1578,1542,23,13,536,500,23,13,1700,1164,533,2,1,33,50,23,56,45,301,3,2,4,1,15,0,0
28,MUREŞ,"ŞCOALA GIMNAZIALĂ ”EUROPA”",24,"MUNICIPIUL TÂRGU MUREŞ",114319,1,PROV,PRCNCT,S,S_SV,"2021-01-21 12:30:02",1483,1409,58,16,625,552,58,15,1542,917,623,2,0,30,98,18,78,83,282,0,0,5,1,25,1,2
28,MUREŞ,"GRĂDINIŢA PROGR.PREL.NR.6",25,"MUNICIPIUL TÂRGU MUREŞ",114319,1,PROV,PRCNCT,S,S_SV,"2021-01-21 12:30:02",1292,1269,20,3,483,460,20,3,1400,917,481,0,2,25,87,36,75,74,163,2,2,3,0,10,1,3
28,MUREŞ,"LICEUL TEHNOLOGIC ”C-TIN BRÂNCUŞI”",26,"MUNICIPIUL TÂRGU MUREŞ",114319,1,PROV,PRCNCT,S,S_SV,"2021-01-21 12:30:02",1392,1344,45,3,614,566,45,3,1500,886,609,4,1,20,56,16,84,63,345,1,1,2,2,14,5,0
28,MUREŞ,"ŞCOALA GIMNAZIALĂ NR. 7 CORP A",27,"MUNICIPIUL TÂRGU MUREŞ",114319,1,PROV,PRCNCT,S,S_SV,"2021-01-21 12:30:02",1390,1357,31,2,552,519,31,2,1500,948,541,11,0,12,64,11,96,72,256,0,0,5,0,19,2,4
28,MUREŞ,"ŞCOALA GIMNAZIALĂ NR. 7, CORPUL B",28,"MUNICIPIUL TÂRGU MUREŞ",114319,1,PROV,PRCNCT,S,S_SV,"2021-01-21 12:30:02",1119,1068,29,22,359,308,29,22,1200,841,352,5,2,13,42,5,54,48,155,2,2,2,3,23,2,1
28,MUREŞ,"ŞCOALA GIMNAZIALĂ NR. 7, CORPUL B",29,"MUNICIPIUL TÂRGU MUREŞ",114319,1,PROV,PRCNCT,S,S_SV,"2021-01-21 12:30:02",1289,1265,22,2,427,403,22,2,1400,973,424,2,1,14,52,10,55,60,222,1,0,1,1,7,0,1
28,MUREŞ,"LICEUL TEHNOLOGIC ”ION VLASIU”",30,"MUNICIPIUL TÂRGU MUREŞ",114319,1,PROV,PRCNCT,S,S_SV,"2021-01-21 12:30:02",1556,1481,30,45,611,536,30,45,1650,1039,604,7,0,17,68,22,80,93,284,2,4,4,1,24,1,4
28,MUREŞ,"CENTRUL CULTURAL ”MIHAI EMINESCU”",31,"MUNICIPIUL TÂRGU MUREŞ",114319,2,PART,PRCNCT,S,S_SV,"2021-01-21 12:30:02",894,804,68,22,415,325,68,22,900,485,412,3,0,15,69,8,58,53,196,2,2,3,1,4,0,1
28,MUREŞ,"COLEGIUL NAŢIONAL ”UNIREA”",32,"MUNICIPIUL TÂRGU MUREŞ",114319,1,PROV,PRCNCT,S,S_SV,"2021-01-21 12:30:02",1644,1604,33,7,747,707,33,7,1700,953,746,1,0,43,74,14,104,131,344,2,2,5,2,18,3,4
28,MUREŞ,"LICEUL VOCAŢIONAL ”M. EMINESCU”",33,"MUNICIPIUL TÂRGU MUREŞ",114319,1,PROV,PRCNCT,S,S_SV,"2021-01-21 12:30:02",1619,1604,11,4,513,498,11,4,1700,1187,512,1,0,28,71,15,63,65,233,0,0,2,0,31,1,3
28,MUREŞ,"ŞCOALA GIMNAZIALĂ ”T.VLADIMIRESCU”",34,"MUNICIPIUL TÂRGU MUREŞ",114319,1,PROV,PRCNCT,S,S_SV,"2021-01-21 12:30:02",1522,1480,40,2,507,465,40,2,1650,1143,503,4,0,26,76,22,97,78,161,1,4,2,1,31,3,1
28,MUREŞ,"ŞCOALA GIMNAZIALĂ ”T.VLADIMIRESCU”",35,"MUNICIPIUL TÂRGU MUREŞ",114319,1,PROV,PRCNCT,S,S_SV,"2021-01-21 12:30:02",1500,1477,21,2,535,512,21,2,1600,1065,527,8,0,23,96,32,108,77,156,1,0,3,4,20,0,7
28,MUREŞ,"ŞCOALA GIMNAZIALĂ ”T.VLADIMIRESCU”",36,"MUNICIPIUL TÂRGU MUREŞ",114319,1,PROV,PRCNCT,S,S_SV,"2021-01-21 12:30:02",1511,1496,15,0,598,583,15,0,1650,1052,589,9,0,30,89,37,121,63,196,3,0,9,5,34,1,1
28,MUREŞ,"ŞCOALA GIMNAZIALĂ ”T.VLADIMIRESCU”",37,"MUNICIPIUL TÂRGU MUREŞ",114319,1,PROV,PRCNCT,S,S_SV,"2021-01-21 12:30:02",1550,1529,21,0,520,499,21,0,1700,1180,519,1,0,15,80,30,96,76,190,0,3,2,2,20,2,3
28,MUREŞ,"ŞCOALA GIMNAZIALĂ ”T.VLADIMIRESCU”",38,"MUNICIPIUL TÂRGU MUREŞ",114319,1,PROV,PRCNCT,S,S_SV,"2021-01-21 12:30:02",1408,1390,16,2,500,482,16,2,1550,1050,496,4,0,28,88,20,102,62,160,1,3,5,3,24,0,0
28,MUREŞ,"LICEUL TEHNOLOGIC ELECTROMUREŞ",39,"MUNICIPIUL TÂRGU MUREŞ",114319,1,PROV,PRCNCT,S,S_SV,"2021-01-21 12:30:02",1818,1792,24,2,669,643,24,2,1898,1229,663,5,1,35,146,26,122,99,191,1,1,3,1,34,3,1
28,MUREŞ,"LICEUL TEHNOLOGIC ELECTROMUREŞ",40,"MUNICIPIUL TÂRGU MUREŞ",114319,1,PROV,PRCNCT,S,S_SV,"2021-01-21 12:30:02",1626,1595,28,3,546,515,28,3,1700,1154,535,10,1,20,107,29,81,70,187,2,2,2,0,28,2,5
28,MUREŞ,"LICEUL TEHNOLOGIC ELECTROMUREŞ",41,"MUNICIPIUL TÂRGU MUREŞ",114319,1,PROV,PRCNCT,S,S_SV,"2021-01-21 12:30:02",1501,1481,20,0,551,531,20,0,1650,1099,545,5,1,18,94,21,106,73,202,1,2,2,1,19,2,4
28,MUREŞ,"LICEUL TEHNOLOGIC ELECTROMUREŞ",42,"MUNICIPIUL TÂRGU MUREŞ",114319,1,PROV,PRCNCT,S,S_SV,"2021-01-21 12:30:02",1537,1494,41,2,535,492,41,2,1650,1115,528,6,1,28,86,38,111,48,176,2,4,3,1,26,3,2
28,MUREŞ,"PUNCT COLECTARE TAXE ŞI IMPOZITE",43,"MUNICIPIUL TÂRGU MUREŞ",114319,1,PROV,PRCNCT,S,S_SV,"2021-01-21 12:30:02",1089,1062,24,3,444,417,24,3,1150,706,443,1,0,32,75,20,69,88,122,2,2,7,2,18,1,5
28,MUREŞ,"ŞCOALA GIMNAZIALĂ ”MIHAI VITEAZUL”",44,"MUNICIPIUL TÂRGU MUREŞ",114319,1,PROV,PRCNCT,S,S_SV,"2021-01-21 12:30:02",1624,1585,39,0,621,582,39,0,1700,1079,616,5,0,22,97,37,102,47,268,2,3,4,1,30,2,1
28,MUREŞ,"ŞCOALA GIMNAZIALĂ ”MIHAI VITEAZUL”",45,"MUNICIPIUL TÂRGU MUREŞ",114319,1,PROV,PRCNCT,S,S_SV,"2021-01-21 12:30:02",1554,1521,31,2,615,582,31,2,1700,1085,607,6,2,24,110,45,115,62,211,0,0,5,3,23,3,6
28,MUREŞ,"ŞCOALA GIMNAZIALĂ ”MIHAI VITEAZUL”",46,"MUNICIPIUL TÂRGU MUREŞ",114319,1,PROV,PRCNCT,S,S_SV,"2021-01-21 12:30:02",1594,1577,15,2,584,567,15,2,1750,1166,578,6,0,20,115,28,91,74,213,1,5,3,3,19,3,3
28,MUREŞ,"ŞCOALA GIMNAZIALĂ ”MIHAI VITEAZUL”",47,"MUNICIPIUL TÂRGU MUREŞ",114319,1,PROV,PRCNCT,S,S_SV,"2021-01-21 12:30:02",1517,1496,20,1,479,458,20,1,1650,1171,474,4,1,21,65,36,82,71,163,0,0,3,2,26,1,4
28,MUREŞ,"ŞCOALA GIMNAZIALĂ ”ROMULUS GUGA”",48,"MUNICIPIUL TÂRGU MUREŞ",114319,1,PROV,PRCNCT,S,S_SV,"2021-01-21 12:30:02",1505,1476,26,3,566,537,26,3,1650,1084,562,3,1,22,118,25,99,77,170,0,0,3,3,36,6,3
28,MUREŞ,"ŞCOALA GIMNAZIALĂ ”ROMULUS GUGA”",49,"MUNICIPIUL TÂRGU MUREŞ",114319,1,PROV,PRCNCT,S,S_SV,"2021-01-21 12:30:02",1814,1763,48,3,765,714,48,3,1900,1135,757,7,1,34,183,54,142,127,161,5,5,5,3,29,5,4
28,MUREŞ,"ŞCOALA GIMNAZIALĂ ”ROMULUS GUGA”",50,"MUNICIPIUL TÂRGU MUREŞ",114319,1,PROV,PRCNCT,S,S_SV,"2021-01-21 12:30:02",1499,1476,23,0,539,516,23,0,1650,1111,532,5,2,27,108,21,110,78,148,0,3,1,3,25,4,4
28,MUREŞ,"ŞCOALA GIMNAZIALĂ ”ROMULUS GUGA”",51,"MUNICIPIUL TÂRGU MUREŞ",114319,1,PROV,PRCNCT,S,S_SV,"2021-01-21 12:30:02",1422,1406,16,0,494,478,16,0,1550,1056,487,7,0,35,83,25,107,70,135,2,3,1,3,16,1,6
28,MUREŞ,"GRĂDINIŢA CU PROGR.PREL.”CODRIŞOR”",52,"MUNICIPIUL TÂRGU MUREŞ",114319,1,PROV,PRCNCT,S,S_SV,"2021-01-21 12:30:02",1641,1609,30,2,639,607,30,2,1700,1061,637,2,0,37,118,26,121,95,186,0,0,7,4,31,4,8
28,MUREŞ,"ŞCOALA GIMNAZIALĂ ”G.COŞBUC”",53,"MUNICIPIUL TÂRGU MUREŞ",114319,1,PROV,PRCNCT,S,S_SV,"2021-01-21 12:30:02",1431,1403,26,2,514,486,26,2,1550,1036,506,5,3,12,86,21,63,56,253,0,1,2,0,10,1,1
28,MUREŞ,"ŞCOALA GIMNAZIALĂ ”G.COŞBUC”",54,"MUNICIPIUL TÂRGU MUREŞ",114319,1,PROV,PRCNCT,S,S_SV,"2021-01-21 12:30:02",1539,1513,17,9,558,532,17,9,1650,1092,555,2,1,15,64,16,46,62,318,0,1,3,1,23,4,2
28,MUREŞ,"ŞCOALA GIMNAZIALĂ ”DACIA”/B",55,"MUNICIPIUL TÂRGU MUREŞ",114319,1,PROV,PRCNCT,S,S_SV,"2021-01-21 12:30:02",1513,1480,31,2,580,547,31,2,1650,1070,570,8,2,20,75,19,79,72,267,2,3,3,0,25,1,4
28,MUREŞ,"ŞCOALA GIMNAZIALĂ ”DACIA”/B",56,"MUNICIPIUL TÂRGU MUREŞ",114319,1,PROV,PRCNCT,S,S_SV,"2021-01-21 12:30:02",1512,1483,28,1,515,486,28,1,1650,1135,510,3,2,22,62,23,67,77,230,2,0,2,2,19,3,1
28,MUREŞ,"CENTRUL ŞCOLAR PENTRU EDUCAŢIE INCLUZIVĂ NR.1",57,"MUNICIPIUL TÂRGU MUREŞ",114319,1,PROV,PRCNCT,S,S_SV,"2021-01-21 12:30:02",1595,1515,16,64,578,498,16,64,1650,1072,569,6,3,14,56,24,99,66,280,1,1,3,1,20,3,1
28,MUREŞ,"CENTRUL ŞCOLAR PENTRU EDUCAŢIE INCLUZIVĂ NR.1",58,"MUNICIPIUL TÂRGU MUREŞ",114319,1,PROV,PRCNCT,S,S_SV,"2021-01-21 12:30:02",1487,1425,21,41,257,195,21,41,1550,1293,231,15,11,6,22,10,49,15,106,1,4,3,0,15,0,0
28,MUREŞ,"ŞCOALA GIMNAZIALĂ ”DACIA”/A",59,"MUNICIPIUL TÂRGU MUREŞ",114319,1,PROV,PRCNCT,S,S_SV,"2021-01-21 12:30:02",1519,1506,13,0,566,553,13,0,1650,1084,562,4,0,40,97,26,89,108,174,0,3,4,0,18,1,2
28,MUREŞ,"ŞCOALA GIMNAZIALĂ ”DACIA”/A",60,"MUNICIPIUL TÂRGU MUREŞ",114319,1,PROV,PRCNCT,S,S_SV,"2021-01-21 12:30:02",1419,1392,27,0,615,588,27,0,1550,935,607,6,2,42,98,19,90,87,249,0,0,5,0,15,0,2
28,MUREŞ,"ŞCOALA GIMNAZIALĂ ”DACIA”/A",61,"MUNICIPIUL TÂRGU MUREŞ",114319,1,PROV,PRCNCT,S,S_SV,"2021-01-21 12:30:02",965,947,17,1,318,300,17,1,1050,732,318,0,0,14,47,13,25,29,177,0,0,1,0,7,2,3
28,MUREŞ,"LICEUL TEHNOLOGIC ”AVRAM IANCU”",62,"MUNICIPIUL TÂRGU MUREŞ",114319,1,PROV,PRCNCT,S,S_SV,"2021-01-21 12:30:02",1328,1296,28,4,516,484,28,4,1450,934,508,6,2,13,77,8,43,55,282,0,0,3,1,18,3,5
28,MUREŞ,"LICEUL TEHNOLOGIC ”AVRAM IANCU”",63,"MUNICIPIUL TÂRGU MUREŞ",114319,1,PROV,PRCNCT,S,S_SV,"2021-01-21 12:30:02",1540,1521,18,1,567,548,18,1,1650,1083,560,6,1,21,58,17,70,61,311,0,4,2,1,12,1,2
28,MUREŞ,"LICEUL TEHNOLOGIC ”AVRAM IANCU”",64,"MUNICIPIUL TÂRGU MUREŞ",114319,1,PROV,PRCNCT,S,S_SV,"2021-01-21 12:30:02",1431,1396,32,3,454,419,32,3,1550,1096,441,10,3,16,48,17,66,34,228,0,0,1,2,21,1,7
28,MUREŞ,"GRĂDINIŢA PROG.PREL.”ALBINUŢA”",65,"MUNICIPIUL TÂRGU MUREŞ",114319,1,PROV,PRCNCT,S,S_SV,"2021-01-21 12:30:02",1346,1313,30,3,466,433,30,3,1450,984,460,1,5,17,59,27,76,50,210,0,3,1,0,14,2,1
28,MUREŞ,"ŞCOALA GIMNAZIALĂ ”LIVIU REBREANU”",66,"MUNICIPIUL TÂRGU MUREŞ",114319,1,PROV,PRCNCT,S,S_SV,"2021-01-21 12:30:02",1397,1379,18,0,439,421,18,0,1500,1061,431,5,3,26,33,27,50,41,231,3,3,4,0,9,2,2
28,MUREŞ,"ŞCOALA GIMNAZIALĂ ”LIVIU REBREANU”",67,"MUNICIPIUL TÂRGU MUREŞ",114319,2,PART,PRCNCT,S,S_SV,"2021-01-21 12:30:02",1424,1400,23,1,529,505,23,1,1550,1021,522,6,1,23,82,19,83,61,220,0,1,2,1,26,2,2
28,MUREŞ,"ŞCOALA GIMNAZIALĂ ”LIVIU REBREANU”",68,"MUNICIPIUL TÂRGU MUREŞ",114319,1,PROV,PRCNCT,S,S_SV,"2021-01-21 12:30:02",1448,1434,14,0,527,513,14,0,1550,1023,520,4,3,10,51,8,65,36,324,0,2,3,0,14,3,4
28,MUREŞ,"ŞCOALA GIMNAZIALĂ ”LIVIU REBREANU”",69,"MUNICIPIUL TÂRGU MUREŞ",114319,1,PROV,PRCNCT,S,S_SV,"2021-01-21 12:30:02",1464,1447,17,0,551,534,17,0,1597,1046,546,5,0,23,70,10,82,52,284,2,4,3,0,11,4,1
28,MUREŞ,"GRĂDINIŢA PROG.PREL.”LICURICI”",70,"MUNICIPIUL TÂRGU MUREŞ",114319,1,PROV,PRCNCT,S,S_SV,"2021-01-21 12:30:02",1470,1452,17,1,558,540,17,1,1597,1039,551,6,1,16,51,16,70,43,318,0,0,2,4,28,2,1
28,MUREŞ,"GRĂDINIŢA PROG.PREL.”LICURICI”",71,"MUNICIPIUL TÂRGU MUREŞ",114319,1,PROV,PRCNCT,S,S_SV,"2021-01-21 12:30:02",1266,1241,23,2,538,513,23,2,1350,812,532,6,0,38,67,22,60,50,270,1,0,5,1,14,1,3
28,MUREŞ,"LICEUL TEHNOLOGIC ”GH. ŞINCAI”",72,"MUNICIPIUL TÂRGU MUREŞ",114319,1,PROV,PRCNCT,S,S_SV,"2021-01-21 12:30:02",1541,1522,14,5,574,555,14,5,1650,1076,566,5,3,16,76,19,67,49,310,0,3,5,0,17,2,2
28,MUREŞ,"LICEUL TEHNOLOGIC ”GH. ŞINCAI”",73,"MUNICIPIUL TÂRGU MUREŞ",114319,1,PROV,PRCNCT,S,S_SV,"2021-01-21 12:30:02",1440,1416,20,4,541,517,20,4,1550,1009,535,3,3,13,37,18,91,51,300,1,1,3,0,19,1,0
28,MUREŞ,"ŞCOALA GIMNAZIALĂ LIVIU REBREANU",74,"MUNICIPIUL TÂRGU MUREŞ",114319,1,PROV,PRCNCT,S,S_SV,"2021-01-21 12:30:02",1336,1325,11,0,529,518,11,0,1449,920,521,7,1,16,45,22,55,50,301,2,0,5,0,22,1,2
28,MUREŞ,"ŞCOALA GIMNAZIALĂ LIVIU REBREANU",75,"MUNICIPIUL TÂRGU MUREŞ",114319,1,PROV,PRCNCT,S,S_SV,"2021-01-21 12:30:02",1417,1401,15,1,456,440,15,1,1550,1094,454,2,0,13,46,29,68,51,210,0,0,5,1,28,2,1
28,MUREŞ,"GRĂDINIŢA CU PROG.PREL.”RÂNDUNICA”",76,"MUNICIPIUL TÂRGU MUREŞ",114319,1,PROV,PRCNCT,S,S_SV,"2021-01-21 12:30:02",1648,1632,16,0,504,488,16,0,1800,1296,497,7,0,19,47,14,67,45,251,1,4,4,1,41,1,2
28,MUREŞ,"LICEUL TEHNOLOGIC ”GH.ŞINCAI”",77,"MUNICIPIUL TÂRGU MUREŞ",114319,1,PROV,PRCNCT,S,S_SV,"2021-01-21 12:30:02",1564,1538,20,6,524,498,20,6,1700,1176,516,7,1,23,49,13,83,30,299,0,2,2,0,13,1,1
28,MUREŞ,"ŞCOALA GIMNAZIALĂ ”SERAFIM DUICU”",78,"MUNICIPIUL TÂRGU MUREŞ",114319,1,PROV,PRCNCT,S,S_SV,"2021-01-21 12:30:02",1659,1643,13,3,624,608,13,3,1800,1176,621,2,1,23,52,17,77,69,344,3,5,7,2,18,0,4
28,MUREŞ,"ŞCOALA GIMNAZIALĂ ”SERAFIM DUICU”",79,"MUNICIPIUL TÂRGU MUREŞ",114319,1,PROV,PRCNCT,S,S_SV,"2021-01-21 12:30:02",1412,1389,20,3,355,332,20,3,1550,1195,349,3,3,18,37,26,40,52,143,2,0,2,0,23,1,5
28,MUREŞ,"ŞCOALA GIMNAZIALĂ ”SERAFIM DUICU”",80,"MUNICIPIUL TÂRGU MUREŞ",114319,1,PROV,PRCNCT,S,S_SV,"2021-01-21 12:30:02",1609,1588,19,2,446,425,19,2,1750,1304,441,5,0,19,53,31,58,59,163,2,3,3,0,47,2,1
28,MUREŞ,"LICEUL TEHNOLOGIC ”TRAIAN VUIA”",81,"MUNICIPIUL TÂRGU MUREŞ",114319,1,PROV,PRCNCT,S,S_SV,"2021-01-21 12:30:02",1635,1617,18,0,485,467,18,0,1800,1315,477,5,3,20,93,19,68,50,160,3,4,5,1,47,3,4
28,MUREŞ,"LICEUL TEHNOLOGIC ”TRAIAN VUIA”",82,"MUNICIPIUL TÂRGU MUREŞ",114319,1,PROV,PRCNCT,S,S_SV,"2021-01-21 12:30:02",1598,1576,21,1,349,327,21,1,1750,1401,340,8,1,10,45,29,57,38,104,0,2,1,0,47,3,4
28,MUREŞ,"LICEUL TEHNOLOGIC ”TRAIAN VUIA”",83,"MUNICIPIUL TÂRGU MUREŞ",114319,1,PROV,PRCNCT,S,S_SV,"2021-01-21 12:30:02",1516,1474,24,18,487,445,24,18,1600,1113,475,9,3,20,78,38,79,50,155,2,3,5,0,42,0,3
28,MUREŞ,"LICEUL TEHNOLOGIC ”EMIL DANDEA”",84,"MUNICIPIUL TÂRGU MUREŞ",114319,1,PROV,PRCNCT,S,S_SV,"2021-01-21 12:30:02",1263,1238,25,0,320,295,25,0,1350,1030,288,25,7,15,36,12,58,31,111,0,3,3,3,14,2,0
28,MUREŞ,"CĂMINUL CULTURAL",85,"MUNICIPIUL TÂRGU MUREŞ",114319,1,PROV,PRCNCT,S,S_SV,"2021-01-21 12:30:02",1000,982,17,1,271,253,17,1,1100,829,268,2,1,28,35,11,61,47,48,0,2,2,4,28,0,2
28,MUREŞ,"ŞCOALA GIMNAZIALĂ ”ALEXANDRU CEUŞIANU”",86,"MUNICIPIUL REGHIN",114809,1,PROV,PRCNCT,S,S_SV,"2021-01-21 12:30:02",1432,1410,22,0,461,439,22,0,1550,1089,454,5,2,11,100,8,84,108,99,0,8,3,2,24,2,5
28,MUREŞ,"CLUBUL COPIILOR",87,"MUNICIPIUL REGHIN",114809,1,PROV,PRCNCT,S,S_SV,"2021-01-21 12:30:02",1395,1378,13,4,499,482,13,4,1500,1001,487,8,4,29,111,16,68,134,83,1,5,3,0,29,4,4
28,MUREŞ,"LICEUL TEHNOLOGIC ”LUCIAN BLAGA”",88,"MUNICIPIUL REGHIN",114809,1,PROV,PRCNCT,S,S_SV,"2021-01-21 12:30:02",1561,1533,22,6,602,574,22,6,1700,1098,589,11,2,37,144,19,86,148,91,4,2,4,1,38,3,12
28,MUREŞ,"LICEUL TEHNOLOGIC ”LUCIAN BLAGA”",89,"MUNICIPIUL REGHIN",114809,1,PROV,PRCNCT,S,S_SV,"2021-01-21 12:30:02",1339,1325,13,1,407,393,13,1,1450,1043,400,7,0,17,78,9,60,96,92,1,2,1,1,33,6,4
28,MUREŞ,"LICEUL TEHNOLOGIC ”PETRU MAIOR”",90,"MUNICIPIUL REGHIN",114809,1,PROV,PRCNCT,S,S_SV,"2021-01-21 12:30:02",1636,1612,23,1,514,490,23,1,1750,1236,505,6,3,11,125,17,99,142,68,3,4,3,2,24,3,4
28,MUREŞ,"LICEUL TEHNOLOGIC ”PETRU MAIOR”",91,"MUNICIPIUL REGHIN",114809,1,PROV,PRCNCT,S,S_SV,"2021-01-21 12:30:02",1556,1535,21,0,452,431,21,0,1700,1248,443,7,2,17,78,16,80,109,98,0,0,0,0,34,4,7
28,MUREŞ,"LICEUL TEHNOLOGIC ”PETRU MAIOR”",92,"MUNICIPIUL REGHIN",114809,1,PROV,PRCNCT,S,S_SV,"2021-01-21 12:30:02",1452,1438,13,1,449,435,13,1,1600,1151,446,1,2,20,79,8,90,124,75,2,1,5,0,37,2,3
28,MUREŞ,"LICEUL TEHNOLOGIC ”IOAN BOJOR”",93,"MUNICIPIUL REGHIN",114809,1,PROV,PRCNCT,S,S_SV,"2021-01-21 12:30:02",1643,1627,16,0,526,510,16,0,1800,1274,516,6,4,21,119,10,105,124,76,2,4,5,1,38,7,4
28,MUREŞ,"LICEUL TEHNOLOGIC ”IOAN BOJOR”",94,"MUNICIPIUL REGHIN",114809,1,PROV,PRCNCT,S,S_SV,"2021-01-21 12:30:02",1682,1667,14,1,509,494,14,1,1800,1291,504,4,1,16,116,15,85,117,102,2,1,4,1,30,11,4
28,MUREŞ,"GRĂDINIŢA CU PROGRAM PRELUNGIT NR.4",95,"MUNICIPIUL REGHIN",114809,1,PROV,PRCNCT,S,S_SV,"2021-01-21 12:30:02",995,983,12,0,293,281,12,0,1090,797,287,4,2,17,42,20,38,69,49,2,0,4,0,45,0,1
28,MUREŞ,"GRĂDINIŢA CU PROGRAM PRELUNGIT NR.4",96,"MUNICIPIUL REGHIN",114809,1,PROV,PRCNCT,S,S_SV,"2021-01-21 12:30:02",974,960,14,0,257,243,14,0,1050,793,248,9,0,12,23,10,58,46,61,0,0,2,0,32,2,2
28,MUREŞ,"CĂMINUL CULTURAL ”IERNUŢENI”",97,"MUNICIPIUL REGHIN",114809,2,PART,PRCNCT,S,S_SV,"2021-01-21 12:30:02",1725,1697,28,0,611,583,28,0,1800,1189,602,5,4,14,89,18,87,136,178,1,0,7,3,57,6,6
28,MUREŞ,"ŞCOALA GIMNAZIALĂ NR.4",98,"MUNICIPIUL REGHIN",114809,1,PROV,PRCNCT,S,S_SV,"2021-01-21 12:30:02",1076,1066,10,0,240,230,10,0,1200,960,222,15,3,106,3,13,19,44,15,1,1,0,0,20,0,0
28,MUREŞ,"ŞCOALA GIMNAZIALĂ NR.4",99,"MUNICIPIUL REGHIN",114809,1,PROV,PRCNCT,S,S_SV,"2021-01-21 12:30:02",1124,1108,16,0,319,303,16,0,1200,881,313,4,2,8,27,11,43,82,116,0,0,1,0,20,2,3
28,MUREŞ,"GRĂDINIŢA CU PROGRAM PRELUNGIT NR.3",100,"MUNICIPIUL REGHIN",114809,1,PROV,PRCNCT,S,S_SV,"2021-01-21 12:30:02",1319,1303,16,0,413,397,16,0,1450,1037,407,6,0,18,57,9,95,94,104,0,0,1,2,21,3,3
28,MUREŞ,"ŞCOALA GIMNAZIALĂ ”FLOREA BOGDAN”",101,"MUNICIPIUL REGHIN",114809,1,PROV,PRCNCT,S,S_SV,"2021-01-21 12:30:02",1325,1307,18,0,358,340,18,0,1450,1092,356,2,0,14,56,5,70,74,99,0,0,4,0,30,2,2
28,MUREŞ,"ŞCOALA GIMNAZIALĂ ”FLOREA BOGDAN”",102,"MUNICIPIUL REGHIN",114809,1,PROV,PRCNCT,S,S_SV,"2021-01-21 12:30:02",1416,1404,12,0,397,385,12,0,1550,1153,388,6,3,18,73,6,52,110,90,3,0,3,1,25,6,1
28,MUREŞ,"ŞCOALA GIMNAZIALĂ ”FLOREA BOGDAN”",103,"MUNICIPIUL REGHIN",114809,1,PROV,PRCNCT,S,S_SV,"2021-01-21 12:30:02",1356,1340,16,0,337,321,16,0,1450,1113,331,2,4,7,36,14,59,92,95,1,0,0,0,22,5,0
28,MUREŞ,"GRĂDINIŢA CU PROGRAM NORMAL NR.3",104,"MUNICIPIUL REGHIN",114809,2,PART,PRCNCT,S,S_SV,"2021-01-21 12:30:02",1275,1250,21,4,472,447,21,4,1343,871,468,1,3,33,92,18,79,113,82,2,3,4,0,29,6,7
28,MUREŞ,"GRĂDINIŢA CU PROGRAM NORMAL NR.3",105,"MUNICIPIUL REGHIN",114809,1,PROV,PRCNCT,S,S_SV,"2021-01-21 12:30:02",1084,1073,11,0,355,344,11,0,1193,838,350,5,0,22,74,7,72,86,59,0,2,0,0,23,4,1
28,MUREŞ,"GRĂDINITA CU PROGRAM NORMAL NR.1 REGHIN",106,"MUNICIPIUL REGHIN",114809,1,PROV,PRCNCT,S,S_SV,"2021-01-21 12:30:02",1145,1121,24,0,335,311,24,0,1250,915,330,3,1,10,53,9,67,70,105,1,1,1,0,11,2,0
28,MUREŞ,"ŞCOALA GIMNAZIALĂ ”AUGUSTIN MAIOR”",107,"MUNICIPIUL REGHIN",114809,1,PROV,PRCNCT,S,S_SV,"2021-01-21 12:30:02",1210,1195,15,0,343,328,15,0,1300,957,332,5,6,8,48,6,39,71,116,0,1,3,0,30,10,0
28,MUREŞ,"CASA DE CULTURĂ DR. ”EUGEN NICOARA”",108,"MUNICIPIUL REGHIN",114809,1,PROV,PRCNCT,S,S_SV,"2021-01-21 12:30:02",1294,1239,24,31,445,390,24,31,1344,899,436,9,0,21,78,9,64,118,98,2,2,2,0,34,5,3
28,MUREŞ,"ŞCOALA GIMNAZIALĂ ” OCTAVIAN GOGA ”",109,"MUNICIPIUL SIGHIŞOARA",114514,1,PROV,PRCNCT,S,S_SV,"2021-01-21 12:30:02",1373,1357,16,0,419,403,16,0,1550,1131,409,8,2,24,71,12,69,122,42,1,4,9,1,46,4,4
28,MUREŞ,"LICEUL TEHNOLOGIC NR. 2",110,"MUNICIPIUL SIGHIŞOARA",114514,1,PROV,PRCNCT,S,S_SV,"2021-01-21 12:30:02",1099,1091,8,0,276,268,8,0,1200,924,273,1,2,17,42,8,34,106,31,3,8,3,1,16,4,0
28,MUREŞ,"LICEUL TEHNOLOGIC NR. 2",111,"MUNICIPIUL SIGHIŞOARA",114514,1,PROV,PRCNCT,S,S_SV,"2021-01-21 12:30:02",968,955,13,0,252,239,13,0,1050,798,247,2,3,25,38,7,35,80,20,1,3,3,1,30,1,3
28,MUREŞ,"ŞCOALA GIMNAZIALĂ ”MIRON NEAGU”",112,"MUNICIPIUL SIGHIŞOARA",114514,1,PROV,PRCNCT,S,S_SV,"2021-01-21 12:30:02",1333,1320,13,0,335,322,13,0,1450,1115,328,4,3,32,31,12,49,85,44,4,5,4,2,53,6,1
28,MUREŞ,"ŞCOALA GIMNAZIALĂ ”MIRON NEAGU”",113,"MUNICIPIUL SIGHIŞOARA",114514,1,PROV,PRCNCT,S,S_SV,"2021-01-21 12:30:02",1313,1297,14,2,299,283,14,2,1400,1101,295,2,2,23,40,12,53,95,28,2,4,1,1,29,4,3
28,MUREŞ,"LICEUL TEORETIC ”JOSEPH HALTRICH”",114,"MUNICIPIUL SIGHIŞOARA",114514,1,PROV,PRCNCT,S,S_SV,"2021-01-21 12:30:02",1081,1069,12,0,242,230,12,0,1200,958,239,3,0,18,44,7,29,77,22,2,3,2,1,30,1,3
28,MUREŞ,"GRĂDINIŢA CU PROGRAM PRELUNGIT NR.2",115,"MUNICIPIUL SIGHIŞOARA",114514,1,PROV,PRCNCT,S,S_SV,"2021-01-21 12:30:02",1252,1240,12,0,325,313,12,0,1350,1025,317,6,2,16,62,12,54,94,43,1,1,2,1,25,4,2
28,MUREŞ,"ŞCOALA GIMNAZIALĂ ” NICOLAE IORGA ”",116,"MUNICIPIUL SIGHIŞOARA",114514,1,PROV,PRCNCT,S,S_SV,"2021-01-21 12:30:02",974,967,7,0,219,212,7,0,1050,831,217,2,0,11,38,3,42,70,27,0,1,5,0,17,0,3
28,MUREŞ,"ŞCOALA GIMNAZIALĂ ” NICOLAE IORGA ”",117,"MUNICIPIUL SIGHIŞOARA",114514,1,PROV,PRCNCT,S,S_SV,"2021-01-21 12:30:02",983,975,8,0,219,211,8,0,1100,881,218,0,1,3,31,7,32,81,44,1,1,3,0,11,2,2
28,MUREŞ,"ŞCOALA GIMNAZIALĂ ” NICOLAE IORGA ”",118,"MUNICIPIUL SIGHIŞOARA",114514,1,PROV,PRCNCT,S,S_SV,"2021-01-21 12:30:02",1343,1336,7,0,325,318,7,0,1500,1175,318,5,2,12,35,19,45,96,56,2,2,3,0,39,5,4
28,MUREŞ,"ŞCOALA GIMNAZIALĂ ” NICOLAE IORGA ”",119,"MUNICIPIUL SIGHIŞOARA",114514,1,PROV,PRCNCT,S,S_SV,"2021-01-21 12:30:02",1137,1130,7,0,240,233,7,0,1250,1010,237,3,0,10,29,9,30,75,49,0,0,2,0,26,7,0
28,MUREŞ,"ŞCOALA GIMNAZIALĂ ” ZAHARIA BOIU ”",120,"MUNICIPIUL SIGHIŞOARA",114514,1,PROV,PRCNCT,S,S_SV,"2021-01-21 12:30:02",1241,1235,6,0,268,262,6,0,1350,1082,267,1,0,8,95,6,35,50,32,1,1,3,0,34,0,2
28,MUREŞ,"ŞCOALA GIMNAZIALĂ ” ZAHARIA BOIU ”",121,"MUNICIPIUL SIGHIŞOARA",114514,1,PROV,PRCNCT,S,S_SV,"2021-01-21 12:30:02",1282,1271,11,0,360,349,11,0,1400,1040,354,1,5,14,59,12,63,114,46,3,0,8,1,26,6,2
28,MUREŞ,"ŞCOALA GIMNAZIALĂ ” ZAHARIA BOIU ”",122,"MUNICIPIUL SIGHIŞOARA",114514,1,PROV,PRCNCT,S,S_SV,"2021-01-21 12:30:02",1165,1151,14,0,309,295,14,0,1250,941,301,8,0,10,56,13,59,72,41,0,6,2,2,32,3,5
28,MUREŞ,"ŞCOALA GIMNAZIALĂ ” ZAHARIA BOIU ”",123,"MUNICIPIUL SIGHIŞOARA",114514,1,PROV,PRCNCT,S,S_SV,"2021-01-21 12:30:02",1632,1621,11,0,447,436,11,0,1800,1353,442,5,0,22,88,17,44,131,53,1,2,5,0,71,1,7
28,MUREŞ,"ŞCOALA GIMNAZIALĂ ” ZAHARIA BOIU ”",124,"MUNICIPIUL SIGHIŞOARA",114514,1,PROV,PRCNCT,S,S_SV,"2021-01-21 12:30:02",1425,1415,10,0,357,347,10,0,1550,1193,355,2,0,12,64,10,45,113,42,2,1,10,1,49,5,1
28,MUREŞ,"ŞCOALA PRIMARĂ ”DEALUL VIILOR”",125,"MUNICIPIUL SIGHIŞOARA",114514,1,PROV,PRCNCT,S,S_SV,"2021-01-21 12:30:02",1634,1621,13,0,338,325,13,0,1800,1462,324,11,3,23,44,10,34,92,42,1,3,1,0,65,8,1
28,MUREŞ,"ŞCOALA GIMNAZIALĂ ”AUREL MOSORA”",126,"MUNICIPIUL SIGHIŞOARA",114514,1,PROV,PRCNCT,S,S_SV,"2021-01-21 12:30:02",1422,1389,31,2,407,374,31,2,1550,1143,400,5,2,28,78,13,73,97,73,0,3,7,3,21,1,3
28,MUREŞ,"ŞCOALA GIMNAZIALĂ ”AUREL MOSORA”",127,"MUNICIPIUL SIGHIŞOARA",114514,1,PROV,PRCNCT,S,S_SV,"2021-01-21 12:30:02",1358,1345,12,1,369,356,12,1,1500,1131,359,9,1,16,61,7,63,105,49,5,2,4,1,39,1,6
28,MUREŞ,"ŞCOALA GIMNAZIALĂ ”RADU POPA”",128,"MUNICIPIUL SIGHIŞOARA",114514,1,PROV,PRCNCT,S,S_SV,"2021-01-21 12:30:02",1127,1108,15,4,327,308,15,4,1200,873,325,2,0,21,50,10,55,99,53,0,2,4,0,29,0,2
28,MUREŞ,"ŞCOALA GIMNAZIALĂ ” VICTOR JINGA”",129,"MUNICIPIUL SIGHIŞOARA",114514,1,PROV,PRCNCT,S,S_SV,"2021-01-21 12:30:02",1199,1179,18,2,347,327,18,2,1300,953,342,5,0,29,61,4,59,122,26,0,4,3,4,20,3,7
28,MUREŞ,"ŞCOALA GIMNAZIALĂ ” VICTOR JINGA”",130,"MUNICIPIUL SIGHIŞOARA",114514,1,PROV,PRCNCT,S,S_SV,"2021-01-21 12:30:02",986,976,10,0,225,215,10,0,1050,825,217,8,0,9,35,6,35,77,24,0,5,3,0,20,3,0
28,MUREŞ,"ȘCOALA PRIMARĂ HETIUR",131,"MUNICIPIUL SIGHIŞOARA",114514,1,PROV,PRCNCT,S,S_SV,"2021-01-21 12:30:02",866,852,14,0,149,135,14,0,950,801,144,2,3,9,27,7,16,55,4,1,0,3,1,17,1,3
28,MUREŞ,"GRĂDINIȚA CU PROGRAM PRELUNGIT NR. 4",132,"MUNICIPIUL TÂRNĂVENI",114925,1,PROV,PRCNCT,S,S_SV,"2021-01-21 12:30:02",959,943,16,0,219,203,16,0,1050,831,217,1,1,3,28,20,56,52,29,0,4,3,0,19,2,1
28,MUREŞ,"ȘCOALA GIMNAZIALĂ NR.3",133,"MUNICIPIUL TÂRNĂVENI",114925,1,PROV,PRCNCT,S,S_SV,"2021-01-21 12:30:02",1125,1117,8,0,210,202,8,0,1250,1040,189,18,3,28,1,11,35,46,9,2,1,3,1,51,1,0
28,MUREŞ,"ȘCOALA GIMNAZIALĂ NR.3",134,"MUNICIPIUL TÂRNĂVENI",114925,1,PROV,PRCNCT,S,S_SV,"2021-01-21 12:30:02",989,982,7,0,206,199,7,0,1100,894,191,11,4,21,12,12,21,52,10,1,0,1,3,55,2,1
28,MUREŞ,"GRĂDINIȚA CU PROGRAM PRELUNGIT NR.1",135,"MUNICIPIUL TÂRNĂVENI",114925,1,PROV,PRCNCT,S,S_SV,"2021-01-21 12:30:02",931,925,6,0,275,269,6,0,1000,725,274,0,1,11,28,22,61,63,60,1,10,2,0,14,1,1
28,MUREŞ,"ȘCOALA GIMNAZIALĂ TRAIAN",136,"MUNICIPIUL TÂRNĂVENI",114925,1,PROV,PRCNCT,S,S_SV,"2021-01-21 12:30:02",1092,1076,16,0,268,252,16,0,1200,932,262,4,2,10,29,17,62,72,51,2,2,2,0,12,1,2
28,MUREŞ,"LICEUL CONSTANTIN BRÂNCUŞI",137,"MUNICIPIUL TÂRNĂVENI",114925,1,PROV,PRCNCT,S,S_SV,"2021-01-21 12:30:02",1173,1151,22,0,232,210,22,0,1250,1018,223,9,0,6,24,18,70,44,24,1,0,2,0,29,2,3
28,MUREŞ,"CASA DE CULTURĂ MIHAI EMINESCU",138,"MUNICIPIUL TÂRNĂVENI",114925,1,PROV,PRCNCT,S,S_SV,"2021-01-21 12:30:02",1186,1174,12,0,278,266,12,0,1300,1022,274,4,0,12,47,6,75,82,24,0,0,2,0,22,2,2
28,MUREŞ,"COLEGIUL TEHNIC",139,"MUNICIPIUL TÂRNĂVENI",114925,1,PROV,PRCNCT,S,S_SV,"2021-01-21 12:30:02",940,931,9,0,246,237,9,0,1000,754,242,3,1,11,30,13,42,61,51,1,0,2,0,28,2,1
28,MUREŞ,"ŞCOALA GIMNAZIALĂ AVRAM IANCU",140,"MUNICIPIUL TÂRNĂVENI",114925,1,PROV,PRCNCT,S,S_SV,"2021-01-21 12:30:02",937,923,14,0,173,159,14,0,1000,827,171,1,1,5,21,8,45,36,24,0,3,3,0,24,1,1
28,MUREŞ,"ȘCOALA GIMNAZIALĂ AVRAM IANCU",141,"MUNICIPIUL TÂRNĂVENI",114925,1,PROV,PRCNCT,S,S_SV,"2021-01-21 12:30:02",905,893,9,3,208,196,9,3,1000,792,205,1,2,6,17,9,41,62,41,0,1,1,1,25,0,1
28,MUREŞ,"LICEUL TEORETIC ANDREI BÂRSEANU",142,"MUNICIPIUL TÂRNĂVENI",114925,1,PROV,PRCNCT,S,S_SV,"2021-01-21 12:30:02",1291,1281,10,0,280,270,10,0,1400,1120,275,4,1,11,37,31,63,72,35,0,0,2,0,21,3,0
28,MUREŞ,"LICEUL TEORETIC ANDREI BÂRSEANU",143,"MUNICIPIUL TÂRNĂVENI",114925,1,PROV,PRCNCT,S,S_SV,"2021-01-21 12:30:02",1334,1325,9,0,257,248,9,0,1450,1193,253,3,1,8,22,10,63,83,28,1,0,1,0,37,0,0
28,MUREŞ,"GRĂDINIȚA CU PROGRAM NORMAL NR. 6",144,"MUNICIPIUL TÂRNĂVENI",114925,1,PROV,PRCNCT,S,S_SV,"2021-01-21 12:30:02",1144,1128,16,0,254,238,16,0,1250,996,249,4,1,4,43,18,61,50,39,1,0,3,0,29,0,1
28,MUREŞ,"CLUBUL PENSIONARILOR NR. 2",145,"MUNICIPIUL TÂRNĂVENI",114925,1,PROV,PRCNCT,S,S_SV,"2021-01-21 12:30:02",1136,1125,11,0,256,245,11,0,1250,994,250,5,1,6,27,17,63,50,43,1,0,2,1,36,3,1
28,MUREŞ,"CENTRUL SOCIAL VICTORIA",146,"MUNICIPIUL TÂRNĂVENI",114925,1,PROV,PRCNCT,S,S_SV,"2021-01-21 12:30:02",1090,1065,16,9,269,244,16,9,1200,931,266,2,1,6,34,34,61,74,21,2,0,4,1,23,3,3
28,MUREŞ,"ŞCOALA GIMNAZIALĂ VASILE MOLDOVAN",147,"MUNICIPIUL TÂRNĂVENI",114925,1,PROV,PRCNCT,S,S_SV,"2021-01-21 12:30:02",1074,1064,10,0,250,240,10,0,1150,900,246,2,2,7,58,18,30,62,30,2,1,2,1,30,3,2
28,MUREŞ,"ŞCOALA GIMNAZIALĂ VASILE MOLDOVAN",148,"MUNICIPIUL TÂRNĂVENI",114925,2,PART,PRCNCT,S,S_SV,"2021-01-21 12:30:02",1134,1124,10,0,275,265,10,0,1250,975,254,18,3,10,33,7,94,67,12,0,0,2,1,21,6,1
28,MUREŞ,"ŞCOALA GIMNAZIALĂ VASILE MOLDOVAN",149,"MUNICIPIUL TÂRNĂVENI",114925,1,PROV,PRCNCT,S,S_SV,"2021-01-21 12:30:02",1170,1163,7,0,273,266,7,0,1300,1027,265,5,3,7,42,23,50,58,40,0,4,1,0,35,3,2
28,MUREŞ,"ŞCOALA PRIMARĂ BOTORCA",150,"MUNICIPIUL TÂRNĂVENI",114925,1,PROV,PRCNCT,S,S_SV,"2021-01-21 12:30:02",305,293,12,0,86,74,12,0,300,214,83,2,1,6,12,3,12,31,8,0,0,2,0,9,0,0
28,MUREŞ,"CĂMINUL CULTURAL BOBOHALMA",151,"MUNICIPIUL TÂRNĂVENI",114925,1,PROV,PRCNCT,S,S_SV,"2021-01-21 12:30:02",828,819,9,0,171,162,9,0,900,729,166,2,3,16,17,3,34,78,2,0,1,0,0,13,2,0
28,MUREŞ,"GRĂDINIŢA CU PROGRAM NORMAL NR. 6",152,"MUNICIPIUL TÂRNĂVENI",114925,1,PROV,PRCNCT,S,S_SV,"2021-01-21 12:30:02",454,445,9,0,77,68,9,0,500,423,76,0,1,9,5,7,23,13,3,0,0,3,0,12,0,1
28,MUREŞ,"CASA DE CULTURĂ IERNUT",153,"ORAŞ IERNUT",117827,1,PROV,PRCNCT,S,S_SV,"2021-01-21 12:30:02",1317,1295,22,0,402,380,22,0,1450,1048,397,3,2,28,37,6,111,95,57,2,0,1,1,55,0,4
28,MUREŞ,"GRĂDINIŢA CU PROGRAM NORMAL IERNUT",154,"ORAŞ IERNUT",117827,1,PROV,PRCNCT,S,S_SV,"2021-01-21 12:30:02",1094,1072,20,2,330,308,20,2,1200,870,321,6,3,31,33,5,79,78,50,0,0,5,1,31,6,2
28,MUREŞ,"ŞCOALA GIMNAZIALĂ IERNUT",155,"ORAŞ IERNUT",117827,1,PROV,PRCNCT,S,S_SV,"2021-01-21 12:30:02",1267,1251,16,0,357,341,16,0,1400,1043,351,5,1,32,41,11,77,116,25,0,0,0,0,45,0,4
28,MUREŞ,"ŞCOALA GIMNAZIALĂ IERNUT",156,"ORAŞ IERNUT",117827,1,PROV,PRCNCT,S,S_SV,"2021-01-21 12:30:02",1385,1366,17,2,383,364,17,2,1500,1117,368,13,2,27,29,19,90,99,35,0,1,3,1,59,1,4
28,MUREŞ,"ŞCOALA GIMNAZIALĂ CIPĂU",157,"ORAŞ IERNUT",117827,1,PROV,PRCNCT,S,S_SV,"2021-01-21 12:30:02",907,871,35,1,309,273,35,1,1000,691,289,17,3,20,17,14,43,123,14,5,2,1,0,45,4,1
28,MUREŞ,"CĂMIN CULTURAL",158,"ORAŞ IERNUT",117827,1,PROV,PRCNCT,S,S_SV,"2021-01-21 12:30:02",286,274,12,0,52,40,12,0,300,248,50,1,1,10,2,2,15,11,3,0,0,0,0,6,1,0
28,MUREŞ,"ŞCOALA GIMNAZIALĂ LECHINŢA",159,"ORAŞ IERNUT",117827,1,PROV,PRCNCT,S,S_SV,"2021-01-21 12:30:02",731,718,13,0,168,155,13,0,800,632,156,5,7,15,9,8,48,36,2,0,0,1,0,35,1,1
28,MUREŞ,"CĂMIN CULTURAL OARBA DE MUREŞ",160,"ORAŞ IERNUT",117827,1,PROV,PRCNCT,S,S_SV,"2021-01-21 12:30:02",101,85,16,0,39,23,16,0,100,61,38,0,1,8,2,1,7,15,3,0,0,1,0,0,1,0
28,MUREŞ,"ŞCOALA PRIMARĂ SĂLCUD",161,"ORAŞ IERNUT",117827,1,PROV,PRCNCT,S,S_SV,"2021-01-21 12:30:02",529,518,11,0,97,86,11,0,550,453,90,3,4,5,5,2,21,50,3,0,1,1,0,2,0,0
28,MUREŞ,"ŞCOALA PRIMARĂ SFÎNTU GHEORGHE",162,"ORAŞ IERNUT",117827,1,PROV,PRCNCT,S,S_SV,"2021-01-21 12:30:02",345,325,20,0,122,102,20,0,350,228,119,2,1,11,20,2,22,39,6,0,2,0,0,16,1,0
28,MUREŞ,"CĂMINUL CULTURAL GHEJA-LUDUȘ",163,"ORAŞ LUDUŞ",114710,1,PROV,PRCNCT,S,S_SV,"2021-01-21 12:30:02",1278,1260,18,0,455,437,18,0,1400,945,443,11,1,12,59,7,175,111,3,1,0,2,1,65,4,3
28,MUREŞ,"CĂMINUL CULTURAL ROȘIORI-LUDUȘ",164,"ORAŞ LUDUŞ",114710,1,PROV,PRCNCT,S,S_SV,"2021-01-21 12:30:02",1084,1070,14,0,267,253,14,0,1197,930,264,2,1,2,19,6,20,33,161,1,0,1,0,20,1,0
28,MUREŞ,"CASA DE CULTURĂ ”POMPEIU HĂRĂŞTEANU” - LUDUȘ",165,"ORAŞ LUDUŞ",114710,1,PROV,PRCNCT,S,S_SV,"2021-01-21 12:30:02",1612,1562,33,17,457,407,33,17,1700,1243,450,5,2,20,67,11,125,91,55,3,4,3,0,66,3,2
28,MUREŞ,"ŞCOALA GIMNAZIALĂ ”IOAN VLĂDUŢIU” - LUDUȘ",166,"ORAŞ LUDUŞ",114710,1,PROV,PRCNCT,S,S_SV,"2021-01-21 12:30:02",1325,1303,18,4,438,416,18,4,1500,1062,432,4,2,7,67,19,136,99,58,0,0,4,0,36,3,3
28,MUREŞ,"ŞCOALA GIMNAZIALĂ ”IOAN VLĂDUŢIU” - LUDUȘ",167,"ORAŞ LUDUŞ",114710,1,PROV,PRCNCT,S,S_SV,"2021-01-21 12:30:02",1602,1592,10,0,440,430,10,0,1700,1260,434,4,2,14,55,13,124,100,79,0,7,5,0,28,4,5
28,MUREŞ,"LICEUL TEHNOLOGIC NR. 1 - LUDUȘ",168,"ORAŞ LUDUŞ",114710,1,PROV,PRCNCT,S,S_SV,"2021-01-21 12:30:02",1339,1319,19,1,358,338,19,1,1450,1092,352,6,0,10,54,10,111,59,54,2,3,4,0,37,1,7
28,MUREŞ,"GRĂDINIŢA ”CĂSUŢA FERMECATĂ” - LUDUȘ",169,"ORAŞ LUDUŞ",114710,1,PROV,PRCNCT,S,S_SV,"2021-01-21 12:30:02",1368,1356,12,0,361,349,12,0,1500,1139,354,6,1,14,40,10,130,62,52,0,4,3,0,33,2,4
28,MUREŞ,"GRĂDINIȚA CU PROGRAM NORMAL NR. 02 - LUDUȘ",170,"ORAŞ LUDUŞ",114710,1,PROV,PRCNCT,S,S_SV,"2021-01-21 12:30:02",1466,1438,28,0,445,417,28,0,1600,1155,439,4,2,20,66,18,117,94,55,0,1,2,0,59,5,2
28,MUREŞ,"GRĂDINIŢA CU PROGRAM PRELUNGIT NR. 01 - LUDUȘ",171,"ORAŞ LUDUŞ",114710,1,PROV,PRCNCT,S,S_SV,"2021-01-21 12:30:02",1113,1093,17,3,280,260,17,3,1200,920,268,7,5,14,18,7,87,42,47,2,0,1,0,47,1,2
28,MUREŞ,"ŞCOALA GIMNAZIALĂ NR.1 - LUDUȘ",172,"ORAŞ LUDUŞ",114710,1,PROV,PRCNCT,S,S_SV,"2021-01-21 12:30:02",1130,1108,21,1,261,239,21,1,1200,939,256,4,1,15,27,9,72,48,50,0,1,3,1,28,0,2
28,MUREŞ,"ŞCOALA GIMNAZIALĂ NR.1 - LUDUȘ",173,"ORAŞ LUDUŞ",114710,1,PROV,PRCNCT,S,S_SV,"2021-01-21 12:30:02",1126,1101,25,0,293,268,25,0,1200,907,285,8,0,6,46,10,75,38,80,2,1,1,0,23,2,1
28,MUREŞ,"ȘCOALA PRIMARĂ MIERCUREA NIRAJULUI",174,"ORAŞ MIERCUREA NIRAJULUI",118281,1,PROV,PRCNCT,S,S_SV,"2021-01-21 12:30:02",705,686,18,1,233,214,18,1,750,517,228,5,0,2,4,1,4,4,210,0,0,1,0,1,0,1
28,MUREŞ,"ŞCOALA GIMNAZIALĂ DEÁK FARKAS",175,"ORAŞ MIERCUREA NIRAJULUI",118281,1,PROV,PRCNCT,S,S_SV,"2021-01-21 12:30:02",1633,1561,35,37,669,597,35,37,1700,1031,655,10,4,0,6,2,12,8,621,1,0,1,0,3,0,1
28,MUREŞ,"ȘCOALĂ GIMNAZIALĂ ”DEÁK FARKAS” MIERCUREA NIRAJULUI",176,"ORAŞ MIERCUREA NIRAJULUI",118281,1,PROV,PRCNCT,S,S_SV,"2021-01-21 12:30:02",859,831,17,11,332,304,17,11,900,568,324,5,3,1,1,1,3,7,308,0,0,1,1,1,0,0
28,MUREŞ,"CAMINUL CULTURAL",177,"ORAŞ MIERCUREA NIRAJULUI",118281,1,PROV,PRCNCT,S,S_SV,"2021-01-21 12:30:02",279,259,13,7,134,114,13,7,300,166,132,1,1,1,1,2,3,1,124,0,0,0,0,0,0,0
28,MUREŞ,"CAMINUL CULTURAL",178,"ORAŞ MIERCUREA NIRAJULUI",118281,1,PROV,PRCNCT,S,S_SV,"2021-01-21 12:30:02",462,451,11,0,88,77,11,0,500,412,86,2,0,1,2,1,2,4,70,0,0,1,0,5,0,0
28,MUREŞ,"ŞCOALA GIMNAZIALĂ",179,"ORAŞ MIERCUREA NIRAJULUI",118281,1,PROV,PRCNCT,S,S_SV,"2021-01-21 12:30:02",591,571,20,0,123,103,20,0,650,527,115,5,3,5,9,4,15,11,61,0,3,2,1,4,0,0
28,MUREŞ,"ŞCOALA PRIMARĂ",180,"ORAŞ MIERCUREA NIRAJULUI",118281,1,PROV,PRCNCT,S,S_SV,"2021-01-21 12:30:02",327,311,16,0,90,74,16,0,350,260,85,0,5,1,5,3,5,28,39,1,0,0,0,3,0,0
28,MUREŞ,"CĂMINUL CULTURAL BALDA",181,"ORAŞ SĂRMAŞU",119242,1,PROV,PRCNCT,S,S_SV,"2021-01-21 12:30:02",902,887,14,1,177,162,14,1,1000,823,171,6,0,9,19,31,31,57,3,1,0,4,0,15,0,1
28,MUREŞ,"CĂMINUL CULTURAL SĂRMĂŞEL GARĂ",182,"ORAŞ SĂRMAŞU",119242,2,PART,PRCNCT,S,S_SV,"2021-01-21 12:30:02",588,551,30,7,159,122,30,7,603,444,148,6,5,7,24,10,57,29,8,0,1,1,1,7,2,1
28,MUREŞ,"CĂMINUL CULTURAL VIŞINELU",183,"ORAŞ SĂRMAŞU",119242,1,PROV,PRCNCT,S,S_SV,"2021-01-21 12:30:02",384,366,14,4,150,132,14,4,392,242,148,1,1,5,3,17,60,49,2,0,0,0,0,12,0,0
28,MUREŞ,"SALĂ SPORT SĂRMAŞU",184,"ORAŞ SĂRMAŞU",119242,1,PROV,PRCNCT,S,S_SV,"2021-01-21 12:30:02",1151,1127,19,5,296,272,19,5,1250,954,293,2,1,6,27,25,84,43,81,1,4,3,2,15,2,0
28,MUREŞ,"LICEUL TEORETIC ”SAMUIL MICU” SĂRMAŞU",185,"ORAŞ SĂRMAŞU",119242,1,PROV,PRCNCT,S,S_SV,"2021-01-21 12:30:02",836,813,17,6,166,143,17,6,900,734,163,2,1,5,8,8,20,19,84,1,0,3,0,14,1,0
28,MUREŞ,"LICEUL TEORETIC ”SAMUIL MICU” - ŞCOALA GIMNAZIALĂ SĂRMAŞU",186,"ORAŞ SĂRMAŞU",119242,1,PROV,PRCNCT,S,S_SV,"2021-01-21 12:30:02",1004,989,11,4,247,232,11,4,1100,853,235,3,9,12,23,33,65,23,55,2,0,1,1,19,1,0
28,MUREŞ,"ŞCOALA PRIMARĂ LARGA",187,"ORAŞ SĂRMAŞU",119242,1,PROV,PRCNCT,S,S_SV,"2021-01-21 12:30:02",161,148,13,0,34,21,13,0,149,115,32,1,1,2,4,3,2,9,5,0,0,2,0,4,1,0
28,MUREŞ,"CĂMINUL CULTURAL SĂRMĂŞEL",188,"ORAŞ SĂRMAŞU",119242,1,PROV,PRCNCT,S,S_SV,"2021-01-21 12:30:02",621,603,17,1,145,127,17,1,650,505,143,2,0,5,13,15,47,39,4,1,1,2,0,14,1,1
28,MUREŞ,"CAMINUL CULTURAL SÂNGEORGIU DE PĂDURE",189,"ORAŞ SÂNGEORGIU DE PĂDURE",119331,1,PROV,PRCNCT,S,S_SV,"2021-01-21 12:30:02",1284,1237,15,32,464,417,15,32,1350,886,459,4,1,3,14,3,30,15,386,1,0,2,1,2,1,1
28,MUREŞ,"CAMINUL CULTURAL SÂNGEORGIU DE PĂDURE",190,"ORAŞ SÂNGEORGIU DE PĂDURE",119331,1,PROV,PRCNCT,S,S_SV,"2021-01-21 12:30:02",1303,1267,25,11,393,357,25,11,1400,1007,369,12,12,0,5,7,44,32,248,1,3,0,1,21,4,3
28,MUREŞ,"LICEUL TEHNOLOGIC” SFÂNTUL GHEORGHE” SÂNGEORGIU DE PĂDURE",191,"ORAŞ SÂNGEORGIU DE PĂDURE",119331,1,PROV,PRCNCT,S,S_SV,"2021-01-21 12:30:02",1387,1313,20,54,443,369,20,54,1450,1007,432,7,4,4,9,1,36,16,353,0,0,1,1,10,1,0
28,MUREŞ,"SCOALA GIMNAZIALĂ BEZID",192,"ORAŞ SÂNGEORGIU DE PĂDURE",119331,1,PROV,PRCNCT,S,S_SV,"2021-01-21 12:30:02",562,508,18,36,251,197,18,36,550,299,242,4,5,0,2,1,1,4,230,0,0,1,0,3,0,0
28,MUREŞ,"CĂMINUL CULTURAL SATUL ILIEŞI",193,"ORAŞ SOVATA",114854,1,PROV,PRCNCT,S,S_SV,"2021-01-21 12:30:02",365,357,8,0,147,139,8,0,500,353,144,0,3,1,0,1,3,0,136,0,2,0,0,0,0,1
28,MUREŞ,"ŞCOALA PRIMARĂ SĂCĂDATU DE JOS",194,"ORAŞ SOVATA",114854,2,PART,PRCNCT,S,S_SV,"2021-01-21 12:30:02",1198,1182,16,0,358,342,16,0,1300,942,353,0,5,3,8,11,10,14,294,1,1,1,0,8,1,1
28,MUREŞ,"ŞCOALA GIMNAZIALĂ ”S.ILLYES LAJOS” SOVATA",195,"ORAŞ SOVATA",114854,1,PROV,PRCNCT,S,S_SV,"2021-01-21 12:30:02",1021,1011,6,4,340,330,6,4,1100,760,333,4,3,0,10,2,14,7,297,0,0,0,0,3,0,0
28,MUREŞ,"ŞCOALA GIMNAZIALĂ ”S.ILLYES LAJOS” SOVATA",196,"ORAŞ SOVATA",114854,1,PROV,PRCNCT,S,S_SV,"2021-01-21 12:30:02",1375,1355,16,4,516,496,16,4,1500,984,504,6,6,1,16,2,19,13,445,0,0,1,0,4,3,0
28,MUREŞ,"PRIMĂRIA ORAŞ SOVATA",197,"ORAŞ SOVATA",114854,1,PROV,PRCNCT,S,S_SV,"2021-01-21 12:30:02",1440,1388,38,14,545,493,38,14,1600,1055,540,4,1,5,16,7,18,13,472,0,0,4,0,5,0,0
28,MUREŞ,"CENTRUL NAȚIONAL DE INFORMARE ȘI PROMOVARE TURISTICĂ SOVATA",198,"ORAŞ SOVATA",114854,1,PROV,PRCNCT,S,S_SV,"2021-01-21 12:30:02",485,432,53,0,216,163,53,0,500,284,210,4,2,5,15,1,13,22,139,0,0,1,0,8,3,3
28,MUREŞ,"CENTRUL CULTURAL ”DOMOKOS KÁZMÉR” SOVATA",199,"ORAŞ SOVATA",114854,1,PROV,PRCNCT,S,S_SV,"2021-01-21 12:30:02",1542,1514,24,4,472,444,24,4,1700,1228,461,11,0,0,13,2,20,8,409,1,0,0,1,5,0,2
28,MUREŞ,"ŞCOALA PRRIMARĂ SOVATA NR.3",200,"ORAŞ SOVATA",114854,1,PROV,PRCNCT,S,S_SV,"2021-01-21 12:30:02",1115,1099,16,0,385,369,16,0,1200,812,382,3,0,1,2,1,6,3,363,1,0,0,0,1,1,3
28,MUREŞ,"ŞCOALA GIMNAZIALĂ ”EMIL DRĂGAN” UNGHENI",201,"ORAŞ UNGHENI",119894,1,PROV,PRCNCT,S,S_SV,"2021-01-21 12:30:02",941,920,21,0,264,243,21,0,1000,736,261,3,0,22,31,7,60,89,17,0,1,0,0,28,2,4
28,MUREŞ,"ŞCOALA GIMNAZIALĂ ”EMIL DRĂGAN”UNGHENI",202,"ORAŞ UNGHENI",119894,1,PROV,PRCNCT,S,S_SV,"2021-01-21 12:30:02",872,855,17,0,212,195,17,0,950,738,208,4,0,20,38,11,41,46,34,0,0,1,0,17,0,0
28,MUREŞ,"CĂMIN CULTURAL UNGHENI",203,"ORAŞ UNGHENI",119894,1,PROV,PRCNCT,S,S_SV,"2021-01-21 12:30:02",840,820,20,0,239,219,20,0,900,661,231,7,1,8,16,13,61,69,16,1,0,3,3,36,0,5
28,MUREŞ,"CĂMIN CULTURAL UNGHENI",204,"ORAŞ UNGHENI",119894,1,PROV,PRCNCT,S,S_SV,"2021-01-21 12:30:02",843,830,13,0,185,172,13,0,900,715,178,4,3,13,20,3,31,49,31,1,0,0,2,28,0,0
28,MUREŞ,"CĂMIN CULTURAL CERGHID",205,"ORAŞ UNGHENI",119894,1,PROV,PRCNCT,S,S_SV,"2021-01-21 12:30:02",451,419,30,2,150,118,30,2,450,300,148,0,2,17,20,5,37,43,2,1,1,2,0,19,0,1
28,MUREŞ,"CĂMIN CULTURAL MOREŞTI",206,"ORAŞ UNGHENI",119894,1,PROV,PRCNCT,S,S_SV,"2021-01-21 12:30:02",682,651,31,0,215,184,31,0,700,485,211,1,3,17,15,8,53,76,6,2,2,1,0,30,1,0
28,MUREŞ,"ȘCOALA PRIMARĂ CERGHIZEL",207,"ORAŞ UNGHENI",119894,1,PROV,PRCNCT,S,S_SV,"2021-01-21 12:30:02",420,390,30,0,206,176,30,0,450,244,193,4,9,48,19,7,55,49,4,3,0,0,0,5,0,3
28,MUREŞ,"ȘCOALA PRIMARĂ ŞĂUŞA",208,"ORAŞ UNGHENI",119894,1,PROV,PRCNCT,S,S_SV,"2021-01-21 12:30:02",221,208,13,0,83,70,13,0,250,167,79,3,1,7,3,3,15,40,3,0,0,2,0,6,0,0
28,MUREŞ,"ȘCOALA PRIMARĂ VIDRASĂU",209,"ORAŞ UNGHENI",119894,1,PROV,PRCNCT,S,S_SV,"2021-01-21 12:30:02",941,915,26,0,282,256,26,0,993,711,271,7,4,17,20,5,57,108,4,1,1,3,1,52,1,1
28,MUREŞ,"SALĂ DE SPORT ACĂȚARI",210,ACĂŢARI,114970,1,PROV,PRCNCT,S,S_SV,"2021-01-21 12:30:02",1056,999,31,26,428,371,31,26,1100,672,415,10,3,2,7,2,7,5,388,0,0,2,0,2,0,0
28,MUREŞ,"CĂMINUL CULTURAL GRUIȘOR",211,ACĂŢARI,114970,1,PROV,PRCNCT,S,S_SV,"2021-01-21 12:30:02",356,335,14,7,139,118,14,7,350,211,138,1,0,1,6,2,9,1,118,0,0,0,0,0,0,1
28,MUREŞ,"CĂMIN CULTURAL GĂIEȘTI",212,ACĂŢARI,114970,1,PROV,PRCNCT,S,S_SV,"2021-01-21 12:30:02",310,290,17,3,163,143,17,3,296,133,163,0,0,0,1,1,5,5,148,1,0,0,0,1,1,0
28,MUREŞ,"CĂMIN CULTURAL MURGEȘTI",213,ACĂŢARI,114970,1,PROV,PRCNCT,S,S_SV,"2021-01-21 12:30:02",447,413,20,14,199,165,20,14,450,251,196,1,2,1,1,1,2,4,178,0,0,1,0,7,1,0
28,MUREŞ,"CĂMINUL CULTURAL ROTENI",214,ACĂŢARI,114970,1,PROV,PRCNCT,S,S_SV,"2021-01-21 12:30:02",655,624,18,13,360,329,18,13,700,340,350,9,1,1,1,1,3,3,340,0,0,1,0,0,0,0
28,MUREŞ,"CĂMIN CULTURAL STEJERIȘ",215,ACĂŢARI,114970,1,PROV,PRCNCT,S,S_SV,"2021-01-21 12:30:02",296,274,20,2,117,95,20,2,304,187,116,0,1,1,1,1,2,2,103,0,0,1,0,5,0,0
28,MUREŞ,"CĂMIN CULTURAL SUVEICA",216,ACĂŢARI,114970,1,PROV,PRCNCT,S,S_SV,"2021-01-21 12:30:02",201,176,20,5,84,59,20,5,201,117,84,0,0,2,1,1,1,2,75,0,0,2,0,0,0,0
28,MUREŞ,"CASA DE TINERET VĂLENII",217,ACĂŢARI,114970,1,PROV,PRCNCT,S,S_SV,"2021-01-21 12:30:02",677,648,19,10,235,206,19,10,695,460,233,2,0,2,2,2,3,6,207,2,0,2,0,4,1,2
28,MUREŞ,"ȘCOALA GIMNAZIALĂ ADĂMUȘ",218,ADĂMUŞ,115076,1,PROV,PRCNCT,S,S_SV,"2021-01-21 12:30:02",658,651,7,0,127,120,7,0,700,573,120,3,4,5,13,9,11,17,52,0,1,0,1,10,1,0
28,MUREŞ,"CĂMINUL CULTURAL ADĂMUȘ",219,ADĂMUŞ,115076,1,PROV,PRCNCT,S,S_SV,"2021-01-21 12:30:02",1095,1085,10,0,185,175,10,0,1200,1015,179,6,0,10,22,28,37,42,19,0,0,1,0,20,0,0
28,MUREŞ,"ȘCOALA PRIMARĂ CORNEȘTI",220,ADĂMUŞ,115076,1,PROV,PRCNCT,S,S_SV,"2021-01-21 12:30:02",996,977,19,0,246,227,19,0,1100,854,239,3,4,9,11,24,53,27,63,0,17,2,0,28,5,0
28,MUREŞ,"SCOALA PRIMARĂ CRĂIEȘTI",221,ADĂMUŞ,115076,1,PROV,PRCNCT,S,S_SV,"2021-01-21 12:30:02",874,854,20,0,202,182,20,0,950,748,195,4,3,7,0,31,15,24,95,0,3,3,0,15,2,0
28,MUREŞ,"GRĂDINIȚA DE COPII CU PROGRAM NORMAL DÎMBĂU",222,ADĂMUŞ,115076,2,PART,PRCNCT,S,S_SV,"2021-01-21 12:30:02",882,871,11,0,219,208,11,0,950,731,216,2,1,0,15,15,28,25,119,0,0,3,0,10,0,1
28,MUREŞ,"CĂMIN CULTURAL ȚOPA",223,ALBEŞTI,114603,1,PROV,PRCNCT,S,S_SV,"2021-01-21 12:30:02",306,290,16,0,92,76,16,0,300,208,88,2,2,3,9,4,32,15,7,1,0,2,0,11,1,3
28,MUREŞ,"CĂMIN CULTURAL ALBEȘTI",224,ALBEŞTI,114603,1,PROV,PRCNCT,S,S_SV,"2021-01-21 12:30:02",1696,1684,12,0,416,404,12,0,1800,1384,393,11,12,18,58,10,92,95,65,1,1,2,0,49,2,0
28,MUREŞ,"SALA DE SPORT",225,ALBEŞTI,114603,1,PROV,PRCNCT,S,S_SV,"2021-01-21 12:30:02",1818,1799,19,0,461,442,19,0,1900,1439,443,10,8,27,62,13,84,106,70,1,3,0,0,73,2,2
28,MUREŞ,"ȘCOALA GIMNAZIALĂ BOIU",226,ALBEŞTI,114603,1,PROV,PRCNCT,S,S_SV,"2021-01-21 12:30:02",1244,1211,33,0,254,221,33,0,1350,1096,244,5,5,43,14,3,51,44,41,0,0,0,0,45,2,1
28,MUREŞ,"CĂMINUL CULTURAL ALUNIŞ-SALA MARE",227,ALUNIŞ,115147,1,PROV,PRCNCT,S,S_SV,"2021-01-21 12:30:02",827,799,17,11,281,253,17,11,900,619,272,6,3,0,4,8,17,17,190,0,1,3,0,32,0,0
28,MUREŞ,"CĂMINUL CULTURAL ALUNIŞ-SALA MICĂ",228,ALUNIŞ,115147,1,PROV,PRCNCT,S,S_SV,"2021-01-21 12:30:02",804,782,11,11,270,248,11,11,850,580,270,0,0,2,3,2,12,13,232,1,0,0,0,4,0,1
28,MUREŞ,"ŞCOALA PRIMARĂ FIŢCĂU",229,ALUNIŞ,115147,1,PROV,PRCNCT,S,S_SV,"2021-01-21 12:30:02",434,399,18,17,245,210,18,17,450,205,242,2,1,1,6,1,5,7,217,0,0,0,0,5,0,0
28,MUREŞ,"CĂMINUL CULTURAL LUNCA- MUREŞ - SALA MICĂ",230,ALUNIŞ,115147,1,PROV,PRCNCT,S,S_SV,"2021-01-21 12:30:02",557,515,19,23,222,180,19,23,600,378,215,2,5,0,1,2,4,8,188,0,0,1,0,10,0,1
28,MUREŞ,"GRĂDINIŢA CU PROGRAM NORMAL APOLD",231,APOLD,115183,1,PROV,PRCNCT,S,S_SV,"2021-01-21 12:30:02",845,830,15,0,237,222,15,0,900,663,233,0,4,9,8,2,11,182,2,0,0,0,0,17,2,0
28,MUREŞ,"ŞCOALA PRIMARĂ DAIA",232,APOLD,115183,1,PROV,PRCNCT,S,S_SV,"2021-01-21 12:30:02",562,550,12,0,140,128,12,0,600,460,136,2,2,1,3,3,13,93,3,1,0,0,0,16,3,0
28,MUREŞ,"ŞCOALA GIMNAZIALĂ ŞAEŞ",233,APOLD,115183,1,PROV,PRCNCT,S,S_SV,"2021-01-21 12:30:02",1121,1108,13,0,213,200,13,0,1200,987,198,8,7,3,5,4,25,120,3,1,0,2,0,30,5,0
28,MUREŞ,"SEDIUL PRIMARIEI ATINTIS",234,AŢINTIŞ,115236,1,PROV,PRCNCT,S,S_SV,"2021-01-21 12:30:02",606,584,18,4,152,130,18,4,650,498,147,4,1,4,29,4,27,57,5,0,0,3,0,15,1,2
28,MUREŞ,"CAMIN CULTURAL BOTEZ",235,AŢINTIŞ,115236,1,PROV,PRCNCT,S,S_SV,"2021-01-21 12:30:02",146,137,9,0,56,47,9,0,150,94,56,0,0,2,27,1,11,3,2,0,0,5,0,5,0,0
28,MUREŞ,"SCOALA PRIMARA CECALACA",236,AŢINTIŞ,115236,1,PROV,PRCNCT,S,S_SV,"2021-01-21 12:30:02",329,312,17,0,102,85,17,0,348,246,97,4,1,5,33,2,13,7,27,0,1,6,0,3,0,0
28,MUREŞ,"SCOALA PRIMARA ISTIHAZA",237,AŢINTIŞ,115236,1,PROV,PRCNCT,S,S_SV,"2021-01-21 12:30:02",174,160,14,0,55,41,14,0,200,145,55,0,0,1,9,2,4,3,34,0,0,2,0,0,0,0
28,MUREŞ,"ŞCOALA GIMNAZIALĂ BAHNEA",238,BAHNEA,115307,1,PROV,PRCNCT,S,S_SV,"2021-01-21 12:30:02",971,961,10,0,320,310,10,0,1043,723,295,13,12,33,8,1,27,119,16,2,7,3,5,70,1,3
28,MUREŞ,"ŞCOALA GIMNAZIALĂ BAHNEA",239,BAHNEA,115307,1,PROV,PRCNCT,S,S_SV,"2021-01-21 12:30:02",596,575,21,0,156,135,21,0,650,494,153,2,1,10,5,1,9,45,74,0,0,1,1,6,0,1
28,MUREŞ,"CĂMIN CULTURAL BERNADEA",240,BAHNEA,115307,1,PROV,PRCNCT,S,S_SV,"2021-01-21 12:30:02",172,147,25,0,69,44,25,0,150,81,68,0,0,2,5,2,22,23,4,0,0,1,0,9,0,0
28,MUREŞ,"ŞCOALA PRIMARĂ LEPINDEA",241,BAHNEA,115307,1,PROV,PRCNCT,S,S_SV,"2021-01-21 12:30:02",148,127,21,0,49,28,21,0,150,101,44,5,0,3,4,2,9,17,3,0,0,1,0,5,0,0
28,MUREŞ,"ŞCOALA PRIMARĂ DAIA",242,BAHNEA,115307,1,PROV,PRCNCT,S,S_SV,"2021-01-21 12:30:02",142,133,9,0,37,28,9,0,148,111,36,1,0,1,1,2,2,11,12,1,0,2,0,4,0,0
28,MUREŞ,"CĂMIN CULTURAL IDICIU",243,BAHNEA,115307,1,PROV,PRCNCT,S,S_SV,"2021-01-21 12:30:02",259,244,15,0,125,110,15,0,250,125,113,5,7,1,4,1,12,72,3,2,0,3,0,15,0,0
28,MUREŞ,"ŞCOALA GIMNAZIALĂ GOGAN",244,BAHNEA,115307,1,PROV,PRCNCT,S,S_SV,"2021-01-21 12:30:02",425,411,14,0,69,55,14,0,443,374,68,1,0,4,3,2,7,6,38,0,0,2,0,6,0,0
28,MUREŞ,"ŞCOALA PRIMARĂ CUND",245,BAHNEA,115307,2,PART,PRCNCT,S,S_SV,"2021-01-21 12:30:02",186,174,12,0,61,49,12,0,200,139,59,2,0,3,0,1,9,12,17,0,0,1,2,14,0,0
28,MUREŞ,"SCOALA PROFESIONALA BAND",246,BAND,115389,1,PROV,PRCNCT,S,S_SV,"2021-01-21 12:30:02",665,657,8,0,180,172,8,0,750,570,178,2,0,4,19,7,22,12,107,0,0,2,0,5,0,0
28,MUREŞ,"SCOALA PROFESIONALA BAND",247,BAND,115389,1,PROV,PRCNCT,S,S_SV,"2021-01-21 12:30:02",807,795,12,0,125,113,12,0,850,725,121,4,0,2,2,7,5,10,82,0,0,1,0,12,0,0
28,MUREŞ,"CAMIN CULTURAL BAND",248,BAND,115389,1,PROV,PRCNCT,S,S_SV,"2021-01-21 12:30:02",944,932,12,0,347,335,12,0,1000,653,276,47,24,1,3,13,48,55,88,4,1,2,4,50,3,4
28,MUREŞ,"GRĂDINIŢA CU PROGRAM NORMAL BAND",249,BAND,115389,1,PROV,PRCNCT,S,S_SV,"2021-01-21 12:30:02",774,765,9,0,223,214,9,0,850,627,205,10,8,7,3,38,25,23,85,2,0,1,0,18,0,3
28,MUREŞ,"SALĂ FESTIVĂ ȚIPTELNIC",250,BAND,115389,1,PROV,PRCNCT,S,S_SV,"2021-01-21 12:30:02",101,91,10,0,35,25,10,0,100,65,32,3,0,1,2,1,19,4,3,0,0,2,0,0,0,0
28,MUREŞ,"ŞCOALA PRIMARA VALEA RECE",251,BAND,115389,1,PROV,PRCNCT,S,S_SV,"2021-01-21 12:30:02",224,214,10,0,43,33,10,0,242,199,40,2,1,4,2,4,7,11,7,0,0,1,0,3,0,1
28,MUREŞ,"ŞCOALA PRIMARA MĂRĂŞEŞTI",252,BAND,115389,1,PROV,PRCNCT,S,S_SV,"2021-01-21 12:30:02",270,262,8,0,67,59,8,0,303,236,66,1,0,4,3,8,14,13,5,0,0,0,0,18,1,0
28,MUREŞ,"ŞCOALA GIMNAZIALA FÎNAŢE",253,BAND,115389,1,PROV,PRCNCT,S,S_SV,"2021-01-21 12:30:02",352,342,10,0,73,63,10,0,400,327,69,4,0,1,2,5,35,11,4,0,0,1,0,10,0,0
28,MUREŞ,"CĂMIN CULTURAL OROIU",254,BAND,115389,1,PROV,PRCNCT,S,S_SV,"2021-01-21 12:30:02",253,240,13,0,60,47,13,0,249,189,60,0,0,1,7,3,17,25,2,0,0,1,0,4,0,0
28,MUREŞ,"ŞCOALA PRIMARA PETEA",255,BAND,115389,1,PROV,PRCNCT,S,S_SV,"2021-01-21 12:30:02",164,156,8,0,42,34,8,0,150,108,41,1,0,2,1,8,10,9,5,0,0,0,0,6,0,0
28,MUREŞ,"ŞCOALA PRIMARA DRĂCULEA BANDULUI",256,BAND,115389,1,PROV,PRCNCT,S,S_SV,"2021-01-21 12:30:02",117,103,14,0,35,21,14,0,96,61,33,0,2,2,4,1,9,8,6,0,1,0,0,2,0,0
28,MUREŞ,"SALA SEDINTA- PAROHIA REFORMATA NEGRENII DE CAMPIE",257,BAND,115389,1,PROV,PRCNCT,S,S_SV,"2021-01-21 12:30:02",109,96,13,0,38,25,13,0,100,62,36,1,1,1,1,1,5,7,16,0,0,1,0,4,0,0
28,MUREŞ,"ŞCOALA PRIMARA VALEA MARE",258,BAND,115389,1,PROV,PRCNCT,S,S_SV,"2021-01-21 12:30:02",181,169,12,0,39,27,12,0,200,161,37,2,0,1,4,2,9,10,2,0,0,1,0,8,0,0
28,MUREŞ,"CĂMIN CULTURAL BATOŞ",259,BATOŞ,115520,1,PROV,PRCNCT,S,S_SV,"2021-01-21 12:30:02",1117,1103,14,0,268,254,14,0,1200,932,256,10,2,10,46,12,47,83,33,3,0,1,3,15,0,3
28,MUREŞ,"CĂMIN CULTURAL DEDRAD",260,BATOŞ,115520,1,PROV,PRCNCT,S,S_SV,"2021-01-21 12:30:02",1301,1287,14,0,283,269,14,0,1400,1117,279,1,3,24,37,7,71,94,1,1,0,1,0,39,2,2
28,MUREŞ,"CĂMIN CULTURAL GORENI",261,BATOŞ,115520,1,PROV,PRCNCT,S,S_SV,"2021-01-21 12:30:02",506,493,13,0,137,124,13,0,550,413,130,6,1,13,8,10,11,34,20,0,0,0,0,31,1,2
28,MUREŞ,"CĂMIN CULTURAL UILA",262,BATOŞ,115520,1,PROV,PRCNCT,S,S_SV,"2021-01-21 12:30:02",491,479,12,0,103,91,12,0,550,447,98,5,0,3,4,1,17,24,34,0,0,0,0,13,2,0
28,MUREŞ,"CĂMINUL CULTURAL BĂGACIU",263,BĂGACIU,115575,2,PART,PRCNCT,S,S_SV,"2021-01-21 12:30:02",1151,1143,8,0,198,190,8,0,1250,1052,182,10,6,9,3,8,53,37,3,1,11,1,0,55,1,0
28,MUREŞ,"CĂMIN CULTURAL DELENII",264,BĂGACIU,115575,1,PROV,PRCNCT,S,S_SV,"2021-01-21 12:30:02",913,901,8,4,232,220,8,4,1000,768,229,1,2,1,11,4,19,37,138,0,0,1,0,16,0,2
28,MUREŞ,"CĂMIN CULTURAL",265,BĂLA,115600,1,PROV,PRCNCT,S,S_SV,"2021-01-21 12:30:02",456,412,42,2,172,128,42,2,500,328,163,2,7,13,9,37,44,49,4,0,0,0,0,7,0,0
28,MUREŞ,"ȘCOALA PRIMARĂ",266,BĂLA,115600,1,PROV,PRCNCT,S,S_SV,"2021-01-21 12:30:02",151,131,20,0,64,44,20,0,151,87,63,0,1,2,5,14,15,17,2,0,0,0,0,7,0,1
28,MUREŞ,"ŞCOALA GIMNAZIALĂ TOROK JANOS BĂLĂUŞERI",267,BĂLĂUŞERI,115637,1,PROV,PRCNCT,S,S_SV,"2021-01-21 12:30:02",982,950,12,20,272,240,12,20,1050,778,262,5,5,1,2,2,9,13,230,0,1,0,0,4,0,0
28,MUREŞ,"CĂMIN CULTURAL AGRIŞTEU",268,BĂLĂUŞERI,115637,1,PROV,PRCNCT,S,S_SV,"2021-01-21 12:30:02",655,634,19,2,167,146,19,2,700,533,158,5,4,5,3,6,6,17,92,2,0,1,4,20,2,0
28,MUREŞ,"CĂMIN CULTURAL DUMITRENI",269,BĂLĂUŞERI,115637,1,PROV,PRCNCT,S,S_SV,"2021-01-21 12:30:02",414,370,26,18,176,132,26,18,400,224,170,3,3,1,1,1,4,6,155,0,0,1,0,0,0,1
28,MUREŞ,"CĂMIN CULTURAL FILITELNIC",270,BĂLĂUŞERI,115637,1,PROV,PRCNCT,S,S_SV,"2021-01-21 12:30:02",192,179,13,0,60,47,13,0,200,140,58,2,0,3,4,2,7,17,13,1,0,1,0,10,0,0
28,MUREŞ,"SCOALĂ GIMNAZIALĂ SAMUEL JOZSEF CHENDU",271,BĂLĂUŞERI,115637,1,PROV,PRCNCT,S,S_SV,"2021-01-21 12:30:02",1193,1162,17,14,399,368,17,14,1300,901,383,7,9,1,1,4,8,5,356,0,0,4,1,2,0,1
28,MUREŞ,"SCOALĂ GIMNAZIALĂ SENEREUŞ",272,BĂLĂUŞERI,115637,1,PROV,PRCNCT,S,S_SV,"2021-01-21 12:30:02",540,529,11,0,164,153,11,0,600,435,153,7,4,5,5,4,15,71,3,0,0,2,0,46,0,2
28,MUREŞ,"CĂMINUL CULTURAL BEICA DE JOS",273,"BEICA DE JOS",115708,1,PROV,PRCNCT,S,S_SV,"2021-01-21 12:30:02",719,701,18,0,164,146,18,0,750,586,151,7,6,3,14,7,33,14,40,0,0,0,0,39,0,1
28,MUREŞ,"GRĂDINIȚA CU PROGRAM NORMAL BEICA DE SUS",274,"BEICA DE JOS",115708,1,PROV,PRCNCT,S,S_SV,"2021-01-21 12:30:02",238,221,17,0,46,29,17,0,254,208,44,0,2,0,4,1,12,8,3,0,1,0,0,12,1,2
28,MUREŞ,"ȘCOALA PRIMARĂ NADĂȘA",275,"BEICA DE JOS",115708,1,PROV,PRCNCT,S,S_SV,"2021-01-21 12:30:02",204,180,24,0,67,43,24,0,200,133,64,0,3,4,3,4,28,13,2,1,0,1,0,6,0,2
28,MUREŞ,"ȘCOALA PRIMARĂ CĂCUCIU",276,"BEICA DE JOS",115708,1,PROV,PRCNCT,S,S_SV,"2021-01-21 12:30:02",142,118,24,0,76,52,24,0,150,74,71,3,2,2,6,6,30,16,2,1,1,1,0,5,1,0
28,MUREŞ,"CĂMIN CULTURAL ȘERBENI",277,"BEICA DE JOS",115708,1,PROV,PRCNCT,S,S_SV,"2021-01-21 12:30:02",289,272,16,1,104,87,16,1,298,194,94,5,5,1,7,7,27,38,2,0,1,1,0,6,3,1
28,MUREŞ,"CĂMINUL CULTURAL SÎNMIHAI DE PĂDURE",278,"BEICA DE JOS",115708,1,PROV,PRCNCT,S,S_SV,"2021-01-21 12:30:02",210,193,17,0,76,59,17,0,196,120,74,0,2,2,14,4,27,23,2,0,0,1,0,1,0,0
28,MUREŞ,"CĂMINUL CULTURAL BERENI",279,BERENI,120511,1,PROV,PRCNCT,S,S_SV,"2021-01-21 12:30:02",496,444,27,25,206,154,27,25,500,294,205,0,1,2,3,2,2,1,187,0,0,0,0,7,1,0
28,MUREŞ,"CĂMINUL CULTURAL EREMIENI",280,BERENI,120511,1,PROV,PRCNCT,S,S_SV,"2021-01-21 12:30:02",227,203,12,12,129,105,12,12,200,71,127,0,2,1,2,0,2,1,119,0,0,1,0,1,0,0
28,MUREŞ,"CĂMINUL CULTURAL MĂRCULENI",281,BERENI,120511,2,PART,PRCNCT,S,S_SV,"2021-01-21 12:30:02",407,358,19,30,180,132,19,29,400,220,174,1,5,1,5,1,2,1,162,1,0,1,0,0,0,0
28,MUREŞ,"CĂMIN CULTURAL BICHIŞ",282,BICHIŞ,115771,1,PROV,PRCNCT,S,S_SV,"2021-01-21 12:30:02",186,160,19,7,77,51,19,7,194,117,76,0,1,3,0,2,2,6,63,0,0,0,0,0,0,0
28,MUREŞ,"CÃMIN CULTURAL GÎMBUŢ",283,BICHIŞ,115771,1,PROV,PRCNCT,S,S_SV,"2021-01-21 12:30:02",140,122,14,4,60,42,14,4,150,90,60,0,0,1,4,6,22,18,6,0,0,1,1,1,0,0
28,MUREŞ,"ŞCOALA PRIMARĂ NANDRA",284,BICHIŞ,115771,1,PROV,PRCNCT,S,S_SV,"2021-01-21 12:30:02",125,115,10,0,30,20,10,0,150,120,27,3,0,1,1,1,8,3,9,0,0,1,0,3,0,0
28,MUREŞ,"CĂMINUL CULTURAL OZD",285,BICHIŞ,115771,1,PROV,PRCNCT,S,S_SV,"2021-01-21 12:30:02",279,247,18,14,122,90,18,14,245,123,119,1,2,1,1,1,3,1,105,2,0,1,0,4,0,0
28,MUREŞ,"ŞCOALA PRIMARĂ",286,BOGATA,115824,1,PROV,PRCNCT,S,S_SV,"2021-01-21 12:30:02",252,238,14,0,66,52,14,0,250,184,65,1,0,14,3,5,7,11,11,0,0,1,0,12,0,1
28,MUREŞ,"PRIMARIA BOGATA",287,BOGATA,115824,1,PROV,PRCNCT,S,S_SV,"2021-01-21 12:30:02",1297,1273,24,0,250,226,24,0,1400,1150,245,0,5,19,24,30,40,34,73,1,0,0,0,21,2,1
28,MUREŞ,"CĂMIN CULTURAL",288,BRÂNCOVENEŞTI,115897,1,PROV,PRCNCT,S,S_SV,"2021-01-21 12:30:02",391,373,18,0,111,93,18,0,400,289,108,1,2,15,7,9,17,38,4,1,0,1,1,15,0,0
28,MUREŞ,"ȘCOALA PRIMARĂ",289,BRÂNCOVENEŞTI,115897,1,PROV,PRCNCT,S,S_SV,"2021-01-21 12:30:02",1341,1326,10,5,267,252,10,5,1450,1183,263,2,2,5,18,3,30,34,163,0,0,2,0,5,1,2
28,MUREŞ,"ȘCOALA PRIMARĂ",290,BRÂNCOVENEŞTI,115897,1,PROV,PRCNCT,S,S_SV,"2021-01-21 12:30:02",345,325,20,0,99,79,20,0,350,251,97,1,1,10,18,15,17,22,6,0,0,1,0,7,0,1
28,MUREŞ,"ȘCOALA PRIMARĂ",291,BRÂNCOVENEŞTI,115897,1,PROV,PRCNCT,S,S_SV,"2021-01-21 12:30:02",291,266,25,0,95,70,25,0,300,205,92,2,1,2,9,11,20,30,8,0,0,1,1,10,0,0
28,MUREŞ,"CLUB-CĂMIN CULTURAL",292,BRÂNCOVENEŞTI,115897,1,PROV,PRCNCT,S,S_SV,"2021-01-21 12:30:02",1043,1019,17,7,275,251,17,7,1100,825,271,4,0,2,7,2,8,8,242,0,0,0,0,2,0,0
28,MUREŞ,"CĂMIN CULTURAL FILPIŞU MARE",293,BREAZA,115851,1,PROV,PRCNCT,S,S_SV,"2021-01-21 12:30:02",656,640,16,0,191,175,16,0,700,509,185,4,2,7,9,8,22,29,42,1,0,0,0,63,2,2
28,MUREŞ,"ȘCOALA PRIMARĂ FILPIȘU MIC",294,BREAZA,115851,1,PROV,PRCNCT,S,S_SV,"2021-01-21 12:30:02",349,340,9,0,136,127,9,0,350,214,134,2,0,4,7,4,8,11,73,2,0,2,0,22,0,1
28,MUREŞ,"CAMIN CULTURAL BREAZA",295,BREAZA,115851,1,PROV,PRCNCT,S,S_SV,"2021-01-21 12:30:02",1078,1060,18,0,377,359,18,0,1150,773,374,3,0,16,43,5,29,53,195,1,0,0,0,30,1,1
28,MUREŞ,"CĂMINUL CULTURAL CEUAŞU DE CÎMPIE",296,"CEUAŞU DE CÂMPIE",115959,1,PROV,PRCNCT,S,S_SV,"2021-01-21 12:30:02",1383,1357,26,0,360,334,26,0,1500,1140,346,14,0,15,28,14,51,36,167,0,1,3,0,25,5,1
28,MUREŞ,"CĂMINUL CULTURAL BOZED",297,"CEUAŞU DE CÂMPIE",115959,1,PROV,PRCNCT,S,S_SV,"2021-01-21 12:30:02",123,109,14,0,35,21,14,0,100,65,33,1,1,2,1,3,12,9,4,0,0,1,1,0,0,0
28,MUREŞ,"CĂMINUL CULTURAL CÎMPENIŢA",298,"CEUAŞU DE CÂMPIE",115959,1,PROV,PRCNCT,S,S_SV,"2021-01-21 12:30:02",742,729,13,0,245,232,13,0,800,555,243,1,1,1,9,1,9,5,210,0,0,1,0,4,0,3
28,MUREŞ,"CĂMINUL CULTURAL CULPIU",299,"CEUAŞU DE CÂMPIE",115959,1,PROV,PRCNCT,S,S_SV,"2021-01-21 12:30:02",324,313,11,0,87,76,11,0,350,263,85,2,0,3,1,2,3,6,63,0,0,1,0,5,1,0
28,MUREŞ,"CĂMINUL CULTURAL HERGHELIA",300,"CEUAŞU DE CÂMPIE",115959,1,PROV,PRCNCT,S,S_SV,"2021-01-21 12:30:02",339,316,23,0,80,57,23,0,350,270,79,1,0,8,10,7,18,12,10,1,3,2,0,7,1,0
28,MUREŞ,"ŞCOALA PRIMARĂ PORUMBENI",301,"CEUAŞU DE CÂMPIE",115959,1,PROV,PRCNCT,S,S_SV,"2021-01-21 12:30:02",481,468,13,0,156,143,13,0,500,344,143,4,9,2,4,8,20,23,76,0,1,1,2,6,0,0
28,MUREŞ,"CĂMINUL CULTURAL SĂBED",302,"CEUAŞU DE CÂMPIE",115959,1,PROV,PRCNCT,S,S_SV,"2021-01-21 12:30:02",640,627,13,0,182,169,13,0,700,518,179,2,1,3,4,5,2,3,153,0,0,2,1,6,0,0
28,MUREŞ,"CĂMINUL CULTURAL VOINICENI",303,"CEUAŞU DE CÂMPIE",115959,1,PROV,PRCNCT,S,S_SV,"2021-01-21 12:30:02",958,926,32,0,308,276,32,0,1000,692,292,9,7,23,50,23,74,74,5,1,2,3,1,34,2,0
28,MUREŞ,"CAMIN CULTURAL",304,CHEŢANI,116046,1,PROV,PRCNCT,S,S_SV,"2021-01-21 12:30:02",475,468,7,0,101,94,7,0,500,399,99,2,0,21,9,2,11,22,24,0,0,2,0,8,0,0
28,MUREŞ,"SEDIUL PRIMARIEI CHETANI",305,CHEŢANI,116046,1,PROV,PRCNCT,S,S_SV,"2021-01-21 12:30:02",946,911,35,0,216,181,35,0,1000,784,211,3,2,44,39,4,39,45,3,0,4,3,2,25,2,1
28,MUREŞ,"CAMIN CULTURAL HADARENI",306,CHEŢANI,116046,1,PROV,PRCNCT,S,S_SV,"2021-01-21 12:30:02",782,662,120,0,256,136,120,0,752,496,246,5,5,25,99,10,22,45,29,0,0,1,0,13,2,0
28,MUREŞ,"PRIMĂRIA COMUNEI CHIBED",307,CHIBED,120478,1,PROV,PRCNCT,S,S_SV,"2021-01-21 12:30:02",1353,1335,18,0,393,375,18,0,1500,1107,384,4,5,2,2,4,5,3,362,0,0,1,0,4,0,1
28,MUREŞ,"SEDIUL PRIMĂRIEI COMUNEI CHIHERU DE JOS",308,"CHIHERU DE JOS",116126,1,PROV,PRCNCT,S,S_SV,"2021-01-21 12:30:02",379,358,20,1,141,120,20,1,400,259,138,2,1,4,4,22,35,56,1,0,0,0,1,12,2,1
28,MUREŞ,"ŞCOALA PRIMARĂ CHIHERU DE SUS",309,"CHIHERU DE JOS",116126,1,PROV,PRCNCT,S,S_SV,"2021-01-21 12:30:02",330,313,17,0,79,62,17,0,348,269,77,2,0,3,3,5,30,20,2,0,1,0,0,12,1,0
28,MUREŞ,"ŞCOALA PRIMARĂ URISIU DE JOS",310,"CHIHERU DE JOS",116126,1,PROV,PRCNCT,S,S_SV,"2021-01-21 12:30:02",266,251,15,0,103,88,15,0,345,242,96,3,4,5,3,2,22,46,3,0,0,2,0,11,2,0
28,MUREŞ,"CAMINUL CULTURAL URISIU DE SUS",311,"CHIHERU DE JOS",116126,1,PROV,PRCNCT,S,S_SV,"2021-01-21 12:30:02",353,337,16,0,106,90,16,0,300,194,100,1,5,5,6,8,44,28,3,0,0,1,0,3,1,1
28,MUREŞ,"ȘCOALA GIMNAZIALĂ COROISÎNMĂRTIN",312,COROISÂNMĂRTIN,116171,1,PROV,PRCNCT,S,S_SV,"2021-01-21 12:30:02",351,333,18,0,84,66,18,0,350,266,83,1,0,2,5,15,9,28,18,1,0,1,0,2,0,2
28,MUREŞ,"ȘCOALA PRIMARĂ ȘOIMUȘ",313,COROISÂNMĂRTIN,116171,1,PROV,PRCNCT,S,S_SV,"2021-01-21 12:30:02",319,310,9,0,106,97,9,0,350,244,102,2,2,7,3,7,15,59,3,0,1,1,0,6,0,0
28,MUREŞ,"CĂMINUL CULTURAL ODRIHEI",314,COROISÂNMĂRTIN,116171,1,PROV,PRCNCT,S,S_SV,"2021-01-21 12:30:02",421,407,14,0,119,105,14,0,439,320,104,11,4,1,9,6,15,22,34,0,0,0,0,14,1,2
28,MUREŞ,"ȘCOALA PRIMARĂ COROI",315,COROISÂNMĂRTIN,116171,1,PROV,PRCNCT,S,S_SV,"2021-01-21 12:30:02",108,92,16,0,38,22,16,0,100,62,38,0,0,2,3,3,12,12,3,0,0,0,1,1,0,1
28,MUREŞ,"CĂMINUL CULTURAL CORUNCA",316,CORUNCA,120487,1,PROV,PRCNCT,S,S_SV,"2021-01-21 12:30:02",1495,1446,42,7,454,405,42,7,1600,1146,442,9,3,12,50,3,22,35,297,0,5,4,0,10,1,3
28,MUREŞ,"CĂMINUL CULTURAL CORUNCA",317,CORUNCA,120487,1,PROV,PRCNCT,S,S_SV,"2021-01-21 12:30:02",1452,1405,42,5,653,606,42,5,1550,897,647,6,0,43,189,18,76,96,184,4,1,5,2,24,2,3
28,MUREŞ,"CĂMINUL CULTURAL BOZENI",318,CORUNCA,120487,1,PROV,PRCNCT,S,S_SV,"2021-01-21 12:30:02",144,119,25,0,78,53,25,0,150,72,75,3,0,1,8,2,1,1,60,0,0,1,0,0,0,1
28,MUREŞ,"CAMIN CULTURAL",319,COZMA,116224,1,PROV,PRCNCT,S,S_SV,"2021-01-21 12:30:02",113,103,10,0,37,27,10,0,100,63,37,0,0,3,4,1,6,20,2,0,0,1,0,0,0,0
28,MUREŞ,"PRIMARIA COZMA",320,COZMA,116224,1,PROV,PRCNCT,S,S_SV,"2021-01-21 12:30:02",343,317,23,3,92,66,23,3,348,256,83,2,7,0,4,3,12,43,3,1,0,2,0,15,0,0
28,MUREŞ,"CĂMIN CULTURAL CRĂCIUNEŞTI SALA MICĂ",321,CRĂCIUNEŞTI,116288,1,PROV,PRCNCT,S,S_SV,"2021-01-21 12:30:02",824,792,17,15,135,103,17,15,900,765,135,0,0,2,2,1,6,1,118,1,0,1,0,3,0,0
28,MUREŞ,"CĂMINUL CULTURAL CRĂCIUNEŞTI SALA MARE",322,CRĂCIUNEŞTI,116288,1,PROV,PRCNCT,S,S_SV,"2021-01-21 12:30:02",1019,1002,15,2,313,296,15,2,1100,787,310,3,0,1,3,2,6,2,283,0,0,2,0,11,0,0
28,MUREŞ,"CĂMINUL CULTURAL CORNEŞTI",323,CRĂCIUNEŞTI,116288,1,PROV,PRCNCT,S,S_SV,"2021-01-21 12:30:02",737,711,21,5,338,312,21,5,794,456,332,3,3,0,4,2,8,2,306,0,2,1,1,2,2,2
28,MUREŞ,"ŞCOALA PRIMARĂ CINTA",324,CRĂCIUNEŞTI,116288,1,PROV,PRCNCT,S,S_SV,"2021-01-21 12:30:02",446,421,19,6,202,177,19,6,450,248,199,1,2,1,2,0,2,5,188,0,0,1,0,0,0,0
28,MUREŞ,"ŞCOALA PRIMARĂ BUDIU MIC",325,CRĂCIUNEŞTI,116288,1,PROV,PRCNCT,S,S_SV,"2021-01-21 12:30:02",366,351,15,0,91,76,15,0,400,309,88,2,1,1,5,8,7,7,55,0,0,1,0,4,0,0
28,MUREŞ,"PRIMARIA COMUNEI CRAIESTI",326,CRĂIEŞTI,116340,1,PROV,PRCNCT,S,S_SV,"2021-01-21 12:30:02",523,504,19,0,181,162,19,0,550,369,173,5,3,13,9,4,34,73,3,0,0,1,0,35,1,0
28,MUREŞ,"CĂMIN CULTURAL MILAȘEL",327,CRĂIEŞTI,116340,1,PROV,PRCNCT,S,S_SV,"2021-01-21 12:30:02",173,152,21,0,64,43,21,0,150,86,62,0,2,1,3,5,10,21,3,0,0,1,0,17,0,1
28,MUREŞ,"CĂMIN CULTURAL LEFAIA",328,CRĂIEŞTI,116340,2,PART,PRCNCT,S,S_SV,"2021-01-21 12:30:02",63,47,16,0,34,18,16,0,50,16,33,1,0,2,1,2,2,14,2,0,0,0,0,10,0,0
28,MUREŞ,PRIMARIA,329,CRISTEŞTI,114355,1,PROV,PRCNCT,S,S_SV,"2021-01-21 12:30:02",1472,1447,24,1,435,410,24,1,1600,1165,427,7,1,21,45,16,69,56,172,0,0,4,1,43,0,0
28,MUREŞ,PRIMĂRIE,330,CRISTEŞTI,114355,1,PROV,PRCNCT,S,S_SV,"2021-01-21 12:30:02",1303,1293,10,0,416,406,10,0,1400,984,411,5,0,27,64,17,66,52,115,2,7,1,3,53,3,1
28,MUREŞ,"ŞCOALA GIMNAZIALA CRISTEŞTI",331,CRISTEŞTI,114355,1,PROV,PRCNCT,S,S_SV,"2021-01-21 12:30:02",1473,1443,29,1,418,388,29,1,1600,1182,402,10,6,26,33,18,55,62,160,0,0,1,0,41,5,1
28,MUREŞ,"CĂMINUL CULTURAL",332,CRISTEŞTI,114355,1,PROV,PRCNCT,S,S_SV,"2021-01-21 12:30:02",822,805,17,0,217,200,17,0,900,683,204,8,5,3,7,2,7,9,162,0,1,1,0,11,0,1
28,MUREŞ,"PRIMARIA CUCERDEA",333,CUCERDEA,116395,1,PROV,PRCNCT,S,S_SV,"2021-01-21 12:30:02",605,571,33,1,180,146,33,1,650,470,177,0,3,12,17,8,40,77,3,0,0,2,1,16,1,0
28,MUREŞ,"ȘCOALA GIMNAZIALĂ ȘEULIA DE MUREȘ",334,CUCERDEA,116395,1,PROV,PRCNCT,S,S_SV,"2021-01-21 12:30:02",472,455,17,0,106,89,17,0,500,394,99,5,2,7,9,2,29,36,4,0,3,1,0,5,2,1
28,MUREŞ,"CĂMIN CULTURAL BORD",335,CUCERDEA,116395,1,PROV,PRCNCT,S,S_SV,"2021-01-21 12:30:02",111,96,15,0,49,34,15,0,100,51,45,3,1,1,3,1,13,22,3,0,0,0,0,2,0,0
28,MUREŞ,"CAMIN CULTURAL",336,CUCI,116439,1,PROV,PRCNCT,S,S_SV,"2021-01-21 12:30:02",147,135,12,0,68,56,12,0,150,82,66,1,1,3,4,16,26,6,2,0,0,2,1,6,0,0
28,MUREŞ,"CĂMIN CULTURAL",337,CUCI,116439,1,PROV,PRCNCT,S,S_SV,"2021-01-21 12:30:02",450,437,13,0,120,107,13,0,492,372,111,1,8,7,3,6,58,25,2,0,0,1,2,5,0,2
28,MUREŞ,"SCOALA PRIMARĂ",338,CUCI,116439,1,PROV,PRCNCT,S,S_SV,"2021-01-21 12:30:02",286,270,12,4,68,52,12,4,300,232,65,1,2,4,6,3,15,27,2,0,0,1,0,4,2,1
28,MUREŞ,"PRIMĂRIA CUCI",339,CUCI,116439,2,PART,PRCNCT,S,S_SV,"2021-01-21 12:30:02",699,667,22,10,266,234,22,10,743,477,251,10,5,20,21,10,75,37,53,0,2,1,0,23,7,2
28,MUREŞ,"CĂMINUL CULTURAL DANES",340,DANEŞ,116493,1,PROV,PRCNCT,S,S_SV,"2021-01-21 12:30:02",1017,996,21,0,252,231,21,0,1100,848,247,5,0,14,50,9,38,86,4,2,8,1,0,30,4,1
28,MUREŞ,"CLUBUL TINERETULUI",341,DANEŞ,116493,1,PROV,PRCNCT,S,S_SV,"2021-01-21 12:30:02",1000,993,7,0,225,218,7,0,1100,875,210,13,2,16,30,3,34,80,7,2,0,2,0,34,1,1
28,MUREŞ,"SCOALA GIMNAZIALA SELEUS-DANES",342,DANEŞ,116493,1,PROV,PRCNCT,S,S_SV,"2021-01-21 12:30:02",877,866,11,0,167,156,11,0,950,783,160,3,4,10,18,3,22,64,2,0,5,4,1,30,1,0
28,MUREŞ,"SCOALA GIMNAZIALA SELEUS-DANES",343,DANEŞ,116493,1,PROV,PRCNCT,S,S_SV,"2021-01-21 12:30:02",929,918,11,0,273,262,11,0,1000,727,249,13,11,9,33,5,29,133,1,8,5,1,0,21,3,1
28,MUREŞ,"ŞCOALA GIMNAZIALA INV.”STROIESCU IOAN ”CRIŞ",344,DANEŞ,116493,1,PROV,PRCNCT,S,S_SV,"2021-01-21 12:30:02",581,561,15,5,97,77,15,5,600,503,91,4,2,4,19,1,18,25,3,0,0,1,0,20,0,0
28,MUREŞ,"CĂMINUL CULTURAL STEJĂRENII",345,DANEŞ,116493,1,PROV,PRCNCT,S,S_SV,"2021-01-21 12:30:02",284,268,16,0,42,26,16,0,300,258,42,0,0,4,2,1,13,12,2,0,1,0,0,5,0,2
28,MUREŞ,"ŞCOALA GIMNAZIALĂ BISTRA-MUREŞULUI",346,DEDA,116545,1,PROV,PRCNCT,S,S_SV,"2021-01-21 12:30:02",860,822,36,2,314,276,36,2,900,586,304,4,6,38,13,42,97,66,9,0,4,3,0,24,2,6
28,MUREŞ,"ŞCOALA PRIMARĂ FILEA",347,DEDA,116545,1,PROV,PRCNCT,S,S_SV,"2021-01-21 12:30:02",589,566,22,1,301,278,22,1,600,299,290,9,2,11,18,30,149,46,6,1,0,0,0,21,5,3
28,MUREŞ,"ŞCOALA PRIMARĂ PIETRŞ",348,DEDA,116545,1,PROV,PRCNCT,S,S_SV,"2021-01-21 12:30:02",393,375,17,1,163,145,17,1,400,237,161,2,0,7,10,9,68,45,2,0,0,1,0,16,0,3
28,MUREŞ,"CĂMIN CULTURAL DEDA",349,DEDA,116545,2,PART,PRCNCT,S,S_SV,"2021-01-21 12:30:02",1577,1517,45,15,621,561,45,15,1650,1029,602,14,5,47,25,50,275,90,4,5,1,1,1,92,8,3
28,MUREŞ,"ȘCOALA GIMNAZIALĂ ”DR. NYULAS FERENC ” EREMITU",350,EREMITU,116590,1,PROV,PRCNCT,S,S_SV,"2021-01-21 12:30:02",1480,1448,30,2,487,455,30,2,1587,1100,464,10,13,1,7,5,15,7,391,1,0,6,0,29,1,1
28,MUREŞ,"ȘCOALA PRIMARĂ CĂLUGĂRENI",351,EREMITU,116590,1,PROV,PRCNCT,S,S_SV,"2021-01-21 12:30:02",473,449,24,0,100,76,24,0,498,398,88,10,2,1,3,1,2,2,76,0,2,1,0,0,0,0
28,MUREŞ,"ȘCOALA PRIMARĂ CÎMPU CETĂŢII",352,EREMITU,116590,1,PROV,PRCNCT,S,S_SV,"2021-01-21 12:30:02",343,308,35,0,137,102,35,0,350,213,136,1,0,0,3,0,4,2,122,0,0,2,0,2,0,1
28,MUREŞ,"ȘCOALA PRIMARĂ DĂMIENI",353,EREMITU,116590,1,PROV,PRCNCT,S,S_SV,"2021-01-21 12:30:02",201,180,21,0,81,60,21,0,196,115,80,0,1,1,2,1,1,4,67,0,2,2,0,0,0,0
28,MUREŞ,"ȘCOALA GIMNAZIALĂ MĂTRICI",354,EREMITU,116590,1,PROV,PRCNCT,S,S_SV,"2021-01-21 12:30:02",756,734,22,0,251,229,22,0,800,549,236,4,11,0,1,1,5,2,219,1,1,2,0,4,0,0
28,MUREŞ,"CĂMINUL CULTURAL ERNEI",355,ERNEI,116652,1,PROV,PRCNCT,S,S_SV,"2021-01-21 12:30:02",910,871,26,13,274,235,26,13,950,676,272,1,1,4,10,1,9,4,235,0,0,1,0,5,2,1
28,MUREŞ,"SALA DE ŞEDINŢE - PRIMĂRIA COMUNEI ERNEI",356,ERNEI,116652,2,PART,PRCNCT,S,S_SV,"2021-01-21 12:30:02",1107,1076,16,15,353,322,16,15,1200,847,340,5,8,9,20,6,9,17,262,0,2,1,0,13,1,0
28,MUREŞ,"CĂMINUL CULTURAL CĂLUŞERI",357,ERNEI,116652,1,PROV,PRCNCT,S,S_SV,"2021-01-21 12:30:02",513,464,29,20,176,127,29,20,500,324,175,1,0,2,11,1,4,5,149,0,0,0,0,1,1,1
28,MUREŞ,"CĂMINUL CULTURAL DUMBRĂVIOARA",358,ERNEI,116652,1,PROV,PRCNCT,S,S_SV,"2021-01-21 12:30:02",1551,1500,32,19,506,455,32,19,1650,1144,489,9,8,4,9,3,20,12,427,1,0,3,0,8,2,0
28,MUREŞ,"CĂMINUL CULTURAL ICLAND",359,ERNEI,116652,1,PROV,PRCNCT,S,S_SV,"2021-01-21 12:30:02",337,308,24,5,105,76,24,5,350,245,103,1,1,1,1,1,9,6,77,0,0,1,2,4,0,1
28,MUREŞ,"SCOALA PRIMARĂ SĂCĂRENI",360,ERNEI,116652,1,PROV,PRCNCT,S,S_SV,"2021-01-21 12:30:02",236,205,28,3,70,39,28,3,250,180,68,2,0,1,6,1,0,2,57,0,0,1,0,0,0,0
28,MUREŞ,"CĂMINUL CULTURAL SÎNGERU DE PĂDURE",361,ERNEI,116652,1,PROV,PRCNCT,S,S_SV,"2021-01-21 12:30:02",338,324,14,0,55,41,14,0,350,295,49,4,2,2,3,3,11,8,12,1,0,0,1,5,2,1
28,MUREŞ,"SEDIU PRIMARIE",362,FĂRĂGĂU,116723,1,PROV,PRCNCT,S,S_SV,"2021-01-21 12:30:02",402,360,41,1,211,169,41,1,400,189,191,9,11,5,13,11,96,27,4,1,2,1,1,25,3,2
28,MUREŞ,"CĂMINUL CULTURAL POARTA",363,FĂRĂGĂU,116723,1,PROV,PRCNCT,S,S_SV,"2021-01-21 12:30:02",206,179,27,0,85,58,27,0,200,115,81,1,3,3,6,2,35,16,6,0,1,1,0,11,0,0
28,MUREŞ,"CĂMINUL CULTURAL TONCIU",364,FĂRĂGĂU,116723,1,PROV,PRCNCT,S,S_SV,"2021-01-21 12:30:02",725,713,12,0,364,352,12,0,800,436,319,24,21,1,4,18,132,11,24,2,0,1,1,117,5,3
28,MUREŞ,"ŞCOALA GIMNAZIALĂ FÎNTÎNELE",365,FÂNTÂNELE,116796,1,PROV,PRCNCT,S,S_SV,"2021-01-21 12:30:02",994,971,10,13,372,349,10,13,1050,678,368,4,0,1,1,1,1,5,357,0,0,2,0,0,0,0
28,MUREŞ,"ŞCOALA GIMNAZIALĂ FÎNTÎNELE",366,FÂNTÂNELE,116796,1,PROV,PRCNCT,S,S_SV,"2021-01-21 12:30:02",1006,967,19,20,327,288,19,20,1039,712,323,4,0,1,3,2,7,2,301,2,0,0,0,2,2,1
28,MUREŞ,"ŞCOALA GIMNAZIALĂ CĂLIMĂNEŞTI",367,FÂNTÂNELE,116796,1,PROV,PRCNCT,S,S_SV,"2021-01-21 12:30:02",736,709,21,6,254,227,21,6,800,546,248,5,1,2,2,1,5,2,231,0,2,1,0,2,0,0
28,MUREŞ,"ŞCOALA PRIMARĂ VIFOROASA",368,FÂNTÂNELE,116796,1,PROV,PRCNCT,S,S_SV,"2021-01-21 12:30:02",711,667,25,19,249,205,25,19,750,501,241,3,5,2,3,1,3,3,222,1,0,3,1,2,0,0
28,MUREŞ,"ŞCOALA PRIMARĂ BORDOŞIU",369,FÂNTÂNELE,116796,1,PROV,PRCNCT,S,S_SV,"2021-01-21 12:30:02",260,248,12,0,104,92,12,0,250,146,100,4,0,2,1,1,7,6,78,0,0,1,1,2,1,0
28,MUREŞ,"GRĂDINIŢA CU PROGRAM NORMAL CIBU",370,FÂNTÂNELE,116796,1,PROV,PRCNCT,S,S_SV,"2021-01-21 12:30:02",107,85,22,0,52,30,22,0,100,48,50,0,2,1,1,1,1,1,44,0,0,1,0,0,0,0
28,MUREŞ,"ŞCOALA PRIMARĂ ROUA",371,FÂNTÂNELE,116796,1,PROV,PRCNCT,S,S_SV,"2021-01-21 12:30:02",313,295,18,0,109,91,18,0,300,191,106,3,0,2,2,1,8,2,88,1,0,1,0,0,1,0
28,MUREŞ,"SALA DE ŞEDINŢĂ DE LA SEDIUL PRIMĂRIEI COMUNEI GĂLEŞTI",372,GĂLEŞTI,116867,1,PROV,PRCNCT,S,S_SV,"2021-01-21 12:30:02",785,753,17,15,182,150,17,15,850,668,181,1,0,1,3,3,1,2,165,0,1,5,0,0,0,0
28,MUREŞ,"ŞCOALA GIMNAZIALĂ TROIŢA",373,GĂLEŞTI,116867,1,PROV,PRCNCT,S,S_SV,"2021-01-21 12:30:02",615,571,14,30,172,128,14,30,650,478,169,2,1,1,2,1,1,3,159,0,0,1,0,1,0,0
28,MUREŞ,"ŞCOALA PRIMARĂ MAIAD",374,GĂLEŞTI,116867,1,PROV,PRCNCT,S,S_SV,"2021-01-21 12:30:02",249,226,20,3,74,51,20,3,250,176,72,0,2,1,6,0,1,1,62,0,0,0,0,0,1,0
28,MUREŞ,"CĂMINUL CULTURAL SÂNVĂSII",375,GĂLEŞTI,116867,1,PROV,PRCNCT,S,S_SV,"2021-01-21 12:30:02",277,257,18,2,98,78,18,2,300,202,94,3,1,1,0,2,1,2,81,1,1,2,0,1,0,2
28,MUREŞ,"ŞCOALA PRIMARĂ ADRIANU MARE",376,GĂLEŞTI,116867,1,PROV,PRCNCT,S,S_SV,"2021-01-21 12:30:02",128,106,13,9,50,28,13,9,100,50,50,0,0,1,3,1,2,1,40,0,0,1,0,0,1,0
28,MUREŞ,"CLĂDIREA SPAŢIU COMERCIAL BEDENI",377,GĂLEŞTI,116867,1,PROV,PRCNCT,S,S_SV,"2021-01-21 12:30:02",140,114,19,7,64,38,19,7,100,36,63,1,0,1,2,1,1,3,52,0,0,1,1,0,1,0
28,MUREŞ,"SALA DE SPORT GĂNEŞTI",378,GĂNEŞTI,116938,1,PROV,PRCNCT,S,S_SV,"2021-01-21 12:30:02",997,965,10,22,424,392,10,22,1050,626,417,4,3,2,8,3,11,19,325,1,1,2,1,43,0,1
28,MUREŞ,"ŞCOALA GIMNAZIALĂ FOGARASI SAMUEL GĂNEŞTI",379,GĂNEŞTI,116938,1,PROV,PRCNCT,S,S_SV,"2021-01-21 12:30:02",785,761,9,15,321,297,9,15,850,529,317,2,2,0,12,4,16,16,251,0,0,1,1,16,0,0
28,MUREŞ,"ŞCOALA PRIMARĂ PĂUCIŞOARA",380,GĂNEŞTI,116938,1,PROV,PRCNCT,S,S_SV,"2021-01-21 12:30:02",220,208,9,3,64,52,9,3,250,186,59,3,2,2,4,4,6,4,34,0,1,0,0,4,0,0
28,MUREŞ,"ŞCOALA PRIMARĂ SEUCA",381,GĂNEŞTI,116938,1,PROV,PRCNCT,S,S_SV,"2021-01-21 12:30:02",956,927,21,8,275,246,21,8,1050,775,270,3,2,8,15,2,25,27,172,1,1,1,0,17,1,0
28,MUREŞ,"CĂMINUL CULTURAL GHEORGHE DOJA",382,"GHEORGHE DOJA",116983,1,PROV,PRCNCT,S,S_SV,"2021-01-21 12:30:02",416,394,13,9,136,115,13,8,450,314,133,3,0,2,2,1,2,4,118,0,0,1,0,2,0,1
28,MUREŞ,"CĂMINUL CULTURAL ILIENI",383,"GHEORGHE DOJA",116983,1,PROV,PRCNCT,S,S_SV,"2021-01-21 12:30:02",363,334,19,10,151,122,19,10,350,199,148,3,0,1,5,0,0,2,140,0,0,0,0,0,0,0
28,MUREŞ,"CĂMINUL CULTURAL LEORDENI",384,"GHEORGHE DOJA",116983,1,PROV,PRCNCT,S,S_SV,"2021-01-21 12:30:02",347,320,15,12,120,93,15,12,350,230,118,2,0,1,6,3,4,6,97,0,0,0,0,1,0,0
28,MUREŞ,"CĂMIN CULTURAL SATU NOU",385,"GHEORGHE DOJA",116983,1,PROV,PRCNCT,S,S_SV,"2021-01-21 12:30:02",654,625,8,21,209,180,8,21,700,491,204,2,3,2,2,1,2,6,188,0,0,0,0,3,0,0
28,MUREŞ,"CĂMIN CULTURAL TIRIMIA",386,"GHEORGHE DOJA",116983,1,PROV,PRCNCT,S,S_SV,"2021-01-21 12:30:02",716,691,21,4,154,129,21,4,798,644,148,5,1,8,16,2,20,39,28,2,0,2,0,27,1,3
28,MUREŞ,"ȘCOALA GIMNAZIALĂ WESSELÉNYI MIKLÓS",387,GHINDARI,117042,1,PROV,PRCNCT,S,S_SV,"2021-01-21 12:30:02",1276,1251,25,0,322,297,25,0,1400,1078,301,14,7,3,3,1,5,3,270,1,2,8,0,3,0,2
28,MUREŞ,"CĂMIN CULTURAL TREI SATE",388,GHINDARI,117042,1,PROV,PRCNCT,S,S_SV,"2021-01-21 12:30:02",996,975,21,0,253,232,21,0,1050,797,240,11,2,0,2,0,9,2,218,0,0,4,0,4,1,0
28,MUREŞ,"ȘCOALĂ PRIMARĂ SOLOCMA",389,GHINDARI,117042,1,PROV,PRCNCT,S,S_SV,"2021-01-21 12:30:02",273,254,19,0,88,69,19,0,300,212,85,3,0,1,1,1,4,0,75,0,0,2,0,0,0,1
28,MUREŞ,"ȘCOALĂ PRIMARĂ ABUD",390,GHINDARI,117042,1,PROV,PRCNCT,S,S_SV,"2021-01-21 12:30:02",115,97,18,0,45,27,18,0,100,55,45,0,0,3,2,1,3,1,34,0,0,1,0,0,0,0
28,MUREŞ,"ȘCOALA GIMNAZIALĂ „ADORJANI KAROLY” GLODENI",391,GLODENI,117113,1,PROV,PRCNCT,S,S_SV,"2021-01-21 12:30:02",986,963,15,8,162,140,14,8,1050,888,154,4,4,2,2,12,6,5,113,0,0,2,0,9,0,3
28,MUREŞ,"ȘCOALA GIMNAZIALĂ „ADORJANI KAROLY” GLODENI",392,GLODENI,117113,1,PROV,PRCNCT,S,S_SV,"2021-01-21 12:30:02",1100,1055,18,27,373,328,18,27,1150,777,370,2,1,1,1,9,10,0,340,0,0,3,0,4,0,2
28,MUREŞ,"ȘCOALA PRIMARĂ MERIȘOR",393,GLODENI,117113,1,PROV,PRCNCT,S,S_SV,"2021-01-21 12:30:02",158,135,19,4,81,58,19,4,150,69,79,1,1,4,2,19,9,5,9,0,0,1,0,30,0,0
28,MUREŞ,"ŞCOALA PRIMARĂ MOIȘA",394,GLODENI,117113,1,PROV,PRCNCT,S,S_SV,"2021-01-21 12:30:02",230,189,24,17,135,94,24,17,200,65,128,2,5,4,6,43,34,24,6,1,0,0,0,10,0,0
28,MUREŞ,"ŞCOALA PRIMARĂ PĂCURENI",395,GLODENI,117113,1,PROV,PRCNCT,S,S_SV,"2021-01-21 12:30:02",195,179,16,0,66,50,16,0,200,134,63,1,2,1,1,2,1,4,52,0,0,1,1,0,0,0
28,MUREŞ,"ȘCOALA PRIMARĂ PĂINGENI",396,GLODENI,117113,1,PROV,PRCNCT,S,S_SV,"2021-01-21 12:30:02",326,297,29,0,138,109,29,0,350,212,135,1,2,1,3,4,10,12,100,0,0,1,0,4,0,0
28,MUREŞ,"CAMIN CULTURAL",397,GORNEŞTI,117177,1,PROV,PRCNCT,S,S_SV,"2021-01-21 12:30:02",101,84,17,0,44,27,17,0,100,56,44,0,0,1,1,1,2,6,32,0,0,1,0,0,0,0
28,MUREŞ,"CAMIN CULTURAL",398,GORNEŞTI,117177,1,PROV,PRCNCT,S,S_SV,"2021-01-21 12:30:02",378,353,22,3,206,181,22,3,400,194,204,0,2,1,3,1,1,2,194,0,0,0,0,1,0,1
28,MUREŞ,"ȘCOALA PRIMARĂ PETRILACA DE MUREȘ",399,GORNEŞTI,117177,1,PROV,PRCNCT,S,S_SV,"2021-01-21 12:30:02",375,331,24,20,152,108,24,20,350,198,148,4,0,5,1,1,10,5,124,0,0,1,0,0,1,0
28,MUREŞ,"CĂMIN CULTURAL TELEAC",400,GORNEŞTI,117177,1,PROV,PRCNCT,S,S_SV,"2021-01-21 12:30:02",336,324,12,0,94,82,12,0,350,256,93,0,1,6,7,9,33,23,9,1,0,2,0,2,1,0
28,MUREŞ,"SCOALA GIMNAZIALA TELEKI DOMOKOS",401,GORNEŞTI,117177,1,PROV,PRCNCT,S,S_SV,"2021-01-21 12:30:02",854,812,25,17,317,275,25,17,900,583,311,5,1,9,8,10,16,16,233,0,0,2,0,14,1,2
28,MUREŞ,"GRADINITA CU PROGRAM NORMAL",402,GORNEŞTI,117177,1,PROV,PRCNCT,S,S_SV,"2021-01-21 12:30:02",825,804,17,4,207,186,17,4,900,693,200,5,2,7,11,13,28,9,121,0,1,0,0,9,0,1
28,MUREŞ,"ȘCOALA GIMNAZIALĂ PERIȘ",403,GORNEŞTI,117177,1,PROV,PRCNCT,S,S_SV,"2021-01-21 12:30:02",1562,1486,30,46,633,557,30,46,1650,1017,625,7,1,2,6,7,7,17,572,1,0,2,1,9,0,1
28,MUREŞ,"SCOALA PRIMARĂ IARA DE MUREŞ",404,GORNEŞTI,117177,1,PROV,PRCNCT,S,S_SV,"2021-01-21 12:30:02",279,235,30,14,100,56,30,14,249,149,99,1,0,1,1,2,2,2,89,0,0,0,0,2,0,0
28,MUREŞ,"CĂMIN CULTURAL GREBENISU DE CIMPIE",405,"GREBENIŞU DE CÂMPIE",117275,1,PROV,PRCNCT,S,S_SV,"2021-01-21 12:30:02",1424,1347,34,43,454,377,34,43,1500,1046,444,4,6,58,22,37,160,53,5,0,0,0,0,107,2,0
28,MUREŞ,"CĂMINUL CULTURAL GURGHIU",406,GURGHIU,117319,2,PART,PRCNCT,S,S_SV,"2021-01-21 12:30:02",868,851,17,0,243,226,17,0,950,707,236,4,3,13,30,5,40,95,10,0,1,3,0,35,1,3
28,MUREŞ,"CAMINUL CULTURAL GURGHIU",407,GURGHIU,117319,1,PROV,PRCNCT,S,S_SV,"2021-01-21 12:30:02",767,758,9,0,176,167,9,0,850,674,172,3,1,10,13,6,31,70,8,3,5,1,0,16,2,7
28,MUREŞ,"CĂMINUL CULTURAL ADRIAN",408,GURGHIU,117319,2,PART,PRCNCT,S,S_SV,"2021-01-21 12:30:02",252,241,11,0,93,82,11,0,250,157,90,1,2,5,2,1,12,45,2,0,0,0,1,22,0,0
28,MUREŞ,"SCOALA PRIMARA CASVA",409,GURGHIU,117319,1,PROV,PRCNCT,S,S_SV,"2021-01-21 12:30:02",669,655,14,0,229,215,14,0,698,469,219,3,7,20,12,7,44,93,4,0,2,1,1,29,0,6
28,MUREŞ,"FOSTA SCOALA PRIMARA COMORI",410,GURGHIU,117319,1,PROV,PRCNCT,S,S_SV,"2021-01-21 12:30:02",169,149,20,0,81,61,20,0,150,69,80,0,1,2,0,1,21,49,2,0,0,0,0,4,1,0
28,MUREŞ,"CAMINUL CULTURAL GLAJARIE",411,GURGHIU,117319,1,PROV,PRCNCT,S,S_SV,"2021-01-21 12:30:02",1448,1410,9,29,394,356,9,29,1550,1156,384,7,3,3,7,5,16,20,322,0,0,1,1,8,0,1
28,MUREŞ,"SCOALA PRIMARA LARGA",412,GURGHIU,117319,1,PROV,PRCNCT,S,S_SV,"2021-01-21 12:30:02",203,188,15,0,65,50,15,0,200,135,62,3,0,4,4,5,5,24,8,0,0,2,0,9,1,0
28,MUREŞ,"CAMINUL CULTURAL ORSOVA",413,GURGHIU,117319,1,PROV,PRCNCT,S,S_SV,"2021-01-21 12:30:02",667,649,18,0,202,184,18,0,700,498,195,5,2,2,15,6,32,109,4,1,1,1,0,21,0,3
28,MUREŞ,"CAMINUL CULTURAL HODAC",414,HODAC,117426,1,PROV,PRCNCT,S,S_SV,"2021-01-21 12:30:02",1011,994,17,0,223,206,17,0,1100,877,211,10,2,37,7,17,47,56,2,0,1,3,0,40,1,0
28,MUREŞ,"SCOALA GIMNAZIALA HODAC",415,HODAC,117426,1,PROV,PRCNCT,S,S_SV,"2021-01-21 12:30:02",1079,1058,21,0,306,285,21,0,1150,844,295,5,6,22,25,10,73,119,4,0,1,1,0,40,0,0
28,MUREŞ,"GRADINITA CU PROGRAM NORMAL TOACA",416,HODAC,117426,1,PROV,PRCNCT,S,S_SV,"2021-01-21 12:30:02",681,670,11,0,170,159,11,0,750,580,169,0,1,18,11,11,40,62,2,0,1,2,2,20,0,0
28,MUREŞ,"SCOALA GIMNAZIALA DUBISTEA DE PADURE",417,HODAC,117426,2,PART,PRCNCT,S,S_SV,"2021-01-21 12:30:02",394,383,11,0,108,97,11,0,399,291,104,3,1,6,10,3,37,31,3,0,0,0,1,12,1,0
28,MUREŞ,"ȘCOALA GIMNAZIALĂ TOACA",418,HODAC,117426,1,PROV,PRCNCT,S,S_SV,"2021-01-21 12:30:02",886,865,21,0,252,231,21,0,950,701,244,3,2,15,40,10,70,73,3,0,0,1,0,27,2,3
28,MUREŞ,"ȘCOALA PRIMARĂ HODOȘA",419,HODOŞA,117505,1,PROV,PRCNCT,S,S_SV,"2021-01-21 12:30:02",203,179,19,5,114,90,19,5,195,81,112,0,2,4,0,1,5,2,98,0,0,1,0,1,0,0
28,MUREŞ,"ȘCOALA PRIMARĂ IHOD",420,HODOŞA,117505,1,PROV,PRCNCT,S,S_SV,"2021-01-21 12:30:02",113,98,15,0,62,47,15,0,100,38,60,1,1,0,3,1,1,2,53,0,0,0,0,0,0,0
28,MUREŞ,"CLĂDIREA BAZEI SPORTIVE ISLA",421,HODOŞA,117505,1,PROV,PRCNCT,S,S_SV,"2021-01-21 12:30:02",241,221,18,2,75,55,18,2,250,175,74,1,0,0,4,1,4,4,60,0,0,1,0,0,0,0
28,MUREŞ,"ȘCOALA GIMNAZIALĂ ”PETREȘ KÁLMÁN „ SÎMBRIAȘ",422,HODOŞA,117505,2,PART,PRCNCT,S,S_SV,"2021-01-21 12:30:02",519,496,17,6,205,182,17,6,550,345,200,0,5,0,1,1,3,2,190,0,0,2,0,1,0,0
28,MUREŞ,"CENTRUL DE DOCUMENTARE ȘI INFORMARE",423,IBĂNEŞTI,117550,1,PROV,PRCNCT,S,S_SV,"2021-01-21 12:30:02",1344,1313,31,0,447,416,31,0,1450,1003,436,8,3,42,35,13,174,122,2,3,0,8,1,31,4,1
28,MUREŞ,"SALĂ MANIFESTĂRI ISTICEU",424,IBĂNEŞTI,117550,1,PROV,PRCNCT,S,S_SV,"2021-01-21 12:30:02",499,484,15,0,162,147,15,0,550,388,160,1,1,17,15,2,68,36,3,0,0,2,1,16,0,0
28,MUREŞ,"GRĂDINIŢA CU PROGRAM PRELUNGIT IBĂNEŞTI-PĂDURE",425,IBĂNEŞTI,117550,1,PROV,PRCNCT,S,S_SV,"2021-01-21 12:30:02",789,765,24,0,231,207,24,0,850,619,224,4,3,10,22,6,86,62,2,4,0,2,0,25,4,1
28,MUREŞ,"CĂMIN CULTURAL DULCEA",426,IBĂNEŞTI,117550,1,PROV,PRCNCT,S,S_SV,"2021-01-21 12:30:02",913,886,27,0,325,298,27,0,1000,675,311,9,5,21,37,9,131,69,0,0,0,1,1,41,1,0
28,MUREŞ,"CAMINUL CULTURAL",427,ICLĂNZEL,117667,1,PROV,PRCNCT,S,S_SV,"2021-01-21 12:30:02",1050,1022,26,2,231,203,26,2,1150,919,223,1,7,6,11,7,149,33,2,0,0,2,2,10,0,1
28,MUREŞ,"CĂMIN CULTURAL CĂPUȘU DE CÎMPIE",428,ICLĂNZEL,117667,1,PROV,PRCNCT,S,S_SV,"2021-01-21 12:30:02",646,624,22,0,140,118,22,0,700,560,133,3,4,8,23,15,32,25,3,0,0,1,0,23,3,0
28,MUREŞ,"ȘCOALA GIMNAZIALĂ IDECIU DE JOS",429,"IDECIU DE JOS",117783,1,PROV,PRCNCT,S,S_SV,"2021-01-21 12:30:02",918,853,43,22,305,265,21,19,950,645,299,4,2,9,53,21,48,89,29,2,1,2,1,34,2,8
28,MUREŞ,"CĂMIN CULTURAL IDECIU DE SUS",430,"IDECIU DE JOS",117783,1,PROV,PRCNCT,S,S_SV,"2021-01-21 12:30:02",709,685,24,0,204,180,24,0,750,546,197,2,5,6,20,9,25,107,6,0,0,1,0,21,2,0
28,MUREŞ,"CĂMIN CULTURAL DELENI",431,"IDECIU DE JOS",117783,1,PROV,PRCNCT,S,S_SV,"2021-01-21 12:30:02",223,205,18,0,104,86,18,0,250,146,100,2,2,2,5,5,30,39,2,0,1,1,0,15,0,0
28,MUREŞ,"ȘCOALA PRIMARĂ IVĂNEȘTI",432,LIVEZENI,117925,1,PROV,PRCNCT,S,S_SV,"2021-01-21 12:30:02",397,372,25,0,108,83,25,0,393,285,104,3,1,5,23,3,14,18,27,1,2,2,1,6,0,2
28,MUREŞ,"ȘCOALA PRIMARĂ POIENIȚA",433,LIVEZENI,117925,1,PROV,PRCNCT,S,S_SV,"2021-01-21 12:30:02",258,245,13,0,49,36,13,0,245,196,49,0,0,0,6,4,12,10,10,0,0,0,0,4,1,2
28,MUREŞ,"CENTRUL COMUNITAR DE SERVICII INTEGRATE LIVEZENI",434,LIVEZENI,117925,1,PROV,PRCNCT,S,S_SV,"2021-01-21 12:30:02",968,942,25,1,400,374,25,1,1046,646,396,4,0,27,77,13,59,69,120,0,3,4,1,15,4,4
28,MUREŞ,"CENTRUL COMUNITAR DE SERVICII INTEGRATE LIVEZENI",435,LIVEZENI,117925,1,PROV,PRCNCT,S,S_SV,"2021-01-21 12:30:02",1125,1071,54,0,365,311,54,0,1198,833,360,3,2,4,52,5,17,23,246,0,0,4,0,8,0,1
28,MUREŞ,"ȘCOALA PRIMARĂ SÂNIȘOR",436,LIVEZENI,117925,1,PROV,PRCNCT,S,S_SV,"2021-01-21 12:30:02",231,205,26,0,77,51,26,0,244,167,77,0,0,2,15,2,2,14,34,0,0,1,0,7,0,0
28,MUREŞ,"SEDIUL ADMINISTRATIV AL PRIMĂRIEI",437,LUNCA,117998,1,PROV,PRCNCT,S,S_SV,"2021-01-21 12:30:02",420,397,23,0,150,127,23,0,450,300,147,1,2,4,16,4,44,56,6,2,0,2,0,12,1,0
28,MUREŞ,"ŞCOALA GIMNAZIALĂ BĂIŢA",438,LUNCA,117998,1,PROV,PRCNCT,S,S_SV,"2021-01-21 12:30:02",630,615,15,0,177,162,15,0,650,473,171,5,1,5,16,9,39,81,4,0,0,1,0,16,0,0
28,MUREŞ,"ŞCOALA PRIMARĂ FRUNZENI",439,LUNCA,117998,1,PROV,PRCNCT,S,S_SV,"2021-01-21 12:30:02",339,323,16,0,101,85,16,0,350,249,96,3,2,3,13,2,34,26,4,2,0,1,0,11,0,0
28,MUREŞ,"ŞCOALA PRIMARĂ LOGIG",440,LUNCA,117998,1,PROV,PRCNCT,S,S_SV,"2021-01-21 12:30:02",333,317,16,0,103,87,16,0,350,247,98,3,2,8,3,5,34,33,6,0,0,1,0,7,1,0
28,MUREŞ,"ŞCOALA PRIMARĂ SÎNTU",441,LUNCA,117998,1,PROV,PRCNCT,S,S_SV,"2021-01-21 12:30:02",291,267,24,0,106,82,24,0,300,194,106,0,0,4,15,8,20,44,4,1,0,0,0,10,0,0
28,MUREŞ,"CASA DE CULTURA LUNCA BRADULUI",442,"LUNCA BRADULUI",118058,1,PROV,PRCNCT,S,S_SV,"2021-01-21 12:30:02",1218,1191,27,0,281,254,27,0,1293,1012,269,7,5,19,17,10,130,47,7,1,0,3,0,30,5,0
28,MUREŞ,"SCOALA PRIMARA SAT NEAGRA",443,"LUNCA BRADULUI",118058,1,PROV,PRCNCT,S,S_SV,"2021-01-21 12:30:02",376,356,20,0,101,81,20,0,392,291,97,2,2,18,5,2,25,26,4,0,0,1,0,14,2,0
28,MUREŞ,"ȘCOALA GIMNAZIALĂ ” PATAKY AGOTHA” MĂDĂRAȘ",444,MĂDĂRAŞ,120502,1,PROV,PRCNCT,S,S_SV,"2021-01-21 12:30:02",1046,1036,10,0,337,327,10,0,1148,811,318,12,7,1,2,3,13,5,284,0,0,1,1,8,0,0
28,MUREŞ,"ȘCOALA PRIMARĂ CU CLASELE I-IV FÂNAȚTELE MĂDĂRAȘULUI",445,MĂDĂRAŞ,120502,1,PROV,PRCNCT,S,S_SV,"2021-01-21 12:30:02",251,230,21,0,133,112,21,0,250,117,133,0,0,1,2,1,5,1,122,0,0,1,0,0,0,0
28,MUREŞ,"ŞCOALA GIMNAZIALĂ MĂGHERANI",446,MĂGHERANI,118094,1,PROV,PRCNCT,S,S_SV,"2021-01-21 12:30:02",660,617,23,20,228,185,23,20,700,472,225,1,2,1,1,0,2,1,213,0,0,4,1,2,0,0
28,MUREŞ,"ŞCOALA PRIMARĂ ŞILEA NIRAJULUI",447,MĂGHERANI,118094,1,PROV,PRCNCT,S,S_SV,"2021-01-21 12:30:02",354,319,15,20,155,120,15,20,344,189,149,3,3,1,1,1,1,1,142,0,0,1,0,0,1,0
28,MUREŞ,"CĂMIN CULTURAL TORBA",448,MĂGHERANI,118094,1,PROV,PRCNCT,S,S_SV,"2021-01-21 12:30:02",150,126,22,2,81,57,22,2,150,69,80,0,1,1,1,1,1,1,74,0,0,0,0,1,0,0
28,MUREŞ,"ȘCOALA PRIMARĂ MICA",449,MICA,118209,1,PROV,PRCNCT,S,S_SV,"2021-01-21 12:30:02",581,565,16,0,104,88,16,0,600,496,104,0,0,1,2,3,14,6,74,0,0,1,0,3,0,0
28,MUREŞ,"ȘCOALA GIMNAZIALĂ ”BELLE JOZSEF”",450,MICA,118209,1,PROV,PRCNCT,S,S_SV,"2021-01-21 12:30:02",731,718,12,1,234,221,12,1,793,559,216,10,8,2,1,5,10,9,170,0,2,3,2,8,1,3
28,MUREŞ,"ȘCOALA GIMNAZIALĂ DEAJ",451,MICA,118209,1,PROV,PRCNCT,S,S_SV,"2021-01-21 12:30:02",1212,1203,9,0,320,311,9,0,1300,980,291,16,13,5,1,6,31,9,201,1,0,1,1,33,2,0
28,MUREŞ,"ȘCOALA GIMNAZIALĂ HĂRĂNGLAB",452,MICA,118209,1,PROV,PRCNCT,S,S_SV,"2021-01-21 12:30:02",638,627,11,0,165,154,11,0,696,531,144,20,1,6,5,4,6,22,93,2,1,2,0,2,1,0
28,MUREŞ,"ȘCOALA PRIMARĂ ȘOMOȘTELNIC",453,MICA,118209,1,PROV,PRCNCT,S,S_SV,"2021-01-21 12:30:02",204,192,12,0,33,21,12,0,204,171,33,0,0,2,1,9,3,3,4,1,0,0,0,8,1,1
28,MUREŞ,"ȘCOALA PRIMARĂ",454,MICA,118209,1,PROV,PRCNCT,S,S_SV,"2021-01-21 12:30:02",245,236,9,0,60,51,9,0,248,188,55,5,0,6,1,1,12,7,26,0,0,0,0,2,0,0
28,MUREŞ,"CĂMINUL CULTURAL MIHEȘU DE CÎMPIE",455,"MIHEŞU DE CÂMPIE",118370,1,PROV,PRCNCT,S,S_SV,"2021-01-21 12:30:02",1245,1224,21,0,214,193,21,0,1350,1136,209,3,2,2,11,13,61,70,13,3,0,1,0,34,1,0
28,MUREŞ,"CĂMINUL CULTURAL RĂZOARE",456,"MIHEŞU DE CÂMPIE",118370,1,PROV,PRCNCT,S,S_SV,"2021-01-21 12:30:02",679,662,17,0,122,105,17,0,747,625,114,8,0,8,1,5,38,35,2,0,0,1,0,23,1,0
28,MUREŞ,"ŞCOALA GIMNAZIALĂ CORPUL A NADEŞ",457,NADEŞ,118469,1,PROV,PRCNCT,S,S_SV,"2021-01-21 12:30:02",1195,1182,13,0,168,155,13,0,1300,1132,162,2,4,4,11,6,24,63,18,1,1,0,0,34,0,0
28,MUREŞ,"ŞCOALA PRIMARĂ MĂGHERUŞ",458,NADEŞ,118469,1,PROV,PRCNCT,S,S_SV,"2021-01-21 12:30:02",108,98,10,0,36,26,10,0,100,64,34,2,0,0,2,2,6,20,3,0,0,1,0,0,0,0
28,MUREŞ,"CĂMINUL CULTURAL PIPEA",459,NADEŞ,118469,1,PROV,PRCNCT,S,S_SV,"2021-01-21 12:30:02",55,43,12,0,22,10,12,0,50,28,20,1,1,0,2,2,3,1,10,0,0,1,0,1,0,0
28,MUREŞ,"ŞCOALA GIMNAZIALĂ ŢIGMANDRU",460,NADEŞ,118469,1,PROV,PRCNCT,S,S_SV,"2021-01-21 12:30:02",896,888,8,0,174,166,8,0,1000,826,166,4,4,6,44,3,15,58,6,2,3,1,0,27,1,0
28,MUREŞ,"ŞCOALA GIMNAZIALĂ NEAUA",461,NEAUA,118511,2,PART,PRCNCT,S,S_SV,"2021-01-21 12:30:02",318,298,19,1,103,83,19,1,347,244,100,2,1,2,1,3,2,2,87,1,1,0,0,1,0,0
28,MUREŞ,"CĂMINUL CULTURAL VĂDAȘ",462,NEAUA,118511,1,PROV,PRCNCT,S,S_SV,"2021-01-21 12:30:02",315,296,11,8,128,109,11,8,345,217,122,3,3,1,2,2,3,1,107,0,0,2,1,2,0,1
28,MUREŞ,"ŞCOALA PRIMARĂ GHINEȘTI",463,NEAUA,118511,1,PROV,PRCNCT,S,S_SV,"2021-01-21 12:30:02",235,211,21,3,103,79,21,3,247,144,102,1,0,2,0,1,1,2,94,0,0,2,0,0,0,0
28,MUREŞ,"CĂMINUL CULTURAL SÎNSIMION",464,NEAUA,118511,1,PROV,PRCNCT,S,S_SV,"2021-01-21 12:30:02",71,55,16,0,42,26,16,0,50,8,42,0,0,1,1,1,2,1,35,0,0,1,0,0,0,0
28,MUREŞ,"ŞCOALA PRIMARĂ RIGMANI",465,NEAUA,118511,1,PROV,PRCNCT,S,S_SV,"2021-01-21 12:30:02",208,192,11,5,117,101,11,5,200,83,112,5,0,1,1,1,1,3,104,0,0,1,0,0,0,0
28,MUREŞ,"CLUB CĂMIN CULTURAL OGRA",466,OGRA,118575,1,PROV,PRCNCT,S,S_SV,"2021-01-21 12:30:02",1347,1323,24,0,344,320,24,0,1447,1103,314,10,20,13,10,16,128,34,85,2,0,0,0,23,3,0
28,MUREŞ,"CĂMIN CULTURAL DILEU VECHI",467,OGRA,118575,1,PROV,PRCNCT,S,S_SV,"2021-01-21 12:30:02",135,119,16,0,40,24,16,0,150,110,40,0,0,2,1,1,11,5,12,0,0,1,0,6,1,0
28,MUREŞ,"FOSTA ŞCOALĂ GENERALĂ GIULUŞ",468,OGRA,118575,2,PART,PRCNCT,S,S_SV,"2021-01-21 12:30:02",118,99,19,0,42,23,19,0,100,58,42,0,0,2,2,7,16,9,1,0,1,0,0,4,0,0
28,MUREŞ,"ŞCOALA PRIMARĂ LĂSCUD",469,OGRA,118575,1,PROV,PRCNCT,S,S_SV,"2021-01-21 12:30:02",217,202,15,0,65,50,15,0,200,135,60,0,5,2,1,6,23,15,3,0,0,1,0,6,2,1
28,MUREŞ,"CAMIN CULTURAL VAIDEIU",470,OGRA,118575,2,PART,PRCNCT,S,S_SV,"2021-01-21 12:30:02",123,97,26,0,52,26,26,0,100,48,48,1,3,2,3,2,21,7,2,1,0,1,1,8,0,0
28,MUREŞ,"CAMIN CULTURAL",471,"PAPIU ILARIAN",118637,1,PROV,PRCNCT,S,S_SV,"2021-01-21 12:30:02",695,686,8,1,189,180,8,1,750,561,188,1,0,6,2,13,19,19,110,0,0,2,0,16,1,0
28,MUREŞ,"GRĂDINIŢA CU PROGRAM NORMAL PĂNET",472,PĂNET,118691,1,PROV,PRCNCT,S,S_SV,"2021-01-21 12:30:02",1062,1048,14,0,430,416,14,0,1150,720,428,1,1,2,4,2,2,3,411,0,1,2,1,0,0,0
28,MUREŞ,"SEDIUL PRIMĂRIEI COMUNEI PĂNET",473,PĂNET,118691,1,PROV,PRCNCT,S,S_SV,"2021-01-21 12:30:02",868,853,15,0,409,394,15,0,950,541,400,4,5,1,0,1,2,3,390,1,0,1,0,1,0,0
28,MUREŞ,"GRĂDINIȚA BERGHIA",474,PĂNET,118691,1,PROV,PRCNCT,S,S_SV,"2021-01-21 12:30:02",998,982,16,0,250,234,16,0,1100,850,242,4,4,3,11,3,5,24,177,1,0,1,0,14,1,2
28,MUREŞ,"ŞCOALA PRIMARĂ CUIEŞD",475,PĂNET,118691,1,PROV,PRCNCT,S,S_SV,"2021-01-21 12:30:02",672,654,18,0,174,156,18,0,700,526,162,9,3,2,3,6,11,4,100,0,1,2,4,22,5,2
28,MUREŞ,"GRĂDINIȚA HĂRŢĂU",476,PĂNET,118691,1,PROV,PRCNCT,S,S_SV,"2021-01-21 12:30:02",293,280,13,0,90,77,13,0,300,210,84,5,1,2,1,3,18,6,42,0,1,3,0,7,1,0
28,MUREŞ,"GRĂDINIȚA SÎNTIOANA DE MUREŞ",477,PĂNET,118691,1,PROV,PRCNCT,S,S_SV,"2021-01-21 12:30:02",1173,1154,19,0,380,361,19,0,1304,924,376,3,1,2,9,1,19,11,323,2,1,1,0,7,0,0
28,MUREŞ,"ŞCOALA GIMNANZIALĂ ”KISS GERGELY” PĂSĂRENI",478,PĂSĂRENI,118753,1,PROV,PRCNCT,S,S_SV,"2021-01-21 12:30:02",735,689,29,17,308,262,29,17,750,442,306,2,0,2,1,1,5,3,291,0,0,1,0,1,0,1
28,MUREŞ,"ŞCOALA PRIMARĂ GĂLĂŢENI, SAT GĂLĂȚENI",479,PĂSĂRENI,118753,1,PROV,PRCNCT,S,S_SV,"2021-01-21 12:30:02",580,551,15,14,197,168,15,14,595,398,195,0,2,2,2,1,1,1,185,0,0,2,0,1,0,0
28,MUREŞ,"CĂMIN CULTURAL BOLINTINENI, SAT BOLINTINENI",480,PĂSĂRENI,118753,1,PROV,PRCNCT,S,S_SV,"2021-01-21 12:30:02",192,179,13,0,43,30,13,0,200,157,40,0,3,7,2,1,7,2,13,0,0,2,0,6,0,0
28,MUREŞ,"FOSTUL SEDIU AL POSTEI ROMANE",481,PETELEA,118799,1,PROV,PRCNCT,S,S_SV,"2021-01-21 12:30:02",1120,1106,14,0,233,219,14,0,1200,967,218,12,3,8,14,5,30,125,5,4,0,4,0,23,0,0
28,MUREŞ,"SEDIUL PRIMARIEI",482,PETELEA,118799,1,PROV,PRCNCT,S,S_SV,"2021-01-21 12:30:02",977,927,50,0,295,245,50,0,1000,705,288,5,2,11,47,10,42,133,4,3,0,3,0,31,2,2
28,MUREŞ,"SCOALA PRIMARA HABIC",483,PETELEA,118799,1,PROV,PRCNCT,S,S_SV,"2021-01-21 12:30:02",221,193,28,0,71,43,28,0,198,127,70,0,1,12,3,16,10,19,1,0,0,1,0,8,0,0
28,MUREŞ,"CĂMINUL CULTURAL POGĂCEAUA",484,POGĂCEAUA,118824,1,PROV,PRCNCT,S,S_SV,"2021-01-21 12:30:02",1092,1072,20,0,241,221,20,0,1200,959,238,3,0,20,5,3,83,49,1,0,1,2,1,71,1,1
28,MUREŞ,"ȘCOALA PRIMARĂ ”VASILE FLOREA” VĂLENI",485,POGĂCEAUA,118824,1,PROV,PRCNCT,S,S_SV,"2021-01-21 12:30:02",430,411,19,0,103,84,19,0,450,347,97,3,3,7,2,6,41,16,2,0,0,1,0,21,1,0
28,MUREŞ,"ȘCOALA GIMNAZIALĂ RĂSTOLIȚA",486,RĂSTOLIŢA,118931,1,PROV,PRCNCT,S,S_SV,"2021-01-21 12:30:02",1516,1473,40,3,451,408,40,3,1600,1149,438,11,2,93,31,29,81,106,34,1,6,3,1,49,3,1
28,MUREŞ,"CĂMINUL CULTURAL SÎNMARTINU DE CÎMPIE",487,RÂCIU,118995,1,PROV,PRCNCT,S,S_SV,"2021-01-21 12:30:02",788,732,37,19,261,205,37,19,800,539,253,5,3,9,4,3,51,138,2,0,0,1,2,41,1,1
28,MUREŞ,"CĂMINUL CULTURAL NIMA RÎCIULUI",488,RÂCIU,118995,1,PROV,PRCNCT,S,S_SV,"2021-01-21 12:30:02",149,130,19,0,52,33,19,0,150,98,52,0,0,2,2,9,17,14,3,1,0,1,0,3,0,0
28,MUREŞ,"ŞCOALA GIMNAZIALĂ ULIEŞ",489,RÂCIU,118995,1,PROV,PRCNCT,S,S_SV,"2021-01-21 12:30:02",497,482,15,0,93,78,15,0,550,457,91,2,0,6,3,4,16,39,4,1,0,1,0,16,0,1
28,MUREŞ,"CASA DE CULTURĂ ”VASILE CONȚIU” RÂCIU",490,RÂCIU,118995,1,PROV,PRCNCT,S,S_SV,"2021-01-21 12:30:02",1245,1206,36,3,408,369,36,3,1350,942,395,7,6,10,22,15,73,139,3,2,0,1,1,125,3,1
28,MUREŞ,"SCOALA PRIMARA COASTA MARE",491,RÂCIU,118995,1,PROV,PRCNCT,S,S_SV,"2021-01-21 12:30:02",261,247,13,1,78,64,13,1,250,172,75,1,2,1,5,5,15,31,3,0,0,1,0,14,0,0
28,MUREŞ,"CĂMINUL CULTURAL",492,RUŞII-MUNŢI,119153,1,PROV,PRCNCT,S,S_SV,"2021-01-21 12:30:02",1292,1260,29,3,450,418,29,3,1398,948,443,6,1,32,31,19,160,87,2,3,0,1,1,100,2,5
28,MUREŞ,"CĂMINUL CULTURAL",493,RUŞII-MUNŢI,119153,1,PROV,PRCNCT,S,S_SV,"2021-01-21 12:30:02",211,188,23,0,109,86,23,0,200,91,108,1,0,5,9,4,35,47,3,0,0,0,0,5,0,0
28,MUREŞ,"FOSTA SCOALA PRIMARA",494,RUŞII-MUNŢI,119153,1,PROV,PRCNCT,S,S_SV,"2021-01-21 12:30:02",334,316,18,0,140,122,18,0,350,210,136,2,2,6,9,6,69,26,2,0,0,1,0,13,4,0
28,MUREŞ,"ȘCOALA GIMNAZIALĂ ”ION DACIAN”",495,SASCHIZ,119206,1,PROV,PRCNCT,S,S_SV,"2021-01-21 12:30:02",1416,1383,33,0,279,246,33,0,1550,1271,266,6,7,30,37,33,22,93,5,1,0,0,0,41,3,1
28,MUREŞ,"CĂMIN CULTURAL MIHAI VITEAZU",496,SASCHIZ,119206,1,PROV,PRCNCT,S,S_SV,"2021-01-21 12:30:02",273,254,19,0,67,48,19,0,300,233,62,3,2,4,11,4,10,25,2,1,0,0,0,5,0,0
28,MUREŞ,"CĂMIN CULTURAL CLOAȘTERF",497,SASCHIZ,119206,1,PROV,PRCNCT,S,S_SV,"2021-01-21 12:30:02",162,149,13,0,53,40,13,0,152,99,53,0,0,6,3,3,8,20,1,2,1,0,0,8,0,1
28,MUREŞ,"PRIMĂRIA COMUNEI SĂRĂȚENI",498,SĂRĂŢENI,120496,1,PROV,PRCNCT,S,S_SV,"2021-01-21 12:30:02",1272,1242,29,1,510,480,29,1,1350,840,486,11,13,0,4,4,11,8,445,1,0,3,0,8,2,0
28,MUREŞ,"CĂMINUL CULTURAL SÎNCRAIU DE MUREŞ",499,"SÂNCRAIU DE MUREŞ",114382,1,PROV,PRCNCT,S,S_SV,"2021-01-21 12:30:02",1923,1875,46,2,722,674,46,2,2000,1278,712,8,2,43,121,29,114,106,239,2,11,2,1,36,2,6
28,MUREŞ,"PRIMĂRIA SÎNCRAIU DE MUREŞ",500,"SÂNCRAIU DE MUREŞ",114382,1,PROV,PRCNCT,S,S_SV,"2021-01-21 12:30:02",1773,1727,45,1,616,570,45,1,1900,1284,605,9,2,36,136,20,93,113,150,1,3,6,5,35,2,5
28,MUREŞ,"FOSTUL CĂMIN CULTURAL SÎNCRAIU DE MUREŞ",501,"SÂNCRAIU DE MUREŞ",114382,1,PROV,PRCNCT,S,S_SV,"2021-01-21 12:30:02",1875,1847,28,0,508,480,28,0,2000,1492,501,5,2,24,52,18,99,78,179,3,6,3,3,34,1,1
28,MUREŞ,"CĂMINUL CULTURAL NAZNA",502,"SÂNCRAIU DE MUREŞ",114382,1,PROV,PRCNCT,S,S_SV,"2021-01-21 12:30:02",1202,1177,25,0,444,419,25,0,1300,856,440,4,0,20,87,20,88,130,38,1,2,3,8,38,2,3
28,MUREŞ,"ŞCOALA GIMNAZIALĂ NAZNA",503,"SÂNCRAIU DE MUREŞ",114382,1,PROV,PRCNCT,S,S_SV,"2021-01-21 12:30:02",1063,1024,39,0,404,365,39,0,1150,746,399,4,1,31,62,23,86,104,16,3,1,3,11,53,1,5
28,MUREŞ,"ȘCOALA GIMNAZIALĂ ”SFÂNTU GHEORGHE” SÂNGEORGIU DE MUREȘ",504,"SÂNGEORGIU DE MUREŞ",114417,1,PROV,PRCNCT,S,S_SV,"2021-01-21 12:30:02",1219,1197,18,4,416,394,18,4,1343,927,407,7,2,13,74,12,62,59,156,0,1,1,4,20,4,1
28,MUREŞ,"ȘCOALA GIMNAZIALĂ ”SFÂNTU GHEORGHE” SÂNGEORGIU DE MUREȘ",505,"SÂNGEORGIU DE MUREŞ",114417,1,PROV,PRCNCT,S,S_SV,"2021-01-21 12:30:02",1728,1692,36,0,619,583,36,0,1800,1181,605,8,6,29,127,7,81,89,226,0,7,3,3,24,4,5
28,MUREŞ,"ȘCOALA GIMNAZIALĂ ”SFÂNTUL GHEORGHE” - ȘCOALA PRIMARĂ COTUȘ",506,"SÂNGEORGIU DE MUREŞ",114417,1,PROV,PRCNCT,S,S_SV,"2021-01-21 12:30:02",434,420,14,0,128,114,14,0,447,319,117,10,1,1,3,10,10,5,81,3,1,1,0,2,0,0
28,MUREŞ,"GRĂDINIȚA CU PROGRAM PRELUNGIT ”BAMBI” SÎNGEORGIU DE MUREȘ",507,"SÂNGEORGIU DE MUREŞ",114417,2,PART,PRCNCT,S,S_SV,"2021-01-21 12:30:02",1529,1505,21,3,556,532,21,3,1700,1144,549,3,4,13,77,14,45,47,314,0,1,3,1,28,2,4
28,MUREŞ,"ȘCOALA GIMNAZIALĂ ”SFÂNTUL GHEORGHE” SÎNGEORGIU DE MUREȘ",508,"SÂNGEORGIU DE MUREŞ",114417,1,PROV,PRCNCT,S,S_SV,"2021-01-21 12:30:02",1257,1222,35,0,377,342,35,0,1346,969,369,7,1,11,26,11,42,22,216,1,0,1,1,37,1,0
28,MUREŞ,"ȘCOALA GIMNAZIALĂ ”SFÂNTUL GHEORGHE” SÎNGEORGIU DE MUREȘ",509,"SÂNGEORGIU DE MUREŞ",114417,1,PROV,PRCNCT,S,S_SV,"2021-01-21 12:30:02",1271,1253,16,2,370,352,16,2,1400,1030,362,7,1,18,55,4,56,41,159,0,0,1,3,20,1,4
28,MUREŞ,"ȘCOALA GIMNAZIALĂ ”SFÂNTUL GHEORGHE” SÎNGEORGIU DE MUREȘ",510,"SÂNGEORGIU DE MUREŞ",114417,1,PROV,PRCNCT,S,S_SV,"2021-01-21 12:30:02",1177,1158,19,0,398,379,19,0,1300,902,391,7,0,13,46,11,38,34,219,0,0,7,0,21,0,2
28,MUREŞ,"GRADINITA CU PROGRAM NORMAL SANGER",511,SÂNGER,119386,1,PROV,PRCNCT,S,S_SV,"2021-01-21 12:30:02",1270,1255,15,0,241,226,15,0,1400,1159,233,4,4,16,15,7,50,72,5,0,1,1,0,26,0,40
28,MUREŞ,"CAMINUL CULTURAL CIPAIENI",512,SÂNGER,119386,1,PROV,PRCNCT,S,S_SV,"2021-01-21 12:30:02",579,572,7,0,104,97,7,0,650,546,104,0,0,0,8,21,24,26,2,0,0,2,1,9,0,11
28,MUREŞ,"CĂMINUL CULTURAL",513,SÂNPAUL,119466,1,PROV,PRCNCT,S,S_SV,"2021-01-21 12:30:02",1486,1420,42,24,474,408,42,24,1550,1076,466,5,3,18,13,10,83,25,259,0,0,2,0,53,3,0
28,MUREŞ,"CĂMIN CULTURAL CHIRILEU",514,SÂNPAUL,119466,1,PROV,PRCNCT,S,S_SV,"2021-01-21 12:30:02",708,685,23,0,259,236,23,0,750,491,250,9,0,36,6,12,42,37,95,1,0,2,0,16,2,1
28,MUREŞ,"CĂMINUL CULTURAL",515,SÂNPAUL,119466,1,PROV,PRCNCT,S,S_SV,"2021-01-21 12:30:02",166,136,25,5,79,49,25,5,150,71,79,0,0,4,2,1,5,4,60,0,0,3,0,0,0,0
28,MUREŞ,"CĂMINUL CULTURAL",516,SÂNPAUL,119466,1,PROV,PRCNCT,S,S_SV,"2021-01-21 12:30:02",217,200,17,0,73,56,17,0,200,127,71,2,0,21,3,7,14,10,7,0,0,0,0,9,0,0
28,MUREŞ,"CĂMINUL CULTURAL",517,SÂNPAUL,119466,1,PROV,PRCNCT,S,S_SV,"2021-01-21 12:30:02",1043,976,23,44,503,436,23,44,1050,547,496,4,3,13,12,5,21,15,402,0,0,1,0,24,2,1
28,MUREŞ,"CĂMINUL CULTURAL SÎNPETRU DE CÎMPIE",518,"SÂNPETRU DE CÂMPIE",119527,1,PROV,PRCNCT,S,S_SV,"2021-01-21 12:30:02",856,831,25,0,197,172,25,0,900,703,190,3,4,65,7,21,43,23,8,1,0,1,1,20,0,0
28,MUREŞ,"CĂMINUL CULTURAL BÎRLIBAȘ",519,"SÂNPETRU DE CÂMPIE",119527,1,PROV,PRCNCT,S,S_SV,"2021-01-21 12:30:02",124,111,13,0,34,21,13,0,98,64,34,0,0,14,0,1,6,3,2,0,0,0,0,8,0,0
28,MUREŞ,"ȘCOALA GENERALĂ DÎMBU",520,"SÂNPETRU DE CÂMPIE",119527,1,PROV,PRCNCT,S,S_SV,"2021-01-21 12:30:02",481,468,13,0,181,168,13,0,503,322,173,4,4,52,3,50,29,22,2,1,0,1,0,13,0,0
28,MUREŞ,"FOSTA ȘCOALA PRIMARA SATU -NOU",521,"SÂNPETRU DE CÂMPIE",119527,1,PROV,PRCNCT,S,S_SV,"2021-01-21 12:30:02",164,156,8,0,56,48,8,0,150,94,54,1,1,20,2,11,5,8,3,0,0,1,0,4,0,0
28,MUREŞ,"CĂMINUL CULTURAL SÎNGEORGIU DE CÎMPIE",522,"SÂNPETRU DE CÂMPIE",119527,1,PROV,PRCNCT,S,S_SV,"2021-01-21 12:30:02",288,267,21,0,105,84,21,0,298,193,101,2,2,20,1,7,20,13,2,0,1,0,0,36,0,1
28,MUREŞ,"ȘCOALA GENERALĂ TUȘINU",523,"SÂNPETRU DE CÂMPIE",119527,1,PROV,PRCNCT,S,S_SV,"2021-01-21 12:30:02",401,387,14,0,100,86,14,0,450,350,96,4,0,28,6,16,25,8,4,0,0,0,0,9,0,0
28,MUREŞ,"CĂMIN CULTURAL SÂNTANA DE MUREȘ",524,"SÂNTANA DE MUREŞ",114453,1,PROV,PRCNCT,S,S_SV,"2021-01-21 12:30:02",1568,1517,45,6,565,514,45,6,1650,1085,549,8,8,36,94,19,94,102,149,3,6,2,2,34,3,5
28,MUREŞ,"CĂMIN CULTURAL SÂNTANA DE MUREȘ",525,"SÂNTANA DE MUREŞ",114453,1,PROV,PRCNCT,S,S_SV,"2021-01-21 12:30:02",1601,1549,46,6,578,526,46,6,1700,1122,564,9,5,53,100,28,111,105,116,3,2,4,3,28,3,8
28,MUREŞ,"CĂMIN CULTURAL CURTENI",526,"SÂNTANA DE MUREŞ",114453,1,PROV,PRCNCT,S,S_SV,"2021-01-21 12:30:02",886,816,40,30,400,330,40,30,952,552,393,5,2,2,11,0,13,14,346,0,1,0,1,5,0,0
28,MUREŞ,"CÂMIN CULTURAL CHINARI",527,"SÂNTANA DE MUREŞ",114453,1,PROV,PRCNCT,S,S_SV,"2021-01-21 12:30:02",626,604,22,0,173,151,22,0,650,477,170,2,1,5,14,4,21,22,80,0,0,3,2,17,2,0
28,MUREŞ,"CĂMINUL CULTURAL BĂRDEŞTI",528,"SÂNTANA DE MUREŞ",114453,1,PROV,PRCNCT,S,S_SV,"2021-01-21 12:30:02",463,412,45,6,198,147,45,6,447,249,192,3,3,20,29,8,50,44,11,0,3,1,1,23,2,0
28,MUREŞ,"ŞCOALA GIMNAZIALĂ SOLOVĂSTRU",529,SOLOVĂSTRU,119590,1,PROV,PRCNCT,S,S_SV,"2021-01-21 12:30:02",1449,1422,27,0,380,353,27,0,1550,1170,366,7,7,8,60,26,101,98,6,1,0,1,0,59,4,2
28,MUREŞ,"ŞCOALA GIMNAZIALĂ JABENIŢA",530,SOLOVĂSTRU,119590,1,PROV,PRCNCT,S,S_SV,"2021-01-21 12:30:02",976,954,20,2,291,269,20,2,1050,759,279,8,4,15,64,6,58,94,3,1,1,2,0,30,2,3
28,MUREŞ,"CĂMIN CULTURAL STÎNCENI",531,STÂNCENI,119625,1,PROV,PRCNCT,S,S_SV,"2021-01-21 12:30:02",1242,1195,44,3,415,368,44,3,1295,880,411,4,0,39,25,6,84,121,56,3,0,2,1,68,5,1
28,MUREŞ,"ȘCOALA PRIMARĂ SUPLAC",532,SUPLAC,119661,1,PROV,PRCNCT,S,S_SV,"2021-01-21 12:30:02",647,615,16,16,179,147,16,16,700,521,173,3,3,7,4,1,15,17,120,0,0,2,0,7,0,0
28,MUREŞ,"ȘCOALA GIMNAZIALĂ ” BORDI ANDRÁS ”IDRIFAIA",533,SUPLAC,119661,1,PROV,PRCNCT,S,S_SV,"2021-01-21 12:30:02",569,520,21,28,256,207,21,28,550,294,248,1,7,3,3,1,9,5,220,1,0,0,0,6,0,0
28,MUREŞ,"ȘCOALA GIMNAZIALĂ ” SF.NICOLAE” LASLĂU MARE",534,SUPLAC,119661,1,PROV,PRCNCT,S,S_SV,"2021-01-21 12:30:02",320,302,18,0,130,112,18,0,350,220,127,1,2,6,2,5,56,31,4,1,0,2,0,20,0,0
28,MUREŞ,"ŞCOALA PRIMARĂ LASLĂU MIC",535,SUPLAC,119661,1,PROV,PRCNCT,S,S_SV,"2021-01-21 12:30:02",412,400,12,0,77,65,12,0,450,373,74,0,3,2,3,3,21,25,3,2,0,0,1,14,0,0
28,MUREŞ,"ŞCOALA GIMNAZIALĂ SUSENI",536,SUSENI,119723,1,PROV,PRCNCT,S,S_SV,"2021-01-21 12:30:02",1451,1412,32,7,453,414,32,7,1550,1097,440,7,6,6,31,7,58,184,118,0,1,2,0,30,3,0
28,MUREŞ,"FOSTA ŞCOALĂ GENERALĂ LUIERIU",537,SUSENI,119723,1,PROV,PRCNCT,S,S_SV,"2021-01-21 12:30:02",531,506,25,0,186,161,25,0,550,364,183,1,2,4,6,5,61,92,3,0,0,2,0,8,0,2
28,MUREŞ,"CĂMINUL CULTURAL ȘĂULIA",538,ŞĂULIA,119750,1,PROV,PRCNCT,S,S_SV,"2021-01-21 12:30:02",1369,1300,54,15,512,443,54,15,1450,938,482,14,16,14,19,9,263,120,6,2,0,1,0,44,4,0
28,MUREŞ,"CLUBUL TINERETULUI ȘĂULIA",539,ŞĂULIA,119750,1,PROV,PRCNCT,S,S_SV,"2021-01-21 12:30:02",297,258,39,0,124,85,39,0,296,172,116,2,6,1,6,0,64,28,3,2,0,1,0,10,0,1
28,MUREŞ,"CONSILIUL LOCAL ŞINCAI",540,ŞINCAI,119803,1,PROV,PRCNCT,S,S_SV,"2021-01-21 12:30:02",846,810,24,12,223,187,24,12,944,721,216,2,5,11,3,4,68,29,84,0,0,1,1,12,2,1
28,MUREŞ,"ŞCOALA PRIMARĂ LECHINCIOARA",541,ŞINCAI,119803,1,PROV,PRCNCT,S,S_SV,"2021-01-21 12:30:02",96,81,15,0,49,34,15,0,100,51,49,0,0,1,1,4,14,14,3,0,0,1,0,11,0,0
28,MUREŞ,"ŞCOALA PRIMARĂ PUSTA",542,ŞINCAI,119803,1,PROV,PRCNCT,S,S_SV,"2021-01-21 12:30:02",109,94,15,0,58,43,15,0,101,43,51,1,6,1,1,2,27,9,2,0,0,1,0,7,1,0
28,MUREŞ,"ŞCOALA PRIMARĂ ŞINCAI-FÎNAŢE",543,ŞINCAI,119803,1,PROV,PRCNCT,S,S_SV,"2021-01-21 12:30:02",180,168,10,2,65,53,10,2,198,133,60,5,0,2,2,1,33,12,3,0,0,2,0,4,0,1
28,MUREŞ,"PRIMĂRIA TĂURENI",544,TĂURENI,119858,1,PROV,PRCNCT,S,S_SV,"2021-01-21 12:30:02",786,754,27,5,254,222,27,5,847,593,243,3,8,3,10,3,136,48,2,0,0,0,1,35,3,2
28,MUREŞ,"PRIMARIA COMUNEI VALEA LARGA",545,"VALEA LARGĂ",119974,1,PROV,PRCNCT,S,S_SV,"2021-01-21 12:30:02",1112,1099,6,7,207,194,6,7,1200,993,203,3,1,6,10,4,32,124,3,0,0,1,0,20,2,1
28,MUREŞ,"CĂMINUL CULTURAL VALEA LARGA",546,"VALEA LARGĂ",119974,1,PROV,PRCNCT,S,S_SV,"2021-01-21 12:30:02",917,898,11,8,179,160,11,8,1000,821,173,4,2,5,14,6,36,83,3,0,1,1,1,22,0,1
28,MUREŞ,"ŞCOALA PRIMARĂ VALEA FRĂŢIEI",547,"VALEA LARGĂ",119974,1,PROV,PRCNCT,S,S_SV,"2021-01-21 12:30:02",509,496,9,4,103,90,9,4,550,447,100,1,2,3,14,16,10,40,1,0,0,0,0,13,2,1
28,MUREŞ,"ŞCOALA GIMNAZIALĂ VĂRGATA",548,VĂRGATA,120076,1,PROV,PRCNCT,S,S_SV,"2021-01-21 12:30:02",662,636,19,7,185,159,19,7,752,567,180,3,2,1,4,0,2,7,162,0,1,2,0,0,0,1
28,MUREŞ,"CASĂ PARTCULARĂ PROPRIETATEA LUI MÁJAI PETER",549,VĂRGATA,120076,1,PROV,PRCNCT,S,S_SV,"2021-01-21 12:30:02",167,148,17,2,55,36,17,2,150,95,51,3,1,1,1,0,2,1,38,0,0,1,0,7,0,0
28,MUREŞ,"PAROHIA UNITARIANĂ VADU",550,VĂRGATA,120076,1,PROV,PRCNCT,S,S_SV,"2021-01-21 12:30:02",227,197,24,6,91,61,24,6,200,109,86,3,2,1,3,1,3,2,72,0,0,0,0,2,2,0
28,MUREŞ,"GRĂDINIŢA CU PROGRAM NORMAL VALEA",551,VĂRGATA,120076,1,PROV,PRCNCT,S,S_SV,"2021-01-21 12:30:02",562,535,12,15,196,169,12,15,600,404,191,1,4,1,4,1,2,4,177,0,0,1,0,1,0,0
28,MUREŞ,"CĂMINUL CULTURAL VĂTAVA",552,VĂTAVA,120138,1,PROV,PRCNCT,S,S_SV,"2021-01-21 12:30:02",661,634,27,0,235,208,27,0,700,465,227,5,3,14,14,12,85,69,3,0,0,1,0,27,0,2
28,MUREŞ,"ȘCOALA PRIMARĂ DUMBRAVA",553,VĂTAVA,120138,1,PROV,PRCNCT,S,S_SV,"2021-01-21 12:30:02",534,520,14,0,203,189,14,0,550,347,195,2,6,10,13,23,99,20,7,1,0,1,1,19,1,0
28,MUREŞ,"ȘCOALA ”MIHAI TOMSA” RÎPA DE JOS",554,VĂTAVA,120138,1,PROV,PRCNCT,S,S_SV,"2021-01-21 12:30:02",376,356,20,0,168,148,20,0,400,232,165,1,2,19,5,11,60,52,2,0,1,0,0,10,3,2
28,MUREŞ,"ŞCOALA GIMNAZIALĂ ” PETRE N. POPESCU ” VÎNĂTORI",555,VÂNĂTORI,120254,1,PROV,PRCNCT,S,S_SV,"2021-01-21 12:30:02",1440,1416,22,2,366,342,22,2,1500,1134,336,15,15,21,26,9,45,125,49,1,0,2,0,55,2,1
28,MUREŞ,"GRĂDINIŢA CU PROGRAM NORMAL ARCHITA",556,VÂNĂTORI,120254,1,PROV,PRCNCT,S,S_SV,"2021-01-21 12:30:02",721,712,9,0,121,112,9,0,800,679,119,1,1,31,8,6,17,42,1,0,0,1,0,11,0,2
28,MUREŞ,"ŞCOALA PRIMARĂ FELEAG",557,VÂNĂTORI,120254,1,PROV,PRCNCT,S,S_SV,"2021-01-21 12:30:02",192,163,29,0,78,49,29,0,200,122,76,2,0,2,6,6,18,30,1,0,0,0,0,9,4,0
28,MUREŞ,"ŞCOALA PRIMARĂ MURENI",558,VÂNĂTORI,120254,1,PROV,PRCNCT,S,S_SV,"2021-01-21 12:30:02",279,268,11,0,65,54,11,0,300,235,64,1,0,3,5,1,2,13,34,0,0,1,0,4,1,0
28,MUREŞ,"ŞCOALA PRIMARĂ ŞOARD",559,VÂNĂTORI,120254,1,PROV,PRCNCT,S,S_SV,"2021-01-21 12:30:02",606,594,12,0,105,93,12,0,650,545,95,7,3,8,3,5,13,42,6,0,0,1,0,16,1,0
28,MUREŞ,"ȘCOALA GIMNAZIALĂ VEȚCA",560,VEŢCA,120174,1,PROV,PRCNCT,S,S_SV,"2021-01-21 12:30:02",392,376,16,0,140,124,16,0,400,260,139,0,1,2,1,1,1,3,130,0,0,1,0,0,0,0
28,MUREŞ,"CĂMINUL CULTURAL JACODU",561,VEŢCA,120174,1,PROV,PRCNCT,S,S_SV,"2021-01-21 12:30:02",216,192,24,0,96,72,24,0,200,104,89,2,5,1,1,1,2,3,77,0,0,1,0,1,0,2
28,MUREŞ,"PRIMĂRIA VIIŞOARA",562,VIIŞOARA,120218,1,PROV,PRCNCT,S,S_SV,"2021-01-21 12:30:02",647,639,8,0,96,88,8,0,700,604,89,1,6,4,9,23,17,22,0,0,0,1,1,12,0,0
28,MUREŞ,"CĂMINUL CULTURAL SÎNTIOANA",563,VIIŞOARA,120218,1,PROV,PRCNCT,S,S_SV,"2021-01-21 12:30:02",447,436,11,0,77,66,11,0,500,423,76,1,0,17,2,20,10,17,1,0,0,1,0,8,0,0
28,MUREŞ,"ȘCOALA GIMNAZIALA ORMENIŞ",564,VIIŞOARA,120218,1,PROV,PRCNCT,S,S_SV,"2021-01-21 12:30:02",364,351,13,0,67,54,13,0,400,333,66,0,1,4,2,14,4,14,2,0,0,1,0,25,0,0
28,MUREŞ,"ȘCOALA GIMNAZIALĂ VOIVODENI",565,VOIVODENI,120316,1,PROV,PRCNCT,S,S_SV,"2021-01-21 12:30:02",1344,1289,34,21,360,305,34,21,1400,1040,347,3,10,5,6,9,99,22,181,0,0,1,0,21,2,1
28,MUREŞ,"CĂMINUL CULTURAL TOLDAL",566,VOIVODENI,120316,1,PROV,PRCNCT,S,S_SV,"2021-01-21 12:30:02",192,176,16,0,78,62,16,0,199,121,76,1,1,5,3,10,30,10,11,0,2,3,0,2,0,0
28,MUREŞ,"PRIMARIA ZAGAR",567,ZAGĂR,120343,1,PROV,PRCNCT,S,S_SV,"2021-01-21 12:30:02",1021,1010,11,0,187,176,11,0,1100,913,178,5,4,19,13,8,51,49,10,0,0,0,0,21,4,3
28,MUREŞ,"ȘCOALA PRIMARĂ CLASELE 0-IV ZAU DE CÎMPIE",568,"ZAU DE CÂMPIE",120370,1,PROV,PRCNCT,S,S_SV,"2021-01-21 12:30:02",955,939,15,1,192,176,15,1,1050,858,187,2,3,8,8,3,48,70,9,0,0,0,0,39,0,2
28,MUREŞ,"ŞCOALA GIMNAZIALĂ ZAU DE CÎMPIE",569,"ZAU DE CÂMPIE",120370,1,PROV,PRCNCT,S,S_SV,"2021-01-21 12:30:02",1256,1249,7,0,192,185,7,0,1350,1158,186,6,0,5,13,7,49,65,8,1,0,1,0,34,1,2
28,MUREŞ,"ȘCOALA GIMNAZIALĂ BĂRBOȘI",570,"ZAU DE CÂMPIE",120370,1,PROV,PRCNCT,S,S_SV,"2021-01-21 12:30:02",373,364,9,0,80,71,9,0,400,320,77,1,2,1,1,2,15,38,1,1,0,0,1,15,1,1
