precinct_county_nce,precinct_county_name,precinct_name,precinct_nr,uat_name,uat_siruta,report_version,report_stage_code,report_type_scope_code,report_type_category_code,report_type_code,created_at,a,a1,a2,a3,b,b1,b2,b3,c,d,e,f,g,"PARTIDUL MIȘCAREA POPULARĂ-voturi","PARTIDUL SOCIAL DEMOCRAT-voturi","PARTIDUL PRO ROMÂNIA-voturi","UNIUNEA DEMOCRATĂ MAGHIARĂ DIN ROMÂNIA-voturi","ALIANȚA USR PLUS-voturi","PARTIDUL NAȚIONAL LIBERAL-voturi","PARTIDUL PUTERII UMANISTE (SOCIAL-LIBERAL)-voturi","PARTIDUL ECOLOGIST ROMÂN-voturi","PARTIDUL VERDE-voturi","ALIANȚA RENAȘTEREA NAȚIONALĂ-voturi","PARTIDUL SOCIALIST ROMÂN-voturi","PARTIDUL NOUA ROMÂNIE-voturi","ALIANȚA PENTRU UNIREA ROMÂNILOR-voturi","UNIUNEA ELENĂ DIN ROMÂNIA-voturi","COMUNITATEA RUȘILOR LIPOVENI DIN ROMÂNIA-voturi","UNIUNEA SÂRBILOR DIN ROMÂNIA-voturi","UNIUNEA UCRAINENILOR DIN ROMÂNIA-voturi","UNIUNEA DEMOCRATICĂ A SLOVACILOR ȘI CEHILOR DIN ROMÂNIA-voturi","UNIUNEA DEMOCRATĂ TURCĂ DIN ROMÂNIA-voturi","ASOCIAȚIA PARTIDA ROMILOR “PRO-EUROPA”-voturi","UNIUNEA CULTURALĂ A RUTENILOR DIN ROMÂNIA-voturi","ASOCIAȚIA ITALIENILOR DIN ROMÂNIA – RO.AS.IT.-voturi","UNIUNEA POLONEZILOR DIN ROMÂNIA-voturi","UNIUNEA CROAȚILOR DIN ROMÂNIA-voturi","UNIUNEA BULGARĂ DIN BANAT-ROMÂNIA-voturi","ASOCIAȚIA LIGA ALBANEZILOR DIN ROMÂNIA-voturi","UNIUNEA ARMENILOR DIN ROMÂNIA-voturi","FEDERAȚIA COMUNITĂȚILOR EVREIEȘTI DIN ROMÂNIA-voturi","ASOCIAȚIA MACEDONENILOR DIN ROMÂNIA-voturi","FORUMUL DEMOCRAT AL GERMANILOR DIN ROMÂNIA-voturi"
29,NEAMŢ,"ŞCOALA GIMNAZIALĂ NR.3",1,"MUNICIPIUL PIATRA-NEAMŢ",120726,4,PART,PRCNCT,CD,CD_SV,"2021-01-21 12:30:02",934,913,21,0,283,262,21,0,1000,717,278,2,3,22,64,14,1,59,59,12,7,5,0,2,1,29,0,1,0,0,0,0,0,0,0,0,0,1,0,0,0,0,1
29,NEAMŢ,"ŞCOALA GIMNAZIALĂ NR.3",2,"MUNICIPIUL PIATRA-NEAMŢ",120726,1,PROV,PRCNCT,CD,CD_SV,"2021-01-21 12:30:02",939,917,22,0,295,273,22,0,1000,705,293,2,0,13,91,24,1,52,59,11,6,1,1,2,1,28,2,0,0,0,0,0,0,0,0,0,0,0,0,0,1,0,0
29,NEAMŢ,"ȘCOALA GIMNAZIALĂ NR.3",3,"MUNICIPIUL PIATRA-NEAMŢ",120726,1,PROV,PRCNCT,CD,CD_SV,"2021-01-21 12:30:02",1122,1104,18,0,365,347,18,0,1200,835,355,7,3,34,81,17,1,67,113,6,4,3,3,2,1,17,2,0,0,0,0,0,0,0,1,0,0,0,1,0,1,1,0
29,NEAMŢ,"GRĂDINIȚA CU PROGRAM PRELUNGIT NR.6",4,"MUNICIPIUL PIATRA-NEAMŢ",120726,1,PROV,PRCNCT,CD,CD_SV,"2021-01-21 12:30:02",985,957,28,0,333,305,28,0,1100,767,327,5,1,22,110,13,0,55,86,6,4,2,2,1,0,22,2,0,0,0,0,0,0,0,0,0,0,1,0,0,0,0,1
29,NEAMŢ,"COLEGIUL NAȚIONAL ”PETRU RAREȘ”",5,"MUNICIPIUL PIATRA-NEAMŢ",120726,1,PROV,PRCNCT,CD,CD_SV,"2021-01-21 12:30:02",1755,1740,15,0,361,346,15,0,1900,1539,358,2,1,26,88,20,0,69,96,13,3,5,3,1,0,31,1,0,0,0,0,0,0,0,1,0,0,1,0,0,0,0,0
29,NEAMŢ,"LICEUL DE ARTE ”VICTOR BRAUNER” - CORPUL B",6,"MUNICIPIUL PIATRA-NEAMŢ",120726,1,PROV,PRCNCT,CD,CD_SV,"2021-01-21 12:30:02",1247,1229,18,0,391,373,18,0,1400,1009,386,4,1,33,95,17,0,93,82,8,8,0,4,1,1,37,1,2,0,0,0,0,0,0,1,0,0,0,0,1,0,1,1
29,NEAMŢ,"COLEGIUL NAȚIONAL ”CALISTRAT HOGAȘ”",7,"MUNICIPIUL PIATRA-NEAMŢ",120726,1,PROV,PRCNCT,CD,CD_SV,"2021-01-21 12:30:02",925,916,8,1,327,318,8,1,1000,673,319,7,1,33,58,9,1,66,99,7,5,5,9,1,1,21,3,1,0,0,0,0,0,0,0,0,0,0,0,0,0,0,0
29,NEAMŢ,"LICEUL TEHNOLOGIC ”SPIRU HARET”",8,"MUNICIPIUL PIATRA-NEAMŢ",120726,1,PROV,PRCNCT,CD,CD_SV,"2021-01-21 12:30:02",1269,1246,23,0,429,406,23,0,1400,971,416,9,4,30,120,21,2,73,98,8,8,3,2,4,2,39,1,2,0,0,0,0,0,0,0,0,1,0,0,1,0,0,1
29,NEAMŢ,"LICEUL TEHOLOGIC ”SPIRU HARET”",9,"MUNICIPIUL PIATRA-NEAMŢ",120726,1,PROV,PRCNCT,CD,CD_SV,"2021-01-21 12:30:02",1106,1092,13,1,352,338,13,1,1200,848,346,6,0,18,101,10,0,66,84,7,11,3,3,2,2,36,0,0,0,0,0,0,1,0,0,0,0,0,1,0,0,1,0
29,NEAMŢ,"GRĂDINIȚA CU PROGRAM PRELUNGIT NR.3 CORP B",10,"MUNICIPIUL PIATRA-NEAMŢ",120726,1,PROV,PRCNCT,CD,CD_SV,"2021-01-21 12:30:02",1033,1016,14,3,309,292,14,3,1100,791,302,6,1,24,78,15,1,51,88,4,6,0,3,1,1,27,0,0,1,0,0,0,0,0,0,0,0,0,0,1,0,1,0
29,NEAMŢ,"LICEUL CU PROGRAM SPORTIV",11,"MUNICIPIUL PIATRA-NEAMŢ",120726,1,PROV,PRCNCT,CD,CD_SV,"2021-01-21 12:30:02",1312,1298,13,1,431,417,13,1,1400,969,424,6,1,24,113,20,1,99,107,4,6,0,7,4,3,36,0,0,0,0,0,0,0,0,0,0,0,0,0,0,0,0,0
29,NEAMŢ,"LICEUL CU PROGRAM SPORTIV",12,"MUNICIPIUL PIATRA-NEAMŢ",120726,1,PROV,PRCNCT,CD,CD_SV,"2021-01-21 12:30:02",1142,1119,22,1,372,349,22,1,1200,828,364,8,0,30,107,24,1,74,70,14,9,3,1,1,2,25,0,0,0,0,0,0,0,1,0,0,0,0,0,0,1,1,0
29,NEAMŢ,"ŞCOALA GIMNAZIALĂ NR.8",13,"MUNICIPIUL PIATRA-NEAMŢ",120726,1,PROV,PRCNCT,CD,CD_SV,"2021-01-21 12:30:02",1290,1273,17,0,394,377,17,0,1400,1006,383,9,2,17,107,19,3,66,85,5,19,1,4,2,1,50,1,0,0,0,0,0,0,0,0,0,0,0,0,0,0,3,0
29,NEAMŢ,"ȘCOALA GIMNAZIALĂ NR.8",14,"MUNICIPIUL PIATRA-NEAMŢ",120726,1,PROV,PRCNCT,CD,CD_SV,"2021-01-21 12:30:02",1433,1420,13,0,415,402,13,0,1600,1185,405,6,4,31,141,20,1,72,58,4,13,4,5,2,0,50,0,0,0,0,1,0,0,0,1,0,0,0,0,0,0,1,1
29,NEAMŢ,"GRĂDINIȚA CUPLATĂ CU CREŞĂ NR.5",15,"MUNICIPIUL PIATRA-NEAMŢ",120726,1,PROV,PRCNCT,CD,CD_SV,"2021-01-21 12:30:02",1382,1368,14,0,416,402,14,0,1500,1084,405,9,2,20,127,19,0,79,100,6,11,2,2,1,1,36,1,0,0,0,0,0,0,0,0,0,0,0,0,0,0,0,0
29,NEAMŢ,"GRĂDINIȚA CUPLATĂ CU CREŞĂ NR.5",16,"MUNICIPIUL PIATRA-NEAMŢ",120726,1,PROV,PRCNCT,CD,CD_SV,"2021-01-21 12:30:02",1053,1045,8,0,265,257,8,0,1100,835,260,5,0,10,81,12,1,46,73,4,5,4,2,1,1,18,0,0,0,0,0,0,0,0,0,0,0,0,0,1,0,0,1
29,NEAMŢ,"GRĂDINIȚA CU PROGRAM PRELUNGIT NR.8",17,"MUNICIPIUL PIATRA-NEAMŢ",120726,1,PROV,PRCNCT,CD,CD_SV,"2021-01-21 12:30:02",908,894,14,0,232,218,14,0,1000,768,221,8,3,19,66,10,0,37,34,2,8,3,1,1,1,34,2,0,0,0,1,0,0,0,1,0,0,0,0,0,0,0,1
29,NEAMŢ,"GRĂDINIȚA CU PROGRAM NORMAL OCOL",18,"MUNICIPIUL PIATRA-NEAMŢ",120726,1,PROV,PRCNCT,CD,CD_SV,"2021-01-21 12:30:02",1934,1860,12,62,605,531,12,62,2000,1395,594,9,2,32,148,25,0,97,161,9,24,3,11,7,2,71,0,0,0,0,0,0,0,0,1,1,1,0,0,1,0,0,0
29,NEAMŢ,"CENTRUL DE SPRIJIN ȘI ASISTENȚĂ DE SPECIALITATE PENTRU COPII",19,"MUNICIPIUL PIATRA-NEAMŢ",120726,1,PROV,PRCNCT,CD,CD_SV,"2021-01-21 12:30:02",1455,1436,19,0,316,297,19,0,1600,1285,312,3,0,22,85,17,2,60,38,12,13,3,9,6,1,43,0,1,0,0,0,0,0,0,0,0,0,0,0,0,0,0,0
29,NEAMŢ,"ȘCOALA GIMNAZIALĂ NR.11",20,"MUNICIPIUL PIATRA-NEAMŢ",120726,1,PROV,PRCNCT,CD,CD_SV,"2021-01-21 12:30:02",1460,1424,36,0,401,365,36,0,1600,1199,382,17,2,25,101,21,0,60,71,8,12,3,2,1,2,74,0,0,1,0,0,0,0,0,0,0,0,0,0,0,0,0,1
29,NEAMŢ,"COLEGIUL NAȚIONAL ”GH. ASACHI”",21,"MUNICIPIUL PIATRA-NEAMŢ",120726,1,PROV,PRCNCT,CD,CD_SV,"2021-01-21 12:30:02",936,924,12,0,207,195,12,0,1000,793,198,7,2,7,51,12,1,21,39,12,0,1,1,4,1,43,1,0,1,0,0,0,0,0,0,0,0,1,0,0,0,2,0
29,NEAMŢ,"COLEGIUL NAȚIONAL ”GH. ASACHI”",22,"MUNICIPIUL PIATRA-NEAMŢ",120726,1,PROV,PRCNCT,CD,CD_SV,"2021-01-21 12:30:02",1081,1068,13,0,214,201,13,0,1200,986,209,3,2,11,33,7,3,43,58,4,5,1,2,3,0,35,0,0,0,0,0,0,0,0,0,0,0,0,0,0,0,2,2
29,NEAMŢ,"ŞCOALA GIMNAZIALĂ NR.5",23,"MUNICIPIUL PIATRA-NEAMŢ",120726,1,PROV,PRCNCT,CD,CD_SV,"2021-01-21 12:30:02",1500,1484,16,0,381,365,16,0,1600,1219,362,18,1,19,108,16,2,68,70,4,9,1,7,2,2,52,1,0,0,0,0,0,0,0,1,0,0,0,0,0,0,0,0
29,NEAMŢ,"ŞCOALA GIMNAZIALĂ NR.5",24,"MUNICIPIUL PIATRA-NEAMŢ",120726,1,PROV,PRCNCT,CD,CD_SV,"2021-01-21 12:30:02",1387,1374,12,1,422,409,12,1,1500,1078,413,9,0,12,124,12,0,61,113,10,14,3,3,0,2,52,2,0,0,0,0,1,0,0,1,0,0,0,0,0,2,1,0
29,NEAMŢ,"GRĂDINIŢA CU PROGRAM PRELUNGIT NR.12",25,"MUNICIPIUL PIATRA-NEAMŢ",120726,1,PROV,PRCNCT,CD,CD_SV,"2021-01-21 12:30:02",1330,1317,12,1,331,318,12,1,1500,1169,314,15,2,21,94,15,0,47,58,10,11,3,2,2,2,44,2,1,0,0,0,0,0,0,1,0,0,0,0,0,0,1,0
29,NEAMŢ,"GRĂDINIŢA CU PROGRAM PRELUNGIT NR.12",26,"MUNICIPIUL PIATRA-NEAMŢ",120726,2,PART,PRCNCT,CD,CD_SV,"2021-01-21 12:30:02",1236,1225,11,0,342,331,11,0,1400,1058,337,5,0,18,103,13,1,69,68,6,8,2,3,3,1,31,5,0,0,0,0,0,0,0,0,0,0,1,1,0,1,1,2
29,NEAMŢ,"GRĂDINIŢA CU PROGRAM PRELUNGIT NR.12",27,"MUNICIPIUL PIATRA-NEAMŢ",120726,1,PROV,PRCNCT,CD,CD_SV,"2021-01-21 12:30:02",1334,1322,11,1,347,335,11,1,1500,1153,335,11,1,31,84,14,0,54,79,7,9,3,2,5,0,42,0,1,1,1,0,0,0,0,0,0,0,0,0,0,1,1,0
29,NEAMŢ,"CENTRUL SOCIAL PIETRICICA",28,"MUNICIPIUL PIATRA-NEAMŢ",120726,1,PROV,PRCNCT,CD,CD_SV,"2021-01-21 12:30:02",1590,1575,15,0,507,492,15,0,1700,1193,497,10,0,16,158,19,0,103,105,17,16,6,3,4,3,38,1,0,0,0,0,0,2,0,0,1,0,0,0,2,1,1,1
29,NEAMŢ,"COLEGIUL NAȚIONAL DE INFORMATICĂ",29,"MUNICIPIUL PIATRA-NEAMŢ",120726,1,PROV,PRCNCT,CD,CD_SV,"2021-01-21 12:30:02",1561,1544,17,0,410,393,17,0,1700,1290,394,16,0,33,102,15,0,93,86,9,9,2,0,2,1,38,0,0,0,0,0,0,0,0,2,1,0,0,0,0,0,0,1
29,NEAMŢ,"COLEGIUL NAȚIONAL DE INFORMATICĂ",30,"MUNICIPIUL PIATRA-NEAMŢ",120726,1,PROV,PRCNCT,CD,CD_SV,"2021-01-21 12:30:02",1537,1525,11,1,552,540,11,1,1700,1148,541,11,0,24,88,28,0,162,118,11,16,3,14,3,4,67,1,0,0,0,0,0,0,0,0,0,0,0,0,0,0,1,1
29,NEAMŢ,"COLEGIUL NAȚIONAL DE INFORMATICĂ",31,"MUNICIPIUL PIATRA-NEAMŢ",120726,2,PART,PRCNCT,CD,CD_SV,"2021-01-21 12:30:02",1647,1638,7,2,441,432,7,2,1800,1359,430,9,2,35,130,20,0,98,92,7,9,4,2,4,2,23,2,0,1,0,0,0,0,0,0,0,0,1,0,0,0,0,0
29,NEAMŢ,"COLEGIUL NAȚIONAL DE INFORMATICĂ",32,"MUNICIPIUL PIATRA-NEAMŢ",120726,1,PROV,PRCNCT,CD,CD_SV,"2021-01-21 12:30:02",1373,1357,14,2,432,416,14,2,1500,1068,419,12,1,24,92,19,3,100,105,11,8,1,2,1,1,46,1,0,1,0,1,0,0,1,1,0,0,1,0,0,0,0,0
29,NEAMŢ,"COLEGIUL NAȚIONAL DE INFORMATICĂ",33,"MUNICIPIUL PIATRA-NEAMŢ",120726,1,PROV,PRCNCT,CD,CD_SV,"2021-01-21 12:30:02",1027,1013,14,0,192,178,14,0,1100,908,189,3,0,17,43,11,0,22,36,0,4,1,0,3,2,44,0,1,1,0,0,0,0,0,0,0,0,1,1,0,0,1,1
29,NEAMŢ,"COLEGIUL NAȚIONAL DE INFORMATICĂ",34,"MUNICIPIUL PIATRA-NEAMŢ",120726,1,PROV,PRCNCT,CD,CD_SV,"2021-01-21 12:30:02",905,892,13,0,274,261,13,0,1000,726,269,5,0,21,74,17,0,59,57,6,6,5,1,1,0,19,0,0,1,1,0,0,0,0,0,0,0,1,0,0,0,0,0
29,NEAMŢ,"ŞCOALA GIMNAZIALĂ NR.7",35,"MUNICIPIUL PIATRA-NEAMŢ",120726,1,PROV,PRCNCT,CD,CD_SV,"2021-01-21 12:30:02",1627,1618,9,0,389,380,9,0,1800,1411,363,22,4,18,77,8,3,27,76,10,7,0,5,5,0,116,1,0,2,0,0,0,1,0,2,0,1,0,0,0,0,2,2
29,NEAMŢ,"CENTRUL SOCIAL - CARTIER SPERANŢA",36,"MUNICIPIUL PIATRA-NEAMŢ",120726,1,PROV,PRCNCT,CD,CD_SV,"2021-01-21 12:30:02",943,924,19,0,284,265,19,0,1000,716,274,9,1,24,41,17,0,33,52,10,7,1,2,3,0,73,2,0,0,1,0,0,0,1,0,0,0,1,3,0,1,1,1
29,NEAMŢ,"CLĂDIRE ADMINISTRATIVĂ S.C. CMI URBAN S.A. (ŞTRAND MUNICIPAL)",37,"MUNICIPIUL PIATRA-NEAMŢ",120726,1,PROV,PRCNCT,CD,CD_SV,"2021-01-21 12:30:02",758,734,21,3,212,188,21,3,800,588,207,3,2,25,46,9,1,33,35,0,5,0,4,1,1,40,1,3,1,0,0,0,0,0,0,0,0,0,0,0,0,2,0
29,NEAMŢ,"ȘCOALA GIMNAZIALĂ NR.2",38,"MUNICIPIUL PIATRA-NEAMŢ",120726,1,PROV,PRCNCT,CD,CD_SV,"2021-01-21 12:30:02",1071,1034,17,20,369,332,17,20,1100,731,360,9,0,21,90,20,1,79,89,6,9,3,0,2,1,36,0,0,0,0,0,0,0,1,0,0,0,1,0,0,0,0,1
29,NEAMŢ,"ȘCOALA GIMNAZIALĂ NR.2",39,"MUNICIPIUL PIATRA-NEAMŢ",120726,1,PROV,PRCNCT,CD,CD_SV,"2021-01-21 12:30:02",947,919,14,14,299,271,14,14,1000,701,294,5,0,27,97,12,0,54,48,8,7,2,3,2,0,24,3,2,0,1,0,0,0,0,1,0,0,0,1,0,0,1,1
29,NEAMŢ,"ȘCOALA GIMNAZIALĂ NR.2",40,"MUNICIPIUL PIATRA-NEAMŢ",120726,2,PART,PRCNCT,CD,CD_SV,"2021-01-21 12:30:02",890,865,12,13,304,279,12,13,998,694,300,4,0,21,118,17,0,48,63,1,4,0,2,0,1,20,0,0,0,0,0,1,0,0,2,0,0,0,0,0,2,0,0
29,NEAMŢ,"ŞCOALA GIMNAZIALĂ NR.2",41,"MUNICIPIUL PIATRA-NEAMŢ",120726,1,PROV,PRCNCT,CD,CD_SV,"2021-01-21 12:30:02",1146,1118,12,16,360,332,12,16,1200,840,354,6,0,28,108,17,1,54,85,10,9,4,1,3,0,27,1,2,0,0,0,0,0,0,0,0,0,0,1,0,0,1,2
29,NEAMŢ,"ŞCOALA GIMNAZIALĂ NR.2",42,"MUNICIPIUL PIATRA-NEAMŢ",120726,1,PROV,PRCNCT,CD,CD_SV,"2021-01-21 12:30:02",1354,1316,12,26,407,369,12,26,1500,1093,394,10,3,17,113,24,0,76,87,12,8,3,0,2,3,47,1,0,0,0,0,0,0,0,0,0,0,0,0,0,0,1,0
29,NEAMŢ,"DIRECȚIA AGRICOLĂ",43,"MUNICIPIUL PIATRA-NEAMŢ",120726,1,PROV,PRCNCT,CD,CD_SV,"2021-01-21 12:30:02",1305,1290,13,2,417,402,13,2,1400,983,413,3,1,25,119,19,0,81,122,12,4,2,4,1,1,18,1,1,0,0,0,0,0,0,0,0,0,2,0,0,1,0,0
29,NEAMŢ,"S.C. APA SERV S.A.",44,"MUNICIPIUL PIATRA-NEAMŢ",120726,1,PROV,PRCNCT,CD,CD_SV,"2021-01-21 12:30:02",1122,1109,13,0,378,365,13,0,1200,822,370,7,1,30,114,12,0,74,82,10,14,2,2,2,0,25,2,0,0,0,0,0,0,0,0,0,1,0,0,0,0,0,0
29,NEAMŢ,"COMPLEXUL EXPOZIȚIONAL MUNICIPAL",45,"MUNICIPIUL PIATRA-NEAMŢ",120726,1,PROV,PRCNCT,CD,CD_SV,"2021-01-21 12:30:02",1346,1325,18,3,432,411,18,3,1500,1068,422,9,1,38,108,20,0,87,108,14,5,1,8,4,0,26,1,0,0,0,0,0,0,0,0,0,0,0,0,0,0,0,2
29,NEAMŢ,"ȘCOALA GIMNAZIALĂ ”ELENA CUZA”",46,"MUNICIPIUL PIATRA-NEAMŢ",120726,1,PROV,PRCNCT,CD,CD_SV,"2021-01-21 12:30:02",1409,1389,20,0,438,418,20,0,1500,1062,426,12,0,37,104,27,0,106,91,7,9,4,7,4,1,26,0,1,1,0,0,0,0,0,0,0,0,0,0,0,0,0,1
29,NEAMŢ,"ȘCOALA GIMNAZIALĂ ”ELENA CUZA”",47,"MUNICIPIUL PIATRA-NEAMŢ",120726,1,PROV,PRCNCT,CD,CD_SV,"2021-01-21 12:30:02",1367,1337,26,4,450,420,26,4,1500,1050,439,11,0,33,119,14,1,90,106,10,6,2,3,4,1,44,2,1,1,1,0,0,0,0,0,0,0,0,0,0,1,0,0
29,NEAMŢ,"ŞCOALA GIMNAZIALĂ ”NICU ALBU”",48,"MUNICIPIUL PIATRA-NEAMŢ",120726,1,PROV,PRCNCT,CD,CD_SV,"2021-01-21 12:30:02",1176,1163,13,0,303,290,13,0,1300,997,295,6,2,24,75,29,1,58,76,3,9,0,0,1,0,18,0,0,0,0,0,0,0,0,0,0,0,0,0,0,0,0,1
29,NEAMŢ,"ŞCOALA GIMNAZIALĂ ”NICU ALBU”",49,"MUNICIPIUL PIATRA-NEAMŢ",120726,1,PROV,PRCNCT,CD,CD_SV,"2021-01-21 12:30:02",1349,1332,16,1,397,380,16,1,1500,1103,390,6,1,29,103,8,0,85,92,9,15,2,2,1,1,40,0,3,0,0,0,0,0,0,0,0,0,0,0,0,0,0,0
29,NEAMŢ,"ŞCOALA GIMNAZIALĂ ”NICU ALBU”",50,"MUNICIPIUL PIATRA-NEAMŢ",120726,1,PROV,PRCNCT,CD,CD_SV,"2021-01-21 12:30:02",1217,1202,14,1,344,329,14,1,1300,956,332,10,2,35,77,14,2,76,73,5,4,3,1,2,1,34,2,0,0,0,0,1,0,0,0,0,0,0,0,0,0,2,0
29,NEAMŢ,"ŞCOALA GIMNAZIALĂ ”NICU ALBU”",51,"MUNICIPIUL PIATRA-NEAMŢ",120726,1,PROV,PRCNCT,CD,CD_SV,"2021-01-21 12:30:02",1352,1337,15,0,407,392,15,0,1500,1093,401,6,0,25,103,19,1,79,98,8,8,4,1,0,0,42,1,2,0,0,0,0,0,1,1,0,1,3,1,0,0,2,1
29,NEAMŢ,"ŞCOALA GIMNAZIALĂ ”NICU ALBU”",52,"MUNICIPIUL PIATRA-NEAMŢ",120726,1,PROV,PRCNCT,CD,CD_SV,"2021-01-21 12:30:02",1383,1367,16,0,388,372,16,0,1500,1112,382,5,1,21,96,22,0,91,77,11,7,3,0,6,0,42,0,1,1,0,0,0,0,0,2,0,0,1,0,0,0,0,1
29,NEAMŢ,"ŞCOALA GIMNAZIALĂ ”NICU ALBU”",53,"MUNICIPIUL PIATRA-NEAMŢ",120726,1,PROV,PRCNCT,CD,CD_SV,"2021-01-21 12:30:02",1348,1339,6,3,376,367,6,3,1400,1024,369,5,2,31,104,25,0,72,87,5,2,1,1,2,0,33,2,0,0,0,0,0,0,0,0,0,0,2,0,1,0,0,1
29,NEAMŢ,"CASA CORPULUI DIDACTIC",54,"MUNICIPIUL PIATRA-NEAMŢ",120726,1,PROV,PRCNCT,CD,CD_SV,"2021-01-21 12:30:02",1276,1265,11,0,387,376,11,0,1400,1013,378,7,2,34,102,15,0,59,79,12,15,3,4,4,2,46,0,1,1,0,0,0,0,0,0,0,0,0,0,0,0,1,0
29,NEAMŢ,"COLEGIUL TEHNIC DE TRANSPORTURI",55,"MUNICIPIUL PIATRA-NEAMŢ",120726,1,PROV,PRCNCT,CD,CD_SV,"2021-01-21 12:30:02",1197,1171,14,12,337,311,14,12,1300,963,328,8,1,21,90,8,0,74,81,11,5,2,3,3,1,25,0,0,2,0,0,0,0,0,0,0,0,0,0,0,0,2,0
29,NEAMŢ,"COLEGIUL TEHNIC FORESTIER",56,"MUNICIPIUL PIATRA-NEAMŢ",120726,1,PROV,PRCNCT,CD,CD_SV,"2021-01-21 12:30:02",1255,1240,15,0,346,331,15,0,1398,1052,336,10,0,23,93,21,1,73,75,7,9,1,1,1,1,26,0,2,0,0,0,0,0,0,0,1,0,0,1,0,0,0,0
29,NEAMŢ,"COLEGIUL TEHNIC FORESTIER",57,"MUNICIPIUL PIATRA-NEAMŢ",120726,1,PROV,PRCNCT,CD,CD_SV,"2021-01-21 12:30:02",1358,1345,13,0,427,414,13,0,1500,1073,417,8,2,35,99,19,3,76,115,21,7,3,2,3,3,26,0,1,0,0,1,0,0,0,0,0,0,0,0,0,1,0,2
29,NEAMŢ,"LICEUL TEHNOLOGIC ECONOMIC ADMINISTRATIV",58,"MUNICIPIUL PIATRA-NEAMŢ",120726,1,PROV,PRCNCT,CD,CD_SV,"2021-01-21 12:30:02",1384,1360,24,0,483,459,24,0,1500,1017,472,9,2,47,118,21,0,122,105,2,9,1,3,1,2,34,0,0,0,0,0,0,0,0,1,0,0,1,0,0,1,1,3
29,NEAMŢ,"COLEGIUL TEHNIC ”GHEORGHE CARTIANU”",59,"MUNICIPIUL PIATRA-NEAMŢ",120726,1,PROV,PRCNCT,CD,CD_SV,"2021-01-21 12:30:02",1364,1354,9,1,485,475,9,1,1500,1015,475,10,0,29,109,23,1,111,132,10,10,4,5,1,1,36,0,0,0,0,0,0,0,0,0,0,1,1,0,0,0,1,0
29,NEAMŢ,"COLEGIUL TEHNIC ”GHEORGHE CARTIANU”",60,"MUNICIPIUL PIATRA-NEAMŢ",120726,1,PROV,PRCNCT,CD,CD_SV,"2021-01-21 12:30:02",901,887,14,0,283,269,14,0,1000,717,279,4,0,18,59,16,1,70,81,8,5,4,0,0,0,15,0,0,0,0,0,0,0,0,0,0,0,0,0,1,1,0,0
29,NEAMŢ,"COLEGIUL TEHNIC ”GHEORGHE CARTIANU”",61,"MUNICIPIUL PIATRA-NEAMŢ",120726,1,PROV,PRCNCT,CD,CD_SV,"2021-01-21 12:30:02",1279,1266,13,0,449,436,13,0,1400,951,441,7,1,29,122,22,1,110,91,13,5,3,4,2,0,37,1,0,0,1,0,0,0,0,0,0,0,0,0,0,0,0,0
29,NEAMŢ,"COLEGIUL TEHNIC ”GHEORGHE CARTIANU”",62,"MUNICIPIUL PIATRA-NEAMŢ",120726,1,PROV,PRCNCT,CD,CD_SV,"2021-01-21 12:30:02",1327,1303,24,0,264,240,24,0,1400,1136,255,7,2,15,69,21,0,32,44,8,2,1,4,0,4,46,2,1,0,0,0,0,0,1,0,0,0,0,1,0,1,3,0
29,NEAMŢ,"ŞCOALA GIMNAZIALĂ NR.1",63,"MUNICIPIUL PIATRA-NEAMŢ",120726,1,PROV,PRCNCT,CD,CD_SV,"2021-01-21 12:30:02",1848,1825,23,0,544,521,23,0,2000,1456,533,10,1,47,121,24,0,129,106,16,10,5,2,4,4,60,2,1,0,0,0,0,0,0,0,0,0,0,0,0,1,1,0
29,NEAMŢ,"GRĂDINIȚA CU PROGRAM NORMAL NR.19",64,"MUNICIPIUL PIATRA-NEAMŢ",120726,1,PROV,PRCNCT,CD,CD_SV,"2021-01-21 12:30:02",863,849,14,0,271,257,14,0,904,633,258,12,1,24,66,14,0,36,41,6,7,0,12,5,2,41,0,0,0,0,0,0,1,0,0,0,0,0,0,1,0,0,2
29,NEAMŢ,"LICEUL TEHNOLOGIC ”DIMITRIE LEONIDA”",65,"MUNICIPIUL PIATRA-NEAMŢ",120726,1,PROV,PRCNCT,CD,CD_SV,"2021-01-21 12:30:02",1406,1388,18,0,369,351,18,0,1500,1131,341,25,3,26,89,15,0,59,68,13,12,0,4,4,2,39,0,1,1,0,0,0,1,0,2,0,0,0,0,1,1,0,3
29,NEAMŢ,"LICEUL TEHNOLOGIC ”DIMITRIE LEONIDA”",66,"MUNICIPIUL PIATRA-NEAMŢ",120726,1,PROV,PRCNCT,CD,CD_SV,"2021-01-21 12:30:02",1261,1249,12,0,420,408,12,0,1400,980,382,32,6,30,148,23,0,33,43,5,6,3,3,4,3,67,2,0,1,0,0,0,0,0,0,2,0,2,0,1,1,1,4
29,NEAMŢ,"LICEUL TEHNOLOGIC ”DIMITRIE LEONIDA” CORP B",67,"MUNICIPIUL PIATRA-NEAMŢ",120726,1,PROV,PRCNCT,CD,CD_SV,"2021-01-21 12:30:02",1067,1048,18,1,343,324,18,1,1200,857,325,13,5,11,59,13,2,75,82,4,9,3,4,3,1,48,1,0,1,1,1,0,0,0,2,0,0,1,1,1,1,1,0
29,NEAMŢ,"ȘCOALA GIMNAZIALĂ ”DANIELA CUCIUC”",68,"MUNICIPIUL PIATRA-NEAMŢ",120726,2,PART,PRCNCT,CD,CD_SV,"2021-01-21 12:30:02",1759,1738,20,1,410,389,20,1,1900,1490,397,10,3,30,89,26,0,82,76,8,13,3,3,2,2,59,0,0,0,0,0,0,0,1,0,0,0,2,0,0,0,0,1
29,NEAMŢ,"ȘCOALA GIMNAZIALĂ ”DANIELA CUCIUC”",69,"MUNICIPIUL PIATRA-NEAMŢ",120726,1,PROV,PRCNCT,CD,CD_SV,"2021-01-21 12:30:02",1001,981,20,0,290,270,20,0,1100,810,283,6,1,20,82,18,0,59,46,13,6,1,0,2,0,33,2,0,0,0,0,0,0,0,0,0,0,1,0,0,0,0,0
29,NEAMŢ,"ȘCOALA GIMNAZIALĂ ”DANIELA CUCIUC”",70,"MUNICIPIUL PIATRA-NEAMŢ",120726,1,PROV,PRCNCT,CD,CD_SV,"2021-01-21 12:30:02",1240,1227,13,0,356,343,13,0,1300,944,346,9,1,15,80,23,1,67,109,10,4,1,0,3,1,31,0,1,0,0,0,0,0,0,0,0,0,0,0,0,0,0,0
29,NEAMŢ,"ȘCOALA GIMNAZIALĂ ”DANIELA CUCIUC”",71,"MUNICIPIUL PIATRA-NEAMŢ",120726,1,PROV,PRCNCT,CD,CD_SV,"2021-01-21 12:30:02",893,886,7,0,277,270,7,0,1000,723,265,12,0,14,70,7,0,71,56,6,4,2,3,1,0,29,0,0,0,0,0,1,0,0,0,0,0,1,0,0,0,0,0
29,NEAMŢ,"ȘCOALA GIMNAZIALĂ ”DANIELA CUCIUC”",72,"MUNICIPIUL PIATRA-NEAMŢ",120726,1,PROV,PRCNCT,CD,CD_SV,"2021-01-21 12:30:02",1715,1696,19,0,371,352,19,0,1900,1529,362,8,1,21,89,18,0,67,73,3,5,2,2,3,3,73,1,0,0,0,0,0,1,0,0,0,0,0,1,0,0,0,0
29,NEAMŢ,"GRĂDINIŢA CU PROGRAM PRELUNGIT ”FLOARE DE COLŢ”",73,"MUNICIPIUL PIATRA-NEAMŢ",120726,1,PROV,PRCNCT,CD,CD_SV,"2021-01-21 12:30:02",1502,1494,7,1,404,396,7,1,1600,1196,388,14,2,32,116,13,0,72,82,10,7,6,2,3,2,38,2,0,2,0,0,0,1,0,0,0,0,0,0,0,0,0,0
29,NEAMŢ,"GRĂDINIŢA CU PROGRAM PRELUNGIT ”FLOARE DE COLŢ”",74,"MUNICIPIUL PIATRA-NEAMŢ",120726,1,PROV,PRCNCT,CD,CD_SV,"2021-01-21 12:30:02",1278,1263,15,0,393,378,15,0,1400,1007,391,1,1,23,134,20,2,61,80,1,13,5,0,5,1,41,1,1,0,0,1,0,0,0,1,0,0,0,0,0,0,0,1
29,NEAMŢ,"GRĂDINIŢA CU PROGRAM NORMAL NR.1",75,"MUNICIPIUL PIATRA-NEAMŢ",120726,1,PROV,PRCNCT,CD,CD_SV,"2021-01-21 12:30:02",1521,1506,15,0,469,454,15,0,1700,1231,457,9,3,30,126,22,0,79,119,13,13,0,3,3,3,34,2,0,1,0,0,0,0,0,2,1,0,1,0,0,1,2,2
29,NEAMŢ,"COLEGIUL NAŢIONAL ”ROMAN VODĂ” - CORP A",76,"MUNICIPIUL ROMAN",120860,1,PROV,PRCNCT,CD,CD_SV,"2021-01-21 12:30:02",1255,1224,31,0,357,326,31,0,1300,943,347,10,0,8,118,9,0,65,106,6,4,2,0,3,1,22,1,0,0,0,0,0,0,0,1,0,0,0,0,0,1,0,0
29,NEAMŢ,"GRĂDINIŢA DE COPII NR. 2 CU PROGRAM PRELUNGIT",77,"MUNICIPIUL ROMAN",120860,2,PART,PRCNCT,CD,CD_SV,"2021-01-21 12:30:02",1220,1184,13,23,449,413,13,23,1300,851,432,13,4,26,147,15,0,77,110,5,7,2,2,3,1,32,1,1,0,0,0,0,1,0,0,0,0,0,1,0,1,0,0
29,NEAMŢ,"GRĂDINIŢA DE COPII NR. 6 CU PROGRAM PRELUNGIT",78,"MUNICIPIUL ROMAN",120860,1,PROV,PRCNCT,CD,CD_SV,"2021-01-21 12:30:02",1241,1229,12,0,400,388,12,0,1400,1000,390,7,3,11,113,10,0,56,140,2,10,0,1,3,0,36,5,0,0,0,1,0,0,0,0,0,0,0,0,2,0,0,0
29,NEAMŢ,"ŞCOALA GIMNAZIALĂ ”CALISTRAT HOGAŞ”",79,"MUNICIPIUL ROMAN",120860,1,PROV,PRCNCT,CD,CD_SV,"2021-01-21 12:30:02",1694,1666,28,0,392,364,28,0,1799,1407,372,15,5,8,119,9,2,65,88,3,7,0,0,2,1,62,2,0,1,0,0,0,1,0,1,0,0,0,0,0,0,1,0
29,NEAMŢ,"ŞCOALA GIMNAZIALĂ ”CALISTRAT HOGAŞ”",80,"MUNICIPIUL ROMAN",120860,1,PROV,PRCNCT,CD,CD_SV,"2021-01-21 12:30:02",1145,1129,16,0,282,266,16,0,1200,918,272,7,3,7,96,14,0,33,58,5,4,2,2,3,1,44,0,0,0,0,0,0,1,0,1,0,0,0,1,0,0,0,0
29,NEAMŢ,"ŞCOALA GIMNAZIALĂ ”CALISTRAT HOGAŞ”",81,"MUNICIPIUL ROMAN",120860,1,PROV,PRCNCT,CD,CD_SV,"2021-01-21 12:30:02",1981,1966,15,0,303,288,15,0,2200,1897,292,11,0,9,90,12,0,44,71,2,6,2,0,5,0,44,3,0,0,0,0,0,0,0,0,0,0,1,0,2,0,0,1
29,NEAMŢ,"CENTRUL DE PERMANENŢĂ DE LA DISPENSARUL MEDICAL NR. 6",82,"MUNICIPIUL ROMAN",120860,1,PROV,PRCNCT,CD,CD_SV,"2021-01-21 12:30:02",1262,1252,9,1,277,267,9,1,1400,1123,268,6,3,10,73,11,1,30,87,1,6,2,0,2,3,37,1,1,2,0,0,0,0,0,0,0,0,0,0,1,0,0,0
29,NEAMŢ,"AGENŢIA PENTRU PROTECŢIA MEDIULUI",83,"MUNICIPIUL ROMAN",120860,2,PART,PRCNCT,CD,CD_SV,"2021-01-21 12:30:02",1271,1258,13,0,326,313,13,0,1400,1074,305,16,5,6,97,16,0,41,81,5,1,0,3,3,1,44,1,1,2,0,0,0,1,0,0,0,0,0,0,0,0,1,1
29,NEAMŢ,"GRĂDINIŢA DE COPII NR. 6 CU PROGRAM NORMAL",84,"MUNICIPIUL ROMAN",120860,1,PROV,PRCNCT,CD,CD_SV,"2021-01-21 12:30:02",1410,1391,19,0,433,414,19,0,1500,1067,422,7,4,19,106,8,0,71,133,11,11,1,4,4,4,44,0,1,0,0,0,0,1,0,1,0,0,0,0,2,1,0,0
29,NEAMŢ,"LICEUL TEHNOLOGIC „VASILE SAV”",85,"MUNICIPIUL ROMAN",120860,1,PROV,PRCNCT,CD,CD_SV,"2021-01-21 12:30:02",1108,1088,20,0,280,260,20,0,1200,920,277,3,0,6,100,11,0,42,76,3,2,1,0,1,3,29,0,0,1,0,0,0,0,0,0,0,0,0,0,0,1,1,0
29,NEAMŢ,"LICEUL TEHNOLOGIC „VASILE SAV”",86,"MUNICIPIUL ROMAN",120860,1,PROV,PRCNCT,CD,CD_SV,"2021-01-21 12:30:02",1034,1020,11,3,251,237,11,3,1100,849,248,3,0,7,82,7,0,38,78,4,8,1,0,0,0,23,0,0,0,0,0,0,0,0,0,0,0,0,0,0,0,0,0
29,NEAMŢ,"CIRCUMSCRIPTIA SANITAR VETERINARA",87,"MUNICIPIUL ROMAN",120860,1,PROV,PRCNCT,CD,CD_SV,"2021-01-21 12:30:02",1240,1232,8,0,293,285,8,0,1400,1107,273,17,3,7,74,14,1,14,87,4,1,0,0,6,3,49,3,0,0,0,1,0,0,0,0,0,0,0,2,3,0,2,2
29,NEAMŢ,"ŞCOALA GIMNAZIALĂ ”CAROL I”",88,"MUNICIPIUL ROMAN",120860,1,PROV,PRCNCT,CD,CD_SV,"2021-01-21 12:30:02",1451,1435,14,2,387,371,14,2,1600,1213,374,11,2,12,140,16,1,35,82,4,4,2,0,3,2,63,0,0,0,0,0,0,1,1,1,0,1,1,0,2,1,0,2
29,NEAMŢ,"ŞCOALA GIMNAZIALĂ ”CAROL I”",89,"MUNICIPIUL ROMAN",120860,1,PROV,PRCNCT,CD,CD_SV,"2021-01-21 12:30:02",1394,1389,5,0,421,416,5,0,1500,1079,412,9,0,19,119,10,2,49,117,4,7,1,0,1,2,73,0,0,0,0,0,0,0,0,4,1,0,0,0,2,1,0,0
29,NEAMŢ,"ŞCOALA DE ARTĂ ”SERGIU CELIBIDACHE” - CORP A",90,"MUNICIPIUL ROMAN",120860,1,PROV,PRCNCT,CD,CD_SV,"2021-01-21 12:30:02",1300,1289,11,0,335,324,11,0,1400,1065,327,8,0,12,91,18,0,47,94,2,5,0,0,6,0,49,0,1,0,0,0,0,0,0,0,0,1,1,0,0,0,0,0
29,NEAMŢ,"ŞCOALA DE ARTĂ ”SERGIU CELIBIDACHE” - CORP A",91,"MUNICIPIUL ROMAN",120860,1,PROV,PRCNCT,CD,CD_SV,"2021-01-21 12:30:02",1390,1371,19,0,423,404,19,0,1500,1077,412,10,1,11,133,22,0,37,126,5,6,2,0,3,3,56,1,0,1,0,0,0,0,0,1,1,0,1,0,0,3,0,0
29,NEAMŢ,"ŞCOALA DE ARTĂ ”SERGIU CELIBIDACHE” - CORP B",92,"MUNICIPIUL ROMAN",120860,1,PROV,PRCNCT,CD,CD_SV,"2021-01-21 12:30:02",1410,1398,11,1,363,351,11,1,1500,1137,357,3,3,12,108,16,0,54,99,6,6,3,0,3,2,36,0,2,1,0,0,1,0,0,0,1,0,1,0,4,2,0,0
29,NEAMŢ,"GRĂDINIŢA DE COPII NR. 4 CU PROGRAM NORMAL",93,"MUNICIPIUL ROMAN",120860,1,PROV,PRCNCT,CD,CD_SV,"2021-01-21 12:30:02",1391,1376,15,0,403,388,15,0,1500,1097,389,14,0,19,114,24,1,57,96,9,5,4,0,8,2,43,1,0,0,0,0,0,0,0,1,0,0,0,1,2,1,1,0
29,NEAMŢ,"GRĂDINIŢA DE COPII NR. 5 CU PROGRAM PRELUNGIT",94,"MUNICIPIUL ROMAN",120860,1,PROV,PRCNCT,CD,CD_SV,"2021-01-21 12:30:02",1539,1529,10,0,475,465,10,0,1700,1225,461,14,0,11,150,15,1,80,131,7,8,3,1,4,1,40,1,0,1,0,0,0,0,0,1,0,0,0,1,0,4,1,0
29,NEAMŢ,"CREŞA SMIRODAVA",95,"MUNICIPIUL ROMAN",120860,1,PROV,PRCNCT,CD,CD_SV,"2021-01-21 12:30:02",1368,1357,10,1,352,341,10,1,1500,1148,341,10,1,11,129,15,0,39,98,4,7,0,0,2,0,34,0,1,0,0,0,0,0,0,0,0,0,0,0,0,1,0,0
29,NEAMŢ,"GRĂDINIŢA DE COPII NR. 1 CU PROGRAM PRELUNGIT",96,"MUNICIPIUL ROMAN",120860,1,PROV,PRCNCT,CD,CD_SV,"2021-01-21 12:30:02",1406,1394,12,0,356,344,12,0,1500,1144,347,9,0,5,105,18,0,54,101,8,5,2,0,1,3,40,0,2,0,0,0,0,0,0,0,0,1,0,0,0,1,1,0
29,NEAMŢ,"GRĂDINIŢA DE COPII NR. 1 CU PROGRAM PRELUNGIT",97,"MUNICIPIUL ROMAN",120860,1,PROV,PRCNCT,CD,CD_SV,"2021-01-21 12:30:02",1412,1402,10,0,370,360,10,0,1597,1227,360,9,1,13,114,14,0,53,98,5,7,0,0,3,3,45,1,0,2,1,0,0,0,0,0,0,0,0,0,0,0,0,1
29,NEAMŢ,"ŞCOALA GIMNAZIALĂ ”MIHAI EMINESCU”",98,"MUNICIPIUL ROMAN",120860,1,PROV,PRCNCT,CD,CD_SV,"2021-01-21 12:30:02",1389,1359,17,13,430,400,17,13,1500,1070,416,10,4,15,136,16,0,59,90,7,8,2,1,5,1,61,3,1,1,0,0,0,2,0,1,0,0,1,0,1,1,3,1
29,NEAMŢ,"COLEGIUL TEHNIC „MIRON COSTIN”",99,"MUNICIPIUL ROMAN",120860,1,PROV,PRCNCT,CD,CD_SV,"2021-01-21 12:30:02",1293,1275,18,0,240,222,18,0,1400,1160,232,7,1,6,61,10,0,26,57,6,4,0,1,4,0,50,3,0,0,0,0,0,0,0,0,0,0,1,0,0,1,1,1
29,NEAMŢ,"LICEUL CU PROGRAM SPORTIV",100,"MUNICIPIUL ROMAN",120860,1,PROV,PRCNCT,CD,CD_SV,"2021-01-21 12:30:02",1093,1077,16,0,297,281,16,0,1200,903,289,6,2,10,110,11,0,28,82,1,4,1,0,1,3,34,2,0,0,0,0,1,0,0,1,0,0,0,0,0,0,0,0
29,NEAMŢ,"ŞCOALA GIMNAZIALĂ ”VASILE ALECSANDRI” - LOCAL NOU",101,"MUNICIPIUL ROMAN",120860,1,PROV,PRCNCT,CD,CD_SV,"2021-01-21 12:30:02",1245,1231,14,0,358,344,14,0,1300,942,348,10,0,10,103,18,0,53,109,3,6,4,2,3,1,30,0,0,0,0,0,0,0,0,0,0,0,0,0,4,2,0,0
29,NEAMŢ,"ŞCOALA GIMNAZIALĂ ”VASILE ALECSANDRI” - LOCAL NOU",102,"MUNICIPIUL ROMAN",120860,1,PROV,PRCNCT,CD,CD_SV,"2021-01-21 12:30:02",1459,1422,37,0,430,393,37,0,1600,1170,422,5,3,16,132,12,0,71,121,6,10,5,1,6,0,35,1,0,0,0,0,0,0,0,2,0,0,1,0,0,2,1,0
29,NEAMŢ,"CENTRUL DE ÎNGRIJIRE ŞI ASISTENŢĂ BĂTRÂNI (DISPENSAR 7)",103,"MUNICIPIUL ROMAN",120860,1,PROV,PRCNCT,CD,CD_SV,"2021-01-21 12:30:02",1779,1764,15,0,623,608,15,0,1900,1277,604,17,2,18,147,25,1,85,212,6,11,1,0,5,2,78,1,5,0,0,0,0,2,0,0,0,0,0,0,2,3,0,0
29,NEAMŢ,"DIRECŢIA DE ASISTENŢĂ SOCIALĂ ROMAN",104,"MUNICIPIUL ROMAN",120860,1,PROV,PRCNCT,CD,CD_SV,"2021-01-21 12:30:02",1082,1072,10,0,326,316,10,0,1200,874,321,4,1,8,107,12,0,42,94,1,7,0,3,2,0,42,1,1,0,0,0,0,0,0,0,0,0,0,0,1,0,0,0
29,NEAMŢ,"LICEUL TEOLOGIC „EPISCOP MELCHISEDEC”",105,"MUNICIPIUL ROMAN",120860,1,PROV,PRCNCT,CD,CD_SV,"2021-01-21 12:30:02",1306,1295,11,0,362,351,11,0,1400,1038,354,7,1,9,116,12,0,52,131,3,3,4,1,0,0,20,0,0,0,0,0,0,0,0,0,0,0,0,0,0,1,1,1
29,NEAMŢ,"ŞCOALA GIMNAZIALĂ ”ROMAN MUŞAT”",106,"MUNICIPIUL ROMAN",120860,1,PROV,PRCNCT,CD,CD_SV,"2021-01-21 12:30:02",1331,1302,29,0,388,359,29,0,1400,1012,379,8,1,10,109,22,1,79,97,1,5,4,0,4,2,43,0,0,0,0,0,0,0,0,0,0,0,0,0,0,1,1,0
29,NEAMŢ,"ŞCOALA GIMNAZIALĂ ”ROMAN MUŞAT”",107,"MUNICIPIUL ROMAN",120860,1,PROV,PRCNCT,CD,CD_SV,"2021-01-21 12:30:02",1276,1255,21,0,305,284,21,0,1400,1095,299,4,2,10,96,15,1,53,76,5,3,0,0,4,0,33,0,0,0,0,0,0,0,0,0,0,0,0,0,2,0,1,0
29,NEAMŢ,"ŞCOALA GIMNAZIALĂ ”ROMAN MUŞAT”",108,"MUNICIPIUL ROMAN",120860,1,PROV,PRCNCT,CD,CD_SV,"2021-01-21 12:30:02",1406,1390,16,0,402,386,16,0,1500,1098,386,15,1,11,117,11,0,87,90,5,8,1,0,5,1,46,0,0,0,1,0,0,0,0,0,0,0,0,0,0,1,2,0
29,NEAMŢ,"GRĂDINIŢA DE COPII NR. 5 CU PROGRAM NORMAL",109,"MUNICIPIUL ROMAN",120860,1,PROV,PRCNCT,CD,CD_SV,"2021-01-21 12:30:02",1533,1522,10,1,461,450,10,1,1700,1239,450,9,2,13,137,26,0,77,141,10,6,2,0,2,0,33,1,1,0,0,0,0,0,0,0,0,0,0,0,0,1,0,0
29,NEAMŢ,"ŞCOALA GIMNAZIALĂ ”COSTACHE NEGRI” - LOCAL NOU",110,"MUNICIPIUL ROMAN",120860,1,PROV,PRCNCT,CD,CD_SV,"2021-01-21 12:30:02",969,945,23,1,283,259,23,1,1100,817,273,9,1,14,69,7,1,40,91,2,3,1,0,2,1,39,1,2,0,0,0,0,0,0,0,0,0,0,0,0,0,0,0
29,NEAMŢ,"ŞCOALA GIMNAZIALĂ ”COSTACHE NEGRI” - LOCAL NOU",111,"MUNICIPIUL ROMAN",120860,1,PROV,PRCNCT,CD,CD_SV,"2021-01-21 12:30:02",1464,1436,26,2,433,405,26,2,1600,1167,418,13,2,16,125,20,1,37,105,5,7,0,0,5,1,69,1,21,1,0,0,0,0,0,0,0,0,2,0,1,0,1,0
29,NEAMŢ,"COLEGIUL TEHNIC „PETRU PONI” - CORP A",112,"MUNICIPIUL ROMAN",120860,1,PROV,PRCNCT,CD,CD_SV,"2021-01-21 12:30:02",1270,1237,33,0,344,311,33,0,1400,1056,330,11,3,8,86,14,0,44,95,3,8,1,4,0,4,59,0,1,0,0,0,0,0,0,1,0,0,0,0,0,1,1,0
29,NEAMŢ,"COLEGIUL TEHNIC „PETRU PONI” - CORP B",113,"MUNICIPIUL ROMAN",120860,1,PROV,PRCNCT,CD,CD_SV,"2021-01-21 12:30:02",1481,1454,27,0,500,473,27,0,1600,1100,484,15,1,19,131,14,0,98,143,6,7,1,3,3,1,45,0,4,0,0,0,0,0,1,1,1,0,0,0,2,3,1,0
29,NEAMŢ,"ŞCOALA GIMNAZIALĂ „ALEXANDRU IOAN CUZA”(ŞCOALA NR. 5)",114,"MUNICIPIUL ROMAN",120860,1,PROV,PRCNCT,CD,CD_SV,"2021-01-21 12:30:02",1571,1544,27,0,485,458,27,0,1700,1215,469,16,0,10,125,15,1,82,138,3,13,2,1,3,0,71,0,2,1,0,0,0,0,0,0,1,0,0,0,0,1,0,0
29,NEAMŢ,"ŞCOALA GIMNAZIALĂ „ALEXANDRU IOAN CUZA”(ŞCOALA NR. 5)",115,"MUNICIPIUL ROMAN",120860,1,PROV,PRCNCT,CD,CD_SV,"2021-01-21 12:30:02",1303,1289,14,0,382,368,14,0,1400,1018,372,9,1,15,96,7,1,57,114,10,7,3,2,2,1,49,1,0,0,2,1,0,0,0,1,0,0,1,0,0,1,0,1
29,NEAMŢ,"ŞCOALA GIMNAZIALĂ „ALEXANDRU IOAN CUZA” CORP C(GRĂDINIŢA DE COPII NR. 3 CU PROGRAM PRELUNGIT)",116,"MUNICIPIUL ROMAN",120860,1,PROV,PRCNCT,CD,CD_SV,"2021-01-21 12:30:02",1312,1289,23,0,433,410,23,0,1400,967,426,6,1,12,117,21,0,74,122,3,11,1,0,2,2,54,2,1,2,0,0,0,0,0,0,0,0,0,0,0,0,1,1
29,NEAMŢ,"ŞCOALA GIMNAZIALĂ „ALEXANDRU IOAN CUZA” CORP B(GRĂDINIŢA DE COPII NR. 12 CU PROGRAM NORMAL)",117,"MUNICIPIUL ROMAN",120860,2,PART,PRCNCT,CD,CD_SV,"2021-01-21 12:30:02",1237,1221,16,0,392,376,16,0,1400,1008,381,6,5,12,98,14,0,68,113,8,8,5,1,4,2,46,1,0,0,0,0,0,0,0,0,0,0,1,0,0,0,0,0
29,NEAMŢ,"COLEGIUL TEHNIC „DANUBIANA”",118,"MUNICIPIUL ROMAN",120860,1,PROV,PRCNCT,CD,CD_SV,"2021-01-21 12:30:02",1337,1324,13,0,356,343,13,0,1500,1144,337,12,7,20,90,10,1,45,107,5,4,1,0,0,3,36,4,2,2,0,0,0,0,0,0,1,0,0,1,0,1,2,2
29,NEAMŢ,"PRIMARIA ORASULUI BICAZ",119,"ORAŞ BICAZ",120968,1,PROV,PRCNCT,CD,CD_SV,"2021-01-21 12:30:02",1154,1137,17,0,348,331,17,0,1199,851,340,5,3,15,140,14,0,45,77,2,6,1,7,0,1,28,2,0,0,0,0,0,1,0,0,0,0,0,0,0,0,1,0
29,NEAMŢ,"SCOALA GENERALA NR. 1 MARCENI",120,"ORAŞ BICAZ",120968,2,PART,PRCNCT,CD,CD_SV,"2021-01-21 12:30:02",777,766,9,2,262,251,9,2,1000,738,260,1,1,20,116,6,0,39,47,5,1,1,0,3,0,20,0,0,0,0,0,0,1,0,0,0,0,1,0,0,0,0,0
29,NEAMŢ,"SCOALA GENERALA NR. 1 MARCENI",121,"ORAŞ BICAZ",120968,1,PROV,PRCNCT,CD,CD_SV,"2021-01-21 12:30:02",1208,1192,16,0,306,290,16,0,1299,993,293,10,3,14,118,10,1,47,47,5,3,2,0,5,0,38,1,1,0,0,0,0,0,0,0,0,1,0,0,0,0,0,0
29,NEAMŢ,"LICEUL CAROL I",122,"ORAŞ BICAZ",120968,1,PROV,PRCNCT,CD,CD_SV,"2021-01-21 12:30:02",1094,1073,21,0,347,326,21,0,1200,853,337,7,3,20,121,9,0,58,65,11,6,1,0,7,0,34,0,1,1,0,0,0,0,0,1,1,0,0,1,0,0,0,0
29,NEAMŢ,"SCOALA GENERALA NR.2 DODENI",123,"ORAŞ BICAZ",120968,1,PROV,PRCNCT,CD,CD_SV,"2021-01-21 12:30:02",960,953,7,0,200,193,7,0,1000,800,192,6,2,5,75,8,0,16,35,2,2,0,0,2,0,43,0,0,0,0,0,0,0,0,1,1,0,0,1,1,0,0,0
29,NEAMŢ,"SCOALA GENERALA NR.2 DODENI",124,"ORAŞ BICAZ",120968,1,PROV,PRCNCT,CD,CD_SV,"2021-01-21 12:30:02",1061,1039,14,8,229,207,14,8,1100,871,216,11,2,4,60,16,0,21,46,8,1,1,0,5,2,43,2,0,0,0,0,0,0,1,0,0,1,0,0,2,0,0,3
29,NEAMŢ,"CENTRUL CULTURAL IZVORU MUNTELUI",125,"ORAŞ BICAZ",120968,1,PROV,PRCNCT,CD,CD_SV,"2021-01-21 12:30:02",426,405,21,0,147,126,21,0,500,353,143,4,0,7,52,1,0,9,34,1,5,0,0,3,0,28,0,0,0,0,0,0,0,0,1,0,0,1,1,0,0,0,0
29,NEAMŢ,"SCOALA GENERALA NR.1 MARCENI",126,"ORAŞ BICAZ",120968,1,PROV,PRCNCT,CD,CD_SV,"2021-01-21 12:30:02",129,115,14,0,46,32,14,0,200,154,43,2,1,2,15,2,0,10,7,1,2,0,0,1,1,1,0,0,0,0,0,0,0,0,0,0,0,1,0,0,0,0,0
29,NEAMŢ,"SCOALA GENERALA NR.1 MARCENI",127,"ORAŞ BICAZ",120968,1,PROV,PRCNCT,CD,CD_SV,"2021-01-21 12:30:02",213,203,10,0,69,59,10,0,300,231,67,2,0,2,25,0,0,11,17,1,1,0,0,1,0,7,0,0,0,0,0,0,1,0,1,0,0,0,0,0,0,0,0
29,NEAMŢ,"SCOALA GENERALA NR.1 MARCENI",128,"ORAŞ BICAZ",120968,1,PROV,PRCNCT,CD,CD_SV,"2021-01-21 12:30:02",77,68,9,0,26,17,9,0,100,74,25,0,1,1,10,1,0,6,5,0,1,0,0,0,0,0,0,1,0,0,0,0,0,0,0,0,0,0,0,0,0,0,0
29,NEAMŢ,"ȘCOALA GENERALĂ ROZNOV",129,"ORAŞ ROZNOV",124117,1,PROV,PRCNCT,CD,CD_SV,"2021-01-21 12:30:02",1762,1720,42,0,498,456,42,0,1900,1402,476,21,1,25,162,45,1,41,111,4,4,2,2,9,3,59,0,0,0,0,1,0,2,0,0,0,0,2,0,0,0,0,3
29,NEAMŢ,"GARA ROZNOV",130,"ORAŞ ROZNOV",124117,1,PROV,PRCNCT,CD,CD_SV,"2021-01-21 12:30:02",1597,1531,66,0,495,429,66,0,1700,1205,461,27,7,22,111,41,1,47,128,7,5,2,3,7,7,64,0,0,0,0,0,0,0,1,1,0,1,2,0,2,2,2,5
29,NEAMŢ,"CĂMINUL PENTRU PERSOANE VÂRSTNICE ROZNOV",131,"ORAŞ ROZNOV",124117,1,PROV,PRCNCT,CD,CD_SV,"2021-01-21 12:30:02",1383,1349,32,2,368,334,32,2,1500,1132,341,22,5,17,76,39,0,33,79,2,5,2,3,5,5,67,2,1,0,0,0,0,0,0,2,0,0,0,1,1,0,1,0
29,NEAMŢ,"ȘCOALA GENERALĂ CHINTINICI",132,"ORAŞ ROZNOV",124117,1,PROV,PRCNCT,CD,CD_SV,"2021-01-21 12:30:02",984,958,26,0,304,278,26,0,1100,796,295,8,1,15,99,14,0,27,77,1,2,1,0,6,1,47,1,1,0,0,0,0,0,0,1,0,0,2,0,0,0,0,0
29,NEAMŢ,"DISPENSAR MEDICAL SLOBOZIA",133,"ORAŞ ROZNOV",124117,1,PROV,PRCNCT,CD,CD_SV,"2021-01-21 12:30:02",1454,1431,22,1,399,376,22,1,1600,1201,387,11,1,13,74,49,1,36,97,4,7,2,3,6,4,77,2,0,1,0,0,0,1,0,2,0,0,2,0,0,0,3,3
29,NEAMŢ,"ȘCOALA GENERALĂ SLOBOZIA",134,"ORAŞ ROZNOV",124117,1,PROV,PRCNCT,CD,CD_SV,"2021-01-21 12:30:02",1373,1315,58,0,431,373,58,0,1500,1069,405,22,4,6,96,103,1,26,68,7,6,2,2,9,4,62,5,0,0,0,0,0,0,0,1,0,0,1,0,0,3,2,1
29,NEAMŢ,"SALA DE SPORT PARC CETATE",135,"ORAŞ TÂRGU-NEAMŢ",121055,1,PROV,PRCNCT,CD,CD_SV,"2021-01-21 12:30:02",802,780,22,0,312,290,22,0,900,588,305,5,2,29,142,6,0,34,47,4,6,2,1,2,0,25,2,0,1,0,0,1,0,0,0,0,0,2,1,0,0,0,0
29,NEAMŢ,"GRĂDINIŢA CU PROGRAM PRELUNGIT NR.2",136,"ORAŞ TÂRGU-NEAMŢ",121055,1,PROV,PRCNCT,CD,CD_SV,"2021-01-21 12:30:02",528,506,15,7,180,158,15,7,600,420,168,7,5,12,68,11,1,18,24,5,2,1,0,3,1,20,0,0,0,0,0,0,2,0,0,0,0,0,0,0,0,0,0
29,NEAMŢ,"SCOALA GIMNAZIALĂ DOMNEASCĂ ”GRIGORE GHICA VODĂ”",137,"ORAŞ TÂRGU-NEAMŢ",121055,1,PROV,PRCNCT,CD,CD_SV,"2021-01-21 12:30:02",1735,1693,25,17,561,519,25,17,1900,1339,547,11,3,33,223,15,1,70,114,13,9,1,1,3,2,54,1,0,1,0,0,0,1,0,1,1,0,2,1,0,0,0,0
29,NEAMŢ,"LICEUL ”VASILE CONTA”",138,"ORAŞ TÂRGU-NEAMŢ",121055,1,PROV,PRCNCT,CD,CD_SV,"2021-01-21 12:30:02",1667,1642,25,0,504,479,25,0,1800,1296,495,7,2,14,222,27,0,73,77,9,9,2,0,4,4,49,1,0,0,0,0,0,0,0,0,0,0,0,1,1,2,0,0
29,NEAMŢ,"COLEGIUL NAŢIONAL ”ŞTEFAN CEL MARE”, CORP B, SALA 1",139,"ORAŞ TÂRGU-NEAMŢ",121055,1,PROV,PRCNCT,CD,CD_SV,"2021-01-21 12:30:02",1647,1625,22,0,475,453,22,0,1800,1325,464,9,2,21,213,19,0,58,76,10,7,0,2,3,0,48,3,0,2,0,0,0,0,0,0,0,0,0,0,1,0,0,1
29,NEAMŢ,"COLEGIUL NAŢIONAL ”ŞTEFAN CEL MARE”, CORP B, SALA 2 (FOSTA SECŢIE DE LA CASA CULTURII)",140,"ORAŞ TÂRGU-NEAMŢ",121055,1,PROV,PRCNCT,CD,CD_SV,"2021-01-21 12:30:02",1641,1624,15,2,472,455,15,2,1800,1328,462,9,1,28,192,22,0,43,112,9,7,3,1,2,1,38,1,0,0,0,0,0,0,0,1,0,0,0,0,1,1,0,0
29,NEAMŢ,"COLEGIUL NAŢIONAL ”ŞTEFAN CEL MARE”, CORP A, SALA 1",141,"ORAŞ TÂRGU-NEAMŢ",121055,1,PROV,PRCNCT,CD,CD_SV,"2021-01-21 12:30:02",1916,1893,23,0,598,575,23,0,2100,1502,582,14,2,32,259,23,1,64,103,6,10,3,1,3,1,74,0,0,0,0,0,0,0,0,0,0,0,0,2,0,0,0,0
29,NEAMŢ,"CLUBUL COPIILOR",142,"ORAŞ TÂRGU-NEAMŢ",121055,1,PROV,PRCNCT,CD,CD_SV,"2021-01-21 12:30:02",1817,1797,20,0,584,564,20,0,2000,1416,564,20,0,26,254,21,3,79,103,9,4,2,0,4,1,47,2,1,0,0,1,1,0,0,2,0,0,0,0,0,0,0,4
29,NEAMŢ,"COLEGIUL TEHNIC ”ION CREANGĂ”, CORP B",143,"ORAŞ TÂRGU-NEAMŢ",121055,1,PROV,PRCNCT,CD,CD_SV,"2021-01-21 12:30:02",608,601,7,0,213,206,7,0,700,487,211,2,0,8,85,6,0,26,37,3,4,2,0,1,0,34,0,1,0,0,0,0,0,0,0,1,0,0,0,1,0,0,2
29,NEAMŢ,"COLEGIUL TEHNIC ”ION CREANGĂ”, CORP B",144,"ORAŞ TÂRGU-NEAMŢ",121055,1,PROV,PRCNCT,CD,CD_SV,"2021-01-21 12:30:02",1962,1938,24,0,418,394,24,0,2100,1682,401,16,1,11,165,11,2,50,57,5,11,1,4,3,3,69,2,1,0,0,0,1,1,0,1,0,0,0,1,0,1,0,1
29,NEAMŢ,"CĂMINUL CULTURAL LOC.BLEBEA",145,"ORAŞ TÂRGU-NEAMŢ",121055,1,PROV,PRCNCT,CD,CD_SV,"2021-01-21 12:30:02",684,669,15,0,252,237,15,0,700,448,245,5,2,4,98,12,0,23,30,3,2,1,0,4,1,60,0,0,2,0,0,1,0,0,0,0,1,1,1,1,0,0,0
29,NEAMŢ,"ŞCOALA GIMNAZIALĂ ”ION CREANGĂ”, CORP B, LOC. HUMULEŞTI",146,"ORAŞ TÂRGU-NEAMŢ",121055,1,PROV,PRCNCT,CD,CD_SV,"2021-01-21 12:30:02",1592,1569,23,0,470,447,23,0,1703,1233,439,27,4,12,173,12,1,38,86,6,3,3,0,3,1,62,0,0,0,0,0,2,25,0,0,0,1,2,0,1,0,0,8
29,NEAMŢ,"ŞCOALA GIMNAZIALĂ ”ION CREANGĂ”, CORP A, LOC. HUMULEŞTI",147,"ORAŞ TÂRGU-NEAMŢ",121055,1,PROV,PRCNCT,CD,CD_SV,"2021-01-21 12:30:02",1705,1686,19,0,458,439,19,0,1900,1442,451,6,1,18,165,9,1,64,98,11,9,0,1,6,4,62,1,0,1,0,0,0,0,0,0,0,0,0,0,0,1,0,0
29,NEAMŢ,"ŞCOALA GIMNAZIALĂ ”ION CREANGĂ”, CORP A1, LOC. HUMULEŞTI",148,"ORAŞ TÂRGU-NEAMŢ",121055,2,PART,PRCNCT,CD,CD_SV,"2021-01-21 12:30:02",515,492,23,0,132,109,23,0,600,468,127,4,1,7,68,4,0,3,25,1,1,0,0,1,0,17,0,0,0,0,0,0,0,0,0,0,0,0,0,0,0,0,0
29,NEAMŢ,"ŞCOALA GIMNAZIALĂ NICOLAE GRIGORESCU AGAPIA",149,AGAPIA,121108,1,PROV,PRCNCT,CD,CD_SV,"2021-01-21 12:30:02",1473,1454,18,1,461,442,18,1,1600,1139,441,17,3,13,165,21,0,42,48,4,5,0,1,5,2,131,0,0,0,0,0,0,0,1,1,0,1,0,0,0,0,0,1
29,NEAMŢ,"ŞCOALA GIMNAZIALĂ MIHAI EMINESCU FILIOARA",150,AGAPIA,121108,1,PROV,PRCNCT,CD,CD_SV,"2021-01-21 12:30:02",857,847,9,1,297,287,9,1,900,603,291,3,3,8,117,8,0,19,61,7,7,1,3,5,0,52,0,0,0,0,0,0,1,0,0,0,0,2,0,0,0,0,0
29,NEAMŢ,"ŞCOALA PRIMARĂ SĂCĂLUŞEŞTI",151,AGAPIA,121108,2,PART,PRCNCT,CD,CD_SV,"2021-01-21 12:30:02",552,538,14,0,166,152,14,0,600,434,163,3,0,4,68,4,0,23,34,2,1,0,0,1,0,24,0,0,0,0,0,0,0,0,1,0,0,0,0,0,0,1,0
29,NEAMŢ,"ŞCOALA NOUĂ VĂRATEC",152,AGAPIA,121108,1,PROV,PRCNCT,CD,CD_SV,"2021-01-21 12:30:02",804,713,35,56,333,242,35,56,800,467,310,19,4,14,136,3,0,5,41,8,6,0,0,3,1,89,1,0,1,0,0,0,0,0,0,0,0,1,0,0,0,0,1
29,NEAMŢ,"SEDIUL S.V.S.U.",153,"ALEXANDRU CEL BUN",124938,1,PROV,PRCNCT,CD,CD_SV,"2021-01-21 12:30:02",1003,940,33,30,331,268,33,30,1000,669,319,10,2,11,94,17,1,70,78,6,3,3,0,1,1,29,1,2,1,0,0,0,0,0,0,0,0,0,0,0,0,1,0
29,NEAMŢ,"SCOALA GIMNAZIALĂ VADURI",154,"ALEXANDRU CEL BUN",124938,1,PROV,PRCNCT,CD,CD_SV,"2021-01-21 12:30:02",895,861,34,0,281,247,34,0,1000,719,276,5,0,11,82,10,2,50,64,4,4,9,1,2,1,30,2,0,1,0,0,1,0,0,1,0,0,0,1,0,0,0,0
29,NEAMŢ,"SCOALA GIMNAZIALĂ VADURI",155,"ALEXANDRU CEL BUN",124938,1,PROV,PRCNCT,CD,CD_SV,"2021-01-21 12:30:02",1865,1824,40,1,592,551,40,1,2000,1408,580,10,2,45,120,24,3,113,147,27,13,7,3,4,4,63,1,1,0,0,0,0,0,0,2,0,0,2,1,0,0,0,0
29,NEAMŢ,"SCOALA GIMNAZIALĂ VADURI",156,"ALEXANDRU CEL BUN",124938,1,PROV,PRCNCT,CD,CD_SV,"2021-01-21 12:30:02",1128,1107,21,0,368,347,21,0,1200,832,358,10,0,20,84,8,1,51,93,4,5,20,0,4,1,59,0,0,0,0,0,0,0,0,1,0,0,1,0,0,1,2,3
29,NEAMŢ,"ȘCOALA GIMNAZIALĂ VADURI (CLĂDIREA FOSTEI ȘCOLI DIN SATUL AGÂRCIA)",157,"ALEXANDRU CEL BUN",124938,1,PROV,PRCNCT,CD,CD_SV,"2021-01-21 12:30:02",310,281,29,0,130,101,29,0,300,170,125,5,0,16,51,6,0,11,23,0,1,0,0,1,1,12,0,0,0,0,0,0,0,0,1,0,0,0,0,0,0,2,0
29,NEAMŢ,"CĂMINUL CULTURAL,LOCALITATEA BAHNA",158,BAHNA,121153,1,PROV,PRCNCT,CD,CD_SV,"2021-01-21 12:30:02",549,524,19,6,193,168,19,6,600,407,182,7,4,1,102,1,0,12,51,1,1,0,0,1,1,10,0,0,0,0,0,0,0,0,0,0,0,1,0,0,0,0,0
29,NEAMŢ,"GRĂDINIŢĂ CU PROGRAM NORMAL,LOCALITATEA BROŞTENI",159,BAHNA,121153,1,PROV,PRCNCT,CD,CD_SV,"2021-01-21 12:30:02",435,369,35,31,225,159,35,31,400,175,222,0,3,2,71,5,0,7,116,3,1,0,1,1,1,6,5,0,0,0,0,0,1,0,1,0,0,0,0,0,0,1,0
29,NEAMŢ,"FOSTA ŞCOALA CU CLASELE I-IV,LOCALITATEA ŢUŢCANII DIN VALE",160,BAHNA,121153,1,PROV,PRCNCT,CD,CD_SV,"2021-01-21 12:30:02",262,240,11,11,125,103,11,11,300,175,120,2,3,2,39,1,0,1,58,3,1,0,0,2,3,5,1,0,0,0,0,0,0,0,1,0,0,0,0,1,2,0,0
29,NEAMŢ,"GRĂDINIŢA CU PROGRAM NORMAL,LOCALITATEA BĂHNIŞOARA",161,BAHNA,121153,1,PROV,PRCNCT,CD,CD_SV,"2021-01-21 12:30:02",379,362,12,5,162,145,12,5,400,238,154,7,1,0,47,3,0,2,75,1,4,1,0,2,1,13,1,0,1,0,1,0,0,0,1,0,0,0,0,0,0,0,1
29,NEAMŢ,"ŞCOALA GIMNAZIALĂ,LOCALITATEA IZVOARE",162,BAHNA,121153,1,PROV,PRCNCT,CD,CD_SV,"2021-01-21 12:30:02",1102,1061,12,29,374,338,12,24,1200,826,340,28,6,2,177,1,1,3,97,2,0,0,1,5,2,43,0,0,1,0,0,0,0,0,0,0,0,0,0,1,0,3,1
29,NEAMŢ,"PRIMĂRIA COMUNEI BĂLŢĂTEŞTI",163,BĂLŢĂTEŞTI,121242,2,PART,PRCNCT,CD,CD_SV,"2021-01-21 12:30:02",1741,1718,19,4,466,443,19,4,1900,1434,455,7,4,18,133,22,0,47,85,17,21,3,1,8,5,88,0,1,0,0,0,0,2,0,0,0,0,2,0,0,1,1,0
29,NEAMŢ,"ŞCOALA GIMNAZIALĂ",164,BĂLŢĂTEŞTI,121242,1,PROV,PRCNCT,CD,CD_SV,"2021-01-21 12:30:02",1232,1209,18,5,337,314,18,5,1300,963,325,5,7,7,66,20,1,25,104,14,3,2,1,6,3,65,1,0,1,0,0,0,0,1,1,0,0,0,1,0,0,1,2
29,NEAMŢ,"CASA DE PRĂZNUIRE A PAROHIEI VALEA ARINI",165,BĂLŢĂTEŞTI,121242,1,PROV,PRCNCT,CD,CD_SV,"2021-01-21 12:30:02",517,501,16,0,135,119,16,0,600,465,122,7,6,6,23,1,0,6,28,1,11,1,0,5,1,32,2,0,0,0,0,0,1,0,1,0,0,1,0,0,0,2,0
29,NEAMŢ,"PRIMĂRIA BÎRGĂUANI",166,BÂRGĂUANI,121466,1,PROV,PRCNCT,CD,CD_SV,"2021-01-21 12:30:02",453,438,15,0,143,128,15,0,500,357,139,1,3,2,76,4,1,5,30,1,1,0,0,2,0,13,1,0,0,0,0,0,0,0,1,0,0,0,0,0,1,1,0
29,NEAMŢ,"FOSTA GRĂDINIȚĂ DE COPII BÎRGĂUANI DEAL",167,BÂRGĂUANI,121466,1,PROV,PRCNCT,CD,CD_SV,"2021-01-21 12:30:02",496,463,31,2,183,150,31,2,500,317,177,3,3,3,102,5,2,5,27,3,1,0,0,8,0,14,2,0,0,0,0,1,0,0,0,1,0,0,1,0,0,2,0
29,NEAMŢ,"FOSTA ȘCOALĂ PRIMARĂ BREAZA",168,BÂRGĂUANI,121466,1,PROV,PRCNCT,CD,CD_SV,"2021-01-21 12:30:02",180,169,11,0,74,63,11,0,200,126,71,3,0,9,34,5,0,4,8,1,1,0,0,3,0,4,1,0,0,0,0,0,0,0,0,0,0,0,1,0,0,0,0
29,NEAMŢ,"FOSTA ȘCOALĂ PRIMARĂ CERTIENI",169,BÂRGĂUANI,121466,1,PROV,PRCNCT,CD,CD_SV,"2021-01-21 12:30:02",183,163,20,0,76,56,20,0,200,124,73,0,3,11,19,7,1,4,15,5,1,0,0,2,0,5,1,0,0,0,0,0,0,0,0,0,0,0,0,0,0,1,1
29,NEAMŢ,"CĂMINUL CULTURAL HÎRTOP",170,BÂRGĂUANI,121466,2,PART,PRCNCT,CD,CD_SV,"2021-01-21 12:30:02",198,184,14,0,80,66,14,0,200,120,77,1,2,4,18,7,1,3,20,3,4,0,2,2,0,7,0,0,0,0,0,0,0,0,0,0,0,0,1,0,1,0,4
29,NEAMŢ,"ȘCOALA PRIMARĂ BĂLĂNEȘTI",171,BÂRGĂUANI,121466,1,PROV,PRCNCT,CD,CD_SV,"2021-01-21 12:30:02",545,527,18,0,126,108,18,0,600,474,118,5,3,6,33,13,0,1,27,3,1,1,0,2,4,23,1,0,1,0,0,0,1,0,0,0,0,1,0,0,0,0,0
29,NEAMŢ,"ȘCOALA PRIMARĂ TALPA",172,BÂRGĂUANI,121466,1,PROV,PRCNCT,CD,CD_SV,"2021-01-21 12:30:02",572,548,24,0,147,123,24,0,600,453,138,5,4,9,44,14,0,6,30,2,2,0,0,5,2,20,0,1,0,0,0,0,0,0,1,0,0,0,0,0,1,1,0
29,NEAMŢ,"FOSTA ȘCOALĂ PRIMARĂ VLĂDICENI",173,BÂRGĂUANI,121466,1,PROV,PRCNCT,CD,CD_SV,"2021-01-21 12:30:02",495,475,20,0,144,124,20,0,500,356,133,9,2,4,57,9,0,7,20,3,4,0,1,10,1,12,0,0,2,0,1,0,1,0,0,0,0,1,0,0,0,0,0
29,NEAMŢ,"CAMIN CULTURAL",174,BICAZ-CHEI,121297,1,PROV,PRCNCT,CD,CD_SV,"2021-01-21 12:30:02",1168,1140,28,0,323,295,28,0,1200,877,308,11,4,6,79,10,1,31,93,7,1,0,10,2,2,59,2,0,1,0,0,0,0,1,0,0,0,0,0,1,1,1,0
29,NEAMŢ,"SCOALA GIMNAZIALA NR. 2",175,BICAZ-CHEI,121297,1,PROV,PRCNCT,CD,CD_SV,"2021-01-21 12:30:02",805,781,24,0,260,236,24,0,900,640,251,3,6,1,73,8,0,10,71,4,3,0,15,4,3,56,1,0,0,0,0,0,0,0,0,0,0,0,1,1,0,0,0
29,NEAMŢ,"SCOALA GIMNAZIALA NR.1",176,BICAZ-CHEI,121297,1,PROV,PRCNCT,CD,CD_SV,"2021-01-21 12:30:02",1045,1034,11,0,336,325,11,0,1100,764,321,13,2,6,88,17,1,19,121,2,2,0,5,4,2,51,1,0,1,0,0,0,0,0,1,0,0,0,0,0,0,0,0
29,NEAMŢ,"SCOALA GIMNAZIALA NR.3",177,BICAZ-CHEI,121297,1,PROV,PRCNCT,CD,CD_SV,"2021-01-21 12:30:02",713,702,11,0,293,282,11,0,800,507,285,3,5,3,82,22,0,7,120,3,1,1,8,1,0,31,0,0,0,0,0,0,0,0,1,0,1,0,0,0,1,2,1
29,NEAMŢ,"ȘCOALA GIMNAZIALĂ NR. 1",178,"BICAZU ARDELEAN",121340,1,PROV,PRCNCT,CD,CD_SV,"2021-01-21 12:30:02",1358,1344,13,1,320,306,13,1,1500,1180,305,9,6,8,44,11,0,31,103,3,2,1,8,4,3,75,3,0,0,0,1,0,0,0,0,1,0,2,2,0,0,3,0
29,NEAMŢ,"ŞCOALA GIMNAZIALA NR.2",179,"BICAZU ARDELEAN",121340,1,PROV,PRCNCT,CD,CD_SV,"2021-01-21 12:30:02",1088,1079,9,0,278,269,9,0,1200,922,269,8,1,1,45,9,1,22,122,4,4,0,2,3,0,54,0,0,0,0,0,0,0,0,0,0,0,0,1,0,0,1,0
29,NEAMŢ,"GRĂDINIȚA CU PROGRAM NORMAL NR. 1",180,"BICAZU ARDELEAN",121340,1,PROV,PRCNCT,CD,CD_SV,"2021-01-21 12:30:02",436,422,14,0,160,146,14,0,500,340,150,6,4,2,33,3,0,15,46,3,1,1,0,5,0,39,0,0,0,0,0,0,0,0,0,0,0,0,1,0,1,0,0
29,NEAMŢ,"ȘCOALA PRIMARĂ NOUĂ TICOȘ",181,"BICAZU ARDELEAN",121340,1,PROV,PRCNCT,CD,CD_SV,"2021-01-21 12:30:02",267,244,23,0,111,88,23,0,300,189,109,1,1,2,28,1,1,6,50,1,0,0,0,0,0,18,0,0,0,0,0,0,0,0,0,1,0,0,0,0,0,0,1
29,NEAMŢ,"CĂMINUL CULTURAL BÎRA",182,BIRA,121386,1,PROV,PRCNCT,CD,CD_SV,"2021-01-21 12:30:02",652,638,14,0,179,165,14,0,700,521,174,5,0,6,54,2,0,25,39,3,2,1,0,4,2,32,1,1,0,0,0,0,0,0,0,0,0,0,2,0,0,0,0
29,NEAMŢ,"GRĂDINIȚA REDIU",183,BIRA,121386,1,PROV,PRCNCT,CD,CD_SV,"2021-01-21 12:30:02",560,551,9,0,187,178,9,0,600,413,179,6,2,1,68,4,0,18,41,4,2,0,1,4,2,32,0,0,1,0,0,0,0,1,0,0,0,0,0,0,0,0,0
29,NEAMŢ,"SCOALA PRIMARA NR.2 REDIU",184,BIRA,121386,1,PROV,PRCNCT,CD,CD_SV,"2021-01-21 12:30:02",249,235,14,0,86,72,14,0,300,214,81,3,2,1,44,3,0,4,14,2,0,0,1,2,3,5,0,0,0,0,0,0,0,0,0,0,0,0,1,0,0,1,0
29,NEAMŢ,"CLADIRE FOSTA SCOALA PRIMARA",185,BIRA,121386,1,PROV,PRCNCT,CD,CD_SV,"2021-01-21 12:30:02",173,159,14,0,73,59,14,0,200,127,70,2,1,3,27,0,0,5,23,1,1,1,0,2,0,2,2,0,0,0,0,0,0,0,0,1,1,0,0,0,0,1,0
29,NEAMŢ,"ŞCOALA CU CLASELE I-IV",186,BODEŞTI,121607,1,PROV,PRCNCT,CD,CD_SV,"2021-01-21 12:30:02",906,888,18,0,250,232,18,0,999,749,244,5,1,21,110,3,0,17,38,4,8,2,0,1,1,34,1,1,1,0,1,0,0,0,0,0,0,0,0,0,0,1,0
29,NEAMŢ,"ŞCOALA CU CLASELE I-IV",187,BODEŞTI,121607,1,PROV,PRCNCT,CD,CD_SV,"2021-01-21 12:30:02",861,846,15,0,247,232,15,0,900,653,238,9,0,23,111,8,1,23,30,3,3,2,3,5,0,24,0,0,0,0,0,0,0,0,0,0,0,1,0,0,0,1,0
29,NEAMŢ,ŞCOALA,188,BODEŞTI,121607,1,PROV,PRCNCT,CD,CD_SV,"2021-01-21 12:30:02",135,106,29,0,80,51,29,0,200,120,73,4,3,3,46,2,0,1,7,1,0,2,0,3,1,4,0,0,0,0,0,0,0,0,1,0,0,1,0,0,0,1,0
29,NEAMŢ,ŞCOALA,189,BODEŞTI,121607,1,PROV,PRCNCT,CD,CD_SV,"2021-01-21 12:30:02",798,773,25,0,234,209,25,0,900,666,226,4,4,15,99,4,4,31,37,3,10,3,0,7,0,12,0,0,1,0,0,0,0,0,0,0,0,0,0,0,0,0,0
29,NEAMŢ,"GRĂDINIŢĂ - (CĂTUNĂ)",190,BODEŞTI,121607,1,PROV,PRCNCT,CD,CD_SV,"2021-01-21 12:30:02",528,510,18,0,130,112,18,0,600,470,127,2,1,10,52,6,0,7,26,2,8,0,1,2,1,9,0,0,1,0,0,0,0,0,0,0,0,2,0,0,0,0,0
29,NEAMŢ,"ŞCOALA CU CLASELE I-VIII",191,BODEŞTI,121607,1,PROV,PRCNCT,CD,CD_SV,"2021-01-21 12:30:02",753,737,16,0,231,215,16,0,800,569,213,12,6,9,123,2,2,8,28,1,2,1,1,8,0,23,0,0,0,1,0,1,0,0,1,0,0,0,1,0,0,0,1
29,NEAMŢ,"ȘCOALA GIMNAZIALĂ BOGHICEA",192,BOGHICEA,125178,1,PROV,PRCNCT,CD,CD_SV,"2021-01-21 12:30:02",1015,1007,8,0,234,226,8,0,1100,866,220,10,4,5,95,3,1,33,38,1,2,0,0,7,1,27,1,1,0,0,0,0,0,0,0,0,1,1,0,0,0,3,0
29,NEAMŢ,"ȘCOALA GIMNAZIALĂ SLOBOZIA",193,BOGHICEA,125178,1,PROV,PRCNCT,CD,CD_SV,"2021-01-21 12:30:02",594,582,11,1,198,186,11,1,700,502,183,8,7,3,94,2,0,6,43,2,0,2,0,6,1,18,1,0,0,0,0,0,0,0,1,0,0,1,1,0,0,1,1
29,NEAMŢ,"ȘCOALA PRIMARĂ CĂUȘENI",194,BOGHICEA,125178,1,PROV,PRCNCT,CD,CD_SV,"2021-01-21 12:30:02",164,149,15,0,74,59,15,0,200,126,67,3,4,1,41,0,0,3,10,1,0,0,0,2,0,6,0,0,0,0,0,0,1,0,1,0,0,0,1,0,0,0,0
29,NEAMŢ,"ȘCOALA PRIMARĂ NISTRIA",195,BOGHICEA,125178,1,PROV,PRCNCT,CD,CD_SV,"2021-01-21 12:30:02",227,216,11,0,106,95,11,0,300,194,97,3,6,2,43,1,0,2,41,0,0,0,1,2,0,2,0,0,0,0,0,0,1,0,0,0,0,0,2,0,0,0,0
29,NEAMŢ,"LICEUL ”MIHAIL SADOVEANU”(CORPUL B)",196,BORCA,121652,1,PROV,PRCNCT,CD,CD_SV,"2021-01-21 12:30:02",900,876,24,0,301,277,24,0,1000,699,289,7,5,8,150,17,0,7,20,3,2,2,0,5,0,65,0,0,0,0,0,0,2,0,1,0,0,1,1,0,1,2,2
29,NEAMŢ,"SALA DE FESTIVITĂŢI MADEI",197,BORCA,121652,1,PROV,PRCNCT,CD,CD_SV,"2021-01-21 12:30:02",886,871,15,0,341,326,15,0,1000,659,333,5,3,2,161,13,0,12,30,3,4,0,2,5,2,97,0,0,0,0,0,0,0,0,0,0,0,0,0,0,0,1,1
29,NEAMŢ,"ŞCOALA PRIMARĂ NR.3 LOCALITATEA PÎRÎUL CÎRJEI",198,BORCA,121652,1,PROV,PRCNCT,CD,CD_SV,"2021-01-21 12:30:02",595,587,8,0,178,170,8,0,700,522,176,1,1,0,102,17,0,7,13,0,2,0,0,1,0,33,0,0,0,0,0,0,0,0,0,0,0,0,1,0,0,0,0
29,NEAMŢ,"GRĂDINIŢA CU PROGRAM NORMAL - BORCA CENTRU",199,BORCA,121652,1,PROV,PRCNCT,CD,CD_SV,"2021-01-21 12:30:02",800,776,24,0,330,306,24,0,800,470,323,4,3,3,143,17,0,12,49,0,9,0,0,2,1,84,0,0,0,0,0,0,1,0,0,0,0,0,0,0,0,2,0
29,NEAMŢ,"CĂMIN CULTURAL SABASA",200,BORCA,121652,2,PART,PRCNCT,CD,CD_SV,"2021-01-21 12:30:02",927,920,7,0,363,356,7,0,1000,637,339,24,0,6,182,17,0,11,17,1,2,0,0,3,1,92,0,0,0,0,0,4,0,1,0,0,0,0,0,0,0,1,1
29,NEAMŢ,"ŞCOALA PRIMARĂ NR.2 LOCALITATEA PÎRÎUL PÎNTEI",201,BORCA,121652,1,PROV,PRCNCT,CD,CD_SV,"2021-01-21 12:30:02",432,423,9,0,172,163,9,0,500,328,170,2,0,0,88,7,1,4,32,0,3,2,0,2,1,28,0,0,0,1,0,0,0,0,0,0,0,0,0,0,0,1,0
29,NEAMŢ,"ŞCOALA PRIMARĂ NR.1 LOCALITATEA SOCI",202,BORCA,121652,1,PROV,PRCNCT,CD,CD_SV,"2021-01-21 12:30:02",736,726,10,0,265,255,10,0,800,535,258,4,3,4,118,7,0,5,18,3,5,0,0,2,0,92,0,0,0,1,0,0,0,0,0,0,0,0,2,0,0,1,0
29,NEAMŢ,"SCOALA GIMNAZIALĂ BORLEŞTI",203,BORLEŞTI,121732,1,PROV,PRCNCT,CD,CD_SV,"2021-01-21 12:30:02",1530,1517,13,0,334,321,13,0,1700,1366,323,6,5,8,90,11,0,42,63,9,5,1,0,6,2,78,0,0,1,0,0,1,0,0,0,0,0,1,0,1,2,0,2
29,NEAMŢ,"ȘCOALA PRIMARĂ NR. 2 BORLEȘTI",204,BORLEŞTI,121732,1,PROV,PRCNCT,CD,CD_SV,"2021-01-21 12:30:02",817,804,13,0,207,194,13,0,900,693,200,3,4,9,47,8,0,30,46,6,5,2,0,0,1,40,0,0,1,1,0,0,0,0,0,0,0,1,0,0,1,1,1
29,NEAMŢ,"ŞCOALA GIMNAZIALĂ ”ŞTEFAN CEL MARE”",205,BORLEŞTI,121732,1,PROV,PRCNCT,CD,CD_SV,"2021-01-21 12:30:02",1558,1548,10,0,337,327,10,0,1700,1363,325,8,4,6,104,5,0,50,75,5,6,0,0,8,2,60,1,0,0,0,0,0,0,1,0,0,0,0,1,0,0,1,0
29,NEAMŢ,"ŞCOALA GIMNAZIALA ” IOAN GRIGORE TEODORESCU”",206,BORLEŞTI,121732,1,PROV,PRCNCT,CD,CD_SV,"2021-01-21 12:30:02",904,882,22,0,216,194,22,0,1000,784,210,5,1,14,58,4,1,23,41,3,5,1,0,1,1,52,0,0,0,0,0,0,1,0,0,0,0,0,0,0,1,1,3
29,NEAMŢ,"GRĂDINIȚA NR.2",207,BORLEŞTI,121732,1,PROV,PRCNCT,CD,CD_SV,"2021-01-21 12:30:02",1406,1384,21,1,319,297,21,1,1500,1181,303,13,3,2,82,14,1,41,48,12,3,0,1,5,0,82,1,1,1,1,0,1,0,1,0,0,1,0,0,1,1,2,1
29,NEAMŢ,"ȘCOALA PRIMARĂ ȘOVOAIA",208,BORLEŞTI,121732,1,PROV,PRCNCT,CD,CD_SV,"2021-01-21 12:30:02",455,426,29,0,74,45,29,0,500,426,69,4,1,1,26,1,0,11,19,0,1,0,0,2,1,5,1,0,0,0,0,0,0,0,1,0,0,0,0,0,0,0,0
29,NEAMŢ,"”CĂMIN CULTURAL”",209,BORLEŞTI,121732,1,PROV,PRCNCT,CD,CD_SV,"2021-01-21 12:30:02",230,220,10,0,55,45,10,0,300,245,52,2,1,2,18,2,0,7,8,2,4,2,0,0,0,6,0,0,0,0,0,0,0,0,1,0,0,0,0,0,0,0,0
29,NEAMŢ,"GRĂDINIȚA CU PROGRAM NORMAL NR.3",210,BORLEŞTI,121732,1,PROV,PRCNCT,CD,CD_SV,"2021-01-21 12:30:02",839,815,24,0,213,189,24,0,900,687,206,4,3,6,52,16,0,27,46,6,1,1,0,1,1,47,0,0,1,0,0,0,0,0,0,0,0,0,0,0,1,0,0
29,NEAMŢ,"ŞCOALA CU CLASELE I-IV",211,BOTEŞTI,121796,1,PROV,PRCNCT,CD,CD_SV,"2021-01-21 12:30:02",382,368,14,0,133,119,14,0,398,265,124,7,2,6,50,7,1,13,25,0,4,4,0,4,0,8,0,0,0,0,0,0,1,0,0,0,0,1,0,0,0,0,0
29,NEAMŢ,"LICEUL TEHNOLOGIC",212,BOTEŞTI,121796,1,PROV,PRCNCT,CD,CD_SV,"2021-01-21 12:30:02",971,964,7,0,199,192,7,0,1100,901,191,5,3,5,42,3,0,39,69,2,3,2,2,3,3,16,0,0,0,0,1,0,0,0,0,0,0,0,0,0,0,1,0
29,NEAMŢ,"LICEUL TEHNOLOGIC",213,BOTEŞTI,121796,1,PROV,PRCNCT,CD,CD_SV,"2021-01-21 12:30:02",1063,1056,7,0,236,229,7,0,1200,964,227,6,3,6,55,10,0,66,57,2,0,0,1,4,3,14,2,0,0,0,0,0,0,0,0,0,1,1,1,0,1,2,1
29,NEAMŢ,"SCOALA CU CLASELE I-VII",214,BOTEŞTI,121796,1,PROV,PRCNCT,CD,CD_SV,"2021-01-21 12:30:02",1765,1750,15,0,387,372,15,0,1900,1513,380,5,2,6,131,20,0,83,59,6,2,1,1,5,1,59,1,0,0,0,0,0,0,1,0,1,0,0,0,0,1,1,1
29,NEAMŢ,"ȘCOALA GIMNAZIALĂ BOZIENI (ȘCOALA GENERALĂ BOZIENI)",215,BOZIENI,121876,1,PROV,PRCNCT,CD,CD_SV,"2021-01-21 12:30:02",943,903,40,0,306,266,40,0,1000,694,300,1,5,2,66,14,0,25,162,5,1,0,1,5,1,9,1,3,0,0,0,0,1,1,2,0,0,0,0,0,0,1,0
29,NEAMŢ,"ȘCOALA GIMNAZIALĂ BOZIENI - ȘCOALA PRIMARĂ CUCI (ŞCOALA GENERALĂ BOZIENI)",216,BOZIENI,121876,1,PROV,PRCNCT,CD,CD_SV,"2021-01-21 12:30:02",682,666,16,0,184,168,16,0,700,516,172,7,5,2,80,5,0,5,47,2,4,0,0,4,4,14,0,2,1,0,0,1,0,0,0,0,0,0,0,1,0,0,0
29,NEAMŢ,"ȘCOALA GIMNAZIALĂ BOZIENI - ȘCOALA PRIMARĂ IUCȘA (ŞCOALA GENERALĂ BOZIENI)",217,BOZIENI,121876,1,PROV,PRCNCT,CD,CD_SV,"2021-01-21 12:30:02",648,627,21,0,177,156,21,0,700,523,172,2,3,2,42,6,0,6,86,2,1,1,1,3,3,14,0,0,0,0,1,0,0,0,0,1,0,1,1,0,1,0,0
29,NEAMŢ,"ŞCOALA GIMNAZIALĂ „IEREMIA IRIMESCU” BRUSTURI",218,BRUSTURI,121938,1,PROV,PRCNCT,CD,CD_SV,"2021-01-21 12:30:02",1562,1531,29,2,437,406,29,2,1700,1263,419,12,6,6,168,16,0,39,68,14,2,1,0,9,1,87,1,1,0,0,0,1,0,0,3,0,1,0,0,0,0,1,0
29,NEAMŢ,"GRADINITA CU PROGRAM NORMAL GROSI",219,BRUSTURI,121938,1,PROV,PRCNCT,CD,CD_SV,"2021-01-21 12:30:02",398,388,10,0,113,103,10,0,400,287,104,6,3,9,47,1,0,5,19,1,0,1,0,3,0,18,0,0,0,0,0,0,0,0,0,0,0,0,0,0,0,0,0
29,NEAMŢ,"GRADINITA CU PROGRAM NORMAL POIANA",220,BRUSTURI,121938,1,PROV,PRCNCT,CD,CD_SV,"2021-01-21 12:30:02",658,645,13,0,199,186,13,0,700,501,193,2,4,6,103,4,0,4,20,3,0,0,0,6,0,42,1,0,0,0,1,0,0,0,1,0,0,1,1,0,0,0,0
29,NEAMŢ,"ŞCOALA GIMNAZIALĂ „GRIGORE STURZU” TIRZIA",221,BRUSTURI,121938,1,PROV,PRCNCT,CD,CD_SV,"2021-01-21 12:30:02",638,618,20,0,191,171,20,0,700,509,182,6,3,4,72,3,0,13,25,4,1,0,0,1,1,57,0,0,0,0,0,0,0,0,0,1,0,0,0,0,0,0,0
29,NEAMŢ,"ȘCOALA GIMNAZIALĂ",222,CÂNDEŞTI,122061,1,PROV,PRCNCT,CD,CD_SV,"2021-01-21 12:30:02",1319,1297,22,0,297,275,22,0,1400,1103,286,7,4,10,95,12,0,32,66,3,2,0,1,5,2,47,3,1,1,0,0,0,0,1,2,0,0,0,0,0,0,2,1
29,NEAMŢ,"GRĂDINIȚA CU PROGRAM NORMAL",223,CÂNDEŞTI,122061,1,PROV,PRCNCT,CD,CD_SV,"2021-01-21 12:30:02",1081,1069,12,0,207,195,12,0,1200,993,198,7,2,6,65,10,0,31,24,3,4,0,0,1,1,43,0,0,1,1,0,0,0,1,0,1,0,3,1,0,1,1,0
29,NEAMŢ,"GRĂDINIȚA CU PROGRAM NORMAL",224,CÂNDEŞTI,122061,1,PROV,PRCNCT,CD,CD_SV,"2021-01-21 12:30:02",705,694,11,0,174,163,11,0,700,526,164,5,5,7,60,2,0,11,28,2,5,1,1,4,1,36,0,1,1,0,0,1,0,1,0,0,0,0,0,0,0,2,0
29,NEAMŢ,"ȘCOALA PRIMARĂ",225,CÂNDEŞTI,122061,1,PROV,PRCNCT,CD,CD_SV,"2021-01-21 12:30:02",318,307,11,0,82,71,11,0,400,318,78,1,3,2,34,2,0,6,13,0,2,1,0,2,0,14,0,0,1,0,0,0,0,0,0,0,0,0,0,0,0,0,1
29,NEAMŢ,"ȘCOALA PRIMARĂ NR.1",226,CEAHLĂU,122025,1,PROV,PRCNCT,CD,CD_SV,"2021-01-21 12:30:02",620,608,12,0,179,167,12,0,600,421,174,4,1,6,55,2,0,2,72,6,3,0,0,0,1,25,1,0,0,0,0,0,0,0,0,1,0,0,0,0,0,0,0
29,NEAMŢ,"ŞCOALA GRIGORE UNGUREANU",227,CEAHLĂU,122025,1,PROV,PRCNCT,CD,CD_SV,"2021-01-21 12:30:02",1485,1392,52,41,603,512,52,39,1500,897,594,9,0,11,133,14,0,20,309,18,2,2,0,7,5,68,0,0,0,0,0,0,0,0,0,0,0,1,1,0,0,2,1
29,NEAMŢ,"ȘCOALA GIMNAZIALĂ NR. 1 - GRĂDINIŢA CU PROGRAM PRELUNGIT CORDUN",228,CORDUN,120888,1,PROV,PRCNCT,CD,CD_SV,"2021-01-21 12:30:02",1399,1378,18,3,409,388,18,3,1500,1091,392,15,2,9,125,6,0,81,85,2,7,0,0,2,1,68,1,2,0,0,0,0,0,0,1,0,0,0,1,0,1,0,0
29,NEAMŢ,"ȘCOALA GIMNAZIALĂ NR. 1 - GRĂDINIŢA CU PROGRAM PRELUNGIT CORDUN",229,CORDUN,120888,1,PROV,PRCNCT,CD,CD_SV,"2021-01-21 12:30:02",1049,1034,12,3,344,329,12,3,1100,756,332,7,5,9,106,19,0,56,55,4,3,2,1,5,2,64,0,1,0,0,0,0,1,0,2,0,0,1,0,1,0,0,0
29,NEAMŢ,"CĂMINUL CULTURAL",230,CORDUN,120888,1,PROV,PRCNCT,CD,CD_SV,"2021-01-21 12:30:02",740,724,16,0,199,183,16,0,800,601,195,3,1,6,63,8,1,30,37,1,5,0,1,3,3,35,0,0,0,0,0,0,0,0,0,0,0,0,0,0,1,1,0
29,NEAMŢ,"ŞCOALA GIMNAZIALĂ NR.1 PILDEŞTI",231,CORDUN,120888,1,PROV,PRCNCT,CD,CD_SV,"2021-01-21 12:30:02",1772,1752,13,7,561,541,13,7,1900,1339,542,13,6,4,59,3,2,152,252,3,2,3,3,2,3,50,0,0,0,0,0,0,1,0,0,1,0,0,1,0,0,1,0
29,NEAMŢ,"ȘCOALA GIMNAZIALĂ NR. 1 PILDEŞTI",232,CORDUN,120888,1,PROV,PRCNCT,CD,CD_SV,"2021-01-21 12:30:02",1762,1745,5,12,529,512,5,12,1900,1371,519,6,4,2,46,7,1,148,248,10,4,2,1,4,3,37,1,1,0,1,0,0,2,0,0,0,0,1,0,0,0,0,0
29,NEAMŢ,"ŞCOALA GIMNAZIALA SAT COSTISA",233,COSTIŞA,122132,1,PROV,PRCNCT,CD,CD_SV,"2021-01-21 12:30:02",1435,1397,35,3,392,354,35,3,1500,1108,379,5,8,14,162,25,0,27,64,4,7,2,0,7,2,58,1,0,0,0,0,0,1,0,1,0,1,2,1,0,0,0,0
29,NEAMŢ,"ŞCOALA PRIMARA SAT MANOAIA",234,COSTIŞA,122132,1,PROV,PRCNCT,CD,CD_SV,"2021-01-21 12:30:02",763,749,14,0,233,219,14,0,900,667,229,3,1,2,95,6,1,16,39,4,1,0,0,6,2,54,0,1,0,0,0,0,0,0,0,0,0,0,1,1,0,0,0
29,NEAMŢ,"ŞCOALA PRIMARA SAT FRUNZENI",235,COSTIŞA,122132,1,PROV,PRCNCT,CD,CD_SV,"2021-01-21 12:30:02",546,532,14,0,134,120,14,0,600,466,127,4,3,2,49,15,0,3,25,3,0,0,0,4,5,19,1,0,0,0,0,0,0,0,0,0,0,0,0,0,0,1,0
29,NEAMŢ,"CLADIRE ŞCOALĂ",236,COSTIŞA,122132,1,PROV,PRCNCT,CD,CD_SV,"2021-01-21 12:30:02",218,207,11,0,69,58,11,0,300,231,68,0,1,1,33,2,0,2,16,2,2,0,0,1,0,8,0,0,0,0,0,0,0,0,0,0,0,0,0,0,0,1,0
29,NEAMŢ,"ŞCOALA GIMNAZIALĂ ”GHEORGHE SĂVINESCU”",237,CRĂCĂOANI,122187,1,PROV,PRCNCT,CD,CD_SV,"2021-01-21 12:30:02",870,859,11,0,207,196,11,0,1000,793,192,8,7,9,55,13,0,13,37,6,7,1,1,0,1,44,2,0,0,0,0,0,0,0,0,0,1,0,1,1,0,0,0
29,NEAMŢ,"ŞCOALA GIMNAZIALĂ ”GHEORGHE SĂVINESCU”",238,CRĂCĂOANI,122187,1,PROV,PRCNCT,CD,CD_SV,"2021-01-21 12:30:02",940,930,10,0,146,136,10,0,1000,854,141,4,1,7,40,2,0,9,27,3,2,0,0,2,0,44,0,0,0,0,0,0,2,0,0,1,0,0,0,0,0,1,1
29,NEAMŢ,"ŞCOALA GENERALĂ",239,CRĂCĂOANI,122187,1,PROV,PRCNCT,CD,CD_SV,"2021-01-21 12:30:02",587,567,20,0,236,216,20,0,600,364,230,2,4,10,91,18,0,7,50,1,2,0,0,6,6,33,3,0,1,0,0,0,0,0,1,0,0,0,0,0,0,1,0
29,NEAMŢ,"ŞCOALA GENERALĂ",240,CRĂCĂOANI,122187,3,PART,PRCNCT,CD,CD_SV,"2021-01-21 12:30:02",888,875,13,0,210,197,13,0,1000,790,201,3,6,2,61,32,1,15,43,1,1,1,1,2,1,33,1,0,0,0,0,0,0,0,1,0,0,0,3,0,0,2,0
29,NEAMŢ,"ŞCOALA GENERALĂ",241,CRĂCĂOANI,122187,1,PROV,PRCNCT,CD,CD_SV,"2021-01-21 12:30:02",263,252,11,0,96,85,11,0,300,204,89,1,6,4,31,10,0,4,8,1,1,0,0,0,0,28,0,0,0,0,0,0,0,0,0,0,0,0,0,0,0,2,0
29,NEAMŢ,"SCOALA GENERALA",242,DĂMUC,122249,1,PROV,PRCNCT,CD,CD_SV,"2021-01-21 12:30:02",632,615,17,0,210,193,17,0,700,490,203,6,1,7,78,5,0,2,69,5,2,0,0,3,0,31,1,0,0,0,0,0,0,0,0,0,0,0,0,0,0,0,0
29,NEAMŢ,"CAMINUL CULTURAL DAMUC",243,DĂMUC,122249,1,PROV,PRCNCT,CD,CD_SV,"2021-01-21 12:30:02",1298,1284,14,0,364,350,14,0,1400,1036,353,9,2,4,124,9,0,9,115,10,1,0,8,4,6,59,0,1,0,0,0,0,0,0,1,0,0,0,1,0,0,1,0
29,NEAMŢ,"ŞCOALA GENERALĂ",244,DĂMUC,122249,1,PROV,PRCNCT,CD,CD_SV,"2021-01-21 12:30:02",510,497,13,0,190,177,13,0,600,410,187,2,1,3,70,7,1,14,55,4,1,0,2,0,2,25,0,1,0,0,0,0,0,0,0,0,0,1,0,0,1,0,0
29,NEAMŢ,"CĂMINUL CULTURAL DOBRENI",245,DOBRENI,122285,1,PROV,PRCNCT,CD,CD_SV,"2021-01-21 12:30:02",1569,1498,71,0,587,516,71,0,1600,1013,563,18,6,25,259,17,1,74,66,12,3,5,4,4,1,79,1,0,3,0,2,0,0,0,0,0,0,1,1,1,1,2,1
29,NEAMŢ,"CĂMINUL CULTURAL",246,DOCHIA,125098,1,PROV,PRCNCT,CD,CD_SV,"2021-01-21 12:30:02",136,104,32,0,70,38,32,0,200,130,66,3,1,3,24,5,0,8,21,1,1,0,0,0,0,1,1,0,1,0,0,0,0,0,0,0,0,0,0,0,0,0,0
29,NEAMŢ,"ŞCOALA GIMNAZIALĂ NR.1",247,DOCHIA,125098,1,PROV,PRCNCT,CD,CD_SV,"2021-01-21 12:30:02",825,802,23,0,211,188,23,0,900,689,201,6,4,4,71,10,0,9,31,6,2,0,0,3,0,61,0,1,0,0,0,1,1,0,0,0,0,0,0,0,0,1,0
29,NEAMŢ,"ŞCOALA GIMNAZIALĂ NR.1",248,DOCHIA,125098,1,PROV,PRCNCT,CD,CD_SV,"2021-01-21 12:30:02",1119,1097,22,0,315,293,22,0,1200,885,290,16,9,3,109,14,0,11,43,5,1,4,0,3,0,85,2,0,2,0,0,0,0,0,2,0,0,0,0,0,0,5,1
29,NEAMŢ,"ŞCOALA GIMNAZIALĂ NR.1 DOLJEŞTI",249,DOLJEŞTI,122347,1,PROV,PRCNCT,CD,CD_SV,"2021-01-21 12:30:02",1031,1015,15,1,304,288,15,1,1100,796,287,10,7,10,98,13,1,14,96,3,1,0,1,7,3,28,1,0,1,1,0,0,1,0,0,0,0,2,2,0,0,2,2
29,NEAMŢ,"GRĂDINIȚA CU PROGRAM NORMAL ROTUNDA",250,DOLJEŞTI,122347,1,PROV,PRCNCT,CD,CD_SV,"2021-01-21 12:30:02",1316,1294,19,3,311,289,19,3,1400,1089,301,3,7,29,46,3,0,41,157,3,2,0,0,3,3,9,0,0,0,2,0,0,0,0,1,0,0,2,0,0,0,0,0
29,NEAMŢ,"ŞCOALA PRIMARĂ NR.1 BUHONCA",251,DOLJEŞTI,122347,1,PROV,PRCNCT,CD,CD_SV,"2021-01-21 12:30:02",571,560,10,1,142,131,10,1,600,458,139,2,1,8,51,2,0,9,37,2,5,0,0,0,1,17,2,0,0,0,0,0,1,0,0,0,0,2,1,0,1,0,0
29,NEAMŢ,"ŞCOALA GIMNAZIALĂ ”GHEORGHE PATRAŞCU” BURUIENEŞTI, CORP B",252,DOLJEŞTI,122347,1,PROV,PRCNCT,CD,CD_SV,"2021-01-21 12:30:02",1638,1625,12,1,375,362,12,1,1800,1425,357,9,9,10,63,7,2,33,177,7,2,0,0,4,10,30,4,1,1,0,0,0,0,0,0,0,0,0,0,0,1,3,2
29,NEAMŢ,"ŞCOALA GIMNAZIALĂ ”GHEORGHE PATRAŞCU” BURUIENESTI, CORP C",253,DOLJEŞTI,122347,1,PROV,PRCNCT,CD,CD_SV,"2021-01-21 12:30:02",1491,1479,9,3,316,304,9,3,1600,1284,304,5,7,10,47,11,0,29,163,3,5,0,1,3,3,22,3,0,2,0,0,0,0,1,0,0,0,0,0,0,0,1,0
29,NEAMŢ,"GRĂDINIŢA CU PROGRAM NORMAL VAD",254,DRAGOMIREŞTI,122392,1,PROV,PRCNCT,CD,CD_SV,"2021-01-21 12:30:02",718,700,17,1,224,206,17,1,800,576,212,9,3,16,47,2,0,15,66,2,3,2,1,4,0,45,0,0,0,1,0,0,0,0,1,0,0,3,0,0,1,2,1
29,NEAMŢ,"SCOALA GENERALA",255,DRAGOMIREŞTI,122392,1,PROV,PRCNCT,CD,CD_SV,"2021-01-21 12:30:02",134,93,36,5,86,45,36,5,200,114,82,3,1,2,8,4,0,3,48,0,2,0,0,0,0,14,0,0,0,0,0,0,0,1,0,0,0,0,0,0,0,0,0
29,NEAMŢ,"SCOALA GENERALA",256,DRAGOMIREŞTI,122392,1,PROV,PRCNCT,CD,CD_SV,"2021-01-21 12:30:02",178,158,18,2,72,52,18,2,200,128,71,1,0,3,21,6,1,13,16,1,2,0,0,2,1,3,0,0,0,0,0,0,1,0,0,0,0,0,0,0,0,1,0
29,NEAMŢ,"SCOALA GENERALA",257,DRAGOMIREŞTI,122392,2,PART,PRCNCT,CD,CD_SV,"2021-01-21 12:30:02",106,89,17,0,42,25,17,0,100,58,42,0,0,2,13,2,0,5,15,0,2,0,0,0,0,3,0,0,0,0,0,0,0,0,0,0,0,0,0,0,0,0,0
29,NEAMŢ,"ŞCOALA PRIMARĂ HLĂPEŞTI",258,DRAGOMIREŞTI,122392,1,PROV,PRCNCT,CD,CD_SV,"2021-01-21 12:30:02",682,644,38,0,219,181,38,0,700,481,209,3,7,13,43,16,0,6,96,3,2,1,0,3,0,13,2,0,0,1,2,0,0,0,0,0,0,4,3,0,0,0,1
29,NEAMŢ,"SCOALA GIMNAZIALA",259,DRĂGĂNEŞTI,125132,1,PROV,PRCNCT,CD,CD_SV,"2021-01-21 12:30:02",592,562,30,0,225,195,30,0,600,375,218,5,2,5,54,6,0,3,112,7,3,0,0,3,2,19,0,0,0,0,0,0,1,0,0,0,0,0,0,1,0,1,1
29,NEAMŢ,"SCOALA PRIMARA",260,DRĂGĂNEŞTI,125132,1,PROV,PRCNCT,CD,CD_SV,"2021-01-21 12:30:02",304,289,15,0,98,83,15,0,300,202,93,4,1,1,45,1,0,2,24,1,2,0,0,1,2,12,0,0,0,0,0,0,0,0,0,0,0,0,0,0,0,2,0
29,NEAMŢ,"SCOALA PRIMARA",261,DRĂGĂNEŞTI,125132,1,PROV,PRCNCT,CD,CD_SV,"2021-01-21 12:30:02",389,371,18,0,147,129,18,0,400,253,146,0,1,4,33,10,0,4,60,3,2,0,0,1,1,25,0,0,0,0,0,1,0,0,1,0,0,0,0,0,0,1,0
29,NEAMŢ,"ŞCOALA CORHANA",262,DULCEŞTI,122463,1,PROV,PRCNCT,CD,CD_SV,"2021-01-21 12:30:02",506,491,12,3,170,155,12,3,600,430,160,6,4,17,37,41,1,13,32,2,1,0,0,5,1,6,1,0,0,0,0,0,0,0,1,0,0,0,1,0,0,0,1
29,NEAMŢ,"ŞCOALA CÎRLIG",263,DULCEŞTI,122463,1,PROV,PRCNCT,CD,CD_SV,"2021-01-21 12:30:02",483,448,20,15,192,157,20,15,500,308,187,3,2,7,83,39,0,8,16,1,3,2,0,16,2,4,0,1,0,0,0,0,1,0,0,0,0,0,2,2,0,0,0
29,NEAMŢ,"ŞCOALA ROŞIORI",264,DULCEŞTI,122463,1,PROV,PRCNCT,CD,CD_SV,"2021-01-21 12:30:02",290,274,14,2,118,102,14,2,300,182,117,0,1,8,40,3,0,4,46,0,1,0,0,2,1,9,0,0,0,0,0,0,0,0,3,0,0,0,0,0,0,0,0
29,NEAMŢ,"ŞCOALA GIMNAZIALA DULCESTI",265,DULCEŞTI,122463,1,PROV,PRCNCT,CD,CD_SV,"2021-01-21 12:30:02",955,909,29,17,381,335,29,17,1000,619,365,12,4,79,159,6,0,9,59,4,2,1,0,6,4,31,0,0,0,1,0,0,0,0,1,0,0,0,0,1,0,1,1
29,NEAMŢ,"SCOALA GIMNAZIALA NR 4 BRASAUTI",266,"DUMBRAVA ROŞIE",120771,1,PROV,PRCNCT,CD,CD_SV,"2021-01-21 12:30:02",616,590,26,0,198,172,26,0,700,502,190,6,2,4,63,19,0,12,32,0,0,0,0,4,2,46,2,0,1,0,1,1,1,0,0,0,0,1,0,0,0,1,0
29,NEAMŢ,"SCOALA GIMNAZIALA NR. 1 DUMBRAVA ROSIE",267,"DUMBRAVA ROŞIE",120771,1,PROV,PRCNCT,CD,CD_SV,"2021-01-21 12:30:02",1612,1587,25,0,476,451,25,0,1700,1224,464,10,2,21,120,40,0,78,109,8,5,0,4,5,2,66,1,1,1,0,0,0,0,0,1,0,0,0,1,0,0,1,0
29,NEAMŢ,"SCOALA GIMNAZIALA NR. 1 DUMBRAVA ROSIE",268,"DUMBRAVA ROŞIE",120771,1,PROV,PRCNCT,CD,CD_SV,"2021-01-21 12:30:02",1746,1720,26,0,429,403,26,0,1900,1471,412,12,5,10,85,36,1,74,76,10,6,3,9,3,4,86,1,0,0,0,0,1,0,1,1,0,0,0,0,2,1,0,2
29,NEAMŢ,"SCOALA GIMNAZIALA NR. 2 IZVOARE",269,"DUMBRAVA ROŞIE",120771,2,PART,PRCNCT,CD,CD_SV,"2021-01-21 12:30:02",1066,1034,32,0,320,288,32,0,1100,780,306,11,3,15,68,8,0,46,78,3,4,1,1,1,2,71,0,1,0,0,0,0,0,0,0,0,0,2,1,0,0,3,1
29,NEAMŢ,"SCOALA GIMNAZIALA NR. 3 CUT",270,"DUMBRAVA ROŞIE",120771,1,PROV,PRCNCT,CD,CD_SV,"2021-01-21 12:30:02",933,908,25,0,233,208,25,0,1000,767,228,5,0,11,48,9,0,22,54,1,2,6,2,0,1,61,0,1,3,0,0,0,0,0,1,0,0,2,0,1,1,2,0
29,NEAMŢ,"SCOALA GIMNAZIALA NR 3 CUT",271,"DUMBRAVA ROŞIE",120771,1,PROV,PRCNCT,CD,CD_SV,"2021-01-21 12:30:02",1262,1254,8,0,337,329,8,0,1400,1063,313,20,4,20,73,12,1,31,88,10,10,0,0,3,2,52,3,1,0,0,0,0,2,0,0,1,0,1,0,0,1,2,0
29,NEAMŢ,"ŞCOALA GIMNAZIALA ” IOAN LUCA ” FARCASA",272,FARCAŞA,122551,1,PROV,PRCNCT,CD,CD_SV,"2021-01-21 12:30:02",1142,1123,19,0,374,355,19,0,1200,826,364,5,5,13,120,33,1,16,91,9,6,1,0,6,2,61,0,1,0,0,0,0,1,0,1,0,0,0,0,0,0,2,0
29,NEAMŢ,"CĂMINUL CULTURAL",273,FARCAŞA,122551,1,PROV,PRCNCT,CD,CD_SV,"2021-01-21 12:30:02",769,754,15,0,286,271,15,0,800,514,275,10,1,5,118,10,1,6,72,4,3,0,3,5,1,38,1,0,0,0,0,1,0,0,1,1,0,2,0,0,1,2,0
29,NEAMŢ,"CĂMINUL CULTURAL",274,FARCAŞA,122551,1,PROV,PRCNCT,CD,CD_SV,"2021-01-21 12:30:02",641,633,8,0,257,249,8,0,700,443,251,4,2,6,86,21,0,6,78,7,2,0,0,4,1,38,0,0,0,0,0,0,0,0,0,0,1,0,0,0,0,1,0
29,NEAMŢ,"SCOALA PRIMARA BUDESTI",275,FĂUREI,122613,1,PROV,PRCNCT,CD,CD_SV,"2021-01-21 12:30:02",911,887,24,0,286,262,24,0,1000,714,277,6,3,4,118,33,0,10,67,2,2,1,0,5,1,29,0,1,0,0,0,0,0,0,0,0,0,1,0,1,0,2,0
29,NEAMŢ,"SCOALA GIMNAZIALA, COMUNA FAUREI",276,FĂUREI,122613,1,PROV,PRCNCT,CD,CD_SV,"2021-01-21 12:30:02",621,610,11,0,186,175,11,0,700,514,177,5,4,14,67,5,0,12,47,2,1,1,0,3,1,20,1,0,0,0,0,0,0,0,0,0,1,0,0,1,0,0,1
29,NEAMŢ,"BIBLIOTECA COMUNALA FAUREI",277,FĂUREI,122613,1,PROV,PRCNCT,CD,CD_SV,"2021-01-21 12:30:02",230,217,13,0,59,46,13,0,300,241,57,2,0,9,16,1,0,4,15,2,1,0,0,0,1,4,0,0,0,0,0,0,0,0,0,0,0,0,2,0,0,2,0
29,NEAMŢ,"SCOALA GIMNAZIALA GADINTI (CORP 1)",278,GÂDINŢI,125150,1,PROV,PRCNCT,CD,CD_SV,"2021-01-21 12:30:02",1005,996,9,0,207,198,9,0,1100,893,199,3,5,4,93,2,1,10,40,4,2,2,0,6,0,28,2,0,1,0,0,0,1,0,0,0,0,0,0,1,0,2,0
29,NEAMŢ,"SCOALA GIMNAZIALA GADINTI (CORP 2)",279,GÂDINŢI,125150,2,PART,PRCNCT,CD,CD_SV,"2021-01-21 12:30:02",1043,1035,8,0,194,186,8,0,1100,906,187,4,3,7,83,7,0,11,37,2,2,1,0,3,1,26,0,0,1,0,0,0,1,0,0,0,0,2,0,0,0,3,0
29,NEAMŢ,"ŞCOALA GIMNAZIALĂ ”EPISCOP MELCHISEDEC ŞTEFĂNESCU”, CORP A",280,GÂRCINA,122828,1,PROV,PRCNCT,CD,CD_SV,"2021-01-21 12:30:02",1228,1209,19,0,343,324,19,0,1300,957,335,7,1,121,62,11,0,36,45,10,4,3,0,4,3,30,1,0,1,0,0,0,1,0,2,0,0,1,0,0,0,0,0
29,NEAMŢ,"ŞCOALA ALMAŞ",281,GÂRCINA,122828,1,PROV,PRCNCT,CD,CD_SV,"2021-01-21 12:30:02",586,562,24,0,193,169,24,0,600,407,187,4,2,45,38,12,1,16,24,2,3,5,2,2,2,28,1,0,1,1,0,0,1,0,0,0,1,0,0,0,1,0,1
29,NEAMŢ,"ŞCOALA GIMNAZIALĂ ”EPISCOP MELCHISEDEC ŞTEFĂNESCU”",282,GÂRCINA,122828,1,PROV,PRCNCT,CD,CD_SV,"2021-01-21 12:30:02",1063,1050,13,0,219,206,13,0,1200,981,202,12,5,29,53,14,1,15,28,7,12,2,1,2,1,24,2,1,0,0,0,0,0,0,1,0,0,0,3,1,2,2,1
29,NEAMŢ,"ŞCOALA GIMNAZIALĂ ”EPISCOP MELCHISEDEC ŞTEFĂNESCU”",283,GÂRCINA,122828,1,PROV,PRCNCT,CD,CD_SV,"2021-01-21 12:30:02",1152,1120,32,0,296,264,32,0,1200,904,290,4,2,101,69,8,0,22,33,6,4,5,1,3,3,30,0,0,0,0,0,0,0,0,2,0,0,0,1,0,1,1,0
29,NEAMŢ,"SCOALA GIMNAZIALA, COMUNA GHERAESTI",284,GHERĂEŞTI,122668,1,PROV,PRCNCT,CD,CD_SV,"2021-01-21 12:30:02",1428,1420,8,0,280,272,8,0,1600,1320,274,4,2,13,61,7,0,73,71,4,6,0,0,5,1,30,0,0,2,0,0,0,0,0,1,0,0,0,0,0,0,0,0
29,NEAMŢ,"SCOALA GIMNAZIALA, COMUNA GHERAESTI",285,GHERĂEŞTI,122668,1,PROV,PRCNCT,CD,CD_SV,"2021-01-21 12:30:02",1360,1351,9,0,252,243,9,0,1500,1248,249,2,1,15,48,9,0,75,49,12,0,1,0,5,3,29,0,0,0,0,0,0,0,0,1,0,0,0,0,0,0,1,1
29,NEAMŢ,"SCOALA GIMNAZIALA, COMUNA GHERAESTI",286,GHERĂEŞTI,122668,1,PROV,PRCNCT,CD,CD_SV,"2021-01-21 12:30:02",1444,1432,12,0,264,252,12,0,1600,1336,262,2,0,9,60,4,0,71,71,1,2,1,2,2,3,30,1,0,0,1,0,0,0,0,1,0,0,0,0,1,0,2,0
29,NEAMŢ,"SCOALA PRIMARA, GHERAESTII NOI",287,GHERĂEŞTI,122668,1,PROV,PRCNCT,CD,CD_SV,"2021-01-21 12:30:02",486,473,13,0,122,109,13,0,500,378,121,1,0,6,17,5,0,25,39,1,4,0,0,1,1,17,0,0,0,1,0,0,0,0,0,0,0,0,0,0,0,2,2
29,NEAMŢ,"SCOALA PRIMARA, TETCANI",288,GHERĂEŞTI,122668,1,PROV,PRCNCT,CD,CD_SV,"2021-01-21 12:30:02",757,739,18,0,174,156,18,0,800,626,172,2,0,3,24,9,1,63,46,1,1,0,0,1,0,19,2,0,0,0,0,0,0,0,0,0,0,0,0,1,0,1,0
29,NEAMŢ,"CLĂDIREA ”SALA DE NUNŢI”",289,GHINDĂOANI,125114,1,PROV,PRCNCT,CD,CD_SV,"2021-01-21 12:30:02",1627,1591,36,0,521,485,36,0,1800,1279,495,12,14,11,274,10,1,41,79,11,6,2,0,12,5,38,2,0,0,0,0,0,0,0,1,0,0,0,0,0,2,0,0
29,NEAMŢ,"SCOALA GIMNAZIALA ”PROF. GHEORGHE DUMITREASA” GIROV",290,GIROV,122702,1,PROV,PRCNCT,CD,CD_SV,"2021-01-21 12:30:02",1405,1371,34,0,359,325,34,0,1500,1141,347,11,1,18,106,11,1,60,51,10,9,2,2,6,0,69,1,0,0,0,0,0,0,0,0,0,0,1,0,0,0,0,0
29,NEAMŢ,"SCOALA GIMNAZIALA NR. 1 CACIULESTI",291,GIROV,122702,1,PROV,PRCNCT,CD,CD_SV,"2021-01-21 12:30:02",600,580,20,0,170,150,20,0,600,430,161,8,1,8,84,8,0,11,29,1,1,1,0,1,0,15,0,0,0,0,0,0,0,0,1,1,0,0,0,0,0,0,0
29,NEAMŢ,"SCOALA PRIMARA GURA VAII",292,GIROV,122702,1,PROV,PRCNCT,CD,CD_SV,"2021-01-21 12:30:02",638,615,23,0,184,161,23,0,700,516,173,9,2,13,52,11,0,18,25,5,3,1,1,1,2,31,2,1,0,0,0,0,1,0,0,0,2,0,0,1,0,3,0
29,NEAMŢ,"PENSIUNEA ELENA",293,GIROV,122702,1,PROV,PRCNCT,CD,CD_SV,"2021-01-21 12:30:02",540,515,25,0,191,166,25,0,600,409,187,2,2,12,66,17,1,18,36,3,7,0,1,1,0,23,0,0,1,0,0,0,0,0,0,0,1,0,0,0,0,0,0
29,NEAMŢ,"SCOALA BOTESTI",294,GIROV,122702,1,PROV,PRCNCT,CD,CD_SV,"2021-01-21 12:30:02",467,437,30,0,147,117,30,0,499,352,144,2,1,13,41,9,0,15,35,1,2,2,0,1,0,20,0,0,0,0,0,1,0,0,0,0,0,1,0,0,0,1,2
29,NEAMŢ,"SCOALA DOINA",295,GIROV,122702,1,PROV,PRCNCT,CD,CD_SV,"2021-01-21 12:30:02",254,238,16,0,89,73,16,0,300,211,87,2,0,3,22,11,0,7,25,0,2,0,0,1,0,14,0,0,0,0,0,0,0,0,0,0,0,0,1,0,0,0,1
29,NEAMŢ,"SCOALA DANESTI",296,GIROV,122702,1,PROV,PRCNCT,CD,CD_SV,"2021-01-21 12:30:02",264,253,11,0,86,75,11,0,300,214,80,4,2,9,30,3,0,9,16,0,2,1,0,1,1,6,0,0,0,0,0,1,0,0,0,0,0,0,0,0,0,0,1
29,NEAMŢ,"SCOALA VERSESTI",297,GIROV,122702,2,PART,PRCNCT,CD,CD_SV,"2021-01-21 12:30:02",275,251,24,0,94,70,24,0,300,206,88,5,1,11,27,5,0,7,19,2,1,1,0,0,1,12,0,0,0,0,0,0,0,0,0,0,0,0,0,0,1,1,0
29,NEAMŢ,"CĂMINUL CULTURAL",298,GRINŢIEŞ,122864,1,PROV,PRCNCT,CD,CD_SV,"2021-01-21 12:30:02",1389,1354,22,13,448,413,22,13,1500,1052,435,11,2,18,137,57,0,10,114,3,1,1,0,9,1,75,3,0,0,0,0,0,0,0,1,0,0,1,0,1,0,1,2
29,NEAMŢ,"SALA DE FESTIVITĂŢI",299,GRINŢIEŞ,122864,1,PROV,PRCNCT,CD,CD_SV,"2021-01-21 12:30:02",673,655,15,3,226,208,15,3,700,474,221,2,3,1,86,18,0,13,72,4,0,1,0,2,1,21,0,0,0,0,0,0,1,0,1,0,0,0,0,0,0,0,0
29,NEAMŢ,SCOALA,300,GRUMĂZEŞTI,122908,1,PROV,PRCNCT,CD,CD_SV,"2021-01-21 12:30:02",1355,1338,17,0,409,392,17,0,1500,1091,400,4,5,5,189,16,0,26,91,3,4,0,0,15,0,44,0,0,0,0,0,0,2,1,1,0,0,1,1,0,0,1,0
29,NEAMŢ,"SCOALA PRIMARA",301,GRUMĂZEŞTI,122908,1,PROV,PRCNCT,CD,CD_SV,"2021-01-21 12:30:02",637,625,12,0,189,177,12,0,700,511,182,6,1,3,121,6,0,9,20,5,1,0,0,4,0,7,1,0,1,0,0,0,1,1,0,0,0,0,0,0,0,2,0
29,NEAMŢ,GRADINITA,302,GRUMĂZEŞTI,122908,1,PROV,PRCNCT,CD,CD_SV,"2021-01-21 12:30:02",1281,1259,22,0,459,437,22,0,1400,941,449,3,7,9,269,13,2,22,62,5,11,1,0,13,1,33,1,0,0,1,0,1,0,1,0,0,0,0,3,0,0,0,1
29,NEAMŢ,GRADINITA,303,GRUMĂZEŞTI,122908,1,PROV,PRCNCT,CD,CD_SV,"2021-01-21 12:30:02",1071,1056,14,1,283,268,14,1,1100,817,272,7,4,2,165,6,0,16,34,4,1,1,0,5,0,35,1,0,1,0,0,0,0,0,0,0,0,0,0,0,1,0,0
29,NEAMŢ,"ŞCOALA GIMNAZIALĂ BUHALNIŢA",304,HANGU,122953,1,PROV,PRCNCT,CD,CD_SV,"2021-01-21 12:30:02",685,667,18,0,162,144,18,0,700,538,155,5,2,1,80,2,0,9,35,2,1,0,1,0,2,17,2,0,0,0,1,0,0,0,0,0,0,2,0,0,0,0,0
29,NEAMŢ,"ŞCOALA GIMNAZIALĂ,COMUNA HANGU",305,HANGU,122953,1,PROV,PRCNCT,CD,CD_SV,"2021-01-21 12:30:02",976,966,10,0,303,293,10,0,1098,795,295,5,3,6,148,10,0,27,40,2,5,0,0,5,1,46,1,0,1,0,0,0,1,0,0,0,1,0,1,0,0,0,0
29,NEAMŢ,"ŞCOALA PRIMARĂ BOBOTENI",306,HANGU,122953,1,PROV,PRCNCT,CD,CD_SV,"2021-01-21 12:30:02",486,471,15,0,143,128,15,0,500,357,140,3,0,5,59,4,0,15,27,5,2,0,0,1,1,17,1,0,0,0,1,0,0,0,1,0,0,0,0,0,0,0,1
29,NEAMŢ,"ŞCOALA PRIMARĂ CHIRIŢENI",307,HANGU,122953,1,PROV,PRCNCT,CD,CD_SV,"2021-01-21 12:30:02",417,403,11,3,114,100,11,3,500,386,110,4,0,2,45,7,1,12,16,2,1,1,0,4,0,18,0,0,0,0,0,0,0,0,0,0,0,0,0,0,0,1,0
29,NEAMŢ,"ŞCOALA PRIMARĂ GROZĂVEŞTI",308,HANGU,122953,2,PART,PRCNCT,CD,CD_SV,"2021-01-21 12:30:02",347,338,9,0,91,82,9,0,400,309,89,1,1,6,29,10,0,11,17,0,2,0,0,1,1,11,0,0,0,0,0,0,1,0,0,0,0,0,0,0,0,0,0
29,NEAMŢ,"ŞCOALA PRIMARĂ RUGINEŞTI",309,HANGU,122953,1,PROV,PRCNCT,CD,CD_SV,"2021-01-21 12:30:02",319,303,16,0,95,79,16,0,400,305,92,3,0,1,35,1,0,7,17,2,1,0,0,2,0,23,1,0,0,0,0,0,0,0,0,0,1,0,0,0,0,1,0
29,NEAMŢ,"SCOALA GIMNAZIALA ”CARMEN SYLVA”",310,HORIA,120922,1,PROV,PRCNCT,CD,CD_SV,"2021-01-21 12:30:02",1712,1696,16,0,420,404,16,0,1900,1480,406,8,6,5,140,14,2,67,82,3,3,0,0,6,3,77,0,0,0,0,1,0,0,0,0,0,1,0,0,0,0,1,1
29,NEAMŢ,"CAMIN CULTURAL",311,HORIA,120922,1,PROV,PRCNCT,CD,CD_SV,"2021-01-21 12:30:02",1698,1690,8,0,415,407,8,0,1900,1485,398,12,5,5,121,18,1,64,90,2,3,0,0,5,3,78,1,0,1,0,0,0,2,0,1,0,0,0,0,0,0,1,2
29,NEAMŢ,"SCOALA GIMNAZIALA ” OTILIA CAZIMIR ” COTU VAMES",312,HORIA,120922,1,PROV,PRCNCT,CD,CD_SV,"2021-01-21 12:30:02",1399,1380,19,0,347,328,19,0,1500,1153,334,9,4,8,101,19,0,43,85,3,3,5,0,7,1,57,0,0,0,0,0,0,0,0,1,0,0,0,0,0,0,1,0
29,NEAMŢ,"GRADINITA DE COPII",313,HORIA,120922,3,PART,PRCNCT,CD,CD_SV,"2021-01-21 12:30:02",1308,1300,8,0,311,303,8,0,1400,1089,303,6,2,5,99,10,1,41,52,4,6,1,1,1,1,74,0,1,1,0,0,0,0,1,0,0,0,2,2,0,0,0,0
29,NEAMŢ,"SCOALA GIMNAZIALA ICUSESTI",314,ICUŞEŞTI,123013,1,PROV,PRCNCT,CD,CD_SV,"2021-01-21 12:30:02",628,614,14,0,133,119,14,0,700,567,130,1,2,3,23,5,0,13,49,1,1,0,0,2,0,31,1,0,0,0,0,0,0,0,1,0,0,0,0,0,0,0,0
29,NEAMŢ,"SCOALA GIMNAZIALA BALUSESTI",315,ICUŞEŞTI,123013,1,PROV,PRCNCT,CD,CD_SV,"2021-01-21 12:30:02",937,929,8,0,226,218,8,0,1000,774,217,5,4,1,56,7,0,13,88,0,1,3,0,6,2,34,0,0,0,0,0,1,0,0,0,0,0,3,0,0,1,1,0
29,NEAMŢ,"SCOALA GIMNAZIALA BALUSESTI",316,ICUŞEŞTI,123013,1,PROV,PRCNCT,CD,CD_SV,"2021-01-21 12:30:02",1068,1058,10,0,250,240,10,0,1200,950,231,15,4,8,55,6,0,15,86,1,1,2,0,2,4,42,0,0,1,1,0,0,0,0,0,0,0,0,2,0,0,2,3
29,NEAMŢ,"SCOALA PRIMARA ROCNA",317,ICUŞEŞTI,123013,1,PROV,PRCNCT,CD,CD_SV,"2021-01-21 12:30:02",464,453,11,0,125,114,11,0,500,375,116,7,2,4,29,24,1,1,35,0,0,0,0,7,2,7,2,0,0,1,0,0,0,0,2,0,0,0,1,0,0,0,0
29,NEAMŢ,"SCOALA PRIMARA MESTEACAN",318,ICUŞEŞTI,123013,1,PROV,PRCNCT,CD,CD_SV,"2021-01-21 12:30:02",455,442,13,0,135,122,13,0,500,365,130,4,1,4,30,2,0,6,63,1,1,1,0,1,0,14,3,1,0,0,1,0,0,0,0,0,1,0,0,0,0,0,1
29,NEAMŢ,"SCOALA PRIMARA SPIRIDONESTI",319,ICUŞEŞTI,123013,1,PROV,PRCNCT,CD,CD_SV,"2021-01-21 12:30:02",187,173,14,0,60,46,14,0,200,140,58,1,1,1,17,7,0,4,23,1,1,0,0,2,0,2,0,0,0,0,0,0,0,0,0,0,0,0,0,0,0,0,0
29,NEAMŢ,ŞCOALA,320,"ION CREANGĂ",123102,1,PROV,PRCNCT,CD,CD_SV,"2021-01-21 12:30:02",388,373,15,0,128,113,15,0,400,272,124,2,2,4,58,7,0,15,12,0,2,0,0,2,1,22,0,0,0,0,0,0,0,0,0,0,0,0,0,0,1,0,0
29,NEAMŢ,"CĂMIN CULTURAL",321,"ION CREANGĂ",123102,1,PROV,PRCNCT,CD,CD_SV,"2021-01-21 12:30:02",669,650,19,0,223,204,19,0,700,477,212,4,7,2,53,5,0,15,103,1,1,0,0,2,1,28,0,0,0,0,0,0,0,0,0,0,0,0,0,0,1,0,0
29,NEAMŢ,"CĂMIN CULTURAL",322,"ION CREANGĂ",123102,1,PROV,PRCNCT,CD,CD_SV,"2021-01-21 12:30:02",687,675,12,0,166,154,12,0,800,634,161,4,1,5,81,5,0,14,28,4,1,1,0,3,2,16,1,0,0,0,0,0,0,0,0,0,0,0,0,0,0,0,0
29,NEAMŢ,"CĂMIN CULTURAL NOU ȘI BIBLIOTECĂ",323,"ION CREANGĂ",123102,1,PROV,PRCNCT,CD,CD_SV,"2021-01-21 12:30:02",970,956,13,1,261,247,13,1,1100,839,251,7,3,10,94,17,1,29,40,3,4,2,0,2,0,47,0,0,1,0,0,0,0,0,0,0,0,0,0,0,0,1,0
29,NEAMŢ,"CĂMIN CULTURAL NOU ȘI BIBLIOTECĂ",324,"ION CREANGĂ",123102,1,PROV,PRCNCT,CD,CD_SV,"2021-01-21 12:30:02",1185,1176,9,0,294,285,9,0,1300,1006,278,9,7,4,114,15,0,42,41,5,5,1,0,2,0,45,1,0,0,0,0,0,1,0,0,0,0,0,0,1,0,0,1
29,NEAMŢ,"CAMIN CULTURAL",325,"ION CREANGĂ",123102,1,PROV,PRCNCT,CD,CD_SV,"2021-01-21 12:30:02",801,779,22,0,289,267,22,0,900,611,284,3,2,7,164,13,0,14,37,4,1,0,0,7,1,31,1,0,0,0,0,0,0,0,0,0,0,1,0,2,0,0,1
29,NEAMŢ,"ŞCOALA GENERALĂ",326,MĂRGINENI,123175,2,PART,PRCNCT,CD,CD_SV,"2021-01-21 12:30:02",875,861,14,0,179,165,14,0,1000,821,170,6,3,5,76,7,0,13,35,0,1,1,4,1,0,22,0,1,0,0,0,0,0,0,0,0,0,1,2,0,0,1,0
29,NEAMŢ,GRĂDINIŢA,327,MĂRGINENI,123175,1,PROV,PRCNCT,CD,CD_SV,"2021-01-21 12:30:02",952,933,19,0,204,185,19,0,1000,796,197,5,2,6,92,4,3,14,33,1,2,0,6,2,2,24,1,1,0,0,0,0,0,0,0,0,0,0,1,0,0,4,1
29,NEAMŢ,"SCOALA GENERALA",328,MĂRGINENI,123175,1,PROV,PRCNCT,CD,CD_SV,"2021-01-21 12:30:02",186,170,16,0,52,36,16,0,200,148,52,0,0,1,25,0,1,3,11,3,2,1,0,2,1,2,0,0,0,0,0,0,0,0,0,0,0,0,0,0,0,0,0
29,NEAMŢ,"ŞCOALA GENERALĂ",329,MĂRGINENI,123175,1,PROV,PRCNCT,CD,CD_SV,"2021-01-21 12:30:02",785,767,18,0,185,167,18,0,900,715,172,7,6,6,86,4,0,9,38,3,1,1,1,5,2,13,1,1,0,0,1,0,0,0,0,0,0,0,0,0,0,0,0
29,NEAMŢ,"ŞCOALA GENERALĂ",330,MĂRGINENI,123175,1,PROV,PRCNCT,CD,CD_SV,"2021-01-21 12:30:02",252,235,17,0,83,66,17,0,300,217,77,3,3,1,30,3,1,14,13,0,3,0,0,3,1,5,1,0,0,0,0,0,0,0,0,0,1,0,0,0,0,0,1
29,NEAMŢ,"SCOALA GIMNAZIALA SATUL MOLDOVENI",331,MOLDOVENI,123228,1,PROV,PRCNCT,CD,CD_SV,"2021-01-21 12:30:02",1062,1032,22,8,271,241,22,8,1100,829,244,20,7,5,57,8,0,23,82,2,6,0,0,5,3,50,0,0,1,1,0,0,0,0,0,0,0,0,1,0,0,0,0
29,NEAMŢ,"FOSTA SCOALA CU CLASELE I-IV SATUL HOCIUNGI",332,MOLDOVENI,123228,1,PROV,PRCNCT,CD,CD_SV,"2021-01-21 12:30:02",706,669,33,4,209,172,33,4,700,491,191,14,4,2,33,4,0,12,76,1,5,0,0,5,3,41,1,1,1,0,0,1,0,0,0,0,0,0,0,0,3,0,2
29,NEAMŢ,"SCOALA GIMNAZIALA ”DUMITRU ALMAS” NEGRESTI",333,NEGREŞTI,125169,1,PROV,PRCNCT,CD,CD_SV,"2021-01-21 12:30:02",1239,1188,50,1,372,321,50,1,1300,928,359,10,3,12,100,38,0,16,138,13,3,1,2,6,1,24,0,0,0,0,0,0,0,0,1,1,0,1,1,0,0,1,0
29,NEAMŢ,"GRADINITA CU PROGRAM NORMAL POIANA",334,NEGREŞTI,125169,1,PROV,PRCNCT,CD,CD_SV,"2021-01-21 12:30:02",340,315,25,0,92,67,25,0,400,308,87,4,1,4,33,9,0,4,19,4,2,0,0,6,0,5,0,0,0,0,0,0,0,0,0,0,0,1,0,0,0,0,0
29,NEAMŢ,"ŞCOALA GENERALĂ",335,ONICENI,123255,1,PROV,PRCNCT,CD,CD_SV,"2021-01-21 12:30:02",635,623,12,0,192,180,12,0,700,508,181,6,5,7,106,6,1,5,17,0,4,0,0,3,1,24,0,0,0,0,0,0,0,0,0,0,0,0,1,4,0,1,1
29,NEAMŢ,"ŞCOALA GENERALĂ",336,ONICENI,123255,1,PROV,PRCNCT,CD,CD_SV,"2021-01-21 12:30:02",253,243,10,0,130,120,10,0,300,170,116,9,5,3,79,2,0,0,13,2,1,1,0,3,0,8,1,0,0,0,0,0,0,0,0,0,0,1,0,2,0,0,0
29,NEAMŢ,"ŞCOALA GENERALĂ",337,ONICENI,123255,1,PROV,PRCNCT,CD,CD_SV,"2021-01-21 12:30:02",356,347,9,0,92,83,9,0,400,308,82,4,6,2,41,4,0,0,19,1,1,0,0,3,3,4,1,0,0,0,0,0,0,0,0,0,0,1,1,0,0,1,0
29,NEAMŢ,"ŞCOALA GENERALĂ",338,ONICENI,123255,1,PROV,PRCNCT,CD,CD_SV,"2021-01-21 12:30:02",1025,1015,10,0,376,366,10,0,1100,724,348,15,13,1,223,1,0,2,22,3,6,1,0,8,3,66,1,1,0,0,0,0,2,0,1,0,0,0,4,0,0,3,0
29,NEAMŢ,"ŞCOALA GENERALĂ",339,ONICENI,123255,1,PROV,PRCNCT,CD,CD_SV,"2021-01-21 12:30:02",295,285,10,0,109,99,10,0,300,191,99,5,5,1,51,3,0,0,29,3,6,0,0,2,0,4,0,0,0,0,0,0,0,0,0,0,0,0,0,0,0,0,0
29,NEAMŢ,"ŞCOALA GIMNAZIALA, COMUNA PASTRAVENI",340,PĂSTRĂVENI,123371,1,PROV,PRCNCT,CD,CD_SV,"2021-01-21 12:30:02",727,720,7,0,213,206,7,0,800,587,203,6,4,1,105,8,0,9,31,2,5,1,3,4,1,32,0,0,0,0,0,1,0,0,0,0,0,0,0,0,0,0,0
29,NEAMŢ,"ŞCOALA GIMNAZIALĂ COMUNA PĂSTRĂVENI",341,PĂSTRĂVENI,123371,1,PROV,PRCNCT,CD,CD_SV,"2021-01-21 12:30:02",700,694,6,0,168,162,6,0,800,632,160,6,2,3,88,13,0,9,17,1,0,0,1,2,0,21,0,0,0,0,1,0,1,0,0,0,1,1,0,0,0,1,0
29,NEAMŢ,"SCOALA GIMNAZIALA NR. 1 RADENI",342,PĂSTRĂVENI,123371,1,PROV,PRCNCT,CD,CD_SV,"2021-01-21 12:30:02",772,759,13,0,190,177,13,0,800,610,182,5,3,5,81,6,0,10,31,4,2,0,4,7,2,21,4,0,0,0,0,0,0,1,0,1,0,2,1,0,0,0,0
29,NEAMŢ,"SCOALA PRIMARA NR. 2 RADENI",343,PĂSTRĂVENI,123371,1,PROV,PRCNCT,CD,CD_SV,"2021-01-21 12:30:02",585,576,9,0,142,133,9,0,600,458,130,10,2,3,53,11,1,7,15,1,4,1,0,3,2,21,2,0,0,1,0,0,0,0,0,0,0,0,2,2,1,0,0
29,NEAMŢ,"CASA SOCIALĂ A PAROHIEI ZVORĂNEŞTI, FILIA LUNCA MOLDOVEI",344,PĂSTRĂVENI,123371,1,PROV,PRCNCT,CD,CD_SV,"2021-01-21 12:30:02",266,252,14,0,118,104,14,0,300,182,115,1,2,3,50,8,0,4,22,1,0,0,0,4,0,21,0,0,0,0,0,0,0,0,0,0,0,0,0,1,0,1,0
29,NEAMŢ,"ŞCOALA GIMNAZIALA ”VLAD DANULESCU ” PANCESTI",345,PÂNCEŞTI,125141,1,PROV,PRCNCT,CD,CD_SV,"2021-01-21 12:30:02",1008,977,15,16,370,339,15,16,1100,730,351,11,8,7,163,8,0,73,48,5,1,2,1,20,1,16,2,0,0,0,0,0,0,0,1,0,0,0,1,2,0,0,0
29,NEAMŢ,"ŞCOALA PRIMARA CIUREA",346,PÂNCEŞTI,125141,1,PROV,PRCNCT,CD,CD_SV,"2021-01-21 12:30:02",211,191,15,5,113,93,15,5,300,187,108,2,3,2,56,1,0,11,19,3,0,0,0,5,0,9,0,0,0,0,0,0,0,0,1,0,0,0,1,0,0,0,0
29,NEAMŢ,"ŞCOALA GIMNAZIALĂ ”NICOLAE IORGA” - SAT PÎNGĂRĂCIOR",347,PÂNGĂRAŢI,123601,1,PROV,PRCNCT,CD,CD_SV,"2021-01-21 12:30:02",1723,1701,22,0,426,404,22,0,1900,1474,414,8,4,14,127,19,0,53,137,2,10,0,3,5,2,37,1,1,0,0,0,0,0,0,0,0,1,0,1,0,1,0,0
29,NEAMŢ,"ŞCOALA GIMNAZIALĂ ”NICOLAE IORGA” -SAT PÎNGĂRAȚI - PUNCT CASTEL",348,PÂNGĂRAŢI,123601,1,PROV,PRCNCT,CD,CD_SV,"2021-01-21 12:30:02",637,617,20,0,194,174,20,0,600,406,187,6,1,12,34,14,0,28,58,3,3,0,1,3,0,30,0,0,1,0,0,0,0,0,0,0,0,0,0,0,0,0,0
29,NEAMŢ,"ŞCOALA GIMNAZIALĂ ”NICOLAE IORGA” - SAT STEJARU",349,PÂNGĂRAŢI,123601,1,PROV,PRCNCT,CD,CD_SV,"2021-01-21 12:30:02",894,862,32,0,252,220,32,0,1000,748,244,7,1,29,49,10,1,45,66,1,4,2,3,3,2,28,0,0,0,0,0,0,0,0,0,0,0,0,0,0,0,1,0
29,NEAMŢ,"ŞCOALA GIMNAZIALĂ ”NICOLAE IORGA” - SAT OANȚU",350,PÂNGĂRAŢI,123601,1,PROV,PRCNCT,CD,CD_SV,"2021-01-21 12:30:02",1271,1262,9,0,360,351,9,0,1400,1040,353,4,3,11,109,26,0,41,107,4,9,0,0,0,9,32,1,0,0,1,0,0,0,0,0,0,0,0,0,0,1,2,0
29,NEAMŢ,"LICEUL TEHNOLOGIC",351,PETRICANI,123424,1,PROV,PRCNCT,CD,CD_SV,"2021-01-21 12:30:02",1456,1434,22,0,383,361,22,0,1600,1217,367,13,3,4,181,7,0,25,56,3,2,1,1,8,3,65,3,0,0,0,1,1,0,0,1,2,0,0,1,1,0,0,1
29,NEAMŢ,"SCOALA GENERALA",352,PETRICANI,123424,1,PROV,PRCNCT,CD,CD_SV,"2021-01-21 12:30:02",747,737,10,0,308,298,10,0,800,492,295,5,8,3,204,4,0,12,20,5,1,1,3,6,0,25,1,0,0,0,1,0,1,0,1,0,0,2,1,1,0,1,2
29,NEAMŢ,"SCOALA GENERALA",353,PETRICANI,123424,1,PROV,PRCNCT,CD,CD_SV,"2021-01-21 12:30:02",1126,1112,14,0,292,278,14,0,1200,908,284,6,2,3,143,26,0,15,32,4,4,0,0,6,0,42,0,0,1,0,0,0,0,1,0,0,0,0,0,1,1,3,2
29,NEAMŢ,"SCOALA GENERALA",354,PETRICANI,123424,1,PROV,PRCNCT,CD,CD_SV,"2021-01-21 12:30:02",1402,1391,11,0,307,296,11,0,1500,1193,288,14,5,11,142,8,0,0,23,3,2,2,10,6,1,72,1,0,2,0,2,1,0,1,0,0,0,0,0,0,0,1,0
29,NEAMŢ,"SCOALA GIMNAZIALA LUMINIS,COMUNA PIATRA SOIMULUI",355,"PIATRA ŞOIMULUI",123479,1,PROV,PRCNCT,CD,CD_SV,"2021-01-21 12:30:02",1140,1130,10,0,277,267,10,0,1200,923,267,6,4,7,131,10,1,26,55,4,6,0,0,8,0,17,0,0,0,0,0,0,0,0,0,2,0,0,0,0,0,0,0
29,NEAMŢ,"SCOALA GIMNAZIALA POIENI,COMUNA PIATRA SOIMULUI",356,"PIATRA ŞOIMULUI",123479,1,PROV,PRCNCT,CD,CD_SV,"2021-01-21 12:30:02",1123,1113,10,0,307,297,10,0,1200,893,279,18,10,1,153,4,0,16,45,8,2,1,0,10,3,24,2,2,0,0,0,1,0,0,0,0,1,3,0,0,0,2,1
29,NEAMŢ,"ŞCOALA GIMNAZIALA LUMINIS,COMUNA PIATRA SOIMULUI",357,"PIATRA ŞOIMULUI",123479,1,PROV,PRCNCT,CD,CD_SV,"2021-01-21 12:30:02",997,992,5,0,230,225,5,0,1100,870,224,3,3,5,106,7,0,17,53,3,2,2,0,3,1,23,0,0,1,0,0,0,0,0,0,0,0,0,1,0,0,0,0
29,NEAMŢ,"GRADINITA CU PROGRAM NORMAL NEGULESTI,COMUNA PIATRA SOIMULUI",358,"PIATRA ŞOIMULUI",123479,1,PROV,PRCNCT,CD,CD_SV,"2021-01-21 12:30:02",609,591,18,0,151,133,18,0,700,549,145,5,1,3,55,6,0,23,32,1,3,0,0,5,1,11,0,0,0,0,0,0,1,0,0,1,0,2,1,0,0,0,0
29,NEAMŢ,"SCOALA GIMNAZIALA,COMUNA PIATRA SOIMULUI",359,"PIATRA ŞOIMULUI",123479,1,PROV,PRCNCT,CD,CD_SV,"2021-01-21 12:30:02",1599,1582,17,0,338,321,17,0,1700,1362,309,22,7,5,117,5,0,42,78,4,2,1,1,5,3,42,0,0,0,1,0,0,0,0,0,0,0,1,0,0,0,1,1
29,NEAMŢ,"ŞCOALA PRIMARA,COMUNA PIATRA SOIMULUI",360,"PIATRA ŞOIMULUI",123479,2,PART,PRCNCT,CD,CD_SV,"2021-01-21 12:30:02",1485,1457,26,2,331,303,26,2,1600,1269,316,15,0,3,124,8,0,22,74,6,2,2,0,11,2,50,1,2,4,0,0,0,0,0,0,0,0,1,0,2,2,0,0
29,NEAMŢ,"LICEUL TEHNOLOGIC ”ION CREANGA” PIPIRIG",361,PIPIRIG,123521,1,PROV,PRCNCT,CD,CD_SV,"2021-01-21 12:30:02",1470,1462,8,0,387,379,8,0,1600,1213,375,8,4,6,180,18,0,34,57,5,2,0,0,9,2,57,1,0,0,0,0,0,0,0,0,0,0,0,1,0,0,2,1
29,NEAMŢ,"SCOALA PIPIRIG NR. 2",362,PIPIRIG,123521,1,PROV,PRCNCT,CD,CD_SV,"2021-01-21 12:30:02",902,892,10,0,304,294,10,0,1000,696,295,8,1,4,139,6,1,13,65,5,1,0,0,8,1,45,1,0,0,0,0,0,0,1,0,0,1,1,0,0,1,2,0
29,NEAMŢ,"SCOALA GIMNAZIALA NR. 1",363,PIPIRIG,123521,2,PART,PRCNCT,CD,CD_SV,"2021-01-21 12:30:02",1297,1291,6,0,360,354,6,0,1400,1040,352,6,2,8,151,51,2,15,65,3,2,1,0,4,1,33,4,1,0,0,0,1,1,0,2,1,0,0,2,0,1,1,2
29,NEAMŢ,"GRADINITA CU PROGRAM NORMAL",364,PIPIRIG,123521,1,PROV,PRCNCT,CD,CD_SV,"2021-01-21 12:30:02",544,533,9,2,169,158,9,2,600,431,162,7,0,3,72,6,2,11,22,2,2,1,0,2,1,33,0,0,0,0,0,0,0,0,0,0,0,1,1,1,0,2,0
29,NEAMŢ,"SCOALA GIMNAZIALA STINCA",365,PIPIRIG,123521,1,PROV,PRCNCT,CD,CD_SV,"2021-01-21 12:30:02",1293,1276,17,0,354,337,17,0,1400,1046,333,15,6,6,132,11,0,20,49,10,2,4,0,11,1,73,2,0,2,0,1,0,0,1,0,1,0,0,3,1,0,3,0
29,NEAMŢ,"SCOALA CU CLASELE I-IV DOLHESTI",366,PIPIRIG,123521,1,PROV,PRCNCT,CD,CD_SV,"2021-01-21 12:30:02",902,888,14,0,240,226,14,0,900,660,233,7,0,6,106,7,0,22,47,6,0,0,1,5,0,30,1,0,0,0,0,0,0,0,0,0,0,0,1,0,0,1,0
29,NEAMŢ,"SCOALA GIMNAZIALA PLUTON",367,PIPIRIG,123521,1,PROV,PRCNCT,CD,CD_SV,"2021-01-21 12:30:02",847,837,10,0,243,233,10,0,900,657,229,9,5,5,74,12,0,7,54,4,1,1,0,8,1,57,0,0,0,0,0,0,1,0,0,0,0,1,0,0,0,1,2
29,NEAMŢ,"GRĂDINIŢA CU PROGRAM NORMAL NR. 2",368,PODOLENI,123674,1,PROV,PRCNCT,CD,CD_SV,"2021-01-21 12:30:02",1233,1212,21,0,379,358,21,0,1300,921,359,11,9,4,71,10,2,11,186,2,3,1,0,2,1,54,2,0,0,1,0,0,0,0,1,1,1,1,1,1,0,1,2
29,NEAMŢ,"ŞCOALA GIMNAZIALĂ ”ALEXANDRU PODOLEANU”",369,PODOLENI,123674,1,PROV,PRCNCT,CD,CD_SV,"2021-01-21 12:30:02",1064,1051,13,0,298,285,13,0,1200,902,293,3,2,9,76,12,0,15,138,5,3,1,0,2,0,23,0,0,0,0,0,0,0,0,2,0,0,0,0,3,1,2,1
29,NEAMŢ,"ŞCOALA GIMNAZIALĂ ”ALEXANDRU PODOLEANU”",370,PODOLENI,123674,1,PROV,PRCNCT,CD,CD_SV,"2021-01-21 12:30:02",1194,1174,20,0,404,384,20,0,1300,896,387,13,4,3,98,13,0,13,209,5,1,2,1,2,3,31,1,0,0,0,0,0,0,0,0,0,0,1,2,0,0,2,0
29,NEAMŢ,"GRĂDINIŢA CU PROGRAM NORMAL NR. 3",371,PODOLENI,123674,1,PROV,PRCNCT,CD,CD_SV,"2021-01-21 12:30:02",883,866,17,0,271,254,17,0,1000,729,263,6,2,0,64,6,0,6,142,3,5,2,0,4,0,25,0,0,3,0,0,0,0,0,1,0,0,0,0,1,1,0,0
29,NEAMŢ,"ŞCOALA PRIMARĂ NEGRITEŞTI",372,PODOLENI,123674,1,PROV,PRCNCT,CD,CD_SV,"2021-01-21 12:30:02",311,296,15,0,111,96,15,0,400,289,107,3,1,4,40,2,1,3,39,2,5,0,0,3,0,8,0,0,0,0,0,0,0,0,0,0,0,0,0,0,0,0,0
29,NEAMŢ,"ŞCOALA GIMNAZIALA ”CONSTANTIN ROMANESCU” DREPTU",373,"POIANA TEIULUI",123790,1,PROV,PRCNCT,CD,CD_SV,"2021-01-21 12:30:02",975,956,19,0,336,317,19,0,1100,764,326,9,1,8,174,22,0,11,47,6,4,0,0,8,2,40,1,0,1,0,1,0,0,0,1,0,0,0,0,0,0,0,0
29,NEAMŢ,"SOCIETATEA COMERCIALǍ TCE PETROFOREST SRL",374,"POIANA TEIULUI",123790,1,PROV,PRCNCT,CD,CD_SV,"2021-01-21 12:30:02",769,748,21,0,250,229,21,0,800,550,239,6,5,4,124,12,1,16,29,3,1,0,0,2,2,42,1,0,0,0,0,0,0,0,1,0,0,0,0,0,0,0,1
29,NEAMŢ,"ŞCOALA GIMNAZIALA PETRU VODA",375,"POIANA TEIULUI",123790,2,PART,PRCNCT,CD,CD_SV,"2021-01-21 12:30:02",1095,1078,15,2,298,281,15,2,1200,902,280,10,8,1,110,17,0,14,26,10,2,0,0,3,1,94,1,0,0,1,0,0,0,0,0,0,0,0,0,0,0,0,0
29,NEAMŢ,"ȘCOALA GIMNAZIALǍ ”IUSTIN PÎRVU”",376,"POIANA TEIULUI",123790,1,PROV,PRCNCT,CD,CD_SV,"2021-01-21 12:30:02",1322,1300,22,0,396,374,22,0,1400,1004,388,7,1,8,152,35,0,27,60,13,2,0,3,2,1,77,0,0,1,0,0,0,0,0,0,1,0,2,1,0,1,2,0
29,NEAMŢ,"SCOALA GIMNAZIALA NR. 1",377,POIENARI,123709,1,PROV,PRCNCT,CD,CD_SV,"2021-01-21 12:30:02",996,954,28,14,326,289,28,9,1100,774,316,6,4,6,158,8,1,18,59,1,0,3,0,7,1,41,0,1,0,0,0,1,0,0,0,0,0,0,2,7,0,2,0
29,NEAMŢ,"SCOALA GIMNAZIALA STRUCTURA SACALENI",378,POIENARI,123709,1,PROV,PRCNCT,CD,CD_SV,"2021-01-21 12:30:02",280,271,9,0,96,87,9,0,300,204,91,3,2,5,43,0,1,4,25,1,0,0,0,2,0,7,1,0,1,0,0,0,0,0,0,0,0,0,0,0,0,1,0
29,NEAMŢ,"LICEUL TEHNOLOGIC OGLINZI",379,RĂUCEŞTI,123914,1,PROV,PRCNCT,CD,CD_SV,"2021-01-21 12:30:02",1649,1624,25,0,485,460,25,0,1800,1315,472,10,3,11,152,23,0,45,100,5,15,1,0,7,3,103,0,0,0,0,1,0,0,1,1,0,0,0,1,0,1,2,0
29,NEAMŢ,"ŞCOALA PRIMARĂ NR. 2 OGLINZI",380,RĂUCEŞTI,123914,1,PROV,PRCNCT,CD,CD_SV,"2021-01-21 12:30:02",879,848,31,0,281,250,31,0,1000,719,273,7,1,14,98,11,0,21,49,5,4,0,0,6,3,58,0,0,0,0,0,0,0,0,0,0,0,0,0,0,2,2,0
29,NEAMŢ,"ŞCOALA UNGHENI",381,RĂUCEŞTI,123914,1,PROV,PRCNCT,CD,CD_SV,"2021-01-21 12:30:02",439,427,12,0,141,129,12,0,500,359,138,2,1,4,57,6,0,4,19,1,4,0,0,1,1,36,0,0,0,1,0,0,0,0,1,1,0,0,1,0,1,0,0
29,NEAMŢ,"ŞCOALA GIMNAZIALĂ NR. 1 RĂUCEŞTI",382,RĂUCEŞTI,123914,1,PROV,PRCNCT,CD,CD_SV,"2021-01-21 12:30:02",1322,1296,26,0,401,375,26,0,1400,999,388,10,3,27,151,13,0,38,70,9,5,0,0,10,2,56,1,0,0,1,0,0,0,0,0,0,0,1,0,1,0,3,0
29,NEAMŢ,"ŞCOALA GIMNAZIALĂ NR. 2 ”MIHAIL KOGĂLNICEANU” RĂUCEŞTI",383,RĂUCEŞTI,123914,1,PROV,PRCNCT,CD,CD_SV,"2021-01-21 12:30:02",614,594,20,0,187,167,20,0,700,513,183,1,3,12,72,10,0,14,36,8,2,0,0,2,1,26,0,0,0,0,0,0,0,0,0,0,0,0,0,0,0,0,0
29,NEAMŢ,"GRĂDINIŢA CU PROGRAM NORMAL NR. 2 RĂUCEŞTI",384,RĂUCEŞTI,123914,1,PROV,PRCNCT,CD,CD_SV,"2021-01-21 12:30:02",687,664,23,0,242,219,23,0,700,458,230,7,5,32,73,12,1,24,39,2,3,0,1,2,1,36,1,0,0,0,0,0,0,0,0,0,0,1,0,0,0,2,0
29,NEAMŢ,"LICEUL TEHNOLOGIC OGLINZI (GRĂDINIŢA NR. 1- CORP C)",385,RĂUCEŞTI,123914,1,PROV,PRCNCT,CD,CD_SV,"2021-01-21 12:30:02",847,832,15,0,236,221,15,0,900,664,229,3,4,5,38,4,0,4,116,2,3,0,0,3,3,47,1,0,0,0,0,0,0,0,0,0,0,0,0,0,1,2,0
29,NEAMŢ,"ŞCOALA SĂVEŞTI",386,RĂUCEŞTI,123914,1,PROV,PRCNCT,CD,CD_SV,"2021-01-21 12:30:02",362,347,15,0,143,128,15,0,400,257,136,0,7,2,38,3,0,6,70,0,4,0,0,3,0,7,0,0,0,0,0,0,1,0,0,0,0,0,0,0,0,2,0
29,NEAMŢ,"SCOALA GENERALA",387,RĂZBOIENI,123969,1,PROV,PRCNCT,CD,CD_SV,"2021-01-21 12:30:02",301,278,19,4,132,109,19,4,300,168,125,3,4,3,65,12,0,5,8,3,2,0,0,3,2,13,0,0,1,0,0,0,0,0,2,0,2,0,1,0,1,1,1
29,NEAMŢ,"SCOALA GENERALA",388,RĂZBOIENI,123969,1,PROV,PRCNCT,CD,CD_SV,"2021-01-21 12:30:02",333,315,10,8,139,121,10,8,400,261,133,5,1,6,71,14,0,9,20,1,3,1,0,1,0,3,0,1,0,0,0,0,0,0,1,0,0,1,0,0,0,0,1
29,NEAMŢ,"SCOALA GENERALA CU CLASELE I-VIII",389,RĂZBOIENI,123969,1,PROV,PRCNCT,CD,CD_SV,"2021-01-21 12:30:02",659,616,36,7,283,240,36,7,700,417,275,5,3,6,132,37,0,15,27,2,4,1,0,6,2,35,0,0,1,0,1,0,0,0,2,0,0,0,0,2,1,1,0
29,NEAMŢ,"SCOALA GENERALA CU CLASELE I-IV NR. 3",390,RĂZBOIENI,123969,1,PROV,PRCNCT,CD,CD_SV,"2021-01-21 12:30:02",513,473,37,3,177,137,37,3,500,323,168,5,4,25,69,4,2,9,19,3,3,2,0,5,0,23,0,0,0,0,0,0,0,0,0,0,0,2,0,0,0,1,1
29,NEAMŢ,"ŞCOALA CU CLASELE I-IV BETESTI",391,REDIU,124028,1,PROV,PRCNCT,CD,CD_SV,"2021-01-21 12:30:02",637,624,13,0,141,128,13,0,700,559,133,4,4,8,36,6,0,14,29,2,1,1,0,5,1,26,0,0,0,0,0,0,1,0,0,0,0,2,0,0,0,0,1
29,NEAMŢ,"SCOALA CU CLASELE I-VIII REDIU",392,REDIU,124028,1,PROV,PRCNCT,CD,CD_SV,"2021-01-21 12:30:02",924,915,9,0,169,160,9,0,1000,831,162,5,2,14,40,9,1,23,28,2,1,1,0,7,2,33,0,0,0,0,0,0,0,0,0,0,0,0,0,0,0,1,0
29,NEAMŢ,"ŞCOALA CU CLASELE I-VIII POLOBOC",393,REDIU,124028,1,PROV,PRCNCT,CD,CD_SV,"2021-01-21 12:30:02",1222,1198,23,1,291,267,23,1,1300,1009,281,6,4,8,108,12,0,33,41,5,1,1,1,6,1,61,0,0,1,0,1,0,0,0,0,0,0,0,1,0,0,0,0
29,NEAMŢ,"GRADINITA SOCEA",394,REDIU,124028,1,PROV,PRCNCT,CD,CD_SV,"2021-01-21 12:30:02",630,619,11,0,158,147,11,0,700,542,152,4,2,7,68,4,0,7,22,6,2,0,0,3,2,23,1,0,1,0,0,0,0,0,2,0,0,0,0,3,0,1,0
29,NEAMŢ,"ŞCOALA CU CLASELE I-VIII REDIU",395,REDIU,124028,1,PROV,PRCNCT,CD,CD_SV,"2021-01-21 12:30:02",973,962,11,0,196,185,11,0,1100,904,192,3,1,5,46,11,0,23,43,1,2,1,0,2,0,56,0,0,0,0,0,0,1,0,0,0,0,0,0,0,0,0,1
29,NEAMŢ,"ŞCOALA CU CLASELE I-VIII",396,ROMÂNI,124073,3,PART,PRCNCT,CD,CD_SV,"2021-01-21 12:30:02",775,764,10,1,183,172,10,1,900,717,177,3,3,4,65,12,0,7,41,2,2,2,1,8,1,25,2,0,0,0,0,0,0,0,3,1,1,0,0,0,0,0,0
29,NEAMŢ,"ŞCOALA CU CLASELE I-VIII",397,ROMÂNI,124073,1,PROV,PRCNCT,CD,CD_SV,"2021-01-21 12:30:02",1030,1011,19,0,346,327,19,0,1100,754,332,6,8,4,159,23,0,13,48,7,2,0,0,3,1,67,2,0,1,0,0,0,0,0,0,0,1,0,0,0,1,0,0
29,NEAMŢ,"ŞCOALA CU CLASELE I-VIII",398,ROMÂNI,124073,1,PROV,PRCNCT,CD,CD_SV,"2021-01-21 12:30:02",809,793,16,0,156,140,16,0,900,744,149,4,3,10,45,15,0,8,25,8,1,1,0,5,1,25,1,0,0,0,0,0,0,0,1,0,0,1,0,0,0,2,0
29,NEAMŢ,"SCOALA CU CLASELE I-VIII SILISTEAII",399,ROMÂNI,124073,1,PROV,PRCNCT,CD,CD_SV,"2021-01-21 12:30:02",853,841,12,0,194,182,12,0,900,706,183,8,3,1,78,7,1,12,21,8,4,0,0,4,1,41,1,0,1,0,0,0,0,0,0,0,0,0,0,0,1,2,0
29,NEAMŢ,"FOSTA SCOALĂ BOZIENII DE SUS",400,RUGINOASA,125105,1,PROV,PRCNCT,CD,CD_SV,"2021-01-21 12:30:02",369,295,44,30,168,104,34,30,400,232,159,6,3,4,32,20,0,4,65,3,2,0,0,4,4,15,2,0,0,0,0,0,0,1,0,0,0,0,0,0,0,3,0
29,NEAMŢ,"ȘCOALA GIMNAZIALĂ ” NICOLAE APOSTOL” RUGINOASA",401,RUGINOASA,125105,1,PROV,PRCNCT,CD,CD_SV,"2021-01-21 12:30:02",684,588,69,27,346,251,69,26,700,354,332,6,8,5,79,29,0,15,162,6,0,2,0,6,1,20,1,0,1,0,0,0,0,0,0,0,0,1,1,0,0,2,1
29,NEAMŢ,"ȘCOALA GIMNAZIALĂ ” NICOLAE APOSTOL ” RUGINOASA",402,RUGINOASA,125105,1,PROV,PRCNCT,CD,CD_SV,"2021-01-21 12:30:02",742,656,35,51,333,249,34,50,700,367,326,5,2,2,68,14,0,8,197,2,2,2,1,6,2,16,0,0,0,0,0,0,0,0,0,0,0,0,0,1,1,1,3
29,NEAMŢ,"ŞCOALA GIMNAZIALĂ, COMUNA SAGNA",403,SAGNA,124153,1,PROV,PRCNCT,CD,CD_SV,"2021-01-21 12:30:02",1704,1695,9,0,424,415,9,0,1900,1476,403,14,7,10,97,6,2,38,108,3,5,2,1,5,6,107,4,1,0,0,0,0,0,0,1,0,0,0,1,1,1,1,3
29,NEAMŢ,"ŞCOALA GIMNAZIALĂ, COMUNA SAGNA",404,SAGNA,124153,1,PROV,PRCNCT,CD,CD_SV,"2021-01-21 12:30:02",1526,1516,9,1,393,383,9,1,1700,1307,380,6,7,10,125,4,0,38,103,4,3,3,0,8,3,76,0,0,0,0,0,0,0,0,1,0,0,0,1,0,0,1,0
29,NEAMŢ,"GRĂDINIŢA CU PROGRAM NORMAL LUŢCA",405,SAGNA,124153,1,PROV,PRCNCT,CD,CD_SV,"2021-01-21 12:30:02",400,386,14,0,108,94,14,0,500,392,103,4,1,3,33,5,0,10,22,4,2,1,0,0,1,17,0,0,0,0,0,0,0,0,0,1,0,0,0,1,3,0,0
29,NEAMŢ,"ŞCOALA PRIMARĂ VULPĂŞEŞTI",406,SAGNA,124153,1,PROV,PRCNCT,CD,CD_SV,"2021-01-21 12:30:02",695,678,17,0,164,147,17,0,800,636,156,7,1,4,53,8,0,13,33,1,0,1,0,2,1,38,1,0,0,0,0,0,0,0,0,0,0,0,0,0,0,0,1
29,NEAMŢ,"ŞCOALA GIMNAZIALĂ TRAIAN-SĂBĂOANI",407,SĂBĂOANI,124206,1,PROV,PRCNCT,CD,CD_SV,"2021-01-21 12:30:02",1035,1014,21,0,267,246,21,0,1100,833,260,4,3,8,70,8,1,68,49,4,2,0,0,6,1,37,1,1,1,0,0,0,0,0,1,0,0,0,1,0,0,1,0
29,NEAMŢ,"LICEUL TEORETIC ”VASILE ALECSANDRI” COMUNA SĂBĂOANI",408,SĂBĂOANI,124206,1,PROV,PRCNCT,CD,CD_SV,"2021-01-21 12:30:02",1092,1082,5,5,225,215,5,5,1200,975,220,4,1,25,39,3,2,77,30,6,2,0,0,2,0,26,1,0,0,0,0,0,0,2,1,1,0,0,2,0,1,0,0
29,NEAMŢ,"LICEUL TEORETIC ”VASILE ALECSANDRI” COMUNA SĂBĂOANI",409,SĂBĂOANI,124206,1,PROV,PRCNCT,CD,CD_SV,"2021-01-21 12:30:02",1875,1866,9,0,421,412,9,0,2100,1679,410,7,4,26,62,15,1,152,60,5,6,0,0,4,5,66,0,1,2,1,0,0,0,1,1,0,0,0,0,0,0,1,1
29,NEAMŢ,"LICEUL TEORETIC ”VASILE ALECSANDRI” COMUNA SĂBĂOANI",410,SĂBĂOANI,124206,1,PROV,PRCNCT,CD,CD_SV,"2021-01-21 12:30:02",1103,1102,1,0,213,212,1,0,1200,987,206,6,1,20,37,4,2,78,31,2,0,0,3,1,1,20,0,2,2,1,0,0,0,0,0,1,0,0,1,0,0,0,0
29,NEAMŢ,"LICEUL TEORETIC ”VASILE ALECSANDRI” COMUNA SĂBĂOANI",411,SĂBĂOANI,124206,1,PROV,PRCNCT,CD,CD_SV,"2021-01-21 12:30:02",1045,1033,12,0,216,204,12,0,1100,884,208,6,2,11,43,10,4,59,40,3,4,0,0,1,1,23,4,0,1,0,0,0,0,0,0,0,1,0,1,0,0,1,1
29,NEAMŢ,"LICEUL TEORETIC ”VASILE ALECSANDRI” COMUNA SĂBĂOANI",412,SĂBĂOANI,124206,2,PART,PRCNCT,CD,CD_SV,"2021-01-21 12:30:02",880,877,3,0,207,204,3,0,1000,793,203,3,1,5,39,5,3,80,29,5,2,1,0,3,1,27,1,0,0,0,0,0,0,1,0,1,0,0,0,0,0,0,0
29,NEAMŢ,"LICEUL TEORETIC ”VASILE ALECSANDRI” COMUNA SĂBĂOANI",413,SĂBĂOANI,124206,1,PROV,PRCNCT,CD,CD_SV,"2021-01-21 12:30:02",1449,1432,16,1,240,223,16,1,1600,1360,233,6,1,23,43,1,0,77,37,4,2,0,1,3,1,37,0,0,0,0,0,0,0,0,0,0,0,0,2,0,1,1,0
29,NEAMŢ,"LICEUL TEORETIC ”VASILE ALECSANDRI” COMUNA SĂBĂOANI",414,SĂBĂOANI,124206,1,PROV,PRCNCT,CD,CD_SV,"2021-01-21 12:30:02",1109,1099,10,0,201,191,10,0,1200,999,194,6,1,17,20,2,1,78,40,3,2,0,1,3,1,20,0,1,1,0,0,0,0,0,1,2,0,0,0,0,0,0,1
29,NEAMŢ,"SCOALA GIMNAZIALA I.GERVESCU SAVINESTI",415,SĂVINEŞTI,120824,1,PROV,PRCNCT,CD,CD_SV,"2021-01-21 12:30:02",1730,1716,14,0,263,249,14,0,1900,1637,243,20,0,12,72,8,1,27,40,6,2,2,1,3,2,56,1,0,1,1,0,0,1,0,1,0,0,1,1,0,0,2,2
29,NEAMŢ,"SCOALA PRIMARA DUMBRAVA DEAL",416,SĂVINEŞTI,120824,1,PROV,PRCNCT,CD,CD_SV,"2021-01-21 12:30:02",370,357,13,0,112,99,13,0,400,288,105,7,0,6,42,2,0,14,24,3,1,0,0,1,0,7,1,0,0,0,0,0,0,0,0,0,0,1,0,2,0,1,0
29,NEAMŢ,"GRADINITA CU PROGRAM NORMAL SAVINESTI",417,SĂVINEŞTI,120824,1,PROV,PRCNCT,CD,CD_SV,"2021-01-21 12:30:02",690,678,12,0,203,191,12,0,800,597,199,4,0,5,60,8,0,23,56,4,3,2,1,2,1,29,1,0,0,0,0,0,1,0,2,0,0,0,0,1,0,0,0
29,NEAMŢ,"GRADINIŢA CU PROGRAM PRELUNGIT SAVINESTI",418,SĂVINEŞTI,120824,1,PROV,PRCNCT,CD,CD_SV,"2021-01-21 12:30:02",564,551,13,0,165,152,13,0,600,435,159,5,1,10,49,10,1,26,39,3,2,0,0,1,0,16,0,1,0,0,0,0,0,0,0,0,0,0,0,0,0,0,1
29,NEAMŢ,"ŞCOALA GIMNAZIALA SĂVINESTI",419,SĂVINEŞTI,120824,1,PROV,PRCNCT,CD,CD_SV,"2021-01-21 12:30:02",1466,1449,17,0,429,412,17,0,1600,1171,411,7,11,12,153,25,0,35,81,7,2,6,1,5,1,67,1,0,1,1,2,0,1,0,1,1,1,2,0,0,2,3,0
29,NEAMŢ,"SCOALA PRIMARA SAVINESTI",420,SĂVINEŞTI,120824,1,PROV,PRCNCT,CD,CD_SV,"2021-01-21 12:30:02",1240,1229,11,0,376,365,11,0,1400,1024,361,11,4,16,142,13,1,29,80,6,4,4,0,6,5,39,0,0,0,0,0,0,0,0,1,1,4,9,1,0,0,0,0
29,NEAMŢ,"CĂMINUL CULTURAL",421,SECUIENI,124233,1,PROV,PRCNCT,CD,CD_SV,"2021-01-21 12:30:02",775,764,11,0,183,172,11,0,800,617,172,9,2,5,52,8,0,15,50,2,2,1,0,2,1,32,0,0,0,0,0,0,0,0,0,1,0,1,0,0,0,0,0
29,NEAMŢ,"ȘCOALA BAȘTA",422,SECUIENI,124233,1,PROV,PRCNCT,CD,CD_SV,"2021-01-21 12:30:02",543,526,17,0,171,154,17,0,600,429,166,3,2,5,57,14,0,23,41,2,0,0,0,3,1,17,0,0,0,0,0,0,0,0,1,0,1,0,0,0,0,1,0
29,NEAMŢ,"CĂMINUL CULTURAL",423,SECUIENI,124233,1,PROV,PRCNCT,CD,CD_SV,"2021-01-21 12:30:02",913,897,16,0,193,177,16,0,1000,807,183,9,1,2,59,1,0,5,59,0,0,2,1,6,3,38,1,0,1,0,0,0,0,0,0,0,0,1,0,1,1,0,2
29,NEAMŢ,CLĂDIRE,424,SECUIENI,124233,1,PROV,PRCNCT,CD,CD_SV,"2021-01-21 12:30:02",211,199,12,0,39,27,12,0,300,261,37,2,0,1,10,1,0,1,8,1,1,0,0,1,0,10,1,0,0,0,0,0,0,0,1,0,0,0,0,0,0,0,1
29,NEAMŢ,"ȘCOALA SECUIENII NOI",425,SECUIENI,124233,1,PROV,PRCNCT,CD,CD_SV,"2021-01-21 12:30:02",237,217,20,0,75,55,20,0,300,225,73,1,1,0,17,1,0,7,19,0,0,1,0,0,1,24,1,0,1,0,0,0,0,0,0,0,0,0,0,1,0,0,0
29,NEAMŢ,"SCOALA GIMNAZIALA COMUNA STANITA",426,STĂNIŢA,124331,1,PROV,PRCNCT,CD,CD_SV,"2021-01-21 12:30:02",404,390,14,0,100,86,14,0,498,398,94,3,3,2,36,2,0,5,23,1,0,0,0,1,1,14,2,0,0,0,0,0,0,1,2,0,1,0,0,0,2,1,0
29,NEAMŢ,"SCOALA PRIMARA NR. 5 CHICEREA",427,STĂNIŢA,124331,1,PROV,PRCNCT,CD,CD_SV,"2021-01-21 12:30:02",228,216,12,0,56,44,12,0,298,242,55,1,0,0,20,4,0,4,10,1,1,0,0,2,0,9,0,0,0,0,0,0,0,0,0,0,0,0,1,0,0,2,1
29,NEAMŢ,"SCOALA PRIMARA NR.2 GHIDION",428,STĂNIŢA,124331,1,PROV,PRCNCT,CD,CD_SV,"2021-01-21 12:30:02",312,298,14,0,68,54,14,0,400,332,61,4,3,1,33,0,0,2,11,0,0,0,0,0,1,13,0,0,0,0,0,0,0,0,0,0,0,0,0,0,0,0,0
29,NEAMŢ,"SCOALA PRIMARA NR.4 POIENILE OANCEI",429,STĂNIŢA,124331,1,PROV,PRCNCT,CD,CD_SV,"2021-01-21 12:30:02",201,188,13,0,60,47,13,0,198,138,57,2,1,0,22,5,0,5,12,1,0,1,0,1,0,8,2,0,0,0,0,0,0,0,0,0,0,0,0,0,0,0,0
29,NEAMŢ,"SCOALA PRIMARA NR.1 TODIRENI",430,STĂNIŢA,124331,1,PROV,PRCNCT,CD,CD_SV,"2021-01-21 12:30:02",248,233,15,0,80,65,15,0,299,219,75,1,4,1,50,1,0,2,5,2,1,0,0,2,0,6,0,0,0,0,0,0,0,0,1,0,1,0,0,1,0,2,0
29,NEAMŢ,"SCOALA PRIMARA NR.3 VEJA",431,STĂNIŢA,124331,1,PROV,PRCNCT,CD,CD_SV,"2021-01-21 12:30:02",259,252,7,0,76,69,7,0,298,222,73,2,1,2,38,1,0,1,15,1,1,0,0,2,0,11,0,0,0,1,0,0,0,0,0,0,0,0,0,0,0,0,0
29,NEAMŢ,ŞCOALA,432,"ŞTEFAN CEL MARE",124411,1,PROV,PRCNCT,CD,CD_SV,"2021-01-21 12:30:02",299,275,24,0,114,90,24,0,300,186,104,10,0,6,30,2,0,1,37,3,1,0,0,2,2,19,0,0,0,0,0,0,0,0,0,0,0,0,0,1,0,0,0
29,NEAMŢ,"SCOALA PRIMARA",433,"ŞTEFAN CEL MARE",124411,1,PROV,PRCNCT,CD,CD_SV,"2021-01-21 12:30:02",511,464,47,0,183,136,47,0,500,317,180,3,0,4,80,5,0,2,57,4,1,2,3,5,1,14,1,0,0,0,0,0,1,0,0,0,0,0,0,0,0,0,0
29,NEAMŢ,"GRĂDINIŢA CU PROGRAM NORMAL",434,"ŞTEFAN CEL MARE",124411,1,PROV,PRCNCT,CD,CD_SV,"2021-01-21 12:30:02",448,419,29,0,136,107,29,0,400,264,129,6,1,8,38,6,0,5,33,1,3,2,0,3,3,21,0,0,1,0,0,0,1,0,0,0,0,0,1,0,0,2,1
29,NEAMŢ,"SCOALA GIMNAZIALA DR. EMANUIEL RIGLER",435,"ŞTEFAN CEL MARE",124411,1,PROV,PRCNCT,CD,CD_SV,"2021-01-21 12:30:02",698,678,20,0,199,179,20,0,700,501,194,3,2,14,37,2,1,16,64,2,2,0,0,2,0,43,2,0,1,0,2,1,0,0,0,0,0,0,0,0,1,3,1
29,NEAMŢ,"SCOALA GIMNAZIALA DR. EMANUIEL RIGLER",436,"ŞTEFAN CEL MARE",124411,1,PROV,PRCNCT,CD,CD_SV,"2021-01-21 12:30:02",736,703,33,0,245,212,33,0,800,555,232,8,5,18,76,7,0,18,60,2,0,0,0,2,1,43,1,0,0,0,1,1,0,0,0,0,0,1,0,1,0,0,0
29,NEAMŢ,"ŞCOLA GIMNAZIALĂ ”IULIA HĂLĂUCESCU”, COMUNA TARCĂU, JUDEŢUL NEAMŢ",437,TARCĂU,124493,1,PROV,PRCNCT,CD,CD_SV,"2021-01-21 12:30:02",799,785,14,0,226,212,14,0,900,674,220,6,0,5,79,13,0,33,49,2,0,1,2,3,0,27,1,0,0,0,0,0,0,0,0,0,0,1,0,1,0,1,2
29,NEAMŢ,"ŞCOLA GIMNAZIALĂ ”IULIA HĂLĂUCESCU”, COMUNA TARCĂU, JUDEŢUL NEAMŢ",438,TARCĂU,124493,1,PROV,PRCNCT,CD,CD_SV,"2021-01-21 12:30:02",839,819,20,0,228,208,20,0,900,672,220,5,3,5,74,14,1,15,60,5,2,1,0,0,1,35,2,0,0,0,0,0,0,0,0,0,0,0,1,0,0,2,2
29,NEAMŢ,GRĂDINIŢA,439,TARCĂU,124493,1,PROV,PRCNCT,CD,CD_SV,"2021-01-21 12:30:02",538,523,15,0,157,142,15,0,600,443,152,3,2,8,27,2,0,18,54,3,3,0,0,0,1,33,1,0,0,0,0,0,0,0,0,0,1,0,0,0,0,0,1
29,NEAMŢ,GRĂDINIŢA,440,TARCĂU,124493,1,PROV,PRCNCT,CD,CD_SV,"2021-01-21 12:30:02",450,427,23,0,152,129,23,0,500,348,145,6,1,6,50,22,0,10,22,2,1,0,0,0,3,24,0,0,1,0,1,0,0,0,0,0,1,0,0,0,0,1,1
29,NEAMŢ,GRĂDINIŢA,441,TARCĂU,124493,1,PROV,PRCNCT,CD,CD_SV,"2021-01-21 12:30:02",314,291,23,0,106,83,23,0,400,294,103,2,1,1,23,6,0,13,36,0,1,2,0,0,0,20,0,0,0,0,0,0,0,0,0,0,0,1,0,0,0,0,0
29,NEAMŢ,"CAMIN CULTURAL",442,TAŞCA,124563,1,PROV,PRCNCT,CD,CD_SV,"2021-01-21 12:30:02",1415,1385,30,0,521,491,30,0,1500,979,495,18,8,9,187,25,0,31,72,15,10,4,0,3,3,132,0,0,1,0,0,0,0,0,0,0,0,0,0,0,0,1,2
29,NEAMŢ,"SCOALA NEAGRA",443,TAŞCA,124563,1,PROV,PRCNCT,CD,CD_SV,"2021-01-21 12:30:02",806,786,20,0,257,237,20,0,900,643,251,3,3,6,105,24,0,21,32,4,4,0,1,2,2,50,0,0,0,0,0,0,0,0,0,0,0,0,0,0,0,0,0
29,NEAMŢ,"SCOALA GIMNAZIALA ”I.I. MIRONESCU”",444,TAZLĂU,124616,1,PROV,PRCNCT,CD,CD_SV,"2021-01-21 12:30:02",1059,1045,14,0,235,221,14,0,1200,965,231,3,1,9,84,5,1,52,31,1,4,1,0,5,3,33,0,0,0,0,0,0,0,0,0,0,0,0,0,1,0,0,1
29,NEAMŢ,"CAMINUL CULTURAL",445,TAZLĂU,124616,1,PROV,PRCNCT,CD,CD_SV,"2021-01-21 12:30:02",1210,1201,9,0,301,292,9,0,1300,999,291,7,3,9,83,12,1,89,42,3,4,0,0,8,1,32,3,0,0,0,0,1,0,0,1,0,0,0,0,0,0,2,0
29,NEAMŢ,"LICEUL TEHNOLOGIC ADJUDENI",446,TĂMĂŞENI,124634,1,PROV,PRCNCT,CD,CD_SV,"2021-01-21 12:30:02",1629,1617,12,0,377,365,12,0,1800,1423,361,10,6,4,42,4,1,102,128,1,3,0,0,6,1,59,1,0,2,0,0,0,0,0,1,0,0,1,1,0,2,2,0
29,NEAMŢ,GRADINITA,447,TĂMĂŞENI,124634,1,PROV,PRCNCT,CD,CD_SV,"2021-01-21 12:30:02",1326,1312,14,0,346,332,14,0,1400,1054,336,6,4,4,48,8,2,108,96,6,4,2,1,4,5,43,1,0,0,0,0,1,0,0,0,0,0,0,0,1,1,0,1
29,NEAMŢ,GRADINITA,448,TĂMĂŞENI,124634,1,PROV,PRCNCT,CD,CD_SV,"2021-01-21 12:30:02",1049,1039,10,0,244,234,10,0,1100,856,236,6,2,4,16,3,1,75,75,1,2,3,0,1,1,51,1,0,0,0,0,0,0,0,1,0,0,0,1,0,0,0,0
29,NEAMŢ,"SCOALA GIMNAZIALA COMUNA TAMASENI",449,TĂMĂŞENI,124634,1,PROV,PRCNCT,CD,CD_SV,"2021-01-21 12:30:02",1429,1405,24,0,377,353,24,0,1500,1123,364,7,6,1,44,8,0,153,83,6,1,0,1,6,1,55,1,0,0,1,0,0,0,0,0,0,0,1,0,0,2,0,0
29,NEAMŢ,"CAMINUL CULTURAL",450,TĂMĂŞENI,124634,1,PROV,PRCNCT,CD,CD_SV,"2021-01-21 12:30:02",1041,1025,13,3,273,257,13,3,1100,827,260,11,2,0,48,8,0,101,64,3,1,0,0,3,2,26,0,0,0,0,1,0,0,0,0,1,0,0,1,0,0,1,0
29,NEAMŢ,"CENTRUL MEDICAL ADJUDENI",451,TĂMĂŞENI,124634,1,PROV,PRCNCT,CD,CD_SV,"2021-01-21 12:30:02",1442,1435,7,0,366,359,7,0,1600,1234,355,8,3,2,23,5,1,127,131,0,2,1,1,3,4,49,1,0,0,0,0,1,0,0,1,0,0,0,0,2,0,1,0
29,NEAMŢ,"ŞCOALA GIMNAZIALĂ",452,TIMIŞEŞTI,124661,1,PROV,PRCNCT,CD,CD_SV,"2021-01-21 12:30:02",1078,1037,41,0,325,284,41,0,1100,775,312,10,3,3,99,12,0,30,110,2,1,0,0,5,2,42,0,0,1,0,0,0,1,0,0,0,0,1,0,1,0,2,0
29,NEAMŢ,"ŞCOALA GIMNAZIALĂ",453,TIMIŞEŞTI,124661,1,PROV,PRCNCT,CD,CD_SV,"2021-01-21 12:30:02",1067,1030,37,0,339,302,37,0,1100,761,331,7,1,5,90,8,0,53,101,2,4,1,0,6,2,56,0,0,0,0,0,0,0,1,1,0,0,0,0,0,0,1,0
29,NEAMŢ,"ŞCOALA PRIMARĂ",454,TIMIŞEŞTI,124661,1,PROV,PRCNCT,CD,CD_SV,"2021-01-21 12:30:02",668,656,12,0,204,192,12,0,700,496,194,4,6,5,65,5,0,21,61,4,3,0,0,7,1,21,1,0,0,0,0,0,0,0,0,0,0,0,0,0,0,0,0
29,NEAMŢ,"ŞCOALA PRIMARĂ",455,TIMIŞEŞTI,124661,1,PROV,PRCNCT,CD,CD_SV,"2021-01-21 12:30:02",457,440,17,0,169,152,17,0,502,333,162,5,2,1,48,8,0,8,43,1,2,0,0,3,0,44,0,0,0,0,0,0,0,0,0,0,0,1,1,1,1,0,0
29,NEAMŢ,"CASA DE PRĂZNUIRE A PAROHIEI ZVORĂNEŞTI",456,TIMIŞEŞTI,124661,1,PROV,PRCNCT,CD,CD_SV,"2021-01-21 12:30:02",166,137,29,0,80,51,29,0,203,123,74,4,2,1,24,2,0,2,21,1,1,0,0,0,0,21,0,0,0,0,0,0,0,0,0,0,0,0,0,0,0,1,0
29,NEAMŢ,"ȘCOALA CU CLASELE I - VIII",457,TRIFEŞTI,124723,1,PROV,PRCNCT,CD,CD_SV,"2021-01-21 12:30:02",1887,1841,46,0,502,456,46,0,2000,1498,488,9,5,11,162,9,1,69,137,4,3,1,0,5,5,73,3,1,0,1,0,1,0,0,0,0,1,0,1,0,0,0,0
29,NEAMŢ,"ȘCOALA CU CLASELE I - VIII",458,TRIFEŞTI,124723,1,PROV,PRCNCT,CD,CD_SV,"2021-01-21 12:30:02",869,846,23,0,208,185,23,0,900,692,202,5,1,3,74,7,1,12,65,0,4,2,0,3,1,27,1,0,0,0,0,0,0,0,0,0,1,0,0,0,0,1,0
29,NEAMŢ,"ȘCOALA CU CLASELE I - IV",459,TRIFEŞTI,124723,1,PROV,PRCNCT,CD,CD_SV,"2021-01-21 12:30:02",788,747,37,4,266,225,37,4,800,534,252,10,4,1,68,3,0,33,85,5,1,0,1,5,1,45,1,1,0,0,0,0,0,0,0,1,0,0,0,0,0,0,1
29,NEAMŢ,"ȘCOALA CU CLASELE I-IV",460,TRIFEŞTI,124723,1,PROV,PRCNCT,CD,CD_SV,"2021-01-21 12:30:02",714,691,23,0,129,106,23,0,800,671,124,5,0,0,39,1,0,6,51,2,1,0,0,3,2,17,0,0,0,0,0,0,0,0,0,1,0,0,0,0,0,0,1
29,NEAMŢ,"SCOALA CU CLASELE I-VIII",461,TUPILAŢI,124750,1,PROV,PRCNCT,CD,CD_SV,"2021-01-21 12:30:02",961,918,38,5,357,314,38,5,1000,643,339,9,9,12,154,18,1,16,79,2,10,4,2,8,2,25,1,1,0,0,0,0,0,0,0,1,1,0,0,0,2,0,0
29,NEAMŢ,"SCOALA CU CLASELE I-VIII",462,TUPILAŢI,124750,1,PROV,PRCNCT,CD,CD_SV,"2021-01-21 12:30:02",299,264,35,0,102,67,35,0,297,195,99,1,2,2,35,18,0,5,22,1,2,0,0,0,1,12,0,0,0,0,0,0,0,0,0,0,0,0,0,0,0,0,1
29,NEAMŢ,"PRIMARIA TUPILAŢI",463,TUPILAŢI,124750,1,PROV,PRCNCT,CD,CD_SV,"2021-01-21 12:30:02",592,582,10,0,227,217,10,0,699,472,203,11,13,9,105,5,2,14,21,3,4,0,0,2,0,30,1,0,0,0,1,0,0,0,0,0,0,0,0,0,1,2,3
29,NEAMŢ,"FOSTA ȘCOALA PRIMARĂ (SALA DE FESTIVITĂȚI)",464,ŢIBUCANI,124803,1,PROV,PRCNCT,CD,CD_SV,"2021-01-21 12:30:02",340,312,28,0,135,107,28,0,399,264,131,3,1,6,40,12,0,7,27,3,0,0,0,3,0,25,1,0,0,0,0,0,0,1,2,0,0,1,1,0,0,2,0
29,NEAMŢ,"ȘCOALA GIMNAZIALĂ DAVIDENI",465,ŢIBUCANI,124803,1,PROV,PRCNCT,CD,CD_SV,"2021-01-21 12:30:02",807,779,27,1,244,216,27,1,900,656,225,10,9,8,96,18,1,9,41,2,6,0,2,6,0,32,0,0,0,0,0,2,1,0,0,0,0,0,0,1,0,0,0
29,NEAMŢ,"ȘCOALA GIMNAZIALĂ NR.1 ȚIBUCANI",466,ŢIBUCANI,124803,2,PART,PRCNCT,CD,CD_SV,"2021-01-21 12:30:02",1332,1289,43,0,497,454,43,0,1400,903,480,10,7,10,245,29,1,16,81,9,6,1,0,13,2,50,2,2,0,0,1,0,0,0,0,0,0,2,5,1,0,3,1
29,NEAMŢ,"ŞCOALA GIMNAZIALĂ NR.3 ȚIBUCANI",467,ŢIBUCANI,124803,1,PROV,PRCNCT,CD,CD_SV,"2021-01-21 12:30:02",850,817,33,0,347,314,33,0,900,553,335,1,11,3,208,7,2,20,26,3,5,0,0,16,1,36,0,0,0,1,1,1,1,0,1,0,0,0,0,0,2,1,0
29,NEAMŢ,"SCOALA GIMNAZIALA URECHENI",468,URECHENI,124849,1,PROV,PRCNCT,CD,CD_SV,"2021-01-21 12:30:02",587,579,7,1,187,179,7,1,700,513,184,3,0,4,116,4,0,3,14,1,2,0,8,5,0,24,0,1,0,0,0,0,0,0,1,0,0,0,0,0,0,1,0
29,NEAMŢ,"SCOALA GIMNAZIALA URECHENI",469,URECHENI,124849,1,PROV,PRCNCT,CD,CD_SV,"2021-01-21 12:30:02",888,883,5,0,242,237,5,0,1000,758,234,6,2,5,102,15,0,9,36,0,10,1,11,5,4,29,1,0,2,0,1,0,0,0,0,0,0,1,0,0,0,0,2
29,NEAMŢ,"SCOALA GIMNAZIALA FUNDATURA",470,URECHENI,124849,1,PROV,PRCNCT,CD,CD_SV,"2021-01-21 12:30:02",578,560,18,0,153,135,18,0,600,447,145,2,6,3,76,8,0,0,16,0,14,0,2,8,0,16,0,0,0,0,0,0,0,0,1,0,0,0,0,0,0,1,0
29,NEAMŢ,"GRADINITA CU PROGRAM NORMAL CATUNA",471,URECHENI,124849,1,PROV,PRCNCT,CD,CD_SV,"2021-01-21 12:30:02",518,505,12,1,136,123,12,1,600,464,124,7,5,4,59,9,0,5,9,1,1,0,2,5,1,23,1,0,0,0,0,0,0,0,0,0,0,0,2,0,0,2,0
29,NEAMŢ,"SCOALA GIMNAZIALA INGARESTI",472,URECHENI,124849,1,PROV,PRCNCT,CD,CD_SV,"2021-01-21 12:30:02",740,724,16,0,237,221,16,0,800,563,232,3,2,23,76,20,0,15,24,1,3,2,0,6,1,55,1,0,0,0,0,0,0,0,1,0,0,1,1,0,0,2,0
29,NEAMŢ,"CAMIN CULTURAL VALEA URSULUI",473,"VALEA URSULUI",124885,1,PROV,PRCNCT,CD,CD_SV,"2021-01-21 12:30:02",745,735,10,0,167,157,10,0,800,633,162,3,2,1,83,4,0,5,28,6,2,1,0,2,2,21,0,2,0,0,0,0,0,0,0,0,0,0,2,0,1,2,0
29,NEAMŢ,"SCOALA BUCIUM , COMUNA VALEA URSULUI",474,"VALEA URSULUI",124885,1,PROV,PRCNCT,CD,CD_SV,"2021-01-21 12:30:02",588,576,12,0,144,132,12,0,700,556,127,11,6,1,72,1,1,1,12,0,1,1,0,9,0,19,0,1,1,1,0,1,0,0,0,0,0,0,2,0,1,1,1
29,NEAMŢ,"SCOALA CHILII , COMUNA VALEA URSULUI",475,"VALEA URSULUI",124885,1,PROV,PRCNCT,CD,CD_SV,"2021-01-21 12:30:02",942,930,12,0,232,220,12,0,1000,768,214,15,3,2,121,1,0,19,23,2,1,0,0,10,3,24,1,0,0,0,1,1,1,0,0,2,0,0,1,0,0,0,1
29,NEAMŢ,"SCOALA GIURGENI , COMUNA VALEA URSULUI",476,"VALEA URSULUI",124885,1,PROV,PRCNCT,CD,CD_SV,"2021-01-21 12:30:02",516,499,17,0,134,117,17,0,600,466,123,5,6,3,58,1,0,1,23,4,2,1,0,2,2,22,0,0,0,1,0,0,0,0,0,1,0,0,1,0,0,1,0
29,NEAMŢ,"SCOALA MUNCEL , COMUNA VALEA URSULUI",477,"VALEA URSULUI",124885,1,PROV,PRCNCT,CD,CD_SV,"2021-01-21 12:30:02",326,320,6,0,95,89,6,0,400,305,92,2,1,0,65,2,0,2,11,2,1,0,0,2,1,3,0,0,0,0,0,0,0,0,1,0,0,0,0,0,0,1,1
29,NEAMŢ,"ŞCOALA GIMNAZIALA COMUNA VALENI",478,VĂLENI,125123,1,PROV,PRCNCT,CD,CD_SV,"2021-01-21 12:30:02",607,583,24,0,258,234,24,0,700,442,231,11,16,1,171,4,2,6,18,6,2,2,0,1,4,8,1,1,1,0,0,0,1,0,0,0,0,0,0,0,1,1,0
29,NEAMŢ,"ȘCOALA CU CLASELE I-VIII, SAT VĂLENI, COM. VĂLENI",479,VĂLENI,125123,1,PROV,PRCNCT,CD,CD_SV,"2021-01-21 12:30:02",553,535,18,0,181,163,18,0,600,419,174,5,2,2,98,4,2,10,27,3,3,0,0,4,1,14,2,0,0,0,0,0,0,0,1,0,0,0,1,0,0,2,0
29,NEAMŢ,"SCOALA GIMNAZIALA ”ARHIM. CHIRIAC NICOLAU”",480,VÂNĂTORI-NEAMŢ,125016,1,PROV,PRCNCT,CD,CD_SV,"2021-01-21 12:30:02",1369,1356,13,0,343,330,13,0,1500,1157,333,8,2,10,140,5,1,37,70,6,3,1,0,6,2,42,3,1,0,0,0,0,1,0,1,0,0,0,1,0,0,2,1
29,NEAMŢ,"GRADINITA NR.2 UNGURENI",481,VÂNĂTORI-NEAMŢ,125016,1,PROV,PRCNCT,CD,CD_SV,"2021-01-21 12:30:02",1480,1476,4,0,371,367,4,0,1600,1229,345,17,9,5,171,9,0,16,59,12,2,0,0,6,3,48,2,0,0,0,0,0,3,1,1,1,0,0,0,0,2,0,4
29,NEAMŢ,"SCOALA GIMNAZIALA ”ARHIM. CHIRIAC NICOLAU” NR.2",482,VÂNĂTORI-NEAMŢ,125016,1,PROV,PRCNCT,CD,CD_SV,"2021-01-21 12:30:02",1369,1360,9,0,291,282,9,0,1500,1209,280,8,3,8,106,7,0,24,63,4,7,1,0,7,5,39,2,0,0,0,0,0,1,2,1,0,1,0,0,1,0,1,0
29,NEAMŢ,"SCOALA GIMNAZIALA ”ARHIM. CHIRIAC NICOLAU”",483,VÂNĂTORI-NEAMŢ,125016,1,PROV,PRCNCT,CD,CD_SV,"2021-01-21 12:30:02",1025,1015,10,0,257,247,10,0,1100,843,241,12,4,7,112,8,1,15,40,3,2,2,0,8,0,37,0,0,0,0,1,1,0,0,0,1,0,0,1,0,0,0,2
29,NEAMŢ,"SCOALA GIMNAZIALA”ARHIM.CHIRIAC NECULAU” NEMTISOR",484,VÂNĂTORI-NEAMŢ,125016,1,PROV,PRCNCT,CD,CD_SV,"2021-01-21 12:30:02",1319,1296,23,0,345,322,23,0,1400,1055,323,12,10,11,118,21,0,21,61,4,1,4,2,6,1,64,1,0,0,0,0,1,0,0,0,0,0,2,2,0,0,3,0
29,NEAMŢ,"MĂNĂSTIREA NEAMȚ",485,VÂNĂTORI-NEAMŢ,125016,1,PROV,PRCNCT,CD,CD_SV,"2021-01-21 12:30:02",223,205,18,0,97,79,18,0,299,202,88,8,1,2,38,3,0,2,19,15,2,0,0,1,0,6,0,0,0,0,0,0,0,0,0,0,0,0,0,0,0,0,0
29,NEAMŢ,"MANASTIREA SIHASTRIA",486,VÂNĂTORI-NEAMŢ,125016,1,PROV,PRCNCT,CD,CD_SV,"2021-01-21 12:30:02",177,164,13,0,71,58,13,0,200,129,69,1,1,1,25,1,0,1,6,2,1,0,0,1,0,30,1,0,0,0,0,0,0,0,0,0,0,0,0,0,0,0,0
29,NEAMŢ,"GRĂDINIŢA CU PROGRAM NORMAL, LOC TRAIAN",487,ZĂNEŞTI,125061,1,PROV,PRCNCT,CD,CD_SV,"2021-01-21 12:30:02",902,882,20,0,232,212,20,0,1000,768,213,13,6,2,84,18,0,16,32,6,3,0,0,1,1,46,0,0,1,0,0,0,0,0,0,2,0,0,0,0,0,1,0
29,NEAMŢ,"ŞCOALA GIMNAZIALĂ NR. 2, LOC ZĂNEŞTI",488,ZĂNEŞTI,125061,1,PROV,PRCNCT,CD,CD_SV,"2021-01-21 12:30:02",1594,1569,25,0,393,368,25,0,1700,1307,371,20,2,15,122,39,2,46,56,8,5,4,0,2,5,61,1,1,1,0,0,0,0,0,0,0,0,0,0,0,1,2,0
29,NEAMŢ,"ŞCOALA GIMNAZIALĂ NR. 1, LOC ZĂNEŞTI",489,ZĂNEŞTI,125061,1,PROV,PRCNCT,CD,CD_SV,"2021-01-21 12:30:02",1465,1444,21,0,415,394,21,0,1600,1185,395,15,5,8,126,23,0,50,66,16,11,2,2,14,0,66,1,1,2,0,0,0,0,0,1,0,0,0,0,1,1,3,1
29,NEAMŢ,"CENTRU CULTURAL MULTIFUNCTIONAL",490,ZĂNEŞTI,125061,1,PROV,PRCNCT,CD,CD_SV,"2021-01-21 12:30:02",1120,1103,17,0,350,333,17,0,1200,850,341,6,3,9,109,28,1,41,56,4,3,1,1,6,3,62,0,0,4,0,0,0,0,1,1,0,0,2,1,3,0,1,4
